{"dokumentstatus":{"dokument":{"hangar_id":"5009937","dok_id":"H60318","rm":"2018/19","beteckning":"18","typ":"prop","subtyp":"prop","doktyp":"prop","typrubrik":"Proposition 2018/19:18","dokumentnamn":"Proposition","debattnamn":"Proposition","tempbeteckning":"","organ":"Försvarsdepartementet","mottagare":"FöU","nummer":"18","slutnummer":"0","datum":"2018-11-22 00:00:00","systemdatum":"2018-12-18 15:53:21","publicerad":"2018-11-22 00:00:00","titel":"Inrättande av försvarsgrensstaber","subtitel":"","status":"Klar","htmlformat":"html-ec","relaterat_id":"","source":"prop-RIM","sourceid":"21f6fefe-21e7-4c02-b40d-4787ff8be06e","dokument_url_text":"http://data.riksdagen.se/dokument/H60318/text","dokument_url_html":"http://data.riksdagen.se/dokument/H60318","dokumentstatus_url_xml":"http://data.riksdagen.se/dokumentstatus/H60318","html":"<div style=\"margin:3px;\">\r\n<STYLE type=\"text/css\">\r\n\r\nbody {margin-top: 0px;margin-left: 0px;}\r\n\r\n#page_1 {position:relative; overflow: hidden;z:b;margin:10px 0px 21px 10px ;padding: 0px;border: none;width: 766px;}\r\n\r\n#page_1 #p1dimg1 {position:absolute;top:0px;left:546px;z-index:-1;width:54px;height:97px;}\r\n#page_1 #p1dimg1 #p1img1 {width:54px;height:97px;}\r\n\r\n\r\n\r\n\r\n#page_2 {position:relative; overflow: hidden;z:b;margin:15px 0px 21px 10px ;padding: 0px;border: none;width: 676px;}\r\n\r\n\r\n\r\n\r\n\r\n#page_3 {position:relative; overflow: hidden;z:b;margin:15px 0px 21px 10px ;padding: 0px;border: none;width: 766px;}\r\n\r\n\r\n\r\n\r\n\r\n#page_4 {position:relative; overflow: hidden;z:b;margin:16px 0px 21px 10px ;padding: 0px;border: none;width: 676px;}\r\n\r\n#page_4 #p4dimg1 {position:absolute;top:382px;left:105px;z-index:-1;width:394px;height:69px;}\r\n#page_4 #p4dimg1 #p4img1 {width:394px;height:69px;}\r\n\r\n\r\n\r\n\r\n#page_5 {position:relative; overflow: hidden;z:b;margin:16px 0px 21px 10px ;padding: 0px;border: none;width: 586px;}\r\n\r\n\r\n\r\n\r\n\r\n#page_6 {position:relative; overflow: hidden;z:b;margin:16px 0px 21px 10px ;padding: 0px;border: none;width: 676px;}\r\n\r\n\r\n\r\n\r\n\r\n#page_7 {position:relative; overflow: hidden;z:b;margin:16px 0px 21px 10px ;padding: 0px;border: none;width: 766px;}\r\n\r\n#page_7 #p7dimg1 {position:absolute;top:235px;left:63px;z-index:-1;width:112px;height:1px;font-size: 1px !important;l-h:nHeight;}\r\n#page_7 #p7dimg1 #p7img1 {width:112px;height:1px;}\r\n\r\n\r\n\r\n\r\n.dclr {clear:both;float:none;height:1px;margin:0px;padding:0px;overflow:hidden;}\r\n\r\n.ft0{font:  18px 'Verdana' !important;l-h: 29px;}\r\n.ft1{font:  14px 'Verdana' !important;l-h: 22px;}\r\n.ft2{font:  10px 'Verdana' !important;l-h: 1px;}\r\n.ft3{font:  12px 'Verdana' !important;l-h: 15px;}\r\n.ft4{font: italic  12px 'Verdana' !important;l-h: 15px;}\r\n.ft5{font:  10px 'Verdana' !important;l-h: 7px;}\r\n.ft6{font:  10px 'Verdana' !important;l-h: 8px;}\r\n.ft7{font:  14px 'Verdana' !important;margin-left: 50px;l-h: 22px;}\r\n.ft8{font: bold  12px 'Verdana' !important;l-h: 15px;}\r\n.ft9{font:  12px 'Verdana' !important;l-h: 15px;}\r\n\r\n.p0{text-align: left;padding-left: 0px;padding-right: 420px;margin-top: 26px;margin-bottom: 0px !important;}\r\n.p1{text-align: left;padding-left: 0px;margin-top: 0px;margin-bottom: 0px !important;white-space: nowrap;}\r\n.p2{text-align: left;padding-left: 0px;margin-top: 0px;margin-bottom: 0px !important;white-space: nowrap;}\r\n.p3{text-align: left;margin-top: 0px;margin-bottom: 0px !important;white-space: nowrap;}\r\n.p4{text-align: left;padding-left: 0px;margin-top: 20px;margin-bottom: 0px !important;}\r\n.p5{text-align: left;padding-left: 0px;margin-top: 15px;margin-bottom: 0px !important;}\r\n.p6{text-align: left;padding-left: 0px;margin-top: 32px;margin-bottom: 0px !important;}\r\n.p7{text-align: left;padding-left: 180px;padding-right: 378px;margin-top: 20px;margin-bottom: 0px !important;}\r\n.p8{text-align: left;padding-left: 0px;margin-top: 52px;margin-bottom: 0px !important;}\r\n.p9{text-align: left;padding-left: 0px;padding-right: 168px;margin-top: 27px;margin-bottom: 0px !important;}\r\n.p10{text-align: right;padding-right: 42px;margin-top: 323px;margin-bottom: 0px !important;}\r\n.p11{text-align: left;padding-left: 0px;margin-top: 0px;margin-bottom: 0px !important;white-space: nowrap;}\r\n.p12{text-align: right;margin-top: 0px;margin-bottom: 0px !important;white-space: nowrap;}\r\n.p13{text-align: left;margin-top: 586px;margin-bottom: 0px !important;}\r\n.p14{text-align: right;padding-right: 21px;margin-top: 0px;margin-bottom: 0px !important;white-space: nowrap;}\r\n.p15{text-align: left;padding-left: 0px;margin-top: 0px;margin-bottom: 0px !important;white-space: nowrap;}\r\n.p16{text-align: left;padding-left: 0px;margin-top: 16px;margin-bottom: 0px !important;}\r\n.p17{text-align: left;padding-left: 0px;padding-right: 168px;margin-top: 0px;margin-bottom: 0px !important;text-indent: 11px;}\r\n.p18{text-align: right;padding-right: 42px;margin-top: 668px;margin-bottom: 0px !important;}\r\n.p19{text-align: left;margin-top: 0px;margin-bottom: 0px !important;}\r\n.p20{text-align: left;padding-left: 0px;margin-top: 2px;margin-bottom: 0px !important;}\r\n.p21{text-align: left;padding-left: 0px;padding-right: 63px;margin-top: 16px;margin-bottom: 0px !important;}\r\n.p22{text-align: left;padding-left: 0px;margin-top: 50px;margin-bottom: 0px !important;}\r\n.p23{text-align: left;padding-left: 0px;padding-right: 63px;margin-top: 1px;margin-bottom: 0px !important;text-indent: 11px;}\r\n.p24{text-align: left;padding-left: 0px;padding-right: 63px;margin-top: 20px;margin-bottom: 0px !important;}\r\n.p25{text-align: right;padding-right: 1px;margin-top: 0px;margin-bottom: 0px !important;white-space: nowrap;}\r\n.p26{text-align: left;padding-left: 0px;margin-top: 0px;margin-bottom: 0px !important;white-space: nowrap;}\r\n.p27{text-align: right;padding-right: 42px;margin-top: 0px;margin-bottom: 0px !important;white-space: nowrap;}\r\n.p28{text-align: left;padding-left: 0px;margin-top: 0px;margin-bottom: 0px !important;white-space: nowrap;}\r\n.p29{text-align: left;padding-left: 0px;margin-top: 0px;margin-bottom: 0px !important;white-space: nowrap;}\r\n.p30{text-align: left;padding-right: 6px;margin-top: 0px;margin-bottom: 0px !important;}\r\n.p31{text-align: left;padding-right: 105px;margin-top: 0px;margin-bottom: 0px !important;text-indent: 11px;}\r\n.p32{text-align: left;padding-right: 105px;margin-top: 3px;margin-bottom: 0px !important;text-indent: 11px;}\r\n.p33{text-align: left;padding-right: 105px;margin-top: 4px;margin-bottom: 0px !important;text-indent: 11px;}\r\n.p34{text-align: left;padding-right: 105px;margin-top: 2px;margin-bottom: 0px !important;text-indent: 11px;}\r\n.p35{text-align: left;padding-right: 105px;margin-top: 1px;margin-bottom: 0px !important;text-indent: 11px;}\r\n.p36{text-align: left;padding-left: 0px;padding-right: 63px;margin-top: 0px;margin-bottom: 0px !important;text-indent: 0.112px;}\r\n.p37{text-align: left;padding-left: 0px;padding-right: 63px;margin-top: 2px;margin-bottom: 0px !important;text-indent: 11px;}\r\n.p38{text-align: left;padding-left: 0px;margin-top: 16px;margin-bottom: 0px !important;}\r\n.p39{text-align: left;padding-left: 0px;padding-right: 63px;margin-top: 6px;margin-bottom: 0px !important;}\r\n.p40{text-align: left;padding-left: 0px;margin-top: 15px;margin-bottom: 0px !important;}\r\n.p41{text-align: left;padding-left: 0px;padding-right: 63px;margin-top: 1px;margin-bottom: 0px !important;text-indent: 11px;}\r\n.p42{text-align: left;margin-top: 467px;margin-bottom: 0px !important;}\r\n.p43{text-align: left;padding-left: 440px;margin-top: 0px;margin-bottom: 0px !important;}\r\n.p44{text-align: left;padding-left: 0px;margin-top: 33px;margin-bottom: 0px !important;}\r\n.p45{text-align: left;padding-left: 0px;margin-top: 14px;margin-bottom: 0px !important;}\r\n.p46{text-align: left;padding-left: 0px;padding-right: 168px;margin-top: 15px;margin-bottom: 0px !important;}\r\n.p47{text-align: left;padding-left: 0px;margin-top: 17px;margin-bottom: 0px !important;}\r\n.p48{text-align: left;padding-left: 0px;margin-top: 76px;margin-bottom: 0px !important;}\r\n.p49{text-align: right;padding-right: 42px;margin-top: 470px;margin-bottom: 0px !important;}\r\n\r\n.td0{padding: 0px;margin: 0px;width: 348px;vertical-align: bottom;}\r\n.td1{padding: 0px;margin: 0px;width: 178px;vertical-align: bottom;}\r\n.td2{border-bottom: #000000 1px solid;padding: 0px;margin: 0px;width: 348px;vertical-align: bottom;}\r\n.td3{border-bottom: #000000 1px solid;padding: 0px;margin: 0px;width: 178px;vertical-align: bottom;}\r\n.td4{padding: 0px;margin: 0px;width: 108px;vertical-align: bottom;}\r\n.td5{padding: 0px;margin: 0px;width: 415px;vertical-align: bottom;}\r\n.td6{padding: 0px;margin: 0px;width: 7px;vertical-align: bottom;}\r\n.td7{padding: 0px;margin: 0px;width: 17px;vertical-align: bottom;}\r\n.td8{padding: 0px;margin: 0px;width: 397px;vertical-align: bottom;}\r\n.td9{padding: 0px;margin: 0px;width: 36px;vertical-align: bottom;}\r\n.td10{padding: 0px;margin: 0px;width: 389px;vertical-align: bottom;}\r\n.td11{padding: 0px;margin: 0px;width: 97px;vertical-align: bottom;}\r\n.td12{padding: 0px;margin: 0px;width: 63px;vertical-align: bottom;}\r\n.td13{padding: 0px;margin: 0px;width: 469px;vertical-align: bottom;}\r\n.td14{padding: 0px;margin: 0px;width: 309px;vertical-align: bottom;}\r\n.td15{padding: 0px;margin: 0px;width: 43px;vertical-align: bottom;}\r\n.td16{padding: 0px;margin: 0px;width: 116px;vertical-align: bottom;}\r\n.td17{padding: 0px;margin: 0px;width: 223px;vertical-align: bottom;}\r\n.td18{padding: 0px;margin: 0px;width: 32px;vertical-align: bottom;}\r\n.td19{padding: 0px;margin: 0px;width: 53px;vertical-align: bottom;}\r\n.td20{padding: 0px;margin: 0px;width: 159px;vertical-align: bottom;}\r\n.td21{padding: 0px;margin: 0px;width: 168px;vertical-align: bottom;}\r\n.td22{padding: 0px;margin: 0px;width: 55px;vertical-align: bottom;}\r\n.td23{padding: 0px;margin: 0px;width: 431px;vertical-align: bottom;}\r\n.td24{padding: 0px;margin: 0px;width: 61px;vertical-align: bottom;}\r\n.td25{padding: 0px;margin: 0px;width: 468px;vertical-align: bottom;}\r\n\r\n.tr0{heightzzz: 27px;}\r\n.tr1{heightzzz: 23px;}\r\n.tr2{heightzzz: 20px;}\r\n.tr3{heightzzz: 7px;}\r\n.tr4{heightzzz: 34px;}\r\n.tr5{heightzzz: 22px;}\r\n.tr6{heightzzz: 15px;}\r\n.tr7{heightzzz: 26px;}\r\n.tr8{heightzzz: 18px;}\r\n.tr9{heightzzz: 8px;}\r\n.tr10{heightzzz: 16px;}\r\n.tr11{heightzzz: 29px;}\r\n.tr12{heightzzz: 21px;}\r\n.tr13{heightzzz: 17px;}\r\n\r\n.t0{width: 552px;margin-leftZ: 69px;margin-top: 11px;f:20px 'Verdana' !important;}\r\n.t1{width: 556px;f:13px 'Verdana' !important;}\r\n.t2{width: 548px;margin-leftZ: 68px;f:20px 'Verdana' !important;}\r\n.t3{width: 557px;margin-top: 9px;f:13px 'Verdana' !important;}\r\n.t4{width: 555px;margin-top: 45px;f:italic 13px 'Verdana' !important;}\r\n\r\n</STYLE>\r\n\r\n\r\n\r\n<DIV id=\"page_1\">\r\n<DIV id=\"p1dimg1\">\r\n<INGENBILD zsrc=\"H603181x1.jpg/\" id=\"p1img1\">\r\n</DIV>\r\n\r\n\r\n<DIV class=\"dclr\"></DIV>\r\n<P class=\"p0 ft0\">Regeringens proposition 2018/19:18</P>\r\n<TABLE cellpadding=0 cellspacing=0 class=\"t0\">\r\n<TR>\r\n\t<TD class=\"tr0 td0\"><SPAN class=\"p1 ft1\">Inrättande av försvarsgrensstaber</SPAN> </TD>\r\n\t<TD class=\"tr0 td1\"><SPAN class=\"p2 ft1\">Prop.</SPAN> </TD>\r\n</TR>\r\n<TR>\r\n\t<TD class=\"tr1 td2\"><SPAN class=\"p3 ft2\"> </SPAN> </TD>\r\n\t<TD class=\"tr1 td3\"><SPAN class=\"p2 ft1\">2018/19:18</SPAN> </TD>\r\n</TR>\r\n</TABLE>\r\n<P class=\"p4 ft3\">Regeringen överlämnar denna proposition till riksdagen.</P>\r\n<P class=\"p5 ft3\">Stockholm den 22 november 2018</P>\r\n<P class=\"p6 ft4\">Stefan Löfven</P>\r\n<P class=\"p7 ft4\">Peter Hultqvist <SPAN class=\"ft3\">(Försvarsdepartementet)</SPAN></P>\r\n<P class=\"p8 ft1\">Propositionens huvudsakliga innehåll</P>\r\n<P class=\"p9 ft3\">I propositionen föreslås att riksdagen bemyndigar regeringen att inrätta organisationsenheter i form av en arméstab, en marinstab och en flygstab i Försvarsmakten samt lokalisera dessa till Enköping, Haninge/Muskö respektive Uppsala.</P>\r\n<P class=\"p10 ft3\">1</P>\r\n</DIV>\r\n<DIV id=\"page_2\">\r\n\r\n\r\n<TABLE cellpadding=0 cellspacing=0 class=\"t1\">\r\n<TR>\r\n\t<TD class=\"tr2 td4\"><SPAN class=\"p3 ft3\">Prop. 2018/19:18</SPAN> </TD>\r\n\t<TD colspan=2 rowspan=2 class=\"tr0 td5\"><SPAN class=\"p11 ft1\">Innehållsförteckning</SPAN> </TD>\r\n\t<TD class=\"tr2 td6\"><SPAN class=\"p3 ft2\"> </SPAN> </TD>\r\n</TR>\r\n<TR>\r\n\t<TD class=\"tr3 td4\"><SPAN class=\"p3 ft5\"> </SPAN> </TD>\r\n\t<TD class=\"tr3 td6\"><SPAN class=\"p3 ft5\"> </SPAN> </TD>\r\n</TR>\r\n<TR>\r\n\t<TD class=\"tr4 td4\"><SPAN class=\"p3 ft2\"> </SPAN> </TD>\r\n\t<TD class=\"tr4 td7\"><SPAN class=\"p11 ft3\"><A href=\"#page_3\">1</A></SPAN> </TD>\r\n\t<TD class=\"tr4 td8\"><SPAN class=\"p12 ft3\"><A href=\"#page_3\">Förslag till riksdagsbeslut .................................................................</A></SPAN> </TD>\r\n\t<TD class=\"tr4 td6\"><SPAN class=\"p12 ft3\"><A href=\"#page_3\">3</A></SPAN> </TD>\r\n</TR>\r\n<TR>\r\n\t<TD class=\"tr5 td4\"><SPAN class=\"p3 ft2\"> </SPAN> </TD>\r\n\t<TD class=\"tr5 td7\"><SPAN class=\"p11 ft3\"><A href=\"#page_4\">2</A></SPAN> </TD>\r\n\t<TD class=\"tr5 td8\"><SPAN class=\"p12 ft3\"><A href=\"#page_4\">Ärendet och dess beredning ..............................................................</A></SPAN> </TD>\r\n\t<TD class=\"tr5 td6\"><SPAN class=\"p12 ft3\"><A href=\"#page_4\">4</A></SPAN> </TD>\r\n</TR>\r\n<TR>\r\n\t<TD class=\"tr5 td4\"><SPAN class=\"p3 ft2\"> </SPAN> </TD>\r\n\t<TD class=\"tr5 td7\"><SPAN class=\"p11 ft3\"><A href=\"#page_4\">3</A></SPAN> </TD>\r\n\t<TD class=\"tr5 td8\"><SPAN class=\"p12 ft3\"><A href=\"#page_4\">Bakgrund...........................................................................................</A></SPAN> </TD>\r\n\t<TD class=\"tr5 td6\"><SPAN class=\"p12 ft3\"><A href=\"#page_4\">4</A></SPAN> </TD>\r\n</TR>\r\n<TR>\r\n\t<TD class=\"tr5 td4\"><SPAN class=\"p3 ft2\"> </SPAN> </TD>\r\n\t<TD class=\"tr5 td7\"><SPAN class=\"p11 ft3\"><A href=\"#page_4\">4</A></SPAN> </TD>\r\n\t<TD class=\"tr5 td8\"><SPAN class=\"p12 ft3\"><A href=\"#page_4\">Inrättande av försvarsgrensstaber......................................................</A></SPAN> </TD>\r\n\t<TD class=\"tr5 td6\"><SPAN class=\"p12 ft3\"><A href=\"#page_4\">4</A></SPAN> </TD>\r\n</TR>\r\n<TR>\r\n\t<TD class=\"tr5 td4\"><SPAN class=\"p3 ft2\"> </SPAN> </TD>\r\n\t<TD class=\"tr5 td7\"><SPAN class=\"p11 ft3\"><A href=\"#page_5\">5</A></SPAN> </TD>\r\n\t<TD class=\"tr5 td8\"><SPAN class=\"p12 ft3\"><A href=\"#page_5\">Konsekvenser ....................................................................................</A></SPAN> </TD>\r\n\t<TD class=\"tr5 td6\"><SPAN class=\"p12 ft3\"><A href=\"#page_5\">5</A></SPAN> </TD>\r\n</TR>\r\n<TR>\r\n\t<TD class=\"tr5 td4\"><SPAN class=\"p3 ft2\"> </SPAN> </TD>\r\n\t<TD colspan=2 class=\"tr5 td5\"><SPAN class=\"p11 ft3\"><A href=\"#page_7\">Utdrag ur protokoll vid regeringssammanträde den 22 november</A></SPAN> </TD>\r\n\t<TD class=\"tr5 td6\"><SPAN class=\"p3 ft2\"> </SPAN> </TD>\r\n</TR>\r\n<TR>\r\n\t<TD class=\"tr6 td4\"><SPAN class=\"p3 ft2\"> </SPAN> </TD>\r\n\t<TD class=\"tr6 td7\"><SPAN class=\"p3 ft2\"> </SPAN> </TD>\r\n\t<TD class=\"tr6 td8\"><SPAN class=\"p12 ft3\"><A href=\"#page_7\">2018 .........................................................................................</A></SPAN> </TD>\r\n\t<TD class=\"tr6 td6\"><SPAN class=\"p12 ft3\"><A href=\"#page_7\">7</A></SPAN> </TD>\r\n</TR>\r\n</TABLE>\r\n<P class=\"p13 ft3\">2</P>\r\n</DIV>\r\n<DIV id=\"page_3\">\r\n\r\n\r\n<TABLE cellpadding=0 cellspacing=0 class=\"t2\">\r\n<TR>\r\n\t<TD rowspan=2 class=\"tr7 td9\"><SPAN class=\"p14 ft1\">1</SPAN> </TD>\r\n\t<TD rowspan=2 class=\"tr7 td10\"><SPAN class=\"p15 ft1\">Förslag till riksdagsbeslut</SPAN> </TD>\r\n\t<TD class=\"tr8 td11\"><SPAN class=\"p3 ft3\">Prop. 2018/19:18</SPAN> </TD>\r\n</TR>\r\n<TR>\r\n\t<TD class=\"tr9 td11\"><SPAN class=\"p3 ft6\"> </SPAN> </TD>\r\n</TR>\r\n</TABLE>\r\n<P class=\"p16 ft3\">Regeringens förslag:</P>\r\n<P class=\"p17 ft3\">Riksdagen bemyndigar regeringen att inrätta organisationsenheter i form av en arméstab, en marinstab och en flygstab i Försvarsmakten samt lokalisera dessa till Enköping, Haninge/Muskö respektive Uppsala.</P>\r\n<P class=\"p18 ft3\">3</P>\r\n</DIV>\r\n<DIV id=\"page_4\">\r\n<DIV id=\"p4dimg1\">\r\n<INGENBILD zsrc=\"H603184x1.jpg/\" id=\"p4img1\">\r\n</DIV>\r\n\r\n\r\n<P class=\"p19 ft3\">Prop. 2018/19:18</P>\r\n<P class=\"p20 ft1\"><SPAN class=\"ft1\">2</SPAN><SPAN class=\"ft7\">Ärendet och dess beredning</SPAN></P>\r\n<P class=\"p21 ft3\">I budgetunderlaget för 2019 (Fö2018/00323/MFI) begärde Försvarsmakten om att få att inrätta försvarsgrensstaber med lokalisering till Enköping (armén), Haninge/Muskö (marinen) och Uppsala (flygvapnet).</P>\r\n<P class=\"p22 ft1\"><SPAN class=\"ft1\">3</SPAN><SPAN class=\"ft7\">Bakgrund</SPAN></P>\r\n<P class=\"p21 ft3\">Försvarsmakten har begärt att tre försvarsgrensstaber ska inrättas och att de ska lokaliseras till Enköping (arméstab), Haninge/Muskö (marinstab) och Uppsala (flygstab).</P>\r\n<P class=\"p23 ft3\">Inrättandet och lokaliseringen av försvarsgrensstaberna motiveras enligt Försvarsmakten bl.a. av den försämrade omvärldsutvecklingen. Syftet med att inrätta staberna är att öka robustheten i ledningsorganisationen genom en ökad geografisk spridning.</P>\r\n<P class=\"p22 ft1\"><SPAN class=\"ft1\">4</SPAN><SPAN class=\"ft7\">Inrättande av försvarsgrensstaber</SPAN></P>\r\n<P class=\"p24 ft3\"><SPAN class=\"ft8\">Regeringens förslag: </SPAN>Regeringen bemyndigas att inrätta organisationsenheter i form av en arméstab, en marinstab och en flygstab i Försvarsmakten samt att lokalisera dessa till Enköping, Haninge/Muskö respektive Uppsala.</P>\r\n<TABLE cellpadding=0 cellspacing=0 class=\"t3\">\r\n<TR>\r\n\t<TD class=\"tr8 td12\"><SPAN class=\"p3 ft2\"> </SPAN> </TD>\r\n\t<TD colspan=6 class=\"tr8 td13\"><SPAN class=\"p12 ft3\"><SPAN class=\"ft8\">Skälen för regeringens förslag</SPAN>: I propositionen Försvarspolitisk</SPAN> </TD>\r\n</TR>\r\n<TR>\r\n\t<TD class=\"tr6 td12\"><SPAN class=\"p3 ft2\"> </SPAN> </TD>\r\n\t<TD colspan=6 class=\"tr6 td13\"><SPAN class=\"p12 ft3\">inriktning, Sveriges försvar <NOBR>2016–2020</NOBR> (prop. 2014/15:109) angav</SPAN> </TD>\r\n</TR>\r\n<TR>\r\n\t<TD class=\"tr6 td12\"><SPAN class=\"p3 ft2\"> </SPAN> </TD>\r\n\t<TD colspan=6 class=\"tr6 td13\"><SPAN class=\"p12 ft3\">regeringen att den säkerhetspolitiska situationen försämrats, och att detta</SPAN> </TD>\r\n</TR>\r\n<TR>\r\n\t<TD class=\"tr10 td12\"><SPAN class=\"p3 ft2\"> </SPAN> </TD>\r\n\t<TD colspan=6 class=\"tr10 td13\"><SPAN class=\"p12 ft3\">innebär förändrade krav på den svenska försvarsförmågan. I propositionen</SPAN> </TD>\r\n</TR>\r\n<TR>\r\n\t<TD class=\"tr6 td12\"><SPAN class=\"p3 ft2\"> </SPAN> </TD>\r\n\t<TD colspan=6 class=\"tr6 td13\"><SPAN class=\"p12 ft3\">bedömde regeringen att det enskilt viktigaste under försvars-</SPAN> </TD>\r\n</TR>\r\n<TR>\r\n\t<TD class=\"tr6 td12\"><SPAN class=\"p3 ft2\"> </SPAN> </TD>\r\n\t<TD colspan=6 class=\"tr6 td13\"><SPAN class=\"p25 ft3\">inriktningsperioden <NOBR>2016-2020</NOBR> är att öka den operativa förmågan i</SPAN> </TD>\r\n</TR>\r\n<TR>\r\n\t<TD class=\"tr10 td12\"><SPAN class=\"p3 ft2\"> </SPAN> </TD>\r\n\t<TD colspan=6 class=\"tr10 td13\"><SPAN class=\"p25 ft3\">krigsförbanden och att säkerställa den samlade förmågan i totalförsvaret.</SPAN> </TD>\r\n</TR>\r\n<TR>\r\n\t<TD class=\"tr6 td12\"><SPAN class=\"p3 ft2\"> </SPAN> </TD>\r\n\t<TD colspan=6 class=\"tr6 td13\"><SPAN class=\"p12 ft3\">Försvarsutskottet delade regeringens bedömning (bet. 2014/15:FöU11 s.</SPAN> </TD>\r\n</TR>\r\n<TR>\r\n\t<TD class=\"tr6 td12\"><SPAN class=\"p3 ft2\"> </SPAN> </TD>\r\n\t<TD colspan=6 class=\"tr6 td13\"><SPAN class=\"p25 ft3\">16, rskr. 2014/15:251). I propositionen anförde regeringen vidare att</SPAN> </TD>\r\n</TR>\r\n<TR>\r\n\t<TD class=\"tr10 td12\"><SPAN class=\"p3 ft2\"> </SPAN> </TD>\r\n\t<TD colspan=6 class=\"tr10 td13\"><SPAN class=\"p25 ft3\">utformningen av försvaret i första hand bör bygga på förmågan att möta</SPAN> </TD>\r\n</TR>\r\n<TR>\r\n\t<TD class=\"tr6 td12\"><SPAN class=\"p3 ft2\"> </SPAN> </TD>\r\n\t<TD colspan=6 class=\"tr6 td13\"><SPAN class=\"p12 ft3\">ett väpnat angrepp, och att den måste medge politisk och militär</SPAN> </TD>\r\n</TR>\r\n<TR>\r\n\t<TD class=\"tr6 td12\"><SPAN class=\"p3 ft2\"> </SPAN> </TD>\r\n\t<TD colspan=6 class=\"tr6 td13\"><SPAN class=\"p25 ft3\">handlingsfrihet och ha en inneboende flexibilitet för att kunna hantera</SPAN> </TD>\r\n</TR>\r\n<TR>\r\n\t<TD class=\"tr10 td12\"><SPAN class=\"p3 ft2\"> </SPAN> </TD>\r\n\t<TD colspan=4 class=\"tr10 td14\"><SPAN class=\"p26 ft3\">föränderligheten i utmaningar och hot</SPAN> </TD>\r\n\t<TD class=\"tr10 td15\"><SPAN class=\"p3 ft2\"> </SPAN> </TD>\r\n\t<TD class=\"tr10 td16\"><SPAN class=\"p3 ft2\"> </SPAN> </TD>\r\n</TR>\r\n<TR>\r\n\t<TD class=\"tr6 td12\"><SPAN class=\"p3 ft2\"> </SPAN> </TD>\r\n\t<TD colspan=6 class=\"tr6 td13\"><SPAN class=\"p25 ft3\">Försvarsmakten bedriver ett kontinuerligt utvecklingsarbete i linje med</SPAN> </TD>\r\n</TR>\r\n<TR>\r\n\t<TD class=\"tr6 td12\"><SPAN class=\"p3 ft2\"> </SPAN> </TD>\r\n\t<TD colspan=4 class=\"tr6 td14\"><SPAN class=\"p26 ft3\">den inriktning som regeringen fastställt.</SPAN> </TD>\r\n\t<TD class=\"tr6 td15\"><SPAN class=\"p3 ft2\"> </SPAN> </TD>\r\n\t<TD class=\"tr6 td16\"><SPAN class=\"p3 ft2\"> </SPAN> </TD>\r\n</TR>\r\n<TR>\r\n\t<TD class=\"tr10 td12\"><SPAN class=\"p3 ft2\"> </SPAN> </TD>\r\n\t<TD colspan=6 class=\"tr10 td13\"><SPAN class=\"p12 ft3\">Den nuvarande ledningen av Försvarsmakten har sedan länge utgått från</SPAN> </TD>\r\n</TR>\r\n<TR>\r\n\t<TD class=\"tr6 td12\"><SPAN class=\"p3 ft2\"> </SPAN> </TD>\r\n\t<TD colspan=6 class=\"tr6 td13\"><SPAN class=\"p25 ft3\">en centraliserad styrning av myndighetens uppgifter. Centraliseringen av</SPAN> </TD>\r\n</TR>\r\n<TR>\r\n\t<TD class=\"tr6 td12\"><SPAN class=\"p3 ft2\"> </SPAN> </TD>\r\n\t<TD colspan=6 class=\"tr6 td13\"><SPAN class=\"p25 ft3\">ledningskapaciteten till Stockholms innerstad skapar i det förändrade</SPAN> </TD>\r\n</TR>\r\n<TR>\r\n\t<TD class=\"tr10 td12\"><SPAN class=\"p3 ft2\"> </SPAN> </TD>\r\n\t<TD colspan=6 class=\"tr10 td13\"><SPAN class=\"p25 ft3\">omvärldsläget en ökad sårbarhet. Som ett led i arbetet att stärka den</SPAN> </TD>\r\n</TR>\r\n<TR>\r\n\t<TD class=\"tr6 td12\"><SPAN class=\"p3 ft2\"> </SPAN> </TD>\r\n\t<TD colspan=2 class=\"tr6 td17\"><SPAN class=\"p26 ft3\">svenska försvarsförmågan</SPAN> </TD>\r\n\t<TD class=\"tr6 td18\"><SPAN class=\"p3 ft3\">och</SPAN> </TD>\r\n\t<TD class=\"tr6 td19\"><SPAN class=\"p3 ft3\">öka den</SPAN> </TD>\r\n\t<TD colspan=2 class=\"tr6 td20\"><SPAN class=\"p25 ft3\">operativa förmågan har</SPAN> </TD>\r\n</TR>\r\n<TR>\r\n\t<TD class=\"tr8 td12\"><SPAN class=\"p27 ft3\">4</SPAN> </TD>\r\n\t<TD class=\"tr8 td21\"><SPAN class=\"p26 ft3\">Försvarsmakten</SPAN> </TD>\r\n\t<TD class=\"tr8 td22\"><SPAN class=\"p3 ft3\">förordat</SPAN> </TD>\r\n\t<TD class=\"tr8 td18\"><SPAN class=\"p28 ft3\">att</SPAN> </TD>\r\n\t<TD class=\"tr8 td19\"><SPAN class=\"p29 ft3\">tre</SPAN> </TD>\r\n\t<TD class=\"tr8 td15\"><SPAN class=\"p3 ft3\">nya</SPAN> </TD>\r\n\t<TD class=\"tr8 td16\"><SPAN class=\"p12 ft9\">organisationsenheter</SPAN> </TD>\r\n</TR>\r\n</TABLE>\r\n</DIV>\r\n<DIV id=\"page_5\">\r\n\r\n\r\n<P class=\"p30 ft3\">(försvarsgrensstaber) ska inrättas; en arméstab i Enköping, en marinstab i Prop. 2018/19:18 Haninge/Muskö och en flygstab i Uppsala.</P>\r\n<P class=\"p31 ft3\">Försvarsgrensstaberna avses vara en del av Försvarsmaktens ledningsstruktur. Majoriteten av Försvarsmaktens förband kommer enligt myndigheten att underställas någon av staberna. Försvarsmakten anger vidare att avsikten är att försvarsgrensstaberna med underställda förband kommer att underställas produktionschefen, men att de kommer att lyda under insatschefen i fråga om operationer. Utöver att inrätta försvarsgrensstaberna som organisationsenheter föreslår Försvarsmakten att försvarsgrensstaberna organiseras som krigsförband.</P>\r\n<P class=\"p32 ft3\">Enligt regeringen är det av betydelse för försvaret av Sverige att Försvarsmakten genom en ökad geografisk spridning kan öka robustheten och uthålligheten i myndighetens ledningsförmåga. Försvarsmakten planerar även att försvarsgrensstaberna ska få ett ansvar när det gäller vidmakthållandet av Försvarsmaktens materiel. Förslaget har därigenom en koppling till den av riksdagen och regeringen tidigare beslutade omorganisationen och förändringen av ansvarsförhållanden avseende materiel- och logistikförsörjningen mellan Försvarsmakten och Försvarets materielverk (prop. 2017/18:1, utg.omr. 6, bet. 2017/18:FöU1, rskr. 2017/18:101 och bet. 2017/18:FöU6, rskr. 2017/18:265), vilken i högre grad stödjer krigsförbandens operativa förmåga och beredskap.</P>\r\n<P class=\"p33 ft3\">Försvarsmakten bedömer att förslaget förbättrar försvarsgrensintern koordinering mellan insats- och förbandsproduktionsverksamheterna. Ett inrättande av försvarsgrensstaber bedöms även förenkla lednings- och organisationsförhållanden gentemot underlydande organisationsenheter med ansvar för krigsförbanden, liksom övergången till ledning vid högre beredskapsnivåer.</P>\r\n<P class=\"p34 ft3\">Försvarsmakten bedömer att ett beslut om stabernas inrättande behöver ske snarast. Försvarsmaktens översyn av ledningsstrukturen och målsättningen för den nämnda omorganisationen och förändringen av ansvarsförhållandena avseende materiel- och logistikförsörjningen mellan Försvarsmakten och Försvarets materielverk påverkas annars negativt.</P>\r\n<P class=\"p34 ft3\">Det utrymme som frigörs i myndighetens högkvartergenom att försvarsgrensstaberna flyttar ut är planerat att inhysa funktioner och verksamheter i Försvarsmakten som i dag huvudsakligen använder lokaler som hyrs ut av civila fastighetsägare.</P>\r\n<P class=\"p35 ft3\">Regeringen delar Försvarsmaktens bedömning att nämnda organisationsenheter bör inrättas och anser det angeläget att detta kan ske så snart som möjligt.</P>\r\n<TABLE cellpadding=0 cellspacing=0 class=\"t4\">\r\n<TR>\r\n\t<TD class=\"tr0 td9\"><SPAN class=\"p3 ft1\">5</SPAN> </TD>\r\n\t<TD class=\"tr0 td23\"><SPAN class=\"p15 ft1\">Konsekvenser</SPAN> </TD>\r\n\t<TD class=\"tr0 td24\"><SPAN class=\"p3 ft2\"> </SPAN> </TD>\r\n</TR>\r\n<TR>\r\n\t<TD colspan=2 class=\"tr11 td25\"><SPAN class=\"p3 ft4\">Ekonomiska konsekvenser</SPAN> </TD>\r\n\t<TD class=\"tr11 td24\"><SPAN class=\"p3 ft2\"> </SPAN> </TD>\r\n</TR>\r\n<TR>\r\n\t<TD colspan=2 class=\"tr12 td25\"><SPAN class=\"p3 ft3\">Finansiering av förslaget kommer, enligt Försvarsmakten, att ske genom</SPAN> </TD>\r\n\t<TD class=\"tr12 td24\"><SPAN class=\"p3 ft2\"> </SPAN> </TD>\r\n</TR>\r\n<TR>\r\n\t<TD colspan=2 class=\"tr6 td25\"><SPAN class=\"p3 ft3\">reducerade hyreskostnader på grund av möjligheter att lämna lokaler i</SPAN> </TD>\r\n\t<TD class=\"tr6 td24\"><SPAN class=\"p3 ft2\"> </SPAN> </TD>\r\n</TR>\r\n<TR>\r\n\t<TD colspan=2 class=\"tr10 td25\"><SPAN class=\"p3 ft3\">centrala Stockholm. Vid en fortsatt lokalisering i centrala Stockholm, av</SPAN> </TD>\r\n\t<TD class=\"tr10 td24\"><SPAN class=\"p3 ft2\"> </SPAN> </TD>\r\n</TR>\r\n<TR>\r\n\t<TD colspan=2 class=\"tr6 td25\"><SPAN class=\"p3 ft3\">den verksamhet som ska utövas av försvarsgrenstaberna, kommer</SPAN> </TD>\r\n\t<TD class=\"tr6 td24\"><SPAN class=\"p3 ft2\"> </SPAN> </TD>\r\n</TR>\r\n<TR>\r\n\t<TD colspan=2 class=\"tr13 td25\"><SPAN class=\"p3 ft3\">Försvarsmaktens hyreskostnader att utvecklas på ett sätt som är</SPAN> </TD>\r\n\t<TD class=\"tr13 td24\"><SPAN class=\"p12 ft3\">5</SPAN> </TD>\r\n</TR>\r\n</TABLE>\r\n</DIV>\r\n<DIV id=\"page_6\">\r\n\r\n\r\n<P class=\"p36 ft3\">Prop. 2018/19:18 ofördelaktigt för myndigheten. Investeringar i infrastruktur kommer att behöva göras på de nya lokaliseringsorterna. Försvarsmaktens bedömning är att dessa inledningsvis ökade kostnader över tid kommer att balanseras mot minskade hyreskostnader.</P>\r\n<P class=\"p37 ft3\">Myndigheten bedömer att inrättandet och lokaliseringen av försvarsgrensstaberna kan ske inom ramen för befintliga och beräknade anslagsramar. Effekterna på statens budget och på det offentligfinansiella sparandet bedöms därmed vara marginella.</P>\r\n<P class=\"p38 ft4\">Personella konsekvenser</P>\r\n<P class=\"p39 ft3\">Inrättandet av försvarsgrensstaber medför en begränsad utökning av antalet befattningar jämfört med idag.</P>\r\n<P class=\"p40 ft4\">Övriga konsekvenser</P>\r\n<P class=\"p39 ft3\">Förslagen bedöms inte medföra några konsekvenser för statliga myndigheter, kommuner och landsting, för enskilda verksamhetsutövare eller för jämställdheten mellan män och kvinnor.</P>\r\n<P class=\"p41 ft3\">Regeringens förslag bedöms inte ha någon direkt inverkan på miljön. Förslagen bedöms vara förenliga med <NOBR>EU-rätten</NOBR></P>\r\n<P class=\"p42 ft3\">6</P>\r\n</DIV>\r\n<DIV id=\"page_7\">\r\n<DIV id=\"p7dimg1\">\r\n<INGENBILD zsrc=\"H603187x1.jpg/\" id=\"p7img1\">\r\n</DIV>\r\n\r\n\r\n<P class=\"p43 ft3\">Prop. 2018/19:18</P>\r\n<P class=\"p44 ft1\">Försvarsdepartementet</P>\r\n<P class=\"p45 ft3\">Utdrag ur protokoll vid regeringssammanträde den 22 november 2018</P>\r\n<P class=\"p46 ft3\">Närvarande: statsminister Löfven, ordförande, och statsråden Lövin, Wallström, M Johansson, Baylan, Hallengren, Hultqvist, Andersson, Hellmark Knutsson, Bolund, Damberg, Strandhäll, Fridolin, Linde, Skog, Ekström, Fritzon, Eneroth</P>\r\n<P class=\"p47 ft3\">Föredragande: statsrådet Hultqvist</P>\r\n<P class=\"p48 ft3\">Regeringen beslutar proposition Inrättande av försvarsgrensstaber</P>\r\n<P class=\"p49 ft3\">7</P>\r\n</DIV>\r\n\r\n</div><style>\r\n\r\n\r\nTD,TD.p2h {\r\nzzzfont-size:90%;\r\nzzzmargin-right:2px;\r\nzzzoverflow:visable;\r\nzzzword-wrap: break-word;\r\n}\r\n\r\nP {\r\nzdisplay:block;\r\n}\r\n\r\n.divbreak {\r\nclear:both;\r\ndisplay:block;\r\nzwidth: 100%;\r\nzheight: 1px;\r\nzword-wrap: break-word;\r\n}\r\n\r\n\r\n.xecp {\r\n  display:block;\r\n  margin: 0px !important;\r\n  padding: 0px !important;\r\n  \r\n}\r\n\r\n.ec {\r\n  border-style:solid;\r\n  border-width:1px;\r\n  display:block;\r\n  margin: 0px !important;\r\n  padding: 0px !important;\r\n}\r\n\r\n.TOPS {\r\n  overflow:visable;\r\n  margin:2px;\r\n  width:690px !important;\r\n}\r\n\r\n</style>\r\n"},"dokforslag":{"forslag":{"nummer":"1","beteckning":"1","lydelse":"Riksdagen bemyndigar regeringen att inrätta organisationsenheter i form av en arméstab, en marinstab och en flygstab i Försvarsmakten samt lokalisera dessa till Enköping, Haninge/Muskö respektive Uppsala.","lydelse2":null,"utskottet":"Bifall","kammaren":"Bifall","behandlas_i":"2018/19:FöU3","behandlas_i_punkt":null,"kammarbeslutstyp":null,"intressent":"FöU","avsnitt":null,"grundforfattning":null,"andringsforfattning":null}},"dokaktivitet":{"aktivitet":[{"kod":"INL","namn":"Inlämnad","datum":"2018-11-22 00:00:00","status":"inträffat","ordning":"0","process":"behandling"},{"kod":"B","namn":"Bordlagd","datum":"2018-11-22 00:00:00","status":"inträffat","ordning":"0","process":"behandling"},{"kod":"HÄN","namn":"Hänvisad","datum":"2018-11-27 00:00:00","status":"inträffat","ordning":"0","process":"behandling"},{"kod":"MOT","namn":"Motionstid slutar","datum":"2018-12-07 00:00:00","status":"inträffat","ordning":"0","process":"behandling"}]},"dokintressent":{"intressent":[{"intressent_id":"0218878014918","namn":"Stefan Löfven","partibet":"S","ordning":"1","roll":"Statsråd1"},{"intressent_id":"0937688366013","namn":"Peter Hultqvist","partibet":"S","ordning":"2","roll":"Statsråd2"}]},"dokuppgift":{"uppgift":[{"kod":"inlamnatav","namn":"Inlämnat av","text":"Försvarsdepartementet","dok_id":"H60318","systemdatum":"2018-12-18 15:53:21"},{"kod":"tilldelat","namn":"Tilldelat","text":"Försvarsutskottet","dok_id":"H60318","systemdatum":"2018-12-18 15:53:21"},{"kod":"statustext","namn":"statustext","text":"Propositionen bereds i utskott","dok_id":"H60318","systemdatum":"2018-11-27 13:33:06"}]},"dokbilaga":{"bilaga":{"dok_id":"H60318","titel":"Inrättande av försvarsgrensstaber","subtitel":null,"filnamn":"prop_201819__18.pdf","filstorlek":"280348","filtyp":"pdf","fil_url":"http://data.riksdagen.se/fil/BFEC8DEA-D05E-4248-ACE6-C79E3DCC5268"}},"dokreferens":{"referens":[{"referenstyp":"behandlas_i","uppgift":"2018/19:FöU3","ref_dok_id":"H601FöU3","ref_dok_typ":"bet","ref_dok_rm":"2018/19","ref_dok_bet":"FöU3","ref_dok_titel":"Inrättande av försvarsgrensstaber","ref_dok_subtitel":null,"ref_dok_subtyp":"bet","ref_dok_dokumentnamn":"Betänkande"},{"referenstyp":"följdmotion","uppgift":"av Allan Widman m.fl. (L)<br />med anledning av prop. 2018/19:18 Inrättande av försvarsgrensstaber ","ref_dok_id":"H6022999","ref_dok_typ":"mot","ref_dok_rm":"2018/19","ref_dok_bet":"2999","ref_dok_titel":"med anledning av prop. 2018/19:18 Inrättande av försvarsgrensstaber ","ref_dok_subtitel":"av Allan Widman m.fl. (L)","ref_dok_subtyp":"mot","ref_dok_dokumentnamn":"Motion"}]},"debatt":null}}