{"dokumentstatus":{"dokument":{"hangar_id":"5035596","dok_id":"H603126","rm":"2018/19","beteckning":"126","typ":"prop","subtyp":"prop","doktyp":"prop","typrubrik":"Proposition 2018/19:126","dokumentnamn":"Proposition","debattnamn":"Proposition","tempbeteckning":"","organ":"Finansdepartementet","mottagare":"SkU","nummer":"126","slutnummer":"0","datum":"2019-06-11 00:00:00","systemdatum":"2019-10-02 16:14:36","publicerad":"2019-06-11 00:00:00","titel":"Ändring i det nordiska skatteavtalet","subtitel":"","status":"Klar","htmlformat":"html-ec","relaterat_id":"","source":"prop-RIM","sourceid":"3e1c469e-b6d7-4e5d-814f-8d368cf5c5b4","dokument_url_text":"http://data.riksdagen.se/dokument/H603126/text","dokument_url_html":"http://data.riksdagen.se/dokument/H603126","dokumentstatus_url_xml":"http://data.riksdagen.se/dokumentstatus/H603126","html":"<div style=\"margin:3px;\">\r\n<STYLE type=\"text/css\">\r\n\r\nbody {margin-top: 0px;margin-left: 0px;}\r\n\r\n#page_1 {position:relative; overflow: hidden;z:b;margin:10px 0px 52px 10px ;padding: 0px;border: none;width: 947px;}\r\n\r\n#page_1 #p1dimg1 {position:absolute;top:0px;left:651px;z-index:-1;width:55px;height:98px;}\r\n#page_1 #p1dimg1 #p1img1 {width:55px;height:98px;}\r\n\r\n\r\n\r\n\r\n#page_2 {position:relative; overflow: hidden;z:b;margin:15px 0px 52px 10px ;padding: 0px;border: none;width: 811px;}\r\n\r\n\r\n\r\n\r\n\r\n#page_3 {position:relative; overflow: hidden;z:b;margin:15px 0px 52px 10px ;padding: 0px;border: none;width: 947px;}\r\n\r\n\r\n\r\n\r\n\r\n#page_4 {position:relative; overflow: hidden;z:b;margin:14px 0px 51px 10px ;padding: 0px;border: none;width: 586px;}\r\n\r\n\r\n\r\n\r\n\r\n#page_5 {position:relative; overflow: hidden;z:b;margin:15px 0px 52px 10px ;padding: 0px;border: none;width: 766px;}\r\n#page_5 #id_1 {float:left;border:none;z:b;margin:0px 0px 0px 10px ;padding: 0px;border:none;width: 451px;overflow: hidden;}\r\n#page_5 #id_2 {float:left;border:none;z:b;margin:0px 0px 0px 10px ;padding: 0px;border:none;width: 315px;overflow: hidden;}\r\n\r\n#page_5 #p5dimg1 {position:absolute;top:76px;left:0px;z-index:-1;width:123px;height:1px;font-size: 1px !important;l-h:nHeight;}\r\n#page_5 #p5dimg1 #p5img1 {width:123px;height:1px;}\r\n\r\n\r\n\r\n\r\n#page_6 {position:relative; overflow: hidden;z:b;margin:14px 0px 52px 10px ;padding: 0px;border: none;width: 586px;}\r\n\r\n\r\n\r\n\r\n\r\n#page_7 {position:relative; overflow: hidden;z:b;margin:15px 0px 52px 10px ;padding: 0px;border: none;width: 766px;}\r\n#page_7 #id_1 {float:left;border:none;z:b;margin:0px 0px 0px 10px ;padding: 0px;border:none;width: 451px;overflow: hidden;}\r\n#page_7 #id_2 {float:left;border:none;z:b;margin:0px 0px 0px 10px ;padding: 0px;border:none;width: 315px;overflow: hidden;}\r\n\r\n\r\n\r\n\r\n\r\n#page_8 {position:relative; overflow: hidden;z:b;margin:15px 0px 52px 10px ;padding: 0px;border: none;width: 586px;}\r\n\r\n\r\n\r\n\r\n\r\n#page_9 {position:relative; overflow: hidden;z:b;margin:15px 0px 52px 10px ;padding: 0px;border: none;width: 766px;}\r\n#page_9 #id_1 {float:left;border:none;z:b;margin:0px 0px 0px 10px ;padding: 0px;border:none;width: 451px;overflow: hidden;}\r\n#page_9 #id_2 {float:left;border:none;z:b;margin:1px 0px 0px 10px ;padding: 0px;border:none;width: 315px;overflow: hidden;}\r\n\r\n\r\n\r\n\r\n\r\n#page_10 {position:relative; overflow: hidden;z:b;margin:14px 0px 52px 10px ;padding: 0px;border: none;width: 811px;}\r\n\r\n#page_10 #p10dimg1 {position:absolute;top:654px;left:105px;z-index:-1;width:394px;height:84px;}\r\n#page_10 #p10dimg1 #p10img1 {width:394px;height:84px;}\r\n\r\n\r\n\r\n\r\n#page_11 {position:relative; overflow: hidden;z:b;margin:15px 0px 52px 10px ;padding: 0px;border: none;width: 766px;}\r\n#page_11 #id_1 {float:left;border:none;z:b;margin:0px 0px 0px 10px ;padding: 0px;border:none;width: 451px;overflow: hidden;}\r\n#page_11 #id_2 {float:left;border:none;z:b;margin:1px 0px 0px 10px ;padding: 0px;border:none;width: 315px;overflow: hidden;}\r\n\r\n\r\n\r\n\r\n\r\n#page_12 {position:relative; overflow: hidden;z:b;margin:15px 0px 52px 10px ;padding: 0px;border: none;width: 811px;}\r\n#page_12 #id_1 {border:none;z:b;margin:0px 0px 0px 10px ;padding: 0px;border:none;width: 586px;overflow: hidden;}\r\n#page_12 #id_2 {border:none;z:b;margin:9px 0px 0px 10px ;padding: 0px;border:none;width: 766px;overflow: hidden;}\r\n#page_12 #id_2 #id_2_1 {float:left;border:none;z:b;margin:87px 0px 0px 10px ;padding: 0px;border:none;width: 90px;overflow: hidden;}\r\n#page_12 #id_2 #id_2_2 {float:left;border:none;z:b;margin:0px 0px 0px 10px ;padding: 0px;border:none;width: 631px;overflow: hidden;}\r\n\r\n\r\n\r\n\r\n\r\n#page_13 {position:relative; overflow: hidden;z:b;margin:15px 0px 52px 10px ;padding: 0px;border: none;width: 766px;}\r\n\r\n\r\n\r\n\r\n\r\n#page_14 {position:relative; overflow: hidden;z:b;margin:15px 0px 52px 10px ;padding: 0px;border: none;width: 811px;}\r\n\r\n\r\n\r\n\r\n\r\n#page_15 {position:relative; overflow: hidden;z:b;margin:15px 0px 52px 10px ;padding: 0px;border: none;width: 947px;}\r\n#page_15 #id_1 {border:none;z:b;margin:0px 0px 0px 10px ;padding: 0px;border:none;width: 586px;overflow: hidden;}\r\n#page_15 #id_1 #id_1_1 {float:left;border:none;z:b;margin:0px 0px 0px 10px ;padding: 0px;border:none;width: 451px;overflow: hidden;}\r\n#page_15 #id_1 #id_1_2 {float:left;border:none;z:b;margin:0px 0px 0px 10px ;padding: 0px;border:none;width: 90px;overflow: hidden;}\r\n#page_15 #id_2 {border:none;z:b;margin:4px 0px 0px 10px ;padding: 0px;border:none;width: 902px;overflow: hidden;}\r\n\r\n\r\n\r\n\r\n\r\n#page_16 {position:relative; overflow: hidden;z:b;margin:15px 0px 52px 10px ;padding: 0px;border: none;width: 811px;}\r\n#page_16 #id_1 {border:none;z:b;margin:0px 0px 0px 10px ;padding: 0px;border:none;width: 586px;overflow: hidden;}\r\n#page_16 #id_1 #id_1_1 {float:left;border:none;z:b;margin:0px 0px 0px 10px ;padding: 0px;border:none;width: 90px;overflow: hidden;}\r\n#page_16 #id_1 #id_1_2 {float:left;border:none;z:b;margin:1px 0px 0px 10px ;padding: 0px;border:none;width: 451px;overflow: hidden;}\r\n#page_16 #id_2 {border:none;z:b;margin:10px 0px 0px 10px ;padding: 0px;border:none;width: 766px;overflow: hidden;}\r\n\r\n\r\n\r\n\r\n\r\n#page_17 {position:relative; overflow: hidden;z:b;margin:15px 0px 52px 10px ;padding: 0px;border: none;width: 766px;}\r\n#page_17 #id_1 {float:left;border:none;z:b;margin:0px 0px 0px 10px ;padding: 0px;border:none;width: 451px;overflow: hidden;}\r\n#page_17 #id_2 {float:left;border:none;z:b;margin:0px 0px 0px 10px ;padding: 0px;border:none;width: 315px;overflow: hidden;}\r\n\r\n\r\n\r\n\r\n\r\n#page_18 {position:relative; overflow: hidden;z:b;margin:15px 0px 52px 10px ;padding: 0px;border: none;width: 811px;}\r\n\r\n#page_18 #p18dimg1 {position:absolute;top:225px;left:105px;z-index:-1;width:112px;height:1px;font-size: 1px !important;l-h:nHeight;}\r\n#page_18 #p18dimg1 #p18img1 {width:112px;height:1px;}\r\n\r\n\r\n\r\n\r\n.dclr {clear:both;float:none;height:1px;margin:0px;padding:0px;overflow:hidden;}\r\n\r\n.ft0{font:  18px 'Verdana' !important;l-h: 32px;}\r\n.ft1{font:  14px 'Verdana' !important;l-h: 22px;}\r\n.ft2{font:  10px 'Verdana' !important;l-h: 1px;}\r\n.ft3{font:  12px 'Verdana' !important;l-h: 15px;}\r\n.ft4{font: italic  12px 'Verdana' !important;l-h: 15px;}\r\n.ft5{font:  12px 'Verdana' !important;l-h: 17px;}\r\n.ft6{font: italic  12px 'Verdana' !important;l-h: 17px;}\r\n.ft7{font:  12px 'Verdana' !important;l-h: 15px;position: relative; bottom: 7px;}\r\n.ft8{font:  12px 'Verdana' !important;margin-left: 20px;l-h: 15px;}\r\n.ft9{font:  12px 'Verdana' !important;margin-left: 9px;l-h: 16px;}\r\n.ft10{font:  12px 'Verdana' !important;l-h: 16px;}\r\n.ft11{font:  12px 'Verdana' !important;margin-left: 9px;l-h: 17px;}\r\n.ft12{font:  14px 'Verdana' !important;l-h: 22px;position: relative; bottom: -6px;}\r\n.ft13{font:  10px 'Verdana' !important;l-h: 12px;position: relative; bottom: 5px;}\r\n.ft14{font:  10px 'Verdana' !important;l-h: 8px;position: relative; bottom: 4px;}\r\n.ft15{font:  12px 'Verdana' !important;l-h: 14px;}\r\n.ft16{font:  12px 'Verdana' !important;margin-left: 4px;l-h: 15px;}\r\n.ft17{font:  12px 'Verdana' !important;margin-left: 4px;l-h: 16px;}\r\n.ft18{font: bold  12px 'Verdana' !important;l-h: 15px;}\r\n.ft19{font: italic  12px 'Verdana' !important;l-h: 15px;}\r\n.ft20{font: italic  12px 'Verdana' !important;text-decoration: underline;l-h: 15px;}\r\n.ft21{font: italic  12px 'Verdana' !important;l-h: 16px;}\r\n.ft22{font: italic  12px 'Verdana' !important;margin-left: 4px;l-h: 15px;}\r\n.ft23{font: italic  12px 'Verdana' !important;margin-left: 3px;l-h: 15px;}\r\n.ft24{font:  12px 'Verdana' !important;margin-left: 4px;l-h: 16px;}\r\n.ft25{font:  12px 'Verdana' !important;l-h: 16px;}\r\n.ft26{font: italic  12px 'Verdana' !important;margin-left: 4px;l-h: 16px;}\r\n.ft27{font:  12px 'Verdana' !important;l-h: 15px;}\r\n.ft28{font:  12px 'Verdana' !important;margin-left: 4px;l-h: 17px;}\r\n.ft29{font:  12px 'Verdana' !important;margin-left: 3px;l-h: 15px;}\r\n.ft30{font:  14px 'Verdana' !important;margin-left: 51px;l-h: 26px;}\r\n.ft31{font:  14px 'Verdana' !important;l-h: 26px;}\r\n.ft32{font: bold  12px 'Verdana' !important;l-h: 16px;}\r\n.ft33{font:  12px 'Verdana' !important;margin-left: 9px;l-h: 15px;}\r\n.ft34{font:  14px 'Verdana' !important;l-h: 19px;}\r\n.ft35{font:  14px 'Verdana' !important;margin-left: 39px;l-h: 19px;}\r\n.ft36{font: italic  12px 'Verdana' !important;l-h: 18px;}\r\n.ft37{font:  12px 'Verdana' !important;l-h: 18px;}\r\n.ft38{font:  14px 'Verdana' !important;margin-left: 50px;l-h: 26px;}\r\n.ft39{font:  14px 'Verdana' !important;l-h: 25px;}\r\n.ft40{font:  12px 'Verdana' !important;margin-left: 5px;l-h: 16px;}\r\n.ft41{font:  12px 'Verdana' !important;margin-left: 3px;l-h: 17px;}\r\n.ft42{font: bold  12px 'Verdana' !important;text-decoration: underline;l-h: 15px;}\r\n.ft43{font:  12px 'Verdana' !important;margin-left: 2px;l-h: 16px;}\r\n\r\n.p0{text-align: left;padding-left: 120px;padding-right: 525px;margin-top: 22px;margin-bottom: 0px !important;}\r\n.p1{text-align: left;padding-left: 0px;margin-top: 0px;margin-bottom: 0px !important;white-space: nowrap;}\r\n.p2{text-align: left;padding-left: 0px;margin-top: 0px;margin-bottom: 0px !important;white-space: nowrap;}\r\n.p3{text-align: left;margin-top: 0px;margin-bottom: 0px !important;white-space: nowrap;}\r\n.p4{text-align: left;padding-left: 120px;margin-top: 18px;margin-bottom: 0px !important;}\r\n.p5{text-align: left;padding-left: 120px;margin-top: 15px;margin-bottom: 0px !important;}\r\n.p6{text-align: left;padding-left: 120px;margin-top: 32px;margin-bottom: 0px !important;}\r\n.p7{text-align: left;padding-left: 260px;padding-right: 504px;margin-top: 20px;margin-bottom: 0px !important;}\r\n.p8{text-align: left;padding-left: 120px;margin-top: 47px;margin-bottom: 0px !important;}\r\n.p9{text-align: left;padding-left: 120px;padding-right: 336px;margin-top: 26px;margin-bottom: 0px !important;}\r\n.p10{text-align: left;padding-left: 120px;padding-right: 336px;margin-top: 5px;margin-bottom: 0px !important;text-indent: 11px;}\r\n.p11{text-align: right;padding-right: 126px;margin-top: 226px;margin-bottom: 0px !important;}\r\n.p12{text-align: left;margin-top: 0px;margin-bottom: 0px !important;}\r\n.p13{text-align: right;padding-right: 0px;margin-top: 0px;margin-bottom: 0px !important;white-space: nowrap;}\r\n.p14{text-align: left;padding-left: 0px;margin-top: 0px;margin-bottom: 0px !important;white-space: nowrap;}\r\n.p15{text-align: right;margin-top: 0px;margin-bottom: 0px !important;white-space: nowrap;}\r\n.p16{text-align: left;padding-left: 0px;margin-top: 1px;margin-bottom: 0px !important;}\r\n.p17{text-align: left;padding-left: 0px;margin-top: 0px;margin-bottom: 0px !important;white-space: nowrap;}\r\n.p18{text-align: right;padding-right: 1px;margin-top: 0px;margin-bottom: 0px !important;white-space: nowrap;}\r\n.p19{text-align: left;margin-top: 499px;margin-bottom: 0px !important;}\r\n.p20{text-align: right;padding-right: 21px;margin-top: 0px;margin-bottom: 0px !important;white-space: nowrap;}\r\n.p21{text-align: left;padding-left: 0px;margin-top: 0px;margin-bottom: 0px !important;white-space: nowrap;}\r\n.p22{text-align: left;padding-left: 120px;margin-top: 10px;margin-bottom: 0px !important;}\r\n.p23{text-align: left;padding-left: 140px;padding-right: 315px;margin-top: 0px;margin-bottom: 0px !important;text-indent: 0.19px;}\r\n.p24{text-align: left;padding-left: 140px;padding-right: 336px;margin-top: 0px;margin-bottom: 0px !important;text-indent: 0.19px;}\r\n.p25{text-align: right;padding-right: 126px;margin-top: 633px;margin-bottom: 0px !important;}\r\n.p26{text-align: left;padding-left: 0px;margin-top: 11px;margin-bottom: 0px !important;}\r\n.p27{text-align: left;padding-left: 0px;margin-top: 0px;margin-bottom: 0px !important;white-space: nowrap;}\r\n.p28{text-align: left;padding-left: 0px;margin-top: 0px;margin-bottom: 0px !important;white-space: nowrap;}\r\n.p29{text-align: left;padding-left: 0px;margin-top: 0px;margin-bottom: 0px !important;white-space: nowrap;}\r\n.p30{text-align: right;padding-right: 42px;margin-top: 0px;margin-bottom: 0px !important;white-space: nowrap;}\r\n.p31{text-align: left;padding-right: 0px;margin-top: 0px;margin-bottom: 0px !important;text-indent: 11px;}\r\n.p32{text-align: left;padding-left: 0px;margin-top: 27px;margin-bottom: 0px !important;}\r\n.p33{text-align: left;padding-right: 0px;margin-top: 2px;margin-bottom: 0px !important;text-indent: 11px;}\r\n.p34{text-align: left;padding-left: 0px;margin-top: 752px;margin-bottom: 0px !important;}\r\n.p35{text-align: left;padding-right: 0px;margin-top: 0px;margin-bottom: 0px !important;}\r\n.p36{text-align: left;margin-top: 12px;margin-bottom: 0px !important;}\r\n.p37{text-align: left;margin-top: 16px;margin-bottom: 0px !important;}\r\n.p38{text-align: left;margin-top: 15px;margin-bottom: 0px !important;}\r\n.p39{text-align: left;padding-right: 0px;margin-top: 13px;margin-bottom: 0px !important;text-indent: 11px;}\r\n.p40{text-align: left;margin-top: 3px;margin-bottom: 0px !important;}\r\n.p41{text-align: left;padding-right: 0px;margin-top: 3px;margin-bottom: 0px !important;text-indent: 11px;}\r\n.p42{text-align: left;padding-right: 0px;margin-top: 6px;margin-bottom: 0px !important;text-indent: 11px;}\r\n.p43{text-align: left;padding-left: 0px;margin-top: 0px;margin-bottom: 0px !important;text-indent: 0.112px;}\r\n.p44{text-align: left;padding-left: 0px;margin-top: 0px;margin-bottom: 0px !important;white-space: nowrap;}\r\n.p45{text-align: left;padding-right: 0px;margin-top: 2px;margin-bottom: 0px !important;text-indent: 11px;}\r\n.p46{text-align: left;padding-right: 0px;margin-top: 0px;margin-bottom: 0px !important;text-indent: 11px;}\r\n.p47{text-align: left;padding-right: 0px;margin-top: 3px;margin-bottom: 0px !important;text-indent: 11px;}\r\n.p48{text-align: left;padding-left: 0px;padding-right: 147px;margin-top: 0px;margin-bottom: 0px !important;}\r\n.p49{text-align: left;padding-left: 0px;padding-right: 147px;margin-top: 0px;margin-bottom: 0px !important;text-indent: 11px;}\r\n.p50{text-align: left;padding-left: 0px;padding-right: 147px;margin-top: 3px;margin-bottom: 0px !important;text-indent: 11px;}\r\n.p51{text-align: left;padding-left: 0px;padding-right: 147px;margin-top: 4px;margin-bottom: 0px !important;text-indent: 11px;}\r\n.p52{text-align: left;padding-left: 0px;margin-top: 10px;margin-bottom: 0px !important;}\r\n.p53{text-align: left;padding-left: 0px;padding-right: 147px;margin-top: 5px;margin-bottom: 0px !important;}\r\n.p54{text-align: left;padding-left: 160px;padding-right: 189px;margin-top: 44px;margin-bottom: 0px !important;text-indent: 0.61px;}\r\n.p55{text-align: left;padding-left: 0px;padding-right: 168px;margin-top: 14px;margin-bottom: 0px !important;}\r\n.p56{text-align: left;padding-left: 0px;padding-right: 147px;margin-top: 7px;margin-bottom: 0px !important;text-indent: 11px;}\r\n.p57{text-align: left;margin-top: 1px;margin-bottom: 0px !important;}\r\n.p58{text-align: left;padding-left: 0px;padding-right: 0px;margin-top: 0px;margin-bottom: 0px !important;text-indent: 0.19px;}\r\n.p59{text-align: left;padding-left: 0px;padding-right: 0px;margin-top: 2px;margin-bottom: 0px !important;text-indent: 0.19px;}\r\n.p60{text-align: left;margin-top: 5px;margin-bottom: 0px !important;}\r\n.p61{text-align: left;padding-right: 0px;margin-top: 13px;margin-bottom: 0px !important;}\r\n.p62{text-align: left;padding-left: 0px;margin-top: 752px;margin-bottom: 0px !important;}\r\n.p63{text-align: left;padding-left: 0px;margin-top: 0px;margin-bottom: 0px !important;text-indent: 0.112px;}\r\n.p64{text-align: left;padding-right: 147px;margin-top: 10px;margin-bottom: 0px !important;}\r\n.p65{text-align: left;padding-right: 147px;margin-top: 8px;margin-bottom: 0px !important;text-indent: 11px;}\r\n.p66{text-align: left;margin-top: 36px;margin-bottom: 0px !important;}\r\n.p67{text-align: left;padding-right: 147px;margin-top: 12px;margin-bottom: 0px !important;}\r\n.p68{text-align: left;padding-right: 126px;margin-top: 0px;margin-bottom: 0px !important;}\r\n.p69{text-align: left;padding-right: 336px;margin-top: 0px;margin-bottom: 0px !important;}\r\n.p70{text-align: left;padding-right: 336px;margin-top: 0px;margin-bottom: 0px !important;text-indent: 11px;}\r\n.p71{text-align: left;padding-right: 336px;margin-top: 4px;margin-bottom: 0px !important;text-indent: 11px;}\r\n.p72{text-align: left;padding-left: 0px;padding-right: 441px;margin-top: 49px;margin-bottom: 0px !important;text-indent: 0.60px;}\r\n.p73{text-align: left;padding-right: 336px;margin-top: 11px;margin-bottom: 0px !important;}\r\n.p74{text-align: left;padding-left: 460px;margin-top: 11px;margin-bottom: 0px !important;}\r\n.p75{text-align: left;padding-left: 0px;padding-right: 147px;margin-top: 0px;margin-bottom: 0px !important;text-indent: 0.112px;}\r\n.p76{text-align: left;margin-top: 732px;margin-bottom: 0px !important;}\r\n.p77{text-align: left;padding-left: 120px;padding-right: 336px;margin-top: 0px;margin-bottom: 0px !important;}\r\n.p78{text-align: left;padding-left: 120px;padding-right: 336px;margin-top: 12px;margin-bottom: 0px !important;}\r\n.p79{text-align: left;padding-left: 120px;margin-top: 11px;margin-bottom: 0px !important;}\r\n.p80{text-align: left;padding-left: 300px;margin-top: 15px;margin-bottom: 0px !important;}\r\n.p81{text-align: left;padding-left: 120px;margin-top: 16px;margin-bottom: 0px !important;}\r\n.p82{text-align: left;padding-left: 120px;padding-right: 336px;margin-top: 31px;margin-bottom: 0px !important;}\r\n.p83{text-align: left;padding-left: 120px;padding-right: 336px;margin-top: 11px;margin-bottom: 0px !important;}\r\n.p84{text-align: left;padding-left: 120px;margin-top: 13px;margin-bottom: 0px !important;}\r\n.p85{text-align: left;padding-left: 300px;margin-top: 16px;margin-bottom: 0px !important;}\r\n.p86{text-align: left;padding-left: 120px;padding-right: 336px;margin-top: 14px;margin-bottom: 0px !important;}\r\n.p87{text-align: right;padding-right: 126px;margin-top: 0px;margin-bottom: 0px !important;}\r\n.p88{text-align: left;margin-top: 0px;margin-bottom: 0px !important;}\r\n.p89{text-align: left;padding-left: 260px;margin-top: 0px;margin-bottom: 0px !important;}\r\n.p90{text-align: left;padding-left: 0px;padding-right: 147px;margin-top: 16px;margin-bottom: 0px !important;}\r\n.p91{text-align: left;padding-left: 0px;padding-right: 147px;margin-top: 12px;margin-bottom: 0px !important;}\r\n.p92{text-align: left;padding-left: 260px;margin-top: 18px;margin-bottom: 0px !important;}\r\n.p93{text-align: left;padding-left: 260px;margin-top: 11px;margin-bottom: 0px !important;}\r\n.p94{text-align: left;padding-left: 0px;margin-top: 11px;margin-bottom: 0px !important;}\r\n.p95{text-align: left;margin-top: 13px;margin-bottom: 0px !important;}\r\n.p96{text-align: left;margin-top: 12px;margin-bottom: 0px !important;}\r\n.p97{text-align: left;padding-left: 0px;margin-top: 734px;margin-bottom: 0px !important;}\r\n.p98{text-align: left;padding-left: 0px;margin-top: 0px;margin-bottom: 0px !important;}\r\n.p99{text-align: left;padding-left: 0px;margin-top: 20px;margin-bottom: 0px !important;}\r\n.p100{text-align: left;padding-left: 0px;margin-top: 15px;margin-bottom: 0px !important;}\r\n.p101{text-align: left;padding-left: 0px;padding-right: 168px;margin-top: 15px;margin-bottom: 0px !important;}\r\n.p102{text-align: left;padding-left: 0px;margin-top: 13px;margin-bottom: 0px !important;}\r\n.p103{text-align: left;padding-left: 0px;margin-top: 76px;margin-bottom: 0px !important;}\r\n.p104{text-align: left;margin-top: 483px;margin-bottom: 0px !important;}\r\n\r\n.td0{padding: 0px;margin: 0px;width: 359px;vertical-align: bottom;}\r\n.td1{padding: 0px;margin: 0px;width: 168px;vertical-align: bottom;}\r\n.td2{border-bottom: #000000 1px solid;padding: 0px;margin: 0px;width: 359px;vertical-align: bottom;}\r\n.td3{border-bottom: #000000 1px solid;padding: 0px;margin: 0px;width: 168px;vertical-align: bottom;}\r\n.td4{padding: 0px;margin: 0px;width: 17px;vertical-align: bottom;}\r\n.td5{padding: 0px;margin: 0px;width: 387px;vertical-align: bottom;}\r\n.td6{padding: 0px;margin: 0px;width: 6px;vertical-align: bottom;}\r\n.td7{padding: 0px;margin: 0px;width: 7px;vertical-align: bottom;}\r\n.td8{padding: 0px;margin: 0px;width: 390px;vertical-align: bottom;}\r\n.td9{padding: 0px;margin: 0px;width: 14px;vertical-align: bottom;}\r\n.td10{padding: 0px;margin: 0px;width: 72px;vertical-align: bottom;}\r\n.td11{padding: 0px;margin: 0px;width: 318px;vertical-align: bottom;}\r\n.td12{padding: 0px;margin: 0px;width: 79px;vertical-align: bottom;}\r\n.td13{padding: 0px;margin: 0px;width: 397px;vertical-align: bottom;}\r\n.td14{padding: 0px;margin: 0px;width: 36px;vertical-align: bottom;}\r\n.td15{padding: 0px;margin: 0px;width: 389px;vertical-align: bottom;}\r\n.td16{padding: 0px;margin: 0px;width: 103px;vertical-align: bottom;}\r\n.td17{padding: 0px;margin: 0px;width: 182px;vertical-align: bottom;}\r\n.td18{padding: 0px;margin: 0px;width: 344px;vertical-align: bottom;}\r\n.td19{padding: 0px;margin: 0px;width: 63px;vertical-align: bottom;}\r\n.td20{padding: 0px;margin: 0px;width: 207px;vertical-align: bottom;}\r\n.td21{padding: 0px;margin: 0px;width: 47px;vertical-align: bottom;}\r\n.td22{padding: 0px;margin: 0px;width: 165px;vertical-align: bottom;}\r\n.td23{padding: 0px;margin: 0px;width: 48px;vertical-align: bottom;}\r\n.td24{padding: 0px;margin: 0px;width: 133px;vertical-align: bottom;}\r\n.td25{padding: 0px;margin: 0px;width: 74px;vertical-align: bottom;}\r\n.td26{padding: 0px;margin: 0px;width: 93px;vertical-align: bottom;}\r\n.td27{padding: 0px;margin: 0px;width: 255px;vertical-align: bottom;}\r\n.td28{padding: 0px;margin: 0px;width: 214px;vertical-align: bottom;}\r\n.td29{padding: 0px;margin: 0px;width: 469px;vertical-align: bottom;}\r\n.td30{padding: 0px;margin: 0px;width: 348px;vertical-align: bottom;}\r\n.td31{padding: 0px;margin: 0px;width: 118px;vertical-align: bottom;}\r\n.td32{padding: 0px;margin: 0px;width: 413px;vertical-align: bottom;}\r\n.td33{padding: 0px;margin: 0px;width: 234px;vertical-align: bottom;}\r\n\r\n.tr0{heightzzz: 31px;}\r\n.tr1{heightzzz: 23px;}\r\n.tr2{heightzzz: 19px;}\r\n.tr3{heightzzz: 21px;}\r\n.tr4{heightzzz: 22px;}\r\n.tr5{heightzzz: 20px;}\r\n.tr6{heightzzz: 16px;}\r\n.tr7{heightzzz: 18px;}\r\n.tr8{heightzzz: 15px;}\r\n.tr9{heightzzz: 28px;}\r\n.tr10{heightzzz: 27px;}\r\n.tr11{heightzzz: 29px;}\r\n.tr12{heightzzz: 56px;}\r\n.tr13{heightzzz: 43px;}\r\n.tr14{heightzzz: 17px;}\r\n.tr15{heightzzz: 30px;}\r\n.tr16{heightzzz: 32px;}\r\n.tr17{heightzzz: 47px;}\r\n\r\n.t0{width: 552px;margin-leftZ: 154px;margin-top: 5px;f:20px 'Verdana' !important;}\r\n.t1{width: 431px;margin-leftZ: 113px;margin-top: 20px;f:13px 'Verdana' !important;}\r\n.t2{width: 432px;margin-leftZ: 113px;f:13px 'Verdana' !important;}\r\n.t3{width: 555px;margin-leftZ: 153px;f:20px 'Verdana' !important;}\r\n.t4{width: 552px;f:20px 'Verdana' !important;}\r\n.t5{width: 557px;margin-top: 8px;f:italic 13px 'Verdana' !important;}\r\n.t6{width: 557px;f:13px 'Verdana' !important;}\r\n.t7{width: 436px;margin-leftZ: 6px;f:20px 'Verdana' !important;}\r\n\r\n</STYLE>\r\n\r\n\r\n\r\n<DIV id=\"page_1\">\r\n<DIV id=\"p1dimg1\">\r\n<INGENBILD zsrc=\"H6031261x1.jpg/\" id=\"p1img1\">\r\n</DIV>\r\n\r\n\r\n<DIV class=\"dclr\"></DIV>\r\n<P class=\"p0 ft0\">Regeringens proposition 2018/19:126</P>\r\n<TABLE cellpadding=0 cellspacing=0 class=\"t0\">\r\n<TR>\r\n\t<TD class=\"tr0 td0\"><SPAN class=\"p1 ft1\">Ändring i det nordiska skatteavtalet</SPAN> </TD>\r\n\t<TD class=\"tr0 td1\"><SPAN class=\"p2 ft1\">Prop.</SPAN> </TD>\r\n</TR>\r\n<TR>\r\n\t<TD class=\"tr1 td2\"><SPAN class=\"p3 ft2\"> </SPAN> </TD>\r\n\t<TD class=\"tr1 td3\"><SPAN class=\"p2 ft1\">2018/19:126</SPAN> </TD>\r\n</TR>\r\n</TABLE>\r\n<P class=\"p4 ft3\">Regeringen överlämnar denna proposition till riksdagen.</P>\r\n<P class=\"p5 ft3\">Stockholm den 5 juni 2019</P>\r\n<P class=\"p6 ft4\">Stefan Löfvén</P>\r\n<P class=\"p7 ft6\">Magdalena Andersson <SPAN class=\"ft5\">(Finansdepartementet)</SPAN></P>\r\n<P class=\"p8 ft1\">Propositionens huvudsakliga innehåll</P>\r\n<P class=\"p9 ft3\">I propositionen föreslås att riksdagen godkänner ett protokoll om ändring i avtalet mellan de nordiska länderna för att undvika dubbelbeskattning beträffande skatter på inkomst och på förmögenhet samt – med anledning av detta protokoll – antar en lag om ändring i lagen (1996:1512) om dubbelbeskattningsavtal mellan de nordiska länderna. Protokollet innebär att nya internationella minimistandarder på skatteavtalsområdet som tagits fram inom ramen för det s.k. <NOBR>BEPS-projektet</NOBR> införs i det nordiska skatteavtalet.</P>\r\n<P class=\"p10 ft5\">De nya bestämmelserna föreslås träda i kraft den dag regeringen bestämmer.</P>\r\n<P class=\"p11 ft3\">1</P>\r\n</DIV>\r\n<DIV id=\"page_2\">\r\n\r\n\r\n<P class=\"p12 ft1\"><SPAN class=\"ft7\">Prop. 2018/19:126 </SPAN>Innehållsförteckning</P>\r\n<TABLE cellpadding=0 cellspacing=0 class=\"t1\">\r\n<TR>\r\n\t<TD class=\"tr2 td4\"><SPAN class=\"p13 ft3\">1</SPAN> </TD>\r\n\t<TD class=\"tr2 td5\"><SPAN class=\"p14 ft3\">Förslag till riksdagsbeslut .................................................................</SPAN> </TD>\r\n\t<TD class=\"tr2 td6\"><SPAN class=\"p15 ft3\">3</SPAN> </TD>\r\n</TR>\r\n</TABLE>\r\n<P class=\"p16 ft3\"><SPAN class=\"ft3\">2</SPAN><SPAN class=\"ft8\">Förslag till lag om ändring i lagen (1996:1512) om</SPAN></P>\r\n<TABLE cellpadding=0 cellspacing=0 class=\"t2\">\r\n<TR>\r\n\t<TD class=\"tr3 td7\"><SPAN class=\"p3 ft2\"> </SPAN> </TD>\r\n\t<TD colspan=2 class=\"tr3 td8\"><SPAN class=\"p17 ft3\">dubbelbeskattningsavtal mellan de nordiska länderna ......................</SPAN> </TD>\r\n\t<TD class=\"tr3 td9\"><SPAN class=\"p18 ft3\">4</SPAN> </TD>\r\n</TR>\r\n<TR>\r\n\t<TD class=\"tr4 td7\"><SPAN class=\"p3 ft3\">3</SPAN> </TD>\r\n\t<TD colspan=2 class=\"tr4 td8\"><SPAN class=\"p17 ft3\">Ärendet och dess beredning ............................................................</SPAN> </TD>\r\n\t<TD class=\"tr4 td9\"><SPAN class=\"p18 ft3\">10</SPAN> </TD>\r\n</TR>\r\n<TR>\r\n\t<TD class=\"tr5 td7\"><SPAN class=\"p3 ft3\">4</SPAN> </TD>\r\n\t<TD colspan=2 class=\"tr5 td8\"><SPAN class=\"p17 ft3\">Protokollet om ändring i det nordiska skatteavtalet ........................</SPAN> </TD>\r\n\t<TD class=\"tr5 td9\"><SPAN class=\"p18 ft3\">10</SPAN> </TD>\r\n</TR>\r\n<TR>\r\n\t<TD class=\"tr6 td7\"><SPAN class=\"p3 ft2\"> </SPAN> </TD>\r\n\t<TD class=\"tr6 td10\"><SPAN class=\"p17 ft3\">4.1</SPAN> </TD>\r\n\t<TD class=\"tr6 td11\"><SPAN class=\"p3 ft3\">Lagförslaget......................................................................</SPAN> </TD>\r\n\t<TD class=\"tr6 td9\"><SPAN class=\"p18 ft3\">12</SPAN> </TD>\r\n</TR>\r\n<TR>\r\n\t<TD class=\"tr7 td7\"><SPAN class=\"p3 ft2\"> </SPAN> </TD>\r\n\t<TD class=\"tr7 td10\"><SPAN class=\"p17 ft3\">4.2</SPAN> </TD>\r\n\t<TD class=\"tr7 td11\"><SPAN class=\"p3 ft3\">Protokollets innehåll.........................................................</SPAN> </TD>\r\n\t<TD class=\"tr7 td9\"><SPAN class=\"p15 ft3\">12</SPAN> </TD>\r\n</TR>\r\n<TR>\r\n\t<TD class=\"tr5 td7\"><SPAN class=\"p3 ft3\">5</SPAN> </TD>\r\n\t<TD colspan=2 class=\"tr5 td8\"><SPAN class=\"p17 ft3\">Konsekvenser för de offentliga finanserna .....................................</SPAN> </TD>\r\n\t<TD class=\"tr5 td9\"><SPAN class=\"p15 ft3\">13</SPAN> </TD>\r\n</TR>\r\n<TR>\r\n\t<TD colspan=2 class=\"tr3 td12\"><SPAN class=\"p3 ft3\">Bilaga 1</SPAN> </TD>\r\n\t<TD class=\"tr3 td11\"><SPAN class=\"p3 ft3\">Protokoll om ändring i avtalet mellan de nordiska</SPAN> </TD>\r\n\t<TD class=\"tr3 td9\"><SPAN class=\"p3 ft2\"> </SPAN> </TD>\r\n</TR>\r\n<TR>\r\n\t<TD class=\"tr8 td7\"><SPAN class=\"p3 ft2\"> </SPAN> </TD>\r\n\t<TD class=\"tr8 td10\"><SPAN class=\"p3 ft2\"> </SPAN> </TD>\r\n\t<TD class=\"tr8 td11\"><SPAN class=\"p3 ft3\">länderna för att undvika dubbelbeskattning</SPAN> </TD>\r\n\t<TD class=\"tr8 td9\"><SPAN class=\"p3 ft2\"> </SPAN> </TD>\r\n</TR>\r\n<TR>\r\n\t<TD class=\"tr7 td7\"><SPAN class=\"p3 ft2\"> </SPAN> </TD>\r\n\t<TD class=\"tr7 td10\"><SPAN class=\"p3 ft2\"> </SPAN> </TD>\r\n\t<TD class=\"tr7 td11\"><SPAN class=\"p3 ft3\">beträffande skatter på inkomst och på förmögenhet.........</SPAN> </TD>\r\n\t<TD class=\"tr7 td9\"><SPAN class=\"p15 ft3\">15</SPAN> </TD>\r\n</TR>\r\n<TR>\r\n\t<TD colspan=3 class=\"tr3 td13\"><SPAN class=\"p3 ft3\">Utdrag ur protokoll vid regeringssammanträde den 5 juni 2019.............</SPAN> </TD>\r\n\t<TD class=\"tr3 td9\"><SPAN class=\"p15 ft3\">18</SPAN> </TD>\r\n</TR>\r\n</TABLE>\r\n<P class=\"p19 ft3\">2</P>\r\n</DIV>\r\n<DIV id=\"page_3\">\r\n\r\n\r\n<TABLE cellpadding=0 cellspacing=0 class=\"t3\">\r\n<TR>\r\n\t<TD class=\"tr9 td14\"><SPAN class=\"p20 ft1\">1</SPAN> </TD>\r\n\t<TD class=\"tr9 td15\"><SPAN class=\"p21 ft1\">Förslag till riksdagsbeslut</SPAN> </TD>\r\n\t<TD class=\"tr9 td16\"><SPAN class=\"p3 ft3\">Prop. 2018/19:126</SPAN> </TD>\r\n</TR>\r\n</TABLE>\r\n<P class=\"p22 ft3\">Regeringens förslag:</P>\r\n<P class=\"p23 ft10\"><SPAN class=\"ft3\">1.</SPAN><SPAN class=\"ft9\">Riksdagen godkänner protokollet undertecknat den 29 augusti 2018 om ändring i avtalet mellan de nordiska länderna för att undvika dubbelbeskattning beträffande skatter på inkomst och på förmögenhet.</SPAN></P>\r\n<P class=\"p24 ft5\"><SPAN class=\"ft3\">2.</SPAN><SPAN class=\"ft11\">Riksdagen antar regeringens förslag till lag om ändring i lagen (1996:1512) om dubbelbeskattningsavtal mellan de nordiska länderna.</SPAN></P>\r\n<P class=\"p25 ft3\">3</P>\r\n</DIV>\r\n<DIV id=\"page_4\">\r\n\r\n\r\n<TABLE cellpadding=0 cellspacing=0 class=\"t4\">\r\n<TR>\r\n\t<TD class=\"tr0 td17\"><SPAN class=\"p3 ft3\">Prop. 2018/19:126 <SPAN class=\"ft12\">2</SPAN></SPAN> </TD>\r\n\t<TD class=\"tr0 td18\"><SPAN class=\"p3 ft1\">Förslag till lag om ändring i lagen</SPAN> </TD>\r\n</TR>\r\n<TR>\r\n\t<TD class=\"tr1 td17\"><SPAN class=\"p3 ft2\"> </SPAN> </TD>\r\n\t<TD class=\"tr1 td18\"><SPAN class=\"p3 ft1\">(1996:1512) om dubbelbeskattningsavtal</SPAN> </TD>\r\n</TR>\r\n<TR>\r\n\t<TD class=\"tr10 td17\"><SPAN class=\"p3 ft2\"> </SPAN> </TD>\r\n\t<TD class=\"tr10 td18\"><SPAN class=\"p3 ft1\">mellan de nordiska länderna</SPAN> </TD>\r\n</TR>\r\n</TABLE>\r\n<P class=\"p26 ft10\">Härigenom föreskrivs att 1 § lagen (1996:1512) om dubbelbeskattningsavtal mellan de nordiska länderna och bilaga 1 till lagen ska ha följande lydelse.</P>\r\n<TABLE cellpadding=0 cellspacing=0 class=\"t5\">\r\n<TR>\r\n\t<TD class=\"tr1 td19\"><SPAN class=\"p3 ft2\"> </SPAN> </TD>\r\n\t<TD colspan=2 class=\"tr1 td20\"><SPAN class=\"p27 ft4\">Nuvarande lydelse</SPAN> </TD>\r\n\t<TD class=\"tr1 td21\"><SPAN class=\"p3 ft2\"> </SPAN> </TD>\r\n\t<TD colspan=2 class=\"tr1 td22\"><SPAN class=\"p28 ft4\">Föreslagen lydelse</SPAN> </TD>\r\n\t<TD class=\"tr1 td23\"><SPAN class=\"p3 ft2\"> </SPAN> </TD>\r\n</TR>\r\n<TR>\r\n\t<TD class=\"tr11 td19\"><SPAN class=\"p3 ft2\"> </SPAN> </TD>\r\n\t<TD class=\"tr11 td24\"><SPAN class=\"p3 ft2\"> </SPAN> </TD>\r\n\t<TD class=\"tr11 td25\"><SPAN class=\"p3 ft2\"> </SPAN> </TD>\r\n\t<TD class=\"tr11 td21\"><SPAN class=\"p3 ft2\"> </SPAN> </TD>\r\n\t<TD class=\"tr11 td26\"><SPAN class=\"p29 ft3\">1 §<SPAN class=\"ft13\">1</SPAN></SPAN> </TD>\r\n\t<TD class=\"tr11 td10\"><SPAN class=\"p3 ft2\"> </SPAN> </TD>\r\n\t<TD class=\"tr11 td23\"><SPAN class=\"p3 ft2\"> </SPAN> </TD>\r\n</TR>\r\n<TR>\r\n\t<TD class=\"tr6 td19\"><SPAN class=\"p3 ft2\"> </SPAN> </TD>\r\n\t<TD colspan=3 class=\"tr6 td27\"><SPAN class=\"p18 ft3\">Det avtal för att undvika dubbel-</SPAN> </TD>\r\n\t<TD colspan=3 class=\"tr6 td28\"><SPAN class=\"p15 ft3\">Det avtal för att undvika dubbel-</SPAN> </TD>\r\n</TR>\r\n<TR>\r\n\t<TD class=\"tr8 td19\"><SPAN class=\"p3 ft2\"> </SPAN> </TD>\r\n\t<TD colspan=3 class=\"tr8 td27\"><SPAN class=\"p27 ft3\">beskattning beträffande skatter på</SPAN> </TD>\r\n\t<TD colspan=3 class=\"tr8 td28\"><SPAN class=\"p15 ft3\">beskattning beträffande skatter på</SPAN> </TD>\r\n</TR>\r\n<TR>\r\n\t<TD class=\"tr8 td19\"><SPAN class=\"p3 ft2\"> </SPAN> </TD>\r\n\t<TD colspan=3 class=\"tr8 td27\"><SPAN class=\"p27 ft3\">inkomst och på förmögenhet som</SPAN> </TD>\r\n\t<TD colspan=3 class=\"tr8 td28\"><SPAN class=\"p15 ft3\">inkomst och på förmögenhet som</SPAN> </TD>\r\n</TR>\r\n<TR>\r\n\t<TD class=\"tr6 td19\"><SPAN class=\"p3 ft2\"> </SPAN> </TD>\r\n\t<TD class=\"tr6 td24\"><SPAN class=\"p27 ft3\">Danmark,</SPAN> </TD>\r\n\t<TD class=\"tr6 td25\"><SPAN class=\"p3 ft3\">Färöarna,</SPAN> </TD>\r\n\t<TD class=\"tr6 td21\"><SPAN class=\"p18 ft3\">Finland,</SPAN> </TD>\r\n\t<TD class=\"tr6 td26\"><SPAN class=\"p28 ft3\">Danmark,</SPAN> </TD>\r\n\t<TD class=\"tr6 td10\"><SPAN class=\"p3 ft3\">Färöarna,</SPAN> </TD>\r\n\t<TD class=\"tr6 td23\"><SPAN class=\"p15 ft3\">Finland,</SPAN> </TD>\r\n</TR>\r\n<TR>\r\n\t<TD class=\"tr8 td19\"><SPAN class=\"p3 ft2\"> </SPAN> </TD>\r\n\t<TD colspan=3 class=\"tr8 td27\"><SPAN class=\"p27 ft3\">Island, Norge och Sverige under-</SPAN> </TD>\r\n\t<TD colspan=3 class=\"tr8 td28\"><SPAN class=\"p15 ft3\">Island, Norge och Sverige under-</SPAN> </TD>\r\n</TR>\r\n<TR>\r\n\t<TD class=\"tr8 td19\"><SPAN class=\"p3 ft2\"> </SPAN> </TD>\r\n\t<TD colspan=3 class=\"tr8 td27\"><SPAN class=\"p27 ft3\">tecknade den 23 september 1996</SPAN> </TD>\r\n\t<TD colspan=3 class=\"tr8 td28\"><SPAN class=\"p15 ft3\">tecknade den 23 september 1996</SPAN> </TD>\r\n</TR>\r\n<TR>\r\n\t<TD class=\"tr6 td19\"><SPAN class=\"p3 ft2\"> </SPAN> </TD>\r\n\t<TD colspan=3 class=\"tr6 td27\"><SPAN class=\"p27 ft3\">ska tillsammans med det protokoll</SPAN> </TD>\r\n\t<TD colspan=3 class=\"tr6 td28\"><SPAN class=\"p15 ft3\">ska tillsammans med det protokoll</SPAN> </TD>\r\n</TR>\r\n<TR>\r\n\t<TD class=\"tr8 td19\"><SPAN class=\"p3 ft2\"> </SPAN> </TD>\r\n\t<TD colspan=3 class=\"tr8 td27\"><SPAN class=\"p27 ft3\">som är fogat till avtalet och som</SPAN> </TD>\r\n\t<TD colspan=3 class=\"tr8 td28\"><SPAN class=\"p15 ft3\">som är fogat till avtalet och som</SPAN> </TD>\r\n</TR>\r\n<TR>\r\n\t<TD class=\"tr8 td19\"><SPAN class=\"p3 ft2\"> </SPAN> </TD>\r\n\t<TD colspan=3 class=\"tr8 td27\"><SPAN class=\"p27 ft3\">utgör en del av detta, i den lydelse</SPAN> </TD>\r\n\t<TD colspan=3 class=\"tr8 td28\"><SPAN class=\"p15 ft3\">utgör en del av detta, i den lydelse</SPAN> </TD>\r\n</TR>\r\n<TR>\r\n\t<TD class=\"tr6 td19\"><SPAN class=\"p3 ft2\"> </SPAN> </TD>\r\n\t<TD colspan=3 class=\"tr6 td27\"><SPAN class=\"p27 ft3\">dessa har genom <SPAN class=\"ft4\">det </SPAN>protokoll om</SPAN> </TD>\r\n\t<TD colspan=3 class=\"tr6 td28\"><SPAN class=\"p15 ft3\">dessa har genom <SPAN class=\"ft4\">de </SPAN>protokoll om</SPAN> </TD>\r\n</TR>\r\n<TR>\r\n\t<TD class=\"tr8 td19\"><SPAN class=\"p3 ft2\"> </SPAN> </TD>\r\n\t<TD colspan=3 class=\"tr8 td27\"><SPAN class=\"p27 ft3\">ändring i avtalet som underteckna-</SPAN> </TD>\r\n\t<TD colspan=3 class=\"tr8 td28\"><SPAN class=\"p15 ft3\">ändring i avtalet som underteckna-</SPAN> </TD>\r\n</TR>\r\n<TR>\r\n\t<TD class=\"tr8 td19\"><SPAN class=\"p3 ft2\"> </SPAN> </TD>\r\n\t<TD colspan=3 class=\"tr8 td27\"><SPAN class=\"p27 ft3\">des den 4 april 2008, gälla som lag</SPAN> </TD>\r\n\t<TD colspan=3 class=\"tr8 td28\"><SPAN class=\"p15 ft4\"><SPAN class=\"ft3\">des </SPAN>den 6 oktober 1997, <SPAN class=\"ft3\">den 4 april</SPAN></SPAN> </TD>\r\n</TR>\r\n<TR>\r\n\t<TD class=\"tr6 td19\"><SPAN class=\"p3 ft2\"> </SPAN> </TD>\r\n\t<TD colspan=3 class=\"tr6 td27\"><SPAN class=\"p27 ft3\">här i landet. Avtalets bestämmelse i</SPAN> </TD>\r\n\t<TD colspan=3 class=\"tr6 td28\"><SPAN class=\"p15 ft4\"><SPAN class=\"ft3\">2008 </SPAN>och den 29 augusti 2018<SPAN class=\"ft3\">,</SPAN></SPAN> </TD>\r\n</TR>\r\n<TR>\r\n\t<TD class=\"tr8 td19\"><SPAN class=\"p3 ft2\"> </SPAN> </TD>\r\n\t<TD colspan=3 class=\"tr8 td27\"><SPAN class=\"p27 ft3\">artikel 3 punkt 1 a att uttrycket</SPAN> </TD>\r\n\t<TD colspan=3 class=\"tr8 td28\"><SPAN class=\"p15 ft3\">gälla som lag här i landet. Avtalets</SPAN> </TD>\r\n</TR>\r\n<TR>\r\n\t<TD class=\"tr8 td19\"><SPAN class=\"p3 ft2\"> </SPAN> </TD>\r\n\t<TD colspan=3 class=\"tr8 td27\"><SPAN class=\"p27 ft3\">\"Finland\" inte inbegriper land-</SPAN> </TD>\r\n\t<TD colspan=3 class=\"tr8 td28\"><SPAN class=\"p15 ft3\">bestämmelse i artikel 3 punkt 1 a att</SPAN> </TD>\r\n</TR>\r\n<TR>\r\n\t<TD class=\"tr6 td19\"><SPAN class=\"p3 ft2\"> </SPAN> </TD>\r\n\t<TD colspan=3 class=\"tr6 td27\"><SPAN class=\"p27 ft3\">skapet Åland i fråga om den finska</SPAN> </TD>\r\n\t<TD colspan=3 class=\"tr6 td28\"><SPAN class=\"p15 ft3\">uttrycket \"Finland\" inte inbegriper</SPAN> </TD>\r\n</TR>\r\n<TR>\r\n\t<TD class=\"tr8 td19\"><SPAN class=\"p3 ft2\"> </SPAN> </TD>\r\n\t<TD colspan=3 class=\"tr8 td27\"><SPAN class=\"p27 ft3\">kommunalskatten ska inte gälla.</SPAN> </TD>\r\n\t<TD colspan=3 class=\"tr8 td28\"><SPAN class=\"p15 ft3\">landskapet Åland i fråga om den</SPAN> </TD>\r\n</TR>\r\n<TR>\r\n\t<TD class=\"tr8 td19\"><SPAN class=\"p3 ft2\"> </SPAN> </TD>\r\n\t<TD class=\"tr8 td24\"><SPAN class=\"p3 ft2\"> </SPAN> </TD>\r\n\t<TD class=\"tr8 td25\"><SPAN class=\"p3 ft2\"> </SPAN> </TD>\r\n\t<TD class=\"tr8 td21\"><SPAN class=\"p3 ft2\"> </SPAN> </TD>\r\n\t<TD colspan=2 class=\"tr8 td22\"><SPAN class=\"p28 ft3\">finska kommunalskatten</SPAN> </TD>\r\n\t<TD class=\"tr8 td23\"><SPAN class=\"p15 ft3\">ska inte</SPAN> </TD>\r\n</TR>\r\n<TR>\r\n\t<TD class=\"tr6 td19\"><SPAN class=\"p3 ft2\"> </SPAN> </TD>\r\n\t<TD class=\"tr6 td24\"><SPAN class=\"p3 ft2\"> </SPAN> </TD>\r\n\t<TD class=\"tr6 td25\"><SPAN class=\"p3 ft2\"> </SPAN> </TD>\r\n\t<TD class=\"tr6 td21\"><SPAN class=\"p3 ft2\"> </SPAN> </TD>\r\n\t<TD class=\"tr6 td26\"><SPAN class=\"p28 ft3\">gälla.</SPAN> </TD>\r\n\t<TD class=\"tr6 td10\"><SPAN class=\"p3 ft2\"> </SPAN> </TD>\r\n\t<TD class=\"tr6 td23\"><SPAN class=\"p3 ft2\"> </SPAN> </TD>\r\n</TR>\r\n<TR>\r\n\t<TD class=\"tr8 td19\"><SPAN class=\"p3 ft2\"> </SPAN> </TD>\r\n\t<TD colspan=6 class=\"tr8 td29\"><SPAN class=\"p15 ft3\">Avtalet och protokollet är avfattade på danska, färöiska, finska,</SPAN> </TD>\r\n</TR>\r\n<TR>\r\n\t<TD class=\"tr8 td19\"><SPAN class=\"p3 ft2\"> </SPAN> </TD>\r\n\t<TD colspan=6 class=\"tr8 td29\"><SPAN class=\"p15 ft3\">isländska, norska och svenska språken. På svenska språket har utfärdats</SPAN> </TD>\r\n</TR>\r\n<TR>\r\n\t<TD class=\"tr6 td19\"><SPAN class=\"p3 ft2\"> </SPAN> </TD>\r\n\t<TD colspan=6 class=\"tr6 td29\"><SPAN class=\"p15 ft3\">två texter, en för Finland och en för Sverige. Samtliga texter har samma</SPAN> </TD>\r\n</TR>\r\n<TR>\r\n\t<TD class=\"tr8 td19\"><SPAN class=\"p3 ft2\"> </SPAN> </TD>\r\n\t<TD colspan=6 class=\"tr8 td29\"><SPAN class=\"p15 ft3\">giltighet. Den för Sverige utfärdade texten framgår av bilaga 1 till denna</SPAN> </TD>\r\n</TR>\r\n<TR>\r\n\t<TD class=\"tr8 td19\"><SPAN class=\"p3 ft2\"> </SPAN> </TD>\r\n\t<TD class=\"tr8 td24\"><SPAN class=\"p27 ft3\">lag.</SPAN> </TD>\r\n\t<TD class=\"tr8 td25\"><SPAN class=\"p3 ft2\"> </SPAN> </TD>\r\n\t<TD class=\"tr8 td21\"><SPAN class=\"p3 ft2\"> </SPAN> </TD>\r\n\t<TD class=\"tr8 td26\"><SPAN class=\"p3 ft2\"> </SPAN> </TD>\r\n\t<TD class=\"tr8 td10\"><SPAN class=\"p3 ft2\"> </SPAN> </TD>\r\n\t<TD class=\"tr8 td23\"><SPAN class=\"p3 ft2\"> </SPAN> </TD>\r\n</TR>\r\n<TR>\r\n\t<TD class=\"tr6 td19\"><SPAN class=\"p3 ft2\"> </SPAN> </TD>\r\n\t<TD colspan=6 class=\"tr6 td29\"><SPAN class=\"p15 ft3\">Det avtal mellan Sverige och Danmark om beskattning av anställda</SPAN> </TD>\r\n</TR>\r\n<TR>\r\n\t<TD class=\"tr8 td19\"><SPAN class=\"p3 ft2\"> </SPAN> </TD>\r\n\t<TD colspan=6 class=\"tr8 td29\"><SPAN class=\"p15 ft3\">ombord på färjor och tåg i reguljär trafik mellan Danmark och Sverige som</SPAN> </TD>\r\n</TR>\r\n<TR>\r\n\t<TD class=\"tr8 td19\"><SPAN class=\"p3 ft2\"> </SPAN> </TD>\r\n\t<TD colspan=6 class=\"tr8 td29\"><SPAN class=\"p15 ft3\">undertecknades den 30 september 1999 ska gälla som lag här i landet.</SPAN> </TD>\r\n</TR>\r\n<TR>\r\n\t<TD class=\"tr6 td19\"><SPAN class=\"p3 ft2\"> </SPAN> </TD>\r\n\t<TD colspan=6 class=\"tr6 td29\"><SPAN class=\"p15 ft3\">Avtalet är avfattat på danska och svenska språken. Den för Sverige</SPAN> </TD>\r\n</TR>\r\n<TR>\r\n\t<TD class=\"tr8 td19\"><SPAN class=\"p3 ft2\"> </SPAN> </TD>\r\n\t<TD colspan=4 class=\"tr8 td30\"><SPAN class=\"p27 ft3\">utfärdade texten framgår av bilaga 2 till denna lag.</SPAN> </TD>\r\n\t<TD class=\"tr8 td10\"><SPAN class=\"p3 ft2\"> </SPAN> </TD>\r\n\t<TD class=\"tr8 td23\"><SPAN class=\"p3 ft2\"> </SPAN> </TD>\r\n</TR>\r\n<TR>\r\n\t<TD class=\"tr8 td19\"><SPAN class=\"p3 ft2\"> </SPAN> </TD>\r\n\t<TD colspan=6 class=\"tr8 td29\"><SPAN class=\"p15 ft3\">Det avtal mellan Sverige och Norge som undertecknades den 22 oktober</SPAN> </TD>\r\n</TR>\r\n<TR>\r\n\t<TD class=\"tr6 td19\"><SPAN class=\"p3 ft2\"> </SPAN> </TD>\r\n\t<TD colspan=6 class=\"tr6 td29\"><SPAN class=\"p15 ft3\">2002 och som innehåller särskilda bestämmelser för undvikande av</SPAN> </TD>\r\n</TR>\r\n<TR>\r\n\t<TD class=\"tr8 td19\"><SPAN class=\"p3 ft2\"> </SPAN> </TD>\r\n\t<TD colspan=6 class=\"tr8 td29\"><SPAN class=\"p15 ft3\">dubbelbeskattning vid byggande, underhåll och drift av gränsbron som</SPAN> </TD>\r\n</TR>\r\n<TR>\r\n\t<TD class=\"tr8 td19\"><SPAN class=\"p3 ft2\"> </SPAN> </TD>\r\n\t<TD colspan=6 class=\"tr8 td29\"><SPAN class=\"p15 ft3\">ingår i den nya Svinesundsförbindelsen ska gälla som lag här i landet.</SPAN> </TD>\r\n</TR>\r\n<TR>\r\n\t<TD class=\"tr6 td19\"><SPAN class=\"p3 ft2\"> </SPAN> </TD>\r\n\t<TD colspan=6 class=\"tr6 td29\"><SPAN class=\"p15 ft3\">Avtalet är avfattat på svenska och norska språken. Den för Sverige</SPAN> </TD>\r\n</TR>\r\n<TR>\r\n\t<TD class=\"tr7 td19\"><SPAN class=\"p3 ft2\"> </SPAN> </TD>\r\n\t<TD colspan=4 class=\"tr7 td30\"><SPAN class=\"p27 ft3\">utfärdade texten framgår av bilaga 3 till denna lag.</SPAN> </TD>\r\n\t<TD class=\"tr7 td10\"><SPAN class=\"p3 ft2\"> </SPAN> </TD>\r\n\t<TD class=\"tr7 td23\"><SPAN class=\"p3 ft2\"> </SPAN> </TD>\r\n</TR>\r\n<TR>\r\n\t<TD class=\"tr12 td19\"><SPAN class=\"p30 ft3\">4</SPAN> </TD>\r\n\t<TD colspan=2 class=\"tr12 td20\"><SPAN class=\"p27 ft15\"><SPAN class=\"ft14\">1 </SPAN>Senaste lydelse 2008:653.</SPAN> </TD>\r\n\t<TD class=\"tr12 td21\"><SPAN class=\"p3 ft2\"> </SPAN> </TD>\r\n\t<TD class=\"tr12 td26\"><SPAN class=\"p3 ft2\"> </SPAN> </TD>\r\n\t<TD class=\"tr12 td10\"><SPAN class=\"p3 ft2\"> </SPAN> </TD>\r\n\t<TD class=\"tr12 td23\"><SPAN class=\"p3 ft2\"> </SPAN> </TD>\r\n</TR>\r\n</TABLE>\r\n</DIV>\r\n<DIV id=\"page_5\">\r\n<DIV id=\"p5dimg1\">\r\n<INGENBILD zsrc=\"H6031265x1.jpg/\" id=\"p5img1\">\r\n</DIV>\r\n\r\n\r\n<DIV>\r\n<DIV id=\"id_1\">\r\n<P class=\"p31 ft10\">Det avtal mellan Sverige och Danmark om vissa skattefrågor som undertecknades den 29 oktober 2003 ska gälla som lag här i landet. Avtalet är avfattat på svenska och danska språken. Den för Sverige utfärdade texten framgår av bilaga 4 till denna lag.</P>\r\n<P class=\"p32 ft3\"><SPAN class=\"ft3\">1.</SPAN><SPAN class=\"ft16\">Denna lag träder i kraft den dag regeringen bestämmer.</SPAN></P>\r\n<P class=\"p33 ft10\"><SPAN class=\"ft3\">2.</SPAN><SPAN class=\"ft17\">Denna lag ska tillämpas på skatter som tas ut för beskattningsår som börjar den 1 januari det kalenderår som följer närmast efter det år då lagen träder i kraft eller senare.</SPAN></P>\r\n</DIV>\r\n<DIV id=\"id_2\">\r\n<P class=\"p12 ft3\">Prop. 2018/19:126</P>\r\n<P class=\"p34 ft3\">5</P>\r\n</DIV>\r\n</DIV>\r\n</DIV>\r\n<DIV id=\"page_6\">\r\n\r\n\r\n<TABLE cellpadding=0 cellspacing=0 class=\"t6\">\r\n<TR>\r\n\t<TD class=\"tr1 td31\"><SPAN class=\"p3 ft3\">Prop. 2018/19:126</SPAN> </TD>\r\n\t<TD class=\"tr1 td32\"><SPAN class=\"p15 ft4\">Bilaga 1</SPAN> </TD>\r\n</TR>\r\n<TR>\r\n\t<TD class=\"tr11 td31\"><SPAN class=\"p3 ft2\"> </SPAN> </TD>\r\n\t<TD class=\"tr11 td32\"><SPAN class=\"p3 ft18\">Avtal mellan de nordiska länderna för att undvika dubbelbeskattning</SPAN> </TD>\r\n</TR>\r\n<TR>\r\n\t<TD class=\"tr7 td31\"><SPAN class=\"p3 ft2\"> </SPAN> </TD>\r\n\t<TD class=\"tr7 td32\"><SPAN class=\"p3 ft18\">beträffande skatter på inkomst och på förmögenhet</SPAN> </TD>\r\n</TR>\r\n<TR>\r\n\t<TD class=\"tr9 td31\"><SPAN class=\"p3 ft2\"> </SPAN> </TD>\r\n\t<TD class=\"tr9 td32\"><SPAN class=\"p3 ft4\">Danmarks regering tillsammans med Färöarnas landsstyre samt</SPAN> </TD>\r\n</TR>\r\n<TR>\r\n\t<TD class=\"tr7 td31\"><SPAN class=\"p3 ft2\"> </SPAN> </TD>\r\n\t<TD class=\"tr7 td32\"><SPAN class=\"p3 ft4\">Finlands, Islands, Norges och Sveriges regeringar,</SPAN> </TD>\r\n</TR>\r\n<TR>\r\n\t<TD class=\"tr9 td31\"><SPAN class=\"p3 ft2\"> </SPAN> </TD>\r\n\t<TD class=\"tr9 td32\"><SPAN class=\"p3 ft4\">som önskar ingå avtal för att undvika dubbelbeskattning beträffande</SPAN> </TD>\r\n</TR>\r\n<TR>\r\n\t<TD class=\"tr6 td31\"><SPAN class=\"p3 ft2\"> </SPAN> </TD>\r\n\t<TD class=\"tr6 td32\"><SPAN class=\"p3 ft19\">skatter på inkomst och på förmögenhet (i det följande benämnt ”avtalet”),</SPAN> </TD>\r\n</TR>\r\n<TR>\r\n\t<TD class=\"tr8 td31\"><SPAN class=\"p3 ft2\"> </SPAN> </TD>\r\n\t<TD class=\"tr8 td32\"><SPAN class=\"p3 ft4\">utan att skapa förutsättningar för <NOBR>icke-beskattning</NOBR> eller minskad skatt</SPAN> </TD>\r\n</TR>\r\n<TR>\r\n\t<TD class=\"tr8 td31\"><SPAN class=\"p3 ft2\"> </SPAN> </TD>\r\n\t<TD class=\"tr8 td32\"><SPAN class=\"p3 ft4\">genom skatteundandragande eller skatteflykt (däri inbegripet genom så</SPAN> </TD>\r\n</TR>\r\n<TR>\r\n\t<TD class=\"tr6 td31\"><SPAN class=\"p3 ft2\"> </SPAN> </TD>\r\n\t<TD class=\"tr6 td32\"><SPAN class=\"p3 ft19\">kallad ”treaty shopping”, som syftar till att personer med hemvist i en stat</SPAN> </TD>\r\n</TR>\r\n<TR>\r\n\t<TD class=\"tr8 td31\"><SPAN class=\"p3 ft2\"> </SPAN> </TD>\r\n\t<TD class=\"tr8 td32\"><SPAN class=\"p3 ft19\">som inte är part till detta avtal indirekt ska åtnjuta förmåner enligt detta</SPAN> </TD>\r\n</TR>\r\n<TR>\r\n\t<TD class=\"tr7 td31\"><SPAN class=\"p3 ft2\"> </SPAN> </TD>\r\n\t<TD class=\"tr7 td32\"><SPAN class=\"p3 ft4\">avtal),</SPAN> </TD>\r\n</TR>\r\n<TR>\r\n\t<TD class=\"tr13 td31\"><SPAN class=\"p3 ft2\"> </SPAN> </TD>\r\n\t<TD class=\"tr13 td32\"><SPAN class=\"p3 ft19\">som konstaterar att i fråga om Färöarna handhavandet även i förhållande</SPAN> </TD>\r\n</TR>\r\n<TR>\r\n\t<TD class=\"tr6 td31\"><SPAN class=\"p3 ft2\"> </SPAN> </TD>\r\n\t<TD class=\"tr6 td32\"><SPAN class=\"p3 ft4\">till utlandet av de sakområden som omfattas av detta avtal hör till</SPAN> </TD>\r\n</TR>\r\n<TR>\r\n\t<TD class=\"tr14 td31\"><SPAN class=\"p3 ft2\"> </SPAN> </TD>\r\n\t<TD class=\"tr14 td32\"><SPAN class=\"p3 ft4\">Färöarnas självstyrelsekompetens,</SPAN> </TD>\r\n</TR>\r\n<TR>\r\n\t<TD class=\"tr15 td31\"><SPAN class=\"p3 ft2\"> </SPAN> </TD>\r\n\t<TD class=\"tr15 td32\"><SPAN class=\"p3 ft4\">har kommit överens om följande:</SPAN> </TD>\r\n</TR>\r\n<TR>\r\n\t<TD class=\"tr15 td31\"><SPAN class=\"p3 ft2\"> </SPAN> </TD>\r\n\t<TD class=\"tr15 td32\"><SPAN class=\"p3 ft3\">– – – – – – – – – – – – – – – – – – – – – – – – – – – – – – – – – – – – – – –</SPAN> </TD>\r\n</TR>\r\n<TR>\r\n\t<TD class=\"tr0 td31\"><SPAN class=\"p3 ft2\"> </SPAN> </TD>\r\n\t<TD class=\"tr0 td32\"><SPAN class=\"p3 ft3\">Artikel 26</SPAN> </TD>\r\n</TR>\r\n<TR>\r\n\t<TD class=\"tr0 td31\"><SPAN class=\"p3 ft2\"> </SPAN> </TD>\r\n\t<TD class=\"tr0 td32\"><SPAN class=\"p3 ft20\">Allmänna beskattningsregler</SPAN> </TD>\r\n</TR>\r\n<TR>\r\n\t<TD class=\"tr11 td31\"><SPAN class=\"p3 ft2\"> </SPAN> </TD>\r\n\t<TD class=\"tr11 td32\"><SPAN class=\"p15 ft3\">1. Inkomst som person med hemvist i en avtalsslutande stat förvärvar</SPAN> </TD>\r\n</TR>\r\n<TR>\r\n\t<TD class=\"tr8 td31\"><SPAN class=\"p3 ft2\"> </SPAN> </TD>\r\n\t<TD class=\"tr8 td32\"><SPAN class=\"p3 ft3\">eller förmögenhet som sådan person innehar får inte beskattas i annan</SPAN> </TD>\r\n</TR>\r\n<TR>\r\n\t<TD class=\"tr6 td31\"><SPAN class=\"p3 ft2\"> </SPAN> </TD>\r\n\t<TD class=\"tr6 td32\"><SPAN class=\"p3 ft3\">avtalsslutande stat, såvida inte beskattning uttryckligen är tillåten enligt</SPAN> </TD>\r\n</TR>\r\n<TR>\r\n\t<TD class=\"tr8 td31\"><SPAN class=\"p3 ft2\"> </SPAN> </TD>\r\n\t<TD class=\"tr8 td32\"><SPAN class=\"p3 ft3\">detta avtal.</SPAN> </TD>\r\n</TR>\r\n<TR>\r\n\t<TD class=\"tr8 td31\"><SPAN class=\"p3 ft2\"> </SPAN> </TD>\r\n\t<TD class=\"tr8 td32\"><SPAN class=\"p15 ft3\">2. I fall då beskattningsrätten till en inkomst eller tillgång enligt avtalet</SPAN> </TD>\r\n</TR>\r\n<TR>\r\n\t<TD class=\"tr6 td31\"><SPAN class=\"p3 ft2\"> </SPAN> </TD>\r\n\t<TD class=\"tr6 td32\"><SPAN class=\"p3 ft3\">tillagts annan avtalsslutande stat än den där personen som förvärvar</SPAN> </TD>\r\n</TR>\r\n<TR>\r\n\t<TD class=\"tr8 td31\"><SPAN class=\"p3 ft2\"> </SPAN> </TD>\r\n\t<TD class=\"tr8 td32\"><SPAN class=\"p3 ft3\">inkomsten eller innehar tillgången har hemvist, och denna andra stat på</SPAN> </TD>\r\n</TR>\r\n<TR>\r\n\t<TD class=\"tr8 td31\"><SPAN class=\"p3 ft2\"> </SPAN> </TD>\r\n\t<TD class=\"tr8 td32\"><SPAN class=\"p3 ft3\">grund av sin lagstiftning inte medtar inkomsten eller tillgången, i sin</SPAN> </TD>\r\n</TR>\r\n<TR>\r\n\t<TD class=\"tr6 td31\"><SPAN class=\"p3 ft2\"> </SPAN> </TD>\r\n\t<TD class=\"tr6 td32\"><SPAN class=\"p3 ft3\">helhet, vid beskattningen eller endast beaktar inkomsten eller tillgången</SPAN> </TD>\r\n</TR>\r\n<TR>\r\n\t<TD class=\"tr8 td31\"><SPAN class=\"p3 ft2\"> </SPAN> </TD>\r\n\t<TD class=\"tr8 td32\"><SPAN class=\"p3 ft3\">för progressionsuppräkning eller annan skatteberäkning, beskattas</SPAN> </TD>\r\n</TR>\r\n<TR>\r\n\t<TD class=\"tr8 td31\"><SPAN class=\"p3 ft2\"> </SPAN> </TD>\r\n\t<TD class=\"tr8 td32\"><SPAN class=\"p3 ft3\">inkomsten eller tillgången, såvida inte annat föreskrivs nedan, till den del</SPAN> </TD>\r\n</TR>\r\n<TR>\r\n\t<TD class=\"tr6 td31\"><SPAN class=\"p3 ft2\"> </SPAN> </TD>\r\n\t<TD class=\"tr6 td32\"><SPAN class=\"p3 ft3\">den inte medtas vid beskattningen i denna andra stat, endast i den</SPAN> </TD>\r\n</TR>\r\n<TR>\r\n\t<TD class=\"tr8 td31\"><SPAN class=\"p3 ft2\"> </SPAN> </TD>\r\n\t<TD class=\"tr8 td32\"><SPAN class=\"p3 ft3\">avtalsslutande stat där personen i fråga har hemvist.</SPAN> </TD>\r\n</TR>\r\n<TR>\r\n\t<TD class=\"tr8 td31\"><SPAN class=\"p3 ft2\"> </SPAN> </TD>\r\n\t<TD class=\"tr8 td32\"><SPAN class=\"p15 ft3\">3. I fall då beskattningsrätten enligt artikel 14 punkt 1 samt artikel 15</SPAN> </TD>\r\n</TR>\r\n<TR>\r\n\t<TD class=\"tr6 td31\"><SPAN class=\"p3 ft2\"> </SPAN> </TD>\r\n\t<TD class=\"tr6 td32\"><SPAN class=\"p3 ft3\">punkt 2 och punkterna 4 a) och 4 b) till en inkomst som förvärvas av en</SPAN> </TD>\r\n</TR>\r\n<TR>\r\n\t<TD class=\"tr8 td31\"><SPAN class=\"p3 ft2\"> </SPAN> </TD>\r\n\t<TD class=\"tr8 td32\"><SPAN class=\"p3 ft3\">person med hemvist i en avtalsslutande stat enligt avtalet tillagts endast</SPAN> </TD>\r\n</TR>\r\n<TR>\r\n\t<TD class=\"tr8 td31\"><SPAN class=\"p3 ft2\"> </SPAN> </TD>\r\n\t<TD class=\"tr8 td32\"><SPAN class=\"p3 ft3\">denna stat får inkomsten beskattas i annan avtalsslutande stat om</SPAN> </TD>\r\n</TR>\r\n<TR>\r\n\t<TD class=\"tr6 td31\"><SPAN class=\"p3 ft2\"> </SPAN> </TD>\r\n\t<TD class=\"tr6 td32\"><SPAN class=\"p3 ft3\">inkomsten inte kan beskattas i den förstnämnda staten på grund av</SPAN> </TD>\r\n</TR>\r\n<TR>\r\n\t<TD class=\"tr8 td31\"><SPAN class=\"p3 ft2\"> </SPAN> </TD>\r\n\t<TD class=\"tr8 td32\"><SPAN class=\"p3 ft3\">lagstiftningen i denna stat.</SPAN> </TD>\r\n</TR>\r\n<TR>\r\n\t<TD class=\"tr6 td31\"><SPAN class=\"p3 ft2\"> </SPAN> </TD>\r\n\t<TD class=\"tr6 td32\"><SPAN class=\"p15 ft4\">4. Utan hinder av övriga bestämmelser i detta avtal ska en förmån enligt</SPAN> </TD>\r\n</TR>\r\n<TR>\r\n\t<TD rowspan=2 class=\"tr16 td31\"><SPAN class=\"p3 ft3\">6</SPAN> </TD>\r\n\t<TD class=\"tr8 td32\"><SPAN class=\"p3 ft4\">avtalet inte kunna åtnjutas i fråga om en inkomst eller en förmögenhets-</SPAN> </TD>\r\n</TR>\r\n<TR>\r\n\t<TD class=\"tr14 td32\"><SPAN class=\"p3 ft4\">tillgång, om det med hänsyn till alla relevanta omständigheter rimligen</SPAN> </TD>\r\n</TR>\r\n</TABLE>\r\n</DIV>\r\n<DIV id=\"page_7\">\r\n\r\n\r\n<DIV>\r\n<DIV id=\"id_1\">\r\n<P class=\"p35 ft21\">kan antas att ett av de huvudsakliga syftena med det arrangemang eller den transaktion som direkt eller indirekt resulterade i förmånen var att komma i åtnjutande av förmånen. Detta gäller dock inte om det fastställs att åtnjutandet av förmånen under dessa omständigheter är i enlighet med avtalets ändamål och syfte.</P>\r\n<P class=\"p36 ft3\">Artikel 27</P>\r\n<P class=\"p37 ft20\">Förbud mot diskriminering</P>\r\n<P class=\"p38 ft3\">– – – – – – – – – – – – – – – – – – – – – – – – – – – – – – – – – – – – – – –</P>\r\n<P class=\"p37 ft3\">Artikel 28</P>\r\n<P class=\"p37 ft20\">Förfarandet vid ömsesidig överenskommelse</P>\r\n<P class=\"p39 ft19\"><SPAN class=\"ft19\">1.</SPAN><SPAN class=\"ft22\">Om en person anser att i en eller flera av de avtalsslutande staterna vidtagits åtgärder som för honom medför eller kommer att medföra beskattning som strider mot bestämmelserna i detta avtal, kan han, utan att detta påverkar hans rätt att använda sig av de rättsmedel som finns i dessa staters interna rättsordningar, lägga fram saken för den behöriga myndigheten i någon av de avtalsslutande staterna. Saken ska läggas fram inom fem år från den tidpunkt då personen i fråga fick vetskap om den åtgärd som givit upphov till beskattning som strider mot bestämmelserna</SPAN></P>\r\n<P class=\"p40 ft4\"><SPAN class=\"ft4\">i</SPAN><SPAN class=\"ft23\">avtalet.</SPAN></P>\r\n<P class=\"p31 ft3\"><SPAN class=\"ft3\">2.</SPAN><SPAN class=\"ft16\">Om den behöriga myndigheten finner invändningen grundad men inte själv kan få till stånd en tillfredsställande lösning, skall myndigheten söka avgöra saken genom ömsesidig överenskommelse med behörig myndighet i annan avtalsslutande stat, som berörs av frågan, i syfte att undvika beskattning som strider mot avtalet. Om den stat hos vars behöriga myndighet personen i fråga har lagt fram saken inte själv berörs av frågan, skall denna behöriga myndighet överlämna saken till behörig myndighet i någon av de stater som berörs av frågan. Överenskommelse som träffats genomförs utan hinder av tidsgränser i vederbörande avtalsslutande staters interna lagstiftning.</SPAN></P>\r\n<P class=\"p41 ft3\"><SPAN class=\"ft3\">3.</SPAN><SPAN class=\"ft16\">Om svårigheter eller tvivelsmål uppkommer mellan avtalsslutande stater beträffande tolkningen eller tillämpningen av avtalet, skall de behöriga myndigheterna i dessa stater överlägga för att söka lösa frågan genom ömsesidig överenskommelse. De behöriga myndigheterna i avtalsslutande stater kan även överlägga för att undanröja dubbelbeskattning i sådana fall som inte omfattas av avtalet eller för att genom ömsesidig överenskommelse lösa frågor som, utan att vara reglerade i avtalet, på grund av olikhet i vederbörande staters principer för skattens beräkning eller av andra skäl kan uppkomma i fråga om de skatter som avses i artikel 2.</SPAN></P>\r\n<P class=\"p42 ft25\"><SPAN class=\"ft3\">4.</SPAN><SPAN class=\"ft24\">Innan beslut fattas i fråga som avses i punkt 3, skall resultatet av överläggningar som där avses snarast delges behöriga myndigheter i övriga avtalsslutande stater. Finner behörig myndighet i en avtalsslutande stat att överläggningar bör äga rum mellan de behöriga myndigheterna i</SPAN></P>\r\n</DIV>\r\n<DIV id=\"id_2\">\r\n<P class=\"p12 ft3\">Prop. 2018/19:126</P>\r\n<P class=\"p34 ft3\">7</P>\r\n</DIV>\r\n</DIV>\r\n</DIV>\r\n<DIV id=\"page_8\">\r\n\r\n\r\n<P class=\"p43 ft5\">Prop. 2018/19:126 samtliga avtalsslutande stater, skall på begäran av den behöriga myndigheten i den förstnämnda avtalsslutande staten sådana överläggningar äga</P>\r\n<TABLE cellpadding=0 cellspacing=0 class=\"t6\">\r\n<TR>\r\n\t<TD class=\"tr7 td19\"><SPAN class=\"p3 ft2\"> </SPAN> </TD>\r\n\t<TD class=\"tr7 td29\"><SPAN class=\"p27 ft3\">rum utan dröjsmål.</SPAN> </TD>\r\n</TR>\r\n<TR>\r\n\t<TD class=\"tr15 td19\"><SPAN class=\"p3 ft2\"> </SPAN> </TD>\r\n\t<TD class=\"tr15 td29\"><SPAN class=\"p27 ft3\">– – – – – – – – – – – – – – – – – – – – – – – – – – – – – – – – – – – – – – –</SPAN> </TD>\r\n</TR>\r\n<TR>\r\n\t<TD class=\"tr0 td19\"><SPAN class=\"p3 ft2\"> </SPAN> </TD>\r\n\t<TD class=\"tr0 td29\"><SPAN class=\"p27 ft18\">Protokoll</SPAN> </TD>\r\n</TR>\r\n<TR>\r\n\t<TD class=\"tr11 td19\"><SPAN class=\"p3 ft2\"> </SPAN> </TD>\r\n\t<TD class=\"tr11 td29\"><SPAN class=\"p44 ft3\">Vid undertecknande av det i dag mellan de nordiska länderna ingångna</SPAN> </TD>\r\n</TR>\r\n<TR>\r\n\t<TD class=\"tr8 td19\"><SPAN class=\"p3 ft2\"> </SPAN> </TD>\r\n\t<TD class=\"tr8 td29\"><SPAN class=\"p27 ft3\">avtalet för att undvika dubbelbeskattning beträffande skatter på inkomst</SPAN> </TD>\r\n</TR>\r\n<TR>\r\n\t<TD class=\"tr6 td19\"><SPAN class=\"p3 ft2\"> </SPAN> </TD>\r\n\t<TD class=\"tr6 td29\"><SPAN class=\"p27 ft3\">och på förmögenhet har undertecknade kommit överens om följande</SPAN> </TD>\r\n</TR>\r\n<TR>\r\n\t<TD class=\"tr7 td19\"><SPAN class=\"p3 ft2\"> </SPAN> </TD>\r\n\t<TD class=\"tr7 td29\"><SPAN class=\"p27 ft3\">bestämmelser som utgör en integrerande del av avtalet:</SPAN> </TD>\r\n</TR>\r\n<TR>\r\n\t<TD class=\"tr11 td19\"><SPAN class=\"p3 ft2\"> </SPAN> </TD>\r\n\t<TD class=\"tr11 td29\"><SPAN class=\"p27 ft3\">– – – – – – – – – – – – – – – – – – – – – – – – – – – – – – – – – – – – – – –</SPAN> </TD>\r\n</TR>\r\n<TR>\r\n\t<TD class=\"tr0 td19\"><SPAN class=\"p3 ft2\"> </SPAN> </TD>\r\n\t<TD class=\"tr0 td29\"><SPAN class=\"p27 ft20\">X. Till artikel 25</SPAN> </TD>\r\n</TR>\r\n<TR>\r\n\t<TD class=\"tr11 td19\"><SPAN class=\"p3 ft2\"> </SPAN> </TD>\r\n\t<TD class=\"tr11 td29\"><SPAN class=\"p44 ft3\">1. Bestämmelsen i artikel 25 punkt 1 c) kan upphävas på begäran av</SPAN> </TD>\r\n</TR>\r\n<TR>\r\n\t<TD class=\"tr8 td19\"><SPAN class=\"p3 ft2\"> </SPAN> </TD>\r\n\t<TD class=\"tr8 td29\"><SPAN class=\"p27 ft3\">Danmark.</SPAN> </TD>\r\n</TR>\r\n<TR>\r\n\t<TD class=\"tr6 td19\"><SPAN class=\"p3 ft2\"> </SPAN> </TD>\r\n\t<TD class=\"tr6 td29\"><SPAN class=\"p44 ft3\">Begäran om en sådan ändring görs på diplomatisk väg genom</SPAN> </TD>\r\n</TR>\r\n<TR>\r\n\t<TD class=\"tr8 td19\"><SPAN class=\"p3 ft2\"> </SPAN> </TD>\r\n\t<TD class=\"tr8 td29\"><SPAN class=\"p27 ft3\">underrättelse till envar av de andra avtalsslutande staterna. Ändringen</SPAN> </TD>\r\n</TR>\r\n<TR>\r\n\t<TD class=\"tr8 td19\"><SPAN class=\"p3 ft2\"> </SPAN> </TD>\r\n\t<TD class=\"tr8 td29\"><SPAN class=\"p27 ft3\">träder i kraft trettionde dagen efter den dag då samtliga andra avtals-</SPAN> </TD>\r\n</TR>\r\n<TR>\r\n\t<TD class=\"tr6 td19\"><SPAN class=\"p3 ft2\"> </SPAN> </TD>\r\n\t<TD class=\"tr6 td29\"><SPAN class=\"p27 ft3\">slutande stater erhållit sådan underrättelse med verkan på skatter som</SPAN> </TD>\r\n</TR>\r\n<TR>\r\n\t<TD class=\"tr8 td19\"><SPAN class=\"p3 ft2\"> </SPAN> </TD>\r\n\t<TD class=\"tr8 td29\"><SPAN class=\"p27 ft3\">bestäms för beskattningsår som börjar den 1 januari det kalenderår som</SPAN> </TD>\r\n</TR>\r\n<TR>\r\n\t<TD class=\"tr8 td19\"><SPAN class=\"p3 ft2\"> </SPAN> </TD>\r\n\t<TD class=\"tr8 td29\"><SPAN class=\"p27 ft3\">följer närmast efter det då ändringen träder i kraft eller senare.</SPAN> </TD>\r\n</TR>\r\n<TR>\r\n\t<TD class=\"tr6 td19\"><SPAN class=\"p3 ft2\"> </SPAN> </TD>\r\n\t<TD class=\"tr6 td29\"><SPAN class=\"p44 ft3\">Bestämmelserna i artikel 25 punkt 1 kan på begäran av Danmark ändras</SPAN> </TD>\r\n</TR>\r\n<TR>\r\n\t<TD class=\"tr8 td19\"><SPAN class=\"p3 ft2\"> </SPAN> </TD>\r\n\t<TD class=\"tr8 td29\"><SPAN class=\"p27 ft3\">och ersättas av följande text:</SPAN> </TD>\r\n</TR>\r\n<TR>\r\n\t<TD class=\"tr8 td19\"><SPAN class=\"p3 ft2\"> </SPAN> </TD>\r\n\t<TD class=\"tr8 td29\"><SPAN class=\"p44 ft3\">”a) Om person med hemvist i Danmark förvärvar inkomst eller innehar</SPAN> </TD>\r\n</TR>\r\n<TR>\r\n\t<TD class=\"tr6 td19\"><SPAN class=\"p3 ft2\"> </SPAN> </TD>\r\n\t<TD class=\"tr6 td29\"><SPAN class=\"p27 ft3\">förmögenhet som enligt bestämmelserna i detta avtal får beskattas i annan</SPAN> </TD>\r\n</TR>\r\n<TR>\r\n\t<TD class=\"tr8 td19\"><SPAN class=\"p3 ft2\"> </SPAN> </TD>\r\n\t<TD class=\"tr8 td29\"><SPAN class=\"p27 ft3\">avtalsslutande stat, skall Danmark, såvida inte bestämmelserna i punkt b)</SPAN> </TD>\r\n</TR>\r\n<TR>\r\n\t<TD class=\"tr8 td19\"><SPAN class=\"p3 ft2\"> </SPAN> </TD>\r\n\t<TD class=\"tr8 td29\"><SPAN class=\"p27 ft3\">eller c) föranleder annat,</SPAN> </TD>\r\n</TR>\r\n<TR>\r\n\t<TD class=\"tr6 td19\"><SPAN class=\"p3 ft2\"> </SPAN> </TD>\r\n\t<TD class=\"tr6 td29\"><SPAN class=\"p44 ft3\">1) från denna persons danska inkomstskatt avräkna ett belopp mot-</SPAN> </TD>\r\n</TR>\r\n<TR>\r\n\t<TD class=\"tr8 td19\"><SPAN class=\"p3 ft2\"> </SPAN> </TD>\r\n\t<TD class=\"tr8 td29\"><SPAN class=\"p27 ft3\">svarande den inkomstskatt som betalats i denna andra stat;</SPAN> </TD>\r\n</TR>\r\n<TR>\r\n\t<TD class=\"tr8 td19\"><SPAN class=\"p3 ft2\"> </SPAN> </TD>\r\n\t<TD class=\"tr8 td29\"><SPAN class=\"p44 ft3\">2) från denna persons danska förmögenhetsskatt avräkna ett belopp</SPAN> </TD>\r\n</TR>\r\n<TR>\r\n\t<TD class=\"tr6 td19\"><SPAN class=\"p3 ft2\"> </SPAN> </TD>\r\n\t<TD class=\"tr6 td29\"><SPAN class=\"p27 ft3\">motsvarande den förmögenhetsskatt som betalats i denna andra stat.</SPAN> </TD>\r\n</TR>\r\n<TR>\r\n\t<TD class=\"tr8 td19\"><SPAN class=\"p3 ft2\"> </SPAN> </TD>\r\n\t<TD class=\"tr8 td29\"><SPAN class=\"p44 ft3\">Avräkningsbeloppet skall emellertid inte i något fall överstiga den del</SPAN> </TD>\r\n</TR>\r\n<TR>\r\n\t<TD class=\"tr8 td19\"><SPAN class=\"p3 ft2\"> </SPAN> </TD>\r\n\t<TD class=\"tr8 td29\"><SPAN class=\"p27 ft3\">av den danska inkomstskatten eller förmögenhetsskatten, beräknad utan</SPAN> </TD>\r\n</TR>\r\n<TR>\r\n\t<TD class=\"tr6 td19\"><SPAN class=\"p3 ft2\"> </SPAN> </TD>\r\n\t<TD class=\"tr6 td29\"><SPAN class=\"p27 ft3\">sådan avräkning, som belöper på den inkomst eller förmögenhet som får</SPAN> </TD>\r\n</TR>\r\n<TR>\r\n\t<TD class=\"tr8 td19\"><SPAN class=\"p3 ft2\"> </SPAN> </TD>\r\n\t<TD class=\"tr8 td29\"><SPAN class=\"p27 ft3\">beskattas i denna andra stat.</SPAN> </TD>\r\n</TR>\r\n<TR>\r\n\t<TD class=\"tr8 td19\"><SPAN class=\"p3 ft2\"> </SPAN> </TD>\r\n\t<TD class=\"tr8 td29\"><SPAN class=\"p44 ft3\">b) Om person med hemvist i Danmark förvärvar inkomst eller innehar</SPAN> </TD>\r\n</TR>\r\n<TR>\r\n\t<TD class=\"tr6 td19\"><SPAN class=\"p3 ft2\"> </SPAN> </TD>\r\n\t<TD class=\"tr6 td29\"><SPAN class=\"p27 ft3\">förmögenhet som enligt bestämmelserna i detta avtal beskattas endast i</SPAN> </TD>\r\n</TR>\r\n<TR>\r\n\t<TD class=\"tr8 td19\"><SPAN class=\"p3 ft2\"> </SPAN> </TD>\r\n\t<TD class=\"tr8 td29\"><SPAN class=\"p27 ft3\">annan avtalsslutande stat, får Danmark inräkna inkomsten eller förmögen-</SPAN> </TD>\r\n</TR>\r\n<TR>\r\n\t<TD class=\"tr8 td19\"><SPAN class=\"p3 ft2\"> </SPAN> </TD>\r\n\t<TD class=\"tr8 td29\"><SPAN class=\"p27 ft3\">heten i beskattningsunderlaget men skall sätta ned den danska skatten på</SPAN> </TD>\r\n</TR>\r\n<TR>\r\n\t<TD class=\"tr6 td19\"><SPAN class=\"p3 ft2\"> </SPAN> </TD>\r\n\t<TD class=\"tr6 td29\"><SPAN class=\"p27 ft3\">inkomsten eller förmögenheten genom avdrag med den del av inkomst-</SPAN> </TD>\r\n</TR>\r\n<TR>\r\n\t<TD class=\"tr8 td19\"><SPAN class=\"p3 ft2\"> </SPAN> </TD>\r\n\t<TD class=\"tr8 td29\"><SPAN class=\"p27 ft3\">skatten respektive förmögenhetsskatten som belöper på den inkomst som</SPAN> </TD>\r\n</TR>\r\n<TR>\r\n\t<TD class=\"tr8 td19\"><SPAN class=\"p3 ft2\"> </SPAN> </TD>\r\n\t<TD class=\"tr8 td29\"><SPAN class=\"p27 ft3\">härrör från denna andra stat respektive den förmögenhet som innehas där.</SPAN> </TD>\r\n</TR>\r\n<TR>\r\n\t<TD class=\"tr6 td19\"><SPAN class=\"p3 ft2\"> </SPAN> </TD>\r\n\t<TD class=\"tr6 td29\"><SPAN class=\"p44 ft3\">c) Om person med hemvist i Danmark förvärvar inkomst som avses i</SPAN> </TD>\r\n</TR>\r\n<TR>\r\n\t<TD class=\"tr8 td19\"><SPAN class=\"p3 ft2\"> </SPAN> </TD>\r\n\t<TD class=\"tr8 td29\"><SPAN class=\"p27 ft3\">artikel 15 punkt 1 eller artikel 21 punkt 7 a), får Danmark inräkna in-</SPAN> </TD>\r\n</TR>\r\n<TR>\r\n\t<TD class=\"tr8 td19\"><SPAN class=\"p3 ft2\"> </SPAN> </TD>\r\n\t<TD class=\"tr8 td29\"><SPAN class=\"p27 ft3\">komsten i beskattningsunderlaget men skall sätta ned den danska skatten</SPAN> </TD>\r\n</TR>\r\n<TR>\r\n\t<TD class=\"tr6 td19\"><SPAN class=\"p3 ft2\"> </SPAN> </TD>\r\n\t<TD class=\"tr6 td29\"><SPAN class=\"p27 ft3\">på inkomsten genom avdrag med den del av inkomstskatten som belöper</SPAN> </TD>\r\n</TR>\r\n<TR>\r\n\t<TD class=\"tr7 td19\"><SPAN class=\"p30 ft3\">8</SPAN> </TD>\r\n\t<TD class=\"tr7 td29\"><SPAN class=\"p27 ft3\">på den inkomst som härrör från denna andra stat.”</SPAN> </TD>\r\n</TR>\r\n</TABLE>\r\n</DIV>\r\n<DIV id=\"page_9\">\r\n\r\n\r\n<DIV>\r\n<DIV id=\"id_1\">\r\n<P class=\"p31 ft3\">Begäran om sådan ändring görs på diplomatisk väg genom underrättelse till envar av de andra avtalsslutande staterna. Ändringen träder i kraft trettionde dagen efter den dag då samtliga andra avtalsslutande stater erhållit sådan underrättelse och dess bestämmelser tillämpas i fråga om skatt på förmögenhet, på förmögenhet på vilken skatt utgår på grund av taxering andra kalenderåret efter den dag då ändringen träder i kraft eller senare.</P>\r\n<P class=\"p45 ft21\"><SPAN class=\"ft4\">2.</SPAN><SPAN class=\"ft26\">Bestämmelserna i artikel 25 punkt 2 c) kan upphävas på begäran av Färöarna.</SPAN></P>\r\n<P class=\"p46 ft19\">Begäran om en sådan ändring görs på diplomatisk väg genom underrättelse till envar av de andra avtalsslutande staterna. Ändringen träder i kraft trettionde dagen efter den då samtliga andra avtalsslutande stater erhållit sådan underrättelse och dess bestämmelser tillämpas i fråga om skatt som påförs för beskattningsår som börjar den 1 januari det år som följer närmast efter den dag då ändringen träder i kraft eller senare<SPAN class=\"ft27\">.</SPAN></P>\r\n<P class=\"p47 ft5\"><SPAN class=\"ft3\">3.</SPAN><SPAN class=\"ft28\">Bestämmelserna i artikel 25 punkt 3 kan på begäran av Finland ändras och ersättas av följande text:</SPAN></P>\r\n<P class=\"p36 ft3\"><SPAN class=\"ft3\">–</SPAN><SPAN class=\"ft29\">– – – – – – – – – – – – – – – – – – – – – – – – – – – – – – – – – – – – – –</SPAN></P>\r\n</DIV>\r\n<DIV id=\"id_2\">\r\n<P class=\"p12 ft3\">Prop. 2018/19:126</P>\r\n<P class=\"p34 ft3\">9</P>\r\n</DIV>\r\n</DIV>\r\n</DIV>\r\n<DIV id=\"page_10\">\r\n<DIV id=\"p10dimg1\">\r\n<INGENBILD zsrc=\"H60312610x1.jpg/\" id=\"p10img1\">\r\n</DIV>\r\n\r\n\r\n<TABLE cellpadding=0 cellspacing=0 class=\"t7\">\r\n<TR>\r\n\t<TD class=\"tr17 td17\"><SPAN class=\"p3 ft3\">Prop. 2018/19:126 <SPAN class=\"ft12\">3</SPAN></SPAN> </TD>\r\n\t<TD class=\"tr17 td33\"><SPAN class=\"p3 ft1\">Ärendet och dess beredning</SPAN> </TD>\r\n</TR>\r\n</TABLE>\r\n<P class=\"p48 ft3\">Avtalet mellan de nordiska länderna för att undvika dubbelbeskattning beträffande skatter på inkomst och på förmögenhet (det nordiska skatteavtalet) undertecknades den 23 september 1996. Det trädde i kraft den 11 maj 1997 och tillämpas från och med den 1 januari 1998. Avtalet är införlivat i svensk rätt genom lagen (1996:1512) om dubbelbeskattningsavtal mellan de nordiska länderna.</P>\r\n<P class=\"p49 ft3\">Våren 2013 påbörjade OECD med stöd av G20 ett projekt för att motverka skattebasersion och flyttning av vinster (”Base Erosion and Profit Shifting Project”, BEPS). I oktober 2015 publicerades 13 rapporter (avseende 15 åtgärdsområden) och ett sammanfattande dokument som tillsammans utgör det s.k. <NOBR>BEPS-paketet.</NOBR> Såväl OECD- som <NOBR>G20-länderna</NOBR> har godkänt <NOBR>BEPS-paketet.</NOBR> Ett utfall av det arbetet blev ett antal minimistandarder på skatteavtalsområdet, vilka har inarbetats i den modell som OECD rekommenderar för bilaterala skatteavtal (”Model Tax Convention on Income and on Capital”) i dess lydelse från den 21 november 2017 (OECD:s modellavtal).</P>\r\n<P class=\"p50 ft3\">I januari 2017 inledde de nordiska länder som är parter till det nordiska skatteavtalet diskussioner om att införa BEPS minimistandarder i det nordiska skatteavtalet. Parterna tog fram ett utkast till ändringsprotokoll som paraferades i augusti 2017. Den svenska texten har remitterats till <SPAN class=\"ft4\">Kammarrätten i Stockholm </SPAN>och <SPAN class=\"ft4\">Skatteverket</SPAN>. Protokollet undertecknades i Helsingfors den 29 augusti 2018.</P>\r\n<P class=\"p51 ft5\">Ett förslag till lag om ändring i lagen (1996:1512) om dubbelbeskattningsavtal mellan de nordiska länderna har upprättats inom Finansdepartementet. Ett utkast till proposition har beretts med Skatteverket.</P>\r\n<P class=\"p52 ft4\">Lagrådet</P>\r\n<P class=\"p53 ft10\">Genom den föreslagna lagen ändras det i svensk lagstiftning införlivade nordiska skatteavtalet i enlighet med det protokoll som undertecknades den 29 augusti 2018. Lagförslaget är författningstekniskt och även i övrigt av sådan beskaffenhet att Lagrådets hörande skulle sakna betydelse. Lagrådets yttrande har därför inte inhämtats.</P>\r\n<P class=\"p54 ft31\"><SPAN class=\"ft1\">4</SPAN><SPAN class=\"ft30\">Protokollet om ändring i det nordiska skatteavtalet</SPAN></P>\r\n<P class=\"p55 ft10\"><SPAN class=\"ft32\">Regeringens förslag: </SPAN>Riksdagen godkänner protokollet om ändring i avtalet mellan de nordiska länderna för att undvika dubbelbeskattning beträffande skatter på inkomst och på förmögenhet och antar regeringens förslag till lag om ändring i lagen (1996:1512) om dubbelbeskattningsavtal mellan de nordiska länderna.</P>\r\n<P class=\"p56 ft10\"><SPAN class=\"ft32\">Remissinstanserna</SPAN>: <SPAN class=\"ft21\">Kammarrätten i Stockholm </SPAN>anser att artikel IV i protokollet framstår som ofullständig, vilket gör den svår att förstå. I övrigt</P>\r\n<P class=\"p57 ft3\">10</P>\r\n</DIV>\r\n<DIV id=\"page_11\">\r\n\r\n\r\n<DIV>\r\n<DIV id=\"id_1\">\r\n<P class=\"p35 ft10\">har Kammarrätten inget att erinra. <SPAN class=\"ft21\">Skatteverket </SPAN>tillstyrker förslaget till ändringsprotokoll.</P>\r\n<P class=\"p31 ft3\"><SPAN class=\"ft18\">Skälen för regeringens förslag: </SPAN>De nordiska länderna undertecknade den 29 augusti 2018 ett protokoll om ändring i det nordiska skatteavtalet. Protokollet syftar till att införa nya internationella minimistandarder på skatteavtalsområdet i avtalet.</P>\r\n<P class=\"p31 ft10\">Som nämnts publicerade OECD och G20 det s.k. <NOBR>BEPS-paketet</NOBR> i oktober 2015. Två av åtgärdsområden (6 och 14) i paketet innehåller minimistandarder på skatteavtalsområdet. Minimistandarderna kommer också till uttryck i OECD:s modellavtal genom 2017 års uppdatering.</P>\r\n<P class=\"p31 ft3\">Slutrapporten för åtgärdsområde 6 (”Preventing the Granting of Treaty Benefits in Inappropriate Circumstances”) innehåller en miniminivå av skydd (minimistandard) mot skatteavtalsmissbruk. Enligt minimistandarden ska ett skatteavtal uttryckligen ange att syftet med avtalet är att undvika dubbelbeskattning utan att samtidigt skapa förutsättningar för ickebeskattning eller mindre skatt genom skatteflykt eller skatteundandragande. Detta syfte uttrycks i preambeln till OECD:s modellavtal. Denna minimistandard omfattar också specifika avtalsbestämmelser och i slutrapporten anges följande alternativ till bestämmelser som staterna kan välja (vilka också återfinns i artikel 29 i OECD:s modellavtal):</P>\r\n<P class=\"p58 ft3\"><SPAN class=\"ft3\">1.</SPAN><SPAN class=\"ft33\">En regel om Principal Purpose Test </SPAN><NOBR>(PPT-regel)</NOBR> som innebär att en förmån enligt ett skatteavtal inte ska ges om ett av de huvudsakliga syftena med ett visst arrangemang eller en viss transaktion har varit att få denna avtalsförmån. Enligt <NOBR>PPT-regeln</NOBR> görs dock undantag om givandet av förmånen skulle vara i överensstämmelse med ändamålet för och syftet med de relevanta bestämmelserna i skatteavtalet i fråga.</P>\r\n<P class=\"p59 ft3\"><SPAN class=\"ft3\">2.</SPAN><SPAN class=\"ft33\">En regel om Limitation on benefits </SPAN><NOBR>(LOB-regel)</NOBR> som kompletteras av en <NOBR>”anti-slussningsregel”.</NOBR> En <NOBR>LOB-regel</NOBR> är en mer specifik bestämmelse mot missbruk i vilken det sätts upp objektiva kriterier som en person måste uppfylla för att få rätt till skatteavtalets förmåner. <NOBR>”Anti-slussningsregeln”</NOBR> syftar till att förhindra att bolag som inte på egen hand har rätt till avtalets förmåner får den rätten genom slussningsbolag.</P>\r\n<P class=\"p60 ft3\"><SPAN class=\"ft3\">3.</SPAN><SPAN class=\"ft33\">En </SPAN><NOBR>PPT-regel</NOBR> i kombination med <NOBR>LOB-regel.</NOBR></P>\r\n<P class=\"p61 ft5\">De nordiska länderna har kommit överens om alternativ 1, dvs. att införa en <NOBR>PPT-regel</NOBR> i det nordiska skatteavtalet.</P>\r\n<P class=\"p46 ft3\">Slutrapporten för åtgärdsområde 14 (”Making Dispute Resolution Mechanisms More Effective”) innehåller en minimistandard som syftar till att säkerställa ett snabbt, effektivt och ändamålsenligt förfarande för att lösa skatteavtalsrelaterade tvister genom s.k. ömsesidig överenskommelse. För att uppfylla minimistandarden ska stater införa artikel 25 punkterna <NOBR>1–3</NOBR> i OECD:s modellavtal i sina skatteavtal. Sådana bestämmelser har länge varit en del av modellavtalet och det nordiska skatteavtalet. Genom <NOBR>BEPS-projektet</NOBR> har dock artikel 25 punkt 1 i modellavtalet fått en något förändrad lydelse så att en person som anser att åtgärder har vidtagits som medför eller kommer att medföra beskattning som strider mot bestämmelserna i skatteavtalet, kan lägga fram saken för den behöriga myndigheten i endera avtalsslutande staten. Enligt den tidigare lydelsen ska saken i dessa fall läggas fram i den stat där personen har hemvist eller, i vissa fall, i den stat där personen är medborgare.</P>\r\n</DIV>\r\n<DIV id=\"id_2\">\r\n<P class=\"p12 ft3\">Prop. 2018/19:126</P>\r\n<P class=\"p62 ft3\">11</P>\r\n</DIV>\r\n</DIV>\r\n</DIV>\r\n<DIV id=\"page_12\">\r\n\r\n\r\n<DIV id=\"id_1\">\r\n<P class=\"p63 ft10\">Prop. 2018/19:126 I samband med omförhandlingen infördes också på Färöarnas begäran en mindre ändring i Färöarnas ensidiga regler för val av metod för undanröjande av dubbelbeskattning. Kammarrätten i Stockholm har påpekat att artikel IV i protokollet framstår som ofullständig vilket gör den svår att förstå. Bestämmelsen har tagits in på initiativ av, och har utformats av, Färöarna. Bestämmelsen avser Färöarnas möjlighet att på egen hand ändra dess val av metod för att undvika dubbelbeskattning i vissa fall. Då bestämmelsen finns med i det undertecknade protokollet kan den endast ändras genom en omförhandling av protokollet.</P>\r\n</DIV>\r\n<DIV id=\"id_2\">\r\n<DIV id=\"id_2_1\">\r\n<P class=\"p12 ft3\">12</P>\r\n</DIV>\r\n<DIV id=\"id_2_2\">\r\n<P class=\"p12 ft34\"><SPAN class=\"ft34\">4.1</SPAN><SPAN class=\"ft35\">Lagförslaget</SPAN></P>\r\n<P class=\"p64 ft3\">Den nya lydelsen av avtalet mellan de nordiska länderna för att undvika dubbelbeskattning beträffande skatter på inkomst som följer av 2018 års ändringsprotokoll, ska införlivas i svensk rätt. Det sker genom en ändring i den lag genom vilken avtalet har införlivats i svensk rätt. I nu gällande 1 § lagen (1996:1512) om dubbelbeskattningsavtal mellan de nordiska länderna föreskrivs att avtalet tillsammans med det protokoll som undertecknades samma dag som avtalet och som är fogat till och utgör en del av detta, i den lydelse avtalet har genom det protokoll om ändring i avtalet som undertecknades den 4 april 2008, ska gälla som lag här i landet. Genom att ändra 1 § så att den även hänvisar till det den 29 augusti 2018 undertecknade protokollet om ändring i avtalet samt att i bilagan till lagen återge den nya lydelsen av de bestämmelser i avtalet som ändras genom protokollet, införlivas den nya lydelsen av avtalet i svensk rätt. Samtidigt ändras också 1 § så att det ändringsprotokoll som undertecknades den 6 oktober 1997, och som genom lag (1997:920) om ändring i lagen (1996:1512) om dubbelbeskattningsavtal mellan de nordiska länderna utgör en del av bilagan till lagen, ingår i uppräkningen över protokoll om ändring.</P>\r\n<P class=\"p65 ft3\">Enligt artikel V punkt 1 i protokollet om ändring i avtalet mellan de nordiska länderna undertecknat den 29 augusti 2018, träder protokollet i kraft den trettionde dagen efter den dag då samtliga avtalsslutande stater har meddelat det finska utrikesministeriet att protokollet har godkänts. Det finska utrikesministeriet underrättar de övriga avtalsslutande staterna om mottagandet av dessa meddelanden och om tidpunkten för protokollets ikraftträdande. Det är således inte möjligt att nu avgöra vid vilken tidpunkt protokollet kommer att träda i kraft. I förslaget till lag har därför föreskrivits att lagen träder i kraft den dag regeringen bestämmer. I protokollets artikel V punkt 2 anges vidare att dess bestämmelser ska tillämpas på skatter som tas ut för beskattningsår som börjar den 1 januari det kalenderår som följer närmast efter det år då protokollet träder i kraft eller senare.</P>\r\n<P class=\"p66 ft34\"><SPAN class=\"ft34\">4.2</SPAN><SPAN class=\"ft35\">Protokollets innehåll</SPAN></P>\r\n<P class=\"p67 ft37\"><SPAN class=\"ft36\">Artikel I </SPAN>i protokollet innebär att en ny preambel tas in i skatteavtalet. Av denna nya preambel framgår att avsikten med avtalet är att undvika</P>\r\n</DIV>\r\n</DIV>\r\n</DIV>\r\n<DIV id=\"page_13\">\r\n\r\n\r\n<P class=\"p68 ft10\">dubbelbeskattning beträffande skatter på inkomst och på förmögenhet utan Prop. 2018/19:126 att samtidigt skapa förutsättningar för ickebeskattning eller minskad skatt</P>\r\n<P class=\"p69 ft10\">genom skatteflykt eller skatteundandragande. Preambeln överensstämmer i allt väsentligt med preambeln till OECD:s modellavtal.</P>\r\n<P class=\"p70 ft3\">Enligt <SPAN class=\"ft4\">artikel II </SPAN>i protokollet införs en punkt 4 i artikel 26 (Allmänna beskattningsregler) i skatteavtalet. Den nya bestämmelsen utgörs av en s.k. <NOBR>PPT-regel</NOBR> som överensstämmer med artikel 29 punkt 9 i OECD:s modellavtal. Bestämmelsen innebär att en förmån enligt ett skatteavtal inte ska kunna åtnjutas om det kan antas att ett av de huvudsakliga syftena med det arrangemang eller den transaktion som direkt eller indirekt resulterade i förmånen var att komma i åtnjutande av förmånen. Bestämmelsen gäller dock inte om det är förenligt med avtalets ändamål och syfte att bevilja förmånen.</P>\r\n<P class=\"p70 ft3\">Genom <SPAN class=\"ft4\">artikel III </SPAN>i protokollet tas punkt 1 i artikel 28 (Förfarandet vid ömsesidig överenskommelse) i skatteavtalet bort och ersätts av en ny bestämmelse. Den nya bestämmelsen – som i huvudsak överensstämmer med artikel 25 punkt 1 i OECD:s modellavtal – innebär att den som anser att åtgärder har vidtagits som medför eller kommer att medföra beskattning som strider mot bestämmelserna i skatteavtalet kan lägga fram saken för den behöriga myndigheten i någon av de avtalsslutande staterna. Enligt nuvarande lydelse ska saken läggas fram i den stat där personen har hemvist eller, i fråga om artikel 27 punkt 1, den stat där personen är medborgare. Det som skiljer protokollets bestämmelse från motsvarande bestämmelse i OECD:s modellavtal är att enligt protokollet ska en framställan göras inom fem år från det att personen fick vetskap om åtgärden i fråga, medan tidsgränsen i modellavtalet är tre år.</P>\r\n<P class=\"p71 ft10\">Enligt <SPAN class=\"ft21\">artikel IV </SPAN>i protokollet tas punkt 2 i punkt X i 1996 års protokoll som är fogat till avtalet bort och ersätts av en ny bestämmelse. Bestämmelsen avser enbart Färöarnas möjlighet att självständigt ändra bestämmelserna i skatteavtalets artikel 25 punkt 2 som reglerar på vilket sätt Färöarna ska undanröja dubbelbeskattning.</P>\r\n<P class=\"p70 ft3\"><SPAN class=\"ft4\">Artikel V </SPAN>i protokollet innehåller ikraftträdandebestämmelser. Enligt punkt 1 träder protokollet i kraft den trettionde dagen efter den dag då samtliga avtalsslutande stater har meddelat det finska utrikesministeriet att protokollet har godkänts. Enligt punkt 2 tillämpas protokollets bestämmelser på skatter som tas ut för beskattningsår som börjar den 1 januari det kalenderår som följer närmast efter det år då protokollet träder i kraft eller senare. Enligt punkt 3 ska protokollet förbli i kraft så länge avtalet är i kraft.</P>\r\n<P class=\"p72 ft31\"><SPAN class=\"ft1\">5</SPAN><SPAN class=\"ft38\">Konsekvenser för de offentliga finanserna</SPAN></P>\r\n<P class=\"p73 ft10\">Genom förslagen i denna proposition ändras det nu gällande nordiska skatteavtalet i enlighet med protokollet av den 29 augusti 2018. Förslagen förväntas inte ge upphov till någon negativ offentligfinansiell effekt.</P>\r\n<P class=\"p74 ft3\">13</P>\r\n</DIV>\r\n<DIV id=\"page_14\">\r\n\r\n\r\n<P class=\"p75 ft37\">Prop. 2018/19:126 Förslagen förväntas inte heller ge upphov till någon ökad arbetsbörda för Skatteverket eller för de allmänna förvaltningsdomstolarna.</P>\r\n<P class=\"p76 ft3\">14</P>\r\n</DIV>\r\n<DIV id=\"page_15\">\r\n\r\n\r\n<DIV id=\"id_1\">\r\n<DIV id=\"id_1_1\">\r\n<P class=\"p12 ft39\">Protokoll om ändring i avtalet mellan de nordiska länderna för att undvika dubbelbeskattning beträffande skatter på inkomst och på förmögenhet</P>\r\n</DIV>\r\n<DIV id=\"id_1_2\">\r\n<P class=\"p12 ft5\">Prop. 2018/19:126 Bilaga</P>\r\n</DIV>\r\n</DIV>\r\n<DIV id=\"id_2\">\r\n<P class=\"p77 ft5\">Danmarks regering tillsammans med Färöarnas landsstyre samt Finlands, Islands, Norges och Sveriges regeringar,</P>\r\n<P class=\"p78 ft10\"><SPAN class=\"ft3\">–</SPAN><SPAN class=\"ft40\">som önskar ingå ett protokoll om ändring i avtalet den 23 september 1996 för att undvika dubbelbeskattning beträffande skatter på inkomst och på förmögenhet, såsom ändrat genom protokoll den 6 oktober 1997 och protokoll den 4 april 2008 (i det följande benämnt ”avtalet”),</SPAN></P>\r\n<P class=\"p78 ft5\"><SPAN class=\"ft3\">–</SPAN><SPAN class=\"ft41\">som konstaterar att i fråga om Färöarna handhavandet även i förhållande till utlandet av de sakområden som omfattas av detta avtal hör till Färöarnas självstyrelsekompetens,</SPAN></P>\r\n<P class=\"p79 ft3\">har kommit överens om följande:</P>\r\n<P class=\"p80 ft42\">Artikel I</P>\r\n<P class=\"p81 ft3\">Avtalets preambel utgår och ersätts av följande:</P>\r\n<P class=\"p82 ft5\">”Danmarks regering tillsammans med Färöarnas landsstyre samt Finlands, Islands, Norges och Sveriges regeringar,</P>\r\n<P class=\"p78 ft10\">som önskar ingå avtal för att undvika dubbelbeskattning beträffande skatter på inkomst och på förmögenhet (i det följande benämnt ”avtalet”), utan att skapa förutsättningar för <NOBR>icke-beskattning</NOBR> eller minskad skatt genom skatteundandragande eller skatteflykt (däri inbegripet genom så kallad ”treaty shopping”, som syftar till att personer med hemvist i en stat som inte är part till detta avtal indirekt ska åtnjuta förmåner enligt detta avtal),</P>\r\n<P class=\"p83 ft10\">som konstaterar att i fråga om Färöarna handhavandet även i förhållande till utlandet av de sakområden som omfattas av detta avtal hör till Färöarnas självstyrelsekompetens,</P>\r\n<P class=\"p84 ft3\">har kommit överens om följande:”</P>\r\n<P class=\"p85 ft42\">Artikel II</P>\r\n<P class=\"p5 ft3\">I artikel 26 (Allmänna beskattningsregler) införs följande nya punkt 4:</P>\r\n<P class=\"p86 ft10\">”4. Utan hinder av övriga bestämmelser i detta avtal ska en förmån enligt avtalet inte kunna åtnjutas i fråga om en inkomst eller en förmögenhetstillgång, om det med hänsyn till alla relevanta</P>\r\n<P class=\"p87 ft3\">15</P>\r\n</DIV>\r\n</DIV>\r\n<DIV id=\"page_16\">\r\n\r\n\r\n<DIV id=\"id_1\">\r\n<DIV id=\"id_1_1\">\r\n<P class=\"p12 ft5\">Prop. 2018/19:126 Bilaga</P>\r\n</DIV>\r\n<DIV id=\"id_1_2\">\r\n<P class=\"p88 ft10\">omständigheter rimligen kan antas att ett av de huvudsakliga syftena med det arrangemang eller den transaktion som direkt eller indirekt resulterade i förmånen var att komma i åtnjutande av förmånen. Detta gäller dock inte om det fastställs att åtnjutandet av förmånen under dessa omständigheter är i enlighet med avtalets ändamål och syfte.”</P>\r\n</DIV>\r\n</DIV>\r\n<DIV id=\"id_2\">\r\n<P class=\"p89 ft42\">Artikel III</P>\r\n<P class=\"p90 ft5\">Punkt 1 i artikel 28 (Förfarandet vid ömsesidig överenskommelse) utgår och ersätts av följande bestämmelser:</P>\r\n<P class=\"p91 ft3\">”1. Om en person anser att i en eller flera av de avtalsslutande staterna vidtagits åtgärder som för honom medför eller kommer att medföra beskattning som strider mot bestämmelserna i detta avtal, kan han, utan att detta påverkar hans rätt att använda sig av de rättsmedel som finns i dessa staters interna rättsordningar, lägga fram saken för den behöriga myndigheten i någon av de avtalsslutande staterna. Saken ska läggas fram inom fem år från den tidpunkt då personen i fråga fick vetskap om den åtgärd som givit upphov till beskattning som strider mot bestämmelserna i avtalet.”</P>\r\n<P class=\"p92 ft42\">Artikel IV</P>\r\n<P class=\"p90 ft5\">Punkt 2 i punkt X (till artikel 25) i protokollet till avtalet utgår och ersätts av följande bestämmelser:</P>\r\n<P class=\"p91 ft5\">”2. Bestämmelserna i artikel 25 punkt 2 c) kan upphävas på begäran av Färöarna.</P>\r\n<P class=\"p91 ft10\">Begäran om en sådan ändring görs på diplomatisk väg genom underrättelse till envar av de andra avtalsslutande staterna. Ändringen träder i kraft trettionde dagen efter den då samtliga andra avtalsslutande stater erhållit sådan underrättelse och dess bestämmelser tillämpas i fråga om skatt som påförs för beskattningsår som börjar den 1 januari det år som följer närmast efter den dag då ändringen träder i kraft eller senare.”</P>\r\n<P class=\"p93 ft42\">Artikel V</P>\r\n<P class=\"p90 ft10\"><SPAN class=\"ft3\">1.</SPAN><SPAN class=\"ft40\">Detta protokoll träder i kraft den trettionde dagen efter den dag då samtliga avtalsslutande stater har meddelat det finska utrikesministeriet att protokollet har godkänts. Det finska utrikesministeriet underrättar de övriga avtalsslutande staterna om mottagandet av dessa meddelanden och om tidpunkten för protokollets ikraftträdande.</SPAN></P>\r\n<P class=\"p91 ft10\"><SPAN class=\"ft3\">2.</SPAN><SPAN class=\"ft43\">Efter protokollets ikraftträdande tillämpas dess bestämmelser på skatter som tas ut för beskattningsår som börjar den 1 januari det kalenderår som följer närmast efter det år då protokollet träder i kraft eller senare.</SPAN></P>\r\n<P class=\"p94 ft3\"><SPAN class=\"ft3\">3.</SPAN><SPAN class=\"ft16\">Detta protokoll ska förbli i kraft så länge avtalet är i kraft.</SPAN></P>\r\n<P class=\"p40 ft3\">16</P>\r\n</DIV>\r\n</DIV>\r\n<DIV id=\"page_17\">\r\n\r\n\r\n<DIV>\r\n<DIV id=\"id_1\">\r\n<P class=\"p88 ft10\">Originalexemplaret till detta protokoll deponeras hos det finska utrikesministeriet, som tillställer de övriga avtalsslutande staterna bestyrkta kopior därav.</P>\r\n<P class=\"p95 ft5\">Till bekräftelse härav har de vederbörligen befullmäktigade ombuden undertecknat detta protokoll.</P>\r\n<P class=\"p96 ft10\">Som skedde i Helsingfors den 29 augusti 2018 i ett exemplar på danska, färöiska, finska, isländska, norska och svenska språken, varvid på svenska språket utfärdades två texter, en för Finland och en för Sverige, vilka samtliga texter har samma giltighet.</P>\r\n</DIV>\r\n<DIV id=\"id_2\">\r\n<P class=\"p68 ft5\">Prop. 2018/19:126 Bilaga</P>\r\n<P class=\"p97 ft3\">17</P>\r\n</DIV>\r\n</DIV>\r\n</DIV>\r\n<DIV id=\"page_18\">\r\n<DIV id=\"p18dimg1\">\r\n<INGENBILD zsrc=\"H60312618x1.jpg/\" id=\"p18img1\">\r\n</DIV>\r\n\r\n\r\n<P class=\"p98 ft3\">Prop. 2018/19:126</P>\r\n<P class=\"p99 ft1\">Finansdepartementet</P>\r\n<P class=\"p100 ft3\">Utdrag ur protokoll vid regeringssammanträde den 5 juni 2019</P>\r\n<P class=\"p101 ft10\">Närvarande: statsminister Löfven, ordförande, och statsråden Lövin, Wallström, Y Johansson, M Johansson, Baylan, Hallengren, Hultqvist, Andersson, Bolund, Damberg, Shekarabi, Ygeman, Eriksson, Linde, Ekström, Eneroth, Nilsson, Lindhagen, Lind</P>\r\n<P class=\"p102 ft3\">Föredragande: statsrådet M Andersson</P>\r\n<P class=\"p103 ft3\">Regeringen beslutar proposition Ändring i det nordiska skatteavtalet</P>\r\n<P class=\"p104 ft3\">18</P>\r\n</DIV>\r\n\r\n</div><style>\r\n\r\n\r\nTD,TD.p2h {\r\nzzzfont-size:90%;\r\nzzzmargin-right:2px;\r\nzzzoverflow:visable;\r\nzzzword-wrap: break-word;\r\n}\r\n\r\nP {\r\nzdisplay:block;\r\n}\r\n\r\n.divbreak {\r\nclear:both;\r\ndisplay:block;\r\nzwidth: 100%;\r\nzheight: 1px;\r\nzword-wrap: break-word;\r\n}\r\n\r\n\r\n.xecp {\r\n  display:block;\r\n  margin: 0px !important;\r\n  padding: 0px !important;\r\n  \r\n}\r\n\r\n.ec {\r\n  border-style:solid;\r\n  border-width:1px;\r\n  display:block;\r\n  margin: 0px !important;\r\n  padding: 0px !important;\r\n}\r\n\r\n.TOPS {\r\n  overflow:visable;\r\n  margin:2px;\r\n  width:690px !important;\r\n}\r\n\r\n</style>\r\n"},"dokforslag":{"forslag":[{"nummer":"1","beteckning":"1","lydelse":"Riksdagen godkänner protokollet undertecknat den 29 augusti 2018 om ändring i avtalet mellan de nordiska länderna för att undvika dubbelbeskattning beträffande skatter på inkomst och på förmögenhet. ","lydelse2":null,"utskottet":"Bifall","kammaren":"Bifall","behandlas_i":"2019/20:SkU2","behandlas_i_punkt":null,"kammarbeslutstyp":null,"intressent":"SkU","avsnitt":null,"grundforfattning":null,"andringsforfattning":null},{"nummer":"2","beteckning":"2","lydelse":"Riksdagen antar regeringens förslag till lag om ändring i lagen (1996:1512) om dubbelbeskattningsavtal mellan de nordiska länderna.","lydelse2":null,"utskottet":"Bifall","kammaren":"Bifall","behandlas_i":"2019/20:SkU2","behandlas_i_punkt":null,"kammarbeslutstyp":null,"intressent":"SkU","avsnitt":null,"grundforfattning":null,"andringsforfattning":null}]},"dokaktivitet":{"aktivitet":[{"kod":"INL","namn":"Inlämnad","datum":"2019-06-11 00:00:00","status":"inträffat","ordning":"0","process":"behandling"},{"kod":"B","namn":"Bordlagd","datum":"2019-06-11 00:00:00","status":"inträffat","ordning":"0","process":"behandling"},{"kod":"HÄN","namn":"Hänvisad","datum":"2019-06-12 00:00:00","status":"inträffat","ordning":"0","process":"behandling"},{"kod":"MOT","namn":"Motionstid slutar","datum":"2019-09-18 00:00:00","status":"inträffat","ordning":"0","process":"behandling"}]},"dokintressent":{"intressent":[{"intressent_id":"0218878014918","namn":"Stefan Löfven","partibet":"S","ordning":"1","roll":"Statsråd1"},{"intressent_id":"098412828516","namn":"Magdalena Andersson","partibet":"S","ordning":"2","roll":"Statsråd2"}]},"dokuppgift":{"uppgift":[{"kod":"inlamnatav","namn":"Inlämnat av","text":"Finansdepartementet","dok_id":"H603126","systemdatum":"2019-10-02 16:14:36"},{"kod":"tilldelat","namn":"Tilldelat","text":"Skatteutskottet","dok_id":"H603126","systemdatum":"2019-10-02 16:14:36"},{"kod":"statustext","namn":"statustext","text":"Propositionen bereds i utskott","dok_id":"H603126","systemdatum":"2019-06-12 08:28:36"}]},"dokbilaga":{"bilaga":{"dok_id":"H603126","titel":"Ändring i det nordiska skatteavtalet","subtitel":null,"filnamn":"prop_201819__126.pdf","filstorlek":"219856","filtyp":"pdf","fil_url":"http://data.riksdagen.se/fil/C85AEBF6-657E-47D2-9E64-EE50CD5C81BF"}},"dokreferens":{"referens":{"referenstyp":"behandlas_i","uppgift":"2019/20:SkU2","ref_dok_id":"H701SkU2","ref_dok_typ":"bet","ref_dok_rm":"2019/20","ref_dok_bet":"SkU2","ref_dok_titel":"Ändring i det nordiska skatteavtalet","ref_dok_subtitel":null,"ref_dok_subtyp":"bet","ref_dok_dokumentnamn":"Betänkande"}},"debatt":null}}