{"dokumentstatus":{"dokument":{"hangar_id":"5009056","dok_id":"H6031","rm":"2018/19","beteckning":"1","typ":"prop","subtyp":"prop","doktyp":"prop","typrubrik":"Proposition 2018/19:1","dokumentnamn":"Proposition","debattnamn":"Proposition","tempbeteckning":"","organ":"Finansdepartementet","mottagare":"FiU","nummer":"1","slutnummer":"0","datum":"2018-11-15 00:00:00","systemdatum":"2019-10-11 15:09:29","publicerad":"2018-11-15 00:00:00","titel":"Budgetpropositionen för 2019","subtitel":"","status":"Hänvisad","htmlformat":"text","relaterat_id":"","source":"prop-RIM","sourceid":"307a09a8-5430-4af2-8205-169e7462eeaa","dokument_url_text":"http://data.riksdagen.se/dokument/H6031/text","dokument_url_html":"http://data.riksdagen.se/dokument/H6031","dokumentstatus_url_xml":"http://data.riksdagen.se/dokumentstatus/H6031","html":"Utdrag: <br />\r\n\r\nRegeringens proposition <br />\r\n2018/19:1<br />\r\nBudgetpropositionen för 2019<br />\r\nRegeringen överlämnar härmed enligt 9 kap. 2 § regeringsformen budgetpropositionen för 2019.<br />\r\nStockholm den 9 november 2018<br />\r\nStefan Löfven<br />\r\nMagdalena Andersson<br />\r\n(Finansdepartementet)<br />\r\nPropositionens huvudsakliga innehåll<br />\r\nBudgetpropositionen innehåller regeringens förslag till statens budget för 2019 samt de övriga förslag\r\noch bedömningar som följer av riksdagsordningen och budgetlagen (2011:203).\r\n\r\n"},"dokforslag":{"forslag":[{"nummer":"1","beteckning":"1.1","lydelse":"Riksdagen godkänner riktlinjerna för den ekonomiska politiken och budgetpolitiken (avsnitt 1).","lydelse2":null,"utskottet":"Bifall","kammaren":"Avslag","behandlas_i":"2018/19:FiU1","behandlas_i_punkt":null,"kammarbeslutstyp":null,"intressent":"FiU","avsnitt":"finansplanen","grundforfattning":null,"andringsforfattning":null},{"nummer":"2","beteckning":"1.2","lydelse":"Riksdagen fastställer utgiftstaket för staten inklusive ålderspensionssystemet vid sidan av statens budget till följd av tekniska justeringar till 1 401 miljarder kronor för 2019 och 1 475 miljarder kronor för 2020 (avsnitt 5.2).","lydelse2":null,"utskottet":"Bifall","kammaren":"Avslag","behandlas_i":"2018/19:FiU1","behandlas_i_punkt":null,"kammarbeslutstyp":null,"intressent":"FiU","avsnitt":"finansplanen","grundforfattning":null,"andringsforfattning":null},{"nummer":"3","beteckning":"1.3","lydelse":"Riksdagen fastställer utgiftstaket för staten inklusive ålderspensionssystemet vid sidan av statens budget till 1 496 miljarder kronor för 2021 (avsnitt 5.2).","lydelse2":null,"utskottet":"Bifall","kammaren":"Avslag","behandlas_i":"2018/19:FiU1","behandlas_i_punkt":null,"kammarbeslutstyp":null,"intressent":"FiU","avsnitt":"finansplanen","grundforfattning":null,"andringsforfattning":null},{"nummer":"4","beteckning":"1.4","lydelse":"Riksdagen godkänner beräkningen av inkomster i statens budget för 2019 (avsnitt 7.1 och bilaga 1 avsnitt 2).","lydelse2":null,"utskottet":"Bifall","kammaren":"Avslag","behandlas_i":"2018/19:FiU1","behandlas_i_punkt":null,"kammarbeslutstyp":null,"intressent":"FiU","avsnitt":"finansplanen","grundforfattning":null,"andringsforfattning":null},{"nummer":"5","beteckning":"1.5","lydelse":"Riksdagen godkänner den preliminära beräkningen av inkomster i statens budget för 2020 och 2021 som riktlinje för regeringens budgetarbete (avsnitt 7.1 och tabell 7.2).","lydelse2":null,"utskottet":"Bifall","kammaren":"Avslag","behandlas_i":"2018/19:FiU1","behandlas_i_punkt":null,"kammarbeslutstyp":null,"intressent":"FiU","avsnitt":"finansplanen","grundforfattning":null,"andringsforfattning":null},{"nummer":"6","beteckning":"1.6","lydelse":"Riksdagen beslutar om fördelning av utgifter på utgiftsområden för 2019 (avsnitt 8.1 och tabell 8.3).","lydelse2":null,"utskottet":"Bifall","kammaren":"Avslag","behandlas_i":"2018/19:FiU1","behandlas_i_punkt":null,"kammarbeslutstyp":null,"intressent":"FiU","avsnitt":"finansplanen","grundforfattning":null,"andringsforfattning":null},{"nummer":"7","beteckning":"1.7","lydelse":"Riksdagen godkänner beräkningen av förändringen av anslagsbehållningar för 2019 (avsnitt 8.1 och tabell 8.3).","lydelse2":null,"utskottet":"Bifall","kammaren":"Bifall","behandlas_i":"2018/19:FiU1","behandlas_i_punkt":null,"kammarbeslutstyp":null,"intressent":"FiU","avsnitt":"finansplanen","grundforfattning":null,"andringsforfattning":null},{"nummer":"8","beteckning":"1.8","lydelse":"Riksdagen godkänner beräkningen av utgifterna för ålderspensionssystemet vid sidan av statens budget för 2019 (avsnitt 8.1 och tabell 8.3).","lydelse2":null,"utskottet":"Bifall","kammaren":"Bifall","behandlas_i":"2018/19:FiU1","behandlas_i_punkt":null,"kammarbeslutstyp":null,"intressent":"FiU","avsnitt":"finansplanen","grundforfattning":null,"andringsforfattning":null},{"nummer":"9","beteckning":"1.9","lydelse":"Riksdagen godkänner den preliminära fördelningen av utgifter på utgiftsområden för 2020 och 2021 som riktlinje för regeringens budgetarbete (avsnitt 8.2 och tabell 8.4).","lydelse2":null,"utskottet":"Bifall","kammaren":"Avslag","behandlas_i":"2018/19:FiU1","behandlas_i_punkt":null,"kammarbeslutstyp":null,"intressent":"FiU","avsnitt":"finansplanen","grundforfattning":null,"andringsforfattning":null},{"nummer":"10","beteckning":"1.10","lydelse":"Riksdagen bemyndigar regeringen att under 2019 ta upp lån enligt 5 kap. budgetlagen (2011:203) (avsnitt 9.2).","lydelse2":null,"utskottet":"Bifall","kammaren":"Bifall","behandlas_i":"2018/19:FiU1","behandlas_i_punkt":null,"kammarbeslutstyp":null,"intressent":"FiU","avsnitt":"finansplanen","grundforfattning":null,"andringsforfattning":null},{"nummer":"11","beteckning":"1.11","lydelse":"Riksdagen godkänner beräkningen av Riksgäldskontorets nettoutlåning för 2019 (avsnitt 9.2 och tabell 9.9).","lydelse2":null,"utskottet":"Bifall","kammaren":"Bifall","behandlas_i":"2018/19:FiU1","behandlas_i_punkt":null,"kammarbeslutstyp":null,"intressent":"FiU","avsnitt":"finansplanen","grundforfattning":null,"andringsforfattning":null},{"nummer":"12","beteckning":"1.12","lydelse":"Riksdagen godkänner beräkningen av den kassamässiga korrigeringen för 2019 (avsnitt 9.2 och tabell 9.9).","lydelse2":null,"utskottet":"Bifall","kammaren":"Bifall","behandlas_i":"2018/19:FiU1","behandlas_i_punkt":null,"kammarbeslutstyp":null,"intressent":"FiU","avsnitt":"finansplanen","grundforfattning":null,"andringsforfattning":null},{"nummer":"13","beteckning":"1.13","lydelse":"Riksdagen bemyndigar regeringen att för 2019 besluta om lån i Riksgäldskontoret för investeringar i anläggningstillgångar som används i statens verksamhet som inklusive tidigare upplåning uppgår till högst 43 500 000 000 kronor (avsnitt 10.2).","lydelse2":null,"utskottet":"Bifall","kammaren":"Bifall","behandlas_i":"2018/19:FiU1","behandlas_i_punkt":null,"kammarbeslutstyp":null,"intressent":"FiU","avsnitt":"finansplanen","grundforfattning":null,"andringsforfattning":null},{"nummer":"14","beteckning":"1.14","lydelse":"Riksdagen bemyndigar regeringen att för 2019 besluta om krediter för myndigheternas räntekonton i Riksgäldskontoret som inklusive tidigare utnyttjade krediter uppgår till högst 14 200 000 000 kronor (avsnitt 10.2).","lydelse2":null,"utskottet":"Bifall","kammaren":"Bifall","behandlas_i":"2018/19:FiU1","behandlas_i_punkt":null,"kammarbeslutstyp":null,"intressent":"FiU","avsnitt":"finansplanen","grundforfattning":null,"andringsforfattning":null},{"nummer":"15","beteckning":"1.15","lydelse":"Riksdagen bemyndigar regeringen att under 2019, med de begränsningar som följer av 3 kap. 8 § andra stycket budgetlagen (2011:203), besluta att ett anslag som inte avser förvaltningsändamål får överskridas om ett riksdagsbeslut om ändring av anslaget inte hinner inväntas och överskridandet ryms inom det fastställda utgiftstaket för staten (avsnitt 10.7).","lydelse2":null,"utskottet":"Bifall","kammaren":"Bifall","behandlas_i":"2018/19:FiU1","behandlas_i_punkt":null,"kammarbeslutstyp":null,"intressent":"FiU","avsnitt":"finansplanen","grundforfattning":null,"andringsforfattning":null},{"nummer":"16","beteckning":"1.16","lydelse":"Riksdagen antar förslaget till lag om ändring i lagen (1994:1920) om allmän löneavgift (avsnitt 3.1 och 6.2).","lydelse2":null,"utskottet":"Bifall","kammaren":"Bifall","behandlas_i":"2018/19:FiU1","behandlas_i_punkt":null,"kammarbeslutstyp":null,"intressent":"FiU","avsnitt":"finansplanen","grundforfattning":null,"andringsforfattning":null},{"nummer":"17","beteckning":"1.17","lydelse":"Riksdagen antar förslaget till lag om ändring i inkomstskattelagen (1999:1229) (avsnitt 3.2 och 6.1).","lydelse2":null,"utskottet":"Bifall","kammaren":"Avslag","behandlas_i":"2018/19:FiU1","behandlas_i_punkt":null,"kammarbeslutstyp":null,"intressent":"FiU","avsnitt":"finansplanen","grundforfattning":null,"andringsforfattning":null},{"nummer":"18","beteckning":"1.18","lydelse":"Riksdagen antar förslaget till lag om ändring i socialavgiftslagen (2000:980) (avsnitt 3.3 och 6.2).","lydelse2":null,"utskottet":"Bifall","kammaren":"Bifall","behandlas_i":"2018/19:FiU1","behandlas_i_punkt":null,"kammarbeslutstyp":null,"intressent":"FiU","avsnitt":"finansplanen","grundforfattning":null,"andringsforfattning":null},{"nummer":"1","beteckning":"2.1","lydelse":"Riksdagen anvisar ramanslagen för budgetåret 2019 under utgiftsområde 1 Rikets styrelse, när det gäller anslag som står till regeringens disposition, enligt tabell 1.1.","lydelse2":null,"utskottet":"Delvis bifall","kammaren":"Delvis bifall","behandlas_i":"2018/19:KU1","behandlas_i_punkt":null,"kammarbeslutstyp":null,"intressent":"KU","avsnitt":"utgiftsområde 1","grundforfattning":null,"andringsforfattning":null},{"nummer":"2","beteckning":"2.2","lydelse":"Riksdagen bemyndigar regeringen att under 2019 besluta om bidrag som inklusive tidigare åtaganden medför behov av framtida anslag på högst de belopp och inom de tidsperioder som anges i tabell 1.2.","lydelse2":null,"utskottet":"Bifall","kammaren":"Bifall","behandlas_i":"2018/19:KU1","behandlas_i_punkt":null,"kammarbeslutstyp":null,"intressent":"KU","avsnitt":"utgiftsområde 1","grundforfattning":null,"andringsforfattning":null},{"nummer":"3","beteckning":"2.3","lydelse":"Riksdagen bemyndigar Riksdagsförvaltningen att under 2019 ta upp lån i Riksgäldskontoret för investeringar i anläggningstillgångar som används i myndighetens verksamhet som inklusive tidigare upplåning uppgår till högst 120 000 000 kronor (avsnitt 4.4.1).","lydelse2":null,"utskottet":"Bifall","kammaren":"Bifall","behandlas_i":"2018/19:KU1","behandlas_i_punkt":null,"kammarbeslutstyp":null,"intressent":"KU","avsnitt":"utgiftsområde 1","grundforfattning":null,"andringsforfattning":null},{"nummer":"4","beteckning":"2.4","lydelse":"Riksdagen godkänner investeringsplanen som riktlinje för anslaget 2:3 Riksdagens fastighetsanslag för 2019-2021 (avsnitt 4.4.2).","lydelse2":null,"utskottet":"Bifall","kammaren":"Bifall","behandlas_i":"2018/19:KU1","behandlas_i_punkt":null,"kammarbeslutstyp":null,"intressent":"KU","avsnitt":"utgiftsområde 1","grundforfattning":null,"andringsforfattning":null},{"nummer":"5","beteckning":"2.5","lydelse":"Riksdagen bemyndigar Riksdagsförvaltningen att under 2019 ta upp lån i Riksgäldskontoret för investeringar i fastigheter och tekniska anläggningar som inklusive tidigare upplåning uppgår till högst 1 000 000 000 kronor (avsnitt 4.4.2).","lydelse2":null,"utskottet":"Bifall","kammaren":"Bifall","behandlas_i":"2018/19:KU1","behandlas_i_punkt":null,"kammarbeslutstyp":null,"intressent":"KU","avsnitt":"utgiftsområde 1","grundforfattning":null,"andringsforfattning":null},{"nummer":"6","beteckning":"2.6","lydelse":"Riksdagen anvisar ramanslagen för budgetåret 2019 under utgiftsområde 1 Rikets styrelse, när det gäller anslag som står till Riksdagsförvaltningens disposition, enligt tabell 1.1.","lydelse2":null,"utskottet":"Bifall","kammaren":"Bifall","behandlas_i":"2018/19:KU1","behandlas_i_punkt":null,"kammarbeslutstyp":null,"intressent":"KU","avsnitt":"utgiftsområde 1","grundforfattning":null,"andringsforfattning":null},{"nummer":"7","beteckning":"2.7","lydelse":"Riksdagen beslutar att Riksdagens ombudsmän (JO) för 2019 får anslagsfinansiera anläggningstillgångar som används i myndighetens verksamhet (avsnitt 4.4.3).","lydelse2":null,"utskottet":"Bifall","kammaren":"Bifall","behandlas_i":"2018/19:KU1","behandlas_i_punkt":null,"kammarbeslutstyp":null,"intressent":"KU","avsnitt":"utgiftsområde 1","grundforfattning":null,"andringsforfattning":null},{"nummer":"8","beteckning":"2.8","lydelse":"Riksdagen anvisar ett ramanslag för budgetåret 2019 under utgiftsområde 1 Rikets styrelse, för Riksdagens ombudsmän (JO), enligt tabell 1.1.","lydelse2":null,"utskottet":"Bifall","kammaren":"Bifall","behandlas_i":"2018/19:KU1","behandlas_i_punkt":null,"kammarbeslutstyp":null,"intressent":"KU","avsnitt":"utgiftsområde 1","grundforfattning":null,"andringsforfattning":null},{"nummer":"1","beteckning":"3.1","lydelse":"Riksdagen bemyndigar regeringen att för 2019 besluta om en kreditram på högst 50 000 000 000 kronor och en garantiram på högst 750 000 000 000 kronor för stabilitetsfonden (avsnitt 3.5.3).","lydelse2":null,"utskottet":"Bifall","kammaren":"Bifall","behandlas_i":"2018/19:FiU2","behandlas_i_punkt":null,"kammarbeslutstyp":null,"intressent":"FiU","avsnitt":"utgiftsområde 2","grundforfattning":null,"andringsforfattning":null},{"nummer":"2","beteckning":"3.2","lydelse":"Riksdagen bemyndigar regeringen att för 2019 besluta om en kreditram på högst 100 000 000 000 kronor och en garantiram på högst 200 000 000 000 kronor för resolutionsreserven (avsnitt 3.5.3).","lydelse2":null,"utskottet":"Bifall","kammaren":"Bifall","behandlas_i":"2018/19:FiU2","behandlas_i_punkt":null,"kammarbeslutstyp":null,"intressent":"FiU","avsnitt":"utgiftsområde 2","grundforfattning":null,"andringsforfattning":null},{"nummer":"3","beteckning":"3.3","lydelse":"Riksdagen bemyndigar regeringen att för 2019 besluta om en kredit i Riksgäldskontoret som inklusive tidigare utnyttjad kredit uppgår till högst 250 000 000 kronor för att tillgodose Kammarkollegiets behov av likviditet i samband med inrättande av nya myndigheter (avsnitt 4.4.2).","lydelse2":null,"utskottet":"Bifall","kammaren":"Bifall","behandlas_i":"2018/19:FiU2","behandlas_i_punkt":null,"kammarbeslutstyp":null,"intressent":"FiU","avsnitt":"utgiftsområde 2","grundforfattning":null,"andringsforfattning":null},{"nummer":"4","beteckning":"3.4","lydelse":"Riksdagen bemyndigar regeringen att för 2019 besluta om en kredit i Riksgäldskontoret som inklusive tidigare utnyttjad kredit uppgår till högst 100 000 000 kronor för att tillgodose Kammarkollegiets behov av likviditet i det statliga försäkringssystemet (avsnitt 4.4.2).","lydelse2":null,"utskottet":"Bifall","kammaren":"Bifall","behandlas_i":"2018/19:FiU2","behandlas_i_punkt":null,"kammarbeslutstyp":null,"intressent":"FiU","avsnitt":"utgiftsområde 2","grundforfattning":null,"andringsforfattning":null},{"nummer":"5","beteckning":"3.5","lydelse":"Riksdagen bemyndigar regeringen att för 2019 besluta om en kredit i Riksgäldskontoret som inklusive tidigare utnyttjad kredit uppgår till högst 100 000 000 kronor för att tillgodose Statens tjänstepensionsverks behov av likviditet i pensionshanteringen (avsnitt 6.4.2).","lydelse2":null,"utskottet":"Bifall","kammaren":"Bifall","behandlas_i":"2018/19:FiU2","behandlas_i_punkt":null,"kammarbeslutstyp":null,"intressent":"FiU","avsnitt":"utgiftsområde 2","grundforfattning":null,"andringsforfattning":null},{"nummer":"6","beteckning":"3.6","lydelse":"Riksdagen godkänner investeringsplanen för fastigheter och markanläggningar för 2019-2021 som en riktlinje för Statens fastighetsverks investeringar (avsnitt 10.4.1).","lydelse2":null,"utskottet":"Bifall","kammaren":"Bifall","behandlas_i":"2018/19:FiU2","behandlas_i_punkt":null,"kammarbeslutstyp":null,"intressent":"FiU","avsnitt":"utgiftsområde 2","grundforfattning":null,"andringsforfattning":null},{"nummer":"7","beteckning":"3.7","lydelse":"Riksdagen bemyndigar regeringen att för 2019 besluta att Statens fastighetsverk får ta upp lån i Riksgäldskontoret som inklusive tidigare upplåning uppgår till högst 15 200 000 000 kronor för investeringar i fastigheter och markanläggningar (avsnitt 10.4.1).","lydelse2":null,"utskottet":"Bifall","kammaren":"Bifall","behandlas_i":"2018/19:FiU2","behandlas_i_punkt":null,"kammarbeslutstyp":null,"intressent":"FiU","avsnitt":"utgiftsområde 2","grundforfattning":null,"andringsforfattning":null},{"nummer":"8","beteckning":"3.8","lydelse":"Riksdagen godkänner investeringsplanen för fastigheter och markanläggningar för 2019-2021 som riktlinje för Fortifikationsverkets investeringar (avsnitt 10.5.3).","lydelse2":null,"utskottet":"Bifall","kammaren":"Bifall","behandlas_i":"2018/19:FiU2","behandlas_i_punkt":null,"kammarbeslutstyp":null,"intressent":"FiU","avsnitt":"utgiftsområde 2","grundforfattning":null,"andringsforfattning":null},{"nummer":"9","beteckning":"3.9","lydelse":"Riksdagen bemyndigar regeringen att för 2019 besluta att Fortifikationsverket får ta upp lån i Riksgäldskontoret som inklusive tidigare upplåning uppgår till högst 14 500 000 000 kronor för investeringar i fastigheter och markanläggningar (avsnitt 10.4.3).","lydelse2":null,"utskottet":"Bifall","kammaren":"Bifall","behandlas_i":"2018/19:FiU2","behandlas_i_punkt":null,"kammarbeslutstyp":null,"intressent":"FiU","avsnitt":"utgiftsområde 2","grundforfattning":null,"andringsforfattning":null},{"nummer":"10","beteckning":"3.10","lydelse":"Riksdagen anvisar ramanslagen för budgetåret 2019 under utgiftsområde 2 Samhällsekonomi och finansförvaltning, när det gäller anslag som står till regeringens disposition, enligt tabell 1.1.","lydelse2":null,"utskottet":"Delvis bifall","kammaren":"Delvis bifall","behandlas_i":"2018/19:FiU2","behandlas_i_punkt":null,"kammarbeslutstyp":null,"intressent":"FiU","avsnitt":"utgiftsområde 2","grundforfattning":null,"andringsforfattning":null},{"nummer":"11","beteckning":"3.11","lydelse":"Riksdagen bemyndigar regeringen att under 2019 ingå ekonomiska åtaganden som inklusive tidigare åtaganden medför behov av framtida anslag på högst de belopp och inom de tidsperioder som anges i tabell 1.2.","lydelse2":null,"utskottet":"Bifall","kammaren":"Bifall","behandlas_i":"2018/19:FiU2","behandlas_i_punkt":null,"kammarbeslutstyp":null,"intressent":"FiU","avsnitt":"utgiftsområde 2","grundforfattning":null,"andringsforfattning":null},{"nummer":"12","beteckning":"3.12","lydelse":"Riksdagen bemyndigar Riksrevisionen att för 2019 ta upp lån i Riksgäldskontoret som inklusive tidigare upplåning uppgår till högst 15 000 000 kronor för investeringar i anläggningstillgångar som används i verksamheten (avsnitt 12.4.1).","lydelse2":null,"utskottet":"Bifall","kammaren":"Bifall","behandlas_i":"2018/19:FiU2","behandlas_i_punkt":null,"kammarbeslutstyp":null,"intressent":"FiU","avsnitt":"utgiftsområde 2","grundforfattning":null,"andringsforfattning":null},{"nummer":"13","beteckning":"3.13","lydelse":"Riksdagen anvisar ett ramanslag för budgetåret 2019 under utgiftsområde 2 Samhällsekonomi och finansförvaltning för Riksrevisionen enligt tabell 1.1.","lydelse2":null,"utskottet":"Bifall","kammaren":"Bifall","behandlas_i":"2018/19:FiU2","behandlas_i_punkt":null,"kammarbeslutstyp":null,"intressent":"FiU","avsnitt":"utgiftsområde 2","grundforfattning":null,"andringsforfattning":null},{"nummer":"1","beteckning":"4.1","lydelse":"Riksdagen anvisar ramanslagen för budgetåret 2019 under utgiftsområde 3  Skatt, tull och exekution enligt propositionen.","lydelse2":null,"utskottet":"Delvis bifall","kammaren":"Delvis bifall","behandlas_i":"2018/19:SkU1","behandlas_i_punkt":null,"kammarbeslutstyp":null,"intressent":"SkU","avsnitt":"utgiftsområde 3","grundforfattning":null,"andringsforfattning":null},{"nummer":"1","beteckning":"5.1","lydelse":"Riksdagen anvisar ramanslagen för budgetåret 2019 under utgiftsområde 4 Rättsväsendet enligt tabell 1.1.","lydelse2":null,"utskottet":"Delvis bifall","kammaren":"Delvis bifall","behandlas_i":"2018/19:JuU1","behandlas_i_punkt":null,"kammarbeslutstyp":null,"intressent":"JuU","avsnitt":"utgiftsområde 4","grundforfattning":null,"andringsforfattning":null},{"nummer":"2","beteckning":"5.2","lydelse":"Riksdagen bemyndigar regeringen att under 2019 ingå ekonomiska åtaganden som inklusive tidigare åtaganden medför behov av framtida anslag på högst de belopp och inom de tidsperioder som anges i tabell 1.2.","lydelse2":null,"utskottet":"Bifall","kammaren":"Bifall","behandlas_i":"2018/19:JuU1","behandlas_i_punkt":null,"kammarbeslutstyp":null,"intressent":"JuU","avsnitt":"utgiftsområde 4","grundforfattning":null,"andringsforfattning":null},{"nummer":"1","beteckning":"6.1","lydelse":"Riksdagen anvisar ramanslagen för budgetåret 2019 under utgiftsområde 5 Internationell samverkan enligt tabell 1.1.","lydelse2":null,"utskottet":"Bifall","kammaren":"Bifall","behandlas_i":"2018/19:UU1","behandlas_i_punkt":null,"kammarbeslutstyp":null,"intressent":"UU","avsnitt":"utgiftsområde 5","grundforfattning":null,"andringsforfattning":null},{"nummer":"2","beteckning":"6.2","lydelse":"Riksdagen bemyndigar regeringen att under 2019 besluta om bidrag som inklusive tidigare gjorda åtaganden medför behov av framtida anslag på högst de belopp och inom den tidsperiod som anges i tabell 1.2.","lydelse2":null,"utskottet":"Bifall","kammaren":"Bifall","behandlas_i":"2018/19:UU1","behandlas_i_punkt":null,"kammarbeslutstyp":null,"intressent":"UU","avsnitt":"utgiftsområde 5","grundforfattning":null,"andringsforfattning":null},{"nummer":"1","beteckning":"7.1","lydelse":"Riksdagen bemyndigar regeringen att för 2019 besluta om en kredit i Riksgäldskontoret som inklusive tidigare utnyttjad kredit uppgår till högst 2 000 000 000 kronor för att tillgodose Försvarsmaktens behov av rörelsekapital (avsnitt 3.3.1).","lydelse2":null,"utskottet":"Bifall","kammaren":"Bifall","behandlas_i":"2018/19:FöU1","behandlas_i_punkt":null,"kammarbeslutstyp":null,"intressent":"FöU","avsnitt":"utgiftsområde 6","grundforfattning":null,"andringsforfattning":null},{"nummer":"2","beteckning":"7.2","lydelse":"Riksdagen godkänner investeringsplanen för vidmakthållande av försvarsmateriel för 2019-2024 som en riktlinje för Försvarsmaktens investeringar (avsnitt 3.3.1).","lydelse2":null,"utskottet":"Bifall","kammaren":"Bifall","behandlas_i":"2018/19:FöU1","behandlas_i_punkt":null,"kammarbeslutstyp":null,"intressent":"FöU","avsnitt":"utgiftsområde 6","grundforfattning":null,"andringsforfattning":null},{"nummer":"3","beteckning":"7.3","lydelse":"Riksdagen godkänner investeringsplanen för anskaffning av försvarsmateriel för 2019-2024 som en riktlinje för Försvarsmaktens investeringar (avsnitt 3.3.3).","lydelse2":null,"utskottet":"Bifall","kammaren":"Bifall","behandlas_i":"2018/19:FöU1","behandlas_i_punkt":null,"kammarbeslutstyp":null,"intressent":"FöU","avsnitt":"utgiftsområde 6","grundforfattning":null,"andringsforfattning":null},{"nummer":"4","beteckning":"7.4","lydelse":"Riksdagen bemyndigar regeringen att för 2019 besluta om en kredit i Riksgäldskontoret som inklusive tidigare utnyttjad kredit uppgår till högst 25 500 000 000 kronor för att tillgodose Försvarets materielverks behov av rörelsekapital (avsnitt 3.3.11).","lydelse2":null,"utskottet":"Bifall","kammaren":"Bifall","behandlas_i":"2018/19:FöU1","behandlas_i_punkt":null,"kammarbeslutstyp":null,"intressent":"FöU","avsnitt":"utgiftsområde 6","grundforfattning":null,"andringsforfattning":null},{"nummer":"5","beteckning":"7.5","lydelse":"Riksdagen bemyndigar regeringen att besluta om en successiv övergång till en förändrad anslagsavräkningsmodell och redovisning av beställningsbemyndiganden för anskaffning och vidmakthållande av försvarsmateriel (avsnitt 3.3.11).","lydelse2":null,"utskottet":"Bifall","kammaren":"Bifall","behandlas_i":"2018/19:FöU1","behandlas_i_punkt":null,"kammarbeslutstyp":null,"intressent":"FöU","avsnitt":"utgiftsområde 6","grundforfattning":null,"andringsforfattning":null},{"nummer":"6","beteckning":"7.6","lydelse":"Riksdagen bemyndigar regeringen att under 2019 besluta om export av JAS 39C/D genom upplåtelse eller överlåtelse av materiel, under förutsättning att exporten bidrar till den operativa tillgängligheten inom stridsflygsystemet, att det i övrigt är i linje med det försvarspolitiska inriktningsbeslutet för 2016-2020 och att exporten under 2019 sker till förmån för den operativa tillgängligheten till JAS 39C/D (avsnitt 3.3.11).","lydelse2":null,"utskottet":"Avslag","kammaren":"Avslag","behandlas_i":"2018/19:FöU1","behandlas_i_punkt":null,"kammarbeslutstyp":null,"intressent":"FöU","avsnitt":"utgiftsområde 6","grundforfattning":null,"andringsforfattning":null},{"nummer":"7","beteckning":"7.7","lydelse":"Riksdagen bemyndigar regeringen att för 2019 utnyttja en kredit i Riksgäldskontoret som uppgår till högst 40 000 000 000 kronor i händelse av krig, krigsfara eller andra utomordentliga förhållanden (avsnitt 3.4).","lydelse2":null,"utskottet":"Bifall","kammaren":"Bifall","behandlas_i":"2018/19:FöU1","behandlas_i_punkt":null,"kammarbeslutstyp":null,"intressent":"FöU","avsnitt":"utgiftsområde 6","grundforfattning":null,"andringsforfattning":null},{"nummer":"8","beteckning":"7.8","lydelse":"Riksdagen bemyndigar regeringen att för 2019 besluta att Myndigheten för samhällsskydd och beredskap får ta upp lån i Riksgäldskontoret som inklusive tidigare gjord upplåning uppgår till högst 1 550 000 000 kronor för beredskapsinvesteringar (avsnitt 4.3.6).","lydelse2":null,"utskottet":"Bifall","kammaren":"Bifall","behandlas_i":"2018/19:FöU1","behandlas_i_punkt":null,"kammarbeslutstyp":null,"intressent":"FöU","avsnitt":"utgiftsområde 6","grundforfattning":null,"andringsforfattning":null},{"nummer":"9","beteckning":"7.9","lydelse":"Riksdagen godkänner investeringsplanen för krisberedskap för 2019-2021 som en riktlinje för Myndigheten för samhällsskydd och beredskaps beredskapsinvesteringar (avsnitt 4.3.6).","lydelse2":null,"utskottet":"Bifall","kammaren":"Bifall","behandlas_i":"2018/19:FöU1","behandlas_i_punkt":null,"kammarbeslutstyp":null,"intressent":"FöU","avsnitt":"utgiftsområde 6","grundforfattning":null,"andringsforfattning":null},{"nummer":"10","beteckning":"7.10","lydelse":"Riksdagen anvisar ramanslagen för budgetåret 2019 under utgiftsområde 6 Försvar och samhällets krisberedskap enligt tabell 1.1.","lydelse2":null,"utskottet":"Delvis bifall","kammaren":"Delvis bifall","behandlas_i":"2018/19:FöU1","behandlas_i_punkt":null,"kammarbeslutstyp":null,"intressent":"FöU","avsnitt":"utgiftsområde 6","grundforfattning":null,"andringsforfattning":null},{"nummer":"11","beteckning":"7.11","lydelse":"Riksdagen bemyndigar regeringen att under 2019 ingå ekonomiska åtaganden som inklusive tidigare åtaganden medför behov av framtida anslag på högst de belopp och inom de tidsperioder som anges i tabell 1.2.","lydelse2":null,"utskottet":"Delvis bifall","kammaren":"Delvis bifall","behandlas_i":"2018/19:FöU1","behandlas_i_punkt":null,"kammarbeslutstyp":null,"intressent":"FöU","avsnitt":"utgiftsområde 6","grundforfattning":null,"andringsforfattning":null},{"nummer":"1","beteckning":"8.1","lydelse":"Riksdagen fastställer biståndsramen för 2019 till 1 procent av vid budgeteringstillfället beräknad bruttonationalinkomst (BNI) för 2019 beräknat enligt EU-förordningen för nationalräkenskaperna ENS 2010 (avsnitt 2.2). ","lydelse2":null,"utskottet":"Bifall","kammaren":"Bifall","behandlas_i":"2018/19:UU2","behandlas_i_punkt":null,"kammarbeslutstyp":null,"intressent":"UU","avsnitt":"utgiftsområde 7","grundforfattning":null,"andringsforfattning":null},{"nummer":"2","beteckning":"8.2","lydelse":"Riksdagen bemyndigar regeringen att under 2019 ställa ut statliga garantier för biståndsverksamhet som inklusive tidigare utfärdade garantier uppgår till högst 14 000 000 000 kronor (avsnitt 2.6.1).","lydelse2":null,"utskottet":"Bifall","kammaren":"Bifall","behandlas_i":"2018/19:UU2","behandlas_i_punkt":null,"kammarbeslutstyp":null,"intressent":"UU","avsnitt":"utgiftsområde 7","grundforfattning":null,"andringsforfattning":null},{"nummer":"3","beteckning":"8.3","lydelse":"Riksdagen bemyndigar regeringen att under 2019 för anslaget 1:1 Biståndsverksamhet besluta om kapitaltillskott på högst 600 000 000 kronor till Swedfund International AB (avsnitt 2.6.1).","lydelse2":null,"utskottet":"Bifall","kammaren":"Bifall","behandlas_i":"2018/19:UU2","behandlas_i_punkt":null,"kammarbeslutstyp":null,"intressent":"UU","avsnitt":"utgiftsområde 7","grundforfattning":null,"andringsforfattning":null},{"nummer":"4","beteckning":"8.4","lydelse":"Riksdagen anvisar ramanslagen för budgetåret 2019 under utgiftsområde 7 Internationellt bistånd, när det gäller anslag som står till regeringens disposition, enligt tabell 1.1. ","lydelse2":null,"utskottet":"Delvis bifall","kammaren":"Delvis bifall","behandlas_i":"2018/19:UU2","behandlas_i_punkt":null,"kammarbeslutstyp":null,"intressent":"UU","avsnitt":"utgiftsområde 7","grundforfattning":null,"andringsforfattning":null},{"nummer":"5","beteckning":"8.5","lydelse":"Riksdagen bemyndigar regeringen att under 2019 besluta om bidrag som inklusive tidigare åtaganden medför behov av framtida anslag på högst de belopp och inom de tidsperioder som anges i tabell 1.2.","lydelse2":null,"utskottet":"Bifall","kammaren":"Bifall","behandlas_i":"2018/19:UU2","behandlas_i_punkt":null,"kammarbeslutstyp":null,"intressent":"UU","avsnitt":"utgiftsområde 7","grundforfattning":null,"andringsforfattning":null},{"nummer":"6","beteckning":"8.6","lydelse":"Riksdagen anvisar ett ramanslag för budgetåret 2019 under utgiftsområde 7 Internationellt bistånd för Riksrevisionen enligt tabell 1.1. ","lydelse2":null,"utskottet":"Bifall","kammaren":"Bifall","behandlas_i":"2018/19:UU2","behandlas_i_punkt":null,"kammarbeslutstyp":null,"intressent":"UU","avsnitt":"utgiftsområde 7","grundforfattning":null,"andringsforfattning":null},{"nummer":"1","beteckning":"9.1","lydelse":"Riksdagen anvisar ramanslagen för budgetåret 2019 under utgiftsområde 8 Migration enligt tabell 1.1.","lydelse2":null,"utskottet":"Delvis bifall","kammaren":"Delvis bifall","behandlas_i":"2018/19:SfU4","behandlas_i_punkt":null,"kammarbeslutstyp":null,"intressent":"SfU","avsnitt":"utgiftsområde 8","grundforfattning":null,"andringsforfattning":null},{"nummer":"2","beteckning":"9.2","lydelse":"Riksdagen bemyndigar regeringen att under 2019 ingå ekonomiska åtaganden som inklusive tidigare åtaganden medför behov av framtida anslag på högst de belopp och inom de tidsperioder som anges i tabell 1.2.","lydelse2":null,"utskottet":"Bifall","kammaren":"Bifall","behandlas_i":"2018/19:SfU4","behandlas_i_punkt":null,"kammarbeslutstyp":null,"intressent":"SfU","avsnitt":"utgiftsområde 8","grundforfattning":null,"andringsforfattning":null},{"nummer":"1","beteckning":"10.1","lydelse":"Riksdagen bemyndigar regeringen att för 2019 besluta att Folkhälsomyndigheten får ta upp lån i Riksgäldskontoret som inklusive tidigare upplåning uppgår till högst 350 000 000 kronor för beredskapsinvesteringar (avsnitt 3.6.6).","lydelse2":null,"utskottet":"Bifall","kammaren":"Bifall","behandlas_i":"2018/19:SoU1","behandlas_i_punkt":null,"kammarbeslutstyp":null,"intressent":"SoU","avsnitt":"utgiftsområde 9","grundforfattning":null,"andringsforfattning":null},{"nummer":"2","beteckning":"10.2","lydelse":"Riksdagen bemyndigar regeringen att för 2019 besluta att Socialstyrelsen får ta upp lån i Riksgäldskontoret som inklusive tidigare upplåning uppgår till högst 100 000 000 kronor för beredskapsinvesteringar (avsnitt 3.6.6).","lydelse2":null,"utskottet":"Bifall","kammaren":"Bifall","behandlas_i":"2018/19:SoU1","behandlas_i_punkt":null,"kammarbeslutstyp":null,"intressent":"SoU","avsnitt":"utgiftsområde 9","grundforfattning":null,"andringsforfattning":null},{"nummer":"3","beteckning":"10.3","lydelse":"Riksdagen anvisar ramanslag för budgetåret 2019 under utgiftsområde 9 Hälsovård, sjukvård och social omsorg enligt tabell 1.1.","lydelse2":null,"utskottet":"Delvis bifall","kammaren":"Delvis bifall","behandlas_i":"2018/19:SoU1","behandlas_i_punkt":null,"kammarbeslutstyp":null,"intressent":"SoU","avsnitt":"utgiftsområde 9","grundforfattning":null,"andringsforfattning":null},{"nummer":"4","beteckning":"10.4","lydelse":"Riksdagen bemyndigar regeringen att under 2019 ingå ekonomiska åtaganden som inklusive tidigare åtaganden medför behov av framtida anslag på högst de belopp och inom den tidsperiod som anges i tabell 1.2.","lydelse2":null,"utskottet":"Delvis bifall","kammaren":"Delvis bifall","behandlas_i":"2018/19:SoU1","behandlas_i_punkt":null,"kammarbeslutstyp":null,"intressent":"SoU","avsnitt":"utgiftsområde 9","grundforfattning":null,"andringsforfattning":null},{"nummer":"1","beteckning":"11.1","lydelse":"Riksdagen bemyndigar regeringen att för 2019 besluta om en kredit i Riksgäldskontoret som inklusive tidigare utnyttjad kredit uppgår till högst 170 000 000 kronor för att tillgodose Försäkringskassans behov av likviditet vid utbetalning av ersättning för vård i andra länder (avsnitt 2.6.8).","lydelse2":null,"utskottet":"Bifall","kammaren":"Bifall","behandlas_i":"2018/19:SfU1","behandlas_i_punkt":null,"kammarbeslutstyp":null,"intressent":"SfU","avsnitt":"utgiftsområde 10","grundforfattning":null,"andringsforfattning":null},{"nummer":"2","beteckning":"11.2","lydelse":"Riksdagen anvisar ramanslagen för budgetåret 2019 under utgiftsområde 10 Ekonomisk trygghet vid sjukdom och funktionsnedsättning enligt tabell 1.1.","lydelse2":null,"utskottet":"Bifall","kammaren":"Bifall","behandlas_i":"2018/19:SfU1","behandlas_i_punkt":null,"kammarbeslutstyp":null,"intressent":"SfU","avsnitt":"utgiftsområde 10","grundforfattning":null,"andringsforfattning":null},{"nummer":"1","beteckning":"12.1","lydelse":"Riksdagen bemyndigar regeringen att för 2019 besluta om en kredit i Riksgäldskontoret som inklusive tidigare utnyttjad kredit uppgår till högst 8 000 000 000 kronor för att tillgodose Pensionsmyndighetens behov av likviditet vid handel av fondandelar (avsnitt 2.6.5).","lydelse2":null,"utskottet":"Bifall","kammaren":"Bifall","behandlas_i":"2018/19:SfU2","behandlas_i_punkt":null,"kammarbeslutstyp":null,"intressent":"SfU","avsnitt":"utgiftsområde 11","grundforfattning":null,"andringsforfattning":null},{"nummer":"2","beteckning":"12.2","lydelse":"Riksdagen anvisar ramanslagen för budgetåret 2019 under utgiftsområde 11 Ekonomisk trygghet vid ålderdom enligt tabell 1.1. ","lydelse2":null,"utskottet":"Delvis bifall","kammaren":"Delvis bifall","behandlas_i":"2018/19:SfU2","behandlas_i_punkt":null,"kammarbeslutstyp":null,"intressent":"SfU","avsnitt":"utgiftsområde 11","grundforfattning":null,"andringsforfattning":null},{"nummer":"1","beteckning":"13.1","lydelse":"Riksdagen anvisar ramanslagen för budgetåret 2019 under utgiftsområde 12 Ekonomisk trygghet för familjer och barn enligt tabell 1.1.","lydelse2":null,"utskottet":"Bifall","kammaren":"Bifall","behandlas_i":"2018/19:SfU3","behandlas_i_punkt":null,"kammarbeslutstyp":null,"intressent":"SfU","avsnitt":"utgiftsområde 12","grundforfattning":null,"andringsforfattning":null},{"nummer":"1","beteckning":"14.1","lydelse":"Riksdagen anvisar ramanslagen för budgetåret 2019 under utgiftsområde 13 Jämställdhet och nyanlända invandrares etablering enligt tabell 1.1.","lydelse2":null,"utskottet":"Delvis bifall","kammaren":"Delvis bifall","behandlas_i":"2018/19:AU1","behandlas_i_punkt":null,"kammarbeslutstyp":null,"intressent":"AU","avsnitt":"utgiftsområde 13","grundforfattning":null,"andringsforfattning":null},{"nummer":"2","beteckning":"14.2","lydelse":"Riksdagen bemyndigar regeringen att under 2019 ingå ekonomiska åtaganden som inklusive tidigare gjorda åtaganden medför behov av framtida anslag på högst de belopp och inom den tidsperiod som anges i tabell 1.2.","lydelse2":null,"utskottet":"Delvis bifall","kammaren":"Delvis bifall","behandlas_i":"2018/19:AU1","behandlas_i_punkt":null,"kammarbeslutstyp":null,"intressent":"AU","avsnitt":"utgiftsområde 13","grundforfattning":null,"andringsforfattning":null},{"nummer":"1","beteckning":"15.1","lydelse":"Riksdagen anvisar ramanslagen för budgetåret 2019 under utgiftsområde 14 Arbetsmarknad och arbetsliv enligt tabell 1.1.","lydelse2":null,"utskottet":"Delvis bifall","kammaren":"Delvis bifall","behandlas_i":"2018/19:AU2","behandlas_i_punkt":null,"kammarbeslutstyp":null,"intressent":"AU","avsnitt":"utgiftsområde 14","grundforfattning":null,"andringsforfattning":null},{"nummer":"2","beteckning":"15.2","lydelse":"Riksdagen bemyndigar regeringen att under 2019 ingå ekonomiska åtaganden som inklusive tidigare gjorda åtaganden medför behov av framtida anslag på högst de belopp och inom den tidsperiod som anges i tabell 1.2.","lydelse2":null,"utskottet":"Delvis bifall","kammaren":"Delvis bifall","behandlas_i":"2018/19:AU2","behandlas_i_punkt":null,"kammarbeslutstyp":null,"intressent":"AU","avsnitt":"utgiftsområde 14","grundforfattning":null,"andringsforfattning":null},{"nummer":"1","beteckning":"16.1","lydelse":"Riksdagen bemyndigar regeringen att under 2019 ta upp lån i Riksgäldskontoret för studielån som inklusive tidigare upplåning uppgår till högst 228 700 000 000 kronor (avsnitt 2.6.9).","lydelse2":null,"utskottet":"Bifall","kammaren":"Bifall","behandlas_i":"2018/19:UbU2","behandlas_i_punkt":null,"kammarbeslutstyp":null,"intressent":"UbU","avsnitt":"utgiftsområde 15","grundforfattning":null,"andringsforfattning":null},{"nummer":"2","beteckning":"16.2","lydelse":"Riksdagen anvisar ramanslagen för budgetåret 2019 under utgiftsområde 15 Studiestöd enligt tabell 1.1.","lydelse2":null,"utskottet":"Delvis bifall","kammaren":"Delvis bifall","behandlas_i":"2018/19:UbU2","behandlas_i_punkt":null,"kammarbeslutstyp":null,"intressent":"UbU","avsnitt":"utgiftsområde 15","grundforfattning":null,"andringsforfattning":null},{"nummer":"3","beteckning":"16.3","lydelse":"Riksdagen bemyndigar regeringen att under 2019 ingå ekonomiska åtaganden som inklusive tidigare åtaganden medför behov av framtida anslag på högst det belopp och inom den tidsperiod som anges i tabell 1.2.","lydelse2":null,"utskottet":"Bifall","kammaren":"Bifall","behandlas_i":"2018/19:UbU2","behandlas_i_punkt":null,"kammarbeslutstyp":null,"intressent":"UbU","avsnitt":"utgiftsområde 15","grundforfattning":null,"andringsforfattning":null},{"nummer":"1","beteckning":"17.1","lydelse":"Riksdagen bemyndigar regeringen att under 2019 utan vederlag besluta om överlåtelse av tillgångar, som används i verksamheten för toxikologiska vetenskaper vid Karolinska institutet, till RISE Research Institutes of Sweden AB (RISE AB) (avsnitt 9.2.16).","lydelse2":null,"utskottet":"Bifall","kammaren":"Bifall","behandlas_i":"2018/19:UbU1","behandlas_i_punkt":null,"kammarbeslutstyp":null,"intressent":"UbU","avsnitt":"utgiftsområde 16","grundforfattning":null,"andringsforfattning":null},{"nummer":"2","beteckning":"17.2","lydelse":"Riksdagen bemyndigar regeringen att under 2019 för anslaget 2:30 Malmö universitet: Forskning och utbildning på forskarnivå besluta om kapitaltillskott till holdingbolag knutet till Malmö universitet på högst 8 500 000 kronor (avsnitt 9.2.30).","lydelse2":null,"utskottet":"Bifall","kammaren":"Bifall","behandlas_i":"2018/19:UbU1","behandlas_i_punkt":null,"kammarbeslutstyp":null,"intressent":"UbU","avsnitt":"utgiftsområde 16","grundforfattning":null,"andringsforfattning":null},{"nummer":"3","beteckning":"17.3","lydelse":"Riksdagen bemyndigar regeringen att under 2019 för anslaget 3:1 Vetenskapsrådet: Forskning och forskningsinformation besluta om bidrag på högst 700 000 000 kronor till European Spallation Source ERIC (ESS) (avsnitt 9.3.1).","lydelse2":null,"utskottet":"Bifall","kammaren":"Bifall","behandlas_i":"2018/19:UbU1","behandlas_i_punkt":null,"kammarbeslutstyp":null,"intressent":"UbU","avsnitt":"utgiftsområde 16","grundforfattning":null,"andringsforfattning":null},{"nummer":"4","beteckning":"17.4","lydelse":"Riksdagen bemyndigar regeringen att under 2019 för anslaget 3:1 Vetenskapsrådet: Forskning och forskningsinformation besluta om medlemskap i följande konsortier för europeisk forskningsinfrastruktur, s.k. Eric-konsortier: European Advanced Translational Research Infrastructure in Medicine (EATRIS-ERIC) med en årlig medlemsavgift på högst 1 800 000 kronor, European Research Infrastructure for Biomedical Imaging (Euro-Bioimaging-ERIC) med en årlig medlemsavgift på högst 1 000 000 kronor, Aerosols, Clouds and Trace Gases Research Infrastructure (ACTRIS-ERIC) med en årlig medlemsavgift på högst 2 500 000 kronor, European Marine Biological Resource Center (EMBRC-ERIC) med en årlig medlemsavgift på högst 1 000 000 kronor, European Plate Observing System (EPOS-ERIC) med en årlig medlemsavgift på högst 1 500 000 kronor och European Solar Telescope (EST-ERIC) med en årlig medlemsavgift på högst 6 000 000 kronor. Vidare bemyndigas regeringen att under 2019 besluta om finansiering av de årliga medlemsavgifterna i följande konsortier: Council of European Social Science Data Archives (CESSDA-ERIC) med en medlemsavgift på högst 2 500 000 kronor, Common Language Resources and Technology Infrastructure (CLARIN-ERIC) med en medlemsavgift på högst 1 000 000 kronor, Survey of Health, Ageing and Retirement in Europe (SHARE-ERIC) med en medlemsavgift på högst 1 500 000 kronor, Biobanking and Biomolicular Resources Infrastructure (BBMRI-ERIC) med en medlemsavgift på högst 2 500 000 kronor, European Social Survey (ESS-ERIC) med en medlemsavgift på högst 1 500 000 kronor, Joint Institute for VLBI in Europe (JIVE-ERIC) med en medlemsavgift på högst 1 800 000 kronor och Integrated Carbon Observation System (ICOS-ERIC) med en medlemsavgift på högst 7 750 000 kronor. per år (avsnitt 9.3.1).","lydelse2":null,"utskottet":"Bifall","kammaren":"Bifall","behandlas_i":"2018/19:UbU1","behandlas_i_punkt":null,"kammarbeslutstyp":null,"intressent":"UbU","avsnitt":"utgiftsområde 16","grundforfattning":null,"andringsforfattning":null},{"nummer":"5","beteckning":"17.5","lydelse":"Riksdagen bemyndigar regeringen att under 2019 för anslaget 3:1 Vetenskapsrådet: Forskning och forskningsinformation besluta om medlemskap i det gemensamma företaget för ett europeiskt högpresterande datorsystem med en medlemsavgift på högst 25 000 000 kronor (avsnitt 9.3.1).","lydelse2":null,"utskottet":"Bifall","kammaren":"Bifall","behandlas_i":"2018/19:UbU1","behandlas_i_punkt":null,"kammarbeslutstyp":null,"intressent":"UbU","avsnitt":"utgiftsområde 16","grundforfattning":null,"andringsforfattning":null},{"nummer":"6","beteckning":"17.6","lydelse":"Riksdagen bemyndigar regeringen att under 2019 för anslaget 3:12 Särskilda utgifter för forskningsändamål besluta om kapital-tillskott på högst 11 000 000 kronor till holdingbolag knutna till universitet för finansiering av idébanksmedel (avsnitt 9.3.12).","lydelse2":null,"utskottet":"Bifall","kammaren":"Bifall","behandlas_i":"2018/19:UbU1","behandlas_i_punkt":null,"kammarbeslutstyp":null,"intressent":"UbU","avsnitt":"utgiftsområde 16","grundforfattning":null,"andringsforfattning":null},{"nummer":"7","beteckning":"17.7","lydelse":"Riksdagen anvisar ramanslagen för budgetåret 2019 under utgiftsområde 16 Utbildning och universitetsforskning enligt tabell 1.1.","lydelse2":null,"utskottet":"Delvis bifall","kammaren":"Delvis bifall","behandlas_i":"2018/19:UbU1","behandlas_i_punkt":null,"kammarbeslutstyp":null,"intressent":"UbU","avsnitt":"utgiftsområde 16","grundforfattning":null,"andringsforfattning":null},{"nummer":"8","beteckning":"17.8","lydelse":"Riksdagen bemyndigar regeringen att under 2019 ingå ekonomiska åtaganden som inklusive tidigare åtaganden medför behov av framtida anslag på högst de belopp och inom de tidsperioder som anges i tabell 1.2.","lydelse2":null,"utskottet":"Delvis bifall","kammaren":"Delvis bifall","behandlas_i":"2018/19:UbU1","behandlas_i_punkt":null,"kammarbeslutstyp":null,"intressent":"UbU","avsnitt":"utgiftsområde 16","grundforfattning":null,"andringsforfattning":null},{"nummer":"1","beteckning":"18.1","lydelse":"Riksdagen bemyndigar regeringen att under 2019 besluta om en låneram i Riksgäldskontoret som inklusive tidigare upplåning uppgår till högst 126 000 000 kronor till Kungliga Operan AB för investeringar i vissa byggnadsanknutna inventarier som ägs av Kungliga Operan AB (avsnitt 4.5.1).","lydelse2":null,"utskottet":"Bifall","kammaren":"Bifall","behandlas_i":"2018/19:KrU1","behandlas_i_punkt":null,"kammarbeslutstyp":null,"intressent":"KrU","avsnitt":"utgiftsområde 17","grundforfattning":null,"andringsforfattning":null},{"nummer":"2","beteckning":"18.2","lydelse":"Riksdagen bemyndigar regeringen att under 2019 besluta om en låneram i Riksgäldskontoret som inklusive tidigare upplåning uppgår till högst 70 000 000 kronor till Kungliga Dramatiska teatern AB för investeringar i ett nytt övermaskineri (avsnitt 4.5.1).","lydelse2":null,"utskottet":"Bifall","kammaren":"Bifall","behandlas_i":"2018/19:KrU1","behandlas_i_punkt":null,"kammarbeslutstyp":null,"intressent":"KrU","avsnitt":"utgiftsområde 17","grundforfattning":null,"andringsforfattning":null},{"nummer":"3","beteckning":"18.3","lydelse":"Riksdagen godkänner medelstilldelningen för 2019 från public service-kontot till Sveriges Radio AB med 3 016 800 000 kronor, till Sveriges Television AB med 4 942 300 000 kronor och till Sveriges Utbildningsradio AB med 436 400 000 kronor (avsnitt 13.5.6).","lydelse2":null,"utskottet":"Bifall","kammaren":"Bifall","behandlas_i":"2018/19:KrU1","behandlas_i_punkt":null,"kammarbeslutstyp":null,"intressent":"KrU","avsnitt":"utgiftsområde 17","grundforfattning":null,"andringsforfattning":null},{"nummer":"4","beteckning":"18.4","lydelse":"Riksdagen bemyndigar regeringen att för 2019 besluta om en kredit i Riksgäldskontoret som uppgår till högst 250 000 000 kronor för att täcka ett underskott på rundradiokontot (avsnitt 13.5.6).","lydelse2":null,"utskottet":"Bifall","kammaren":"Bifall","behandlas_i":"2018/19:KrU1","behandlas_i_punkt":null,"kammarbeslutstyp":null,"intressent":"KrU","avsnitt":"utgiftsområde 17","grundforfattning":null,"andringsforfattning":null},{"nummer":"5","beteckning":"18.5","lydelse":"Riksdagen bemyndigar regeringen att för 2019 besluta om en kredit i Riksgäldskontoret som uppgår till högst 250 000 000 kronor för att täcka ett underskott på public service-kontot (avsnitt 13.5.6).","lydelse2":null,"utskottet":"Bifall","kammaren":"Bifall","behandlas_i":"2018/19:KrU1","behandlas_i_punkt":null,"kammarbeslutstyp":null,"intressent":"KrU","avsnitt":"utgiftsområde 17","grundforfattning":null,"andringsforfattning":null},{"nummer":"6","beteckning":"18.6","lydelse":"Riksdagen godkänner målet för spelmarknaden (avsnitt 17.2).","lydelse2":null,"utskottet":"Bifall","kammaren":"Bifall","behandlas_i":"2018/19:KrU1","behandlas_i_punkt":null,"kammarbeslutstyp":null,"intressent":"KrU","avsnitt":"utgiftsområde 17","grundforfattning":null,"andringsforfattning":null},{"nummer":"7","beteckning":"18.7","lydelse":"Riksdagen anvisar ramanslagen för budgetåret 2019 under utgiftsområde 17 Kultur, medier, trossamfund och fritid enligt tabell 1.1.","lydelse2":null,"utskottet":"Delvis bifall","kammaren":"Delvis bifall","behandlas_i":"2018/19:KrU1","behandlas_i_punkt":null,"kammarbeslutstyp":null,"intressent":"KrU","avsnitt":"utgiftsområde 17","grundforfattning":null,"andringsforfattning":null},{"nummer":"8","beteckning":"18.8","lydelse":"Riksdagen bemyndigar regeringen att under 2019 besluta om bidrag som inklusive tidigare gjorda åtaganden medför behov av framtida anslag på högst de belopp och inom de tidsperioder som anges i tabell 1.2.","lydelse2":null,"utskottet":"Bifall","kammaren":"Bifall","behandlas_i":"2018/19:KrU1","behandlas_i_punkt":null,"kammarbeslutstyp":null,"intressent":"KrU","avsnitt":"utgiftsområde 17","grundforfattning":null,"andringsforfattning":null},{"nummer":"1","beteckning":"19.1","lydelse":"Riksdagen antar förslaget till lag om upphävande av lagen (1990:1364) om ändring av plan- och bostadsverkets namn (avsnitt 2.1 och 4.6).","lydelse2":null,"utskottet":"Bifall","kammaren":"Bifall","behandlas_i":"2018/19:CU1","behandlas_i_punkt":null,"kammarbeslutstyp":null,"intressent":"CU","avsnitt":"utgiftsområde 18","grundforfattning":null,"andringsforfattning":null},{"nummer":"2","beteckning":"19.2","lydelse":"Riksdagen bemyndigar regeringen att under 2019 ställa ut kreditgarantier för ny- och ombyggnad av bostäder, avlösen av kommunala borgensåtaganden och lån som kooperativa hyresrättsföreningar tar upp vid förvärv av fastigheter för ombildning till kooperativ hyresrätt som inklusive tidigare utfärdade garantier uppgår till högst 8 000 000 000 kronor (avsnitt 4.7.4).","lydelse2":null,"utskottet":"Bifall","kammaren":"Bifall","behandlas_i":"2018/19:CU1","behandlas_i_punkt":null,"kammarbeslutstyp":null,"intressent":"CU","avsnitt":"utgiftsområde 18","grundforfattning":null,"andringsforfattning":null},{"nummer":"3","beteckning":"19.3","lydelse":"Riksdagen anvisar ramanslagen för budget-året 2019 under utgiftsområde 18 Samhällsplanering, bostadsförsörjning och byggande samt konsumentpolitik enligt tabell 1.1.","lydelse2":null,"utskottet":"Delvis bifall","kammaren":"Delvis bifall","behandlas_i":"2018/19:CU1","behandlas_i_punkt":null,"kammarbeslutstyp":null,"intressent":"CU","avsnitt":"utgiftsområde 18","grundforfattning":null,"andringsforfattning":null},{"nummer":"4","beteckning":"19.4","lydelse":"Riksdagen bemyndigar regeringen att under 2019 ingå ekonomiska åtaganden som inklusive tidigare åtaganden medför behov av framtida anslag på högst de belopp och inom de tidsperioder som anges i tabell 1.2.","lydelse2":null,"utskottet":"Delvis bifall","kammaren":"Delvis bifall","behandlas_i":"2018/19:CU1","behandlas_i_punkt":null,"kammarbeslutstyp":null,"intressent":"CU","avsnitt":"utgiftsområde 18","grundforfattning":null,"andringsforfattning":null},{"nummer":"1","beteckning":"20.1","lydelse":"Riksdagen anvisar för budgetåret 2019 ramanslagen under utgiftsområde 19 Regional tillväxt enligt tabell 1.1 [Här avses anslagstabellen på s. 7 i prop. 2018/19:1 utg.omr. 19.].","lydelse2":null,"utskottet":"Bifall","kammaren":"Bifall","behandlas_i":"2018/19:NU2","behandlas_i_punkt":null,"kammarbeslutstyp":null,"intressent":"NU","avsnitt":"utgiftsområde 19","grundforfattning":null,"andringsforfattning":null},{"nummer":"2","beteckning":"20.2","lydelse":"Riksdagen bemyndigar regeringen att under 2019 ingå ekonomiska åtaganden som inklusive tidigare gjorda åtaganden medför behov av framtida anslag på högst de belopp och inom den tidsperiod som anges i tabell 1.2 [Här avses anslagstabellen på sid. 8 i prop. 2018/19:1 utg.omr. 19.].","lydelse2":null,"utskottet":"Bifall","kammaren":"Bifall","behandlas_i":"2018/19:NU2","behandlas_i_punkt":null,"kammarbeslutstyp":null,"intressent":"NU","avsnitt":"utgiftsområde 19","grundforfattning":null,"andringsforfattning":null},{"nummer":"1","beteckning":"21.1","lydelse":"Riksdagen godkänner investeringsplanen för fastigheter och markanläggningar för 2019-2020 som en riktlinje för Naturvårdsverkets investeringar.","lydelse2":null,"utskottet":"Bifall","kammaren":"Bifall","behandlas_i":"2018/19:MJU1","behandlas_i_punkt":null,"kammarbeslutstyp":null,"intressent":"MJU","avsnitt":"utgiftsområde 20","grundforfattning":null,"andringsforfattning":null},{"nummer":"2","beteckning":"21.2","lydelse":"Riksdagen anvisar ramanslagen för budgetåret 2019 under utgiftsområde 20 Allmän miljö- och naturvård enligt uppställning i propositionen. ","lydelse2":null,"utskottet":"Delvis bifall","kammaren":"Delvis bifall","behandlas_i":"2018/19:MJU1","behandlas_i_punkt":null,"kammarbeslutstyp":null,"intressent":"MJU","avsnitt":"utgiftsområde 20","grundforfattning":null,"andringsforfattning":null},{"nummer":"3","beteckning":"21.3","lydelse":"Riksdagen bemyndigar regeringen att under 2019 ingå ekonomiska åtaganden som inklusive tidigare åtaganden medför behov av framtida anslag på högst de belopp och inom den tidsram som anges i uppställningen i propositionen. ","lydelse2":null,"utskottet":"Delvis bifall","kammaren":"Delvis bifall","behandlas_i":"2018/19:MJU1","behandlas_i_punkt":null,"kammarbeslutstyp":null,"intressent":"MJU","avsnitt":"utgiftsområde 20","grundforfattning":null,"andringsforfattning":null},{"nummer":"1","beteckning":"22.1","lydelse":"Riksdagen fastställer avgiftsuttaget för elberedskapsavgiften till högst 255 000 000 kronor under 2019 (avsnitt 2.6.8).","lydelse2":null,"utskottet":"Bifall","kammaren":"Bifall","behandlas_i":"2018/19:NU3","behandlas_i_punkt":null,"kammarbeslutstyp":null,"intressent":"NU","avsnitt":"utgiftsområde 21","grundforfattning":null,"andringsforfattning":null},{"nummer":"2","beteckning":"22.2","lydelse":"Riksdagen godkänner investeringsplanen för elförsörjning för 2019-2021 som en riktlinje för Affärsverket svenska kraftnäts investeringar (avsnitt 2.7.1).","lydelse2":null,"utskottet":"Bifall","kammaren":"Bifall","behandlas_i":"2018/19:NU3","behandlas_i_punkt":null,"kammarbeslutstyp":null,"intressent":"NU","avsnitt":"utgiftsområde 21","grundforfattning":null,"andringsforfattning":null},{"nummer":"3","beteckning":"22.3","lydelse":"Riksdagen bemyndigar regeringen att för 2019 ge Affärsverket svenska kraftnät finansiella befogenheter i enlighet med vad regeringen förordar (avsnitt 2.7.2).","lydelse2":null,"utskottet":"Bifall","kammaren":"Bifall","behandlas_i":"2018/19:NU3","behandlas_i_punkt":null,"kammarbeslutstyp":null,"intressent":"NU","avsnitt":"utgiftsområde 21","grundforfattning":null,"andringsforfattning":null},{"nummer":"4","beteckning":"22.4","lydelse":"Riksdagen anvisar ramanslagen för budgetåret 2019 under utgiftsområde 21 Energi enligt följande uppställning [här avses anslagstabellen på s. 7 i prop. 2018/19:1 utg.omr. 21].","lydelse2":null,"utskottet":"Delvis bifall","kammaren":"Delvis bifall","behandlas_i":"2018/19:NU3","behandlas_i_punkt":null,"kammarbeslutstyp":null,"intressent":"NU","avsnitt":"utgiftsområde 21","grundforfattning":null,"andringsforfattning":null},{"nummer":"5","beteckning":"22.5","lydelse":"Riksdagen bemyndigar regeringen att under 2018 besluta om bidrag som inklusive tidigare åtaganden medför behov av framtida anslag på högst de belopp och inom den tidsperiod som anges i tabell 1.2 [här avses anslagstabellen på s. 8 i prop. 2018/19:1 utg.omr. 21].","lydelse2":null,"utskottet":"Bifall","kammaren":"Bifall","behandlas_i":"2018/19:NU3","behandlas_i_punkt":null,"kammarbeslutstyp":null,"intressent":"NU","avsnitt":"utgiftsområde 21","grundforfattning":null,"andringsforfattning":null},{"nummer":"1","beteckning":"23.1","lydelse":"Riksdagen bemyndigar regeringen att för 2019 ta upp lån i Riksgäldskontoret som inklusive tidigare gjord upplåning uppgår till högst 41 300 000 000 kronor för vissa infrastrukturprojekt (avsnitt 3.6.1).","lydelse2":null,"utskottet":"Bifall","kammaren":"Bifall","behandlas_i":"2018/19:TU1","behandlas_i_punkt":null,"kammarbeslutstyp":null,"intressent":"TU","avsnitt":"utgiftsområde 22","grundforfattning":null,"andringsforfattning":null},{"nummer":"2","beteckning":"23.2","lydelse":"Riksdagen bemyndigar regeringen att inom givna beloppsgränser för investeringar eller åtgärder o den nationella planen respektive länsplaner ta emot bidrag från kommuner, landsting eller företag i enlighet med vad regeringen föreslår (avsnitt 3.6.1).","lydelse2":null,"utskottet":"Bifall","kammaren":"Bifall","behandlas_i":"2018/19:TU1","behandlas_i_punkt":null,"kammarbeslutstyp":null,"intressent":"TU","avsnitt":"utgiftsområde 22","grundforfattning":null,"andringsforfattning":null},{"nummer":"3","beteckning":"23.3","lydelse":"Riksdagen bemyndigar regeringen att inom givna beloppsgränser för investeringar eller åtgärder i den nationella planen respektive länsplaner finansiera dessa genom förskottering (räntefria lån) från kommuner, landsting eller företag i enlighet med vad regeringen föreslå (avsnitt 3.6.1).","lydelse2":null,"utskottet":"Bifall","kammaren":"Bifall","behandlas_i":"2018/19:TU1","behandlas_i_punkt":null,"kammarbeslutstyp":null,"intressent":"TU","avsnitt":"utgiftsområde 22","grundforfattning":null,"andringsforfattning":null},{"nummer":"4","beteckning":"23.4","lydelse":"Riksdagen godkänner de ekonomiska målen för Sjöfartsverket samt bemyndigar regeringen att besluta om utdelning och skattemotsvarighet i enlighet med vad regeringen förordar (avsnitt 3.6.16).","lydelse2":null,"utskottet":"Bifall","kammaren":"Bifall","behandlas_i":"2018/19:TU1","behandlas_i_punkt":null,"kammarbeslutstyp":null,"intressent":"TU","avsnitt":"utgiftsområde 22","grundforfattning":null,"andringsforfattning":null},{"nummer":"5","beteckning":"23.5","lydelse":"Riksdagen bemyndigar regeringen att för 2019 ge Sjöfartsverket finansiella befogenheter i enlighet med vad regeringen förordar (avsnitt 3.6.16).","lydelse2":null,"utskottet":"Bifall","kammaren":"Bifall","behandlas_i":"2018/19:TU1","behandlas_i_punkt":null,"kammarbeslutstyp":null,"intressent":"TU","avsnitt":"utgiftsområde 22","grundforfattning":null,"andringsforfattning":null},{"nummer":"6","beteckning":"23.6","lydelse":"Riksdagen godkänner investeringsplanen för Sjöfartsverket för 2019-2021 som riktlinje för Sjöfartsverkets investeringar ( avsnitt 3.6.16).","lydelse2":null,"utskottet":"Bifall","kammaren":"Bifall","behandlas_i":"2018/19:TU1","behandlas_i_punkt":null,"kammarbeslutstyp":null,"intressent":"TU","avsnitt":"utgiftsområde 22","grundforfattning":null,"andringsforfattning":null},{"nummer":"7","beteckning":"23.7","lydelse":"Riksdagen godkänner de ekonomiska målen för Luftfartsverket samt bemyndigar regeringen att besluta om utdelning och skattemotsvarighet i enlighet med vad regeringen förordar (avsnitt 3.6.17).","lydelse2":null,"utskottet":"Bifall","kammaren":"Bifall","behandlas_i":"2018/19:TU1","behandlas_i_punkt":null,"kammarbeslutstyp":null,"intressent":"TU","avsnitt":"utgiftsområde 22","grundforfattning":null,"andringsforfattning":null},{"nummer":"8","beteckning":"23.8","lydelse":"Riksdagen bemyndigar regeringen att för 2019 ge Luftfartsverket finansiella befogenheter i enlighet med vad regeringen förordar (avsnitt 3.6.17).","lydelse2":null,"utskottet":"Bifall","kammaren":"Bifall","behandlas_i":"2018/19:TU1","behandlas_i_punkt":null,"kammarbeslutstyp":null,"intressent":"TU","avsnitt":"utgiftsområde 22","grundforfattning":null,"andringsforfattning":null},{"nummer":"9","beteckning":"23.9","lydelse":"Riksdagen godkänner investeringsplanen för flygtrafikledning för 2019-2021 som riktlinje för Luftfartsverkets investeringar (avsnitt 3.6.17).","lydelse2":null,"utskottet":"Bifall","kammaren":"Bifall","behandlas_i":"2018/19:TU1","behandlas_i_punkt":null,"kammarbeslutstyp":null,"intressent":"TU","avsnitt":"utgiftsområde 22","grundforfattning":null,"andringsforfattning":null},{"nummer":"10","beteckning":"23.10","lydelse":"Riksdagen fastställer avgiftsuttaget för finansiering av åtgärder mot allvarliga fredstida hot och påfrestningar som gäller elektronisk kommunikation till högst 100 000 000 kronor under 2019 (avsnitt 4.5.1).","lydelse2":null,"utskottet":"Bifall","kammaren":"Bifall","behandlas_i":"2018/19:TU1","behandlas_i_punkt":null,"kammarbeslutstyp":null,"intressent":"TU","avsnitt":"utgiftsområde 22","grundforfattning":null,"andringsforfattning":null},{"nummer":"11","beteckning":"23.11","lydelse":"Riksdagen anvisar ramanslagen för budgetåret 2019 under utgiftsområde 22 Kommunikationer enligt tabell 1.1.","lydelse2":null,"utskottet":"Delvis bifall","kammaren":"Delvis bifall","behandlas_i":"2018/19:TU1","behandlas_i_punkt":null,"kammarbeslutstyp":null,"intressent":"TU","avsnitt":"utgiftsområde 22","grundforfattning":null,"andringsforfattning":null},{"nummer":"12","beteckning":"23.12","lydelse":"Riksdagen bemyndigar regeringen att under 2019 ingå ekonomiska åtaganden som inklusive tidigare åtaganden medför behov av framtida anslag på högst de belopp och inom den tidsperiod som anges i tabell 1.2.","lydelse2":null,"utskottet":"Bifall","kammaren":"Bifall","behandlas_i":"2018/19:TU1","behandlas_i_punkt":null,"kammarbeslutstyp":null,"intressent":"TU","avsnitt":"utgiftsområde 22","grundforfattning":null,"andringsforfattning":null},{"nummer":"1","beteckning":"24.1","lydelse":"Riksdagen anvisar ramanslagen för budgetåret 2019 under utgiftsområde 23 Areella näringar, landsbygd och livsmedel enligt uppställning i propositionen. ","lydelse2":null,"utskottet":"Delvis bifall","kammaren":"Delvis bifall","behandlas_i":"2018/19:MJU2","behandlas_i_punkt":null,"kammarbeslutstyp":null,"intressent":"MJU","avsnitt":"utgiftsområde 23","grundforfattning":null,"andringsforfattning":null},{"nummer":"2","beteckning":"24.2","lydelse":"Riksdagen bemyndigar regeringen att under 2019 besluta om bidrag som inklusive tidigare åtaganden medför behov av framtida anslag på högst de belopp och inom de tidsperioder som anges i uppställningen i propositionen. ","lydelse2":null,"utskottet":"Bifall","kammaren":"Bifall","behandlas_i":"2018/19:MJU2","behandlas_i_punkt":null,"kammarbeslutstyp":null,"intressent":"MJU","avsnitt":"utgiftsområde 23","grundforfattning":null,"andringsforfattning":null},{"nummer":"1","beteckning":"25.1","lydelse":"Riksdagen antar förslaget till lag om upphävande av lagen (1981:600) om beslutanderätt för stiftelse som har bildats för att främja svenskt-norskt industriellt samarbete (avsnitt 2 och 4.7).","lydelse2":null,"utskottet":"Bifall","kammaren":"Bifall","behandlas_i":"2018/19:NU1","behandlas_i_punkt":null,"kammarbeslutstyp":null,"intressent":"NU","avsnitt":"utgiftsområde 24","grundforfattning":null,"andringsforfattning":null},{"nummer":"2","beteckning":"25.2","lydelse":"Riksdagen bemyndigar regeringen att under 2019 för anslaget 1:17 Kapitalinsatser i statligt ägda företag besluta om kapitaltillskott på högst 60 000 000 kronor till Apotek Produktion & Laboratorier AB (avsnitt 4.6.1 och 4.8.17).","lydelse2":null,"utskottet":"Bifall","kammaren":"Bifall","behandlas_i":"2018/19:NU1","behandlas_i_punkt":null,"kammarbeslutstyp":null,"intressent":"NU","avsnitt":"utgiftsområde 24","grundforfattning":null,"andringsforfattning":null},{"nummer":"3","beteckning":"25.3","lydelse":"Riksdagen bemyndigar regeringen att under 2019 besluta om medlemskap i European Business Registers Association och att under 2019-2026 besluta om en medlemsavgift på högst 200 000 kronor per år (avsnitt 4.9.1).","lydelse2":null,"utskottet":"Bifall","kammaren":"Bifall","behandlas_i":"2018/19:NU1","behandlas_i_punkt":null,"kammarbeslutstyp":null,"intressent":"NU","avsnitt":"utgiftsområde 24","grundforfattning":null,"andringsforfattning":null},{"nummer":"4","beteckning":"25.4","lydelse":"Riksdagen bemyndigar regeringen att under 2019 ställa ut kreditgarantier för exportkrediter som inklusive tidigare utfärdade garantier uppgår till högst 450 000 000 000 kronor (avsnitt 5.5.8).","lydelse2":null,"utskottet":"Bifall","kammaren":"Bifall","behandlas_i":"2018/19:NU1","behandlas_i_punkt":null,"kammarbeslutstyp":null,"intressent":"NU","avsnitt":"utgiftsområde 24","grundforfattning":null,"andringsforfattning":null},{"nummer":"5","beteckning":"25.5","lydelse":"Riksdagen bemyndigar regeringen att under 2019 ställa ut kreditgarantier för investeringar som inklusive tidigare utfärdade garantier uppgår till högst 10 000 000 000 kronor (avsnitt 5.5.8).","lydelse2":null,"utskottet":"Bifall","kammaren":"Bifall","behandlas_i":"2018/19:NU1","behandlas_i_punkt":null,"kammarbeslutstyp":null,"intressent":"NU","avsnitt":"utgiftsområde 24","grundforfattning":null,"andringsforfattning":null},{"nummer":"6","beteckning":"25.6","lydelse":"Riksdagen bemyndigar regeringen att för 2019 besluta att Aktiebolaget Svensk Exportkredit får ta upp lån i Riksgäldskontoret som inklusive tidigare gjord upplåning uppgår till högst 125 000 000 000 kronor för systemet med statsstödda exportkrediter (avsnitt 5.5.9).","lydelse2":null,"utskottet":"Bifall","kammaren":"Bifall","behandlas_i":"2018/19:NU1","behandlas_i_punkt":null,"kammarbeslutstyp":null,"intressent":"NU","avsnitt":"utgiftsområde 24","grundforfattning":null,"andringsforfattning":null},{"nummer":"7","beteckning":"25.7","lydelse":"Riksdagen anvisar ramanslagen för budgetåret 2019 under utgiftsområde 24 Näringsliv enligt tabell 1.1 [här avses anslagstabellen på s. 10 i prop. 2018/19:1 utg.omr. 24].","lydelse2":null,"utskottet":"Delvis bifall","kammaren":"Delvis bifall","behandlas_i":"2018/19:NU1","behandlas_i_punkt":null,"kammarbeslutstyp":null,"intressent":"NU","avsnitt":"utgiftsområde 24","grundforfattning":null,"andringsforfattning":null},{"nummer":"8","beteckning":"25.8","lydelse":"Riksdagen bemyndigar regeringen att under 2019 ingå ekonomiska åtaganden som inklusive tidigare åtaganden medför behov av framtida anslag på högst de belopp och inom de tidsperioder som anges i tabell 1.2 [här avses anslagstabellen på s. 10 i prop. 2018/19 utg.omr. 24].","lydelse2":null,"utskottet":"Bifall","kammaren":"Bifall","behandlas_i":"2018/19:NU1","behandlas_i_punkt":null,"kammarbeslutstyp":null,"intressent":"NU","avsnitt":"utgiftsområde 24","grundforfattning":null,"andringsforfattning":null},{"nummer":"1","beteckning":"26.1","lydelse":"Riksdagen anvisar ramanslagen för budgetåret 2019 under utgiftsområde 25 Allmänna bidrag till kommuner enligt tabell 1.1.","lydelse2":null,"utskottet":"Delvis bifall","kammaren":"Delvis bifall","behandlas_i":"2018/19:FiU3","behandlas_i_punkt":null,"kammarbeslutstyp":null,"intressent":"FiU","avsnitt":"utgiftsområde 25","grundforfattning":null,"andringsforfattning":null},{"nummer":"1","beteckning":"27.1","lydelse":"Riksdagen anvisar ramanslagen för budgetåret 2019 under utgiftsområde 26 Statsskuldsräntor m.m. enligt tabell 1.1.","lydelse2":null,"utskottet":null,"kammaren":null,"behandlas_i":"2018/19:FiU4","behandlas_i_punkt":null,"kammarbeslutstyp":null,"intressent":"FiU","avsnitt":"utgiftsområde 26","grundforfattning":null,"andringsforfattning":null},{"nummer":"1","beteckning":"28.1","lydelse":"Riksdagen bemyndigar regeringen att ingå de ekonomiska åtaganden som följer av EU-budgeten för budgetåret 2019 (avsnitt 2).","lydelse2":null,"utskottet":null,"kammaren":null,"behandlas_i":"2018/19:FiU5","behandlas_i_punkt":null,"kammarbeslutstyp":null,"intressent":"FiU","avsnitt":"utgiftsområde 27","grundforfattning":null,"andringsforfattning":null},{"nummer":"2","beteckning":"28.2","lydelse":"Riksdagen anvisar ett ramanslag för budgetåret 2019 under utgiftsområde 27 Avgiften till Europeiska unionen enligt tabell 1.1.","lydelse2":null,"utskottet":null,"kammaren":null,"behandlas_i":"2018/19:FiU5","behandlas_i_punkt":null,"kammarbeslutstyp":null,"intressent":"FiU","avsnitt":"utgiftsområde 27","grundforfattning":null,"andringsforfattning":null}]},"dokaktivitet":{"aktivitet":[{"kod":"INL","namn":"Inlämnad","datum":"2018-11-15 00:00:00","status":"inträffat","ordning":"0","process":"behandling"},{"kod":"B","namn":"Bordlagd","datum":"2018-11-15 00:00:00","status":"inträffat","ordning":"0","process":"behandling"},{"kod":"HÄN","namn":"Hänvisad","datum":"2018-11-20 00:00:00","status":"inträffat","ordning":"0","process":"behandling"},{"kod":"MOT","namn":"Motionstid slutar","datum":"2018-11-30 00:00:00","status":"inträffat","ordning":"0","process":"behandling"}]},"dokintressent":{"intressent":[{"intressent_id":"0218878014918","namn":"Stefan Löfven","partibet":"S","ordning":"1","roll":"Statsråd1"},{"intressent_id":"098412828516","namn":"Magdalena Andersson","partibet":"S","ordning":"2","roll":"Statsråd2"}]},"dokuppgift":{"uppgift":[{"kod":"inlamnatav","namn":"Inlämnat av","text":"Finansdepartementet","dok_id":"H6031","systemdatum":"2019-10-11 15:09:30"},{"kod":"tilldelat","namn":"Tilldelat","text":"Finansutskottet","dok_id":"H6031","systemdatum":"2019-10-11 15:09:30"},{"kod":"statustext","namn":"statustext","text":"Propositionen bereds i utskott","dok_id":"H6031","systemdatum":"2018-11-20 13:30:50"}]},"dokbilaga":{"bilaga":[{"dok_id":"H6031","titel":"Budgetpropositionen för 2019","subtitel":null,"filnamn":"prop_201819__1.pdf","filstorlek":"32562892","filtyp":"pdf","fil_url":"http://data.riksdagen.se/fil/58CFD759-1F51-4B32-A9BE-23F637E90AFA"},{"dok_id":"H6031","titel":"Budgetpropositionen för 2019, Prop1-1819-UO23-rättelseblad","subtitel":null,"filnamn":"Prop1-1819-UO23-rättelseblad.pdf","filstorlek":"118201","filtyp":"pdf","fil_url":"http://data.riksdagen.se/fil/8CA3062B-C741-4C1A-B107-D53013632AAC"},{"dok_id":"H6031","titel":"Budgetpropositionen för 2019, Prop1-1819-UO25-rättelseblad","subtitel":null,"filnamn":"Prop1-1819-UO25-rättelseblad.pdf","filstorlek":"256965","filtyp":"pdf","fil_url":"http://data.riksdagen.se/fil/9D837B0F-B5BA-4623-B23C-B42AF4262265"},{"dok_id":"H6031","titel":"Budgetpropositionen för 2019, Rättelseblad prop 201819 vol 1_m_missiv ","subtitel":null,"filnamn":"Rättelseblad prop 201819 vol 1_m_missiv .pdf","filstorlek":"306299","filtyp":"pdf","fil_url":"http://data.riksdagen.se/fil/0323078B-E6DD-4BD3-A51F-BA240EB59219"}]},"dokreferens":{"referens":[{"referenstyp":"behandlas_i","uppgift":"2018/19:SfU2","ref_dok_id":"H601SfU2","ref_dok_typ":"bet","ref_dok_rm":"2018/19","ref_dok_bet":"SfU2","ref_dok_titel":"Utgiftsområde 11 Ekonomisk trygghet vid ålderdom","ref_dok_subtitel":null,"ref_dok_subtyp":"bet","ref_dok_dokumentnamn":"Betänkande"},{"referenstyp":"behandlas_i","uppgift":"2018/19:SfU3","ref_dok_id":"H601SfU3","ref_dok_typ":"bet","ref_dok_rm":"2018/19","ref_dok_bet":"SfU3","ref_dok_titel":"Utgiftsområde 12 Ekonomisk trygghet för familjer och barn","ref_dok_subtitel":null,"ref_dok_subtyp":"bet","ref_dok_dokumentnamn":"Betänkande"},{"referenstyp":"behandlas_i","uppgift":"2018/19:SfU1","ref_dok_id":"H601SfU1","ref_dok_typ":"bet","ref_dok_rm":"2018/19","ref_dok_bet":"SfU1","ref_dok_titel":"Utgiftsområde 10 Ekonomisk trygghet vid sjukdom och funktionsnedsättning","ref_dok_subtitel":null,"ref_dok_subtyp":"bet","ref_dok_dokumentnamn":"Betänkande"},{"referenstyp":"behandlas_i","uppgift":"2018/19:FiU1","ref_dok_id":"H601FiU1","ref_dok_typ":"bet","ref_dok_rm":"2018/19","ref_dok_bet":"FiU1","ref_dok_titel":"Statens budget 2019 Rambeslutet","ref_dok_subtitel":null,"ref_dok_subtyp":"bet","ref_dok_dokumentnamn":"Betänkande"},{"referenstyp":"behandlas_i","uppgift":"2018/19:KU1","ref_dok_id":"H601KU1","ref_dok_typ":"bet","ref_dok_rm":"2018/19","ref_dok_bet":"KU1","ref_dok_titel":"Utgiftsområde 1 Rikets styrelse","ref_dok_subtitel":null,"ref_dok_subtyp":"bet","ref_dok_dokumentnamn":"Betänkande"},{"referenstyp":"behandlas_i","uppgift":"2018/19:FiU4","ref_dok_id":"H601FiU4","ref_dok_typ":"bet","ref_dok_rm":"2018/19","ref_dok_bet":"FiU4","ref_dok_titel":"Utgiftsområde 26 Statsskuldsräntor m.m.","ref_dok_subtitel":null,"ref_dok_subtyp":"bet","ref_dok_dokumentnamn":"Betänkande"},{"referenstyp":"behandlas_i","uppgift":"2018/19:SoU1","ref_dok_id":"H601SoU1","ref_dok_typ":"bet","ref_dok_rm":"2018/19","ref_dok_bet":"SoU1","ref_dok_titel":"Utgiftsområde 9 Hälsovård, sjukvård och social omsorg","ref_dok_subtitel":null,"ref_dok_subtyp":"bet","ref_dok_dokumentnamn":"Betänkande"},{"referenstyp":"behandlas_i","uppgift":"2018/19:UbU2","ref_dok_id":"H601UbU2","ref_dok_typ":"bet","ref_dok_rm":"2018/19","ref_dok_bet":"UbU2","ref_dok_titel":"Utgiftsområde 15 Studiestöd","ref_dok_subtitel":null,"ref_dok_subtyp":"bet","ref_dok_dokumentnamn":"Betänkande"},{"referenstyp":"behandlas_i","uppgift":"2018/19:AU1","ref_dok_id":"H601AU1","ref_dok_typ":"bet","ref_dok_rm":"2018/19","ref_dok_bet":"AU1","ref_dok_titel":"Utgiftsområde 13 Jämställdhet och nyanlända invandrares etablering","ref_dok_subtitel":null,"ref_dok_subtyp":"bet","ref_dok_dokumentnamn":"Betänkande"},{"referenstyp":"behandlas_i","uppgift":"2018/19:MJU1","ref_dok_id":"H601MJU1","ref_dok_typ":"bet","ref_dok_rm":"2018/19","ref_dok_bet":"MJU1","ref_dok_titel":"Utgiftsområde 20 Allmän miljö- och naturvård","ref_dok_subtitel":null,"ref_dok_subtyp":"bet","ref_dok_dokumentnamn":"Betänkande"},{"referenstyp":"behandlas_i","uppgift":"2018/19:FöU1","ref_dok_id":"H601FöU1","ref_dok_typ":"bet","ref_dok_rm":"2018/19","ref_dok_bet":"FöU1","ref_dok_titel":"Utgiftsområde 6 Försvar och samhällets krisberedskap","ref_dok_subtitel":null,"ref_dok_subtyp":"bet","ref_dok_dokumentnamn":"Betänkande"},{"referenstyp":"behandlas_i","uppgift":"2018/19:SkU1","ref_dok_id":"H601SkU1","ref_dok_typ":"bet","ref_dok_rm":"2018/19","ref_dok_bet":"SkU1","ref_dok_titel":"Utgiftsområde 3 Skatt, tull och exekution","ref_dok_subtitel":null,"ref_dok_subtyp":"bet","ref_dok_dokumentnamn":"Betänkande"},{"referenstyp":"behandlas_i","uppgift":"2018/19:SfU4","ref_dok_id":"H601SfU4","ref_dok_typ":"bet","ref_dok_rm":"2018/19","ref_dok_bet":"SfU4","ref_dok_titel":"Utgiftsområde 8 Migration","ref_dok_subtitel":null,"ref_dok_subtyp":"bet","ref_dok_dokumentnamn":"Betänkande"},{"referenstyp":"behandlas_i","uppgift":"2018/19:TU1","ref_dok_id":"H601TU1","ref_dok_typ":"bet","ref_dok_rm":"2018/19","ref_dok_bet":"TU1","ref_dok_titel":"Utgiftsområde 22 Kommunikationer","ref_dok_subtitel":null,"ref_dok_subtyp":"bet","ref_dok_dokumentnamn":"Betänkande"},{"referenstyp":"behandlas_i","uppgift":"2018/19:UU1","ref_dok_id":"H601UU1","ref_dok_typ":"bet","ref_dok_rm":"2018/19","ref_dok_bet":"UU1","ref_dok_titel":"Utgiftsområde 5 Internationell samverkan","ref_dok_subtitel":null,"ref_dok_subtyp":"bet","ref_dok_dokumentnamn":"Betänkande"},{"referenstyp":"behandlas_i","uppgift":"2018/19:NU3","ref_dok_id":"H601NU3","ref_dok_typ":"bet","ref_dok_rm":"2018/19","ref_dok_bet":"NU3","ref_dok_titel":"Utgiftsområde 21 Energi","ref_dok_subtitel":null,"ref_dok_subtyp":"bet","ref_dok_dokumentnamn":"Betänkande"},{"referenstyp":"behandlas_i","uppgift":"2018/19:NU2","ref_dok_id":"H601NU2","ref_dok_typ":"bet","ref_dok_rm":"2018/19","ref_dok_bet":"NU2","ref_dok_titel":"Utgiftsområde 19 Regional tillväxt","ref_dok_subtitel":null,"ref_dok_subtyp":"bet","ref_dok_dokumentnamn":"Betänkande"},{"referenstyp":"behandlas_i","uppgift":"2018/19:MJU2","ref_dok_id":"H601MJU2","ref_dok_typ":"bet","ref_dok_rm":"2018/19","ref_dok_bet":"MJU2","ref_dok_titel":"Utgiftsområde 23 Areella näringar, landsbygd och livsmedel","ref_dok_subtitel":null,"ref_dok_subtyp":"bet","ref_dok_dokumentnamn":"Betänkande"},{"referenstyp":"behandlas_i","uppgift":"2018/19:NU1","ref_dok_id":"H601NU1","ref_dok_typ":"bet","ref_dok_rm":"2018/19","ref_dok_bet":"NU1","ref_dok_titel":"Utgiftsområde 24 Näringsliv","ref_dok_subtitel":null,"ref_dok_subtyp":"bet","ref_dok_dokumentnamn":"Betänkande"},{"referenstyp":"behandlas_i","uppgift":"2018/19:JuU1","ref_dok_id":"H601JuU1","ref_dok_typ":"bet","ref_dok_rm":"2018/19","ref_dok_bet":"JuU1","ref_dok_titel":"Utgiftsområde 4 Rättsväsendet","ref_dok_subtitel":null,"ref_dok_subtyp":"bet","ref_dok_dokumentnamn":"Betänkande"},{"referenstyp":"behandlas_i","uppgift":"2018/19:FiU2","ref_dok_id":"H601FiU2","ref_dok_typ":"bet","ref_dok_rm":"2018/19","ref_dok_bet":"FiU2","ref_dok_titel":"Utgiftsområde 2 Samhällsekonomi och finansförvaltning","ref_dok_subtitel":null,"ref_dok_subtyp":"bet","ref_dok_dokumentnamn":"Betänkande"},{"referenstyp":"behandlas_i","uppgift":"2018/19:FiU3","ref_dok_id":"H601FiU3","ref_dok_typ":"bet","ref_dok_rm":"2018/19","ref_dok_bet":"FiU3","ref_dok_titel":"Utgiftsområde 25 Allmänna bidrag till kommuner","ref_dok_subtitel":null,"ref_dok_subtyp":"bet","ref_dok_dokumentnamn":"Betänkande"},{"referenstyp":"behandlas_i","uppgift":"2018/19:CU1","ref_dok_id":"H601CU1","ref_dok_typ":"bet","ref_dok_rm":"2018/19","ref_dok_bet":"CU1","ref_dok_titel":"Utgiftsområde 18 Samhällsplanering, bostadsförsörjning och byggande samt konsumentpolitik","ref_dok_subtitel":null,"ref_dok_subtyp":"bet","ref_dok_dokumentnamn":"Betänkande"},{"referenstyp":"behandlas_i","uppgift":"2018/19:UU2","ref_dok_id":"H601UU2","ref_dok_typ":"bet","ref_dok_rm":"2018/19","ref_dok_bet":"UU2","ref_dok_titel":"Utgiftsområde 7 Internationellt bistånd","ref_dok_subtitel":null,"ref_dok_subtyp":"bet","ref_dok_dokumentnamn":"Betänkande"},{"referenstyp":"behandlas_i","uppgift":"2018/19:FiU5","ref_dok_id":"H601FiU5","ref_dok_typ":"bet","ref_dok_rm":"2018/19","ref_dok_bet":"FiU5","ref_dok_titel":"Utgiftsområde 27 Avgiften till Europeiska unionen","ref_dok_subtitel":null,"ref_dok_subtyp":"bet","ref_dok_dokumentnamn":"Betänkande"},{"referenstyp":"behandlas_i","uppgift":"2018/19:KrU1","ref_dok_id":"H601KrU1","ref_dok_typ":"bet","ref_dok_rm":"2018/19","ref_dok_bet":"KrU1","ref_dok_titel":"Utgiftsområde 17 Kultur, medier, trossamfund och fritid","ref_dok_subtitel":null,"ref_dok_subtyp":"bet","ref_dok_dokumentnamn":"Betänkande"},{"referenstyp":"behandlas_i","uppgift":"2018/19:AU2","ref_dok_id":"H601AU2","ref_dok_typ":"bet","ref_dok_rm":"2018/19","ref_dok_bet":"AU2","ref_dok_titel":"Utgiftsområde 14 Arbetsmarknad och arbetsliv","ref_dok_subtitel":null,"ref_dok_subtyp":"bet","ref_dok_dokumentnamn":"Betänkande"},{"referenstyp":"behandlas_i","uppgift":"2018/19:UbU1","ref_dok_id":"H601UbU1","ref_dok_typ":"bet","ref_dok_rm":"2018/19","ref_dok_bet":"UbU1","ref_dok_titel":"Utgiftsområde 16 Utbildning och universitetsforskning","ref_dok_subtitel":null,"ref_dok_subtyp":"bet","ref_dok_dokumentnamn":"Betänkande"}]},"debatt":null}}