{"dokumentstatus":{"dokument":{"hangar_id":"5030727","dok_id":"H60361","rm":"2018/19","beteckning":"61","typ":"prop","subtyp":"prop","doktyp":"prop","typrubrik":"Proposition 2018/19:61","dokumentnamn":"Proposition","debattnamn":"Proposition","tempbeteckning":"","organ":"Socialdepartementet","mottagare":"KU","nummer":"61","slutnummer":"0","datum":"2019-04-09 00:00:00","systemdatum":"2019-05-15 16:47:52","publicerad":"2019-04-09 00:00:00","titel":"Ändring i offentlighets- och sekretesslagen med anledning av lagen om bostadsanpassningsbidrag","subtitel":"","status":"Klar","htmlformat":"html-ec","relaterat_id":"","source":"prop-RIM","sourceid":"975a476d-0c2d-47ea-8e1a-32e3492d3bee","dokument_url_text":"http://data.riksdagen.se/dokument/H60361/text","dokument_url_html":"http://data.riksdagen.se/dokument/H60361","dokumentstatus_url_xml":"http://data.riksdagen.se/dokumentstatus/H60361","html":"<div style=\"margin:3px;\">\r\n<STYLE type=\"text/css\">\r\n\r\nbody {margin-top: 0px;margin-left: 0px;}\r\n\r\n#page_1 {position:relative; overflow: hidden;z:b;margin:10px 0px 21px 10px ;padding: 0px;border: none;width: 766px;}\r\n\r\n#page_1 #p1dimg1 {position:absolute;top:0px;left:63px;z-index:-1;width:502px;height:170px;}\r\n#page_1 #p1dimg1 #p1img1 {width:502px;height:170px;}\r\n\r\n\r\n\r\n\r\n#page_2 {position:relative; overflow: hidden;z:b;margin:16px 0px 21px 10px ;padding: 0px;border: none;width: 676px;}\r\n#page_2 #id_1 {float:left;border:none;z:b;margin:0px 0px 0px 10px ;padding: 0px;border:none;width: 90px;overflow: hidden;}\r\n#page_2 #id_2 {float:left;border:none;z:b;margin:1px 0px 0px 10px ;padding: 0px;border:none;width: 541px;overflow: hidden;}\r\n\r\n\r\n\r\n\r\n\r\n#page_3 {position:relative; overflow: hidden;z:b;margin:15px 0px 21px 10px ;padding: 0px;border: none;width: 766px;}\r\n\r\n\r\n\r\n\r\n\r\n#page_4 {position:relative; overflow: hidden;z:b;margin:16px 0px 20px 10px ;padding: 0px;border: none;width: 676px;}\r\n#page_4 #id_1 {float:left;border:none;z:b;margin:0px 0px 0px 10px ;padding: 0px;border:none;width: 90px;overflow: hidden;}\r\n#page_4 #id_2 {float:left;border:none;z:b;margin:1px 0px 0px 10px ;padding: 0px;border:none;width: 541px;overflow: hidden;}\r\n\r\n\r\n\r\n\r\n\r\n#page_5 {position:relative; overflow: hidden;z:b;margin:15px 0px 21px 10px ;padding: 0px;border: none;width: 766px;}\r\n\r\n#page_5 #p5dimg1 {position:absolute;top:433px;left:63px;z-index:-1;width:394px;height:192px;}\r\n#page_5 #p5dimg1 #p5img1 {width:394px;height:192px;}\r\n\r\n\r\n\r\n\r\n#page_6 {position:relative; overflow: hidden;z:b;margin:16px 0px 21px 10px ;padding: 0px;border: none;width: 676px;}\r\n#page_6 #id_1 {float:left;border:none;z:b;margin:0px 0px 0px 10px ;padding: 0px;border:none;width: 90px;overflow: hidden;}\r\n#page_6 #id_2 {float:left;border:none;z:b;margin:0px 0px 0px 10px ;padding: 0px;border:none;width: 541px;overflow: hidden;}\r\n\r\n\r\n\r\n\r\n\r\n#page_7 {position:relative; overflow: hidden;z:b;margin:16px 0px 21px 10px ;padding: 0px;border: none;width: 676px;}\r\n#page_7 #id_1 {float:left;border:none;z:b;margin:0px 0px 0px 10px ;padding: 0px;border:none;width: 451px;overflow: hidden;}\r\n#page_7 #id_2 {float:left;border:none;z:b;margin:0px 0px 0px 10px ;padding: 0px;border:none;width: 180px;overflow: hidden;}\r\n\r\n\r\n\r\n\r\n\r\n#page_8 {position:relative; overflow: hidden;z:b;margin:16px 0px 21px 10px ;padding: 0px;border: none;width: 676px;}\r\n\r\n#page_8 #p8dimg1 {position:absolute;top:294px;left:105px;z-index:-1;width:394px;height:39px;}\r\n#page_8 #p8dimg1 #p8img1 {width:394px;height:39px;}\r\n\r\n\r\n\r\n\r\n#page_9 {position:relative; overflow: hidden;z:b;margin:15px 0px 21px 10px ;padding: 0px;border: none;width: 766px;}\r\n\r\n#page_9 #p9dimg1 {position:absolute;top:41px;left:63px;z-index:-1;width:394px;height:24px;}\r\n#page_9 #p9dimg1 #p9img1 {width:394px;height:24px;}\r\n\r\n\r\n\r\n\r\n#page_10 {position:relative; overflow: hidden;z:b;margin:16px 0px 21px 10px ;padding: 0px;border: none;width: 721px;}\r\n\r\n\r\n\r\n\r\n\r\n#page_11 {position:relative; overflow: hidden;z:b;margin:16px 0px 21px 10px ;padding: 0px;border: none;width: 766px;}\r\n#page_11 #id_1 {border:none;z:b;margin:0px 0px 0px 10px ;padding: 0px;border:none;width: 586px;overflow: hidden;}\r\n#page_11 #id_1 #id_1_1 {float:left;border:none;z:b;margin:1px 0px 0px 10px ;padding: 0px;border:none;width: 496px;overflow: hidden;}\r\n#page_11 #id_1 #id_1_2 {float:left;border:none;z:b;margin:0px 0px 0px 10px ;padding: 0px;border:none;width: 90px;overflow: hidden;}\r\n#page_11 #id_2 {border:none;z:b;margin:6px 0px 0px 10px ;padding: 0px;border:none;width: 721px;overflow: hidden;}\r\n\r\n\r\n\r\n\r\n\r\n#page_12 {position:relative; overflow: hidden;z:b;margin:15px 0px 21px 10px ;padding: 0px;border: none;width: 721px;}\r\n\r\n#page_12 #p12dimg1 {position:absolute;top:407px;left:126px;z-index:-1;width:123px;height:1px;font-size: 1px !important;l-h:nHeight;}\r\n#page_12 #p12dimg1 #p12img1 {width:123px;height:1px;}\r\n\r\n\r\n\r\n\r\n#page_13 {position:relative; overflow: hidden;z:b;margin:16px 0px 21px 10px ;padding: 0px;border: none;width: 676px;}\r\n#page_13 #id_1 {border:none;z:b;margin:0px 0px 0px 10px ;padding: 0px;border:none;width: 586px;overflow: hidden;}\r\n#page_13 #id_1 #id_1_1 {float:left;border:none;z:b;margin:1px 0px 0px 10px ;padding: 0px;border:none;width: 451px;overflow: hidden;}\r\n#page_13 #id_1 #id_1_2 {float:left;border:none;z:b;margin:0px 0px 0px 10px ;padding: 0px;border:none;width: 90px;overflow: hidden;}\r\n#page_13 #id_2 {border:none;z:b;margin:5px 0px 0px 10px ;padding: 0px;border:none;width: 676px;overflow: hidden;}\r\n\r\n\r\n\r\n\r\n\r\n#page_14 {position:relative; overflow: hidden;z:b;margin:15px 0px 20px 10px ;padding: 0px;border: none;width: 721px;}\r\n#page_14 #id_1 {float:left;border:none;z:b;margin:0px 0px 0px 10px ;padding: 0px;border:none;width: 135px;overflow: hidden;}\r\n#page_14 #id_2 {float:left;border:none;z:b;margin:1px 0px 0px 10px ;padding: 0px;border:none;width: 541px;overflow: hidden;}\r\n\r\n\r\n\r\n\r\n\r\n#page_15 {position:relative; overflow: hidden;z:b;margin:15px 0px 21px 10px ;padding: 0px;border: none;width: 676px;}\r\n\r\n\r\n\r\n\r\n\r\n#page_16 {position:relative; overflow: hidden;z:b;margin:16px 0px 21px 10px ;padding: 0px;border: none;width: 721px;}\r\n#page_16 #id_1 {float:left;border:none;z:b;margin:0px 0px 0px 10px ;padding: 0px;border:none;width: 135px;overflow: hidden;}\r\n#page_16 #id_2 {float:left;border:none;z:b;margin:1px 0px 0px 10px ;padding: 0px;border:none;width: 541px;overflow: hidden;}\r\n\r\n#page_16 #p16dimg1 {position:absolute;top:188px;left:126px;z-index:-1;width:112px;height:1px;font-size: 1px !important;l-h:nHeight;}\r\n#page_16 #p16dimg1 #p16img1 {width:112px;height:1px;}\r\n\r\n\r\n\r\n\r\n.dclr {clear:both;float:none;height:1px;margin:0px;padding:0px;overflow:hidden;}\r\n\r\n.ft0{font:  18px 'Verdana' !important;l-h: 29px;}\r\n.ft1{font:  14px 'Verdana' !important;l-h: 22px;}\r\n.ft2{font:  12px 'Verdana' !important;l-h: 15px;}\r\n.ft3{font: italic  12px 'Verdana' !important;l-h: 15px;}\r\n.ft4{font:  10px 'Verdana' !important;l-h: 1px;}\r\n.ft5{font:  12px 'Verdana' !important;l-h: 15px;}\r\n.ft6{font:  10px 'Verdana' !important;l-h: 8px;}\r\n.ft7{font:  14px 'Verdana' !important;margin-left: 50px;l-h: 23px;}\r\n.ft8{font:  14px 'Verdana' !important;l-h: 23px;}\r\n.ft9{font: italic  12px 'Verdana' !important;l-h: 15px;}\r\n.ft10{font: bold  12px 'Verdana' !important;l-h: 15px;}\r\n.ft11{font: bold  12px 'Verdana' !important;margin-left: 3px;l-h: 15px;}\r\n.ft12{font:  10px 'Verdana' !important;l-h: 12px;position: relative; bottom: 5px;}\r\n.ft13{font:  10px 'Verdana' !important;l-h: 14px;}\r\n.ft14{font:  10px 'Verdana' !important;l-h: 6px;}\r\n.ft15{font:  12px 'Verdana' !important;margin-left: 3px;l-h: 14px;}\r\n.ft16{font:  12px 'Verdana' !important;l-h: 14px;}\r\n.ft17{font:  14px 'Verdana' !important;margin-left: 51px;l-h: 22px;}\r\n.ft18{font:  14px 'Verdana' !important;margin-left: 50px;l-h: 22px;}\r\n.ft19{font:  14px 'Verdana' !important;l-h: 19px;}\r\n.ft20{font:  12px 'Verdana' !important;margin-left: 3px;l-h: 15px;}\r\n.ft21{font: italic  12px 'Verdana' !important;margin-left: 3px;l-h: 15px;}\r\n.ft22{font:  10px 'Verdana' !important;l-h: 9px;}\r\n.ft23{font:  10px 'Verdana' !important;l-h: 6px;}\r\n.ft24{font: bold  14px 'Verdana' !important;l-h: 17px;}\r\n.ft25{font: bold  12px 'Verdana' !important;l-h: 17px;}\r\n.ft26{font: bold  12px 'Verdana' !important;margin-left: 4px;l-h: 15px;}\r\n.ft27{font:  10px 'Verdana' !important;l-h: 7px;}\r\n.ft28{font:  12px 'Verdana' !important;text-decoration: underline;l-h: 15px;}\r\n\r\n.p0{text-align: left;padding-left: 0px;padding-right: 420px;margin-top: 26px;margin-bottom: 0px !important;}\r\n.p1{text-align: left;padding-left: 0px;margin-top: 16px;margin-bottom: 0px !important;}\r\n.p2{text-align: left;padding-left: 0px;padding-right: 63px;margin-top: 1px;margin-bottom: 0px !important;}\r\n.p3{text-align: left;padding-left: 0px;margin-top: 23px;margin-bottom: 0px !important;}\r\n.p4{text-align: left;padding-left: 0px;margin-top: 16px;margin-bottom: 0px !important;}\r\n.p5{text-align: left;padding-left: 0px;margin-top: 31px;margin-bottom: 0px !important;}\r\n.p6{text-align: left;padding-left: 180px;padding-right: 399px;margin-top: 20px;margin-bottom: 0px !important;}\r\n.p7{text-align: left;padding-left: 0px;margin-top: 52px;margin-bottom: 0px !important;}\r\n.p8{text-align: left;padding-left: 0px;padding-right: 168px;margin-top: 28px;margin-bottom: 0px !important;}\r\n.p9{text-align: left;padding-left: 0px;margin-top: 3px;margin-bottom: 0px !important;}\r\n.p10{text-align: right;padding-right: 42px;margin-top: 190px;margin-bottom: 0px !important;}\r\n.p11{text-align: left;margin-top: 0px;margin-bottom: 0px !important;}\r\n.p12{text-align: left;margin-top: 753px;margin-bottom: 0px !important;}\r\n.p13{text-align: left;margin-top: 0px;margin-bottom: 0px !important;white-space: nowrap;}\r\n.p14{text-align: left;padding-left: 0px;margin-top: 0px;margin-bottom: 0px !important;white-space: nowrap;}\r\n.p15{text-align: right;margin-top: 0px;margin-bottom: 0px !important;white-space: nowrap;}\r\n.p16{text-align: left;padding-left: 0px;margin-top: 0px;margin-bottom: 0px !important;white-space: nowrap;}\r\n.p17{text-align: right;padding-right: 21px;margin-top: 0px;margin-bottom: 0px !important;white-space: nowrap;}\r\n.p18{text-align: left;padding-left: 0px;margin-top: 0px;margin-bottom: 0px !important;white-space: nowrap;}\r\n.p19{text-align: left;padding-left: 0px;padding-right: 168px;margin-top: 0px;margin-bottom: 0px !important;text-indent: 11px;}\r\n.p20{text-align: right;padding-right: 42px;margin-top: 683px;margin-bottom: 0px !important;}\r\n.p21{text-align: left;padding-left: 0px;padding-right: 126px;margin-top: 0px;margin-bottom: 0px !important;text-indent: 0.60px;}\r\n.p22{text-align: left;padding-right: 63px;margin-top: 16px;margin-bottom: 0px !important;}\r\n.p23{text-align: left;padding-left: 0px;margin-top: 1px;margin-bottom: 0px !important;}\r\n.p24{text-align: left;padding-left: 0px;margin-top: 0px;margin-bottom: 0px !important;}\r\n.p25{text-align: left;padding-right: 63px;margin-top: 0px;margin-bottom: 0px !important;}\r\n.p26{text-align: left;padding-left: 160px;padding-right: 315px;margin-top: 16px;margin-bottom: 0px !important;text-indent: 0.9px;}\r\n.p27{text-align: right;padding-right: 0px;margin-top: 0px;margin-bottom: 0px !important;white-space: nowrap;}\r\n.p28{text-align: right;padding-right: 1px;margin-top: 0px;margin-bottom: 0px !important;white-space: nowrap;}\r\n.p29{text-align: right;padding-right: 0px;margin-top: 0px;margin-bottom: 0px !important;white-space: nowrap;}\r\n.p30{text-align: left;padding-left: 180px;padding-right: 63px;margin-top: 0px;margin-bottom: 0px !important;}\r\n.p31{text-align: left;padding-left: 160px;padding-right: 315px;margin-top: 16px;margin-bottom: 0px !important;text-indent: 0.11px;}\r\n.p32{text-align: left;padding-right: 63px;margin-top: 1px;margin-bottom: 0px !important;text-indent: 11px;}\r\n.p33{text-align: left;padding-left: 0px;margin-top: 0px;margin-bottom: 0px !important;white-space: nowrap;}\r\n.p34{text-align: left;padding-left: 0px;margin-top: 0px;margin-bottom: 0px !important;white-space: nowrap;}\r\n.p35{text-align: right;padding-right: 21px;margin-top: 0px;margin-bottom: 0px !important;white-space: nowrap;}\r\n.p36{text-align: right;padding-right: 105px;margin-top: 0px;margin-bottom: 0px !important;white-space: nowrap;}\r\n.p37{text-align: left;padding-left: 0px;margin-top: 17px;margin-bottom: 0px !important;}\r\n.p38{text-align: left;margin-top: 148px;margin-bottom: 0px !important;}\r\n.p39{text-align: right;padding-right: 126px;margin-top: 0px;margin-bottom: 0px !important;white-space: nowrap;}\r\n.p40{text-align: right;padding-right: 9px;margin-top: 0px;margin-bottom: 0px !important;white-space: nowrap;}\r\n.p41{text-align: right;padding-right: 0px;margin-top: 0px;margin-bottom: 0px !important;white-space: nowrap;}\r\n.p42{text-align: left;padding-left: 0px;margin-top: 0px;margin-bottom: 0px !important;white-space: nowrap;}\r\n.p43{text-align: left;padding-left: 0px;padding-right: 168px;margin-top: 1px;margin-bottom: 0px !important;}\r\n.p44{text-align: left;padding-left: 0px;margin-top: 17px;margin-bottom: 0px !important;}\r\n.p45{text-align: left;padding-left: 0px;padding-right: 168px;margin-top: 5px;margin-bottom: 0px !important;}\r\n.p46{text-align: left;padding-left: 0px;padding-right: 273px;margin-top: 50px;margin-bottom: 0px !important;text-indent: 0.61px;}\r\n.p47{text-align: left;padding-left: 0px;padding-right: 168px;margin-top: 21px;margin-bottom: 0px !important;}\r\n.p48{text-align: left;padding-left: 0px;padding-right: 168px;margin-top: 1px;margin-bottom: 0px !important;text-indent: 11px;}\r\n.p49{text-align: left;padding-left: 0px;padding-right: 168px;margin-top: 2px;margin-bottom: 0px !important;text-indent: 11px;}\r\n.p50{text-align: left;padding-left: 0px;padding-right: 168px;margin-top: 12px;margin-bottom: 0px !important;text-indent: 11px;}\r\n.p51{text-align: left;padding-left: 0px;padding-right: 168px;margin-top: 15px;margin-bottom: 0px !important;text-indent: 11px;}\r\n.p52{text-align: right;padding-right: 42px;margin-top: 19px;margin-bottom: 0px !important;}\r\n.p53{text-align: left;margin-top: 4px;margin-bottom: 0px !important;}\r\n.p54{text-align: left;padding-right: 63px;margin-top: 5px;margin-bottom: 0px !important;}\r\n.p55{text-align: left;padding-right: 63px;margin-top: 4px;margin-bottom: 0px !important;text-indent: 11px;}\r\n.p56{text-align: left;padding-right: 63px;margin-top: 2px;margin-bottom: 0px !important;text-indent: 11px;}\r\n.p57{text-align: left;padding-right: 63px;margin-top: 3px;margin-bottom: 0px !important;text-indent: 11px;}\r\n.p58{text-align: left;margin-top: 17px;margin-bottom: 0px !important;}\r\n.p59{text-align: left;padding-right: 63px;margin-top: 5px;margin-bottom: 0px !important;}\r\n.p60{text-align: left;padding-right: 1px;margin-top: 0px;margin-bottom: 0px !important;}\r\n.p61{text-align: left;padding-right: 1px;margin-top: 0px;margin-bottom: 0px !important;text-indent: 11px;}\r\n.p62{text-align: left;margin-top: 6px;margin-bottom: 0px !important;text-indent: 11px;}\r\n.p63{text-align: left;padding-right: 1px;margin-top: 4px;margin-bottom: 0px !important;text-indent: 11px;}\r\n.p64{text-align: left;padding-right: 1px;margin-top: 3px;margin-bottom: 0px !important;text-indent: 11px;}\r\n.p65{text-align: left;padding-right: 1px;margin-top: 2px;margin-bottom: 0px !important;text-indent: 11px;}\r\n.p66{text-align: left;padding-left: 0px;margin-top: 0px;margin-bottom: 0px !important;}\r\n.p67{text-align: right;padding-right: 42px;margin-top: 752px;margin-bottom: 0px !important;}\r\n.p68{text-align: left;padding-left: 0px;padding-right: 63px;margin-top: 0px;margin-bottom: 0px !important;text-indent: 0.112px;}\r\n.p69{text-align: left;padding-left: 0px;padding-right: 63px;margin-top: 1px;margin-bottom: 0px !important;text-indent: 11px;}\r\n.p70{text-align: left;padding-left: 140px;padding-right: 105px;margin-top: 52px;margin-bottom: 0px !important;text-indent: 0.60px;}\r\n.p71{text-align: left;padding-left: 0px;padding-right: 63px;margin-top: 21px;margin-bottom: 0px !important;}\r\n.p72{text-align: left;padding-left: 0px;padding-right: 63px;margin-top: 12px;margin-bottom: 0px !important;text-indent: 11px;}\r\n.p73{text-align: left;padding-left: 0px;padding-right: 63px;margin-top: 0px;margin-bottom: 0px !important;text-indent: 11px;}\r\n.p74{text-align: left;padding-left: 0px;padding-right: 63px;margin-top: 4px;margin-bottom: 0px !important;text-indent: 11px;}\r\n.p75{text-align: left;padding-left: 0px;margin-top: 2px;margin-bottom: 0px !important;}\r\n.p76{text-align: left;margin-top: 107px;margin-bottom: 0px !important;}\r\n.p77{text-align: left;padding-left: 0px;margin-top: 19px;margin-bottom: 0px !important;}\r\n.p78{text-align: left;padding-left: 0px;padding-right: 168px;margin-top: 11px;margin-bottom: 0px !important;text-indent: 11px;}\r\n.p79{text-align: left;padding-left: 0px;padding-right: 168px;margin-top: 1px;margin-bottom: 0px !important;text-indent: 11px;}\r\n.p80{text-align: left;padding-left: 0px;margin-top: 50px;margin-bottom: 0px !important;}\r\n.p81{text-align: left;padding-left: 0px;padding-right: 147px;margin-top: 17px;margin-bottom: 0px !important;}\r\n.p82{text-align: left;padding-left: 0px;padding-right: 168px;margin-top: 3px;margin-bottom: 0px !important;text-indent: 11px;}\r\n.p83{text-align: right;padding-right: 42px;margin-top: 31px;margin-bottom: 0px !important;}\r\n.p84{text-align: left;padding-left: 0px;padding-right: 63px;margin-top: 0px;margin-bottom: 0px !important;text-indent: 0.112px;}\r\n.p85{text-align: left;padding-left: 0px;margin-top: 51px;margin-bottom: 0px !important;}\r\n.p86{text-align: left;padding-left: 0px;padding-right: 126px;margin-top: 17px;margin-bottom: 0px !important;}\r\n.p87{text-align: left;padding-left: 0px;padding-right: 63px;margin-top: 12px;margin-bottom: 0px !important;}\r\n.p88{text-align: left;padding-left: 0px;margin-top: 2px;margin-bottom: 0px !important;}\r\n.p89{text-align: left;padding-left: 0px;padding-right: 63px;margin-top: 16px;margin-bottom: 0px !important;}\r\n.p90{text-align: left;padding-left: 0px;padding-right: 105px;margin-top: 3px;margin-bottom: 0px !important;}\r\n.p91{text-align: left;padding-left: 0px;padding-right: 63px;margin-top: 16px;margin-bottom: 0px !important;}\r\n.p92{text-align: left;padding-left: 0px;margin-top: 1px;margin-bottom: 0px !important;}\r\n.p93{text-align: left;padding-left: 0px;margin-top: 0px;margin-bottom: 0px !important;}\r\n.p94{text-align: left;margin-top: 78px;margin-bottom: 0px !important;}\r\n.p95{text-align: left;padding-left: 0px;padding-right: 168px;margin-top: 0px;margin-bottom: 0px !important;}\r\n.p96{text-align: right;padding-right: 42px;margin-top: 506px;margin-bottom: 0px !important;}\r\n.p97{text-align: right;padding-right: 3px;margin-top: 0px;margin-bottom: 0px !important;white-space: nowrap;}\r\n.p98{text-align: right;padding-right: 0px;margin-top: 0px;margin-bottom: 0px !important;white-space: nowrap;}\r\n.p99{text-align: right;padding-right: 42px;margin-top: 0px;margin-bottom: 0px !important;white-space: nowrap;}\r\n.p100{text-align: right;padding-right: 5px;margin-top: 0px;margin-bottom: 0px !important;white-space: nowrap;}\r\n.p101{text-align: left;padding-left: 0px;margin-top: 0px;margin-bottom: 0px !important;white-space: nowrap;}\r\n.p102{text-align: left;padding-left: 0px;margin-top: 0px;margin-bottom: 0px !important;white-space: nowrap;}\r\n.p103{text-align: right;padding-right: 8px;margin-top: 0px;margin-bottom: 0px !important;white-space: nowrap;}\r\n.p104{text-align: left;padding-left: 0px;margin-top: 32px;margin-bottom: 0px !important;}\r\n.p105{text-align: left;margin-top: 332px;margin-bottom: 0px !important;}\r\n.p106{text-align: left;padding-left: 0px;padding-right: 105px;margin-top: 0px;margin-bottom: 0px !important;}\r\n.p107{text-align: left;padding-left: 0px;padding-right: 105px;margin-top: 16px;margin-bottom: 0px !important;}\r\n.p108{text-align: right;margin-top: 637px;margin-bottom: 0px !important;}\r\n.p109{text-align: left;padding-left: 0px;padding-right: 21px;margin-top: 0px;margin-bottom: 0px !important;}\r\n.p110{text-align: left;margin-top: 739px;margin-bottom: 0px !important;}\r\n.p111{text-align: left;padding-right: 147px;margin-top: 33px;margin-bottom: 0px !important;}\r\n.p112{text-align: left;padding-right: 63px;margin-top: 12px;margin-bottom: 0px !important;}\r\n.p113{text-align: left;padding-right: 63px;margin-top: 1px;margin-bottom: 0px !important;}\r\n.p114{text-align: left;padding-left: 160px;padding-right: 315px;margin-top: 15px;margin-bottom: 0px !important;text-indent: 0.9px;}\r\n.p115{text-align: left;padding-left: 180px;padding-right: 63px;margin-top: 1px;margin-bottom: 0px !important;}\r\n.p116{text-align: left;padding-left: 160px;padding-right: 315px;margin-top: 15px;margin-bottom: 0px !important;text-indent: 0.11px;}\r\n.p117{text-align: left;padding-left: 0px;margin-top: 16px;margin-bottom: 0px !important;}\r\n.p118{text-align: left;margin-top: 128px;margin-bottom: 0px !important;}\r\n.p119{text-align: right;margin-top: 499px;margin-bottom: 0px !important;}\r\n.p120{text-align: left;padding-left: 0px;margin-top: 0px;margin-bottom: 0px !important;}\r\n.p121{text-align: left;margin-top: 14px;margin-bottom: 0px !important;}\r\n.p122{text-align: left;padding-right: 84px;margin-top: 15px;margin-bottom: 0px !important;}\r\n.p123{text-align: left;padding-right: 84px;margin-top: 76px;margin-bottom: 0px !important;}\r\n\r\n.td0{padding: 0px;margin: 0px;width: 6px;vertical-align: bottom;}\r\n.td1{padding: 0px;margin: 0px;width: 390px;vertical-align: bottom;}\r\n.td2{padding: 0px;margin: 0px;width: 14px;vertical-align: bottom;}\r\n.td3{padding: 0px;margin: 0px;width: 63px;vertical-align: bottom;}\r\n.td4{padding: 0px;margin: 0px;width: 333px;vertical-align: bottom;}\r\n.td5{padding: 0px;margin: 0px;width: 56px;vertical-align: bottom;}\r\n.td6{padding: 0px;margin: 0px;width: 396px;vertical-align: bottom;}\r\n.td7{padding: 0px;margin: 0px;width: 36px;vertical-align: bottom;}\r\n.td8{padding: 0px;margin: 0px;width: 389px;vertical-align: bottom;}\r\n.td9{padding: 0px;margin: 0px;width: 97px;vertical-align: bottom;}\r\n.td10{padding: 0px;margin: 0px;width: 214px;vertical-align: bottom;}\r\n.td11{padding: 0px;margin: 0px;width: 106px;vertical-align: bottom;}\r\n.td12{padding: 0px;margin: 0px;width: 198px;vertical-align: bottom;}\r\n.td13{padding: 0px;margin: 0px;width: 180px;vertical-align: bottom;}\r\n.td14{padding: 0px;margin: 0px;width: 33px;vertical-align: bottom;}\r\n.td15{padding: 0px;margin: 0px;width: 61px;vertical-align: bottom;}\r\n.td16{padding: 0px;margin: 0px;width: 341px;vertical-align: bottom;}\r\n.td17{padding: 0px;margin: 0px;width: 30px;vertical-align: bottom;}\r\n.td18{padding: 0px;margin: 0px;width: 113px;vertical-align: bottom;}\r\n.td19{padding: 0px;margin: 0px;width: 197px;vertical-align: bottom;}\r\n.td20{padding: 0px;margin: 0px;width: 92px;vertical-align: bottom;}\r\n.td21{padding: 0px;margin: 0px;width: 76px;vertical-align: bottom;}\r\n.td22{border-bottom: #000000 1px solid;padding: 0px;margin: 0px;width: 61px;vertical-align: bottom;}\r\n.td23{border-bottom: #000000 1px solid;padding: 0px;margin: 0px;width: 30px;vertical-align: bottom;}\r\n.td24{border-bottom: #000000 1px solid;padding: 0px;margin: 0px;width: 36px;vertical-align: bottom;}\r\n.td25{padding: 0px;margin: 0px;width: 39px;vertical-align: bottom;}\r\n.td26{padding: 0px;margin: 0px;width: 386px;vertical-align: bottom;}\r\n.td27{padding: 0px;margin: 0px;width: 172px;vertical-align: bottom;}\r\n.td28{padding: 0px;margin: 0px;width: 137px;vertical-align: bottom;}\r\n.td29{padding: 0px;margin: 0px;width: 426px;vertical-align: bottom;}\r\n.td30{padding: 0px;margin: 0px;width: 116px;vertical-align: bottom;}\r\n.td31{padding: 0px;margin: 0px;width: 119px;vertical-align: bottom;}\r\n.td32{padding: 0px;margin: 0px;width: 231px;vertical-align: bottom;}\r\n.td33{padding: 0px;margin: 0px;width: 29px;vertical-align: bottom;}\r\n.td34{padding: 0px;margin: 0px;width: 32px;vertical-align: bottom;}\r\n.td35{padding: 0px;margin: 0px;width: 37px;vertical-align: bottom;}\r\n.td36{padding: 0px;margin: 0px;width: 15px;vertical-align: bottom;}\r\n.td37{padding: 0px;margin: 0px;width: 26px;vertical-align: bottom;}\r\n.td38{padding: 0px;margin: 0px;width: 60px;vertical-align: bottom;}\r\n.td39{padding: 0px;margin: 0px;width: 38px;vertical-align: bottom;}\r\n.td40{padding: 0px;margin: 0px;width: 27px;vertical-align: bottom;}\r\n.td41{padding: 0px;margin: 0px;width: 103px;vertical-align: bottom;}\r\n.td42{padding: 0px;margin: 0px;width: 330px;vertical-align: bottom;}\r\n.td43{padding: 0px;margin: 0px;width: 99px;vertical-align: bottom;}\r\n.td44{padding: 0px;margin: 0px;width: 412px;vertical-align: bottom;}\r\n.td45{padding: 0px;margin: 0px;width: 127px;vertical-align: bottom;}\r\n.td46{padding: 0px;margin: 0px;width: 115px;vertical-align: bottom;}\r\n.td47{padding: 0px;margin: 0px;width: 181px;vertical-align: bottom;}\r\n.td48{padding: 0px;margin: 0px;width: 155px;vertical-align: bottom;}\r\n.td49{padding: 0px;margin: 0px;width: 70px;vertical-align: bottom;}\r\n.td50{padding: 0px;margin: 0px;width: 81px;vertical-align: bottom;}\r\n.td51{padding: 0px;margin: 0px;width: 66px;vertical-align: bottom;}\r\n.td52{padding: 0px;margin: 0px;width: 53px;vertical-align: bottom;}\r\n.td53{padding: 0px;margin: 0px;width: 55px;vertical-align: bottom;}\r\n.td54{padding: 0px;margin: 0px;width: 0px;vertical-align: bottom;}\r\n\r\n.tr0{heightzzz: 17px;}\r\n.tr1{heightzzz: 21px;}\r\n.tr2{heightzzz: 15px;}\r\n.tr3{heightzzz: 22px;}\r\n.tr4{heightzzz: 16px;}\r\n.tr5{heightzzz: 26px;}\r\n.tr6{heightzzz: 18px;}\r\n.tr7{heightzzz: 8px;}\r\n.tr8{heightzzz: 14px;}\r\n.tr9{heightzzz: 27px;}\r\n.tr10{heightzzz: 19px;}\r\n.tr11{heightzzz: 30px;}\r\n.tr12{heightzzz: 9px;}\r\n.tr13{heightzzz: 6px;}\r\n.tr14{heightzzz: 28px;}\r\n.tr15{heightzzz: 24px;}\r\n.tr16{heightzzz: 46px;}\r\n.tr17{heightzzz: 7px;}\r\n.tr18{heightzzz: 31px;}\r\n\r\n.t0{width: 431px;margin-top: 18px;f:13px 'Verdana' !important;}\r\n.t1{width: 548px;margin-leftZ: 68px;f:20px 'Verdana' !important;}\r\n.t2{width: 335px;margin-top: 16px;f:italic 13px 'Verdana' !important;}\r\n.t3{width: 432px;f:13px 'Verdana' !important;}\r\n.t4{width: 422px;f:13px 'Verdana' !important;}\r\n.t5{width: 548px;margin-leftZ: 68px;f:13px 'Verdana' !important;}\r\n.t6{width: 557px;margin-leftZ: 6px;f:13px 'Verdana' !important;}\r\n\r\n</STYLE>\r\n\r\n\r\n\r\n<DIV id=\"page_1\">\r\n<DIV id=\"p1dimg1\">\r\n<INGENBILD zsrc=\"H603611x1.jpg/\" id=\"p1img1\">\r\n</DIV>\r\n\r\n\r\n<DIV class=\"dclr\"></DIV>\r\n<P class=\"p0 ft0\">Regeringens proposition 2018/19:61</P>\r\n<P class=\"p1 ft1\">Ändring i offentlighets- och sekretesslagen med Prop.</P>\r\n<P class=\"p2 ft1\">anledning av lagen om<SPAN style=\"padding-left:215px;\">2018/19:61 bostadsanpassningsbidrag</SPAN></P>\r\n<P class=\"p3 ft2\">Regeringen överlämnar denna proposition till riksdagen.</P>\r\n<P class=\"p4 ft2\">Stockholm den 4 april 2019</P>\r\n<P class=\"p5 ft3\">Stefan Löfven</P>\r\n<P class=\"p6 ft3\">Lena Hallengren <SPAN class=\"ft2\">(Socialdepartementet)</SPAN></P>\r\n<P class=\"p7 ft1\">Propositionens huvudsakliga innehåll</P>\r\n<P class=\"p8 ft2\">I denna proposition föreslås ändringar i offentlighets- och sekretesslagen (2009:400) när det gäller sekretess i ärenden om bidrag enligt lagen (2018:222) om bostadsanpassningsbidrag. Det förtydligas att sekretess även gäller i ärenden om bidrag till reparationer och det införs sekretess i ärenden om bidrag till besiktning och annat underhåll än reparation. Det föreslås att sekretessen ska gälla för uppgift om en enskilds personliga förhållanden, om det kan antas att den enskilde eller någon närstående till denne lider betydande men om uppgiften röjs. För uppgift i en allmän handling föreslås att sekretessen ska gälla i högst sjuttio år. Därutöver föreslås vissa ändringar av rättelsekaraktär.</P>\r\n<P class=\"p9 ft2\">Ändringarna föreslås träda i kraft den 1 juli 2019.</P>\r\n<P class=\"p10 ft2\">1</P>\r\n</DIV>\r\n<DIV id=\"page_2\">\r\n\r\n\r\n<DIV>\r\n<DIV id=\"id_1\">\r\n<P class=\"p11 ft2\">Prop. 2018/19:61</P>\r\n<P class=\"p12 ft2\">2</P>\r\n</DIV>\r\n<DIV id=\"id_2\">\r\n<P class=\"p11 ft1\">Innehållsförteckning</P>\r\n<TABLE cellpadding=0 cellspacing=0 class=\"t0\">\r\n<TR>\r\n\t<TD class=\"tr0 td0\"><SPAN class=\"p13 ft2\"><A href=\"#page_3\">1</A></SPAN> </TD>\r\n\t<TD colspan=2 class=\"tr0 td1\"><SPAN class=\"p14 ft2\"><A href=\"#page_3\">Förslag till riksdagsbeslut .................................................................</A></SPAN> </TD>\r\n\t<TD class=\"tr0 td2\"><SPAN class=\"p15 ft2\"><A href=\"#page_3\">3</A></SPAN> </TD>\r\n</TR>\r\n<TR>\r\n\t<TD class=\"tr1 td0\"><SPAN class=\"p13 ft2\"><A href=\"#page_4\">2</A></SPAN> </TD>\r\n\t<TD colspan=2 class=\"tr1 td1\"><SPAN class=\"p14 ft2\"><A href=\"#page_4\">Förslag till lag om ändring i offentlighets- och sekretesslagen</A></SPAN> </TD>\r\n\t<TD class=\"tr1 td2\"><SPAN class=\"p13 ft4\"> </SPAN> </TD>\r\n</TR>\r\n<TR>\r\n\t<TD class=\"tr2 td0\"><SPAN class=\"p13 ft4\"> </SPAN> </TD>\r\n\t<TD colspan=2 class=\"tr2 td1\"><SPAN class=\"p14 ft2\"><A href=\"#page_4\">(2009:400).........................................................................................</A></SPAN> </TD>\r\n\t<TD class=\"tr2 td2\"><SPAN class=\"p15 ft2\"><A href=\"#page_4\">4</A></SPAN> </TD>\r\n</TR>\r\n<TR>\r\n\t<TD class=\"tr3 td0\"><SPAN class=\"p13 ft2\"><A href=\"#page_5\">3</A></SPAN> </TD>\r\n\t<TD colspan=2 class=\"tr3 td1\"><SPAN class=\"p14 ft2\"><A href=\"#page_5\">Ärendet och dess beredning ..............................................................</A></SPAN> </TD>\r\n\t<TD class=\"tr3 td2\"><SPAN class=\"p15 ft2\"><A href=\"#page_5\">5</A></SPAN> </TD>\r\n</TR>\r\n<TR>\r\n\t<TD class=\"tr3 td0\"><SPAN class=\"p13 ft2\"><A href=\"#page_5\">4</A></SPAN> </TD>\r\n\t<TD colspan=2 class=\"tr3 td1\"><SPAN class=\"p14 ft5\"><A href=\"#page_5\">Sekretess i ärenden enligt lagen om bostadsanpassningsbidrag........</A></SPAN> </TD>\r\n\t<TD class=\"tr3 td2\"><SPAN class=\"p15 ft2\"><A href=\"#page_5\">5</A></SPAN> </TD>\r\n</TR>\r\n<TR>\r\n\t<TD class=\"tr3 td0\"><SPAN class=\"p13 ft2\"><A href=\"#page_8\">5</A></SPAN> </TD>\r\n\t<TD colspan=2 class=\"tr3 td1\"><SPAN class=\"p14 ft2\"><A href=\"#page_8\">Vissa ändringar av rättelsekaraktär i offentlighets- och</A></SPAN> </TD>\r\n\t<TD class=\"tr3 td2\"><SPAN class=\"p13 ft4\"> </SPAN> </TD>\r\n</TR>\r\n<TR>\r\n\t<TD class=\"tr4 td0\"><SPAN class=\"p13 ft4\"> </SPAN> </TD>\r\n\t<TD colspan=2 class=\"tr4 td1\"><SPAN class=\"p14 ft2\"><A href=\"#page_8\">sekretesslagen ...................................................................................</A></SPAN> </TD>\r\n\t<TD class=\"tr4 td2\"><SPAN class=\"p15 ft2\"><A href=\"#page_8\">8</A></SPAN> </TD>\r\n</TR>\r\n<TR>\r\n\t<TD class=\"tr3 td0\"><SPAN class=\"p13 ft2\"><A href=\"#page_9\">6</A></SPAN> </TD>\r\n\t<TD colspan=2 class=\"tr3 td1\"><SPAN class=\"p14 ft2\"><A href=\"#page_9\">Ikraftträdande ....................................................................................</A></SPAN> </TD>\r\n\t<TD class=\"tr3 td2\"><SPAN class=\"p15 ft2\"><A href=\"#page_9\">9</A></SPAN> </TD>\r\n</TR>\r\n<TR>\r\n\t<TD class=\"tr3 td0\"><SPAN class=\"p13 ft2\"><A href=\"#page_9\">7</A></SPAN> </TD>\r\n\t<TD colspan=2 class=\"tr3 td1\"><SPAN class=\"p14 ft2\"><A href=\"#page_9\">Konsekvenser ....................................................................................</A></SPAN> </TD>\r\n\t<TD class=\"tr3 td2\"><SPAN class=\"p15 ft2\"><A href=\"#page_9\">9</A></SPAN> </TD>\r\n</TR>\r\n<TR>\r\n\t<TD class=\"tr3 td0\"><SPAN class=\"p13 ft2\"><A href=\"#page_10\">8</A></SPAN> </TD>\r\n\t<TD colspan=2 class=\"tr3 td1\"><SPAN class=\"p14 ft2\"><A href=\"#page_10\">Författningskommentar ...................................................................</A></SPAN> </TD>\r\n\t<TD class=\"tr3 td2\"><SPAN class=\"p15 ft2\"><A href=\"#page_10\">10</A></SPAN> </TD>\r\n</TR>\r\n<TR>\r\n\t<TD colspan=2 class=\"tr3 td3\"><SPAN class=\"p13 ft2\">Bilaga 1</SPAN> </TD>\r\n\t<TD class=\"tr3 td4\"><SPAN class=\"p16 ft2\"><A href=\"#page_11\">Sammanfattning av promemorian Ändringar i</A></SPAN> </TD>\r\n\t<TD class=\"tr3 td2\"><SPAN class=\"p13 ft4\"> </SPAN> </TD>\r\n</TR>\r\n<TR>\r\n\t<TD class=\"tr2 td0\"><SPAN class=\"p13 ft4\"> </SPAN> </TD>\r\n\t<TD class=\"tr2 td5\"><SPAN class=\"p13 ft4\"> </SPAN> </TD>\r\n\t<TD class=\"tr2 td4\"><SPAN class=\"p16 ft2\"><A href=\"#page_11\">offentlighets- och sekretesslagen (2009:400) med</A></SPAN> </TD>\r\n\t<TD class=\"tr2 td2\"><SPAN class=\"p13 ft4\"> </SPAN> </TD>\r\n</TR>\r\n<TR>\r\n\t<TD class=\"tr2 td0\"><SPAN class=\"p13 ft4\"> </SPAN> </TD>\r\n\t<TD class=\"tr2 td5\"><SPAN class=\"p13 ft4\"> </SPAN> </TD>\r\n\t<TD class=\"tr2 td4\"><SPAN class=\"p16 ft2\"><A href=\"#page_11\">anledning av lag om bostadsanpassningsbidrag</A></SPAN> </TD>\r\n\t<TD class=\"tr2 td2\"><SPAN class=\"p13 ft4\"> </SPAN> </TD>\r\n</TR>\r\n<TR>\r\n\t<TD class=\"tr4 td0\"><SPAN class=\"p13 ft4\"> </SPAN> </TD>\r\n\t<TD class=\"tr4 td5\"><SPAN class=\"p13 ft4\"> </SPAN> </TD>\r\n\t<TD class=\"tr4 td4\"><SPAN class=\"p16 ft2\"><A href=\"#page_11\">(2018:222) ........................................................................</A></SPAN> </TD>\r\n\t<TD class=\"tr4 td2\"><SPAN class=\"p15 ft2\"><A href=\"#page_11\">11</A></SPAN> </TD>\r\n</TR>\r\n<TR>\r\n\t<TD colspan=2 class=\"tr3 td3\"><SPAN class=\"p13 ft2\">Bilaga 2</SPAN> </TD>\r\n\t<TD class=\"tr3 td4\"><SPAN class=\"p16 ft2\"><A href=\"#page_12\">Promemorians lagförslag..................................................</A></SPAN> </TD>\r\n\t<TD class=\"tr3 td2\"><SPAN class=\"p15 ft2\"><A href=\"#page_12\">12</A></SPAN> </TD>\r\n</TR>\r\n<TR>\r\n\t<TD colspan=2 class=\"tr3 td3\"><SPAN class=\"p13 ft2\">Bilaga 3</SPAN> </TD>\r\n\t<TD class=\"tr3 td4\"><SPAN class=\"p16 ft2\"><A href=\"#page_13\">Förteckning över remissinstanserna .................................</A></SPAN> </TD>\r\n\t<TD class=\"tr3 td2\"><SPAN class=\"p15 ft2\"><A href=\"#page_13\">13</A></SPAN> </TD>\r\n</TR>\r\n<TR>\r\n\t<TD colspan=2 class=\"tr3 td3\"><SPAN class=\"p13 ft2\">Bilaga 4</SPAN> </TD>\r\n\t<TD class=\"tr3 td4\"><SPAN class=\"p16 ft2\"><A href=\"#page_14\">Lagrådsremissens lagförslag ............................................</A></SPAN> </TD>\r\n\t<TD class=\"tr3 td2\"><SPAN class=\"p15 ft2\"><A href=\"#page_14\">14</A></SPAN> </TD>\r\n</TR>\r\n<TR>\r\n\t<TD colspan=2 class=\"tr3 td3\"><SPAN class=\"p13 ft2\">Bilaga 5</SPAN> </TD>\r\n\t<TD class=\"tr3 td4\"><SPAN class=\"p16 ft2\"><A href=\"#page_15\">Lagrådets yttrande ............................................................</A></SPAN> </TD>\r\n\t<TD class=\"tr3 td2\"><SPAN class=\"p15 ft2\"><A href=\"#page_15\">15</A></SPAN> </TD>\r\n</TR>\r\n<TR>\r\n\t<TD colspan=3 class=\"tr3 td6\"><SPAN class=\"p13 ft2\"><A href=\"#page_16\">Utdrag ur protokoll vid regeringssammanträde den 4 april 2019 ...........</A></SPAN> </TD>\r\n\t<TD class=\"tr3 td2\"><SPAN class=\"p15 ft2\"><A href=\"#page_16\">16</A></SPAN> </TD>\r\n</TR>\r\n</TABLE>\r\n</DIV>\r\n</DIV>\r\n</DIV>\r\n<DIV id=\"page_3\">\r\n\r\n\r\n<TABLE cellpadding=0 cellspacing=0 class=\"t1\">\r\n<TR>\r\n\t<TD rowspan=2 class=\"tr5 td7\"><SPAN class=\"p17 ft1\">1</SPAN> </TD>\r\n\t<TD rowspan=2 class=\"tr5 td8\"><SPAN class=\"p18 ft1\">Förslag till riksdagsbeslut</SPAN> </TD>\r\n\t<TD class=\"tr6 td9\"><SPAN class=\"p13 ft2\">Prop. 2018/19:61</SPAN> </TD>\r\n</TR>\r\n<TR>\r\n\t<TD class=\"tr7 td9\"><SPAN class=\"p13 ft6\"> </SPAN> </TD>\r\n</TR>\r\n</TABLE>\r\n<P class=\"p4 ft2\">Regeringens förslag:</P>\r\n<P class=\"p19 ft2\">Riksdagen antar regeringens förslag till lag om ändring i offentlighets- och sekretesslagen (2009:400).</P>\r\n<P class=\"p20 ft2\">3</P>\r\n</DIV>\r\n<DIV id=\"page_4\">\r\n\r\n\r\n<DIV>\r\n<DIV id=\"id_1\">\r\n<P class=\"p11 ft2\">Prop. 2018/19:61</P>\r\n<P class=\"p12 ft2\">4</P>\r\n</DIV>\r\n<DIV id=\"id_2\">\r\n<P class=\"p21 ft8\"><SPAN class=\"ft1\">2</SPAN><SPAN class=\"ft7\">Förslag till lag om ändring i offentlighets- och sekretesslagen (2009:400)</SPAN></P>\r\n<P class=\"p22 ft2\">Härigenom föreskrivs i fråga om offentlighets- och sekretesslagen (2009:400)</P>\r\n<P class=\"p23 ft2\"><SPAN class=\"ft3\">dels </SPAN>att 26 kap. 12 § och 44 kap. 3 § ska ha följande lydelse,</P>\r\n<P class=\"p24 ft2\"><SPAN class=\"ft3\">dels </SPAN>att rubriken närmast före rubriken till 41 kap. ska lyda</P>\r\n<P class=\"p25 ft2\">”AVDELNING VI. SÄRSKILDA BESTÄMMELSER OM SEKRETESS HOS VISSA ORGAN”.</P>\r\n<TABLE cellpadding=0 cellspacing=0 class=\"t2\">\r\n<TR>\r\n\t<TD class=\"tr2 td10\"><SPAN class=\"p13 ft3\">Nuvarande lydelse</SPAN> </TD>\r\n\t<TD class=\"tr2 td11\"><SPAN class=\"p13 ft9\">Föreslagen lydelse</SPAN> </TD>\r\n</TR>\r\n</TABLE>\r\n<P class=\"p26 ft10\"><SPAN class=\"ft10\">26</SPAN><SPAN class=\"ft11\">kap. 12 §</SPAN></P>\r\n<TABLE cellpadding=0 cellspacing=0 class=\"t3\">\r\n<TR>\r\n\t<TD colspan=2 class=\"tr4 td10\"><SPAN class=\"p27 ft2\">Sekretess gäller i ärende om</SPAN> </TD>\r\n\t<TD class=\"tr4 td12\"><SPAN class=\"p15 ft2\">Sekretess gäller i <SPAN class=\"ft3\">ärenden </SPAN>om</SPAN> </TD>\r\n</TR>\r\n<TR>\r\n\t<TD class=\"tr2 td13\"><SPAN class=\"p13 ft2\">bostadsanpassningsbidrag</SPAN> </TD>\r\n\t<TD class=\"tr2 td14\"><SPAN class=\"p27 ft2\">för</SPAN> </TD>\r\n\t<TD class=\"tr2 td12\"><SPAN class=\"p15 ft2\">bostadsanpassningsbidrag <SPAN class=\"ft3\">och om</SPAN></SPAN> </TD>\r\n</TR>\r\n<TR>\r\n\t<TD colspan=2 class=\"tr2 td10\"><SPAN class=\"p27 ft2\">uppgift om en enskilds personliga</SPAN> </TD>\r\n\t<TD class=\"tr2 td12\"><SPAN class=\"p28 ft9\">bidrag till reparationer, besiktning</SPAN> </TD>\r\n</TR>\r\n<TR>\r\n\t<TD colspan=2 class=\"tr2 td10\"><SPAN class=\"p29 ft2\">förhållanden, om det kan antas att</SPAN> </TD>\r\n\t<TD class=\"tr2 td12\"><SPAN class=\"p15 ft9\">och annat underhåll än reparation</SPAN> </TD>\r\n</TR>\r\n<TR>\r\n\t<TD colspan=2 class=\"tr2 td10\"><SPAN class=\"p27 ft5\">den enskilde eller någon närstående</SPAN> </TD>\r\n\t<TD class=\"tr2 td12\"><SPAN class=\"p15 ft3\">enligt lagen (2018:222) om bo-</SPAN> </TD>\r\n</TR>\r\n<TR>\r\n\t<TD colspan=2 class=\"tr4 td10\"><SPAN class=\"p27 ft2\">till denne lider betydande men om</SPAN> </TD>\r\n\t<TD class=\"tr4 td12\"><SPAN class=\"p15 ft9\">stadsanpassningsbidrag <SPAN class=\"ft5\">för uppgift</SPAN></SPAN> </TD>\r\n</TR>\r\n<TR>\r\n\t<TD class=\"tr2 td13\"><SPAN class=\"p13 ft2\">uppgiften röjs.</SPAN> </TD>\r\n\t<TD class=\"tr2 td14\"><SPAN class=\"p13 ft4\"> </SPAN> </TD>\r\n\t<TD class=\"tr2 td12\"><SPAN class=\"p15 ft2\">om en enskilds personliga förhåll-</SPAN> </TD>\r\n</TR>\r\n<TR>\r\n\t<TD class=\"tr4 td13\"><SPAN class=\"p13 ft4\"> </SPAN> </TD>\r\n\t<TD class=\"tr4 td14\"><SPAN class=\"p13 ft4\"> </SPAN> </TD>\r\n\t<TD class=\"tr4 td12\"><SPAN class=\"p28 ft2\">anden, om det kan antas att den</SPAN> </TD>\r\n</TR>\r\n</TABLE>\r\n<P class=\"p30 ft2\">enskilde eller någon närstående till denne lider betydande men om uppgiften röjs.</P>\r\n<P class=\"p23 ft2\">För uppgift i en allmän handling gäller sekretessen i högst sjuttio år.</P>\r\n<P class=\"p31 ft10\"><SPAN class=\"ft10\">44</SPAN><SPAN class=\"ft11\">kap. 3 §</SPAN><SPAN class=\"ft12\">1</SPAN></P>\r\n<P class=\"p32 ft2\">Rätten enligt 1 kap. 1 och 7 §§ tryckfrihetsförordningen och 1 kap. 1 och 10 §§ yttrandefrihetsgrundlagen att meddela och offentliggöra uppgifter inskränks av den tystnadsplikt som följer av</P>\r\n<TABLE cellpadding=0 cellspacing=0 class=\"t4\">\r\n<TR>\r\n\t<TD class=\"tr4 td15\"><SPAN class=\"p33 ft2\">1. 6 kap.</SPAN> </TD>\r\n\t<TD colspan=4 class=\"tr4 td16\"><SPAN class=\"p34 ft2\"><NOBR>12–14</NOBR> §§ patientsäkerhetslagen (2010:659), och</SPAN> </TD>\r\n</TR>\r\n<TR>\r\n\t<TD class=\"tr2 td15\"><SPAN class=\"p33 ft2\">2. <SPAN class=\"ft3\">5 </SPAN>kap.</SPAN> </TD>\r\n\t<TD class=\"tr2 td17\"><SPAN class=\"p34 ft2\">2 §</SPAN> </TD>\r\n\t<TD colspan=2 class=\"tr2 td18\"><SPAN class=\"p33 ft2\">socialtjänstlagen</SPAN> </TD>\r\n\t<TD class=\"tr2 td19\"><SPAN class=\"p15 ft2\">2. <SPAN class=\"ft3\">15 </SPAN>kap. 2 § socialtjänstlagen</SPAN> </TD>\r\n</TR>\r\n<TR>\r\n\t<TD colspan=2 class=\"tr2 td20\"><SPAN class=\"p35 ft2\">(2001:453).</SPAN> </TD>\r\n\t<TD class=\"tr2 td7\"><SPAN class=\"p13 ft4\"> </SPAN> </TD>\r\n\t<TD class=\"tr2 td21\"><SPAN class=\"p13 ft4\"> </SPAN> </TD>\r\n\t<TD class=\"tr2 td19\"><SPAN class=\"p36 ft2\">(2001:453).</SPAN> </TD>\r\n</TR>\r\n<TR>\r\n\t<TD class=\"tr8 td22\"><SPAN class=\"p13 ft13\"> </SPAN> </TD>\r\n\t<TD class=\"tr8 td23\"><SPAN class=\"p13 ft13\"> </SPAN> </TD>\r\n\t<TD class=\"tr8 td24\"><SPAN class=\"p13 ft13\"> </SPAN> </TD>\r\n\t<TD class=\"tr2 td21\"><SPAN class=\"p13 ft4\"> </SPAN> </TD>\r\n\t<TD class=\"tr2 td19\"><SPAN class=\"p13 ft4\"> </SPAN> </TD>\r\n</TR>\r\n</TABLE>\r\n<P class=\"p37 ft2\">Denna lag träder i kraft den 1 juli 2019.</P>\r\n<P class=\"p38 ft16\"><SPAN class=\"ft14\">1</SPAN><SPAN class=\"ft15\">Senaste lydelse 2018:1919.</SPAN></P>\r\n</DIV>\r\n</DIV>\r\n</DIV>\r\n<DIV id=\"page_5\">\r\n<DIV id=\"p5dimg1\">\r\n<INGENBILD zsrc=\"H603615x1.jpg/\" id=\"p5img1\">\r\n</DIV>\r\n\r\n\r\n<TABLE cellpadding=0 cellspacing=0 class=\"t5\">\r\n<TR>\r\n\t<TD rowspan=2 class=\"tr9 td25\"><SPAN class=\"p13 ft1\">3</SPAN> </TD>\r\n\t<TD colspan=3 rowspan=2 class=\"tr9 td26\"><SPAN class=\"p39 ft1\">Ärendet och dess beredning</SPAN> </TD>\r\n\t<TD class=\"tr10 td9\"><SPAN class=\"p13 ft2\">Prop. 2018/19:61</SPAN> </TD>\r\n</TR>\r\n<TR>\r\n\t<TD class=\"tr7 td9\"><SPAN class=\"p13 ft6\"> </SPAN> </TD>\r\n</TR>\r\n<TR>\r\n\t<TD class=\"tr11 td25\"><SPAN class=\"p13 ft2\">Lagen</SPAN> </TD>\r\n\t<TD class=\"tr11 td21\"><SPAN class=\"p40 ft2\">(2018:222)</SPAN> </TD>\r\n\t<TD class=\"tr11 td27\"><SPAN class=\"p13 ft2\">om bostadsanpassningsbidrag</SPAN> </TD>\r\n\t<TD class=\"tr11 td28\"><SPAN class=\"p41 ft2\">trädde i kraft den</SPAN> </TD>\r\n\t<TD class=\"tr11 td9\"><SPAN class=\"p13 ft4\"> </SPAN> </TD>\r\n</TR>\r\n<TR>\r\n\t<TD colspan=4 class=\"tr4 td29\"><SPAN class=\"p13 ft2\">1 juli 2018. Genom den nya lagen upphävdes den äldre lagen (1992:1574)</SPAN> </TD>\r\n\t<TD class=\"tr4 td9\"><SPAN class=\"p13 ft4\"> </SPAN> </TD>\r\n</TR>\r\n<TR>\r\n\t<TD colspan=4 class=\"tr2 td29\"><SPAN class=\"p13 ft2\">om bostadsanpassningsbidrag m.m. Efter att den nya lagen trätt i kraft</SPAN> </TD>\r\n\t<TD class=\"tr2 td9\"><SPAN class=\"p13 ft4\"> </SPAN> </TD>\r\n</TR>\r\n<TR>\r\n\t<TD colspan=4 class=\"tr4 td29\"><SPAN class=\"p13 ft2\">uppmärksammades ett behov av att förtydliga en bestämmelse i offent-</SPAN> </TD>\r\n\t<TD class=\"tr4 td9\"><SPAN class=\"p13 ft4\"> </SPAN> </TD>\r\n</TR>\r\n<TR>\r\n\t<TD colspan=4 class=\"tr2 td29\"><SPAN class=\"p13 ft2\">lighets- och sekretesslagen (2009:400) om sekretess i ärenden om bostads-</SPAN> </TD>\r\n\t<TD class=\"tr2 td9\"><SPAN class=\"p13 ft4\"> </SPAN> </TD>\r\n</TR>\r\n<TR>\r\n\t<TD colspan=2 class=\"tr2 td30\"><SPAN class=\"p13 ft2\">anpassningsbidrag.</SPAN> </TD>\r\n\t<TD class=\"tr2 td27\"><SPAN class=\"p42 ft2\">Inom Regeringskansliet</SPAN> </TD>\r\n\t<TD class=\"tr2 td28\"><SPAN class=\"p41 ft2\">(Socialdepartementet)</SPAN> </TD>\r\n\t<TD class=\"tr2 td9\"><SPAN class=\"p13 ft4\"> </SPAN> </TD>\r\n</TR>\r\n</TABLE>\r\n<P class=\"p43 ft2\">utarbetades till följd av detta en promemoria med förslag till en ändrad sekretessbestämmelse. En sammanfattning av promemorian finns i <SPAN class=\"ft3\">bilaga 1</SPAN>. Promemorians lagförslag finns i <SPAN class=\"ft3\">bilaga 2</SPAN>. Promemorian har remissbehandlats. En förteckning över remissinstanserna finns i <SPAN class=\"ft3\">bilaga 3</SPAN>. En sammanställning av remissvaren finns tillgänglig i Socialdepartementet (dnr S2018/05602/FST).</P>\r\n<P class=\"p44 ft3\">Lagrådet</P>\r\n<P class=\"p45 ft2\">Regeringen beslutade den 14 mars 2019 att inhämta Lagrådet yttrande över de lagförslag som finns i <SPAN class=\"ft3\">bilaga 4</SPAN>. Lagrådets yttrande finns i <SPAN class=\"ft3\">bilaga 5</SPAN>. Lagrådet lämnade förslaget utan erinran. I förhållande till lagrådsremissen har en språklig ändring gjorts.</P>\r\n<P class=\"p46 ft1\"><SPAN class=\"ft1\">4</SPAN><SPAN class=\"ft17\">Sekretess i ärenden enligt lagen om bostadsanpassningsbidrag</SPAN></P>\r\n<P class=\"p47 ft2\"><SPAN class=\"ft10\">Regeringens förslag</SPAN>: I offentlighets- och sekretesslagen ska det förtydligas att sekretess även gäller i ärenden om bidrag till reparationer enligt lagen om bostadsanpassningsbidrag.</P>\r\n<P class=\"p48 ft2\">Det ska införas sekretess i ärenden om bidrag till besiktning och annat underhåll än reparation enligt samma lag. Sekretessen ska gälla för uppgift om en enskilds personliga förhållanden, om det kan antas att den enskilde eller någon närstående till denne lider betydande men om uppgiften röjs. För uppgift i en allmän handling ska sekretessen gälla i högst sjuttio år.</P>\r\n<P class=\"p49 ft2\"><SPAN class=\"ft10\">Regeringens bedömning: </SPAN>Rätten att meddela och offentliggöra uppgifter i ärenden om bidrag till besiktning och annat underhåll än reparation bör inte inskränkas.</P>\r\n<P class=\"p50 ft2\"><SPAN class=\"ft10\">Promemorians förslag: </SPAN>Överensstämmer i sak med regeringens förslag.</P>\r\n<P class=\"p51 ft2\"><SPAN class=\"ft10\">Remissinstanserna: </SPAN>Samtliga remissinstanser som har svarat tillstyrker förslaget. <SPAN class=\"ft3\">Boverket </SPAN>påpekar att det enligt 11 § lagen (2018:222) om bostadsanpassningsbidrag lämnas bidrag även för ”annat underhåll än reparation”. Enligt Boverkets uppfattning vore det en fördel om den föreslagna lydelsen i offentlighets- och sekretesslagen följer den exakta lydelsen i 11 § eftersom denna paragraf reglerar rätten till bidraget.</P>\r\n<P class=\"p52 ft2\">5</P>\r\n</DIV>\r\n<DIV id=\"page_6\">\r\n\r\n\r\n<DIV>\r\n<DIV id=\"id_1\">\r\n<P class=\"p11 ft2\">Prop. 2018/19:61</P>\r\n<P class=\"p12 ft2\">6</P>\r\n</DIV>\r\n<DIV id=\"id_2\">\r\n<P class=\"p11 ft10\">Skälen för regeringens förslag och bedömning</P>\r\n<P class=\"p53 ft3\">Bakgrund</P>\r\n<P class=\"p54 ft2\">Bestämmelser om bostadsanpassningsbidrag finns i lagen om bostadsanpassningsbidrag. Syftet med lagen är att genom bidrag till anpassning av bostäder ge personer med funktionsnedsättning möjlighet till ett självständigt liv i eget boende. Bostadsanpassningsbidrag lämnas för att anpassa och komplettera fasta funktioner i och i anslutning till en bostad. Bidrag kan även lämnas för att reparera en sådan anordning eller inredning som har installerats med stöd av bostadsanpassningsbidrag enligt lagen eller motsvarande äldre bestämmelser. Bidrag kan även i vissa fall lämnas för besiktning och annat underhåll än reparation. Det är kommunerna som ansvarar för bidrag enligt lagen.</P>\r\n<P class=\"p55 ft2\">Lagen om bostadsanpassningsbidrag trädde i kraft den 1 juli 2018. Genom den nya lagen upphävdes den äldre lagen (1992:1574) om bostadsanpassningsbidrag m.m. Flertalet av bestämmelserna i den äldre lagen har förts över i sak oförändrade till den nya lagen. Vissa bestämmelser har förtydligats och anpassats till rådande praxis. Därutöver har vissa nya bestämmelser tillkommit.</P>\r\n<P class=\"p56 ft2\">En skillnad mellan lagarna är att den nya lagen ger möjlighet till bidrag till besiktning och annat underhåll än reparation. En annan skillnad är att uttrycket bostadsanpassningsbidrag i den nya lagen förbehålls sådana åtgärder som innebär att fasta funktioner i och i anslutning till en bostad anpassas eller kompletteras. I den äldre lagen ingick bidrag till reparationer i uttrycket bostadsanpassningsbidrag.</P>\r\n<P class=\"p56 ft2\">Enligt den nya lagen lämnas bidrag till reparationer, besiktning och annat underhåll än reparation endast om åtgärderna är nödvändiga för att bostaden ska vara ändamålsenlig för sökanden. Sådana bidrag benämns som sagt inte bostadsanpassningsbidrag utan enbart bidrag till reparationer, besiktning och annat underhåll än reparation. Denna åtskillnad gjordes bl.a. av lagtekniska skäl för att tydliggöra vilka bestämmelser i lagen om bostadsanpassningsbidrag som är tillämpliga på de olika formerna av bidrag (se propositionen Ny lag om bostadsanpassningsbidrag, prop. 2017/18:80 s. 43).</P>\r\n<P class=\"p57 ft2\">Enligt 26 kap. 12 § offentlighets- och sekretesslagen, förkortad OSL, gäller sekretess i ärende om bostadsanpassningsbidrag för uppgift om en enskilds personliga förhållanden, om det kan antas att den enskilde eller någon närstående till denne lider betydande men om uppgiften röjs. Någon ändring i OSL gjordes inte i samband med att den nya lagen om bostadsanpassningsbidrag antogs.</P>\r\n<P class=\"p58 ft3\">Behovet av en ändrad sekretessbestämmelse</P>\r\n<P class=\"p59 ft2\">Eftersom bidrag för reparationer tidigare omfattades av uttrycket bostadsanpassningsbidrag gällde sekretess i sådana ärenden enligt 26 kap. 12 § OSL. Med den uppdelning av de olika bidragsformerna som görs i den nya lagen om bostadsanpassningsbidrag är det inte längre tydligt om det fortfarande råder sekretess i ärenden om bidrag till reparationer. Någon avsikt att ta bort sekretesskyddet i sådana ärenden har dock inte funnits. Därutöver har två bidragsformer tillkommit, bidrag till besiktning och till annat underhåll än reparation. Regeringen anser därför att det finns ett behov av</P>\r\n</DIV>\r\n</DIV>\r\n</DIV>\r\n<DIV id=\"page_7\">\r\n\r\n\r\n<DIV>\r\n<DIV id=\"id_1\">\r\n<P class=\"p60 ft2\">att se över vilket sekretesskydd som ska gälla i ärenden enligt den nya lagen om bostadsanpassningsbidrag.</P>\r\n<P class=\"p61 ft2\">Ett kriterium för att bidrag ska kunna lämnas till reparationer, besiktning eller annat underhåll än reparation är att åtgärderna är nödvändiga för att bostaden ska vara ändamålsenlig för sökanden. Detta innebär att sökanden kan behöva lämna in handlingar med känsliga uppgifter, t.ex. läkarintyg. Det finns därför behov av sekretesskydd i sådana ärenden. Eftersom det kan förekomma samma typ av känsliga uppgifter i ärenden om bidrag till reparationer, besiktning och annat underhåll än reparation som i ärenden om bostadsanpassningsbidrag anser regeringen att sekretesskyddet bör utformas på samma sätt för alla dessa bidragsformer. Det innebär att sekretess bör gälla i ärenden om bidrag till reparationer, besiktning och annat underhåll än reparation för uppgift om en enskilds personliga förhållanden, om det kan antas att den enskilde eller någon närstående till denne lider betydande men om uppgiften röjs. För uppgift i en allmän handling bör sekretessen gälla i högst sjuttio år. Regeringen anser att bestämmelsen bör utformas i enlighet med vad <SPAN class=\"ft3\">Boverket </SPAN>anför i sitt remissvar.</P>\r\n<P class=\"p62 ft5\">Det bör noteras att det enligt den äldre lagen fanns ytterligare en bidragsform som betecknades återställningsbidrag. I den äldre lagen gjordes en åtskillnad mellan bostadsanpassningsbidrag och återställningsbidrag. Nuvarande sekretessbestämmelse kan därför inte anses ha omfattat återställningsbidrag. Bestämmelserna om återställningsbidrag har i huvudsak förts över oförändrade till den nya lagen om bostadsanpassningsbidrag. Enligt den nya lagen lämnas återställningsbidrag till ägare av bostadshus för kostnader för återställning av anpassningsåtgärder som har utförts bl.a. i eller i anslutning till en lägenhet som innehas med hyresrätt, ett en- eller tvåbostadshus som hyrs ut eller i anslutning till en lägenhet som innehas med bostadsrätt i ett flerbostadshus. Återställningsbidrag lämnas om anpassningsåtgärden på grund av ändrade förhållanden inte längre utnyttjas för sitt ändamål och åtgärden är till nackdel för andra boende.</P>\r\n<P class=\"p63 ft2\">I ärenden om återställningsbidrag finns inte behov av att lämna in känsliga uppgifter om enskilds personliga förhållanden. Regeringen bedömer att det inte behöver införas sekretesskydd i ärenden om återställningsbidrag. Det bör därför anges uttryckligen i OSL i vilka ärenden enligt lagen om bostadsanpassningsbidrag som sekretess gäller, dvs. ärenden om bostadsanpassningsbidrag och om bidrag till reparationer, besiktning och annat underhåll än reparation.</P>\r\n<P class=\"p64 ft2\">Rätten att meddela och offentliggöra uppgifter som följer av 1 kap. 1 § tryckfrihetsförordningen (TF) och 1 kap. 1 och 2 §§ yttrandefrihetsgrundlagen (YGL) har som huvudregel företräde framför den tystnadsplikt som följer av bestämmelserna i OSL. I TF och YGL anges dock att det inte är tillåtet att med stöd av rätten att meddela och offentliggöra uppgifter uppsåtligen åsidosätta en tystnadsplikt i de fall som anges i en särskild lag. Den särskilda lag som avses är OSL (se 13 kap., slutet av varje kapitel i lagens <NOBR>fjärde–sjätte</NOBR> avdelningar samt lagens sjunde avdelning).</P>\r\n<P class=\"p65 ft2\">Enligt 26 kap. 15 § OSL är rätten att meddela och offentliggöra uppgifter enligt 1 kap. 1 § TF och 1 kap. 1 och 2 §§ YGL inskränkt i vissa fall. Det gäller exempelvis uppgifter som finns inom viss verksamhet inom socialtjänsten, inom verksamhet om ersättning på grund av övergrepp eller</P>\r\n</DIV>\r\n<DIV id=\"id_2\">\r\n<P class=\"p66 ft2\">Prop. 2018/19:61</P>\r\n<P class=\"p67 ft2\">7</P>\r\n</DIV>\r\n</DIV>\r\n</DIV>\r\n<DIV id=\"page_8\">\r\n<DIV id=\"p8dimg1\">\r\n<INGENBILD zsrc=\"H603618x1.jpg/\" id=\"p8img1\">\r\n</DIV>\r\n\r\n\r\n<P class=\"p68 ft2\">Prop. 2018/19:61 försummelser i samhällsvården av barn och unga samt i ärenden om internationella adoptioner.</P>\r\n<P class=\"p69 ft2\">Bestämmelsen i 26 kap. 12 § OSL om sekretess i ärende om bostadsanpassningsbidrag räknas inte upp i 26 kap. 15 §. Detta innebär att rätten enligt TF och YGL att meddela och offentliggöra uppgifter som finns i sådana ärenden inte är inskränkt. Sekretessen föreslås nu även omfatta ärenden om besiktning och annat underhåll än reparation enligt lagen om bostadsanpassningsbidrag. Även om det kan finnas känsliga uppgifter i sådana ärenden är uppgifterna inte mer känsliga än de som finns i ärenden om bostadsanpassningsbidrag. Regeringen bedömer därför att det saknas anledning att inskränka rätten att meddela och offentliggöra uppgifter i ärenden om besiktning och annat underhåll än reparation.</P>\r\n<P class=\"p70 ft1\"><SPAN class=\"ft1\">5</SPAN><SPAN class=\"ft18\">Vissa ändringar av rättelsekaraktär i offentlighets- och sekretesslagen</SPAN></P>\r\n<P class=\"p71 ft2\"><SPAN class=\"ft10\">Regeringens förslag: </SPAN>Vissa ändringar av rättelsekaraktär ska göras i offentlighets- och sekretesslagen.</P>\r\n<P class=\"p72 ft2\"><SPAN class=\"ft10\">Promemorians förslag: </SPAN>I promemorian föreslås inte att det ska göras vissa ändringar av rättelsekaraktär i offentlighets- och sekretesslagen.</P>\r\n<P class=\"p73 ft2\"><SPAN class=\"ft10\">Skälen för regeringens förslag: </SPAN>Genom propositionen Följdändringar till ändrade mediegrundlagar (prop. 2017/18:260) gjordes vissa följdändringar i författningar där hänvisningar görs till bestämmelser i TF och i YGL. Bland annat följdändrades 44 kap. 3 § OSL så att hänvisningarna i den paragrafen till YGL och TF i stället motsvarar de båda grundlagarnas lydelse med anledning av propositionen Ändrade mediegrundlagar (prop. 2017/18:49). Ändringen trädde i kraft den 1 januari 2019. Det har nu uppmärksammats att 44 kap. 3 § OSL samtidigt även ändrades på så sätt att hänvisningen i punkt 2 till 15 kap. 2 § socialtjänstlagen (2001:453) i stället kom att göras till 5 kap. 2 § samma lag. Den ändringen var inte avsedd och bör därför rättas.</P>\r\n<P class=\"p74 ft2\">Offentlighets- och sekretesslagen är indelad i sju avdelningar, vilket i lagen markeras genom användandet av särskilda avdelningsrubriker. Det har nu uppmärksammats att rubriken till den sjätte avdelningen på grund av ett förbiseende när lagen infördes har fått en utformning som avviker från de övriga avdelningsrubrikerna. I syfte att åstadkomma en enhetlig utformning bör detta åtgärdas på så sätt att uttrycket ”AVD.” i rubriken ändras till ”AVDELNING”.</P>\r\n<P class=\"p75 ft2\">Regeringen föreslår att lagtexten utformas i enlighet med detta.</P>\r\n<P class=\"p76 ft2\">8</P>\r\n</DIV>\r\n<DIV id=\"page_9\">\r\n<DIV id=\"p9dimg1\">\r\n<INGENBILD zsrc=\"H603619x1.jpg/\" id=\"p9img1\">\r\n</DIV>\r\n\r\n\r\n<TABLE cellpadding=0 cellspacing=0 class=\"t1\">\r\n<TR>\r\n\t<TD rowspan=2 class=\"tr5 td7\"><SPAN class=\"p17 ft1\">6</SPAN> </TD>\r\n\t<TD rowspan=2 class=\"tr5 td8\"><SPAN class=\"p18 ft1\">Ikraftträdande</SPAN> </TD>\r\n\t<TD class=\"tr6 td9\"><SPAN class=\"p13 ft2\">Prop. 2018/19:61</SPAN> </TD>\r\n</TR>\r\n<TR>\r\n\t<TD class=\"tr7 td9\"><SPAN class=\"p13 ft6\"> </SPAN> </TD>\r\n</TR>\r\n</TABLE>\r\n<P class=\"p77 ft2\"><SPAN class=\"ft10\">Regeringens förslag: </SPAN>Ändringarna ska träda i kraft den 1 juli 2019.</P>\r\n<P class=\"p78 ft2\"><SPAN class=\"ft10\">Promemorians förslag: </SPAN>I promemorian föreslås att den nya bestämmelsen i offentlighets- och sekretesslagen ska träda i kraft den 1 mars 2019.</P>\r\n<P class=\"p79 ft10\">Skälen för regeringens förslag: <SPAN class=\"ft2\">De föreslagna ändringarna i offentlighets- och sekretesslagen bör träda i kraft så snart som möjligt. Regeringen föreslår därför att de ska träda i kraft den 1 juli 2019. Regeringen bedömer att det inte finns något behov av övergångsbestämmelser.</SPAN></P>\r\n<P class=\"p80 ft1\"><SPAN class=\"ft1\">7</SPAN><SPAN class=\"ft17\">Konsekvenser</SPAN></P>\r\n<P class=\"p81 ft2\">I denna proposition föreslås att det i 26 kap. 12 § OSL uttryckligen ska anges att det råder sekretess i ärenden om bostadsanpassningsbidrag och om bidrag till reparationer, besiktning och annat underhåll än reparation enligt lagen om bostadsanpassningsbidrag. Vad gäller bostadsanpassningsbidrag och bidrag till reparationer överensstämmer detta med vad som har gällt för ärenden enligt den äldre lagen om bostadsanpassningsbidrag m.m. Det läggs därutöver till att motsvarande sekretess gäller i ärenden om bidrag till besiktning och annat underhåll än reparation.</P>\r\n<P class=\"p82 ft2\">För den enskilde innebär förslaget att det blir tydligt i vilka ärenden det råder sekretess. Den enskildes integritet skyddas ytterligare genom att det införs sekretess även i ärenden om bidrag till besiktning och annat underhåll än reparation.</P>\r\n<P class=\"p79 ft2\">Bidrag enligt lagen om bostadsanpassningsbidrag hanteras av kommunerna. Genom ändringen blir det tydligt i vilka ärenden det råder sekretess, vilket underlättar kommunernas prövning vid begäran om utlämnande av allmänna handlingar.</P>\r\n<P class=\"p79 ft2\">Eftersom det införs sekretess i ärenden om bidrag till besiktning och annat underhåll än reparation kan antalet utlämningsärenden hos kommunerna öka något. Ökningen bedöms dock vara mycket marginell. Då det finns erfarenhet hos kommunerna av sekretessprövningar i ärenden om bostadsanpassningsbidrag, där samma typ av känsliga uppgifter förekommer, bedöms inte den nu aktuella ändringen medföra något nämnvärt merarbete för kommunerna. Förslagets ekonomiska konsekvenser bedöms sammantaget vara marginella, och nivån på det generella bidraget till kommunsektorn behöver därför inte förändras till följd av förslaget.</P>\r\n<P class=\"p82 ft2\">Antalet sekretessärenden vad gäller bidrag till besiktning och annat underhåll än reparation bedöms vara få. Förslaget kommer därför inte att medföra någon nämnvärt ökad arbetsbelastning för domstolarna. Den marginella ökning som kan förutses bör kunna behandlas inom ramen för domstolarnas nuvarande verksamhet.</P>\r\n<P class=\"p83 ft2\">9</P>\r\n</DIV>\r\n<DIV id=\"page_10\">\r\n\r\n\r\n<P class=\"p84 ft2\">Prop. 2018/19:61 Förslaget bedöms inte medföra några konsekvenser för den kommunala självstyrelsen, brottsligheten eller det brottsförebyggande arbetet, sysselsättning och offentlig service i olika delar av landet, små företag, jämställdheten mellan kvinnor och män eller möjligheten att nå de integrationspolitiska målen.</P>\r\n<P class=\"p85 ft1\"><SPAN class=\"ft1\">8</SPAN><SPAN class=\"ft18\">Författningskommentar</SPAN></P>\r\n<P class=\"p86 ft19\">Förslaget till lag om ändring i offentlighets- och sekretesslagen</P>\r\n<P class=\"p87 ft2\"><SPAN class=\"ft10\">26 kap. 12 § </SPAN>Sekretess gäller i <SPAN class=\"ft3\">ärenden </SPAN>om bostadsanpassningsbidrag <SPAN class=\"ft3\">och om bidrag till reparationer, besiktning och annat underhåll än reparation enligt lagen (2018:222) om bostadsanpassningsbidrag </SPAN>för uppgift om en enskilds personliga förhållanden, om det kan antas att den enskilde eller någon närstående till denne lider betydande men om uppgiften röjs.</P>\r\n<P class=\"p88 ft2\">För uppgift i en allmän handling gäller sekretessen i högst sjuttio år.</P>\r\n<P class=\"p89 ft5\">I <SPAN class=\"ft9\">första stycket </SPAN>läggs det till att sekretess gäller i ärenden om bidrag till reparationer, besiktning och annat underhåll än reparation enligt lagen om bostadsanpassningsbidrag. Sekretess har tidigare gällt i ärenden om bidrag till reparationer enligt den nu upphävda lagen (1992:1574) om bostadsanpassningsbidrag m.m. Det förtydligas nu att sekretess även gäller i sådana ärenden enligt lagen om bostadsanpassningsbidrag. Därutöver införs sekretess i ärenden om bidrag till besiktning och annat underhåll än reparation, dvs. sådana ärenden som regleras i 11 § andra stycket lagen om bostadsanpassningsbidrag. Det görs även en språklig ändring.</P>\r\n<P class=\"p90 ft2\">Skaderekvisitet är rakt, dvs. det råder presumtion för offentlighet. Övervägandena finns i avsnitt 4.</P>\r\n<P class=\"p91 ft2\"><SPAN class=\"ft10\">44 kap. 3 § </SPAN>Rätten enligt 1 kap. 1 och 7 §§ tryckfrihetsförordningen och 1 kap. 1 och 10 §§ yttrandefrihetsgrundlagen att meddela och offentliggöra uppgifter inskränks av den tystnadsplikt som följer av</P>\r\n<P class=\"p92 ft2\"><SPAN class=\"ft2\">1.</SPAN><SPAN class=\"ft20\">6 kap. </SPAN><NOBR>12–14</NOBR> §§ patientsäkerhetslagen (2010:659), och</P>\r\n<P class=\"p93 ft2\"><SPAN class=\"ft2\">2.</SPAN><SPAN class=\"ft21\">15 </SPAN>kap. 2 § socialtjänstlagen (2001:453).</P>\r\n<P class=\"p91 ft2\">I <SPAN class=\"ft3\">punkt 2 </SPAN>görs en rättelse på så sätt att hänvisningen till 5 kap. 2 § socialtjänstlagen ändras till att i stället avse 15 kap. 2 § samma lag. Ändringen innebär en återgång till den lydelse som punkten hade före den 1 januari 2019.</P>\r\n<P class=\"p92 ft2\">Övervägandena finns i avsnitt 5.</P>\r\n<P class=\"p94 ft2\">10</P>\r\n</DIV>\r\n<DIV id=\"page_11\">\r\n\r\n\r\n<DIV id=\"id_1\">\r\n<DIV id=\"id_1_1\">\r\n<P class=\"p11 ft8\">Sammanfattning av promemorian Ändringar i offentlighets- och sekretesslagen (2009:400) med anledning av lag om bostadsanpassningsbidrag (2018:222)</P>\r\n</DIV>\r\n<DIV id=\"id_1_2\">\r\n<P class=\"p11 ft2\">Prop. 2018/19:61 Bilaga 1</P>\r\n</DIV>\r\n</DIV>\r\n<DIV id=\"id_2\">\r\n<P class=\"p95 ft2\">I promemorian föreslås ändringar i offentlighets- och sekretesslagen (2009:400) när det gäller sekretess i ärenden om bidrag enligt lagen</P>\r\n<P class=\"p95 ft2\">(2018:222) om bostadsanpassningsbidrag. Det förtydligas att sekretess även gäller i ärenden om bidrag till reparationer och i ärenden om bidrag till besiktning och underhåll. Det föreslås att sekretessen ska gälla för uppgift om en enskilds personliga förhållanden, om det kan antas att den enskilde eller någon närstående till denne lider betydande men om uppgiften röjs. För uppgift i en allmän handling föreslås att sekretessen ska gälla i högst sjuttio år.</P>\r\n<P class=\"p9 ft2\">Ändringen föreslås träda i kraft den 1 mars 2019.</P>\r\n<P class=\"p96 ft2\">11</P>\r\n</DIV>\r\n</DIV>\r\n<DIV id=\"page_12\">\r\n<DIV id=\"p12dimg1\">\r\n<INGENBILD zsrc=\"H6036112x1.jpg/\" id=\"p12img1\">\r\n</DIV>\r\n\r\n\r\n<TABLE cellpadding=0 cellspacing=0 class=\"t6\">\r\n<TR>\r\n\t<TD class=\"tr6 td31\"><SPAN class=\"p13 ft2\">Prop. 2018/19:61</SPAN> </TD>\r\n\t<TD colspan=4 rowspan=2 class=\"tr9 td32\"><SPAN class=\"p13 ft1\">Promemorians lagförslag</SPAN> </TD>\r\n\t<TD class=\"tr6 td33\"><SPAN class=\"p13 ft4\"> </SPAN> </TD>\r\n\t<TD class=\"tr6 td34\"><SPAN class=\"p13 ft4\"> </SPAN> </TD>\r\n\t<TD class=\"tr6 td35\"><SPAN class=\"p13 ft4\"> </SPAN> </TD>\r\n\t<TD class=\"tr6 td36\"><SPAN class=\"p13 ft4\"> </SPAN> </TD>\r\n\t<TD class=\"tr6 td25\"><SPAN class=\"p13 ft4\"> </SPAN> </TD>\r\n\t<TD class=\"tr6 td37\"><SPAN class=\"p13 ft4\"> </SPAN> </TD>\r\n</TR>\r\n<TR>\r\n\t<TD rowspan=2 class=\"tr2 td31\"><SPAN class=\"p13 ft2\">Bilaga 2</SPAN> </TD>\r\n\t<TD class=\"tr12 td33\"><SPAN class=\"p13 ft22\"> </SPAN> </TD>\r\n\t<TD class=\"tr12 td34\"><SPAN class=\"p13 ft22\"> </SPAN> </TD>\r\n\t<TD class=\"tr12 td35\"><SPAN class=\"p13 ft22\"> </SPAN> </TD>\r\n\t<TD class=\"tr12 td36\"><SPAN class=\"p13 ft22\"> </SPAN> </TD>\r\n\t<TD class=\"tr12 td25\"><SPAN class=\"p13 ft22\"> </SPAN> </TD>\r\n\t<TD class=\"tr12 td37\"><SPAN class=\"p13 ft22\"> </SPAN> </TD>\r\n</TR>\r\n<TR>\r\n\t<TD class=\"tr13 td38\"><SPAN class=\"p13 ft23\"> </SPAN> </TD>\r\n\t<TD class=\"tr13 td39\"><SPAN class=\"p13 ft23\"> </SPAN> </TD>\r\n\t<TD class=\"tr13 td40\"><SPAN class=\"p13 ft23\"> </SPAN> </TD>\r\n\t<TD class=\"tr13 td41\"><SPAN class=\"p13 ft23\"> </SPAN> </TD>\r\n\t<TD class=\"tr13 td33\"><SPAN class=\"p13 ft23\"> </SPAN> </TD>\r\n\t<TD class=\"tr13 td34\"><SPAN class=\"p13 ft23\"> </SPAN> </TD>\r\n\t<TD class=\"tr13 td35\"><SPAN class=\"p13 ft23\"> </SPAN> </TD>\r\n\t<TD class=\"tr13 td36\"><SPAN class=\"p13 ft23\"> </SPAN> </TD>\r\n\t<TD class=\"tr13 td25\"><SPAN class=\"p13 ft23\"> </SPAN> </TD>\r\n\t<TD class=\"tr13 td37\"><SPAN class=\"p13 ft23\"> </SPAN> </TD>\r\n</TR>\r\n<TR>\r\n\t<TD class=\"tr14 td31\"><SPAN class=\"p13 ft4\"> </SPAN> </TD>\r\n\t<TD colspan=7 class=\"tr14 td42\"><SPAN class=\"p13 ft24\">Förslag till lag om ändring i offentlighets- och</SPAN> </TD>\r\n\t<TD class=\"tr14 td36\"><SPAN class=\"p13 ft4\"> </SPAN> </TD>\r\n\t<TD class=\"tr14 td25\"><SPAN class=\"p13 ft4\"> </SPAN> </TD>\r\n\t<TD class=\"tr14 td37\"><SPAN class=\"p13 ft4\"> </SPAN> </TD>\r\n</TR>\r\n<TR>\r\n\t<TD class=\"tr0 td31\"><SPAN class=\"p13 ft4\"> </SPAN> </TD>\r\n\t<TD colspan=2 class=\"tr0 td43\"><SPAN class=\"p13 ft25\">sekretesslagen</SPAN> </TD>\r\n\t<TD class=\"tr0 td40\"><SPAN class=\"p13 ft4\"> </SPAN> </TD>\r\n\t<TD class=\"tr0 td41\"><SPAN class=\"p13 ft4\"> </SPAN> </TD>\r\n\t<TD class=\"tr0 td33\"><SPAN class=\"p13 ft4\"> </SPAN> </TD>\r\n\t<TD class=\"tr0 td34\"><SPAN class=\"p13 ft4\"> </SPAN> </TD>\r\n\t<TD class=\"tr0 td35\"><SPAN class=\"p13 ft4\"> </SPAN> </TD>\r\n\t<TD class=\"tr0 td36\"><SPAN class=\"p13 ft4\"> </SPAN> </TD>\r\n\t<TD class=\"tr0 td25\"><SPAN class=\"p13 ft4\"> </SPAN> </TD>\r\n\t<TD class=\"tr0 td37\"><SPAN class=\"p13 ft4\"> </SPAN> </TD>\r\n</TR>\r\n<TR>\r\n\t<TD class=\"tr15 td31\"><SPAN class=\"p13 ft4\"> </SPAN> </TD>\r\n\t<TD colspan=10 class=\"tr15 td44\"><SPAN class=\"p13 ft2\">Härigenom föreskrivs att 26 kap. 12 § offentlighets- och sekretesslagen</SPAN> </TD>\r\n</TR>\r\n<TR>\r\n\t<TD class=\"tr2 td31\"><SPAN class=\"p13 ft4\"> </SPAN> </TD>\r\n\t<TD colspan=4 class=\"tr2 td32\"><SPAN class=\"p13 ft2\">(2009:400) ska ha följande lydelse.</SPAN> </TD>\r\n\t<TD class=\"tr2 td33\"><SPAN class=\"p13 ft4\"> </SPAN> </TD>\r\n\t<TD class=\"tr2 td34\"><SPAN class=\"p13 ft4\"> </SPAN> </TD>\r\n\t<TD class=\"tr2 td35\"><SPAN class=\"p13 ft4\"> </SPAN> </TD>\r\n\t<TD class=\"tr2 td36\"><SPAN class=\"p13 ft4\"> </SPAN> </TD>\r\n\t<TD class=\"tr2 td25\"><SPAN class=\"p13 ft4\"> </SPAN> </TD>\r\n\t<TD class=\"tr2 td37\"><SPAN class=\"p13 ft4\"> </SPAN> </TD>\r\n</TR>\r\n<TR>\r\n\t<TD class=\"tr16 td31\"><SPAN class=\"p13 ft4\"> </SPAN> </TD>\r\n\t<TD colspan=3 class=\"tr16 td45\"><SPAN class=\"p13 ft3\">Nuvarande lydelse</SPAN> </TD>\r\n\t<TD class=\"tr16 td41\"><SPAN class=\"p13 ft4\"> </SPAN> </TD>\r\n\t<TD colspan=4 class=\"tr16 td46\"><SPAN class=\"p34 ft3\">Föreslagen lydelse</SPAN> </TD>\r\n\t<TD class=\"tr16 td25\"><SPAN class=\"p13 ft4\"> </SPAN> </TD>\r\n\t<TD class=\"tr16 td37\"><SPAN class=\"p13 ft4\"> </SPAN> </TD>\r\n</TR>\r\n<TR>\r\n\t<TD class=\"tr2 td31\"><SPAN class=\"p13 ft4\"> </SPAN> </TD>\r\n\t<TD class=\"tr2 td38\"><SPAN class=\"p13 ft4\"> </SPAN> </TD>\r\n\t<TD class=\"tr2 td39\"><SPAN class=\"p13 ft4\"> </SPAN> </TD>\r\n\t<TD class=\"tr2 td40\"><SPAN class=\"p13 ft4\"> </SPAN> </TD>\r\n\t<TD class=\"tr2 td41\"><SPAN class=\"p97 ft10\">26 kap.</SPAN> </TD>\r\n\t<TD class=\"tr2 td33\"><SPAN class=\"p13 ft4\"> </SPAN> </TD>\r\n\t<TD class=\"tr2 td34\"><SPAN class=\"p13 ft4\"> </SPAN> </TD>\r\n\t<TD class=\"tr2 td35\"><SPAN class=\"p13 ft4\"> </SPAN> </TD>\r\n\t<TD class=\"tr2 td36\"><SPAN class=\"p13 ft4\"> </SPAN> </TD>\r\n\t<TD class=\"tr2 td25\"><SPAN class=\"p13 ft4\"> </SPAN> </TD>\r\n\t<TD class=\"tr2 td37\"><SPAN class=\"p13 ft4\"> </SPAN> </TD>\r\n</TR>\r\n<TR>\r\n\t<TD class=\"tr4 td31\"><SPAN class=\"p13 ft4\"> </SPAN> </TD>\r\n\t<TD class=\"tr4 td38\"><SPAN class=\"p13 ft4\"> </SPAN> </TD>\r\n\t<TD class=\"tr4 td39\"><SPAN class=\"p13 ft4\"> </SPAN> </TD>\r\n\t<TD class=\"tr4 td40\"><SPAN class=\"p13 ft4\"> </SPAN> </TD>\r\n\t<TD class=\"tr4 td41\"><SPAN class=\"p98 ft2\">12 §</SPAN> </TD>\r\n\t<TD class=\"tr4 td33\"><SPAN class=\"p13 ft4\"> </SPAN> </TD>\r\n\t<TD class=\"tr4 td34\"><SPAN class=\"p13 ft4\"> </SPAN> </TD>\r\n\t<TD class=\"tr4 td35\"><SPAN class=\"p13 ft4\"> </SPAN> </TD>\r\n\t<TD class=\"tr4 td36\"><SPAN class=\"p13 ft4\"> </SPAN> </TD>\r\n\t<TD class=\"tr4 td25\"><SPAN class=\"p13 ft4\"> </SPAN> </TD>\r\n\t<TD class=\"tr4 td37\"><SPAN class=\"p13 ft4\"> </SPAN> </TD>\r\n</TR>\r\n<TR>\r\n\t<TD class=\"tr2 td31\"><SPAN class=\"p13 ft4\"> </SPAN> </TD>\r\n\t<TD colspan=4 class=\"tr2 td32\"><SPAN class=\"p13 ft2\">Sekretess gäller i ärende om</SPAN> </TD>\r\n\t<TD colspan=6 class=\"tr2 td47\"><SPAN class=\"p13 ft2\">Sekretess gäller i ärende om</SPAN> </TD>\r\n</TR>\r\n<TR>\r\n\t<TD class=\"tr2 td31\"><SPAN class=\"p13 ft4\"> </SPAN> </TD>\r\n\t<TD colspan=4 class=\"tr2 td32\"><SPAN class=\"p13 ft2\">bostadsanpassningsbidrag för</SPAN> </TD>\r\n\t<TD colspan=5 class=\"tr2 td48\"><SPAN class=\"p13 ft2\">bostadsanpassningsbidrag</SPAN> </TD>\r\n\t<TD class=\"tr2 td37\"><SPAN class=\"p15 ft3\">och</SPAN> </TD>\r\n</TR>\r\n<TR>\r\n\t<TD class=\"tr4 td31\"><SPAN class=\"p13 ft4\"> </SPAN> </TD>\r\n\t<TD class=\"tr4 td38\"><SPAN class=\"p13 ft2\">uppgift</SPAN> </TD>\r\n\t<TD class=\"tr4 td39\"><SPAN class=\"p13 ft2\">om</SPAN> </TD>\r\n\t<TD class=\"tr4 td40\"><SPAN class=\"p34 ft2\">en</SPAN> </TD>\r\n\t<TD class=\"tr4 td41\"><SPAN class=\"p99 ft2\">enskilds</SPAN> </TD>\r\n\t<TD class=\"tr4 td33\"><SPAN class=\"p13 ft3\">om</SPAN> </TD>\r\n\t<TD colspan=2 class=\"tr4 td49\"><SPAN class=\"p100 ft3\">bidrag till</SPAN> </TD>\r\n\t<TD colspan=3 class=\"tr4 td50\"><SPAN class=\"p15 ft3\">reparationer,</SPAN> </TD>\r\n</TR>\r\n<TR>\r\n\t<TD class=\"tr2 td31\"><SPAN class=\"p13 ft4\"> </SPAN> </TD>\r\n\t<TD colspan=4 class=\"tr2 td32\"><SPAN class=\"p13 ft2\">personliga förhållanden, om det</SPAN> </TD>\r\n\t<TD colspan=6 class=\"tr2 td47\"><SPAN class=\"p13 ft3\">besiktning och underhåll enligt</SPAN> </TD>\r\n</TR>\r\n<TR>\r\n\t<TD class=\"tr2 td31\"><SPAN class=\"p13 ft4\"> </SPAN> </TD>\r\n\t<TD colspan=4 class=\"tr2 td32\"><SPAN class=\"p13 ft2\">kan antas att den enskilde eller</SPAN> </TD>\r\n\t<TD colspan=6 class=\"tr2 td47\"><SPAN class=\"p13 ft3\">lagen (2018:222) om bostads-</SPAN> </TD>\r\n</TR>\r\n<TR>\r\n\t<TD class=\"tr4 td31\"><SPAN class=\"p13 ft4\"> </SPAN> </TD>\r\n\t<TD colspan=4 class=\"tr4 td32\"><SPAN class=\"p13 ft2\">någon närstående till denne lider</SPAN> </TD>\r\n\t<TD colspan=4 class=\"tr4 td46\"><SPAN class=\"p13 ft3\">anpassningsbidrag</SPAN> </TD>\r\n\t<TD colspan=2 class=\"tr4 td51\"><SPAN class=\"p15 ft2\">för uppgift</SPAN> </TD>\r\n</TR>\r\n<TR>\r\n\t<TD class=\"tr2 td31\"><SPAN class=\"p13 ft4\"> </SPAN> </TD>\r\n\t<TD class=\"tr2 td38\"><SPAN class=\"p13 ft2\">betydande</SPAN> </TD>\r\n\t<TD class=\"tr2 td39\"><SPAN class=\"p101 ft2\">men</SPAN> </TD>\r\n\t<TD class=\"tr2 td40\"><SPAN class=\"p13 ft2\">om</SPAN> </TD>\r\n\t<TD class=\"tr2 td41\"><SPAN class=\"p99 ft5\">uppgiften</SPAN> </TD>\r\n\t<TD class=\"tr2 td33\"><SPAN class=\"p13 ft2\">om</SPAN> </TD>\r\n\t<TD class=\"tr2 td34\"><SPAN class=\"p102 ft2\">en</SPAN> </TD>\r\n\t<TD colspan=2 class=\"tr2 td52\"><SPAN class=\"p13 ft2\">enskilds</SPAN> </TD>\r\n\t<TD colspan=2 class=\"tr2 td51\"><SPAN class=\"p28 ft2\">personliga</SPAN> </TD>\r\n</TR>\r\n<TR>\r\n\t<TD class=\"tr2 td31\"><SPAN class=\"p13 ft4\"> </SPAN> </TD>\r\n\t<TD class=\"tr2 td38\"><SPAN class=\"p13 ft2\">röjs.</SPAN> </TD>\r\n\t<TD class=\"tr2 td39\"><SPAN class=\"p13 ft4\"> </SPAN> </TD>\r\n\t<TD class=\"tr2 td40\"><SPAN class=\"p13 ft4\"> </SPAN> </TD>\r\n\t<TD class=\"tr2 td41\"><SPAN class=\"p13 ft4\"> </SPAN> </TD>\r\n\t<TD colspan=6 class=\"tr2 td47\"><SPAN class=\"p13 ft2\">förhållanden, om det kan antas</SPAN> </TD>\r\n</TR>\r\n<TR>\r\n\t<TD class=\"tr4 td31\"><SPAN class=\"p13 ft4\"> </SPAN> </TD>\r\n\t<TD class=\"tr4 td38\"><SPAN class=\"p13 ft4\"> </SPAN> </TD>\r\n\t<TD class=\"tr4 td39\"><SPAN class=\"p13 ft4\"> </SPAN> </TD>\r\n\t<TD class=\"tr4 td40\"><SPAN class=\"p13 ft4\"> </SPAN> </TD>\r\n\t<TD class=\"tr4 td41\"><SPAN class=\"p13 ft4\"> </SPAN> </TD>\r\n\t<TD colspan=6 class=\"tr4 td47\"><SPAN class=\"p13 ft2\">att den enskilde eller någon</SPAN> </TD>\r\n</TR>\r\n<TR>\r\n\t<TD class=\"tr2 td31\"><SPAN class=\"p13 ft4\"> </SPAN> </TD>\r\n\t<TD class=\"tr2 td38\"><SPAN class=\"p13 ft4\"> </SPAN> </TD>\r\n\t<TD class=\"tr2 td39\"><SPAN class=\"p13 ft4\"> </SPAN> </TD>\r\n\t<TD class=\"tr2 td40\"><SPAN class=\"p13 ft4\"> </SPAN> </TD>\r\n\t<TD class=\"tr2 td41\"><SPAN class=\"p13 ft4\"> </SPAN> </TD>\r\n\t<TD colspan=2 class=\"tr2 td15\"><SPAN class=\"p13 ft2\">närstående</SPAN> </TD>\r\n\t<TD class=\"tr2 td35\"><SPAN class=\"p103 ft2\">till</SPAN> </TD>\r\n\t<TD colspan=2 class=\"tr2 td53\"><SPAN class=\"p42 ft2\">denne</SPAN> </TD>\r\n\t<TD class=\"tr2 td37\"><SPAN class=\"p15 ft2\">lider</SPAN> </TD>\r\n</TR>\r\n<TR>\r\n\t<TD class=\"tr2 td31\"><SPAN class=\"p13 ft4\"> </SPAN> </TD>\r\n\t<TD class=\"tr2 td38\"><SPAN class=\"p13 ft4\"> </SPAN> </TD>\r\n\t<TD class=\"tr2 td39\"><SPAN class=\"p13 ft4\"> </SPAN> </TD>\r\n\t<TD class=\"tr2 td40\"><SPAN class=\"p13 ft4\"> </SPAN> </TD>\r\n\t<TD class=\"tr2 td41\"><SPAN class=\"p13 ft4\"> </SPAN> </TD>\r\n\t<TD colspan=2 class=\"tr2 td15\"><SPAN class=\"p13 ft2\">betydande</SPAN> </TD>\r\n\t<TD class=\"tr2 td35\"><SPAN class=\"p40 ft2\">men</SPAN> </TD>\r\n\t<TD colspan=3 class=\"tr2 td50\"><SPAN class=\"p15 ft2\">om uppgiften</SPAN> </TD>\r\n</TR>\r\n<TR>\r\n\t<TD class=\"tr4 td31\"><SPAN class=\"p13 ft4\"> </SPAN> </TD>\r\n\t<TD class=\"tr4 td38\"><SPAN class=\"p13 ft4\"> </SPAN> </TD>\r\n\t<TD class=\"tr4 td39\"><SPAN class=\"p13 ft4\"> </SPAN> </TD>\r\n\t<TD class=\"tr4 td40\"><SPAN class=\"p13 ft4\"> </SPAN> </TD>\r\n\t<TD class=\"tr4 td41\"><SPAN class=\"p13 ft4\"> </SPAN> </TD>\r\n\t<TD class=\"tr4 td33\"><SPAN class=\"p13 ft2\">röjs.</SPAN> </TD>\r\n\t<TD class=\"tr4 td34\"><SPAN class=\"p13 ft4\"> </SPAN> </TD>\r\n\t<TD class=\"tr4 td35\"><SPAN class=\"p13 ft4\"> </SPAN> </TD>\r\n\t<TD class=\"tr4 td36\"><SPAN class=\"p13 ft4\"> </SPAN> </TD>\r\n\t<TD class=\"tr4 td25\"><SPAN class=\"p13 ft4\"> </SPAN> </TD>\r\n\t<TD class=\"tr4 td37\"><SPAN class=\"p13 ft4\"> </SPAN> </TD>\r\n</TR>\r\n</TABLE>\r\n<P class=\"p93 ft2\">För uppgift i en allmän handling gäller sekretessen i högst sjuttio år.</P>\r\n<P class=\"p104 ft2\">Denna lag träder i kraft den 1 mars 2019.</P>\r\n<P class=\"p105 ft2\">12</P>\r\n</DIV>\r\n<DIV id=\"page_13\">\r\n\r\n\r\n<DIV id=\"id_1\">\r\n<DIV id=\"id_1_1\">\r\n<P class=\"p11 ft1\">Förteckning över remissinstanserna</P>\r\n</DIV>\r\n<DIV id=\"id_1_2\">\r\n<P class=\"p11 ft2\">Prop. 2018/19:61 Bilaga 3</P>\r\n</DIV>\r\n</DIV>\r\n<DIV id=\"id_2\">\r\n<P class=\"p106 ft2\">Följande instanser har inkommit med yttrande över promemorian: Boverket, Förvaltningsrätten i Uppsala, Kammarrätten i Jönköping, SPF Seniorerna, Sveriges Kommuner och Landsting.</P>\r\n<P class=\"p107 ft2\">Följande instanser har inte inkommit med svar: Funktionsrätt Sverige, Lika Unika, Pensionärernas Riksorganisation PRO.</P>\r\n<P class=\"p108 ft2\">13</P>\r\n</DIV>\r\n</DIV>\r\n<DIV id=\"page_14\">\r\n\r\n\r\n<DIV>\r\n<DIV id=\"id_1\">\r\n<P class=\"p109 ft2\">Prop. 2018/19:61 Bilaga 4</P>\r\n<P class=\"p110 ft2\">14</P>\r\n</DIV>\r\n<DIV id=\"id_2\">\r\n<P class=\"p11 ft1\">Lagrådsremissens lagförslag</P>\r\n<P class=\"p111 ft19\">Förslag till lag om ändring i offentlighets- och sekretesslagen (2009:400)</P>\r\n<P class=\"p112 ft2\">Härigenom föreskrivs i fråga om offentlighets- och sekretesslagen (2009:400)</P>\r\n<P class=\"p23 ft2\"><SPAN class=\"ft3\">dels </SPAN>att 26 kap. 12 § och 44 kap. 3 § ska ha följande lydelse,</P>\r\n<P class=\"p24 ft2\"><SPAN class=\"ft3\">dels </SPAN>att rubriken närmast före rubriken till 41 kap. ska lyda</P>\r\n<P class=\"p113 ft2\">”AVDELNING VI. SÄRSKILDA BESTÄMMELSER OM SEKRETESS HOS VISSA ORGAN”.</P>\r\n<TABLE cellpadding=0 cellspacing=0 class=\"t2\">\r\n<TR>\r\n\t<TD class=\"tr2 td10\"><SPAN class=\"p13 ft3\">Nuvarande lydelse</SPAN> </TD>\r\n\t<TD class=\"tr2 td11\"><SPAN class=\"p13 ft9\">Föreslagen lydelse</SPAN> </TD>\r\n</TR>\r\n</TABLE>\r\n<P class=\"p114 ft10\"><SPAN class=\"ft10\">26</SPAN><SPAN class=\"ft11\">kap. 12 §</SPAN></P>\r\n<TABLE cellpadding=0 cellspacing=0 class=\"t3\">\r\n<TR>\r\n\t<TD colspan=2 class=\"tr4 td10\"><SPAN class=\"p27 ft2\">Sekretess gäller i ärende om</SPAN> </TD>\r\n\t<TD class=\"tr4 td12\"><SPAN class=\"p15 ft2\">Sekretess gäller i ärende om</SPAN> </TD>\r\n</TR>\r\n<TR>\r\n\t<TD class=\"tr2 td13\"><SPAN class=\"p13 ft2\">bostadsanpassningsbidrag</SPAN> </TD>\r\n\t<TD class=\"tr2 td14\"><SPAN class=\"p27 ft2\">för</SPAN> </TD>\r\n\t<TD class=\"tr2 td12\"><SPAN class=\"p15 ft2\">bostadsanpassningsbidrag <SPAN class=\"ft3\">och om</SPAN></SPAN> </TD>\r\n</TR>\r\n<TR>\r\n\t<TD colspan=2 class=\"tr2 td10\"><SPAN class=\"p27 ft2\">uppgift om en enskilds personliga</SPAN> </TD>\r\n\t<TD class=\"tr2 td12\"><SPAN class=\"p28 ft9\">bidrag till reparationer, besiktning</SPAN> </TD>\r\n</TR>\r\n<TR>\r\n\t<TD colspan=2 class=\"tr4 td10\"><SPAN class=\"p27 ft2\">förhållanden, om det kan antas att</SPAN> </TD>\r\n\t<TD class=\"tr4 td12\"><SPAN class=\"p28 ft9\">och annat underhåll än reparation</SPAN> </TD>\r\n</TR>\r\n<TR>\r\n\t<TD colspan=2 class=\"tr2 td10\"><SPAN class=\"p27 ft5\">den enskilde eller någon närstående</SPAN> </TD>\r\n\t<TD class=\"tr2 td12\"><SPAN class=\"p15 ft3\">enligt lagen (2018:222) om bo-</SPAN> </TD>\r\n</TR>\r\n<TR>\r\n\t<TD colspan=2 class=\"tr2 td10\"><SPAN class=\"p27 ft2\">till denne lider betydande men om</SPAN> </TD>\r\n\t<TD class=\"tr2 td12\"><SPAN class=\"p15 ft9\">stadsanpassningsbidrag <SPAN class=\"ft5\">för uppgift</SPAN></SPAN> </TD>\r\n</TR>\r\n<TR>\r\n\t<TD class=\"tr4 td13\"><SPAN class=\"p13 ft2\">uppgiften röjs.</SPAN> </TD>\r\n\t<TD class=\"tr4 td14\"><SPAN class=\"p13 ft4\"> </SPAN> </TD>\r\n\t<TD class=\"tr4 td12\"><SPAN class=\"p15 ft2\">om en enskilds personliga förhåll-</SPAN> </TD>\r\n</TR>\r\n<TR>\r\n\t<TD class=\"tr2 td13\"><SPAN class=\"p13 ft4\"> </SPAN> </TD>\r\n\t<TD class=\"tr2 td14\"><SPAN class=\"p13 ft4\"> </SPAN> </TD>\r\n\t<TD class=\"tr2 td12\"><SPAN class=\"p28 ft2\">anden, om det kan antas att den</SPAN> </TD>\r\n</TR>\r\n</TABLE>\r\n<P class=\"p115 ft2\">enskilde eller någon närstående till denne lider betydande men om uppgiften röjs.</P>\r\n<P class=\"p23 ft2\">För uppgift i en allmän handling gäller sekretessen i högst sjuttio år.</P>\r\n<P class=\"p116 ft10\"><SPAN class=\"ft10\">44</SPAN><SPAN class=\"ft26\">kap. 3 §</SPAN><SPAN class=\"ft12\">2</SPAN></P>\r\n<P class=\"p32 ft2\">Rätten enligt 1 kap. 1 och 7 §§ tryckfrihetsförordningen och 1 kap. 1 och 10 §§ yttrandefrihetsgrundlagen att meddela och offentliggöra uppgifter inskränks av den tystnadsplikt som följer av</P>\r\n<TABLE cellpadding=0 cellspacing=0 class=\"t4\">\r\n<TR>\r\n\t<TD class=\"tr4 td15\"><SPAN class=\"p33 ft2\">1. 6 kap.</SPAN> </TD>\r\n\t<TD colspan=4 class=\"tr4 td16\"><SPAN class=\"p34 ft2\"><NOBR>12–14</NOBR> §§ patientsäkerhetslagen (2010:659), och</SPAN> </TD>\r\n</TR>\r\n<TR>\r\n\t<TD class=\"tr2 td15\"><SPAN class=\"p33 ft2\">2. <SPAN class=\"ft3\">5 </SPAN>kap.</SPAN> </TD>\r\n\t<TD class=\"tr2 td17\"><SPAN class=\"p34 ft2\">2 §</SPAN> </TD>\r\n\t<TD colspan=2 class=\"tr2 td18\"><SPAN class=\"p33 ft2\">socialtjänstlagen</SPAN> </TD>\r\n\t<TD class=\"tr2 td19\"><SPAN class=\"p15 ft2\">2. <SPAN class=\"ft3\">15 </SPAN>kap. 2 § socialtjänstlagen</SPAN> </TD>\r\n</TR>\r\n<TR>\r\n\t<TD colspan=2 class=\"tr2 td20\"><SPAN class=\"p35 ft2\">(2001:453).</SPAN> </TD>\r\n\t<TD class=\"tr2 td7\"><SPAN class=\"p13 ft4\"> </SPAN> </TD>\r\n\t<TD class=\"tr2 td21\"><SPAN class=\"p13 ft4\"> </SPAN> </TD>\r\n\t<TD class=\"tr2 td19\"><SPAN class=\"p36 ft2\">(2001:453).</SPAN> </TD>\r\n</TR>\r\n<TR>\r\n\t<TD class=\"tr2 td22\"><SPAN class=\"p13 ft4\"> </SPAN> </TD>\r\n\t<TD class=\"tr2 td23\"><SPAN class=\"p13 ft4\"> </SPAN> </TD>\r\n\t<TD class=\"tr2 td24\"><SPAN class=\"p13 ft4\"> </SPAN> </TD>\r\n\t<TD class=\"tr4 td21\"><SPAN class=\"p13 ft4\"> </SPAN> </TD>\r\n\t<TD class=\"tr4 td19\"><SPAN class=\"p13 ft4\"> </SPAN> </TD>\r\n</TR>\r\n</TABLE>\r\n<P class=\"p117 ft2\">Denna lag träder i kraft den 1 juli 2019.</P>\r\n<P class=\"p118 ft16\"><SPAN class=\"ft14\">2</SPAN><SPAN class=\"ft15\">Senaste lydelse 2018:1919.</SPAN></P>\r\n</DIV>\r\n</DIV>\r\n</DIV>\r\n<DIV id=\"page_15\">\r\n\r\n\r\n<TABLE cellpadding=0 cellspacing=0 class=\"t5\">\r\n<TR>\r\n\t<TD class=\"tr10 td54\"></TD>\r\n\t<TD rowspan=2 class=\"tr9 td29\"><SPAN class=\"p13 ft1\">Lagrådets yttrande</SPAN> </TD>\r\n\t<TD class=\"tr10 td9\"><SPAN class=\"p13 ft2\">Prop. 2018/19:61</SPAN> </TD>\r\n</TR>\r\n<TR>\r\n\t<TD class=\"tr7 td54\"></TD>\r\n\t<TD rowspan=2 class=\"tr2 td9\"><SPAN class=\"p13 ft2\">Bilaga 5</SPAN> </TD>\r\n</TR>\r\n<TR>\r\n\t<TD class=\"tr17 td54\"></TD>\r\n\t<TD class=\"tr17 td29\"><SPAN class=\"p13 ft27\"> </SPAN> </TD>\r\n</TR>\r\n<TR>\r\n\t<TD class=\"tr15 td54\"></TD>\r\n\t<TD class=\"tr15 td29\"><SPAN class=\"p13 ft2\">Utdrag ur protokoll vid sammanträde <NOBR>2019-03-19</NOBR></SPAN> </TD>\r\n\t<TD class=\"tr15 td9\"><SPAN class=\"p13 ft4\"> </SPAN> </TD>\r\n</TR>\r\n<TR>\r\n\t<TD class=\"tr18 td54\"></TD>\r\n\t<TD class=\"tr18 td29\"><SPAN class=\"p13 ft2\"><SPAN class=\"ft10\">Närvarande: </SPAN>F.d. justitierådet Ella Nyström samt justitieråden Erik</SPAN> </TD>\r\n\t<TD class=\"tr18 td9\"><SPAN class=\"p13 ft4\"> </SPAN> </TD>\r\n</TR>\r\n<TR>\r\n\t<TD class=\"tr4 td54\"></TD>\r\n\t<TD class=\"tr4 td29\"><SPAN class=\"p13 ft2\">Nymansson och Thomas Bull</SPAN> </TD>\r\n\t<TD class=\"tr4 td9\"><SPAN class=\"p13 ft4\"> </SPAN> </TD>\r\n</TR>\r\n<TR>\r\n\t<TD class=\"tr11 td54\"></TD>\r\n\t<TD class=\"tr11 td29\"><SPAN class=\"p13 ft10\">Ändring i offentlighets- och sekretesslagen med anledning av lagen om</SPAN> </TD>\r\n\t<TD class=\"tr11 td9\"><SPAN class=\"p13 ft4\"> </SPAN> </TD>\r\n</TR>\r\n<TR>\r\n\t<TD class=\"tr2 td54\"></TD>\r\n\t<TD class=\"tr2 td29\"><SPAN class=\"p13 ft10\">bostadsanpassningsbidrag</SPAN> </TD>\r\n\t<TD class=\"tr2 td9\"><SPAN class=\"p13 ft4\"> </SPAN> </TD>\r\n</TR>\r\n<TR>\r\n\t<TD class=\"tr18 td54\"></TD>\r\n\t<TD class=\"tr18 td29\"><SPAN class=\"p13 ft2\">Enligt en lagrådsremiss den 14 mars 2019 har regeringen</SPAN> </TD>\r\n\t<TD class=\"tr18 td9\"><SPAN class=\"p13 ft4\"> </SPAN> </TD>\r\n</TR>\r\n<TR>\r\n\t<TD class=\"tr4 td54\"></TD>\r\n\t<TD class=\"tr4 td29\"><SPAN class=\"p13 ft2\">(Socialdepartementet) beslutat inhämta Lagrådets yttrande över förslag till</SPAN> </TD>\r\n\t<TD class=\"tr4 td9\"><SPAN class=\"p13 ft4\"> </SPAN> </TD>\r\n</TR>\r\n<TR>\r\n\t<TD class=\"tr2 td54\"></TD>\r\n\t<TD class=\"tr2 td29\"><SPAN class=\"p13 ft2\">lag om ändring i offentlighets- och sekretesslagen (2009:400).</SPAN> </TD>\r\n\t<TD class=\"tr2 td9\"><SPAN class=\"p13 ft4\"> </SPAN> </TD>\r\n</TR>\r\n<TR>\r\n\t<TD class=\"tr11 td54\"></TD>\r\n\t<TD class=\"tr11 td29\"><SPAN class=\"p13 ft2\">Förslaget har inför Lagrådet föredragits av ämnesrådet Zandra Milton.</SPAN> </TD>\r\n\t<TD class=\"tr11 td9\"><SPAN class=\"p13 ft4\"> </SPAN> </TD>\r\n</TR>\r\n<TR>\r\n\t<TD class=\"tr18 td54\"></TD>\r\n\t<TD class=\"tr18 td29\"><SPAN class=\"p13 ft2\"><SPAN class=\"ft28\">Lagrådet</SPAN> lämnar förslaget utan erinran.</SPAN> </TD>\r\n\t<TD class=\"tr18 td9\"><SPAN class=\"p13 ft4\"> </SPAN> </TD>\r\n</TR>\r\n</TABLE>\r\n<P class=\"p119 ft2\">15</P>\r\n</DIV>\r\n<DIV id=\"page_16\">\r\n<DIV id=\"p16dimg1\">\r\n<INGENBILD zsrc=\"H6036116x1.jpg/\" id=\"p16img1\">\r\n</DIV>\r\n\r\n\r\n<DIV>\r\n<DIV id=\"id_1\">\r\n<P class=\"p120 ft2\">Prop. 2018/19:61</P>\r\n<P class=\"p12 ft2\">16</P>\r\n</DIV>\r\n<DIV id=\"id_2\">\r\n<P class=\"p11 ft1\">Socialdepartementet</P>\r\n<P class=\"p121 ft2\">Utdrag ur protokoll vid regeringssammanträde den 4 april 2019</P>\r\n<P class=\"p122 ft2\">Närvarande: statsminister Löfven, ordförande, och statsråden Lövin, Wallström, M Johansson, Baylan, Hallengren, Hultqvist, Andersson, Bolund, Damberg, Eriksson, Linde, Ekström, Eneroth, Dahlgren, Nilsson, Ernkrans, Lindhagen, Lind</P>\r\n<P class=\"p58 ft2\">Föredragande: statsrådet Lena Hallengren</P>\r\n<P class=\"p123 ft5\">Regeringen beslutar proposition Ändring i offentlighets- och sekretesslagen med anledning av lagen om bostadsanpassningsbidrag</P>\r\n</DIV>\r\n</DIV>\r\n</DIV>\r\n\r\n</div><style>\r\n\r\n\r\nTD,TD.p2h {\r\nzzzfont-size:90%;\r\nzzzmargin-right:2px;\r\nzzzoverflow:visable;\r\nzzzword-wrap: break-word;\r\n}\r\n\r\nP {\r\nzdisplay:block;\r\n}\r\n\r\n.divbreak {\r\nclear:both;\r\ndisplay:block;\r\nzwidth: 100%;\r\nzheight: 1px;\r\nzword-wrap: break-word;\r\n}\r\n\r\n\r\n.xecp {\r\n  display:block;\r\n  margin: 0px !important;\r\n  padding: 0px !important;\r\n  \r\n}\r\n\r\n.ec {\r\n  border-style:solid;\r\n  border-width:1px;\r\n  display:block;\r\n  margin: 0px !important;\r\n  padding: 0px !important;\r\n}\r\n\r\n.TOPS {\r\n  overflow:visable;\r\n  margin:2px;\r\n  width:690px !important;\r\n}\r\n\r\n</style>\r\n"},"dokforslag":{"forslag":{"nummer":"1","beteckning":"1","lydelse":"Riksdagen antar regeringens förslag till lag om ändring i offentlighets- och sekretesslagen (2009:400).","lydelse2":null,"utskottet":"Bifall","kammaren":"Bifall","behandlas_i":"2018/19:KU36","behandlas_i_punkt":null,"kammarbeslutstyp":null,"intressent":"KU","avsnitt":null,"grundforfattning":null,"andringsforfattning":null}},"dokaktivitet":{"aktivitet":[{"kod":"INL","namn":"Inlämnad","datum":"2019-04-09 00:00:00","status":"inträffat","ordning":"0","process":"behandling"},{"kod":"B","namn":"Bordlagd","datum":"2019-04-09 00:00:00","status":"inträffat","ordning":"0","process":"behandling"},{"kod":"HÄN","namn":"Hänvisad","datum":"2019-04-10 00:00:00","status":"inträffat","ordning":"0","process":"behandling"},{"kod":"MOT","namn":"Motionstid slutar","datum":"2019-04-24 00:00:00","status":"inträffat","ordning":"0","process":"behandling"}]},"dokintressent":{"intressent":[{"intressent_id":"0218878014918","namn":"Stefan Löfven","partibet":"S","ordning":"1","roll":"Statsråd1"},{"intressent_id":"0853395328224","namn":"Lena Hallengren","partibet":"S","ordning":"2","roll":"Statsråd2"}]},"dokuppgift":{"uppgift":[{"kod":"inlamnatav","namn":"Inlämnat av","text":"Socialdepartementet","dok_id":"H60361","systemdatum":"2019-05-15 16:47:53"},{"kod":"tilldelat","namn":"Tilldelat","text":"Konstitutionsutskottet","dok_id":"H60361","systemdatum":"2019-05-15 16:47:53"},{"kod":"statustext","namn":"statustext","text":"Propositionen bereds i utskott","dok_id":"H60361","systemdatum":"2019-04-10 08:31:35"}]},"dokbilaga":{"bilaga":{"dok_id":"H60361","titel":"Ändring i offentlighets- och sekretesslagen med anledning av lagen om bostadsanpassningsbidrag","subtitel":null,"filnamn":"prop_201819__61.pdf","filstorlek":"322983","filtyp":"pdf","fil_url":"http://data.riksdagen.se/fil/A031FB4F-B951-4BBD-95E3-8E27F0C7D13B"}},"dokreferens":{"referens":{"referenstyp":"behandlas_i","uppgift":"2018/19:KU36","ref_dok_id":"H601KU36","ref_dok_typ":"bet","ref_dok_rm":"2018/19","ref_dok_bet":"KU36","ref_dok_titel":"Ändring i offentlighets- och sekretesslagen med anledning av lagen om bostadsanpassningsbidrag","ref_dok_subtitel":null,"ref_dok_subtyp":"bet","ref_dok_dokumentnamn":"Betänkande"}},"debatt":null}}