{"dokumentstatus":{"dokument":{"hangar_id":"5035600","dok_id":"H603149","rm":"2018/19","beteckning":"149","typ":"prop","subtyp":"skr","doktyp":"prop","typrubrik":"Skrivelse 2018/19:149","dokumentnamn":"Skrivelse","debattnamn":"Proposition","tempbeteckning":"","organ":"Utrikesdepartementet","mottagare":"","nummer":"149","slutnummer":"0","datum":"2019-06-11 00:00:00","systemdatum":"2019-10-31 11:07:30","publicerad":"2019-06-11 00:00:00","titel":"Återkallelse av proposition 2017/18:285 Avtal om politisk dialog och samarbete mellan Europeiska unionen och dess medlemsstater, å ena sidan, och Republiken Kuba, å andra sidan","subtitel":"","status":"Klar","htmlformat":"html-ec","relaterat_id":"","source":"prop-RIM","sourceid":"7ae17a3d-3c02-4ed7-a71d-45f68dc55255","dokument_url_text":"http://data.riksdagen.se/dokument/H603149/text","dokument_url_html":"http://data.riksdagen.se/dokument/H603149","dokumentstatus_url_xml":"http://data.riksdagen.se/dokumentstatus/H603149","html":"<div style=\"margin:3px;\">\r\n<STYLE type=\"text/css\">\r\n\r\nbody {margin-top: 0px;margin-left: 0px;}\r\n\r\n#page_1 {position:relative; overflow: hidden;z:b;margin:10px 0px 21px 10px ;padding: 0px;border: none;width: 766px;}\r\n\r\n#page_1 #p1dimg1 {position:absolute;top:0px;left:546px;z-index:-1;width:54px;height:97px;}\r\n#page_1 #p1dimg1 #p1img1 {width:54px;height:97px;}\r\n\r\n\r\n\r\n\r\n#page_2 {position:relative; overflow: hidden;z:b;margin:16px 0px 21px 10px ;padding: 0px;border: none;width: 676px;}\r\n#page_2 #id_1 {float:left;border:none;z:b;margin:0px 0px 0px 10px ;padding: 0px;border:none;width: 90px;overflow: hidden;}\r\n#page_2 #id_2 {float:left;border:none;z:b;margin:1px 0px 0px 10px ;padding: 0px;border:none;width: 541px;overflow: hidden;}\r\n\r\n\r\n\r\n\r\n\r\n#page_3 {position:relative; overflow: hidden;z:b;margin:16px 0px 21px 10px ;padding: 0px;border: none;width: 766px;}\r\n\r\n#page_3 #p3dimg1 {position:absolute;top:204px;left:63px;z-index:-1;width:112px;height:1px;font-size: 1px !important;l-h:nHeight;}\r\n#page_3 #p3dimg1 #p3img1 {width:112px;height:1px;}\r\n\r\n\r\n\r\n\r\n.dclr {clear:both;float:none;height:1px;margin:0px;padding:0px;overflow:hidden;}\r\n\r\n.ft0{font:  18px 'Verdana' !important;l-h: 29px;}\r\n.ft1{font:  14px 'Verdana' !important;l-h: 22px;}\r\n.ft2{font:  10px 'Verdana' !important;l-h: 1px;}\r\n.ft3{font:  12px 'Verdana' !important;l-h: 15px;}\r\n.ft4{font: italic  12px 'Verdana' !important;l-h: 15px;}\r\n.ft5{font:  14px 'Verdana' !important;l-h: 23px;}\r\n\r\n.p0{text-align: left;padding-left: 0px;padding-right: 441px;margin-top: 26px;margin-bottom: 0px !important;}\r\n.p1{text-align: left;padding-left: 0px;margin-top: 0px;margin-bottom: 0px !important;white-space: nowrap;}\r\n.p2{text-align: left;padding-left: 0px;margin-top: 0px;margin-bottom: 0px !important;white-space: nowrap;}\r\n.p3{text-align: left;margin-top: 0px;margin-bottom: 0px !important;white-space: nowrap;}\r\n.p4{text-align: left;padding-left: 0px;margin-top: 20px;margin-bottom: 0px !important;}\r\n.p5{text-align: left;padding-left: 0px;margin-top: 16px;margin-bottom: 0px !important;}\r\n.p6{text-align: left;padding-left: 0px;margin-top: 31px;margin-bottom: 0px !important;}\r\n.p7{text-align: left;padding-left: 180px;padding-right: 378px;margin-top: 20px;margin-bottom: 0px !important;}\r\n.p8{text-align: right;padding-right: 42px;margin-top: 437px;margin-bottom: 0px !important;}\r\n.p9{text-align: left;margin-top: 0px;margin-bottom: 0px !important;}\r\n.p10{text-align: left;margin-top: 753px;margin-bottom: 0px !important;}\r\n.p11{text-align: left;padding-right: 84px;margin-top: 0px;margin-bottom: 0px !important;}\r\n.p12{text-align: left;padding-right: 63px;margin-top: 16px;margin-bottom: 0px !important;}\r\n.p13{text-align: left;margin-top: 17px;margin-bottom: 0px !important;}\r\n.p14{text-align: left;padding-right: 63px;margin-top: 15px;margin-bottom: 0px !important;}\r\n.p15{text-align: left;padding-left: 440px;margin-top: 0px;margin-bottom: 0px !important;}\r\n.p16{text-align: left;padding-left: 0px;margin-top: 33px;margin-bottom: 0px !important;}\r\n.p17{text-align: left;padding-left: 0px;margin-top: 14px;margin-bottom: 0px !important;}\r\n.p18{text-align: left;padding-left: 0px;padding-right: 168px;margin-top: 15px;margin-bottom: 0px !important;}\r\n.p19{text-align: left;padding-left: 0px;padding-right: 168px;margin-top: 76px;margin-bottom: 0px !important;}\r\n.p20{text-align: right;padding-right: 42px;margin-top: 471px;margin-bottom: 0px !important;}\r\n\r\n.td0{padding: 0px;margin: 0px;width: 405px;vertical-align: bottom;}\r\n.td1{padding: 0px;margin: 0px;width: 121px;vertical-align: bottom;}\r\n.td2{border-bottom: #000000 1px solid;padding: 0px;margin: 0px;width: 405px;vertical-align: bottom;}\r\n.td3{border-bottom: #000000 1px solid;padding: 0px;margin: 0px;width: 121px;vertical-align: bottom;}\r\n\r\n.tr0{heightzzz: 27px;}\r\n.tr1{heightzzz: 23px;}\r\n.tr2{heightzzz: 24px;}\r\n\r\n.t0{width: 552px;margin-leftZ: 69px;margin-top: 11px;f:20px 'Verdana' !important;}\r\n\r\n</STYLE>\r\n\r\n\r\n\r\n<DIV id=\"page_1\">\r\n<DIV id=\"p1dimg1\">\r\n<INGENBILD zsrc=\"H6031491x1.jpg/\" id=\"p1img1\">\r\n</DIV>\r\n\r\n\r\n<DIV class=\"dclr\"></DIV>\r\n<P class=\"p0 ft0\">Regeringens skrivelse 2018/19:149</P>\r\n<TABLE cellpadding=0 cellspacing=0 class=\"t0\">\r\n<TR>\r\n\t<TD class=\"tr0 td0\"><SPAN class=\"p1 ft1\">Återkallelse av proposition 2017/18:285 Avtal</SPAN> </TD>\r\n\t<TD class=\"tr0 td1\"><SPAN class=\"p2 ft1\">Skr.</SPAN> </TD>\r\n</TR>\r\n<TR>\r\n\t<TD class=\"tr1 td0\"><SPAN class=\"p1 ft1\">om politisk dialog och samarbete mellan</SPAN> </TD>\r\n\t<TD class=\"tr1 td1\"><SPAN class=\"p2 ft1\">2018/19:149</SPAN> </TD>\r\n</TR>\r\n<TR>\r\n\t<TD class=\"tr1 td0\"><SPAN class=\"p1 ft1\">Europeiska unionen och dess medlemsstater, å</SPAN> </TD>\r\n\t<TD class=\"tr1 td1\"><SPAN class=\"p3 ft2\"> </SPAN> </TD>\r\n</TR>\r\n<TR>\r\n\t<TD class=\"tr2 td2\"><SPAN class=\"p1 ft1\">ena sidan, och Republiken Kuba, å andra sidan</SPAN> </TD>\r\n\t<TD class=\"tr2 td3\"><SPAN class=\"p3 ft2\"> </SPAN> </TD>\r\n</TR>\r\n</TABLE>\r\n<P class=\"p4 ft3\">Regeringen överlämnar denna skrivelse till riksdagen.</P>\r\n<P class=\"p5 ft3\">Stockholm den 11 juni 2019</P>\r\n<P class=\"p6 ft4\">Stefan Löfven</P>\r\n<P class=\"p7 ft4\">Margot Wallström <SPAN class=\"ft3\">(Utrikesdepartementet)</SPAN></P>\r\n<P class=\"p8 ft3\">1</P>\r\n</DIV>\r\n<DIV id=\"page_2\">\r\n\r\n\r\n<DIV>\r\n<DIV id=\"id_1\">\r\n<P class=\"p9 ft3\">Skr. 2018/19:149</P>\r\n<P class=\"p10 ft3\">2</P>\r\n</DIV>\r\n<DIV id=\"id_2\">\r\n<P class=\"p11 ft5\">Återkallelse av proposition 2017/18:285 Avtal om politisk dialog och samarbete mellan Europeiska unionen och dess medlemsstater, å ena sidan, och Republiken Kuba, å andra sidan</P>\r\n<P class=\"p12 ft3\">Den 26 juli 2018 överlämnade regeringen propositionen 2017/18:285 Avtal om politisk dialog och samarbete mellan Europeiska unionen och dess medlemsstater, å ena sidan, och Republiken Kuba, å andra sidan till riksdagen. Propositionen är remitterad till Utrikesutskottet.</P>\r\n<P class=\"p13 ft4\">Ärendet till riksdagen</P>\r\n<P class=\"p14 ft3\">Regeringen återkallar propositionen 2017/18:285 Avtal om politisk dialog och samarbete mellan Europeiska unionen och dess medlemsstater, å ena sidan, och Republiken Kuba, å andra sidan.</P>\r\n</DIV>\r\n</DIV>\r\n</DIV>\r\n<DIV id=\"page_3\">\r\n<DIV id=\"p3dimg1\">\r\n<INGENBILD zsrc=\"H6031493x1.jpg/\" id=\"p3img1\">\r\n</DIV>\r\n\r\n\r\n<P class=\"p15 ft3\">Skr. 2018/19:149</P>\r\n<P class=\"p16 ft1\">Utrikesdepartementet</P>\r\n<P class=\"p17 ft3\">Utdrag ur protokoll vid regeringssammanträde den 11 juni 2019</P>\r\n<P class=\"p18 ft3\">Närvarande: statsminister Löfven, ordförande, och statsråden Wallström, Andersson, Strandhäll, Linde, Lindhagen, Lind</P>\r\n<P class=\"p5 ft3\">Föredragande: statsrådet Wallström</P>\r\n<P class=\"p19 ft3\">Regeringen beslutar skrivelse Återkallelse av proposition 2017/18:285 Avtal om politisk dialog och samarbete mellan Europeiska unionen och dess medlemsstater, å ena sidan, och Republiken Kuba, å andra sidan</P>\r\n<P class=\"p20 ft3\">3</P>\r\n</DIV>\r\n\r\n</div><style>\r\n\r\n\r\nTD,TD.p2h {\r\nzzzfont-size:90%;\r\nzzzmargin-right:2px;\r\nzzzoverflow:visable;\r\nzzzword-wrap: break-word;\r\n}\r\n\r\nP {\r\nzdisplay:block;\r\n}\r\n\r\n.divbreak {\r\nclear:both;\r\ndisplay:block;\r\nzwidth: 100%;\r\nzheight: 1px;\r\nzword-wrap: break-word;\r\n}\r\n\r\n\r\n.xecp {\r\n  display:block;\r\n  margin: 0px !important;\r\n  padding: 0px !important;\r\n  \r\n}\r\n\r\n.ec {\r\n  border-style:solid;\r\n  border-width:1px;\r\n  display:block;\r\n  margin: 0px !important;\r\n  padding: 0px !important;\r\n}\r\n\r\n.TOPS {\r\n  overflow:visable;\r\n  margin:2px;\r\n  width:690px !important;\r\n}\r\n\r\n</style>\r\n"},"dokaktivitet":{"aktivitet":[{"kod":"INL","namn":"Inlämnad","datum":"2019-06-11 00:00:00","status":"inträffat","ordning":"0","process":"behandling"},{"kod":"ÅTE","namn":"Återtagen","datum":"2019-06-12 00:00:00","status":"inträffat","ordning":"0","process":"behandling"},{"kod":"MOT","namn":"Motionstid slutar","datum":"2019-06-19 00:00:00","status":"inträffat","ordning":"0","process":"behandling"}]},"dokintressent":{"intressent":[{"intressent_id":"0218878014918","namn":"Stefan Löfven","partibet":"S","ordning":"1","roll":"Statsråd1"},{"intressent_id":"0740457070816","namn":"Margot Wallström","partibet":"S","ordning":"2","roll":"Statsråd2"}]},"dokuppgift":{"uppgift":[{"kod":"inlamnatav","namn":"Inlämnat av","text":"Utrikesdepartementet","dok_id":"H603149","systemdatum":"2019-10-31 11:07:30"},{"kod":"tilldelat","namn":"Tilldelat","text":null,"dok_id":"H603149","systemdatum":"2019-10-31 11:07:30"},{"kod":"statustext","namn":"statustext","text":"Skrivelsen är inlämnad","dok_id":"H603149","systemdatum":"2019-06-11 11:20:46"}]},"dokbilaga":{"bilaga":{"dok_id":"H603149","titel":"Återkallelse av proposition 2017/18:285 Avtal om politisk dialog och samarbete mellan Europeiska unionen och dess medlemsstater, å ena sidan, och Republiken Kuba, å andra sidan","subtitel":null,"filnamn":"skr_201819__149.pdf","filstorlek":"190938","filtyp":"pdf","fil_url":"http://data.riksdagen.se/fil/7B2D46E8-3121-45A7-BBAC-306C9A60EA52"}},"debatt":null}}