{"dokumentstatus":{"dokument":{"hangar_id":"5026745","dok_id":"H60374","rm":"2018/19","beteckning":"74","typ":"prop","subtyp":"prop","doktyp":"prop","typrubrik":"Proposition 2018/19:74","dokumentnamn":"Proposition","debattnamn":"Proposition","tempbeteckning":"","organ":"Utbildningsdepartementet","mottagare":"UbU","nummer":"74","slutnummer":"0","datum":"2019-03-19 00:00:00","systemdatum":"2019-06-04 15:47:19","publicerad":"2019-03-19 00:00:00","titel":"Ändring av sammansättningen av Skolväsendets överklagandenämnd","subtitel":"","status":"Klar","htmlformat":"html-ec","relaterat_id":"","source":"prop-RIM","sourceid":"0bf2c2e5-fc9a-400f-a7a0-3d05dd780ec3","dokument_url_text":"http://data.riksdagen.se/dokument/H60374/text","dokument_url_html":"http://data.riksdagen.se/dokument/H60374","dokumentstatus_url_xml":"http://data.riksdagen.se/dokumentstatus/H60374","html":"<div style=\"margin:3px;\">\r\n<STYLE type=\"text/css\">\r\n\r\nbody {margin-top: 0px;margin-left: 0px;}\r\n\r\n#page_1 {position:relative; overflow: hidden;z:b;margin:10px 0px 21px 10px ;padding: 0px;border: none;width: 766px;}\r\n\r\n#page_1 #p1dimg1 {position:absolute;top:0px;left:546px;z-index:-1;width:54px;height:97px;}\r\n#page_1 #p1dimg1 #p1img1 {width:54px;height:97px;}\r\n\r\n\r\n\r\n\r\n#page_2 {position:relative; overflow: hidden;z:b;margin:15px 0px 21px 10px ;padding: 0px;border: none;width: 676px;}\r\n#page_2 #id_1 {float:left;border:none;z:b;margin:0px 0px 0px 10px ;padding: 0px;border:none;width: 90px;overflow: hidden;}\r\n#page_2 #id_2 {float:left;border:none;z:b;margin:0px 0px 0px 10px ;padding: 0px;border:none;width: 541px;overflow: hidden;}\r\n\r\n\r\n\r\n\r\n\r\n#page_3 {position:relative; overflow: hidden;z:b;margin:15px 0px 21px 10px ;padding: 0px;border: none;width: 766px;}\r\n\r\n\r\n\r\n\r\n\r\n#page_4 {position:relative; overflow: hidden;z:b;margin:14px 0px 21px 10px ;padding: 0px;border: none;width: 766px;}\r\n#page_4 #id_1 {border:none;z:b;margin:0px 0px 0px 10px ;padding: 0px;border:none;width: 586px;overflow: hidden;}\r\n#page_4 #id_2 {border:none;z:b;margin:0px 0px 0px 10px ;padding: 0px;border:none;width: 451px;overflow: hidden;}\r\n#page_4 #id_2 #id_2_1 {float:left;border:none;z:b;margin:0px 0px 0px 10px ;padding: 0px;border:none;width: 225px;overflow: hidden;}\r\n#page_4 #id_2 #id_2_2 {float:left;border:none;z:b;margin:0px 0px 0px 10px ;padding: 0px;border:none;width: 225px;overflow: hidden;}\r\n#page_4 #id_3 {border:none;z:b;margin:10px 0px 0px 10px ;padding: 0px;border:none;width: 721px;overflow: hidden;}\r\n\r\n#page_4 #p4dimg1 {position:absolute;top:392px;left:168px;z-index:-1;width:123px;height:1px;font-size: 1px !important;l-h:nHeight;}\r\n#page_4 #p4dimg1 #p4img1 {width:123px;height:1px;}\r\n\r\n\r\n\r\n\r\n#page_5 {position:relative; overflow: hidden;z:b;margin:15px 0px 21px 10px ;padding: 0px;border: none;width: 766px;}\r\n\r\n\r\n\r\n\r\n\r\n#page_6 {position:relative; overflow: hidden;z:b;margin:15px 0px 21px 10px ;padding: 0px;border: none;width: 676px;}\r\n#page_6 #id_1 {float:left;border:none;z:b;margin:0px 0px 0px 10px ;padding: 0px;border:none;width: 90px;overflow: hidden;}\r\n#page_6 #id_2 {float:left;border:none;z:b;margin:0px 0px 0px 10px ;padding: 0px;border:none;width: 541px;overflow: hidden;}\r\n\r\n\r\n\r\n\r\n\r\n#page_7 {position:relative; overflow: hidden;z:b;margin:15px 0px 21px 10px ;padding: 0px;border: none;width: 586px;}\r\n\r\n\r\n\r\n\r\n\r\n#page_8 {position:relative; overflow: hidden;z:b;margin:15px 0px 21px 10px ;padding: 0px;border: none;width: 676px;}\r\n\r\n#page_8 #p8dimg1 {position:absolute;top:344px;left:105px;z-index:-1;width:394px;height:54px;}\r\n#page_8 #p8dimg1 #p8img1 {width:394px;height:54px;}\r\n\r\n\r\n\r\n\r\n#page_9 {position:relative; overflow: hidden;z:b;margin:14px 0px 21px 10px ;padding: 0px;border: none;width: 766px;}\r\n\r\n\r\n\r\n\r\n\r\n#page_10 {position:relative; overflow: hidden;z:b;margin:15px 0px 21px 10px ;padding: 0px;border: none;width: 721px;}\r\n#page_10 #id_1 {float:left;border:none;z:b;margin:0px 0px 0px 10px ;padding: 0px;border:none;width: 135px;overflow: hidden;}\r\n#page_10 #id_2 {float:left;border:none;z:b;margin:0px 0px 0px 10px ;padding: 0px;border:none;width: 541px;overflow: hidden;}\r\n\r\n\r\n\r\n\r\n\r\n#page_11 {position:relative; overflow: hidden;z:b;margin:15px 0px 21px 10px ;padding: 0px;border: none;width: 676px;}\r\n#page_11 #id_1 {float:left;border:none;z:b;margin:0px 0px 0px 10px ;padding: 0px;border:none;width: 451px;overflow: hidden;}\r\n#page_11 #id_2 {float:left;border:none;z:b;margin:1px 0px 0px 10px ;padding: 0px;border:none;width: 135px;overflow: hidden;}\r\n\r\n#page_11 #p11dimg1 {position:absolute;top:190px;left:0px;z-index:-1;width:112px;height:1px;font-size: 1px !important;l-h:nHeight;}\r\n#page_11 #p11dimg1 #p11img1 {width:112px;height:1px;}\r\n\r\n\r\n\r\n\r\n.dclr {clear:both;float:none;height:1px;margin:0px;padding:0px;overflow:hidden;}\r\n\r\n.ft0{font:  18px 'Verdana' !important;l-h: 32px;}\r\n.ft1{font:  14px 'Verdana' !important;l-h: 22px;}\r\n.ft2{font:  12px 'Verdana' !important;l-h: 15px;}\r\n.ft3{font: italic  12px 'Verdana' !important;l-h: 15px;}\r\n.ft4{font:  12px 'Verdana' !important;l-h: 15px;}\r\n.ft5{font:  10px 'Verdana' !important;l-h: 1px;}\r\n.ft6{font:  12px 'Verdana' !important;l-h: 17px;}\r\n.ft7{font:  14px 'Verdana' !important;l-h: 21px;}\r\n.ft8{font: bold  12px 'Verdana' !important;l-h: 15px;}\r\n.ft9{font:  14px 'Verdana' !important;l-h: 19px;}\r\n.ft10{font:  14px 'Verdana' !important;margin-left: 50px;l-h: 26px;}\r\n.ft11{font:  14px 'Verdana' !important;l-h: 26px;}\r\n.ft12{font: italic  12px 'Verdana' !important;l-h: 16px;}\r\n.ft13{font:  12px 'Verdana' !important;margin-left: 4px;l-h: 16px;}\r\n.ft14{font:  12px 'Verdana' !important;l-h: 16px;}\r\n.ft15{font:  12px 'Verdana' !important;l-h: 15px;}\r\n.ft16{font:  12px 'Verdana' !important;l-h: 14px;}\r\n.ft17{font:  10px 'Verdana' !important;l-h: 13px;}\r\n.ft18{font:  12px 'Verdana' !important;l-h: 13px;}\r\n.ft19{font:  10px 'Verdana' !important;l-h: 7px;}\r\n.ft20{font:  10px 'Verdana' !important;l-h: 2px;}\r\n.ft21{font:  10px 'Verdana' !important;l-h: 12px;}\r\n.ft22{font:  10px 'Verdana' !important;l-h: 12px;}\r\n.ft23{font:  10px 'Verdana' !important;l-h: 3px;}\r\n.ft24{font:  10px 'Verdana' !important;l-h: 6px;}\r\n.ft25{font: bold  12px 'Verdana' !important;l-h: 17px;}\r\n.ft26{font: bold  12px 'Verdana' !important;l-h: 16px;}\r\n.ft27{font:  14px 'Verdana' !important;l-h: 19px;}\r\n.ft28{font:  14px 'Verdana' !important;margin-left: 39px;l-h: 19px;}\r\n.ft29{font:  14px 'Verdana' !important;margin-left: 38px;l-h: 19px;}\r\n.ft30{font: bold  12px 'Verdana' !important;l-h: 15px;}\r\n.ft31{font: italic  12px 'Verdana' !important;l-h: 15px;}\r\n\r\n.p0{text-align: left;padding-left: 0px;padding-right: 420px;margin-top: 22px;margin-bottom: 0px !important;}\r\n.p1{text-align: left;padding-left: 0px;margin-top: 7px;margin-bottom: 0px !important;}\r\n.p2{text-align: left;padding-left: 0px;margin-top: 0px;margin-bottom: 0px !important;white-space: nowrap;}\r\n.p3{text-align: right;padding-right: 0px;margin-top: 0px;margin-bottom: 0px !important;white-space: nowrap;}\r\n.p4{text-align: left;padding-left: 0px;margin-top: 17px;margin-bottom: 0px !important;}\r\n.p5{text-align: left;padding-left: 0px;margin-top: 16px;margin-bottom: 0px !important;}\r\n.p6{text-align: left;padding-left: 0px;margin-top: 32px;margin-bottom: 0px !important;}\r\n.p7{text-align: left;padding-left: 180px;margin-top: 16px;margin-bottom: 0px !important;}\r\n.p8{text-align: left;padding-left: 180px;margin-top: 3px;margin-bottom: 0px !important;}\r\n.p9{text-align: left;padding-left: 0px;margin-top: 51px;margin-bottom: 0px !important;}\r\n.p10{text-align: left;padding-left: 0px;padding-right: 168px;margin-top: 27px;margin-bottom: 0px !important;}\r\n.p11{text-align: left;padding-left: 0px;margin-top: 4px;margin-bottom: 0px !important;}\r\n.p12{text-align: right;padding-right: 42px;margin-top: 274px;margin-bottom: 0px !important;}\r\n.p13{text-align: left;margin-top: 0px;margin-bottom: 0px !important;}\r\n.p14{text-align: left;margin-top: 752px;margin-bottom: 0px !important;}\r\n.p15{text-align: left;margin-top: 0px;margin-bottom: 0px !important;white-space: nowrap;}\r\n.p16{text-align: left;padding-left: 0px;margin-top: 0px;margin-bottom: 0px !important;white-space: nowrap;}\r\n.p17{text-align: right;padding-right: 1px;margin-top: 0px;margin-bottom: 0px !important;white-space: nowrap;}\r\n.p18{text-align: left;padding-left: 0px;margin-top: 0px;margin-bottom: 0px !important;white-space: nowrap;}\r\n.p19{text-align: right;margin-top: 0px;margin-bottom: 0px !important;white-space: nowrap;}\r\n.p20{text-align: right;padding-right: 21px;margin-top: 0px;margin-bottom: 0px !important;white-space: nowrap;}\r\n.p21{text-align: left;padding-left: 0px;margin-top: 0px;margin-bottom: 0px !important;white-space: nowrap;}\r\n.p22{text-align: left;padding-left: 0px;margin-top: 10px;margin-bottom: 0px !important;}\r\n.p23{text-align: left;padding-left: 0px;padding-right: 168px;margin-top: 3px;margin-bottom: 0px !important;text-indent: 11px;}\r\n.p24{text-align: right;padding-right: 42px;margin-top: 679px;margin-bottom: 0px !important;}\r\n.p25{text-align: left;padding-left: 0px;margin-top: 0px;margin-bottom: 0px !important;white-space: nowrap;}\r\n.p26{text-align: left;padding-left: 0px;margin-top: 0px;margin-bottom: 0px !important;white-space: nowrap;}\r\n.p27{text-align: left;padding-left: 0px;margin-top: 0px;margin-bottom: 0px !important;white-space: nowrap;}\r\n.p28{text-align: center;padding-right: 147px;margin-top: 0px;margin-bottom: 0px !important;white-space: nowrap;}\r\n.p29{text-align: right;padding-right: 189px;margin-top: 0px;margin-bottom: 0px !important;white-space: nowrap;}\r\n.p30{text-align: left;margin-top: 0px;margin-bottom: 0px !important;text-indent: 11px;}\r\n.p31{text-align: left;margin-top: 2px;margin-bottom: 0px !important;text-indent: 11px;}\r\n.p32{text-align: right;padding-right: 315px;margin-top: 0px;margin-bottom: 0px !important;}\r\n.p33{text-align: left;padding-left: 0px;margin-top: 352px;margin-bottom: 0px !important;}\r\n.p34{text-align: left;padding-left: 0px;padding-right: 168px;margin-top: 13px;margin-bottom: 0px !important;}\r\n.p35{text-align: left;padding-left: 0px;margin-top: 19px;margin-bottom: 0px !important;}\r\n.p36{text-align: left;padding-left: 0px;padding-right: 168px;margin-top: 12px;margin-bottom: 0px !important;}\r\n.p37{text-align: left;padding-left: 0px;padding-right: 168px;margin-top: 42px;margin-bottom: 0px !important;text-indent: 0.60px;}\r\n.p38{text-align: left;padding-left: 0px;padding-right: 189px;margin-top: 10px;margin-bottom: 0px !important;}\r\n.p39{text-align: left;padding-left: 0px;padding-right: 168px;margin-top: 0px;margin-bottom: 0px !important;}\r\n.p40{text-align: left;padding-left: 0px;padding-right: 147px;margin-top: 5px;margin-bottom: 0px !important;text-indent: 11px;}\r\n.p41{text-align: right;padding-right: 42px;margin-top: 21px;margin-bottom: 0px !important;}\r\n.p42{text-align: left;padding-right: 63px;margin-top: 3px;margin-bottom: 0px !important;}\r\n.p43{text-align: left;padding-right: 63px;margin-top: 2px;margin-bottom: 0px !important;text-indent: 11px;}\r\n.p44{text-align: left;padding-left: 0px;margin-top: 5px;margin-bottom: 0px !important;}\r\n.p45{text-align: left;padding-right: 63px;margin-top: 2px;margin-bottom: 0px !important;}\r\n.p46{text-align: right;padding-right: 0px;margin-top: 0px;margin-bottom: 0px !important;white-space: nowrap;}\r\n.p47{text-align: right;padding-right: 8px;margin-top: 0px;margin-bottom: 0px !important;white-space: nowrap;}\r\n.p48{text-align: left;padding-right: 63px;margin-top: 33px;margin-bottom: 0px !important;}\r\n.p49{text-align: left;padding-right: 6px;margin-top: 0px;margin-bottom: 0px !important;}\r\n.p50{text-align: right;padding-right: 0px;margin-top: 0px;margin-bottom: 0px !important;white-space: nowrap;}\r\n.p51{text-align: left;padding-left: 0px;margin-top: 0px;margin-bottom: 0px !important;white-space: nowrap;}\r\n.p52{text-align: left;padding-left: 0px;margin-top: 0px;margin-bottom: 0px !important;white-space: nowrap;}\r\n.p53{text-align: right;padding-right: 63px;margin-top: 0px;margin-bottom: 0px !important;white-space: nowrap;}\r\n.p54{text-align: left;padding-left: 0px;padding-right: 63px;margin-top: 0px;margin-bottom: 0px !important;text-indent: 0.112px;}\r\n.p55{text-align: left;padding-left: 0px;padding-right: 63px;margin-top: 2px;margin-bottom: 0px !important;text-indent: 11px;}\r\n.p56{text-align: left;padding-left: 0px;padding-right: 63px;margin-top: 1px;margin-bottom: 0px !important;text-indent: 11px;}\r\n.p57{text-align: left;padding-left: 140px;padding-right: 273px;margin-top: 44px;margin-bottom: 0px !important;text-indent: 0.60px;}\r\n.p58{text-align: left;padding-left: 0px;padding-right: 63px;margin-top: 11px;margin-bottom: 0px !important;text-indent: 0.10px;}\r\n.p59{text-align: left;padding-left: 0px;margin-top: 0px;margin-bottom: 0px !important;}\r\n.p60{text-align: left;padding-left: 0px;padding-right: 63px;margin-top: 8px;margin-bottom: 0px !important;text-indent: 11px;}\r\n.p61{text-align: left;padding-left: 0px;padding-right: 63px;margin-top: 0px;margin-bottom: 0px !important;text-indent: 11px;}\r\n.p62{text-align: left;padding-left: 0px;margin-top: 45px;margin-bottom: 0px !important;}\r\n.p63{text-align: left;padding-left: 0px;margin-top: 17px;margin-bottom: 0px !important;}\r\n.p64{text-align: left;padding-left: 0px;padding-right: 63px;margin-top: 12px;margin-bottom: 0px !important;}\r\n.p65{text-align: left;margin-top: 31px;margin-bottom: 0px !important;}\r\n.p66{text-align: right;padding-right: 0px;margin-top: 0px;margin-bottom: 0px !important;white-space: nowrap;}\r\n.p67{text-align: left;padding-left: 0px;margin-top: 0px;margin-bottom: 0px !important;white-space: nowrap;}\r\n.p68{text-align: left;padding-left: 0px;padding-right: 168px;margin-top: 6px;margin-bottom: 0px !important;}\r\n.p69{text-align: left;padding-left: 0px;margin-top: 29px;margin-bottom: 0px !important;}\r\n.p70{text-align: left;padding-left: 0px;padding-right: 168px;margin-top: 10px;margin-bottom: 0px !important;}\r\n.p71{text-align: left;padding-left: 0px;padding-right: 168px;margin-top: 1px;margin-bottom: 0px !important;text-indent: 11px;}\r\n.p72{text-align: left;padding-left: 0px;padding-right: 168px;margin-top: 4px;margin-bottom: 0px !important;text-indent: 11px;}\r\n.p73{text-align: right;padding-right: 42px;margin-top: 390px;margin-bottom: 0px !important;}\r\n.p74{text-align: left;padding-left: 0px;margin-top: 0px;margin-bottom: 0px !important;}\r\n.p75{text-align: left;margin-top: 17px;margin-bottom: 0px !important;}\r\n.p76{text-align: left;margin-top: 9px;margin-bottom: 0px !important;}\r\n.p77{text-align: left;padding-right: 63px;margin-top: 4px;margin-bottom: 0px !important;}\r\n.p78{text-align: left;padding-right: 63px;margin-top: 7px;margin-bottom: 0px !important;}\r\n.p79{text-align: left;padding-right: 63px;margin-top: 1px;margin-bottom: 0px !important;text-indent: 11px;}\r\n.p80{text-align: left;margin-top: 15px;margin-bottom: 0px !important;}\r\n.p81{text-align: left;padding-right: 0px;margin-top: 15px;margin-bottom: 0px !important;}\r\n.p82{text-align: left;margin-top: 13px;margin-bottom: 0px !important;}\r\n.p83{text-align: left;padding-right: 42px;margin-top: 76px;margin-bottom: 0px !important;}\r\n.p84{text-align: right;padding-right: 42px;margin-top: 752px;margin-bottom: 0px !important;}\r\n\r\n.td0{border-bottom: #000000 1px solid;padding: 0px;margin: 0px;width: 294px;vertical-align: bottom;}\r\n.td1{border-bottom: #000000 1px solid;padding: 0px;margin: 0px;width: 233px;vertical-align: bottom;}\r\n.td2{padding: 0px;margin: 0px;width: 6px;vertical-align: bottom;}\r\n.td3{padding: 0px;margin: 0px;width: 390px;vertical-align: bottom;}\r\n.td4{padding: 0px;margin: 0px;width: 14px;vertical-align: bottom;}\r\n.td5{padding: 0px;margin: 0px;width: 55px;vertical-align: bottom;}\r\n.td6{padding: 0px;margin: 0px;width: 334px;vertical-align: bottom;}\r\n.td7{padding: 0px;margin: 0px;width: 396px;vertical-align: bottom;}\r\n.td8{padding: 0px;margin: 0px;width: 36px;vertical-align: bottom;}\r\n.td9{padding: 0px;margin: 0px;width: 389px;vertical-align: bottom;}\r\n.td10{padding: 0px;margin: 0px;width: 97px;vertical-align: bottom;}\r\n.td11{padding: 0px;margin: 0px;width: 172px;vertical-align: bottom;}\r\n.td12{padding: 0px;margin: 0px;width: 360px;vertical-align: bottom;}\r\n.td13{padding: 0px;margin: 0px;width: 103px;vertical-align: bottom;}\r\n.td14{padding: 0px;margin: 0px;width: 256px;vertical-align: bottom;}\r\n.td15{padding: 0px;margin: 0px;width: 532px;vertical-align: bottom;}\r\n.td16{padding: 0px;margin: 0px;width: 276px;vertical-align: bottom;}\r\n.td17{padding: 0px;margin: 0px;width: 78px;vertical-align: bottom;}\r\n.td18{padding: 0px;margin: 0px;width: 174px;vertical-align: bottom;}\r\n.td19{padding: 0px;margin: 0px;width: 30px;vertical-align: bottom;}\r\n.td20{padding: 0px;margin: 0px;width: 40px;vertical-align: bottom;}\r\n.td21{padding: 0px;margin: 0px;width: 39px;vertical-align: bottom;}\r\n.td22{padding: 0px;margin: 0px;width: 48px;vertical-align: bottom;}\r\n.td23{padding: 0px;margin: 0px;width: 285px;vertical-align: bottom;}\r\n.td24{padding: 0px;margin: 0px;width: 122px;vertical-align: bottom;}\r\n.td25{padding: 0px;margin: 0px;width: 51px;vertical-align: bottom;}\r\n.td26{border-bottom: #000000 1px solid;padding: 0px;margin: 0px;width: 78px;vertical-align: bottom;}\r\n.td27{border-bottom: #000000 1px solid;padding: 0px;margin: 0px;width: 9px;vertical-align: bottom;}\r\n.td28{border-bottom: #000000 1px solid;padding: 0px;margin: 0px;width: 32px;vertical-align: bottom;}\r\n.td29{border-bottom: #000000 1px solid;padding: 0px;margin: 0px;width: 39px;vertical-align: bottom;}\r\n.td30{border-bottom: #000000 1px solid;padding: 0px;margin: 0px;width: 40px;vertical-align: bottom;}\r\n.td31{border-bottom: #000000 1px solid;padding: 0px;margin: 0px;width: 51px;vertical-align: bottom;}\r\n.td32{border-bottom: #000000 1px solid;padding: 0px;margin: 0px;width: 30px;vertical-align: bottom;}\r\n.td33{border-bottom: #000000 1px solid;padding: 0px;margin: 0px;width: 48px;vertical-align: bottom;}\r\n.td34{padding: 0px;margin: 0px;width: 9px;vertical-align: bottom;}\r\n.td35{padding: 0px;margin: 0px;width: 32px;vertical-align: bottom;}\r\n.td36{border-bottom: #000000 1px solid;padding: 0px;margin: 0px;width: 88px;vertical-align: bottom;}\r\n.td37{padding: 0px;margin: 0px;width: 88px;vertical-align: bottom;}\r\n.td38{padding: 0px;margin: 0px;width: 27px;vertical-align: bottom;}\r\n.td39{padding: 0px;margin: 0px;width: 386px;vertical-align: bottom;}\r\n.td40{padding: 0px;margin: 0px;width: 116px;vertical-align: bottom;}\r\n.td41{border-bottom: #000000 1px solid;padding: 0px;margin: 0px;width: 413px;vertical-align: bottom;}\r\n.td42{border-left: #000000 1px solid;border-right: #000000 1px solid;padding: 0px;margin: 0px;width: 411px;vertical-align: bottom;}\r\n.td43{border-left: #000000 1px solid;border-right: #000000 1px solid;border-bottom: #000000 1px solid;padding: 0px;margin: 0px;width: 411px;vertical-align: bottom;}\r\n.td44{padding: 0px;margin: 0px;width: 413px;vertical-align: bottom;}\r\n.td45{padding: 0px;margin: 0px;width: 43px;vertical-align: bottom;}\r\n.td46{padding: 0px;margin: 0px;width: 383px;vertical-align: bottom;}\r\n\r\n.tr0{heightzzz: 32px;}\r\n.tr1{heightzzz: 21px;}\r\n.tr2{heightzzz: 22px;}\r\n.tr3{heightzzz: 18px;}\r\n.tr4{heightzzz: 20px;}\r\n.tr5{heightzzz: 16px;}\r\n.tr6{heightzzz: 15px;}\r\n.tr7{heightzzz: 27px;}\r\n.tr8{heightzzz: 30px;}\r\n.tr9{heightzzz: 29px;}\r\n.tr10{heightzzz: 17px;}\r\n.tr11{heightzzz: 19px;}\r\n.tr12{heightzzz: 13px;}\r\n.tr13{heightzzz: 7px;}\r\n.tr14{heightzzz: 2px;}\r\n.tr15{heightzzz: 31px;}\r\n.tr16{heightzzz: 23px;}\r\n.tr17{heightzzz: 12px;}\r\n.tr18{heightzzz: 3px;}\r\n.tr19{heightzzz: 6px;}\r\n\r\n.t0{width: 552px;margin-leftZ: 69px;f:20px 'Verdana' !important;}\r\n.t1{width: 431px;margin-top: 17px;f:13px 'Verdana' !important;}\r\n.t2{width: 548px;margin-leftZ: 68px;f:20px 'Verdana' !important;}\r\n.t3{width: 557px;f:13px 'Verdana' !important;}\r\n.t4{width: 432px;margin-top: 11px;f:12px 'Verdana' !important;}\r\n.t5{width: 555px;margin-top: 38px;f:13px 'Verdana' !important;}\r\n.t6{width: 548px;margin-leftZ: 68px;f:17px 'Verdana' !important;}\r\n\r\n</STYLE>\r\n\r\n\r\n\r\n<DIV id=\"page_1\">\r\n<DIV id=\"p1dimg1\">\r\n<INGENBILD zsrc=\"H603741x1.jpg/\" id=\"p1img1\">\r\n</DIV>\r\n\r\n\r\n<DIV class=\"dclr\"></DIV>\r\n<P class=\"p0 ft0\">Regeringens proposition 2018/19:74</P>\r\n<P class=\"p1 ft1\">Ändring av sammansättningen av Skolväsendets Prop.</P>\r\n<TABLE cellpadding=0 cellspacing=0 class=\"t0\">\r\n<TR>\r\n\t<TD class=\"tr0 td0\"><SPAN class=\"p2 ft1\">överklagandenämnd</SPAN> </TD>\r\n\t<TD class=\"tr0 td1\"><SPAN class=\"p3 ft1\">2018/19:74</SPAN> </TD>\r\n</TR>\r\n</TABLE>\r\n<P class=\"p4 ft2\">Regeringen överlämnar denna proposition till riksdagen.</P>\r\n<P class=\"p5 ft2\">Stockholm den 14 mars 2019</P>\r\n<P class=\"p6 ft3\">Stefan Löfven</P>\r\n<P class=\"p7 ft3\">Matilda Ernkrans</P>\r\n<P class=\"p8 ft2\">(Utbildningsdepartementet)</P>\r\n<P class=\"p9 ft1\">Propositionens huvudsakliga innehåll</P>\r\n<P class=\"p10 ft2\">I propositionen föreslås en ändring av bestämmelsen i skollagen (2010:800) om sammansättningen av ledamöter i Skolväsendets överklagandenämnd. Ändringen innebär att det ska finnas möjlighet att vid behov utse två ersättare för ordföranden i stället för en. Vidare ändras benämningen ersättare för ordföranden till vice ordförande för att följa myndighetsförordningens terminologi.</P>\r\n<P class=\"p11 ft2\">Lagändringen föreslås träda i kraft den 1 juli 2019.</P>\r\n<P class=\"p12 ft2\">1</P>\r\n</DIV>\r\n<DIV id=\"page_2\">\r\n\r\n\r\n<DIV>\r\n<DIV id=\"id_1\">\r\n<P class=\"p13 ft2\">Prop. 2018/19:74</P>\r\n<P class=\"p14 ft2\">2</P>\r\n</DIV>\r\n<DIV id=\"id_2\">\r\n<P class=\"p13 ft1\">Innehållsförteckning</P>\r\n<TABLE cellpadding=0 cellspacing=0 class=\"t1\">\r\n<TR>\r\n\t<TD class=\"tr1 td2\"><SPAN class=\"p15 ft2\"><A href=\"#page_3\">1</A></SPAN> </TD>\r\n\t<TD colspan=2 class=\"tr1 td3\"><SPAN class=\"p16 ft2\"><A href=\"#page_3\">Förslag till riksdagsbeslut .................................................................</A></SPAN> </TD>\r\n\t<TD class=\"tr1 td4\"><SPAN class=\"p17 ft2\"><A href=\"#page_3\">3</A></SPAN> </TD>\r\n</TR>\r\n<TR>\r\n\t<TD class=\"tr2 td2\"><SPAN class=\"p15 ft2\"><A href=\"#page_4\">2</A></SPAN> </TD>\r\n\t<TD colspan=2 class=\"tr2 td3\"><SPAN class=\"p16 ft2\"><A href=\"#page_4\">Förslag till lag om ändring i skollagen (2010:800) ...........................</A></SPAN> </TD>\r\n\t<TD class=\"tr2 td4\"><SPAN class=\"p17 ft2\"><A href=\"#page_4\">4</A></SPAN> </TD>\r\n</TR>\r\n<TR>\r\n\t<TD class=\"tr2 td2\"><SPAN class=\"p15 ft2\"><A href=\"#page_5\">3</A></SPAN> </TD>\r\n\t<TD colspan=2 class=\"tr2 td3\"><SPAN class=\"p16 ft2\"><A href=\"#page_5\">Ärendet och dess beredning ..............................................................</A></SPAN> </TD>\r\n\t<TD class=\"tr2 td4\"><SPAN class=\"p17 ft2\"><A href=\"#page_5\">5</A></SPAN> </TD>\r\n</TR>\r\n<TR>\r\n\t<TD class=\"tr2 td2\"><SPAN class=\"p15 ft2\"><A href=\"#page_5\">4</A></SPAN> </TD>\r\n\t<TD colspan=2 class=\"tr2 td3\"><SPAN class=\"p16 ft4\"><A href=\"#page_5\">Antalet ärenden har ökat i Skolväsendets överklagandenämnd ........</A></SPAN> </TD>\r\n\t<TD class=\"tr2 td4\"><SPAN class=\"p17 ft2\"><A href=\"#page_5\">5</A></SPAN> </TD>\r\n</TR>\r\n<TR>\r\n\t<TD class=\"tr1 td2\"><SPAN class=\"p15 ft2\"><A href=\"#page_7\">5</A></SPAN> </TD>\r\n\t<TD colspan=2 class=\"tr1 td3\"><SPAN class=\"p16 ft2\"><A href=\"#page_7\">Skolväsendets överklagandenämnd ska vid behov kunna</A></SPAN> </TD>\r\n\t<TD class=\"tr1 td4\"><SPAN class=\"p15 ft5\"> </SPAN> </TD>\r\n</TR>\r\n<TR>\r\n\t<TD class=\"tr3 td2\"><SPAN class=\"p15 ft5\"> </SPAN> </TD>\r\n\t<TD colspan=2 class=\"tr3 td3\"><SPAN class=\"p16 ft2\"><A href=\"#page_7\">förstärkas med ytterligare en vice ordförande...................................</A></SPAN> </TD>\r\n\t<TD class=\"tr3 td4\"><SPAN class=\"p17 ft2\"><A href=\"#page_7\">7</A></SPAN> </TD>\r\n</TR>\r\n<TR>\r\n\t<TD class=\"tr1 td2\"><SPAN class=\"p15 ft2\"><A href=\"#page_8\">6</A></SPAN> </TD>\r\n\t<TD colspan=2 class=\"tr1 td3\"><SPAN class=\"p16 ft2\"><A href=\"#page_8\">Ikraftträdande- och övergångsbestämmelser.....................................</A></SPAN> </TD>\r\n\t<TD class=\"tr1 td4\"><SPAN class=\"p17 ft2\"><A href=\"#page_8\">8</A></SPAN> </TD>\r\n</TR>\r\n<TR>\r\n\t<TD class=\"tr4 td2\"><SPAN class=\"p15 ft2\"><A href=\"#page_8\">7</A></SPAN> </TD>\r\n\t<TD colspan=2 class=\"tr4 td3\"><SPAN class=\"p16 ft2\"><A href=\"#page_8\">Konsekvenser....................................................................................</A></SPAN> </TD>\r\n\t<TD class=\"tr4 td4\"><SPAN class=\"p17 ft2\"><A href=\"#page_8\">8</A></SPAN> </TD>\r\n</TR>\r\n<TR>\r\n\t<TD class=\"tr5 td2\"><SPAN class=\"p15 ft5\"> </SPAN> </TD>\r\n\t<TD class=\"tr5 td5\"><SPAN class=\"p16 ft2\"><A href=\"#page_8\">7.1</A></SPAN> </TD>\r\n\t<TD class=\"tr5 td6\"><SPAN class=\"p18 ft2\"><A href=\"#page_8\">Ekonomiska konsekvenser .................................................</A></SPAN> </TD>\r\n\t<TD class=\"tr5 td4\"><SPAN class=\"p17 ft2\"><A href=\"#page_8\">8</A></SPAN> </TD>\r\n</TR>\r\n<TR>\r\n\t<TD class=\"tr6 td2\"><SPAN class=\"p15 ft5\"> </SPAN> </TD>\r\n\t<TD class=\"tr6 td5\"><SPAN class=\"p16 ft2\"><A href=\"#page_9\">7.2</A></SPAN> </TD>\r\n\t<TD class=\"tr6 td6\"><SPAN class=\"p18 ft2\"><A href=\"#page_9\">Konsekvenser för barn, elever och deras familjer ..............</A></SPAN> </TD>\r\n\t<TD class=\"tr6 td4\"><SPAN class=\"p17 ft2\"><A href=\"#page_9\">9</A></SPAN> </TD>\r\n</TR>\r\n<TR>\r\n\t<TD class=\"tr3 td2\"><SPAN class=\"p15 ft5\"> </SPAN> </TD>\r\n\t<TD class=\"tr3 td5\"><SPAN class=\"p16 ft2\"><A href=\"#page_9\">7.3</A></SPAN> </TD>\r\n\t<TD class=\"tr3 td6\"><SPAN class=\"p18 ft2\"><A href=\"#page_9\">Övriga konsekvenser ..........................................................</A></SPAN> </TD>\r\n\t<TD class=\"tr3 td4\"><SPAN class=\"p17 ft2\"><A href=\"#page_9\">9</A></SPAN> </TD>\r\n</TR>\r\n<TR>\r\n\t<TD class=\"tr1 td2\"><SPAN class=\"p15 ft2\"><A href=\"#page_10\">8</A></SPAN> </TD>\r\n\t<TD colspan=2 class=\"tr1 td3\"><SPAN class=\"p16 ft2\"><A href=\"#page_10\">Författningskommentar...................................................................</A></SPAN> </TD>\r\n\t<TD class=\"tr1 td4\"><SPAN class=\"p19 ft2\"><A href=\"#page_10\">10</A></SPAN> </TD>\r\n</TR>\r\n<TR>\r\n\t<TD colspan=3 class=\"tr2 td7\"><SPAN class=\"p15 ft2\"><A href=\"#page_11\">Utdrag ur protokoll vid regeringssammanträde den 14 mars 2019.........</A></SPAN> </TD>\r\n\t<TD class=\"tr2 td4\"><SPAN class=\"p19 ft2\"><A href=\"#page_11\">11</A></SPAN> </TD>\r\n</TR>\r\n</TABLE>\r\n</DIV>\r\n</DIV>\r\n</DIV>\r\n<DIV id=\"page_3\">\r\n\r\n\r\n<TABLE cellpadding=0 cellspacing=0 class=\"t2\">\r\n<TR>\r\n\t<TD class=\"tr7 td8\"><SPAN class=\"p20 ft1\">1</SPAN> </TD>\r\n\t<TD class=\"tr7 td9\"><SPAN class=\"p21 ft1\">Förslag till riksdagsbeslut</SPAN> </TD>\r\n\t<TD class=\"tr7 td10\"><SPAN class=\"p15 ft2\">Prop. 2018/19:74</SPAN> </TD>\r\n</TR>\r\n</TABLE>\r\n<P class=\"p22 ft2\">Regeringens förslag:</P>\r\n<P class=\"p23 ft6\">Riksdagen antar regeringens förslag till lag om ändring i skollagen (2010:800).</P>\r\n<P class=\"p24 ft2\">3</P>\r\n</DIV>\r\n<DIV id=\"page_4\">\r\n<DIV id=\"p4dimg1\">\r\n<INGENBILD zsrc=\"H603744x1.jpg/\" id=\"p4img1\">\r\n</DIV>\r\n\r\n\r\n<DIV id=\"id_1\">\r\n<TABLE cellpadding=0 cellspacing=0 class=\"t3\">\r\n<TR>\r\n\t<TD class=\"tr0 td11\"><SPAN class=\"p15 ft2\">Prop. 2018/19:74 <SPAN class=\"ft1\">2</SPAN></SPAN> </TD>\r\n\t<TD colspan=2 class=\"tr0 td12\"><SPAN class=\"p25 ft1\">Förslag till lag om ändring i skollagen</SPAN> </TD>\r\n</TR>\r\n<TR>\r\n\t<TD class=\"tr7 td11\"><SPAN class=\"p15 ft5\"> </SPAN> </TD>\r\n\t<TD class=\"tr7 td13\"><SPAN class=\"p25 ft7\">(2010:800)</SPAN> </TD>\r\n\t<TD class=\"tr7 td14\"><SPAN class=\"p15 ft5\"> </SPAN> </TD>\r\n</TR>\r\n<TR>\r\n\t<TD colspan=3 class=\"tr7 td15\"><SPAN class=\"p26 ft2\">Härigenom föreskrivs att 27 kap. 2 § skollagen (2010:800) ska ha följande</SPAN> </TD>\r\n</TR>\r\n<TR>\r\n\t<TD class=\"tr3 td11\"><SPAN class=\"p26 ft2\">lydelse.</SPAN> </TD>\r\n\t<TD class=\"tr3 td13\"><SPAN class=\"p15 ft5\"> </SPAN> </TD>\r\n\t<TD class=\"tr3 td14\"><SPAN class=\"p15 ft5\"> </SPAN> </TD>\r\n</TR>\r\n<TR>\r\n\t<TD colspan=2 class=\"tr8 td16\"><SPAN class=\"p26 ft3\">Nuvarande lydelse</SPAN> </TD>\r\n\t<TD class=\"tr8 td14\"><SPAN class=\"p27 ft3\">Föreslagen lydelse</SPAN> </TD>\r\n</TR>\r\n<TR>\r\n\t<TD class=\"tr9 td11\"><SPAN class=\"p15 ft5\"> </SPAN> </TD>\r\n\t<TD class=\"tr9 td13\"><SPAN class=\"p15 ft5\"> </SPAN> </TD>\r\n\t<TD class=\"tr9 td14\"><SPAN class=\"p28 ft8\">27 kap.</SPAN> </TD>\r\n</TR>\r\n<TR>\r\n\t<TD class=\"tr5 td11\"><SPAN class=\"p15 ft5\"> </SPAN> </TD>\r\n\t<TD class=\"tr5 td13\"><SPAN class=\"p15 ft5\"> </SPAN> </TD>\r\n\t<TD class=\"tr5 td14\"><SPAN class=\"p29 ft2\">2 §</SPAN> </TD>\r\n</TR>\r\n</TABLE>\r\n</DIV>\r\n<DIV id=\"id_2\">\r\n<DIV id=\"id_2_1\">\r\n<P class=\"p30 ft2\">Nämnden ska bestå av en ordförande och <SPAN class=\"ft3\">fem </SPAN>andra ledamöter, <SPAN class=\"ft3\">av vilka en ska vara ersättare för ordföranden</SPAN>. Ordföranden och <SPAN class=\"ft3\">ersättaren för ordföranden </SPAN>ska vara eller ha varit ordinarie domare. Övriga ledamöter ska ha särskild sakkunskap både <SPAN class=\"ft3\">vad gäller </SPAN>barns och elevers förhållanden och behov och <SPAN class=\"ft3\">vad gäller </SPAN>skolverksamheten i övrigt.</P>\r\n<P class=\"p31 ft6\">Det ska finnas högst två ersättare för de övriga ledamöterna.</P>\r\n</DIV>\r\n<DIV id=\"id_2_2\">\r\n<P class=\"p30 ft2\">Nämnden ska bestå av en ordförande, <SPAN class=\"ft3\">en eller två vice ordförande </SPAN>och <SPAN class=\"ft3\">fyra </SPAN>andra ledamöter. Ordföranden och <SPAN class=\"ft3\">vice ordförandena </SPAN>ska vara eller ha varit ordinarie domare. Övriga ledamöter ska ha särskild sakkunskap både <SPAN class=\"ft3\">om </SPAN>barns och elevers förhållanden och behov och <SPAN class=\"ft3\">om </SPAN>skolverksamheten i övrigt. Det ska finnas högst två ersättare för de övriga ledamöterna.</P>\r\n</DIV>\r\n</DIV>\r\n<DIV id=\"id_3\">\r\n<P class=\"p32 ft2\">Denna lag träder i kraft den 1 juli 2019.</P>\r\n<P class=\"p33 ft2\">4</P>\r\n</DIV>\r\n</DIV>\r\n<DIV id=\"page_5\">\r\n\r\n\r\n<TABLE cellpadding=0 cellspacing=0 class=\"t2\">\r\n<TR>\r\n\t<TD class=\"tr7 td8\"><SPAN class=\"p20 ft1\">3</SPAN> </TD>\r\n\t<TD class=\"tr7 td9\"><SPAN class=\"p21 ft1\">Ärendet och dess beredning</SPAN> </TD>\r\n\t<TD class=\"tr7 td10\"><SPAN class=\"p15 ft2\">Prop. 2018/19:74</SPAN> </TD>\r\n</TR>\r\n</TABLE>\r\n<P class=\"p34 ft2\">Antalet ärenden i Skolväsendets överklagandenämnd har ökat och det finns behov av att möjliggöra en förstärkning av nämndens organisation. Promemorian Ändring av en bestämmelse i skollagen om sammansättningen av Skolväsendets överklagandenämnd (U2018/04402/GV) har därför utarbetats inom Utbildningsdepartementet. Promemorian innehåller förslag till en lagändring som gör det möjligt att utse två vice ordförande i stället för nuvarande en i nämnden. Promemorians lagförslag överensstämmer med propositionens. Promemorian har remissbehandlats. Skolväsendets överklagandenämnd och Statens skolinspektion har kommit in med yttranden över promemorian. Remissyttrandena finns tillgängliga i Utbildningsdepartementet (U2018/04402/GV).</P>\r\n<P class=\"p35 ft9\">Lagrådet</P>\r\n<P class=\"p36 ft6\">Lagförslaget är författningstekniskt och även i övrigt av sådan beskaffenhet att Lagrådets hörande skulle sakna betydelse. Regeringen har därför inte inhämtat Lagrådets yttrande.</P>\r\n<P class=\"p37 ft11\"><SPAN class=\"ft1\">4</SPAN><SPAN class=\"ft10\">Antalet ärenden har ökat i Skolväsendets överklagandenämnd</SPAN></P>\r\n<P class=\"p38 ft12\">Skolväsendets överklagandenämnd är en nämndmyndighet med sex ledamöter</P>\r\n<P class=\"p39 ft2\">Grundläggande bestämmelser om Skolväsendets överklagandenämnd (ÖKN) finns i 27 kap. skollagen (2010:800). Nämnden prövar överklaganden av vissa beslut på skolväsendets område enligt bestämmelserna i 28 kap. <NOBR>12–17</NOBR> §§ skollagen. Det gäller exempelvis beslut av kommunala och enskilda huvudmän, Specialpedagogiska skolmyndigheten, Sameskolstyrelsen och rektorer om bl.a. mottagande eller placering av elever i viss skola eller skolform.</P>\r\n<P class=\"p40 ft4\">Enligt nuvarande bestämmelser ska nämnden bestå av en ordförande och fem andra ledamöter, av vilka en ska vara ersättare för ordföranden. Ordföranden och ersättaren för ordföranden ska vara eller ha varit ordinarie domare. Övriga ledamöter ska ha särskild sakkunskap både vad gäller barns och elevers förhållanden och behov och vad gäller skolverksamheten i övrigt. Det ska finnas högst två ersättare för de övriga ledamöterna. Ledamöterna i nämnden och deras ersättare utses av regeringen för en period om minst tre år (27 kap. <NOBR>1–3</NOBR> §§ skollagen). Närmare bestämmelser om nämnden finns i förordningen (2007:948) med instruktion för Skolväsendets överklagandenämnd. Där föreskrivs bl.a. att nämnden i arbetsordningen får meddela föreskrifter om att ordföranden eller vice ordföranden får avgöra vissa ärenden. Det gäller ärenden om överklaganden som är av sådant slag att nämndens vägledande avgöranden kan tillämpas eller som annars är av det slaget att de inte behöver avgöras av nämnden (7 §).</P>\r\n<P class=\"p41 ft2\">5</P>\r\n</DIV>\r\n<DIV id=\"page_6\">\r\n\r\n\r\n<DIV>\r\n<DIV id=\"id_1\">\r\n<P class=\"p13 ft2\">Prop. 2018/19:74</P>\r\n<P class=\"p14 ft2\">6</P>\r\n</DIV>\r\n<DIV id=\"id_2\">\r\n<P class=\"p13 ft3\">Organisatoriska förändringar och ökad ärendemängd ställer nya krav</P>\r\n<P class=\"p42 ft2\">Skolväsendets överklagandenämnd inrättades 1991 för att tillgodose behovet av en instans som kunde överpröva vissa beslut av skolhuvudmännen som bedömdes vara särskilt viktiga för enskilda elever. Fram till den nya skollagens ikraftträdande 2010 reglerades nämndens sammansättning i 1 kap. 14 § 1985 års skollag (1985:1100).</P>\r\n<P class=\"p43 ft2\">Skolväsendets överklagandenämnd har ända sedan den inrättades varit en nämndmyndighet. En sådan myndighet leds av nämnden (2 § myndighetsförordningen [2007:515]). I myndighetsförordningen anges vilka beslut som förbehålls ledningen (4 §) och att andra ärenden än de som avses i 4 § får avgöras i nämndmyndigheter av den som ledningen bestämmer (5 §).</P>\r\n<P class=\"p43 ft2\">I nämndens instruktion angavs tidigare att det hos myndigheten skulle finnas en direktör som var myndighetschef. Direktören hade efter delegering möjlighet att fatta beslut i ärenden av enklare slag. Regeringen gav 2012 Statskontoret i uppdrag att se över organisationen av Skolväsendets överklagandenämnd (U2012/3595/GV). Vid tiden för Statskontorets granskning var nämndens ordförande även direktör och myndighetschef och arbetade heltid i nämnden. Genom ändringar i nämndens instruktion 2013 avskaffades funktionen direktör i nämnden. Samtidigt infördes en bestämmelse om att 5 § myndighetsförordningen om delegation inte ska tillämpas på myndigheten (11 §). Av 7 § instruktionen framgår att nämnden i arbetsordningen får meddela föreskrifter om att ordföranden eller vice ordföranden får avgöra ärenden om överklaganden som är av sådant slag att nämndens vägledande avgöranden kan tillämpas eller som annars är av det slaget att de inte behöver avgöras av nämnden.</P>\r\n<P class=\"p44 ft2\">År 2009, dvs. året innan den nya skollagen trädde i kraft, kom</P>\r\n<P class=\"p45 ft14\"><SPAN class=\"ft2\">318</SPAN><SPAN class=\"ft13\">ärenden in till nämnden enligt rapporten Skolväsendets överklagandenämnd – organisering av en nämndmyndighet (Statskontoret 2012:36 s. 25). Genom den nya skollagen infördes flera nya överklagandemöjligheter till Skolväsendets överklagandenämnd. Sedan dess och i takt med att möjligheten att överklaga har blivit alltmer känd har antalet ärenden ökat kontinuerligt. Antalet inkomna ärenden har fördubblats mellan 2017 och 2018. Sammantaget har antalet ärenden fyrfaldigats sedan 2011.</SPAN></P>\r\n<TABLE cellpadding=0 cellspacing=0 class=\"t4\">\r\n<TR>\r\n\t<TD class=\"tr10 td17\"><SPAN class=\"p15 ft15\">Tabell</SPAN> </TD>\r\n\t<TD colspan=5 class=\"tr10 td18\"><SPAN class=\"p15 ft15\">Ärendeutveckling <NOBR>2011–2018</NOBR></SPAN> </TD>\r\n\t<TD class=\"tr10 td19\"><SPAN class=\"p15 ft5\"> </SPAN> </TD>\r\n\t<TD class=\"tr10 td20\"><SPAN class=\"p15 ft5\"> </SPAN> </TD>\r\n\t<TD class=\"tr10 td21\"><SPAN class=\"p15 ft5\"> </SPAN> </TD>\r\n\t<TD class=\"tr10 td22\"><SPAN class=\"p15 ft5\"> </SPAN> </TD>\r\n</TR>\r\n<TR>\r\n\t<TD class=\"tr11 td17\"><SPAN class=\"p15 ft5\"> </SPAN> </TD>\r\n\t<TD colspan=8 class=\"tr11 td23\"><SPAN class=\"p15 ft16\">Inkomna och beslutade ärenden hos Skolväsendets</SPAN> </TD>\r\n\t<TD class=\"tr11 td22\"><SPAN class=\"p15 ft5\"> </SPAN> </TD>\r\n</TR>\r\n<TR>\r\n\t<TD class=\"tr12 td17\"><SPAN class=\"p15 ft17\"> </SPAN> </TD>\r\n\t<TD colspan=4 class=\"tr12 td24\"><SPAN class=\"p15 ft18\">överklagandenämnd</SPAN> </TD>\r\n\t<TD class=\"tr12 td25\"><SPAN class=\"p15 ft17\"> </SPAN> </TD>\r\n\t<TD class=\"tr12 td19\"><SPAN class=\"p15 ft17\"> </SPAN> </TD>\r\n\t<TD class=\"tr12 td20\"><SPAN class=\"p15 ft17\"> </SPAN> </TD>\r\n\t<TD class=\"tr12 td21\"><SPAN class=\"p15 ft17\"> </SPAN> </TD>\r\n\t<TD class=\"tr12 td22\"><SPAN class=\"p15 ft17\"> </SPAN> </TD>\r\n</TR>\r\n<TR>\r\n\t<TD class=\"tr13 td26\"><SPAN class=\"p15 ft19\"> </SPAN> </TD>\r\n\t<TD class=\"tr13 td27\"><SPAN class=\"p15 ft19\"> </SPAN> </TD>\r\n\t<TD class=\"tr13 td28\"><SPAN class=\"p15 ft19\"> </SPAN> </TD>\r\n\t<TD class=\"tr13 td29\"><SPAN class=\"p15 ft19\"> </SPAN> </TD>\r\n\t<TD class=\"tr13 td30\"><SPAN class=\"p15 ft19\"> </SPAN> </TD>\r\n\t<TD class=\"tr13 td31\"><SPAN class=\"p15 ft19\"> </SPAN> </TD>\r\n\t<TD class=\"tr13 td32\"><SPAN class=\"p15 ft19\"> </SPAN> </TD>\r\n\t<TD class=\"tr13 td30\"><SPAN class=\"p15 ft19\"> </SPAN> </TD>\r\n\t<TD class=\"tr13 td29\"><SPAN class=\"p15 ft19\"> </SPAN> </TD>\r\n\t<TD class=\"tr13 td33\"><SPAN class=\"p15 ft19\"> </SPAN> </TD>\r\n</TR>\r\n<TR>\r\n\t<TD class=\"tr5 td17\"><SPAN class=\"p15 ft5\"> </SPAN> </TD>\r\n\t<TD class=\"tr5 td34\"><SPAN class=\"p15 ft5\"> </SPAN> </TD>\r\n\t<TD class=\"tr5 td35\"><SPAN class=\"p19 ft15\">2011</SPAN> </TD>\r\n\t<TD class=\"tr5 td21\"><SPAN class=\"p19 ft15\">2012</SPAN> </TD>\r\n\t<TD class=\"tr5 td20\"><SPAN class=\"p19 ft15\">2013</SPAN> </TD>\r\n\t<TD class=\"tr5 td25\"><SPAN class=\"p46 ft15\">2014</SPAN> </TD>\r\n\t<TD class=\"tr5 td19\"><SPAN class=\"p19 ft15\">2015</SPAN> </TD>\r\n\t<TD class=\"tr5 td20\"><SPAN class=\"p19 ft15\">2016</SPAN> </TD>\r\n\t<TD class=\"tr5 td21\"><SPAN class=\"p19 ft15\">2017</SPAN> </TD>\r\n\t<TD class=\"tr5 td22\"><SPAN class=\"p47 ft15\">2018</SPAN> </TD>\r\n</TR>\r\n<TR>\r\n\t<TD colspan=2 class=\"tr14 td36\"><SPAN class=\"p15 ft20\"> </SPAN> </TD>\r\n\t<TD class=\"tr14 td28\"><SPAN class=\"p15 ft20\"> </SPAN> </TD>\r\n\t<TD class=\"tr14 td29\"><SPAN class=\"p15 ft20\"> </SPAN> </TD>\r\n\t<TD class=\"tr14 td30\"><SPAN class=\"p15 ft20\"> </SPAN> </TD>\r\n\t<TD class=\"tr14 td31\"><SPAN class=\"p15 ft20\"> </SPAN> </TD>\r\n\t<TD class=\"tr14 td32\"><SPAN class=\"p15 ft20\"> </SPAN> </TD>\r\n\t<TD class=\"tr14 td30\"><SPAN class=\"p15 ft20\"> </SPAN> </TD>\r\n\t<TD class=\"tr14 td29\"><SPAN class=\"p15 ft20\"> </SPAN> </TD>\r\n\t<TD class=\"tr14 td33\"><SPAN class=\"p15 ft20\"> </SPAN> </TD>\r\n</TR>\r\n<TR>\r\n\t<TD colspan=2 class=\"tr6 td37\"><SPAN class=\"p15 ft16\">Inkomna ärenden</SPAN> </TD>\r\n\t<TD class=\"tr6 td35\"><SPAN class=\"p19 ft15\">264</SPAN> </TD>\r\n\t<TD class=\"tr6 td21\"><SPAN class=\"p19 ft15\">531</SPAN> </TD>\r\n\t<TD class=\"tr6 td20\"><SPAN class=\"p19 ft15\">459</SPAN> </TD>\r\n\t<TD class=\"tr6 td25\"><SPAN class=\"p46 ft15\">537</SPAN> </TD>\r\n\t<TD class=\"tr6 td19\"><SPAN class=\"p19 ft15\">548</SPAN> </TD>\r\n\t<TD class=\"tr6 td20\"><SPAN class=\"p19 ft15\">637</SPAN> </TD>\r\n\t<TD class=\"tr6 td21\"><SPAN class=\"p19 ft15\">648</SPAN> </TD>\r\n\t<TD class=\"tr6 td22\"><SPAN class=\"p47 ft15\">1211</SPAN> </TD>\r\n</TR>\r\n<TR>\r\n\t<TD class=\"tr3 td17\"><SPAN class=\"p15 ft15\">Beslut</SPAN> </TD>\r\n\t<TD class=\"tr3 td34\"><SPAN class=\"p15 ft5\"> </SPAN> </TD>\r\n\t<TD class=\"tr3 td35\"><SPAN class=\"p19 ft15\">231</SPAN> </TD>\r\n\t<TD class=\"tr3 td21\"><SPAN class=\"p19 ft15\">519</SPAN> </TD>\r\n\t<TD class=\"tr3 td20\"><SPAN class=\"p19 ft15\">467</SPAN> </TD>\r\n\t<TD class=\"tr3 td25\"><SPAN class=\"p46 ft15\">492</SPAN> </TD>\r\n\t<TD class=\"tr3 td19\"><SPAN class=\"p19 ft15\">565</SPAN> </TD>\r\n\t<TD class=\"tr3 td20\"><SPAN class=\"p19 ft15\">643</SPAN> </TD>\r\n\t<TD class=\"tr3 td21\"><SPAN class=\"p19 ft15\">637</SPAN> </TD>\r\n\t<TD class=\"tr3 td22\"><SPAN class=\"p47 ft15\">1134</SPAN> </TD>\r\n</TR>\r\n<TR>\r\n\t<TD class=\"tr10 td17\"><SPAN class=\"p15 ft15\">Varav</SPAN> </TD>\r\n\t<TD class=\"tr10 td34\"><SPAN class=\"p15 ft5\"> </SPAN> </TD>\r\n\t<TD class=\"tr10 td35\"><SPAN class=\"p19 ft15\">196</SPAN> </TD>\r\n\t<TD class=\"tr10 td21\"><SPAN class=\"p19 ft15\">458</SPAN> </TD>\r\n\t<TD class=\"tr10 td20\"><SPAN class=\"p19 ft15\">400</SPAN> </TD>\r\n\t<TD class=\"tr10 td25\"><SPAN class=\"p46 ft15\">397</SPAN> </TD>\r\n\t<TD class=\"tr10 td19\"><SPAN class=\"p19 ft15\">471</SPAN> </TD>\r\n\t<TD class=\"tr10 td20\"><SPAN class=\"p19 ft15\">522</SPAN> </TD>\r\n\t<TD class=\"tr10 td21\"><SPAN class=\"p19 ft15\">521</SPAN> </TD>\r\n\t<TD class=\"tr10 td22\"><SPAN class=\"p47 ft15\">1009</SPAN> </TD>\r\n</TR>\r\n<TR>\r\n\t<TD class=\"tr6 td17\"><SPAN class=\"p15 ft21\">ordförandebeslut</SPAN> </TD>\r\n\t<TD class=\"tr6 td34\"><SPAN class=\"p15 ft5\"> </SPAN> </TD>\r\n\t<TD class=\"tr6 td35\"><SPAN class=\"p15 ft5\"> </SPAN> </TD>\r\n\t<TD class=\"tr6 td21\"><SPAN class=\"p15 ft5\"> </SPAN> </TD>\r\n\t<TD class=\"tr6 td20\"><SPAN class=\"p15 ft5\"> </SPAN> </TD>\r\n\t<TD class=\"tr6 td25\"><SPAN class=\"p15 ft5\"> </SPAN> </TD>\r\n\t<TD class=\"tr6 td19\"><SPAN class=\"p15 ft5\"> </SPAN> </TD>\r\n\t<TD class=\"tr6 td20\"><SPAN class=\"p15 ft5\"> </SPAN> </TD>\r\n\t<TD class=\"tr6 td21\"><SPAN class=\"p15 ft5\"> </SPAN> </TD>\r\n\t<TD class=\"tr6 td22\"><SPAN class=\"p15 ft5\"> </SPAN> </TD>\r\n</TR>\r\n</TABLE>\r\n<P class=\"p48 ft14\">Av statistiken framgår att en övervägande majoritet av besluten fattas som ordförandebeslut, dvs. beslut som nämnden med stöd av bestämmelsen i 7 § instruktionen har delegerat till ordföranden eller vice ordföranden.</P>\r\n</DIV>\r\n</DIV>\r\n</DIV>\r\n<DIV id=\"page_7\">\r\n\r\n\r\n<P class=\"p49 ft6\">Under 2017 och 2018 var 82 respektive 89 procent av besluten ordförande- Prop. 2018/19:74 beslut.</P>\r\n<TABLE cellpadding=0 cellspacing=0 class=\"t5\">\r\n<TR>\r\n\t<TD class=\"tr15 td38\"><SPAN class=\"p50 ft1\">5</SPAN> </TD>\r\n\t<TD class=\"tr15 td39\"><SPAN class=\"p51 ft1\">Skolväsendets överklagandenämnd ska</SPAN> </TD>\r\n\t<TD class=\"tr15 td40\"><SPAN class=\"p15 ft5\"> </SPAN> </TD>\r\n</TR>\r\n<TR>\r\n\t<TD class=\"tr16 td38\"><SPAN class=\"p15 ft5\"> </SPAN> </TD>\r\n\t<TD class=\"tr16 td39\"><SPAN class=\"p51 ft1\">vid behov kunna förstärkas med</SPAN> </TD>\r\n\t<TD class=\"tr16 td40\"><SPAN class=\"p15 ft5\"> </SPAN> </TD>\r\n</TR>\r\n<TR>\r\n\t<TD class=\"tr7 td38\"><SPAN class=\"p15 ft5\"> </SPAN> </TD>\r\n\t<TD class=\"tr7 td39\"><SPAN class=\"p51 ft1\">ytterligare en vice ordförande</SPAN> </TD>\r\n\t<TD class=\"tr7 td40\"><SPAN class=\"p15 ft5\"> </SPAN> </TD>\r\n</TR>\r\n<TR>\r\n\t<TD colspan=2 class=\"tr17 td41\"><SPAN class=\"p15 ft22\"> </SPAN> </TD>\r\n\t<TD class=\"tr12 td40\"><SPAN class=\"p15 ft17\"> </SPAN> </TD>\r\n</TR>\r\n<TR>\r\n\t<TD colspan=2 class=\"tr3 td42\"><SPAN class=\"p52 ft2\"><SPAN class=\"ft8\">Regeringens förslag: </SPAN>Skolväsendets överklagandenämnd ska bestå av</SPAN> </TD>\r\n\t<TD class=\"tr3 td40\"><SPAN class=\"p15 ft5\"> </SPAN> </TD>\r\n</TR>\r\n<TR>\r\n\t<TD colspan=2 class=\"tr10 td42\"><SPAN class=\"p52 ft2\">en ordförande, en eller två vice ordförande och fyra andra ledamöter.</SPAN> </TD>\r\n\t<TD class=\"tr10 td40\"><SPAN class=\"p15 ft5\"> </SPAN> </TD>\r\n</TR>\r\n<TR>\r\n\t<TD colspan=2 class=\"tr14 td43\"><SPAN class=\"p15 ft20\"> </SPAN> </TD>\r\n\t<TD class=\"tr18 td40\"><SPAN class=\"p15 ft23\"> </SPAN> </TD>\r\n</TR>\r\n<TR>\r\n\t<TD colspan=2 class=\"tr1 td44\"><SPAN class=\"p53 ft2\"><SPAN class=\"ft8\">Promemorians förslag </SPAN>överensstämmer med regeringens.</SPAN> </TD>\r\n\t<TD class=\"tr1 td40\"><SPAN class=\"p15 ft5\"> </SPAN> </TD>\r\n</TR>\r\n<TR>\r\n\t<TD colspan=2 class=\"tr6 td44\"><SPAN class=\"p17 ft2\"><SPAN class=\"ft8\">Remissinstanserna: </SPAN>Båda remissinstanserna, <SPAN class=\"ft3\">Statens skolinspektion</SPAN></SPAN> </TD>\r\n\t<TD class=\"tr6 td40\"><SPAN class=\"p15 ft5\"> </SPAN> </TD>\r\n</TR>\r\n<TR>\r\n\t<TD colspan=2 class=\"tr5 td44\"><SPAN class=\"p15 ft2\">och <SPAN class=\"ft3\">Skolväsendets överklagandenämnd</SPAN>, tillstyrker förslaget. Skolväsen-</SPAN> </TD>\r\n\t<TD class=\"tr5 td40\"><SPAN class=\"p15 ft5\"> </SPAN> </TD>\r\n</TR>\r\n<TR>\r\n\t<TD colspan=2 class=\"tr6 td44\"><SPAN class=\"p15 ft2\">dets överklagandenämnd framhåller att ändringen är nödvändig för att av-</SPAN> </TD>\r\n\t<TD class=\"tr6 td40\"><SPAN class=\"p15 ft5\"> </SPAN> </TD>\r\n</TR>\r\n<TR>\r\n\t<TD colspan=2 class=\"tr6 td44\"><SPAN class=\"p15 ft4\">lasta nämndens ordförande genom att fördela arbetsbördan på fler besluts-</SPAN> </TD>\r\n\t<TD class=\"tr6 td40\"><SPAN class=\"p15 ft5\"> </SPAN> </TD>\r\n</TR>\r\n<TR>\r\n\t<TD colspan=2 class=\"tr5 td44\"><SPAN class=\"p15 ft2\">fattare. Nämnden anser vidare att det bör tydliggöras vem av de båda vice</SPAN> </TD>\r\n\t<TD class=\"tr5 td40\"><SPAN class=\"p15 ft5\"> </SPAN> </TD>\r\n</TR>\r\n<TR>\r\n\t<TD colspan=2 class=\"tr6 td44\"><SPAN class=\"p15 ft2\">ordförandena som i första hand ska ersätta ordföranden i det fall rege-</SPAN> </TD>\r\n\t<TD class=\"tr6 td40\"><SPAN class=\"p15 ft5\"> </SPAN> </TD>\r\n</TR>\r\n<TR>\r\n\t<TD colspan=2 class=\"tr6 td44\"><SPAN class=\"p15 ft2\">ringen har utsett två vice ordförande.</SPAN> </TD>\r\n\t<TD class=\"tr6 td40\"><SPAN class=\"p15 ft5\"> </SPAN> </TD>\r\n</TR>\r\n<TR>\r\n\t<TD colspan=2 class=\"tr5 td44\"><SPAN class=\"p17 ft2\"><SPAN class=\"ft8\">Skälen för regeringens förslag: </SPAN>Antalet ärenden har ökat kraftigt sedan</SPAN> </TD>\r\n\t<TD class=\"tr5 td40\"><SPAN class=\"p15 ft5\"> </SPAN> </TD>\r\n</TR>\r\n<TR>\r\n\t<TD colspan=2 class=\"tr6 td44\"><SPAN class=\"p15 ft2\">den nuvarande skollagen trädde i kraft 2010. För att möta den ökade</SPAN> </TD>\r\n\t<TD class=\"tr6 td40\"><SPAN class=\"p15 ft5\"> </SPAN> </TD>\r\n</TR>\r\n<TR>\r\n\t<TD colspan=2 class=\"tr6 td44\"><SPAN class=\"p15 ft2\">ärendemängden bör det finnas möjlighet att vid behov, inom myndighe-</SPAN> </TD>\r\n\t<TD class=\"tr6 td40\"><SPAN class=\"p15 ft5\"> </SPAN> </TD>\r\n</TR>\r\n<TR>\r\n\t<TD colspan=2 class=\"tr5 td44\"><SPAN class=\"p15 ft4\">tens ekonomiska ramar, utse två vice ordförande. Ändringen är nödvändig</SPAN> </TD>\r\n\t<TD class=\"tr5 td40\"><SPAN class=\"p15 ft5\"> </SPAN> </TD>\r\n</TR>\r\n<TR>\r\n\t<TD colspan=2 class=\"tr6 td44\"><SPAN class=\"p15 ft2\">för att det ska kunna säkerställas att nämnden även fortsättningsvis har</SPAN> </TD>\r\n\t<TD class=\"tr6 td40\"><SPAN class=\"p15 ft5\"> </SPAN> </TD>\r\n</TR>\r\n<TR>\r\n\t<TD colspan=2 class=\"tr6 td44\"><SPAN class=\"p15 ft2\">förutsättningar att hålla rimliga handläggningstider och upprätthålla</SPAN> </TD>\r\n\t<TD class=\"tr6 td40\"><SPAN class=\"p15 ft5\"> </SPAN> </TD>\r\n</TR>\r\n<TR>\r\n\t<TD colspan=2 class=\"tr5 td44\"><SPAN class=\"p15 ft2\">kvaliteten i handläggningen. Om det behövs med hänsyn till förväntad</SPAN> </TD>\r\n\t<TD class=\"tr5 td40\"><SPAN class=\"p15 ft5\"> </SPAN> </TD>\r\n</TR>\r\n<TR>\r\n\t<TD colspan=2 class=\"tr6 td44\"><SPAN class=\"p15 ft2\">ärendetillströmning, ska alltså nämnden kunna förstärkas med ytterligare</SPAN> </TD>\r\n\t<TD class=\"tr6 td40\"><SPAN class=\"p15 ft5\"> </SPAN> </TD>\r\n</TR>\r\n<TR>\r\n\t<TD colspan=2 class=\"tr6 td44\"><SPAN class=\"p15 ft2\">en vice ordförande. Regeringen föreslår därför att bestämmelsen i</SPAN> </TD>\r\n\t<TD class=\"tr6 td40\"><SPAN class=\"p15 ft5\"> </SPAN> </TD>\r\n</TR>\r\n<TR>\r\n\t<TD colspan=2 class=\"tr5 td44\"><SPAN class=\"p15 ft2\">skollagen ändras så att en eller två vice ordförande ska kunna utses i</SPAN> </TD>\r\n\t<TD class=\"tr5 td40\"><SPAN class=\"p15 ft5\"> </SPAN> </TD>\r\n</TR>\r\n<TR>\r\n\t<TD colspan=2 class=\"tr6 td44\"><SPAN class=\"p15 ft2\">nämnden. Nämnden ska således bestå av en ordförande, en eller två vice</SPAN> </TD>\r\n\t<TD class=\"tr6 td40\"><SPAN class=\"p15 ft5\"> </SPAN> </TD>\r\n</TR>\r\n<TR>\r\n\t<TD colspan=2 class=\"tr6 td44\"><SPAN class=\"p15 ft2\">ordförande och fyra andra ledamöter.</SPAN> </TD>\r\n\t<TD class=\"tr6 td40\"><SPAN class=\"p15 ft5\"> </SPAN> </TD>\r\n</TR>\r\n<TR>\r\n\t<TD colspan=2 class=\"tr5 td44\"><SPAN class=\"p17 ft2\">I sammanhanget kan noteras att bestämmelserna om placering vid</SPAN> </TD>\r\n\t<TD class=\"tr5 td40\"><SPAN class=\"p15 ft5\"> </SPAN> </TD>\r\n</TR>\r\n<TR>\r\n\t<TD colspan=2 class=\"tr6 td44\"><SPAN class=\"p15 ft2\">kommunala skolenheter och om mottagande och urval till fristående skolor</SPAN> </TD>\r\n\t<TD class=\"tr6 td40\"><SPAN class=\"p15 ft5\"> </SPAN> </TD>\r\n</TR>\r\n<TR>\r\n\t<TD colspan=2 class=\"tr6 td44\"><SPAN class=\"p15 ft2\">för närvarande är föremål för en översyn inom ramen för utredningen En</SPAN> </TD>\r\n\t<TD class=\"tr6 td40\"><SPAN class=\"p15 ft5\"> </SPAN> </TD>\r\n</TR>\r\n<TR>\r\n\t<TD colspan=2 class=\"tr5 td44\"><SPAN class=\"p15 ft2\">mer likvärdig skola (U 2018:5). I utredningens uppdrag ingår bl.a. att ana-</SPAN> </TD>\r\n\t<TD class=\"tr5 td40\"><SPAN class=\"p15 ft5\"> </SPAN> </TD>\r\n</TR>\r\n<TR>\r\n\t<TD colspan=2 class=\"tr6 td44\"><SPAN class=\"p15 ft2\">lysera och ta ställning till hur bestämmelserna bör ändras för att i större</SPAN> </TD>\r\n\t<TD class=\"tr6 td40\"><SPAN class=\"p15 ft5\"> </SPAN> </TD>\r\n</TR>\r\n<TR>\r\n\t<TD colspan=2 class=\"tr6 td44\"><SPAN class=\"p15 ft2\">utsträckning främja en allsidig social sammansättning av elever inom vissa</SPAN> </TD>\r\n\t<TD class=\"tr6 td40\"><SPAN class=\"p15 ft5\"> </SPAN> </TD>\r\n</TR>\r\n<TR>\r\n\t<TD colspan=2 class=\"tr5 td44\"><SPAN class=\"p15 ft2\">skolformer (dir. 2018:71). Eventuella ändringar i regelverket kan leda till</SPAN> </TD>\r\n\t<TD class=\"tr5 td40\"><SPAN class=\"p15 ft5\"> </SPAN> </TD>\r\n</TR>\r\n<TR>\r\n\t<TD colspan=2 class=\"tr6 td44\"><SPAN class=\"p15 ft2\">förändringar i antalet överklaganden till nämnden.</SPAN> </TD>\r\n\t<TD class=\"tr6 td40\"><SPAN class=\"p15 ft5\"> </SPAN> </TD>\r\n</TR>\r\n<TR>\r\n\t<TD colspan=2 class=\"tr6 td44\"><SPAN class=\"p17 ft2\">Varken nämndens ordförande eller vice ordförande är anställda i nämn-</SPAN> </TD>\r\n\t<TD class=\"tr6 td40\"><SPAN class=\"p15 ft5\"> </SPAN> </TD>\r\n</TR>\r\n<TR>\r\n\t<TD colspan=2 class=\"tr5 td44\"><SPAN class=\"p15 ft2\">den. De tjänstgör i nämnden på deltid vid sidan av sin ordinarie anställ-</SPAN> </TD>\r\n\t<TD class=\"tr5 td40\"><SPAN class=\"p15 ft5\"> </SPAN> </TD>\r\n</TR>\r\n<TR>\r\n\t<TD colspan=2 class=\"tr6 td44\"><SPAN class=\"p15 ft2\">ning. Enligt uppgifter från nämndens ordförande arbetar ordförande och</SPAN> </TD>\r\n\t<TD class=\"tr6 td40\"><SPAN class=\"p15 ft5\"> </SPAN> </TD>\r\n</TR>\r\n<TR>\r\n\t<TD colspan=2 class=\"tr6 td44\"><SPAN class=\"p15 ft2\">vice ordförande parallellt med varandra när det gäller beslut som nämnden</SPAN> </TD>\r\n\t<TD class=\"tr6 td40\"><SPAN class=\"p15 ft5\"> </SPAN> </TD>\r\n</TR>\r\n<TR>\r\n\t<TD colspan=2 class=\"tr5 td44\"><SPAN class=\"p15 ft2\">med stöd av 7 § instruktionen för Skolväsendets överklagandenämnd har</SPAN> </TD>\r\n\t<TD class=\"tr5 td40\"><SPAN class=\"p15 ft5\"> </SPAN> </TD>\r\n</TR>\r\n<TR>\r\n\t<TD colspan=2 class=\"tr6 td44\"><SPAN class=\"p15 ft2\">delegerat till ordföranden eller vice ordföranden (s.k. ordförandebeslut).</SPAN> </TD>\r\n\t<TD class=\"tr6 td40\"><SPAN class=\"p15 ft5\"> </SPAN> </TD>\r\n</TR>\r\n<TR>\r\n\t<TD colspan=2 class=\"tr6 td44\"><SPAN class=\"p15 ft2\">Det finns ingenting som hindrar att denna ordning behålls och att ord-</SPAN> </TD>\r\n\t<TD class=\"tr6 td40\"><SPAN class=\"p15 ft5\"> </SPAN> </TD>\r\n</TR>\r\n<TR>\r\n\t<TD colspan=2 class=\"tr5 td44\"><SPAN class=\"p15 ft2\">förandebeslut framöver delas mellan ordförande och två vice ordförande.</SPAN> </TD>\r\n\t<TD class=\"tr5 td40\"><SPAN class=\"p15 ft5\"> </SPAN> </TD>\r\n</TR>\r\n<TR>\r\n\t<TD class=\"tr10 td38\"><SPAN class=\"p15 ft2\">Till</SPAN> </TD>\r\n\t<TD class=\"tr10 td39\"><SPAN class=\"p17 ft2\">skillnad från vad Skolväsendets överklagandenämnd anför, anser</SPAN> </TD>\r\n\t<TD rowspan=2 class=\"tr16 td40\"><SPAN class=\"p19 ft2\">7</SPAN> </TD>\r\n</TR>\r\n<TR>\r\n\t<TD class=\"tr19 td38\"><SPAN class=\"p15 ft24\"> </SPAN> </TD>\r\n\t<TD class=\"tr19 td39\"><SPAN class=\"p15 ft24\"> </SPAN> </TD>\r\n</TR>\r\n</TABLE>\r\n</DIV>\r\n<DIV id=\"page_8\">\r\n<DIV id=\"p8dimg1\">\r\n<INGENBILD zsrc=\"H603748x1.jpg/\" id=\"p8img1\">\r\n</DIV>\r\n\r\n\r\n<P class=\"p54 ft4\">Prop. 2018/19:74 regeringen att det inte behöver regleras särskilt i vilken ordning de båda vice ordförandena ska ersätta ordföranden när ordföranden har förhinder att tjänstgöra. Det finns andra exempel där två vice ordförande i en nämnd utses utan att det föreskrivs vem av de båda som i första hand ska ersätta ordföranden. Ett sådant exempel är Nämnden för brottsskadeersättning. Enligt regeringen bör det vara upp till nämnden att bestämma den inbördes ordningen mellan de båda vice ordförandena när två vice ordförande utses.</P>\r\n<P class=\"p55 ft14\">I dag används i skollagen benämningen ersättare för ordföranden. Det föreslås att nämnda funktion i stället ska benämnas vice ordförande, vilket är den term som används i myndighetsförordningen (14 §).</P>\r\n<P class=\"p56 ft14\">Regeringen avser att ändra förordningen med instruktion för Skolväsendets överklagandenämnd som en följd av att antalet vice ordföranden ska kunna utökas. Regeringen kommer efter genomförda ändringar att ha möjlighet att, när det behövs, utse ytterligare en vice ordförande i nämnden.</P>\r\n<P class=\"p57 ft11\"><SPAN class=\"ft1\">6</SPAN><SPAN class=\"ft10\">Ikraftträdande- och övergångsbestämmelser</SPAN></P>\r\n<P class=\"p58 ft6\"><SPAN class=\"ft25\">Regeringens förslag: </SPAN>Lagändringen ska träda i kraft den 1 juli 2019. <SPAN class=\"ft25\">Regeringens bedömning: </SPAN>Några särskilda övergångsbestämmelser</P>\r\n<P class=\"p59 ft2\">behövs inte.</P>\r\n<P class=\"p60 ft26\">Promemorians förslag och bedömning <SPAN class=\"ft14\">överensstämmer med regeringens.</SPAN></P>\r\n<P class=\"p61 ft14\"><SPAN class=\"ft26\">Remissinstanserna </SPAN>har inte något att invända mot förslaget eller bedömningen.</P>\r\n<P class=\"p61 ft26\">Skälen för regeringens förslag och bedömning: <SPAN class=\"ft14\">Lagändringen bör träda i kraft så snart som möjligt. Lagändringen föreslås därför träda i kraft den 1 juli 2019. Det bedöms inte finnas behov av några övergångsbestämmelser.</SPAN></P>\r\n<P class=\"p62 ft1\">7 Konsekvenser</P>\r\n<P class=\"p63 ft9\"><SPAN class=\"ft27\">7.1</SPAN><SPAN class=\"ft28\">Ekonomiska konsekvenser</SPAN></P>\r\n<P class=\"p64 ft14\">Förslaget innebär att ytterligare en vice ordförande kan förordnas att tjänstgöra i nämnden. Kostnader för detta, dvs. arvode för ytterligare en vice ordförande, bedöms kunna hanteras inom värdmyndigheten Statens skolinspektions ordinarie anslagsram. Förslagen bedöms alltså inte få några ekonomiska konsekvenser som skulle motivera en ändring av Skolinspektionens förvaltningsanslag.</P>\r\n<P class=\"p65 ft2\">8</P>\r\n</DIV>\r\n<DIV id=\"page_9\">\r\n\r\n\r\n<TABLE cellpadding=0 cellspacing=0 class=\"t6\">\r\n<TR>\r\n\t<TD class=\"tr7 td45\"><SPAN class=\"p66 ft9\">7.2</SPAN> </TD>\r\n\t<TD class=\"tr7 td46\"><SPAN class=\"p67 ft9\">Konsekvenser för barn, elever och deras</SPAN> </TD>\r\n\t<TD class=\"tr7 td10\"><SPAN class=\"p15 ft2\">Prop. 2018/19:74</SPAN> </TD>\r\n</TR>\r\n<TR>\r\n\t<TD class=\"tr16 td45\"><SPAN class=\"p15 ft5\"> </SPAN> </TD>\r\n\t<TD class=\"tr16 td46\"><SPAN class=\"p67 ft9\">familjer</SPAN> </TD>\r\n\t<TD class=\"tr16 td10\"><SPAN class=\"p15 ft5\"> </SPAN> </TD>\r\n</TR>\r\n</TABLE>\r\n<P class=\"p68 ft14\">Förslaget innebär att antalet vice ordförande som ska kunna utses i nämnden ökas från en till två. Förslaget bedöms bidra till att nämndens arbete effektiviseras, vilket i sin tur gynnar barn, elever och vårdnadshavare som berörs av det överklagade beslutet. Förslaget bedöms inte medföra några negativa konsekvenser för barnen, eleverna och deras familjer.</P>\r\n<P class=\"p69 ft9\"><SPAN class=\"ft9\">7.3</SPAN><SPAN class=\"ft29\">Övriga konsekvenser</SPAN></P>\r\n<P class=\"p70 ft2\">Förslagen innebär inte några nya skyldigheter för kommunerna och bedöms inte få några negativa konsekvenser för kommunala skolhuvudmän. Därmed bedöms förslagen inte få några konsekvenser för den kommunala självstyrelsen.</P>\r\n<P class=\"p71 ft2\">Förslagen kan innebära att de överklagade besluten snabbare kommer under nämndens prövning. Den osäkerhet som överklagade beslut kan innebära för huvudmännen, såväl kommunala som enskilda, kan även fortsättningsvis snabbt undanröjas om handläggningstiderna kan upprätthållas. Detta kan underlätta huvudmännens planering av skolverksamheten.</P>\r\n<P class=\"p72 ft6\">Förslaget bedöms inte ha några konsekvenser för jämställdheten, miljön eller Sveriges medlemskap i EU.</P>\r\n<P class=\"p73 ft2\">9</P>\r\n</DIV>\r\n<DIV id=\"page_10\">\r\n\r\n\r\n<DIV>\r\n<DIV id=\"id_1\">\r\n<P class=\"p74 ft2\">Prop. 2018/19:74</P>\r\n<P class=\"p14 ft2\">10</P>\r\n</DIV>\r\n<DIV id=\"id_2\">\r\n<P class=\"p13 ft1\">8 Författningskommentar</P>\r\n<P class=\"p75 ft9\">Förslaget till lag om ändring i skollagen (2010:800)</P>\r\n<P class=\"p76 ft8\">27 kap.</P>\r\n<P class=\"p77 ft4\"><SPAN class=\"ft30\">2 § </SPAN>Nämnden ska bestå av en ordförande, <SPAN class=\"ft31\">en eller två vice ordförande </SPAN>och <SPAN class=\"ft31\">fyra </SPAN>andra ledamöter. Ordföranden och <SPAN class=\"ft31\">vice ordförandena </SPAN>ska vara eller ha varit ordinarie domare. Övriga ledamöter ska ha särskild sakkunskap både <SPAN class=\"ft31\">om </SPAN>barns och elevers förhållanden och behov och <SPAN class=\"ft31\">om </SPAN>skolverksamheten i övrigt. Det ska finnas högst två ersättare för de övriga ledamöterna.</P>\r\n<P class=\"p78 ft14\">Paragrafen reglerar sammansättningen av Skolväsendets överklagandenämnd.</P>\r\n<P class=\"p79 ft2\">Ändringen, som görs i hittillsvarande <SPAN class=\"ft3\">första stycket</SPAN>, innebär att det införs en möjlighet att utse två vice ordförande i nämnden i stället för nuvarande en. Möjligheten ska kunna användas när det finns behov av förstärkning i nämnden med hänsyn till ärendemängden. I samma stycke görs även språkliga ändringar som innebär dels att ”vad gäller” byts ut mot ”om”, dels att ”ersättare för ordföranden” byts ut mot ”vice ordförande”. Ingen ändring i sak är avsedd. Bestämmelsen i det nuvarande andra stycket flyttas till första stycket.</P>\r\n</DIV>\r\n</DIV>\r\n</DIV>\r\n<DIV id=\"page_11\">\r\n<DIV id=\"p11dimg1\">\r\n<INGENBILD zsrc=\"H6037411x1.jpg/\" id=\"p11img1\">\r\n</DIV>\r\n\r\n\r\n<DIV>\r\n<DIV id=\"id_1\">\r\n<P class=\"p13 ft1\">Utbildningsdepartementet</P>\r\n<P class=\"p80 ft2\">Utdrag ur protokoll vid regeringssammanträde den 14 mars 2019</P>\r\n<P class=\"p81 ft14\">Närvarande: statsminister Löfven, ordförande, och statsråden Wallström, Y Johansson, M Johansson, Baylan, Hallengren, Hultqvist, Andersson, Bolund, Damberg, Strandhäll, Shekarabi, Ygeman, Linde, Eneroth, Dahlgren, Nilsson, Ernkrans, Lind</P>\r\n<P class=\"p82 ft2\">Föredragande: statsrådet Matilda Ernkrans</P>\r\n<P class=\"p83 ft6\">Regeringen beslutar proposition Ändring av sammansättningen av Skolväsendets överklagandenämnd</P>\r\n</DIV>\r\n<DIV id=\"id_2\">\r\n<P class=\"p13 ft2\">Prop. 2018/19:74</P>\r\n<P class=\"p84 ft2\">11</P>\r\n</DIV>\r\n</DIV>\r\n</DIV>\r\n\r\n</div><style>\r\n\r\n\r\nTD,TD.p2h {\r\nzzzfont-size:90%;\r\nzzzmargin-right:2px;\r\nzzzoverflow:visable;\r\nzzzword-wrap: break-word;\r\n}\r\n\r\nP {\r\nzdisplay:block;\r\n}\r\n\r\n.divbreak {\r\nclear:both;\r\ndisplay:block;\r\nzwidth: 100%;\r\nzheight: 1px;\r\nzword-wrap: break-word;\r\n}\r\n\r\n\r\n.xecp {\r\n  display:block;\r\n  margin: 0px !important;\r\n  padding: 0px !important;\r\n  \r\n}\r\n\r\n.ec {\r\n  border-style:solid;\r\n  border-width:1px;\r\n  display:block;\r\n  margin: 0px !important;\r\n  padding: 0px !important;\r\n}\r\n\r\n.TOPS {\r\n  overflow:visable;\r\n  margin:2px;\r\n  width:690px !important;\r\n}\r\n\r\n</style>\r\n"},"dokforslag":{"forslag":{"nummer":"1","beteckning":"1","lydelse":"Riksdagen antar regeringens förslag till lag om ändring i skollagen (2010:800).","lydelse2":null,"utskottet":"Bifall","kammaren":"Bifall","behandlas_i":"2018/19:UbU20","behandlas_i_punkt":null,"kammarbeslutstyp":null,"intressent":"UbU","avsnitt":null,"grundforfattning":null,"andringsforfattning":null}},"dokaktivitet":{"aktivitet":[{"kod":"INL","namn":"Inlämnad","datum":"2019-03-19 00:00:00","status":"inträffat","ordning":"0","process":"behandling"},{"kod":"B","namn":"Bordlagd","datum":"2019-03-26 00:00:00","status":"inträffat","ordning":"0","process":"behandling"},{"kod":"HÄN","namn":"Hänvisad","datum":"2019-03-27 00:00:00","status":"inträffat","ordning":"0","process":"behandling"},{"kod":"MOT","namn":"Motionstid slutar","datum":"2019-04-10 00:00:00","status":"inträffat","ordning":"0","process":"behandling"}]},"dokintressent":{"intressent":[{"intressent_id":"0218878014918","namn":"Stefan Löfven","partibet":"S","ordning":"1","roll":"Statsråd1"},{"intressent_id":"0983984918111","namn":"Matilda Ernkrans","partibet":"S","ordning":"2","roll":"Statsråd2"}]},"dokuppgift":{"uppgift":[{"kod":"inlamnatav","namn":"Inlämnat av","text":"Utbildningsdepartementet","dok_id":"H60374","systemdatum":"2019-06-04 15:47:19"},{"kod":"tilldelat","namn":"Tilldelat","text":"Utbildningsutskottet","dok_id":"H60374","systemdatum":"2019-06-04 15:47:19"},{"kod":"statustext","namn":"statustext","text":"Propositionen bereds i utskott","dok_id":"H60374","systemdatum":"2019-03-27 14:22:24"}]},"dokbilaga":{"bilaga":{"dok_id":"H60374","titel":"Ändring av sammansättningen av Skolväsendets överklagandenämnd","subtitel":null,"filnamn":"prop_201819__74.pdf","filstorlek":"222751","filtyp":"pdf","fil_url":"http://data.riksdagen.se/fil/941F182B-8795-41CC-BEFA-B0960B6DF975"}},"dokreferens":{"referens":{"referenstyp":"behandlas_i","uppgift":"2018/19:UbU20","ref_dok_id":"H601UbU20","ref_dok_typ":"bet","ref_dok_rm":"2018/19","ref_dok_bet":"UbU20","ref_dok_titel":"Ändring av sammansättningen av Skolväsendets överklagandenämnd","ref_dok_subtitel":null,"ref_dok_subtyp":"bet","ref_dok_dokumentnamn":"Betänkande"}},"debatt":null}}