{"dokumentstatus":{"dokument":{"hangar_id":"5021369","dok_id":"H60346","rm":"2018/19","beteckning":"46","typ":"prop","subtyp":"prop","doktyp":"prop","typrubrik":"Proposition 2018/19:46","dokumentnamn":"Proposition","debattnamn":"Proposition","tempbeteckning":"","organ":"Finansdepartementet","mottagare":"FiU","nummer":"46","slutnummer":"0","datum":"2019-02-07 00:00:00","systemdatum":"2019-03-13 16:37:58","publicerad":"2019-02-07 00:00:00","titel":"Extra ändringsbudget för 2019 - Kapitalhöjning i Europeiska investeringsbanken","subtitel":"","status":"Klar","htmlformat":"html-ec","relaterat_id":"","source":"prop-RIM","sourceid":"398f9773-6873-448e-8228-25382b5e4658","dokument_url_text":"http://data.riksdagen.se/dokument/H60346/text","dokument_url_html":"http://data.riksdagen.se/dokument/H60346","dokumentstatus_url_xml":"http://data.riksdagen.se/dokumentstatus/H60346","html":"<div style=\"margin:3px;\">\r\n<STYLE type=\"text/css\">\r\n\r\nbody {margin-top: 0px;margin-left: 0px;}\r\n\r\n#page_1 {position:relative; overflow: hidden;z:b;margin:10px 0px 52px 10px ;padding: 0px;border: none;width: 947px;}\r\n\r\n#page_1 #p1dimg1 {position:absolute;top:0px;left:651px;z-index:-1;width:55px;height:98px;}\r\n#page_1 #p1dimg1 #p1img1 {width:55px;height:98px;}\r\n\r\n\r\n\r\n\r\n#page_2 {position:relative; overflow: hidden;z:b;margin:14px 0px 52px 10px ;padding: 0px;border: none;width: 811px;}\r\n\r\n\r\n\r\n\r\n\r\n#page_3 {position:relative; overflow: hidden;z:b;margin:15px 0px 52px 10px ;padding: 0px;border: none;width: 947px;}\r\n\r\n\r\n\r\n\r\n\r\n#page_4 {position:relative; overflow: hidden;z:b;margin:14px 0px 52px 10px ;padding: 0px;border: none;width: 811px;}\r\n\r\n\r\n\r\n\r\n\r\n#page_5 {position:relative; overflow: hidden;z:b;margin:15px 0px 52px 10px ;padding: 0px;border: none;width: 947px;}\r\n\r\n#page_5 #p5dimg1 {position:absolute;top:138px;left:147px;z-index:-1;width:393px;height:116px;}\r\n#page_5 #p5dimg1 #p5img1 {width:393px;height:116px;}\r\n\r\n\r\n\r\n\r\n#page_6 {position:relative; overflow: hidden;z:b;margin:14px 0px 52px 10px ;padding: 0px;border: none;width: 811px;}\r\n\r\n\r\n\r\n\r\n\r\n#page_7 {position:relative; overflow: hidden;z:b;margin:15px 0px 52px 10px ;padding: 0px;border: none;width: 766px;}\r\n#page_7 #id_1 {float:left;border:none;z:b;margin:0px 0px 0px 10px ;padding: 0px;border:none;width: 451px;overflow: hidden;}\r\n#page_7 #id_2 {float:left;border:none;z:b;margin:1px 0px 0px 10px ;padding: 0px;border:none;width: 315px;overflow: hidden;}\r\n\r\n\r\n\r\n\r\n\r\n#page_8 {position:relative; overflow: hidden;z:b;margin:15px 0px 52px 10px ;padding: 0px;border: none;width: 811px;}\r\n\r\n#page_8 #p8dimg1 {position:absolute;top:190px;left:105px;z-index:-1;width:112px;height:1px;font-size: 1px !important;l-h:nHeight;}\r\n#page_8 #p8dimg1 #p8img1 {width:112px;height:1px;}\r\n\r\n\r\n\r\n\r\n.dclr {clear:both;float:none;height:1px;margin:0px;padding:0px;overflow:hidden;}\r\n\r\n.ft0{font:  18px 'Verdana' !important;l-h: 32px;}\r\n.ft1{font:  14px 'Verdana' !important;l-h: 22px;}\r\n.ft2{font:  12px 'Verdana' !important;l-h: 15px;}\r\n.ft3{font: italic  12px 'Verdana' !important;l-h: 15px;}\r\n.ft4{font:  12px 'Verdana' !important;l-h: 17px;}\r\n.ft5{font: italic  12px 'Verdana' !important;l-h: 17px;}\r\n.ft6{font:  10px 'Verdana' !important;l-h: 1px;}\r\n.ft7{font:  12px 'Verdana' !important;margin-left: 9px;l-h: 16px;}\r\n.ft8{font:  12px 'Verdana' !important;l-h: 16px;}\r\n.ft9{font:  12px 'Verdana' !important;margin-left: 9px;l-h: 17px;}\r\n.ft10{font:  14px 'Verdana' !important;l-h: 22px;position: relative; bottom: -6px;}\r\n.ft11{font:  14px 'Verdana' !important;margin-left: 50px;l-h: 22px;}\r\n.ft12{font: bold  12px 'Verdana' !important;l-h: 16px;}\r\n.ft13{font: bold  12px 'Verdana' !important;l-h: 15px;}\r\n.ft14{font:  12px 'Verdana' !important;l-h: 15px;}\r\n.ft15{font:  14px 'Verdana' !important;margin-left: 51px;l-h: 22px;}\r\n.ft16{font:  12px 'Verdana' !important;l-h: 15px;position: relative; bottom: 7px;}\r\n\r\n.p0{text-align: left;padding-left: 120px;padding-right: 525px;margin-top: 22px;margin-bottom: 0px !important;}\r\n.p1{text-align: left;padding-left: 0px;margin-top: 0px;margin-bottom: 0px !important;white-space: nowrap;}\r\n.p2{text-align: left;padding-left: 0px;margin-top: 0px;margin-bottom: 0px !important;white-space: nowrap;}\r\n.p3{text-align: left;padding-left: 120px;margin-top: 17px;margin-bottom: 0px !important;}\r\n.p4{text-align: left;padding-left: 120px;margin-top: 16px;margin-bottom: 0px !important;}\r\n.p5{text-align: left;padding-left: 260px;padding-right: 504px;margin-top: 20px;margin-bottom: 0px !important;}\r\n.p6{text-align: left;padding-left: 120px;margin-top: 47px;margin-bottom: 0px !important;}\r\n.p7{text-align: left;padding-left: 120px;padding-right: 336px;margin-top: 26px;margin-bottom: 0px !important;}\r\n.p8{text-align: left;padding-left: 120px;padding-right: 336px;margin-top: 6px;margin-bottom: 0px !important;text-indent: 11px;}\r\n.p9{text-align: right;padding-right: 126px;margin-top: 138px;margin-bottom: 0px !important;}\r\n.p10{text-align: left;margin-top: 0px;margin-bottom: 0px !important;white-space: nowrap;}\r\n.p11{text-align: left;padding-left: 0px;margin-top: 0px;margin-bottom: 0px !important;white-space: nowrap;}\r\n.p12{text-align: right;margin-top: 0px;margin-bottom: 0px !important;white-space: nowrap;}\r\n.p13{text-align: left;margin-top: 598px;margin-bottom: 0px !important;}\r\n.p14{text-align: right;padding-right: 21px;margin-top: 0px;margin-bottom: 0px !important;white-space: nowrap;}\r\n.p15{text-align: left;padding-left: 0px;margin-top: 0px;margin-bottom: 0px !important;white-space: nowrap;}\r\n.p16{text-align: left;padding-left: 120px;margin-top: 10px;margin-bottom: 0px !important;}\r\n.p17{text-align: left;padding-left: 140px;padding-right: 336px;margin-top: 0px;margin-bottom: 0px !important;text-indent: 0.19px;}\r\n.p18{text-align: right;padding-right: 126px;margin-top: 600px;margin-bottom: 0px !important;}\r\n.p19{text-align: left;padding-left: 0px;padding-right: 147px;margin-top: 0px;margin-bottom: 0px !important;}\r\n.p20{text-align: left;padding-left: 0px;padding-right: 147px;margin-top: 0px;margin-bottom: 0px !important;text-indent: 11px;}\r\n.p21{text-align: left;padding-left: 0px;margin-top: 11px;margin-bottom: 0px !important;}\r\n.p22{text-align: left;padding-left: 0px;padding-right: 147px;margin-top: 4px;margin-bottom: 0px !important;}\r\n.p23{text-align: left;padding-left: 0px;padding-right: 147px;margin-top: 4px;margin-bottom: 0px !important;text-indent: 11px;}\r\n.p24{text-align: left;padding-left: 0px;margin-top: 0px;margin-bottom: 0px !important;white-space: nowrap;}\r\n.p25{text-align: left;padding-left: 0px;margin-top: 0px;margin-bottom: 0px !important;white-space: nowrap;}\r\n.p26{text-align: right;padding-right: 21px;margin-top: 0px;margin-bottom: 0px !important;white-space: nowrap;}\r\n.p27{text-align: left;padding-left: 120px;margin-top: 43px;margin-bottom: 0px !important;}\r\n.p28{text-align: left;padding-left: 140px;padding-right: 336px;margin-top: 19px;margin-bottom: 0px !important;}\r\n.p29{text-align: left;padding-left: 140px;padding-right: 336px;margin-top: 0px;margin-bottom: 0px !important;text-indent: 11px;}\r\n.p30{text-align: left;padding-left: 120px;padding-right: 336px;margin-top: 3px;margin-bottom: 0px !important;text-indent: 11px;}\r\n.p31{text-align: left;padding-left: 120px;padding-right: 336px;margin-top: 4px;margin-bottom: 0px !important;text-indent: 11px;}\r\n.p32{text-align: right;padding-right: 126px;margin-top: 12px;margin-bottom: 0px !important;}\r\n.p33{text-align: right;padding-right: 1px;margin-top: 0px;margin-bottom: 0px !important;white-space: nowrap;}\r\n.p34{text-align: left;padding-left: 0px;margin-top: 0px;margin-bottom: 0px !important;white-space: nowrap;}\r\n.p35{text-align: left;padding-left: 0px;margin-top: 0px;margin-bottom: 0px !important;white-space: nowrap;}\r\n.p36{text-align: left;padding-left: 0px;margin-top: 0px;margin-bottom: 0px !important;white-space: nowrap;}\r\n.p37{text-align: left;padding-left: 0px;margin-top: 0px;margin-bottom: 0px !important;white-space: nowrap;}\r\n.p38{text-align: left;padding-left: 0px;margin-top: 0px;margin-bottom: 0px !important;white-space: nowrap;}\r\n.p39{text-align: left;padding-left: 0px;margin-top: 0px;margin-bottom: 0px !important;white-space: nowrap;}\r\n.p40{text-align: left;padding-left: 0px;margin-top: 0px;margin-bottom: 0px !important;white-space: nowrap;}\r\n.p41{text-align: left;padding-left: 0px;margin-top: 0px;margin-bottom: 0px !important;white-space: nowrap;}\r\n.p42{text-align: left;padding-left: 0px;margin-top: 0px;margin-bottom: 0px !important;white-space: nowrap;}\r\n.p43{text-align: left;padding-left: 0px;margin-top: 43px;margin-bottom: 0px !important;}\r\n.p44{text-align: left;padding-left: 0px;padding-right: 147px;margin-top: 18px;margin-bottom: 0px !important;}\r\n.p45{text-align: left;margin-top: 2px;margin-bottom: 0px !important;}\r\n.p46{text-align: left;margin-top: 0px;margin-bottom: 0px !important;}\r\n.p47{text-align: left;margin-top: 0px;margin-bottom: 0px !important;text-indent: 11px;}\r\n.p48{text-align: left;padding-left: 0px;margin-top: 0px;margin-bottom: 0px !important;}\r\n.p49{text-align: right;padding-right: 126px;margin-top: 752px;margin-bottom: 0px !important;}\r\n.p50{text-align: left;margin-top: 0px;margin-bottom: 0px !important;}\r\n.p51{text-align: left;padding-left: 0px;margin-top: 14px;margin-bottom: 0px !important;}\r\n.p52{text-align: left;padding-left: 0px;padding-right: 168px;margin-top: 16px;margin-bottom: 0px !important;}\r\n.p53{text-align: left;padding-left: 0px;margin-top: 13px;margin-bottom: 0px !important;}\r\n.p54{text-align: left;padding-left: 0px;padding-right: 168px;margin-top: 62px;margin-bottom: 0px !important;}\r\n.p55{text-align: left;margin-top: 513px;margin-bottom: 0px !important;}\r\n\r\n.td0{padding: 0px;margin: 0px;width: 411px;vertical-align: bottom;}\r\n.td1{padding: 0px;margin: 0px;width: 115px;vertical-align: bottom;}\r\n.td2{border-bottom: #000000 1px solid;padding: 0px;margin: 0px;width: 411px;vertical-align: bottom;}\r\n.td3{border-bottom: #000000 1px solid;padding: 0px;margin: 0px;width: 115px;vertical-align: bottom;}\r\n.td4{padding: 0px;margin: 0px;width: 108px;vertical-align: bottom;}\r\n.td5{padding: 0px;margin: 0px;width: 415px;vertical-align: bottom;}\r\n.td6{padding: 0px;margin: 0px;width: 6px;vertical-align: bottom;}\r\n.td7{padding: 0px;margin: 0px;width: 28px;vertical-align: bottom;}\r\n.td8{padding: 0px;margin: 0px;width: 387px;vertical-align: bottom;}\r\n.td9{padding: 0px;margin: 0px;width: 36px;vertical-align: bottom;}\r\n.td10{padding: 0px;margin: 0px;width: 389px;vertical-align: bottom;}\r\n.td11{padding: 0px;margin: 0px;width: 96px;vertical-align: bottom;}\r\n.td12{padding: 0px;margin: 0px;width: 182px;vertical-align: bottom;}\r\n.td13{padding: 0px;margin: 0px;width: 234px;vertical-align: bottom;}\r\n.td14{padding: 0px;margin: 0px;width: 7px;vertical-align: bottom;}\r\n.td15{padding: 0px;margin: 0px;width: 162px;vertical-align: bottom;}\r\n.td16{padding: 0px;margin: 0px;width: 362px;vertical-align: bottom;}\r\n.td17{padding: 0px;margin: 0px;width: 525px;vertical-align: bottom;}\r\n.td18{padding: 0px;margin: 0px;width: 426px;vertical-align: bottom;}\r\n.td19{padding: 0px;margin: 0px;width: 135px;vertical-align: bottom;}\r\n.td20{padding: 0px;margin: 0px;width: 37px;vertical-align: bottom;}\r\n.td21{padding: 0px;margin: 0px;width: 80px;vertical-align: bottom;}\r\n.td22{padding: 0px;margin: 0px;width: 172px;vertical-align: bottom;}\r\n.td23{padding: 0px;margin: 0px;width: 254px;vertical-align: bottom;}\r\n.td24{padding: 0px;margin: 0px;width: 118px;vertical-align: bottom;}\r\n.td25{padding: 0px;margin: 0px;width: 413px;vertical-align: bottom;}\r\n.td26{padding: 0px;margin: 0px;width: 325px;vertical-align: bottom;}\r\n.td27{padding: 0px;margin: 0px;width: 30px;vertical-align: bottom;}\r\n.td28{padding: 0px;margin: 0px;width: 57px;vertical-align: bottom;}\r\n.td29{padding: 0px;margin: 0px;width: 42px;vertical-align: bottom;}\r\n.td30{padding: 0px;margin: 0px;width: 18px;vertical-align: bottom;}\r\n.td31{padding: 0px;margin: 0px;width: 24px;vertical-align: bottom;}\r\n.td32{padding: 0px;margin: 0px;width: 38px;vertical-align: bottom;}\r\n.td33{padding: 0px;margin: 0px;width: 54px;vertical-align: bottom;}\r\n.td34{padding: 0px;margin: 0px;width: 270px;vertical-align: bottom;}\r\n.td35{padding: 0px;margin: 0px;width: 355px;vertical-align: bottom;}\r\n.td36{padding: 0px;margin: 0px;width: 50px;vertical-align: bottom;}\r\n.td37{padding: 0px;margin: 0px;width: 101px;vertical-align: bottom;}\r\n.td38{padding: 0px;margin: 0px;width: 85px;vertical-align: bottom;}\r\n.td39{padding: 0px;margin: 0px;width: 169px;vertical-align: bottom;}\r\n.td40{padding: 0px;margin: 0px;width: 88px;vertical-align: bottom;}\r\n.td41{padding: 0px;margin: 0px;width: 181px;vertical-align: bottom;}\r\n.td42{padding: 0px;margin: 0px;width: 43px;vertical-align: bottom;}\r\n.td43{padding: 0px;margin: 0px;width: 132px;vertical-align: bottom;}\r\n.td44{padding: 0px;margin: 0px;width: 150px;vertical-align: bottom;}\r\n.td45{padding: 0px;margin: 0px;width: 81px;vertical-align: bottom;}\r\n\r\n.tr0{heightzzz: 31px;}\r\n.tr1{heightzzz: 25px;}\r\n.tr2{heightzzz: 34px;}\r\n.tr3{heightzzz: 32px;}\r\n.tr4{heightzzz: 22px;}\r\n.tr5{heightzzz: 28px;}\r\n.tr6{heightzzz: 47px;}\r\n.tr7{heightzzz: 27px;}\r\n.tr8{heightzzz: 15px;}\r\n.tr9{heightzzz: 16px;}\r\n.tr10{heightzzz: 33px;}\r\n.tr11{heightzzz: 18px;}\r\n.tr12{heightzzz: 21px;}\r\n\r\n.t0{width: 552px;margin-leftZ: 154px;margin-top: 5px;f:20px 'Verdana' !important;}\r\n.t1{width: 555px;f:13px 'Verdana' !important;}\r\n.t2{width: 547px;margin-leftZ: 153px;f:20px 'Verdana' !important;}\r\n.t3{width: 436px;f:20px 'Verdana' !important;}\r\n.t4{width: 557px;margin-top: 37px;f:13px 'Verdana' !important;}\r\n.t5{width: 547px;margin-leftZ: 153px;f:13px 'Verdana' !important;}\r\n.t6{width: 557px;f:13px 'Verdana' !important;}\r\n\r\n</STYLE>\r\n\r\n\r\n\r\n<DIV id=\"page_1\">\r\n<DIV id=\"p1dimg1\">\r\n<INGENBILD zsrc=\"H603461x1.jpg/\" id=\"p1img1\">\r\n</DIV>\r\n\r\n\r\n<DIV class=\"dclr\"></DIV>\r\n<P class=\"p0 ft0\">Regeringens proposition 2018/19:46</P>\r\n<TABLE cellpadding=0 cellspacing=0 class=\"t0\">\r\n<TR>\r\n\t<TD class=\"tr0 td0\"><SPAN class=\"p1 ft1\">Extra ändringsbudget för 2019 –</SPAN> </TD>\r\n\t<TD class=\"tr0 td1\"><SPAN class=\"p2 ft1\">Prop.</SPAN> </TD>\r\n</TR>\r\n<TR>\r\n\t<TD class=\"tr1 td2\"><SPAN class=\"p1 ft1\">Kapitalhöjning i Europeiska investeringsbanken</SPAN> </TD>\r\n\t<TD class=\"tr1 td3\"><SPAN class=\"p2 ft1\">2018/19:46</SPAN> </TD>\r\n</TR>\r\n</TABLE>\r\n<P class=\"p3 ft2\">Regeringen överlämnar denna proposition till riksdagen.</P>\r\n<P class=\"p4 ft2\">Stockholm den 7 februari 2019</P>\r\n<P class=\"p4 ft3\">Stefan Löfven</P>\r\n<P class=\"p5 ft5\">Magdalena Andersson <SPAN class=\"ft4\">(Finansdepartementet)</SPAN></P>\r\n<P class=\"p6 ft1\">Propositionens huvudsakliga innehåll</P>\r\n<P class=\"p7 ft2\">I propositionen föreslår regeringen att riksdagen godkänner att Sverige medverkar i en kapitalhöjning i Europeiska investeringsbanken (EIB). Kapitalhöjningen innebär att Sveriges grundkapital i EIB ökar med 1 384 204 713 euro till 8 591 781 713 euro, vilket motsvarar en ökning med 14 395 729 015 kronor till 89 354 529 815 kronor. Grundkapitalet består av garantikapital och inbetalt kapital. Förslaget innebär att det svenska garantikapitalet ökar med 1 260 743 965 euro till 7 825 458 665 euro, vilket motsvarar en ökning med 13 111 737 236 kronor till 81 384 770 116 kronor, samt att det svenska inbetalda kapitalet ökar genom en överföring från bankens reserver.</P>\r\n<P class=\"p8 ft2\">Kapitalhöjningen sker till följd av att Storbritannien lämnar EIB i samband med landets utträde ur EU. Utträdet innebär att landets garantiåtagande mot banken upphör att gälla. Om det brittiska kapitalet inte ersätts riskerar EIB att bryta mot de kapitaltäckningskrav som anges i bankens stadgar. För att undvika det, och i förlängningen att EIB markant tvingas minska utlåningen, behöver de kvarvarande medlemsländerna ersätta det brittiska kapitalet.</P>\r\n<P class=\"p9 ft2\">1</P>\r\n</DIV>\r\n<DIV id=\"page_2\">\r\n\r\n\r\n<TABLE cellpadding=0 cellspacing=0 class=\"t1\">\r\n<TR>\r\n\t<TD class=\"tr2 td4\"><SPAN class=\"p10 ft2\">Prop. 2018/19:46</SPAN> </TD>\r\n\t<TD colspan=2 class=\"tr2 td5\"><SPAN class=\"p11 ft1\">Innehållsförteckning</SPAN> </TD>\r\n\t<TD class=\"tr2 td6\"><SPAN class=\"p10 ft6\"> </SPAN> </TD>\r\n</TR>\r\n<TR>\r\n\t<TD class=\"tr3 td4\"><SPAN class=\"p10 ft6\"> </SPAN> </TD>\r\n\t<TD class=\"tr3 td7\"><SPAN class=\"p11 ft2\">1</SPAN> </TD>\r\n\t<TD class=\"tr3 td8\"><SPAN class=\"p11 ft2\">Förslag till riksdagsbeslut .................................................................</SPAN> </TD>\r\n\t<TD class=\"tr3 td6\"><SPAN class=\"p12 ft2\">3</SPAN> </TD>\r\n</TR>\r\n<TR>\r\n\t<TD class=\"tr4 td4\"><SPAN class=\"p10 ft6\"> </SPAN> </TD>\r\n\t<TD class=\"tr4 td7\"><SPAN class=\"p11 ft2\">2</SPAN> </TD>\r\n\t<TD class=\"tr4 td8\"><SPAN class=\"p11 ft2\">Ärendet och dess beredning ..............................................................</SPAN> </TD>\r\n\t<TD class=\"tr4 td6\"><SPAN class=\"p12 ft2\">4</SPAN> </TD>\r\n</TR>\r\n<TR>\r\n\t<TD class=\"tr4 td4\"><SPAN class=\"p10 ft6\"> </SPAN> </TD>\r\n\t<TD class=\"tr4 td7\"><SPAN class=\"p11 ft2\">3</SPAN> </TD>\r\n\t<TD class=\"tr4 td8\"><SPAN class=\"p11 ft2\">Europeiska investeringsbanken och dess kapital ..............................</SPAN> </TD>\r\n\t<TD class=\"tr4 td6\"><SPAN class=\"p12 ft2\">4</SPAN> </TD>\r\n</TR>\r\n<TR>\r\n\t<TD class=\"tr4 td4\"><SPAN class=\"p10 ft6\"> </SPAN> </TD>\r\n\t<TD class=\"tr4 td7\"><SPAN class=\"p11 ft2\">4</SPAN> </TD>\r\n\t<TD class=\"tr4 td8\"><SPAN class=\"p11 ft2\">Sveriges medverkan i kapitalhöjningen ............................................</SPAN> </TD>\r\n\t<TD class=\"tr4 td6\"><SPAN class=\"p12 ft2\">5</SPAN> </TD>\r\n</TR>\r\n<TR>\r\n\t<TD class=\"tr4 td4\"><SPAN class=\"p10 ft6\"> </SPAN> </TD>\r\n\t<TD class=\"tr4 td7\"><SPAN class=\"p11 ft2\">5</SPAN> </TD>\r\n\t<TD class=\"tr4 td8\"><SPAN class=\"p11 ft2\">Ekonomiska konsekvenser................................................................</SPAN> </TD>\r\n\t<TD class=\"tr4 td6\"><SPAN class=\"p12 ft2\">6</SPAN> </TD>\r\n</TR>\r\n<TR>\r\n\t<TD class=\"tr4 td4\"><SPAN class=\"p10 ft6\"> </SPAN> </TD>\r\n\t<TD colspan=2 class=\"tr4 td5\"><SPAN class=\"p11 ft2\">Utdrag ur protokoll vid regeringssammanträde den 7 februari 2019 ........</SPAN> </TD>\r\n\t<TD class=\"tr4 td6\"><SPAN class=\"p12 ft2\">8</SPAN> </TD>\r\n</TR>\r\n</TABLE>\r\n<P class=\"p13 ft2\">2</P>\r\n</DIV>\r\n<DIV id=\"page_3\">\r\n\r\n\r\n<TABLE cellpadding=0 cellspacing=0 class=\"t2\">\r\n<TR>\r\n\t<TD class=\"tr5 td9\"><SPAN class=\"p14 ft1\">1</SPAN> </TD>\r\n\t<TD class=\"tr5 td10\"><SPAN class=\"p15 ft1\">Förslag till riksdagsbeslut</SPAN> </TD>\r\n\t<TD class=\"tr5 td11\"><SPAN class=\"p10 ft2\">Prop. 2018/19:46</SPAN> </TD>\r\n</TR>\r\n</TABLE>\r\n<P class=\"p16 ft2\">Regeringens förslag:</P>\r\n<P class=\"p17 ft8\"><SPAN class=\"ft2\">1.</SPAN><SPAN class=\"ft7\">Riksdagen godkänner att Sverige under 2019 medverkar i en kapitalhöjning i Europeiska investeringsbanken (EIB), vilket för Sveriges del innebär att högst 123 460 748 euro överförs från bankens reserver till bankens inbetalda kapital (avsnitt 4).</SPAN></P>\r\n<P class=\"p17 ft4\"><SPAN class=\"ft2\">2.</SPAN><SPAN class=\"ft9\">Riksdagen bemyndigar regeringen att under 2019 ställa ut statliga garantier till EIB som inklusive tidigare utfärdade garantier uppgår till högst 7 825 458 665 euro (avsnitt 4).</SPAN></P>\r\n<P class=\"p18 ft2\">3</P>\r\n</DIV>\r\n<DIV id=\"page_4\">\r\n\r\n\r\n<TABLE cellpadding=0 cellspacing=0 class=\"t3\">\r\n<TR>\r\n\t<TD class=\"tr6 td12\"><SPAN class=\"p10 ft2\">Prop. 2018/19:46 <SPAN class=\"ft10\">2</SPAN></SPAN> </TD>\r\n\t<TD class=\"tr6 td13\"><SPAN class=\"p10 ft1\">Ärendet och dess beredning</SPAN> </TD>\r\n</TR>\r\n</TABLE>\r\n<P class=\"p19 ft2\">Den 11 december 2018 beslutade Europeiska investeringsbankens (EIB) direktörsstyrelse att rekommendera bankens guvernörsstyrelse att besluta om en kapitalhöjning för att ersätta Storbritanniens andel av bankens grundkapital när Storbritannien lämnar EU den 29 mars 2019.</P>\r\n<P class=\"p20 ft8\">Det är EIB:s guvernörsstyrelse, som i huvudsak består av <NOBR>EU-ländernas</NOBR> finansministrar, som slutligen godkänner kapitalhöjningen för att ersätta det brittiska grundkapitalet. Beslutet kräver enhällighet.</P>\r\n<P class=\"p20 ft2\">Regeringen har den 14 juni och 8 november 2018 överlagt en preliminär svensk ståndpunkt i frågan med finansutskottet.</P>\r\n<P class=\"p20 ft4\">Under beredningen av propositionen har synpunkter inhämtats från Riksgäldskontoret.</P>\r\n<P class=\"p21 ft3\">Skäl för ändringar i statens budget</P>\r\n<P class=\"p22 ft2\">Enligt riksdagsordningen får regeringen vid högst två tillfällen lämna en proposition med förslag till ändringar i statens budget för det löpande budgetåret (9 kap. 6 § första stycket). En sådan proposition lämnas i anslutning till budgetpropositionen eller den ekonomiska vårpropositionen (tilläggsbestämmelse 9.6.1). Förslag om ändringar i budgeten får dock även lämnas vid andra tillfällen om det finns särskilda skäl (9 kap. 6 § andra stycket).</P>\r\n<P class=\"p23 ft8\">Då frågan om kapitalhöjning beslutades av direktörsstyrelsen först i december 2018 kunde något förslag om detta inte tas in i budgetpropositionen för 2019. Kapitalhöjningen måste vidare genomföras i anslutning till Storbritanniens aviserade utträde ur EU den 29 mars 2019. Mot denna bakgrund anser regeringen att det finns särskilda skäl att lämna förslag om ändringar i statens budget för 2019.</P>\r\n<TABLE cellpadding=0 cellspacing=0 class=\"t4\">\r\n<TR>\r\n\t<TD class=\"tr0 td14\"><SPAN class=\"p10 ft6\"> </SPAN> </TD>\r\n\t<TD class=\"tr0 td15\"><SPAN class=\"p24 ft1\">3</SPAN> </TD>\r\n\t<TD class=\"tr0 td16\"><SPAN class=\"p25 ft1\">Europeiska investeringsbanken och dess</SPAN> </TD>\r\n</TR>\r\n<TR>\r\n\t<TD class=\"tr7 td14\"><SPAN class=\"p10 ft6\"> </SPAN> </TD>\r\n\t<TD class=\"tr7 td15\"><SPAN class=\"p10 ft6\"> </SPAN> </TD>\r\n\t<TD class=\"tr7 td16\"><SPAN class=\"p25 ft1\">kapital</SPAN> </TD>\r\n</TR>\r\n<TR>\r\n\t<TD class=\"tr5 td14\"><SPAN class=\"p10 ft6\"> </SPAN> </TD>\r\n\t<TD colspan=2 class=\"tr5 td17\"><SPAN class=\"p24 ft2\">EIB är en fristående institution inom EU som inrättades 1958. Medlem-</SPAN> </TD>\r\n</TR>\r\n<TR>\r\n\t<TD class=\"tr8 td14\"><SPAN class=\"p10 ft6\"> </SPAN> </TD>\r\n\t<TD colspan=2 class=\"tr8 td17\"><SPAN class=\"p24 ft2\">skap i EIB följer automatiskt med ett medlemskap i EU. Sverige blev</SPAN> </TD>\r\n</TR>\r\n<TR>\r\n\t<TD class=\"tr8 td14\"><SPAN class=\"p10 ft6\"> </SPAN> </TD>\r\n\t<TD class=\"tr8 td15\"><SPAN class=\"p24 ft2\">således</SPAN> </TD>\r\n\t<TD class=\"tr8 td16\"><SPAN class=\"p12 ft2\">medlem i banken i samband med <NOBR>EU-inträdet</NOBR> 1995 (se</SPAN> </TD>\r\n</TR>\r\n<TR>\r\n\t<TD class=\"tr9 td14\"><SPAN class=\"p10 ft6\"> </SPAN> </TD>\r\n\t<TD colspan=2 class=\"tr9 td17\"><SPAN class=\"p24 ft2\">prop. 1994/95:40). Bankens huvudsyfte är att bidra till att utveckla den</SPAN> </TD>\r\n</TR>\r\n<TR>\r\n\t<TD class=\"tr8 td14\"><SPAN class=\"p10 ft6\"> </SPAN> </TD>\r\n\t<TD colspan=2 class=\"tr8 td17\"><SPAN class=\"p24 ft2\">inre marknaden. Det sker genom långsiktig finansiering av samhällseko-</SPAN> </TD>\r\n</TR>\r\n<TR>\r\n\t<TD class=\"tr8 td14\"><SPAN class=\"p10 ft6\"> </SPAN> </TD>\r\n\t<TD colspan=2 class=\"tr8 td17\"><SPAN class=\"p24 ft2\">nomiskt lönsamma projekt, exempelvis inom forskning och utveckling,</SPAN> </TD>\r\n</TR>\r\n<TR>\r\n\t<TD class=\"tr9 td14\"><SPAN class=\"p10 ft6\"> </SPAN> </TD>\r\n\t<TD colspan=2 class=\"tr9 td17\"><SPAN class=\"p24 ft2\">infrastruktur, och till små- och medelstora företag.</SPAN> </TD>\r\n</TR>\r\n<TR>\r\n\t<TD class=\"tr8 td14\"><SPAN class=\"p10 ft6\"> </SPAN> </TD>\r\n\t<TD colspan=2 class=\"tr8 td17\"><SPAN class=\"p12 ft2\">EIB:s grundkapital består av inbetalt kapital och garantikapital. Inbetalt</SPAN> </TD>\r\n</TR>\r\n<TR>\r\n\t<TD class=\"tr8 td14\"><SPAN class=\"p10 ft6\"> </SPAN> </TD>\r\n\t<TD colspan=2 class=\"tr8 td17\"><SPAN class=\"p24 ft2\">kapital uppgår till 8,9 procent av grundkapitalet. Resterande del utgörs av</SPAN> </TD>\r\n</TR>\r\n<TR>\r\n\t<TD class=\"tr9 td14\"><SPAN class=\"p10 ft6\"> </SPAN> </TD>\r\n\t<TD colspan=2 class=\"tr9 td17\"><SPAN class=\"p24 ft2\">garantikapital. EU:s medlemsländer står gemensamt som garanter för</SPAN> </TD>\r\n</TR>\r\n<TR>\r\n\t<TD class=\"tr8 td14\"><SPAN class=\"p10 ft6\"> </SPAN> </TD>\r\n\t<TD class=\"tr8 td15\"><SPAN class=\"p24 ft2\">banken.</SPAN> </TD>\r\n\t<TD class=\"tr8 td16\"><SPAN class=\"p10 ft6\"> </SPAN> </TD>\r\n</TR>\r\n<TR>\r\n\t<TD class=\"tr8 td14\"><SPAN class=\"p10 ft6\"> </SPAN> </TD>\r\n\t<TD colspan=2 class=\"tr8 td17\"><SPAN class=\"p12 ft2\">EIB har en betydande låneportfölj. Vid utgången av 2017 uppgick ban-</SPAN> </TD>\r\n</TR>\r\n<TR>\r\n\t<TD class=\"tr9 td14\"><SPAN class=\"p10 ft6\"> </SPAN> </TD>\r\n\t<TD colspan=2 class=\"tr9 td17\"><SPAN class=\"p24 ft2\">kens utestående lån till ca 455 miljarder euro.</SPAN> </TD>\r\n</TR>\r\n<TR>\r\n\t<TD rowspan=2 class=\"tr10 td14\"><SPAN class=\"p12 ft2\">4</SPAN> </TD>\r\n\t<TD colspan=2 class=\"tr8 td17\"><SPAN class=\"p12 ft2\">Sverige deltog senast i en kapitalhöjning i EIB 2013 (prop. 2012/13:1</SPAN> </TD>\r\n</TR>\r\n<TR>\r\n\t<TD colspan=2 class=\"tr11 td17\"><SPAN class=\"p24 ft2\">utg.omr. 2, bet. 2012/13:FiU2, rskr 2012/13:132). Dessförinnan deltog</SPAN> </TD>\r\n</TR>\r\n</TABLE>\r\n</DIV>\r\n<DIV id=\"page_5\">\r\n<DIV id=\"p5dimg1\">\r\n<INGENBILD zsrc=\"H603465x1.jpg/\" id=\"p5img1\">\r\n</DIV>\r\n\r\n\r\n<TABLE cellpadding=0 cellspacing=0 class=\"t5\">\r\n<TR>\r\n\t<TD colspan=4 class=\"tr12 td18\"><SPAN class=\"p10 ft2\">Sverige i kapitalhöjningar 2009 (prop. 2008/09:116, bet. 2008/09:FiU36,</SPAN> </TD>\r\n\t<TD class=\"tr12 td11\"><SPAN class=\"p10 ft2\">Prop. 2018/19:46</SPAN> </TD>\r\n</TR>\r\n<TR>\r\n\t<TD class=\"tr8 td19\"><SPAN class=\"p10 ft2\">rskr 2008/09:200)</SPAN> </TD>\r\n\t<TD class=\"tr8 td20\"><SPAN class=\"p10 ft2\">och</SPAN> </TD>\r\n\t<TD class=\"tr8 td21\"><SPAN class=\"p26 ft2\">2003</SPAN> </TD>\r\n\t<TD class=\"tr8 td22\"><SPAN class=\"p10 ft2\">(prop. 2002/03:1 utg.omr. 2,</SPAN> </TD>\r\n\t<TD class=\"tr8 td11\"><SPAN class=\"p10 ft6\"> </SPAN> </TD>\r\n</TR>\r\n<TR>\r\n\t<TD colspan=3 class=\"tr11 td23\"><SPAN class=\"p10 ft2\">bet. 2002/03:FiU2, rskr. 2002/03:85).</SPAN> </TD>\r\n\t<TD class=\"tr11 td22\"><SPAN class=\"p10 ft6\"> </SPAN> </TD>\r\n\t<TD class=\"tr11 td11\"><SPAN class=\"p10 ft6\"> </SPAN> </TD>\r\n</TR>\r\n</TABLE>\r\n<P class=\"p27 ft1\"><SPAN class=\"ft1\">4</SPAN><SPAN class=\"ft11\">Sveriges medverkan i kapitalhöjningen</SPAN></P>\r\n<P class=\"p28 ft8\"><SPAN class=\"ft12\">Regeringens förslag: </SPAN>Riksdagen godkänner att Sverige under 2019 medverkar i en kapitalhöjning i Europeiska investeringsbanken (EIB), vilket för Sveriges del innebär att högst 123 460 748 euro överförs från bankens reserver till dess inbetalda kapital.</P>\r\n<P class=\"p29 ft4\">Riksdagen bemyndigar regeringen att under 2019 ställa ut statliga garantier till EIB som inklusive tidigare utfärdade garantier uppgår till högst 7 825 458 665 euro.</P>\r\n<P class=\"p30 ft2\"><SPAN class=\"ft13\">Skälen för regeringens förslag: </SPAN>När Storbritannien lämnar EU, och därmed även EIB, kan landets garantiåtagande mot banken enligt dess stadgar inte längre räknas in i bankens grundkapital. Därtill förväntas banken successivt betala tillbaka Storbritanniens inbetalda kapital i tolv årliga utbetalningar. Som skydd för EIB:s utestående lån vid utträdestillfället väntas Storbritannien ställa ut en separat garanti som motsvarar landets nuvarande garantikapital, och som sedan minskar i takt med att de lån som godkänts före utträdet återbetalas. Det åtagandet räknas emellertid inte in i bankens grundkapital och utgör endast ett tillfälligt skydd för banken.</P>\r\n<P class=\"p31 ft2\">Utan en kapitalhöjning skulle EIB till följd av Storbritanniens utträde tvingas minska utlåningen markant de närmaste åren. I annat fall skulle banken riskera att bryta mot de kapitaltäckningskrav som anges i dess stadgar. En utebliven kapitalhöjning skulle även kunna medföra en nedgradering av EIB:s höga kreditvärdighet, vilket skulle få stora konsekvenser eftersom banken i huvudsak finansierar sin verksamhet genom upplåning på den internationella kreditmarknaden.</P>\r\n<P class=\"p31 ft2\">Mot denna bakgrund beslutade EIB:s direktörsstyrelse den 11 december 2018 att rekommendera bankens guvernörsstyrelse att godkänna en överföring på 3 495 903 950 euro från bankens reserver till det inbetalda kapitalet och att bankens kvarvarande medlemsländer ökar sitt garantikapital med 35 699 118 050 euro, vilket motsvarar Storbritanniens inbetalda kapital respektive garantikapital. Kapitalet från bankens reserver och det ökade garantiåtagandet föreslås fördelas proportionerligt i förhållande medlemsländernas ägarandelar efter Storbritanniens utträde. Vidare har direktörsstyrelsen rekommenderat att Polen och Rumänien ska få utöka sitt grundkapital med 5 386 000 000 euro respektive 125 452 381 euro, eftersom de har uttryckt en önskan om att få öka sina ägarandelar till följd av att de är underrepresenterade i banken i förhållande till sin relativa ekonomisk storlek. Den asymmetriska kapitalhöjningen finansieras i sin helhet av Polen och Rumänien. Kapitalhöjningen innebär att bankens totala inbetalda kapital och garantikapital väntas öka med 5 511 452 381 euro till 248 795 606 881 euro.</P>\r\n<P class=\"p32 ft2\">5</P>\r\n</DIV>\r\n<DIV id=\"page_6\">\r\n\r\n\r\n<TABLE cellpadding=0 cellspacing=0 class=\"t6\">\r\n<TR>\r\n\t<TD class=\"tr12 td24\"><SPAN class=\"p10 ft2\">Prop. 2018/19:46</SPAN> </TD>\r\n\t<TD colspan=10 class=\"tr12 td25\"><SPAN class=\"p12 ft2\">När Storbritannien lämnar EIB blir alla återstående medlemsländers</SPAN> </TD>\r\n</TR>\r\n<TR>\r\n\t<TD class=\"tr9 td24\"><SPAN class=\"p10 ft6\"> </SPAN> </TD>\r\n\t<TD colspan=10 class=\"tr9 td25\"><SPAN class=\"p12 ft2\">ägarandelar per automatik något högre eftersom Storbritanniens ägarandel</SPAN> </TD>\r\n</TR>\r\n<TR>\r\n\t<TD class=\"tr8 td24\"><SPAN class=\"p10 ft6\"> </SPAN> </TD>\r\n\t<TD colspan=10 class=\"tr8 td25\"><SPAN class=\"p12 ft2\">om 16,1 procent fördelas mellan de kvarvarande länderna i förhållande till</SPAN> </TD>\r\n</TR>\r\n<TR>\r\n\t<TD class=\"tr8 td24\"><SPAN class=\"p10 ft6\"> </SPAN> </TD>\r\n\t<TD colspan=10 class=\"tr8 td25\"><SPAN class=\"p12 ft2\">deras ägarandel. Sveriges ägarandel kommer att öka från 2,96 procent till</SPAN> </TD>\r\n</TR>\r\n<TR>\r\n\t<TD class=\"tr9 td24\"><SPAN class=\"p10 ft6\"> </SPAN> </TD>\r\n\t<TD colspan=10 class=\"tr9 td25\"><SPAN class=\"p12 ft2\">3,45 procent. Eftersom Polen och Rumänien önskar utöka sitt grundkapital</SPAN> </TD>\r\n</TR>\r\n<TR>\r\n\t<TD class=\"tr8 td24\"><SPAN class=\"p10 ft6\"> </SPAN> </TD>\r\n\t<TD colspan=10 class=\"tr8 td25\"><SPAN class=\"p12 ft2\">utöver deras andel av det brittiska kapitalet kommer deras ägarandelar att</SPAN> </TD>\r\n</TR>\r\n<TR>\r\n\t<TD class=\"tr8 td24\"><SPAN class=\"p10 ft6\"> </SPAN> </TD>\r\n\t<TD colspan=10 class=\"tr8 td25\"><SPAN class=\"p33 ft2\">öka mer än vad som föranleds av Storbritanniens utträde. Polen kommer</SPAN> </TD>\r\n</TR>\r\n<TR>\r\n\t<TD class=\"tr9 td24\"><SPAN class=\"p10 ft6\"> </SPAN> </TD>\r\n\t<TD colspan=8 class=\"tr9 td26\"><SPAN class=\"p10 ft2\">efter kapitalhöjningen att äga 4,57 procent av banken</SPAN> </TD>\r\n\t<TD class=\"tr9 td27\"><SPAN class=\"p34 ft2\">och</SPAN> </TD>\r\n\t<TD class=\"tr9 td28\"><SPAN class=\"p12 ft2\">Rumänien</SPAN> </TD>\r\n</TR>\r\n<TR>\r\n\t<TD class=\"tr8 td24\"><SPAN class=\"p10 ft6\"> </SPAN> </TD>\r\n\t<TD colspan=2 class=\"tr8 td4\"><SPAN class=\"p10 ft2\">0,66 procent.</SPAN> </TD>\r\n\t<TD class=\"tr8 td29\"><SPAN class=\"p10 ft6\"> </SPAN> </TD>\r\n\t<TD class=\"tr8 td30\"><SPAN class=\"p10 ft6\"> </SPAN> </TD>\r\n\t<TD class=\"tr8 td31\"><SPAN class=\"p10 ft6\"> </SPAN> </TD>\r\n\t<TD class=\"tr8 td32\"><SPAN class=\"p10 ft6\"> </SPAN> </TD>\r\n\t<TD class=\"tr8 td32\"><SPAN class=\"p10 ft6\"> </SPAN> </TD>\r\n\t<TD class=\"tr8 td33\"><SPAN class=\"p10 ft6\"> </SPAN> </TD>\r\n\t<TD class=\"tr8 td27\"><SPAN class=\"p10 ft6\"> </SPAN> </TD>\r\n\t<TD class=\"tr8 td28\"><SPAN class=\"p10 ft6\"> </SPAN> </TD>\r\n</TR>\r\n<TR>\r\n\t<TD class=\"tr8 td24\"><SPAN class=\"p10 ft6\"> </SPAN> </TD>\r\n\t<TD colspan=10 class=\"tr8 td25\"><SPAN class=\"p12 ft2\">EIB:s direktörsstyrelse har även föreslagit att bankens stadgar ska ändras</SPAN> </TD>\r\n</TR>\r\n<TR>\r\n\t<TD class=\"tr9 td24\"><SPAN class=\"p10 ft6\"> </SPAN> </TD>\r\n\t<TD colspan=10 class=\"tr9 td25\"><SPAN class=\"p12 ft2\">så att de återspeglar storleken och fördelningen av ägarkapitalet efter</SPAN> </TD>\r\n</TR>\r\n<TR>\r\n\t<TD class=\"tr8 td24\"><SPAN class=\"p10 ft6\"> </SPAN> </TD>\r\n\t<TD colspan=10 class=\"tr8 td25\"><SPAN class=\"p12 ft2\">kapitalhöjningen. Vidare har direktörsstyrelsen föreslagit att stadgarna</SPAN> </TD>\r\n</TR>\r\n<TR>\r\n\t<TD class=\"tr8 td24\"><SPAN class=\"p10 ft6\"> </SPAN> </TD>\r\n\t<TD colspan=10 class=\"tr8 td25\"><SPAN class=\"p12 ft2\">ändras så antalet suppleanter i styrelsen ökar. Detta ska möjliggöra för</SPAN> </TD>\r\n</TR>\r\n<TR>\r\n\t<TD class=\"tr9 td24\"><SPAN class=\"p10 ft6\"> </SPAN> </TD>\r\n\t<TD colspan=10 class=\"tr9 td25\"><SPAN class=\"p12 ft2\">samtliga av bankens medlemsländer att kunna representeras av en egen</SPAN> </TD>\r\n</TR>\r\n<TR>\r\n\t<TD class=\"tr8 td24\"><SPAN class=\"p10 ft6\"> </SPAN> </TD>\r\n\t<TD colspan=10 class=\"tr8 td25\"><SPAN class=\"p12 ft2\">suppleant. Tyskland, Frankrike och Italien kommer dock även fortsätt-</SPAN> </TD>\r\n</TR>\r\n<TR>\r\n\t<TD class=\"tr8 td24\"><SPAN class=\"p10 ft6\"> </SPAN> </TD>\r\n\t<TD colspan=10 class=\"tr8 td25\"><SPAN class=\"p12 ft14\">ningsvis få nominera två suppleanter vardera. Dessutom föreslås stadgarna</SPAN> </TD>\r\n</TR>\r\n<TR>\r\n\t<TD class=\"tr9 td24\"><SPAN class=\"p10 ft6\"> </SPAN> </TD>\r\n\t<TD colspan=10 class=\"tr9 td25\"><SPAN class=\"p12 ft2\">ändras för att utöka användningen av kvalificerad majoritet vid omröst-</SPAN> </TD>\r\n</TR>\r\n<TR>\r\n\t<TD class=\"tr8 td24\"><SPAN class=\"p10 ft6\"> </SPAN> </TD>\r\n\t<TD colspan=10 class=\"tr8 td25\"><SPAN class=\"p12 ft2\">ningar i direktörsstyrelsen och i guvernörsstyrelsen. Förslaget innebär att</SPAN> </TD>\r\n</TR>\r\n<TR>\r\n\t<TD class=\"tr8 td24\"><SPAN class=\"p10 ft6\"> </SPAN> </TD>\r\n\t<TD colspan=10 class=\"tr8 td25\"><SPAN class=\"p12 ft2\">beslut om bankens arbetsordning, verksamhetsplan och medlemmar i ban-</SPAN> </TD>\r\n</TR>\r\n<TR>\r\n\t<TD class=\"tr9 td24\"><SPAN class=\"p10 ft6\"> </SPAN> </TD>\r\n\t<TD colspan=10 class=\"tr9 td25\"><SPAN class=\"p12 ft2\">kens direktion framöver kommer att beslutas med kvalificerad majoritet, i</SPAN> </TD>\r\n</TR>\r\n<TR>\r\n\t<TD class=\"tr8 td24\"><SPAN class=\"p10 ft6\"> </SPAN> </TD>\r\n\t<TD colspan=7 class=\"tr8 td34\"><SPAN class=\"p10 ft2\">stället för enkel majoritet som är fallet i dag.</SPAN> </TD>\r\n\t<TD class=\"tr8 td33\"><SPAN class=\"p10 ft6\"> </SPAN> </TD>\r\n\t<TD class=\"tr8 td27\"><SPAN class=\"p10 ft6\"> </SPAN> </TD>\r\n\t<TD class=\"tr8 td28\"><SPAN class=\"p10 ft6\"> </SPAN> </TD>\r\n</TR>\r\n<TR>\r\n\t<TD class=\"tr8 td24\"><SPAN class=\"p10 ft6\"> </SPAN> </TD>\r\n\t<TD colspan=10 class=\"tr8 td25\"><SPAN class=\"p12 ft2\">Beslut om ändringar av bankens stadgar fattas av Europeiska unionens</SPAN> </TD>\r\n</TR>\r\n<TR>\r\n\t<TD class=\"tr9 td24\"><SPAN class=\"p10 ft6\"> </SPAN> </TD>\r\n\t<TD colspan=10 class=\"tr9 td25\"><SPAN class=\"p12 ft14\">råd. Den svenska ståndpunkten avseende stadgeändringarna har överlagts</SPAN> </TD>\r\n</TR>\r\n<TR>\r\n\t<TD class=\"tr8 td24\"><SPAN class=\"p10 ft6\"> </SPAN> </TD>\r\n\t<TD colspan=10 class=\"tr8 td25\"><SPAN class=\"p12 ft2\">i finansutskottet, men kommer på sedvanligt sätt även att vara föremål för</SPAN> </TD>\r\n</TR>\r\n<TR>\r\n\t<TD class=\"tr8 td24\"><SPAN class=\"p10 ft6\"> </SPAN> </TD>\r\n\t<TD colspan=7 class=\"tr8 td34\"><SPAN class=\"p10 ft2\">samråd med <NOBR>EU-nämnden</NOBR> inför rådets beslut.</SPAN> </TD>\r\n\t<TD class=\"tr8 td33\"><SPAN class=\"p10 ft6\"> </SPAN> </TD>\r\n\t<TD class=\"tr8 td27\"><SPAN class=\"p10 ft6\"> </SPAN> </TD>\r\n\t<TD class=\"tr8 td28\"><SPAN class=\"p10 ft6\"> </SPAN> </TD>\r\n</TR>\r\n<TR>\r\n\t<TD class=\"tr9 td24\"><SPAN class=\"p10 ft6\"> </SPAN> </TD>\r\n\t<TD colspan=10 class=\"tr9 td25\"><SPAN class=\"p12 ft2\">Regeringen anser att EIB:s verksamhet utgör ett värdefullt bidrag för att</SPAN> </TD>\r\n</TR>\r\n<TR>\r\n\t<TD class=\"tr8 td24\"><SPAN class=\"p10 ft6\"> </SPAN> </TD>\r\n\t<TD colspan=10 class=\"tr8 td25\"><SPAN class=\"p12 ft2\">utveckla och stärka EU:s inre marknad och för att förbättra förutsätt-</SPAN> </TD>\r\n</TR>\r\n<TR>\r\n\t<TD class=\"tr8 td24\"><SPAN class=\"p10 ft6\"> </SPAN> </TD>\r\n\t<TD colspan=10 class=\"tr8 td25\"><SPAN class=\"p12 ft2\">ningarna för en stark och hållbar tillväxt i EU. Efterfrågan på lån från EIB</SPAN> </TD>\r\n</TR>\r\n<TR>\r\n\t<TD class=\"tr9 td24\"><SPAN class=\"p10 ft6\"> </SPAN> </TD>\r\n\t<TD colspan=9 class=\"tr9 td35\"><SPAN class=\"p10 ft2\">är fortsatt hög i många länder inom EU och i dess närområde.</SPAN> </TD>\r\n\t<TD class=\"tr9 td28\"><SPAN class=\"p10 ft6\"> </SPAN> </TD>\r\n</TR>\r\n<TR>\r\n\t<TD class=\"tr8 td24\"><SPAN class=\"p10 ft6\"> </SPAN> </TD>\r\n\t<TD colspan=10 class=\"tr8 td25\"><SPAN class=\"p12 ft2\">Mot denna bakgrund föreslår regeringen att riksdagen godkänner att</SPAN> </TD>\r\n</TR>\r\n<TR>\r\n\t<TD class=\"tr8 td24\"><SPAN class=\"p10 ft6\"> </SPAN> </TD>\r\n\t<TD colspan=10 class=\"tr8 td25\"><SPAN class=\"p12 ft2\">Sverige under 2019 medverkar i kapitalhöjningen i EIB. Det innebär för</SPAN> </TD>\r\n</TR>\r\n<TR>\r\n\t<TD class=\"tr9 td24\"><SPAN class=\"p10 ft6\"> </SPAN> </TD>\r\n\t<TD colspan=10 class=\"tr9 td25\"><SPAN class=\"p12 ft2\">Sveriges del att högst 123 460 748 euro förs över från bankens tillgängliga</SPAN> </TD>\r\n</TR>\r\n<TR>\r\n\t<TD class=\"tr8 td24\"><SPAN class=\"p10 ft6\"> </SPAN> </TD>\r\n\t<TD colspan=10 class=\"tr8 td25\"><SPAN class=\"p12 ft2\">reserver till Sveriges inbetalda kapital i banken, vilket den 18 januari 2019,</SPAN> </TD>\r\n</TR>\r\n<TR>\r\n\t<TD class=\"tr8 td24\"><SPAN class=\"p10 ft6\"> </SPAN> </TD>\r\n\t<TD class=\"tr8 td36\"><SPAN class=\"p10 ft2\">enligt</SPAN> </TD>\r\n\t<TD colspan=3 class=\"tr8 td24\"><SPAN class=\"p10 ft2\">ett prognosticerat</SPAN> </TD>\r\n\t<TD colspan=3 class=\"tr8 td37\"><SPAN class=\"p35 ft2\">årsgenomsnitt,</SPAN> </TD>\r\n\t<TD colspan=2 class=\"tr8 td38\"><SPAN class=\"p36 ft2\">beräknades</SPAN> </TD>\r\n\t<TD class=\"tr8 td28\"><SPAN class=\"p12 ft2\">motsvara</SPAN> </TD>\r\n</TR>\r\n<TR>\r\n\t<TD class=\"tr9 td24\"><SPAN class=\"p10 ft6\"> </SPAN> </TD>\r\n\t<TD colspan=4 class=\"tr9 td39\"><SPAN class=\"p10 ft2\">1 283 991 779 kronor. Efter</SPAN> </TD>\r\n\t<TD colspan=3 class=\"tr9 td37\"><SPAN class=\"p10 ft2\">kapitalhöjningen</SPAN> </TD>\r\n\t<TD class=\"tr9 td33\"><SPAN class=\"p10 ft2\">kommer</SPAN> </TD>\r\n\t<TD colspan=2 class=\"tr9 td40\"><SPAN class=\"p12 ft2\">Sveriges totala</SPAN> </TD>\r\n</TR>\r\n<TR>\r\n\t<TD class=\"tr8 td24\"><SPAN class=\"p10 ft6\"> </SPAN> </TD>\r\n\t<TD colspan=4 class=\"tr8 td39\"><SPAN class=\"p10 ft2\">inbetalda kapital att uppgå</SPAN> </TD>\r\n\t<TD class=\"tr8 td31\"><SPAN class=\"p1 ft2\">till</SPAN> </TD>\r\n\t<TD class=\"tr8 td32\"><SPAN class=\"p10 ft2\">högst</SPAN> </TD>\r\n\t<TD colspan=4 class=\"tr8 td41\"><SPAN class=\"p12 ft2\">766 323 048 euro, motsvarande</SPAN> </TD>\r\n</TR>\r\n<TR>\r\n\t<TD class=\"tr8 td24\"><SPAN class=\"p10 ft6\"> </SPAN> </TD>\r\n\t<TD colspan=10 class=\"tr8 td25\"><SPAN class=\"p12 ft2\">7 969 759 699 kronor. Regeringen bör vidare bemyndigas att under 2019</SPAN> </TD>\r\n</TR>\r\n<TR>\r\n\t<TD class=\"tr9 td24\"><SPAN class=\"p10 ft6\"> </SPAN> </TD>\r\n\t<TD colspan=10 class=\"tr9 td25\"><SPAN class=\"p12 ft2\">ställa ut statliga garantier till EIB som inklusive tidigare utfärdade</SPAN> </TD>\r\n</TR>\r\n<TR>\r\n\t<TD class=\"tr8 td24\"><SPAN class=\"p10 ft6\"> </SPAN> </TD>\r\n\t<TD class=\"tr8 td36\"><SPAN class=\"p10 ft2\">garantier</SPAN> </TD>\r\n\t<TD class=\"tr8 td28\"><SPAN class=\"p37 ft14\">uppgår</SPAN> </TD>\r\n\t<TD class=\"tr8 td29\"><SPAN class=\"p37 ft2\">till</SPAN> </TD>\r\n\t<TD colspan=2 class=\"tr8 td42\"><SPAN class=\"p35 ft14\">högst</SPAN> </TD>\r\n\t<TD colspan=3 class=\"tr8 td43\"><SPAN class=\"p38 ft2\">7 825 458 665 euro,</SPAN> </TD>\r\n\t<TD colspan=2 class=\"tr8 td40\"><SPAN class=\"p12 ft2\">motsvarande</SPAN> </TD>\r\n</TR>\r\n<TR>\r\n\t<TD class=\"tr8 td24\"><SPAN class=\"p10 ft6\"> </SPAN> </TD>\r\n\t<TD colspan=3 class=\"tr8 td44\"><SPAN class=\"p10 ft2\">81 384 770 116 kronor.</SPAN> </TD>\r\n\t<TD colspan=3 class=\"tr8 td45\"><SPAN class=\"p10 ft2\">Det innebär</SPAN> </TD>\r\n\t<TD class=\"tr8 td32\"><SPAN class=\"p39 ft2\">en</SPAN> </TD>\r\n\t<TD class=\"tr8 td33\"><SPAN class=\"p40 ft2\">ökning</SPAN> </TD>\r\n\t<TD class=\"tr8 td27\"><SPAN class=\"p41 ft2\">av</SPAN> </TD>\r\n\t<TD class=\"tr8 td28\"><SPAN class=\"p12 ft2\">Sveriges</SPAN> </TD>\r\n</TR>\r\n<TR>\r\n\t<TD class=\"tr9 td24\"><SPAN class=\"p10 ft6\"> </SPAN> </TD>\r\n\t<TD colspan=2 class=\"tr9 td4\"><SPAN class=\"p10 ft2\">garantiåtagande</SPAN> </TD>\r\n\t<TD class=\"tr9 td29\"><SPAN class=\"p10 ft2\">med</SPAN> </TD>\r\n\t<TD colspan=2 class=\"tr9 td42\"><SPAN class=\"p10 ft2\">högst</SPAN> </TD>\r\n\t<TD colspan=3 class=\"tr9 td43\"><SPAN class=\"p42 ft2\">1 260 743 965 euro,</SPAN> </TD>\r\n\t<TD colspan=2 class=\"tr9 td40\"><SPAN class=\"p12 ft2\">motsvararande</SPAN> </TD>\r\n</TR>\r\n<TR>\r\n\t<TD class=\"tr11 td24\"><SPAN class=\"p10 ft6\"> </SPAN> </TD>\r\n\t<TD colspan=3 class=\"tr11 td44\"><SPAN class=\"p10 ft2\">13 111 737 236 kronor.</SPAN> </TD>\r\n\t<TD class=\"tr11 td30\"><SPAN class=\"p10 ft6\"> </SPAN> </TD>\r\n\t<TD class=\"tr11 td31\"><SPAN class=\"p10 ft6\"> </SPAN> </TD>\r\n\t<TD class=\"tr11 td32\"><SPAN class=\"p10 ft6\"> </SPAN> </TD>\r\n\t<TD class=\"tr11 td32\"><SPAN class=\"p10 ft6\"> </SPAN> </TD>\r\n\t<TD class=\"tr11 td33\"><SPAN class=\"p10 ft6\"> </SPAN> </TD>\r\n\t<TD class=\"tr11 td27\"><SPAN class=\"p10 ft6\"> </SPAN> </TD>\r\n\t<TD class=\"tr11 td28\"><SPAN class=\"p10 ft6\"> </SPAN> </TD>\r\n</TR>\r\n</TABLE>\r\n<P class=\"p43 ft1\"><SPAN class=\"ft1\">5</SPAN><SPAN class=\"ft15\">Ekonomiska konsekvenser</SPAN></P>\r\n<P class=\"p44 ft4\">Eftersom höjningen av det inbetalda kapitalet sker genom en överföring från EIB:s reserver innebär den inga direkta betalningsförpliktelser för</P>\r\n<P class=\"p45 ft2\">6</P>\r\n</DIV>\r\n<DIV id=\"page_7\">\r\n\r\n\r\n<DIV>\r\n<DIV id=\"id_1\">\r\n<P class=\"p46 ft8\">Sverige gentemot banken. Kapitalhöjningen medför dock en indirekt kostnad, eftersom medel ur bankens reserver hade kunnat användas som en buffert för framtida kreditförluster i banken.</P>\r\n<P class=\"p47 ft2\">Garantikapitalet är det belopp som Sverige och andra medlemsländer förbinder sig att tillhandahålla banken vid behov. Det betalas endast ut till banken om garantierna skulle infrias, exempelvis om bankens förluster skulle vara så stora att bankens egna reserver inte räcker till för att täcka förlusterna. Om garantierna infrias skulle det påverka statsbudgetens saldo, statsskulden och det finansiella sparandet negativt. EIB:s status som prioriterad fordringsägare och dess konservativa kreditgivning utgör dock goda förutsättningar för att garantiåtagandet inte ska behöva infrias. Sedan Sverige blev delägare i banken har garantikapitalet aldrig tagits i anspråk. Riksgäldskontoret har även bedömt att risken för att statens garantier, inklusive de till EIB, ska leda till stora förluster för Sverige är låg och inga avsättningar görs därför för det utställda garantikapitalet. Därmed påverkar höjningen av garantikapitalet varken statsbudgetens saldo, statsskulden eller det finansiella sparandet.</P>\r\n</DIV>\r\n<DIV id=\"id_2\">\r\n<P class=\"p48 ft2\">Prop. 2018/19:46</P>\r\n<P class=\"p49 ft2\">7</P>\r\n</DIV>\r\n</DIV>\r\n</DIV>\r\n<DIV id=\"page_8\">\r\n<DIV id=\"p8dimg1\">\r\n<INGENBILD zsrc=\"H603468x1.jpg/\" id=\"p8img1\">\r\n</DIV>\r\n\r\n\r\n<P class=\"p50 ft1\"><SPAN class=\"ft16\">Prop. 2018/19:46 </SPAN>Finansdepartementet</P>\r\n<P class=\"p51 ft2\">Utdrag ur protokoll vid regeringssammanträde den 7 februari 2019</P>\r\n<P class=\"p52 ft8\">Närvarande: statsminister Löfven, ordförande, och statsråden Lövin, Y Johansson, Baylan, Hallengren, Hultqvist, Andersson, Bolund, Strandhäll, Shekarabi, Ygeman, Eriksson, Ekström, Eneroth, Dahlgren, Nilsson, Ernkrans, Lindhagen</P>\r\n<P class=\"p53 ft2\">Föredragande: statsrådet Andersson</P>\r\n<P class=\"p54 ft4\">Regeringen beslutar proposition 2018/19:46 Extra ändringsbudget för 2019 – Kapitalhöjning i Europeiska investeringsbanken</P>\r\n<P class=\"p55 ft2\">8</P>\r\n</DIV>\r\n\r\n</div><style>\r\n\r\n\r\nTD,TD.p2h {\r\nzzzfont-size:90%;\r\nzzzmargin-right:2px;\r\nzzzoverflow:visable;\r\nzzzword-wrap: break-word;\r\n}\r\n\r\nP {\r\nzdisplay:block;\r\n}\r\n\r\n.divbreak {\r\nclear:both;\r\ndisplay:block;\r\nzwidth: 100%;\r\nzheight: 1px;\r\nzword-wrap: break-word;\r\n}\r\n\r\n\r\n.xecp {\r\n  display:block;\r\n  margin: 0px !important;\r\n  padding: 0px !important;\r\n  \r\n}\r\n\r\n.ec {\r\n  border-style:solid;\r\n  border-width:1px;\r\n  display:block;\r\n  margin: 0px !important;\r\n  padding: 0px !important;\r\n}\r\n\r\n.TOPS {\r\n  overflow:visable;\r\n  margin:2px;\r\n  width:690px !important;\r\n}\r\n\r\n</style>\r\n"},"dokforslag":{"forslag":[{"nummer":"1","beteckning":"1","lydelse":"Riksdagen godkänner att Sverige under 2019 medverkar i en kapitalhöjning i Europeiska investeringsbanken (EIB), vilket för Sveriges del innebär att högst 123 460 748 euro överförs från bankens reserver till bankens inbetalda kapital (avsnitt 4).","lydelse2":null,"utskottet":"Bifall","kammaren":"Bifall","behandlas_i":"2018/19:FiU33","behandlas_i_punkt":null,"kammarbeslutstyp":null,"intressent":"FiU","avsnitt":null,"grundforfattning":null,"andringsforfattning":null},{"nummer":"2","beteckning":"2","lydelse":"Riksdagen bemyndigar regeringen att under 2019 ställa ut statliga garantier till EIB som inklusive tidigare utfärdade garantier uppgår till högst 7 825 458 665 euro (avsnitt 4).","lydelse2":null,"utskottet":"Bifall","kammaren":"Bifall","behandlas_i":"2018/19:FiU33","behandlas_i_punkt":null,"kammarbeslutstyp":null,"intressent":"FiU","avsnitt":null,"grundforfattning":null,"andringsforfattning":null}]},"dokaktivitet":{"aktivitet":[{"kod":"INL","namn":"Inlämnad","datum":"2019-02-07 00:00:00","status":"inträffat","ordning":"0","process":"behandling"},{"kod":"B","namn":"Bordlagd","datum":"2019-02-07 00:00:00","status":"inträffat","ordning":"0","process":"behandling"},{"kod":"HÄN","namn":"Hänvisad","datum":"2019-02-08 00:00:00","status":"inträffat","ordning":"0","process":"behandling"},{"kod":"MOT","namn":"Motionstid slutar","datum":"2019-02-22 00:00:00","status":"inträffat","ordning":"0","process":"behandling"}]},"dokintressent":{"intressent":[{"intressent_id":"0218878014918","namn":"Stefan Löfven","partibet":"S","ordning":"1","roll":"Statsråd1"},{"intressent_id":"098412828516","namn":"Magdalena Andersson","partibet":"S","ordning":"2","roll":"Statsråd2"}]},"dokuppgift":{"uppgift":[{"kod":"inlamnatav","namn":"Inlämnat av","text":"Finansdepartementet","dok_id":"H60346","systemdatum":"2019-03-13 16:37:58"},{"kod":"tilldelat","namn":"Tilldelat","text":"Finansutskottet","dok_id":"H60346","systemdatum":"2019-03-13 16:37:58"},{"kod":"statustext","namn":"statustext","text":"Propositionen bereds i utskott","dok_id":"H60346","systemdatum":"2019-02-08 14:03:05"}]},"dokbilaga":{"bilaga":{"dok_id":"H60346","titel":"Extra ändringsbudget för 2019 - Kapitalhöjning i Europeiska investeringsbanken","subtitel":null,"filnamn":"prop_201819__46.pdf","filstorlek":"162191","filtyp":"pdf","fil_url":"http://data.riksdagen.se/fil/42655D49-A953-4578-B91D-D12C47ED8FAA"}},"dokreferens":{"referens":{"referenstyp":"behandlas_i","uppgift":"2018/19:FiU33","ref_dok_id":"H601FiU33","ref_dok_typ":"bet","ref_dok_rm":"2018/19","ref_dok_bet":"FiU33","ref_dok_titel":"Extra ändringsbudget för 2019  Kapitalhöjning i Europeiska investeringsbanken","ref_dok_subtitel":null,"ref_dok_subtyp":"bet","ref_dok_dokumentnamn":"Betänkande"}},"debatt":null}}