<dokumentstatus>
  <dokument>
    <hangar_id datatype="int32">5010471</hangar_id>
    <dok_id datatype="string">H60317</dok_id>
    <rm datatype="string">2018/19</rm>
    <beteckning datatype="string">17</beteckning>
    <typ datatype="string">prop</typ>
    <subtyp datatype="string">skr</subtyp>
    <doktyp datatype="string">prop</doktyp>
    <typrubrik datatype="string">Skrivelse 2018/19:17</typrubrik>
    <dokumentnamn datatype="string">Skrivelse</dokumentnamn>
    <debattnamn datatype="string">Proposition</debattnamn>
    <tempbeteckning datatype="string"></tempbeteckning>
    <organ datatype="string">Justitiedepartementet</organ>
    <mottagare datatype="string">JuU</mottagare>
    <nummer datatype="int32">17</nummer>
    <slutnummer datatype="int32">0</slutnummer>
    <datum datatype="datetime">2018-11-27 00:00:00</datum>
    <systemdatum datatype="datetime">2018-11-28 08:25:37</systemdatum>
    <publicerad datatype="datetime">2018-11-27 00:00:00</publicerad>
    <titel datatype="string">2018 års redogörelse för tillämpningen av lagen om särskild utlänningskontroll</titel>
    <subtitel datatype="string"></subtitel>
    <status datatype="string">Hänvisad</status>
    <htmlformat datatype="string">html-ec</htmlformat>
    <relaterat_id datatype="string"></relaterat_id>
    <source datatype="string">prop-RIM</source>
    <sourceid datatype="string">8d45fb07-7787-4ea3-a713-a31dc533a5f1</sourceid>
    <dokument_url_text datatype="stext">http://data.riksdagen.se/dokument/H60317/text</dokument_url_text>
    <dokument_url_html datatype="stext">http://data.riksdagen.se/dokument/H60317</dokument_url_html>
    <dokumentstatus_url_xml datatype="stext">http://data.riksdagen.se/dokumentstatus/H60317</dokumentstatus_url_xml>
    <html datatype="text">&lt;div style="margin:3px;"&gt;
&lt;STYLE type="text/css"&gt;

body {margin-top: 0px;margin-left: 0px;}

#page_1 {position:relative; overflow: hidden;z:b;margin:10px 0px 21px 10px ;padding: 0px;border: none;width: 766px;}

#page_1 #p1dimg1 {position:absolute;top:0px;left:546px;z-index:-1;width:54px;height:97px;}
#page_1 #p1dimg1 #p1img1 {width:54px;height:97px;}




#page_2 {position:relative; overflow: hidden;z:b;margin:16px 0px 21px 10px ;padding: 0px;border: none;width: 676px;}





#page_3 {position:relative; overflow: hidden;z:b;margin:16px 0px 21px 10px ;padding: 0px;border: none;width: 766px;}





#page_4 {position:relative; overflow: hidden;z:b;margin:16px 0px 21px 10px ;padding: 0px;border: none;width: 676px;}





#page_5 {position:relative; overflow: hidden;z:b;margin:16px 0px 21px 10px ;padding: 0px;border: none;width: 676px;}





#page_6 {position:relative; overflow: hidden;z:b;margin:16px 0px 21px 10px ;padding: 0px;border: none;width: 676px;}
#page_6 #id_1 {border:none;z:b;margin:0px 0px 0px 10px ;padding: 0px;border:none;width: 496px;overflow: hidden;}
#page_6 #id_2 {border:none;z:b;margin:15px 0px 0px 10px ;padding: 0px;border:none;width: 676px;overflow: hidden;}
#page_6 #id_2 #id_2_1 {float:left;border:none;z:b;margin:92px 0px 0px 10px ;padding: 0px;border:none;width: 90px;overflow: hidden;}
#page_6 #id_2 #id_2_2 {float:left;border:none;z:b;margin:0px 0px 0px 10px ;padding: 0px;border:none;width: 541px;overflow: hidden;}





#page_7 {position:relative; overflow: hidden;z:b;margin:16px 0px 21px 10px ;padding: 0px;border: none;width: 676px;}
#page_7 #id_1 {float:left;border:none;z:b;margin:0px 0px 0px 10px ;padding: 0px;border:none;width: 451px;overflow: hidden;}
#page_7 #id_2 {float:left;border:none;z:b;margin:0px 0px 0px 10px ;padding: 0px;border:none;width: 135px;overflow: hidden;}





#page_8 {position:relative; overflow: hidden;z:b;margin:15px 0px 21px 10px ;padding: 0px;border: none;width: 586px;}





#page_9 {position:relative; overflow: hidden;z:b;margin:15px 0px 21px 10px ;padding: 0px;border: none;width: 586px;}





#page_10 {position:relative; overflow: hidden;z:b;margin:16px 0px 21px 10px ;padding: 0px;border: none;width: 721px;}





#page_11 {position:relative; overflow: hidden;z:b;margin:16px 0px 21px 10px ;padding: 0px;border: none;width: 766px;}

#page_11 #p11dimg1 {position:absolute;top:235px;left:63px;z-index:-1;width:112px;height:1px;font-size: 1px !important;l-h:nHeight;}
#page_11 #p11dimg1 #p11img1 {width:112px;height:1px;}




.dclr {clear:both;float:none;height:1px;margin:0px;padding:0px;overflow:hidden;}

.ft0{font:  18px 'Verdana' !important;l-h: 29px;}
.ft1{font:  14px 'Verdana' !important;l-h: 22px;}
.ft2{font:  12px 'Verdana' !important;l-h: 15px;}
.ft3{font: italic  12px 'Verdana' !important;l-h: 15px;}
.ft4{font:  10px 'Verdana' !important;l-h: 1px;}
.ft5{font:  14px 'Verdana' !important;margin-left: 51px;l-h: 22px;}
.ft6{font:  14px 'Verdana' !important;margin-left: 50px;l-h: 22px;}
.ft7{font:  10px 'Verdana' !important;l-h: 5px;}

.p0{text-align: left;padding-left: 0px;padding-right: 441px;margin-top: 26px;margin-bottom: 0px !important;}
.p1{text-align: left;padding-left: 0px;margin-top: 0px;margin-bottom: 0px !important;white-space: nowrap;}
.p2{text-align: left;padding-left: 0px;margin-top: 0px;margin-bottom: 0px !important;white-space: nowrap;}
.p3{text-align: left;padding-left: 0px;margin-top: 20px;margin-bottom: 0px !important;}
.p4{text-align: left;padding-left: 0px;margin-top: 16px;margin-bottom: 0px !important;}
.p5{text-align: left;padding-left: 0px;margin-top: 31px;margin-bottom: 0px !important;}
.p6{text-align: left;padding-left: 180px;padding-right: 378px;margin-top: 20px;margin-bottom: 0px !important;}
.p7{text-align: left;padding-left: 0px;margin-top: 52px;margin-bottom: 0px !important;}
.p8{text-align: left;padding-left: 0px;padding-right: 168px;margin-top: 28px;margin-bottom: 0px !important;}
.p9{text-align: left;padding-left: 0px;padding-right: 168px;margin-top: 1px;margin-bottom: 0px !important;text-indent: 11px;}
.p10{text-align: right;padding-right: 42px;margin-top: 245px;margin-bottom: 0px !important;}
.p11{text-align: left;margin-top: 0px;margin-bottom: 0px !important;}
.p12{text-align: left;padding-left: 0px;margin-top: 21px;margin-bottom: 0px !important;}
.p13{text-align: left;margin-top: 0px;margin-bottom: 0px !important;white-space: nowrap;}
.p14{text-align: left;padding-left: 0px;margin-top: 0px;margin-bottom: 0px !important;white-space: nowrap;}
.p15{text-align: right;margin-top: 0px;margin-bottom: 0px !important;white-space: nowrap;}
.p16{text-align: left;padding-left: 0px;margin-top: 0px;margin-bottom: 0px !important;white-space: nowrap;}
.p17{text-align: left;margin-top: 551px;margin-bottom: 0px !important;}
.p18{text-align: left;padding-left: 440px;margin-top: 0px;margin-bottom: 0px !important;}
.p19{text-align: left;padding-left: 0px;margin-top: 14px;margin-bottom: 0px !important;}
.p20{text-align: left;padding-left: 0px;padding-right: 168px;margin-top: 17px;margin-bottom: 0px !important;}
.p21{text-align: left;padding-left: 0px;padding-right: 168px;margin-top: 3px;margin-bottom: 0px !important;text-indent: 11px;}
.p22{text-align: left;padding-left: 0px;margin-top: 49px;margin-bottom: 0px !important;}
.p23{text-align: left;padding-left: 0px;padding-right: 168px;margin-top: 2px;margin-bottom: 0px !important;text-indent: 11px;}
.p24{text-align: left;padding-left: 0px;margin-top: 3px;margin-bottom: 0px !important;}
.p25{text-align: right;padding-right: 42px;margin-top: 0px;margin-bottom: 0px !important;}
.p26{text-align: left;padding-left: 0px;padding-right: 63px;margin-top: 0px;margin-bottom: 0px !important;text-indent: 0.112px;}
.p27{text-align: left;padding-left: 0px;padding-right: 63px;margin-top: 3px;margin-bottom: 0px !important;text-indent: 11px;}
.p28{text-align: left;padding-left: 0px;padding-right: 63px;margin-top: 1px;margin-bottom: 0px !important;text-indent: 11px;}
.p29{text-align: left;padding-left: 0px;margin-top: 54px;margin-bottom: 0px !important;}
.p30{text-align: left;padding-left: 0px;padding-right: 63px;margin-top: 17px;margin-bottom: 0px !important;}
.p31{text-align: left;padding-left: 0px;padding-right: 63px;margin-top: 4px;margin-bottom: 0px !important;text-indent: 11px;}
.p32{text-align: left;margin-top: 6px;margin-bottom: 0px !important;}
.p33{text-align: left;padding-right: 63px;margin-top: 0px;margin-bottom: 0px !important;}
.p34{text-align: left;padding-left: 0px;padding-right: 273px;margin-top: 49px;margin-bottom: 0px !important;text-indent: 0.60px;}
.p35{text-align: left;margin-top: 16px;margin-bottom: 0px !important;}
.p36{text-align: left;padding-right: 168px;margin-top: 6px;margin-bottom: 0px !important;}
.p37{text-align: left;margin-top: 17px;margin-bottom: 0px !important;}
.p38{text-align: left;padding-right: 168px;margin-top: 5px;margin-bottom: 0px !important;}
.p39{text-align: left;padding-left: 0px;margin-top: 0px;margin-bottom: 0px !important;white-space: nowrap;}
.p40{text-align: left;padding-left: 0px;margin-top: 0px;margin-bottom: 0px !important;text-indent: 0.112px;}
.p41{text-align: left;padding-left: 0px;padding-right: 105px;margin-top: 0px;margin-bottom: 0px !important;text-indent: 0.60px;}
.p42{text-align: left;padding-right: 63px;margin-top: 6px;margin-bottom: 0px !important;}
.p43{text-align: left;padding-right: 63px;margin-top: 1px;margin-bottom: 0px !important;text-indent: 11px;}
.p44{text-align: left;padding-right: 63px;margin-top: 2px;margin-bottom: 0px !important;text-indent: 11px;}
.p45{text-align: left;padding-right: 63px;margin-top: 2px;margin-bottom: 0px !important;text-indent: 11px;}
.p46{text-align: left;padding-right: 63px;margin-top: 4px;margin-bottom: 0px !important;text-indent: 11px;}
.p47{text-align: left;padding-right: 0px;margin-top: 0px;margin-bottom: 0px !important;}
.p48{text-align: left;padding-right: 0px;margin-top: 18px;margin-bottom: 0px !important;text-indent: 11px;}
.p49{text-align: left;padding-right: 0px;margin-top: 6px;margin-bottom: 0px !important;text-indent: 11px;}
.p50{text-align: left;margin-top: 21px;margin-bottom: 0px !important;}
.p51{text-align: left;padding-right: 0px;margin-top: 5px;margin-bottom: 0px !important;}
.p52{text-align: right;padding-right: 42px;margin-top: 752px;margin-bottom: 0px !important;}
.p53{text-align: right;padding-right: 0px;margin-top: 0px;margin-bottom: 0px !important;white-space: nowrap;}
.p54{text-align: right;padding-right: 0px;margin-top: 0px;margin-bottom: 0px !important;white-space: nowrap;}
.p55{text-align: left;padding-left: 0px;padding-right: 63px;margin-top: 0px;margin-bottom: 0px !important;text-indent: 0.112px;}
.p56{text-align: left;margin-top: 738px;margin-bottom: 0px !important;}
.p57{text-align: left;padding-left: 0px;margin-top: 33px;margin-bottom: 0px !important;}
.p58{text-align: left;padding-left: 0px;padding-right: 168px;margin-top: 15px;margin-bottom: 0px !important;}
.p59{text-align: left;padding-left: 0px;margin-top: 17px;margin-bottom: 0px !important;}
.p60{text-align: left;padding-left: 0px;padding-right: 168px;margin-top: 76px;margin-bottom: 0px !important;}
.p61{text-align: right;padding-right: 42px;margin-top: 455px;margin-bottom: 0px !important;}

.td0{padding: 0px;margin: 0px;width: 410px;vertical-align: bottom;}
.td1{padding: 0px;margin: 0px;width: 116px;vertical-align: bottom;}
.td2{border-bottom: #000000 1px solid;padding: 0px;margin: 0px;width: 410px;vertical-align: bottom;}
.td3{border-bottom: #000000 1px solid;padding: 0px;margin: 0px;width: 116px;vertical-align: bottom;}
.td4{padding: 0px;margin: 0px;width: 6px;vertical-align: bottom;}
.td5{padding: 0px;margin: 0px;width: 390px;vertical-align: bottom;}
.td6{padding: 0px;margin: 0px;width: 14px;vertical-align: bottom;}
.td7{padding: 0px;margin: 0px;width: 396px;vertical-align: bottom;}
.td8{padding: 0px;margin: 0px;width: 468px;vertical-align: bottom;}
.td9{padding: 0px;margin: 0px;width: 61px;vertical-align: bottom;}
.td10{padding: 0px;margin: 0px;width: 119px;vertical-align: bottom;}
.td11{padding: 0px;margin: 0px;width: 412px;vertical-align: bottom;}
.td12{padding: 0px;margin: 0px;width: 426px;vertical-align: bottom;}
.td13{padding: 0px;margin: 0px;width: 103px;vertical-align: bottom;}

.tr0{heightzzz: 27px;}
.tr1{heightzzz: 24px;}
.tr2{heightzzz: 18px;}
.tr3{heightzzz: 22px;}
.tr4{heightzzz: 15px;}
.tr5{heightzzz: 17px;}
.tr6{heightzzz: 30px;}
.tr7{heightzzz: 16px;}
.tr8{heightzzz: 20px;}
.tr9{heightzzz: 5px;}

.t0{width: 552px;margin-leftZ: 69px;margin-top: 11px;f:20px 'Verdana' !important;}
.t1{width: 431px;margin-leftZ: 114px;margin-top: 16px;f:13px 'Verdana' !important;}
.t2{width: 555px;margin-top: 1px;f:13px 'Verdana' !important;}
.t3{width: 557px;f:13px 'Verdana' !important;}
.t4{width: 555px;f:13px 'Verdana' !important;}

&lt;/STYLE&gt;



&lt;DIV id="page_1"&gt;
&lt;DIV id="p1dimg1"&gt;
&lt;INGENBILD zsrc="H603171x1.jpg/" id="p1img1"&gt;
&lt;/DIV&gt;


&lt;DIV class="dclr"&gt;&lt;/DIV&gt;
&lt;P class="p0 ft0"&gt;Regeringens skrivelse 2018/19:17&lt;/P&gt;
&lt;TABLE cellpadding=0 cellspacing=0 class="t0"&gt;
&lt;TR&gt;
	&lt;TD class="tr0 td0"&gt;&lt;SPAN class="p1 ft1"&gt;2018 års redogörelse för tillämpningen av lagen&lt;/SPAN&gt; &lt;/TD&gt;
	&lt;TD class="tr0 td1"&gt;&lt;SPAN class="p2 ft1"&gt;Skr.&lt;/SPAN&gt; &lt;/TD&gt;
&lt;/TR&gt;
&lt;TR&gt;
	&lt;TD class="tr1 td2"&gt;&lt;SPAN class="p1 ft1"&gt;om särskild utlänningskontroll&lt;/SPAN&gt; &lt;/TD&gt;
	&lt;TD class="tr1 td3"&gt;&lt;SPAN class="p2 ft1"&gt;2018/19:17&lt;/SPAN&gt; &lt;/TD&gt;
&lt;/TR&gt;
&lt;/TABLE&gt;
&lt;P class="p3 ft2"&gt;Regeringen överlämnar denna skrivelse till riksdagen.&lt;/P&gt;
&lt;P class="p4 ft2"&gt;Stockholm den 22 november 2018&lt;/P&gt;
&lt;P class="p5 ft3"&gt;Stefan Löfven&lt;/P&gt;
&lt;P class="p6 ft3"&gt;Morgan Johansson &lt;SPAN class="ft2"&gt;(Justitiedepartementet)&lt;/SPAN&gt;&lt;/P&gt;
&lt;P class="p7 ft1"&gt;Skrivelsens huvudsakliga innehåll&lt;/P&gt;
&lt;P class="p8 ft2"&gt;I skrivelsen redogör regeringen för tillämpningen av lagen (1991:572) om särskild utlänningskontroll från och med den 1 juli 2017 till och med den 30 juni 2018, och för utvecklingen av den internationella terrorismen under samma period.&lt;/P&gt;
&lt;P class="p9 ft2"&gt;Regeringen har under den aktuella perioden fattat två beslut med stöd av lagen. Ett av besluten innebar avslag på ett överklagande av Migrationsverkets beslut i fråga om utvisning. Genom det andra beslutet inhiberades ett tidigare meddelat beslut om utvisning och samtidigt beslutades om anmälningsplikt.&lt;/P&gt;
&lt;P class="p10 ft2"&gt;1&lt;/P&gt;
&lt;/DIV&gt;
&lt;DIV id="page_2"&gt;


&lt;P class="p11 ft2"&gt;Skr. 2018/19:17&lt;/P&gt;
&lt;P class="p12 ft1"&gt;Innehållsförteckning&lt;/P&gt;
&lt;TABLE cellpadding=0 cellspacing=0 class="t1"&gt;
&lt;TR&gt;
	&lt;TD class="tr2 td4"&gt;&lt;SPAN class="p13 ft2"&gt;&lt;A href="#page_3"&gt;1&lt;/A&gt;&lt;/SPAN&gt; &lt;/TD&gt;
	&lt;TD class="tr2 td5"&gt;&lt;SPAN class="p14 ft2"&gt;&lt;A href="#page_3"&gt;Inledning ...........................................................................................&lt;/A&gt;&lt;/SPAN&gt; &lt;/TD&gt;
	&lt;TD class="tr2 td6"&gt;&lt;SPAN class="p15 ft2"&gt;&lt;A href="#page_3"&gt;3&lt;/A&gt;&lt;/SPAN&gt; &lt;/TD&gt;
&lt;/TR&gt;
&lt;TR&gt;
	&lt;TD class="tr3 td4"&gt;&lt;SPAN class="p13 ft2"&gt;&lt;A href="#page_3"&gt;2&lt;/A&gt;&lt;/SPAN&gt; &lt;/TD&gt;
	&lt;TD class="tr3 td5"&gt;&lt;SPAN class="p14 ft2"&gt;&lt;A href="#page_3"&gt;Lagen om särskild utlänningskontroll ...............................................&lt;/A&gt;&lt;/SPAN&gt; &lt;/TD&gt;
	&lt;TD class="tr3 td6"&gt;&lt;SPAN class="p15 ft2"&gt;&lt;A href="#page_3"&gt;3&lt;/A&gt;&lt;/SPAN&gt; &lt;/TD&gt;
&lt;/TR&gt;
&lt;TR&gt;
	&lt;TD class="tr3 td4"&gt;&lt;SPAN class="p13 ft2"&gt;&lt;A href="#page_4"&gt;3&lt;/A&gt;&lt;/SPAN&gt; &lt;/TD&gt;
	&lt;TD class="tr3 td5"&gt;&lt;SPAN class="p14 ft2"&gt;&lt;A href="#page_4"&gt;Den parlamentariska kontrollen ........................................................&lt;/A&gt;&lt;/SPAN&gt; &lt;/TD&gt;
	&lt;TD class="tr3 td6"&gt;&lt;SPAN class="p15 ft2"&gt;&lt;A href="#page_4"&gt;4&lt;/A&gt;&lt;/SPAN&gt; &lt;/TD&gt;
&lt;/TR&gt;
&lt;TR&gt;
	&lt;TD class="tr3 td4"&gt;&lt;SPAN class="p13 ft2"&gt;&lt;A href="#page_5"&gt;4&lt;/A&gt;&lt;/SPAN&gt; &lt;/TD&gt;
	&lt;TD class="tr3 td5"&gt;&lt;SPAN class="p14 ft2"&gt;&lt;A href="#page_5"&gt;Tillämpningen av lagen om särskild utlänningskontroll ...................&lt;/A&gt;&lt;/SPAN&gt; &lt;/TD&gt;
	&lt;TD class="tr3 td6"&gt;&lt;SPAN class="p15 ft2"&gt;&lt;A href="#page_5"&gt;5&lt;/A&gt;&lt;/SPAN&gt; &lt;/TD&gt;
&lt;/TR&gt;
&lt;TR&gt;
	&lt;TD class="tr3 td4"&gt;&lt;SPAN class="p13 ft2"&gt;&lt;A href="#page_6"&gt;5&lt;/A&gt;&lt;/SPAN&gt; &lt;/TD&gt;
	&lt;TD class="tr3 td5"&gt;&lt;SPAN class="p14 ft2"&gt;&lt;A href="#page_6"&gt;Utvecklingen av den internationella terrorismen ..............................&lt;/A&gt;&lt;/SPAN&gt; &lt;/TD&gt;
	&lt;TD class="tr3 td6"&gt;&lt;SPAN class="p15 ft2"&gt;&lt;A href="#page_6"&gt;6&lt;/A&gt;&lt;/SPAN&gt; &lt;/TD&gt;
&lt;/TR&gt;
&lt;TR&gt;
	&lt;TD colspan=2 class="tr3 td7"&gt;&lt;SPAN class="p13 ft2"&gt;&lt;A href="#page_11"&gt;Utdrag ur protokoll vid regeringssammanträde den 22 november&lt;/A&gt;&lt;/SPAN&gt; &lt;/TD&gt;
	&lt;TD class="tr3 td6"&gt;&lt;SPAN class="p13 ft4"&gt; &lt;/SPAN&gt; &lt;/TD&gt;
&lt;/TR&gt;
&lt;TR&gt;
	&lt;TD class="tr4 td4"&gt;&lt;SPAN class="p13 ft4"&gt; &lt;/SPAN&gt; &lt;/TD&gt;
	&lt;TD class="tr4 td5"&gt;&lt;SPAN class="p16 ft2"&gt;&lt;A href="#page_11"&gt;2018 .......................................................................................&lt;/A&gt;&lt;/SPAN&gt; &lt;/TD&gt;
	&lt;TD class="tr4 td6"&gt;&lt;SPAN class="p15 ft2"&gt;&lt;A href="#page_11"&gt;11&lt;/A&gt;&lt;/SPAN&gt; &lt;/TD&gt;
&lt;/TR&gt;
&lt;/TABLE&gt;
&lt;P class="p17 ft2"&gt;2&lt;/P&gt;
&lt;/DIV&gt;
&lt;DIV id="page_3"&gt;


&lt;P class="p18 ft2"&gt;Skr. 2018/19:17&lt;/P&gt;
&lt;P class="p19 ft1"&gt;&lt;SPAN class="ft1"&gt;1&lt;/SPAN&gt;&lt;SPAN class="ft5"&gt;Inledning&lt;/SPAN&gt;&lt;/P&gt;
&lt;P class="p20 ft2"&gt;I samband med införandet av lagen (1991:572) om särskild utlänningskontroll angavs i propositionen att den parlamentariska kontrollen av hur regeringen tillämpar terroristbestämmelserna och reglerna om tvångsåtgärder, liksom under tidigare år, skulle ske genom att regeringen årligen lämnar en skrivelse till riksdagen (prop. 1990/91:118 s. 72, bet. 1990/91:JuU29 s. 32, rskr. 1990/91:298). Den senaste redogörelsen lämnades i regeringens skrivelse 2017/18:57.&lt;/P&gt;
&lt;P class="p21 ft2"&gt;Regeringen lämnar nu en motsvarande redogörelse för tiden från och med den 1 juli 2017 till och med den 30 juni 2018. Säkerhetspolisen har lämnat underlag för redogörelsen till regeringen (dnr Ju2018/03123/L4).&lt;/P&gt;
&lt;P class="p22 ft1"&gt;&lt;SPAN class="ft1"&gt;2&lt;/SPAN&gt;&lt;SPAN class="ft5"&gt;Lagen om särskild utlänningskontroll&lt;/SPAN&gt;&lt;/P&gt;
&lt;P class="p20 ft2"&gt;Särskilda bestämmelser som syftar till att bekämpa terrorism infördes i svensk lagstiftning genom lagen (1973:162) om särskilda åtgärder till förebyggande av vissa våldsdåd med internationell bakgrund. Reglerna avsåg att göra det möjligt att hindra presumtiva terrorister från att komma in eller stanna kvar i Sverige och att skapa utrymme för kontroll i de fall då dessa personer av asylrättsliga skäl inte kan utvisas ur Sverige.&lt;/P&gt;
&lt;P class="p23 ft2"&gt;Bestämmelserna har ändrats vid flera tillfällen. Sedan den 1 juli 1991 återfinns de i lagen om särskild utlänningskontroll. Vid lagens tillkomst konstaterades att särskilda bestämmelser som ger utrymme för att utvisa sådana utlänningar som bedöms som farliga med hänsyn till risken för terroristhandlingar fortfarande behövs (se prop. 1990/91:118 s. 30).&lt;/P&gt;
&lt;P class="p9 ft2"&gt;Enligt lagen om särskild utlänningskontroll ska en utlänning kunna utvisas om det är särskilt påkallat av hänsyn till rikets säkerhet, eller om det med hänsyn till vad som är känt om personens tidigare verksamhet och övriga omständigheter kan befaras att personen kommer att begå eller medverka till terroristbrott enligt 2 § lagen (2003:148) om straff för terroristbrott eller försök, förberedelse eller stämpling till sådant brott. Det krävs inte att personen i fråga tillhör en viss organisation för att lagen om särskild utlänningskontroll ska kunna tillämpas. Lagen kan tillämpas även vid befarad brottslig gärning i en främmande stat.&lt;/P&gt;
&lt;P class="p21 ft2"&gt;Om ett utvisningsbeslut inte kan verkställas på grund av att det t.ex. finns risk för dödsstraff eller tortyr i det land som personen ska utvisas till, ska den beslutande myndigheten, efter ett beslut om utvisning enligt lagen, besluta att verkställigheten ska skjutas upp (inhibition) eller bevilja personen ett tidsbegränsat uppehållstillstånd. Myndigheten får i ett sådant fall besluta om en skyldighet för personen att på vissa tider anmäla sig hos Polismyndigheten (anmälningsplikt). Efter ett beslut om utvisning får den beslutande myndigheten även besluta att vissa särskilda bestämmelser om tvångsmedel i spaningssyfte får tillämpas, såsom hus-&lt;/P&gt;
&lt;P class="p24 ft2"&gt;rannsakan och hemlig avlyssning av elektronisk kommunikation. Beslut&lt;/P&gt;
&lt;P class="p25 ft2"&gt;3&lt;/P&gt;
&lt;/DIV&gt;
&lt;DIV id="page_4"&gt;


&lt;P class="p26 ft2"&gt;Skr. 2018/19:17 om tvångsmedel i det enskilda fallet fattas av en domstol. Ett beslut om anmälningsplikt eller ett beslut om befogenhet att tillämpa tvångsmedelsbestämmelserna är giltigt i högst tre år. Under vissa förutsättningar får domstolen efter treårsfristens utgång besluta om fortsatt anmälningsplikt och om fortsatt befogenhet att tillämpa bestämmelserna om tvångsmedel.&lt;/P&gt;
&lt;P class="p27 ft2"&gt;Om utlänningen har beviljats ett tidsbegränsat uppehållstillstånd ska Migrationsverket ompröva utvisningsbeslutet när uppehållstillståndet löper ut.&lt;/P&gt;
&lt;P class="p28 ft2"&gt;Riksdagen tillkännagav den 15 februari 2018 för regeringen att se över lagen om särskild utlänningskontroll i syfte att lagen ska kunna tillämpas i fler fall än vad som sker i dag (bet. 2017/18:JuU11, rskr. 2017/18:161).&lt;/P&gt;
&lt;P class="p28 ft2"&gt;Regeringen beslutade den 23 augusti 2018 att ge en särskild utredare i uppdrag att göra en översyn av lagen om särskild utlänningskontroll. Syftet är att åstadkomma en ändamålsenlig, effektiv och överskådlig reglering som samtidigt är förenlig med ett väl fungerande skydd för grundläggande fri- och rättigheter. Utredaren ska även analysera och ta ställning till vissa ändringar och förtydliganden som Säkerhetspolisen har föreslagit av bestämmelser i utlänningslagen (2005:716) och utlänningsförordningen (2006:97), och som är viktiga för myndighetens arbete med ärenden om utlänningar som har bedömts utgöra ett säkerhetshot. Utredaren ska därutöver bedöma hur kontrollen av personer som ansetts utgöra ett säkerhetshot kan förstärkas, t.ex. genom elektronisk övervakning. Utredaren ska föreslå nödvändiga författningsändringar i de olika regelverken. Uppdraget ska, i den del som avser att föreslå en förlängning av tidsgränsen för verkställighetsförvar enligt lagen om särskild utlänningskontroll, redovisas senast den 28 februari 2019 och i övrigt senast den 31 mars 2020. Genom kommittédirektiven slutbehandlades riksdagens tillkännagivande.&lt;/P&gt;
&lt;P class="p29 ft1"&gt;&lt;SPAN class="ft1"&gt;3&lt;/SPAN&gt;&lt;SPAN class="ft6"&gt;Den parlamentariska kontrollen&lt;/SPAN&gt;&lt;/P&gt;
&lt;P class="p30 ft2"&gt;Terroristbestämmelserna och reglerna om särskilda tvångsmedel fick vid sin tillkomst en begränsad giltighetstid, vilket innebar en möjlighet att kontrollera regeringens och myndigheternas handlande. När terroristbestämmelserna permanentades 1975, beslutades att regeringen varje år skulle lämna en skrivelse till riksdagen med redovisning av bestämmelsernas tillämpning (prop. 1975/76:18 s. 161). En motsvarande redovisning görs när det gäller bestämmelserna i 27 kap. rättegångsbalken om hemlig avlyssning av elektronisk kommunikation, hemlig övervakning av elektronisk kommunikation och hemlig kameraövervakning, samt bestämmelserna i lagen (2012:278) om inhämtning av uppgifter om elektronisk kommunikation i de brottsbekämpande myndigheternas underrättelseverksamhet.&lt;/P&gt;
&lt;P class="p31 ft2"&gt;I samband med att lagen om särskild utlänningskontroll infördes, ansågs att den parlamentariska kontrollen av hur regeringen tillämpar bestämmelserna och reglerna om tvångsåtgärder även i fortsättningen bör&lt;/P&gt;
&lt;P class="p32 ft2"&gt;4&lt;/P&gt;
&lt;/DIV&gt;
&lt;DIV id="page_5"&gt;


&lt;P class="p33 ft2"&gt;göras genom att regeringen årligen lämnar en skrivelse till riksdagen Skr. 2018/19:17 (prop. 1990/91:118 s. 72).&lt;/P&gt;
&lt;P class="p34 ft1"&gt;4 Tillämpningen av lagen om särskild utlänningskontroll&lt;/P&gt;
&lt;P class="p35 ft3"&gt;Tillämpningen av lagen under perioden 1 juli &lt;NOBR&gt;2017–30&lt;/NOBR&gt; juni 2018&lt;/P&gt;
&lt;P class="p36 ft2"&gt;Regeringen har fattat två beslut med stöd av lagen om särskild utlänningskontroll från och med den 1 juli 2017 till och med den 30 juni 2018. Ett av besluten innebar avslag på ett överklagande av Migrationsverkets beslut i fråga om utvisning. Genom det andra beslutet inhiberades ett tidigare meddelat beslut om utvisning och samtidigt beslutades det om anmälningsplikt.&lt;/P&gt;
&lt;P class="p37 ft3"&gt;Tillämpningen av lagen &lt;NOBR&gt;1991–2017&lt;/NOBR&gt;&lt;/P&gt;
&lt;P class="p38 ft2"&gt;Nedan redovisas antalet fall då lagen om särskild utlänningskontroll tidigare har tillämpats. I redovisningen ingår nya utvisningsärenden enligt lagen, ärenden där omprövning har begärts av tidigare meddelade utvisningsbeslut och omprövning av andra beslut som regeringen fattat med stöd av lagen, t.ex. beslut i fråga om begränsning av anmälningsplikt. Flertalet av de redovisade fallen gäller ärenden där omprövning har begärts av tidigare meddelade utvisningsbeslut.&lt;/P&gt;
&lt;TABLE cellpadding=0 cellspacing=0 class="t2"&gt;
&lt;TR&gt;
	&lt;TD class="tr5 td8"&gt;&lt;SPAN class="p39 ft2"&gt;I redovisningen anges de tidsperioder som regeringen har redogjort för&lt;/SPAN&gt; &lt;/TD&gt;
	&lt;TD class="tr5 td9"&gt;&lt;SPAN class="p13 ft4"&gt; &lt;/SPAN&gt; &lt;/TD&gt;
&lt;/TR&gt;
&lt;TR&gt;
	&lt;TD class="tr4 td8"&gt;&lt;SPAN class="p13 ft2"&gt;i tidigare skrivelser till riksdagen. Varje skrivelse avser en tidsperiod från&lt;/SPAN&gt; &lt;/TD&gt;
	&lt;TD class="tr4 td9"&gt;&lt;SPAN class="p13 ft4"&gt; &lt;/SPAN&gt; &lt;/TD&gt;
&lt;/TR&gt;
&lt;TR&gt;
	&lt;TD class="tr4 td8"&gt;&lt;SPAN class="p13 ft2"&gt;och med den 1 juli ett visst år till och med den 30 juni året därpå.&lt;/SPAN&gt; &lt;/TD&gt;
	&lt;TD class="tr4 td9"&gt;&lt;SPAN class="p13 ft4"&gt; &lt;/SPAN&gt; &lt;/TD&gt;
&lt;/TR&gt;
&lt;TR&gt;
	&lt;TD class="tr6 td8"&gt;&lt;SPAN class="p13 ft2"&gt;1991/1992 – lagen tillämpades vid tre tillfällen&lt;/SPAN&gt; &lt;/TD&gt;
	&lt;TD class="tr6 td9"&gt;&lt;SPAN class="p13 ft4"&gt; &lt;/SPAN&gt; &lt;/TD&gt;
&lt;/TR&gt;
&lt;TR&gt;
	&lt;TD class="tr7 td8"&gt;&lt;SPAN class="p13 ft2"&gt;1992/1993 – lagen tillämpades vid tre tillfällen&lt;/SPAN&gt; &lt;/TD&gt;
	&lt;TD class="tr7 td9"&gt;&lt;SPAN class="p13 ft4"&gt; &lt;/SPAN&gt; &lt;/TD&gt;
&lt;/TR&gt;
&lt;TR&gt;
	&lt;TD class="tr4 td8"&gt;&lt;SPAN class="p13 ft2"&gt;1993/1994 – lagen tillämpades inte vid något tillfälle&lt;/SPAN&gt; &lt;/TD&gt;
	&lt;TD class="tr4 td9"&gt;&lt;SPAN class="p13 ft4"&gt; &lt;/SPAN&gt; &lt;/TD&gt;
&lt;/TR&gt;
&lt;TR&gt;
	&lt;TD class="tr7 td8"&gt;&lt;SPAN class="p13 ft2"&gt;1994/1995 – lagen tillämpades vid fem tillfällen&lt;/SPAN&gt; &lt;/TD&gt;
	&lt;TD class="tr7 td9"&gt;&lt;SPAN class="p13 ft4"&gt; &lt;/SPAN&gt; &lt;/TD&gt;
&lt;/TR&gt;
&lt;TR&gt;
	&lt;TD class="tr4 td8"&gt;&lt;SPAN class="p13 ft2"&gt;1995/1996 – lagen tillämpades vid fyra tillfällen&lt;/SPAN&gt; &lt;/TD&gt;
	&lt;TD class="tr4 td9"&gt;&lt;SPAN class="p13 ft4"&gt; &lt;/SPAN&gt; &lt;/TD&gt;
&lt;/TR&gt;
&lt;TR&gt;
	&lt;TD class="tr4 td8"&gt;&lt;SPAN class="p13 ft2"&gt;1996/1997 – lagen tillämpades inte vid något tillfälle&lt;/SPAN&gt; &lt;/TD&gt;
	&lt;TD class="tr4 td9"&gt;&lt;SPAN class="p13 ft4"&gt; &lt;/SPAN&gt; &lt;/TD&gt;
&lt;/TR&gt;
&lt;TR&gt;
	&lt;TD class="tr4 td8"&gt;&lt;SPAN class="p13 ft2"&gt;1997/1998 – lagen tillämpades vid ett tillfälle&lt;/SPAN&gt; &lt;/TD&gt;
	&lt;TD class="tr4 td9"&gt;&lt;SPAN class="p13 ft4"&gt; &lt;/SPAN&gt; &lt;/TD&gt;
&lt;/TR&gt;
&lt;TR&gt;
	&lt;TD class="tr7 td8"&gt;&lt;SPAN class="p13 ft2"&gt;1998/1999 – lagen tillämpades inte vid något tillfälle&lt;/SPAN&gt; &lt;/TD&gt;
	&lt;TD class="tr7 td9"&gt;&lt;SPAN class="p13 ft4"&gt; &lt;/SPAN&gt; &lt;/TD&gt;
&lt;/TR&gt;
&lt;TR&gt;
	&lt;TD class="tr4 td8"&gt;&lt;SPAN class="p13 ft2"&gt;1999/2000 – lagen tillämpades vid tre tillfällen&lt;/SPAN&gt; &lt;/TD&gt;
	&lt;TD class="tr4 td9"&gt;&lt;SPAN class="p13 ft4"&gt; &lt;/SPAN&gt; &lt;/TD&gt;
&lt;/TR&gt;
&lt;TR&gt;
	&lt;TD class="tr7 td8"&gt;&lt;SPAN class="p13 ft2"&gt;2000/2001 – lagen tillämpades vid fyra tillfällen&lt;/SPAN&gt; &lt;/TD&gt;
	&lt;TD class="tr7 td9"&gt;&lt;SPAN class="p13 ft4"&gt; &lt;/SPAN&gt; &lt;/TD&gt;
&lt;/TR&gt;
&lt;TR&gt;
	&lt;TD class="tr4 td8"&gt;&lt;SPAN class="p13 ft2"&gt;2001/2002 – lagen tillämpades inte vid något tillfälle&lt;/SPAN&gt; &lt;/TD&gt;
	&lt;TD class="tr4 td9"&gt;&lt;SPAN class="p13 ft4"&gt; &lt;/SPAN&gt; &lt;/TD&gt;
&lt;/TR&gt;
&lt;TR&gt;
	&lt;TD class="tr4 td8"&gt;&lt;SPAN class="p13 ft2"&gt;2002/2003 – lagen tillämpades vid fem tillfällen&lt;/SPAN&gt; &lt;/TD&gt;
	&lt;TD class="tr4 td9"&gt;&lt;SPAN class="p13 ft4"&gt; &lt;/SPAN&gt; &lt;/TD&gt;
&lt;/TR&gt;
&lt;TR&gt;
	&lt;TD class="tr4 td8"&gt;&lt;SPAN class="p13 ft2"&gt;2003/2004 – lagen tillämpades vid två tillfällen&lt;/SPAN&gt; &lt;/TD&gt;
	&lt;TD class="tr4 td9"&gt;&lt;SPAN class="p13 ft4"&gt; &lt;/SPAN&gt; &lt;/TD&gt;
&lt;/TR&gt;
&lt;TR&gt;
	&lt;TD class="tr7 td8"&gt;&lt;SPAN class="p13 ft2"&gt;2004/2005 – lagen tillämpades vid två tillfällen&lt;/SPAN&gt; &lt;/TD&gt;
	&lt;TD class="tr7 td9"&gt;&lt;SPAN class="p13 ft4"&gt; &lt;/SPAN&gt; &lt;/TD&gt;
&lt;/TR&gt;
&lt;TR&gt;
	&lt;TD class="tr4 td8"&gt;&lt;SPAN class="p13 ft2"&gt;2005/2006 – lagen tillämpades vid två tillfällen&lt;/SPAN&gt; &lt;/TD&gt;
	&lt;TD class="tr4 td9"&gt;&lt;SPAN class="p13 ft4"&gt; &lt;/SPAN&gt; &lt;/TD&gt;
&lt;/TR&gt;
&lt;TR&gt;
	&lt;TD class="tr7 td8"&gt;&lt;SPAN class="p13 ft2"&gt;2006/2007 – lagen tillämpades vid ett tillfälle&lt;/SPAN&gt; &lt;/TD&gt;
	&lt;TD class="tr7 td9"&gt;&lt;SPAN class="p13 ft4"&gt; &lt;/SPAN&gt; &lt;/TD&gt;
&lt;/TR&gt;
&lt;TR&gt;
	&lt;TD class="tr4 td8"&gt;&lt;SPAN class="p13 ft2"&gt;2007/2008 – lagen tillämpades inte vid något tillfälle&lt;/SPAN&gt; &lt;/TD&gt;
	&lt;TD class="tr4 td9"&gt;&lt;SPAN class="p13 ft4"&gt; &lt;/SPAN&gt; &lt;/TD&gt;
&lt;/TR&gt;
&lt;TR&gt;
	&lt;TD class="tr4 td8"&gt;&lt;SPAN class="p13 ft2"&gt;2008/2009 – lagen tillämpades vid ett tillfälle&lt;/SPAN&gt; &lt;/TD&gt;
	&lt;TD class="tr4 td9"&gt;&lt;SPAN class="p13 ft4"&gt; &lt;/SPAN&gt; &lt;/TD&gt;
&lt;/TR&gt;
&lt;TR&gt;
	&lt;TD class="tr4 td8"&gt;&lt;SPAN class="p13 ft2"&gt;2009/2010 – lagen tillämpades inte vid något tillfälle&lt;/SPAN&gt; &lt;/TD&gt;
	&lt;TD class="tr4 td9"&gt;&lt;SPAN class="p13 ft4"&gt; &lt;/SPAN&gt; &lt;/TD&gt;
&lt;/TR&gt;
&lt;TR&gt;
	&lt;TD class="tr7 td8"&gt;&lt;SPAN class="p13 ft2"&gt;2010/2011 – lagen tillämpades inte vid något tillfälle&lt;/SPAN&gt; &lt;/TD&gt;
	&lt;TD class="tr7 td9"&gt;&lt;SPAN class="p13 ft4"&gt; &lt;/SPAN&gt; &lt;/TD&gt;
&lt;/TR&gt;
&lt;TR&gt;
	&lt;TD class="tr4 td8"&gt;&lt;SPAN class="p13 ft2"&gt;2011/2012 – lagen tillämpades vid ett tillfälle&lt;/SPAN&gt; &lt;/TD&gt;
	&lt;TD rowspan=2 class="tr8 td9"&gt;&lt;SPAN class="p15 ft2"&gt;5&lt;/SPAN&gt; &lt;/TD&gt;
&lt;/TR&gt;
&lt;TR&gt;
	&lt;TD class="tr9 td8"&gt;&lt;SPAN class="p13 ft7"&gt; &lt;/SPAN&gt; &lt;/TD&gt;
&lt;/TR&gt;
&lt;/TABLE&gt;
&lt;/DIV&gt;
&lt;DIV id="page_6"&gt;


&lt;DIV id="id_1"&gt;
&lt;P class="p40 ft2"&gt;Skr. 2018/19:17 2012/2013 – lagen tillämpades vid ett tillfälle 2013/2014 – lagen tillämpades vid två tillfällen 2014/2015 – lagen tillämpades vid ett tillfälle 2015/2016 – lagen tillämpades vid sju tillfällen 2016/2017 – lagen tillämpades vid fyra tillfällen&lt;/P&gt;
&lt;/DIV&gt;
&lt;DIV id="id_2"&gt;
&lt;DIV id="id_2_1"&gt;
&lt;P class="p11 ft2"&gt;6&lt;/P&gt;
&lt;/DIV&gt;
&lt;DIV id="id_2_2"&gt;
&lt;P class="p41 ft1"&gt;&lt;SPAN class="ft1"&gt;5&lt;/SPAN&gt;&lt;SPAN class="ft6"&gt;Utvecklingen av den internationella terrorismen&lt;/SPAN&gt;&lt;/P&gt;
&lt;P class="p35 ft3"&gt;Den internationella utvecklingen&lt;/P&gt;
&lt;P class="p42 ft2"&gt;Av Säkerhetspolisens underlag, som är framtaget i samråd med Nationellt centrum för terrorhotbedömning, framgår i huvudsak följande.&lt;/P&gt;
&lt;P class="p43 ft2"&gt;Terrorhotet såväl internationellt som mot svenska intressen kommer främst från aktörer motiverade av våldsbejakande islamistiska ideologier. Dessa aktörer utgörs av större organisationer, t.ex. Daesh och &lt;NOBR&gt;al-Qaida&lt;/NOBR&gt; samt deras lokala och regionala grenar, mindre terroristgrupper samt av ensamagerande gärningspersoner. Sammantaget bedöms hotet från våldsbejakande islamister mot Sverige vara förhöjt.&lt;/P&gt;
&lt;P class="p44 ft2"&gt;Den ökade pressen från den globala koalitionen mot Daesh och andra stridande parter i Syrien och Irak har drivit Daesh, &lt;NOBR&gt;al-Qaida&lt;/NOBR&gt; och andra terroristorganisationer in i ett trängt militärt läge. Daeshs propaganda har försämrats i kvalitet och fått en minskad spridning, trots att Daesh – på grund av motgångarna – ökat sina ansträngningar för att inspirera anhängare i västvärlden att utföra terrorattentat i sina respektive hemländer. Denna utveckling minskar sannolikt Daeshs attraktionskraft, och kan på sikt leda till färre attentat som har ett inspirerande syfte.&lt;/P&gt;
&lt;P class="p45 ft2"&gt;Daesh, &lt;NOBR&gt;al-Qaida&lt;/NOBR&gt; och liknande grupper prioriterar för närvarande sannolikt lokala och regionala strider mot meningsmotståndare, framför planering och genomförande av attentat mot västerländska intressen. I de flesta områden där dessa grupper verkar är detta en nödvändig prioritering till följd av ett ansträngt militärt läge. De lokala och regionala striderna utspelas i svaga stater eller konfliktområden där terroristorganisationerna har förmåga att underminera staten och skapa lokal förankring. På sikt är dessa konfliktområden sannolikt en grogrund för radikalisering och rekrytering, vilket innebär att terroristorganisationerna kan samla resurser för att på nytt genomföra attentat mot västvärlden.&lt;/P&gt;
&lt;P class="p46 ft2"&gt;Det finns i nuläget ett stort antal svenska individer som är anslutna till våldsbejakande islamistiska grupper utomlands. Jämfört med perioden &lt;NOBR&gt;2014–2016&lt;/NOBR&gt; reser nu endast ett fåtal européer, och nästintill inga svenskar, till och från terroristgrupper i Syrien och Irak. Detta är dels en konsekvens av svårigheterna att ta sig in i och ut ur konfliktområdet, t.ex. på grund av skärpta gränskontroller, dels en följd av bättre internationellt samarbete. Därutöver har såväl andra oppositionella grupper som statsmakten återtagit kontroll över territorier i Syrien och Irak som tidigare kunde utnyttjas av terroristgrupperna. Minskningen av antalet individer som reser för att träna och strida med terroristgrupper utomlands ligger även i linje med Daeshs uppmaning till potentiella resenärer att stanna&lt;/P&gt;
&lt;/DIV&gt;
&lt;/DIV&gt;
&lt;/DIV&gt;
&lt;DIV id="page_7"&gt;


&lt;DIV&gt;
&lt;DIV id="id_1"&gt;
&lt;P class="p47 ft2"&gt;och genomföra attentat i sina hemländer. &lt;NOBR&gt;al-Qaidagrupper,&lt;/NOBR&gt; som tidigare har förespråkat externa attentat, har också uppmanat muslimer i västvärlden att genomföra attentat i sina hemländer. Det finns sannolikt ett intresse bland västerländska våldsbejakande islamister att resa till andra konfliktområden än Syrien och Irak. I jämförelse med den stora mängd utländska resenärer som reste till Syrien och Irak efter att Daesh hade utropat sitt så kallade kalifat, saknar dock andra potentiella konfliktområden sannolikt attraktionskraft och logistiska förutsättningar att ta emot mer än ett mindre antal stridande under de närmast kommande åren.&lt;/P&gt;
&lt;P class="p48 ft2"&gt;Gärningspersoner som är födda, uppvuxna eller bosatta i det land där de planerar och utför attentat utgör en betydande majoritet av samtliga gärningspersoner bakom terroristdåd i västvärlden. Detta pekar på att radikaliseringen av våldsbejakande islamistiska individer inom det egna landet är ett allvarligt hot. Till synes legitima verksamheter inom Europa och Sverige bedriver via internet och lokalt genom ideella föreningar radikaliseringsverksamhet och terrorfinansiering. Även individer vars radikalisering kan ha skett antingen före eller efter att de har lyckats ta sig till västvärlden utgör ett potentiellt hot. Denna typ av aktörer har under de senaste åren stått för en lägre andel av utförda och avvärjda attentat i västvärlden, men det finns sentida exempel från både Sverige och andra länder i Europa som visar på hotet från våldsbejakande individer inom gruppen asylsökande. Bland såväl nyanlända som personer uppvuxna i Europa har det under den senaste tiden identifierats flera aktörer som genomgått en snabb radikalisering, vilket även innefattat individer utan tidigare känd koppling till våldsbejakande terrorism.&lt;/P&gt;
&lt;P class="p49 ft2"&gt;Inom de politiskt motiverade extremistmiljöerna i Sverige, dvs. högerextremistiska våldsbejakande grupper, den så kallade vit maktmiljön, och vänsterextrema våldsbejakande grupper, den så kallade autonoma miljön, finns det anhängare som använder våldsamma metoder som politiskt medel. Dessa personer vill påverka det politiska beslutsfattandet och myndighetsutövningen genom att använda våld, hot och trakasserier mot förtroendevalda, myndighetsföreträdare och meningsmotståndare inom den politiskt motsatta extremistiska miljön. De kända politiskt motiverade våldsbejakande grupperna saknar sannolikt avsikt att genomföra terrorattentat. Samtidigt finns det enskilda aktörer inom den svenska vit &lt;NOBR&gt;makt-miljön&lt;/NOBR&gt; som möjligen har avsikten att utföra terrorattentat. Det är däremot inte sannolikt att aktörer inom den autonoma vänstern har motsvarande avsikt. Terrorhotet från vit maktmiljön och den autonoma miljön bedöms sammantaget vara lågt. Både den svenska vit maktmiljön och den autonoma miljön har internationella kontakter med likasinnade grupper, främst inom Norden och Europa. Kontakterna består i huvudsak av förmågehöjande aktiviteter. Det finns i dag ingen information som tyder på att dessa kontakter påverkar aktörernas avsikt att begå terrorattentat i sina hemländer.&lt;/P&gt;
&lt;P class="p50 ft3"&gt;Sveriges medverkan i det internationella arbetet mot terrorism&lt;/P&gt;
&lt;P class="p51 ft2"&gt;Sveriges agerande inom ramen för kampen mot terrorism bygger på vikten av respekt för internationell rätt, inklusive mänskliga rättigheter, flyktingrätt och humanitär rätt. Terrorism är ett globalt hot som kräver&lt;/P&gt;
&lt;/DIV&gt;
&lt;DIV id="id_2"&gt;
&lt;P class="p11 ft2"&gt;Skr. 2018/19:17&lt;/P&gt;
&lt;P class="p52 ft2"&gt;7&lt;/P&gt;
&lt;/DIV&gt;
&lt;/DIV&gt;
&lt;/DIV&gt;
&lt;DIV id="page_8"&gt;


&lt;TABLE cellpadding=0 cellspacing=0 class="t3"&gt;
&lt;TR&gt;
	&lt;TD class="tr2 td10"&gt;&lt;SPAN class="p13 ft2"&gt;Skr. 2018/19:17&lt;/SPAN&gt; &lt;/TD&gt;
	&lt;TD class="tr2 td11"&gt;&lt;SPAN class="p13 ft2"&gt;internationellt samarbete baserat på multilaterala ramverk och lösningar.&lt;/SPAN&gt; &lt;/TD&gt;
&lt;/TR&gt;
&lt;TR&gt;
	&lt;TD class="tr4 td10"&gt;&lt;SPAN class="p13 ft4"&gt; &lt;/SPAN&gt; &lt;/TD&gt;
	&lt;TD class="tr4 td11"&gt;&lt;SPAN class="p13 ft2"&gt;En bred strategi är nödvändig och traditionella insatser från polis och&lt;/SPAN&gt; &lt;/TD&gt;
&lt;/TR&gt;
&lt;TR&gt;
	&lt;TD class="tr4 td10"&gt;&lt;SPAN class="p13 ft4"&gt; &lt;/SPAN&gt; &lt;/TD&gt;
	&lt;TD class="tr4 td11"&gt;&lt;SPAN class="p13 ft2"&gt;rättsväsende måste kombineras med långsiktiga förebyggande åtgärder.&lt;/SPAN&gt; &lt;/TD&gt;
&lt;/TR&gt;
&lt;TR&gt;
	&lt;TD class="tr4 td10"&gt;&lt;SPAN class="p13 ft4"&gt; &lt;/SPAN&gt; &lt;/TD&gt;
	&lt;TD class="tr4 td11"&gt;&lt;SPAN class="p39 ft2"&gt;I augusti 2017 beslutade regeringen, i en ny strategi för hållbar fred&lt;/SPAN&gt; &lt;/TD&gt;
&lt;/TR&gt;
&lt;TR&gt;
	&lt;TD class="tr7 td10"&gt;&lt;SPAN class="p13 ft4"&gt; &lt;/SPAN&gt; &lt;/TD&gt;
	&lt;TD class="tr7 td11"&gt;&lt;SPAN class="p13 ft2"&gt;&lt;NOBR&gt;2017–2022,&lt;/NOBR&gt; att förebyggandet av våldsbejakande extremism ska ingå i&lt;/SPAN&gt; &lt;/TD&gt;
&lt;/TR&gt;
&lt;TR&gt;
	&lt;TD class="tr4 td10"&gt;&lt;SPAN class="p13 ft4"&gt; &lt;/SPAN&gt; &lt;/TD&gt;
	&lt;TD class="tr4 td11"&gt;&lt;SPAN class="p13 ft2"&gt;Sidas ansats för fred- och statsbyggnad. Arbetet, på global, nationell och&lt;/SPAN&gt; &lt;/TD&gt;
&lt;/TR&gt;
&lt;TR&gt;
	&lt;TD class="tr7 td10"&gt;&lt;SPAN class="p13 ft4"&gt; &lt;/SPAN&gt; &lt;/TD&gt;
	&lt;TD class="tr7 td11"&gt;&lt;SPAN class="p13 ft2"&gt;lokal nivå, med att uppfylla FN:s agenda 2030 (Transforming our world:&lt;/SPAN&gt; &lt;/TD&gt;
&lt;/TR&gt;
&lt;TR&gt;
	&lt;TD class="tr4 td10"&gt;&lt;SPAN class="p13 ft4"&gt; &lt;/SPAN&gt; &lt;/TD&gt;
	&lt;TD class="tr4 td11"&gt;&lt;SPAN class="p13 ft2"&gt;The 2030 Agenda for Sustainable Development, A/RES/70/1) och med&lt;/SPAN&gt; &lt;/TD&gt;
&lt;/TR&gt;
&lt;TR&gt;
	&lt;TD class="tr4 td10"&gt;&lt;SPAN class="p13 ft4"&gt; &lt;/SPAN&gt; &lt;/TD&gt;
	&lt;TD class="tr4 td11"&gt;&lt;SPAN class="p13 ft2"&gt;de 17 globala målen för hållbar utveckling, är också avgörande för att&lt;/SPAN&gt; &lt;/TD&gt;
&lt;/TR&gt;
&lt;TR&gt;
	&lt;TD class="tr4 td10"&gt;&lt;SPAN class="p13 ft4"&gt; &lt;/SPAN&gt; &lt;/TD&gt;
	&lt;TD class="tr4 td11"&gt;&lt;SPAN class="p13 ft2"&gt;förebygga våldsbejakande extremism.&lt;/SPAN&gt; &lt;/TD&gt;
&lt;/TR&gt;
&lt;TR&gt;
	&lt;TD class="tr7 td10"&gt;&lt;SPAN class="p13 ft4"&gt; &lt;/SPAN&gt; &lt;/TD&gt;
	&lt;TD class="tr7 td11"&gt;&lt;SPAN class="p39 ft2"&gt;FN:s generalförsamling antog 2006 en övergripande &lt;NOBR&gt;FN-strategi&lt;/NOBR&gt; mot&lt;/SPAN&gt; &lt;/TD&gt;
&lt;/TR&gt;
&lt;TR&gt;
	&lt;TD class="tr4 td10"&gt;&lt;SPAN class="p13 ft4"&gt; &lt;/SPAN&gt; &lt;/TD&gt;
	&lt;TD class="tr4 td11"&gt;&lt;SPAN class="p13 ft2"&gt;terrorism (A/RES/60/288). Antagandet av strategin är en viktig mani-&lt;/SPAN&gt; &lt;/TD&gt;
&lt;/TR&gt;
&lt;TR&gt;
	&lt;TD class="tr7 td10"&gt;&lt;SPAN class="p13 ft4"&gt; &lt;/SPAN&gt; &lt;/TD&gt;
	&lt;TD class="tr7 td11"&gt;&lt;SPAN class="p13 ft2"&gt;festation av att FN står bakom en global respons mot terrorism och&lt;/SPAN&gt; &lt;/TD&gt;
&lt;/TR&gt;
&lt;TR&gt;
	&lt;TD class="tr4 td10"&gt;&lt;SPAN class="p13 ft4"&gt; &lt;/SPAN&gt; &lt;/TD&gt;
	&lt;TD class="tr4 td11"&gt;&lt;SPAN class="p13 ft2"&gt;lägger grunden för en mer samlad &lt;NOBR&gt;FN-ansats&lt;/NOBR&gt; på området. Strategin är ett&lt;/SPAN&gt; &lt;/TD&gt;
&lt;/TR&gt;
&lt;TR&gt;
	&lt;TD class="tr4 td10"&gt;&lt;SPAN class="p13 ft4"&gt; &lt;/SPAN&gt; &lt;/TD&gt;
	&lt;TD class="tr4 td11"&gt;&lt;SPAN class="p13 ft2"&gt;centralt dokument i det globala arbetet mot terrorism. En översyn av och&lt;/SPAN&gt; &lt;/TD&gt;
&lt;/TR&gt;
&lt;TR&gt;
	&lt;TD class="tr7 td10"&gt;&lt;SPAN class="p13 ft4"&gt; &lt;/SPAN&gt; &lt;/TD&gt;
	&lt;TD class="tr7 td11"&gt;&lt;SPAN class="p13 ft2"&gt;rapportering om genomförandet av strategin äger rum vartannat år. Den&lt;/SPAN&gt; &lt;/TD&gt;
&lt;/TR&gt;
&lt;TR&gt;
	&lt;TD class="tr4 td10"&gt;&lt;SPAN class="p13 ft4"&gt; &lt;/SPAN&gt; &lt;/TD&gt;
	&lt;TD class="tr4 td11"&gt;&lt;SPAN class="p13 ft2"&gt;senaste översynen antogs i juni 2018.&lt;/SPAN&gt; &lt;/TD&gt;
&lt;/TR&gt;
&lt;TR&gt;
	&lt;TD class="tr4 td10"&gt;&lt;SPAN class="p13 ft4"&gt; &lt;/SPAN&gt; &lt;/TD&gt;
	&lt;TD class="tr4 td11"&gt;&lt;SPAN class="p39 ft2"&gt;Sedan juni 2017 finns också ett särskilt &lt;NOBR&gt;FN-kontor,&lt;/NOBR&gt; United Nations&lt;/SPAN&gt; &lt;/TD&gt;
&lt;/TR&gt;
&lt;TR&gt;
	&lt;TD class="tr7 td10"&gt;&lt;SPAN class="p13 ft4"&gt; &lt;/SPAN&gt; &lt;/TD&gt;
	&lt;TD class="tr7 td11"&gt;&lt;SPAN class="p13 ft2"&gt;Office of &lt;NOBR&gt;Counter-Terrorism&lt;/NOBR&gt; (UNOCT), som leds av en biträdande gene-&lt;/SPAN&gt; &lt;/TD&gt;
&lt;/TR&gt;
&lt;TR&gt;
	&lt;TD class="tr4 td10"&gt;&lt;SPAN class="p13 ft4"&gt; &lt;/SPAN&gt; &lt;/TD&gt;
	&lt;TD class="tr4 td11"&gt;&lt;SPAN class="p13 ft2"&gt;ralsekreterare och som samordnar FN:s insatser mot terrorism. Sedan&lt;/SPAN&gt; &lt;/TD&gt;
&lt;/TR&gt;
&lt;TR&gt;
	&lt;TD class="tr4 td10"&gt;&lt;SPAN class="p13 ft4"&gt; &lt;/SPAN&gt; &lt;/TD&gt;
	&lt;TD class="tr4 td11"&gt;&lt;SPAN class="p13 ft2"&gt;länge pågår ett arbete inom FN med att ta fram en övergripande FN-&lt;/SPAN&gt; &lt;/TD&gt;
&lt;/TR&gt;
&lt;TR&gt;
	&lt;TD class="tr7 td10"&gt;&lt;SPAN class="p13 ft4"&gt; &lt;/SPAN&gt; &lt;/TD&gt;
	&lt;TD class="tr7 td11"&gt;&lt;SPAN class="p13 ft2"&gt;konvention mot terrorism. Sverige arbetar, genom EU, för att nå en sådan&lt;/SPAN&gt; &lt;/TD&gt;
&lt;/TR&gt;
&lt;TR&gt;
	&lt;TD class="tr4 td10"&gt;&lt;SPAN class="p13 ft4"&gt; &lt;/SPAN&gt; &lt;/TD&gt;
	&lt;TD class="tr4 td11"&gt;&lt;SPAN class="p13 ft2"&gt;överenskommelse.&lt;/SPAN&gt; &lt;/TD&gt;
&lt;/TR&gt;
&lt;TR&gt;
	&lt;TD class="tr4 td10"&gt;&lt;SPAN class="p13 ft4"&gt; &lt;/SPAN&gt; &lt;/TD&gt;
	&lt;TD class="tr4 td11"&gt;&lt;SPAN class="p39 ft2"&gt;Vidare har FN:s generalsekreterare lagt fram en handlingsplan om att&lt;/SPAN&gt; &lt;/TD&gt;
&lt;/TR&gt;
&lt;TR&gt;
	&lt;TD class="tr4 td10"&gt;&lt;SPAN class="p13 ft4"&gt; &lt;/SPAN&gt; &lt;/TD&gt;
	&lt;TD class="tr4 td11"&gt;&lt;SPAN class="p13 ft2"&gt;förebygga våldsbejakande extremism. Handlingsplanen lägger tonvikt&lt;/SPAN&gt; &lt;/TD&gt;
&lt;/TR&gt;
&lt;TR&gt;
	&lt;TD class="tr7 td10"&gt;&lt;SPAN class="p13 ft4"&gt; &lt;/SPAN&gt; &lt;/TD&gt;
	&lt;TD class="tr7 td11"&gt;&lt;SPAN class="p13 ft2"&gt;vid det förebyggande arbetet, uppmuntrar till regionala och nationella&lt;/SPAN&gt; &lt;/TD&gt;
&lt;/TR&gt;
&lt;TR&gt;
	&lt;TD class="tr4 td10"&gt;&lt;SPAN class="p13 ft4"&gt; &lt;/SPAN&gt; &lt;/TD&gt;
	&lt;TD class="tr4 td11"&gt;&lt;SPAN class="p13 ft2"&gt;planer på området samt betonar FN:s stödjande roll till medlemsstaterna&lt;/SPAN&gt; &lt;/TD&gt;
&lt;/TR&gt;
&lt;TR&gt;
	&lt;TD class="tr7 td10"&gt;&lt;SPAN class="p13 ft4"&gt; &lt;/SPAN&gt; &lt;/TD&gt;
	&lt;TD class="tr7 td11"&gt;&lt;SPAN class="p13 ft2"&gt;och regionala organisationer. Sverige arbetar aktivt för att genomföra&lt;/SPAN&gt; &lt;/TD&gt;
&lt;/TR&gt;
&lt;TR&gt;
	&lt;TD class="tr4 td10"&gt;&lt;SPAN class="p13 ft4"&gt; &lt;/SPAN&gt; &lt;/TD&gt;
	&lt;TD class="tr4 td11"&gt;&lt;SPAN class="p13 ft2"&gt;&lt;NOBR&gt;FN-strategin&lt;/NOBR&gt; och generalsekreterarens handlingsplan samt för en bredare&lt;/SPAN&gt; &lt;/TD&gt;
&lt;/TR&gt;
&lt;TR&gt;
	&lt;TD class="tr4 td10"&gt;&lt;SPAN class="p13 ft4"&gt; &lt;/SPAN&gt; &lt;/TD&gt;
	&lt;TD class="tr4 td11"&gt;&lt;SPAN class="p13 ft2"&gt;förebyggande ansats.&lt;/SPAN&gt; &lt;/TD&gt;
&lt;/TR&gt;
&lt;TR&gt;
	&lt;TD class="tr4 td10"&gt;&lt;SPAN class="p13 ft4"&gt; &lt;/SPAN&gt; &lt;/TD&gt;
	&lt;TD class="tr4 td11"&gt;&lt;SPAN class="p39 ft2"&gt;FN:s säkerhetsråd antog under 2014 två resolutioner mot terrorism med&lt;/SPAN&gt; &lt;/TD&gt;
&lt;/TR&gt;
&lt;TR&gt;
	&lt;TD class="tr7 td10"&gt;&lt;SPAN class="p13 ft4"&gt; &lt;/SPAN&gt; &lt;/TD&gt;
	&lt;TD class="tr7 td11"&gt;&lt;SPAN class="p13 ft2"&gt;fokus på hotet från utländska terroriststridande som bl.a. ansluter sig till&lt;/SPAN&gt; &lt;/TD&gt;
&lt;/TR&gt;
&lt;TR&gt;
	&lt;TD class="tr4 td10"&gt;&lt;SPAN class="p13 ft4"&gt; &lt;/SPAN&gt; &lt;/TD&gt;
	&lt;TD class="tr4 td11"&gt;&lt;SPAN class="p13 ft2"&gt;Daesh (2170 och 2178). Under 2015 antog rådet resolutioner om finan-&lt;/SPAN&gt; &lt;/TD&gt;
&lt;/TR&gt;
&lt;TR&gt;
	&lt;TD class="tr7 td10"&gt;&lt;SPAN class="p13 ft4"&gt; &lt;/SPAN&gt; &lt;/TD&gt;
	&lt;TD class="tr7 td11"&gt;&lt;SPAN class="p13 ft2"&gt;sieringen av terrorism (2199) och ändringar av sanktionsregimen mot al-&lt;/SPAN&gt; &lt;/TD&gt;
&lt;/TR&gt;
&lt;TR&gt;
	&lt;TD class="tr4 td10"&gt;&lt;SPAN class="p13 ft4"&gt; &lt;/SPAN&gt; &lt;/TD&gt;
	&lt;TD class="tr4 td11"&gt;&lt;SPAN class="p13 ft2"&gt;Qaida med fler, mot bakgrund av bland annat Daeshs roll i terrorism-&lt;/SPAN&gt; &lt;/TD&gt;
&lt;/TR&gt;
&lt;TR&gt;
	&lt;TD class="tr4 td10"&gt;&lt;SPAN class="p13 ft4"&gt; &lt;/SPAN&gt; &lt;/TD&gt;
	&lt;TD class="tr4 td11"&gt;&lt;SPAN class="p13 ft2"&gt;sammanhanget (2253). Vidare antog säkerhetsrådet under 2016 resolut-&lt;/SPAN&gt; &lt;/TD&gt;
&lt;/TR&gt;
&lt;TR&gt;
	&lt;TD class="tr4 td10"&gt;&lt;SPAN class="p13 ft4"&gt; &lt;/SPAN&gt; &lt;/TD&gt;
	&lt;TD class="tr4 td11"&gt;&lt;SPAN class="p13 ft2"&gt;ioner om civilt flyg och terroristhot (2309), stärkt juridiskt samarbete mot&lt;/SPAN&gt; &lt;/TD&gt;
&lt;/TR&gt;
&lt;TR&gt;
	&lt;TD class="tr7 td10"&gt;&lt;SPAN class="p13 ft4"&gt; &lt;/SPAN&gt; &lt;/TD&gt;
	&lt;TD class="tr7 td11"&gt;&lt;SPAN class="p13 ft2"&gt;terrorism (2322) och mot trafficking i relation till väpnad konflikt, inklu-&lt;/SPAN&gt; &lt;/TD&gt;
&lt;/TR&gt;
&lt;TR&gt;
	&lt;TD class="tr4 td10"&gt;&lt;SPAN class="p13 ft4"&gt; &lt;/SPAN&gt; &lt;/TD&gt;
	&lt;TD class="tr4 td11"&gt;&lt;SPAN class="p13 ft2"&gt;sive terrorism (2331).&lt;/SPAN&gt; &lt;/TD&gt;
&lt;/TR&gt;
&lt;TR&gt;
	&lt;TD class="tr7 td10"&gt;&lt;SPAN class="p13 ft4"&gt; &lt;/SPAN&gt; &lt;/TD&gt;
	&lt;TD class="tr7 td11"&gt;&lt;SPAN class="p39 ft2"&gt;Sverige valdes 2016 in i säkerhetsrådet för perioden &lt;NOBR&gt;2017–2018&lt;/NOBR&gt; och&lt;/SPAN&gt; &lt;/TD&gt;
&lt;/TR&gt;
&lt;TR&gt;
	&lt;TD class="tr4 td10"&gt;&lt;SPAN class="p13 ft4"&gt; &lt;/SPAN&gt; &lt;/TD&gt;
	&lt;TD class="tr4 td11"&gt;&lt;SPAN class="p13 ft2"&gt;har därigenom fått en bredare plattform för att kunna påverka FN:s anti-&lt;/SPAN&gt; &lt;/TD&gt;
&lt;/TR&gt;
&lt;TR&gt;
	&lt;TD class="tr4 td10"&gt;&lt;SPAN class="p13 ft4"&gt; &lt;/SPAN&gt; &lt;/TD&gt;
	&lt;TD class="tr4 td11"&gt;&lt;SPAN class="p13 ft2"&gt;terrorismsamarbete. Sedan inträdet i säkerhetsrådet har ett antal reso-&lt;/SPAN&gt; &lt;/TD&gt;
&lt;/TR&gt;
&lt;TR&gt;
	&lt;TD class="tr4 td10"&gt;&lt;SPAN class="p13 ft4"&gt; &lt;/SPAN&gt; &lt;/TD&gt;
	&lt;TD class="tr4 td11"&gt;&lt;SPAN class="p13 ft2"&gt;lutioner antagits med bäring på kampen mot terrorism, där Sverige aktivt&lt;/SPAN&gt; &lt;/TD&gt;
&lt;/TR&gt;
&lt;TR&gt;
	&lt;TD class="tr7 td10"&gt;&lt;SPAN class="p13 ft4"&gt; &lt;/SPAN&gt; &lt;/TD&gt;
	&lt;TD class="tr7 td11"&gt;&lt;SPAN class="p13 ft2"&gt;deltagit i förhandlingarna. Som exempel kan nämnas resolutioner om det&lt;/SPAN&gt; &lt;/TD&gt;
&lt;/TR&gt;
&lt;TR&gt;
	&lt;TD class="tr4 td10"&gt;&lt;SPAN class="p13 ft4"&gt; &lt;/SPAN&gt; &lt;/TD&gt;
	&lt;TD class="tr4 td11"&gt;&lt;SPAN class="p13 ft2"&gt;hot som terrorism utgör mot kritisk infrastruktur (2341), motbudskap för&lt;/SPAN&gt; &lt;/TD&gt;
&lt;/TR&gt;
&lt;TR&gt;
	&lt;TD class="tr7 td10"&gt;&lt;SPAN class="p13 ft4"&gt; &lt;/SPAN&gt; &lt;/TD&gt;
	&lt;TD class="tr7 td11"&gt;&lt;SPAN class="p13 ft2"&gt;att bekämpa terrorism (2354), ökat samarbete för att förhindra terrorist-&lt;/SPAN&gt; &lt;/TD&gt;
&lt;/TR&gt;
&lt;TR&gt;
	&lt;TD class="tr4 td10"&gt;&lt;SPAN class="p13 ft4"&gt; &lt;/SPAN&gt; &lt;/TD&gt;
	&lt;TD class="tr4 td11"&gt;&lt;SPAN class="p13 ft2"&gt;organisationers tillgång till vapen (2370) och internationell samverkan&lt;/SPAN&gt; &lt;/TD&gt;
&lt;/TR&gt;
&lt;TR&gt;
	&lt;TD class="tr4 td10"&gt;&lt;SPAN class="p13 ft4"&gt; &lt;/SPAN&gt; &lt;/TD&gt;
	&lt;TD class="tr4 td11"&gt;&lt;SPAN class="p13 ft2"&gt;för att förhindra flödet av utländska terrorstridande (2396). Till följd av&lt;/SPAN&gt; &lt;/TD&gt;
&lt;/TR&gt;
&lt;TR&gt;
	&lt;TD class="tr4 td10"&gt;&lt;SPAN class="p13 ft4"&gt; &lt;/SPAN&gt; &lt;/TD&gt;
	&lt;TD class="tr4 td11"&gt;&lt;SPAN class="p13 ft2"&gt;inträdet i säkerhetsrådet deltar Sverige i en rad sanktionskommittéer,&lt;/SPAN&gt; &lt;/TD&gt;
&lt;/TR&gt;
&lt;TR&gt;
	&lt;TD class="tr7 td10"&gt;&lt;SPAN class="p13 ft4"&gt; &lt;/SPAN&gt; &lt;/TD&gt;
	&lt;TD class="tr7 td11"&gt;&lt;SPAN class="p13 ft2"&gt;däribland Sanktionskommittén för regimen rörande ISIL (Daesh) och al-&lt;/SPAN&gt; &lt;/TD&gt;
&lt;/TR&gt;
&lt;TR&gt;
	&lt;TD class="tr4 td10"&gt;&lt;SPAN class="p13 ft2"&gt;8&lt;/SPAN&gt; &lt;/TD&gt;
	&lt;TD class="tr4 td11"&gt;&lt;SPAN class="p13 ft2"&gt;Qaida (1267).&lt;/SPAN&gt; &lt;/TD&gt;
&lt;/TR&gt;
&lt;/TABLE&gt;
&lt;/DIV&gt;
&lt;DIV id="page_9"&gt;


&lt;TABLE cellpadding=0 cellspacing=0 class="t4"&gt;
&lt;TR&gt;
	&lt;TD class="tr2 td12"&gt;&lt;SPAN class="p53 ft2"&gt;Europarådets ministerkommitté antog i maj 2015 ett tilläggsprotokoll&lt;/SPAN&gt; &lt;/TD&gt;
	&lt;TD class="tr2 td13"&gt;&lt;SPAN class="p53 ft2"&gt;Skr. 2018/19:17&lt;/SPAN&gt; &lt;/TD&gt;
&lt;/TR&gt;
&lt;TR&gt;
	&lt;TD class="tr4 td12"&gt;&lt;SPAN class="p53 ft2"&gt;till konventionen om förebyggande av terrorism (CETS 217, tilläggs-&lt;/SPAN&gt; &lt;/TD&gt;
	&lt;TD class="tr4 td13"&gt;&lt;SPAN class="p13 ft4"&gt; &lt;/SPAN&gt; &lt;/TD&gt;
&lt;/TR&gt;
&lt;TR&gt;
	&lt;TD class="tr4 td12"&gt;&lt;SPAN class="p53 ft2"&gt;protokollet). Tilläggsprotokollet bidrar till att komplettera bestämmel-&lt;/SPAN&gt; &lt;/TD&gt;
	&lt;TD class="tr4 td13"&gt;&lt;SPAN class="p13 ft4"&gt; &lt;/SPAN&gt; &lt;/TD&gt;
&lt;/TR&gt;
&lt;TR&gt;
	&lt;TD class="tr4 td12"&gt;&lt;SPAN class="p53 ft2"&gt;serna i konventionen om förebyggande av terrorism med ytterligare&lt;/SPAN&gt; &lt;/TD&gt;
	&lt;TD class="tr4 td13"&gt;&lt;SPAN class="p13 ft4"&gt; &lt;/SPAN&gt; &lt;/TD&gt;
&lt;/TR&gt;
&lt;TR&gt;
	&lt;TD class="tr7 td12"&gt;&lt;SPAN class="p53 ft2"&gt;kriminaliseringsåtaganden och ställer bl.a. krav på kriminalisering av&lt;/SPAN&gt; &lt;/TD&gt;
	&lt;TD class="tr7 td13"&gt;&lt;SPAN class="p13 ft4"&gt; &lt;/SPAN&gt; &lt;/TD&gt;
&lt;/TR&gt;
&lt;TR&gt;
	&lt;TD class="tr4 td12"&gt;&lt;SPAN class="p53 ft2"&gt;resande utomlands i terrorismsyfte. Sverige tillträdde konventionen 2010&lt;/SPAN&gt; &lt;/TD&gt;
	&lt;TD class="tr4 td13"&gt;&lt;SPAN class="p13 ft4"&gt; &lt;/SPAN&gt; &lt;/TD&gt;
&lt;/TR&gt;
&lt;TR&gt;
	&lt;TD class="tr7 td12"&gt;&lt;SPAN class="p53 ft2"&gt;och tilläggsprotokollet 2018. Den 1 september 2018 trädde ny lag-&lt;/SPAN&gt; &lt;/TD&gt;
	&lt;TD class="tr7 td13"&gt;&lt;SPAN class="p13 ft4"&gt; &lt;/SPAN&gt; &lt;/TD&gt;
&lt;/TR&gt;
&lt;TR&gt;
	&lt;TD class="tr4 td12"&gt;&lt;SPAN class="p53 ft2"&gt;stiftning i kraft i syfte att leva upp till åtagandena i tilläggsprotokollet&lt;/SPAN&gt; &lt;/TD&gt;
	&lt;TD class="tr4 td13"&gt;&lt;SPAN class="p13 ft4"&gt; &lt;/SPAN&gt; &lt;/TD&gt;
&lt;/TR&gt;
&lt;TR&gt;
	&lt;TD class="tr4 td12"&gt;&lt;SPAN class="p53 ft2"&gt;(prop. 2017/18:174, bet. 2017/18:JuU35 och rskr. 2017/18:390). Även&lt;/SPAN&gt; &lt;/TD&gt;
	&lt;TD class="tr4 td13"&gt;&lt;SPAN class="p13 ft4"&gt; &lt;/SPAN&gt; &lt;/TD&gt;
&lt;/TR&gt;
&lt;TR&gt;
	&lt;TD class="tr4 td12"&gt;&lt;SPAN class="p53 ft2"&gt;EU har tillträtt konventionen och tilläggsprotokollet. Ikraftträdandedatum&lt;/SPAN&gt; &lt;/TD&gt;
	&lt;TD class="tr4 td13"&gt;&lt;SPAN class="p13 ft4"&gt; &lt;/SPAN&gt; &lt;/TD&gt;
&lt;/TR&gt;
&lt;TR&gt;
	&lt;TD class="tr7 td12"&gt;&lt;SPAN class="p13 ft2"&gt;för EU:s del var den 1 oktober 2018.&lt;/SPAN&gt; &lt;/TD&gt;
	&lt;TD class="tr7 td13"&gt;&lt;SPAN class="p13 ft4"&gt; &lt;/SPAN&gt; &lt;/TD&gt;
&lt;/TR&gt;
&lt;TR&gt;
	&lt;TD class="tr4 td12"&gt;&lt;SPAN class="p53 ft2"&gt;Sverige deltar vidare aktivt i samarbetet inom EU för att möta hotet&lt;/SPAN&gt; &lt;/TD&gt;
	&lt;TD class="tr4 td13"&gt;&lt;SPAN class="p13 ft4"&gt; &lt;/SPAN&gt; &lt;/TD&gt;
&lt;/TR&gt;
&lt;TR&gt;
	&lt;TD class="tr7 td12"&gt;&lt;SPAN class="p53 ft2"&gt;från terrorism. Rapporter om genomförandet av EU:s strategi för kampen&lt;/SPAN&gt; &lt;/TD&gt;
	&lt;TD class="tr7 td13"&gt;&lt;SPAN class="p13 ft4"&gt; &lt;/SPAN&gt; &lt;/TD&gt;
&lt;/TR&gt;
&lt;TR&gt;
	&lt;TD class="tr4 td12"&gt;&lt;SPAN class="p53 ft2"&gt;mot terrorism från 2005 lämnas till medlemsstaternas ministrar vid rådet&lt;/SPAN&gt; &lt;/TD&gt;
	&lt;TD class="tr4 td13"&gt;&lt;SPAN class="p13 ft4"&gt; &lt;/SPAN&gt; &lt;/TD&gt;
&lt;/TR&gt;
&lt;TR&gt;
	&lt;TD class="tr4 td12"&gt;&lt;SPAN class="p53 ft2"&gt;för rättsliga och inrikes frågor. Även riksdagen tar del av dessa rapporter.&lt;/SPAN&gt; &lt;/TD&gt;
	&lt;TD class="tr4 td13"&gt;&lt;SPAN class="p13 ft4"&gt; &lt;/SPAN&gt; &lt;/TD&gt;
&lt;/TR&gt;
&lt;TR&gt;
	&lt;TD class="tr7 td12"&gt;&lt;SPAN class="p53 ft2"&gt;Sverige deltar även aktivt inom EU för att utveckla det förebyggande&lt;/SPAN&gt; &lt;/TD&gt;
	&lt;TD class="tr7 td13"&gt;&lt;SPAN class="p13 ft4"&gt; &lt;/SPAN&gt; &lt;/TD&gt;
&lt;/TR&gt;
&lt;TR&gt;
	&lt;TD class="tr4 td12"&gt;&lt;SPAN class="p53 ft2"&gt;arbetet mot våldsbejakande extremism. Under 2017 tillsatte t.ex.&lt;/SPAN&gt; &lt;/TD&gt;
	&lt;TD class="tr4 td13"&gt;&lt;SPAN class="p13 ft4"&gt; &lt;/SPAN&gt; &lt;/TD&gt;
&lt;/TR&gt;
&lt;TR&gt;
	&lt;TD class="tr4 td12"&gt;&lt;SPAN class="p53 ft2"&gt;kommissionen en högnivåexpertgrupp med representanter från medlems-&lt;/SPAN&gt; &lt;/TD&gt;
	&lt;TD class="tr4 td13"&gt;&lt;SPAN class="p13 ft4"&gt; &lt;/SPAN&gt; &lt;/TD&gt;
&lt;/TR&gt;
&lt;TR&gt;
	&lt;TD class="tr7 td12"&gt;&lt;SPAN class="p53 ft2"&gt;staterna med syftet att ta fram förslag om hur EU:s stöd till medlems-&lt;/SPAN&gt; &lt;/TD&gt;
	&lt;TD class="tr7 td13"&gt;&lt;SPAN class="p13 ft4"&gt; &lt;/SPAN&gt; &lt;/TD&gt;
&lt;/TR&gt;
&lt;TR&gt;
	&lt;TD class="tr4 td12"&gt;&lt;SPAN class="p53 ft2"&gt;länderna ska kunna utvecklas. Under 2018 har kommissionen, utifrån&lt;/SPAN&gt; &lt;/TD&gt;
	&lt;TD class="tr4 td13"&gt;&lt;SPAN class="p13 ft4"&gt; &lt;/SPAN&gt; &lt;/TD&gt;
&lt;/TR&gt;
&lt;TR&gt;
	&lt;TD class="tr4 td12"&gt;&lt;SPAN class="p13 ft2"&gt;gruppens förslag, inrättat en ny struktur för arbetet.&lt;/SPAN&gt; &lt;/TD&gt;
	&lt;TD class="tr4 td13"&gt;&lt;SPAN class="p13 ft4"&gt; &lt;/SPAN&gt; &lt;/TD&gt;
&lt;/TR&gt;
&lt;TR&gt;
	&lt;TD class="tr7 td12"&gt;&lt;SPAN class="p53 ft2"&gt;I mars 2014 antog EU:s utrikesministrar en regional strategi för Syrien,&lt;/SPAN&gt; &lt;/TD&gt;
	&lt;TD class="tr7 td13"&gt;&lt;SPAN class="p13 ft4"&gt; &lt;/SPAN&gt; &lt;/TD&gt;
&lt;/TR&gt;
&lt;TR&gt;
	&lt;TD class="tr4 td12"&gt;&lt;SPAN class="p53 ft2"&gt;Irak och hotet från Daesh. När det gäller Syrien ersattes strategin i april&lt;/SPAN&gt; &lt;/TD&gt;
	&lt;TD class="tr4 td13"&gt;&lt;SPAN class="p13 ft4"&gt; &lt;/SPAN&gt; &lt;/TD&gt;
&lt;/TR&gt;
&lt;TR&gt;
	&lt;TD class="tr4 td12"&gt;&lt;SPAN class="p53 ft2"&gt;2017 av en separat strategi. I juni 2017 antog rådet nya slutsatser om att&lt;/SPAN&gt; &lt;/TD&gt;
	&lt;TD class="tr4 td13"&gt;&lt;SPAN class="p13 ft4"&gt; &lt;/SPAN&gt; &lt;/TD&gt;
&lt;/TR&gt;
&lt;TR&gt;
	&lt;TD class="tr4 td12"&gt;&lt;SPAN class="p53 ft2"&gt;stärka det externa samarbetet mot terrorism, bl.a. genom ökat samarbete&lt;/SPAN&gt; &lt;/TD&gt;
	&lt;TD class="tr4 td13"&gt;&lt;SPAN class="p13 ft4"&gt; &lt;/SPAN&gt; &lt;/TD&gt;
&lt;/TR&gt;
&lt;TR&gt;
	&lt;TD class="tr7 td12"&gt;&lt;SPAN class="p53 ft2"&gt;med regionala och multilaterala aktörer. Stats- och regeringscheferna&lt;/SPAN&gt; &lt;/TD&gt;
	&lt;TD class="tr7 td13"&gt;&lt;SPAN class="p13 ft4"&gt; &lt;/SPAN&gt; &lt;/TD&gt;
&lt;/TR&gt;
&lt;TR&gt;
	&lt;TD class="tr4 td12"&gt;&lt;SPAN class="p53 ft2"&gt;antog ett särskilt uttalande i februari 2015 om stärkande av insatserna för&lt;/SPAN&gt; &lt;/TD&gt;
	&lt;TD class="tr4 td13"&gt;&lt;SPAN class="p13 ft4"&gt; &lt;/SPAN&gt; &lt;/TD&gt;
&lt;/TR&gt;
&lt;TR&gt;
	&lt;TD class="tr7 td12"&gt;&lt;SPAN class="p53 ft2"&gt;att säkerställa allmänhetens säkerhet, motverka radikalisering och främja&lt;/SPAN&gt; &lt;/TD&gt;
	&lt;TD class="tr7 td13"&gt;&lt;SPAN class="p13 ft4"&gt; &lt;/SPAN&gt; &lt;/TD&gt;
&lt;/TR&gt;
&lt;TR&gt;
	&lt;TD class="tr4 td12"&gt;&lt;SPAN class="p53 ft2"&gt;tolerans och &lt;NOBR&gt;icke-diskriminering.&lt;/NOBR&gt; I mars 2017 antogs ett nytt straffrätts-&lt;/SPAN&gt; &lt;/TD&gt;
	&lt;TD class="tr4 td13"&gt;&lt;SPAN class="p13 ft4"&gt; &lt;/SPAN&gt; &lt;/TD&gt;
&lt;/TR&gt;
&lt;TR&gt;
	&lt;TD class="tr4 td12"&gt;&lt;SPAN class="p53 ft2"&gt;ligt direktiv om att bekämpa terrorism som skulle vara genomfört av&lt;/SPAN&gt; &lt;/TD&gt;
	&lt;TD class="tr4 td13"&gt;&lt;SPAN class="p13 ft4"&gt; &lt;/SPAN&gt; &lt;/TD&gt;
&lt;/TR&gt;
&lt;TR&gt;
	&lt;TD class="tr4 td12"&gt;&lt;SPAN class="p53 ft2"&gt;medlemsstaterna senast i september 2018 (Europaparlamentets och rådets&lt;/SPAN&gt; &lt;/TD&gt;
	&lt;TD class="tr4 td13"&gt;&lt;SPAN class="p13 ft4"&gt; &lt;/SPAN&gt; &lt;/TD&gt;
&lt;/TR&gt;
&lt;TR&gt;
	&lt;TD class="tr7 td12"&gt;&lt;SPAN class="p54 ft2"&gt;direktiv (EU) 2017/541 av den 15 mars 2017 om bekämpande av&lt;/SPAN&gt; &lt;/TD&gt;
	&lt;TD class="tr7 td13"&gt;&lt;SPAN class="p13 ft4"&gt; &lt;/SPAN&gt; &lt;/TD&gt;
&lt;/TR&gt;
&lt;TR&gt;
	&lt;TD class="tr4 td12"&gt;&lt;SPAN class="p53 ft2"&gt;terrorism, om ersättande av rådets rambeslut 2002/475/RIF och om&lt;/SPAN&gt; &lt;/TD&gt;
	&lt;TD class="tr4 td13"&gt;&lt;SPAN class="p13 ft4"&gt; &lt;/SPAN&gt; &lt;/TD&gt;
&lt;/TR&gt;
&lt;TR&gt;
	&lt;TD class="tr7 td12"&gt;&lt;SPAN class="p53 ft2"&gt;ändring av rådets beslut 2005/671/RIF, kallat terrorismdirektivet).&lt;/SPAN&gt; &lt;/TD&gt;
	&lt;TD class="tr7 td13"&gt;&lt;SPAN class="p13 ft4"&gt; &lt;/SPAN&gt; &lt;/TD&gt;
&lt;/TR&gt;
&lt;TR&gt;
	&lt;TD class="tr4 td12"&gt;&lt;SPAN class="p54 ft2"&gt;Sverige har genomfört direktivet och lagändringarna trädde i kraft den 1&lt;/SPAN&gt; &lt;/TD&gt;
	&lt;TD class="tr4 td13"&gt;&lt;SPAN class="p13 ft4"&gt; &lt;/SPAN&gt; &lt;/TD&gt;
&lt;/TR&gt;
&lt;TR&gt;
	&lt;TD class="tr4 td12"&gt;&lt;SPAN class="p53 ft2"&gt;september 2018 (prop. 2017/18:174, bet. 2017/18:JuU35 och rskr.&lt;/SPAN&gt; &lt;/TD&gt;
	&lt;TD class="tr4 td13"&gt;&lt;SPAN class="p13 ft4"&gt; &lt;/SPAN&gt; &lt;/TD&gt;
&lt;/TR&gt;
&lt;TR&gt;
	&lt;TD class="tr4 td12"&gt;&lt;SPAN class="p53 ft2"&gt;2017/18:390). EU har även beslutat om ytterligare listningar under EU:s&lt;/SPAN&gt; &lt;/TD&gt;
	&lt;TD class="tr4 td13"&gt;&lt;SPAN class="p13 ft4"&gt; &lt;/SPAN&gt; &lt;/TD&gt;
&lt;/TR&gt;
&lt;TR&gt;
	&lt;TD class="tr7 td12"&gt;&lt;SPAN class="p53 ft2"&gt;sanktionsregimer för att motverka terrorism, både med föregående FN-&lt;/SPAN&gt; &lt;/TD&gt;
	&lt;TD class="tr7 td13"&gt;&lt;SPAN class="p13 ft4"&gt; &lt;/SPAN&gt; &lt;/TD&gt;
&lt;/TR&gt;
&lt;TR&gt;
	&lt;TD class="tr4 td12"&gt;&lt;SPAN class="p13 ft2"&gt;beslut och självständigt.&lt;/SPAN&gt; &lt;/TD&gt;
	&lt;TD class="tr4 td13"&gt;&lt;SPAN class="p13 ft4"&gt; &lt;/SPAN&gt; &lt;/TD&gt;
&lt;/TR&gt;
&lt;TR&gt;
	&lt;TD class="tr7 td12"&gt;&lt;SPAN class="p53 ft2"&gt;Sverige är en av 79 medlemmar i den globala koalitionen mot Daesh&lt;/SPAN&gt; &lt;/TD&gt;
	&lt;TD class="tr7 td13"&gt;&lt;SPAN class="p13 ft4"&gt; &lt;/SPAN&gt; &lt;/TD&gt;
&lt;/TR&gt;
&lt;TR&gt;
	&lt;TD class="tr4 td12"&gt;&lt;SPAN class="p53 ft2"&gt;och deltar i den militära utbildningsinsats som koalitionen bedriver i Irak.&lt;/SPAN&gt; &lt;/TD&gt;
	&lt;TD class="tr4 td13"&gt;&lt;SPAN class="p13 ft4"&gt; &lt;/SPAN&gt; &lt;/TD&gt;
&lt;/TR&gt;
&lt;TR&gt;
	&lt;TD class="tr4 td12"&gt;&lt;SPAN class="p53 ft2"&gt;Bidraget består av en svensk väpnad styrka på högst 70 personer på plats&lt;/SPAN&gt; &lt;/TD&gt;
	&lt;TD class="tr4 td13"&gt;&lt;SPAN class="p13 ft4"&gt; &lt;/SPAN&gt; &lt;/TD&gt;
&lt;/TR&gt;
&lt;TR&gt;
	&lt;TD class="tr4 td12"&gt;&lt;SPAN class="p53 ft2"&gt;i Irak. Om situationen så kräver ska det finnas möjlighet att utöver själva&lt;/SPAN&gt; &lt;/TD&gt;
	&lt;TD class="tr4 td13"&gt;&lt;SPAN class="p13 ft4"&gt; &lt;/SPAN&gt; &lt;/TD&gt;
&lt;/TR&gt;
&lt;TR&gt;
	&lt;TD class="tr7 td12"&gt;&lt;SPAN class="p53 ft2"&gt;styrkebidraget tillfälligt sätta in en förstärknings- och evakueringsstyrka&lt;/SPAN&gt; &lt;/TD&gt;
	&lt;TD class="tr7 td13"&gt;&lt;SPAN class="p13 ft4"&gt; &lt;/SPAN&gt; &lt;/TD&gt;
&lt;/TR&gt;
&lt;TR&gt;
	&lt;TD class="tr4 td12"&gt;&lt;SPAN class="p53 ft2"&gt;om ytterligare högst 150 personer. Sverige deltar i två av koalitionens&lt;/SPAN&gt; &lt;/TD&gt;
	&lt;TD class="tr4 td13"&gt;&lt;SPAN class="p13 ft4"&gt; &lt;/SPAN&gt; &lt;/TD&gt;
&lt;/TR&gt;
&lt;TR&gt;
	&lt;TD class="tr7 td12"&gt;&lt;SPAN class="p53 ft2"&gt;fem arbetsgrupper: den militära och den grupp som fokuserar på stabi-&lt;/SPAN&gt; &lt;/TD&gt;
	&lt;TD class="tr7 td13"&gt;&lt;SPAN class="p13 ft4"&gt; &lt;/SPAN&gt; &lt;/TD&gt;
&lt;/TR&gt;
&lt;TR&gt;
	&lt;TD class="tr4 td12"&gt;&lt;SPAN class="p53 ft2"&gt;liseringsinsatser. Sverige ingår även i koalitionens kärngrupp som består&lt;/SPAN&gt; &lt;/TD&gt;
	&lt;TD class="tr4 td13"&gt;&lt;SPAN class="p13 ft4"&gt; &lt;/SPAN&gt; &lt;/TD&gt;
&lt;/TR&gt;
&lt;TR&gt;
	&lt;TD class="tr4 td12"&gt;&lt;SPAN class="p13 ft2"&gt;av omkring 30 bidragsgivare.&lt;/SPAN&gt; &lt;/TD&gt;
	&lt;TD class="tr4 td13"&gt;&lt;SPAN class="p13 ft4"&gt; &lt;/SPAN&gt; &lt;/TD&gt;
&lt;/TR&gt;
&lt;TR&gt;
	&lt;TD class="tr4 td12"&gt;&lt;SPAN class="p53 ft2"&gt;Säkerhetspolisens arbete har under perioden i hög grad fokuserat på&lt;/SPAN&gt; &lt;/TD&gt;
	&lt;TD class="tr4 td13"&gt;&lt;SPAN class="p13 ft4"&gt; &lt;/SPAN&gt; &lt;/TD&gt;
&lt;/TR&gt;
&lt;TR&gt;
	&lt;TD class="tr7 td12"&gt;&lt;SPAN class="p53 ft2"&gt;resande till och från våldsbejakande islamistiska grupper i utlandet.&lt;/SPAN&gt; &lt;/TD&gt;
	&lt;TD class="tr7 td13"&gt;&lt;SPAN class="p13 ft4"&gt; &lt;/SPAN&gt; &lt;/TD&gt;
&lt;/TR&gt;
&lt;TR&gt;
	&lt;TD class="tr7 td12"&gt;&lt;SPAN class="p53 ft2"&gt;Säkerhetspolisens arbete har bidragit till att förhindra terroristbrott i&lt;/SPAN&gt; &lt;/TD&gt;
	&lt;TD class="tr7 td13"&gt;&lt;SPAN class="p15 ft2"&gt;9&lt;/SPAN&gt; &lt;/TD&gt;
&lt;/TR&gt;
&lt;/TABLE&gt;
&lt;/DIV&gt;
&lt;DIV id="page_10"&gt;


&lt;P class="p55 ft2"&gt;Skr. 2018/19:17 Sverige och utomlands. I arbetet med att förhindra terroristbrott deltar Säkerhetspolisen i ett omfattande internationellt samarbete.&lt;/P&gt;
&lt;P class="p56 ft2"&gt;10&lt;/P&gt;
&lt;/DIV&gt;
&lt;DIV id="page_11"&gt;
&lt;DIV id="p11dimg1"&gt;
&lt;INGENBILD zsrc="H6031711x1.jpg/" id="p11img1"&gt;
&lt;/DIV&gt;


&lt;P class="p18 ft2"&gt;Skr. 2018/19:17&lt;/P&gt;
&lt;P class="p57 ft1"&gt;Justitiedepartementet&lt;/P&gt;
&lt;P class="p19 ft2"&gt;Utdrag ur protokoll vid regeringssammanträde den 22 november 2018&lt;/P&gt;
&lt;P class="p58 ft2"&gt;Närvarande: statsminister Löfven, ordförande, och statsråden Lövin, Wallström, M Johansson, Baylan, Hallengren, Hultqvist, Andersson, Hellmark Knutsson, Bolund, Damberg, Strandhäll, Fridolin, Linde, Skog, Ekström, Fritzon, Eneroth&lt;/P&gt;
&lt;P class="p59 ft2"&gt;Föredragande: statsrådet Morgan Johansson&lt;/P&gt;
&lt;P class="p60 ft2"&gt;Regeringen beslutar skrivelse 2018 års redogörelse för tillämpningen av lagen om särskild utlänningskontroll&lt;/P&gt;
&lt;P class="p61 ft2"&gt;11&lt;/P&gt;
&lt;/DIV&gt;

&lt;/div&gt;&lt;style&gt;


TD,TD.p2h {
zzzfont-size:90%;
zzzmargin-right:2px;
zzzoverflow:visable;
zzzword-wrap: break-word;
}

P {
zdisplay:block;
}

.divbreak {
clear:both;
display:block;
zwidth: 100%;
zheight: 1px;
zword-wrap: break-word;
}


.xecp {
  display:block;
  margin: 0px !important;
  padding: 0px !important;
  
}

.ec {
  border-style:solid;
  border-width:1px;
  display:block;
  margin: 0px !important;
  padding: 0px !important;
}

.TOPS {
  overflow:visable;
  margin:2px;
  width:690px !important;
}

&lt;/style&gt;
</html>
  </dokument>
<dokaktivitet>
<aktivitet>
<kod datatype="string">INL</kod>
<namn datatype="string">Inlämnad</namn>
<datum datatype="datetime">2018-11-27 00:00:00</datum>
<status datatype="string">inträffat</status>
<ordning datatype="int32">0</ordning>
<process datatype="string">behandling</process>
</aktivitet>
<aktivitet>
<kod datatype="string">B</kod>
<namn datatype="string">Bordlagd</namn>
<datum datatype="datetime">2018-11-27 00:00:00</datum>
<status datatype="string">inträffat</status>
<ordning datatype="int32">0</ordning>
<process datatype="string">behandling</process>
</aktivitet>
<aktivitet>
<kod datatype="string">HÄN</kod>
<namn datatype="string">Hänvisad</namn>
<datum datatype="datetime">2018-11-28 00:00:00</datum>
<status datatype="string">inträffat</status>
<ordning datatype="int32">0</ordning>
<process datatype="string">behandling</process>
</aktivitet>
<aktivitet>
<kod datatype="string">MOT</kod>
<namn datatype="string">Motionstid slutar</namn>
<datum datatype="datetime">2018-12-12 00:00:00</datum>
<status datatype="string">inträffat</status>
<ordning datatype="int32">0</ordning>
<process datatype="string">behandling</process>
</aktivitet>
</dokaktivitet>
<dokintressent>
<intressent>
<intressent_id datatype="string">0218878014918</intressent_id>
<namn datatype="string">Stefan Löfven</namn>
<partibet datatype="string">S</partibet>
<ordning datatype="int16">1</ordning>
<roll datatype="string">Statsråd1</roll>
</intressent>
<intressent>
<intressent_id datatype="string">0473783431010</intressent_id>
<namn datatype="string">Morgan Johansson</namn>
<partibet datatype="string">S</partibet>
<ordning datatype="int16">2</ordning>
<roll datatype="string">Statsråd2</roll>
</intressent>
</dokintressent>
<dokuppgift>
<uppgift>
<kod datatype="string">inlamnatav</kod>
<namn datatype="string">Inlämnat av</namn>
<text datatype="string">Justitiedepartementet</text>
<dok_id datatype="string">H60317</dok_id>
<systemdatum datatype="datetime">2018-11-28 08:25:37</systemdatum>
</uppgift>
<uppgift>
<kod datatype="string">tilldelat</kod>
<namn datatype="string">Tilldelat</namn>
<text datatype="string">Justitieutskottet</text>
<dok_id datatype="string">H60317</dok_id>
<systemdatum datatype="datetime">2018-11-28 08:25:37</systemdatum>
</uppgift>
<uppgift>
<kod datatype="string">statustext</kod>
<namn datatype="string">statustext</namn>
<text datatype="string">Skrivelsen är inlämnad</text>
<dok_id datatype="string">H60317</dok_id>
<systemdatum datatype="datetime">2018-11-27 13:33:06</systemdatum>
</uppgift>
</dokuppgift>
<dokbilaga>
<bilaga>
<dok_id datatype="string">H60317</dok_id>
<titel datatype="string">2018 års redogörelse för tillämpningen av lagen om särskild utlänningskontroll</titel>
<subtitel datatype="string" />
<filnamn datatype="string">skr_201819__17.pdf</filnamn>
<filstorlek datatype="int32">410225</filstorlek>
<filtyp datatype="string">pdf</filtyp>
<fil_url datatype="string">http://data.riksdagen.se/fil/878E9316-9875-40D2-BD12-7EB903C7073E</fil_url>
</bilaga>
</dokbilaga>
<debatt /></dokumentstatus>