<dokumentstatus>
  <dokument>
    <hangar_id datatype="int32">5031606</hangar_id>
    <dok_id datatype="string">H603113</dok_id>
    <rm datatype="string">2018/19</rm>
    <beteckning datatype="string">113</beteckning>
    <typ datatype="string">prop</typ>
    <subtyp datatype="string">skr</subtyp>
    <doktyp datatype="string">prop</doktyp>
    <typrubrik datatype="string">Skrivelse 2018/19:113</typrubrik>
    <dokumentnamn datatype="string">Skrivelse</dokumentnamn>
    <debattnamn datatype="string">Proposition</debattnamn>
    <tempbeteckning datatype="string"></tempbeteckning>
    <organ datatype="string">Infrastrukturdepartementet</organ>
    <mottagare datatype="string">TU</mottagare>
    <nummer datatype="int32">113</nummer>
    <slutnummer datatype="int32">0</slutnummer>
    <datum datatype="datetime">2019-04-23 00:00:00</datum>
    <systemdatum datatype="datetime">2019-06-18 16:33:10</systemdatum>
    <publicerad datatype="datetime">2019-04-23 00:00:00</publicerad>
    <titel datatype="string">Ett ändrat prishöjningstak för frimärkta brev</titel>
    <subtitel datatype="string"></subtitel>
    <status datatype="string">Hänvisad</status>
    <htmlformat datatype="string">html-ec</htmlformat>
    <relaterat_id datatype="string"></relaterat_id>
    <source datatype="string">prop-RIM</source>
    <sourceid datatype="string">1cb7bdd9-1195-43e6-81b7-47e39f176be3</sourceid>
    <dokument_url_text datatype="stext">http://data.riksdagen.se/dokument/H603113/text</dokument_url_text>
    <dokument_url_html datatype="stext">http://data.riksdagen.se/dokument/H603113</dokument_url_html>
    <dokumentstatus_url_xml datatype="stext">http://data.riksdagen.se/dokumentstatus/H603113</dokumentstatus_url_xml>
    <html datatype="text">&lt;div style="margin:3px;"&gt;
&lt;STYLE type="text/css"&gt;

body {margin-top: 0px;margin-left: 0px;}

#page_1 {position:relative; overflow: hidden;z:b;margin:10px 0px 21px 10px ;padding: 0px;border: none;width: 766px;}

#page_1 #p1dimg1 {position:absolute;top:0px;left:546px;z-index:-1;width:54px;height:97px;}
#page_1 #p1dimg1 #p1img1 {width:54px;height:97px;}




#page_2 {position:relative; overflow: hidden;z:b;margin:13px 0px 21px 10px ;padding: 0px;border: none;width: 676px;}





#page_3 {position:relative; overflow: hidden;z:b;margin:15px 0px 21px 10px ;padding: 0px;border: none;width: 766px;}





#page_4 {position:relative; overflow: hidden;z:b;margin:15px 0px 21px 10px ;padding: 0px;border: none;width: 676px;}





#page_5 {position:relative; overflow: hidden;z:b;margin:15px 0px 21px 10px ;padding: 0px;border: none;width: 676px;}





#page_6 {position:relative; overflow: hidden;z:b;margin:15px 0px 21px 10px ;padding: 0px;border: none;width: 676px;}





#page_7 {position:relative; overflow: hidden;z:b;margin:15px 0px 21px 10px ;padding: 0px;border: none;width: 676px;}





#page_8 {position:relative; overflow: hidden;z:b;margin:15px 0px 21px 10px ;padding: 0px;border: none;width: 676px;}





#page_9 {position:relative; overflow: hidden;z:b;margin:15px 0px 21px 10px ;padding: 0px;border: none;width: 766px;}

#page_9 #p9dimg1 {position:absolute;top:237px;left:63px;z-index:-1;width:112px;height:1px;font-size: 1px !important;l-h:nHeight;}
#page_9 #p9dimg1 #p9img1 {width:112px;height:1px;}




.dclr {clear:both;float:none;height:1px;margin:0px;padding:0px;overflow:hidden;}

.ft0{font:  18px 'Verdana' !important;l-h: 32px;}
.ft1{font:  14px 'Verdana' !important;l-h: 22px;}
.ft2{font:  10px 'Verdana' !important;l-h: 1px;}
.ft3{font:  12px 'Verdana' !important;l-h: 15px;}
.ft4{font: italic  12px 'Verdana' !important;l-h: 15px;}
.ft5{font:  12px 'Verdana' !important;l-h: 17px;}
.ft6{font: italic  12px 'Verdana' !important;l-h: 17px;}
.ft7{font:  12px 'Verdana' !important;l-h: 16px;}
.ft8{font:  14px 'Verdana' !important;l-h: 20px;}
.ft9{font:  10px 'Verdana' !important;l-h: 4px;}
.ft10{font:  12px 'Verdana' !important;l-h: 15px;}
.ft11{font:  12px 'Verdana' !important;l-h: 16px;}
.ft12{font:  14px 'Verdana' !important;margin-left: 50px;l-h: 26px;}
.ft13{font:  14px 'Verdana' !important;l-h: 26px;}
.ft14{font:  10px 'Verdana' !important;l-h: 6px;}

.p0{text-align: left;padding-left: 0px;padding-right: 441px;margin-top: 22px;margin-bottom: 0px !important;}
.p1{text-align: left;padding-left: 0px;margin-top: 0px;margin-bottom: 0px !important;white-space: nowrap;}
.p2{text-align: left;padding-left: 0px;margin-top: 0px;margin-bottom: 0px !important;white-space: nowrap;}
.p3{text-align: left;margin-top: 0px;margin-bottom: 0px !important;white-space: nowrap;}
.p4{text-align: left;padding-left: 0px;margin-top: 18px;margin-bottom: 0px !important;}
.p5{text-align: left;padding-left: 0px;margin-top: 15px;margin-bottom: 0px !important;}
.p6{text-align: left;padding-left: 0px;margin-top: 32px;margin-bottom: 0px !important;}
.p7{text-align: left;padding-left: 180px;padding-right: 357px;margin-top: 20px;margin-bottom: 0px !important;}
.p8{text-align: left;padding-left: 0px;margin-top: 47px;margin-bottom: 0px !important;}
.p9{text-align: left;padding-left: 0px;padding-right: 168px;margin-top: 28px;margin-bottom: 0px !important;}
.p10{text-align: right;padding-right: 42px;margin-top: 319px;margin-bottom: 0px !important;}
.p11{text-align: left;padding-left: 0px;margin-top: 0px;margin-bottom: 0px !important;white-space: nowrap;}
.p12{text-align: left;padding-left: 0px;margin-top: 0px;margin-bottom: 0px !important;white-space: nowrap;}
.p13{text-align: right;margin-top: 0px;margin-bottom: 0px !important;white-space: nowrap;}
.p14{text-align: left;margin-top: 620px;margin-bottom: 0px !important;}
.p15{text-align: right;padding-right: 21px;margin-top: 0px;margin-bottom: 0px !important;white-space: nowrap;}
.p16{text-align: left;padding-left: 0px;margin-top: 0px;margin-bottom: 0px !important;white-space: nowrap;}
.p17{text-align: left;padding-left: 0px;padding-right: 168px;margin-top: 10px;margin-bottom: 0px !important;}
.p18{text-align: left;padding-left: 0px;padding-right: 147px;margin-top: 3px;margin-bottom: 0px !important;text-indent: 15px;}
.p19{text-align: left;padding-left: 0px;padding-right: 168px;margin-top: 2px;margin-bottom: 0px !important;text-indent: 11px;}
.p20{text-align: left;padding-left: 0px;padding-right: 147px;margin-top: 2px;margin-bottom: 0px !important;text-indent: 11px;}
.p21{text-align: left;padding-left: 0px;padding-right: 147px;margin-top: 2px;margin-bottom: 0px !important;text-indent: 11px;}
.p22{text-align: left;padding-left: 0px;padding-right: 168px;margin-top: 5px;margin-bottom: 0px !important;text-indent: 11px;}
.p23{text-align: left;padding-left: 0px;margin-top: 44px;margin-bottom: 0px !important;}
.p24{text-align: left;padding-left: 0px;padding-right: 168px;margin-top: 14px;margin-bottom: 0px !important;}
.p25{text-align: right;padding-right: 42px;margin-top: 0px;margin-bottom: 0px !important;}
.p26{text-align: left;padding-left: 0px;padding-right: 63px;margin-top: 0px;margin-bottom: 0px !important;text-indent: 0.112px;}
.p27{text-align: left;padding-left: 0px;padding-right: 63px;margin-top: 3px;margin-bottom: 0px !important;text-indent: 11px;}
.p28{text-align: left;padding-left: 0px;padding-right: 63px;margin-top: 2px;margin-bottom: 0px !important;text-indent: 11px;}
.p29{text-align: left;padding-left: 0px;padding-right: 63px;margin-top: 2px;margin-bottom: 0px !important;text-indent: 11px;}
.p30{text-align: left;padding-left: 0px;padding-right: 63px;margin-top: 0px;margin-bottom: 0px !important;text-indent: 11px;}
.p31{text-align: left;padding-left: 0px;padding-right: 63px;margin-top: 4px;margin-bottom: 0px !important;text-indent: 11px;}
.p32{text-align: left;margin-top: 3px;margin-bottom: 0px !important;}
.p33{text-align: left;padding-left: 0px;padding-right: 6px;margin-top: 0px;margin-bottom: 0px !important;}
.p34{text-align: left;padding-left: 0px;padding-right: 105px;margin-top: 0px;margin-bottom: 0px !important;}
.p35{text-align: left;padding-left: 0px;padding-right: 105px;margin-top: 3px;margin-bottom: 0px !important;}
.p36{text-align: left;padding-left: 0px;padding-right: 315px;margin-top: 43px;margin-bottom: 0px !important;text-indent: 0.60px;}
.p37{text-align: left;padding-left: 0px;padding-right: 105px;margin-top: 9px;margin-bottom: 0px !important;}
.p38{text-align: left;padding-left: 0px;padding-right: 105px;margin-top: 3px;margin-bottom: 0px !important;text-indent: 11px;}
.p39{text-align: right;margin-top: 7px;margin-bottom: 0px !important;}
.p40{text-align: left;padding-left: 0px;padding-right: 63px;margin-top: 0px;margin-bottom: 0px !important;text-indent: 0.112px;}
.p41{text-align: left;padding-left: 0px;padding-right: 63px;margin-top: 7px;margin-bottom: 0px !important;text-indent: 11px;}
.p42{text-align: left;padding-left: 0px;padding-right: 63px;margin-top: 6px;margin-bottom: 0px !important;text-indent: 11px;}
.p43{text-align: left;padding-left: 0px;padding-right: 63px;margin-top: 3px;margin-bottom: 0px !important;text-indent: 11px;}
.p44{text-align: left;margin-top: 0px;margin-bottom: 0px !important;}
.p45{text-align: left;padding-left: 0px;padding-right: 63px;margin-top: 0px;margin-bottom: 0px !important;text-indent: 0.112px;}
.p46{text-align: left;padding-left: 0px;padding-right: 63px;margin-top: 4px;margin-bottom: 0px !important;text-indent: 11px;}
.p47{text-align: left;padding-left: 0px;padding-right: 63px;margin-top: 22px;margin-bottom: 0px !important;text-indent: 11px;}
.p48{text-align: left;margin-top: 141px;margin-bottom: 0px !important;}
.p49{text-align: left;padding-left: 440px;margin-top: 0px;margin-bottom: 0px !important;}
.p50{text-align: left;padding-left: 0px;margin-top: 13px;margin-bottom: 0px !important;}
.p51{text-align: left;padding-left: 0px;margin-top: 1px;margin-bottom: 0px !important;}
.p52{text-align: left;padding-left: 0px;margin-top: 0px;margin-bottom: 0px !important;}
.p53{text-align: left;padding-left: 0px;margin-top: 2px;margin-bottom: 0px !important;}
.p54{text-align: left;padding-left: 0px;margin-top: 16px;margin-bottom: 0px !important;}
.p55{text-align: left;padding-left: 0px;padding-right: 168px;margin-top: 76px;margin-bottom: 0px !important;}
.p56{text-align: right;padding-right: 42px;margin-top: 451px;margin-bottom: 0px !important;}

.td0{padding: 0px;margin: 0px;width: 395px;vertical-align: bottom;}
.td1{padding: 0px;margin: 0px;width: 131px;vertical-align: bottom;}
.td2{border-bottom: #000000 1px solid;padding: 0px;margin: 0px;width: 395px;vertical-align: bottom;}
.td3{border-bottom: #000000 1px solid;padding: 0px;margin: 0px;width: 131px;vertical-align: bottom;}
.td4{padding: 0px;margin: 0px;width: 108px;vertical-align: bottom;}
.td5{padding: 0px;margin: 0px;width: 415px;vertical-align: bottom;}
.td6{padding: 0px;margin: 0px;width: 6px;vertical-align: bottom;}
.td7{padding: 0px;margin: 0px;width: 28px;vertical-align: bottom;}
.td8{padding: 0px;margin: 0px;width: 387px;vertical-align: bottom;}
.td9{padding: 0px;margin: 0px;width: 36px;vertical-align: bottom;}
.td10{padding: 0px;margin: 0px;width: 389px;vertical-align: bottom;}
.td11{padding: 0px;margin: 0px;width: 97px;vertical-align: bottom;}
.td12{padding: 0px;margin: 0px;width: 468px;vertical-align: bottom;}
.td13{padding: 0px;margin: 0px;width: 61px;vertical-align: bottom;}

.tr0{heightzzz: 31px;}
.tr1{heightzzz: 23px;}
.tr2{heightzzz: 26px;}
.tr3{heightzzz: 22px;}
.tr4{heightzzz: 4px;}
.tr5{heightzzz: 42px;}
.tr6{heightzzz: 27px;}
.tr7{heightzzz: 20px;}
.tr8{heightzzz: 16px;}
.tr9{heightzzz: 15px;}
.tr10{heightzzz: 18px;}
.tr11{heightzzz: 24px;}
.tr12{heightzzz: 6px;}

.t0{width: 552px;margin-leftZ: 69px;margin-top: 5px;f:20px 'Verdana' !important;}
.t1{width: 555px;f:13px 'Verdana' !important;}
.t2{width: 548px;margin-leftZ: 68px;f:20px 'Verdana' !important;}
.t3{width: 555px;margin-top: 14px;f:13px 'Verdana' !important;}

&lt;/STYLE&gt;



&lt;DIV id="page_1"&gt;
&lt;DIV id="p1dimg1"&gt;
&lt;INGENBILD zsrc="H6031131x1.jpg/" id="p1img1"&gt;
&lt;/DIV&gt;


&lt;DIV class="dclr"&gt;&lt;/DIV&gt;
&lt;P class="p0 ft0"&gt;Regeringens skrivelse 2018/19:113&lt;/P&gt;
&lt;TABLE cellpadding=0 cellspacing=0 class="t0"&gt;
&lt;TR&gt;
	&lt;TD class="tr0 td0"&gt;&lt;SPAN class="p1 ft1"&gt;Ett ändrat prishöjningstak för frimärkta brev&lt;/SPAN&gt; &lt;/TD&gt;
	&lt;TD class="tr0 td1"&gt;&lt;SPAN class="p2 ft1"&gt;Skr.&lt;/SPAN&gt; &lt;/TD&gt;
&lt;/TR&gt;
&lt;TR&gt;
	&lt;TD class="tr1 td2"&gt;&lt;SPAN class="p3 ft2"&gt; &lt;/SPAN&gt; &lt;/TD&gt;
	&lt;TD class="tr1 td3"&gt;&lt;SPAN class="p2 ft1"&gt;2018/19:113&lt;/SPAN&gt; &lt;/TD&gt;
&lt;/TR&gt;
&lt;/TABLE&gt;
&lt;P class="p4 ft3"&gt;Regeringen överlämnar denna skrivelse till riksdagen.&lt;/P&gt;
&lt;P class="p5 ft3"&gt;Stockholm den 18 april 2019&lt;/P&gt;
&lt;P class="p6 ft4"&gt;Stefan Löfven&lt;/P&gt;
&lt;P class="p7 ft6"&gt;Anders Ygeman &lt;SPAN class="ft5"&gt;(Infrastrukturdepartementet)&lt;/SPAN&gt;&lt;/P&gt;
&lt;P class="p8 ft1"&gt;Skrivelsens huvudsakliga innehåll&lt;/P&gt;
&lt;P class="p9 ft7"&gt;I skrivelsen redovisar regeringen sin syn på behovet av att prisregleringen av inrikes befordran av enstaka postförsändelser bör förändras och på hur detta bör ske för att det långsiktigt ska finnas en samhällsomfattande posttjänst av god kvalitet i hela landet.&lt;/P&gt;
&lt;P class="p10 ft3"&gt;1&lt;/P&gt;
&lt;/DIV&gt;
&lt;DIV id="page_2"&gt;


&lt;TABLE cellpadding=0 cellspacing=0 class="t1"&gt;
&lt;TR&gt;
	&lt;TD rowspan=2 class="tr2 td4"&gt;&lt;SPAN class="p3 ft3"&gt;Skr. 2018/19:113&lt;/SPAN&gt; &lt;/TD&gt;
	&lt;TD colspan=2 class="tr3 td5"&gt;&lt;SPAN class="p11 ft8"&gt;Innehållsförteckning&lt;/SPAN&gt; &lt;/TD&gt;
	&lt;TD class="tr3 td6"&gt;&lt;SPAN class="p3 ft2"&gt; &lt;/SPAN&gt; &lt;/TD&gt;
&lt;/TR&gt;
&lt;TR&gt;
	&lt;TD class="tr4 td7"&gt;&lt;SPAN class="p3 ft9"&gt; &lt;/SPAN&gt; &lt;/TD&gt;
	&lt;TD class="tr4 td8"&gt;&lt;SPAN class="p3 ft9"&gt; &lt;/SPAN&gt; &lt;/TD&gt;
	&lt;TD class="tr4 td6"&gt;&lt;SPAN class="p3 ft9"&gt; &lt;/SPAN&gt; &lt;/TD&gt;
&lt;/TR&gt;
&lt;TR&gt;
	&lt;TD class="tr5 td4"&gt;&lt;SPAN class="p3 ft2"&gt; &lt;/SPAN&gt; &lt;/TD&gt;
	&lt;TD class="tr5 td7"&gt;&lt;SPAN class="p11 ft3"&gt;&lt;A href="#page_3"&gt;1&lt;/A&gt;&lt;/SPAN&gt; &lt;/TD&gt;
	&lt;TD class="tr5 td8"&gt;&lt;SPAN class="p12 ft3"&gt;&lt;A href="#page_3"&gt;Ärendet..............................................................................................&lt;/A&gt;&lt;/SPAN&gt; &lt;/TD&gt;
	&lt;TD class="tr5 td6"&gt;&lt;SPAN class="p13 ft3"&gt;&lt;A href="#page_3"&gt;3&lt;/A&gt;&lt;/SPAN&gt; &lt;/TD&gt;
&lt;/TR&gt;
&lt;TR&gt;
	&lt;TD class="tr3 td4"&gt;&lt;SPAN class="p3 ft2"&gt; &lt;/SPAN&gt; &lt;/TD&gt;
	&lt;TD class="tr3 td7"&gt;&lt;SPAN class="p11 ft3"&gt;&lt;A href="#page_3"&gt;2&lt;/A&gt;&lt;/SPAN&gt; &lt;/TD&gt;
	&lt;TD class="tr3 td8"&gt;&lt;SPAN class="p12 ft3"&gt;&lt;A href="#page_3"&gt;Bakgrund...........................................................................................&lt;/A&gt;&lt;/SPAN&gt; &lt;/TD&gt;
	&lt;TD class="tr3 td6"&gt;&lt;SPAN class="p13 ft3"&gt;&lt;A href="#page_3"&gt;3&lt;/A&gt;&lt;/SPAN&gt; &lt;/TD&gt;
&lt;/TR&gt;
&lt;TR&gt;
	&lt;TD class="tr3 td4"&gt;&lt;SPAN class="p3 ft2"&gt; &lt;/SPAN&gt; &lt;/TD&gt;
	&lt;TD class="tr3 td7"&gt;&lt;SPAN class="p11 ft3"&gt;&lt;A href="#page_5"&gt;3&lt;/A&gt;&lt;/SPAN&gt; &lt;/TD&gt;
	&lt;TD class="tr3 td8"&gt;&lt;SPAN class="p12 ft3"&gt;&lt;A href="#page_5"&gt;Ett ändrat prishöjningstak för frimärkta brev....................................&lt;/A&gt;&lt;/SPAN&gt; &lt;/TD&gt;
	&lt;TD class="tr3 td6"&gt;&lt;SPAN class="p13 ft3"&gt;&lt;A href="#page_5"&gt;5&lt;/A&gt;&lt;/SPAN&gt; &lt;/TD&gt;
&lt;/TR&gt;
&lt;TR&gt;
	&lt;TD class="tr3 td4"&gt;&lt;SPAN class="p3 ft2"&gt; &lt;/SPAN&gt; &lt;/TD&gt;
	&lt;TD class="tr3 td7"&gt;&lt;SPAN class="p11 ft3"&gt;&lt;A href="#page_7"&gt;4&lt;/A&gt;&lt;/SPAN&gt; &lt;/TD&gt;
	&lt;TD class="tr3 td8"&gt;&lt;SPAN class="p12 ft3"&gt;&lt;A href="#page_7"&gt;Konsekvenser....................................................................................&lt;/A&gt;&lt;/SPAN&gt; &lt;/TD&gt;
	&lt;TD class="tr3 td6"&gt;&lt;SPAN class="p13 ft3"&gt;&lt;A href="#page_7"&gt;7&lt;/A&gt;&lt;/SPAN&gt; &lt;/TD&gt;
&lt;/TR&gt;
&lt;TR&gt;
	&lt;TD class="tr3 td4"&gt;&lt;SPAN class="p3 ft2"&gt; &lt;/SPAN&gt; &lt;/TD&gt;
	&lt;TD colspan=2 class="tr3 td5"&gt;&lt;SPAN class="p11 ft3"&gt;&lt;A href="#page_9"&gt;Utdrag ur protokoll vid regeringssammanträde den 18 april 2019 ...........&lt;/A&gt;&lt;/SPAN&gt; &lt;/TD&gt;
	&lt;TD class="tr3 td6"&gt;&lt;SPAN class="p13 ft3"&gt;&lt;A href="#page_9"&gt;9&lt;/A&gt;&lt;/SPAN&gt; &lt;/TD&gt;
&lt;/TR&gt;
&lt;/TABLE&gt;
&lt;P class="p14 ft3"&gt;2&lt;/P&gt;
&lt;/DIV&gt;
&lt;DIV id="page_3"&gt;


&lt;TABLE cellpadding=0 cellspacing=0 class="t2"&gt;
&lt;TR&gt;
	&lt;TD class="tr6 td9"&gt;&lt;SPAN class="p15 ft1"&gt;1&lt;/SPAN&gt; &lt;/TD&gt;
	&lt;TD class="tr6 td10"&gt;&lt;SPAN class="p16 ft1"&gt;Ärendet&lt;/SPAN&gt; &lt;/TD&gt;
	&lt;TD class="tr6 td11"&gt;&lt;SPAN class="p3 ft3"&gt;Skr. 2018/19:113&lt;/SPAN&gt; &lt;/TD&gt;
&lt;/TR&gt;
&lt;/TABLE&gt;
&lt;P class="p17 ft3"&gt;I samband med avregleringen av postmarknaden 1993 infördes en prisreglering av portot i ett avtal mellan staten och Posten AB. Riksdagen bemyndigade 1998 regeringen att föreskriva att priset för tjänster som ingår i postverksamheten inte får överstiga vissa nivåer. Med stöd av bemyndigandet föreskrev regeringen 1998 ett pristak för enstaka postförsändelser som omfattas av den samhällsomfattande posttjänsten (numera 9 § postförordningen [2010:1049]).&lt;/P&gt;
&lt;P class="p18 ft10"&gt;Under den allmänna motionstiden 2004 och 2005 lämnades vissa motioner om pristaket med anledning av att Posten begärt att få höja priset mer än med konsumentprisindex (KPI) till följd av ökade kostnader. Riksdagen gav i anledning av detta regeringen till känna att en förändring av prisregleringen inom postområdet bör bli föremål för riksdagens prövning (bet. 2005/06:TU3 s. 12 f., rskr. 2005/06:141). Regeringen har senare informerat riksdagen om att tillkännagivandet lagts till handlingarna (skr. 2006/07:75 s. 140).&lt;/P&gt;
&lt;P class="p19 ft3"&gt;I samband med att en ny postlag föreslogs 2010 konstaterade också regeringen, med hänvisning till riksdagens tidigare tillkännagivande, att förändringar av prisregleringen inom postområdet bör bli föremål för riksdagens prövning (prop. 2009/10:216 s. 53 f.). Någon förändring i prisregleringen föreslogs däremot inte.&lt;/P&gt;
&lt;P class="p20 ft10"&gt;Regeringen beslutade den 13 augusti 2015 att tillkalla en särskild utredare med uppgift att se över postlagstiftningen. Utredaren skulle bl.a. analysera behovet av postförordningens prisreglering (dir. 2015:87). Utredningen redovisade i denna del ett förslag till ändring av pristaket i delbetänkandet Som ett brev på posten, Postbefordran och pristak i ett digitaliserat samhälle (SOU 2016:27). Betänkandet har remissbehandlats. Remissvaren finns tillgängliga i Näringsdepartementet (dnr N2016/02666/D).&lt;/P&gt;
&lt;P class="p21 ft10"&gt;Utredningens förslag till ändring av pristaket föranledde inte någon åtgärd. I propositionen Ändringar i postlagen (prop. 2017/18:41) lyfter regeringen dock fram, med hänvisning till samhällsutvecklingen och särskilt digitaliseringen, att situationen på postmarknaden är sådan att det kan komma att finnas behov av att på nytt se över postlagstiftningen för att säkerställa att det långsiktigt kommer att finnas en samhällsomfattande posttjänst av god kvalitet i hela landet. Regeringen uttalar även att den avser att följa utvecklingen nära och återkomma i lämpligt sammanhang.&lt;/P&gt;
&lt;P class="p22 ft7"&gt;Med hänvisning till riksdagens tidigare tillkännagivande redovisar regeringen i denna skrivelse sin syn på behovet av att prisregleringen av inrikes befordran av enstaka postförsändelser bör förändras och på hur detta bör ske för att det långsiktigt ska finnas en samhällsomfattande posttjänst av god kvalitet i hela landet.&lt;/P&gt;
&lt;P class="p23 ft1"&gt;2 Bakgrund&lt;/P&gt;
&lt;P class="p24 ft7"&gt;Det riksdagsbundna målet för postsektorn är att det ska finnas en posttjänst av god kvalitet i hela landet som uppfyller de krav som anges i postlagen (prop. 2014/15:1 utg.omr. 22, bet. 2014/15:TU1, rskr. 2014/15:86).&lt;/P&gt;
&lt;P class="p25 ft3"&gt;3&lt;/P&gt;
&lt;/DIV&gt;
&lt;DIV id="page_4"&gt;


&lt;P class="p26 ft3"&gt;Skr. 2018/19:113 Inom Europeiska unionen regleras posttjänster i Europaparlamentets och rådets direktiv 97/67/EG av den 15 december 1997 om gemensamma regler för utvecklingen av gemenskapens inre marknad för posttjänster och för förbättring av kvaliteten på tjänsterna (postdirektivet). Postdirektivet har ändrats vid ett par tillfällen, senast genom direktiv 2008/6/EG. Syftet med postdirektivet är att stegvis harmonisera Europeiska unionens inre marknad för posttjänster och att säkerställa en samhällsomfattande posttjänst som uppfyller vissa kvalitetskrav.&lt;/P&gt;
&lt;P class="p27 ft3"&gt;I postlagen (2010:1045) finns det bestämmelser om postverksamhet och samhällsomfattande posttjänst. Enligt lagen ska det finnas en samhällsomfattande posttjänst, dvs. en posttjänst som finns i hela landet, som är av god kvalitet och som innebär att alla användare kan ta emot postförsändelser och till rimliga priser kan avlämna sådana försändelser för befordran. Med postförsändelser avses adresserade försändelser som väger högst 20 kg och som överlämnas i den slutliga form i vilken de ska transporteras av en tillhandahållare av posttjänster. Detta innebär att den samhällsomfattande posttjänsten avser både brev och paket.&lt;/P&gt;
&lt;P class="p28 ft3"&gt;Post- och telestyrelsen (PTS) har utsett Postnord Group AB (Postnord) att tillhandahålla hela den samhällsomfattande posttjänsten. Kraven på den samhällsomfattande posttjänsten framgår av 3 kap. 1 § postlagen. Ett av dessa krav är att det varje arbetsdag och minst fem dagar i veckan, utom under omständigheter eller geografiska förhållanden som tillståndsmyndigheten bedömer utgör skäl för undantag, ska göras minst en insamling och minst en utdelning av postförsändelser. Denna bestämmelse grundar sig på artikel 3.3 i postdirektivet.&lt;/P&gt;
&lt;P class="p29 ft11"&gt;Enligt 3 kap. 3 § postlagen får regeringen meddela föreskrifter om att priset för tjänster som omfattas av den samhällsomfattande posttjänsten inte får överstiga vissa nivåer. Regeringen har med stöd av detta föreskrivit hur mycket den som tillhandahåller en samhällsomfattande posttjänst får höja priset för inrikes befordran av enstaka postförsändelser (9 § postförordningen).&lt;/P&gt;
&lt;P class="p30 ft10"&gt;Enligt 3 kap. 5 § postlagen ska regeringen eller den myndighet som regeringen bestämmer fortlöpande följa utvecklingen på postområdet och bevaka att posttjänsterna svarar mot samhällets behov och att en väl fungerande samhällsomfattande posttjänst av god kvalitet finns tillgänglig för alla användare. Regeringen har överlåtit åt PTS att utföra dessa uppgifter.&lt;/P&gt;
&lt;P class="p30 ft10"&gt;Sedan 1998 innehåller postförordningen en prisregleringsbestämmelse. Dessförinnan fanns en prisreglering av porto i, numera upphävda, förordningen (1981:193) om vissa postavgifter, därefter i föreskrifter hos dåvarande Postverket. Efter det att Postverkets monopol på brevbefordran avskaffades den 1 januari 1993, fanns prisregleringen i ett avtal mellan staten och Posten AB. Den nu gällande prisregleringen, att portot inte får höjas mer än förändringen av KPI, har haft samma lydelse sedan införandet 1998. I sammanhanget kan det konstateras att postförordningen reglerar en höjning av portot och inte ett maxbelopp vilket gör att det följaktligen bör benämnas som ett s.k. prishöjningstak, i stället för som tidigare pristak.&lt;/P&gt;
&lt;P class="p31 ft10"&gt;Prisregleringen omfattar enbart enstaka postförsändelser vilka endast utgör en mindre del av den totala brevvolymen. Enligt 2015 års postlagsutredning utgjorde enstaka övernattbefordrade brev (separata brev som kan vara olika i storlek och vikt, både s.k. kontorspost och brevlådepost) 15 procent av den totala brevvolymen 2014 och av dessa brev vägde 97 procent upp till 250 g,&lt;/P&gt;
&lt;P class="p32 ft3"&gt;4&lt;/P&gt;
&lt;/DIV&gt;
&lt;DIV id="page_5"&gt;


&lt;P class="p33 ft7"&gt;2 procent vägde 250 till 500 g och 1 procent vägde 500 g till 1 kg. Kontors- Skr. 2018/19:113 post är post som frankerats med ”porto betalt” eller med frankeringsmaskin.&lt;/P&gt;
&lt;P class="p34 ft10"&gt;Brevlådepost är post som postas i brevlåda – den är frankerad med frankeringsmaskin, med frimärke eller är förbetald s.k. svarspost. Enligt PTS, som har i uppdrag att göra en årlig uppföljning och analys av utvecklingen på den svenska postmarknaden, distribuerades totalt 2,43 miljarder brev på den svenska postmarknaden under 2014 och av dessa var andelen frimärkta brev&lt;/P&gt;
&lt;P class="p35 ft7"&gt;6 procent &lt;NOBR&gt;(PTS-ER-2015:3).&lt;/NOBR&gt; Enligt 2019 års uppföljning distribuerades totalt 2,02 miljarder brev under 2018. Andelen enstaka postförsändelser (övernattbefordrade och tvådagarsbefordrade) uppskattar PTS till 12 procent och andelen frimärkta brev till cirka 5 procent av den totala brevvolymen (PTS- &lt;NOBR&gt;ER-2019:7).&lt;/NOBR&gt; Någon statistik över andelen brev vars pris regleras av postförordningen finns inte.&lt;/P&gt;
&lt;P class="p36 ft13"&gt;&lt;SPAN class="ft1"&gt;3&lt;/SPAN&gt;&lt;SPAN class="ft12"&gt;Ett ändrat prishöjningstak för frimärkta brev&lt;/SPAN&gt;&lt;/P&gt;
&lt;P class="p37 ft10"&gt;Den svenska samhällsutvecklingen påverkas starkt av digitaliseringen. De ändrade kommunikationsmönster som användningen av ny teknik leder till innebär förändrade förutsättningar och villkor för människor, företag och offentliga institutioner. Denna omställning påverkar samhället i grunden och processen kan inte antas avstanna inom överskådlig tid. Sedan år 2000 har den totala brevvolymen på den svenska brevmarknaden minskat med 41,1 procent. Under 2018 var minskningen historiskt stor med 183,3 miljoner färre försändelser, vilket motsvarar en minskning med 8,3 procent &lt;NOBR&gt;(PTS-ER-2019:7).&lt;/NOBR&gt; Det finns inga tecken på att volymminskningen på den svenska brevmarknaden kommer att avstanna. Det gör att förutsättningarna på postmarknaden kommer att fortsätta förändras i snabb takt när volymminskningen fortsätter. Detta leder till att även förutsättningarna för att tillhandahålla en samhällsomfattande posttjänst påverkas.&lt;/P&gt;
&lt;P class="p38 ft10"&gt;Postnord har med stöd av 2 kap. 4 § postlagen fått tillstånd att bedriva postverksamhet med villkor om skyldighet för tillståndshavare att tillhandahålla den samhällsomfattande posttjänsten. Någon ersättning från staten lämnas inte för tillhandahållandet av tjänsten och enligt 3 kap. 2 § postlagen ska prissättningen av den vara kostnadsorienterad, vilket även gäller för de posttjänster som prisregleras. PTS bedömer, med anledning av de nedåtgående brevvolymerna, att så inte kommer att vara fallet inom kort. Regeringen delar den bedömningen, och prisregleringen i postförordningen behöver därför ändras för att skapa nödvändiga förutsättningar för en mer långsiktigt hållbar reglering som ökar möjligheterna att tillhandahålla dessa tjänster inom den samhällsomfattande tjänsten på ett företagsekonomiskt hållbart sätt och med kostnadstäckning. Regeringen bedömer att en ändring av prisregleringen även är nödvändig eftersom den samhällsomfattande posttjänsten enligt 3 kap. 4 § postlagen ska tillförsäkras genom upphandling om det är nödvändigt med hänsyn till kostnaderna för att tillhandahålla tjänsten. Om det skulle bli nödvändigt att upphandla tjänsten krävs ytterligare utredning och analys, t.ex. i vilka delar den samhällsomfattande posttjänsten inte kan upprätthållas och&lt;/P&gt;
&lt;P class="p39 ft3"&gt;5&lt;/P&gt;
&lt;/DIV&gt;
&lt;DIV id="page_6"&gt;


&lt;P class="p40 ft7"&gt;Skr. 2018/19:113 varför samt de statsfinansiella kostnaderna för detta (prop. 2009/10:216 s. 49). Regeringen följer noga utvecklingen på postområdet i detta avseende.&lt;/P&gt;
&lt;P class="p30 ft10"&gt;Prisregleringen utreddes senast av 2015 års postlagsutredning. Utredningens förslag innebär att pristaket bibehålls men att prisregleringen i postförordningen ändras så att den avser enstaka brev upp till 250 g som befordras över två arbetsdagar. Vidare ska pristaket bli mer flexibelt genom att det i pristaksberäkningen införs en faktor som tar hänsyn till den utsedda tillhandahållarens minskande volymer av brev upp till 250 g. Hur stor denna faktor ska vara bör enligt förslaget bestämmas av PTS med ett treårigt intervall. Postlagsutredningens förslag har remissbehandlats tillsammans med en kompletterande promemoria Uppdrag att beräkna kostnadsbasen för brev upp till 250 g som befordras över två arbetsdagar, som tagits fram av PTS &lt;NOBR&gt;(PTS-ER-2016:21).&lt;/NOBR&gt; Flertalet remissinstanser, bl.a. PTS, Bring, Schenker, Fria Postoperatörers förbund, SEKO, Företagarna, Krokoms kommun, Ljusdals kommun, SACO och Sveriges Kommuner och Landsting, tillstyrker förslagen. PTS och SEKO anser dock att volymfaktorn behöver kunna justeras oftare än vart tredje år. Andra vill inte förändra pristaket över huvud taget, t.ex. Grafiska företagen, Länsstyrelsen i Jämtlands län, Länsstyrelsen i Värmlands län, Mailworld och Svensk digital handel. Konkurrensverket, Statstjänstemannaförbundet ST och Postnord vill att postförordningens prisreglering avskaffas. Konkurrensverket anser dock att om prisregleringen ska vara kvar bör den begränsas till 250 g och ta hänsyn till volymutvecklingen. ST anser att pristaket ska ersättas av ett påbud att använda en kostnadsbaserad prissättning och att kostnadsredovisningen sedan ska ligga till grund för portopriset för försändelser upp till 250 g.&lt;/P&gt;
&lt;P class="p41 ft10"&gt;Regeringen bedömer, i linje med 2015 års postlagsutredning, att en ändring av prishöjningstaket är nödvändig. Prishöjningstaket bör utformas så att den utsedda tillhandahållaren av den samhällsomfattande posttjänsten, utöver ändringar i KPI, även ska kunna få höja priserna med den procentuella volymförändringen av tjänsten ett visst år multiplicerat med en faktor som motsvarar den förändring av genomsnittskostnaden för försändelserna som volymförändringen ger upphov till. Regeringen bedömer vidare att endast frimärkta brev med normalporto upp till 250 g ska omfattas av prisregleringen eftersom en sådan posttjänst tillgodoser det skyddsbehov prisregleringen är satt att värna (bet. 2005/06:TU3 s. 12 f., rskr. 2005/06:141). PTS ska också få begära in de uppgifter myndigheten behöver för att kunna fastställa faktorn som motsvarar den förändring av genomsnittskostnaden för försändelserna som volymförändringen ger upphov till. För att prisregleringen ska kunna ta hänsyn till brevvolymernas utveckling anser regeringen att PTS bör få begära in dessa uppgifter och fastställa faktorn oftare än vad 2015 års postlagsutredning föreslår. Regeringen bedömer därför att faktorn bör fastställas minst vart tredje år, men oftare om myndigheten i sin tillsyn av reglerna finner det nödvändigt.&lt;/P&gt;
&lt;P class="p42 ft10"&gt;Regeringen delar 2015 års postlagsutrednings bedömning att den föreslagna ändringen gör att prisregleringen reflekterar den pågående volymutvecklingen så att priserna följer utvecklingen av kostnaden per enhet, att regleringen möjliggör att ett basutbud av posttjänster kan tillhandahållas till rimliga priser även när volymerna faller och marginalkostnaderna ökar samt att den administrativa bördan för både PTS och Postnord blir rimlig.&lt;/P&gt;
&lt;P class="p43 ft7"&gt;Regeringen avser att remittera ett förslag till ändring av 9 § postförordningen för att inhämta berörda parters synpunkter.&lt;/P&gt;
&lt;P class="p44 ft3"&gt;6&lt;/P&gt;
&lt;/DIV&gt;
&lt;DIV id="page_7"&gt;


&lt;P class="p44 ft3"&gt;&lt;SPAN class="ft1"&gt;4 Konsekvenser&lt;/SPAN&gt;&lt;SPAN style="padding-left:232px;"&gt;Skr. 2018/19:113&lt;/SPAN&gt;&lt;/P&gt;
&lt;TABLE cellpadding=0 cellspacing=0 class="t3"&gt;
&lt;TR&gt;
	&lt;TD class="tr7 td12"&gt;&lt;SPAN class="p3 ft3"&gt;Ett sådant ändrat prishöjningstak som redogörs för i avsnitt 3 möjliggör en&lt;/SPAN&gt; &lt;/TD&gt;
	&lt;TD class="tr7 td13"&gt;&lt;SPAN class="p3 ft2"&gt; &lt;/SPAN&gt; &lt;/TD&gt;
&lt;/TR&gt;
&lt;TR&gt;
	&lt;TD class="tr8 td12"&gt;&lt;SPAN class="p3 ft3"&gt;bättre kostnadstäckning för de posttjänster som omfattas av prishöjningstaket&lt;/SPAN&gt; &lt;/TD&gt;
	&lt;TD class="tr8 td13"&gt;&lt;SPAN class="p3 ft2"&gt; &lt;/SPAN&gt; &lt;/TD&gt;
&lt;/TR&gt;
&lt;TR&gt;
	&lt;TD class="tr9 td12"&gt;&lt;SPAN class="p3 ft3"&gt;för den utsedda tillhandahållaren. Med ett sådant prishöjningstak kommer&lt;/SPAN&gt; &lt;/TD&gt;
	&lt;TD class="tr9 td13"&gt;&lt;SPAN class="p3 ft2"&gt; &lt;/SPAN&gt; &lt;/TD&gt;
&lt;/TR&gt;
&lt;TR&gt;
	&lt;TD class="tr9 td12"&gt;&lt;SPAN class="p3 ft3"&gt;större hänsyn att kunna tas till förändrade kostnader till följd av volymföränd-&lt;/SPAN&gt; &lt;/TD&gt;
	&lt;TD class="tr9 td13"&gt;&lt;SPAN class="p3 ft2"&gt; &lt;/SPAN&gt; &lt;/TD&gt;
&lt;/TR&gt;
&lt;TR&gt;
	&lt;TD class="tr8 td12"&gt;&lt;SPAN class="p3 ft3"&gt;ringar för dessa specifika posttjänster. Eftersom endast frimärkta brev upp till&lt;/SPAN&gt; &lt;/TD&gt;
	&lt;TD class="tr8 td13"&gt;&lt;SPAN class="p3 ft2"&gt; &lt;/SPAN&gt; &lt;/TD&gt;
&lt;/TR&gt;
&lt;TR&gt;
	&lt;TD class="tr9 td12"&gt;&lt;SPAN class="p3 ft3"&gt;250 g kommer att omfattas av prishöjningstaket, i stället för som i dag enstaka&lt;/SPAN&gt; &lt;/TD&gt;
	&lt;TD class="tr9 td13"&gt;&lt;SPAN class="p3 ft2"&gt; &lt;/SPAN&gt; &lt;/TD&gt;
&lt;/TR&gt;
&lt;TR&gt;
	&lt;TD class="tr9 td12"&gt;&lt;SPAN class="p3 ft3"&gt;försändelser upp till 500 g, kommer något färre posttjänster att vara pris-&lt;/SPAN&gt; &lt;/TD&gt;
	&lt;TD class="tr9 td13"&gt;&lt;SPAN class="p3 ft2"&gt; &lt;/SPAN&gt; &lt;/TD&gt;
&lt;/TR&gt;
&lt;TR&gt;
	&lt;TD class="tr8 td12"&gt;&lt;SPAN class="p3 ft3"&gt;reglerade.&lt;/SPAN&gt; &lt;/TD&gt;
	&lt;TD class="tr8 td13"&gt;&lt;SPAN class="p3 ft2"&gt; &lt;/SPAN&gt; &lt;/TD&gt;
&lt;/TR&gt;
&lt;TR&gt;
	&lt;TD class="tr9 td12"&gt;&lt;SPAN class="p11 ft3"&gt;Ett ändrat prishöjningstak berör den utsedda tillhandahållaren av den sam-&lt;/SPAN&gt; &lt;/TD&gt;
	&lt;TD class="tr9 td13"&gt;&lt;SPAN class="p3 ft2"&gt; &lt;/SPAN&gt; &lt;/TD&gt;
&lt;/TR&gt;
&lt;TR&gt;
	&lt;TD class="tr8 td12"&gt;&lt;SPAN class="p3 ft3"&gt;hällsomfattande tjänsten, Postnord, och tillsynsmyndigheten PTS. Direkt eller&lt;/SPAN&gt; &lt;/TD&gt;
	&lt;TD class="tr8 td13"&gt;&lt;SPAN class="p3 ft2"&gt; &lt;/SPAN&gt; &lt;/TD&gt;
&lt;/TR&gt;
&lt;TR&gt;
	&lt;TD class="tr9 td12"&gt;&lt;SPAN class="p3 ft3"&gt;indirekt berörda är alla privatpersoner, företag, organisationer och myndig-&lt;/SPAN&gt; &lt;/TD&gt;
	&lt;TD class="tr9 td13"&gt;&lt;SPAN class="p3 ft2"&gt; &lt;/SPAN&gt; &lt;/TD&gt;
&lt;/TR&gt;
&lt;TR&gt;
	&lt;TD class="tr9 td12"&gt;&lt;SPAN class="p3 ft3"&gt;heter som skickar brev. Indirekt berörs även de cirka 30 företag, vid sidan av&lt;/SPAN&gt; &lt;/TD&gt;
	&lt;TD class="tr9 td13"&gt;&lt;SPAN class="p3 ft2"&gt; &lt;/SPAN&gt; &lt;/TD&gt;
&lt;/TR&gt;
&lt;TR&gt;
	&lt;TD class="tr9 td12"&gt;&lt;SPAN class="p3 ft3"&gt;Postnord, som har tillstånd att bedriva postverksamhet och är verksamma på&lt;/SPAN&gt; &lt;/TD&gt;
	&lt;TD class="tr9 td13"&gt;&lt;SPAN class="p3 ft2"&gt; &lt;/SPAN&gt; &lt;/TD&gt;
&lt;/TR&gt;
&lt;TR&gt;
	&lt;TD class="tr8 td12"&gt;&lt;SPAN class="p3 ft3"&gt;postmarknaden. Privatpersoner, företag, organisationer och myndigheter som&lt;/SPAN&gt; &lt;/TD&gt;
	&lt;TD class="tr8 td13"&gt;&lt;SPAN class="p3 ft2"&gt; &lt;/SPAN&gt; &lt;/TD&gt;
&lt;/TR&gt;
&lt;TR&gt;
	&lt;TD class="tr9 td12"&gt;&lt;SPAN class="p3 ft3"&gt;huvudsakligen kommunicerar digitalt berörs inte av ett ändrat prishöjningstak.&lt;/SPAN&gt; &lt;/TD&gt;
	&lt;TD class="tr9 td13"&gt;&lt;SPAN class="p3 ft2"&gt; &lt;/SPAN&gt; &lt;/TD&gt;
&lt;/TR&gt;
&lt;TR&gt;
	&lt;TD class="tr8 td12"&gt;&lt;SPAN class="p11 ft3"&gt;Det ändrade prishöjningstaket skapar förutsättningar för en mer långsiktigt&lt;/SPAN&gt; &lt;/TD&gt;
	&lt;TD class="tr8 td13"&gt;&lt;SPAN class="p3 ft2"&gt; &lt;/SPAN&gt; &lt;/TD&gt;
&lt;/TR&gt;
&lt;TR&gt;
	&lt;TD class="tr9 td12"&gt;&lt;SPAN class="p3 ft3"&gt;hållbar reglering som ökar den utsedda tillhandahållarens möjligheter att till-&lt;/SPAN&gt; &lt;/TD&gt;
	&lt;TD class="tr9 td13"&gt;&lt;SPAN class="p3 ft2"&gt; &lt;/SPAN&gt; &lt;/TD&gt;
&lt;/TR&gt;
&lt;TR&gt;
	&lt;TD class="tr9 td12"&gt;&lt;SPAN class="p3 ft3"&gt;handahålla dessa tjänster inom den samhällsomfattande posttjänsten med&lt;/SPAN&gt; &lt;/TD&gt;
	&lt;TD class="tr9 td13"&gt;&lt;SPAN class="p3 ft2"&gt; &lt;/SPAN&gt; &lt;/TD&gt;
&lt;/TR&gt;
&lt;TR&gt;
	&lt;TD class="tr9 td12"&gt;&lt;SPAN class="p3 ft3"&gt;kostnadstäckning. Som utsedd tillhandahållare av tjänsten underlättar detta&lt;/SPAN&gt; &lt;/TD&gt;
	&lt;TD class="tr9 td13"&gt;&lt;SPAN class="p3 ft2"&gt; &lt;/SPAN&gt; &lt;/TD&gt;
&lt;/TR&gt;
&lt;TR&gt;
	&lt;TD class="tr8 td12"&gt;&lt;SPAN class="p3 ft3"&gt;Postnords möjligheter att uppfylla statens uppsatta avkastningskrav på den&lt;/SPAN&gt; &lt;/TD&gt;
	&lt;TD class="tr8 td13"&gt;&lt;SPAN class="p3 ft2"&gt; &lt;/SPAN&gt; &lt;/TD&gt;
&lt;/TR&gt;
&lt;TR&gt;
	&lt;TD class="tr9 td12"&gt;&lt;SPAN class="p3 ft3"&gt;totala verksamheten. Användandet av en något mer komplex modell för pris-&lt;/SPAN&gt; &lt;/TD&gt;
	&lt;TD class="tr9 td13"&gt;&lt;SPAN class="p3 ft2"&gt; &lt;/SPAN&gt; &lt;/TD&gt;
&lt;/TR&gt;
&lt;TR&gt;
	&lt;TD class="tr8 td12"&gt;&lt;SPAN class="p3 ft3"&gt;höjningstaket medför högre dokumentationskrav för den utsedda postopera-&lt;/SPAN&gt; &lt;/TD&gt;
	&lt;TD class="tr8 td13"&gt;&lt;SPAN class="p3 ft2"&gt; &lt;/SPAN&gt; &lt;/TD&gt;
&lt;/TR&gt;
&lt;TR&gt;
	&lt;TD class="tr9 td12"&gt;&lt;SPAN class="p3 ft3"&gt;tören. Postnord kommer att behöva redogöra för hur företagets kostnader ökar&lt;/SPAN&gt; &lt;/TD&gt;
	&lt;TD class="tr9 td13"&gt;&lt;SPAN class="p3 ft2"&gt; &lt;/SPAN&gt; &lt;/TD&gt;
&lt;/TR&gt;
&lt;TR&gt;
	&lt;TD class="tr9 td12"&gt;&lt;SPAN class="p3 ft3"&gt;när volymerna minskar och för volymförändringen under perioden. Det är data&lt;/SPAN&gt; &lt;/TD&gt;
	&lt;TD class="tr9 td13"&gt;&lt;SPAN class="p3 ft2"&gt; &lt;/SPAN&gt; &lt;/TD&gt;
&lt;/TR&gt;
&lt;TR&gt;
	&lt;TD class="tr9 td12"&gt;&lt;SPAN class="p3 ft3"&gt;som postoperatören, enligt 2015 års postlagsutredning, ändå kan förväntas ha&lt;/SPAN&gt; &lt;/TD&gt;
	&lt;TD class="tr9 td13"&gt;&lt;SPAN class="p3 ft2"&gt; &lt;/SPAN&gt; &lt;/TD&gt;
&lt;/TR&gt;
&lt;TR&gt;
	&lt;TD class="tr8 td12"&gt;&lt;SPAN class="p3 ft3"&gt;tillgänglig för sin egen planering men ett ändrat prishöjningstak kan ändå&lt;/SPAN&gt; &lt;/TD&gt;
	&lt;TD class="tr8 td13"&gt;&lt;SPAN class="p3 ft2"&gt; &lt;/SPAN&gt; &lt;/TD&gt;
&lt;/TR&gt;
&lt;TR&gt;
	&lt;TD class="tr9 td12"&gt;&lt;SPAN class="p3 ft3"&gt;komma att öka Postnords administrativa börda något. Att ett sådant prishöj-&lt;/SPAN&gt; &lt;/TD&gt;
	&lt;TD class="tr9 td13"&gt;&lt;SPAN class="p3 ft2"&gt; &lt;/SPAN&gt; &lt;/TD&gt;
&lt;/TR&gt;
&lt;TR&gt;
	&lt;TD class="tr8 td12"&gt;&lt;SPAN class="p3 ft3"&gt;ningstak som redogörs för i avsnitt 3, i förhållande till postlagsutredningens,&lt;/SPAN&gt; &lt;/TD&gt;
	&lt;TD class="tr8 td13"&gt;&lt;SPAN class="p3 ft2"&gt; &lt;/SPAN&gt; &lt;/TD&gt;
&lt;/TR&gt;
&lt;TR&gt;
	&lt;TD class="tr9 td12"&gt;&lt;SPAN class="p3 ft3"&gt;omfattar färre försändelser men eventuellt kan innebära mer frekvent redogö-&lt;/SPAN&gt; &lt;/TD&gt;
	&lt;TD class="tr9 td13"&gt;&lt;SPAN class="p3 ft2"&gt; &lt;/SPAN&gt; &lt;/TD&gt;
&lt;/TR&gt;
&lt;TR&gt;
	&lt;TD class="tr9 td12"&gt;&lt;SPAN class="p3 ft3"&gt;relse av kostnader bedöms inte påverka den administrativa bördan nämnvärt.&lt;/SPAN&gt; &lt;/TD&gt;
	&lt;TD class="tr9 td13"&gt;&lt;SPAN class="p3 ft2"&gt; &lt;/SPAN&gt; &lt;/TD&gt;
&lt;/TR&gt;
&lt;TR&gt;
	&lt;TD class="tr8 td12"&gt;&lt;SPAN class="p3 ft3"&gt;Vidare kan Postnord behöva genomföra informationsinsatser till användarna&lt;/SPAN&gt; &lt;/TD&gt;
	&lt;TD class="tr8 td13"&gt;&lt;SPAN class="p3 ft2"&gt; &lt;/SPAN&gt; &lt;/TD&gt;
&lt;/TR&gt;
&lt;TR&gt;
	&lt;TD class="tr9 td12"&gt;&lt;SPAN class="p3 ft3"&gt;om portot höjs med anledning av ett ändrat prishöjningstak. Dessa insatser bör&lt;/SPAN&gt; &lt;/TD&gt;
	&lt;TD class="tr9 td13"&gt;&lt;SPAN class="p3 ft2"&gt; &lt;/SPAN&gt; &lt;/TD&gt;
&lt;/TR&gt;
&lt;TR&gt;
	&lt;TD class="tr9 td12"&gt;&lt;SPAN class="p3 ft3"&gt;dock Postnord kunna hantera inom den ordinarie verksamheten eftersom porton&lt;/SPAN&gt; &lt;/TD&gt;
	&lt;TD class="tr9 td13"&gt;&lt;SPAN class="p3 ft2"&gt; &lt;/SPAN&gt; &lt;/TD&gt;
&lt;/TR&gt;
&lt;TR&gt;
	&lt;TD class="tr8 td12"&gt;&lt;SPAN class="p3 ft3"&gt;som omfattas av prisregleringen även tidigare har ändrats med jämna mellan-&lt;/SPAN&gt; &lt;/TD&gt;
	&lt;TD class="tr8 td13"&gt;&lt;SPAN class="p3 ft2"&gt; &lt;/SPAN&gt; &lt;/TD&gt;
&lt;/TR&gt;
&lt;TR&gt;
	&lt;TD class="tr9 td12"&gt;&lt;SPAN class="p3 ft3"&gt;rum.&lt;/SPAN&gt; &lt;/TD&gt;
	&lt;TD class="tr9 td13"&gt;&lt;SPAN class="p3 ft2"&gt; &lt;/SPAN&gt; &lt;/TD&gt;
&lt;/TR&gt;
&lt;TR&gt;
	&lt;TD class="tr9 td12"&gt;&lt;SPAN class="p11 ft3"&gt;Införandet av en mer komplex modell för prishöjningstaket ökar den admi-&lt;/SPAN&gt; &lt;/TD&gt;
	&lt;TD class="tr9 td13"&gt;&lt;SPAN class="p3 ft2"&gt; &lt;/SPAN&gt; &lt;/TD&gt;
&lt;/TR&gt;
&lt;TR&gt;
	&lt;TD class="tr8 td12"&gt;&lt;SPAN class="p3 ft3"&gt;nistrativa bördan för tillsynsmyndigheten genom utökade arbetsuppgifter.&lt;/SPAN&gt; &lt;/TD&gt;
	&lt;TD class="tr8 td13"&gt;&lt;SPAN class="p3 ft2"&gt; &lt;/SPAN&gt; &lt;/TD&gt;
&lt;/TR&gt;
&lt;TR&gt;
	&lt;TD class="tr9 td12"&gt;&lt;SPAN class="p3 ft3"&gt;Övervägande del av den dokumentation som krävs för uppdatering av pris-&lt;/SPAN&gt; &lt;/TD&gt;
	&lt;TD class="tr9 td13"&gt;&lt;SPAN class="p3 ft2"&gt; &lt;/SPAN&gt; &lt;/TD&gt;
&lt;/TR&gt;
&lt;TR&gt;
	&lt;TD class="tr9 td12"&gt;&lt;SPAN class="p3 ft3"&gt;höjningstaket (det vill säga volymdata och skattningar av volymfaktorn, rela-&lt;/SPAN&gt; &lt;/TD&gt;
	&lt;TD class="tr9 td13"&gt;&lt;SPAN class="p3 ft2"&gt; &lt;/SPAN&gt; &lt;/TD&gt;
&lt;/TR&gt;
&lt;TR&gt;
	&lt;TD class="tr8 td12"&gt;&lt;SPAN class="p3 ft3"&gt;tionen mellan volymförändringar och enhetskostnader) kommer PTS att be-&lt;/SPAN&gt; &lt;/TD&gt;
	&lt;TD class="tr8 td13"&gt;&lt;SPAN class="p3 ft2"&gt; &lt;/SPAN&gt; &lt;/TD&gt;
&lt;/TR&gt;
&lt;TR&gt;
	&lt;TD class="tr9 td12"&gt;&lt;SPAN class="p3 ft3"&gt;höva begära in från den utsedda postoperatören. Inför genomförandet av det&lt;/SPAN&gt; &lt;/TD&gt;
	&lt;TD class="tr9 td13"&gt;&lt;SPAN class="p3 ft2"&gt; &lt;/SPAN&gt; &lt;/TD&gt;
&lt;/TR&gt;
&lt;TR&gt;
	&lt;TD class="tr9 td12"&gt;&lt;SPAN class="p3 ft3"&gt;nya prishöjningstaket och vid revideringarna av den volymjusterande faktorn&lt;/SPAN&gt; &lt;/TD&gt;
	&lt;TD class="tr9 td13"&gt;&lt;SPAN class="p3 ft2"&gt; &lt;/SPAN&gt; &lt;/TD&gt;
&lt;/TR&gt;
&lt;TR&gt;
	&lt;TD class="tr8 td12"&gt;&lt;SPAN class="p3 ft3"&gt;kommer tillsynsmyndigheten få en ökad arbetsbörda genom att den kommer&lt;/SPAN&gt; &lt;/TD&gt;
	&lt;TD class="tr8 td13"&gt;&lt;SPAN class="p3 ft2"&gt; &lt;/SPAN&gt; &lt;/TD&gt;
&lt;/TR&gt;
&lt;TR&gt;
	&lt;TD class="tr9 td12"&gt;&lt;SPAN class="p3 ft3"&gt;att behöva begära in och analysera volym- och kostnadsunderlag från Postnord.&lt;/SPAN&gt; &lt;/TD&gt;
	&lt;TD class="tr9 td13"&gt;&lt;SPAN class="p3 ft2"&gt; &lt;/SPAN&gt; &lt;/TD&gt;
&lt;/TR&gt;
&lt;TR&gt;
	&lt;TD class="tr9 td12"&gt;&lt;SPAN class="p3 ft3"&gt;Enligt 2 § förordningen (2016:602) om finansiering av Post- och telestyrelsens&lt;/SPAN&gt; &lt;/TD&gt;
	&lt;TD class="tr9 td13"&gt;&lt;SPAN class="p3 ft2"&gt; &lt;/SPAN&gt; &lt;/TD&gt;
&lt;/TR&gt;
&lt;TR&gt;
	&lt;TD class="tr8 td12"&gt;&lt;SPAN class="p3 ft3"&gt;verksamhet får det totala avgiftsuttaget uppgå till högst 28 miljoner kronor&lt;/SPAN&gt; &lt;/TD&gt;
	&lt;TD class="tr8 td13"&gt;&lt;SPAN class="p3 ft2"&gt; &lt;/SPAN&gt; &lt;/TD&gt;
&lt;/TR&gt;
&lt;TR&gt;
	&lt;TD class="tr9 td12"&gt;&lt;SPAN class="p3 ft3"&gt;per år. De kostnader som genomförandet och tillsynen av prishöjningstaket&lt;/SPAN&gt; &lt;/TD&gt;
	&lt;TD class="tr9 td13"&gt;&lt;SPAN class="p3 ft2"&gt; &lt;/SPAN&gt; &lt;/TD&gt;
&lt;/TR&gt;
&lt;TR&gt;
	&lt;TD class="tr10 td12"&gt;&lt;SPAN class="p3 ft3"&gt;medför ska rymmas inom denna ram.&lt;/SPAN&gt; &lt;/TD&gt;
	&lt;TD rowspan=2 class="tr11 td13"&gt;&lt;SPAN class="p13 ft3"&gt;7&lt;/SPAN&gt; &lt;/TD&gt;
&lt;/TR&gt;
&lt;TR&gt;
	&lt;TD class="tr12 td12"&gt;&lt;SPAN class="p3 ft14"&gt; &lt;/SPAN&gt; &lt;/TD&gt;
&lt;/TR&gt;
&lt;/TABLE&gt;
&lt;/DIV&gt;
&lt;DIV id="page_8"&gt;


&lt;P class="p45 ft3"&gt;Skr. 2018/19:113 Den prishöjningsmodell som redogörs för i avsnitt 3 kan komma att innebära att portot för frimärkta brev höjs mer än vad som skulle ha varit tillåtet med nuvarande prishöjningstak. Enligt 2015 års postlagsutredning har utredningens förslag ringa konsekvenser för privatpersoner och regeringen delar den bedömningen. Av 2015 års postlagsutredning framgår att 17 procent av privatpersonerna lägger 5 till 20 kronor per år på brev, 20 procent 21 till 50 kronor, 38 procent 51 till 200 kronor och 24 procent mer än 200 kronor 2014. Skulle prishöjningstaket medge en höjning med 1 krona skulle konsekvensen för den grupp som lägger 51 till 200 kronor per år på brevporto få en ökad årlig kostnad med maximalt 30 kronor.&lt;/P&gt;
&lt;P class="p46 ft3"&gt;För de företag, organisationer och myndigheter som inte kommunicerar digitalt utan skickar brev blir de ekonomiska konsekvenserna förmodligen ändå mindre eftersom de, enligt 2015 års postlagsutredning, har större möjligheter att förhandla om portopriserna och därmed inte påverkas på samma sätt. Möjligheten att förhandla om pris bör gälla oberoende av om de använder sig av ”porto betalt” eller frankeringsmaskin eftersom båda frankeringssätten kräver avtal med Postnord. Detta gäller även för samhällsviktiga aktörer inom denna grupp.&lt;/P&gt;
&lt;P class="p27 ft10"&gt;För småföretagare bedömde 2015 års postlagsutredning att konsekvenserna av förslaget var oklara. I undersökningen i PTS rapport Användares behov av posttjänster &lt;NOBR&gt;(PTS-ER-2016:7)&lt;/NOBR&gt; har 6 procent av företagen i glesbygd med &lt;NOBR&gt;0–9&lt;/NOBR&gt; anställda uppgett att de skickar brev varje dag, 46 procent en eller flera gånger i veckan, 34 procent en eller flera gånger i månaden och resterande mer sällan. Undersökningen visar inte hur många brev småföretagare skickar i genomsnitt per dag. Om de 6 procent småföretagare, som i PTS undersökning har angett att de skickar brev dagligen, i snitt skickar ett brev om dagen, fem arbetsdagar i veckan, 52 veckor om året skulle det innebära att de skickar 260 brev om året. Skulle det frimärkta portot öka med 1 krona till följd av det föreslagna prishöjningsmodellen skulle företagens kostnader öka med 260 kronor per år om de frankerar sina brev med frimärken. Regeringen bedömer mot denna bakgrund att det ändrade prishöjningstaket har marginella konsekvenser för småföretag.&lt;/P&gt;
&lt;P class="p47 ft10"&gt;Det ändrade prishöjningstaket har endast marginell påverkan på de cirka 30 företag som, vid sidan av Postnord, har tillstånd att bedriva postverksamhet och är verksamma på postmarknaden. Konkurrensen på marknaden för de enstaka brev som omfattas av prishöjningstaket är mycket begränsad. I och med att den föreslagna modellen för prishöjningstaket ger Postnord större möjligheter till kostnadstäckning och eventuell prishöjning ges även andra operatörer ett utrymme att justera sina priser. Regeringen bedömer att det ändrade prishöjningstaket inte har någon påverkan på jämställdheten mellan kvinnor och män, det kommunala självstyret eller miljön.&lt;/P&gt;
&lt;P class="p48 ft3"&gt;8&lt;/P&gt;
&lt;/DIV&gt;
&lt;DIV id="page_9"&gt;
&lt;DIV id="p9dimg1"&gt;
&lt;INGENBILD zsrc="H6031139x1.jpg/" id="p9img1"&gt;
&lt;/DIV&gt;


&lt;P class="p49 ft3"&gt;Skr. 2018/19:113&lt;/P&gt;
&lt;P class="p6 ft1"&gt;Infrastrukturdepartementet&lt;/P&gt;
&lt;P class="p5 ft3"&gt;Utdrag ur protokoll vid regeringssammanträde den 18 april 2019&lt;/P&gt;
&lt;P class="p50 ft3"&gt;Närvarande: statsminister Löfven, ordförande, och statsråden&lt;/P&gt;
&lt;P class="p51 ft3"&gt;Y Johansson, Baylan, Hallengren, Hultqvist, Andersson, Bolund,&lt;/P&gt;
&lt;P class="p52 ft3"&gt;Damberg, Strandhäll, Ygeman, Eriksson, Linde, Ekström, Dahlgren,&lt;/P&gt;
&lt;P class="p53 ft3"&gt;Nilsson, Ernkrans, Lindhagen, Lind&lt;/P&gt;
&lt;P class="p54 ft3"&gt;Föredragande: statsrådet Ygeman&lt;/P&gt;
&lt;P class="p55 ft5"&gt;Regeringen beslutar skrivelse 2018/19:113 Ett ändrat prishöjningstak för frimärkta brev&lt;/P&gt;
&lt;P class="p56 ft3"&gt;9&lt;/P&gt;
&lt;/DIV&gt;

&lt;/div&gt;&lt;style&gt;


TD,TD.p2h {
zzzfont-size:90%;
zzzmargin-right:2px;
zzzoverflow:visable;
zzzword-wrap: break-word;
}

P {
zdisplay:block;
}

.divbreak {
clear:both;
display:block;
zwidth: 100%;
zheight: 1px;
zword-wrap: break-word;
}


.xecp {
  display:block;
  margin: 0px !important;
  padding: 0px !important;
  
}

.ec {
  border-style:solid;
  border-width:1px;
  display:block;
  margin: 0px !important;
  padding: 0px !important;
}

.TOPS {
  overflow:visable;
  margin:2px;
  width:690px !important;
}

&lt;/style&gt;
</html>
  </dokument>
<dokaktivitet>
<aktivitet>
<kod datatype="string">INL</kod>
<namn datatype="string">Inlämnad</namn>
<datum datatype="datetime">2019-04-23 00:00:00</datum>
<status datatype="string">inträffat</status>
<ordning datatype="int32">0</ordning>
<process datatype="string">behandling</process>
</aktivitet>
<aktivitet>
<kod datatype="string">B</kod>
<namn datatype="string">Bordlagd</namn>
<datum datatype="datetime">2019-04-23 00:00:00</datum>
<status datatype="string">inträffat</status>
<ordning datatype="int32">0</ordning>
<process datatype="string">behandling</process>
</aktivitet>
<aktivitet>
<kod datatype="string">HÄN</kod>
<namn datatype="string">Hänvisad</namn>
<datum datatype="datetime">2019-04-24 00:00:00</datum>
<status datatype="string">inträffat</status>
<ordning datatype="int32">0</ordning>
<process datatype="string">behandling</process>
</aktivitet>
<aktivitet>
<kod datatype="string">MOT</kod>
<namn datatype="string">Motionstid slutar</namn>
<datum datatype="datetime">2019-05-08 00:00:00</datum>
<status datatype="string">inträffat</status>
<ordning datatype="int32">0</ordning>
<process datatype="string">behandling</process>
</aktivitet>
</dokaktivitet>
<dokintressent>
<intressent>
<intressent_id datatype="string">0218878014918</intressent_id>
<namn datatype="string">Stefan Löfven</namn>
<partibet datatype="string">S</partibet>
<ordning datatype="int16">1</ordning>
<roll datatype="string">Statsråd1</roll>
</intressent>
<intressent>
<intressent_id datatype="string">0744993950910</intressent_id>
<namn datatype="string">Anders Ygeman</namn>
<partibet datatype="string">S</partibet>
<ordning datatype="int16">2</ordning>
<roll datatype="string">Statsråd2</roll>
</intressent>
</dokintressent>
<dokuppgift>
<uppgift>
<kod datatype="string">inlamnatav</kod>
<namn datatype="string">Inlämnat av</namn>
<text datatype="string">Infrastrukturdepartementet</text>
<dok_id datatype="string">H603113</dok_id>
<systemdatum datatype="datetime">2019-04-24 14:42:52</systemdatum>
</uppgift>
<uppgift>
<kod datatype="string">tilldelat</kod>
<namn datatype="string">Tilldelat</namn>
<text datatype="string">Trafikutskottet</text>
<dok_id datatype="string">H603113</dok_id>
<systemdatum datatype="datetime">2019-04-24 14:42:52</systemdatum>
</uppgift>
<uppgift>
<kod datatype="string">statustext</kod>
<namn datatype="string">statustext</namn>
<text datatype="string">Skrivelsen bereds i utskott</text>
<dok_id datatype="string">H603113</dok_id>
<systemdatum datatype="datetime">2019-04-24 15:41:23</systemdatum>
</uppgift>
</dokuppgift>
<dokbilaga>
<bilaga>
<dok_id datatype="string">H603113</dok_id>
<titel datatype="string">Ett ändrat prishöjningstak för frimärkta brev</titel>
<subtitel datatype="string" />
<filnamn datatype="string">skr_201819__113.pdf</filnamn>
<filstorlek datatype="int32">173259</filstorlek>
<filtyp datatype="string">pdf</filtyp>
<fil_url datatype="string">http://data.riksdagen.se/fil/6853084C-B6C5-4E48-9B12-C505907B234F</fil_url>
</bilaga>
</dokbilaga>
<dokreferens>
<referens>
<referenstyp datatype="string">behandlas_i</referenstyp>
<uppgift datatype="string">2018/19:TU19</uppgift>
<ref_dok_id datatype="string">H601TU19</ref_dok_id>
<ref_dok_typ datatype="string">bet</ref_dok_typ>
<ref_dok_rm datatype="string">2018/19</ref_dok_rm>
<ref_dok_bet datatype="string">TU19</ref_dok_bet>
<ref_dok_titel datatype="string">Ett ändrat prishöjningstak för frimärkta brev</ref_dok_titel>
<ref_dok_subtitel datatype="string" />
<ref_dok_subtyp datatype="string">bet</ref_dok_subtyp>
<ref_dok_dokumentnamn datatype="string">Betänkande</ref_dok_dokumentnamn>
</referens>
<referens>
<referenstyp datatype="string">följdmotion</referenstyp>
<uppgift datatype="string">av Magnus Jacobsson m.fl. (KD)&lt;br /&gt;med anledning av skr. 2018/19:113 Ett ändrat prishöjningstak för frimärkta brev </uppgift>
<ref_dok_id datatype="string">H6023098</ref_dok_id>
<ref_dok_typ datatype="string">mot</ref_dok_typ>
<ref_dok_rm datatype="string">2018/19</ref_dok_rm>
<ref_dok_bet datatype="string">3098</ref_dok_bet>
<ref_dok_titel datatype="string">med anledning av skr. 2018/19:113 Ett ändrat prishöjningstak för frimärkta brev </ref_dok_titel>
<ref_dok_subtitel datatype="string">av Magnus Jacobsson m.fl. (KD)</ref_dok_subtitel>
<ref_dok_subtyp datatype="string">mot</ref_dok_subtyp>
<ref_dok_dokumentnamn datatype="string">Motion</ref_dok_dokumentnamn>
</referens>
</dokreferens>
<debatt /></dokumentstatus>