<dokumentstatus>
  <dokument>
    <hangar_id datatype="int32">5035595</hangar_id>
    <dok_id datatype="string">H603139</dok_id>
    <rm datatype="string">2018/19</rm>
    <beteckning datatype="string">139</beteckning>
    <typ datatype="string">prop</typ>
    <subtyp datatype="string">prop</subtyp>
    <doktyp datatype="string">prop</doktyp>
    <typrubrik datatype="string">Proposition 2018/19:139</typrubrik>
    <dokumentnamn datatype="string">Proposition</dokumentnamn>
    <debattnamn datatype="string">Proposition</debattnamn>
    <tempbeteckning datatype="string"></tempbeteckning>
    <organ datatype="string">Justitiedepartementet</organ>
    <mottagare datatype="string">JuU</mottagare>
    <nummer datatype="int32">139</nummer>
    <slutnummer datatype="int32">0</slutnummer>
    <datum datatype="datetime">2019-06-11 00:00:00</datum>
    <systemdatum datatype="datetime">2019-10-23 16:19:35</systemdatum>
    <publicerad datatype="datetime">2019-06-11 00:00:00</publicerad>
    <titel datatype="string">Fortsatt giltighet av lagen om försök med tillgänglighetsdelgivning i brottmål</titel>
    <subtitel datatype="string"></subtitel>
    <status datatype="string">Klar</status>
    <htmlformat datatype="string">html-ec</htmlformat>
    <relaterat_id datatype="string"></relaterat_id>
    <source datatype="string">prop-RIM</source>
    <sourceid datatype="string">ca215c5c-3b2b-4fa5-8349-d3ff17ce4fa9</sourceid>
    <dokument_url_text datatype="stext">http://data.riksdagen.se/dokument/H603139/text</dokument_url_text>
    <dokument_url_html datatype="stext">http://data.riksdagen.se/dokument/H603139</dokument_url_html>
    <dokumentstatus_url_xml datatype="stext">http://data.riksdagen.se/dokumentstatus/H603139</dokumentstatus_url_xml>
    <html datatype="text">&lt;div style="margin:3px;"&gt;
&lt;STYLE type="text/css"&gt;

body {margin-top: 0px;margin-left: 0px;}

#page_1 {position:relative; overflow: hidden;z:b;margin:10px 0px 21px 10px ;padding: 0px;border: none;width: 766px;}

#page_1 #p1dimg1 {position:absolute;top:0px;left:546px;z-index:-1;width:54px;height:97px;}
#page_1 #p1dimg1 #p1img1 {width:54px;height:97px;}




#page_2 {position:relative; overflow: hidden;z:b;margin:15px 0px 21px 10px ;padding: 0px;border: none;width: 676px;}
#page_2 #id_1 {float:left;border:none;z:b;margin:0px 0px 0px 10px ;padding: 0px;border:none;width: 90px;overflow: hidden;}
#page_2 #id_2 {float:left;border:none;z:b;margin:0px 0px 0px 10px ;padding: 0px;border:none;width: 541px;overflow: hidden;}





#page_3 {position:relative; overflow: hidden;z:b;margin:15px 0px 21px 10px ;padding: 0px;border: none;width: 676px;}





#page_4 {position:relative; overflow: hidden;z:b;margin:14px 0px 21px 10px ;padding: 0px;border: none;width: 676px;}





#page_5 {position:relative; overflow: hidden;z:b;margin:15px 0px 21px 10px ;padding: 0px;border: none;width: 676px;}





#page_6 {position:relative; overflow: hidden;z:b;margin:15px 0px 21px 10px ;padding: 0px;border: none;width: 676px;}





#page_7 {position:relative; overflow: hidden;z:b;margin:15px 0px 21px 10px ;padding: 0px;border: none;width: 676px;}
#page_7 #id_1 {float:left;border:none;z:b;margin:0px 0px 0px 10px ;padding: 0px;border:none;width: 451px;overflow: hidden;}
#page_7 #id_2 {float:left;border:none;z:b;margin:1px 0px 0px 10px ;padding: 0px;border:none;width: 135px;overflow: hidden;}





#page_8 {position:relative; overflow: hidden;z:b;margin:15px 0px 21px 10px ;padding: 0px;border: none;width: 676px;}

#page_8 #p8dimg1 {position:absolute;top:295px;left:105px;z-index:-1;width:394px;height:39px;}
#page_8 #p8dimg1 #p8img1 {width:394px;height:39px;}




#page_9 {position:relative; overflow: hidden;z:b;margin:15px 0px 21px 10px ;padding: 0px;border: none;width: 676px;}
#page_9 #id_1 {float:left;border:none;z:b;margin:0px 0px 0px 10px ;padding: 0px;border:none;width: 451px;overflow: hidden;}
#page_9 #id_2 {float:left;border:none;z:b;margin:1px 0px 0px 10px ;padding: 0px;border:none;width: 135px;overflow: hidden;}





#page_10 {position:relative; overflow: hidden;z:b;margin:15px 0px 21px 10px ;padding: 0px;border: none;width: 721px;}





#page_11 {position:relative; overflow: hidden;z:b;margin:15px 0px 21px 10px ;padding: 0px;border: none;width: 766px;}
#page_11 #id_1 {border:none;z:b;margin:0px 0px 0px 10px ;padding: 0px;border:none;width: 631px;overflow: hidden;}
#page_11 #id_1 #id_1_1 {float:left;border:none;z:b;margin:1px 0px 0px 10px ;padding: 0px;border:none;width: 451px;overflow: hidden;}
#page_11 #id_1 #id_1_2 {float:left;border:none;z:b;margin:0px 0px 0px 10px ;padding: 0px;border:none;width: 135px;overflow: hidden;}
#page_11 #id_2 {border:none;z:b;margin:9px 0px 0px 10px ;padding: 0px;border:none;width: 676px;overflow: hidden;}





#page_12 {position:relative; overflow: hidden;z:b;margin:14px 0px 21px 10px ;padding: 0px;border: none;width: 721px;}





#page_13 {position:relative; overflow: hidden;z:b;margin:15px 0px 21px 10px ;padding: 0px;border: none;width: 676px;}
#page_13 #id_1 {float:left;border:none;z:b;margin:14px 0px 0px 10px ;padding: 0px;border:none;width: 451px;overflow: hidden;}
#page_13 #id_2 {float:left;border:none;z:b;margin:0px 0px 0px 10px ;padding: 0px;border:none;width: 135px;overflow: hidden;}

#page_13 #p13dimg1 {position:absolute;top:237px;left:0px;z-index:-1;width:112px;height:1px;font-size: 1px !important;l-h:nHeight;}
#page_13 #p13dimg1 #p13img1 {width:112px;height:1px;}




.dclr {clear:both;float:none;height:1px;margin:0px;padding:0px;overflow:hidden;}

.ft0{font:  18px 'Verdana' !important;l-h: 32px;}
.ft1{font:  14px 'Verdana' !important;l-h: 22px;}
.ft2{font:  12px 'Verdana' !important;l-h: 15px;}
.ft3{font: italic  12px 'Verdana' !important;l-h: 15px;}
.ft4{font:  12px 'Verdana' !important;l-h: 17px;}
.ft5{font: italic  12px 'Verdana' !important;l-h: 17px;}
.ft6{font:  12px 'Verdana' !important;l-h: 16px;}
.ft7{font:  10px 'Verdana' !important;l-h: 1px;}
.ft8{font:  10px 'Verdana' !important;l-h: 14px;}
.ft9{font:  12px 'Verdana' !important;l-h: 14px;}
.ft10{font:  12px 'Verdana' !important;margin-left: 32px;l-h: 15px;}
.ft11{font: italic  12px 'Verdana' !important;l-h: 16px;}
.ft12{font:  14px 'Verdana' !important;margin-left: 50px;l-h: 26px;}
.ft13{font:  14px 'Verdana' !important;l-h: 26px;}
.ft14{font:  14px 'Verdana' !important;l-h: 19px;}
.ft15{font:  14px 'Verdana' !important;margin-left: 38px;l-h: 19px;}
.ft16{font:  14px 'Verdana' !important;l-h: 19px;}
.ft17{font:  14px 'Verdana' !important;margin-left: 39px;l-h: 22px;}
.ft18{font:  14px 'Verdana' !important;l-h: 22px;}
.ft19{font:  14px 'Verdana' !important;margin-left: 38px;l-h: 22px;}
.ft20{font: bold  12px 'Verdana' !important;l-h: 17px;}
.ft21{font: bold  12px 'Verdana' !important;l-h: 15px;}
.ft22{font:  12px 'Verdana' !important;l-h: 15px;}
.ft23{font:  12px 'Verdana' !important;margin-left: 4px;l-h: 15px;}

.p0{text-align: left;padding-left: 0px;padding-right: 420px;margin-top: 22px;margin-bottom: 0px !important;}
.p1{text-align: left;padding-left: 0px;margin-top: 0px;margin-bottom: 0px !important;white-space: nowrap;}
.p2{text-align: left;padding-left: 0px;margin-top: 0px;margin-bottom: 0px !important;white-space: nowrap;}
.p3{text-align: left;padding-left: 0px;margin-top: 17px;margin-bottom: 0px !important;}
.p4{text-align: left;padding-left: 0px;margin-top: 16px;margin-bottom: 0px !important;}
.p5{text-align: left;padding-left: 0px;margin-top: 32px;margin-bottom: 0px !important;}
.p6{text-align: left;padding-left: 180px;padding-right: 378px;margin-top: 19px;margin-bottom: 0px !important;}
.p7{text-align: left;padding-left: 0px;margin-top: 47px;margin-bottom: 0px !important;}
.p8{text-align: left;padding-left: 0px;padding-right: 168px;margin-top: 29px;margin-bottom: 0px !important;}
.p9{text-align: right;padding-right: 42px;margin-top: 285px;margin-bottom: 0px !important;}
.p10{text-align: left;margin-top: 0px;margin-bottom: 0px !important;}
.p11{text-align: left;margin-top: 752px;margin-bottom: 0px !important;}
.p12{text-align: right;margin-top: 0px;margin-bottom: 0px !important;white-space: nowrap;}
.p13{text-align: left;padding-left: 0px;margin-top: 0px;margin-bottom: 0px !important;white-space: nowrap;}
.p14{text-align: left;margin-top: 0px;margin-bottom: 0px !important;white-space: nowrap;}
.p15{text-align: left;padding-left: 0px;margin-top: 0px;margin-bottom: 0px !important;white-space: nowrap;}
.p16{text-align: left;padding-left: 0px;margin-top: 0px;margin-bottom: 0px !important;}
.p17{text-align: right;padding-right: 1px;margin-top: 0px;margin-bottom: 0px !important;white-space: nowrap;}
.p18{text-align: right;padding-right: 21px;margin-top: 0px;margin-bottom: 0px !important;white-space: nowrap;}
.p19{text-align: left;padding-left: 0px;margin-top: 0px;margin-bottom: 0px !important;white-space: nowrap;}
.p20{text-align: left;margin-top: 10px;margin-bottom: 0px !important;}
.p21{text-align: left;padding-right: 168px;margin-top: 3px;margin-bottom: 0px !important;text-indent: 11px;}
.p22{text-align: left;padding-left: 460px;margin-top: 679px;margin-bottom: 0px !important;}
.p23{text-align: left;padding-left: 0px;padding-right: 63px;margin-top: 11px;margin-bottom: 0px !important;}
.p24{text-align: left;margin-top: 634px;margin-bottom: 0px !important;}
.p25{text-align: left;padding-right: 168px;margin-top: 15px;margin-bottom: 0px !important;}
.p26{text-align: left;padding-right: 168px;margin-top: 4px;margin-bottom: 0px !important;text-indent: 11px;}
.p27{text-align: left;padding-right: 168px;margin-top: 5px;margin-bottom: 0px !important;text-indent: 11px;}
.p28{text-align: left;margin-top: 11px;margin-bottom: 0px !important;}
.p29{text-align: left;padding-right: 168px;margin-top: 5px;margin-bottom: 0px !important;}
.p30{text-align: left;padding-left: 0px;padding-right: 336px;margin-top: 44px;margin-bottom: 0px !important;text-indent: 0.60px;}
.p31{text-align: left;margin-top: 26px;margin-bottom: 0px !important;}
.p32{text-align: left;padding-right: 168px;margin-top: 10px;margin-bottom: 0px !important;}
.p33{text-align: left;padding-left: 460px;margin-top: 4px;margin-bottom: 0px !important;}
.p34{text-align: left;padding-left: 0px;padding-right: 63px;margin-top: 0px;margin-bottom: 0px !important;text-indent: 0.112px;}
.p35{text-align: left;padding-left: 0px;padding-right: 63px;margin-top: 3px;margin-bottom: 0px !important;text-indent: 11px;}
.p36{text-align: left;padding-left: 0px;padding-right: 63px;margin-top: 5px;margin-bottom: 0px !important;text-indent: 11px;}
.p37{text-align: left;padding-left: 140px;padding-right: 105px;margin-top: 27px;margin-bottom: 0px !important;text-indent: 0.60px;}
.p38{text-align: left;padding-left: 0px;padding-right: 63px;margin-top: 4px;margin-bottom: 0px !important;}
.p39{text-align: left;padding-left: 0px;padding-right: 63px;margin-top: 6px;margin-bottom: 0px !important;text-indent: 11px;}
.p40{text-align: left;margin-top: 22px;margin-bottom: 0px !important;}
.p41{text-align: left;padding-left: 0px;padding-right: 21px;margin-top: 0px;margin-bottom: 0px !important;text-indent: 0.60px;}
.p42{text-align: left;margin-top: 4px;margin-bottom: 0px !important;}
.p43{text-align: left;margin-top: 0px;margin-bottom: 0px !important;text-indent: 11px;}
.p44{text-align: left;margin-top: 1px;margin-bottom: 0px !important;text-indent: 11px;}
.p45{text-align: left;margin-top: 2px;margin-bottom: 0px !important;text-indent: 11px;}
.p46{text-align: left;margin-top: 3px;margin-bottom: 0px !important;text-indent: 11px;}
.p47{text-align: left;margin-top: 7px;margin-bottom: 0px !important;text-indent: 11px;}
.p48{text-align: left;padding-left: 0px;margin-top: 752px;margin-bottom: 0px !important;}
.p49{text-align: left;padding-left: 0px;padding-right: 63px;margin-top: 0px;margin-bottom: 0px !important;text-indent: 0.112px;}
.p50{text-align: left;padding-left: 140px;padding-right: 84px;margin-top: 51px;margin-bottom: 0px !important;text-indent: 0.60px;}
.p51{text-align: left;padding-left: 0px;padding-right: 63px;margin-top: 14px;margin-bottom: 0px !important;}
.p52{text-align: left;padding-left: 0px;padding-right: 63px;margin-top: 0px;margin-bottom: 0px !important;text-indent: 11px;}
.p53{text-align: left;padding-left: 0px;padding-right: 63px;margin-top: 2px;margin-bottom: 0px !important;text-indent: 11px;}
.p54{text-align: left;margin-top: 2px;margin-bottom: 0px !important;}
.p55{text-align: left;margin-top: 0px;margin-bottom: 0px !important;}
.p56{text-align: left;padding-right: 1px;margin-top: 3px;margin-bottom: 0px !important;text-indent: 11px;}
.p57{text-align: left;padding-right: 1px;margin-top: 5px;margin-bottom: 0px !important;text-indent: 11px;}
.p58{text-align: left;padding-left: 0px;padding-right: 63px;margin-top: 0px;margin-bottom: 0px !important;text-indent: 0.112px;}
.p59{text-align: left;padding-left: 0px;margin-top: 44px;margin-bottom: 0px !important;}
.p60{text-align: left;padding-left: 0px;padding-right: 63px;margin-top: 16px;margin-bottom: 0px !important;}
.p61{text-align: left;padding-left: 0px;padding-right: 63px;margin-top: 4px;margin-bottom: 0px !important;text-indent: 11px;}
.p62{text-align: left;margin-top: 509px;margin-bottom: 0px !important;}
.p63{text-align: left;margin-top: 3px;margin-bottom: 0px !important;}
.p64{text-align: left;padding-left: 0px;padding-right: 105px;margin-top: 0px;margin-bottom: 0px !important;}
.p65{text-align: left;padding-left: 0px;padding-right: 105px;margin-top: 7px;margin-bottom: 0px !important;}
.p66{text-align: right;margin-top: 611px;margin-bottom: 0px !important;}
.p67{text-align: left;padding-left: 0px;margin-top: 0px;margin-bottom: 0px !important;white-space: nowrap;}
.p68{text-align: left;padding-left: 0px;margin-top: 0px;margin-bottom: 0px !important;white-space: nowrap;}
.p69{text-align: left;padding-left: 0px;padding-right: 63px;margin-top: 0px;margin-bottom: 0px !important;}
.p70{text-align: left;padding-left: 0px;padding-right: 63px;margin-top: 0px;margin-bottom: 0px !important;text-indent: 11px;}
.p71{text-align: left;margin-top: 357px;margin-bottom: 0px !important;}
.p72{text-align: left;margin-top: 15px;margin-bottom: 0px !important;}
.p73{text-align: left;padding-right: 21px;margin-top: 15px;margin-bottom: 0px !important;}
.p74{text-align: left;margin-top: 13px;margin-bottom: 0px !important;}
.p75{text-align: left;padding-right: 21px;margin-top: 76px;margin-bottom: 0px !important;}
.p76{text-align: left;padding-left: 0px;margin-top: 752px;margin-bottom: 0px !important;}

.td0{padding: 0px;margin: 0px;width: 383px;vertical-align: bottom;}
.td1{padding: 0px;margin: 0px;width: 143px;vertical-align: bottom;}
.td2{border-bottom: #000000 1px solid;padding: 0px;margin: 0px;width: 383px;vertical-align: bottom;}
.td3{border-bottom: #000000 1px solid;padding: 0px;margin: 0px;width: 143px;vertical-align: bottom;}
.td4{padding: 0px;margin: 0px;width: 6px;vertical-align: bottom;}
.td5{padding: 0px;margin: 0px;width: 397px;vertical-align: bottom;}
.td6{padding: 0px;margin: 0px;width: 55px;vertical-align: bottom;}
.td7{padding: 0px;margin: 0px;width: 342px;vertical-align: bottom;}
.td8{padding: 0px;margin: 0px;width: 16px;vertical-align: bottom;}
.td9{padding: 0px;margin: 0px;width: 61px;vertical-align: bottom;}
.td10{padding: 0px;margin: 0px;width: 318px;vertical-align: bottom;}
.td11{padding: 0px;margin: 0px;width: 14px;vertical-align: bottom;}
.td12{padding: 0px;margin: 0px;width: 380px;vertical-align: bottom;}
.td13{padding: 0px;margin: 0px;width: 78px;vertical-align: bottom;}
.td14{padding: 0px;margin: 0px;width: 396px;vertical-align: bottom;}
.td15{padding: 0px;margin: 0px;width: 36px;vertical-align: bottom;}
.td16{padding: 0px;margin: 0px;width: 389px;vertical-align: bottom;}
.td17{padding: 0px;margin: 0px;width: 103px;vertical-align: bottom;}
.td18{padding: 0px;margin: 0px;width: 182px;vertical-align: bottom;}
.td19{padding: 0px;margin: 0px;width: 319px;vertical-align: bottom;}
.td20{padding: 0px;margin: 0px;width: 119px;vertical-align: bottom;}
.td21{padding: 0px;margin: 0px;width: 412px;vertical-align: bottom;}
.td22{padding: 0px;margin: 0px;width: 85px;vertical-align: bottom;}
.td23{padding: 0px;margin: 0px;width: 114px;vertical-align: bottom;}
.td24{padding: 0px;margin: 0px;width: 97px;vertical-align: bottom;}
.td25{padding: 0px;margin: 0px;width: 115px;vertical-align: bottom;}

.tr0{heightzzz: 31px;}
.tr1{heightzzz: 25px;}
.tr2{heightzzz: 21px;}
.tr3{heightzzz: 18px;}
.tr4{heightzzz: 20px;}
.tr5{heightzzz: 16px;}
.tr6{heightzzz: 14px;}
.tr7{heightzzz: 22px;}
.tr8{heightzzz: 27px;}
.tr9{heightzzz: 32px;}
.tr10{heightzzz: 23px;}
.tr11{heightzzz: 15px;}

.t0{width: 552px;margin-leftZ: 69px;margin-top: 5px;f:20px 'Verdana' !important;}
.t1{width: 430px;margin-top: 17px;f:13px 'Verdana' !important;}
.t2{width: 431px;f:13px 'Verdana' !important;}
.t3{width: 555px;f:20px 'Verdana' !important;}
.t4{width: 525px;f:20px 'Verdana' !important;}
.t5{width: 557px;margin-leftZ: 6px;f:13px 'Verdana' !important;}

&lt;/STYLE&gt;



&lt;DIV id="page_1"&gt;
&lt;DIV id="p1dimg1"&gt;
&lt;INGENBILD zsrc="H6031391x1.jpg/" id="p1img1"&gt;
&lt;/DIV&gt;


&lt;DIV class="dclr"&gt;&lt;/DIV&gt;
&lt;P class="p0 ft0"&gt;Regeringens proposition 2018/19:139&lt;/P&gt;
&lt;TABLE cellpadding=0 cellspacing=0 class="t0"&gt;
&lt;TR&gt;
	&lt;TD class="tr0 td0"&gt;&lt;SPAN class="p1 ft1"&gt;Fortsatt giltighet av lagen om försök med&lt;/SPAN&gt; &lt;/TD&gt;
	&lt;TD class="tr0 td1"&gt;&lt;SPAN class="p2 ft1"&gt;Prop.&lt;/SPAN&gt; &lt;/TD&gt;
&lt;/TR&gt;
&lt;TR&gt;
	&lt;TD class="tr1 td2"&gt;&lt;SPAN class="p1 ft1"&gt;tillgänglighetsdelgivning i brottmål&lt;/SPAN&gt; &lt;/TD&gt;
	&lt;TD class="tr1 td3"&gt;&lt;SPAN class="p2 ft1"&gt;2018/19:139&lt;/SPAN&gt; &lt;/TD&gt;
&lt;/TR&gt;
&lt;/TABLE&gt;
&lt;P class="p3 ft2"&gt;Regeringen överlämnar denna proposition till riksdagen.&lt;/P&gt;
&lt;P class="p4 ft2"&gt;Stockholm den 5 juni 2019&lt;/P&gt;
&lt;P class="p5 ft3"&gt;Stefan Löfven&lt;/P&gt;
&lt;P class="p6 ft5"&gt;Morgan Johansson &lt;SPAN class="ft4"&gt;(Justitiedepartementet)&lt;/SPAN&gt;&lt;/P&gt;
&lt;P class="p7 ft1"&gt;Propositionens huvudsakliga innehåll&lt;/P&gt;
&lt;P class="p8 ft6"&gt;Lagen om försök med tillgänglighetsdelgivning i brottmål trädde i kraft den 1 maj 2018. Lagen är tidsbegränsad och gäller till utgången av 2019. I propositionen föreslår regeringen att lagen ska fortsätta att gälla till utgången av 2022. Det nya delgivningssättet tillgänglighetsdelgivning används i den pågående försöksverksamheten med ett snabbförfarande i brottmål.&lt;/P&gt;
&lt;P class="p9 ft2"&gt;1&lt;/P&gt;
&lt;/DIV&gt;
&lt;DIV id="page_2"&gt;


&lt;DIV&gt;
&lt;DIV id="id_1"&gt;
&lt;P class="p10 ft2"&gt;Prop. 2018/19:139&lt;/P&gt;
&lt;P class="p11 ft2"&gt;2&lt;/P&gt;
&lt;/DIV&gt;
&lt;DIV id="id_2"&gt;
&lt;P class="p10 ft1"&gt;Innehållsförteckning&lt;/P&gt;
&lt;TABLE cellpadding=0 cellspacing=0 class="t1"&gt;
&lt;TR&gt;
	&lt;TD class="tr2 td4"&gt;&lt;SPAN class="p12 ft2"&gt;&lt;A href="#page_3"&gt;1&lt;/A&gt;&lt;/SPAN&gt; &lt;/TD&gt;
	&lt;TD colspan=2 class="tr2 td5"&gt;&lt;SPAN class="p13 ft2"&gt;&lt;A href="#page_3"&gt;Förslag till riksdagsbeslut .................................................................&lt;/A&gt;&lt;/SPAN&gt; &lt;/TD&gt;
	&lt;TD class="tr2 td4"&gt;&lt;SPAN class="p12 ft2"&gt;&lt;A href="#page_3"&gt;3&lt;/A&gt;&lt;/SPAN&gt; &lt;/TD&gt;
&lt;/TR&gt;
&lt;TR&gt;
	&lt;TD class="tr2 td4"&gt;&lt;SPAN class="p12 ft2"&gt;&lt;A href="#page_4"&gt;2&lt;/A&gt;&lt;/SPAN&gt; &lt;/TD&gt;
	&lt;TD colspan=2 class="tr2 td5"&gt;&lt;SPAN class="p13 ft2"&gt;&lt;A href="#page_4"&gt;Förslag till lag om fortsatt giltighet av lagen (2018:160) om&lt;/A&gt;&lt;/SPAN&gt; &lt;/TD&gt;
	&lt;TD class="tr2 td4"&gt;&lt;SPAN class="p14 ft7"&gt; &lt;/SPAN&gt; &lt;/TD&gt;
&lt;/TR&gt;
&lt;TR&gt;
	&lt;TD class="tr3 td4"&gt;&lt;SPAN class="p14 ft7"&gt; &lt;/SPAN&gt; &lt;/TD&gt;
	&lt;TD colspan=2 class="tr3 td5"&gt;&lt;SPAN class="p13 ft2"&gt;&lt;A href="#page_4"&gt;försök med tillgänglighetsdelgivning i brottmål ...............................&lt;/A&gt;&lt;/SPAN&gt; &lt;/TD&gt;
	&lt;TD class="tr3 td4"&gt;&lt;SPAN class="p12 ft2"&gt;&lt;A href="#page_4"&gt;4&lt;/A&gt;&lt;/SPAN&gt; &lt;/TD&gt;
&lt;/TR&gt;
&lt;TR&gt;
	&lt;TD class="tr2 td4"&gt;&lt;SPAN class="p12 ft2"&gt;&lt;A href="#page_5"&gt;3&lt;/A&gt;&lt;/SPAN&gt; &lt;/TD&gt;
	&lt;TD colspan=2 class="tr2 td5"&gt;&lt;SPAN class="p13 ft2"&gt;&lt;A href="#page_5"&gt;Ärendet och dess beredning ..............................................................&lt;/A&gt;&lt;/SPAN&gt; &lt;/TD&gt;
	&lt;TD class="tr2 td4"&gt;&lt;SPAN class="p12 ft2"&gt;&lt;A href="#page_5"&gt;5&lt;/A&gt;&lt;/SPAN&gt; &lt;/TD&gt;
&lt;/TR&gt;
&lt;TR&gt;
	&lt;TD class="tr4 td4"&gt;&lt;SPAN class="p12 ft2"&gt;&lt;A href="#page_5"&gt;4&lt;/A&gt;&lt;/SPAN&gt; &lt;/TD&gt;
	&lt;TD colspan=2 class="tr4 td5"&gt;&lt;SPAN class="p13 ft2"&gt;&lt;A href="#page_5"&gt;Försöksverksamheten med ett snabbförfarande i brottmål................&lt;/A&gt;&lt;/SPAN&gt; &lt;/TD&gt;
	&lt;TD class="tr4 td4"&gt;&lt;SPAN class="p12 ft2"&gt;&lt;A href="#page_5"&gt;5&lt;/A&gt;&lt;/SPAN&gt; &lt;/TD&gt;
&lt;/TR&gt;
&lt;TR&gt;
	&lt;TD class="tr5 td4"&gt;&lt;SPAN class="p14 ft7"&gt; &lt;/SPAN&gt; &lt;/TD&gt;
	&lt;TD class="tr5 td6"&gt;&lt;SPAN class="p13 ft2"&gt;&lt;A href="#page_5"&gt;4.1&lt;/A&gt;&lt;/SPAN&gt; &lt;/TD&gt;
	&lt;TD class="tr5 td7"&gt;&lt;SPAN class="p15 ft2"&gt;&lt;A href="#page_5"&gt;Om försöksverksamheten ...................................................&lt;/A&gt;&lt;/SPAN&gt; &lt;/TD&gt;
	&lt;TD class="tr5 td4"&gt;&lt;SPAN class="p12 ft2"&gt;&lt;A href="#page_5"&gt;5&lt;/A&gt;&lt;/SPAN&gt; &lt;/TD&gt;
&lt;/TR&gt;
&lt;TR&gt;
	&lt;TD class="tr6 td4"&gt;&lt;SPAN class="p14 ft8"&gt; &lt;/SPAN&gt; &lt;/TD&gt;
	&lt;TD class="tr6 td6"&gt;&lt;SPAN class="p13 ft9"&gt;&lt;A href="#page_6"&gt;4.2&lt;/A&gt;&lt;/SPAN&gt; &lt;/TD&gt;
	&lt;TD class="tr6 td7"&gt;&lt;SPAN class="p15 ft9"&gt;&lt;A href="#page_6"&gt;Det nya delgivningssättet tillgänglighetsdelgivning...........&lt;/A&gt;&lt;/SPAN&gt; &lt;/TD&gt;
	&lt;TD class="tr6 td4"&gt;&lt;SPAN class="p12 ft9"&gt;&lt;A href="#page_6"&gt;6&lt;/A&gt;&lt;/SPAN&gt; &lt;/TD&gt;
&lt;/TR&gt;
&lt;/TABLE&gt;
&lt;P class="p16 ft2"&gt;&lt;SPAN class="ft2"&gt;4.3&lt;/SPAN&gt;&lt;A href="#page_7"&gt;&lt;SPAN class="ft10"&gt;Brottsförebyggande rådets delutvärdering av&lt;/SPAN&gt;&lt;/A&gt;&lt;/P&gt;
&lt;TABLE cellpadding=0 cellspacing=0 class="t2"&gt;
&lt;TR&gt;
	&lt;TD class="tr3 td8"&gt;&lt;SPAN class="p14 ft7"&gt; &lt;/SPAN&gt; &lt;/TD&gt;
	&lt;TD class="tr3 td9"&gt;&lt;SPAN class="p14 ft7"&gt; &lt;/SPAN&gt; &lt;/TD&gt;
	&lt;TD class="tr3 td10"&gt;&lt;SPAN class="p12 ft2"&gt;&lt;A href="#page_7"&gt;försöksverksamheten..........................................................&lt;/A&gt;&lt;/SPAN&gt; &lt;/TD&gt;
	&lt;TD class="tr3 td11"&gt;&lt;SPAN class="p17 ft2"&gt;&lt;A href="#page_7"&gt;7&lt;/A&gt;&lt;/SPAN&gt; &lt;/TD&gt;
&lt;/TR&gt;
&lt;TR&gt;
	&lt;TD class="tr7 td8"&gt;&lt;SPAN class="p14 ft2"&gt;&lt;A href="#page_8"&gt;5&lt;/A&gt;&lt;/SPAN&gt; &lt;/TD&gt;
	&lt;TD colspan=2 class="tr7 td12"&gt;&lt;SPAN class="p12 ft2"&gt;&lt;A href="#page_8"&gt;Försöket med tillgänglighetsdelgivning förlängs..............................&lt;/A&gt;&lt;/SPAN&gt; &lt;/TD&gt;
	&lt;TD class="tr7 td11"&gt;&lt;SPAN class="p17 ft2"&gt;&lt;A href="#page_8"&gt;8&lt;/A&gt;&lt;/SPAN&gt; &lt;/TD&gt;
&lt;/TR&gt;
&lt;TR&gt;
	&lt;TD class="tr7 td8"&gt;&lt;SPAN class="p14 ft2"&gt;&lt;A href="#page_10"&gt;6&lt;/A&gt;&lt;/SPAN&gt; &lt;/TD&gt;
	&lt;TD colspan=2 class="tr7 td12"&gt;&lt;SPAN class="p12 ft2"&gt;&lt;A href="#page_10"&gt;Konsekvenser..................................................................................&lt;/A&gt;&lt;/SPAN&gt; &lt;/TD&gt;
	&lt;TD class="tr7 td11"&gt;&lt;SPAN class="p12 ft2"&gt;&lt;A href="#page_10"&gt;10&lt;/A&gt;&lt;/SPAN&gt; &lt;/TD&gt;
&lt;/TR&gt;
&lt;TR&gt;
	&lt;TD colspan=2 class="tr7 td13"&gt;&lt;SPAN class="p14 ft2"&gt;Bilaga 1&lt;/SPAN&gt; &lt;/TD&gt;
	&lt;TD class="tr7 td10"&gt;&lt;SPAN class="p12 ft2"&gt;&lt;A href="#page_11"&gt;Promemorians lagförslag..................................................&lt;/A&gt;&lt;/SPAN&gt; &lt;/TD&gt;
	&lt;TD class="tr7 td11"&gt;&lt;SPAN class="p12 ft2"&gt;&lt;A href="#page_11"&gt;11&lt;/A&gt;&lt;/SPAN&gt; &lt;/TD&gt;
&lt;/TR&gt;
&lt;TR&gt;
	&lt;TD colspan=2 class="tr7 td13"&gt;&lt;SPAN class="p14 ft2"&gt;Bilaga 2&lt;/SPAN&gt; &lt;/TD&gt;
	&lt;TD class="tr7 td10"&gt;&lt;SPAN class="p12 ft2"&gt;&lt;A href="#page_12"&gt;Förteckning över remissinstanserna .................................&lt;/A&gt;&lt;/SPAN&gt; &lt;/TD&gt;
	&lt;TD class="tr7 td11"&gt;&lt;SPAN class="p12 ft2"&gt;&lt;A href="#page_12"&gt;12&lt;/A&gt;&lt;/SPAN&gt; &lt;/TD&gt;
&lt;/TR&gt;
&lt;TR&gt;
	&lt;TD colspan=3 class="tr7 td14"&gt;&lt;SPAN class="p14 ft2"&gt;&lt;A href="#page_13"&gt;Utdrag ur protokoll vid regeringssammanträde den 5 juni 2019.............&lt;/A&gt;&lt;/SPAN&gt; &lt;/TD&gt;
	&lt;TD class="tr7 td11"&gt;&lt;SPAN class="p12 ft2"&gt;&lt;A href="#page_13"&gt;13&lt;/A&gt;&lt;/SPAN&gt; &lt;/TD&gt;
&lt;/TR&gt;
&lt;/TABLE&gt;
&lt;/DIV&gt;
&lt;/DIV&gt;
&lt;/DIV&gt;
&lt;DIV id="page_3"&gt;


&lt;TABLE cellpadding=0 cellspacing=0 class="t3"&gt;
&lt;TR&gt;
	&lt;TD class="tr8 td15"&gt;&lt;SPAN class="p18 ft1"&gt;1&lt;/SPAN&gt; &lt;/TD&gt;
	&lt;TD class="tr8 td16"&gt;&lt;SPAN class="p19 ft1"&gt;Förslag till riksdagsbeslut&lt;/SPAN&gt; &lt;/TD&gt;
	&lt;TD class="tr8 td17"&gt;&lt;SPAN class="p14 ft2"&gt;Prop. 2018/19:139&lt;/SPAN&gt; &lt;/TD&gt;
&lt;/TR&gt;
&lt;/TABLE&gt;
&lt;P class="p20 ft2"&gt;Regeringens förslag:&lt;/P&gt;
&lt;P class="p21 ft4"&gt;Riksdagen antar regeringens förslag till lag om fortsatt giltighet av lagen (2018:160) om försök med tillgänglighetsdelgivning i brottmål.&lt;/P&gt;
&lt;P class="p22 ft2"&gt;3&lt;/P&gt;
&lt;/DIV&gt;
&lt;DIV id="page_4"&gt;


&lt;TABLE cellpadding=0 cellspacing=0 class="t4"&gt;
&lt;TR&gt;
	&lt;TD class="tr9 td18"&gt;&lt;SPAN class="p14 ft2"&gt;Prop. 2018/19:139 &lt;SPAN class="ft1"&gt;2&lt;/SPAN&gt;&lt;/SPAN&gt; &lt;/TD&gt;
	&lt;TD class="tr9 td19"&gt;&lt;SPAN class="p14 ft1"&gt;Förslag till lag om fortsatt giltighet av&lt;/SPAN&gt; &lt;/TD&gt;
&lt;/TR&gt;
&lt;TR&gt;
	&lt;TD class="tr10 td18"&gt;&lt;SPAN class="p14 ft7"&gt; &lt;/SPAN&gt; &lt;/TD&gt;
	&lt;TD class="tr10 td19"&gt;&lt;SPAN class="p14 ft1"&gt;lagen (2018:160) om försök med&lt;/SPAN&gt; &lt;/TD&gt;
&lt;/TR&gt;
&lt;TR&gt;
	&lt;TD class="tr8 td18"&gt;&lt;SPAN class="p14 ft7"&gt; &lt;/SPAN&gt; &lt;/TD&gt;
	&lt;TD class="tr8 td19"&gt;&lt;SPAN class="p14 ft1"&gt;tillgänglighetsdelgivning i brottmål&lt;/SPAN&gt; &lt;/TD&gt;
&lt;/TR&gt;
&lt;/TABLE&gt;
&lt;P class="p23 ft6"&gt;Härigenom föreskrivs att lagen (2018:160) om försök med tillgänglighetsdelgivning i brottmål, som gäller till utgången av 2019, ska fortsätta att gälla till utgången av 2022.&lt;/P&gt;
&lt;P class="p24 ft2"&gt;4&lt;/P&gt;
&lt;/DIV&gt;
&lt;DIV id="page_5"&gt;


&lt;P class="p10 ft1"&gt;3 Ärendet och dess beredning&lt;SPAN style="padding-left:123px;"&gt;&lt;SPAN class="ft2"&gt;Prop. 2018/19:139&lt;/SPAN&gt;&lt;/SPAN&gt;&lt;/P&gt;
&lt;P class="p25 ft2"&gt;Chefen för Justitiedepartementet beslutade den 17 januari 2017 att ge en utredare i uppdrag att biträda departementet med att utreda och föreslå åtgärder som med bibehållen rättssäkerhet och kvalitet leder till en snabbare lagföring av brott (Ju2017/00537/LP). Uppdraget delredovisades i promemorian En snabbare lagföring – försöksprojekt med ett snabbförfarande i brottmål (Ds 2017:36). Utifrån förslag i promemorian beslutade regeringen den 19 oktober 2017 om ett uppdrag att i norra Stockholm förbereda och genomföra en försöksverksamhet med ett snabbförfarande i brottmål (Ju2017/08090/DOM). Försöksverksamheten startade den 29 januari 2018 och ska enligt uppdraget pågå till och med den 31 december 2019.&lt;/P&gt;
&lt;P class="p26 ft2"&gt;I promemorians förslag till försöksverksamhet ingick ett förslag om att på försök använda ett nytt delgivningssätt – tillgänglighetsdelgivning. Genom den tidsbegränsade lagen (2018:160) om försök med tillgänglighetsdelgivning i brottmål infördes möjligheten att på försök använda det nya delgivningssättet (prop. 2017/18:67, bet. 2017/18:JuU23, rskr. 2017/18:206). Lagen trädde i kraft den 1 maj 2018 och gäller till utgången av 2019.&lt;/P&gt;
&lt;P class="p27 ft6"&gt;Utredarens uppdrag har slutredovisats i promemorian Snabbare lagföring (Ds 2018:9). I promemorian föreslås att giltighetstiden för den tidsbegränsade lagen ska förlängas. Promemorians lagförslag finns i &lt;SPAN class="ft11"&gt;bilaga 1&lt;/SPAN&gt;. Promemorian har remissbehandlats. En förteckning över remissinstanserna finns i &lt;SPAN class="ft11"&gt;bilaga 2&lt;/SPAN&gt;. Remissyttrandena finns tillgängliga i Justitiedepartementet (Ju2018/02403/DOM).&lt;/P&gt;
&lt;P class="p28 ft3"&gt;Lagrådet&lt;/P&gt;
&lt;P class="p29 ft6"&gt;Förslaget innebär att lagen om försök med tillgänglighetsdelgivning i brottmål ska fortsätta att gälla till utgången av 2022. Lagförslaget är författningstekniskt och även i övrigt av sådan beskaffenhet att Lagrådets hörande skulle sakna betydelse. Lagrådets yttrande har därför inte inhämtats.&lt;/P&gt;
&lt;P class="p30 ft13"&gt;&lt;SPAN class="ft1"&gt;4&lt;/SPAN&gt;&lt;SPAN class="ft12"&gt;Försöksverksamheten med ett snabbförfarande i brottmål&lt;/SPAN&gt;&lt;/P&gt;
&lt;P class="p31 ft14"&gt;&lt;SPAN class="ft14"&gt;4.1&lt;/SPAN&gt;&lt;SPAN class="ft15"&gt;Om försöksverksamheten&lt;/SPAN&gt;&lt;/P&gt;
&lt;P class="p32 ft2"&gt;Försöksverksamheten med ett snabbförfarande i brottmål bygger på ett regeringsuppdrag, en tidsbegränsad försöksförordning och en tidsbegränsad lag om försök med det nya delgivningssättet tillgänglighetsdelgivning. Syftet med försöksverksamheten är att brott ska kunna utredas och lagföras på kortare tid än i dag. Målsättningen är att lagföring ska kunna ske inom ca två till sex veckor från brottet.&lt;/P&gt;
&lt;P class="p33 ft2"&gt;5&lt;/P&gt;
&lt;/DIV&gt;
&lt;DIV id="page_6"&gt;


&lt;P class="p34 ft2"&gt;Prop. 2018/19:139 I oktober 2017 beslutade regeringen om ett uppdrag om en försöksverksamhet med ett snabbförfarande i brottmål lokaliserat till norra Stockholm. Försöksverksamheten bedrivs i samverkan mellan myndigheter och domstolar. Verksamheten inleddes den 29 januari 2018 i lokalpolisområdena Rinkeby, Solna och Täby. Den 1 januari 2019 utvidgades den till att omfatta hela polisområde Stockholm nord, dvs. även lokalpolisområdena Järfälla, Norrtälje, Sollentuna och Vällingby. Enligt uppdraget ska verksamheten pågå till och med den 31 december 2019.&lt;/P&gt;
&lt;P class="p35 ft2"&gt;Grunden för försöksverksamheten är förändrade arbetsmetoder och en ökad samverkan. Polismyndighetens arbete är organiserat så att utredningen av brott i större utsträckning än tidigare kan slutföras direkt på brottsplatsen eller kort tid därefter. Att den ingripande polispersonalen får ett aktivt stöd av en förundersökningsledare är en viktig del i arbetssättet. I försöksverksamheten har Polismyndigheten och domstolarna utarbetat samarbetsformer som gör det möjligt att i ett tidigt skede av brottsutredningen informera den misstänkte om när en eventuell huvudförhandling kan komma att hållas.&lt;/P&gt;
&lt;P class="p36 ft6"&gt;Genom förordningen (2017:1028) om en försöksverksamhet med snabbare handläggning av brott (försöksförordningen) har polis, åklagare och domstol getts möjlighet att i snabbförfarandet vidta vissa åtgärder som kan korta handläggningstiden i det enskilda fallet. Åtgärderna får vidtas vid handläggningen av brott där åtal ska väckas vid Attunda tingsrätt, Norrtälje tingsrätt eller Solna tingsrätt (2 §).&lt;/P&gt;
&lt;P class="p37 ft18"&gt;&lt;SPAN class="ft16"&gt;4.2&lt;/SPAN&gt;&lt;SPAN class="ft17"&gt;Det nya delgivningssättet tillgänglighetsdelgivning&lt;/SPAN&gt;&lt;/P&gt;
&lt;P class="p38 ft2"&gt;I försöksverksamheten är utgångspunkten att misstankar om brott dels ska utredas snabbare, dels ska kunna prövas i tingsrätten inom kortare tid. Ett fungerande snabbförfarande förutsätter att den tilltalade kan delges stämning och andra handlingar på ett effektivt och rättssäkert sätt. Det var mot den bakgrunden som riksdagen den 28 mars 2018 antog ett förslag till lag om försök med tillgänglighetsdelgivning i brottmål.&lt;/P&gt;
&lt;P class="p35 ft2"&gt;Vid de tingsrätter som regeringen bestämmer får på försök de avvikelser som anges i lagen om försök med tillgänglighetsdelgivning i brottmål göras från vad som annars gäller för delgivning av handlingar i brottmål (1 §). Tillgänglighetsdelgivning innebär att delgivning sker genom att stämning och andra handlingar i ett brottmål hålls tillgängliga vid tingsrätten från och med en i förväg bestämd tidpunkt (2 §). Den tilltalade ska vid ett personligt sammanträffande med polis eller åklagare ha delgetts information om dels att delgivningssättet kan komma att användas, dels från och med vilken tidpunkt och vid vilken tingsrätt handlingarna kommer att hållas tillgängliga (3 §). Delgivning har skett när handlingarna har gjorts tillgängliga vid den tidpunkt och den tingsrätt som den tilltalade har fått information om (4 §).&lt;/P&gt;
&lt;P class="p39 ft4"&gt;Tillgänglighetsdelgivning får användas vid Attunda tingsrätt, Norrtälje tingsrätt och Solna tingsrätt (6 § försöksförordningen).&lt;/P&gt;
&lt;P class="p40 ft2"&gt;6&lt;/P&gt;
&lt;/DIV&gt;
&lt;DIV id="page_7"&gt;


&lt;DIV&gt;
&lt;DIV id="id_1"&gt;
&lt;P class="p41 ft18"&gt;&lt;SPAN class="ft14"&gt;4.3&lt;/SPAN&gt;&lt;SPAN class="ft19"&gt;Brottsförebyggande rådets delutvärdering av försöksverksamheten&lt;/SPAN&gt;&lt;/P&gt;
&lt;P class="p42 ft6"&gt;Brottsförebyggande rådet (Brå) har getts i uppdrag att följa och utvärdera försöksverksamheten med ett snabbförfarande i brottmål. Uppdraget ska slutredovisas senast den 1 april 2020.&lt;/P&gt;
&lt;P class="p43 ft2"&gt;Brå presenterade den 1 april 2019 delredovisningen Utvärdering av försöksverksamheten Snabbare lagföring. Syftet med delutvärderingen är att ge en preliminär bild av hur införandet gått till och vilka effekter försöksverksamheten hittills medfört. Utvärderingen bygger i huvudsak på uppgifter om registrerade brottsmisstankar, enkäter till poliser i yttre tjänst, kvalitativa intervjuer med nyckelpersoner och observationer av polisens arbete.&lt;/P&gt;
&lt;P class="p44 ft2"&gt;Inom försöksverksamheten registrerades under perioden 29 januari– 30 september 2018 totalt 1 365 brottsmisstankar hos Polismyndigheten. De vanligast förekommande misstankarna var narkotikabrott (36 procent), stöld från butik (24 procent), olovlig körning (18 procent) och rattfylleri (11 procent).&lt;/P&gt;
&lt;P class="p45 ft2"&gt;Vid undersökningen av handläggningstiderna har Brå som referensmått använt uppgifter från de lokalpolisområden inom polisområde Stockholm nord som under perioden inte ingick i försöksverksamheten (benämnd ordinarie verksamhet). Jämfört med ordinarie verksamhet var handläggningstiderna inom försöksverksamheten i median 17 dagar kortare hos Polismyndigheten, 7 dagar kortare hos Åklagarmyndigheten och 22 dagar kortare hos tingsrätterna.&lt;/P&gt;
&lt;P class="p46 ft2"&gt;Den sammanlagda handläggningstiden från registrerad anmälan till avslut var i median 33 dagar inom försöksverksamheten och 41 dagar inom ordinarie verksamhet. Brå framhåller att uppföljningstiden är kort och att det därför finns många öppna misstankar som inte har hunnit avslutas, t.ex. åtal som ännu inte har prövats av tingsrätten. Detta leder till en underskattning av handläggningstiderna. Eftersom andelen öppna misstankar är störst i den ordinarie verksamheten blir underskattningen av handläggningstiderna störst där. När resultaten redovisas uppdelade på var i rättskedjan misstanken avslutats blir skillnaden mellan försöksverksamheten och den ordinarie verksamheten mer framträdande. Handläggningstiden för misstankar som avslutades hos åklagare var i median 27 dagar kortare inom försöksverksamheten än inom ordinarie verksamhet. För misstankar som avslutades hos tingsrätten var handläggningstiden i median 47 dagar kortare inom försöksverksamheten än inom ordinarie verksamhet.&lt;/P&gt;
&lt;P class="p47 ft2"&gt;Inom försöksverksamheten har tillgänglighetsdelgivning använts som delgivningssätt för 60 procent av misstankarna som nått tingsrätten. Den sammanlagda handläggningstiden från registrerad anmälan till avslut var i median 36 dagar där tillgänglighetsdelgivning använts och 65 dagar där något annat delgivningssätt använts. Skillnaden på 29 dagar innebär att handläggningstiden där tillgänglighetsdelgivning använts var 55 procent av motsvarande tid i den övriga försöksverksamheten. Brå lyfter även fram att det kan finnas behov av att inom försöksverksamheten utveckla tydligare rutiner för informationen som lämnas till den misstänkte, bl.a. vad gäller tillgänglighetsdelgivning.&lt;/P&gt;
&lt;/DIV&gt;
&lt;DIV id="id_2"&gt;
&lt;P class="p10 ft2"&gt;Prop. 2018/19:139&lt;/P&gt;
&lt;P class="p48 ft2"&gt;7&lt;/P&gt;
&lt;/DIV&gt;
&lt;/DIV&gt;
&lt;/DIV&gt;
&lt;DIV id="page_8"&gt;
&lt;DIV id="p8dimg1"&gt;
&lt;INGENBILD zsrc="H6031398x1.jpg/" id="p8img1"&gt;
&lt;/DIV&gt;


&lt;P class="p49 ft2"&gt;Prop. 2018/19:139 Brås sammanfattande slutsats är att försöksverksamheten har lett till kortare handläggningstider. Som troliga förklaringar framhåller Brå dels de nya verktyg som används i försöksverksamheten, bl.a. tillgänglighetsdelgivningen, dels att kvaliteten i utredningarna har blivit bättre tack vare stöd och vägledning till de ingripande poliserna från de jourhavande förundersökningsledarna. Brå pekar även på sättet försöksverksamheten införts som viktigt för de positiva effekter som hittills observerats. Bland annat har arbetet präglats av delaktighet, engagemang och god samverkan mellan myndigheterna. Brå lyfter också fram några områden med utvecklingsbehov i den fortsatta försöksverksamheten, bl.a. bemanning av polisens utredningsjour, ärendesamordning hos polis och åklagare och information till misstänkta personer.&lt;/P&gt;
&lt;P class="p50 ft13"&gt;&lt;SPAN class="ft1"&gt;5&lt;/SPAN&gt;&lt;SPAN class="ft12"&gt;Försöket med tillgänglighetsdelgivning förlängs&lt;/SPAN&gt;&lt;/P&gt;
&lt;P class="p51 ft4"&gt;&lt;SPAN class="ft20"&gt;Regeringens förslag: &lt;/SPAN&gt;Lagen om försök med tillgänglighetsdelgivning i brottmål ska fortsätta att gälla till utgången av 2022.&lt;/P&gt;
&lt;P class="p52 ft2"&gt;&lt;SPAN class="ft21"&gt;Promemorians förslag &lt;/SPAN&gt;överensstämmer delvis med regeringens. I promemorian föreslås att giltighetstiden ska förlängas till utgången av 2021 (se Ds 2018:9 avsnitt 4.4.3).&lt;/P&gt;
&lt;P class="p52 ft2"&gt;&lt;SPAN class="ft21"&gt;Remissinstanserna: &lt;/SPAN&gt;I stort sett alla remissinstanser som uttalar sig i denna del är positiva till eller invänder inte mot förslaget. &lt;SPAN class="ft3"&gt;Eskilstuna tingsrätt &lt;/SPAN&gt;och &lt;SPAN class="ft3"&gt;Riksdagens ombudsmän (JO) &lt;/SPAN&gt;framhåller det positiva i att försöksverksamheten inte avstannar i avvaktan på att den utvärderas. &lt;SPAN class="ft3"&gt;Datainspektionen &lt;/SPAN&gt;anser att de rättsliga förutsättningarna att kommunicera elektroniskt med enskilda inom ramen för tillgänglighetsdelgivningen behöver utredas vidare och avstyrker därför en förlängning av den tillfälliga lagen.&lt;/P&gt;
&lt;P class="p35 ft21"&gt;Skälen för regeringens förslag: &lt;SPAN class="ft2"&gt;Att brott utreds och lagförs så effektivt och ändamålsenligt som möjligt ökar förtroendet för rättsväsendet och förutsättningarna för materiellt riktiga domar. En kort och sammanhållen lagföringsprocess är bättre för enskilda som berörs av processen och blir dessutom mer resurseffektiv. En effektiv hantering av enklare brott kan frigöra resurser till att utreda och lagföra allvarligare brottslighet. Den pågående försöksverksamheten är en viktig åtgärd för att utveckla rättsväsendets förmåga att snabbt utreda och lagföra brott.&lt;/SPAN&gt;&lt;/P&gt;
&lt;P class="p53 ft2"&gt;I promemorian framhålls att tidigare erfarenheter visar att åtgärder som vidtagits inom ramen för försöksprojekt riskerar att stanna av efter projektets slut i avvaktan på utvärdering. Därigenom riskerar många av de vinster som har uppnåtts och erfarenheter som har förvärvats att gå förlorade. Det är mot den bakgrunden som det i promemorian lämnas förslag om att förlänga och vidta åtgärder för att bygga ut försöksverksamheten i avvaktan på Brås slututvärdering i april 2020.&lt;/P&gt;
&lt;P class="p36 ft4"&gt;Regeringen har utifrån vad som framkommit i Brås delutvärdering bedömt att det finns skäl att förlänga försöksverksamheten efter den&lt;/P&gt;
&lt;P class="p54 ft2"&gt;8&lt;/P&gt;
&lt;/DIV&gt;
&lt;DIV id="page_9"&gt;


&lt;DIV&gt;
&lt;DIV id="id_1"&gt;
&lt;P class="p55 ft22"&gt;&lt;SPAN class="ft22"&gt;31&lt;/SPAN&gt;&lt;SPAN class="ft23"&gt;december 2019. Regeringen har även den 2 maj 2019 gett Polismyndigheten, Åklagarmyndigheten, Rättsmedicinalverket, Kriminalvården och Domstolsverket i uppdrag att förbereda en geografisk utbyggnad av försöksverksamheten, som ska kunna genomföras under &lt;/SPAN&gt;&lt;NOBR&gt;2020–2022&lt;/NOBR&gt; (Ju2019/01670/DOM). En förlängd och utbyggd försöksverksamhet skulle ge ett bredare underlag för ställningstagandet till ett eventuellt permanentande av snabbförfarandet. Den kan också ge värdefulla erfarenheter för en fortsatt utveckling av t.ex. organisation, rutiner och arbetsmetoder.&lt;/P&gt;
&lt;P class="p56 ft2"&gt;Brå har i sin delutvärdering bedömt att de nya verktygen i försöksverksamheten, bl.a. delgivningssättet tillgänglighetsdelgivning, är troliga förklaringar till de korta handläggningstiderna. Tillgänglighetsdelgivningen är enligt regeringens uppfattning ett viktigt verktyg i försöksverksamheten. En snabb, effektiv och rättssäker delgivning bidrar till att misstänkta brott kan prövas i tingsrätten inom kortare tid. Det är angeläget att delgivningssättet kan fortsätta användas i en förlängd försöksverksamhet. Det är också viktigt att myndigheterna och domstolarna ges möjlighet att fortsätta att utveckla rutiner och arbetsmetoder i tillämpningen. Som Brå framhåller behöver den personal som förmedlar informationen till den misstänkte ha rätt kunskaper och det bör finnas strategier för hur man ska gå tillväga om den misstänkte av någon anledning har svårt att ta till sig informationen. Det ska alltid göras en bedömning i det enskilda fallet om det är lämpligt att använda delgivningssättet (se prop. 2017/18:67 s. 12).&lt;/P&gt;
&lt;P class="p57 ft2"&gt;Mot denna bakgrund anser regeringen att giltighetstiden för lagen om försök med tillgänglighetsdelgivning i brottmål bör förlängas. I promemorian föreslås att giltighetstiden ska förlängas två år. Det motsvarar den förlängning av försöksverksamheten som helhet som också föreslås i promemorian. För att det ska finnas ett tillräckligt underlag för att ta ställning till om snabbförfarandet bör permanentas, och för att sedan kunna vidta de åtgärder som detta förutsätter, har regeringen bedömt att en förlängning av försöksverksamheten bör omfatta tre år. Det är därför lämpligt att giltighetstiden för lagen om försök med tillgänglighetsdelgivning i brottmål förlängs till utgången av 2022.&lt;/P&gt;
&lt;P class="p57 ft2"&gt;Delgivning av stämning och andra handlingar är en åtgärd i domstolarnas handläggning av brottmål. Den behandling av personuppgifter som förekommer i samband med delgivning sker alltså i syfte att handlägga mål om lagföring för brott. Sådan personuppgiftsbehandling faller under tillämpningsområdet för brottsdatalagen (2018:1177) och lagen (2018:1698) om domstolarnas behandling av personuppgifter inom brottsdatalagens område. Lagarna reglerar personuppgiftsbehandling vid alla former av delgivning i brottmål, dvs. även personuppgiftsbehandling som sker i samband med tillgänglighetsdelgivning. I lagen om domstolarnas behandling av personuppgifter inom brottsdatalagens område finns regler om elektroniskt utlämnande av personuppgifter som ger ett gott skydd för den personliga integriteten (se prop. 2017/18:269 s. &lt;NOBR&gt;135–136&lt;/NOBR&gt; och &lt;NOBR&gt;240–241).&lt;/NOBR&gt; Något skäl att vidare utreda de rättsliga förutsättningarna för elektronisk kommunikation med enskilda inom ramen för tillgänglighetsdelgivning, vilket &lt;SPAN class="ft3"&gt;Datainspektionen &lt;/SPAN&gt;föreslår, finns således inte. Som Brå tar upp i sin delutvärdering är det dock viktigt att det hos domstolarna finns rutiner för att bedöma om ett elektroniskt utlämnande är lämpligt i det enskilda fallet (jfr prop. 2017/18:269 s. 369). Inom Sveriges&lt;/P&gt;
&lt;/DIV&gt;
&lt;DIV id="id_2"&gt;
&lt;P class="p10 ft2"&gt;Prop. 2018/19:139&lt;/P&gt;
&lt;P class="p48 ft2"&gt;9&lt;/P&gt;
&lt;/DIV&gt;
&lt;/DIV&gt;
&lt;/DIV&gt;
&lt;DIV id="page_10"&gt;


&lt;P class="p58 ft4"&gt;Prop. 2018/19:139 Domstolar finns tekniska lösningar för att skicka och ta emot krypterad &lt;NOBR&gt;e-post.&lt;/NOBR&gt;&lt;/P&gt;
&lt;P class="p59 ft1"&gt;6 Konsekvenser&lt;/P&gt;
&lt;P class="p60 ft2"&gt;En förlängning av giltighetstiden för lagen om försök med tillgänglighetsdelgivning i brottmål innebär att det även fortsättningsvis finns förutsättningar för en effektiv och rättssäker delgivning av stämning och andra handlingar inom försöksverksamheten. En fortsatt användning av delgivningssättet kan även ge ett bättre underlag för ett kommande ställningstagande till om det bör permanentas eller inte.&lt;/P&gt;
&lt;P class="p61 ft6"&gt;Den förlängning av giltighetstiden som föreslås bedöms inte medföra några kostnadsökningar för rättsväsendet. Förslaget bedöms inte heller i övrigt få några konsekvenser.&lt;/P&gt;
&lt;P class="p62 ft2"&gt;10&lt;/P&gt;
&lt;/DIV&gt;
&lt;DIV id="page_11"&gt;


&lt;DIV id="id_1"&gt;
&lt;DIV id="id_1_1"&gt;
&lt;P class="p10 ft1"&gt;Promemorians lagförslag&lt;/P&gt;
&lt;/DIV&gt;
&lt;DIV id="id_1_2"&gt;
&lt;P class="p10 ft2"&gt;Prop. 2018/19:139&lt;/P&gt;
&lt;P class="p63 ft2"&gt;Bilaga 1&lt;/P&gt;
&lt;/DIV&gt;
&lt;/DIV&gt;
&lt;DIV id="id_2"&gt;
&lt;P class="p64 ft18"&gt;Förslag till lag om fortsatt giltighet av lagen (2018:000) om försök med tillgänglighetsdelgivning i brottmål&lt;/P&gt;
&lt;P class="p65 ft4"&gt;Härigenom föreskrivs att lagen (2018:000) om försök med tillgänglighetsdelgivning i brottmål, som gäller till utgången av 2019, ska fortsätta att gälla till utgången av 2021.&lt;/P&gt;
&lt;P class="p66 ft2"&gt;11&lt;/P&gt;
&lt;/DIV&gt;
&lt;/DIV&gt;
&lt;DIV id="page_12"&gt;


&lt;TABLE cellpadding=0 cellspacing=0 class="t5"&gt;
&lt;TR&gt;
	&lt;TD class="tr8 td20"&gt;&lt;SPAN class="p14 ft2"&gt;Prop. 2018/19:139&lt;/SPAN&gt; &lt;/TD&gt;
	&lt;TD colspan=4 class="tr8 td21"&gt;&lt;SPAN class="p14 ft1"&gt;Förteckning över remissinstanserna&lt;/SPAN&gt; &lt;/TD&gt;
&lt;/TR&gt;
&lt;TR&gt;
	&lt;TD class="tr11 td20"&gt;&lt;SPAN class="p14 ft2"&gt;Bilaga 2&lt;/SPAN&gt; &lt;/TD&gt;
	&lt;TD class="tr11 td22"&gt;&lt;SPAN class="p14 ft7"&gt; &lt;/SPAN&gt; &lt;/TD&gt;
	&lt;TD class="tr11 td23"&gt;&lt;SPAN class="p14 ft7"&gt; &lt;/SPAN&gt; &lt;/TD&gt;
	&lt;TD class="tr11 td24"&gt;&lt;SPAN class="p14 ft7"&gt; &lt;/SPAN&gt; &lt;/TD&gt;
	&lt;TD class="tr11 td25"&gt;&lt;SPAN class="p14 ft7"&gt; &lt;/SPAN&gt; &lt;/TD&gt;
&lt;/TR&gt;
&lt;TR&gt;
	&lt;TD class="tr4 td20"&gt;&lt;SPAN class="p14 ft7"&gt; &lt;/SPAN&gt; &lt;/TD&gt;
	&lt;TD class="tr4 td22"&gt;&lt;SPAN class="p14 ft2"&gt;Efter remiss&lt;/SPAN&gt; &lt;/TD&gt;
	&lt;TD class="tr4 td23"&gt;&lt;SPAN class="p67 ft2"&gt;har yttrande över&lt;/SPAN&gt; &lt;/TD&gt;
	&lt;TD class="tr4 td24"&gt;&lt;SPAN class="p68 ft2"&gt;promemorian&lt;/SPAN&gt; &lt;/TD&gt;
	&lt;TD class="tr4 td25"&gt;&lt;SPAN class="p12 ft2"&gt;Snabbare lagföring&lt;/SPAN&gt; &lt;/TD&gt;
&lt;/TR&gt;
&lt;TR&gt;
	&lt;TD class="tr5 td20"&gt;&lt;SPAN class="p14 ft7"&gt; &lt;/SPAN&gt; &lt;/TD&gt;
	&lt;TD colspan=4 class="tr5 td21"&gt;&lt;SPAN class="p14 ft2"&gt;(Ds 2018:9) lämnats av Riksdagens ombudsmän, Svea hovrätt, Hovrätten&lt;/SPAN&gt; &lt;/TD&gt;
&lt;/TR&gt;
&lt;TR&gt;
	&lt;TD class="tr11 td20"&gt;&lt;SPAN class="p14 ft7"&gt; &lt;/SPAN&gt; &lt;/TD&gt;
	&lt;TD colspan=4 class="tr11 td21"&gt;&lt;SPAN class="p14 ft2"&gt;för Västra Sverige, Hovrätten för Nedre Norrland, Attunda tingsrätt,&lt;/SPAN&gt; &lt;/TD&gt;
&lt;/TR&gt;
&lt;TR&gt;
	&lt;TD class="tr11 td20"&gt;&lt;SPAN class="p14 ft7"&gt; &lt;/SPAN&gt; &lt;/TD&gt;
	&lt;TD colspan=4 class="tr11 td21"&gt;&lt;SPAN class="p14 ft2"&gt;Norrtälje tingsrätt, Solna tingsrätt, Stockholms tingsrätt, Södertörns&lt;/SPAN&gt; &lt;/TD&gt;
&lt;/TR&gt;
&lt;TR&gt;
	&lt;TD class="tr5 td20"&gt;&lt;SPAN class="p14 ft7"&gt; &lt;/SPAN&gt; &lt;/TD&gt;
	&lt;TD colspan=4 class="tr5 td21"&gt;&lt;SPAN class="p14 ft2"&gt;tingsrätt, Eskilstuna tingsrätt, Växjö tingsrätt, Helsingborgs tingsrätt,&lt;/SPAN&gt; &lt;/TD&gt;
&lt;/TR&gt;
&lt;TR&gt;
	&lt;TD class="tr11 td20"&gt;&lt;SPAN class="p14 ft7"&gt; &lt;/SPAN&gt; &lt;/TD&gt;
	&lt;TD colspan=4 class="tr11 td21"&gt;&lt;SPAN class="p14 ft2"&gt;Göteborgs tingsrätt, Gävle tingsrätt, Östersunds tingsrätt, Umeå tingsrätt,&lt;/SPAN&gt; &lt;/TD&gt;
&lt;/TR&gt;
&lt;TR&gt;
	&lt;TD class="tr11 td20"&gt;&lt;SPAN class="p14 ft7"&gt; &lt;/SPAN&gt; &lt;/TD&gt;
	&lt;TD colspan=4 class="tr11 td21"&gt;&lt;SPAN class="p14 ft2"&gt;Haparanda tingsrätt, Justitiekanslern, Domstolsverket, Åklagar-&lt;/SPAN&gt; &lt;/TD&gt;
&lt;/TR&gt;
&lt;TR&gt;
	&lt;TD class="tr11 td20"&gt;&lt;SPAN class="p14 ft7"&gt; &lt;/SPAN&gt; &lt;/TD&gt;
	&lt;TD class="tr11 td22"&gt;&lt;SPAN class="p14 ft2"&gt;myndigheten,&lt;/SPAN&gt; &lt;/TD&gt;
	&lt;TD class="tr11 td23"&gt;&lt;SPAN class="p14 ft2"&gt;Polismyndigheten,&lt;/SPAN&gt; &lt;/TD&gt;
	&lt;TD class="tr11 td24"&gt;&lt;SPAN class="p14 ft2"&gt;Kriminalvården,&lt;/SPAN&gt; &lt;/TD&gt;
	&lt;TD class="tr11 td25"&gt;&lt;SPAN class="p12 ft2"&gt;Brottsförebyggande&lt;/SPAN&gt; &lt;/TD&gt;
&lt;/TR&gt;
&lt;/TABLE&gt;
&lt;P class="p69 ft2"&gt;rådet, Brottsoffermyndigheten, Rättsmedicinalverket, Datainspektionen, Barnombudsmannen, Socialstyrelsen, Uppsala universitet (Juridiska fakultetsnämnden), Arbetsgivarverket, Ekerö kommun, Järfälla kommun, Sigtuna kommun, Solna kommun, Stockholms kommun, Sundbybergs kommun, Täby kommun, &lt;NOBR&gt;Upplands-Bro&lt;/NOBR&gt; kommun, Österåkers kommun, Sveriges Kommuner och Landsting, Sveriges advokatsamfund, Akademikerförbundet SSR, Jusek, Polisförbundet, Rädda barnen och Svensk Försäkring.&lt;/P&gt;
&lt;P class="p70 ft6"&gt;Yttrande har även lämnats av Stockholms universitet (Samhällsvetenskapliga fakultetsnämnden).&lt;/P&gt;
&lt;P class="p70 ft6"&gt;Riksrevisionen, Landsorganisationen i Sverige (LO) och Upplands Väsby kommun har avstått från att yttra sig.&lt;/P&gt;
&lt;P class="p70 ft6"&gt;Yttrande har inte lämnats av Danderyds kommun, Norrtälje kommun, Sollentuna kommun, Vallentuna kommun, Vaxholms kommun, Sveriges Domareförbund, Brottsofferjouren Sverige och Riksförbundet Kriminellas revansch i samhället.&lt;/P&gt;
&lt;P class="p71 ft2"&gt;12&lt;/P&gt;
&lt;/DIV&gt;
&lt;DIV id="page_13"&gt;
&lt;DIV id="p13dimg1"&gt;
&lt;INGENBILD zsrc="H60313913x1.jpg/" id="p13img1"&gt;
&lt;/DIV&gt;


&lt;DIV class="dclr"&gt;&lt;/DIV&gt;
&lt;DIV&gt;
&lt;DIV id="id_1"&gt;
&lt;P class="p10 ft1"&gt;Justitiedepartementet&lt;/P&gt;
&lt;P class="p72 ft2"&gt;Utdrag ur protokoll vid regeringssammanträde den 5 juni 2019&lt;/P&gt;
&lt;P class="p73 ft6"&gt;Närvarande: statsminister Löfven, ordförande, och statsråden Lövin, Wallström, Y Johansson, M Johansson, Baylan, Hallengren, Hultqvist, Andersson, Bolund, Damberg, Shekarabi, Ygeman, Eriksson, Linde, Ekström, Eneroth, Nilsson, Lindhagen, Lind&lt;/P&gt;
&lt;P class="p74 ft2"&gt;Föredragande: statsrådet M Johansson&lt;/P&gt;
&lt;P class="p75 ft4"&gt;Regeringen beslutar proposition Fortsatt giltighet av lagen om försök med tillgänglighetsdelgivning i brottmål&lt;/P&gt;
&lt;/DIV&gt;
&lt;DIV id="id_2"&gt;
&lt;P class="p10 ft2"&gt;Prop. 2018/19:139&lt;/P&gt;
&lt;P class="p76 ft2"&gt;13&lt;/P&gt;
&lt;/DIV&gt;
&lt;/DIV&gt;
&lt;/DIV&gt;

&lt;/div&gt;&lt;style&gt;


TD,TD.p2h {
zzzfont-size:90%;
zzzmargin-right:2px;
zzzoverflow:visable;
zzzword-wrap: break-word;
}

P {
zdisplay:block;
}

.divbreak {
clear:both;
display:block;
zwidth: 100%;
zheight: 1px;
zword-wrap: break-word;
}


.xecp {
  display:block;
  margin: 0px !important;
  padding: 0px !important;
  
}

.ec {
  border-style:solid;
  border-width:1px;
  display:block;
  margin: 0px !important;
  padding: 0px !important;
}

.TOPS {
  overflow:visable;
  margin:2px;
  width:690px !important;
}

&lt;/style&gt;
</html>
  </dokument>
<dokforslag>
<forslag>
<nummer datatype="int32">1</nummer>
<beteckning datatype="string">1</beteckning>
<lydelse datatype="string">Riksdagen antar regeringens förslag till lag om fortsatt giltighet av lagen (2018:160) om försök med tillgänglighetsdelgivning i brottmål.</lydelse>
<lydelse2 datatype="string" />
<utskottet datatype="string">Bifall</utskottet>
<kammaren datatype="string">Bifall</kammaren>
<behandlas_i datatype="string">2019/20:JuU3</behandlas_i>
<behandlas_i_punkt datatype="string" />
<kammarbeslutstyp datatype="string" />
<intressent datatype="string">JuU</intressent>
<avsnitt datatype="string" />
<grundforfattning datatype="string" />
<andringsforfattning datatype="string" />
</forslag>
</dokforslag>
<dokaktivitet>
<aktivitet>
<kod datatype="string">INL</kod>
<namn datatype="string">Inlämnad</namn>
<datum datatype="datetime">2019-06-11 00:00:00</datum>
<status datatype="string">inträffat</status>
<ordning datatype="int32">0</ordning>
<process datatype="string">behandling</process>
</aktivitet>
<aktivitet>
<kod datatype="string">B</kod>
<namn datatype="string">Bordlagd</namn>
<datum datatype="datetime">2019-06-11 00:00:00</datum>
<status datatype="string">inträffat</status>
<ordning datatype="int32">0</ordning>
<process datatype="string">behandling</process>
</aktivitet>
<aktivitet>
<kod datatype="string">HÄN</kod>
<namn datatype="string">Hänvisad</namn>
<datum datatype="datetime">2019-06-12 00:00:00</datum>
<status datatype="string">inträffat</status>
<ordning datatype="int32">0</ordning>
<process datatype="string">behandling</process>
</aktivitet>
<aktivitet>
<kod datatype="string">MOT</kod>
<namn datatype="string">Motionstid slutar</namn>
<datum datatype="datetime">2019-09-18 00:00:00</datum>
<status datatype="string">inträffat</status>
<ordning datatype="int32">0</ordning>
<process datatype="string">behandling</process>
</aktivitet>
</dokaktivitet>
<dokintressent>
<intressent>
<intressent_id datatype="string">0218878014918</intressent_id>
<namn datatype="string">Stefan Löfven</namn>
<partibet datatype="string">S</partibet>
<ordning datatype="int16">1</ordning>
<roll datatype="string">Statsråd1</roll>
</intressent>
<intressent>
<intressent_id datatype="string">0473783431010</intressent_id>
<namn datatype="string">Morgan Johansson</namn>
<partibet datatype="string">S</partibet>
<ordning datatype="int16">2</ordning>
<roll datatype="string">Statsråd2</roll>
</intressent>
</dokintressent>
<dokuppgift>
<uppgift>
<kod datatype="string">inlamnatav</kod>
<namn datatype="string">Inlämnat av</namn>
<text datatype="string">Justitiedepartementet</text>
<dok_id datatype="string">H603139</dok_id>
<systemdatum datatype="datetime">2019-10-23 16:19:35</systemdatum>
</uppgift>
<uppgift>
<kod datatype="string">tilldelat</kod>
<namn datatype="string">Tilldelat</namn>
<text datatype="string">Justitieutskottet</text>
<dok_id datatype="string">H603139</dok_id>
<systemdatum datatype="datetime">2019-10-23 16:19:35</systemdatum>
</uppgift>
<uppgift>
<kod datatype="string">statustext</kod>
<namn datatype="string">statustext</namn>
<text datatype="string">Propositionen bereds i utskott</text>
<dok_id datatype="string">H603139</dok_id>
<systemdatum datatype="datetime">2019-06-12 08:28:36</systemdatum>
</uppgift>
</dokuppgift>
<dokbilaga>
<bilaga>
<dok_id datatype="string">H603139</dok_id>
<titel datatype="string">Fortsatt giltighet av lagen om försök med tillgänglighetsdelgivning i brottmål</titel>
<subtitel datatype="string" />
<filnamn datatype="string">prop_201819__139.pdf</filnamn>
<filstorlek datatype="int32">209402</filstorlek>
<filtyp datatype="string">pdf</filtyp>
<fil_url datatype="string">http://data.riksdagen.se/fil/8B7FA15D-A311-40C8-AEF5-D9870DE3BF8B</fil_url>
</bilaga>
</dokbilaga>
<dokreferens>
<referens>
<referenstyp datatype="string">behandlas_i</referenstyp>
<uppgift datatype="string">2019/20:JuU3</uppgift>
<ref_dok_id datatype="string">H701JuU3</ref_dok_id>
<ref_dok_typ datatype="string">bet</ref_dok_typ>
<ref_dok_rm datatype="string">2019/20</ref_dok_rm>
<ref_dok_bet datatype="string">JuU3</ref_dok_bet>
<ref_dok_titel datatype="string">Fortsatt giltighet av lagen om försök med tillgänglighetsdelgivning i brottmål</ref_dok_titel>
<ref_dok_subtitel datatype="string" />
<ref_dok_subtyp datatype="string">bet</ref_dok_subtyp>
<ref_dok_dokumentnamn datatype="string">Betänkande</ref_dok_dokumentnamn>
</referens>
</dokreferens>
<debatt /></dokumentstatus>