<dokumentstatus>
  <dokument>
    <hangar_id datatype="int32">5021242</hangar_id>
    <dok_id datatype="string">H60340</dok_id>
    <rm datatype="string">2018/19</rm>
    <beteckning datatype="string">40</beteckning>
    <typ datatype="string">prop</typ>
    <subtyp datatype="string">prop</subtyp>
    <doktyp datatype="string">prop</doktyp>
    <typrubrik datatype="string">Proposition 2018/19:40</typrubrik>
    <dokumentnamn datatype="string">Proposition</dokumentnamn>
    <debattnamn datatype="string">Proposition</debattnamn>
    <tempbeteckning datatype="string"></tempbeteckning>
    <organ datatype="string">Näringsdepartementet</organ>
    <mottagare datatype="string">NU</mottagare>
    <nummer datatype="int32">40</nummer>
    <slutnummer datatype="int32">0</slutnummer>
    <datum datatype="datetime">2019-02-05 00:00:00</datum>
    <systemdatum datatype="datetime">2019-08-21 13:50:15</systemdatum>
    <publicerad datatype="datetime">2019-02-05 00:00:00</publicerad>
    <titel datatype="string">Återköpsprogram av aktier i Telia Company AB</titel>
    <subtitel datatype="string"></subtitel>
    <status datatype="string">Klar</status>
    <htmlformat datatype="string">html-ec</htmlformat>
    <relaterat_id datatype="string"></relaterat_id>
    <source datatype="string">prop-RIM</source>
    <sourceid datatype="string">56b8b85e-f0b6-4ab0-b433-7a62a5688439</sourceid>
    <dokument_url_text datatype="stext">http://data.riksdagen.se/dokument/H60340/text</dokument_url_text>
    <dokument_url_html datatype="stext">http://data.riksdagen.se/dokument/H60340</dokument_url_html>
    <dokumentstatus_url_xml datatype="stext">http://data.riksdagen.se/dokumentstatus/H60340</dokumentstatus_url_xml>
    <html datatype="text">&lt;div style="margin:3px;"&gt;
&lt;STYLE type="text/css"&gt;

body {margin-top: 0px;margin-left: 0px;}

#page_1 {position:relative; overflow: hidden;z:b;margin:10px 0px 21px 10px ;padding: 0px;border: none;width: 766px;}

#page_1 #p1dimg1 {position:absolute;top:0px;left:63px;z-index:-1;width:502px;height:146px;}
#page_1 #p1dimg1 #p1img1 {width:502px;height:146px;}




#page_2 {position:relative; overflow: hidden;z:b;margin:14px 0px 21px 10px ;padding: 0px;border: none;width: 586px;}
#page_2 #id_1 {float:left;border:none;z:b;margin:3px 0px 0px 10px ;padding: 0px;border:none;width: 90px;overflow: hidden;}
#page_2 #id_2 {float:left;border:none;z:b;margin:0px 0px 0px 10px ;padding: 0px;border:none;width: 451px;overflow: hidden;}





#page_3 {position:relative; overflow: hidden;z:b;margin:15px 0px 21px 10px ;padding: 0px;border: none;width: 766px;}





#page_4 {position:relative; overflow: hidden;z:b;margin:15px 0px 21px 10px ;padding: 0px;border: none;width: 676px;}

#page_4 #p4dimg1 {position:absolute;top:306px;left:105px;z-index:-1;width:409px;height:234px;}
#page_4 #p4dimg1 #p4img1 {width:409px;height:234px;}




#page_5 {position:relative; overflow: hidden;z:b;margin:15px 0px 21px 10px ;padding: 0px;border: none;width: 676px;}
#page_5 #id_1 {float:left;border:none;z:b;margin:0px 0px 0px 10px ;padding: 0px;border:none;width: 451px;overflow: hidden;}
#page_5 #id_2 {float:left;border:none;z:b;margin:1px 0px 0px 10px ;padding: 0px;border:none;width: 180px;overflow: hidden;}





#page_6 {position:relative; overflow: hidden;z:b;margin:15px 0px 21px 10px ;padding: 0px;border: none;width: 676px;}





#page_7 {position:relative; overflow: hidden;z:b;margin:15px 0px 21px 10px ;padding: 0px;border: none;width: 676px;}
#page_7 #id_1 {float:left;border:none;z:b;margin:14px 0px 0px 10px ;padding: 0px;border:none;width: 451px;overflow: hidden;}
#page_7 #id_2 {float:left;border:none;z:b;margin:0px 0px 0px 10px ;padding: 0px;border:none;width: 135px;overflow: hidden;}

#page_7 #p7dimg1 {position:absolute;top:237px;left:0px;z-index:-1;width:112px;height:1px;font-size: 1px !important;l-h:nHeight;}
#page_7 #p7dimg1 #p7img1 {width:112px;height:1px;}




.dclr {clear:both;float:none;height:1px;margin:0px;padding:0px;overflow:hidden;}

.ft0{font:  18px 'Verdana' !important;l-h: 32px;}
.ft1{font:  14px 'Verdana' !important;l-h: 26px;}
.ft2{font:  12px 'Verdana' !important;l-h: 15px;}
.ft3{font: italic  12px 'Verdana' !important;l-h: 15px;}
.ft4{font:  14px 'Verdana' !important;l-h: 22px;}
.ft5{font:  12px 'Verdana' !important;l-h: 16px;}
.ft6{font:  10px 'Verdana' !important;l-h: 1px;}
.ft7{font:  12px 'Verdana' !important;margin-left: 9px;l-h: 15px;}
.ft8{font:  12px 'Verdana' !important;margin-left: 9px;l-h: 16px;}
.ft9{font:  12px 'Verdana' !important;l-h: 17px;}
.ft10{font:  14px 'Verdana' !important;margin-left: 50px;l-h: 26px;}
.ft11{font: bold  12px 'Verdana' !important;l-h: 15px;}
.ft12{font:  12px 'Verdana' !important;l-h: 15px;}

.p0{text-align: left;padding-left: 0px;padding-right: 420px;margin-top: 22px;margin-bottom: 0px !important;}
.p1{text-align: left;padding-left: 440px;padding-right: 63px;margin-top: 11px;margin-bottom: 0px !important;text-indent: 0.396px;}
.p2{text-align: left;padding-left: 0px;margin-top: 15px;margin-bottom: 0px !important;}
.p3{text-align: left;padding-left: 0px;margin-top: 34px;margin-bottom: 0px !important;}
.p4{text-align: left;padding-left: 180px;padding-right: 378px;margin-top: 20px;margin-bottom: 0px !important;}
.p5{text-align: left;padding-left: 0px;margin-top: 49px;margin-bottom: 0px !important;}
.p6{text-align: left;padding-left: 0px;padding-right: 168px;margin-top: 25px;margin-bottom: 0px !important;}
.p7{text-align: left;padding-left: 0px;padding-right: 168px;margin-top: 2px;margin-bottom: 0px !important;text-indent: 11px;}
.p8{text-align: left;padding-left: 0px;padding-right: 168px;margin-top: 3px;margin-bottom: 0px !important;text-indent: 11px;}
.p9{text-align: left;padding-left: 0px;padding-right: 168px;margin-top: 5px;margin-bottom: 0px !important;text-indent: 11px;}
.p10{text-align: right;padding-right: 42px;margin-top: 11px;margin-bottom: 0px !important;}
.p11{text-align: left;margin-top: 0px;margin-bottom: 0px !important;}
.p12{text-align: left;margin-top: 752px;margin-bottom: 0px !important;}
.p13{text-align: left;margin-top: 0px;margin-bottom: 0px !important;white-space: nowrap;}
.p14{text-align: left;padding-left: 0px;margin-top: 0px;margin-bottom: 0px !important;white-space: nowrap;}
.p15{text-align: right;margin-top: 0px;margin-bottom: 0px !important;white-space: nowrap;}
.p16{text-align: right;padding-right: 21px;margin-top: 0px;margin-bottom: 0px !important;white-space: nowrap;}
.p17{text-align: left;padding-left: 0px;margin-top: 0px;margin-bottom: 0px !important;white-space: nowrap;}
.p18{text-align: left;padding-left: 0px;margin-top: 10px;margin-bottom: 0px !important;}
.p19{text-align: left;padding-left: 0px;padding-right: 168px;margin-top: 0px;margin-bottom: 0px !important;text-indent: 0.19px;}
.p20{text-align: left;padding-left: 0px;padding-right: 168px;margin-top: 4px;margin-bottom: 0px !important;text-indent: 0.19px;}
.p21{text-align: left;padding-left: 0px;padding-right: 168px;margin-top: 1px;margin-bottom: 0px !important;text-indent: 0.19px;}
.p22{text-align: right;padding-right: 42px;margin-top: 496px;margin-bottom: 0px !important;}
.p23{text-align: left;padding-left: 0px;padding-right: 63px;margin-top: 11px;margin-bottom: 0px !important;}
.p24{text-align: left;padding-left: 0px;padding-right: 63px;margin-top: 2px;margin-bottom: 0px !important;text-indent: 11px;}
.p25{text-align: left;padding-left: 0px;padding-right: 63px;margin-top: 0px;margin-bottom: 0px !important;text-indent: 11px;}
.p26{text-align: left;padding-left: 140px;padding-right: 126px;margin-top: 44px;margin-bottom: 0px !important;text-indent: 0.60px;}
.p27{text-align: left;padding-left: 0px;margin-top: 12px;margin-bottom: 0px !important;}
.p28{text-align: left;padding-left: 0px;padding-right: 63px;margin-top: 1px;margin-bottom: 0px !important;text-indent: 11px;}
.p29{text-align: left;padding-left: 0px;padding-right: 63px;margin-top: 1px;margin-bottom: 0px !important;text-indent: 11px;}
.p30{text-align: left;padding-left: 0px;padding-right: 63px;margin-top: 10px;margin-bottom: 0px !important;}
.p31{text-align: left;margin-top: 7px;margin-bottom: 0px !important;}
.p32{text-align: left;padding-right: 1px;margin-top: 0px;margin-bottom: 0px !important;text-indent: 11px;}
.p33{text-align: left;margin-top: 0px;margin-bottom: 0px !important;text-indent: 11px;}
.p34{text-align: left;padding-right: 1px;margin-top: 1px;margin-bottom: 0px !important;text-indent: 11px;}
.p35{text-align: left;padding-right: 1px;margin-top: 3px;margin-bottom: 0px !important;text-indent: 11px;}
.p36{text-align: left;padding-right: 1px;margin-top: 2px;margin-bottom: 0px !important;text-indent: 11px;}
.p37{text-align: left;padding-left: 0px;margin-top: 0px;margin-bottom: 0px !important;}
.p38{text-align: right;padding-right: 42px;margin-top: 752px;margin-bottom: 0px !important;}
.p39{text-align: left;padding-left: 0px;padding-right: 63px;margin-top: 0px;margin-bottom: 0px !important;text-indent: 0.112px;}
.p40{text-align: left;padding-left: 0px;padding-right: 63px;margin-top: 4px;margin-bottom: 0px !important;text-indent: 11px;}
.p41{text-align: left;margin-top: 563px;margin-bottom: 0px !important;}
.p42{text-align: left;margin-top: 15px;margin-bottom: 0px !important;}
.p43{text-align: left;padding-right: 21px;margin-top: 15px;margin-bottom: 0px !important;}
.p44{text-align: left;margin-top: 13px;margin-bottom: 0px !important;}
.p45{text-align: left;padding-right: 0px;margin-top: 76px;margin-bottom: 0px !important;}

.td0{padding: 0px;margin: 0px;width: 404px;vertical-align: bottom;}
.td1{padding: 0px;margin: 0px;width: 7px;vertical-align: bottom;}
.td2{padding: 0px;margin: 0px;width: 16px;vertical-align: bottom;}
.td3{padding: 0px;margin: 0px;width: 387px;vertical-align: bottom;}
.td4{padding: 0px;margin: 0px;width: 36px;vertical-align: bottom;}
.td5{padding: 0px;margin: 0px;width: 389px;vertical-align: bottom;}
.td6{padding: 0px;margin: 0px;width: 97px;vertical-align: bottom;}
.td7{padding: 0px;margin: 0px;width: 182px;vertical-align: bottom;}
.td8{padding: 0px;margin: 0px;width: 234px;vertical-align: bottom;}

.tr0{heightzzz: 33px;}
.tr1{heightzzz: 22px;}
.tr2{heightzzz: 27px;}
.tr3{heightzzz: 28px;}

.t0{width: 431px;f:13px 'Verdana' !important;}
.t1{width: 548px;margin-leftZ: 68px;f:20px 'Verdana' !important;}
.t2{width: 436px;f:20px 'Verdana' !important;}

&lt;/STYLE&gt;



&lt;DIV id="page_1"&gt;
&lt;DIV id="p1dimg1"&gt;
&lt;INGENBILD zsrc="H603401x1.jpg/" id="p1img1"&gt;
&lt;/DIV&gt;


&lt;DIV class="dclr"&gt;&lt;/DIV&gt;
&lt;P class="p0 ft0"&gt;Regeringens proposition 2018/19:40&lt;/P&gt;
&lt;P class="p1 ft1"&gt;Återköpsprogram av aktier i Telia Company AB Prop. 2018/19:40&lt;/P&gt;
&lt;P class="p2 ft2"&gt;Regeringen överlämnar denna proposition till riksdagen.&lt;/P&gt;
&lt;P class="p2 ft2"&gt;Stockholm den 31 januari 2019&lt;/P&gt;
&lt;P class="p3 ft3"&gt;Stefan Löfven&lt;/P&gt;
&lt;P class="p4 ft3"&gt;Ibrahim Baylan &lt;SPAN class="ft2"&gt;(Näringsdepartementet)&lt;/SPAN&gt;&lt;/P&gt;
&lt;P class="p5 ft4"&gt;Propositionens huvudsakliga innehåll&lt;/P&gt;
&lt;P class="p6 ft2"&gt;Styrelsen i Telia Company AB har beslutat att genomföra ett återköpsprogram av aktier. Styrelsens beslut har mottagits väl av aktiemarknaden. Regeringens förslag i propositionen läggs fram i syfte att möjliggöra för regeringen att stödja bolagets återköpsprogram och på kommande bolagsstämmor i Telia Company AB godkänna de beslut som avses fattas för att slutföra återköpsprogrammet.&lt;/P&gt;
&lt;P class="p7 ft2"&gt;Inom ramen för återköpsprogrammet avser styrelsen i Telia Company AB att till kommande årsstämmor lägga fram förslag om minskning av bolagets aktiekapital med indragning av de egna aktier som bolaget äger. Styrelsens förslag innebär att statens ägarandel i Telia Company AB kan komma att förändras. En förändring av statens ägarandel i bolaget kräver riksdagens bemyndigande.&lt;/P&gt;
&lt;P class="p8 ft2"&gt;I propositionen föreslås därför riksdagen bemyndiga regeringen att dels godkänna att Telia Company AB minskar aktiekapitalet med indragning av egna aktier som bolaget äger och därigenom öka statens röst- och ägarandel i bolaget till högst 41,5 procent av aktierna och rösterna i bolaget, dels därefter genom försäljning eller på annat sätt minska statens röst- och ägarandel i Telia Company AB till lägst nuvarande nivå, dvs. 37,3 procent av aktierna och rösterna i bolaget.&lt;/P&gt;
&lt;P class="p9 ft5"&gt;Riksdagen föreslås vidare bemyndiga regeringen att vidta de åtgärder i övrigt som krävs för att genomföra ovan nämnda transaktioner samt godkänna att regeringen avräknar de direkta försäljningskostnader som uppkommer för staten i samband med en försäljning av aktier i Telia Company AB mot försäljningsintäkterna.&lt;/P&gt;
&lt;P class="p10 ft2"&gt;1&lt;/P&gt;
&lt;/DIV&gt;
&lt;DIV id="page_2"&gt;


&lt;DIV&gt;
&lt;DIV id="id_1"&gt;
&lt;P class="p11 ft2"&gt;Prop. 2018/19:40&lt;/P&gt;
&lt;P class="p12 ft2"&gt;2&lt;/P&gt;
&lt;/DIV&gt;
&lt;DIV id="id_2"&gt;
&lt;TABLE cellpadding=0 cellspacing=0 class="t0"&gt;
&lt;TR&gt;
	&lt;TD colspan=2 class="tr0 td0"&gt;&lt;SPAN class="p13 ft4"&gt;Innehållsförteckning&lt;/SPAN&gt; &lt;/TD&gt;
	&lt;TD class="tr0 td1"&gt;&lt;SPAN class="p13 ft6"&gt; &lt;/SPAN&gt; &lt;/TD&gt;
&lt;/TR&gt;
&lt;TR&gt;
	&lt;TD class="tr0 td2"&gt;&lt;SPAN class="p13 ft2"&gt;&lt;A href="#page_3"&gt;1&lt;/A&gt;&lt;/SPAN&gt; &lt;/TD&gt;
	&lt;TD class="tr0 td3"&gt;&lt;SPAN class="p14 ft2"&gt;&lt;A href="#page_3"&gt;Förslag till riksdagsbeslut .................................................................&lt;/A&gt;&lt;/SPAN&gt; &lt;/TD&gt;
	&lt;TD class="tr0 td1"&gt;&lt;SPAN class="p15 ft2"&gt;&lt;A href="#page_3"&gt;3&lt;/A&gt;&lt;/SPAN&gt; &lt;/TD&gt;
&lt;/TR&gt;
&lt;TR&gt;
	&lt;TD class="tr1 td2"&gt;&lt;SPAN class="p13 ft2"&gt;&lt;A href="#page_4"&gt;2&lt;/A&gt;&lt;/SPAN&gt; &lt;/TD&gt;
	&lt;TD class="tr1 td3"&gt;&lt;SPAN class="p14 ft2"&gt;&lt;A href="#page_4"&gt;Ärendet och dess beredning ..............................................................&lt;/A&gt;&lt;/SPAN&gt; &lt;/TD&gt;
	&lt;TD class="tr1 td1"&gt;&lt;SPAN class="p15 ft2"&gt;&lt;A href="#page_4"&gt;4&lt;/A&gt;&lt;/SPAN&gt; &lt;/TD&gt;
&lt;/TR&gt;
&lt;TR&gt;
	&lt;TD class="tr1 td2"&gt;&lt;SPAN class="p13 ft2"&gt;&lt;A href="#page_4"&gt;3&lt;/A&gt;&lt;/SPAN&gt; &lt;/TD&gt;
	&lt;TD class="tr1 td3"&gt;&lt;SPAN class="p14 ft2"&gt;&lt;A href="#page_4"&gt;Återköpsprogram av aktier i Telia Company AB .............................&lt;/A&gt;&lt;/SPAN&gt; &lt;/TD&gt;
	&lt;TD class="tr1 td1"&gt;&lt;SPAN class="p15 ft2"&gt;&lt;A href="#page_4"&gt;4&lt;/A&gt;&lt;/SPAN&gt; &lt;/TD&gt;
&lt;/TR&gt;
&lt;TR&gt;
	&lt;TD colspan=2 class="tr1 td0"&gt;&lt;SPAN class="p13 ft2"&gt;&lt;A href="#page_7"&gt;Utdrag ur protokoll vid regeringssammanträde den 31 januari 2019........&lt;/A&gt;&lt;/SPAN&gt; &lt;/TD&gt;
	&lt;TD class="tr1 td1"&gt;&lt;SPAN class="p15 ft2"&gt;&lt;A href="#page_7"&gt;7&lt;/A&gt;&lt;/SPAN&gt; &lt;/TD&gt;
&lt;/TR&gt;
&lt;/TABLE&gt;
&lt;/DIV&gt;
&lt;/DIV&gt;
&lt;/DIV&gt;
&lt;DIV id="page_3"&gt;


&lt;TABLE cellpadding=0 cellspacing=0 class="t1"&gt;
&lt;TR&gt;
	&lt;TD class="tr2 td4"&gt;&lt;SPAN class="p16 ft4"&gt;1&lt;/SPAN&gt; &lt;/TD&gt;
	&lt;TD class="tr2 td5"&gt;&lt;SPAN class="p17 ft4"&gt;Förslag till riksdagsbeslut&lt;/SPAN&gt; &lt;/TD&gt;
	&lt;TD class="tr2 td6"&gt;&lt;SPAN class="p13 ft2"&gt;Prop. 2018/19:40&lt;/SPAN&gt; &lt;/TD&gt;
&lt;/TR&gt;
&lt;/TABLE&gt;
&lt;P class="p18 ft2"&gt;Regeringens förslag:&lt;/P&gt;
&lt;P class="p19 ft2"&gt;&lt;SPAN class="ft2"&gt;1.&lt;/SPAN&gt;&lt;SPAN class="ft7"&gt;Riksdagen bemyndigar regeringen att godkänna de beslut som fattas för att slutföra det återköpsprogram av aktier som beslutats av styrelsen i Telia Company AB, vilket inkluderar att Telia Company AB minskar aktiekapitalet med indragning av egna aktier som bolaget äger, och att därigenom öka statens röst- och ägarandel i Telia Company AB till högst 41,5 procent av aktierna och rösterna i bolaget, samt att därefter genom försäljning eller på annat sätt minska statens röst- och ägarandel i Telia Company AB till lägst nuvarande nivå, dvs. 37,3 procent av aktierna och rösterna i bolaget.&lt;/SPAN&gt;&lt;/P&gt;
&lt;P class="p20 ft5"&gt;&lt;SPAN class="ft2"&gt;2.&lt;/SPAN&gt;&lt;SPAN class="ft8"&gt;Riksdagen bemyndigar regeringen att vidta de åtgärder i övrigt som krävs för att genomföra transaktionerna enligt 1.&lt;/SPAN&gt;&lt;/P&gt;
&lt;P class="p21 ft5"&gt;&lt;SPAN class="ft2"&gt;3.&lt;/SPAN&gt;&lt;SPAN class="ft8"&gt;Riksdagen godkänner att regeringen avräknar de direkta försäljningskostnader som uppkommer för staten i samband med försäljning av aktier i Telia Company AB mot försäljningsintäkterna.&lt;/SPAN&gt;&lt;/P&gt;
&lt;P class="p22 ft2"&gt;3&lt;/P&gt;
&lt;/DIV&gt;
&lt;DIV id="page_4"&gt;
&lt;DIV id="p4dimg1"&gt;
&lt;INGENBILD zsrc="H603404x1.jpg/" id="p4img1"&gt;
&lt;/DIV&gt;


&lt;TABLE cellpadding=0 cellspacing=0 class="t2"&gt;
&lt;TR&gt;
	&lt;TD class="tr3 td7"&gt;&lt;SPAN class="p13 ft2"&gt;Prop. 2018/19:40 &lt;SPAN class="ft4"&gt;2&lt;/SPAN&gt;&lt;/SPAN&gt; &lt;/TD&gt;
	&lt;TD class="tr3 td8"&gt;&lt;SPAN class="p13 ft4"&gt;Ärendet och dess beredning&lt;/SPAN&gt; &lt;/TD&gt;
&lt;/TR&gt;
&lt;/TABLE&gt;
&lt;P class="p23 ft2"&gt;Styrelsen i Telia Company AB (Telia) har beslutat att genomföra ett återköpsprogram av aktier. Inom ramen för återköpsprogrammet avser styrelsen att till kommande årsstämmor lägga fram förslag om minskning av bolagets aktiekapital med indragning av de egna aktier som bolaget äger.&lt;/P&gt;
&lt;P class="p24 ft5"&gt;Styrelsens förslag innebär att statens ägarandel i Telia kan komma att förändras. En förändring av statens ägarandel i bolaget kräver riksdagens bemyndigande.&lt;/P&gt;
&lt;P class="p25 ft9"&gt;Ärendet är inte sådant att det behöver inhämtas upplysningar eller yttranden från myndigheter, kommuner, sammanslutningar eller enskilda.&lt;/P&gt;
&lt;P class="p26 ft1"&gt;&lt;SPAN class="ft4"&gt;3&lt;/SPAN&gt;&lt;SPAN class="ft10"&gt;Återköpsprogram av aktier i Telia Company AB&lt;/SPAN&gt;&lt;/P&gt;
&lt;P class="p27 ft11"&gt;Regeringens förslag:&lt;/P&gt;
&lt;P class="p25 ft2"&gt;Riksdagen bemyndigar regeringen att godkänna de beslut som avses fattas för att slutföra det återköpsprogram av aktier som beslutats av styrelsen i Telia Company AB, vilket inkluderar att Telia Company AB minskar aktiekapitalet med indragning av egna aktier som bolaget äger, och att därigenom öka statens röst- och ägarandel i Telia Company AB till högst 41,5 procent av aktierna och rösterna i bolaget, samt att därefter genom försäljning eller på annat sätt minska statens röst- och ägarandel i Telia Company AB till lägst nuvarande nivå, dvs. 37,3 procent av aktierna och rösterna i bolaget.&lt;/P&gt;
&lt;P class="p28 ft5"&gt;Riksdagen bemyndigar regeringen att vidta de åtgärder i övrigt som krävs för att genomföra de nämnda transaktionerna.&lt;/P&gt;
&lt;P class="p29 ft9"&gt;Riksdagen godkänner att regeringen avräknar de direkta försäljningskostnader som uppkommer för staten i samband med försäljning av aktier i Telia Company AB mot försäljningsintäkterna.&lt;/P&gt;
&lt;P class="p30 ft2"&gt;&lt;SPAN class="ft11"&gt;Skälen för regeringens förslag: &lt;/SPAN&gt;Staten är största aktieägare i Telia Company AB (Telia). Bolaget noterades år 2000 på Stockholmsbörsen, nuvarande Nasdaq Stockholm (prop. 1999/2000:84, bet. 1999/2000: NU18, rskr. 1999/2000:204). Efter ett initiativ från riksdagens näringsutskott år 2001 bemyndigades regeringen att utan begränsningar kunna förändra ägandet i Telia (bet. 2000/01:NU11, rskr. 2000/01:272). Vidare bemyndigade riksdagen år 2007 regeringen att utöver kontanter ta emot aktier eller andra former av tillgångar som likvid vid en försäljning av aktier i Telia och att avyttra dessa tillgångar samt godkände att de kostnader som uppkommer för staten i samband med försäljning av aktier i Telia får avräknas mot försäljningsintäkterna (prop. 2006/07:54, bet. 2006/07:NU16, rskr. 2006/07:217). Genom försäljning av aktier år 2008 minskade statens ägarandel i Telia till 37,3 procent av aktierna och rösterna i bolaget. Statens ägarandel i Telia har sedan dess varit oför-&lt;/P&gt;
&lt;P class="p31 ft2"&gt;4&lt;SPAN style="padding-left:107px;"&gt;ändrad.&lt;/SPAN&gt;&lt;/P&gt;
&lt;/DIV&gt;
&lt;DIV id="page_5"&gt;


&lt;DIV&gt;
&lt;DIV id="id_1"&gt;
&lt;P class="p32 ft5"&gt;Riksdagen beslutade år 2011 att återkalla de tidigare bemyndiganden som riksdagen lämnat till regeringen avseende ägandet i Telia (bet. 2010/11:NU7, rskr. 2010/11:190).&lt;/P&gt;
&lt;P class="p33 ft12"&gt;Av 19 kap. &lt;NOBR&gt;13–15&lt;/NOBR&gt; §§ aktiebolagslagen (2005:551) följer att ett publikt aktiebolag får förvärva egna aktier i den mån bolagets innehav av egna aktier efter förvärvet uppgår till högst tio procent av det totala antalet aktier i bolaget. Det är bolagsstämman som enligt 19 kap. 17 § aktiebolagslagen fattar beslut om förvärv av egna aktier eller bemyndigar styrelsen att fatta ett sådant beslut. Vid årsstämmorna i Telia under &lt;NOBR&gt;2009–2018&lt;/NOBR&gt; har styrelsen genom sådana beslut bemyndigats att återköpa egna aktier motsvarande högst tio procent av det totala antalet aktier i bolaget. Återköp av egna aktier påverkar inte ägarnas röst- eller ägarandel i bolaget.&lt;/P&gt;
&lt;P class="p34 ft2"&gt;Styrelsen i Telia har genom ett pressmeddelande den 18 april 2018 offentliggjort att styrelsen har beslutat att genomföra ett återköpsprogram av aktier. Återköpsprogrammet innebär att bolaget kommer att återköpa aktier i enlighet med årsstämmans bemyndigande. Av pressmeddelandet framgår även att styrelsen inom ramen för återköpsprogrammet kommer att föreslå ytterligare återköp under åren 2019 och 2020 samt att inför årsstämmorna &lt;NOBR&gt;2019–2021&lt;/NOBR&gt; föreslå minskningar av aktiekapitalet i Telia med indragning av de egna aktier som bolaget förvärvat genom återköpen. Styrelsen i Telia har angett i pressmeddelandet att åtgärderna syftar till att återföra överskottskapital till aktieägarna och att fortsätta optimera bolagets kapitalstruktur.&lt;/P&gt;
&lt;P class="p35 ft2"&gt;Ett beslut om att minska aktiekapitalet i Telia med indragning av egna aktier i enlighet med styrelsens förslag skulle innebära att det totala antalet aktier i bolaget minskar, vilket i sin tur skulle innebära att statens ägarandel i bolaget ökar, trots att det antal aktier i bolaget som staten äger förblir oförändrat.&lt;/P&gt;
&lt;P class="p36 ft5"&gt;Beräknat på en indragning av det högsta antal aktier i Telia som styrelsens återköpsmandat rymmer (högst tio procent av det totala antalet aktier i bolaget) skulle statens ägarandel i bolaget teoretiskt kunna öka till drygt 41,4 procent av aktierna och rösterna i bolaget.&lt;/P&gt;
&lt;P class="p32 ft2"&gt;Styrelsens avsikter har tagits emot väl av aktiemarknaden och regeringen ser ingen anledning att göra någon annan bedömning än marknaden av åtgärdernas lämplighet. I syfte att möjliggöra för regeringen att på kommande bolagsstämmor godkänna att Telia minskar aktiekapitalet med indragning av egna aktier föreslår regeringen att den bemyndigas att på detta sätt öka statens röst- och ägarandel i Telia till högst 41,5 procent av aktierna och rösterna i bolaget.&lt;/P&gt;
&lt;P class="p36 ft2"&gt;Statens ägande i Telia utgör en viktig strategisk tillgång, samtidigt som aktierna representerar ett betydande värde. Det nu aktuella förslaget skulle ge staten en större röst- och ägarandel än i dag, vilket skulle möjliggöra för staten att senare avyttra en mindre andel av sitt innehav i Telia utan att minska statens inflytande i bolaget under den nuvarande nivån på 37,3 procent av aktierna och rösterna i bolaget. Sådana försäljningar skulle kunna ge betydande intäkter till staten även med ett bibehållet inflytande i bolaget. Mot bakgrund av detta föreslår regeringen att den bemyndigas att genom försäljning eller på annat sätt minska statens röst- och ägarandel i Telia till lägst nuvarande nivå, dvs. 37,3 procent av aktierna och rösterna i bolaget.&lt;/P&gt;
&lt;/DIV&gt;
&lt;DIV id="id_2"&gt;
&lt;P class="p37 ft2"&gt;Prop. 2018/19:40&lt;/P&gt;
&lt;P class="p38 ft2"&gt;5&lt;/P&gt;
&lt;/DIV&gt;
&lt;/DIV&gt;
&lt;/DIV&gt;
&lt;DIV id="page_6"&gt;


&lt;P class="p39 ft2"&gt;Prop. 2018/19:40 Varje försäljning av statens aktier måste anpassas till bolagets förutsättningar och till det rådande marknadsläget, så att en försäljning kan ge bästa möjliga affärsmässiga utfall. Regeringen kan därför inte på förhand ange hur många, i vilken ordning, på vilket sätt eller vid vilken tidpunkt aktier i Telia kan komma att avyttras.&lt;/P&gt;
&lt;P class="p29 ft2"&gt;I samband med en avyttring av aktier uppkommer vissa kostnader för staten, bl.a. kostnader för extern rådgivning och andra omkostnader som har samband med försäljningen. Regeringen föreslår att dessa kostnader får finansieras genom att de avräknas från den likvid som erhålls vid försäljningen.&lt;/P&gt;
&lt;P class="p40 ft9"&gt;Slutligen föreslår regeringen att regeringen bemyndigas att vidta de åtgärder i övrigt som krävs för att genomföra de ovan nämnda transaktionerna.&lt;/P&gt;
&lt;P class="p41 ft2"&gt;6&lt;/P&gt;
&lt;/DIV&gt;
&lt;DIV id="page_7"&gt;
&lt;DIV id="p7dimg1"&gt;
&lt;INGENBILD zsrc="H603407x1.jpg/" id="p7img1"&gt;
&lt;/DIV&gt;


&lt;DIV class="dclr"&gt;&lt;/DIV&gt;
&lt;DIV&gt;
&lt;DIV id="id_1"&gt;
&lt;P class="p11 ft4"&gt;Näringsdepartementet&lt;/P&gt;
&lt;P class="p42 ft2"&gt;Utdrag ur protokoll vid regeringssammanträde den 31 januari 2019&lt;/P&gt;
&lt;P class="p43 ft5"&gt;Närvarande: statsminister Löfven, ordförande, och statsråden Lövin, Wallström, Y Johansson, M Johansson, Baylan, Hallengren, Andersson, Bolund, Damberg, Strandhäll, Shekarabi, Ygeman, Eriksson, Linde, Ekström, Eneroth, Dahlgren, Nilsson, Ernkrans, Lindhagen, Lind&lt;/P&gt;
&lt;P class="p44 ft2"&gt;Föredragande: statsrådet Baylan&lt;/P&gt;
&lt;P class="p45 ft9"&gt;Regeringen beslutar proposition 2018/19:40 Återköpsprogram av aktier i Telia Company AB&lt;/P&gt;
&lt;/DIV&gt;
&lt;DIV id="id_2"&gt;
&lt;P class="p11 ft2"&gt;Prop. 2018/19:40&lt;/P&gt;
&lt;P class="p38 ft2"&gt;7&lt;/P&gt;
&lt;/DIV&gt;
&lt;/DIV&gt;
&lt;/DIV&gt;

&lt;/div&gt;&lt;style&gt;


TD,TD.p2h {
zzzfont-size:90%;
zzzmargin-right:2px;
zzzoverflow:visable;
zzzword-wrap: break-word;
}

P {
zdisplay:block;
}

.divbreak {
clear:both;
display:block;
zwidth: 100%;
zheight: 1px;
zword-wrap: break-word;
}


.xecp {
  display:block;
  margin: 0px !important;
  padding: 0px !important;
  
}

.ec {
  border-style:solid;
  border-width:1px;
  display:block;
  margin: 0px !important;
  padding: 0px !important;
}

.TOPS {
  overflow:visable;
  margin:2px;
  width:690px !important;
}

&lt;/style&gt;
</html>
  </dokument>
<dokforslag>
<forslag>
<nummer datatype="int32">1</nummer>
<beteckning datatype="string">1</beteckning>
<lydelse datatype="string">Riksdagen bemyndigar regeringen att godkänna de beslut som fattas för att slutföra det återköpsprogram av aktier som beslutats av styrelsen i Telia Company AB, vilket inkluderar att Telia Company AB minskar aktiekapitalet med indragning av egna aktier som bolaget äger, och att därigenom öka statens röst- och ägarandel i Telia Company AB till högst 41,5 procent av aktierna och rösterna i bolaget, samt att därefter genom försäljning eller på annat sätt minska statens röst- och ägarandel i Telia Company AB till lägst nuvarande nivå, dvs. 37,3 procent av aktierna och rösterna i bolaget.</lydelse>
<lydelse2 datatype="string" />
<utskottet datatype="string">Bifall</utskottet>
<kammaren datatype="string">Bifall</kammaren>
<behandlas_i datatype="string">2018/19:NU9</behandlas_i>
<behandlas_i_punkt datatype="string" />
<kammarbeslutstyp datatype="string" />
<intressent datatype="string">NU</intressent>
<avsnitt datatype="string" />
<grundforfattning datatype="string" />
<andringsforfattning datatype="string" />
</forslag>
<forslag>
<nummer datatype="int32">2</nummer>
<beteckning datatype="string">2</beteckning>
<lydelse datatype="string">Riksdagen bemyndigar regeringen att vidta de åtgärder i övrigt som krävs för att genomföra transaktionerna enligt 1.</lydelse>
<lydelse2 datatype="string" />
<utskottet datatype="string">Bifall</utskottet>
<kammaren datatype="string">Bifall</kammaren>
<behandlas_i datatype="string">2018/19:NU9</behandlas_i>
<behandlas_i_punkt datatype="string" />
<kammarbeslutstyp datatype="string" />
<intressent datatype="string">NU</intressent>
<avsnitt datatype="string" />
<grundforfattning datatype="string" />
<andringsforfattning datatype="string" />
</forslag>
<forslag>
<nummer datatype="int32">3</nummer>
<beteckning datatype="string">3</beteckning>
<lydelse datatype="string">Riksdagen godkänner att regeringen avräknar de direkta försäljningskostnader som uppkommer för staten i samband med försäljning av aktier i Telia Company AB mot försäljningsintäkterna.</lydelse>
<lydelse2 datatype="string" />
<utskottet datatype="string">Bifall</utskottet>
<kammaren datatype="string">Bifall</kammaren>
<behandlas_i datatype="string">2018/19:NU9</behandlas_i>
<behandlas_i_punkt datatype="string" />
<kammarbeslutstyp datatype="string" />
<intressent datatype="string">NU</intressent>
<avsnitt datatype="string" />
<grundforfattning datatype="string" />
<andringsforfattning datatype="string" />
</forslag>
</dokforslag>
<dokaktivitet>
<aktivitet>
<kod datatype="string">INL</kod>
<namn datatype="string">Inlämnad</namn>
<datum datatype="datetime">2019-02-05 00:00:00</datum>
<status datatype="string">inträffat</status>
<ordning datatype="int32">0</ordning>
<process datatype="string">behandling</process>
</aktivitet>
<aktivitet>
<kod datatype="string">B</kod>
<namn datatype="string">Bordlagd</namn>
<datum datatype="datetime">2019-02-06 00:00:00</datum>
<status datatype="string">inträffat</status>
<ordning datatype="int32">0</ordning>
<process datatype="string">behandling</process>
</aktivitet>
<aktivitet>
<kod datatype="string">HÄN</kod>
<namn datatype="string">Hänvisad</namn>
<datum datatype="datetime">2019-02-07 00:00:00</datum>
<status datatype="string">inträffat</status>
<ordning datatype="int32">0</ordning>
<process datatype="string">behandling</process>
</aktivitet>
<aktivitet>
<kod datatype="string">MOT</kod>
<namn datatype="string">Motionstid slutar</namn>
<datum datatype="datetime">2019-02-21 00:00:00</datum>
<status datatype="string">inträffat</status>
<ordning datatype="int32">0</ordning>
<process datatype="string">behandling</process>
</aktivitet>
</dokaktivitet>
<dokintressent>
<intressent>
<intressent_id datatype="string">0218878014918</intressent_id>
<namn datatype="string">Stefan Löfven</namn>
<partibet datatype="string">S</partibet>
<ordning datatype="int16">1</ordning>
<roll datatype="string">Statsråd1</roll>
</intressent>
<intressent>
<intressent_id datatype="string">0973474532717</intressent_id>
<namn datatype="string">Ibrahim Baylan</namn>
<partibet datatype="string">S</partibet>
<ordning datatype="int16">2</ordning>
<roll datatype="string">Statsråd2</roll>
</intressent>
</dokintressent>
<dokuppgift>
<uppgift>
<kod datatype="string">inlamnatav</kod>
<namn datatype="string">Inlämnat av</namn>
<text datatype="string">Näringsdepartementet</text>
<dok_id datatype="string">H60340</dok_id>
<systemdatum datatype="datetime">2019-08-21 13:50:15</systemdatum>
</uppgift>
<uppgift>
<kod datatype="string">tilldelat</kod>
<namn datatype="string">Tilldelat</namn>
<text datatype="string">Näringsutskottet</text>
<dok_id datatype="string">H60340</dok_id>
<systemdatum datatype="datetime">2019-08-21 13:50:15</systemdatum>
</uppgift>
<uppgift>
<kod datatype="string">statustext</kod>
<namn datatype="string">statustext</namn>
<text datatype="string">Ärendet är avslutat</text>
<dok_id datatype="string">H60340</dok_id>
<systemdatum datatype="datetime">2019-04-03 17:22:33</systemdatum>
</uppgift>
</dokuppgift>
<dokbilaga>
<bilaga>
<dok_id datatype="string">H60340</dok_id>
<titel datatype="string">Återköpsprogram av aktier i Telia Company AB</titel>
<subtitel datatype="string" />
<filnamn datatype="string">prop_201819__40.pdf</filnamn>
<filstorlek datatype="int32">233894</filstorlek>
<filtyp datatype="string">pdf</filtyp>
<fil_url datatype="string">http://data.riksdagen.se/fil/149FCB65-12BE-4CBE-BB2B-124FFADA9B1C</fil_url>
</bilaga>
</dokbilaga>
<dokreferens>
<referens>
<referenstyp datatype="string">behandlas_i</referenstyp>
<uppgift datatype="string">2018/19:NU9</uppgift>
<ref_dok_id datatype="string">H601NU9</ref_dok_id>
<ref_dok_typ datatype="string">bet</ref_dok_typ>
<ref_dok_rm datatype="string">2018/19</ref_dok_rm>
<ref_dok_bet datatype="string">NU9</ref_dok_bet>
<ref_dok_titel datatype="string">Återköpsprogram av aktier i Telia Company AB</ref_dok_titel>
<ref_dok_subtitel datatype="string" />
<ref_dok_subtyp datatype="string">bet</ref_dok_subtyp>
<ref_dok_dokumentnamn datatype="string">Betänkande</ref_dok_dokumentnamn>
</referens>
<referens>
<referenstyp datatype="string">följdmotion</referenstyp>
<uppgift datatype="string">av Camilla Brodin m.fl. (KD)&lt;br /&gt;med anledning av prop. 2018/19:40 Återköpsprogram av aktier i Telia Company AB</uppgift>
<ref_dok_id datatype="string">H6023029</ref_dok_id>
<ref_dok_typ datatype="string">mot</ref_dok_typ>
<ref_dok_rm datatype="string">2018/19</ref_dok_rm>
<ref_dok_bet datatype="string">3029</ref_dok_bet>
<ref_dok_titel datatype="string">med anledning av prop. 2018/19:40 Återköpsprogram av aktier i Telia Company AB</ref_dok_titel>
<ref_dok_subtitel datatype="string">av Camilla Brodin m.fl. (KD)</ref_dok_subtitel>
<ref_dok_subtyp datatype="string">mot</ref_dok_subtyp>
<ref_dok_dokumentnamn datatype="string">Motion</ref_dok_dokumentnamn>
</referens>
<referens>
<referenstyp datatype="string">följdmotion</referenstyp>
<uppgift datatype="string">av Christer Nylander och Arman Teimouri (båda L)&lt;br /&gt;med anledning av prop. 2018/19:40 Återköpsprogram av aktier i Telia Company AB</uppgift>
<ref_dok_id datatype="string">H6023028</ref_dok_id>
<ref_dok_typ datatype="string">mot</ref_dok_typ>
<ref_dok_rm datatype="string">2018/19</ref_dok_rm>
<ref_dok_bet datatype="string">3028</ref_dok_bet>
<ref_dok_titel datatype="string">med anledning av prop. 2018/19:40 Återköpsprogram av aktier i Telia Company AB</ref_dok_titel>
<ref_dok_subtitel datatype="string">av Christer Nylander och Arman Teimouri (båda L)</ref_dok_subtitel>
<ref_dok_subtyp datatype="string">mot</ref_dok_subtyp>
<ref_dok_dokumentnamn datatype="string">Motion</ref_dok_dokumentnamn>
</referens>
<referens>
<referenstyp datatype="string">följdmotion</referenstyp>
<uppgift datatype="string">av Lars Hjälmered m.fl. (M)&lt;br /&gt;med anledning av prop. 2018/19:40 Återköpsprogram av aktier i Telia Company AB</uppgift>
<ref_dok_id datatype="string">H6023027</ref_dok_id>
<ref_dok_typ datatype="string">mot</ref_dok_typ>
<ref_dok_rm datatype="string">2018/19</ref_dok_rm>
<ref_dok_bet datatype="string">3027</ref_dok_bet>
<ref_dok_titel datatype="string">med anledning av prop. 2018/19:40 Återköpsprogram av aktier i Telia Company AB</ref_dok_titel>
<ref_dok_subtitel datatype="string">av Lars Hjälmered m.fl. (M)</ref_dok_subtitel>
<ref_dok_subtyp datatype="string">mot</ref_dok_subtyp>
<ref_dok_dokumentnamn datatype="string">Motion</ref_dok_dokumentnamn>
</referens>
<referens>
<referenstyp datatype="string">följdmotion</referenstyp>
<uppgift datatype="string">av Helena Lindahl m.fl. (C)&lt;br /&gt;med anledning av prop. 2018/19:40 Återköpsprogram av aktier i Telia Company AB</uppgift>
<ref_dok_id datatype="string">H6023026</ref_dok_id>
<ref_dok_typ datatype="string">mot</ref_dok_typ>
<ref_dok_rm datatype="string">2018/19</ref_dok_rm>
<ref_dok_bet datatype="string">3026</ref_dok_bet>
<ref_dok_titel datatype="string">med anledning av prop. 2018/19:40 Återköpsprogram av aktier i Telia Company AB</ref_dok_titel>
<ref_dok_subtitel datatype="string">av Helena Lindahl m.fl. (C)</ref_dok_subtitel>
<ref_dok_subtyp datatype="string">mot</ref_dok_subtyp>
<ref_dok_dokumentnamn datatype="string">Motion</ref_dok_dokumentnamn>
</referens>
</dokreferens>
<debatt /></dokumentstatus>