<dokumentstatus>
  <dokument>
    <hangar_id datatype="int32">5014887</hangar_id>
    <dok_id datatype="string">H60370</dok_id>
    <rm datatype="string">2018/19</rm>
    <beteckning datatype="string">70</beteckning>
    <typ datatype="string">prop</typ>
    <subtyp datatype="string">skr</subtyp>
    <doktyp datatype="string">prop</doktyp>
    <typrubrik datatype="string">Skrivelse 2018/19:70</typrubrik>
    <dokumentnamn datatype="string">Skrivelse</dokumentnamn>
    <debattnamn datatype="string">Proposition</debattnamn>
    <tempbeteckning datatype="string"></tempbeteckning>
    <organ datatype="string">Försvarsdepartementet</organ>
    <mottagare datatype="string">FöU</mottagare>
    <nummer datatype="int32">70</nummer>
    <slutnummer datatype="int32">0</slutnummer>
    <datum datatype="datetime">2018-12-12 00:00:00</datum>
    <systemdatum datatype="datetime">2019-03-13 16:39:40</systemdatum>
    <publicerad datatype="datetime">2018-12-12 00:00:00</publicerad>
    <titel datatype="string">Integritetsskydd vid signalspaning i försvarsunderrättelseverksamhet</titel>
    <subtitel datatype="string"></subtitel>
    <status datatype="string">Hänvisad</status>
    <htmlformat datatype="string">html-ec</htmlformat>
    <relaterat_id datatype="string"></relaterat_id>
    <source datatype="string">prop-RIM</source>
    <sourceid datatype="string">343286e5-9290-4780-be06-16439dda8b23</sourceid>
    <dokument_url_text datatype="stext">http://data.riksdagen.se/dokument/H60370/text</dokument_url_text>
    <dokument_url_html datatype="stext">http://data.riksdagen.se/dokument/H60370</dokument_url_html>
    <dokumentstatus_url_xml datatype="stext">http://data.riksdagen.se/dokumentstatus/H60370</dokumentstatus_url_xml>
    <html datatype="text">&lt;div style="margin:3px;"&gt;
&lt;STYLE type="text/css"&gt;

body {margin-top: 0px;margin-left: 0px;}

#page_1 {position:relative; overflow: hidden;z:b;margin:10px 0px 21px 10px ;padding: 0px;border: none;width: 766px;}

#page_1 #p1dimg1 {position:absolute;top:0px;left:546px;z-index:-1;width:54px;height:97px;}
#page_1 #p1dimg1 #p1img1 {width:54px;height:97px;}




#page_2 {position:relative; overflow: hidden;z:b;margin:16px 0px 21px 10px ;padding: 0px;border: none;width: 676px;}
#page_2 #id_1 {float:left;border:none;z:b;margin:0px 0px 0px 10px ;padding: 0px;border:none;width: 90px;overflow: hidden;}
#page_2 #id_2 {float:left;border:none;z:b;margin:1px 0px 0px 10px ;padding: 0px;border:none;width: 541px;overflow: hidden;}





#page_3 {position:relative; overflow: hidden;z:b;margin:15px 0px 21px 10px ;padding: 0px;border: none;width: 766px;}





#page_4 {position:relative; overflow: hidden;z:b;margin:15px 0px 21px 10px ;padding: 0px;border: none;width: 676px;}





#page_5 {position:relative; overflow: hidden;z:b;margin:15px 0px 21px 10px ;padding: 0px;border: none;width: 766px;}





#page_6 {position:relative; overflow: hidden;z:b;margin:16px 0px 21px 10px ;padding: 0px;border: none;width: 676px;}

#page_6 #p6dimg1 {position:absolute;top:223px;left:105px;z-index:-1;width:112px;height:1px;font-size: 1px !important;l-h:nHeight;}
#page_6 #p6dimg1 #p6img1 {width:112px;height:1px;}




.dclr {clear:both;float:none;height:1px;margin:0px;padding:0px;overflow:hidden;}

.ft0{font:  18px 'Verdana' !important;l-h: 29px;}
.ft1{font:  14px 'Verdana' !important;l-h: 22px;}
.ft2{font:  12px 'Verdana' !important;l-h: 15px;}
.ft3{font: italic  12px 'Verdana' !important;l-h: 15px;}
.ft4{font:  10px 'Verdana' !important;l-h: 1px;}
.ft5{font:  10px 'Verdana' !important;l-h: 8px;}
.ft6{font:  14px 'Verdana' !important;margin-left: 51px;l-h: 22px;}
.ft7{font:  10px 'Verdana' !important;l-h: 7px;}
.ft8{font:  14px 'Verdana' !important;l-h: 19px;}
.ft9{font:  14px 'Verdana' !important;margin-left: 39px;l-h: 19px;}
.ft10{font:  14px 'Verdana' !important;l-h: 19px;}
.ft11{font: bold  14px 'Verdana' !important;l-h: 17px;}
.ft12{font:  12px 'Verdana' !important;l-h: 15px;}
.ft13{font:  10px 'Verdana' !important;l-h: 4px;}

.p0{text-align: left;padding-left: 0px;padding-right: 441px;margin-top: 26px;margin-bottom: 0px !important;}
.p1{text-align: left;padding-left: 0px;margin-top: 0px;margin-bottom: 0px !important;white-space: nowrap;}
.p2{text-align: left;padding-left: 0px;margin-top: 0px;margin-bottom: 0px !important;white-space: nowrap;}
.p3{text-align: left;padding-left: 0px;margin-top: 20px;margin-bottom: 0px !important;}
.p4{text-align: left;padding-left: 0px;margin-top: 16px;margin-bottom: 0px !important;}
.p5{text-align: left;padding-left: 0px;margin-top: 31px;margin-bottom: 0px !important;}
.p6{text-align: left;padding-left: 180px;padding-right: 378px;margin-top: 20px;margin-bottom: 0px !important;}
.p7{text-align: left;padding-left: 0px;margin-top: 52px;margin-bottom: 0px !important;}
.p8{text-align: left;padding-left: 0px;padding-right: 168px;margin-top: 28px;margin-bottom: 0px !important;}
.p9{text-align: right;padding-right: 42px;margin-top: 306px;margin-bottom: 0px !important;}
.p10{text-align: left;margin-top: 0px;margin-bottom: 0px !important;}
.p11{text-align: left;margin-top: 753px;margin-bottom: 0px !important;}
.p12{text-align: left;margin-top: 0px;margin-bottom: 0px !important;white-space: nowrap;}
.p13{text-align: right;margin-top: 0px;margin-bottom: 0px !important;white-space: nowrap;}
.p14{text-align: right;padding-right: 189px;margin-top: 0px;margin-bottom: 0px !important;white-space: nowrap;}
.p15{text-align: right;padding-right: 21px;margin-top: 0px;margin-bottom: 0px !important;white-space: nowrap;}
.p16{text-align: left;padding-left: 0px;margin-top: 0px;margin-bottom: 0px !important;white-space: nowrap;}
.p17{text-align: left;padding-left: 0px;padding-right: 168px;margin-top: 16px;margin-bottom: 0px !important;}
.p18{text-align: left;padding-left: 0px;padding-right: 168px;margin-top: 3px;margin-bottom: 0px !important;text-indent: 11px;}
.p19{text-align: left;padding-left: 0px;margin-top: 49px;margin-bottom: 0px !important;}
.p20{text-align: left;padding-left: 0px;margin-top: 1px;margin-bottom: 0px !important;}
.p21{text-align: left;padding-left: 0px;padding-right: 168px;margin-top: 1px;margin-bottom: 0px !important;text-indent: 11px;}
.p22{text-align: left;padding-left: 0px;padding-right: 168px;margin-top: 2px;margin-bottom: 0px !important;text-indent: 11px;}
.p23{text-align: left;padding-left: 0px;padding-right: 168px;margin-top: 1px;margin-bottom: 0px !important;text-indent: 10px;}
.p24{text-align: right;padding-right: 42px;margin-top: 191px;margin-bottom: 0px !important;}
.p25{text-align: left;padding-left: 0px;margin-top: 0px;margin-bottom: 0px !important;white-space: nowrap;}
.p26{text-align: left;padding-left: 140px;margin-top: 1px;margin-bottom: 0px !important;}
.p27{text-align: left;padding-left: 0px;margin-top: 17px;margin-bottom: 0px !important;}
.p28{text-align: left;padding-left: 0px;padding-right: 63px;margin-top: 11px;margin-bottom: 0px !important;}
.p29{text-align: left;padding-left: 0px;padding-right: 63px;margin-top: 2px;margin-bottom: 0px !important;text-indent: 11px;}
.p30{text-align: left;padding-left: 0px;padding-right: 63px;margin-top: 1px;margin-bottom: 0px !important;text-indent: 11px;}
.p31{text-align: left;padding-left: 0px;margin-top: 29px;margin-bottom: 0px !important;}
.p32{text-align: left;padding-left: 0px;margin-top: 0px;margin-bottom: 0px !important;white-space: nowrap;}
.p33{text-align: left;padding-left: 0px;margin-top: 0px;margin-bottom: 0px !important;white-space: nowrap;}
.p34{text-align: right;padding-right: 42px;margin-top: 0px;margin-bottom: 0px !important;white-space: nowrap;}
.p35{text-align: right;padding-right: 0px;margin-top: 0px;margin-bottom: 0px !important;white-space: nowrap;}
.p36{text-align: left;padding-left: 0px;margin-top: 0px;margin-bottom: 0px !important;white-space: nowrap;}
.p37{text-align: left;padding-left: 0px;padding-right: 168px;margin-top: 11px;margin-bottom: 0px !important;}
.p38{text-align: left;padding-left: 0px;margin-top: 29px;margin-bottom: 0px !important;}
.p39{text-align: left;padding-left: 0px;padding-right: 168px;margin-top: 9px;margin-bottom: 0px !important;}
.p40{text-align: left;padding-left: 0px;padding-right: 357px;margin-top: 52px;margin-bottom: 0px !important;text-indent: 0.61px;}
.p41{text-align: left;padding-left: 0px;padding-right: 168px;margin-top: 18px;margin-bottom: 0px !important;}
.p42{text-align: left;padding-left: 0px;padding-right: 168px;margin-top: 0px;margin-bottom: 0px !important;text-indent: 11px;}
.p43{text-align: left;padding-left: 0px;padding-right: 147px;margin-top: 2px;margin-bottom: 0px !important;text-indent: 11px;}
.p44{text-align: right;padding-right: 42px;margin-top: 4px;margin-bottom: 0px !important;}
.p45{text-align: left;padding-left: 0px;margin-top: 21px;margin-bottom: 0px !important;}
.p46{text-align: left;padding-left: 0px;margin-top: 13px;margin-bottom: 0px !important;}
.p47{text-align: left;padding-left: 0px;padding-right: 63px;margin-top: 16px;margin-bottom: 0px !important;}
.p48{text-align: left;padding-left: 0px;padding-right: 105px;margin-top: 76px;margin-bottom: 0px !important;}
.p49{text-align: left;margin-top: 468px;margin-bottom: 0px !important;}

.td0{padding: 0px;margin: 0px;width: 359px;vertical-align: bottom;}
.td1{padding: 0px;margin: 0px;width: 168px;vertical-align: bottom;}
.td2{border-bottom: #000000 1px solid;padding: 0px;margin: 0px;width: 359px;vertical-align: bottom;}
.td3{border-bottom: #000000 1px solid;padding: 0px;margin: 0px;width: 168px;vertical-align: bottom;}
.td4{padding: 0px;margin: 0px;width: 6px;vertical-align: bottom;}
.td5{padding: 0px;margin: 0px;width: 397px;vertical-align: bottom;}
.td6{padding: 0px;margin: 0px;width: 7px;vertical-align: bottom;}
.td7{padding: 0px;margin: 0px;width: 38px;vertical-align: bottom;}
.td8{padding: 0px;margin: 0px;width: 404px;vertical-align: bottom;}
.td9{padding: 0px;margin: 0px;width: 36px;vertical-align: bottom;}
.td10{padding: 0px;margin: 0px;width: 389px;vertical-align: bottom;}
.td11{padding: 0px;margin: 0px;width: 90px;vertical-align: bottom;}
.td12{padding: 0px;margin: 0px;width: 105px;vertical-align: bottom;}
.td13{padding: 0px;margin: 0px;width: 51px;vertical-align: bottom;}
.td14{padding: 0px;margin: 0px;width: 123px;vertical-align: bottom;}
.td15{padding: 0px;margin: 0px;width: 63px;vertical-align: bottom;}
.td16{padding: 0px;margin: 0px;width: 469px;vertical-align: bottom;}
.td17{padding: 0px;margin: 0px;width: 43px;vertical-align: bottom;}
.td18{padding: 0px;margin: 0px;width: 383px;vertical-align: bottom;}

.tr0{heightzzz: 27px;}
.tr1{heightzzz: 24px;}
.tr2{heightzzz: 17px;}
.tr3{heightzzz: 21px;}
.tr4{heightzzz: 22px;}
.tr5{heightzzz: 16px;}
.tr6{heightzzz: 15px;}
.tr7{heightzzz: 26px;}
.tr8{heightzzz: 18px;}
.tr9{heightzzz: 8px;}
.tr10{heightzzz: 25px;}
.tr11{heightzzz: 7px;}
.tr12{heightzzz: 19px;}
.tr13{heightzzz: 4px;}
.tr14{heightzzz: 23px;}
.tr15{heightzzz: 20px;}

.t0{width: 552px;margin-leftZ: 69px;margin-top: 11px;f:20px 'Verdana' !important;}
.t1{width: 431px;margin-top: 18px;f:13px 'Verdana' !important;}
.t2{width: 541px;margin-leftZ: 68px;f:20px 'Verdana' !important;}
.t3{width: 293px;f:20px 'Verdana' !important;}
.t4{width: 557px;margin-top: 6px;f:13px 'Verdana' !important;}
.t5{width: 541px;margin-leftZ: 68px;f:17px 'Verdana' !important;}

&lt;/STYLE&gt;



&lt;DIV id="page_1"&gt;
&lt;DIV id="p1dimg1"&gt;
&lt;INGENBILD zsrc="H603701x1.jpg/" id="p1img1"&gt;
&lt;/DIV&gt;


&lt;DIV class="dclr"&gt;&lt;/DIV&gt;
&lt;P class="p0 ft0"&gt;Regeringens skrivelse 2018/19:70&lt;/P&gt;
&lt;TABLE cellpadding=0 cellspacing=0 class="t0"&gt;
&lt;TR&gt;
	&lt;TD class="tr0 td0"&gt;&lt;SPAN class="p1 ft1"&gt;Integritetsskydd vid signalspaning i&lt;/SPAN&gt; &lt;/TD&gt;
	&lt;TD class="tr0 td1"&gt;&lt;SPAN class="p2 ft1"&gt;Skr.&lt;/SPAN&gt; &lt;/TD&gt;
&lt;/TR&gt;
&lt;TR&gt;
	&lt;TD class="tr1 td2"&gt;&lt;SPAN class="p1 ft1"&gt;försvarsunderrättelseverksamhet&lt;/SPAN&gt; &lt;/TD&gt;
	&lt;TD class="tr1 td3"&gt;&lt;SPAN class="p2 ft1"&gt;2018/19:70&lt;/SPAN&gt; &lt;/TD&gt;
&lt;/TR&gt;
&lt;/TABLE&gt;
&lt;P class="p3 ft2"&gt;Regeringen överlämnar denna skrivelse till riksdagen.&lt;/P&gt;
&lt;P class="p4 ft2"&gt;Stockholm den 6 december 2018&lt;/P&gt;
&lt;P class="p5 ft3"&gt;Stefan Löfven&lt;/P&gt;
&lt;P class="p6 ft3"&gt;Peter Hultqvist &lt;SPAN class="ft2"&gt;(Försvarsdepartementet)&lt;/SPAN&gt;&lt;/P&gt;
&lt;P class="p7 ft1"&gt;Skrivelsens huvudsakliga innehåll&lt;/P&gt;
&lt;P class="p8 ft2"&gt;I denna skrivelse redogör regeringen för resultatet av den uppföljning och granskning av signalspaning i försvarsunderrättelseverksamhet som genomförts 2017. Skrivelsen är den årliga rapport som riksdagen begärt i samband med riksdagsbehandlingen av lagen (2008:717) om signalspaning i försvarsunderrättelseverksamhet.&lt;/P&gt;
&lt;P class="p9 ft2"&gt;1&lt;/P&gt;
&lt;/DIV&gt;
&lt;DIV id="page_2"&gt;


&lt;DIV&gt;
&lt;DIV id="id_1"&gt;
&lt;P class="p10 ft2"&gt;Skr. 2018/19:70&lt;/P&gt;
&lt;P class="p11 ft2"&gt;2&lt;/P&gt;
&lt;/DIV&gt;
&lt;DIV id="id_2"&gt;
&lt;P class="p10 ft1"&gt;Innehållsförteckning&lt;/P&gt;
&lt;TABLE cellpadding=0 cellspacing=0 class="t1"&gt;
&lt;TR&gt;
	&lt;TD class="tr2 td4"&gt;&lt;SPAN class="p12 ft2"&gt;&lt;A href="#page_3"&gt;1&lt;/A&gt;&lt;/SPAN&gt; &lt;/TD&gt;
	&lt;TD colspan=2 class="tr2 td5"&gt;&lt;SPAN class="p13 ft2"&gt;&lt;A href="#page_3"&gt;Ärendet och dess beredning ..............................................................&lt;/A&gt;&lt;/SPAN&gt; &lt;/TD&gt;
	&lt;TD class="tr2 td6"&gt;&lt;SPAN class="p13 ft2"&gt;&lt;A href="#page_3"&gt;3&lt;/A&gt;&lt;/SPAN&gt; &lt;/TD&gt;
&lt;/TR&gt;
&lt;TR&gt;
	&lt;TD class="tr3 td4"&gt;&lt;SPAN class="p12 ft2"&gt;&lt;A href="#page_3"&gt;2&lt;/A&gt;&lt;/SPAN&gt; &lt;/TD&gt;
	&lt;TD colspan=2 class="tr3 td5"&gt;&lt;SPAN class="p13 ft2"&gt;&lt;A href="#page_3"&gt;Signalspaning i försvarsunderrättelseverksamhet .............................&lt;/A&gt;&lt;/SPAN&gt; &lt;/TD&gt;
	&lt;TD class="tr3 td6"&gt;&lt;SPAN class="p13 ft2"&gt;&lt;A href="#page_3"&gt;3&lt;/A&gt;&lt;/SPAN&gt; &lt;/TD&gt;
&lt;/TR&gt;
&lt;TR&gt;
	&lt;TD class="tr4 td4"&gt;&lt;SPAN class="p12 ft2"&gt;&lt;A href="#page_4"&gt;3&lt;/A&gt;&lt;/SPAN&gt; &lt;/TD&gt;
	&lt;TD colspan=2 class="tr4 td5"&gt;&lt;SPAN class="p13 ft2"&gt;&lt;A href="#page_4"&gt;Granskning av signalspaningsverksamheten.....................................&lt;/A&gt;&lt;/SPAN&gt; &lt;/TD&gt;
	&lt;TD class="tr4 td6"&gt;&lt;SPAN class="p13 ft2"&gt;&lt;A href="#page_4"&gt;4&lt;/A&gt;&lt;/SPAN&gt; &lt;/TD&gt;
&lt;/TR&gt;
&lt;TR&gt;
	&lt;TD class="tr5 td4"&gt;&lt;SPAN class="p12 ft4"&gt; &lt;/SPAN&gt; &lt;/TD&gt;
	&lt;TD class="tr5 td7"&gt;&lt;SPAN class="p13 ft2"&gt;&lt;A href="#page_4"&gt;3.1&lt;/A&gt;&lt;/SPAN&gt; &lt;/TD&gt;
	&lt;TD class="tr5 td0"&gt;&lt;SPAN class="p14 ft2"&gt;&lt;A href="#page_4"&gt;Statens inspektion för&lt;/A&gt;&lt;/SPAN&gt; &lt;/TD&gt;
	&lt;TD class="tr5 td6"&gt;&lt;SPAN class="p12 ft4"&gt; &lt;/SPAN&gt; &lt;/TD&gt;
&lt;/TR&gt;
&lt;TR&gt;
	&lt;TD class="tr6 td4"&gt;&lt;SPAN class="p12 ft4"&gt; &lt;/SPAN&gt; &lt;/TD&gt;
	&lt;TD class="tr6 td7"&gt;&lt;SPAN class="p12 ft4"&gt; &lt;/SPAN&gt; &lt;/TD&gt;
	&lt;TD class="tr6 td0"&gt;&lt;SPAN class="p13 ft2"&gt;&lt;A href="#page_4"&gt;försvarsunderrättelseverksamheten (Siun) .........................&lt;/A&gt;&lt;/SPAN&gt; &lt;/TD&gt;
	&lt;TD class="tr6 td6"&gt;&lt;SPAN class="p13 ft2"&gt;&lt;A href="#page_4"&gt;4&lt;/A&gt;&lt;/SPAN&gt; &lt;/TD&gt;
&lt;/TR&gt;
&lt;TR&gt;
	&lt;TD class="tr6 td4"&gt;&lt;SPAN class="p12 ft4"&gt; &lt;/SPAN&gt; &lt;/TD&gt;
	&lt;TD class="tr6 td7"&gt;&lt;SPAN class="p13 ft2"&gt;&lt;A href="#page_5"&gt;3.2&lt;/A&gt;&lt;/SPAN&gt; &lt;/TD&gt;
	&lt;TD class="tr6 td0"&gt;&lt;SPAN class="p13 ft2"&gt;&lt;A href="#page_5"&gt;Integritetsskyddsrådet vid Försvarets radioanstalt..............&lt;/A&gt;&lt;/SPAN&gt; &lt;/TD&gt;
	&lt;TD class="tr6 td6"&gt;&lt;SPAN class="p13 ft2"&gt;&lt;A href="#page_5"&gt;5&lt;/A&gt;&lt;/SPAN&gt; &lt;/TD&gt;
&lt;/TR&gt;
&lt;TR&gt;
	&lt;TD class="tr4 td4"&gt;&lt;SPAN class="p12 ft2"&gt;&lt;A href="#page_5"&gt;4&lt;/A&gt;&lt;/SPAN&gt; &lt;/TD&gt;
	&lt;TD colspan=2 class="tr4 td5"&gt;&lt;SPAN class="p13 ft2"&gt;&lt;A href="#page_5"&gt;Slutsatser om signalspaning och personlig integritet ........................&lt;/A&gt;&lt;/SPAN&gt; &lt;/TD&gt;
	&lt;TD class="tr4 td6"&gt;&lt;SPAN class="p13 ft2"&gt;&lt;A href="#page_5"&gt;5&lt;/A&gt;&lt;/SPAN&gt; &lt;/TD&gt;
&lt;/TR&gt;
&lt;TR&gt;
	&lt;TD colspan=3 class="tr4 td8"&gt;&lt;SPAN class="p12 ft2"&gt;&lt;A href="#page_6"&gt;Utdrag ur protokoll vid regeringssammanträde den 6 december&lt;/A&gt;&lt;/SPAN&gt; &lt;/TD&gt;
	&lt;TD class="tr4 td6"&gt;&lt;SPAN class="p12 ft4"&gt; &lt;/SPAN&gt; &lt;/TD&gt;
&lt;/TR&gt;
&lt;TR&gt;
	&lt;TD class="tr6 td4"&gt;&lt;SPAN class="p12 ft4"&gt; &lt;/SPAN&gt; &lt;/TD&gt;
	&lt;TD class="tr6 td7"&gt;&lt;SPAN class="p12 ft4"&gt; &lt;/SPAN&gt; &lt;/TD&gt;
	&lt;TD class="tr6 td0"&gt;&lt;SPAN class="p13 ft2"&gt;&lt;A href="#page_6"&gt;2018 .........................................................................................&lt;/A&gt;&lt;/SPAN&gt; &lt;/TD&gt;
	&lt;TD class="tr6 td6"&gt;&lt;SPAN class="p13 ft2"&gt;&lt;A href="#page_6"&gt;6&lt;/A&gt;&lt;/SPAN&gt; &lt;/TD&gt;
&lt;/TR&gt;
&lt;/TABLE&gt;
&lt;/DIV&gt;
&lt;/DIV&gt;
&lt;/DIV&gt;
&lt;DIV id="page_3"&gt;


&lt;TABLE cellpadding=0 cellspacing=0 class="t2"&gt;
&lt;TR&gt;
	&lt;TD rowspan=2 class="tr7 td9"&gt;&lt;SPAN class="p15 ft1"&gt;1&lt;/SPAN&gt; &lt;/TD&gt;
	&lt;TD rowspan=2 class="tr7 td10"&gt;&lt;SPAN class="p16 ft1"&gt;Ärendet och dess beredning&lt;/SPAN&gt; &lt;/TD&gt;
	&lt;TD class="tr8 td11"&gt;&lt;SPAN class="p12 ft2"&gt;Skr. 2018/19:70&lt;/SPAN&gt; &lt;/TD&gt;
&lt;/TR&gt;
&lt;TR&gt;
	&lt;TD class="tr9 td11"&gt;&lt;SPAN class="p12 ft5"&gt; &lt;/SPAN&gt; &lt;/TD&gt;
&lt;/TR&gt;
&lt;/TABLE&gt;
&lt;P class="p17 ft2"&gt;Vid riksdagens slutbehandling av regeringens proposition En anpassad försvarsunderrättelseverksamhet (prop. 2006/07:63, bet. 2007/08:FöU15, rskr. 2007/08:266) tillkännagav riksdagen för regeringen det som försvarsutskottet hade anfört om ytterligare rättssäkerhets- och kontrollmekanismer. Riksdagen anförde bland annat att regeringen en gång om året ska redovisa den granskning av verksamheten som bedrivits enligt lagen (2008:717) om signalspaning i försvarsunderrättelseverksamhet.&lt;/P&gt;
&lt;P class="p18 ft2"&gt;I enlighet med riksdagens tillkännagivande lämnar regeringen denna skrivelse.&lt;/P&gt;
&lt;P class="p19 ft1"&gt;&lt;SPAN class="ft1"&gt;2&lt;/SPAN&gt;&lt;SPAN class="ft6"&gt;Signalspaning&lt;/SPAN&gt;&lt;/P&gt;
&lt;P class="p20 ft1"&gt;i försvarsunderrättelseverksamhet&lt;/P&gt;
&lt;P class="p17 ft2"&gt;Signalspaning i försvarsunderrättelseverksamhet regleras i lagen (2008:717) om signalspaning i försvarsunderrättelseverksamhet (signalspaningslagen) och i förordningen (2008:923) om signalspaning i försvarsunderrättelseverksamhet.&lt;/P&gt;
&lt;P class="p21 ft2"&gt;Enligt signalspaningslagen får den myndighet som regeringen bestämmer, signalspaningsmyndigheten, inhämta signaler i elektronisk form vid signalspaning. Inhämtningen får inte avse signaler mellan en avsändare och mottagare som båda befinner sig i Sverige.&lt;/P&gt;
&lt;P class="p22 ft2"&gt;Signaler får endast inhämtas för de ändamål som särskilt anges i lagen och endast efter inriktning av regeringen, Regeringskansliet, Försvarsmakten, Säkerhetspolisen och Nationella operativa avdelningen i Polismyndigheten.&lt;/P&gt;
&lt;P class="p23 ft2"&gt;Försvarsunderrättelsedomstolen prövar ansökningar om tillstånd till signalspaning. Av ett tillstånd ska bl.a. följande framgå: vilket inhämtningsuppdrag signalspaningen ska ske för, vilka signalbärare och sökbegrepp som får användas samt vilka villkor i övrigt som behövs för att begränsa intrånget i enskildas personliga integritet. Domstolens beslut får inte överklagas.&lt;/P&gt;
&lt;P class="p24 ft2"&gt;3&lt;/P&gt;
&lt;/DIV&gt;
&lt;DIV id="page_4"&gt;


&lt;TABLE cellpadding=0 cellspacing=0 class="t3"&gt;
&lt;TR&gt;
	&lt;TD class="tr8 td12"&gt;&lt;SPAN class="p12 ft2"&gt;Skr. 2018/19:70&lt;/SPAN&gt; &lt;/TD&gt;
	&lt;TD rowspan=2 class="tr10 td13"&gt;&lt;SPAN class="p15 ft1"&gt;3&lt;/SPAN&gt; &lt;/TD&gt;
	&lt;TD rowspan=2 class="tr10 td14"&gt;&lt;SPAN class="p25 ft1"&gt;Granskning&lt;/SPAN&gt; &lt;/TD&gt;
&lt;/TR&gt;
&lt;TR&gt;
	&lt;TD class="tr11 td12"&gt;&lt;SPAN class="p12 ft7"&gt; &lt;/SPAN&gt; &lt;/TD&gt;
&lt;/TR&gt;
&lt;/TABLE&gt;
&lt;P class="p26 ft1"&gt;av signalspaningsverksamheten&lt;/P&gt;
&lt;P class="p27 ft10"&gt;&lt;SPAN class="ft8"&gt;3.1&lt;/SPAN&gt;&lt;SPAN class="ft9"&gt;Statens inspektion&lt;/SPAN&gt;&lt;/P&gt;
&lt;P class="p26 ft10"&gt;för försvarsunderrättelseverksamheten (Siun)&lt;/P&gt;
&lt;P class="p28 ft2"&gt;Statens inspektion för försvarsunderrättelseverksamheten (Siun) är en nämndmyndighet under regeringen som har till uppgift att kontrollera försvarsunderrättelseverksamheten så att den bedrivs i enlighet med lagar och förordningar.&lt;/P&gt;
&lt;P class="p29 ft2"&gt;Siun är också kontrollmyndighet för den verksamhet som bedrivs enligt signalspaningslagen. I kontrollen av signalspaningen ska inspektionen särskilt granska sökbegrepp, förstöring och rapportering. Vidare ska Siun på en enskild persons begäran kontrollera om hans eller hennes meddelande har inhämtats i samband med signalspaning.&lt;/P&gt;
&lt;P class="p30 ft2"&gt;Siun strävar efter att granskningsverksamheten ska vara så öppen som möjligt och beakta gällande lagstiftning om offentlighet och sekretess.&lt;/P&gt;
&lt;P class="p30 ft2"&gt;Siun bestämmer även över de signaler som teleoperatörer ska lämna till samverkanspunkter enligt 6 kap. 19 a § lagen (2003:389) om elektronisk kommunikation. Det innebär att signalspaningsmyndigheten – Försvarets radioanstalt – endast ska få tillgång till de signalbärare som det finns tillstånd för från Försvarsunderrättelsedomstolen. Siun fattar inga egna beslut i dessa frågor utan ska bara verkställa de tillståndsbeslut som meddelats av Försvarsunderrättelsedomstolen.&lt;/P&gt;
&lt;P class="p31 ft11"&gt;Siuns granskningsverksamhet 2017&lt;/P&gt;
&lt;TABLE cellpadding=0 cellspacing=0 class="t4"&gt;
&lt;TR&gt;
	&lt;TD class="tr8 td15"&gt;&lt;SPAN class="p12 ft4"&gt; &lt;/SPAN&gt; &lt;/TD&gt;
	&lt;TD class="tr8 td16"&gt;&lt;SPAN class="p32 ft2"&gt;Under 2017 har Siun genomfört 27 granskningar, vilket är något färre än&lt;/SPAN&gt; &lt;/TD&gt;
&lt;/TR&gt;
&lt;TR&gt;
	&lt;TD class="tr6 td15"&gt;&lt;SPAN class="p12 ft4"&gt; &lt;/SPAN&gt; &lt;/TD&gt;
	&lt;TD class="tr6 td16"&gt;&lt;SPAN class="p32 ft2"&gt;föregående år. Av dessa granskningar rörde 10 Försvarets radioanstalt,&lt;/SPAN&gt; &lt;/TD&gt;
&lt;/TR&gt;
&lt;TR&gt;
	&lt;TD class="tr6 td15"&gt;&lt;SPAN class="p12 ft4"&gt; &lt;/SPAN&gt; &lt;/TD&gt;
	&lt;TD class="tr6 td16"&gt;&lt;SPAN class="p32 ft2"&gt;varav 7 enligt signalspaningslagen.&lt;/SPAN&gt; &lt;/TD&gt;
&lt;/TR&gt;
&lt;TR&gt;
	&lt;TD class="tr6 td15"&gt;&lt;SPAN class="p12 ft4"&gt; &lt;/SPAN&gt; &lt;/TD&gt;
	&lt;TD class="tr6 td16"&gt;&lt;SPAN class="p33 ft2"&gt;Siuns kontrollverksamhet enligt signalspaningslagen bestod 2017 av&lt;/SPAN&gt; &lt;/TD&gt;
&lt;/TR&gt;
&lt;TR&gt;
	&lt;TD class="tr5 td15"&gt;&lt;SPAN class="p12 ft4"&gt; &lt;/SPAN&gt; &lt;/TD&gt;
	&lt;TD class="tr5 td16"&gt;&lt;SPAN class="p32 ft2"&gt;3 detaljerade granskningar om sökbegrepp, 2 administrativa granskningar&lt;/SPAN&gt; &lt;/TD&gt;
&lt;/TR&gt;
&lt;TR&gt;
	&lt;TD class="tr6 td15"&gt;&lt;SPAN class="p12 ft4"&gt; &lt;/SPAN&gt; &lt;/TD&gt;
	&lt;TD class="tr6 td16"&gt;&lt;SPAN class="p32 ft12"&gt;om förstöring, samt 2 detaljerade granskningar om Försvarets radioanstalts&lt;/SPAN&gt; &lt;/TD&gt;
&lt;/TR&gt;
&lt;TR&gt;
	&lt;TD class="tr6 td15"&gt;&lt;SPAN class="p12 ft4"&gt; &lt;/SPAN&gt; &lt;/TD&gt;
	&lt;TD class="tr6 td16"&gt;&lt;SPAN class="p32 ft2"&gt;rapportering. Ingen av granskningarna enligt signalspaningslagen har&lt;/SPAN&gt; &lt;/TD&gt;
&lt;/TR&gt;
&lt;TR&gt;
	&lt;TD class="tr5 td15"&gt;&lt;SPAN class="p12 ft4"&gt; &lt;/SPAN&gt; &lt;/TD&gt;
	&lt;TD class="tr5 td16"&gt;&lt;SPAN class="p32 ft2"&gt;föranlett Siun att lämna några synpunkter eller förslag till någon annan&lt;/SPAN&gt; &lt;/TD&gt;
&lt;/TR&gt;
&lt;TR&gt;
	&lt;TD class="tr6 td15"&gt;&lt;SPAN class="p12 ft4"&gt; &lt;/SPAN&gt; &lt;/TD&gt;
	&lt;TD class="tr6 td16"&gt;&lt;SPAN class="p32 ft2"&gt;myndighet eller till regeringen.&lt;/SPAN&gt; &lt;/TD&gt;
&lt;/TR&gt;
&lt;TR&gt;
	&lt;TD class="tr6 td15"&gt;&lt;SPAN class="p12 ft4"&gt; &lt;/SPAN&gt; &lt;/TD&gt;
	&lt;TD class="tr6 td16"&gt;&lt;SPAN class="p33 ft2"&gt;Siun har mandat att avbryta en inhämtning eller besluta om förstöring&lt;/SPAN&gt; &lt;/TD&gt;
&lt;/TR&gt;
&lt;TR&gt;
	&lt;TD class="tr5 td15"&gt;&lt;SPAN class="p12 ft4"&gt; &lt;/SPAN&gt; &lt;/TD&gt;
	&lt;TD class="tr5 td16"&gt;&lt;SPAN class="p32 ft12"&gt;av en upptagning eller uppteckning om det skulle visa sig att inhämtningen&lt;/SPAN&gt; &lt;/TD&gt;
&lt;/TR&gt;
&lt;TR&gt;
	&lt;TD class="tr6 td15"&gt;&lt;SPAN class="p12 ft4"&gt; &lt;/SPAN&gt; &lt;/TD&gt;
	&lt;TD class="tr6 td16"&gt;&lt;SPAN class="p32 ft2"&gt;som gjorts inte har varit förenlig med det tillstånd som meddelats av&lt;/SPAN&gt; &lt;/TD&gt;
&lt;/TR&gt;
&lt;TR&gt;
	&lt;TD class="tr6 td15"&gt;&lt;SPAN class="p12 ft4"&gt; &lt;/SPAN&gt; &lt;/TD&gt;
	&lt;TD class="tr6 td16"&gt;&lt;SPAN class="p32 ft2"&gt;Försvarsunderrättelsedomstolen. Några sådana åtgärder har inte vidtagits&lt;/SPAN&gt; &lt;/TD&gt;
&lt;/TR&gt;
&lt;TR&gt;
	&lt;TD class="tr5 td15"&gt;&lt;SPAN class="p12 ft4"&gt; &lt;/SPAN&gt; &lt;/TD&gt;
	&lt;TD class="tr5 td16"&gt;&lt;SPAN class="p32 ft2"&gt;under 2017.&lt;/SPAN&gt; &lt;/TD&gt;
&lt;/TR&gt;
&lt;TR&gt;
	&lt;TD class="tr6 td15"&gt;&lt;SPAN class="p12 ft4"&gt; &lt;/SPAN&gt; &lt;/TD&gt;
	&lt;TD class="tr6 td16"&gt;&lt;SPAN class="p33 ft2"&gt;Vidare är Siun enligt 10 a § signalspaningslagen skyldig att på en&lt;/SPAN&gt; &lt;/TD&gt;
&lt;/TR&gt;
&lt;TR&gt;
	&lt;TD class="tr6 td15"&gt;&lt;SPAN class="p12 ft4"&gt; &lt;/SPAN&gt; &lt;/TD&gt;
	&lt;TD class="tr6 td16"&gt;&lt;SPAN class="p32 ft2"&gt;enskilds begäran kontrollera om enskild persons meddelande har&lt;/SPAN&gt; &lt;/TD&gt;
&lt;/TR&gt;
&lt;TR&gt;
	&lt;TD class="tr5 td15"&gt;&lt;SPAN class="p12 ft4"&gt; &lt;/SPAN&gt; &lt;/TD&gt;
	&lt;TD class="tr5 td16"&gt;&lt;SPAN class="p32 ft2"&gt;inhämtats i samband med signalspaning och, om så är fallet, kontrollera&lt;/SPAN&gt; &lt;/TD&gt;
&lt;/TR&gt;
&lt;TR&gt;
	&lt;TD class="tr6 td15"&gt;&lt;SPAN class="p12 ft4"&gt; &lt;/SPAN&gt; &lt;/TD&gt;
	&lt;TD class="tr6 td16"&gt;&lt;SPAN class="p32 ft2"&gt;om inhämtningen och behandlingen av de inhämtade uppgifterna har&lt;/SPAN&gt; &lt;/TD&gt;
&lt;/TR&gt;
&lt;TR&gt;
	&lt;TD class="tr6 td15"&gt;&lt;SPAN class="p12 ft4"&gt; &lt;/SPAN&gt; &lt;/TD&gt;
	&lt;TD class="tr6 td16"&gt;&lt;SPAN class="p32 ft2"&gt;gjorts i enlighet med signalspaningslagen. Under 2017 har Siun genomfört&lt;/SPAN&gt; &lt;/TD&gt;
&lt;/TR&gt;
&lt;TR&gt;
	&lt;TD class="tr5 td15"&gt;&lt;SPAN class="p12 ft4"&gt; &lt;/SPAN&gt; &lt;/TD&gt;
	&lt;TD class="tr5 td16"&gt;&lt;SPAN class="p32 ft2"&gt;10 kontroller på enskildas begäran. Detta är en minskning av antalet&lt;/SPAN&gt; &lt;/TD&gt;
&lt;/TR&gt;
&lt;TR&gt;
	&lt;TD class="tr6 td15"&gt;&lt;SPAN class="p12 ft4"&gt; &lt;/SPAN&gt; &lt;/TD&gt;
	&lt;TD class="tr6 td16"&gt;&lt;SPAN class="p32 ft2"&gt;kontroller sett till de senaste åren. I likhet med föregående år har inget&lt;/SPAN&gt; &lt;/TD&gt;
&lt;/TR&gt;
&lt;TR&gt;
	&lt;TD rowspan=2 class="tr12 td15"&gt;&lt;SPAN class="p34 ft2"&gt;4&lt;/SPAN&gt; &lt;/TD&gt;
	&lt;TD class="tr6 td16"&gt;&lt;SPAN class="p32 ft2"&gt;otillbörligt framkommit vid kontrollerna.&lt;/SPAN&gt; &lt;/TD&gt;
&lt;/TR&gt;
&lt;TR&gt;
	&lt;TD class="tr13 td16"&gt;&lt;SPAN class="p12 ft13"&gt; &lt;/SPAN&gt; &lt;/TD&gt;
&lt;/TR&gt;
&lt;/TABLE&gt;
&lt;/DIV&gt;
&lt;DIV id="page_5"&gt;


&lt;TABLE cellpadding=0 cellspacing=0 class="t5"&gt;
&lt;TR&gt;
	&lt;TD class="tr14 td17"&gt;&lt;SPAN class="p35 ft10"&gt;3.2&lt;/SPAN&gt; &lt;/TD&gt;
	&lt;TD class="tr14 td18"&gt;&lt;SPAN class="p36 ft10"&gt;Integritetsskyddsrådet&lt;/SPAN&gt; &lt;/TD&gt;
	&lt;TD class="tr14 td11"&gt;&lt;SPAN class="p12 ft2"&gt;Skr. 2018/19:70&lt;/SPAN&gt; &lt;/TD&gt;
&lt;/TR&gt;
&lt;TR&gt;
	&lt;TD class="tr15 td17"&gt;&lt;SPAN class="p12 ft4"&gt; &lt;/SPAN&gt; &lt;/TD&gt;
	&lt;TD class="tr15 td18"&gt;&lt;SPAN class="p36 ft10"&gt;vid Försvarets radioanstalt&lt;/SPAN&gt; &lt;/TD&gt;
	&lt;TD class="tr15 td11"&gt;&lt;SPAN class="p12 ft4"&gt; &lt;/SPAN&gt; &lt;/TD&gt;
&lt;/TR&gt;
&lt;/TABLE&gt;
&lt;P class="p37 ft2"&gt;I enlighet med 11 § signalspaningslagen finns ett integritetsskyddsråd vid Försvarets radioanstalt med uppgift att fortlöpande utöva insyn i de åtgärder som vidtas för att säkerställa integritetsskyddet i signalspaningsverksamheten. Organisatoriskt utgör integritetsskyddsrådet en del av Försvarets radioanstalt och rådets ledamöter utses av regeringen för en viss tid. Rådet ska rapportera sina iakttagelser till myndighetens ledning och, om rådet finner skäl för det, till Siun.&lt;/P&gt;
&lt;P class="p38 ft11"&gt;Integritetsskyddsrådets verksamhet 2017&lt;/P&gt;
&lt;P class="p39 ft2"&gt;Integritetsskyddsrådets verksamhet under 2017 har varit av ungefär samma omfattning som tidigare år. Rådet har vid 6 tillfällen haft formella sammanträden på Försvarets radioanstalt. Därutöver har rådet haft ett antal möten för utbildning och kompetensutveckling. Rådets arbete har rört den utgående rapporteringen av resultaten av signalspaningen. Integritetsskyddsrådet har vidare bland annat gått igenom den interna kontrollen inom Försvarets radioanstalt för signalspaningsområdet. Rådet har i samband med möten löpande fört diskussioner med myndighetens ledning i dessa frågor. Myndigheten har utifrån de synpunkter som framförts utvecklat verksamheten för att ytterligare förstärka integritetsskyddet. Integritetsskyddsrådet har under 2017 inte funnit några skäl att rapportera till Siun.&lt;/P&gt;
&lt;P class="p40 ft1"&gt;&lt;SPAN class="ft1"&gt;4&lt;/SPAN&gt;&lt;SPAN class="ft6"&gt;Slutsatser om signalspaning och personlig integritet&lt;/SPAN&gt;&lt;/P&gt;
&lt;P class="p41 ft2"&gt;I en demokratisk rättsstat krävs ett väl fungerande integritetsskydd. Signalspaning i försvarsunderrättelseverksamhet är noga reglerad i lagar och förordningar, bland annat i syfte att värna enskildas personliga integritet. Kontrollmyndigheten Siun har i uppgift att kontrollera att Försvarets radioanstalt följer de aktuella författningarna.&lt;/P&gt;
&lt;P class="p22 ft2"&gt;Signalspaningsverksamheten är en integrerad del av Sveriges försvar och skydd mot terrorism.&lt;/P&gt;
&lt;P class="p42 ft2"&gt;En konstruktiv dialog om förbättringsåtgärder förs löpande mellan Siun och Försvarets radioanstalt. Regeringen bedömer att Siuns inspektionsförberedelser med Försvarets radioanstalt har fungerat väl under 2017 och att Siun har fått tillgång till den information som behövts för att lösa uppdraget.&lt;/P&gt;
&lt;P class="p43 ft12"&gt;Regeringens uppfattning är att systemet för att värna den personliga integriteten vid signalspaning i försvarsunderrättelseverksamhet har fungerat på det sätt som avsetts i lagstiftningen. Försvarets radioanstalt ska i sin verksamhet beakta både den personliga integriteten och myndighetens uppgift att bedriva en effektiv försvarsunderrättelseverksamhet.&lt;/P&gt;
&lt;P class="p44 ft2"&gt;5&lt;/P&gt;
&lt;/DIV&gt;
&lt;DIV id="page_6"&gt;
&lt;DIV id="p6dimg1"&gt;
&lt;INGENBILD zsrc="H603706x1.jpg/" id="p6img1"&gt;
&lt;/DIV&gt;


&lt;P class="p10 ft2"&gt;Skr. 2018/19:70&lt;/P&gt;
&lt;P class="p45 ft1"&gt;Försvarsdepartementet&lt;/P&gt;
&lt;P class="p46 ft2"&gt;Utdrag ur protokoll vid regeringssammanträde den 6 december 2018&lt;/P&gt;
&lt;P class="p47 ft2"&gt;Närvarande: statsminister Löfven, ordförande, och statsråden Lövin, Baylan, Hallengren, Hultqvist, Andersson, Hellmark Knutsson, Bolund, Damberg, Bah Kuhnke, Strandhäll, Shekarabi, Fridolin, Eriksson, Ekström, Eneroth&lt;/P&gt;
&lt;P class="p27 ft2"&gt;Föredragande: statsrådet Hultqvist&lt;/P&gt;
&lt;P class="p48 ft2"&gt;Regeringen beslutar skrivelse Integritetsskydd vid signalspaning i försvarsunderrättelseverksamhet&lt;/P&gt;
&lt;P class="p49 ft2"&gt;6&lt;/P&gt;
&lt;/DIV&gt;

&lt;/div&gt;&lt;style&gt;


TD,TD.p2h {
zzzfont-size:90%;
zzzmargin-right:2px;
zzzoverflow:visable;
zzzword-wrap: break-word;
}

P {
zdisplay:block;
}

.divbreak {
clear:both;
display:block;
zwidth: 100%;
zheight: 1px;
zword-wrap: break-word;
}


.xecp {
  display:block;
  margin: 0px !important;
  padding: 0px !important;
  
}

.ec {
  border-style:solid;
  border-width:1px;
  display:block;
  margin: 0px !important;
  padding: 0px !important;
}

.TOPS {
  overflow:visable;
  margin:2px;
  width:690px !important;
}

&lt;/style&gt;
</html>
  </dokument>
<dokaktivitet>
<aktivitet>
<kod datatype="string">INL</kod>
<namn datatype="string">Inlämnad</namn>
<datum datatype="datetime">2018-12-12 00:00:00</datum>
<status datatype="string">inträffat</status>
<ordning datatype="int32">0</ordning>
<process datatype="string">behandling</process>
</aktivitet>
<aktivitet>
<kod datatype="string">B</kod>
<namn datatype="string">Bordlagd</namn>
<datum datatype="datetime">2018-12-12 00:00:00</datum>
<status datatype="string">inträffat</status>
<ordning datatype="int32">0</ordning>
<process datatype="string">behandling</process>
</aktivitet>
<aktivitet>
<kod datatype="string">HÄN</kod>
<namn datatype="string">Hänvisad</namn>
<datum datatype="datetime">2018-12-13 00:00:00</datum>
<status datatype="string">inträffat</status>
<ordning datatype="int32">0</ordning>
<process datatype="string">behandling</process>
</aktivitet>
<aktivitet>
<kod datatype="string">MOT</kod>
<namn datatype="string">Motionstid slutar</namn>
<datum datatype="datetime">2019-01-18 00:00:00</datum>
<status datatype="string">inträffat</status>
<ordning datatype="int32">0</ordning>
<process datatype="string">behandling</process>
</aktivitet>
</dokaktivitet>
<dokintressent>
<intressent>
<intressent_id datatype="string">0218878014918</intressent_id>
<namn datatype="string">Stefan Löfven</namn>
<partibet datatype="string">S</partibet>
<ordning datatype="int16">1</ordning>
<roll datatype="string">Statsråd1</roll>
</intressent>
<intressent>
<intressent_id datatype="string">0937688366013</intressent_id>
<namn datatype="string">Peter Hultqvist</namn>
<partibet datatype="string">S</partibet>
<ordning datatype="int16">2</ordning>
<roll datatype="string">Statsråd2</roll>
</intressent>
</dokintressent>
<dokuppgift>
<uppgift>
<kod datatype="string">inlamnatav</kod>
<namn datatype="string">Inlämnat av</namn>
<text datatype="string">Försvarsdepartementet</text>
<dok_id datatype="string">H60370</dok_id>
<systemdatum datatype="datetime">2018-12-13 07:32:29</systemdatum>
</uppgift>
<uppgift>
<kod datatype="string">tilldelat</kod>
<namn datatype="string">Tilldelat</namn>
<text datatype="string">Försvarsutskottet</text>
<dok_id datatype="string">H60370</dok_id>
<systemdatum datatype="datetime">2018-12-13 07:32:29</systemdatum>
</uppgift>
<uppgift>
<kod datatype="string">statustext</kod>
<namn datatype="string">statustext</namn>
<text datatype="string">Skrivelsen bereds i utskott</text>
<dok_id datatype="string">H60370</dok_id>
<systemdatum datatype="datetime">2018-12-13 13:40:03</systemdatum>
</uppgift>
</dokuppgift>
<dokbilaga>
<bilaga>
<dok_id datatype="string">H60370</dok_id>
<titel datatype="string">Integritetsskydd vid signalspaning i försvarsunderrättelseverksamhet</titel>
<subtitel datatype="string" />
<filnamn datatype="string">skr_201819__70.pdf</filnamn>
<filstorlek datatype="int32">283552</filstorlek>
<filtyp datatype="string">pdf</filtyp>
<fil_url datatype="string">http://data.riksdagen.se/fil/89E36357-1DB2-4073-8C6D-BA8D7AC13EDA</fil_url>
</bilaga>
</dokbilaga>
<dokreferens>
<referens>
<referenstyp datatype="string">behandlas_i</referenstyp>
<uppgift datatype="string">2018/19:FöU5</uppgift>
<ref_dok_id datatype="string">H601FöU5</ref_dok_id>
<ref_dok_typ datatype="string">bet</ref_dok_typ>
<ref_dok_rm datatype="string">2018/19</ref_dok_rm>
<ref_dok_bet datatype="string">FöU5</ref_dok_bet>
<ref_dok_titel datatype="string">Integritetsskydd vid signalspaning i försvarsunderrättelseverksamhet</ref_dok_titel>
<ref_dok_subtitel datatype="string" />
<ref_dok_subtyp datatype="string">bet</ref_dok_subtyp>
<ref_dok_dokumentnamn datatype="string">Betänkande</ref_dok_dokumentnamn>
</referens>
<referens>
<referenstyp datatype="string">följdmotion</referenstyp>
<uppgift datatype="string">av Beatrice Ask m.fl. (M)&lt;br /&gt;med anledning av skr. 2018/19:70 Integritetsskydd vid signalspaning i försvarsunderrättelseverksamhet</uppgift>
<ref_dok_id datatype="string">H6023012</ref_dok_id>
<ref_dok_typ datatype="string">mot</ref_dok_typ>
<ref_dok_rm datatype="string">2018/19</ref_dok_rm>
<ref_dok_bet datatype="string">3012</ref_dok_bet>
<ref_dok_titel datatype="string">med anledning av skr. 2018/19:70 Integritetsskydd vid signalspaning i försvarsunderrättelseverksamhet</ref_dok_titel>
<ref_dok_subtitel datatype="string">av Beatrice Ask m.fl. (M)</ref_dok_subtitel>
<ref_dok_subtyp datatype="string">mot</ref_dok_subtyp>
<ref_dok_dokumentnamn datatype="string">Motion</ref_dok_dokumentnamn>
</referens>
<referens>
<referenstyp datatype="string">följdmotion</referenstyp>
<uppgift datatype="string">av Roger Richtoff m.fl. (SD)&lt;br /&gt;med anledning av skr. 2018/19:70 Integritetsskydd vid signalspaning i försvarsunderrättelseverksamhet</uppgift>
<ref_dok_id datatype="string">H6023005</ref_dok_id>
<ref_dok_typ datatype="string">mot</ref_dok_typ>
<ref_dok_rm datatype="string">2018/19</ref_dok_rm>
<ref_dok_bet datatype="string">3005</ref_dok_bet>
<ref_dok_titel datatype="string">med anledning av skr. 2018/19:70 Integritetsskydd vid signalspaning i försvarsunderrättelseverksamhet</ref_dok_titel>
<ref_dok_subtitel datatype="string">av Roger Richtoff m.fl. (SD)</ref_dok_subtitel>
<ref_dok_subtyp datatype="string">mot</ref_dok_subtyp>
<ref_dok_dokumentnamn datatype="string">Motion</ref_dok_dokumentnamn>
</referens>
</dokreferens>
<debatt /></dokumentstatus>