<dokumentstatus>
  <dokument>
    <hangar_id datatype="int32">5021367</hangar_id>
    <dok_id datatype="string">H60344</dok_id>
    <rm datatype="string">2018/19</rm>
    <beteckning datatype="string">44</beteckning>
    <typ datatype="string">prop</typ>
    <subtyp datatype="string">prop</subtyp>
    <doktyp datatype="string">prop</doktyp>
    <typrubrik datatype="string">Proposition 2018/19:44</typrubrik>
    <dokumentnamn datatype="string">Proposition</dokumentnamn>
    <debattnamn datatype="string">Proposition</debattnamn>
    <tempbeteckning datatype="string"></tempbeteckning>
    <organ datatype="string">Finansdepartementet</organ>
    <mottagare datatype="string">FiU</mottagare>
    <nummer datatype="int32">44</nummer>
    <slutnummer datatype="int32">0</slutnummer>
    <datum datatype="datetime">2019-02-07 00:00:00</datum>
    <systemdatum datatype="datetime">2019-03-13 16:38:07</systemdatum>
    <publicerad datatype="datetime">2019-02-07 00:00:00</publicerad>
    <titel datatype="string">Möjlighet för företag i Förenade kungariket att under viss tid driva värdepappersrörelse utan krav på tillstånd</titel>
    <subtitel datatype="string"></subtitel>
    <status datatype="string">Klar</status>
    <htmlformat datatype="string">html-ec</htmlformat>
    <relaterat_id datatype="string"></relaterat_id>
    <source datatype="string">prop-RIM</source>
    <sourceid datatype="string">dec819e7-620a-4c9a-bdc2-c9179db812a5</sourceid>
    <dokument_url_text datatype="stext">http://data.riksdagen.se/dokument/H60344/text</dokument_url_text>
    <dokument_url_html datatype="stext">http://data.riksdagen.se/dokument/H60344</dokument_url_html>
    <dokumentstatus_url_xml datatype="stext">http://data.riksdagen.se/dokumentstatus/H60344</dokumentstatus_url_xml>
    <html datatype="text">&lt;div style="margin:3px;"&gt;
&lt;STYLE type="text/css"&gt;

body {margin-top: 0px;margin-left: 0px;}

#page_1 {position:relative; overflow: hidden;z:b;margin:10px 0px 52px 10px ;padding: 0px;border: none;width: 947px;}

#page_1 #p1dimg1 {position:absolute;top:0px;left:651px;z-index:-1;width:55px;height:98px;}
#page_1 #p1dimg1 #p1img1 {width:55px;height:98px;}




#page_2 {position:relative; overflow: hidden;z:b;margin:14px 0px 52px 10px ;padding: 0px;border: none;width: 811px;}





#page_3 {position:relative; overflow: hidden;z:b;margin:15px 0px 52px 10px ;padding: 0px;border: none;width: 947px;}





#page_4 {position:relative; overflow: hidden;z:b;margin:14px 0px 52px 10px ;padding: 0px;border: none;width: 811px;}

#page_4 #p4dimg1 {position:absolute;top:421px;left:105px;z-index:-1;width:124px;height:1px;font-size: 1px !important;l-h:nHeight;}
#page_4 #p4dimg1 #p4img1 {width:124px;height:1px;}




#page_5 {position:relative; overflow: hidden;z:b;margin:15px 0px 52px 10px ;padding: 0px;border: none;width: 766px;}
#page_5 #id_1 {float:left;border:none;z:b;margin:0px 0px 0px 10px ;padding: 0px;border:none;width: 451px;overflow: hidden;}
#page_5 #id_2 {float:left;border:none;z:b;margin:1px 0px 0px 10px ;padding: 0px;border:none;width: 315px;overflow: hidden;}





#page_6 {position:relative; overflow: hidden;z:b;margin:14px 0px 52px 10px ;padding: 0px;border: none;width: 811px;}





#page_7 {position:relative; overflow: hidden;z:b;margin:14px 0px 52px 10px ;padding: 0px;border: none;width: 766px;}
#page_7 #id_1 {border:none;z:b;margin:0px 0px 0px 10px ;padding: 0px;border:none;width: 721px;overflow: hidden;}
#page_7 #id_2 {border:none;z:b;margin:3px 0px 0px 10px ;padding: 0px;border:none;width: 721px;overflow: hidden;}
#page_7 #id_2 #id_2_1 {float:left;border:none;z:b;margin:0px 0px 0px 10px ;padding: 0px;border:none;width: 586px;overflow: hidden;}
#page_7 #id_2 #id_2_2 {float:left;border:none;z:b;margin:5px 0px 0px 10px ;padding: 0px;border:none;width: 135px;overflow: hidden;}





#page_8 {position:relative; overflow: hidden;z:b;margin:15px 0px 52px 10px ;padding: 0px;border: none;width: 811px;}
#page_8 #id_1 {border:none;z:b;margin:0px 0px 0px 10px ;padding: 0px;border:none;width: 586px;overflow: hidden;}
#page_8 #id_2 {border:none;z:b;margin:9px 0px 0px 10px ;padding: 0px;border:none;width: 766px;overflow: hidden;}
#page_8 #id_2 #id_2_1 {float:left;border:none;z:b;margin:87px 0px 0px 10px ;padding: 0px;border:none;width: 90px;overflow: hidden;}
#page_8 #id_2 #id_2_2 {float:left;border:none;z:b;margin:0px 0px 0px 10px ;padding: 0px;border:none;width: 631px;overflow: hidden;}





#page_9 {position:relative; overflow: hidden;z:b;margin:15px 0px 52px 10px ;padding: 0px;border: none;width: 766px;}
#page_9 #id_1 {float:left;border:none;z:b;margin:0px 0px 0px 10px ;padding: 0px;border:none;width: 451px;overflow: hidden;}
#page_9 #id_2 {float:left;border:none;z:b;margin:1px 0px 0px 10px ;padding: 0px;border:none;width: 315px;overflow: hidden;}





#page_10 {position:relative; overflow: hidden;z:b;margin:14px 0px 52px 10px ;padding: 0px;border: none;width: 811px;}

#page_10 #p10dimg1 {position:absolute;top:78px;left:105px;z-index:-1;width:394px;height:84px;}
#page_10 #p10dimg1 #p10img1 {width:394px;height:84px;}




#page_11 {position:relative; overflow: hidden;z:b;margin:15px 0px 52px 10px ;padding: 0px;border: none;width: 766px;}
#page_11 #id_1 {float:left;border:none;z:b;margin:0px 0px 0px 10px ;padding: 0px;border:none;width: 451px;overflow: hidden;}
#page_11 #id_2 {float:left;border:none;z:b;margin:1px 0px 0px 10px ;padding: 0px;border:none;width: 315px;overflow: hidden;}





#page_12 {position:relative; overflow: hidden;z:b;margin:15px 0px 52px 10px ;padding: 0px;border: none;width: 811px;}

#page_12 #p12dimg1 {position:absolute;top:352px;left:105px;z-index:-1;width:394px;height:39px;}
#page_12 #p12dimg1 #p12img1 {width:394px;height:39px;}




#page_13 {position:relative; overflow: hidden;z:b;margin:15px 0px 52px 10px ;padding: 0px;border: none;width: 947px;}





#page_14 {position:relative; overflow: hidden;z:b;margin:14px 0px 52px 10px ;padding: 0px;border: none;width: 811px;}





#page_15 {position:relative; overflow: hidden;z:b;margin:15px 0px 52px 10px ;padding: 0px;border: none;width: 947px;}
#page_15 #id_1 {border:none;z:b;margin:0px 0px 0px 10px ;padding: 0px;border:none;width: 586px;overflow: hidden;}
#page_15 #id_1 #id_1_1 {float:left;border:none;z:b;margin:0px 0px 0px 10px ;padding: 0px;border:none;width: 451px;overflow: hidden;}
#page_15 #id_1 #id_1_2 {float:left;border:none;z:b;margin:0px 0px 0px 10px ;padding: 0px;border:none;width: 90px;overflow: hidden;}
#page_15 #id_2 {border:none;z:b;margin:2px 0px 0px 10px ;padding: 0px;border:none;width: 902px;overflow: hidden;}





#page_16 {position:relative; overflow: hidden;z:b;margin:15px 0px 52px 10px ;padding: 0px;border: none;width: 811px;}
#page_16 #id_1 {float:left;border:none;z:b;margin:0px 0px 0px 10px ;padding: 0px;border:none;width: 90px;overflow: hidden;}
#page_16 #id_2 {float:left;border:none;z:b;margin:0px 0px 0px 10px ;padding: 0px;border:none;width: 631px;overflow: hidden;}

#page_16 #p16dimg1 {position:absolute;top:305px;left:105px;z-index:-1;width:124px;height:1px;font-size: 1px !important;l-h:nHeight;}
#page_16 #p16dimg1 #p16img1 {width:124px;height:1px;}




#page_17 {position:relative; overflow: hidden;z:b;margin:15px 0px 52px 10px ;padding: 0px;border: none;width: 586px;}
#page_17 #id_1 {float:left;border:none;z:b;margin:0px 0px 0px 10px ;padding: 0px;border:none;width: 451px;overflow: hidden;}
#page_17 #id_2 {float:left;border:none;z:b;margin:0px 0px 0px 10px ;padding: 0px;border:none;width: 90px;overflow: hidden;}





#page_18 {position:relative; overflow: hidden;z:b;margin:15px 0px 52px 10px ;padding: 0px;border: none;width: 811px;}
#page_18 #id_1 {float:left;border:none;z:b;margin:0px 0px 0px 10px ;padding: 0px;border:none;width: 90px;overflow: hidden;}
#page_18 #id_2 {float:left;border:none;z:b;margin:0px 0px 0px 10px ;padding: 0px;border:none;width: 631px;overflow: hidden;}





#page_19 {position:relative; overflow: hidden;z:b;margin:14px 0px 52px 10px ;padding: 0px;border: none;width: 811px;}





#page_20 {position:relative; overflow: hidden;z:b;margin:15px 0px 52px 10px ;padding: 0px;border: none;width: 811px;}

#page_20 #p20dimg1 {position:absolute;top:190px;left:105px;z-index:-1;width:112px;height:1px;font-size: 1px !important;l-h:nHeight;}
#page_20 #p20dimg1 #p20img1 {width:112px;height:1px;}




.dclr {clear:both;float:none;height:1px;margin:0px;padding:0px;overflow:hidden;}

.ft0{font:  18px 'Verdana' !important;l-h: 32px;}
.ft1{font:  14px 'Verdana' !important;l-h: 22px;}
.ft2{font:  10px 'Verdana' !important;l-h: 1px;}
.ft3{font:  12px 'Verdana' !important;l-h: 15px;}
.ft4{font: italic  12px 'Verdana' !important;l-h: 15px;}
.ft5{font:  12px 'Verdana' !important;l-h: 17px;}
.ft6{font: italic  12px 'Verdana' !important;l-h: 17px;}
.ft7{font:  12px 'Verdana' !important;margin-left: 9px;l-h: 16px;}
.ft8{font:  12px 'Verdana' !important;l-h: 16px;}
.ft9{font:  12px 'Verdana' !important;margin-left: 9px;l-h: 15px;}
.ft10{font:  14px 'Verdana' !important;l-h: 22px;position: relative; bottom: -6px;}
.ft11{font:  14px 'Verdana' !important;l-h: 19px;}
.ft12{font:  14px 'Verdana' !important;margin-left: 39px;l-h: 22px;}
.ft13{font:  14px 'Verdana' !important;l-h: 22px;}
.ft14{font: italic  12px 'Verdana' !important;l-h: 15px;}
.ft15{font: bold  12px 'Verdana' !important;l-h: 15px;}
.ft16{font:  14px 'Verdana' !important;margin-left: 38px;l-h: 23px;}
.ft17{font:  14px 'Verdana' !important;l-h: 23px;}
.ft18{font:  10px 'Verdana' !important;l-h: 13px;position: relative; bottom: 5px;}
.ft19{font:  10px 'Verdana' !important;l-h: 6px;}
.ft20{font:  12px 'Verdana' !important;margin-left: 3px;l-h: 14px;}
.ft21{font:  12px 'Verdana' !important;l-h: 14px;}
.ft22{font: italic  12px 'Verdana' !important;l-h: 16px;}
.ft23{font:  14px 'Verdana' !important;margin-left: 51px;l-h: 22px;}
.ft24{font:  14px 'Verdana' !important;margin-left: 39px;l-h: 19px;}
.ft25{font:  12px 'Verdana' !important;l-h: 15px;position: relative; bottom: 4px;}
.ft26{font:  14px 'Verdana' !important;margin-left: 38px;l-h: 19px;}
.ft27{font: bold  12px 'Verdana' !important;l-h: 17px;}
.ft28{font: bold  14px 'Verdana' !important;margin-left: 30px;l-h: 17px;}
.ft29{font: bold  14px 'Verdana' !important;l-h: 17px;}
.ft30{font:  12px 'Verdana' !important;l-h: 16px;}
.ft31{font:  12px 'Verdana' !important;l-h: 15px;}
.ft32{font:  14px 'Verdana' !important;l-h: 19px;position: relative; bottom: -3px;}
.ft33{font: bold  12px 'Verdana' !important;l-h: 16px;}
.ft34{font: bold  12px 'Verdana' !important;l-h: 17px;}
.ft35{font: italic bold  12px 'Verdana' !important;l-h: 15px;}
.ft36{font:  12px 'Verdana' !important;l-h: 18px;}
.ft37{font: bold  12px 'Verdana' !important;l-h: 15px;}
.ft38{font: bold  12px 'Verdana' !important;margin-left: 4px;l-h: 15px;}
.ft39{font:  12px 'Verdana' !important;text-decoration: underline;l-h: 15px;}
.ft40{font:  12px 'Verdana' !important;l-h: 15px;position: relative; bottom: 7px;}

.p0{text-align: left;padding-left: 120px;padding-right: 525px;margin-top: 22px;margin-bottom: 0px !important;}
.p1{text-align: left;padding-left: 0px;margin-top: 0px;margin-bottom: 0px !important;white-space: nowrap;}
.p2{text-align: left;padding-left: 0px;margin-top: 0px;margin-bottom: 0px !important;white-space: nowrap;}
.p3{text-align: left;margin-top: 0px;margin-bottom: 0px !important;white-space: nowrap;}
.p4{text-align: left;padding-left: 120px;margin-top: 17px;margin-bottom: 0px !important;}
.p5{text-align: left;padding-left: 120px;margin-top: 16px;margin-bottom: 0px !important;}
.p6{text-align: left;padding-left: 120px;margin-top: 31px;margin-bottom: 0px !important;}
.p7{text-align: left;padding-left: 260px;padding-right: 504px;margin-top: 20px;margin-bottom: 0px !important;}
.p8{text-align: left;padding-left: 120px;margin-top: 47px;margin-bottom: 0px !important;}
.p9{text-align: left;padding-left: 120px;padding-right: 315px;margin-top: 27px;margin-bottom: 0px !important;}
.p10{text-align: left;padding-left: 140px;margin-top: 7px;margin-bottom: 0px !important;}
.p11{text-align: right;padding-right: 126px;margin-top: 98px;margin-bottom: 0px !important;}
.p12{text-align: left;padding-left: 0px;margin-top: 0px;margin-bottom: 0px !important;white-space: nowrap;}
.p13{text-align: left;padding-left: 0px;margin-top: 0px;margin-bottom: 0px !important;white-space: nowrap;}
.p14{text-align: right;padding-right: 1px;margin-top: 0px;margin-bottom: 0px !important;white-space: nowrap;}
.p15{text-align: right;margin-top: 0px;margin-bottom: 0px !important;white-space: nowrap;}
.p16{text-align: left;padding-left: 0px;margin-top: 0px;margin-bottom: 0px !important;white-space: nowrap;}
.p17{text-align: left;margin-top: 174px;margin-bottom: 0px !important;}
.p18{text-align: right;padding-right: 21px;margin-top: 0px;margin-bottom: 0px !important;white-space: nowrap;}
.p19{text-align: left;padding-left: 0px;margin-top: 0px;margin-bottom: 0px !important;white-space: nowrap;}
.p20{text-align: left;padding-left: 120px;margin-top: 10px;margin-bottom: 0px !important;}
.p21{text-align: left;padding-left: 140px;padding-right: 336px;margin-top: 0px;margin-bottom: 0px !important;text-indent: 0.19px;}
.p22{text-align: left;padding-left: 120px;margin-top: 0px;margin-bottom: 0px !important;}
.p23{text-align: right;padding-right: 126px;margin-top: 636px;margin-bottom: 0px !important;}
.p24{text-align: left;padding-left: 0px;margin-top: 0px;margin-bottom: 0px !important;}
.p25{text-align: left;padding-left: 140px;padding-right: 168px;margin-top: 32px;margin-bottom: 0px !important;text-indent: 0.61px;}
.p26{text-align: left;padding-left: 0px;padding-right: 147px;margin-top: 7px;margin-bottom: 0px !important;text-indent: 11px;}
.p27{text-align: left;padding-left: 260px;margin-top: 10px;margin-bottom: 0px !important;}
.p28{text-align: left;padding-left: 280px;margin-top: 1px;margin-bottom: 0px !important;}
.p29{text-align: left;padding-left: 280px;padding-right: 147px;margin-top: 2px;margin-bottom: 0px !important;text-indent: 11px;}
.p30{text-align: left;padding-left: 0px;margin-top: 35px;margin-bottom: 0px !important;}
.p31{text-align: left;margin-top: 323px;margin-bottom: 0px !important;}
.p32{text-align: left;padding-left: 0px;padding-right: 21px;margin-top: 0px;margin-bottom: 0px !important;text-indent: 0.60px;}
.p33{text-align: left;padding-right: 0px;padding-top: 2px;margin-top: 5px;margin-bottom: 0px !important;text-indent: 11px;}
.p34{text-align: left;margin-top: 686px;margin-bottom: 0px !important;}
.p35{text-align: left;margin-top: 0px;margin-bottom: 0px !important;}
.p36{text-align: right;padding-right: 126px;margin-top: 752px;margin-bottom: 0px !important;}
.p37{text-align: left;padding-left: 0px;padding-right: 147px;margin-top: 0px;margin-bottom: 0px !important;}
.p38{text-align: left;padding-left: 0px;margin-top: 19px;margin-bottom: 0px !important;}
.p39{text-align: left;padding-left: 0px;padding-right: 147px;margin-top: 5px;margin-bottom: 0px !important;}
.p40{text-align: left;padding-left: 0px;margin-top: 45px;margin-bottom: 0px !important;}
.p41{text-align: left;padding-left: 0px;margin-top: 17px;margin-bottom: 0px !important;}
.p42{text-align: left;padding-left: 0px;padding-right: 147px;margin-top: 10px;margin-bottom: 0px !important;}
.p43{text-align: left;padding-left: 0px;padding-right: 147px;margin-top: 6px;margin-bottom: 0px !important;text-indent: 11px;}
.p44{text-align: left;margin-top: 80px;margin-bottom: 0px !important;}
.p45{text-align: right;padding-right: 0px;margin-top: 0px;margin-bottom: 0px !important;white-space: nowrap;}
.p46{text-align: left;padding-left: 0px;margin-top: 0px;margin-bottom: 0px !important;white-space: nowrap;}
.p47{text-align: left;padding-right: 336px;margin-top: 4px;margin-bottom: 0px !important;}
.p48{text-align: left;padding-right: 336px;margin-top: 3px;margin-bottom: 0px !important;text-indent: 11px;}
.p49{text-align: left;padding-right: 336px;margin-top: 4px;margin-bottom: 0px !important;text-indent: 11px;}
.p50{text-align: left;margin-top: 34px;margin-bottom: 0px !important;}
.p51{text-align: left;padding-right: 315px;margin-top: 10px;margin-bottom: 0px !important;}
.p52{text-align: left;padding-left: 0px;margin-top: 0px;margin-bottom: 0px !important;text-indent: 0.112px;}
.p53{text-align: left;margin-top: 12px;margin-bottom: 0px !important;}
.p54{text-align: left;padding-right: 147px;margin-top: 7px;margin-bottom: 0px !important;}
.p55{text-align: left;padding-right: 147px;margin-top: 2px;margin-bottom: 0px !important;text-indent: 11px;}
.p56{text-align: left;padding-right: 147px;margin-top: 4px;margin-bottom: 0px !important;text-indent: 11px;}
.p57{text-align: left;margin-top: 23px;margin-bottom: 0px !important;}
.p58{text-align: left;padding-right: 147px;margin-top: 9px;margin-bottom: 0px !important;}
.p59{text-align: left;padding-right: 1px;margin-top: 0px;margin-bottom: 0px !important;}
.p60{text-align: left;margin-top: 0px;margin-bottom: 0px !important;text-indent: 11px;}
.p61{text-align: left;padding-right: 1px;margin-top: 0px;margin-bottom: 0px !important;text-indent: 11px;}
.p62{text-align: left;margin-top: 13px;margin-bottom: 0px !important;text-indent: 11px;}
.p63{text-align: left;padding-left: 0px;margin-top: 0px;margin-bottom: 0px !important;}
.p64{text-align: left;padding-left: 0px;padding-right: 168px;margin-top: 9px;margin-bottom: 0px !important;}
.p65{text-align: left;padding-left: 0px;padding-right: 147px;margin-top: 6px;margin-bottom: 0px !important;text-indent: 11px;}
.p66{text-align: left;padding-left: 0px;padding-right: 147px;margin-top: 2px;margin-bottom: 0px !important;text-indent: 11px;}
.p67{text-align: left;padding-left: 0px;padding-right: 147px;margin-top: 3px;margin-bottom: 0px !important;text-indent: 11px;}
.p68{text-align: left;padding-left: 0px;padding-right: 147px;margin-top: 5px;margin-bottom: 0px !important;text-indent: 11px;}
.p69{text-align: left;margin-top: 13px;margin-bottom: 0px !important;}
.p70{text-align: left;margin-top: 0px;margin-bottom: 0px !important;}
.p71{text-align: left;margin-top: 2px;margin-bottom: 0px !important;text-indent: 11px;}
.p72{text-align: left;margin-top: 9px;margin-bottom: 0px !important;text-indent: 11px;}
.p73{text-align: left;padding-left: 0px;margin-top: 0px;margin-bottom: 0px !important;}
.p74{text-align: left;padding-left: 0px;padding-right: 147px;margin-top: 0px;margin-bottom: 0px !important;text-indent: 0.112px;}
.p75{text-align: left;padding-left: 0px;padding-right: 147px;margin-top: 0px;margin-bottom: 0px !important;text-indent: 11px;}
.p76{text-align: left;padding-left: 0px;margin-top: 51px;margin-bottom: 0px !important;}
.p77{text-align: left;padding-left: 0px;padding-right: 168px;margin-top: 21px;margin-bottom: 0px !important;}
.p78{text-align: left;margin-top: 27px;margin-bottom: 0px !important;}
.p79{text-align: left;padding-left: 120px;padding-right: 336px;margin-top: 12px;margin-bottom: 0px !important;}
.p80{text-align: left;padding-left: 120px;margin-top: 29px;margin-bottom: 0px !important;}
.p81{text-align: left;padding-left: 120px;margin-top: 36px;margin-bottom: 0px !important;}
.p82{text-align: left;padding-left: 120px;margin-top: 12px;margin-bottom: 0px !important;}
.p83{text-align: left;padding-left: 120px;margin-top: 32px;margin-bottom: 0px !important;}
.p84{text-align: left;padding-left: 120px;padding-right: 315px;margin-top: 12px;margin-bottom: 0px !important;}
.p85{text-align: right;padding-right: 126px;margin-top: 9px;margin-bottom: 0px !important;}
.p86{text-align: left;padding-left: 0px;margin-top: 0px;margin-bottom: 0px !important;}
.p87{text-align: left;padding-left: 0px;margin-top: 31px;margin-bottom: 0px !important;}
.p88{text-align: left;padding-left: 0px;margin-top: 12px;margin-bottom: 0px !important;}
.p89{text-align: left;padding-left: 0px;margin-top: 48px;margin-bottom: 0px !important;}
.p90{text-align: left;padding-left: 0px;padding-right: 189px;margin-top: 17px;margin-bottom: 0px !important;}
.p91{text-align: left;padding-left: 0px;margin-top: 6px;margin-bottom: 0px !important;}
.p92{text-align: left;padding-left: 0px;padding-right: 147px;margin-top: 6px;margin-bottom: 0px !important;}
.p93{text-align: left;padding-left: 0px;padding-right: 147px;margin-top: 9px;margin-bottom: 0px !important;}
.p94{text-align: left;padding-left: 0px;padding-right: 147px;margin-top: 4px;margin-bottom: 0px !important;text-indent: 11px;}
.p95{text-align: left;margin-top: 203px;margin-bottom: 0px !important;}
.p96{text-align: left;padding-left: 120px;padding-right: 336px;margin-top: 0px;margin-bottom: 0px !important;}
.p97{text-align: left;padding-left: 140px;margin-top: 5px;margin-bottom: 0px !important;}
.p98{text-align: right;padding-right: 126px;margin-top: 560px;margin-bottom: 0px !important;}
.p99{text-align: left;padding-left: 0px;padding-right: 21px;margin-top: 0px;margin-bottom: 0px !important;}
.p100{text-align: left;margin-top: 734px;margin-bottom: 0px !important;}
.p101{text-align: left;padding-right: 273px;margin-top: 17px;margin-bottom: 0px !important;}
.p102{text-align: left;padding-right: 147px;margin-top: 5px;margin-bottom: 0px !important;text-indent: 11px;}
.p103{text-align: left;padding-left: 160px;margin-top: 11px;margin-bottom: 0px !important;}
.p104{text-align: left;padding-left: 180px;margin-top: 1px;margin-bottom: 0px !important;}
.p105{text-align: left;padding-left: 180px;padding-right: 147px;margin-top: 2px;margin-bottom: 0px !important;text-indent: 11px;}
.p106{text-align: left;padding-left: 0px;margin-top: 27px;margin-bottom: 0px !important;}
.p107{text-align: left;padding-right: 63px;margin-top: 0px;margin-bottom: 0px !important;}
.p108{text-align: left;padding-right: 6px;margin-top: 0px;margin-bottom: 0px !important;}
.p109{text-align: right;margin-top: 734px;margin-bottom: 0px !important;}
.p110{text-align: left;padding-right: 147px;margin-top: 18px;margin-bottom: 0px !important;}
.p111{text-align: right;margin-top: 434px;margin-bottom: 0px !important;}
.p112{text-align: left;padding-left: 0px;margin-top: 0px;margin-bottom: 0px !important;}
.p113{text-align: left;padding-left: 0px;margin-top: 14px;margin-bottom: 0px !important;}
.p114{text-align: left;padding-left: 0px;padding-right: 168px;margin-top: 16px;margin-bottom: 0px !important;}
.p115{text-align: left;padding-left: 0px;margin-top: 13px;margin-bottom: 0px !important;}
.p116{text-align: left;padding-left: 0px;padding-right: 189px;margin-top: 76px;margin-bottom: 0px !important;}
.p117{text-align: left;margin-top: 485px;margin-bottom: 0px !important;}

.td0{padding: 0px;margin: 0px;width: 405px;vertical-align: bottom;}
.td1{padding: 0px;margin: 0px;width: 121px;vertical-align: bottom;}
.td2{border-bottom: #000000 1px solid;padding: 0px;margin: 0px;width: 405px;vertical-align: bottom;}
.td3{border-bottom: #000000 1px solid;padding: 0px;margin: 0px;width: 121px;vertical-align: bottom;}
.td4{padding: 0px;margin: 0px;width: 108px;vertical-align: bottom;}
.td5{padding: 0px;margin: 0px;width: 408px;vertical-align: bottom;}
.td6{padding: 0px;margin: 0px;width: 14px;vertical-align: bottom;}
.td7{padding: 0px;margin: 0px;width: 17px;vertical-align: bottom;}
.td8{padding: 0px;margin: 0px;width: 390px;vertical-align: bottom;}
.td9{padding: 0px;margin: 0px;width: 65px;vertical-align: bottom;}
.td10{padding: 0px;margin: 0px;width: 325px;vertical-align: bottom;}
.td11{padding: 0px;margin: 0px;width: 67px;vertical-align: bottom;}
.td12{padding: 0px;margin: 0px;width: 258px;vertical-align: bottom;}
.td13{padding: 0px;margin: 0px;width: 82px;vertical-align: bottom;}
.td14{padding: 0px;margin: 0px;width: 36px;vertical-align: bottom;}
.td15{padding: 0px;margin: 0px;width: 389px;vertical-align: bottom;}
.td16{padding: 0px;margin: 0px;width: 96px;vertical-align: bottom;}
.td17{padding: 0px;margin: 0px;width: 182px;vertical-align: bottom;}
.td18{padding: 0px;margin: 0px;width: 64px;vertical-align: bottom;}
.td19{padding: 0px;margin: 0px;width: 215px;vertical-align: bottom;}
.td20{padding: 0px;margin: 0px;width: 106px;vertical-align: bottom;}
.td21{padding: 0px;margin: 0px;width: 234px;vertical-align: bottom;}
.td22{padding: 0px;margin: 0px;width: 43px;vertical-align: bottom;}
.td23{padding: 0px;margin: 0px;width: 479px;vertical-align: bottom;}
.td24{padding: 0px;margin: 0px;width: 320px;vertical-align: bottom;}
.td25{padding: 0px;margin: 0px;width: 219px;vertical-align: bottom;}
.td26{padding: 0px;margin: 0px;width: 426px;vertical-align: bottom;}
.td27{padding: 0px;margin: 0px;width: 97px;vertical-align: bottom;}

.tr0{heightzzz: 31px;}
.tr1{heightzzz: 23px;}
.tr2{heightzzz: 25px;}
.tr3{heightzzz: 34px;}
.tr4{heightzzz: 32px;}
.tr5{heightzzz: 21px;}
.tr6{heightzzz: 15px;}
.tr7{heightzzz: 16px;}
.tr8{heightzzz: 18px;}
.tr9{heightzzz: 20px;}
.tr10{heightzzz: 22px;}
.tr11{heightzzz: 28px;}
.tr12{heightzzz: 47px;}
.tr13{heightzzz: 19px;}
.tr14{heightzzz: 27px;}
.tr15{heightzzz: 37px;}
.tr16{heightzzz: 29px;}
.tr17{heightzzz: 30px;}

.t0{width: 552px;margin-leftZ: 154px;margin-top: 5px;f:20px 'Verdana' !important;}
.t1{width: 556px;f:13px 'Verdana' !important;}
.t2{width: 547px;margin-leftZ: 153px;f:20px 'Verdana' !important;}
.t3{width: 258px;f:20px 'Verdana' !important;}
.t4{width: 336px;margin-leftZ: 113px;margin-top: 11px;f:italic 13px 'Verdana' !important;}
.t5{width: 436px;f:20px 'Verdana' !important;}
.t6{width: 547px;f:17px 'Verdana' !important;}
.t7{width: 526px;margin-leftZ: 6px;f:17px 'Verdana' !important;}
.t8{width: 421px;margin-leftZ: 6px;f:17px 'Verdana' !important;}
.t9{width: 336px;margin-top: 9px;f:italic 13px 'Verdana' !important;}
.t10{width: 548px;margin-leftZ: 153px;f:13px 'Verdana' !important;}

&lt;/STYLE&gt;



&lt;DIV id="page_1"&gt;
&lt;DIV id="p1dimg1"&gt;
&lt;INGENBILD zsrc="H603441x1.jpg/" id="p1img1"&gt;
&lt;/DIV&gt;


&lt;DIV class="dclr"&gt;&lt;/DIV&gt;
&lt;P class="p0 ft0"&gt;Regeringens proposition 2018/19:44&lt;/P&gt;
&lt;TABLE cellpadding=0 cellspacing=0 class="t0"&gt;
&lt;TR&gt;
	&lt;TD class="tr0 td0"&gt;&lt;SPAN class="p1 ft1"&gt;Möjlighet för företag i Förenade kungariket att&lt;/SPAN&gt; &lt;/TD&gt;
	&lt;TD class="tr0 td1"&gt;&lt;SPAN class="p2 ft1"&gt;Prop.&lt;/SPAN&gt; &lt;/TD&gt;
&lt;/TR&gt;
&lt;TR&gt;
	&lt;TD class="tr1 td0"&gt;&lt;SPAN class="p1 ft1"&gt;under viss tid driva värdepappersrörelse utan&lt;/SPAN&gt; &lt;/TD&gt;
	&lt;TD class="tr1 td1"&gt;&lt;SPAN class="p2 ft1"&gt;2018/19:44&lt;/SPAN&gt; &lt;/TD&gt;
&lt;/TR&gt;
&lt;TR&gt;
	&lt;TD class="tr2 td2"&gt;&lt;SPAN class="p1 ft1"&gt;krav på tillstånd&lt;/SPAN&gt; &lt;/TD&gt;
	&lt;TD class="tr2 td3"&gt;&lt;SPAN class="p3 ft2"&gt; &lt;/SPAN&gt; &lt;/TD&gt;
&lt;/TR&gt;
&lt;/TABLE&gt;
&lt;P class="p4 ft3"&gt;Regeringen överlämnar denna proposition till riksdagen.&lt;/P&gt;
&lt;P class="p5 ft3"&gt;Stockholm den 7 februari 2019&lt;/P&gt;
&lt;P class="p6 ft4"&gt;Stefan Löfven&lt;/P&gt;
&lt;P class="p7 ft6"&gt;Per Bolund &lt;SPAN class="ft5"&gt;(Finansdepartementet)&lt;/SPAN&gt;&lt;/P&gt;
&lt;P class="p8 ft1"&gt;Propositionens huvudsakliga innehåll&lt;/P&gt;
&lt;P class="p9 ft3"&gt;I propositionen föreslås en bestämmelse som innebär att regeringen eller den myndighet som regeringen bestämmer ska få meddela föreskrifter om att företag som hör hemma utanför EES och som vid Förenade kungarikets utträde ur EU fick driva värdepappersrörelse och tillhandahålla sidotjänster i Sverige utan tillstånd av Finansinspektionen ska få fortsätta med det under en viss tid. Syftet med bemyndigandet är att på ett flexiblare sätt än genom bestämmelser i lag kunna införa övergångsregler för tillståndspliktig värdepappersrörelse som drivs i Sverige av företag i Förenade kungariket. I nuläget har det identifierats ett behov av att under en övergångsperiod tillåta företag i Förenade kungariket att fortsätta tillhandahålla tjänster till professionella kunder som de vid landets utträde ur EU har ett avtalsförhållande med. Enligt förslaget ska den nya bestämmelsen upphöra att gälla vid utgången av 2021. Förslaget innebär ändringar i lagen om värdepappersmarknaden. Det är angeläget att lagändringen träder i kraft innan Förenade kungariket lämnar EU. Regeringen föreslår därför att riksdagen beslutar att motionstiden förkortas till åtta dagar.&lt;/P&gt;
&lt;P class="p10 ft3"&gt;Lagändringen föreslås träda i kraft den 29 mars 2019.&lt;/P&gt;
&lt;P class="p11 ft3"&gt;1&lt;/P&gt;
&lt;/DIV&gt;
&lt;DIV id="page_2"&gt;


&lt;TABLE cellpadding=0 cellspacing=0 class="t1"&gt;
&lt;TR&gt;
	&lt;TD class="tr3 td4"&gt;&lt;SPAN class="p3 ft3"&gt;Prop. 2018/19:44&lt;/SPAN&gt; &lt;/TD&gt;
	&lt;TD colspan=4 class="tr3 td5"&gt;&lt;SPAN class="p12 ft1"&gt;Innehållsförteckning&lt;/SPAN&gt; &lt;/TD&gt;
	&lt;TD class="tr3 td6"&gt;&lt;SPAN class="p3 ft2"&gt; &lt;/SPAN&gt; &lt;/TD&gt;
&lt;/TR&gt;
&lt;TR&gt;
	&lt;TD class="tr4 td4"&gt;&lt;SPAN class="p3 ft2"&gt; &lt;/SPAN&gt; &lt;/TD&gt;
	&lt;TD class="tr4 td7"&gt;&lt;SPAN class="p12 ft3"&gt;1&lt;/SPAN&gt; &lt;/TD&gt;
	&lt;TD colspan=3 class="tr4 td8"&gt;&lt;SPAN class="p13 ft3"&gt;Förslag till riksdagsbeslut .................................................................&lt;/SPAN&gt; &lt;/TD&gt;
	&lt;TD class="tr4 td6"&gt;&lt;SPAN class="p14 ft3"&gt;3&lt;/SPAN&gt; &lt;/TD&gt;
&lt;/TR&gt;
&lt;TR&gt;
	&lt;TD class="tr5 td4"&gt;&lt;SPAN class="p3 ft2"&gt; &lt;/SPAN&gt; &lt;/TD&gt;
	&lt;TD class="tr5 td7"&gt;&lt;SPAN class="p12 ft3"&gt;2&lt;/SPAN&gt; &lt;/TD&gt;
	&lt;TD class="tr5 td9"&gt;&lt;SPAN class="p13 ft3"&gt;Lagtext&lt;/SPAN&gt; &lt;/TD&gt;
	&lt;TD colspan=2 class="tr5 td10"&gt;&lt;SPAN class="p15 ft3"&gt;..............................................................................................&lt;/SPAN&gt; &lt;/TD&gt;
	&lt;TD class="tr5 td6"&gt;&lt;SPAN class="p14 ft3"&gt;4&lt;/SPAN&gt; &lt;/TD&gt;
&lt;/TR&gt;
&lt;TR&gt;
	&lt;TD class="tr6 td4"&gt;&lt;SPAN class="p3 ft2"&gt; &lt;/SPAN&gt; &lt;/TD&gt;
	&lt;TD class="tr6 td7"&gt;&lt;SPAN class="p3 ft2"&gt; &lt;/SPAN&gt; &lt;/TD&gt;
	&lt;TD class="tr6 td9"&gt;&lt;SPAN class="p13 ft3"&gt;2.1&lt;/SPAN&gt; &lt;/TD&gt;
	&lt;TD colspan=2 class="tr6 td10"&gt;&lt;SPAN class="p16 ft3"&gt;Förslag till lag om ändring i lagen (2007:528) om&lt;/SPAN&gt; &lt;/TD&gt;
	&lt;TD class="tr6 td6"&gt;&lt;SPAN class="p3 ft2"&gt; &lt;/SPAN&gt; &lt;/TD&gt;
&lt;/TR&gt;
&lt;TR&gt;
	&lt;TD class="tr7 td4"&gt;&lt;SPAN class="p3 ft2"&gt; &lt;/SPAN&gt; &lt;/TD&gt;
	&lt;TD class="tr7 td7"&gt;&lt;SPAN class="p3 ft2"&gt; &lt;/SPAN&gt; &lt;/TD&gt;
	&lt;TD class="tr7 td9"&gt;&lt;SPAN class="p3 ft2"&gt; &lt;/SPAN&gt; &lt;/TD&gt;
	&lt;TD colspan=2 class="tr7 td10"&gt;&lt;SPAN class="p16 ft3"&gt;värdepappersmarknaden.....................................................&lt;/SPAN&gt; &lt;/TD&gt;
	&lt;TD class="tr7 td6"&gt;&lt;SPAN class="p14 ft3"&gt;4&lt;/SPAN&gt; &lt;/TD&gt;
&lt;/TR&gt;
&lt;TR&gt;
	&lt;TD class="tr6 td4"&gt;&lt;SPAN class="p3 ft2"&gt; &lt;/SPAN&gt; &lt;/TD&gt;
	&lt;TD class="tr6 td7"&gt;&lt;SPAN class="p3 ft2"&gt; &lt;/SPAN&gt; &lt;/TD&gt;
	&lt;TD class="tr6 td9"&gt;&lt;SPAN class="p13 ft3"&gt;2.2&lt;/SPAN&gt; &lt;/TD&gt;
	&lt;TD colspan=2 class="tr6 td10"&gt;&lt;SPAN class="p16 ft3"&gt;Förslag till lag om ändring i lagen (2007:528) om&lt;/SPAN&gt; &lt;/TD&gt;
	&lt;TD class="tr6 td6"&gt;&lt;SPAN class="p3 ft2"&gt; &lt;/SPAN&gt; &lt;/TD&gt;
&lt;/TR&gt;
&lt;TR&gt;
	&lt;TD class="tr8 td4"&gt;&lt;SPAN class="p3 ft2"&gt; &lt;/SPAN&gt; &lt;/TD&gt;
	&lt;TD class="tr8 td7"&gt;&lt;SPAN class="p3 ft2"&gt; &lt;/SPAN&gt; &lt;/TD&gt;
	&lt;TD class="tr8 td9"&gt;&lt;SPAN class="p3 ft2"&gt; &lt;/SPAN&gt; &lt;/TD&gt;
	&lt;TD colspan=2 class="tr8 td10"&gt;&lt;SPAN class="p16 ft3"&gt;värdepappersmarknaden.....................................................&lt;/SPAN&gt; &lt;/TD&gt;
	&lt;TD class="tr8 td6"&gt;&lt;SPAN class="p14 ft3"&gt;5&lt;/SPAN&gt; &lt;/TD&gt;
&lt;/TR&gt;
&lt;TR&gt;
	&lt;TD class="tr5 td4"&gt;&lt;SPAN class="p3 ft2"&gt; &lt;/SPAN&gt; &lt;/TD&gt;
	&lt;TD class="tr5 td7"&gt;&lt;SPAN class="p12 ft3"&gt;3&lt;/SPAN&gt; &lt;/TD&gt;
	&lt;TD colspan=3 class="tr5 td8"&gt;&lt;SPAN class="p13 ft3"&gt;Ärendet och dess beredning ..............................................................&lt;/SPAN&gt; &lt;/TD&gt;
	&lt;TD class="tr5 td6"&gt;&lt;SPAN class="p14 ft3"&gt;6&lt;/SPAN&gt; &lt;/TD&gt;
&lt;/TR&gt;
&lt;TR&gt;
	&lt;TD class="tr9 td4"&gt;&lt;SPAN class="p3 ft2"&gt; &lt;/SPAN&gt; &lt;/TD&gt;
	&lt;TD class="tr9 td7"&gt;&lt;SPAN class="p12 ft3"&gt;4&lt;/SPAN&gt; &lt;/TD&gt;
	&lt;TD colspan=3 class="tr9 td8"&gt;&lt;SPAN class="p13 ft3"&gt;Brexit och vissa finansiella tjänster ..................................................&lt;/SPAN&gt; &lt;/TD&gt;
	&lt;TD class="tr9 td6"&gt;&lt;SPAN class="p14 ft3"&gt;6&lt;/SPAN&gt; &lt;/TD&gt;
&lt;/TR&gt;
&lt;TR&gt;
	&lt;TD class="tr7 td4"&gt;&lt;SPAN class="p3 ft2"&gt; &lt;/SPAN&gt; &lt;/TD&gt;
	&lt;TD class="tr7 td7"&gt;&lt;SPAN class="p3 ft2"&gt; &lt;/SPAN&gt; &lt;/TD&gt;
	&lt;TD class="tr7 td9"&gt;&lt;SPAN class="p13 ft3"&gt;4.1&lt;/SPAN&gt; &lt;/TD&gt;
	&lt;TD colspan=2 class="tr7 td10"&gt;&lt;SPAN class="p16 ft3"&gt;Inledning ............................................................................&lt;/SPAN&gt; &lt;/TD&gt;
	&lt;TD class="tr7 td6"&gt;&lt;SPAN class="p14 ft3"&gt;6&lt;/SPAN&gt; &lt;/TD&gt;
&lt;/TR&gt;
&lt;TR&gt;
	&lt;TD class="tr6 td4"&gt;&lt;SPAN class="p3 ft2"&gt; &lt;/SPAN&gt; &lt;/TD&gt;
	&lt;TD class="tr6 td7"&gt;&lt;SPAN class="p3 ft2"&gt; &lt;/SPAN&gt; &lt;/TD&gt;
	&lt;TD class="tr6 td9"&gt;&lt;SPAN class="p13 ft3"&gt;4.2&lt;/SPAN&gt; &lt;/TD&gt;
	&lt;TD colspan=2 class="tr6 td10"&gt;&lt;SPAN class="p16 ft3"&gt;Förutsättningarna för utländska företag att driva&lt;/SPAN&gt; &lt;/TD&gt;
	&lt;TD class="tr6 td6"&gt;&lt;SPAN class="p3 ft2"&gt; &lt;/SPAN&gt; &lt;/TD&gt;
&lt;/TR&gt;
&lt;TR&gt;
	&lt;TD class="tr6 td4"&gt;&lt;SPAN class="p3 ft2"&gt; &lt;/SPAN&gt; &lt;/TD&gt;
	&lt;TD class="tr6 td7"&gt;&lt;SPAN class="p3 ft2"&gt; &lt;/SPAN&gt; &lt;/TD&gt;
	&lt;TD class="tr6 td9"&gt;&lt;SPAN class="p3 ft2"&gt; &lt;/SPAN&gt; &lt;/TD&gt;
	&lt;TD colspan=2 class="tr6 td10"&gt;&lt;SPAN class="p16 ft3"&gt;värdepappersrörelse i Sverige ............................................&lt;/SPAN&gt; &lt;/TD&gt;
	&lt;TD class="tr6 td6"&gt;&lt;SPAN class="p14 ft3"&gt;7&lt;/SPAN&gt; &lt;/TD&gt;
&lt;/TR&gt;
&lt;TR&gt;
	&lt;TD class="tr7 td4"&gt;&lt;SPAN class="p3 ft2"&gt; &lt;/SPAN&gt; &lt;/TD&gt;
	&lt;TD class="tr7 td7"&gt;&lt;SPAN class="p3 ft2"&gt; &lt;/SPAN&gt; &lt;/TD&gt;
	&lt;TD class="tr7 td9"&gt;&lt;SPAN class="p13 ft3"&gt;4.3&lt;/SPAN&gt; &lt;/TD&gt;
	&lt;TD colspan=2 class="tr7 td10"&gt;&lt;SPAN class="p16 ft3"&gt;Förenade kungariket blir ett tredjeland...............................&lt;/SPAN&gt; &lt;/TD&gt;
	&lt;TD class="tr7 td6"&gt;&lt;SPAN class="p14 ft3"&gt;7&lt;/SPAN&gt; &lt;/TD&gt;
&lt;/TR&gt;
&lt;TR&gt;
	&lt;TD class="tr6 td4"&gt;&lt;SPAN class="p3 ft2"&gt; &lt;/SPAN&gt; &lt;/TD&gt;
	&lt;TD class="tr6 td7"&gt;&lt;SPAN class="p3 ft2"&gt; &lt;/SPAN&gt; &lt;/TD&gt;
	&lt;TD class="tr6 td9"&gt;&lt;SPAN class="p13 ft3"&gt;4.4&lt;/SPAN&gt; &lt;/TD&gt;
	&lt;TD colspan=2 class="tr6 td10"&gt;&lt;SPAN class="p16 ft3"&gt;Särskilt om vissa derivatkontrakt .......................................&lt;/SPAN&gt; &lt;/TD&gt;
	&lt;TD class="tr6 td6"&gt;&lt;SPAN class="p14 ft3"&gt;8&lt;/SPAN&gt; &lt;/TD&gt;
&lt;/TR&gt;
&lt;TR&gt;
	&lt;TD class="tr6 td4"&gt;&lt;SPAN class="p3 ft2"&gt; &lt;/SPAN&gt; &lt;/TD&gt;
	&lt;TD class="tr6 td7"&gt;&lt;SPAN class="p3 ft2"&gt; &lt;/SPAN&gt; &lt;/TD&gt;
	&lt;TD class="tr6 td9"&gt;&lt;SPAN class="p3 ft2"&gt; &lt;/SPAN&gt; &lt;/TD&gt;
	&lt;TD class="tr6 td11"&gt;&lt;SPAN class="p16 ft3"&gt;4.4.1&lt;/SPAN&gt; &lt;/TD&gt;
	&lt;TD class="tr6 td12"&gt;&lt;SPAN class="p15 ft3"&gt;Marknaden i Sverige .........................................&lt;/SPAN&gt; &lt;/TD&gt;
	&lt;TD class="tr6 td6"&gt;&lt;SPAN class="p14 ft3"&gt;8&lt;/SPAN&gt; &lt;/TD&gt;
&lt;/TR&gt;
&lt;TR&gt;
	&lt;TD class="tr7 td4"&gt;&lt;SPAN class="p3 ft2"&gt; &lt;/SPAN&gt; &lt;/TD&gt;
	&lt;TD class="tr7 td7"&gt;&lt;SPAN class="p3 ft2"&gt; &lt;/SPAN&gt; &lt;/TD&gt;
	&lt;TD class="tr7 td9"&gt;&lt;SPAN class="p3 ft2"&gt; &lt;/SPAN&gt; &lt;/TD&gt;
	&lt;TD class="tr7 td11"&gt;&lt;SPAN class="p16 ft3"&gt;4.4.2&lt;/SPAN&gt; &lt;/TD&gt;
	&lt;TD class="tr7 td12"&gt;&lt;SPAN class="p15 ft3"&gt;Händelser under kontraktstiden .........................&lt;/SPAN&gt; &lt;/TD&gt;
	&lt;TD class="tr7 td6"&gt;&lt;SPAN class="p15 ft3"&gt;8&lt;/SPAN&gt; &lt;/TD&gt;
&lt;/TR&gt;
&lt;TR&gt;
	&lt;TD class="tr6 td4"&gt;&lt;SPAN class="p3 ft2"&gt; &lt;/SPAN&gt; &lt;/TD&gt;
	&lt;TD class="tr6 td7"&gt;&lt;SPAN class="p3 ft2"&gt; &lt;/SPAN&gt; &lt;/TD&gt;
	&lt;TD class="tr6 td9"&gt;&lt;SPAN class="p13 ft3"&gt;4.5&lt;/SPAN&gt; &lt;/TD&gt;
	&lt;TD colspan=2 class="tr6 td10"&gt;&lt;SPAN class="p16 ft3"&gt;En övergångslösning för fortsatt tillgång till&lt;/SPAN&gt; &lt;/TD&gt;
	&lt;TD class="tr6 td6"&gt;&lt;SPAN class="p3 ft2"&gt; &lt;/SPAN&gt; &lt;/TD&gt;
&lt;/TR&gt;
&lt;TR&gt;
	&lt;TD class="tr6 td4"&gt;&lt;SPAN class="p3 ft2"&gt; &lt;/SPAN&gt; &lt;/TD&gt;
	&lt;TD class="tr6 td7"&gt;&lt;SPAN class="p3 ft2"&gt; &lt;/SPAN&gt; &lt;/TD&gt;
	&lt;TD class="tr6 td9"&gt;&lt;SPAN class="p3 ft2"&gt; &lt;/SPAN&gt; &lt;/TD&gt;
	&lt;TD colspan=2 class="tr6 td10"&gt;&lt;SPAN class="p16 ft3"&gt;investeringstjänster från företag i Förenade&lt;/SPAN&gt; &lt;/TD&gt;
	&lt;TD class="tr6 td6"&gt;&lt;SPAN class="p3 ft2"&gt; &lt;/SPAN&gt; &lt;/TD&gt;
&lt;/TR&gt;
&lt;TR&gt;
	&lt;TD class="tr8 td4"&gt;&lt;SPAN class="p3 ft2"&gt; &lt;/SPAN&gt; &lt;/TD&gt;
	&lt;TD class="tr8 td7"&gt;&lt;SPAN class="p3 ft2"&gt; &lt;/SPAN&gt; &lt;/TD&gt;
	&lt;TD class="tr8 td9"&gt;&lt;SPAN class="p3 ft2"&gt; &lt;/SPAN&gt; &lt;/TD&gt;
	&lt;TD colspan=2 class="tr8 td10"&gt;&lt;SPAN class="p16 ft3"&gt;kungariket.........................................................................&lt;/SPAN&gt; &lt;/TD&gt;
	&lt;TD class="tr8 td6"&gt;&lt;SPAN class="p14 ft3"&gt;10&lt;/SPAN&gt; &lt;/TD&gt;
&lt;/TR&gt;
&lt;TR&gt;
	&lt;TD class="tr5 td4"&gt;&lt;SPAN class="p3 ft2"&gt; &lt;/SPAN&gt; &lt;/TD&gt;
	&lt;TD class="tr5 td7"&gt;&lt;SPAN class="p12 ft3"&gt;5&lt;/SPAN&gt; &lt;/TD&gt;
	&lt;TD colspan=3 class="tr5 td8"&gt;&lt;SPAN class="p13 ft3"&gt;Ikraftträdande..................................................................................&lt;/SPAN&gt; &lt;/TD&gt;
	&lt;TD class="tr5 td6"&gt;&lt;SPAN class="p15 ft3"&gt;12&lt;/SPAN&gt; &lt;/TD&gt;
&lt;/TR&gt;
&lt;TR&gt;
	&lt;TD class="tr5 td4"&gt;&lt;SPAN class="p3 ft2"&gt; &lt;/SPAN&gt; &lt;/TD&gt;
	&lt;TD class="tr5 td7"&gt;&lt;SPAN class="p12 ft3"&gt;6&lt;/SPAN&gt; &lt;/TD&gt;
	&lt;TD colspan=3 class="tr5 td8"&gt;&lt;SPAN class="p13 ft3"&gt;Förslagens konsekvenser ................................................................&lt;/SPAN&gt; &lt;/TD&gt;
	&lt;TD class="tr5 td6"&gt;&lt;SPAN class="p14 ft3"&gt;13&lt;/SPAN&gt; &lt;/TD&gt;
&lt;/TR&gt;
&lt;TR&gt;
	&lt;TD class="tr6 td4"&gt;&lt;SPAN class="p3 ft2"&gt; &lt;/SPAN&gt; &lt;/TD&gt;
	&lt;TD class="tr6 td7"&gt;&lt;SPAN class="p3 ft2"&gt; &lt;/SPAN&gt; &lt;/TD&gt;
	&lt;TD class="tr6 td9"&gt;&lt;SPAN class="p13 ft3"&gt;6.1&lt;/SPAN&gt; &lt;/TD&gt;
	&lt;TD colspan=2 class="tr6 td10"&gt;&lt;SPAN class="p16 ft3"&gt;Effekter för företagen och investerarna............................&lt;/SPAN&gt; &lt;/TD&gt;
	&lt;TD class="tr6 td6"&gt;&lt;SPAN class="p14 ft3"&gt;13&lt;/SPAN&gt; &lt;/TD&gt;
&lt;/TR&gt;
&lt;TR&gt;
	&lt;TD class="tr6 td4"&gt;&lt;SPAN class="p3 ft2"&gt; &lt;/SPAN&gt; &lt;/TD&gt;
	&lt;TD class="tr6 td7"&gt;&lt;SPAN class="p3 ft2"&gt; &lt;/SPAN&gt; &lt;/TD&gt;
	&lt;TD class="tr6 td9"&gt;&lt;SPAN class="p13 ft3"&gt;6.2&lt;/SPAN&gt; &lt;/TD&gt;
	&lt;TD colspan=2 class="tr6 td10"&gt;&lt;SPAN class="p16 ft3"&gt;Effekter för myndigheter och domstolar ..........................&lt;/SPAN&gt; &lt;/TD&gt;
	&lt;TD class="tr6 td6"&gt;&lt;SPAN class="p14 ft3"&gt;13&lt;/SPAN&gt; &lt;/TD&gt;
&lt;/TR&gt;
&lt;TR&gt;
	&lt;TD class="tr7 td4"&gt;&lt;SPAN class="p3 ft2"&gt; &lt;/SPAN&gt; &lt;/TD&gt;
	&lt;TD class="tr7 td7"&gt;&lt;SPAN class="p3 ft2"&gt; &lt;/SPAN&gt; &lt;/TD&gt;
	&lt;TD class="tr7 td9"&gt;&lt;SPAN class="p13 ft3"&gt;6.3&lt;/SPAN&gt; &lt;/TD&gt;
	&lt;TD colspan=2 class="tr7 td10"&gt;&lt;SPAN class="p16 ft3"&gt;Alternativa lösningar ........................................................&lt;/SPAN&gt; &lt;/TD&gt;
	&lt;TD class="tr7 td6"&gt;&lt;SPAN class="p15 ft3"&gt;13&lt;/SPAN&gt; &lt;/TD&gt;
&lt;/TR&gt;
&lt;TR&gt;
	&lt;TD class="tr6 td4"&gt;&lt;SPAN class="p3 ft2"&gt; &lt;/SPAN&gt; &lt;/TD&gt;
	&lt;TD class="tr6 td7"&gt;&lt;SPAN class="p3 ft2"&gt; &lt;/SPAN&gt; &lt;/TD&gt;
	&lt;TD class="tr6 td9"&gt;&lt;SPAN class="p13 ft3"&gt;6.4&lt;/SPAN&gt; &lt;/TD&gt;
	&lt;TD colspan=2 class="tr6 td10"&gt;&lt;SPAN class="p16 ft3"&gt;Speciella informationsinsatser..........................................&lt;/SPAN&gt; &lt;/TD&gt;
	&lt;TD class="tr6 td6"&gt;&lt;SPAN class="p14 ft3"&gt;14&lt;/SPAN&gt; &lt;/TD&gt;
&lt;/TR&gt;
&lt;TR&gt;
	&lt;TD class="tr8 td4"&gt;&lt;SPAN class="p3 ft2"&gt; &lt;/SPAN&gt; &lt;/TD&gt;
	&lt;TD class="tr8 td7"&gt;&lt;SPAN class="p3 ft2"&gt; &lt;/SPAN&gt; &lt;/TD&gt;
	&lt;TD class="tr8 td9"&gt;&lt;SPAN class="p13 ft3"&gt;6.5&lt;/SPAN&gt; &lt;/TD&gt;
	&lt;TD colspan=2 class="tr8 td10"&gt;&lt;SPAN class="p16 ft3"&gt;Överensstämmelse med unionsrätten ...............................&lt;/SPAN&gt; &lt;/TD&gt;
	&lt;TD class="tr8 td6"&gt;&lt;SPAN class="p14 ft3"&gt;14&lt;/SPAN&gt; &lt;/TD&gt;
&lt;/TR&gt;
&lt;TR&gt;
	&lt;TD class="tr5 td4"&gt;&lt;SPAN class="p3 ft2"&gt; &lt;/SPAN&gt; &lt;/TD&gt;
	&lt;TD class="tr5 td7"&gt;&lt;SPAN class="p12 ft3"&gt;7&lt;/SPAN&gt; &lt;/TD&gt;
	&lt;TD colspan=3 class="tr5 td8"&gt;&lt;SPAN class="p13 ft3"&gt;Författningskommentar...................................................................&lt;/SPAN&gt; &lt;/TD&gt;
	&lt;TD class="tr5 td6"&gt;&lt;SPAN class="p14 ft3"&gt;14&lt;/SPAN&gt; &lt;/TD&gt;
&lt;/TR&gt;
&lt;TR&gt;
	&lt;TD class="tr10 td4"&gt;&lt;SPAN class="p3 ft2"&gt; &lt;/SPAN&gt; &lt;/TD&gt;
	&lt;TD colspan=2 class="tr10 td13"&gt;&lt;SPAN class="p12 ft3"&gt;Bilaga 1&lt;/SPAN&gt; &lt;/TD&gt;
	&lt;TD colspan=2 class="tr10 td10"&gt;&lt;SPAN class="p16 ft3"&gt;Sammanfattning av promemorian ....................................&lt;/SPAN&gt; &lt;/TD&gt;
	&lt;TD class="tr10 td6"&gt;&lt;SPAN class="p14 ft3"&gt;15&lt;/SPAN&gt; &lt;/TD&gt;
&lt;/TR&gt;
&lt;TR&gt;
	&lt;TD class="tr10 td4"&gt;&lt;SPAN class="p3 ft2"&gt; &lt;/SPAN&gt; &lt;/TD&gt;
	&lt;TD colspan=2 class="tr10 td13"&gt;&lt;SPAN class="p12 ft3"&gt;Bilaga 2&lt;/SPAN&gt; &lt;/TD&gt;
	&lt;TD colspan=2 class="tr10 td10"&gt;&lt;SPAN class="p16 ft3"&gt;Promemorians lagförslag..................................................&lt;/SPAN&gt; &lt;/TD&gt;
	&lt;TD class="tr10 td6"&gt;&lt;SPAN class="p14 ft3"&gt;16&lt;/SPAN&gt; &lt;/TD&gt;
&lt;/TR&gt;
&lt;TR&gt;
	&lt;TD class="tr10 td4"&gt;&lt;SPAN class="p3 ft2"&gt; &lt;/SPAN&gt; &lt;/TD&gt;
	&lt;TD colspan=2 class="tr10 td13"&gt;&lt;SPAN class="p12 ft3"&gt;Bilaga 3&lt;/SPAN&gt; &lt;/TD&gt;
	&lt;TD colspan=2 class="tr10 td10"&gt;&lt;SPAN class="p16 ft3"&gt;Förteckning över remissinstanserna .................................&lt;/SPAN&gt; &lt;/TD&gt;
	&lt;TD class="tr10 td6"&gt;&lt;SPAN class="p14 ft3"&gt;18&lt;/SPAN&gt; &lt;/TD&gt;
&lt;/TR&gt;
&lt;TR&gt;
	&lt;TD class="tr10 td4"&gt;&lt;SPAN class="p3 ft2"&gt; &lt;/SPAN&gt; &lt;/TD&gt;
	&lt;TD colspan=2 class="tr10 td13"&gt;&lt;SPAN class="p12 ft3"&gt;Bilaga 4&lt;/SPAN&gt; &lt;/TD&gt;
	&lt;TD colspan=2 class="tr10 td10"&gt;&lt;SPAN class="p16 ft3"&gt;Lagrådets yttrande ............................................................&lt;/SPAN&gt; &lt;/TD&gt;
	&lt;TD class="tr10 td6"&gt;&lt;SPAN class="p15 ft3"&gt;19&lt;/SPAN&gt; &lt;/TD&gt;
&lt;/TR&gt;
&lt;TR&gt;
	&lt;TD class="tr10 td4"&gt;&lt;SPAN class="p3 ft2"&gt; &lt;/SPAN&gt; &lt;/TD&gt;
	&lt;TD colspan=4 class="tr10 td5"&gt;&lt;SPAN class="p12 ft3"&gt;Utdrag ur protokoll vid regeringssammanträde den 7 februari 2019 ......&lt;/SPAN&gt; &lt;/TD&gt;
	&lt;TD class="tr10 td6"&gt;&lt;SPAN class="p14 ft3"&gt;20&lt;/SPAN&gt; &lt;/TD&gt;
&lt;/TR&gt;
&lt;/TABLE&gt;
&lt;P class="p17 ft3"&gt;2&lt;/P&gt;
&lt;/DIV&gt;
&lt;DIV id="page_3"&gt;


&lt;TABLE cellpadding=0 cellspacing=0 class="t2"&gt;
&lt;TR&gt;
	&lt;TD class="tr11 td14"&gt;&lt;SPAN class="p18 ft1"&gt;1&lt;/SPAN&gt; &lt;/TD&gt;
	&lt;TD class="tr11 td15"&gt;&lt;SPAN class="p19 ft1"&gt;Förslag till riksdagsbeslut&lt;/SPAN&gt; &lt;/TD&gt;
	&lt;TD class="tr11 td16"&gt;&lt;SPAN class="p3 ft3"&gt;Prop. 2018/19:44&lt;/SPAN&gt; &lt;/TD&gt;
&lt;/TR&gt;
&lt;/TABLE&gt;
&lt;P class="p20 ft3"&gt;Regeringens förslag:&lt;/P&gt;
&lt;P class="p21 ft8"&gt;&lt;SPAN class="ft3"&gt;1.&lt;/SPAN&gt;&lt;SPAN class="ft7"&gt;Riksdagen antar regeringens förslag till lag om ändring i lagen (2007:528) om värdepappersmarknaden.&lt;/SPAN&gt;&lt;/P&gt;
&lt;P class="p21 ft8"&gt;&lt;SPAN class="ft3"&gt;2.&lt;/SPAN&gt;&lt;SPAN class="ft7"&gt;Riksdagen antar regeringens förslag till lag om ändring i lagen (2007:528) om värdepappersmarknaden.&lt;/SPAN&gt;&lt;/P&gt;
&lt;P class="p22 ft3"&gt;&lt;SPAN class="ft3"&gt;3.&lt;/SPAN&gt;&lt;SPAN class="ft9"&gt;Riksdagen beslutar att förkorta motionstiden till åtta dagar.&lt;/SPAN&gt;&lt;/P&gt;
&lt;P class="p23 ft3"&gt;3&lt;/P&gt;
&lt;/DIV&gt;
&lt;DIV id="page_4"&gt;
&lt;DIV id="p4dimg1"&gt;
&lt;INGENBILD zsrc="H603444x1.jpg/" id="p4img1"&gt;
&lt;/DIV&gt;


&lt;TABLE cellpadding=0 cellspacing=0 class="t3"&gt;
&lt;TR&gt;
	&lt;TD class="tr12 td17"&gt;&lt;SPAN class="p3 ft3"&gt;Prop. 2018/19:44 &lt;SPAN class="ft10"&gt;2&lt;/SPAN&gt;&lt;/SPAN&gt; &lt;/TD&gt;
	&lt;TD class="tr12 td18"&gt;&lt;SPAN class="p3 ft1"&gt;Lagtext&lt;/SPAN&gt; &lt;/TD&gt;
&lt;/TR&gt;
&lt;/TABLE&gt;
&lt;P class="p24 ft3"&gt;Regeringen har följande förslag till lagtext.&lt;/P&gt;
&lt;P class="p25 ft13"&gt;&lt;SPAN class="ft11"&gt;2.1&lt;/SPAN&gt;&lt;SPAN class="ft12"&gt;Förslag till lag om ändring i lagen (2007:528) om värdepappersmarknaden&lt;/SPAN&gt;&lt;/P&gt;
&lt;P class="p26 ft5"&gt;Härigenom föreskrivs att det i lagen (2007:528) om värdepappersmarknaden ska införas en ny paragraf, 4 kap. 10 §, av följande lydelse.&lt;/P&gt;
&lt;TABLE cellpadding=0 cellspacing=0 class="t4"&gt;
&lt;TR&gt;
	&lt;TD class="tr13 td19"&gt;&lt;SPAN class="p3 ft4"&gt;Nuvarande lydelse&lt;/SPAN&gt; &lt;/TD&gt;
	&lt;TD class="tr13 td20"&gt;&lt;SPAN class="p3 ft14"&gt;Föreslagen lydelse&lt;/SPAN&gt; &lt;/TD&gt;
&lt;/TR&gt;
&lt;/TABLE&gt;
&lt;P class="p27 ft15"&gt;4 kap.&lt;/P&gt;
&lt;P class="p28 ft4"&gt;10 §&lt;/P&gt;
&lt;P class="p29 ft4"&gt;Regeringen eller den myndighet som regeringen bestämmer får meddela föreskrifter om att företag som hör hemma utanför EES under en viss tid får fortsätta att driva värdepappersrörelse och tillhandahålla sidotjänster i Sverige utan tillstånd, om de hade den rätten den 29 mars 2019 med stöd av 1 eller 2 §.&lt;/P&gt;
&lt;P class="p30 ft3"&gt;Denna lag träder i kraft den 29 mars 2019.&lt;/P&gt;
&lt;P class="p31 ft3"&gt;4&lt;/P&gt;
&lt;/DIV&gt;
&lt;DIV id="page_5"&gt;


&lt;DIV&gt;
&lt;DIV id="id_1"&gt;
&lt;P class="p32 ft17"&gt;&lt;SPAN class="ft11"&gt;2.2&lt;/SPAN&gt;&lt;SPAN class="ft16"&gt;Förslag till lag om ändring i lagen (2007:528) om värdepappersmarknaden&lt;/SPAN&gt;&lt;/P&gt;
&lt;P class="p33 ft8"&gt;Härigenom föreskrivs att 4 kap. 10 § lagen (2007:528) om värdepappersmarknaden&lt;SPAN class="ft18"&gt;1 &lt;/SPAN&gt;ska upphöra att gälla vid utgången av 2021.&lt;/P&gt;
&lt;P class="p34 ft21"&gt;&lt;SPAN class="ft19"&gt;1&lt;/SPAN&gt;&lt;SPAN class="ft20"&gt;Senaste lydelse av 4 kap. 10 § 2019:0000.&lt;/SPAN&gt;&lt;/P&gt;
&lt;/DIV&gt;
&lt;DIV id="id_2"&gt;
&lt;P class="p35 ft3"&gt;Prop. 2018/19:44&lt;/P&gt;
&lt;P class="p36 ft3"&gt;5&lt;/P&gt;
&lt;/DIV&gt;
&lt;/DIV&gt;
&lt;/DIV&gt;
&lt;DIV id="page_6"&gt;


&lt;TABLE cellpadding=0 cellspacing=0 class="t5"&gt;
&lt;TR&gt;
	&lt;TD class="tr12 td17"&gt;&lt;SPAN class="p3 ft3"&gt;Prop. 2018/19:44 &lt;SPAN class="ft10"&gt;3&lt;/SPAN&gt;&lt;/SPAN&gt; &lt;/TD&gt;
	&lt;TD class="tr12 td21"&gt;&lt;SPAN class="p3 ft1"&gt;Ärendet och dess beredning&lt;/SPAN&gt; &lt;/TD&gt;
&lt;/TR&gt;
&lt;/TABLE&gt;
&lt;P class="p37 ft3"&gt;Inom Finansdepartementet upprättades i november 2018 promemorian Möjlighet för värdepappersföretag i tredjeland att under viss tid tillhandahålla tjänster utan krav på tillstånd och vissa betaltjänstfrågor. I denna proposition behandlas promemorians förslag när det gäller möjlighet för värdepappersföretag i tredjeland att under viss tid tillhandahålla tjänster utan krav på tillstånd. En sammanfattning av promemorian i nu relevanta delar finns i &lt;SPAN class="ft4"&gt;bilaga 1&lt;/SPAN&gt;. Promemorians lagförslag i nu relevanta delar finns i &lt;SPAN class="ft4"&gt;bilaga 2&lt;/SPAN&gt;. Promemorian har remissbehandlats. En förteckning över remissinstanserna för nu aktuellt förslag finns i &lt;SPAN class="ft4"&gt;bilaga 3&lt;/SPAN&gt;. Remissvaren finns tillgängliga i Finansdepartementet (Fi2018/03686/V). Eftersom det är angeläget att lagändringen träder i kraft innan Förenade kungariket lämnar EU finns det skäl för riksdagen att besluta om förkortad motionstid.&lt;/P&gt;
&lt;P class="p38 ft4"&gt;Lagrådet&lt;/P&gt;
&lt;P class="p39 ft8"&gt;Regeringen beslutade den 17 januari 2019 att inhämta Lagrådets yttrande över lagförslag som är likalydande med lagförslagen i propositionen. Lagrådet lämnade förslagen utan erinran. Lagrådets yttrande finns i &lt;SPAN class="ft22"&gt;bilaga 4&lt;/SPAN&gt;.&lt;/P&gt;
&lt;P class="p40 ft1"&gt;&lt;SPAN class="ft1"&gt;4&lt;/SPAN&gt;&lt;SPAN class="ft23"&gt;Brexit och vissa finansiella tjänster&lt;/SPAN&gt;&lt;/P&gt;
&lt;P class="p41 ft11"&gt;&lt;SPAN class="ft11"&gt;4.1&lt;/SPAN&gt;&lt;SPAN class="ft24"&gt;Inledning&lt;/SPAN&gt;&lt;/P&gt;
&lt;P class="p42 ft3"&gt;Det dominerande finansiella centrumet i Europa är London, som också är ett globalt finanscentrum. Brittiska företag tillhandahåller finansiella tjänster till många olika slags företag i Sverige. De brittiska företagen bidrar till konkurrens och breddat utbud av tjänster på den svenska finansmarknaden. Förenade kungarikets utträde ur EU (brexit) förändrar förutsättningarna för brittiska företag att tillhandahålla tjänster till svenska kunder. För att även i fortsättningen kunna driva värdepappersrörelse i Sverige behöver de brittiska företagen vidta en rad åtgärder. Det är fråga om omfattande åtgärder som inte kan förväntas vara avklarade före utträdet den 30 mars 2019. Ett område där svenska kunder riskerar ett avbrott i tillgången på finansiella tjänster rör redan ingångna derivatkontrakt med motparter i Förenade kungariket (se avsnitt 4.4).&lt;/P&gt;
&lt;P class="p43 ft5"&gt;För verksamhet som består i att tillhandahålla investeringstjänster eller utföra investeringsverksamhet används i svensk rätt termen värdepappersrörelse (se 1 kap. 4 c § lagen [2007:528] om värdepappersmarknaden).&lt;/P&gt;
&lt;P class="p44 ft3"&gt;6&lt;/P&gt;
&lt;/DIV&gt;
&lt;DIV id="page_7"&gt;


&lt;DIV id="id_1"&gt;
&lt;TABLE cellpadding=0 cellspacing=0 class="t6"&gt;
&lt;TR&gt;
	&lt;TD class="tr14 td22"&gt;&lt;SPAN class="p45 ft11"&gt;4.2&lt;/SPAN&gt; &lt;/TD&gt;
	&lt;TD class="tr14 td23"&gt;&lt;SPAN class="p46 ft11"&gt;Förutsättningarna för utländska företag att driva &lt;SPAN class="ft25"&gt;Prop. 2018/19:44&lt;/SPAN&gt;&lt;/SPAN&gt; &lt;/TD&gt;
&lt;/TR&gt;
&lt;TR&gt;
	&lt;TD class="tr1 td22"&gt;&lt;SPAN class="p3 ft2"&gt; &lt;/SPAN&gt; &lt;/TD&gt;
	&lt;TD class="tr1 td23"&gt;&lt;SPAN class="p46 ft11"&gt;värdepappersrörelse i Sverige&lt;/SPAN&gt; &lt;/TD&gt;
&lt;/TR&gt;
&lt;/TABLE&gt;
&lt;P class="p47 ft3"&gt;För att driva värdepappersrörelse i Sverige krävs som huvudregel tillstånd av Finansinspektionen (2 kap. 1 § lagen om värdepappersmarknaden). Ett utländskt företag som hör hemma inom EES och som i sitt hemland har tillstånd att driva värdepappersrörelse får dock driva värdepappersrörelse i Sverige utan tillstånd av Finansinspektionen. Värdepappersrörelsen kan drivas från filial i Sverige eller genom att använda ett anknutet ombud som är etablerat här. Värdepappersrörelse kan även drivas genom att ett företag från sitt hemland erbjuder och tillhandahåller tjänster i Sverige (4 kap. 1 § lagen om värdepappersmarknaden).&lt;/P&gt;
&lt;P class="p48 ft3"&gt;De svenska bestämmelserna om rätt för utländska företag som hör hemma i ett land inom EES att driva värdepappersrörelse i Sverige med stöd av sitt tillstånd i hemlandet genomför regler i MiFID II (artiklarna 34 och 35 i Europaparlamentets och rådets direktiv 2014/65/EU av den 15 maj 2014 om marknader för finansiella instrument och om ändring av direktiv 2002/92/EG och av direktiv 2011/61/EU). Det direktivet reglerar även delvis förutsättningarna för ett företag som hör hemma i tredjeland – dvs. som inte har huvudkontor eller säte i ett land inom EES – att driva värdepappersrörelse i ett land inom EES. Det land inom EES där rörelsen ska drivas får i sådana fall kräva att tredjelandsföretaget inrättar en filial där (artikel 39 i MiFID II).&lt;/P&gt;
&lt;P class="p49 ft3"&gt;I Sverige gäller att ett företag som hör hemma i ett tredjeland kan få tillstånd av Finansinspektionen att driva värdepappersrörelse från filial här i landet (4 kap. 4 § lagen om värdepappersmarknaden). Ett sådant tillstånd ger inte rätt att tillhandahålla tjänster eller utföra verksamhet i ett annat land inom EES.&lt;/P&gt;
&lt;P class="p49 ft3"&gt;Ett företag som hör hemma i ett tredjeland får också driva gränsöverskridande värdepappersrörelse i förhållande till professionella kunder i EU med stöd av ett beslut av kommissionen enligt MiFIR om likvärdighet för den stat där företaget hör hemma (artiklarna 46 och 47 i Europaparlamentets och rådets förordning (EU) nr 600/2014 av den 15 maj 2014 om marknader för finansiella instrument och om ändring av förordning (EU) nr 648/2012). I denna situation krävs således inte att företaget inrättar en filial i Sverige för att driva verksamhet här.&lt;/P&gt;
&lt;P class="p50 ft11"&gt;&lt;SPAN class="ft11"&gt;4.3&lt;/SPAN&gt;&lt;SPAN class="ft26"&gt;Förenade kungariket blir ett tredjeland&lt;/SPAN&gt;&lt;/P&gt;
&lt;P class="p51 ft3"&gt;Förutsättningarna för att tillhandahålla finansiella tjänster som omfattas av &lt;NOBR&gt;EU-regleringen&lt;/NOBR&gt; i MiFID II och MiFIR till och från Förenade kungariket förändras efter utträdet ur EU den 30 mars 2019. Företag i Förenade kungariket med tillstånd att driva värdepappersrörelse kommer efter den tidpunkten att vara företag i tredjeland i dessa regelverks mening. Det innebär att de inte längre har rätt att tillhandahålla investeringstjänster eller utföra investeringsverksamhet i EES med stöd av sitt verksamhetstillstånd i hemlandet. Det utkast till avtal mellan EU och Förenade kungariket om vad som ska gälla efter utträdet som tagits fram innebär att företag i&lt;/P&gt;
&lt;/DIV&gt;
&lt;DIV id="id_2"&gt;
&lt;DIV id="id_2_1"&gt;
&lt;P class="p35 ft3"&gt;Förenade kungariket under en övergångsperiod får fortsätta tillhandahålla&lt;/P&gt;
&lt;/DIV&gt;
&lt;DIV id="id_2_2"&gt;
&lt;P class="p35 ft3"&gt;7&lt;/P&gt;
&lt;/DIV&gt;
&lt;/DIV&gt;
&lt;/DIV&gt;
&lt;DIV id="page_8"&gt;


&lt;DIV id="id_1"&gt;
&lt;P class="p52 ft8"&gt;Prop. 2018/19:44 investeringstjänster eller utföra investeringsverksamhet i Sverige och andra medlemsstater (se &lt;SPAN class="ft22"&gt;Part Four Transition &lt;/SPAN&gt;i &lt;SPAN class="ft22"&gt;Draft Agreement on the withdrawal of the United Kingdom of Great Britain and Northern Ireland from the European Union and the European Atomic Energy Community, as agreed at negotiators' level on 14 November 2018&lt;/SPAN&gt;, härefter benämnt utkastet till utträdesavtal). Det är dock ännu osäkert om det mellan EU och Förenade kungariket kommer att träffas ett avtal om vad som ska gälla efter utträdet. Såvitt känt kommer kommissionen inte att fatta ett beslut enligt MiFIR om likvärdighet inför Förenade kungarikets utträde ur EU.&lt;/P&gt;
&lt;/DIV&gt;
&lt;DIV id="id_2"&gt;
&lt;DIV id="id_2_1"&gt;
&lt;P class="p35 ft3"&gt;8&lt;/P&gt;
&lt;/DIV&gt;
&lt;DIV id="id_2_2"&gt;
&lt;P class="p35 ft11"&gt;&lt;SPAN class="ft11"&gt;4.4&lt;/SPAN&gt;&lt;SPAN class="ft24"&gt;Särskilt om vissa derivatkontrakt&lt;/SPAN&gt;&lt;/P&gt;
&lt;P class="p53 ft29"&gt;&lt;SPAN class="ft27"&gt;4.4.1&lt;/SPAN&gt;&lt;SPAN class="ft28"&gt;Marknaden i Sverige&lt;/SPAN&gt;&lt;/P&gt;
&lt;P class="p54 ft3"&gt;Derivatkontrakt, t.ex. optioner, terminer och swappar, fyller en viktig funktion på finansmarknaden. De används av företag för att hantera och sprida risker eller för spekulation. Den största delen av derivathandeln sker bilateralt mellan två parter utanför reglerade marknadsplatser, på engelska ”over the counter” (OTC).&lt;/P&gt;
&lt;P class="p55 ft3"&gt;I Sverige domineras &lt;NOBR&gt;OTC-derivatmarknaden&lt;/NOBR&gt; av de stora bankerna. Den största andelen &lt;NOBR&gt;OTC-derivat&lt;/NOBR&gt; är räntederivat, framför allt ränteswappar. Dessa används bl.a. som försäkring mot oförutsedda förändringar i en ränta. Vissa räntederivat är standardiserade med specifika instrumentdefinitioner och förfallodagar, t.ex. ränteterminer. Andra räntederivat är inte standardiserade. Räntederivat av denna typ är framför allt ränteswappar och ränteoptioner, men även andra skräddarsydda derivatinstrument förekommer.&lt;/P&gt;
&lt;P class="p55 ft3"&gt;Valutaderivat är den näst största kategorin på den svenska OTC- derivatmarknaden. Den vanligaste typen av instrument är valutaswappar. Andra instrument är t.ex. valutaterminer och valutaoptioner. Valutaderivat används bl.a. som försäkring mot valutarisker, t.ex. rörelser i valutakurser. På den svenska marknaden förekommer även bl.a. aktiederivat och råvaruderivat.&lt;/P&gt;
&lt;P class="p56 ft8"&gt;Den största valutan i nominella termer på den svenska &lt;NOBR&gt;OTC-derivat-&lt;/NOBR&gt; marknaden är euro, följt av amerikanska dollar och svenska kronor. Löptiderna varierar mellan allt ifrån några dagar ända upp till trettio år. Bland de kortare löptiderna dominerar &lt;NOBR&gt;valuta-,&lt;/NOBR&gt; aktie- och råvaruderivat medan löptiderna ofta är längre när det gäller räntederivat.&lt;/P&gt;
&lt;P class="p57 ft29"&gt;&lt;SPAN class="ft27"&gt;4.4.2&lt;/SPAN&gt;&lt;SPAN class="ft28"&gt;Händelser under kontraktstiden&lt;/SPAN&gt;&lt;/P&gt;
&lt;P class="p58 ft30"&gt;Derivatkontrakt används för olika syften vilket påverkar villkoren för kontraktet. Villkoren omfattar ett antal händelser under kontraktets löptid. Det rör sig om händelser som betalning och avveckling i enlighet med kontraktsvillkoren, utnyttjande av en option samt ställande av säkerheter. Händelser under kontraktstiden, s.k. lifecycle events, kan dock vara av den karaktären att ett nytt avtalsförhållande anses uppstå när en sådan händelse inträffar. Det kan t.ex. gälla vid förnyande av kontraktet, förlängning av kontraktets löptid, byte av motpart, kompression med eller utan att ingå&lt;/P&gt;
&lt;/DIV&gt;
&lt;/DIV&gt;
&lt;/DIV&gt;
&lt;DIV id="page_9"&gt;


&lt;DIV&gt;
&lt;DIV id="id_1"&gt;
&lt;P class="p59 ft8"&gt;nya kontrakt eller materiella förändringar av villkoren. Sådana åtgärder kan innebära att den ena parten anses tillhandahålla en investeringstjänst enligt lagen om värdepappersmarknaden, vilket aktualiserar frågan om tillstånd att driva värdepappersrörelse (se avsnitt 4.2).&lt;/P&gt;
&lt;P class="p60 ft31"&gt;Rättsläget är delvis osäkert när det gäller vilka åtgärder med avseende på berörda derivatkontrakt som innebär att företag tillhandahåller en investeringstjänst eller utför investeringsverksamhet. Normalt kan avtalade förpliktelser fullgöras utan att det är fråga om tillståndspliktig värdepappersrörelse. Sådana åtgärder som medför att ett nytt avtalsförhållande anses uppstå kan innebära att företaget anses tillhandahålla ett nytt finansiellt instrument, vilket i sin tur kan innebära att en investeringstjänst tillhandahålls enligt lagen om värdepappersmarknaden (mottagande och vidarebefordran av order eller utförande av order enligt 2 kap. 1 § 1 och 2).&lt;/P&gt;
&lt;P class="p61 ft3"&gt;Ett exempel på en händelse under kontraktstiden är att villkoren för ett derivatkontrakt som används för att säkra ränterisk för ett lån behöver ändras eftersom det finns behov av att ändra villkoren för det underliggande lånet, t.ex. i fråga om amortering. I andra fall kan lagkrav och myndighetsingripanden tvinga avtalsparterna att modifiera eller avsluta existerande derivatkontrakt. Ett konkret exempel är det krav som finns i &lt;NOBR&gt;EU-förordningen&lt;/NOBR&gt; om &lt;NOBR&gt;OTC-derivat,&lt;/NOBR&gt; centrala motparter och transaktionsregister (Europaparlamentets och rådets förordning (EU) nr 648/2012 av den 4 juli 2012 om &lt;NOBR&gt;OTC-derivat,&lt;/NOBR&gt; centrala motparter och transaktionsregister) att företag ska använda sig av riskbegränsningstekniker på ickeclearade derivatkontrakt (artikel 11). Det innebär bl.a. att aktörer med mer än 500 kontrakt med varandra ska använda sig av kompressionstjänster (se artikel 14 i kommissionens delegerade förordning (EU) nr 149/2013 av den 19 december 2012 om komplettering av Europaparlamentets och rådets förordning (EU) nr 648/2012 med avseende på tekniska standarder för tillsyn av indirekta clearingarrangemang, clearingkravet, det offentliga registret, tillträde till en handelsplats, &lt;NOBR&gt;icke-finansiella&lt;/NOBR&gt; motparter och riskbegränsningstekniker för &lt;NOBR&gt;OTC-derivatkontrakt&lt;/NOBR&gt; som inte clearas via en central motpart). Kompressionstjänster innebär att två (eller fler) aktörer avslutar ett antal kontrakt och replikerar exponeringen, vanligen genom att ingå ett färre antal kontrakt. Även för aktörer som inte är skyldiga att använda sig av kompressionstjänster kan det finnas stora fördelar med att göra det eftersom det reducerar antalet utestående kontrakt som behöver hanteras. Ett annat exempel på när lag eller myndighetsingripande kan innebära att aktörer måste ändra redan ingångna kontrakt är om kontrakten hänvisar till ett referensvärde som inte blir auktoriserat enligt EU:s förordning om referensvärden, alternativt om en referensränta upphör att publiceras (Europaparlamentets och rådets förordning (EU) 2016/1011 av den 8 juni 2016 om index som används som referensvärden för finansiella instrument och finansiella avtal eller för att mäta investeringsfonders resultat, och om ändring av direktiven 2008/48/EG och 2014/17/EU och förordning (EU) nr 596/2014).&lt;/P&gt;
&lt;P class="p62 ft30"&gt;I de situationer som nämns ovan sker alltså förändringar av det ingångna kontraktet. Förändringarna kan vara så betydande att de innebär att ett nytt avtalsförhållande anses uppstå trots att kontraktet i sig inte avslutas och ersätts av ett nytt. Som anges ovan kan det innebära att de åtgärder som vidtas är att betrakta som tillståndspliktig värdepappersrörelse.&lt;/P&gt;
&lt;/DIV&gt;
&lt;DIV id="id_2"&gt;
&lt;P class="p63 ft3"&gt;Prop. 2018/19:44&lt;/P&gt;
&lt;P class="p36 ft3"&gt;9&lt;/P&gt;
&lt;/DIV&gt;
&lt;/DIV&gt;
&lt;/DIV&gt;
&lt;DIV id="page_10"&gt;
&lt;DIV id="p10dimg1"&gt;
&lt;INGENBILD zsrc="H6034410x1.jpg/" id="p10img1"&gt;
&lt;/DIV&gt;


&lt;TABLE cellpadding=0 cellspacing=0 class="t7"&gt;
&lt;TR&gt;
	&lt;TD class="tr14 td17"&gt;&lt;SPAN class="p3 ft3"&gt;Prop. 2018/19:44 &lt;SPAN class="ft32"&gt;4.5&lt;/SPAN&gt;&lt;/SPAN&gt; &lt;/TD&gt;
	&lt;TD class="tr14 td24"&gt;&lt;SPAN class="p3 ft11"&gt;En övergångslösning för fortsatt tillgång till&lt;/SPAN&gt; &lt;/TD&gt;
&lt;/TR&gt;
&lt;TR&gt;
	&lt;TD class="tr9 td17"&gt;&lt;SPAN class="p3 ft2"&gt; &lt;/SPAN&gt; &lt;/TD&gt;
	&lt;TD class="tr9 td24"&gt;&lt;SPAN class="p3 ft11"&gt;investeringstjänster från företag i Förenade&lt;/SPAN&gt; &lt;/TD&gt;
&lt;/TR&gt;
&lt;TR&gt;
	&lt;TD class="tr1 td17"&gt;&lt;SPAN class="p3 ft2"&gt; &lt;/SPAN&gt; &lt;/TD&gt;
	&lt;TD class="tr1 td24"&gt;&lt;SPAN class="p3 ft11"&gt;kungariket&lt;/SPAN&gt; &lt;/TD&gt;
&lt;/TR&gt;
&lt;/TABLE&gt;
&lt;P class="p64 ft8"&gt;&lt;SPAN class="ft33"&gt;Regeringens förslag: &lt;/SPAN&gt;Regeringen eller den myndighet som regeringen bestämmer ska få meddela föreskrifter om att företag utanför EES under en viss tid ska få fortsätta att driva värdepappersrörelse och tillhandahålla sidotjänster i Sverige utan tillstånd, om de hade den rätten den 29 mars 2019.&lt;/P&gt;
&lt;P class="p65 ft3"&gt;&lt;SPAN class="ft15"&gt;Promemorians förslag &lt;/SPAN&gt;överensstämmer i huvudsak med regeringens förslag. Promemorians förslag avviker från regeringens förslag genom att bemyndigandet i promemorians förslag inte är begränsat till föreskrifter som avser företag som den 29 mars 2019 fick driva värdepappersrörelse i Sverige med stöd av sitt tillstånd i hemlandet. Enligt promemorians förslag omfattar bemyndigandet vidare inte uttryckligen föreskrifter om att sidotjänster får tillhandahållas utan tillstånd.&lt;/P&gt;
&lt;P class="p66 ft3"&gt;&lt;SPAN class="ft15"&gt;Remissinstanserna &lt;/SPAN&gt;tillstyrker förslaget eller har inget att invända mot det. &lt;SPAN class="ft4"&gt;Svenska Bankföreningen&lt;/SPAN&gt;, &lt;SPAN class="ft4"&gt;Svenska Fondhandlareföreningen &lt;/SPAN&gt;och &lt;SPAN class="ft4"&gt;Sveriges advokatsamfund &lt;/SPAN&gt;framför dock synpunkter i fråga om när en verksamhet som drivs av ett utländskt företag ska anses drivas i Sverige på ett sådant sätt att tillståndsplikt föreligger här i landet. &lt;SPAN class="ft4"&gt;Bankföreningen &lt;/SPAN&gt;och &lt;SPAN class="ft4"&gt;Fondhandlareföreningen &lt;/SPAN&gt;anser att det även bör klargöras att övergångslösningen omfattar sidotjänster som kompletterar investeringstjänster.&lt;/P&gt;
&lt;P class="p67 ft3"&gt;&lt;SPAN class="ft15"&gt;Skälen för regeringens förslag: &lt;/SPAN&gt;Enligt Finansinspektionens uppskattning har ca 150 svenska företag för närvarande ingått derivatkontrakt med en motpart som har säte i Förenade kungariket. Det rör sig om många olika slags företag, från &lt;NOBR&gt;icke-finansiella&lt;/NOBR&gt; industriföretag till tjänstepensionsbolag och banker. De svenska kunderna har ett betydande antal kontrakt och betydande exponeringar mot sina brittiska motparter. Svenska företag har ett behov av att även efter Förenade kungarikets utträde ur EU ha tillgång till finansiella tjänster från företag som i dag är etablerade där.&lt;/P&gt;
&lt;P class="p68 ft3"&gt;Berörda brittiska företag har möjlighet att göra förändringar så att de kan fortsätta tillhandahålla tjänster till svenska kunder även efter utträdet ur EU. Ett alternativ är att inrätta en filial i Sverige och inför utträdet ansöka om tillstånd att driva värdepappersrörelse från filialen. Det är dock mer sannolikt att berörda brittiska företag etablerar dotterbolag i ett land inom EES och förnyar sina existerande kontrakt med svenska kunder så att de svenska kunderna får dotterbolaget som motpart, eftersom en sådan förändring ger rätt att tillhandahålla tjänster i samtliga länder inom EES. Den förändringen medför en omfattande flytt av verksamhet som för med sig konsekvenser för såväl de brittiska företagen som deras svenska kunder. För att befintliga kontrakt ska kunna föras över från den brittiska motparten till en motpart inom EES krävs att det finns en motpart inom EES som har vilja och möjlighet att ta över positionen. Överföringen av kontrakten kan sedan kräva en överenskommelse med kunden i fråga om varje kontrakt eller ett tillstånd meddelat av domstol. En överföring av derivatkontrakt från en brittisk motpart till en motpart inom EES kan för&lt;/P&gt;
&lt;P class="p69 ft3"&gt;10&lt;/P&gt;
&lt;/DIV&gt;
&lt;DIV id="page_11"&gt;


&lt;DIV&gt;
&lt;DIV id="id_1"&gt;
&lt;P class="p70 ft8"&gt;kunden föranleda frågor om t.ex. skatteeffekter, bokföring och kravuppfyllelse. Det kan antas att det i alla fall inte kommer att vara möjligt att åstadkomma de förändringar som behövs under den tid som står till buds innan Förenade kungariket lämnar EU.&lt;/P&gt;
&lt;P class="p60 ft3"&gt;Ett avbrott i tillgången till de tjänster som behövs för hanteringen av redan ingångna derivatkontrakt med motparter i Förenade kungariket innebär en risk för ökade kostnader för de företag som hanterar sina risker och sin finansiering med hjälp av motparter i Förenade kungariket. Om tjänster för hanteringen av redan ingångna derivatkontrakt inte kan tillhandahållas till svenska företag behöver företagen avsluta kontrakt med en motpart i Förenade kungariket eller låta bli att vidta åtgärder för hanteringen av dem, för att sedan hitta en motpart inom EES som kan ingå ett motsvarande kontrakt. Det kan resultera i höga kostnader och ökade risker för dessa svenska företag.&lt;/P&gt;
&lt;P class="p60 ft3"&gt;För att säkerställa att svenska företag och deras motparter i Förenade kungariket hinner vidta de åtgärder som krävs för att tillgodose tillgången till tjänster som behövs för hantering av redan ingångna derivatkontrakt efter Förenade kungarikets utträde ur EU bör en övergångslösning införas. Den bör utformas så att brittiska företag under en period efter utträdet kan fortsätta tillhandahålla berörda tjänster till kunder i Sverige.&lt;/P&gt;
&lt;P class="p71 ft3"&gt;Det kan inte uteslutas att det till följd av Förenade kungarikets utträde ur EU uppkommer ytterligare behov av övergångslösningar när det gäller möjligheten för företag i Förenade kungariket att driva värdepappersrörelse i Sverige. De närmare förutsättningarna för sådana företags möjlighet att under viss tid driva värdepappersrörelse i Sverige utan krav på tillstånd bör därför regleras i föreskrifter på lägre nivå än lag. Regeringen eller den myndighet som regeringen bestämmer bör därför få meddela föreskrifter om att företag utanför EES får fortsätta att under viss tid driva värdepappersrörelse i Sverige utan tillstånd av Finansinspektionen. Regeringen instämmer med &lt;SPAN class="ft4"&gt;Svenska Bankföreningen &lt;/SPAN&gt;och &lt;SPAN class="ft4"&gt;Svenska Fondhandlareföreningen &lt;/SPAN&gt;att det i förhållande till promemorians förslag bör förtydligas att föreskrifterna även får omfatta tillhandahållande av sidotjänster. Det bör framgå uttryckligen av lagtexten. De företag som bör kunna omfattas av föreskrifterna om undantag från tillståndsplikt är de som vid Förenade kungarikets utträde ur EU får driva värdepappersrörelse i Sverige med stöd av sitt verksamhetstillstånd i hemlandet (dvs. i enlighet med 4 kap. 1 eller 2 § lagen om värdepappersmarknaden). Även detta bör framgå av lagtexten. Bemyndigandet för regeringen eller den myndighet som regeringen bestämmer att meddela föreskrifter bör gälla endast under en begränsad tid. I avsnitt 5 föreslås att bemyndigandet ska upphöra att gälla vid utgången av 2021.&lt;/P&gt;
&lt;P class="p72 ft4"&gt;Bankföreningen&lt;SPAN class="ft3"&gt;, &lt;/SPAN&gt;Fondhandlareföreningen &lt;SPAN class="ft3"&gt;och &lt;/SPAN&gt;Sveriges advokatsamfund &lt;SPAN class="ft3"&gt;uppmärksammar att promemorian inte behandlar frågan om när ett utländskt företag ska anses driva tillståndspliktig verksamhet i Sverige. Dessa remissinstanser framhåller att enstaka affärer med finansiella instrument som ett utländskt företag har med svenska motparter inte behöver medföra att det utländska företaget driver tillståndspliktig verksamhet här i landet. Enligt Bankföreningen och Fondhandlareföreningen bör det krävas en fortlöpande verksamhet av viss omfattning för att det ska bli aktuellt med ett krav på tillstånd i Sverige. Regeringen konstaterar att det finns ett antal brittiska företag som i dag driver tillståndspliktig&lt;/SPAN&gt;&lt;/P&gt;
&lt;/DIV&gt;
&lt;DIV id="id_2"&gt;
&lt;P class="p73 ft3"&gt;Prop. 2018/19:44&lt;/P&gt;
&lt;P class="p36 ft3"&gt;11&lt;/P&gt;
&lt;/DIV&gt;
&lt;/DIV&gt;
&lt;/DIV&gt;
&lt;DIV id="page_12"&gt;
&lt;DIV id="p12dimg1"&gt;
&lt;INGENBILD zsrc="H6034412x1.jpg/" id="p12img1"&gt;
&lt;/DIV&gt;


&lt;P class="p74 ft8"&gt;Prop. 2018/19:44 värdepappersrörelse i Sverige och att syftet med förslaget är att sådan verksamhet ska kunna fortsätta under en övergångsperiod. Förslaget innebär inte någon ändring av rättsläget i fråga om när ett utländskt företag ska anses driva tillståndspliktig värdepappersrörelse i Sverige (se bl.a. prop. 1994/95:50 s. 105 och prop. 2016/17:162 s. 467).&lt;/P&gt;
&lt;P class="p75 ft3"&gt;De undantag från krav på tillstånd av Finansinspektionen för att driva värdepappersrörelse i Sverige som kommer att kunna ges i föreskrifter med stöd av det föreslagna nya bemyndigandet kan avgränsas i olika avseenden. Med avseende på de i denna proposition behandlade tjänsterna som rör derivatkontrakt kan undantaget från tillståndsplikt utformas t.ex. så att de brittiska företagen får möjlighet att i förhållande till professionella kunder i Sverige som de har ett avtalsförhållande med vid tidpunkten för utträdet ur EU fortsätta driva sådan verksamhet som omfattas av tillståndet i hemlandet. Ett på detta sätt utformat undantag skulle göra det möjligt för sådana brittiska företag att fortsätta tillhandahålla tjänster till de professionella kunder (inklusive jämbördiga motparter) som de i dag har t.ex. ett ramavtal med.&lt;/P&gt;
&lt;P class="p76 ft1"&gt;&lt;SPAN class="ft1"&gt;5&lt;/SPAN&gt;&lt;SPAN class="ft23"&gt;Ikraftträdande&lt;/SPAN&gt;&lt;/P&gt;
&lt;P class="p77 ft5"&gt;&lt;SPAN class="ft34"&gt;Regeringens förslag: &lt;/SPAN&gt;Lagändringen ska träda i kraft den 29 mars 2019 och upphöra att gälla vid utgången av 2021.&lt;/P&gt;
&lt;P class="p68 ft8"&gt;&lt;SPAN class="ft33"&gt;Promemorians förslag &lt;/SPAN&gt;överensstämmer delvis med regeringens förslag. I promemorian föreslås ett tidigare ikraftträdandedatum.&lt;/P&gt;
&lt;P class="p75 ft3"&gt;&lt;SPAN class="ft15"&gt;Remissinstanserna: &lt;/SPAN&gt;Flertalet remissinstanser tillstyrker förslaget eller har inget att invända mot det. &lt;SPAN class="ft4"&gt;Svenska Bankföreningen &lt;/SPAN&gt;och &lt;SPAN class="ft4"&gt;Svenska Fondhandlareföreningen &lt;/SPAN&gt;föreslår att bemyndigandet att meddela föreskrifter om undantag från tillståndsplikt ska gälla i vart fall till utgången av 2022. &lt;SPAN class="ft4"&gt;Sveriges advokatsamfund &lt;/SPAN&gt;föreslår att förslaget kompletteras med en övergångsbestämmelse med hänsyn till den osäkerhet som finns när det gäller en eventuell kommande överenskommelse om Förenade kungarikets utträde ur EU.&lt;/P&gt;
&lt;P class="p67 ft3"&gt;&lt;SPAN class="ft15"&gt;Skälen för regeringens förslag: &lt;/SPAN&gt;Lagändringen bör träda i kraft så snart som möjligt och innan Förenade kungariket lämnar EU. Den föreslås därför träda i kraft den 29 mars 2019. Som behandlas i avsnitt 4.5 bör den gälla endast under en begränsad tid. Som &lt;SPAN class="ft4"&gt;Svenska Bankföreningen, Svenska Fondhandlareföreningen &lt;/SPAN&gt;och &lt;SPAN class="ft4"&gt;Sveriges advokatsamfund &lt;/SPAN&gt;påpekar finns det fortfarande en betydande osäkerhet i fråga om Förenade kungarikets utträde ur EU. Regeringen bedömer dock att det för närvarande bör vara tillräckligt att bemyndigandet att meddela föreskrifter som möjliggör övergångslösningar gäller till utgången av 2021. Det bör upphöra att gälla vid den tidpunkten. Skulle det uppkomma behov av övergångslösningar som sträcker sig längre i tiden kan regeringen återkomma med förslag till sådana i ett annat sammanhang. Några särskilda övergångsbestämmelser bedöms inte vara nödvändiga.&lt;/P&gt;
&lt;P class="p78 ft3"&gt;12&lt;/P&gt;
&lt;/DIV&gt;
&lt;DIV id="page_13"&gt;


&lt;TABLE cellpadding=0 cellspacing=0 class="t2"&gt;
&lt;TR&gt;
	&lt;TD class="tr11 td14"&gt;&lt;SPAN class="p18 ft1"&gt;6&lt;/SPAN&gt; &lt;/TD&gt;
	&lt;TD class="tr11 td15"&gt;&lt;SPAN class="p19 ft1"&gt;Förslagens konsekvenser&lt;/SPAN&gt; &lt;/TD&gt;
	&lt;TD class="tr11 td16"&gt;&lt;SPAN class="p3 ft3"&gt;Prop. 2018/19:44&lt;/SPAN&gt; &lt;/TD&gt;
&lt;/TR&gt;
&lt;/TABLE&gt;
&lt;P class="p79 ft8"&gt;Förslaget har inga offentligfinansiella eller samhällsekonomiska effekter. Om förslaget inte genomförs kan det innebära negativa effekter för svenska företag när Förenade kungariket utträder ur EU, vilket beskrivs nedan.&lt;/P&gt;
&lt;P class="p80 ft11"&gt;&lt;SPAN class="ft11"&gt;6.1&lt;/SPAN&gt;&lt;SPAN class="ft26"&gt;Effekter för företagen och investerarna&lt;/SPAN&gt;&lt;/P&gt;
&lt;P class="p79 ft3"&gt;Enligt Finansinspektionens uppskattning har ca 150 svenska företag för närvarande ingått derivatkontrakt med en motpart med säte i Förenade kungariket. Företagen är verksamma inom olika branscher och utgörs av bl.a. &lt;NOBR&gt;icke-finansiella&lt;/NOBR&gt; industriföretag, tjänstepensionsbolag och banker. Storleken på företagen varierar och de kan vara alltifrån mycket små, med färre än tio anställda, till mycket stora, med en personalstyrka på flera tusen. Även när det gäller årsomsättning är det stor skillnad på företagen. Förslaget kommer inte medföra ökade kostnader för de svenska företagen utan det innebär i stället en möjlighet att även efter Förenade kungarikets utträde ur EU genomföra förändringar av derivatkontrakt utan att kostnaderna för att hantera risker och för finansiering ökar. Förslaget kommer därmed även lämna konkurrensförhållandena oförändrade. Skyddet för svenska investerare påverkas inte av förslaget eftersom det är fråga om ett begränsat undantag från tillståndsplikt för företag som, liksom i dag, står under tillsyn i Förenade kungariket.&lt;/P&gt;
&lt;P class="p81 ft11"&gt;&lt;SPAN class="ft11"&gt;6.2&lt;/SPAN&gt;&lt;SPAN class="ft26"&gt;Effekter för myndigheter och domstolar&lt;/SPAN&gt;&lt;/P&gt;
&lt;P class="p82 ft3"&gt;Förslagen medför inga merkostnader för myndigheter eller domstolar.&lt;/P&gt;
&lt;P class="p83 ft11"&gt;&lt;SPAN class="ft11"&gt;6.3&lt;/SPAN&gt;&lt;SPAN class="ft26"&gt;Alternativa lösningar&lt;/SPAN&gt;&lt;/P&gt;
&lt;P class="p84 ft3"&gt;I fråga om finansiella tjänster som rör ingångna derivatkontrakt kan behovet av övergångsregler tillgodoses genom ett avtal mellan EU och Förenade kungariket. Det är dock osäkert om ett sådant avtal kommer att finnas på plats vid utträdet. De berörda kontrakten kan också flyttas från den brittiska motparten till en motpart inom ESS innan utträdet. Sannolikt kommer en sådan flytt i flera fall inte vara möjlig att åstadkomma i tid. Det arbetet är administrativt betungande med hänsyn till antalet utestående kontrakt. Det är vidare oklart om berörda företag för det första känner till problemet och för det andra om de har de resurser som krävs för att hantera situationen i tid. Dessutom kommer en flytt potentiellt få andra konsekvenser, t.ex. redovisningsmässiga effekter. Effekterna är okända men sannolikt stora. Ett annat alternativ kan vara att de svenska företagen väljer att inte vidta några åtgärder alls före Förenade kungarikets utträde ur EU. Det innebär att de efter utträdet sannolikt endast kan låta kontrakten gå till förfall och att de inte kommer kunna modifiera dem under löptiden.&lt;/P&gt;
&lt;P class="p85 ft3"&gt;13&lt;/P&gt;
&lt;/DIV&gt;
&lt;DIV id="page_14"&gt;


&lt;TABLE cellpadding=0 cellspacing=0 class="t8"&gt;
&lt;TR&gt;
	&lt;TD class="tr15 td17"&gt;&lt;SPAN class="p3 ft3"&gt;Prop. 2018/19:44 &lt;SPAN class="ft32"&gt;6.4&lt;/SPAN&gt;&lt;/SPAN&gt; &lt;/TD&gt;
	&lt;TD class="tr15 td25"&gt;&lt;SPAN class="p3 ft11"&gt;Speciella informationsinsatser&lt;/SPAN&gt; &lt;/TD&gt;
&lt;/TR&gt;
&lt;/TABLE&gt;
&lt;P class="p86 ft3"&gt;Förslaget medför inget behov av speciella informationsinsatser.&lt;/P&gt;
&lt;P class="p87 ft11"&gt;&lt;SPAN class="ft11"&gt;6.5&lt;/SPAN&gt;&lt;SPAN class="ft24"&gt;Överensstämmelse med unionsrätten&lt;/SPAN&gt;&lt;/P&gt;
&lt;P class="p88 ft3"&gt;Förslaget är i överenstämmelse med MiFID II och MiFIR.&lt;/P&gt;
&lt;P class="p89 ft1"&gt;&lt;SPAN class="ft1"&gt;7&lt;/SPAN&gt;&lt;SPAN class="ft23"&gt;Författningskommentar&lt;/SPAN&gt;&lt;/P&gt;
&lt;P class="p90 ft13"&gt;Förslaget till lag om ändring i lagen (2007:528) om värdepappersmarknaden&lt;/P&gt;
&lt;P class="p91 ft15"&gt;4 kap. Utländska företags verksamhet i Sverige&lt;/P&gt;
&lt;P class="p92 ft14"&gt;&lt;SPAN class="ft35"&gt;10 § &lt;/SPAN&gt;Regeringen eller den myndighet som regeringen bestämmer får meddela föreskrifter om att företag som hör hemma utanför EES under en viss tid får fortsätta att driva värdepappersrörelse och tillhandahålla sidotjänster i Sverige utan tillstånd, om de hade den rätten den 29 mars 2019 med stöd av 1 eller 2 §.&lt;/P&gt;
&lt;P class="p93 ft3"&gt;I paragrafen, som är ny, finns ett bemyndigande för regeringen eller den myndighet som regeringen bestämmer att meddela föreskrifter om att vissa företag som hör hemma utanför EES under en viss tid får driva värdepappersrörelse och tillhandahålla sidotjänster utan tillstånd. Övervägandena finns i avsnitt 4.5.&lt;/P&gt;
&lt;P class="p94 ft3"&gt;Med stöd av bemyndigandet kan föreskrifter meddelas om att företag utanför EES får fortsätta att driva värdepappersrörelse och tillhandahålla sidotjänster i Sverige utan tillstånd av Finansinspektionen. De företag som kan omfattas av sådana föreskrifter är de som vid tidpunkten för Förenade kungarikets utträde ur EU fick driva värdepappersrörelse i Sverige med stöd av sitt tillstånd där. De undantag från tillståndsplikt som meddelas med stöd av bemyndigandet kan endast omfatta sådan verksamhet som ett företag i Förenade kungariket vid tidpunkten för Förenade kungarikets utträde ur EU fick driva i Sverige utan tillstånd av Finansinspektionen.&lt;/P&gt;
&lt;P class="p95 ft3"&gt;14&lt;/P&gt;
&lt;/DIV&gt;
&lt;DIV id="page_15"&gt;


&lt;DIV id="id_1"&gt;
&lt;DIV id="id_1_1"&gt;
&lt;P class="p35 ft1"&gt;Sammanfattning av promemorian&lt;/P&gt;
&lt;/DIV&gt;
&lt;DIV id="id_1_2"&gt;
&lt;P class="p35 ft5"&gt;Prop. 2018/19:44 Bilaga 1&lt;/P&gt;
&lt;/DIV&gt;
&lt;/DIV&gt;
&lt;DIV id="id_2"&gt;
&lt;P class="p96 ft3"&gt;I promemorian föreslås en tillfällig bestämmelse som innebär att regeringen eller den myndighet som regeringen bestämmer ska få meddela föreskrifter om att företag som hör hemma utanför EES under en viss tid ska få driva värdepappersrörelse i Sverige utan tillstånd av Finansinspektionen. Det föreslås att sådana föreskrifter ska meddelas så att värdepappersföretag som hör hemma i Förenade kungariket under en övergångsperiod efter landets utträde ur EU ska kunna fortsätta tillhandahålla tjänster till professionella kunder med vilka de vid utträdet har ett avtalsförhållande. Förslagen innebär ändringar i lagen om värdepappersmarknaden och förordningen om värdepappersmarknaden.&lt;/P&gt;
&lt;P class="p97 ft3"&gt;Författningsändringarna föreslås träda i kraft den 15 mars 2019.&lt;/P&gt;
&lt;P class="p98 ft3"&gt;15&lt;/P&gt;
&lt;/DIV&gt;
&lt;/DIV&gt;
&lt;DIV id="page_16"&gt;
&lt;DIV id="p16dimg1"&gt;
&lt;INGENBILD zsrc="H6034416x1.jpg/" id="p16img1"&gt;
&lt;/DIV&gt;


&lt;DIV&gt;
&lt;DIV id="id_1"&gt;
&lt;P class="p99 ft5"&gt;Prop. 2018/19:44 Bilaga 2&lt;/P&gt;
&lt;P class="p100 ft3"&gt;16&lt;/P&gt;
&lt;/DIV&gt;
&lt;DIV id="id_2"&gt;
&lt;P class="p35 ft1"&gt;Promemorians lagförslag&lt;/P&gt;
&lt;P class="p101 ft17"&gt;Förslag till lag om ändring i lagen (2007:528) om värdepappersmarknaden&lt;/P&gt;
&lt;P class="p102 ft36"&gt;Härigenom föreskrivs att det i lagen (2007:528) om värdepappersmarknaden ska införas en ny paragraf, 4 kap. 10 §, av följande lydelse.&lt;/P&gt;
&lt;TABLE cellpadding=0 cellspacing=0 class="t9"&gt;
&lt;TR&gt;
	&lt;TD class="tr13 td19"&gt;&lt;SPAN class="p3 ft4"&gt;Nuvarande lydelse&lt;/SPAN&gt; &lt;/TD&gt;
	&lt;TD class="tr13 td20"&gt;&lt;SPAN class="p3 ft14"&gt;Föreslagen lydelse&lt;/SPAN&gt; &lt;/TD&gt;
&lt;/TR&gt;
&lt;/TABLE&gt;
&lt;P class="p103 ft15"&gt;&lt;SPAN class="ft37"&gt;4&lt;/SPAN&gt;&lt;SPAN class="ft38"&gt;kap.&lt;/SPAN&gt;&lt;/P&gt;
&lt;P class="p104 ft4"&gt;10 §&lt;/P&gt;
&lt;P class="p105 ft22"&gt;Regeringen eller den myndighet som regeringen bestämmer får meddela föreskrifter om att företag som hör hemma utanför EES under en viss tid får driva värdepappersrörelse utan tillstånd.&lt;/P&gt;
&lt;P class="p106 ft3"&gt;Denna lag träder i kraft den 15 mars 2019.&lt;/P&gt;
&lt;/DIV&gt;
&lt;/DIV&gt;
&lt;/DIV&gt;
&lt;DIV id="page_17"&gt;


&lt;DIV&gt;
&lt;DIV id="id_1"&gt;
&lt;P class="p107 ft17"&gt;Förslag till lag om ändring i lagen (2007:528) om värdepappersmarknaden&lt;/P&gt;
&lt;P class="p33 ft8"&gt;Härigenom föreskrivs att 4 kap. 10 § lagen (2007:528) om värdepappersmarknaden&lt;SPAN class="ft18"&gt;1 &lt;/SPAN&gt;ska upphöra att gälla vid utgången av 2021.&lt;/P&gt;
&lt;P class="p34 ft21"&gt;&lt;SPAN class="ft19"&gt;1&lt;/SPAN&gt;&lt;SPAN class="ft20"&gt;Senaste lydelse av 4 kap. 10 § 2019:0000.&lt;/SPAN&gt;&lt;/P&gt;
&lt;/DIV&gt;
&lt;DIV id="id_2"&gt;
&lt;P class="p108 ft5"&gt;Prop. 2018/19:44 Bilaga 2&lt;/P&gt;
&lt;P class="p109 ft3"&gt;17&lt;/P&gt;
&lt;/DIV&gt;
&lt;/DIV&gt;
&lt;/DIV&gt;
&lt;DIV id="page_18"&gt;


&lt;DIV&gt;
&lt;DIV id="id_1"&gt;
&lt;P class="p99 ft5"&gt;Prop. 2018/19:44 Bilaga 3&lt;/P&gt;
&lt;P class="p100 ft3"&gt;18&lt;/P&gt;
&lt;/DIV&gt;
&lt;DIV id="id_2"&gt;
&lt;P class="p35 ft1"&gt;Förteckning över remissinstanserna&lt;/P&gt;
&lt;P class="p110 ft30"&gt;Efter remiss har yttranden kommit in från Andra &lt;NOBR&gt;AP-fonden,&lt;/NOBR&gt; Finansinspektionen, Fondbolagens förening, Fjärde &lt;NOBR&gt;AP-fonden,&lt;/NOBR&gt; Första &lt;NOBR&gt;AP-fonden,&lt;/NOBR&gt; Riksgäldskontoret, Sjunde &lt;NOBR&gt;AP-fonden,&lt;/NOBR&gt; Sparbankernas riksförbund, Svensk Försäkring, Svenska Bankföreningen, Svenska Fondhandlareföreningen, Svenskt Näringsliv, Sveriges riksbank och Tredje &lt;NOBR&gt;AP-fonden.&lt;/NOBR&gt; Yttrande har även kommit in från Nasdaq Stockholm AB och Sveriges advokatsamfund. Företagarna har angett att man avstår från att yttra sig.&lt;/P&gt;
&lt;/DIV&gt;
&lt;/DIV&gt;
&lt;/DIV&gt;
&lt;DIV id="page_19"&gt;


&lt;TABLE cellpadding=0 cellspacing=0 class="t10"&gt;
&lt;TR&gt;
	&lt;TD class="tr14 td26"&gt;&lt;SPAN class="p3 ft1"&gt;Lagrådets yttrande&lt;/SPAN&gt; &lt;/TD&gt;
	&lt;TD class="tr14 td27"&gt;&lt;SPAN class="p3 ft3"&gt;Prop. 2018/19:44&lt;/SPAN&gt; &lt;/TD&gt;
&lt;/TR&gt;
&lt;TR&gt;
	&lt;TD class="tr7 td26"&gt;&lt;SPAN class="p3 ft2"&gt; &lt;/SPAN&gt; &lt;/TD&gt;
	&lt;TD class="tr7 td27"&gt;&lt;SPAN class="p3 ft3"&gt;Bilaga 4&lt;/SPAN&gt; &lt;/TD&gt;
&lt;/TR&gt;
&lt;TR&gt;
	&lt;TD class="tr5 td26"&gt;&lt;SPAN class="p3 ft3"&gt;Utdrag ur protokoll vid sammanträde &lt;NOBR&gt;2019-01-23&lt;/NOBR&gt;&lt;/SPAN&gt; &lt;/TD&gt;
	&lt;TD class="tr5 td27"&gt;&lt;SPAN class="p3 ft2"&gt; &lt;/SPAN&gt; &lt;/TD&gt;
&lt;/TR&gt;
&lt;TR&gt;
	&lt;TD class="tr16 td26"&gt;&lt;SPAN class="p3 ft3"&gt;&lt;SPAN class="ft15"&gt;Närvarande: &lt;/SPAN&gt;F.d. justitierådet Ella Nyström samt justitieråden&lt;/SPAN&gt; &lt;/TD&gt;
	&lt;TD class="tr16 td27"&gt;&lt;SPAN class="p3 ft2"&gt; &lt;/SPAN&gt; &lt;/TD&gt;
&lt;/TR&gt;
&lt;TR&gt;
	&lt;TD class="tr8 td26"&gt;&lt;SPAN class="p3 ft3"&gt;Erik Nymansson och Thomas Bull&lt;/SPAN&gt; &lt;/TD&gt;
	&lt;TD class="tr8 td27"&gt;&lt;SPAN class="p3 ft2"&gt; &lt;/SPAN&gt; &lt;/TD&gt;
&lt;/TR&gt;
&lt;TR&gt;
	&lt;TD class="tr11 td26"&gt;&lt;SPAN class="p3 ft15"&gt;Möjlighet för företag i Förenade kungariket att under viss tid driva&lt;/SPAN&gt; &lt;/TD&gt;
	&lt;TD class="tr11 td27"&gt;&lt;SPAN class="p3 ft2"&gt; &lt;/SPAN&gt; &lt;/TD&gt;
&lt;/TR&gt;
&lt;TR&gt;
	&lt;TD class="tr8 td26"&gt;&lt;SPAN class="p3 ft15"&gt;värdepappersrörelse utan krav på tillstånd&lt;/SPAN&gt; &lt;/TD&gt;
	&lt;TD class="tr8 td27"&gt;&lt;SPAN class="p3 ft2"&gt; &lt;/SPAN&gt; &lt;/TD&gt;
&lt;/TR&gt;
&lt;TR&gt;
	&lt;TD class="tr11 td26"&gt;&lt;SPAN class="p3 ft3"&gt;Enligt en lagrådsremiss den 17 januari 2019 har regeringen&lt;/SPAN&gt; &lt;/TD&gt;
	&lt;TD class="tr11 td27"&gt;&lt;SPAN class="p3 ft2"&gt; &lt;/SPAN&gt; &lt;/TD&gt;
&lt;/TR&gt;
&lt;TR&gt;
	&lt;TD class="tr6 td26"&gt;&lt;SPAN class="p3 ft3"&gt;(Finansdepartementet) beslutat inhämta Lagrådets yttrande över förslag&lt;/SPAN&gt; &lt;/TD&gt;
	&lt;TD class="tr6 td27"&gt;&lt;SPAN class="p3 ft2"&gt; &lt;/SPAN&gt; &lt;/TD&gt;
&lt;/TR&gt;
&lt;TR&gt;
	&lt;TD class="tr8 td26"&gt;&lt;SPAN class="p3 ft3"&gt;till&lt;/SPAN&gt; &lt;/TD&gt;
	&lt;TD class="tr8 td27"&gt;&lt;SPAN class="p3 ft2"&gt; &lt;/SPAN&gt; &lt;/TD&gt;
&lt;/TR&gt;
&lt;TR&gt;
	&lt;TD class="tr11 td26"&gt;&lt;SPAN class="p3 ft3"&gt;1. lag om ändring i lagen (2007:528) om värdepappersmarknaden,&lt;/SPAN&gt; &lt;/TD&gt;
	&lt;TD class="tr11 td27"&gt;&lt;SPAN class="p3 ft2"&gt; &lt;/SPAN&gt; &lt;/TD&gt;
&lt;/TR&gt;
&lt;TR&gt;
	&lt;TD class="tr8 td26"&gt;&lt;SPAN class="p3 ft3"&gt;2. lag om ändring i lagen (2007:528) om värdepappersmarknaden.&lt;/SPAN&gt; &lt;/TD&gt;
	&lt;TD class="tr8 td27"&gt;&lt;SPAN class="p3 ft2"&gt; &lt;/SPAN&gt; &lt;/TD&gt;
&lt;/TR&gt;
&lt;TR&gt;
	&lt;TD class="tr11 td26"&gt;&lt;SPAN class="p3 ft3"&gt;Förslagen har inför Lagrådet föredragits av rättssakkunnige&lt;/SPAN&gt; &lt;/TD&gt;
	&lt;TD class="tr11 td27"&gt;&lt;SPAN class="p3 ft2"&gt; &lt;/SPAN&gt; &lt;/TD&gt;
&lt;/TR&gt;
&lt;TR&gt;
	&lt;TD class="tr8 td26"&gt;&lt;SPAN class="p3 ft3"&gt;Johan Dahlman.&lt;/SPAN&gt; &lt;/TD&gt;
	&lt;TD class="tr8 td27"&gt;&lt;SPAN class="p3 ft2"&gt; &lt;/SPAN&gt; &lt;/TD&gt;
&lt;/TR&gt;
&lt;TR&gt;
	&lt;TD class="tr17 td26"&gt;&lt;SPAN class="p3 ft3"&gt;&lt;SPAN class="ft39"&gt;Lagrådet&lt;/SPAN&gt; lämnar förslagen utan erinran.&lt;/SPAN&gt; &lt;/TD&gt;
	&lt;TD class="tr17 td27"&gt;&lt;SPAN class="p3 ft2"&gt; &lt;/SPAN&gt; &lt;/TD&gt;
&lt;/TR&gt;
&lt;/TABLE&gt;
&lt;P class="p111 ft3"&gt;19&lt;/P&gt;
&lt;/DIV&gt;
&lt;DIV id="page_20"&gt;
&lt;DIV id="p20dimg1"&gt;
&lt;INGENBILD zsrc="H6034420x1.jpg/" id="p20img1"&gt;
&lt;/DIV&gt;


&lt;P class="p112 ft1"&gt;&lt;SPAN class="ft40"&gt;Prop. 2018/19:44 &lt;/SPAN&gt;Finansdepartementet&lt;/P&gt;
&lt;P class="p113 ft3"&gt;Utdrag ur protokoll vid regeringssammanträde den 7 februari 2019&lt;/P&gt;
&lt;P class="p114 ft8"&gt;Närvarande: statsminister Löfven, ordförande, och statsråden Lövin, Y Johansson, Baylan, Hallengren, Hultqvist, Andersson, Bolund, Strandhäll, Shekarabi, Ygeman, Eriksson, Ekström, Eneroth, Dahlgren, Nilsson, Ernkrans, Lindhagen&lt;/P&gt;
&lt;P class="p115 ft3"&gt;Föredragande: statsrådet Bolund&lt;/P&gt;
&lt;P class="p116 ft8"&gt;Regeringen beslutar proposition Möjlighet för företag i Förenade kungariket att under viss tid driva värdepappersrörelse utan krav på tillstånd&lt;/P&gt;
&lt;P class="p117 ft3"&gt;20&lt;/P&gt;
&lt;/DIV&gt;

&lt;/div&gt;&lt;style&gt;


TD,TD.p2h {
zzzfont-size:90%;
zzzmargin-right:2px;
zzzoverflow:visable;
zzzword-wrap: break-word;
}

P {
zdisplay:block;
}

.divbreak {
clear:both;
display:block;
zwidth: 100%;
zheight: 1px;
zword-wrap: break-word;
}


.xecp {
  display:block;
  margin: 0px !important;
  padding: 0px !important;
  
}

.ec {
  border-style:solid;
  border-width:1px;
  display:block;
  margin: 0px !important;
  padding: 0px !important;
}

.TOPS {
  overflow:visable;
  margin:2px;
  width:690px !important;
}

&lt;/style&gt;
</html>
  </dokument>
<dokforslag>
<forslag>
<nummer datatype="int32">1</nummer>
<beteckning datatype="string">1</beteckning>
<lydelse datatype="string">Riksdagen antar regeringens förslag till lag om ändring i lagen (2007:528) om värdepappersmarknaden.</lydelse>
<lydelse2 datatype="string" />
<utskottet datatype="string">Bifall</utskottet>
<kammaren datatype="string">Bifall</kammaren>
<behandlas_i datatype="string">2018/19:FiU35</behandlas_i>
<behandlas_i_punkt datatype="string" />
<kammarbeslutstyp datatype="string" />
<intressent datatype="string">FiU</intressent>
<avsnitt datatype="string" />
<grundforfattning datatype="string" />
<andringsforfattning datatype="string" />
</forslag>
<forslag>
<nummer datatype="int32">2</nummer>
<beteckning datatype="string">2</beteckning>
<lydelse datatype="string"> Riksdagen antar regeringens förslag till lag om ändring i lagen (2007:528) om värdepappersmarknaden.</lydelse>
<lydelse2 datatype="string" />
<utskottet datatype="string">Bifall</utskottet>
<kammaren datatype="string">Bifall</kammaren>
<behandlas_i datatype="string">2018/19:FiU35</behandlas_i>
<behandlas_i_punkt datatype="string" />
<kammarbeslutstyp datatype="string" />
<intressent datatype="string">FiU</intressent>
<avsnitt datatype="string" />
<grundforfattning datatype="string" />
<andringsforfattning datatype="string" />
</forslag>
</dokforslag>
<dokaktivitet>
<aktivitet>
<kod datatype="string">INL</kod>
<namn datatype="string">Inlämnad</namn>
<datum datatype="datetime">2019-02-07 00:00:00</datum>
<status datatype="string">inträffat</status>
<ordning datatype="int32">0</ordning>
<process datatype="string">behandling</process>
</aktivitet>
<aktivitet>
<kod datatype="string">B</kod>
<namn datatype="string">Bordlagd</namn>
<datum datatype="datetime">2019-02-07 00:00:00</datum>
<status datatype="string">inträffat</status>
<ordning datatype="int32">0</ordning>
<process datatype="string">behandling</process>
</aktivitet>
<aktivitet>
<kod datatype="string">HÄN</kod>
<namn datatype="string">Hänvisad</namn>
<datum datatype="datetime">2019-02-08 00:00:00</datum>
<status datatype="string">inträffat</status>
<ordning datatype="int32">0</ordning>
<process datatype="string">behandling</process>
</aktivitet>
<aktivitet>
<kod datatype="string">MOT</kod>
<namn datatype="string">Motionstid slutar</namn>
<datum datatype="datetime">2019-02-15 00:00:00</datum>
<status datatype="string">inträffat</status>
<ordning datatype="int32">0</ordning>
<process datatype="string">behandling</process>
</aktivitet>
</dokaktivitet>
<dokintressent>
<intressent>
<intressent_id datatype="string">0218878014918</intressent_id>
<namn datatype="string">Stefan Löfven</namn>
<partibet datatype="string">S</partibet>
<ordning datatype="int16">1</ordning>
<roll datatype="string">Statsråd1</roll>
</intressent>
<intressent>
<intressent_id datatype="string">0956444284814</intressent_id>
<namn datatype="string">Per Bolund</namn>
<partibet datatype="string">MP</partibet>
<ordning datatype="int16">2</ordning>
<roll datatype="string">Statsråd2</roll>
</intressent>
</dokintressent>
<dokuppgift>
<uppgift>
<kod datatype="string">inlamnatav</kod>
<namn datatype="string">Inlämnat av</namn>
<text datatype="string">Finansdepartementet</text>
<dok_id datatype="string">H60344</dok_id>
<systemdatum datatype="datetime">2019-03-13 16:38:07</systemdatum>
</uppgift>
<uppgift>
<kod datatype="string">tilldelat</kod>
<namn datatype="string">Tilldelat</namn>
<text datatype="string">Finansutskottet</text>
<dok_id datatype="string">H60344</dok_id>
<systemdatum datatype="datetime">2019-03-13 16:38:07</systemdatum>
</uppgift>
<uppgift>
<kod datatype="string">statustext</kod>
<namn datatype="string">statustext</namn>
<text datatype="string">Propositionen bereds i utskott</text>
<dok_id datatype="string">H60344</dok_id>
<systemdatum datatype="datetime">2019-02-08 14:03:05</systemdatum>
</uppgift>
</dokuppgift>
<dokbilaga>
<bilaga>
<dok_id datatype="string">H60344</dok_id>
<titel datatype="string">Möjlighet för företag i Förenade kungariket att under viss tid driva värdepappersrörelse utan krav på tillstånd</titel>
<subtitel datatype="string" />
<filnamn datatype="string">prop_201819__44.pdf</filnamn>
<filstorlek datatype="int32">257286</filstorlek>
<filtyp datatype="string">pdf</filtyp>
<fil_url datatype="string">http://data.riksdagen.se/fil/16B8412A-F8FE-410D-BBC7-F8B21E3B8914</fil_url>
</bilaga>
</dokbilaga>
<dokreferens>
<referens>
<referenstyp datatype="string">behandlas_i</referenstyp>
<uppgift datatype="string">2018/19:FiU35</uppgift>
<ref_dok_id datatype="string">H601FiU35</ref_dok_id>
<ref_dok_typ datatype="string">bet</ref_dok_typ>
<ref_dok_rm datatype="string">2018/19</ref_dok_rm>
<ref_dok_bet datatype="string">FiU35</ref_dok_bet>
<ref_dok_titel datatype="string">Möjlighet för företag i Förenade kungariket att under viss tid driva värdepappersrörelse utan krav på tillstånd</ref_dok_titel>
<ref_dok_subtitel datatype="string" />
<ref_dok_subtyp datatype="string">bet</ref_dok_subtyp>
<ref_dok_dokumentnamn datatype="string">Betänkande</ref_dok_dokumentnamn>
</referens>
</dokreferens>
<debatt /></dokumentstatus>