<?xml version="1.0" encoding="utf-8" ?>
<person>
<hangar_guid datatype="guid">0a6f8f16-04e2-4d54-8c6c-736debdb6695</hangar_guid>
<sourceid datatype="string">d7c328d3-83e4-11d4-ae60-0050040c9b55</sourceid>
<intressent_id datatype="string">0792474127508</intressent_id>
<hangar_id datatype="int32">2342478</hangar_id>
<fodd_ar datatype="int16">1947</fodd_ar>
<kon datatype="string">man</kon>
<efternamn datatype="string">Abramsson</efternamn>
<tilltalsnamn datatype="string">Karl Gustav</tilltalsnamn>
<sorteringsnamn datatype="string">Abramsson,Karl Gustav</sorteringsnamn>
<iort datatype="string"></iort>
<parti datatype="string">S</parti>
<valkrets datatype="string">Västerbottens län</valkrets>
<status datatype="string">Tidigare riksdagsledamot</status>
<person_url_xml datatype="string">http://data.riksdagen.se/person/d7c328d3-83e4-11d4-ae60-0050040c9b55</person_url_xml>
<bild_url_80 datatype="string">http://data.riksdagen.se/filarkiv/bilder/ledamot/d7c328d3-83e4-11d4-ae60-0050040c9b55_80.jpg</bild_url_80>
<bild_url_192 datatype="string">http://data.riksdagen.se/filarkiv/bilder/ledamot/d7c328d3-83e4-11d4-ae60-0050040c9b55_192.jpg</bild_url_192>
<bild_url_max datatype="string">http://data.riksdagen.se/filarkiv/bilder/ledamot/d7c328d3-83e4-11d4-ae60-0050040c9b55_max.jpg</bild_url_max>
<personuppdrag>
<uppdrag>
<organ_kod datatype="string">kam</organ_kod>
<roll_kod datatype="string">Riksdagsledamot</roll_kod>
<ordningsnummer datatype="int32">108</ordningsnummer>
<status datatype="string">Tjänstgörande</status>
<typ datatype="string">kammaruppdrag</typ>
<from datatype="datetime">2006-10-02</from>
<tom datatype="datetime">2010-10-04</tom>
<uppgift datatype="string"></uppgift>
<intressent_id datatype="string">0792474127508</intressent_id>
<hangar_id datatype="int32">2342478</hangar_id>
<sortering datatype="int32">10</sortering>
<organ_sortering datatype="int32">10</organ_sortering>
<uppdrag_rollsortering datatype="string">60</uppdrag_rollsortering>
<uppdrag_statussortering datatype="string">10</uppdrag_statussortering>
</uppdrag>
<uppdrag>
<organ_kod datatype="string">kam</organ_kod>
<roll_kod datatype="string">Riksdagsledamot</roll_kod>
<ordningsnummer datatype="int32">333</ordningsnummer>
<status datatype="string">Tjänstgörande</status>
<typ datatype="string">kammaruppdrag</typ>
<from datatype="datetime">2002-09-30</from>
<tom datatype="datetime">2006-10-02</tom>
<uppgift datatype="string"></uppgift>
<intressent_id datatype="string">0792474127508</intressent_id>
<hangar_id datatype="int32">2342478</hangar_id>
<sortering datatype="int32">10</sortering>
<organ_sortering datatype="int32">10</organ_sortering>
<uppdrag_rollsortering datatype="string">60</uppdrag_rollsortering>
<uppdrag_statussortering datatype="string">10</uppdrag_statussortering>
</uppdrag>
<uppdrag>
<organ_kod datatype="string">kam</organ_kod>
<roll_kod datatype="string">Riksdagsledamot</roll_kod>
<ordningsnummer datatype="int32">338</ordningsnummer>
<status datatype="string">Tjänstgörande</status>
<typ datatype="string">kammaruppdrag</typ>
<from datatype="datetime">1998-10-05</from>
<tom datatype="datetime">2002-09-30</tom>
<uppgift datatype="string"></uppgift>
<intressent_id datatype="string">0792474127508</intressent_id>
<hangar_id datatype="int32">2342478</hangar_id>
<sortering datatype="int32">10</sortering>
<organ_sortering datatype="int32">10</organ_sortering>
<uppdrag_rollsortering datatype="string">60</uppdrag_rollsortering>
<uppdrag_statussortering datatype="string">10</uppdrag_statussortering>
</uppdrag>
<uppdrag>
<organ_kod datatype="string">RS</organ_kod>
<roll_kod datatype="string">Ersättare</roll_kod>
<ordningsnummer datatype="int32">5</ordningsnummer>
<status datatype="string"></status>
<typ datatype="string">Riksdagsorgan</typ>
<from datatype="datetime">2006-10-10</from>
<tom datatype="datetime">2010-10-04</tom>
<uppgift datatype="string">Riksdagsstyrelsen</uppgift>
<intressent_id datatype="string">0792474127508</intressent_id>
<hangar_id datatype="int32">2342478</hangar_id>
<sortering datatype="int32">45</sortering>
<organ_sortering datatype="int32">300</organ_sortering>
<uppdrag_rollsortering datatype="string">60</uppdrag_rollsortering>
<uppdrag_statussortering datatype="string">90</uppdrag_statussortering>
</uppdrag>
<uppdrag>
<organ_kod datatype="string">JuU</organ_kod>
<roll_kod datatype="string">Ledamot</roll_kod>
<ordningsnummer datatype="int32">9</ordningsnummer>
<status datatype="string"></status>
<typ datatype="string">uppdrag</typ>
<from datatype="datetime">2006-10-10</from>
<tom datatype="datetime">2010-10-04</tom>
<uppgift datatype="string">Justitieutskottet</uppgift>
<intressent_id datatype="string">0792474127508</intressent_id>
<hangar_id datatype="int32">2342478</hangar_id>
<sortering datatype="int32">30</sortering>
<organ_sortering datatype="int32">150</organ_sortering>
<uppdrag_rollsortering datatype="string">90</uppdrag_rollsortering>
<uppdrag_statussortering datatype="string">90</uppdrag_statussortering>
</uppdrag>
<uppdrag>
<organ_kod datatype="string">JuU</organ_kod>
<roll_kod datatype="string">Suppleant</roll_kod>
<ordningsnummer datatype="int32">0</ordningsnummer>
<status datatype="string"></status>
<typ datatype="string">uppdrag</typ>
<from datatype="datetime">2002-10-08</from>
<tom datatype="datetime">2006-10-02</tom>
<uppgift datatype="string">Justitieutskottet</uppgift>
<intressent_id datatype="string">0792474127508</intressent_id>
<hangar_id datatype="int32">2342478</hangar_id>
<sortering datatype="int32">50</sortering>
<organ_sortering datatype="int32">150</organ_sortering>
<uppdrag_rollsortering datatype="string">90</uppdrag_rollsortering>
<uppdrag_statussortering datatype="string">90</uppdrag_statussortering>
</uppdrag>
<uppdrag>
<organ_kod datatype="string">NU</organ_kod>
<roll_kod datatype="string">Suppleant</roll_kod>
<ordningsnummer datatype="int32">25</ordningsnummer>
<status datatype="string"></status>
<typ datatype="string">uppdrag</typ>
<from datatype="datetime">2007-01-17</from>
<tom datatype="datetime">2010-10-04</tom>
<uppgift datatype="string">Näringsutskottet</uppgift>
<intressent_id datatype="string">0792474127508</intressent_id>
<hangar_id datatype="int32">2342478</hangar_id>
<sortering datatype="int32">50</sortering>
<organ_sortering datatype="int32">150</organ_sortering>
<uppdrag_rollsortering datatype="string">90</uppdrag_rollsortering>
<uppdrag_statussortering datatype="string">90</uppdrag_statussortering>
</uppdrag>
<uppdrag>
<organ_kod datatype="string">NU</organ_kod>
<roll_kod datatype="string">Ledamot</roll_kod>
<ordningsnummer datatype="int32">0</ordningsnummer>
<status datatype="string"></status>
<typ datatype="string">uppdrag</typ>
<from datatype="datetime">2002-10-08</from>
<tom datatype="datetime">2006-10-02</tom>
<uppgift datatype="string">Näringsutskottet</uppgift>
<intressent_id datatype="string">0792474127508</intressent_id>
<hangar_id datatype="int32">2342478</hangar_id>
<sortering datatype="int32">30</sortering>
<organ_sortering datatype="int32">150</organ_sortering>
<uppdrag_rollsortering datatype="string">90</uppdrag_rollsortering>
<uppdrag_statussortering datatype="string">90</uppdrag_statussortering>
</uppdrag>
<uppdrag>
<organ_kod datatype="string">NU</organ_kod>
<roll_kod datatype="string">Ledamot</roll_kod>
<ordningsnummer datatype="int32">0</ordningsnummer>
<status datatype="string"></status>
<typ datatype="string">uppdrag</typ>
<from datatype="datetime">2001-03-22</from>
<tom datatype="datetime">2002-09-29</tom>
<uppgift datatype="string">Näringsutskottet</uppgift>
<intressent_id datatype="string">0792474127508</intressent_id>
<hangar_id datatype="int32">2342478</hangar_id>
<sortering datatype="int32">30</sortering>
<organ_sortering datatype="int32">150</organ_sortering>
<uppdrag_rollsortering datatype="string">90</uppdrag_rollsortering>
<uppdrag_statussortering datatype="string">90</uppdrag_statussortering>
</uppdrag>
<uppdrag>
<organ_kod datatype="string">NU</organ_kod>
<roll_kod datatype="string">Suppleant</roll_kod>
<ordningsnummer datatype="int32">0</ordningsnummer>
<status datatype="string"></status>
<typ datatype="string">uppdrag</typ>
<from datatype="datetime">1998-10-13</from>
<tom datatype="datetime">2001-03-21</tom>
<uppgift datatype="string">Näringsutskottet</uppgift>
<intressent_id datatype="string">0792474127508</intressent_id>
<hangar_id datatype="int32">2342478</hangar_id>
<sortering datatype="int32">50</sortering>
<organ_sortering datatype="int32">150</organ_sortering>
<uppdrag_rollsortering datatype="string">90</uppdrag_rollsortering>
<uppdrag_statussortering datatype="string">90</uppdrag_statussortering>
</uppdrag>
<uppdrag>
<organ_kod datatype="string">SkU</organ_kod>
<roll_kod datatype="string">Suppleant</roll_kod>
<ordningsnummer datatype="int32">15</ordningsnummer>
<status datatype="string"></status>
<typ datatype="string">uppdrag</typ>
<from datatype="datetime">2006-10-10</from>
<tom datatype="datetime">2010-10-04</tom>
<uppgift datatype="string">Skatteutskottet</uppgift>
<intressent_id datatype="string">0792474127508</intressent_id>
<hangar_id datatype="int32">2342478</hangar_id>
<sortering datatype="int32">50</sortering>
<organ_sortering datatype="int32">150</organ_sortering>
<uppdrag_rollsortering datatype="string">90</uppdrag_rollsortering>
<uppdrag_statussortering datatype="string">90</uppdrag_statussortering>
</uppdrag>
</personuppdrag>
<personuppgift>
<uppgift>
<kod datatype="string">sv</kod>
<uppgift datatype="string">Socionom</uppgift>
<typ datatype="string">titlar</typ>
<intressent_id datatype="string">0792474127508</intressent_id>
<hangar_id datatype="int32">2342478</hangar_id>
</uppgift>
<uppgift>
<kod datatype="string">en</kod>
<uppgift datatype="string">Social Worker</uppgift>
<typ datatype="string">titlar</typ>
<intressent_id datatype="string">0792474127508</intressent_id>
<hangar_id datatype="int32">2342478</hangar_id>
</uppgift>
</personuppgift>
</person>
