<?xml version="1.0" encoding="utf-8" ?>
<person>
<hangar_guid datatype="guid">f2745219-6ee9-4e5e-9db0-e4879e91f496</hangar_guid>
<sourceid datatype="string">d56e957c-aa80-420a-99d6-e9bd53cb80c4</sourceid>
<intressent_id datatype="string">0361964723211</intressent_id>
<hangar_id datatype="int32">2343536</hangar_id>
<fodd_ar datatype="int16">1973</fodd_ar>
<kon datatype="string">man</kon>
<efternamn datatype="string">Agenberg</efternamn>
<tilltalsnamn datatype="string">Tomas</tilltalsnamn>
<sorteringsnamn datatype="string">Agenberg,Tomas</sorteringsnamn>
<iort datatype="string"></iort>
<parti datatype="string">S</parti>
<valkrets datatype="string">Stockholms kommun</valkrets>
<status datatype="string">Tidigare ersättare</status>
<person_url_xml datatype="string">http://data.riksdagen.se/person/d56e957c-aa80-420a-99d6-e9bd53cb80c4</person_url_xml>
<bild_url_80 datatype="string">http://data.riksdagen.se/filarkiv/bilder/ledamot/d56e957c-aa80-420a-99d6-e9bd53cb80c4_80.jpg</bild_url_80>
<bild_url_192 datatype="string">http://data.riksdagen.se/filarkiv/bilder/ledamot/d56e957c-aa80-420a-99d6-e9bd53cb80c4_192.jpg</bild_url_192>
<bild_url_max datatype="string">http://data.riksdagen.se/filarkiv/bilder/ledamot/d56e957c-aa80-420a-99d6-e9bd53cb80c4_max.jpg</bild_url_max>
<personuppdrag>
<uppdrag>
<organ_kod datatype="string">kam</organ_kod>
<roll_kod datatype="string">Ersättare</roll_kod>
<ordningsnummer datatype="int32">0</ordningsnummer>
<status datatype="string">Ersättare</status>
<typ datatype="string">kammaruppdrag</typ>
<from datatype="datetime">2004-11-01</from>
<tom datatype="datetime">2005-04-10</tom>
<uppgift datatype="string">Anders Ygeman</uppgift>
<intressent_id datatype="string">0361964723211</intressent_id>
<hangar_id datatype="int32">2343536</hangar_id>
<sortering datatype="int32">45</sortering>
<organ_sortering datatype="int32">10</organ_sortering>
<uppdrag_rollsortering datatype="string">60</uppdrag_rollsortering>
<uppdrag_statussortering datatype="string">20</uppdrag_statussortering>
</uppdrag>
<uppdrag>
<organ_kod datatype="string">BoU</organ_kod>
<roll_kod datatype="string">Suppleant</roll_kod>
<ordningsnummer datatype="int32">0</ordningsnummer>
<status datatype="string"></status>
<typ datatype="string">uppdrag</typ>
<from datatype="datetime">2004-11-01</from>
<tom datatype="datetime">2005-04-10</tom>
<uppgift datatype="string">Bostadsutskottet</uppgift>
<intressent_id datatype="string">0361964723211</intressent_id>
<hangar_id datatype="int32">2343536</hangar_id>
<sortering datatype="int32">50</sortering>
<organ_sortering datatype="int32">165</organ_sortering>
<uppdrag_rollsortering datatype="string">90</uppdrag_rollsortering>
<uppdrag_statussortering datatype="string">90</uppdrag_statussortering>
</uppdrag>
</personuppdrag>
<personuppgift>
</personuppgift>
</person>
