<?xml version="1.0" encoding="utf-8" ?>
<person>
<hangar_guid datatype="guid">d6bcf448-cb0e-4876-9f98-0af8ea50b8f8</hangar_guid>
<sourceid datatype="string">d7c32545-83e4-11d4-ae60-0050040c9b55</sourceid>
<intressent_id datatype="string">0549025722425</intressent_id>
<hangar_id datatype="int32">2343567</hangar_id>
<fodd_ar datatype="int16">1974</fodd_ar>
<kon datatype="string">kvinna</kon>
<efternamn datatype="string">Agestav</efternamn>
<tilltalsnamn datatype="string">Amanda</tilltalsnamn>
<sorteringsnamn datatype="string">Agestav,Amanda</sorteringsnamn>
<iort datatype="string"></iort>
<parti datatype="string">KD</parti>
<valkrets datatype="string">Stockholms län</valkrets>
<status datatype="string">Tidigare riksdagsledamot</status>
<person_url_xml datatype="string">http://data.riksdagen.se/person/d7c32545-83e4-11d4-ae60-0050040c9b55</person_url_xml>
<bild_url_80 datatype="string">http://data.riksdagen.se/filarkiv/bilder/ledamot/d7c32545-83e4-11d4-ae60-0050040c9b55_80.jpg</bild_url_80>
<bild_url_192 datatype="string">http://data.riksdagen.se/filarkiv/bilder/ledamot/d7c32545-83e4-11d4-ae60-0050040c9b55_192.jpg</bild_url_192>
<bild_url_max datatype="string">http://data.riksdagen.se/filarkiv/bilder/ledamot/d7c32545-83e4-11d4-ae60-0050040c9b55_max.jpg</bild_url_max>
<personuppdrag>
<uppdrag>
<organ_kod datatype="string">kam</organ_kod>
<roll_kod datatype="string">Riksdagsledamot</roll_kod>
<ordningsnummer datatype="int32">66</ordningsnummer>
<status datatype="string">Tjänstgörande</status>
<typ datatype="string">kammaruppdrag</typ>
<from datatype="datetime">1998-10-05</from>
<tom datatype="datetime">2002-09-30</tom>
<uppgift datatype="string"></uppgift>
<intressent_id datatype="string">0549025722425</intressent_id>
<hangar_id datatype="int32">2343567</hangar_id>
<sortering datatype="int32">10</sortering>
<organ_sortering datatype="int32">10</organ_sortering>
<uppdrag_rollsortering datatype="string">60</uppdrag_rollsortering>
<uppdrag_statussortering datatype="string">10</uppdrag_statussortering>
</uppdrag>
<uppdrag>
<organ_kod datatype="string">IPU</organ_kod>
<roll_kod datatype="string">Suppleant</roll_kod>
<ordningsnummer datatype="int32">0</ordningsnummer>
<status datatype="string"></status>
<typ datatype="string">Riksdagsorgan</typ>
<from datatype="datetime">1998-10-21</from>
<tom datatype="datetime">2002-09-30</tom>
<uppgift datatype="string">Riksdagens delegation till Interparlamentariska unionen</uppgift>
<intressent_id datatype="string">0549025722425</intressent_id>
<hangar_id datatype="int32">2343567</hangar_id>
<sortering datatype="int32">50</sortering>
<organ_sortering datatype="int32">300</organ_sortering>
<uppdrag_rollsortering datatype="string">90</uppdrag_rollsortering>
<uppdrag_statussortering datatype="string">90</uppdrag_statussortering>
</uppdrag>
<uppdrag>
<organ_kod datatype="string">FöU</organ_kod>
<roll_kod datatype="string">Suppleant</roll_kod>
<ordningsnummer datatype="int32">0</ordningsnummer>
<status datatype="string"></status>
<typ datatype="string">uppdrag</typ>
<from datatype="datetime">1998-10-13</from>
<tom datatype="datetime">2002-09-30</tom>
<uppgift datatype="string">Försvarsutskottet</uppgift>
<intressent_id datatype="string">0549025722425</intressent_id>
<hangar_id datatype="int32">2343567</hangar_id>
<sortering datatype="int32">50</sortering>
<organ_sortering datatype="int32">150</organ_sortering>
<uppdrag_rollsortering datatype="string">90</uppdrag_rollsortering>
<uppdrag_statussortering datatype="string">90</uppdrag_statussortering>
</uppdrag>
<uppdrag>
<organ_kod datatype="string">TU</organ_kod>
<roll_kod datatype="string">Suppleant</roll_kod>
<ordningsnummer datatype="int32">0</ordningsnummer>
<status datatype="string"></status>
<typ datatype="string">uppdrag</typ>
<from datatype="datetime">1998-10-13</from>
<tom datatype="datetime">2000-02-01</tom>
<uppgift datatype="string">Trafikutskottet</uppgift>
<intressent_id datatype="string">0549025722425</intressent_id>
<hangar_id datatype="int32">2343567</hangar_id>
<sortering datatype="int32">50</sortering>
<organ_sortering datatype="int32">150</organ_sortering>
<uppdrag_rollsortering datatype="string">90</uppdrag_rollsortering>
<uppdrag_statussortering datatype="string">90</uppdrag_statussortering>
</uppdrag>
<uppdrag>
<organ_kod datatype="string">UFöU</organ_kod>
<roll_kod datatype="string">Deputerad</roll_kod>
<ordningsnummer datatype="int32">0</ordningsnummer>
<status datatype="string"></status>
<typ datatype="string">uppdrag</typ>
<from datatype="datetime">2002-01-17</from>
<tom datatype="datetime">2002-01-18</tom>
<uppgift datatype="string">Sammansatta utrikes- och försvarsutskottet</uppgift>
<intressent_id datatype="string">0549025722425</intressent_id>
<hangar_id datatype="int32">2343567</hangar_id>
<sortering datatype="int32">40</sortering>
<organ_sortering datatype="int32">160</organ_sortering>
<uppdrag_rollsortering datatype="string">90</uppdrag_rollsortering>
<uppdrag_statussortering datatype="string">90</uppdrag_statussortering>
</uppdrag>
<uppdrag>
<organ_kod datatype="string">LU</organ_kod>
<roll_kod datatype="string">Suppleant</roll_kod>
<ordningsnummer datatype="int32">0</ordningsnummer>
<status datatype="string"></status>
<typ datatype="string">uppdrag</typ>
<from datatype="datetime">2000-11-15</from>
<tom datatype="datetime">2002-09-29</tom>
<uppgift datatype="string">Lagutskottet</uppgift>
<intressent_id datatype="string">0549025722425</intressent_id>
<hangar_id datatype="int32">2343567</hangar_id>
<sortering datatype="int32">50</sortering>
<organ_sortering datatype="int32">165</organ_sortering>
<uppdrag_rollsortering datatype="string">90</uppdrag_rollsortering>
<uppdrag_statussortering datatype="string">90</uppdrag_statussortering>
</uppdrag>
</personuppdrag>
<personuppgift>
<uppgift>
<kod datatype="string">sv</kod>
<uppgift datatype="string">föreståndare</uppgift>
<typ datatype="string">titlar</typ>
<intressent_id datatype="string">0549025722425</intressent_id>
<hangar_id datatype="int32">2343567</hangar_id>
</uppgift>
<uppgift>
<kod datatype="string">en</kod>
<uppgift datatype="string">Supervisor</uppgift>
<typ datatype="string">titlar</typ>
<intressent_id datatype="string">0549025722425</intressent_id>
<hangar_id datatype="int32">2343567</hangar_id>
</uppgift>
<uppgift>
<kod datatype="string">KandiderarINastaVal</kod>
<uppgift datatype="string">true</uppgift>
<typ datatype="string">val</typ>
<intressent_id datatype="string">0549025722425</intressent_id>
<hangar_id datatype="int32">2343567</hangar_id>
</uppgift>
</personuppgift>
</person>
