<?xml version="1.0" encoding="utf-8" ?>
<person>
<hangar_guid datatype="guid">daab0a0e-90c1-4220-a813-9bc6fbacf649</hangar_guid>
<sourceid datatype="string">8583281e-3621-49fd-a131-661a0f432452</sourceid>
<intressent_id datatype="string">0909948830718</intressent_id>
<hangar_id datatype="int32">2343000</hangar_id>
<fodd_ar datatype="int16">1957</fodd_ar>
<kon datatype="string">kvinna</kon>
<efternamn datatype="string">Ahlberg</efternamn>
<tilltalsnamn datatype="string">Ann-Christin</tilltalsnamn>
<sorteringsnamn datatype="string">Ahlberg,Ann-Christin</sorteringsnamn>
<iort datatype="string"></iort>
<parti datatype="string">S</parti>
<valkrets datatype="string">Västra Götalands läns södra</valkrets>
<status datatype="string">Tjänstgörande riksdagsledamot</status>
<person_url_xml datatype="string">http://data.riksdagen.se/person/8583281e-3621-49fd-a131-661a0f432452</person_url_xml>
<bild_url_80 datatype="string">http://data.riksdagen.se/filarkiv/bilder/ledamot/8583281e-3621-49fd-a131-661a0f432452_80.jpg</bild_url_80>
<bild_url_192 datatype="string">http://data.riksdagen.se/filarkiv/bilder/ledamot/8583281e-3621-49fd-a131-661a0f432452_192.jpg</bild_url_192>
<bild_url_max datatype="string">http://data.riksdagen.se/filarkiv/bilder/ledamot/8583281e-3621-49fd-a131-661a0f432452_max.jpg</bild_url_max>
<personuppdrag>
<uppdrag>
<organ_kod datatype="string">kam</organ_kod>
<roll_kod datatype="string">Riksdagsledamot</roll_kod>
<ordningsnummer datatype="int32">19</ordningsnummer>
<status datatype="string">Tjänstgörande</status>
<typ datatype="string">kammaruppdrag</typ>
<from datatype="datetime">2018-09-24</from>
<tom datatype="datetime">2022-09-26</tom>
<uppgift datatype="string"></uppgift>
<intressent_id datatype="string">0909948830718</intressent_id>
<hangar_id datatype="int32">2343000</hangar_id>
<sortering datatype="int32">10</sortering>
<organ_sortering datatype="int32">10</organ_sortering>
<uppdrag_rollsortering datatype="string">60</uppdrag_rollsortering>
<uppdrag_statussortering datatype="string">10</uppdrag_statussortering>
</uppdrag>
<uppdrag>
<organ_kod datatype="string">kam</organ_kod>
<roll_kod datatype="string">Riksdagsledamot</roll_kod>
<ordningsnummer datatype="int32">268</ordningsnummer>
<status datatype="string">Tjänstgörande</status>
<typ datatype="string">kammaruppdrag</typ>
<from datatype="datetime">2014-09-29</from>
<tom datatype="datetime">2018-09-24</tom>
<uppgift datatype="string"></uppgift>
<intressent_id datatype="string">0909948830718</intressent_id>
<hangar_id datatype="int32">2343000</hangar_id>
<sortering datatype="int32">10</sortering>
<organ_sortering datatype="int32">10</organ_sortering>
<uppdrag_rollsortering datatype="string">60</uppdrag_rollsortering>
<uppdrag_statussortering datatype="string">10</uppdrag_statussortering>
</uppdrag>
<uppdrag>
<organ_kod datatype="string">kam</organ_kod>
<roll_kod datatype="string">Riksdagsledamot</roll_kod>
<ordningsnummer datatype="int32">302</ordningsnummer>
<status datatype="string">Tjänstgörande</status>
<typ datatype="string">kammaruppdrag</typ>
<from datatype="datetime">2010-10-04</from>
<tom datatype="datetime">2014-09-29</tom>
<uppgift datatype="string"></uppgift>
<intressent_id datatype="string">0909948830718</intressent_id>
<hangar_id datatype="int32">2343000</hangar_id>
<sortering datatype="int32">10</sortering>
<organ_sortering datatype="int32">10</organ_sortering>
<uppdrag_rollsortering datatype="string">60</uppdrag_rollsortering>
<uppdrag_statussortering datatype="string">10</uppdrag_statussortering>
</uppdrag>
<uppdrag>
<organ_kod datatype="string">kam</organ_kod>
<roll_kod datatype="string">Riksdagsledamot</roll_kod>
<ordningsnummer datatype="int32">267</ordningsnummer>
<status datatype="string">Tjänstgörande</status>
<typ datatype="string">kammaruppdrag</typ>
<from datatype="datetime">2006-10-02</from>
<tom datatype="datetime">2010-10-04</tom>
<uppgift datatype="string"></uppgift>
<intressent_id datatype="string">0909948830718</intressent_id>
<hangar_id datatype="int32">2343000</hangar_id>
<sortering datatype="int32">10</sortering>
<organ_sortering datatype="int32">10</organ_sortering>
<uppdrag_rollsortering datatype="string">60</uppdrag_rollsortering>
<uppdrag_statussortering datatype="string">10</uppdrag_statussortering>
</uppdrag>
<uppdrag>
<organ_kod datatype="string">kam</organ_kod>
<roll_kod datatype="string">Riksdagsledamot</roll_kod>
<ordningsnummer datatype="int32">244</ordningsnummer>
<status datatype="string">Tjänstgörande</status>
<typ datatype="string">kammaruppdrag</typ>
<from datatype="datetime">2006-08-01</from>
<tom datatype="datetime">2006-10-02</tom>
<uppgift datatype="string"></uppgift>
<intressent_id datatype="string">0909948830718</intressent_id>
<hangar_id datatype="int32">2343000</hangar_id>
<sortering datatype="int32">10</sortering>
<organ_sortering datatype="int32">10</organ_sortering>
<uppdrag_rollsortering datatype="string">60</uppdrag_rollsortering>
<uppdrag_statussortering datatype="string">10</uppdrag_statussortering>
</uppdrag>
<uppdrag>
<organ_kod datatype="string">kam</organ_kod>
<roll_kod datatype="string">Ersättare</roll_kod>
<ordningsnummer datatype="int32">0</ordningsnummer>
<status datatype="string">Ersättare</status>
<typ datatype="string">kammaruppdrag</typ>
<from datatype="datetime">2005-01-18</from>
<tom datatype="datetime">2006-07-31</tom>
<uppgift datatype="string"></uppgift>
<intressent_id datatype="string">0909948830718</intressent_id>
<hangar_id datatype="int32">2343000</hangar_id>
<sortering datatype="int32">45</sortering>
<organ_sortering datatype="int32">10</organ_sortering>
<uppdrag_rollsortering datatype="string">60</uppdrag_rollsortering>
<uppdrag_statussortering datatype="string">20</uppdrag_statussortering>
</uppdrag>
<uppdrag>
<organ_kod datatype="string">OSSE</organ_kod>
<roll_kod datatype="string">Suppleant</roll_kod>
<ordningsnummer datatype="int32">8</ordningsnummer>
<status datatype="string"></status>
<typ datatype="string">Riksdagsorgan</typ>
<from datatype="datetime">2014-10-14</from>
<tom datatype="datetime">2018-10-09</tom>
<uppgift datatype="string">OSSE-delegationen</uppgift>
<intressent_id datatype="string">0909948830718</intressent_id>
<hangar_id datatype="int32">2343000</hangar_id>
<sortering datatype="int32">50</sortering>
<organ_sortering datatype="int32">300</organ_sortering>
<uppdrag_rollsortering datatype="string">90</uppdrag_rollsortering>
<uppdrag_statussortering datatype="string">90</uppdrag_statussortering>
</uppdrag>
<uppdrag>
<organ_kod datatype="string">AU</organ_kod>
<roll_kod datatype="string">Suppleant</roll_kod>
<ordningsnummer datatype="int32">6</ordningsnummer>
<status datatype="string"></status>
<typ datatype="string">uppdrag</typ>
<from datatype="datetime">2018-10-02</from>
<tom datatype="datetime">2022-09-26</tom>
<uppgift datatype="string">Arbetsmarknadsutskottet</uppgift>
<intressent_id datatype="string">0909948830718</intressent_id>
<hangar_id datatype="int32">2343000</hangar_id>
<sortering datatype="int32">50</sortering>
<organ_sortering datatype="int32">150</organ_sortering>
<uppdrag_rollsortering datatype="string">90</uppdrag_rollsortering>
<uppdrag_statussortering datatype="string">90</uppdrag_statussortering>
</uppdrag>
<uppdrag>
<organ_kod datatype="string">AU</organ_kod>
<roll_kod datatype="string">Ledamot</roll_kod>
<ordningsnummer datatype="int32">5</ordningsnummer>
<status datatype="string"></status>
<typ datatype="string">uppdrag</typ>
<from datatype="datetime">2014-10-07</from>
<tom datatype="datetime">2018-09-24</tom>
<uppgift datatype="string">Arbetsmarknadsutskottet</uppgift>
<intressent_id datatype="string">0909948830718</intressent_id>
<hangar_id datatype="int32">2343000</hangar_id>
<sortering datatype="int32">30</sortering>
<organ_sortering datatype="int32">150</organ_sortering>
<uppdrag_rollsortering datatype="string">90</uppdrag_rollsortering>
<uppdrag_statussortering datatype="string">90</uppdrag_statussortering>
</uppdrag>
<uppdrag>
<organ_kod datatype="string">AU</organ_kod>
<roll_kod datatype="string">Ledamot</roll_kod>
<ordningsnummer datatype="int32">10</ordningsnummer>
<status datatype="string"></status>
<typ datatype="string">uppdrag</typ>
<from datatype="datetime">2010-10-12</from>
<tom datatype="datetime">2014-09-29</tom>
<uppgift datatype="string">Arbetsmarknadsutskottet</uppgift>
<intressent_id datatype="string">0909948830718</intressent_id>
<hangar_id datatype="int32">2343000</hangar_id>
<sortering datatype="int32">30</sortering>
<organ_sortering datatype="int32">150</organ_sortering>
<uppdrag_rollsortering datatype="string">90</uppdrag_rollsortering>
<uppdrag_statussortering datatype="string">90</uppdrag_statussortering>
</uppdrag>
<uppdrag>
<organ_kod datatype="string">AU</organ_kod>
<roll_kod datatype="string">Ledamot</roll_kod>
<ordningsnummer datatype="int32">15</ordningsnummer>
<status datatype="string"></status>
<typ datatype="string">uppdrag</typ>
<from datatype="datetime">2006-10-10</from>
<tom datatype="datetime">2010-10-04</tom>
<uppgift datatype="string">Arbetsmarknadsutskottet</uppgift>
<intressent_id datatype="string">0909948830718</intressent_id>
<hangar_id datatype="int32">2343000</hangar_id>
<sortering datatype="int32">30</sortering>
<organ_sortering datatype="int32">150</organ_sortering>
<uppdrag_rollsortering datatype="string">90</uppdrag_rollsortering>
<uppdrag_statussortering datatype="string">90</uppdrag_statussortering>
</uppdrag>
<uppdrag>
<organ_kod datatype="string">AU</organ_kod>
<roll_kod datatype="string">Suppleant</roll_kod>
<ordningsnummer datatype="int32">0</ordningsnummer>
<status datatype="string"></status>
<typ datatype="string">uppdrag</typ>
<from datatype="datetime">2005-01-20</from>
<tom datatype="datetime">2006-07-31</tom>
<uppgift datatype="string">Arbetsmarknadsutskottet</uppgift>
<intressent_id datatype="string">0909948830718</intressent_id>
<hangar_id datatype="int32">2343000</hangar_id>
<sortering datatype="int32">50</sortering>
<organ_sortering datatype="int32">150</organ_sortering>
<uppdrag_rollsortering datatype="string">90</uppdrag_rollsortering>
<uppdrag_statussortering datatype="string">90</uppdrag_statussortering>
</uppdrag>
<uppdrag>
<organ_kod datatype="string">FöU</organ_kod>
<roll_kod datatype="string">Suppleant</roll_kod>
<ordningsnummer datatype="int32">6</ordningsnummer>
<status datatype="string"></status>
<typ datatype="string">uppdrag</typ>
<from datatype="datetime">2010-10-12</from>
<tom datatype="datetime">2014-09-29</tom>
<uppgift datatype="string">Försvarsutskottet</uppgift>
<intressent_id datatype="string">0909948830718</intressent_id>
<hangar_id datatype="int32">2343000</hangar_id>
<sortering datatype="int32">50</sortering>
<organ_sortering datatype="int32">150</organ_sortering>
<uppdrag_rollsortering datatype="string">90</uppdrag_rollsortering>
<uppdrag_statussortering datatype="string">90</uppdrag_statussortering>
</uppdrag>
<uppdrag>
<organ_kod datatype="string">SfU</organ_kod>
<roll_kod datatype="string">Suppleant</roll_kod>
<ordningsnummer datatype="int32">15</ordningsnummer>
<status datatype="string"></status>
<typ datatype="string">uppdrag</typ>
<from datatype="datetime">2006-10-10</from>
<tom datatype="datetime">2010-10-04</tom>
<uppgift datatype="string">Socialförsäkringsutskottet</uppgift>
<intressent_id datatype="string">0909948830718</intressent_id>
<hangar_id datatype="int32">2343000</hangar_id>
<sortering datatype="int32">50</sortering>
<organ_sortering datatype="int32">150</organ_sortering>
<uppdrag_rollsortering datatype="string">90</uppdrag_rollsortering>
<uppdrag_statussortering datatype="string">90</uppdrag_statussortering>
</uppdrag>
<uppdrag>
<organ_kod datatype="string">SfU</organ_kod>
<roll_kod datatype="string">Suppleant</roll_kod>
<ordningsnummer datatype="int32">0</ordningsnummer>
<status datatype="string"></status>
<typ datatype="string">uppdrag</typ>
<from datatype="datetime">2005-01-20</from>
<tom datatype="datetime">2006-07-31</tom>
<uppgift datatype="string">Socialförsäkringsutskottet</uppgift>
<intressent_id datatype="string">0909948830718</intressent_id>
<hangar_id datatype="int32">2343000</hangar_id>
<sortering datatype="int32">50</sortering>
<organ_sortering datatype="int32">150</organ_sortering>
<uppdrag_rollsortering datatype="string">90</uppdrag_rollsortering>
<uppdrag_statussortering datatype="string">90</uppdrag_statussortering>
</uppdrag>
<uppdrag>
<organ_kod datatype="string">SoU</organ_kod>
<roll_kod datatype="string">Ledamot</roll_kod>
<ordningsnummer datatype="int32">3</ordningsnummer>
<status datatype="string"></status>
<typ datatype="string">uppdrag</typ>
<from datatype="datetime">2018-10-02</from>
<tom datatype="datetime">2022-09-26</tom>
<uppgift datatype="string">Socialutskottet</uppgift>
<intressent_id datatype="string">0909948830718</intressent_id>
<hangar_id datatype="int32">2343000</hangar_id>
<sortering datatype="int32">30</sortering>
<organ_sortering datatype="int32">150</organ_sortering>
<uppdrag_rollsortering datatype="string">90</uppdrag_rollsortering>
<uppdrag_statussortering datatype="string">90</uppdrag_statussortering>
</uppdrag>
</personuppdrag>
<personuppgift>
<uppgift>
<kod datatype="string">Officiell e-postadress</kod>
<uppgift datatype="string">ann-christin.ahlberg[på]riksdagen.se</uppgift>
<typ datatype="string">eadress</typ>
<intressent_id datatype="string">0909948830718</intressent_id>
<hangar_id datatype="int32">2343000</hangar_id>
</uppgift>
<uppgift>
<kod datatype="string">sv</kod>
<uppgift datatype="string">Barnskötare.</uppgift>
<typ datatype="string">titlar</typ>
<intressent_id datatype="string">0909948830718</intressent_id>
<hangar_id datatype="int32">2343000</hangar_id>
</uppgift>
<uppgift>
<kod datatype="string">en</kod>
<uppgift datatype="string"></uppgift>
<typ datatype="string">titlar</typ>
<intressent_id datatype="string">0909948830718</intressent_id>
<hangar_id datatype="int32">2343000</hangar_id>
</uppgift>
<uppgift>
<kod datatype="string">KandiderarINastaVal</kod>
<uppgift datatype="string">true</uppgift>
<typ datatype="string">val</typ>
<intressent_id datatype="string">0909948830718</intressent_id>
<hangar_id datatype="int32">2343000</hangar_id>
</uppgift>
</personuppgift>
</person>
