<?xml version="1.0" encoding="utf-8" ?>
<person>
<hangar_guid datatype="guid">9b025c2c-5de9-4a2a-8cf8-fa3c1a15f040</hangar_guid>
<sourceid datatype="string">4099ff9c-5d27-4605-b018-98fb229d94fa</sourceid>
<intressent_id datatype="string">0364687971222</intressent_id>
<hangar_id datatype="int32">5003698</hangar_id>
<fodd_ar datatype="int16">1980</fodd_ar>
<kon datatype="string">man</kon>
<efternamn datatype="string">Akhondi</efternamn>
<tilltalsnamn datatype="string">Alireza</tilltalsnamn>
<sorteringsnamn datatype="string">Akhondi,Alireza</sorteringsnamn>
<iort datatype="string"></iort>
<parti datatype="string">C</parti>
<valkrets datatype="string">Stockholms län</valkrets>
<status datatype="string">Tjänstgörande riksdagsledamot</status>
<person_url_xml datatype="string">http://data.riksdagen.se/person/4099ff9c-5d27-4605-b018-98fb229d94fa</person_url_xml>
<bild_url_80 datatype="string">http://data.riksdagen.se/filarkiv/bilder/ledamot/4099ff9c-5d27-4605-b018-98fb229d94fa_80.jpg</bild_url_80>
<bild_url_192 datatype="string">http://data.riksdagen.se/filarkiv/bilder/ledamot/4099ff9c-5d27-4605-b018-98fb229d94fa_192.jpg</bild_url_192>
<bild_url_max datatype="string">http://data.riksdagen.se/filarkiv/bilder/ledamot/4099ff9c-5d27-4605-b018-98fb229d94fa_max.jpg</bild_url_max>
<personuppdrag>
<uppdrag>
<organ_kod datatype="string">kam</organ_kod>
<roll_kod datatype="string">Riksdagsledamot</roll_kod>
<ordningsnummer datatype="int32">285</ordningsnummer>
<status datatype="string">Tjänstgörande</status>
<typ datatype="string">kammaruppdrag</typ>
<from datatype="datetime">2018-09-24</from>
<tom datatype="datetime">2022-09-26</tom>
<uppgift datatype="string"></uppgift>
<intressent_id datatype="string">0364687971222</intressent_id>
<hangar_id datatype="int32">5003698</hangar_id>
<sortering datatype="int32">10</sortering>
<organ_sortering datatype="int32">10</organ_sortering>
<uppdrag_rollsortering datatype="string">60</uppdrag_rollsortering>
<uppdrag_statussortering datatype="string">10</uppdrag_statussortering>
</uppdrag>
<uppdrag>
<organ_kod datatype="string">AU</organ_kod>
<roll_kod datatype="string">Suppleant</roll_kod>
<ordningsnummer datatype="int32">7</ordningsnummer>
<status datatype="string"></status>
<typ datatype="string">uppdrag</typ>
<from datatype="datetime">2018-10-02</from>
<tom datatype="datetime">2022-09-26</tom>
<uppgift datatype="string">Arbetsmarknadsutskottet</uppgift>
<intressent_id datatype="string">0364687971222</intressent_id>
<hangar_id datatype="int32">5003698</hangar_id>
<sortering datatype="int32">50</sortering>
<organ_sortering datatype="int32">150</organ_sortering>
<uppdrag_rollsortering datatype="string">90</uppdrag_rollsortering>
<uppdrag_statussortering datatype="string">90</uppdrag_statussortering>
</uppdrag>
<uppdrag>
<organ_kod datatype="string">CU</organ_kod>
<roll_kod datatype="string">Suppleant</roll_kod>
<ordningsnummer datatype="int32">23</ordningsnummer>
<status datatype="string"></status>
<typ datatype="string">uppdrag</typ>
<from datatype="datetime">2018-10-16</from>
<tom datatype="datetime">2022-09-26</tom>
<uppgift datatype="string">Civilutskottet</uppgift>
<intressent_id datatype="string">0364687971222</intressent_id>
<hangar_id datatype="int32">5003698</hangar_id>
<sortering datatype="int32">50</sortering>
<organ_sortering datatype="int32">150</organ_sortering>
<uppdrag_rollsortering datatype="string">90</uppdrag_rollsortering>
<uppdrag_statussortering datatype="string">90</uppdrag_statussortering>
</uppdrag>
<uppdrag>
<organ_kod datatype="string">SkU</organ_kod>
<roll_kod datatype="string">Suppleant</roll_kod>
<ordningsnummer datatype="int32">28</ordningsnummer>
<status datatype="string"></status>
<typ datatype="string">uppdrag</typ>
<from datatype="datetime">2020-02-05</from>
<tom datatype="datetime">2022-09-26</tom>
<uppgift datatype="string">Skatteutskottet</uppgift>
<intressent_id datatype="string">0364687971222</intressent_id>
<hangar_id datatype="int32">5003698</hangar_id>
<sortering datatype="int32">50</sortering>
<organ_sortering datatype="int32">150</organ_sortering>
<uppdrag_rollsortering datatype="string">90</uppdrag_rollsortering>
<uppdrag_statussortering datatype="string">90</uppdrag_statussortering>
</uppdrag>
</personuppdrag>
<personuppgift>
<uppgift>
<kod datatype="string">Officiell e-postadress</kod>
<uppgift datatype="string">alireza.akhondi[på]riksdagen.se</uppgift>
<typ datatype="string">eadress</typ>
<intressent_id datatype="string">0364687971222</intressent_id>
<hangar_id datatype="int32">5003698</hangar_id>
</uppgift>
</personuppgift>
</person>
