<?xml version="1.0" encoding="utf-8" ?>
<person>
<hangar_guid datatype="guid">8098f832-b492-4c15-abb3-7c08acc5122d</hangar_guid>
<sourceid datatype="string">af17bc5e-c6e0-4092-99e9-7e6464f2af37</sourceid>
<intressent_id datatype="string">0895706637124</intressent_id>
<hangar_id datatype="int32">2369308</hangar_id>
<fodd_ar datatype="int16">1976</fodd_ar>
<kon datatype="string">kvinna</kon>
<efternamn datatype="string">Al-Sahlani</efternamn>
<tilltalsnamn datatype="string">Abir</tilltalsnamn>
<sorteringsnamn datatype="string">Al-Sahlani,Abir</sorteringsnamn>
<iort datatype="string"></iort>
<parti datatype="string">C</parti>
<valkrets datatype="string">Stockholms kommun</valkrets>
<status datatype="string">Europaparlamentariker</status>
<person_url_xml datatype="string">http://data.riksdagen.se/person/af17bc5e-c6e0-4092-99e9-7e6464f2af37</person_url_xml>
<bild_url_80 datatype="string">http://data.riksdagen.se/filarkiv/bilder/ledamot/af17bc5e-c6e0-4092-99e9-7e6464f2af37_80.jpg</bild_url_80>
<bild_url_192 datatype="string">http://data.riksdagen.se/filarkiv/bilder/ledamot/af17bc5e-c6e0-4092-99e9-7e6464f2af37_192.jpg</bild_url_192>
<bild_url_max datatype="string">http://data.riksdagen.se/filarkiv/bilder/ledamot/af17bc5e-c6e0-4092-99e9-7e6464f2af37_max.jpg</bild_url_max>
<personuppdrag>
<uppdrag>
<organ_kod datatype="string">EP</organ_kod>
<roll_kod datatype="string">Ledamot</roll_kod>
<ordningsnummer datatype="int32">6</ordningsnummer>
<status datatype="string"></status>
<typ datatype="string">Europaparlamentet</typ>
<from datatype="datetime">2019-07-02</from>
<tom datatype="datetime">2024-07-02</tom>
<uppgift datatype="string">Europaparlamentet</uppgift>
<intressent_id datatype="string">0895706637124</intressent_id>
<hangar_id datatype="int32">2369308</hangar_id>
<sortering datatype="int32">30</sortering>
<organ_sortering datatype="int32">100</organ_sortering>
<uppdrag_rollsortering datatype="string">90</uppdrag_rollsortering>
<uppdrag_statussortering datatype="string">90</uppdrag_statussortering>
</uppdrag>
<uppdrag>
<organ_kod datatype="string">kam</organ_kod>
<roll_kod datatype="string">Ersättare</roll_kod>
<ordningsnummer datatype="int32">172</ordningsnummer>
<status datatype="string">Ersättare</status>
<typ datatype="string">kammaruppdrag</typ>
<from datatype="datetime">2019-01-14</from>
<tom datatype="datetime">2019-06-19</tom>
<uppgift datatype="string">Johan Hedin</uppgift>
<intressent_id datatype="string">0895706637124</intressent_id>
<hangar_id datatype="int32">2369308</hangar_id>
<sortering datatype="int32">45</sortering>
<organ_sortering datatype="int32">10</organ_sortering>
<uppdrag_rollsortering datatype="string">60</uppdrag_rollsortering>
<uppdrag_statussortering datatype="string">20</uppdrag_statussortering>
</uppdrag>
<uppdrag>
<organ_kod datatype="string">kam</organ_kod>
<roll_kod datatype="string">Riksdagsledamot</roll_kod>
<ordningsnummer datatype="int32">206</ordningsnummer>
<status datatype="string">Tjänstgörande</status>
<typ datatype="string">kammaruppdrag</typ>
<from datatype="datetime">2011-09-30</from>
<tom datatype="datetime">2014-09-29</tom>
<uppgift datatype="string"></uppgift>
<intressent_id datatype="string">0895706637124</intressent_id>
<hangar_id datatype="int32">2369308</hangar_id>
<sortering datatype="int32">10</sortering>
<organ_sortering datatype="int32">10</organ_sortering>
<uppdrag_rollsortering datatype="string">60</uppdrag_rollsortering>
<uppdrag_statussortering datatype="string">10</uppdrag_statussortering>
</uppdrag>
<uppdrag>
<organ_kod datatype="string">kam</organ_kod>
<roll_kod datatype="string">Statsrådsersättare</roll_kod>
<ordningsnummer datatype="int32">206</ordningsnummer>
<status datatype="string">Ersättare</status>
<typ datatype="string">kammaruppdrag</typ>
<from datatype="datetime">2010-10-04</from>
<tom datatype="datetime">2011-09-29</tom>
<uppgift datatype="string">Andreas Carlgren</uppgift>
<intressent_id datatype="string">0895706637124</intressent_id>
<hangar_id datatype="int32">2369308</hangar_id>
<sortering datatype="int32"></sortering>
<organ_sortering datatype="int32">10</organ_sortering>
<uppdrag_rollsortering datatype="string">60</uppdrag_rollsortering>
<uppdrag_statussortering datatype="string">20</uppdrag_statussortering>
</uppdrag>
<uppdrag>
<organ_kod datatype="string">EMPA</organ_kod>
<roll_kod datatype="string">Suppleant</roll_kod>
<ordningsnummer datatype="int32">3</ordningsnummer>
<status datatype="string"></status>
<typ datatype="string">Riksdagsorgan</typ>
<from datatype="datetime">2010-11-17</from>
<tom datatype="datetime">2011-03-16</tom>
<uppgift datatype="string">Riksdagens delegation till den parlamentariska församlingen för Europa-Medelhavsområdet</uppgift>
<intressent_id datatype="string">0895706637124</intressent_id>
<hangar_id datatype="int32">2369308</hangar_id>
<sortering datatype="int32">50</sortering>
<organ_sortering datatype="int32"></organ_sortering>
<uppdrag_rollsortering datatype="string">90</uppdrag_rollsortering>
<uppdrag_statussortering datatype="string">90</uppdrag_statussortering>
</uppdrag>
<uppdrag>
<organ_kod datatype="string">PA-UfM</organ_kod>
<roll_kod datatype="string">Suppleant</roll_kod>
<ordningsnummer datatype="int32">3</ordningsnummer>
<status datatype="string"></status>
<typ datatype="string">Riksdagsorgan</typ>
<from datatype="datetime">2011-03-16</from>
<tom datatype="datetime">2014-09-29</tom>
<uppgift datatype="string">Riksdagens delegation till den parlamentariska församlingen för Unionen för Medelhavet</uppgift>
<intressent_id datatype="string">0895706637124</intressent_id>
<hangar_id datatype="int32">2369308</hangar_id>
<sortering datatype="int32">50</sortering>
<organ_sortering datatype="int32">300</organ_sortering>
<uppdrag_rollsortering datatype="string">90</uppdrag_rollsortering>
<uppdrag_statussortering datatype="string">90</uppdrag_statussortering>
</uppdrag>
<uppdrag>
<organ_kod datatype="string">AU</organ_kod>
<roll_kod datatype="string">Suppleant</roll_kod>
<ordningsnummer datatype="int32">11</ordningsnummer>
<status datatype="string"></status>
<typ datatype="string">uppdrag</typ>
<from datatype="datetime">2010-10-12</from>
<tom datatype="datetime">2014-09-29</tom>
<uppgift datatype="string">Arbetsmarknadsutskottet</uppgift>
<intressent_id datatype="string">0895706637124</intressent_id>
<hangar_id datatype="int32">2369308</hangar_id>
<sortering datatype="int32">50</sortering>
<organ_sortering datatype="int32">150</organ_sortering>
<uppdrag_rollsortering datatype="string">90</uppdrag_rollsortering>
<uppdrag_statussortering datatype="string">90</uppdrag_statussortering>
</uppdrag>
<uppdrag>
<organ_kod datatype="string">KU</organ_kod>
<roll_kod datatype="string">Extra suppleant</roll_kod>
<ordningsnummer datatype="int32">0</ordningsnummer>
<status datatype="string"></status>
<typ datatype="string">uppdrag</typ>
<from datatype="datetime">2019-01-14</from>
<tom datatype="datetime">2019-06-19</tom>
<uppgift datatype="string">Konstitutionsutskottet</uppgift>
<intressent_id datatype="string">0895706637124</intressent_id>
<hangar_id datatype="int32">2369308</hangar_id>
<sortering datatype="int32">55</sortering>
<organ_sortering datatype="int32">150</organ_sortering>
<uppdrag_rollsortering datatype="string">90</uppdrag_rollsortering>
<uppdrag_statussortering datatype="string">90</uppdrag_statussortering>
</uppdrag>
<uppdrag>
<organ_kod datatype="string">SfU</organ_kod>
<roll_kod datatype="string">Suppleant</roll_kod>
<ordningsnummer datatype="int32">29</ordningsnummer>
<status datatype="string"></status>
<typ datatype="string">uppdrag</typ>
<from datatype="datetime">2019-01-16</from>
<tom datatype="datetime">2019-06-19</tom>
<uppgift datatype="string">Socialförsäkringsutskottet</uppgift>
<intressent_id datatype="string">0895706637124</intressent_id>
<hangar_id datatype="int32">2369308</hangar_id>
<sortering datatype="int32">50</sortering>
<organ_sortering datatype="int32">150</organ_sortering>
<uppdrag_rollsortering datatype="string">90</uppdrag_rollsortering>
<uppdrag_statussortering datatype="string">90</uppdrag_statussortering>
</uppdrag>
<uppdrag>
<organ_kod datatype="string">SfU</organ_kod>
<roll_kod datatype="string">Suppleant</roll_kod>
<ordningsnummer datatype="int32">21</ordningsnummer>
<status datatype="string"></status>
<typ datatype="string">uppdrag</typ>
<from datatype="datetime">2010-10-26</from>
<tom datatype="datetime">2014-09-29</tom>
<uppgift datatype="string">Socialförsäkringsutskottet</uppgift>
<intressent_id datatype="string">0895706637124</intressent_id>
<hangar_id datatype="int32">2369308</hangar_id>
<sortering datatype="int32">50</sortering>
<organ_sortering datatype="int32">150</organ_sortering>
<uppdrag_rollsortering datatype="string">90</uppdrag_rollsortering>
<uppdrag_statussortering datatype="string">90</uppdrag_statussortering>
</uppdrag>
<uppdrag>
<organ_kod datatype="string">SoU</organ_kod>
<roll_kod datatype="string">Suppleant</roll_kod>
<ordningsnummer datatype="int32">11</ordningsnummer>
<status datatype="string"></status>
<typ datatype="string">uppdrag</typ>
<from datatype="datetime">2010-10-12</from>
<tom datatype="datetime">2011-06-07</tom>
<uppgift datatype="string">Socialutskottet</uppgift>
<intressent_id datatype="string">0895706637124</intressent_id>
<hangar_id datatype="int32">2369308</hangar_id>
<sortering datatype="int32">50</sortering>
<organ_sortering datatype="int32">150</organ_sortering>
<uppdrag_rollsortering datatype="string">90</uppdrag_rollsortering>
<uppdrag_statussortering datatype="string">90</uppdrag_statussortering>
</uppdrag>
<uppdrag>
<organ_kod datatype="string">UU</organ_kod>
<roll_kod datatype="string">Suppleant</roll_kod>
<ordningsnummer datatype="int32">23</ordningsnummer>
<status datatype="string"></status>
<typ datatype="string">uppdrag</typ>
<from datatype="datetime">2019-03-29</from>
<tom datatype="datetime">2019-06-19</tom>
<uppgift datatype="string">Utrikesutskottet</uppgift>
<intressent_id datatype="string">0895706637124</intressent_id>
<hangar_id datatype="int32">2369308</hangar_id>
<sortering datatype="int32">50</sortering>
<organ_sortering datatype="int32">150</organ_sortering>
<uppdrag_rollsortering datatype="string">90</uppdrag_rollsortering>
<uppdrag_statussortering datatype="string">90</uppdrag_statussortering>
</uppdrag>
<uppdrag>
<organ_kod datatype="string">UU</organ_kod>
<roll_kod datatype="string">Suppleant</roll_kod>
<ordningsnummer datatype="int32">27</ordningsnummer>
<status datatype="string"></status>
<typ datatype="string">uppdrag</typ>
<from datatype="datetime">2019-01-16</from>
<tom datatype="datetime">2019-03-29</tom>
<uppgift datatype="string">Utrikesutskottet</uppgift>
<intressent_id datatype="string">0895706637124</intressent_id>
<hangar_id datatype="int32">2369308</hangar_id>
<sortering datatype="int32">50</sortering>
<organ_sortering datatype="int32">150</organ_sortering>
<uppdrag_rollsortering datatype="string">90</uppdrag_rollsortering>
<uppdrag_statussortering datatype="string">90</uppdrag_statussortering>
</uppdrag>
<uppdrag>
<organ_kod datatype="string">UU</organ_kod>
<roll_kod datatype="string">Suppleant</roll_kod>
<ordningsnummer datatype="int32">29</ordningsnummer>
<status datatype="string"></status>
<typ datatype="string">uppdrag</typ>
<from datatype="datetime">2011-06-10</from>
<tom datatype="datetime">2014-09-29</tom>
<uppgift datatype="string">Utrikesutskottet</uppgift>
<intressent_id datatype="string">0895706637124</intressent_id>
<hangar_id datatype="int32">2369308</hangar_id>
<sortering datatype="int32">50</sortering>
<organ_sortering datatype="int32">150</organ_sortering>
<uppdrag_rollsortering datatype="string">90</uppdrag_rollsortering>
<uppdrag_statussortering datatype="string">90</uppdrag_statussortering>
</uppdrag>
<uppdrag>
<organ_kod datatype="string">EUN</organ_kod>
<roll_kod datatype="string">Extra suppleant</roll_kod>
<ordningsnummer datatype="int32">0</ordningsnummer>
<status datatype="string"></status>
<typ datatype="string">uppdrag</typ>
<from datatype="datetime">2019-01-14</from>
<tom datatype="datetime">2019-06-19</tom>
<uppgift datatype="string">EU-nämnden</uppgift>
<intressent_id datatype="string">0895706637124</intressent_id>
<hangar_id datatype="int32">2369308</hangar_id>
<sortering datatype="int32">55</sortering>
<organ_sortering datatype="int32">170</organ_sortering>
<uppdrag_rollsortering datatype="string">90</uppdrag_rollsortering>
<uppdrag_statussortering datatype="string">90</uppdrag_statussortering>
</uppdrag>
</personuppdrag>
<personuppgift>
<uppgift>
<kod datatype="string">Övriga webbsidor</kod>
<uppgift datatype="string">http://www.facebook.com/abir.alsahlani</uppgift>
<typ datatype="string">eadress</typ>
<intressent_id datatype="string">0895706637124</intressent_id>
<hangar_id datatype="int32">2369308</hangar_id>
</uppgift>
<uppgift>
<kod datatype="string">Webbsida</kod>
<uppgift datatype="string">http://www.twitter.com/abiralsahlani</uppgift>
<typ datatype="string">eadress</typ>
<intressent_id datatype="string">0895706637124</intressent_id>
<hangar_id datatype="int32">2369308</hangar_id>
</uppgift>
<uppgift>
<kod datatype="string">sv</kod>
<uppgift datatype="string">Politiskt sakkunnig.</uppgift>
<typ datatype="string">titlar</typ>
<intressent_id datatype="string">0895706637124</intressent_id>
<hangar_id datatype="int32">2369308</hangar_id>
</uppgift>
<uppgift>
<kod datatype="string">en</kod>
<uppgift datatype="string"></uppgift>
<typ datatype="string">titlar</typ>
<intressent_id datatype="string">0895706637124</intressent_id>
<hangar_id datatype="int32">2369308</hangar_id>
</uppgift>
<uppgift>
<kod datatype="string">KandiderarINastaVal</kod>
<uppgift datatype="string">true</uppgift>
<typ datatype="string">val</typ>
<intressent_id datatype="string">0895706637124</intressent_id>
<hangar_id datatype="int32">2369308</hangar_id>
</uppgift>
</personuppgift>
</person>
