<?xml version="1.0" encoding="utf-8" ?>
<person>
<hangar_guid datatype="guid">6f28ef57-14b1-40d4-b9ef-b01dc8b068f7</hangar_guid>
<sourceid datatype="string">4dedb39d-706b-46aa-bcce-2e414eb8d289</sourceid>
<intressent_id datatype="string">0595189953892</intressent_id>
<hangar_id datatype="int32">2341619</hangar_id>
<fodd_ar datatype="int16">1911</fodd_ar>
<kon datatype="string">man</kon>
<efternamn datatype="string">Allard</efternamn>
<tilltalsnamn datatype="string">Henry</tilltalsnamn>
<sorteringsnamn datatype="string">Allard,Henry</sorteringsnamn>
<iort datatype="string"></iort>
<parti datatype="string">S</parti>
<valkrets datatype="string"></valkrets>
<status datatype="string">Avliden  1996-10-23</status>
<person_url_xml datatype="string">http://data.riksdagen.se/person/4dedb39d-706b-46aa-bcce-2e414eb8d289</person_url_xml>
<bild_url_80 datatype="string">http://data.riksdagen.se/filarkiv/bilder/ledamot/4dedb39d-706b-46aa-bcce-2e414eb8d289_80.jpg</bild_url_80>
<bild_url_192 datatype="string">http://data.riksdagen.se/filarkiv/bilder/ledamot/4dedb39d-706b-46aa-bcce-2e414eb8d289_192.jpg</bild_url_192>
<bild_url_max datatype="string">http://data.riksdagen.se/filarkiv/bilder/ledamot/4dedb39d-706b-46aa-bcce-2e414eb8d289_max.jpg</bild_url_max>
<personuppdrag>
<uppdrag>
<organ_kod datatype="string">kam</organ_kod>
<roll_kod datatype="string">Riksdagsledamot</roll_kod>
<ordningsnummer datatype="int32">0</ordningsnummer>
<status datatype="string">Ledig</status>
<typ datatype="string">kammaruppdrag</typ>
<from datatype="datetime">1976-10-04</from>
<tom datatype="datetime">1979-10-01</tom>
<uppgift datatype="string">Talman</uppgift>
<intressent_id datatype="string">0595189953892</intressent_id>
<hangar_id datatype="int32">2341619</hangar_id>
<sortering datatype="int32">10</sortering>
<organ_sortering datatype="int32">10</organ_sortering>
<uppdrag_rollsortering datatype="string">60</uppdrag_rollsortering>
<uppdrag_statussortering datatype="string">30</uppdrag_statussortering>
</uppdrag>
<uppdrag>
<organ_kod datatype="string">kam</organ_kod>
<roll_kod datatype="string">Riksdagsledamot</roll_kod>
<ordningsnummer datatype="int32">0</ordningsnummer>
<status datatype="string">Ledig</status>
<typ datatype="string">kammaruppdrag</typ>
<from datatype="datetime">1974-01-10</from>
<tom datatype="datetime">1976-10-04</tom>
<uppgift datatype="string">Talman</uppgift>
<intressent_id datatype="string">0595189953892</intressent_id>
<hangar_id datatype="int32">2341619</hangar_id>
<sortering datatype="int32">10</sortering>
<organ_sortering datatype="int32">10</organ_sortering>
<uppdrag_rollsortering datatype="string">60</uppdrag_rollsortering>
<uppdrag_statussortering datatype="string">30</uppdrag_statussortering>
</uppdrag>
<uppdrag>
<organ_kod datatype="string">kam</organ_kod>
<roll_kod datatype="string">Riksdagsledamot</roll_kod>
<ordningsnummer datatype="int32">0</ordningsnummer>
<status datatype="string">Ledig</status>
<typ datatype="string">kammaruppdrag</typ>
<from datatype="datetime">1971-01-11</from>
<tom datatype="datetime">1974-01-10</tom>
<uppgift datatype="string">Talman</uppgift>
<intressent_id datatype="string">0595189953892</intressent_id>
<hangar_id datatype="int32">2341619</hangar_id>
<sortering datatype="int32">10</sortering>
<organ_sortering datatype="int32">10</organ_sortering>
<uppdrag_rollsortering datatype="string">60</uppdrag_rollsortering>
<uppdrag_statussortering datatype="string">30</uppdrag_statussortering>
</uppdrag>
<uppdrag>
<organ_kod datatype="string">kam</organ_kod>
<roll_kod datatype="string">Talman</roll_kod>
<ordningsnummer datatype="int32">10</ordningsnummer>
<status datatype="string"></status>
<typ datatype="string">talmansuppdrag</typ>
<from datatype="datetime">1976-10-04</from>
<tom datatype="datetime">1979-10-01</tom>
<uppgift datatype="string"></uppgift>
<intressent_id datatype="string">0595189953892</intressent_id>
<hangar_id datatype="int32">2341619</hangar_id>
<sortering datatype="int32">5</sortering>
<organ_sortering datatype="int32">10</organ_sortering>
<uppdrag_rollsortering datatype="string">10</uppdrag_rollsortering>
<uppdrag_statussortering datatype="string">90</uppdrag_statussortering>
</uppdrag>
<uppdrag>
<organ_kod datatype="string">kam</organ_kod>
<roll_kod datatype="string">Talman</roll_kod>
<ordningsnummer datatype="int32">10</ordningsnummer>
<status datatype="string"></status>
<typ datatype="string">talmansuppdrag</typ>
<from datatype="datetime">1974-01-10</from>
<tom datatype="datetime">1976-10-04</tom>
<uppgift datatype="string"></uppgift>
<intressent_id datatype="string">0595189953892</intressent_id>
<hangar_id datatype="int32">2341619</hangar_id>
<sortering datatype="int32">5</sortering>
<organ_sortering datatype="int32">10</organ_sortering>
<uppdrag_rollsortering datatype="string">10</uppdrag_rollsortering>
<uppdrag_statussortering datatype="string">90</uppdrag_statussortering>
</uppdrag>
<uppdrag>
<organ_kod datatype="string">kam</organ_kod>
<roll_kod datatype="string">Talman</roll_kod>
<ordningsnummer datatype="int32">10</ordningsnummer>
<status datatype="string"></status>
<typ datatype="string">talmansuppdrag</typ>
<from datatype="datetime">1971-01-11</from>
<tom datatype="datetime">1974-01-10</tom>
<uppgift datatype="string"></uppgift>
<intressent_id datatype="string">0595189953892</intressent_id>
<hangar_id datatype="int32">2341619</hangar_id>
<sortering datatype="int32">5</sortering>
<organ_sortering datatype="int32">10</organ_sortering>
<uppdrag_rollsortering datatype="string">10</uppdrag_rollsortering>
<uppdrag_statussortering datatype="string">90</uppdrag_statussortering>
</uppdrag>
</personuppdrag>
<personuppgift>
</personuppgift>
</person>
