<?xml version="1.0" encoding="utf-8" ?>
<person>
<hangar_guid datatype="guid">998549a6-f118-4342-8f93-08df96165549</hangar_guid>
<sourceid datatype="string">80aa8855-1a6a-4778-a8a8-29e98edbb343</sourceid>
<intressent_id datatype="string"></intressent_id>
<hangar_id datatype="int32">4788788</hangar_id>
<fodd_ar datatype="int16">0</fodd_ar>
<kon datatype="string">man</kon>
<efternamn datatype="string">Alvstam</efternamn>
<tilltalsnamn datatype="string">Claes-Göran</tilltalsnamn>
<sorteringsnamn datatype="string">Alvstam,Claes-Göran</sorteringsnamn>
<iort datatype="string"></iort>
<parti datatype="string"></parti>
<valkrets datatype="string"></valkrets>
<status datatype="string">Tidigare ledamot i Styrelsen för Stiftelsen Riksbankens Jubileumsfond</status>
<person_url_xml datatype="string">http://data.riksdagen.se/person/80aa8855-1a6a-4778-a8a8-29e98edbb343</person_url_xml>
<bild_url_80 datatype="string">http://data.riksdagen.se/filarkiv/bilder/ledamot/80aa8855-1a6a-4778-a8a8-29e98edbb343_80.jpg</bild_url_80>
<bild_url_192 datatype="string">http://data.riksdagen.se/filarkiv/bilder/ledamot/80aa8855-1a6a-4778-a8a8-29e98edbb343_192.jpg</bild_url_192>
<bild_url_max datatype="string">http://data.riksdagen.se/filarkiv/bilder/ledamot/80aa8855-1a6a-4778-a8a8-29e98edbb343_max.jpg</bild_url_max>
<personuppdrag>
<uppdrag>
<organ_kod datatype="string">RJ</organ_kod>
<roll_kod datatype="string">Ledamot</roll_kod>
<ordningsnummer datatype="int32">8</ordningsnummer>
<status datatype="string"></status>
<typ datatype="string">Riksdagsorgan</typ>
<from datatype="datetime">2006-11-01</from>
<tom datatype="datetime">2010-10-31</tom>
<uppgift datatype="string">Styrelsen för Stiftelsen Riksbankens Jubileumsfond</uppgift>
<intressent_id datatype="string"></intressent_id>
<hangar_id datatype="int32">4788788</hangar_id>
<sortering datatype="int32">30</sortering>
<organ_sortering datatype="int32">300</organ_sortering>
<uppdrag_rollsortering datatype="string">90</uppdrag_rollsortering>
<uppdrag_statussortering datatype="string">90</uppdrag_statussortering>
</uppdrag>
</personuppdrag>
<personuppgift>
</personuppgift>
</person>
