<?xml version="1.0" encoding="utf-8" ?>
<person>
<hangar_guid datatype="guid">b109bcbf-c94c-4d7c-b50b-192f9cbffaeb</hangar_guid>
<sourceid datatype="string">1872a60d-53c7-47c0-9207-b9135ac0de2e</sourceid>
<intressent_id datatype="string">0969147846718</intressent_id>
<hangar_id datatype="int32">2342865</hangar_id>
<fodd_ar datatype="int16">1955</fodd_ar>
<kon datatype="string">kvinna</kon>
<efternamn datatype="string">Andersson</efternamn>
<tilltalsnamn datatype="string">Gunilla</tilltalsnamn>
<sorteringsnamn datatype="string">Andersson,Gunilla</sorteringsnamn>
<iort datatype="string"></iort>
<parti datatype="string">S</parti>
<valkrets datatype="string"></valkrets>
<status datatype="string">Status saknas</status>
<person_url_xml datatype="string">http://data.riksdagen.se/person/1872a60d-53c7-47c0-9207-b9135ac0de2e</person_url_xml>
<bild_url_80 datatype="string">http://data.riksdagen.se/filarkiv/bilder/ledamot/1872a60d-53c7-47c0-9207-b9135ac0de2e_80.jpg</bild_url_80>
<bild_url_192 datatype="string">http://data.riksdagen.se/filarkiv/bilder/ledamot/1872a60d-53c7-47c0-9207-b9135ac0de2e_192.jpg</bild_url_192>
<bild_url_max datatype="string">http://data.riksdagen.se/filarkiv/bilder/ledamot/1872a60d-53c7-47c0-9207-b9135ac0de2e_max.jpg</bild_url_max>
<personuppdrag>
<uppdrag>
<organ_kod datatype="string">AU</organ_kod>
<roll_kod datatype="string">Suppleant</roll_kod>
<ordningsnummer datatype="int32">0</ordningsnummer>
<status datatype="string"></status>
<typ datatype="string">uppdrag</typ>
<from datatype="datetime">1989-05-12</from>
<tom datatype="datetime">1991-09-29</tom>
<uppgift datatype="string">Arbetsmarknadsutskottet</uppgift>
<intressent_id datatype="string">0969147846718</intressent_id>
<hangar_id datatype="int32">2342865</hangar_id>
<sortering datatype="int32">50</sortering>
<organ_sortering datatype="int32">150</organ_sortering>
<uppdrag_rollsortering datatype="string">90</uppdrag_rollsortering>
<uppdrag_statussortering datatype="string">90</uppdrag_statussortering>
</uppdrag>
<uppdrag>
<organ_kod datatype="string">LU</organ_kod>
<roll_kod datatype="string">Suppleant</roll_kod>
<ordningsnummer datatype="int32">0</ordningsnummer>
<status datatype="string"></status>
<typ datatype="string">uppdrag</typ>
<from datatype="datetime">1989-05-12</from>
<tom datatype="datetime">1991-09-29</tom>
<uppgift datatype="string">Lagutskottet</uppgift>
<intressent_id datatype="string">0969147846718</intressent_id>
<hangar_id datatype="int32">2342865</hangar_id>
<sortering datatype="int32">50</sortering>
<organ_sortering datatype="int32">165</organ_sortering>
<uppdrag_rollsortering datatype="string">90</uppdrag_rollsortering>
<uppdrag_statussortering datatype="string">90</uppdrag_statussortering>
</uppdrag>
</personuppdrag>
<personuppgift>
<uppgift>
<kod datatype="string">sv</kod>
<uppgift datatype="string">barnomsorgsassistent</uppgift>
<typ datatype="string">titlar</typ>
<intressent_id datatype="string">0969147846718</intressent_id>
<hangar_id datatype="int32">2342865</hangar_id>
</uppgift>
<uppgift>
<kod datatype="string">en</kod>
<uppgift datatype="string"></uppgift>
<typ datatype="string">titlar</typ>
<intressent_id datatype="string">0969147846718</intressent_id>
<hangar_id datatype="int32">2342865</hangar_id>
</uppgift>
</personuppgift>
</person>
