<?xml version="1.0" encoding="utf-8" ?>
<person>
<hangar_guid datatype="guid">d89137ab-8163-48b9-b947-de71441e092b</hangar_guid>
<sourceid datatype="string">31deeaa3-5ff4-446e-b4b0-10216a228ecd</sourceid>
<intressent_id datatype="string">0823220795415</intressent_id>
<hangar_id datatype="int32">2343165</hangar_id>
<fodd_ar datatype="int16">1961</fodd_ar>
<kon datatype="string">kvinna</kon>
<efternamn datatype="string">Andersson</efternamn>
<tilltalsnamn datatype="string">Elisabeth</tilltalsnamn>
<sorteringsnamn datatype="string">Andersson,Elisabeth</sorteringsnamn>
<iort datatype="string"></iort>
<parti datatype="string">C</parti>
<valkrets datatype="string"></valkrets>
<status datatype="string">Tidigare ersättare</status>
<person_url_xml datatype="string">http://data.riksdagen.se/person/31deeaa3-5ff4-446e-b4b0-10216a228ecd</person_url_xml>
<bild_url_80 datatype="string">http://data.riksdagen.se/filarkiv/bilder/ledamot/31deeaa3-5ff4-446e-b4b0-10216a228ecd_80.jpg</bild_url_80>
<bild_url_192 datatype="string">http://data.riksdagen.se/filarkiv/bilder/ledamot/31deeaa3-5ff4-446e-b4b0-10216a228ecd_192.jpg</bild_url_192>
<bild_url_max datatype="string">http://data.riksdagen.se/filarkiv/bilder/ledamot/31deeaa3-5ff4-446e-b4b0-10216a228ecd_max.jpg</bild_url_max>
<personuppdrag>
<uppdrag>
<organ_kod datatype="string">kam</organ_kod>
<roll_kod datatype="string">Ersättare</roll_kod>
<ordningsnummer datatype="int32">235</ordningsnummer>
<status datatype="string">Ersättare</status>
<typ datatype="string">kammaruppdrag</typ>
<from datatype="datetime">1993-11-18</from>
<tom datatype="datetime">1993-12-17</tom>
<uppgift datatype="string">Lennart Brunander</uppgift>
<intressent_id datatype="string">0823220795415</intressent_id>
<hangar_id datatype="int32">2343165</hangar_id>
<sortering datatype="int32">45</sortering>
<organ_sortering datatype="int32">10</organ_sortering>
<uppdrag_rollsortering datatype="string">60</uppdrag_rollsortering>
<uppdrag_statussortering datatype="string">20</uppdrag_statussortering>
</uppdrag>
<uppdrag>
<organ_kod datatype="string">kam</organ_kod>
<roll_kod datatype="string">Ersättare</roll_kod>
<ordningsnummer datatype="int32">235</ordningsnummer>
<status datatype="string">Ersättare</status>
<typ datatype="string">kammaruppdrag</typ>
<from datatype="datetime">1991-11-08</from>
<tom datatype="datetime">1991-12-09</tom>
<uppgift datatype="string">Lennart Brunander</uppgift>
<intressent_id datatype="string">0823220795415</intressent_id>
<hangar_id datatype="int32">2343165</hangar_id>
<sortering datatype="int32">45</sortering>
<organ_sortering datatype="int32">10</organ_sortering>
<uppdrag_rollsortering datatype="string">60</uppdrag_rollsortering>
<uppdrag_statussortering datatype="string">20</uppdrag_statussortering>
</uppdrag>
<uppdrag>
<organ_kod datatype="string">FöU</organ_kod>
<roll_kod datatype="string">Suppleant</roll_kod>
<ordningsnummer datatype="int32">0</ordningsnummer>
<status datatype="string"></status>
<typ datatype="string">uppdrag</typ>
<from datatype="datetime">1993-11-18</from>
<tom datatype="datetime">1993-12-17</tom>
<uppgift datatype="string">Försvarsutskottet</uppgift>
<intressent_id datatype="string">0823220795415</intressent_id>
<hangar_id datatype="int32">2343165</hangar_id>
<sortering datatype="int32">50</sortering>
<organ_sortering datatype="int32">150</organ_sortering>
<uppdrag_rollsortering datatype="string">90</uppdrag_rollsortering>
<uppdrag_statussortering datatype="string">90</uppdrag_statussortering>
</uppdrag>
<uppdrag>
<organ_kod datatype="string">MJU</organ_kod>
<roll_kod datatype="string">Suppleant</roll_kod>
<ordningsnummer datatype="int32">0</ordningsnummer>
<status datatype="string"></status>
<typ datatype="string">uppdrag</typ>
<from datatype="datetime">1993-11-18</from>
<tom datatype="datetime">1993-12-17</tom>
<uppgift datatype="string">Miljö- och jordbruksutskottet</uppgift>
<intressent_id datatype="string">0823220795415</intressent_id>
<hangar_id datatype="int32">2343165</hangar_id>
<sortering datatype="int32">50</sortering>
<organ_sortering datatype="int32">150</organ_sortering>
<uppdrag_rollsortering datatype="string">90</uppdrag_rollsortering>
<uppdrag_statussortering datatype="string">90</uppdrag_statussortering>
</uppdrag>
<uppdrag>
<organ_kod datatype="string">MJU</organ_kod>
<roll_kod datatype="string">Suppleant</roll_kod>
<ordningsnummer datatype="int32">0</ordningsnummer>
<status datatype="string"></status>
<typ datatype="string">uppdrag</typ>
<from datatype="datetime">1991-11-08</from>
<tom datatype="datetime">1991-12-09</tom>
<uppgift datatype="string">Miljö- och jordbruksutskottet</uppgift>
<intressent_id datatype="string">0823220795415</intressent_id>
<hangar_id datatype="int32">2343165</hangar_id>
<sortering datatype="int32">50</sortering>
<organ_sortering datatype="int32">150</organ_sortering>
<uppdrag_rollsortering datatype="string">90</uppdrag_rollsortering>
<uppdrag_statussortering datatype="string">90</uppdrag_statussortering>
</uppdrag>
</personuppdrag>
<personuppgift>
<uppgift>
<kod datatype="string">sv</kod>
<uppgift datatype="string">lågstadielärare</uppgift>
<typ datatype="string">titlar</typ>
<intressent_id datatype="string">0823220795415</intressent_id>
<hangar_id datatype="int32">2343165</hangar_id>
</uppgift>
<uppgift>
<kod datatype="string">en</kod>
<uppgift datatype="string"></uppgift>
<typ datatype="string">titlar</typ>
<intressent_id datatype="string">0823220795415</intressent_id>
<hangar_id datatype="int32">2343165</hangar_id>
</uppgift>
</personuppgift>
</person>
