<?xml version="1.0" encoding="utf-8" ?>
<person>
<hangar_guid datatype="guid">f7b35317-047d-42ba-8e2c-574ad2ac9283</hangar_guid>
<sourceid datatype="string">8312e92c-99ff-461a-a815-5d555ca7e180</sourceid>
<intressent_id datatype="string">0263304349100</intressent_id>
<hangar_id datatype="int32">2342498</hangar_id>
<fodd_ar datatype="int16">1948</fodd_ar>
<kon datatype="string">kvinna</kon>
<efternamn datatype="string">Andersson</efternamn>
<tilltalsnamn datatype="string">Christina</tilltalsnamn>
<sorteringsnamn datatype="string">Andersson,Christina</sorteringsnamn>
<iort datatype="string"></iort>
<parti datatype="string">C</parti>
<valkrets datatype="string">Södermanlands län</valkrets>
<status datatype="string">Tidigare ersättare</status>
<person_url_xml datatype="string">http://data.riksdagen.se/person/8312e92c-99ff-461a-a815-5d555ca7e180</person_url_xml>
<bild_url_80 datatype="string">http://data.riksdagen.se/filarkiv/bilder/ledamot/8312e92c-99ff-461a-a815-5d555ca7e180_80.jpg</bild_url_80>
<bild_url_192 datatype="string">http://data.riksdagen.se/filarkiv/bilder/ledamot/8312e92c-99ff-461a-a815-5d555ca7e180_192.jpg</bild_url_192>
<bild_url_max datatype="string">http://data.riksdagen.se/filarkiv/bilder/ledamot/8312e92c-99ff-461a-a815-5d555ca7e180_max.jpg</bild_url_max>
<personuppdrag>
<uppdrag>
<organ_kod datatype="string">kam</organ_kod>
<roll_kod datatype="string">Ersättare</roll_kod>
<ordningsnummer datatype="int32">86</ordningsnummer>
<status datatype="string">Ersättare</status>
<typ datatype="string">kammaruppdrag</typ>
<from datatype="datetime">2008-11-24</from>
<tom datatype="datetime">2009-02-01</tom>
<uppgift datatype="string">Roger Tiefensee</uppgift>
<intressent_id datatype="string">0263304349100</intressent_id>
<hangar_id datatype="int32">2342498</hangar_id>
<sortering datatype="int32">45</sortering>
<organ_sortering datatype="int32">10</organ_sortering>
<uppdrag_rollsortering datatype="string">60</uppdrag_rollsortering>
<uppdrag_statussortering datatype="string">20</uppdrag_statussortering>
</uppdrag>
<uppdrag>
<organ_kod datatype="string">kam</organ_kod>
<roll_kod datatype="string">Ersättare</roll_kod>
<ordningsnummer datatype="int32">86</ordningsnummer>
<status datatype="string">Ersättare</status>
<typ datatype="string">kammaruppdrag</typ>
<from datatype="datetime">2007-04-18</from>
<tom datatype="datetime">2007-07-29</tom>
<uppgift datatype="string">Roger Tiefensee</uppgift>
<intressent_id datatype="string">0263304349100</intressent_id>
<hangar_id datatype="int32">2342498</hangar_id>
<sortering datatype="int32">45</sortering>
<organ_sortering datatype="int32">10</organ_sortering>
<uppdrag_rollsortering datatype="string">60</uppdrag_rollsortering>
<uppdrag_statussortering datatype="string">20</uppdrag_statussortering>
</uppdrag>
<uppdrag>
<organ_kod datatype="string">kam</organ_kod>
<roll_kod datatype="string">Ersättare</roll_kod>
<ordningsnummer datatype="int32">0</ordningsnummer>
<status datatype="string">Ersättare</status>
<typ datatype="string">kammaruppdrag</typ>
<from datatype="datetime">2005-01-31</from>
<tom datatype="datetime">2005-03-16</tom>
<uppgift datatype="string"></uppgift>
<intressent_id datatype="string">0263304349100</intressent_id>
<hangar_id datatype="int32">2342498</hangar_id>
<sortering datatype="int32">45</sortering>
<organ_sortering datatype="int32">10</organ_sortering>
<uppdrag_rollsortering datatype="string">60</uppdrag_rollsortering>
<uppdrag_statussortering datatype="string">20</uppdrag_statussortering>
</uppdrag>
<uppdrag>
<organ_kod datatype="string">FiU</organ_kod>
<roll_kod datatype="string">Suppleant</roll_kod>
<ordningsnummer datatype="int32">0</ordningsnummer>
<status datatype="string"></status>
<typ datatype="string">uppdrag</typ>
<from datatype="datetime">2008-11-26</from>
<tom datatype="datetime">2009-02-01</tom>
<uppgift datatype="string">Finansutskottet</uppgift>
<intressent_id datatype="string">0263304349100</intressent_id>
<hangar_id datatype="int32">2342498</hangar_id>
<sortering datatype="int32">50</sortering>
<organ_sortering datatype="int32">150</organ_sortering>
<uppdrag_rollsortering datatype="string">90</uppdrag_rollsortering>
<uppdrag_statussortering datatype="string">90</uppdrag_statussortering>
</uppdrag>
<uppdrag>
<organ_kod datatype="string">FiU</organ_kod>
<roll_kod datatype="string">Suppleant</roll_kod>
<ordningsnummer datatype="int32">0</ordningsnummer>
<status datatype="string"></status>
<typ datatype="string">uppdrag</typ>
<from datatype="datetime">2008-11-26</from>
<tom datatype="datetime">2009-02-01</tom>
<uppgift datatype="string">Finansutskottet</uppgift>
<intressent_id datatype="string">0263304349100</intressent_id>
<hangar_id datatype="int32">2342498</hangar_id>
<sortering datatype="int32">50</sortering>
<organ_sortering datatype="int32">150</organ_sortering>
<uppdrag_rollsortering datatype="string">90</uppdrag_rollsortering>
<uppdrag_statussortering datatype="string">90</uppdrag_statussortering>
</uppdrag>
<uppdrag>
<organ_kod datatype="string">FiU</organ_kod>
<roll_kod datatype="string">Suppleant</roll_kod>
<ordningsnummer datatype="int32">0</ordningsnummer>
<status datatype="string"></status>
<typ datatype="string">uppdrag</typ>
<from datatype="datetime">2007-04-18</from>
<tom datatype="datetime">2007-07-29</tom>
<uppgift datatype="string">Finansutskottet</uppgift>
<intressent_id datatype="string">0263304349100</intressent_id>
<hangar_id datatype="int32">2342498</hangar_id>
<sortering datatype="int32">50</sortering>
<organ_sortering datatype="int32">150</organ_sortering>
<uppdrag_rollsortering datatype="string">90</uppdrag_rollsortering>
<uppdrag_statussortering datatype="string">90</uppdrag_statussortering>
</uppdrag>
<uppdrag>
<organ_kod datatype="string">FiU</organ_kod>
<roll_kod datatype="string">Suppleant</roll_kod>
<ordningsnummer datatype="int32">0</ordningsnummer>
<status datatype="string"></status>
<typ datatype="string">uppdrag</typ>
<from datatype="datetime">2005-01-31</from>
<tom datatype="datetime">2005-03-16</tom>
<uppgift datatype="string">Finansutskottet</uppgift>
<intressent_id datatype="string">0263304349100</intressent_id>
<hangar_id datatype="int32">2342498</hangar_id>
<sortering datatype="int32">50</sortering>
<organ_sortering datatype="int32">150</organ_sortering>
<uppdrag_rollsortering datatype="string">90</uppdrag_rollsortering>
<uppdrag_statussortering datatype="string">90</uppdrag_statussortering>
</uppdrag>
<uppdrag>
<organ_kod datatype="string">SkU</organ_kod>
<roll_kod datatype="string">Suppleant</roll_kod>
<ordningsnummer datatype="int32">0</ordningsnummer>
<status datatype="string"></status>
<typ datatype="string">uppdrag</typ>
<from datatype="datetime">2005-01-31</from>
<tom datatype="datetime">2005-03-16</tom>
<uppgift datatype="string">Skatteutskottet</uppgift>
<intressent_id datatype="string">0263304349100</intressent_id>
<hangar_id datatype="int32">2342498</hangar_id>
<sortering datatype="int32">50</sortering>
<organ_sortering datatype="int32">150</organ_sortering>
<uppdrag_rollsortering datatype="string">90</uppdrag_rollsortering>
<uppdrag_statussortering datatype="string">90</uppdrag_statussortering>
</uppdrag>
</personuppdrag>
<personuppgift>
</personuppgift>
</person>
