<?xml version="1.0" encoding="utf-8" ?>
<person>
<hangar_guid datatype="guid">757cdd58-cb87-4075-9f33-71d354326b6c</hangar_guid>
<sourceid datatype="string">c6c97e41-0a71-47b3-83f9-e7ed8be32292</sourceid>
<intressent_id datatype="string">0119766779312</intressent_id>
<hangar_id datatype="int32">2369581</hangar_id>
<fodd_ar datatype="int16">1953</fodd_ar>
<kon datatype="string">kvinna</kon>
<efternamn datatype="string">Andersson</efternamn>
<tilltalsnamn datatype="string">Helén</tilltalsnamn>
<sorteringsnamn datatype="string">Andersson,Helén</sorteringsnamn>
<iort datatype="string"></iort>
<parti datatype="string">C</parti>
<valkrets datatype="string">Hallands län</valkrets>
<status datatype="string">Tidigare ersättare</status>
<person_url_xml datatype="string">http://data.riksdagen.se/person/c6c97e41-0a71-47b3-83f9-e7ed8be32292</person_url_xml>
<bild_url_80 datatype="string">http://data.riksdagen.se/filarkiv/bilder/ledamot/c6c97e41-0a71-47b3-83f9-e7ed8be32292_80.jpg</bild_url_80>
<bild_url_192 datatype="string">http://data.riksdagen.se/filarkiv/bilder/ledamot/c6c97e41-0a71-47b3-83f9-e7ed8be32292_192.jpg</bild_url_192>
<bild_url_max datatype="string">http://data.riksdagen.se/filarkiv/bilder/ledamot/c6c97e41-0a71-47b3-83f9-e7ed8be32292_max.jpg</bild_url_max>
<personuppdrag>
<uppdrag>
<organ_kod datatype="string">kam</organ_kod>
<roll_kod datatype="string">Ersättare</roll_kod>
<ordningsnummer datatype="int32">157</ordningsnummer>
<status datatype="string">Ersättare</status>
<typ datatype="string">kammaruppdrag</typ>
<from datatype="datetime">2014-03-10</from>
<tom datatype="datetime">2014-04-17</tom>
<uppgift datatype="string">Ola Johansson</uppgift>
<intressent_id datatype="string">0119766779312</intressent_id>
<hangar_id datatype="int32">2369581</hangar_id>
<sortering datatype="int32">45</sortering>
<organ_sortering datatype="int32">10</organ_sortering>
<uppdrag_rollsortering datatype="string">60</uppdrag_rollsortering>
<uppdrag_statussortering datatype="string">20</uppdrag_statussortering>
</uppdrag>
<uppdrag>
<organ_kod datatype="string">CU</organ_kod>
<roll_kod datatype="string">Extra suppleant</roll_kod>
<ordningsnummer datatype="int32">0</ordningsnummer>
<status datatype="string"></status>
<typ datatype="string">uppdrag</typ>
<from datatype="datetime">2014-03-10</from>
<tom datatype="datetime">2014-04-17</tom>
<uppgift datatype="string">Civilutskottet</uppgift>
<intressent_id datatype="string">0119766779312</intressent_id>
<hangar_id datatype="int32">2369581</hangar_id>
<sortering datatype="int32">55</sortering>
<organ_sortering datatype="int32">150</organ_sortering>
<uppdrag_rollsortering datatype="string">90</uppdrag_rollsortering>
<uppdrag_statussortering datatype="string">90</uppdrag_statussortering>
</uppdrag>
<uppdrag>
<organ_kod datatype="string">SoU</organ_kod>
<roll_kod datatype="string">Extra suppleant</roll_kod>
<ordningsnummer datatype="int32">0</ordningsnummer>
<status datatype="string"></status>
<typ datatype="string">uppdrag</typ>
<from datatype="datetime">2014-03-10</from>
<tom datatype="datetime">2014-04-17</tom>
<uppgift datatype="string">Socialutskottet</uppgift>
<intressent_id datatype="string">0119766779312</intressent_id>
<hangar_id datatype="int32">2369581</hangar_id>
<sortering datatype="int32">55</sortering>
<organ_sortering datatype="int32">150</organ_sortering>
<uppdrag_rollsortering datatype="string">90</uppdrag_rollsortering>
<uppdrag_statussortering datatype="string">90</uppdrag_statussortering>
</uppdrag>
</personuppdrag>
<personuppgift>
<uppgift>
<kod datatype="string">Officiell e-postadress</kod>
<uppgift datatype="string">helen.andersson[på]riksdagen.se</uppgift>
<typ datatype="string">eadress</typ>
<intressent_id datatype="string">0119766779312</intressent_id>
<hangar_id datatype="int32">2369581</hangar_id>
</uppgift>
</personuppgift>
</person>
