<?xml version="1.0" encoding="utf-8" ?>
<person>
<hangar_guid datatype="guid">4e16314b-8dab-4972-9df7-6fff3febc3ea</hangar_guid>
<sourceid datatype="string">9393a620-3f03-4fb0-a8c2-9cc09d32f70a</sourceid>
<intressent_id datatype="string">0305328279505</intressent_id>
<hangar_id datatype="int32">2341803</hangar_id>
<fodd_ar datatype="int16">1932</fodd_ar>
<kon datatype="string">man</kon>
<efternamn datatype="string">Andersson</efternamn>
<tilltalsnamn datatype="string">Hans-Eric</tilltalsnamn>
<sorteringsnamn datatype="string">Andersson,Hans-Eric</sorteringsnamn>
<iort datatype="string"></iort>
<parti datatype="string">S</parti>
<valkrets datatype="string"></valkrets>
<status datatype="string">Tidigare ersättare</status>
<person_url_xml datatype="string">http://data.riksdagen.se/person/9393a620-3f03-4fb0-a8c2-9cc09d32f70a</person_url_xml>
<bild_url_80 datatype="string">http://data.riksdagen.se/filarkiv/bilder/ledamot/9393a620-3f03-4fb0-a8c2-9cc09d32f70a_80.jpg</bild_url_80>
<bild_url_192 datatype="string">http://data.riksdagen.se/filarkiv/bilder/ledamot/9393a620-3f03-4fb0-a8c2-9cc09d32f70a_192.jpg</bild_url_192>
<bild_url_max datatype="string">http://data.riksdagen.se/filarkiv/bilder/ledamot/9393a620-3f03-4fb0-a8c2-9cc09d32f70a_max.jpg</bild_url_max>
<personuppdrag>
<uppdrag>
<organ_kod datatype="string">kam</organ_kod>
<roll_kod datatype="string">Ersättare</roll_kod>
<ordningsnummer datatype="int32">0</ordningsnummer>
<status datatype="string">Ersättare</status>
<typ datatype="string">kammaruppdrag</typ>
<from datatype="datetime">1988-06-08</from>
<tom datatype="datetime">1988-10-03</tom>
<uppgift datatype="string">Ulf Lönnqvist</uppgift>
<intressent_id datatype="string">0305328279505</intressent_id>
<hangar_id datatype="int32">2341803</hangar_id>
<sortering datatype="int32">45</sortering>
<organ_sortering datatype="int32">10</organ_sortering>
<uppdrag_rollsortering datatype="string">60</uppdrag_rollsortering>
<uppdrag_statussortering datatype="string">20</uppdrag_statussortering>
</uppdrag>
<uppdrag>
<organ_kod datatype="string">kam</organ_kod>
<roll_kod datatype="string">Ersättare</roll_kod>
<ordningsnummer datatype="int32">0</ordningsnummer>
<status datatype="string">Ersättare</status>
<typ datatype="string">kammaruppdrag</typ>
<from datatype="datetime">1985-09-30</from>
<tom datatype="datetime">1988-06-07</tom>
<uppgift datatype="string">Anna-Greta Leijon</uppgift>
<intressent_id datatype="string">0305328279505</intressent_id>
<hangar_id datatype="int32">2341803</hangar_id>
<sortering datatype="int32">45</sortering>
<organ_sortering datatype="int32">10</organ_sortering>
<uppdrag_rollsortering datatype="string">60</uppdrag_rollsortering>
<uppdrag_statussortering datatype="string">20</uppdrag_statussortering>
</uppdrag>
</personuppdrag>
<personuppgift>
<uppgift>
<kod datatype="string">sv</kod>
<uppgift datatype="string">kommunalråd</uppgift>
<typ datatype="string">titlar</typ>
<intressent_id datatype="string">0305328279505</intressent_id>
<hangar_id datatype="int32">2341803</hangar_id>
</uppgift>
<uppgift>
<kod datatype="string">en</kod>
<uppgift datatype="string"></uppgift>
<typ datatype="string">titlar</typ>
<intressent_id datatype="string">0305328279505</intressent_id>
<hangar_id datatype="int32">2341803</hangar_id>
</uppgift>
</personuppgift>
</person>
