<?xml version="1.0" encoding="utf-8" ?>
<person>
<hangar_guid datatype="guid">91c9de67-d26c-4b32-b6a6-f5bc1c8e73c5</hangar_guid>
<sourceid datatype="string">9e9ad47f-92d1-485b-b1ca-b3b517cc1725</sourceid>
<intressent_id datatype="string">0778776381700</intressent_id>
<hangar_id datatype="int32">2341731</hangar_id>
<fodd_ar datatype="int16">1928</fodd_ar>
<kon datatype="string">man</kon>
<efternamn datatype="string">Andersson</efternamn>
<tilltalsnamn datatype="string">Anders</tilltalsnamn>
<sorteringsnamn datatype="string">Andersson,Anders</sorteringsnamn>
<iort datatype="string"></iort>
<parti datatype="string">M</parti>
<valkrets datatype="string"></valkrets>
<status datatype="string">Avliden  1989-05-08</status>
<person_url_xml datatype="string">http://data.riksdagen.se/person/9e9ad47f-92d1-485b-b1ca-b3b517cc1725</person_url_xml>
<bild_url_80 datatype="string">http://data.riksdagen.se/filarkiv/bilder/ledamot/9e9ad47f-92d1-485b-b1ca-b3b517cc1725_80.jpg</bild_url_80>
<bild_url_192 datatype="string">http://data.riksdagen.se/filarkiv/bilder/ledamot/9e9ad47f-92d1-485b-b1ca-b3b517cc1725_192.jpg</bild_url_192>
<bild_url_max datatype="string">http://data.riksdagen.se/filarkiv/bilder/ledamot/9e9ad47f-92d1-485b-b1ca-b3b517cc1725_max.jpg</bild_url_max>
<personuppdrag>
<uppdrag>
<organ_kod datatype="string">kam</organ_kod>
<roll_kod datatype="string">Riksdagsledamot</roll_kod>
<ordningsnummer datatype="int32">283</ordningsnummer>
<status datatype="string">Tjänstgörande</status>
<typ datatype="string">kammaruppdrag</typ>
<from datatype="datetime">1988-10-03</from>
<tom datatype="datetime">1989-05-08</tom>
<uppgift datatype="string"></uppgift>
<intressent_id datatype="string">0778776381700</intressent_id>
<hangar_id datatype="int32">2341731</hangar_id>
<sortering datatype="int32">10</sortering>
<organ_sortering datatype="int32">10</organ_sortering>
<uppdrag_rollsortering datatype="string">60</uppdrag_rollsortering>
<uppdrag_statussortering datatype="string">10</uppdrag_statussortering>
</uppdrag>
<uppdrag>
<organ_kod datatype="string">kam</organ_kod>
<roll_kod datatype="string">Riksdagsledamot</roll_kod>
<ordningsnummer datatype="int32">0</ordningsnummer>
<status datatype="string">Tjänstgörande</status>
<typ datatype="string">kammaruppdrag</typ>
<from datatype="datetime">1985-09-30</from>
<tom datatype="datetime">1988-10-03</tom>
<uppgift datatype="string"></uppgift>
<intressent_id datatype="string">0778776381700</intressent_id>
<hangar_id datatype="int32">2341731</hangar_id>
<sortering datatype="int32">10</sortering>
<organ_sortering datatype="int32">10</organ_sortering>
<uppdrag_rollsortering datatype="string">60</uppdrag_rollsortering>
<uppdrag_statussortering datatype="string">10</uppdrag_statussortering>
</uppdrag>
<uppdrag>
<organ_kod datatype="string">kam</organ_kod>
<roll_kod datatype="string">Riksdagsledamot</roll_kod>
<ordningsnummer datatype="int32">0</ordningsnummer>
<status datatype="string">Tjänstgörande</status>
<typ datatype="string">kammaruppdrag</typ>
<from datatype="datetime">1983-10-04</from>
<tom datatype="datetime">1985-09-30</tom>
<uppgift datatype="string"></uppgift>
<intressent_id datatype="string">0778776381700</intressent_id>
<hangar_id datatype="int32">2341731</hangar_id>
<sortering datatype="int32">10</sortering>
<organ_sortering datatype="int32">10</organ_sortering>
<uppdrag_rollsortering datatype="string">60</uppdrag_rollsortering>
<uppdrag_statussortering datatype="string">10</uppdrag_statussortering>
</uppdrag>
<uppdrag>
<organ_kod datatype="string">JuU</organ_kod>
<roll_kod datatype="string">Ledamot</roll_kod>
<ordningsnummer datatype="int32">0</ordningsnummer>
<status datatype="string"></status>
<typ datatype="string">uppdrag</typ>
<from datatype="datetime">1988-10-11</from>
<tom datatype="datetime">1989-05-08</tom>
<uppgift datatype="string">Justitieutskottet</uppgift>
<intressent_id datatype="string">0778776381700</intressent_id>
<hangar_id datatype="int32">2341731</hangar_id>
<sortering datatype="int32">30</sortering>
<organ_sortering datatype="int32">150</organ_sortering>
<uppdrag_rollsortering datatype="string">90</uppdrag_rollsortering>
<uppdrag_statussortering datatype="string">90</uppdrag_statussortering>
</uppdrag>
</personuppdrag>
<personuppgift>
<uppgift>
<kod datatype="string">sv</kod>
<uppgift datatype="string">lantbrukare</uppgift>
<typ datatype="string">titlar</typ>
<intressent_id datatype="string">0778776381700</intressent_id>
<hangar_id datatype="int32">2341731</hangar_id>
</uppgift>
<uppgift>
<kod datatype="string">en</kod>
<uppgift datatype="string"></uppgift>
<typ datatype="string">titlar</typ>
<intressent_id datatype="string">0778776381700</intressent_id>
<hangar_id datatype="int32">2341731</hangar_id>
</uppgift>
</personuppgift>
</person>
