<?xml version="1.0" encoding="utf-8" ?>
<person>
<hangar_guid datatype="guid">df49ded6-6165-46b9-915e-9db89e078589</hangar_guid>
<sourceid datatype="string">f0cab414-7a18-48ca-b197-9c1a5523a67e</sourceid>
<intressent_id datatype="string">0202132308900</intressent_id>
<hangar_id datatype="int32">2342210</hangar_id>
<fodd_ar datatype="int16">1943</fodd_ar>
<kon datatype="string">kvinna</kon>
<efternamn datatype="string">Andersson</efternamn>
<tilltalsnamn datatype="string">Majvi</tilltalsnamn>
<sorteringsnamn datatype="string">Andersson,Majvi</sorteringsnamn>
<iort datatype="string"></iort>
<parti datatype="string">S</parti>
<valkrets datatype="string"></valkrets>
<status datatype="string">Tidigare ersättare</status>
<person_url_xml datatype="string">http://data.riksdagen.se/person/f0cab414-7a18-48ca-b197-9c1a5523a67e</person_url_xml>
<bild_url_80 datatype="string">http://data.riksdagen.se/filarkiv/bilder/ledamot/f0cab414-7a18-48ca-b197-9c1a5523a67e_80.jpg</bild_url_80>
<bild_url_192 datatype="string">http://data.riksdagen.se/filarkiv/bilder/ledamot/f0cab414-7a18-48ca-b197-9c1a5523a67e_192.jpg</bild_url_192>
<bild_url_max datatype="string">http://data.riksdagen.se/filarkiv/bilder/ledamot/f0cab414-7a18-48ca-b197-9c1a5523a67e_max.jpg</bild_url_max>
<personuppdrag>
<uppdrag>
<organ_kod datatype="string">kam</organ_kod>
<roll_kod datatype="string">Ersättare</roll_kod>
<ordningsnummer datatype="int32">26</ordningsnummer>
<status datatype="string">Ersättare</status>
<typ datatype="string">kammaruppdrag</typ>
<from datatype="datetime">1997-01-21</from>
<tom datatype="datetime">1997-05-30</tom>
<uppgift datatype="string">Nalin Pekgul</uppgift>
<intressent_id datatype="string">0202132308900</intressent_id>
<hangar_id datatype="int32">2342210</hangar_id>
<sortering datatype="int32">45</sortering>
<organ_sortering datatype="int32">10</organ_sortering>
<uppdrag_rollsortering datatype="string">60</uppdrag_rollsortering>
<uppdrag_statussortering datatype="string">20</uppdrag_statussortering>
</uppdrag>
<uppdrag>
<organ_kod datatype="string">JuU</organ_kod>
<roll_kod datatype="string">Suppleant</roll_kod>
<ordningsnummer datatype="int32">0</ordningsnummer>
<status datatype="string"></status>
<typ datatype="string">uppdrag</typ>
<from datatype="datetime">1997-01-22</from>
<tom datatype="datetime">1997-05-30</tom>
<uppgift datatype="string">Justitieutskottet</uppgift>
<intressent_id datatype="string">0202132308900</intressent_id>
<hangar_id datatype="int32">2342210</hangar_id>
<sortering datatype="int32">50</sortering>
<organ_sortering datatype="int32">150</organ_sortering>
<uppdrag_rollsortering datatype="string">90</uppdrag_rollsortering>
<uppdrag_statussortering datatype="string">90</uppdrag_statussortering>
</uppdrag>
<uppdrag>
<organ_kod datatype="string">UbU</organ_kod>
<roll_kod datatype="string">Suppleant</roll_kod>
<ordningsnummer datatype="int32">0</ordningsnummer>
<status datatype="string"></status>
<typ datatype="string">uppdrag</typ>
<from datatype="datetime">1997-01-22</from>
<tom datatype="datetime">1997-05-30</tom>
<uppgift datatype="string">Utbildningsutskottet</uppgift>
<intressent_id datatype="string">0202132308900</intressent_id>
<hangar_id datatype="int32">2342210</hangar_id>
<sortering datatype="int32">50</sortering>
<organ_sortering datatype="int32">150</organ_sortering>
<uppdrag_rollsortering datatype="string">90</uppdrag_rollsortering>
<uppdrag_statussortering datatype="string">90</uppdrag_statussortering>
</uppdrag>
</personuppdrag>
<personuppgift>
<uppgift>
<kod datatype="string">sv</kod>
<uppgift datatype="string">ombudsman</uppgift>
<typ datatype="string">titlar</typ>
<intressent_id datatype="string">0202132308900</intressent_id>
<hangar_id datatype="int32">2342210</hangar_id>
</uppgift>
<uppgift>
<kod datatype="string">en</kod>
<uppgift datatype="string"></uppgift>
<typ datatype="string">titlar</typ>
<intressent_id datatype="string">0202132308900</intressent_id>
<hangar_id datatype="int32">2342210</hangar_id>
</uppgift>
</personuppgift>
</person>
