<?xml version="1.0" encoding="utf-8" ?>
<person>
<hangar_guid datatype="guid">fdef1080-25c3-48fb-8438-381a6aa1bf36</hangar_guid>
<sourceid datatype="string">5aa1d95d-06a2-49e5-b29b-06e25ce4f32a</sourceid>
<intressent_id datatype="string"></intressent_id>
<hangar_id datatype="int32">5005119</hangar_id>
<fodd_ar datatype="int16">0</fodd_ar>
<kon datatype="string">kvinna</kon>
<efternamn datatype="string">Andersson</efternamn>
<tilltalsnamn datatype="string">Jenny</tilltalsnamn>
<sorteringsnamn datatype="string">Andersson,Jenny</sorteringsnamn>
<iort datatype="string"></iort>
<parti datatype="string"></parti>
<valkrets datatype="string"></valkrets>
<status datatype="string">Tidigare ledamot i Styrelsen för Stiftelsen Riksbankens Jubileumsfond</status>
<person_url_xml datatype="string">http://data.riksdagen.se/person/5aa1d95d-06a2-49e5-b29b-06e25ce4f32a</person_url_xml>
<bild_url_80 datatype="string">http://data.riksdagen.se/filarkiv/bilder/ledamot/5aa1d95d-06a2-49e5-b29b-06e25ce4f32a_80.jpg</bild_url_80>
<bild_url_192 datatype="string">http://data.riksdagen.se/filarkiv/bilder/ledamot/5aa1d95d-06a2-49e5-b29b-06e25ce4f32a_192.jpg</bild_url_192>
<bild_url_max datatype="string">http://data.riksdagen.se/filarkiv/bilder/ledamot/5aa1d95d-06a2-49e5-b29b-06e25ce4f32a_max.jpg</bild_url_max>
<personuppdrag>
<uppdrag>
<organ_kod datatype="string">RJ</organ_kod>
<roll_kod datatype="string">Ledamot</roll_kod>
<ordningsnummer datatype="int32">8</ordningsnummer>
<status datatype="string"></status>
<typ datatype="string">Riksdagsorgan</typ>
<from datatype="datetime">2018-11-01</from>
<tom datatype="datetime">2019-10-01</tom>
<uppgift datatype="string">Styrelsen för Stiftelsen Riksbankens Jubileumsfond</uppgift>
<intressent_id datatype="string"></intressent_id>
<hangar_id datatype="int32">5005119</hangar_id>
<sortering datatype="int32">30</sortering>
<organ_sortering datatype="int32">300</organ_sortering>
<uppdrag_rollsortering datatype="string">90</uppdrag_rollsortering>
<uppdrag_statussortering datatype="string">90</uppdrag_statussortering>
</uppdrag>
</personuppdrag>
<personuppgift>
</personuppgift>
</person>
