<?xml version="1.0" encoding="utf-8" ?>
<person>
<hangar_guid datatype="guid">d33a43f7-8859-4ca8-b41d-5542dec99000</hangar_guid>
<sourceid datatype="string">0ab695af-6994-11d7-ae76-0004755038ce</sourceid>
<intressent_id datatype="string">0180442748612</intressent_id>
<hangar_id datatype="int32">2343408</hangar_id>
<fodd_ar datatype="int16">1968</fodd_ar>
<kon datatype="string">man</kon>
<efternamn datatype="string">Andersson</efternamn>
<tilltalsnamn datatype="string">Johan</tilltalsnamn>
<sorteringsnamn datatype="string">Andersson,Johan</sorteringsnamn>
<iort datatype="string"></iort>
<parti datatype="string">S</parti>
<valkrets datatype="string">Skåne läns västra</valkrets>
<status datatype="string">Tidigare ersättare</status>
<person_url_xml datatype="string">http://data.riksdagen.se/person/0ab695af-6994-11d7-ae76-0004755038ce</person_url_xml>
<bild_url_80 datatype="string">http://data.riksdagen.se/filarkiv/bilder/ledamot/0ab695af-6994-11d7-ae76-0004755038ce_80.jpg</bild_url_80>
<bild_url_192 datatype="string">http://data.riksdagen.se/filarkiv/bilder/ledamot/0ab695af-6994-11d7-ae76-0004755038ce_192.jpg</bild_url_192>
<bild_url_max datatype="string">http://data.riksdagen.se/filarkiv/bilder/ledamot/0ab695af-6994-11d7-ae76-0004755038ce_max.jpg</bild_url_max>
<personuppdrag>
<uppdrag>
<organ_kod datatype="string">kam</organ_kod>
<roll_kod datatype="string">Ersättare</roll_kod>
<ordningsnummer datatype="int32">0</ordningsnummer>
<status datatype="string">Ersättare</status>
<typ datatype="string">kammaruppdrag</typ>
<from datatype="datetime">2005-10-01</from>
<tom datatype="datetime">2006-10-02</tom>
<uppgift datatype="string">Annika Nilsson</uppgift>
<intressent_id datatype="string">0180442748612</intressent_id>
<hangar_id datatype="int32">2343408</hangar_id>
<sortering datatype="int32">45</sortering>
<organ_sortering datatype="int32">10</organ_sortering>
<uppdrag_rollsortering datatype="string">60</uppdrag_rollsortering>
<uppdrag_statussortering datatype="string">20</uppdrag_statussortering>
</uppdrag>
<uppdrag>
<organ_kod datatype="string">kam</organ_kod>
<roll_kod datatype="string">Ersättare</roll_kod>
<ordningsnummer datatype="int32">0</ordningsnummer>
<status datatype="string">Ersättare</status>
<typ datatype="string">kammaruppdrag</typ>
<from datatype="datetime">2005-09-20</from>
<tom datatype="datetime">2005-09-30</tom>
<uppgift datatype="string">Annika Nilsson</uppgift>
<intressent_id datatype="string">0180442748612</intressent_id>
<hangar_id datatype="int32">2343408</hangar_id>
<sortering datatype="int32">45</sortering>
<organ_sortering datatype="int32">10</organ_sortering>
<uppdrag_rollsortering datatype="string">60</uppdrag_rollsortering>
<uppdrag_statussortering datatype="string">20</uppdrag_statussortering>
</uppdrag>
<uppdrag>
<organ_kod datatype="string">kam</organ_kod>
<roll_kod datatype="string">Ersättare</roll_kod>
<ordningsnummer datatype="int32">0</ordningsnummer>
<status datatype="string">Ersättare</status>
<typ datatype="string">kammaruppdrag</typ>
<from datatype="datetime">2005-02-21</from>
<tom datatype="datetime">2005-07-31</tom>
<uppgift datatype="string">Annika Nilsson</uppgift>
<intressent_id datatype="string">0180442748612</intressent_id>
<hangar_id datatype="int32">2343408</hangar_id>
<sortering datatype="int32">45</sortering>
<organ_sortering datatype="int32">10</organ_sortering>
<uppdrag_rollsortering datatype="string">60</uppdrag_rollsortering>
<uppdrag_statussortering datatype="string">20</uppdrag_statussortering>
</uppdrag>
<uppdrag>
<organ_kod datatype="string">kam</organ_kod>
<roll_kod datatype="string">Ersättare</roll_kod>
<ordningsnummer datatype="int32">0</ordningsnummer>
<status datatype="string">Ersättare</status>
<typ datatype="string">kammaruppdrag</typ>
<from datatype="datetime">2003-09-22</from>
<tom datatype="datetime">2003-12-31</tom>
<uppgift datatype="string">Annika Nilsson</uppgift>
<intressent_id datatype="string">0180442748612</intressent_id>
<hangar_id datatype="int32">2343408</hangar_id>
<sortering datatype="int32">45</sortering>
<organ_sortering datatype="int32">10</organ_sortering>
<uppdrag_rollsortering datatype="string">60</uppdrag_rollsortering>
<uppdrag_statussortering datatype="string">20</uppdrag_statussortering>
</uppdrag>
<uppdrag>
<organ_kod datatype="string">kam</organ_kod>
<roll_kod datatype="string">Ersättare</roll_kod>
<ordningsnummer datatype="int32">0</ordningsnummer>
<status datatype="string">Ersättare</status>
<typ datatype="string">kammaruppdrag</typ>
<from datatype="datetime">2003-04-17</from>
<tom datatype="datetime">2003-06-30</tom>
<uppgift datatype="string">Annika Nilsson</uppgift>
<intressent_id datatype="string">0180442748612</intressent_id>
<hangar_id datatype="int32">2343408</hangar_id>
<sortering datatype="int32">45</sortering>
<organ_sortering datatype="int32">10</organ_sortering>
<uppdrag_rollsortering datatype="string">60</uppdrag_rollsortering>
<uppdrag_statussortering datatype="string">20</uppdrag_statussortering>
</uppdrag>
<uppdrag>
<organ_kod datatype="string">KrU</organ_kod>
<roll_kod datatype="string">Suppleant</roll_kod>
<ordningsnummer datatype="int32">0</ordningsnummer>
<status datatype="string"></status>
<typ datatype="string">uppdrag</typ>
<from datatype="datetime">2005-10-19</from>
<tom datatype="datetime">2006-10-02</tom>
<uppgift datatype="string">Kulturutskottet</uppgift>
<intressent_id datatype="string">0180442748612</intressent_id>
<hangar_id datatype="int32">2343408</hangar_id>
<sortering datatype="int32">50</sortering>
<organ_sortering datatype="int32">150</organ_sortering>
<uppdrag_rollsortering datatype="string">90</uppdrag_rollsortering>
<uppdrag_statussortering datatype="string">90</uppdrag_statussortering>
</uppdrag>
<uppdrag>
<organ_kod datatype="string">KrU</organ_kod>
<roll_kod datatype="string">Suppleant</roll_kod>
<ordningsnummer datatype="int32">0</ordningsnummer>
<status datatype="string"></status>
<typ datatype="string">uppdrag</typ>
<from datatype="datetime">2005-09-20</from>
<tom datatype="datetime">2005-09-30</tom>
<uppgift datatype="string">Kulturutskottet</uppgift>
<intressent_id datatype="string">0180442748612</intressent_id>
<hangar_id datatype="int32">2343408</hangar_id>
<sortering datatype="int32">50</sortering>
<organ_sortering datatype="int32">150</organ_sortering>
<uppdrag_rollsortering datatype="string">90</uppdrag_rollsortering>
<uppdrag_statussortering datatype="string">90</uppdrag_statussortering>
</uppdrag>
<uppdrag>
<organ_kod datatype="string">KrU</organ_kod>
<roll_kod datatype="string">Suppleant</roll_kod>
<ordningsnummer datatype="int32">0</ordningsnummer>
<status datatype="string"></status>
<typ datatype="string">uppdrag</typ>
<from datatype="datetime">2005-02-21</from>
<tom datatype="datetime">2005-08-31</tom>
<uppgift datatype="string">Kulturutskottet</uppgift>
<intressent_id datatype="string">0180442748612</intressent_id>
<hangar_id datatype="int32">2343408</hangar_id>
<sortering datatype="int32">50</sortering>
<organ_sortering datatype="int32">150</organ_sortering>
<uppdrag_rollsortering datatype="string">90</uppdrag_rollsortering>
<uppdrag_statussortering datatype="string">90</uppdrag_statussortering>
</uppdrag>
<uppdrag>
<organ_kod datatype="string">KrU</organ_kod>
<roll_kod datatype="string">Suppleant</roll_kod>
<ordningsnummer datatype="int32">0</ordningsnummer>
<status datatype="string"></status>
<typ datatype="string">uppdrag</typ>
<from datatype="datetime">2005-02-21</from>
<tom datatype="datetime">2005-07-31</tom>
<uppgift datatype="string">Kulturutskottet</uppgift>
<intressent_id datatype="string">0180442748612</intressent_id>
<hangar_id datatype="int32">2343408</hangar_id>
<sortering datatype="int32">50</sortering>
<organ_sortering datatype="int32">150</organ_sortering>
<uppdrag_rollsortering datatype="string">90</uppdrag_rollsortering>
<uppdrag_statussortering datatype="string">90</uppdrag_statussortering>
</uppdrag>
<uppdrag>
<organ_kod datatype="string">KrU</organ_kod>
<roll_kod datatype="string">Suppleant</roll_kod>
<ordningsnummer datatype="int32">0</ordningsnummer>
<status datatype="string"></status>
<typ datatype="string">uppdrag</typ>
<from datatype="datetime">2003-09-22</from>
<tom datatype="datetime">2003-12-31</tom>
<uppgift datatype="string">Kulturutskottet</uppgift>
<intressent_id datatype="string">0180442748612</intressent_id>
<hangar_id datatype="int32">2343408</hangar_id>
<sortering datatype="int32">50</sortering>
<organ_sortering datatype="int32">150</organ_sortering>
<uppdrag_rollsortering datatype="string">90</uppdrag_rollsortering>
<uppdrag_statussortering datatype="string">90</uppdrag_statussortering>
</uppdrag>
<uppdrag>
<organ_kod datatype="string">KrU</organ_kod>
<roll_kod datatype="string">Suppleant</roll_kod>
<ordningsnummer datatype="int32">0</ordningsnummer>
<status datatype="string"></status>
<typ datatype="string">uppdrag</typ>
<from datatype="datetime">2003-04-17</from>
<tom datatype="datetime">2003-06-30</tom>
<uppgift datatype="string">Kulturutskottet</uppgift>
<intressent_id datatype="string">0180442748612</intressent_id>
<hangar_id datatype="int32">2343408</hangar_id>
<sortering datatype="int32">50</sortering>
<organ_sortering datatype="int32">150</organ_sortering>
<uppdrag_rollsortering datatype="string">90</uppdrag_rollsortering>
<uppdrag_statussortering datatype="string">90</uppdrag_statussortering>
</uppdrag>
</personuppdrag>
<personuppgift>
<uppgift>
<kod datatype="string">Webbsida</kod>
<uppgift datatype="string">http://www.socialdemokraterna.se/johanandersson</uppgift>
<typ datatype="string">eadress</typ>
<intressent_id datatype="string">0180442748612</intressent_id>
<hangar_id datatype="int32">2343408</hangar_id>
</uppgift>
</personuppgift>
</person>
