<?xml version="1.0" encoding="utf-8" ?>
<person>
<hangar_guid datatype="guid">64287602-8023-4eb9-8877-406bc9606b2c</hangar_guid>
<sourceid datatype="string">1bcb5bc6-e955-413c-8570-55afedc8d9cd</sourceid>
<intressent_id datatype="string"></intressent_id>
<hangar_id datatype="int32">4788813</hangar_id>
<fodd_ar datatype="int16">0</fodd_ar>
<kon datatype="string">kvinna</kon>
<efternamn datatype="string">André</efternamn>
<tilltalsnamn datatype="string">Kerstin</tilltalsnamn>
<sorteringsnamn datatype="string">André,Kerstin</sorteringsnamn>
<iort datatype="string"></iort>
<parti datatype="string"></parti>
<valkrets datatype="string"></valkrets>
<status datatype="string">Tidigare justitieombudsman i Riksdagens ombudsmän</status>
<person_url_xml datatype="string">http://data.riksdagen.se/person/1bcb5bc6-e955-413c-8570-55afedc8d9cd</person_url_xml>
<bild_url_80 datatype="string">http://data.riksdagen.se/filarkiv/bilder/ledamot/1bcb5bc6-e955-413c-8570-55afedc8d9cd_80.jpg</bild_url_80>
<bild_url_192 datatype="string">http://data.riksdagen.se/filarkiv/bilder/ledamot/1bcb5bc6-e955-413c-8570-55afedc8d9cd_192.jpg</bild_url_192>
<bild_url_max datatype="string">http://data.riksdagen.se/filarkiv/bilder/ledamot/1bcb5bc6-e955-413c-8570-55afedc8d9cd_max.jpg</bild_url_max>
<personuppdrag>
<uppdrag>
<organ_kod datatype="string">JO</organ_kod>
<roll_kod datatype="string">Justitieombudsman</roll_kod>
<ordningsnummer datatype="int32">2</ordningsnummer>
<status datatype="string"></status>
<typ datatype="string">Riksdagsorgan</typ>
<from datatype="datetime">2002-03-21</from>
<tom datatype="datetime">2010-12-31</tom>
<uppgift datatype="string">Riksdagens ombudsmän</uppgift>
<intressent_id datatype="string"></intressent_id>
<hangar_id datatype="int32">4788813</hangar_id>
<sortering datatype="int32"></sortering>
<organ_sortering datatype="int32">300</organ_sortering>
<uppdrag_rollsortering datatype="string">90</uppdrag_rollsortering>
<uppdrag_statussortering datatype="string">90</uppdrag_statussortering>
</uppdrag>
</personuppdrag>
<personuppgift>
</personuppgift>
</person>
