<?xml version="1.0" encoding="utf-8" ?>
<person>
<hangar_guid datatype="guid">cf013d4e-a20f-4317-9a1e-f549f2fefd72</hangar_guid>
<sourceid datatype="string">a99e1e84-f8e4-473c-9398-1a3ae0521fee</sourceid>
<intressent_id datatype="string">046137638006</intressent_id>
<hangar_id datatype="int32">2341758</hangar_id>
<fodd_ar datatype="int16">1930</fodd_ar>
<kon datatype="string">man</kon>
<efternamn datatype="string">Andréasson</efternamn>
<tilltalsnamn datatype="string">Owe</tilltalsnamn>
<sorteringsnamn datatype="string">Andréasson,Owe</sorteringsnamn>
<iort datatype="string"></iort>
<parti datatype="string">S</parti>
<valkrets datatype="string"></valkrets>
<status datatype="string">Tidigare riksdagsledamot</status>
<person_url_xml datatype="string">http://data.riksdagen.se/person/a99e1e84-f8e4-473c-9398-1a3ae0521fee</person_url_xml>
<bild_url_80 datatype="string">http://data.riksdagen.se/filarkiv/bilder/ledamot/a99e1e84-f8e4-473c-9398-1a3ae0521fee_80.jpg</bild_url_80>
<bild_url_192 datatype="string">http://data.riksdagen.se/filarkiv/bilder/ledamot/a99e1e84-f8e4-473c-9398-1a3ae0521fee_192.jpg</bild_url_192>
<bild_url_max datatype="string">http://data.riksdagen.se/filarkiv/bilder/ledamot/a99e1e84-f8e4-473c-9398-1a3ae0521fee_max.jpg</bild_url_max>
<personuppdrag>
<uppdrag>
<organ_kod datatype="string">kam</organ_kod>
<roll_kod datatype="string">Riksdagsledamot</roll_kod>
<ordningsnummer datatype="int32">185</ordningsnummer>
<status datatype="string">Tjänstgörande</status>
<typ datatype="string">kammaruppdrag</typ>
<from datatype="datetime">1991-09-30</from>
<tom datatype="datetime">1994-10-03</tom>
<uppgift datatype="string"></uppgift>
<intressent_id datatype="string">046137638006</intressent_id>
<hangar_id datatype="int32">2341758</hangar_id>
<sortering datatype="int32">10</sortering>
<organ_sortering datatype="int32">10</organ_sortering>
<uppdrag_rollsortering datatype="string">60</uppdrag_rollsortering>
<uppdrag_statussortering datatype="string">10</uppdrag_statussortering>
</uppdrag>
<uppdrag>
<organ_kod datatype="string">kam</organ_kod>
<roll_kod datatype="string">Riksdagsledamot</roll_kod>
<ordningsnummer datatype="int32">186</ordningsnummer>
<status datatype="string">Tjänstgörande</status>
<typ datatype="string">kammaruppdrag</typ>
<from datatype="datetime">1988-10-03</from>
<tom datatype="datetime">1991-09-30</tom>
<uppgift datatype="string"></uppgift>
<intressent_id datatype="string">046137638006</intressent_id>
<hangar_id datatype="int32">2341758</hangar_id>
<sortering datatype="int32">10</sortering>
<organ_sortering datatype="int32">10</organ_sortering>
<uppdrag_rollsortering datatype="string">60</uppdrag_rollsortering>
<uppdrag_statussortering datatype="string">10</uppdrag_statussortering>
</uppdrag>
<uppdrag>
<organ_kod datatype="string">kam</organ_kod>
<roll_kod datatype="string">Riksdagsledamot</roll_kod>
<ordningsnummer datatype="int32">0</ordningsnummer>
<status datatype="string">Tjänstgörande</status>
<typ datatype="string">kammaruppdrag</typ>
<from datatype="datetime">1985-09-30</from>
<tom datatype="datetime">1988-10-03</tom>
<uppgift datatype="string"></uppgift>
<intressent_id datatype="string">046137638006</intressent_id>
<hangar_id datatype="int32">2341758</hangar_id>
<sortering datatype="int32">10</sortering>
<organ_sortering datatype="int32">10</organ_sortering>
<uppdrag_rollsortering datatype="string">60</uppdrag_rollsortering>
<uppdrag_statussortering datatype="string">10</uppdrag_statussortering>
</uppdrag>
<uppdrag>
<organ_kod datatype="string">kam</organ_kod>
<roll_kod datatype="string">Riksdagsledamot</roll_kod>
<ordningsnummer datatype="int32">0</ordningsnummer>
<status datatype="string">Tjänstgörande</status>
<typ datatype="string">kammaruppdrag</typ>
<from datatype="datetime">1982-10-04</from>
<tom datatype="datetime">1985-09-30</tom>
<uppgift datatype="string"></uppgift>
<intressent_id datatype="string">046137638006</intressent_id>
<hangar_id datatype="int32">2341758</hangar_id>
<sortering datatype="int32">10</sortering>
<organ_sortering datatype="int32">10</organ_sortering>
<uppdrag_rollsortering datatype="string">60</uppdrag_rollsortering>
<uppdrag_statussortering datatype="string">10</uppdrag_statussortering>
</uppdrag>
<uppdrag>
<organ_kod datatype="string">kam</organ_kod>
<roll_kod datatype="string">Riksdagsledamot</roll_kod>
<ordningsnummer datatype="int32">0</ordningsnummer>
<status datatype="string">Tjänstgörande</status>
<typ datatype="string">kammaruppdrag</typ>
<from datatype="datetime">1979-10-01</from>
<tom datatype="datetime">1982-10-04</tom>
<uppgift datatype="string"></uppgift>
<intressent_id datatype="string">046137638006</intressent_id>
<hangar_id datatype="int32">2341758</hangar_id>
<sortering datatype="int32">10</sortering>
<organ_sortering datatype="int32">10</organ_sortering>
<uppdrag_rollsortering datatype="string">60</uppdrag_rollsortering>
<uppdrag_statussortering datatype="string">10</uppdrag_statussortering>
</uppdrag>
<uppdrag>
<organ_kod datatype="string">kam</organ_kod>
<roll_kod datatype="string">Riksdagsledamot</roll_kod>
<ordningsnummer datatype="int32">0</ordningsnummer>
<status datatype="string">Tjänstgörande</status>
<typ datatype="string">kammaruppdrag</typ>
<from datatype="datetime">1976-10-04</from>
<tom datatype="datetime">1979-10-01</tom>
<uppgift datatype="string"></uppgift>
<intressent_id datatype="string">046137638006</intressent_id>
<hangar_id datatype="int32">2341758</hangar_id>
<sortering datatype="int32">10</sortering>
<organ_sortering datatype="int32">10</organ_sortering>
<uppdrag_rollsortering datatype="string">60</uppdrag_rollsortering>
<uppdrag_statussortering datatype="string">10</uppdrag_statussortering>
</uppdrag>
<uppdrag>
<organ_kod datatype="string">FöU</organ_kod>
<roll_kod datatype="string">Suppleant</roll_kod>
<ordningsnummer datatype="int32">0</ordningsnummer>
<status datatype="string"></status>
<typ datatype="string">uppdrag</typ>
<from datatype="datetime">1991-10-08</from>
<tom datatype="datetime">1994-10-02</tom>
<uppgift datatype="string">Försvarsutskottet</uppgift>
<intressent_id datatype="string">046137638006</intressent_id>
<hangar_id datatype="int32">2341758</hangar_id>
<sortering datatype="int32">50</sortering>
<organ_sortering datatype="int32">150</organ_sortering>
<uppdrag_rollsortering datatype="string">90</uppdrag_rollsortering>
<uppdrag_statussortering datatype="string">90</uppdrag_statussortering>
</uppdrag>
<uppdrag>
<organ_kod datatype="string">MJU</organ_kod>
<roll_kod datatype="string">Suppleant</roll_kod>
<ordningsnummer datatype="int32">0</ordningsnummer>
<status datatype="string"></status>
<typ datatype="string">uppdrag</typ>
<from datatype="datetime">1988-11-07</from>
<tom datatype="datetime">1991-09-29</tom>
<uppgift datatype="string">Miljö- och jordbruksutskottet</uppgift>
<intressent_id datatype="string">046137638006</intressent_id>
<hangar_id datatype="int32">2341758</hangar_id>
<sortering datatype="int32">50</sortering>
<organ_sortering datatype="int32">150</organ_sortering>
<uppdrag_rollsortering datatype="string">90</uppdrag_rollsortering>
<uppdrag_statussortering datatype="string">90</uppdrag_statussortering>
</uppdrag>
</personuppdrag>
<personuppgift>
<uppgift>
<kod datatype="string">sv</kod>
<uppgift datatype="string">verktygsmakare</uppgift>
<typ datatype="string">titlar</typ>
<intressent_id datatype="string">046137638006</intressent_id>
<hangar_id datatype="int32">2341758</hangar_id>
</uppgift>
<uppgift>
<kod datatype="string">en</kod>
<uppgift datatype="string"></uppgift>
<typ datatype="string">titlar</typ>
<intressent_id datatype="string">046137638006</intressent_id>
<hangar_id datatype="int32">2341758</hangar_id>
</uppgift>
</personuppgift>
</person>
