<?xml version="1.0" encoding="utf-8" ?>
<person>
<hangar_guid datatype="guid">a3304e64-e542-4491-8a20-c34d9d9073f9</hangar_guid>
<sourceid datatype="string">7c66a036-5fab-42ba-8f25-b009c02993b8</sourceid>
<intressent_id datatype="string">0526693079901</intressent_id>
<hangar_id datatype="int32">2342364</hangar_id>
<fodd_ar datatype="int16">1946</fodd_ar>
<kon datatype="string">man</kon>
<efternamn datatype="string">Andrén</efternamn>
<tilltalsnamn datatype="string">Gunnar</tilltalsnamn>
<sorteringsnamn datatype="string">Andrén,Gunnar</sorteringsnamn>
<iort datatype="string"></iort>
<parti datatype="string">L</parti>
<valkrets datatype="string">Stockholms kommun</valkrets>
<status datatype="string">Tillgänglig ersättare</status>
<person_url_xml datatype="string">http://data.riksdagen.se/person/7c66a036-5fab-42ba-8f25-b009c02993b8</person_url_xml>
<bild_url_80 datatype="string">http://data.riksdagen.se/filarkiv/bilder/ledamot/7c66a036-5fab-42ba-8f25-b009c02993b8_80.jpg</bild_url_80>
<bild_url_192 datatype="string">http://data.riksdagen.se/filarkiv/bilder/ledamot/7c66a036-5fab-42ba-8f25-b009c02993b8_192.jpg</bild_url_192>
<bild_url_max datatype="string">http://data.riksdagen.se/filarkiv/bilder/ledamot/7c66a036-5fab-42ba-8f25-b009c02993b8_max.jpg</bild_url_max>
<personuppdrag>
<uppdrag>
<organ_kod datatype="string">kam</organ_kod>
<roll_kod datatype="string">Statsrådsersättare</roll_kod>
<ordningsnummer datatype="int32">176</ordningsnummer>
<status datatype="string">Ersättare</status>
<typ datatype="string">kammaruppdrag</typ>
<from datatype="datetime">2012-06-21</from>
<tom datatype="datetime">2014-09-29</tom>
<uppgift datatype="string">Jan Björklund</uppgift>
<intressent_id datatype="string">0526693079901</intressent_id>
<hangar_id datatype="int32">2342364</hangar_id>
<sortering datatype="int32"></sortering>
<organ_sortering datatype="int32">10</organ_sortering>
<uppdrag_rollsortering datatype="string">60</uppdrag_rollsortering>
<uppdrag_statussortering datatype="string">20</uppdrag_statussortering>
</uppdrag>
<uppdrag>
<organ_kod datatype="string">kam</organ_kod>
<roll_kod datatype="string">Statsrådsersättare</roll_kod>
<ordningsnummer datatype="int32">176</ordningsnummer>
<status datatype="string">Ledig Ersättare</status>
<typ datatype="string">kammaruppdrag</typ>
<from datatype="datetime">2012-03-20</from>
<tom datatype="datetime">2012-06-20</tom>
<uppgift datatype="string">Jan Björklund   Sjukledighet</uppgift>
<intressent_id datatype="string">0526693079901</intressent_id>
<hangar_id datatype="int32">2342364</hangar_id>
<sortering datatype="int32"></sortering>
<organ_sortering datatype="int32">10</organ_sortering>
<uppdrag_rollsortering datatype="string">60</uppdrag_rollsortering>
<uppdrag_statussortering datatype="string">90</uppdrag_statussortering>
</uppdrag>
<uppdrag>
<organ_kod datatype="string">kam</organ_kod>
<roll_kod datatype="string">Statsrådsersättare</roll_kod>
<ordningsnummer datatype="int32">176</ordningsnummer>
<status datatype="string">Ersättare</status>
<typ datatype="string">kammaruppdrag</typ>
<from datatype="datetime">2010-10-06</from>
<tom datatype="datetime">2012-03-19</tom>
<uppgift datatype="string">Jan Björklund</uppgift>
<intressent_id datatype="string">0526693079901</intressent_id>
<hangar_id datatype="int32">2342364</hangar_id>
<sortering datatype="int32"></sortering>
<organ_sortering datatype="int32">10</organ_sortering>
<uppdrag_rollsortering datatype="string">60</uppdrag_rollsortering>
<uppdrag_statussortering datatype="string">20</uppdrag_statussortering>
</uppdrag>
<uppdrag>
<organ_kod datatype="string">kam</organ_kod>
<roll_kod datatype="string">Statsrådsersättare</roll_kod>
<ordningsnummer datatype="int32">145</ordningsnummer>
<status datatype="string">Ersättare</status>
<typ datatype="string">kammaruppdrag</typ>
<from datatype="datetime">2010-10-04</from>
<tom datatype="datetime">2010-10-05</tom>
<uppgift datatype="string">Nyamko Sabuni</uppgift>
<intressent_id datatype="string">0526693079901</intressent_id>
<hangar_id datatype="int32">2342364</hangar_id>
<sortering datatype="int32"></sortering>
<organ_sortering datatype="int32">10</organ_sortering>
<uppdrag_rollsortering datatype="string">60</uppdrag_rollsortering>
<uppdrag_statussortering datatype="string">20</uppdrag_statussortering>
</uppdrag>
<uppdrag>
<organ_kod datatype="string">kam</organ_kod>
<roll_kod datatype="string">Riksdagsledamot</roll_kod>
<ordningsnummer datatype="int32">142</ordningsnummer>
<status datatype="string">Tjänstgörande</status>
<typ datatype="string">kammaruppdrag</typ>
<from datatype="datetime">2006-10-02</from>
<tom datatype="datetime">2010-10-04</tom>
<uppgift datatype="string"></uppgift>
<intressent_id datatype="string">0526693079901</intressent_id>
<hangar_id datatype="int32">2342364</hangar_id>
<sortering datatype="int32">10</sortering>
<organ_sortering datatype="int32">10</organ_sortering>
<uppdrag_rollsortering datatype="string">60</uppdrag_rollsortering>
<uppdrag_statussortering datatype="string">10</uppdrag_statussortering>
</uppdrag>
<uppdrag>
<organ_kod datatype="string">kam</organ_kod>
<roll_kod datatype="string">Riksdagsledamot</roll_kod>
<ordningsnummer datatype="int32">59</ordningsnummer>
<status datatype="string">Tjänstgörande</status>
<typ datatype="string">kammaruppdrag</typ>
<from datatype="datetime">2002-09-30</from>
<tom datatype="datetime">2006-10-02</tom>
<uppgift datatype="string"></uppgift>
<intressent_id datatype="string">0526693079901</intressent_id>
<hangar_id datatype="int32">2342364</hangar_id>
<sortering datatype="int32">10</sortering>
<organ_sortering datatype="int32">10</organ_sortering>
<uppdrag_rollsortering datatype="string">60</uppdrag_rollsortering>
<uppdrag_statussortering datatype="string">10</uppdrag_statussortering>
</uppdrag>
<uppdrag>
<organ_kod datatype="string">RB</organ_kod>
<roll_kod datatype="string">Suppleant</roll_kod>
<ordningsnummer datatype="int32">9</ordningsnummer>
<status datatype="string"></status>
<typ datatype="string">Riksdagsorgan</typ>
<from datatype="datetime">2014-03-01</from>
<tom datatype="datetime">2014-10-14</tom>
<uppgift datatype="string">Riksbanksfullmäktige</uppgift>
<intressent_id datatype="string">0526693079901</intressent_id>
<hangar_id datatype="int32">2342364</hangar_id>
<sortering datatype="int32">50</sortering>
<organ_sortering datatype="int32">300</organ_sortering>
<uppdrag_rollsortering datatype="string">90</uppdrag_rollsortering>
<uppdrag_statussortering datatype="string">90</uppdrag_statussortering>
</uppdrag>
<uppdrag>
<organ_kod datatype="string">RRPR</organ_kod>
<roll_kod datatype="string">Ledamot</roll_kod>
<ordningsnummer datatype="int32">4</ordningsnummer>
<status datatype="string"></status>
<typ datatype="string">Riksdagsorgan</typ>
<from datatype="datetime">2011-01-01</from>
<tom datatype="datetime">2014-09-29</tom>
<uppgift datatype="string">Riksrevisionens parlamentariska råd</uppgift>
<intressent_id datatype="string">0526693079901</intressent_id>
<hangar_id datatype="int32">2342364</hangar_id>
<sortering datatype="int32">30</sortering>
<organ_sortering datatype="int32">300</organ_sortering>
<uppdrag_rollsortering datatype="string">90</uppdrag_rollsortering>
<uppdrag_statussortering datatype="string">90</uppdrag_statussortering>
</uppdrag>
<uppdrag>
<organ_kod datatype="string">RRS</organ_kod>
<roll_kod datatype="string">Ledamot</roll_kod>
<ordningsnummer datatype="int32">0</ordningsnummer>
<status datatype="string"></status>
<typ datatype="string">Riksdagsorgan</typ>
<from datatype="datetime">2003-03-12</from>
<tom datatype="datetime">2006-10-16</tom>
<uppgift datatype="string">Riksrevisionens styrelse</uppgift>
<intressent_id datatype="string">0526693079901</intressent_id>
<hangar_id datatype="int32">2342364</hangar_id>
<sortering datatype="int32">30</sortering>
<organ_sortering datatype="int32">300</organ_sortering>
<uppdrag_rollsortering datatype="string">90</uppdrag_rollsortering>
<uppdrag_statussortering datatype="string">90</uppdrag_statussortering>
</uppdrag>
<uppdrag>
<organ_kod datatype="string">FiU</organ_kod>
<roll_kod datatype="string">Suppleant</roll_kod>
<ordningsnummer datatype="int32">9</ordningsnummer>
<status datatype="string"></status>
<typ datatype="string">uppdrag</typ>
<from datatype="datetime">2010-10-12</from>
<tom datatype="datetime">2014-02-19</tom>
<uppgift datatype="string">Finansutskottet</uppgift>
<intressent_id datatype="string">0526693079901</intressent_id>
<hangar_id datatype="int32">2342364</hangar_id>
<sortering datatype="int32">50</sortering>
<organ_sortering datatype="int32">150</organ_sortering>
<uppdrag_rollsortering datatype="string">90</uppdrag_rollsortering>
<uppdrag_statussortering datatype="string">90</uppdrag_statussortering>
</uppdrag>
<uppdrag>
<organ_kod datatype="string">FiU</organ_kod>
<roll_kod datatype="string">Suppleant</roll_kod>
<ordningsnummer datatype="int32">8</ordningsnummer>
<status datatype="string"></status>
<typ datatype="string">uppdrag</typ>
<from datatype="datetime">2006-10-10</from>
<tom datatype="datetime">2010-10-04</tom>
<uppgift datatype="string">Finansutskottet</uppgift>
<intressent_id datatype="string">0526693079901</intressent_id>
<hangar_id datatype="int32">2342364</hangar_id>
<sortering datatype="int32">50</sortering>
<organ_sortering datatype="int32">150</organ_sortering>
<uppdrag_rollsortering datatype="string">90</uppdrag_rollsortering>
<uppdrag_statussortering datatype="string">90</uppdrag_statussortering>
</uppdrag>
<uppdrag>
<organ_kod datatype="string">KrU</organ_kod>
<roll_kod datatype="string">Suppleant</roll_kod>
<ordningsnummer datatype="int32">21</ordningsnummer>
<status datatype="string"></status>
<typ datatype="string">uppdrag</typ>
<from datatype="datetime">2010-04-23</from>
<tom datatype="datetime">2010-10-04</tom>
<uppgift datatype="string">Kulturutskottet</uppgift>
<intressent_id datatype="string">0526693079901</intressent_id>
<hangar_id datatype="int32">2342364</hangar_id>
<sortering datatype="int32">50</sortering>
<organ_sortering datatype="int32">150</organ_sortering>
<uppdrag_rollsortering datatype="string">90</uppdrag_rollsortering>
<uppdrag_statussortering datatype="string">90</uppdrag_statussortering>
</uppdrag>
<uppdrag>
<organ_kod datatype="string">SkU</organ_kod>
<roll_kod datatype="string">Ledamot</roll_kod>
<ordningsnummer datatype="int32">9</ordningsnummer>
<status datatype="string"></status>
<typ datatype="string">uppdrag</typ>
<from datatype="datetime">2010-10-12</from>
<tom datatype="datetime">2014-09-29</tom>
<uppgift datatype="string">Skatteutskottet</uppgift>
<intressent_id datatype="string">0526693079901</intressent_id>
<hangar_id datatype="int32">2342364</hangar_id>
<sortering datatype="int32">30</sortering>
<organ_sortering datatype="int32">150</organ_sortering>
<uppdrag_rollsortering datatype="string">90</uppdrag_rollsortering>
<uppdrag_statussortering datatype="string">90</uppdrag_statussortering>
</uppdrag>
<uppdrag>
<organ_kod datatype="string">SkU</organ_kod>
<roll_kod datatype="string">Ledamot</roll_kod>
<ordningsnummer datatype="int32">8</ordningsnummer>
<status datatype="string"></status>
<typ datatype="string">uppdrag</typ>
<from datatype="datetime">2006-10-10</from>
<tom datatype="datetime">2010-03-16</tom>
<uppgift datatype="string">Skatteutskottet</uppgift>
<intressent_id datatype="string">0526693079901</intressent_id>
<hangar_id datatype="int32">2342364</hangar_id>
<sortering datatype="int32">30</sortering>
<organ_sortering datatype="int32">150</organ_sortering>
<uppdrag_rollsortering datatype="string">90</uppdrag_rollsortering>
<uppdrag_statussortering datatype="string">90</uppdrag_statussortering>
</uppdrag>
<uppdrag>
<organ_kod datatype="string">SkU</organ_kod>
<roll_kod datatype="string">Ledamot</roll_kod>
<ordningsnummer datatype="int32">0</ordningsnummer>
<status datatype="string"></status>
<typ datatype="string">uppdrag</typ>
<from datatype="datetime">2005-10-13</from>
<tom datatype="datetime">2006-10-02</tom>
<uppgift datatype="string">Skatteutskottet</uppgift>
<intressent_id datatype="string">0526693079901</intressent_id>
<hangar_id datatype="int32">2342364</hangar_id>
<sortering datatype="int32">30</sortering>
<organ_sortering datatype="int32">150</organ_sortering>
<uppdrag_rollsortering datatype="string">90</uppdrag_rollsortering>
<uppdrag_statussortering datatype="string">90</uppdrag_statussortering>
</uppdrag>
<uppdrag>
<organ_kod datatype="string">SkU</organ_kod>
<roll_kod datatype="string">Ledamot</roll_kod>
<ordningsnummer datatype="int32">0</ordningsnummer>
<status datatype="string"></status>
<typ datatype="string">uppdrag</typ>
<from datatype="datetime">2002-10-08</from>
<tom datatype="datetime">2006-10-01</tom>
<uppgift datatype="string">Skatteutskottet</uppgift>
<intressent_id datatype="string">0526693079901</intressent_id>
<hangar_id datatype="int32">2342364</hangar_id>
<sortering datatype="int32">30</sortering>
<organ_sortering datatype="int32">150</organ_sortering>
<uppdrag_rollsortering datatype="string">90</uppdrag_rollsortering>
<uppdrag_statussortering datatype="string">90</uppdrag_statussortering>
</uppdrag>
<uppdrag>
<organ_kod datatype="string">SkU</organ_kod>
<roll_kod datatype="string">Ledamot</roll_kod>
<ordningsnummer datatype="int32">0</ordningsnummer>
<status datatype="string"></status>
<typ datatype="string">uppdrag</typ>
<from datatype="datetime">2002-10-08</from>
<tom datatype="datetime">2005-10-12</tom>
<uppgift datatype="string">Skatteutskottet</uppgift>
<intressent_id datatype="string">0526693079901</intressent_id>
<hangar_id datatype="int32">2342364</hangar_id>
<sortering datatype="int32">30</sortering>
<organ_sortering datatype="int32">150</organ_sortering>
<uppdrag_rollsortering datatype="string">90</uppdrag_rollsortering>
<uppdrag_statussortering datatype="string">90</uppdrag_statussortering>
</uppdrag>
<uppdrag>
<organ_kod datatype="string">BoU</organ_kod>
<roll_kod datatype="string">Suppleant</roll_kod>
<ordningsnummer datatype="int32">0</ordningsnummer>
<status datatype="string"></status>
<typ datatype="string">uppdrag</typ>
<from datatype="datetime">2002-10-08</from>
<tom datatype="datetime">2006-10-02</tom>
<uppgift datatype="string">Bostadsutskottet</uppgift>
<intressent_id datatype="string">0526693079901</intressent_id>
<hangar_id datatype="int32">2342364</hangar_id>
<sortering datatype="int32">50</sortering>
<organ_sortering datatype="int32">165</organ_sortering>
<uppdrag_rollsortering datatype="string">90</uppdrag_rollsortering>
<uppdrag_statussortering datatype="string">90</uppdrag_statussortering>
</uppdrag>
<uppdrag>
<organ_kod datatype="string">EUN</organ_kod>
<roll_kod datatype="string">Suppleant</roll_kod>
<ordningsnummer datatype="int32">25</ordningsnummer>
<status datatype="string"></status>
<typ datatype="string">uppdrag</typ>
<from datatype="datetime">2010-10-19</from>
<tom datatype="datetime">2014-09-29</tom>
<uppgift datatype="string">EU-nämnden</uppgift>
<intressent_id datatype="string">0526693079901</intressent_id>
<hangar_id datatype="int32">2342364</hangar_id>
<sortering datatype="int32">50</sortering>
<organ_sortering datatype="int32">170</organ_sortering>
<uppdrag_rollsortering datatype="string">90</uppdrag_rollsortering>
<uppdrag_statussortering datatype="string">90</uppdrag_statussortering>
</uppdrag>
<uppdrag>
<organ_kod datatype="string">EUN</organ_kod>
<roll_kod datatype="string">Suppleant</roll_kod>
<ordningsnummer datatype="int32">42</ordningsnummer>
<status datatype="string"></status>
<typ datatype="string">uppdrag</typ>
<from datatype="datetime">2010-02-12</from>
<tom datatype="datetime">2010-10-12</tom>
<uppgift datatype="string">EU-nämnden</uppgift>
<intressent_id datatype="string">0526693079901</intressent_id>
<hangar_id datatype="int32">2342364</hangar_id>
<sortering datatype="int32">50</sortering>
<organ_sortering datatype="int32">170</organ_sortering>
<uppdrag_rollsortering datatype="string">90</uppdrag_rollsortering>
<uppdrag_statussortering datatype="string">90</uppdrag_statussortering>
</uppdrag>
</personuppdrag>
<personuppgift>
<uppgift>
<kod datatype="string">sv</kod>
<uppgift datatype="string">Journalist/politisk redaktör/chefredaktör</uppgift>
<typ datatype="string">titlar</typ>
<intressent_id datatype="string">0526693079901</intressent_id>
<hangar_id datatype="int32">2342364</hangar_id>
</uppgift>
<uppgift>
<kod datatype="string">en</kod>
<uppgift datatype="string">Editor</uppgift>
<typ datatype="string">titlar</typ>
<intressent_id datatype="string">0526693079901</intressent_id>
<hangar_id datatype="int32">2342364</hangar_id>
</uppgift>
<uppgift>
<kod datatype="string">KandiderarINastaVal</kod>
<uppgift datatype="string">true</uppgift>
<typ datatype="string">val</typ>
<intressent_id datatype="string">0526693079901</intressent_id>
<hangar_id datatype="int32">2342364</hangar_id>
</uppgift>
</personuppgift>
</person>
