<?xml version="1.0" encoding="utf-8" ?>
<person>
<hangar_guid datatype="guid">68b125bf-3cab-4d76-b656-8a4dc2918f74</hangar_guid>
<sourceid datatype="string">669a8123-3f21-4920-80f8-e4ec200ae575</sourceid>
<intressent_id datatype="string">0796071663617</intressent_id>
<hangar_id datatype="int32">5003780</hangar_id>
<fodd_ar datatype="int16">1964</fodd_ar>
<kon datatype="string">kvinna</kon>
<efternamn datatype="string">Ankarberg Johansson</efternamn>
<tilltalsnamn datatype="string">Acko</tilltalsnamn>
<sorteringsnamn datatype="string">Ankarberg Johansson,Acko</sorteringsnamn>
<iort datatype="string"></iort>
<parti datatype="string">KD</parti>
<valkrets datatype="string">Jönköpings län</valkrets>
<status datatype="string">Tjänstgörande riksdagsledamot</status>
<person_url_xml datatype="string">http://data.riksdagen.se/person/669a8123-3f21-4920-80f8-e4ec200ae575</person_url_xml>
<bild_url_80 datatype="string">http://data.riksdagen.se/filarkiv/bilder/ledamot/669a8123-3f21-4920-80f8-e4ec200ae575_80.jpg</bild_url_80>
<bild_url_192 datatype="string">http://data.riksdagen.se/filarkiv/bilder/ledamot/669a8123-3f21-4920-80f8-e4ec200ae575_192.jpg</bild_url_192>
<bild_url_max datatype="string">http://data.riksdagen.se/filarkiv/bilder/ledamot/669a8123-3f21-4920-80f8-e4ec200ae575_max.jpg</bild_url_max>
<personuppdrag>
<uppdrag>
<organ_kod datatype="string">kam</organ_kod>
<roll_kod datatype="string">Riksdagsledamot</roll_kod>
<ordningsnummer datatype="int32">291</ordningsnummer>
<status datatype="string">Tjänstgörande</status>
<typ datatype="string">kammaruppdrag</typ>
<from datatype="datetime">2018-10-24</from>
<tom datatype="datetime">2022-09-26</tom>
<uppgift datatype="string"></uppgift>
<intressent_id datatype="string">0796071663617</intressent_id>
<hangar_id datatype="int32">5003780</hangar_id>
<sortering datatype="int32">10</sortering>
<organ_sortering datatype="int32">10</organ_sortering>
<uppdrag_rollsortering datatype="string">60</uppdrag_rollsortering>
<uppdrag_statussortering datatype="string">10</uppdrag_statussortering>
</uppdrag>
<uppdrag>
<organ_kod datatype="string">kam</organ_kod>
<roll_kod datatype="string">Riksdagsledamot</roll_kod>
<ordningsnummer datatype="int32">291</ordningsnummer>
<status datatype="string">Ledig</status>
<typ datatype="string">kammaruppdrag</typ>
<from datatype="datetime">2018-09-24</from>
<tom datatype="datetime">2018-10-23</tom>
<uppgift datatype="string">Mattias Ingeson 2018-09-24 - 2018-10-23  Sjukledighet</uppgift>
<intressent_id datatype="string">0796071663617</intressent_id>
<hangar_id datatype="int32">5003780</hangar_id>
<sortering datatype="int32">10</sortering>
<organ_sortering datatype="int32">10</organ_sortering>
<uppdrag_rollsortering datatype="string">60</uppdrag_rollsortering>
<uppdrag_statussortering datatype="string">30</uppdrag_statussortering>
</uppdrag>
<uppdrag>
<organ_kod datatype="string">KD</organ_kod>
<roll_kod datatype="string">Partisekreterare</roll_kod>
<ordningsnummer datatype="int32">0</ordningsnummer>
<status datatype="string"></status>
<typ datatype="string">partiuppdrag</typ>
<from datatype="datetime">2010-12-17</from>
<tom datatype="datetime">2018-09-11</tom>
<uppgift datatype="string">Kristdemokraterna</uppgift>
<intressent_id datatype="string">0796071663617</intressent_id>
<hangar_id datatype="int32">5003780</hangar_id>
<sortering datatype="int32">35</sortering>
<organ_sortering datatype="int32">300</organ_sortering>
<uppdrag_rollsortering datatype="string">90</uppdrag_rollsortering>
<uppdrag_statussortering datatype="string">90</uppdrag_statussortering>
</uppdrag>
<uppdrag>
<organ_kod datatype="string">SoU</organ_kod>
<roll_kod datatype="string">Ordförande</roll_kod>
<ordningsnummer datatype="int32">12</ordningsnummer>
<status datatype="string"></status>
<typ datatype="string">uppdrag</typ>
<from datatype="datetime">2018-10-25</from>
<tom datatype="datetime">2022-09-26</tom>
<uppgift datatype="string">Socialutskottet</uppgift>
<intressent_id datatype="string">0796071663617</intressent_id>
<hangar_id datatype="int32">5003780</hangar_id>
<sortering datatype="int32">10</sortering>
<organ_sortering datatype="int32">150</organ_sortering>
<uppdrag_rollsortering datatype="string">90</uppdrag_rollsortering>
<uppdrag_statussortering datatype="string">90</uppdrag_statussortering>
</uppdrag>
<uppdrag>
<organ_kod datatype="string">SoU</organ_kod>
<roll_kod datatype="string">Ledamot</roll_kod>
<ordningsnummer datatype="int32">12</ordningsnummer>
<status datatype="string"></status>
<typ datatype="string">uppdrag</typ>
<from datatype="datetime">2018-10-24</from>
<tom datatype="datetime">2018-10-25</tom>
<uppgift datatype="string">Socialutskottet</uppgift>
<intressent_id datatype="string">0796071663617</intressent_id>
<hangar_id datatype="int32">5003780</hangar_id>
<sortering datatype="int32">30</sortering>
<organ_sortering datatype="int32">150</organ_sortering>
<uppdrag_rollsortering datatype="string">90</uppdrag_rollsortering>
<uppdrag_statussortering datatype="string">90</uppdrag_statussortering>
</uppdrag>
</personuppdrag>
<personuppgift>
<uppgift>
<kod datatype="string">Officiell e-postadress</kod>
<uppgift datatype="string">acko.ankarberg.johansson[på]riksdagen.se</uppgift>
<typ datatype="string">eadress</typ>
<intressent_id datatype="string">0796071663617</intressent_id>
<hangar_id datatype="int32">5003780</hangar_id>
</uppgift>
<uppgift>
<kod datatype="string">sv</kod>
<uppgift datatype="string">Begravningsentreprenör.</uppgift>
<typ datatype="string">titlar</typ>
<intressent_id datatype="string">0796071663617</intressent_id>
<hangar_id datatype="int32">5003780</hangar_id>
</uppgift>
<uppgift>
<kod datatype="string">en</kod>
<uppgift datatype="string"></uppgift>
<typ datatype="string">titlar</typ>
<intressent_id datatype="string">0796071663617</intressent_id>
<hangar_id datatype="int32">5003780</hangar_id>
</uppgift>
</personuppgift>
</person>
