<?xml version="1.0" encoding="utf-8" ?>
<person>
<hangar_guid datatype="guid">47ca597e-1b4d-480d-bfc6-45935ea25da5</hangar_guid>
<sourceid datatype="string">d36827d1-ca61-4bf0-8482-7e9db375cb43</sourceid>
<intressent_id datatype="string">0575283695521</intressent_id>
<hangar_id datatype="int32">5003908</hangar_id>
<fodd_ar datatype="int16">1995</fodd_ar>
<kon datatype="string">kvinna</kon>
<efternamn datatype="string">Antoni</efternamn>
<tilltalsnamn datatype="string">Helena</tilltalsnamn>
<sorteringsnamn datatype="string">Antoni,Helena</sorteringsnamn>
<iort datatype="string"></iort>
<parti datatype="string">M</parti>
<valkrets datatype="string">Hallands län</valkrets>
<status datatype="string">Tjänstgörande riksdagsledamot</status>
<person_url_xml datatype="string">http://data.riksdagen.se/person/d36827d1-ca61-4bf0-8482-7e9db375cb43</person_url_xml>
<bild_url_80 datatype="string">http://data.riksdagen.se/filarkiv/bilder/ledamot/d36827d1-ca61-4bf0-8482-7e9db375cb43_80.jpg</bild_url_80>
<bild_url_192 datatype="string">http://data.riksdagen.se/filarkiv/bilder/ledamot/d36827d1-ca61-4bf0-8482-7e9db375cb43_192.jpg</bild_url_192>
<bild_url_max datatype="string">http://data.riksdagen.se/filarkiv/bilder/ledamot/d36827d1-ca61-4bf0-8482-7e9db375cb43_max.jpg</bild_url_max>
<personuppdrag>
<uppdrag>
<organ_kod datatype="string">kam</organ_kod>
<roll_kod datatype="string">Riksdagsledamot</roll_kod>
<ordningsnummer datatype="int32">66</ordningsnummer>
<status datatype="string">Tjänstgörande</status>
<typ datatype="string">kammaruppdrag</typ>
<from datatype="datetime">2019-07-02</from>
<tom datatype="datetime">2022-09-26</tom>
<uppgift datatype="string"></uppgift>
<intressent_id datatype="string">0575283695521</intressent_id>
<hangar_id datatype="int32">5003908</hangar_id>
<sortering datatype="int32">10</sortering>
<organ_sortering datatype="int32">10</organ_sortering>
<uppdrag_rollsortering datatype="string">60</uppdrag_rollsortering>
<uppdrag_statussortering datatype="string">10</uppdrag_statussortering>
</uppdrag>
<uppdrag>
<organ_kod datatype="string">MJU</organ_kod>
<roll_kod datatype="string">Suppleant</roll_kod>
<ordningsnummer datatype="int32">29</ordningsnummer>
<status datatype="string"></status>
<typ datatype="string">uppdrag</typ>
<from datatype="datetime">2020-01-29</from>
<tom datatype="datetime">2022-09-26</tom>
<uppgift datatype="string">Miljö- och jordbruksutskottet</uppgift>
<intressent_id datatype="string">0575283695521</intressent_id>
<hangar_id datatype="int32">5003908</hangar_id>
<sortering datatype="int32">50</sortering>
<organ_sortering datatype="int32">150</organ_sortering>
<uppdrag_rollsortering datatype="string">90</uppdrag_rollsortering>
<uppdrag_statussortering datatype="string">90</uppdrag_statussortering>
</uppdrag>
<uppdrag>
<organ_kod datatype="string">NU</organ_kod>
<roll_kod datatype="string">Suppleant</roll_kod>
<ordningsnummer datatype="int32">2</ordningsnummer>
<status datatype="string"></status>
<typ datatype="string">uppdrag</typ>
<from datatype="datetime">2020-01-29</from>
<tom datatype="datetime">2022-09-26</tom>
<uppgift datatype="string">Näringsutskottet</uppgift>
<intressent_id datatype="string">0575283695521</intressent_id>
<hangar_id datatype="int32">5003908</hangar_id>
<sortering datatype="int32">50</sortering>
<organ_sortering datatype="int32">150</organ_sortering>
<uppdrag_rollsortering datatype="string">90</uppdrag_rollsortering>
<uppdrag_statussortering datatype="string">90</uppdrag_statussortering>
</uppdrag>
<uppdrag>
<organ_kod datatype="string">TU</organ_kod>
<roll_kod datatype="string">Suppleant</roll_kod>
<ordningsnummer datatype="int32">2</ordningsnummer>
<status datatype="string"></status>
<typ datatype="string">uppdrag</typ>
<from datatype="datetime">2019-07-02</from>
<tom datatype="datetime">2022-09-26</tom>
<uppgift datatype="string">Trafikutskottet</uppgift>
<intressent_id datatype="string">0575283695521</intressent_id>
<hangar_id datatype="int32">5003908</hangar_id>
<sortering datatype="int32">50</sortering>
<organ_sortering datatype="int32">150</organ_sortering>
<uppdrag_rollsortering datatype="string">90</uppdrag_rollsortering>
<uppdrag_statussortering datatype="string">90</uppdrag_statussortering>
</uppdrag>
</personuppdrag>
<personuppgift>
<uppgift>
<kod datatype="string">Officiell e-postadress</kod>
<uppgift datatype="string">helena.antoni[på]riksdagen.se</uppgift>
<typ datatype="string">eadress</typ>
<intressent_id datatype="string">0575283695521</intressent_id>
<hangar_id datatype="int32">5003908</hangar_id>
</uppgift>
<uppgift>
<kod datatype="string">sv</kod>
<uppgift datatype="string">Statsvetare.</uppgift>
<typ datatype="string">titlar</typ>
<intressent_id datatype="string">0575283695521</intressent_id>
<hangar_id datatype="int32">5003908</hangar_id>
</uppgift>
<uppgift>
<kod datatype="string">en</kod>
<uppgift datatype="string"></uppgift>
<typ datatype="string">titlar</typ>
<intressent_id datatype="string">0575283695521</intressent_id>
<hangar_id datatype="int32">5003908</hangar_id>
</uppgift>
</personuppgift>
</person>
