<?xml version="1.0" encoding="utf-8" ?>
<person>
<hangar_guid datatype="guid">7e63aa60-d421-4d70-b292-1f26f86d8799</hangar_guid>
<sourceid datatype="string">d168a7ef-d230-4484-bd1a-e06ea11c806d</sourceid>
<intressent_id datatype="string">0386515634211</intressent_id>
<hangar_id datatype="int32">2342644</hangar_id>
<fodd_ar datatype="int16">1950</fodd_ar>
<kon datatype="string">man</kon>
<efternamn datatype="string">Appelros</efternamn>
<tilltalsnamn datatype="string">Staffan</tilltalsnamn>
<sorteringsnamn datatype="string">Appelros,Staffan</sorteringsnamn>
<iort datatype="string"></iort>
<parti datatype="string">M</parti>
<valkrets datatype="string">Malmö kommun</valkrets>
<status datatype="string">Tidigare ersättare</status>
<person_url_xml datatype="string">http://data.riksdagen.se/person/d168a7ef-d230-4484-bd1a-e06ea11c806d</person_url_xml>
<bild_url_80 datatype="string">http://data.riksdagen.se/filarkiv/bilder/ledamot/d168a7ef-d230-4484-bd1a-e06ea11c806d_80.jpg</bild_url_80>
<bild_url_192 datatype="string">http://data.riksdagen.se/filarkiv/bilder/ledamot/d168a7ef-d230-4484-bd1a-e06ea11c806d_192.jpg</bild_url_192>
<bild_url_max datatype="string">http://data.riksdagen.se/filarkiv/bilder/ledamot/d168a7ef-d230-4484-bd1a-e06ea11c806d_max.jpg</bild_url_max>
<personuppdrag>
<uppdrag>
<organ_kod datatype="string">kam</organ_kod>
<roll_kod datatype="string">Statsrådsersättare</roll_kod>
<ordningsnummer datatype="int32">122</ordningsnummer>
<status datatype="string">Ersättare</status>
<typ datatype="string">kammaruppdrag</typ>
<from datatype="datetime">2007-02-16</from>
<tom datatype="datetime">2010-10-04</tom>
<uppgift datatype="string">Tobias Billström</uppgift>
<intressent_id datatype="string">0386515634211</intressent_id>
<hangar_id datatype="int32">2342644</hangar_id>
<sortering datatype="int32"></sortering>
<organ_sortering datatype="int32">10</organ_sortering>
<uppdrag_rollsortering datatype="string">60</uppdrag_rollsortering>
<uppdrag_statussortering datatype="string">20</uppdrag_statussortering>
</uppdrag>
<uppdrag>
<organ_kod datatype="string">MJU</organ_kod>
<roll_kod datatype="string">Suppleant</roll_kod>
<ordningsnummer datatype="int32">1</ordningsnummer>
<status datatype="string"></status>
<typ datatype="string">uppdrag</typ>
<from datatype="datetime">2007-12-20</from>
<tom datatype="datetime">2010-10-04</tom>
<uppgift datatype="string">Miljö- och jordbruksutskottet</uppgift>
<intressent_id datatype="string">0386515634211</intressent_id>
<hangar_id datatype="int32">2342644</hangar_id>
<sortering datatype="int32">50</sortering>
<organ_sortering datatype="int32">150</organ_sortering>
<uppdrag_rollsortering datatype="string">90</uppdrag_rollsortering>
<uppdrag_statussortering datatype="string">90</uppdrag_statussortering>
</uppdrag>
<uppdrag>
<organ_kod datatype="string">MJU</organ_kod>
<roll_kod datatype="string">Suppleant</roll_kod>
<ordningsnummer datatype="int32">1</ordningsnummer>
<status datatype="string"></status>
<typ datatype="string">uppdrag</typ>
<from datatype="datetime">2007-02-23</from>
<tom datatype="datetime">2007-12-09</tom>
<uppgift datatype="string">Miljö- och jordbruksutskottet</uppgift>
<intressent_id datatype="string">0386515634211</intressent_id>
<hangar_id datatype="int32">2342644</hangar_id>
<sortering datatype="int32">50</sortering>
<organ_sortering datatype="int32">150</organ_sortering>
<uppdrag_rollsortering datatype="string">90</uppdrag_rollsortering>
<uppdrag_statussortering datatype="string">90</uppdrag_statussortering>
</uppdrag>
</personuppdrag>
<personuppgift>
<uppgift>
<kod datatype="string">sv</kod>
<uppgift datatype="string">Direktör</uppgift>
<typ datatype="string">titlar</typ>
<intressent_id datatype="string">0386515634211</intressent_id>
<hangar_id datatype="int32">2342644</hangar_id>
</uppgift>
<uppgift>
<kod datatype="string">en</kod>
<uppgift datatype="string"></uppgift>
<typ datatype="string">titlar</typ>
<intressent_id datatype="string">0386515634211</intressent_id>
<hangar_id datatype="int32">2342644</hangar_id>
</uppgift>
</personuppgift>
</person>
