<?xml version="1.0" encoding="utf-8" ?>
<person>
<hangar_guid datatype="guid">df22609a-7ca8-4247-9c22-66e083aad117</hangar_guid>
<sourceid datatype="string">9d17f2d7-61b7-4aba-a9fd-3cdcf006d18b</sourceid>
<intressent_id datatype="string">0641996868011</intressent_id>
<hangar_id datatype="int32">2342766</hangar_id>
<fodd_ar datatype="int16">1953</fodd_ar>
<kon datatype="string">kvinna</kon>
<efternamn datatype="string">Arleklo</efternamn>
<tilltalsnamn datatype="string">Ann</tilltalsnamn>
<sorteringsnamn datatype="string">Arleklo,Ann</sorteringsnamn>
<iort datatype="string"></iort>
<parti datatype="string">S</parti>
<valkrets datatype="string">Skåne läns västra</valkrets>
<status datatype="string">Tidigare riksdagsledamot</status>
<person_url_xml datatype="string">http://data.riksdagen.se/person/9d17f2d7-61b7-4aba-a9fd-3cdcf006d18b</person_url_xml>
<bild_url_80 datatype="string">http://data.riksdagen.se/filarkiv/bilder/ledamot/9d17f2d7-61b7-4aba-a9fd-3cdcf006d18b_80.jpg</bild_url_80>
<bild_url_192 datatype="string">http://data.riksdagen.se/filarkiv/bilder/ledamot/9d17f2d7-61b7-4aba-a9fd-3cdcf006d18b_192.jpg</bild_url_192>
<bild_url_max datatype="string">http://data.riksdagen.se/filarkiv/bilder/ledamot/9d17f2d7-61b7-4aba-a9fd-3cdcf006d18b_max.jpg</bild_url_max>
<personuppdrag>
<uppdrag>
<organ_kod datatype="string">kam</organ_kod>
<roll_kod datatype="string">Riksdagsledamot</roll_kod>
<ordningsnummer datatype="int32">184</ordningsnummer>
<status datatype="string">Tjänstgörande</status>
<typ datatype="string">kammaruppdrag</typ>
<from datatype="datetime">2012-12-20</from>
<tom datatype="datetime">2014-09-29</tom>
<uppgift datatype="string"></uppgift>
<intressent_id datatype="string">0641996868011</intressent_id>
<hangar_id datatype="int32">2342766</hangar_id>
<sortering datatype="int32">10</sortering>
<organ_sortering datatype="int32">10</organ_sortering>
<uppdrag_rollsortering datatype="string">60</uppdrag_rollsortering>
<uppdrag_statussortering datatype="string">10</uppdrag_statussortering>
</uppdrag>
<uppdrag>
<organ_kod datatype="string">kam</organ_kod>
<roll_kod datatype="string">Riksdagsledamot</roll_kod>
<ordningsnummer datatype="int32">184</ordningsnummer>
<status datatype="string">Ledig</status>
<typ datatype="string">kammaruppdrag</typ>
<from datatype="datetime">2012-11-14</from>
<tom datatype="datetime">2012-12-19</tom>
<uppgift datatype="string">Christin Hagberg 2012-11-14 - 2012-12-19  Sjukledighet</uppgift>
<intressent_id datatype="string">0641996868011</intressent_id>
<hangar_id datatype="int32">2342766</hangar_id>
<sortering datatype="int32">10</sortering>
<organ_sortering datatype="int32">10</organ_sortering>
<uppdrag_rollsortering datatype="string">60</uppdrag_rollsortering>
<uppdrag_statussortering datatype="string">30</uppdrag_statussortering>
</uppdrag>
<uppdrag>
<organ_kod datatype="string">kam</organ_kod>
<roll_kod datatype="string">Riksdagsledamot</roll_kod>
<ordningsnummer datatype="int32">184</ordningsnummer>
<status datatype="string">Tjänstgörande</status>
<typ datatype="string">kammaruppdrag</typ>
<from datatype="datetime">2012-04-01</from>
<tom datatype="datetime">2012-11-13</tom>
<uppgift datatype="string"></uppgift>
<intressent_id datatype="string">0641996868011</intressent_id>
<hangar_id datatype="int32">2342766</hangar_id>
<sortering datatype="int32">10</sortering>
<organ_sortering datatype="int32">10</organ_sortering>
<uppdrag_rollsortering datatype="string">60</uppdrag_rollsortering>
<uppdrag_statussortering datatype="string">10</uppdrag_statussortering>
</uppdrag>
<uppdrag>
<organ_kod datatype="string">kam</organ_kod>
<roll_kod datatype="string">Riksdagsledamot</roll_kod>
<ordningsnummer datatype="int32">184</ordningsnummer>
<status datatype="string">Ledig</status>
<typ datatype="string">kammaruppdrag</typ>
<from datatype="datetime">2012-02-14</from>
<tom datatype="datetime">2012-03-31</tom>
<uppgift datatype="string">Christin Hagberg 2012-02-14 - 2012-03-31  Sjukledighet</uppgift>
<intressent_id datatype="string">0641996868011</intressent_id>
<hangar_id datatype="int32">2342766</hangar_id>
<sortering datatype="int32">10</sortering>
<organ_sortering datatype="int32">10</organ_sortering>
<uppdrag_rollsortering datatype="string">60</uppdrag_rollsortering>
<uppdrag_statussortering datatype="string">30</uppdrag_statussortering>
</uppdrag>
<uppdrag>
<organ_kod datatype="string">kam</organ_kod>
<roll_kod datatype="string">Riksdagsledamot</roll_kod>
<ordningsnummer datatype="int32">184</ordningsnummer>
<status datatype="string">Tjänstgörande</status>
<typ datatype="string">kammaruppdrag</typ>
<from datatype="datetime">2011-05-03</from>
<tom datatype="datetime">2012-02-13</tom>
<uppgift datatype="string"></uppgift>
<intressent_id datatype="string">0641996868011</intressent_id>
<hangar_id datatype="int32">2342766</hangar_id>
<sortering datatype="int32">10</sortering>
<organ_sortering datatype="int32">10</organ_sortering>
<uppdrag_rollsortering datatype="string">60</uppdrag_rollsortering>
<uppdrag_statussortering datatype="string">10</uppdrag_statussortering>
</uppdrag>
<uppdrag>
<organ_kod datatype="string">kam</organ_kod>
<roll_kod datatype="string">Riksdagsledamot</roll_kod>
<ordningsnummer datatype="int32">184</ordningsnummer>
<status datatype="string">Ledig</status>
<typ datatype="string">kammaruppdrag</typ>
<from datatype="datetime">2011-04-06</from>
<tom datatype="datetime">2011-05-02</tom>
<uppgift datatype="string">Christin Hagberg 2011-04-06 - 2011-05-02  Sjukledighet</uppgift>
<intressent_id datatype="string">0641996868011</intressent_id>
<hangar_id datatype="int32">2342766</hangar_id>
<sortering datatype="int32">10</sortering>
<organ_sortering datatype="int32">10</organ_sortering>
<uppdrag_rollsortering datatype="string">60</uppdrag_rollsortering>
<uppdrag_statussortering datatype="string">30</uppdrag_statussortering>
</uppdrag>
<uppdrag>
<organ_kod datatype="string">kam</organ_kod>
<roll_kod datatype="string">Riksdagsledamot</roll_kod>
<ordningsnummer datatype="int32">184</ordningsnummer>
<status datatype="string">Tjänstgörande</status>
<typ datatype="string">kammaruppdrag</typ>
<from datatype="datetime">2010-10-04</from>
<tom datatype="datetime">2011-04-05</tom>
<uppgift datatype="string"></uppgift>
<intressent_id datatype="string">0641996868011</intressent_id>
<hangar_id datatype="int32">2342766</hangar_id>
<sortering datatype="int32">10</sortering>
<organ_sortering datatype="int32">10</organ_sortering>
<uppdrag_rollsortering datatype="string">60</uppdrag_rollsortering>
<uppdrag_statussortering datatype="string">10</uppdrag_statussortering>
</uppdrag>
<uppdrag>
<organ_kod datatype="string">kam</organ_kod>
<roll_kod datatype="string">Riksdagsledamot</roll_kod>
<ordningsnummer datatype="int32">328</ordningsnummer>
<status datatype="string">Tjänstgörande</status>
<typ datatype="string">kammaruppdrag</typ>
<from datatype="datetime">2006-10-02</from>
<tom datatype="datetime">2010-10-04</tom>
<uppgift datatype="string"></uppgift>
<intressent_id datatype="string">0641996868011</intressent_id>
<hangar_id datatype="int32">2342766</hangar_id>
<sortering datatype="int32">10</sortering>
<organ_sortering datatype="int32">10</organ_sortering>
<uppdrag_rollsortering datatype="string">60</uppdrag_rollsortering>
<uppdrag_statussortering datatype="string">10</uppdrag_statussortering>
</uppdrag>
<uppdrag>
<organ_kod datatype="string">RAN</organ_kod>
<roll_kod datatype="string">Ersättare</roll_kod>
<ordningsnummer datatype="int32">2</ordningsnummer>
<status datatype="string"></status>
<typ datatype="string">Riksdagsorgan</typ>
<from datatype="datetime">2013-01-01</from>
<tom datatype="datetime">2015-12-31</tom>
<uppgift datatype="string">Riksdagens ansvarsnämnd</uppgift>
<intressent_id datatype="string">0641996868011</intressent_id>
<hangar_id datatype="int32">2342766</hangar_id>
<sortering datatype="int32">45</sortering>
<organ_sortering datatype="int32">300</organ_sortering>
<uppdrag_rollsortering datatype="string">60</uppdrag_rollsortering>
<uppdrag_statussortering datatype="string">90</uppdrag_statussortering>
</uppdrag>
<uppdrag>
<organ_kod datatype="string">CU</organ_kod>
<roll_kod datatype="string">Suppleant</roll_kod>
<ordningsnummer datatype="int32">10</ordningsnummer>
<status datatype="string"></status>
<typ datatype="string">uppdrag</typ>
<from datatype="datetime">2010-10-12</from>
<tom datatype="datetime">2014-09-29</tom>
<uppgift datatype="string">Civilutskottet</uppgift>
<intressent_id datatype="string">0641996868011</intressent_id>
<hangar_id datatype="int32">2342766</hangar_id>
<sortering datatype="int32">50</sortering>
<organ_sortering datatype="int32">150</organ_sortering>
<uppdrag_rollsortering datatype="string">90</uppdrag_rollsortering>
<uppdrag_statussortering datatype="string">90</uppdrag_statussortering>
</uppdrag>
<uppdrag>
<organ_kod datatype="string">SfU</organ_kod>
<roll_kod datatype="string">Suppleant</roll_kod>
<ordningsnummer datatype="int32">0</ordningsnummer>
<status datatype="string"></status>
<typ datatype="string">uppdrag</typ>
<from datatype="datetime">2006-10-10</from>
<tom datatype="datetime">2007-04-23</tom>
<uppgift datatype="string">Socialförsäkringsutskottet</uppgift>
<intressent_id datatype="string">0641996868011</intressent_id>
<hangar_id datatype="int32">2342766</hangar_id>
<sortering datatype="int32">50</sortering>
<organ_sortering datatype="int32">150</organ_sortering>
<uppdrag_rollsortering datatype="string">90</uppdrag_rollsortering>
<uppdrag_statussortering datatype="string">90</uppdrag_statussortering>
</uppdrag>
<uppdrag>
<organ_kod datatype="string">SoU</organ_kod>
<roll_kod datatype="string">Ledamot</roll_kod>
<ordningsnummer datatype="int32">6</ordningsnummer>
<status datatype="string"></status>
<typ datatype="string">uppdrag</typ>
<from datatype="datetime">2010-10-12</from>
<tom datatype="datetime">2014-09-29</tom>
<uppgift datatype="string">Socialutskottet</uppgift>
<intressent_id datatype="string">0641996868011</intressent_id>
<hangar_id datatype="int32">2342766</hangar_id>
<sortering datatype="int32">30</sortering>
<organ_sortering datatype="int32">150</organ_sortering>
<uppdrag_rollsortering datatype="string">90</uppdrag_rollsortering>
<uppdrag_statussortering datatype="string">90</uppdrag_statussortering>
</uppdrag>
<uppdrag>
<organ_kod datatype="string">SoU</organ_kod>
<roll_kod datatype="string">Suppleant</roll_kod>
<ordningsnummer datatype="int32">4</ordningsnummer>
<status datatype="string"></status>
<typ datatype="string">uppdrag</typ>
<from datatype="datetime">2006-10-10</from>
<tom datatype="datetime">2010-10-04</tom>
<uppgift datatype="string">Socialutskottet</uppgift>
<intressent_id datatype="string">0641996868011</intressent_id>
<hangar_id datatype="int32">2342766</hangar_id>
<sortering datatype="int32">50</sortering>
<organ_sortering datatype="int32">150</organ_sortering>
<uppdrag_rollsortering datatype="string">90</uppdrag_rollsortering>
<uppdrag_statussortering datatype="string">90</uppdrag_statussortering>
</uppdrag>
<uppdrag>
<organ_kod datatype="string">JuSoU</organ_kod>
<roll_kod datatype="string">Suppleant</roll_kod>
<ordningsnummer datatype="int32">0</ordningsnummer>
<status datatype="string"></status>
<typ datatype="string">uppdrag</typ>
<from datatype="datetime">2008-01-29</from>
<tom datatype="datetime">2008-05-07</tom>
<uppgift datatype="string">Sammansatta justitie- och socialutskottet</uppgift>
<intressent_id datatype="string">0641996868011</intressent_id>
<hangar_id datatype="int32">2342766</hangar_id>
<sortering datatype="int32">50</sortering>
<organ_sortering datatype="int32">160</organ_sortering>
<uppdrag_rollsortering datatype="string">90</uppdrag_rollsortering>
<uppdrag_statussortering datatype="string">90</uppdrag_statussortering>
</uppdrag>
</personuppdrag>
<personuppgift>
<uppgift>
<kod datatype="string">sv</kod>
<uppgift datatype="string">Sjuksköterska</uppgift>
<typ datatype="string">titlar</typ>
<intressent_id datatype="string">0641996868011</intressent_id>
<hangar_id datatype="int32">2342766</hangar_id>
</uppgift>
<uppgift>
<kod datatype="string">en</kod>
<uppgift datatype="string"></uppgift>
<typ datatype="string">titlar</typ>
<intressent_id datatype="string">0641996868011</intressent_id>
<hangar_id datatype="int32">2342766</hangar_id>
</uppgift>
</personuppgift>
</person>
