<?xml version="1.0" encoding="utf-8" ?>
<person>
<hangar_guid datatype="guid">17629296-d1a8-4cf3-a635-d5e6467818b4</hangar_guid>
<sourceid datatype="string">d7c31ae1-83e4-11d4-ae60-0050040c9b55</sourceid>
<intressent_id datatype="string">0262017901513</intressent_id>
<hangar_id datatype="int32">2342917</hangar_id>
<fodd_ar datatype="int16">1956</fodd_ar>
<kon datatype="string">kvinna</kon>
<efternamn datatype="string">Ask</efternamn>
<tilltalsnamn datatype="string">Beatrice</tilltalsnamn>
<sorteringsnamn datatype="string">Ask,Beatrice</sorteringsnamn>
<iort datatype="string"></iort>
<parti datatype="string">M</parti>
<valkrets datatype="string">Stockholms kommun</valkrets>
<status datatype="string">Avgången riksdagsledamot</status>
<person_url_xml datatype="string">http://data.riksdagen.se/person/d7c31ae1-83e4-11d4-ae60-0050040c9b55</person_url_xml>
<bild_url_80 datatype="string">http://data.riksdagen.se/filarkiv/bilder/ledamot/d7c31ae1-83e4-11d4-ae60-0050040c9b55_80.jpg</bild_url_80>
<bild_url_192 datatype="string">http://data.riksdagen.se/filarkiv/bilder/ledamot/d7c31ae1-83e4-11d4-ae60-0050040c9b55_192.jpg</bild_url_192>
<bild_url_max datatype="string">http://data.riksdagen.se/filarkiv/bilder/ledamot/d7c31ae1-83e4-11d4-ae60-0050040c9b55_max.jpg</bild_url_max>
<personuppdrag>
<uppdrag>
<organ_kod datatype="string">Ju</organ_kod>
<roll_kod datatype="string">Justitieminister</roll_kod>
<ordningsnummer datatype="int32">4</ordningsnummer>
<status datatype="string"></status>
<typ datatype="string">Departement</typ>
<from datatype="datetime">2006-10-06</from>
<tom datatype="datetime">2014-10-03</tom>
<uppgift datatype="string">Justitiedepartementet</uppgift>
<intressent_id datatype="string">0262017901513</intressent_id>
<hangar_id datatype="int32">2342917</hangar_id>
<sortering datatype="int32">50</sortering>
<organ_sortering datatype="int32"></organ_sortering>
<uppdrag_rollsortering datatype="string">90</uppdrag_rollsortering>
<uppdrag_statussortering datatype="string">90</uppdrag_statussortering>
</uppdrag>
<uppdrag>
<organ_kod datatype="string">kam</organ_kod>
<roll_kod datatype="string">Riksdagsledamot</roll_kod>
<ordningsnummer datatype="int32">4</ordningsnummer>
<status datatype="string">Tjänstgörande</status>
<typ datatype="string">kammaruppdrag</typ>
<from datatype="datetime">2018-09-24</from>
<tom datatype="datetime">2019-12-31</tom>
<uppgift datatype="string"></uppgift>
<intressent_id datatype="string">0262017901513</intressent_id>
<hangar_id datatype="int32">2342917</hangar_id>
<sortering datatype="int32">10</sortering>
<organ_sortering datatype="int32">10</organ_sortering>
<uppdrag_rollsortering datatype="string">60</uppdrag_rollsortering>
<uppdrag_statussortering datatype="string">10</uppdrag_statussortering>
</uppdrag>
<uppdrag>
<organ_kod datatype="string">kam</organ_kod>
<roll_kod datatype="string">Riksdagsledamot</roll_kod>
<ordningsnummer datatype="int32">24</ordningsnummer>
<status datatype="string">Tjänstgörande</status>
<typ datatype="string">kammaruppdrag</typ>
<from datatype="datetime">2014-10-04</from>
<tom datatype="datetime">2018-09-24</tom>
<uppgift datatype="string"></uppgift>
<intressent_id datatype="string">0262017901513</intressent_id>
<hangar_id datatype="int32">2342917</hangar_id>
<sortering datatype="int32">10</sortering>
<organ_sortering datatype="int32">10</organ_sortering>
<uppdrag_rollsortering datatype="string">60</uppdrag_rollsortering>
<uppdrag_statussortering datatype="string">10</uppdrag_statussortering>
</uppdrag>
<uppdrag>
<organ_kod datatype="string">kam</organ_kod>
<roll_kod datatype="string">Riksdagsledamot</roll_kod>
<ordningsnummer datatype="int32">24</ordningsnummer>
<status datatype="string">Ledig</status>
<typ datatype="string">kammaruppdrag</typ>
<from datatype="datetime">2014-09-29</from>
<tom datatype="datetime">2014-10-03</tom>
<uppgift datatype="string">Cecilia Brinck 2010-10-26 - 2014-09-29, Gustav Blix 2014-09-29 - 2014-10-03  Statsråd</uppgift>
<intressent_id datatype="string">0262017901513</intressent_id>
<hangar_id datatype="int32">2342917</hangar_id>
<sortering datatype="int32">10</sortering>
<organ_sortering datatype="int32">10</organ_sortering>
<uppdrag_rollsortering datatype="string">60</uppdrag_rollsortering>
<uppdrag_statussortering datatype="string">30</uppdrag_statussortering>
</uppdrag>
<uppdrag>
<organ_kod datatype="string">kam</organ_kod>
<roll_kod datatype="string">Riksdagsledamot</roll_kod>
<ordningsnummer datatype="int32">80</ordningsnummer>
<status datatype="string">Ledig</status>
<typ datatype="string">kammaruppdrag</typ>
<from datatype="datetime">2010-10-04</from>
<tom datatype="datetime">2014-09-29</tom>
<uppgift datatype="string">Marianne Watz 2008-05-08 - 2010-10-04, Amir Adan 2010-10-04 - 2010-10-18, Margareta Cederfelt 2010-10-19 - 2010-10-25, Cecilia Brinck 2010-10-26 - 2014-09-29  Statsråd</uppgift>
<intressent_id datatype="string">0262017901513</intressent_id>
<hangar_id datatype="int32">2342917</hangar_id>
<sortering datatype="int32">10</sortering>
<organ_sortering datatype="int32">10</organ_sortering>
<uppdrag_rollsortering datatype="string">60</uppdrag_rollsortering>
<uppdrag_statussortering datatype="string">30</uppdrag_statussortering>
</uppdrag>
<uppdrag>
<organ_kod datatype="string">kam</organ_kod>
<roll_kod datatype="string">Riksdagsledamot</roll_kod>
<ordningsnummer datatype="int32">110</ordningsnummer>
<status datatype="string">Ledig</status>
<typ datatype="string">kammaruppdrag</typ>
<from datatype="datetime">2006-10-06</from>
<tom datatype="datetime">2010-10-04</tom>
<uppgift datatype="string">Sofia Arkelsten 2006-10-06 - 2006-11-15, Reza Khelili Dylami 2006-11-16 - 2007-09-17, Margareta Cederfelt 2007-09-18 - 2008-05-07, Marianne Watz 2008-05-08 - 2010-10-04</uppgift>
<intressent_id datatype="string">0262017901513</intressent_id>
<hangar_id datatype="int32">2342917</hangar_id>
<sortering datatype="int32">10</sortering>
<organ_sortering datatype="int32">10</organ_sortering>
<uppdrag_rollsortering datatype="string">60</uppdrag_rollsortering>
<uppdrag_statussortering datatype="string">30</uppdrag_statussortering>
</uppdrag>
<uppdrag>
<organ_kod datatype="string">kam</organ_kod>
<roll_kod datatype="string">Riksdagsledamot</roll_kod>
<ordningsnummer datatype="int32">110</ordningsnummer>
<status datatype="string">Tjänstgörande</status>
<typ datatype="string">kammaruppdrag</typ>
<from datatype="datetime">2006-10-02</from>
<tom datatype="datetime">2006-10-05</tom>
<uppgift datatype="string"></uppgift>
<intressent_id datatype="string">0262017901513</intressent_id>
<hangar_id datatype="int32">2342917</hangar_id>
<sortering datatype="int32">10</sortering>
<organ_sortering datatype="int32">10</organ_sortering>
<uppdrag_rollsortering datatype="string">60</uppdrag_rollsortering>
<uppdrag_statussortering datatype="string">10</uppdrag_statussortering>
</uppdrag>
<uppdrag>
<organ_kod datatype="string">kam</organ_kod>
<roll_kod datatype="string">Riksdagsledamot</roll_kod>
<ordningsnummer datatype="int32">6</ordningsnummer>
<status datatype="string">Tjänstgörande</status>
<typ datatype="string">kammaruppdrag</typ>
<from datatype="datetime">2002-09-30</from>
<tom datatype="datetime">2006-10-02</tom>
<uppgift datatype="string"></uppgift>
<intressent_id datatype="string">0262017901513</intressent_id>
<hangar_id datatype="int32">2342917</hangar_id>
<sortering datatype="int32">10</sortering>
<organ_sortering datatype="int32">10</organ_sortering>
<uppdrag_rollsortering datatype="string">60</uppdrag_rollsortering>
<uppdrag_statussortering datatype="string">10</uppdrag_statussortering>
</uppdrag>
<uppdrag>
<organ_kod datatype="string">kam</organ_kod>
<roll_kod datatype="string">Riksdagsledamot</roll_kod>
<ordningsnummer datatype="int32">12</ordningsnummer>
<status datatype="string">Tjänstgörande</status>
<typ datatype="string">kammaruppdrag</typ>
<from datatype="datetime">1998-10-05</from>
<tom datatype="datetime">2002-09-30</tom>
<uppgift datatype="string"></uppgift>
<intressent_id datatype="string">0262017901513</intressent_id>
<hangar_id datatype="int32">2342917</hangar_id>
<sortering datatype="int32">10</sortering>
<organ_sortering datatype="int32">10</organ_sortering>
<uppdrag_rollsortering datatype="string">60</uppdrag_rollsortering>
<uppdrag_statussortering datatype="string">10</uppdrag_statussortering>
</uppdrag>
<uppdrag>
<organ_kod datatype="string">kam</organ_kod>
<roll_kod datatype="string">Riksdagsledamot</roll_kod>
<ordningsnummer datatype="int32">21</ordningsnummer>
<status datatype="string">Tjänstgörande</status>
<typ datatype="string">kammaruppdrag</typ>
<from datatype="datetime">1994-10-08</from>
<tom datatype="datetime">1998-10-05</tom>
<uppgift datatype="string"></uppgift>
<intressent_id datatype="string">0262017901513</intressent_id>
<hangar_id datatype="int32">2342917</hangar_id>
<sortering datatype="int32">10</sortering>
<organ_sortering datatype="int32">10</organ_sortering>
<uppdrag_rollsortering datatype="string">60</uppdrag_rollsortering>
<uppdrag_statussortering datatype="string">10</uppdrag_statussortering>
</uppdrag>
<uppdrag>
<organ_kod datatype="string">kam</organ_kod>
<roll_kod datatype="string">Riksdagsledamot</roll_kod>
<ordningsnummer datatype="int32">21</ordningsnummer>
<status datatype="string">Ledig</status>
<typ datatype="string">kammaruppdrag</typ>
<from datatype="datetime">1994-10-03</from>
<tom datatype="datetime">1994-10-07</tom>
<uppgift datatype="string">Carl Erik Hedlund 1994-10-03 - 1994-10-07</uppgift>
<intressent_id datatype="string">0262017901513</intressent_id>
<hangar_id datatype="int32">2342917</hangar_id>
<sortering datatype="int32">10</sortering>
<organ_sortering datatype="int32">10</organ_sortering>
<uppdrag_rollsortering datatype="string">60</uppdrag_rollsortering>
<uppdrag_statussortering datatype="string">30</uppdrag_statussortering>
</uppdrag>
<uppdrag>
<organ_kod datatype="string">kam</organ_kod>
<roll_kod datatype="string">Riksdagsledamot</roll_kod>
<ordningsnummer datatype="int32">0</ordningsnummer>
<status datatype="string">Tjänstgörande</status>
<typ datatype="string">kammaruppdrag</typ>
<from datatype="datetime">1988-10-04</from>
<tom datatype="datetime">1988-10-28</tom>
<uppgift datatype="string"></uppgift>
<intressent_id datatype="string">0262017901513</intressent_id>
<hangar_id datatype="int32">2342917</hangar_id>
<sortering datatype="int32">10</sortering>
<organ_sortering datatype="int32">10</organ_sortering>
<uppdrag_rollsortering datatype="string">60</uppdrag_rollsortering>
<uppdrag_statussortering datatype="string">10</uppdrag_statussortering>
</uppdrag>
<uppdrag>
<organ_kod datatype="string">KD</organ_kod>
<roll_kod datatype="string">Ledamot</roll_kod>
<ordningsnummer datatype="int32">24</ordningsnummer>
<status datatype="string"></status>
<typ datatype="string">Riksdagsorgan</typ>
<from datatype="datetime">2018-10-09</from>
<tom datatype="datetime">2019-12-31</tom>
<uppgift datatype="string">Krigsdelegationen</uppgift>
<intressent_id datatype="string">0262017901513</intressent_id>
<hangar_id datatype="int32">2342917</hangar_id>
<sortering datatype="int32">30</sortering>
<organ_sortering datatype="int32">300</organ_sortering>
<uppdrag_rollsortering datatype="string">90</uppdrag_rollsortering>
<uppdrag_statussortering datatype="string">90</uppdrag_statussortering>
</uppdrag>
<uppdrag>
<organ_kod datatype="string">KD</organ_kod>
<roll_kod datatype="string">Ledamot</roll_kod>
<ordningsnummer datatype="int32">36</ordningsnummer>
<status datatype="string"></status>
<typ datatype="string">Riksdagsorgan</typ>
<from datatype="datetime">2014-10-14</from>
<tom datatype="datetime">2018-10-09</tom>
<uppgift datatype="string">Krigsdelegationen</uppgift>
<intressent_id datatype="string">0262017901513</intressent_id>
<hangar_id datatype="int32">2342917</hangar_id>
<sortering datatype="int32">30</sortering>
<organ_sortering datatype="int32">300</organ_sortering>
<uppdrag_rollsortering datatype="string">90</uppdrag_rollsortering>
<uppdrag_statussortering datatype="string">90</uppdrag_statussortering>
</uppdrag>
<uppdrag>
<organ_kod datatype="string">KD</organ_kod>
<roll_kod datatype="string">Ledamot</roll_kod>
<ordningsnummer datatype="int32">3</ordningsnummer>
<status datatype="string"></status>
<typ datatype="string">Riksdagsorgan</typ>
<from datatype="datetime">2006-10-17</from>
<tom datatype="datetime">2010-10-19</tom>
<uppgift datatype="string">Krigsdelegationen</uppgift>
<intressent_id datatype="string">0262017901513</intressent_id>
<hangar_id datatype="int32">2342917</hangar_id>
<sortering datatype="int32">30</sortering>
<organ_sortering datatype="int32">300</organ_sortering>
<uppdrag_rollsortering datatype="string">90</uppdrag_rollsortering>
<uppdrag_statussortering datatype="string">90</uppdrag_statussortering>
</uppdrag>
<uppdrag>
<organ_kod datatype="string">KD</organ_kod>
<roll_kod datatype="string">Ledamot</roll_kod>
<ordningsnummer datatype="int32">0</ordningsnummer>
<status datatype="string"></status>
<typ datatype="string">Riksdagsorgan</typ>
<from datatype="datetime">2002-10-15</from>
<tom datatype="datetime">2006-10-16</tom>
<uppgift datatype="string">Krigsdelegationen</uppgift>
<intressent_id datatype="string">0262017901513</intressent_id>
<hangar_id datatype="int32">2342917</hangar_id>
<sortering datatype="int32">30</sortering>
<organ_sortering datatype="int32">300</organ_sortering>
<uppdrag_rollsortering datatype="string">90</uppdrag_rollsortering>
<uppdrag_statussortering datatype="string">90</uppdrag_statussortering>
</uppdrag>
<uppdrag>
<organ_kod datatype="string">KD</organ_kod>
<roll_kod datatype="string">Ledamot</roll_kod>
<ordningsnummer datatype="int32">0</ordningsnummer>
<status datatype="string"></status>
<typ datatype="string">Riksdagsorgan</typ>
<from datatype="datetime">1999-10-20</from>
<tom datatype="datetime">2002-10-14</tom>
<uppgift datatype="string">Krigsdelegationen</uppgift>
<intressent_id datatype="string">0262017901513</intressent_id>
<hangar_id datatype="int32">2342917</hangar_id>
<sortering datatype="int32">30</sortering>
<organ_sortering datatype="int32">300</organ_sortering>
<uppdrag_rollsortering datatype="string">90</uppdrag_rollsortering>
<uppdrag_statussortering datatype="string">90</uppdrag_statussortering>
</uppdrag>
<uppdrag>
<organ_kod datatype="string">NATO</organ_kod>
<roll_kod datatype="string">Suppleant</roll_kod>
<ordningsnummer datatype="int32">2</ordningsnummer>
<status datatype="string"></status>
<typ datatype="string">Riksdagsorgan</typ>
<from datatype="datetime">2018-10-24</from>
<tom datatype="datetime">2019-12-31</tom>
<uppgift datatype="string">Riksdagens delegation till Natos parlamentariska församling</uppgift>
<intressent_id datatype="string">0262017901513</intressent_id>
<hangar_id datatype="int32">2342917</hangar_id>
<sortering datatype="int32">50</sortering>
<organ_sortering datatype="int32">300</organ_sortering>
<uppdrag_rollsortering datatype="string">90</uppdrag_rollsortering>
<uppdrag_statussortering datatype="string">90</uppdrag_statussortering>
</uppdrag>
<uppdrag>
<organ_kod datatype="string">RS</organ_kod>
<roll_kod datatype="string">Suppleant</roll_kod>
<ordningsnummer datatype="int32">0</ordningsnummer>
<status datatype="string"></status>
<typ datatype="string">Riksdagsorgan</typ>
<from datatype="datetime">2000-07-01</from>
<tom datatype="datetime">2006-10-10</tom>
<uppgift datatype="string">Riksdagsstyrelsen</uppgift>
<intressent_id datatype="string">0262017901513</intressent_id>
<hangar_id datatype="int32">2342917</hangar_id>
<sortering datatype="int32">50</sortering>
<organ_sortering datatype="int32">300</organ_sortering>
<uppdrag_rollsortering datatype="string">90</uppdrag_rollsortering>
<uppdrag_statussortering datatype="string">90</uppdrag_statussortering>
</uppdrag>
<uppdrag>
<organ_kod datatype="string">VB</organ_kod>
<roll_kod datatype="string">Ledamot</roll_kod>
<ordningsnummer datatype="int32">0</ordningsnummer>
<status datatype="string"></status>
<typ datatype="string">Riksdagsorgan</typ>
<from datatype="datetime">2006-10-02</from>
<tom datatype="datetime">2006-10-06</tom>
<uppgift datatype="string">Valberedningen</uppgift>
<intressent_id datatype="string">0262017901513</intressent_id>
<hangar_id datatype="int32">2342917</hangar_id>
<sortering datatype="int32">30</sortering>
<organ_sortering datatype="int32">300</organ_sortering>
<uppdrag_rollsortering datatype="string">90</uppdrag_rollsortering>
<uppdrag_statussortering datatype="string">90</uppdrag_statussortering>
</uppdrag>
<uppdrag>
<organ_kod datatype="string">VB</organ_kod>
<roll_kod datatype="string">Vice ordförande</roll_kod>
<ordningsnummer datatype="int32">0</ordningsnummer>
<status datatype="string"></status>
<typ datatype="string">Riksdagsorgan</typ>
<from datatype="datetime">2002-09-30</from>
<tom datatype="datetime">2006-10-02</tom>
<uppgift datatype="string">Valberedningen</uppgift>
<intressent_id datatype="string">0262017901513</intressent_id>
<hangar_id datatype="int32">2342917</hangar_id>
<sortering datatype="int32">20</sortering>
<organ_sortering datatype="int32">300</organ_sortering>
<uppdrag_rollsortering datatype="string">90</uppdrag_rollsortering>
<uppdrag_statussortering datatype="string">90</uppdrag_statussortering>
</uppdrag>
<uppdrag>
<organ_kod datatype="string">VB</organ_kod>
<roll_kod datatype="string">Ledamot</roll_kod>
<ordningsnummer datatype="int32">0</ordningsnummer>
<status datatype="string"></status>
<typ datatype="string">Riksdagsorgan</typ>
<from datatype="datetime">1999-11-23</from>
<tom datatype="datetime">2002-09-30</tom>
<uppgift datatype="string">Valberedningen</uppgift>
<intressent_id datatype="string">0262017901513</intressent_id>
<hangar_id datatype="int32">2342917</hangar_id>
<sortering datatype="int32">30</sortering>
<organ_sortering datatype="int32">300</organ_sortering>
<uppdrag_rollsortering datatype="string">90</uppdrag_rollsortering>
<uppdrag_statussortering datatype="string">90</uppdrag_statussortering>
</uppdrag>
<uppdrag>
<organ_kod datatype="string">VB</organ_kod>
<roll_kod datatype="string">Suppleant</roll_kod>
<ordningsnummer datatype="int32">0</ordningsnummer>
<status datatype="string"></status>
<typ datatype="string">Riksdagsorgan</typ>
<from datatype="datetime">1998-10-05</from>
<tom datatype="datetime">1999-11-23</tom>
<uppgift datatype="string">Valberedningen</uppgift>
<intressent_id datatype="string">0262017901513</intressent_id>
<hangar_id datatype="int32">2342917</hangar_id>
<sortering datatype="int32">50</sortering>
<organ_sortering datatype="int32">300</organ_sortering>
<uppdrag_rollsortering datatype="string">90</uppdrag_rollsortering>
<uppdrag_statussortering datatype="string">90</uppdrag_statussortering>
</uppdrag>
<uppdrag>
<organ_kod datatype="string">FöU</organ_kod>
<roll_kod datatype="string">Ordförande</roll_kod>
<ordningsnummer datatype="int32">2</ordningsnummer>
<status datatype="string"></status>
<typ datatype="string">uppdrag</typ>
<from datatype="datetime">2019-02-28</from>
<tom datatype="datetime">2019-12-31</tom>
<uppgift datatype="string">Försvarsutskottet</uppgift>
<intressent_id datatype="string">0262017901513</intressent_id>
<hangar_id datatype="int32">2342917</hangar_id>
<sortering datatype="int32">10</sortering>
<organ_sortering datatype="int32">150</organ_sortering>
<uppdrag_rollsortering datatype="string">90</uppdrag_rollsortering>
<uppdrag_statussortering datatype="string">90</uppdrag_statussortering>
</uppdrag>
<uppdrag>
<organ_kod datatype="string">FöU</organ_kod>
<roll_kod datatype="string">Vice ordförande</roll_kod>
<ordningsnummer datatype="int32">2</ordningsnummer>
<status datatype="string"></status>
<typ datatype="string">uppdrag</typ>
<from datatype="datetime">2018-10-02</from>
<tom datatype="datetime">2019-02-28</tom>
<uppgift datatype="string">Försvarsutskottet</uppgift>
<intressent_id datatype="string">0262017901513</intressent_id>
<hangar_id datatype="int32">2342917</hangar_id>
<sortering datatype="int32">20</sortering>
<organ_sortering datatype="int32">150</organ_sortering>
<uppdrag_rollsortering datatype="string">90</uppdrag_rollsortering>
<uppdrag_statussortering datatype="string">90</uppdrag_statussortering>
</uppdrag>
<uppdrag>
<organ_kod datatype="string">FöU</organ_kod>
<roll_kod datatype="string">Ledamot</roll_kod>
<ordningsnummer datatype="int32">2</ordningsnummer>
<status datatype="string"></status>
<typ datatype="string">uppdrag</typ>
<from datatype="datetime">2018-10-02</from>
<tom datatype="datetime">2018-10-02</tom>
<uppgift datatype="string">Försvarsutskottet</uppgift>
<intressent_id datatype="string">0262017901513</intressent_id>
<hangar_id datatype="int32">2342917</hangar_id>
<sortering datatype="int32">30</sortering>
<organ_sortering datatype="int32">150</organ_sortering>
<uppdrag_rollsortering datatype="string">90</uppdrag_rollsortering>
<uppdrag_statussortering datatype="string">90</uppdrag_statussortering>
</uppdrag>
<uppdrag>
<organ_kod datatype="string">FöU</organ_kod>
<roll_kod datatype="string">Ledamot</roll_kod>
<ordningsnummer datatype="int32">4</ordningsnummer>
<status datatype="string"></status>
<typ datatype="string">uppdrag</typ>
<from datatype="datetime">2018-01-19</from>
<tom datatype="datetime">2018-09-24</tom>
<uppgift datatype="string">Försvarsutskottet</uppgift>
<intressent_id datatype="string">0262017901513</intressent_id>
<hangar_id datatype="int32">2342917</hangar_id>
<sortering datatype="int32">30</sortering>
<organ_sortering datatype="int32">150</organ_sortering>
<uppdrag_rollsortering datatype="string">90</uppdrag_rollsortering>
<uppdrag_statussortering datatype="string">90</uppdrag_statussortering>
</uppdrag>
<uppdrag>
<organ_kod datatype="string">JuU</organ_kod>
<roll_kod datatype="string">Ordförande</roll_kod>
<ordningsnummer datatype="int32">2</ordningsnummer>
<status datatype="string"></status>
<typ datatype="string">uppdrag</typ>
<from datatype="datetime">2014-10-07</from>
<tom datatype="datetime">2017-06-15</tom>
<uppgift datatype="string">Justitieutskottet</uppgift>
<intressent_id datatype="string">0262017901513</intressent_id>
<hangar_id datatype="int32">2342917</hangar_id>
<sortering datatype="int32">10</sortering>
<organ_sortering datatype="int32">150</organ_sortering>
<uppdrag_rollsortering datatype="string">90</uppdrag_rollsortering>
<uppdrag_statussortering datatype="string">90</uppdrag_statussortering>
</uppdrag>
<uppdrag>
<organ_kod datatype="string">JuU</organ_kod>
<roll_kod datatype="string">Ledamot</roll_kod>
<ordningsnummer datatype="int32">0</ordningsnummer>
<status datatype="string"></status>
<typ datatype="string">uppdrag</typ>
<from datatype="datetime">2002-10-08</from>
<tom datatype="datetime">2006-10-02</tom>
<uppgift datatype="string">Justitieutskottet</uppgift>
<intressent_id datatype="string">0262017901513</intressent_id>
<hangar_id datatype="int32">2342917</hangar_id>
<sortering datatype="int32">30</sortering>
<organ_sortering datatype="int32">150</organ_sortering>
<uppdrag_rollsortering datatype="string">90</uppdrag_rollsortering>
<uppdrag_statussortering datatype="string">90</uppdrag_statussortering>
</uppdrag>
<uppdrag>
<organ_kod datatype="string">KU</organ_kod>
<roll_kod datatype="string">Ledamot</roll_kod>
<ordningsnummer datatype="int32">4</ordningsnummer>
<status datatype="string"></status>
<typ datatype="string">uppdrag</typ>
<from datatype="datetime">2018-01-01</from>
<tom datatype="datetime">2018-01-19</tom>
<uppgift datatype="string">Konstitutionsutskottet</uppgift>
<intressent_id datatype="string">0262017901513</intressent_id>
<hangar_id datatype="int32">2342917</hangar_id>
<sortering datatype="int32">30</sortering>
<organ_sortering datatype="int32">150</organ_sortering>
<uppdrag_rollsortering datatype="string">90</uppdrag_rollsortering>
<uppdrag_statussortering datatype="string">90</uppdrag_statussortering>
</uppdrag>
<uppdrag>
<organ_kod datatype="string">KU</organ_kod>
<roll_kod datatype="string">Ordförande</roll_kod>
<ordningsnummer datatype="int32">4</ordningsnummer>
<status datatype="string"></status>
<typ datatype="string">uppdrag</typ>
<from datatype="datetime">2017-09-14</from>
<tom datatype="datetime">2017-12-31</tom>
<uppgift datatype="string">Konstitutionsutskottet</uppgift>
<intressent_id datatype="string">0262017901513</intressent_id>
<hangar_id datatype="int32">2342917</hangar_id>
<sortering datatype="int32">10</sortering>
<organ_sortering datatype="int32">150</organ_sortering>
<uppdrag_rollsortering datatype="string">90</uppdrag_rollsortering>
<uppdrag_statussortering datatype="string">90</uppdrag_statussortering>
</uppdrag>
<uppdrag>
<organ_kod datatype="string">KU</organ_kod>
<roll_kod datatype="string">Ledamot</roll_kod>
<ordningsnummer datatype="int32">4</ordningsnummer>
<status datatype="string"></status>
<typ datatype="string">uppdrag</typ>
<from datatype="datetime">2017-06-15</from>
<tom datatype="datetime">2017-09-14</tom>
<uppgift datatype="string">Konstitutionsutskottet</uppgift>
<intressent_id datatype="string">0262017901513</intressent_id>
<hangar_id datatype="int32">2342917</hangar_id>
<sortering datatype="int32">30</sortering>
<organ_sortering datatype="int32">150</organ_sortering>
<uppdrag_rollsortering datatype="string">90</uppdrag_rollsortering>
<uppdrag_statussortering datatype="string">90</uppdrag_statussortering>
</uppdrag>
<uppdrag>
<organ_kod datatype="string">KU</organ_kod>
<roll_kod datatype="string">Suppleant</roll_kod>
<ordningsnummer datatype="int32">0</ordningsnummer>
<status datatype="string"></status>
<typ datatype="string">uppdrag</typ>
<from datatype="datetime">2003-10-03</from>
<tom datatype="datetime">2003-11-24</tom>
<uppgift datatype="string">Konstitutionsutskottet</uppgift>
<intressent_id datatype="string">0262017901513</intressent_id>
<hangar_id datatype="int32">2342917</hangar_id>
<sortering datatype="int32">50</sortering>
<organ_sortering datatype="int32">150</organ_sortering>
<uppdrag_rollsortering datatype="string">90</uppdrag_rollsortering>
<uppdrag_statussortering datatype="string">90</uppdrag_statussortering>
</uppdrag>
<uppdrag>
<organ_kod datatype="string">KU</organ_kod>
<roll_kod datatype="string">Suppleant</roll_kod>
<ordningsnummer datatype="int32">0</ordningsnummer>
<status datatype="string"></status>
<typ datatype="string">uppdrag</typ>
<from datatype="datetime">1988-10-11</from>
<tom datatype="datetime">1988-10-27</tom>
<uppgift datatype="string">Konstitutionsutskottet</uppgift>
<intressent_id datatype="string">0262017901513</intressent_id>
<hangar_id datatype="int32">2342917</hangar_id>
<sortering datatype="int32">50</sortering>
<organ_sortering datatype="int32">150</organ_sortering>
<uppdrag_rollsortering datatype="string">90</uppdrag_rollsortering>
<uppdrag_statussortering datatype="string">90</uppdrag_statussortering>
</uppdrag>
<uppdrag>
<organ_kod datatype="string">UbU</organ_kod>
<roll_kod datatype="string">Andre vice ordförande</roll_kod>
<ordningsnummer datatype="int32">0</ordningsnummer>
<status datatype="string"></status>
<typ datatype="string">uppdrag</typ>
<from datatype="datetime">1998-10-13</from>
<tom datatype="datetime">2002-09-30</tom>
<uppgift datatype="string">Utbildningsutskottet</uppgift>
<intressent_id datatype="string">0262017901513</intressent_id>
<hangar_id datatype="int32">2342917</hangar_id>
<sortering datatype="int32">16</sortering>
<organ_sortering datatype="int32">150</organ_sortering>
<uppdrag_rollsortering datatype="string">90</uppdrag_rollsortering>
<uppdrag_statussortering datatype="string">90</uppdrag_statussortering>
</uppdrag>
<uppdrag>
<organ_kod datatype="string">UbU</organ_kod>
<roll_kod datatype="string">Vice ordförande</roll_kod>
<ordningsnummer datatype="int32">0</ordningsnummer>
<status datatype="string"></status>
<typ datatype="string">uppdrag</typ>
<from datatype="datetime">1998-10-13</from>
<tom datatype="datetime">2002-09-29</tom>
<uppgift datatype="string">Utbildningsutskottet</uppgift>
<intressent_id datatype="string">0262017901513</intressent_id>
<hangar_id datatype="int32">2342917</hangar_id>
<sortering datatype="int32">20</sortering>
<organ_sortering datatype="int32">150</organ_sortering>
<uppdrag_rollsortering datatype="string">90</uppdrag_rollsortering>
<uppdrag_statussortering datatype="string">90</uppdrag_statussortering>
</uppdrag>
<uppdrag>
<organ_kod datatype="string">UbU</organ_kod>
<roll_kod datatype="string">Ledamot</roll_kod>
<ordningsnummer datatype="int32">0</ordningsnummer>
<status datatype="string"></status>
<typ datatype="string">uppdrag</typ>
<from datatype="datetime">1994-10-11</from>
<tom datatype="datetime">1998-10-04</tom>
<uppgift datatype="string">Utbildningsutskottet</uppgift>
<intressent_id datatype="string">0262017901513</intressent_id>
<hangar_id datatype="int32">2342917</hangar_id>
<sortering datatype="int32">30</sortering>
<organ_sortering datatype="int32">150</organ_sortering>
<uppdrag_rollsortering datatype="string">90</uppdrag_rollsortering>
<uppdrag_statussortering datatype="string">90</uppdrag_statussortering>
</uppdrag>
<uppdrag>
<organ_kod datatype="string">UbU</organ_kod>
<roll_kod datatype="string">Vice ordförande</roll_kod>
<ordningsnummer datatype="int32">0</ordningsnummer>
<status datatype="string"></status>
<typ datatype="string">uppdrag</typ>
<from datatype="datetime">1994-10-12</from>
<tom datatype="datetime">1998-10-04</tom>
<uppgift datatype="string">Utbildningsutskottet</uppgift>
<intressent_id datatype="string">0262017901513</intressent_id>
<hangar_id datatype="int32">2342917</hangar_id>
<sortering datatype="int32">20</sortering>
<organ_sortering datatype="int32">150</organ_sortering>
<uppdrag_rollsortering datatype="string">90</uppdrag_rollsortering>
<uppdrag_statussortering datatype="string">90</uppdrag_statussortering>
</uppdrag>
<uppdrag>
<organ_kod datatype="string">UbU</organ_kod>
<roll_kod datatype="string">Suppleant</roll_kod>
<ordningsnummer datatype="int32">0</ordningsnummer>
<status datatype="string"></status>
<typ datatype="string">uppdrag</typ>
<from datatype="datetime">1988-10-11</from>
<tom datatype="datetime">1988-10-27</tom>
<uppgift datatype="string">Utbildningsutskottet</uppgift>
<intressent_id datatype="string">0262017901513</intressent_id>
<hangar_id datatype="int32">2342917</hangar_id>
<sortering datatype="int32">50</sortering>
<organ_sortering datatype="int32">150</organ_sortering>
<uppdrag_rollsortering datatype="string">90</uppdrag_rollsortering>
<uppdrag_statussortering datatype="string">90</uppdrag_statussortering>
</uppdrag>
<uppdrag>
<organ_kod datatype="string">KUU</organ_kod>
<roll_kod datatype="string">Suppleant</roll_kod>
<ordningsnummer datatype="int32">0</ordningsnummer>
<status datatype="string"></status>
<typ datatype="string">uppdrag</typ>
<from datatype="datetime">2003-10-07</from>
<tom datatype="datetime">2003-11-20</tom>
<uppgift datatype="string">Sammansatta konstitutions- och utrikesutskottet</uppgift>
<intressent_id datatype="string">0262017901513</intressent_id>
<hangar_id datatype="int32">2342917</hangar_id>
<sortering datatype="int32">50</sortering>
<organ_sortering datatype="int32">160</organ_sortering>
<uppdrag_rollsortering datatype="string">90</uppdrag_rollsortering>
<uppdrag_statussortering datatype="string">90</uppdrag_statussortering>
</uppdrag>
<uppdrag>
<organ_kod datatype="string">UFöU</organ_kod>
<roll_kod datatype="string">Deputerad</roll_kod>
<ordningsnummer datatype="int32">2</ordningsnummer>
<status datatype="string"></status>
<typ datatype="string">uppdrag</typ>
<from datatype="datetime">2019-11-14</from>
<tom datatype="datetime">2019-12-17</tom>
<uppgift datatype="string">Sammansatta utrikes- och försvarsutskottet</uppgift>
<intressent_id datatype="string">0262017901513</intressent_id>
<hangar_id datatype="int32">2342917</hangar_id>
<sortering datatype="int32">40</sortering>
<organ_sortering datatype="int32">160</organ_sortering>
<uppdrag_rollsortering datatype="string">90</uppdrag_rollsortering>
<uppdrag_statussortering datatype="string">90</uppdrag_statussortering>
</uppdrag>
<uppdrag>
<organ_kod datatype="string">UFöU</organ_kod>
<roll_kod datatype="string">Vice ordförande</roll_kod>
<ordningsnummer datatype="int32">2</ordningsnummer>
<status datatype="string"></status>
<typ datatype="string">uppdrag</typ>
<from datatype="datetime">2019-05-09</from>
<tom datatype="datetime">2019-06-12</tom>
<uppgift datatype="string">Sammansatta utrikes- och försvarsutskottet</uppgift>
<intressent_id datatype="string">0262017901513</intressent_id>
<hangar_id datatype="int32">2342917</hangar_id>
<sortering datatype="int32">20</sortering>
<organ_sortering datatype="int32">160</organ_sortering>
<uppdrag_rollsortering datatype="string">90</uppdrag_rollsortering>
<uppdrag_statussortering datatype="string">90</uppdrag_statussortering>
</uppdrag>
<uppdrag>
<organ_kod datatype="string">UFöU</organ_kod>
<roll_kod datatype="string">Deputerad</roll_kod>
<ordningsnummer datatype="int32">2</ordningsnummer>
<status datatype="string"></status>
<typ datatype="string">uppdrag</typ>
<from datatype="datetime">2018-11-15</from>
<tom datatype="datetime">2018-12-05</tom>
<uppgift datatype="string">Sammansatta utrikes- och försvarsutskottet</uppgift>
<intressent_id datatype="string">0262017901513</intressent_id>
<hangar_id datatype="int32">2342917</hangar_id>
<sortering datatype="int32">40</sortering>
<organ_sortering datatype="int32">160</organ_sortering>
<uppdrag_rollsortering datatype="string">90</uppdrag_rollsortering>
<uppdrag_statussortering datatype="string">90</uppdrag_statussortering>
</uppdrag>
<uppdrag>
<organ_kod datatype="string">UFöU</organ_kod>
<roll_kod datatype="string">Deputerad</roll_kod>
<ordningsnummer datatype="int32">7</ordningsnummer>
<status datatype="string"></status>
<typ datatype="string">uppdrag</typ>
<from datatype="datetime">2018-05-15</from>
<tom datatype="datetime">2018-06-14</tom>
<uppgift datatype="string">Sammansatta utrikes- och försvarsutskottet</uppgift>
<intressent_id datatype="string">0262017901513</intressent_id>
<hangar_id datatype="int32">2342917</hangar_id>
<sortering datatype="int32">40</sortering>
<organ_sortering datatype="int32">160</organ_sortering>
<uppdrag_rollsortering datatype="string">90</uppdrag_rollsortering>
<uppdrag_statussortering datatype="string">90</uppdrag_statussortering>
</uppdrag>
<uppdrag>
<organ_kod datatype="string">EUN</organ_kod>
<roll_kod datatype="string">Ledamot</roll_kod>
<ordningsnummer datatype="int32">0</ordningsnummer>
<status datatype="string"></status>
<typ datatype="string">uppdrag</typ>
<from datatype="datetime">2004-09-23</from>
<tom datatype="datetime">2006-10-10</tom>
<uppgift datatype="string">EU-nämnden</uppgift>
<intressent_id datatype="string">0262017901513</intressent_id>
<hangar_id datatype="int32">2342917</hangar_id>
<sortering datatype="int32">30</sortering>
<organ_sortering datatype="int32">170</organ_sortering>
<uppdrag_rollsortering datatype="string">90</uppdrag_rollsortering>
<uppdrag_statussortering datatype="string">90</uppdrag_statussortering>
</uppdrag>
<uppdrag>
<organ_kod datatype="string">EUN</organ_kod>
<roll_kod datatype="string">Suppleant</roll_kod>
<ordningsnummer datatype="int32">0</ordningsnummer>
<status datatype="string"></status>
<typ datatype="string">uppdrag</typ>
<from datatype="datetime">2002-10-08</from>
<tom datatype="datetime">2004-09-23</tom>
<uppgift datatype="string">EU-nämnden</uppgift>
<intressent_id datatype="string">0262017901513</intressent_id>
<hangar_id datatype="int32">2342917</hangar_id>
<sortering datatype="int32">50</sortering>
<organ_sortering datatype="int32">170</organ_sortering>
<uppdrag_rollsortering datatype="string">90</uppdrag_rollsortering>
<uppdrag_statussortering datatype="string">90</uppdrag_statussortering>
</uppdrag>
</personuppdrag>
<personuppgift>
<uppgift>
<kod datatype="string">KandiderarINastaVal</kod>
<uppgift datatype="string">true</uppgift>
<typ datatype="string">val</typ>
<intressent_id datatype="string">0262017901513</intressent_id>
<hangar_id datatype="int32">2342917</hangar_id>
</uppgift>
</personuppgift>
</person>
