<?xml version="1.0" encoding="utf-8" ?>
<person>
<hangar_guid datatype="guid">39273b3c-19e3-4041-993d-d8f586fb97f0</hangar_guid>
<sourceid datatype="string">04af55d8-8fed-4e2f-8f47-035c4e8deb6e</sourceid>
<intressent_id datatype="string">0209004049600</intressent_id>
<hangar_id datatype="int32">2342497</hangar_id>
<fodd_ar datatype="int16">1948</fodd_ar>
<kon datatype="string">man</kon>
<efternamn datatype="string">Attefors</efternamn>
<tilltalsnamn datatype="string">Kenneth</tilltalsnamn>
<sorteringsnamn datatype="string">Attefors,Kenneth</sorteringsnamn>
<iort datatype="string"></iort>
<parti datatype="string">NYD</parti>
<valkrets datatype="string"></valkrets>
<status datatype="string">Tidigare riksdagsledamot</status>
<person_url_xml datatype="string">http://data.riksdagen.se/person/04af55d8-8fed-4e2f-8f47-035c4e8deb6e</person_url_xml>
<bild_url_80 datatype="string">http://data.riksdagen.se/filarkiv/bilder/ledamot/04af55d8-8fed-4e2f-8f47-035c4e8deb6e_80.jpg</bild_url_80>
<bild_url_192 datatype="string">http://data.riksdagen.se/filarkiv/bilder/ledamot/04af55d8-8fed-4e2f-8f47-035c4e8deb6e_192.jpg</bild_url_192>
<bild_url_max datatype="string">http://data.riksdagen.se/filarkiv/bilder/ledamot/04af55d8-8fed-4e2f-8f47-035c4e8deb6e_max.jpg</bild_url_max>
<personuppdrag>
<uppdrag>
<organ_kod datatype="string">kam</organ_kod>
<roll_kod datatype="string">Riksdagsledamot</roll_kod>
<ordningsnummer datatype="int32">151</ordningsnummer>
<status datatype="string">Tjänstgörande</status>
<typ datatype="string">kammaruppdrag</typ>
<from datatype="datetime">1991-09-30</from>
<tom datatype="datetime">1994-10-03</tom>
<uppgift datatype="string"></uppgift>
<intressent_id datatype="string">0209004049600</intressent_id>
<hangar_id datatype="int32">2342497</hangar_id>
<sortering datatype="int32">10</sortering>
<organ_sortering datatype="int32">10</organ_sortering>
<uppdrag_rollsortering datatype="string">60</uppdrag_rollsortering>
<uppdrag_statussortering datatype="string">10</uppdrag_statussortering>
</uppdrag>
<uppdrag>
<organ_kod datatype="string">TU</organ_kod>
<roll_kod datatype="string">Ledamot</roll_kod>
<ordningsnummer datatype="int32">0</ordningsnummer>
<status datatype="string"></status>
<typ datatype="string">uppdrag</typ>
<from datatype="datetime">1991-10-08</from>
<tom datatype="datetime">1994-10-02</tom>
<uppgift datatype="string">Trafikutskottet</uppgift>
<intressent_id datatype="string">0209004049600</intressent_id>
<hangar_id datatype="int32">2342497</hangar_id>
<sortering datatype="int32">30</sortering>
<organ_sortering datatype="int32">150</organ_sortering>
<uppdrag_rollsortering datatype="string">90</uppdrag_rollsortering>
<uppdrag_statussortering datatype="string">90</uppdrag_statussortering>
</uppdrag>
</personuppdrag>
<personuppgift>
<uppgift>
<kod datatype="string">sv</kod>
<uppgift datatype="string">sjökapten</uppgift>
<typ datatype="string">titlar</typ>
<intressent_id datatype="string">0209004049600</intressent_id>
<hangar_id datatype="int32">2342497</hangar_id>
</uppgift>
<uppgift>
<kod datatype="string">en</kod>
<uppgift datatype="string"></uppgift>
<typ datatype="string">titlar</typ>
<intressent_id datatype="string">0209004049600</intressent_id>
<hangar_id datatype="int32">2342497</hangar_id>
</uppgift>
</personuppgift>
</person>
