<?xml version="1.0" encoding="utf-8" ?>
<person>
<hangar_guid datatype="guid">5e4da014-4aa7-4fa9-9b17-e9d4df4b783a</hangar_guid>
<sourceid datatype="string">7baf1b6b-1ec5-4aee-8d2a-3403fec1d080</sourceid>
<intressent_id datatype="string">0783865993627</intressent_id>
<hangar_id datatype="int32">2369550</hangar_id>
<fodd_ar datatype="int16">1974</fodd_ar>
<kon datatype="string">man</kon>
<efternamn datatype="string">Avenborg</efternamn>
<tilltalsnamn datatype="string">Tomas</tilltalsnamn>
<sorteringsnamn datatype="string">Avenborg,Tomas</sorteringsnamn>
<iort datatype="string"></iort>
<parti datatype="string">M</parti>
<valkrets datatype="string">Skåne läns södra</valkrets>
<status datatype="string">Tidigare ersättare</status>
<person_url_xml datatype="string">http://data.riksdagen.se/person/7baf1b6b-1ec5-4aee-8d2a-3403fec1d080</person_url_xml>
<bild_url_80 datatype="string">http://data.riksdagen.se/filarkiv/bilder/ledamot/7baf1b6b-1ec5-4aee-8d2a-3403fec1d080_80.jpg</bild_url_80>
<bild_url_192 datatype="string">http://data.riksdagen.se/filarkiv/bilder/ledamot/7baf1b6b-1ec5-4aee-8d2a-3403fec1d080_192.jpg</bild_url_192>
<bild_url_max datatype="string">http://data.riksdagen.se/filarkiv/bilder/ledamot/7baf1b6b-1ec5-4aee-8d2a-3403fec1d080_max.jpg</bild_url_max>
<personuppdrag>
<uppdrag>
<organ_kod datatype="string">kam</organ_kod>
<roll_kod datatype="string">Ersättare</roll_kod>
<ordningsnummer datatype="int32">223</ordningsnummer>
<status datatype="string">Ersättare</status>
<typ datatype="string">kammaruppdrag</typ>
<from datatype="datetime">2012-03-12</from>
<tom datatype="datetime">2012-06-22</tom>
<uppgift datatype="string">Linda Wemmert</uppgift>
<intressent_id datatype="string">0783865993627</intressent_id>
<hangar_id datatype="int32">2369550</hangar_id>
<sortering datatype="int32">45</sortering>
<organ_sortering datatype="int32">10</organ_sortering>
<uppdrag_rollsortering datatype="string">60</uppdrag_rollsortering>
<uppdrag_statussortering datatype="string">20</uppdrag_statussortering>
</uppdrag>
<uppdrag>
<organ_kod datatype="string">kam</organ_kod>
<roll_kod datatype="string">Ersättare</roll_kod>
<ordningsnummer datatype="int32">223</ordningsnummer>
<status datatype="string">Ersättare</status>
<typ datatype="string">kammaruppdrag</typ>
<from datatype="datetime">2011-10-10</from>
<tom datatype="datetime">2011-12-23</tom>
<uppgift datatype="string">Linda Wemmert</uppgift>
<intressent_id datatype="string">0783865993627</intressent_id>
<hangar_id datatype="int32">2369550</hangar_id>
<sortering datatype="int32">45</sortering>
<organ_sortering datatype="int32">10</organ_sortering>
<uppdrag_rollsortering datatype="string">60</uppdrag_rollsortering>
<uppdrag_statussortering datatype="string">20</uppdrag_statussortering>
</uppdrag>
<uppdrag>
<organ_kod datatype="string">kam</organ_kod>
<roll_kod datatype="string">Ersättare</roll_kod>
<ordningsnummer datatype="int32">258</ordningsnummer>
<status datatype="string">Ersättare</status>
<typ datatype="string">kammaruppdrag</typ>
<from datatype="datetime">2011-01-11</from>
<tom datatype="datetime">2011-03-04</tom>
<uppgift datatype="string">Anders Hansson</uppgift>
<intressent_id datatype="string">0783865993627</intressent_id>
<hangar_id datatype="int32">2369550</hangar_id>
<sortering datatype="int32">45</sortering>
<organ_sortering datatype="int32">10</organ_sortering>
<uppdrag_rollsortering datatype="string">60</uppdrag_rollsortering>
<uppdrag_statussortering datatype="string">20</uppdrag_statussortering>
</uppdrag>
<uppdrag>
<organ_kod datatype="string">FöU</organ_kod>
<roll_kod datatype="string">Extra suppleant</roll_kod>
<ordningsnummer datatype="int32">0</ordningsnummer>
<status datatype="string"></status>
<typ datatype="string">uppdrag</typ>
<from datatype="datetime">2011-01-26</from>
<tom datatype="datetime">2011-03-04</tom>
<uppgift datatype="string">Försvarsutskottet</uppgift>
<intressent_id datatype="string">0783865993627</intressent_id>
<hangar_id datatype="int32">2369550</hangar_id>
<sortering datatype="int32">55</sortering>
<organ_sortering datatype="int32">150</organ_sortering>
<uppdrag_rollsortering datatype="string">90</uppdrag_rollsortering>
<uppdrag_statussortering datatype="string">90</uppdrag_statussortering>
</uppdrag>
<uppdrag>
<organ_kod datatype="string">MJU</organ_kod>
<roll_kod datatype="string">Extra suppleant</roll_kod>
<ordningsnummer datatype="int32">0</ordningsnummer>
<status datatype="string"></status>
<typ datatype="string">uppdrag</typ>
<from datatype="datetime">2012-03-12</from>
<tom datatype="datetime">2012-06-22</tom>
<uppgift datatype="string">Miljö- och jordbruksutskottet</uppgift>
<intressent_id datatype="string">0783865993627</intressent_id>
<hangar_id datatype="int32">2369550</hangar_id>
<sortering datatype="int32">55</sortering>
<organ_sortering datatype="int32">150</organ_sortering>
<uppdrag_rollsortering datatype="string">90</uppdrag_rollsortering>
<uppdrag_statussortering datatype="string">90</uppdrag_statussortering>
</uppdrag>
<uppdrag>
<organ_kod datatype="string">MJU</organ_kod>
<roll_kod datatype="string">Extra suppleant</roll_kod>
<ordningsnummer datatype="int32">0</ordningsnummer>
<status datatype="string"></status>
<typ datatype="string">uppdrag</typ>
<from datatype="datetime">2011-10-10</from>
<tom datatype="datetime">2011-12-23</tom>
<uppgift datatype="string">Miljö- och jordbruksutskottet</uppgift>
<intressent_id datatype="string">0783865993627</intressent_id>
<hangar_id datatype="int32">2369550</hangar_id>
<sortering datatype="int32">55</sortering>
<organ_sortering datatype="int32">150</organ_sortering>
<uppdrag_rollsortering datatype="string">90</uppdrag_rollsortering>
<uppdrag_statussortering datatype="string">90</uppdrag_statussortering>
</uppdrag>
</personuppdrag>
<personuppgift>
<uppgift>
<kod datatype="string">Officiell e-postadress</kod>
<uppgift datatype="string">tomas.avenborg[på]riksdagen.se</uppgift>
<typ datatype="string">eadress</typ>
<intressent_id datatype="string">0783865993627</intressent_id>
<hangar_id datatype="int32">2369550</hangar_id>
</uppgift>
</personuppgift>
</person>
