<?xml version="1.0" encoding="utf-8" ?>
<person>
<hangar_guid datatype="guid">4ac8fefa-23e9-4723-b076-9f4796febd24</hangar_guid>
<sourceid datatype="string">cdafb6d8-14fb-4b52-83c7-18cc9b7ecc67</sourceid>
<intressent_id datatype="string">0314386385815</intressent_id>
<hangar_id datatype="int32">2342699</hangar_id>
<fodd_ar datatype="int16">1951</fodd_ar>
<kon datatype="string">man</kon>
<efternamn datatype="string">Backlund</efternamn>
<tilltalsnamn datatype="string">Rune</tilltalsnamn>
<sorteringsnamn datatype="string">Backlund,Rune</sorteringsnamn>
<iort datatype="string"></iort>
<parti datatype="string">C</parti>
<valkrets datatype="string"></valkrets>
<status datatype="string">Tidigare riksdagsledamot</status>
<person_url_xml datatype="string">http://data.riksdagen.se/person/cdafb6d8-14fb-4b52-83c7-18cc9b7ecc67</person_url_xml>
<bild_url_80 datatype="string">http://data.riksdagen.se/filarkiv/bilder/ledamot/cdafb6d8-14fb-4b52-83c7-18cc9b7ecc67_80.jpg</bild_url_80>
<bild_url_192 datatype="string">http://data.riksdagen.se/filarkiv/bilder/ledamot/cdafb6d8-14fb-4b52-83c7-18cc9b7ecc67_192.jpg</bild_url_192>
<bild_url_max datatype="string">http://data.riksdagen.se/filarkiv/bilder/ledamot/cdafb6d8-14fb-4b52-83c7-18cc9b7ecc67_max.jpg</bild_url_max>
<personuppdrag>
<uppdrag>
<organ_kod datatype="string">kam</organ_kod>
<roll_kod datatype="string">Riksdagsledamot</roll_kod>
<ordningsnummer datatype="int32">105</ordningsnummer>
<status datatype="string">Tjänstgörande</status>
<typ datatype="string">kammaruppdrag</typ>
<from datatype="datetime">1994-10-03</from>
<tom datatype="datetime">1995-09-30</tom>
<uppgift datatype="string"></uppgift>
<intressent_id datatype="string">0314386385815</intressent_id>
<hangar_id datatype="int32">2342699</hangar_id>
<sortering datatype="int32">10</sortering>
<organ_sortering datatype="int32">10</organ_sortering>
<uppdrag_rollsortering datatype="string">60</uppdrag_rollsortering>
<uppdrag_statussortering datatype="string">10</uppdrag_statussortering>
</uppdrag>
<uppdrag>
<organ_kod datatype="string">kam</organ_kod>
<roll_kod datatype="string">Riksdagsledamot</roll_kod>
<ordningsnummer datatype="int32">108</ordningsnummer>
<status datatype="string">Tjänstgörande</status>
<typ datatype="string">kammaruppdrag</typ>
<from datatype="datetime">1991-09-30</from>
<tom datatype="datetime">1994-10-03</tom>
<uppgift datatype="string"></uppgift>
<intressent_id datatype="string">0314386385815</intressent_id>
<hangar_id datatype="int32">2342699</hangar_id>
<sortering datatype="int32">10</sortering>
<organ_sortering datatype="int32">10</organ_sortering>
<uppdrag_rollsortering datatype="string">60</uppdrag_rollsortering>
<uppdrag_statussortering datatype="string">10</uppdrag_statussortering>
</uppdrag>
<uppdrag>
<organ_kod datatype="string">kam</organ_kod>
<roll_kod datatype="string">Riksdagsledamot</roll_kod>
<ordningsnummer datatype="int32">112</ordningsnummer>
<status datatype="string">Tjänstgörande</status>
<typ datatype="string">kammaruppdrag</typ>
<from datatype="datetime">1988-10-03</from>
<tom datatype="datetime">1991-09-30</tom>
<uppgift datatype="string"></uppgift>
<intressent_id datatype="string">0314386385815</intressent_id>
<hangar_id datatype="int32">2342699</hangar_id>
<sortering datatype="int32">10</sortering>
<organ_sortering datatype="int32">10</organ_sortering>
<uppdrag_rollsortering datatype="string">60</uppdrag_rollsortering>
<uppdrag_statussortering datatype="string">10</uppdrag_statussortering>
</uppdrag>
<uppdrag>
<organ_kod datatype="string">kam</organ_kod>
<roll_kod datatype="string">Riksdagsledamot</roll_kod>
<ordningsnummer datatype="int32">0</ordningsnummer>
<status datatype="string">Tjänstgörande</status>
<typ datatype="string">kammaruppdrag</typ>
<from datatype="datetime">1985-09-30</from>
<tom datatype="datetime">1988-10-03</tom>
<uppgift datatype="string"></uppgift>
<intressent_id datatype="string">0314386385815</intressent_id>
<hangar_id datatype="int32">2342699</hangar_id>
<sortering datatype="int32">10</sortering>
<organ_sortering datatype="int32">10</organ_sortering>
<uppdrag_rollsortering datatype="string">60</uppdrag_rollsortering>
<uppdrag_statussortering datatype="string">10</uppdrag_statussortering>
</uppdrag>
<uppdrag>
<organ_kod datatype="string">kam</organ_kod>
<roll_kod datatype="string">Riksdagsledamot</roll_kod>
<ordningsnummer datatype="int32">0</ordningsnummer>
<status datatype="string">Tjänstgörande</status>
<typ datatype="string">kammaruppdrag</typ>
<from datatype="datetime">1982-10-04</from>
<tom datatype="datetime">1985-09-30</tom>
<uppgift datatype="string"></uppgift>
<intressent_id datatype="string">0314386385815</intressent_id>
<hangar_id datatype="int32">2342699</hangar_id>
<sortering datatype="int32">10</sortering>
<organ_sortering datatype="int32">10</organ_sortering>
<uppdrag_rollsortering datatype="string">60</uppdrag_rollsortering>
<uppdrag_statussortering datatype="string">10</uppdrag_statussortering>
</uppdrag>
<uppdrag>
<organ_kod datatype="string">JuU</organ_kod>
<roll_kod datatype="string">Suppleant</roll_kod>
<ordningsnummer datatype="int32">0</ordningsnummer>
<status datatype="string"></status>
<typ datatype="string">uppdrag</typ>
<from datatype="datetime">1985-09-30</from>
<tom datatype="datetime">1988-10-02</tom>
<uppgift datatype="string">Justitieutskottet</uppgift>
<intressent_id datatype="string">0314386385815</intressent_id>
<hangar_id datatype="int32">2342699</hangar_id>
<sortering datatype="int32">50</sortering>
<organ_sortering datatype="int32">150</organ_sortering>
<uppdrag_rollsortering datatype="string">90</uppdrag_rollsortering>
<uppdrag_statussortering datatype="string">90</uppdrag_statussortering>
</uppdrag>
<uppdrag>
<organ_kod datatype="string">SfU</organ_kod>
<roll_kod datatype="string">Ledamot</roll_kod>
<ordningsnummer datatype="int32">0</ordningsnummer>
<status datatype="string"></status>
<typ datatype="string">uppdrag</typ>
<from datatype="datetime">1994-10-11</from>
<tom datatype="datetime">1995-09-30</tom>
<uppgift datatype="string">Socialförsäkringsutskottet</uppgift>
<intressent_id datatype="string">0314386385815</intressent_id>
<hangar_id datatype="int32">2342699</hangar_id>
<sortering datatype="int32">30</sortering>
<organ_sortering datatype="int32">150</organ_sortering>
<uppdrag_rollsortering datatype="string">90</uppdrag_rollsortering>
<uppdrag_statussortering datatype="string">90</uppdrag_statussortering>
</uppdrag>
<uppdrag>
<organ_kod datatype="string">SfU</organ_kod>
<roll_kod datatype="string">Suppleant</roll_kod>
<ordningsnummer datatype="int32">0</ordningsnummer>
<status datatype="string"></status>
<typ datatype="string">uppdrag</typ>
<from datatype="datetime">1991-10-18</from>
<tom datatype="datetime">1994-10-02</tom>
<uppgift datatype="string">Socialförsäkringsutskottet</uppgift>
<intressent_id datatype="string">0314386385815</intressent_id>
<hangar_id datatype="int32">2342699</hangar_id>
<sortering datatype="int32">50</sortering>
<organ_sortering datatype="int32">150</organ_sortering>
<uppdrag_rollsortering datatype="string">90</uppdrag_rollsortering>
<uppdrag_statussortering datatype="string">90</uppdrag_statussortering>
</uppdrag>
<uppdrag>
<organ_kod datatype="string">SfU</organ_kod>
<roll_kod datatype="string">Ledamot</roll_kod>
<ordningsnummer datatype="int32">0</ordningsnummer>
<status datatype="string"></status>
<typ datatype="string">uppdrag</typ>
<from datatype="datetime">1991-09-30</from>
<tom datatype="datetime">1991-10-17</tom>
<uppgift datatype="string">Socialförsäkringsutskottet</uppgift>
<intressent_id datatype="string">0314386385815</intressent_id>
<hangar_id datatype="int32">2342699</hangar_id>
<sortering datatype="int32">30</sortering>
<organ_sortering datatype="int32">150</organ_sortering>
<uppdrag_rollsortering datatype="string">90</uppdrag_rollsortering>
<uppdrag_statussortering datatype="string">90</uppdrag_statussortering>
</uppdrag>
<uppdrag>
<organ_kod datatype="string">SfU</organ_kod>
<roll_kod datatype="string">Ledamot</roll_kod>
<ordningsnummer datatype="int32">0</ordningsnummer>
<status datatype="string"></status>
<typ datatype="string">uppdrag</typ>
<from datatype="datetime">1988-10-03</from>
<tom datatype="datetime">1991-09-29</tom>
<uppgift datatype="string">Socialförsäkringsutskottet</uppgift>
<intressent_id datatype="string">0314386385815</intressent_id>
<hangar_id datatype="int32">2342699</hangar_id>
<sortering datatype="int32">30</sortering>
<organ_sortering datatype="int32">150</organ_sortering>
<uppdrag_rollsortering datatype="string">90</uppdrag_rollsortering>
<uppdrag_statussortering datatype="string">90</uppdrag_statussortering>
</uppdrag>
<uppdrag>
<organ_kod datatype="string">SfU</organ_kod>
<roll_kod datatype="string">Ledamot</roll_kod>
<ordningsnummer datatype="int32">0</ordningsnummer>
<status datatype="string"></status>
<typ datatype="string">uppdrag</typ>
<from datatype="datetime">1985-09-30</from>
<tom datatype="datetime">1988-10-02</tom>
<uppgift datatype="string">Socialförsäkringsutskottet</uppgift>
<intressent_id datatype="string">0314386385815</intressent_id>
<hangar_id datatype="int32">2342699</hangar_id>
<sortering datatype="int32">30</sortering>
<organ_sortering datatype="int32">150</organ_sortering>
<uppdrag_rollsortering datatype="string">90</uppdrag_rollsortering>
<uppdrag_statussortering datatype="string">90</uppdrag_statussortering>
</uppdrag>
<uppdrag>
<organ_kod datatype="string">LU</organ_kod>
<roll_kod datatype="string">Suppleant</roll_kod>
<ordningsnummer datatype="int32">0</ordningsnummer>
<status datatype="string"></status>
<typ datatype="string">uppdrag</typ>
<from datatype="datetime">1994-10-11</from>
<tom datatype="datetime">1995-09-30</tom>
<uppgift datatype="string">Lagutskottet</uppgift>
<intressent_id datatype="string">0314386385815</intressent_id>
<hangar_id datatype="int32">2342699</hangar_id>
<sortering datatype="int32">50</sortering>
<organ_sortering datatype="int32">165</organ_sortering>
<uppdrag_rollsortering datatype="string">90</uppdrag_rollsortering>
<uppdrag_statussortering datatype="string">90</uppdrag_statussortering>
</uppdrag>
<uppdrag>
<organ_kod datatype="string">LU</organ_kod>
<roll_kod datatype="string">Suppleant</roll_kod>
<ordningsnummer datatype="int32">0</ordningsnummer>
<status datatype="string"></status>
<typ datatype="string">uppdrag</typ>
<from datatype="datetime">1988-10-11</from>
<tom datatype="datetime">1991-09-29</tom>
<uppgift datatype="string">Lagutskottet</uppgift>
<intressent_id datatype="string">0314386385815</intressent_id>
<hangar_id datatype="int32">2342699</hangar_id>
<sortering datatype="int32">50</sortering>
<organ_sortering datatype="int32">165</organ_sortering>
<uppdrag_rollsortering datatype="string">90</uppdrag_rollsortering>
<uppdrag_statussortering datatype="string">90</uppdrag_statussortering>
</uppdrag>
</personuppdrag>
<personuppgift>
<uppgift>
<kod datatype="string">sv</kod>
<uppgift datatype="string">lanthandlare</uppgift>
<typ datatype="string">titlar</typ>
<intressent_id datatype="string">0314386385815</intressent_id>
<hangar_id datatype="int32">2342699</hangar_id>
</uppgift>
<uppgift>
<kod datatype="string">en</kod>
<uppgift datatype="string"></uppgift>
<typ datatype="string">titlar</typ>
<intressent_id datatype="string">0314386385815</intressent_id>
<hangar_id datatype="int32">2342699</hangar_id>
</uppgift>
</personuppgift>
</person>
