<?xml version="1.0" encoding="utf-8" ?>
<person>
<hangar_guid datatype="guid">f4f64372-1c13-4917-ada7-20af057e3c94</hangar_guid>
<sourceid datatype="string">ce806f5d-33d2-41d1-8fa4-7f14e0361bd3</sourceid>
<intressent_id datatype="string">0787584650516</intressent_id>
<hangar_id datatype="int32">3072812</hangar_id>
<fodd_ar datatype="int16">1971</fodd_ar>
<kon datatype="string">kvinna</kon>
<efternamn datatype="string">Bah Kuhnke</efternamn>
<tilltalsnamn datatype="string">Alice</tilltalsnamn>
<sorteringsnamn datatype="string">Bah Kuhnke,Alice</sorteringsnamn>
<iort datatype="string"></iort>
<parti datatype="string">MP</parti>
<valkrets datatype="string">Stockholms län</valkrets>
<status datatype="string">Europaparlamentariker</status>
<person_url_xml datatype="string">http://data.riksdagen.se/person/ce806f5d-33d2-41d1-8fa4-7f14e0361bd3</person_url_xml>
<bild_url_80 datatype="string">http://data.riksdagen.se/filarkiv/bilder/ledamot/ce806f5d-33d2-41d1-8fa4-7f14e0361bd3_80.jpg</bild_url_80>
<bild_url_192 datatype="string">http://data.riksdagen.se/filarkiv/bilder/ledamot/ce806f5d-33d2-41d1-8fa4-7f14e0361bd3_192.jpg</bild_url_192>
<bild_url_max datatype="string">http://data.riksdagen.se/filarkiv/bilder/ledamot/ce806f5d-33d2-41d1-8fa4-7f14e0361bd3_max.jpg</bild_url_max>
<personuppdrag>
<uppdrag>
<organ_kod datatype="string">Ku</organ_kod>
<roll_kod datatype="string">Kultur- och demokratiminister</roll_kod>
<ordningsnummer datatype="int32">14</ordningsnummer>
<status datatype="string"></status>
<typ datatype="string">Departement</typ>
<from datatype="datetime">2017-07-27</from>
<tom datatype="datetime">2019-01-21</tom>
<uppgift datatype="string">Kulturdepartementet</uppgift>
<intressent_id datatype="string">0787584650516</intressent_id>
<hangar_id datatype="int32">3072812</hangar_id>
<sortering datatype="int32"></sortering>
<organ_sortering datatype="int32">150</organ_sortering>
<uppdrag_rollsortering datatype="string">90</uppdrag_rollsortering>
<uppdrag_statussortering datatype="string">90</uppdrag_statussortering>
</uppdrag>
<uppdrag>
<organ_kod datatype="string">Ku</organ_kod>
<roll_kod datatype="string">Kultur- och demokratiminister</roll_kod>
<ordningsnummer datatype="int32">16</ordningsnummer>
<status datatype="string"></status>
<typ datatype="string">Departement</typ>
<from datatype="datetime">2016-05-25</from>
<tom datatype="datetime">2017-07-27</tom>
<uppgift datatype="string">Kulturdepartementet</uppgift>
<intressent_id datatype="string">0787584650516</intressent_id>
<hangar_id datatype="int32">3072812</hangar_id>
<sortering datatype="int32"></sortering>
<organ_sortering datatype="int32">150</organ_sortering>
<uppdrag_rollsortering datatype="string">90</uppdrag_rollsortering>
<uppdrag_statussortering datatype="string">90</uppdrag_statussortering>
</uppdrag>
<uppdrag>
<organ_kod datatype="string">Ku</organ_kod>
<roll_kod datatype="string">Kultur- och demokratiminister</roll_kod>
<ordningsnummer datatype="int32">19</ordningsnummer>
<status datatype="string"></status>
<typ datatype="string">Departement</typ>
<from datatype="datetime">2014-10-03</from>
<tom datatype="datetime">2016-05-25</tom>
<uppgift datatype="string">Kulturdepartementet</uppgift>
<intressent_id datatype="string">0787584650516</intressent_id>
<hangar_id datatype="int32">3072812</hangar_id>
<sortering datatype="int32"></sortering>
<organ_sortering datatype="int32">150</organ_sortering>
<uppdrag_rollsortering datatype="string">90</uppdrag_rollsortering>
<uppdrag_statussortering datatype="string">90</uppdrag_statussortering>
</uppdrag>
<uppdrag>
<organ_kod datatype="string">EP</organ_kod>
<roll_kod datatype="string">Ledamot</roll_kod>
<ordningsnummer datatype="int32">16</ordningsnummer>
<status datatype="string"></status>
<typ datatype="string">Europaparlamentet</typ>
<from datatype="datetime">2019-07-02</from>
<tom datatype="datetime">2024-07-02</tom>
<uppgift datatype="string">Europaparlamentet</uppgift>
<intressent_id datatype="string">0787584650516</intressent_id>
<hangar_id datatype="int32">3072812</hangar_id>
<sortering datatype="int32">30</sortering>
<organ_sortering datatype="int32">100</organ_sortering>
<uppdrag_rollsortering datatype="string">90</uppdrag_rollsortering>
<uppdrag_statussortering datatype="string">90</uppdrag_statussortering>
</uppdrag>
<uppdrag>
<organ_kod datatype="string">kam</organ_kod>
<roll_kod datatype="string">Riksdagsledamot</roll_kod>
<ordningsnummer datatype="int32">249</ordningsnummer>
<status datatype="string">Tjänstgörande</status>
<typ datatype="string">kammaruppdrag</typ>
<from datatype="datetime">2019-01-22</from>
<tom datatype="datetime">2019-06-18</tom>
<uppgift datatype="string"></uppgift>
<intressent_id datatype="string">0787584650516</intressent_id>
<hangar_id datatype="int32">3072812</hangar_id>
<sortering datatype="int32">10</sortering>
<organ_sortering datatype="int32">10</organ_sortering>
<uppdrag_rollsortering datatype="string">60</uppdrag_rollsortering>
<uppdrag_statussortering datatype="string">10</uppdrag_statussortering>
</uppdrag>
<uppdrag>
<organ_kod datatype="string">kam</organ_kod>
<roll_kod datatype="string">Riksdagsledamot</roll_kod>
<ordningsnummer datatype="int32">249</ordningsnummer>
<status datatype="string">Ledig</status>
<typ datatype="string">kammaruppdrag</typ>
<from datatype="datetime">2018-09-24</from>
<tom datatype="datetime">2019-01-21</tom>
<uppgift datatype="string">Annika Hirvonen Falk 2018-09-24 - 2019-01-21  Statsråd</uppgift>
<intressent_id datatype="string">0787584650516</intressent_id>
<hangar_id datatype="int32">3072812</hangar_id>
<sortering datatype="int32">10</sortering>
<organ_sortering datatype="int32">10</organ_sortering>
<uppdrag_rollsortering datatype="string">60</uppdrag_rollsortering>
<uppdrag_statussortering datatype="string">30</uppdrag_statussortering>
</uppdrag>
<uppdrag>
<organ_kod datatype="string">UbU</organ_kod>
<roll_kod datatype="string">Suppleant</roll_kod>
<ordningsnummer datatype="int32">27</ordningsnummer>
<status datatype="string"></status>
<typ datatype="string">uppdrag</typ>
<from datatype="datetime">2019-02-13</from>
<tom datatype="datetime">2019-06-18</tom>
<uppgift datatype="string">Utbildningsutskottet</uppgift>
<intressent_id datatype="string">0787584650516</intressent_id>
<hangar_id datatype="int32">3072812</hangar_id>
<sortering datatype="int32">50</sortering>
<organ_sortering datatype="int32">150</organ_sortering>
<uppdrag_rollsortering datatype="string">90</uppdrag_rollsortering>
<uppdrag_statussortering datatype="string">90</uppdrag_statussortering>
</uppdrag>
<uppdrag>
<organ_kod datatype="string">UU</organ_kod>
<roll_kod datatype="string">Ledamot</roll_kod>
<ordningsnummer datatype="int32">16</ordningsnummer>
<status datatype="string"></status>
<typ datatype="string">uppdrag</typ>
<from datatype="datetime">2019-01-23</from>
<tom datatype="datetime">2019-02-07</tom>
<uppgift datatype="string">Utrikesutskottet</uppgift>
<intressent_id datatype="string">0787584650516</intressent_id>
<hangar_id datatype="int32">3072812</hangar_id>
<sortering datatype="int32">30</sortering>
<organ_sortering datatype="int32">150</organ_sortering>
<uppdrag_rollsortering datatype="string">90</uppdrag_rollsortering>
<uppdrag_statussortering datatype="string">90</uppdrag_statussortering>
</uppdrag>
<uppdrag>
<organ_kod datatype="string">EUN</organ_kod>
<roll_kod datatype="string">Ledamot</roll_kod>
<ordningsnummer datatype="int32">16</ordningsnummer>
<status datatype="string"></status>
<typ datatype="string">uppdrag</typ>
<from datatype="datetime">2019-02-07</from>
<tom datatype="datetime">2019-06-18</tom>
<uppgift datatype="string">EU-nämnden</uppgift>
<intressent_id datatype="string">0787584650516</intressent_id>
<hangar_id datatype="int32">3072812</hangar_id>
<sortering datatype="int32">30</sortering>
<organ_sortering datatype="int32">170</organ_sortering>
<uppdrag_rollsortering datatype="string">90</uppdrag_rollsortering>
<uppdrag_statussortering datatype="string">90</uppdrag_statussortering>
</uppdrag>
</personuppdrag>
<personuppgift>
<uppgift>
<kod datatype="string">Officiell e-postadress</kod>
<uppgift datatype="string">alice.bah.kuhnke[på]riksdagen.se</uppgift>
<typ datatype="string">eadress</typ>
<intressent_id datatype="string">0787584650516</intressent_id>
<hangar_id datatype="int32">3072812</hangar_id>
</uppgift>
<uppgift>
<kod datatype="string">KandiderarINastaVal</kod>
<uppgift datatype="string">true</uppgift>
<typ datatype="string">val</typ>
<intressent_id datatype="string">0787584650516</intressent_id>
<hangar_id datatype="int32">3072812</hangar_id>
</uppgift>
</personuppgift>
</person>
