<?xml version="1.0" encoding="utf-8" ?>
<person>
<hangar_guid datatype="guid">0e75c523-ab2b-4a7c-b497-1060bc241896</hangar_guid>
<sourceid datatype="string">47705a06-b78d-469f-9ebe-8f7407607be6</sourceid>
<intressent_id datatype="string">0466653728712</intressent_id>
<hangar_id datatype="int32">5004026</hangar_id>
<fodd_ar datatype="int16">1970</fodd_ar>
<kon datatype="string">man</kon>
<efternamn datatype="string">Begic</efternamn>
<tilltalsnamn datatype="string">Denis</tilltalsnamn>
<sorteringsnamn datatype="string">Begic,Denis</sorteringsnamn>
<iort datatype="string"></iort>
<parti datatype="string">S</parti>
<valkrets datatype="string">Örebro län</valkrets>
<status datatype="string">Tjänstgörande riksdagsledamot</status>
<person_url_xml datatype="string">http://data.riksdagen.se/person/47705a06-b78d-469f-9ebe-8f7407607be6</person_url_xml>
<bild_url_80 datatype="string">http://data.riksdagen.se/filarkiv/bilder/ledamot/47705a06-b78d-469f-9ebe-8f7407607be6_80.jpg</bild_url_80>
<bild_url_192 datatype="string">http://data.riksdagen.se/filarkiv/bilder/ledamot/47705a06-b78d-469f-9ebe-8f7407607be6_192.jpg</bild_url_192>
<bild_url_max datatype="string">http://data.riksdagen.se/filarkiv/bilder/ledamot/47705a06-b78d-469f-9ebe-8f7407607be6_max.jpg</bild_url_max>
<personuppdrag>
<uppdrag>
<organ_kod datatype="string">kam</organ_kod>
<roll_kod datatype="string">Riksdagsledamot</roll_kod>
<ordningsnummer datatype="int32">342</ordningsnummer>
<status datatype="string">Tjänstgörande</status>
<typ datatype="string">kammaruppdrag</typ>
<from datatype="datetime">2018-09-24</from>
<tom datatype="datetime">2022-09-26</tom>
<uppgift datatype="string"></uppgift>
<intressent_id datatype="string">0466653728712</intressent_id>
<hangar_id datatype="int32">5004026</hangar_id>
<sortering datatype="int32">10</sortering>
<organ_sortering datatype="int32">10</organ_sortering>
<uppdrag_rollsortering datatype="string">60</uppdrag_rollsortering>
<uppdrag_statussortering datatype="string">10</uppdrag_statussortering>
</uppdrag>
<uppdrag>
<organ_kod datatype="string">CU</organ_kod>
<roll_kod datatype="string">Suppleant</roll_kod>
<ordningsnummer datatype="int32">13</ordningsnummer>
<status datatype="string"></status>
<typ datatype="string">uppdrag</typ>
<from datatype="datetime">2018-10-02</from>
<tom datatype="datetime">2022-09-26</tom>
<uppgift datatype="string">Civilutskottet</uppgift>
<intressent_id datatype="string">0466653728712</intressent_id>
<hangar_id datatype="int32">5004026</hangar_id>
<sortering datatype="int32">50</sortering>
<organ_sortering datatype="int32">150</organ_sortering>
<uppdrag_rollsortering datatype="string">90</uppdrag_rollsortering>
<uppdrag_statussortering datatype="string">90</uppdrag_statussortering>
</uppdrag>
<uppdrag>
<organ_kod datatype="string">TU</organ_kod>
<roll_kod datatype="string">Suppleant</roll_kod>
<ordningsnummer datatype="int32">1</ordningsnummer>
<status datatype="string"></status>
<typ datatype="string">uppdrag</typ>
<from datatype="datetime">2018-10-02</from>
<tom datatype="datetime">2022-09-26</tom>
<uppgift datatype="string">Trafikutskottet</uppgift>
<intressent_id datatype="string">0466653728712</intressent_id>
<hangar_id datatype="int32">5004026</hangar_id>
<sortering datatype="int32">50</sortering>
<organ_sortering datatype="int32">150</organ_sortering>
<uppdrag_rollsortering datatype="string">90</uppdrag_rollsortering>
<uppdrag_statussortering datatype="string">90</uppdrag_statussortering>
</uppdrag>
</personuppdrag>
<personuppgift>
<uppgift>
<kod datatype="string">Officiell e-postadress</kod>
<uppgift datatype="string">denis.begic[på]riksdagen.se</uppgift>
<typ datatype="string">eadress</typ>
<intressent_id datatype="string">0466653728712</intressent_id>
<hangar_id datatype="int32">5004026</hangar_id>
</uppgift>
<uppgift>
<kod datatype="string">Tjänstetelefon</kod>
<uppgift datatype="string">65712</uppgift>
<typ datatype="string">telefonnummer</typ>
<intressent_id datatype="string">0466653728712</intressent_id>
<hangar_id datatype="int32">5004026</hangar_id>
</uppgift>
<uppgift>
<kod datatype="string">sv</kod>
<uppgift datatype="string">Ombudsman.</uppgift>
<typ datatype="string">titlar</typ>
<intressent_id datatype="string">0466653728712</intressent_id>
<hangar_id datatype="int32">5004026</hangar_id>
</uppgift>
<uppgift>
<kod datatype="string">en</kod>
<uppgift datatype="string"></uppgift>
<typ datatype="string">titlar</typ>
<intressent_id datatype="string">0466653728712</intressent_id>
<hangar_id datatype="int32">5004026</hangar_id>
</uppgift>
</personuppgift>
</person>
