<?xml version="1.0" encoding="utf-8" ?>
<person>
<hangar_guid datatype="guid">f723b65e-90b1-415f-9ab8-4b5f3bf71e8a</hangar_guid>
<sourceid datatype="string">cc608c25-fcc1-4bdb-9354-4cd44532ff25</sourceid>
<intressent_id datatype="string">0513020576128</intressent_id>
<hangar_id datatype="int32">2369388</hangar_id>
<fodd_ar datatype="int16">1987</fodd_ar>
<kon datatype="string">man</kon>
<efternamn datatype="string">Bengtzboe</efternamn>
<tilltalsnamn datatype="string">Erik</tilltalsnamn>
<sorteringsnamn datatype="string">Bengtzboe,Erik</sorteringsnamn>
<iort datatype="string"></iort>
<parti datatype="string">M</parti>
<valkrets datatype="string">Södermanlands län</valkrets>
<status datatype="string">Avgången riksdagsledamot</status>
<person_url_xml datatype="string">http://data.riksdagen.se/person/cc608c25-fcc1-4bdb-9354-4cd44532ff25</person_url_xml>
<bild_url_80 datatype="string">http://data.riksdagen.se/filarkiv/bilder/ledamot/cc608c25-fcc1-4bdb-9354-4cd44532ff25_80.jpg</bild_url_80>
<bild_url_192 datatype="string">http://data.riksdagen.se/filarkiv/bilder/ledamot/cc608c25-fcc1-4bdb-9354-4cd44532ff25_192.jpg</bild_url_192>
<bild_url_max datatype="string">http://data.riksdagen.se/filarkiv/bilder/ledamot/cc608c25-fcc1-4bdb-9354-4cd44532ff25_max.jpg</bild_url_max>
<personuppdrag>
<uppdrag>
<organ_kod datatype="string">kam</organ_kod>
<roll_kod datatype="string">Riksdagsledamot</roll_kod>
<ordningsnummer datatype="int32">322</ordningsnummer>
<status datatype="string">Tjänstgörande</status>
<typ datatype="string">kammaruppdrag</typ>
<from datatype="datetime">2018-09-24</from>
<tom datatype="datetime">2019-04-26</tom>
<uppgift datatype="string"></uppgift>
<intressent_id datatype="string">0513020576128</intressent_id>
<hangar_id datatype="int32">2369388</hangar_id>
<sortering datatype="int32">10</sortering>
<organ_sortering datatype="int32">10</organ_sortering>
<uppdrag_rollsortering datatype="string">60</uppdrag_rollsortering>
<uppdrag_statussortering datatype="string">10</uppdrag_statussortering>
</uppdrag>
<uppdrag>
<organ_kod datatype="string">kam</organ_kod>
<roll_kod datatype="string">Riksdagsledamot</roll_kod>
<ordningsnummer datatype="int32">147</ordningsnummer>
<status datatype="string">Tjänstgörande</status>
<typ datatype="string">kammaruppdrag</typ>
<from datatype="datetime">2014-12-31</from>
<tom datatype="datetime">2018-09-24</tom>
<uppgift datatype="string"></uppgift>
<intressent_id datatype="string">0513020576128</intressent_id>
<hangar_id datatype="int32">2369388</hangar_id>
<sortering datatype="int32">10</sortering>
<organ_sortering datatype="int32">10</organ_sortering>
<uppdrag_rollsortering datatype="string">60</uppdrag_rollsortering>
<uppdrag_statussortering datatype="string">10</uppdrag_statussortering>
</uppdrag>
<uppdrag>
<organ_kod datatype="string">kam</organ_kod>
<roll_kod datatype="string">Statsrådsersättare</roll_kod>
<ordningsnummer datatype="int32">179</ordningsnummer>
<status datatype="string">Ersättare</status>
<typ datatype="string">kammaruppdrag</typ>
<from datatype="datetime">2014-09-29</from>
<tom datatype="datetime">2014-10-03</tom>
<uppgift datatype="string">Ulf Kristersson</uppgift>
<intressent_id datatype="string">0513020576128</intressent_id>
<hangar_id datatype="int32">2369388</hangar_id>
<sortering datatype="int32"></sortering>
<organ_sortering datatype="int32">10</organ_sortering>
<uppdrag_rollsortering datatype="string">60</uppdrag_rollsortering>
<uppdrag_statussortering datatype="string">20</uppdrag_statussortering>
</uppdrag>
<uppdrag>
<organ_kod datatype="string">kam</organ_kod>
<roll_kod datatype="string">Talmansersättare</roll_kod>
<ordningsnummer datatype="int32">214</ordningsnummer>
<status datatype="string">Ersättare</status>
<typ datatype="string">kammaruppdrag</typ>
<from datatype="datetime">2010-10-04</from>
<tom datatype="datetime">2011-01-20</tom>
<uppgift datatype="string">Per Westerberg</uppgift>
<intressent_id datatype="string">0513020576128</intressent_id>
<hangar_id datatype="int32">2369388</hangar_id>
<sortering datatype="int32"></sortering>
<organ_sortering datatype="int32">10</organ_sortering>
<uppdrag_rollsortering datatype="string">60</uppdrag_rollsortering>
<uppdrag_statussortering datatype="string">20</uppdrag_statussortering>
</uppdrag>
<uppdrag>
<organ_kod datatype="string">RJ</organ_kod>
<roll_kod datatype="string">Ledamot</roll_kod>
<ordningsnummer datatype="int32">5</ordningsnummer>
<status datatype="string"></status>
<typ datatype="string">Riksdagsorgan</typ>
<from datatype="datetime">2018-11-01</from>
<tom datatype="datetime">2019-04-26</tom>
<uppgift datatype="string">Styrelsen för Stiftelsen Riksbankens Jubileumsfond</uppgift>
<intressent_id datatype="string">0513020576128</intressent_id>
<hangar_id datatype="int32">2369388</hangar_id>
<sortering datatype="int32">30</sortering>
<organ_sortering datatype="int32">300</organ_sortering>
<uppdrag_rollsortering datatype="string">90</uppdrag_rollsortering>
<uppdrag_statussortering datatype="string">90</uppdrag_statussortering>
</uppdrag>
<uppdrag>
<organ_kod datatype="string">AU</organ_kod>
<roll_kod datatype="string">Andre vice ordförande</roll_kod>
<ordningsnummer datatype="int32">2</ordningsnummer>
<status datatype="string"></status>
<typ datatype="string">uppdrag</typ>
<from datatype="datetime">2019-03-05</from>
<tom datatype="datetime">2019-04-26</tom>
<uppgift datatype="string">Arbetsmarknadsutskottet</uppgift>
<intressent_id datatype="string">0513020576128</intressent_id>
<hangar_id datatype="int32">2369388</hangar_id>
<sortering datatype="int32">16</sortering>
<organ_sortering datatype="int32">150</organ_sortering>
<uppdrag_rollsortering datatype="string">90</uppdrag_rollsortering>
<uppdrag_statussortering datatype="string">90</uppdrag_statussortering>
</uppdrag>
<uppdrag>
<organ_kod datatype="string">AU</organ_kod>
<roll_kod datatype="string">Ledamot</roll_kod>
<ordningsnummer datatype="int32">2</ordningsnummer>
<status datatype="string"></status>
<typ datatype="string">uppdrag</typ>
<from datatype="datetime">2019-02-13</from>
<tom datatype="datetime">2019-03-05</tom>
<uppgift datatype="string">Arbetsmarknadsutskottet</uppgift>
<intressent_id datatype="string">0513020576128</intressent_id>
<hangar_id datatype="int32">2369388</hangar_id>
<sortering datatype="int32">30</sortering>
<organ_sortering datatype="int32">150</organ_sortering>
<uppdrag_rollsortering datatype="string">90</uppdrag_rollsortering>
<uppdrag_statussortering datatype="string">90</uppdrag_statussortering>
</uppdrag>
<uppdrag>
<organ_kod datatype="string">UbU</organ_kod>
<roll_kod datatype="string">Ledamot</roll_kod>
<ordningsnummer datatype="int32">2</ordningsnummer>
<status datatype="string"></status>
<typ datatype="string">uppdrag</typ>
<from datatype="datetime">2018-10-02</from>
<tom datatype="datetime">2019-02-13</tom>
<uppgift datatype="string">Utbildningsutskottet</uppgift>
<intressent_id datatype="string">0513020576128</intressent_id>
<hangar_id datatype="int32">2369388</hangar_id>
<sortering datatype="int32">30</sortering>
<organ_sortering datatype="int32">150</organ_sortering>
<uppdrag_rollsortering datatype="string">90</uppdrag_rollsortering>
<uppdrag_statussortering datatype="string">90</uppdrag_statussortering>
</uppdrag>
<uppdrag>
<organ_kod datatype="string">UbU</organ_kod>
<roll_kod datatype="string">Ledamot</roll_kod>
<ordningsnummer datatype="int32">2</ordningsnummer>
<status datatype="string"></status>
<typ datatype="string">uppdrag</typ>
<from datatype="datetime">2017-10-13</from>
<tom datatype="datetime">2018-09-24</tom>
<uppgift datatype="string">Utbildningsutskottet</uppgift>
<intressent_id datatype="string">0513020576128</intressent_id>
<hangar_id datatype="int32">2369388</hangar_id>
<sortering datatype="int32">30</sortering>
<organ_sortering datatype="int32">150</organ_sortering>
<uppdrag_rollsortering datatype="string">90</uppdrag_rollsortering>
<uppdrag_statussortering datatype="string">90</uppdrag_statussortering>
</uppdrag>
<uppdrag>
<organ_kod datatype="string">UbU</organ_kod>
<roll_kod datatype="string">Ledamot</roll_kod>
<ordningsnummer datatype="int32">11</ordningsnummer>
<status datatype="string"></status>
<typ datatype="string">uppdrag</typ>
<from datatype="datetime">2015-01-22</from>
<tom datatype="datetime">2017-10-13</tom>
<uppgift datatype="string">Utbildningsutskottet</uppgift>
<intressent_id datatype="string">0513020576128</intressent_id>
<hangar_id datatype="int32">2369388</hangar_id>
<sortering datatype="int32">30</sortering>
<organ_sortering datatype="int32">150</organ_sortering>
<uppdrag_rollsortering datatype="string">90</uppdrag_rollsortering>
<uppdrag_statussortering datatype="string">90</uppdrag_statussortering>
</uppdrag>
<uppdrag>
<organ_kod datatype="string">UbU</organ_kod>
<roll_kod datatype="string">Suppleant</roll_kod>
<ordningsnummer datatype="int32">1</ordningsnummer>
<status datatype="string"></status>
<typ datatype="string">uppdrag</typ>
<from datatype="datetime">2010-10-12</from>
<tom datatype="datetime">2011-01-20</tom>
<uppgift datatype="string">Utbildningsutskottet</uppgift>
<intressent_id datatype="string">0513020576128</intressent_id>
<hangar_id datatype="int32">2369388</hangar_id>
<sortering datatype="int32">50</sortering>
<organ_sortering datatype="int32">150</organ_sortering>
<uppdrag_rollsortering datatype="string">90</uppdrag_rollsortering>
<uppdrag_statussortering datatype="string">90</uppdrag_statussortering>
</uppdrag>
<uppdrag>
<organ_kod datatype="string">EUN</organ_kod>
<roll_kod datatype="string">Suppleant</roll_kod>
<ordningsnummer datatype="int32">32</ordningsnummer>
<status datatype="string"></status>
<typ datatype="string">uppdrag</typ>
<from datatype="datetime">2019-02-14</from>
<tom datatype="datetime">2019-04-26</tom>
<uppgift datatype="string">EU-nämnden</uppgift>
<intressent_id datatype="string">0513020576128</intressent_id>
<hangar_id datatype="int32">2369388</hangar_id>
<sortering datatype="int32">50</sortering>
<organ_sortering datatype="int32">170</organ_sortering>
<uppdrag_rollsortering datatype="string">90</uppdrag_rollsortering>
<uppdrag_statussortering datatype="string">90</uppdrag_statussortering>
</uppdrag>
<uppdrag>
<organ_kod datatype="string">EUN</organ_kod>
<roll_kod datatype="string">Suppleant</roll_kod>
<ordningsnummer datatype="int32">73</ordningsnummer>
<status datatype="string"></status>
<typ datatype="string">uppdrag</typ>
<from datatype="datetime">2018-11-27</from>
<tom datatype="datetime">2019-02-13</tom>
<uppgift datatype="string">EU-nämnden</uppgift>
<intressent_id datatype="string">0513020576128</intressent_id>
<hangar_id datatype="int32">2369388</hangar_id>
<sortering datatype="int32">50</sortering>
<organ_sortering datatype="int32">170</organ_sortering>
<uppdrag_rollsortering datatype="string">90</uppdrag_rollsortering>
<uppdrag_statussortering datatype="string">90</uppdrag_statussortering>
</uppdrag>
</personuppdrag>
<personuppgift>
<uppgift>
<kod datatype="string">KandiderarINastaVal</kod>
<uppgift datatype="string">true</uppgift>
<typ datatype="string">val</typ>
<intressent_id datatype="string">0513020576128</intressent_id>
<hangar_id datatype="int32">2369388</hangar_id>
</uppgift>
</personuppgift>
</person>
