<?xml version="1.0" encoding="utf-8" ?>
<person>
<hangar_guid datatype="guid">9fb5912f-173d-45f9-b3c2-e48a38eeeb68</hangar_guid>
<sourceid datatype="string">b1d9c80e-7955-41dd-9171-9763e65e7820</sourceid>
<intressent_id datatype="string">0393199907225</intressent_id>
<hangar_id datatype="int32">3057108</hangar_id>
<fodd_ar datatype="int16">1983</fodd_ar>
<kon datatype="string">kvinna</kon>
<efternamn datatype="string">Bengtsson</efternamn>
<tilltalsnamn datatype="string">Jenny</tilltalsnamn>
<sorteringsnamn datatype="string">Bengtsson,Jenny</sorteringsnamn>
<iort datatype="string"></iort>
<parti datatype="string">V</parti>
<valkrets datatype="string">Stockholms län</valkrets>
<status datatype="string">Tidigare ersättare</status>
<person_url_xml datatype="string">http://data.riksdagen.se/person/b1d9c80e-7955-41dd-9171-9763e65e7820</person_url_xml>
<bild_url_80 datatype="string">http://data.riksdagen.se/filarkiv/bilder/ledamot/b1d9c80e-7955-41dd-9171-9763e65e7820_80.jpg</bild_url_80>
<bild_url_192 datatype="string">http://data.riksdagen.se/filarkiv/bilder/ledamot/b1d9c80e-7955-41dd-9171-9763e65e7820_192.jpg</bild_url_192>
<bild_url_max datatype="string">http://data.riksdagen.se/filarkiv/bilder/ledamot/b1d9c80e-7955-41dd-9171-9763e65e7820_max.jpg</bild_url_max>
<personuppdrag>
<uppdrag>
<organ_kod datatype="string">kam</organ_kod>
<roll_kod datatype="string">Ersättare</roll_kod>
<ordningsnummer datatype="int32">210</ordningsnummer>
<status datatype="string">Ersättare</status>
<typ datatype="string">kammaruppdrag</typ>
<from datatype="datetime">2016-05-12</from>
<tom datatype="datetime">2016-07-27</tom>
<uppgift datatype="string">Ali Esbati</uppgift>
<intressent_id datatype="string">0393199907225</intressent_id>
<hangar_id datatype="int32">3057108</hangar_id>
<sortering datatype="int32">45</sortering>
<organ_sortering datatype="int32">10</organ_sortering>
<uppdrag_rollsortering datatype="string">60</uppdrag_rollsortering>
<uppdrag_statussortering datatype="string">20</uppdrag_statussortering>
</uppdrag>
<uppdrag>
<organ_kod datatype="string">AU</organ_kod>
<roll_kod datatype="string">Extra suppleant</roll_kod>
<ordningsnummer datatype="int32">0</ordningsnummer>
<status datatype="string"></status>
<typ datatype="string">uppdrag</typ>
<from datatype="datetime">2016-06-20</from>
<tom datatype="datetime">2016-07-27</tom>
<uppgift datatype="string">Arbetsmarknadsutskottet</uppgift>
<intressent_id datatype="string">0393199907225</intressent_id>
<hangar_id datatype="int32">3057108</hangar_id>
<sortering datatype="int32">55</sortering>
<organ_sortering datatype="int32">150</organ_sortering>
<uppdrag_rollsortering datatype="string">90</uppdrag_rollsortering>
<uppdrag_statussortering datatype="string">90</uppdrag_statussortering>
</uppdrag>
<uppdrag>
<organ_kod datatype="string">AU</organ_kod>
<roll_kod datatype="string">Extra suppleant</roll_kod>
<ordningsnummer datatype="int32">0</ordningsnummer>
<status datatype="string"></status>
<typ datatype="string">uppdrag</typ>
<from datatype="datetime">2016-05-13</from>
<tom datatype="datetime">2016-06-16</tom>
<uppgift datatype="string">Arbetsmarknadsutskottet</uppgift>
<intressent_id datatype="string">0393199907225</intressent_id>
<hangar_id datatype="int32">3057108</hangar_id>
<sortering datatype="int32">55</sortering>
<organ_sortering datatype="int32">150</organ_sortering>
<uppdrag_rollsortering datatype="string">90</uppdrag_rollsortering>
<uppdrag_statussortering datatype="string">90</uppdrag_statussortering>
</uppdrag>
<uppdrag>
<organ_kod datatype="string">KU</organ_kod>
<roll_kod datatype="string">Extra suppleant</roll_kod>
<ordningsnummer datatype="int32">0</ordningsnummer>
<status datatype="string"></status>
<typ datatype="string">uppdrag</typ>
<from datatype="datetime">2016-06-20</from>
<tom datatype="datetime">2016-07-27</tom>
<uppgift datatype="string">Konstitutionsutskottet</uppgift>
<intressent_id datatype="string">0393199907225</intressent_id>
<hangar_id datatype="int32">3057108</hangar_id>
<sortering datatype="int32">55</sortering>
<organ_sortering datatype="int32">150</organ_sortering>
<uppdrag_rollsortering datatype="string">90</uppdrag_rollsortering>
<uppdrag_statussortering datatype="string">90</uppdrag_statussortering>
</uppdrag>
<uppdrag>
<organ_kod datatype="string">KU</organ_kod>
<roll_kod datatype="string">Extra suppleant</roll_kod>
<ordningsnummer datatype="int32">0</ordningsnummer>
<status datatype="string"></status>
<typ datatype="string">uppdrag</typ>
<from datatype="datetime">2016-05-13</from>
<tom datatype="datetime">2016-06-16</tom>
<uppgift datatype="string">Konstitutionsutskottet</uppgift>
<intressent_id datatype="string">0393199907225</intressent_id>
<hangar_id datatype="int32">3057108</hangar_id>
<sortering datatype="int32">55</sortering>
<organ_sortering datatype="int32">150</organ_sortering>
<uppdrag_rollsortering datatype="string">90</uppdrag_rollsortering>
<uppdrag_statussortering datatype="string">90</uppdrag_statussortering>
</uppdrag>
<uppdrag>
<organ_kod datatype="string">UU</organ_kod>
<roll_kod datatype="string">Extra suppleant</roll_kod>
<ordningsnummer datatype="int32">0</ordningsnummer>
<status datatype="string"></status>
<typ datatype="string">uppdrag</typ>
<from datatype="datetime">2016-06-20</from>
<tom datatype="datetime">2016-07-27</tom>
<uppgift datatype="string">Utrikesutskottet</uppgift>
<intressent_id datatype="string">0393199907225</intressent_id>
<hangar_id datatype="int32">3057108</hangar_id>
<sortering datatype="int32">55</sortering>
<organ_sortering datatype="int32">150</organ_sortering>
<uppdrag_rollsortering datatype="string">90</uppdrag_rollsortering>
<uppdrag_statussortering datatype="string">90</uppdrag_statussortering>
</uppdrag>
<uppdrag>
<organ_kod datatype="string">UU</organ_kod>
<roll_kod datatype="string">Extra suppleant</roll_kod>
<ordningsnummer datatype="int32">0</ordningsnummer>
<status datatype="string"></status>
<typ datatype="string">uppdrag</typ>
<from datatype="datetime">2016-05-13</from>
<tom datatype="datetime">2016-06-16</tom>
<uppgift datatype="string">Utrikesutskottet</uppgift>
<intressent_id datatype="string">0393199907225</intressent_id>
<hangar_id datatype="int32">3057108</hangar_id>
<sortering datatype="int32">55</sortering>
<organ_sortering datatype="int32">150</organ_sortering>
<uppdrag_rollsortering datatype="string">90</uppdrag_rollsortering>
<uppdrag_statussortering datatype="string">90</uppdrag_statussortering>
</uppdrag>
</personuppdrag>
<personuppgift>
<uppgift>
<kod datatype="string">Officiell e-postadress</kod>
<uppgift datatype="string">jenny.bengtsson[på]riksdagen.se</uppgift>
<typ datatype="string">eadress</typ>
<intressent_id datatype="string">0393199907225</intressent_id>
<hangar_id datatype="int32">3057108</hangar_id>
</uppgift>
</personuppgift>
</person>
