<?xml version="1.0" encoding="utf-8" ?>
<person>
<hangar_guid datatype="guid">63bab4ff-d4c7-4d5a-bb5e-6255c8fae1a6</hangar_guid>
<sourceid datatype="string">0e49f839-549c-457e-9805-4af59f2d56f2</sourceid>
<intressent_id datatype="string">0918472842401</intressent_id>
<hangar_id datatype="int32">2342236</hangar_id>
<fodd_ar datatype="int16">1943</fodd_ar>
<kon datatype="string">kvinna</kon>
<efternamn datatype="string">Bengtsson</efternamn>
<tilltalsnamn datatype="string">Marita</tilltalsnamn>
<sorteringsnamn datatype="string">Bengtsson,Marita</sorteringsnamn>
<iort datatype="string"></iort>
<parti datatype="string">S</parti>
<valkrets datatype="string"></valkrets>
<status datatype="string">Tidigare riksdagsledamot</status>
<person_url_xml datatype="string">http://data.riksdagen.se/person/0e49f839-549c-457e-9805-4af59f2d56f2</person_url_xml>
<bild_url_80 datatype="string">http://data.riksdagen.se/filarkiv/bilder/ledamot/0e49f839-549c-457e-9805-4af59f2d56f2_80.jpg</bild_url_80>
<bild_url_192 datatype="string">http://data.riksdagen.se/filarkiv/bilder/ledamot/0e49f839-549c-457e-9805-4af59f2d56f2_192.jpg</bild_url_192>
<bild_url_max datatype="string">http://data.riksdagen.se/filarkiv/bilder/ledamot/0e49f839-549c-457e-9805-4af59f2d56f2_max.jpg</bild_url_max>
<personuppdrag>
<uppdrag>
<organ_kod datatype="string">kam</organ_kod>
<roll_kod datatype="string">Riksdagsledamot</roll_kod>
<ordningsnummer datatype="int32">0</ordningsnummer>
<status datatype="string">Tjänstgörande</status>
<typ datatype="string">kammaruppdrag</typ>
<from datatype="datetime">1985-09-30</from>
<tom datatype="datetime">1988-10-03</tom>
<uppgift datatype="string"></uppgift>
<intressent_id datatype="string">0918472842401</intressent_id>
<hangar_id datatype="int32">2342236</hangar_id>
<sortering datatype="int32">10</sortering>
<organ_sortering datatype="int32">10</organ_sortering>
<uppdrag_rollsortering datatype="string">60</uppdrag_rollsortering>
<uppdrag_statussortering datatype="string">10</uppdrag_statussortering>
</uppdrag>
<uppdrag>
<organ_kod datatype="string">FiU</organ_kod>
<roll_kod datatype="string">Suppleant</roll_kod>
<ordningsnummer datatype="int32">0</ordningsnummer>
<status datatype="string"></status>
<typ datatype="string">uppdrag</typ>
<from datatype="datetime">1988-10-11</from>
<tom datatype="datetime">1989-03-06</tom>
<uppgift datatype="string">Finansutskottet</uppgift>
<intressent_id datatype="string">0918472842401</intressent_id>
<hangar_id datatype="int32">2342236</hangar_id>
<sortering datatype="int32">50</sortering>
<organ_sortering datatype="int32">150</organ_sortering>
<uppdrag_rollsortering datatype="string">90</uppdrag_rollsortering>
<uppdrag_statussortering datatype="string">90</uppdrag_statussortering>
</uppdrag>
</personuppdrag>
<personuppgift>
<uppgift>
<kod datatype="string">sv</kod>
<uppgift datatype="string">inspektör</uppgift>
<typ datatype="string">titlar</typ>
<intressent_id datatype="string">0918472842401</intressent_id>
<hangar_id datatype="int32">2342236</hangar_id>
</uppgift>
<uppgift>
<kod datatype="string">en</kod>
<uppgift datatype="string"></uppgift>
<typ datatype="string">titlar</typ>
<intressent_id datatype="string">0918472842401</intressent_id>
<hangar_id datatype="int32">2342236</hangar_id>
</uppgift>
</personuppgift>
</person>
