<?xml version="1.0" encoding="utf-8" ?>
<person>
<hangar_guid datatype="guid">d621fb34-f137-487d-8226-0f9c4ea8b80d</hangar_guid>
<sourceid datatype="string">03ef25cd-d2cd-4e0d-836d-e4628bdc909f</sourceid>
<intressent_id datatype="string">0732626552000</intressent_id>
<hangar_id datatype="int32">2341730</hangar_id>
<fodd_ar datatype="int16">1928</fodd_ar>
<kon datatype="string">kvinna</kon>
<efternamn datatype="string">Bengtsson</efternamn>
<tilltalsnamn datatype="string">Eva</tilltalsnamn>
<sorteringsnamn datatype="string">Bengtsson,Eva</sorteringsnamn>
<iort datatype="string"></iort>
<parti datatype="string">MP</parti>
<valkrets datatype="string"></valkrets>
<status datatype="string">Status saknas</status>
<person_url_xml datatype="string">http://data.riksdagen.se/person/03ef25cd-d2cd-4e0d-836d-e4628bdc909f</person_url_xml>
<bild_url_80 datatype="string">http://data.riksdagen.se/filarkiv/bilder/ledamot/03ef25cd-d2cd-4e0d-836d-e4628bdc909f_80.jpg</bild_url_80>
<bild_url_192 datatype="string">http://data.riksdagen.se/filarkiv/bilder/ledamot/03ef25cd-d2cd-4e0d-836d-e4628bdc909f_192.jpg</bild_url_192>
<bild_url_max datatype="string">http://data.riksdagen.se/filarkiv/bilder/ledamot/03ef25cd-d2cd-4e0d-836d-e4628bdc909f_max.jpg</bild_url_max>
<personuppdrag>
<uppdrag>
<organ_kod datatype="string">KU</organ_kod>
<roll_kod datatype="string">Suppleant</roll_kod>
<ordningsnummer datatype="int32">0</ordningsnummer>
<status datatype="string"></status>
<typ datatype="string">uppdrag</typ>
<from datatype="datetime">1991-05-15</from>
<tom datatype="datetime">1991-06-15</tom>
<uppgift datatype="string">Konstitutionsutskottet</uppgift>
<intressent_id datatype="string">0732626552000</intressent_id>
<hangar_id datatype="int32">2341730</hangar_id>
<sortering datatype="int32">50</sortering>
<organ_sortering datatype="int32">150</organ_sortering>
<uppdrag_rollsortering datatype="string">90</uppdrag_rollsortering>
<uppdrag_statussortering datatype="string">90</uppdrag_statussortering>
</uppdrag>
<uppdrag>
<organ_kod datatype="string">UbU</organ_kod>
<roll_kod datatype="string">Suppleant</roll_kod>
<ordningsnummer datatype="int32">0</ordningsnummer>
<status datatype="string"></status>
<typ datatype="string">uppdrag</typ>
<from datatype="datetime">1991-05-15</from>
<tom datatype="datetime">1991-06-15</tom>
<uppgift datatype="string">Utbildningsutskottet</uppgift>
<intressent_id datatype="string">0732626552000</intressent_id>
<hangar_id datatype="int32">2341730</hangar_id>
<sortering datatype="int32">50</sortering>
<organ_sortering datatype="int32">150</organ_sortering>
<uppdrag_rollsortering datatype="string">90</uppdrag_rollsortering>
<uppdrag_statussortering datatype="string">90</uppdrag_statussortering>
</uppdrag>
</personuppdrag>
<personuppgift>
<uppgift>
<kod datatype="string">sv</kod>
<uppgift datatype="string">fru</uppgift>
<typ datatype="string">titlar</typ>
<intressent_id datatype="string">0732626552000</intressent_id>
<hangar_id datatype="int32">2341730</hangar_id>
</uppgift>
<uppgift>
<kod datatype="string">en</kod>
<uppgift datatype="string"></uppgift>
<typ datatype="string">titlar</typ>
<intressent_id datatype="string">0732626552000</intressent_id>
<hangar_id datatype="int32">2341730</hangar_id>
</uppgift>
</personuppgift>
</person>
