<?xml version="1.0" encoding="utf-8" ?>
<person>
<hangar_guid datatype="guid">4b651af9-a1f1-4d5a-8918-15537a2aa745</hangar_guid>
<sourceid datatype="string">287c5900-cfb3-45c9-8a2c-19f57be0dbe7</sourceid>
<intressent_id datatype="string">033722755191</intressent_id>
<hangar_id datatype="int32">2341632</hangar_id>
<fodd_ar datatype="int16">1919</fodd_ar>
<kon datatype="string">man</kon>
<efternamn datatype="string">Bengtsson</efternamn>
<tilltalsnamn datatype="string">Ingemund</tilltalsnamn>
<sorteringsnamn datatype="string">Bengtsson,Ingemund</sorteringsnamn>
<iort datatype="string"></iort>
<parti datatype="string">S</parti>
<valkrets datatype="string"></valkrets>
<status datatype="string">Avliden  2000-04-13</status>
<person_url_xml datatype="string">http://data.riksdagen.se/person/287c5900-cfb3-45c9-8a2c-19f57be0dbe7</person_url_xml>
<bild_url_80 datatype="string">http://data.riksdagen.se/filarkiv/bilder/ledamot/287c5900-cfb3-45c9-8a2c-19f57be0dbe7_80.jpg</bild_url_80>
<bild_url_192 datatype="string">http://data.riksdagen.se/filarkiv/bilder/ledamot/287c5900-cfb3-45c9-8a2c-19f57be0dbe7_192.jpg</bild_url_192>
<bild_url_max datatype="string">http://data.riksdagen.se/filarkiv/bilder/ledamot/287c5900-cfb3-45c9-8a2c-19f57be0dbe7_max.jpg</bild_url_max>
<personuppdrag>
<uppdrag>
<organ_kod datatype="string">kam</organ_kod>
<roll_kod datatype="string">Riksdagsledamot</roll_kod>
<ordningsnummer datatype="int32">0</ordningsnummer>
<status datatype="string">Ledig</status>
<typ datatype="string">kammaruppdrag</typ>
<from datatype="datetime">1985-09-30</from>
<tom datatype="datetime">1988-10-03</tom>
<uppgift datatype="string">Talman</uppgift>
<intressent_id datatype="string">033722755191</intressent_id>
<hangar_id datatype="int32">2341632</hangar_id>
<sortering datatype="int32">10</sortering>
<organ_sortering datatype="int32">10</organ_sortering>
<uppdrag_rollsortering datatype="string">60</uppdrag_rollsortering>
<uppdrag_statussortering datatype="string">30</uppdrag_statussortering>
</uppdrag>
<uppdrag>
<organ_kod datatype="string">kam</organ_kod>
<roll_kod datatype="string">Riksdagsledamot</roll_kod>
<ordningsnummer datatype="int32">0</ordningsnummer>
<status datatype="string">Ledig</status>
<typ datatype="string">kammaruppdrag</typ>
<from datatype="datetime">1982-10-04</from>
<tom datatype="datetime">1985-09-30</tom>
<uppgift datatype="string">Talman</uppgift>
<intressent_id datatype="string">033722755191</intressent_id>
<hangar_id datatype="int32">2341632</hangar_id>
<sortering datatype="int32">10</sortering>
<organ_sortering datatype="int32">10</organ_sortering>
<uppdrag_rollsortering datatype="string">60</uppdrag_rollsortering>
<uppdrag_statussortering datatype="string">30</uppdrag_statussortering>
</uppdrag>
<uppdrag>
<organ_kod datatype="string">kam</organ_kod>
<roll_kod datatype="string">Riksdagsledamot</roll_kod>
<ordningsnummer datatype="int32">0</ordningsnummer>
<status datatype="string">Ledig</status>
<typ datatype="string">kammaruppdrag</typ>
<from datatype="datetime">1979-10-01</from>
<tom datatype="datetime">1982-10-04</tom>
<uppgift datatype="string">Talman</uppgift>
<intressent_id datatype="string">033722755191</intressent_id>
<hangar_id datatype="int32">2341632</hangar_id>
<sortering datatype="int32">10</sortering>
<organ_sortering datatype="int32">10</organ_sortering>
<uppdrag_rollsortering datatype="string">60</uppdrag_rollsortering>
<uppdrag_statussortering datatype="string">30</uppdrag_statussortering>
</uppdrag>
<uppdrag>
<organ_kod datatype="string">kam</organ_kod>
<roll_kod datatype="string">Riksdagsledamot</roll_kod>
<ordningsnummer datatype="int32">0</ordningsnummer>
<status datatype="string">Tjänstgörande</status>
<typ datatype="string">kammaruppdrag</typ>
<from datatype="datetime">1976-10-04</from>
<tom datatype="datetime">1979-10-01</tom>
<uppgift datatype="string"></uppgift>
<intressent_id datatype="string">033722755191</intressent_id>
<hangar_id datatype="int32">2341632</hangar_id>
<sortering datatype="int32">10</sortering>
<organ_sortering datatype="int32">10</organ_sortering>
<uppdrag_rollsortering datatype="string">60</uppdrag_rollsortering>
<uppdrag_statussortering datatype="string">10</uppdrag_statussortering>
</uppdrag>
<uppdrag>
<organ_kod datatype="string">kam</organ_kod>
<roll_kod datatype="string">Talman</roll_kod>
<ordningsnummer datatype="int32">10</ordningsnummer>
<status datatype="string"></status>
<typ datatype="string">talmansuppdrag</typ>
<from datatype="datetime">1985-09-30</from>
<tom datatype="datetime">1988-10-03</tom>
<uppgift datatype="string"></uppgift>
<intressent_id datatype="string">033722755191</intressent_id>
<hangar_id datatype="int32">2341632</hangar_id>
<sortering datatype="int32">5</sortering>
<organ_sortering datatype="int32">10</organ_sortering>
<uppdrag_rollsortering datatype="string">10</uppdrag_rollsortering>
<uppdrag_statussortering datatype="string">90</uppdrag_statussortering>
</uppdrag>
<uppdrag>
<organ_kod datatype="string">kam</organ_kod>
<roll_kod datatype="string">Talman</roll_kod>
<ordningsnummer datatype="int32">10</ordningsnummer>
<status datatype="string"></status>
<typ datatype="string">talmansuppdrag</typ>
<from datatype="datetime">1982-10-04</from>
<tom datatype="datetime">1985-09-30</tom>
<uppgift datatype="string"></uppgift>
<intressent_id datatype="string">033722755191</intressent_id>
<hangar_id datatype="int32">2341632</hangar_id>
<sortering datatype="int32">5</sortering>
<organ_sortering datatype="int32">10</organ_sortering>
<uppdrag_rollsortering datatype="string">10</uppdrag_rollsortering>
<uppdrag_statussortering datatype="string">90</uppdrag_statussortering>
</uppdrag>
<uppdrag>
<organ_kod datatype="string">kam</organ_kod>
<roll_kod datatype="string">Talman</roll_kod>
<ordningsnummer datatype="int32">10</ordningsnummer>
<status datatype="string"></status>
<typ datatype="string">talmansuppdrag</typ>
<from datatype="datetime">1979-10-01</from>
<tom datatype="datetime">1982-10-04</tom>
<uppgift datatype="string"></uppgift>
<intressent_id datatype="string">033722755191</intressent_id>
<hangar_id datatype="int32">2341632</hangar_id>
<sortering datatype="int32">5</sortering>
<organ_sortering datatype="int32">10</organ_sortering>
<uppdrag_rollsortering datatype="string">10</uppdrag_rollsortering>
<uppdrag_statussortering datatype="string">90</uppdrag_statussortering>
</uppdrag>
</personuppdrag>
<personuppgift>
</personuppgift>
</person>
