<?xml version="1.0" encoding="utf-8" ?>
<person>
<hangar_guid datatype="guid">1472e88e-3210-4d10-b77b-4bb5f021351f</hangar_guid>
<sourceid datatype="string">b1c88985-78ba-427f-9c4d-63b7c34f243e</sourceid>
<intressent_id datatype="string">0602796111612</intressent_id>
<hangar_id datatype="int32">2342782</hangar_id>
<fodd_ar datatype="int16">1953</fodd_ar>
<kon datatype="string">kvinna</kon>
<efternamn datatype="string">Berg</efternamn>
<tilltalsnamn datatype="string">Heli</tilltalsnamn>
<sorteringsnamn datatype="string">Berg,Heli</sorteringsnamn>
<iort datatype="string"></iort>
<parti datatype="string">FP</parti>
<valkrets datatype="string">Blekinge län</valkrets>
<status datatype="string">Tidigare riksdagsledamot</status>
<person_url_xml datatype="string">http://data.riksdagen.se/person/b1c88985-78ba-427f-9c4d-63b7c34f243e</person_url_xml>
<bild_url_80 datatype="string">http://data.riksdagen.se/filarkiv/bilder/ledamot/b1c88985-78ba-427f-9c4d-63b7c34f243e_80.jpg</bild_url_80>
<bild_url_192 datatype="string">http://data.riksdagen.se/filarkiv/bilder/ledamot/b1c88985-78ba-427f-9c4d-63b7c34f243e_192.jpg</bild_url_192>
<bild_url_max datatype="string">http://data.riksdagen.se/filarkiv/bilder/ledamot/b1c88985-78ba-427f-9c4d-63b7c34f243e_max.jpg</bild_url_max>
<personuppdrag>
<uppdrag>
<organ_kod datatype="string">kam</organ_kod>
<roll_kod datatype="string">Riksdagsledamot</roll_kod>
<ordningsnummer datatype="int32">144</ordningsnummer>
<status datatype="string">Tjänstgörande</status>
<typ datatype="string">kammaruppdrag</typ>
<from datatype="datetime">2002-09-30</from>
<tom datatype="datetime">2006-10-02</tom>
<uppgift datatype="string"></uppgift>
<intressent_id datatype="string">0602796111612</intressent_id>
<hangar_id datatype="int32">2342782</hangar_id>
<sortering datatype="int32">10</sortering>
<organ_sortering datatype="int32">10</organ_sortering>
<uppdrag_rollsortering datatype="string">60</uppdrag_rollsortering>
<uppdrag_statussortering datatype="string">10</uppdrag_statussortering>
</uppdrag>
<uppdrag>
<organ_kod datatype="string">NR</organ_kod>
<roll_kod datatype="string">Ledamot</roll_kod>
<ordningsnummer datatype="int32">0</ordningsnummer>
<status datatype="string"></status>
<typ datatype="string">Riksdagsorgan</typ>
<from datatype="datetime">2002-10-15</from>
<tom datatype="datetime">2006-10-02</tom>
<uppgift datatype="string">Nordiska rådets svenska delegation</uppgift>
<intressent_id datatype="string">0602796111612</intressent_id>
<hangar_id datatype="int32">2342782</hangar_id>
<sortering datatype="int32">30</sortering>
<organ_sortering datatype="int32">300</organ_sortering>
<uppdrag_rollsortering datatype="string">90</uppdrag_rollsortering>
<uppdrag_statussortering datatype="string">90</uppdrag_statussortering>
</uppdrag>
<uppdrag>
<organ_kod datatype="string">FöU</organ_kod>
<roll_kod datatype="string">Ledamot</roll_kod>
<ordningsnummer datatype="int32">0</ordningsnummer>
<status datatype="string"></status>
<typ datatype="string">uppdrag</typ>
<from datatype="datetime">2002-10-08</from>
<tom datatype="datetime">2006-10-02</tom>
<uppgift datatype="string">Försvarsutskottet</uppgift>
<intressent_id datatype="string">0602796111612</intressent_id>
<hangar_id datatype="int32">2342782</hangar_id>
<sortering datatype="int32">30</sortering>
<organ_sortering datatype="int32">150</organ_sortering>
<uppdrag_rollsortering datatype="string">90</uppdrag_rollsortering>
<uppdrag_statussortering datatype="string">90</uppdrag_statussortering>
</uppdrag>
<uppdrag>
<organ_kod datatype="string">MJU</organ_kod>
<roll_kod datatype="string">Suppleant</roll_kod>
<ordningsnummer datatype="int32">0</ordningsnummer>
<status datatype="string"></status>
<typ datatype="string">uppdrag</typ>
<from datatype="datetime">2002-10-15</from>
<tom datatype="datetime">2006-10-02</tom>
<uppgift datatype="string">Miljö- och jordbruksutskottet</uppgift>
<intressent_id datatype="string">0602796111612</intressent_id>
<hangar_id datatype="int32">2342782</hangar_id>
<sortering datatype="int32">50</sortering>
<organ_sortering datatype="int32">150</organ_sortering>
<uppdrag_rollsortering datatype="string">90</uppdrag_rollsortering>
<uppdrag_statussortering datatype="string">90</uppdrag_statussortering>
</uppdrag>
<uppdrag>
<organ_kod datatype="string">UFöU</organ_kod>
<roll_kod datatype="string">Deputerad</roll_kod>
<ordningsnummer datatype="int32">0</ordningsnummer>
<status datatype="string"></status>
<typ datatype="string">uppdrag</typ>
<from datatype="datetime">2006-05-18</from>
<tom datatype="datetime">2006-06-14</tom>
<uppgift datatype="string">Sammansatta utrikes- och försvarsutskottet</uppgift>
<intressent_id datatype="string">0602796111612</intressent_id>
<hangar_id datatype="int32">2342782</hangar_id>
<sortering datatype="int32">40</sortering>
<organ_sortering datatype="int32">160</organ_sortering>
<uppdrag_rollsortering datatype="string">90</uppdrag_rollsortering>
<uppdrag_statussortering datatype="string">90</uppdrag_statussortering>
</uppdrag>
<uppdrag>
<organ_kod datatype="string">UFöU</organ_kod>
<roll_kod datatype="string">Suppleant</roll_kod>
<ordningsnummer datatype="int32">0</ordningsnummer>
<status datatype="string"></status>
<typ datatype="string">uppdrag</typ>
<from datatype="datetime">2005-11-22</from>
<tom datatype="datetime">2005-12-07</tom>
<uppgift datatype="string">Sammansatta utrikes- och försvarsutskottet</uppgift>
<intressent_id datatype="string">0602796111612</intressent_id>
<hangar_id datatype="int32">2342782</hangar_id>
<sortering datatype="int32">50</sortering>
<organ_sortering datatype="int32">160</organ_sortering>
<uppdrag_rollsortering datatype="string">90</uppdrag_rollsortering>
<uppdrag_statussortering datatype="string">90</uppdrag_statussortering>
</uppdrag>
<uppdrag>
<organ_kod datatype="string">UFöU</organ_kod>
<roll_kod datatype="string">Suppleant</roll_kod>
<ordningsnummer datatype="int32">0</ordningsnummer>
<status datatype="string"></status>
<typ datatype="string">uppdrag</typ>
<from datatype="datetime">2004-10-19</from>
<tom datatype="datetime">2004-12-15</tom>
<uppgift datatype="string">Sammansatta utrikes- och försvarsutskottet</uppgift>
<intressent_id datatype="string">0602796111612</intressent_id>
<hangar_id datatype="int32">2342782</hangar_id>
<sortering datatype="int32">50</sortering>
<organ_sortering datatype="int32">160</organ_sortering>
<uppdrag_rollsortering datatype="string">90</uppdrag_rollsortering>
<uppdrag_statussortering datatype="string">90</uppdrag_statussortering>
</uppdrag>
<uppdrag>
<organ_kod datatype="string">UFöU</organ_kod>
<roll_kod datatype="string">Suppleant</roll_kod>
<ordningsnummer datatype="int32">0</ordningsnummer>
<status datatype="string"></status>
<typ datatype="string">uppdrag</typ>
<from datatype="datetime">2004-05-11</from>
<tom datatype="datetime">2004-05-26</tom>
<uppgift datatype="string">Sammansatta utrikes- och försvarsutskottet</uppgift>
<intressent_id datatype="string">0602796111612</intressent_id>
<hangar_id datatype="int32">2342782</hangar_id>
<sortering datatype="int32">50</sortering>
<organ_sortering datatype="int32">160</organ_sortering>
<uppdrag_rollsortering datatype="string">90</uppdrag_rollsortering>
<uppdrag_statussortering datatype="string">90</uppdrag_statussortering>
</uppdrag>
<uppdrag>
<organ_kod datatype="string">UFöU</organ_kod>
<roll_kod datatype="string">Suppleant</roll_kod>
<ordningsnummer datatype="int32">0</ordningsnummer>
<status datatype="string"></status>
<typ datatype="string">uppdrag</typ>
<from datatype="datetime">2004-02-05</from>
<tom datatype="datetime">2004-02-18</tom>
<uppgift datatype="string">Sammansatta utrikes- och försvarsutskottet</uppgift>
<intressent_id datatype="string">0602796111612</intressent_id>
<hangar_id datatype="int32">2342782</hangar_id>
<sortering datatype="int32">50</sortering>
<organ_sortering datatype="int32">160</organ_sortering>
<uppdrag_rollsortering datatype="string">90</uppdrag_rollsortering>
<uppdrag_statussortering datatype="string">90</uppdrag_statussortering>
</uppdrag>
<uppdrag>
<organ_kod datatype="string">UFöU</organ_kod>
<roll_kod datatype="string">Suppleant</roll_kod>
<ordningsnummer datatype="int32">0</ordningsnummer>
<status datatype="string"></status>
<typ datatype="string">uppdrag</typ>
<from datatype="datetime">2003-06-11</from>
<tom datatype="datetime">2003-06-12</tom>
<uppgift datatype="string">Sammansatta utrikes- och försvarsutskottet</uppgift>
<intressent_id datatype="string">0602796111612</intressent_id>
<hangar_id datatype="int32">2342782</hangar_id>
<sortering datatype="int32">50</sortering>
<organ_sortering datatype="int32">160</organ_sortering>
<uppdrag_rollsortering datatype="string">90</uppdrag_rollsortering>
<uppdrag_statussortering datatype="string">90</uppdrag_statussortering>
</uppdrag>
<uppdrag>
<organ_kod datatype="string">UFöU</organ_kod>
<roll_kod datatype="string">Suppleant</roll_kod>
<ordningsnummer datatype="int32">0</ordningsnummer>
<status datatype="string"></status>
<typ datatype="string">uppdrag</typ>
<from datatype="datetime">2002-12-03</from>
<tom datatype="datetime">2002-12-18</tom>
<uppgift datatype="string">Sammansatta utrikes- och försvarsutskottet</uppgift>
<intressent_id datatype="string">0602796111612</intressent_id>
<hangar_id datatype="int32">2342782</hangar_id>
<sortering datatype="int32">50</sortering>
<organ_sortering datatype="int32">160</organ_sortering>
<uppdrag_rollsortering datatype="string">90</uppdrag_rollsortering>
<uppdrag_statussortering datatype="string">90</uppdrag_statussortering>
</uppdrag>
</personuppdrag>
<personuppgift>
<uppgift>
<kod datatype="string">sv</kod>
<uppgift datatype="string">konsthantverkare</uppgift>
<typ datatype="string">titlar</typ>
<intressent_id datatype="string">0602796111612</intressent_id>
<hangar_id datatype="int32">2342782</hangar_id>
</uppgift>
<uppgift>
<kod datatype="string">en</kod>
<uppgift datatype="string">Craftswoman</uppgift>
<typ datatype="string">titlar</typ>
<intressent_id datatype="string">0602796111612</intressent_id>
<hangar_id datatype="int32">2342782</hangar_id>
</uppgift>
</personuppgift>
</person>
