<?xml version="1.0" encoding="utf-8" ?>
<person>
<hangar_guid datatype="guid">dc68e08f-2a7b-4258-a97a-84aabbb0dc79</hangar_guid>
<sourceid datatype="string">67189dbf-2086-4809-8a3f-0f36e3da5292</sourceid>
<intressent_id datatype="string">0185680273604</intressent_id>
<hangar_id datatype="int32">2341944</hangar_id>
<fodd_ar datatype="int16">1937</fodd_ar>
<kon datatype="string">man</kon>
<efternamn datatype="string">Bergbäck</efternamn>
<tilltalsnamn datatype="string">Åke</tilltalsnamn>
<sorteringsnamn datatype="string">Bergbäck,Åke</sorteringsnamn>
<iort datatype="string"></iort>
<parti datatype="string">FP</parti>
<valkrets datatype="string">Norrbottens län</valkrets>
<status datatype="string">Tidigare ersättare</status>
<person_url_xml datatype="string">http://data.riksdagen.se/person/67189dbf-2086-4809-8a3f-0f36e3da5292</person_url_xml>
<bild_url_80 datatype="string">http://data.riksdagen.se/filarkiv/bilder/ledamot/67189dbf-2086-4809-8a3f-0f36e3da5292_80.jpg</bild_url_80>
<bild_url_192 datatype="string">http://data.riksdagen.se/filarkiv/bilder/ledamot/67189dbf-2086-4809-8a3f-0f36e3da5292_192.jpg</bild_url_192>
<bild_url_max datatype="string">http://data.riksdagen.se/filarkiv/bilder/ledamot/67189dbf-2086-4809-8a3f-0f36e3da5292_max.jpg</bild_url_max>
<personuppdrag>
<uppdrag>
<organ_kod datatype="string">kam</organ_kod>
<roll_kod datatype="string">Ersättare</roll_kod>
<ordningsnummer datatype="int32">0</ordningsnummer>
<status datatype="string">Ersättare</status>
<typ datatype="string">kammaruppdrag</typ>
<from datatype="datetime">2005-10-01</from>
<tom datatype="datetime">2005-11-30</tom>
<uppgift datatype="string"></uppgift>
<intressent_id datatype="string">0185680273604</intressent_id>
<hangar_id datatype="int32">2341944</hangar_id>
<sortering datatype="int32">45</sortering>
<organ_sortering datatype="int32">10</organ_sortering>
<uppdrag_rollsortering datatype="string">60</uppdrag_rollsortering>
<uppdrag_statussortering datatype="string">20</uppdrag_statussortering>
</uppdrag>
<uppdrag>
<organ_kod datatype="string">kam</organ_kod>
<roll_kod datatype="string">Ersättare</roll_kod>
<ordningsnummer datatype="int32">0</ordningsnummer>
<status datatype="string">Ersättare</status>
<typ datatype="string">kammaruppdrag</typ>
<from datatype="datetime">2005-07-13</from>
<tom datatype="datetime">2005-08-31</tom>
<uppgift datatype="string"></uppgift>
<intressent_id datatype="string">0185680273604</intressent_id>
<hangar_id datatype="int32">2341944</hangar_id>
<sortering datatype="int32">45</sortering>
<organ_sortering datatype="int32">10</organ_sortering>
<uppdrag_rollsortering datatype="string">60</uppdrag_rollsortering>
<uppdrag_statussortering datatype="string">20</uppdrag_statussortering>
</uppdrag>
<uppdrag>
<organ_kod datatype="string">SkU</organ_kod>
<roll_kod datatype="string">Suppleant</roll_kod>
<ordningsnummer datatype="int32">0</ordningsnummer>
<status datatype="string"></status>
<typ datatype="string">uppdrag</typ>
<from datatype="datetime">2005-10-01</from>
<tom datatype="datetime">2005-11-30</tom>
<uppgift datatype="string">Skatteutskottet</uppgift>
<intressent_id datatype="string">0185680273604</intressent_id>
<hangar_id datatype="int32">2341944</hangar_id>
<sortering datatype="int32">50</sortering>
<organ_sortering datatype="int32">150</organ_sortering>
<uppdrag_rollsortering datatype="string">90</uppdrag_rollsortering>
<uppdrag_statussortering datatype="string">90</uppdrag_statussortering>
</uppdrag>
</personuppdrag>
<personuppgift>
</personuppgift>
</person>
