<?xml version="1.0" encoding="utf-8" ?>
<person>
<hangar_guid datatype="guid">43da5583-d54e-46bd-a932-03546b23465b</hangar_guid>
<sourceid datatype="string">7a3c3bff-401a-45da-9f1b-e92d4a5c2637</sourceid>
<intressent_id datatype="string">0606863154419</intressent_id>
<hangar_id datatype="int32">5020198</hangar_id>
<fodd_ar datatype="int16">1970</fodd_ar>
<kon datatype="string">man</kon>
<efternamn datatype="string">Berglund</efternamn>
<tilltalsnamn datatype="string">Mats</tilltalsnamn>
<sorteringsnamn datatype="string">Berglund,Mats</sorteringsnamn>
<iort datatype="string"></iort>
<parti datatype="string">MP</parti>
<valkrets datatype="string">Stockholms kommun</valkrets>
<status datatype="string">Tjänstgörande ersättare</status>
<person_url_xml datatype="string">http://data.riksdagen.se/person/7a3c3bff-401a-45da-9f1b-e92d4a5c2637</person_url_xml>
<bild_url_80 datatype="string">http://data.riksdagen.se/filarkiv/bilder/ledamot/7a3c3bff-401a-45da-9f1b-e92d4a5c2637_80.jpg</bild_url_80>
<bild_url_192 datatype="string">http://data.riksdagen.se/filarkiv/bilder/ledamot/7a3c3bff-401a-45da-9f1b-e92d4a5c2637_192.jpg</bild_url_192>
<bild_url_max datatype="string">http://data.riksdagen.se/filarkiv/bilder/ledamot/7a3c3bff-401a-45da-9f1b-e92d4a5c2637_max.jpg</bild_url_max>
<personuppdrag>
<uppdrag>
<organ_kod datatype="string">kam</organ_kod>
<roll_kod datatype="string">Ersättare</roll_kod>
<ordningsnummer datatype="int32">140</ordningsnummer>
<status datatype="string">Ersättare</status>
<typ datatype="string">kammaruppdrag</typ>
<from datatype="datetime">2019-01-23</from>
<tom datatype="datetime">2022-09-26</tom>
<uppgift datatype="string">Maria Ferm</uppgift>
<intressent_id datatype="string">0606863154419</intressent_id>
<hangar_id datatype="int32">5020198</hangar_id>
<sortering datatype="int32">45</sortering>
<organ_sortering datatype="int32">10</organ_sortering>
<uppdrag_rollsortering datatype="string">60</uppdrag_rollsortering>
<uppdrag_statussortering datatype="string">20</uppdrag_statussortering>
</uppdrag>
<uppdrag>
<organ_kod datatype="string">Systembolaget</organ_kod>
<roll_kod datatype="string">Revisorssuppleant</roll_kod>
<ordningsnummer datatype="int32">2</ordningsnummer>
<status datatype="string"></status>
<typ datatype="string">Riksdagsorgan</typ>
<from datatype="datetime">2019-02-14</from>
<tom datatype="datetime">2020-02-29</tom>
<uppgift datatype="string">Systembolaget AB</uppgift>
<intressent_id datatype="string">0606863154419</intressent_id>
<hangar_id datatype="int32">5020198</hangar_id>
<sortering datatype="int32"></sortering>
<organ_sortering datatype="int32"></organ_sortering>
<uppdrag_rollsortering datatype="string">90</uppdrag_rollsortering>
<uppdrag_statussortering datatype="string">90</uppdrag_statussortering>
</uppdrag>
<uppdrag>
<organ_kod datatype="string">KrU</organ_kod>
<roll_kod datatype="string">Suppleant</roll_kod>
<ordningsnummer datatype="int32">26</ordningsnummer>
<status datatype="string"></status>
<typ datatype="string">uppdrag</typ>
<from datatype="datetime">2019-02-07</from>
<tom datatype="datetime">2022-09-26</tom>
<uppgift datatype="string">Kulturutskottet</uppgift>
<intressent_id datatype="string">0606863154419</intressent_id>
<hangar_id datatype="int32">5020198</hangar_id>
<sortering datatype="int32">50</sortering>
<organ_sortering datatype="int32">150</organ_sortering>
<uppdrag_rollsortering datatype="string">90</uppdrag_rollsortering>
<uppdrag_statussortering datatype="string">90</uppdrag_statussortering>
</uppdrag>
<uppdrag>
<organ_kod datatype="string">SfU</organ_kod>
<roll_kod datatype="string">Ledamot</roll_kod>
<ordningsnummer datatype="int32">16</ordningsnummer>
<status datatype="string"></status>
<typ datatype="string">uppdrag</typ>
<from datatype="datetime">2019-01-23</from>
<tom datatype="datetime">2022-09-26</tom>
<uppgift datatype="string">Socialförsäkringsutskottet</uppgift>
<intressent_id datatype="string">0606863154419</intressent_id>
<hangar_id datatype="int32">5020198</hangar_id>
<sortering datatype="int32">30</sortering>
<organ_sortering datatype="int32">150</organ_sortering>
<uppdrag_rollsortering datatype="string">90</uppdrag_rollsortering>
<uppdrag_statussortering datatype="string">90</uppdrag_statussortering>
</uppdrag>
<uppdrag>
<organ_kod datatype="string">UbU</organ_kod>
<roll_kod datatype="string">Suppleant</roll_kod>
<ordningsnummer datatype="int32">22</ordningsnummer>
<status datatype="string"></status>
<typ datatype="string">uppdrag</typ>
<from datatype="datetime">2019-02-07</from>
<tom datatype="datetime">2022-09-26</tom>
<uppgift datatype="string">Utbildningsutskottet</uppgift>
<intressent_id datatype="string">0606863154419</intressent_id>
<hangar_id datatype="int32">5020198</hangar_id>
<sortering datatype="int32">50</sortering>
<organ_sortering datatype="int32">150</organ_sortering>
<uppdrag_rollsortering datatype="string">90</uppdrag_rollsortering>
<uppdrag_statussortering datatype="string">90</uppdrag_statussortering>
</uppdrag>
<uppdrag>
<organ_kod datatype="string">EUN</organ_kod>
<roll_kod datatype="string">Suppleant</roll_kod>
<ordningsnummer datatype="int32">90</ordningsnummer>
<status datatype="string"></status>
<typ datatype="string">uppdrag</typ>
<from datatype="datetime">2019-04-26</from>
<tom datatype="datetime">2022-09-26</tom>
<uppgift datatype="string">EU-nämnden</uppgift>
<intressent_id datatype="string">0606863154419</intressent_id>
<hangar_id datatype="int32">5020198</hangar_id>
<sortering datatype="int32">50</sortering>
<organ_sortering datatype="int32">170</organ_sortering>
<uppdrag_rollsortering datatype="string">90</uppdrag_rollsortering>
<uppdrag_statussortering datatype="string">90</uppdrag_statussortering>
</uppdrag>
</personuppdrag>
<personuppgift>
<uppgift>
<kod datatype="string">Officiell e-postadress</kod>
<uppgift datatype="string">mats.berglund[på]riksdagen.se</uppgift>
<typ datatype="string">eadress</typ>
<intressent_id datatype="string">0606863154419</intressent_id>
<hangar_id datatype="int32">5020198</hangar_id>
</uppgift>
<uppgift>
<kod datatype="string">sv</kod>
<uppgift datatype="string">Historiker, fil.dr.</uppgift>
<typ datatype="string">titlar</typ>
<intressent_id datatype="string">0606863154419</intressent_id>
<hangar_id datatype="int32">5020198</hangar_id>
</uppgift>
<uppgift>
<kod datatype="string">en</kod>
<uppgift datatype="string"></uppgift>
<typ datatype="string">titlar</typ>
<intressent_id datatype="string">0606863154419</intressent_id>
<hangar_id datatype="int32">5020198</hangar_id>
</uppgift>
</personuppgift>
</person>
