<?xml version="1.0" encoding="utf-8" ?>
<person>
<hangar_guid datatype="guid">2e81a8fb-e95c-4ce9-b1e6-b971105da475</hangar_guid>
<sourceid datatype="string">ff3ee0fd-ff3f-4e5a-8351-52c0e80f5d5d</sourceid>
<intressent_id datatype="string">0188653245302</intressent_id>
<hangar_id datatype="int32">2369362</hangar_id>
<fodd_ar datatype="int16">1946</fodd_ar>
<kon datatype="string">man</kon>
<efternamn datatype="string">Berg</efternamn>
<tilltalsnamn datatype="string">Bengt</tilltalsnamn>
<sorteringsnamn datatype="string">Berg,Bengt</sorteringsnamn>
<iort datatype="string"></iort>
<parti datatype="string">V</parti>
<valkrets datatype="string">Värmlands län</valkrets>
<status datatype="string">Tidigare riksdagsledamot</status>
<person_url_xml datatype="string">http://data.riksdagen.se/person/ff3ee0fd-ff3f-4e5a-8351-52c0e80f5d5d</person_url_xml>
<bild_url_80 datatype="string">http://data.riksdagen.se/filarkiv/bilder/ledamot/ff3ee0fd-ff3f-4e5a-8351-52c0e80f5d5d_80.jpg</bild_url_80>
<bild_url_192 datatype="string">http://data.riksdagen.se/filarkiv/bilder/ledamot/ff3ee0fd-ff3f-4e5a-8351-52c0e80f5d5d_192.jpg</bild_url_192>
<bild_url_max datatype="string">http://data.riksdagen.se/filarkiv/bilder/ledamot/ff3ee0fd-ff3f-4e5a-8351-52c0e80f5d5d_max.jpg</bild_url_max>
<personuppdrag>
<uppdrag>
<organ_kod datatype="string">kam</organ_kod>
<roll_kod datatype="string">Riksdagsledamot</roll_kod>
<ordningsnummer datatype="int32">103</ordningsnummer>
<status datatype="string">Tjänstgörande</status>
<typ datatype="string">kammaruppdrag</typ>
<from datatype="datetime">2010-10-04</from>
<tom datatype="datetime">2014-09-29</tom>
<uppgift datatype="string"></uppgift>
<intressent_id datatype="string">0188653245302</intressent_id>
<hangar_id datatype="int32">2369362</hangar_id>
<sortering datatype="int32">10</sortering>
<organ_sortering datatype="int32">10</organ_sortering>
<uppdrag_rollsortering datatype="string">60</uppdrag_rollsortering>
<uppdrag_statussortering datatype="string">10</uppdrag_statussortering>
</uppdrag>
<uppdrag>
<organ_kod datatype="string">KrU</organ_kod>
<roll_kod datatype="string">Suppleant</roll_kod>
<ordningsnummer datatype="int32">27</ordningsnummer>
<status datatype="string"></status>
<typ datatype="string">uppdrag</typ>
<from datatype="datetime">2012-03-13</from>
<tom datatype="datetime">2014-09-29</tom>
<uppgift datatype="string">Kulturutskottet</uppgift>
<intressent_id datatype="string">0188653245302</intressent_id>
<hangar_id datatype="int32">2369362</hangar_id>
<sortering datatype="int32">50</sortering>
<organ_sortering datatype="int32">150</organ_sortering>
<uppdrag_rollsortering datatype="string">90</uppdrag_rollsortering>
<uppdrag_statussortering datatype="string">90</uppdrag_statussortering>
</uppdrag>
<uppdrag>
<organ_kod datatype="string">KrU</organ_kod>
<roll_kod datatype="string">Ledamot</roll_kod>
<ordningsnummer datatype="int32">17</ordningsnummer>
<status datatype="string"></status>
<typ datatype="string">uppdrag</typ>
<from datatype="datetime">2010-10-12</from>
<tom datatype="datetime">2012-03-01</tom>
<uppgift datatype="string">Kulturutskottet</uppgift>
<intressent_id datatype="string">0188653245302</intressent_id>
<hangar_id datatype="int32">2369362</hangar_id>
<sortering datatype="int32">30</sortering>
<organ_sortering datatype="int32">150</organ_sortering>
<uppdrag_rollsortering datatype="string">90</uppdrag_rollsortering>
<uppdrag_statussortering datatype="string">90</uppdrag_statussortering>
</uppdrag>
<uppdrag>
<organ_kod datatype="string">TU</organ_kod>
<roll_kod datatype="string">Suppleant</roll_kod>
<ordningsnummer datatype="int32">17</ordningsnummer>
<status datatype="string"></status>
<typ datatype="string">uppdrag</typ>
<from datatype="datetime">2012-03-19</from>
<tom datatype="datetime">2014-09-29</tom>
<uppgift datatype="string">Trafikutskottet</uppgift>
<intressent_id datatype="string">0188653245302</intressent_id>
<hangar_id datatype="int32">2369362</hangar_id>
<sortering datatype="int32">50</sortering>
<organ_sortering datatype="int32">150</organ_sortering>
<uppdrag_rollsortering datatype="string">90</uppdrag_rollsortering>
<uppdrag_statussortering datatype="string">90</uppdrag_statussortering>
</uppdrag>
</personuppdrag>
<personuppgift>
<uppgift>
<kod datatype="string">sv</kod>
<uppgift datatype="string">Författare/förläggare</uppgift>
<typ datatype="string">titlar</typ>
<intressent_id datatype="string">0188653245302</intressent_id>
<hangar_id datatype="int32">2369362</hangar_id>
</uppgift>
<uppgift>
<kod datatype="string">en</kod>
<uppgift datatype="string"></uppgift>
<typ datatype="string">titlar</typ>
<intressent_id datatype="string">0188653245302</intressent_id>
<hangar_id datatype="int32">2369362</hangar_id>
</uppgift>
</personuppgift>
</person>
