<?xml version="1.0" encoding="utf-8" ?>
<person>
<hangar_guid datatype="guid">7e6b18ba-fe40-4c25-a344-f4a3a949545b</hangar_guid>
<sourceid datatype="string">695936e0-96ed-4e4a-a9ce-bc1ffbb28bfa</sourceid>
<intressent_id datatype="string">0679667648714</intressent_id>
<hangar_id datatype="int32">2342807</hangar_id>
<fodd_ar datatype="int16">1954</fodd_ar>
<kon datatype="string">kvinna</kon>
<efternamn datatype="string">Berg</efternamn>
<tilltalsnamn datatype="string">Marianne</tilltalsnamn>
<sorteringsnamn datatype="string">Berg,Marianne</sorteringsnamn>
<iort datatype="string"></iort>
<parti datatype="string">V</parti>
<valkrets datatype="string">Malmö kommun</valkrets>
<status datatype="string">Tidigare riksdagsledamot</status>
<person_url_xml datatype="string">http://data.riksdagen.se/person/695936e0-96ed-4e4a-a9ce-bc1ffbb28bfa</person_url_xml>
<bild_url_80 datatype="string">http://data.riksdagen.se/filarkiv/bilder/ledamot/695936e0-96ed-4e4a-a9ce-bc1ffbb28bfa_80.jpg</bild_url_80>
<bild_url_192 datatype="string">http://data.riksdagen.se/filarkiv/bilder/ledamot/695936e0-96ed-4e4a-a9ce-bc1ffbb28bfa_192.jpg</bild_url_192>
<bild_url_max datatype="string">http://data.riksdagen.se/filarkiv/bilder/ledamot/695936e0-96ed-4e4a-a9ce-bc1ffbb28bfa_max.jpg</bild_url_max>
<personuppdrag>
<uppdrag>
<organ_kod datatype="string">kam</organ_kod>
<roll_kod datatype="string">Riksdagsledamot</roll_kod>
<ordningsnummer datatype="int32">37</ordningsnummer>
<status datatype="string">Tjänstgörande</status>
<typ datatype="string">kammaruppdrag</typ>
<from datatype="datetime">2010-10-04</from>
<tom datatype="datetime">2014-09-29</tom>
<uppgift datatype="string"></uppgift>
<intressent_id datatype="string">0679667648714</intressent_id>
<hangar_id datatype="int32">2342807</hangar_id>
<sortering datatype="int32">10</sortering>
<organ_sortering datatype="int32">10</organ_sortering>
<uppdrag_rollsortering datatype="string">60</uppdrag_rollsortering>
<uppdrag_statussortering datatype="string">10</uppdrag_statussortering>
</uppdrag>
<uppdrag>
<organ_kod datatype="string">kam</organ_kod>
<roll_kod datatype="string">Riksdagsledamot</roll_kod>
<ordningsnummer datatype="int32">153</ordningsnummer>
<status datatype="string">Tjänstgörande</status>
<typ datatype="string">kammaruppdrag</typ>
<from datatype="datetime">2006-10-02</from>
<tom datatype="datetime">2010-10-04</tom>
<uppgift datatype="string"></uppgift>
<intressent_id datatype="string">0679667648714</intressent_id>
<hangar_id datatype="int32">2342807</hangar_id>
<sortering datatype="int32">10</sortering>
<organ_sortering datatype="int32">10</organ_sortering>
<uppdrag_rollsortering datatype="string">60</uppdrag_rollsortering>
<uppdrag_statussortering datatype="string">10</uppdrag_statussortering>
</uppdrag>
<uppdrag>
<organ_kod datatype="string">V</organ_kod>
<roll_kod datatype="string">Vice gruppledare</roll_kod>
<ordningsnummer datatype="int32">0</ordningsnummer>
<status datatype="string"></status>
<typ datatype="string">partiuppdrag</typ>
<from datatype="datetime">2010-10-04</from>
<tom datatype="datetime">2010-10-04</tom>
<uppgift datatype="string">Vänsterpartiet</uppgift>
<intressent_id datatype="string">0679667648714</intressent_id>
<hangar_id datatype="int32">2342807</hangar_id>
<sortering datatype="int32">30</sortering>
<organ_sortering datatype="int32"></organ_sortering>
<uppdrag_rollsortering datatype="string">90</uppdrag_rollsortering>
<uppdrag_statussortering datatype="string">90</uppdrag_statussortering>
</uppdrag>
<uppdrag>
<organ_kod datatype="string">NR</organ_kod>
<roll_kod datatype="string">Ledamot</roll_kod>
<ordningsnummer datatype="int32">19</ordningsnummer>
<status datatype="string"></status>
<typ datatype="string">Riksdagsorgan</typ>
<from datatype="datetime">2013-09-17</from>
<tom datatype="datetime">2014-09-29</tom>
<uppgift datatype="string">Nordiska rådets svenska delegation</uppgift>
<intressent_id datatype="string">0679667648714</intressent_id>
<hangar_id datatype="int32">2342807</hangar_id>
<sortering datatype="int32">30</sortering>
<organ_sortering datatype="int32">300</organ_sortering>
<uppdrag_rollsortering datatype="string">90</uppdrag_rollsortering>
<uppdrag_statussortering datatype="string">90</uppdrag_statussortering>
</uppdrag>
<uppdrag>
<organ_kod datatype="string">NR</organ_kod>
<roll_kod datatype="string">Ledamot</roll_kod>
<ordningsnummer datatype="int32">19</ordningsnummer>
<status datatype="string"></status>
<typ datatype="string">Riksdagsorgan</typ>
<from datatype="datetime">2012-10-04</from>
<tom datatype="datetime">2013-09-16</tom>
<uppgift datatype="string">Nordiska rådets svenska delegation</uppgift>
<intressent_id datatype="string">0679667648714</intressent_id>
<hangar_id datatype="int32">2342807</hangar_id>
<sortering datatype="int32">30</sortering>
<organ_sortering datatype="int32">300</organ_sortering>
<uppdrag_rollsortering datatype="string">90</uppdrag_rollsortering>
<uppdrag_statussortering datatype="string">90</uppdrag_statussortering>
</uppdrag>
<uppdrag>
<organ_kod datatype="string">NR</organ_kod>
<roll_kod datatype="string">Ledamot</roll_kod>
<ordningsnummer datatype="int32">19</ordningsnummer>
<status datatype="string"></status>
<typ datatype="string">Riksdagsorgan</typ>
<from datatype="datetime">2011-10-12</from>
<tom datatype="datetime">2012-09-18</tom>
<uppgift datatype="string">Nordiska rådets svenska delegation</uppgift>
<intressent_id datatype="string">0679667648714</intressent_id>
<hangar_id datatype="int32">2342807</hangar_id>
<sortering datatype="int32">30</sortering>
<organ_sortering datatype="int32">300</organ_sortering>
<uppdrag_rollsortering datatype="string">90</uppdrag_rollsortering>
<uppdrag_statussortering datatype="string">90</uppdrag_statussortering>
</uppdrag>
<uppdrag>
<organ_kod datatype="string">NR</organ_kod>
<roll_kod datatype="string">Ledamot</roll_kod>
<ordningsnummer datatype="int32">19</ordningsnummer>
<status datatype="string"></status>
<typ datatype="string">Riksdagsorgan</typ>
<from datatype="datetime">2010-10-19</from>
<tom datatype="datetime">2011-09-15</tom>
<uppgift datatype="string">Nordiska rådets svenska delegation</uppgift>
<intressent_id datatype="string">0679667648714</intressent_id>
<hangar_id datatype="int32">2342807</hangar_id>
<sortering datatype="int32">30</sortering>
<organ_sortering datatype="int32">300</organ_sortering>
<uppdrag_rollsortering datatype="string">90</uppdrag_rollsortering>
<uppdrag_statussortering datatype="string">90</uppdrag_statussortering>
</uppdrag>
<uppdrag>
<organ_kod datatype="string">NR</organ_kod>
<roll_kod datatype="string">Ledamot</roll_kod>
<ordningsnummer datatype="int32">13</ordningsnummer>
<status datatype="string"></status>
<typ datatype="string">Riksdagsorgan</typ>
<from datatype="datetime">2009-09-30</from>
<tom datatype="datetime">2010-10-04</tom>
<uppgift datatype="string">Nordiska rådets svenska delegation</uppgift>
<intressent_id datatype="string">0679667648714</intressent_id>
<hangar_id datatype="int32">2342807</hangar_id>
<sortering datatype="int32">30</sortering>
<organ_sortering datatype="int32">300</organ_sortering>
<uppdrag_rollsortering datatype="string">90</uppdrag_rollsortering>
<uppdrag_statussortering datatype="string">90</uppdrag_statussortering>
</uppdrag>
<uppdrag>
<organ_kod datatype="string">CU</organ_kod>
<roll_kod datatype="string">Ledamot</roll_kod>
<ordningsnummer datatype="int32">17</ordningsnummer>
<status datatype="string"></status>
<typ datatype="string">uppdrag</typ>
<from datatype="datetime">2010-10-12</from>
<tom datatype="datetime">2014-09-29</tom>
<uppgift datatype="string">Civilutskottet</uppgift>
<intressent_id datatype="string">0679667648714</intressent_id>
<hangar_id datatype="int32">2342807</hangar_id>
<sortering datatype="int32">30</sortering>
<organ_sortering datatype="int32">150</organ_sortering>
<uppdrag_rollsortering datatype="string">90</uppdrag_rollsortering>
<uppdrag_statussortering datatype="string">90</uppdrag_statussortering>
</uppdrag>
<uppdrag>
<organ_kod datatype="string">JuU</organ_kod>
<roll_kod datatype="string">Suppleant</roll_kod>
<ordningsnummer datatype="int32">17</ordningsnummer>
<status datatype="string"></status>
<typ datatype="string">uppdrag</typ>
<from datatype="datetime">2010-12-20</from>
<tom datatype="datetime">2014-09-29</tom>
<uppgift datatype="string">Justitieutskottet</uppgift>
<intressent_id datatype="string">0679667648714</intressent_id>
<hangar_id datatype="int32">2342807</hangar_id>
<sortering datatype="int32">50</sortering>
<organ_sortering datatype="int32">150</organ_sortering>
<uppdrag_rollsortering datatype="string">90</uppdrag_rollsortering>
<uppdrag_statussortering datatype="string">90</uppdrag_statussortering>
</uppdrag>
<uppdrag>
<organ_kod datatype="string">KU</organ_kod>
<roll_kod datatype="string">Suppleant</roll_kod>
<ordningsnummer datatype="int32">17</ordningsnummer>
<status datatype="string"></status>
<typ datatype="string">uppdrag</typ>
<from datatype="datetime">2010-10-12</from>
<tom datatype="datetime">2014-09-29</tom>
<uppgift datatype="string">Konstitutionsutskottet</uppgift>
<intressent_id datatype="string">0679667648714</intressent_id>
<hangar_id datatype="int32">2342807</hangar_id>
<sortering datatype="int32">50</sortering>
<organ_sortering datatype="int32">150</organ_sortering>
<uppdrag_rollsortering datatype="string">90</uppdrag_rollsortering>
<uppdrag_statussortering datatype="string">90</uppdrag_statussortering>
</uppdrag>
<uppdrag>
<organ_kod datatype="string">KU</organ_kod>
<roll_kod datatype="string">Ledamot</roll_kod>
<ordningsnummer datatype="int32">14</ordningsnummer>
<status datatype="string"></status>
<typ datatype="string">uppdrag</typ>
<from datatype="datetime">2006-10-10</from>
<tom datatype="datetime">2010-10-04</tom>
<uppgift datatype="string">Konstitutionsutskottet</uppgift>
<intressent_id datatype="string">0679667648714</intressent_id>
<hangar_id datatype="int32">2342807</hangar_id>
<sortering datatype="int32">30</sortering>
<organ_sortering datatype="int32">150</organ_sortering>
<uppdrag_rollsortering datatype="string">90</uppdrag_rollsortering>
<uppdrag_statussortering datatype="string">90</uppdrag_statussortering>
</uppdrag>
<uppdrag>
<organ_kod datatype="string">SoU</organ_kod>
<roll_kod datatype="string">Suppleant</roll_kod>
<ordningsnummer datatype="int32">19</ordningsnummer>
<status datatype="string"></status>
<typ datatype="string">uppdrag</typ>
<from datatype="datetime">2006-10-24</from>
<tom datatype="datetime">2010-10-04</tom>
<uppgift datatype="string">Socialutskottet</uppgift>
<intressent_id datatype="string">0679667648714</intressent_id>
<hangar_id datatype="int32">2342807</hangar_id>
<sortering datatype="int32">50</sortering>
<organ_sortering datatype="int32">150</organ_sortering>
<uppdrag_rollsortering datatype="string">90</uppdrag_rollsortering>
<uppdrag_statussortering datatype="string">90</uppdrag_statussortering>
</uppdrag>
<uppdrag>
<organ_kod datatype="string">EUN</organ_kod>
<roll_kod datatype="string">Suppleant</roll_kod>
<ordningsnummer datatype="int32">14</ordningsnummer>
<status datatype="string"></status>
<typ datatype="string">uppdrag</typ>
<from datatype="datetime">2008-10-27</from>
<tom datatype="datetime">2010-10-12</tom>
<uppgift datatype="string">EU-nämnden</uppgift>
<intressent_id datatype="string">0679667648714</intressent_id>
<hangar_id datatype="int32">2342807</hangar_id>
<sortering datatype="int32">50</sortering>
<organ_sortering datatype="int32">170</organ_sortering>
<uppdrag_rollsortering datatype="string">90</uppdrag_rollsortering>
<uppdrag_statussortering datatype="string">90</uppdrag_statussortering>
</uppdrag>
</personuppdrag>
<personuppgift>
<uppgift>
<kod datatype="string">sv</kod>
<uppgift datatype="string">Socialsekreterare</uppgift>
<typ datatype="string">titlar</typ>
<intressent_id datatype="string">0679667648714</intressent_id>
<hangar_id datatype="int32">2342807</hangar_id>
</uppgift>
<uppgift>
<kod datatype="string">en</kod>
<uppgift datatype="string"></uppgift>
<typ datatype="string">titlar</typ>
<intressent_id datatype="string">0679667648714</intressent_id>
<hangar_id datatype="int32">2342807</hangar_id>
</uppgift>
</personuppgift>
</person>
