<?xml version="1.0" encoding="utf-8" ?>
<person>
<hangar_guid datatype="guid">c690ee0f-3d3d-4fb0-893f-63255f7bfb95</hangar_guid>
<sourceid datatype="string">3489814f-1e82-4d47-aba8-0cf994c4dc64</sourceid>
<intressent_id datatype="string">0668293417401</intressent_id>
<hangar_id datatype="int32">2342366</hangar_id>
<fodd_ar datatype="int16">1946</fodd_ar>
<kon datatype="string">kvinna</kon>
<efternamn datatype="string">Berlin</efternamn>
<tilltalsnamn datatype="string">Christina</tilltalsnamn>
<sorteringsnamn datatype="string">Berlin,Christina</sorteringsnamn>
<iort datatype="string"></iort>
<parti datatype="string">FP</parti>
<valkrets datatype="string">Stockholms län</valkrets>
<status datatype="string">Tidigare ersättare</status>
<person_url_xml datatype="string">http://data.riksdagen.se/person/3489814f-1e82-4d47-aba8-0cf994c4dc64</person_url_xml>
<bild_url_80 datatype="string">http://data.riksdagen.se/filarkiv/bilder/ledamot/3489814f-1e82-4d47-aba8-0cf994c4dc64_80.jpg</bild_url_80>
<bild_url_192 datatype="string">http://data.riksdagen.se/filarkiv/bilder/ledamot/3489814f-1e82-4d47-aba8-0cf994c4dc64_192.jpg</bild_url_192>
<bild_url_max datatype="string">http://data.riksdagen.se/filarkiv/bilder/ledamot/3489814f-1e82-4d47-aba8-0cf994c4dc64_max.jpg</bild_url_max>
<personuppdrag>
<uppdrag>
<organ_kod datatype="string">kam</organ_kod>
<roll_kod datatype="string">Ersättare</roll_kod>
<ordningsnummer datatype="int32">0</ordningsnummer>
<status datatype="string">Ersättare</status>
<typ datatype="string">kammaruppdrag</typ>
<from datatype="datetime">2005-11-26</from>
<tom datatype="datetime">2005-12-28</tom>
<uppgift datatype="string"></uppgift>
<intressent_id datatype="string">0668293417401</intressent_id>
<hangar_id datatype="int32">2342366</hangar_id>
<sortering datatype="int32">45</sortering>
<organ_sortering datatype="int32">10</organ_sortering>
<uppdrag_rollsortering datatype="string">60</uppdrag_rollsortering>
<uppdrag_statussortering datatype="string">20</uppdrag_statussortering>
</uppdrag>
<uppdrag>
<organ_kod datatype="string">kam</organ_kod>
<roll_kod datatype="string">Ersättare</roll_kod>
<ordningsnummer datatype="int32">58</ordningsnummer>
<status datatype="string">Ersättare</status>
<typ datatype="string">kammaruppdrag</typ>
<from datatype="datetime">2004-08-20</from>
<tom datatype="datetime">2004-09-26</tom>
<uppgift datatype="string">Carl B Hamilton</uppgift>
<intressent_id datatype="string">0668293417401</intressent_id>
<hangar_id datatype="int32">2342366</hangar_id>
<sortering datatype="int32">45</sortering>
<organ_sortering datatype="int32">10</organ_sortering>
<uppdrag_rollsortering datatype="string">60</uppdrag_rollsortering>
<uppdrag_statussortering datatype="string">20</uppdrag_statussortering>
</uppdrag>
<uppdrag>
<organ_kod datatype="string">kam</organ_kod>
<roll_kod datatype="string">Ersättare</roll_kod>
<ordningsnummer datatype="int32">0</ordningsnummer>
<status datatype="string">Ersättare</status>
<typ datatype="string">kammaruppdrag</typ>
<from datatype="datetime">2003-11-20</from>
<tom datatype="datetime">2003-12-31</tom>
<uppgift datatype="string"></uppgift>
<intressent_id datatype="string">0668293417401</intressent_id>
<hangar_id datatype="int32">2342366</hangar_id>
<sortering datatype="int32">45</sortering>
<organ_sortering datatype="int32">10</organ_sortering>
<uppdrag_rollsortering datatype="string">60</uppdrag_rollsortering>
<uppdrag_statussortering datatype="string">20</uppdrag_statussortering>
</uppdrag>
<uppdrag>
<organ_kod datatype="string">AU</organ_kod>
<roll_kod datatype="string">Suppleant</roll_kod>
<ordningsnummer datatype="int32">0</ordningsnummer>
<status datatype="string"></status>
<typ datatype="string">uppdrag</typ>
<from datatype="datetime">2004-09-14</from>
<tom datatype="datetime">2004-09-26</tom>
<uppgift datatype="string">Arbetsmarknadsutskottet</uppgift>
<intressent_id datatype="string">0668293417401</intressent_id>
<hangar_id datatype="int32">2342366</hangar_id>
<sortering datatype="int32">50</sortering>
<organ_sortering datatype="int32">150</organ_sortering>
<uppdrag_rollsortering datatype="string">90</uppdrag_rollsortering>
<uppdrag_statussortering datatype="string">90</uppdrag_statussortering>
</uppdrag>
<uppdrag>
<organ_kod datatype="string">FiU</organ_kod>
<roll_kod datatype="string">Suppleant</roll_kod>
<ordningsnummer datatype="int32">0</ordningsnummer>
<status datatype="string"></status>
<typ datatype="string">uppdrag</typ>
<from datatype="datetime">2005-11-26</from>
<tom datatype="datetime">2005-12-28</tom>
<uppgift datatype="string">Finansutskottet</uppgift>
<intressent_id datatype="string">0668293417401</intressent_id>
<hangar_id datatype="int32">2342366</hangar_id>
<sortering datatype="int32">50</sortering>
<organ_sortering datatype="int32">150</organ_sortering>
<uppdrag_rollsortering datatype="string">90</uppdrag_rollsortering>
<uppdrag_statussortering datatype="string">90</uppdrag_statussortering>
</uppdrag>
<uppdrag>
<organ_kod datatype="string">FiU</organ_kod>
<roll_kod datatype="string">Suppleant</roll_kod>
<ordningsnummer datatype="int32">0</ordningsnummer>
<status datatype="string"></status>
<typ datatype="string">uppdrag</typ>
<from datatype="datetime">2003-11-20</from>
<tom datatype="datetime">2003-12-31</tom>
<uppgift datatype="string">Finansutskottet</uppgift>
<intressent_id datatype="string">0668293417401</intressent_id>
<hangar_id datatype="int32">2342366</hangar_id>
<sortering datatype="int32">50</sortering>
<organ_sortering datatype="int32">150</organ_sortering>
<uppdrag_rollsortering datatype="string">90</uppdrag_rollsortering>
<uppdrag_statussortering datatype="string">90</uppdrag_statussortering>
</uppdrag>
<uppdrag>
<organ_kod datatype="string">SkU</organ_kod>
<roll_kod datatype="string">Suppleant</roll_kod>
<ordningsnummer datatype="int32">0</ordningsnummer>
<status datatype="string"></status>
<typ datatype="string">uppdrag</typ>
<from datatype="datetime">2003-11-20</from>
<tom datatype="datetime">2003-12-31</tom>
<uppgift datatype="string">Skatteutskottet</uppgift>
<intressent_id datatype="string">0668293417401</intressent_id>
<hangar_id datatype="int32">2342366</hangar_id>
<sortering datatype="int32">50</sortering>
<organ_sortering datatype="int32">150</organ_sortering>
<uppdrag_rollsortering datatype="string">90</uppdrag_rollsortering>
<uppdrag_statussortering datatype="string">90</uppdrag_statussortering>
</uppdrag>
<uppdrag>
<organ_kod datatype="string">EUN</organ_kod>
<roll_kod datatype="string">Suppleant</roll_kod>
<ordningsnummer datatype="int32">0</ordningsnummer>
<status datatype="string"></status>
<typ datatype="string">uppdrag</typ>
<from datatype="datetime">2004-09-14</from>
<tom datatype="datetime">2004-09-26</tom>
<uppgift datatype="string">EU-nämnden</uppgift>
<intressent_id datatype="string">0668293417401</intressent_id>
<hangar_id datatype="int32">2342366</hangar_id>
<sortering datatype="int32">50</sortering>
<organ_sortering datatype="int32">170</organ_sortering>
<uppdrag_rollsortering datatype="string">90</uppdrag_rollsortering>
<uppdrag_statussortering datatype="string">90</uppdrag_statussortering>
</uppdrag>
<uppdrag>
<organ_kod datatype="string">EUN</organ_kod>
<roll_kod datatype="string">Suppleant</roll_kod>
<ordningsnummer datatype="int32">0</ordningsnummer>
<status datatype="string"></status>
<typ datatype="string">uppdrag</typ>
<from datatype="datetime">2003-11-20</from>
<tom datatype="datetime">2003-12-31</tom>
<uppgift datatype="string">EU-nämnden</uppgift>
<intressent_id datatype="string">0668293417401</intressent_id>
<hangar_id datatype="int32">2342366</hangar_id>
<sortering datatype="int32">50</sortering>
<organ_sortering datatype="int32">170</organ_sortering>
<uppdrag_rollsortering datatype="string">90</uppdrag_rollsortering>
<uppdrag_statussortering datatype="string">90</uppdrag_statussortering>
</uppdrag>
</personuppdrag>
<personuppgift>
<uppgift>
<kod datatype="string">sv</kod>
<uppgift datatype="string">speciallärare</uppgift>
<typ datatype="string">titlar</typ>
<intressent_id datatype="string">0668293417401</intressent_id>
<hangar_id datatype="int32">2342366</hangar_id>
</uppgift>
<uppgift>
<kod datatype="string">en</kod>
<uppgift datatype="string"></uppgift>
<typ datatype="string">titlar</typ>
<intressent_id datatype="string">0668293417401</intressent_id>
<hangar_id datatype="int32">2342366</hangar_id>
</uppgift>
<uppgift>
<kod datatype="string">KandiderarINastaVal</kod>
<uppgift datatype="string">true</uppgift>
<typ datatype="string">val</typ>
<intressent_id datatype="string">0668293417401</intressent_id>
<hangar_id datatype="int32">2342366</hangar_id>
</uppgift>
</personuppgift>
</person>
