<?xml version="1.0" encoding="utf-8" ?>
<person>
<hangar_guid datatype="guid">009e9fb5-c697-4153-aeea-2ef32601ffb9</hangar_guid>
<sourceid datatype="string">609fc5dd-0971-4b8b-963d-bfa77019f7ce</sourceid>
<intressent_id datatype="string">0286353661902</intressent_id>
<hangar_id datatype="int32">2342376</hangar_id>
<fodd_ar datatype="int16">1946</fodd_ar>
<kon datatype="string">man</kon>
<efternamn datatype="string">Bernström</efternamn>
<tilltalsnamn datatype="string">Peter Weibull</tilltalsnamn>
<sorteringsnamn datatype="string">Bernström,Peter Weibull</sorteringsnamn>
<iort datatype="string"></iort>
<parti datatype="string">M</parti>
<valkrets datatype="string"></valkrets>
<status datatype="string">Tidigare riksdagsledamot</status>
<person_url_xml datatype="string">http://data.riksdagen.se/person/609fc5dd-0971-4b8b-963d-bfa77019f7ce</person_url_xml>
<bild_url_80 datatype="string">http://data.riksdagen.se/filarkiv/bilder/ledamot/609fc5dd-0971-4b8b-963d-bfa77019f7ce_80.jpg</bild_url_80>
<bild_url_192 datatype="string">http://data.riksdagen.se/filarkiv/bilder/ledamot/609fc5dd-0971-4b8b-963d-bfa77019f7ce_192.jpg</bild_url_192>
<bild_url_max datatype="string">http://data.riksdagen.se/filarkiv/bilder/ledamot/609fc5dd-0971-4b8b-963d-bfa77019f7ce_max.jpg</bild_url_max>
<personuppdrag>
<uppdrag>
<organ_kod datatype="string">kam</organ_kod>
<roll_kod datatype="string">Riksdagsledamot</roll_kod>
<ordningsnummer datatype="int32">165</ordningsnummer>
<status datatype="string">Tjänstgörande</status>
<typ datatype="string">kammaruppdrag</typ>
<from datatype="datetime">1994-10-03</from>
<tom datatype="datetime">1998-10-05</tom>
<uppgift datatype="string"></uppgift>
<intressent_id datatype="string">0286353661902</intressent_id>
<hangar_id datatype="int32">2342376</hangar_id>
<sortering datatype="int32">10</sortering>
<organ_sortering datatype="int32">10</organ_sortering>
<uppdrag_rollsortering datatype="string">60</uppdrag_rollsortering>
<uppdrag_statussortering datatype="string">10</uppdrag_statussortering>
</uppdrag>
<uppdrag>
<organ_kod datatype="string">MJU</organ_kod>
<roll_kod datatype="string">Suppleant</roll_kod>
<ordningsnummer datatype="int32">0</ordningsnummer>
<status datatype="string"></status>
<typ datatype="string">uppdrag</typ>
<from datatype="datetime">1994-10-11</from>
<tom datatype="datetime">1998-10-04</tom>
<uppgift datatype="string">Miljö- och jordbruksutskottet</uppgift>
<intressent_id datatype="string">0286353661902</intressent_id>
<hangar_id datatype="int32">2342376</hangar_id>
<sortering datatype="int32">50</sortering>
<organ_sortering datatype="int32">150</organ_sortering>
<uppdrag_rollsortering datatype="string">90</uppdrag_rollsortering>
<uppdrag_statussortering datatype="string">90</uppdrag_statussortering>
</uppdrag>
<uppdrag>
<organ_kod datatype="string">BoU</organ_kod>
<roll_kod datatype="string">Suppleant</roll_kod>
<ordningsnummer datatype="int32">0</ordningsnummer>
<status datatype="string"></status>
<typ datatype="string">uppdrag</typ>
<from datatype="datetime">1994-10-11</from>
<tom datatype="datetime">1998-10-04</tom>
<uppgift datatype="string">Bostadsutskottet</uppgift>
<intressent_id datatype="string">0286353661902</intressent_id>
<hangar_id datatype="int32">2342376</hangar_id>
<sortering datatype="int32">50</sortering>
<organ_sortering datatype="int32">165</organ_sortering>
<uppdrag_rollsortering datatype="string">90</uppdrag_rollsortering>
<uppdrag_statussortering datatype="string">90</uppdrag_statussortering>
</uppdrag>
</personuppdrag>
<personuppgift>
<uppgift>
<kod datatype="string">sv</kod>
<uppgift datatype="string">fil.kand.,lantbrukare</uppgift>
<typ datatype="string">titlar</typ>
<intressent_id datatype="string">0286353661902</intressent_id>
<hangar_id datatype="int32">2342376</hangar_id>
</uppgift>
<uppgift>
<kod datatype="string">en</kod>
<uppgift datatype="string"></uppgift>
<typ datatype="string">titlar</typ>
<intressent_id datatype="string">0286353661902</intressent_id>
<hangar_id datatype="int32">2342376</hangar_id>
</uppgift>
</personuppgift>
</person>
