<?xml version="1.0" encoding="utf-8" ?>
<person>
<hangar_guid datatype="guid">2ccab8d7-1a90-4a1a-a42b-2f56169fab61</hangar_guid>
<sourceid datatype="string">f03ff472-c476-11d4-ae40-006008578ce8</sourceid>
<intressent_id datatype="string">0245874897406</intressent_id>
<hangar_id datatype="int32">2342433</hangar_id>
<fodd_ar datatype="int16">1947</fodd_ar>
<kon datatype="string">kvinna</kon>
<efternamn datatype="string">Beyer</efternamn>
<tilltalsnamn datatype="string">Marianne</tilltalsnamn>
<sorteringsnamn datatype="string">Beyer,Marianne</sorteringsnamn>
<iort datatype="string"></iort>
<parti datatype="string">FP</parti>
<valkrets datatype="string"></valkrets>
<status datatype="string">Tidigare ersättare</status>
<person_url_xml datatype="string">http://data.riksdagen.se/person/f03ff472-c476-11d4-ae40-006008578ce8</person_url_xml>
<bild_url_80 datatype="string">http://data.riksdagen.se/filarkiv/bilder/ledamot/f03ff472-c476-11d4-ae40-006008578ce8_80.jpg</bild_url_80>
<bild_url_192 datatype="string">http://data.riksdagen.se/filarkiv/bilder/ledamot/f03ff472-c476-11d4-ae40-006008578ce8_192.jpg</bild_url_192>
<bild_url_max datatype="string">http://data.riksdagen.se/filarkiv/bilder/ledamot/f03ff472-c476-11d4-ae40-006008578ce8_max.jpg</bild_url_max>
<personuppdrag>
<uppdrag>
<organ_kod datatype="string">kam</organ_kod>
<roll_kod datatype="string">Ersättare</roll_kod>
<ordningsnummer datatype="int32">216</ordningsnummer>
<status datatype="string">Ersättare</status>
<typ datatype="string">kammaruppdrag</typ>
<from datatype="datetime">2000-11-09</from>
<tom datatype="datetime">2000-12-18</tom>
<uppgift datatype="string">Kenth Skårvik</uppgift>
<intressent_id datatype="string">0245874897406</intressent_id>
<hangar_id datatype="int32">2342433</hangar_id>
<sortering datatype="int32">45</sortering>
<organ_sortering datatype="int32">10</organ_sortering>
<uppdrag_rollsortering datatype="string">60</uppdrag_rollsortering>
<uppdrag_statussortering datatype="string">20</uppdrag_statussortering>
</uppdrag>
<uppdrag>
<organ_kod datatype="string">KrU</organ_kod>
<roll_kod datatype="string">Suppleant</roll_kod>
<ordningsnummer datatype="int32">0</ordningsnummer>
<status datatype="string"></status>
<typ datatype="string">uppdrag</typ>
<from datatype="datetime">2000-11-16</from>
<tom datatype="datetime">2002-09-29</tom>
<uppgift datatype="string">Kulturutskottet</uppgift>
<intressent_id datatype="string">0245874897406</intressent_id>
<hangar_id datatype="int32">2342433</hangar_id>
<sortering datatype="int32">50</sortering>
<organ_sortering datatype="int32">150</organ_sortering>
<uppdrag_rollsortering datatype="string">90</uppdrag_rollsortering>
<uppdrag_statussortering datatype="string">90</uppdrag_statussortering>
</uppdrag>
<uppdrag>
<organ_kod datatype="string">TU</organ_kod>
<roll_kod datatype="string">Suppleant</roll_kod>
<ordningsnummer datatype="int32">0</ordningsnummer>
<status datatype="string"></status>
<typ datatype="string">uppdrag</typ>
<from datatype="datetime">2000-11-16</from>
<tom datatype="datetime">2002-09-29</tom>
<uppgift datatype="string">Trafikutskottet</uppgift>
<intressent_id datatype="string">0245874897406</intressent_id>
<hangar_id datatype="int32">2342433</hangar_id>
<sortering datatype="int32">50</sortering>
<organ_sortering datatype="int32">150</organ_sortering>
<uppdrag_rollsortering datatype="string">90</uppdrag_rollsortering>
<uppdrag_statussortering datatype="string">90</uppdrag_statussortering>
</uppdrag>
</personuppdrag>
<personuppgift>
<uppgift>
<kod datatype="string">sv</kod>
<uppgift datatype="string">kurator</uppgift>
<typ datatype="string">titlar</typ>
<intressent_id datatype="string">0245874897406</intressent_id>
<hangar_id datatype="int32">2342433</hangar_id>
</uppgift>
<uppgift>
<kod datatype="string">en</kod>
<uppgift datatype="string"></uppgift>
<typ datatype="string">titlar</typ>
<intressent_id datatype="string">0245874897406</intressent_id>
<hangar_id datatype="int32">2342433</hangar_id>
</uppgift>
</personuppgift>
</person>
