<?xml version="1.0" encoding="utf-8" ?>
<person>
<hangar_guid datatype="guid">545b0392-55f7-4413-a2ff-571460ec4f04</hangar_guid>
<sourceid datatype="string">8380b7c7-5994-4ea9-be2d-f404736dc0b8</sourceid>
<intressent_id datatype="string">0930305890123</intressent_id>
<hangar_id datatype="int32">3057376</hangar_id>
<fodd_ar datatype="int16">1976</fodd_ar>
<kon datatype="string">kvinna</kon>
<efternamn datatype="string">Bjälkö</efternamn>
<tilltalsnamn datatype="string">Sara-Lena</tilltalsnamn>
<sorteringsnamn datatype="string">Bjälkö,Sara-Lena</sorteringsnamn>
<iort datatype="string"></iort>
<parti datatype="string">SD</parti>
<valkrets datatype="string">Hallands län</valkrets>
<status datatype="string">Tillgänglig ersättare</status>
<person_url_xml datatype="string">http://data.riksdagen.se/person/8380b7c7-5994-4ea9-be2d-f404736dc0b8</person_url_xml>
<bild_url_80 datatype="string">http://data.riksdagen.se/filarkiv/bilder/ledamot/8380b7c7-5994-4ea9-be2d-f404736dc0b8_80.jpg</bild_url_80>
<bild_url_192 datatype="string">http://data.riksdagen.se/filarkiv/bilder/ledamot/8380b7c7-5994-4ea9-be2d-f404736dc0b8_192.jpg</bild_url_192>
<bild_url_max datatype="string">http://data.riksdagen.se/filarkiv/bilder/ledamot/8380b7c7-5994-4ea9-be2d-f404736dc0b8_max.jpg</bild_url_max>
<personuppdrag>
<uppdrag>
<organ_kod datatype="string">kam</organ_kod>
<roll_kod datatype="string">Riksdagsledamot</roll_kod>
<ordningsnummer datatype="int32">307</ordningsnummer>
<status datatype="string">Tjänstgörande</status>
<typ datatype="string">kammaruppdrag</typ>
<from datatype="datetime">2014-09-29</from>
<tom datatype="datetime">2018-09-24</tom>
<uppgift datatype="string"></uppgift>
<intressent_id datatype="string">0930305890123</intressent_id>
<hangar_id datatype="int32">3057376</hangar_id>
<sortering datatype="int32">10</sortering>
<organ_sortering datatype="int32">10</organ_sortering>
<uppdrag_rollsortering datatype="string">60</uppdrag_rollsortering>
<uppdrag_statussortering datatype="string">10</uppdrag_statussortering>
</uppdrag>
<uppdrag>
<organ_kod datatype="string">KrU</organ_kod>
<roll_kod datatype="string">Suppleant</roll_kod>
<ordningsnummer datatype="int32">13</ordningsnummer>
<status datatype="string"></status>
<typ datatype="string">uppdrag</typ>
<from datatype="datetime">2014-10-07</from>
<tom datatype="datetime">2018-09-24</tom>
<uppgift datatype="string">Kulturutskottet</uppgift>
<intressent_id datatype="string">0930305890123</intressent_id>
<hangar_id datatype="int32">3057376</hangar_id>
<sortering datatype="int32">50</sortering>
<organ_sortering datatype="int32">150</organ_sortering>
<uppdrag_rollsortering datatype="string">90</uppdrag_rollsortering>
<uppdrag_statussortering datatype="string">90</uppdrag_statussortering>
</uppdrag>
<uppdrag>
<organ_kod datatype="string">TU</organ_kod>
<roll_kod datatype="string">Suppleant</roll_kod>
<ordningsnummer datatype="int32">13</ordningsnummer>
<status datatype="string"></status>
<typ datatype="string">uppdrag</typ>
<from datatype="datetime">2016-05-27</from>
<tom datatype="datetime">2018-09-24</tom>
<uppgift datatype="string">Trafikutskottet</uppgift>
<intressent_id datatype="string">0930305890123</intressent_id>
<hangar_id datatype="int32">3057376</hangar_id>
<sortering datatype="int32">50</sortering>
<organ_sortering datatype="int32">150</organ_sortering>
<uppdrag_rollsortering datatype="string">90</uppdrag_rollsortering>
<uppdrag_statussortering datatype="string">90</uppdrag_statussortering>
</uppdrag>
</personuppdrag>
<personuppgift>
<uppgift>
<kod datatype="string">Officiell e-postadress</kod>
<uppgift datatype="string">sara-lena.bjalko[på]riksdagen.se</uppgift>
<typ datatype="string">eadress</typ>
<intressent_id datatype="string">0930305890123</intressent_id>
<hangar_id datatype="int32">3057376</hangar_id>
</uppgift>
<uppgift>
<kod datatype="string">sv</kod>
<uppgift datatype="string">Företagare/Undersköterska.</uppgift>
<typ datatype="string">titlar</typ>
<intressent_id datatype="string">0930305890123</intressent_id>
<hangar_id datatype="int32">3057376</hangar_id>
</uppgift>
<uppgift>
<kod datatype="string">en</kod>
<uppgift datatype="string"></uppgift>
<typ datatype="string">titlar</typ>
<intressent_id datatype="string">0930305890123</intressent_id>
<hangar_id datatype="int32">3057376</hangar_id>
</uppgift>
<uppgift>
<kod datatype="string">KandiderarINastaVal</kod>
<uppgift datatype="string">true</uppgift>
<typ datatype="string">val</typ>
<intressent_id datatype="string">0930305890123</intressent_id>
<hangar_id datatype="int32">3057376</hangar_id>
</uppgift>
</personuppgift>
</person>
