<?xml version="1.0" encoding="utf-8" ?>
<person>
<hangar_guid datatype="guid">0fb16c00-cb31-4bd3-b055-5092ce06d845</hangar_guid>
<sourceid datatype="string">fb860100-9be3-4365-b84c-24fe53434882</sourceid>
<intressent_id datatype="string">0603490586517</intressent_id>
<hangar_id datatype="int32">2343184</hangar_id>
<fodd_ar datatype="int16">1962</fodd_ar>
<kon datatype="string">man</kon>
<efternamn datatype="string">Björklund</efternamn>
<tilltalsnamn datatype="string">Jan</tilltalsnamn>
<sorteringsnamn datatype="string">Björklund,Jan</sorteringsnamn>
<iort datatype="string"></iort>
<parti datatype="string">L</parti>
<valkrets datatype="string">Stockholms län</valkrets>
<status datatype="string">Avgången riksdagsledamot</status>
<person_url_xml datatype="string">http://data.riksdagen.se/person/fb860100-9be3-4365-b84c-24fe53434882</person_url_xml>
<bild_url_80 datatype="string">http://data.riksdagen.se/filarkiv/bilder/ledamot/fb860100-9be3-4365-b84c-24fe53434882_80.jpg</bild_url_80>
<bild_url_192 datatype="string">http://data.riksdagen.se/filarkiv/bilder/ledamot/fb860100-9be3-4365-b84c-24fe53434882_192.jpg</bild_url_192>
<bild_url_max datatype="string">http://data.riksdagen.se/filarkiv/bilder/ledamot/fb860100-9be3-4365-b84c-24fe53434882_max.jpg</bild_url_max>
<personuppdrag>
<uppdrag>
<organ_kod datatype="string">U</organ_kod>
<roll_kod datatype="string">Utbildningsminister</roll_kod>
<ordningsnummer datatype="int32">2</ordningsnummer>
<status datatype="string"></status>
<typ datatype="string">Departement</typ>
<from datatype="datetime">2007-09-11</from>
<tom datatype="datetime">2014-10-03</tom>
<uppgift datatype="string">Utbildningsdepartementet</uppgift>
<intressent_id datatype="string">0603490586517</intressent_id>
<hangar_id datatype="int32">2343184</hangar_id>
<sortering datatype="int32"></sortering>
<organ_sortering datatype="int32"></organ_sortering>
<uppdrag_rollsortering datatype="string">90</uppdrag_rollsortering>
<uppdrag_statussortering datatype="string">90</uppdrag_statussortering>
</uppdrag>
<uppdrag>
<organ_kod datatype="string">U</organ_kod>
<roll_kod datatype="string">Statsråd</roll_kod>
<ordningsnummer datatype="int32">0</ordningsnummer>
<status datatype="string"></status>
<typ datatype="string">Departement</typ>
<from datatype="datetime">2007-01-01</from>
<tom datatype="datetime">2007-09-10</tom>
<uppgift datatype="string">Utbildningsdepartementet</uppgift>
<intressent_id datatype="string">0603490586517</intressent_id>
<hangar_id datatype="int32">2343184</hangar_id>
<sortering datatype="int32">100</sortering>
<organ_sortering datatype="int32"></organ_sortering>
<uppdrag_rollsortering datatype="string">90</uppdrag_rollsortering>
<uppdrag_statussortering datatype="string">90</uppdrag_statussortering>
</uppdrag>
<uppdrag>
<organ_kod datatype="string">U t.o.m. 1 jan-07</organ_kod>
<roll_kod datatype="string">Statsråd</roll_kod>
<ordningsnummer datatype="int32">0</ordningsnummer>
<status datatype="string"></status>
<typ datatype="string">Departement</typ>
<from datatype="datetime">2006-10-06</from>
<tom datatype="datetime">2006-12-31</tom>
<uppgift datatype="string">Utbildnings- och kulturdepartementet</uppgift>
<intressent_id datatype="string">0603490586517</intressent_id>
<hangar_id datatype="int32">2343184</hangar_id>
<sortering datatype="int32">100</sortering>
<organ_sortering datatype="int32"></organ_sortering>
<uppdrag_rollsortering datatype="string">90</uppdrag_rollsortering>
<uppdrag_statussortering datatype="string">90</uppdrag_statussortering>
</uppdrag>
<uppdrag>
<organ_kod datatype="string">kam</organ_kod>
<roll_kod datatype="string">Riksdagsledamot</roll_kod>
<ordningsnummer datatype="int32">28</ordningsnummer>
<status datatype="string">Tjänstgörande</status>
<typ datatype="string">kammaruppdrag</typ>
<from datatype="datetime">2018-09-24</from>
<tom datatype="datetime">2019-10-31</tom>
<uppgift datatype="string"></uppgift>
<intressent_id datatype="string">0603490586517</intressent_id>
<hangar_id datatype="int32">2343184</hangar_id>
<sortering datatype="int32">10</sortering>
<organ_sortering datatype="int32">10</organ_sortering>
<uppdrag_rollsortering datatype="string">60</uppdrag_rollsortering>
<uppdrag_statussortering datatype="string">10</uppdrag_statussortering>
</uppdrag>
<uppdrag>
<organ_kod datatype="string">kam</organ_kod>
<roll_kod datatype="string">Riksdagsledamot</roll_kod>
<ordningsnummer datatype="int32">113</ordningsnummer>
<status datatype="string">Tjänstgörande</status>
<typ datatype="string">kammaruppdrag</typ>
<from datatype="datetime">2014-10-04</from>
<tom datatype="datetime">2018-09-24</tom>
<uppgift datatype="string"></uppgift>
<intressent_id datatype="string">0603490586517</intressent_id>
<hangar_id datatype="int32">2343184</hangar_id>
<sortering datatype="int32">10</sortering>
<organ_sortering datatype="int32">10</organ_sortering>
<uppdrag_rollsortering datatype="string">60</uppdrag_rollsortering>
<uppdrag_statussortering datatype="string">10</uppdrag_statussortering>
</uppdrag>
<uppdrag>
<organ_kod datatype="string">kam</organ_kod>
<roll_kod datatype="string">Riksdagsledamot</roll_kod>
<ordningsnummer datatype="int32">113</ordningsnummer>
<status datatype="string">Ledig</status>
<typ datatype="string">kammaruppdrag</typ>
<from datatype="datetime">2014-09-29</from>
<tom datatype="datetime">2014-10-03</tom>
<uppgift datatype="string">Gunnar Andrén 2012-06-21 - 2014-09-29, Carl B Hamilton 2014-09-29 - 2014-10-03  Statsråd</uppgift>
<intressent_id datatype="string">0603490586517</intressent_id>
<hangar_id datatype="int32">2343184</hangar_id>
<sortering datatype="int32">10</sortering>
<organ_sortering datatype="int32">10</organ_sortering>
<uppdrag_rollsortering datatype="string">60</uppdrag_rollsortering>
<uppdrag_statussortering datatype="string">30</uppdrag_statussortering>
</uppdrag>
<uppdrag>
<organ_kod datatype="string">kam</organ_kod>
<roll_kod datatype="string">Riksdagsledamot</roll_kod>
<ordningsnummer datatype="int32">176</ordningsnummer>
<status datatype="string">Ledig</status>
<typ datatype="string">kammaruppdrag</typ>
<from datatype="datetime">2010-10-04</from>
<tom datatype="datetime">2014-09-29</tom>
<uppgift datatype="string">Fredrik Malm 2006-10-06 - 2010-10-04, Erik Ullenhag 2010-10-04 - 2010-10-05, Gunnar Andrén 2010-10-06 - 2012-03-19, Martin Andreasson 2012-03-20 - 2012-06-20, Gunnar Andrén 2012-06-21 - 2014-09-29  Statsråd</uppgift>
<intressent_id datatype="string">0603490586517</intressent_id>
<hangar_id datatype="int32">2343184</hangar_id>
<sortering datatype="int32">10</sortering>
<organ_sortering datatype="int32">10</organ_sortering>
<uppdrag_rollsortering datatype="string">60</uppdrag_rollsortering>
<uppdrag_statussortering datatype="string">30</uppdrag_statussortering>
</uppdrag>
<uppdrag>
<organ_kod datatype="string">kam</organ_kod>
<roll_kod datatype="string">Riksdagsledamot</roll_kod>
<ordningsnummer datatype="int32">244</ordningsnummer>
<status datatype="string">Ledig</status>
<typ datatype="string">kammaruppdrag</typ>
<from datatype="datetime">2006-10-06</from>
<tom datatype="datetime">2010-10-04</tom>
<uppgift datatype="string">Fredrik Malm 2006-10-06 - 2010-10-04, Gulan Avci 2009-03-02 - 2009-09-02</uppgift>
<intressent_id datatype="string">0603490586517</intressent_id>
<hangar_id datatype="int32">2343184</hangar_id>
<sortering datatype="int32">10</sortering>
<organ_sortering datatype="int32">10</organ_sortering>
<uppdrag_rollsortering datatype="string">60</uppdrag_rollsortering>
<uppdrag_statussortering datatype="string">30</uppdrag_statussortering>
</uppdrag>
<uppdrag>
<organ_kod datatype="string">kam</organ_kod>
<roll_kod datatype="string">Riksdagsledamot</roll_kod>
<ordningsnummer datatype="int32">244</ordningsnummer>
<status datatype="string">Tjänstgörande</status>
<typ datatype="string">kammaruppdrag</typ>
<from datatype="datetime">2006-10-02</from>
<tom datatype="datetime">2006-10-05</tom>
<uppgift datatype="string"></uppgift>
<intressent_id datatype="string">0603490586517</intressent_id>
<hangar_id datatype="int32">2343184</hangar_id>
<sortering datatype="int32">10</sortering>
<organ_sortering datatype="int32">10</organ_sortering>
<uppdrag_rollsortering datatype="string">60</uppdrag_rollsortering>
<uppdrag_statussortering datatype="string">10</uppdrag_statussortering>
</uppdrag>
<uppdrag>
<organ_kod datatype="string">FP</organ_kod>
<roll_kod datatype="string">Partiledare</roll_kod>
<ordningsnummer datatype="int32">0</ordningsnummer>
<status datatype="string"></status>
<typ datatype="string">partiuppdrag</typ>
<from datatype="datetime">2007-09-07</from>
<tom datatype="datetime">2015-11-24</tom>
<uppgift datatype="string">Folkpartiet liberalerna</uppgift>
<intressent_id datatype="string">0603490586517</intressent_id>
<hangar_id datatype="int32">2343184</hangar_id>
<sortering datatype="int32">20</sortering>
<organ_sortering datatype="int32"></organ_sortering>
<uppdrag_rollsortering datatype="string">90</uppdrag_rollsortering>
<uppdrag_statussortering datatype="string">90</uppdrag_statussortering>
</uppdrag>
<uppdrag>
<organ_kod datatype="string">L</organ_kod>
<roll_kod datatype="string">Partiledare</roll_kod>
<ordningsnummer datatype="int32">0</ordningsnummer>
<status datatype="string"></status>
<typ datatype="string">partiuppdrag</typ>
<from datatype="datetime">2015-11-24</from>
<tom datatype="datetime">2019-06-28 13:44:00</tom>
<uppgift datatype="string">Liberalerna</uppgift>
<intressent_id datatype="string">0603490586517</intressent_id>
<hangar_id datatype="int32">2343184</hangar_id>
<sortering datatype="int32">20</sortering>
<organ_sortering datatype="int32"></organ_sortering>
<uppdrag_rollsortering datatype="string">90</uppdrag_rollsortering>
<uppdrag_statussortering datatype="string">90</uppdrag_statussortering>
</uppdrag>
<uppdrag>
<organ_kod datatype="string">KD</organ_kod>
<roll_kod datatype="string">Ledamot</roll_kod>
<ordningsnummer datatype="int32">14</ordningsnummer>
<status datatype="string"></status>
<typ datatype="string">Riksdagsorgan</typ>
<from datatype="datetime">2018-10-09</from>
<tom datatype="datetime">2019-09-05</tom>
<uppgift datatype="string">Krigsdelegationen</uppgift>
<intressent_id datatype="string">0603490586517</intressent_id>
<hangar_id datatype="int32">2343184</hangar_id>
<sortering datatype="int32">30</sortering>
<organ_sortering datatype="int32">300</organ_sortering>
<uppdrag_rollsortering datatype="string">90</uppdrag_rollsortering>
<uppdrag_statussortering datatype="string">90</uppdrag_statussortering>
</uppdrag>
<uppdrag>
<organ_kod datatype="string">KD</organ_kod>
<roll_kod datatype="string">Ledamot</roll_kod>
<ordningsnummer datatype="int32">14</ordningsnummer>
<status datatype="string"></status>
<typ datatype="string">Riksdagsorgan</typ>
<from datatype="datetime">2014-10-14</from>
<tom datatype="datetime">2018-10-09</tom>
<uppgift datatype="string">Krigsdelegationen</uppgift>
<intressent_id datatype="string">0603490586517</intressent_id>
<hangar_id datatype="int32">2343184</hangar_id>
<sortering datatype="int32">30</sortering>
<organ_sortering datatype="int32">300</organ_sortering>
<uppdrag_rollsortering datatype="string">90</uppdrag_rollsortering>
<uppdrag_statussortering datatype="string">90</uppdrag_statussortering>
</uppdrag>
<uppdrag>
<organ_kod datatype="string">UN</organ_kod>
<roll_kod datatype="string">Suppleant</roll_kod>
<ordningsnummer datatype="int32">9</ordningsnummer>
<status datatype="string"></status>
<typ datatype="string">Riksdagsorgan</typ>
<from datatype="datetime">2018-10-02</from>
<tom datatype="datetime">2019-06-27</tom>
<uppgift datatype="string">Utrikesnämnden</uppgift>
<intressent_id datatype="string">0603490586517</intressent_id>
<hangar_id datatype="int32">2343184</hangar_id>
<sortering datatype="int32">50</sortering>
<organ_sortering datatype="int32">300</organ_sortering>
<uppdrag_rollsortering datatype="string">90</uppdrag_rollsortering>
<uppdrag_statussortering datatype="string">90</uppdrag_statussortering>
</uppdrag>
<uppdrag>
<organ_kod datatype="string">UN</organ_kod>
<roll_kod datatype="string">Ledamot</roll_kod>
<ordningsnummer datatype="int32">9</ordningsnummer>
<status datatype="string"></status>
<typ datatype="string">Riksdagsorgan</typ>
<from datatype="datetime">2014-10-07</from>
<tom datatype="datetime">2018-10-02</tom>
<uppgift datatype="string">Utrikesnämnden</uppgift>
<intressent_id datatype="string">0603490586517</intressent_id>
<hangar_id datatype="int32">2343184</hangar_id>
<sortering datatype="int32">30</sortering>
<organ_sortering datatype="int32">300</organ_sortering>
<uppdrag_rollsortering datatype="string">90</uppdrag_rollsortering>
<uppdrag_statussortering datatype="string">90</uppdrag_statussortering>
</uppdrag>
<uppdrag>
<organ_kod datatype="string">KU</organ_kod>
<roll_kod datatype="string">Suppleant</roll_kod>
<ordningsnummer datatype="int32">21</ordningsnummer>
<status datatype="string"></status>
<typ datatype="string">uppdrag</typ>
<from datatype="datetime">2019-09-05</from>
<tom datatype="datetime">2019-10-31</tom>
<uppgift datatype="string">Konstitutionsutskottet</uppgift>
<intressent_id datatype="string">0603490586517</intressent_id>
<hangar_id datatype="int32">2343184</hangar_id>
<sortering datatype="int32">50</sortering>
<organ_sortering datatype="int32">150</organ_sortering>
<uppdrag_rollsortering datatype="string">90</uppdrag_rollsortering>
<uppdrag_statussortering datatype="string">90</uppdrag_statussortering>
</uppdrag>
<uppdrag>
<organ_kod datatype="string">EUN</organ_kod>
<roll_kod datatype="string">Suppleant</roll_kod>
<ordningsnummer datatype="int32">55</ordningsnummer>
<status datatype="string"></status>
<typ datatype="string">uppdrag</typ>
<from datatype="datetime">2018-10-09</from>
<tom datatype="datetime">2019-10-31</tom>
<uppgift datatype="string">EU-nämnden</uppgift>
<intressent_id datatype="string">0603490586517</intressent_id>
<hangar_id datatype="int32">2343184</hangar_id>
<sortering datatype="int32">50</sortering>
<organ_sortering datatype="int32">170</organ_sortering>
<uppdrag_rollsortering datatype="string">90</uppdrag_rollsortering>
<uppdrag_statussortering datatype="string">90</uppdrag_statussortering>
</uppdrag>
<uppdrag>
<organ_kod datatype="string">EUN</organ_kod>
<roll_kod datatype="string">Suppleant</roll_kod>
<ordningsnummer datatype="int32">49</ordningsnummer>
<status datatype="string"></status>
<typ datatype="string">uppdrag</typ>
<from datatype="datetime">2018-01-26</from>
<tom datatype="datetime">2018-10-02</tom>
<uppgift datatype="string">EU-nämnden</uppgift>
<intressent_id datatype="string">0603490586517</intressent_id>
<hangar_id datatype="int32">2343184</hangar_id>
<sortering datatype="int32">50</sortering>
<organ_sortering datatype="int32">170</organ_sortering>
<uppdrag_rollsortering datatype="string">90</uppdrag_rollsortering>
<uppdrag_statussortering datatype="string">90</uppdrag_statussortering>
</uppdrag>
</personuppdrag>
<personuppgift>
<uppgift>
<kod datatype="string">KandiderarINastaVal</kod>
<uppgift datatype="string">true</uppgift>
<typ datatype="string">val</typ>
<intressent_id datatype="string">0603490586517</intressent_id>
<hangar_id datatype="int32">2343184</hangar_id>
</uppgift>
</personuppgift>
</person>
