<?xml version="1.0" encoding="utf-8" ?>
<person>
<hangar_guid datatype="guid">74c37751-cb8d-43f6-ab4b-2ce2d5593802</hangar_guid>
<sourceid datatype="string">3c5cc452-e4cd-11d6-ae81-0004755038ce</sourceid>
<intressent_id datatype="string">0286593079005</intressent_id>
<hangar_id datatype="int32">2342281</hangar_id>
<fodd_ar datatype="int16">1944</fodd_ar>
<kon datatype="string">kvinna</kon>
<efternamn datatype="string">Björklund</efternamn>
<tilltalsnamn datatype="string">Leni</tilltalsnamn>
<sorteringsnamn datatype="string">Björklund,Leni</sorteringsnamn>
<iort datatype="string"></iort>
<parti datatype="string">S</parti>
<valkrets datatype="string"></valkrets>
<status datatype="string">Tidigare försvarsminister</status>
<person_url_xml datatype="string">http://data.riksdagen.se/person/3c5cc452-e4cd-11d6-ae81-0004755038ce</person_url_xml>
<bild_url_80 datatype="string">http://data.riksdagen.se/filarkiv/bilder/ledamot/3c5cc452-e4cd-11d6-ae81-0004755038ce_80.jpg</bild_url_80>
<bild_url_192 datatype="string">http://data.riksdagen.se/filarkiv/bilder/ledamot/3c5cc452-e4cd-11d6-ae81-0004755038ce_192.jpg</bild_url_192>
<bild_url_max datatype="string">http://data.riksdagen.se/filarkiv/bilder/ledamot/3c5cc452-e4cd-11d6-ae81-0004755038ce_max.jpg</bild_url_max>
<personuppdrag>
<uppdrag>
<organ_kod datatype="string">Fö</organ_kod>
<roll_kod datatype="string">Försvarsminister</roll_kod>
<ordningsnummer datatype="int32">0</ordningsnummer>
<status datatype="string"></status>
<typ datatype="string">Departement</typ>
<from datatype="datetime">2006-10-02</from>
<tom datatype="datetime">2006-10-06</tom>
<uppgift datatype="string">Försvarsdepartementet</uppgift>
<intressent_id datatype="string">0286593079005</intressent_id>
<hangar_id datatype="int32">2342281</hangar_id>
<sortering datatype="int32">50</sortering>
<organ_sortering datatype="int32"></organ_sortering>
<uppdrag_rollsortering datatype="string">90</uppdrag_rollsortering>
<uppdrag_statussortering datatype="string">90</uppdrag_statussortering>
</uppdrag>
<uppdrag>
<organ_kod datatype="string">Fö</organ_kod>
<roll_kod datatype="string">Statsråd</roll_kod>
<ordningsnummer datatype="int32">0</ordningsnummer>
<status datatype="string"></status>
<typ datatype="string">Departement</typ>
<from datatype="datetime">2002-09-30</from>
<tom datatype="datetime">2006-10-02</tom>
<uppgift datatype="string">Försvarsdepartementet</uppgift>
<intressent_id datatype="string">0286593079005</intressent_id>
<hangar_id datatype="int32">2342281</hangar_id>
<sortering datatype="int32">100</sortering>
<organ_sortering datatype="int32"></organ_sortering>
<uppdrag_rollsortering datatype="string">90</uppdrag_rollsortering>
<uppdrag_statussortering datatype="string">90</uppdrag_statussortering>
</uppdrag>
</personuppdrag>
<personuppgift>
</personuppgift>
</person>
