<?xml version="1.0" encoding="utf-8" ?>
<person>
<hangar_guid datatype="guid">2aa5cb64-b230-46f3-abb8-400d241d9444</hangar_guid>
<sourceid datatype="string">e83f1e68-0437-4f7a-a910-efaa7700d843</sourceid>
<intressent_id datatype="string">0389619060499</intressent_id>
<hangar_id datatype="int32">2341618</hangar_id>
<fodd_ar datatype="int16">1911</fodd_ar>
<kon datatype="string">man</kon>
<efternamn datatype="string">Bohman</efternamn>
<tilltalsnamn datatype="string">Gösta</tilltalsnamn>
<sorteringsnamn datatype="string">Bohman,Gösta</sorteringsnamn>
<iort datatype="string"></iort>
<parti datatype="string">M</parti>
<valkrets datatype="string"></valkrets>
<status datatype="string">Tidigare riksdagsledamot</status>
<person_url_xml datatype="string">http://data.riksdagen.se/person/e83f1e68-0437-4f7a-a910-efaa7700d843</person_url_xml>
<bild_url_80 datatype="string">http://data.riksdagen.se/filarkiv/bilder/ledamot/e83f1e68-0437-4f7a-a910-efaa7700d843_80.jpg</bild_url_80>
<bild_url_192 datatype="string">http://data.riksdagen.se/filarkiv/bilder/ledamot/e83f1e68-0437-4f7a-a910-efaa7700d843_192.jpg</bild_url_192>
<bild_url_max datatype="string">http://data.riksdagen.se/filarkiv/bilder/ledamot/e83f1e68-0437-4f7a-a910-efaa7700d843_max.jpg</bild_url_max>
<personuppdrag>
<uppdrag>
<organ_kod datatype="string">kam</organ_kod>
<roll_kod datatype="string">Riksdagsledamot</roll_kod>
<ordningsnummer datatype="int32">1</ordningsnummer>
<status datatype="string">Tjänstgörande</status>
<typ datatype="string">kammaruppdrag</typ>
<from datatype="datetime">1990-04-20</from>
<tom datatype="datetime">1991-09-30</tom>
<uppgift datatype="string"></uppgift>
<intressent_id datatype="string">0389619060499</intressent_id>
<hangar_id datatype="int32">2341618</hangar_id>
<sortering datatype="int32">10</sortering>
<organ_sortering datatype="int32">10</organ_sortering>
<uppdrag_rollsortering datatype="string">60</uppdrag_rollsortering>
<uppdrag_statussortering datatype="string">10</uppdrag_statussortering>
</uppdrag>
<uppdrag>
<organ_kod datatype="string">kam</organ_kod>
<roll_kod datatype="string">Riksdagsledamot</roll_kod>
<ordningsnummer datatype="int32">1</ordningsnummer>
<status datatype="string">Ledig</status>
<typ datatype="string">kammaruppdrag</typ>
<from datatype="datetime">1990-03-19</from>
<tom datatype="datetime">1990-04-19</tom>
<uppgift datatype="string">Mikael Odenberg 1990-03-19 - 1990-04-19</uppgift>
<intressent_id datatype="string">0389619060499</intressent_id>
<hangar_id datatype="int32">2341618</hangar_id>
<sortering datatype="int32">10</sortering>
<organ_sortering datatype="int32">10</organ_sortering>
<uppdrag_rollsortering datatype="string">60</uppdrag_rollsortering>
<uppdrag_statussortering datatype="string">30</uppdrag_statussortering>
</uppdrag>
<uppdrag>
<organ_kod datatype="string">kam</organ_kod>
<roll_kod datatype="string">Riksdagsledamot</roll_kod>
<ordningsnummer datatype="int32">1</ordningsnummer>
<status datatype="string">Tjänstgörande</status>
<typ datatype="string">kammaruppdrag</typ>
<from datatype="datetime">1988-10-03</from>
<tom datatype="datetime">1990-03-18</tom>
<uppgift datatype="string"></uppgift>
<intressent_id datatype="string">0389619060499</intressent_id>
<hangar_id datatype="int32">2341618</hangar_id>
<sortering datatype="int32">10</sortering>
<organ_sortering datatype="int32">10</organ_sortering>
<uppdrag_rollsortering datatype="string">60</uppdrag_rollsortering>
<uppdrag_statussortering datatype="string">10</uppdrag_statussortering>
</uppdrag>
<uppdrag>
<organ_kod datatype="string">kam</organ_kod>
<roll_kod datatype="string">Riksdagsledamot</roll_kod>
<ordningsnummer datatype="int32">0</ordningsnummer>
<status datatype="string">Tjänstgörande</status>
<typ datatype="string">kammaruppdrag</typ>
<from datatype="datetime">1987-06-02</from>
<tom datatype="datetime">1988-10-03</tom>
<uppgift datatype="string"></uppgift>
<intressent_id datatype="string">0389619060499</intressent_id>
<hangar_id datatype="int32">2341618</hangar_id>
<sortering datatype="int32">10</sortering>
<organ_sortering datatype="int32">10</organ_sortering>
<uppdrag_rollsortering datatype="string">60</uppdrag_rollsortering>
<uppdrag_statussortering datatype="string">10</uppdrag_statussortering>
</uppdrag>
<uppdrag>
<organ_kod datatype="string">kam</organ_kod>
<roll_kod datatype="string">Riksdagsledamot</roll_kod>
<ordningsnummer datatype="int32">0</ordningsnummer>
<status datatype="string">Ledig</status>
<typ datatype="string">kammaruppdrag</typ>
<from datatype="datetime">1987-04-27</from>
<tom datatype="datetime">1987-06-01</tom>
<uppgift datatype="string">Mikael Odenberg 1987-04-27 - 1987-06-01</uppgift>
<intressent_id datatype="string">0389619060499</intressent_id>
<hangar_id datatype="int32">2341618</hangar_id>
<sortering datatype="int32">10</sortering>
<organ_sortering datatype="int32">10</organ_sortering>
<uppdrag_rollsortering datatype="string">60</uppdrag_rollsortering>
<uppdrag_statussortering datatype="string">30</uppdrag_statussortering>
</uppdrag>
<uppdrag>
<organ_kod datatype="string">kam</organ_kod>
<roll_kod datatype="string">Riksdagsledamot</roll_kod>
<ordningsnummer datatype="int32">0</ordningsnummer>
<status datatype="string">Tjänstgörande</status>
<typ datatype="string">kammaruppdrag</typ>
<from datatype="datetime">1986-06-08</from>
<tom datatype="datetime">1987-04-26</tom>
<uppgift datatype="string"></uppgift>
<intressent_id datatype="string">0389619060499</intressent_id>
<hangar_id datatype="int32">2341618</hangar_id>
<sortering datatype="int32">10</sortering>
<organ_sortering datatype="int32">10</organ_sortering>
<uppdrag_rollsortering datatype="string">60</uppdrag_rollsortering>
<uppdrag_statussortering datatype="string">10</uppdrag_statussortering>
</uppdrag>
<uppdrag>
<organ_kod datatype="string">kam</organ_kod>
<roll_kod datatype="string">Riksdagsledamot</roll_kod>
<ordningsnummer datatype="int32">0</ordningsnummer>
<status datatype="string">Ledig</status>
<typ datatype="string">kammaruppdrag</typ>
<from datatype="datetime">1986-04-28</from>
<tom datatype="datetime">1986-06-07</tom>
<uppgift datatype="string">Barbro Nilsson 1986-04-28 - 1986-06-07</uppgift>
<intressent_id datatype="string">0389619060499</intressent_id>
<hangar_id datatype="int32">2341618</hangar_id>
<sortering datatype="int32">10</sortering>
<organ_sortering datatype="int32">10</organ_sortering>
<uppdrag_rollsortering datatype="string">60</uppdrag_rollsortering>
<uppdrag_statussortering datatype="string">30</uppdrag_statussortering>
</uppdrag>
<uppdrag>
<organ_kod datatype="string">kam</organ_kod>
<roll_kod datatype="string">Riksdagsledamot</roll_kod>
<ordningsnummer datatype="int32">0</ordningsnummer>
<status datatype="string">Tjänstgörande</status>
<typ datatype="string">kammaruppdrag</typ>
<from datatype="datetime">1985-09-30</from>
<tom datatype="datetime">1986-04-27</tom>
<uppgift datatype="string"></uppgift>
<intressent_id datatype="string">0389619060499</intressent_id>
<hangar_id datatype="int32">2341618</hangar_id>
<sortering datatype="int32">10</sortering>
<organ_sortering datatype="int32">10</organ_sortering>
<uppdrag_rollsortering datatype="string">60</uppdrag_rollsortering>
<uppdrag_statussortering datatype="string">10</uppdrag_statussortering>
</uppdrag>
<uppdrag>
<organ_kod datatype="string">kam</organ_kod>
<roll_kod datatype="string">Riksdagsledamot</roll_kod>
<ordningsnummer datatype="int32">0</ordningsnummer>
<status datatype="string">Tjänstgörande</status>
<typ datatype="string">kammaruppdrag</typ>
<from datatype="datetime">1982-10-04</from>
<tom datatype="datetime">1985-09-30</tom>
<uppgift datatype="string"></uppgift>
<intressent_id datatype="string">0389619060499</intressent_id>
<hangar_id datatype="int32">2341618</hangar_id>
<sortering datatype="int32">10</sortering>
<organ_sortering datatype="int32">10</organ_sortering>
<uppdrag_rollsortering datatype="string">60</uppdrag_rollsortering>
<uppdrag_statussortering datatype="string">10</uppdrag_statussortering>
</uppdrag>
<uppdrag>
<organ_kod datatype="string">kam</organ_kod>
<roll_kod datatype="string">Riksdagsledamot</roll_kod>
<ordningsnummer datatype="int32">0</ordningsnummer>
<status datatype="string">Tjänstgörande</status>
<typ datatype="string">kammaruppdrag</typ>
<from datatype="datetime">1979-10-01</from>
<tom datatype="datetime">1982-10-04</tom>
<uppgift datatype="string"></uppgift>
<intressent_id datatype="string">0389619060499</intressent_id>
<hangar_id datatype="int32">2341618</hangar_id>
<sortering datatype="int32">10</sortering>
<organ_sortering datatype="int32">10</organ_sortering>
<uppdrag_rollsortering datatype="string">60</uppdrag_rollsortering>
<uppdrag_statussortering datatype="string">10</uppdrag_statussortering>
</uppdrag>
<uppdrag>
<organ_kod datatype="string">kam</organ_kod>
<roll_kod datatype="string">Riksdagsledamot</roll_kod>
<ordningsnummer datatype="int32">0</ordningsnummer>
<status datatype="string">Tjänstgörande</status>
<typ datatype="string">kammaruppdrag</typ>
<from datatype="datetime">1976-10-04</from>
<tom datatype="datetime">1979-10-01</tom>
<uppgift datatype="string"></uppgift>
<intressent_id datatype="string">0389619060499</intressent_id>
<hangar_id datatype="int32">2341618</hangar_id>
<sortering datatype="int32">10</sortering>
<organ_sortering datatype="int32">10</organ_sortering>
<uppdrag_rollsortering datatype="string">60</uppdrag_rollsortering>
<uppdrag_statussortering datatype="string">10</uppdrag_statussortering>
</uppdrag>
</personuppdrag>
<personuppgift>
<uppgift>
<kod datatype="string">sv</kod>
<uppgift datatype="string">jur.kand.</uppgift>
<typ datatype="string">titlar</typ>
<intressent_id datatype="string">0389619060499</intressent_id>
<hangar_id datatype="int32">2341618</hangar_id>
</uppgift>
<uppgift>
<kod datatype="string">en</kod>
<uppgift datatype="string"></uppgift>
<typ datatype="string">titlar</typ>
<intressent_id datatype="string">0389619060499</intressent_id>
<hangar_id datatype="int32">2341618</hangar_id>
</uppgift>
</personuppgift>
</person>
