<?xml version="1.0" encoding="utf-8" ?>
<person>
<hangar_guid datatype="guid">117bfb92-b646-42b3-9e17-361caf914f56</hangar_guid>
<sourceid datatype="string">2e2ee7ef-dcad-4543-8e46-cb995d4f9e97</sourceid>
<intressent_id datatype="string">072821648404</intressent_id>
<hangar_id datatype="int32">3057121</hangar_id>
<fodd_ar datatype="int16">1939</fodd_ar>
<kon datatype="string">kvinna</kon>
<efternamn datatype="string">Bonnier</efternamn>
<tilltalsnamn datatype="string">Helena</tilltalsnamn>
<sorteringsnamn datatype="string">Bonnier,Helena</sorteringsnamn>
<iort datatype="string"></iort>
<parti datatype="string">M</parti>
<valkrets datatype="string">Stockholms kommun</valkrets>
<status datatype="string">Tidigare ersättare</status>
<person_url_xml datatype="string">http://data.riksdagen.se/person/2e2ee7ef-dcad-4543-8e46-cb995d4f9e97</person_url_xml>
<bild_url_80 datatype="string">http://data.riksdagen.se/filarkiv/bilder/ledamot/2e2ee7ef-dcad-4543-8e46-cb995d4f9e97_80.jpg</bild_url_80>
<bild_url_192 datatype="string">http://data.riksdagen.se/filarkiv/bilder/ledamot/2e2ee7ef-dcad-4543-8e46-cb995d4f9e97_192.jpg</bild_url_192>
<bild_url_max datatype="string">http://data.riksdagen.se/filarkiv/bilder/ledamot/2e2ee7ef-dcad-4543-8e46-cb995d4f9e97_max.jpg</bild_url_max>
<personuppdrag>
<uppdrag>
<organ_kod datatype="string">kam</organ_kod>
<roll_kod datatype="string">Ersättare</roll_kod>
<ordningsnummer datatype="int32">316</ordningsnummer>
<status datatype="string">Ersättare</status>
<typ datatype="string">kammaruppdrag</typ>
<from datatype="datetime">2017-07-05</from>
<tom datatype="datetime">2018-03-05</tom>
<uppgift datatype="string">Tina Ghasemi Liljekvist</uppgift>
<intressent_id datatype="string">072821648404</intressent_id>
<hangar_id datatype="int32">3057121</hangar_id>
<sortering datatype="int32">45</sortering>
<organ_sortering datatype="int32">10</organ_sortering>
<uppdrag_rollsortering datatype="string">60</uppdrag_rollsortering>
<uppdrag_statussortering datatype="string">20</uppdrag_statussortering>
</uppdrag>
<uppdrag>
<organ_kod datatype="string">SfU</organ_kod>
<roll_kod datatype="string">Extra suppleant</roll_kod>
<ordningsnummer datatype="int32">0</ordningsnummer>
<status datatype="string"></status>
<typ datatype="string">uppdrag</typ>
<from datatype="datetime">2017-07-05</from>
<tom datatype="datetime">2018-03-05</tom>
<uppgift datatype="string">Socialförsäkringsutskottet</uppgift>
<intressent_id datatype="string">072821648404</intressent_id>
<hangar_id datatype="int32">3057121</hangar_id>
<sortering datatype="int32">55</sortering>
<organ_sortering datatype="int32">150</organ_sortering>
<uppdrag_rollsortering datatype="string">90</uppdrag_rollsortering>
<uppdrag_statussortering datatype="string">90</uppdrag_statussortering>
</uppdrag>
</personuppdrag>
<personuppgift>
<uppgift>
<kod datatype="string">Officiell e-postadress</kod>
<uppgift datatype="string">helena.bonnier[på]riksdagen.se</uppgift>
<typ datatype="string">eadress</typ>
<intressent_id datatype="string">072821648404</intressent_id>
<hangar_id datatype="int32">3057121</hangar_id>
</uppgift>
</personuppgift>
</person>
