<?xml version="1.0" encoding="utf-8" ?>
<person>
<hangar_guid datatype="guid">90addde0-ed4b-436a-8829-7ca9218447e3</hangar_guid>
<sourceid datatype="string">20dc3eba-6831-4283-b7dc-366651abc383</sourceid>
<intressent_id datatype="string">0685433188501</intressent_id>
<hangar_id datatype="int32">2342367</hangar_id>
<fodd_ar datatype="int16">1946</fodd_ar>
<kon datatype="string">kvinna</kon>
<efternamn datatype="string">Bouvin</efternamn>
<tilltalsnamn datatype="string">Ulla</tilltalsnamn>
<sorteringsnamn datatype="string">Bouvin,Ulla</sorteringsnamn>
<iort datatype="string"></iort>
<parti datatype="string">MP</parti>
<valkrets datatype="string"></valkrets>
<status datatype="string">Status saknas</status>
<person_url_xml datatype="string">http://data.riksdagen.se/person/20dc3eba-6831-4283-b7dc-366651abc383</person_url_xml>
<bild_url_80 datatype="string">http://data.riksdagen.se/filarkiv/bilder/ledamot/20dc3eba-6831-4283-b7dc-366651abc383_80.jpg</bild_url_80>
<bild_url_192 datatype="string">http://data.riksdagen.se/filarkiv/bilder/ledamot/20dc3eba-6831-4283-b7dc-366651abc383_192.jpg</bild_url_192>
<bild_url_max datatype="string">http://data.riksdagen.se/filarkiv/bilder/ledamot/20dc3eba-6831-4283-b7dc-366651abc383_max.jpg</bild_url_max>
<personuppdrag>
<uppdrag>
<organ_kod datatype="string">FöU</organ_kod>
<roll_kod datatype="string">Suppleant</roll_kod>
<ordningsnummer datatype="int32">0</ordningsnummer>
<status datatype="string"></status>
<typ datatype="string">uppdrag</typ>
<from datatype="datetime">1990-04-18</from>
<tom datatype="datetime">1990-05-18</tom>
<uppgift datatype="string">Försvarsutskottet</uppgift>
<intressent_id datatype="string">0685433188501</intressent_id>
<hangar_id datatype="int32">2342367</hangar_id>
<sortering datatype="int32">50</sortering>
<organ_sortering datatype="int32">150</organ_sortering>
<uppdrag_rollsortering datatype="string">90</uppdrag_rollsortering>
<uppdrag_statussortering datatype="string">90</uppdrag_statussortering>
</uppdrag>
<uppdrag>
<organ_kod datatype="string">SoU</organ_kod>
<roll_kod datatype="string">Suppleant</roll_kod>
<ordningsnummer datatype="int32">0</ordningsnummer>
<status datatype="string"></status>
<typ datatype="string">uppdrag</typ>
<from datatype="datetime">1990-04-18</from>
<tom datatype="datetime">1990-05-18</tom>
<uppgift datatype="string">Socialutskottet</uppgift>
<intressent_id datatype="string">0685433188501</intressent_id>
<hangar_id datatype="int32">2342367</hangar_id>
<sortering datatype="int32">50</sortering>
<organ_sortering datatype="int32">150</organ_sortering>
<uppdrag_rollsortering datatype="string">90</uppdrag_rollsortering>
<uppdrag_statussortering datatype="string">90</uppdrag_statussortering>
</uppdrag>
</personuppdrag>
<personuppgift>
<uppgift>
<kod datatype="string">en</kod>
<uppgift datatype="string"></uppgift>
<typ datatype="string">titlar</typ>
<intressent_id datatype="string">0685433188501</intressent_id>
<hangar_id datatype="int32">2342367</hangar_id>
</uppgift>
<uppgift>
<kod datatype="string">sv</kod>
<uppgift datatype="string">fil.kand</uppgift>
<typ datatype="string">titlar</typ>
<intressent_id datatype="string">0685433188501</intressent_id>
<hangar_id datatype="int32">2342367</hangar_id>
</uppgift>
</personuppgift>
</person>
