<?xml version="1.0" encoding="utf-8" ?>
<person>
<hangar_guid datatype="guid">852777fe-cfb1-4b17-a2a6-e21313de9cbf</hangar_guid>
<sourceid datatype="string">f03ff4ea-c476-11d4-ae40-006008578ce8</sourceid>
<intressent_id datatype="string">0937372967816</intressent_id>
<hangar_id datatype="int32">2343359</hangar_id>
<fodd_ar datatype="int16">1967</fodd_ar>
<kon datatype="string">kvinna</kon>
<efternamn datatype="string">Broberg</efternamn>
<tilltalsnamn datatype="string">Hanna</tilltalsnamn>
<sorteringsnamn datatype="string">Broberg,Hanna</sorteringsnamn>
<iort datatype="string"></iort>
<parti datatype="string">M</parti>
<valkrets datatype="string">Stockholms kommun</valkrets>
<status datatype="string">Tidigare ersättare</status>
<person_url_xml datatype="string">http://data.riksdagen.se/person/f03ff4ea-c476-11d4-ae40-006008578ce8</person_url_xml>
<bild_url_80 datatype="string">http://data.riksdagen.se/filarkiv/bilder/ledamot/f03ff4ea-c476-11d4-ae40-006008578ce8_80.jpg</bild_url_80>
<bild_url_192 datatype="string">http://data.riksdagen.se/filarkiv/bilder/ledamot/f03ff4ea-c476-11d4-ae40-006008578ce8_192.jpg</bild_url_192>
<bild_url_max datatype="string">http://data.riksdagen.se/filarkiv/bilder/ledamot/f03ff4ea-c476-11d4-ae40-006008578ce8_max.jpg</bild_url_max>
<personuppdrag>
<uppdrag>
<organ_kod datatype="string">kam</organ_kod>
<roll_kod datatype="string">Ersättare</roll_kod>
<ordningsnummer datatype="int32">74</ordningsnummer>
<status datatype="string">Ersättare</status>
<typ datatype="string">kammaruppdrag</typ>
<from datatype="datetime">2001-01-16</from>
<tom datatype="datetime">2001-02-16</tom>
<uppgift datatype="string">Per Bill</uppgift>
<intressent_id datatype="string">0937372967816</intressent_id>
<hangar_id datatype="int32">2343359</hangar_id>
<sortering datatype="int32">45</sortering>
<organ_sortering datatype="int32">10</organ_sortering>
<uppdrag_rollsortering datatype="string">60</uppdrag_rollsortering>
<uppdrag_statussortering datatype="string">20</uppdrag_statussortering>
</uppdrag>
<uppdrag>
<organ_kod datatype="string">UbU</organ_kod>
<roll_kod datatype="string">Suppleant</roll_kod>
<ordningsnummer datatype="int32">0</ordningsnummer>
<status datatype="string"></status>
<typ datatype="string">uppdrag</typ>
<from datatype="datetime">2001-01-16</from>
<tom datatype="datetime">2001-02-16</tom>
<uppgift datatype="string">Utbildningsutskottet</uppgift>
<intressent_id datatype="string">0937372967816</intressent_id>
<hangar_id datatype="int32">2343359</hangar_id>
<sortering datatype="int32">50</sortering>
<organ_sortering datatype="int32">150</organ_sortering>
<uppdrag_rollsortering datatype="string">90</uppdrag_rollsortering>
<uppdrag_statussortering datatype="string">90</uppdrag_statussortering>
</uppdrag>
</personuppdrag>
<personuppgift>
</personuppgift>
</person>
