<?xml version="1.0" encoding="utf-8" ?>
<person>
<hangar_guid datatype="guid">ec59913f-68e4-452f-9073-e36c41d70781</hangar_guid>
<sourceid datatype="string">86c365a5-452c-4bca-8871-45bf67a44645</sourceid>
<intressent_id datatype="string">0378597308227</intressent_id>
<hangar_id datatype="int32">5003697</hangar_id>
<fodd_ar datatype="int16">1979</fodd_ar>
<kon datatype="string">kvinna</kon>
<efternamn datatype="string">Brodin</efternamn>
<tilltalsnamn datatype="string">Camilla</tilltalsnamn>
<sorteringsnamn datatype="string">Brodin,Camilla</sorteringsnamn>
<iort datatype="string"></iort>
<parti datatype="string">KD</parti>
<valkrets datatype="string">Stockholms län</valkrets>
<status datatype="string">Tjänstgörande riksdagsledamot</status>
<person_url_xml datatype="string">http://data.riksdagen.se/person/86c365a5-452c-4bca-8871-45bf67a44645</person_url_xml>
<bild_url_80 datatype="string">http://data.riksdagen.se/filarkiv/bilder/ledamot/86c365a5-452c-4bca-8871-45bf67a44645_80.jpg</bild_url_80>
<bild_url_192 datatype="string">http://data.riksdagen.se/filarkiv/bilder/ledamot/86c365a5-452c-4bca-8871-45bf67a44645_192.jpg</bild_url_192>
<bild_url_max datatype="string">http://data.riksdagen.se/filarkiv/bilder/ledamot/86c365a5-452c-4bca-8871-45bf67a44645_max.jpg</bild_url_max>
<personuppdrag>
<uppdrag>
<organ_kod datatype="string">kam</organ_kod>
<roll_kod datatype="string">Riksdagsledamot</roll_kod>
<ordningsnummer datatype="int32">284</ordningsnummer>
<status datatype="string">Tjänstgörande</status>
<typ datatype="string">kammaruppdrag</typ>
<from datatype="datetime">2018-09-24</from>
<tom datatype="datetime">2022-09-26</tom>
<uppgift datatype="string"></uppgift>
<intressent_id datatype="string">0378597308227</intressent_id>
<hangar_id datatype="int32">5003697</hangar_id>
<sortering datatype="int32">10</sortering>
<organ_sortering datatype="int32">10</organ_sortering>
<uppdrag_rollsortering datatype="string">60</uppdrag_rollsortering>
<uppdrag_statussortering datatype="string">10</uppdrag_statussortering>
</uppdrag>
<uppdrag>
<organ_kod datatype="string">KD</organ_kod>
<roll_kod datatype="string">Kvittningsman</roll_kod>
<ordningsnummer datatype="int32">0</ordningsnummer>
<status datatype="string"></status>
<typ datatype="string">partiuppdrag</typ>
<from datatype="datetime">2018-09-24</from>
<tom datatype="datetime"></tom>
<uppgift datatype="string">Kristdemokraterna</uppgift>
<intressent_id datatype="string">0378597308227</intressent_id>
<hangar_id datatype="int32">5003697</hangar_id>
<sortering datatype="int32"></sortering>
<organ_sortering datatype="int32">300</organ_sortering>
<uppdrag_rollsortering datatype="string">90</uppdrag_rollsortering>
<uppdrag_statussortering datatype="string">90</uppdrag_statussortering>
</uppdrag>
<uppdrag>
<organ_kod datatype="string">KD</organ_kod>
<roll_kod datatype="string">Vice gruppledare</roll_kod>
<ordningsnummer datatype="int32">0</ordningsnummer>
<status datatype="string"></status>
<typ datatype="string">partiuppdrag</typ>
<from datatype="datetime">2018-10-09</from>
<tom datatype="datetime"></tom>
<uppgift datatype="string">Kristdemokraterna</uppgift>
<intressent_id datatype="string">0378597308227</intressent_id>
<hangar_id datatype="int32">5003697</hangar_id>
<sortering datatype="int32">30</sortering>
<organ_sortering datatype="int32">300</organ_sortering>
<uppdrag_rollsortering datatype="string">90</uppdrag_rollsortering>
<uppdrag_statussortering datatype="string">90</uppdrag_statussortering>
</uppdrag>
<uppdrag>
<organ_kod datatype="string">LR</organ_kod>
<roll_kod datatype="string">Ledamot</roll_kod>
<ordningsnummer datatype="int32">6</ordningsnummer>
<status datatype="string"></status>
<typ datatype="string">Riksdagsorgan</typ>
<from datatype="datetime">2018-10-10</from>
<tom datatype="datetime">2022-10-10</tom>
<uppgift datatype="string">Ledamotsrådet</uppgift>
<intressent_id datatype="string">0378597308227</intressent_id>
<hangar_id datatype="int32">5003697</hangar_id>
<sortering datatype="int32">30</sortering>
<organ_sortering datatype="int32">300</organ_sortering>
<uppdrag_rollsortering datatype="string">90</uppdrag_rollsortering>
<uppdrag_statussortering datatype="string">90</uppdrag_statussortering>
</uppdrag>
<uppdrag>
<organ_kod datatype="string">AU</organ_kod>
<roll_kod datatype="string">Suppleant</roll_kod>
<ordningsnummer datatype="int32">26</ordningsnummer>
<status datatype="string"></status>
<typ datatype="string">uppdrag</typ>
<from datatype="datetime">2018-10-16</from>
<tom datatype="datetime">2022-09-26</tom>
<uppgift datatype="string">Arbetsmarknadsutskottet</uppgift>
<intressent_id datatype="string">0378597308227</intressent_id>
<hangar_id datatype="int32">5003697</hangar_id>
<sortering datatype="int32">50</sortering>
<organ_sortering datatype="int32">150</organ_sortering>
<uppdrag_rollsortering datatype="string">90</uppdrag_rollsortering>
<uppdrag_statussortering datatype="string">90</uppdrag_statussortering>
</uppdrag>
<uppdrag>
<organ_kod datatype="string">NU</organ_kod>
<roll_kod datatype="string">Ledamot</roll_kod>
<ordningsnummer datatype="int32">12</ordningsnummer>
<status datatype="string"></status>
<typ datatype="string">uppdrag</typ>
<from datatype="datetime">2018-10-02</from>
<tom datatype="datetime">2022-09-26</tom>
<uppgift datatype="string">Näringsutskottet</uppgift>
<intressent_id datatype="string">0378597308227</intressent_id>
<hangar_id datatype="int32">5003697</hangar_id>
<sortering datatype="int32">30</sortering>
<organ_sortering datatype="int32">150</organ_sortering>
<uppdrag_rollsortering datatype="string">90</uppdrag_rollsortering>
<uppdrag_statussortering datatype="string">90</uppdrag_statussortering>
</uppdrag>
<uppdrag>
<organ_kod datatype="string">EUN</organ_kod>
<roll_kod datatype="string">Suppleant</roll_kod>
<ordningsnummer datatype="int32">94</ordningsnummer>
<status datatype="string"></status>
<typ datatype="string">uppdrag</typ>
<from datatype="datetime">2019-09-26</from>
<tom datatype="datetime">2022-09-26</tom>
<uppgift datatype="string">EU-nämnden</uppgift>
<intressent_id datatype="string">0378597308227</intressent_id>
<hangar_id datatype="int32">5003697</hangar_id>
<sortering datatype="int32">50</sortering>
<organ_sortering datatype="int32">170</organ_sortering>
<uppdrag_rollsortering datatype="string">90</uppdrag_rollsortering>
<uppdrag_statussortering datatype="string">90</uppdrag_statussortering>
</uppdrag>
</personuppdrag>
<personuppgift>
<uppgift>
<kod datatype="string">Officiell e-postadress</kod>
<uppgift datatype="string">camilla.brodin[på]riksdagen.se</uppgift>
<typ datatype="string">eadress</typ>
<intressent_id datatype="string">0378597308227</intressent_id>
<hangar_id datatype="int32">5003697</hangar_id>
</uppgift>
<uppgift>
<kod datatype="string">sv</kod>
<uppgift datatype="string">Chefssekreterare.</uppgift>
<typ datatype="string">titlar</typ>
<intressent_id datatype="string">0378597308227</intressent_id>
<hangar_id datatype="int32">5003697</hangar_id>
</uppgift>
<uppgift>
<kod datatype="string">en</kod>
<uppgift datatype="string"></uppgift>
<typ datatype="string">titlar</typ>
<intressent_id datatype="string">0378597308227</intressent_id>
<hangar_id datatype="int32">5003697</hangar_id>
</uppgift>
</personuppgift>
</person>
