<?xml version="1.0" encoding="utf-8" ?>
<person>
<hangar_guid datatype="guid">470ac574-d8fe-4f19-bfb5-20fd76a233fe</hangar_guid>
<sourceid datatype="string">9bf6b7c1-50b0-4eb2-945c-5b289d474306</sourceid>
<intressent_id datatype="string">0781357446917</intressent_id>
<hangar_id datatype="int32">2369387</hangar_id>
<fodd_ar datatype="int16">1954</fodd_ar>
<kon datatype="string">man</kon>
<efternamn datatype="string">Bucht</efternamn>
<tilltalsnamn datatype="string">Sven-Erik</tilltalsnamn>
<sorteringsnamn datatype="string">Bucht,Sven-Erik</sorteringsnamn>
<iort datatype="string"></iort>
<parti datatype="string">S</parti>
<valkrets datatype="string">Norrbottens län</valkrets>
<status datatype="string">Avgången riksdagsledamot</status>
<person_url_xml datatype="string">http://data.riksdagen.se/person/9bf6b7c1-50b0-4eb2-945c-5b289d474306</person_url_xml>
<bild_url_80 datatype="string">http://data.riksdagen.se/filarkiv/bilder/ledamot/9bf6b7c1-50b0-4eb2-945c-5b289d474306_80.jpg</bild_url_80>
<bild_url_192 datatype="string">http://data.riksdagen.se/filarkiv/bilder/ledamot/9bf6b7c1-50b0-4eb2-945c-5b289d474306_192.jpg</bild_url_192>
<bild_url_max datatype="string">http://data.riksdagen.se/filarkiv/bilder/ledamot/9bf6b7c1-50b0-4eb2-945c-5b289d474306_max.jpg</bild_url_max>
<personuppdrag>
<uppdrag>
<organ_kod datatype="string">L</organ_kod>
<roll_kod datatype="string">Landsbygdsminister</roll_kod>
<ordningsnummer datatype="int32">8</ordningsnummer>
<status datatype="string"></status>
<typ datatype="string">Departement</typ>
<from datatype="datetime">2014-10-03</from>
<tom datatype="datetime">2014-12-31</tom>
<uppgift datatype="string">Landsbygdsdepartementet</uppgift>
<intressent_id datatype="string">0781357446917</intressent_id>
<hangar_id datatype="int32">2369387</hangar_id>
<sortering datatype="int32"></sortering>
<organ_sortering datatype="int32"></organ_sortering>
<uppdrag_rollsortering datatype="string">90</uppdrag_rollsortering>
<uppdrag_statussortering datatype="string">90</uppdrag_statussortering>
</uppdrag>
<uppdrag>
<organ_kod datatype="string">N</organ_kod>
<roll_kod datatype="string">Statsråd</roll_kod>
<ordningsnummer datatype="int32">8</ordningsnummer>
<status datatype="string"></status>
<typ datatype="string">Departement</typ>
<from datatype="datetime">2018-03-08</from>
<tom datatype="datetime">2019-01-21</tom>
<uppgift datatype="string">Näringsdepartementet</uppgift>
<intressent_id datatype="string">0781357446917</intressent_id>
<hangar_id datatype="int32">2369387</hangar_id>
<sortering datatype="int32">100</sortering>
<organ_sortering datatype="int32"></organ_sortering>
<uppdrag_rollsortering datatype="string">90</uppdrag_rollsortering>
<uppdrag_statussortering datatype="string">90</uppdrag_statussortering>
</uppdrag>
<uppdrag>
<organ_kod datatype="string">N</organ_kod>
<roll_kod datatype="string">Statsråd</roll_kod>
<ordningsnummer datatype="int32">7</ordningsnummer>
<status datatype="string"></status>
<typ datatype="string">Departement</typ>
<from datatype="datetime">2016-05-25</from>
<tom datatype="datetime">2018-03-08</tom>
<uppgift datatype="string">Näringsdepartementet</uppgift>
<intressent_id datatype="string">0781357446917</intressent_id>
<hangar_id datatype="int32">2369387</hangar_id>
<sortering datatype="int32">100</sortering>
<organ_sortering datatype="int32"></organ_sortering>
<uppdrag_rollsortering datatype="string">90</uppdrag_rollsortering>
<uppdrag_statussortering datatype="string">90</uppdrag_statussortering>
</uppdrag>
<uppdrag>
<organ_kod datatype="string">N</organ_kod>
<roll_kod datatype="string">Statsråd</roll_kod>
<ordningsnummer datatype="int32">8</ordningsnummer>
<status datatype="string"></status>
<typ datatype="string">Departement</typ>
<from datatype="datetime">2015-01-01</from>
<tom datatype="datetime">2016-05-25</tom>
<uppgift datatype="string">Näringsdepartementet</uppgift>
<intressent_id datatype="string">0781357446917</intressent_id>
<hangar_id datatype="int32">2369387</hangar_id>
<sortering datatype="int32">100</sortering>
<organ_sortering datatype="int32"></organ_sortering>
<uppdrag_rollsortering datatype="string">90</uppdrag_rollsortering>
<uppdrag_statussortering datatype="string">90</uppdrag_statussortering>
</uppdrag>
<uppdrag>
<organ_kod datatype="string">N</organ_kod>
<roll_kod datatype="string">Landsbygdsminister</roll_kod>
<ordningsnummer datatype="int32">8</ordningsnummer>
<status datatype="string"></status>
<typ datatype="string">Departement</typ>
<from datatype="datetime">2014-10-03</from>
<tom datatype="datetime">2014-12-31</tom>
<uppgift datatype="string">Näringsdepartementet</uppgift>
<intressent_id datatype="string">0781357446917</intressent_id>
<hangar_id datatype="int32">2369387</hangar_id>
<sortering datatype="int32"></sortering>
<organ_sortering datatype="int32"></organ_sortering>
<uppdrag_rollsortering datatype="string">90</uppdrag_rollsortering>
<uppdrag_statussortering datatype="string">90</uppdrag_statussortering>
</uppdrag>
<uppdrag>
<organ_kod datatype="string">kam</organ_kod>
<roll_kod datatype="string">Riksdagsledamot</roll_kod>
<ordningsnummer datatype="int32">241</ordningsnummer>
<status datatype="string">Tjänstgörande</status>
<typ datatype="string">kammaruppdrag</typ>
<from datatype="datetime">2019-01-22</from>
<tom datatype="datetime">2019-01-30</tom>
<uppgift datatype="string"></uppgift>
<intressent_id datatype="string">0781357446917</intressent_id>
<hangar_id datatype="int32">2369387</hangar_id>
<sortering datatype="int32">10</sortering>
<organ_sortering datatype="int32">10</organ_sortering>
<uppdrag_rollsortering datatype="string">60</uppdrag_rollsortering>
<uppdrag_statussortering datatype="string">10</uppdrag_statussortering>
</uppdrag>
<uppdrag>
<organ_kod datatype="string">kam</organ_kod>
<roll_kod datatype="string">Riksdagsledamot</roll_kod>
<ordningsnummer datatype="int32">241</ordningsnummer>
<status datatype="string">Ledig</status>
<typ datatype="string">kammaruppdrag</typ>
<from datatype="datetime">2018-09-24</from>
<tom datatype="datetime">2019-01-21</tom>
<uppgift datatype="string">Ida Karkiainen 2016-04-05 - 2018-09-24, Linus Sköld 2018-09-24 - 2019-01-21  Statsråd</uppgift>
<intressent_id datatype="string">0781357446917</intressent_id>
<hangar_id datatype="int32">2369387</hangar_id>
<sortering datatype="int32">10</sortering>
<organ_sortering datatype="int32">10</organ_sortering>
<uppdrag_rollsortering datatype="string">60</uppdrag_rollsortering>
<uppdrag_statussortering datatype="string">30</uppdrag_statussortering>
</uppdrag>
<uppdrag>
<organ_kod datatype="string">kam</organ_kod>
<roll_kod datatype="string">Riksdagsledamot</roll_kod>
<ordningsnummer datatype="int32">312</ordningsnummer>
<status datatype="string">Ledig</status>
<typ datatype="string">kammaruppdrag</typ>
<from datatype="datetime">2014-10-03</from>
<tom datatype="datetime">2018-09-24</tom>
<uppgift datatype="string">Ida Karkiainen 2014-10-03 - 2015-08-31, Linus Sköld 2015-09-01 - 2016-04-04, Ida Karkiainen 2016-04-05 - 2018-09-24  Statsråd</uppgift>
<intressent_id datatype="string">0781357446917</intressent_id>
<hangar_id datatype="int32">2369387</hangar_id>
<sortering datatype="int32">10</sortering>
<organ_sortering datatype="int32">10</organ_sortering>
<uppdrag_rollsortering datatype="string">60</uppdrag_rollsortering>
<uppdrag_statussortering datatype="string">30</uppdrag_statussortering>
</uppdrag>
<uppdrag>
<organ_kod datatype="string">kam</organ_kod>
<roll_kod datatype="string">Riksdagsledamot</roll_kod>
<ordningsnummer datatype="int32">312</ordningsnummer>
<status datatype="string">Tjänstgörande</status>
<typ datatype="string">kammaruppdrag</typ>
<from datatype="datetime">2014-09-29</from>
<tom datatype="datetime">2014-10-02</tom>
<uppgift datatype="string"></uppgift>
<intressent_id datatype="string">0781357446917</intressent_id>
<hangar_id datatype="int32">2369387</hangar_id>
<sortering datatype="int32">10</sortering>
<organ_sortering datatype="int32">10</organ_sortering>
<uppdrag_rollsortering datatype="string">60</uppdrag_rollsortering>
<uppdrag_statussortering datatype="string">10</uppdrag_statussortering>
</uppdrag>
<uppdrag>
<organ_kod datatype="string">kam</organ_kod>
<roll_kod datatype="string">Riksdagsledamot</roll_kod>
<ordningsnummer datatype="int32">348</ordningsnummer>
<status datatype="string">Tjänstgörande</status>
<typ datatype="string">kammaruppdrag</typ>
<from datatype="datetime">2010-10-04</from>
<tom datatype="datetime">2014-09-29</tom>
<uppgift datatype="string"></uppgift>
<intressent_id datatype="string">0781357446917</intressent_id>
<hangar_id datatype="int32">2369387</hangar_id>
<sortering datatype="int32">10</sortering>
<organ_sortering datatype="int32">10</organ_sortering>
<uppdrag_rollsortering datatype="string">60</uppdrag_rollsortering>
<uppdrag_statussortering datatype="string">10</uppdrag_statussortering>
</uppdrag>
<uppdrag>
<organ_kod datatype="string">FiU</organ_kod>
<roll_kod datatype="string">Ledamot</roll_kod>
<ordningsnummer datatype="int32">12</ordningsnummer>
<status datatype="string"></status>
<typ datatype="string">uppdrag</typ>
<from datatype="datetime">2013-05-03</from>
<tom datatype="datetime">2014-09-29</tom>
<uppgift datatype="string">Finansutskottet</uppgift>
<intressent_id datatype="string">0781357446917</intressent_id>
<hangar_id datatype="int32">2369387</hangar_id>
<sortering datatype="int32">30</sortering>
<organ_sortering datatype="int32">150</organ_sortering>
<uppdrag_rollsortering datatype="string">90</uppdrag_rollsortering>
<uppdrag_statussortering datatype="string">90</uppdrag_statussortering>
</uppdrag>
<uppdrag>
<organ_kod datatype="string">FiU</organ_kod>
<roll_kod datatype="string">Ledamot</roll_kod>
<ordningsnummer datatype="int32">8</ordningsnummer>
<status datatype="string"></status>
<typ datatype="string">uppdrag</typ>
<from datatype="datetime">2013-04-15</from>
<tom datatype="datetime">2013-05-02</tom>
<uppgift datatype="string">Finansutskottet</uppgift>
<intressent_id datatype="string">0781357446917</intressent_id>
<hangar_id datatype="int32">2369387</hangar_id>
<sortering datatype="int32">30</sortering>
<organ_sortering datatype="int32">150</organ_sortering>
<uppdrag_rollsortering datatype="string">90</uppdrag_rollsortering>
<uppdrag_statussortering datatype="string">90</uppdrag_statussortering>
</uppdrag>
<uppdrag>
<organ_kod datatype="string">FiU</organ_kod>
<roll_kod datatype="string">Suppleant</roll_kod>
<ordningsnummer datatype="int32">2</ordningsnummer>
<status datatype="string"></status>
<typ datatype="string">uppdrag</typ>
<from datatype="datetime">2010-10-12</from>
<tom datatype="datetime">2013-04-14</tom>
<uppgift datatype="string">Finansutskottet</uppgift>
<intressent_id datatype="string">0781357446917</intressent_id>
<hangar_id datatype="int32">2369387</hangar_id>
<sortering datatype="int32">50</sortering>
<organ_sortering datatype="int32">150</organ_sortering>
<uppdrag_rollsortering datatype="string">90</uppdrag_rollsortering>
<uppdrag_statussortering datatype="string">90</uppdrag_statussortering>
</uppdrag>
<uppdrag>
<organ_kod datatype="string">JuU</organ_kod>
<roll_kod datatype="string">Suppleant</roll_kod>
<ordningsnummer datatype="int32">6</ordningsnummer>
<status datatype="string"></status>
<typ datatype="string">uppdrag</typ>
<from datatype="datetime">2010-10-12</from>
<tom datatype="datetime">2010-10-20</tom>
<uppgift datatype="string">Justitieutskottet</uppgift>
<intressent_id datatype="string">0781357446917</intressent_id>
<hangar_id datatype="int32">2369387</hangar_id>
<sortering datatype="int32">50</sortering>
<organ_sortering datatype="int32">150</organ_sortering>
<uppdrag_rollsortering datatype="string">90</uppdrag_rollsortering>
<uppdrag_statussortering datatype="string">90</uppdrag_statussortering>
</uppdrag>
<uppdrag>
<organ_kod datatype="string">NU</organ_kod>
<roll_kod datatype="string">Suppleant</roll_kod>
<ordningsnummer datatype="int32">8</ordningsnummer>
<status datatype="string"></status>
<typ datatype="string">uppdrag</typ>
<from datatype="datetime">2013-10-04</from>
<tom datatype="datetime">2014-09-29</tom>
<uppgift datatype="string">Näringsutskottet</uppgift>
<intressent_id datatype="string">0781357446917</intressent_id>
<hangar_id datatype="int32">2369387</hangar_id>
<sortering datatype="int32">50</sortering>
<organ_sortering datatype="int32">150</organ_sortering>
<uppdrag_rollsortering datatype="string">90</uppdrag_rollsortering>
<uppdrag_statussortering datatype="string">90</uppdrag_statussortering>
</uppdrag>
</personuppdrag>
<personuppgift>
<uppgift>
<kod datatype="string">KandiderarINastaVal</kod>
<uppgift datatype="string">true</uppgift>
<typ datatype="string">val</typ>
<intressent_id datatype="string">0781357446917</intressent_id>
<hangar_id datatype="int32">2369387</hangar_id>
</uppgift>
</personuppgift>
</person>
