<?xml version="1.0" encoding="utf-8" ?>
<person>
<hangar_guid datatype="guid">9b9ed4ec-b46b-4c1c-85ce-0f8edda77518</hangar_guid>
<sourceid datatype="string">b0cce726-5e23-4d21-a609-95071f8820f0</sourceid>
<intressent_id datatype="string">0512510717328</intressent_id>
<hangar_id datatype="int32">5003992</hangar_id>
<fodd_ar datatype="int16">1987</fodd_ar>
<kon datatype="string">kvinna</kon>
<efternamn datatype="string">Busch Thor</efternamn>
<tilltalsnamn datatype="string">Ebba</tilltalsnamn>
<sorteringsnamn datatype="string">Busch Thor,Ebba</sorteringsnamn>
<iort datatype="string"></iort>
<parti datatype="string">KD</parti>
<valkrets datatype="string">Västra Götalands läns östra</valkrets>
<status datatype="string">Tjänstgörande riksdagsledamot</status>
<person_url_xml datatype="string">http://data.riksdagen.se/person/b0cce726-5e23-4d21-a609-95071f8820f0</person_url_xml>
<bild_url_80 datatype="string">http://data.riksdagen.se/filarkiv/bilder/ledamot/b0cce726-5e23-4d21-a609-95071f8820f0_80.jpg</bild_url_80>
<bild_url_192 datatype="string">http://data.riksdagen.se/filarkiv/bilder/ledamot/b0cce726-5e23-4d21-a609-95071f8820f0_192.jpg</bild_url_192>
<bild_url_max datatype="string">http://data.riksdagen.se/filarkiv/bilder/ledamot/b0cce726-5e23-4d21-a609-95071f8820f0_max.jpg</bild_url_max>
<personuppdrag>
<uppdrag>
<organ_kod datatype="string">kam</organ_kod>
<roll_kod datatype="string">Riksdagsledamot</roll_kod>
<ordningsnummer datatype="int32">340</ordningsnummer>
<status datatype="string">Tjänstgörande</status>
<typ datatype="string">kammaruppdrag</typ>
<from datatype="datetime">2018-09-24</from>
<tom datatype="datetime">2022-09-26</tom>
<uppgift datatype="string"></uppgift>
<intressent_id datatype="string">0512510717328</intressent_id>
<hangar_id datatype="int32">5003992</hangar_id>
<sortering datatype="int32">10</sortering>
<organ_sortering datatype="int32">10</organ_sortering>
<uppdrag_rollsortering datatype="string">60</uppdrag_rollsortering>
<uppdrag_statussortering datatype="string">10</uppdrag_statussortering>
</uppdrag>
<uppdrag>
<organ_kod datatype="string">KD</organ_kod>
<roll_kod datatype="string">Partiledare</roll_kod>
<ordningsnummer datatype="int32">0</ordningsnummer>
<status datatype="string"></status>
<typ datatype="string">partiuppdrag</typ>
<from datatype="datetime">2015-04-25</from>
<tom datatype="datetime"></tom>
<uppgift datatype="string">Kristdemokraterna</uppgift>
<intressent_id datatype="string">0512510717328</intressent_id>
<hangar_id datatype="int32">5003992</hangar_id>
<sortering datatype="int32">20</sortering>
<organ_sortering datatype="int32">300</organ_sortering>
<uppdrag_rollsortering datatype="string">90</uppdrag_rollsortering>
<uppdrag_statussortering datatype="string">90</uppdrag_statussortering>
</uppdrag>
<uppdrag>
<organ_kod datatype="string">KD</organ_kod>
<roll_kod datatype="string">Ledamot</roll_kod>
<ordningsnummer datatype="int32">12</ordningsnummer>
<status datatype="string"></status>
<typ datatype="string">Riksdagsorgan</typ>
<from datatype="datetime">2018-10-09</from>
<tom datatype="datetime">2022-10-09</tom>
<uppgift datatype="string">Krigsdelegationen</uppgift>
<intressent_id datatype="string">0512510717328</intressent_id>
<hangar_id datatype="int32">5003992</hangar_id>
<sortering datatype="int32">30</sortering>
<organ_sortering datatype="int32">300</organ_sortering>
<uppdrag_rollsortering datatype="string">90</uppdrag_rollsortering>
<uppdrag_statussortering datatype="string">90</uppdrag_statussortering>
</uppdrag>
<uppdrag>
<organ_kod datatype="string">UN</organ_kod>
<roll_kod datatype="string">Ledamot</roll_kod>
<ordningsnummer datatype="int32">9</ordningsnummer>
<status datatype="string"></status>
<typ datatype="string">Riksdagsorgan</typ>
<from datatype="datetime">2018-10-02</from>
<tom datatype="datetime">2022-10-02</tom>
<uppgift datatype="string">Utrikesnämnden</uppgift>
<intressent_id datatype="string">0512510717328</intressent_id>
<hangar_id datatype="int32">5003992</hangar_id>
<sortering datatype="int32">30</sortering>
<organ_sortering datatype="int32">300</organ_sortering>
<uppdrag_rollsortering datatype="string">90</uppdrag_rollsortering>
<uppdrag_statussortering datatype="string">90</uppdrag_statussortering>
</uppdrag>
</personuppdrag>
<personuppgift>
<uppgift>
<kod datatype="string">Officiell e-postadress</kod>
<uppgift datatype="string">ebba.busch.thor[på]riksdagen.se</uppgift>
<typ datatype="string">eadress</typ>
<intressent_id datatype="string">0512510717328</intressent_id>
<hangar_id datatype="int32">5003992</hangar_id>
</uppgift>
</personuppgift>
</person>
