<?xml version="1.0" encoding="utf-8" ?>
<person>
<hangar_guid datatype="guid">2a894e3e-8102-415d-b152-5d4c89d7d0a2</hangar_guid>
<sourceid datatype="string">c97b1897-90bf-4e3d-b9bb-97887b022661</sourceid>
<intressent_id datatype="string">0506806850221</intressent_id>
<hangar_id datatype="int32">3057267</hangar_id>
<fodd_ar datatype="int16">1978</fodd_ar>
<kon datatype="string">man</kon>
<efternamn datatype="string">Bylund</efternamn>
<tilltalsnamn datatype="string">Linus</tilltalsnamn>
<sorteringsnamn datatype="string">Bylund,Linus</sorteringsnamn>
<iort datatype="string"></iort>
<parti datatype="string">SD</parti>
<valkrets datatype="string">Stockholms kommun</valkrets>
<status datatype="string">Tillgänglig ersättare</status>
<person_url_xml datatype="string">http://data.riksdagen.se/person/c97b1897-90bf-4e3d-b9bb-97887b022661</person_url_xml>
<bild_url_80 datatype="string">http://data.riksdagen.se/filarkiv/bilder/ledamot/c97b1897-90bf-4e3d-b9bb-97887b022661_80.jpg</bild_url_80>
<bild_url_192 datatype="string">http://data.riksdagen.se/filarkiv/bilder/ledamot/c97b1897-90bf-4e3d-b9bb-97887b022661_192.jpg</bild_url_192>
<bild_url_max datatype="string">http://data.riksdagen.se/filarkiv/bilder/ledamot/c97b1897-90bf-4e3d-b9bb-97887b022661_max.jpg</bild_url_max>
<personuppdrag>
<uppdrag>
<organ_kod datatype="string">kam</organ_kod>
<roll_kod datatype="string">Riksdagsledamot</roll_kod>
<ordningsnummer datatype="int32">96</ordningsnummer>
<status datatype="string">Tjänstgörande</status>
<typ datatype="string">kammaruppdrag</typ>
<from datatype="datetime">2014-09-29</from>
<tom datatype="datetime">2018-09-24</tom>
<uppgift datatype="string"></uppgift>
<intressent_id datatype="string">0506806850221</intressent_id>
<hangar_id datatype="int32">3057267</hangar_id>
<sortering datatype="int32">10</sortering>
<organ_sortering datatype="int32">10</organ_sortering>
<uppdrag_rollsortering datatype="string">60</uppdrag_rollsortering>
<uppdrag_statussortering datatype="string">10</uppdrag_statussortering>
</uppdrag>
<uppdrag>
<organ_kod datatype="string">SfU</organ_kod>
<roll_kod datatype="string">Ledamot</roll_kod>
<ordningsnummer datatype="int32">13</ordningsnummer>
<status datatype="string"></status>
<typ datatype="string">uppdrag</typ>
<from datatype="datetime">2014-10-07</from>
<tom datatype="datetime">2018-09-24</tom>
<uppgift datatype="string">Socialförsäkringsutskottet</uppgift>
<intressent_id datatype="string">0506806850221</intressent_id>
<hangar_id datatype="int32">3057267</hangar_id>
<sortering datatype="int32">30</sortering>
<organ_sortering datatype="int32">150</organ_sortering>
<uppdrag_rollsortering datatype="string">90</uppdrag_rollsortering>
<uppdrag_statussortering datatype="string">90</uppdrag_statussortering>
</uppdrag>
</personuppdrag>
<personuppgift>
<uppgift>
<kod datatype="string">Officiell e-postadress</kod>
<uppgift datatype="string">linus.bylund[på]riksdagen.se</uppgift>
<typ datatype="string">eadress</typ>
<intressent_id datatype="string">0506806850221</intressent_id>
<hangar_id datatype="int32">3057267</hangar_id>
</uppgift>
<uppgift>
<kod datatype="string">Tjänstetelefon</kod>
<uppgift datatype="string">66228</uppgift>
<typ datatype="string">telefonnummer</typ>
<intressent_id datatype="string">0506806850221</intressent_id>
<hangar_id datatype="int32">3057267</hangar_id>
</uppgift>
<uppgift>
<kod datatype="string">KandiderarINastaVal</kod>
<uppgift datatype="string">true</uppgift>
<typ datatype="string">val</typ>
<intressent_id datatype="string">0506806850221</intressent_id>
<hangar_id datatype="int32">3057267</hangar_id>
</uppgift>
</personuppgift>
</person>
