<?xml version="1.0" encoding="utf-8" ?>
<person>
<hangar_guid datatype="guid">89d4b04e-8423-44aa-8356-855fce5ba3e2</hangar_guid>
<sourceid datatype="string">c18a0773-63bd-4c20-b0d0-8249d3b22c9b</sourceid>
<intressent_id datatype="string">0758610200105</intressent_id>
<hangar_id datatype="int32">2341954</hangar_id>
<fodd_ar datatype="int16">1937</fodd_ar>
<kon datatype="string">kvinna</kon>
<efternamn datatype="string">Bäckström</efternamn>
<tilltalsnamn datatype="string">Maja</tilltalsnamn>
<sorteringsnamn datatype="string">Bäckström,Maja</sorteringsnamn>
<iort datatype="string"></iort>
<parti datatype="string">S</parti>
<valkrets datatype="string"></valkrets>
<status datatype="string">Avliden  2017-01-17</status>
<person_url_xml datatype="string">http://data.riksdagen.se/person/c18a0773-63bd-4c20-b0d0-8249d3b22c9b</person_url_xml>
<bild_url_80 datatype="string">http://data.riksdagen.se/filarkiv/bilder/ledamot/c18a0773-63bd-4c20-b0d0-8249d3b22c9b_80.jpg</bild_url_80>
<bild_url_192 datatype="string">http://data.riksdagen.se/filarkiv/bilder/ledamot/c18a0773-63bd-4c20-b0d0-8249d3b22c9b_192.jpg</bild_url_192>
<bild_url_max datatype="string">http://data.riksdagen.se/filarkiv/bilder/ledamot/c18a0773-63bd-4c20-b0d0-8249d3b22c9b_max.jpg</bild_url_max>
<personuppdrag>
<uppdrag>
<organ_kod datatype="string">kam</organ_kod>
<roll_kod datatype="string">Riksdagsledamot</roll_kod>
<ordningsnummer datatype="int32">146</ordningsnummer>
<status datatype="string">Tjänstgörande</status>
<typ datatype="string">kammaruppdrag</typ>
<from datatype="datetime">1991-09-30</from>
<tom datatype="datetime">1994-10-03</tom>
<uppgift datatype="string"></uppgift>
<intressent_id datatype="string">0758610200105</intressent_id>
<hangar_id datatype="int32">2341954</hangar_id>
<sortering datatype="int32">10</sortering>
<organ_sortering datatype="int32">10</organ_sortering>
<uppdrag_rollsortering datatype="string">60</uppdrag_rollsortering>
<uppdrag_statussortering datatype="string">10</uppdrag_statussortering>
</uppdrag>
<uppdrag>
<organ_kod datatype="string">kam</organ_kod>
<roll_kod datatype="string">Riksdagsledamot</roll_kod>
<ordningsnummer datatype="int32">145</ordningsnummer>
<status datatype="string">Tjänstgörande</status>
<typ datatype="string">kammaruppdrag</typ>
<from datatype="datetime">1988-10-03</from>
<tom datatype="datetime">1991-09-30</tom>
<uppgift datatype="string"></uppgift>
<intressent_id datatype="string">0758610200105</intressent_id>
<hangar_id datatype="int32">2341954</hangar_id>
<sortering datatype="int32">10</sortering>
<organ_sortering datatype="int32">10</organ_sortering>
<uppdrag_rollsortering datatype="string">60</uppdrag_rollsortering>
<uppdrag_statussortering datatype="string">10</uppdrag_statussortering>
</uppdrag>
<uppdrag>
<organ_kod datatype="string">kam</organ_kod>
<roll_kod datatype="string">Riksdagsledamot</roll_kod>
<ordningsnummer datatype="int32">0</ordningsnummer>
<status datatype="string">Tjänstgörande</status>
<typ datatype="string">kammaruppdrag</typ>
<from datatype="datetime">1985-09-30</from>
<tom datatype="datetime">1988-10-03</tom>
<uppgift datatype="string"></uppgift>
<intressent_id datatype="string">0758610200105</intressent_id>
<hangar_id datatype="int32">2341954</hangar_id>
<sortering datatype="int32">10</sortering>
<organ_sortering datatype="int32">10</organ_sortering>
<uppdrag_rollsortering datatype="string">60</uppdrag_rollsortering>
<uppdrag_statussortering datatype="string">10</uppdrag_statussortering>
</uppdrag>
<uppdrag>
<organ_kod datatype="string">kam</organ_kod>
<roll_kod datatype="string">Riksdagsledamot</roll_kod>
<ordningsnummer datatype="int32">0</ordningsnummer>
<status datatype="string">Tjänstgörande</status>
<typ datatype="string">kammaruppdrag</typ>
<from datatype="datetime">1982-10-04</from>
<tom datatype="datetime">1985-09-30</tom>
<uppgift datatype="string"></uppgift>
<intressent_id datatype="string">0758610200105</intressent_id>
<hangar_id datatype="int32">2341954</hangar_id>
<sortering datatype="int32">10</sortering>
<organ_sortering datatype="int32">10</organ_sortering>
<uppdrag_rollsortering datatype="string">60</uppdrag_rollsortering>
<uppdrag_statussortering datatype="string">10</uppdrag_statussortering>
</uppdrag>
<uppdrag>
<organ_kod datatype="string">kam</organ_kod>
<roll_kod datatype="string">Riksdagsledamot</roll_kod>
<ordningsnummer datatype="int32">0</ordningsnummer>
<status datatype="string">Tjänstgörande</status>
<typ datatype="string">kammaruppdrag</typ>
<from datatype="datetime">1979-10-01</from>
<tom datatype="datetime">1982-10-04</tom>
<uppgift datatype="string"></uppgift>
<intressent_id datatype="string">0758610200105</intressent_id>
<hangar_id datatype="int32">2341954</hangar_id>
<sortering datatype="int32">10</sortering>
<organ_sortering datatype="int32">10</organ_sortering>
<uppdrag_rollsortering datatype="string">60</uppdrag_rollsortering>
<uppdrag_statussortering datatype="string">10</uppdrag_statussortering>
</uppdrag>
</personuppdrag>
<personuppgift>
<uppgift>
<kod datatype="string">sv</kod>
<uppgift datatype="string">undersköterska</uppgift>
<typ datatype="string">titlar</typ>
<intressent_id datatype="string">0758610200105</intressent_id>
<hangar_id datatype="int32">2341954</hangar_id>
</uppgift>
<uppgift>
<kod datatype="string">en</kod>
<uppgift datatype="string"></uppgift>
<typ datatype="string">titlar</typ>
<intressent_id datatype="string">0758610200105</intressent_id>
<hangar_id datatype="int32">2341954</hangar_id>
</uppgift>
</personuppgift>
</person>
