<?xml version="1.0" encoding="utf-8" ?>
<person>
<hangar_guid datatype="guid">5fb07e96-8009-4abe-a3cc-7cd4b4ad1cac</hangar_guid>
<sourceid datatype="string">cb0336b4-54a8-4384-abe3-8d6cbebc63fa</sourceid>
<intressent_id datatype="string">0130789484021</intressent_id>
<hangar_id datatype="int32">3057426</hangar_id>
<fodd_ar datatype="int16">1985</fodd_ar>
<kon datatype="string">man</kon>
<efternamn datatype="string">Bäckström Johansson</efternamn>
<tilltalsnamn datatype="string">Mattias</tilltalsnamn>
<sorteringsnamn datatype="string">Bäckström Johansson,Mattias</sorteringsnamn>
<iort datatype="string"></iort>
<parti datatype="string">SD</parti>
<valkrets datatype="string">Kalmar län</valkrets>
<status datatype="string">Tjänstgörande riksdagsledamot</status>
<person_url_xml datatype="string">http://data.riksdagen.se/person/cb0336b4-54a8-4384-abe3-8d6cbebc63fa</person_url_xml>
<bild_url_80 datatype="string">http://data.riksdagen.se/filarkiv/bilder/ledamot/cb0336b4-54a8-4384-abe3-8d6cbebc63fa_80.jpg</bild_url_80>
<bild_url_192 datatype="string">http://data.riksdagen.se/filarkiv/bilder/ledamot/cb0336b4-54a8-4384-abe3-8d6cbebc63fa_192.jpg</bild_url_192>
<bild_url_max datatype="string">http://data.riksdagen.se/filarkiv/bilder/ledamot/cb0336b4-54a8-4384-abe3-8d6cbebc63fa_max.jpg</bild_url_max>
<personuppdrag>
<uppdrag>
<organ_kod datatype="string">kam</organ_kod>
<roll_kod datatype="string">Riksdagsledamot</roll_kod>
<ordningsnummer datatype="int32">34</ordningsnummer>
<status datatype="string">Tjänstgörande</status>
<typ datatype="string">kammaruppdrag</typ>
<from datatype="datetime">2018-09-24</from>
<tom datatype="datetime">2022-09-26</tom>
<uppgift datatype="string"></uppgift>
<intressent_id datatype="string">0130789484021</intressent_id>
<hangar_id datatype="int32">3057426</hangar_id>
<sortering datatype="int32">10</sortering>
<organ_sortering datatype="int32">10</organ_sortering>
<uppdrag_rollsortering datatype="string">60</uppdrag_rollsortering>
<uppdrag_statussortering datatype="string">10</uppdrag_statussortering>
</uppdrag>
<uppdrag>
<organ_kod datatype="string">kam</organ_kod>
<roll_kod datatype="string">Riksdagsledamot</roll_kod>
<ordningsnummer datatype="int32">275</ordningsnummer>
<status datatype="string">Tjänstgörande</status>
<typ datatype="string">kammaruppdrag</typ>
<from datatype="datetime">2014-09-29</from>
<tom datatype="datetime">2018-09-24</tom>
<uppgift datatype="string"></uppgift>
<intressent_id datatype="string">0130789484021</intressent_id>
<hangar_id datatype="int32">3057426</hangar_id>
<sortering datatype="int32">10</sortering>
<organ_sortering datatype="int32">10</organ_sortering>
<uppdrag_rollsortering datatype="string">60</uppdrag_rollsortering>
<uppdrag_statussortering datatype="string">10</uppdrag_statussortering>
</uppdrag>
<uppdrag>
<organ_kod datatype="string">SD</organ_kod>
<roll_kod datatype="string">Vice gruppledare</roll_kod>
<ordningsnummer datatype="int32">0</ordningsnummer>
<status datatype="string"></status>
<typ datatype="string">partiuppdrag</typ>
<from datatype="datetime">2019-11-25</from>
<tom datatype="datetime"></tom>
<uppgift datatype="string">Sverigedemokraterna</uppgift>
<intressent_id datatype="string">0130789484021</intressent_id>
<hangar_id datatype="int32">3057426</hangar_id>
<sortering datatype="int32">30</sortering>
<organ_sortering datatype="int32"></organ_sortering>
<uppdrag_rollsortering datatype="string">90</uppdrag_rollsortering>
<uppdrag_statussortering datatype="string">90</uppdrag_statussortering>
</uppdrag>
<uppdrag>
<organ_kod datatype="string">VPN</organ_kod>
<roll_kod datatype="string">Ledamot</roll_kod>
<ordningsnummer datatype="int32">5</ordningsnummer>
<status datatype="string"></status>
<typ datatype="string">Riksdagsorgan</typ>
<from datatype="datetime">2019-03-13</from>
<tom datatype="datetime">2022-03-14</tom>
<uppgift datatype="string">Valprövningsnämnden</uppgift>
<intressent_id datatype="string">0130789484021</intressent_id>
<hangar_id datatype="int32">3057426</hangar_id>
<sortering datatype="int32">30</sortering>
<organ_sortering datatype="int32">300</organ_sortering>
<uppdrag_rollsortering datatype="string">90</uppdrag_rollsortering>
<uppdrag_statussortering datatype="string">90</uppdrag_statussortering>
</uppdrag>
<uppdrag>
<organ_kod datatype="string">VPN</organ_kod>
<roll_kod datatype="string">Suppleant</roll_kod>
<ordningsnummer datatype="int32">6</ordningsnummer>
<status datatype="string"></status>
<typ datatype="string">Riksdagsorgan</typ>
<from datatype="datetime">2015-02-18</from>
<tom datatype="datetime">2019-03-13</tom>
<uppgift datatype="string">Valprövningsnämnden</uppgift>
<intressent_id datatype="string">0130789484021</intressent_id>
<hangar_id datatype="int32">3057426</hangar_id>
<sortering datatype="int32">50</sortering>
<organ_sortering datatype="int32">300</organ_sortering>
<uppdrag_rollsortering datatype="string">90</uppdrag_rollsortering>
<uppdrag_statussortering datatype="string">90</uppdrag_statussortering>
</uppdrag>
<uppdrag>
<organ_kod datatype="string">FiU</organ_kod>
<roll_kod datatype="string">Suppleant</roll_kod>
<ordningsnummer datatype="int32">5</ordningsnummer>
<status datatype="string"></status>
<typ datatype="string">uppdrag</typ>
<from datatype="datetime">2018-10-02</from>
<tom datatype="datetime">2019-06-18</tom>
<uppgift datatype="string">Finansutskottet</uppgift>
<intressent_id datatype="string">0130789484021</intressent_id>
<hangar_id datatype="int32">3057426</hangar_id>
<sortering datatype="int32">50</sortering>
<organ_sortering datatype="int32">150</organ_sortering>
<uppdrag_rollsortering datatype="string">90</uppdrag_rollsortering>
<uppdrag_statussortering datatype="string">90</uppdrag_statussortering>
</uppdrag>
<uppdrag>
<organ_kod datatype="string">NU</organ_kod>
<roll_kod datatype="string">Ledamot</roll_kod>
<ordningsnummer datatype="int32">5</ordningsnummer>
<status datatype="string"></status>
<typ datatype="string">uppdrag</typ>
<from datatype="datetime">2018-10-02</from>
<tom datatype="datetime">2022-09-26</tom>
<uppgift datatype="string">Näringsutskottet</uppgift>
<intressent_id datatype="string">0130789484021</intressent_id>
<hangar_id datatype="int32">3057426</hangar_id>
<sortering datatype="int32">30</sortering>
<organ_sortering datatype="int32">150</organ_sortering>
<uppdrag_rollsortering datatype="string">90</uppdrag_rollsortering>
<uppdrag_statussortering datatype="string">90</uppdrag_statussortering>
</uppdrag>
<uppdrag>
<organ_kod datatype="string">NU</organ_kod>
<roll_kod datatype="string">Ledamot</roll_kod>
<ordningsnummer datatype="int32">13</ordningsnummer>
<status datatype="string"></status>
<typ datatype="string">uppdrag</typ>
<from datatype="datetime">2014-10-07</from>
<tom datatype="datetime">2018-09-24</tom>
<uppgift datatype="string">Näringsutskottet</uppgift>
<intressent_id datatype="string">0130789484021</intressent_id>
<hangar_id datatype="int32">3057426</hangar_id>
<sortering datatype="int32">30</sortering>
<organ_sortering datatype="int32">150</organ_sortering>
<uppdrag_rollsortering datatype="string">90</uppdrag_rollsortering>
<uppdrag_statussortering datatype="string">90</uppdrag_statussortering>
</uppdrag>
</personuppdrag>
<personuppgift>
<uppgift>
<kod datatype="string">Officiell e-postadress</kod>
<uppgift datatype="string">mattias.backstrom.johansson[på]riksdagen.se</uppgift>
<typ datatype="string">eadress</typ>
<intressent_id datatype="string">0130789484021</intressent_id>
<hangar_id datatype="int32">3057426</hangar_id>
</uppgift>
<uppgift>
<kod datatype="string">sv</kod>
<uppgift datatype="string">Reaktoroperatör.</uppgift>
<typ datatype="string">titlar</typ>
<intressent_id datatype="string">0130789484021</intressent_id>
<hangar_id datatype="int32">3057426</hangar_id>
</uppgift>
<uppgift>
<kod datatype="string">en</kod>
<uppgift datatype="string"></uppgift>
<typ datatype="string">titlar</typ>
<intressent_id datatype="string">0130789484021</intressent_id>
<hangar_id datatype="int32">3057426</hangar_id>
</uppgift>
<uppgift>
<kod datatype="string">KandiderarINastaVal</kod>
<uppgift datatype="string">true</uppgift>
<typ datatype="string">val</typ>
<intressent_id datatype="string">0130789484021</intressent_id>
<hangar_id datatype="int32">3057426</hangar_id>
</uppgift>
</personuppgift>
</person>
