<?xml version="1.0" encoding="utf-8" ?>
<person>
<hangar_guid datatype="guid">f1cb8dc1-6e5f-4313-b4b3-f148f1da4d3c</hangar_guid>
<sourceid datatype="string">d9b65520-dba2-4ec1-a124-d89d667ebf37</sourceid>
<intressent_id datatype="string">0665485817222</intressent_id>
<hangar_id datatype="int32">2369648</hangar_id>
<fodd_ar datatype="int16">1975</fodd_ar>
<kon datatype="string">man</kon>
<efternamn datatype="string">Bäckström</efternamn>
<tilltalsnamn datatype="string">Daniel</tilltalsnamn>
<sorteringsnamn datatype="string">Bäckström,Daniel</sorteringsnamn>
<iort datatype="string"></iort>
<parti datatype="string">C</parti>
<valkrets datatype="string">Värmlands län</valkrets>
<status datatype="string">Tjänstgörande riksdagsledamot</status>
<person_url_xml datatype="string">http://data.riksdagen.se/person/d9b65520-dba2-4ec1-a124-d89d667ebf37</person_url_xml>
<bild_url_80 datatype="string">http://data.riksdagen.se/filarkiv/bilder/ledamot/d9b65520-dba2-4ec1-a124-d89d667ebf37_80.jpg</bild_url_80>
<bild_url_192 datatype="string">http://data.riksdagen.se/filarkiv/bilder/ledamot/d9b65520-dba2-4ec1-a124-d89d667ebf37_192.jpg</bild_url_192>
<bild_url_max datatype="string">http://data.riksdagen.se/filarkiv/bilder/ledamot/d9b65520-dba2-4ec1-a124-d89d667ebf37_max.jpg</bild_url_max>
<personuppdrag>
<uppdrag>
<organ_kod datatype="string">kam</organ_kod>
<roll_kod datatype="string">Riksdagsledamot</roll_kod>
<ordningsnummer datatype="int32">46</ordningsnummer>
<status datatype="string">Tjänstgörande</status>
<typ datatype="string">kammaruppdrag</typ>
<from datatype="datetime">2018-09-24</from>
<tom datatype="datetime">2022-09-26</tom>
<uppgift datatype="string"></uppgift>
<intressent_id datatype="string">0665485817222</intressent_id>
<hangar_id datatype="int32">2369648</hangar_id>
<sortering datatype="int32">10</sortering>
<organ_sortering datatype="int32">10</organ_sortering>
<uppdrag_rollsortering datatype="string">60</uppdrag_rollsortering>
<uppdrag_statussortering datatype="string">10</uppdrag_statussortering>
</uppdrag>
<uppdrag>
<organ_kod datatype="string">kam</organ_kod>
<roll_kod datatype="string">Riksdagsledamot</roll_kod>
<ordningsnummer datatype="int32">133</ordningsnummer>
<status datatype="string">Tjänstgörande</status>
<typ datatype="string">kammaruppdrag</typ>
<from datatype="datetime">2014-09-29</from>
<tom datatype="datetime">2018-09-24</tom>
<uppgift datatype="string"></uppgift>
<intressent_id datatype="string">0665485817222</intressent_id>
<hangar_id datatype="int32">2369648</hangar_id>
<sortering datatype="int32">10</sortering>
<organ_sortering datatype="int32">10</organ_sortering>
<uppdrag_rollsortering datatype="string">60</uppdrag_rollsortering>
<uppdrag_statussortering datatype="string">10</uppdrag_statussortering>
</uppdrag>
<uppdrag>
<organ_kod datatype="string">kam</organ_kod>
<roll_kod datatype="string">Ersättare</roll_kod>
<ordningsnummer datatype="int32">72</ordningsnummer>
<status datatype="string">Ersättare</status>
<typ datatype="string">kammaruppdrag</typ>
<from datatype="datetime">2014-04-01</from>
<tom datatype="datetime">2014-06-18</tom>
<uppgift datatype="string">Erik A Eriksson</uppgift>
<intressent_id datatype="string">0665485817222</intressent_id>
<hangar_id datatype="int32">2369648</hangar_id>
<sortering datatype="int32">45</sortering>
<organ_sortering datatype="int32">10</organ_sortering>
<uppdrag_rollsortering datatype="string">60</uppdrag_rollsortering>
<uppdrag_statussortering datatype="string">20</uppdrag_statussortering>
</uppdrag>
<uppdrag>
<organ_kod datatype="string">kam</organ_kod>
<roll_kod datatype="string">Ersättare</roll_kod>
<ordningsnummer datatype="int32">72</ordningsnummer>
<status datatype="string">Ersättare</status>
<typ datatype="string">kammaruppdrag</typ>
<from datatype="datetime">2013-04-22</from>
<tom datatype="datetime">2013-05-31</tom>
<uppgift datatype="string">Erik A Eriksson</uppgift>
<intressent_id datatype="string">0665485817222</intressent_id>
<hangar_id datatype="int32">2369648</hangar_id>
<sortering datatype="int32">45</sortering>
<organ_sortering datatype="int32">10</organ_sortering>
<uppdrag_rollsortering datatype="string">60</uppdrag_rollsortering>
<uppdrag_statussortering datatype="string">20</uppdrag_statussortering>
</uppdrag>
<uppdrag>
<organ_kod datatype="string">NR</organ_kod>
<roll_kod datatype="string">Suppleant</roll_kod>
<ordningsnummer datatype="int32">7</ordningsnummer>
<status datatype="string"></status>
<typ datatype="string">Riksdagsorgan</typ>
<from datatype="datetime">2019-10-02</from>
<tom datatype="datetime">2020-10-30</tom>
<uppgift datatype="string">Nordiska rådets svenska delegation</uppgift>
<intressent_id datatype="string">0665485817222</intressent_id>
<hangar_id datatype="int32">2369648</hangar_id>
<sortering datatype="int32">50</sortering>
<organ_sortering datatype="int32">300</organ_sortering>
<uppdrag_rollsortering datatype="string">90</uppdrag_rollsortering>
<uppdrag_statussortering datatype="string">90</uppdrag_statussortering>
</uppdrag>
<uppdrag>
<organ_kod datatype="string">NR</organ_kod>
<roll_kod datatype="string">Suppleant</roll_kod>
<ordningsnummer datatype="int32">7</ordningsnummer>
<status datatype="string"></status>
<typ datatype="string">Riksdagsorgan</typ>
<from datatype="datetime">2018-10-09</from>
<tom datatype="datetime">2019-10-02</tom>
<uppgift datatype="string">Nordiska rådets svenska delegation</uppgift>
<intressent_id datatype="string">0665485817222</intressent_id>
<hangar_id datatype="int32">2369648</hangar_id>
<sortering datatype="int32">50</sortering>
<organ_sortering datatype="int32">300</organ_sortering>
<uppdrag_rollsortering datatype="string">90</uppdrag_rollsortering>
<uppdrag_statussortering datatype="string">90</uppdrag_statussortering>
</uppdrag>
<uppdrag>
<organ_kod datatype="string">NR</organ_kod>
<roll_kod datatype="string">Suppleant</roll_kod>
<ordningsnummer datatype="int32">9</ordningsnummer>
<status datatype="string"></status>
<typ datatype="string">Riksdagsorgan</typ>
<from datatype="datetime">2017-09-28</from>
<tom datatype="datetime">2018-10-09</tom>
<uppgift datatype="string">Nordiska rådets svenska delegation</uppgift>
<intressent_id datatype="string">0665485817222</intressent_id>
<hangar_id datatype="int32">2369648</hangar_id>
<sortering datatype="int32">50</sortering>
<organ_sortering datatype="int32">300</organ_sortering>
<uppdrag_rollsortering datatype="string">90</uppdrag_rollsortering>
<uppdrag_statussortering datatype="string">90</uppdrag_statussortering>
</uppdrag>
<uppdrag>
<organ_kod datatype="string">NR</organ_kod>
<roll_kod datatype="string">Suppleant</roll_kod>
<ordningsnummer datatype="int32">9</ordningsnummer>
<status datatype="string"></status>
<typ datatype="string">Riksdagsorgan</typ>
<from datatype="datetime">2016-09-29</from>
<tom datatype="datetime">2017-09-28</tom>
<uppgift datatype="string">Nordiska rådets svenska delegation</uppgift>
<intressent_id datatype="string">0665485817222</intressent_id>
<hangar_id datatype="int32">2369648</hangar_id>
<sortering datatype="int32">50</sortering>
<organ_sortering datatype="int32">300</organ_sortering>
<uppdrag_rollsortering datatype="string">90</uppdrag_rollsortering>
<uppdrag_statussortering datatype="string">90</uppdrag_statussortering>
</uppdrag>
<uppdrag>
<organ_kod datatype="string">FöU</organ_kod>
<roll_kod datatype="string">Ledamot</roll_kod>
<ordningsnummer datatype="int32">7</ordningsnummer>
<status datatype="string"></status>
<typ datatype="string">uppdrag</typ>
<from datatype="datetime">2018-10-02</from>
<tom datatype="datetime">2022-09-26</tom>
<uppgift datatype="string">Försvarsutskottet</uppgift>
<intressent_id datatype="string">0665485817222</intressent_id>
<hangar_id datatype="int32">2369648</hangar_id>
<sortering datatype="int32">30</sortering>
<organ_sortering datatype="int32">150</organ_sortering>
<uppdrag_rollsortering datatype="string">90</uppdrag_rollsortering>
<uppdrag_statussortering datatype="string">90</uppdrag_statussortering>
</uppdrag>
<uppdrag>
<organ_kod datatype="string">FöU</organ_kod>
<roll_kod datatype="string">Ledamot</roll_kod>
<ordningsnummer datatype="int32">9</ordningsnummer>
<status datatype="string"></status>
<typ datatype="string">uppdrag</typ>
<from datatype="datetime">2014-10-07</from>
<tom datatype="datetime">2018-09-24</tom>
<uppgift datatype="string">Försvarsutskottet</uppgift>
<intressent_id datatype="string">0665485817222</intressent_id>
<hangar_id datatype="int32">2369648</hangar_id>
<sortering datatype="int32">30</sortering>
<organ_sortering datatype="int32">150</organ_sortering>
<uppdrag_rollsortering datatype="string">90</uppdrag_rollsortering>
<uppdrag_statussortering datatype="string">90</uppdrag_statussortering>
</uppdrag>
<uppdrag>
<organ_kod datatype="string">NU</organ_kod>
<roll_kod datatype="string">Extra suppleant</roll_kod>
<ordningsnummer datatype="int32">0</ordningsnummer>
<status datatype="string"></status>
<typ datatype="string">uppdrag</typ>
<from datatype="datetime">2014-04-09</from>
<tom datatype="datetime">2014-06-18</tom>
<uppgift datatype="string">Näringsutskottet</uppgift>
<intressent_id datatype="string">0665485817222</intressent_id>
<hangar_id datatype="int32">2369648</hangar_id>
<sortering datatype="int32">55</sortering>
<organ_sortering datatype="int32">150</organ_sortering>
<uppdrag_rollsortering datatype="string">90</uppdrag_rollsortering>
<uppdrag_statussortering datatype="string">90</uppdrag_statussortering>
</uppdrag>
<uppdrag>
<organ_kod datatype="string">NU</organ_kod>
<roll_kod datatype="string">Extra suppleant</roll_kod>
<ordningsnummer datatype="int32">0</ordningsnummer>
<status datatype="string"></status>
<typ datatype="string">uppdrag</typ>
<from datatype="datetime">2013-04-24</from>
<tom datatype="datetime">2013-05-31</tom>
<uppgift datatype="string">Näringsutskottet</uppgift>
<intressent_id datatype="string">0665485817222</intressent_id>
<hangar_id datatype="int32">2369648</hangar_id>
<sortering datatype="int32">55</sortering>
<organ_sortering datatype="int32">150</organ_sortering>
<uppdrag_rollsortering datatype="string">90</uppdrag_rollsortering>
<uppdrag_statussortering datatype="string">90</uppdrag_statussortering>
</uppdrag>
<uppdrag>
<organ_kod datatype="string">SkU</organ_kod>
<roll_kod datatype="string">Extra suppleant</roll_kod>
<ordningsnummer datatype="int32">0</ordningsnummer>
<status datatype="string"></status>
<typ datatype="string">uppdrag</typ>
<from datatype="datetime">2013-04-24</from>
<tom datatype="datetime">2013-05-31</tom>
<uppgift datatype="string">Skatteutskottet</uppgift>
<intressent_id datatype="string">0665485817222</intressent_id>
<hangar_id datatype="int32">2369648</hangar_id>
<sortering datatype="int32">55</sortering>
<organ_sortering datatype="int32">150</organ_sortering>
<uppdrag_rollsortering datatype="string">90</uppdrag_rollsortering>
<uppdrag_statussortering datatype="string">90</uppdrag_statussortering>
</uppdrag>
<uppdrag>
<organ_kod datatype="string">TU</organ_kod>
<roll_kod datatype="string">Suppleant</roll_kod>
<ordningsnummer datatype="int32">22</ordningsnummer>
<status datatype="string"></status>
<typ datatype="string">uppdrag</typ>
<from datatype="datetime">2018-10-16</from>
<tom datatype="datetime">2022-09-26</tom>
<uppgift datatype="string">Trafikutskottet</uppgift>
<intressent_id datatype="string">0665485817222</intressent_id>
<hangar_id datatype="int32">2369648</hangar_id>
<sortering datatype="int32">50</sortering>
<organ_sortering datatype="int32">150</organ_sortering>
<uppdrag_rollsortering datatype="string">90</uppdrag_rollsortering>
<uppdrag_statussortering datatype="string">90</uppdrag_statussortering>
</uppdrag>
<uppdrag>
<organ_kod datatype="string">TU</organ_kod>
<roll_kod datatype="string">Suppleant</roll_kod>
<ordningsnummer datatype="int32">9</ordningsnummer>
<status datatype="string"></status>
<typ datatype="string">uppdrag</typ>
<from datatype="datetime">2016-04-14</from>
<tom datatype="datetime">2018-09-24</tom>
<uppgift datatype="string">Trafikutskottet</uppgift>
<intressent_id datatype="string">0665485817222</intressent_id>
<hangar_id datatype="int32">2369648</hangar_id>
<sortering datatype="int32">50</sortering>
<organ_sortering datatype="int32">150</organ_sortering>
<uppdrag_rollsortering datatype="string">90</uppdrag_rollsortering>
<uppdrag_statussortering datatype="string">90</uppdrag_statussortering>
</uppdrag>
<uppdrag>
<organ_kod datatype="string">TU</organ_kod>
<roll_kod datatype="string">Suppleant</roll_kod>
<ordningsnummer datatype="int32">29</ordningsnummer>
<status datatype="string"></status>
<typ datatype="string">uppdrag</typ>
<from datatype="datetime">2015-09-25</from>
<tom datatype="datetime">2016-04-13</tom>
<uppgift datatype="string">Trafikutskottet</uppgift>
<intressent_id datatype="string">0665485817222</intressent_id>
<hangar_id datatype="int32">2369648</hangar_id>
<sortering datatype="int32">50</sortering>
<organ_sortering datatype="int32">150</organ_sortering>
<uppdrag_rollsortering datatype="string">90</uppdrag_rollsortering>
<uppdrag_statussortering datatype="string">90</uppdrag_statussortering>
</uppdrag>
<uppdrag>
<organ_kod datatype="string">TU</organ_kod>
<roll_kod datatype="string">Suppleant</roll_kod>
<ordningsnummer datatype="int32">9</ordningsnummer>
<status datatype="string"></status>
<typ datatype="string">uppdrag</typ>
<from datatype="datetime">2014-10-07</from>
<tom datatype="datetime">2015-09-24</tom>
<uppgift datatype="string">Trafikutskottet</uppgift>
<intressent_id datatype="string">0665485817222</intressent_id>
<hangar_id datatype="int32">2369648</hangar_id>
<sortering datatype="int32">50</sortering>
<organ_sortering datatype="int32">150</organ_sortering>
<uppdrag_rollsortering datatype="string">90</uppdrag_rollsortering>
<uppdrag_statussortering datatype="string">90</uppdrag_statussortering>
</uppdrag>
<uppdrag>
<organ_kod datatype="string">UU</organ_kod>
<roll_kod datatype="string">Suppleant</roll_kod>
<ordningsnummer datatype="int32">27</ordningsnummer>
<status datatype="string"></status>
<typ datatype="string">uppdrag</typ>
<from datatype="datetime">2020-01-29</from>
<tom datatype="datetime">2022-09-26</tom>
<uppgift datatype="string">Utrikesutskottet</uppgift>
<intressent_id datatype="string">0665485817222</intressent_id>
<hangar_id datatype="int32">2369648</hangar_id>
<sortering datatype="int32">50</sortering>
<organ_sortering datatype="int32">150</organ_sortering>
<uppdrag_rollsortering datatype="string">90</uppdrag_rollsortering>
<uppdrag_statussortering datatype="string">90</uppdrag_statussortering>
</uppdrag>
<uppdrag>
<organ_kod datatype="string">UFöU</organ_kod>
<roll_kod datatype="string">Deputerad</roll_kod>
<ordningsnummer datatype="int32">7</ordningsnummer>
<status datatype="string"></status>
<typ datatype="string">uppdrag</typ>
<from datatype="datetime">2019-11-14</from>
<tom datatype="datetime">2019-12-17</tom>
<uppgift datatype="string">Sammansatta utrikes- och försvarsutskottet</uppgift>
<intressent_id datatype="string">0665485817222</intressent_id>
<hangar_id datatype="int32">2369648</hangar_id>
<sortering datatype="int32">40</sortering>
<organ_sortering datatype="int32">160</organ_sortering>
<uppdrag_rollsortering datatype="string">90</uppdrag_rollsortering>
<uppdrag_statussortering datatype="string">90</uppdrag_statussortering>
</uppdrag>
<uppdrag>
<organ_kod datatype="string">UFöU</organ_kod>
<roll_kod datatype="string">Deputerad</roll_kod>
<ordningsnummer datatype="int32">7</ordningsnummer>
<status datatype="string"></status>
<typ datatype="string">uppdrag</typ>
<from datatype="datetime">2019-05-09</from>
<tom datatype="datetime">2019-06-12</tom>
<uppgift datatype="string">Sammansatta utrikes- och försvarsutskottet</uppgift>
<intressent_id datatype="string">0665485817222</intressent_id>
<hangar_id datatype="int32">2369648</hangar_id>
<sortering datatype="int32">40</sortering>
<organ_sortering datatype="int32">160</organ_sortering>
<uppdrag_rollsortering datatype="string">90</uppdrag_rollsortering>
<uppdrag_statussortering datatype="string">90</uppdrag_statussortering>
</uppdrag>
<uppdrag>
<organ_kod datatype="string">UFöU</organ_kod>
<roll_kod datatype="string">Suppleant</roll_kod>
<ordningsnummer datatype="int32">7</ordningsnummer>
<status datatype="string"></status>
<typ datatype="string">uppdrag</typ>
<from datatype="datetime">2018-11-15</from>
<tom datatype="datetime">2018-12-05</tom>
<uppgift datatype="string">Sammansatta utrikes- och försvarsutskottet</uppgift>
<intressent_id datatype="string">0665485817222</intressent_id>
<hangar_id datatype="int32">2369648</hangar_id>
<sortering datatype="int32">50</sortering>
<organ_sortering datatype="int32">160</organ_sortering>
<uppdrag_rollsortering datatype="string">90</uppdrag_rollsortering>
<uppdrag_statussortering datatype="string">90</uppdrag_statussortering>
</uppdrag>
<uppdrag>
<organ_kod datatype="string">UFöU</organ_kod>
<roll_kod datatype="string">Deputerad</roll_kod>
<ordningsnummer datatype="int32">9</ordningsnummer>
<status datatype="string"></status>
<typ datatype="string">uppdrag</typ>
<from datatype="datetime">2018-05-15</from>
<tom datatype="datetime">2018-06-14</tom>
<uppgift datatype="string">Sammansatta utrikes- och försvarsutskottet</uppgift>
<intressent_id datatype="string">0665485817222</intressent_id>
<hangar_id datatype="int32">2369648</hangar_id>
<sortering datatype="int32">40</sortering>
<organ_sortering datatype="int32">160</organ_sortering>
<uppdrag_rollsortering datatype="string">90</uppdrag_rollsortering>
<uppdrag_statussortering datatype="string">90</uppdrag_statussortering>
</uppdrag>
<uppdrag>
<organ_kod datatype="string">UFöU</organ_kod>
<roll_kod datatype="string">Suppleant</roll_kod>
<ordningsnummer datatype="int32">9</ordningsnummer>
<status datatype="string"></status>
<typ datatype="string">uppdrag</typ>
<from datatype="datetime">2017-11-14</from>
<tom datatype="datetime">2017-12-15</tom>
<uppgift datatype="string">Sammansatta utrikes- och försvarsutskottet</uppgift>
<intressent_id datatype="string">0665485817222</intressent_id>
<hangar_id datatype="int32">2369648</hangar_id>
<sortering datatype="int32">50</sortering>
<organ_sortering datatype="int32">160</organ_sortering>
<uppdrag_rollsortering datatype="string">90</uppdrag_rollsortering>
<uppdrag_statussortering datatype="string">90</uppdrag_statussortering>
</uppdrag>
<uppdrag>
<organ_kod datatype="string">UFöU</organ_kod>
<roll_kod datatype="string">Deputerad</roll_kod>
<ordningsnummer datatype="int32">9</ordningsnummer>
<status datatype="string"></status>
<typ datatype="string">uppdrag</typ>
<from datatype="datetime">2017-05-02</from>
<tom datatype="datetime">2017-06-14</tom>
<uppgift datatype="string">Sammansatta utrikes- och försvarsutskottet</uppgift>
<intressent_id datatype="string">0665485817222</intressent_id>
<hangar_id datatype="int32">2369648</hangar_id>
<sortering datatype="int32">40</sortering>
<organ_sortering datatype="int32">160</organ_sortering>
<uppdrag_rollsortering datatype="string">90</uppdrag_rollsortering>
<uppdrag_statussortering datatype="string">90</uppdrag_statussortering>
</uppdrag>
<uppdrag>
<organ_kod datatype="string">UFöU</organ_kod>
<roll_kod datatype="string">Deputerad</roll_kod>
<ordningsnummer datatype="int32">9</ordningsnummer>
<status datatype="string"></status>
<typ datatype="string">uppdrag</typ>
<from datatype="datetime">2016-11-15</from>
<tom datatype="datetime">2016-12-14</tom>
<uppgift datatype="string">Sammansatta utrikes- och försvarsutskottet</uppgift>
<intressent_id datatype="string">0665485817222</intressent_id>
<hangar_id datatype="int32">2369648</hangar_id>
<sortering datatype="int32">40</sortering>
<organ_sortering datatype="int32">160</organ_sortering>
<uppdrag_rollsortering datatype="string">90</uppdrag_rollsortering>
<uppdrag_statussortering datatype="string">90</uppdrag_statussortering>
</uppdrag>
<uppdrag>
<organ_kod datatype="string">UFöU</organ_kod>
<roll_kod datatype="string">Suppleant</roll_kod>
<ordningsnummer datatype="int32">9</ordningsnummer>
<status datatype="string"></status>
<typ datatype="string">uppdrag</typ>
<from datatype="datetime">2016-04-12</from>
<tom datatype="datetime">2016-05-25</tom>
<uppgift datatype="string">Sammansatta utrikes- och försvarsutskottet</uppgift>
<intressent_id datatype="string">0665485817222</intressent_id>
<hangar_id datatype="int32">2369648</hangar_id>
<sortering datatype="int32">50</sortering>
<organ_sortering datatype="int32">160</organ_sortering>
<uppdrag_rollsortering datatype="string">90</uppdrag_rollsortering>
<uppdrag_statussortering datatype="string">90</uppdrag_statussortering>
</uppdrag>
<uppdrag>
<organ_kod datatype="string">UFöU</organ_kod>
<roll_kod datatype="string">Deputerad</roll_kod>
<ordningsnummer datatype="int32">9</ordningsnummer>
<status datatype="string"></status>
<typ datatype="string">uppdrag</typ>
<from datatype="datetime">2015-11-17</from>
<tom datatype="datetime">2015-12-16</tom>
<uppgift datatype="string">Sammansatta utrikes- och försvarsutskottet</uppgift>
<intressent_id datatype="string">0665485817222</intressent_id>
<hangar_id datatype="int32">2369648</hangar_id>
<sortering datatype="int32">40</sortering>
<organ_sortering datatype="int32">160</organ_sortering>
<uppdrag_rollsortering datatype="string">90</uppdrag_rollsortering>
<uppdrag_statussortering datatype="string">90</uppdrag_statussortering>
</uppdrag>
<uppdrag>
<organ_kod datatype="string">UFöU</organ_kod>
<roll_kod datatype="string">Suppleant</roll_kod>
<ordningsnummer datatype="int32">9</ordningsnummer>
<status datatype="string"></status>
<typ datatype="string">uppdrag</typ>
<from datatype="datetime">2015-04-14</from>
<tom datatype="datetime">2015-06-16</tom>
<uppgift datatype="string">Sammansatta utrikes- och försvarsutskottet</uppgift>
<intressent_id datatype="string">0665485817222</intressent_id>
<hangar_id datatype="int32">2369648</hangar_id>
<sortering datatype="int32">50</sortering>
<organ_sortering datatype="int32">160</organ_sortering>
<uppdrag_rollsortering datatype="string">90</uppdrag_rollsortering>
<uppdrag_statussortering datatype="string">90</uppdrag_statussortering>
</uppdrag>
<uppdrag>
<organ_kod datatype="string">UFöU</organ_kod>
<roll_kod datatype="string">Suppleant</roll_kod>
<ordningsnummer datatype="int32">9</ordningsnummer>
<status datatype="string"></status>
<typ datatype="string">uppdrag</typ>
<from datatype="datetime">2014-11-20</from>
<tom datatype="datetime">2014-12-17</tom>
<uppgift datatype="string">Sammansatta utrikes- och försvarsutskottet</uppgift>
<intressent_id datatype="string">0665485817222</intressent_id>
<hangar_id datatype="int32">2369648</hangar_id>
<sortering datatype="int32">50</sortering>
<organ_sortering datatype="int32">160</organ_sortering>
<uppdrag_rollsortering datatype="string">90</uppdrag_rollsortering>
<uppdrag_statussortering datatype="string">90</uppdrag_statussortering>
</uppdrag>
</personuppdrag>
<personuppgift>
<uppgift>
<kod datatype="string">Officiell e-postadress</kod>
<uppgift datatype="string">daniel.backstrom[på]riksdagen.se</uppgift>
<typ datatype="string">eadress</typ>
<intressent_id datatype="string">0665485817222</intressent_id>
<hangar_id datatype="int32">2369648</hangar_id>
</uppgift>
<uppgift>
<kod datatype="string">KandiderarINastaVal</kod>
<uppgift datatype="string">true</uppgift>
<typ datatype="string">val</typ>
<intressent_id datatype="string">0665485817222</intressent_id>
<hangar_id datatype="int32">2369648</hangar_id>
</uppgift>
</personuppgift>
</person>
