<?xml version="1.0" encoding="utf-8" ?>
<person>
<hangar_guid datatype="guid">c9ee2cf1-da8c-449c-b6b9-e9eda8ed896b</hangar_guid>
<sourceid datatype="string">cec58a3b-4801-40f0-8f41-1a4c0e301f88</sourceid>
<intressent_id datatype="string">0236597884217</intressent_id>
<hangar_id datatype="int32">2342839</hangar_id>
<fodd_ar datatype="int16">1954</fodd_ar>
<kon datatype="string">kvinna</kon>
<efternamn datatype="string">Carlsson</efternamn>
<tilltalsnamn datatype="string">Rose-Marie</tilltalsnamn>
<sorteringsnamn datatype="string">Carlsson,Rose-Marie</sorteringsnamn>
<iort datatype="string"></iort>
<parti datatype="string">S</parti>
<valkrets datatype="string">Malmö kommun</valkrets>
<status datatype="string">Tillgänglig ersättare</status>
<person_url_xml datatype="string">http://data.riksdagen.se/person/cec58a3b-4801-40f0-8f41-1a4c0e301f88</person_url_xml>
<bild_url_80 datatype="string">http://data.riksdagen.se/filarkiv/bilder/ledamot/cec58a3b-4801-40f0-8f41-1a4c0e301f88_80.jpg</bild_url_80>
<bild_url_192 datatype="string">http://data.riksdagen.se/filarkiv/bilder/ledamot/cec58a3b-4801-40f0-8f41-1a4c0e301f88_192.jpg</bild_url_192>
<bild_url_max datatype="string">http://data.riksdagen.se/filarkiv/bilder/ledamot/cec58a3b-4801-40f0-8f41-1a4c0e301f88_max.jpg</bild_url_max>
<personuppdrag>
<uppdrag>
<organ_kod datatype="string">kam</organ_kod>
<roll_kod datatype="string">Ersättare</roll_kod>
<ordningsnummer datatype="int32">14</ordningsnummer>
<status datatype="string">Ersättare</status>
<typ datatype="string">kammaruppdrag</typ>
<from datatype="datetime">2011-11-01</from>
<tom datatype="datetime">2011-12-31</tom>
<uppgift datatype="string">Hillevi Larsson</uppgift>
<intressent_id datatype="string">0236597884217</intressent_id>
<hangar_id datatype="int32">2342839</hangar_id>
<sortering datatype="int32">45</sortering>
<organ_sortering datatype="int32">10</organ_sortering>
<uppdrag_rollsortering datatype="string">60</uppdrag_rollsortering>
<uppdrag_statussortering datatype="string">20</uppdrag_statussortering>
</uppdrag>
<uppdrag>
<organ_kod datatype="string">kam</organ_kod>
<roll_kod datatype="string">Ersättare</roll_kod>
<ordningsnummer datatype="int32">92</ordningsnummer>
<status datatype="string">Ersättare</status>
<typ datatype="string">kammaruppdrag</typ>
<from datatype="datetime">2009-09-14</from>
<tom datatype="datetime">2009-10-16</tom>
<uppgift datatype="string">Hillevi Larsson</uppgift>
<intressent_id datatype="string">0236597884217</intressent_id>
<hangar_id datatype="int32">2342839</hangar_id>
<sortering datatype="int32">45</sortering>
<organ_sortering datatype="int32">10</organ_sortering>
<uppdrag_rollsortering datatype="string">60</uppdrag_rollsortering>
<uppdrag_statussortering datatype="string">20</uppdrag_statussortering>
</uppdrag>
<uppdrag>
<organ_kod datatype="string">kam</organ_kod>
<roll_kod datatype="string">Ersättare</roll_kod>
<ordningsnummer datatype="int32">92</ordningsnummer>
<status datatype="string">Ersättare</status>
<typ datatype="string">kammaruppdrag</typ>
<from datatype="datetime">2008-06-09</from>
<tom datatype="datetime">2009-01-01</tom>
<uppgift datatype="string">Hillevi Larsson</uppgift>
<intressent_id datatype="string">0236597884217</intressent_id>
<hangar_id datatype="int32">2342839</hangar_id>
<sortering datatype="int32">45</sortering>
<organ_sortering datatype="int32">10</organ_sortering>
<uppdrag_rollsortering datatype="string">60</uppdrag_rollsortering>
<uppdrag_statussortering datatype="string">20</uppdrag_statussortering>
</uppdrag>
<uppdrag>
<organ_kod datatype="string">CU</organ_kod>
<roll_kod datatype="string">Extra suppleant</roll_kod>
<ordningsnummer datatype="int32">0</ordningsnummer>
<status datatype="string"></status>
<typ datatype="string">uppdrag</typ>
<from datatype="datetime">2011-11-01</from>
<tom datatype="datetime">2011-12-31</tom>
<uppgift datatype="string">Civilutskottet</uppgift>
<intressent_id datatype="string">0236597884217</intressent_id>
<hangar_id datatype="int32">2342839</hangar_id>
<sortering datatype="int32">55</sortering>
<organ_sortering datatype="int32">150</organ_sortering>
<uppdrag_rollsortering datatype="string">90</uppdrag_rollsortering>
<uppdrag_statussortering datatype="string">90</uppdrag_statussortering>
</uppdrag>
<uppdrag>
<organ_kod datatype="string">CU</organ_kod>
<roll_kod datatype="string">Extra suppleant</roll_kod>
<ordningsnummer datatype="int32">28</ordningsnummer>
<status datatype="string"></status>
<typ datatype="string">uppdrag</typ>
<from datatype="datetime">2009-09-14</from>
<tom datatype="datetime">2009-10-16</tom>
<uppgift datatype="string">Civilutskottet</uppgift>
<intressent_id datatype="string">0236597884217</intressent_id>
<hangar_id datatype="int32">2342839</hangar_id>
<sortering datatype="int32">55</sortering>
<organ_sortering datatype="int32">150</organ_sortering>
<uppdrag_rollsortering datatype="string">90</uppdrag_rollsortering>
<uppdrag_statussortering datatype="string">90</uppdrag_statussortering>
</uppdrag>
<uppdrag>
<organ_kod datatype="string">CU</organ_kod>
<roll_kod datatype="string">Extra suppleant</roll_kod>
<ordningsnummer datatype="int32">28</ordningsnummer>
<status datatype="string"></status>
<typ datatype="string">uppdrag</typ>
<from datatype="datetime">2008-06-09</from>
<tom datatype="datetime">2009-01-01</tom>
<uppgift datatype="string">Civilutskottet</uppgift>
<intressent_id datatype="string">0236597884217</intressent_id>
<hangar_id datatype="int32">2342839</hangar_id>
<sortering datatype="int32">55</sortering>
<organ_sortering datatype="int32">150</organ_sortering>
<uppdrag_rollsortering datatype="string">90</uppdrag_rollsortering>
<uppdrag_statussortering datatype="string">90</uppdrag_statussortering>
</uppdrag>
<uppdrag>
<organ_kod datatype="string">JuU</organ_kod>
<roll_kod datatype="string">Extra suppleant</roll_kod>
<ordningsnummer datatype="int32">27</ordningsnummer>
<status datatype="string"></status>
<typ datatype="string">uppdrag</typ>
<from datatype="datetime">2009-09-14</from>
<tom datatype="datetime">2009-10-16</tom>
<uppgift datatype="string">Justitieutskottet</uppgift>
<intressent_id datatype="string">0236597884217</intressent_id>
<hangar_id datatype="int32">2342839</hangar_id>
<sortering datatype="int32">55</sortering>
<organ_sortering datatype="int32">150</organ_sortering>
<uppdrag_rollsortering datatype="string">90</uppdrag_rollsortering>
<uppdrag_statussortering datatype="string">90</uppdrag_statussortering>
</uppdrag>
<uppdrag>
<organ_kod datatype="string">JuU</organ_kod>
<roll_kod datatype="string">Extra suppleant</roll_kod>
<ordningsnummer datatype="int32">27</ordningsnummer>
<status datatype="string"></status>
<typ datatype="string">uppdrag</typ>
<from datatype="datetime">2008-06-09</from>
<tom datatype="datetime">2009-01-01</tom>
<uppgift datatype="string">Justitieutskottet</uppgift>
<intressent_id datatype="string">0236597884217</intressent_id>
<hangar_id datatype="int32">2342839</hangar_id>
<sortering datatype="int32">55</sortering>
<organ_sortering datatype="int32">150</organ_sortering>
<uppdrag_rollsortering datatype="string">90</uppdrag_rollsortering>
<uppdrag_statussortering datatype="string">90</uppdrag_statussortering>
</uppdrag>
</personuppdrag>
<personuppgift>
<uppgift>
<kod datatype="string">Officiell e-postadress</kod>
<uppgift datatype="string">rose-marie.carlsson[på]riksdagen.se</uppgift>
<typ datatype="string">eadress</typ>
<intressent_id datatype="string">0236597884217</intressent_id>
<hangar_id datatype="int32">2342839</hangar_id>
</uppgift>
<uppgift>
<kod datatype="string">Tjänstetelefon</kod>
<uppgift datatype="string">64473</uppgift>
<typ datatype="string">telefonnummer</typ>
<intressent_id datatype="string">0236597884217</intressent_id>
<hangar_id datatype="int32">2342839</hangar_id>
</uppgift>
<uppgift>
<kod datatype="string">sv</kod>
<uppgift datatype="string">Undersköterska</uppgift>
<typ datatype="string">titlar</typ>
<intressent_id datatype="string">0236597884217</intressent_id>
<hangar_id datatype="int32">2342839</hangar_id>
</uppgift>
<uppgift>
<kod datatype="string">en</kod>
<uppgift datatype="string"></uppgift>
<typ datatype="string">titlar</typ>
<intressent_id datatype="string">0236597884217</intressent_id>
<hangar_id datatype="int32">2342839</hangar_id>
</uppgift>
<uppgift>
<kod datatype="string">KandiderarINastaVal</kod>
<uppgift datatype="string">true</uppgift>
<typ datatype="string">val</typ>
<intressent_id datatype="string">0236597884217</intressent_id>
<hangar_id datatype="int32">2342839</hangar_id>
</uppgift>
</personuppgift>
</person>
