<?xml version="1.0" encoding="utf-8" ?>
<person>
<hangar_guid datatype="guid">a2124180-9b03-48ce-927d-ee59c4b6f4b8</hangar_guid>
<sourceid datatype="string">4886f71d-d76e-46cc-9d44-9e67d192277a</sourceid>
<intressent_id datatype="string">0286498639614</intressent_id>
<hangar_id datatype="int32">2342934</hangar_id>
<fodd_ar datatype="int16">1956</fodd_ar>
<kon datatype="string">kvinna</kon>
<efternamn datatype="string">Carlsson</efternamn>
<tilltalsnamn datatype="string">Willemo</tilltalsnamn>
<sorteringsnamn datatype="string">Carlsson,Willemo</sorteringsnamn>
<iort datatype="string"></iort>
<parti datatype="string">M</parti>
<valkrets datatype="string">Kronobergs län</valkrets>
<status datatype="string">Tidigare ersättare</status>
<person_url_xml datatype="string">http://data.riksdagen.se/person/4886f71d-d76e-46cc-9d44-9e67d192277a</person_url_xml>
<bild_url_80 datatype="string">http://data.riksdagen.se/filarkiv/bilder/ledamot/4886f71d-d76e-46cc-9d44-9e67d192277a_80.jpg</bild_url_80>
<bild_url_192 datatype="string">http://data.riksdagen.se/filarkiv/bilder/ledamot/4886f71d-d76e-46cc-9d44-9e67d192277a_192.jpg</bild_url_192>
<bild_url_max datatype="string">http://data.riksdagen.se/filarkiv/bilder/ledamot/4886f71d-d76e-46cc-9d44-9e67d192277a_max.jpg</bild_url_max>
<personuppdrag>
<uppdrag>
<organ_kod datatype="string">kam</organ_kod>
<roll_kod datatype="string">Ersättare</roll_kod>
<ordningsnummer datatype="int32">291</ordningsnummer>
<status datatype="string">Ersättare</status>
<typ datatype="string">kammaruppdrag</typ>
<from datatype="datetime">2008-11-01</from>
<tom datatype="datetime">2009-04-30</tom>
<uppgift datatype="string">Anna Tenje</uppgift>
<intressent_id datatype="string">0286498639614</intressent_id>
<hangar_id datatype="int32">2342934</hangar_id>
<sortering datatype="int32">45</sortering>
<organ_sortering datatype="int32">10</organ_sortering>
<uppdrag_rollsortering datatype="string">60</uppdrag_rollsortering>
<uppdrag_statussortering datatype="string">20</uppdrag_statussortering>
</uppdrag>
<uppdrag>
<organ_kod datatype="string">KU</organ_kod>
<roll_kod datatype="string">Suppleant</roll_kod>
<ordningsnummer datatype="int32">0</ordningsnummer>
<status datatype="string"></status>
<typ datatype="string">uppdrag</typ>
<from datatype="datetime">2008-11-13</from>
<tom datatype="datetime">2009-04-30</tom>
<uppgift datatype="string">Konstitutionsutskottet</uppgift>
<intressent_id datatype="string">0286498639614</intressent_id>
<hangar_id datatype="int32">2342934</hangar_id>
<sortering datatype="int32">50</sortering>
<organ_sortering datatype="int32">150</organ_sortering>
<uppdrag_rollsortering datatype="string">90</uppdrag_rollsortering>
<uppdrag_statussortering datatype="string">90</uppdrag_statussortering>
</uppdrag>
<uppdrag>
<organ_kod datatype="string">MJU</organ_kod>
<roll_kod datatype="string">Suppleant</roll_kod>
<ordningsnummer datatype="int32">0</ordningsnummer>
<status datatype="string"></status>
<typ datatype="string">uppdrag</typ>
<from datatype="datetime">2008-11-13</from>
<tom datatype="datetime">2009-04-30</tom>
<uppgift datatype="string">Miljö- och jordbruksutskottet</uppgift>
<intressent_id datatype="string">0286498639614</intressent_id>
<hangar_id datatype="int32">2342934</hangar_id>
<sortering datatype="int32">50</sortering>
<organ_sortering datatype="int32">150</organ_sortering>
<uppdrag_rollsortering datatype="string">90</uppdrag_rollsortering>
<uppdrag_statussortering datatype="string">90</uppdrag_statussortering>
</uppdrag>
</personuppdrag>
<personuppgift>
<uppgift>
<kod datatype="string">sv</kod>
<uppgift datatype="string">Fil.mag./Leg.sjuksköt.</uppgift>
<typ datatype="string">titlar</typ>
<intressent_id datatype="string">0286498639614</intressent_id>
<hangar_id datatype="int32">2342934</hangar_id>
</uppgift>
<uppgift>
<kod datatype="string">en</kod>
<uppgift datatype="string"></uppgift>
<typ datatype="string">titlar</typ>
<intressent_id datatype="string">0286498639614</intressent_id>
<hangar_id datatype="int32">2342934</hangar_id>
</uppgift>
</personuppgift>
</person>
