<?xml version="1.0" encoding="utf-8" ?>
<person>
<hangar_guid datatype="guid">7b91e827-389f-4e16-b27b-ff2104837619</hangar_guid>
<sourceid datatype="string">34f7ceb6-9f7c-4b37-a15e-1c61ffa639e5</sourceid>
<intressent_id datatype="string">049290762318</intressent_id>
<hangar_id datatype="int32">2369327</hangar_id>
<fodd_ar datatype="int16">1962</fodd_ar>
<kon datatype="string">man</kon>
<efternamn datatype="string">Carlsson</efternamn>
<tilltalsnamn datatype="string">ClasGöran</tilltalsnamn>
<sorteringsnamn datatype="string">Carlsson,ClasGöran</sorteringsnamn>
<iort datatype="string"></iort>
<parti datatype="string">S</parti>
<valkrets datatype="string">Kronobergs län</valkrets>
<status datatype="string">Tjänstgörande statsrådsersättare</status>
<person_url_xml datatype="string">http://data.riksdagen.se/person/34f7ceb6-9f7c-4b37-a15e-1c61ffa639e5</person_url_xml>
<bild_url_80 datatype="string">http://data.riksdagen.se/filarkiv/bilder/ledamot/34f7ceb6-9f7c-4b37-a15e-1c61ffa639e5_80.jpg</bild_url_80>
<bild_url_192 datatype="string">http://data.riksdagen.se/filarkiv/bilder/ledamot/34f7ceb6-9f7c-4b37-a15e-1c61ffa639e5_192.jpg</bild_url_192>
<bild_url_max datatype="string">http://data.riksdagen.se/filarkiv/bilder/ledamot/34f7ceb6-9f7c-4b37-a15e-1c61ffa639e5_max.jpg</bild_url_max>
<personuppdrag>
<uppdrag>
<organ_kod datatype="string">kam</organ_kod>
<roll_kod datatype="string">Statsrådsersättare</roll_kod>
<ordningsnummer datatype="int32">120</ordningsnummer>
<status datatype="string">Ersättare</status>
<typ datatype="string">kammaruppdrag</typ>
<from datatype="datetime">2018-09-24</from>
<tom datatype="datetime">2022-09-26</tom>
<uppgift datatype="string">Tomas Eneroth</uppgift>
<intressent_id datatype="string">049290762318</intressent_id>
<hangar_id datatype="int32">2369327</hangar_id>
<sortering datatype="int32"></sortering>
<organ_sortering datatype="int32">10</organ_sortering>
<uppdrag_rollsortering datatype="string">60</uppdrag_rollsortering>
<uppdrag_statussortering datatype="string">20</uppdrag_statussortering>
</uppdrag>
<uppdrag>
<organ_kod datatype="string">kam</organ_kod>
<roll_kod datatype="string">Statsrådsersättare</roll_kod>
<ordningsnummer datatype="int32">183</ordningsnummer>
<status datatype="string">Ersättare</status>
<typ datatype="string">kammaruppdrag</typ>
<from datatype="datetime">2017-07-27</from>
<tom datatype="datetime">2018-09-24</tom>
<uppgift datatype="string">Tomas Eneroth</uppgift>
<intressent_id datatype="string">049290762318</intressent_id>
<hangar_id datatype="int32">2369327</hangar_id>
<sortering datatype="int32"></sortering>
<organ_sortering datatype="int32">10</organ_sortering>
<uppdrag_rollsortering datatype="string">60</uppdrag_rollsortering>
<uppdrag_statussortering datatype="string">20</uppdrag_statussortering>
</uppdrag>
<uppdrag>
<organ_kod datatype="string">kam</organ_kod>
<roll_kod datatype="string">Riksdagsledamot</roll_kod>
<ordningsnummer datatype="int32">329</ordningsnummer>
<status datatype="string">Tjänstgörande</status>
<typ datatype="string">kammaruppdrag</typ>
<from datatype="datetime">2010-10-04</from>
<tom datatype="datetime">2014-09-29</tom>
<uppgift datatype="string"></uppgift>
<intressent_id datatype="string">049290762318</intressent_id>
<hangar_id datatype="int32">2369327</hangar_id>
<sortering datatype="int32">10</sortering>
<organ_sortering datatype="int32">10</organ_sortering>
<uppdrag_rollsortering datatype="string">60</uppdrag_rollsortering>
<uppdrag_statussortering datatype="string">10</uppdrag_statussortering>
</uppdrag>
<uppdrag>
<organ_kod datatype="string">NATO</organ_kod>
<roll_kod datatype="string">Suppleant</roll_kod>
<ordningsnummer datatype="int32">4</ordningsnummer>
<status datatype="string"></status>
<typ datatype="string">Riksdagsorgan</typ>
<from datatype="datetime">2010-11-17</from>
<tom datatype="datetime">2014-09-29</tom>
<uppgift datatype="string">Riksdagens delegation till Natos parlamentariska församling</uppgift>
<intressent_id datatype="string">049290762318</intressent_id>
<hangar_id datatype="int32">2369327</hangar_id>
<sortering datatype="int32">50</sortering>
<organ_sortering datatype="int32">300</organ_sortering>
<uppdrag_rollsortering datatype="string">90</uppdrag_rollsortering>
<uppdrag_statussortering datatype="string">90</uppdrag_statussortering>
</uppdrag>
<uppdrag>
<organ_kod datatype="string">RB</organ_kod>
<roll_kod datatype="string">Suppleant</roll_kod>
<ordningsnummer datatype="int32">8</ordningsnummer>
<status datatype="string"></status>
<typ datatype="string">Riksdagsorgan</typ>
<from datatype="datetime">2018-10-09</from>
<tom datatype="datetime">2022-10-09</tom>
<uppgift datatype="string">Riksbanksfullmäktige</uppgift>
<intressent_id datatype="string">049290762318</intressent_id>
<hangar_id datatype="int32">2369327</hangar_id>
<sortering datatype="int32">50</sortering>
<organ_sortering datatype="int32">300</organ_sortering>
<uppdrag_rollsortering datatype="string">90</uppdrag_rollsortering>
<uppdrag_statussortering datatype="string">90</uppdrag_statussortering>
</uppdrag>
<uppdrag>
<organ_kod datatype="string">RB</organ_kod>
<roll_kod datatype="string">Suppleant</roll_kod>
<ordningsnummer datatype="int32">8</ordningsnummer>
<status datatype="string"></status>
<typ datatype="string">Riksdagsorgan</typ>
<from datatype="datetime">2014-10-14</from>
<tom datatype="datetime">2018-10-09</tom>
<uppgift datatype="string">Riksbanksfullmäktige</uppgift>
<intressent_id datatype="string">049290762318</intressent_id>
<hangar_id datatype="int32">2369327</hangar_id>
<sortering datatype="int32">50</sortering>
<organ_sortering datatype="int32">300</organ_sortering>
<uppdrag_rollsortering datatype="string">90</uppdrag_rollsortering>
<uppdrag_statussortering datatype="string">90</uppdrag_statussortering>
</uppdrag>
<uppdrag>
<organ_kod datatype="string">ÖN</organ_kod>
<roll_kod datatype="string">Suppleant</roll_kod>
<ordningsnummer datatype="int32">3</ordningsnummer>
<status datatype="string"></status>
<typ datatype="string">Riksdagsorgan</typ>
<from datatype="datetime">2018-10-09</from>
<tom datatype="datetime">2022-10-09</tom>
<uppgift datatype="string">Riksdagens överklagandenämnd</uppgift>
<intressent_id datatype="string">049290762318</intressent_id>
<hangar_id datatype="int32">2369327</hangar_id>
<sortering datatype="int32">50</sortering>
<organ_sortering datatype="int32">300</organ_sortering>
<uppdrag_rollsortering datatype="string">90</uppdrag_rollsortering>
<uppdrag_statussortering datatype="string">90</uppdrag_statussortering>
</uppdrag>
<uppdrag>
<organ_kod datatype="string">CU</organ_kod>
<roll_kod datatype="string">Ledamot</roll_kod>
<ordningsnummer datatype="int32">17</ordningsnummer>
<status datatype="string"></status>
<typ datatype="string">uppdrag</typ>
<from datatype="datetime">2018-04-11</from>
<tom datatype="datetime">2018-09-24</tom>
<uppgift datatype="string">Civilutskottet</uppgift>
<intressent_id datatype="string">049290762318</intressent_id>
<hangar_id datatype="int32">2369327</hangar_id>
<sortering datatype="int32">30</sortering>
<organ_sortering datatype="int32">150</organ_sortering>
<uppdrag_rollsortering datatype="string">90</uppdrag_rollsortering>
<uppdrag_statussortering datatype="string">90</uppdrag_statussortering>
</uppdrag>
<uppdrag>
<organ_kod datatype="string">CU</organ_kod>
<roll_kod datatype="string">Suppleant</roll_kod>
<ordningsnummer datatype="int32">1</ordningsnummer>
<status datatype="string"></status>
<typ datatype="string">uppdrag</typ>
<from datatype="datetime">2017-09-22</from>
<tom datatype="datetime">2018-04-11</tom>
<uppgift datatype="string">Civilutskottet</uppgift>
<intressent_id datatype="string">049290762318</intressent_id>
<hangar_id datatype="int32">2369327</hangar_id>
<sortering datatype="int32">50</sortering>
<organ_sortering datatype="int32">150</organ_sortering>
<uppdrag_rollsortering datatype="string">90</uppdrag_rollsortering>
<uppdrag_statussortering datatype="string">90</uppdrag_statussortering>
</uppdrag>
<uppdrag>
<organ_kod datatype="string">CU</organ_kod>
<roll_kod datatype="string">Suppleant</roll_kod>
<ordningsnummer datatype="int32">4</ordningsnummer>
<status datatype="string"></status>
<typ datatype="string">uppdrag</typ>
<from datatype="datetime">2010-10-12</from>
<tom datatype="datetime">2014-09-29</tom>
<uppgift datatype="string">Civilutskottet</uppgift>
<intressent_id datatype="string">049290762318</intressent_id>
<hangar_id datatype="int32">2369327</hangar_id>
<sortering datatype="int32">50</sortering>
<organ_sortering datatype="int32">150</organ_sortering>
<uppdrag_rollsortering datatype="string">90</uppdrag_rollsortering>
<uppdrag_statussortering datatype="string">90</uppdrag_statussortering>
</uppdrag>
<uppdrag>
<organ_kod datatype="string">FöU</organ_kod>
<roll_kod datatype="string">Suppleant</roll_kod>
<ordningsnummer datatype="int32">1</ordningsnummer>
<status datatype="string"></status>
<typ datatype="string">uppdrag</typ>
<from datatype="datetime">2018-10-02</from>
<tom datatype="datetime">2022-09-26</tom>
<uppgift datatype="string">Försvarsutskottet</uppgift>
<intressent_id datatype="string">049290762318</intressent_id>
<hangar_id datatype="int32">2369327</hangar_id>
<sortering datatype="int32">50</sortering>
<organ_sortering datatype="int32">150</organ_sortering>
<uppdrag_rollsortering datatype="string">90</uppdrag_rollsortering>
<uppdrag_statussortering datatype="string">90</uppdrag_statussortering>
</uppdrag>
<uppdrag>
<organ_kod datatype="string">FöU</organ_kod>
<roll_kod datatype="string">Ledamot</roll_kod>
<ordningsnummer datatype="int32">10</ordningsnummer>
<status datatype="string"></status>
<typ datatype="string">uppdrag</typ>
<from datatype="datetime">2010-10-12</from>
<tom datatype="datetime">2014-09-29</tom>
<uppgift datatype="string">Försvarsutskottet</uppgift>
<intressent_id datatype="string">049290762318</intressent_id>
<hangar_id datatype="int32">2369327</hangar_id>
<sortering datatype="int32">30</sortering>
<organ_sortering datatype="int32">150</organ_sortering>
<uppdrag_rollsortering datatype="string">90</uppdrag_rollsortering>
<uppdrag_statussortering datatype="string">90</uppdrag_statussortering>
</uppdrag>
<uppdrag>
<organ_kod datatype="string">NU</organ_kod>
<roll_kod datatype="string">Suppleant</roll_kod>
<ordningsnummer datatype="int32">28</ordningsnummer>
<status datatype="string"></status>
<typ datatype="string">uppdrag</typ>
<from datatype="datetime">2017-10-13</from>
<tom datatype="datetime">2018-09-24</tom>
<uppgift datatype="string">Näringsutskottet</uppgift>
<intressent_id datatype="string">049290762318</intressent_id>
<hangar_id datatype="int32">2369327</hangar_id>
<sortering datatype="int32">50</sortering>
<organ_sortering datatype="int32">150</organ_sortering>
<uppdrag_rollsortering datatype="string">90</uppdrag_rollsortering>
<uppdrag_statussortering datatype="string">90</uppdrag_statussortering>
</uppdrag>
<uppdrag>
<organ_kod datatype="string">CKrU</organ_kod>
<roll_kod datatype="string">Extra suppleant</roll_kod>
<ordningsnummer datatype="int32">0</ordningsnummer>
<status datatype="string"></status>
<typ datatype="string">uppdrag</typ>
<from datatype="datetime">2018-03-13</from>
<tom datatype="datetime">2018-05-24</tom>
<uppgift datatype="string">Sammansatta civil- och kulturutskottet</uppgift>
<intressent_id datatype="string">049290762318</intressent_id>
<hangar_id datatype="int32">2369327</hangar_id>
<sortering datatype="int32">55</sortering>
<organ_sortering datatype="int32">160</organ_sortering>
<uppdrag_rollsortering datatype="string">90</uppdrag_rollsortering>
<uppdrag_statussortering datatype="string">90</uppdrag_statussortering>
</uppdrag>
<uppdrag>
<organ_kod datatype="string">UFöU</organ_kod>
<roll_kod datatype="string">Suppleant</roll_kod>
<ordningsnummer datatype="int32">6</ordningsnummer>
<status datatype="string"></status>
<typ datatype="string">uppdrag</typ>
<from datatype="datetime">2014-04-15</from>
<tom datatype="datetime">2014-06-12</tom>
<uppgift datatype="string">Sammansatta utrikes- och försvarsutskottet</uppgift>
<intressent_id datatype="string">049290762318</intressent_id>
<hangar_id datatype="int32">2369327</hangar_id>
<sortering datatype="int32">50</sortering>
<organ_sortering datatype="int32">160</organ_sortering>
<uppdrag_rollsortering datatype="string">90</uppdrag_rollsortering>
<uppdrag_statussortering datatype="string">90</uppdrag_statussortering>
</uppdrag>
<uppdrag>
<organ_kod datatype="string">UFöU</organ_kod>
<roll_kod datatype="string">Suppleant</roll_kod>
<ordningsnummer datatype="int32">6</ordningsnummer>
<status datatype="string"></status>
<typ datatype="string">uppdrag</typ>
<from datatype="datetime">2013-11-26</from>
<tom datatype="datetime">2013-12-17</tom>
<uppgift datatype="string">Sammansatta utrikes- och försvarsutskottet</uppgift>
<intressent_id datatype="string">049290762318</intressent_id>
<hangar_id datatype="int32">2369327</hangar_id>
<sortering datatype="int32">50</sortering>
<organ_sortering datatype="int32">160</organ_sortering>
<uppdrag_rollsortering datatype="string">90</uppdrag_rollsortering>
<uppdrag_statussortering datatype="string">90</uppdrag_statussortering>
</uppdrag>
<uppdrag>
<organ_kod datatype="string">UFöU</organ_kod>
<roll_kod datatype="string">Suppleant</roll_kod>
<ordningsnummer datatype="int32">6</ordningsnummer>
<status datatype="string"></status>
<typ datatype="string">uppdrag</typ>
<from datatype="datetime">2013-04-23</from>
<tom datatype="datetime">2013-06-18</tom>
<uppgift datatype="string">Sammansatta utrikes- och försvarsutskottet</uppgift>
<intressent_id datatype="string">049290762318</intressent_id>
<hangar_id datatype="int32">2369327</hangar_id>
<sortering datatype="int32">50</sortering>
<organ_sortering datatype="int32">160</organ_sortering>
<uppdrag_rollsortering datatype="string">90</uppdrag_rollsortering>
<uppdrag_statussortering datatype="string">90</uppdrag_statussortering>
</uppdrag>
<uppdrag>
<organ_kod datatype="string">UFöU</organ_kod>
<roll_kod datatype="string">Suppleant</roll_kod>
<ordningsnummer datatype="int32">6</ordningsnummer>
<status datatype="string"></status>
<typ datatype="string">uppdrag</typ>
<from datatype="datetime">2013-02-21</from>
<tom datatype="datetime">2013-03-06</tom>
<uppgift datatype="string">Sammansatta utrikes- och försvarsutskottet</uppgift>
<intressent_id datatype="string">049290762318</intressent_id>
<hangar_id datatype="int32">2369327</hangar_id>
<sortering datatype="int32">50</sortering>
<organ_sortering datatype="int32">160</organ_sortering>
<uppdrag_rollsortering datatype="string">90</uppdrag_rollsortering>
<uppdrag_statussortering datatype="string">90</uppdrag_statussortering>
</uppdrag>
<uppdrag>
<organ_kod datatype="string">UFöU</organ_kod>
<roll_kod datatype="string">Suppleant</roll_kod>
<ordningsnummer datatype="int32">10</ordningsnummer>
<status datatype="string"></status>
<typ datatype="string">uppdrag</typ>
<from datatype="datetime">2012-11-27</from>
<tom datatype="datetime">2012-12-19</tom>
<uppgift datatype="string">Sammansatta utrikes- och försvarsutskottet</uppgift>
<intressent_id datatype="string">049290762318</intressent_id>
<hangar_id datatype="int32">2369327</hangar_id>
<sortering datatype="int32">50</sortering>
<organ_sortering datatype="int32">160</organ_sortering>
<uppdrag_rollsortering datatype="string">90</uppdrag_rollsortering>
<uppdrag_statussortering datatype="string">90</uppdrag_statussortering>
</uppdrag>
<uppdrag>
<organ_kod datatype="string">UFöU</organ_kod>
<roll_kod datatype="string">Deputerad</roll_kod>
<ordningsnummer datatype="int32">10</ordningsnummer>
<status datatype="string"></status>
<typ datatype="string">uppdrag</typ>
<from datatype="datetime">2011-11-24</from>
<tom datatype="datetime">2011-12-14</tom>
<uppgift datatype="string">Sammansatta utrikes- och försvarsutskottet</uppgift>
<intressent_id datatype="string">049290762318</intressent_id>
<hangar_id datatype="int32">2369327</hangar_id>
<sortering datatype="int32">40</sortering>
<organ_sortering datatype="int32">160</organ_sortering>
<uppdrag_rollsortering datatype="string">90</uppdrag_rollsortering>
<uppdrag_statussortering datatype="string">90</uppdrag_statussortering>
</uppdrag>
<uppdrag>
<organ_kod datatype="string">UFöU</organ_kod>
<roll_kod datatype="string">Suppleant</roll_kod>
<ordningsnummer datatype="int32">6</ordningsnummer>
<status datatype="string"></status>
<typ datatype="string">uppdrag</typ>
<from datatype="datetime">2011-09-20</from>
<tom datatype="datetime">2011-09-21</tom>
<uppgift datatype="string">Sammansatta utrikes- och försvarsutskottet</uppgift>
<intressent_id datatype="string">049290762318</intressent_id>
<hangar_id datatype="int32">2369327</hangar_id>
<sortering datatype="int32">50</sortering>
<organ_sortering datatype="int32">160</organ_sortering>
<uppdrag_rollsortering datatype="string">90</uppdrag_rollsortering>
<uppdrag_statussortering datatype="string">90</uppdrag_statussortering>
</uppdrag>
<uppdrag>
<organ_kod datatype="string">UFöU</organ_kod>
<roll_kod datatype="string">Suppleant</roll_kod>
<ordningsnummer datatype="int32">6</ordningsnummer>
<status datatype="string"></status>
<typ datatype="string">uppdrag</typ>
<from datatype="datetime">2011-06-16</from>
<tom datatype="datetime">2011-06-17</tom>
<uppgift datatype="string">Sammansatta utrikes- och försvarsutskottet</uppgift>
<intressent_id datatype="string">049290762318</intressent_id>
<hangar_id datatype="int32">2369327</hangar_id>
<sortering datatype="int32">50</sortering>
<organ_sortering datatype="int32">160</organ_sortering>
<uppdrag_rollsortering datatype="string">90</uppdrag_rollsortering>
<uppdrag_statussortering datatype="string">90</uppdrag_statussortering>
</uppdrag>
<uppdrag>
<organ_kod datatype="string">UFöU</organ_kod>
<roll_kod datatype="string">Suppleant</roll_kod>
<ordningsnummer datatype="int32">2</ordningsnummer>
<status datatype="string"></status>
<typ datatype="string">uppdrag</typ>
<from datatype="datetime">2011-03-31</from>
<tom datatype="datetime">2011-04-01</tom>
<uppgift datatype="string">Sammansatta utrikes- och försvarsutskottet</uppgift>
<intressent_id datatype="string">049290762318</intressent_id>
<hangar_id datatype="int32">2369327</hangar_id>
<sortering datatype="int32">50</sortering>
<organ_sortering datatype="int32">160</organ_sortering>
<uppdrag_rollsortering datatype="string">90</uppdrag_rollsortering>
<uppdrag_statussortering datatype="string">90</uppdrag_statussortering>
</uppdrag>
<uppdrag>
<organ_kod datatype="string">UFöU</organ_kod>
<roll_kod datatype="string">Suppleant</roll_kod>
<ordningsnummer datatype="int32">6</ordningsnummer>
<status datatype="string"></status>
<typ datatype="string">uppdrag</typ>
<from datatype="datetime">2010-11-23</from>
<tom datatype="datetime">2010-12-15</tom>
<uppgift datatype="string">Sammansatta utrikes- och försvarsutskottet</uppgift>
<intressent_id datatype="string">049290762318</intressent_id>
<hangar_id datatype="int32">2369327</hangar_id>
<sortering datatype="int32">50</sortering>
<organ_sortering datatype="int32">160</organ_sortering>
<uppdrag_rollsortering datatype="string">90</uppdrag_rollsortering>
<uppdrag_statussortering datatype="string">90</uppdrag_statussortering>
</uppdrag>
</personuppdrag>
<personuppgift>
<uppgift>
<kod datatype="string">Officiell e-postadress</kod>
<uppgift datatype="string">clasgoran.carlsson[på]riksdagen.se</uppgift>
<typ datatype="string">eadress</typ>
<intressent_id datatype="string">049290762318</intressent_id>
<hangar_id datatype="int32">2369327</hangar_id>
</uppgift>
<uppgift>
<kod datatype="string">sv</kod>
<uppgift datatype="string">Direktör.</uppgift>
<typ datatype="string">titlar</typ>
<intressent_id datatype="string">049290762318</intressent_id>
<hangar_id datatype="int32">2369327</hangar_id>
</uppgift>
<uppgift>
<kod datatype="string">en</kod>
<uppgift datatype="string"></uppgift>
<typ datatype="string">titlar</typ>
<intressent_id datatype="string">049290762318</intressent_id>
<hangar_id datatype="int32">2369327</hangar_id>
</uppgift>
<uppgift>
<kod datatype="string">KandiderarINastaVal</kod>
<uppgift datatype="string">true</uppgift>
<typ datatype="string">val</typ>
<intressent_id datatype="string">049290762318</intressent_id>
<hangar_id datatype="int32">2369327</hangar_id>
</uppgift>
</personuppgift>
</person>
