<?xml version="1.0" encoding="utf-8" ?>
<person>
<hangar_guid datatype="guid">8627d167-ba83-4d2d-9d12-181cd17ff9f6</hangar_guid>
<sourceid datatype="string">1c89eaba-2104-4d7e-8451-cc07faf84c9b</sourceid>
<intressent_id datatype="string">0195228370311</intressent_id>
<hangar_id datatype="int32">2343032</hangar_id>
<fodd_ar datatype="int16">1958</fodd_ar>
<kon datatype="string">man</kon>
<efternamn datatype="string">Carlgren</efternamn>
<tilltalsnamn datatype="string">Andreas</tilltalsnamn>
<sorteringsnamn datatype="string">Carlgren,Andreas</sorteringsnamn>
<iort datatype="string"></iort>
<parti datatype="string">C</parti>
<valkrets datatype="string">Stockholms kommun</valkrets>
<status datatype="string">Tidigare riksdagsledamot</status>
<person_url_xml datatype="string">http://data.riksdagen.se/person/1c89eaba-2104-4d7e-8451-cc07faf84c9b</person_url_xml>
<bild_url_80 datatype="string">http://data.riksdagen.se/filarkiv/bilder/ledamot/1c89eaba-2104-4d7e-8451-cc07faf84c9b_80.jpg</bild_url_80>
<bild_url_192 datatype="string">http://data.riksdagen.se/filarkiv/bilder/ledamot/1c89eaba-2104-4d7e-8451-cc07faf84c9b_192.jpg</bild_url_192>
<bild_url_max datatype="string">http://data.riksdagen.se/filarkiv/bilder/ledamot/1c89eaba-2104-4d7e-8451-cc07faf84c9b_max.jpg</bild_url_max>
<personuppdrag>
<uppdrag>
<organ_kod datatype="string">M  t.o.m. 1 jan-07</organ_kod>
<roll_kod datatype="string">Miljöminister</roll_kod>
<ordningsnummer datatype="int32">0</ordningsnummer>
<status datatype="string"></status>
<typ datatype="string">Departement</typ>
<from datatype="datetime">2006-10-06</from>
<tom datatype="datetime">2006-12-31</tom>
<uppgift datatype="string">Miljö- och samhällsbyggnadsdepartementet</uppgift>
<intressent_id datatype="string">0195228370311</intressent_id>
<hangar_id datatype="int32">2343032</hangar_id>
<sortering datatype="int32"></sortering>
<organ_sortering datatype="int32"></organ_sortering>
<uppdrag_rollsortering datatype="string">90</uppdrag_rollsortering>
<uppdrag_statussortering datatype="string">90</uppdrag_statussortering>
</uppdrag>
<uppdrag>
<organ_kod datatype="string">M t.o.m. 31 dec 2014</organ_kod>
<roll_kod datatype="string">Miljöminister</roll_kod>
<ordningsnummer datatype="int32">8</ordningsnummer>
<status datatype="string"></status>
<typ datatype="string">Departement</typ>
<from datatype="datetime">2007-01-01</from>
<tom datatype="datetime">2011-09-29</tom>
<uppgift datatype="string">Miljödepartementet</uppgift>
<intressent_id datatype="string">0195228370311</intressent_id>
<hangar_id datatype="int32">2343032</hangar_id>
<sortering datatype="int32"></sortering>
<organ_sortering datatype="int32"></organ_sortering>
<uppdrag_rollsortering datatype="string">90</uppdrag_rollsortering>
<uppdrag_statussortering datatype="string">90</uppdrag_statussortering>
</uppdrag>
<uppdrag>
<organ_kod datatype="string">kam</organ_kod>
<roll_kod datatype="string">Riksdagsledamot</roll_kod>
<ordningsnummer datatype="int32">206</ordningsnummer>
<status datatype="string">Tjänstgörande</status>
<typ datatype="string">kammaruppdrag</typ>
<from datatype="datetime">2011-09-30</from>
<tom datatype="datetime">2011-09-30</tom>
<uppgift datatype="string"></uppgift>
<intressent_id datatype="string">0195228370311</intressent_id>
<hangar_id datatype="int32">2343032</hangar_id>
<sortering datatype="int32">10</sortering>
<organ_sortering datatype="int32">10</organ_sortering>
<uppdrag_rollsortering datatype="string">60</uppdrag_rollsortering>
<uppdrag_statussortering datatype="string">10</uppdrag_statussortering>
</uppdrag>
<uppdrag>
<organ_kod datatype="string">kam</organ_kod>
<roll_kod datatype="string">Riksdagsledamot</roll_kod>
<ordningsnummer datatype="int32">206</ordningsnummer>
<status datatype="string">Ledig</status>
<typ datatype="string">kammaruppdrag</typ>
<from datatype="datetime">2010-10-04</from>
<tom datatype="datetime">2011-09-29</tom>
<uppgift datatype="string">Abir Al-Sahlani 2010-10-04 - 2011-09-29  Statsråd</uppgift>
<intressent_id datatype="string">0195228370311</intressent_id>
<hangar_id datatype="int32">2343032</hangar_id>
<sortering datatype="int32">10</sortering>
<organ_sortering datatype="int32">10</organ_sortering>
<uppdrag_rollsortering datatype="string">60</uppdrag_rollsortering>
<uppdrag_statussortering datatype="string">30</uppdrag_statussortering>
</uppdrag>
<uppdrag>
<organ_kod datatype="string">kam</organ_kod>
<roll_kod datatype="string">Riksdagsledamot</roll_kod>
<ordningsnummer datatype="int32">58</ordningsnummer>
<status datatype="string">Tjänstgörande</status>
<typ datatype="string">kammaruppdrag</typ>
<from datatype="datetime">1994-10-03</from>
<tom datatype="datetime">1998-10-05</tom>
<uppgift datatype="string"></uppgift>
<intressent_id datatype="string">0195228370311</intressent_id>
<hangar_id datatype="int32">2343032</hangar_id>
<sortering datatype="int32">10</sortering>
<organ_sortering datatype="int32">10</organ_sortering>
<uppdrag_rollsortering datatype="string">60</uppdrag_rollsortering>
<uppdrag_statussortering datatype="string">10</uppdrag_statussortering>
</uppdrag>
<uppdrag>
<organ_kod datatype="string">OSSE</organ_kod>
<roll_kod datatype="string">Suppleant</roll_kod>
<ordningsnummer datatype="int32">0</ordningsnummer>
<status datatype="string"></status>
<typ datatype="string">Riksdagsorgan</typ>
<from datatype="datetime">1995-01-01</from>
<tom datatype="datetime">1996-02-19</tom>
<uppgift datatype="string">OSSE-delegationen</uppgift>
<intressent_id datatype="string">0195228370311</intressent_id>
<hangar_id datatype="int32">2343032</hangar_id>
<sortering datatype="int32">50</sortering>
<organ_sortering datatype="int32">300</organ_sortering>
<uppdrag_rollsortering datatype="string">90</uppdrag_rollsortering>
<uppdrag_statussortering datatype="string">90</uppdrag_statussortering>
</uppdrag>
<uppdrag>
<organ_kod datatype="string">ESK</organ_kod>
<roll_kod datatype="string">Suppleant</roll_kod>
<ordningsnummer datatype="int32">0</ordningsnummer>
<status datatype="string"></status>
<typ datatype="string">Riksdagsorgan</typ>
<from datatype="datetime">1994-10-18</from>
<tom datatype="datetime">1994-12-31</tom>
<uppgift datatype="string">ESK-delegationen</uppgift>
<intressent_id datatype="string">0195228370311</intressent_id>
<hangar_id datatype="int32">2343032</hangar_id>
<sortering datatype="int32">50</sortering>
<organ_sortering datatype="int32">355</organ_sortering>
<uppdrag_rollsortering datatype="string">90</uppdrag_rollsortering>
<uppdrag_statussortering datatype="string">90</uppdrag_statussortering>
</uppdrag>
<uppdrag>
<organ_kod datatype="string">FiU</organ_kod>
<roll_kod datatype="string">Suppleant</roll_kod>
<ordningsnummer datatype="int32">0</ordningsnummer>
<status datatype="string"></status>
<typ datatype="string">uppdrag</typ>
<from datatype="datetime">1995-10-11</from>
<tom datatype="datetime">1998-10-04</tom>
<uppgift datatype="string">Finansutskottet</uppgift>
<intressent_id datatype="string">0195228370311</intressent_id>
<hangar_id datatype="int32">2343032</hangar_id>
<sortering datatype="int32">50</sortering>
<organ_sortering datatype="int32">150</organ_sortering>
<uppdrag_rollsortering datatype="string">90</uppdrag_rollsortering>
<uppdrag_statussortering datatype="string">90</uppdrag_statussortering>
</uppdrag>
<uppdrag>
<organ_kod datatype="string">KrU</organ_kod>
<roll_kod datatype="string">Suppleant</roll_kod>
<ordningsnummer datatype="int32">0</ordningsnummer>
<status datatype="string"></status>
<typ datatype="string">uppdrag</typ>
<from datatype="datetime">1994-10-18</from>
<tom datatype="datetime">1995-10-10</tom>
<uppgift datatype="string">Kulturutskottet</uppgift>
<intressent_id datatype="string">0195228370311</intressent_id>
<hangar_id datatype="int32">2343032</hangar_id>
<sortering datatype="int32">50</sortering>
<organ_sortering datatype="int32">150</organ_sortering>
<uppdrag_rollsortering datatype="string">90</uppdrag_rollsortering>
<uppdrag_statussortering datatype="string">90</uppdrag_statussortering>
</uppdrag>
<uppdrag>
<organ_kod datatype="string">SfU</organ_kod>
<roll_kod datatype="string">Suppleant</roll_kod>
<ordningsnummer datatype="int32">0</ordningsnummer>
<status datatype="string"></status>
<typ datatype="string">uppdrag</typ>
<from datatype="datetime">1996-02-07</from>
<tom datatype="datetime">1998-10-04</tom>
<uppgift datatype="string">Socialförsäkringsutskottet</uppgift>
<intressent_id datatype="string">0195228370311</intressent_id>
<hangar_id datatype="int32">2343032</hangar_id>
<sortering datatype="int32">50</sortering>
<organ_sortering datatype="int32">150</organ_sortering>
<uppdrag_rollsortering datatype="string">90</uppdrag_rollsortering>
<uppdrag_statussortering datatype="string">90</uppdrag_statussortering>
</uppdrag>
<uppdrag>
<organ_kod datatype="string">SfU</organ_kod>
<roll_kod datatype="string">Suppleant</roll_kod>
<ordningsnummer datatype="int32">0</ordningsnummer>
<status datatype="string"></status>
<typ datatype="string">uppdrag</typ>
<from datatype="datetime">1994-10-11</from>
<tom datatype="datetime">1996-02-05</tom>
<uppgift datatype="string">Socialförsäkringsutskottet</uppgift>
<intressent_id datatype="string">0195228370311</intressent_id>
<hangar_id datatype="int32">2343032</hangar_id>
<sortering datatype="int32">50</sortering>
<organ_sortering datatype="int32">150</organ_sortering>
<uppdrag_rollsortering datatype="string">90</uppdrag_rollsortering>
<uppdrag_statussortering datatype="string">90</uppdrag_statussortering>
</uppdrag>
<uppdrag>
<organ_kod datatype="string">UbU</organ_kod>
<roll_kod datatype="string">Ledamot</roll_kod>
<ordningsnummer datatype="int32">0</ordningsnummer>
<status datatype="string"></status>
<typ datatype="string">uppdrag</typ>
<from datatype="datetime">1994-10-11</from>
<tom datatype="datetime">1998-10-04</tom>
<uppgift datatype="string">Utbildningsutskottet</uppgift>
<intressent_id datatype="string">0195228370311</intressent_id>
<hangar_id datatype="int32">2343032</hangar_id>
<sortering datatype="int32">30</sortering>
<organ_sortering datatype="int32">150</organ_sortering>
<uppdrag_rollsortering datatype="string">90</uppdrag_rollsortering>
<uppdrag_statussortering datatype="string">90</uppdrag_statussortering>
</uppdrag>
</personuppdrag>
<personuppgift>
</personuppgift>
</person>
