<?xml version="1.0" encoding="utf-8" ?>
<person>
<hangar_guid datatype="guid">17f620b4-b38b-4993-a3de-03bce2d54dc0</hangar_guid>
<sourceid datatype="string">3d764cf6-705b-460b-8226-df8f1226b27b</sourceid>
<intressent_id datatype="string">0315499690028</intressent_id>
<hangar_id datatype="int32">3057174</hangar_id>
<fodd_ar datatype="int16">1984</fodd_ar>
<kon datatype="string">kvinna</kon>
<efternamn datatype="string">Carvalho</efternamn>
<tilltalsnamn datatype="string">Teresa</tilltalsnamn>
<sorteringsnamn datatype="string">Carvalho,Teresa</sorteringsnamn>
<iort datatype="string"></iort>
<parti datatype="string">S</parti>
<valkrets datatype="string">Östergötlands län</valkrets>
<status datatype="string">Tjänstgörande riksdagsledamot</status>
<person_url_xml datatype="string">http://data.riksdagen.se/person/3d764cf6-705b-460b-8226-df8f1226b27b</person_url_xml>
<bild_url_80 datatype="string">http://data.riksdagen.se/filarkiv/bilder/ledamot/3d764cf6-705b-460b-8226-df8f1226b27b_80.jpg</bild_url_80>
<bild_url_192 datatype="string">http://data.riksdagen.se/filarkiv/bilder/ledamot/3d764cf6-705b-460b-8226-df8f1226b27b_192.jpg</bild_url_192>
<bild_url_max datatype="string">http://data.riksdagen.se/filarkiv/bilder/ledamot/3d764cf6-705b-460b-8226-df8f1226b27b_max.jpg</bild_url_max>
<personuppdrag>
<uppdrag>
<organ_kod datatype="string">kam</organ_kod>
<roll_kod datatype="string">Riksdagsledamot</roll_kod>
<ordningsnummer datatype="int32">118</ordningsnummer>
<status datatype="string">Tjänstgörande</status>
<typ datatype="string">kammaruppdrag</typ>
<from datatype="datetime">2019-12-01</from>
<tom datatype="datetime">2022-09-26</tom>
<uppgift datatype="string"></uppgift>
<intressent_id datatype="string">0315499690028</intressent_id>
<hangar_id datatype="int32">3057174</hangar_id>
<sortering datatype="int32">10</sortering>
<organ_sortering datatype="int32">10</organ_sortering>
<uppdrag_rollsortering datatype="string">60</uppdrag_rollsortering>
<uppdrag_statussortering datatype="string">10</uppdrag_statussortering>
</uppdrag>
<uppdrag>
<organ_kod datatype="string">kam</organ_kod>
<roll_kod datatype="string">Riksdagsledamot</roll_kod>
<ordningsnummer datatype="int32">118</ordningsnummer>
<status datatype="string">Ledig</status>
<typ datatype="string">kammaruppdrag</typ>
<from datatype="datetime">2019-02-11</from>
<tom datatype="datetime">2019-11-30</tom>
<uppgift datatype="string">Erica Nådin 2019-02-11 - 2019-11-30  Föräldraledighet</uppgift>
<intressent_id datatype="string">0315499690028</intressent_id>
<hangar_id datatype="int32">3057174</hangar_id>
<sortering datatype="int32">10</sortering>
<organ_sortering datatype="int32">10</organ_sortering>
<uppdrag_rollsortering datatype="string">60</uppdrag_rollsortering>
<uppdrag_statussortering datatype="string">30</uppdrag_statussortering>
</uppdrag>
<uppdrag>
<organ_kod datatype="string">kam</organ_kod>
<roll_kod datatype="string">Riksdagsledamot</roll_kod>
<ordningsnummer datatype="int32">118</ordningsnummer>
<status datatype="string">Tjänstgörande</status>
<typ datatype="string">kammaruppdrag</typ>
<from datatype="datetime">2018-09-24</from>
<tom datatype="datetime">2019-02-10</tom>
<uppgift datatype="string"></uppgift>
<intressent_id datatype="string">0315499690028</intressent_id>
<hangar_id datatype="int32">3057174</hangar_id>
<sortering datatype="int32">10</sortering>
<organ_sortering datatype="int32">10</organ_sortering>
<uppdrag_rollsortering datatype="string">60</uppdrag_rollsortering>
<uppdrag_statussortering datatype="string">10</uppdrag_statussortering>
</uppdrag>
<uppdrag>
<organ_kod datatype="string">kam</organ_kod>
<roll_kod datatype="string">Riksdagsledamot</roll_kod>
<ordningsnummer datatype="int32">180</ordningsnummer>
<status datatype="string">Tjänstgörande</status>
<typ datatype="string">kammaruppdrag</typ>
<from datatype="datetime">2017-01-02</from>
<tom datatype="datetime">2018-09-24</tom>
<uppgift datatype="string"></uppgift>
<intressent_id datatype="string">0315499690028</intressent_id>
<hangar_id datatype="int32">3057174</hangar_id>
<sortering datatype="int32">10</sortering>
<organ_sortering datatype="int32">10</organ_sortering>
<uppdrag_rollsortering datatype="string">60</uppdrag_rollsortering>
<uppdrag_statussortering datatype="string">10</uppdrag_statussortering>
</uppdrag>
<uppdrag>
<organ_kod datatype="string">kam</organ_kod>
<roll_kod datatype="string">Riksdagsledamot</roll_kod>
<ordningsnummer datatype="int32">180</ordningsnummer>
<status datatype="string">Ledig</status>
<typ datatype="string">kammaruppdrag</typ>
<from datatype="datetime">2016-04-18</from>
<tom datatype="datetime">2017-01-01</tom>
<uppgift datatype="string">Eva Lindh 2016-04-18 - 2017-01-01  Föräldraledighet</uppgift>
<intressent_id datatype="string">0315499690028</intressent_id>
<hangar_id datatype="int32">3057174</hangar_id>
<sortering datatype="int32">10</sortering>
<organ_sortering datatype="int32">10</organ_sortering>
<uppdrag_rollsortering datatype="string">60</uppdrag_rollsortering>
<uppdrag_statussortering datatype="string">30</uppdrag_statussortering>
</uppdrag>
<uppdrag>
<organ_kod datatype="string">kam</organ_kod>
<roll_kod datatype="string">Riksdagsledamot</roll_kod>
<ordningsnummer datatype="int32">180</ordningsnummer>
<status datatype="string">Tjänstgörande</status>
<typ datatype="string">kammaruppdrag</typ>
<from datatype="datetime">2014-09-29</from>
<tom datatype="datetime">2016-04-17</tom>
<uppgift datatype="string"></uppgift>
<intressent_id datatype="string">0315499690028</intressent_id>
<hangar_id datatype="int32">3057174</hangar_id>
<sortering datatype="int32">10</sortering>
<organ_sortering datatype="int32">10</organ_sortering>
<uppdrag_rollsortering datatype="string">60</uppdrag_rollsortering>
<uppdrag_statussortering datatype="string">10</uppdrag_statussortering>
</uppdrag>
<uppdrag>
<organ_kod datatype="string">CU</organ_kod>
<roll_kod datatype="string">Suppleant</roll_kod>
<ordningsnummer datatype="int32">12</ordningsnummer>
<status datatype="string"></status>
<typ datatype="string">uppdrag</typ>
<from datatype="datetime">2017-04-06</from>
<tom datatype="datetime">2018-09-24</tom>
<uppgift datatype="string">Civilutskottet</uppgift>
<intressent_id datatype="string">0315499690028</intressent_id>
<hangar_id datatype="int32">3057174</hangar_id>
<sortering datatype="int32">50</sortering>
<organ_sortering datatype="int32">150</organ_sortering>
<uppdrag_rollsortering datatype="string">90</uppdrag_rollsortering>
<uppdrag_statussortering datatype="string">90</uppdrag_statussortering>
</uppdrag>
<uppdrag>
<organ_kod datatype="string">SfU</organ_kod>
<roll_kod datatype="string">Ledamot</roll_kod>
<ordningsnummer datatype="int32">6</ordningsnummer>
<status datatype="string"></status>
<typ datatype="string">uppdrag</typ>
<from datatype="datetime">2018-10-02</from>
<tom datatype="datetime">2022-09-26</tom>
<uppgift datatype="string">Socialförsäkringsutskottet</uppgift>
<intressent_id datatype="string">0315499690028</intressent_id>
<hangar_id datatype="int32">3057174</hangar_id>
<sortering datatype="int32">30</sortering>
<organ_sortering datatype="int32">150</organ_sortering>
<uppdrag_rollsortering datatype="string">90</uppdrag_rollsortering>
<uppdrag_statussortering datatype="string">90</uppdrag_statussortering>
</uppdrag>
<uppdrag>
<organ_kod datatype="string">SfU</organ_kod>
<roll_kod datatype="string">Ledamot</roll_kod>
<ordningsnummer datatype="int32">17</ordningsnummer>
<status datatype="string"></status>
<typ datatype="string">uppdrag</typ>
<from datatype="datetime">2014-10-07</from>
<tom datatype="datetime">2018-09-24</tom>
<uppgift datatype="string">Socialförsäkringsutskottet</uppgift>
<intressent_id datatype="string">0315499690028</intressent_id>
<hangar_id datatype="int32">3057174</hangar_id>
<sortering datatype="int32">30</sortering>
<organ_sortering datatype="int32">150</organ_sortering>
<uppdrag_rollsortering datatype="string">90</uppdrag_rollsortering>
<uppdrag_statussortering datatype="string">90</uppdrag_statussortering>
</uppdrag>
<uppdrag>
<organ_kod datatype="string">EUN</organ_kod>
<roll_kod datatype="string">Ledamot</roll_kod>
<ordningsnummer datatype="int32">17</ordningsnummer>
<status datatype="string"></status>
<typ datatype="string">uppdrag</typ>
<from datatype="datetime">2014-10-07</from>
<tom datatype="datetime">2016-04-17</tom>
<uppgift datatype="string">EU-nämnden</uppgift>
<intressent_id datatype="string">0315499690028</intressent_id>
<hangar_id datatype="int32">3057174</hangar_id>
<sortering datatype="int32">30</sortering>
<organ_sortering datatype="int32">170</organ_sortering>
<uppdrag_rollsortering datatype="string">90</uppdrag_rollsortering>
<uppdrag_statussortering datatype="string">90</uppdrag_statussortering>
</uppdrag>
</personuppdrag>
<personuppgift>
<uppgift>
<kod datatype="string">Officiell e-postadress</kod>
<uppgift datatype="string">teresa.carvalho[på]riksdagen.se</uppgift>
<typ datatype="string">eadress</typ>
<intressent_id datatype="string">0315499690028</intressent_id>
<hangar_id datatype="int32">3057174</hangar_id>
</uppgift>
<uppgift>
<kod datatype="string">Tjänstetelefon</kod>
<uppgift datatype="string">64546</uppgift>
<typ datatype="string">telefonnummer</typ>
<intressent_id datatype="string">0315499690028</intressent_id>
<hangar_id datatype="int32">3057174</hangar_id>
</uppgift>
<uppgift>
<kod datatype="string">sv</kod>
<uppgift datatype="string">Pol.mag.</uppgift>
<typ datatype="string">titlar</typ>
<intressent_id datatype="string">0315499690028</intressent_id>
<hangar_id datatype="int32">3057174</hangar_id>
</uppgift>
<uppgift>
<kod datatype="string">en</kod>
<uppgift datatype="string"></uppgift>
<typ datatype="string">titlar</typ>
<intressent_id datatype="string">0315499690028</intressent_id>
<hangar_id datatype="int32">3057174</hangar_id>
</uppgift>
<uppgift>
<kod datatype="string">KandiderarINastaVal</kod>
<uppgift datatype="string">true</uppgift>
<typ datatype="string">val</typ>
<intressent_id datatype="string">0315499690028</intressent_id>
<hangar_id datatype="int32">3057174</hangar_id>
</uppgift>
</personuppgift>
</person>
