<?xml version="1.0" encoding="utf-8" ?>
<person>
<hangar_guid datatype="guid">69a0f727-469e-4d7f-8b95-5e2e38162da6</hangar_guid>
<sourceid datatype="string">8ef6c334-9773-480e-b271-a141bbcd6dcb</sourceid>
<intressent_id datatype="string">0973815455017</intressent_id>
<hangar_id datatype="int32">2342608</hangar_id>
<fodd_ar datatype="int16">1950</fodd_ar>
<kon datatype="string">man</kon>
<efternamn datatype="string">Castberger</efternamn>
<tilltalsnamn datatype="string">Anders</tilltalsnamn>
<sorteringsnamn datatype="string">Castberger,Anders</sorteringsnamn>
<iort datatype="string"></iort>
<parti datatype="string">FP</parti>
<valkrets datatype="string">Västra Götalands läns norra</valkrets>
<status datatype="string">Tidigare riksdagsledamot</status>
<person_url_xml datatype="string">http://data.riksdagen.se/person/8ef6c334-9773-480e-b271-a141bbcd6dcb</person_url_xml>
<bild_url_80 datatype="string">http://data.riksdagen.se/filarkiv/bilder/ledamot/8ef6c334-9773-480e-b271-a141bbcd6dcb_80.jpg</bild_url_80>
<bild_url_192 datatype="string">http://data.riksdagen.se/filarkiv/bilder/ledamot/8ef6c334-9773-480e-b271-a141bbcd6dcb_192.jpg</bild_url_192>
<bild_url_max datatype="string">http://data.riksdagen.se/filarkiv/bilder/ledamot/8ef6c334-9773-480e-b271-a141bbcd6dcb_max.jpg</bild_url_max>
<personuppdrag>
<uppdrag>
<organ_kod datatype="string">kam</organ_kod>
<roll_kod datatype="string">Riksdagsledamot</roll_kod>
<ordningsnummer datatype="int32">235</ordningsnummer>
<status datatype="string">Tjänstgörande</status>
<typ datatype="string">kammaruppdrag</typ>
<from datatype="datetime">1988-10-03</from>
<tom datatype="datetime">1991-09-30</tom>
<uppgift datatype="string"></uppgift>
<intressent_id datatype="string">0973815455017</intressent_id>
<hangar_id datatype="int32">2342608</hangar_id>
<sortering datatype="int32">10</sortering>
<organ_sortering datatype="int32">10</organ_sortering>
<uppdrag_rollsortering datatype="string">60</uppdrag_rollsortering>
<uppdrag_statussortering datatype="string">10</uppdrag_statussortering>
</uppdrag>
<uppdrag>
<organ_kod datatype="string">kam</organ_kod>
<roll_kod datatype="string">Riksdagsledamot</roll_kod>
<ordningsnummer datatype="int32">0</ordningsnummer>
<status datatype="string">Tjänstgörande</status>
<typ datatype="string">kammaruppdrag</typ>
<from datatype="datetime">1987-08-11</from>
<tom datatype="datetime">1988-10-03</tom>
<uppgift datatype="string"></uppgift>
<intressent_id datatype="string">0973815455017</intressent_id>
<hangar_id datatype="int32">2342608</hangar_id>
<sortering datatype="int32">10</sortering>
<organ_sortering datatype="int32">10</organ_sortering>
<uppdrag_rollsortering datatype="string">60</uppdrag_rollsortering>
<uppdrag_statussortering datatype="string">10</uppdrag_statussortering>
</uppdrag>
<uppdrag>
<organ_kod datatype="string">TU</organ_kod>
<roll_kod datatype="string">Suppleant</roll_kod>
<ordningsnummer datatype="int32">0</ordningsnummer>
<status datatype="string"></status>
<typ datatype="string">uppdrag</typ>
<from datatype="datetime">1988-10-11</from>
<tom datatype="datetime">1991-09-29</tom>
<uppgift datatype="string">Trafikutskottet</uppgift>
<intressent_id datatype="string">0973815455017</intressent_id>
<hangar_id datatype="int32">2342608</hangar_id>
<sortering datatype="int32">50</sortering>
<organ_sortering datatype="int32">150</organ_sortering>
<uppdrag_rollsortering datatype="string">90</uppdrag_rollsortering>
<uppdrag_statussortering datatype="string">90</uppdrag_statussortering>
</uppdrag>
</personuppdrag>
<personuppgift>
<uppgift>
<kod datatype="string">sv</kod>
<uppgift datatype="string">riksombudsman</uppgift>
<typ datatype="string">titlar</typ>
<intressent_id datatype="string">0973815455017</intressent_id>
<hangar_id datatype="int32">2342608</hangar_id>
</uppgift>
<uppgift>
<kod datatype="string">en</kod>
<uppgift datatype="string"></uppgift>
<typ datatype="string">titlar</typ>
<intressent_id datatype="string">0973815455017</intressent_id>
<hangar_id datatype="int32">2342608</hangar_id>
</uppgift>
<uppgift>
<kod datatype="string">KandiderarINastaVal</kod>
<uppgift datatype="string">true</uppgift>
<typ datatype="string">val</typ>
<intressent_id datatype="string">0973815455017</intressent_id>
<hangar_id datatype="int32">2342608</hangar_id>
</uppgift>
</personuppgift>
</person>
