<?xml version="1.0" encoding="utf-8" ?>
<person>
<hangar_guid datatype="guid">3cdc0982-5f6b-4aec-bca2-b969c1995dc9</hangar_guid>
<sourceid datatype="string">84d28ee8-a52a-4d57-b840-fc8829ec2c16</sourceid>
<intressent_id datatype="string">0123545007825</intressent_id>
<hangar_id datatype="int32">2343571</hangar_id>
<fodd_ar datatype="int16">1974</fodd_ar>
<kon datatype="string">man</kon>
<efternamn datatype="string">Cederschiöld</efternamn>
<tilltalsnamn datatype="string">Sebastian</tilltalsnamn>
<sorteringsnamn datatype="string">Cederschiöld,Sebastian</sorteringsnamn>
<iort datatype="string"></iort>
<parti datatype="string">M</parti>
<valkrets datatype="string"></valkrets>
<status datatype="string">Tidigare riksdagsledamot</status>
<person_url_xml datatype="string">http://data.riksdagen.se/person/84d28ee8-a52a-4d57-b840-fc8829ec2c16</person_url_xml>
<bild_url_80 datatype="string">http://data.riksdagen.se/filarkiv/bilder/ledamot/84d28ee8-a52a-4d57-b840-fc8829ec2c16_80.jpg</bild_url_80>
<bild_url_192 datatype="string">http://data.riksdagen.se/filarkiv/bilder/ledamot/84d28ee8-a52a-4d57-b840-fc8829ec2c16_192.jpg</bild_url_192>
<bild_url_max datatype="string">http://data.riksdagen.se/filarkiv/bilder/ledamot/84d28ee8-a52a-4d57-b840-fc8829ec2c16_max.jpg</bild_url_max>
<personuppdrag>
<uppdrag>
<organ_kod datatype="string">kam</organ_kod>
<roll_kod datatype="string">Riksdagsledamot</roll_kod>
<ordningsnummer datatype="int32">314</ordningsnummer>
<status datatype="string">Tjänstgörande</status>
<typ datatype="string">kammaruppdrag</typ>
<from datatype="datetime">2006-10-02</from>
<tom datatype="datetime">2006-10-03</tom>
<uppgift datatype="string"></uppgift>
<intressent_id datatype="string">0123545007825</intressent_id>
<hangar_id datatype="int32">2343571</hangar_id>
<sortering datatype="int32">10</sortering>
<organ_sortering datatype="int32">10</organ_sortering>
<uppdrag_rollsortering datatype="string">60</uppdrag_rollsortering>
<uppdrag_statussortering datatype="string">10</uppdrag_statussortering>
</uppdrag>
</personuppdrag>
<personuppgift>
</personuppgift>
</person>
