<?xml version="1.0" encoding="utf-8" ?>
<person>
<hangar_guid datatype="guid">336096da-5da9-428a-9191-850edf701c99</hangar_guid>
<sourceid datatype="string">49e5da6a-3003-4efb-af5d-8f56b1f74583</sourceid>
<intressent_id datatype="string">0316531680905</intressent_id>
<hangar_id datatype="int32">2342052</hangar_id>
<fodd_ar datatype="int16">1939</fodd_ar>
<kon datatype="string">kvinna</kon>
<efternamn datatype="string">Cedell</efternamn>
<tilltalsnamn datatype="string">Silwa</tilltalsnamn>
<sorteringsnamn datatype="string">Cedell,Silwa</sorteringsnamn>
<iort datatype="string"></iort>
<parti datatype="string">C</parti>
<valkrets datatype="string"></valkrets>
<status datatype="string">Status saknas</status>
<person_url_xml datatype="string">http://data.riksdagen.se/person/49e5da6a-3003-4efb-af5d-8f56b1f74583</person_url_xml>
<bild_url_80 datatype="string">http://data.riksdagen.se/filarkiv/bilder/ledamot/49e5da6a-3003-4efb-af5d-8f56b1f74583_80.jpg</bild_url_80>
<bild_url_192 datatype="string">http://data.riksdagen.se/filarkiv/bilder/ledamot/49e5da6a-3003-4efb-af5d-8f56b1f74583_192.jpg</bild_url_192>
<bild_url_max datatype="string">http://data.riksdagen.se/filarkiv/bilder/ledamot/49e5da6a-3003-4efb-af5d-8f56b1f74583_max.jpg</bild_url_max>
<personuppdrag>
<uppdrag>
<organ_kod datatype="string">MJU</organ_kod>
<roll_kod datatype="string">Suppleant</roll_kod>
<ordningsnummer datatype="int32">0</ordningsnummer>
<status datatype="string"></status>
<typ datatype="string">uppdrag</typ>
<from datatype="datetime">1989-11-13</from>
<tom datatype="datetime">1989-12-18</tom>
<uppgift datatype="string">Miljö- och jordbruksutskottet</uppgift>
<intressent_id datatype="string">0316531680905</intressent_id>
<hangar_id datatype="int32">2342052</hangar_id>
<sortering datatype="int32">50</sortering>
<organ_sortering datatype="int32">150</organ_sortering>
<uppdrag_rollsortering datatype="string">90</uppdrag_rollsortering>
<uppdrag_statussortering datatype="string">90</uppdrag_statussortering>
</uppdrag>
</personuppdrag>
<personuppgift>
<uppgift>
<kod datatype="string">sv</kod>
<uppgift datatype="string">hemkonsulent</uppgift>
<typ datatype="string">titlar</typ>
<intressent_id datatype="string">0316531680905</intressent_id>
<hangar_id datatype="int32">2342052</hangar_id>
</uppgift>
<uppgift>
<kod datatype="string">en</kod>
<uppgift datatype="string"></uppgift>
<typ datatype="string">titlar</typ>
<intressent_id datatype="string">0316531680905</intressent_id>
<hangar_id datatype="int32">2342052</hangar_id>
</uppgift>
</personuppgift>
</person>
