<?xml version="1.0" encoding="utf-8" ?>
<person>
<hangar_guid datatype="guid">b6e9946e-2518-454b-86ea-9bd219ae33b0</hangar_guid>
<sourceid datatype="string">26008364-3733-4577-85e2-a5e4ab3d8be6</sourceid>
<intressent_id datatype="string">0447050635303</intressent_id>
<hangar_id datatype="int32">2342017</hangar_id>
<fodd_ar datatype="int16">1939</fodd_ar>
<kon datatype="string">man</kon>
<efternamn datatype="string">Ciszuk</efternamn>
<tilltalsnamn datatype="string">Paul</tilltalsnamn>
<sorteringsnamn datatype="string">Ciszuk,Paul</sorteringsnamn>
<iort datatype="string"></iort>
<parti datatype="string">MP</parti>
<valkrets datatype="string"></valkrets>
<status datatype="string">Tidigare riksdagsledamot</status>
<person_url_xml datatype="string">http://data.riksdagen.se/person/26008364-3733-4577-85e2-a5e4ab3d8be6</person_url_xml>
<bild_url_80 datatype="string">http://data.riksdagen.se/filarkiv/bilder/ledamot/26008364-3733-4577-85e2-a5e4ab3d8be6_80.jpg</bild_url_80>
<bild_url_192 datatype="string">http://data.riksdagen.se/filarkiv/bilder/ledamot/26008364-3733-4577-85e2-a5e4ab3d8be6_192.jpg</bild_url_192>
<bild_url_max datatype="string">http://data.riksdagen.se/filarkiv/bilder/ledamot/26008364-3733-4577-85e2-a5e4ab3d8be6_max.jpg</bild_url_max>
<personuppdrag>
<uppdrag>
<organ_kod datatype="string">kam</organ_kod>
<roll_kod datatype="string">Riksdagsledamot</roll_kod>
<ordningsnummer datatype="int32">77</ordningsnummer>
<status datatype="string">Tjänstgörande</status>
<typ datatype="string">kammaruppdrag</typ>
<from datatype="datetime">1988-10-04</from>
<tom datatype="datetime">1991-09-30</tom>
<uppgift datatype="string"></uppgift>
<intressent_id datatype="string">0447050635303</intressent_id>
<hangar_id datatype="int32">2342017</hangar_id>
<sortering datatype="int32">10</sortering>
<organ_sortering datatype="int32">10</organ_sortering>
<uppdrag_rollsortering datatype="string">60</uppdrag_rollsortering>
<uppdrag_statussortering datatype="string">10</uppdrag_statussortering>
</uppdrag>
<uppdrag>
<organ_kod datatype="string">FöU</organ_kod>
<roll_kod datatype="string">Ledamot</roll_kod>
<ordningsnummer datatype="int32">0</ordningsnummer>
<status datatype="string"></status>
<typ datatype="string">uppdrag</typ>
<from datatype="datetime">1988-10-11</from>
<tom datatype="datetime">1991-09-29</tom>
<uppgift datatype="string">Försvarsutskottet</uppgift>
<intressent_id datatype="string">0447050635303</intressent_id>
<hangar_id datatype="int32">2342017</hangar_id>
<sortering datatype="int32">30</sortering>
<organ_sortering datatype="int32">150</organ_sortering>
<uppdrag_rollsortering datatype="string">90</uppdrag_rollsortering>
<uppdrag_statussortering datatype="string">90</uppdrag_statussortering>
</uppdrag>
<uppdrag>
<organ_kod datatype="string">MJU</organ_kod>
<roll_kod datatype="string">Suppleant</roll_kod>
<ordningsnummer datatype="int32">0</ordningsnummer>
<status datatype="string"></status>
<typ datatype="string">uppdrag</typ>
<from datatype="datetime">1988-11-11</from>
<tom datatype="datetime">1989-04-18</tom>
<uppgift datatype="string">Miljö- och jordbruksutskottet</uppgift>
<intressent_id datatype="string">0447050635303</intressent_id>
<hangar_id datatype="int32">2342017</hangar_id>
<sortering datatype="int32">50</sortering>
<organ_sortering datatype="int32">150</organ_sortering>
<uppdrag_rollsortering datatype="string">90</uppdrag_rollsortering>
<uppdrag_statussortering datatype="string">90</uppdrag_statussortering>
</uppdrag>
<uppdrag>
<organ_kod datatype="string">SoU</organ_kod>
<roll_kod datatype="string">Suppleant</roll_kod>
<ordningsnummer datatype="int32">0</ordningsnummer>
<status datatype="string"></status>
<typ datatype="string">uppdrag</typ>
<from datatype="datetime">1989-10-04</from>
<tom datatype="datetime">1991-09-29</tom>
<uppgift datatype="string">Socialutskottet</uppgift>
<intressent_id datatype="string">0447050635303</intressent_id>
<hangar_id datatype="int32">2342017</hangar_id>
<sortering datatype="int32">50</sortering>
<organ_sortering datatype="int32">150</organ_sortering>
<uppdrag_rollsortering datatype="string">90</uppdrag_rollsortering>
<uppdrag_statussortering datatype="string">90</uppdrag_statussortering>
</uppdrag>
</personuppdrag>
<personuppgift>
<uppgift>
<kod datatype="string">sv</kod>
<uppgift datatype="string">docent</uppgift>
<typ datatype="string">titlar</typ>
<intressent_id datatype="string">0447050635303</intressent_id>
<hangar_id datatype="int32">2342017</hangar_id>
</uppgift>
<uppgift>
<kod datatype="string">en</kod>
<uppgift datatype="string"></uppgift>
<typ datatype="string">titlar</typ>
<intressent_id datatype="string">0447050635303</intressent_id>
<hangar_id datatype="int32">2342017</hangar_id>
</uppgift>
</personuppgift>
</person>
