<?xml version="1.0" encoding="utf-8" ?>
<person>
<hangar_guid datatype="guid">4db4e406-49f5-4155-9cdf-94fd0fab1f5f</hangar_guid>
<sourceid datatype="string">6bd347ff-4df3-452f-a118-5901a5d7ed2d</sourceid>
<intressent_id datatype="string">0260840373311</intressent_id>
<hangar_id datatype="int32">2821431</hangar_id>
<fodd_ar datatype="int16">1963</fodd_ar>
<kon datatype="string">kvinna</kon>
<efternamn datatype="string">Corazza Bildt</efternamn>
<tilltalsnamn datatype="string">Anna Maria</tilltalsnamn>
<sorteringsnamn datatype="string">Corazza Bildt,Anna Maria</sorteringsnamn>
<iort datatype="string"></iort>
<parti datatype="string">M</parti>
<valkrets datatype="string"></valkrets>
<status datatype="string">Tidigare europaparlamentariker</status>
<person_url_xml datatype="string">http://data.riksdagen.se/person/6bd347ff-4df3-452f-a118-5901a5d7ed2d</person_url_xml>
<bild_url_80 datatype="string">http://data.riksdagen.se/filarkiv/bilder/ledamot/6bd347ff-4df3-452f-a118-5901a5d7ed2d_80.jpg</bild_url_80>
<bild_url_192 datatype="string">http://data.riksdagen.se/filarkiv/bilder/ledamot/6bd347ff-4df3-452f-a118-5901a5d7ed2d_192.jpg</bild_url_192>
<bild_url_max datatype="string">http://data.riksdagen.se/filarkiv/bilder/ledamot/6bd347ff-4df3-452f-a118-5901a5d7ed2d_max.jpg</bild_url_max>
<personuppdrag>
<uppdrag>
<organ_kod datatype="string">EP</organ_kod>
<roll_kod datatype="string">Ledamot</roll_kod>
<ordningsnummer datatype="int32">1</ordningsnummer>
<status datatype="string"></status>
<typ datatype="string">Europaparlamentet</typ>
<from datatype="datetime">2009-07-14</from>
<tom datatype="datetime">2019-07-02</tom>
<uppgift datatype="string">Europaparlamentet</uppgift>
<intressent_id datatype="string">0260840373311</intressent_id>
<hangar_id datatype="int32">2821431</hangar_id>
<sortering datatype="int32">30</sortering>
<organ_sortering datatype="int32">100</organ_sortering>
<uppdrag_rollsortering datatype="string">90</uppdrag_rollsortering>
<uppdrag_statussortering datatype="string">90</uppdrag_statussortering>
</uppdrag>
</personuppdrag>
<personuppgift>
<uppgift>
<kod datatype="string">Webbsida</kod>
<uppgift datatype="string">http://www.europarl.europa.eu/meps/sv/96674/ANNAMARIA_CORAZZABILDT.html</uppgift>
<typ datatype="string">eadress</typ>
<intressent_id datatype="string">0260840373311</intressent_id>
<hangar_id datatype="int32">2821431</hangar_id>
</uppgift>
</personuppgift>
</person>
