<?xml version="1.0" encoding="utf-8" ?>
<person>
<hangar_guid datatype="guid">f7a9046f-f6ef-4212-a0c3-1ac0e6a87d8f</hangar_guid>
<sourceid datatype="string">78d79a96-956f-4ac3-bbf7-2b15b3d86ce7</sourceid>
<intressent_id datatype="string">0721509806321</intressent_id>
<hangar_id datatype="int32">3057124</hangar_id>
<fodd_ar datatype="int16">1985</fodd_ar>
<kon datatype="string">kvinna</kon>
<efternamn datatype="string">Dadgostar</efternamn>
<tilltalsnamn datatype="string">Nooshi</tilltalsnamn>
<sorteringsnamn datatype="string">Dadgostar,Nooshi</sorteringsnamn>
<iort datatype="string"></iort>
<parti datatype="string">V</parti>
<valkrets datatype="string">Stockholms kommun</valkrets>
<status datatype="string">Tjänstledig riksdagsledamot</status>
<person_url_xml datatype="string">http://data.riksdagen.se/person/78d79a96-956f-4ac3-bbf7-2b15b3d86ce7</person_url_xml>
<bild_url_80 datatype="string">http://data.riksdagen.se/filarkiv/bilder/ledamot/78d79a96-956f-4ac3-bbf7-2b15b3d86ce7_80.jpg</bild_url_80>
<bild_url_192 datatype="string">http://data.riksdagen.se/filarkiv/bilder/ledamot/78d79a96-956f-4ac3-bbf7-2b15b3d86ce7_192.jpg</bild_url_192>
<bild_url_max datatype="string">http://data.riksdagen.se/filarkiv/bilder/ledamot/78d79a96-956f-4ac3-bbf7-2b15b3d86ce7_max.jpg</bild_url_max>
<personuppdrag>
<uppdrag>
<organ_kod datatype="string">kam</organ_kod>
<roll_kod datatype="string">Riksdagsledamot</roll_kod>
<ordningsnummer datatype="int32">207</ordningsnummer>
<status datatype="string">Tjänstgörande</status>
<typ datatype="string">kammaruppdrag</typ>
<from datatype="datetime">2020-03-01</from>
<tom datatype="datetime">2022-09-26</tom>
<uppgift datatype="string"></uppgift>
<intressent_id datatype="string">0721509806321</intressent_id>
<hangar_id datatype="int32">3057124</hangar_id>
<sortering datatype="int32">10</sortering>
<organ_sortering datatype="int32">10</organ_sortering>
<uppdrag_rollsortering datatype="string">60</uppdrag_rollsortering>
<uppdrag_statussortering datatype="string">10</uppdrag_statussortering>
</uppdrag>
<uppdrag>
<organ_kod datatype="string">kam</organ_kod>
<roll_kod datatype="string">Riksdagsledamot</roll_kod>
<ordningsnummer datatype="int32">207</ordningsnummer>
<status datatype="string">Ledig</status>
<typ datatype="string">kammaruppdrag</typ>
<from datatype="datetime">2019-08-19</from>
<tom datatype="datetime">2020-02-29</tom>
<uppgift datatype="string">Andreas Lennkvist Manriquez 2019-08-19 - 2020-02-29  Föräldraledighet</uppgift>
<intressent_id datatype="string">0721509806321</intressent_id>
<hangar_id datatype="int32">3057124</hangar_id>
<sortering datatype="int32">10</sortering>
<organ_sortering datatype="int32">10</organ_sortering>
<uppdrag_rollsortering datatype="string">60</uppdrag_rollsortering>
<uppdrag_statussortering datatype="string">30</uppdrag_statussortering>
</uppdrag>
<uppdrag>
<organ_kod datatype="string">kam</organ_kod>
<roll_kod datatype="string">Riksdagsledamot</roll_kod>
<ordningsnummer datatype="int32">207</ordningsnummer>
<status datatype="string">Tjänstgörande</status>
<typ datatype="string">kammaruppdrag</typ>
<from datatype="datetime">2018-09-24</from>
<tom datatype="datetime">2019-08-18</tom>
<uppgift datatype="string"></uppgift>
<intressent_id datatype="string">0721509806321</intressent_id>
<hangar_id datatype="int32">3057124</hangar_id>
<sortering datatype="int32">10</sortering>
<organ_sortering datatype="int32">10</organ_sortering>
<uppdrag_rollsortering datatype="string">60</uppdrag_rollsortering>
<uppdrag_statussortering datatype="string">10</uppdrag_statussortering>
</uppdrag>
<uppdrag>
<organ_kod datatype="string">kam</organ_kod>
<roll_kod datatype="string">Riksdagsledamot</roll_kod>
<ordningsnummer datatype="int32">318</ordningsnummer>
<status datatype="string">Tjänstgörande</status>
<typ datatype="string">kammaruppdrag</typ>
<from datatype="datetime">2014-09-29</from>
<tom datatype="datetime">2018-09-24</tom>
<uppgift datatype="string"></uppgift>
<intressent_id datatype="string">0721509806321</intressent_id>
<hangar_id datatype="int32">3057124</hangar_id>
<sortering datatype="int32">10</sortering>
<organ_sortering datatype="int32">10</organ_sortering>
<uppdrag_rollsortering datatype="string">60</uppdrag_rollsortering>
<uppdrag_statussortering datatype="string">10</uppdrag_statussortering>
</uppdrag>
<uppdrag>
<organ_kod datatype="string">KD</organ_kod>
<roll_kod datatype="string">Ledamot</roll_kod>
<ordningsnummer datatype="int32">45</ordningsnummer>
<status datatype="string"></status>
<typ datatype="string">Riksdagsorgan</typ>
<from datatype="datetime">2018-10-09</from>
<tom datatype="datetime">2022-10-09</tom>
<uppgift datatype="string">Krigsdelegationen</uppgift>
<intressent_id datatype="string">0721509806321</intressent_id>
<hangar_id datatype="int32">3057124</hangar_id>
<sortering datatype="int32">30</sortering>
<organ_sortering datatype="int32">300</organ_sortering>
<uppdrag_rollsortering datatype="string">90</uppdrag_rollsortering>
<uppdrag_statussortering datatype="string">90</uppdrag_statussortering>
</uppdrag>
<uppdrag>
<organ_kod datatype="string">CU</organ_kod>
<roll_kod datatype="string">Ledamot</roll_kod>
<ordningsnummer datatype="int32">15</ordningsnummer>
<status datatype="string"></status>
<typ datatype="string">uppdrag</typ>
<from datatype="datetime">2014-10-07</from>
<tom datatype="datetime">2018-09-24</tom>
<uppgift datatype="string">Civilutskottet</uppgift>
<intressent_id datatype="string">0721509806321</intressent_id>
<hangar_id datatype="int32">3057124</hangar_id>
<sortering datatype="int32">30</sortering>
<organ_sortering datatype="int32">150</organ_sortering>
<uppdrag_rollsortering datatype="string">90</uppdrag_rollsortering>
<uppdrag_statussortering datatype="string">90</uppdrag_statussortering>
</uppdrag>
<uppdrag>
<organ_kod datatype="string">KU</organ_kod>
<roll_kod datatype="string">Suppleant</roll_kod>
<ordningsnummer datatype="int32">21</ordningsnummer>
<status datatype="string"></status>
<typ datatype="string">uppdrag</typ>
<from datatype="datetime">2014-10-14</from>
<tom datatype="datetime">2018-09-24</tom>
<uppgift datatype="string">Konstitutionsutskottet</uppgift>
<intressent_id datatype="string">0721509806321</intressent_id>
<hangar_id datatype="int32">3057124</hangar_id>
<sortering datatype="int32">50</sortering>
<organ_sortering datatype="int32">150</organ_sortering>
<uppdrag_rollsortering datatype="string">90</uppdrag_rollsortering>
<uppdrag_statussortering datatype="string">90</uppdrag_statussortering>
</uppdrag>
<uppdrag>
<organ_kod datatype="string">SfU</organ_kod>
<roll_kod datatype="string">Ledamot</roll_kod>
<ordningsnummer datatype="int32">8</ordningsnummer>
<status datatype="string"></status>
<typ datatype="string">uppdrag</typ>
<from datatype="datetime">2018-10-02</from>
<tom datatype="datetime">2022-09-26</tom>
<uppgift datatype="string">Socialförsäkringsutskottet</uppgift>
<intressent_id datatype="string">0721509806321</intressent_id>
<hangar_id datatype="int32">3057124</hangar_id>
<sortering datatype="int32">30</sortering>
<organ_sortering datatype="int32">150</organ_sortering>
<uppdrag_rollsortering datatype="string">90</uppdrag_rollsortering>
<uppdrag_statussortering datatype="string">90</uppdrag_statussortering>
</uppdrag>
<uppdrag>
<organ_kod datatype="string">CKrU</organ_kod>
<roll_kod datatype="string">Suppleant</roll_kod>
<ordningsnummer datatype="int32">15</ordningsnummer>
<status datatype="string"></status>
<typ datatype="string">uppdrag</typ>
<from datatype="datetime">2018-03-13</from>
<tom datatype="datetime">2018-05-24</tom>
<uppgift datatype="string">Sammansatta civil- och kulturutskottet</uppgift>
<intressent_id datatype="string">0721509806321</intressent_id>
<hangar_id datatype="int32">3057124</hangar_id>
<sortering datatype="int32">50</sortering>
<organ_sortering datatype="int32">160</organ_sortering>
<uppdrag_rollsortering datatype="string">90</uppdrag_rollsortering>
<uppdrag_statussortering datatype="string">90</uppdrag_statussortering>
</uppdrag>
<uppdrag>
<organ_kod datatype="string">EUN</organ_kod>
<roll_kod datatype="string">Suppleant</roll_kod>
<ordningsnummer datatype="int32">64</ordningsnummer>
<status datatype="string"></status>
<typ datatype="string">uppdrag</typ>
<from datatype="datetime">2018-10-16</from>
<tom datatype="datetime">2022-10-04</tom>
<uppgift datatype="string">EU-nämnden</uppgift>
<intressent_id datatype="string">0721509806321</intressent_id>
<hangar_id datatype="int32">3057124</hangar_id>
<sortering datatype="int32">50</sortering>
<organ_sortering datatype="int32">170</organ_sortering>
<uppdrag_rollsortering datatype="string">90</uppdrag_rollsortering>
<uppdrag_statussortering datatype="string">90</uppdrag_statussortering>
</uppdrag>
</personuppdrag>
<personuppgift>
<uppgift>
<kod datatype="string">Officiell e-postadress</kod>
<uppgift datatype="string">nooshi.dadgostar[på]riksdagen.se</uppgift>
<typ datatype="string">eadress</typ>
<intressent_id datatype="string">0721509806321</intressent_id>
<hangar_id datatype="int32">3057124</hangar_id>
</uppgift>
<uppgift>
<kod datatype="string">Tjänstetelefon</kod>
<uppgift datatype="string">65991</uppgift>
<typ datatype="string">telefonnummer</typ>
<intressent_id datatype="string">0721509806321</intressent_id>
<hangar_id datatype="int32">3057124</hangar_id>
</uppgift>
<uppgift>
<kod datatype="string">sv</kod>
<uppgift datatype="string">Ombudsman.</uppgift>
<typ datatype="string">titlar</typ>
<intressent_id datatype="string">0721509806321</intressent_id>
<hangar_id datatype="int32">3057124</hangar_id>
</uppgift>
<uppgift>
<kod datatype="string">en</kod>
<uppgift datatype="string"></uppgift>
<typ datatype="string">titlar</typ>
<intressent_id datatype="string">0721509806321</intressent_id>
<hangar_id datatype="int32">3057124</hangar_id>
</uppgift>
<uppgift>
<kod datatype="string">KandiderarINastaVal</kod>
<uppgift datatype="string">true</uppgift>
<typ datatype="string">val</typ>
<intressent_id datatype="string">0721509806321</intressent_id>
<hangar_id datatype="int32">3057124</hangar_id>
</uppgift>
</personuppgift>
</person>
