<?xml version="1.0" encoding="utf-8" ?>
<person>
<hangar_guid datatype="guid">536ae4cb-9ab9-42ea-8d72-715758b4cf48</hangar_guid>
<sourceid datatype="string">3c547d05-040e-477e-8c63-b990c4ef9b1f</sourceid>
<intressent_id datatype="string">0567830387107</intressent_id>
<hangar_id datatype="int32">2341974</hangar_id>
<fodd_ar datatype="int16">1937</fodd_ar>
<kon datatype="string">kvinna</kon>
<efternamn datatype="string">Dahl</efternamn>
<tilltalsnamn datatype="string">Birgitta</tilltalsnamn>
<sorteringsnamn datatype="string">Dahl,Birgitta</sorteringsnamn>
<iort datatype="string"></iort>
<parti datatype="string">S</parti>
<valkrets datatype="string"></valkrets>
<status datatype="string">Tidigare riksdagsledamot</status>
<person_url_xml datatype="string">http://data.riksdagen.se/person/3c547d05-040e-477e-8c63-b990c4ef9b1f</person_url_xml>
<bild_url_80 datatype="string">http://data.riksdagen.se/filarkiv/bilder/ledamot/3c547d05-040e-477e-8c63-b990c4ef9b1f_80.jpg</bild_url_80>
<bild_url_192 datatype="string">http://data.riksdagen.se/filarkiv/bilder/ledamot/3c547d05-040e-477e-8c63-b990c4ef9b1f_192.jpg</bild_url_192>
<bild_url_max datatype="string">http://data.riksdagen.se/filarkiv/bilder/ledamot/3c547d05-040e-477e-8c63-b990c4ef9b1f_max.jpg</bild_url_max>
<personuppdrag>
<uppdrag>
<organ_kod datatype="string">kam</organ_kod>
<roll_kod datatype="string">Riksdagsledamot</roll_kod>
<ordningsnummer datatype="int32">0</ordningsnummer>
<status datatype="string">Ledig</status>
<typ datatype="string">kammaruppdrag</typ>
<from datatype="datetime">1998-10-05</from>
<tom datatype="datetime">2002-09-30</tom>
<uppgift datatype="string">Tone Tingsgård 1994-10-03 - 1998-10-05, Tone Tingsgård 1998-10-05 - 2002-09-30</uppgift>
<intressent_id datatype="string">0567830387107</intressent_id>
<hangar_id datatype="int32">2341974</hangar_id>
<sortering datatype="int32">10</sortering>
<organ_sortering datatype="int32">10</organ_sortering>
<uppdrag_rollsortering datatype="string">60</uppdrag_rollsortering>
<uppdrag_statussortering datatype="string">30</uppdrag_statussortering>
</uppdrag>
<uppdrag>
<organ_kod datatype="string">kam</organ_kod>
<roll_kod datatype="string">Riksdagsledamot</roll_kod>
<ordningsnummer datatype="int32">63</ordningsnummer>
<status datatype="string">Ledig</status>
<typ datatype="string">kammaruppdrag</typ>
<from datatype="datetime">1994-10-03</from>
<tom datatype="datetime">1998-10-05</tom>
<uppgift datatype="string">Tone Tingsgård 1994-10-03 - 1998-10-05</uppgift>
<intressent_id datatype="string">0567830387107</intressent_id>
<hangar_id datatype="int32">2341974</hangar_id>
<sortering datatype="int32">10</sortering>
<organ_sortering datatype="int32">10</organ_sortering>
<uppdrag_rollsortering datatype="string">60</uppdrag_rollsortering>
<uppdrag_statussortering datatype="string">30</uppdrag_statussortering>
</uppdrag>
<uppdrag>
<organ_kod datatype="string">kam</organ_kod>
<roll_kod datatype="string">Riksdagsledamot</roll_kod>
<ordningsnummer datatype="int32">64</ordningsnummer>
<status datatype="string">Tjänstgörande</status>
<typ datatype="string">kammaruppdrag</typ>
<from datatype="datetime">1991-10-05</from>
<tom datatype="datetime">1994-10-03</tom>
<uppgift datatype="string"></uppgift>
<intressent_id datatype="string">0567830387107</intressent_id>
<hangar_id datatype="int32">2341974</hangar_id>
<sortering datatype="int32">10</sortering>
<organ_sortering datatype="int32">10</organ_sortering>
<uppdrag_rollsortering datatype="string">60</uppdrag_rollsortering>
<uppdrag_statussortering datatype="string">10</uppdrag_statussortering>
</uppdrag>
<uppdrag>
<organ_kod datatype="string">kam</organ_kod>
<roll_kod datatype="string">Riksdagsledamot</roll_kod>
<ordningsnummer datatype="int32">64</ordningsnummer>
<status datatype="string">Ledig</status>
<typ datatype="string">kammaruppdrag</typ>
<from datatype="datetime">1991-09-30</from>
<tom datatype="datetime">1991-10-04</tom>
<uppgift datatype="string">Björn Kaaling 1989-10-04 - 1991-09-30, Barbro Andersson Öhrn 1991-09-30 - 1991-10-04</uppgift>
<intressent_id datatype="string">0567830387107</intressent_id>
<hangar_id datatype="int32">2341974</hangar_id>
<sortering datatype="int32">10</sortering>
<organ_sortering datatype="int32">10</organ_sortering>
<uppdrag_rollsortering datatype="string">60</uppdrag_rollsortering>
<uppdrag_statussortering datatype="string">30</uppdrag_statussortering>
</uppdrag>
<uppdrag>
<organ_kod datatype="string">kam</organ_kod>
<roll_kod datatype="string">Riksdagsledamot</roll_kod>
<ordningsnummer datatype="int32">69</ordningsnummer>
<status datatype="string">Ledig</status>
<typ datatype="string">kammaruppdrag</typ>
<from datatype="datetime">1988-10-03</from>
<tom datatype="datetime">1991-09-30</tom>
<uppgift datatype="string">Mats O Karlsson 1988-06-04 - 1988-10-03, Barbro Andersson Öhrn 1988-10-03 - 1989-10-03, Björn Kaaling 1989-10-04 - 1991-09-30</uppgift>
<intressent_id datatype="string">0567830387107</intressent_id>
<hangar_id datatype="int32">2341974</hangar_id>
<sortering datatype="int32">10</sortering>
<organ_sortering datatype="int32">10</organ_sortering>
<uppdrag_rollsortering datatype="string">60</uppdrag_rollsortering>
<uppdrag_statussortering datatype="string">30</uppdrag_statussortering>
</uppdrag>
<uppdrag>
<organ_kod datatype="string">kam</organ_kod>
<roll_kod datatype="string">Riksdagsledamot</roll_kod>
<ordningsnummer datatype="int32">0</ordningsnummer>
<status datatype="string">Ledig</status>
<typ datatype="string">kammaruppdrag</typ>
<from datatype="datetime">1985-09-30</from>
<tom datatype="datetime">1988-10-03</tom>
<uppgift datatype="string">Anna Lindh 1982-10-08 - 1985-09-30, Mats O Karlsson 1985-09-30 - 1988-05-03, Björn Kaaling 1988-05-04 - 1988-06-03, Mats O Karlsson 1988-06-04 - 1988-10-03</uppgift>
<intressent_id datatype="string">0567830387107</intressent_id>
<hangar_id datatype="int32">2341974</hangar_id>
<sortering datatype="int32">10</sortering>
<organ_sortering datatype="int32">10</organ_sortering>
<uppdrag_rollsortering datatype="string">60</uppdrag_rollsortering>
<uppdrag_statussortering datatype="string">30</uppdrag_statussortering>
</uppdrag>
<uppdrag>
<organ_kod datatype="string">kam</organ_kod>
<roll_kod datatype="string">Riksdagsledamot</roll_kod>
<ordningsnummer datatype="int32">0</ordningsnummer>
<status datatype="string">Ledig</status>
<typ datatype="string">kammaruppdrag</typ>
<from datatype="datetime">1982-10-08</from>
<tom datatype="datetime">1985-09-30</tom>
<uppgift datatype="string">Anna Lindh 1982-10-08 - 1985-09-30</uppgift>
<intressent_id datatype="string">0567830387107</intressent_id>
<hangar_id datatype="int32">2341974</hangar_id>
<sortering datatype="int32">10</sortering>
<organ_sortering datatype="int32">10</organ_sortering>
<uppdrag_rollsortering datatype="string">60</uppdrag_rollsortering>
<uppdrag_statussortering datatype="string">30</uppdrag_statussortering>
</uppdrag>
<uppdrag>
<organ_kod datatype="string">kam</organ_kod>
<roll_kod datatype="string">Riksdagsledamot</roll_kod>
<ordningsnummer datatype="int32">0</ordningsnummer>
<status datatype="string">Tjänstgörande</status>
<typ datatype="string">kammaruppdrag</typ>
<from datatype="datetime">1982-10-04</from>
<tom datatype="datetime">1982-10-07</tom>
<uppgift datatype="string"></uppgift>
<intressent_id datatype="string">0567830387107</intressent_id>
<hangar_id datatype="int32">2341974</hangar_id>
<sortering datatype="int32">10</sortering>
<organ_sortering datatype="int32">10</organ_sortering>
<uppdrag_rollsortering datatype="string">60</uppdrag_rollsortering>
<uppdrag_statussortering datatype="string">10</uppdrag_statussortering>
</uppdrag>
<uppdrag>
<organ_kod datatype="string">kam</organ_kod>
<roll_kod datatype="string">Riksdagsledamot</roll_kod>
<ordningsnummer datatype="int32">0</ordningsnummer>
<status datatype="string">Tjänstgörande</status>
<typ datatype="string">kammaruppdrag</typ>
<from datatype="datetime">1981-12-18</from>
<tom datatype="datetime">1982-10-04</tom>
<uppgift datatype="string"></uppgift>
<intressent_id datatype="string">0567830387107</intressent_id>
<hangar_id datatype="int32">2341974</hangar_id>
<sortering datatype="int32">10</sortering>
<organ_sortering datatype="int32">10</organ_sortering>
<uppdrag_rollsortering datatype="string">60</uppdrag_rollsortering>
<uppdrag_statussortering datatype="string">10</uppdrag_statussortering>
</uppdrag>
<uppdrag>
<organ_kod datatype="string">kam</organ_kod>
<roll_kod datatype="string">Riksdagsledamot</roll_kod>
<ordningsnummer datatype="int32">0</ordningsnummer>
<status datatype="string">Ledig</status>
<typ datatype="string">kammaruppdrag</typ>
<from datatype="datetime">1981-11-16</from>
<tom datatype="datetime">1981-12-17</tom>
<uppgift datatype="string">Ingrid Andersson 1981-11-16 - 1981-12-17</uppgift>
<intressent_id datatype="string">0567830387107</intressent_id>
<hangar_id datatype="int32">2341974</hangar_id>
<sortering datatype="int32">10</sortering>
<organ_sortering datatype="int32">10</organ_sortering>
<uppdrag_rollsortering datatype="string">60</uppdrag_rollsortering>
<uppdrag_statussortering datatype="string">30</uppdrag_statussortering>
</uppdrag>
<uppdrag>
<organ_kod datatype="string">kam</organ_kod>
<roll_kod datatype="string">Riksdagsledamot</roll_kod>
<ordningsnummer datatype="int32">0</ordningsnummer>
<status datatype="string">Tjänstgörande</status>
<typ datatype="string">kammaruppdrag</typ>
<from datatype="datetime">1980-11-22</from>
<tom datatype="datetime">1981-11-15</tom>
<uppgift datatype="string"></uppgift>
<intressent_id datatype="string">0567830387107</intressent_id>
<hangar_id datatype="int32">2341974</hangar_id>
<sortering datatype="int32">10</sortering>
<organ_sortering datatype="int32">10</organ_sortering>
<uppdrag_rollsortering datatype="string">60</uppdrag_rollsortering>
<uppdrag_statussortering datatype="string">10</uppdrag_statussortering>
</uppdrag>
<uppdrag>
<organ_kod datatype="string">kam</organ_kod>
<roll_kod datatype="string">Riksdagsledamot</roll_kod>
<ordningsnummer datatype="int32">0</ordningsnummer>
<status datatype="string">Ledig</status>
<typ datatype="string">kammaruppdrag</typ>
<from datatype="datetime">1980-10-20</from>
<tom datatype="datetime">1980-11-21</tom>
<uppgift datatype="string">Ingrid Andersson 1980-10-20 - 1980-11-21</uppgift>
<intressent_id datatype="string">0567830387107</intressent_id>
<hangar_id datatype="int32">2341974</hangar_id>
<sortering datatype="int32">10</sortering>
<organ_sortering datatype="int32">10</organ_sortering>
<uppdrag_rollsortering datatype="string">60</uppdrag_rollsortering>
<uppdrag_statussortering datatype="string">30</uppdrag_statussortering>
</uppdrag>
<uppdrag>
<organ_kod datatype="string">kam</organ_kod>
<roll_kod datatype="string">Riksdagsledamot</roll_kod>
<ordningsnummer datatype="int32">0</ordningsnummer>
<status datatype="string">Tjänstgörande</status>
<typ datatype="string">kammaruppdrag</typ>
<from datatype="datetime">1979-10-01</from>
<tom datatype="datetime">1980-10-19</tom>
<uppgift datatype="string"></uppgift>
<intressent_id datatype="string">0567830387107</intressent_id>
<hangar_id datatype="int32">2341974</hangar_id>
<sortering datatype="int32">10</sortering>
<organ_sortering datatype="int32">10</organ_sortering>
<uppdrag_rollsortering datatype="string">60</uppdrag_rollsortering>
<uppdrag_statussortering datatype="string">10</uppdrag_statussortering>
</uppdrag>
<uppdrag>
<organ_kod datatype="string">kam</organ_kod>
<roll_kod datatype="string">Riksdagsledamot</roll_kod>
<ordningsnummer datatype="int32">0</ordningsnummer>
<status datatype="string">Tjänstgörande</status>
<typ datatype="string">kammaruppdrag</typ>
<from datatype="datetime">1976-10-04</from>
<tom datatype="datetime">1979-10-01</tom>
<uppgift datatype="string"></uppgift>
<intressent_id datatype="string">0567830387107</intressent_id>
<hangar_id datatype="int32">2341974</hangar_id>
<sortering datatype="int32">10</sortering>
<organ_sortering datatype="int32">10</organ_sortering>
<uppdrag_rollsortering datatype="string">60</uppdrag_rollsortering>
<uppdrag_statussortering datatype="string">10</uppdrag_statussortering>
</uppdrag>
<uppdrag>
<organ_kod datatype="string">EG</organ_kod>
<roll_kod datatype="string">Ledamot</roll_kod>
<ordningsnummer datatype="int32">0</ordningsnummer>
<status datatype="string"></status>
<typ datatype="string">Riksdagsorgan</typ>
<from datatype="datetime">1993-01-21</from>
<tom datatype="datetime">1993-10-06</tom>
<uppgift datatype="string">EG-delegationen</uppgift>
<intressent_id datatype="string">0567830387107</intressent_id>
<hangar_id datatype="int32">2341974</hangar_id>
<sortering datatype="int32">30</sortering>
<organ_sortering datatype="int32"></organ_sortering>
<uppdrag_rollsortering datatype="string">90</uppdrag_rollsortering>
<uppdrag_statussortering datatype="string">90</uppdrag_statussortering>
</uppdrag>
<uppdrag>
<organ_kod datatype="string">KD</organ_kod>
<roll_kod datatype="string">Ledamot</roll_kod>
<ordningsnummer datatype="int32">0</ordningsnummer>
<status datatype="string"></status>
<typ datatype="string">Riksdagsorgan</typ>
<from datatype="datetime">1994-10-03</from>
<tom datatype="datetime">2002-09-30</tom>
<uppgift datatype="string">Krigsdelegationen</uppgift>
<intressent_id datatype="string">0567830387107</intressent_id>
<hangar_id datatype="int32">2341974</hangar_id>
<sortering datatype="int32">30</sortering>
<organ_sortering datatype="int32">300</organ_sortering>
<uppdrag_rollsortering datatype="string">90</uppdrag_rollsortering>
<uppdrag_statussortering datatype="string">90</uppdrag_statussortering>
</uppdrag>
<uppdrag>
<organ_kod datatype="string">KD</organ_kod>
<roll_kod datatype="string">Ledamot</roll_kod>
<ordningsnummer datatype="int32">0</ordningsnummer>
<status datatype="string"></status>
<typ datatype="string">Riksdagsorgan</typ>
<from datatype="datetime">1986-10-07</from>
<tom datatype="datetime">1991-09-30</tom>
<uppgift datatype="string">Krigsdelegationen</uppgift>
<intressent_id datatype="string">0567830387107</intressent_id>
<hangar_id datatype="int32">2341974</hangar_id>
<sortering datatype="int32">30</sortering>
<organ_sortering datatype="int32">300</organ_sortering>
<uppdrag_rollsortering datatype="string">90</uppdrag_rollsortering>
<uppdrag_statussortering datatype="string">90</uppdrag_statussortering>
</uppdrag>
<uppdrag>
<organ_kod datatype="string">NR</organ_kod>
<roll_kod datatype="string">Ledamot</roll_kod>
<ordningsnummer datatype="int32">0</ordningsnummer>
<status datatype="string"></status>
<typ datatype="string">Riksdagsorgan</typ>
<from datatype="datetime">1991-10-15</from>
<tom datatype="datetime">1994-10-03</tom>
<uppgift datatype="string">Nordiska rådets svenska delegation</uppgift>
<intressent_id datatype="string">0567830387107</intressent_id>
<hangar_id datatype="int32">2341974</hangar_id>
<sortering datatype="int32">30</sortering>
<organ_sortering datatype="int32">300</organ_sortering>
<uppdrag_rollsortering datatype="string">90</uppdrag_rollsortering>
<uppdrag_statussortering datatype="string">90</uppdrag_statussortering>
</uppdrag>
<uppdrag>
<organ_kod datatype="string">RFK</organ_kod>
<roll_kod datatype="string">Ordförande</roll_kod>
<ordningsnummer datatype="int32">0</ordningsnummer>
<status datatype="string"></status>
<typ datatype="string">Riksdagsorgan</typ>
<from datatype="datetime">1994-10-11</from>
<tom datatype="datetime">2000-06-30</tom>
<uppgift datatype="string">Riksdagens förvaltningskontor</uppgift>
<intressent_id datatype="string">0567830387107</intressent_id>
<hangar_id datatype="int32">2341974</hangar_id>
<sortering datatype="int32">10</sortering>
<organ_sortering datatype="int32">300</organ_sortering>
<uppdrag_rollsortering datatype="string">90</uppdrag_rollsortering>
<uppdrag_statussortering datatype="string">90</uppdrag_statussortering>
</uppdrag>
<uppdrag>
<organ_kod datatype="string">RS</organ_kod>
<roll_kod datatype="string">Ledamot</roll_kod>
<ordningsnummer datatype="int32">0</ordningsnummer>
<status datatype="string"></status>
<typ datatype="string">Riksdagsorgan</typ>
<from datatype="datetime">2000-07-01</from>
<tom datatype="datetime">2002-09-30</tom>
<uppgift datatype="string">Riksdagsstyrelsen</uppgift>
<intressent_id datatype="string">0567830387107</intressent_id>
<hangar_id datatype="int32">2341974</hangar_id>
<sortering datatype="int32">30</sortering>
<organ_sortering datatype="int32">300</organ_sortering>
<uppdrag_rollsortering datatype="string">90</uppdrag_rollsortering>
<uppdrag_statussortering datatype="string">90</uppdrag_statussortering>
</uppdrag>
<uppdrag>
<organ_kod datatype="string">UN</organ_kod>
<roll_kod datatype="string">Ledamot</roll_kod>
<ordningsnummer datatype="int32">0</ordningsnummer>
<status datatype="string"></status>
<typ datatype="string">Riksdagsorgan</typ>
<from datatype="datetime">1998-10-20</from>
<tom datatype="datetime">2002-09-30</tom>
<uppgift datatype="string">Utrikesnämnden</uppgift>
<intressent_id datatype="string">0567830387107</intressent_id>
<hangar_id datatype="int32">2341974</hangar_id>
<sortering datatype="int32">30</sortering>
<organ_sortering datatype="int32">300</organ_sortering>
<uppdrag_rollsortering datatype="string">90</uppdrag_rollsortering>
<uppdrag_statussortering datatype="string">90</uppdrag_statussortering>
</uppdrag>
<uppdrag>
<organ_kod datatype="string">UN</organ_kod>
<roll_kod datatype="string">Ledamot</roll_kod>
<ordningsnummer datatype="int32">0</ordningsnummer>
<status datatype="string"></status>
<typ datatype="string">Riksdagsorgan</typ>
<from datatype="datetime">1994-10-03</from>
<tom datatype="datetime">1998-10-05</tom>
<uppgift datatype="string">Utrikesnämnden</uppgift>
<intressent_id datatype="string">0567830387107</intressent_id>
<hangar_id datatype="int32">2341974</hangar_id>
<sortering datatype="int32">30</sortering>
<organ_sortering datatype="int32">300</organ_sortering>
<uppdrag_rollsortering datatype="string">90</uppdrag_rollsortering>
<uppdrag_statussortering datatype="string">90</uppdrag_statussortering>
</uppdrag>
<uppdrag>
<organ_kod datatype="string">UN</organ_kod>
<roll_kod datatype="string">Ledamot</roll_kod>
<ordningsnummer datatype="int32">0</ordningsnummer>
<status datatype="string"></status>
<typ datatype="string">Riksdagsorgan</typ>
<from datatype="datetime">1992-11-02</from>
<tom datatype="datetime">1993-10-06</tom>
<uppgift datatype="string">Utrikesnämnden</uppgift>
<intressent_id datatype="string">0567830387107</intressent_id>
<hangar_id datatype="int32">2341974</hangar_id>
<sortering datatype="int32">30</sortering>
<organ_sortering datatype="int32">300</organ_sortering>
<uppdrag_rollsortering datatype="string">90</uppdrag_rollsortering>
<uppdrag_statussortering datatype="string">90</uppdrag_statussortering>
</uppdrag>
<uppdrag>
<organ_kod datatype="string">UN</organ_kod>
<roll_kod datatype="string">Suppleant</roll_kod>
<ordningsnummer datatype="int32">0</ordningsnummer>
<status datatype="string"></status>
<typ datatype="string">Riksdagsorgan</typ>
<from datatype="datetime">1979-10-01</from>
<tom datatype="datetime">1982-10-04</tom>
<uppgift datatype="string">Utrikesnämnden</uppgift>
<intressent_id datatype="string">0567830387107</intressent_id>
<hangar_id datatype="int32">2341974</hangar_id>
<sortering datatype="int32">50</sortering>
<organ_sortering datatype="int32">300</organ_sortering>
<uppdrag_rollsortering datatype="string">90</uppdrag_rollsortering>
<uppdrag_statussortering datatype="string">90</uppdrag_statussortering>
</uppdrag>
<uppdrag>
<organ_kod datatype="string">SfU</organ_kod>
<roll_kod datatype="string">Vice ordförande</roll_kod>
<ordningsnummer datatype="int32">0</ordningsnummer>
<status datatype="string"></status>
<typ datatype="string">uppdrag</typ>
<from datatype="datetime">1993-10-19</from>
<tom datatype="datetime">1994-10-02</tom>
<uppgift datatype="string">Socialförsäkringsutskottet</uppgift>
<intressent_id datatype="string">0567830387107</intressent_id>
<hangar_id datatype="int32">2341974</hangar_id>
<sortering datatype="int32">20</sortering>
<organ_sortering datatype="int32">150</organ_sortering>
<uppdrag_rollsortering datatype="string">90</uppdrag_rollsortering>
<uppdrag_statussortering datatype="string">90</uppdrag_statussortering>
</uppdrag>
<uppdrag>
<organ_kod datatype="string">SfU</organ_kod>
<roll_kod datatype="string">Ledamot</roll_kod>
<ordningsnummer datatype="int32">0</ordningsnummer>
<status datatype="string"></status>
<typ datatype="string">uppdrag</typ>
<from datatype="datetime">1991-10-08</from>
<tom datatype="datetime">1993-10-18</tom>
<uppgift datatype="string">Socialförsäkringsutskottet</uppgift>
<intressent_id datatype="string">0567830387107</intressent_id>
<hangar_id datatype="int32">2341974</hangar_id>
<sortering datatype="int32">30</sortering>
<organ_sortering datatype="int32">150</organ_sortering>
<uppdrag_rollsortering datatype="string">90</uppdrag_rollsortering>
<uppdrag_statussortering datatype="string">90</uppdrag_statussortering>
</uppdrag>
<uppdrag>
<organ_kod datatype="string">SoU</organ_kod>
<roll_kod datatype="string">Suppleant</roll_kod>
<ordningsnummer datatype="int32">0</ordningsnummer>
<status datatype="string"></status>
<typ datatype="string">uppdrag</typ>
<from datatype="datetime">1979-10-01</from>
<tom datatype="datetime">1982-10-03</tom>
<uppgift datatype="string">Socialutskottet</uppgift>
<intressent_id datatype="string">0567830387107</intressent_id>
<hangar_id datatype="int32">2341974</hangar_id>
<sortering datatype="int32">50</sortering>
<organ_sortering datatype="int32">150</organ_sortering>
<uppdrag_rollsortering datatype="string">90</uppdrag_rollsortering>
<uppdrag_statussortering datatype="string">90</uppdrag_statussortering>
</uppdrag>
<uppdrag>
<organ_kod datatype="string">SoU</organ_kod>
<roll_kod datatype="string">Suppleant</roll_kod>
<ordningsnummer datatype="int32">0</ordningsnummer>
<status datatype="string"></status>
<typ datatype="string">uppdrag</typ>
<from datatype="datetime">1976-10-04</from>
<tom datatype="datetime">1979-09-30</tom>
<uppgift datatype="string">Socialutskottet</uppgift>
<intressent_id datatype="string">0567830387107</intressent_id>
<hangar_id datatype="int32">2341974</hangar_id>
<sortering datatype="int32">50</sortering>
<organ_sortering datatype="int32">150</organ_sortering>
<uppdrag_rollsortering datatype="string">90</uppdrag_rollsortering>
<uppdrag_statussortering datatype="string">90</uppdrag_statussortering>
</uppdrag>
</personuppdrag>
<personuppgift>
<uppgift>
<kod datatype="string">Webbsida</kod>
<uppgift datatype="string">http://www.riksdagen.se/talman</uppgift>
<typ datatype="string">eadress</typ>
<intressent_id datatype="string">0567830387107</intressent_id>
<hangar_id datatype="int32">2341974</hangar_id>
</uppgift>
</personuppgift>
</person>
