<?xml version="1.0" encoding="utf-8" ?>
<person>
<hangar_guid datatype="guid">43d6654e-ab43-4a01-82d5-77df429d54f8</hangar_guid>
<sourceid datatype="string">25943772-a07b-4929-9a22-f19265a67e06</sourceid>
<intressent_id datatype="string">0666473608905</intressent_id>
<hangar_id datatype="int32">2342283</hangar_id>
<fodd_ar datatype="int16">1944</fodd_ar>
<kon datatype="string">man</kon>
<efternamn datatype="string">Dahlström</efternamn>
<tilltalsnamn datatype="string">Kjell</tilltalsnamn>
<sorteringsnamn datatype="string">Dahlström,Kjell</sorteringsnamn>
<iort datatype="string"></iort>
<parti datatype="string">MP</parti>
<valkrets datatype="string"></valkrets>
<status datatype="string">Tidigare riksdagsledamot</status>
<person_url_xml datatype="string">http://data.riksdagen.se/person/25943772-a07b-4929-9a22-f19265a67e06</person_url_xml>
<bild_url_80 datatype="string">http://data.riksdagen.se/filarkiv/bilder/ledamot/25943772-a07b-4929-9a22-f19265a67e06_80.jpg</bild_url_80>
<bild_url_192 datatype="string">http://data.riksdagen.se/filarkiv/bilder/ledamot/25943772-a07b-4929-9a22-f19265a67e06_192.jpg</bild_url_192>
<bild_url_max datatype="string">http://data.riksdagen.se/filarkiv/bilder/ledamot/25943772-a07b-4929-9a22-f19265a67e06_max.jpg</bild_url_max>
<personuppdrag>
<uppdrag>
<organ_kod datatype="string">kam</organ_kod>
<roll_kod datatype="string">Riksdagsledamot</roll_kod>
<ordningsnummer datatype="int32">170</ordningsnummer>
<status datatype="string">Tjänstgörande</status>
<typ datatype="string">kammaruppdrag</typ>
<from datatype="datetime">1988-10-04</from>
<tom datatype="datetime">1991-09-30</tom>
<uppgift datatype="string"></uppgift>
<intressent_id datatype="string">0666473608905</intressent_id>
<hangar_id datatype="int32">2342283</hangar_id>
<sortering datatype="int32">10</sortering>
<organ_sortering datatype="int32">10</organ_sortering>
<uppdrag_rollsortering datatype="string">60</uppdrag_rollsortering>
<uppdrag_statussortering datatype="string">10</uppdrag_statussortering>
</uppdrag>
<uppdrag>
<organ_kod datatype="string">RFK</organ_kod>
<roll_kod datatype="string">Suppleant</roll_kod>
<ordningsnummer datatype="int32">0</ordningsnummer>
<status datatype="string"></status>
<typ datatype="string">Riksdagsorgan</typ>
<from datatype="datetime">1990-10-04</from>
<tom datatype="datetime">1991-09-30</tom>
<uppgift datatype="string">Riksdagens förvaltningskontor</uppgift>
<intressent_id datatype="string">0666473608905</intressent_id>
<hangar_id datatype="int32">2342283</hangar_id>
<sortering datatype="int32">50</sortering>
<organ_sortering datatype="int32">300</organ_sortering>
<uppdrag_rollsortering datatype="string">90</uppdrag_rollsortering>
<uppdrag_statussortering datatype="string">90</uppdrag_statussortering>
</uppdrag>
<uppdrag>
<organ_kod datatype="string">VPN</organ_kod>
<roll_kod datatype="string">Suppleant</roll_kod>
<ordningsnummer datatype="int32">0</ordningsnummer>
<status datatype="string"></status>
<typ datatype="string">Riksdagsorgan</typ>
<from datatype="datetime">1998-12-02</from>
<tom datatype="datetime">1999-11-16</tom>
<uppgift datatype="string">Valprövningsnämnden</uppgift>
<intressent_id datatype="string">0666473608905</intressent_id>
<hangar_id datatype="int32">2342283</hangar_id>
<sortering datatype="int32">50</sortering>
<organ_sortering datatype="int32">300</organ_sortering>
<uppdrag_rollsortering datatype="string">90</uppdrag_rollsortering>
<uppdrag_statussortering datatype="string">90</uppdrag_statussortering>
</uppdrag>
<uppdrag>
<organ_kod datatype="string">FöU</organ_kod>
<roll_kod datatype="string">Suppleant</roll_kod>
<ordningsnummer datatype="int32">0</ordningsnummer>
<status datatype="string"></status>
<typ datatype="string">uppdrag</typ>
<from datatype="datetime">1988-10-11</from>
<tom datatype="datetime">1989-10-04</tom>
<uppgift datatype="string">Försvarsutskottet</uppgift>
<intressent_id datatype="string">0666473608905</intressent_id>
<hangar_id datatype="int32">2342283</hangar_id>
<sortering datatype="int32">50</sortering>
<organ_sortering datatype="int32">150</organ_sortering>
<uppdrag_rollsortering datatype="string">90</uppdrag_rollsortering>
<uppdrag_statussortering datatype="string">90</uppdrag_statussortering>
</uppdrag>
<uppdrag>
<organ_kod datatype="string">TU</organ_kod>
<roll_kod datatype="string">Suppleant</roll_kod>
<ordningsnummer datatype="int32">0</ordningsnummer>
<status datatype="string"></status>
<typ datatype="string">uppdrag</typ>
<from datatype="datetime">1988-10-11</from>
<tom datatype="datetime">1991-09-29</tom>
<uppgift datatype="string">Trafikutskottet</uppgift>
<intressent_id datatype="string">0666473608905</intressent_id>
<hangar_id datatype="int32">2342283</hangar_id>
<sortering datatype="int32">50</sortering>
<organ_sortering datatype="int32">150</organ_sortering>
<uppdrag_rollsortering datatype="string">90</uppdrag_rollsortering>
<uppdrag_statussortering datatype="string">90</uppdrag_statussortering>
</uppdrag>
<uppdrag>
<organ_kod datatype="string">BoU</organ_kod>
<roll_kod datatype="string">Ledamot</roll_kod>
<ordningsnummer datatype="int32">0</ordningsnummer>
<status datatype="string"></status>
<typ datatype="string">uppdrag</typ>
<from datatype="datetime">1989-10-04</from>
<tom datatype="datetime">1991-09-29</tom>
<uppgift datatype="string">Bostadsutskottet</uppgift>
<intressent_id datatype="string">0666473608905</intressent_id>
<hangar_id datatype="int32">2342283</hangar_id>
<sortering datatype="int32">30</sortering>
<organ_sortering datatype="int32">165</organ_sortering>
<uppdrag_rollsortering datatype="string">90</uppdrag_rollsortering>
<uppdrag_statussortering datatype="string">90</uppdrag_statussortering>
</uppdrag>
</personuppdrag>
<personuppgift>
<uppgift>
<kod datatype="string">sv</kod>
<uppgift datatype="string">arkitekt (SAR), tekn.dr.</uppgift>
<typ datatype="string">titlar</typ>
<intressent_id datatype="string">0666473608905</intressent_id>
<hangar_id datatype="int32">2342283</hangar_id>
</uppgift>
<uppgift>
<kod datatype="string">en</kod>
<uppgift datatype="string"></uppgift>
<typ datatype="string">titlar</typ>
<intressent_id datatype="string">0666473608905</intressent_id>
<hangar_id datatype="int32">2342283</hangar_id>
</uppgift>
</personuppgift>
</person>
