<?xml version="1.0" encoding="utf-8" ?>
<person>
<hangar_guid datatype="guid">8488270b-f786-4a7d-bee0-c3cf903fcff2</hangar_guid>
<sourceid datatype="string">6a0f8739-f15c-11d6-ae8b-0004755038ce</sourceid>
<intressent_id datatype="string">0468904415516</intressent_id>
<hangar_id datatype="int32">2343501</hangar_id>
<fodd_ar datatype="int16">1971</fodd_ar>
<kon datatype="string">kvinna</kon>
<efternamn datatype="string">Dahl</efternamn>
<tilltalsnamn datatype="string">Cecilia</tilltalsnamn>
<sorteringsnamn datatype="string">Dahl,Cecilia</sorteringsnamn>
<iort datatype="string"></iort>
<parti datatype="string">S</parti>
<valkrets datatype="string">Malmö kommun</valkrets>
<status datatype="string">Tidigare ersättare</status>
<person_url_xml datatype="string">http://data.riksdagen.se/person/6a0f8739-f15c-11d6-ae8b-0004755038ce</person_url_xml>
<bild_url_80 datatype="string">http://data.riksdagen.se/filarkiv/bilder/ledamot/6a0f8739-f15c-11d6-ae8b-0004755038ce_80.jpg</bild_url_80>
<bild_url_192 datatype="string">http://data.riksdagen.se/filarkiv/bilder/ledamot/6a0f8739-f15c-11d6-ae8b-0004755038ce_192.jpg</bild_url_192>
<bild_url_max datatype="string">http://data.riksdagen.se/filarkiv/bilder/ledamot/6a0f8739-f15c-11d6-ae8b-0004755038ce_max.jpg</bild_url_max>
<personuppdrag>
<uppdrag>
<organ_kod datatype="string">kam</organ_kod>
<roll_kod datatype="string">Ersättare</roll_kod>
<ordningsnummer datatype="int32">0</ordningsnummer>
<status datatype="string">Ersättare</status>
<typ datatype="string">kammaruppdrag</typ>
<from datatype="datetime">2002-11-05</from>
<tom datatype="datetime">2002-12-20</tom>
<uppgift datatype="string">Lars-Erik Lövdén</uppgift>
<intressent_id datatype="string">0468904415516</intressent_id>
<hangar_id datatype="int32">2343501</hangar_id>
<sortering datatype="int32">45</sortering>
<organ_sortering datatype="int32">10</organ_sortering>
<uppdrag_rollsortering datatype="string">60</uppdrag_rollsortering>
<uppdrag_statussortering datatype="string">20</uppdrag_statussortering>
</uppdrag>
<uppdrag>
<organ_kod datatype="string">AU</organ_kod>
<roll_kod datatype="string">Suppleant</roll_kod>
<ordningsnummer datatype="int32">0</ordningsnummer>
<status datatype="string"></status>
<typ datatype="string">uppdrag</typ>
<from datatype="datetime">2002-11-14</from>
<tom datatype="datetime">2002-12-20</tom>
<uppgift datatype="string">Arbetsmarknadsutskottet</uppgift>
<intressent_id datatype="string">0468904415516</intressent_id>
<hangar_id datatype="int32">2343501</hangar_id>
<sortering datatype="int32">50</sortering>
<organ_sortering datatype="int32">150</organ_sortering>
<uppdrag_rollsortering datatype="string">90</uppdrag_rollsortering>
<uppdrag_statussortering datatype="string">90</uppdrag_statussortering>
</uppdrag>
<uppdrag>
<organ_kod datatype="string">KU</organ_kod>
<roll_kod datatype="string">Suppleant</roll_kod>
<ordningsnummer datatype="int32">0</ordningsnummer>
<status datatype="string"></status>
<typ datatype="string">uppdrag</typ>
<from datatype="datetime">2002-11-14</from>
<tom datatype="datetime">2002-12-20</tom>
<uppgift datatype="string">Konstitutionsutskottet</uppgift>
<intressent_id datatype="string">0468904415516</intressent_id>
<hangar_id datatype="int32">2343501</hangar_id>
<sortering datatype="int32">50</sortering>
<organ_sortering datatype="int32">150</organ_sortering>
<uppdrag_rollsortering datatype="string">90</uppdrag_rollsortering>
<uppdrag_statussortering datatype="string">90</uppdrag_statussortering>
</uppdrag>
</personuppdrag>
<personuppgift>
<uppgift>
<kod datatype="string">sv</kod>
<uppgift datatype="string">Utbildare</uppgift>
<typ datatype="string">titlar</typ>
<intressent_id datatype="string">0468904415516</intressent_id>
<hangar_id datatype="int32">2343501</hangar_id>
</uppgift>
<uppgift>
<kod datatype="string">en</kod>
<uppgift datatype="string">Instructor</uppgift>
<typ datatype="string">titlar</typ>
<intressent_id datatype="string">0468904415516</intressent_id>
<hangar_id datatype="int32">2343501</hangar_id>
</uppgift>
</personuppgift>
</person>
