<?xml version="1.0" encoding="utf-8" ?>
<person>
<hangar_guid datatype="guid">e29b5630-d707-4375-a454-e4d040d80bad</hangar_guid>
<sourceid datatype="string">71cf4c0f-c22a-4ae8-9e17-442655e6557f</sourceid>
<intressent_id datatype="string">0781029778411</intressent_id>
<hangar_id datatype="int32">2343130</hangar_id>
<fodd_ar datatype="int16">1960</fodd_ar>
<kon datatype="string">kvinna</kon>
<efternamn datatype="string">Dalman Eek</efternamn>
<tilltalsnamn datatype="string">Cecilia</tilltalsnamn>
<sorteringsnamn datatype="string">Dalman Eek,Cecilia</sorteringsnamn>
<iort datatype="string"></iort>
<parti datatype="string">S</parti>
<valkrets datatype="string">Göteborgs kommun</valkrets>
<status datatype="string">Tidigare riksdagsledamot</status>
<person_url_xml datatype="string">http://data.riksdagen.se/person/71cf4c0f-c22a-4ae8-9e17-442655e6557f</person_url_xml>
<bild_url_80 datatype="string">http://data.riksdagen.se/filarkiv/bilder/ledamot/71cf4c0f-c22a-4ae8-9e17-442655e6557f_80.jpg</bild_url_80>
<bild_url_192 datatype="string">http://data.riksdagen.se/filarkiv/bilder/ledamot/71cf4c0f-c22a-4ae8-9e17-442655e6557f_192.jpg</bild_url_192>
<bild_url_max datatype="string">http://data.riksdagen.se/filarkiv/bilder/ledamot/71cf4c0f-c22a-4ae8-9e17-442655e6557f_max.jpg</bild_url_max>
<personuppdrag>
<uppdrag>
<organ_kod datatype="string">kam</organ_kod>
<roll_kod datatype="string">Riksdagsledamot</roll_kod>
<ordningsnummer datatype="int32">260</ordningsnummer>
<status datatype="string">Tjänstgörande</status>
<typ datatype="string">kammaruppdrag</typ>
<from datatype="datetime">2012-10-04</from>
<tom datatype="datetime">2014-09-29</tom>
<uppgift datatype="string"></uppgift>
<intressent_id datatype="string">0781029778411</intressent_id>
<hangar_id datatype="int32">2343130</hangar_id>
<sortering datatype="int32">10</sortering>
<organ_sortering datatype="int32">10</organ_sortering>
<uppdrag_rollsortering datatype="string">60</uppdrag_rollsortering>
<uppdrag_statussortering datatype="string">10</uppdrag_statussortering>
</uppdrag>
<uppdrag>
<organ_kod datatype="string">UbU</organ_kod>
<roll_kod datatype="string">Suppleant</roll_kod>
<ordningsnummer datatype="int32">4</ordningsnummer>
<status datatype="string"></status>
<typ datatype="string">uppdrag</typ>
<from datatype="datetime">2012-10-04</from>
<tom datatype="datetime">2014-09-29</tom>
<uppgift datatype="string">Utbildningsutskottet</uppgift>
<intressent_id datatype="string">0781029778411</intressent_id>
<hangar_id datatype="int32">2343130</hangar_id>
<sortering datatype="int32">50</sortering>
<organ_sortering datatype="int32">150</organ_sortering>
<uppdrag_rollsortering datatype="string">90</uppdrag_rollsortering>
<uppdrag_statussortering datatype="string">90</uppdrag_statussortering>
</uppdrag>
</personuppdrag>
<personuppgift>
<uppgift>
<kod datatype="string">sv</kod>
<uppgift datatype="string">Regionsekreterare</uppgift>
<typ datatype="string">titlar</typ>
<intressent_id datatype="string">0781029778411</intressent_id>
<hangar_id datatype="int32">2343130</hangar_id>
</uppgift>
<uppgift>
<kod datatype="string">en</kod>
<uppgift datatype="string"></uppgift>
<typ datatype="string">titlar</typ>
<intressent_id datatype="string">0781029778411</intressent_id>
<hangar_id datatype="int32">2343130</hangar_id>
</uppgift>
<uppgift>
<kod datatype="string">KandiderarINastaVal</kod>
<uppgift datatype="string">true</uppgift>
<typ datatype="string">val</typ>
<intressent_id datatype="string">0781029778411</intressent_id>
<hangar_id datatype="int32">2343130</hangar_id>
</uppgift>
</personuppgift>
</person>
