<?xml version="1.0" encoding="utf-8" ?>
<person>
<hangar_guid datatype="guid">28c63ed5-1a1a-455f-b722-273fb09bb3d1</hangar_guid>
<sourceid datatype="string">91925924-81e3-42f4-92cd-dcb15d3f4a88</sourceid>
<intressent_id datatype="string">0244345953026</intressent_id>
<hangar_id datatype="int32">2343572</hangar_id>
<fodd_ar datatype="int16">1974</fodd_ar>
<kon datatype="string">man</kon>
<efternamn datatype="string">Danielsson</efternamn>
<tilltalsnamn datatype="string">Peter</tilltalsnamn>
<sorteringsnamn datatype="string">Danielsson,Peter</sorteringsnamn>
<iort datatype="string"></iort>
<parti datatype="string">M</parti>
<valkrets datatype="string">Skåne läns västra</valkrets>
<status datatype="string">Tidigare riksdagsledamot</status>
<person_url_xml datatype="string">http://data.riksdagen.se/person/91925924-81e3-42f4-92cd-dcb15d3f4a88</person_url_xml>
<bild_url_80 datatype="string">http://data.riksdagen.se/filarkiv/bilder/ledamot/91925924-81e3-42f4-92cd-dcb15d3f4a88_80.jpg</bild_url_80>
<bild_url_192 datatype="string">http://data.riksdagen.se/filarkiv/bilder/ledamot/91925924-81e3-42f4-92cd-dcb15d3f4a88_192.jpg</bild_url_192>
<bild_url_max datatype="string">http://data.riksdagen.se/filarkiv/bilder/ledamot/91925924-81e3-42f4-92cd-dcb15d3f4a88_max.jpg</bild_url_max>
<personuppdrag>
<uppdrag>
<organ_kod datatype="string">kam</organ_kod>
<roll_kod datatype="string">Riksdagsledamot</roll_kod>
<ordningsnummer datatype="int32">292</ordningsnummer>
<status datatype="string">Tjänstgörande</status>
<typ datatype="string">kammaruppdrag</typ>
<from datatype="datetime">2006-10-02</from>
<tom datatype="datetime">2006-11-08</tom>
<uppgift datatype="string"></uppgift>
<intressent_id datatype="string">0244345953026</intressent_id>
<hangar_id datatype="int32">2343572</hangar_id>
<sortering datatype="int32">10</sortering>
<organ_sortering datatype="int32">10</organ_sortering>
<uppdrag_rollsortering datatype="string">60</uppdrag_rollsortering>
<uppdrag_statussortering datatype="string">10</uppdrag_statussortering>
</uppdrag>
<uppdrag>
<organ_kod datatype="string">kam</organ_kod>
<roll_kod datatype="string">Riksdagsledamot</roll_kod>
<ordningsnummer datatype="int32">164</ordningsnummer>
<status datatype="string">Tjänstgörande</status>
<typ datatype="string">kammaruppdrag</typ>
<from datatype="datetime">2002-09-30</from>
<tom datatype="datetime">2006-10-02</tom>
<uppgift datatype="string"></uppgift>
<intressent_id datatype="string">0244345953026</intressent_id>
<hangar_id datatype="int32">2343572</hangar_id>
<sortering datatype="int32">10</sortering>
<organ_sortering datatype="int32">10</organ_sortering>
<uppdrag_rollsortering datatype="string">60</uppdrag_rollsortering>
<uppdrag_statussortering datatype="string">10</uppdrag_statussortering>
</uppdrag>
<uppdrag>
<organ_kod datatype="string">NU</organ_kod>
<roll_kod datatype="string">Suppleant</roll_kod>
<ordningsnummer datatype="int32">0</ordningsnummer>
<status datatype="string"></status>
<typ datatype="string">uppdrag</typ>
<from datatype="datetime">2003-01-01</from>
<tom datatype="datetime">2006-10-02</tom>
<uppgift datatype="string">Näringsutskottet</uppgift>
<intressent_id datatype="string">0244345953026</intressent_id>
<hangar_id datatype="int32">2343572</hangar_id>
<sortering datatype="int32">50</sortering>
<organ_sortering datatype="int32">150</organ_sortering>
<uppdrag_rollsortering datatype="string">90</uppdrag_rollsortering>
<uppdrag_statussortering datatype="string">90</uppdrag_statussortering>
</uppdrag>
<uppdrag>
<organ_kod datatype="string">SoU</organ_kod>
<roll_kod datatype="string">Suppleant</roll_kod>
<ordningsnummer datatype="int32">0</ordningsnummer>
<status datatype="string"></status>
<typ datatype="string">uppdrag</typ>
<from datatype="datetime">2002-10-08</from>
<tom datatype="datetime">2002-12-31</tom>
<uppgift datatype="string">Socialutskottet</uppgift>
<intressent_id datatype="string">0244345953026</intressent_id>
<hangar_id datatype="int32">2343572</hangar_id>
<sortering datatype="int32">50</sortering>
<organ_sortering datatype="int32">150</organ_sortering>
<uppdrag_rollsortering datatype="string">90</uppdrag_rollsortering>
<uppdrag_statussortering datatype="string">90</uppdrag_statussortering>
</uppdrag>
<uppdrag>
<organ_kod datatype="string">UbU</organ_kod>
<roll_kod datatype="string">Ledamot</roll_kod>
<ordningsnummer datatype="int32">0</ordningsnummer>
<status datatype="string"></status>
<typ datatype="string">uppdrag</typ>
<from datatype="datetime">2006-10-10</from>
<tom datatype="datetime">2006-11-08</tom>
<uppgift datatype="string">Utbildningsutskottet</uppgift>
<intressent_id datatype="string">0244345953026</intressent_id>
<hangar_id datatype="int32">2343572</hangar_id>
<sortering datatype="int32">30</sortering>
<organ_sortering datatype="int32">150</organ_sortering>
<uppdrag_rollsortering datatype="string">90</uppdrag_rollsortering>
<uppdrag_statussortering datatype="string">90</uppdrag_statussortering>
</uppdrag>
<uppdrag>
<organ_kod datatype="string">UbU</organ_kod>
<roll_kod datatype="string">Ledamot</roll_kod>
<ordningsnummer datatype="int32">0</ordningsnummer>
<status datatype="string"></status>
<typ datatype="string">uppdrag</typ>
<from datatype="datetime">2005-04-06</from>
<tom datatype="datetime">2006-10-02</tom>
<uppgift datatype="string">Utbildningsutskottet</uppgift>
<intressent_id datatype="string">0244345953026</intressent_id>
<hangar_id datatype="int32">2343572</hangar_id>
<sortering datatype="int32">30</sortering>
<organ_sortering datatype="int32">150</organ_sortering>
<uppdrag_rollsortering datatype="string">90</uppdrag_rollsortering>
<uppdrag_statussortering datatype="string">90</uppdrag_statussortering>
</uppdrag>
<uppdrag>
<organ_kod datatype="string">BoU</organ_kod>
<roll_kod datatype="string">Ledamot</roll_kod>
<ordningsnummer datatype="int32">0</ordningsnummer>
<status datatype="string"></status>
<typ datatype="string">uppdrag</typ>
<from datatype="datetime">2002-10-08</from>
<tom datatype="datetime">2005-04-05</tom>
<uppgift datatype="string">Bostadsutskottet</uppgift>
<intressent_id datatype="string">0244345953026</intressent_id>
<hangar_id datatype="int32">2343572</hangar_id>
<sortering datatype="int32">30</sortering>
<organ_sortering datatype="int32">165</organ_sortering>
<uppdrag_rollsortering datatype="string">90</uppdrag_rollsortering>
<uppdrag_statussortering datatype="string">90</uppdrag_statussortering>
</uppdrag>
</personuppdrag>
<personuppgift>
<uppgift>
<kod datatype="string">sv</kod>
<uppgift datatype="string">kommunikationskonsult</uppgift>
<typ datatype="string">titlar</typ>
<intressent_id datatype="string">0244345953026</intressent_id>
<hangar_id datatype="int32">2343572</hangar_id>
</uppgift>
<uppgift>
<kod datatype="string">en</kod>
<uppgift datatype="string">Communications Consultant</uppgift>
<typ datatype="string">titlar</typ>
<intressent_id datatype="string">0244345953026</intressent_id>
<hangar_id datatype="int32">2343572</hangar_id>
</uppgift>
</personuppgift>
</person>
