<?xml version="1.0" encoding="utf-8" ?>
<person>
<hangar_guid datatype="guid">6bbe69ba-9e4c-4ab0-a363-bd5e7262a267</hangar_guid>
<sourceid datatype="string">e0232c72-bb6d-46fb-b81d-d8ba83a43199</sourceid>
<intressent_id datatype="string">0188650698006</intressent_id>
<hangar_id datatype="int32">2341967</hangar_id>
<fodd_ar datatype="int16">1937</fodd_ar>
<kon datatype="string">kvinna</kon>
<efternamn datatype="string">Dannaeus</efternamn>
<tilltalsnamn datatype="string">Siri</tilltalsnamn>
<sorteringsnamn datatype="string">Dannaeus,Siri</sorteringsnamn>
<iort datatype="string"></iort>
<parti datatype="string">FP</parti>
<valkrets datatype="string"></valkrets>
<status datatype="string">Tidigare riksdagsledamot</status>
<person_url_xml datatype="string">http://data.riksdagen.se/person/e0232c72-bb6d-46fb-b81d-d8ba83a43199</person_url_xml>
<bild_url_80 datatype="string">http://data.riksdagen.se/filarkiv/bilder/ledamot/e0232c72-bb6d-46fb-b81d-d8ba83a43199_80.jpg</bild_url_80>
<bild_url_192 datatype="string">http://data.riksdagen.se/filarkiv/bilder/ledamot/e0232c72-bb6d-46fb-b81d-d8ba83a43199_192.jpg</bild_url_192>
<bild_url_max datatype="string">http://data.riksdagen.se/filarkiv/bilder/ledamot/e0232c72-bb6d-46fb-b81d-d8ba83a43199_max.jpg</bild_url_max>
<personuppdrag>
<uppdrag>
<organ_kod datatype="string">kam</organ_kod>
<roll_kod datatype="string">Riksdagsledamot</roll_kod>
<ordningsnummer datatype="int32">82</ordningsnummer>
<status datatype="string">Tjänstgörande</status>
<typ datatype="string">kammaruppdrag</typ>
<from datatype="datetime">1996-02-26</from>
<tom datatype="datetime">1998-10-05</tom>
<uppgift datatype="string"></uppgift>
<intressent_id datatype="string">0188650698006</intressent_id>
<hangar_id datatype="int32">2341967</hangar_id>
<sortering datatype="int32">10</sortering>
<organ_sortering datatype="int32">10</organ_sortering>
<uppdrag_rollsortering datatype="string">60</uppdrag_rollsortering>
<uppdrag_statussortering datatype="string">10</uppdrag_statussortering>
</uppdrag>
<uppdrag>
<organ_kod datatype="string">AU</organ_kod>
<roll_kod datatype="string">Suppleant</roll_kod>
<ordningsnummer datatype="int32">0</ordningsnummer>
<status datatype="string"></status>
<typ datatype="string">uppdrag</typ>
<from datatype="datetime">1996-03-27</from>
<tom datatype="datetime">1998-10-04</tom>
<uppgift datatype="string">Arbetsmarknadsutskottet</uppgift>
<intressent_id datatype="string">0188650698006</intressent_id>
<hangar_id datatype="int32">2341967</hangar_id>
<sortering datatype="int32">50</sortering>
<organ_sortering datatype="int32">150</organ_sortering>
<uppdrag_rollsortering datatype="string">90</uppdrag_rollsortering>
<uppdrag_statussortering datatype="string">90</uppdrag_statussortering>
</uppdrag>
<uppdrag>
<organ_kod datatype="string">UbU</organ_kod>
<roll_kod datatype="string">Suppleant</roll_kod>
<ordningsnummer datatype="int32">0</ordningsnummer>
<status datatype="string"></status>
<typ datatype="string">uppdrag</typ>
<from datatype="datetime">1996-03-27</from>
<tom datatype="datetime">1998-10-04</tom>
<uppgift datatype="string">Utbildningsutskottet</uppgift>
<intressent_id datatype="string">0188650698006</intressent_id>
<hangar_id datatype="int32">2341967</hangar_id>
<sortering datatype="int32">50</sortering>
<organ_sortering datatype="int32">150</organ_sortering>
<uppdrag_rollsortering datatype="string">90</uppdrag_rollsortering>
<uppdrag_statussortering datatype="string">90</uppdrag_statussortering>
</uppdrag>
</personuppdrag>
<personuppgift>
<uppgift>
<kod datatype="string">sv</kod>
<uppgift datatype="string">lärare</uppgift>
<typ datatype="string">titlar</typ>
<intressent_id datatype="string">0188650698006</intressent_id>
<hangar_id datatype="int32">2341967</hangar_id>
</uppgift>
<uppgift>
<kod datatype="string">en</kod>
<uppgift datatype="string"></uppgift>
<typ datatype="string">titlar</typ>
<intressent_id datatype="string">0188650698006</intressent_id>
<hangar_id datatype="int32">2341967</hangar_id>
</uppgift>
</personuppgift>
</person>
