<?xml version="1.0" encoding="utf-8" ?>
<person>
<hangar_guid datatype="guid">dfb8015a-4c86-4bb5-adc4-a9f60d93c50f</hangar_guid>
<sourceid datatype="string">ac6b34a6-570e-429f-b056-daedb4b814e7</sourceid>
<intressent_id datatype="string">0691468495629</intressent_id>
<hangar_id datatype="int32">2343713</hangar_id>
<fodd_ar datatype="int16">1982</fodd_ar>
<kon datatype="string">man</kon>
<efternamn datatype="string">Darvik</efternamn>
<tilltalsnamn datatype="string">Axel</tilltalsnamn>
<sorteringsnamn datatype="string">Darvik,Axel</sorteringsnamn>
<iort datatype="string"></iort>
<parti datatype="string">FP</parti>
<valkrets datatype="string">Göteborgs kommun</valkrets>
<status datatype="string">Tidigare riksdagsledamot</status>
<person_url_xml datatype="string">http://data.riksdagen.se/person/ac6b34a6-570e-429f-b056-daedb4b814e7</person_url_xml>
<bild_url_80 datatype="string">http://data.riksdagen.se/filarkiv/bilder/ledamot/ac6b34a6-570e-429f-b056-daedb4b814e7_80.jpg</bild_url_80>
<bild_url_192 datatype="string">http://data.riksdagen.se/filarkiv/bilder/ledamot/ac6b34a6-570e-429f-b056-daedb4b814e7_192.jpg</bild_url_192>
<bild_url_max datatype="string">http://data.riksdagen.se/filarkiv/bilder/ledamot/ac6b34a6-570e-429f-b056-daedb4b814e7_max.jpg</bild_url_max>
<personuppdrag>
<uppdrag>
<organ_kod datatype="string">kam</organ_kod>
<roll_kod datatype="string">Riksdagsledamot</roll_kod>
<ordningsnummer datatype="int32">218</ordningsnummer>
<status datatype="string">Tjänstgörande</status>
<typ datatype="string">kammaruppdrag</typ>
<from datatype="datetime">2002-09-30</from>
<tom datatype="datetime">2006-10-02</tom>
<uppgift datatype="string"></uppgift>
<intressent_id datatype="string">0691468495629</intressent_id>
<hangar_id datatype="int32">2343713</hangar_id>
<sortering datatype="int32">10</sortering>
<organ_sortering datatype="int32">10</organ_sortering>
<uppdrag_rollsortering datatype="string">60</uppdrag_rollsortering>
<uppdrag_statussortering datatype="string">10</uppdrag_statussortering>
</uppdrag>
<uppdrag>
<organ_kod datatype="string">KrU</organ_kod>
<roll_kod datatype="string">Suppleant</roll_kod>
<ordningsnummer datatype="int32">0</ordningsnummer>
<status datatype="string"></status>
<typ datatype="string">uppdrag</typ>
<from datatype="datetime">2002-10-15</from>
<tom datatype="datetime">2006-10-02</tom>
<uppgift datatype="string">Kulturutskottet</uppgift>
<intressent_id datatype="string">0691468495629</intressent_id>
<hangar_id datatype="int32">2343713</hangar_id>
<sortering datatype="int32">50</sortering>
<organ_sortering datatype="int32">150</organ_sortering>
<uppdrag_rollsortering datatype="string">90</uppdrag_rollsortering>
<uppdrag_statussortering datatype="string">90</uppdrag_statussortering>
</uppdrag>
<uppdrag>
<organ_kod datatype="string">UbU</organ_kod>
<roll_kod datatype="string">Suppleant</roll_kod>
<ordningsnummer datatype="int32">0</ordningsnummer>
<status datatype="string"></status>
<typ datatype="string">uppdrag</typ>
<from datatype="datetime">2002-10-08</from>
<tom datatype="datetime">2006-10-02</tom>
<uppgift datatype="string">Utbildningsutskottet</uppgift>
<intressent_id datatype="string">0691468495629</intressent_id>
<hangar_id datatype="int32">2343713</hangar_id>
<sortering datatype="int32">50</sortering>
<organ_sortering datatype="int32">150</organ_sortering>
<uppdrag_rollsortering datatype="string">90</uppdrag_rollsortering>
<uppdrag_statussortering datatype="string">90</uppdrag_statussortering>
</uppdrag>
<uppdrag>
<organ_kod datatype="string">BoU</organ_kod>
<roll_kod datatype="string">Suppleant</roll_kod>
<ordningsnummer datatype="int32">0</ordningsnummer>
<status datatype="string"></status>
<typ datatype="string">uppdrag</typ>
<from datatype="datetime">2004-09-14</from>
<tom datatype="datetime">2006-10-02</tom>
<uppgift datatype="string">Bostadsutskottet</uppgift>
<intressent_id datatype="string">0691468495629</intressent_id>
<hangar_id datatype="int32">2343713</hangar_id>
<sortering datatype="int32">50</sortering>
<organ_sortering datatype="int32">165</organ_sortering>
<uppdrag_rollsortering datatype="string">90</uppdrag_rollsortering>
<uppdrag_statussortering datatype="string">90</uppdrag_statussortering>
</uppdrag>
</personuppdrag>
<personuppgift>
<uppgift>
<kod datatype="string">sv</kod>
<uppgift datatype="string">teknolog</uppgift>
<typ datatype="string">titlar</typ>
<intressent_id datatype="string">0691468495629</intressent_id>
<hangar_id datatype="int32">2343713</hangar_id>
</uppgift>
<uppgift>
<kod datatype="string">en</kod>
<uppgift datatype="string">Technology Student</uppgift>
<typ datatype="string">titlar</typ>
<intressent_id datatype="string">0691468495629</intressent_id>
<hangar_id datatype="int32">2343713</hangar_id>
</uppgift>
</personuppgift>
</person>
