<?xml version="1.0" encoding="utf-8" ?>
<person>
<hangar_guid datatype="guid">1e81ce35-de79-4ffb-a90e-695bc3c2f9e2</hangar_guid>
<sourceid datatype="string">80e64711-52b4-4f3d-a112-02c289f8d5bc</sourceid>
<intressent_id datatype="string">0708340640717</intressent_id>
<hangar_id datatype="int32">2343188</hangar_id>
<fodd_ar datatype="int16">1962</fodd_ar>
<kon datatype="string">kvinna</kon>
<efternamn datatype="string">Domeij</efternamn>
<tilltalsnamn datatype="string">Åsa</tilltalsnamn>
<sorteringsnamn datatype="string">Domeij,Åsa</sorteringsnamn>
<iort datatype="string"></iort>
<parti datatype="string">MP</parti>
<valkrets datatype="string">Uppsala län</valkrets>
<status datatype="string">Tidigare riksdagsledamot</status>
<person_url_xml datatype="string">http://data.riksdagen.se/person/80e64711-52b4-4f3d-a112-02c289f8d5bc</person_url_xml>
<bild_url_80 datatype="string">http://data.riksdagen.se/filarkiv/bilder/ledamot/80e64711-52b4-4f3d-a112-02c289f8d5bc_80.jpg</bild_url_80>
<bild_url_192 datatype="string">http://data.riksdagen.se/filarkiv/bilder/ledamot/80e64711-52b4-4f3d-a112-02c289f8d5bc_192.jpg</bild_url_192>
<bild_url_max datatype="string">http://data.riksdagen.se/filarkiv/bilder/ledamot/80e64711-52b4-4f3d-a112-02c289f8d5bc_max.jpg</bild_url_max>
<personuppdrag>
<uppdrag>
<organ_kod datatype="string">kam</organ_kod>
<roll_kod datatype="string">Riksdagsledamot</roll_kod>
<ordningsnummer datatype="int32">77</ordningsnummer>
<status datatype="string">Tjänstgörande</status>
<typ datatype="string">kammaruppdrag</typ>
<from datatype="datetime">2002-09-30</from>
<tom datatype="datetime">2006-10-02</tom>
<uppgift datatype="string"></uppgift>
<intressent_id datatype="string">0708340640717</intressent_id>
<hangar_id datatype="int32">2343188</hangar_id>
<sortering datatype="int32">10</sortering>
<organ_sortering datatype="int32">10</organ_sortering>
<uppdrag_rollsortering datatype="string">60</uppdrag_rollsortering>
<uppdrag_statussortering datatype="string">10</uppdrag_statussortering>
</uppdrag>
<uppdrag>
<organ_kod datatype="string">kam</organ_kod>
<roll_kod datatype="string">Riksdagsledamot</roll_kod>
<ordningsnummer datatype="int32">29</ordningsnummer>
<status datatype="string">Tjänstgörande</status>
<typ datatype="string">kammaruppdrag</typ>
<from datatype="datetime">1988-10-03</from>
<tom datatype="datetime">1991-09-30</tom>
<uppgift datatype="string"></uppgift>
<intressent_id datatype="string">0708340640717</intressent_id>
<hangar_id datatype="int32">2343188</hangar_id>
<sortering datatype="int32">10</sortering>
<organ_sortering datatype="int32">10</organ_sortering>
<uppdrag_rollsortering datatype="string">60</uppdrag_rollsortering>
<uppdrag_statussortering datatype="string">10</uppdrag_statussortering>
</uppdrag>
<uppdrag>
<organ_kod datatype="string">FöU</organ_kod>
<roll_kod datatype="string">Suppleant</roll_kod>
<ordningsnummer datatype="int32">0</ordningsnummer>
<status datatype="string"></status>
<typ datatype="string">uppdrag</typ>
<from datatype="datetime">2004-01-30</from>
<tom datatype="datetime">2006-10-02</tom>
<uppgift datatype="string">Försvarsutskottet</uppgift>
<intressent_id datatype="string">0708340640717</intressent_id>
<hangar_id datatype="int32">2343188</hangar_id>
<sortering datatype="int32">50</sortering>
<organ_sortering datatype="int32">150</organ_sortering>
<uppdrag_rollsortering datatype="string">90</uppdrag_rollsortering>
<uppdrag_statussortering datatype="string">90</uppdrag_statussortering>
</uppdrag>
<uppdrag>
<organ_kod datatype="string">MJU</organ_kod>
<roll_kod datatype="string">Förste vice ordförande</roll_kod>
<ordningsnummer datatype="int32">0</ordningsnummer>
<status datatype="string"></status>
<typ datatype="string">uppdrag</typ>
<from datatype="datetime">2002-10-08</from>
<tom datatype="datetime">2006-10-02</tom>
<uppgift datatype="string">Miljö- och jordbruksutskottet</uppgift>
<intressent_id datatype="string">0708340640717</intressent_id>
<hangar_id datatype="int32">2343188</hangar_id>
<sortering datatype="int32">15</sortering>
<organ_sortering datatype="int32">150</organ_sortering>
<uppdrag_rollsortering datatype="string">90</uppdrag_rollsortering>
<uppdrag_statussortering datatype="string">90</uppdrag_statussortering>
</uppdrag>
<uppdrag>
<organ_kod datatype="string">MJU</organ_kod>
<roll_kod datatype="string">Suppleant</roll_kod>
<ordningsnummer datatype="int32">0</ordningsnummer>
<status datatype="string"></status>
<typ datatype="string">uppdrag</typ>
<from datatype="datetime">1990-10-04</from>
<tom datatype="datetime">1991-09-29</tom>
<uppgift datatype="string">Miljö- och jordbruksutskottet</uppgift>
<intressent_id datatype="string">0708340640717</intressent_id>
<hangar_id datatype="int32">2343188</hangar_id>
<sortering datatype="int32">50</sortering>
<organ_sortering datatype="int32">150</organ_sortering>
<uppdrag_rollsortering datatype="string">90</uppdrag_rollsortering>
<uppdrag_statussortering datatype="string">90</uppdrag_statussortering>
</uppdrag>
<uppdrag>
<organ_kod datatype="string">MJU</organ_kod>
<roll_kod datatype="string">Ledamot</roll_kod>
<ordningsnummer datatype="int32">0</ordningsnummer>
<status datatype="string"></status>
<typ datatype="string">uppdrag</typ>
<from datatype="datetime">1988-10-11</from>
<tom datatype="datetime">1990-10-03</tom>
<uppgift datatype="string">Miljö- och jordbruksutskottet</uppgift>
<intressent_id datatype="string">0708340640717</intressent_id>
<hangar_id datatype="int32">2343188</hangar_id>
<sortering datatype="int32">30</sortering>
<organ_sortering datatype="int32">150</organ_sortering>
<uppdrag_rollsortering datatype="string">90</uppdrag_rollsortering>
<uppdrag_statussortering datatype="string">90</uppdrag_statussortering>
</uppdrag>
<uppdrag>
<organ_kod datatype="string">SfU</organ_kod>
<roll_kod datatype="string">Suppleant</roll_kod>
<ordningsnummer datatype="int32">0</ordningsnummer>
<status datatype="string"></status>
<typ datatype="string">uppdrag</typ>
<from datatype="datetime">2002-10-15</from>
<tom datatype="datetime">2004-01-30</tom>
<uppgift datatype="string">Socialförsäkringsutskottet</uppgift>
<intressent_id datatype="string">0708340640717</intressent_id>
<hangar_id datatype="int32">2343188</hangar_id>
<sortering datatype="int32">50</sortering>
<organ_sortering datatype="int32">150</organ_sortering>
<uppdrag_rollsortering datatype="string">90</uppdrag_rollsortering>
<uppdrag_statussortering datatype="string">90</uppdrag_statussortering>
</uppdrag>
<uppdrag>
<organ_kod datatype="string">SkU</organ_kod>
<roll_kod datatype="string">Suppleant</roll_kod>
<ordningsnummer datatype="int32">0</ordningsnummer>
<status datatype="string"></status>
<typ datatype="string">uppdrag</typ>
<from datatype="datetime">2002-10-08</from>
<tom datatype="datetime">2006-10-02</tom>
<uppgift datatype="string">Skatteutskottet</uppgift>
<intressent_id datatype="string">0708340640717</intressent_id>
<hangar_id datatype="int32">2343188</hangar_id>
<sortering datatype="int32">50</sortering>
<organ_sortering datatype="int32">150</organ_sortering>
<uppdrag_rollsortering datatype="string">90</uppdrag_rollsortering>
<uppdrag_statussortering datatype="string">90</uppdrag_statussortering>
</uppdrag>
<uppdrag>
<organ_kod datatype="string">SkU</organ_kod>
<roll_kod datatype="string">Suppleant</roll_kod>
<ordningsnummer datatype="int32">0</ordningsnummer>
<status datatype="string"></status>
<typ datatype="string">uppdrag</typ>
<from datatype="datetime">1988-10-11</from>
<tom datatype="datetime">1991-09-29</tom>
<uppgift datatype="string">Skatteutskottet</uppgift>
<intressent_id datatype="string">0708340640717</intressent_id>
<hangar_id datatype="int32">2343188</hangar_id>
<sortering datatype="int32">50</sortering>
<organ_sortering datatype="int32">150</organ_sortering>
<uppdrag_rollsortering datatype="string">90</uppdrag_rollsortering>
<uppdrag_statussortering datatype="string">90</uppdrag_statussortering>
</uppdrag>
<uppdrag>
<organ_kod datatype="string">TU</organ_kod>
<roll_kod datatype="string">Suppleant</roll_kod>
<ordningsnummer datatype="int32">0</ordningsnummer>
<status datatype="string"></status>
<typ datatype="string">uppdrag</typ>
<from datatype="datetime">1990-10-03</from>
<tom datatype="datetime">1991-09-29</tom>
<uppgift datatype="string">Trafikutskottet</uppgift>
<intressent_id datatype="string">0708340640717</intressent_id>
<hangar_id datatype="int32">2343188</hangar_id>
<sortering datatype="int32">50</sortering>
<organ_sortering datatype="int32">150</organ_sortering>
<uppdrag_rollsortering datatype="string">90</uppdrag_rollsortering>
<uppdrag_statussortering datatype="string">90</uppdrag_statussortering>
</uppdrag>
</personuppdrag>
<personuppgift>
<uppgift>
<kod datatype="string">sv</kod>
<uppgift datatype="string">agronom</uppgift>
<typ datatype="string">titlar</typ>
<intressent_id datatype="string">0708340640717</intressent_id>
<hangar_id datatype="int32">2343188</hangar_id>
</uppgift>
<uppgift>
<kod datatype="string">en</kod>
<uppgift datatype="string">Agriculturalist</uppgift>
<typ datatype="string">titlar</typ>
<intressent_id datatype="string">0708340640717</intressent_id>
<hangar_id datatype="int32">2343188</hangar_id>
</uppgift>
</personuppgift>
</person>
