<?xml version="1.0" encoding="utf-8" ?>
<person>
<hangar_guid datatype="guid">41446585-225c-4ddb-8a61-bb68ae999395</hangar_guid>
<sourceid datatype="string">d7c32856-83e4-11d4-ae60-0050040c9b55</sourceid>
<intressent_id datatype="string">0975144579503</intressent_id>
<hangar_id datatype="int32">2342558</hangar_id>
<fodd_ar datatype="int16">1949</fodd_ar>
<kon datatype="string">kvinna</kon>
<efternamn datatype="string">Dunker</efternamn>
<tilltalsnamn datatype="string">Anne-Katrine</tilltalsnamn>
<sorteringsnamn datatype="string">Dunker,Anne-Katrine</sorteringsnamn>
<iort datatype="string"></iort>
<parti datatype="string">M</parti>
<valkrets datatype="string">Gävleborgs län</valkrets>
<status datatype="string">Tidigare riksdagsledamot</status>
<person_url_xml datatype="string">http://data.riksdagen.se/person/d7c32856-83e4-11d4-ae60-0050040c9b55</person_url_xml>
<bild_url_80 datatype="string">http://data.riksdagen.se/filarkiv/bilder/ledamot/d7c32856-83e4-11d4-ae60-0050040c9b55_80.jpg</bild_url_80>
<bild_url_192 datatype="string">http://data.riksdagen.se/filarkiv/bilder/ledamot/d7c32856-83e4-11d4-ae60-0050040c9b55_192.jpg</bild_url_192>
<bild_url_max datatype="string">http://data.riksdagen.se/filarkiv/bilder/ledamot/d7c32856-83e4-11d4-ae60-0050040c9b55_max.jpg</bild_url_max>
<personuppdrag>
<uppdrag>
<organ_kod datatype="string">kam</organ_kod>
<roll_kod datatype="string">Riksdagsledamot</roll_kod>
<ordningsnummer datatype="int32">311</ordningsnummer>
<status datatype="string">Tjänstgörande</status>
<typ datatype="string">kammaruppdrag</typ>
<from datatype="datetime">1998-10-05</from>
<tom datatype="datetime">2002-09-30</tom>
<uppgift datatype="string"></uppgift>
<intressent_id datatype="string">0975144579503</intressent_id>
<hangar_id datatype="int32">2342558</hangar_id>
<sortering datatype="int32">10</sortering>
<organ_sortering datatype="int32">10</organ_sortering>
<uppdrag_rollsortering datatype="string">60</uppdrag_rollsortering>
<uppdrag_statussortering datatype="string">10</uppdrag_statussortering>
</uppdrag>
<uppdrag>
<organ_kod datatype="string">RB</organ_kod>
<roll_kod datatype="string">Suppleant</roll_kod>
<ordningsnummer datatype="int32">2</ordningsnummer>
<status datatype="string"></status>
<typ datatype="string">Riksdagsorgan</typ>
<from datatype="datetime">2006-12-21</from>
<tom datatype="datetime">2010-10-19</tom>
<uppgift datatype="string">Riksbanksfullmäktige</uppgift>
<intressent_id datatype="string">0975144579503</intressent_id>
<hangar_id datatype="int32">2342558</hangar_id>
<sortering datatype="int32">50</sortering>
<organ_sortering datatype="int32">300</organ_sortering>
<uppdrag_rollsortering datatype="string">90</uppdrag_rollsortering>
<uppdrag_statussortering datatype="string">90</uppdrag_statussortering>
</uppdrag>
<uppdrag>
<organ_kod datatype="string">KrU</organ_kod>
<roll_kod datatype="string">Suppleant</roll_kod>
<ordningsnummer datatype="int32">0</ordningsnummer>
<status datatype="string"></status>
<typ datatype="string">uppdrag</typ>
<from datatype="datetime">1998-10-13</from>
<tom datatype="datetime">2002-09-30</tom>
<uppgift datatype="string">Kulturutskottet</uppgift>
<intressent_id datatype="string">0975144579503</intressent_id>
<hangar_id datatype="int32">2342558</hangar_id>
<sortering datatype="int32">50</sortering>
<organ_sortering datatype="int32">150</organ_sortering>
<uppdrag_rollsortering datatype="string">90</uppdrag_rollsortering>
<uppdrag_statussortering datatype="string">90</uppdrag_statussortering>
</uppdrag>
<uppdrag>
<organ_kod datatype="string">MJU</organ_kod>
<roll_kod datatype="string">Suppleant</roll_kod>
<ordningsnummer datatype="int32">0</ordningsnummer>
<status datatype="string"></status>
<typ datatype="string">uppdrag</typ>
<from datatype="datetime">2002-03-22</from>
<tom datatype="datetime">2002-09-29</tom>
<uppgift datatype="string">Miljö- och jordbruksutskottet</uppgift>
<intressent_id datatype="string">0975144579503</intressent_id>
<hangar_id datatype="int32">2342558</hangar_id>
<sortering datatype="int32">50</sortering>
<organ_sortering datatype="int32">150</organ_sortering>
<uppdrag_rollsortering datatype="string">90</uppdrag_rollsortering>
<uppdrag_statussortering datatype="string">90</uppdrag_statussortering>
</uppdrag>
<uppdrag>
<organ_kod datatype="string">LU</organ_kod>
<roll_kod datatype="string">Suppleant</roll_kod>
<ordningsnummer datatype="int32">0</ordningsnummer>
<status datatype="string"></status>
<typ datatype="string">uppdrag</typ>
<from datatype="datetime">1998-10-13</from>
<tom datatype="datetime">2002-09-30</tom>
<uppgift datatype="string">Lagutskottet</uppgift>
<intressent_id datatype="string">0975144579503</intressent_id>
<hangar_id datatype="int32">2342558</hangar_id>
<sortering datatype="int32">50</sortering>
<organ_sortering datatype="int32">165</organ_sortering>
<uppdrag_rollsortering datatype="string">90</uppdrag_rollsortering>
<uppdrag_statussortering datatype="string">90</uppdrag_statussortering>
</uppdrag>
<uppdrag>
<organ_kod datatype="string">LU</organ_kod>
<roll_kod datatype="string">Suppleant</roll_kod>
<ordningsnummer datatype="int32">0</ordningsnummer>
<status datatype="string"></status>
<typ datatype="string">uppdrag</typ>
<from datatype="datetime">1998-10-13</from>
<tom datatype="datetime">2002-01-01</tom>
<uppgift datatype="string">Lagutskottet</uppgift>
<intressent_id datatype="string">0975144579503</intressent_id>
<hangar_id datatype="int32">2342558</hangar_id>
<sortering datatype="int32">50</sortering>
<organ_sortering datatype="int32">165</organ_sortering>
<uppdrag_rollsortering datatype="string">90</uppdrag_rollsortering>
<uppdrag_statussortering datatype="string">90</uppdrag_statussortering>
</uppdrag>
</personuppdrag>
<personuppgift>
<uppgift>
<kod datatype="string">sv</kod>
<uppgift datatype="string">företagare</uppgift>
<typ datatype="string">titlar</typ>
<intressent_id datatype="string">0975144579503</intressent_id>
<hangar_id datatype="int32">2342558</hangar_id>
</uppgift>
<uppgift>
<kod datatype="string">en</kod>
<uppgift datatype="string">Businesswoman</uppgift>
<typ datatype="string">titlar</typ>
<intressent_id datatype="string">0975144579503</intressent_id>
<hangar_id datatype="int32">2342558</hangar_id>
</uppgift>
</personuppgift>
</person>
