<?xml version="1.0" encoding="utf-8" ?>
<person>
<hangar_guid datatype="guid">9711ee66-c9d2-4d55-b27c-3f3f5052e281</hangar_guid>
<sourceid datatype="string">d1a413e9-aa6b-4b2f-96b3-8f891155924f</sourceid>
<intressent_id datatype="string">025211285108</intressent_id>
<hangar_id datatype="int32">2342084</hangar_id>
<fodd_ar datatype="int16">1940</fodd_ar>
<kon datatype="string">kvinna</kon>
<efternamn datatype="string">Duvskog</efternamn>
<tilltalsnamn datatype="string">Ethel</tilltalsnamn>
<sorteringsnamn datatype="string">Duvskog,Ethel</sorteringsnamn>
<iort datatype="string"></iort>
<parti datatype="string">S</parti>
<valkrets datatype="string"></valkrets>
<status datatype="string">Tidigare ersättare</status>
<person_url_xml datatype="string">http://data.riksdagen.se/person/d1a413e9-aa6b-4b2f-96b3-8f891155924f</person_url_xml>
<bild_url_80 datatype="string">http://data.riksdagen.se/filarkiv/bilder/ledamot/d1a413e9-aa6b-4b2f-96b3-8f891155924f_80.jpg</bild_url_80>
<bild_url_192 datatype="string">http://data.riksdagen.se/filarkiv/bilder/ledamot/d1a413e9-aa6b-4b2f-96b3-8f891155924f_192.jpg</bild_url_192>
<bild_url_max datatype="string">http://data.riksdagen.se/filarkiv/bilder/ledamot/d1a413e9-aa6b-4b2f-96b3-8f891155924f_max.jpg</bild_url_max>
<personuppdrag>
<uppdrag>
<organ_kod datatype="string">kam</organ_kod>
<roll_kod datatype="string">Ersättare</roll_kod>
<ordningsnummer datatype="int32">135</ordningsnummer>
<status datatype="string">Ersättare</status>
<typ datatype="string">kammaruppdrag</typ>
<from datatype="datetime">1988-10-03</from>
<tom datatype="datetime">1988-10-04</tom>
<uppgift datatype="string">Hans Gustafsson</uppgift>
<intressent_id datatype="string">025211285108</intressent_id>
<hangar_id datatype="int32">2342084</hangar_id>
<sortering datatype="int32">45</sortering>
<organ_sortering datatype="int32">10</organ_sortering>
<uppdrag_rollsortering datatype="string">60</uppdrag_rollsortering>
<uppdrag_statussortering datatype="string">20</uppdrag_statussortering>
</uppdrag>
</personuppdrag>
<personuppgift>
</personuppgift>
</person>
