<?xml version="1.0" encoding="utf-8" ?>
<person>
<hangar_guid datatype="guid">5f85cc1d-5a65-4e1a-a836-d36c3bac7c27</hangar_guid>
<sourceid datatype="string">55825680-b776-4622-9b18-eb0a0d88e7ac</sourceid>
<intressent_id datatype="string">0432998314415</intressent_id>
<hangar_id datatype="int32">2369681</hangar_id>
<fodd_ar datatype="int16">1956</fodd_ar>
<kon datatype="string">kvinna</kon>
<efternamn datatype="string">Duàn</efternamn>
<tilltalsnamn datatype="string">Annika</tilltalsnamn>
<sorteringsnamn datatype="string">Duàn,Annika</sorteringsnamn>
<iort datatype="string"></iort>
<parti datatype="string">S</parti>
<valkrets datatype="string">Västmanlands län</valkrets>
<status datatype="string">Tidigare ersättare</status>
<person_url_xml datatype="string">http://data.riksdagen.se/person/55825680-b776-4622-9b18-eb0a0d88e7ac</person_url_xml>
<bild_url_80 datatype="string">http://data.riksdagen.se/filarkiv/bilder/ledamot/55825680-b776-4622-9b18-eb0a0d88e7ac_80.jpg</bild_url_80>
<bild_url_192 datatype="string">http://data.riksdagen.se/filarkiv/bilder/ledamot/55825680-b776-4622-9b18-eb0a0d88e7ac_192.jpg</bild_url_192>
<bild_url_max datatype="string">http://data.riksdagen.se/filarkiv/bilder/ledamot/55825680-b776-4622-9b18-eb0a0d88e7ac_max.jpg</bild_url_max>
<personuppdrag>
<uppdrag>
<organ_kod datatype="string">kam</organ_kod>
<roll_kod datatype="string">Ersättare</roll_kod>
<ordningsnummer datatype="int32">307</ordningsnummer>
<status datatype="string">Ersättare</status>
<typ datatype="string">kammaruppdrag</typ>
<from datatype="datetime">2013-01-15</from>
<tom datatype="datetime">2013-06-10</tom>
<uppgift datatype="string">Anna Wallén</uppgift>
<intressent_id datatype="string">0432998314415</intressent_id>
<hangar_id datatype="int32">2369681</hangar_id>
<sortering datatype="int32">45</sortering>
<organ_sortering datatype="int32">10</organ_sortering>
<uppdrag_rollsortering datatype="string">60</uppdrag_rollsortering>
<uppdrag_statussortering datatype="string">20</uppdrag_statussortering>
</uppdrag>
<uppdrag>
<organ_kod datatype="string">JuU</organ_kod>
<roll_kod datatype="string">Extra suppleant</roll_kod>
<ordningsnummer datatype="int32">0</ordningsnummer>
<status datatype="string"></status>
<typ datatype="string">uppdrag</typ>
<from datatype="datetime">2013-01-15</from>
<tom datatype="datetime">2013-06-10</tom>
<uppgift datatype="string">Justitieutskottet</uppgift>
<intressent_id datatype="string">0432998314415</intressent_id>
<hangar_id datatype="int32">2369681</hangar_id>
<sortering datatype="int32">55</sortering>
<organ_sortering datatype="int32">150</organ_sortering>
<uppdrag_rollsortering datatype="string">90</uppdrag_rollsortering>
<uppdrag_statussortering datatype="string">90</uppdrag_statussortering>
</uppdrag>
<uppdrag>
<organ_kod datatype="string">MJU</organ_kod>
<roll_kod datatype="string">Extra suppleant</roll_kod>
<ordningsnummer datatype="int32">0</ordningsnummer>
<status datatype="string"></status>
<typ datatype="string">uppdrag</typ>
<from datatype="datetime">2013-01-15</from>
<tom datatype="datetime">2013-06-10</tom>
<uppgift datatype="string">Miljö- och jordbruksutskottet</uppgift>
<intressent_id datatype="string">0432998314415</intressent_id>
<hangar_id datatype="int32">2369681</hangar_id>
<sortering datatype="int32">55</sortering>
<organ_sortering datatype="int32">150</organ_sortering>
<uppdrag_rollsortering datatype="string">90</uppdrag_rollsortering>
<uppdrag_statussortering datatype="string">90</uppdrag_statussortering>
</uppdrag>
</personuppdrag>
<personuppgift>
<uppgift>
<kod datatype="string">Officiell e-postadress</kod>
<uppgift datatype="string">annika.duan[på]riksdagen.se</uppgift>
<typ datatype="string">eadress</typ>
<intressent_id datatype="string">0432998314415</intressent_id>
<hangar_id datatype="int32">2369681</hangar_id>
</uppgift>
<uppgift>
<kod datatype="string">Tjänstetelefon</kod>
<uppgift datatype="string">66560</uppgift>
<typ datatype="string">telefonnummer</typ>
<intressent_id datatype="string">0432998314415</intressent_id>
<hangar_id datatype="int32">2369681</hangar_id>
</uppgift>
</personuppgift>
</person>
