<?xml version="1.0" encoding="utf-8" ?>
<person>
<hangar_guid datatype="guid">0876e4ba-a2d9-4dab-8b29-3ca39054bbcc</hangar_guid>
<sourceid datatype="string">d7c3212e-83e4-11d4-ae60-0050040c9b55</sourceid>
<intressent_id datatype="string">0235974887200</intressent_id>
<hangar_id datatype="int32">2342494</hangar_id>
<fodd_ar datatype="int16">1948</fodd_ar>
<kon datatype="string">kvinna</kon>
<efternamn datatype="string">Eberstein</efternamn>
<tilltalsnamn datatype="string">Susanne</tilltalsnamn>
<sorteringsnamn datatype="string">Eberstein,Susanne</sorteringsnamn>
<iort datatype="string"></iort>
<parti datatype="string">S</parti>
<valkrets datatype="string">Västernorrlands län</valkrets>
<status datatype="string">Tidigare riksdagsledamot</status>
<person_url_xml datatype="string">http://data.riksdagen.se/person/d7c3212e-83e4-11d4-ae60-0050040c9b55</person_url_xml>
<bild_url_80 datatype="string">http://data.riksdagen.se/filarkiv/bilder/ledamot/d7c3212e-83e4-11d4-ae60-0050040c9b55_80.jpg</bild_url_80>
<bild_url_192 datatype="string">http://data.riksdagen.se/filarkiv/bilder/ledamot/d7c3212e-83e4-11d4-ae60-0050040c9b55_192.jpg</bild_url_192>
<bild_url_max datatype="string">http://data.riksdagen.se/filarkiv/bilder/ledamot/d7c3212e-83e4-11d4-ae60-0050040c9b55_max.jpg</bild_url_max>
<personuppdrag>
<uppdrag>
<organ_kod datatype="string">kam</organ_kod>
<roll_kod datatype="string">Riksdagsledamot</roll_kod>
<ordningsnummer datatype="int32">166</ordningsnummer>
<status datatype="string">Tjänstgörande</status>
<typ datatype="string">kammaruppdrag</typ>
<from datatype="datetime">2014-09-29</from>
<tom datatype="datetime">2018-09-24</tom>
<uppgift datatype="string"></uppgift>
<intressent_id datatype="string">0235974887200</intressent_id>
<hangar_id datatype="int32">2342494</hangar_id>
<sortering datatype="int32">10</sortering>
<organ_sortering datatype="int32">10</organ_sortering>
<uppdrag_rollsortering datatype="string">60</uppdrag_rollsortering>
<uppdrag_statussortering datatype="string">10</uppdrag_statussortering>
</uppdrag>
<uppdrag>
<organ_kod datatype="string">kam</organ_kod>
<roll_kod datatype="string">Riksdagsledamot</roll_kod>
<ordningsnummer datatype="int32">1</ordningsnummer>
<status datatype="string">Tjänstgörande</status>
<typ datatype="string">kammaruppdrag</typ>
<from datatype="datetime">2010-10-04</from>
<tom datatype="datetime">2014-09-29</tom>
<uppgift datatype="string"></uppgift>
<intressent_id datatype="string">0235974887200</intressent_id>
<hangar_id datatype="int32">2342494</hangar_id>
<sortering datatype="int32">10</sortering>
<organ_sortering datatype="int32">10</organ_sortering>
<uppdrag_rollsortering datatype="string">60</uppdrag_rollsortering>
<uppdrag_statussortering datatype="string">10</uppdrag_statussortering>
</uppdrag>
<uppdrag>
<organ_kod datatype="string">kam</organ_kod>
<roll_kod datatype="string">Riksdagsledamot</roll_kod>
<ordningsnummer datatype="int32">273</ordningsnummer>
<status datatype="string">Tjänstgörande</status>
<typ datatype="string">kammaruppdrag</typ>
<from datatype="datetime">2006-10-02</from>
<tom datatype="datetime">2010-10-04</tom>
<uppgift datatype="string"></uppgift>
<intressent_id datatype="string">0235974887200</intressent_id>
<hangar_id datatype="int32">2342494</hangar_id>
<sortering datatype="int32">10</sortering>
<organ_sortering datatype="int32">10</organ_sortering>
<uppdrag_rollsortering datatype="string">60</uppdrag_rollsortering>
<uppdrag_statussortering datatype="string">10</uppdrag_statussortering>
</uppdrag>
<uppdrag>
<organ_kod datatype="string">kam</organ_kod>
<roll_kod datatype="string">Riksdagsledamot</roll_kod>
<ordningsnummer datatype="int32">314</ordningsnummer>
<status datatype="string">Tjänstgörande</status>
<typ datatype="string">kammaruppdrag</typ>
<from datatype="datetime">2002-09-30</from>
<tom datatype="datetime">2006-10-02</tom>
<uppgift datatype="string"></uppgift>
<intressent_id datatype="string">0235974887200</intressent_id>
<hangar_id datatype="int32">2342494</hangar_id>
<sortering datatype="int32">10</sortering>
<organ_sortering datatype="int32">10</organ_sortering>
<uppdrag_rollsortering datatype="string">60</uppdrag_rollsortering>
<uppdrag_statussortering datatype="string">10</uppdrag_statussortering>
</uppdrag>
<uppdrag>
<organ_kod datatype="string">kam</organ_kod>
<roll_kod datatype="string">Riksdagsledamot</roll_kod>
<ordningsnummer datatype="int32">317</ordningsnummer>
<status datatype="string">Tjänstgörande</status>
<typ datatype="string">kammaruppdrag</typ>
<from datatype="datetime">1998-10-05</from>
<tom datatype="datetime">2002-09-30</tom>
<uppgift datatype="string"></uppgift>
<intressent_id datatype="string">0235974887200</intressent_id>
<hangar_id datatype="int32">2342494</hangar_id>
<sortering datatype="int32">10</sortering>
<organ_sortering datatype="int32">10</organ_sortering>
<uppdrag_rollsortering datatype="string">60</uppdrag_rollsortering>
<uppdrag_statussortering datatype="string">10</uppdrag_statussortering>
</uppdrag>
<uppdrag>
<organ_kod datatype="string">kam</organ_kod>
<roll_kod datatype="string">Riksdagsledamot</roll_kod>
<ordningsnummer datatype="int32">322</ordningsnummer>
<status datatype="string">Tjänstgörande</status>
<typ datatype="string">kammaruppdrag</typ>
<from datatype="datetime">1994-10-03</from>
<tom datatype="datetime">1998-10-05</tom>
<uppgift datatype="string"></uppgift>
<intressent_id datatype="string">0235974887200</intressent_id>
<hangar_id datatype="int32">2342494</hangar_id>
<sortering datatype="int32">10</sortering>
<organ_sortering datatype="int32">10</organ_sortering>
<uppdrag_rollsortering datatype="string">60</uppdrag_rollsortering>
<uppdrag_statussortering datatype="string">10</uppdrag_statussortering>
</uppdrag>
<uppdrag>
<organ_kod datatype="string">DN</organ_kod>
<roll_kod datatype="string">Ledamot</roll_kod>
<ordningsnummer datatype="int32">1</ordningsnummer>
<status datatype="string"></status>
<typ datatype="string">Riksdagsorgan</typ>
<from datatype="datetime">2019-01-01</from>
<tom datatype="datetime">2022-12-31</tom>
<uppgift datatype="string">Domarnämnden</uppgift>
<intressent_id datatype="string">0235974887200</intressent_id>
<hangar_id datatype="int32">2342494</hangar_id>
<sortering datatype="int32">30</sortering>
<organ_sortering datatype="int32">300</organ_sortering>
<uppdrag_rollsortering datatype="string">90</uppdrag_rollsortering>
<uppdrag_statussortering datatype="string">90</uppdrag_statussortering>
</uppdrag>
<uppdrag>
<organ_kod datatype="string">DN</organ_kod>
<roll_kod datatype="string">Ledamot</roll_kod>
<ordningsnummer datatype="int32">1</ordningsnummer>
<status datatype="string"></status>
<typ datatype="string">Riksdagsorgan</typ>
<from datatype="datetime">2015-01-01</from>
<tom datatype="datetime">2018-12-31</tom>
<uppgift datatype="string">Domarnämnden</uppgift>
<intressent_id datatype="string">0235974887200</intressent_id>
<hangar_id datatype="int32">2342494</hangar_id>
<sortering datatype="int32">30</sortering>
<organ_sortering datatype="int32">300</organ_sortering>
<uppdrag_rollsortering datatype="string">90</uppdrag_rollsortering>
<uppdrag_statussortering datatype="string">90</uppdrag_statussortering>
</uppdrag>
<uppdrag>
<organ_kod datatype="string">DN</organ_kod>
<roll_kod datatype="string">Ledamot</roll_kod>
<ordningsnummer datatype="int32">1</ordningsnummer>
<status datatype="string"></status>
<typ datatype="string">Riksdagsorgan</typ>
<from datatype="datetime">2011-01-01</from>
<tom datatype="datetime">2015-01-01</tom>
<uppgift datatype="string">Domarnämnden</uppgift>
<intressent_id datatype="string">0235974887200</intressent_id>
<hangar_id datatype="int32">2342494</hangar_id>
<sortering datatype="int32">30</sortering>
<organ_sortering datatype="int32">300</organ_sortering>
<uppdrag_rollsortering datatype="string">90</uppdrag_rollsortering>
<uppdrag_statussortering datatype="string">90</uppdrag_statussortering>
</uppdrag>
<uppdrag>
<organ_kod datatype="string">KD</organ_kod>
<roll_kod datatype="string">Ledamot</roll_kod>
<ordningsnummer datatype="int32">15</ordningsnummer>
<status datatype="string"></status>
<typ datatype="string">Riksdagsorgan</typ>
<from datatype="datetime">2006-10-17</from>
<tom datatype="datetime">2010-10-19</tom>
<uppgift datatype="string">Krigsdelegationen</uppgift>
<intressent_id datatype="string">0235974887200</intressent_id>
<hangar_id datatype="int32">2342494</hangar_id>
<sortering datatype="int32">30</sortering>
<organ_sortering datatype="int32">300</organ_sortering>
<uppdrag_rollsortering datatype="string">90</uppdrag_rollsortering>
<uppdrag_statussortering datatype="string">90</uppdrag_statussortering>
</uppdrag>
<uppdrag>
<organ_kod datatype="string">OSSE</organ_kod>
<roll_kod datatype="string">Suppleant</roll_kod>
<ordningsnummer datatype="int32">0</ordningsnummer>
<status datatype="string"></status>
<typ datatype="string">Riksdagsorgan</typ>
<from datatype="datetime">1995-01-01</from>
<tom datatype="datetime">1996-11-20</tom>
<uppgift datatype="string">OSSE-delegationen</uppgift>
<intressent_id datatype="string">0235974887200</intressent_id>
<hangar_id datatype="int32">2342494</hangar_id>
<sortering datatype="int32">50</sortering>
<organ_sortering datatype="int32">300</organ_sortering>
<uppdrag_rollsortering datatype="string">90</uppdrag_rollsortering>
<uppdrag_statussortering datatype="string">90</uppdrag_statussortering>
</uppdrag>
<uppdrag>
<organ_kod datatype="string">RB</organ_kod>
<roll_kod datatype="string">Ledamot</roll_kod>
<ordningsnummer datatype="int32">1</ordningsnummer>
<status datatype="string"></status>
<typ datatype="string">Riksdagsorgan</typ>
<from datatype="datetime">2018-10-09</from>
<tom datatype="datetime">2022-10-09</tom>
<uppgift datatype="string">Riksbanksfullmäktige</uppgift>
<intressent_id datatype="string">0235974887200</intressent_id>
<hangar_id datatype="int32">2342494</hangar_id>
<sortering datatype="int32">30</sortering>
<organ_sortering datatype="int32">300</organ_sortering>
<uppdrag_rollsortering datatype="string">90</uppdrag_rollsortering>
<uppdrag_statussortering datatype="string">90</uppdrag_statussortering>
</uppdrag>
<uppdrag>
<organ_kod datatype="string">RB</organ_kod>
<roll_kod datatype="string">Ordförande</roll_kod>
<ordningsnummer datatype="int32">1</ordningsnummer>
<status datatype="string"></status>
<typ datatype="string">Riksdagsorgan</typ>
<from datatype="datetime">2014-10-24</from>
<tom datatype="datetime">2018-10-09</tom>
<uppgift datatype="string">Riksbanksfullmäktige</uppgift>
<intressent_id datatype="string">0235974887200</intressent_id>
<hangar_id datatype="int32">2342494</hangar_id>
<sortering datatype="int32">10</sortering>
<organ_sortering datatype="int32">300</organ_sortering>
<uppdrag_rollsortering datatype="string">90</uppdrag_rollsortering>
<uppdrag_statussortering datatype="string">90</uppdrag_statussortering>
</uppdrag>
<uppdrag>
<organ_kod datatype="string">RB</organ_kod>
<roll_kod datatype="string">Ledamot</roll_kod>
<ordningsnummer datatype="int32">1</ordningsnummer>
<status datatype="string"></status>
<typ datatype="string">Riksdagsorgan</typ>
<from datatype="datetime">2014-10-14</from>
<tom datatype="datetime">2014-10-24</tom>
<uppgift datatype="string">Riksbanksfullmäktige</uppgift>
<intressent_id datatype="string">0235974887200</intressent_id>
<hangar_id datatype="int32">2342494</hangar_id>
<sortering datatype="int32">30</sortering>
<organ_sortering datatype="int32">300</organ_sortering>
<uppdrag_rollsortering datatype="string">90</uppdrag_rollsortering>
<uppdrag_statussortering datatype="string">90</uppdrag_statussortering>
</uppdrag>
<uppdrag>
<organ_kod datatype="string">RB</organ_kod>
<roll_kod datatype="string">Ledamot</roll_kod>
<ordningsnummer datatype="int32">5</ordningsnummer>
<status datatype="string"></status>
<typ datatype="string">Riksdagsorgan</typ>
<from datatype="datetime">2006-10-17</from>
<tom datatype="datetime">2010-10-19</tom>
<uppgift datatype="string">Riksbanksfullmäktige</uppgift>
<intressent_id datatype="string">0235974887200</intressent_id>
<hangar_id datatype="int32">2342494</hangar_id>
<sortering datatype="int32">30</sortering>
<organ_sortering datatype="int32">300</organ_sortering>
<uppdrag_rollsortering datatype="string">90</uppdrag_rollsortering>
<uppdrag_statussortering datatype="string">90</uppdrag_statussortering>
</uppdrag>
<uppdrag>
<organ_kod datatype="string">RB</organ_kod>
<roll_kod datatype="string">Ledamot</roll_kod>
<ordningsnummer datatype="int32">0</ordningsnummer>
<status datatype="string"></status>
<typ datatype="string">Riksdagsorgan</typ>
<from datatype="datetime">2002-10-15</from>
<tom datatype="datetime">2006-10-16</tom>
<uppgift datatype="string">Riksbanksfullmäktige</uppgift>
<intressent_id datatype="string">0235974887200</intressent_id>
<hangar_id datatype="int32">2342494</hangar_id>
<sortering datatype="int32">30</sortering>
<organ_sortering datatype="int32">300</organ_sortering>
<uppdrag_rollsortering datatype="string">90</uppdrag_rollsortering>
<uppdrag_statussortering datatype="string">90</uppdrag_statussortering>
</uppdrag>
<uppdrag>
<organ_kod datatype="string">RB</organ_kod>
<roll_kod datatype="string">Ledamot</roll_kod>
<ordningsnummer datatype="int32">0</ordningsnummer>
<status datatype="string"></status>
<typ datatype="string">Riksdagsorgan</typ>
<from datatype="datetime">1998-12-02</from>
<tom datatype="datetime">2002-10-14</tom>
<uppgift datatype="string">Riksbanksfullmäktige</uppgift>
<intressent_id datatype="string">0235974887200</intressent_id>
<hangar_id datatype="int32">2342494</hangar_id>
<sortering datatype="int32">30</sortering>
<organ_sortering datatype="int32">300</organ_sortering>
<uppdrag_rollsortering datatype="string">90</uppdrag_rollsortering>
<uppdrag_statussortering datatype="string">90</uppdrag_statussortering>
</uppdrag>
<uppdrag>
<organ_kod datatype="string">UN</organ_kod>
<roll_kod datatype="string">Suppleant</roll_kod>
<ordningsnummer datatype="int32">4</ordningsnummer>
<status datatype="string"></status>
<typ datatype="string">Riksdagsorgan</typ>
<from datatype="datetime">2006-10-10</from>
<tom datatype="datetime">2010-10-12</tom>
<uppgift datatype="string">Utrikesnämnden</uppgift>
<intressent_id datatype="string">0235974887200</intressent_id>
<hangar_id datatype="int32">2342494</hangar_id>
<sortering datatype="int32">50</sortering>
<organ_sortering datatype="int32">300</organ_sortering>
<uppdrag_rollsortering datatype="string">90</uppdrag_rollsortering>
<uppdrag_statussortering datatype="string">90</uppdrag_statussortering>
</uppdrag>
<uppdrag>
<organ_kod datatype="string">ESK</organ_kod>
<roll_kod datatype="string">Suppleant</roll_kod>
<ordningsnummer datatype="int32">0</ordningsnummer>
<status datatype="string"></status>
<typ datatype="string">Riksdagsorgan</typ>
<from datatype="datetime">1994-10-18</from>
<tom datatype="datetime">1994-12-31</tom>
<uppgift datatype="string">ESK-delegationen</uppgift>
<intressent_id datatype="string">0235974887200</intressent_id>
<hangar_id datatype="int32">2342494</hangar_id>
<sortering datatype="int32">50</sortering>
<organ_sortering datatype="int32">355</organ_sortering>
<uppdrag_rollsortering datatype="string">90</uppdrag_rollsortering>
<uppdrag_statussortering datatype="string">90</uppdrag_statussortering>
</uppdrag>
<uppdrag>
<organ_kod datatype="string">kam</organ_kod>
<roll_kod datatype="string">Förste vice talman</roll_kod>
<ordningsnummer datatype="int32">20</ordningsnummer>
<status datatype="string"></status>
<typ datatype="string">talmansuppdrag</typ>
<from datatype="datetime">2010-10-04</from>
<tom datatype="datetime">2014-09-29</tom>
<uppgift datatype="string"></uppgift>
<intressent_id datatype="string">0235974887200</intressent_id>
<hangar_id datatype="int32">2342494</hangar_id>
<sortering datatype="int32">10</sortering>
<organ_sortering datatype="int32">10</organ_sortering>
<uppdrag_rollsortering datatype="string">20</uppdrag_rollsortering>
<uppdrag_statussortering datatype="string">90</uppdrag_statussortering>
</uppdrag>
<uppdrag>
<organ_kod datatype="string">FiU</organ_kod>
<roll_kod datatype="string">Suppleant</roll_kod>
<ordningsnummer datatype="int32">0</ordningsnummer>
<status datatype="string"></status>
<typ datatype="string">uppdrag</typ>
<from datatype="datetime">2002-10-08</from>
<tom datatype="datetime">2006-10-02</tom>
<uppgift datatype="string">Finansutskottet</uppgift>
<intressent_id datatype="string">0235974887200</intressent_id>
<hangar_id datatype="int32">2342494</hangar_id>
<sortering datatype="int32">50</sortering>
<organ_sortering datatype="int32">150</organ_sortering>
<uppdrag_rollsortering datatype="string">90</uppdrag_rollsortering>
<uppdrag_statussortering datatype="string">90</uppdrag_statussortering>
</uppdrag>
<uppdrag>
<organ_kod datatype="string">FiU</organ_kod>
<roll_kod datatype="string">Ledamot</roll_kod>
<ordningsnummer datatype="int32">0</ordningsnummer>
<status datatype="string"></status>
<typ datatype="string">uppdrag</typ>
<from datatype="datetime">1994-10-21</from>
<tom datatype="datetime">1998-10-04</tom>
<uppgift datatype="string">Finansutskottet</uppgift>
<intressent_id datatype="string">0235974887200</intressent_id>
<hangar_id datatype="int32">2342494</hangar_id>
<sortering datatype="int32">30</sortering>
<organ_sortering datatype="int32">150</organ_sortering>
<uppdrag_rollsortering datatype="string">90</uppdrag_rollsortering>
<uppdrag_statussortering datatype="string">90</uppdrag_statussortering>
</uppdrag>
<uppdrag>
<organ_kod datatype="string">FiU</organ_kod>
<roll_kod datatype="string">Suppleant</roll_kod>
<ordningsnummer datatype="int32">0</ordningsnummer>
<status datatype="string"></status>
<typ datatype="string">uppdrag</typ>
<from datatype="datetime">1994-10-11</from>
<tom datatype="datetime">1994-10-20</tom>
<uppgift datatype="string">Finansutskottet</uppgift>
<intressent_id datatype="string">0235974887200</intressent_id>
<hangar_id datatype="int32">2342494</hangar_id>
<sortering datatype="int32">50</sortering>
<organ_sortering datatype="int32">150</organ_sortering>
<uppdrag_rollsortering datatype="string">90</uppdrag_rollsortering>
<uppdrag_statussortering datatype="string">90</uppdrag_statussortering>
</uppdrag>
<uppdrag>
<organ_kod datatype="string">JuU</organ_kod>
<roll_kod datatype="string">Ledamot</roll_kod>
<ordningsnummer datatype="int32">8</ordningsnummer>
<status datatype="string"></status>
<typ datatype="string">uppdrag</typ>
<from datatype="datetime">2014-10-07</from>
<tom datatype="datetime">2018-09-24</tom>
<uppgift datatype="string">Justitieutskottet</uppgift>
<intressent_id datatype="string">0235974887200</intressent_id>
<hangar_id datatype="int32">2342494</hangar_id>
<sortering datatype="int32">30</sortering>
<organ_sortering datatype="int32">150</organ_sortering>
<uppdrag_rollsortering datatype="string">90</uppdrag_rollsortering>
<uppdrag_statussortering datatype="string">90</uppdrag_statussortering>
</uppdrag>
<uppdrag>
<organ_kod datatype="string">JuU</organ_kod>
<roll_kod datatype="string">Förste vice ordförande</roll_kod>
<ordningsnummer datatype="int32">0</ordningsnummer>
<status datatype="string"></status>
<typ datatype="string">uppdrag</typ>
<from datatype="datetime">2002-11-05</from>
<tom datatype="datetime">2004-11-17</tom>
<uppgift datatype="string">Justitieutskottet</uppgift>
<intressent_id datatype="string">0235974887200</intressent_id>
<hangar_id datatype="int32">2342494</hangar_id>
<sortering datatype="int32">15</sortering>
<organ_sortering datatype="int32">150</organ_sortering>
<uppdrag_rollsortering datatype="string">90</uppdrag_rollsortering>
<uppdrag_statussortering datatype="string">90</uppdrag_statussortering>
</uppdrag>
<uppdrag>
<organ_kod datatype="string">JuU</organ_kod>
<roll_kod datatype="string">Vice ordförande</roll_kod>
<ordningsnummer datatype="int32">0</ordningsnummer>
<status datatype="string"></status>
<typ datatype="string">uppdrag</typ>
<from datatype="datetime">2002-11-05</from>
<tom datatype="datetime">2004-11-17</tom>
<uppgift datatype="string">Justitieutskottet</uppgift>
<intressent_id datatype="string">0235974887200</intressent_id>
<hangar_id datatype="int32">2342494</hangar_id>
<sortering datatype="int32">20</sortering>
<organ_sortering datatype="int32">150</organ_sortering>
<uppdrag_rollsortering datatype="string">90</uppdrag_rollsortering>
<uppdrag_statussortering datatype="string">90</uppdrag_statussortering>
</uppdrag>
<uppdrag>
<organ_kod datatype="string">JuU</organ_kod>
<roll_kod datatype="string">Ledamot</roll_kod>
<ordningsnummer datatype="int32">0</ordningsnummer>
<status datatype="string"></status>
<typ datatype="string">uppdrag</typ>
<from datatype="datetime">2002-10-24</from>
<tom datatype="datetime">2002-11-04</tom>
<uppgift datatype="string">Justitieutskottet</uppgift>
<intressent_id datatype="string">0235974887200</intressent_id>
<hangar_id datatype="int32">2342494</hangar_id>
<sortering datatype="int32">30</sortering>
<organ_sortering datatype="int32">150</organ_sortering>
<uppdrag_rollsortering datatype="string">90</uppdrag_rollsortering>
<uppdrag_statussortering datatype="string">90</uppdrag_statussortering>
</uppdrag>
<uppdrag>
<organ_kod datatype="string">KrU</organ_kod>
<roll_kod datatype="string">Suppleant</roll_kod>
<ordningsnummer datatype="int32">0</ordningsnummer>
<status datatype="string"></status>
<typ datatype="string">uppdrag</typ>
<from datatype="datetime">2002-10-08</from>
<tom datatype="datetime">2004-12-05</tom>
<uppgift datatype="string">Kulturutskottet</uppgift>
<intressent_id datatype="string">0235974887200</intressent_id>
<hangar_id datatype="int32">2342494</hangar_id>
<sortering datatype="int32">50</sortering>
<organ_sortering datatype="int32">150</organ_sortering>
<uppdrag_rollsortering datatype="string">90</uppdrag_rollsortering>
<uppdrag_statussortering datatype="string">90</uppdrag_statussortering>
</uppdrag>
<uppdrag>
<organ_kod datatype="string">SkU</organ_kod>
<roll_kod datatype="string">Ordförande</roll_kod>
<ordningsnummer datatype="int32">0</ordningsnummer>
<status datatype="string"></status>
<typ datatype="string">uppdrag</typ>
<from datatype="datetime">2004-11-23</from>
<tom datatype="datetime">2006-10-02</tom>
<uppgift datatype="string">Skatteutskottet</uppgift>
<intressent_id datatype="string">0235974887200</intressent_id>
<hangar_id datatype="int32">2342494</hangar_id>
<sortering datatype="int32">10</sortering>
<organ_sortering datatype="int32">150</organ_sortering>
<uppdrag_rollsortering datatype="string">90</uppdrag_rollsortering>
<uppdrag_statussortering datatype="string">90</uppdrag_statussortering>
</uppdrag>
<uppdrag>
<organ_kod datatype="string">SkU</organ_kod>
<roll_kod datatype="string">Ledamot</roll_kod>
<ordningsnummer datatype="int32">0</ordningsnummer>
<status datatype="string"></status>
<typ datatype="string">uppdrag</typ>
<from datatype="datetime">2004-11-18</from>
<tom datatype="datetime">2004-11-22</tom>
<uppgift datatype="string">Skatteutskottet</uppgift>
<intressent_id datatype="string">0235974887200</intressent_id>
<hangar_id datatype="int32">2342494</hangar_id>
<sortering datatype="int32">30</sortering>
<organ_sortering datatype="int32">150</organ_sortering>
<uppdrag_rollsortering datatype="string">90</uppdrag_rollsortering>
<uppdrag_statussortering datatype="string">90</uppdrag_statussortering>
</uppdrag>
<uppdrag>
<organ_kod datatype="string">SkU</organ_kod>
<roll_kod datatype="string">Suppleant</roll_kod>
<ordningsnummer datatype="int32">0</ordningsnummer>
<status datatype="string"></status>
<typ datatype="string">uppdrag</typ>
<from datatype="datetime">1994-10-11</from>
<tom datatype="datetime">1998-10-04</tom>
<uppgift datatype="string">Skatteutskottet</uppgift>
<intressent_id datatype="string">0235974887200</intressent_id>
<hangar_id datatype="int32">2342494</hangar_id>
<sortering datatype="int32">50</sortering>
<organ_sortering datatype="int32">150</organ_sortering>
<uppdrag_rollsortering datatype="string">90</uppdrag_rollsortering>
<uppdrag_statussortering datatype="string">90</uppdrag_statussortering>
</uppdrag>
<uppdrag>
<organ_kod datatype="string">SoU</organ_kod>
<roll_kod datatype="string">Andre vice ordförande</roll_kod>
<ordningsnummer datatype="int32">0</ordningsnummer>
<status datatype="string"></status>
<typ datatype="string">uppdrag</typ>
<from datatype="datetime">2002-10-08</from>
<tom datatype="datetime">2002-10-23</tom>
<uppgift datatype="string">Socialutskottet</uppgift>
<intressent_id datatype="string">0235974887200</intressent_id>
<hangar_id datatype="int32">2342494</hangar_id>
<sortering datatype="int32">16</sortering>
<organ_sortering datatype="int32">150</organ_sortering>
<uppdrag_rollsortering datatype="string">90</uppdrag_rollsortering>
<uppdrag_statussortering datatype="string">90</uppdrag_statussortering>
</uppdrag>
<uppdrag>
<organ_kod datatype="string">SoU</organ_kod>
<roll_kod datatype="string">Vice ordförande</roll_kod>
<ordningsnummer datatype="int32">0</ordningsnummer>
<status datatype="string"></status>
<typ datatype="string">uppdrag</typ>
<from datatype="datetime">1998-10-13</from>
<tom datatype="datetime">2002-09-30</tom>
<uppgift datatype="string">Socialutskottet</uppgift>
<intressent_id datatype="string">0235974887200</intressent_id>
<hangar_id datatype="int32">2342494</hangar_id>
<sortering datatype="int32">20</sortering>
<organ_sortering datatype="int32">150</organ_sortering>
<uppdrag_rollsortering datatype="string">90</uppdrag_rollsortering>
<uppdrag_statussortering datatype="string">90</uppdrag_statussortering>
</uppdrag>
<uppdrag>
<organ_kod datatype="string">UU</organ_kod>
<roll_kod datatype="string">Suppleant</roll_kod>
<ordningsnummer datatype="int32">11</ordningsnummer>
<status datatype="string"></status>
<typ datatype="string">uppdrag</typ>
<from datatype="datetime">2006-10-10</from>
<tom datatype="datetime">2010-10-04</tom>
<uppgift datatype="string">Utrikesutskottet</uppgift>
<intressent_id datatype="string">0235974887200</intressent_id>
<hangar_id datatype="int32">2342494</hangar_id>
<sortering datatype="int32">50</sortering>
<organ_sortering datatype="int32">150</organ_sortering>
<uppdrag_rollsortering datatype="string">90</uppdrag_rollsortering>
<uppdrag_statussortering datatype="string">90</uppdrag_statussortering>
</uppdrag>
<uppdrag>
<organ_kod datatype="string">KUU</organ_kod>
<roll_kod datatype="string">Deputerad</roll_kod>
<ordningsnummer datatype="int32">0</ordningsnummer>
<status datatype="string"></status>
<typ datatype="string">uppdrag</typ>
<from datatype="datetime">2007-03-27</from>
<tom datatype="datetime">2009-05-06</tom>
<uppgift datatype="string">Sammansatta konstitutions- och utrikesutskottet</uppgift>
<intressent_id datatype="string">0235974887200</intressent_id>
<hangar_id datatype="int32">2342494</hangar_id>
<sortering datatype="int32">40</sortering>
<organ_sortering datatype="int32">160</organ_sortering>
<uppdrag_rollsortering datatype="string">90</uppdrag_rollsortering>
<uppdrag_statussortering datatype="string">90</uppdrag_statussortering>
</uppdrag>
<uppdrag>
<organ_kod datatype="string">EUN</organ_kod>
<roll_kod datatype="string">Vice ordförande</roll_kod>
<ordningsnummer datatype="int32">2</ordningsnummer>
<status datatype="string"></status>
<typ datatype="string">uppdrag</typ>
<from datatype="datetime">2006-10-10</from>
<tom datatype="datetime">2010-10-12</tom>
<uppgift datatype="string">EU-nämnden</uppgift>
<intressent_id datatype="string">0235974887200</intressent_id>
<hangar_id datatype="int32">2342494</hangar_id>
<sortering datatype="int32">20</sortering>
<organ_sortering datatype="int32">170</organ_sortering>
<uppdrag_rollsortering datatype="string">90</uppdrag_rollsortering>
<uppdrag_statussortering datatype="string">90</uppdrag_statussortering>
</uppdrag>
<uppdrag>
<organ_kod datatype="string">EUN</organ_kod>
<roll_kod datatype="string">Suppleant</roll_kod>
<ordningsnummer datatype="int32">0</ordningsnummer>
<status datatype="string"></status>
<typ datatype="string">uppdrag</typ>
<from datatype="datetime">2000-10-09</from>
<tom datatype="datetime">2002-10-08</tom>
<uppgift datatype="string">EU-nämnden</uppgift>
<intressent_id datatype="string">0235974887200</intressent_id>
<hangar_id datatype="int32">2342494</hangar_id>
<sortering datatype="int32">50</sortering>
<organ_sortering datatype="int32">170</organ_sortering>
<uppdrag_rollsortering datatype="string">90</uppdrag_rollsortering>
<uppdrag_statussortering datatype="string">90</uppdrag_statussortering>
</uppdrag>
</personuppdrag>
<personuppgift>
<uppgift>
<kod datatype="string">Webbsida</kod>
<uppgift datatype="string">http://www.socialdemokraterna.se/susanneeberstein</uppgift>
<typ datatype="string">eadress</typ>
<intressent_id datatype="string">0235974887200</intressent_id>
<hangar_id datatype="int32">2342494</hangar_id>
</uppgift>
<uppgift>
<kod datatype="string">Officiell e-postadress</kod>
<uppgift datatype="string">susanne.eberstein[på]riksdagen.se</uppgift>
<typ datatype="string">eadress</typ>
<intressent_id datatype="string">0235974887200</intressent_id>
<hangar_id datatype="int32">2342494</hangar_id>
</uppgift>
<uppgift>
<kod datatype="string">Tjänstetelefon</kod>
<uppgift datatype="string">64303</uppgift>
<typ datatype="string">telefonnummer</typ>
<intressent_id datatype="string">0235974887200</intressent_id>
<hangar_id datatype="int32">2342494</hangar_id>
</uppgift>
<uppgift>
<kod datatype="string">sv</kod>
<uppgift datatype="string">Fd Kammarrättsråd</uppgift>
<typ datatype="string">titlar</typ>
<intressent_id datatype="string">0235974887200</intressent_id>
<hangar_id datatype="int32">2342494</hangar_id>
</uppgift>
<uppgift>
<kod datatype="string">en</kod>
<uppgift datatype="string">Judge, Administrative Court of Appeal</uppgift>
<typ datatype="string">titlar</typ>
<intressent_id datatype="string">0235974887200</intressent_id>
<hangar_id datatype="int32">2342494</hangar_id>
</uppgift>
<uppgift>
<kod datatype="string">KandiderarINastaVal</kod>
<uppgift datatype="string">false</uppgift>
<typ datatype="string">val</typ>
<intressent_id datatype="string">0235974887200</intressent_id>
<hangar_id datatype="int32">2342494</hangar_id>
</uppgift>
</personuppgift>
</person>
