<?xml version="1.0" encoding="utf-8" ?>
<person>
<hangar_guid datatype="guid">58903b85-050d-4e1b-bb34-728b1434f6cd</hangar_guid>
<sourceid datatype="string">ad900f76-8ee0-44a1-a639-a2bbf6dfbe77</sourceid>
<intressent_id datatype="string">0204145974808</intressent_id>
<hangar_id datatype="int32">2341689</hangar_id>
<fodd_ar datatype="int16">1925</fodd_ar>
<kon datatype="string">man</kon>
<efternamn datatype="string">Einhorn</efternamn>
<tilltalsnamn datatype="string">Jerzy</tilltalsnamn>
<sorteringsnamn datatype="string">Einhorn,Jerzy</sorteringsnamn>
<iort datatype="string"></iort>
<parti datatype="string">KD</parti>
<valkrets datatype="string"></valkrets>
<status datatype="string">Avliden  2000-04-28</status>
<person_url_xml datatype="string">http://data.riksdagen.se/person/ad900f76-8ee0-44a1-a639-a2bbf6dfbe77</person_url_xml>
<bild_url_80 datatype="string">http://data.riksdagen.se/filarkiv/bilder/ledamot/ad900f76-8ee0-44a1-a639-a2bbf6dfbe77_80.jpg</bild_url_80>
<bild_url_192 datatype="string">http://data.riksdagen.se/filarkiv/bilder/ledamot/ad900f76-8ee0-44a1-a639-a2bbf6dfbe77_192.jpg</bild_url_192>
<bild_url_max datatype="string">http://data.riksdagen.se/filarkiv/bilder/ledamot/ad900f76-8ee0-44a1-a639-a2bbf6dfbe77_max.jpg</bild_url_max>
<personuppdrag>
<uppdrag>
<organ_kod datatype="string">kam</organ_kod>
<roll_kod datatype="string">Riksdagsledamot</roll_kod>
<ordningsnummer datatype="int32">20</ordningsnummer>
<status datatype="string">Tjänstgörande</status>
<typ datatype="string">kammaruppdrag</typ>
<from datatype="datetime">1991-09-30</from>
<tom datatype="datetime">1994-10-03</tom>
<uppgift datatype="string"></uppgift>
<intressent_id datatype="string">0204145974808</intressent_id>
<hangar_id datatype="int32">2341689</hangar_id>
<sortering datatype="int32">10</sortering>
<organ_sortering datatype="int32">10</organ_sortering>
<uppdrag_rollsortering datatype="string">60</uppdrag_rollsortering>
<uppdrag_statussortering datatype="string">10</uppdrag_statussortering>
</uppdrag>
<uppdrag>
<organ_kod datatype="string">SoU</organ_kod>
<roll_kod datatype="string">Ledamot</roll_kod>
<ordningsnummer datatype="int32">0</ordningsnummer>
<status datatype="string"></status>
<typ datatype="string">uppdrag</typ>
<from datatype="datetime">1991-10-08</from>
<tom datatype="datetime">1994-10-02</tom>
<uppgift datatype="string">Socialutskottet</uppgift>
<intressent_id datatype="string">0204145974808</intressent_id>
<hangar_id datatype="int32">2341689</hangar_id>
<sortering datatype="int32">30</sortering>
<organ_sortering datatype="int32">150</organ_sortering>
<uppdrag_rollsortering datatype="string">90</uppdrag_rollsortering>
<uppdrag_statussortering datatype="string">90</uppdrag_statussortering>
</uppdrag>
</personuppdrag>
<personuppgift>
<uppgift>
<kod datatype="string">sv</kod>
<uppgift datatype="string">professor</uppgift>
<typ datatype="string">titlar</typ>
<intressent_id datatype="string">0204145974808</intressent_id>
<hangar_id datatype="int32">2341689</hangar_id>
</uppgift>
<uppgift>
<kod datatype="string">en</kod>
<uppgift datatype="string"></uppgift>
<typ datatype="string">titlar</typ>
<intressent_id datatype="string">0204145974808</intressent_id>
<hangar_id datatype="int32">2341689</hangar_id>
</uppgift>
</personuppgift>
</person>
