<?xml version="1.0" encoding="utf-8" ?>
<person>
<hangar_guid datatype="guid">0d755454-6bfb-4897-86fb-3f72193e1e07</hangar_guid>
<sourceid datatype="string">d7c31e95-83e4-11d4-ae60-0050040c9b55</sourceid>
<intressent_id datatype="string">0697895317615</intressent_id>
<hangar_id datatype="int32">2342582</hangar_id>
<fodd_ar datatype="int16">1949</fodd_ar>
<kon datatype="string">kvinna</kon>
<efternamn datatype="string">Ekendahl</efternamn>
<tilltalsnamn datatype="string">Maud</tilltalsnamn>
<sorteringsnamn datatype="string">Ekendahl,Maud</sorteringsnamn>
<iort datatype="string"></iort>
<parti datatype="string">M</parti>
<valkrets datatype="string">Skåne läns norra och östra</valkrets>
<status datatype="string">Tidigare riksdagsledamot</status>
<person_url_xml datatype="string">http://data.riksdagen.se/person/d7c31e95-83e4-11d4-ae60-0050040c9b55</person_url_xml>
<bild_url_80 datatype="string">http://data.riksdagen.se/filarkiv/bilder/ledamot/d7c31e95-83e4-11d4-ae60-0050040c9b55_80.jpg</bild_url_80>
<bild_url_192 datatype="string">http://data.riksdagen.se/filarkiv/bilder/ledamot/d7c31e95-83e4-11d4-ae60-0050040c9b55_192.jpg</bild_url_192>
<bild_url_max datatype="string">http://data.riksdagen.se/filarkiv/bilder/ledamot/d7c31e95-83e4-11d4-ae60-0050040c9b55_max.jpg</bild_url_max>
<personuppdrag>
<uppdrag>
<organ_kod datatype="string">kam</organ_kod>
<roll_kod datatype="string">Riksdagsledamot</roll_kod>
<ordningsnummer datatype="int32">179</ordningsnummer>
<status datatype="string">Tjänstgörande</status>
<typ datatype="string">kammaruppdrag</typ>
<from datatype="datetime">2004-10-01</from>
<tom datatype="datetime">2006-10-02</tom>
<uppgift datatype="string"></uppgift>
<intressent_id datatype="string">0697895317615</intressent_id>
<hangar_id datatype="int32">2342582</hangar_id>
<sortering datatype="int32">10</sortering>
<organ_sortering datatype="int32">10</organ_sortering>
<uppdrag_rollsortering datatype="string">60</uppdrag_rollsortering>
<uppdrag_statussortering datatype="string">10</uppdrag_statussortering>
</uppdrag>
<uppdrag>
<organ_kod datatype="string">kam</organ_kod>
<roll_kod datatype="string">Riksdagsledamot</roll_kod>
<ordningsnummer datatype="int32">182</ordningsnummer>
<status datatype="string">Tjänstgörande</status>
<typ datatype="string">kammaruppdrag</typ>
<from datatype="datetime">1998-10-05</from>
<tom datatype="datetime">2002-09-30</tom>
<uppgift datatype="string"></uppgift>
<intressent_id datatype="string">0697895317615</intressent_id>
<hangar_id datatype="int32">2342582</hangar_id>
<sortering datatype="int32">10</sortering>
<organ_sortering datatype="int32">10</organ_sortering>
<uppdrag_rollsortering datatype="string">60</uppdrag_rollsortering>
<uppdrag_statussortering datatype="string">10</uppdrag_statussortering>
</uppdrag>
<uppdrag>
<organ_kod datatype="string">kam</organ_kod>
<roll_kod datatype="string">Riksdagsledamot</roll_kod>
<ordningsnummer datatype="int32">141</ordningsnummer>
<status datatype="string">Tjänstgörande</status>
<typ datatype="string">kammaruppdrag</typ>
<from datatype="datetime">1995-10-04</from>
<tom datatype="datetime">1998-10-05</tom>
<uppgift datatype="string"></uppgift>
<intressent_id datatype="string">0697895317615</intressent_id>
<hangar_id datatype="int32">2342582</hangar_id>
<sortering datatype="int32">10</sortering>
<organ_sortering datatype="int32">10</organ_sortering>
<uppdrag_rollsortering datatype="string">60</uppdrag_rollsortering>
<uppdrag_statussortering datatype="string">10</uppdrag_statussortering>
</uppdrag>
<uppdrag>
<organ_kod datatype="string">kam</organ_kod>
<roll_kod datatype="string">Riksdagsledamot</roll_kod>
<ordningsnummer datatype="int32">141</ordningsnummer>
<status datatype="string">Tjänstgörande</status>
<typ datatype="string">kammaruppdrag</typ>
<from datatype="datetime">1994-10-03</from>
<tom datatype="datetime">1994-10-07</tom>
<uppgift datatype="string">Bo Lundgren</uppgift>
<intressent_id datatype="string">0697895317615</intressent_id>
<hangar_id datatype="int32">2342582</hangar_id>
<sortering datatype="int32">10</sortering>
<organ_sortering datatype="int32">10</organ_sortering>
<uppdrag_rollsortering datatype="string">60</uppdrag_rollsortering>
<uppdrag_statussortering datatype="string">10</uppdrag_statussortering>
</uppdrag>
<uppdrag>
<organ_kod datatype="string">kam</organ_kod>
<roll_kod datatype="string">Ersättare</roll_kod>
<ordningsnummer datatype="int32">144</ordningsnummer>
<status datatype="string">Ersättare</status>
<typ datatype="string">kammaruppdrag</typ>
<from datatype="datetime">1991-10-05</from>
<tom datatype="datetime">1994-10-03</tom>
<uppgift datatype="string">Bo Lundgren</uppgift>
<intressent_id datatype="string">0697895317615</intressent_id>
<hangar_id datatype="int32">2342582</hangar_id>
<sortering datatype="int32">45</sortering>
<organ_sortering datatype="int32">10</organ_sortering>
<uppdrag_rollsortering datatype="string">60</uppdrag_rollsortering>
<uppdrag_statussortering datatype="string">20</uppdrag_statussortering>
</uppdrag>
<uppdrag>
<organ_kod datatype="string">JuU</organ_kod>
<roll_kod datatype="string">Ledamot</roll_kod>
<ordningsnummer datatype="int32">0</ordningsnummer>
<status datatype="string"></status>
<typ datatype="string">uppdrag</typ>
<from datatype="datetime">1998-10-13</from>
<tom datatype="datetime">2002-09-30</tom>
<uppgift datatype="string">Justitieutskottet</uppgift>
<intressent_id datatype="string">0697895317615</intressent_id>
<hangar_id datatype="int32">2342582</hangar_id>
<sortering datatype="int32">30</sortering>
<organ_sortering datatype="int32">150</organ_sortering>
<uppdrag_rollsortering datatype="string">90</uppdrag_rollsortering>
<uppdrag_statussortering datatype="string">90</uppdrag_statussortering>
</uppdrag>
<uppdrag>
<organ_kod datatype="string">JuU</organ_kod>
<roll_kod datatype="string">Ledamot</roll_kod>
<ordningsnummer datatype="int32">0</ordningsnummer>
<status datatype="string"></status>
<typ datatype="string">uppdrag</typ>
<from datatype="datetime">1995-10-11</from>
<tom datatype="datetime">1998-10-04</tom>
<uppgift datatype="string">Justitieutskottet</uppgift>
<intressent_id datatype="string">0697895317615</intressent_id>
<hangar_id datatype="int32">2342582</hangar_id>
<sortering datatype="int32">30</sortering>
<organ_sortering datatype="int32">150</organ_sortering>
<uppdrag_rollsortering datatype="string">90</uppdrag_rollsortering>
<uppdrag_statussortering datatype="string">90</uppdrag_statussortering>
</uppdrag>
<uppdrag>
<organ_kod datatype="string">SkU</organ_kod>
<roll_kod datatype="string">Suppleant</roll_kod>
<ordningsnummer datatype="int32">0</ordningsnummer>
<status datatype="string"></status>
<typ datatype="string">uppdrag</typ>
<from datatype="datetime">2004-10-01</from>
<tom datatype="datetime">2006-10-02</tom>
<uppgift datatype="string">Skatteutskottet</uppgift>
<intressent_id datatype="string">0697895317615</intressent_id>
<hangar_id datatype="int32">2342582</hangar_id>
<sortering datatype="int32">50</sortering>
<organ_sortering datatype="int32">150</organ_sortering>
<uppdrag_rollsortering datatype="string">90</uppdrag_rollsortering>
<uppdrag_statussortering datatype="string">90</uppdrag_statussortering>
</uppdrag>
<uppdrag>
<organ_kod datatype="string">SoU</organ_kod>
<roll_kod datatype="string">Suppleant</roll_kod>
<ordningsnummer datatype="int32">0</ordningsnummer>
<status datatype="string"></status>
<typ datatype="string">uppdrag</typ>
<from datatype="datetime">2004-10-01</from>
<tom datatype="datetime">2006-10-02</tom>
<uppgift datatype="string">Socialutskottet</uppgift>
<intressent_id datatype="string">0697895317615</intressent_id>
<hangar_id datatype="int32">2342582</hangar_id>
<sortering datatype="int32">50</sortering>
<organ_sortering datatype="int32">150</organ_sortering>
<uppdrag_rollsortering datatype="string">90</uppdrag_rollsortering>
<uppdrag_statussortering datatype="string">90</uppdrag_statussortering>
</uppdrag>
<uppdrag>
<organ_kod datatype="string">SoU</organ_kod>
<roll_kod datatype="string">Suppleant</roll_kod>
<ordningsnummer datatype="int32">0</ordningsnummer>
<status datatype="string"></status>
<typ datatype="string">uppdrag</typ>
<from datatype="datetime">1998-10-13</from>
<tom datatype="datetime">2002-03-21</tom>
<uppgift datatype="string">Socialutskottet</uppgift>
<intressent_id datatype="string">0697895317615</intressent_id>
<hangar_id datatype="int32">2342582</hangar_id>
<sortering datatype="int32">50</sortering>
<organ_sortering datatype="int32">150</organ_sortering>
<uppdrag_rollsortering datatype="string">90</uppdrag_rollsortering>
<uppdrag_statussortering datatype="string">90</uppdrag_statussortering>
</uppdrag>
<uppdrag>
<organ_kod datatype="string">SoU</organ_kod>
<roll_kod datatype="string">Suppleant</roll_kod>
<ordningsnummer datatype="int32">0</ordningsnummer>
<status datatype="string"></status>
<typ datatype="string">uppdrag</typ>
<from datatype="datetime">1991-10-08</from>
<tom datatype="datetime">1994-10-02</tom>
<uppgift datatype="string">Socialutskottet</uppgift>
<intressent_id datatype="string">0697895317615</intressent_id>
<hangar_id datatype="int32">2342582</hangar_id>
<sortering datatype="int32">50</sortering>
<organ_sortering datatype="int32">150</organ_sortering>
<uppdrag_rollsortering datatype="string">90</uppdrag_rollsortering>
<uppdrag_statussortering datatype="string">90</uppdrag_statussortering>
</uppdrag>
<uppdrag>
<organ_kod datatype="string">TU</organ_kod>
<roll_kod datatype="string">Suppleant</roll_kod>
<ordningsnummer datatype="int32">0</ordningsnummer>
<status datatype="string"></status>
<typ datatype="string">uppdrag</typ>
<from datatype="datetime">1995-10-11</from>
<tom datatype="datetime">1998-10-04</tom>
<uppgift datatype="string">Trafikutskottet</uppgift>
<intressent_id datatype="string">0697895317615</intressent_id>
<hangar_id datatype="int32">2342582</hangar_id>
<sortering datatype="int32">50</sortering>
<organ_sortering datatype="int32">150</organ_sortering>
<uppdrag_rollsortering datatype="string">90</uppdrag_rollsortering>
<uppdrag_statussortering datatype="string">90</uppdrag_statussortering>
</uppdrag>
<uppdrag>
<organ_kod datatype="string">JuSoU</organ_kod>
<roll_kod datatype="string">Deputerad</roll_kod>
<ordningsnummer datatype="int32">0</ordningsnummer>
<status datatype="string"></status>
<typ datatype="string">uppdrag</typ>
<from datatype="datetime">2006-02-09</from>
<tom datatype="datetime">2006-04-26</tom>
<uppgift datatype="string">Sammansatta justitie- och socialutskottet</uppgift>
<intressent_id datatype="string">0697895317615</intressent_id>
<hangar_id datatype="int32">2342582</hangar_id>
<sortering datatype="int32">40</sortering>
<organ_sortering datatype="int32">160</organ_sortering>
<uppdrag_rollsortering datatype="string">90</uppdrag_rollsortering>
<uppdrag_statussortering datatype="string">90</uppdrag_statussortering>
</uppdrag>
<uppdrag>
<organ_kod datatype="string">USoU</organ_kod>
<roll_kod datatype="string">Deputerad</roll_kod>
<ordningsnummer datatype="int32">0</ordningsnummer>
<status datatype="string"></status>
<typ datatype="string">uppdrag</typ>
<from datatype="datetime">2005-02-15</from>
<tom datatype="datetime">2005-03-16</tom>
<uppgift datatype="string">Sammansatta utrikes- och socialutskottet</uppgift>
<intressent_id datatype="string">0697895317615</intressent_id>
<hangar_id datatype="int32">2342582</hangar_id>
<sortering datatype="int32">40</sortering>
<organ_sortering datatype="int32">160</organ_sortering>
<uppdrag_rollsortering datatype="string">90</uppdrag_rollsortering>
<uppdrag_statussortering datatype="string">90</uppdrag_statussortering>
</uppdrag>
<uppdrag>
<organ_kod datatype="string">LU</organ_kod>
<roll_kod datatype="string">Suppleant</roll_kod>
<ordningsnummer datatype="int32">0</ordningsnummer>
<status datatype="string"></status>
<typ datatype="string">uppdrag</typ>
<from datatype="datetime">1991-10-08</from>
<tom datatype="datetime">1994-10-02</tom>
<uppgift datatype="string">Lagutskottet</uppgift>
<intressent_id datatype="string">0697895317615</intressent_id>
<hangar_id datatype="int32">2342582</hangar_id>
<sortering datatype="int32">50</sortering>
<organ_sortering datatype="int32">165</organ_sortering>
<uppdrag_rollsortering datatype="string">90</uppdrag_rollsortering>
<uppdrag_statussortering datatype="string">90</uppdrag_statussortering>
</uppdrag>
</personuppdrag>
<personuppgift>
<uppgift>
<kod datatype="string">sv</kod>
<uppgift datatype="string">företagssköterska</uppgift>
<typ datatype="string">titlar</typ>
<intressent_id datatype="string">0697895317615</intressent_id>
<hangar_id datatype="int32">2342582</hangar_id>
</uppgift>
<uppgift>
<kod datatype="string">en</kod>
<uppgift datatype="string">Company Nurse</uppgift>
<typ datatype="string">titlar</typ>
<intressent_id datatype="string">0697895317615</intressent_id>
<hangar_id datatype="int32">2342582</hangar_id>
</uppgift>
</personuppgift>
</person>
