<?xml version="1.0" encoding="utf-8" ?>
<person>
<hangar_guid datatype="guid">c8225fec-51c4-4aed-b7b8-2a6084158e3b</hangar_guid>
<sourceid datatype="string">54867cd2-bc5e-4a68-9243-7da5a0419234</sourceid>
<intressent_id datatype="string">0730984957305</intressent_id>
<hangar_id datatype="int32">2342422</hangar_id>
<fodd_ar datatype="int16">1947</fodd_ar>
<kon datatype="string">kvinna</kon>
<efternamn datatype="string">Ekström</efternamn>
<tilltalsnamn datatype="string">Anne-Marie</tilltalsnamn>
<sorteringsnamn datatype="string">Ekström,Anne-Marie</sorteringsnamn>
<iort datatype="string"></iort>
<parti datatype="string">FP</parti>
<valkrets datatype="string">Västra Götalands läns södra</valkrets>
<status datatype="string">Tidigare riksdagsledamot</status>
<person_url_xml datatype="string">http://data.riksdagen.se/person/54867cd2-bc5e-4a68-9243-7da5a0419234</person_url_xml>
<bild_url_80 datatype="string">http://data.riksdagen.se/filarkiv/bilder/ledamot/54867cd2-bc5e-4a68-9243-7da5a0419234_80.jpg</bild_url_80>
<bild_url_192 datatype="string">http://data.riksdagen.se/filarkiv/bilder/ledamot/54867cd2-bc5e-4a68-9243-7da5a0419234_192.jpg</bild_url_192>
<bild_url_max datatype="string">http://data.riksdagen.se/filarkiv/bilder/ledamot/54867cd2-bc5e-4a68-9243-7da5a0419234_max.jpg</bild_url_max>
<personuppdrag>
<uppdrag>
<organ_kod datatype="string">kam</organ_kod>
<roll_kod datatype="string">Riksdagsledamot</roll_kod>
<ordningsnummer datatype="int32">245</ordningsnummer>
<status datatype="string">Tjänstgörande</status>
<typ datatype="string">kammaruppdrag</typ>
<from datatype="datetime">2002-09-30</from>
<tom datatype="datetime">2006-10-02</tom>
<uppgift datatype="string"></uppgift>
<intressent_id datatype="string">0730984957305</intressent_id>
<hangar_id datatype="int32">2342422</hangar_id>
<sortering datatype="int32">10</sortering>
<organ_sortering datatype="int32">10</organ_sortering>
<uppdrag_rollsortering datatype="string">60</uppdrag_rollsortering>
<uppdrag_statussortering datatype="string">10</uppdrag_statussortering>
</uppdrag>
<uppdrag>
<organ_kod datatype="string">SfU</organ_kod>
<roll_kod datatype="string">Suppleant</roll_kod>
<ordningsnummer datatype="int32">0</ordningsnummer>
<status datatype="string"></status>
<typ datatype="string">uppdrag</typ>
<from datatype="datetime">2002-10-08</from>
<tom datatype="datetime">2006-10-02</tom>
<uppgift datatype="string">Socialförsäkringsutskottet</uppgift>
<intressent_id datatype="string">0730984957305</intressent_id>
<hangar_id datatype="int32">2342422</hangar_id>
<sortering datatype="int32">50</sortering>
<organ_sortering datatype="int32">150</organ_sortering>
<uppdrag_rollsortering datatype="string">90</uppdrag_rollsortering>
<uppdrag_statussortering datatype="string">90</uppdrag_statussortering>
</uppdrag>
<uppdrag>
<organ_kod datatype="string">SkU</organ_kod>
<roll_kod datatype="string">Suppleant</roll_kod>
<ordningsnummer datatype="int32">0</ordningsnummer>
<status datatype="string"></status>
<typ datatype="string">uppdrag</typ>
<from datatype="datetime">2002-10-08</from>
<tom datatype="datetime">2006-10-02</tom>
<uppgift datatype="string">Skatteutskottet</uppgift>
<intressent_id datatype="string">0730984957305</intressent_id>
<hangar_id datatype="int32">2342422</hangar_id>
<sortering datatype="int32">50</sortering>
<organ_sortering datatype="int32">150</organ_sortering>
<uppdrag_rollsortering datatype="string">90</uppdrag_rollsortering>
<uppdrag_statussortering datatype="string">90</uppdrag_statussortering>
</uppdrag>
</personuppdrag>
<personuppgift>
<uppgift>
<kod datatype="string">sv</kod>
<uppgift datatype="string">datakonsult</uppgift>
<typ datatype="string">titlar</typ>
<intressent_id datatype="string">0730984957305</intressent_id>
<hangar_id datatype="int32">2342422</hangar_id>
</uppgift>
<uppgift>
<kod datatype="string">en</kod>
<uppgift datatype="string">Computer Consultant</uppgift>
<typ datatype="string">titlar</typ>
<intressent_id datatype="string">0730984957305</intressent_id>
<hangar_id datatype="int32">2342422</hangar_id>
</uppgift>
<uppgift>
<kod datatype="string">KandiderarINastaVal</kod>
<uppgift datatype="string">true</uppgift>
<typ datatype="string">val</typ>
<intressent_id datatype="string">0730984957305</intressent_id>
<hangar_id datatype="int32">2342422</hangar_id>
</uppgift>
</personuppgift>
</person>
