<?xml version="1.0" encoding="utf-8" ?>
<person>
<hangar_guid datatype="guid">8c9a4aa9-99e8-423c-bcc6-0e051f3d65e3</hangar_guid>
<sourceid datatype="string">6a1b02dd-bdc4-4019-ab3e-dfeb133018ed</sourceid>
<intressent_id datatype="string">0121939297619</intressent_id>
<hangar_id datatype="int32">2343113</hangar_id>
<fodd_ar datatype="int16">1960</fodd_ar>
<kon datatype="string">man</kon>
<efternamn datatype="string">El-Haj</efternamn>
<tilltalsnamn datatype="string">Jamal</tilltalsnamn>
<sorteringsnamn datatype="string">El-Haj,Jamal</sorteringsnamn>
<iort datatype="string"></iort>
<parti datatype="string">S</parti>
<valkrets datatype="string">Malmö kommun</valkrets>
<status datatype="string">Tjänstgörande riksdagsledamot</status>
<person_url_xml datatype="string">http://data.riksdagen.se/person/6a1b02dd-bdc4-4019-ab3e-dfeb133018ed</person_url_xml>
<bild_url_80 datatype="string">http://data.riksdagen.se/filarkiv/bilder/ledamot/6a1b02dd-bdc4-4019-ab3e-dfeb133018ed_80.jpg</bild_url_80>
<bild_url_192 datatype="string">http://data.riksdagen.se/filarkiv/bilder/ledamot/6a1b02dd-bdc4-4019-ab3e-dfeb133018ed_192.jpg</bild_url_192>
<bild_url_max datatype="string">http://data.riksdagen.se/filarkiv/bilder/ledamot/6a1b02dd-bdc4-4019-ab3e-dfeb133018ed_max.jpg</bild_url_max>
<personuppdrag>
<uppdrag>
<organ_kod datatype="string">kam</organ_kod>
<roll_kod datatype="string">Riksdagsledamot</roll_kod>
<ordningsnummer datatype="int32">184</ordningsnummer>
<status datatype="string">Tjänstgörande</status>
<typ datatype="string">kammaruppdrag</typ>
<from datatype="datetime">2018-09-24</from>
<tom datatype="datetime">2022-09-26</tom>
<uppgift datatype="string"></uppgift>
<intressent_id datatype="string">0121939297619</intressent_id>
<hangar_id datatype="int32">2343113</hangar_id>
<sortering datatype="int32">10</sortering>
<organ_sortering datatype="int32">10</organ_sortering>
<uppdrag_rollsortering datatype="string">60</uppdrag_rollsortering>
<uppdrag_statussortering datatype="string">10</uppdrag_statussortering>
</uppdrag>
<uppdrag>
<organ_kod datatype="string">kam</organ_kod>
<roll_kod datatype="string">Ersättare</roll_kod>
<ordningsnummer datatype="int32">36</ordningsnummer>
<status datatype="string">Ersättare</status>
<typ datatype="string">kammaruppdrag</typ>
<from datatype="datetime">2016-06-15</from>
<tom datatype="datetime">2018-09-24</tom>
<uppgift datatype="string">Leif Jakobsson</uppgift>
<intressent_id datatype="string">0121939297619</intressent_id>
<hangar_id datatype="int32">2343113</hangar_id>
<sortering datatype="int32">45</sortering>
<organ_sortering datatype="int32">10</organ_sortering>
<uppdrag_rollsortering datatype="string">60</uppdrag_rollsortering>
<uppdrag_statussortering datatype="string">20</uppdrag_statussortering>
</uppdrag>
<uppdrag>
<organ_kod datatype="string">SkU</organ_kod>
<roll_kod datatype="string">Suppleant</roll_kod>
<ordningsnummer datatype="int32">5</ordningsnummer>
<status datatype="string"></status>
<typ datatype="string">uppdrag</typ>
<from datatype="datetime">2016-06-28</from>
<tom datatype="datetime">2018-09-24</tom>
<uppgift datatype="string">Skatteutskottet</uppgift>
<intressent_id datatype="string">0121939297619</intressent_id>
<hangar_id datatype="int32">2343113</hangar_id>
<sortering datatype="int32">50</sortering>
<organ_sortering datatype="int32">150</organ_sortering>
<uppdrag_rollsortering datatype="string">90</uppdrag_rollsortering>
<uppdrag_statussortering datatype="string">90</uppdrag_statussortering>
</uppdrag>
<uppdrag>
<organ_kod datatype="string">UU</organ_kod>
<roll_kod datatype="string">Suppleant</roll_kod>
<ordningsnummer datatype="int32">3</ordningsnummer>
<status datatype="string"></status>
<typ datatype="string">uppdrag</typ>
<from datatype="datetime">2018-10-02</from>
<tom datatype="datetime">2022-09-26</tom>
<uppgift datatype="string">Utrikesutskottet</uppgift>
<intressent_id datatype="string">0121939297619</intressent_id>
<hangar_id datatype="int32">2343113</hangar_id>
<sortering datatype="int32">50</sortering>
<organ_sortering datatype="int32">150</organ_sortering>
<uppdrag_rollsortering datatype="string">90</uppdrag_rollsortering>
<uppdrag_statussortering datatype="string">90</uppdrag_statussortering>
</uppdrag>
</personuppdrag>
<personuppgift>
<uppgift>
<kod datatype="string">Officiell e-postadress</kod>
<uppgift datatype="string">jamal.el-haj[på]riksdagen.se</uppgift>
<typ datatype="string">eadress</typ>
<intressent_id datatype="string">0121939297619</intressent_id>
<hangar_id datatype="int32">2343113</hangar_id>
</uppgift>
<uppgift>
<kod datatype="string">sv</kod>
<uppgift datatype="string">Industriarbetare.</uppgift>
<typ datatype="string">titlar</typ>
<intressent_id datatype="string">0121939297619</intressent_id>
<hangar_id datatype="int32">2343113</hangar_id>
</uppgift>
<uppgift>
<kod datatype="string">en</kod>
<uppgift datatype="string"></uppgift>
<typ datatype="string">titlar</typ>
<intressent_id datatype="string">0121939297619</intressent_id>
<hangar_id datatype="int32">2343113</hangar_id>
</uppgift>
<uppgift>
<kod datatype="string">KandiderarINastaVal</kod>
<uppgift datatype="string">true</uppgift>
<typ datatype="string">val</typ>
<intressent_id datatype="string">0121939297619</intressent_id>
<hangar_id datatype="int32">2343113</hangar_id>
</uppgift>
</personuppgift>
</person>
