<?xml version="1.0" encoding="utf-8" ?>
<person>
<hangar_guid datatype="guid">41d60213-696e-4ebb-99f3-3038bfc25328</hangar_guid>
<sourceid datatype="string">8f8cf53f-9bd3-464a-a4bd-0976a1ec2d5a</sourceid>
<intressent_id datatype="string">0655028250417</intressent_id>
<hangar_id datatype="int32">3057238</hangar_id>
<fodd_ar datatype="int16">1957</fodd_ar>
<kon datatype="string">kvinna</kon>
<efternamn datatype="string">Emilsson</efternamn>
<tilltalsnamn datatype="string">Lena</tilltalsnamn>
<sorteringsnamn datatype="string">Emilsson,Lena</sorteringsnamn>
<iort datatype="string"></iort>
<parti datatype="string">S</parti>
<valkrets datatype="string">Skåne läns västra</valkrets>
<status datatype="string">Tillgänglig ersättare</status>
<person_url_xml datatype="string">http://data.riksdagen.se/person/8f8cf53f-9bd3-464a-a4bd-0976a1ec2d5a</person_url_xml>
<bild_url_80 datatype="string">http://data.riksdagen.se/filarkiv/bilder/ledamot/8f8cf53f-9bd3-464a-a4bd-0976a1ec2d5a_80.jpg</bild_url_80>
<bild_url_192 datatype="string">http://data.riksdagen.se/filarkiv/bilder/ledamot/8f8cf53f-9bd3-464a-a4bd-0976a1ec2d5a_192.jpg</bild_url_192>
<bild_url_max datatype="string">http://data.riksdagen.se/filarkiv/bilder/ledamot/8f8cf53f-9bd3-464a-a4bd-0976a1ec2d5a_max.jpg</bild_url_max>
<personuppdrag>
<uppdrag>
<organ_kod datatype="string">kam</organ_kod>
<roll_kod datatype="string">Ersättare</roll_kod>
<ordningsnummer datatype="int32">329</ordningsnummer>
<status datatype="string">Ersättare</status>
<typ datatype="string">kammaruppdrag</typ>
<from datatype="datetime">2019-10-04</from>
<tom datatype="datetime">2019-11-03</tom>
<uppgift datatype="string">Ola Möller</uppgift>
<intressent_id datatype="string">0655028250417</intressent_id>
<hangar_id datatype="int32">3057238</hangar_id>
<sortering datatype="int32">45</sortering>
<organ_sortering datatype="int32">10</organ_sortering>
<uppdrag_rollsortering datatype="string">60</uppdrag_rollsortering>
<uppdrag_statussortering datatype="string">20</uppdrag_statussortering>
</uppdrag>
<uppdrag>
<organ_kod datatype="string">kam</organ_kod>
<roll_kod datatype="string">Ersättare</roll_kod>
<ordningsnummer datatype="int32">293</ordningsnummer>
<status datatype="string">Ersättare</status>
<typ datatype="string">kammaruppdrag</typ>
<from datatype="datetime">2018-11-25</from>
<tom datatype="datetime">2019-05-31</tom>
<uppgift datatype="string">Yasmine Bladelius</uppgift>
<intressent_id datatype="string">0655028250417</intressent_id>
<hangar_id datatype="int32">3057238</hangar_id>
<sortering datatype="int32">45</sortering>
<organ_sortering datatype="int32">10</organ_sortering>
<uppdrag_rollsortering datatype="string">60</uppdrag_rollsortering>
<uppdrag_statussortering datatype="string">20</uppdrag_statussortering>
</uppdrag>
<uppdrag>
<organ_kod datatype="string">kam</organ_kod>
<roll_kod datatype="string">Riksdagsledamot</roll_kod>
<ordningsnummer datatype="int32">292</ordningsnummer>
<status datatype="string">Tjänstgörande</status>
<typ datatype="string">kammaruppdrag</typ>
<from datatype="datetime">2014-09-29</from>
<tom datatype="datetime">2018-09-24</tom>
<uppgift datatype="string"></uppgift>
<intressent_id datatype="string">0655028250417</intressent_id>
<hangar_id datatype="int32">3057238</hangar_id>
<sortering datatype="int32">10</sortering>
<organ_sortering datatype="int32">10</organ_sortering>
<uppdrag_rollsortering datatype="string">60</uppdrag_rollsortering>
<uppdrag_statussortering datatype="string">10</uppdrag_statussortering>
</uppdrag>
<uppdrag>
<organ_kod datatype="string">DN</organ_kod>
<roll_kod datatype="string">Personlig ersättare</roll_kod>
<ordningsnummer datatype="int32">3</ordningsnummer>
<status datatype="string"></status>
<typ datatype="string">Riksdagsorgan</typ>
<from datatype="datetime">2015-01-01</from>
<tom datatype="datetime">2018-12-31</tom>
<uppgift datatype="string">Domarnämnden</uppgift>
<intressent_id datatype="string">0655028250417</intressent_id>
<hangar_id datatype="int32">3057238</hangar_id>
<sortering datatype="int32"></sortering>
<organ_sortering datatype="int32">300</organ_sortering>
<uppdrag_rollsortering datatype="string">90</uppdrag_rollsortering>
<uppdrag_statussortering datatype="string">90</uppdrag_statussortering>
</uppdrag>
<uppdrag>
<organ_kod datatype="string">NATO</organ_kod>
<roll_kod datatype="string">Suppleant</roll_kod>
<ordningsnummer datatype="int32">5</ordningsnummer>
<status datatype="string"></status>
<typ datatype="string">Riksdagsorgan</typ>
<from datatype="datetime">2014-10-28</from>
<tom datatype="datetime">2018-09-24</tom>
<uppgift datatype="string">Riksdagens delegation till Natos parlamentariska församling</uppgift>
<intressent_id datatype="string">0655028250417</intressent_id>
<hangar_id datatype="int32">3057238</hangar_id>
<sortering datatype="int32">50</sortering>
<organ_sortering datatype="int32">300</organ_sortering>
<uppdrag_rollsortering datatype="string">90</uppdrag_rollsortering>
<uppdrag_statussortering datatype="string">90</uppdrag_statussortering>
</uppdrag>
<uppdrag>
<organ_kod datatype="string">CU</organ_kod>
<roll_kod datatype="string">Extra suppleant</roll_kod>
<ordningsnummer datatype="int32">0</ordningsnummer>
<status datatype="string"></status>
<typ datatype="string">uppdrag</typ>
<from datatype="datetime">2019-10-04</from>
<tom datatype="datetime">2019-11-03</tom>
<uppgift datatype="string">Civilutskottet</uppgift>
<intressent_id datatype="string">0655028250417</intressent_id>
<hangar_id datatype="int32">3057238</hangar_id>
<sortering datatype="int32">55</sortering>
<organ_sortering datatype="int32">150</organ_sortering>
<uppdrag_rollsortering datatype="string">90</uppdrag_rollsortering>
<uppdrag_statussortering datatype="string">90</uppdrag_statussortering>
</uppdrag>
<uppdrag>
<organ_kod datatype="string">FöU</organ_kod>
<roll_kod datatype="string">Suppleant</roll_kod>
<ordningsnummer datatype="int32">8</ordningsnummer>
<status datatype="string"></status>
<typ datatype="string">uppdrag</typ>
<from datatype="datetime">2014-10-07</from>
<tom datatype="datetime">2018-09-24</tom>
<uppgift datatype="string">Försvarsutskottet</uppgift>
<intressent_id datatype="string">0655028250417</intressent_id>
<hangar_id datatype="int32">3057238</hangar_id>
<sortering datatype="int32">50</sortering>
<organ_sortering datatype="int32">150</organ_sortering>
<uppdrag_rollsortering datatype="string">90</uppdrag_rollsortering>
<uppdrag_statussortering datatype="string">90</uppdrag_statussortering>
</uppdrag>
<uppdrag>
<organ_kod datatype="string">SkU</organ_kod>
<roll_kod datatype="string">Extra suppleant</roll_kod>
<ordningsnummer datatype="int32">0</ordningsnummer>
<status datatype="string"></status>
<typ datatype="string">uppdrag</typ>
<from datatype="datetime">2019-10-04</from>
<tom datatype="datetime">2019-11-03</tom>
<uppgift datatype="string">Skatteutskottet</uppgift>
<intressent_id datatype="string">0655028250417</intressent_id>
<hangar_id datatype="int32">3057238</hangar_id>
<sortering datatype="int32">55</sortering>
<organ_sortering datatype="int32">150</organ_sortering>
<uppdrag_rollsortering datatype="string">90</uppdrag_rollsortering>
<uppdrag_statussortering datatype="string">90</uppdrag_statussortering>
</uppdrag>
<uppdrag>
<organ_kod datatype="string">SoU</organ_kod>
<roll_kod datatype="string">Extra suppleant</roll_kod>
<ordningsnummer datatype="int32">0</ordningsnummer>
<status datatype="string"></status>
<typ datatype="string">uppdrag</typ>
<from datatype="datetime">2018-11-27</from>
<tom datatype="datetime">2019-05-31</tom>
<uppgift datatype="string">Socialutskottet</uppgift>
<intressent_id datatype="string">0655028250417</intressent_id>
<hangar_id datatype="int32">3057238</hangar_id>
<sortering datatype="int32">55</sortering>
<organ_sortering datatype="int32">150</organ_sortering>
<uppdrag_rollsortering datatype="string">90</uppdrag_rollsortering>
<uppdrag_statussortering datatype="string">90</uppdrag_statussortering>
</uppdrag>
<uppdrag>
<organ_kod datatype="string">UbU</organ_kod>
<roll_kod datatype="string">Suppleant</roll_kod>
<ordningsnummer datatype="int32">1</ordningsnummer>
<status datatype="string"></status>
<typ datatype="string">uppdrag</typ>
<from datatype="datetime">2014-10-07</from>
<tom datatype="datetime">2018-09-24</tom>
<uppgift datatype="string">Utbildningsutskottet</uppgift>
<intressent_id datatype="string">0655028250417</intressent_id>
<hangar_id datatype="int32">3057238</hangar_id>
<sortering datatype="int32">50</sortering>
<organ_sortering datatype="int32">150</organ_sortering>
<uppdrag_rollsortering datatype="string">90</uppdrag_rollsortering>
<uppdrag_statussortering datatype="string">90</uppdrag_statussortering>
</uppdrag>
</personuppdrag>
<personuppgift>
<uppgift>
<kod datatype="string">sv</kod>
<uppgift datatype="string">Tulltjänsteman.</uppgift>
<typ datatype="string">titlar</typ>
<intressent_id datatype="string">0655028250417</intressent_id>
<hangar_id datatype="int32">3057238</hangar_id>
</uppgift>
<uppgift>
<kod datatype="string">en</kod>
<uppgift datatype="string"></uppgift>
<typ datatype="string">titlar</typ>
<intressent_id datatype="string">0655028250417</intressent_id>
<hangar_id datatype="int32">3057238</hangar_id>
</uppgift>
<uppgift>
<kod datatype="string">KandiderarINastaVal</kod>
<uppgift datatype="string">true</uppgift>
<typ datatype="string">val</typ>
<intressent_id datatype="string">0655028250417</intressent_id>
<hangar_id datatype="int32">3057238</hangar_id>
</uppgift>
</personuppgift>
</person>
