<?xml version="1.0" encoding="utf-8" ?>
<person>
<hangar_guid datatype="guid">c1232209-1479-4155-a3e2-c37e1e637590</hangar_guid>
<sourceid datatype="string">7148f820-85ef-4d3d-b024-cebd61016302</sourceid>
<intressent_id datatype="string"></intressent_id>
<hangar_id datatype="int32">4788867</hangar_id>
<fodd_ar datatype="int16">0</fodd_ar>
<kon datatype="string">kvinna</kon>
<efternamn datatype="string">Engström</efternamn>
<tilltalsnamn datatype="string">Linnéa</tilltalsnamn>
<sorteringsnamn datatype="string">Engström,Linnéa</sorteringsnamn>
<iort datatype="string"></iort>
<parti datatype="string">MP</parti>
<valkrets datatype="string"></valkrets>
<status datatype="string">Tidigare europaparlamentariker</status>
<person_url_xml datatype="string">http://data.riksdagen.se/person/7148f820-85ef-4d3d-b024-cebd61016302</person_url_xml>
<bild_url_80 datatype="string">http://data.riksdagen.se/filarkiv/bilder/ledamot/7148f820-85ef-4d3d-b024-cebd61016302_80.jpg</bild_url_80>
<bild_url_192 datatype="string">http://data.riksdagen.se/filarkiv/bilder/ledamot/7148f820-85ef-4d3d-b024-cebd61016302_192.jpg</bild_url_192>
<bild_url_max datatype="string">http://data.riksdagen.se/filarkiv/bilder/ledamot/7148f820-85ef-4d3d-b024-cebd61016302_max.jpg</bild_url_max>
<personuppdrag>
<uppdrag>
<organ_kod datatype="string">EP</organ_kod>
<roll_kod datatype="string">Ledamot</roll_kod>
<ordningsnummer datatype="int32">14</ordningsnummer>
<status datatype="string"></status>
<typ datatype="string">Europaparlamentet</typ>
<from datatype="datetime">2014-10-08</from>
<tom datatype="datetime">2019-07-02</tom>
<uppgift datatype="string">Europaparlamentet</uppgift>
<intressent_id datatype="string"></intressent_id>
<hangar_id datatype="int32">4788867</hangar_id>
<sortering datatype="int32">30</sortering>
<organ_sortering datatype="int32">100</organ_sortering>
<uppdrag_rollsortering datatype="string">90</uppdrag_rollsortering>
<uppdrag_statussortering datatype="string">90</uppdrag_statussortering>
</uppdrag>
</personuppdrag>
<personuppgift>
</personuppgift>
</person>
