<?xml version="1.0" encoding="utf-8" ?>
<person>
<hangar_guid datatype="guid">6fe29e53-9af0-40a5-b138-0b4f877cfdb1</hangar_guid>
<sourceid datatype="string">f03ff442-c476-11d4-ae40-006008578ce8</sourceid>
<intressent_id datatype="string">013322783509</intressent_id>
<hangar_id datatype="int32">2342204</hangar_id>
<fodd_ar datatype="int16">1943</fodd_ar>
<kon datatype="string">man</kon>
<efternamn datatype="string">Ericson</efternamn>
<tilltalsnamn datatype="string">Dag</tilltalsnamn>
<sorteringsnamn datatype="string">Ericson,Dag</sorteringsnamn>
<iort datatype="string"></iort>
<parti datatype="string">S</parti>
<valkrets datatype="string"></valkrets>
<status datatype="string">Tidigare riksdagsledamot</status>
<person_url_xml datatype="string">http://data.riksdagen.se/person/f03ff442-c476-11d4-ae40-006008578ce8</person_url_xml>
<bild_url_80 datatype="string">http://data.riksdagen.se/filarkiv/bilder/ledamot/f03ff442-c476-11d4-ae40-006008578ce8_80.jpg</bild_url_80>
<bild_url_192 datatype="string">http://data.riksdagen.se/filarkiv/bilder/ledamot/f03ff442-c476-11d4-ae40-006008578ce8_192.jpg</bild_url_192>
<bild_url_max datatype="string">http://data.riksdagen.se/filarkiv/bilder/ledamot/f03ff442-c476-11d4-ae40-006008578ce8_max.jpg</bild_url_max>
<personuppdrag>
<uppdrag>
<organ_kod datatype="string">kam</organ_kod>
<roll_kod datatype="string">Ersättare</roll_kod>
<ordningsnummer datatype="int32">0</ordningsnummer>
<status datatype="string">Ersättare</status>
<typ datatype="string">kammaruppdrag</typ>
<from datatype="datetime">2000-10-02</from>
<tom datatype="datetime">2001-05-31</tom>
<uppgift datatype="string">Pär Nuder</uppgift>
<intressent_id datatype="string">013322783509</intressent_id>
<hangar_id datatype="int32">2342204</hangar_id>
<sortering datatype="int32">45</sortering>
<organ_sortering datatype="int32">10</organ_sortering>
<uppdrag_rollsortering datatype="string">60</uppdrag_rollsortering>
<uppdrag_statussortering datatype="string">20</uppdrag_statussortering>
</uppdrag>
<uppdrag>
<organ_kod datatype="string">kam</organ_kod>
<roll_kod datatype="string">Riksdagsledamot</roll_kod>
<ordningsnummer datatype="int32">59</ordningsnummer>
<status datatype="string">Tjänstgörande</status>
<typ datatype="string">kammaruppdrag</typ>
<from datatype="datetime">1996-10-01</from>
<tom datatype="datetime">1998-10-05</tom>
<uppgift datatype="string"></uppgift>
<intressent_id datatype="string">013322783509</intressent_id>
<hangar_id datatype="int32">2342204</hangar_id>
<sortering datatype="int32">10</sortering>
<organ_sortering datatype="int32">10</organ_sortering>
<uppdrag_rollsortering datatype="string">60</uppdrag_rollsortering>
<uppdrag_statussortering datatype="string">10</uppdrag_statussortering>
</uppdrag>
<uppdrag>
<organ_kod datatype="string">kam</organ_kod>
<roll_kod datatype="string">Ersättare</roll_kod>
<ordningsnummer datatype="int32">28</ordningsnummer>
<status datatype="string">Ersättare</status>
<typ datatype="string">kammaruppdrag</typ>
<from datatype="datetime">1996-03-23</from>
<tom datatype="datetime">1996-09-30</tom>
<uppgift datatype="string">Thage G Peterson</uppgift>
<intressent_id datatype="string">013322783509</intressent_id>
<hangar_id datatype="int32">2342204</hangar_id>
<sortering datatype="int32">45</sortering>
<organ_sortering datatype="int32">10</organ_sortering>
<uppdrag_rollsortering datatype="string">60</uppdrag_rollsortering>
<uppdrag_statussortering datatype="string">20</uppdrag_statussortering>
</uppdrag>
<uppdrag>
<organ_kod datatype="string">kam</organ_kod>
<roll_kod datatype="string">Ersättare</roll_kod>
<ordningsnummer datatype="int32">41</ordningsnummer>
<status datatype="string">Ersättare</status>
<typ datatype="string">kammaruppdrag</typ>
<from datatype="datetime">1995-10-10</from>
<tom datatype="datetime">1996-03-22</tom>
<uppgift datatype="string">Ingela Thalén</uppgift>
<intressent_id datatype="string">013322783509</intressent_id>
<hangar_id datatype="int32">2342204</hangar_id>
<sortering datatype="int32">45</sortering>
<organ_sortering datatype="int32">10</organ_sortering>
<uppdrag_rollsortering datatype="string">60</uppdrag_rollsortering>
<uppdrag_statussortering datatype="string">20</uppdrag_statussortering>
</uppdrag>
<uppdrag>
<organ_kod datatype="string">kam</organ_kod>
<roll_kod datatype="string">Ersättare</roll_kod>
<ordningsnummer datatype="int32">28</ordningsnummer>
<status datatype="string">Ersättare</status>
<typ datatype="string">kammaruppdrag</typ>
<from datatype="datetime">1994-10-07</from>
<tom datatype="datetime">1994-10-09</tom>
<uppgift datatype="string">Thage G Peterson</uppgift>
<intressent_id datatype="string">013322783509</intressent_id>
<hangar_id datatype="int32">2342204</hangar_id>
<sortering datatype="int32">45</sortering>
<organ_sortering datatype="int32">10</organ_sortering>
<uppdrag_rollsortering datatype="string">60</uppdrag_rollsortering>
<uppdrag_statussortering datatype="string">20</uppdrag_statussortering>
</uppdrag>
<uppdrag>
<organ_kod datatype="string">kam</organ_kod>
<roll_kod datatype="string">Ersättare</roll_kod>
<ordningsnummer datatype="int32">36</ordningsnummer>
<status datatype="string">Ersättare</status>
<typ datatype="string">kammaruppdrag</typ>
<from datatype="datetime">1990-07-01</from>
<tom datatype="datetime">1991-09-30</tom>
<uppgift datatype="string">Thage G Peterson</uppgift>
<intressent_id datatype="string">013322783509</intressent_id>
<hangar_id datatype="int32">2342204</hangar_id>
<sortering datatype="int32">45</sortering>
<organ_sortering datatype="int32">10</organ_sortering>
<uppdrag_rollsortering datatype="string">60</uppdrag_rollsortering>
<uppdrag_statussortering datatype="string">20</uppdrag_statussortering>
</uppdrag>
<uppdrag>
<organ_kod datatype="string">FöU</organ_kod>
<roll_kod datatype="string">Suppleant</roll_kod>
<ordningsnummer datatype="int32">0</ordningsnummer>
<status datatype="string"></status>
<typ datatype="string">uppdrag</typ>
<from datatype="datetime">1995-10-11</from>
<tom datatype="datetime">1998-10-04</tom>
<uppgift datatype="string">Försvarsutskottet</uppgift>
<intressent_id datatype="string">013322783509</intressent_id>
<hangar_id datatype="int32">2342204</hangar_id>
<sortering datatype="int32">50</sortering>
<organ_sortering datatype="int32">150</organ_sortering>
<uppdrag_rollsortering datatype="string">90</uppdrag_rollsortering>
<uppdrag_statussortering datatype="string">90</uppdrag_statussortering>
</uppdrag>
<uppdrag>
<organ_kod datatype="string">MJU</organ_kod>
<roll_kod datatype="string">Suppleant</roll_kod>
<ordningsnummer datatype="int32">0</ordningsnummer>
<status datatype="string"></status>
<typ datatype="string">uppdrag</typ>
<from datatype="datetime">1990-10-04</from>
<tom datatype="datetime">1991-09-29</tom>
<uppgift datatype="string">Miljö- och jordbruksutskottet</uppgift>
<intressent_id datatype="string">013322783509</intressent_id>
<hangar_id datatype="int32">2342204</hangar_id>
<sortering datatype="int32">50</sortering>
<organ_sortering datatype="int32">150</organ_sortering>
<uppdrag_rollsortering datatype="string">90</uppdrag_rollsortering>
<uppdrag_statussortering datatype="string">90</uppdrag_statussortering>
</uppdrag>
<uppdrag>
<organ_kod datatype="string">NU</organ_kod>
<roll_kod datatype="string">Ledamot</roll_kod>
<ordningsnummer datatype="int32">0</ordningsnummer>
<status datatype="string"></status>
<typ datatype="string">uppdrag</typ>
<from datatype="datetime">1996-02-01</from>
<tom datatype="datetime">1998-10-04</tom>
<uppgift datatype="string">Näringsutskottet</uppgift>
<intressent_id datatype="string">013322783509</intressent_id>
<hangar_id datatype="int32">2342204</hangar_id>
<sortering datatype="int32">30</sortering>
<organ_sortering datatype="int32">150</organ_sortering>
<uppdrag_rollsortering datatype="string">90</uppdrag_rollsortering>
<uppdrag_statussortering datatype="string">90</uppdrag_statussortering>
</uppdrag>
<uppdrag>
<organ_kod datatype="string">NU</organ_kod>
<roll_kod datatype="string">Suppleant</roll_kod>
<ordningsnummer datatype="int32">0</ordningsnummer>
<status datatype="string"></status>
<typ datatype="string">uppdrag</typ>
<from datatype="datetime">1995-10-11</from>
<tom datatype="datetime">1996-01-31</tom>
<uppgift datatype="string">Näringsutskottet</uppgift>
<intressent_id datatype="string">013322783509</intressent_id>
<hangar_id datatype="int32">2342204</hangar_id>
<sortering datatype="int32">50</sortering>
<organ_sortering datatype="int32">150</organ_sortering>
<uppdrag_rollsortering datatype="string">90</uppdrag_rollsortering>
<uppdrag_statussortering datatype="string">90</uppdrag_statussortering>
</uppdrag>
<uppdrag>
<organ_kod datatype="string">NU</organ_kod>
<roll_kod datatype="string">Ledamot</roll_kod>
<ordningsnummer datatype="int32">0</ordningsnummer>
<status datatype="string"></status>
<typ datatype="string">uppdrag</typ>
<from datatype="datetime">1995-01-19</from>
<tom datatype="datetime">1995-10-10</tom>
<uppgift datatype="string">Näringsutskottet</uppgift>
<intressent_id datatype="string">013322783509</intressent_id>
<hangar_id datatype="int32">2342204</hangar_id>
<sortering datatype="int32">30</sortering>
<organ_sortering datatype="int32">150</organ_sortering>
<uppdrag_rollsortering datatype="string">90</uppdrag_rollsortering>
<uppdrag_statussortering datatype="string">90</uppdrag_statussortering>
</uppdrag>
<uppdrag>
<organ_kod datatype="string">NU</organ_kod>
<roll_kod datatype="string">Suppleant</roll_kod>
<ordningsnummer datatype="int32">0</ordningsnummer>
<status datatype="string"></status>
<typ datatype="string">uppdrag</typ>
<from datatype="datetime">1994-10-11</from>
<tom datatype="datetime">1995-01-18</tom>
<uppgift datatype="string">Näringsutskottet</uppgift>
<intressent_id datatype="string">013322783509</intressent_id>
<hangar_id datatype="int32">2342204</hangar_id>
<sortering datatype="int32">50</sortering>
<organ_sortering datatype="int32">150</organ_sortering>
<uppdrag_rollsortering datatype="string">90</uppdrag_rollsortering>
<uppdrag_statussortering datatype="string">90</uppdrag_statussortering>
</uppdrag>
<uppdrag>
<organ_kod datatype="string">UbU</organ_kod>
<roll_kod datatype="string">Suppleant</roll_kod>
<ordningsnummer datatype="int32">0</ordningsnummer>
<status datatype="string"></status>
<typ datatype="string">uppdrag</typ>
<from datatype="datetime">1994-10-11</from>
<tom datatype="datetime">1995-10-11</tom>
<uppgift datatype="string">Utbildningsutskottet</uppgift>
<intressent_id datatype="string">013322783509</intressent_id>
<hangar_id datatype="int32">2342204</hangar_id>
<sortering datatype="int32">50</sortering>
<organ_sortering datatype="int32">150</organ_sortering>
<uppdrag_rollsortering datatype="string">90</uppdrag_rollsortering>
<uppdrag_statussortering datatype="string">90</uppdrag_statussortering>
</uppdrag>
<uppdrag>
<organ_kod datatype="string">BoU</organ_kod>
<roll_kod datatype="string">Suppleant</roll_kod>
<ordningsnummer datatype="int32">0</ordningsnummer>
<status datatype="string"></status>
<typ datatype="string">uppdrag</typ>
<from datatype="datetime">2000-10-13</from>
<tom datatype="datetime">2001-05-31</tom>
<uppgift datatype="string">Bostadsutskottet</uppgift>
<intressent_id datatype="string">013322783509</intressent_id>
<hangar_id datatype="int32">2342204</hangar_id>
<sortering datatype="int32">50</sortering>
<organ_sortering datatype="int32">165</organ_sortering>
<uppdrag_rollsortering datatype="string">90</uppdrag_rollsortering>
<uppdrag_statussortering datatype="string">90</uppdrag_statussortering>
</uppdrag>
</personuppdrag>
<personuppgift>
<uppgift>
<kod datatype="string">sv</kod>
<uppgift datatype="string">småföretagare</uppgift>
<typ datatype="string">titlar</typ>
<intressent_id datatype="string">013322783509</intressent_id>
<hangar_id datatype="int32">2342204</hangar_id>
</uppgift>
<uppgift>
<kod datatype="string">en</kod>
<uppgift datatype="string"></uppgift>
<typ datatype="string">titlar</typ>
<intressent_id datatype="string">013322783509</intressent_id>
<hangar_id datatype="int32">2342204</hangar_id>
</uppgift>
</personuppgift>
</person>
