<?xml version="1.0" encoding="utf-8" ?>
<person>
<hangar_guid datatype="guid">996ad844-1c61-4712-a689-e084a6ac32bc</hangar_guid>
<sourceid datatype="string">8bd94dfc-abec-476d-9f48-090a2f8c0a86</sourceid>
<intressent_id datatype="string">0574355225922</intressent_id>
<hangar_id datatype="int32">3057141</hangar_id>
<fodd_ar datatype="int16">1975</fodd_ar>
<kon datatype="string">man</kon>
<efternamn datatype="string">Eriksson</efternamn>
<tilltalsnamn datatype="string">Fredrik</tilltalsnamn>
<sorteringsnamn datatype="string">Eriksson,Fredrik</sorteringsnamn>
<iort datatype="string"></iort>
<parti datatype="string">SD</parti>
<valkrets datatype="string">Västra Götalands läns västra</valkrets>
<status datatype="string">Tillgänglig ersättare</status>
<person_url_xml datatype="string">http://data.riksdagen.se/person/8bd94dfc-abec-476d-9f48-090a2f8c0a86</person_url_xml>
<bild_url_80 datatype="string">http://data.riksdagen.se/filarkiv/bilder/ledamot/8bd94dfc-abec-476d-9f48-090a2f8c0a86_80.jpg</bild_url_80>
<bild_url_192 datatype="string">http://data.riksdagen.se/filarkiv/bilder/ledamot/8bd94dfc-abec-476d-9f48-090a2f8c0a86_192.jpg</bild_url_192>
<bild_url_max datatype="string">http://data.riksdagen.se/filarkiv/bilder/ledamot/8bd94dfc-abec-476d-9f48-090a2f8c0a86_max.jpg</bild_url_max>
<personuppdrag>
<uppdrag>
<organ_kod datatype="string">kam</organ_kod>
<roll_kod datatype="string">Riksdagsledamot</roll_kod>
<ordningsnummer datatype="int32">223</ordningsnummer>
<status datatype="string">Tjänstgörande</status>
<typ datatype="string">kammaruppdrag</typ>
<from datatype="datetime">2014-12-22</from>
<tom datatype="datetime">2018-09-24</tom>
<uppgift datatype="string"></uppgift>
<intressent_id datatype="string">0574355225922</intressent_id>
<hangar_id datatype="int32">3057141</hangar_id>
<sortering datatype="int32">10</sortering>
<organ_sortering datatype="int32">10</organ_sortering>
<uppdrag_rollsortering datatype="string">60</uppdrag_rollsortering>
<uppdrag_statussortering datatype="string">10</uppdrag_statussortering>
</uppdrag>
<uppdrag>
<organ_kod datatype="string">kam</organ_kod>
<roll_kod datatype="string">Ersättare</roll_kod>
<ordningsnummer datatype="int32">290</ordningsnummer>
<status datatype="string">Ersättare</status>
<typ datatype="string">kammaruppdrag</typ>
<from datatype="datetime">2014-10-22</from>
<tom datatype="datetime">2014-12-21</tom>
<uppgift datatype="string">Jimmie Åkesson</uppgift>
<intressent_id datatype="string">0574355225922</intressent_id>
<hangar_id datatype="int32">3057141</hangar_id>
<sortering datatype="int32">45</sortering>
<organ_sortering datatype="int32">10</organ_sortering>
<uppdrag_rollsortering datatype="string">60</uppdrag_rollsortering>
<uppdrag_statussortering datatype="string">20</uppdrag_statussortering>
</uppdrag>
<uppdrag>
<organ_kod datatype="string">KU</organ_kod>
<roll_kod datatype="string">Ledamot</roll_kod>
<ordningsnummer datatype="int32">13</ordningsnummer>
<status datatype="string"></status>
<typ datatype="string">uppdrag</typ>
<from datatype="datetime">2015-01-22</from>
<tom datatype="datetime">2018-09-24</tom>
<uppgift datatype="string">Konstitutionsutskottet</uppgift>
<intressent_id datatype="string">0574355225922</intressent_id>
<hangar_id datatype="int32">3057141</hangar_id>
<sortering datatype="int32">30</sortering>
<organ_sortering datatype="int32">150</organ_sortering>
<uppdrag_rollsortering datatype="string">90</uppdrag_rollsortering>
<uppdrag_statussortering datatype="string">90</uppdrag_statussortering>
</uppdrag>
</personuppdrag>
<personuppgift>
<uppgift>
<kod datatype="string">Officiell e-postadress</kod>
<uppgift datatype="string">fredrik.p.eriksson[på]riksdagen.se</uppgift>
<typ datatype="string">eadress</typ>
<intressent_id datatype="string">0574355225922</intressent_id>
<hangar_id datatype="int32">3057141</hangar_id>
</uppgift>
<uppgift>
<kod datatype="string">sv</kod>
<uppgift datatype="string">Projektledare.</uppgift>
<typ datatype="string">titlar</typ>
<intressent_id datatype="string">0574355225922</intressent_id>
<hangar_id datatype="int32">3057141</hangar_id>
</uppgift>
<uppgift>
<kod datatype="string">en</kod>
<uppgift datatype="string"></uppgift>
<typ datatype="string">titlar</typ>
<intressent_id datatype="string">0574355225922</intressent_id>
<hangar_id datatype="int32">3057141</hangar_id>
</uppgift>
<uppgift>
<kod datatype="string">KandiderarINastaVal</kod>
<uppgift datatype="string">true</uppgift>
<typ datatype="string">val</typ>
<intressent_id datatype="string">0574355225922</intressent_id>
<hangar_id datatype="int32">3057141</hangar_id>
</uppgift>
</personuppgift>
</person>
