<?xml version="1.0" encoding="utf-8" ?>
<person>
<hangar_guid datatype="guid">6e246566-8619-4bb9-b2bb-230a2123a29a</hangar_guid>
<sourceid datatype="string">629ca13f-4191-4211-993b-25b4711069bd</sourceid>
<intressent_id datatype="string">0497565513923</intressent_id>
<hangar_id datatype="int32">2343609</hangar_id>
<fodd_ar datatype="int16">1976</fodd_ar>
<kon datatype="string">kvinna</kon>
<efternamn datatype="string">Eriksson</efternamn>
<tilltalsnamn datatype="string">Ziita</tilltalsnamn>
<sorteringsnamn datatype="string">Eriksson,Ziita</sorteringsnamn>
<iort datatype="string"></iort>
<parti datatype="string">M</parti>
<valkrets datatype="string">Gävleborgs län</valkrets>
<status datatype="string">Tidigare ersättare</status>
<person_url_xml datatype="string">http://data.riksdagen.se/person/629ca13f-4191-4211-993b-25b4711069bd</person_url_xml>
<bild_url_80 datatype="string">http://data.riksdagen.se/filarkiv/bilder/ledamot/629ca13f-4191-4211-993b-25b4711069bd_80.jpg</bild_url_80>
<bild_url_192 datatype="string">http://data.riksdagen.se/filarkiv/bilder/ledamot/629ca13f-4191-4211-993b-25b4711069bd_192.jpg</bild_url_192>
<bild_url_max datatype="string">http://data.riksdagen.se/filarkiv/bilder/ledamot/629ca13f-4191-4211-993b-25b4711069bd_max.jpg</bild_url_max>
<personuppdrag>
<uppdrag>
<organ_kod datatype="string">kam</organ_kod>
<roll_kod datatype="string">Ersättare</roll_kod>
<ordningsnummer datatype="int32">137</ordningsnummer>
<status datatype="string">Ersättare</status>
<typ datatype="string">kammaruppdrag</typ>
<from datatype="datetime">2013-09-18</from>
<tom datatype="datetime">2013-12-08</tom>
<uppgift datatype="string">Tomas Tobé</uppgift>
<intressent_id datatype="string">0497565513923</intressent_id>
<hangar_id datatype="int32">2343609</hangar_id>
<sortering datatype="int32">45</sortering>
<organ_sortering datatype="int32">10</organ_sortering>
<uppdrag_rollsortering datatype="string">60</uppdrag_rollsortering>
<uppdrag_statussortering datatype="string">20</uppdrag_statussortering>
</uppdrag>
<uppdrag>
<organ_kod datatype="string">UbU</organ_kod>
<roll_kod datatype="string">Extra suppleant</roll_kod>
<ordningsnummer datatype="int32">0</ordningsnummer>
<status datatype="string"></status>
<typ datatype="string">uppdrag</typ>
<from datatype="datetime">2013-09-18</from>
<tom datatype="datetime">2013-12-08</tom>
<uppgift datatype="string">Utbildningsutskottet</uppgift>
<intressent_id datatype="string">0497565513923</intressent_id>
<hangar_id datatype="int32">2343609</hangar_id>
<sortering datatype="int32">55</sortering>
<organ_sortering datatype="int32">150</organ_sortering>
<uppdrag_rollsortering datatype="string">90</uppdrag_rollsortering>
<uppdrag_statussortering datatype="string">90</uppdrag_statussortering>
</uppdrag>
</personuppdrag>
<personuppgift>
<uppgift>
<kod datatype="string">Officiell e-postadress</kod>
<uppgift datatype="string">ziita.eriksson[på]riksdagen.se</uppgift>
<typ datatype="string">eadress</typ>
<intressent_id datatype="string">0497565513923</intressent_id>
<hangar_id datatype="int32">2343609</hangar_id>
</uppgift>
</personuppgift>
</person>
