<?xml version="1.0" encoding="utf-8" ?>
<person>
<hangar_guid datatype="guid">00fa2b1e-01bf-446e-8400-3c8b8d7df16c</hangar_guid>
<sourceid datatype="string">7af9e12f-26f7-4712-b20f-05647991f50a</sourceid>
<intressent_id datatype="string">0322353141309</intressent_id>
<hangar_id datatype="int32">2342331</hangar_id>
<fodd_ar datatype="int16">1945</fodd_ar>
<kon datatype="string">man</kon>
<efternamn datatype="string">Eriksson</efternamn>
<tilltalsnamn datatype="string">Ulf</tilltalsnamn>
<sorteringsnamn datatype="string">Eriksson,Ulf</sorteringsnamn>
<iort datatype="string"></iort>
<parti datatype="string">NYD</parti>
<valkrets datatype="string"></valkrets>
<status datatype="string">Tidigare riksdagsledamot</status>
<person_url_xml datatype="string">http://data.riksdagen.se/person/7af9e12f-26f7-4712-b20f-05647991f50a</person_url_xml>
<bild_url_80 datatype="string">http://data.riksdagen.se/filarkiv/bilder/ledamot/7af9e12f-26f7-4712-b20f-05647991f50a_80.jpg</bild_url_80>
<bild_url_192 datatype="string">http://data.riksdagen.se/filarkiv/bilder/ledamot/7af9e12f-26f7-4712-b20f-05647991f50a_192.jpg</bild_url_192>
<bild_url_max datatype="string">http://data.riksdagen.se/filarkiv/bilder/ledamot/7af9e12f-26f7-4712-b20f-05647991f50a_max.jpg</bild_url_max>
<personuppdrag>
<uppdrag>
<organ_kod datatype="string">kam</organ_kod>
<roll_kod datatype="string">Riksdagsledamot</roll_kod>
<ordningsnummer datatype="int32">310</ordningsnummer>
<status datatype="string">Tjänstgörande</status>
<typ datatype="string">kammaruppdrag</typ>
<from datatype="datetime">1991-09-30</from>
<tom datatype="datetime">1994-10-03</tom>
<uppgift datatype="string"></uppgift>
<intressent_id datatype="string">0322353141309</intressent_id>
<hangar_id datatype="int32">2342331</hangar_id>
<sortering datatype="int32">10</sortering>
<organ_sortering datatype="int32">10</organ_sortering>
<uppdrag_rollsortering datatype="string">60</uppdrag_rollsortering>
<uppdrag_statussortering datatype="string">10</uppdrag_statussortering>
</uppdrag>
<uppdrag>
<organ_kod datatype="string">FiU</organ_kod>
<roll_kod datatype="string">Suppleant</roll_kod>
<ordningsnummer datatype="int32">0</ordningsnummer>
<status datatype="string"></status>
<typ datatype="string">uppdrag</typ>
<from datatype="datetime">1991-10-08</from>
<tom datatype="datetime">1992-03-22</tom>
<uppgift datatype="string">Finansutskottet</uppgift>
<intressent_id datatype="string">0322353141309</intressent_id>
<hangar_id datatype="int32">2342331</hangar_id>
<sortering datatype="int32">50</sortering>
<organ_sortering datatype="int32">150</organ_sortering>
<uppdrag_rollsortering datatype="string">90</uppdrag_rollsortering>
<uppdrag_statussortering datatype="string">90</uppdrag_statussortering>
</uppdrag>
<uppdrag>
<organ_kod datatype="string">JuU</organ_kod>
<roll_kod datatype="string">Suppleant</roll_kod>
<ordningsnummer datatype="int32">0</ordningsnummer>
<status datatype="string"></status>
<typ datatype="string">uppdrag</typ>
<from datatype="datetime">1992-03-23</from>
<tom datatype="datetime">1994-10-02</tom>
<uppgift datatype="string">Justitieutskottet</uppgift>
<intressent_id datatype="string">0322353141309</intressent_id>
<hangar_id datatype="int32">2342331</hangar_id>
<sortering datatype="int32">50</sortering>
<organ_sortering datatype="int32">150</organ_sortering>
<uppdrag_rollsortering datatype="string">90</uppdrag_rollsortering>
<uppdrag_statussortering datatype="string">90</uppdrag_statussortering>
</uppdrag>
<uppdrag>
<organ_kod datatype="string">SkU</organ_kod>
<roll_kod datatype="string">Suppleant</roll_kod>
<ordningsnummer datatype="int32">0</ordningsnummer>
<status datatype="string"></status>
<typ datatype="string">uppdrag</typ>
<from datatype="datetime">1991-10-08</from>
<tom datatype="datetime">1994-10-02</tom>
<uppgift datatype="string">Skatteutskottet</uppgift>
<intressent_id datatype="string">0322353141309</intressent_id>
<hangar_id datatype="int32">2342331</hangar_id>
<sortering datatype="int32">50</sortering>
<organ_sortering datatype="int32">150</organ_sortering>
<uppdrag_rollsortering datatype="string">90</uppdrag_rollsortering>
<uppdrag_statussortering datatype="string">90</uppdrag_statussortering>
</uppdrag>
</personuppdrag>
<personuppgift>
<uppgift>
<kod datatype="string">sv</kod>
<uppgift datatype="string">ekonom</uppgift>
<typ datatype="string">titlar</typ>
<intressent_id datatype="string">0322353141309</intressent_id>
<hangar_id datatype="int32">2342331</hangar_id>
</uppgift>
<uppgift>
<kod datatype="string">en</kod>
<uppgift datatype="string"></uppgift>
<typ datatype="string">titlar</typ>
<intressent_id datatype="string">0322353141309</intressent_id>
<hangar_id datatype="int32">2342331</hangar_id>
</uppgift>
</personuppgift>
</person>
