<?xml version="1.0" encoding="utf-8" ?>
<person>
<hangar_guid datatype="guid">d93d446f-b3d2-403d-970f-83a6e916fb9a</hangar_guid>
<sourceid datatype="string">ae22d593-d382-40dc-918c-df30916b6d9e</sourceid>
<intressent_id datatype="string">0331791853028</intressent_id>
<hangar_id datatype="int32">5003669</hangar_id>
<fodd_ar datatype="int16">1989</fodd_ar>
<kon datatype="string">kvinna</kon>
<efternamn datatype="string">Eriksson</efternamn>
<tilltalsnamn datatype="string">Yasmine</tilltalsnamn>
<sorteringsnamn datatype="string">Eriksson,Yasmine</sorteringsnamn>
<iort datatype="string"></iort>
<parti datatype="string">SD</parti>
<valkrets datatype="string">Stockholms kommun</valkrets>
<status datatype="string">Tjänstgörande riksdagsledamot</status>
<person_url_xml datatype="string">http://data.riksdagen.se/person/ae22d593-d382-40dc-918c-df30916b6d9e</person_url_xml>
<bild_url_80 datatype="string">http://data.riksdagen.se/filarkiv/bilder/ledamot/ae22d593-d382-40dc-918c-df30916b6d9e_80.jpg</bild_url_80>
<bild_url_192 datatype="string">http://data.riksdagen.se/filarkiv/bilder/ledamot/ae22d593-d382-40dc-918c-df30916b6d9e_192.jpg</bild_url_192>
<bild_url_max datatype="string">http://data.riksdagen.se/filarkiv/bilder/ledamot/ae22d593-d382-40dc-918c-df30916b6d9e_max.jpg</bild_url_max>
<personuppdrag>
<uppdrag>
<organ_kod datatype="string">kam</organ_kod>
<roll_kod datatype="string">Riksdagsledamot</roll_kod>
<ordningsnummer datatype="int32">316</ordningsnummer>
<status datatype="string">Tjänstgörande</status>
<typ datatype="string">kammaruppdrag</typ>
<from datatype="datetime">2018-09-24</from>
<tom datatype="datetime">2022-09-26</tom>
<uppgift datatype="string"></uppgift>
<intressent_id datatype="string">0331791853028</intressent_id>
<hangar_id datatype="int32">5003669</hangar_id>
<sortering datatype="int32">10</sortering>
<organ_sortering datatype="int32">10</organ_sortering>
<uppdrag_rollsortering datatype="string">60</uppdrag_rollsortering>
<uppdrag_statussortering datatype="string">10</uppdrag_statussortering>
</uppdrag>
<uppdrag>
<organ_kod datatype="string">CU</organ_kod>
<roll_kod datatype="string">Suppleant</roll_kod>
<ordningsnummer datatype="int32">10</ordningsnummer>
<status datatype="string"></status>
<typ datatype="string">uppdrag</typ>
<from datatype="datetime">2018-10-02</from>
<tom datatype="datetime">2022-09-26</tom>
<uppgift datatype="string">Civilutskottet</uppgift>
<intressent_id datatype="string">0331791853028</intressent_id>
<hangar_id datatype="int32">5003669</hangar_id>
<sortering datatype="int32">50</sortering>
<organ_sortering datatype="int32">150</organ_sortering>
<uppdrag_rollsortering datatype="string">90</uppdrag_rollsortering>
<uppdrag_statussortering datatype="string">90</uppdrag_statussortering>
</uppdrag>
<uppdrag>
<organ_kod datatype="string">FöU</organ_kod>
<roll_kod datatype="string">Suppleant</roll_kod>
<ordningsnummer datatype="int32">19</ordningsnummer>
<status datatype="string"></status>
<typ datatype="string">uppdrag</typ>
<from datatype="datetime">2019-06-18</from>
<tom datatype="datetime">2022-09-26</tom>
<uppgift datatype="string">Försvarsutskottet</uppgift>
<intressent_id datatype="string">0331791853028</intressent_id>
<hangar_id datatype="int32">5003669</hangar_id>
<sortering datatype="int32">50</sortering>
<organ_sortering datatype="int32">150</organ_sortering>
<uppdrag_rollsortering datatype="string">90</uppdrag_rollsortering>
<uppdrag_statussortering datatype="string">90</uppdrag_statussortering>
</uppdrag>
<uppdrag>
<organ_kod datatype="string">MJU</organ_kod>
<roll_kod datatype="string">Suppleant</roll_kod>
<ordningsnummer datatype="int32">5</ordningsnummer>
<status datatype="string"></status>
<typ datatype="string">uppdrag</typ>
<from datatype="datetime">2018-10-02</from>
<tom datatype="datetime">2022-09-26</tom>
<uppgift datatype="string">Miljö- och jordbruksutskottet</uppgift>
<intressent_id datatype="string">0331791853028</intressent_id>
<hangar_id datatype="int32">5003669</hangar_id>
<sortering datatype="int32">50</sortering>
<organ_sortering datatype="int32">150</organ_sortering>
<uppdrag_rollsortering datatype="string">90</uppdrag_rollsortering>
<uppdrag_statussortering datatype="string">90</uppdrag_statussortering>
</uppdrag>
<uppdrag>
<organ_kod datatype="string">NU</organ_kod>
<roll_kod datatype="string">Suppleant</roll_kod>
<ordningsnummer datatype="int32">15</ordningsnummer>
<status datatype="string"></status>
<typ datatype="string">uppdrag</typ>
<from datatype="datetime">2019-06-18</from>
<tom datatype="datetime">2022-09-26</tom>
<uppgift datatype="string">Näringsutskottet</uppgift>
<intressent_id datatype="string">0331791853028</intressent_id>
<hangar_id datatype="int32">5003669</hangar_id>
<sortering datatype="int32">50</sortering>
<organ_sortering datatype="int32">150</organ_sortering>
<uppdrag_rollsortering datatype="string">90</uppdrag_rollsortering>
<uppdrag_statussortering datatype="string">90</uppdrag_statussortering>
</uppdrag>
<uppdrag>
<organ_kod datatype="string">TU</organ_kod>
<roll_kod datatype="string">Suppleant</roll_kod>
<ordningsnummer datatype="int32">20</ordningsnummer>
<status datatype="string"></status>
<typ datatype="string">uppdrag</typ>
<from datatype="datetime">2018-10-16</from>
<tom datatype="datetime">2022-09-26</tom>
<uppgift datatype="string">Trafikutskottet</uppgift>
<intressent_id datatype="string">0331791853028</intressent_id>
<hangar_id datatype="int32">5003669</hangar_id>
<sortering datatype="int32">50</sortering>
<organ_sortering datatype="int32">150</organ_sortering>
<uppdrag_rollsortering datatype="string">90</uppdrag_rollsortering>
<uppdrag_statussortering datatype="string">90</uppdrag_statussortering>
</uppdrag>
</personuppdrag>
<personuppgift>
<uppgift>
<kod datatype="string">Officiell e-postadress</kod>
<uppgift datatype="string">yasmine.eriksson[på]riksdagen.se</uppgift>
<typ datatype="string">eadress</typ>
<intressent_id datatype="string">0331791853028</intressent_id>
<hangar_id datatype="int32">5003669</hangar_id>
</uppgift>
<uppgift>
<kod datatype="string">Tjänstetelefon</kod>
<uppgift datatype="string">65430</uppgift>
<typ datatype="string">telefonnummer</typ>
<intressent_id datatype="string">0331791853028</intressent_id>
<hangar_id datatype="int32">5003669</hangar_id>
</uppgift>
<uppgift>
<kod datatype="string">sv</kod>
<uppgift datatype="string">Pressassistent.</uppgift>
<typ datatype="string">titlar</typ>
<intressent_id datatype="string">0331791853028</intressent_id>
<hangar_id datatype="int32">5003669</hangar_id>
</uppgift>
<uppgift>
<kod datatype="string">en</kod>
<uppgift datatype="string"></uppgift>
<typ datatype="string">titlar</typ>
<intressent_id datatype="string">0331791853028</intressent_id>
<hangar_id datatype="int32">5003669</hangar_id>
</uppgift>
</personuppgift>
</person>
