<?xml version="1.0" encoding="utf-8" ?>
<person>
<hangar_guid datatype="guid">2a612896-955e-4f4b-bd33-4ddcd4cd79c0</hangar_guid>
<sourceid datatype="string">b67316c8-173c-46aa-b561-fbe617fa4310</sourceid>
<intressent_id datatype="string">0988383147219</intressent_id>
<hangar_id datatype="int32">2343450</hangar_id>
<fodd_ar datatype="int16">1970</fodd_ar>
<kon datatype="string">man</kon>
<efternamn datatype="string">Eriksson</efternamn>
<tilltalsnamn datatype="string">Lars</tilltalsnamn>
<sorteringsnamn datatype="string">Eriksson,Lars</sorteringsnamn>
<iort datatype="string"></iort>
<parti datatype="string">S</parti>
<valkrets datatype="string">Västmanlands län</valkrets>
<status datatype="string">Tidigare riksdagsledamot</status>
<person_url_xml datatype="string">http://data.riksdagen.se/person/b67316c8-173c-46aa-b561-fbe617fa4310</person_url_xml>
<bild_url_80 datatype="string">http://data.riksdagen.se/filarkiv/bilder/ledamot/b67316c8-173c-46aa-b561-fbe617fa4310_80.jpg</bild_url_80>
<bild_url_192 datatype="string">http://data.riksdagen.se/filarkiv/bilder/ledamot/b67316c8-173c-46aa-b561-fbe617fa4310_192.jpg</bild_url_192>
<bild_url_max datatype="string">http://data.riksdagen.se/filarkiv/bilder/ledamot/b67316c8-173c-46aa-b561-fbe617fa4310_max.jpg</bild_url_max>
<personuppdrag>
<uppdrag>
<organ_kod datatype="string">kam</organ_kod>
<roll_kod datatype="string">Riksdagsledamot</roll_kod>
<ordningsnummer datatype="int32">343</ordningsnummer>
<status datatype="string">Tjänstgörande</status>
<typ datatype="string">kammaruppdrag</typ>
<from datatype="datetime">2014-09-29</from>
<tom datatype="datetime">2018-03-19</tom>
<uppgift datatype="string"></uppgift>
<intressent_id datatype="string">0988383147219</intressent_id>
<hangar_id datatype="int32">2343450</hangar_id>
<sortering datatype="int32">10</sortering>
<organ_sortering datatype="int32">10</organ_sortering>
<uppdrag_rollsortering datatype="string">60</uppdrag_rollsortering>
<uppdrag_statussortering datatype="string">10</uppdrag_statussortering>
</uppdrag>
<uppdrag>
<organ_kod datatype="string">kam</organ_kod>
<roll_kod datatype="string">Riksdagsledamot</roll_kod>
<ordningsnummer datatype="int32">198</ordningsnummer>
<status datatype="string">Tjänstgörande</status>
<typ datatype="string">kammaruppdrag</typ>
<from datatype="datetime">2012-10-01</from>
<tom datatype="datetime">2014-09-29</tom>
<uppgift datatype="string"></uppgift>
<intressent_id datatype="string">0988383147219</intressent_id>
<hangar_id datatype="int32">2343450</hangar_id>
<sortering datatype="int32">10</sortering>
<organ_sortering datatype="int32">10</organ_sortering>
<uppdrag_rollsortering datatype="string">60</uppdrag_rollsortering>
<uppdrag_statussortering datatype="string">10</uppdrag_statussortering>
</uppdrag>
<uppdrag>
<organ_kod datatype="string">kam</organ_kod>
<roll_kod datatype="string">Statsrådsersättare</roll_kod>
<ordningsnummer datatype="int32">234</ordningsnummer>
<status datatype="string">Ersättare</status>
<typ datatype="string">kammaruppdrag</typ>
<from datatype="datetime">2006-10-02</from>
<tom datatype="datetime">2006-10-06</tom>
<uppgift datatype="string">Sven-Erik Österberg</uppgift>
<intressent_id datatype="string">0988383147219</intressent_id>
<hangar_id datatype="int32">2343450</hangar_id>
<sortering datatype="int32"></sortering>
<organ_sortering datatype="int32">10</organ_sortering>
<uppdrag_rollsortering datatype="string">60</uppdrag_rollsortering>
<uppdrag_statussortering datatype="string">20</uppdrag_statussortering>
</uppdrag>
<uppdrag>
<organ_kod datatype="string">CU</organ_kod>
<roll_kod datatype="string">Ledamot</roll_kod>
<ordningsnummer datatype="int32">5</ordningsnummer>
<status datatype="string"></status>
<typ datatype="string">uppdrag</typ>
<from datatype="datetime">2014-10-07</from>
<tom datatype="datetime">2018-03-19</tom>
<uppgift datatype="string">Civilutskottet</uppgift>
<intressent_id datatype="string">0988383147219</intressent_id>
<hangar_id datatype="int32">2343450</hangar_id>
<sortering datatype="int32">30</sortering>
<organ_sortering datatype="int32">150</organ_sortering>
<uppdrag_rollsortering datatype="string">90</uppdrag_rollsortering>
<uppdrag_statussortering datatype="string">90</uppdrag_statussortering>
</uppdrag>
<uppdrag>
<organ_kod datatype="string">CU</organ_kod>
<roll_kod datatype="string">Suppleant</roll_kod>
<ordningsnummer datatype="int32">2</ordningsnummer>
<status datatype="string"></status>
<typ datatype="string">uppdrag</typ>
<from datatype="datetime">2012-10-01</from>
<tom datatype="datetime">2014-09-29</tom>
<uppgift datatype="string">Civilutskottet</uppgift>
<intressent_id datatype="string">0988383147219</intressent_id>
<hangar_id datatype="int32">2343450</hangar_id>
<sortering datatype="int32">50</sortering>
<organ_sortering datatype="int32">150</organ_sortering>
<uppdrag_rollsortering datatype="string">90</uppdrag_rollsortering>
<uppdrag_statussortering datatype="string">90</uppdrag_statussortering>
</uppdrag>
<uppdrag>
<organ_kod datatype="string">CKrU</organ_kod>
<roll_kod datatype="string">Suppleant</roll_kod>
<ordningsnummer datatype="int32">1</ordningsnummer>
<status datatype="string"></status>
<typ datatype="string">uppdrag</typ>
<from datatype="datetime">2018-03-13</from>
<tom datatype="datetime">2018-03-19</tom>
<uppgift datatype="string">Sammansatta civil- och kulturutskottet</uppgift>
<intressent_id datatype="string">0988383147219</intressent_id>
<hangar_id datatype="int32">2343450</hangar_id>
<sortering datatype="int32">50</sortering>
<organ_sortering datatype="int32">160</organ_sortering>
<uppdrag_rollsortering datatype="string">90</uppdrag_rollsortering>
<uppdrag_statussortering datatype="string">90</uppdrag_statussortering>
</uppdrag>
<uppdrag>
<organ_kod datatype="string">EUN</organ_kod>
<roll_kod datatype="string">Suppleant</roll_kod>
<ordningsnummer datatype="int32">18</ordningsnummer>
<status datatype="string"></status>
<typ datatype="string">uppdrag</typ>
<from datatype="datetime">2014-10-14</from>
<tom datatype="datetime">2018-03-19</tom>
<uppgift datatype="string">EU-nämnden</uppgift>
<intressent_id datatype="string">0988383147219</intressent_id>
<hangar_id datatype="int32">2343450</hangar_id>
<sortering datatype="int32">50</sortering>
<organ_sortering datatype="int32">170</organ_sortering>
<uppdrag_rollsortering datatype="string">90</uppdrag_rollsortering>
<uppdrag_statussortering datatype="string">90</uppdrag_statussortering>
</uppdrag>
</personuppdrag>
<personuppgift>
<uppgift>
<kod datatype="string">sv</kod>
<uppgift datatype="string">Ombudsman.</uppgift>
<typ datatype="string">titlar</typ>
<intressent_id datatype="string">0988383147219</intressent_id>
<hangar_id datatype="int32">2343450</hangar_id>
</uppgift>
<uppgift>
<kod datatype="string">en</kod>
<uppgift datatype="string"></uppgift>
<typ datatype="string">titlar</typ>
<intressent_id datatype="string">0988383147219</intressent_id>
<hangar_id datatype="int32">2343450</hangar_id>
</uppgift>
</personuppgift>
</person>
