<?xml version="1.0" encoding="utf-8" ?>
<person>
<hangar_guid datatype="guid">9fb1acfe-ed9f-4361-a7f5-138210e010d0</hangar_guid>
<sourceid datatype="string">9de4ceb4-d9e9-4061-9d95-f2c49aa530f3</sourceid>
<intressent_id datatype="string">0156574552406</intressent_id>
<hangar_id datatype="int32">2342451</hangar_id>
<fodd_ar datatype="int16">1947</fodd_ar>
<kon datatype="string">kvinna</kon>
<efternamn datatype="string">Eriksson</efternamn>
<tilltalsnamn datatype="string">Eva</tilltalsnamn>
<sorteringsnamn datatype="string">Eriksson,Eva</sorteringsnamn>
<iort datatype="string"></iort>
<parti datatype="string">FP</parti>
<valkrets datatype="string"></valkrets>
<status datatype="string">Tidigare riksdagsledamot</status>
<person_url_xml datatype="string">http://data.riksdagen.se/person/9de4ceb4-d9e9-4061-9d95-f2c49aa530f3</person_url_xml>
<bild_url_80 datatype="string">http://data.riksdagen.se/filarkiv/bilder/ledamot/9de4ceb4-d9e9-4061-9d95-f2c49aa530f3_80.jpg</bild_url_80>
<bild_url_192 datatype="string">http://data.riksdagen.se/filarkiv/bilder/ledamot/9de4ceb4-d9e9-4061-9d95-f2c49aa530f3_192.jpg</bild_url_192>
<bild_url_max datatype="string">http://data.riksdagen.se/filarkiv/bilder/ledamot/9de4ceb4-d9e9-4061-9d95-f2c49aa530f3_max.jpg</bild_url_max>
<personuppdrag>
<uppdrag>
<organ_kod datatype="string">kam</organ_kod>
<roll_kod datatype="string">Riksdagsledamot</roll_kod>
<ordningsnummer datatype="int32">246</ordningsnummer>
<status datatype="string">Tjänstgörande</status>
<typ datatype="string">kammaruppdrag</typ>
<from datatype="datetime">1994-10-03</from>
<tom datatype="datetime">1998-10-05</tom>
<uppgift datatype="string"></uppgift>
<intressent_id datatype="string">0156574552406</intressent_id>
<hangar_id datatype="int32">2342451</hangar_id>
<sortering datatype="int32">10</sortering>
<organ_sortering datatype="int32">10</organ_sortering>
<uppdrag_rollsortering datatype="string">60</uppdrag_rollsortering>
<uppdrag_statussortering datatype="string">10</uppdrag_statussortering>
</uppdrag>
<uppdrag>
<organ_kod datatype="string">KD</organ_kod>
<roll_kod datatype="string">Ledamot</roll_kod>
<ordningsnummer datatype="int32">0</ordningsnummer>
<status datatype="string"></status>
<typ datatype="string">Riksdagsorgan</typ>
<from datatype="datetime">1995-02-14</from>
<tom datatype="datetime">1998-10-05</tom>
<uppgift datatype="string">Krigsdelegationen</uppgift>
<intressent_id datatype="string">0156574552406</intressent_id>
<hangar_id datatype="int32">2342451</hangar_id>
<sortering datatype="int32">30</sortering>
<organ_sortering datatype="int32">300</organ_sortering>
<uppdrag_rollsortering datatype="string">90</uppdrag_rollsortering>
<uppdrag_statussortering datatype="string">90</uppdrag_statussortering>
</uppdrag>
<uppdrag>
<organ_kod datatype="string">MJU</organ_kod>
<roll_kod datatype="string">Ledamot</roll_kod>
<ordningsnummer datatype="int32">0</ordningsnummer>
<status datatype="string"></status>
<typ datatype="string">uppdrag</typ>
<from datatype="datetime">1994-10-11</from>
<tom datatype="datetime">1998-10-04</tom>
<uppgift datatype="string">Miljö- och jordbruksutskottet</uppgift>
<intressent_id datatype="string">0156574552406</intressent_id>
<hangar_id datatype="int32">2342451</hangar_id>
<sortering datatype="int32">30</sortering>
<organ_sortering datatype="int32">150</organ_sortering>
<uppdrag_rollsortering datatype="string">90</uppdrag_rollsortering>
<uppdrag_statussortering datatype="string">90</uppdrag_statussortering>
</uppdrag>
</personuppdrag>
<personuppgift>
<uppgift>
<kod datatype="string">sv</kod>
<uppgift datatype="string">förskollärare</uppgift>
<typ datatype="string">titlar</typ>
<intressent_id datatype="string">0156574552406</intressent_id>
<hangar_id datatype="int32">2342451</hangar_id>
</uppgift>
<uppgift>
<kod datatype="string">en</kod>
<uppgift datatype="string"></uppgift>
<typ datatype="string">titlar</typ>
<intressent_id datatype="string">0156574552406</intressent_id>
<hangar_id datatype="int32">2342451</hangar_id>
</uppgift>
</personuppgift>
</person>
