<?xml version="1.0" encoding="utf-8" ?>
<person>
<hangar_guid datatype="guid">ee4a8fd0-c3e9-4033-b9ba-721ddf65a4bc</hangar_guid>
<sourceid datatype="string">65313301-329e-48c9-a82b-c0489a77d713</sourceid>
<intressent_id datatype="string">0362924695201</intressent_id>
<hangar_id datatype="int32">2342521</hangar_id>
<fodd_ar datatype="int16">1948</fodd_ar>
<kon datatype="string">kvinna</kon>
<efternamn datatype="string">Eriksson</efternamn>
<tilltalsnamn datatype="string">Birgitta</tilltalsnamn>
<sorteringsnamn datatype="string">Eriksson,Birgitta</sorteringsnamn>
<iort datatype="string"></iort>
<parti datatype="string">S</parti>
<valkrets datatype="string">Västra Götalands läns västra</valkrets>
<status datatype="string">Tidigare riksdagsledamot</status>
<person_url_xml datatype="string">http://data.riksdagen.se/person/65313301-329e-48c9-a82b-c0489a77d713</person_url_xml>
<bild_url_80 datatype="string">http://data.riksdagen.se/filarkiv/bilder/ledamot/65313301-329e-48c9-a82b-c0489a77d713_80.jpg</bild_url_80>
<bild_url_192 datatype="string">http://data.riksdagen.se/filarkiv/bilder/ledamot/65313301-329e-48c9-a82b-c0489a77d713_192.jpg</bild_url_192>
<bild_url_max datatype="string">http://data.riksdagen.se/filarkiv/bilder/ledamot/65313301-329e-48c9-a82b-c0489a77d713_max.jpg</bild_url_max>
<personuppdrag>
<uppdrag>
<organ_kod datatype="string">kam</organ_kod>
<roll_kod datatype="string">Riksdagsledamot</roll_kod>
<ordningsnummer datatype="int32">99</ordningsnummer>
<status datatype="string">Tjänstgörande</status>
<typ datatype="string">kammaruppdrag</typ>
<from datatype="datetime">2006-10-02</from>
<tom datatype="datetime">2010-10-04</tom>
<uppgift datatype="string"></uppgift>
<intressent_id datatype="string">0362924695201</intressent_id>
<hangar_id datatype="int32">2342521</hangar_id>
<sortering datatype="int32">10</sortering>
<organ_sortering datatype="int32">10</organ_sortering>
<uppdrag_rollsortering datatype="string">60</uppdrag_rollsortering>
<uppdrag_statussortering datatype="string">10</uppdrag_statussortering>
</uppdrag>
<uppdrag>
<organ_kod datatype="string">IPU</organ_kod>
<roll_kod datatype="string">Ledamot</roll_kod>
<ordningsnummer datatype="int32">0</ordningsnummer>
<status datatype="string"></status>
<typ datatype="string">Riksdagsorgan</typ>
<from datatype="datetime">2008-10-22</from>
<tom datatype="datetime">2010-10-04</tom>
<uppgift datatype="string">Riksdagens delegation till Interparlamentariska unionen</uppgift>
<intressent_id datatype="string">0362924695201</intressent_id>
<hangar_id datatype="int32">2342521</hangar_id>
<sortering datatype="int32">30</sortering>
<organ_sortering datatype="int32">300</organ_sortering>
<uppdrag_rollsortering datatype="string">90</uppdrag_rollsortering>
<uppdrag_statussortering datatype="string">90</uppdrag_statussortering>
</uppdrag>
<uppdrag>
<organ_kod datatype="string">AU</organ_kod>
<roll_kod datatype="string">Suppleant</roll_kod>
<ordningsnummer datatype="int32">15</ordningsnummer>
<status datatype="string"></status>
<typ datatype="string">uppdrag</typ>
<from datatype="datetime">2006-10-10</from>
<tom datatype="datetime">2010-10-04</tom>
<uppgift datatype="string">Arbetsmarknadsutskottet</uppgift>
<intressent_id datatype="string">0362924695201</intressent_id>
<hangar_id datatype="int32">2342521</hangar_id>
<sortering datatype="int32">50</sortering>
<organ_sortering datatype="int32">150</organ_sortering>
<uppdrag_rollsortering datatype="string">90</uppdrag_rollsortering>
<uppdrag_statussortering datatype="string">90</uppdrag_statussortering>
</uppdrag>
<uppdrag>
<organ_kod datatype="string">SkU</organ_kod>
<roll_kod datatype="string">Suppleant</roll_kod>
<ordningsnummer datatype="int32">4</ordningsnummer>
<status datatype="string"></status>
<typ datatype="string">uppdrag</typ>
<from datatype="datetime">2006-10-10</from>
<tom datatype="datetime">2010-10-04</tom>
<uppgift datatype="string">Skatteutskottet</uppgift>
<intressent_id datatype="string">0362924695201</intressent_id>
<hangar_id datatype="int32">2342521</hangar_id>
<sortering datatype="int32">50</sortering>
<organ_sortering datatype="int32">150</organ_sortering>
<uppdrag_rollsortering datatype="string">90</uppdrag_rollsortering>
<uppdrag_statussortering datatype="string">90</uppdrag_statussortering>
</uppdrag>
</personuppdrag>
<personuppgift>
<uppgift>
<kod datatype="string">sv</kod>
<uppgift datatype="string">Personalchef</uppgift>
<typ datatype="string">titlar</typ>
<intressent_id datatype="string">0362924695201</intressent_id>
<hangar_id datatype="int32">2342521</hangar_id>
</uppgift>
<uppgift>
<kod datatype="string">en</kod>
<uppgift datatype="string"></uppgift>
<typ datatype="string">titlar</typ>
<intressent_id datatype="string">0362924695201</intressent_id>
<hangar_id datatype="int32">2342521</hangar_id>
</uppgift>
</personuppgift>
</person>
