<?xml version="1.0" encoding="utf-8" ?>
<person>
<hangar_guid datatype="guid">a282251d-1c4e-4c1d-8551-0a4051b21bfb</hangar_guid>
<sourceid datatype="string">e51b1ecf-b62b-4ecf-93f6-94b550b1f62c</sourceid>
<intressent_id datatype="string">0860699089813</intressent_id>
<hangar_id datatype="int32">3057159</hangar_id>
<fodd_ar datatype="int16">1961</fodd_ar>
<kon datatype="string">kvinna</kon>
<efternamn datatype="string">Escanilla</efternamn>
<tilltalsnamn datatype="string">Jeannette</tilltalsnamn>
<sorteringsnamn datatype="string">Escanilla,Jeannette</sorteringsnamn>
<iort datatype="string"></iort>
<parti datatype="string">V</parti>
<valkrets datatype="string">Uppsala län</valkrets>
<status datatype="string">Tillgänglig ersättare</status>
<person_url_xml datatype="string">http://data.riksdagen.se/person/e51b1ecf-b62b-4ecf-93f6-94b550b1f62c</person_url_xml>
<bild_url_80 datatype="string">http://data.riksdagen.se/filarkiv/bilder/ledamot/e51b1ecf-b62b-4ecf-93f6-94b550b1f62c_80.jpg</bild_url_80>
<bild_url_192 datatype="string">http://data.riksdagen.se/filarkiv/bilder/ledamot/e51b1ecf-b62b-4ecf-93f6-94b550b1f62c_192.jpg</bild_url_192>
<bild_url_max datatype="string">http://data.riksdagen.se/filarkiv/bilder/ledamot/e51b1ecf-b62b-4ecf-93f6-94b550b1f62c_max.jpg</bild_url_max>
<personuppdrag>
<uppdrag>
<organ_kod datatype="string">kam</organ_kod>
<roll_kod datatype="string">Riksdagsledamot</roll_kod>
<ordningsnummer datatype="int32">116</ordningsnummer>
<status datatype="string">Tjänstgörande</status>
<typ datatype="string">kammaruppdrag</typ>
<from datatype="datetime">2018-06-07</from>
<tom datatype="datetime">2018-09-24</tom>
<uppgift datatype="string"></uppgift>
<intressent_id datatype="string">0860699089813</intressent_id>
<hangar_id datatype="int32">3057159</hangar_id>
<sortering datatype="int32">10</sortering>
<organ_sortering datatype="int32">10</organ_sortering>
<uppdrag_rollsortering datatype="string">60</uppdrag_rollsortering>
<uppdrag_statussortering datatype="string">10</uppdrag_statussortering>
</uppdrag>
</personuppdrag>
<personuppgift>
<uppgift>
<kod datatype="string">Officiell e-postadress</kod>
<uppgift datatype="string">jeannette.escanilla[på]riksdagen.se</uppgift>
<typ datatype="string">eadress</typ>
<intressent_id datatype="string">0860699089813</intressent_id>
<hangar_id datatype="int32">3057159</hangar_id>
</uppgift>
<uppgift>
<kod datatype="string">KandiderarINastaVal</kod>
<uppgift datatype="string">true</uppgift>
<typ datatype="string">val</typ>
<intressent_id datatype="string">0860699089813</intressent_id>
<hangar_id datatype="int32">3057159</hangar_id>
</uppgift>
</personuppgift>
</person>
