<?xml version="1.0" encoding="utf-8" ?>
<person>
<hangar_guid datatype="guid">5c322249-37a2-468a-92fb-8ed6b2c6a42e</hangar_guid>
<sourceid datatype="string">6721cc0e-b772-4ca9-902b-f26b41ec8bf0</sourceid>
<intressent_id datatype="string">092274509611</intressent_id>
<hangar_id datatype="int32">4467796</hangar_id>
<fodd_ar datatype="int16">1973</fodd_ar>
<kon datatype="string">man</kon>
<efternamn datatype="string">Etzler</efternamn>
<tilltalsnamn datatype="string">Aron</tilltalsnamn>
<sorteringsnamn datatype="string">Etzler,Aron</sorteringsnamn>
<iort datatype="string"></iort>
<parti datatype="string">V</parti>
<valkrets datatype="string"></valkrets>
<status datatype="string"></status>
<person_url_xml datatype="string">http://data.riksdagen.se/person/6721cc0e-b772-4ca9-902b-f26b41ec8bf0</person_url_xml>
<bild_url_80 datatype="string">http://data.riksdagen.se/filarkiv/bilder/ledamot/6721cc0e-b772-4ca9-902b-f26b41ec8bf0_80.jpg</bild_url_80>
<bild_url_192 datatype="string">http://data.riksdagen.se/filarkiv/bilder/ledamot/6721cc0e-b772-4ca9-902b-f26b41ec8bf0_192.jpg</bild_url_192>
<bild_url_max datatype="string">http://data.riksdagen.se/filarkiv/bilder/ledamot/6721cc0e-b772-4ca9-902b-f26b41ec8bf0_max.jpg</bild_url_max>
<personuppdrag>
<uppdrag>
<organ_kod datatype="string">V</organ_kod>
<roll_kod datatype="string">Partisekreterare</roll_kod>
<ordningsnummer datatype="int32">0</ordningsnummer>
<status datatype="string"></status>
<typ datatype="string">partiuppdrag</typ>
<from datatype="datetime">2012-02-04</from>
<tom datatype="datetime"></tom>
<uppgift datatype="string">Vänsterpartiet</uppgift>
<intressent_id datatype="string">092274509611</intressent_id>
<hangar_id datatype="int32">4467796</hangar_id>
<sortering datatype="int32">35</sortering>
<organ_sortering datatype="int32"></organ_sortering>
<uppdrag_rollsortering datatype="string">90</uppdrag_rollsortering>
<uppdrag_statussortering datatype="string">90</uppdrag_statussortering>
</uppdrag>
</personuppdrag>
<personuppgift>
</personuppgift>
</person>
