{"dokumentstatus":{"dokument":{"hangar_id":"5017277","dok_id":"H601MJU10","rm":"2018/19","beteckning":"MJU10","typ":"bet","subtyp":"utl","doktyp":"bet","typrubrik":"Utlåtande 2018/19:MJU10","dokumentnamn":"Utlåtande","debattnamn":"Debatt om förslag","tempbeteckning":"","organ":"MJU","mottagare":"","nummer":"10","slutnummer":"0","datum":"2019-03-28 00:00:00","systemdatum":"2019-04-24 18:21:31","publicerad":"2019-02-25 11:29:49","titel":"Kommissionens meddelande om en EU-ram för hormonstörande ämnen","subtitel":"","status":"Webbpublicering","htmlformat":"html","relaterat_id":"","source":"RIM","sourceid":"3c98dde3-adc0-4656-a232-1e39fbb39f24","dokument_url_text":"http://data.riksdagen.se/dokument/H601MJU10/text","dokument_url_html":"http://data.riksdagen.se/dokument/H601MJU10","dokumentstatus_url_xml":"http://data.riksdagen.se/dokumentstatus/H601MJU10","utskottsforslag_url_xml":"http://data.riksdagen.se/utskottsforslag/H601MJU10","html":"<style><!--\r\n .w600px{width: 600px;font-family:Verdana, Geneva, sans-serif}\r\nh2.dtyp{font-size:1.5em !important;} \r\n/********************************************************************************************************/\r\n/* Styles for D:\\Logs\\DocumentConverter\\\\Output_d8588162-faf6-4a9d-8e96-096de3d347e8\\HTML\\Dokument.html */\r\n/* Generated by Aspose.Words for .NET 15.3.0.0                                                          */\r\n/********************************************************************************************************/\r\n\r\n@page Section1 { size:467.8pt 686.05pt; margin:45.35pt 102.05pt 73.7pt 70.85pt }\r\ndiv.Section1 { page:Section1 }\r\nzbody { text-align:justify; line-height:12.5pt; font-family:'Verdana'; font-size:9.5pt }\r\nzh1, h2, h3, h4, h5, h6, p { margin:3.1pt 0pt 0pt }\r\nzli, table { margin-top:3.1pt; margin-bottom:0pt }\r\nzh1 { margin-top:3.1pt; margin-bottom:12pt; text-align:left; page-break-after:avoid; line-height:12.5pt; font-family:'Verdana'; font-size:16pt; font-weight:normal }\r\nzh2 { margin-top:20pt; margin-bottom:6pt; text-align:left; page-break-inside:avoid; page-break-after:avoid; line-height:12.5pt; font-family:'Verdana'; font-size:13.5pt; font-weight:normal }\r\nzh3 { margin-top:20pt; margin-bottom:3.1pt; text-align:left; page-break-inside:avoid; page-break-after:avoid; line-height:12.5pt; font-family:'Verdana'; font-size:10.5pt; font-weight:bold }\r\nzh4 { margin-top:15pt; margin-bottom:3.1pt; text-align:left; page-break-inside:avoid; page-break-after:avoid; line-height:12.5pt; font-family:'Verdana'; font-size:10.5pt; font-weight:normal; font-style:italic; color:#000000 }\r\nzh5 { margin-top:6.25pt; margin-bottom:0pt; text-align:justify; page-break-inside:avoid; page-break-after:avoid; line-height:12.5pt; font-family:'Verdana'; font-size:9.5pt; font-weight:bold }\r\nzh6 { margin-top:6.25pt; margin-bottom:0pt; text-align:justify; page-break-inside:avoid; page-break-after:avoid; line-height:12.5pt; font-family:'Verdana'; font-size:9.5pt; font-weight:normal; font-style:italic; color:#000000 }\r\n.Heading7 { margin-top:2pt; margin-bottom:0pt; text-align:justify; page-break-inside:avoid; page-break-after:avoid; line-height:12.5pt; font-family:'Verdana'; font-size:9.5pt; font-weight:normal; font-style:italic; color:#243f60 }\r\n.Heading8 { margin-top:2pt; margin-bottom:0pt; text-align:justify; page-break-inside:avoid; page-break-after:avoid; line-height:12.5pt; font-family:'Verdana'; font-size:9pt; font-weight:normal; color:#272727 }\r\n.Heading9 { margin-top:2pt; margin-bottom:0pt; text-align:justify; page-break-inside:avoid; page-break-after:avoid; line-height:12.5pt; font-family:'Verdana'; font-size:9pt; font-weight:normal; font-style:italic; color:#272727 }\r\n.Avsnittsrubrik { margin-top:0pt; margin-bottom:27.7pt; text-align:left; page-break-before:always; page-break-after:avoid; line-height:normal; font-family:'Verdana'; font-size:16pt }\r\n.Avvikandemeningrubrik { margin-top:0pt; margin-bottom:3.1pt; text-align:left; page-break-inside:avoid; page-break-after:avoid; line-height:12.5pt; font-family:'Verdana'; font-size:10.5pt; font-weight:bold }\r\n.BalloonText { margin-top:3.1pt; margin-bottom:0pt; text-align:justify; line-height:normal; font-family:Tahoma; font-size:8pt }\r\n.Bilaga { margin-top:0pt; margin-bottom:0pt; text-align:left; page-break-before:always; page-break-after:avoid; line-height:normal; widows:0; orphans:0; font-family:'Verdana'; font-size:8pt; font-variant:small-caps; text-decoration:underline }\r\n.Bilagerubrik { margin-top:0pt; margin-bottom:17.7pt; text-align:left; page-break-after:auto; line-height:normal; widows:0; orphans:0; font-family:'Verdana'; font-size:16pt }\r\n.Bild-Rubrik { margin-top:8pt; margin-bottom:0pt; text-align:justify; page-break-inside:avoid; page-break-after:avoid; line-height:10pt; font-family:'Verdana'; font-size:9.5pt; font-weight:bold }\r\n.Bild-Underrubrik { margin-top:0pt; margin-bottom:1pt; text-align:left; page-break-inside:avoid; page-break-after:avoid; line-height:8pt; font-family:'Verdana'; font-size:8pt; font-weight:normal; font-style:italic }\r\n.BodyText { margin-top:3.1pt; margin-bottom:0pt; text-align:left; line-height:12.5pt; font-family:'Verdana'; font-size:9.5pt }\r\n.BodyTextIndent2 { margin-top:3.1pt; margin-left:14.15pt; margin-bottom:6pt; text-align:justify; line-height:200%; font-family:'Verdana'; font-size:9.5pt }\r\n.Citatindrag { margin-top:0pt; margin-left:14.2pt; margin-bottom:6.1pt; text-indent:14.2pt; text-align:justify; line-height:10pt; font-family:'Verdana'; font-size:9.5pt }\r\n.CommentText { margin-top:3.1pt; margin-bottom:0pt; text-align:justify; line-height:normal; font-family:'Verdana'; font-size:10pt }\r\n.Deltagare { margin-top:0pt; margin-bottom:0pt; text-align:justify; page-break-inside:avoid; page-break-after:avoid; line-height:9.5pt; font-family:'Verdana'; font-size:9.5pt }\r\n.Diagram-Rubrik { margin-top:8pt; margin-bottom:0pt; text-align:justify; page-break-inside:avoid; page-break-after:avoid; line-height:10pt; font-family:'Verdana'; font-size:9.5pt; font-weight:bold }\r\n.Diagram-Underrubrik { margin-top:0pt; margin-bottom:1pt; text-align:left; page-break-inside:avoid; page-break-after:avoid; line-height:8pt; font-family:'Verdana'; font-size:8pt; font-weight:normal; font-style:italic }\r\n.DokumentRubrik { margin-top:6pt; margin-bottom:24pt; text-align:left; line-height:normal; border-bottom-style:solid; border-bottom-width:0.75pt; border-bottom-color:#000000; padding-bottom:4pt; font-family:'Verdana'; font-size:18pt }\r\n.Dokumentbeteckning { margin-top:0pt; margin-bottom:0pt; text-align:left; page-break-inside:avoid; page-break-after:avoid; line-height:12.5pt; font-family:'Verdana'; font-size:16pt }\r\n.Footer { margin-top:3.1pt; margin-bottom:0pt; text-align:justify; line-height:normal; font-family:'Verdana'; font-size:9.5pt }\r\n.FootnoteText { margin-top:0pt; margin-bottom:0pt; text-align:justify; line-height:8pt; font-family:'Verdana'; font-size:8pt }\r\n.Fotnotstextindrag { margin-top:0pt; margin-left:5.65pt; margin-bottom:0pt; text-align:left; line-height:8pt; font-family:'Verdana'; font-size:8pt }\r\n.Frslagspunkt { margin-top:0pt; margin-bottom:0pt; text-align:left; page-break-inside:avoid; page-break-after:avoid; line-height:12.5pt; font-family:'Verdana'; font-size:9.5pt; font-weight:bold }\r\n.Frslagstext { margin-top:0pt; margin-bottom:0pt; text-align:justify; line-height:12.5pt; font-family:'Verdana'; font-size:9.5pt }\r\n.Frteckningsrubrik { margin-top:9.6pt; margin-bottom:3.1pt; text-align:left; page-break-inside:avoid; page-break-after:avoid; line-height:normal; font-family:'Verdana'; font-size:9.5pt; font-weight:normal; font-style:italic; color:#000000 }\r\n.Grupprubrik { margin-top:6pt; margin-bottom:0pt; text-align:left; page-break-inside:avoid; page-break-after:avoid; line-height:12.5pt; font-family:'Verdana'; font-size:9.5pt; font-style:italic }\r\n.Grupprubrikindrag { margin-top:6pt; margin-left:22.1pt; margin-bottom:0pt; text-align:left; page-break-inside:avoid; page-break-after:avoid; line-height:12.5pt; font-family:'Verdana'; font-size:9.5pt; font-style:italic }\r\n.Header { margin-top:0pt; margin-bottom:0pt; text-align:justify; line-height:normal; font-family:'Verdana'; font-size:7.5pt; font-variant:small-caps }\r\n.Innehllsfrteckning { margin-top:0pt; margin-bottom:17.7pt; text-align:left; page-break-before:always; page-break-after:auto; line-height:normal; font-family:'Verdana'; font-size:16pt }\r\n.Kantrubrik { margin-top:0pt; margin-bottom:0pt; text-align:justify; line-height:normal; font-family:'Verdana'; font-size:7.5pt }\r\n.ListBullet { margin-top:6.25pt; margin-left:17.85pt; margin-bottom:6.25pt; text-indent:-17.85pt; text-align:justify; line-height:12.5pt; font-family:'Verdana'; font-size:9.5pt }\r\n.ListParagraph { margin-top:3.1pt; margin-left:28.35pt; margin-bottom:0pt; text-align:justify; line-height:12.5pt; font-family:'Verdana'; font-size:9.5pt }\r\n.Litentext { margin-top:0pt; margin-bottom:0pt; text-align:justify; line-height:normal; font-family:'Verdana'; font-size:8pt }\r\n.Mellanrubrik { margin-top:11pt; margin-bottom:3.1pt; text-align:left; page-break-after:avoid; line-height:12.5pt; font-family:'Verdana'; font-size:9.5pt; font-style:italic }\r\n.Mellanrum { margin-top:0pt; margin-bottom:0pt; text-align:left; page-break-before:auto; page-break-after:auto; line-height:1pt; widows:0; orphans:0; font-family:'Verdana'; font-size:1pt; font-variant:small-caps; text-decoration:none; color:#ffffff }\r\n.NormalIndent { margin-top:0pt; margin-bottom:0pt; text-indent:11.35pt; text-align:justify; line-height:12.5pt; font-family:'Verdana'; font-size:9.5pt }\r\n.Normalinskjuten { margin-top:0pt; margin-left:22.1pt; margin-bottom:0pt; text-align:justify; line-height:12.5pt; font-family:'Verdana'; font-size:9.5pt }\r\n.Normalinskjutenindrag { margin-top:0pt; margin-left:22.1pt; margin-bottom:0pt; text-indent:11.35pt; text-align:justify; line-height:12.5pt; font-family:'Verdana'; font-size:9.5pt }\r\n.Normalinskjutenkursiv { margin-top:6pt; margin-bottom:0pt; line-height:normal; font-family:'Verdana'; font-size:10pt; font-style:italic }\r\n.Normalkursiv { margin-top:3.1pt; margin-bottom:0pt; text-align:left; line-height:12.5pt; font-family:'Verdana'; font-size:9.5pt; font-style:italic }\r\n.Normalruta { margin:3.1pt 5.65pt 0pt; text-align:justify; page-break-inside:avoid; page-break-after:avoid; line-height:12.5pt; border-top-style:solid; border-top-width:0.75pt; border-top-color:#000000; border-right-style:solid; border-right-width:0.75pt; border-right-color:#000000; border-left-style:solid; border-left-width:0.75pt; border-left-color:#000000; border-bottom-style:solid; border-bottom-width:0.75pt; border-bottom-color:#000000; padding-top:4pt; padding-right:4pt; padding-left:4pt; padding-bottom:4pt; font-family:'Verdana'; font-size:10.5pt }\r\n.Normalrutafet { margin:3.1pt 5.65pt 0pt; text-align:justify; page-break-inside:avoid; page-break-after:avoid; line-height:12.5pt; border-top-style:solid; border-top-width:0.75pt; border-top-color:#000000; border-right-style:solid; border-right-width:0.75pt; border-right-color:#000000; border-left-style:solid; border-left-width:0.75pt; border-left-color:#000000; border-bottom-style:solid; border-bottom-width:0.75pt; border-bottom-color:#000000; padding-top:4pt; padding-right:4pt; padding-left:4pt; padding-bottom:4pt; font-family:'Verdana'; font-size:10.5pt; font-weight:bold }\r\n.Normalrutaindrag { margin:0pt 5.65pt; text-indent:11.35pt; text-align:justify; page-break-inside:avoid; page-break-after:avoid; line-height:12.5pt; border-top-style:solid; border-top-width:0.75pt; border-top-color:#000000; border-right-style:solid; border-right-width:0.75pt; border-right-color:#000000; border-left-style:solid; border-left-width:0.75pt; border-left-color:#000000; border-bottom-style:solid; border-bottom-width:0.75pt; border-bottom-color:#000000; padding-top:4pt; padding-right:4pt; padding-left:4pt; padding-bottom:4pt; font-family:'Verdana'; font-size:10.5pt }\r\n.Normalutanluftfre { margin-top:0pt; margin-bottom:0pt; text-align:justify; line-height:12.5pt; font-family:'Verdana'; font-size:9.5pt }\r\n.NormalNoll { margin-top:0pt; margin-bottom:3.1pt; text-align:left; line-height:12.5pt; font-family:'Verdana'; font-size:10.5pt; font-weight:bold }\r\n.NumlistaTOC { margin:3.1pt 28.35pt 0pt 0pt; text-indent:0pt; text-align:left; line-height:normal; font-family:'Verdana'; font-size:9.5pt }\r\n.Ordfranden { margin-top:3.1pt; margin-bottom:22pt; text-align:left; page-break-inside:avoid; page-break-after:avoid; line-height:normal; font-family:'Verdana'; font-size:9.5pt; font-style:italic }\r\n.OrtochDatum { margin-top:18pt; margin-bottom:18pt; text-align:left; page-break-inside:avoid; page-break-after:avoid; line-height:normal; font-family:'Verdana'; font-size:9.5pt }\r\n.Punktlistabomb { margin-top:6.25pt; margin-left:14.2pt; margin-bottom:6.25pt; text-indent:-14.2pt; text-align:justify; line-height:12.5pt; font-family:'Verdana'; font-size:9.5pt }\r\n.Punktlistagemener { margin-top:6.25pt; margin-left:14.2pt; margin-bottom:6.25pt; text-indent:-14.2pt; text-align:justify; line-height:12.5pt; font-family:'Verdana'; font-size:9.5pt }\r\n.Punktlistalinje { margin-top:6.25pt; margin-left:14.2pt; margin-bottom:6.25pt; text-indent:-14.2pt; text-align:justify; line-height:12.5pt; font-family:'Verdana'; font-size:9.5pt }\r\n.Punktlistasiffra { margin-top:6.25pt; margin-left:14.2pt; margin-bottom:6.25pt; text-indent:-14.2pt; text-align:justify; line-height:12.5pt; font-family:'Verdana'; font-size:9.5pt }\r\n.PVgnar { margin-top:3.1pt; margin-bottom:26pt; text-align:left; page-break-inside:avoid; page-break-after:avoid; line-height:normal; font-family:'Verdana'; font-size:9.5pt }\r\n.Quote { margin-top:6.1pt; margin-left:14.2pt; margin-bottom:0pt; text-align:justify; line-height:10pt; font-family:'Verdana'; font-size:9.5pt }\r\n.R1 { margin-top:3.1pt; margin-bottom:12pt; text-align:left; page-break-after:avoid; line-height:12.5pt; font-family:'Verdana'; font-size:16pt }\r\n.R1bilaga { margin-top:3.1pt; margin-bottom:12pt; text-align:left; page-break-after:auto; line-height:12.5pt; font-family:'Verdana'; font-size:16pt }\r\n.R2 { margin-top:20pt; margin-bottom:6pt; text-align:left; page-break-inside:avoid; page-break-after:avoid; line-height:12.5pt; font-family:'Verdana'; font-size:13.5pt }\r\n.R3 { margin-top:20pt; margin-bottom:3.1pt; text-align:left; page-break-inside:avoid; page-break-after:avoid; line-height:12.5pt; font-family:'Verdana'; font-size:10.5pt; font-weight:bold }\r\n.R4 { margin-top:15pt; margin-bottom:3.1pt; text-align:left; page-break-inside:avoid; page-break-after:avoid; line-height:12.5pt; font-family:'Verdana'; font-size:10.5pt; font-weight:normal; font-style:italic; color:#000000 }\r\n.R5 { margin-top:6.25pt; margin-bottom:0pt; text-align:justify; page-break-inside:avoid; page-break-after:avoid; line-height:12.5pt; font-family:'Verdana'; font-size:9.5pt; font-weight:bold }\r\n.R6 { margin-top:6.25pt; margin-bottom:0pt; text-align:justify; page-break-inside:avoid; page-break-after:avoid; line-height:12.5pt; font-family:'Verdana'; font-size:9.5pt; font-weight:normal; font-style:italic; color:#000000 }\r\n.Reservationshnvisning { margin-top:0pt; margin-bottom:8pt; text-align:right; line-height:12.5pt; font-family:'Verdana'; font-size:9.5pt; font-style:italic }\r\n.Reservationsrubrik { margin-top:0pt; margin-bottom:3.1pt; text-align:left; page-break-inside:avoid; page-break-after:avoid; line-height:12.5pt; font-family:'Verdana'; font-size:10.5pt; font-weight:bold }\r\n.Rubrik1Dokumentinformation { margin-top:0pt; margin-bottom:0pt; text-align:left; page-break-inside:avoid; page-break-after:avoid; line-height:12.5pt; font-family:'Verdana'; font-size:16pt }\r\n.Rubrik1bilaga { margin-top:0pt; margin-bottom:27.7pt; text-align:left; page-break-after:auto; line-height:12.5pt; font-family:'Verdana'; font-size:16pt }\r\n.Rubrik1medsidhuvud { margin-top:3.1pt; margin-bottom:12pt; text-align:left; page-break-before:always; page-break-after:avoid; line-height:12.5pt; font-family:'Verdana'; font-size:16pt }\r\n.Rubrik1numrerat { margin-top:3.1pt; margin-left:0pt; margin-bottom:12pt; text-indent:0pt; text-align:left; page-break-after:avoid; line-height:12.5pt; font-family:'Verdana'; font-size:16pt }\r\n.Rubrik1numreratmedsidhuvud { margin-top:0pt; margin-left:0pt; margin-bottom:16pt; text-indent:0pt; text-align:left; page-break-before:always; page-break-after:avoid; line-height:normal; font-family:'Verdana'; font-size:16pt }\r\n.Rubrik2bilaga { margin-top:20pt; margin-bottom:6pt; text-align:left; page-break-inside:avoid; page-break-after:avoid; line-height:12.5pt; font-family:'Verdana'; font-size:13.5pt }\r\n.Rubrik2numrerat { margin-top:20pt; margin-left:0pt; margin-bottom:6pt; text-indent:0pt; text-align:left; page-break-inside:avoid; page-break-after:avoid; line-height:12.5pt; font-family:'Verdana'; font-size:13.5pt }\r\n.Rubrik3numrerat { margin-top:20pt; margin-left:0pt; margin-bottom:3.1pt; text-indent:0pt; text-align:left; page-break-inside:avoid; page-break-after:avoid; line-height:12.5pt; font-family:'Verdana'; font-size:10.5pt; font-weight:bold }\r\n.Sammanfattning { margin-top:3.1pt; margin-bottom:12pt; text-align:left; page-break-after:auto; line-height:12.5pt; font-family:'Verdana'; font-size:16pt }\r\n.Sidhuvudhgerstlld { margin-top:0pt; margin-bottom:0pt; text-align:right; line-height:normal; font-family:'Verdana'; font-size:7.5pt; font-variant:small-caps }\r\n.Sidhuvudvnsterstlld { margin-top:0pt; margin-bottom:0pt; text-align:left; line-height:normal; font-family:'Verdana'; font-size:7.5pt; font-variant:small-caps }\r\n.Stdrubrik { margin-top:12pt; margin-bottom:0pt; line-height:12pt; font-family:'Verdana'; font-size:9.5pt; font-weight:bold }\r\n.Srskiltyttranderubrik { margin-top:0pt; margin-bottom:3.1pt; text-align:left; page-break-inside:avoid; page-break-after:avoid; line-height:12.5pt; font-family:'Verdana'; font-size:10.5pt; font-weight:bold }\r\n.TOC1 { margin-top:0pt; margin-right:28.35pt; margin-bottom:0pt; text-align:left; line-height:normal; font-family:'Verdana'; font-size:9.5pt }\r\n.TOC2 { margin:0pt 28.35pt 0pt 5.65pt; text-align:left; line-height:normal; font-family:'Verdana'; font-size:9.5pt }\r\n.TOC3 { margin:0pt 28.35pt 0pt 11.35pt; text-align:left; line-height:normal; font-family:'Verdana'; font-size:9.5pt }\r\n.TOC4 { margin:0pt 28.35pt 0pt 17pt; text-align:left; line-height:normal; font-family:'Verdana'; font-size:9.5pt }\r\n.TOC5 { margin:0pt 28.35pt 0pt 22.7pt; text-align:left; line-height:normal; font-family:'Verdana'; font-size:9.5pt }\r\n.TOC6 { margin-top:0pt; margin-left:47.65pt; margin-bottom:0pt; text-align:left; line-height:normal; font-family:'Verdana'; font-size:9.5pt }\r\n.TOC7 { margin-top:0pt; margin-right:28.35pt; margin-bottom:0pt; text-align:left; line-height:normal; font-family:'Verdana'; font-size:9.5pt }\r\n.TOC8 { margin-top:0pt; margin-right:28.35pt; margin-bottom:0pt; text-align:left; line-height:normal; font-family:'Verdana'; font-size:9.5pt }\r\n.TOC9 { margin-top:0pt; margin-left:8.5pt; margin-bottom:0pt; text-align:left; line-height:normal; font-family:'Verdana'; font-size:9.5pt }\r\n.TOCHeading { margin-top:3.1pt; margin-bottom:9pt; text-align:left; page-break-before:always; page-break-inside:avoid; page-break-after:avoid; line-height:12.5pt; font-family:'Verdana'; font-size:16pt }\r\n.Tabell-Kolumnrubrik { margin-bottom:0pt; line-height:12pt; font-family:'Verdana'; font-size:8pt; font-weight:bold }\r\n.Tabell-Klla { margin-top:2pt; margin-bottom:0pt; line-height:8pt; font-family:'Verdana'; font-size:7pt }\r\n.Tabell-Radrubrik { margin-bottom:0pt; line-height:12pt; font-family:'Verdana'; font-size:8pt }\r\n.Tabell-Rubrik { margin-top:12pt; margin-bottom:3pt; text-align:left; page-break-inside:avoid; page-break-after:avoid; line-height:10pt; font-family:'Verdana'; font-size:9pt; font-weight:bold }\r\n.Tabell-Siffror { margin-bottom:0pt; text-align:right; line-height:12pt; font-family:'Verdana'; font-size:8pt }\r\n.Tabell-Text { margin-bottom:0pt; line-height:12pt; font-family:'Verdana'; font-size:8pt }\r\n.Tabell-Underrubrik { margin-top:0pt; margin-bottom:1pt; text-align:left; page-break-inside:avoid; page-break-after:avoid; line-height:8pt; font-family:'Verdana'; font-size:8pt; font-weight:normal; font-style:italic }\r\n.TableofFigures { margin-top:3.1pt; margin-bottom:0pt; text-align:justify; line-height:normal; font-family:'Verdana'; font-size:9.5pt }\r\n.TillX-utskottet { margin-top:0pt; margin-bottom:12pt; text-align:left; page-break-after:avoid; line-height:12.5pt; font-family:'Verdana'; font-size:16pt }\r\n.Title { margin-top:3.1pt; margin-bottom:1pt; text-align:left; line-height:12pt; font-family:'Verdana'; font-size:20pt; letter-spacing:-0.5pt }\r\n.Vapen { margin-top:0pt; margin-bottom:0pt; text-align:left; page-break-inside:avoid; page-break-after:avoid; line-height:12.5pt; font-family:'Verdana'; font-size:16pt }\r\n.Yrkandelista { margin-top:3.1pt; margin-left:28.35pt; margin-bottom:0pt; text-indent:-28.35pt; text-align:justify; line-height:12.5pt; font-family:'Verdana'; font-size:9.5pt }\r\n.YrkandelistaEtt { margin-top:3.1pt; margin-left:0pt; margin-bottom:0pt; text-indent:0pt; text-align:justify; line-height:12.5pt; font-family:'Verdana'; font-size:9.5pt }\r\nspan.BallongtextChar { font-family:Tahoma; font-size:8pt }\r\nspan.BilagaChar { font-family:'Verdana'; font-size:8pt; font-variant:small-caps; text-decoration:underline }\r\nspan.BrdtextChar { font-family:'Verdana'; font-size:9.5pt }\r\nspan.BrdtextChar1 { font-family:'Verdana'; font-size:9.5pt }\r\nspan.Brdtextmedindrag2Char { font-family:'Verdana'; font-size:9.5pt }\r\nspan.CitatChar { font-family:'Verdana'; font-size:9.5pt }\r\nspan.DokumentRubrikChar { font-family:'Verdana'; font-size:18pt }\r\nspan.FootnoteReference { vertical-align:super }\r\nspan.FotnotstextChar { font-family:'Verdana'; font-size:8pt }\r\nspan.FotnotstextindragChar { font-family:'Verdana'; font-size:8pt }\r\nspan.FrslagspunktChar { font-family:'Verdana'; font-size:9.5pt; font-weight:bold; font-style:normal }\r\nspan.Hyperlink { text-decoration:none; color:#000000 }\r\nspan.KommentarerChar { font-family:'Verdana'; font-size:10pt }\r\nspan.NormalkursivChar { font-family:'Verdana'; font-size:9.5pt; font-style:italic }\r\nspan.NormaltindragChar { font-family:'Verdana'; font-size:9.5pt }\r\nspan.OrdfrandenChar { font-family:'Verdana'; font-size:9.5pt; font-style:italic }\r\nspan.OrtochDatumChar { font-family:'Verdana'; font-size:9.5pt }\r\nspan.PlaceholderText { color:#808080 }\r\nspan.PVgnarChar { font-family:'Verdana'; font-size:9.5pt }\r\nspan.ReservationshnvisningChar { font-family:'Verdana'; font-size:9.5pt; font-style:italic }\r\nspan.Rubrik1Char { font-family:'Verdana'; font-size:16pt }\r\nspan.Rubrik1DokumentinformationChar { font-family:'Verdana'; font-size:16pt }\r\nspan.Rubrik2Char { font-family:'Verdana'; font-size:13.5pt }\r\nspan.Rubrik3Char { font-family:'Verdana'; font-size:10.5pt; font-weight:bold }\r\nspan.Rubrik4Char { font-family:'Verdana'; font-size:10.5pt; font-style:italic; color:#000000 }\r\nspan.Rubrik5Char { font-family:'Verdana'; font-size:9.5pt; font-weight:bold }\r\nspan.Rubrik6Char { font-family:'Verdana'; font-size:9.5pt; font-style:italic; color:#000000 }\r\nspan.Rubrik7Char { font-family:'Verdana'; font-size:9.5pt; font-style:italic; color:#243f60 }\r\nspan.Rubrik8Char { font-family:'Verdana'; font-size:9pt; color:#272727 }\r\nspan.Rubrik9Char { font-family:'Verdana'; font-size:9pt; font-style:italic; color:#272727 }\r\nspan.RubrikChar { font-family:'Verdana'; font-size:20pt; letter-spacing:-0.5pt }\r\nspan.SidfotChar { font-family:'Verdana'; font-size:9.5pt }\r\nspan.SidhuvudChar { font-family:'Verdana'; font-size:7.5pt; font-variant:small-caps }\r\nspan.Tabell-Upphjttecken { font-family:'Verdana'; font-variant:normal; text-decoration:none; text-transform:none; vertical-align:super; display:inline }\r\nspan.VapenChar { font-family:'Verdana'; font-size:16pt }\r\nspan.tBilagaJA { color:#000000 }\r\nspan.tSidrubrikJA { color:#000000 }\r\n.TableGrid {  }\r\n--></style>\r\n\r\n\t\t<div class=\"Section1\">\r\n\t\t\t<table cellspacing=\"0\" cellpadding=\"0\" style=\"border-collapse:collapse; margin-left:0pt\">\r\n\t\t\t\t<tr style=\"height:79.4pt\">\r\n\t\t\t\t\t<td style=\"vertical-align:top; width:297.7pt\">\r\n\t\t\t\t\t\t<p class=\"Rubrik1Dokumentinformation\" style=\"margin-top:0pt; margin-bottom:0pt; text-align:left; page-break-inside:avoid; page-break-after:avoid; line-height:16pt\">\r\n\t\t\t\t\t\t\t<span style=\"font-family:'Verdana'; font-size:16pt; -aw-sdt-tag:ccUtskott; -aw-sdt-title:'utskottsnamn Dokumentegenskap'\">Miljö- och jordbruksutskottet</span><span style=\"font-family:'Verdana'; font-size:16pt; -aw-sdt-tag:ccS; -aw-sdt-title:s\">s</span><span style=\"font-family:'Verdana'; font-size:16pt; -aw-sdt-tag:ccMellanslag; -aw-sdt-title:Mellanslag\"> </span><a name=\"Utlatande\"></a><span style=\"font-family:'Verdana'; font-size:16pt\">utlåtande</span>\r\n\t\t\t\t\t\t</p>\r\n\t\t\t\t\t\t<p class=\"Dokumentbeteckning\" style=\"margin-top:0pt; margin-bottom:0pt; text-align:left; page-break-inside:avoid; page-break-after:avoid; line-height:16pt\">\r\n\t\t\t\t\t\t\t<span style=\"font-family:'Verdana'; font-size:16pt; -aw-sdt-tag:ccRiksmote; -aw-sdt-title:'riksmote Dokumentegenskap'\">2018/19</span><span style=\"font-family:'Verdana'; font-size:16pt; -aw-sdt-tag:ccKolon; -aw-sdt-title:Kolon\">:</span><a name=\"Utskottebeteckning\"></a><span style=\"font-family:'Verdana'; font-size:16pt\">MJU10</span>\r\n\t\t\t\t\t\t</p>\r\n\t\t\t\t\t\t<p class=\"Rubrik1Dokumentinformation\" style=\"margin-top:0pt; margin-bottom:0pt; text-align:left; page-break-inside:avoid; page-break-after:avoid; line-height:16pt\">\r\n\t\t\t\t\t\t\t<span style=\"font-family:'Verdana'; font-size:16pt\"> </span>\r\n\t\t\t\t\t\t</p>\r\n\t\t\t\t\t</td>\r\n\t\t\t\t</tr>\r\n\t\t\t</table>\r\n\t\t\t<p class=\"DokumentRubrik\" style=\"-aw-sdt-tag:ccDokumentrubrik; -aw-sdt-title:'dokumentrubrik Dokumentegenskap'\">\r\n\t\t\t\t<span>Kommissionens meddelande om en EU-ram för hormonstörande ämnen</span>\r\n\t\t\t</p>\r\n\t\t\t<p>\r\n\t\t\t\t<span> </span>\r\n\t\t\t</p>\r\n\t\t\t<p class=\"Sammanfattning\">\r\n\t\t\t\t<span class=\"tSidrubrikJA\">Sammanfattning</span>\r\n\t\t\t</p>\r\n\t\t\t<p>\r\n\t\t\t\t<span>Utskottet har granskat kommissionens meddelande om en heltäckande EU-ram för hormonstörande ämnen.</span><span> </span><span>I meddelandet presenterar kommissionen </span><span>en uppdaterad strategi för </span><span>arbetet med </span><span>hormonstörande ämnen. Det övergripande målet är enligt kommissionen att säkerställa en hög skyddsnivå för EU:s befolkning och miljön och samtidigt upprätthålla den inre marknaden</span><span>. </span><span>Meddelandet</span><span> </span><span>innehåller ett antal åtaganden om att minimera den totala exponeringen för</span><span> </span><span>hormonstörande äm</span><span>nen, </span><span>påskynda utvecklingen av en grundlig forskningsbas</span><span> </span><span>för ett effektivt och framåtsyftande beslutsfattande samt främja en aktiv</span><span> </span><span>dialog mellan berörda aktörer.</span><span> </span>\r\n\t\t\t</p>\r\n\t\t\t<p class=\"NormalIndent\">\r\n\t\t\t\t<span>Utskottet välkomnar att kommissionen följt medlemsstaternas uppmaning och inlett arbetet med en övergripande EU-strategi för att identifiera hormonstörande ämnen i relevant EU-lagstiftning. Utskottet anser att kommissionens meddelande genom sin breda ansats täcker in de viktigaste frågeställningarna inom området som </span><span>t.ex.</span><span> </span><span>behovet av att tydligare belysa tillämpningen av försiktighetsprincipen, vikten av att ersätta särskilt farliga ämnen med bättre alternativ</span><span> och material samt värdet av en stark och enhetlig tillsyn och marknadskontroll.</span><span> Med det anförda föreslår utskottet att utlåtandet läggs till handlingarna.</span>\r\n\t\t\t</p>\r\n\t\t\t<p class=\"R4\">\r\n\t\t\t\t<span>Granskade dokument</span>\r\n\t\t\t</p>\r\n\t\t\t<p>\r\n\t\t\t\t<span>Kommissionens meddelande Mot en heltäckande EU-ram för hormonstörande ämnen</span><span> </span><span>(COM(2018) 734)</span><span>.</span>\r\n\t\t\t</p>\r\n\t\t\t<p>\r\n\t\t\t\t<span> </span>\r\n\t\t\t</p>\r\n\t\t\t<p class=\"Innehllsfrteckning\">\r\n\t\t\t\t<a name=\"Innehållsförteckning\"></a><span class=\"tSidrubrikJA\">Innehållsförteckning</span>\r\n\t\t\t</p>\r\n\t\t\t<p class=\"TOC1\">\r\n\t\t\t\t<a style=\"color:#000000\" href=\"#_Toc4656157\"><span class=\"Hyperlink\">Utskottets förslag till riksdagsbeslut</span></a>\r\n\t\t\t</p>\r\n\t\t\t<p class=\"TOC1\">\r\n\t\t\t\t<a style=\"color:#000000\" href=\"#_Toc4656158\"><span class=\"Hyperlink\">Redogörelse för ärendet</span></a>\r\n\t\t\t</p>\r\n\t\t\t<p class=\"TOC2\" style=\"margin-bottom:0pt\">\r\n\t\t\t\t<a style=\"color:#000000\" href=\"#_Toc4656159\"><span class=\"Hyperlink\">Ärendet och dess beredning</span></a>\r\n\t\t\t</p>\r\n\t\t\t<p class=\"TOC2\" style=\"margin-top:0pt\">\r\n\t\t\t\t<a style=\"color:#000000\" href=\"#_Toc4656160\"><span class=\"Hyperlink\">Bakgrund</span></a>\r\n\t\t\t</p>\r\n\t\t\t<p class=\"TOC1\">\r\n\t\t\t\t<a style=\"color:#000000\" href=\"#_Toc4656161\"><span class=\"Hyperlink\">Utskottets granskning</span></a>\r\n\t\t\t</p>\r\n\t\t\t<p class=\"TOC3\">\r\n\t\t\t\t<a style=\"color:#000000\" href=\"#_Toc4656162\"><span class=\"Hyperlink\">Utskottets ställningstagande</span></a>\r\n\t\t\t</p>\r\n\t\t\t<p class=\"TOC8\">\r\n\t\t\t\t<span class=\"Hyperlink\" style=\"font-style:italic\">Bilaga</span><br /><a style=\"color:#000000\" href=\"#_Toc4656163\"><span class=\"Hyperlink\">Förteckning över granskade dokument</span></a>\r\n\t\t\t</p>\r\n\t\t\t<p>\r\n\t\t\t</p>\r\n\t\t\t<p class=\"Avsnittsrubrik\">\r\n\t\t\t\t<a name=\"StopCC\"></a><a name=\"_Toc4656157\"><span style=\"-aw-bookmark-end:StopCC\"></span><span class=\"tSidrubrikJA\">Utskottets förslag till riksdagsbeslut</span></a>\r\n\t\t\t</p>\r\n\t\t\t<p class=\"Mellanrum\">\r\n\t\t\t\t<span> </span>\r\n\t\t\t</p>\r\n\t\t\t<p class=\"Mellanrum\">\r\n\t\t\t\t<span> </span>\r\n\t\t\t</p>\r\n\t\t\t<table cellspacing=\"0\" cellpadding=\"0\" style=\"border-collapse:collapse; margin-left:0pt; width:294.2pt\">\r\n\t\t\t\t<tr>\r\n\t\t\t\t\t<td style=\"vertical-align:top; width:22pt\">\r\n\t\t\t\t\t\t<p style=\"margin-top:3.1pt; margin-bottom:0pt; text-align:justify; page-break-inside:avoid; page-break-after:avoid; line-height:12.5pt\">\r\n\t\t\t\t\t\t\t<span style=\"font-family:'Verdana'; font-size:10.5pt; font-weight:bold\">Kommissionens meddelande Mot en heltäckande EU-ram för hormonstörande ämnen</span>\r\n\t\t\t\t\t\t</p>\r\n\t\t\t\t\t</td>\r\n\t\t\t\t</tr>\r\n\t\t\t</table>\r\n\t\t\t<p class=\"Normalutanluftfre\" style=\"-aw-sdt-tag:'dokumentavsnitt/utskottets förslag till riksdagsbeslut/-77876337/1553595613329'; -aw-sdt-title:'utskottets förslag till riksdagsbeslut'\">\r\n\t\t\t\t<span>Riksdagen lägger utlåtandet till handlingarna.</span>\r\n\t\t\t</p>\r\n\t\t\t<p class=\"OrtochDatum\" style=\"-aw-sdt-tag:'dokumentavsnitt/utskottets förslag till riksdagsbeslut/-77876337/1553595613329'; -aw-sdt-title:'utskottets förslag till riksdagsbeslut'\">\r\n\t\t\t\t<span>Stockholm den 26 mars 2019</span>\r\n\t\t\t</p>\r\n\t\t\t<p class=\"PVgnar\" style=\"-aw-sdt-tag:'dokumentavsnitt/utskottets förslag till riksdagsbeslut/-77876337/1553595613329'; -aw-sdt-title:'utskottets förslag till riksdagsbeslut'\">\r\n\t\t\t\t<span>På miljö- och jordbruksutskottets vägnar</span>\r\n\t\t\t</p>\r\n\t\t\t<p class=\"Ordfranden\" style=\"-aw-sdt-tag:'dokumentavsnitt/utskottets förslag till riksdagsbeslut/-77876337/1553595613329'; -aw-sdt-title:'utskottets förslag till riksdagsbeslut'\">\r\n\t\t\t\t<span>Kristina Yngwe</span>\r\n\t\t\t</p>\r\n\t\t\t<p class=\"Deltagare\" style=\"-aw-sdt-tag:'dokumentavsnitt/utskottets förslag till riksdagsbeslut/-77876337/1553595613329'; -aw-sdt-title:'utskottets förslag till riksdagsbeslut'\">\r\n\t\t\t\t<span>Följande ledamöter har deltagit i beslutet: Kristina Yngwe (C), Maria Gardfjell (MP), Jessica Rosencrantz (M), Hanna Westerén (S), Isak From (S), John Widegren (M), Magnus Manhammar (S), Elin Segerlind (V), Betty Malmberg (M), Malin Larsson (S), Marlene Burwick (S), Tina Acketoft (L), Mats Nordberg (SD), Ulrika Heie (C), Yasmine Eriksson (SD), Staffan Eklöf (SD) och Kjell-Arne Ottosson (KD).</span>\r\n\t\t\t</p>\r\n\t\t\t<p class=\"Mellanrum\" style=\"-aw-sdt-tag:'dokumentavsnitt/utskottets förslag till riksdagsbeslut/-77876337/1553595613329'; -aw-sdt-title:'utskottets förslag till riksdagsbeslut'\">\r\n\t\t\t\t<span> </span>\r\n\t\t\t</p>\r\n\t\t\t<p class=\"Mellanrum\" style=\"-aw-sdt-tag:'dokumentavsnitt/utskottets förslag till riksdagsbeslut/-77876337/1553595613329'; -aw-sdt-title:'utskottets förslag till riksdagsbeslut'\">\r\n\t\t\t\t<span> </span>\r\n\t\t\t</p>\r\n\t\t\t<p class=\"Mellanrum\" style=\"-aw-sdt-tag:'dokumentavsnitt/utskottets förslag till riksdagsbeslut/-77876337/1553595613329'; -aw-sdt-title:'utskottets förslag till riksdagsbeslut'\">\r\n\t\t\t\t<span style=\"font-size:9.5pt\"> </span>\r\n\t\t\t</p>\r\n\t\t\t<p>\r\n\t\t\t\t<span> </span>\r\n\t\t\t</p>\r\n\t\t\t<p class=\"Avsnittsrubrik\">\r\n\t\t\t\t<a name=\"SlutUtskottsForslag\"></a><a name=\"_Toc4656158\"><span style=\"-aw-bookmark-end:SlutUtskottsForslag\"></span><span class=\"tSidrubrikJA\">Redogörelse för ärendet</span></a>\r\n\t\t\t</p>\r\n\t\t\t<h2>\r\n\t\t\t\t<a name=\"_Toc4656159\"><span>Ärendet och dess beredning</span></a>\r\n\t\t\t</h2>\r\n\t\t\t<p>\r\n\t\t\t\t<span>Talmannen beslutade den 4 december 2018 i enlighet med 9 kap. 20 § riksdagsordningen att kommissionens meddelande Mot en heltäckande EU-ram för hormonstörande ämnen </span><span>(COM(2018) 734)</span><span> skulle hänvisas till </span><span>m</span><span>iljö- och jordbruksutskottet för granskning. </span><span>Kommissionen presenterade meddelandet den 7 november 2018 som ett led i att följa upp det sjunde miljöhandlingsprogrammet samt som svar på uppmanin</span><span>gar från rådet och parlamentet.</span>\r\n\t\t\t</p>\r\n\t\t\t<p class=\"NormalIndent\">\r\n\t\t\t\t<span>Regeringskansliet </span><span>över</span><span>lämnade den 29 november 2018 faktapromemoria 2018/19:FPM14 </span><span>till riksdagen </span><span>med anledning av meddelandet.</span>\r\n\t\t\t</p>\r\n\t\t\t<h2>\r\n\t\t\t\t<a name=\"_Toc4656160\"><span>Bakgrund</span></a>\r\n\t\t\t</h2>\r\n\t\t\t<p>\r\n\t\t\t\t<span>I december 1999 presenterade kommissionen ett meddelande om en strategi</span><span> </span><span>för hormonstörande </span><span>ämnen (COM(1999) 706). Strategidelen av meddelandet </span><span>omfattade </span><span>bl.a. </span><span>åtgärder för ytterligare </span><span>forsk</span><span>ning, identifiering av hormonstörande ämnen, internationellt samarbete</span><span>, i</span><span>nformation </span><span>till allmänheten samt</span><span> </span><span>åtgärder</span><span> för anpassning av relevant lagstiftning</span><span>. Kommissionen </span><span>har därefter </span><span>följ</span><span>t</span><span> upp genomförandet av strategin via</span><span> </span><span>regelbundna rapporter, den fjärde och sista i augusti 2011 (SEC(2011) 1001).</span>\r\n\t\t\t</p>\r\n\t\t\t<p class=\"NormalIndent\">\r\n\t\t\t\t<span>Europaparlamentet och rådet beslutade i november 2013 (1386/2013/EU) om</span><span> </span><span>ett allmänt miljöhandlingsprogram för unionen till 2020</span><span>. Enligt </span><span>art</span><span>ikel 54</span><span> </span><span>d</span><span> </span><span>ska programmet</span><span> </span><span>bl.a. säkerställa att </span><span>kemikaliers kombinationseffekter och </span><span>den </span><span>oro som </span><span>finns för </span><span>hormonstörande ämnen åtgärdas effektivt i all relevant union</span><span>slagstiftning</span><span>. Enligt </span><span>ett förtydligande</span><span> i</span><span> </span><span>samma artikel </span><span>förutsätter </span><span>detta </span><span>bl.a. att det </span><span>senast 2018 </span><span>ska finnas </span><span>en EU-strategi för en giftfri miljö som bidrar till innovation och utve</span><span>ckling av hållbara alternativ.</span><span> </span><span>S</span><span>enast 2015 skulle </span><span>det även </span><span>ha vidtagits </span><span>övergripande åtgärder för att bl.a. minimera exponeringen för hormonstörande ämnen</span><span>,</span><span> och lämpliga lagstiftningsstrategier för att hantera kemikaliers kombinationseffekter</span><span> skulle ha funnits på plats</span><span>.</span>\r\n\t\t\t</p>\r\n\t\t\t<p class=\"NormalIndent\">\r\n\t\t\t\t<span>Rådet antog i december 2016 slutsatser om </span><span>s</span><span>kydd av människors hälsa och</span><span> </span><span>miljön genom god kemikaliehanteri</span><span>ng (1504</span><span>6/16). </span><span>I s</span><span>lutsatserna </span><span>betonar rådet vikten av </span><span>att påskynda genomförandet </span><span>av </span><span>åtagandena </span><span>i </span><span>det </span><span>sjunde miljöhandlingsprogrammet. K</span><span>ommissionen uppmanas också</span><span> </span><span>att i sin </span><span>översyn av kemikalielagstiftningen</span><span> </span><span>särskilt ta hänsyn till </span><span>exponeringen för hormonstörande ämnen.</span>\r\n\t\t\t</p>\r\n\t\t\t<p class=\"NormalIndent\">\r\n\t\t\t\t<span> </span>\r\n\t\t\t</p>\r\n\t\t\t<p class=\"Avsnittsrubrik\">\r\n\t\t\t\t<a name=\"_Toc4656161\"><span class=\"tSidrubrikJA\">Utskottets </span><span class=\"tSidrubrikJA\">granskning</span></a>\r\n\t\t\t</p>\r\n\t\t\t<div style=\"border-bottom-color:#000000; border-bottom-style:solid; border-bottom-width:0.75pt; border-left-color:#000000; border-left-style:solid; border-left-width:0.75pt; border-right-color:#000000; border-right-style:solid; border-right-width:0.75pt; border-top-color:#000000; border-top-style:solid; border-top-width:0.75pt; clear:both; margin:3.1pt 0.9pt 0pt\">\r\n\t\t\t\t<p class=\"Normalrutafet\" style=\"margin:0pt; padding-right:4pt; padding-left:4pt\">\r\n\t\t\t\t\t<span>Utskottets förslag i korthet</span>\r\n\t\t\t\t</p>\r\n\t\t\t\t<p class=\"Normalruta\" style=\"margin:0pt; padding-right:4pt; padding-left:4pt; padding-bottom:4pt\">\r\n\t\t\t\t\t<span>Riksdagen lägger utlåtandet till handlingarna.</span>\r\n\t\t\t\t</p>\r\n\t\t\t</div>\r\n\t\t\t<p class=\"Mellanrum\">\r\n\t\t\t\t<span> </span>\r\n\t\t\t</p>\r\n\t\t\t<p class=\"R3\" style=\"margin-bottom:0pt\">\r\n\t\t\t\t<span>Meddelandets huvudsakliga innehåll</span>\r\n\t\t\t</p>\r\n\t\t\t<p>\r\n\t\t\t\t<span>Kommissionen beskriver i sitt meddelande inledningsvis vad som </span><span>avses </span><span>med hormoner och hormonstörande ämnen. </span><span>Hormoner är signalmolekyler som bildas i kroppen och förflyttar sig </span><span>via </span><span>blodomloppet. Hormoner är avgörande för att kontrollera ett stort antal processer i kroppen, från tidig fosterutveckling till funktionen av vävnader och organ i vuxen ålder. Hormoner är ofta aktiva i mycket låga koncentrationer</span><span>,</span><span> vilket gör det s</span><span>.</span><span>k</span><span>.</span><span> endokrina systemet känsligt för störningar av vissa kemikalier. Dessa </span><span>s.k. </span><span>hormonstörande ämnen kan ha syntetiskt eller naturligt ursprung och komma från olika källor, såsom bekämpningsmedelsrester eller konsumentvaror som förekommer i det dagliga livet.</span>\r\n\t\t\t</p>\r\n\t\t\t<p class=\"NormalIndent\">\r\n\t\t\t\t<span>Farhågorna rörande hormonstörande ämnen har ökat sedan 1990-talet. Kommissionen antog i december 1999 en gemenskapsstrategi för hormonstörande ämnen. Enligt kommissionen har kunskapen om och regleringen av hormonstörande ämnen därefter förbättrats betydligt</span><span>,</span><span> och enligt kommissionen betraktas EU i</span><span> </span><span>dag som en av de världsledande aktörerna när det gäller hantering av dessa kemikalier. Enligt kommissionen finns det nu ett behov av att se över EU:s strategi för hormonstörande ämnen</span><span>. K</span><span>ommissionen presenterar därför </span><span>i sitt meddelande </span><span>en uppdaterad strategi för hormonstörande ämnen</span><span>.</span><span> Det övergripande målet är att säkerställa en hög skyddsnivå för EU:s befolkning och miljön och samtidigt upprätthålla den inre marknaden.</span>\r\n\t\t\t</p>\r\n\t\t\t<p class=\"R4\">\r\n\t\t\t\t<span>Det vetenskapliga läget avseende hormonstörande ämnen</span>\r\n\t\t\t</p>\r\n\t\t\t<p>\r\n\t\t\t\t<span>Enligt kommissionen har de vetenskapliga beläggen för att det finns en koppling mellan exponering för hormonstörande ämnen och såväl sjukdomar hos människa som negativ inverkan på vilda djur blivit starkare sedan 1999. Det finns också enighet om att organismer kan ha extra känsliga s</span><span>.</span><span>k</span><span>.</span><span> exponeringsfönster under viktiga utvecklingsperioder, t.ex. fosterutveckling och pubertet. Exponering för hormonstörande ämnen under dessa perioder kan ge permanenta effekter och medföra ökad mottaglighet för sjukdomar senare i livet.</span><span> </span>\r\n\t\t\t</p>\r\n\t\t\t<p class=\"NormalIndent\">\r\n\t\t\t\t<span>Det är också allmänt vedertaget att hormonstörande ämnen kan </span><span>påverka </span><span>det endokrina systemet på olika sä</span><span>tt</span><span>,</span><span> t.ex. att de </span><span>liknar kroppsegna könshormoner, sköldkörtelhormoner eller stör bildandet eller effekten av dessa hormoner. Det finns också ökande belägg för att </span><span>likartade </span><span>hormonstörande ämnen kan samverka och leda till skadliga effekter vid koncentrationer där ingen effekt </span><span>har observerats för de enskilda ämnena. Enligt kommissionen finns det emellertid fortfarande kunskapsluckor. De</span><span>t</span><span> gäller framför allt följande:</span>\r\n\t\t\t</p>\r\n\t\t\t<p class=\"Punktlistabomb\" style=\"margin-left:14.2pt; margin-bottom:0pt; text-indent:-14.2pt\">\r\n\t\t\t\t<span style=\"font-family:'Verdana'; font-size:10pt\">•</span><span style=\"font:7.0pt 'Verdana'\">       </span><span>v</span><span>ilken inverkan exponeringen för hormonstörande ämnen har på </span><span>vilda djur </span><span>och </span><span>sjukdomsutveckling </span><span>hos människa</span>\r\n\t\t\t</p>\r\n\t\t\t<p class=\"Punktlistabomb\" style=\"margin-top:0pt; margin-left:14.2pt; margin-bottom:0pt; text-indent:-14.2pt\">\r\n\t\t\t\t<span style=\"font-family:'Verdana'; font-size:10pt\">•</span><span style=\"font:7.0pt 'Verdana'\">       </span><span>o</span><span>m det är möjligt att fastställa säkra gränsvärden för hormonstörande ämnen</span>\r\n\t\t\t</p>\r\n\t\t\t<p class=\"Punktlistabomb\" style=\"margin-top:0pt; margin-left:14.2pt; margin-bottom:0pt; text-indent:-14.2pt\">\r\n\t\t\t\t<span style=\"font-family:'Verdana'; font-size:10pt\">•</span><span style=\"font:7.0pt 'Verdana'\">       </span><span>o</span><span>m det är möjligt att få en uttömmande kunskap om kombinations- eller</span><span> cocktaileffekter</span>\r\n\t\t\t</p>\r\n\t\t\t<p class=\"Punktlistabomb\" style=\"margin-top:0pt; margin-left:14.2pt; margin-bottom:0pt; text-indent:-14.2pt\">\r\n\t\t\t\t<span style=\"font-family:'Verdana'; font-size:10pt\">•</span><span style=\"font:7.0pt 'Verdana'\">       </span><span>u</span><span>tveckling av säkrare alternativ, inklusive alternativa lösningar, som kan ersätta horm</span><span>onstörande ämnen</span>\r\n\t\t\t</p>\r\n\t\t\t<p class=\"Punktlistabomb\" style=\"margin-top:0pt; margin-left:14.2pt; text-indent:-14.2pt\">\r\n\t\t\t\t<span style=\"font-family:'Verdana'; font-size:10pt\">•</span><span style=\"font:7.0pt 'Verdana'\">       </span><span>h</span><span>ormonstörande mekanismer</span><span>.</span>\r\n\t\t\t</p>\r\n\t\t\t<p>\r\n\t\t\t\t<span>Ett annat område där vetenskapen enligt kommissionen har utvecklats väsentligt men inte tillräckligt är utveckling och validering av </span><span>testmetoder för att identifiera hormonstörande ämnen.</span><span> </span><span>Enligt kommissionen gick Europeiska myndigheten för livsmedelssäkerhet (Efsa) 2013 igenom de befintliga testriktlinjerna för hormonstörande ämnen och fann att det endast fanns tillgängliga tester avseende vissa hormonella verkningsmekanismer för däggdjur och fisk och att det överlag fanns färre tillgängliga tester för fåglar och groddjur. Efsa ansåg även att det saknades lämpliga förklaringsmodeller för vissa hormonrelaterade sjukdomar såsom hormonell cancer </span><span>och </span><span>ämnesomsättningsrubbningar. </span><span>Kommissionen anser även att det finns ett behov av att ta fram alternativ till djurförsök när det gäller hormonstörande ämnen. </span><span>Enligt kommissionen är </span><span>OECD det främsta erkända organ som kan utarbeta internationellt överenskomna testriktlinjer</span><span>.</span>\r\n\t\t\t</p>\r\n\t\t\t<p class=\"R4\">\r\n\t\t\t\t<span>EU-policy och reglering av hormonstörande ämnen</span>\r\n\t\t\t</p>\r\n\t\t\t<p>\r\n\t\t\t\t<span>Sedan publiceringen av EU:s strategi 1999 har EU enligt kommissionen utarbetat en politik om hormonstörande ämnen som fokuserar på att främja forskning, effektivt reglera hormonstörande ämnen och utveckla ett internationellt samarbete på området. EU har finansierat över 50 multinationella samarbetsprojekt som syftar till att öka förståelsen för olika verkningsmekanismer, skadliga effekter på människors hälsa och vilda djur, samt ta fram bättre verktyg för identifiering och exponering av hormonstörande ämnen. Ytterligare 52 miljoner euro har anslagits i enlighet med forskningsprogrammet Horisont 2020</span><span>,</span><span> och samarbete pågår även inom OECD för att förbättra olika vägledningsdokument för hur tester ska utföras. </span>\r\n\t\t\t</p>\r\n\t\t\t<p class=\"NormalIndent\">\r\n\t\t\t\t<span>Parallellt med den vetenskapliga utvecklingen har EU de senaste årtiondena successivt uppdaterat sin lagstiftning om reglering av kemikalier</span><span>. </span><span>EU:s kemikaliearbete bygger på vetenskaplig rådgivning från relevanta </span><span>EU-myndigheter och nationella myndigheter. </span><span>Kommissionen beslut</span><span>ar</span><span> </span><span>därefter </span><span>hur riskerna ska hanteras</span><span> </span><span>i </span><span>överenskommelse med medlemsstaterna</span><span>. När det vetenskapliga underlaget inte möjliggör tillräckligt säkra slutsatser ger även försiktighetsprincipen vägledning i arbetet för att vidta skyddsåtgärder</span><span>.</span><span> Enligt </span><span>kommissionen har särskilda bestämmelser om hantering av hormonstörande ämnen införts i lagstiftningen om bekämpningsmedel, biocider, allmänkemikalier, medicintekniska produkter och i vattendirektivet. Annan lagstiftning som t.ex. regler för material som kommer i kontakt med livsmedel, kosmetikaförordningen, leksaksdirektivet och EU-gemensam arbetarskydds</span><span>lagstiftning</span><span> innehåller inte några särskilda bestämmelser om hormonstörande ämnen.</span><span> Ämnen med hormonstörande egenskaper kan däremot regleras </span><span>även inom dessa områden, </span><span>från fall till fall</span><span>,</span><span> </span><span>på grundval av de allmänna kraven i lagstiftningen.</span>\r\n\t\t\t</p>\r\n\t\t\t<p class=\"R4\">\r\n\t\t\t\t<span>Vidareutveckling av EU:s politik om hormonstörande ämnen</span>\r\n\t\t\t</p>\r\n\t\t\t<p>\r\n\t\t\t\t<span>Enligt kommissionen bör EU:s strategi för hormonstörande ämnen bygga på försiktigh</span><span>etsprincipen och ha som mål att</span>\r\n\t\t\t</p>\r\n\t\t\t<p class=\"Punktlistabomb\" style=\"margin-left:14.2pt; margin-bottom:0pt; text-indent:-14.2pt\">\r\n\t\t\t\t<span style=\"font-family:'Verdana'; font-size:10pt\">•</span><span style=\"font:7.0pt 'Verdana'\">       </span><span>m</span><span>inimera exponering för hormonstörande ämnen, med särskild hänsyn till t.ex. fosterutveckling och pubertet</span>\r\n\t\t\t</p>\r\n\t\t\t<p class=\"Punktlistabomb\" style=\"margin-top:0pt; margin-left:14.2pt; margin-bottom:0pt; text-indent:-14.2pt\">\r\n\t\t\t\t<span style=\"font-family:'Verdana'; font-size:10pt\">•</span><span style=\"font:7.0pt 'Verdana'\">       </span><span>d</span><span>riva på för att ta fram tillräckligt med forskningsunderlag för beslutsfattande</span>\r\n\t\t\t</p>\r\n\t\t\t<p class=\"Punktlistabomb\" style=\"margin-top:0pt; margin-left:14.2pt; text-indent:-14.2pt\">\r\n\t\t\t\t<span style=\"font-family:'Verdana'; font-size:10pt\">•</span><span style=\"font:7.0pt 'Verdana'\">       </span><span>f</span><span>rämja en aktiv dialog där alla intressenter kan göra sig hörda och samarbeta</span><span>.</span>\r\n\t\t\t</p>\r\n\t\t\t<p>\r\n\t\t\t\t<span>Enligt kommissionen har EU:s kemikalie</span><span>regler </span><span>utarbetats vid olika tidpunkter och</span><span> har i vissa fall olika syften. Detta har lett till olika strategier </span><span>även </span><span>för hormonstörande ämnen, beroende på vilken sektor som reglerats. Enligt kommissionen behövs det en likartad strategi i all relevant EU-lagstiftning för att identifiera hormonstörande ämnen. </span><span>Kommissionen </span><span>avser därför </span><span>att påbörja en övergripande granskning av om relevant EU-lagstiftning är tillräcklig för att skydda människors hälsa och miljön mot hormonstörande ämnen.</span>\r\n\t\t\t</p>\r\n\t\t\t<p class=\"NormalIndent\">\r\n\t\t\t\t<span>Kommissionen menar att de nyligen fastställda kriterierna för växtskyddsmedel och biocider är ett första steg i rätt riktning.</span><span> </span><span>K</span><span>ommissionen </span><span>nämner även </span><span>reglerna i kemikalieförordningen Reach</span><a name=\"_ftnref1\"></a><a href=\"#_ftn1\"><span class=\"FootnoteReference\" style=\"font-size:6.33pt\">[1]</span></a><span>. Enligt artikel 57 i Reach-förordningen kan hormonstörande ämnen likställas med andra </span><span>s.k. </span><span>SVHC-ämnen vilket står för </span><span>s</span><span>ubstances of </span><span>v</span><span>ery </span><span>h</span><span>igh </span><span>c</span><span>oncern. SVHC-ämnen kan </span><span>enligt Reach </span><span>bli </span><span>aktuella </span><span>för begränsningar eller kräva tillstånd</span><span> för att användas</span><span>.</span><span> Kommissionen håller t.ex. på att förbereda ett förbud </span><span>mot </span><span>användning av fyra olika ftalater som mjukgörare i vissa plastprodukter.</span>\r\n\t\t\t</p>\r\n\t\t\t<p class=\"NormalIndent\">\r\n\t\t\t\t<span>Enligt k</span><span>ommissionen </span><span>bör även </span><span>det kommande ramprogrammet för forsk</span><span>ning och innovation (</span><span>Horisont Europa</span><span>) uppmärksamma </span><span>områden där det finns kunskap</span><span>s</span><span>luckor om hormonstörande ämnen. Kommissionen prioriterar </span><span>bl.a. följande</span><span> områden</span><span>:</span>\r\n\t\t\t</p>\r\n\t\t\t<p class=\"Punktlistabomb\" style=\"margin-left:14.2pt; margin-bottom:0pt; text-indent:-14.2pt\">\r\n\t\t\t\t<span style=\"font-family:'Verdana'; font-size:10pt\">•</span><span style=\"font:7.0pt 'Verdana'\">       </span><span>f</span><span>orskning om riskbedömning och riskbegränsning av kemikalier (även avseende cocktaileffekter och datahantering)</span>\r\n\t\t\t</p>\r\n\t\t\t<p class=\"Punktlistabomb\" style=\"margin-top:0pt; margin-left:14.2pt; margin-bottom:0pt; text-indent:-14.2pt\">\r\n\t\t\t\t<span style=\"font-family:'Verdana'; font-size:10pt\">•</span><span style=\"font:7.0pt 'Verdana'\">       </span><span>f</span><span>orskning om substitution av särskilt farliga ämnen samt säker och kostnadseffektiv produktionsteknik</span>\r\n\t\t\t</p>\r\n\t\t\t<p class=\"Punktlistabomb\" style=\"margin-top:0pt; margin-left:14.2pt; text-indent:-14.2pt\">\r\n\t\t\t\t<span style=\"font-family:'Verdana'; font-size:10pt\">•</span><span style=\"font:7.0pt 'Verdana'\">       </span><span>f</span><span>orskning om miljöinnovation för att förebygga och sanera miljöföroreningar, där man särskilt beaktar förhållandet mellan kemikalieanvändning, varuproduktion och avfallshantering.</span>\r\n\t\t\t</p>\r\n\t\t\t<p>\r\n\t\t\t\t<span>Kommissionen kommer även att årligen organisera ett </span><span>särskilt </span><span>forum för utbyte av information </span><span>på området </span><span>samt lansera en webbportal för hormonstörande ämnen. Syftet är att erbjuda pålitlig och lättillgänglig information, från kommissionen och olika EU-myndigheter, på ett ställe.</span><span> </span><span>Kommissionen kommer </span><span>även </span><span>att utöka sitt stöd till OECD för att utveckla inte</span><span>rnationellt erkända testmetoder samt </span><span>undersöka möjligheterna att ta fram en särskild klassificering av hormonstörande effekter inom ramen för </span><span>FN:s </span><span>g</span><span>lobalt </span><span>h</span><span>armoniserade </span><span>s</span><span>ystem för klassificering och märkning av kemikalier </span><span>(GHS)</span><a name=\"_ftnref2\"></a><a href=\"#_ftn2\"><span class=\"FootnoteReference\" style=\"font-size:6.33pt\">[2]</span></a><span>.</span>\r\n\t\t\t</p>\r\n\t\t\t<h3>\r\n\t\t\t\t<a name=\"_Toc4656162\"><span>Utskottets ställningstagande</span></a><span> </span>\r\n\t\t\t</h3>\r\n\t\t\t<p class=\"R4\" style=\"margin-top:6pt\">\r\n\t\t\t\t<span>Allmänt om kommissionens meddelande </span>\r\n\t\t\t</p>\r\n\t\t\t<p>\r\n\t\t\t\t<span>Utskottet välkomna</span><span>r att kommissionen </span><span>följt medlemsstaternas uppmaning och inlett arbetet med en övergripande EU-strategi för att identifiera hormonstörande ämnen i relevant EU-lagstiftning, med utgångspunkt i WHO:s allmänt vedertagna definition. Möjligheterna att identifiera potentiella substanser behöver förbättras genom att kriterier för klassificering av hormonstörande ämnen tas fram.</span><span> </span><span>Utskottet välkomnar därför kommissionens initiativ i syfte att ta fram en internationellt erkänd klassificering av hormonstörande ämnen inom ramen för GHS. Utskottet har </span><span>också i </span><span>tidigare sammanhang betonat vikten av en säker användning av kemikalier för människor och miljö. Framför allt gäller det skyddet av barn och unga eftersom de är extra känsliga för kemikalier</span><span>.</span><span> </span><span>Utskottet har även noterat behovet av att Reach kontinuerligt utökas genom att nya särskilt farliga ämnen identifieras </span><span>och </span><span>för</span><span>s</span><span> upp på kandidatlistan</span><span> (bet. 2018/19:MJU7).</span><span> </span><span>Riksdagen har även tillkännagett för regeringen att riksdagen </span><span>ställer sig bakom det som u</span><span>tskottet </span><span>föreslagit </span><span>om </span><span>att likartade farliga ämnen ska kunna hanteras i grupp</span><span> (bet. </span><span>2016/17:MJU7</span><span>,</span><span> </span><span>r</span><span>skr. 2016/17:153</span><span> </span><span>)</span><span>. Det gäller t.ex. olika bisfenoler, där ämnet bisfenol A riskerar att </span><span>ersättas </span><span>med andra bisfenoler.</span><span> </span><span>Utskottet noterar även att kommissionen tidigare åtagit sig att senast 2018 ta fram en EU-strategi för giftfri miljö. Utskottet välkomnar denna utfästelse och förutsätter att det presenteras en tidsplan för att </span><span>förverkliga</span><span> detta inom ramen för </span><span>det åttonde</span><span> miljöhandlingsprogrammet.</span>\r\n\t\t\t</p>\r\n\t\t\t<p class=\"NormalIndent\">\r\n\t\t\t\t<span>Sammanfattningsvis anser utskottet att kommissionens meddelande genom s</span><span>in breda ansats </span><span>täcker in de viktigaste frågeställningarna inom området. I det följande redogör utskottet för sina synpunkter va</span><span>d gäller fyra viktiga aspekter </span><span>av </span><span>meddelandet. Utskottet föreslår också med det anförda att riksdagen lägger utlåtandet till handlingarna. </span>\r\n\t\t\t</p>\r\n\t\t\t<p class=\"R4\">\r\n\t\t\t\t<span>Kunskap om hormonstörande ämnen och effekter på hälsa och miljö</span>\r\n\t\t\t</p>\r\n\t\t\t<p>\r\n\t\t\t\t<span>Utskottet delar kommissionens bedömning att det behövs ytterligare forskning om förekomst och effekter av hormonstörande ämnen. Utskottet vill framhålla att den aktuella översynen av relevant lagstiftning bör ha ett riskbaserat förhållningssätt i så motto att </span><span>de </span><span>områden och </span><span>den </span><span>la</span><span>gstiftning som är mest relevant</span><span> vad gäller exponeringen för hormonstörande ämnen ska prioriteras.</span><span> </span><span>Den aviserade översynen är enligt utskottets bedömning även ett lämpligt tillfälle för att mer i detalj undersöka vilka behov som finns av fler standardiserade tester för hormonstörande ämnen</span><span>, </span><span>inklusive alternativ till djurförsök. Utskottet vill i det sammanhanget lyfta fram att Sverige bl.a. har satsat på ett nationellt kompetenscenter</span><a name=\"_ftnref3\"></a><a href=\"#_ftn3\"><span class=\"FootnoteReference\" style=\"font-size:6.33pt\">[3]</span></a><span> för att samordna och främja tillämpningen av alternativa metoder till djurförsök.</span>\r\n\t\t\t</p>\r\n\t\t\t<p class=\"NormalIndent\">\r\n\t\t\t\t<span>Utskottet delar även kommissionens uppfattning att det behövs mer forskning om effekter</span><span>na av hormonstörande ämnen</span><span> i naturliga ekosystem och på människors hälsa. Utskottet välkomnar kommissionens förslag att särskilt känsliga grupper som barn och tonåringar bör stå i fokus för ytterligare åtgärder och forskningsinsatser. Det är </span><span>också </span><span>positivt att kommissionen lanserar en gemensam internetportal för information om hormonstörande ämnen. Enligt utskottets bedömning kan detta initiativ skapa en bättre koordinering och tillgänglighet för befintliga forskningsresultat. Portalen bör även kunna fungera som en viktig kanal för att tillgängliggöra nya forskningsresultat och exempel på åtgärdsinitiativ i medlemsstaterna. Det kan t.ex. finnas behov av att åtgärda även historiska utsläpp eller oavsiktligt bildade ämnen</span><span>. I</span><span>nternetportalen kan </span><span>även i dessa sammanhang </span><span>bli ett värdefullt verktyg för att underlätta ett </span><span>relevant</span><span> informationsutbyte.</span>\r\n\t\t\t</p>\r\n\t\t\t<p class=\"R4\">\r\n\t\t\t\t<span>Försiktighetsprincipen</span>\r\n\t\t\t</p>\r\n\t\t\t<p>\r\n\t\t\t\t<span>Utskottet delar kommissionens bedömning att EU:s strategi för hormonstörande ämnen bör bygga på försiktighetsprincipen och ha som mål att minimera exponering</span><span>en</span><span> för hormonstörande ämnen. Utskottet anser att kandidatlistan i Reach-förordningen är ett avgörande instrument för att operationalisera försiktighetsprincipen och stimulera substitution av särskilt farliga ämnen.</span><span> Utskottet vill </span><span>därför särskilt lyfta fram att Europaparlamentet och rådet enligt det</span><span> </span><span>sjunde </span><span>miljöhandlingsprogrammet </span><span>beslutat </span><span>att insatserna </span><span>ska ”trappas upp med att säkerställa att särskilt farliga ämnen, däribland hormonstörande ämne</span><span>n</span><span>, senast 2020 placeras på Reachs kandidatlista”.</span><a name=\"_ftnref4\"></a><a href=\"#_ftn4\"><span class=\"FootnoteReference\" style=\"font-size:6.33pt\">[4]</span></a>\r\n\t\t\t</p>\r\n\t\t\t<p class=\"NormalIndent\">\r\n\t\t\t\t<span>Utskottet anser att erfarenheter från användningen av olika perfluorerade ämnen (PFAS) tydligt illustrerar behovet av förebyggande försiktighetsåtgärder. Det finns ett flertal exempel på hur perfluorerade ämnen tidigare ansetts vara ofarliga för människa och miljö </span><span>vilket lett till att de</span><span> spridits i stor omfattning. Ny kunskap har därefter visat att dessa ämnen kan ha hormonstörande egenskaper. Den stora spridningen och ämnenas låga nedbrytbarhet </span><span>har lett till en situation där perfluorerade ämnen</span><span> kommer att finnas kvar i miljön lång tid framöver. Enligt utskottets bedömning är det </span><span>mot denna bakgrund </span><span>mycket viktigt att av försiktighetsskäl minimera spridning av potentiellt hormonstörande ämnen. Utskottet välkomnar även kommissionens mål att prioritera forskning om substitution av farliga ämnen. Utskottet </span><span>vill samtidigt framhålla</span><span> att tillämpningen av försiktighetsprincipen inte får medföra att nya risker skapas på andra håll vid åtgärder mot kända eller misstänkta hormonstörande ämnen.</span>\r\n\t\t\t</p>\r\n\t\t\t<p class=\"R4\">\r\n\t\t\t\t<span>Cirkulär ekonomi</span>\r\n\t\t\t</p>\r\n\t\t\t<p>\r\n\t\t\t\t<span>Utskottet vill vidare poängtera vikten av att EU:s reviderade strategi för hormonstörande ämnen samordnas med övrigt arbete för att åstadkomma en cirkulär ekonomi. Många av unionens rättsakter, t.ex. direktiv 2000/53/EC om uttjänta fordon</span><a name=\"_ftnref5\"></a><a href=\"#_ftn5\"><span class=\"FootnoteReference\" style=\"font-size:6.33pt\">[5]</span></a><span> och direktiv 2011/65/EU om begränsning av användning av vissa farliga ämnen i elektrisk och elektronisk utrustning</span><a name=\"_ftnref6\"></a><a href=\"#_ftn6\"><span class=\"FootnoteReference\" style=\"font-size:6.33pt\">[6]</span></a><span>, </span><span>har som uttalat syfte att underlätta återvinning genom att begränsa användningen av farliga ämnen i komponenter och material. I likhet med dessa direktiv bör en allmän översyn av regler för hormonstörande ämnen kunna underlätta materialåtervinning och en cirkulär ekonomi.</span>\r\n\t\t\t</p>\r\n\t\t\t<p class=\"R4\">\r\n\t\t\t\t<span>Tillsyn och marknadskontroll</span>\r\n\t\t\t</p>\r\n\t\t\t<p>\r\n\t\t\t\t<span>Vidare vill utskottet betona behovet av utökade satsningar på relevant tillsyn och marknadskontroll i medlemsstaterna så att spridningen av bl.a. hormonstörande ämnen från importerade varor kan begränsas. Utskottet vill i detta sammanhang framhålla betydelsen av den </span><span>samordning av </span><span>nationella tillsynsinsatser som sker via Europeiska kemikaliemyndighetens</span><span> forum för informationsutbyte om verkställighet</span><span> samt Europeiska kommissionens</span><span> system för snabbt informationsutbyte om farliga konsumentprodukter</span><span> (Rapex)</span><span>.</span><span> Marknadskontrollmyndigheter inom EU samarbetar </span><span>här </span><span>för att informera varandra om produkter </span><span>för vilka </span><span>man vidtagit åtgärder på grund av </span><span>säkerhetsbrister. Åtgärderna kan </span><span>handla om att </span><span>företag fått dra tillbaka </span><span>en </span><span>produkt från marknaden eller återkalla den från konsument</span><span>er</span><span>. </span>\r\n\t\t\t</p>\r\n\t\t\t<p>\r\n\t\t\t\t<span> </span>\r\n\t\t\t</p>\r\n\t\t\t<p class=\"Bilaga\">\r\n\t\t\t\t<span class=\"tBilagaJA\">Bilaga</span>\r\n\t\t\t</p>\r\n\t\t\t<p class=\"Bilagerubrik\">\r\n\t\t\t\t<a name=\"_Toc4656163\"><span class=\"tSidrubrikJA\">Förteckning över </span><span class=\"tSidrubrikJA\">granskade</span><span class=\"tSidrubrikJA\"> </span><span class=\"tSidrubrikJA\">dokument</span></a>\r\n\t\t\t</p>\r\n\t\t\t<p>\r\n\t\t\t\t<span style=\"font-style:italic\">Kommissionens meddelande – Mot en heltäckande EU-ram för hormon</span><span style=\"font-style:italic\">-</span><span style=\"font-style:italic\">störande ämnen (COM(2018) 734)</span><span style=\"font-style:italic\">.</span>\r\n\t\t\t</p>\r\n\t\t\t<p>\r\n\t\t\t\t<span style=\"font-style:italic\"> </span>\r\n\t\t\t</p>\r\n\t\t</div>\r\n\t\t<hr style=\"width:33%; height:1px; text-align:left; -aw-footnote-numberstyle:0; -aw-footnote-startnumber:1; -aw-footnote-type:0\" />\r\n\t\t<div id=\"_ftn1\" style=\"-aw-footnote-isauto:1\">\r\n\t\t\t<p class=\"FootnoteText\">\r\n\t\t\t\t<a href=\"#_ftnref1\"><span class=\"FootnoteReference\" style=\"font-size:6.33pt\">[1]</span></a><span> </span><span>Europaparlamentets och rådets förordning (EG) nr 1907/2006 av den 18 december 2006 om registrering, utvärdering, godkännande och begränsning av kemikalier (Reach), inrättande av en europeisk kemikaliemyndighet, ändring av direktiv 1999/45/EG och upphävande av rådets förordning (EEG) nr 793/93 och kommissionens förordning (EG) nr 1488/94 samt rådets direktiv 76/769/EEG och kommissionens direktiv 91/155/EEG, 93/67/EEG, 93/105/EG och 2000/21/EG.</span>\r\n\t\t\t</p>\r\n\t\t</div>\r\n\t\t<div id=\"_ftn2\" style=\"-aw-footnote-isauto:1\">\r\n\t\t\t<p class=\"FootnoteText\">\r\n\t\t\t\t<a href=\"#_ftnref2\"><span class=\"FootnoteReference\" style=\"font-size:6.33pt\">[2]</span></a><span> Se </span><span>Globally Harmonized System of Classifica</span><span>tion and Labelling of Chemicals -</span><span> </span><span>FN, New York and Geneva 2011</span><span>.</span>\r\n\t\t\t</p>\r\n\t\t</div>\r\n\t\t<div id=\"_ftn3\" style=\"-aw-footnote-isauto:1\">\r\n\t\t\t<p class=\"FootnoteText\">\r\n\t\t\t\t<a href=\"#_ftnref3\"><span class=\"FootnoteReference\" style=\"font-size:6.33pt\">[3]</span></a><span> Sveriges 3R-</span><span>center vid Jordbruksverket</span><span>.</span>\r\n\t\t\t</p>\r\n\t\t</div>\r\n\t\t<div id=\"_ftn4\" style=\"-aw-footnote-isauto:1\">\r\n\t\t\t<p class=\"FootnoteText\">\r\n\t\t\t\t<a href=\"#_ftnref4\"><span class=\"FootnoteReference\" style=\"font-size:6.33pt\">[4]</span></a><span> </span><span>Europaparlamentets och rådets beslut nr 1386/2013/EU av den 20 november 2013 om ett allmänt miljöhandlingsprogram för unionen till 2020 (EUT L 354, 28.12.2013, s. 171).</span>\r\n\t\t\t</p>\r\n\t\t</div>\r\n\t\t<div id=\"_ftn5\" style=\"-aw-footnote-isauto:1\">\r\n\t\t\t<p class=\"FootnoteText\">\r\n\t\t\t\t<a href=\"#_ftnref5\"><span class=\"FootnoteReference\" style=\"font-size:6.33pt\">[5]</span></a><span> Europaparlamentets och rådets direktiv 2000/53/EG av den 18 september 2000 om uttjänta fordon</span>\r\n\t\t\t</p>\r\n\t\t</div>\r\n\t\t<div id=\"_ftn6\" style=\"-aw-footnote-isauto:1\">\r\n\t\t\t<p class=\"FootnoteText\">\r\n\t\t\t\t<a href=\"#_ftnref6\"><span class=\"FootnoteReference\" style=\"font-size:6.33pt\">[6]</span></a><span> Europaparlamentets och rådets direktiv 2011/65/EU av den 8 juni 2011 om begränsning av användning av vissa farliga ämnen i elektrisk och elektronisk utrustning</span>\r\n\t\t\t</p>\r\n\t\t</div>\r\n\t"},"dokutskottsforslag":{"utskottsforslag":{"punkt":"1","rubrik":"Kommissionens meddelande Mot en heltäckande EU-ram för hormonstörande ämnen","forslag":"Riksdagen lägger utlåtandet till handlingarna.<BR/><BR/><BR/>","beslutstyp":"acklamation","motforslag_nummer":"0","motforslag_partier":null,"votering_id":null,"votering_sammanfattning_html":null,"votering_url_xml":null,"rm":"2018/19","bet":"MJU10","vinnare":"utskottet"}},"dokaktivitet":{"aktivitet":[{"kod":"UBE","namn":"Beredning","datum":"2019-03-14 00:00:00","status":"inträffat","ordning":"0","process":null},{"kod":"JUS","namn":"Justering","datum":"2019-03-26 00:00:00","status":"inträffat","ordning":"0","process":null},{"kod":"TRY","namn":"Trycklov","datum":"2019-03-28 00:00:00","status":"inträffat","ordning":"0","process":null},{"kod":"B","namn":"Bordläggning","datum":"2019-04-02 00:00:00","status":"inträffat","ordning":"0","process":null},{"kod":"BEH","namn":"Behandling","datum":"2019-04-03 00:00:00","status":"inträffat","ordning":"0","process":null},{"kod":"BES","namn":"Beslut","datum":"2019-04-03 00:00:00","status":"inträffat","ordning":"0","process":null}]},"dokuppgift":{"uppgift":[{"kod":"beslutssammanfattningusk","namn":"Utskottets förslag till beslut","text":"Utlåtandet läggs till handlingarna.","dok_id":"H601MJU10","systemdatum":"2019-03-28 17:04:22"},{"kod":"rdbeslut","namn":"Riksdagens beslut","text":"Kammaren biföll utskottets förslag.","dok_id":"H601MJU10","systemdatum":"2019-04-03 17:09:55"},{"kod":"notis","namn":"Beslut i korthet","text":"                           <p>EU-kommissionen har lämnat ett så kallat meddelande om EU:s strategi för arbetet med hormonstörande ämnen. Det övergripande målet i strategin är att skydda EU:s befolkning och miljö från att utsättas för hormonstörande ämnen, och samtidigt upprätthålla EU:s gemensamma marknad. I strategin ingår åtaganden om att minimera den totala exponeringen för hormonstörande ämnen, att stödja nödvändig forskning om hormonstörande ämnen och att främja en aktiv dialog mellan de berörda aktörerna.</p>\r\n<p>Miljö- och jordbruksutskottet som har granskat meddelandet välkomnar att kommissionen har inlett arbetet med en översyn av EU:s lagstiftning på området. Utskottet anser att strategin täcker in de viktigaste frågorna inom området, som att det är viktigt att tydligare belysa hur försiktighetsprincipen ska tillämpas, att särskilt farliga ämnen ska ersättas med bättre alternativ och att det är viktigt att ha en stark och enhetlig tillsyn och marknadskontroll. Utskottets granskning skickas till kommissionen och kommer att finnas tillgängligt för andra medlemsstater.</p>\r\n<p>Riksdagen lade utlåtandet till handlingarna, det vill säga avslutade ärendet.</p>\r\n                                            ","dok_id":"H601MJU10","systemdatum":"2019-04-03 17:13:40"},{"kod":"notisrubrik","namn":"Beslut","text":"EU:s strategi för arbetet med hormonstörande ämnen har granskats (MJU10)","dok_id":"H601MJU10","systemdatum":"2019-04-03 17:13:40"},{"kod":"utsknotis","namn":"Utskottets förslag till beslut","text":"                           <p>EU-kommissionen har lämnat ett så kallat meddelande om EU:s strategi för arbetet med hormonstörande ämnen. Det övergripande målet i strategin är att skydda EU:s befolkning och miljö från att utsättas för hormonstörande ämnen, och samtidigt upprätthålla EU:s gemensamma marknad. I strategin ingår åtaganden om att minimera den totala exponeringen för hormonstörande ämnen, att stödja nödvändig forskning om hormonstörande ämnen och att främja en aktiv dialog mellan de berörda aktörerna.</p>\r\n<p>Miljö- och jordbruksutskottet som har granskat meddelandet välkomnar att kommissionen har inlett arbetet med en översyn av EU:s lagstiftning på området. Utskottet anser att strategin täcker in de viktigaste frågorna inom området, som att det är viktigt att tydligare belysa hur försiktighetsprincipen ska tillämpas, att särskilt farliga ämnen ska ersättas med bättre alternativ och att det är viktigt att ha en stark och enhetlig tillsyn och marknadskontroll. Utskottets granskning skickas till kommissionen och kommer att finnas tillgängligt för andra medlemsstater.</p>\r\n<p>Utskottet föreslår att riksdagen lägger utlåtandet till handlingarna, det vill säga avslutar ärendet.</p>\r\n                                            ","dok_id":"H601MJU10","systemdatum":"2019-04-03 17:13:40"},{"kod":"utsknotisrubrik","namn":"Utskottets förslag","text":"EU:s strategi för arbetet med hormonstörande ämnen har granskats (MJU10)","dok_id":"H601MJU10","systemdatum":"2019-04-03 17:13:40"},{"kod":"statustext","namn":"statustext","text":"Ärendet är avslutat","dok_id":"H601MJU10","systemdatum":"2019-04-04 00:25:54"},{"kod":"debattdatumtid","namn":"Datum och tid för debatten","text":"2019-04-03 00:00:00","dok_id":"H601MJU10","systemdatum":"2019-04-03 17:13:40"},{"kod":"beslutdatumtid","namn":"Datum och tid för beslutet","text":"2019-04-03 00:00:00","dok_id":"H601MJU10","systemdatum":"2019-04-03 17:13:40"}]},"dokbilaga":{"bilaga":{"dok_id":"H601MJU10","titel":"Kommissionens meddelande om en EU-ram för hormonstörande ämnen","subtitel":null,"filnamn":"2018_19_MJU10_20190328170343_Publicering.pdf","filstorlek":"407457","filtyp":"pdf","fil_url":"http://data.riksdagen.se/fil/DE4AD2EB-12A6-4820-BBCD-7A8E1ECAB257"}},"dokreferens":{"referens":[{"referenstyp":"föredragningslista","uppgift":"föredragningslista 2018/19:72 Onsdag den 3 april 2019","ref_dok_id":"H60I72","ref_dok_typ":"f-lista","ref_dok_rm":"2018/19","ref_dok_bet":"72","ref_dok_titel":"Onsdag den 3 april 2019","ref_dok_subtitel":null,"ref_dok_subtyp":null,"ref_dok_dokumentnamn":"Föredragningslista"},{"referenstyp":"protokollbeslut","uppgift":"2019-04-03","ref_dok_id":"H60972","ref_dok_typ":"prot","ref_dok_rm":"2018/19","ref_dok_bet":"72","ref_dok_titel":"Protokoll 2018/19:72 Onsdagen den 3 april","ref_dok_subtitel":null,"ref_dok_subtyp":null,"ref_dok_dokumentnamn":"Protokoll"},{"referenstyp":"protokolldebatt","uppgift":"2019-04-03","ref_dok_id":"H60972","ref_dok_typ":"prot","ref_dok_rm":"2018/19","ref_dok_bet":"72","ref_dok_titel":"Protokoll 2018/19:72 Onsdagen den 3 april","ref_dok_subtitel":"Kommissionens meddelande om en EU-ram för hormonstörande ämnen","ref_dok_subtyp":null,"ref_dok_dokumentnamn":"Protokoll"},{"referenstyp":"talarlista","uppgift":"talarlista 2018/19:20190403 Onsdag den 3 april 2019 (preliminär)","ref_dok_id":"H60J20190403","ref_dok_typ":"t-lista","ref_dok_rm":"2018/19","ref_dok_bet":"20190403","ref_dok_titel":"Onsdag den 3 april 2019 (preliminär)","ref_dok_subtitel":null,"ref_dok_subtyp":null,"ref_dok_dokumentnamn":"Talarlista"}]},"debatt":{"anforande":{"video_id":"1100190404436703822","video_url":"1100190404436703822#pos=17","startpos":"17","tumnagel":["","//mhdownload.riksdagen.se/riksdagen/unrestricted/thumb/1100190404436703822_mid.jpg"],"tumnagel_stor":"//mhdownload.riksdagen.se/riksdagen/unrestricted/thumb/1100190404436703822_high.jpg","anf_video_id":"1100190404436704022","anf_hangar_id":"5030295","anf_sekunder":"270","anf_klockslag":"15:39","datumtid":"2019-04-03 15:39:21","anf_datum":"2019-04-03 00:00:00","anf_typ":"ap","anf_text":"<p>Herr talman! I dag har jag, i egenskap av miljö- och jordbruksutskottets ordförande, fått den stora äran att föra hela utskottets talan i vårt eniga utlåtande om EU-kommissionens strategi för arbetet med hormonstörande ämnen.</p><p>Exempel på hormonstörande ämnen är olika varianter av ftalater, bromerade flamskyddsmedel eller metaller såsom bly och kvicksilver. Det är ämnen som finns i produkter som vi använder i vår vardag. Det har visat sig att de kan ha en koppling till bland annat bröstcancer, prostatacancer, fetma och sköldkörtelproblem. Det är därför oerhört viktigt att säkerställa att EU agerar på ett effektivt sätt för att säkerställa en hög skyddsnivå för EU:s befolkning och miljön och samtidigt upprätthålla den inre marknaden.</p><p>Hormonstörande ämnen är en fråga som under lång tid har engagerat regeringar av olika färg. De har också engagerat miljö- och jordbruksutskottet på många sätt. Därför har utskottet valt att granska EU-kommissionens meddelande <em>Mot en heltäckande EU-ram för hormonstörande ämnen</em> för att utvärdera om kommissionens presenterade strategi för arbetet med hormonstörande ämnen är tillräcklig eller om något saknas.</p><p>I utskottets granskning lyfter vi fram fyra områden som vi ser som extra viktiga att uppmärksamma. Det första handlar om kunskap om hormonstörande ämnen och effekter på hälsa och miljö. Utskottet instämmer i kommissionens bedömning att det behövs ytterligare forskning om förekomst och effekter av hormonstörande ämnen. Vi tycker samtidigt att det är viktigt att översynen av relevant lagstiftning som kommissionen beskriver i sitt meddelande ska ha ett riskbaserat förhållningssätt så att de områden och den lagstiftning som är mest relevant vad gäller exponering för hormonstörande ämnen prioriteras. Vi ser därför positivt på kommissionens förslag att särskilt känsliga grupper som barn och tonåringar bör stå i fokus för ytterligare åtgärder och forskningsinsatser.</p><p>Det andra området som utskottet pekar på är försiktighetsprincipen. Vi instämmer i kommissionens bedömning att EU:s strategi för hormonstörande ämnen ska bygga på försiktighetsprincipen och ha som mål att minimera exponeringen för hormonstörande ämnen. Vi ser att erfarenheter från användningen av olika perfluorerade ämnen, i folkmun kallade PFAS, tydligt illustrerar behovet av förebyggande försiktighetsåtgärder.</p><p>Kommissionens meddelande om en EU-ram för hormon-störande ämnen</p><p>Det finns ett flertal exempel på hur perfluorerade ämnen tidigare har ansetts vara helt ofarliga för människa och miljö, vilket har lett till att de har spridits i stor omfattning. Ny kunskap har därefter visat att dessa ämnen faktiskt kan ha hormonstörande egenskaper. Den stora spridningen och ämnenas låga nedbrytbarhet har lett till att perfluorerade ämnen kommer att finnas kvar i miljön lång tid framöver.</p><p>Enligt utskottets bedömning är det mot denna bakgrund viktigt att av försiktighetsskäl minimera spridning av potentiellt hormonstörande ämnen.</p><p>Herr talman! Område nummer tre handlar om cirkulär ekonomi. Vårt samhälle behöver sluta kretsloppen och arbeta för att det som i dag ses som avfall i stället ska ses som resurser som kan återanvändas eller återvinnas. Men i detta sammanhang är det också viktigt att titta på vilka ämnen de produkter som ska återvinnas faktiskt innehåller. Om en plastprodukt till exempel innehåller förbjudna ftalater är det inte helt lämpligt att återvinna den till en ny plastleksak för barn.</p><p>Utskottet anser därför att när EU-kommissionen ser över den befintliga lagstiftningen kopplad till hormonstörande ämnen måste man också titta på materialåtervinning och cirkulär ekonomi. EU:s reviderade strategi för hormonstörande ämnen måste samordnas med övrigt arbete för att åstadkomma en cirkulär ekonomi.</p><p>Det fjärde och sista området är tillsyn och marknadskontroll. Vi lever i en alltmer globaliserad värld med ökad handel mellan medlemsstater men inte minst med länder utanför EU som har ett annat regelverk kring hormonstörande ämnen än EU har. Det behövs därför ökade satsningar på relevant tillsyn och marknadskontroll i medlemsstaterna, så att spridningen av hormonstörande ämnen från importerade varor kan begränsas.</p><p>Herr talman! Sammantaget ser utskottet positivt på att kommissionen har presenterat detta meddelande. Vi anser att kommissionen med sin breda ansats täcker in de viktigaste frågeställningarna inom området. Utskottet föreslår därmed att riksdagen lägger utlåtandet till handlingarna.</p><p>(Applåder)</p><p>I detta anförande instämde Staffan Eklöf (SD).</p><p>Överläggningen var härmed avslutad.</p><p>(Beslut fattades under § 17.)</p>","anf_beteckning":"2018/19:72-96","anf_nummer":"96","talare":"Kristina Yngwe (C)","intressent_id":"0884738092723","parti":"C","anf_rm":"2018/19"}}}}