{"dokumentstatus":{"dokument":{"hangar_id":"5030716","dok_id":"H601FiU43","rm":"2018/19","beteckning":"FiU43","typ":"bet","subtyp":"bet","doktyp":"bet","typrubrik":"Betänkande 2018/19:FiU43","dokumentnamn":"Betänkande","debattnamn":"Debatt om förslag","tempbeteckning":"","organ":"FiU","mottagare":"","nummer":"43","slutnummer":"0","datum":"2019-06-13 00:00:00","systemdatum":"2019-06-19 00:28:38","publicerad":"2019-04-08 14:33:52","titel":"Reglering av mikrosimuleringsmodellen Fasit","subtitel":"","status":"Webbpublicering","htmlformat":"html","relaterat_id":"","source":"RIM","sourceid":"b964810c-5844-49fc-a9ec-cadfddac6dd6","dokument_url_text":"http://data.riksdagen.se/dokument/H601FiU43/text","dokument_url_html":"http://data.riksdagen.se/dokument/H601FiU43","dokumentstatus_url_xml":"http://data.riksdagen.se/dokumentstatus/H601FiU43","utskottsforslag_url_xml":"http://data.riksdagen.se/utskottsforslag/H601FiU43","html":"<style><!--\r\n .w600px{width: 600px;font-family:Verdana, Geneva, sans-serif}\r\nh2.dtyp{font-size:1.5em !important;} \r\n/********************************************************************************************************/\r\n/* Styles for D:\\Logs\\DocumentConverter\\\\Output_a394d4ff-9982-4db3-98ec-2818687dc309\\HTML\\Dokument.html */\r\n/* Generated by Aspose.Words for .NET 15.3.0.0                                                          */\r\n/********************************************************************************************************/\r\n\r\n@page Section1 { size:467.8pt 686.05pt; margin:45.35pt 102.05pt 73.7pt 70.85pt }\r\ndiv.Section1 { page:Section1 }\r\nzbody { text-align:justify; line-height:12.5pt; font-family:'Verdana'; font-size:9.5pt }\r\nzh1, h2, h3, h4, h5, h6, p { margin:3.1pt 0pt 0pt }\r\nzli, table { margin-top:3.1pt; margin-bottom:0pt }\r\nzh1 { margin-top:3.1pt; margin-bottom:12pt; text-align:left; page-break-after:avoid; line-height:12.5pt; font-family:'Verdana'; font-size:16pt; font-weight:normal }\r\nzh2 { margin-top:20pt; margin-bottom:6pt; text-align:left; page-break-inside:avoid; page-break-after:avoid; line-height:12.5pt; font-family:'Verdana'; font-size:13.5pt; font-weight:normal }\r\nzh3 { margin-top:20pt; margin-bottom:3.1pt; text-align:left; page-break-inside:avoid; page-break-after:avoid; line-height:12.5pt; font-family:'Verdana'; font-size:10.5pt; font-weight:bold }\r\nzh4 { margin-top:15pt; margin-bottom:3.1pt; text-align:left; page-break-inside:avoid; page-break-after:avoid; line-height:12.5pt; font-family:'Verdana'; font-size:10.5pt; font-weight:normal; font-style:italic; color:#000000 }\r\nzh5 { margin-top:6.25pt; margin-bottom:0pt; text-align:justify; page-break-inside:avoid; page-break-after:avoid; line-height:12.5pt; font-family:'Verdana'; font-size:9.5pt; font-weight:bold }\r\nzh6 { margin-top:6.25pt; margin-bottom:0pt; text-align:justify; page-break-inside:avoid; page-break-after:avoid; line-height:12.5pt; font-family:'Verdana'; font-size:9.5pt; font-weight:normal; font-style:italic; color:#000000 }\r\n.Heading7 { margin-top:2pt; margin-bottom:0pt; text-align:justify; page-break-inside:avoid; page-break-after:avoid; line-height:12.5pt; font-family:'Verdana'; font-size:9.5pt; font-weight:normal; font-style:italic; color:#243f60 }\r\n.Heading8 { margin-top:2pt; margin-bottom:0pt; text-align:justify; page-break-inside:avoid; page-break-after:avoid; line-height:12.5pt; font-family:'Verdana'; font-size:9pt; font-weight:normal; color:#272727 }\r\n.Heading9 { margin-top:2pt; margin-bottom:0pt; text-align:justify; page-break-inside:avoid; page-break-after:avoid; line-height:12.5pt; font-family:'Verdana'; font-size:9pt; font-weight:normal; font-style:italic; color:#272727 }\r\n.Avsnittsrubrik { margin-top:0pt; margin-bottom:27.7pt; text-align:left; page-break-before:always; page-break-after:avoid; line-height:normal; font-family:'Verdana'; font-size:16pt }\r\n.Avvikandemeningrubrik { margin-top:0pt; margin-bottom:3.1pt; text-align:left; page-break-inside:avoid; page-break-after:avoid; line-height:12.5pt; font-family:'Verdana'; font-size:10.5pt; font-weight:bold }\r\n.BalloonText { margin-top:3.1pt; margin-bottom:0pt; text-align:justify; line-height:normal; font-family:Tahoma; font-size:8pt }\r\n.Bilaga { margin-top:0pt; margin-bottom:0pt; text-align:left; page-break-before:always; page-break-after:avoid; line-height:normal; widows:0; orphans:0; font-family:'Verdana'; font-size:8pt; font-variant:small-caps; text-decoration:underline }\r\n.Bilagerubrik { margin-top:0pt; margin-bottom:17.7pt; text-align:left; page-break-after:auto; line-height:normal; widows:0; orphans:0; font-family:'Verdana'; font-size:16pt }\r\n.Bild-Rubrik { margin-top:8pt; margin-bottom:0pt; text-align:justify; page-break-inside:avoid; page-break-after:avoid; line-height:10pt; font-family:'Verdana'; font-size:9.5pt; font-weight:bold }\r\n.Bild-Underrubrik { margin-top:0pt; margin-bottom:1pt; text-align:left; page-break-inside:avoid; page-break-after:avoid; line-height:8pt; font-family:'Verdana'; font-size:8pt; font-weight:normal; font-style:italic }\r\n.BodyText { margin-top:3.1pt; margin-bottom:0pt; text-align:left; line-height:12.5pt; font-family:'Verdana'; font-size:9.5pt }\r\n.BodyTextIndent2 { margin-top:3.1pt; margin-left:14.15pt; margin-bottom:6pt; text-align:justify; line-height:200%; font-family:'Verdana'; font-size:9.5pt }\r\n.Citatindrag { margin-top:0pt; margin-left:14.2pt; margin-bottom:6.1pt; text-indent:14.2pt; text-align:justify; line-height:10pt; font-family:'Verdana'; font-size:9.5pt }\r\n.CommentText { margin-top:3.1pt; margin-bottom:0pt; text-align:justify; line-height:normal; font-family:'Verdana'; font-size:10pt }\r\n.Deltagare { margin-top:0pt; margin-bottom:0pt; text-align:justify; page-break-inside:avoid; page-break-after:avoid; line-height:9.5pt; font-family:'Verdana'; font-size:9.5pt }\r\n.Diagram-Rubrik { margin-top:8pt; margin-bottom:0pt; text-align:justify; page-break-inside:avoid; page-break-after:avoid; line-height:10pt; font-family:'Verdana'; font-size:9.5pt; font-weight:bold }\r\n.Diagram-Underrubrik { margin-top:0pt; margin-bottom:1pt; text-align:left; page-break-inside:avoid; page-break-after:avoid; line-height:8pt; font-family:'Verdana'; font-size:8pt; font-weight:normal; font-style:italic }\r\n.DokumentRubrik { margin-top:6pt; margin-bottom:24pt; text-align:left; line-height:normal; border-bottom-style:solid; border-bottom-width:0.75pt; border-bottom-color:#000000; padding-bottom:4pt; font-family:'Verdana'; font-size:18pt }\r\n.Dokumentbeteckning { margin-top:0pt; margin-bottom:0pt; text-align:left; page-break-inside:avoid; page-break-after:avoid; line-height:12.5pt; font-family:'Verdana'; font-size:16pt }\r\n.Footer { margin-top:3.1pt; margin-bottom:0pt; text-align:justify; line-height:normal; font-family:'Verdana'; font-size:9.5pt }\r\n.FootnoteText { margin-top:0pt; margin-bottom:0pt; text-align:justify; line-height:8pt; font-family:'Verdana'; font-size:8pt }\r\n.Fotnotstextindrag { margin-top:0pt; margin-left:5.65pt; margin-bottom:0pt; text-align:left; line-height:8pt; font-family:'Verdana'; font-size:8pt }\r\n.Frslagspunkt { margin-top:0pt; margin-bottom:0pt; text-align:left; page-break-inside:avoid; page-break-after:avoid; line-height:12.5pt; font-family:'Verdana'; font-size:9.5pt; font-weight:bold }\r\n.Frslagstext { margin-top:0pt; margin-bottom:0pt; text-align:justify; line-height:12.5pt; font-family:'Verdana'; font-size:9.5pt }\r\n.Frteckningsrubrik { margin-top:9.6pt; margin-bottom:3.1pt; text-align:left; page-break-inside:avoid; page-break-after:avoid; line-height:normal; font-family:'Verdana'; font-size:9.5pt; font-weight:normal; font-style:italic; color:#000000 }\r\n.Grupprubrik { margin-top:6pt; margin-bottom:0pt; text-align:left; page-break-inside:avoid; page-break-after:avoid; line-height:12.5pt; font-family:'Verdana'; font-size:9.5pt; font-style:italic }\r\n.Grupprubrikindrag { margin-top:6pt; margin-left:22.1pt; margin-bottom:0pt; text-align:left; page-break-inside:avoid; page-break-after:avoid; line-height:12.5pt; font-family:'Verdana'; font-size:9.5pt; font-style:italic }\r\n.Header { margin-top:0pt; margin-bottom:0pt; text-align:justify; line-height:normal; font-family:'Verdana'; font-size:7.5pt; font-variant:small-caps }\r\n.Innehllsfrteckning { margin-top:0pt; margin-bottom:17.7pt; text-align:left; page-break-before:always; page-break-after:auto; line-height:normal; font-family:'Verdana'; font-size:16pt }\r\n.Kantrubrik { margin-top:0pt; margin-bottom:0pt; text-align:justify; line-height:normal; font-family:'Verdana'; font-size:7.5pt }\r\n.ListBullet { margin-top:6.25pt; margin-left:17.85pt; margin-bottom:6.25pt; text-indent:-17.85pt; text-align:justify; line-height:12.5pt; font-family:'Verdana'; font-size:9.5pt }\r\n.ListParagraph { margin-top:3.1pt; margin-left:28.35pt; margin-bottom:0pt; text-align:justify; line-height:12.5pt; font-family:'Verdana'; font-size:9.5pt }\r\n.Litentext { margin-top:0pt; margin-bottom:0pt; text-align:justify; line-height:normal; font-family:'Verdana'; font-size:8pt }\r\n.Mellanrubrik { margin-top:11pt; margin-bottom:3.1pt; text-align:left; page-break-after:avoid; line-height:12.5pt; font-family:'Verdana'; font-size:9.5pt; font-style:italic }\r\n.Mellanrum { margin-top:0pt; margin-bottom:0pt; text-align:left; page-break-before:auto; page-break-after:auto; line-height:1pt; widows:0; orphans:0; font-family:'Verdana'; font-size:1pt; font-variant:small-caps; text-decoration:none; color:#ffffff }\r\n.NormalIndent { margin-top:0pt; margin-bottom:0pt; text-indent:11.35pt; text-align:justify; line-height:12.5pt; font-family:'Verdana'; font-size:9.5pt }\r\n.Normalinskjuten { margin-top:0pt; margin-left:22.1pt; margin-bottom:0pt; text-align:justify; line-height:12.5pt; font-family:'Verdana'; font-size:9.5pt }\r\n.Normalinskjutenindrag { margin-top:0pt; margin-left:22.1pt; margin-bottom:0pt; text-indent:11.35pt; text-align:justify; line-height:12.5pt; font-family:'Verdana'; font-size:9.5pt }\r\n.Normalinskjutenkursiv { margin-top:6pt; margin-bottom:0pt; line-height:normal; font-family:'Verdana'; font-size:10pt; font-style:italic }\r\n.Normalkursiv { margin-top:3.1pt; margin-bottom:0pt; text-align:left; line-height:12.5pt; font-family:'Verdana'; font-size:9.5pt; font-style:italic }\r\n.Normalruta { margin:3.1pt 5.65pt 0pt; text-align:justify; page-break-inside:avoid; page-break-after:avoid; line-height:12.5pt; border-top-style:solid; border-top-width:0.75pt; border-top-color:#000000; border-right-style:solid; border-right-width:0.75pt; border-right-color:#000000; border-left-style:solid; border-left-width:0.75pt; border-left-color:#000000; border-bottom-style:solid; border-bottom-width:0.75pt; border-bottom-color:#000000; padding-top:4pt; padding-right:4pt; padding-left:4pt; padding-bottom:4pt; font-family:'Verdana'; font-size:10.5pt }\r\n.Normalrutafet { margin:3.1pt 5.65pt 0pt; text-align:justify; page-break-inside:avoid; page-break-after:avoid; line-height:12.5pt; border-top-style:solid; border-top-width:0.75pt; border-top-color:#000000; border-right-style:solid; border-right-width:0.75pt; border-right-color:#000000; border-left-style:solid; border-left-width:0.75pt; border-left-color:#000000; border-bottom-style:solid; border-bottom-width:0.75pt; border-bottom-color:#000000; padding-top:4pt; padding-right:4pt; padding-left:4pt; padding-bottom:4pt; font-family:'Verdana'; font-size:10.5pt; font-weight:bold }\r\n.Normalrutaindrag { margin:0pt 5.65pt; text-indent:11.35pt; text-align:justify; page-break-inside:avoid; page-break-after:avoid; line-height:12.5pt; border-top-style:solid; border-top-width:0.75pt; border-top-color:#000000; border-right-style:solid; border-right-width:0.75pt; border-right-color:#000000; border-left-style:solid; border-left-width:0.75pt; border-left-color:#000000; border-bottom-style:solid; border-bottom-width:0.75pt; border-bottom-color:#000000; padding-top:4pt; padding-right:4pt; padding-left:4pt; padding-bottom:4pt; font-family:'Verdana'; font-size:10.5pt }\r\n.Normalutanluftfre { margin-top:0pt; margin-bottom:0pt; text-align:justify; line-height:12.5pt; font-family:'Verdana'; font-size:9.5pt }\r\n.NormalNoll { margin-top:0pt; margin-bottom:3.1pt; text-align:left; line-height:12.5pt; font-family:'Verdana'; font-size:10.5pt; font-weight:bold }\r\n.NumlistaTOC { margin:3.1pt 28.35pt 0pt 0pt; text-indent:0pt; text-align:left; line-height:normal; font-family:'Verdana'; font-size:9.5pt }\r\n.Ordfranden { margin-top:3.1pt; margin-bottom:22pt; text-align:left; page-break-inside:avoid; page-break-after:avoid; line-height:normal; font-family:'Verdana'; font-size:9.5pt; font-style:italic }\r\n.OrtochDatum { margin-top:18pt; margin-bottom:18pt; text-align:left; page-break-inside:avoid; page-break-after:avoid; line-height:normal; font-family:'Verdana'; font-size:9.5pt }\r\n.Punktlistabomb { margin-top:6.25pt; margin-left:14.2pt; margin-bottom:6.25pt; text-indent:-14.2pt; text-align:justify; line-height:12.5pt; font-family:'Verdana'; font-size:9.5pt }\r\n.Punktlistagemener { margin-top:6.25pt; margin-left:14.2pt; margin-bottom:6.25pt; text-indent:-14.2pt; text-align:justify; line-height:12.5pt; font-family:'Verdana'; font-size:9.5pt }\r\n.Punktlistalinje { margin-top:6.25pt; margin-left:14.2pt; margin-bottom:6.25pt; text-indent:-14.2pt; text-align:justify; line-height:12.5pt; font-family:'Verdana'; font-size:9.5pt }\r\n.Punktlistasiffra { margin-top:6.25pt; margin-left:14.2pt; margin-bottom:6.25pt; text-indent:-14.2pt; text-align:justify; line-height:12.5pt; font-family:'Verdana'; font-size:9.5pt }\r\n.PVgnar { margin-top:3.1pt; margin-bottom:26pt; text-align:left; page-break-inside:avoid; page-break-after:avoid; line-height:normal; font-family:'Verdana'; font-size:9.5pt }\r\n.Quote { margin-top:6.1pt; margin-left:14.2pt; margin-bottom:0pt; text-align:justify; line-height:10pt; font-family:'Verdana'; font-size:9.5pt }\r\n.R1 { margin-top:3.1pt; margin-bottom:12pt; text-align:left; page-break-after:avoid; line-height:12.5pt; font-family:'Verdana'; font-size:16pt }\r\n.R1bilaga { margin-top:3.1pt; margin-bottom:12pt; text-align:left; page-break-after:auto; line-height:12.5pt; font-family:'Verdana'; font-size:16pt }\r\n.R2 { margin-top:20pt; margin-bottom:6pt; text-align:left; page-break-inside:avoid; page-break-after:avoid; line-height:12.5pt; font-family:'Verdana'; font-size:13.5pt }\r\n.R3 { margin-top:20pt; margin-bottom:3.1pt; text-align:left; page-break-inside:avoid; page-break-after:avoid; line-height:12.5pt; font-family:'Verdana'; font-size:10.5pt; font-weight:bold }\r\n.R4 { margin-top:15pt; margin-bottom:3.1pt; text-align:left; page-break-inside:avoid; page-break-after:avoid; line-height:12.5pt; font-family:'Verdana'; font-size:10.5pt; font-weight:normal; font-style:italic; color:#000000 }\r\n.R5 { margin-top:6.25pt; margin-bottom:0pt; text-align:justify; page-break-inside:avoid; page-break-after:avoid; line-height:12.5pt; font-family:'Verdana'; font-size:9.5pt; font-weight:bold }\r\n.R6 { margin-top:6.25pt; margin-bottom:0pt; text-align:justify; page-break-inside:avoid; page-break-after:avoid; line-height:12.5pt; font-family:'Verdana'; font-size:9.5pt; font-weight:normal; font-style:italic; color:#000000 }\r\n.Reservationshnvisning { margin-top:0pt; margin-bottom:8pt; text-align:right; line-height:12.5pt; font-family:'Verdana'; font-size:9.5pt; font-style:italic }\r\n.Reservationsrubrik { margin-top:0pt; margin-bottom:3.1pt; text-align:left; page-break-inside:avoid; page-break-after:avoid; line-height:12.5pt; font-family:'Verdana'; font-size:10.5pt; font-weight:bold }\r\n.Rubrik1Dokumentinformation { margin-top:0pt; margin-bottom:0pt; text-align:left; page-break-inside:avoid; page-break-after:avoid; line-height:12.5pt; font-family:'Verdana'; font-size:16pt }\r\n.Rubrik1bilaga { margin-top:0pt; margin-bottom:27.7pt; text-align:left; page-break-after:auto; line-height:12.5pt; font-family:'Verdana'; font-size:16pt }\r\n.Rubrik1medsidhuvud { margin-top:3.1pt; margin-bottom:12pt; text-align:left; page-break-before:always; page-break-after:avoid; line-height:12.5pt; font-family:'Verdana'; font-size:16pt }\r\n.Rubrik1numrerat { margin-top:3.1pt; margin-left:0pt; margin-bottom:12pt; text-indent:0pt; text-align:left; page-break-after:avoid; line-height:12.5pt; font-family:'Verdana'; font-size:16pt }\r\n.Rubrik1numreratmedsidhuvud { margin-top:0pt; margin-left:0pt; margin-bottom:16pt; text-indent:0pt; text-align:left; page-break-before:always; page-break-after:avoid; line-height:normal; font-family:'Verdana'; font-size:16pt }\r\n.Rubrik2bilaga { margin-top:20pt; margin-bottom:6pt; text-align:left; page-break-inside:avoid; page-break-after:avoid; line-height:12.5pt; font-family:'Verdana'; font-size:13.5pt }\r\n.Rubrik2numrerat { margin-top:20pt; margin-left:0pt; margin-bottom:6pt; text-indent:0pt; text-align:left; page-break-inside:avoid; page-break-after:avoid; line-height:12.5pt; font-family:'Verdana'; font-size:13.5pt }\r\n.Rubrik3numrerat { margin-top:20pt; margin-left:0pt; margin-bottom:3.1pt; text-indent:0pt; text-align:left; page-break-inside:avoid; page-break-after:avoid; line-height:12.5pt; font-family:'Verdana'; font-size:10.5pt; font-weight:bold }\r\n.Sammanfattning { margin-top:3.1pt; margin-bottom:12pt; text-align:left; page-break-after:auto; line-height:12.5pt; font-family:'Verdana'; font-size:16pt }\r\n.Sidhuvudhgerstlld { margin-top:0pt; margin-bottom:0pt; text-align:right; line-height:normal; font-family:'Verdana'; font-size:7.5pt; font-variant:small-caps }\r\n.Sidhuvudvnsterstlld { margin-top:0pt; margin-bottom:0pt; text-align:left; line-height:normal; font-family:'Verdana'; font-size:7.5pt; font-variant:small-caps }\r\n.Stdrubrik { margin-top:12pt; margin-bottom:0pt; line-height:12pt; font-family:'Verdana'; font-size:9.5pt; font-weight:bold }\r\n.Srskiltyttranderubrik { margin-top:0pt; margin-bottom:3.1pt; text-align:left; page-break-inside:avoid; page-break-after:avoid; line-height:12.5pt; font-family:'Verdana'; font-size:10.5pt; font-weight:bold }\r\n.TOC1 { margin-top:0pt; margin-right:28.35pt; margin-bottom:0pt; text-align:left; line-height:normal; font-family:'Verdana'; font-size:9.5pt }\r\n.TOC2 { margin:0pt 28.35pt 0pt 5.65pt; text-align:left; line-height:normal; font-family:'Verdana'; font-size:9.5pt }\r\n.TOC3 { margin:0pt 28.35pt 0pt 11.35pt; text-align:left; line-height:normal; font-family:'Verdana'; font-size:9.5pt }\r\n.TOC4 { margin:0pt 28.35pt 0pt 17pt; text-align:left; line-height:normal; font-family:'Verdana'; font-size:9.5pt }\r\n.TOC5 { margin:0pt 28.35pt 0pt 22.7pt; text-align:left; line-height:normal; font-family:'Verdana'; font-size:9.5pt }\r\n.TOC6 { margin-top:0pt; margin-left:47.65pt; margin-bottom:0pt; text-align:left; line-height:normal; font-family:'Verdana'; font-size:9.5pt }\r\n.TOC7 { margin-top:0pt; margin-right:28.35pt; margin-bottom:0pt; text-align:left; line-height:normal; font-family:'Verdana'; font-size:9.5pt }\r\n.TOC8 { margin-top:0pt; margin-right:28.35pt; margin-bottom:0pt; text-align:left; line-height:normal; font-family:'Verdana'; font-size:9.5pt }\r\n.TOC9 { margin-top:0pt; margin-left:8.5pt; margin-bottom:0pt; text-align:left; line-height:normal; font-family:'Verdana'; font-size:9.5pt }\r\n.TOCHeading { margin-top:3.1pt; margin-bottom:9pt; text-align:left; page-break-before:always; page-break-inside:avoid; page-break-after:avoid; line-height:12.5pt; font-family:'Verdana'; font-size:16pt }\r\n.Tabell-Kolumnrubrik { margin-bottom:0pt; line-height:12pt; font-family:'Verdana'; font-size:8pt; font-weight:bold }\r\n.Tabell-Klla { margin-top:2pt; margin-bottom:0pt; line-height:8pt; font-family:'Verdana'; font-size:7pt }\r\n.Tabell-Radrubrik { margin-bottom:0pt; line-height:12pt; font-family:'Verdana'; font-size:8pt }\r\n.Tabell-Rubrik { margin-top:12pt; margin-bottom:3pt; text-align:left; page-break-inside:avoid; page-break-after:avoid; line-height:10pt; font-family:'Verdana'; font-size:9pt; font-weight:bold }\r\n.Tabell-Siffror { margin-bottom:0pt; text-align:right; line-height:12pt; font-family:'Verdana'; font-size:8pt }\r\n.Tabell-Text { margin-bottom:0pt; line-height:12pt; font-family:'Verdana'; font-size:8pt }\r\n.Tabell-Underrubrik { margin-top:0pt; margin-bottom:1pt; text-align:left; page-break-inside:avoid; page-break-after:avoid; line-height:8pt; font-family:'Verdana'; font-size:8pt; font-weight:normal; font-style:italic }\r\n.TableofFigures { margin-top:3.1pt; margin-bottom:0pt; text-align:justify; line-height:normal; font-family:'Verdana'; font-size:9.5pt }\r\n.TillX-utskottet { margin-top:0pt; margin-bottom:12pt; text-align:left; page-break-after:avoid; line-height:12.5pt; font-family:'Verdana'; font-size:16pt }\r\n.Title { margin-top:3.1pt; margin-bottom:1pt; text-align:left; line-height:12pt; font-family:'Verdana'; font-size:20pt; letter-spacing:-0.5pt }\r\n.Vapen { margin-top:0pt; margin-bottom:0pt; text-align:left; page-break-inside:avoid; page-break-after:avoid; line-height:12.5pt; font-family:'Verdana'; font-size:16pt }\r\n.Yrkandelista { margin-top:3.1pt; margin-left:28.35pt; margin-bottom:0pt; text-indent:-28.35pt; text-align:justify; line-height:12.5pt; font-family:'Verdana'; font-size:9.5pt }\r\n.YrkandelistaEtt { margin-top:3.1pt; margin-left:0pt; margin-bottom:0pt; text-indent:0pt; text-align:justify; line-height:12.5pt; font-family:'Verdana'; font-size:9.5pt }\r\nspan.BallongtextChar { font-family:Tahoma; font-size:8pt }\r\nspan.BilagaChar { font-family:'Verdana'; font-size:8pt; font-variant:small-caps; text-decoration:underline }\r\nspan.BrdtextChar { font-family:'Verdana'; font-size:9.5pt }\r\nspan.BrdtextChar1 { font-family:'Verdana'; font-size:9.5pt }\r\nspan.Brdtextmedindrag2Char { font-family:'Verdana'; font-size:9.5pt }\r\nspan.CitatChar { font-family:'Verdana'; font-size:9.5pt }\r\nspan.DokumentRubrikChar { font-family:'Verdana'; font-size:18pt }\r\nspan.FootnoteReference { vertical-align:super }\r\nspan.FotnotstextChar { font-family:'Verdana'; font-size:8pt }\r\nspan.FotnotstextindragChar { font-family:'Verdana'; font-size:8pt }\r\nspan.FrslagspunktChar { font-family:'Verdana'; font-size:9.5pt; font-weight:bold; font-style:normal }\r\nspan.Hyperlink { text-decoration:none; color:#000000 }\r\nspan.KommentarerChar { font-family:'Verdana'; font-size:10pt }\r\nspan.NormalkursivChar { font-family:'Verdana'; font-size:9.5pt; font-style:italic }\r\nspan.NormaltindragChar { font-family:'Verdana'; font-size:9.5pt }\r\nspan.OrdfrandenChar { font-family:'Verdana'; font-size:9.5pt; font-style:italic }\r\nspan.OrtochDatumChar { font-family:'Verdana'; font-size:9.5pt }\r\nspan.PlaceholderText { color:#808080 }\r\nspan.PVgnarChar { font-family:'Verdana'; font-size:9.5pt }\r\nspan.ReservationshnvisningChar { font-family:'Verdana'; font-size:9.5pt; font-style:italic }\r\nspan.Rubrik1Char { font-family:'Verdana'; font-size:16pt }\r\nspan.Rubrik1DokumentinformationChar { font-family:'Verdana'; font-size:16pt }\r\nspan.Rubrik2Char { font-family:'Verdana'; font-size:13.5pt }\r\nspan.Rubrik3Char { font-family:'Verdana'; font-size:10.5pt; font-weight:bold }\r\nspan.Rubrik4Char { font-family:'Verdana'; font-size:10.5pt; font-style:italic; color:#000000 }\r\nspan.Rubrik5Char { font-family:'Verdana'; font-size:9.5pt; font-weight:bold }\r\nspan.Rubrik6Char { font-family:'Verdana'; font-size:9.5pt; font-style:italic; color:#000000 }\r\nspan.Rubrik7Char { font-family:'Verdana'; font-size:9.5pt; font-style:italic; color:#243f60 }\r\nspan.Rubrik8Char { font-family:'Verdana'; font-size:9pt; color:#272727 }\r\nspan.Rubrik9Char { font-family:'Verdana'; font-size:9pt; font-style:italic; color:#272727 }\r\nspan.RubrikChar { font-family:'Verdana'; font-size:20pt; letter-spacing:-0.5pt }\r\nspan.SidfotChar { font-family:'Verdana'; font-size:9.5pt }\r\nspan.SidhuvudChar { font-family:'Verdana'; font-size:7.5pt; font-variant:small-caps }\r\nspan.Tabell-Upphjttecken { font-family:'Verdana'; font-variant:normal; text-decoration:none; text-transform:none; vertical-align:super; display:inline }\r\nspan.VapenChar { font-family:'Verdana'; font-size:16pt }\r\nspan.tBilagaJA { color:#000000 }\r\nspan.tSidrubrikJA { color:#000000 }\r\n.TableGrid {  }\r\n--></style>\r\n\r\n\t\t<div class=\"Section1\">\r\n\t\t\t<table cellspacing=\"0\" cellpadding=\"0\" style=\"border-collapse:collapse; margin-left:0pt\">\r\n\t\t\t\t<tr style=\"height:79.4pt\">\r\n\t\t\t\t\t<td style=\"vertical-align:top; width:297.7pt\">\r\n\t\t\t\t\t\t<p class=\"Rubrik1Dokumentinformation\" style=\"margin-top:0pt; margin-bottom:0pt; text-align:left; page-break-inside:avoid; page-break-after:avoid; line-height:16pt\">\r\n\t\t\t\t\t\t\t<span style=\"font-family:'Verdana'; font-size:16pt; -aw-sdt-tag:ccUtskott; -aw-sdt-title:'utskottsnamn Dokumentegenskap'\">Finansutskottet</span><span style=\"font-family:'Verdana'; font-size:16pt; -aw-sdt-tag:ccS; -aw-sdt-title:s\">s</span><span style=\"font-family:'Verdana'; font-size:16pt; -aw-sdt-tag:ccMellanslag; -aw-sdt-title:Mellanslag\"> </span><a name=\"Utlatande\"></a><span style=\"font-family:'Verdana'; font-size:16pt\">betänkande</span>\r\n\t\t\t\t\t\t</p>\r\n\t\t\t\t\t\t<p class=\"Dokumentbeteckning\" style=\"margin-top:0pt; margin-bottom:0pt; text-align:left; page-break-inside:avoid; page-break-after:avoid; line-height:16pt\">\r\n\t\t\t\t\t\t\t<span style=\"font-family:'Verdana'; font-size:16pt; -aw-sdt-tag:ccRiksmote; -aw-sdt-title:'riksmote Dokumentegenskap'\">2018/19</span><span style=\"font-family:'Verdana'; font-size:16pt; -aw-sdt-tag:ccKolon; -aw-sdt-title:Kolon\">:</span><a name=\"Utskottebeteckning\"></a><span style=\"font-family:'Verdana'; font-size:16pt\">FiU43</span>\r\n\t\t\t\t\t\t</p>\r\n\t\t\t\t\t\t<p class=\"Rubrik1Dokumentinformation\" style=\"margin-top:0pt; margin-bottom:0pt; text-align:left; page-break-inside:avoid; page-break-after:avoid; line-height:16pt\">\r\n\t\t\t\t\t\t\t<span style=\"font-family:'Verdana'; font-size:16pt\"> </span>\r\n\t\t\t\t\t\t</p>\r\n\t\t\t\t\t</td>\r\n\t\t\t\t</tr>\r\n\t\t\t</table>\r\n\t\t\t<p class=\"DokumentRubrik\" style=\"-aw-sdt-tag:ccDokumentrubrik; -aw-sdt-title:'dokumentrubrik Dokumentegenskap'\">\r\n\t\t\t\t<span>Reglering av mikrosimuleringsmodellen Fasit</span>\r\n\t\t\t</p>\r\n\t\t\t<p class=\"Sammanfattning\">\r\n\t\t\t\t<span class=\"tSidrubrikJA\">Sammanfattning</span>\r\n\t\t\t</p>\r\n\t\t\t<p>\r\n\t\t\t\t<span>Utskottet ställer sig bakom regeringens förslag </span><span>som innebär att </span><span>behandlingen</span><span> av personuppgifter</span><span> i det fördelningsanalytiska statistiksystemet </span><span>för inkomster och transfereringar (</span><span>F</span><span>asit</span><span>)</span><span> ska regleras i en särskild lag. </span><span>Fasit förvaltas av </span><span>Statistiska centralbyrån (SCB) </span><span>och </span><span>används för att utvärdera och beräkna effekterna </span><span>för individer och hushåll </span><span>av förändringar i skatte-, avgifts- och bidragssystemen. </span><span>Genom förslaget får SCB ett uttryckligt rättsligt stöd för att behandla personuppgifter i Fasit, vilket ökar förutsägbarheten för såväl användare som uppgiftslämnande myndigheter. Förslaget ger också SCB förutsättningar att förvalta och utveckla Fasit på ett ef</span><span>fektivt och rättssäkert sätt.</span>\r\n\t\t\t</p>\r\n\t\t\t<p class=\"NormalIndent\">\r\n\t\t\t\t<span>Personuppgifter ska endast få behandlas i Fasit om de är nödvändiga för vissa i lagen angivna ändamål. Som huvudregel ska s.k. känsliga personuppgifter inte få behandlas</span><span> i sy</span><span>stemet.</span><span> </span><span>Dock utgör b</span><span>ehandlingen av personuppgifter i Fasit enligt regeringen ett viktigt samhällsintresse som motiverar behandlingen av vissa typer av känsliga personuppgifter.</span><span> </span><span>SCB ska ha möjlighet att lämna ut ett särskilt urval av personuppgifter</span><span> från</span><span> Fasit till Riksdagsförvaltningen och Riksrevisionen samt Regeringskansliet och andra myndigheter under regeringen. </span><span>I det urvalet finns enbart uppgifter som inte är direkt hänförbara till en enskild person. </span>\r\n\t\t\t</p>\r\n\t\t\t<p class=\"NormalIndent\">\r\n\t\t\t\t<span>Den föreslagna regleringen omfattar inte tillgång till Fasit för andra än myndigheter.</span><span> </span><span>Regeringen bedöm</span><span>er</span><span> att det krävs ytterligare utredningsarbete för att ge de privata aktörer som i dag använder sig av Fasit, </span><span>bl.a.</span><span> arbetsmarknadens parter, tillgång till </span><span>Fasit. </span><span>Ambitionen här måste enligt utskottet vara att regeringen när så är möjligt återkommer till riksdagen med ett förslag på reglering som ger också dessa övriga användare tillgång till Fasit. </span>\r\n\t\t\t</p>\r\n\t\t\t<p class=\"NormalIndent\">\r\n\t\t\t\t<span>Den nya l</span><span>agen komplettera</span><span>r</span><span> EU:s dataskyddsförordning samt </span><span>dataskyddslagen</span><span>, och </span><span>den </span><span>ska inom sitt tillämpningsområde gälla i stället för </span><span>bestämmelserna om personuppgiftsbehandling i lagen om den officiella statistike</span><span>n.</span>\r\n\t\t\t</p>\r\n\t\t\t<p class=\"NormalIndent\">\r\n\t\t\t\t<span>Den nya lagen föreslås träda i kraft den 1 augusti 2019. </span>\r\n\t\t\t</p>\r\n\t\t\t<p class=\"NormalIndent\">\r\n\t\t\t\t<span>Utskottet anser att riksdagen bör av</span><span>slå</span><span> motionen.</span>\r\n\t\t\t</p>\r\n\t\t\t<p class=\"NormalIndent\">\r\n\t\t\t\t<span>I betänkandet finns ett </span><span>en reservation</span><span> (KD).</span>\r\n\t\t\t</p>\r\n\t\t\t<p class=\"R4\">\r\n\t\t\t\t<span>Behandlade förslag</span>\r\n\t\t\t</p>\r\n\t\t\t<p>\r\n\t\t\t\t<span>Proposition 2018/19:118 Reglering av mikrosimuleringsmodellen Fasit.</span>\r\n\t\t\t</p>\r\n\t\t\t<p class=\"NormalIndent\" style=\"text-indent:0pt\">\r\n\t\t\t\t<span>Ett yrkande i en följdmotion.</span>\r\n\t\t\t</p>\r\n\t\t\t<p class=\"NormalIndent\">\r\n\t\t\t\t<span> </span>\r\n\t\t\t</p>\r\n\t\t\t<p class=\"NormalIndent\">\r\n\t\t\t\t<span> </span>\r\n\t\t\t</p>\r\n\t\t\t<p class=\"Innehllsfrteckning\">\r\n\t\t\t\t<a name=\"Innehållsförteckning\"></a><span class=\"tSidrubrikJA\">Innehållsförteckning</span>\r\n\t\t\t</p>\r\n\t\t\t<p class=\"TOC1\">\r\n\t\t\t\t<a style=\"color:#000000\" href=\"#_Toc11320338\"><span class=\"Hyperlink\">Utskottets förslag till riksdagsbeslut</span></a>\r\n\t\t\t</p>\r\n\t\t\t<p class=\"TOC1\">\r\n\t\t\t\t<a style=\"color:#000000\" href=\"#_Toc11320339\"><span class=\"Hyperlink\">Redogörelse för ärendet</span></a>\r\n\t\t\t</p>\r\n\t\t\t<p class=\"TOC2\">\r\n\t\t\t\t<a style=\"color:#000000\" href=\"#_Toc11320340\"><span class=\"Hyperlink\">Ärendet och dess beredning</span></a>\r\n\t\t\t</p>\r\n\t\t\t<p class=\"TOC1\">\r\n\t\t\t\t<a style=\"color:#000000\" href=\"#_Toc11320341\"><span class=\"Hyperlink\">Utskottets överväganden</span></a>\r\n\t\t\t</p>\r\n\t\t\t<p class=\"TOC2\">\r\n\t\t\t\t<a style=\"color:#000000\" href=\"#_Toc11320342\"><span class=\"Hyperlink\">Reglering av mikrosimuleringsmodellen Fasit</span></a>\r\n\t\t\t</p>\r\n\t\t\t<p class=\"TOC1\">\r\n\t\t\t\t<a style=\"color:#000000\" href=\"#_Toc11320343\"><span class=\"Hyperlink\">Reservation</span></a>\r\n\t\t\t</p>\r\n\t\t\t<p class=\"TOC6\" style=\"margin-right:17pt; margin-left:5.65pt\">\r\n\t\t\t\t<a style=\"color:#000000\" href=\"#_Toc11320344\"><span class=\"Hyperlink\">Reglering av mikrosimuleringsmodellen Fasit (KD)</span></a>\r\n\t\t\t</p>\r\n\t\t\t<p class=\"TOC8\">\r\n\t\t\t\t<span class=\"Hyperlink\" style=\"font-style:italic\">Bilaga 1</span><br /><a style=\"color:#000000\" href=\"#_Toc11320345\"><span class=\"Hyperlink\">Förteckning över behandlade förslag</span></a>\r\n\t\t\t</p>\r\n\t\t\t<p class=\"TOC9\">\r\n\t\t\t\t<a style=\"color:#000000\" href=\"#_Toc11320346\"><span class=\"Hyperlink\">Propositionen</span></a>\r\n\t\t\t</p>\r\n\t\t\t<p class=\"TOC9\">\r\n\t\t\t\t<a style=\"color:#000000\" href=\"#_Toc11320347\"><span class=\"Hyperlink\">Följdmotionen</span></a>\r\n\t\t\t</p>\r\n\t\t\t<p class=\"TOC8\">\r\n\t\t\t\t<span class=\"Hyperlink\" style=\"font-style:italic\">Bilaga 2</span><br /><a style=\"color:#000000\" href=\"#_Toc11320348\"><span class=\"Hyperlink\">Regeringens lagförslag</span></a>\r\n\t\t\t</p>\r\n\t\t\t<p>\r\n\t\t\t</p>\r\n\t\t\t<p class=\"NormalIndent\">\r\n\t\t\t\t<span> </span>\r\n\t\t\t</p>\r\n\t\t\t<p>\r\n\t\t\t\t<span> </span>\r\n\t\t\t</p>\r\n\t\t\t<p class=\"NormalIndent\">\r\n\t\t\t\t<span> </span>\r\n\t\t\t</p>\r\n\t\t\t<p class=\"Avsnittsrubrik\">\r\n\t\t\t\t<a name=\"StopCC\"></a><a name=\"_Toc11320338\"><span style=\"-aw-bookmark-end:StopCC\"></span><span class=\"tSidrubrikJA\">Utskottets förslag till riksdagsbeslut</span></a>\r\n\t\t\t</p>\r\n\t\t\t<p class=\"Mellanrum\">\r\n\t\t\t\t<span> </span>\r\n\t\t\t</p>\r\n\t\t\t<p class=\"Mellanrum\">\r\n\t\t\t\t<span> </span>\r\n\t\t\t</p>\r\n\t\t\t<table cellspacing=\"0\" cellpadding=\"0\" style=\"border-collapse:collapse; margin-left:0pt; width:294.2pt\">\r\n\t\t\t\t<tr>\r\n\t\t\t\t\t<td style=\"vertical-align:top; width:22pt\">\r\n\t\t\t\t\t\t<p style=\"margin-top:3.1pt; margin-bottom:0pt; text-align:justify; page-break-inside:avoid; page-break-after:avoid; line-height:12.5pt\">\r\n\t\t\t\t\t\t\t<span style=\"font-family:'Verdana'; font-size:10.5pt; font-weight:bold\">Reglering av mikrosimuleringsmodellen Fasit</span>\r\n\t\t\t\t\t\t</p>\r\n\t\t\t\t\t</td>\r\n\t\t\t\t</tr>\r\n\t\t\t</table>\r\n\t\t\t<p class=\"Normalutanluftfre\" style=\"-aw-sdt-tag:'dokumentavsnitt/utskottets förslag till riksdagsbeslut/-95428387/1560420497938'; -aw-sdt-title:'utskottets förslag till riksdagsbeslut'\">\r\n\t\t\t\t<span>Riksdagen antar regeringens förslag till lag om behandling av personuppgifter i det fördelningsanalytiska statistiksystemet för inkomster och transfereringar.</span>\r\n\t\t\t</p>\r\n\t\t\t<p class=\"NormalIndent\" style=\"text-indent:11.3pt; -aw-sdt-tag:'dokumentavsnitt/utskottets förslag till riksdagsbeslut/-95428387/1560420497938'; -aw-sdt-title:'utskottets förslag till riksdagsbeslut'\">\r\n\t\t\t\t<span>Därmed bifaller riksdagen proposition 2018/19:118 och avslår motion </span>\r\n\t\t\t</p>\r\n\t\t\t<p class=\"Normalutanluftfre\" style=\"-aw-sdt-tag:'dokumentavsnitt/utskottets förslag till riksdagsbeslut/-95428387/1560420497938'; -aw-sdt-title:'utskottets förslag till riksdagsbeslut'\">\r\n\t\t\t\t<span>2018/19:3104 av Jakob Forssmed m.fl. (KD).</span>\r\n\t\t\t</p>\r\n\t\t\t<p class=\"Mellanrum\" style=\"-aw-sdt-tag:'dokumentavsnitt/utskottets förslag till riksdagsbeslut/-95428387/1560420497938'; -aw-sdt-title:'utskottets förslag till riksdagsbeslut'\">\r\n\t\t\t\t<span> </span>\r\n\t\t\t</p>\r\n\t\t\t<p class=\"Reservationshnvisning\" style=\"-aw-sdt-tag:'dokumentavsnitt/utskottets förslag till riksdagsbeslut/-95428387/1560420497938'; -aw-sdt-title:'utskottets förslag till riksdagsbeslut'\">\r\n\t\t\t\t<span>Reservation (KD)</span>\r\n\t\t\t</p>\r\n\t\t\t<p class=\"OrtochDatum\" style=\"-aw-sdt-tag:'dokumentavsnitt/utskottets förslag till riksdagsbeslut/-95428387/1560420497938'; -aw-sdt-title:'utskottets förslag till riksdagsbeslut'\">\r\n\t\t\t\t<span>Stockholm den 13 juni 2019</span>\r\n\t\t\t</p>\r\n\t\t\t<p class=\"PVgnar\" style=\"-aw-sdt-tag:'dokumentavsnitt/utskottets förslag till riksdagsbeslut/-95428387/1560420497938'; -aw-sdt-title:'utskottets förslag till riksdagsbeslut'\">\r\n\t\t\t\t<span>På finansutskottets vägnar</span>\r\n\t\t\t</p>\r\n\t\t\t<p class=\"Ordfranden\" style=\"-aw-sdt-tag:'dokumentavsnitt/utskottets förslag till riksdagsbeslut/-95428387/1560420497938'; -aw-sdt-title:'utskottets förslag till riksdagsbeslut'\">\r\n\t\t\t\t<span>Fredrik Olovsson</span>\r\n\t\t\t</p>\r\n\t\t\t<p class=\"Deltagare\" style=\"-aw-sdt-tag:'dokumentavsnitt/utskottets förslag till riksdagsbeslut/-95428387/1560420497938'; -aw-sdt-title:'utskottets förslag till riksdagsbeslut'\">\r\n\t\t\t\t<span>Följande ledamöter har deltagit i beslutet: Fredrik Olovsson (S), Edward Riedl (M), Adnan Dibrani (S), Emil Källström (C), Ulla Andersson (V), Jan Ericson (M), Dennis Dioukarev (SD), Jakob Forssmed (KD), Ingemar Nilsson (S), Sven-Olof Sällström (SD), Karolina Skog (MP), Mattias Karlsson i Luleå (M), Björn Wiechel (S), Eva Lindh (S), Cecilie Tenfjord Toftby (M) och Charlotte Quensel (SD).</span>\r\n\t\t\t</p>\r\n\t\t\t<p class=\"Mellanrum\" style=\"-aw-sdt-tag:'dokumentavsnitt/utskottets förslag till riksdagsbeslut/-95428387/1560420497938'; -aw-sdt-title:'utskottets förslag till riksdagsbeslut'\">\r\n\t\t\t\t<span> </span>\r\n\t\t\t</p>\r\n\t\t\t<p class=\"Mellanrum\" style=\"-aw-sdt-tag:'dokumentavsnitt/utskottets förslag till riksdagsbeslut/-95428387/1560420497938'; -aw-sdt-title:'utskottets förslag till riksdagsbeslut'\">\r\n\t\t\t\t<span> </span>\r\n\t\t\t</p>\r\n\t\t\t<p class=\"Mellanrum\" style=\"-aw-sdt-tag:'dokumentavsnitt/utskottets förslag till riksdagsbeslut/-95428387/1560420497938'; -aw-sdt-title:'utskottets förslag till riksdagsbeslut'\">\r\n\t\t\t\t<span style=\"font-size:9.5pt\"> </span>\r\n\t\t\t</p>\r\n\t\t\t<p>\r\n\t\t\t\t<span> </span>\r\n\t\t\t</p>\r\n\t\t\t<p class=\"Avsnittsrubrik\">\r\n\t\t\t\t<a name=\"SlutUtskottsForslag\"></a><a name=\"_Toc11320339\"><span style=\"-aw-bookmark-end:SlutUtskottsForslag\"></span><span class=\"tSidrubrikJA\">Redogörelse för ärendet</span></a>\r\n\t\t\t</p>\r\n\t\t\t<h2>\r\n\t\t\t\t<a name=\"_Toc11320340\"><span>Ärendet och dess beredning</span></a>\r\n\t\t\t</h2>\r\n\t\t\t<p>\r\n\t\t\t\t<span>I</span><span> proposition 2018/19:118 Reglering av mikrosimuleringsmodellen Fasit</span><span> föreslår regeringen att det ska införas en särskild lag som reglerar personuppgiftsbehandlingen i det fördelningsanalytiska statistiksystem för inkomster och transfereringar som SCB förvaltar. </span>\r\n\t\t\t</p>\r\n\t\t\t<p class=\"NormalIndent\">\r\n\t\t\t\t<span>Den nya lagen ska komplettera EU:s dataskyddsförordning </span><span>och</span><span> lagen</span><span> (2018:218)</span><span> med kompletterande bestämmelser till EU:s dataskyddsförordning</span><span> (dataskyddslagen)</span><span>. Den föreslagna lagen ska inom sitt tillämpningsområde gälla i stället för bestämmelserna om personuppgiftsbehandling i lagen</span><span> (2001:99)</span><span> om den officiella statistiken. </span>\r\n\t\t\t</p>\r\n\t\t\t<p class=\"NormalIndent\">\r\n\t\t\t\t<span>Regeringens förslag till riksdagsbeslut återges i bilaga 1. Regeringens lagförslag finns i bilaga 2. Lagförslaget har granskats av Lagrådet som </span><span>inte haft något att invända mot </span><span>förslage</span><span>t</span><span>.</span>\r\n\t\t\t</p>\r\n\t\t\t<p class=\"NormalIndent\">\r\n\t\t\t\t<span>En</span><span> motion har väckts med anledning av propositionen. Förslagen i motionen finns i bilaga 1.</span>\r\n\t\t\t</p>\r\n\t\t\t<p class=\"NormalIndent\">\r\n\t\t\t\t<span>I ärendet har </span><span>två </span><span>skrivelse</span><span>r</span><span> inkommit</span><span> till utskottet</span><span>.</span>\r\n\t\t\t</p>\r\n\t\t\t<p class=\"Avsnittsrubrik\">\r\n\t\t\t\t<a name=\"_Toc11320341\"><span class=\"tSidrubrikJA\">Utskottets överväganden</span></a>\r\n\t\t\t</p>\r\n\t\t\t<h2 style=\"-aw-sdt-tag:4bc1879f-8d9f-4672-b5c0-b725720df534/förslagsrutor/141018039/1556870103263; -aw-sdt-title:förslagsrutor\">\r\n\t\t\t\t<a name=\"_Toc11320342\"><span>Reglering av mikrosimuleringsmodellen Fasit</span></a>\r\n\t\t\t</h2>\r\n\t\t\t<div style=\"border-bottom-color:#000000; border-bottom-style:solid; border-bottom-width:0.75pt; border-left-color:#000000; border-left-style:solid; border-left-width:0.75pt; border-right-color:#000000; border-right-style:solid; border-right-width:0.75pt; border-top-color:#000000; border-top-style:solid; border-top-width:0.75pt; clear:both; margin:3.1pt 0.9pt 0pt\">\r\n\t\t\t\t<p class=\"Normalrutafet\" style=\"margin:0pt; padding-right:4pt; padding-left:4pt\">\r\n\t\t\t\t\t<span style=\"-aw-bookmark-end:_Toc11320342\"></span><span>Utskottets förslag i korthet</span>\r\n\t\t\t\t</p>\r\n\t\t\t\t<p class=\"Normalruta\" style=\"margin:0pt; padding-right:4pt; padding-left:4pt\">\r\n\t\t\t\t\t<span>Riksdagen antar regeringens förslag som innebär att behandlingen av personuppgifter i det fördelningsanalytiska statistiksystemet Fasit ska regleras i en särskild lag. </span><span>Genom förslaget får SCB ett uttryckligt rättsligt stöd för att behandla personuppgifter i Fasit, vilket ökar förutsägbarheten för såväl användare som uppgifts</span><span>-</span><span>lämnande myndigheter. </span><span>Den föreslagna regleringen omfattar inte tillgång till Fasit för andra än myndigheter. Regeringen bedömer att det krävs ytterligare utredningsarbete för att ge de privata aktörer som i dag använder sig av Fasit, t.ex. arbetsmarknadens parter, tillgång till Fasit. </span><span>Ambitionen här måste enligt utskottet vara att regeringen när så är möjligt återkommer till riksdagen med ett förslag på reglering som ger också dessa övriga användare tillgång till Fasit. </span><span>Riksdagen avslår motionen.</span>\r\n\t\t\t\t</p>\r\n\t\t\t\t<p class=\"Normalrutaindrag\" style=\"margin:0pt; padding-right:4pt; padding-left:4pt; padding-bottom:4pt; -aw-sdt-tag:'4bc1879f-8d9f-4672-b5c0-b725720df534/förslagsrutor reservations text/-230837558/1560247160994'; -aw-sdt-title:'förslagsrutor reservations text'\">\r\n\t\t\t\t\t<span>Jämför reservationen (KD).</span>\r\n\t\t\t\t</p>\r\n\t\t\t</div>\r\n\t\t\t<p class=\"R3\" style=\"margin-bottom:0pt\">\r\n\t\t\t\t<span>Propositionen</span>\r\n\t\t\t</p>\r\n\t\t\t<p class=\"R4\" style=\"margin-top:6pt\">\r\n\t\t\t\t<span>Mikrosimuleringsmodellen</span><span> </span><span>Fasit</span>\r\n\t\t\t</p>\r\n\t\t\t<p>\r\n\t\t\t\t<span>Fasit används för att bedöma utfall och konsekvenser av reformer i det svenska välfärdssystemet. </span><span>Modellen</span><span> kan användas för att analysera såväl budget- som fördelningseffekter </span><span>av</span><span> skatte-, avgifts- och</span><span> bidragsregler samt</span><span> vilka effekter förändringar får på de offentliga finanserna. Fasit kan också användas för att göra framskrivningar av t.ex. disponibel inkomst. Dessutom finns möjligheter att göra särskilda skräddarsydda statistikuttag.</span><span> </span><span>Fasit tas fram i en basversion per år och uppdateras fyra gånger under året.</span>\r\n\t\t\t</p>\r\n\t\t\t<p class=\"NormalIndent\">\r\n\t\t\t\t<span>Fasit</span><span> består av två delar, dels databaser med uppgifter om enskilda individer</span><span> (s.k. mikrodata)</span><span>, dels en uppsättning modellprogram som </span><span>omfattar olika områden</span><span> </span><span>inklusive </span><span>skatte- och transfereringssysteme</span><span>n</span><span>s regler</span><span>. </span><span>I databaser</span><span>na</span><span> finns uppgifter från olika datakällor om bl.a. hushållens inkomster, avdrag, förmögenhet, boendekostnader, pensioner, sysselsättning och utgifter. För att utföra simuleringar av framtida förhållanden behövs även prognosinformation för olika områden som påverkar skatte-, avgifts- och bidragssystemen.</span>\r\n\t\t\t</p>\r\n\t\t\t<p class=\"NormalIndent\">\r\n\t\t\t\t<span>Den version av Fasit som tillgängliggörs för användare innehåller avidentifierade individ- och hushållsuppgifter</span><span>. </span><span>Urvalet omfattar 700</span><span> </span><span>000 bostadshushåll</span><span> och</span><span> ca 2 miljoner individer.</span><span> Även ett mindre urval om ca 31</span><span> </span><span>000 hushåll och ca 90</span><span> </span><span>000 individer tas fram och används i modellen.</span>\r\n\t\t\t</p>\r\n\t\t\t<p class=\"NormalIndent\">\r\n\t\t\t\t<span> </span><span>En stor del av </span><span>de </span><span>uppgifter som ingår i Fasit</span><span>s databaser</span><span> kommer från SCB:s statistikregister. Uppgifter hämtas även in från andra myndigheters statistik och administrativa register. En del av </span><span>uppgifterna</span><span> klassas som </span><span>känsliga, t.ex. </span><span>sådana om </span><span>sjukersättning.</span>\r\n\t\t\t</p>\r\n\t\t\t<p class=\"NormalIndent\">\r\n\t\t\t\t<span>Den stora användaren av Fasit är Regeringskansliet, </span><span>främst Finansdepartementet och Socialdepartementet</span><span>.</span><span> </span><span>Regeringskansliet </span><span>använd</span><span>er</span><span> Fasit för </span><span>att </span><span>bl.a.</span><span> göra</span><span> </span><span>konsekvensanalyser av föreslagna politiska reformer. </span><span>Andra användare är</span><span> Riksdagens utredningstjänst, Sveriges akademikers centralorganisation, Tjänstemännens centralorganisation, Landsorganisation</span><span>-</span><span>en i Sverige, Svenskt Näringsliv, Sveriges Kommuner och Landsting (SKL), Riksrevisionen, Försäkringskassan, Pensionsmyndigheten, Inspektionen</span><span> för Socialförsäkringen, Konjunkturinstitutet, Riksgäldskontoret och Uppsala universitet. Fasit</span><span> används</span><span> ibland även av statliga utredningar och andra universitet.</span>\r\n\t\t\t</p>\r\n\t\t\t<p class=\"NormalIndent\">\r\n\t\t\t\t<span>En begäran om tillgång till </span><span>Fasit</span><span> föregås av en sekretessprövning. Flera användare har årliga </span><span>prenumerationer, vilket innebär att det görs en ny prövning för varje ny årgång. Endast uppgifter som inte är direkt hänförbara till en enskild lämnas ut av SCB.</span><span> </span>\r\n\t\t\t</p>\r\n\t\t\t<p class=\"R4\">\r\n\t\t\t\t<span>Dataskyddsförordningen och det svenska regelverket om dataskydd</span>\r\n\t\t\t</p>\r\n\t\t\t<p>\r\n\t\t\t\t<span>Regeringen redogör i propositionen för EU:s dataskyddsförordning och det svenska regelverket för dataskydd.</span><span> </span><span>Dataskyddsförordningen började tillämpas den 25 maj 2018 och utgör den generella regleringen av personuppgifts</span><span>-</span><span>behandling inom EU. </span><span>F</span><span>örordningen syftar bl.a. till att säkerställa en enhetlig skyddsnivå över hela unionen så att avvikelser som hindrar den fria rörligheten av personuppgifter inom den inre marknaden undviks. Trots att förordningen är direkt tillämplig i varje medlemsstat innehåller den många bestämmelser som förutsätter eller ger utrymme för kompletterande nationella bestämmelser av olika slag. Sådana nationella bestämmelser har införts genom dataskyddslagen, som trädde i kraft samma dag som dataskydds</span><span>-</span><span>förordningen. </span><span>Dataskyddslagen kompletteras av s.k. registerförfattningar, dvs. författningar som reglerar behandling av personuppgifter inom ett avgränsat område. </span>\r\n\t\t\t</p>\r\n\t\t\t<p class=\"R4\">\r\n\t\t\t\t<span>Särskilt om personuppgiftsbehandlingar för statistiska ändamål</span>\r\n\t\t\t</p>\r\n\t\t\t<p>\r\n\t\t\t\t<span>I dataskyddsförordningen finns ett antal bestämmelser som särskilt reglerar personuppgiftsbehandling för statistiska ändamål. Exempelvis gäller att om uppgifterna enbart ska behandlas för statistiska ändamål får dessa lagras under en längre tid än vad som normalt gäller. </span>\r\n\t\t\t</p>\r\n\t\t\t<p class=\"NormalIndent\">\r\n\t\t\t\t<span>Svenska bestämmelser om behandling av personuppgifter för framställning av statistik finns i lagen och förordningen om den officiella statistiken</span><a name=\"_ftnref1\"></a><a href=\"#_ftn1\"><span class=\"FootnoteReference\" style=\"font-size:6.33pt\">[1]</span></a><span>.</span><span> </span><span>Exempelvis </span><span>får känsliga personuppgifter behandlas om det följer av föreskrifter som regeringen meddelar. </span><span>V</span><span>id framställning av annan statistik än officiell statistik får känsliga personuppgifter också behandlas om </span><span>det</span><span> är nödvändig</span><span>t</span><span> för statistiska ändamål och samhällsintresset av det statistikprojekt där behandlingen ingår klart väger över den risk för otillbörligt intrång i enskildas personliga integritet som behandlingen kan innebära.</span>\r\n\t\t\t</p>\r\n\t\t\t<p class=\"R4\">\r\n\t\t\t\t<span>S</span><span>ekretess</span><span> i statistikverksamhet</span>\r\n\t\t\t</p>\r\n\t\t\t<p>\r\n\t\t\t\t<span>Den starka statistiksekretess som gäller enligt offentlighets- och sekretesslagen (förkortad OSL) har tillkommit efter en intresseavvägning mellan å ena sidan insynsintresset och å andra sidan sekretessintresset</span><span>. </span><span>Det starka sekretesskyddet är viktigt för allmänhetens förtroende för SCB och är också en förutsättning för statistikverksamheten. Ett minskat förtroende kan påverka viljan att lämna uppgifter negativt och </span><span>därmed </span><span>försämra uppgifternas kvalitet.</span><span> </span><span>En u</span><span>ppgift som behövs för forsknings- eller statistikändamål, och </span><span>en </span><span>uppgift som inte genom namn</span><span> eller</span><span> annan identitetsbeteckning är direkt hänförlig till den enskilde, får dock lämnas ut om det står klart att uppgiften kan röjas utan att den enskilde eller någon närstående till denne lider skada eller men.</span>\r\n\t\t\t</p>\r\n\t\t\t<p class=\"NormalIndent\">\r\n\t\t\t\t<span>För att SCB ska kunna lämna ut mikrodata krävs att något av undantagen</span><span> i OSL är tillämpligt eller att någon </span><span>sekretessbrytande bestämmelse</span><span> </span><span>i OSL </span><span>eller i </span><span>en </span><span>annan författning som OSL hänvisar till </span><span>är tillämplig.</span><span> </span><span>Enligt en u</span><span>ndantagsregel</span><span> i</span><span> OSL </span><span>är det</span><span> möjligt att lämna ut material även för andra ändamål än forskning och statistik. </span><span>A</span><span>videntifierat material</span><span> kan</span><span> lämnas ut, exempelvis till en utredningsenhet inom en myndighet för kvalificerat utrednings- och analysarbete</span><span> eller till </span><span>användare vid enskilda organisationer </span><span>efter vederbörlig prövning. </span>\r\n\t\t\t</p>\r\n\t\t\t<p class=\"R4\" style=\"margin-bottom:0pt\">\r\n\t\t\t\t<span>En ny lag</span><span> om</span><span> behandling av personuppgifter i Fasit</span>\r\n\t\t\t</p>\r\n\t\t\t<p class=\"R5\" style=\"margin-top:6pt\">\r\n\t\t\t\t<span>Reglering av personuppgiftsbehandlingen i en särskild lag </span>\r\n\t\t\t</p>\r\n\t\t\t<p>\r\n\t\t\t\t<span>I propositionen föreslå</span><span>r regeringen</span><span> </span><span>att </span><span>det införs en särskild lag</span><span>, </span><span>benämnd </span><span>Fasitlagen,</span><span> som reglerar </span><span>behandlingen av </span><span>p</span><span>ersonuppgift</span><span>er</span><span> i Fasit. </span><span>Lagen ska inom sitt tillämpningsområde gälla i stället för bestämmelserna om personuppgiftsbehandling i lagen om den officiella statistiken. </span><span>L</span><span>agen </span><span>ska tillämpas vid S</span><span>CB:</span><span>s behandling av personuppgifter i Fasit och vid behandling av personuppgifter i d</span><span>et urval som lämnas ut till myndigheter</span><span>.</span><span> </span><span>I Fasitlagen </span><span>ska </span><span>det </span><span>tydliggör</span><span>a</span><span>s</span><span> för vilka ändamål modellen får användas och vilka personuppgifter som får behandlas. </span><span>R</span><span>egelverk</span><span>et</span><span> bör enligt regeringen vara utformat på så sätt att det ger stöd för behandlingen av personuppgifter i de databaser som ingår i </span><span>Fasit, samtidigt som det tillgodoser skyddet för den enskildes personliga integritet.</span><span> I </span><span>det urval av Fasit som görs tillgängligt för andra än SCB saknas uppgift</span><span>er</span><span> om identitet. </span>\r\n\t\t\t</p>\r\n\t\t\t<p class=\"NormalIndent\">\r\n\t\t\t\t<span>Den</span><span> </span><span>föreslagna regleringen</span><span> bidrar enligt regeringen till en ökad tydlighet </span><span>i fråga om</span><span> vad som ska gälla för behandling</span><span>en av personuppgifter</span><span> vid utvecklingen och användningen av Fasit.</span>\r\n\t\t\t</p>\r\n\t\t\t<p class=\"R5\">\r\n\t\t\t\t<span>Fasitlagen </span><span>ska </span><span>omfatta personuppgiftsbehandling hos myndigheter men inte privata aktörer </span>\r\n\t\t\t</p>\r\n\t\t\t<p>\r\n\t\t\t\t<span>Fasitlagens tillämpningsområde </span><span>ska enligt förslaget</span><span> begränsas till myndigheter. I dag används dock Fasits urval även av exempelvis SKL, centrala arbetstagar- och arbetsgivarorganisationer och andra intresseorganisationer. </span><span>Regeringen bedömer, utifrån remissynpunkter från Datainspektionen, att det inte finns stöd i EU:s dataskyddsförordning för att i Fasitlagen reglera behandlingen av personuppgifterna hos dessa aktörer, när deras behandling stöder sig på den rättsliga grund</span><span> i förordningen som kallas intresseavvägning</span><span>. Ytterligare utredningsarbete bedöms </span><span>enligt regeringen vara </span><span>nödvändigt för att ta fram en möjlig lösning för att ge andra än myndigheter tillgång till Fasit</span><span>. R</span><span>egeringen har</span><span> därför</span><span> gett SCB i uppdrag att utreda möjligheten att lagreglera tillgången till Fasit </span><span>för</span><span> andra än myndigheter. SCB ska även utreda och lämna förslag till åtgärder som syftar till att utveckla den del av myndighetens uppdragsverksamhet som innefattar en användning av Fasit.</span>\r\n\t\t\t</p>\r\n\t\t\t<p class=\"R5\" style=\"margin-top:6pt\">\r\n\t\t\t\t<span>Personuppgiftsansvar</span><span> </span>\r\n\t\t\t</p>\r\n\t\t\t<p>\r\n\t\t\t\t<span>SCB ska</span><span> enligt förslaget</span><span> </span><span>ha ett utpekat personuppgiftsansvar för myndighetens behandling av personuppgifter i Fasit. </span><span>Det </span><span>innebär </span><span>att myndigheten </span><span>ansvar</span><span>ar</span><span> för att dataskyddsförordningens bestämmelser uppfylls. Myndigheter som urvalet lämnas ut till ska ha personuppgiftsansvar för den behandling av personuppgifter som myndigheterna utför.</span>\r\n\t\t\t</p>\r\n\t\t\t<p class=\"R5\" style=\"margin-top:6pt\">\r\n\t\t\t\t<span>Tillåtna ändamål </span><span>ska anges i lagen</span>\r\n\t\t\t</p>\r\n\t\t\t<p>\r\n\t\t\t\t<span>För att säkerställa en tydlig, laglig och rättvis behandling </span><span>av personuppgifter </span><span>föreslå</span><span>r regeringen</span><span> </span><span>att </span><span>de ändamål som </span><span>tillåt</span><span>s regleras</span><span> i Fasitlagen. </span><span>U</span><span>ppgifterna </span><span>ska </span><span>få behandlas för simulering och beräkning av effekter av befintliga och nya regelverk samt andra förändringar inom skatte-, avgifts- och bidragssystemen och av de offentliga välfärdstjänsterna, samt för att ta fram statistik för analys av information inom dessa områden. SCB ska även ha rätt att behandl</span><span>a</span><span> personuppgifter</span><span> på ett sådant sätt</span><span> som är nödvändig för att myndigheten ska kunna förvalta och utveckla Fasit. </span>\r\n\t\t\t</p>\r\n\t\t\t<p class=\"NormalIndent\">\r\n\t\t\t\t<span>P</span><span>ersonuppgift</span><span>er</span><span> </span><span>ska </span><span>endast få </span><span>behandlas </span><span>om det är nödvändigt för att </span><span>uppnå ändamålen.</span>\r\n\t\t\t</p>\r\n\t\t\t<p class=\"R5\">\r\n\t\t\t\t<span>S</span><span>amhällsi</span><span>ntresse</span><span> motiverar behandlingen av vissa ty</span><span>per av känsliga personuppgifter</span>\r\n\t\t\t</p>\r\n\t\t\t<p>\r\n\t\t\t\t<span>Som huvudregel ska s.k. känsliga personuppgifter inte få behandlas i Fasit. </span><span>Fasit </span><span>behöver</span><span> dock </span><span>innehålla </span><span>vissa </span><span>känsliga personuppgifter inom områden som kan påverka systemen och som är en del av de offentliga </span><span>välfärdstjänsterna. </span><span>D</span><span>ock</span><span> ska Fasit</span><span> inte </span><span>få </span><span>innehålla fler kategorier av känsliga personuppgifter än vad </span><span>som krävs </span><span>för att säkerställa tillförlitliga simuleringar</span><span>.</span><span> </span>\r\n\t\t\t</p>\r\n\t\t\t<p class=\"NormalIndent\">\r\n\t\t\t\t<span>Enligt EU:s dataskyddsförordning får känsliga personuppgifter t.ex. behandlas om behandlingen är nödvändig av hänsyn till ett viktigt allmänt intresse som har sin grund i unionslagstiftningen eller i en medlemsstats nationella lagstiftning. Behandlingen av personuppgifter i Fasit utgör enligt regeringen ett viktigt samhällsintresse som motiverar behandlingen av vissa typer av känsliga personuppgifter. </span><span>U</span><span>ppgifter som avslöjar facklig tillhörighet och etniskt ursprung </span><span>samt</span><span> uppgifter om hälsa </span><span>ska </span><span>få behandlas i Fasit och i det urval som lämnas ut till användare. Precis som för annan behandling av personuppgifter med stöd av Fasitlagen gäller </span><span>dock </span><span>att behandlingen måste vara nödvändig för något av de tillåtna ändamål som lagen ställer upp. </span>\r\n\t\t\t</p>\r\n\t\t\t<p class=\"NormalIndent\">\r\n\t\t\t\t<span>SCB ska dessutom ha rätt att behandla uppgifter om personnummer och samordningsnummer</span><span> i Fasit</span><span> för att kunna förvalta och utveckla modellen</span><span>.</span>\r\n\t\t\t</p>\r\n\t\t\t<p class=\"R5\">\r\n\t\t\t\t<span>P</span><span>ersonuppgifter</span><span> </span><span>får lämnas ut </span><span>till </span><span>Riksdagsförvaltningen, Riksrevisionen samt Regeringskansliet och andra myndigheter under regeringen</span>\r\n\t\t\t</p>\r\n\t\t\t<p>\r\n\t\t\t\t<span>SCB ska ta fram ett särskilt anonymiserat urval av personuppgifter i Fasit</span><span>, som på </span><span>begäran </span><span>ska kunna lämnas ut </span><span>till Riksdagsförvaltningen och Riksrevisionen samt Regeringskansliet och andra myndigheter under regeringen. </span>\r\n\t\t\t</p>\r\n\t\t\t<p class=\"NormalIndent\">\r\n\t\t\t\t<span>Endast SCB har tillgång till uppgifter om identitet. </span><span>När</span><span> personuppgifter i Fasit lämnas ut får de förses med en beteckning (</span><span>ett </span><span>löpnummer) som hos SCB kan kopplas till </span><span>ett </span><span>personnummer eller samordningsnummer, om det är nödvändigt för ändamålet med mottagarens behandling. En förteckning (kodnyckel) över löpnummer och personnummer eller samordningsnummer får bevaras hos SCB i högst ett år</span><span> eller i enskilda fall </span><span>under en</span><span> längre tid.</span><span> </span>\r\n\t\t\t</p>\r\n\t\t\t<p class=\"NormalIndent\">\r\n\t\t\t\t<span>Det är inte aktuellt att lämna ut u</span><span>ppgifter i någon annan </span><span>form </span><span>än elektronisk</span><span>t.</span><span> </span>\r\n\t\t\t</p>\r\n\t\t\t<p class=\"R5\">\r\n\t\t\t\t<span>Undantag </span><span>från vissa av den registrerades rättigheter</span>\r\n\t\t\t</p>\r\n\t\t\t<p>\r\n\t\t\t\t<span>I EU:s dataskyddsförordning har den registrerades rättigheter förstärkts i syfte att ge den registrerade ökad kontroll över sina personuppgifter. Vissa av dessa rättigheter får dock begränsas </span><span>under vissa förutsättningar. </span><span>Uppgifterna i Fasit </span><span>ska inte få</span><span> behandlas i syfte att kartlägga eller vidta åtgärder</span><span> i fråga om enskilda individer. </span><span>Den registrerades intresse av att begränsa behandlingen av vissa uppgifter eller att rätta en felaktig uppgift bör därför</span><span> </span><span>enligt regeringen </span><span>vara högst begränsat. En sådan ordning skulle vidare riskera att göra det mycket svårare för SCB att förvalta och utveckla Fasit med god kvalitet. </span><span>Mot den bakgrunden ska r</span><span>ätten till rättelse och rätten till begränsning av behandlingen av personuppgifter enligt EU:s dataskyddsförordning inte</span><span> </span><span>gälla </span><span>när</span><span> SCB behandl</span><span>ar </span><span>personuppgifter i Fasit.</span><span> Inte heller ska </span><span>Fasitlagen</span><span> </span><span>innehålla några särskilda bestämmelser om rätten till information, tillgång till personuppgifter, radering eller rätten att göra invändningar enligt dataskyddsförordningen. </span>\r\n\t\t\t</p>\r\n\t\t\t<p class=\"R5\">\r\n\t\t\t\t<span>Gallring och bevarande</span><span> av personuppgifter</span>\r\n\t\t\t</p>\r\n\t\t\t<p>\r\n\t\t\t\t<span>Personuppgifter i Fasit ska enligt </span><span>lag</span><span>förslag</span><span>et</span><span> gallras när de inte längre behövs för sitt ändamål.</span><span> SCB, som förvaltar och utvecklar Fasit, får enligt regeringen anses ha bäst förutsättningar att bedöma när uppgifterna inte behövs för lagens ändamål. </span>\r\n\t\t\t</p>\r\n\t\t\t<p class=\"NormalIndent\">\r\n\t\t\t\t<span>Vidare ska r</span><span>egeringen eller den myndighet som regeringen bestämmer kunna meddela föreskrifter om att uppgifter får bevaras för arkivändamål eller för vetenskapliga eller historiska forskningsändamål.</span>\r\n\t\t\t</p>\r\n\t\t\t<p class=\"R5\">\r\n\t\t\t\t<span>Särskilda skyddsåtgärder </span>\r\n\t\t\t</p>\r\n\t\t\t<p>\r\n\t\t\t\t<span>Den föreslagna begränsningen av vilka känsliga personuppgifter som får behandlas, och villkoren för att få behandla uppgifter i Fasit, kan enligt regeringen i sig anses utgöra skyddsåtgärder i dataskyddsförordningens mening. </span>\r\n\t\t\t</p>\r\n\t\t\t<p class=\"NormalIndent\">\r\n\t\t\t\t<span>För att ytterligare skydda den enskildes integritet </span><span>ska</span><span> även s.k. bakvägsidentifiering vara förbjuden. </span><span>Det betyder att </span><span>uppgifterna i Fasit inte får sammanföras med andra uppgifter i syfte att ta reda på en enskilds identitet. Den som bryter mot detta ska dömas för olovlig identifiering till böter eller fängelse i högst ett år, om gärningen inte är belagd med straff i brottsbalken. I ringa fall ska det inte dömas till ansvar.</span>\r\n\t\t\t</p>\r\n\t\t\t<p class=\"R5\">\r\n\t\t\t\t<span>Sekretess </span>\r\n\t\t\t</p>\r\n\t\t\t<p>\r\n\t\t\t\t<span>Regeringen ser inget behov av att ändra den befintliga sekretessregleringen i samband med införandet av Fasitlagen. </span>\r\n\t\t\t</p>\r\n\t\t\t<p class=\"R4\">\r\n\t\t\t\t<span>Ikraftträdande och övergångsbestämmelser</span>\r\n\t\t\t</p>\r\n\t\t\t<p>\r\n\t\t\t\t<span>Den nya lagen</span><span> föreslås träda i kraft den 1 augusti 2019. Enligt regeringens bedömning </span><span>saknas det</span><span> behov av några särskilda övergångsbestämmelser.</span>\r\n\t\t\t</p>\r\n\t\t\t<p class=\"R4\">\r\n\t\t\t\t<span>Konsekvenser</span>\r\n\t\t\t</p>\r\n\t\t\t<p>\r\n\t\t\t\t<span>G</span><span>enom förslagen får SCB ett uttryckligt rättsligt stöd för att behandla personuppgifter i Fasit, vilket </span><span>enligt regeringen </span><span>ökar förutsägbarheten för såväl användare som uppgiftslämnande myndigheter. Förslagen ger även SCB förutsättningar att förvalta och utveckla Fasit på ett effektivt och rättssäkert sätt. </span>\r\n\t\t\t</p>\r\n\t\t\t<p class=\"NormalIndent\">\r\n\t\t\t\t<span>Förslagen medför inte behov av ytterligare medel för SCB </span><span>eller</span><span> andra myndigheter som ska tillämpa den nya regleringen. Förslagen innebär inte heller några åtaganden eller kostnader för företag. </span>\r\n\t\t\t</p>\r\n\t\t\t<p class=\"NormalIndent\">\r\n\t\t\t\t<span>Den föreslagna regleringen kommer inte att omfatta utlämnande av Fasit till andra än myndigheter. De privata aktörer som i dag använder sig av Fasit kommer alltså inte</span><span> att</span><span> ha tillgång till perso</span><span>nuppgifterna i fortsättningen. Detta bedöms inte </span><span>ha några samhällsekonomiska effekter eftersom privata användare fortsättningsvis kan ta del av Fasit genom att ge SCB i uppdrag att </span><span>behandla uppgifterna åt dem. De privata aktörerna får då del av resultaten om än inte av själva uppgifterna.</span>\r\n\t\t\t</p>\r\n\t\t\t<p class=\"NormalIndent\">\r\n\t\t\t\t<span>Fasit gör det möjligt att bedöma utfall och konsekvenser av reformer i det svenska offentliga välfärdssystemet för kvinnor och män. Att förtydliga stödet för Fasit och förbättra modellen bidrar </span><span>enligt regeringen </span><span>därmed till att skapa bättre förutsättningar för ökad ekonomisk jämställdhet.</span>\r\n\t\t\t</p>\r\n\t\t\t<p class=\"R3\">\r\n\t\t\t\t<span>Motionen</span>\r\n\t\t\t</p>\r\n\t\t\t<p>\r\n\t\t\t\t<span>Jakob Forssmed m.fl. (KD) anför i </span><span>kommitté</span><span>motion 2018/19:3104 att det är viktigt att säkerställa att personuppgifter som används i mikrosimulerings</span><span>-</span><span>modellen Fasit hanteras på ett sätt som stämmer överens med den allmänna dataskyddsförordningen. Motionärerna välkomnar därför propositionen. </span>\r\n\t\t\t</p>\r\n\t\t\t<p class=\"NormalIndent\">\r\n\t\t\t\t<span>Samtidigt anser motionärerna att exempelvis arbetsmarknadens parters tillgång till Fasit och deras möjligheter att använda verktyget i samma utsträckning som i dag behöver säkras. Parterna använder Fasit bl.a. till att göra samhällsekonomiska och offentligfinansiella beräkningar och analyser av skatter, bidrag och transfereringssystem. Dessa beräkningar ligger enligt motionärerna till grund för viktiga förhandlingar och beslut som påverkar svensk arbetsmarknad. Lagförslagen i propositionen behandlar inte parternas framtida tillgång till Fasit. Motionärerna noterar att regeringen har gett SCB i uppdrag att utreda frågan men menar att det under tiden uppstår osäkerhet kring vad som gäller för parternas tillgång. Därför bör det tas fram tydliga övergångsregler som säkerställer att parterna kan fortsätta </span><span>att </span><span>använda verktyget under utredningens gång. Dessutom anser motionärerna att skrivningarna i uppdraget bör skärpas så att SCB åläggs att ta fram en permanent reglering som säkerställer parternas tillgång till verktyget framöver.</span><span> Motionärerna anser att ett tillkännagivande bör riktas </span><span>till </span><span>regeringen med denna innebörd.</span>\r\n\t\t\t</p>\r\n\t\t\t<p class=\"R3\" style=\"margin-bottom:0pt\">\r\n\t\t\t\t<span>Kompletterande information</span>\r\n\t\t\t</p>\r\n\t\t\t<p class=\"R4\" style=\"margin-top:6pt\">\r\n\t\t\t\t<span>Regeringens uppdrag till </span><span>SCB</span>\r\n\t\t\t</p>\r\n\t\t\t<p>\r\n\t\t\t\t<span>Som framgår av propositionen har r</span><span>egeringen gett SCB i uppdrag att utreda</span><span> under vilka förutsättningar det är</span><span> möjlig</span><span>t</span><span> att reglera tillgången till Fasit till andra än myndigheter</span><span> (Fi2019/01076)</span><span>. </span><span>Om SCB bedömer att en författningsreglering är möjlig ska myndigheten lämna förslag på hur denna bör utformas. </span>\r\n\t\t\t</p>\r\n\t\t\t<p class=\"NormalIndent\">\r\n\t\t\t\t<span>Därutöver ska SCB även utreda och lämna förslag till åtgärder som syftar till att utveckla den del av myndighetens uppdragsverksamhet som innefattar användning av Fasit. Åtgärderna ska bl.a. omfatta metoder, rutiner, interna processer samt prissättning som löpande säkerställer att beställarnas behov kan mötas inom de ramar som finns för myndighetens uppdragsverksamhet. </span>\r\n\t\t\t</p>\r\n\t\t\t<p class=\"NormalIndent\">\r\n\t\t\t\t<span>D</span><span>en del av uppdraget som avser lagreglering ska redovisas senast den 1</span><span> </span><span>oktober 2019. Uppdraget i övrigt ska redovisas senast den 15 december 2019.</span>\r\n\t\t\t</p>\r\n\t\t\t<p class=\"R3\">\r\n\t\t\t\t<span>Utskottets ställningstagande</span>\r\n\t\t\t</p>\r\n\t\t\t<p>\r\n\t\t\t\t<span>Utskottet anser att riksdagen bör anta regeringens lagförslag</span><span> som</span><span> </span><span>innebär att </span><span>behandlingen </span><span>av personuppgifter </span><span>i det fördelningsanalytiska statistiksystemet</span><span> Fasit ska regleras i en särskild lag. Genom förslaget får SCB ett uttryckligt rättsligt stöd för att behandla personuppgifter i Fasit, vilket ökar förutsägbarheten för såväl användare som uppgiftslämnande myndigheter. Förslaget ger också SCB förutsättningar att förvalta och utveckla Fasit på ett effektivt och rättssäkert sätt. </span><span>Den föreslagna regleringen omfattar inte tillgång till Fasit för andra än myndigheter</span><span>. </span><span>Regeringen bedöm</span><span>er </span><span>att det krävs ytterligare utredningsarbete för att ge </span><span>de privata aktörer som i</span><span> </span><span>dag använder sig av Fasit, </span><span>exempelvis </span><span>arbetsmarknadens parter, </span><span>tillgång till Fasit</span><span> framöver</span><span>.</span><span> </span><span>Utskottet </span><span>konstaterar</span><span> att regeringens bedömning</span><span> här</span><span> främst grundar sig </span><span>på att EU:s dataskyddsförordning ställer upp särskilda krav för att reglera behandlingen av personuppgifter hos andra än myndigheter.</span><span> </span>\r\n\t\t\t</p>\r\n\t\t\t<p class=\"NormalIndent\">\r\n\t\t\t\t<span>Utskottet övergår nu till att </span><span>behandla motionen</span><span>.</span><span> </span><span>D</span><span>et</span><span> finns som utskottet ser det ett samhällsintresse i </span><span>att </span><span>även </span><span>a</span><span>ndra än myndigheter, </span><span>exempelvis</span><span> </span><span>arbetsmarknadens parter</span><span>,</span><span> </span><span>också fortsättningsvis </span><span>ska kunna</span><span> </span><span>ges</span><span> tillgång till Fasit</span><span>. </span><span>Som motionärerna framhåller </span><span>ligger ju p</span><span>arternas beräkningar och analyser </span><span>med hjälp av modellen </span><span>till grund för</span><span> viktiga</span><span> förhandlingar och beslut som påverkar svensk </span><span>arbetsmarknad.</span><span> Regeringen har s</span><span>om framgå</span><span>r av propositionen</span><span> </span><span>gett SCB i uppdrag att utreda under vilka förutsättningar det är möjligt att</span><span> reglera tillgången till Fasit för</span><span> andra än myndigheter. </span><span>Ambitionen</span><span> här</span><span> måste enligt utskottet vara att </span><span>regeringen</span><span> när så är möjligt</span><span> </span><span>återkomm</span><span>er</span><span> till riksdagen med </span><span>ett </span><span>förslag på reglering som </span><span>ger</span><span> </span><span>också </span><span>dessa övriga</span><span> </span><span>användare</span><span> tillgång till Fasit.</span><span> Under tiden innan en</span><span> sådan</span><span> lagreglering kan vara på plats är det viktigt att dessa användares behov kan mötas på bästa sätt</span><span>,</span><span> </span><span>exempelvis </span><span>inom ramen för SCB:s uppdragsverksamhet</span><span>.</span>\r\n\t\t\t</p>\r\n\t\t\t<p class=\"NormalIndent\">\r\n\t\t\t\t<span>Riksdagen bör avslå motionen</span><span>.</span><span> </span><span>Även om utskottet i</span><span> huvudsak</span><span> delar motionärernas syn</span><span> </span><span>när det gäller</span><span> </span><span>övriga anv</span><span>ändare</span><span>s</span><span> tillgång till Fasit, </span><span>anser</span><span> </span><span>inte </span><span>utskottet</span><span> </span><span>att det </span><span>i nuläget </span><span>finns skäl att rikta ett tillkännagivande till regeringen.</span>\r\n\t\t\t</p>\r\n\t\t\t<p class=\"NormalIndent\">\r\n\t\t\t\t<span> </span>\r\n\t\t\t</p>\r\n\t\t\t<p class=\"Avsnittsrubrik\">\r\n\t\t\t\t<a name=\"_Toc11320343\"><span class=\"tSidrubrikJA\">Reservation</span></a>\r\n\t\t\t</p>\r\n\t\t\t<p class=\"Mellanrum\" style=\"-aw-sdt-tag:ebc77615-918b-4bba-9a05-63eec8a10186/reservationer/-550151582/1560420497243; -aw-sdt-title:reservationer\">\r\n\t\t\t\t<span> </span>\r\n\t\t\t</p>\r\n\t\t\t<table cellspacing=\"0\" cellpadding=\"0\" style=\"border-collapse:collapse; margin-left:0pt; width:294.2pt\">\r\n\t\t\t\t<tr>\r\n\t\t\t\t\t<td style=\"vertical-align:top\">\r\n\t\t\t\t\t\t<p class=\"Reservationsrubrik\" style=\"margin-top:0pt; margin-bottom:3.1pt; text-align:left; page-break-inside:avoid; page-break-after:avoid; line-height:12.5pt\">\r\n\t\t\t\t\t\t\t<a name=\"_Toc11320344\"><span style=\"font-family:'Verdana'; font-size:10.5pt; font-weight:bold\">Reglering av mikrosimuleringsmodellen Fasit (KD)</span></a>\r\n\t\t\t\t\t\t</p>\r\n\t\t\t\t\t</td>\r\n\t\t\t\t</tr>\r\n\t\t\t</table>\r\n\t\t\t<p class=\"Normalutanluftfre\" style=\"-aw-sdt-tag:ebc77615-918b-4bba-9a05-63eec8a10186/reservationer/-550151582/1560420497243; -aw-sdt-title:reservationer\">\r\n\t\t\t\t<span>av Jakob Forssmed (KD).</span>\r\n\t\t\t</p>\r\n\t\t\t<p class=\"R4\" style=\"-aw-sdt-tag:ebc77615-918b-4bba-9a05-63eec8a10186/reservationer/-550151582/1560420497243; -aw-sdt-title:reservationer\">\r\n\t\t\t\t<span>Förslag till riksdagsbeslut</span>\r\n\t\t\t</p>\r\n\t\t\t<p style=\"margin-bottom:3.1pt; -aw-sdt-tag:ebc77615-918b-4bba-9a05-63eec8a10186/reservationer/-550151582/1560420497243; -aw-sdt-title:reservationer\">\r\n\t\t\t\t<span>Jag anser att förslaget till riksdagsbeslut borde ha följande lydelse:</span>\r\n\t\t\t</p>\r\n\t\t\t<p class=\"Normalutanluftfre\" style=\"-aw-sdt-tag:ebc77615-918b-4bba-9a05-63eec8a10186/reservationer/-550151582/1560420497243; -aw-sdt-title:reservationer\">\r\n\t\t\t\t<span>Riksdagen</span><span> </span>\r\n\t\t\t</p>\r\n\t\t\t<p class=\"Normalutanluftfre\" style=\"text-indent:11.3pt; -aw-sdt-tag:ebc77615-918b-4bba-9a05-63eec8a10186/reservationer/-550151582/1560420497243; -aw-sdt-title:reservationer\">\r\n\t\t\t\t<span>a) antar regeringens förslag till lag om behandling av personuppgifter i det fördelningsanalytiska statistiksystemet för inkomster och transfereringar</span><span> </span>\r\n\t\t\t</p>\r\n\t\t\t<p class=\"Normalutanluftfre\" style=\"text-indent:11.3pt; -aw-sdt-tag:ebc77615-918b-4bba-9a05-63eec8a10186/reservationer/-550151582/1560420497243; -aw-sdt-title:reservationer\">\r\n\t\t\t\t<span>b) ställer sig bakom det som anförs i reservationen och tillkännager detta för regeringen.</span>\r\n\t\t\t</p>\r\n\t\t\t<p class=\"Normalutanluftfre\" style=\"text-indent:11.3pt; -aw-sdt-tag:ebc77615-918b-4bba-9a05-63eec8a10186/reservationer/-550151582/1560420497243; -aw-sdt-title:reservationer\">\r\n\t\t\t\t<span>Därmed bifaller riksdagen proposition 2018/19:118 och motion </span>\r\n\t\t\t</p>\r\n\t\t\t<p class=\"Normalutanluftfre\" style=\"-aw-sdt-tag:ebc77615-918b-4bba-9a05-63eec8a10186/reservationer/-550151582/1560420497243; -aw-sdt-title:reservationer\">\r\n\t\t\t\t<span>2018/19:3104 av Jakob Forssmed m.fl. (KD).</span>\r\n\t\t\t</p>\r\n\t\t\t<p class=\"Mellanrum\" style=\"-aw-sdt-tag:ebc77615-918b-4bba-9a05-63eec8a10186/reservationer/-550151582/1560420497243; -aw-sdt-title:reservationer\">\r\n\t\t\t\t<span> </span>\r\n\t\t\t</p>\r\n\t\t\t<p class=\"Mellanrum\" style=\"-aw-sdt-tag:ebc77615-918b-4bba-9a05-63eec8a10186/reservationer/-550151582/1560420497243; -aw-sdt-title:reservationer\">\r\n\t\t\t\t<span> </span>\r\n\t\t\t</p>\r\n\t\t\t<p class=\"R4\">\r\n\t\t\t\t<span>Ställningstagande</span>\r\n\t\t\t</p>\r\n\t\t\t<p>\r\n\t\t\t\t<span>D</span><span>et är viktigt att säkerställa att personuppgifter som används i mikrosimuleringsmodellen Fasit hanteras på ett sätt som stämmer överens med </span><span>EU:s</span><span> dataskyddsförordning. Därför välkomnar jag propositionen</span><span> och anser att riksdagen bör anta regeringens lagförslag</span><span>. </span>\r\n\t\t\t</p>\r\n\t\t\t<p class=\"NormalIndent\">\r\n\t\t\t\t<span>Samtidigt </span><span>menar</span><span> </span><span>jag</span><span> att exempelvis arbetsmarknadens parters tillgång till Fasit och deras möjligheter att använda verktyget i samma utsträckning som i dag behöver säkras.</span><span> </span><span>Parterna använder Fasit bl.a. till att göra samhällsekonomiska och offentligfinansiella beräkningar och analyser av skatter, bidrag och transfereringssystem. Dessa beräkningar ligger till grund för viktiga förhandlingar och beslut som påverkar svensk arbetsmarknad. Lagförslagen i propositionen behandlar inte parternas framtida tillgång till Fasit. </span><span>Jag noterar</span><span> att regeringen har gett SCB i uppdrag att utreda frågan men menar att det under tiden uppstår osäkerhet kring vad som gäller för parternas tillgång. </span><span>Därför bör det tas fram tydliga övergångsregler som säkerställer</span><span> att parterna kan fortsätta att </span><span>använda verktyget under utredningens gång. </span><span>Dessutom </span><span>bör</span><span> </span><span>regeringen skärpa </span><span>skrivningarna i uppdraget så att SCB åläggs att ta </span><span>fram </span><span>förslag till </span><span>en</span><span> permanent reglering som säkerställer parternas tillgång till verktyget framöver. </span>\r\n\t\t\t</p>\r\n\t\t\t<p>\r\n\t\t\t\t<span> </span>\r\n\t\t\t</p>\r\n\t\t\t<p>\r\n\t\t\t\t<span> </span>\r\n\t\t\t</p>\r\n\t\t\t<p class=\"NormalIndent\">\r\n\t\t\t\t<span> </span>\r\n\t\t\t</p>\r\n\t\t\t<p>\r\n\t\t\t\t<span> </span>\r\n\t\t\t</p>\r\n\t\t\t<p>\r\n\t\t\t\t<span> </span>\r\n\t\t\t</p>\r\n\t\t\t<p class=\"Bilaga\">\r\n\t\t\t\t<span class=\"tBilagaJA\">Bilaga 1</span>\r\n\t\t\t</p>\r\n\t\t\t<p class=\"Bilagerubrik\">\r\n\t\t\t\t<a name=\"_Toc11320345\"><span class=\"tSidrubrikJA\">Förteckning över behandlade förslag</span></a>\r\n\t\t\t</p>\r\n\t\t\t<p class=\"Rubrik2bilaga\" style=\"-aw-sdt-tag:'dokumentavsnitt/förteckning över behandlade förslag/604478850/1558360866219'; -aw-sdt-title:'förteckning över behandlade förslag'\">\r\n\t\t\t\t<a name=\"_Toc11320346\"><span>Propositionen</span></a><span> </span>\r\n\t\t\t</p>\r\n\t\t\t<h4 style=\"-aw-sdt-tag:'dokumentavsnitt/förteckning över behandlade förslag/604478850/1558360866219'; -aw-sdt-title:'förteckning över behandlade förslag'\">\r\n\t\t\t\t<span>Proposition 2018/19:118 Reglering av mikrosimuleringsmodellen Fasit:</span>\r\n\t\t\t</h4>\r\n\t\t\t<p class=\"YrkandelistaEtt\" style=\"-aw-sdt-tag:'dokumentavsnitt/förteckning över behandlade förslag/604478850/1558360866219'; -aw-sdt-title:'förteckning över behandlade förslag'\">\r\n\t\t\t\t<span>Riksdagen antar regeringens förslag till lag om behandling av personuppgifter i det fördelningsanalytiska statistiksystemet för inkomster och transfereringar.</span>\r\n\t\t\t</p>\r\n\t\t\t<p class=\"Rubrik2bilaga\" style=\"-aw-sdt-tag:'dokumentavsnitt/förteckning över behandlade förslag/604478850/1558360866219'; -aw-sdt-title:'förteckning över behandlade förslag'\">\r\n\t\t\t\t<a name=\"_Toc11320347\"><span>Följdmotionen</span></a>\r\n\t\t\t</p>\r\n\t\t\t<h4 style=\"-aw-sdt-tag:'dokumentavsnitt/förteckning över behandlade förslag/604478850/1558360866219'; -aw-sdt-title:'förteckning över behandlade förslag'\">\r\n\t\t\t\t<span>2018/19:3104 av Jakob Forssmed m.fl. (KD):</span>\r\n\t\t\t</h4>\r\n\t\t\t<p class=\"YrkandelistaEtt\" style=\"-aw-sdt-tag:'dokumentavsnitt/förteckning över behandlade förslag/604478850/1558360866219'; -aw-sdt-title:'förteckning över behandlade förslag'\">\r\n\t\t\t\t<span>Riksdagen ställer sig bakom det som anförs i motionen om att ålägga SCB att ta fram en reglering som säkrar parternas tillgång till Fasit samt om att övergångsregler bör tas fram som säkrar densamma till dess en permanent reglering finns på plats, och detta tillkännager riksdagen för regeringen.</span>\r\n\t\t\t</p>\r\n\t\t\t<p class=\"Mellanrum\">\r\n\t\t\t\t<span> </span>\r\n\t\t\t</p>\r\n\t\t\t<p class=\"Mellanrum\" style=\"-aw-sdt-tag:'dokumentavsnitt/förteckning över behandlade förslag/604478850/1558360866219'; -aw-sdt-title:'förteckning över behandlade förslag'\">\r\n\t\t\t\t<span> </span>\r\n\t\t\t</p>\r\n\t\t\t<p>\r\n\t\t\t\t<span> </span>\r\n\t\t\t</p>\r\n\t\t\t<p class=\"Bilaga\">\r\n\t\t\t\t<span class=\"tBilagaJA\">Bilaga 2</span>\r\n\t\t\t</p>\r\n\t\t\t<p class=\"Bilagerubrik\" style=\"margin-bottom:6pt\">\r\n\t\t\t\t<a name=\"_Toc11320348\"><span class=\"tSidrubrikJA\">Regeringens lagförslag</span></a>\r\n\t\t\t</p>\r\n\t\t\t<p style=\"margin-top:0pt; margin-left:0pt\">\r\n\t\t\t\t<img src=\"http://data.riksdagen.se/fil/h601fiu43/Dokument.001.png\" width=\"394\" height=\"710\" alt=\"\" style=\"-aw-left-pos:0pt; -aw-rel-hpos:column; -aw-rel-vpos:paragraph; -aw-top-pos:0pt; -aw-wrap-type:inline\" />\r\n\t\t\t</p>\r\n\t\t\t<p>\r\n\t\t\t\t<img src=\"http://data.riksdagen.se/fil/h601fiu43/Dokument.002.png\" width=\"394\" height=\"717\" alt=\"\" style=\"-aw-left-pos:0pt; -aw-rel-hpos:column; -aw-rel-vpos:paragraph; -aw-top-pos:0pt; -aw-wrap-type:inline\" />\r\n\t\t\t</p>\r\n\t\t\t<p>\r\n\t\t\t\t<img src=\"http://data.riksdagen.se/fil/h601fiu43/Dokument.003.png\" width=\"394\" height=\"717\" alt=\"\" style=\"-aw-left-pos:0pt; -aw-rel-hpos:column; -aw-rel-vpos:paragraph; -aw-top-pos:0pt; -aw-wrap-type:inline\" />\r\n\t\t\t</p>\r\n\t\t</div>\r\n\t\t<hr style=\"width:33%; height:1px; text-align:left; -aw-footnote-numberstyle:0; -aw-footnote-startnumber:1; -aw-footnote-type:0\" />\r\n\t\t<div id=\"_ftn1\" style=\"-aw-footnote-isauto:1\">\r\n\t\t\t<p class=\"FootnoteText\">\r\n\t\t\t\t<a href=\"#_ftnref1\"><span class=\"FootnoteReference\" style=\"font-size:6.33pt\">[1]</span></a><span>Viss statistik har sådan grundläggande betydelse för allmän information, utrednings</span><span>-</span><span>verksamhet och forskning att den i Sverige utgör s.k. officiell statistik, vilket innebär att den omfattas av nämnda regelverk. Den officiella statistiken ska vara objektiv och allmänt tillgänglig</span><span>, och den ska </span><span>framställas utifrån vetenskapliga metoder.</span>\r\n\t\t\t</p>\r\n\t\t</div>\r\n\t"},"dokutskottsforslag":{"utskottsforslag":{"punkt":"1","rubrik":"Reglering av mikrosimuleringsmodellen Fasit","forslag":"Riksdagen antar regeringens förslag till lag om behandling av personuppgifter i det fördelningsanalytiska statistiksystemet för inkomster och transfereringar.<BR/>Därmed bifaller riksdagen proposition 2018/19:118 och avslår motion \r\n\r\n2018/19:3104 av Jakob Forssmed m.fl. (KD).<BR/><BR/>","beslutstyp":"acklamation","motforslag_nummer":"1","motforslag_partier":"\"KD\"","votering_id":null,"votering_sammanfattning_html":null,"votering_url_xml":null,"rm":"2018/19","bet":"FiU43","vinnare":"utskottet"}},"dokmotforslag":{"motforslag":{"nummer":"1","rubrik":null,"partier":"\"KD\"","typ":"reservation","utskottsforslag_punkt":"1"}},"dokaktivitet":{"aktivitet":[{"kod":"UBE","namn":"Beredning","datum":"2019-05-28 00:00:00","status":"inträffat","ordning":"0","process":null},{"kod":"UBE","namn":"Beredning","datum":"2019-06-11 00:00:00","status":"inträffat","ordning":"0","process":null},{"kod":"JUS","namn":"Justering","datum":"2019-06-13 00:00:00","status":"inträffat","ordning":"0","process":null},{"kod":"TRY","namn":"Trycklov","datum":"2019-06-13 00:00:00","status":"inträffat","ordning":"0","process":null},{"kod":"B","namn":"Bordläggning","datum":"2019-06-17 00:00:00","status":"inträffat","ordning":"0","process":null},{"kod":"BEH","namn":"Behandling","datum":"2019-06-18 00:00:00","status":"inträffat","ordning":"0","process":null},{"kod":"BES","namn":"Beslut","datum":"2019-06-18 00:00:00","status":"inträffat","ordning":"0","process":null}]},"dokuppgift":{"uppgift":[{"kod":"beslutssammanfattningusk","namn":"Utskottets förslag till beslut","text":"Bifall till proposition. Avslag på motion.","dok_id":"H601FiU43","systemdatum":"2019-06-13 14:46:56"},{"kod":"rdbeslut","namn":"Riksdagens beslut","text":"Kammaren biföll utskottets förslag.","dok_id":"H601FiU43","systemdatum":"2019-06-18 16:34:49"},{"kod":"notis","namn":"Beslut i korthet","text":"                           <p>Fördelningsanalytiska statistiksystemet för inkomster och transfereringar (Fasit) är ett system som används för att utvärdera och beräkna hur individer och hushåll påverkas av förändringar i skatte-, avgifts- och bidragssystemen. Systemet förvaltas av Statistiska centralbyrån (SCB).</p>\r\n<p>Regeringen föreslår att behandlingen av personuppgifter i Fasit ska regleras i en särskild lag. Förändringen innebär att SCB får ett uttryckligt rättsligt stöd för att behandla personuppgifter i Fasit, vilket ökar förutsägbarheten både för användarna och för de myndigheter som lämnar uppgifter till systemet.</p>\r\n<p>Riksdagen ja till regeringens förslag. Den nya lagen börjar gälla den 1 augusti 2019.</p>\r\n                                            ","dok_id":"H601FiU43","systemdatum":"2019-07-08 15:52:19"},{"kod":"notisrubrik","namn":"Beslut","text":"Ny lag om personuppgifter för statistiksystemet Fasit (FiU43)","dok_id":"H601FiU43","systemdatum":"2019-07-08 15:52:19"},{"kod":"utsknotis","namn":"Utskottets förslag till beslut","text":"                           <p>Fördelningsanalytiska statistiksystemet för inkomster och transfereringar (Fasit) är ett system som används för att utvärdera och beräkna hur individer och hushåll påverkas av förändringar i skatte-, avgifts- och bidragssystemen. Systemet förvaltas av Statistiska centralbyrån (SCB).</p>\r\n<p>Regeringen föreslår att behandlingen av personuppgifter i Fasit ska regleras i en särskild lag. Förändringen innebär att SCB får ett uttryckligt rättsligt stöd för att behandla personuppgifter i Fasit, vilket ökar förutsägbarheten både för användarna och för de myndigheter som lämnar uppgifter till systemet.</p>\r\n<p>Finansutskottet föreslår att riksdagen säger ja till regeringens förslag. Enligt förslaget ska den nya lagen börja gälla den 1 augusti 2019.</p>\r\n                                            ","dok_id":"H601FiU43","systemdatum":"2019-07-08 15:52:19"},{"kod":"utsknotisrubrik","namn":"Utskottets förslag","text":"Ny lag om personuppgifter för statistiksystemet Fasit (FiU43)","dok_id":"H601FiU43","systemdatum":"2019-07-08 15:52:19"},{"kod":"statustext","namn":"statustext","text":"Ärendet är avslutat","dok_id":"H601FiU43","systemdatum":"2019-06-19 00:25:17"},{"kod":"debattdatumtid","namn":"Datum och tid för debatten","text":"2019-06-18 00:00:00","dok_id":"H601FiU43","systemdatum":"2019-07-08 15:52:19"},{"kod":"beslutdatumtid","namn":"Datum och tid för beslutet","text":"2019-06-18 00:00:00","dok_id":"H601FiU43","systemdatum":"2019-07-08 15:52:19"}]},"dokbilaga":{"bilaga":{"dok_id":"H601FiU43","titel":"Reglering av mikrosimuleringsmodellen Fasit","subtitel":null,"filnamn":"2018_19_FiU43_20190613144612_Publicering.pdf","filstorlek":"676600","filtyp":"pdf","fil_url":"http://data.riksdagen.se/fil/66B1A4A9-8CE8-4BF5-9D75-9B1FAA7D3519"}},"dokreferens":{"referens":[{"referenstyp":"behandlar","uppgift":"motion 2018/19:3104 med anledning av prop. 2018/19:118 Reglering av mikrosimuleringsmodellen Fasit","ref_dok_id":"H6023104","ref_dok_typ":"mot","ref_dok_rm":"2018/19","ref_dok_bet":"3104","ref_dok_titel":"med anledning av prop. 2018/19:118 Reglering av mikrosimuleringsmodellen Fasit","ref_dok_subtitel":null,"ref_dok_subtyp":"mot","ref_dok_dokumentnamn":"Motion"},{"referenstyp":"behandlar","uppgift":"Proposition 2018/19:118 Reglering av mikrosimuleringsmodellen Fasit","ref_dok_id":"H603118","ref_dok_typ":"prop","ref_dok_rm":"2018/19","ref_dok_bet":"118","ref_dok_titel":"Reglering av mikrosimuleringsmodellen Fasit","ref_dok_subtitel":null,"ref_dok_subtyp":"prop","ref_dok_dokumentnamn":"Proposition"},{"referenstyp":"föredragningslista","uppgift":"föredragningslista 2018/19:107 Tisdag den 18 juni 2019","ref_dok_id":"H60I107","ref_dok_typ":"f-lista","ref_dok_rm":"2018/19","ref_dok_bet":"107","ref_dok_titel":"Tisdag den 18 juni 2019","ref_dok_subtitel":null,"ref_dok_subtyp":null,"ref_dok_dokumentnamn":"Föredragningslista"},{"referenstyp":"protokollbeslut","uppgift":"2019-06-18","ref_dok_id":"H609107","ref_dok_typ":"prot","ref_dok_rm":"2018/19","ref_dok_bet":"107","ref_dok_titel":"Protokoll 2018/19:107 Tisdagen den 18 juni","ref_dok_subtitel":null,"ref_dok_subtyp":null,"ref_dok_dokumentnamn":"Protokoll"},{"referenstyp":"rskr","uppgift":null,"ref_dok_id":"H60K292","ref_dok_typ":"rskr","ref_dok_rm":"2018/19","ref_dok_bet":"292","ref_dok_titel":"Riksdagsskrivelse 2018/19:292","ref_dok_subtitel":null,"ref_dok_subtyp":"rskr","ref_dok_dokumentnamn":"Riksdagsskrivelse"},{"referenstyp":"talarlista","uppgift":"talarlista 2018/19:20190618 Tisdag den 18 juni 2019 (preliminär)","ref_dok_id":"H60J20190618","ref_dok_typ":"t-lista","ref_dok_rm":"2018/19","ref_dok_bet":"20190618","ref_dok_titel":"Tisdag den 18 juni 2019 (preliminär)","ref_dok_subtitel":null,"ref_dok_subtyp":null,"ref_dok_dokumentnamn":"Talarlista"}]},"debatt":null}}