{"dokumentstatus":{"dokument":{"hangar_id":"5026722","dok_id":"H601JuU30","rm":"2018/19","beteckning":"JuU30","typ":"bet","subtyp":"bet","doktyp":"bet","typrubrik":"Betänkande 2018/19:JuU30","dokumentnamn":"Betänkande","debattnamn":"Debatt om förslag","tempbeteckning":"","organ":"JuU","mottagare":"","nummer":"30","slutnummer":"0","datum":"2019-03-18 00:00:00","systemdatum":"2019-04-26 14:12:50","publicerad":"2019-03-18 16:27:02","titel":"Ett särskilt straffansvar för deltagande i terroristorganisation","subtitel":"","status":"planerat","htmlformat":"","relaterat_id":"","source":"Brus","sourceid":"77bd9be3-cc34-4b4e-8e26-655908d78f98","dokument_url_text":"http://data.riksdagen.se/dokument/H601JuU30/text","dokument_url_html":"http://data.riksdagen.se/dokument/H601JuU30","dokumentstatus_url_xml":"http://data.riksdagen.se/dokumentstatus/H601JuU30","utskottsforslag_url_xml":"http://data.riksdagen.se/utskottsforslag/H601JuU30","html":"<h2>Ett särskilt straffansvar för deltagande i terroristorganisation</h2>\r\nDokumentet är inte publicerat"},"dokaktivitet":{"aktivitet":[{"kod":"UBE","namn":"Beredning","datum":"2019-05-16 00:00:00","status":"planerat","ordning":"0","process":null},{"kod":"JUS","namn":"Justering","datum":"2019-06-11 00:00:00","status":"planerat","ordning":"0","process":null},{"kod":"TRY","namn":"Trycklov","datum":"2019-06-12 00:00:00","status":"planerat","ordning":"0","process":null},{"kod":"B","namn":"Bordläggning","datum":"2019-06-17 00:00:00","status":"planerat","ordning":"0","process":null},{"kod":"BEH","namn":"Behandling","datum":"2019-06-18 00:00:00","status":"planerat","ordning":"0","process":null},{"kod":"BES","namn":"Beslut","datum":"2019-06-18 00:00:00","status":"planerat","ordning":"0","process":null}]},"debatt":null}}