{"dokumentstatus":{"dokument":{"hangar_id":"5023260","dok_id":"H601JuU26","rm":"2018/19","beteckning":"JuU26","typ":"bet","subtyp":"bet","doktyp":"bet","typrubrik":"Betänkande 2018/19:JuU26","dokumentnamn":"Betänkande","debattnamn":"Debatt om förslag","tempbeteckning":"","organ":"JuU","mottagare":"","nummer":"26","slutnummer":"0","datum":"2019-05-16 00:00:00","systemdatum":"2019-05-28 23:06:53","publicerad":"2019-02-28 13:51:24","titel":"Personuppgiftsbehandling i viss verksamhet som rör allmän ordning och säkerhet - anpassningar till EU:s dataskyddsreform","subtitel":"","status":"Webbpublicering","htmlformat":"html","relaterat_id":"","source":"RIM","sourceid":"7e9e6a06-8582-4781-a344-a6045e6d89bc","dokument_url_text":"http://data.riksdagen.se/dokument/H601JuU26/text","dokument_url_html":"http://data.riksdagen.se/dokument/H601JuU26","dokumentstatus_url_xml":"http://data.riksdagen.se/dokumentstatus/H601JuU26","utskottsforslag_url_xml":"http://data.riksdagen.se/utskottsforslag/H601JuU26","html":"<style><!--\r\n .w600px{width: 600px;font-family:Verdana, Geneva, sans-serif}\r\nh2.dtyp{font-size:1.5em !important;} \r\n/********************************************************************************************************/\r\n/* Styles for D:\\Logs\\DocumentConverter\\\\Output_281b6588-dd35-4ecc-9681-79679b229ac3\\HTML\\Dokument.html */\r\n/* Generated by Aspose.Words for .NET 15.3.0.0                                                          */\r\n/********************************************************************************************************/\r\n\r\n@page Section1 { size:467.8pt 686.05pt; margin:45.35pt 102.05pt 73.7pt 70.85pt }\r\ndiv.Section1 { page:Section1 }\r\nzbody { text-align:justify; line-height:12.5pt; font-family:'Verdana'; font-size:9.5pt }\r\nzh1, h2, h3, h4, h5, h6, p { margin:3.1pt 0pt 0pt }\r\nzli, table { margin-top:3.1pt; margin-bottom:0pt }\r\nzh1 { margin-top:3.1pt; margin-bottom:12pt; text-align:left; page-break-after:avoid; line-height:12.5pt; font-family:'Verdana'; font-size:16pt; font-weight:normal }\r\nzh2 { margin-top:20pt; margin-bottom:6pt; text-align:left; page-break-inside:avoid; page-break-after:avoid; line-height:12.5pt; font-family:'Verdana'; font-size:13.5pt; font-weight:normal }\r\nzh3 { margin-top:20pt; margin-bottom:3.1pt; text-align:left; page-break-inside:avoid; page-break-after:avoid; line-height:12.5pt; font-family:'Verdana'; font-size:10.5pt; font-weight:bold }\r\nzh4 { margin-top:15pt; margin-bottom:3.1pt; text-align:left; page-break-inside:avoid; page-break-after:avoid; line-height:12.5pt; font-family:'Verdana'; font-size:10.5pt; font-weight:normal; font-style:italic; color:#000000 }\r\nzh5 { margin-top:6.25pt; margin-bottom:0pt; text-align:justify; page-break-inside:avoid; page-break-after:avoid; line-height:12.5pt; font-family:'Verdana'; font-size:9.5pt; font-weight:bold }\r\nzh6 { margin-top:6.25pt; margin-bottom:0pt; text-align:justify; page-break-inside:avoid; page-break-after:avoid; line-height:12.5pt; font-family:'Verdana'; font-size:9.5pt; font-weight:normal; font-style:italic; color:#000000 }\r\n.Heading7 { margin-top:2pt; margin-bottom:0pt; text-align:justify; page-break-inside:avoid; page-break-after:avoid; line-height:12.5pt; font-family:'Verdana'; font-size:9.5pt; font-weight:normal; font-style:italic; color:#243f60 }\r\n.Heading8 { margin-top:2pt; margin-bottom:0pt; text-align:justify; page-break-inside:avoid; page-break-after:avoid; line-height:12.5pt; font-family:'Verdana'; font-size:9pt; font-weight:normal; color:#272727 }\r\n.Heading9 { margin-top:2pt; margin-bottom:0pt; text-align:justify; page-break-inside:avoid; page-break-after:avoid; line-height:12.5pt; font-family:'Verdana'; font-size:9pt; font-weight:normal; font-style:italic; color:#272727 }\r\n.Avsnittsrubrik { margin-top:0pt; margin-bottom:27.7pt; text-align:left; page-break-before:always; page-break-after:avoid; line-height:normal; font-family:'Verdana'; font-size:16pt }\r\n.Avvikandemeningrubrik { margin-top:0pt; margin-bottom:3.1pt; text-align:left; page-break-inside:avoid; page-break-after:avoid; line-height:12.5pt; font-family:'Verdana'; font-size:10.5pt; font-weight:bold }\r\n.BalloonText { margin-top:3.1pt; margin-bottom:0pt; text-align:justify; line-height:normal; font-family:Tahoma; font-size:8pt }\r\n.Bilaga { margin-top:0pt; margin-bottom:0pt; text-align:left; page-break-before:always; page-break-after:avoid; line-height:normal; widows:0; orphans:0; font-family:'Verdana'; font-size:8pt; font-variant:small-caps; text-decoration:underline }\r\n.Bilagerubrik { margin-top:0pt; margin-bottom:17.7pt; text-align:left; page-break-after:auto; line-height:normal; widows:0; orphans:0; font-family:'Verdana'; font-size:16pt }\r\n.Bild-Rubrik { margin-top:8pt; margin-bottom:0pt; text-align:justify; page-break-inside:avoid; page-break-after:avoid; line-height:10pt; font-family:'Verdana'; font-size:9.5pt; font-weight:bold }\r\n.Bild-Underrubrik { margin-top:0pt; margin-bottom:1pt; text-align:left; page-break-inside:avoid; page-break-after:avoid; line-height:8pt; font-family:'Verdana'; font-size:8pt; font-weight:normal; font-style:italic }\r\n.BodyText { margin-top:3.1pt; margin-bottom:0pt; text-align:left; line-height:12.5pt; font-family:'Verdana'; font-size:9.5pt }\r\n.BodyTextIndent2 { margin-top:3.1pt; margin-left:14.15pt; margin-bottom:6pt; text-align:justify; line-height:200%; font-family:'Verdana'; font-size:9.5pt }\r\n.Citatindrag { margin-top:0pt; margin-left:14.2pt; margin-bottom:6.1pt; text-indent:14.2pt; text-align:justify; line-height:10pt; font-family:'Verdana'; font-size:9.5pt }\r\n.CommentText { margin-top:3.1pt; margin-bottom:0pt; text-align:justify; line-height:normal; font-family:'Verdana'; font-size:10pt }\r\n.Deltagare { margin-top:0pt; margin-bottom:0pt; text-align:justify; page-break-inside:avoid; page-break-after:avoid; line-height:9.5pt; font-family:'Verdana'; font-size:9.5pt }\r\n.Diagram-Rubrik { margin-top:8pt; margin-bottom:0pt; text-align:justify; page-break-inside:avoid; page-break-after:avoid; line-height:10pt; font-family:'Verdana'; font-size:9.5pt; font-weight:bold }\r\n.Diagram-Underrubrik { margin-top:0pt; margin-bottom:1pt; text-align:left; page-break-inside:avoid; page-break-after:avoid; line-height:8pt; font-family:'Verdana'; font-size:8pt; font-weight:normal; font-style:italic }\r\n.DokumentRubrik { margin-top:6pt; margin-bottom:24pt; text-align:left; line-height:normal; border-bottom-style:solid; border-bottom-width:0.75pt; border-bottom-color:#000000; padding-bottom:4pt; font-family:'Verdana'; font-size:18pt }\r\n.Dokumentbeteckning { margin-top:0pt; margin-bottom:0pt; text-align:left; page-break-inside:avoid; page-break-after:avoid; line-height:12.5pt; font-family:'Verdana'; font-size:16pt }\r\n.Footer { margin-top:3.1pt; margin-bottom:0pt; text-align:justify; line-height:normal; font-family:'Verdana'; font-size:9.5pt }\r\n.FootnoteText { margin-top:0pt; margin-bottom:0pt; text-align:justify; line-height:8pt; font-family:'Verdana'; font-size:8pt }\r\n.Fotnotstextindrag { margin-top:0pt; margin-left:5.65pt; margin-bottom:0pt; text-align:left; line-height:8pt; font-family:'Verdana'; font-size:8pt }\r\n.Frslagspunkt { margin-top:0pt; margin-bottom:0pt; text-align:left; page-break-inside:avoid; page-break-after:avoid; line-height:12.5pt; font-family:'Verdana'; font-size:9.5pt; font-weight:bold }\r\n.Frslagstext { margin-top:0pt; margin-bottom:0pt; text-align:justify; line-height:12.5pt; font-family:'Verdana'; font-size:9.5pt }\r\n.Frteckningsrubrik { margin-top:9.6pt; margin-bottom:3.1pt; text-align:left; page-break-inside:avoid; page-break-after:avoid; line-height:normal; font-family:'Verdana'; font-size:9.5pt; font-weight:normal; font-style:italic; color:#000000 }\r\n.Grupprubrik { margin-top:6pt; margin-bottom:0pt; text-align:left; page-break-inside:avoid; page-break-after:avoid; line-height:12.5pt; font-family:'Verdana'; font-size:9.5pt; font-style:italic }\r\n.Grupprubrikindrag { margin-top:6pt; margin-left:22.1pt; margin-bottom:0pt; text-align:left; page-break-inside:avoid; page-break-after:avoid; line-height:12.5pt; font-family:'Verdana'; font-size:9.5pt; font-style:italic }\r\n.Header { margin-top:0pt; margin-bottom:0pt; text-align:justify; line-height:normal; font-family:'Verdana'; font-size:7.5pt; font-variant:small-caps }\r\n.Innehllsfrteckning { margin-top:0pt; margin-bottom:17.7pt; text-align:left; page-break-before:always; page-break-after:auto; line-height:normal; font-family:'Verdana'; font-size:16pt }\r\n.Kantrubrik { margin-top:0pt; margin-bottom:0pt; text-align:justify; line-height:normal; font-family:'Verdana'; font-size:7.5pt }\r\n.ListBullet { margin-top:6.25pt; margin-left:17.85pt; margin-bottom:6.25pt; text-indent:-17.85pt; text-align:justify; line-height:12.5pt; font-family:'Verdana'; font-size:9.5pt }\r\n.ListParagraph { margin-top:3.1pt; margin-left:28.35pt; margin-bottom:0pt; text-align:justify; line-height:12.5pt; font-family:'Verdana'; font-size:9.5pt }\r\n.Litentext { margin-top:0pt; margin-bottom:0pt; text-align:justify; line-height:normal; font-family:'Verdana'; font-size:8pt }\r\n.Mellanrubrik { margin-top:11pt; margin-bottom:3.1pt; text-align:left; page-break-after:avoid; line-height:12.5pt; font-family:'Verdana'; font-size:9.5pt; font-style:italic }\r\n.Mellanrum { margin-top:0pt; margin-bottom:0pt; text-align:left; page-break-before:auto; page-break-after:auto; line-height:1pt; widows:0; orphans:0; font-family:'Verdana'; font-size:1pt; font-variant:small-caps; text-decoration:none; color:#ffffff }\r\n.NormalIndent { margin-top:0pt; margin-bottom:0pt; text-indent:11.35pt; text-align:justify; line-height:12.5pt; font-family:'Verdana'; font-size:9.5pt }\r\n.Normalinskjuten { margin-top:0pt; margin-left:22.1pt; margin-bottom:0pt; text-align:justify; line-height:12.5pt; font-family:'Verdana'; font-size:9.5pt }\r\n.Normalinskjutenindrag { margin-top:0pt; margin-left:22.1pt; margin-bottom:0pt; text-indent:11.35pt; text-align:justify; line-height:12.5pt; font-family:'Verdana'; font-size:9.5pt }\r\n.Normalinskjutenkursiv { margin-top:6pt; margin-bottom:0pt; line-height:normal; font-family:'Verdana'; font-size:10pt; font-style:italic }\r\n.Normalkursiv { margin-top:3.1pt; margin-bottom:0pt; text-align:left; line-height:12.5pt; font-family:'Verdana'; font-size:9.5pt; font-style:italic }\r\n.Normalruta { margin:3.1pt 5.65pt 0pt; text-align:justify; page-break-inside:avoid; page-break-after:avoid; line-height:12.5pt; border-top-style:solid; border-top-width:0.75pt; border-top-color:#000000; border-right-style:solid; border-right-width:0.75pt; border-right-color:#000000; border-left-style:solid; border-left-width:0.75pt; border-left-color:#000000; border-bottom-style:solid; border-bottom-width:0.75pt; border-bottom-color:#000000; padding-top:4pt; padding-right:4pt; padding-left:4pt; padding-bottom:4pt; font-family:'Verdana'; font-size:10.5pt }\r\n.Normalrutafet { margin:3.1pt 5.65pt 0pt; text-align:justify; page-break-inside:avoid; page-break-after:avoid; line-height:12.5pt; border-top-style:solid; border-top-width:0.75pt; border-top-color:#000000; border-right-style:solid; border-right-width:0.75pt; border-right-color:#000000; border-left-style:solid; border-left-width:0.75pt; border-left-color:#000000; border-bottom-style:solid; border-bottom-width:0.75pt; border-bottom-color:#000000; padding-top:4pt; padding-right:4pt; padding-left:4pt; padding-bottom:4pt; font-family:'Verdana'; font-size:10.5pt; font-weight:bold }\r\n.Normalrutaindrag { margin:0pt 5.65pt; text-indent:11.35pt; text-align:justify; page-break-inside:avoid; page-break-after:avoid; line-height:12.5pt; border-top-style:solid; border-top-width:0.75pt; border-top-color:#000000; border-right-style:solid; border-right-width:0.75pt; border-right-color:#000000; border-left-style:solid; border-left-width:0.75pt; border-left-color:#000000; border-bottom-style:solid; border-bottom-width:0.75pt; border-bottom-color:#000000; padding-top:4pt; padding-right:4pt; padding-left:4pt; padding-bottom:4pt; font-family:'Verdana'; font-size:10.5pt }\r\n.Normalutanluftfre { margin-top:0pt; margin-bottom:0pt; text-align:justify; line-height:12.5pt; font-family:'Verdana'; font-size:9.5pt }\r\n.NormalNoll { margin-top:0pt; margin-bottom:3.1pt; text-align:left; line-height:12.5pt; font-family:'Verdana'; font-size:10.5pt; font-weight:bold }\r\n.NumlistaTOC { margin:3.1pt 28.35pt 0pt 0pt; text-indent:0pt; text-align:left; line-height:normal; font-family:'Verdana'; font-size:9.5pt }\r\n.Ordfranden { margin-top:3.1pt; margin-bottom:22pt; text-align:left; page-break-inside:avoid; page-break-after:avoid; line-height:normal; font-family:'Verdana'; font-size:9.5pt; font-style:italic }\r\n.OrtochDatum { margin-top:18pt; margin-bottom:18pt; text-align:left; page-break-inside:avoid; page-break-after:avoid; line-height:normal; font-family:'Verdana'; font-size:9.5pt }\r\n.Punktlistabomb { margin-top:6.25pt; margin-left:14.2pt; margin-bottom:6.25pt; text-indent:-14.2pt; text-align:justify; line-height:12.5pt; font-family:'Verdana'; font-size:9.5pt }\r\n.Punktlistagemener { margin-top:6.25pt; margin-left:14.2pt; margin-bottom:6.25pt; text-indent:-14.2pt; text-align:justify; line-height:12.5pt; font-family:'Verdana'; font-size:9.5pt }\r\n.Punktlistalinje { margin-top:6.25pt; margin-left:14.2pt; margin-bottom:6.25pt; text-indent:-14.2pt; text-align:justify; line-height:12.5pt; font-family:'Verdana'; font-size:9.5pt }\r\n.Punktlistasiffra { margin-top:6.25pt; margin-left:14.2pt; margin-bottom:6.25pt; text-indent:-14.2pt; text-align:justify; line-height:12.5pt; font-family:'Verdana'; font-size:9.5pt }\r\n.PVgnar { margin-top:3.1pt; margin-bottom:26pt; text-align:left; page-break-inside:avoid; page-break-after:avoid; line-height:normal; font-family:'Verdana'; font-size:9.5pt }\r\n.Quote { margin-top:6.1pt; margin-left:14.2pt; margin-bottom:0pt; text-align:justify; line-height:10pt; font-family:'Verdana'; font-size:9.5pt }\r\n.R1 { margin-top:3.1pt; margin-bottom:12pt; text-align:left; page-break-after:avoid; line-height:12.5pt; font-family:'Verdana'; font-size:16pt }\r\n.R1bilaga { margin-top:3.1pt; margin-bottom:12pt; text-align:left; page-break-after:auto; line-height:12.5pt; font-family:'Verdana'; font-size:16pt }\r\n.R2 { margin-top:20pt; margin-bottom:6pt; text-align:left; page-break-inside:avoid; page-break-after:avoid; line-height:12.5pt; font-family:'Verdana'; font-size:13.5pt }\r\n.R3 { margin-top:20pt; margin-bottom:3.1pt; text-align:left; page-break-inside:avoid; page-break-after:avoid; line-height:12.5pt; font-family:'Verdana'; font-size:10.5pt; font-weight:bold }\r\n.R4 { margin-top:15pt; margin-bottom:3.1pt; text-align:left; page-break-inside:avoid; page-break-after:avoid; line-height:12.5pt; font-family:'Verdana'; font-size:10.5pt; font-weight:normal; font-style:italic; color:#000000 }\r\n.R5 { margin-top:6.25pt; margin-bottom:0pt; text-align:justify; page-break-inside:avoid; page-break-after:avoid; line-height:12.5pt; font-family:'Verdana'; font-size:9.5pt; font-weight:bold }\r\n.R6 { margin-top:6.25pt; margin-bottom:0pt; text-align:justify; page-break-inside:avoid; page-break-after:avoid; line-height:12.5pt; font-family:'Verdana'; font-size:9.5pt; font-weight:normal; font-style:italic; color:#000000 }\r\n.Reservationshnvisning { margin-top:0pt; margin-bottom:8pt; text-align:right; line-height:12.5pt; font-family:'Verdana'; font-size:9.5pt; font-style:italic }\r\n.Reservationsrubrik { margin-top:0pt; margin-bottom:3.1pt; text-align:left; page-break-inside:avoid; page-break-after:avoid; line-height:12.5pt; font-family:'Verdana'; font-size:10.5pt; font-weight:bold }\r\n.Rubrik1Dokumentinformation { margin-top:0pt; margin-bottom:0pt; text-align:left; page-break-inside:avoid; page-break-after:avoid; line-height:12.5pt; font-family:'Verdana'; font-size:16pt }\r\n.Rubrik1bilaga { margin-top:0pt; margin-bottom:27.7pt; text-align:left; page-break-after:auto; line-height:12.5pt; font-family:'Verdana'; font-size:16pt }\r\n.Rubrik1medsidhuvud { margin-top:3.1pt; margin-bottom:12pt; text-align:left; page-break-before:always; page-break-after:avoid; line-height:12.5pt; font-family:'Verdana'; font-size:16pt }\r\n.Rubrik1numrerat { margin-top:3.1pt; margin-left:0pt; margin-bottom:12pt; text-indent:0pt; text-align:left; page-break-after:avoid; line-height:12.5pt; font-family:'Verdana'; font-size:16pt }\r\n.Rubrik1numreratmedsidhuvud { margin-top:0pt; margin-left:0pt; margin-bottom:16pt; text-indent:0pt; text-align:left; page-break-before:always; page-break-after:avoid; line-height:normal; font-family:'Verdana'; font-size:16pt }\r\n.Rubrik2bilaga { margin-top:20pt; margin-bottom:6pt; text-align:left; page-break-inside:avoid; page-break-after:avoid; line-height:12.5pt; font-family:'Verdana'; font-size:13.5pt }\r\n.Rubrik2numrerat { margin-top:20pt; margin-left:0pt; margin-bottom:6pt; text-indent:0pt; text-align:left; page-break-inside:avoid; page-break-after:avoid; line-height:12.5pt; font-family:'Verdana'; font-size:13.5pt }\r\n.Rubrik3numrerat { margin-top:20pt; margin-left:0pt; margin-bottom:3.1pt; text-indent:0pt; text-align:left; page-break-inside:avoid; page-break-after:avoid; line-height:12.5pt; font-family:'Verdana'; font-size:10.5pt; font-weight:bold }\r\n.Sammanfattning { margin-top:3.1pt; margin-bottom:12pt; text-align:left; page-break-after:auto; line-height:12.5pt; font-family:'Verdana'; font-size:16pt }\r\n.Sidhuvudhgerstlld { margin-top:0pt; margin-bottom:0pt; text-align:right; line-height:normal; font-family:'Verdana'; font-size:7.5pt; font-variant:small-caps }\r\n.Sidhuvudvnsterstlld { margin-top:0pt; margin-bottom:0pt; text-align:left; line-height:normal; font-family:'Verdana'; font-size:7.5pt; font-variant:small-caps }\r\n.Stdrubrik { margin-top:12pt; margin-bottom:0pt; line-height:12pt; font-family:'Verdana'; font-size:9.5pt; font-weight:bold }\r\n.Srskiltyttranderubrik { margin-top:0pt; margin-bottom:3.1pt; text-align:left; page-break-inside:avoid; page-break-after:avoid; line-height:12.5pt; font-family:'Verdana'; font-size:10.5pt; font-weight:bold }\r\n.TOC1 { margin-top:0pt; margin-right:28.35pt; margin-bottom:0pt; text-align:left; line-height:normal; font-family:'Verdana'; font-size:9.5pt }\r\n.TOC2 { margin:0pt 28.35pt 0pt 5.65pt; text-align:left; line-height:normal; font-family:'Verdana'; font-size:9.5pt }\r\n.TOC3 { margin:0pt 28.35pt 0pt 11.35pt; text-align:left; line-height:normal; font-family:'Verdana'; font-size:9.5pt }\r\n.TOC4 { margin:0pt 28.35pt 0pt 17pt; text-align:left; line-height:normal; font-family:'Verdana'; font-size:9.5pt }\r\n.TOC5 { margin:0pt 28.35pt 0pt 22.7pt; text-align:left; line-height:normal; font-family:'Verdana'; font-size:9.5pt }\r\n.TOC6 { margin-top:0pt; margin-left:47.65pt; margin-bottom:0pt; text-align:left; line-height:normal; font-family:'Verdana'; font-size:9.5pt }\r\n.TOC7 { margin-top:0pt; margin-right:28.35pt; margin-bottom:0pt; text-align:left; line-height:normal; font-family:'Verdana'; font-size:9.5pt }\r\n.TOC8 { margin-top:0pt; margin-right:28.35pt; margin-bottom:0pt; text-align:left; line-height:normal; font-family:'Verdana'; font-size:9.5pt }\r\n.TOC9 { margin-top:0pt; margin-left:8.5pt; margin-bottom:0pt; text-align:left; line-height:normal; font-family:'Verdana'; font-size:9.5pt }\r\n.TOCHeading { margin-top:3.1pt; margin-bottom:9pt; text-align:left; page-break-before:always; page-break-inside:avoid; page-break-after:avoid; line-height:12.5pt; font-family:'Verdana'; font-size:16pt }\r\n.Tabell-Kolumnrubrik { margin-bottom:0pt; line-height:12pt; font-family:'Verdana'; font-size:8pt; font-weight:bold }\r\n.Tabell-Klla { margin-top:2pt; margin-bottom:0pt; line-height:8pt; font-family:'Verdana'; font-size:7pt }\r\n.Tabell-Radrubrik { margin-bottom:0pt; line-height:12pt; font-family:'Verdana'; font-size:8pt }\r\n.Tabell-Rubrik { margin-top:12pt; margin-bottom:3pt; text-align:left; page-break-inside:avoid; page-break-after:avoid; line-height:10pt; font-family:'Verdana'; font-size:9pt; font-weight:bold }\r\n.Tabell-Siffror { margin-bottom:0pt; text-align:right; line-height:12pt; font-family:'Verdana'; font-size:8pt }\r\n.Tabell-Text { margin-bottom:0pt; line-height:12pt; font-family:'Verdana'; font-size:8pt }\r\n.Tabell-Underrubrik { margin-top:0pt; margin-bottom:1pt; text-align:left; page-break-inside:avoid; page-break-after:avoid; line-height:8pt; font-family:'Verdana'; font-size:8pt; font-weight:normal; font-style:italic }\r\n.TableofFigures { margin-top:3.1pt; margin-bottom:0pt; text-align:justify; line-height:normal; font-family:'Verdana'; font-size:9.5pt }\r\n.TillX-utskottet { margin-top:0pt; margin-bottom:12pt; text-align:left; page-break-after:avoid; line-height:12.5pt; font-family:'Verdana'; font-size:16pt }\r\n.Title { margin-top:3.1pt; margin-bottom:1pt; text-align:left; line-height:12pt; font-family:'Verdana'; font-size:20pt; letter-spacing:-0.5pt }\r\n.Vapen { margin-top:0pt; margin-bottom:0pt; text-align:left; page-break-inside:avoid; page-break-after:avoid; line-height:12.5pt; font-family:'Verdana'; font-size:16pt }\r\n.Yrkandelista { margin-top:3.1pt; margin-left:28.35pt; margin-bottom:0pt; text-indent:-28.35pt; text-align:justify; line-height:12.5pt; font-family:'Verdana'; font-size:9.5pt }\r\n.YrkandelistaEtt { margin-top:3.1pt; margin-left:0pt; margin-bottom:0pt; text-indent:0pt; text-align:justify; line-height:12.5pt; font-family:'Verdana'; font-size:9.5pt }\r\nspan.BallongtextChar { font-family:Tahoma; font-size:8pt }\r\nspan.BilagaChar { font-family:'Verdana'; font-size:8pt; font-variant:small-caps; text-decoration:underline }\r\nspan.BrdtextChar { font-family:'Verdana'; font-size:9.5pt }\r\nspan.BrdtextChar1 { font-family:'Verdana'; font-size:9.5pt }\r\nspan.Brdtextmedindrag2Char { font-family:'Verdana'; font-size:9.5pt }\r\nspan.CitatChar { font-family:'Verdana'; font-size:9.5pt }\r\nspan.DokumentRubrikChar { font-family:'Verdana'; font-size:18pt }\r\nspan.FootnoteReference { vertical-align:super }\r\nspan.FotnotstextChar { font-family:'Verdana'; font-size:8pt }\r\nspan.FotnotstextindragChar { font-family:'Verdana'; font-size:8pt }\r\nspan.FrslagspunktChar { font-family:'Verdana'; font-size:9.5pt; font-weight:bold; font-style:normal }\r\nspan.Hyperlink { text-decoration:none; color:#000000 }\r\nspan.KommentarerChar { font-family:'Verdana'; font-size:10pt }\r\nspan.NormalkursivChar { font-family:'Verdana'; font-size:9.5pt; font-style:italic }\r\nspan.NormaltindragChar { font-family:'Verdana'; font-size:9.5pt }\r\nspan.OrdfrandenChar { font-family:'Verdana'; font-size:9.5pt; font-style:italic }\r\nspan.OrtochDatumChar { font-family:'Verdana'; font-size:9.5pt }\r\nspan.PlaceholderText { color:#808080 }\r\nspan.PVgnarChar { font-family:'Verdana'; font-size:9.5pt }\r\nspan.ReservationshnvisningChar { font-family:'Verdana'; font-size:9.5pt; font-style:italic }\r\nspan.Rubrik1Char { font-family:'Verdana'; font-size:16pt }\r\nspan.Rubrik1DokumentinformationChar { font-family:'Verdana'; font-size:16pt }\r\nspan.Rubrik2Char { font-family:'Verdana'; font-size:13.5pt }\r\nspan.Rubrik3Char { font-family:'Verdana'; font-size:10.5pt; font-weight:bold }\r\nspan.Rubrik4Char { font-family:'Verdana'; font-size:10.5pt; font-style:italic; color:#000000 }\r\nspan.Rubrik5Char { font-family:'Verdana'; font-size:9.5pt; font-weight:bold }\r\nspan.Rubrik6Char { font-family:'Verdana'; font-size:9.5pt; font-style:italic; color:#000000 }\r\nspan.Rubrik7Char { font-family:'Verdana'; font-size:9.5pt; font-style:italic; color:#243f60 }\r\nspan.Rubrik8Char { font-family:'Verdana'; font-size:9pt; color:#272727 }\r\nspan.Rubrik9Char { font-family:'Verdana'; font-size:9pt; font-style:italic; color:#272727 }\r\nspan.RubrikChar { font-family:'Verdana'; font-size:20pt; letter-spacing:-0.5pt }\r\nspan.SidfotChar { font-family:'Verdana'; font-size:9.5pt }\r\nspan.SidhuvudChar { font-family:'Verdana'; font-size:7.5pt; font-variant:small-caps }\r\nspan.Tabell-Upphjttecken { font-family:'Verdana'; font-variant:normal; text-decoration:none; text-transform:none; vertical-align:super; display:inline }\r\nspan.VapenChar { font-family:'Verdana'; font-size:16pt }\r\nspan.tBilagaJA { color:#000000 }\r\nspan.tSidrubrikJA { color:#000000 }\r\n.TableGrid {  }\r\n--></style>\r\n\r\n\t\t<div class=\"Section1\">\r\n\t\t\t<table cellspacing=\"0\" cellpadding=\"0\" style=\"border-collapse:collapse; margin-left:0pt\">\r\n\t\t\t\t<tr style=\"height:79.4pt\">\r\n\t\t\t\t\t<td style=\"vertical-align:top; width:297.7pt\">\r\n\t\t\t\t\t\t<p class=\"Rubrik1Dokumentinformation\" style=\"margin-top:0pt; margin-bottom:0pt; text-align:left; page-break-inside:avoid; page-break-after:avoid; line-height:16pt\">\r\n\t\t\t\t\t\t\t<span style=\"font-family:'Verdana'; font-size:16pt; -aw-sdt-tag:ccUtskott; -aw-sdt-title:'utskottsnamn Dokumentegenskap'\">Justitieutskottet</span><span style=\"font-family:'Verdana'; font-size:16pt; -aw-sdt-tag:ccS; -aw-sdt-title:s\">s</span><span style=\"font-family:'Verdana'; font-size:16pt; -aw-sdt-tag:ccMellanslag; -aw-sdt-title:Mellanslag\"> </span><a name=\"Utlatande\"></a><span style=\"font-family:'Verdana'; font-size:16pt\">betänkande</span>\r\n\t\t\t\t\t\t</p>\r\n\t\t\t\t\t\t<p class=\"Dokumentbeteckning\" style=\"margin-top:0pt; margin-bottom:0pt; text-align:left; page-break-inside:avoid; page-break-after:avoid; line-height:16pt\">\r\n\t\t\t\t\t\t\t<span style=\"font-family:'Verdana'; font-size:16pt; -aw-sdt-tag:ccRiksmote; -aw-sdt-title:'riksmote Dokumentegenskap'\">2018/19</span><span style=\"font-family:'Verdana'; font-size:16pt; -aw-sdt-tag:ccKolon; -aw-sdt-title:Kolon\">:</span><a name=\"Utskottebeteckning\"></a><span style=\"font-family:'Verdana'; font-size:16pt\">JuU26</span>\r\n\t\t\t\t\t\t</p>\r\n\t\t\t\t\t\t<p class=\"Rubrik1Dokumentinformation\" style=\"margin-top:0pt; margin-bottom:0pt; text-align:left; page-break-inside:avoid; page-break-after:avoid; line-height:16pt\">\r\n\t\t\t\t\t\t\t<span style=\"font-family:'Verdana'; font-size:16pt\"> </span>\r\n\t\t\t\t\t\t</p>\r\n\t\t\t\t\t</td>\r\n\t\t\t\t</tr>\r\n\t\t\t</table>\r\n\t\t\t<p class=\"DokumentRubrik\" style=\"-aw-sdt-tag:ccDokumentrubrik; -aw-sdt-title:'dokumentrubrik Dokumentegenskap'\">\r\n\t\t\t\t<span>Personuppgiftsbehandling i viss verksamhet som rör allmän ordning och säkerhet – anpassningar till EU:s dataskyddsreform</span>\r\n\t\t\t</p>\r\n\t\t\t<p class=\"Sammanfattning\">\r\n\t\t\t\t<span class=\"tSidrubrikJA\">Sammanfattning</span>\r\n\t\t\t</p>\r\n\t\t\t<p>\r\n\t\t\t\t<span>Utskottet </span><span>ställer sig bakom regeringens förslag till</span><span> </span><span>kustbevakningsdatalag</span><span> och förslag till </span><span>ändring</span><span>ar</span><span> i ett antal andra lagar som reglerar personuppgifts</span><span>­</span><span>behandling i verksamhet som rör allmän ordning och säkerhet.</span><span> </span><span>Syftet med förslagen</span><span> </span><span>är</span><span> att anpassa lagstiftningen till EU:s dataskyddsreform. Förslagen innebär även en förenklad reglering av den behandling av personuppgifter som sker vid uppbörd av böter, t.ex. när en person frivilligt betalar utdömda böter.</span>\r\n\t\t\t</p>\r\n\t\t\t<p class=\"NormalIndent\">\r\n\t\t\t\t<span>Den nya lagen och lagändringarna föreslås träda i kraft den 30 juni 2019.</span>\r\n\t\t\t</p>\r\n\t\t\t<p class=\"R4\">\r\n\t\t\t\t<span>Behandlade förslag</span>\r\n\t\t\t</p>\r\n\t\t\t<p>\r\n\t\t\t\t<span>Proposition 2018/19:65 Personuppgiftsbehandling i viss verksamhet som rör allmän ordning och säkerhet – anpassningar till EU:s dataskyddsreform.</span>\r\n\t\t\t</p>\r\n\t\t\t<p class=\"Innehllsfrteckning\">\r\n\t\t\t\t<a name=\"Innehållsförteckning\"></a><span class=\"tSidrubrikJA\">Innehållsförteckning</span>\r\n\t\t\t</p>\r\n\t\t\t<p class=\"TOC1\">\r\n\t\t\t\t<a style=\"color:#000000\" href=\"#_Toc8897205\"><span class=\"Hyperlink\">Utskottets förslag till riksdagsbeslut</span></a>\r\n\t\t\t</p>\r\n\t\t\t<p class=\"TOC1\">\r\n\t\t\t\t<a style=\"color:#000000\" href=\"#_Toc8897206\"><span class=\"Hyperlink\">Redogörelse för ärendet</span></a>\r\n\t\t\t</p>\r\n\t\t\t<p class=\"TOC1\">\r\n\t\t\t\t<a style=\"color:#000000\" href=\"#_Toc8897207\"><span class=\"Hyperlink\">Utskottets överväganden</span></a>\r\n\t\t\t</p>\r\n\t\t\t<p class=\"TOC2\">\r\n\t\t\t\t<a style=\"color:#000000\" href=\"#_Toc8897208\"><span class=\"Hyperlink\">Personuppgiftsbehandling i viss verksamhet som rör allmän ordning och säkerhet – anpassningar till EU:s dataskyddsreform</span></a>\r\n\t\t\t</p>\r\n\t\t\t<p class=\"TOC8\">\r\n\t\t\t\t<span class=\"Hyperlink\" style=\"font-style:italic\">Bilaga 1</span><br /><a style=\"color:#000000\" href=\"#_Toc8897209\"><span class=\"Hyperlink\">Förteckning över behandlade förslag</span></a>\r\n\t\t\t</p>\r\n\t\t\t<p class=\"TOC9\">\r\n\t\t\t\t<a style=\"color:#000000\" href=\"#_Toc8897210\"><span class=\"Hyperlink\">Propositionen</span></a>\r\n\t\t\t</p>\r\n\t\t\t<p class=\"TOC8\">\r\n\t\t\t\t<span class=\"Hyperlink\" style=\"font-style:italic\">Bilaga 2</span><br /><a style=\"color:#000000\" href=\"#_Toc8897211\"><span class=\"Hyperlink\">Regeringens lagförslag</span></a>\r\n\t\t\t</p>\r\n\t\t\t<p>\r\n\t\t\t</p>\r\n\t\t\t<p class=\"Avsnittsrubrik\">\r\n\t\t\t\t<a name=\"StopCC\"></a><a name=\"_Toc8897205\"><span style=\"-aw-bookmark-end:StopCC\"></span><span class=\"tSidrubrikJA\">Utskottets förslag till riksdagsbeslut</span></a>\r\n\t\t\t</p>\r\n\t\t\t<p class=\"Mellanrum\">\r\n\t\t\t\t<span> </span>\r\n\t\t\t</p>\r\n\t\t\t<p class=\"Mellanrum\">\r\n\t\t\t\t<span> </span>\r\n\t\t\t</p>\r\n\t\t\t<table cellspacing=\"0\" cellpadding=\"0\" style=\"border-collapse:collapse; margin-left:0pt; width:294.2pt\">\r\n\t\t\t\t<tr>\r\n\t\t\t\t\t<td style=\"vertical-align:top; width:22pt\">\r\n\t\t\t\t\t\t<p style=\"margin-top:3.1pt; margin-bottom:0pt; text-align:justify; page-break-inside:avoid; page-break-after:avoid; line-height:12.5pt\">\r\n\t\t\t\t\t\t\t<span style=\"font-family:'Verdana'; font-size:10.5pt; font-weight:bold\">Personuppgiftsbehandling i viss verksamhet som rör allmän ordning och säkerhet – anpassningar till EU:s dataskyddsreform</span>\r\n\t\t\t\t\t\t</p>\r\n\t\t\t\t\t</td>\r\n\t\t\t\t</tr>\r\n\t\t\t</table>\r\n\t\t\t<p class=\"Normalutanluftfre\" style=\"-aw-sdt-tag:'dokumentavsnitt/utskottets förslag till riksdagsbeslut/-120687219/1557997500707'; -aw-sdt-title:'utskottets förslag till riksdagsbeslut'\">\r\n\t\t\t\t<span>Riksdagen antar regeringens förslag till </span>\r\n\t\t\t</p>\r\n\t\t\t<p class=\"NormalIndent\" style=\"-aw-sdt-tag:'dokumentavsnitt/utskottets förslag till riksdagsbeslut/-120687219/1557997500707'; -aw-sdt-title:'utskottets förslag till riksdagsbeslut'\">\r\n\t\t\t\t<span>1. kustbevakningsdatalag,</span>\r\n\t\t\t</p>\r\n\t\t\t<p class=\"NormalIndent\" style=\"-aw-sdt-tag:'dokumentavsnitt/utskottets förslag till riksdagsbeslut/-120687219/1557997500707'; -aw-sdt-title:'utskottets förslag till riksdagsbeslut'\">\r\n\t\t\t\t<span>2. lag om ändring i vapenlagen (1996:67),</span>\r\n\t\t\t</p>\r\n\t\t\t<p class=\"NormalIndent\" style=\"-aw-sdt-tag:'dokumentavsnitt/utskottets förslag till riksdagsbeslut/-120687219/1557997500707'; -aw-sdt-title:'utskottets förslag till riksdagsbeslut'\">\r\n\t\t\t\t<span>3. lag om ändring i lagen (1998:620) om belastningsregister med den ändringen att SFS-numret ”(2018:1177)” ska föras in efter ”brottsdatalagen” i 5 a § och i 22 § första stycket,</span>\r\n\t\t\t</p>\r\n\t\t\t<p class=\"NormalIndent\" style=\"-aw-sdt-tag:'dokumentavsnitt/utskottets förslag till riksdagsbeslut/-120687219/1557997500707'; -aw-sdt-title:'utskottets förslag till riksdagsbeslut'\">\r\n\t\t\t\t<span>4. lag om ändring i lagen (1998:621) om misstankeregister med den ändringen att SFS-numret ”(2018:1177)” ska föras in efter ”brottsdatalagen” i 4 a § och i 16 § första stycket,</span>\r\n\t\t\t</p>\r\n\t\t\t<p class=\"NormalIndent\" style=\"-aw-sdt-tag:'dokumentavsnitt/utskottets förslag till riksdagsbeslut/-120687219/1557997500707'; -aw-sdt-title:'utskottets förslag till riksdagsbeslut'\">\r\n\t\t\t\t<span>5. lag om ändring i lagen (2000:344) om Schengens informationssystem med den ändringen att SFS-numret ”(2018:1177)” ska föras in efter ”brottsdatalagen” i 17 § första stycket,</span>\r\n\t\t\t</p>\r\n\t\t\t<p class=\"NormalIndent\" style=\"-aw-sdt-tag:'dokumentavsnitt/utskottets förslag till riksdagsbeslut/-120687219/1557997500707'; -aw-sdt-title:'utskottets förslag till riksdagsbeslut'\">\r\n\t\t\t\t<span>6. lag om ändring i offentlighets- och sekretesslagen (2009:400),</span>\r\n\t\t\t</p>\r\n\t\t\t<p class=\"NormalIndent\" style=\"-aw-sdt-tag:'dokumentavsnitt/utskottets förslag till riksdagsbeslut/-120687219/1557997500707'; -aw-sdt-title:'utskottets förslag till riksdagsbeslut'\">\r\n\t\t\t\t<span>7. lag om ändring i lagen (2018:1693) om polisens behandling av personuppgifter inom brottsdatalagens område,</span>\r\n\t\t\t</p>\r\n\t\t\t<p class=\"NormalIndent\" style=\"-aw-sdt-tag:'dokumentavsnitt/utskottets förslag till riksdagsbeslut/-120687219/1557997500707'; -aw-sdt-title:'utskottets förslag till riksdagsbeslut'\">\r\n\t\t\t\t<span>8. lag om ändring i lagen (2018:1694) om Tullverkets behandling av personuppgifter inom brottsdatalagens område,</span>\r\n\t\t\t</p>\r\n\t\t\t<p class=\"NormalIndent\" style=\"-aw-sdt-tag:'dokumentavsnitt/utskottets förslag till riksdagsbeslut/-120687219/1557997500707'; -aw-sdt-title:'utskottets förslag till riksdagsbeslut'\">\r\n\t\t\t\t<span>9. lag om ändring i lagen (2018:1695) om Kustbevakningens behandling av personuppgifter inom brottsdatalagens område.</span>\r\n\t\t\t</p>\r\n\t\t\t<p class=\"NormalIndent\" style=\"text-indent:11.3pt; -aw-sdt-tag:'dokumentavsnitt/utskottets förslag till riksdagsbeslut/-120687219/1557997500707'; -aw-sdt-title:'utskottets förslag till riksdagsbeslut'\">\r\n\t\t\t\t<span>Därmed bifaller riksdagen proposition 2018/19:65 punkterna 1–9.</span>\r\n\t\t\t</p>\r\n\t\t\t<p class=\"Mellanrum\" style=\"-aw-sdt-tag:'dokumentavsnitt/utskottets förslag till riksdagsbeslut/-120687219/1557997500707'; -aw-sdt-title:'utskottets förslag till riksdagsbeslut'\">\r\n\t\t\t\t<span> </span>\r\n\t\t\t</p>\r\n\t\t\t<p class=\"OrtochDatum\" style=\"-aw-sdt-tag:'dokumentavsnitt/utskottets förslag till riksdagsbeslut/-120687219/1557997500707'; -aw-sdt-title:'utskottets förslag till riksdagsbeslut'\">\r\n\t\t\t\t<span>Stockholm den 16 maj 2019</span>\r\n\t\t\t</p>\r\n\t\t\t<p class=\"PVgnar\" style=\"-aw-sdt-tag:'dokumentavsnitt/utskottets förslag till riksdagsbeslut/-120687219/1557997500707'; -aw-sdt-title:'utskottets förslag till riksdagsbeslut'\">\r\n\t\t\t\t<span>På justitieutskottets vägnar</span>\r\n\t\t\t</p>\r\n\t\t\t<p class=\"Ordfranden\" style=\"-aw-sdt-tag:'dokumentavsnitt/utskottets förslag till riksdagsbeslut/-120687219/1557997500707'; -aw-sdt-title:'utskottets förslag till riksdagsbeslut'\">\r\n\t\t\t\t<span>Fredrik Lundh Sammeli</span>\r\n\t\t\t</p>\r\n\t\t\t<p class=\"Deltagare\" style=\"-aw-sdt-tag:'dokumentavsnitt/utskottets förslag till riksdagsbeslut/-120687219/1557997500707'; -aw-sdt-title:'utskottets förslag till riksdagsbeslut'\">\r\n\t\t\t\t<span>Följande ledamöter har deltagit i beslutet: Fredrik Lundh Sammeli (S), Andreas Carlson (KD), Johan Forssell (M), Petter Löberg (S), Louise Meijer (M), Adam Marttinen (SD), Maria Strömkvist (S), Linda Westerlund Snecker (V), Ellen Juntti (M), Katja Nyberg (SD), Joakim Sandell (S), Juno Blom (L), Henrik Vinge (SD), Rasmus Ling (MP), Ingemar Kihlström (KD), Gustaf Lantz (S) och Jonny Cato Hansson (C).</span>\r\n\t\t\t</p>\r\n\t\t\t<p class=\"Mellanrum\" style=\"-aw-sdt-tag:'dokumentavsnitt/utskottets förslag till riksdagsbeslut/-120687219/1557997500707'; -aw-sdt-title:'utskottets förslag till riksdagsbeslut'\">\r\n\t\t\t\t<span> </span>\r\n\t\t\t</p>\r\n\t\t\t<p class=\"Mellanrum\" style=\"-aw-sdt-tag:'dokumentavsnitt/utskottets förslag till riksdagsbeslut/-120687219/1557997500707'; -aw-sdt-title:'utskottets förslag till riksdagsbeslut'\">\r\n\t\t\t\t<span> </span>\r\n\t\t\t</p>\r\n\t\t\t<p class=\"Mellanrum\" style=\"-aw-sdt-tag:'dokumentavsnitt/utskottets förslag till riksdagsbeslut/-120687219/1557997500707'; -aw-sdt-title:'utskottets förslag till riksdagsbeslut'\">\r\n\t\t\t\t<span style=\"font-size:9.5pt\"> </span>\r\n\t\t\t</p>\r\n\t\t\t<p>\r\n\t\t\t\t<span> </span>\r\n\t\t\t</p>\r\n\t\t\t<p class=\"Avsnittsrubrik\">\r\n\t\t\t\t<a name=\"SlutUtskottsForslag\"></a><a name=\"_Toc8897206\"><span style=\"-aw-bookmark-end:SlutUtskottsForslag\"></span><span class=\"tSidrubrikJA\">Redogörelse för ärendet</span></a>\r\n\t\t\t</p>\r\n\t\t\t<p>\r\n\t\t\t\t<span>I betänkandet behandlar utskottet proposition</span><span> 2018/19:65 Personuppgifts</span><span>­</span><span>behandling i viss verksamhet som rör allmän ordning och säkerhet – anpassningar till EU:s dataskyddsreform. I propositionen föreslår regeringen en ny kustbevakningsdatalag samt ändringar av vissa</span><span> </span><span>andra lagar som reglerar personuppgiftsbehandling i verksamhet som rör</span><span> </span><span>allmän ordning och säkerhet.</span>\r\n\t\t\t</p>\r\n\t\t\t<p class=\"NormalIndent\">\r\n\t\t\t\t<span>Regeringens förslag till riksdagsbeslut återges i bilaga 1. Regeringens lagförslag finns i bilaga 2.</span>\r\n\t\t\t</p>\r\n\t\t\t<p class=\"NormalIndent\">\r\n\t\t\t\t<span>Inga motioner har väckts med anledning av propositionen.</span>\r\n\t\t\t</p>\r\n\t\t\t<p>\r\n\t\t\t\t<span> </span>\r\n\t\t\t</p>\r\n\t\t\t<p class=\"Avsnittsrubrik\">\r\n\t\t\t\t<a name=\"_Toc8897207\"><span class=\"tSidrubrikJA\">Utskottets överväganden</span></a>\r\n\t\t\t</p>\r\n\t\t\t<h2 style=\"-aw-sdt-tag:47547bf7-bd0a-4890-92b5-1c223eff79c6/förslagsrutor/373243424/1557227786751; -aw-sdt-title:förslagsrutor\">\r\n\t\t\t\t<a name=\"_Toc8897208\"><span>Personuppgiftsbehandling i viss verksamhet som rör allmän ordning och säkerhet – anpassningar till EU:s dataskyddsreform</span></a>\r\n\t\t\t</h2>\r\n\t\t\t<div style=\"border-bottom-color:#000000; border-bottom-style:solid; border-bottom-width:0.75pt; border-left-color:#000000; border-left-style:solid; border-left-width:0.75pt; border-right-color:#000000; border-right-style:solid; border-right-width:0.75pt; border-top-color:#000000; border-top-style:solid; border-top-width:0.75pt; clear:both; margin:3.1pt 0.9pt 0pt\">\r\n\t\t\t\t<p class=\"Normalrutafet\" style=\"margin:0pt; padding-right:4pt; padding-left:4pt\">\r\n\t\t\t\t\t<span style=\"-aw-bookmark-end:_Toc8897208\"></span><span>Utskottets förslag i korthet</span>\r\n\t\t\t\t</p>\r\n\t\t\t\t<p class=\"Normalruta\" style=\"margin:0pt; padding-right:4pt; padding-left:4pt; padding-bottom:4pt\">\r\n\t\t\t\t\t<span>Riksdagen </span><span>antar regeringens</span><span> förslag till kustbevakningsdatalag och förslag till ändringar i</span><span> ett antal andra lagar</span><span> som reglerar personupp</span><span>­</span><span>gifts</span><span>behandling i verksamhet som rör allmän ordning och säkerhet</span><span>.</span><span> </span><span>Syftet med förslagen är</span><span> att anpassa lags</span><span>tiftningen till EU:s data</span><span>­</span><span>skydds</span><span>reform. Förslagen innebär även en förenklad reglering av den behandling av personuppgifter som sker vid uppbörd av böter.</span>\r\n\t\t\t\t</p>\r\n\t\t\t</div>\r\n\t\t\t<p class=\"Mellanrum\">\r\n\t\t\t\t<span> </span>\r\n\t\t\t</p>\r\n\t\t\t<p class=\"R3\">\r\n\t\t\t\t<span>Bakgrund</span>\r\n\t\t\t</p>\r\n\t\t\t<p class=\"R4\">\r\n\t\t\t\t<span>EU:s dataskyddsreform</span>\r\n\t\t\t</p>\r\n\t\t\t<p class=\"NormalIndent\" style=\"text-indent:0pt\">\r\n\t\t\t\t<span>Europeiska kommissionen presenterade</span><span> </span><span>den 25 januari</span><span> 2012 förslag till en genomgripande reform av EU:s regler om skydd för personuppgifter. Reformen omfattar dels en allmän dataskyddsförordning (dataskyddsförord</span><span>­</span><span>ningen</span><a name=\"_ftnref1\"></a><a href=\"#_ftn1\"><span class=\"FootnoteReference\" style=\"font-size:6.33pt\">[1]</span></a><span>), dels ett direktiv med särregler för personuppgiftsbehandling i främst den brottsbekämpande sektorn (dataskyddsdirektivet</span><a name=\"_ftnref2\"></a><a href=\"#_ftn2\"><span class=\"FootnoteReference\" style=\"font-size:6.33pt\">[2]</span></a><span>).</span>\r\n\t\t\t</p>\r\n\t\t\t<p class=\"NormalIndent\">\r\n\t\t\t\t<span>Dataskyddsförordningen utgör fr.o.m. den 25 maj 2018 grunden för generell personuppgiftsbehandling inom EU. Förordningen är direkt tillämplig i alla EU:s medlemsstater men både förutsätter och medger samtidigt kompletterande och specificerande nationella bestämmelser av olika slag.</span>\r\n\t\t\t</p>\r\n\t\t\t<p class=\"NormalIndent\">\r\n\t\t\t\t<span>Dataskyddsdirektivet innehåller bestämmelser om skydd för fysiska personer </span><span>när det gäller </span><span>behöriga myndigheters behandling av personuppgifter </span><span>för</span><span> att förebygga, förhindra, utreda, avslöja eller lagföra brott eller verkställa straffrättsliga påföljder. Även</span><span> en</span><span> sådan personuppgiftsbehandling som utförs av behöriga myndigheter för att skydda mot, förebygga och förhindra hot mot den allmänna säkerheten ingår i tillämpningsområdet. </span><span>Dataskyddsförord</span><span>­</span><span>ningen </span><span>gäller </span><span>inte </span><span>för sådan personuppgiftsbehandling som omfattas a</span><span>v direktivets tillämpnings</span><span>område</span><span> (artikel 2.2 d i dataskyddsförordningen)</span><span>.</span>\r\n\t\t\t</p>\r\n\t\t\t<p class=\"R4\">\r\n\t\t\t\t<span>Dataskyddslagen</span>\r\n\t\t\t</p>\r\n\t\t\t<p>\r\n\t\t\t\t<span>Lagen (2018:218) med kompletterande bestämmelser till EU:s dataskydds</span><span>­</span><span>förordning (dataskyddslagen) trädde i kraft den 25 maj 2018. Samtidigt upphävdes personuppgiftslagen</span><span> (</span><span>1998:204</span><span>)</span><span>.</span>\r\n\t\t\t</p>\r\n\t\t\t<p class=\"NormalIndent\">\r\n\t\t\t\t<span>Dataskyddslagen innehåller kompletterande bestämmelser av generell karaktär till dataskyddsförordningen och reglerar bl.a. frågor om rättslig grund för behandling av personuppgifter, känsliga personuppgifter, begränsningar av vissa rättigheter och skyldigheter, administrativa sanktionsavgifter samt skadestånd </span><span>och överklagande.</span>\r\n\t\t\t</p>\r\n\t\t\t<p class=\"NormalIndent\">\r\n\t\t\t\t<span>Dataskyddslagen är subsidiär till annan författning. I den mån dataskydds</span><span>­</span><span>förordningen medger det kan alltså andra författningar innehålla avvikande bestämmelser i förhållande till dataskyddslagen.</span>\r\n\t\t\t</p>\r\n\t\t\t<p class=\"R4\">\r\n\t\t\t\t<span>Brottsdatalagen</span>\r\n\t\t\t</p>\r\n\t\t\t<p>\r\n\t\t\t\t<span>Dataskyddsdirektivet har i huvudsak genomförts genom en ny ramlag, brottsdatalagen (2018:1177), </span><span>som trädde i kraft den 1 augusti 2018. Brottsdata</span><span>­</span><span>lagen</span><span> innehåller bestämmelser bl.a. om rättslig grund och ändamål för behandling av personuppgifter, känsliga personuppgifter, längsta tid som personuppgifter får behandlas, personuppgiftsansvarigas skyldigheter, enskildas rättigheter, administrativa sanktionsavgifter samt skadestånd och överklagande.</span><span> </span><span>Även brottsdatalagen är subsidiär till annan författning.</span>\r\n\t\t\t</p>\r\n\t\t\t<p class=\"R3\" style=\"margin-bottom:0pt\">\r\n\t\t\t\t<span>Propositionen</span>\r\n\t\t\t</p>\r\n\t\t\t<p class=\"R4\" style=\"margin-top:6pt\">\r\n\t\t\t\t<span>Inledning</span>\r\n\t\t\t</p>\r\n\t\t\t<p>\r\n\t\t\t\t<span>I propositionen finns förslag till en ny kustbevakningsdatalag som kompletterar dataskyddsförordningen samt förslag till anpassningar till EU:s dataskyddsreform genom bl.a. ändringar i vapenlagen </span><span>(1996:67)</span><span> </span><span>och lagen om belastningsregister</span><span> </span><span>(1998:620)</span><span>.</span><span> </span><span>Förslagen innebär att m</span><span>erparten av bestäm</span><span>­</span><span>melserna i de behandlade författningarna kvarstår oförändrade och att flera bestämmelser anpassas till dataskyddsförordningen och brottsdatalagen utan att det sakliga innehållet förändras på ett avgörande sätt.</span>\r\n\t\t\t</p>\r\n\t\t\t<p class=\"R4\">\r\n\t\t\t\t<span>Gränsdragningen mellan dataskyddsförordningen och brottsdata</span><span>­</span><span>lagen</span>\r\n\t\t\t</p>\r\n\t\t\t<p>\r\n\t\t\t\t<span>Flera av de registerförfattningar som omfattas av förslagen</span><span> </span><span>reglerar behandling av personuppgifter för syften som ligger i gränsområdet mellan dataskydds</span><span>­</span><span>förordningens och brottsdatalagens tillämpningsområden.</span>\r\n\t\t\t</p>\r\n\t\t\t<p class=\"NormalIndent\">\r\n\t\t\t\t<span>Ett grundläggande krav för att brottsdatalagen ska vara tillämplig är att den som behandlar personuppgifterna är en myndighet som fullgör arbetsuppgifter inom brottsdatalagens tillämpningsområde eller annars anförtrotts myndig</span><span>­</span><span>hetsutövning i samma syften. Utöver kravet på att personuppgiftsbehandlingen görs av en sådan myndighet uppställer brottsdatalagen också krav på att </span><span>behandlingen i det enskilda fallet sker för vissa syften, för att den behandlande myndigheten ska anses vara en behörig myndighet och lagen ska bli tillämplig. Typen av personuppgiftsbehandling, vilken verksamhet den behandlas i eller personuppgiftens karaktär är alltså inte avgörande för vilket regelverk som ska tillämpas. En myndighets behandling av samma personuppgift kan</span><span> </span><span>därför antingen styras av brottsdatalagens eller dataskyddsförordningens regler.</span>\r\n\t\t\t</p>\r\n\t\t\t<p class=\"NormalIndent\">\r\n\t\t\t\t<span>Att syftet i det enskilda fallet är avgörande för om personuppgifts-behandling omfattas av brottsdatalagen eller inte innebär att det är möjligt att en registerförfattning, som tidigare kompletterat personuppgiftslagen, framöver både kommer </span><span>att </span><span>gälla utöver brottsdatalagen och komplettera dataskyddsförordningen.</span>\r\n\t\t\t</p>\r\n\t\t\t<p class=\"R4\">\r\n\t\t\t\t<span>En ny k</span><span>ustbevakningsdatalag</span>\r\n\t\t\t</p>\r\n\t\t\t<p class=\"NormalIndent\" style=\"text-indent:0pt\">\r\n\t\t\t\t<span>Kustbevakningen </span><span>är den myndighet som har de</span><span>t övergripande ansvar</span><span>et</span><span> för myndighetsutövning till sjöss i det svenska territoriet. </span><span>Tidigare har kust</span><span>­</span><span>bevakningsdatalagen (2012:</span><span>1</span><span>45) gällt vid all behandling av personuppgifter i Kustbevakningens operativa verksamhet som rör brottsbekämpning, övrig sjöövervakning, räddningstjänst, samordning av civila behov av sjöövervak</span><span>­</span><span>ning och för</span><span>medling av civil sjöinformation</span><span> samt internationellt samarbete. I pro</span><span>position</span><span> 2017/18:269 bedömde regeringen att Kustbevakningens person</span><span>­</span><span>uppgiftsbehandling, som en följd av dataskyddsreformen, fortsättningsvis bö</span><span>r regleras i två olika register</span><span>författningar. Den del av Kustbevakningens personuppgiftsbehandling som omfattas av brottsdatalagen regleras därför sedan den 1 januari 2019 i stället i lagen (2018:1695) om Kustbevakningens behandling av personuppgifter inom brottsdatalagens område (Kustbevak</span><span>­</span><span>ningens brottsdatalag). Samma datum upphävdes kustbevakningsdatalagen formellt, men ska enligt en övergångsbestämmelse till Kustbevakningens brottsdatalag fortsätta att gälla vid behandling av personuppgifter utanför brottsdatalagens tillämpningsområde.</span><span> </span><span>I det följande benämns den upphävda kustbevakningsdatalagen 2012 års kustbevakningsdatalag; vad som avses är då lagen i dess utformning före den 1 januari 2019.</span>\r\n\t\t\t</p>\r\n\t\t\t<p class=\"NormalIndent\">\r\n\t\t\t\t<span>Till grund för införandet av Kustbevakningens brottsdatalag ligger bedömningen att en ordning med två separata regleringar blir tydligare och enklare att tillämpa för Kustbevakningens del, än en lös</span><span>ning som innebär att dataskydds</span><span>förordningens och dataskyddsdirektivets krav regleras i en och samma lag.</span><span> Regeringen föreslår därför att e</span><span>n ny kustbevakningsdatalag införs. Den nya lagen ska innehålla i huvudsak den regl</span><span>ering som fanns i 2012 års kust</span><span>bevakningsdatalag och som omfattas av dataskyddsförordningens tillämpningsområde.</span><span> </span><span>Förslaget innebär bl.a. följande anpassningar till EU:s dataskyddsreform i förhållande till 2012 års kust</span><span>bevakningsdatalag</span><span>.</span>\r\n\t\t\t</p>\r\n\t\t\t<p class=\"NormalIndent\">\r\n\t\t\t\t<span>Den nya kustbevakningsdatalagen ska gälla vid behandling av person</span><span>­</span><span>uppgifter i Kustbevakningens operativa verksamhet som rör sjöövervakning, räddningstjänst, samordning av civila behov av sjöövervakning och för</span><span>­</span><span>medling av civil sjöinformation samt internationellt samarbete. Från </span><span>tillämpningsområdet undantas sådan personuppgiftsbehandling som omfattas av Kustbevakningens brottsdatalag. Lagen ska även innehålla upplysande bestämmelser som anger att den kompletterar dataskyddsförordningen samt att dataskyddslagen och föreskrifter som har meddelats i anslutning till den lagen gäller vid behandling av personuppgifter enligt kustbevakningsdatalagen, om inte något annat följer av kustbevakningsdatalagen eller föreskrifter som meddelats i anslutning till denna.</span>\r\n\t\t\t</p>\r\n\t\t\t<p class=\"NormalIndent\">\r\n\t\t\t\t<span>Regeringen </span><span>framhåller</span><span> att</span><span> begreppet känsliga personuppgifter i dataskydds</span><span>­</span><span>förordningen </span><span>har </span><span>utvidgats till att avse fler kategorier av personuppgifter än vad som hittills gällt enligt både personuppgiftslagen och 2012 års kustbevak</span><span>­</span><span>n</span><span>ingsdatalag. </span><span>Regl</span><span>eringen av behandlingen av känsliga</span><span> personuppgifter i den nya kust</span><span>bevakningsdatalagen bör </span><span>enligt regeringen</span><span> omfatta även de nya kategorierna av personuppgifter, vilket åstadkoms genom att regleringen i den </span><span>föreslagna</span><span> lagen hänvisar till artikel 9.1 i dataskyddsförordningen.</span><span> </span><span>Känsliga personuppgifter ska få behandlas under</span><span> samma förut</span><span>sättningar som i dag</span><span>,</span><span> och förbudet mot att använda känsliga personuppgifter som sökbegrepp ska behållas. Bestämmelsen om förbud mot att använda känsliga personuppgifter som sökbegrepp ska enligt förslaget anpassas språkligt till regleringen i dataskyddsförordningen och brottsdatalagen. Den nuvarande bestämmelsen om att uppgifter som beskriver en persons utseende ska utformas på ett objektivt sätt ska föras in i den nya lagen, men placeras i en ege</span><span>n paragraf eftersom signalementsuppgifter i de flesta fall inte är känsliga personuppgifter.</span>\r\n\t\t\t</p>\r\n\t\t\t<p class=\"NormalIndent\">\r\n\t\t\t\t<span>I enlighet</span><span> med vad som gäller enligt Kustbevakningens brottsdatalag ska det</span><span> även i kustbevakningsdatalagen föreskrivas att personuppgifter får lämnas ut elektroniskt på annat sätt än genom direktåtkomst om det inte är olämpligt</span><span>. </span><span>I övrigt ska regleringen av utlämna</span><span>n</span><span>de av personuppgifter och direktåtkomst i den nya kustbevakningsdatalagen </span><span>i huvudsak </span><span>motsvara bestämmelserna om detta i</span><span> 2012 års kustbevakningsdatalag</span><span>.</span>\r\n\t\t\t</p>\r\n\t\t\t<p class=\"NormalIndent\">\r\n\t\t\t\t<span>När det gäller information till den registrerade föreslår regeringen att </span><span>Kustbevakningen inte ska vara skyldig att lämna </span><span>sådan </span><span>i</span><span>nformation enligt artikel 13 i dataskydds</span><span>förordningen när insamling av personuppgift</span><span>er görs genom bilder eller ljud</span><span> </span><span>(</span><span>t.ex</span><span>.</span><span> vid spaning med kustbevakningsflyg</span><span>)</span><span>, </span><span>såvida behandlingen i övrigt inte innebär en direkt identifiering av en person. Sådan information ska inte heller behöva lämnas när det i larmsituationer inte finns tid för det.</span>\r\n\t\t\t</p>\r\n\t\t\t<p class=\"NormalIndent\">\r\n\t\t\t\t<span>Bestämmelser om gallring, bevarande och digital arkivering som rör personuppgiftsbehandling på dataskyddsförordningens område överförs från 2012 års kustbevakningsdatalag</span><span> till den nya </span><span>lagen. Formuleringen om bevarande för historiska, statistiska eller vetenskapliga ändamål ändras, i enlighet med dataskyddsförordningens terminologi, till att avse arkivändamål av allmänt intresse, vetenskapliga eller historiska forskningsändamål eller statistiska ändamål.</span>\r\n\t\t\t</p>\r\n\t\t\t<p class=\"R4\">\r\n\t\t\t\t<span>Lagen om belastningsregister</span>\r\n\t\t\t</p>\r\n\t\t\t<p>\r\n\t\t\t\t<span>I lagen </span><span>(1998:620) </span><span>om belastningsregister föreskrivs en skyldighet för Polismyndigheten att med hjälp av automatiserad behandling föra ett belas</span><span>tnings</span><span>register som myndigheten är personuppgiftsansvarig för</span><span>. </span><span>Registret innehåller framför</span><span> </span><span>allt uppgifter om begångna </span><span>brott och påföljderna för dessa</span><span>,</span><span> men även uppgifter om bl.a. kontaktförbud och tillträdesförbud.</span><span> </span>\r\n\t\t\t</p>\r\n\t\t\t<p class=\"NormalIndent\">\r\n\t\t\t\t<span>I lagens inledning finns bestämmelser om b</span><span>elastningsregistrets ändamål (2</span><span> </span><span>§) och om förhållandet till personuppgiftslagen (1 a §). Lagen innehåller till största delen bestämmelser om belastningsregistrets innehåll (3–5 §§), utläm</span><span>­</span><span>nande av uppgifter ur registret (6–15 §§) och gallring (16–18 §§). När det gäller rättigheter för den registrerade innehåller lagen dels bestämmelser om rätt till utdrag från registret till den registrerade själv, dels en hänvisning till personuppgiftslagens bestämmelser om rättelse och skadestånd (9 § respektive 20 §).</span>\r\n\t\t\t</p>\r\n\t\t\t<p class=\"NormalIndent\">\r\n\t\t\t\t<span>Regeringen gör i propositionen bedömningen att f</span><span>örandet av belastnings</span><span>­</span><span>registret oc</span><span>h be</span><span>handling av personuppgifter för utlämnande</span><span>n</span><span> ur regis</span><span>tret i brotts</span><span>bekämpande syfte omfattas av brottsdatalagen.</span><span> </span><span>När det gäller annan behandling av personuppgifter i registret, exempelvis för att lämna uppgifter ur belastningsregistret som underlag för olika slag av lämplighets- och tillståndsprövningar, </span><span>ska </span><span>dataskyddsförordningen</span><span> </span><span>tillämpas.</span>\r\n\t\t\t</p>\r\n\t\t\t<p class=\"NormalIndent\">\r\n\t\t\t\t<span>Bestämmelserna om skyldighet att föra belastningsregistret, om person</span><span>­</span><span>uppgiftsansvar och om registrets innehåll bör enligt regeringen inte ändras som en följd av dataskyddsreformen. Ändamålen med belastningsregistret ska emellertid anpassas til</span><span>l brottsdatalagens terminologi.</span>\r\n\t\t\t</p>\r\n\t\t\t<p class=\"NormalIndent\">\r\n\t\t\t\t<span>När det gäller f</span><span>örhållandet till andra bestämmelser om personuppgifts</span><span>­</span><span>behandling</span><span> föreslår regeringen att hänvisning</span><span>en</span><span> till personuppgiftslagen ersätts med en upplysning om att lagen om belastningsregister gäller utöver brottsdatalagen. Vidare införs en bestämmelse som innebär att sökförbudet i brottsdatalagen inte hindrar att uppgifter om brottsrubriceringar och om verkställighet av påföljd används vid sökning i belastningsregistret. En ny bestämmelse införs också som anger att lagen om belastningsregister kompletterar dataskyddsförordningen när det gäller behandling av person</span><span>­</span><span>uppgifter som inte omfattas av brottsdatalagen, samt att dataskyddslagen och föreskrifter som har meddelats i anslutning till den lagen också gäller för sådan behandling, om inte något annat följer av lagen om belastningsregister eller föreskrifter som har meddelats i anslutning till den lagen.</span>\r\n\t\t\t</p>\r\n\t\t\t<p class=\"NormalIndent\">\r\n\t\t\t\t<span>Regeringen föreslår </span><span>vidare </span><span>att det av bestämmelsen om enskildas rätt till utdrag ur belastningsregistret ska framgå att den enskildes rätt till utdrag även omfattar viss övrig information som anges i brottsdatalagen, t.ex. </span><span>information</span><span> om varifrån uppgifterna kommer och</span><span> den rättsliga grunden för behandlingen</span><span>. Kravet på ett egenhändigt undertecknande av en begäran om utdrag ur belastningsregistret ersätts med att Polismyndigheten ska säkerställa att begäran görs av en behörig person.</span>\r\n\t\t\t</p>\r\n\t\t\t<p class=\"NormalIndent\">\r\n\t\t\t\t<span>R</span><span>egeringen </span><span>föreslår även </span><span>att det a</span><span>v lage</span><span>n om belastningsregister ska</span><span> framgå att brottsdatalagens bestämmelse om skadestånd ska tillämpas om behandling </span><span>av personuppgifter som omfattas av brottsdatalagen skett i strid med lagen om belastningsregister eller föreskrifter som har meddelats i anslutning till den. </span><span>I övrigt regleras inte frågor om rättelse och skadestånd i lagen om belastnings</span><span>­</span><span>register eftersom sådana bestämmelser finns i dataskyddsförordningen och brottsdatalagen.</span>\r\n\t\t\t</p>\r\n\t\t\t<p class=\"NormalIndent\">\r\n\t\t\t\t<span>Slutligen införs en bestämmelse om att en sanktionsavgift får tas ut av den personuppgiftsansvarige vid överträdelse av bestämmelserna om gallring av personuppgifter, om överträdelsen skett vid personuppgiftsbehandling som omfattas av brottsdatalagens tillämpningsområde. Sanktionsavgiften ska vara högst 10 000 000 kronor.</span>\r\n\t\t\t</p>\r\n\t\t\t<p class=\"R4\">\r\n\t\t\t\t<span>Lagen om misstankeregister</span>\r\n\t\t\t</p>\r\n\t\t\t<p>\r\n\t\t\t\t<span>I lagen </span><span>(1998:621)</span><span> </span><span>om misstankeregister föreskrivs en sky</span><span>ldighet för Polis</span><span>­</span><span>myndig</span><span>heten att med hjälp av automatiserad behandling föra ett register med</span><span> </span><span>uppgifter om dem som är skäligen misstänkta för brott</span><span>. </span><span>Polismyndigheten är personuppgiftsansvarig för behandlingen av personuppgifter i registret.</span><span> </span>\r\n\t\t\t</p>\r\n\t\t\t<p class=\"NormalIndent\">\r\n\t\t\t\t<span>Regeringen gör i propositionen bedömningen att förandet av misstanke</span><span>­</span><span>registret och behandling av personuppgifter för utlämnanden ur registret i brottsbekämpande syfte omfattas av brottsdatalagen.</span><span> </span><span>När det gäller annan behandling av personuppgifter i registret, exempelvis för att lämna uppgifter om misstankar som underlag för olika slag av lämplighets- och tillstånds</span><span>­</span><span>prövningar, </span><span>ska </span><span>dataskyddsförordningen</span><span> tillämpas</span><span>.</span>\r\n\t\t\t</p>\r\n\t\t\t<p class=\"NormalIndent\">\r\n\t\t\t\t<span>När det gäller behovet av </span><span>anpassningar till EU:s dataskyddsreform </span><span>gör </span><span>regeringen i huvudsak samma bedömningar som </span><span>för</span><span> </span><span>lagen om belastnings</span><span>­</span><span>register</span><span>.</span>\r\n\t\t\t</p>\r\n\t\t\t<p class=\"R4\">\r\n\t\t\t\t<span>Vapenlagen</span>\r\n\t\t\t</p>\r\n\t\t\t<p>\r\n\t\t\t\t<span>Vapenlagen </span><span>(1996:67) </span><span>gäller skjutvapen och ammunition samt vissa därmed jämställda föremål. I lagen</span><span> </span><span>regleras en mängd </span><span>olika </span><span>frågor </span><span>som </span><span>rö</span><span>r</span><span> vapen, bl.a. frågor om tillstånd att inneha</span><span> </span><span>vapen och om hanteringen av vapen.</span>\r\n\t\t\t</p>\r\n\t\t\t<p class=\"NormalIndent\">\r\n\t\t\t\t<span>Enligt</span><span> 1 a kap. 7 §</span><span> vapen</span><span>lagen </span><span>ska</span><span> Polismyndigheten</span><span> med hjälp av automatiserad behandling föra fyra separata register:</span><span> vapen</span><span>innehavarregistret, v</span><span>apenregistret</span><span>, </span><span>vapenhandlarregistret</span><span> och registret över auktoriserade sam</span><span>­</span><span>manslutningar för jakt- eller målskytte.</span><span> Även resterande bestämmelser i</span><span> kapitlet</span><span> innehåller regler om personuppgiftsbehandling, både sådan som sker i vapenregistren och sådan som sker i vapenärenden.</span>\r\n\t\t\t</p>\r\n\t\t\t<p class=\"NormalIndent\">\r\n\t\t\t\t<span>Regeringen gör i propositionen bedömningen att</span><span> behandling av person</span><span>­</span><span>uppgifter i vapenärenden samt förandet av vapenregistren och behandling av personuppgifter för utlämnande ur registren i annat än brottsbekämpande syfte omfattas av dataskyddsförordningen. Behandling av personuppgifter för utlämnande ur registren i brottsbekämpande syfte omfattas av brottsdatalagen.</span>\r\n\t\t\t</p>\r\n\t\t\t<p class=\"NormalIndent\">\r\n\t\t\t\t<span>Regeringen föreslår att bestämmelsen </span><span>i vapenlagen om skyldighet att utse person</span><span>uppgiftsombud upphävs. </span><span>I dataskyddsförordningen finns i stället bestämmelser om dataskyddsombud som är direkt tillämpliga.</span>\r\n\t\t\t</p>\r\n\t\t\t<p class=\"NormalIndent\">\r\n\t\t\t\t<span>En ny bestämmelse införs som upplyser om att bestämmelserna om personuppgiftsbehandling i vapenlagen kompletterar dataskyddsförordningen samt att dataskyddslagen och föreskrifter som har meddelats i anslutning till den lagen också gäller för behandling som omfattas av dataskyddsförord</span><span>­</span><span>ningen, om inte något annat följer av bestämmelserna om personuppgifts</span><span>­</span><span>behandling i vapenlagen eller av föreskrifter som har meddelats i anslutning till bestämmelserna. Vidare införs en ny bestämmelse som klargör att vapenlagens bestämmelser om personuppgiftsbehandling gäller utöver brotts</span><span>­</span><span>datalagen vid behandling av personuppgifter som omfattas av den lagen.</span>\r\n\t\t\t</p>\r\n\t\t\t<p class=\"NormalIndent\">\r\n\t\t\t\t<span>Som framgått ovan</span><span> har begreppet känsliga personuppgift</span><span>er i dataskydds</span><span>­</span><span>förordningen </span><span>utvidgats till att omfatta ytterligare kategorier av uppgifter. Detsamma gäller enligt dataskyddslagen </span><span>och brottsdatalagen. Enligt regeringen bör v</span><span>apenlagens bestämmelser om behandling av känsliga pers</span><span>on</span><span>­</span><span>uppgifter </span><span>anpassas till att omfatta även dessa kategorier av personuppgifter genom att regl</span><span>eringen i </span><span>lagen hänvisar till artikel 9.1 i dataskyddsförordningen och 2 kap. 11–13 §§ brottsdatalagen.</span><span> </span><span>Av nämnda bestämmelser framgår även </span><span>att känsliga personuppgifter som utgångspunkt inte får beha</span><span>ndlas. </span><span>Regeringen anser därför att det </span><span>inte längre behövs någon uttrycklig be</span><span>stämmelse om det i vapenlagen. </span><span>Vidare ska b</span><span>estämmelsen </span><span>i vapenlagen </span><span>om förbud mot att använda känsliga</span><span> personuppgifter som sökbegrepp </span><span>anpassas språkligt till regleringen i dataskyddsförordningen och brottsdatalagen.</span>\r\n\t\t\t</p>\r\n\t\t\t<p class=\"NormalIndent\">\r\n\t\t\t\t<span>Regeringen föreslår även att det, liksom i lagen om belastningsregister, </span><span>införs</span><span> </span><span>en hänvisning till brottsdatalagens bestämmelse om skadestånd.</span><span> </span><span>I övrigt </span><span>ska</span><span> fråg</span><span>or om rättelse och skadestånd </span><span>vid personuppgiftsbehandling</span><span> </span><span>inte regleras </span><span>i vapenlagen.</span>\r\n\t\t\t</p>\r\n\t\t\t<p class=\"NormalIndent\">\r\n\t\t\t\t<span>Slutligen upphävs </span><span>en </span><span>b</span><span>estämmelse</span><span> om bevarande av person</span><span>uppgifter i vapenregistren</span><span> </span><span>eftersom den </span><span>har samma innehåll som artikel 5.1 e i datasky</span><span>ddsförordningen</span><span>.</span>\r\n\t\t\t</p>\r\n\t\t\t<p class=\"R4\">\r\n\t\t\t\t<span>Lagen om Schengens informations</span><span>system</span>\r\n\t\t\t</p>\r\n\t\t\t<p class=\"NormalIndent\" style=\"text-indent:0pt\">\r\n\t\t\t\t<span>Schengens</span><span> informations</span><span>system</span><span> (</span><span>SIS</span><span>)</span><span> är ett datasystem som fungerar som ett efterlysningshjälpmedel och, i viss mån, även som ett spaningshjälpmedel. I SIS kan varje Schengenstat föra in uppgifter om personer och om fordon eller andra föremål som är efterlysta eller eftersökta och samtidigt begära att en viss åtgärd ska vidtas om personen eller föremålet påträffas vid en gränskontroll eller i en annan Schengenstat.</span><span> </span><span>Det kan exempelvis vara fråga om att begära att en person som misstänks för brott ska gripas och omhände</span><span>rtas eller</span><span> att uppgifter ska lämnas om var en försvunnen person befinner sig</span><span>.</span>\r\n\t\t\t</p>\r\n\t\t\t<p class=\"NormalIndent\">\r\n\t\t\t\t<span>Tekniskt består SIS </span><span>av dels </span><span>en nationell enhet (SIS-registret), som är ett nationellt register för varje Schengenstat, dels en central teknisk stödfunktion. Med hjälp av den tekniska stödfunktionen innehåller varje Schengenstats nationella register uppgifter som är identiska med uppgifterna i de andra staternas nationella register.</span>\r\n\t\t\t</p>\r\n\t\t\t<p class=\"NormalIndent\">\r\n\t\t\t\t<span> I lagen (2000:344) om Schengens informationssystem</span><span> </span><span>föreskrivs en s</span><span>kyldighet för Polismyndigheten</span><span> att med hjälp av automatiserad behandling föra ett register som ska vara den svenska nationella en</span><span>heten i SIS</span><span> </span><span>(dvs. SIS-registret) </span><span>samt att behandla viss tilläggsinformation (1 §).</span><span> </span><span>Polismyndigheten är personuppgiftsansvarig för den behandling av personuppgifter som myndigheten utför enligt lagen</span><span>.</span><span> </span><span>I lagens inledning finns bestämmelse</span><span>r om ändamålen med registret (2</span><span> </span><span>§) och därefter om vilka uppgifter som får registreras och andra förutsättningar för att registrering ska få ske (3–7 §§). Lagen innehåller</span><span> </span><span>också bestämmelser om vilka myndigheter som kan få ut uppgifter ur registret, hur uppgifterna får användas och vad som gäller för gallring av uppgifterna (9–11 §§). </span><span>Det finns även</span><span> bestämmelser om rättelse, skadestånd och överklagande (15–17 §§).</span>\r\n\t\t\t</p>\r\n\t\t\t<p class=\"NormalIndent\">\r\n\t\t\t\t<span>Regeringen gör i propositionen bedömningen </span><span>att b</span><span>ehandlingen av person</span><span>­</span><span>uppgifter i SIS-registret, såväl för förandet av registret som för utlämnande, omfattas antingen av brottsdatalagen eller av dataskyddsförordningen. Vilket regelverk som blir tillämpligt måste avgöras från fall till fall, beroende på syftet med registreringen.</span>\r\n\t\t\t</p>\r\n\t\t\t<p class=\"NormalIndent\">\r\n\t\t\t\t<span>Regeringen föreslår att en ny bestämmelse införs som anger att lagen om </span><span>Schengens informationssystem </span><span>gäller utöver brottsdatalagen. En ny bestäm</span><span>­</span><span>melse införs också som anger att lagen kompletterar dataskyddsförordningen vid behandling av personuppgifter som inte omfattas av brottsdatalagen, samt att dataskyddslagen och föreskrifter som meddelats i anslutning till den lagen också gäller för sådan behandling, om inte annat följer av lagen om </span><span>Schengens informationssystem </span><span>eller föreskrifter som har meddelats i anslutning till den lagen.</span>\r\n\t\t\t</p>\r\n\t\t\t<p class=\"NormalIndent\">\r\n\t\t\t\t<span>Regeringen föreslår även att det, liksom i lagen om belastningsregister, </span><span>införs</span><span> </span><span>en hänvisning till brottsdatalagens bestämmelse om skadestånd.</span><span> </span><span>Frågor om skadestånd vid behandling av personuppgi</span><span>fter som omfattas av data</span><span>­</span><span>skydds</span><span>förordningen ska inte regleras i lagen om</span><span> Schengens informations</span><span>­</span><span>system</span><span>. En bestämmelse om </span><span>Polismyndighetens skyldighet att rätta, blockera eller utplåna personuppgifter</span><span> upphävs också eftersom sådana bestämmelser finns i dataskyddsförordningen och brottsdatalagen.</span><span> Även en bestämmelse om </span><span>överklaga</span><span>nde av</span><span> Polismyndighetens beslut</span><span> upphävs.</span>\r\n\t\t\t</p>\r\n\t\t\t<p class=\"NormalIndent\">\r\n\t\t\t\t<span>Slutligen införs</span><span> </span><span>en bestämmelse om </span><span>a</span><span>dministrativa sanktionsavgifter vid personuppgiftsbehandling som omfattas av brottsdatalagen</span><span>.</span>\r\n\t\t\t</p>\r\n\t\t\t<p class=\"R4\" style=\"margin-bottom:0pt\">\r\n\t\t\t\t<span>Personuppgift</span><span>sbehandling vid uppbörd</span><span> av böter</span>\r\n\t\t\t</p>\r\n\t\t\t<p>\r\n\t\t\t\t<span>Böter, som är en påföljd för brott, kan utgå i form av dagsböter, penningböter eller normerade böter och tillfaller staten.</span><span> </span><span>Ett bötesstraff bestäms antingen genom att </span><span>en </span><span>domstol dömer ut det eller genom att den enskilde godtar de</span><span>t påföljdsförslag som en brotts</span><span>bekämpande myndighet har angett i ett strafföre</span><span>­</span><span>läggande eller ett föreläggande av ordningsbot.</span>\r\n\t\t\t</p>\r\n\t\t\t<p class=\"NormalIndent\">\r\n\t\t\t\t<span>Bestämmelser om</span><span> verkställighet av bötesstra</span><span>ff finns i bötesverkställighets</span><span>­</span><span>lagen (1979:189)</span><span> </span><span>och bötesverkställighetsförordningen (1979:197)</span><span>.</span><span> </span><span>Bötes</span><span>­</span><span>straff verkställs i första hand genom uppbörd. Uppbörd innebär att den bötfällde får möjlighet att frivilligt betala böterna till en behörig myndighet. Polismyndigheten är </span><span>central </span><span>uppbördsmyndighet. Genom betalningen är straffet verkställt.</span>\r\n\t\t\t</p>\r\n\t\t\t<p class=\"NormalIndent\">\r\n\t\t\t\t<span>Förskottsbetalning av böter </span><span>kan enligt</span><span> bötesverkställighe</span><span>ts</span><span>förordningen </span><span>göras </span><span>till Polismyndigheten</span><span> eller, i vissa fall,</span><span> till </span><span>Tullverket</span><span>. Om</span><span> böter </span><span>har betalats i förskott till </span><span>Tullverket</span><span> kan myndigheten </span><span>ta </span><span>medlen</span><span> i anspråk för betalning av böterna</span><span>.</span><span> </span><span>Det innebär att ä</span><span>ven Tullverket bedriver viss uppbörds</span><span>­</span><span>verksamhet</span><span>.</span>\r\n\t\t\t</p>\r\n\t\t\t<p class=\"NormalIndent\">\r\n\t\t\t\t<span>Regeringen gör i propositionen bedömningen</span><span> att b</span><span>ehandling av person</span><span>­</span><span>uppgifter vid uppbörd av böter omfattas av brottsdatalagen</span><span> och </span><span>föreslår att lagen (2018:1693) o</span><span>m polisens behandling av person</span><span>uppgifter inom brotts</span><span>­</span><span>datalagens område (polisens brottsdatalag) ska gälla när Polismyndigheten </span><span>behandlar personupp</span><span>gifter i syfte att verkställa uppbörd. </span><span>Vidare ska </span><span>lagen (2018:1694) om Tullverkets behandling av personuppgifter inom brottsdata</span><span>­</span><span>lagens område (Tullverkets brottsdatalag) gälla</span><span> n</span><span>är Tullverket behandlar personuppgifter i samma syfte</span><span>.</span><span> </span><span>De båda lagarna gäller när Polismyndigheten respektive Tullverket, i egenskap av behörig myndighet, behandlar person</span><span>­</span><span>uppgifter i syfte att förebygga, förhindra eller upptäcka brottslig verksamhet eller utreda eller lagföra brott eller, vad gäller Polismyndigheten, upprätthålla allmän ordning och säkerhet.</span><span> Att tillämpnings</span><span>området utökas till att omfatta även</span><span> </span><span>personuppgiftsbehandling i </span><span>syfte att verkställa</span><span> uppbörd </span><span>ligger enligt regeringen </span><span>i linje med utgångspunkten att en myndighets registerförfattning ska reglera all myndighetens personuppgiftsbehandling inom brottsdatalagens tillämpningsområde</span><span> (</span><span>se </span><span>prop. 2017/18:269 s. 100)</span><span>.</span>\r\n\t\t\t</p>\r\n\t\t\t<p class=\"NormalIndent\">\r\n\t\t\t\t<span>Förslaget innebär även vissa ändringar i</span><span> </span><span>offentlighets- och sekretesslagen (2009:400)</span><span>.</span>\r\n\t\t\t</p>\r\n\t\t\t<p class=\"R4\">\r\n\t\t\t\t<span>Ikraftträdande</span>\r\n\t\t\t</p>\r\n\t\t\t<p>\r\n\t\t\t\t<span>Den nya </span><span>kustbevakningsdata</span><span>lagen och </span><span>övriga författningsförslag</span><span> föreslås träda i kraft den 30 juni 2019.</span>\r\n\t\t\t</p>\r\n\t\t\t<p class=\"R3\">\r\n\t\t\t\t<span>Utskottets ställningstagande</span>\r\n\t\t\t</p>\r\n\t\t\t<p>\r\n\t\t\t\t<span>Propositionen har inte lett till några motionsyrkanden eller andra invändningar under utskottsbehandlingen. Utskottet anser att regeringens lagförslag är ändamålsenligt utformade och att de bör antas. Utskottet föreslår även några mindre redaktionella ändringar i den föreslagna lagtexten.</span>\r\n\t\t\t</p>\r\n\t\t\t<p class=\"Bilaga\">\r\n\t\t\t\t<span class=\"tBilagaJA\">Bilaga 1</span>\r\n\t\t\t</p>\r\n\t\t\t<p class=\"Bilagerubrik\">\r\n\t\t\t\t<a name=\"_Toc8897209\"><span class=\"tSidrubrikJA\">Förteckning över behandlade förslag</span></a>\r\n\t\t\t</p>\r\n\t\t\t<p class=\"Rubrik2bilaga\" style=\"-aw-sdt-tag:'dokumentavsnitt/förteckning över behandlade förslag/-1464054523/1553263533623'; -aw-sdt-title:'förteckning över behandlade förslag'\">\r\n\t\t\t\t<a name=\"_Toc8897210\"><span>Propositionen</span></a><span> </span>\r\n\t\t\t</p>\r\n\t\t\t<h4 style=\"-aw-sdt-tag:'dokumentavsnitt/förteckning över behandlade förslag/-1464054523/1553263533623'; -aw-sdt-title:'förteckning över behandlade förslag'\">\r\n\t\t\t\t<span>Proposition 2018/19:65 Personuppgiftsbehandling i viss verksamhet som rör allmän ordning och säkerhet – anpassningar till EU:s dataskyddsreform:</span>\r\n\t\t\t</h4>\r\n\t\t\t<p class=\"Yrkandelista\" style=\"margin-bottom:0pt; -aw-sdt-tag:'dokumentavsnitt/förteckning över behandlade förslag/-1464054523/1553263533623'; -aw-sdt-title:'förteckning över behandlade förslag'\">\r\n\t\t\t\t<span>1.</span><span style=\"width:21.22pt; text-indent:0pt; display:inline-block\"></span><span>Riksdagen antar regeringens förslag till kustbevakningsdatalag.</span>\r\n\t\t\t</p>\r\n\t\t\t<p class=\"Yrkandelista\" style=\"margin-top:0pt; margin-bottom:0pt; -aw-sdt-tag:'dokumentavsnitt/förteckning över behandlade förslag/-1464054523/1553263533623'; -aw-sdt-title:'förteckning över behandlade förslag'\">\r\n\t\t\t\t<span>2.</span><span style=\"width:21.22pt; text-indent:0pt; display:inline-block\"></span><span>Riksdagen antar regeringens förslag till lag om ändring i vapenlagen (1996:67).</span>\r\n\t\t\t</p>\r\n\t\t\t<p class=\"Yrkandelista\" style=\"margin-top:0pt; margin-bottom:0pt; -aw-sdt-tag:'dokumentavsnitt/förteckning över behandlade förslag/-1464054523/1553263533623'; -aw-sdt-title:'förteckning över behandlade förslag'\">\r\n\t\t\t\t<span>3.</span><span style=\"width:21.22pt; text-indent:0pt; display:inline-block\"></span><span>Riksdagen antar regeringens förslag till lag om ändring i lagen (1998:620) om belastningsregister.</span>\r\n\t\t\t</p>\r\n\t\t\t<p class=\"Yrkandelista\" style=\"margin-top:0pt; margin-bottom:0pt; -aw-sdt-tag:'dokumentavsnitt/förteckning över behandlade förslag/-1464054523/1553263533623'; -aw-sdt-title:'förteckning över behandlade förslag'\">\r\n\t\t\t\t<span>4.</span><span style=\"width:21.22pt; text-indent:0pt; display:inline-block\"></span><span>Riksdagen antar regeringens förslag till lag om ändring i lagen (1998:621) om misstankeregister.</span>\r\n\t\t\t</p>\r\n\t\t\t<p class=\"Yrkandelista\" style=\"margin-top:0pt; margin-bottom:0pt; -aw-sdt-tag:'dokumentavsnitt/förteckning över behandlade förslag/-1464054523/1553263533623'; -aw-sdt-title:'förteckning över behandlade förslag'\">\r\n\t\t\t\t<span>5.</span><span style=\"width:21.22pt; text-indent:0pt; display:inline-block\"></span><span>Riksdagen antar regeringens förslag till lag om ändring i lagen (2000:344) om Schengens informationssystem.</span>\r\n\t\t\t</p>\r\n\t\t\t<p class=\"Yrkandelista\" style=\"margin-top:0pt; margin-bottom:0pt; -aw-sdt-tag:'dokumentavsnitt/förteckning över behandlade förslag/-1464054523/1553263533623'; -aw-sdt-title:'förteckning över behandlade förslag'\">\r\n\t\t\t\t<span>6.</span><span style=\"width:21.22pt; text-indent:0pt; display:inline-block\"></span><span>Riksdagen antar regeringens förslag till lag om ändring i offentlighets- och sekretesslagen (2009:400).</span>\r\n\t\t\t</p>\r\n\t\t\t<p class=\"Yrkandelista\" style=\"margin-top:0pt; margin-bottom:0pt; -aw-sdt-tag:'dokumentavsnitt/förteckning över behandlade förslag/-1464054523/1553263533623'; -aw-sdt-title:'förteckning över behandlade förslag'\">\r\n\t\t\t\t<span>7.</span><span style=\"width:21.22pt; text-indent:0pt; display:inline-block\"></span><span>Riksdagen antar regeringens förslag till lag om ändring i lagen (2018:1693) om polisens behandling av personuppgifter inom brottsdatalagens område.</span>\r\n\t\t\t</p>\r\n\t\t\t<p class=\"Yrkandelista\" style=\"margin-top:0pt; margin-bottom:0pt; -aw-sdt-tag:'dokumentavsnitt/förteckning över behandlade förslag/-1464054523/1553263533623'; -aw-sdt-title:'förteckning över behandlade förslag'\">\r\n\t\t\t\t<span>8.</span><span style=\"width:21.22pt; text-indent:0pt; display:inline-block\"></span><span>Riksdagen antar regeringens förslag till lag om ändring i lagen (2018:1694) om Tullverkets behandling av personuppgifter inom brottsdatalagens område.</span>\r\n\t\t\t</p>\r\n\t\t\t<p class=\"Yrkandelista\" style=\"margin-top:0pt; -aw-sdt-tag:'dokumentavsnitt/förteckning över behandlade förslag/-1464054523/1553263533623'; -aw-sdt-title:'förteckning över behandlade förslag'\">\r\n\t\t\t\t<span>9.</span><span style=\"width:21.22pt; text-indent:0pt; display:inline-block\"></span><span>Riksdagen antar regeringens förslag till lag om ändring i lagen (2018:1695) om Kustbevakningens behandling av personuppgifter inom brottsdatalagens område.</span>\r\n\t\t\t</p>\r\n\t\t\t<p class=\"Mellanrum\">\r\n\t\t\t\t<span> </span>\r\n\t\t\t</p>\r\n\t\t\t<p class=\"Mellanrum\" style=\"-aw-sdt-tag:'dokumentavsnitt/förteckning över behandlade förslag/-1464054523/1553263533623'; -aw-sdt-title:'förteckning över behandlade förslag'\">\r\n\t\t\t\t<span> </span>\r\n\t\t\t</p>\r\n\t\t\t<p>\r\n\t\t\t\t<span> </span>\r\n\t\t\t</p>\r\n\t\t\t<p class=\"Bilaga\">\r\n\t\t\t\t<span class=\"tBilagaJA\">Bilaga 2</span>\r\n\t\t\t</p>\r\n\t\t\t<p class=\"Bilagerubrik\">\r\n\t\t\t\t<a name=\"_Toc8897211\"><span class=\"tSidrubrikJA\">Regeringens lagförslag</span></a>\r\n\t\t\t</p>\r\n\t\t\t<p>\r\n\t\t\t\t<img src=\"http://data.riksdagen.se/fil/h601juu26/Dokument.001.png\" width=\"394\" height=\"643\" alt=\"\" style=\"-aw-left-pos:0pt; -aw-rel-hpos:column; -aw-rel-vpos:paragraph; -aw-top-pos:0pt; -aw-wrap-type:inline\" />\r\n\t\t\t</p>\r\n\t\t\t<p>\r\n\t\t\t\t<img src=\"http://data.riksdagen.se/fil/h601juu26/Dokument.002.png\" width=\"388\" height=\"756\" alt=\"\" style=\"-aw-left-pos:0pt; -aw-rel-hpos:column; -aw-rel-vpos:paragraph; -aw-top-pos:0pt; -aw-wrap-type:inline\" />\r\n\t\t\t</p>\r\n\t\t\t<p>\r\n\t\t\t\t<img src=\"http://data.riksdagen.se/fil/h601juu26/Dokument.003.png\" width=\"385\" height=\"756\" alt=\"\" style=\"-aw-left-pos:0pt; -aw-rel-hpos:column; -aw-rel-vpos:paragraph; -aw-top-pos:0pt; -aw-wrap-type:inline\" />\r\n\t\t\t</p>\r\n\t\t\t<p>\r\n\t\t\t\t<img src=\"http://data.riksdagen.se/fil/h601juu26/Dokument.004.png\" width=\"388\" height=\"756\" alt=\"\" style=\"-aw-left-pos:0pt; -aw-rel-hpos:column; -aw-rel-vpos:paragraph; -aw-top-pos:0pt; -aw-wrap-type:inline\" />\r\n\t\t\t</p>\r\n\t\t\t<p>\r\n\t\t\t\t<img src=\"http://data.riksdagen.se/fil/h601juu26/Dokument.005.png\" width=\"385\" height=\"756\" alt=\"\" style=\"-aw-left-pos:0pt; -aw-rel-hpos:column; -aw-rel-vpos:paragraph; -aw-top-pos:0pt; -aw-wrap-type:inline\" />\r\n\t\t\t</p>\r\n\t\t\t<p>\r\n\t\t\t\t<img src=\"http://data.riksdagen.se/fil/h601juu26/Dokument.006.png\" width=\"388\" height=\"756\" alt=\"\" style=\"-aw-left-pos:0pt; -aw-rel-hpos:column; -aw-rel-vpos:paragraph; -aw-top-pos:0pt; -aw-wrap-type:inline\" />\r\n\t\t\t</p>\r\n\t\t\t<p>\r\n\t\t\t\t<img src=\"http://data.riksdagen.se/fil/h601juu26/Dokument.007.png\" width=\"385\" height=\"756\" alt=\"\" style=\"-aw-left-pos:0pt; -aw-rel-hpos:column; -aw-rel-vpos:paragraph; -aw-top-pos:0pt; -aw-wrap-type:inline\" />\r\n\t\t\t</p>\r\n\t\t\t<p>\r\n\t\t\t\t<img src=\"http://data.riksdagen.se/fil/h601juu26/Dokument.008.png\" width=\"388\" height=\"756\" alt=\"\" style=\"-aw-left-pos:0pt; -aw-rel-hpos:column; -aw-rel-vpos:paragraph; -aw-top-pos:0pt; -aw-wrap-type:inline\" />\r\n\t\t\t</p>\r\n\t\t\t<p>\r\n\t\t\t\t<img src=\"http://data.riksdagen.se/fil/h601juu26/Dokument.009.png\" width=\"385\" height=\"756\" alt=\"\" style=\"-aw-left-pos:0pt; -aw-rel-hpos:column; -aw-rel-vpos:paragraph; -aw-top-pos:0pt; -aw-wrap-type:inline\" />\r\n\t\t\t</p>\r\n\t\t\t<p>\r\n\t\t\t\t<img src=\"http://data.riksdagen.se/fil/h601juu26/Dokument.010.png\" width=\"388\" height=\"756\" alt=\"\" style=\"-aw-left-pos:0pt; -aw-rel-hpos:column; -aw-rel-vpos:paragraph; -aw-top-pos:0pt; -aw-wrap-type:inline\" />\r\n\t\t\t</p>\r\n\t\t\t<p>\r\n\t\t\t\t<img src=\"http://data.riksdagen.se/fil/h601juu26/Dokument.011.png\" width=\"385\" height=\"756\" alt=\"\" style=\"-aw-left-pos:0pt; -aw-rel-hpos:column; -aw-rel-vpos:paragraph; -aw-top-pos:0pt; -aw-wrap-type:inline\" />\r\n\t\t\t</p>\r\n\t\t\t<p>\r\n\t\t\t\t<img src=\"http://data.riksdagen.se/fil/h601juu26/Dokument.012.png\" width=\"388\" height=\"756\" alt=\"\" style=\"-aw-left-pos:0pt; -aw-rel-hpos:column; -aw-rel-vpos:paragraph; -aw-top-pos:0pt; -aw-wrap-type:inline\" />\r\n\t\t\t</p>\r\n\t\t\t<p>\r\n\t\t\t\t<img src=\"http://data.riksdagen.se/fil/h601juu26/Dokument.013.png\" width=\"385\" height=\"756\" alt=\"\" style=\"-aw-left-pos:0pt; -aw-rel-hpos:column; -aw-rel-vpos:paragraph; -aw-top-pos:0pt; -aw-wrap-type:inline\" />\r\n\t\t\t</p>\r\n\t\t\t<p>\r\n\t\t\t\t<img src=\"http://data.riksdagen.se/fil/h601juu26/Dokument.014.png\" width=\"388\" height=\"756\" alt=\"\" style=\"-aw-left-pos:0pt; -aw-rel-hpos:column; -aw-rel-vpos:paragraph; -aw-top-pos:0pt; -aw-wrap-type:inline\" />\r\n\t\t\t</p>\r\n\t\t\t<p>\r\n\t\t\t\t<img src=\"http://data.riksdagen.se/fil/h601juu26/Dokument.015.png\" width=\"385\" height=\"756\" alt=\"\" style=\"-aw-left-pos:0pt; -aw-rel-hpos:column; -aw-rel-vpos:paragraph; -aw-top-pos:0pt; -aw-wrap-type:inline\" />\r\n\t\t\t</p>\r\n\t\t\t<p>\r\n\t\t\t\t<img src=\"http://data.riksdagen.se/fil/h601juu26/Dokument.016.png\" width=\"388\" height=\"756\" alt=\"\" style=\"-aw-left-pos:0pt; -aw-rel-hpos:column; -aw-rel-vpos:paragraph; -aw-top-pos:0pt; -aw-wrap-type:inline\" />\r\n\t\t\t</p>\r\n\t\t\t<p>\r\n\t\t\t\t<img src=\"http://data.riksdagen.se/fil/h601juu26/Dokument.017.png\" width=\"385\" height=\"756\" alt=\"\" style=\"-aw-left-pos:0pt; -aw-rel-hpos:column; -aw-rel-vpos:paragraph; -aw-top-pos:0pt; -aw-wrap-type:inline\" />\r\n\t\t\t</p>\r\n\t\t\t<p>\r\n\t\t\t\t<img src=\"http://data.riksdagen.se/fil/h601juu26/Dokument.018.png\" width=\"388\" height=\"756\" alt=\"\" style=\"-aw-left-pos:0pt; -aw-rel-hpos:column; -aw-rel-vpos:paragraph; -aw-top-pos:0pt; -aw-wrap-type:inline\" />\r\n\t\t\t</p>\r\n\t\t\t<p>\r\n\t\t\t\t<img src=\"http://data.riksdagen.se/fil/h601juu26/Dokument.019.png\" width=\"385\" height=\"756\" alt=\"\" style=\"-aw-left-pos:0pt; -aw-rel-hpos:column; -aw-rel-vpos:paragraph; -aw-top-pos:0pt; -aw-wrap-type:inline\" />\r\n\t\t\t</p>\r\n\t\t\t<p>\r\n\t\t\t\t<img src=\"http://data.riksdagen.se/fil/h601juu26/Dokument.020.png\" width=\"388\" height=\"756\" alt=\"\" style=\"-aw-left-pos:0pt; -aw-rel-hpos:column; -aw-rel-vpos:paragraph; -aw-top-pos:0pt; -aw-wrap-type:inline\" />\r\n\t\t\t</p>\r\n\t\t\t<p>\r\n\t\t\t\t<img src=\"http://data.riksdagen.se/fil/h601juu26/Dokument.021.png\" width=\"385\" height=\"756\" alt=\"\" style=\"-aw-left-pos:0pt; -aw-rel-hpos:column; -aw-rel-vpos:paragraph; -aw-top-pos:0pt; -aw-wrap-type:inline\" />\r\n\t\t\t</p>\r\n\t\t\t<p>\r\n\t\t\t\t<img src=\"http://data.riksdagen.se/fil/h601juu26/Dokument.022.png\" width=\"388\" height=\"756\" alt=\"\" style=\"-aw-left-pos:0pt; -aw-rel-hpos:column; -aw-rel-vpos:paragraph; -aw-top-pos:0pt; -aw-wrap-type:inline\" />\r\n\t\t\t</p>\r\n\t\t\t<p>\r\n\t\t\t\t<img src=\"http://data.riksdagen.se/fil/h601juu26/Dokument.023.png\" width=\"385\" height=\"756\" alt=\"\" style=\"-aw-left-pos:0pt; -aw-rel-hpos:column; -aw-rel-vpos:paragraph; -aw-top-pos:0pt; -aw-wrap-type:inline\" />\r\n\t\t\t</p>\r\n\t\t\t<p>\r\n\t\t\t\t<img src=\"http://data.riksdagen.se/fil/h601juu26/Dokument.024.png\" width=\"388\" height=\"756\" alt=\"\" style=\"-aw-left-pos:0pt; -aw-rel-hpos:column; -aw-rel-vpos:paragraph; -aw-top-pos:0pt; -aw-wrap-type:inline\" />\r\n\t\t\t</p>\r\n\t\t\t<p>\r\n\t\t\t\t<img src=\"http://data.riksdagen.se/fil/h601juu26/Dokument.025.png\" width=\"385\" height=\"756\" alt=\"\" style=\"-aw-left-pos:0pt; -aw-rel-hpos:column; -aw-rel-vpos:paragraph; -aw-top-pos:0pt; -aw-wrap-type:inline\" />\r\n\t\t\t</p>\r\n\t\t</div>\r\n\t\t<hr style=\"width:33%; height:1px; text-align:left; -aw-footnote-numberstyle:0; -aw-footnote-startnumber:1; -aw-footnote-type:0\" />\r\n\t\t<div id=\"_ftn1\" style=\"-aw-footnote-isauto:1\">\r\n\t\t\t<p class=\"FootnoteText\">\r\n\t\t\t\t<a href=\"#_ftnref1\"><span class=\"FootnoteReference\" style=\"font-size:6.33pt\">[1]</span></a><span> </span><span>Europaparlamentets och rådets förordning (EU) 2016/679 av den 27 april 2016 om skydd för fysiska personer med avseende på behandling av personuppgifter och om det fria flödet</span><span> av sådana uppgifter och om upp</span><span>hävande av direktiv 95/46/EG</span><span>.</span>\r\n\t\t\t</p>\r\n\t\t</div>\r\n\t\t<div id=\"_ftn2\" style=\"-aw-footnote-isauto:1\">\r\n\t\t\t<p class=\"FootnoteText\">\r\n\t\t\t\t<a href=\"#_ftnref2\"><span class=\"FootnoteReference\" style=\"font-size:6.33pt\">[2]</span></a><span> </span><span>Europaparlamentets och rådets direktiv (EU) 2016/680 av den 27 april 2016 om skydd för fysiska personer med avseende på behöriga myndigheters behandling av personuppgifter för att förebygga, förhindra, utreda, avslöja eller lagföra brott eller verkställa straffrättsliga påföljder, och det fria flödet av sådana uppgifter och om upphävande av rådets rambeslut 2008/977/RIF</span><span>.</span>\r\n\t\t\t</p>\r\n\t\t</div>\r\n\t"},"dokutskottsforslag":{"utskottsforslag":{"punkt":"1","rubrik":"Personuppgiftsbehandling i viss verksamhet som rör allmän ordning och säkerhet - anpassningar till EU:s dataskyddsreform","forslag":"Riksdagen antar regeringens förslag till <br>1. kustbevakningsdatalag,<br>2. lag om ändring i vapenlagen (1996:67),<br>3. lag om ändring i lagen (1998:620) om belastningsregister med den ändringen att SFS-numret \"(2018:1177)\" ska föras in efter \"brottsdatalagen\" i 5 a § och i 22 § första stycket,<br>4. lag om ändring i lagen (1998:621) om misstankeregister med den ändringen att SFS-numret \"(2018:1177)\" ska föras in efter \"brottsdatalagen\" i 4 a § och i 16 § första stycket,<br>5. lag om ändring i lagen (2000:344) om Schengens informationssystem med den ändringen att SFS-numret \"(2018:1177)\" ska föras in efter \"brottsdatalagen\" i 17 § första stycket,<br>6. lag om ändring i offentlighets- och sekretesslagen (2009:400),<br>7. lag om ändring i lagen (2018:1693) om polisens behandling av personuppgifter inom brottsdatalagens område,<br>8. lag om ändring i lagen (2018:1694) om Tullverkets behandling av personuppgifter inom brottsdatalagens område,<br>9. lag om ändring i lagen (2018:1695) om Kustbevakningens behandling av personuppgifter inom brottsdatalagens område.<BR/>Därmed bifaller riksdagen proposition 2018/19:65 punkterna 1-9.<BR/><BR/>","beslutstyp":"acklamation","motforslag_nummer":"0","motforslag_partier":null,"votering_id":null,"votering_sammanfattning_html":null,"votering_url_xml":null,"rm":"2018/19","bet":"JuU26","vinnare":"utskottet"}},"dokaktivitet":{"aktivitet":[{"kod":"UBE","namn":"Beredning","datum":"2019-05-02 00:00:00","status":"inträffat","ordning":"0","process":null},{"kod":"JUS","namn":"Justering","datum":"2019-05-16 00:00:00","status":"inträffat","ordning":"0","process":null},{"kod":"TRY","namn":"Trycklov","datum":"2019-05-16 00:00:00","status":"inträffat","ordning":"0","process":null},{"kod":"B","namn":"Bordläggning","datum":"2019-05-27 00:00:00","status":"inträffat","ordning":"0","process":null},{"kod":"BEH","namn":"Behandling","datum":"2019-05-28 00:00:00","status":"inträffat","ordning":"0","process":null},{"kod":"BES","namn":"Beslut","datum":"2019-05-28 00:00:00","status":"inträffat","ordning":"0","process":null}]},"dokuppgift":{"uppgift":[{"kod":"beslutssammanfattningusk","namn":"Utskottets förslag till beslut","text":"Bifall till propositionen.","dok_id":"H601JuU26","systemdatum":"2019-05-16 15:22:01"},{"kod":"rdbeslut","namn":"Riksdagens beslut","text":"Kammaren biföll utskottets förslag.","dok_id":"H601JuU26","systemdatum":"2019-05-28 15:46:18"},{"kod":"notis","namn":"Beslut i korthet","text":"                           <p>Riksdagen har beslutat om&nbsp;en ny kustbevakningsdatalag och förändringar i några andra lagar som styr hur personuppgifter ska behandlas i verksamhet som rör allmän ordning och säkerhet. Ändringarna anpassar svenska lagar till EU:s dataskyddsreform. Även reglerna för hur personuppgifter ska behandlas förenklas i vissa situationer, till exempel när en person frivilligt betalar de böter han eller hon har blivit dömd till.</p>\r\n<p>Riksdagen sa&nbsp;ja till regeringens förslag. Förändringarna börjar gälla den 30 juni 2019.</p>\r\n                                            ","dok_id":"H601JuU26","systemdatum":"2019-05-28 16:52:12"},{"kod":"notisrubrik","namn":"Beslut","text":"Lagar om personuppgifter i verksamheter som rör allmän ordning och säkerhet ska anpassas till EU:s dataskyddsreform (JuU26)","dok_id":"H601JuU26","systemdatum":"2019-05-28 16:52:12"},{"kod":"utsknotis","namn":"Utskottets förslag till beslut","text":"                           <p>Regeringen föreslår en ny kustbevakningsdatalag och förändringar i några andra lagar som styr hur personuppgifter ska behandlas i verksamhet som rör allmän ordning och säkerhet. Ändringarna ska anpassa svenska lagar till EU:s dataskyddsreform. I förslaget ingår också att reglerna för hur personuppgifter ska behandlas förenklas i vissa situationer, till exempel när en person frivilligt betalar de böter han eller hon har blivit dömd till.</p>\r\n<p>Justitieutskottet föreslår att riksdagen säger ja till regeringens förslag. Förändringarna ska enligt förslaget börja gälla den 30 juni 2019.</p>\r\n                                            ","dok_id":"H601JuU26","systemdatum":"2019-05-28 16:52:12"},{"kod":"utsknotisrubrik","namn":"Utskottets förslag","text":"Lagar om personuppgifter i verksamheter som rör allmän ordning och säkerhet ska anpassas till EU:s dataskyddsreform (JuU26)","dok_id":"H601JuU26","systemdatum":"2019-05-28 16:52:12"},{"kod":"statustext","namn":"statustext","text":"Ärendet är avslutat","dok_id":"H601JuU26","systemdatum":"2019-05-29 00:23:31"},{"kod":"debattdatumtid","namn":"Datum och tid för debatten","text":"2019-05-28 00:00:00","dok_id":"H601JuU26","systemdatum":"2019-05-28 16:52:12"},{"kod":"beslutdatumtid","namn":"Datum och tid för beslutet","text":"2019-05-28 00:00:00","dok_id":"H601JuU26","systemdatum":"2019-05-28 16:52:12"}]},"dokbilaga":{"bilaga":{"dok_id":"H601JuU26","titel":"Personuppgiftsbehandling i viss verksamhet som rör allmän ordning och säkerhet - anpassningar till EU:s dataskyddsreform","subtitel":null,"filnamn":"2018_19_JuU26_20190516152119_Publicering.pdf","filstorlek":"3897237","filtyp":"pdf","fil_url":"http://data.riksdagen.se/fil/265ED3A8-10AE-4EF7-BD3D-55F009AF713A"}},"dokreferens":{"referens":[{"referenstyp":"behandlar","uppgift":"Proposition 2018/19:65 Personuppgiftsbehandling i viss verksamhet som rör allmän ordning och säkerhet - anpassningar till EU:s dataskyddsreform","ref_dok_id":"H60365","ref_dok_typ":"prop","ref_dok_rm":"2018/19","ref_dok_bet":"65","ref_dok_titel":"Personuppgiftsbehandling i viss verksamhet som rör allmän ordning och säkerhet - anpassningar till EU:s dataskyddsreform","ref_dok_subtitel":null,"ref_dok_subtyp":"prop","ref_dok_dokumentnamn":"Proposition"},{"referenstyp":"föredragningslista","uppgift":"föredragningslista 2018/19:96 Tisdag den 28 maj 2019","ref_dok_id":"H60I96","ref_dok_typ":"f-lista","ref_dok_rm":"2018/19","ref_dok_bet":"96","ref_dok_titel":"Tisdag den 28 maj 2019","ref_dok_subtitel":null,"ref_dok_subtyp":null,"ref_dok_dokumentnamn":"Föredragningslista"},{"referenstyp":"protokollbeslut","uppgift":"2019-05-28","ref_dok_id":"H60996","ref_dok_typ":"prot","ref_dok_rm":"2018/19","ref_dok_bet":"96","ref_dok_titel":"Protokoll 2018/19:96 Tisdagen den 28 maj","ref_dok_subtitel":null,"ref_dok_subtyp":null,"ref_dok_dokumentnamn":"Protokoll"},{"referenstyp":"rskr","uppgift":null,"ref_dok_id":"H60K238","ref_dok_typ":"rskr","ref_dok_rm":"2018/19","ref_dok_bet":"238","ref_dok_titel":"Riksdagsskrivelse 2018/19:238","ref_dok_subtitel":null,"ref_dok_subtyp":"rskr","ref_dok_dokumentnamn":"Riksdagsskrivelse"},{"referenstyp":"talarlista","uppgift":"talarlista 2018/19:20190528 Tisdag den 28 maj 2019 (preliminär)","ref_dok_id":"H60J20190528","ref_dok_typ":"t-lista","ref_dok_rm":"2018/19","ref_dok_bet":"20190528","ref_dok_titel":"Tisdag den 28 maj 2019 (preliminär)","ref_dok_subtitel":null,"ref_dok_subtyp":null,"ref_dok_dokumentnamn":"Talarlista"}]},"debatt":null}}