{"dokumentstatus":{"dokument":{"hangar_id":"5010940","dok_id":"H601AU4","rm":"2018/19","beteckning":"AU4","typ":"bet","subtyp":"bet","doktyp":"bet","typrubrik":"Betänkande 2018/19:AU4","dokumentnamn":"Betänkande","debattnamn":"Debatt om förslag","tempbeteckning":"","organ":"AU","mottagare":"","nummer":"4","slutnummer":"0","datum":"2019-02-21 00:00:00","systemdatum":"2019-03-26 17:10:01","publicerad":"2018-11-28 13:33:05","titel":"Riksrevisionens rapport om deltagarantal i nya arbetsmarknadspolitiska insatser","subtitel":"","status":"Webbpublicering","htmlformat":"html","relaterat_id":"","source":"RIM","sourceid":"91322c51-1220-408a-8581-036e34acb7fb","dokument_url_text":"http://data.riksdagen.se/dokument/H601AU4/text","dokument_url_html":"http://data.riksdagen.se/dokument/H601AU4","dokumentstatus_url_xml":"http://data.riksdagen.se/dokumentstatus/H601AU4","utskottsforslag_url_xml":"http://data.riksdagen.se/utskottsforslag/H601AU4","html":"<style><!--\r\n .w600px{width: 600px;font-family:Verdana, Geneva, sans-serif}\r\nh2.dtyp{font-size:1.5em !important;} \r\n/********************************************************************************************************/\r\n/* Styles for D:\\Logs\\DocumentConverter\\\\Output_e167956f-198c-4e51-afe9-298ad9f3d347\\HTML\\Dokument.html */\r\n/* Generated by Aspose.Words for .NET 15.3.0.0                                                          */\r\n/********************************************************************************************************/\r\n\r\n@page Section1 { size:467.8pt 686.05pt; margin:45.35pt 102.05pt 73.7pt 70.85pt }\r\ndiv.Section1 { page:Section1 }\r\nzbody { text-align:justify; line-height:12.5pt; font-family:'Verdana'; font-size:9.5pt }\r\nzh1, h2, h3, h4, h5, h6, p { margin:3.1pt 0pt 0pt }\r\nzli, table { margin-top:3.1pt; margin-bottom:0pt }\r\nzh1 { margin-top:3.1pt; margin-bottom:12pt; text-align:left; page-break-after:avoid; line-height:12.5pt; font-family:'Verdana'; font-size:16pt; font-weight:normal }\r\nzh2 { margin-top:20pt; margin-bottom:6pt; text-align:left; page-break-inside:avoid; page-break-after:avoid; line-height:12.5pt; font-family:'Verdana'; font-size:13.5pt; font-weight:normal }\r\nzh3 { margin-top:20pt; margin-bottom:3.1pt; text-align:left; page-break-inside:avoid; page-break-after:avoid; line-height:12.5pt; font-family:'Verdana'; font-size:10.5pt; font-weight:bold }\r\nzh4 { margin-top:15pt; margin-bottom:3.1pt; text-align:left; page-break-inside:avoid; page-break-after:avoid; line-height:12.5pt; font-family:'Verdana'; font-size:10.5pt; font-weight:normal; font-style:italic; color:#000000 }\r\nzh5 { margin-top:6.25pt; margin-bottom:0pt; text-align:justify; page-break-inside:avoid; page-break-after:avoid; line-height:12.5pt; font-family:'Verdana'; font-size:9.5pt; font-weight:bold }\r\nzh6 { margin-top:6.25pt; margin-bottom:0pt; text-align:justify; page-break-inside:avoid; page-break-after:avoid; line-height:12.5pt; font-family:'Verdana'; font-size:9.5pt; font-weight:normal; font-style:italic; color:#000000 }\r\n.Heading7 { margin-top:2pt; margin-bottom:0pt; text-align:justify; page-break-inside:avoid; page-break-after:avoid; line-height:12.5pt; font-family:'Verdana'; font-size:9.5pt; font-weight:normal; font-style:italic; color:#243f60 }\r\n.Heading8 { margin-top:2pt; margin-bottom:0pt; text-align:justify; page-break-inside:avoid; page-break-after:avoid; line-height:12.5pt; font-family:'Verdana'; font-size:9pt; font-weight:normal; color:#272727 }\r\n.Heading9 { margin-top:2pt; margin-bottom:0pt; text-align:justify; page-break-inside:avoid; page-break-after:avoid; line-height:12.5pt; font-family:'Verdana'; font-size:9pt; font-weight:normal; font-style:italic; color:#272727 }\r\n.Avsnittsrubrik { margin-top:0pt; margin-bottom:27.7pt; text-align:left; page-break-before:always; page-break-after:avoid; line-height:normal; font-family:'Verdana'; font-size:16pt }\r\n.Avvikandemeningrubrik { margin-top:0pt; margin-bottom:3.1pt; text-align:left; page-break-inside:avoid; page-break-after:avoid; line-height:12.5pt; font-family:'Verdana'; font-size:10.5pt; font-weight:bold }\r\n.BalloonText { margin-top:3.1pt; margin-bottom:0pt; text-align:justify; line-height:normal; font-family:Tahoma; font-size:8pt }\r\n.Bilaga { margin-top:0pt; margin-bottom:0pt; text-align:left; page-break-before:always; page-break-after:avoid; line-height:normal; widows:0; orphans:0; font-family:'Verdana'; font-size:8pt; font-variant:small-caps; text-decoration:underline }\r\n.Bilagerubrik { margin-top:0pt; margin-bottom:17.7pt; text-align:left; page-break-after:auto; line-height:normal; widows:0; orphans:0; font-family:'Verdana'; font-size:16pt }\r\n.Bild-Rubrik { margin-top:8pt; margin-bottom:0pt; text-align:justify; page-break-inside:avoid; page-break-after:avoid; line-height:10pt; font-family:'Verdana'; font-size:9.5pt; font-weight:bold }\r\n.Bild-Underrubrik { margin-top:0pt; margin-bottom:1pt; text-align:left; page-break-inside:avoid; page-break-after:avoid; line-height:8pt; font-family:'Verdana'; font-size:8pt; font-weight:normal; font-style:italic }\r\n.BodyText { margin-top:3.1pt; margin-bottom:0pt; text-align:left; line-height:12.5pt; font-family:'Verdana'; font-size:9.5pt }\r\n.BodyTextIndent2 { margin-top:3.1pt; margin-left:14.15pt; margin-bottom:6pt; text-align:justify; line-height:200%; font-family:'Verdana'; font-size:9.5pt }\r\n.Citatindrag { margin-top:0pt; margin-left:14.2pt; margin-bottom:6.1pt; text-indent:14.2pt; text-align:justify; line-height:10pt; font-family:'Verdana'; font-size:9.5pt }\r\n.CommentText { margin-top:3.1pt; margin-bottom:0pt; text-align:justify; line-height:normal; font-family:'Verdana'; font-size:10pt }\r\n.Deltagare { margin-top:0pt; margin-bottom:0pt; text-align:justify; page-break-inside:avoid; page-break-after:avoid; line-height:9.5pt; font-family:'Verdana'; font-size:9.5pt }\r\n.Diagram-Rubrik { margin-top:8pt; margin-bottom:0pt; text-align:justify; page-break-inside:avoid; page-break-after:avoid; line-height:10pt; font-family:'Verdana'; font-size:9.5pt; font-weight:bold }\r\n.Diagram-Underrubrik { margin-top:0pt; margin-bottom:1pt; text-align:left; page-break-inside:avoid; page-break-after:avoid; line-height:8pt; font-family:'Verdana'; font-size:8pt; font-weight:normal; font-style:italic }\r\n.DokumentRubrik { margin-top:6pt; margin-bottom:24pt; text-align:left; line-height:normal; border-bottom-style:solid; border-bottom-width:0.75pt; border-bottom-color:#000000; padding-bottom:4pt; font-family:'Verdana'; font-size:18pt }\r\n.Dokumentbeteckning { margin-top:0pt; margin-bottom:0pt; text-align:left; page-break-inside:avoid; page-break-after:avoid; line-height:12.5pt; font-family:'Verdana'; font-size:16pt }\r\n.Footer { margin-top:3.1pt; margin-bottom:0pt; text-align:justify; line-height:normal; font-family:'Verdana'; font-size:9.5pt }\r\n.FootnoteText { margin-top:0pt; margin-bottom:0pt; text-align:justify; line-height:8pt; font-family:'Verdana'; font-size:8pt }\r\n.Fotnotstextindrag { margin-top:0pt; margin-left:5.65pt; margin-bottom:0pt; text-align:left; line-height:8pt; font-family:'Verdana'; font-size:8pt }\r\n.Frslagspunkt { margin-top:0pt; margin-bottom:0pt; text-align:left; page-break-inside:avoid; page-break-after:avoid; line-height:12.5pt; font-family:'Verdana'; font-size:9.5pt; font-weight:bold }\r\n.Frslagstext { margin-top:0pt; margin-bottom:0pt; text-align:justify; line-height:12.5pt; font-family:'Verdana'; font-size:9.5pt }\r\n.Frteckningsrubrik { margin-top:9.6pt; margin-bottom:3.1pt; text-align:left; page-break-inside:avoid; page-break-after:avoid; line-height:normal; font-family:'Verdana'; font-size:9.5pt; font-weight:normal; font-style:italic; color:#000000 }\r\n.Grupprubrik { margin-top:6pt; margin-bottom:0pt; text-align:left; page-break-inside:avoid; page-break-after:avoid; line-height:12.5pt; font-family:'Verdana'; font-size:9.5pt; font-style:italic }\r\n.Grupprubrikindrag { margin-top:6pt; margin-left:22.1pt; margin-bottom:0pt; text-align:left; page-break-inside:avoid; page-break-after:avoid; line-height:12.5pt; font-family:'Verdana'; font-size:9.5pt; font-style:italic }\r\n.Header { margin-top:0pt; margin-bottom:0pt; text-align:justify; line-height:normal; font-family:'Verdana'; font-size:7.5pt; font-variant:small-caps }\r\n.Innehllsfrteckning { margin-top:0pt; margin-bottom:17.7pt; text-align:left; page-break-before:always; page-break-after:auto; line-height:normal; font-family:'Verdana'; font-size:16pt }\r\n.Kantrubrik { margin-top:0pt; margin-bottom:0pt; text-align:justify; line-height:normal; font-family:'Verdana'; font-size:7.5pt }\r\n.ListBullet { margin-top:6.25pt; margin-left:17.85pt; margin-bottom:6.25pt; text-indent:-17.85pt; text-align:justify; line-height:12.5pt; font-family:'Verdana'; font-size:9.5pt }\r\n.ListParagraph { margin-top:3.1pt; margin-left:28.35pt; margin-bottom:0pt; text-align:justify; line-height:12.5pt; font-family:'Verdana'; font-size:9.5pt }\r\n.Litentext { margin-top:0pt; margin-bottom:0pt; text-align:justify; line-height:normal; font-family:'Verdana'; font-size:8pt }\r\n.Mellanrubrik { margin-top:11pt; margin-bottom:3.1pt; text-align:left; page-break-after:avoid; line-height:12.5pt; font-family:'Verdana'; font-size:9.5pt; font-style:italic }\r\n.Mellanrum { margin-top:0pt; margin-bottom:0pt; text-align:left; page-break-before:auto; page-break-after:auto; line-height:1pt; widows:0; orphans:0; font-family:'Verdana'; font-size:1pt; font-variant:small-caps; text-decoration:none; color:#ffffff }\r\n.NormalIndent { margin-top:0pt; margin-bottom:0pt; text-indent:11.35pt; text-align:justify; line-height:12.5pt; font-family:'Verdana'; font-size:9.5pt }\r\n.Normalinskjuten { margin-top:0pt; margin-left:22.1pt; margin-bottom:0pt; text-align:justify; line-height:12.5pt; font-family:'Verdana'; font-size:9.5pt }\r\n.Normalinskjutenindrag { margin-top:0pt; margin-left:22.1pt; margin-bottom:0pt; text-indent:11.35pt; text-align:justify; line-height:12.5pt; font-family:'Verdana'; font-size:9.5pt }\r\n.Normalinskjutenkursiv { margin-top:6pt; margin-bottom:0pt; line-height:normal; font-family:'Verdana'; font-size:10pt; font-style:italic }\r\n.Normalkursiv { margin-top:3.1pt; margin-bottom:0pt; text-align:left; line-height:12.5pt; font-family:'Verdana'; font-size:9.5pt; font-style:italic }\r\n.Normalruta { margin:3.1pt 5.65pt 0pt; text-align:justify; page-break-inside:avoid; page-break-after:avoid; line-height:12.5pt; border-top-style:solid; border-top-width:0.75pt; border-top-color:#000000; border-right-style:solid; border-right-width:0.75pt; border-right-color:#000000; border-left-style:solid; border-left-width:0.75pt; border-left-color:#000000; border-bottom-style:solid; border-bottom-width:0.75pt; border-bottom-color:#000000; padding-top:4pt; padding-right:4pt; padding-left:4pt; padding-bottom:4pt; font-family:'Verdana'; font-size:10.5pt }\r\n.Normalrutafet { margin:3.1pt 5.65pt 0pt; text-align:justify; page-break-inside:avoid; page-break-after:avoid; line-height:12.5pt; border-top-style:solid; border-top-width:0.75pt; border-top-color:#000000; border-right-style:solid; border-right-width:0.75pt; border-right-color:#000000; border-left-style:solid; border-left-width:0.75pt; border-left-color:#000000; border-bottom-style:solid; border-bottom-width:0.75pt; border-bottom-color:#000000; padding-top:4pt; padding-right:4pt; padding-left:4pt; padding-bottom:4pt; font-family:'Verdana'; font-size:10.5pt; font-weight:bold }\r\n.Normalrutaindrag { margin:0pt 5.65pt; text-indent:11.35pt; text-align:justify; page-break-inside:avoid; page-break-after:avoid; line-height:12.5pt; border-top-style:solid; border-top-width:0.75pt; border-top-color:#000000; border-right-style:solid; border-right-width:0.75pt; border-right-color:#000000; border-left-style:solid; border-left-width:0.75pt; border-left-color:#000000; border-bottom-style:solid; border-bottom-width:0.75pt; border-bottom-color:#000000; padding-top:4pt; padding-right:4pt; padding-left:4pt; padding-bottom:4pt; font-family:'Verdana'; font-size:10.5pt }\r\n.Normalutanluftfre { margin-top:0pt; margin-bottom:0pt; text-align:justify; line-height:12.5pt; font-family:'Verdana'; font-size:9.5pt }\r\n.NormalNoll { margin-top:0pt; margin-bottom:3.1pt; text-align:left; line-height:12.5pt; font-family:'Verdana'; font-size:10.5pt; font-weight:bold }\r\n.NumlistaTOC { margin:3.1pt 28.35pt 0pt 0pt; text-indent:0pt; text-align:left; line-height:normal; font-family:'Verdana'; font-size:9.5pt }\r\n.Ordfranden { margin-top:3.1pt; margin-bottom:22pt; text-align:left; page-break-inside:avoid; page-break-after:avoid; line-height:normal; font-family:'Verdana'; font-size:9.5pt; font-style:italic }\r\n.OrtochDatum { margin-top:18pt; margin-bottom:18pt; text-align:left; page-break-inside:avoid; page-break-after:avoid; line-height:normal; font-family:'Verdana'; font-size:9.5pt }\r\n.Punktlistabomb { margin-top:6.25pt; margin-left:14.2pt; margin-bottom:6.25pt; text-indent:-14.2pt; text-align:justify; line-height:12.5pt; font-family:'Verdana'; font-size:9.5pt }\r\n.Punktlistagemener { margin-top:6.25pt; margin-left:14.2pt; margin-bottom:6.25pt; text-indent:-14.2pt; text-align:justify; line-height:12.5pt; font-family:'Verdana'; font-size:9.5pt }\r\n.Punktlistalinje { margin-top:6.25pt; margin-left:14.2pt; margin-bottom:6.25pt; text-indent:-14.2pt; text-align:justify; line-height:12.5pt; font-family:'Verdana'; font-size:9.5pt }\r\n.Punktlistasiffra { margin-top:6.25pt; margin-left:14.2pt; margin-bottom:6.25pt; text-indent:-14.2pt; text-align:justify; line-height:12.5pt; font-family:'Verdana'; font-size:9.5pt }\r\n.PVgnar { margin-top:3.1pt; margin-bottom:26pt; text-align:left; page-break-inside:avoid; page-break-after:avoid; line-height:normal; font-family:'Verdana'; font-size:9.5pt }\r\n.Quote { margin-top:6.1pt; margin-left:14.2pt; margin-bottom:0pt; text-align:justify; line-height:10pt; font-family:'Verdana'; font-size:9.5pt }\r\n.R1 { margin-top:3.1pt; margin-bottom:12pt; text-align:left; page-break-after:avoid; line-height:12.5pt; font-family:'Verdana'; font-size:16pt }\r\n.R1bilaga { margin-top:3.1pt; margin-bottom:12pt; text-align:left; page-break-after:auto; line-height:12.5pt; font-family:'Verdana'; font-size:16pt }\r\n.R2 { margin-top:20pt; margin-bottom:6pt; text-align:left; page-break-inside:avoid; page-break-after:avoid; line-height:12.5pt; font-family:'Verdana'; font-size:13.5pt }\r\n.R3 { margin-top:20pt; margin-bottom:3.1pt; text-align:left; page-break-inside:avoid; page-break-after:avoid; line-height:12.5pt; font-family:'Verdana'; font-size:10.5pt; font-weight:bold }\r\n.R4 { margin-top:15pt; margin-bottom:3.1pt; text-align:left; page-break-inside:avoid; page-break-after:avoid; line-height:12.5pt; font-family:'Verdana'; font-size:10.5pt; font-weight:normal; font-style:italic; color:#000000 }\r\n.R5 { margin-top:6.25pt; margin-bottom:0pt; text-align:justify; page-break-inside:avoid; page-break-after:avoid; line-height:12.5pt; font-family:'Verdana'; font-size:9.5pt; font-weight:bold }\r\n.R6 { margin-top:6.25pt; margin-bottom:0pt; text-align:justify; page-break-inside:avoid; page-break-after:avoid; line-height:12.5pt; font-family:'Verdana'; font-size:9.5pt; font-weight:normal; font-style:italic; color:#000000 }\r\n.Reservationshnvisning { margin-top:0pt; margin-bottom:8pt; text-align:right; line-height:12.5pt; font-family:'Verdana'; font-size:9.5pt; font-style:italic }\r\n.Reservationsrubrik { margin-top:0pt; margin-bottom:3.1pt; text-align:left; page-break-inside:avoid; page-break-after:avoid; line-height:12.5pt; font-family:'Verdana'; font-size:10.5pt; font-weight:bold }\r\n.Rubrik1Dokumentinformation { margin-top:0pt; margin-bottom:0pt; text-align:left; page-break-inside:avoid; page-break-after:avoid; line-height:12.5pt; font-family:'Verdana'; font-size:16pt }\r\n.Rubrik1bilaga { margin-top:0pt; margin-bottom:27.7pt; text-align:left; page-break-after:auto; line-height:12.5pt; font-family:'Verdana'; font-size:16pt }\r\n.Rubrik1medsidhuvud { margin-top:3.1pt; margin-bottom:12pt; text-align:left; page-break-before:always; page-break-after:avoid; line-height:12.5pt; font-family:'Verdana'; font-size:16pt }\r\n.Rubrik1numrerat { margin-top:3.1pt; margin-left:0pt; margin-bottom:12pt; text-indent:0pt; text-align:left; page-break-after:avoid; line-height:12.5pt; font-family:'Verdana'; font-size:16pt }\r\n.Rubrik1numreratmedsidhuvud { margin-top:0pt; margin-left:0pt; margin-bottom:16pt; text-indent:0pt; text-align:left; page-break-before:always; page-break-after:avoid; line-height:normal; font-family:'Verdana'; font-size:16pt }\r\n.Rubrik2bilaga { margin-top:20pt; margin-bottom:6pt; text-align:left; page-break-inside:avoid; page-break-after:avoid; line-height:12.5pt; font-family:'Verdana'; font-size:13.5pt }\r\n.Rubrik2numrerat { margin-top:20pt; margin-left:0pt; margin-bottom:6pt; text-indent:0pt; text-align:left; page-break-inside:avoid; page-break-after:avoid; line-height:12.5pt; font-family:'Verdana'; font-size:13.5pt }\r\n.Rubrik3numrerat { margin-top:20pt; margin-left:0pt; margin-bottom:3.1pt; text-indent:0pt; text-align:left; page-break-inside:avoid; page-break-after:avoid; line-height:12.5pt; font-family:'Verdana'; font-size:10.5pt; font-weight:bold }\r\n.Sammanfattning { margin-top:3.1pt; margin-bottom:12pt; text-align:left; page-break-after:auto; line-height:12.5pt; font-family:'Verdana'; font-size:16pt }\r\n.Sidhuvudhgerstlld { margin-top:0pt; margin-bottom:0pt; text-align:right; line-height:normal; font-family:'Verdana'; font-size:7.5pt; font-variant:small-caps }\r\n.Sidhuvudvnsterstlld { margin-top:0pt; margin-bottom:0pt; text-align:left; line-height:normal; font-family:'Verdana'; font-size:7.5pt; font-variant:small-caps }\r\n.Stdrubrik { margin-top:12pt; margin-bottom:0pt; line-height:12pt; font-family:'Verdana'; font-size:9.5pt; font-weight:bold }\r\n.Srskiltyttranderubrik { margin-top:0pt; margin-bottom:3.1pt; text-align:left; page-break-inside:avoid; page-break-after:avoid; line-height:12.5pt; font-family:'Verdana'; font-size:10.5pt; font-weight:bold }\r\n.TOC1 { margin-top:0pt; margin-right:28.35pt; margin-bottom:0pt; text-align:left; line-height:normal; font-family:'Verdana'; font-size:9.5pt }\r\n.TOC2 { margin:0pt 28.35pt 0pt 5.65pt; text-align:left; line-height:normal; font-family:'Verdana'; font-size:9.5pt }\r\n.TOC3 { margin:0pt 28.35pt 0pt 11.35pt; text-align:left; line-height:normal; font-family:'Verdana'; font-size:9.5pt }\r\n.TOC4 { margin:0pt 28.35pt 0pt 17pt; text-align:left; line-height:normal; font-family:'Verdana'; font-size:9.5pt }\r\n.TOC5 { margin:0pt 28.35pt 0pt 22.7pt; text-align:left; line-height:normal; font-family:'Verdana'; font-size:9.5pt }\r\n.TOC6 { margin-top:0pt; margin-left:47.65pt; margin-bottom:0pt; text-align:left; line-height:normal; font-family:'Verdana'; font-size:9.5pt }\r\n.TOC7 { margin-top:0pt; margin-right:28.35pt; margin-bottom:0pt; text-align:left; line-height:normal; font-family:'Verdana'; font-size:9.5pt }\r\n.TOC8 { margin-top:0pt; margin-right:28.35pt; margin-bottom:0pt; text-align:left; line-height:normal; font-family:'Verdana'; font-size:9.5pt }\r\n.TOC9 { margin-top:0pt; margin-left:8.5pt; margin-bottom:0pt; text-align:left; line-height:normal; font-family:'Verdana'; font-size:9.5pt }\r\n.TOCHeading { margin-top:3.1pt; margin-bottom:9pt; text-align:left; page-break-before:always; page-break-inside:avoid; page-break-after:avoid; line-height:12.5pt; font-family:'Verdana'; font-size:16pt }\r\n.Tabell-Kolumnrubrik { margin-bottom:0pt; line-height:12pt; font-family:'Verdana'; font-size:8pt; font-weight:bold }\r\n.Tabell-Klla { margin-top:2pt; margin-bottom:0pt; line-height:8pt; font-family:'Verdana'; font-size:7pt }\r\n.Tabell-Radrubrik { margin-bottom:0pt; line-height:12pt; font-family:'Verdana'; font-size:8pt }\r\n.Tabell-Rubrik { margin-top:12pt; margin-bottom:3pt; text-align:left; page-break-inside:avoid; page-break-after:avoid; line-height:10pt; font-family:'Verdana'; font-size:9pt; font-weight:bold }\r\n.Tabell-Siffror { margin-bottom:0pt; text-align:right; line-height:12pt; font-family:'Verdana'; font-size:8pt }\r\n.Tabell-Text { margin-bottom:0pt; line-height:12pt; font-family:'Verdana'; font-size:8pt }\r\n.Tabell-Underrubrik { margin-top:0pt; margin-bottom:1pt; text-align:left; page-break-inside:avoid; page-break-after:avoid; line-height:8pt; font-family:'Verdana'; font-size:8pt; font-weight:normal; font-style:italic }\r\n.TableofFigures { margin-top:3.1pt; margin-bottom:0pt; text-align:justify; line-height:normal; font-family:'Verdana'; font-size:9.5pt }\r\n.TillX-utskottet { margin-top:0pt; margin-bottom:12pt; text-align:left; page-break-after:avoid; line-height:12.5pt; font-family:'Verdana'; font-size:16pt }\r\n.Title { margin-top:3.1pt; margin-bottom:1pt; text-align:left; line-height:12pt; font-family:'Verdana'; font-size:20pt; letter-spacing:-0.5pt }\r\n.Vapen { margin-top:0pt; margin-bottom:0pt; text-align:left; page-break-inside:avoid; page-break-after:avoid; line-height:12.5pt; font-family:'Verdana'; font-size:16pt }\r\n.Yrkandelista { margin-top:3.1pt; margin-left:28.35pt; margin-bottom:0pt; text-indent:-28.35pt; text-align:justify; line-height:12.5pt; font-family:'Verdana'; font-size:9.5pt }\r\n.YrkandelistaEtt { margin-top:3.1pt; margin-left:0pt; margin-bottom:0pt; text-indent:0pt; text-align:justify; line-height:12.5pt; font-family:'Verdana'; font-size:9.5pt }\r\nspan.BallongtextChar { font-family:Tahoma; font-size:8pt }\r\nspan.BilagaChar { font-family:'Verdana'; font-size:8pt; font-variant:small-caps; text-decoration:underline }\r\nspan.BrdtextChar { font-family:'Verdana'; font-size:9.5pt }\r\nspan.BrdtextChar1 { font-family:'Verdana'; font-size:9.5pt }\r\nspan.Brdtextmedindrag2Char { font-family:'Verdana'; font-size:9.5pt }\r\nspan.CitatChar { font-family:'Verdana'; font-size:9.5pt }\r\nspan.DokumentRubrikChar { font-family:'Verdana'; font-size:18pt }\r\nspan.FotnotstextChar { font-family:'Verdana'; font-size:8pt }\r\nspan.FotnotstextindragChar { font-family:'Verdana'; font-size:8pt }\r\nspan.FrslagspunktChar { font-family:'Verdana'; font-size:9.5pt; font-weight:bold; font-style:normal }\r\nspan.Hyperlink { text-decoration:none; color:#000000 }\r\nspan.KommentarerChar { font-family:'Verdana'; font-size:10pt }\r\nspan.NormalkursivChar { font-family:'Verdana'; font-size:9.5pt; font-style:italic }\r\nspan.NormaltindragChar { font-family:'Verdana'; font-size:9.5pt }\r\nspan.OrdfrandenChar { font-family:'Verdana'; font-size:9.5pt; font-style:italic }\r\nspan.OrtochDatumChar { font-family:'Verdana'; font-size:9.5pt }\r\nspan.PlaceholderText { color:#808080 }\r\nspan.PVgnarChar { font-family:'Verdana'; font-size:9.5pt }\r\nspan.ReservationshnvisningChar { font-family:'Verdana'; font-size:9.5pt; font-style:italic }\r\nspan.Rubrik1Char { font-family:'Verdana'; font-size:16pt }\r\nspan.Rubrik1DokumentinformationChar { font-family:'Verdana'; font-size:16pt }\r\nspan.Rubrik2Char { font-family:'Verdana'; font-size:13.5pt }\r\nspan.Rubrik3Char { font-family:'Verdana'; font-size:10.5pt; font-weight:bold }\r\nspan.Rubrik4Char { font-family:'Verdana'; font-size:10.5pt; font-style:italic; color:#000000 }\r\nspan.Rubrik5Char { font-family:'Verdana'; font-size:9.5pt; font-weight:bold }\r\nspan.Rubrik6Char { font-family:'Verdana'; font-size:9.5pt; font-style:italic; color:#000000 }\r\nspan.Rubrik7Char { font-family:'Verdana'; font-size:9.5pt; font-style:italic; color:#243f60 }\r\nspan.Rubrik8Char { font-family:'Verdana'; font-size:9pt; color:#272727 }\r\nspan.Rubrik9Char { font-family:'Verdana'; font-size:9pt; font-style:italic; color:#272727 }\r\nspan.RubrikChar { font-family:'Verdana'; font-size:20pt; letter-spacing:-0.5pt }\r\nspan.SidfotChar { font-family:'Verdana'; font-size:9.5pt }\r\nspan.SidhuvudChar { font-family:'Verdana'; font-size:7.5pt; font-variant:small-caps }\r\nspan.Tabell-Upphjttecken { font-family:'Verdana'; font-variant:normal; text-decoration:none; text-transform:none; vertical-align:super; display:inline }\r\nspan.VapenChar { font-family:'Verdana'; font-size:16pt }\r\nspan.tBilagaJA { color:#000000 }\r\nspan.tSidrubrikJA { color:#000000 }\r\n.TableGrid {  }\r\n--></style>\r\n\r\n\t\t<div class=\"Section1\">\r\n\t\t\t<table cellspacing=\"0\" cellpadding=\"0\" style=\"border-collapse:collapse; margin-left:0pt\">\r\n\t\t\t\t<tr style=\"height:79.4pt\">\r\n\t\t\t\t\t<td style=\"vertical-align:top; width:297.7pt\">\r\n\t\t\t\t\t\t<p class=\"Rubrik1Dokumentinformation\" style=\"margin-top:0pt; margin-bottom:0pt; text-align:left; page-break-inside:avoid; page-break-after:avoid; line-height:16pt\">\r\n\t\t\t\t\t\t\t<span style=\"font-family:'Verdana'; font-size:16pt; -aw-sdt-tag:ccUtskott; -aw-sdt-title:'utskottsnamn Dokumentegenskap'\">Arbetsmarknadsutskottet</span><span style=\"font-family:'Verdana'; font-size:16pt; -aw-sdt-tag:ccS; -aw-sdt-title:s\">s</span><span style=\"font-family:'Verdana'; font-size:16pt; -aw-sdt-tag:ccMellanslag; -aw-sdt-title:Mellanslag\"> </span><a name=\"Utlatande\"></a><span style=\"font-family:'Verdana'; font-size:16pt\">betänkande</span>\r\n\t\t\t\t\t\t</p>\r\n\t\t\t\t\t\t<p class=\"Dokumentbeteckning\" style=\"margin-top:0pt; margin-bottom:0pt; text-align:left; page-break-inside:avoid; page-break-after:avoid; line-height:16pt\">\r\n\t\t\t\t\t\t\t<span style=\"font-family:'Verdana'; font-size:16pt; -aw-sdt-tag:ccRiksmote; -aw-sdt-title:'riksmote Dokumentegenskap'\">2018/19</span><span style=\"font-family:'Verdana'; font-size:16pt; -aw-sdt-tag:ccKolon; -aw-sdt-title:Kolon\">:</span><a name=\"Utskottebeteckning\"></a><span style=\"font-family:'Verdana'; font-size:16pt\">AU4</span>\r\n\t\t\t\t\t\t</p>\r\n\t\t\t\t\t\t<p class=\"Rubrik1Dokumentinformation\" style=\"margin-top:0pt; margin-bottom:0pt; text-align:left; page-break-inside:avoid; page-break-after:avoid; line-height:16pt\">\r\n\t\t\t\t\t\t\t<span style=\"font-family:'Verdana'; font-size:16pt\"> </span>\r\n\t\t\t\t\t\t</p>\r\n\t\t\t\t\t</td>\r\n\t\t\t\t</tr>\r\n\t\t\t</table>\r\n\t\t\t<p class=\"DokumentRubrik\" style=\"-aw-sdt-tag:ccDokumentrubrik; -aw-sdt-title:'dokumentrubrik Dokumentegenskap'\">\r\n\t\t\t\t<span>Riksrevisionens rapport om deltagarantal i nya arbetsmarknadspolitiska insatser</span>\r\n\t\t\t</p>\r\n\t\t\t<p class=\"Sammanfattning\">\r\n\t\t\t\t<span class=\"tSidrubrikJA\">Sammanfattning</span>\r\n\t\t\t</p>\r\n\t\t\t<p>\r\n\t\t\t\t<span>Utskottet föreslår att riksdagen </span><span>avslår </span><span>den </span><span>motion som väckts med anledning av skrivelsen </span><span>och lägger</span><span> skrivelse</span><span>n</span><span> till handlingarna.</span>\r\n\t\t\t</p>\r\n\t\t\t<p class=\"NormalIndent\">\r\n\t\t\t\t<span>Riksrevisione</span><span>n har granskat regeringens </span><span>bedömningar av</span><span> det förväntade antalet deltagare i</span><span> </span><span>nya arbetsmarknadspolitiska insatser i syfte att undersöka trä</span><span>ffsäkerheten i regeringens </span><span>bedömningar </span><span>av volymen </span><span>och </span><span>att undersöka </span><span>om de utförs på ett sådant sätt att insatsernas framtida volymer kan föruts</span><span>ägas på ett tillförlitligt sätt</span><span> (RiR 2018:10). Rapporten innehåller iakttagelser och rekommendationer som avser</span><span> regeringens arbete med </span><span>bedömningarna</span><span> av volymerna</span><span>.</span>\r\n\t\t\t</p>\r\n\t\t\t<p class=\"NormalIndent\">\r\n\t\t\t\t<span>Utskottet instämmer liksom regeringen i den problembeskrivning som Riksrevisionen redovisar i sin granskning och i de rekommendationer som lämnas.</span>\r\n\t\t\t</p>\r\n\t\t\t<p class=\"NormalIndent\">\r\n\t\t\t\t<span>I betänkandet finns en reservation (SD).</span>\r\n\t\t\t</p>\r\n\t\t\t<p class=\"R4\">\r\n\t\t\t\t<span>Behandlade förslag</span>\r\n\t\t\t</p>\r\n\t\t\t<p>\r\n\t\t\t\t<span>Skrivelse 2018/19:10 Riksrevisionens rapport om deltagarantal i nya arbetsmarknadspolitiska insatser.</span>\r\n\t\t\t</p>\r\n\t\t\t<p>\r\n\t\t\t\t<span>Ett yrkande i en följdmotion.</span>\r\n\t\t\t</p>\r\n\t\t\t<p class=\"Innehllsfrteckning\">\r\n\t\t\t\t<a name=\"Innehållsförteckning\"></a><span class=\"tSidrubrikJA\">Innehållsförteckning</span>\r\n\t\t\t</p>\r\n\t\t\t<p class=\"TOC1\">\r\n\t\t\t\t<a style=\"color:#000000\" href=\"#_Toc1633181\"><span class=\"Hyperlink\">Utskottets förslag till riksdagsbeslut</span></a>\r\n\t\t\t</p>\r\n\t\t\t<p class=\"TOC1\">\r\n\t\t\t\t<a style=\"color:#000000\" href=\"#_Toc1633182\"><span class=\"Hyperlink\">Redogörelse för ärendet</span></a>\r\n\t\t\t</p>\r\n\t\t\t<p class=\"TOC1\">\r\n\t\t\t\t<a style=\"color:#000000\" href=\"#_Toc1633183\"><span class=\"Hyperlink\">Utskottets överväganden</span></a>\r\n\t\t\t</p>\r\n\t\t\t<p class=\"TOC2\">\r\n\t\t\t\t<a style=\"color:#000000\" href=\"#_Toc1633184\"><span class=\"Hyperlink\">Riksrevisionens rapport om deltagarantal i nya arbetsmarknadspolitiska insatser</span></a>\r\n\t\t\t</p>\r\n\t\t\t<p class=\"TOC1\">\r\n\t\t\t\t<a style=\"color:#000000\" href=\"#_Toc1633185\"><span class=\"Hyperlink\">Reservation</span></a>\r\n\t\t\t</p>\r\n\t\t\t<p class=\"TOC6\" style=\"margin-right:17pt; margin-left:5.65pt\">\r\n\t\t\t\t<a style=\"color:#000000\" href=\"#_Toc1633186\"><span class=\"Hyperlink\">Riksrevisionens rapport om deltagarantal i nya arbetsmarknadspolitiska insatser (SD)</span></a>\r\n\t\t\t</p>\r\n\t\t\t<p class=\"TOC8\">\r\n\t\t\t\t<span class=\"Hyperlink\" style=\"font-style:italic\">Bilaga</span><br /><a style=\"color:#000000\" href=\"#_Toc1633187\"><span class=\"Hyperlink\">Förteckning över behandlade förslag</span></a>\r\n\t\t\t</p>\r\n\t\t\t<p class=\"TOC9\">\r\n\t\t\t\t<a style=\"color:#000000\" href=\"#_Toc1633188\"><span class=\"Hyperlink\">Skrivelsen</span></a>\r\n\t\t\t</p>\r\n\t\t\t<p class=\"TOC9\">\r\n\t\t\t\t<a style=\"color:#000000\" href=\"#_Toc1633189\"><span class=\"Hyperlink\">Följdmotionen</span></a>\r\n\t\t\t</p>\r\n\t\t\t<p>\r\n\t\t\t</p>\r\n\t\t\t<p>\r\n\t\t\t\t<span> </span>\r\n\t\t\t</p>\r\n\t\t\t<p class=\"NormalIndent\">\r\n\t\t\t\t<span> </span>\r\n\t\t\t</p>\r\n\t\t\t<p class=\"Avsnittsrubrik\">\r\n\t\t\t\t<a name=\"_Toc1633181\"></a><a name=\"StopCC\"></a><span class=\"tSidrubrikJA\">Utskottets förslag till riksdagsbeslut</span><span style=\"-aw-bookmark-end:_Toc1633181\"></span>\r\n\t\t\t</p>\r\n\t\t\t<p class=\"Mellanrum\">\r\n\t\t\t\t<span> </span>\r\n\t\t\t</p>\r\n\t\t\t<p class=\"Mellanrum\">\r\n\t\t\t\t<span> </span>\r\n\t\t\t</p>\r\n\t\t\t<table cellspacing=\"0\" cellpadding=\"0\" style=\"border-collapse:collapse; margin-left:0pt; width:294.2pt\">\r\n\t\t\t\t<tr>\r\n\t\t\t\t\t<td style=\"vertical-align:top; width:22pt\">\r\n\t\t\t\t\t\t<p style=\"margin-top:3.1pt; margin-bottom:0pt; text-align:justify; page-break-inside:avoid; page-break-after:avoid; line-height:12.5pt\">\r\n\t\t\t\t\t\t\t<span style=\"font-family:'Verdana'; font-size:10.5pt; font-weight:bold\">Riksrevisionens rapport om deltagarantal i nya arbetsmarknadspolitiska insatser</span>\r\n\t\t\t\t\t\t</p>\r\n\t\t\t\t\t</td>\r\n\t\t\t\t</tr>\r\n\t\t\t</table>\r\n\t\t\t<p class=\"Normalutanluftfre\" style=\"-aw-sdt-tag:'dokumentavsnitt/utskottets förslag till riksdagsbeslut/-2013004596/1550570995343'; -aw-sdt-title:'utskottets förslag till riksdagsbeslut'\">\r\n\t\t\t\t<span>Riksdagen avslår motion </span>\r\n\t\t\t</p>\r\n\t\t\t<p class=\"Normalutanluftfre\" style=\"-aw-sdt-tag:'dokumentavsnitt/utskottets förslag till riksdagsbeslut/-2013004596/1550570995343'; -aw-sdt-title:'utskottets förslag till riksdagsbeslut'\">\r\n\t\t\t\t<span>2018/19:687 av Alexander Christiansson m.fl. (SD) och </span>\r\n\t\t\t</p>\r\n\t\t\t<p class=\"Normalutanluftfre\" style=\"-aw-sdt-tag:'dokumentavsnitt/utskottets förslag till riksdagsbeslut/-2013004596/1550570995343'; -aw-sdt-title:'utskottets förslag till riksdagsbeslut'\">\r\n\t\t\t\t<span>lägger skrivelse 2018/19:10 till handlingarna.</span>\r\n\t\t\t</p>\r\n\t\t\t<p class=\"Mellanrum\" style=\"-aw-sdt-tag:'dokumentavsnitt/utskottets förslag till riksdagsbeslut/-2013004596/1550570995343'; -aw-sdt-title:'utskottets förslag till riksdagsbeslut'\">\r\n\t\t\t\t<span> </span>\r\n\t\t\t</p>\r\n\t\t\t<p class=\"Reservationshnvisning\" style=\"-aw-sdt-tag:'dokumentavsnitt/utskottets förslag till riksdagsbeslut/-2013004596/1550570995343'; -aw-sdt-title:'utskottets förslag till riksdagsbeslut'\">\r\n\t\t\t\t<span>Reservation (SD)</span>\r\n\t\t\t</p>\r\n\t\t\t<p class=\"OrtochDatum\" style=\"-aw-sdt-tag:'dokumentavsnitt/utskottets förslag till riksdagsbeslut/-2013004596/1550570995343'; -aw-sdt-title:'utskottets förslag till riksdagsbeslut'\">\r\n\t\t\t\t<span>Stockholm den 7 februari 2019</span>\r\n\t\t\t</p>\r\n\t\t\t<p class=\"PVgnar\" style=\"-aw-sdt-tag:'dokumentavsnitt/utskottets förslag till riksdagsbeslut/-2013004596/1550570995343'; -aw-sdt-title:'utskottets förslag till riksdagsbeslut'\">\r\n\t\t\t\t<span>På arbetsmarknadsutskottets vägnar</span>\r\n\t\t\t</p>\r\n\t\t\t<p class=\"Ordfranden\" style=\"-aw-sdt-tag:'dokumentavsnitt/utskottets förslag till riksdagsbeslut/-2013004596/1550570995343'; -aw-sdt-title:'utskottets förslag till riksdagsbeslut'\">\r\n\t\t\t\t<span>Anna Johansson</span>\r\n\t\t\t</p>\r\n\t\t\t<p class=\"Deltagare\" style=\"-aw-sdt-tag:'dokumentavsnitt/utskottets förslag till riksdagsbeslut/-2013004596/1550570995343'; -aw-sdt-title:'utskottets förslag till riksdagsbeslut'\">\r\n\t\t\t\t<span>Följande ledamöter har deltagit i beslutet: Anna Johansson (S), Jessica Polfjärd (M), Patrik Björck (S), Saila Quicklund (M), Magnus Persson (SD), Ali Esbati (V), Ebba Hermansson (SD), Johan Andersson (S), Sofia Damm (KD), Alexander Christiansson (SD), Leila Ali-Elmi (MP), Serkan Köse (S), Hanif Bali (M) och Johanna Haraldsson (S).</span>\r\n\t\t\t</p>\r\n\t\t\t<p class=\"Mellanrum\" style=\"-aw-sdt-tag:'dokumentavsnitt/utskottets förslag till riksdagsbeslut/-2013004596/1550570995343'; -aw-sdt-title:'utskottets förslag till riksdagsbeslut'\">\r\n\t\t\t\t<span> </span>\r\n\t\t\t</p>\r\n\t\t\t<p class=\"Mellanrum\" style=\"-aw-sdt-tag:'dokumentavsnitt/utskottets förslag till riksdagsbeslut/-2013004596/1550570995343'; -aw-sdt-title:'utskottets förslag till riksdagsbeslut'\">\r\n\t\t\t\t<span> </span>\r\n\t\t\t</p>\r\n\t\t\t<p class=\"Mellanrum\" style=\"-aw-sdt-tag:'dokumentavsnitt/utskottets förslag till riksdagsbeslut/-2013004596/1550570995343'; -aw-sdt-title:'utskottets förslag till riksdagsbeslut'\">\r\n\t\t\t\t<span style=\"font-size:9.5pt\"> </span>\r\n\t\t\t</p>\r\n\t\t\t<p>\r\n\t\t\t\t<span> </span>\r\n\t\t\t</p>\r\n\t\t\t<p class=\"Avsnittsrubrik\">\r\n\t\t\t\t<a name=\"_Toc1633182\"></a><a name=\"SlutUtskottsForslag\"></a><span class=\"tSidrubrikJA\">Redogörelse för ärendet</span><span style=\"-aw-bookmark-end:_Toc1633182\"></span>\r\n\t\t\t</p>\r\n\t\t\t<p>\r\n\t\t\t\t<span>Utskottet behandlar i detta betänkande regeringens skrivelse 2018/19:10 Riksrevisionens rapport om deltagarantal i nya arbetsmarknadspolitiska insatser och en motion som har väckts med anledning av skrivelsen. Förslaget i motionen finns i bilagan.</span>\r\n\t\t\t</p>\r\n\t\t\t<p class=\"NormalIndent\">\r\n\t\t\t\t<span>Enligt riksdagsordningen ska Riksrevisionen lämna sina gransknings</span><span>­</span><span>rapporter över effektivitetsrevisionen till riksdagen. Riksdagen ska överlämna rapporterna till regeringen</span><span>,</span><span> som inom fyra månader ska återkomma i en skrivelse till riksdagen med en redovisning av vilka åtgärder regeringen vidtagit eller avser </span><span>att </span><span>vidta med anledning</span><span> av iakttagelserna i rapporten.</span>\r\n\t\t\t</p>\r\n\t\t\t<p class=\"NormalIndent\">\r\n\t\t\t\t<span>Riksrevisionen överlämnade våren 2018 granskningsrapporten Deltagarantal i nya arbetsmarknadspolitiska insatser – önsketänkande framför träffsäkra volymbedömningar (RiR 2018:10) till riksdagen. I november 2018 informerade företrädare för Riksrevisionen utskottet om gran</span><span>sknings</span><span>­</span><span>rapporten</span><span>,</span><span> och regeringen</span><span> </span><span>överlämnade </span><span>s</span><span>krivelse 2018/19:10</span><span> till riksdagen.</span>\r\n\t\t\t</p>\r\n\t\t\t<p class=\"Avsnittsrubrik\">\r\n\t\t\t\t<a name=\"_Toc1633183\"><span class=\"tSidrubrikJA\">Utskottets överväganden</span></a>\r\n\t\t\t</p>\r\n\t\t\t<h2 style=\"-aw-sdt-tag:e53697c0-7a2f-4981-a29f-ac0f36ab859e/förslagsrutor/1984706988/1546607359182; -aw-sdt-title:förslagsrutor\">\r\n\t\t\t\t<a name=\"_Toc1633184\"><span>Riksrevisionens rapport om deltagarantal i nya arbetsmarknadspolitiska insatser</span></a>\r\n\t\t\t</h2>\r\n\t\t\t<div style=\"border-bottom-color:#000000; border-bottom-style:solid; border-bottom-width:0.75pt; border-left-color:#000000; border-left-style:solid; border-left-width:0.75pt; border-right-color:#000000; border-right-style:solid; border-right-width:0.75pt; border-top-color:#000000; border-top-style:solid; border-top-width:0.75pt; clear:both; margin:3.1pt 0.9pt 0pt\">\r\n\t\t\t\t<p class=\"Normalrutafet\" style=\"margin:0pt; padding-right:4pt; padding-left:4pt\">\r\n\t\t\t\t\t<span style=\"-aw-bookmark-end:_Toc1633184\"></span><span>Utskottets förslag i korthet</span>\r\n\t\t\t\t</p>\r\n\t\t\t\t<p class=\"Normalruta\" style=\"margin:0pt; padding-right:4pt; padding-left:4pt\">\r\n\t\t\t\t\t<span>Riksdagen </span><span>avslår ett motionsyrkande om att </span><span>regeringen skyndsamt bör</span><span> åtgä</span><span>rda de brister som framkommer i Riksrevisionens rapport</span><span> </span><span>och </span><span>lägger regeringens skrivelse till handlingarna</span><span>.</span>\r\n\t\t\t\t</p>\r\n\t\t\t\t<p class=\"Normalrutaindrag\" style=\"margin:0pt; padding-right:4pt; padding-left:4pt; padding-bottom:4pt; -aw-sdt-tag:'e53697c0-7a2f-4981-a29f-ac0f36ab859e/förslagsrutor reservations text/-230599230/1548402781526'; -aw-sdt-title:'förslagsrutor reservations text'\">\r\n\t\t\t\t\t<span>Jämför reservationen (SD).</span>\r\n\t\t\t\t</p>\r\n\t\t\t</div>\r\n\t\t\t<p class=\"R3\">\r\n\t\t\t\t<span>Riksrevisionens granskning</span>\r\n\t\t\t</p>\r\n\t\t\t<p>\r\n\t\t\t\t<span>Riksrevisionen har granskat </span><span>regeringens bedömningar av </span><span>det förväntade antalet deltagare i</span><span> </span><span>nya arbetsmarknadspolitiska insatser</span><span>. Resultatet av granskningen redovisas i rapporten </span><span>Deltagarantal i nya arbetsmarknads</span><span>­</span><span>politiska insatser – önsketänkande framför träffsäkra volymbedömningar </span><span>(RiR</span><span> </span><span>201</span><span>8:1</span><span>0).</span>\r\n\t\t\t</p>\r\n\t\t\t<p class=\"R4\">\r\n\t\t\t\t<span>Bakgrund och metod</span>\r\n\t\t\t</p>\r\n\t\t\t<p>\r\n\t\t\t\t<span>Riksrevisionen </span><span>konstaterar att regeringen u</span><span>nder perioden </span><span>2006–2015 introducerade </span><span>fler än 20 nya arbetsmarknadspolitiska insatser. En viktig del av regeringens förberedelser inför nya arbetsmarknadspolitiska insatser är att bedöma antalet deltagare. Sådana</span><span> </span><span>bedömningar </span><span>av volymen </span><span>görs bl</span><span>.a.</span><span> för att beräkna kostnader och prioritera mellan olika utgifter i statsbudgeten. De fungerar dessutom som underlag för</span><span> </span><span>långtidsprognoser över sysselsättning och arbetslöshet.</span>\r\n\t\t\t</p>\r\n\t\t\t<p class=\"NormalIndent\">\r\n\t\t\t\t<span>Riksrevisionen noterar att</span><span> det </span><span>har </span><span>funnits indikationer på att de arbetsmarknadspolitiska insatser som</span><span> har</span><span> lanserats av regeringen i flera fall inte </span><span>har </span><span>nått upp till det förväntade antalet deltagare. Mot denna bakgrund beslutade Riksrevision</span><span>en att granska regeringens </span><span>bedömningar</span><span> av volymen</span><span>.</span>\r\n\t\t\t</p>\r\n\t\t\t<p class=\"NormalIndent\">\r\n\t\t\t\t<span>Syftet med granskningen </span><span>har varit att undersöka träff</span><span>säkerheten i regeringens </span><span>bedömningar</span><span> av volymen i</span><span> nya arbetsmarknadspolitiska insatser </span><span>och att</span><span> bedöma om de utförs på ett sådant sätt att insatsernas framtida volymer kan förutsägas på ett tillförlitligt sätt.</span>\r\n\t\t\t</p>\r\n\t\t\t<p class=\"NormalIndent\">\r\n\t\t\t\t<span>Grans</span><span>kningen har genomförts</span><span> dels</span><span> genom att</span><span> jämföra </span><span>bedömningar</span><span>na</span><span> och utfall</span><span>et av volymen</span><span> för 23 insatser som regeringen intr</span><span>oducerade 2006–2015, dels</span><span> genom att</span><span> med fallstudier granska</span><span> hur bedömningarna av</span><span> volymen för</span><span> fem av dessa insatser har förberetts och dokumenterats. Fallstudierna består av Praktikantprogram inom statsförvaltningen för personer med funktions</span><span>­</span><span>nedsättning, Arbetsträning med handledare, Yrkesintroduktions</span><span>­</span><span>anställning, Utbildningsk</span><span>ontrakt och</span><span> Traineejobb. </span>\r\n\t\t\t</p>\r\n\t\t\t<p class=\"R4\">\r\n\t\t\t\t<span>Iakttagelser och rekommendationer</span>\r\n\t\t\t</p>\r\n\t\t\t<p>\r\n\t\t\t\t<span>Riksrevisionens övergripande slutsats är att det finns ett betydande</span><span> </span><span>förbätt</span><span>ringsutrymme i regeringens bedömningar </span><span>av antalet deltagare i</span><span> nya arbetsmark</span><span>­</span><span>nadspolitiska i</span><span>nsatser. Det förväntade </span><span>antalet</span><span> deltagare</span><span> </span><span>och kostnaderna </span><span>har systematiskt överskattats under hela den undersökta perioden</span><span>.</span><span> Enligt Riksrevisionen kan det </span><span>antingen bero på att förväntningarna har varit för höga eller att utfallet har blivit lägre än vad so</span><span>m var rimligt att förvänta sig, eller möjligen en kombination av dessa båda tendenser.</span>\r\n\t\t\t</p>\r\n\t\t\t<p class=\"NormalIndent\">\r\n\t\t\t\t<span>Riksrevisionen </span><span>konstaterar bl.a. </span><span>att det av </span><span>de </span><span>fallstudier som har genomförts tydligt framgår att det finns brister i både dokumentationen </span><span>av </span><span>och analysarbetet vid </span><span>bedömningen av antalet deltagare</span><span>.</span><span> Riksrevisionen menar även att s</span><span>killnaderna</span><span> mellan prognos och utfall kan </span><span>förklaras av en inbyggd överoptimism i bedömningarna </span><span>och att</span><span> bedömningarna utgjort målsättningar snarare än</span><span> </span><span>realistiska prognoser.</span><span> Enligt Riksrevisionen medför den här typen av </span><span>systematiska överskattningar av deltagarantalet </span><span>bl.a. att </span><span>resurser som avsätts för arbetsmarknadspolitik inte kommer till användning. Det innebär också en risk för att resurser läggs på insatser med låg kostnadseffektivitet.</span>\r\n\t\t\t</p>\r\n\t\t\t<p class=\"NormalIndent\">\r\n\t\t\t\t<span>Riksrevisionen framhåller bl.a. att systematiskt genomförda förberedelser med utgångspunkt i kända förklaringsfaktorer sk</span><span>ulle öka träffsäkerheten i bedömningen av volymerna</span><span>. Vidare är </span><span>det centralt att dokumentera </span><span>bedöm</span><span>­</span><span>ningarna och deras förberedelser</span><span>. Riksrevisionen betonar även vikten av uppföljni</span><span>ng och utvärdering av både bedömningen av volymerna</span><span> och utfallet av de arbetsmarknadspolitiska insatserna. </span>\r\n\t\t\t</p>\r\n\t\t\t<p class=\"NormalIndent\">\r\n\t\t\t\t<span>Mot ovanstående bakgrund lämnar Riksrevisionen följande rekommen</span><span>­</span><span>dationer:</span>\r\n\t\t\t</p>\r\n\t\t\t<p class=\"Punktlistabomb\" style=\"margin-left:14.2pt; margin-bottom:0pt; text-indent:-14.2pt\">\r\n\t\t\t\t<span style=\"font-family:'Verdana'; font-size:10pt\">•</span><span style=\"font:7.0pt 'Verdana'\">       </span><span>Regeringen bör i sina volymbedömningar av nya arbetsmarknadspolitiska insatser systematiskt ta hänsyn till faktorer som tidigare visat sig påverka</span><span> </span><span>deltagarantalet. Antaganden och analys bör därvid dokumenteras för att möjliggöra uppföljning.</span>\r\n\t\t\t</p>\r\n\t\t\t<p class=\"Punktlistabomb\" style=\"margin-top:0pt; margin-left:14.2pt; margin-bottom:0pt; text-indent:-14.2pt\">\r\n\t\t\t\t<span style=\"font-family:'Verdana'; font-size:10pt\">•</span><span style=\"font:7.0pt 'Verdana'\">       </span><span>Regeringen bör redovisa vilka volymer man förväntar sig i insatserna samt säkerställa att det i efterhand går att följa hur många person</span><span>er som deltagit i insatserna.</span>\r\n\t\t\t</p>\r\n\t\t\t<p class=\"Punktlistabomb\" style=\"margin-top:0pt; margin-left:14.2pt; text-indent:-14.2pt\">\r\n\t\t\t\t<span style=\"font-family:'Verdana'; font-size:10pt\">•</span><span style=\"font:7.0pt 'Verdana'\">       </span><span>Regeringen bör följa upp och utvärdera träffsäkerheten i sina volymbedömningar samt analysera orsakerna till eventuella avvikelser.</span>\r\n\t\t\t</p>\r\n\t\t\t<p class=\"R3\">\r\n\t\t\t\t<span>Regeringens skrivelse</span>\r\n\t\t\t</p>\r\n\t\t\t<p>\r\n\t\t\t\t<span>I skrivelse 2018/19:10 framhåller regeringen att utgångspunkten är att </span><span>bedömningen av volymen</span><span> inför nya arbetsmarknadspolitiska insatser ska vara välgrundad och hålla hög kvalitet. Samtidigt konstateras att Riksrevisionens granskning visar att deltagarantalet har överskattats i flertalet av de arbetsm</span><span>arknadspolitiska insatser som</span><span> olika regeringar införde mellan 2006 och 2015.</span>\r\n\t\t\t</p>\r\n\t\t\t<p class=\"NormalIndent\">\r\n\t\t\t\t<span>Regeringen i</span><span>nstämmer </span><span>i</span><span> Riksrevisionens bedömning att hänsyn bör tas till faktorer som påverkar antalet </span><span>deltagare </span><span>och att antaganden</span><span>a</span><span> och analys</span><span>en</span><span> bör dokumenteras. Regeringen instämmer även i </span><span>rekommendationen att </span><span>det i efterhand bör gå att följa hur många personer som har deltagit i en insats. </span><span>Vidare poängterar regeringen att</span><span> det är viktigt att uppföljningen kan göras på ett kostnadseffektivt sätt. Regeringen instämmer slutligen i Riksrevisionens rekommendation att träffsäkerheten i </span><span>b</span><span>edömningar</span><span>na</span><span> av volymen</span><span> bör följas upp och utvärderas.</span>\r\n\t\t\t</p>\r\n\t\t\t<p class=\"NormalIndent\">\r\n\t\t\t\t<span>Regeringen framhåller att de </span><span>arbetsmarknadspolitiska insatserna </span><span>i dag </span><span>följs upp </span><span>exempelvis genom </span><span>uppdrag och i dialog med Arbetsförmedlingen. Därutöver har Institutet för arbetsmarknads- och utbildningspolitisk utvärdering (IFAU) i uppdrag att genomföra utvärderingar av den arbetsmarknadspolitiska verksamheten.</span>\r\n\t\t\t</p>\r\n\t\t\t<p class=\"NormalIndent\">\r\n\t\t\t\t<span>När det gäller åtgärder med anledning av Riksrevisionens iakttagelser anför regeringen </span><span>att det sker ett </span><span>kontinuerligt</span><span> arbete</span><span> med att utveckla beräknings</span><span>­</span><span>metoder och prognosmodeller, dokumentation</span><span> av analys och antaganden, redo</span><span>visningar, uppföljningar och utvärderingar. </span><span>Regeringen anser att </span><span>Riksrevisionens granskning är ett viktigt bidrag till detta arbete.</span>\r\n\t\t\t</p>\r\n\t\t\t<p class=\"NormalIndent\">\r\n\t\t\t\t<span>I och med denna skrivelse anser regeringen att Riksrevisionens rapport är slutbehandlad.</span>\r\n\t\t\t</p>\r\n\t\t\t<p class=\"R3\">\r\n\t\t\t\t<span>Motionen</span>\r\n\t\t\t</p>\r\n\t\t\t<p>\r\n\t\t\t\t<span>I motion 2018/19:687 av Alexander Christiansson m.fl. (SD)</span><span> påpekar motionärerna att det arbetsmarknadspolitiska området i dag har stora utmaningar på grund av den stora migration som tidigare regeringar har öppnat för. Regeringen har valt att investera stora belopp </span><span>i</span><span> integrationssatsningar och etableringsåtgärder men med mycket låga resultat. Riksrevisionens gransk</span><span>­</span><span>ning visar att regeringens bedömningar </span><span>av</span><span> volymen i</span><span> nya arbets</span><span>­</span><span>marknads</span><span>­</span><span>politiska insatser</span><span> som </span><span>en följd av bl.a. överoptimism varit långtifrån träffsäkra. Motionärerna betonar att felbedömningar av det slag som regeringen ägnat sig åt riskerar att leda till en ineffektiv resursanvändning </span><span>eftersom</span><span> styckkost</span><span>­</span><span>naderna för en insats blir mycket stora då deltagandet är lågt. Motionärerna anser därför att </span><span>regeringen skyndsamt bör åtgärda de brister som framkommer i rapporten</span><span>.</span>\r\n\t\t\t</p>\r\n\t\t\t<p class=\"R3\">\r\n\t\t\t\t<span>Utskottets ställningstagande</span>\r\n\t\t\t</p>\r\n\t\t\t<p>\r\n\t\t\t\t<span>Utskottet vill inledningsvis framhålla att olika former av </span><span>arbetsmarknads</span><span>­</span><span>politiska insatser</span><span> spelar en viktig roll för att genomföra arbetsmarknads</span><span>­</span><span>politiken</span><span>.</span><span> </span><span>Insatser som används på rätt sätt kan</span><span> stärka den enskildes möjligheter att få eller behålla ett arbete och bidra till en förbättrad matchning på arbetsmarknaden.</span>\r\n\t\t\t</p>\r\n\t\t\t<p class=\"NormalIndent\">\r\n\t\t\t\t<span>Som Riksrevisionen framför i sin granskningsrapport är </span><span>arbetet med att bedöma </span><span>det </span><span>förväntade</span><span> antalet</span><span> deltagare </span><span>en viktig del av </span><span>regeringens förbered</span><span>­</span><span>elser inför nya arbetsmarknadspolitiska insatser. </span><span>Det är centralt inte minst för att </span><span>beräkna kostnader och prioritera mellan olika utgifter i statsbudgeten. </span><span>Utskottets uppf</span><span>attning är att väl utförda </span><span>bedömningar </span><span>av volymen </span><span>starkt kan bidra till att hushålla med statens resurser på ett effektivt sätt. Utskottet delar således regeringens utgångspunkt att </span><span>bedömningen av volymen</span><span> inför nya arbetsmarknads</span><span>­</span><span>politis</span><span>ka insatser ska vara välgrundad</span><span> och hålla hög kvalitet.</span><span> </span>\r\n\t\t\t</p>\r\n\t\t\t<p class=\"NormalIndent\">\r\n\t\t\t\t<span>Utskottet instämmer liksom</span><span> regeringen i de</span><span> </span><span>bedömningar</span><span> </span><span>och rekommen</span><span>­</span><span>dationer </span><span>Riksrevisionen redovisar i sin granskning</span><span>. Utskottet anser att rapporten är både väl underbyggd och väl avvägd. Som regeringen framhåller finns det skäl att</span><span> notera den roll som bl.a.</span><span> IFAU har i</span><span> att följa upp och utvärdera arbetsmarknadspolitiken.</span>\r\n\t\t\t</p>\r\n\t\t\t<p class=\"NormalIndent\">\r\n\t\t\t\t<span>Vidare noterar u</span><span>tskottet att regeringen a</span><span>rbetar kontinuerligt med att utveckla </span><span>bl.a. </span><span>beräkningsmetoder och prognosmodeller, dokumentation</span><span>, </span><span>uppföljningar och utvärderingar</span><span>. Utskottet anser </span><span>liksom</span><span> regeringen att Riksrevisionens granskning </span><span>är </span><span>ett viktigt bidrag till detta arbete.</span>\r\n\t\t\t</p>\r\n\t\t\t<p class=\"NormalIndent\">\r\n\t\t\t\t<span>När det gäller </span><span>den </span><span>följdmotion </span><span>som väckts </span><span>delar utskottet inte</span><span> </span><span>motion</span><span>­</span><span>ärernas</span><span> </span><span>negativa </span><span>syn på </span><span>etableringsåtgärder. Utskottet d</span><span>elar</span><span> Riksrevisionens uppfattning </span><span>att det finns utvecklingsmöjligheter i </span><span>regeringen</span><span>s arbete med </span><span>bedömning</span><span> av volymen</span><span> </span><span>in</span><span>för nya arbetsmarknadspolitiska insatser. En utveckling på området kan bidra till ett mer effektivt</span><span> genomföra</span><span>nde av</span><span> arbetsmarknadspolitiken</span><span>. Utskottet noterar </span><span>som framförts ovan att ett kontinuerligt arbete pågår</span><span> inom detta område</span><span>. Utskottet kommer att följa detta arbete med intresse framöver.</span>\r\n\t\t\t</p>\r\n\t\t\t<p class=\"NormalIndent\">\r\n\t\t\t\t<span>Sammanfattningsvis föreslår utskottet att riksdagen avslår motions</span><span>yrkandet</span><span> och lägger regeringens skrivelse till handlingarna.</span>\r\n\t\t\t</p>\r\n\t\t\t<p class=\"Avsnittsrubrik\">\r\n\t\t\t\t<a name=\"_Toc1633185\"><span class=\"tSidrubrikJA\">Reservation</span></a>\r\n\t\t\t</p>\r\n\t\t\t<p class=\"Mellanrum\" style=\"-aw-sdt-tag:bd318d10-42af-42e7-95a4-04f56a1546f7/reservationer/65664588/1550570995236; -aw-sdt-title:reservationer\">\r\n\t\t\t\t<span> </span>\r\n\t\t\t</p>\r\n\t\t\t<table cellspacing=\"0\" cellpadding=\"0\" style=\"border-collapse:collapse; margin-left:0pt; width:294.2pt\">\r\n\t\t\t\t<tr>\r\n\t\t\t\t\t<td style=\"vertical-align:top\">\r\n\t\t\t\t\t\t<p class=\"Reservationsrubrik\" style=\"margin-top:0pt; margin-bottom:3.1pt; text-align:left; page-break-inside:avoid; page-break-after:avoid; line-height:12.5pt\">\r\n\t\t\t\t\t\t\t<a name=\"_Toc1633186\"><span style=\"font-family:'Verdana'; font-size:10.5pt; font-weight:bold\">Riksrevisionens rapport om deltagarantal i nya arbetsmarknadspolitiska insatser (SD)</span></a>\r\n\t\t\t\t\t\t</p>\r\n\t\t\t\t\t</td>\r\n\t\t\t\t</tr>\r\n\t\t\t</table>\r\n\t\t\t<p class=\"Normalutanluftfre\" style=\"-aw-sdt-tag:bd318d10-42af-42e7-95a4-04f56a1546f7/reservationer/65664588/1550570995236; -aw-sdt-title:reservationer\">\r\n\t\t\t\t<span>av Magnus Persson (SD), Ebba Hermansson (SD) och Alexander Christiansson (SD).</span>\r\n\t\t\t</p>\r\n\t\t\t<p class=\"R4\" style=\"-aw-sdt-tag:bd318d10-42af-42e7-95a4-04f56a1546f7/reservationer/65664588/1550570995236; -aw-sdt-title:reservationer\">\r\n\t\t\t\t<span>Förslag till riksdagsbeslut</span>\r\n\t\t\t</p>\r\n\t\t\t<p style=\"margin-bottom:3.1pt; -aw-sdt-tag:bd318d10-42af-42e7-95a4-04f56a1546f7/reservationer/65664588/1550570995236; -aw-sdt-title:reservationer\">\r\n\t\t\t\t<span>Vi anser att förslaget till riksdagsbeslut borde ha följande lydelse:</span>\r\n\t\t\t</p>\r\n\t\t\t<p class=\"Normalutanluftfre\" style=\"-aw-sdt-tag:bd318d10-42af-42e7-95a4-04f56a1546f7/reservationer/65664588/1550570995236; -aw-sdt-title:reservationer\">\r\n\t\t\t\t<span>Riksdagen ställer sig bakom det som anförs i reservationen och tillkännager detta för regeringen.</span>\r\n\t\t\t</p>\r\n\t\t\t<p class=\"Normalutanluftfre\" style=\"text-indent:11.3pt; -aw-sdt-tag:bd318d10-42af-42e7-95a4-04f56a1546f7/reservationer/65664588/1550570995236; -aw-sdt-title:reservationer\">\r\n\t\t\t\t<span>Därmed bifaller riksdagen motion </span>\r\n\t\t\t</p>\r\n\t\t\t<p class=\"Normalutanluftfre\" style=\"-aw-sdt-tag:bd318d10-42af-42e7-95a4-04f56a1546f7/reservationer/65664588/1550570995236; -aw-sdt-title:reservationer\">\r\n\t\t\t\t<span>2018/19:687 av Alexander Christiansson m.fl. (SD) och </span>\r\n\t\t\t</p>\r\n\t\t\t<p class=\"Normalutanluftfre\" style=\"-aw-sdt-tag:bd318d10-42af-42e7-95a4-04f56a1546f7/reservationer/65664588/1550570995236; -aw-sdt-title:reservationer\">\r\n\t\t\t\t<span>lägger skrivelse 2018/19:10 till handlingarna.</span>\r\n\t\t\t</p>\r\n\t\t\t<p class=\"Mellanrum\" style=\"-aw-sdt-tag:bd318d10-42af-42e7-95a4-04f56a1546f7/reservationer/65664588/1550570995236; -aw-sdt-title:reservationer\">\r\n\t\t\t\t<span> </span>\r\n\t\t\t</p>\r\n\t\t\t<p class=\"Mellanrum\" style=\"-aw-sdt-tag:bd318d10-42af-42e7-95a4-04f56a1546f7/reservationer/65664588/1550570995236; -aw-sdt-title:reservationer\">\r\n\t\t\t\t<span> </span>\r\n\t\t\t</p>\r\n\t\t\t<p class=\"R4\">\r\n\t\t\t\t<span>Ställningstagande</span>\r\n\t\t\t</p>\r\n\t\t\t<p>\r\n\t\t\t\t<span>Sverige står i dag inför stora utmaningar på det arbetsmarknadspolitiska området</span><span>. Vi ser en arbetsmarknad där arbetslösheten hos utrikes födda är hög</span><span>. Det är en följd av den stora migration som tidigare regeringar har öppnat för. </span><span>Vi anser till skillnad från utskottet att regeringens agerande </span><span>för att komma till rätta med de omfattande problemen med f</span><span>elaktiga </span><span>bedömningar av</span><span> volymen i</span><span> nya arbetsmarknadspolitiska insatser inte är tillräckligt. Den överoptimism som enligt Riksrevisionen har präglat regeringens arbete </span><span>med </span><span>bedöm</span><span>­</span><span>ning</span><span> av volymerna</span><span> är högst olämplig och riskerar att få stora konsekvenser för framtida program och satsningar. </span><span>Vi har nu </span><span>en </span><span>situation där etablerings</span><span>­</span><span>åtgärderna skönmålas och skattebetalarna får betala. </span><span>Vi anser att det behövs tydliga åtgärder för att komma till rätta med problemen redan nu. Det är inte rimligt att som utskottet nöja s</span><span>ig med regeringens förklaring att</span><span> det pågår ett kontinuerligt arbete på området. </span><span>Vi anser därför att regeringen skyndsamt bör </span><span>vidta nya åtgärder för att åtgärda de brister som framkommer i rapporten.</span>\r\n\t\t\t</p>\r\n\t\t\t<p class=\"Bilaga\">\r\n\t\t\t\t<span class=\"tBilagaJA\">Bilaga</span>\r\n\t\t\t</p>\r\n\t\t\t<p class=\"Bilagerubrik\">\r\n\t\t\t\t<a name=\"_Toc1633187\"><span class=\"tSidrubrikJA\">Förteckning över behandlade förslag</span></a>\r\n\t\t\t</p>\r\n\t\t\t<p class=\"Rubrik2bilaga\" style=\"-aw-sdt-tag:'dokumentavsnitt/förteckning över behandlade förslag/1756503090/1546517503228'; -aw-sdt-title:'förteckning över behandlade förslag'\">\r\n\t\t\t\t<a name=\"_Toc1633188\"><span>Skrivelsen</span></a><span> </span>\r\n\t\t\t</p>\r\n\t\t\t<p style=\"-aw-sdt-tag:'dokumentavsnitt/förteckning över behandlade förslag/1756503090/1546517503228'; -aw-sdt-title:'förteckning över behandlade förslag'\">\r\n\t\t\t\t<span>Regeringens skrivelse 2018/19:10 Riksrevisionens rapport om deltagarantal i nya arbetsmarknadspolitiska insatser.</span>\r\n\t\t\t</p>\r\n\t\t\t<p class=\"Rubrik2bilaga\" style=\"-aw-sdt-tag:'dokumentavsnitt/förteckning över behandlade förslag/1756503090/1546517503228'; -aw-sdt-title:'förteckning över behandlade förslag'\">\r\n\t\t\t\t<a name=\"_Toc1633189\"><span>Följdmotionen</span></a>\r\n\t\t\t</p>\r\n\t\t\t<h4 style=\"-aw-sdt-tag:'dokumentavsnitt/förteckning över behandlade förslag/1756503090/1546517503228'; -aw-sdt-title:'förteckning över behandlade förslag'\">\r\n\t\t\t\t<span>2018/19:687 av Alexander Christiansson m.fl. (SD):</span>\r\n\t\t\t</h4>\r\n\t\t\t<p class=\"YrkandelistaEtt\" style=\"-aw-sdt-tag:'dokumentavsnitt/förteckning över behandlade förslag/1756503090/1546517503228'; -aw-sdt-title:'förteckning över behandlade förslag'\">\r\n\t\t\t\t<span>Riksdagen ställer sig bakom det som anförs i motionen om att regeringen skyndsamt bör åtgärda de brister som framkommer i rapporten, och detta tillkännager riksdagen för regeringen.</span>\r\n\t\t\t</p>\r\n\t\t\t<p class=\"Mellanrum\">\r\n\t\t\t\t<span> </span>\r\n\t\t\t</p>\r\n\t\t\t<p class=\"Mellanrum\" style=\"-aw-sdt-tag:'dokumentavsnitt/förteckning över behandlade förslag/1756503090/1546517503228'; -aw-sdt-title:'förteckning över behandlade förslag'\">\r\n\t\t\t\t<span> </span>\r\n\t\t\t</p>\r\n\t\t\t<p>\r\n\t\t\t\t<span> </span>\r\n\t\t\t</p>\r\n\t\t</div>\r\n\t"},"dokutskottsforslag":{"utskottsforslag":{"punkt":"1","rubrik":"Riksrevisionens rapport om deltagarantal i nya arbetsmarknadspolitiska insatser","forslag":"<BR/>Riksdagen avslår motion \r\n\r\n2018/19:687 av Alexander Christiansson m.fl. (SD) och \r\n\r\nlägger skrivelse 2018/19:10 till handlingarna.<BR/><BR/>","beslutstyp":"röstning","motforslag_nummer":"1","motforslag_partier":"\"SD\"","votering_id":"14fdc5c9-304b-4391-ab5f-747976c0acb1","votering_sammanfattning_html":{"table":{"tr":[{"td":{"h4":"Omröstning i sakfrågan","p":"Utskottets förslag mot reservation 1 (SD)"}},{"th":["Parti","Ja","Nej","Avstående","Frånvarande"]},{"td":["S","85","0","0","15"]},{"td":["M","58","0","0","12"]},{"td":["SD","0","56","0","6"]},{"td":["C","27","0","0","4"]},{"td":["V","23","0","0","5"]},{"td":["KD","19","0","0","3"]},{"td":["L","16","0","0","4"]},{"td":["MP","13","0","0","3"]},{"td":["Totalt","241","56","0","52"]},{"td":{"h4":null}}]},"br":null},"votering_url_xml":"http://data.riksdagen.se/votering/14FDC5C9-304B-4391-AB5F-747976C0ACB1","rm":"2018/19","bet":"AU4","vinnare":"utskottet"}},"dokmotforslag":{"motforslag":{"nummer":"1","rubrik":null,"partier":"\"SD\"","typ":"reservation","utskottsforslag_punkt":"1"}},"dokaktivitet":{"aktivitet":[{"kod":"UBE","namn":"Beredning","datum":"2019-01-24 00:00:00","status":"inträffat","ordning":"0","process":null},{"kod":"JUS","namn":"Justering","datum":"2019-02-07 00:00:00","status":"inträffat","ordning":"0","process":null},{"kod":"TRY","namn":"Trycklov","datum":"2019-02-21 00:00:00","status":"inträffat","ordning":"0","process":null},{"kod":"B","namn":"Bordläggning","datum":"2019-02-27 00:00:00","status":"inträffat","ordning":"0","process":null},{"kod":"BEH","namn":"Behandling","datum":"2019-02-28 00:00:00","status":"inträffat","ordning":"0","process":null},{"kod":"BES","namn":"Beslut","datum":"2019-02-28 00:00:00","status":"inträffat","ordning":"0","process":null}]},"dokuppgift":{"uppgift":[{"kod":"notis","namn":"Beslut i korthet","text":"                           <p>Riksdagen har behandlat en skrivelse från regeringen om regeringens bedömningar av det förväntade antalet deltagare i arbetsmarknadspolitiska insatser.</p>\r\n<p>Riksrevisionen har granskat regeringens bedömningar och anser att de kan förbättras. Det förväntade antalet deltagare har systematiskt överskattats under den period som undersökts. Riksrevisionen drar bland annat slutsatsen att regeringen mer systematiskt bör ta hänsyn till faktorer som tidigare påverkat deltagarantalet. Regeringen bör också se till att bedömningar och insatser följs upp och utvärderas.</p>\r\n<p>Regeringen instämmer i stort i Riksrevisionens bedömningar och rekommendationer. Även riksdagen håller med om slutsatserna. Riksdagen noterade att regeringen arbetar för att förbättra metoderna för att göra beräkningar, prognoser och utvärderingar och lade skrivelsen till handlingarna, det vill säga avslutade ärendet.</p>\r\n                                            ","dok_id":"H601AU4","systemdatum":"2019-02-28 16:19:42"},{"kod":"notisrubrik","namn":"Beslut","text":"Antal deltagare i arbetsmarknadspolitiska insatser (AU4)","dok_id":"H601AU4","systemdatum":"2019-02-28 16:19:42"},{"kod":"utsknotis","namn":"Utskottets förslag till beslut","text":"                           <p>Arbetsmarknadsutskottet har behandlat en skrivelse från regeringen om regeringens bedömningar av det förväntade antalet deltagare i arbetsmarknadspolitiska insatser.</p>\r\n<p>Riksrevisionen har granskat regeringens bedömningar och anser att de kan förbättras. Det förväntade antalet deltagare har systematiskt överskattats under den period som undersökts. Riksrevisionen drar bland annat slutsatsen att regeringen mer systematiskt bör ta hänsyn till faktorer som tidigare påverkat deltagarantalet. Regeringen bör också se till att bedömningar och insatser följs upp och utvärderas.</p>\r\n<p>Regeringen instämmer i stort i Riksrevisionens bedömningar och rekommendationer. Även arbetsmarknadsutskottet håller med om slutsatserna. Utskottet noterar att regeringen arbetar för att förbättra metoderna för att göra beräkningar, prognoser och utvärderingar och föreslår att riksdagen lägger skrivelsen till handlingarna, det vill säga avslutar ärendet.</p>\r\n                                            ","dok_id":"H601AU4","systemdatum":"2019-02-28 16:19:42"},{"kod":"utsknotisrubrik","namn":"Utskottets förslag","text":"Antal deltagare i arbetsmarknadspolitiska insatser (AU4)","dok_id":"H601AU4","systemdatum":"2019-02-28 16:19:42"},{"kod":"rdbeslut","namn":"Riksdagens beslut","text":"Kammaren biföll utskottets förslag.","dok_id":"H601AU4","systemdatum":"2019-02-28 16:29:15"},{"kod":"beslutssammanfattningusk","namn":"Utskottets förslag till beslut","text":"Avslag på motionen. Skrivelsen läggs till handlingarna.","dok_id":"H601AU4","systemdatum":"2019-02-21 10:56:03"},{"kod":"debattdatumtid","namn":"Datum och tid för debatten","text":"2019-02-28 00:00:00","dok_id":"H601AU4","systemdatum":"2019-02-28 16:19:42"},{"kod":"beslutdatumtid","namn":"Datum och tid för beslutet","text":"2019-02-28 00:00:00","dok_id":"H601AU4","systemdatum":"2019-02-28 16:19:42"},{"kod":"statustext","namn":"statustext","text":"Ärendet är avslutat","dok_id":"H601AU4","systemdatum":"2019-03-01 14:11:30"}]},"dokbilaga":{"bilaga":{"dok_id":"H601AU4","titel":"Riksrevisionens rapport om deltagarantal i nya arbetsmarknadspolitiska insatser","subtitel":null,"filnamn":"2018_19_AU4_20190221105523_Publicering.pdf","filstorlek":"333247","filtyp":"pdf","fil_url":"http://data.riksdagen.se/fil/01811AE4-DE6C-4407-ACD8-7BFDFE6448D0"}},"dokreferens":{"referens":[{"referenstyp":"behandlar","uppgift":"motion 2018/19:687 med anledning av skr. 2018/19:10 Riksrevisionens rapport om deltagarantal i nya arbetsmarknadspolitiska insatser","ref_dok_id":"H602687","ref_dok_typ":"mot","ref_dok_rm":"2018/19","ref_dok_bet":"687","ref_dok_titel":"med anledning av skr. 2018/19:10 Riksrevisionens rapport om deltagarantal i nya arbetsmarknadspolitiska insatser","ref_dok_subtitel":null,"ref_dok_subtyp":"mot","ref_dok_dokumentnamn":"Motion"},{"referenstyp":"behandlar","uppgift":"Skrivelse 2018/19:10 Riksrevisionens rapport om deltagarantal i nya arbetsmarknadspolitiska insatser","ref_dok_id":"H60310","ref_dok_typ":"prop","ref_dok_rm":"2018/19","ref_dok_bet":"10","ref_dok_titel":"Riksrevisionens rapport om deltagarantal i nya arbetsmarknadspolitiska insatser","ref_dok_subtitel":null,"ref_dok_subtyp":"skr","ref_dok_dokumentnamn":"Skrivelse"},{"referenstyp":"föredragningslista","uppgift":"föredragningslista 2018/19:57 Torsdag den 28 februari 2019","ref_dok_id":"H60I57","ref_dok_typ":"f-lista","ref_dok_rm":"2018/19","ref_dok_bet":"57","ref_dok_titel":"Torsdag den 28 februari 2019","ref_dok_subtitel":null,"ref_dok_subtyp":null,"ref_dok_dokumentnamn":"Föredragningslista"},{"referenstyp":"protokollbeslut","uppgift":"2019-02-28","ref_dok_id":"H60957","ref_dok_typ":"prot","ref_dok_rm":"2018/19","ref_dok_bet":"57","ref_dok_titel":"Protokoll 2018/19:57 Torsdagen den 28 februari","ref_dok_subtitel":"Riksrevisionens rapport om deltagarantal i nya arbetsmarknadspolitiska insatser","ref_dok_subtyp":null,"ref_dok_dokumentnamn":"Protokoll"},{"referenstyp":"protokolldebatt","uppgift":"2019-02-28","ref_dok_id":"H60957","ref_dok_typ":"prot","ref_dok_rm":"2018/19","ref_dok_bet":"57","ref_dok_titel":"Protokoll 2018/19:57 Torsdagen den 28 februari","ref_dok_subtitel":"Riksrevisionens rapport om deltagarantal i nya arbetsmarknadspolitiska insatser","ref_dok_subtyp":null,"ref_dok_dokumentnamn":"Protokoll"},{"referenstyp":"rskr","uppgift":null,"ref_dok_id":"H60K141","ref_dok_typ":"rskr","ref_dok_rm":"2018/19","ref_dok_bet":"141","ref_dok_titel":"Riksdagsskrivelse 2018/19:141","ref_dok_subtitel":null,"ref_dok_subtyp":"rskr","ref_dok_dokumentnamn":"Riksdagsskrivelse"},{"referenstyp":"talarlista","uppgift":"talarlista 2018/19:20190228 Torsdag den 28 februari 2019 (preliminär)","ref_dok_id":"H60J20190228","ref_dok_typ":"t-lista","ref_dok_rm":"2018/19","ref_dok_bet":"20190228","ref_dok_titel":"Torsdag den 28 februari 2019 (preliminär)","ref_dok_subtitel":null,"ref_dok_subtyp":null,"ref_dok_dokumentnamn":"Talarlista"}]},"debatt":{"anforande":[{"video_id":"1100190228434650222","video_url":"1100190228434650222#pos=22","startpos":"22","tumnagel":["","//mhdownload.riksdagen.se/riksdagen/unrestricted/thumb/1100190228434650222_mid.jpg"],"tumnagel_stor":"//mhdownload.riksdagen.se/riksdagen/unrestricted/thumb/1100190228434650222_high.jpg","anf_video_id":"1100190228434650422","anf_hangar_id":"5023263","anf_sekunder":"386","anf_klockslag":"12:01","datumtid":"2019-02-28 12:01:43","anf_datum":"2019-02-28 00:00:00","anf_typ":"ap","anf_text":"<p>Herr talman! Inledningsvis vill jag yrka bifall till Sverigedemokraternas reservation. </p><p><em>Önsketänkande framför träffsäkra volymbedömningar</em> - så lyder en del av rubriken på Riksrevisionens granskningsrapport som vi nu har samlats för att debattera.</p><p>I dag är vår arbetsmarknad extremt segregerad, faktiskt mest segregerad i hela Europa. Orsaken till det kräver inga djupare analyser utan är snarare effekten av en rad dåliga beslut under en lång tid.</p><p>I dag ser arbetslösheten ut enligt följande. Bland inrikes födda är den 3,8 procent. Bland utrikes födda är den 15,4 procent. Det ger ett snitt på 6,5 procent. Kopplat till dessa siffror vet vi alla att subventionerade anställningar döljer en stor del arbetslöshet i en lång och stabil högkonjunktur.</p><p>Riksrevisionens granskning omfattar tiden mellan 2006 och 2015, då 23 arbetsmarknadspolitiska insatser lanserades av olika regeringar. </p><p>Att råda bot på den situation som makthavare har försatt oss i under de senaste decennierna är inte en lätt uppgift, speciellt inte då man valt att blunda för problemen i de parallella utanförskapsområden som man högtravande och ihärdigt har valt att skapa. I sin optimism har man försökt att gjuta olja på vågorna, men detta har gett små och ibland inga resultat alls.</p><p>I ett tappert försök att framstå som ansvarstagande har man valt att låta siffrorna se bättre ut än verkligheten. Väldigt många medborgare i vårt land menar att politikerna lever långt ifrån denna verklighet. Rapporten vi nu diskuterar blir ytterligare ett bevis på detta verklighetsfrånvända manér.</p><p> STYLEREF Kantrubrik \\* MERGEFORMAT Riksrevisionens rapport om deltagar-antal i nya arbets-marknadspolitiska insatser</p><p>Riksrevisionens dom över regeringens agerande talar sitt tydliga språk. Jag skulle som anförande egentligen kunna läsa innantill från rapporten, då den säger allt jag vill säga. Som exempel vill jag lyfta fram tre av de risker som rapporten pekar på.</p><p>Den första risken är att 15 procent av de medel som avsatts för programmen inte har använts. Det motsvarar 2,3 miljarder under enbart 2016. Det är pengar som hade kunnat göra stor nytta i mer lönsamma arbetsmarknadsprojekt eller i andra delar av vår gemensamma välfärd, exempelvis inom äldrevården, skolan, polisen eller inom något annat område i välfärden där man i dagens Sverige går på knäna. </p><p>Den andra risken är att regeringen i snitt har lanserat två program per år. Riksrevisionen skriver: \"I vissa fall har implementeringskostnaderna för dessa insatser varit betydande samtidigt som deltagarantalet inte kommit i närheten av det förväntade. Höga, fasta implementeringskostnader i kombination med ett lågt deltagande innebär höga styckkostnader.\" Detta är återigen kostnader som skattebetalarna får betala.</p><p>Den tredje och sista risken jag väljer att lyfta fram här är det faktum att Arbetsförmedlingen anvisar deltagare till insatser i syfte att öka volymerna. Det gör man snarare än att utgå från det bästa ur den arbetssökandes perspektiv. Det blir inte bra för någon part.</p><p>Vad gör vi då åt dessa problem som skapats? Mot bakgrund av detta måste man först förstå att vi i Sverigedemokraterna under lång tid varnat för konsekvenserna av den förda politiken. Det handlar om konsekvenser som vi nu alltmer ser hopa sig i vårt samhälle. Vi hade som ingång aldrig försatt oss i den situation vi nu har. Därför är ett stopp av migration något som vi måste ha för att hantera de problem vi har med segregationen på arbetsmarknaden och i utanförskapsområdena.</p><p>Ett annat citat lyder: \"Gör din plikt, kräv din rätt.\" Detta är en värdering som har lagt grunden för det goda samhälle vi i dag lever i. Varifrån citatet kommer är inte helt klarlagt, men troligen har det sina rötter i arbetarrörelsen. Den vanligaste teorin är att det var den socialdemokratiske pionjären August Palm som en gång i tiden myntade begreppet.</p><p>Att vi gått ifrån de grundläggande principer som format oss som folk och nation får naturligtvis konsekvenser. Det är ett av de viktigaste fundamenten för att skapa framtidstro, sammanhållning och således också en chans till en rimlig integration. Det handlar om principer som regering efter regering valt att nedmontera i sin ängslighet och rädsla att uppfattas som fientliga mot främlingar.</p><p>I våra förslag välkomnar vi personer som konstruktivt vill bidra till vårt gemensamma samhällsbygge. Vi gör skillnad på dem som vill bygga bilar och dem som bränner bilar. Vi gör skillnad på dem som vill bidra till Sverige och dem som av egen fri vilja väljer att åka ned till Mellanöstern för att kriga eller serva terrorister i vidriga, äckliga och inhumana islamistiska terroristorganisationer.</p><p>Herr talman! Vi vill därför ställa högre krav på personer vad gäller kunskap om språk, samhälle och jämställdhet, för att ta några exempel. Vill man inte bli en del av det svenska samhället måste man inte det, men då ska man heller inte bo här. Vill man däremot bli en del av vårt samhälle med de värderingar och grundläggande principer vi har går det väldigt bra. Det har vi sett inte minst bland grupper som kommit till Sverige tidigare i historien.</p><p> STYLEREF Kantrubrik \\* MERGEFORMAT Riksrevisionens rapport om deltagar-antal i nya arbets-marknadspolitiska insatser</p><p>Avslutningsvis vill jag säga att det är beklagligt att rapporten fick delrubriken <em>Önsketänkande framför träffsäkra volymbedömningar</em><em>.</em> I stället borde <em>Träffsäkra volymbedömningar framför önsketänkanden</em> ha fått stå som rubrik för rapporten.</p>","anf_beteckning":"2018/19:57-1","anf_nummer":"1","talare":"Alexander Christiansson (SD)","intressent_id":"0279488554424","parti":"SD","anf_rm":"2018/19"},{"video_id":"1100190228434650222","video_url":"1100190228434650222#pos=420","startpos":"420","tumnagel":["","//mhdownload.riksdagen.se/riksdagen/unrestricted/thumb/1100190228434650222_mid.jpg"],"tumnagel_stor":"//mhdownload.riksdagen.se/riksdagen/unrestricted/thumb/1100190228434650222_high.jpg","anf_video_id":"1100190228434650722","anf_hangar_id":"5023264","anf_sekunder":"436","anf_klockslag":"12:08","datumtid":"2019-02-28 12:08:21","anf_datum":"2019-02-28 00:00:00","anf_typ":"ap","anf_text":"<p>Herr talman! Jag yrkar inledningsvis bifall till förslaget i betänkandet och avslag på följdmotionen.</p><p>Det vi diskuterar är Riksrevisionens granskningsrapport om deltagarantal i nya arbetsmarknadspolitiska insatser. Riksrevisionen har granskat 23 arbetsmarknadspolitiska insatser som införts under åren 2006-2015. Enligt granskningen har skillnaderna mellan regeringarnas bedömningar och det verkliga deltagarantalet i insatserna varit stora. Skillnaderna har dessutom ökat över tid.</p><p>Utifrån sin granskning rekommenderar Riksrevisionen regeringen att systematiskt ta hänsyn till faktorer som tidigare visat sig påverka deltagarantalet och dokumentera sina antaganden och analyser för att möjliggöra en uppföljning. Riksrevisionen rekommenderar också att regeringen bör redovisa förväntat antal deltagare i insatserna samt säkerställa att det i efterhand går att följa hur många personer som deltagit.</p><p>Herr talman! Arbetsmarknadsutskottet instämmer liksom regeringen i de bedömningar och rekommendationer Riksrevisionen redovisar i sin granskning. Utskottet anser att rapporten är både väl underbyggd och väl avvägd.</p><p>Vidare noterar utskottet att regeringen arbetar kontinuerligt med att utveckla bland annat beräkningsmetoder och prognosmodeller, dokumentation, uppföljningar och utvärderingar. Utskottet anser liksom regeringen att Riksrevisionens granskning är ett viktigt bidrag till detta arbete.</p><p>Herr talman! När det gäller Sverigedemokraternas följdmotion delar utskottet inte motionärernas negativa syn på etableringsåtgärder. Utskottet delar Riksrevisionens uppfattning att det finns utvecklingsmöjligheter i regeringens arbete med bedömning av volymen inför nya arbetsmarknadspolitiska insatser. En utveckling på området kan bidra till ett mer effektivt genomförande av arbetsmarknadspolitiken.</p><p>Herr talman! Det är inte första gången eller sista gången vi får höra eller läsa om Sverigedemokraternas negativa och svartmålande bild av läget på arbetsmarknaden. Jag vill ge en annan bild.</p><p>De senaste åren har vi socialdemokrater jobbat mycket aktivt på nationell och lokal nivå för att förbättra de nyanländas etablering på arbetsmarknaden. Satsningarna har stor betydelse. Satsningarna ger ett lyft för individen och bidrar på ett avgörande vis till att minska ojämlikhet och segregation.</p><p>I dag går fler än 360 000 fler svenskar till jobbet jämfört med hur det var tidigare. Vi har den högsta sysselsättningen på 25 år, och arbetslösheten fortsätter att falla. Ungdomsarbetslösheten, som var skyhög när vi tog över 2014, har pressats till den lägsta nivån på 16 år. Svensk arbetsmarknad är urstark. Jobben växer fram i hela landet. En stark konjunktur spelar självklart roll, men regeringens investeringar i jobb och välfärd ger resultat.</p><p> STYLEREF Kantrubrik \\* MERGEFORMAT Riksrevisionens rapport om deltagar-antal i nya arbets-marknadspolitiska insatser</p><p>Herr talman! Utvecklingen visar med tydlighet hur fel SD har i sin beskrivning av verkligheten. Nyanlända kommer allt snabbare i arbete. SCB visar att det tidigare tog upp till tio år innan varannan flykting etablerat sig på arbetsmarknaden men att den tiden nu har kortats till nästan fem år. Den tiden har halverats.</p><p>Arbetslösheten har minskat bland både inrikesfödda och utrikesfödda. Andelen nyanlända som arbetar eller studerar 90 dagar efter att de lämnat Arbetsförmedlingens etableringsprogram har ökat kraftigt. Under de första sex månaderna 2018 uppgick andelen till 43 procent, att jämföra med 26 procent under samma period 2014.</p><p>Det är positivt att utvecklingen går i rätt riktning, men det räcker inte. Mer måste göras för att alla som kan arbeta ska komma i arbete och för att alla som behöver utbildning för att komma i arbete ska få ta del av utbildning. Etableringstiden behöver kortas ytterligare, inte minfst för nyanlända kvinnor.</p><p>Herr talman! Flera viktiga reformer har satts på plats för att bättre ta emot och rusta människor som är nyanlända till vårt land att bli del i det fortsatta byggandet av det. Trots att Sverige under många år tagit ett stort ansvar för människor på flykt har vi saknat ett tillräckligt systematiskt sätt att ta oss an integrationen.</p><p>Därför har vi infört en bosättningslag som innebär att alla kommuner måste vara med och ta ansvar för mottagandet, särskilt de som har en stark arbetsmarknad.</p><p>Vi har infört språkintroduktionen, där man kan kombinera språk, yrkesutbildning och praktik, som ett alltmer effektivt verktyg för integration i arbetslivet.</p><p>Vi har infört snabbspåren, som har blivit en allt viktigare insats för att korta tiden från ankomst till jobb för nyanlända som har erfarenhet eller utbildning inom yrken där det är svårt att få tag i arbetskraft. Enligt Arbetsförmedlingen har 8 000 personer deltagit i ett snabbspår sedan starten 2016.</p><p>Vi har infört extratjänster, som ger nya möjligheter för långtidsarbetslösa och nyanlända att etablera sig på arbetsmarknaden. Fler och fler kommuner utnyttjar möjligheten att ta in personer som står långt från arbetsmarknaden som resursförstärkningar i verksamheten. I dag har vi över 11 000 extratjänster i hela landet.</p><p>Vi har infört utbildningsplikt för nyanlända, tydligare krav på att ta del av etableringsinsatser som bedöms leda till arbete, fler utbildningsmöjligheter samt de nya introduktionsjobben - ett enkelt och kraftfullt anställningsstöd som ersätter flera gamla stödformer.</p><p>Tillsammans med parterna utformar vi nu etableringsjobb. Vi har i dag 340 lokala jobbspår i hela landet med över 3 500 deltagare. Lokala jobbspår är skräddarsydda vägar till jobb hos arbetsgivare som behöver anställa.</p><p>Riksrevisionens rapport om deltagar-antal i nya arbets-marknadspolitiska insatser</p><p>Vi har skrotat vårdnadsbidraget, som förde utrikesfödda kvinnor längre från arbetsmarknaden i stället för närmare - och som SD vill återinföra, på tal om jämställdhet. Vi har infört begränsningar i föräldraförsäkringen.</p><p>Detta var ett axplock av åtgärder för att påskynda och skapa förutsättningar för människor att etablera sig på arbetsmarknaden. Det räcker som sagt inte. Mer behöver göras.</p><p>Vi har också i januariavtalet i en överenskommelse mellan Socialdemokraterna, Miljöpartiet, Liberalerna och Centerpartiet presenterat ett batteri av insatser som ska stärka arbetssökandes möjligheter till jobb.</p><p>Herr talman! Till skillnad från Sverigedemokraterna bygger vi broar. Vi bedriver en aktiv arbetsmarknadspolitik som innebär att arbetssökande ska ges tillgång till insatser som stärker deras möjligheter att ta de många lediga jobb där arbetsgivare i dag har svårt att hitta den kompetens de behöver. Det är att investera i ett starkare samhälle där var och en ges möjlighet och plats att vara med i samhällsbygget.</p><p>(Applåder)</p><p>I detta anförande instämde Johan Andersson och Johanna Haraldsson (båda S).</p><p>Överläggningen var härmed avslutad.</p><p>(Beslut fattades under § 15.)</p><p>Riksrevisionens rapport om uppfölj-ning av deltagare i Förberedande och orienterande utbild-ning inom etablerings-uppdraget</p>","anf_beteckning":"2018/19:57-2","anf_nummer":"2","talare":"Serkan Köse (S)","intressent_id":"0256716955026","parti":"S","anf_rm":"2018/19"}]}}}