{"dokumentstatus":{"dokument":{"hangar_id":"5003619","dok_id":"H601FiU17","rm":"2018/19","beteckning":"FiU17","typ":"bet","subtyp":"bet","doktyp":"bet","typrubrik":"Betänkande 2018/19:FiU17","dokumentnamn":"Betänkande","debattnamn":"Debatt om förslag","tempbeteckning":"","organ":"FiU","mottagare":"","nummer":"17","slutnummer":"0","datum":"2019-03-27 00:00:00","systemdatum":"2019-04-04 21:54:33","publicerad":"2018-09-24 13:57:45","titel":"Riksrevisionens rapport om tillämpningen av den kommunala finansieringsprincipen","subtitel":"","status":"Webbpublicering","htmlformat":"html","relaterat_id":"","source":"RIM","sourceid":"3fbd87cf-39f5-4a29-9fd0-0910275fc8a3","dokument_url_text":"http://data.riksdagen.se/dokument/H601FiU17/text","dokument_url_html":"http://data.riksdagen.se/dokument/H601FiU17","dokumentstatus_url_xml":"http://data.riksdagen.se/dokumentstatus/H601FiU17","utskottsforslag_url_xml":"http://data.riksdagen.se/utskottsforslag/H601FiU17","html":"<style><!--\r\n .w600px{width: 600px;font-family:Verdana, Geneva, sans-serif}\r\nh2.dtyp{font-size:1.5em !important;} \r\n/********************************************************************************************************/\r\n/* Styles for D:\\Logs\\DocumentConverter\\\\Output_6ef6c69d-8f2f-45eb-96f6-ef599b724e43\\HTML\\Dokument.html */\r\n/* Generated by Aspose.Words for .NET 15.3.0.0                                                          */\r\n/********************************************************************************************************/\r\n\r\n@page Section1 { size:467.8pt 686.05pt; margin:45.35pt 102.05pt 73.7pt 70.85pt }\r\ndiv.Section1 { page:Section1 }\r\nzbody { text-align:justify; line-height:12.5pt; font-family:'Verdana'; font-size:9.5pt }\r\nzh1, h2, h3, h4, h5, h6, p { margin:3.1pt 0pt 0pt }\r\nzli, table { margin-top:3.1pt; margin-bottom:0pt }\r\nzh1 { margin-top:3.1pt; margin-bottom:12pt; text-align:left; page-break-after:avoid; line-height:12.5pt; font-family:'Verdana'; font-size:16pt; font-weight:normal }\r\nzh2 { margin-top:20pt; margin-bottom:6pt; text-align:left; page-break-inside:avoid; page-break-after:avoid; line-height:12.5pt; font-family:'Verdana'; font-size:13.5pt; font-weight:normal }\r\nzh3 { margin-top:20pt; margin-bottom:3.1pt; text-align:left; page-break-inside:avoid; page-break-after:avoid; line-height:12.5pt; font-family:'Verdana'; font-size:10.5pt; font-weight:bold }\r\nzh4 { margin-top:15pt; margin-bottom:3.1pt; text-align:left; page-break-inside:avoid; page-break-after:avoid; line-height:12.5pt; font-family:'Verdana'; font-size:10.5pt; font-weight:normal; font-style:italic; color:#000000 }\r\nzh5 { margin-top:6.25pt; margin-bottom:0pt; text-align:justify; page-break-inside:avoid; page-break-after:avoid; line-height:12.5pt; font-family:'Verdana'; font-size:9.5pt; font-weight:bold }\r\nzh6 { margin-top:6.25pt; margin-bottom:0pt; text-align:justify; page-break-inside:avoid; page-break-after:avoid; line-height:12.5pt; font-family:'Verdana'; font-size:9.5pt; font-weight:normal; font-style:italic; color:#000000 }\r\n.Heading7 { margin-top:2pt; margin-bottom:0pt; text-align:justify; page-break-inside:avoid; page-break-after:avoid; line-height:12.5pt; font-family:'Verdana'; font-size:9.5pt; font-weight:normal; font-style:italic; color:#243f60 }\r\n.Heading8 { margin-top:2pt; margin-bottom:0pt; text-align:justify; page-break-inside:avoid; page-break-after:avoid; line-height:12.5pt; font-family:'Verdana'; font-size:9pt; font-weight:normal; color:#272727 }\r\n.Heading9 { margin-top:2pt; margin-bottom:0pt; text-align:justify; page-break-inside:avoid; page-break-after:avoid; line-height:12.5pt; font-family:'Verdana'; font-size:9pt; font-weight:normal; font-style:italic; color:#272727 }\r\n.Avsnittsrubrik { margin-top:0pt; margin-bottom:27.7pt; text-align:left; page-break-before:always; page-break-after:avoid; line-height:normal; font-family:'Verdana'; font-size:16pt }\r\n.Avvikandemeningrubrik { margin-top:0pt; margin-bottom:3.1pt; text-align:left; page-break-inside:avoid; page-break-after:avoid; line-height:12.5pt; font-family:'Verdana'; font-size:10.5pt; font-weight:bold }\r\n.BalloonText { margin-top:3.1pt; margin-bottom:0pt; text-align:justify; line-height:normal; font-family:Tahoma; font-size:8pt }\r\n.Bilaga { margin-top:0pt; margin-bottom:0pt; text-align:left; page-break-before:always; page-break-after:avoid; line-height:normal; widows:0; orphans:0; font-family:'Verdana'; font-size:8pt; font-variant:small-caps; text-decoration:underline }\r\n.Bilagerubrik { margin-top:0pt; margin-bottom:17.7pt; text-align:left; page-break-after:auto; line-height:normal; widows:0; orphans:0; font-family:'Verdana'; font-size:16pt }\r\n.Bild-Rubrik { margin-top:8pt; margin-bottom:0pt; text-align:justify; page-break-inside:avoid; page-break-after:avoid; line-height:10pt; font-family:'Verdana'; font-size:9.5pt; font-weight:bold }\r\n.Bild-Underrubrik { margin-top:0pt; margin-bottom:1pt; text-align:left; page-break-inside:avoid; page-break-after:avoid; line-height:8pt; font-family:'Verdana'; font-size:8pt; font-weight:normal; font-style:italic }\r\n.BodyText { margin-top:3.1pt; margin-bottom:0pt; text-align:left; line-height:12.5pt; font-family:'Verdana'; font-size:9.5pt }\r\n.BodyTextIndent2 { margin-top:3.1pt; margin-left:14.15pt; margin-bottom:6pt; text-align:justify; line-height:200%; font-family:'Verdana'; font-size:9.5pt }\r\n.Citatindrag { margin-top:0pt; margin-left:14.2pt; margin-bottom:6.1pt; text-indent:14.2pt; text-align:justify; line-height:10pt; font-family:'Verdana'; font-size:9.5pt }\r\n.CommentText { margin-top:3.1pt; margin-bottom:0pt; text-align:justify; line-height:normal; font-family:'Verdana'; font-size:10pt }\r\n.Deltagare { margin-top:0pt; margin-bottom:0pt; text-align:justify; page-break-inside:avoid; page-break-after:avoid; line-height:9.5pt; font-family:'Verdana'; font-size:9.5pt }\r\n.Diagram-Rubrik { margin-top:8pt; margin-bottom:0pt; text-align:justify; page-break-inside:avoid; page-break-after:avoid; line-height:10pt; font-family:'Verdana'; font-size:9.5pt; font-weight:bold }\r\n.Diagram-Underrubrik { margin-top:0pt; margin-bottom:1pt; text-align:left; page-break-inside:avoid; page-break-after:avoid; line-height:8pt; font-family:'Verdana'; font-size:8pt; font-weight:normal; font-style:italic }\r\n.DokumentRubrik { margin-top:6pt; margin-bottom:24pt; text-align:left; line-height:normal; border-bottom-style:solid; border-bottom-width:0.75pt; border-bottom-color:#000000; padding-bottom:4pt; font-family:'Verdana'; font-size:18pt }\r\n.Dokumentbeteckning { margin-top:0pt; margin-bottom:0pt; text-align:left; page-break-inside:avoid; page-break-after:avoid; line-height:12.5pt; font-family:'Verdana'; font-size:16pt }\r\n.Footer { margin-top:3.1pt; margin-bottom:0pt; text-align:justify; line-height:normal; font-family:'Verdana'; font-size:9.5pt }\r\n.FootnoteText { margin-top:0pt; margin-bottom:0pt; text-align:justify; line-height:8pt; font-family:'Verdana'; font-size:8pt }\r\n.Fotnotstextindrag { margin-top:0pt; margin-left:5.65pt; margin-bottom:0pt; text-align:left; line-height:8pt; font-family:'Verdana'; font-size:8pt }\r\n.Frslagspunkt { margin-top:0pt; margin-bottom:0pt; text-align:left; page-break-inside:avoid; page-break-after:avoid; line-height:12.5pt; font-family:'Verdana'; font-size:9.5pt; font-weight:bold }\r\n.Frslagstext { margin-top:0pt; margin-bottom:0pt; text-align:justify; line-height:12.5pt; font-family:'Verdana'; font-size:9.5pt }\r\n.Frteckningsrubrik { margin-top:9.6pt; margin-bottom:3.1pt; text-align:left; page-break-inside:avoid; page-break-after:avoid; line-height:normal; font-family:'Verdana'; font-size:9.5pt; font-weight:normal; font-style:italic; color:#000000 }\r\n.Grupprubrik { margin-top:6pt; margin-bottom:0pt; text-align:left; page-break-inside:avoid; page-break-after:avoid; line-height:12.5pt; font-family:'Verdana'; font-size:9.5pt; font-style:italic }\r\n.Grupprubrikindrag { margin-top:6pt; margin-left:22.1pt; margin-bottom:0pt; text-align:left; page-break-inside:avoid; page-break-after:avoid; line-height:12.5pt; font-family:'Verdana'; font-size:9.5pt; font-style:italic }\r\n.Header { margin-top:0pt; margin-bottom:0pt; text-align:justify; line-height:normal; font-family:'Verdana'; font-size:7.5pt; font-variant:small-caps }\r\n.Innehllsfrteckning { margin-top:0pt; margin-bottom:17.7pt; text-align:left; page-break-before:always; page-break-after:auto; line-height:normal; font-family:'Verdana'; font-size:16pt }\r\n.Kantrubrik { margin-top:0pt; margin-bottom:0pt; text-align:justify; line-height:normal; font-family:'Verdana'; font-size:7.5pt }\r\n.ListBullet { margin-top:6.25pt; margin-left:17.85pt; margin-bottom:6.25pt; text-indent:-17.85pt; text-align:justify; line-height:12.5pt; font-family:'Verdana'; font-size:9.5pt }\r\n.ListParagraph { margin-top:3.1pt; margin-left:28.35pt; margin-bottom:0pt; text-align:justify; line-height:12.5pt; font-family:'Verdana'; font-size:9.5pt }\r\n.Litentext { margin-top:0pt; margin-bottom:0pt; text-align:justify; line-height:normal; font-family:'Verdana'; font-size:8pt }\r\n.Mellanrubrik { margin-top:11pt; margin-bottom:3.1pt; text-align:left; page-break-after:avoid; line-height:12.5pt; font-family:'Verdana'; font-size:9.5pt; font-style:italic }\r\n.Mellanrum { margin-top:0pt; margin-bottom:0pt; text-align:left; page-break-before:auto; page-break-after:auto; line-height:1pt; widows:0; orphans:0; font-family:'Verdana'; font-size:1pt; font-variant:small-caps; text-decoration:none; color:#ffffff }\r\n.NormalIndent { margin-top:0pt; margin-bottom:0pt; text-indent:11.35pt; text-align:justify; line-height:12.5pt; font-family:'Verdana'; font-size:9.5pt }\r\n.Normalinskjuten { margin-top:0pt; margin-left:22.1pt; margin-bottom:0pt; text-align:justify; line-height:12.5pt; font-family:'Verdana'; font-size:9.5pt }\r\n.Normalinskjutenindrag { margin-top:0pt; margin-left:22.1pt; margin-bottom:0pt; text-indent:11.35pt; text-align:justify; line-height:12.5pt; font-family:'Verdana'; font-size:9.5pt }\r\n.Normalinskjutenkursiv { margin-top:6pt; margin-bottom:0pt; line-height:normal; font-family:'Verdana'; font-size:10pt; font-style:italic }\r\n.Normalkursiv { margin-top:3.1pt; margin-bottom:0pt; text-align:left; line-height:12.5pt; font-family:'Verdana'; font-size:9.5pt; font-style:italic }\r\n.Normalruta { margin:3.1pt 5.65pt 0pt; text-align:justify; page-break-inside:avoid; page-break-after:avoid; line-height:12.5pt; border-top-style:solid; border-top-width:0.75pt; border-top-color:#000000; border-right-style:solid; border-right-width:0.75pt; border-right-color:#000000; border-left-style:solid; border-left-width:0.75pt; border-left-color:#000000; border-bottom-style:solid; border-bottom-width:0.75pt; border-bottom-color:#000000; padding-top:4pt; padding-right:4pt; padding-left:4pt; padding-bottom:4pt; font-family:'Verdana'; font-size:10.5pt }\r\n.Normalrutafet { margin:3.1pt 5.65pt 0pt; text-align:justify; page-break-inside:avoid; page-break-after:avoid; line-height:12.5pt; border-top-style:solid; border-top-width:0.75pt; border-top-color:#000000; border-right-style:solid; border-right-width:0.75pt; border-right-color:#000000; border-left-style:solid; border-left-width:0.75pt; border-left-color:#000000; border-bottom-style:solid; border-bottom-width:0.75pt; border-bottom-color:#000000; padding-top:4pt; padding-right:4pt; padding-left:4pt; padding-bottom:4pt; font-family:'Verdana'; font-size:10.5pt; font-weight:bold }\r\n.Normalrutaindrag { margin:0pt 5.65pt; text-indent:11.35pt; text-align:justify; page-break-inside:avoid; page-break-after:avoid; line-height:12.5pt; border-top-style:solid; border-top-width:0.75pt; border-top-color:#000000; border-right-style:solid; border-right-width:0.75pt; border-right-color:#000000; border-left-style:solid; border-left-width:0.75pt; border-left-color:#000000; border-bottom-style:solid; border-bottom-width:0.75pt; border-bottom-color:#000000; padding-top:4pt; padding-right:4pt; padding-left:4pt; padding-bottom:4pt; font-family:'Verdana'; font-size:10.5pt }\r\n.Normalutanluftfre { margin-top:0pt; margin-bottom:0pt; text-align:justify; line-height:12.5pt; font-family:'Verdana'; font-size:9.5pt }\r\n.NormalNoll { margin-top:0pt; margin-bottom:3.1pt; text-align:left; line-height:12.5pt; font-family:'Verdana'; font-size:10.5pt; font-weight:bold }\r\n.NumlistaTOC { margin:3.1pt 28.35pt 0pt 0pt; text-indent:0pt; text-align:left; line-height:normal; font-family:'Verdana'; font-size:9.5pt }\r\n.Ordfranden { margin-top:3.1pt; margin-bottom:22pt; text-align:left; page-break-inside:avoid; page-break-after:avoid; line-height:normal; font-family:'Verdana'; font-size:9.5pt; font-style:italic }\r\n.OrtochDatum { margin-top:18pt; margin-bottom:18pt; text-align:left; page-break-inside:avoid; page-break-after:avoid; line-height:normal; font-family:'Verdana'; font-size:9.5pt }\r\n.Punktlistabomb { margin-top:6.25pt; margin-left:14.2pt; margin-bottom:6.25pt; text-indent:-14.2pt; text-align:justify; line-height:12.5pt; font-family:'Verdana'; font-size:9.5pt }\r\n.Punktlistagemener { margin-top:6.25pt; margin-left:14.2pt; margin-bottom:6.25pt; text-indent:-14.2pt; text-align:justify; line-height:12.5pt; font-family:'Verdana'; font-size:9.5pt }\r\n.Punktlistalinje { margin-top:6.25pt; margin-left:14.2pt; margin-bottom:6.25pt; text-indent:-14.2pt; text-align:justify; line-height:12.5pt; font-family:'Verdana'; font-size:9.5pt }\r\n.Punktlistasiffra { margin-top:6.25pt; margin-left:14.2pt; margin-bottom:6.25pt; text-indent:-14.2pt; text-align:justify; line-height:12.5pt; font-family:'Verdana'; font-size:9.5pt }\r\n.PVgnar { margin-top:3.1pt; margin-bottom:26pt; text-align:left; page-break-inside:avoid; page-break-after:avoid; line-height:normal; font-family:'Verdana'; font-size:9.5pt }\r\n.Quote { margin-top:6.1pt; margin-left:14.2pt; margin-bottom:0pt; text-align:justify; line-height:10pt; font-family:'Verdana'; font-size:9.5pt }\r\n.R1 { margin-top:3.1pt; margin-bottom:12pt; text-align:left; page-break-after:avoid; line-height:12.5pt; font-family:'Verdana'; font-size:16pt }\r\n.R1bilaga { margin-top:3.1pt; margin-bottom:12pt; text-align:left; page-break-after:auto; line-height:12.5pt; font-family:'Verdana'; font-size:16pt }\r\n.R2 { margin-top:20pt; margin-bottom:6pt; text-align:left; page-break-inside:avoid; page-break-after:avoid; line-height:12.5pt; font-family:'Verdana'; font-size:13.5pt }\r\n.R3 { margin-top:20pt; margin-bottom:3.1pt; text-align:left; page-break-inside:avoid; page-break-after:avoid; line-height:12.5pt; font-family:'Verdana'; font-size:10.5pt; font-weight:bold }\r\n.R4 { margin-top:15pt; margin-bottom:3.1pt; text-align:left; page-break-inside:avoid; page-break-after:avoid; line-height:12.5pt; font-family:'Verdana'; font-size:10.5pt; font-weight:normal; font-style:italic; color:#000000 }\r\n.R5 { margin-top:6.25pt; margin-bottom:0pt; text-align:justify; page-break-inside:avoid; page-break-after:avoid; line-height:12.5pt; font-family:'Verdana'; font-size:9.5pt; font-weight:bold }\r\n.R6 { margin-top:6.25pt; margin-bottom:0pt; text-align:justify; page-break-inside:avoid; page-break-after:avoid; line-height:12.5pt; font-family:'Verdana'; font-size:9.5pt; font-weight:normal; font-style:italic; color:#000000 }\r\n.Reservationshnvisning { margin-top:0pt; margin-bottom:8pt; text-align:right; line-height:12.5pt; font-family:'Verdana'; font-size:9.5pt; font-style:italic }\r\n.Reservationsrubrik { margin-top:0pt; margin-bottom:3.1pt; text-align:left; page-break-inside:avoid; page-break-after:avoid; line-height:12.5pt; font-family:'Verdana'; font-size:10.5pt; font-weight:bold }\r\n.Rubrik1Dokumentinformation { margin-top:0pt; margin-bottom:0pt; text-align:left; page-break-inside:avoid; page-break-after:avoid; line-height:12.5pt; font-family:'Verdana'; font-size:16pt }\r\n.Rubrik1bilaga { margin-top:0pt; margin-bottom:27.7pt; text-align:left; page-break-after:auto; line-height:12.5pt; font-family:'Verdana'; font-size:16pt }\r\n.Rubrik1medsidhuvud { margin-top:3.1pt; margin-bottom:12pt; text-align:left; page-break-before:always; page-break-after:avoid; line-height:12.5pt; font-family:'Verdana'; font-size:16pt }\r\n.Rubrik1numrerat { margin-top:3.1pt; margin-left:0pt; margin-bottom:12pt; text-indent:0pt; text-align:left; page-break-after:avoid; line-height:12.5pt; font-family:'Verdana'; font-size:16pt }\r\n.Rubrik1numreratmedsidhuvud { margin-top:0pt; margin-left:0pt; margin-bottom:16pt; text-indent:0pt; text-align:left; page-break-before:always; page-break-after:avoid; line-height:normal; font-family:'Verdana'; font-size:16pt }\r\n.Rubrik2bilaga { margin-top:20pt; margin-bottom:6pt; text-align:left; page-break-inside:avoid; page-break-after:avoid; line-height:12.5pt; font-family:'Verdana'; font-size:13.5pt }\r\n.Rubrik2numrerat { margin-top:20pt; margin-left:0pt; margin-bottom:6pt; text-indent:0pt; text-align:left; page-break-inside:avoid; page-break-after:avoid; line-height:12.5pt; font-family:'Verdana'; font-size:13.5pt }\r\n.Rubrik3numrerat { margin-top:20pt; margin-left:0pt; margin-bottom:3.1pt; text-indent:0pt; text-align:left; page-break-inside:avoid; page-break-after:avoid; line-height:12.5pt; font-family:'Verdana'; font-size:10.5pt; font-weight:bold }\r\n.Sammanfattning { margin-top:3.1pt; margin-bottom:12pt; text-align:left; page-break-after:auto; line-height:12.5pt; font-family:'Verdana'; font-size:16pt }\r\n.Sidhuvudhgerstlld { margin-top:0pt; margin-bottom:0pt; text-align:right; line-height:normal; font-family:'Verdana'; font-size:7.5pt; font-variant:small-caps }\r\n.Sidhuvudvnsterstlld { margin-top:0pt; margin-bottom:0pt; text-align:left; line-height:normal; font-family:'Verdana'; font-size:7.5pt; font-variant:small-caps }\r\n.Stdrubrik { margin-top:12pt; margin-bottom:0pt; line-height:12pt; font-family:'Verdana'; font-size:9.5pt; font-weight:bold }\r\n.Srskiltyttranderubrik { margin-top:0pt; margin-bottom:3.1pt; text-align:left; page-break-inside:avoid; page-break-after:avoid; line-height:12.5pt; font-family:'Verdana'; font-size:10.5pt; font-weight:bold }\r\n.TOC1 { margin-top:0pt; margin-right:28.35pt; margin-bottom:0pt; text-align:left; line-height:normal; font-family:'Verdana'; font-size:9.5pt }\r\n.TOC2 { margin:0pt 28.35pt 0pt 5.65pt; text-align:left; line-height:normal; font-family:'Verdana'; font-size:9.5pt }\r\n.TOC3 { margin:0pt 28.35pt 0pt 11.35pt; text-align:left; line-height:normal; font-family:'Verdana'; font-size:9.5pt }\r\n.TOC4 { margin:0pt 28.35pt 0pt 17pt; text-align:left; line-height:normal; font-family:'Verdana'; font-size:9.5pt }\r\n.TOC5 { margin:0pt 28.35pt 0pt 22.7pt; text-align:left; line-height:normal; font-family:'Verdana'; font-size:9.5pt }\r\n.TOC6 { margin-top:0pt; margin-left:47.65pt; margin-bottom:0pt; text-align:left; line-height:normal; font-family:'Verdana'; font-size:9.5pt }\r\n.TOC7 { margin-top:0pt; margin-right:28.35pt; margin-bottom:0pt; text-align:left; line-height:normal; font-family:'Verdana'; font-size:9.5pt }\r\n.TOC8 { margin-top:0pt; margin-right:28.35pt; margin-bottom:0pt; text-align:left; line-height:normal; font-family:'Verdana'; font-size:9.5pt }\r\n.TOC9 { margin-top:0pt; margin-left:8.5pt; margin-bottom:0pt; text-align:left; line-height:normal; font-family:'Verdana'; font-size:9.5pt }\r\n.TOCHeading { margin-top:3.1pt; margin-bottom:9pt; text-align:left; page-break-before:always; page-break-inside:avoid; page-break-after:avoid; line-height:12.5pt; font-family:'Verdana'; font-size:16pt }\r\n.Tabell-Kolumnrubrik { margin-bottom:0pt; line-height:12pt; font-family:'Verdana'; font-size:8pt; font-weight:bold }\r\n.Tabell-Klla { margin-top:2pt; margin-bottom:0pt; line-height:8pt; font-family:'Verdana'; font-size:7pt }\r\n.Tabell-Radrubrik { margin-bottom:0pt; line-height:12pt; font-family:'Verdana'; font-size:8pt }\r\n.Tabell-Rubrik { margin-top:12pt; margin-bottom:3pt; text-align:left; page-break-inside:avoid; page-break-after:avoid; line-height:10pt; font-family:'Verdana'; font-size:9pt; font-weight:bold }\r\n.Tabell-Siffror { margin-bottom:0pt; text-align:right; line-height:12pt; font-family:'Verdana'; font-size:8pt }\r\n.Tabell-Text { margin-bottom:0pt; line-height:12pt; font-family:'Verdana'; font-size:8pt }\r\n.Tabell-Underrubrik { margin-top:0pt; margin-bottom:1pt; text-align:left; page-break-inside:avoid; page-break-after:avoid; line-height:8pt; font-family:'Verdana'; font-size:8pt; font-weight:normal; font-style:italic }\r\n.TableofFigures { margin-top:3.1pt; margin-bottom:0pt; text-align:justify; line-height:normal; font-family:'Verdana'; font-size:9.5pt }\r\n.TillX-utskottet { margin-top:0pt; margin-bottom:12pt; text-align:left; page-break-after:avoid; line-height:12.5pt; font-family:'Verdana'; font-size:16pt }\r\n.Title { margin-top:3.1pt; margin-bottom:1pt; text-align:left; line-height:12pt; font-family:'Verdana'; font-size:20pt; letter-spacing:-0.5pt }\r\n.Vapen { margin-top:0pt; margin-bottom:0pt; text-align:left; page-break-inside:avoid; page-break-after:avoid; line-height:12.5pt; font-family:'Verdana'; font-size:16pt }\r\n.Yrkandelista { margin-top:3.1pt; margin-left:28.35pt; margin-bottom:0pt; text-indent:-28.35pt; text-align:justify; line-height:12.5pt; font-family:'Verdana'; font-size:9.5pt }\r\n.YrkandelistaEtt { margin-top:3.1pt; margin-left:0pt; margin-bottom:0pt; text-indent:0pt; text-align:justify; line-height:12.5pt; font-family:'Verdana'; font-size:9.5pt }\r\nspan.BallongtextChar { font-family:Tahoma; font-size:8pt }\r\nspan.BilagaChar { font-family:'Verdana'; font-size:8pt; font-variant:small-caps; text-decoration:underline }\r\nspan.BrdtextChar { font-family:'Verdana'; font-size:9.5pt }\r\nspan.BrdtextChar1 { font-family:'Verdana'; font-size:9.5pt }\r\nspan.Brdtextmedindrag2Char { font-family:'Verdana'; font-size:9.5pt }\r\nspan.CitatChar { font-family:'Verdana'; font-size:9.5pt }\r\nspan.DokumentRubrikChar { font-family:'Verdana'; font-size:18pt }\r\nspan.FotnotstextChar { font-family:'Verdana'; font-size:8pt }\r\nspan.FotnotstextindragChar { font-family:'Verdana'; font-size:8pt }\r\nspan.FrslagspunktChar { font-family:'Verdana'; font-size:9.5pt; font-weight:bold; font-style:normal }\r\nspan.Hyperlink { text-decoration:none; color:#000000 }\r\nspan.KommentarerChar { font-family:'Verdana'; font-size:10pt }\r\nspan.NormalkursivChar { font-family:'Verdana'; font-size:9.5pt; font-style:italic }\r\nspan.NormaltindragChar { font-family:'Verdana'; font-size:9.5pt }\r\nspan.OrdfrandenChar { font-family:'Verdana'; font-size:9.5pt; font-style:italic }\r\nspan.OrtochDatumChar { font-family:'Verdana'; font-size:9.5pt }\r\nspan.PlaceholderText { color:#808080 }\r\nspan.PVgnarChar { font-family:'Verdana'; font-size:9.5pt }\r\nspan.ReservationshnvisningChar { font-family:'Verdana'; font-size:9.5pt; font-style:italic }\r\nspan.Rubrik1Char { font-family:'Verdana'; font-size:16pt }\r\nspan.Rubrik1DokumentinformationChar { font-family:'Verdana'; font-size:16pt }\r\nspan.Rubrik2Char { font-family:'Verdana'; font-size:13.5pt }\r\nspan.Rubrik3Char { font-family:'Verdana'; font-size:10.5pt; font-weight:bold }\r\nspan.Rubrik4Char { font-family:'Verdana'; font-size:10.5pt; font-style:italic; color:#000000 }\r\nspan.Rubrik5Char { font-family:'Verdana'; font-size:9.5pt; font-weight:bold }\r\nspan.Rubrik6Char { font-family:'Verdana'; font-size:9.5pt; font-style:italic; color:#000000 }\r\nspan.Rubrik7Char { font-family:'Verdana'; font-size:9.5pt; font-style:italic; color:#243f60 }\r\nspan.Rubrik8Char { font-family:'Verdana'; font-size:9pt; color:#272727 }\r\nspan.Rubrik9Char { font-family:'Verdana'; font-size:9pt; font-style:italic; color:#272727 }\r\nspan.RubrikChar { font-family:'Verdana'; font-size:20pt; letter-spacing:-0.5pt }\r\nspan.SidfotChar { font-family:'Verdana'; font-size:9.5pt }\r\nspan.SidhuvudChar { font-family:'Verdana'; font-size:7.5pt; font-variant:small-caps }\r\nspan.Tabell-Upphjttecken { font-family:'Verdana'; font-variant:normal; text-decoration:none; text-transform:none; vertical-align:super; display:inline }\r\nspan.VapenChar { font-family:'Verdana'; font-size:16pt }\r\nspan.tBilagaJA { color:#000000 }\r\nspan.tSidrubrikJA { color:#000000 }\r\n.TableGrid {  }\r\n--></style>\r\n\r\n\t\t<div class=\"Section1\">\r\n\t\t\t<table cellspacing=\"0\" cellpadding=\"0\" style=\"border-collapse:collapse; margin-left:0pt\">\r\n\t\t\t\t<tr style=\"height:79.4pt\">\r\n\t\t\t\t\t<td style=\"vertical-align:top; width:297.7pt\">\r\n\t\t\t\t\t\t<p class=\"Rubrik1Dokumentinformation\" style=\"margin-top:0pt; margin-bottom:0pt; text-align:left; page-break-inside:avoid; page-break-after:avoid; line-height:16pt\">\r\n\t\t\t\t\t\t\t<span style=\"font-family:'Verdana'; font-size:16pt; -aw-sdt-tag:ccUtskott; -aw-sdt-title:'utskottsnamn Dokumentegenskap'\">Finansutskottet</span><span style=\"font-family:'Verdana'; font-size:16pt; -aw-sdt-tag:ccS; -aw-sdt-title:s\">s</span><span style=\"font-family:'Verdana'; font-size:16pt; -aw-sdt-tag:ccMellanslag; -aw-sdt-title:Mellanslag\"> </span><a name=\"Utlatande\"></a><span style=\"font-family:'Verdana'; font-size:16pt\">betänkande</span>\r\n\t\t\t\t\t\t</p>\r\n\t\t\t\t\t\t<p class=\"Dokumentbeteckning\" style=\"margin-top:0pt; margin-bottom:0pt; text-align:left; page-break-inside:avoid; page-break-after:avoid; line-height:16pt\">\r\n\t\t\t\t\t\t\t<span style=\"font-family:'Verdana'; font-size:16pt; -aw-sdt-tag:ccRiksmote; -aw-sdt-title:'riksmote Dokumentegenskap'\">2018/19</span><span style=\"font-family:'Verdana'; font-size:16pt; -aw-sdt-tag:ccKolon; -aw-sdt-title:Kolon\">:</span><a name=\"Utskottebeteckning\"></a><span style=\"font-family:'Verdana'; font-size:16pt\">FiU17</span>\r\n\t\t\t\t\t\t</p>\r\n\t\t\t\t\t\t<p class=\"Rubrik1Dokumentinformation\" style=\"margin-top:0pt; margin-bottom:0pt; text-align:left; page-break-inside:avoid; page-break-after:avoid; line-height:16pt\">\r\n\t\t\t\t\t\t\t<span style=\"font-family:'Verdana'; font-size:16pt\"> </span>\r\n\t\t\t\t\t\t</p>\r\n\t\t\t\t\t</td>\r\n\t\t\t\t</tr>\r\n\t\t\t</table>\r\n\t\t\t<p class=\"DokumentRubrik\" style=\"-aw-sdt-tag:ccDokumentrubrik; -aw-sdt-title:'dokumentrubrik Dokumentegenskap'\">\r\n\t\t\t\t<span>Riksrevisionens rapport om tillämpningen av den kommunala finansieringsprincipen</span>\r\n\t\t\t</p>\r\n\t\t\t<p class=\"R2\">\r\n\t\t\t\t<span>Sammanfattning</span>\r\n\t\t\t</p>\r\n\t\t\t<p>\r\n\t\t\t\t<span>Utskottet föreslår att riksdagen lägger regeringens skrivelse till handlingarna. </span>\r\n\t\t\t</p>\r\n\t\t\t<p class=\"NormalIndent\">\r\n\t\t\t\t<span>Utskottet </span><span>har inte några invändningar mot de bedömningar </span><span>som </span><span>regeringen gör i skrivelsen med anledning av Riksrevisionens rapport om</span><span> den kommunala </span><span>finansieringsprincipens tillämpning. </span>\r\n\t\t\t</p>\r\n\t\t\t<p class=\"NormalIndent\">\r\n\t\t\t\t<span>Utskottet vill liksom regeringen framhålla </span><span>att </span><span>den kommunala </span><span>finansieringsprincipen är en viktig del av relationen mellan stat</span><span>en</span><span> och kommunerna</span><span> och </span><span>att det är viktigt </span><span>att ersättningen till kommunsektorn anpassas när staten ändrar sektorns uppgifter. </span>\r\n\t\t\t</p>\r\n\t\t\t<p class=\"NormalIndent\">\r\n\t\t\t\t<span>Utskottet välkomnar </span><span>att </span><span>dialogen och kommunikationen mellan SKL och Regeringskansliet har utvecklats och </span><span>att den i dag </span><span>bedöms fungera bättre än när </span><span>de </span><span>reformer som</span><span> Riksrevisionen granska</span><span>t</span><span> genomfördes</span><span>. </span><span>Utskottet välkomnar också att regeringen har för avsikt att fortsätta </span><span>arbet</span><span>et</span><span> med att säkerställa att förslag i utredningar inkluderar välunderbyggda konsekvensanalyser</span><span>, och</span><span> med att öka transparensen och tydligheten i de antaganden och beräkningar som ligger till grund för reformernas ekonomiska reglering.</span>\r\n\t\t\t</p>\r\n\t\t\t<p class=\"R4\">\r\n\t\t\t\t<span>Behandlade förslag</span>\r\n\t\t\t</p>\r\n\t\t\t<p>\r\n\t\t\t\t<span>Skrivelse 2017/18:300 Riksrevisionens rapport om tillämpningen av den kommunala finansieringsprincipen</span><span>.</span>\r\n\t\t\t</p>\r\n\t\t\t<p class=\"Innehllsfrteckning\">\r\n\t\t\t\t<a name=\"Innehållsförteckning\"></a><span class=\"tSidrubrikJA\">Innehållsförteckning</span>\r\n\t\t\t</p>\r\n\t\t\t<p class=\"TOC1\">\r\n\t\t\t\t<a style=\"color:#000000\" href=\"#_Toc4067113\"><span class=\"Hyperlink\">Utskottets förslag till riksdagsbeslut</span></a>\r\n\t\t\t</p>\r\n\t\t\t<p class=\"TOC1\">\r\n\t\t\t\t<a style=\"color:#000000\" href=\"#_Toc4067114\"><span class=\"Hyperlink\">Redogörelse för ärendet</span></a>\r\n\t\t\t</p>\r\n\t\t\t<p class=\"TOC1\">\r\n\t\t\t\t<a style=\"color:#000000\" href=\"#_Toc4067115\"><span class=\"Hyperlink\">Utskottets överväganden</span></a>\r\n\t\t\t</p>\r\n\t\t\t<p class=\"TOC2\">\r\n\t\t\t\t<a style=\"color:#000000\" href=\"#_Toc4067116\"><span class=\"Hyperlink\">Riksrevisionens rapport om tillämpningen av den kommunala finansieringsprincipen</span></a>\r\n\t\t\t</p>\r\n\t\t\t<p class=\"TOC8\">\r\n\t\t\t\t<span class=\"Hyperlink\" style=\"font-style:italic\">Bilaga</span><br /><a style=\"color:#000000\" href=\"#_Toc4067117\"><span class=\"Hyperlink\">Förteckning över behandlade förslag</span></a>\r\n\t\t\t</p>\r\n\t\t\t<p class=\"TOC9\">\r\n\t\t\t\t<a style=\"color:#000000\" href=\"#_Toc4067118\"><span class=\"Hyperlink\">Skrivelsen</span></a>\r\n\t\t\t</p>\r\n\t\t\t<p>\r\n\t\t\t</p>\r\n\t\t\t<p>\r\n\t\t\t\t<span> </span>\r\n\t\t\t</p>\r\n\t\t\t<p class=\"NormalIndent\">\r\n\t\t\t\t<span> </span>\r\n\t\t\t</p>\r\n\t\t\t<p class=\"Avsnittsrubrik\">\r\n\t\t\t\t<a name=\"StopCC\"></a><a name=\"_Toc4067113\"><span style=\"-aw-bookmark-end:StopCC\"></span><span class=\"tSidrubrikJA\">Utskottets förslag till riksdagsbeslut</span></a>\r\n\t\t\t</p>\r\n\t\t\t<p class=\"Mellanrum\">\r\n\t\t\t\t<span> </span>\r\n\t\t\t</p>\r\n\t\t\t<p class=\"Mellanrum\">\r\n\t\t\t\t<span> </span>\r\n\t\t\t</p>\r\n\t\t\t<table cellspacing=\"0\" cellpadding=\"0\" style=\"border-collapse:collapse; margin-left:0pt; width:294.2pt\">\r\n\t\t\t\t<tr>\r\n\t\t\t\t\t<td style=\"vertical-align:top; width:22pt\">\r\n\t\t\t\t\t\t<p style=\"margin-top:3.1pt; margin-bottom:0pt; text-align:justify; page-break-inside:avoid; page-break-after:avoid; line-height:12.5pt\">\r\n\t\t\t\t\t\t\t<span style=\"font-family:'Verdana'; font-size:10.5pt; font-weight:bold\">Riksrevisionens rapport om tillämpningen av den kommunala finansieringsprincipen</span>\r\n\t\t\t\t\t\t</p>\r\n\t\t\t\t\t</td>\r\n\t\t\t\t</tr>\r\n\t\t\t</table>\r\n\t\t\t<p class=\"Normalutanluftfre\" style=\"-aw-sdt-tag:'dokumentavsnitt/utskottets förslag till riksdagsbeslut/1441450079/1553598282371'; -aw-sdt-title:'utskottets förslag till riksdagsbeslut'\">\r\n\t\t\t\t<span>Riksdagen lägger skrivelse 2017/18:300 till handlingarna.</span>\r\n\t\t\t</p>\r\n\t\t\t<p class=\"Mellanrum\" style=\"-aw-sdt-tag:'dokumentavsnitt/utskottets förslag till riksdagsbeslut/1441450079/1553598282371'; -aw-sdt-title:'utskottets förslag till riksdagsbeslut'\">\r\n\t\t\t\t<span> </span>\r\n\t\t\t</p>\r\n\t\t\t<p class=\"OrtochDatum\" style=\"-aw-sdt-tag:'dokumentavsnitt/utskottets förslag till riksdagsbeslut/1441450079/1553598282371'; -aw-sdt-title:'utskottets förslag till riksdagsbeslut'\">\r\n\t\t\t\t<span>Stockholm den 26 mars 2019</span>\r\n\t\t\t</p>\r\n\t\t\t<p class=\"PVgnar\" style=\"-aw-sdt-tag:'dokumentavsnitt/utskottets förslag till riksdagsbeslut/1441450079/1553598282371'; -aw-sdt-title:'utskottets förslag till riksdagsbeslut'\">\r\n\t\t\t\t<span>På finansutskottets vägnar</span>\r\n\t\t\t</p>\r\n\t\t\t<p class=\"Ordfranden\" style=\"-aw-sdt-tag:'dokumentavsnitt/utskottets förslag till riksdagsbeslut/1441450079/1553598282371'; -aw-sdt-title:'utskottets förslag till riksdagsbeslut'\">\r\n\t\t\t\t<span>Fredrik Olovsson</span>\r\n\t\t\t</p>\r\n\t\t\t<p class=\"Deltagare\" style=\"-aw-sdt-tag:'dokumentavsnitt/utskottets förslag till riksdagsbeslut/1441450079/1553598282371'; -aw-sdt-title:'utskottets förslag till riksdagsbeslut'\">\r\n\t\t\t\t<span>Följande ledamöter har deltagit i beslutet: Fredrik Olovsson (S), Elisabeth Svantesson (M), Gunilla Carlsson (S), Edward Riedl (M), Oscar Sjöstedt (SD), Adnan Dibrani (S), Jan Ericson (M), Dennis Dioukarev (SD), Ingela Nylund Watz (S), Jakob Forssmed (KD), Ingemar Nilsson (S), Johan Pehrson (L), Sven-Olof Sällström (SD), Karolina Skog (MP), Mattias Karlsson i Luleå (M), Lars Thomsson (C) och Ida Gabrielsson (V).</span>\r\n\t\t\t</p>\r\n\t\t\t<p class=\"Mellanrum\" style=\"-aw-sdt-tag:'dokumentavsnitt/utskottets förslag till riksdagsbeslut/1441450079/1553598282371'; -aw-sdt-title:'utskottets förslag till riksdagsbeslut'\">\r\n\t\t\t\t<span> </span>\r\n\t\t\t</p>\r\n\t\t\t<p class=\"Mellanrum\" style=\"-aw-sdt-tag:'dokumentavsnitt/utskottets förslag till riksdagsbeslut/1441450079/1553598282371'; -aw-sdt-title:'utskottets förslag till riksdagsbeslut'\">\r\n\t\t\t\t<span> </span>\r\n\t\t\t</p>\r\n\t\t\t<p class=\"Mellanrum\" style=\"-aw-sdt-tag:'dokumentavsnitt/utskottets förslag till riksdagsbeslut/1441450079/1553598282371'; -aw-sdt-title:'utskottets förslag till riksdagsbeslut'\">\r\n\t\t\t\t<span style=\"font-size:9.5pt\"> </span>\r\n\t\t\t</p>\r\n\t\t\t<p>\r\n\t\t\t\t<span> </span>\r\n\t\t\t</p>\r\n\t\t\t<p class=\"Avsnittsrubrik\">\r\n\t\t\t\t<a name=\"SlutUtskottsForslag\"></a><a name=\"_Toc4067114\"><span style=\"-aw-bookmark-end:SlutUtskottsForslag\"></span><span class=\"tSidrubrikJA\">Redogörelse för ärendet</span></a>\r\n\t\t\t</p>\r\n\t\t\t<p>\r\n\t\t\t\t<span>I regeringens skrivelse 2017/18:300 Riksrevisionens rapport om tillämpningen av den kommunala finansieringsprincipen behandlas Riksrevisionens granskningsrapport Den kommunala finansieringsprincipen – tillämpas den ändamålsenligt? </span><span>(</span><span>RiR</span><span> </span><span>2018:8</span><span>)</span><span>.</span>\r\n\t\t\t</p>\r\n\t\t\t<p class=\"NormalIndent\">\r\n\t\t\t\t<span>Riksdagen överlämnade Riksrevisionens granskningsrapport till regeringen</span><span> den 22 mars 2018</span><span>. Regeringen lämnade sin svarsskrivelse på granskningsrapporten till riksdagen den 13 september 2018.</span>\r\n\t\t\t</p>\r\n\t\t\t<p class=\"NormalIndent\">\r\n\t\t\t\t<span>Den 10 april 2018 informerade riksrevisorerna Helena Lindberg och Ingvar Mattson med medarbetare finansutskottet om granskningsrapporten.</span>\r\n\t\t\t</p>\r\n\t\t\t<p class=\"NormalIndent\">\r\n\t\t\t\t<span>Ingen motion har väckts med anledning av skrivelsen. </span>\r\n\t\t\t</p>\r\n\t\t\t<p class=\"Avsnittsrubrik\">\r\n\t\t\t\t<a name=\"_Toc4067115\"><span class=\"tSidrubrikJA\">Utskottets överväganden</span></a>\r\n\t\t\t</p>\r\n\t\t\t<h2 style=\"-aw-sdt-tag:89f097b0-9d75-4dde-95f1-949c425124ae/förslagsrutor/1497337856/1549616092055; -aw-sdt-title:förslagsrutor\">\r\n\t\t\t\t<a name=\"_Toc4067116\"><span>Riksrevisionens rapport om tillämpningen av den kommunala finansieringsprincipen</span></a>\r\n\t\t\t</h2>\r\n\t\t\t<div style=\"border-bottom-color:#000000; border-bottom-style:solid; border-bottom-width:0.75pt; border-left-color:#000000; border-left-style:solid; border-left-width:0.75pt; border-right-color:#000000; border-right-style:solid; border-right-width:0.75pt; border-top-color:#000000; border-top-style:solid; border-top-width:0.75pt; clear:both; margin:3.1pt 0.9pt 0pt\">\r\n\t\t\t\t<p class=\"Normalrutafet\" style=\"margin:0pt; padding-right:4pt; padding-left:4pt\">\r\n\t\t\t\t\t<span style=\"-aw-bookmark-end:_Toc4067116\"></span><span>Utskottets förslag i korthet</span>\r\n\t\t\t\t</p>\r\n\t\t\t\t<p class=\"Normalruta\" style=\"margin:0pt; padding-right:4pt; padding-left:4pt; padding-bottom:4pt\">\r\n\t\t\t\t\t<span>Riksdagen</span><span> lägger </span><span>regeringens </span><span>skrivelse</span><span> Riksrevisionens rapport om tillämpningen av den kommunala finansieringsprincipen</span><span> till handlingarna.</span>\r\n\t\t\t\t</p>\r\n\t\t\t</div>\r\n\t\t\t<p class=\"Mellanrum\">\r\n\t\t\t\t<span> </span>\r\n\t\t\t</p>\r\n\t\t\t<p class=\"R3\">\r\n\t\t\t\t<span>Ri</span><span>ksrevisionens granskningsrapport</span>\r\n\t\t\t</p>\r\n\t\t\t<p>\r\n\t\t\t\t<span>Riksrevisionen har granskat </span><span>beslutsunderlag för tre beloppsmässigt stora reformer i syfte att bedöma om tillämpningen av d</span><span>en kommunala finansieringsprincipen har </span><span>varit tillräcklig för att resultera i en adekvat ekonomisk reglering</span><span>, dvs. att kommuner varken blir under- eller överkompenserade vid statligt beslutade reformer.</span><span> De reformer som granskats har </span><span>bedömts </span><span>vara</span><span> de beloppsmässigt största under perioden 2007–2015</span><span>,</span><span> </span><span>och </span><span>de </span><span>presenterades i propositionerna Högre krav och kvalitet i den nya gymnasieskolan (prop. 2008/09:199), Barnomsorgspeng och allmän förskola även för treåringar (prop. 2008/09:115) och Ökad undervisningstid i matematik i grundskolan (prop. 2012/13:64). </span>\r\n\t\t\t</p>\r\n\t\t\t<p class=\"NormalIndent\">\r\n\t\t\t\t<span>Som bakgrund och motiv till granskningen framhålls det långtgående kommunala självstyret i Sverige och </span><span>betydelsen</span><span> av </span><span>en god relation mellan </span><span>staten och kommunerna. Ett viktigt statligt styrmedel för att upprätthålla denna relation är </span><span>enligt Riksrevisionen </span><span>ekonomiska regleringar, t.ex. den kommunala finansieringsprincipen.</span>\r\n\t\t\t</p>\r\n\t\t\t<p class=\"NormalIndent\">\r\n\t\t\t\t<span>Den kommunala f</span><span>inansieringsprincipen </span><span>har </span><span>tillämpats sedan 1993</span><span> och innebär att staten inte ska ålägga kommuner och landsting nya uppgifter utan att ge dem adekvat finansiering. Principen tillämpas genom att den beräknade kostnaden eller besparingen för kommunerna respektive landstingen för en reform fördelas utifrån befolkningsstorlek. I genomsnitt regleras c</span><span>irka</span><span> fyra nya reformer per år, och eftersom regleringen av varje enskild reform kvarstår över tid rör det sig sammanlagt om betydande belopp. Principen bedöms därför som grundläggande för att statligt beslutade reformer ska kunna genomföras i kommunerna utan att rubba det ekonomiska förhållandet mellan staten och kommunerna. </span><span>En utvärdering </span><span>2009 </span><span>som gjordes på uppdrag av finansutskottet visade enligt Riksrevisionen på flera brister i tillämpningen av finansieringsprincipen, </span><span>bl.a.</span><span> att principen inte var transparent och att dess roll i statsbidragssystemet var oklar. Samma utvärdering pekade också på att flera av de utvärderade reformerna </span><span>varit </span><span>underfinansier</span><span>ade</span><span>.</span>\r\n\t\t\t</p>\r\n\t\t\t<p class=\"NormalIndent\">\r\n\t\t\t\t<span>Riksrevisionen anser att brister i den grundläggande analysen samt regeringens beredning och redovisning av statliga reformer med kommunalekonomiska konsekvenser kan leda till att finansieringsprincipen urholkas och att reformer blir över- eller underfinansierade. </span><span>På sikt bedöms det kunna leda till att </span><span>l</span><span>egitimiteten för statliga beslut som rör kommunerna försvagas och </span><span>att </span><span>relationerna mellan staten och kommunerna</span><span> försämras</span><span>.</span>\r\n\t\t\t</p>\r\n\t\t\t<p class=\"R4\">\r\n\t\t\t\t<span>Granskningens resultat och Riksrevisionens rekommendationer till regeringen och </span><span>Regeringskansliet</span>\r\n\t\t\t</p>\r\n\t\t\t<p>\r\n\t\t\t\t<span>Riksrevisionens slutsats är att den kommunala finansieringsprincipen i flera delar inte har tillämpats </span><span>som det var tänkt</span><span>. </span><span>Beredningen av reformerna bedöms ha varit </span><span>bristfällig eftersom </span><span>regeringen, i varierande grad, </span><span>inte tillräckligt </span><span>tydligt och öppet </span><span>har </span><span>redovisa</span><span>t</span><span> de antaganden och beräkningar som legat till grund för reformernas ekonomiska reglering. I</span><span> centrala delar </span><span>av processen har regeringen </span><span>också gjort avsteg från </span><span>de</span><span> egna riktlinjer</span><span>na</span><span> för </span><span>beredning av reformer med kommunalekonomiska konsekvenser</span><span>, t.ex. saknas en analys av hur enskilda kommuner påverkas</span><span>. </span><span>Ö</span><span>v</span><span>erläggningar med Sveriges Kommuner och Landsting (SKL) </span><span>har enligt Riksrevisionen inte heller </span><span>genomförts i tillräcklig omfattning vid beredningen av de tre granskade reformerna.</span>\r\n\t\t\t</p>\r\n\t\t\t<p class=\"NormalIndent\">\r\n\t\t\t\t<span>R</span><span>egeringen följer </span><span>inte heller </span><span>upp det ekonomiska utfallet för reformer som reglerats</span><span> enligt finansieringsprincipen, vilket enligt Riksrevisionen innebär att det saknas kunskap om huruvida syftet med finansieringsprincipen upprätthålls över tid.</span>\r\n\t\t\t</p>\r\n\t\t\t<p class=\"NormalIndent\">\r\n\t\t\t\t<span>Stödet för </span><span>kommunalekonomiska konsekvensanalyser </span><span>bedöms vidare vara </span><span>begränsat.</span><span> R</span><span>egeringskansliets interna riktlinjer för beredning av kommunalekonomiska reformer </span><span>framhålls tydligt </span><span>att det är viktigt att reformers finansiering och kommunalekonomiska konsekvenser analyseras tidigt i beredningsprocessen, t.ex. i ett utredningsbetänkande. </span><span>De kommunalekonomiska konsekvensanalyser som görs i utredningar används även i den fortsatta beredningen inom Regeringskansliet. För att dessa analyser ska följa de riktlinjer som gäller för finansieringsprincipen </span><span>menar Riksrevisionen att </span><span>det </span><span>ansvarig</span><span>a</span><span> fackdepartement</span><span>et</span><span> </span><span>behöver </span><span>se till att kommittéerna får del av de stöddokument där </span><span>riktlinjerna</span><span> anges.</span>\r\n\t\t\t</p>\r\n\t\t\t<p class=\"NormalIndent\">\r\n\t\t\t\t<span>Utifrån granskningens iakttagelser lämnar </span><span>Riksrevisionen fyra rekommendationer till regeringen</span><span>:</span>\r\n\t\t\t</p>\r\n\t\t\t<p class=\"Punktlistabomb\" style=\"margin-left:14.2pt; margin-bottom:0pt; text-indent:-14.2pt\">\r\n\t\t\t\t<span style=\"font-family:'Verdana'; font-size:10pt\">•</span><span style=\"font:7.0pt 'Verdana'\">       </span><span>K</span><span>ommunalekonomiska reformer bör beredas på ett transparent och väl</span><span> </span><span>underbyggt sätt.</span>\r\n\t\t\t</p>\r\n\t\t\t<p class=\"Punktlistabomb\" style=\"margin-top:0pt; margin-left:14.2pt; margin-bottom:0pt; text-indent:-14.2pt\">\r\n\t\t\t\t<span style=\"font-family:'Verdana'; font-size:10pt\">•</span><span style=\"font:7.0pt 'Verdana'\">       </span><span>F</span><span>öreträdare för kommuner och landsting </span><span>bör </span><span>i god tid bjudas in i beredningsarbetet för kommunalekonomiska reformer.</span>\r\n\t\t\t</p>\r\n\t\t\t<p class=\"Punktlistabomb\" style=\"margin-top:0pt; margin-left:14.2pt; margin-bottom:0pt; text-indent:-14.2pt\">\r\n\t\t\t\t<span style=\"font-family:'Verdana'; font-size:10pt\">•</span><span style=\"font:7.0pt 'Verdana'\">       </span><span>B</span><span>eredningen av reformers kommunalekonomiska konsekvenser bör omfatta en analys av hur konsekvenserna skiljer sig åt mellan kommuner. </span><span>Riksrevisionen </span><span>menar att en kommunspecifik analys är väsentlig för att kunna bedöma om fördelningen av regleringsbeloppet bör baseras på något annat än befolkningsstorlek eller om förändringar i andra system, </span><span>företrädesvis kostnadsutjämningen inom det kommunala utjämningssystemet, är nödvändiga. För att göra en sådan analys </span><span>möjlig </span><span>behöver kostnadsberäkningarna baseras på kommunspecifika uppgifter snarare än på riksgenomsnitt.</span>\r\n\t\t\t</p>\r\n\t\t\t<p class=\"Punktlistabomb\" style=\"margin-top:0pt; margin-left:14.2pt; text-indent:-14.2pt\">\r\n\t\t\t\t<span style=\"font-family:'Verdana'; font-size:10pt\">•</span><span style=\"font:7.0pt 'Verdana'\">       </span><span>K</span><span>ostnadsmässiga uppföljningar </span><span>bör </span><span>gör</span><span>a</span><span>s för att kunna identifiera eventuella felregleringar.</span>\r\n\t\t\t</p>\r\n\t\t\t<p>\r\n\t\t\t\t<span>Följande rekommendation lämnas till Regeringskansliet:</span>\r\n\t\t\t</p>\r\n\t\t\t<p class=\"Punktlistabomb\" style=\"margin-left:14.2pt; text-indent:-14.2pt\">\r\n\t\t\t\t<span style=\"font-family:'Verdana'; font-size:10pt\">•</span><span style=\"font:7.0pt 'Verdana'\">       </span><span>Kommittéer bör ges tillräckligt stöd för att kunna göra kostnadsberäkningar i enlighet med riktlinjerna.</span>\r\n\t\t\t</p>\r\n\t\t\t<p class=\"R3\">\r\n\t\t\t\t<span>Regeringens skrivelse</span>\r\n\t\t\t</p>\r\n\t\t\t<p>\r\n\t\t\t\t<span>Regeringens bedömning är att de rekommendationer som Riksrevisionen lämnar inte är nödvändiga för att uppnå en mer ändamålsenlig reglering av kostnadsfördelningen mellan staten och kommunsektorn, vilket enligt regeringen är syftet med den kommunala finansieringsprincipen.</span>\r\n\t\t\t</p>\r\n\t\t\t<p class=\"NormalIndent\">\r\n\t\t\t\t<span>Regeringen</span><span> framhåller </span><span>att </span><span>kommunalekonomiska reformer bör beredas på ett transparent och välunderbyggt sätt.</span><span> </span><span>Enligt r</span><span>egeringen </span><span>finns </span><span>det ett generellt behov av att ytterligare höja kvaliteten på de konsekvensanalyser som görs</span><span>,</span><span> och det pågår ett </span><span>löpande </span><span>arbete </span><span>med att säkerställa att förslag i utredningar också inkluderar välunderbyggda konsekvensanalyser, </span><span>vilket </span><span>är </span><span>en förutsättning för att i nästa led kunna fatta beslut om ekonomiska regleringar för kommunsektorn. </span><span>Enligt regeringen pågår </span><span>också </span><span>ett kontinuerligt arbete med att öka transparensen och tydligheten i den riktning som Riksrevisionen rekommenderar. Regeringen </span><span>har också för avsikt att </span><span>fortsätta </span><span>att </span><span>arbeta med kompetensstöd och riktlinjer till kommittéväsendet för att ytterligare förbättra kvalit</span><span>eten</span><span> i konsekvensanalyserna.</span>\r\n\t\t\t</p>\r\n\t\t\t<p class=\"NormalIndent\">\r\n\t\t\t\t<span>Regeringen anser vidare att f</span><span>öreträdare för kommuner och landsting i god tid bör bjudas in i beredningsarbetet för reformer med kommunalekonomiska effekter. I skrivelsen framhåller regeringen det samarbete och samråd som </span><span>i dag </span><span>finns </span><span>mellan staten, kommunerna, landstingen och andra berörda aktörer. </span><span>Regeringen anser inte att det krävs </span><span>fler aktörer i den beredning som sker internt i Regeringskansliet eller i kommittéväsendet eller att fler steg </span><span>bör </span><span>för</span><span>a</span><span>s in i beredningsprocessen</span><span> </span><span>för</span><span> att f</span><span>örbättra förutsättningarna för att besluta om reformer som är väl</span><span> </span><span>beredda och transparenta</span><span>. </span><span>Däremot anser r</span><span>egeringen </span><span>a</span><span>tt det finns ett behov av att slå vakt om att beredningsprocesser och rutiner fungerar så väl som möjligt för att skapa transparens och förutsägbarhet för kommunerna. </span><span>Enligt regeringen har d</span><span>ialogen och kommunikationen mellan </span><span>S</span><span>KL och Regeringskansliet</span><span> utvecklats</span><span>,</span><span> och </span><span>den </span><span>bedöms </span><span>i dag </span><span>fungera bättre än när reformerna granskades</span><span>. </span><span>K</span><span>ommunerna </span><span>har också enligt regeringen </span><span>goda möjligheter att komma in med synpunkter på och</span><span> </span><span>utveckla de förslag som bereds inom Regeringskansliet och i</span><span> </span><span>kommittéväsendet.</span>\r\n\t\t\t</p>\r\n\t\t\t<p class=\"NormalIndent\">\r\n\t\t\t\t<span>Regeringen delar delvis Riksrevisionens uppfattning att beredningen av reformers kommunalekonomiska konsekvenser bör omfatta en analys av hur </span><span>konsekvenserna skiljer sig åt mellan kommuner. </span><span>U</span><span>tgångspunkten vid en reglering enligt den kommunala finansieringsprincipen är att konsekvenser</span><span>na</span><span> regleras via det generella statsbidraget</span><span>.</span><span> En sådan reglering innebär att det för en enskild reform inte </span><span>kan </span><span>tas hänsyn till effekter för enskilda kommuner, men samtidigt finns ett kostnadsutjämningssystem som reglerar strukturella och opåverkbara kostnadsskillnader mellan kommuner och landsting inom de kommunala kärnområdena. </span>\r\n\t\t\t</p>\r\n\t\t\t<p class=\"NormalIndent\">\r\n\t\t\t\t<span>I skrivelsen framhåller regeringen att e</span><span>n särskild utredare </span><span>fått </span><span>i uppdrag att göra en översyn av systemet för kostnadsutjämning för kommuner och landsting (dir. 2016:91).</span><span>Uppdraget redovisa</span><span>des</span><span> den 1 oktober 2018</span><span>.</span><span> Utredaren </span><span>har</span><span> överväg</span><span>t</span><span> om större samhällsförändringar som påverkar kostnaderna för kommuner och landsting i tillräcklig grad fångas upp av det nuvarande systemet. Vidare </span><span>har</span><span> utredaren analyser</span><span>at</span><span> om det finns möjligheter att förenkla utjämningen. </span>\r\n\t\t\t</p>\r\n\t\t\t<p class=\"NormalIndent\">\r\n\t\t\t\t<span>Mot den bakgrunden anser regeringen att det finns tillfredsställande förutsättningar </span><span>för </span><span>att ta hänsyn till individuella skillnader mellan kommuner </span><span>när </span><span>den kommunala finansieringsprincipen</span><span> tillämpas</span><span>.</span>\r\n\t\t\t</p>\r\n\t\t\t<p class=\"NormalIndent\">\r\n\t\t\t\t<span>Regeringen </span><span>anser inte att det finns ett </span><span>behov av att följa upp </span><span>vilka kostnader som enskilda reformer lett till efter </span><span>att de har </span><span>inför</span><span>t</span><span>s</span><span>. </span><span>K</span><span>ostnadsuppföljningar fyller </span><span>enligt regeringen inte </span><span>en funktion i utformningen av statsbidragssystemet. Att göra kostnadsuppföljningar av enskilda reformer utifrån den specifika aspekten att justera kompensationen i efterhand bedöms inte vara ändamålsenligt och leder till ökad administration. Det </span><span>bedöms inte heller </span><span>fyll</span><span>a</span><span> någon tydlig funktion eftersom regeringen redan följer upp och analyserar kommunernas behov av resurstillskott </span><span>och</span><span> hur väl det kommunala kostnadsutjämningssystemet speglar de strukturella skillnader i resursbehov som finns mellan kommuner och mellan landsting.</span>\r\n\t\t\t</p>\r\n\t\t\t<p class=\"NormalIndent\">\r\n\t\t\t\t<span>I och med </span><span>sin</span><span> skrivelse anser regeringen att Riksrevisionens rapport</span><span> </span><span>är slutbehandlad.</span>\r\n\t\t\t</p>\r\n\t\t\t<p class=\"R3\">\r\n\t\t\t\t<span>Kompletterande upplysningar</span>\r\n\t\t\t</p>\r\n\t\t\t<p class=\"R4\" style=\"margin-top:6pt\">\r\n\t\t\t\t<span>Lite mer lika</span><span> </span><span>– ö</span><span>versyn av kostnadsutjämningen för kommuner och landsting</span>\r\n\t\t\t</p>\r\n\t\t\t<p>\r\n\t\t\t\t<span>Den 1 oktober 2018 överlämnade Kostnadsutjämningsutredningen sitt betänkande Lite mer lika</span><span> –</span><span> </span><span>ö</span><span>versyn av kostnadsutjämningen för kommuner och landsting</span><span> (SOU 2018:74) till regeringen</span><span>. </span>\r\n\t\t\t</p>\r\n\t\t\t<p class=\"NormalIndent\">\r\n\t\t\t\t<span>Utredningen har haft i uppdrag att se över den del av utjämningssystemet som avser kommunernas och landstingens kostnader för obligatoriska verksamheter, </span><span>den s.k. kostnadsutjämningen. I betänkandet konstateras att dagens kostnadsutjämning i huvudsak fyller sitt syfte att </span><span>g</span><span>e alla kommuner och landsting möjlighet att </span><span>tillhandahålla</span><span> en likvärdig verksamhet</span><span>.</span><span> </span><span>I u</span><span>tredningen föreslås do</span><span>c</span><span>k en helt ny kompensation för kommunal vuxenutbildning och </span><span>sfi</span><span>, eftersom de stora skillnaderna i flyktingmottagande ställer olika krav på verksamhetens omfattning. </span><span>För </span><span>utjämningssystemet inom </span><span>sjukvård</span><span>sområdet</span><span> föreslås en tydligare socioekonomisk profil. Vidare föreslås att </span><span>vissa </span><span>ersättningar </span><span>höjs, </span><span>bl.a. till glesbygd och delar av landet med befolkningsförändringar.</span>\r\n\t\t\t</p>\r\n\t\t\t<p class=\"NormalIndent\">\r\n\t\t\t\t<span>Sammantaget innebär förslaget att systemets omfördelning ökar från </span><span>10</span><span> till </span><span>12</span><span> miljarder kronor. Ökningen gynnar i huvudsak kommuner och landsting i glesbygd med liten befolkning och stora socioekonomiska utmaningar. Även de kommuner som tagit emot </span><span>många</span><span> flyktingar får ett förbättrat utfall. Förslaget föreslås träda i kraft 2020.</span>\r\n\t\t\t</p>\r\n\t\t\t<p class=\"NormalIndent\">\r\n\t\t\t\t<span>Den 8 februari 2019 skickade</span><span> Finansdepartementet </span><span>betänkandet på remiss till bl.a. samtliga kommuner och landsting. Svarstiden går ut den 17 maj 2019.</span>\r\n\t\t\t</p>\r\n\t\t\t<p class=\"R3\">\r\n\t\t\t\t<span>Utskottets ställningstagande </span>\r\n\t\t\t</p>\r\n\t\t\t<p>\r\n\t\t\t\t<span>Utskottet har in</span><span>get</span><span> </span><span>att</span><span> invända mot de bedömningar </span><span>som </span><span>regeringen gör i </span><span>sin </span><span>skrivelse med anledning av Riksrevisionens rapport.</span>\r\n\t\t\t</p>\r\n\t\t\t<p class=\"NormalIndent\">\r\n\t\t\t\t<span>Utskottet vill liksom regeringen framhålla </span><span>att </span><span>den kommunala </span><span>finansieringsprincipen är en viktig del av relationen mellan stat</span><span>en</span><span> och kommunerna</span><span> och </span><span>att det är viktigt</span><span> att ersättningen till kommunsektorn anpassas när staten beslutar om förändringar i sektorns uppgifter. </span>\r\n\t\t\t</p>\r\n\t\t\t<p class=\"NormalIndent\">\r\n\t\t\t\t<span>Utskottet noterar att det finns behov av att slå vakt om väl fungerande beredningsprocesser och rutiner för att skapa transparens och förutsägbarhet. Samtidigt noterar utskottet att </span><span>dialogen och kommunikationen mellan SKL och Regeringskansliet har utvecklats och </span><span>i dag bedöms fungera bättre än när de </span><span>reformer</span><span> </span><span>som </span><span>Riksrevisionen granska</span><span>t</span><span> genomfördes, vilket utskottet välkomnar. </span><span>Utskottet välkomnar också att regeringen har för avsikt att fortsätta </span><span>arbet</span><span>et</span><span> med att säkerställa att förslag i utredningar inkluderar välunderbyggda konsekvensanalyser</span><span>, och med att öka transparensen och tydligheten i de antaganden och beräkningar som ligger till grund för reformernas ekonomiska reglering.</span>\r\n\t\t\t</p>\r\n\t\t\t<p class=\"NormalIndent\">\r\n\t\t\t\t<span>Med det anförda </span><span>föreslår </span><span>utskottet </span><span>att regeringens </span><span>skrivelse</span><span> 2017/18:300 läggs till</span><span> handlingarna.</span>\r\n\t\t\t</p>\r\n\t\t\t<p class=\"Bilaga\">\r\n\t\t\t\t<span class=\"tBilagaJA\">Bilaga</span>\r\n\t\t\t</p>\r\n\t\t\t<p class=\"Bilagerubrik\">\r\n\t\t\t\t<a name=\"_Toc4067117\"><span class=\"tSidrubrikJA\">Förteckning över behandlade förslag</span></a>\r\n\t\t\t</p>\r\n\t\t\t<p class=\"Rubrik2bilaga\" style=\"-aw-sdt-tag:'dokumentavsnitt/förteckning över behandlade förslag/-2042336319/1541147157820'; -aw-sdt-title:'förteckning över behandlade förslag'\">\r\n\t\t\t\t<a name=\"_Toc4067118\"><span>Skrivelsen</span></a><span> </span>\r\n\t\t\t</p>\r\n\t\t\t<p style=\"-aw-sdt-tag:'dokumentavsnitt/förteckning över behandlade förslag/-2042336319/1541147157820'; -aw-sdt-title:'förteckning över behandlade förslag'\">\r\n\t\t\t\t<span>Regeringens skrivelse 2017/18:300 Riksrevisionens rapport om tillämpningen av den kommunala finansieringsprincipen.</span>\r\n\t\t\t</p>\r\n\t\t\t<p class=\"Mellanrum\">\r\n\t\t\t\t<span> </span>\r\n\t\t\t</p>\r\n\t\t\t<p class=\"Mellanrum\" style=\"-aw-sdt-tag:'dokumentavsnitt/förteckning över behandlade förslag/-2042336319/1541147157820'; -aw-sdt-title:'förteckning över behandlade förslag'\">\r\n\t\t\t\t<span> </span>\r\n\t\t\t</p>\r\n\t\t</div>\r\n\t"},"dokutskottsforslag":{"utskottsforslag":{"punkt":"1","rubrik":"Riksrevisionens rapport om tillämpningen av den kommunala finansieringsprincipen","forslag":"<BR/>Riksdagen lägger skrivelse 2017/18:300 till handlingarna.<BR/><BR/>","beslutstyp":"acklamation","motforslag_nummer":"0","motforslag_partier":null,"votering_id":null,"votering_sammanfattning_html":null,"votering_url_xml":null,"rm":"2018/19","bet":"FiU17","vinnare":"utskottet"}},"dokaktivitet":{"aktivitet":[{"kod":"UBE","namn":"Beredning","datum":"2019-03-05 00:00:00","status":"inträffat","ordning":"0","process":null},{"kod":"UBE","namn":"Beredning","datum":"2019-03-12 00:00:00","status":"inträffat","ordning":"0","process":null},{"kod":"JUS","namn":"Justering","datum":"2019-03-26 00:00:00","status":"inträffat","ordning":"0","process":null},{"kod":"TRY","namn":"Trycklov","datum":"2019-03-27 00:00:00","status":"inträffat","ordning":"0","process":null},{"kod":"B","namn":"Bordläggning","datum":"2019-04-03 00:00:00","status":"inträffat","ordning":"0","process":null},{"kod":"BEH","namn":"Behandling","datum":"2019-04-04 00:00:00","status":"inträffat","ordning":"0","process":null},{"kod":"BES","namn":"Beslut","datum":"2019-04-04 00:00:00","status":"inträffat","ordning":"0","process":null}]},"dokuppgift":{"uppgift":[{"kod":"notis","namn":"Beslut i korthet","text":"                           <p>Finansutskottet har behandlat en skrivelse från regeringen. Skrivelsen handlar om regeringens bedömningar och åtgärder med anledning av en granskningsrapport som Riksrevisionen har skrivit. I rapporten granskar Riksrevisionen hur regeringen har tillämpat den kommunala finansieringsprincipen för tre beloppsmässigt stora reformer.</p>\r\n<p>Den kommunala finansieringsprincipen innebär att staten inte ska ge kommuner och landsting nya uppgifter utan att anpassa finansieringen. Finansieringsprincipen behövs för att statligt beslutade reformer ska kunna genomföras i kommunerna utan att det ekonomiska förhållandet mellan staten och kommunerna rubbas. Riksrevisionen konstaterar att finansieringsprincipen i flera delar inte har tillämpats som det var tänkt. Bland annat har beredningen av reformerna varit otillräcklig. Riksrevisionen rekommenderar till exempel att framtida reformer ska beredas på ett transparent sätt och att företrädare för kommuner och landsting ska bjudas in till beredningsarbetet i god tid. Dessutom behöver regeringen ta hänsyn till konsekvenserna för olika kommuner beroende på deras olika förutsättningar.</p>\r\n<p>Regeringen instämmer i delar av Riksrevisionens slutsatser och håller med om att det är viktigt att göra välunderbyggda konsekvensanalyser. Därför fortsätter regeringen att utveckla de delarna. Däremot menar regeringen att dialogen mellan Regeringskansliet och Sveriges kommuner och landsting (SKL) har utvecklats och fungerar bättre idag än när reformerna genomfördes.</p>\r\n<p>Finansutskottet har inget att invända mot de bedömningar regeringen gör i sin skrivelse. Utskottet håller med om att den kommunala finansieringsprincipen är en viktig del av relationen mellan staten och kommunerna och välkomnar att dialogen mellan SKL och Regeringskansliet har utvecklats, samt att arbetet med att göra välunderbyggda konsekvensanalyser fortsätter. Riksdagen lade skrivelsen till handlingarna, det vill säga avslutade ärendet.</p>\r\n                                            ","dok_id":"H601FiU17","systemdatum":"2019-04-04 16:24:17"},{"kod":"notisrubrik","namn":"Beslut","text":"Tillämpningen av den kommunala finansieringsprincipen har granskats (FiU17)","dok_id":"H601FiU17","systemdatum":"2019-04-04 16:24:17"},{"kod":"utsknotis","namn":"Utskottets förslag till beslut","text":"                           <p>Finansutskottet har behandlat en skrivelse från regeringen. Skrivelsen handlar om regeringens bedömningar och åtgärder med anledning av en granskningsrapport som Riksrevisionen har skrivit. I rapporten granskar Riksrevisionen hur regeringen har tillämpat den kommunala finansieringsprincipen för tre beloppsmässigt stora reformer.</p>\r\n<p>Den kommunala finansieringsprincipen innebär att staten inte ska ge kommuner och landsting nya uppgifter utan att anpassa finansieringen. Finansieringsprincipen behövs för att statligt beslutade reformer ska kunna genomföras i kommunerna utan att det ekonomiska förhållandet mellan staten och kommunerna rubbas. Riksrevisionen konstaterar att finansieringsprincipen i flera delar inte har tillämpats som det var tänkt. Bland annat har beredningen av reformerna varit otillräcklig. Riksrevisionen rekommenderar till exempel att framtida reformer ska beredas på ett transparent sätt och att företrädare för kommuner och landsting ska bjudas in till beredningsarbetet i god tid. Dessutom behöver regeringen ta hänsyn till konsekvenserna för olika kommuner beroende på deras olika förutsättningar.</p>\r\n<p>Regeringen instämmer i delar av Riksrevisionens slutsatser och håller med om att det är viktigt att göra välunderbyggda konsekvensanalyser. Därför fortsätter regeringen att utveckla de delarna. Däremot menar regeringen att dialogen mellan Regeringskansliet och Sveriges kommuner och landsting (SKL) har utvecklats och fungerar bättre idag än när reformerna genomfördes.</p>\r\n<p>Finansutskottet har inget att invända mot de bedömningar regeringen gör i sin skrivelse. Utskottet håller med om att den kommunala finansieringsprincipen är en viktig del av relationen mellan staten och kommunerna och välkomnar att dialogen mellan SKL och Regeringskansliet har utvecklats, samt att arbetet med att göra välunderbyggda konsekvensanalyser fortsätter. Utskottet föreslår att riksdagen lägger skrivelsen till handlingarna, det vill säga avslutar ärendet.</p>\r\n                                            ","dok_id":"H601FiU17","systemdatum":"2019-04-04 16:24:17"},{"kod":"utsknotisrubrik","namn":"Utskottets förslag","text":"Tillämpningen av den kommunala finansieringsprincipen har granskats (FiU17)","dok_id":"H601FiU17","systemdatum":"2019-04-04 16:24:17"},{"kod":"rdbeslut","namn":"Riksdagens beslut","text":"Kammaren biföll utskottets förslag.","dok_id":"H601FiU17","systemdatum":"2019-04-04 16:24:59"},{"kod":"beslutssammanfattningusk","namn":"Utskottets förslag till beslut","text":"Skrivelsen läggs till handlingarna","dok_id":"H601FiU17","systemdatum":"2019-03-27 13:09:59"},{"kod":"debattdatumtid","namn":"Datum och tid för debatten","text":"2019-04-04 00:00:00","dok_id":"H601FiU17","systemdatum":"2019-04-04 16:24:17"},{"kod":"beslutdatumtid","namn":"Datum och tid för beslutet","text":"2019-04-04 00:00:00","dok_id":"H601FiU17","systemdatum":"2019-04-04 16:24:17"},{"kod":"statustext","namn":"statustext","text":"Ärendet är avslutat","dok_id":"H601FiU17","systemdatum":"2019-04-05 00:36:34"}]},"dokbilaga":{"bilaga":{"dok_id":"H601FiU17","titel":"Riksrevisionens rapport om tillämpningen av den kommunala finansieringsprincipen","subtitel":null,"filnamn":"2018_19_FiU17_20190327130919_Publicering.pdf","filstorlek":"381529","filtyp":"pdf","fil_url":"http://data.riksdagen.se/fil/26DF01DF-8008-4CA2-A440-5A19E5614F7D"}},"dokreferens":{"referens":[{"referenstyp":"behandlar","uppgift":"Skrivelse 2017/18:300 Riksrevisionens rapport om tillämpningen av den kommunala finansieringsprincipen","ref_dok_id":"H503300","ref_dok_typ":"prop","ref_dok_rm":"2017/18","ref_dok_bet":"300","ref_dok_titel":"Riksrevisionens rapport om tillämpningen av den kommunala finansieringsprincipen","ref_dok_subtitel":null,"ref_dok_subtyp":"skr","ref_dok_dokumentnamn":"Skrivelse"},{"referenstyp":"föredragningslista","uppgift":"föredragningslista 2018/19:73 Torsdag den 4 april 2019","ref_dok_id":"H60I73","ref_dok_typ":"f-lista","ref_dok_rm":"2018/19","ref_dok_bet":"73","ref_dok_titel":"Torsdag den 4 april 2019","ref_dok_subtitel":null,"ref_dok_subtyp":null,"ref_dok_dokumentnamn":"Föredragningslista"},{"referenstyp":"protokollbeslut","uppgift":"2019-04-04","ref_dok_id":"H60973","ref_dok_typ":"prot","ref_dok_rm":"2018/19","ref_dok_bet":"73","ref_dok_titel":"Protokoll 2018/19:73 Torsdagen den 4 april","ref_dok_subtitel":null,"ref_dok_subtyp":null,"ref_dok_dokumentnamn":"Protokoll"},{"referenstyp":"rskr","uppgift":null,"ref_dok_id":"H60K174","ref_dok_typ":"rskr","ref_dok_rm":"2018/19","ref_dok_bet":"174","ref_dok_titel":"Riksdagsskrivelse 2018/19:174","ref_dok_subtitel":null,"ref_dok_subtyp":"rskr","ref_dok_dokumentnamn":"Riksdagsskrivelse"},{"referenstyp":"talarlista","uppgift":"talarlista 2018/19:20190404 Torsdag den 4 april 2019 (preliminär)","ref_dok_id":"H60J20190404","ref_dok_typ":"t-lista","ref_dok_rm":"2018/19","ref_dok_bet":"20190404","ref_dok_titel":"Torsdag den 4 april 2019 (preliminär)","ref_dok_subtitel":null,"ref_dok_subtyp":null,"ref_dok_dokumentnamn":"Talarlista"}]},"debatt":null}}