{"dokumentstatus":{"dokument":{"hangar_id":"5004156","dok_id":"H601FiU29","rm":"2018/19","beteckning":"FiU29","typ":"bet","subtyp":"bet","doktyp":"bet","typrubrik":"Betänkande 2018/19:FiU29","dokumentnamn":"Betänkande","debattnamn":"Debatt om förslag","tempbeteckning":"","organ":"FiU","mottagare":"","nummer":"29","slutnummer":"0","datum":"2018-11-22 00:00:00","systemdatum":"2018-12-12 12:17:27","publicerad":"2018-09-25 15:09:41","titel":"Avvecklingssystem som inte omfattas av EU:s regelverk och föreskrifter om produktingripande","subtitel":"","status":"Webbpublicering","htmlformat":"html","relaterat_id":"","source":"RIM","sourceid":"8026cb43-a83e-41a9-8690-c8bb0a592396","dokument_url_text":"http://data.riksdagen.se/dokument/H601FiU29/text","dokument_url_html":"http://data.riksdagen.se/dokument/H601FiU29","dokumentstatus_url_xml":"http://data.riksdagen.se/dokumentstatus/H601FiU29","utskottsforslag_url_xml":"http://data.riksdagen.se/utskottsforslag/H601FiU29","html":"<style><!--\r\n .w600px{width: 600px;font-family:Verdana, Geneva, sans-serif}\r\nh2.dtyp{font-size:1.5em !important;} \r\n/********************************************************************************************************/\r\n/* Styles for D:\\Logs\\DocumentConverter\\\\Output_58544cbf-d21e-404f-bde7-f7985fc00cee\\HTML\\Dokument.html */\r\n/* Generated by Aspose.Words for .NET 15.3.0.0                                                          */\r\n/********************************************************************************************************/\r\n\r\n@page Section1 { size:467.8pt 686.05pt; margin:45.35pt 102.05pt 73.7pt 70.85pt }\r\ndiv.Section1 { page:Section1 }\r\nzbody { text-align:justify; line-height:12.5pt; font-family:'Verdana'; font-size:9.5pt }\r\nzh1, h2, h3, h4, h5, h6, p { margin:3.1pt 0pt 0pt }\r\nzli, table { margin-top:3.1pt; margin-bottom:0pt }\r\nzh1 { margin-top:3.1pt; margin-bottom:12pt; text-align:left; page-break-after:avoid; line-height:12.5pt; font-family:'Verdana'; font-size:16pt; font-weight:normal }\r\nzh2 { margin-top:20pt; margin-bottom:6pt; text-align:left; page-break-inside:avoid; page-break-after:avoid; line-height:12.5pt; font-family:'Verdana'; font-size:13.5pt; font-weight:normal }\r\nzh3 { margin-top:20pt; margin-bottom:3.1pt; text-align:left; page-break-inside:avoid; page-break-after:avoid; line-height:12.5pt; font-family:'Verdana'; font-size:10.5pt; font-weight:bold }\r\nzh4 { margin-top:15pt; margin-bottom:3.1pt; text-align:left; page-break-inside:avoid; page-break-after:avoid; line-height:12.5pt; font-family:'Verdana'; font-size:10.5pt; font-weight:normal; font-style:italic; color:#000000 }\r\nzh5 { margin-top:6.25pt; margin-bottom:0pt; text-align:justify; page-break-inside:avoid; page-break-after:avoid; line-height:12.5pt; font-family:'Verdana'; font-size:9.5pt; font-weight:bold }\r\nzh6 { margin-top:6.25pt; margin-bottom:0pt; text-align:justify; page-break-inside:avoid; page-break-after:avoid; line-height:12.5pt; font-family:'Verdana'; font-size:9.5pt; font-weight:normal; font-style:italic; color:#000000 }\r\n.Heading7 { margin-top:2pt; margin-bottom:0pt; text-align:justify; page-break-inside:avoid; page-break-after:avoid; line-height:12.5pt; font-family:'Verdana'; font-size:9.5pt; font-weight:normal; font-style:italic; color:#243f60 }\r\n.Heading8 { margin-top:2pt; margin-bottom:0pt; text-align:justify; page-break-inside:avoid; page-break-after:avoid; line-height:12.5pt; font-family:'Verdana'; font-size:9pt; font-weight:normal; color:#272727 }\r\n.Heading9 { margin-top:2pt; margin-bottom:0pt; text-align:justify; page-break-inside:avoid; page-break-after:avoid; line-height:12.5pt; font-family:'Verdana'; font-size:9pt; font-weight:normal; font-style:italic; color:#272727 }\r\n.Avsnittsrubrik { margin-top:0pt; margin-bottom:27.7pt; text-align:left; page-break-before:always; page-break-after:avoid; line-height:normal; font-family:'Verdana'; font-size:16pt }\r\n.Avvikandemeningrubrik { margin-top:0pt; margin-bottom:3.1pt; text-align:left; page-break-inside:avoid; page-break-after:avoid; line-height:12.5pt; font-family:'Verdana'; font-size:10.5pt; font-weight:bold }\r\n.BalloonText { margin-top:3.1pt; margin-bottom:0pt; text-align:justify; line-height:normal; font-family:Tahoma; font-size:8pt }\r\n.Bilaga { margin-top:0pt; margin-bottom:0pt; text-align:left; page-break-before:always; page-break-after:avoid; line-height:normal; widows:0; orphans:0; font-family:'Verdana'; font-size:8pt; font-variant:small-caps; text-decoration:underline }\r\n.Bilagerubrik { margin-top:0pt; margin-bottom:17.7pt; text-align:left; page-break-after:auto; line-height:normal; widows:0; orphans:0; font-family:'Verdana'; font-size:16pt }\r\n.Bild-Rubrik { margin-top:8pt; margin-bottom:0pt; text-align:justify; page-break-inside:avoid; page-break-after:avoid; line-height:10pt; font-family:'Verdana'; font-size:9.5pt; font-weight:bold }\r\n.Bild-Underrubrik { margin-top:0pt; margin-bottom:1pt; text-align:left; page-break-inside:avoid; page-break-after:avoid; line-height:8pt; font-family:'Verdana'; font-size:8pt; font-weight:normal; font-style:italic }\r\n.BodyText { margin-top:3.1pt; margin-bottom:0pt; text-align:left; line-height:12.5pt; font-family:'Verdana'; font-size:9.5pt }\r\n.BodyTextIndent2 { margin-top:3.1pt; margin-left:14.15pt; margin-bottom:6pt; text-align:justify; line-height:200%; font-family:'Verdana'; font-size:9.5pt }\r\n.Citatindrag { margin-top:0pt; margin-left:14.2pt; margin-bottom:6.1pt; text-indent:14.2pt; text-align:justify; line-height:10pt; font-family:'Verdana'; font-size:9.5pt }\r\n.CommentText { margin-top:3.1pt; margin-bottom:0pt; text-align:justify; line-height:normal; font-family:'Verdana'; font-size:10pt }\r\n.Deltagare { margin-top:0pt; margin-bottom:0pt; text-align:justify; page-break-inside:avoid; page-break-after:avoid; line-height:9.5pt; font-family:'Verdana'; font-size:9.5pt }\r\n.Diagram-Rubrik { margin-top:8pt; margin-bottom:0pt; text-align:justify; page-break-inside:avoid; page-break-after:avoid; line-height:10pt; font-family:'Verdana'; font-size:9.5pt; font-weight:bold }\r\n.Diagram-Underrubrik { margin-top:0pt; margin-bottom:1pt; text-align:left; page-break-inside:avoid; page-break-after:avoid; line-height:8pt; font-family:'Verdana'; font-size:8pt; font-weight:normal; font-style:italic }\r\n.DokumentRubrik { margin-top:6pt; margin-bottom:24pt; text-align:left; line-height:normal; border-bottom-style:solid; border-bottom-width:0.75pt; border-bottom-color:#000000; padding-bottom:4pt; font-family:'Verdana'; font-size:18pt }\r\n.Dokumentbeteckning { margin-top:0pt; margin-bottom:0pt; text-align:left; page-break-inside:avoid; page-break-after:avoid; line-height:12.5pt; font-family:'Verdana'; font-size:16pt }\r\n.Footer { margin-top:3.1pt; margin-bottom:0pt; text-align:justify; line-height:normal; font-family:'Verdana'; font-size:9.5pt }\r\n.FootnoteText { margin-top:0pt; margin-bottom:0pt; text-align:justify; line-height:8pt; font-family:'Verdana'; font-size:8pt }\r\n.Fotnotstextindrag { margin-top:0pt; margin-left:5.65pt; margin-bottom:0pt; text-align:left; line-height:8pt; font-family:'Verdana'; font-size:8pt }\r\n.Frslagspunkt { margin-top:0pt; margin-bottom:0pt; text-align:left; page-break-inside:avoid; page-break-after:avoid; line-height:12.5pt; font-family:'Verdana'; font-size:9.5pt; font-weight:bold }\r\n.Frslagstext { margin-top:0pt; margin-bottom:0pt; text-align:justify; line-height:12.5pt; font-family:'Verdana'; font-size:9.5pt }\r\n.Frteckningsrubrik { margin-top:9.6pt; margin-bottom:3.1pt; text-align:left; page-break-inside:avoid; page-break-after:avoid; line-height:normal; font-family:'Verdana'; font-size:9.5pt; font-weight:normal; font-style:italic; color:#000000 }\r\n.Grupprubrik { margin-top:6pt; margin-bottom:0pt; text-align:left; page-break-inside:avoid; page-break-after:avoid; line-height:12.5pt; font-family:'Verdana'; font-size:9.5pt; font-style:italic }\r\n.Grupprubrikindrag { margin-top:6pt; margin-left:22.1pt; margin-bottom:0pt; text-align:left; page-break-inside:avoid; page-break-after:avoid; line-height:12.5pt; font-family:'Verdana'; font-size:9.5pt; font-style:italic }\r\n.Header { margin-top:0pt; margin-bottom:0pt; text-align:justify; line-height:normal; font-family:'Verdana'; font-size:7.5pt; font-variant:small-caps }\r\n.Innehllsfrteckning { margin-top:0pt; margin-bottom:17.7pt; text-align:left; page-break-before:always; page-break-after:auto; line-height:normal; font-family:'Verdana'; font-size:16pt }\r\n.Kantrubrik { margin-top:0pt; margin-bottom:0pt; text-align:justify; line-height:normal; font-family:'Verdana'; font-size:7.5pt }\r\n.ListBullet { margin-top:6.25pt; margin-left:17.85pt; margin-bottom:6.25pt; text-indent:-17.85pt; text-align:justify; line-height:12.5pt; font-family:'Verdana'; font-size:9.5pt }\r\n.ListParagraph { margin-top:3.1pt; margin-left:28.35pt; margin-bottom:0pt; text-align:justify; line-height:12.5pt; font-family:'Verdana'; font-size:9.5pt }\r\n.Litentext { margin-top:0pt; margin-bottom:0pt; text-align:justify; line-height:normal; font-family:'Verdana'; font-size:8pt }\r\n.Mellanrubrik { margin-top:11pt; margin-bottom:3.1pt; text-align:left; page-break-after:avoid; line-height:12.5pt; font-family:'Verdana'; font-size:9.5pt; font-style:italic }\r\n.Mellanrum { margin-top:0pt; margin-bottom:0pt; text-align:left; page-break-before:auto; page-break-after:auto; line-height:1pt; widows:0; orphans:0; font-family:'Verdana'; font-size:1pt; font-variant:small-caps; text-decoration:none; color:#ffffff }\r\n.NormalIndent { margin-top:0pt; margin-bottom:0pt; text-indent:11.35pt; text-align:justify; line-height:12.5pt; font-family:'Verdana'; font-size:9.5pt }\r\n.Normalinskjuten { margin-top:0pt; margin-left:22.1pt; margin-bottom:0pt; text-align:justify; line-height:12.5pt; font-family:'Verdana'; font-size:9.5pt }\r\n.Normalinskjutenindrag { margin-top:0pt; margin-left:22.1pt; margin-bottom:0pt; text-indent:11.35pt; text-align:justify; line-height:12.5pt; font-family:'Verdana'; font-size:9.5pt }\r\n.Normalinskjutenkursiv { margin-top:6pt; margin-bottom:0pt; line-height:normal; font-family:'Verdana'; font-size:10pt; font-style:italic }\r\n.Normalkursiv { margin-top:3.1pt; margin-bottom:0pt; text-align:left; line-height:12.5pt; font-family:'Verdana'; font-size:9.5pt; font-style:italic }\r\n.Normalruta { margin:3.1pt 5.65pt 0pt; text-align:justify; page-break-inside:avoid; page-break-after:avoid; line-height:12.5pt; border-top-style:solid; border-top-width:0.75pt; border-top-color:#000000; border-right-style:solid; border-right-width:0.75pt; border-right-color:#000000; border-left-style:solid; border-left-width:0.75pt; border-left-color:#000000; border-bottom-style:solid; border-bottom-width:0.75pt; border-bottom-color:#000000; padding-top:4pt; padding-right:4pt; padding-left:4pt; padding-bottom:4pt; font-family:'Verdana'; font-size:10.5pt }\r\n.Normalrutafet { margin:3.1pt 5.65pt 0pt; text-align:justify; page-break-inside:avoid; page-break-after:avoid; line-height:12.5pt; border-top-style:solid; border-top-width:0.75pt; border-top-color:#000000; border-right-style:solid; border-right-width:0.75pt; border-right-color:#000000; border-left-style:solid; border-left-width:0.75pt; border-left-color:#000000; border-bottom-style:solid; border-bottom-width:0.75pt; border-bottom-color:#000000; padding-top:4pt; padding-right:4pt; padding-left:4pt; padding-bottom:4pt; font-family:'Verdana'; font-size:10.5pt; font-weight:bold }\r\n.Normalrutaindrag { margin:0pt 5.65pt; text-indent:11.35pt; text-align:justify; page-break-inside:avoid; page-break-after:avoid; line-height:12.5pt; border-top-style:solid; border-top-width:0.75pt; border-top-color:#000000; border-right-style:solid; border-right-width:0.75pt; border-right-color:#000000; border-left-style:solid; border-left-width:0.75pt; border-left-color:#000000; border-bottom-style:solid; border-bottom-width:0.75pt; border-bottom-color:#000000; padding-top:4pt; padding-right:4pt; padding-left:4pt; padding-bottom:4pt; font-family:'Verdana'; font-size:10.5pt }\r\n.Normalutanluftfre { margin-top:0pt; margin-bottom:0pt; text-align:justify; line-height:12.5pt; font-family:'Verdana'; font-size:9.5pt }\r\n.NormalNoll { margin-top:0pt; margin-bottom:3.1pt; text-align:left; line-height:12.5pt; font-family:'Verdana'; font-size:10.5pt; font-weight:bold }\r\n.NumlistaTOC { margin:3.1pt 28.35pt 0pt 0pt; text-indent:0pt; text-align:left; line-height:normal; font-family:'Verdana'; font-size:9.5pt }\r\n.Ordfranden { margin-top:3.1pt; margin-bottom:22pt; text-align:left; page-break-inside:avoid; page-break-after:avoid; line-height:normal; font-family:'Verdana'; font-size:9.5pt; font-style:italic }\r\n.OrtochDatum { margin-top:18pt; margin-bottom:18pt; text-align:left; page-break-inside:avoid; page-break-after:avoid; line-height:normal; font-family:'Verdana'; font-size:9.5pt }\r\n.Punktlistabomb { margin-top:6.25pt; margin-left:14.2pt; margin-bottom:6.25pt; text-indent:-14.2pt; text-align:justify; line-height:12.5pt; font-family:'Verdana'; font-size:9.5pt }\r\n.Punktlistagemener { margin-top:6.25pt; margin-left:14.2pt; margin-bottom:6.25pt; text-indent:-14.2pt; text-align:justify; line-height:12.5pt; font-family:'Verdana'; font-size:9.5pt }\r\n.Punktlistalinje { margin-top:6.25pt; margin-left:14.2pt; margin-bottom:6.25pt; text-indent:-14.2pt; text-align:justify; line-height:12.5pt; font-family:'Verdana'; font-size:9.5pt }\r\n.Punktlistasiffra { margin-top:6.25pt; margin-left:14.2pt; margin-bottom:6.25pt; text-indent:-14.2pt; text-align:justify; line-height:12.5pt; font-family:'Verdana'; font-size:9.5pt }\r\n.PVgnar { margin-top:3.1pt; margin-bottom:26pt; text-align:left; page-break-inside:avoid; page-break-after:avoid; line-height:normal; font-family:'Verdana'; font-size:9.5pt }\r\n.Quote { margin-top:6.1pt; margin-left:14.2pt; margin-bottom:0pt; text-align:justify; line-height:10pt; font-family:'Verdana'; font-size:9.5pt }\r\n.R1 { margin-top:3.1pt; margin-bottom:12pt; text-align:left; page-break-after:avoid; line-height:12.5pt; font-family:'Verdana'; font-size:16pt }\r\n.R1bilaga { margin-top:3.1pt; margin-bottom:12pt; text-align:left; page-break-after:auto; line-height:12.5pt; font-family:'Verdana'; font-size:16pt }\r\n.R2 { margin-top:20pt; margin-bottom:6pt; text-align:left; page-break-inside:avoid; page-break-after:avoid; line-height:12.5pt; font-family:'Verdana'; font-size:13.5pt }\r\n.R3 { margin-top:20pt; margin-bottom:3.1pt; text-align:left; page-break-inside:avoid; page-break-after:avoid; line-height:12.5pt; font-family:'Verdana'; font-size:10.5pt; font-weight:bold }\r\n.R4 { margin-top:15pt; margin-bottom:3.1pt; text-align:left; page-break-inside:avoid; page-break-after:avoid; line-height:12.5pt; font-family:'Verdana'; font-size:10.5pt; font-weight:normal; font-style:italic; color:#000000 }\r\n.R5 { margin-top:6.25pt; margin-bottom:0pt; text-align:justify; page-break-inside:avoid; page-break-after:avoid; line-height:12.5pt; font-family:'Verdana'; font-size:9.5pt; font-weight:bold }\r\n.R6 { margin-top:6.25pt; margin-bottom:0pt; text-align:justify; page-break-inside:avoid; page-break-after:avoid; line-height:12.5pt; font-family:'Verdana'; font-size:9.5pt; font-weight:normal; font-style:italic; color:#000000 }\r\n.Reservationshnvisning { margin-top:0pt; margin-bottom:8pt; text-align:right; line-height:12.5pt; font-family:'Verdana'; font-size:9.5pt; font-style:italic }\r\n.Reservationsrubrik { margin-top:0pt; margin-bottom:3.1pt; text-align:left; page-break-inside:avoid; page-break-after:avoid; line-height:12.5pt; font-family:'Verdana'; font-size:10.5pt; font-weight:bold }\r\n.Rubrik1Dokumentinformation { margin-top:0pt; margin-bottom:0pt; text-align:left; page-break-inside:avoid; page-break-after:avoid; line-height:12.5pt; font-family:'Verdana'; font-size:16pt }\r\n.Rubrik1bilaga { margin-top:0pt; margin-bottom:27.7pt; text-align:left; page-break-after:auto; line-height:12.5pt; font-family:'Verdana'; font-size:16pt }\r\n.Rubrik1medsidhuvud { margin-top:3.1pt; margin-bottom:12pt; text-align:left; page-break-before:always; page-break-after:avoid; line-height:12.5pt; font-family:'Verdana'; font-size:16pt }\r\n.Rubrik1numrerat { margin-top:3.1pt; margin-left:0pt; margin-bottom:12pt; text-indent:0pt; text-align:left; page-break-after:avoid; line-height:12.5pt; font-family:'Verdana'; font-size:16pt }\r\n.Rubrik1numreratmedsidhuvud { margin-top:0pt; margin-left:0pt; margin-bottom:16pt; text-indent:0pt; text-align:left; page-break-before:always; page-break-after:avoid; line-height:normal; font-family:'Verdana'; font-size:16pt }\r\n.Rubrik2bilaga { margin-top:20pt; margin-bottom:6pt; text-align:left; page-break-inside:avoid; page-break-after:avoid; line-height:12.5pt; font-family:'Verdana'; font-size:13.5pt }\r\n.Rubrik2numrerat { margin-top:20pt; margin-left:0pt; margin-bottom:6pt; text-indent:0pt; text-align:left; page-break-inside:avoid; page-break-after:avoid; line-height:12.5pt; font-family:'Verdana'; font-size:13.5pt }\r\n.Rubrik3numrerat { margin-top:20pt; margin-left:0pt; margin-bottom:3.1pt; text-indent:0pt; text-align:left; page-break-inside:avoid; page-break-after:avoid; line-height:12.5pt; font-family:'Verdana'; font-size:10.5pt; font-weight:bold }\r\n.Sammanfattning { margin-top:3.1pt; margin-bottom:12pt; text-align:left; page-break-after:auto; line-height:12.5pt; font-family:'Verdana'; font-size:16pt }\r\n.Sidhuvudhgerstlld { margin-top:0pt; margin-bottom:0pt; text-align:right; line-height:normal; font-family:'Verdana'; font-size:7.5pt; font-variant:small-caps }\r\n.Sidhuvudvnsterstlld { margin-top:0pt; margin-bottom:0pt; text-align:left; line-height:normal; font-family:'Verdana'; font-size:7.5pt; font-variant:small-caps }\r\n.Stdrubrik { margin-top:12pt; margin-bottom:0pt; line-height:12pt; font-family:'Verdana'; font-size:9.5pt; font-weight:bold }\r\n.Srskiltyttranderubrik { margin-top:0pt; margin-bottom:3.1pt; text-align:left; page-break-inside:avoid; page-break-after:avoid; line-height:12.5pt; font-family:'Verdana'; font-size:10.5pt; font-weight:bold }\r\n.TOC1 { margin-top:0pt; margin-right:28.35pt; margin-bottom:0pt; text-align:left; line-height:normal; font-family:'Verdana'; font-size:9.5pt }\r\n.TOC2 { margin:0pt 28.35pt 0pt 5.65pt; text-align:left; line-height:normal; font-family:'Verdana'; font-size:9.5pt }\r\n.TOC3 { margin:0pt 28.35pt 0pt 11.35pt; text-align:left; line-height:normal; font-family:'Verdana'; font-size:9.5pt }\r\n.TOC4 { margin:0pt 28.35pt 0pt 17pt; text-align:left; line-height:normal; font-family:'Verdana'; font-size:9.5pt }\r\n.TOC5 { margin:0pt 28.35pt 0pt 22.7pt; text-align:left; line-height:normal; font-family:'Verdana'; font-size:9.5pt }\r\n.TOC6 { margin-top:0pt; margin-left:47.65pt; margin-bottom:0pt; text-align:left; line-height:normal; font-family:'Verdana'; font-size:9.5pt }\r\n.TOC7 { margin-top:0pt; margin-right:28.35pt; margin-bottom:0pt; text-align:left; line-height:normal; font-family:'Verdana'; font-size:9.5pt }\r\n.TOC8 { margin-top:0pt; margin-right:28.35pt; margin-bottom:0pt; text-align:left; line-height:normal; font-family:'Verdana'; font-size:9.5pt }\r\n.TOC9 { margin-top:0pt; margin-left:8.5pt; margin-bottom:0pt; text-align:left; line-height:normal; font-family:'Verdana'; font-size:9.5pt }\r\n.TOCHeading { margin-top:3.1pt; margin-bottom:9pt; text-align:left; page-break-before:always; page-break-inside:avoid; page-break-after:avoid; line-height:12.5pt; font-family:'Verdana'; font-size:16pt }\r\n.Tabell-Kolumnrubrik { margin-bottom:0pt; line-height:12pt; font-family:'Verdana'; font-size:8pt; font-weight:bold }\r\n.Tabell-Klla { margin-top:2pt; margin-bottom:0pt; line-height:8pt; font-family:'Verdana'; font-size:7pt }\r\n.Tabell-Radrubrik { margin-bottom:0pt; line-height:12pt; font-family:'Verdana'; font-size:8pt }\r\n.Tabell-Rubrik { margin-top:12pt; margin-bottom:3pt; text-align:left; page-break-inside:avoid; page-break-after:avoid; line-height:10pt; font-family:'Verdana'; font-size:9pt; font-weight:bold }\r\n.Tabell-Siffror { margin-bottom:0pt; text-align:right; line-height:12pt; font-family:'Verdana'; font-size:8pt }\r\n.Tabell-Text { margin-bottom:0pt; line-height:12pt; font-family:'Verdana'; font-size:8pt }\r\n.Tabell-Underrubrik { margin-top:0pt; margin-bottom:1pt; text-align:left; page-break-inside:avoid; page-break-after:avoid; line-height:8pt; font-family:'Verdana'; font-size:8pt; font-weight:normal; font-style:italic }\r\n.TableofFigures { margin-top:3.1pt; margin-bottom:0pt; text-align:justify; line-height:normal; font-family:'Verdana'; font-size:9.5pt }\r\n.TillX-utskottet { margin-top:0pt; margin-bottom:12pt; text-align:left; page-break-after:avoid; line-height:12.5pt; font-family:'Verdana'; font-size:16pt }\r\n.Title { margin-top:3.1pt; margin-bottom:1pt; text-align:left; line-height:12pt; font-family:'Verdana'; font-size:20pt; letter-spacing:-0.5pt }\r\n.Vapen { margin-top:0pt; margin-bottom:0pt; text-align:left; page-break-inside:avoid; page-break-after:avoid; line-height:12.5pt; font-family:'Verdana'; font-size:16pt }\r\n.Yrkandelista { margin-top:3.1pt; margin-left:28.35pt; margin-bottom:0pt; text-indent:-28.35pt; text-align:justify; line-height:12.5pt; font-family:'Verdana'; font-size:9.5pt }\r\n.YrkandelistaEtt { margin-top:3.1pt; margin-left:0pt; margin-bottom:0pt; text-indent:0pt; text-align:justify; line-height:12.5pt; font-family:'Verdana'; font-size:9.5pt }\r\nspan.BallongtextChar { font-family:Tahoma; font-size:8pt }\r\nspan.BilagaChar { font-family:'Verdana'; font-size:8pt; font-variant:small-caps; text-decoration:underline }\r\nspan.BrdtextChar { font-family:'Verdana'; font-size:9.5pt }\r\nspan.BrdtextChar1 { font-family:'Verdana'; font-size:9.5pt }\r\nspan.Brdtextmedindrag2Char { font-family:'Verdana'; font-size:9.5pt }\r\nspan.CitatChar { font-family:'Verdana'; font-size:9.5pt }\r\nspan.DokumentRubrikChar { font-family:'Verdana'; font-size:18pt }\r\nspan.FootnoteReference { vertical-align:super }\r\nspan.FotnotstextChar { font-family:'Verdana'; font-size:8pt }\r\nspan.FotnotstextindragChar { font-family:'Verdana'; font-size:8pt }\r\nspan.FrslagspunktChar { font-family:'Verdana'; font-size:9.5pt; font-weight:bold; font-style:normal }\r\nspan.Hyperlink { text-decoration:none; color:#000000 }\r\nspan.KommentarerChar { font-family:'Verdana'; font-size:10pt }\r\nspan.NormalkursivChar { font-family:'Verdana'; font-size:9.5pt; font-style:italic }\r\nspan.NormaltindragChar { font-family:'Verdana'; font-size:9.5pt }\r\nspan.OrdfrandenChar { font-family:'Verdana'; font-size:9.5pt; font-style:italic }\r\nspan.OrtochDatumChar { font-family:'Verdana'; font-size:9.5pt }\r\nspan.PlaceholderText { color:#808080 }\r\nspan.PVgnarChar { font-family:'Verdana'; font-size:9.5pt }\r\nspan.ReservationshnvisningChar { font-family:'Verdana'; font-size:9.5pt; font-style:italic }\r\nspan.Rubrik1Char { font-family:'Verdana'; font-size:16pt }\r\nspan.Rubrik1DokumentinformationChar { font-family:'Verdana'; font-size:16pt }\r\nspan.Rubrik2Char { font-family:'Verdana'; font-size:13.5pt }\r\nspan.Rubrik3Char { font-family:'Verdana'; font-size:10.5pt; font-weight:bold }\r\nspan.Rubrik4Char { font-family:'Verdana'; font-size:10.5pt; font-style:italic; color:#000000 }\r\nspan.Rubrik5Char { font-family:'Verdana'; font-size:9.5pt; font-weight:bold }\r\nspan.Rubrik6Char { font-family:'Verdana'; font-size:9.5pt; font-style:italic; color:#000000 }\r\nspan.Rubrik7Char { font-family:'Verdana'; font-size:9.5pt; font-style:italic; color:#243f60 }\r\nspan.Rubrik8Char { font-family:'Verdana'; font-size:9pt; color:#272727 }\r\nspan.Rubrik9Char { font-family:'Verdana'; font-size:9pt; font-style:italic; color:#272727 }\r\nspan.RubrikChar { font-family:'Verdana'; font-size:20pt; letter-spacing:-0.5pt }\r\nspan.SidfotChar { font-family:'Verdana'; font-size:9.5pt }\r\nspan.SidhuvudChar { font-family:'Verdana'; font-size:7.5pt; font-variant:small-caps }\r\nspan.Tabell-Upphjttecken { font-family:'Verdana'; font-variant:normal; text-decoration:none; text-transform:none; vertical-align:super; display:inline }\r\nspan.VapenChar { font-family:'Verdana'; font-size:16pt }\r\nspan.tBilagaJA { color:#000000 }\r\nspan.tSidrubrikJA { color:#000000 }\r\n.TableGrid {  }\r\n--></style>\r\n\r\n\t\t<div class=\"Section1\">\r\n\t\t\t<table cellspacing=\"0\" cellpadding=\"0\" style=\"border-collapse:collapse; margin-left:0pt\">\r\n\t\t\t\t<tr style=\"height:79.4pt\">\r\n\t\t\t\t\t<td style=\"vertical-align:top; width:297.7pt\">\r\n\t\t\t\t\t\t<p class=\"Rubrik1Dokumentinformation\" style=\"margin-top:0pt; margin-bottom:0pt; text-align:left; page-break-inside:avoid; page-break-after:avoid; line-height:16pt\">\r\n\t\t\t\t\t\t\t<span style=\"font-family:'Verdana'; font-size:16pt; -aw-sdt-tag:ccUtskott; -aw-sdt-title:'utskottsnamn Dokumentegenskap'\">Finansutskottet</span><span style=\"font-family:'Verdana'; font-size:16pt; -aw-sdt-tag:ccS; -aw-sdt-title:s\">s</span><span style=\"font-family:'Verdana'; font-size:16pt; -aw-sdt-tag:ccMellanslag; -aw-sdt-title:Mellanslag\"> </span><a name=\"Utlatande\"></a><span style=\"font-family:'Verdana'; font-size:16pt\">betänkande</span>\r\n\t\t\t\t\t\t</p>\r\n\t\t\t\t\t\t<p class=\"Dokumentbeteckning\" style=\"margin-top:0pt; margin-bottom:0pt; text-align:left; page-break-inside:avoid; page-break-after:avoid; line-height:16pt\">\r\n\t\t\t\t\t\t\t<span style=\"font-family:'Verdana'; font-size:16pt; -aw-sdt-tag:ccRiksmote; -aw-sdt-title:'riksmote Dokumentegenskap'\">2018/19</span><span style=\"font-family:'Verdana'; font-size:16pt; -aw-sdt-tag:ccKolon; -aw-sdt-title:Kolon\">:</span><a name=\"Utskottebeteckning\"></a><span style=\"font-family:'Verdana'; font-size:16pt\">FiU29</span>\r\n\t\t\t\t\t\t</p>\r\n\t\t\t\t\t\t<p class=\"Rubrik1Dokumentinformation\" style=\"margin-top:0pt; margin-bottom:0pt; text-align:left; page-break-inside:avoid; page-break-after:avoid; line-height:16pt\">\r\n\t\t\t\t\t\t\t<span style=\"font-family:'Verdana'; font-size:16pt\"> </span>\r\n\t\t\t\t\t\t</p>\r\n\t\t\t\t\t</td>\r\n\t\t\t\t</tr>\r\n\t\t\t</table>\r\n\t\t\t<p class=\"DokumentRubrik\" style=\"-aw-sdt-tag:ccDokumentrubrik; -aw-sdt-title:'dokumentrubrik Dokumentegenskap'\">\r\n\t\t\t\t<span>Avvecklingssystem som inte omfattas av EU:s regelverk och föreskrifter om produktingripande</span>\r\n\t\t\t</p>\r\n\t\t\t<h1>\r\n\t\t\t\t<a name=\"_Toc530666590\"><span>S</span><span>ammanfattning</span></a>\r\n\t\t\t</h1>\r\n\t\t\t<p>\r\n\t\t\t\t<span>Utskottet ställer sig bakom regerin</span><span>gens förslag till ändringar i lagen om system för avveckling av förpliktelser på finansmarknaden, lagen om resolution, lagen om värdepappersmarknaden och lagen med kompletterande bestämmelser till EU:s förordning om faktablad för Priip-produkter.</span>\r\n\t\t\t</p>\r\n\t\t\t<p class=\"NormalIndent\">\r\n\t\t\t\t<span>I propositionen </span><span>behandlas</span><span> </span><span>två </span><span>separata </span><span>lag</span><span>förslag</span><span>.</span><span> Det första förslaget handlar om </span><span>att göra det möjligt</span><span> för svenska finansiella företag, främst banker, att delta i avvecklingssystem </span><span>som faller utanf</span><span>ör regleringen i</span><span> </span><span>finalitydirektivet och krishanteringsdirektivet.</span><span> </span><span>Förslaget har sin grund i </span><span>det faktum </span><span>att om Storbritannien lämnar EU utan att ansluta sig till</span><span> Europeiska ekonomiska samarbetsområdet (EES) </span><span>kommer vissa avvecklingssystem inte längre att omfattas av ett sådant skydd mot rättsliga risker som gäller enligt den EU-reglering som har gen</span><span>omförts i svensk rätt. Förslaget</span><span> i propositionen syf</span><span>tar till att ge svenska aktörer </span><span>förutsättningar för </span><span>att </span><span>forts</span><span>ätta </span><span>delta i </span><span>utländska </span><span>avvecklingssystem som t.ex. </span><span>Continuous Linked Settlement System (</span><span>CLS</span><span>)</span><span> och </span><span>LCH Limited (</span><span>LCH</span><span>)</span><span>.</span><span> </span><span>Regeringen föreslår att </span><span>utländska avvecklingssystem på vilka lagen i ett land utanför EES ska tillämpas ska kunna likställas med system som omfattas av finalitydirektivet.</span>\r\n\t\t\t</p>\r\n\t\t\t<p class=\"NormalIndent\">\r\n\t\t\t\t<span>Det andra förslage</span><span>t handlar</span><span> </span><span>för det första </span><span>om att</span><span> </span><span>införa en upplysningsbestämmelse i lagen med kompletterande bestämmelser till EU:s förordning om faktablad för Priip-produkter</span><span>. Upplysningsbestämmelsen gäller</span><span> att det i Priips-förordningen finns bestämmelser om</span><span> produktingripanden</span><span>. För det andra handlar förslaget om att</span><span> ge regeringen eller den myndighet som regeringen bestämmer </span><span>bemyndiganden </span><span>att meddela föreskrifter om produktingripande enligt </span><span>Mifir</span><span> </span><span>respektive Priips-förordningen.</span><span> </span>\r\n\t\t\t</p>\r\n\t\t\t<p class=\"NormalIndent\">\r\n\t\t\t\t<span>Lagändringarna föreslås träda i kraft den 1 januari 2019 i fråga om lagen om system för avveckling av förpliktelser på finansmarknaden och lagen om resolution och i övrigt den 2 januari 2019.</span>\r\n\t\t\t</p>\r\n\t\t\t<p class=\"R4\">\r\n\t\t\t\t<span>Behandlade förslag</span>\r\n\t\t\t</p>\r\n\t\t\t<p>\r\n\t\t\t\t<span>Proposition 2018/19:3 Avvecklingssystem som inte omfattas av EU:s regelverk och föreskrifter om produktingripande.</span>\r\n\t\t\t</p>\r\n\t\t\t<p>\r\n\t\t\t\t<span> </span>\r\n\t\t\t</p>\r\n\t\t\t<p class=\"Innehllsfrteckning\">\r\n\t\t\t\t<a name=\"Innehållsförteckning\"></a><span class=\"tSidrubrikJA\">Innehållsförteckning</span>\r\n\t\t\t</p>\r\n\t\t\t<p class=\"TOC1\">\r\n\t\t\t\t<a style=\"color:#000000\" href=\"#_Toc530666590\"><span class=\"Hyperlink\">Sammanfattning</span></a>\r\n\t\t\t</p>\r\n\t\t\t<p class=\"TOC1\">\r\n\t\t\t\t<a style=\"color:#000000\" href=\"#_Toc530666591\"><span class=\"Hyperlink\">Utskottets förslag till riksdagsbeslut</span></a>\r\n\t\t\t</p>\r\n\t\t\t<p class=\"TOC1\">\r\n\t\t\t\t<a style=\"color:#000000\" href=\"#_Toc530666592\"><span class=\"Hyperlink\">Redogörelse för ärendet</span></a>\r\n\t\t\t</p>\r\n\t\t\t<p class=\"TOC1\">\r\n\t\t\t\t<a style=\"color:#000000\" href=\"#_Toc530666593\"><span class=\"Hyperlink\">Utskottets överväganden</span></a>\r\n\t\t\t</p>\r\n\t\t\t<p class=\"TOC2\" style=\"margin-bottom:0pt\">\r\n\t\t\t\t<a style=\"color:#000000\" href=\"#_Toc530666594\"><span class=\"Hyperlink\">Avvecklingssystem som inte omfattas av EU:s regelverk</span></a>\r\n\t\t\t</p>\r\n\t\t\t<p class=\"TOC2\" style=\"margin-top:0pt\">\r\n\t\t\t\t<a style=\"color:#000000\" href=\"#_Toc530666595\"><span class=\"Hyperlink\">Föreskrifter om produktingripande</span></a>\r\n\t\t\t</p>\r\n\t\t\t<p class=\"TOC8\">\r\n\t\t\t\t<span class=\"Hyperlink\" style=\"font-style:italic\">Bilaga 1</span><br /><a style=\"color:#000000\" href=\"#_Toc530666596\"><span class=\"Hyperlink\">Förteckning över behandlade förslag</span></a>\r\n\t\t\t</p>\r\n\t\t\t<p class=\"TOC9\">\r\n\t\t\t\t<a style=\"color:#000000\" href=\"#_Toc530666597\"><span class=\"Hyperlink\">Propositionen</span></a>\r\n\t\t\t</p>\r\n\t\t\t<p class=\"TOC8\">\r\n\t\t\t\t<span class=\"Hyperlink\" style=\"font-style:italic\">Bilaga 2</span><br /><a style=\"color:#000000\" href=\"#_Toc530666598\"><span class=\"Hyperlink\">Regeringens lagförslag</span></a>\r\n\t\t\t</p>\r\n\t\t\t<p>\r\n\t\t\t</p>\r\n\t\t\t<p>\r\n\t\t\t\t<span> </span>\r\n\t\t\t</p>\r\n\t\t\t<p class=\"NormalIndent\">\r\n\t\t\t\t<span> </span>\r\n\t\t\t</p>\r\n\t\t\t<p class=\"Avsnittsrubrik\">\r\n\t\t\t\t<a name=\"_Toc530666591\"></a><a name=\"StopCC\"></a><span class=\"tSidrubrikJA\">Utskottets förslag till riksdagsbeslut</span><span style=\"-aw-bookmark-end:_Toc530666591\"></span>\r\n\t\t\t</p>\r\n\t\t\t<p class=\"Mellanrum\">\r\n\t\t\t\t<span> </span>\r\n\t\t\t</p>\r\n\t\t\t<p class=\"Mellanrum\">\r\n\t\t\t\t<span> </span>\r\n\t\t\t</p>\r\n\t\t\t<table cellspacing=\"0\" cellpadding=\"0\" style=\"border-collapse:collapse; margin-left:0pt; width:294.2pt\">\r\n\t\t\t\t<tr>\r\n\t\t\t\t\t<td style=\"vertical-align:top; width:22pt\">\r\n\t\t\t\t\t\t<p style=\"margin-top:3.1pt; margin-bottom:0pt; text-align:justify; page-break-inside:avoid; page-break-after:avoid; line-height:12.5pt\">\r\n\t\t\t\t\t\t\t<span style=\"font-family:'Verdana'; font-size:10.5pt; font-weight:bold\">1.</span>\r\n\t\t\t\t\t\t</p>\r\n\t\t\t\t\t</td>\r\n\t\t\t\t\t<td style=\"vertical-align:top; width:272.2pt\">\r\n\t\t\t\t\t\t<p style=\"margin-top:3.1pt; margin-bottom:0pt; text-align:justify; page-break-inside:avoid; page-break-after:avoid; line-height:12.5pt\">\r\n\t\t\t\t\t\t\t<span style=\"font-family:'Verdana'; font-size:10.5pt; font-weight:bold\">Avvecklingssystem som inte omfattas av EU:s regelverk</span>\r\n\t\t\t\t\t\t</p>\r\n\t\t\t\t\t</td>\r\n\t\t\t\t</tr>\r\n\t\t\t</table>\r\n\t\t\t<p class=\"Normalinskjuten\" style=\"-aw-sdt-tag:'dokumentavsnitt/utskottets förslag till riksdagsbeslut/1230404903/1542883301267'; -aw-sdt-title:'utskottets förslag till riksdagsbeslut'\">\r\n\t\t\t\t<span>Riksdagen</span><span> </span><span>antar regeringens förslag till</span>\r\n\t\t\t</p>\r\n\t\t\t<p class=\"Normalinskjutenindrag\" style=\"-aw-sdt-tag:'dokumentavsnitt/utskottets förslag till riksdagsbeslut/1230404903/1542883301267'; -aw-sdt-title:'utskottets förslag till riksdagsbeslut'\">\r\n\t\t\t\t<span>1. lag om ändring i lagen (1999:1309) om system för avveckling av förpliktelser på finansmarknaden,</span>\r\n\t\t\t</p>\r\n\t\t\t<p class=\"Normalinskjutenindrag\" style=\"-aw-sdt-tag:'dokumentavsnitt/utskottets förslag till riksdagsbeslut/1230404903/1542883301267'; -aw-sdt-title:'utskottets förslag till riksdagsbeslut'\">\r\n\t\t\t\t<span>2. lag om ändring i lagen (2015:1016) om resolution.</span>\r\n\t\t\t</p>\r\n\t\t\t<p class=\"Normalinskjutenindrag\" style=\"text-indent:11.3pt; -aw-sdt-tag:'dokumentavsnitt/utskottets förslag till riksdagsbeslut/1230404903/1542883301267'; -aw-sdt-title:'utskottets förslag till riksdagsbeslut'\">\r\n\t\t\t\t<span>Därmed bifaller riksdagen proposition 2018/19:3 punkterna 1 och 3.</span>\r\n\t\t\t</p>\r\n\t\t\t<p class=\"Mellanrum\" style=\"-aw-sdt-tag:'dokumentavsnitt/utskottets förslag till riksdagsbeslut/1230404903/1542883301267'; -aw-sdt-title:'utskottets förslag till riksdagsbeslut'\">\r\n\t\t\t\t<span> </span>\r\n\t\t\t</p>\r\n\t\t\t<table cellspacing=\"0\" cellpadding=\"0\" style=\"border-collapse:collapse; margin-left:0pt; width:294.2pt\">\r\n\t\t\t\t<tr>\r\n\t\t\t\t\t<td style=\"vertical-align:top; width:22pt\">\r\n\t\t\t\t\t\t<p style=\"margin-top:11pt; margin-bottom:0pt; text-align:justify; page-break-inside:avoid; page-break-after:avoid; line-height:12.5pt\">\r\n\t\t\t\t\t\t\t<span style=\"font-family:'Verdana'; font-size:10.5pt; font-weight:bold\">2.</span>\r\n\t\t\t\t\t\t</p>\r\n\t\t\t\t\t</td>\r\n\t\t\t\t\t<td style=\"vertical-align:top; width:272.2pt\">\r\n\t\t\t\t\t\t<p style=\"margin-top:11pt; margin-bottom:0pt; text-align:justify; page-break-inside:avoid; page-break-after:avoid; line-height:12.5pt\">\r\n\t\t\t\t\t\t\t<span style=\"font-family:'Verdana'; font-size:10.5pt; font-weight:bold\">Föreskrifter om produktingripande</span>\r\n\t\t\t\t\t\t</p>\r\n\t\t\t\t\t</td>\r\n\t\t\t\t</tr>\r\n\t\t\t</table>\r\n\t\t\t<p class=\"Normalinskjuten\" style=\"-aw-sdt-tag:'dokumentavsnitt/utskottets förslag till riksdagsbeslut/1230404903/1542883301267'; -aw-sdt-title:'utskottets förslag till riksdagsbeslut'\">\r\n\t\t\t\t<span>Riksdagen</span><span> </span><span>antar regeringens förslag till</span>\r\n\t\t\t</p>\r\n\t\t\t<p class=\"Normalinskjutenindrag\" style=\"-aw-sdt-tag:'dokumentavsnitt/utskottets förslag till riksdagsbeslut/1230404903/1542883301267'; -aw-sdt-title:'utskottets förslag till riksdagsbeslut'\">\r\n\t\t\t\t<span>1. lag om ändring i lagen (2007:528) om värdepappersmarknaden,</span>\r\n\t\t\t</p>\r\n\t\t\t<p class=\"Normalinskjutenindrag\" style=\"-aw-sdt-tag:'dokumentavsnitt/utskottets förslag till riksdagsbeslut/1230404903/1542883301267'; -aw-sdt-title:'utskottets förslag till riksdagsbeslut'\">\r\n\t\t\t\t<span>2. lag om ändring i lagen (2017:317) med kompletterande bestämmelser till EU:s förordning om faktablad för Priip-produkter.</span>\r\n\t\t\t</p>\r\n\t\t\t<p class=\"Normalinskjutenindrag\" style=\"text-indent:11.3pt; -aw-sdt-tag:'dokumentavsnitt/utskottets förslag till riksdagsbeslut/1230404903/1542883301267'; -aw-sdt-title:'utskottets förslag till riksdagsbeslut'\">\r\n\t\t\t\t<span>Därmed bifaller riksdagen proposition 2018/19:3 punkterna 2 och 4.</span>\r\n\t\t\t</p>\r\n\t\t\t<p class=\"Mellanrum\" style=\"-aw-sdt-tag:'dokumentavsnitt/utskottets förslag till riksdagsbeslut/1230404903/1542883301267'; -aw-sdt-title:'utskottets förslag till riksdagsbeslut'\">\r\n\t\t\t\t<span> </span>\r\n\t\t\t</p>\r\n\t\t\t<p class=\"OrtochDatum\" style=\"-aw-sdt-tag:'dokumentavsnitt/utskottets förslag till riksdagsbeslut/1230404903/1542883301267'; -aw-sdt-title:'utskottets förslag till riksdagsbeslut'\">\r\n\t\t\t\t<span>Stockholm den 22 november 2018</span>\r\n\t\t\t</p>\r\n\t\t\t<p class=\"PVgnar\" style=\"-aw-sdt-tag:'dokumentavsnitt/utskottets förslag till riksdagsbeslut/1230404903/1542883301267'; -aw-sdt-title:'utskottets förslag till riksdagsbeslut'\">\r\n\t\t\t\t<span>På finansutskottets vägnar</span>\r\n\t\t\t</p>\r\n\t\t\t<p class=\"Ordfranden\" style=\"-aw-sdt-tag:'dokumentavsnitt/utskottets förslag till riksdagsbeslut/1230404903/1542883301267'; -aw-sdt-title:'utskottets förslag till riksdagsbeslut'\">\r\n\t\t\t\t<span>Elisabeth Svantesson</span>\r\n\t\t\t</p>\r\n\t\t\t<p class=\"Deltagare\" style=\"-aw-sdt-tag:'dokumentavsnitt/utskottets förslag till riksdagsbeslut/1230404903/1542883301267'; -aw-sdt-title:'utskottets förslag till riksdagsbeslut'\">\r\n\t\t\t\t<span>Följande ledamöter har deltagit i beslutet: Elisabeth Svantesson (M), Fredrik Olovsson (S), Gunilla Carlsson (S), Niklas Wykman (M), Adnan Dibrani (S), Emil Källström (C), Ulla Andersson (V), Jessika Roswall (M), Dennis Dioukarev (SD), Jakob Forssmed (KD), Ingemar Nilsson (S), Mats Persson (L), Janine Alm Ericson (MP), Björn Wiechel (S), Mattias Karlsson i Luleå (M), Charlotte Quensel (SD) och Mikael Strandman (SD).</span>\r\n\t\t\t</p>\r\n\t\t\t<p class=\"Mellanrum\" style=\"-aw-sdt-tag:'dokumentavsnitt/utskottets förslag till riksdagsbeslut/1230404903/1542883301267'; -aw-sdt-title:'utskottets förslag till riksdagsbeslut'\">\r\n\t\t\t\t<span> </span>\r\n\t\t\t</p>\r\n\t\t\t<p class=\"Mellanrum\" style=\"-aw-sdt-tag:'dokumentavsnitt/utskottets förslag till riksdagsbeslut/1230404903/1542883301267'; -aw-sdt-title:'utskottets förslag till riksdagsbeslut'\">\r\n\t\t\t\t<span> </span>\r\n\t\t\t</p>\r\n\t\t\t<p class=\"Mellanrum\" style=\"-aw-sdt-tag:'dokumentavsnitt/utskottets förslag till riksdagsbeslut/1230404903/1542883301267'; -aw-sdt-title:'utskottets förslag till riksdagsbeslut'\">\r\n\t\t\t\t<span style=\"font-size:9.5pt\"> </span>\r\n\t\t\t</p>\r\n\t\t\t<p>\r\n\t\t\t\t<span> </span>\r\n\t\t\t</p>\r\n\t\t\t<p class=\"Avsnittsrubrik\">\r\n\t\t\t\t<a name=\"_Toc530666592\"></a><a name=\"SlutUtskottsForslag\"></a><span class=\"tSidrubrikJA\">Redogörelse för ärendet</span><span style=\"-aw-bookmark-end:_Toc530666592\"></span>\r\n\t\t\t</p>\r\n\t\t\t<p>\r\n\t\t\t\t<span>I proposition</span><span> </span><span>2018/19:3 Avvecklingssystem som inte omfattas av EU:s regelverk och föreskrifter om produktingripande </span><span>behandlas två </span><span>separata</span><span> förslag</span><span>. Det första förslaget handlar om</span><span> möjligheten för svenska finansiella företag, främst banker, att vara deltagare i avvecklingssystem utanför EU och övriga EES</span><span>. </span><span>Regeringen föreslår att utländska avvecklingssystem på vilka lagen i ett land utanför EES ska tillämpas och som därför inte omfattas av </span><span>det s.k. finalitydirektivet (</span><span>Europaparlamentets och rådets direktiv 98/26/EG av den 19 maj 1998 om slutlig avveckling i system för överföring av betalningar och värdepapper) ska kunna likställas med system som omfattas av det direktivet.</span>\r\n\t\t\t</p>\r\n\t\t\t<p class=\"NormalIndent\">\r\n\t\t\t\t<span>Det andra förslaget handlar om att införa en upplysningsbestämmelse i lagen med kompletterande bestämmelser till EU:s förordning om faktablad för Priip-produkter och om att</span><span> </span><span>ge </span><span>bemyndigande</span><span>n</span><span> för </span><span>regeringen eller den myndighet som regeringen bestämmer att meddela föreskrifter om </span><span>produktingripande enligt</span><span> </span><span>Europaparlamentets och rådets förordning (EU) nr 600/2014 av den 15 maj 2014 om marknader för finansiella instrument och om ändring av förordning (EU) nr 648/2012 (förkortad Mi</span><span>fir</span><span>) och Europaparlamentets och rådets förordning (EU) nr 1286/2014 av den 26 november 2014 om faktablad för paketerade och försäkringsbaserade investeringsprodukter för icke-professionella investerare (Priip-produkter), benämnd Priip</span><span>s</span><span>-förordningen.</span>\r\n\t\t\t</p>\r\n\t\t\t<p class=\"NormalIndent\">\r\n\t\t\t\t<span>Regeringens förslag till riksdagsbeslut återges i bilaga 1. Regeringens lagförsla</span><span>g finns i bilaga 2. Lagförslagen</span><span> har granskats av Lagrådet och regeringen har följt Lagrådets förslag och synpunkter.</span>\r\n\t\t\t</p>\r\n\t\t\t<p class=\"NormalIndent\">\r\n\t\t\t\t<span>Ingen motion</span><span> har väckt</span><span>s</span><span> med anledning av propositionen.</span>\r\n\t\t\t</p>\r\n\t\t\t<p>\r\n\t\t\t\t<span> </span>\r\n\t\t\t</p>\r\n\t\t\t<p class=\"Avsnittsrubrik\">\r\n\t\t\t\t<a name=\"_Toc530666593\"><span class=\"tSidrubrikJA\">Utskottets överväganden</span></a>\r\n\t\t\t</p>\r\n\t\t\t<h2 style=\"-aw-sdt-tag:47b00505-ff4e-4ea7-af4d-fa44f273b052/förslagsrutor/1250114749/1541084264543; -aw-sdt-title:förslagsrutor\">\r\n\t\t\t\t<a name=\"_Toc530666594\"><span>Avvecklingssystem som inte omfattas av EU:s regelverk</span></a>\r\n\t\t\t</h2>\r\n\t\t\t<div style=\"border-bottom-color:#000000; border-bottom-style:solid; border-bottom-width:0.75pt; border-left-color:#000000; border-left-style:solid; border-left-width:0.75pt; border-right-color:#000000; border-right-style:solid; border-right-width:0.75pt; border-top-color:#000000; border-top-style:solid; border-top-width:0.75pt; clear:both; margin:3.1pt 0.9pt 0pt\">\r\n\t\t\t\t<p class=\"Normalrutafet\" style=\"margin:0pt; padding-right:4pt; padding-left:4pt\">\r\n\t\t\t\t\t<span style=\"-aw-bookmark-end:_Toc530666594\"></span><span>Utskottets förslag i korthet</span>\r\n\t\t\t\t</p>\r\n\t\t\t\t<p class=\"Normalruta\" style=\"margin:0pt; padding-right:4pt; padding-left:4pt; padding-bottom:4pt\">\r\n\t\t\t\t\t<span>Riksdagen antar regeringens förslag till ändringar i lagen om system för avveckling av förpliktelser på finansmarknaden och lagen om resolution. Därmed </span><span>blir det möjligt</span><span> för svenska finansiella företag att delta i avvecklingssystem som faller utanför regle</span><span>ringen i finality</span><span>direktivet och krishanteringsdirektivet.</span>\r\n\t\t\t\t</p>\r\n\t\t\t</div>\r\n\t\t\t<p class=\"Mellanrum\">\r\n\t\t\t\t<span> </span>\r\n\t\t\t</p>\r\n\t\t\t<p class=\"R3\" style=\"margin-bottom:0pt\">\r\n\t\t\t\t<span>Propositionen</span>\r\n\t\t\t</p>\r\n\t\t\t<p class=\"R4\" style=\"margin-top:6pt; margin-bottom:0pt\">\r\n\t\t\t\t<span>Skyddet mot rättsliga risker i avvecklingssystem inom EES</span>\r\n\t\t\t</p>\r\n\t\t\t<p>\r\n\t\t\t\t<span>Avvecklingssystem är system för clearing och avveckling av förpliktelser att betala eller att leverera finansiella instrument. Systemen spelar en stor roll i den finansiella infrastrukturen, vilket har motiverat ett särskilt skydd om en deltagare skulle komma på obestånd.</span>\r\n\t\t\t</p>\r\n\t\t\t<p class=\"R5\" style=\"margin-top:6pt\">\r\n\t\t\t\t<span>Finalitydirektivet</span>\r\n\t\t\t</p>\r\n\t\t\t<p>\r\n\t\t\t\t<span>Finalitydirektivet syftar till att förhindra eller minimera rättsliga risker vid avveckling av förpliktelser på finansmarknaden. För att ett avvecklingssystem ska omfattas av finalitydirektivet krävs bl.a. att systemets regler anger att lagen i en medlemsstat är tillämplig på det och att systemet anmälts till Europeiska värdepappers- och marknadsmyndigheten, Esma. Det är dock uttryckligen tillåtet för en medlemsstat att tillämpa reglerna i finalitydirektivet på inhemska institut so</span><span>m</span><span> deltar i system i tredjeland och på säkerhet som ställs i samband med deltagande i sådana system.</span>\r\n\t\t\t</p>\r\n\t\t\t<p class=\"NormalIndent\">\r\n\t\t\t\t<span>De rättsliga riskerna är främst om ett visst förfarande eller ett visst avtal </span><span>är </span><span>giltigt enligt den tillämpliga nationella rätten.</span><span> Den frågan är av intresse vid sådana störningar som kan</span><span> uppkomma till följd av att </span><span>ett insolvensförfarande</span><span> inleds </span><span>mot</span><span> en deltagare i ett avvecklingssystem. Framför allt handlar det om att minska riskerna för en dominoeffekt som innebär att problem hos en deltagare sprider sig till andra deltagare och därigenom orsakar risker för den finansiella stabiliteten. </span><span>Finalitydirektivet innehåller ett skydd för överföringsuppdrag och nettningar inom finansiella avvecklingssystem.</span>\r\n\t\t\t</p>\r\n\t\t\t<p class=\"NormalIndent\">\r\n\t\t\t\t<span>Direktivet förhindrar</span><span> att ett insolvensförfarande påverkar lagvalet som gjorts i avvecklingssystemet.</span>\r\n\t\t\t</p>\r\n\t\t\t<p class=\"R5\" style=\"margin-top:6pt\">\r\n\t\t\t\t<span>Krishanteringsdirektivet</span>\r\n\t\t\t</p>\r\n\t\t\t<p>\r\n\t\t\t\t<span>Genom krishanteringsdirektivet</span><a name=\"_ftnref1\"></a><a href=\"#_ftn1\"><span class=\"FootnoteReference\" style=\"font-size:6.33pt\">[1]</span></a><span> har det införts ett ramverk för resolution av kreditinstitut och värdepappersföretag samt företag som ingår i samma koncern som </span><span>ett </span><span>sådant företag.</span>\r\n\t\t\t</p>\r\n\t\t\t<p class=\"NormalIndent\">\r\n\t\t\t\t<span>V</span><span>issa regler i krishanteringsdirektivet </span><span>har betydelse för frågan i denna proposition. Reglerna </span><span>rör avvecklingssystem som anmälts enligt finalitydirektivet</span><span> och</span><span> innebär bl.a. att det från befogenheter i förhållande till ett företag i resolution görs vissa undantag som rör förpliktelser </span><span>gentemot</span><span> avvecklingssystem som omfattas av finalitydirektivet</span><span>. Reglerna innebär också </span><span>att v</span><span>issa resolutionsverktyg inte</span><span> ska påverka sådana avvecklingssystem.</span>\r\n\t\t\t</p>\r\n\t\t\t<p class=\"R5\" style=\"margin-top:6pt\">\r\n\t\t\t\t<span>Svenska bestämmelser</span>\r\n\t\t\t</p>\r\n\t\t\t<p>\r\n\t\t\t\t<span>Finalitydirektivet har i svensk rätt genomförts i framför allt lagen (1999:1309) om system för avveckling av förpliktelser på fi</span><span>nansmarknaden </span><span>och bestämmelser i lagen (1991:980) om handel med finansiella instrument. Skyddet enligt dessa lagar gäller i förhållande till s.k. anmälda avvecklingssystem. Ett anmält avvecklingssystem är ett avvecklingssystem som en stat</span><span> inom EES har anmält till Esma eller till Eftas </span><span>(Europeiska frihandelssammanslutningen) </span><span>övervakningsmyndighet.</span>\r\n\t\t\t</p>\r\n\t\t\t<p class=\"NormalIndent\">\r\n\t\t\t\t<span>Krishanteringsdirektivet har i svensk rätt genomförts i framför allt lagen (2015:1016) om resolution. Lagen om resolution innehåller, liksom krishanteringsdirektivet, vissa undantag från befogenheter i förhållande till företag i resolution och vissa bestämmelser om skydd som rör avvecklingssystem som omfattas av finalitydirektivet.</span>\r\n\t\t\t</p>\r\n\t\t\t<p class=\"R4\">\r\n\t\t\t\t<span>Skyddet mot rättsliga risker i avvecklingssystem utanför EES</span>\r\n\t\t\t</p>\r\n\t\t\t<p>\r\n\t\t\t\t<span>Regeringen bedömer att </span><span>man bör ge svenska aktörer </span><span>förutsättningar att kunna delta i avvecklingssystem som faller utanför regleringen i finalitydirektivet och krishanteringsdirektivet.</span>\r\n\t\t\t</p>\r\n\t\t\t<p class=\"R5\">\r\n\t\t\t\t<span>Continuous Linked Settlement System</span>\r\n\t\t\t</p>\r\n\t\t\t<p>\r\n\t\t\t\t<span>CLS Bank International (CLS Bank) driver ett globalt system för clearing och avveckling av valutatransaktioner, Continuous Linked Settlement System (CLS). Verksamheten inleddes 2002. I CLS kan deltagarna göra betalningar som uppstått till följd av valutatransaktioner på ett sätt som är utformat för att elimin</span><span>era den allvarlig</span><span>aste typen av avvecklingsrisk som förknippas med valutatransaktioner, nämligen risken att förlora en </span><span>betalning som har överförts till motparten.</span>\r\n\t\t\t</p>\r\n\t\t\t<p class=\"NormalIndent\">\r\n\t\t\t\t<span>CLS Bank ägs av användarna</span><span>,</span><span> och huvudkontoret ligger i New York, USA, vilket innebär att Federal Reserve Bank of New York har huvudansvaret för </span><span>tillsyn och övervakning. CLS övervakas dock gemensamt av de deltagande valutornas centralbanker (däribland Riksba</span><span>nken). Syst</span><span>emet styrs av engelsk lag och är för närvarande ett anmält avvecklingssystem enligt lagen om avvecklingssystem.</span>\r\n\t\t\t</p>\r\n\t\t\t<p class=\"NormalIndent\">\r\n\t\t\t\t<span>SEB, Handelsbanken, Swedbank och Nordea är alla direktmedlemmar och användare i CLS. De är också aktieägare i CLS Bank. Sedan de nordiska valutorna </span><span>introducerades i CLS</span><span> 2003 har avvecklingsrisken i valutahandel eliminerats för de svenska bankerna.</span>\r\n\t\t\t</p>\r\n\t\t\t<p class=\"NormalIndent\">\r\n\t\t\t\t<span>CLS är det dominerande globala betalningssystemet för avveckling av valutaaffärer i de 18 valutor som kan avvecklas i CLS. Något jämfö</span><span>rbart alternativ existerar</span><span> </span><span>inte på marknaden i dag.</span>\r\n\t\t\t</p>\r\n\t\t\t<p class=\"R5\" style=\"margin-top:6pt\">\r\n\t\t\t\t<span>LCH</span>\r\n\t\t\t</p>\r\n\t\t\t<p>\r\n\t\t\t\t<span>L</span><span>CH Limited (LCH), en del av LCH</span><span> Clearnet Group Limited, är en central motpart och har säte i Storbritannien. I LCH:s avvecklingssystem clearas flera olika tillgångsslag, bl.a. aktier och skuldförbindelser (inklusive repor) samt råvaruderivat och andra derivatkontrakt. Tre av de svenska storbankerna är i dag deltagare i avveckling</span><span>s</span><span>system som drivs av LCH</span><span>,</span><span> och andra svenska finansiella företag clearar i LCH:s system via ombud. Central motpartsclearing av ränteswappar i LCH görs </span><span>inom det system som kallas Swapc</span><span>lear. Det är i detta system som de svenska bankerna är mest aktiva</span><span>,</span><span> och</span><span> det är det system som är mest </span><span>relevant för den svenska marknaden. För den svenska marknaden är det även relevant </span><span>m</span><span>ed aktieclearingen i LCH:s system Equityclear, där transaktioner i aktier som utförs på handelsplatser som drivs av Nasdaq Stockholm AB clearas.</span>\r\n\t\t\t</p>\r\n\t\t\t<p class=\"NormalIndent\">\r\n\t\t\t\t<span>Efter</span><span> den finansiella krisen</span><span> 2008 och 2009 har central motpartsclearing fått ökad betydelse</span><span>,</span><span> och flera regelverk kräver att transaktioner ska avvecklas genom en central motpart</span><span>.</span>\r\n\t\t\t</p>\r\n\t\t\t<p class=\"NormalIndent\">\r\n\t\t\t\t<span>LCH är den dominerande centrala motparten i EU</span><span>,</span><span> och för vissa tillgångsslag finns det i dag inte något jämförbart alternativ.</span>\r\n\t\t\t</p>\r\n\t\t\t<p class=\"R5\" style=\"margin-top:6pt\">\r\n\t\t\t\t<span>Svenska aktörer bör ges förutsättningar för avveckling </span><span>i</span><span> </span><span>system som inte omfattas av EU-regleringen</span>\r\n\t\t\t</p>\r\n\t\t\t<p>\r\n\t\t\t\t<span>I svensk rätt finns ett skydd mot rättsliga risker </span><span>för</span><span> att en deltagare i ett anmält avvecklingssystem kommer på obestånd. Det innebär att ett anmält avvecklingssystem i förhållande till en svensk deltagare, t.ex. en bank, kan räkna med att t.ex. transaktioner inlagda i systemet eller utförd nettning står sig gentemot anspråk från tredje man. Detsamma gäller inte för ett avvecklingssystem vars regler anger att lagen i en stat utanför EES ska tillämpas på systemet och som därför inte kan anmälas till Esma eller Eftas övervakningsmyndighet.</span>\r\n\t\t\t</p>\r\n\t\t\t<p class=\"NormalIndent\">\r\n\t\t\t\t<span>Om Storbritannien lämnar EU utan att ansluta sig till EES kommer avvecklingssystem som styrs av engelsk lag inte längre att omfattas av ett motsvarande skydd mot rättsliga risker, vare sig enligt de ovan nämnda EU-rättsakterna eller svensk rätt. Det uppstår då en osäkerhet i förhållande till </span><span>svenska deltagare när det gäller om t.ex. transaktioner inlagda i ett av dessa system eller utförd nettning är hållbara gentemot anspråk från tredje man i en obeståndssituation. Detta kan göra att t.ex. svenska banker inte längre kan godtas som medlemmar i systemen. </span>\r\n\t\t\t</p>\r\n\t\t\t<p class=\"NormalIndent\">\r\n\t\t\t\t<span>Ett fortsatt deltagande i CLS är för svenska banker en nödvändighet ur såväl ett riskeliminerings- som ett konkurrensperspektiv. Ett fortsatt deltagande </span><span>i </span><span>LCH </span><span>är för svenska banker och den svenska finansmarknaden av väsentlig vikt ur såväl ett riskeliminerings- som ett konkurrensperspektiv. Det kan inte heller uteslutas att det för svenska aktörer kan uppkomma behov av att delta i andra avvecklingssystem som inte </span><span>omfattas av finalitydirektivet.</span>\r\n\t\t\t</p>\r\n\t\t\t<p class=\"NormalIndent\">\r\n\t\t\t\t<span>Mot denna bakgrund anser regeringen att </span><span>man bör ge </span><span>s</span><span>venska aktörer förutsättningar att kunna delta i avvecklingssystem som faller utanför reglerna i </span><span>finalitydirektivet och krishant</span><span>eringsdirektivet, dvs. system</span><span> </span><span>vars regler innebär att de tillämpar lagen i en stat utanför EU eller övriga EES.</span>\r\n\t\t\t</p>\r\n\t\t\t<p class=\"R4\">\r\n\t\t\t\t<span>Avvecklingssystem som inte omfattas av EU:s regelverk ska kunna likställas med system som gör det</span>\r\n\t\t\t</p>\r\n\t\t\t<p>\r\n\t\t\t\t<span>Regeringen föreslår att Finansinspektionen ska få besluta att ett utländskt avvecklingssystem på vilket lagen i en stat utanför EES ska tillämpas ska likställas med ett avvecklingssystem som en stat inom EES har anmält till Esma eller till Eftas övervakningsmyndighet. Ett sådant system ska benämnas likställ</span><span>t avv</span><span>ecklingssystem.</span>\r\n\t\t\t</p>\r\n\t\t\t<p class=\"NormalIndent\">\r\n\t\t\t\t<span>Ett beslut om att ett avvecklingssystem ska vara ett likställt avvecklingssystem </span><span>föreslås</span><span> få fattas, om</span>\r\n\t\t\t</p>\r\n\t\t\t<ol type=\"1\" style=\"margin:0pt; padding-left:0pt\">\r\n\t\t\t\t<li class=\"NormalIndent\" style=\"margin-left:23.48pt; text-indent:0pt; padding-left:5.88pt; font-family:'Verdana'; font-size:9.5pt\">\r\n\t\t\t\t\t<span style=\"font-family:'Verdana'; font-size:9.5pt\">systemet tillgodoser de säkerhetskrav som är förenade med verksamheten och är organiserat på ett sådant sätt att deltagarnas ekonomiska ställning i systeme</span><span style=\"font-family:'Verdana'; font-size:9.5pt\">t kan överblickas</span>\r\n\t\t\t\t</li>\r\n\t\t\t\t<li class=\"NormalIndent\" style=\"margin-left:23.48pt; text-indent:0pt; padding-left:5.88pt; font-family:'Verdana'; font-size:9.5pt\">\r\n\t\t\t\t\t<span style=\"font-family:'Verdana'; font-size:9.5pt\">administratören står under betryggande tillsyn av en myndighet</span><span style=\"font-family:'Verdana'; font-size:9.5pt\"> eller annat behörigt organ</span>\r\n\t\t\t\t</li>\r\n\t\t\t\t<li class=\"NormalIndent\" style=\"margin-left:23.48pt; text-indent:0pt; padding-left:5.88pt; font-family:'Verdana'; font-size:9.5pt\">\r\n\t\t\t\t\t<span style=\"font-family:'Verdana'; font-size:9.5pt\">det finns skäl att anta att Finansinspektionen löpande får tillgång till nödvändiga uppgifter om verksamheten.</span>\r\n\t\t\t\t</li>\r\n\t\t\t</ol>\r\n\t\t\t<p>\r\n\t\t\t\t<span>Finansinspektionen ska fatta beslutet </span><span>om likställt avvecklingssystem </span><span>på ansökan av avvecklingssystemet</span><span>s administratör</span><span> och efter att ha gett Riksbanken tillfälle att yttra sig.</span>\r\n\t\t\t</p>\r\n\t\t\t<p class=\"NormalIndent\">\r\n\t\t\t\t<span>Regeringen eller den myndighet som regeringen bestämmer ska få meddela föreskrifter om vad en ansökan om likställande av ett avvecklingssystem ska innehålla.</span>\r\n\t\t\t</p>\r\n\t\t\t<p class=\"NormalIndent\">\r\n\t\t\t\t<span>Flera remissinstanser framhåller mot bakgrund av Storbritanniens förväntade utträde ur EU att det är brådskande att få besked om ett anmält avvecklingssystem som lyder under engelsk rätt kommer att bedömas som likställt. Regeringen delar uppfattningen att det brådskar att undanröja osäkerheten om skyddet mot rättsliga risker i avv</span><span>ecklingssystem</span><span> och föreslår därför en övergångslösning som innebär att skyddet mot rättsliga risker i </span><span>förhållande</span><span> till anmälda avvecklingssystem som förlorar denna status men där ansökan om likställande gjorts ska vara oförändrat under en period.</span>\r\n\t\t\t</p>\r\n\t\t\t<p class=\"R4\">\r\n\t\t\t\t<span>Underrättelse till behöriga myndigheter inom EES</span>\r\n\t\t\t</p>\r\n\t\t\t<p>\r\n\t\t\t\t<span>Finansinspektionen har</span><span> skyldighet att</span><span>,</span><span> vid beslut om konkurs eller företagsrekonstruktion en deltagare i ett anmält avvecklingssystem</span><span>,</span><span> underrätta Europeiska systemrisknämnden, Esma och de behöriga myndigheter som utsetts av en stat inom EES</span><span>. Regeringen föreslår att denna skyldighet endast ska gälla för</span><span> deltagare i ett anmält avvecklingssystem som inte är ett likställt avvecklingssystem.</span>\r\n\t\t\t</p>\r\n\t\t\t<p class=\"R4\">\r\n\t\t\t\t<span>Uppgiftsskyldighet</span>\r\n\t\t\t</p>\r\n\t\t\t<p>\r\n\t\t\t\t<span>Regeringen föreslår att administratören av ett godkänt eller likställt avvecklingssystem ska lämna nödvändiga upplysningar </span><span>till Finansinspektionen </span><span>om verksamheten enligt föreskrifter som meddelats med stöd av lagen om avvecklingssystem. Administratören föreslås därutöver lämna de upplysningar </span><span>till Finansinspektionen </span><span>som inspektionen begär. Regeringen eller den myndighet som regeringen bestämmer ska få meddela föreskrifter om vilka upplysningar som ska lämnas och när de ska lämnas.</span>\r\n\t\t\t</p>\r\n\t\t\t<p class=\"R4\">\r\n\t\t\t\t<span>Avgifter</span>\r\n\t\t\t</p>\r\n\t\t\t<p>\r\n\t\t\t\t<span>Regeringen föreslår att Finansinspektionen ska få ta ut avgifter för prövning av ansökningar om likställande av avvecklingssystem. Regeringen ska få meddela föreskrifter om sådana avgifter.</span>\r\n\t\t\t</p>\r\n\t\t\t<p class=\"R4\">\r\n\t\t\t\t<span>Ändring av beslut om likställande</span>\r\n\t\t\t</p>\r\n\t\t\t<p>\r\n\t\t\t\t<span>Regeringen föreslår att Finansinspektionen ska besluta att ett likställt avvecklingssystem inte längre ska vara ett sådant avvecklingssystem om det skett förändringar som innebär att förutsättningarna för likställande inte längre är uppfyllda eller om administratören begär det.</span>\r\n\t\t\t</p>\r\n\t\t\t<p class=\"R4\">\r\n\t\t\t\t<span>Överklagande</span>\r\n\t\t\t</p>\r\n\t\t\t<p>\r\n\t\t\t\t<span>Regeringen föreslår att Finansinspektionens beslut i fråga om likställande av avvecklingssystem ska få överklagas till allmän förvaltningsdomstol.</span>\r\n\t\t\t</p>\r\n\t\t\t<p class=\"R4\">\r\n\t\t\t\t<span>Ikraftträdande- och övergångsbestämmelser</span>\r\n\t\t\t</p>\r\n\t\t\t<p>\r\n\t\t\t\t<span>Regeringen föreslår att ändringarna i lagen om avvecklingssystem och lagen om resolution ska träda i kraft den 1 januari 2019.</span>\r\n\t\t\t</p>\r\n\t\t\t<p class=\"NormalIndent\">\r\n\t\t\t\t<span>Finansinspektionen föreslås få pröva ansökningar om likställande av avvecklingssystem </span><span>innan det träder i kraft</span><span>. Ett beslut om likställande ska gälla tidigast från ikraftträdandet. Finansinspektionen ska få ta ut avgifter för prövning av ansökningar som kommit in före ikraftträdandet. </span>\r\n\t\t\t</p>\r\n\t\t\t<p class=\"NormalIndent\">\r\n\t\t\t\t<span>Om en ansökan om likställande av avvecklingssystem som </span><span>har kommit in till Finansinspektionen </span><span>avser ett avvecklingssystem som vid tidpunkten för ansökan är anmält till Esma eller till Eftas övervakningsmyndighet av en stat inom EES, ska avvecklingssystemet, om det därefter inte längre är anmält till Esma eller till Eftas övervakningsmyndighet av en stat inom EES, anses som ett likställt avvecklingssystem </span><span>t.o.m.</span><span> den 29 mars 2020. Regeringen ska få meddela föreskrifter om att ett sådant avvecklingssystem ska anses som likställt t</span><span>.o.m.</span><span> en senare tidpunkt än den 29 mars 2020.</span>\r\n\t\t\t</p>\r\n\t\t\t<p class=\"R4\">\r\n\t\t\t\t<span>Förslagens konsekvenser</span>\r\n\t\t\t</p>\r\n\t\t\t<p>\r\n\t\t\t\t<span>Om Storbritannien lämnar EU utan att ansluta sig till EES kommer vissa avvecklingssystem inte längre att omfattas av ett sådant skydd mot rättsliga risker som </span><span>gäller enligt den EU-reglering</span><span> som har genomförts i svensk rätt.  Svenska deltagare kan då inte garantera att t.ex. transaktioner inlagda i ett sådant system eller utförd nettning står sig gentemot anspråk från tredje man i en obeståndssituation. Detta kan göra att t.ex. svenska banker inte längre kan godtas som medlemmar i berörda avvecklingssystem. Två avvecklingssystem är av särskild betydelse för de svenska finansmarknaderna: CLS och LCH. Ett fortsatt deltagande i CLS för svenska banker bedöms som en absolut nödvändighet ur såväl ett riskeliminerings- som ett konkurrensperspektiv. Ett fortsatt deltagande i LCH för svenska banker och andra aktörer på den svenska finansmarknaden bedöms vara av väsentlig vikt ur såväl ett riskeliminerings- som ett konkurrensperspektiv.</span>\r\n\t\t\t</p>\r\n\t\t\t<p class=\"NormalIndent\">\r\n\t\t\t\t<span>Om det inte görs några ändringar i svensk rätt kan svenska företag komma att vägras medlemskap i betydelsefulla clearingsystem, vilket skulle försämra funktionen på den svenska finansmarknaden och, särskilt när det gäller valutamarknaden, minska den finansiella stabiliteten. Negativa konsekvenser skulle uppkomma för både finansiella och icke-finansiella företag.</span>\r\n\t\t\t</p>\r\n\t\t\t<p class=\"NormalIndent\">\r\n\t\t\t\t<span>De som berörs av förslagen i propositionen är, förutom de utländska avvecklingssystem som kan komma i fråga som likställda avvecklingssystem, i första hand aktörer på den svenska finansmarknaden. Det gäller dels de svenska storbankerna som </span><span>är </span><span>direktmedlemmar i berörda utländska avvecklingssystem, dels andra företag som är aktiva på finansmarknaderna </span><span>och </span><span>som utnyttjar avvecklingssystemen genom direktmedlemmarna, t.ex. andra banker, fondbolag och försäkringsföretag. När det gäller prövningen av frågor om likställande av avvecklingssystem berörs Finansinspektionen och Riksbanken samt, vid eventuella överklaganden av Finansinspektionens beslut, de allmänna förvaltningsdomstolarna.</span>\r\n\t\t\t</p>\r\n\t\t\t<p class=\"NormalIndent\">\r\n\t\t\t\t<span>Kostnader som uppkommer för Finansinspektionen vid prövning av ansökningar ska enligt förslaget täckas av avgifter som inspektionen tar ut av de sökande. Andra åtgärder i förhållande till likställda avvecklingssystem förväntas öka kostnaderna för Finansinspektionen, domstolen eller andra myndigheter och ska hanteras inom beslutade ramar.</span>\r\n\t\t\t</p>\r\n\t\t\t<p class=\"NormalIndent\">\r\n\t\t\t\t<span>Förslagen i propositionen innebär att det i svensk rätt införs en reglering som går utöver de skyldigheter som följer av Sveriges anslutning till EU men som är förenlig med EU-rätten. När det gäller t</span><span>idpunkten för ikraftträdande tar man</span><span> hänsyn till den tidpunkt då Storbritannien förväntas lämna EU. </span><span>Regeringen bedömer att n</span><span>ågra särskilda informationsinsatser inte </span><span>är </span><span>nödvändiga.</span>\r\n\t\t\t</p>\r\n\t\t\t<p class=\"R3\">\r\n\t\t\t\t<span>Utskottets ställningstagande</span>\r\n\t\t\t</p>\r\n\t\t\t<p>\r\n\t\t\t\t<span>Det har inte väckts några motioner med anledning av propositionen. Utskottet anser att riksdagen av de skäl som anförs i propositionen bör anta regeringens lagförslag.</span>\r\n\t\t\t</p>\r\n\t\t\t<h2 style=\"-aw-sdt-tag:78763866-9a89-4ff3-8c54-d57af51c2c39/förslagsrutor/583056349/1541085393193; -aw-sdt-title:förslagsrutor\">\r\n\t\t\t\t<a name=\"_Toc530666595\"><span>Föreskrifter om produktingripande</span></a>\r\n\t\t\t</h2>\r\n\t\t\t<div style=\"border-bottom-color:#000000; border-bottom-style:solid; border-bottom-width:0.75pt; border-left-color:#000000; border-left-style:solid; border-left-width:0.75pt; border-right-color:#000000; border-right-style:solid; border-right-width:0.75pt; border-top-color:#000000; border-top-style:solid; border-top-width:0.75pt; clear:both; margin:3.1pt 0.9pt 0pt\">\r\n\t\t\t\t<p class=\"Normalrutafet\" style=\"margin:0pt; padding-right:4pt; padding-left:4pt\">\r\n\t\t\t\t\t<span style=\"-aw-bookmark-end:_Toc530666595\"></span><span>Utskottets förslag i korthet</span>\r\n\t\t\t\t</p>\r\n\t\t\t\t<p class=\"Normalruta\" style=\"margin:0pt; padding-right:4pt; padding-left:4pt; padding-bottom:4pt\">\r\n\t\t\t\t\t<span>Riksdagen antar regeringens förslag till ändringar i lagen om värdepappersmarknaden och lagen med kompletterande bestämmelser till EU:s förordning om faktablad för Priip-produkter. Förslagen är nödvändiga för att Finansinspektionen ska ha möjlighet att besluta o</span><span>m produktingripande enligt Mifir</span><span> och Priip</span><span>s</span><span>-förordningen i form av föreskrifter som gäller för alla aktörer på marknaden.</span>\r\n\t\t\t\t</p>\r\n\t\t\t</div>\r\n\t\t\t<p class=\"Mellanrum\">\r\n\t\t\t\t<span> </span>\r\n\t\t\t</p>\r\n\t\t\t<p class=\"R3\" style=\"margin-bottom:0pt\">\r\n\t\t\t\t<span>Propositionen</span>\r\n\t\t\t</p>\r\n\t\t\t<p class=\"R4\" style=\"margin-top:6pt\">\r\n\t\t\t\t<span>Bemyndiganden att meddela föreskrifter om produktingripande</span>\r\n\t\t\t</p>\r\n\t\t\t<p>\r\n\t\t\t\t<span>Regeringen föreslår att det i lagen med kompletterande bestämmelser till EU:s förordning om faktablad för Priip-produkter införs en upplysnings</span><span>-</span><span>bestämmelse om att det i Priip</span><span>s</span><span>-förordningen finns bestämmelser om produktingripanden.</span>\r\n\t\t\t</p>\r\n\t\t\t<p class=\"NormalIndent\">\r\n\t\t\t\t<span>Regeringen eller den myndighet som regeringen bestämmer ska få meddela föreskrifter o</span><span>m produktingripanden enligt Mifir</span><span> och Priips-förordningen.</span>\r\n\t\t\t</p>\r\n\t\t\t<p class=\"R4\">\r\n\t\t\t\t<span>Ikraftträdande- och övergångsbestämmelser</span>\r\n\t\t\t</p>\r\n\t\t\t<p>\r\n\t\t\t\t<span>Regeringen föreslår att ändringarna i lagen om värdepappersmarknaden och lagen med kompletterande bestämmelser till EU:s förordning om faktablad för Priip-produkter ska träda i kraft den 2 januari 2019</span><span> med hänsyn till redan beslutade ändringar i lagen om värdepappersmarknaden som träder i kraft den 1 januari 2019.</span>\r\n\t\t\t</p>\r\n\t\t\t<p class=\"R4\">\r\n\t\t\t\t<span>Förslagen</span><span>s konsekvenser</span>\r\n\t\t\t</p>\r\n\t\t\t<p>\r\n\t\t\t\t<span>Enligt regeringen innebär f</span><span>örslagen inte några ytterligare krav på företag eller andra</span><span>, </span><span>och</span><span> förslagen</span><span> </span><span>har inga offentligfinansiella eller samhällsekonomiska konsekvenser.</span><span> </span><span>Förslagen </span><span>h</span><span>ar i sig inte några konsekvenser för företagen</span><span>,</span><span> men e</span><span>ffekter för företag kan uppkomma om Finansinspektio</span><span>n</span><span>en beslutar att meddela föreskrifter om produktingripande. De effekterna ska </span><span>enligt regeringens bedömning </span><span>beaktas inom ramen för Finansinspektio</span><span>n</span><span>ens föreskriftsprocess.</span><span> </span><span>De merkostnader som f</span><span>öreskriftsrätten innebär för Finan</span><span>sinspektionen ska hanteras inom beslutade ramar. Förslaget bedöms inte ha några konsekvenser för domstolar eller andra myndigheter</span><span> och bedöms inte medföra </span><span>speciella informationsinsatser.</span>\r\n\t\t\t</p>\r\n\t\t\t<p class=\"R3\">\r\n\t\t\t\t<span>Utskottets ställningstagande</span>\r\n\t\t\t</p>\r\n\t\t\t<p>\r\n\t\t\t\t<span>Det har inte väckts några motioner med anledning av propositionen. Utskottet anser att riksdagen av de skäl som anförs i propositionen bör anta regeringens lagförslag.</span>\r\n\t\t\t</p>\r\n\t\t\t<p>\r\n\t\t\t\t<span> </span>\r\n\t\t\t</p>\r\n\t\t\t<p class=\"Bilaga\">\r\n\t\t\t\t<span class=\"tBilagaJA\">Bilaga 1</span>\r\n\t\t\t</p>\r\n\t\t\t<p class=\"Bilagerubrik\">\r\n\t\t\t\t<a name=\"_Toc530666596\"><span class=\"tSidrubrikJA\">Förteckning över behandlade förslag</span></a>\r\n\t\t\t</p>\r\n\t\t\t<p class=\"Rubrik2bilaga\" style=\"-aw-sdt-tag:'dokumentavsnitt/förteckning över behandlade förslag/1833326890/1540540184076'; -aw-sdt-title:'förteckning över behandlade förslag'\">\r\n\t\t\t\t<a name=\"_Toc530666597\"><span>Propositionen</span></a><span> </span>\r\n\t\t\t</p>\r\n\t\t\t<h4 style=\"-aw-sdt-tag:'dokumentavsnitt/förteckning över behandlade förslag/1833326890/1540540184076'; -aw-sdt-title:'förteckning över behandlade förslag'\">\r\n\t\t\t\t<span>Proposition 2018/19:3 Avvecklingssystem som inte omfattas av EU:s regelverk och föreskrifter om produktingripande:</span>\r\n\t\t\t</h4>\r\n\t\t\t<p class=\"Yrkandelista\" style=\"margin-bottom:0pt; -aw-sdt-tag:'dokumentavsnitt/förteckning över behandlade förslag/1833326890/1540540184076'; -aw-sdt-title:'förteckning över behandlade förslag'\">\r\n\t\t\t\t<span>1.</span><span style=\"width:21.22pt; text-indent:0pt; display:inline-block\"></span><span>Riksdagen antar regeringens förslag till lag om ändring i lagen (1999:1309) om system för avveckling av förpliktelser på finansmarknaden.</span>\r\n\t\t\t</p>\r\n\t\t\t<p class=\"Yrkandelista\" style=\"margin-top:0pt; margin-bottom:0pt; -aw-sdt-tag:'dokumentavsnitt/förteckning över behandlade förslag/1833326890/1540540184076'; -aw-sdt-title:'förteckning över behandlade förslag'\">\r\n\t\t\t\t<span>2.</span><span style=\"width:21.22pt; text-indent:0pt; display:inline-block\"></span><span>Riksdagen antar regeringens förslag till lag om ändring i lagen (2007:528) om värdepappersmarknaden.</span>\r\n\t\t\t</p>\r\n\t\t\t<p class=\"Yrkandelista\" style=\"margin-top:0pt; margin-bottom:0pt; -aw-sdt-tag:'dokumentavsnitt/förteckning över behandlade förslag/1833326890/1540540184076'; -aw-sdt-title:'förteckning över behandlade förslag'\">\r\n\t\t\t\t<span>3.</span><span style=\"width:21.22pt; text-indent:0pt; display:inline-block\"></span><span>Riksdagen antar regeringens förslag till lag om ändring i lagen (2015:1016) om resolution.</span>\r\n\t\t\t</p>\r\n\t\t\t<p class=\"Yrkandelista\" style=\"margin-top:0pt; -aw-sdt-tag:'dokumentavsnitt/förteckning över behandlade förslag/1833326890/1540540184076'; -aw-sdt-title:'förteckning över behandlade förslag'\">\r\n\t\t\t\t<span>4.</span><span style=\"width:21.22pt; text-indent:0pt; display:inline-block\"></span><span>Riksdagen antar regeringens förslag till lag om ändring i lagen (2017:317) med kompletterande bestämmelser till EU:s förordning om faktablad för Priip-produkter.</span>\r\n\t\t\t</p>\r\n\t\t\t<p class=\"Mellanrum\">\r\n\t\t\t\t<span> </span>\r\n\t\t\t</p>\r\n\t\t\t<p class=\"Mellanrum\" style=\"-aw-sdt-tag:'dokumentavsnitt/förteckning över behandlade förslag/1833326890/1540540184076'; -aw-sdt-title:'förteckning över behandlade förslag'\">\r\n\t\t\t\t<span> </span>\r\n\t\t\t</p>\r\n\t\t\t<p>\r\n\t\t\t\t<span> </span>\r\n\t\t\t</p>\r\n\t\t\t<p class=\"Bilaga\">\r\n\t\t\t\t<span class=\"tBilagaJA\">Bilaga 2</span>\r\n\t\t\t</p>\r\n\t\t\t<p class=\"Bilagerubrik\">\r\n\t\t\t\t<a name=\"_Toc530666598\"><span class=\"tSidrubrikJA\">Regeringens lagförslag</span></a>\r\n\t\t\t</p>\r\n\t\t\t<p>\r\n\t\t\t\t<img src=\"http://data.riksdagen.se/fil/h601fiu29/Dokument.001.png\" width=\"394\" height=\"683\" alt=\"\" style=\"-aw-left-pos:0pt; -aw-rel-hpos:column; -aw-rel-vpos:paragraph; -aw-top-pos:0pt; -aw-wrap-type:inline\" />\r\n\t\t\t</p>\r\n\t\t\t<p style=\"page-break-before:always\">\r\n\t\t\t\t<img src=\"http://data.riksdagen.se/fil/h601fiu29/Dokument.002.png\" width=\"391\" height=\"756\" alt=\"\" style=\"-aw-left-pos:0pt; -aw-rel-hpos:column; -aw-rel-vpos:paragraph; -aw-top-pos:0pt; -aw-wrap-type:inline\" />\r\n\t\t\t</p>\r\n\t\t\t<p style=\"page-break-before:always\">\r\n\t\t\t\t<img src=\"http://data.riksdagen.se/fil/h601fiu29/Dokument.003.png\" width=\"388\" height=\"756\" alt=\"\" style=\"-aw-left-pos:0pt; -aw-rel-hpos:column; -aw-rel-vpos:paragraph; -aw-top-pos:0pt; -aw-wrap-type:inline\" />\r\n\t\t\t</p>\r\n\t\t\t<p style=\"page-break-before:always\">\r\n\t\t\t\t<img src=\"http://data.riksdagen.se/fil/h601fiu29/Dokument.004.png\" width=\"394\" height=\"743\" alt=\"\" style=\"-aw-left-pos:0pt; -aw-rel-hpos:column; -aw-rel-vpos:paragraph; -aw-top-pos:0pt; -aw-wrap-type:inline\" />\r\n\t\t\t</p>\r\n\t\t\t<p style=\"page-break-before:always\">\r\n\t\t\t\t<img src=\"http://data.riksdagen.se/fil/h601fiu29/Dokument.005.png\" width=\"394\" height=\"636\" alt=\"\" style=\"-aw-left-pos:0pt; -aw-rel-hpos:column; -aw-rel-vpos:paragraph; -aw-top-pos:0pt; -aw-wrap-type:inline\" />\r\n\t\t\t</p>\r\n\t\t\t<p style=\"page-break-before:always\">\r\n\t\t\t\t<img src=\"http://data.riksdagen.se/fil/h601fiu29/Dokument.006.png\" width=\"394\" height=\"713\" alt=\"\" style=\"-aw-left-pos:0pt; -aw-rel-hpos:column; -aw-rel-vpos:paragraph; -aw-top-pos:0pt; -aw-wrap-type:inline\" />\r\n\t\t\t</p>\r\n\t\t\t<p style=\"page-break-before:always\">\r\n\t\t\t\t<img src=\"http://data.riksdagen.se/fil/h601fiu29/Dokument.007.png\" width=\"393\" height=\"756\" alt=\"\" style=\"-aw-left-pos:0pt; -aw-rel-hpos:column; -aw-rel-vpos:paragraph; -aw-top-pos:0pt; -aw-wrap-type:inline\" />\r\n\t\t\t</p>\r\n\t\t\t<p style=\"page-break-before:always\">\r\n\t\t\t\t<img src=\"http://data.riksdagen.se/fil/h601fiu29/Dokument.008.png\" width=\"394\" height=\"736\" alt=\"\" style=\"-aw-left-pos:0pt; -aw-rel-hpos:column; -aw-rel-vpos:paragraph; -aw-top-pos:0pt; -aw-wrap-type:inline\" />\r\n\t\t\t</p>\r\n\t\t\t<p style=\"page-break-before:always\">\r\n\t\t\t\t<img src=\"http://data.riksdagen.se/fil/h601fiu29/Dokument.009.png\" width=\"394\" height=\"755\" alt=\"\" style=\"-aw-left-pos:0pt; -aw-rel-hpos:column; -aw-rel-vpos:paragraph; -aw-top-pos:0pt; -aw-wrap-type:inline\" />\r\n\t\t\t</p>\r\n\t\t\t<p style=\"page-break-before:always\">\r\n\t\t\t\t<img src=\"http://data.riksdagen.se/fil/h601fiu29/Dokument.010.png\" width=\"394\" height=\"532\" alt=\"\" style=\"-aw-left-pos:0pt; -aw-rel-hpos:column; -aw-rel-vpos:paragraph; -aw-top-pos:0pt; -aw-wrap-type:inline\" />\r\n\t\t\t</p>\r\n\t\t\t<p class=\"NormalIndent\">\r\n\t\t\t\t<span> </span>\r\n\t\t\t</p>\r\n\t\t\t<p class=\"NormalIndent\">\r\n\t\t\t\t<span> </span>\r\n\t\t\t</p>\r\n\t\t\t<p>\r\n\t\t\t\t<img src=\"http://data.riksdagen.se/fil/h601fiu29/Dokument.011.png\" width=\"394\" height=\"571\" alt=\"\" style=\"-aw-left-pos:0pt; -aw-rel-hpos:column; -aw-rel-vpos:paragraph; -aw-top-pos:0pt; -aw-wrap-type:inline\" />\r\n\t\t\t</p>\r\n\t\t</div>\r\n\t\t<hr style=\"width:33%; height:1px; text-align:left; -aw-footnote-numberstyle:0; -aw-footnote-startnumber:1; -aw-footnote-type:0\" />\r\n\t\t<div id=\"_ftn1\" style=\"-aw-footnote-isauto:1\">\r\n\t\t\t<p class=\"FootnoteText\">\r\n\t\t\t\t<a href=\"#_ftnref1\"><span class=\"FootnoteReference\" style=\"font-size:6.33pt\">[1]</span></a><span> Europaparlamentets och rådets direktiv 2014/59/EU av den 15 maj 2014 om inrättande av en ram för återhämtning och resolution av kreditinstitut och värdepappersföretag och om ändring av rådets direktiv 82/891/EEG och Europaparlamentets och rådets direktiv 2001/24/EG, 2002/47/EG, 2004/25/EG, 2005/56/EG, 2007/36/EG, 2011/35/EU, 2012/30/EU och 2013/36/EU samt Europaparlamentets och rådets förordningar (EU) nr 1093/2010 och (EU) nr 648/2012.</span>\r\n\t\t\t</p>\r\n\t\t</div>\r\n\t"},"dokutskottsforslag":{"utskottsforslag":[{"punkt":"1","rubrik":"Avvecklingssystem som inte omfattas av EU:s regelverk","forslag":"Riksdagen&nbsp;antar regeringens förslag till<br>1. lag om ändring i lagen (1999:1309) om system för avveckling av förpliktelser på finansmarknaden,<br>2. lag om ändring i lagen (2015:1016) om resolution.<BR/>Därmed bifaller riksdagen proposition 2018/19:3 punkterna 1 och 3.<BR/><BR/>","beslutstyp":"acklamation","motforslag_nummer":"0","motforslag_partier":null,"votering_id":null,"votering_sammanfattning_html":null,"votering_url_xml":null,"rm":"2018/19","bet":"FiU29","vinnare":"utskottet"},{"punkt":"2","rubrik":"Föreskrifter om produktingripande","forslag":"Riksdagen&nbsp;antar regeringens förslag till<br>1. lag om ändring i lagen (2007:528) om värdepappersmarknaden,<br>2. lag om ändring i lagen (2017:317) med kompletterande bestämmelser till EU:s förordning om faktablad för Priip-produkter.<BR/>Därmed bifaller riksdagen proposition 2018/19:3 punkterna 2 och 4.<BR/><BR/>","beslutstyp":"acklamation","motforslag_nummer":"0","motforslag_partier":null,"votering_id":null,"votering_sammanfattning_html":null,"votering_url_xml":null,"rm":"2018/19","bet":"FiU29","vinnare":"utskottet"}]},"dokaktivitet":{"aktivitet":[{"kod":"UBE","namn":"Beredning","datum":"2018-11-13 00:00:00","status":"inträffat","ordning":"0","process":null},{"kod":"UBE","namn":"Beredning","datum":"2018-11-20 00:00:00","status":"inträffat","ordning":"0","process":null},{"kod":"JUS","namn":"Justering","datum":"2018-11-22 00:00:00","status":"inträffat","ordning":"0","process":null},{"kod":"TRY","namn":"Trycklov","datum":"2018-11-22 00:00:00","status":"inträffat","ordning":"0","process":null},{"kod":"B","namn":"Bordläggning","datum":"2018-11-27 00:00:00","status":"inträffat","ordning":"0","process":null},{"kod":"BEH","namn":"Behandling","datum":"2018-11-28 00:00:00","status":"inträffat","ordning":"0","process":null},{"kod":"BES","namn":"Beslut","datum":"2018-11-28 00:00:00","status":"inträffat","ordning":"0","process":null}]},"dokuppgift":{"uppgift":[{"kod":"notis","namn":"Beslut i korthet","text":"                           <p>Svenska banker och andra finansiella företag ska kunna delta i system för finansiella transaktioner, så kallade avvecklingssystem, i länder utanför EU och Europeiska ekonomiska samarbetsområdet, EES, och som inte omfattas av EU:s regler. Sådana system ska kunna ha samma skydd mot rättsliga risker som EU:s regelverk ger system inom EU. Syftet med regeringens förslag till lagändringar är att möjliggöra för svenska banker att fortsätta att delta i vissa internationella system för finansiella transaktioner även om Storbritannien lämnar EU utan att ansluta sig till EES.</p>\r\n<p>Regeringens förslag omfattar också vissa ändringar i svensk lag för att Finansinspektionen enligt gällande EU-regler ska kunna besluta om produktingripanden, alltså ingripanden mot riskfyllda och svårbedömda produkter på finansmarknaden.</p>\r\n<p>Riksdagen sa ja till regeringens förslag. Lagändringarna om system för finansiella transaktioner&nbsp;börjar gälla den 1 januari 2019. Övriga lagändringar börjar gälla den 2 januari 2019.</p>\r\n                                            ","dok_id":"H601FiU29","systemdatum":"2018-11-28 17:11:04"},{"kod":"notisrubrik","namn":"Beslut","text":"Svenska finansiella företag får möjlighet att vara deltagare i avvecklingssystem utanför EU och EES (FiU29)","dok_id":"H601FiU29","systemdatum":"2018-11-28 17:11:04"},{"kod":"utsknotis","namn":"Utskottets förslag till beslut","text":"                           <p>Svenska banker och andra finansiella företag ska kunna delta i system för finansiella transaktioner, så kallade avvecklingssystem, i länder utanför EU och Europeiska ekonomiska samarbetsområdet, EES, och som inte omfattas av EU:s regler. Sådana system ska kunna ha samma skydd mot rättsliga risker som EU:s regelverk ger system inom EU. Syftet med regeringens förslag till lagändringar är att möjliggöra för svenska banker att fortsätta att delta i vissa internationella system för finansiella transaktioner även om Storbritannien lämnar EU utan att ansluta sig till EES.</p>\r\n<p>Regeringens förslag omfattar också vissa ändringar i svensk lag för att Finansinspektionen enligt gällande EU-regler ska kunna besluta om produktingripanden, alltså ingripanden mot riskfyllda och svårbedömda produkter på finansmarknaden.</p>\r\n<p>Finansutskottet föreslår att riksdagen säger ja till regeringens förslag. Lagändringarna om system för finansiella transaktioner föreslås börja gälla den 1 januari 2019. Övriga lagändringar föreslås börja gälla den 2 januari 2019.</p>\r\n                                            ","dok_id":"H601FiU29","systemdatum":"2018-11-28 17:11:04"},{"kod":"utsknotisrubrik","namn":"Utskottets förslag","text":"Svenska finansiella företag får möjlighet att vara deltagare i avvecklingssystem utanför EU och EES (FiU29)","dok_id":"H601FiU29","systemdatum":"2018-11-28 17:11:04"},{"kod":"rdbeslut","namn":"Riksdagens beslut","text":"Kammaren biföll utskottets förslag.","dok_id":"H601FiU29","systemdatum":"2018-11-28 16:35:44"},{"kod":"beslutssammanfattningusk","namn":"Utskottets förslag till beslut","text":"Bifall til propositionen","dok_id":"H601FiU29","systemdatum":"2018-12-12 12:17:27"},{"kod":"debattdatumtid","namn":"Datum och tid för debatten","text":"2018-11-28 00:00:00","dok_id":"H601FiU29","systemdatum":"2018-11-28 17:11:04"},{"kod":"beslutdatumtid","namn":"Datum och tid för beslutet","text":"2018-11-28 00:00:00","dok_id":"H601FiU29","systemdatum":"2018-11-28 17:11:04"},{"kod":"statustext","namn":"statustext","text":"Ärendet är avslutat","dok_id":"H601FiU29","systemdatum":"2018-11-29 13:34:19"}]},"dokbilaga":{"bilaga":{"dok_id":"H601FiU29","titel":"Avvecklingssystem som inte omfattas av EU:s regelverk och föreskrifter om produktingripande","subtitel":null,"filnamn":"2018_19_FiU29_20181122161725_Publicering.pdf","filstorlek":"2153909","filtyp":"pdf","fil_url":"http://data.riksdagen.se/fil/F755CD92-FFD6-411E-9B3E-AD483CBDFCEF"}},"dokreferens":{"referens":[{"referenstyp":"behandlar","uppgift":"Proposition 2018/19:3 Avvecklingssystem som inte omfattas av EU:s regelverk och föreskrifter om produktingripande","ref_dok_id":"H6033","ref_dok_typ":"prop","ref_dok_rm":"2018/19","ref_dok_bet":"3","ref_dok_titel":"Avvecklingssystem som inte omfattas av EU:s regelverk och föreskrifter om produktingripande","ref_dok_subtitel":null,"ref_dok_subtyp":"prop","ref_dok_dokumentnamn":"Proposition"},{"referenstyp":"föredragningslista","uppgift":"föredragningslista 2018/19:22 Onsdag den 28 november 2018","ref_dok_id":"H60I22","ref_dok_typ":"f-lista","ref_dok_rm":"2018/19","ref_dok_bet":"22","ref_dok_titel":"Onsdag den 28 november 2018","ref_dok_subtitel":null,"ref_dok_subtyp":null,"ref_dok_dokumentnamn":"Föredragningslista"},{"referenstyp":"protokollbeslut","uppgift":"2018-11-28","ref_dok_id":"H60922","ref_dok_typ":"prot","ref_dok_rm":"2018/19","ref_dok_bet":"22","ref_dok_titel":"Protokoll 2018/19:22 Onsdagen den 28 november","ref_dok_subtitel":null,"ref_dok_subtyp":null,"ref_dok_dokumentnamn":"Protokoll"},{"referenstyp":"rskr","uppgift":null,"ref_dok_id":"H60K54","ref_dok_typ":"rskr","ref_dok_rm":"2018/19","ref_dok_bet":"54","ref_dok_titel":"Riksdagsskrivelse 2018/19:54","ref_dok_subtitel":null,"ref_dok_subtyp":"rskr","ref_dok_dokumentnamn":"Riksdagsskrivelse"},{"referenstyp":"talarlista","uppgift":"talarlista 2018/19:20181128 Onsdag den 28 november 2018 (preliminär)","ref_dok_id":"H60J20181128","ref_dok_typ":"t-lista","ref_dok_rm":"2018/19","ref_dok_bet":"20181128","ref_dok_titel":"Onsdag den 28 november 2018 (preliminär)","ref_dok_subtitel":null,"ref_dok_subtyp":null,"ref_dok_dokumentnamn":"Talarlista"}]},"debatt":null}}