{"dokumentstatus":{"dokument":{"hangar_id":"5017227","dok_id":"H601FiU31","rm":"2018/19","beteckning":"FiU31","typ":"bet","subtyp":"bet","doktyp":"bet","typrubrik":"Betänkande 2018/19:FiU31","dokumentnamn":"Betänkande","debattnamn":"Debatt om förslag","tempbeteckning":"","organ":"FiU","mottagare":"","nummer":"31","slutnummer":"0","datum":"2019-03-01 00:00:00","systemdatum":"2019-03-06 22:53:12","publicerad":"2019-01-11 09:29:24","titel":"Riksrevisionens rapport om staten som inköpare av konsulttjänster","subtitel":"","status":"Webbpublicering","htmlformat":"html","relaterat_id":"","source":"RIM","sourceid":"ef3c390c-9c38-4b52-a65b-62958a1ef8cf","dokument_url_text":"http://data.riksdagen.se/dokument/H601FiU31/text","dokument_url_html":"http://data.riksdagen.se/dokument/H601FiU31","dokumentstatus_url_xml":"http://data.riksdagen.se/dokumentstatus/H601FiU31","utskottsforslag_url_xml":"http://data.riksdagen.se/utskottsforslag/H601FiU31","html":"<style><!--\r\n .w600px{width: 600px;font-family:Verdana, Geneva, sans-serif}\r\nh2.dtyp{font-size:1.5em !important;} \r\n/********************************************************************************************************/\r\n/* Styles for D:\\Logs\\DocumentConverter\\\\Output_531ad670-3463-487b-b29d-886c503466f4\\HTML\\Dokument.html */\r\n/* Generated by Aspose.Words for .NET 15.3.0.0                                                          */\r\n/********************************************************************************************************/\r\n\r\n@page Section1 { size:467.8pt 686.05pt; margin:45.35pt 102.05pt 73.7pt 70.85pt }\r\ndiv.Section1 { page:Section1 }\r\nzbody { text-align:justify; line-height:12.5pt; font-family:'Verdana'; font-size:9.5pt }\r\nzh1, h2, h3, h4, h5, h6, p { margin:3.1pt 0pt 0pt }\r\nzli, table { margin-top:3.1pt; margin-bottom:0pt }\r\nzh1 { margin-top:3.1pt; margin-bottom:12pt; text-align:left; page-break-after:avoid; line-height:12.5pt; font-family:'Verdana'; font-size:16pt; font-weight:normal }\r\nzh2 { margin-top:20pt; margin-bottom:6pt; text-align:left; page-break-inside:avoid; page-break-after:avoid; line-height:12.5pt; font-family:'Verdana'; font-size:13.5pt; font-weight:normal }\r\nzh3 { margin-top:20pt; margin-bottom:3.1pt; text-align:left; page-break-inside:avoid; page-break-after:avoid; line-height:12.5pt; font-family:'Verdana'; font-size:10.5pt; font-weight:bold }\r\nzh4 { margin-top:15pt; margin-bottom:3.1pt; text-align:left; page-break-inside:avoid; page-break-after:avoid; line-height:12.5pt; font-family:'Verdana'; font-size:10.5pt; font-weight:normal; font-style:italic; color:#000000 }\r\nzh5 { margin-top:6.25pt; margin-bottom:0pt; text-align:justify; page-break-inside:avoid; page-break-after:avoid; line-height:12.5pt; font-family:'Verdana'; font-size:9.5pt; font-weight:bold }\r\nzh6 { margin-top:6.25pt; margin-bottom:0pt; text-align:justify; page-break-inside:avoid; page-break-after:avoid; line-height:12.5pt; font-family:'Verdana'; font-size:9.5pt; font-weight:normal; font-style:italic; color:#000000 }\r\n.Heading7 { margin-top:2pt; margin-bottom:0pt; text-align:justify; page-break-inside:avoid; page-break-after:avoid; line-height:12.5pt; font-family:'Verdana'; font-size:9.5pt; font-weight:normal; font-style:italic; color:#243f60 }\r\n.Heading8 { margin-top:2pt; margin-bottom:0pt; text-align:justify; page-break-inside:avoid; page-break-after:avoid; line-height:12.5pt; font-family:'Verdana'; font-size:9pt; font-weight:normal; color:#272727 }\r\n.Heading9 { margin-top:2pt; margin-bottom:0pt; text-align:justify; page-break-inside:avoid; page-break-after:avoid; line-height:12.5pt; font-family:'Verdana'; font-size:9pt; font-weight:normal; font-style:italic; color:#272727 }\r\n.Avsnittsrubrik { margin-top:0pt; margin-bottom:27.7pt; text-align:left; page-break-before:always; page-break-after:avoid; line-height:normal; font-family:'Verdana'; font-size:16pt }\r\n.Avvikandemeningrubrik { margin-top:0pt; margin-bottom:3.1pt; text-align:left; page-break-inside:avoid; page-break-after:avoid; line-height:12.5pt; font-family:'Verdana'; font-size:10.5pt; font-weight:bold }\r\n.BalloonText { margin-top:3.1pt; margin-bottom:0pt; text-align:justify; line-height:normal; font-family:Tahoma; font-size:8pt }\r\n.Bilaga { margin-top:0pt; margin-bottom:0pt; text-align:left; page-break-before:always; page-break-after:avoid; line-height:normal; widows:0; orphans:0; font-family:'Verdana'; font-size:8pt; font-variant:small-caps; text-decoration:underline }\r\n.Bilagerubrik { margin-top:0pt; margin-bottom:17.7pt; text-align:left; page-break-after:auto; line-height:normal; widows:0; orphans:0; font-family:'Verdana'; font-size:16pt }\r\n.Bild-Rubrik { margin-top:8pt; margin-bottom:0pt; text-align:justify; page-break-inside:avoid; page-break-after:avoid; line-height:10pt; font-family:'Verdana'; font-size:9.5pt; font-weight:bold }\r\n.Bild-Underrubrik { margin-top:0pt; margin-bottom:1pt; text-align:left; page-break-inside:avoid; page-break-after:avoid; line-height:8pt; font-family:'Verdana'; font-size:8pt; font-weight:normal; font-style:italic }\r\n.BodyText { margin-top:3.1pt; margin-bottom:0pt; text-align:left; line-height:12.5pt; font-family:'Verdana'; font-size:9.5pt }\r\n.BodyTextIndent2 { margin-top:3.1pt; margin-left:14.15pt; margin-bottom:6pt; text-align:justify; line-height:200%; font-family:'Verdana'; font-size:9.5pt }\r\n.Citatindrag { margin-top:0pt; margin-left:14.2pt; margin-bottom:6.1pt; text-indent:14.2pt; text-align:justify; line-height:10pt; font-family:'Verdana'; font-size:9.5pt }\r\n.CommentText { margin-top:3.1pt; margin-bottom:0pt; text-align:justify; line-height:normal; font-family:'Verdana'; font-size:10pt }\r\n.Default { margin-bottom:0pt; line-height:normal; font-family:'Verdana'; font-size:12pt; color:#000000 }\r\n.Deltagare { margin-top:0pt; margin-bottom:0pt; text-align:justify; page-break-inside:avoid; page-break-after:avoid; line-height:9.5pt; font-family:'Verdana'; font-size:9.5pt }\r\n.Diagram-Rubrik { margin-top:8pt; margin-bottom:0pt; text-align:justify; page-break-inside:avoid; page-break-after:avoid; line-height:10pt; font-family:'Verdana'; font-size:9.5pt; font-weight:bold }\r\n.Diagram-Underrubrik { margin-top:0pt; margin-bottom:1pt; text-align:left; page-break-inside:avoid; page-break-after:avoid; line-height:8pt; font-family:'Verdana'; font-size:8pt; font-weight:normal; font-style:italic }\r\n.DokumentRubrik { margin-top:6pt; margin-bottom:24pt; text-align:left; line-height:normal; border-bottom-style:solid; border-bottom-width:0.75pt; border-bottom-color:#000000; padding-bottom:4pt; font-family:'Verdana'; font-size:18pt }\r\n.Dokumentbeteckning { margin-top:0pt; margin-bottom:0pt; text-align:left; page-break-inside:avoid; page-break-after:avoid; line-height:12.5pt; font-family:'Verdana'; font-size:16pt }\r\n.Footer { margin-top:3.1pt; margin-bottom:0pt; text-align:justify; line-height:normal; font-family:'Verdana'; font-size:9.5pt }\r\n.FootnoteText { margin-top:0pt; margin-bottom:0pt; text-align:justify; line-height:8pt; font-family:'Verdana'; font-size:8pt }\r\n.Fotnotstextindrag { margin-top:0pt; margin-left:5.65pt; margin-bottom:0pt; text-align:left; line-height:8pt; font-family:'Verdana'; font-size:8pt }\r\n.Frslagspunkt { margin-top:0pt; margin-bottom:0pt; text-align:left; page-break-inside:avoid; page-break-after:avoid; line-height:12.5pt; font-family:'Verdana'; font-size:9.5pt; font-weight:bold }\r\n.Frslagstext { margin-top:0pt; margin-bottom:0pt; text-align:justify; line-height:12.5pt; font-family:'Verdana'; font-size:9.5pt }\r\n.Frteckningsrubrik { margin-top:9.6pt; margin-bottom:3.1pt; text-align:left; page-break-inside:avoid; page-break-after:avoid; line-height:normal; font-family:'Verdana'; font-size:9.5pt; font-weight:normal; font-style:italic; color:#000000 }\r\n.Grupprubrik { margin-top:6pt; margin-bottom:0pt; text-align:left; page-break-inside:avoid; page-break-after:avoid; line-height:12.5pt; font-family:'Verdana'; font-size:9.5pt; font-style:italic }\r\n.Grupprubrikindrag { margin-top:6pt; margin-left:22.1pt; margin-bottom:0pt; text-align:left; page-break-inside:avoid; page-break-after:avoid; line-height:12.5pt; font-family:'Verdana'; font-size:9.5pt; font-style:italic }\r\n.Header { margin-top:0pt; margin-bottom:0pt; text-align:justify; line-height:normal; font-family:'Verdana'; font-size:7.5pt; font-variant:small-caps }\r\n.Innehllsfrteckning { margin-top:0pt; margin-bottom:17.7pt; text-align:left; page-break-before:always; page-break-after:auto; line-height:normal; font-family:'Verdana'; font-size:16pt }\r\n.Kantrubrik { margin-top:0pt; margin-bottom:0pt; text-align:justify; line-height:normal; font-family:'Verdana'; font-size:7.5pt }\r\n.ListBullet { margin-top:6.25pt; margin-left:17.85pt; margin-bottom:6.25pt; text-indent:-17.85pt; text-align:justify; line-height:12.5pt; font-family:'Verdana'; font-size:9.5pt }\r\n.ListParagraph { margin-top:3.1pt; margin-left:28.35pt; margin-bottom:0pt; text-align:justify; line-height:12.5pt; font-family:'Verdana'; font-size:9.5pt }\r\n.Litentext { margin-top:0pt; margin-bottom:0pt; text-align:justify; line-height:normal; font-family:'Verdana'; font-size:8pt }\r\n.Mellanrubrik { margin-top:11pt; margin-bottom:3.1pt; text-align:left; page-break-after:avoid; line-height:12.5pt; font-family:'Verdana'; font-size:9.5pt; font-style:italic }\r\n.Mellanrum { margin-top:0pt; margin-bottom:0pt; text-align:left; page-break-before:auto; page-break-after:auto; line-height:1pt; widows:0; orphans:0; font-family:'Verdana'; font-size:1pt; font-variant:small-caps; text-decoration:none; color:#ffffff }\r\n.NormalIndent { margin-top:0pt; margin-bottom:0pt; text-indent:11.35pt; text-align:justify; line-height:12.5pt; font-family:'Verdana'; font-size:9.5pt }\r\n.Normalinskjuten { margin-top:0pt; margin-left:22.1pt; margin-bottom:0pt; text-align:justify; line-height:12.5pt; font-family:'Verdana'; font-size:9.5pt }\r\n.Normalinskjutenindrag { margin-top:0pt; margin-left:22.1pt; margin-bottom:0pt; text-indent:11.35pt; text-align:justify; line-height:12.5pt; font-family:'Verdana'; font-size:9.5pt }\r\n.Normalinskjutenkursiv { margin-top:6pt; margin-bottom:0pt; line-height:normal; font-family:'Verdana'; font-size:10pt; font-style:italic }\r\n.Normalkursiv { margin-top:3.1pt; margin-bottom:0pt; text-align:left; line-height:12.5pt; font-family:'Verdana'; font-size:9.5pt; font-style:italic }\r\n.Normalruta { margin:3.1pt 5.65pt 0pt; text-align:justify; page-break-inside:avoid; page-break-after:avoid; line-height:12.5pt; border-top-style:solid; border-top-width:0.75pt; border-top-color:#000000; border-right-style:solid; border-right-width:0.75pt; border-right-color:#000000; border-left-style:solid; border-left-width:0.75pt; border-left-color:#000000; border-bottom-style:solid; border-bottom-width:0.75pt; border-bottom-color:#000000; padding-top:4pt; padding-right:4pt; padding-left:4pt; padding-bottom:4pt; font-family:'Verdana'; font-size:10.5pt }\r\n.Normalrutafet { margin:3.1pt 5.65pt 0pt; text-align:justify; page-break-inside:avoid; page-break-after:avoid; line-height:12.5pt; border-top-style:solid; border-top-width:0.75pt; border-top-color:#000000; border-right-style:solid; border-right-width:0.75pt; border-right-color:#000000; border-left-style:solid; border-left-width:0.75pt; border-left-color:#000000; border-bottom-style:solid; border-bottom-width:0.75pt; border-bottom-color:#000000; padding-top:4pt; padding-right:4pt; padding-left:4pt; padding-bottom:4pt; font-family:'Verdana'; font-size:10.5pt; font-weight:bold }\r\n.Normalrutaindrag { margin:0pt 5.65pt; text-indent:11.35pt; text-align:justify; page-break-inside:avoid; page-break-after:avoid; line-height:12.5pt; border-top-style:solid; border-top-width:0.75pt; border-top-color:#000000; border-right-style:solid; border-right-width:0.75pt; border-right-color:#000000; border-left-style:solid; border-left-width:0.75pt; border-left-color:#000000; border-bottom-style:solid; border-bottom-width:0.75pt; border-bottom-color:#000000; padding-top:4pt; padding-right:4pt; padding-left:4pt; padding-bottom:4pt; font-family:'Verdana'; font-size:10.5pt }\r\n.Normalutanluftfre { margin-top:0pt; margin-bottom:0pt; text-align:justify; line-height:12.5pt; font-family:'Verdana'; font-size:9.5pt }\r\n.NormalNoll { margin-top:0pt; margin-bottom:3.1pt; text-align:left; line-height:12.5pt; font-family:'Verdana'; font-size:10.5pt; font-weight:bold }\r\n.NumlistaTOC { margin:3.1pt 28.35pt 0pt 0pt; text-indent:0pt; text-align:left; line-height:normal; font-family:'Verdana'; font-size:9.5pt }\r\n.Ordfranden { margin-top:3.1pt; margin-bottom:22pt; text-align:left; page-break-inside:avoid; page-break-after:avoid; line-height:normal; font-family:'Verdana'; font-size:9.5pt; font-style:italic }\r\n.OrtochDatum { margin-top:18pt; margin-bottom:18pt; text-align:left; page-break-inside:avoid; page-break-after:avoid; line-height:normal; font-family:'Verdana'; font-size:9.5pt }\r\n.Punktlistabomb { margin-top:6.25pt; margin-left:14.2pt; margin-bottom:6.25pt; text-indent:-14.2pt; text-align:justify; line-height:12.5pt; font-family:'Verdana'; font-size:9.5pt }\r\n.Punktlistagemener { margin-top:6.25pt; margin-left:14.2pt; margin-bottom:6.25pt; text-indent:-14.2pt; text-align:justify; line-height:12.5pt; font-family:'Verdana'; font-size:9.5pt }\r\n.Punktlistalinje { margin-top:6.25pt; margin-left:14.2pt; margin-bottom:6.25pt; text-indent:-14.2pt; text-align:justify; line-height:12.5pt; font-family:'Verdana'; font-size:9.5pt }\r\n.Punktlistasiffra { margin-top:6.25pt; margin-left:14.2pt; margin-bottom:6.25pt; text-indent:-14.2pt; text-align:justify; line-height:12.5pt; font-family:'Verdana'; font-size:9.5pt }\r\n.PVgnar { margin-top:3.1pt; margin-bottom:26pt; text-align:left; page-break-inside:avoid; page-break-after:avoid; line-height:normal; font-family:'Verdana'; font-size:9.5pt }\r\n.Quote { margin-top:6.1pt; margin-left:14.2pt; margin-bottom:0pt; text-align:justify; line-height:10pt; font-family:'Verdana'; font-size:9.5pt }\r\n.R1 { margin-top:3.1pt; margin-bottom:12pt; text-align:left; page-break-after:avoid; line-height:12.5pt; font-family:'Verdana'; font-size:16pt }\r\n.R1bilaga { margin-top:3.1pt; margin-bottom:12pt; text-align:left; page-break-after:auto; line-height:12.5pt; font-family:'Verdana'; font-size:16pt }\r\n.R2 { margin-top:20pt; margin-bottom:6pt; text-align:left; page-break-inside:avoid; page-break-after:avoid; line-height:12.5pt; font-family:'Verdana'; font-size:13.5pt }\r\n.R3 { margin-top:20pt; margin-bottom:3.1pt; text-align:left; page-break-inside:avoid; page-break-after:avoid; line-height:12.5pt; font-family:'Verdana'; font-size:10.5pt; font-weight:bold }\r\n.R4 { margin-top:15pt; margin-bottom:3.1pt; text-align:left; page-break-inside:avoid; page-break-after:avoid; line-height:12.5pt; font-family:'Verdana'; font-size:10.5pt; font-weight:normal; font-style:italic; color:#000000 }\r\n.R5 { margin-top:6.25pt; margin-bottom:0pt; text-align:justify; page-break-inside:avoid; page-break-after:avoid; line-height:12.5pt; font-family:'Verdana'; font-size:9.5pt; font-weight:bold }\r\n.R6 { margin-top:6.25pt; margin-bottom:0pt; text-align:justify; page-break-inside:avoid; page-break-after:avoid; line-height:12.5pt; font-family:'Verdana'; font-size:9.5pt; font-weight:normal; font-style:italic; color:#000000 }\r\n.Reservationshnvisning { margin-top:0pt; margin-bottom:8pt; text-align:right; line-height:12.5pt; font-family:'Verdana'; font-size:9.5pt; font-style:italic }\r\n.Reservationsrubrik { margin-top:0pt; margin-bottom:3.1pt; text-align:left; page-break-inside:avoid; page-break-after:avoid; line-height:12.5pt; font-family:'Verdana'; font-size:10.5pt; font-weight:bold }\r\n.Rubrik1Dokumentinformation { margin-top:0pt; margin-bottom:0pt; text-align:left; page-break-inside:avoid; page-break-after:avoid; line-height:12.5pt; font-family:'Verdana'; font-size:16pt }\r\n.Rubrik1bilaga { margin-top:0pt; margin-bottom:27.7pt; text-align:left; page-break-after:auto; line-height:12.5pt; font-family:'Verdana'; font-size:16pt }\r\n.Rubrik1medsidhuvud { margin-top:3.1pt; margin-bottom:12pt; text-align:left; page-break-before:always; page-break-after:avoid; line-height:12.5pt; font-family:'Verdana'; font-size:16pt }\r\n.Rubrik1numrerat { margin-top:3.1pt; margin-left:0pt; margin-bottom:12pt; text-indent:0pt; text-align:left; page-break-after:avoid; line-height:12.5pt; font-family:'Verdana'; font-size:16pt }\r\n.Rubrik1numreratmedsidhuvud { margin-top:0pt; margin-left:0pt; margin-bottom:16pt; text-indent:0pt; text-align:left; page-break-before:always; page-break-after:avoid; line-height:normal; font-family:'Verdana'; font-size:16pt }\r\n.Rubrik2bilaga { margin-top:20pt; margin-bottom:6pt; text-align:left; page-break-inside:avoid; page-break-after:avoid; line-height:12.5pt; font-family:'Verdana'; font-size:13.5pt }\r\n.Rubrik2numrerat { margin-top:20pt; margin-left:0pt; margin-bottom:6pt; text-indent:0pt; text-align:left; page-break-inside:avoid; page-break-after:avoid; line-height:12.5pt; font-family:'Verdana'; font-size:13.5pt }\r\n.Rubrik3numrerat { margin-top:20pt; margin-left:0pt; margin-bottom:3.1pt; text-indent:0pt; text-align:left; page-break-inside:avoid; page-break-after:avoid; line-height:12.5pt; font-family:'Verdana'; font-size:10.5pt; font-weight:bold }\r\n.Sammanfattning { margin-top:3.1pt; margin-bottom:12pt; text-align:left; page-break-after:auto; line-height:12.5pt; font-family:'Verdana'; font-size:16pt }\r\n.Sidhuvudhgerstlld { margin-top:0pt; margin-bottom:0pt; text-align:right; line-height:normal; font-family:'Verdana'; font-size:7.5pt; font-variant:small-caps }\r\n.Sidhuvudvnsterstlld { margin-top:0pt; margin-bottom:0pt; text-align:left; line-height:normal; font-family:'Verdana'; font-size:7.5pt; font-variant:small-caps }\r\n.Stdrubrik { margin-top:12pt; margin-bottom:0pt; line-height:12pt; font-family:'Verdana'; font-size:9.5pt; font-weight:bold }\r\n.Srskiltyttranderubrik { margin-top:0pt; margin-bottom:3.1pt; text-align:left; page-break-inside:avoid; page-break-after:avoid; line-height:12.5pt; font-family:'Verdana'; font-size:10.5pt; font-weight:bold }\r\n.TOC1 { margin-top:0pt; margin-right:28.35pt; margin-bottom:0pt; text-align:left; line-height:normal; font-family:'Verdana'; font-size:9.5pt }\r\n.TOC2 { margin:0pt 28.35pt 0pt 5.65pt; text-align:left; line-height:normal; font-family:'Verdana'; font-size:9.5pt }\r\n.TOC3 { margin:0pt 28.35pt 0pt 11.35pt; text-align:left; line-height:normal; font-family:'Verdana'; font-size:9.5pt }\r\n.TOC4 { margin:0pt 28.35pt 0pt 17pt; text-align:left; line-height:normal; font-family:'Verdana'; font-size:9.5pt }\r\n.TOC5 { margin:0pt 28.35pt 0pt 22.7pt; text-align:left; line-height:normal; font-family:'Verdana'; font-size:9.5pt }\r\n.TOC6 { margin-top:0pt; margin-left:47.65pt; margin-bottom:0pt; text-align:left; line-height:normal; font-family:'Verdana'; font-size:9.5pt }\r\n.TOC7 { margin-top:0pt; margin-right:28.35pt; margin-bottom:0pt; text-align:left; line-height:normal; font-family:'Verdana'; font-size:9.5pt }\r\n.TOC8 { margin-top:0pt; margin-right:28.35pt; margin-bottom:0pt; text-align:left; line-height:normal; font-family:'Verdana'; font-size:9.5pt }\r\n.TOC9 { margin-top:0pt; margin-left:8.5pt; margin-bottom:0pt; text-align:left; line-height:normal; font-family:'Verdana'; font-size:9.5pt }\r\n.TOCHeading { margin-top:3.1pt; margin-bottom:9pt; text-align:left; page-break-before:always; page-break-inside:avoid; page-break-after:avoid; line-height:12.5pt; font-family:'Verdana'; font-size:16pt }\r\n.Tabell-Kolumnrubrik { margin-bottom:0pt; line-height:12pt; font-family:'Verdana'; font-size:8pt; font-weight:bold }\r\n.Tabell-Klla { margin-top:2pt; margin-bottom:0pt; line-height:8pt; font-family:'Verdana'; font-size:7pt }\r\n.Tabell-Radrubrik { margin-bottom:0pt; line-height:12pt; font-family:'Verdana'; font-size:8pt }\r\n.Tabell-Rubrik { margin-top:12pt; margin-bottom:3pt; text-align:left; page-break-inside:avoid; page-break-after:avoid; line-height:10pt; font-family:'Verdana'; font-size:9pt; font-weight:bold }\r\n.Tabell-Siffror { margin-bottom:0pt; text-align:right; line-height:12pt; font-family:'Verdana'; font-size:8pt }\r\n.Tabell-Text { margin-bottom:0pt; line-height:12pt; font-family:'Verdana'; font-size:8pt }\r\n.Tabell-Underrubrik { margin-top:0pt; margin-bottom:1pt; text-align:left; page-break-inside:avoid; page-break-after:avoid; line-height:8pt; font-family:'Verdana'; font-size:8pt; font-weight:normal; font-style:italic }\r\n.TableofFigures { margin-top:3.1pt; margin-bottom:0pt; text-align:justify; line-height:normal; font-family:'Verdana'; font-size:9.5pt }\r\n.TillX-utskottet { margin-top:0pt; margin-bottom:12pt; text-align:left; page-break-after:avoid; line-height:12.5pt; font-family:'Verdana'; font-size:16pt }\r\n.Title { margin-top:3.1pt; margin-bottom:1pt; text-align:left; line-height:12pt; font-family:'Verdana'; font-size:20pt; letter-spacing:-0.5pt }\r\n.Vapen { margin-top:0pt; margin-bottom:0pt; text-align:left; page-break-inside:avoid; page-break-after:avoid; line-height:12.5pt; font-family:'Verdana'; font-size:16pt }\r\n.Yrkandelista { margin-top:3.1pt; margin-left:28.35pt; margin-bottom:0pt; text-indent:-28.35pt; text-align:justify; line-height:12.5pt; font-family:'Verdana'; font-size:9.5pt }\r\n.YrkandelistaEtt { margin-top:3.1pt; margin-left:0pt; margin-bottom:0pt; text-indent:0pt; text-align:justify; line-height:12.5pt; font-family:'Verdana'; font-size:9.5pt }\r\nspan.BallongtextChar { font-family:Tahoma; font-size:8pt }\r\nspan.BilagaChar { font-family:'Verdana'; font-size:8pt; font-variant:small-caps; text-decoration:underline }\r\nspan.BrdtextChar { font-family:'Verdana'; font-size:9.5pt }\r\nspan.BrdtextChar1 { font-family:'Verdana'; font-size:9.5pt }\r\nspan.Brdtextmedindrag2Char { font-family:'Verdana'; font-size:9.5pt }\r\nspan.CitatChar { font-family:'Verdana'; font-size:9.5pt }\r\nspan.DokumentRubrikChar { font-family:'Verdana'; font-size:18pt }\r\nspan.FootnoteReference { vertical-align:super }\r\nspan.FotnotstextChar { font-family:'Verdana'; font-size:8pt }\r\nspan.FotnotstextindragChar { font-family:'Verdana'; font-size:8pt }\r\nspan.FrslagspunktChar { font-family:'Verdana'; font-size:9.5pt; font-weight:bold; font-style:normal }\r\nspan.Hyperlink { text-decoration:none; color:#000000 }\r\nspan.KommentarerChar { font-family:'Verdana'; font-size:10pt }\r\nspan.NormalkursivChar { font-family:'Verdana'; font-size:9.5pt; font-style:italic }\r\nspan.NormaltindragChar { font-family:'Verdana'; font-size:9.5pt }\r\nspan.OrdfrandenChar { font-family:'Verdana'; font-size:9.5pt; font-style:italic }\r\nspan.OrtochDatumChar { font-family:'Verdana'; font-size:9.5pt }\r\nspan.PlaceholderText { color:#808080 }\r\nspan.PVgnarChar { font-family:'Verdana'; font-size:9.5pt }\r\nspan.ReservationshnvisningChar { font-family:'Verdana'; font-size:9.5pt; font-style:italic }\r\nspan.Rubrik1Char { font-family:'Verdana'; font-size:16pt }\r\nspan.Rubrik1DokumentinformationChar { font-family:'Verdana'; font-size:16pt }\r\nspan.Rubrik2Char { font-family:'Verdana'; font-size:13.5pt }\r\nspan.Rubrik3Char { font-family:'Verdana'; font-size:10.5pt; font-weight:bold }\r\nspan.Rubrik4Char { font-family:'Verdana'; font-size:10.5pt; font-style:italic; color:#000000 }\r\nspan.Rubrik5Char { font-family:'Verdana'; font-size:9.5pt; font-weight:bold }\r\nspan.Rubrik6Char { font-family:'Verdana'; font-size:9.5pt; font-style:italic; color:#000000 }\r\nspan.Rubrik7Char { font-family:'Verdana'; font-size:9.5pt; font-style:italic; color:#243f60 }\r\nspan.Rubrik8Char { font-family:'Verdana'; font-size:9pt; color:#272727 }\r\nspan.Rubrik9Char { font-family:'Verdana'; font-size:9pt; font-style:italic; color:#272727 }\r\nspan.RubrikChar { font-family:'Verdana'; font-size:20pt; letter-spacing:-0.5pt }\r\nspan.SidfotChar { font-family:'Verdana'; font-size:9.5pt }\r\nspan.SidhuvudChar { font-family:'Verdana'; font-size:7.5pt; font-variant:small-caps }\r\nspan.Tabell-Upphjttecken { font-family:'Verdana'; font-variant:normal; text-decoration:none; text-transform:none; vertical-align:super; display:inline }\r\nspan.VapenChar { font-family:'Verdana'; font-size:16pt }\r\nspan.tBilagaJA { color:#000000 }\r\nspan.tSidrubrikJA { color:#000000 }\r\n.TableGrid {  }\r\n--></style>\r\n\r\n\t\t<div class=\"Section1\">\r\n\t\t\t<table cellspacing=\"0\" cellpadding=\"0\" style=\"border-collapse:collapse; margin-left:0pt\">\r\n\t\t\t\t<tr style=\"height:79.4pt\">\r\n\t\t\t\t\t<td style=\"vertical-align:top; width:297.7pt\">\r\n\t\t\t\t\t\t<p class=\"Rubrik1Dokumentinformation\" style=\"margin-top:0pt; margin-bottom:0pt; text-align:left; page-break-inside:avoid; page-break-after:avoid; line-height:16pt\">\r\n\t\t\t\t\t\t\t<span style=\"font-family:'Verdana'; font-size:16pt; -aw-sdt-tag:ccUtskott; -aw-sdt-title:'utskottsnamn Dokumentegenskap'\">Finansutskottet</span><span style=\"font-family:'Verdana'; font-size:16pt; -aw-sdt-tag:ccS; -aw-sdt-title:s\">s</span><span style=\"font-family:'Verdana'; font-size:16pt; -aw-sdt-tag:ccMellanslag; -aw-sdt-title:Mellanslag\"> </span><a name=\"Utlatande\"></a><span style=\"font-family:'Verdana'; font-size:16pt\">betänkande</span>\r\n\t\t\t\t\t\t</p>\r\n\t\t\t\t\t\t<p class=\"Dokumentbeteckning\" style=\"margin-top:0pt; margin-bottom:0pt; text-align:left; page-break-inside:avoid; page-break-after:avoid; line-height:16pt\">\r\n\t\t\t\t\t\t\t<span style=\"font-family:'Verdana'; font-size:16pt; -aw-sdt-tag:ccRiksmote; -aw-sdt-title:'riksmote Dokumentegenskap'\">2018/19</span><span style=\"font-family:'Verdana'; font-size:16pt; -aw-sdt-tag:ccKolon; -aw-sdt-title:Kolon\">:</span><a name=\"Utskottebeteckning\"></a><span style=\"font-family:'Verdana'; font-size:16pt\">FiU31</span>\r\n\t\t\t\t\t\t</p>\r\n\t\t\t\t\t\t<p class=\"Rubrik1Dokumentinformation\" style=\"margin-top:0pt; margin-bottom:0pt; text-align:left; page-break-inside:avoid; page-break-after:avoid; line-height:16pt\">\r\n\t\t\t\t\t\t\t<span style=\"font-family:'Verdana'; font-size:16pt\"> </span>\r\n\t\t\t\t\t\t</p>\r\n\t\t\t\t\t</td>\r\n\t\t\t\t</tr>\r\n\t\t\t</table>\r\n\t\t\t<p class=\"DokumentRubrik\" style=\"-aw-sdt-tag:ccDokumentrubrik; -aw-sdt-title:'dokumentrubrik Dokumentegenskap'\">\r\n\t\t\t\t<span>Riksrevisionens rapport om staten som inköpare av konsulttjänster</span>\r\n\t\t\t</p>\r\n\t\t\t<p class=\"R1\">\r\n\t\t\t\t<span>Sammanfattning</span>\r\n\t\t\t</p>\r\n\t\t\t<p>\r\n\t\t\t\t<span>Utskottet föreslår att riksdagen lägger skrivelse</span><span>n</span><span> </span><span>till handlingarna.</span><span> Utskottet har inte några invändningar mot regeringens </span><span>bedömningar i skrivelsen, men framhåller i betänkandet betydelsen av Riksrevisionens rekommendationer, vilka i förlängningen skulle kunna leda</span><span> till ökad transparens, mer välgrundade beslut och mer kostnadseffektiva statliga inköp av konsulttjänster. Utskottet utgår från att dessa ämnen fortsätter att vara aktuella i det löpande utvecklingsarbete </span><span>som </span><span>regeringen bedriver inom området.</span>\r\n\t\t\t</p>\r\n\t\t\t<p class=\"R4\">\r\n\t\t\t\t<span>Behandlade förslag</span>\r\n\t\t\t</p>\r\n\t\t\t<p>\r\n\t\t\t\t<span>S</span><span>krivelse 20</span><span>1</span><span>8/19:24 Riksrevisionens rapport om staten som inköpare av konsulttjänster.</span>\r\n\t\t\t</p>\r\n\t\t\t<p class=\"Innehllsfrteckning\">\r\n\t\t\t\t<a name=\"Innehållsförteckning\"></a><span class=\"tSidrubrikJA\">Innehållsförteckning</span>\r\n\t\t\t</p>\r\n\t\t\t<p class=\"TOC1\">\r\n\t\t\t\t<a style=\"color:#000000\" href=\"#_Toc2325909\"><span class=\"Hyperlink\">Utskottets förslag till riksdagsbeslut</span></a>\r\n\t\t\t</p>\r\n\t\t\t<p class=\"TOC1\">\r\n\t\t\t\t<a style=\"color:#000000\" href=\"#_Toc2325910\"><span class=\"Hyperlink\">Redogörelse för ärendet</span></a>\r\n\t\t\t</p>\r\n\t\t\t<p class=\"TOC1\">\r\n\t\t\t\t<a style=\"color:#000000\" href=\"#_Toc2325911\"><span class=\"Hyperlink\">Utskottets överväganden</span></a>\r\n\t\t\t</p>\r\n\t\t\t<p class=\"TOC2\">\r\n\t\t\t\t<a style=\"color:#000000\" href=\"#_Toc2325912\"><span class=\"Hyperlink\">Riksrevisionens rapport om staten som inköpare av konsulttjänster</span></a>\r\n\t\t\t</p>\r\n\t\t\t<p class=\"TOC8\">\r\n\t\t\t\t<span class=\"Hyperlink\" style=\"font-style:italic\">Bilaga</span><br /><a style=\"color:#000000\" href=\"#_Toc2325913\"><span class=\"Hyperlink\">Förteckning över behandlade förslag</span></a>\r\n\t\t\t</p>\r\n\t\t\t<p class=\"TOC9\">\r\n\t\t\t\t<a style=\"color:#000000\" href=\"#_Toc2325914\"><span class=\"Hyperlink\">Skrivelsen</span></a>\r\n\t\t\t</p>\r\n\t\t\t<p>\r\n\t\t\t</p>\r\n\t\t\t<p>\r\n\t\t\t\t<span> </span>\r\n\t\t\t</p>\r\n\t\t\t<p class=\"NormalIndent\">\r\n\t\t\t\t<span> </span>\r\n\t\t\t</p>\r\n\t\t\t<p class=\"Avsnittsrubrik\">\r\n\t\t\t\t<a name=\"StopCC\"></a><a name=\"_Toc2325909\"><span style=\"-aw-bookmark-end:StopCC\"></span><span class=\"tSidrubrikJA\">Utskottets förslag till riksdagsbeslut</span></a>\r\n\t\t\t</p>\r\n\t\t\t<p class=\"Mellanrum\">\r\n\t\t\t\t<span> </span>\r\n\t\t\t</p>\r\n\t\t\t<p class=\"Mellanrum\">\r\n\t\t\t\t<span> </span>\r\n\t\t\t</p>\r\n\t\t\t<table cellspacing=\"0\" cellpadding=\"0\" style=\"border-collapse:collapse; margin-left:0pt; width:294.2pt\">\r\n\t\t\t\t<tr>\r\n\t\t\t\t\t<td style=\"vertical-align:top; width:22pt\">\r\n\t\t\t\t\t\t<p style=\"margin-top:3.1pt; margin-bottom:0pt; text-align:justify; page-break-inside:avoid; page-break-after:avoid; line-height:12.5pt\">\r\n\t\t\t\t\t\t\t<span style=\"font-family:'Verdana'; font-size:10.5pt; font-weight:bold\">Riksrevisionens rapport om staten som inköpare av konsulttjänster</span>\r\n\t\t\t\t\t\t</p>\r\n\t\t\t\t\t</td>\r\n\t\t\t\t</tr>\r\n\t\t\t</table>\r\n\t\t\t<p class=\"Normalutanluftfre\" style=\"-aw-sdt-tag:'dokumentavsnitt/utskottets förslag till riksdagsbeslut/-350052345/1551429558717'; -aw-sdt-title:'utskottets förslag till riksdagsbeslut'\">\r\n\t\t\t\t<span>Riksdagen lägger skrivelse 2018/19:24 till handlingarna.</span>\r\n\t\t\t</p>\r\n\t\t\t<p class=\"Mellanrum\" style=\"-aw-sdt-tag:'dokumentavsnitt/utskottets förslag till riksdagsbeslut/-350052345/1551429558717'; -aw-sdt-title:'utskottets förslag till riksdagsbeslut'\">\r\n\t\t\t\t<span> </span>\r\n\t\t\t</p>\r\n\t\t\t<p class=\"OrtochDatum\" style=\"-aw-sdt-tag:'dokumentavsnitt/utskottets förslag till riksdagsbeslut/-350052345/1551429558717'; -aw-sdt-title:'utskottets förslag till riksdagsbeslut'\">\r\n\t\t\t\t<span>Stockholm den 28 februari 2019</span>\r\n\t\t\t</p>\r\n\t\t\t<p class=\"PVgnar\" style=\"-aw-sdt-tag:'dokumentavsnitt/utskottets förslag till riksdagsbeslut/-350052345/1551429558717'; -aw-sdt-title:'utskottets förslag till riksdagsbeslut'\">\r\n\t\t\t\t<span>På finansutskottets vägnar</span>\r\n\t\t\t</p>\r\n\t\t\t<p class=\"Ordfranden\" style=\"-aw-sdt-tag:'dokumentavsnitt/utskottets förslag till riksdagsbeslut/-350052345/1551429558717'; -aw-sdt-title:'utskottets förslag till riksdagsbeslut'\">\r\n\t\t\t\t<span>Fredrik Olovsson</span>\r\n\t\t\t</p>\r\n\t\t\t<p class=\"Deltagare\" style=\"-aw-sdt-tag:'dokumentavsnitt/utskottets förslag till riksdagsbeslut/-350052345/1551429558717'; -aw-sdt-title:'utskottets förslag till riksdagsbeslut'\">\r\n\t\t\t\t<span>Följande ledamöter har deltagit i beslutet: Fredrik Olovsson (S), Elisabeth Svantesson (M), Edward Riedl (M), Oscar Sjöstedt (SD), Emil Källström (C), Jan Ericson (M), Dennis Dioukarev (SD), Ingela Nylund Watz (S), Jakob Forssmed (KD), Johan Pehrson (L), Sven-Olof Sällström (SD), Karolina Skog (MP), Mattias Karlsson i Luleå (M), Björn Wiechel (S), Eva Lindh (S), Ida Gabrielsson (V) och Jörgen Hellman (S).</span>\r\n\t\t\t</p>\r\n\t\t\t<p class=\"Mellanrum\" style=\"-aw-sdt-tag:'dokumentavsnitt/utskottets förslag till riksdagsbeslut/-350052345/1551429558717'; -aw-sdt-title:'utskottets förslag till riksdagsbeslut'\">\r\n\t\t\t\t<span> </span>\r\n\t\t\t</p>\r\n\t\t\t<p class=\"Mellanrum\" style=\"-aw-sdt-tag:'dokumentavsnitt/utskottets förslag till riksdagsbeslut/-350052345/1551429558717'; -aw-sdt-title:'utskottets förslag till riksdagsbeslut'\">\r\n\t\t\t\t<span> </span>\r\n\t\t\t</p>\r\n\t\t\t<p class=\"Mellanrum\" style=\"-aw-sdt-tag:'dokumentavsnitt/utskottets förslag till riksdagsbeslut/-350052345/1551429558717'; -aw-sdt-title:'utskottets förslag till riksdagsbeslut'\">\r\n\t\t\t\t<span style=\"font-size:9.5pt\"> </span>\r\n\t\t\t</p>\r\n\t\t\t<p>\r\n\t\t\t\t<span> </span>\r\n\t\t\t</p>\r\n\t\t\t<p class=\"Avsnittsrubrik\">\r\n\t\t\t\t<a name=\"SlutUtskottsForslag\"></a><a name=\"_Toc2325910\"><span style=\"-aw-bookmark-end:SlutUtskottsForslag\"></span><span class=\"tSidrubrikJA\">Redogörelse för ärendet</span></a>\r\n\t\t\t</p>\r\n\t\t\t<p>\r\n\t\t\t\t<span>I regeringens skrivelse 201</span><span>8</span><span>/1</span><span>9</span><span>:</span><span>24</span><span> Riksrevisionens rapport om </span><span>staten som inköpare av konsulttjänster</span><span> behandlas Riksrevisionens granskningsrapport RiR</span><span> </span><span>2018:</span><span>20</span><span> </span><span>Staten som inköpare av konsulttjänster</span><span> – tänk först och handla sen</span><span>. Riksdagen överlämnade den </span><span>28 juni</span><span> 2018 Riksrevisionens grans</span><span>kningsrapport till regeringen.</span>\r\n\t\t\t</p>\r\n\t\t\t<p class=\"NormalIndent\">\r\n\t\t\t\t<span>Den </span><span>23</span><span> </span><span>oktober</span><span> 2018 informerade riksrevisor </span><span>Helena Lindberg</span><span> med medarbetare finansutskottet om den aktuella granskningsrapporten.</span>\r\n\t\t\t</p>\r\n\t\t\t<p class=\"NormalIndent\">\r\n\t\t\t\t<span>Regeringen lämnade sin svarsskrivelse på granskningsrapporten den </span><span>1</span><span>9</span><span> </span><span>december</span><span> 2018.</span>\r\n\t\t\t</p>\r\n\t\t\t<p class=\"NormalIndent\">\r\n\t\t\t\t<span>Inga följdmotioner har väckts med anledning av skrivelsen.</span>\r\n\t\t\t</p>\r\n\t\t\t<p class=\"Avsnittsrubrik\">\r\n\t\t\t\t<a name=\"_Toc2325911\"><span class=\"tSidrubrikJA\">Utskottets överväganden</span></a>\r\n\t\t\t</p>\r\n\t\t\t<h2 style=\"-aw-sdt-tag:816e0780-381e-4952-8450-739bd8a5110d/förslagsrutor/1806508869/1547564533217; -aw-sdt-title:förslagsrutor\">\r\n\t\t\t\t<a name=\"_Toc2325912\"><span>Riksrevisionens rapport om staten som inköpare av konsulttjänster</span></a>\r\n\t\t\t</h2>\r\n\t\t\t<div style=\"border-bottom-color:#000000; border-bottom-style:solid; border-bottom-width:0.75pt; border-left-color:#000000; border-left-style:solid; border-left-width:0.75pt; border-right-color:#000000; border-right-style:solid; border-right-width:0.75pt; border-top-color:#000000; border-top-style:solid; border-top-width:0.75pt; clear:both; margin:3.1pt 0.9pt 0pt\">\r\n\t\t\t\t<p class=\"Normalrutafet\" style=\"margin:0pt; padding-right:4pt; padding-left:4pt\">\r\n\t\t\t\t\t<span style=\"-aw-bookmark-end:_Toc2325912\"></span><span>Utskottets förslag i korthet</span>\r\n\t\t\t\t</p>\r\n\t\t\t\t<p class=\"Normalruta\" style=\"margin:0pt; padding-right:4pt; padding-left:4pt; padding-bottom:4pt\">\r\n\t\t\t\t\t<span>Riksdagen </span><span>lägger regeringens skrivelse till handlingarna.</span>\r\n\t\t\t\t</p>\r\n\t\t\t</div>\r\n\t\t\t<p class=\"Mellanrum\">\r\n\t\t\t\t<span> </span>\r\n\t\t\t</p>\r\n\t\t\t<p class=\"R3\">\r\n\t\t\t\t<span>Riksrevisionens granskningsrapport</span>\r\n\t\t\t</p>\r\n\t\t\t<p>\r\n\t\t\t\t<span>S</span><span>tatliga aktörer </span><span>köper </span><span>årligen </span><span>sammanlagt </span><span>varor</span><span>,</span><span> tjänster och byggentreprenader för ca 90 miljarder kronor</span><span>. En del av detta utgörs av konsulttjänster</span><span>.</span><span class=\"FootnoteReference\" style=\"font-size:6.33pt\"> </span><a name=\"_ftnref1\"></a><a href=\"#_ftn1\"><span class=\"FootnoteReference\" style=\"font-size:6.33pt\">[1]</span></a><span> </span><span>Användningen av konsulter ställer </span><span>enligt Riksrevisionen </span><span>k</span><span>rav på myndigheterna som beställare och mottagare av de tjänster som levereras</span><span>,</span><span> eftersom fel beslut kan bli kostsamma och leda till konsekvenser för staten som är svåra att överblicka.</span><span> </span><span>Riksrevisionen </span><span>konstaterar </span><span>att </span><span>statistiken för inköp av konsulttjänster är bristfällig och att det finns få studier på området. Riksrevisionens årliga revision har</span><span> </span><span>också </span><span>fått indikationer på att köp av konsulttjänster k</span><span>an vara förknippade med problem;</span><span> t.ex. kan köp av konsulttjänster leda till högre kostnader än om myndighete</span><span>r</span><span>n</span><span>a</span><span> </span><span>skulle ha kompetensen själva. Det finns </span><span>vidare</span><span> </span><span>en </span><span>risk för bristande medvetenhet hos myndigheterna</span><span> om hur och varför konsulter används</span><span>,</span><span> vilket kan leda till att konsulter påverkar beslutsfattande, arbetssätt och andra processer på ett sätt som inte överensstämmer med myndigheternas uppdrag.</span>\r\n\t\t\t</p>\r\n\t\t\t<p class=\"NormalIndent\">\r\n\t\t\t\t<span>Syftet med granskningen har varit att granska om statens användning och inköp av konsulttjänster präglas av god hushållning och ett effektivt resursutnyttjande. Grans</span><span>kningens två revisionsfrågor är som följer</span>\r\n\t\t\t</p>\r\n\t\t\t<p class=\"Punktlistabomb\" style=\"margin-left:14.2pt; margin-bottom:0pt; text-indent:-14.2pt\">\r\n\t\t\t\t<span style=\"font-family:'Verdana'; font-size:10pt\">•</span><span style=\"font:7.0pt 'Verdana'\">       </span><span>Är statliga myndigheters användningar och inköp av konsulttjänster välgrundade?</span>\r\n\t\t\t</p>\r\n\t\t\t<p class=\"Punktlistabomb\" style=\"margin-top:0pt; margin-left:14.2pt; text-indent:-14.2pt\">\r\n\t\t\t\t<span style=\"font-family:'Verdana'; font-size:10pt\">•</span><span style=\"font:7.0pt 'Verdana'\">       </span><span>Har statliga myndigheter god kontroll över användningen och inköpen av konsulttjänster?</span>\r\n\t\t\t</p>\r\n\t\t\t<p>\r\n\t\t\t\t<span>För </span><span>att besvara granskningsfrågorna har Riksrevisionen använt kvalitativa och kvantitativa metoder. De kvalitativa metoderna består av intervjuer, fallstudier och dokumentstudier. De kvantitativa metoderna består av en enkätundersökning och en sammanställning av myndigheternas inrapportering till statsredovisningen i Hermes. Genom att använda olika metoder anger Riksrevisionen att man kunnat belysa frågan om statliga köp av konsulttjänster ur flera olika perspektiv.</span>\r\n\t\t\t</p>\r\n\t\t\t<p class=\"R4\">\r\n\t\t\t\t<span>G</span><span>ranskningens resultat</span><span> och Riksrevisionens rekommendationer till regeringen</span>\r\n\t\t\t</p>\r\n\t\t\t<p>\r\n\t\t\t\t<span>Granskningens övergripande resultat är </span><span>dels </span><span>att användningen av konsulttjänster överlag inte är välgrundad, dels at</span><span>t</span><span> myndigheterna brister i sin kontroll av konsultanvändningen. En konsekvens av detta är enligt Riksrevisionen att det finns risk för at</span><span>t</span><span> myndigheters inköp av konsulttjänster </span><span>inte är effektiva och att de inte hushåll</span><span>ar </span><span>med statens resurser. Enligt Riksrevisionen kan de flesta myndigheter bli bättre på att ta ett strategiskt grepp </span><span>inom</span><span> upphandling och inköp av konsulttjänster, bl.a. genom att bättre analysera och planera sina kompetensbehov, förbättra beställar- och mottagarkompetensen samt utvärdera konsulttjänsternas resultat. Granskningen visar också att myndigheternas redovisning av </span><span>användningen av </span><span>konsulttjänster inte är transparent och att det saknas möjligheter att följa upp statens konsultkostnader på ett samlat sätt.</span>\r\n\t\t\t</p>\r\n\t\t\t<p class=\"NormalIndent\">\r\n\t\t\t\t<span>Riksrevisionen lämnar följande rekommendationer till regeringen:</span>\r\n\t\t\t</p>\r\n\t\t\t<p class=\"Punktlistabomb\" style=\"margin-left:14.2pt; margin-bottom:0pt; text-indent:-14.2pt\">\r\n\t\t\t\t<span style=\"font-family:'Verdana'; font-size:10pt\">•</span><span style=\"font:7.0pt 'Verdana'\">       </span><span>Regeringen bör låta utreda möjligheterna att ställa krav på myndigheterna att redovisa sina köp av konsulttjänster. Detta skulle göra det möjligt för myndigheterna och regeringen a</span><span>t</span><span>t följa upp kostnader</span><span>na</span><span> för och användningen av konsulter. Ett utökat krav på redovisning av köp av konsulttjänster skulle i förlängningen kunna leda till ökad transparens och mer välgrundade beslut.</span>\r\n\t\t\t</p>\r\n\t\t\t<p class=\"Punktlistabomb\" style=\"margin-top:0pt; margin-left:14.2pt; text-indent:-14.2pt\">\r\n\t\t\t\t<span style=\"font-family:'Verdana'; font-size:10pt\">•</span><span style=\"font:7.0pt 'Verdana'\">       </span><span>Regeringen bör ge Kammarkollegiet och Upphandlingsmyndigheten i uppdrag att tillsammans se över hur användningen av</span><span> de statliga ramavtalen kan öka</span><span> samt hur myndigheter i större utsträckning kan utnyttja möjligheten att upphandla gemensamma konsultlösningar.</span>\r\n\t\t\t</p>\r\n\t\t\t<p>\r\n\t\t\t\t<span>Riksrevisionen rekommenderar också Upphandlingsmyndigheten att i större utsträckning prioritera sitt arbete med att bistå upphandlande myndigheter och enheter, t.ex. genom att lyfta fram och sprida goda exempel på strategiskt inköpsarbete i staten.</span>\r\n\t\t\t</p>\r\n\t\t\t<p class=\"R3\" style=\"margin-bottom:0pt\">\r\n\t\t\t\t<span>Regeringens s</span><span>krivels</span><span>e</span>\r\n\t\t\t</p>\r\n\t\t\t<p class=\"R4\" style=\"margin-top:6pt; margin-bottom:0pt\">\r\n\t\t\t\t<span>Regeringens bedömning av Riksrevisionens iakttagelser</span>\r\n\t\t\t</p>\r\n\t\t\t<p class=\"R5\" style=\"margin-top:6pt\">\r\n\t\t\t\t<span>Krav på särskild redovisning av köp av konsulttjänster</span>\r\n\t\t\t</p>\r\n\t\t\t<p>\r\n\t\t\t\t<span>När det gäller Riksrevisionens bedömning att de flesta myndigheter kan bli bättre på att ta ett strategiskt grepp om upphandling och inköp konstaterar rege</span><span>ringen att det är en självklar utgångspunkt att myndigheternas användning av konsulttjänster ska vara effektiv och rättssäker. </span><span>Regeringen hänvisar till 3</span><span> </span><span>§ myndighetsförordningen (2007:515) där det framgår att myndighetens ledning ska se till att verksamheten bedrivs effektivt och enligt gällande rätt</span><span>. Vidare gäller att </span><span>verksamheten ska redovisas på ett tillförlitligt och rättvisande sätt</span><span> </span><span>sam</span><span>t att myndigheten ska hushålla väl med statens medel.</span>\r\n\t\t\t</p>\r\n\t\t\t<p class=\"NormalIndent\">\r\n\t\t\t\t<span>Regeringen konstaterar vidare att en mer detaljerad redovisning av olika kostnadsslag skulle kunna vara användbar i många sammanhang, men att en avvägning måste göras mellan behovet av uppgifter och myndigheternas redovisningsbörda. En sådan avvägning ha</span><span>r</span><span> enligt regeringen gjorts </span><span>vid utformningen av </span><span>förordningen (2006:605) om årsredovisning och budgetunderlag som reglerar vad myndigheterna ska redovisa till regeringen i sina årsredovisningar. Det är myndighetens ledning som utifrån denna reglering avgör vilken information som ska lämnas i myndighetens årsredovisning.</span>\r\n\t\t\t</p>\r\n\t\t\t<p class=\"NormalIndent\">\r\n\t\t\t\t<span>Regeringen anger att införandet av ett generellt redovisningskrav för inköp av konsulttjänster sannolikt skulle kunna ge en bättre bild av hur omfattande inköpen är. Det är dock inte givet att det skulle tillföra information om i vilken </span><span>utsträckning</span><span> en behovsanalys har föregått konsultinköpen eller om myndigheternas resurser har utnyttjats på ett effektivt och rättssäker</span><span>t sätt. Vidare anger regeringen att utöver myndigheternas redovisningar kan även statistik om upphandling utgöra ett underlag för uppföljning av hur myndigheternas inköp av konsulttjänster ser ut. Regeringen hänvisar till att d</span><span>et inom Regeringskansliet för närvarande pågår ett arbete med att förbättra statistiken på upphandlingsområdet</span><span> och att p</span><span>romemorian Statistik på upphandlingsområdet (Ds 2017:48) har remissbehandlats och</span><span> bereds inom Regeringskansliet.</span><span> Övergången till obligatorisk elektronisk fakturahantering vid offentlig upphandling kan också bidra till en förbättrad översikt över de kostnadsflöden som offentliga upphandlingar ger upphov till</span><span>,</span><span> däribland de som avser konsulttjänster.</span><span> Upphandlingsmyndigheten har också fått i uppdrag att genomföra en förberedande studie om vilka uppgifter om inköpsvärden som är möjliga och lämpliga att samla in (Fi2018/01786/OU)</span><span>, och denna </span><span>ska </span><span>redovisas senast den 28 februari 2019.</span>\r\n\t\t\t</p>\r\n\t\t\t<p class=\"NormalIndent\">\r\n\t\t\t\t<span>Mot denna bakgrund kan det enligt regeringens bedömning ifrågasättas om det i nuläget finns behov av att utreda möjligheterna att även ställa krav på </span><span>att </span><span>myndigheterna särskilt redovisa</span><span>r</span><span> sina köp av konsulttjänster.</span>\r\n\t\t\t</p>\r\n\t\t\t<p class=\"R5\">\r\n\t\t\t\t<span>Ökad användning av de statliga ramavtalen</span>\r\n\t\t\t</p>\r\n\t\t\t<p>\r\n\t\t\t\t<span>Kammarkollegiet arbetar enligt regeringen aktivt med att främja en ökad användning av de ramavtal som myndigheten tagit fram</span><span>,</span><span> bl.a. genom olika former av kommunikationsinsatser där syftet är att informera om ramavtalens innehåll och omfattning. I samband med att ett nytt ramavtal tas fram presenterar Kammarkollegiet </span><span>avtals</span><span>området för myndigheterna vid ett informationsseminarium.</span>\r\n\t\t\t</p>\r\n\t\t\t<p class=\"NormalIndent\">\r\n\t\t\t\t<span>I sitt regleringsbrev för 2017 fick Kammarkollegiet i uppdrag att </span><span>fortsatt </span><span>bedriva ett utvecklingsarbete om de statliga ramavtalen, bl.a. utifrån myndigheternas behov. Kammarkollegiet har redovisat i vilken utsträckning de statliga myndigheterna gör s.k. avstegsanmälningar och analyserat orsakerna till att myndigheterna väljer att göra avsteg från ramavtalen. </span><span>Bland annat utifrån de skäl som myndigheterna anger i avstegsanmälningarna konstaterar </span><span>Kammarkollegiet </span><span>att </span><span>det är svårt att bedöma om myndighete</span><span>r</span><span>n</span><span>a</span><span>s </span><span>behov hade kunnat tillgodoses med ett samordnat ramavtal.</span><span> Kammarkollegiet har dessutom svårt att bedöma omfattningen av avstegen, eftersom alla avsteg sannolikt inte redovisats till myndigheten.</span>\r\n\t\t\t</p>\r\n\t\t\t<p class=\"NormalIndent\">\r\n\t\t\t\t<span>Regeringen konstaterar att det inte finns skäl att invända mot Riksrevisionens bedömning</span><span> </span><span>att det finns risk för merkostnader för staten som helhet när statliga myndigheter väljer att upphandla</span><span> egna avtal i stället för att avropa från Kammarkollegiets ramavtal. Samtidigt innebär det gällande regelverket att upphandlande myndigheter har rätt att upphandla egna ramavtal om de bedömer att det sammantaget är bättre.</span><span> Kammarkollegiets uppdrag är också begränsat till ramavtal för varor och tjänster som myndigheterna upphandlar ofta</span><span>, </span><span>i stor omfattning eller som uppgår till stora värden.</span>\r\n\t\t\t</p>\r\n\t\t\t<p class=\"NormalIndent\">\r\n\t\t\t\t<span>Regeringen håller också med </span><span>Riksrevisionen</span><span> om att myndighetsgemensamma upphandlingar kan ge effektivitetsvinster. Av den nationella upphandlingsstrategin följer bl.a. att myndigheter bör undersöka förutsättningarna att samverka med andra upphandlande myndigheter eller enheter för ett mer effektivt gemensamt uppföljningsarbete.</span><span> Vidare följer det också av 6</span><span> </span><span>§ myndighetsförordningen och 8</span><span> </span><span>§ förvaltningslagen (2017:900) att statliga myndigheter ska samverka med varandra. Mot den bakgrunden anser regeringen att det i nuläget saknas tillräcklig anledning att ge Kammarkollegiet och Upphandlingsmyndigheten i uppdrag att undersöka hur myndighetssamverkan kan öka. Regeringen pekar också på att det kan finnas risker med att ställa ännu tydligare krav på samverkan mellan myndigheter vid genomförandet av upphandlingar, t.ex. att myndigheterna tvingas kompromissa vid utarbetandet av kravspecifikationer på ett sådant sätt att de avtal som upphandlingarna resulterar i inte </span><span>blir</span><span> särskilt väl anpassade till någon av de samverkande myndigheternas behov</span><span> och att myndigheter i vissa fall tvingas upphandla sådana lösningar, trots att de själva inte anser att detta är lämpligt.</span>\r\n\t\t\t</p>\r\n\t\t\t<p class=\"R4\">\r\n\t\t\t\t<span>Regeringens åtgärder med anledning av Riksrevisionens iakttagelser</span>\r\n\t\t\t</p>\r\n\t\t\t<p class=\"NormalIndent\" style=\"text-indent:0pt\">\r\n\t\t\t\t<span>Många av de iakttagelser som Riksrevisionen har gjort är inte unika för upphandling av just konsulttjänster, utan gäller för de offentliga inköpen generellt. Regeringen skriver att man under de senaste åren redan vidtagit en rad åtgärder </span><span>för </span><span>att utveckla den statliga upphandlingsverksamheten som ligger i linje med de rekommendationer som Riksrevisionen har lämnat.</span>\r\n\t\t\t</p>\r\n\t\t\t<p class=\"NormalIndent\">\r\n\t\t\t\t<span>Den nationella upphandlingsstrategin innehåller exempel på konkreta åtgärder som de statliga myndigheterna bör vidta för att säkerställa en strategisk offentlig upphandling. Av strategin framgår också att de statliga myndigheterna ska investera i ett strategiskt inköpsarbete och därmed möjliggöra god beställarkom</span><span>petens och högre effektivitet i myndigheternas inköp.</span>\r\n\t\t\t</p>\r\n\t\t\t<p class=\"NormalIndent\">\r\n\t\t\t\t<span>Det regelverk som finns för myndigheternas verksamhet och redovisningen av denna innebär bl.a. att verksamheten ska bedrivas effektivt och rättssäkert </span><span>samt redovisas på ett rättvisande sätt. Regeringen konstaterar att dessa krav också gäller myndigheternas användning av konsulttjänster.</span>\r\n\t\t\t</p>\r\n\t\t\t<p class=\"NormalIndent\">\r\n\t\t\t\t<span>Regeringen </span><span>framhåller också</span><span> att det pågår ett arbete med att utveckla och förbättra statistiken </span><span>över</span><span> offentliga upphandlingar.</span>\r\n\t\t\t</p>\r\n\t\t\t<p class=\"NormalIndent\">\r\n\t\t\t\t<span>När det gäller myndigheternas användning av Kammarkollegiets ramavtal har </span><span>Kammarkollegiet </span><span>i linje med Riksrevisionens rekommendation redan påbörjat</span><span> ett utvecklingsarbete.</span><span> </span><span>För</span><span> att bl.a. främja en ökad kvalitet </span><span>i</span><span> statliga inköp har ett samarbete inletts mellan Kammarkollegiet och Upphandlingsmyndigheten inom ramen för en särskild överenskommelse. Myndigheterna genomför bl.a. gemensamma kommunikations- och utbildningsinsatser </span><span>för</span><span> att höja kompetensen inom offentlig upphandling.</span>\r\n\t\t\t</p>\r\n\t\t\t<p class=\"R3\">\r\n\t\t\t\t<span>Utskottets ställningstagande</span>\r\n\t\t\t</p>\r\n\t\t\t<p>\r\n\t\t\t\t<span>Utskottet har tagit del av Riksrevisionens granskningsrapport och konstaterar att den belyser ett viktigt område. Utskottet har inga invändningar mot regeringens bedömningar i </span><span>skrivelsen</span><span>.</span><span> Samtidigt </span><span>vill utskottet framhålla </span><span>betydelsen av Riksrevisionens rekommendationer</span><span>,</span><span> vilka i förlängningen skulle kunna leda till </span><span>ökad transparens, mer välgrundade beslut och </span><span>mer </span><span>kostnadseffekt</span><span>i</span><span>v</span><span>a</span><span> statliga inköp av konsulttjänster</span><span>. Utskottet </span><span>utgår från </span><span>att </span><span>dessa ämnen</span><span> fortsätter att vara aktuella </span><span>i det löpande utvecklingsarbete </span><span>som </span><span>regeringen bedriver </span><span>inom området. </span><span>Liksom Riksrevisionen skriver i de avslutande reflektionerna i rapporten har uppmärksammade fall de senaste åren</span><span> också</span><span> illustrerat att bristande kontroll över användningen av konsulter kan riskera att skada förtroendet för staten.</span>\r\n\t\t\t</p>\r\n\t\t\t<p class=\"NormalIndent\">\r\n\t\t\t\t<span>Utskottet föreslår att riksdagen lägger regeringens skrivelse till handlingarna.</span>\r\n\t\t\t</p>\r\n\t\t\t<p class=\"Bilaga\">\r\n\t\t\t\t<span class=\"tBilagaJA\">Bilaga</span>\r\n\t\t\t</p>\r\n\t\t\t<p class=\"Bilagerubrik\">\r\n\t\t\t\t<a name=\"_Toc2325913\"><span class=\"tSidrubrikJA\">Förteckning över behandlade förslag</span></a>\r\n\t\t\t</p>\r\n\t\t\t<p class=\"Rubrik2bilaga\" style=\"-aw-sdt-tag:'dokumentavsnitt/förteckning över behandlade förslag/425290631/1547540866344'; -aw-sdt-title:'förteckning över behandlade förslag'\">\r\n\t\t\t\t<a name=\"_Toc2325914\"><span>Skrivelsen</span></a><span> </span>\r\n\t\t\t</p>\r\n\t\t\t<p style=\"-aw-sdt-tag:'dokumentavsnitt/förteckning över behandlade förslag/425290631/1547540866344'; -aw-sdt-title:'förteckning över behandlade förslag'\">\r\n\t\t\t\t<span>Regeringens skrivelse 2018/19:24 Riksrevisionens rapport om staten som inköpare av konsulttjänster.</span>\r\n\t\t\t</p>\r\n\t\t\t<p class=\"Mellanrum\">\r\n\t\t\t\t<span> </span>\r\n\t\t\t</p>\r\n\t\t\t<p class=\"Mellanrum\" style=\"-aw-sdt-tag:'dokumentavsnitt/förteckning över behandlade förslag/425290631/1547540866344'; -aw-sdt-title:'förteckning över behandlade förslag'\">\r\n\t\t\t\t<span> </span>\r\n\t\t\t</p>\r\n\t\t\t<p>\r\n\t\t\t\t<span> </span>\r\n\t\t\t</p>\r\n\t\t\t<p>\r\n\t\t\t\t<span> </span>\r\n\t\t\t</p>\r\n\t\t\t<p>\r\n\t\t\t\t<span> </span>\r\n\t\t\t</p>\r\n\t\t</div>\r\n\t\t<hr style=\"width:33%; height:1px; text-align:left; -aw-footnote-numberstyle:0; -aw-footnote-startnumber:1; -aw-footnote-type:0\" />\r\n\t\t<div id=\"_ftn1\" style=\"-aw-footnote-isauto:1\">\r\n\t\t\t<p class=\"FootnoteText\">\r\n\t\t\t\t<a href=\"#_ftnref1\"><span class=\"FootnoteReference\" style=\"font-size:6.33pt\">[1]</span></a><span> De 194 myndigheter som svarade på den enkät som Riksrevisionen skickade ut inom ramen för granskningen uppgav att de köpt konsulttjänster för i genomsnitt ca 16 miljarder kronor per år under 2014–2016.</span>\r\n\t\t\t</p>\r\n\t\t</div>\r\n\t"},"dokutskottsforslag":{"utskottsforslag":{"punkt":"1","rubrik":"Riksrevisionens rapport om staten som inköpare av konsulttjänster","forslag":"<BR/>Riksdagen lägger skrivelse 2018/19:24 till handlingarna.<BR/><BR/>","beslutstyp":"acklamation","motforslag_nummer":"0","motforslag_partier":null,"votering_id":null,"votering_sammanfattning_html":null,"votering_url_xml":null,"rm":"2018/19","bet":"FiU31","vinnare":"utskottet"}},"dokaktivitet":{"aktivitet":[{"kod":"UBE","namn":"Beredning","datum":"2019-01-31 00:00:00","status":"inträffat","ordning":"0","process":null},{"kod":"UBE","namn":"Beredning","datum":"2019-02-12 00:00:00","status":"inträffat","ordning":"0","process":null},{"kod":"JUS","namn":"Justering","datum":"2019-02-28 00:00:00","status":"inträffat","ordning":"0","process":null},{"kod":"TRY","namn":"Trycklov","datum":"2019-03-01 00:00:00","status":"inträffat","ordning":"0","process":null},{"kod":"B","namn":"Bordläggning","datum":"2019-03-05 00:00:00","status":"inträffat","ordning":"0","process":null},{"kod":"BEH","namn":"Behandling","datum":"2019-03-06 00:00:00","status":"inträffat","ordning":"0","process":null},{"kod":"BES","namn":"Beslut","datum":"2019-03-06 00:00:00","status":"inträffat","ordning":"0","process":null}]},"dokuppgift":{"uppgift":[{"kod":"beslutssammanfattningusk","namn":"Utskottets förslag till beslut","text":"Skrivelsen läggs till handlingarna","dok_id":"H601FiU31","systemdatum":"2019-03-01 10:48:14"},{"kod":"rdbeslut","namn":"Riksdagens beslut","text":"Kammaren biföll utskottets förslag.","dok_id":"H601FiU31","systemdatum":"2019-03-06 16:54:45"},{"kod":"notis","namn":"Beslut i korthet","text":"                           <p>Riksdagen har behandlat en skrivelse från regeringen. Skrivelsen handlar om Riksrevisionens rapport om statens roll som inköpare av konsulttjänster. Staten upphandlar konsulttjänster för cirka 16 miljarder kronor varje år. Enligt Riksrevisionen finns det brister i myndigheternas användning och kontroll av konsulttjänster. Det finns risk för att myndigheters inköp av konsulttjänster inte är effektiva och att de inte hushållar med statens resurser. Riksrevisionen föreslår därför att regeringen utreder möjligheterna att ställa krav på myndigheterna att tydligare redovisa sina köp av konsulttjänster.</p>\r\n<p>Regeringen anser att en mer detaljerad redovisning av konsulttjänster skulle kunna vara användbar i många sammanhang, men att en avvägning måste göras mellan behovet av uppgifter och myndigheternas redovisningsbörda.</p>\r\n<p>Riksdagen tycker att Riksrevisionens rapport belyser ett viktigt område och har inga invändningar mot regeringens bedömningar. Samtidigt vill utskottet framhålla betydelsen av Riksrevisionens rekommendationer, som i förlängningen skulle kunna leda till ökad transparens, mer välgrundade beslut och mer kostnadseffektiva statliga inköp av konsulttjänster. Riksdagen lade skrivelsen till handlingarna, det vill säga avslutade ärendet.</p>\r\n                                            ","dok_id":"H601FiU31","systemdatum":"2019-03-06 17:22:56"},{"kod":"notisrubrik","namn":"Beslut","text":"Statens inköp av konsulttjänster har granskats (FiU31)","dok_id":"H601FiU31","systemdatum":"2019-03-06 17:22:56"},{"kod":"utsknotis","namn":"Utskottets förslag till beslut","text":"                           <p>Finansutskottet har behandlat en skrivelse från regeringen. Skrivelsen handlar om Riksrevisionens rapport om statens roll som inköpare av konsulttjänster. Staten upphandlar konsulttjänster för cirka 16 miljarder kronor varje år. Enligt Riksrevisionen finns det brister i myndigheternas användning och kontroll av konsulttjänster. Det finns risk för att myndigheters inköp av konsulttjänster inte är effektiva och att de inte hushållar med statens resurser. Riksrevisionen föreslår därför att regeringen utreder möjligheterna att ställa krav på myndigheterna att tydligare redovisa sina köp av konsulttjänster.Regeringen anser att en mer detaljerad redovisning av konsulttjänster skulle kunna vara användbar i många sammanhang, men att en avvägning måste göras mellan behovet av uppgifter och myndigheternas redovisningsbörda.</p>\r\n<p>Finansutskottet tycker att Riksrevisionens rapport belyser ett viktigt område och har inga invändningar mot regeringens bedömningar. Samtidigt vill utskottet framhålla betydelsen av Riksrevisionens rekommendationer, som i förlängningen skulle kunna leda till ökad transparens, mer välgrundade beslut och mer kostnadseffektiva statliga inköp av konsulttjänster.</p>\r\n<p>Finansutskottet föreslår att riksdagen lägger skrivelsen till handlingarna, det vill säga avslutar ärendet.</p>\r\n                                            ","dok_id":"H601FiU31","systemdatum":"2019-03-06 17:22:56"},{"kod":"utsknotisrubrik","namn":"Utskottets förslag","text":"Statens inköp av konsulttjänster har granskats (FiU31)","dok_id":"H601FiU31","systemdatum":"2019-03-06 17:22:56"},{"kod":"statustext","namn":"statustext","text":"Ärendet är avslutat","dok_id":"H601FiU31","systemdatum":"2019-03-07 14:13:55"},{"kod":"debattdatumtid","namn":"Datum och tid för debatten","text":"2019-03-06 00:00:00","dok_id":"H601FiU31","systemdatum":"2019-03-06 17:22:56"},{"kod":"beslutdatumtid","namn":"Datum och tid för beslutet","text":"2019-03-06 00:00:00","dok_id":"H601FiU31","systemdatum":"2019-03-06 17:22:56"}]},"dokbilaga":{"bilaga":{"dok_id":"H601FiU31","titel":"Riksrevisionens rapport om staten som inköpare av konsulttjänster","subtitel":null,"filnamn":"2018_19_FiU31_20190301104729_Publicering.pdf","filstorlek":"299790","filtyp":"pdf","fil_url":"http://data.riksdagen.se/fil/963BA201-1F22-471E-9E0A-B81D574FE211"}},"dokreferens":{"referens":[{"referenstyp":"behandlar","uppgift":"Skrivelse 2018/19:24 Riksrevisionens rapport om staten som inköpare av konsulttjänster","ref_dok_id":"H60324","ref_dok_typ":"prop","ref_dok_rm":"2018/19","ref_dok_bet":"24","ref_dok_titel":"Riksrevisionens rapport om staten som inköpare av konsulttjänster","ref_dok_subtitel":null,"ref_dok_subtyp":"skr","ref_dok_dokumentnamn":"Skrivelse"},{"referenstyp":"föredragningslista","uppgift":"föredragningslista 2018/19:60 Onsdag den 6 mars 2019","ref_dok_id":"H60I60","ref_dok_typ":"f-lista","ref_dok_rm":"2018/19","ref_dok_bet":"60","ref_dok_titel":"Onsdag den 6 mars 2019","ref_dok_subtitel":null,"ref_dok_subtyp":null,"ref_dok_dokumentnamn":"Föredragningslista"},{"referenstyp":"protokollbeslut","uppgift":"2019-03-06","ref_dok_id":"H60960","ref_dok_typ":"prot","ref_dok_rm":"2018/19","ref_dok_bet":"60","ref_dok_titel":"Protokoll 2018/19:60 Onsdagen den 6 mars","ref_dok_subtitel":null,"ref_dok_subtyp":null,"ref_dok_dokumentnamn":"Protokoll"},{"referenstyp":"rskr","uppgift":null,"ref_dok_id":"H60K143","ref_dok_typ":"rskr","ref_dok_rm":"2018/19","ref_dok_bet":"143","ref_dok_titel":"Riksdagsskrivelse 2018/19:143","ref_dok_subtitel":null,"ref_dok_subtyp":"rskr","ref_dok_dokumentnamn":"Riksdagsskrivelse"},{"referenstyp":"talarlista","uppgift":"talarlista 2018/19:20190306 Onsdag den 6 mars 2019 (preliminär)","ref_dok_id":"H60J20190306","ref_dok_typ":"t-lista","ref_dok_rm":"2018/19","ref_dok_bet":"20190306","ref_dok_titel":"Onsdag den 6 mars 2019 (preliminär)","ref_dok_subtitel":null,"ref_dok_subtyp":null,"ref_dok_dokumentnamn":"Talarlista"}]},"debatt":null}}