{"dokumentstatus":{"dokument":{"hangar_id":"5023270","dok_id":"H601JuU36","rm":"2018/19","beteckning":"JuU36","typ":"bet","subtyp":"bet","doktyp":"bet","typrubrik":"Betänkande 2018/19:JuU36","dokumentnamn":"Betänkande","debattnamn":"Debatt om förslag","tempbeteckning":"","organ":"JuU","mottagare":"","nummer":"36","slutnummer":"0","datum":"2019-02-28 00:00:00","systemdatum":"2019-02-28 14:02:10","publicerad":"2019-02-28 14:02:09","titel":"Ett särskilt straffansvar för deltagande i terroristorganisation","subtitel":"","status":"planerat","htmlformat":"","relaterat_id":"","source":"Brus","sourceid":"77bd9be3-cc34-4b4e-8e26-655908d78f98","dokument_url_text":"http://data.riksdagen.se/dokument/H601JuU36/text","dokument_url_html":"http://data.riksdagen.se/dokument/H601JuU36","dokumentstatus_url_xml":"http://data.riksdagen.se/dokumentstatus/H601JuU36","utskottsforslag_url_xml":"http://data.riksdagen.se/utskottsforslag/H601JuU36","html":"<h2>Ett särskilt straffansvar för deltagande i terroristorganisation</h2>\r\nDokumentet är inte publicerat"},"dokaktivitet":{"aktivitet":[{"kod":"UBE","namn":"Beredning","datum":"2019-05-16 00:00:00","status":"planerat","ordning":"0","process":null},{"kod":"JUS","namn":"Justering","datum":"2019-06-11 00:00:00","status":"planerat","ordning":"0","process":null},{"kod":"TRY","namn":"Trycklov","datum":"2019-06-12 00:00:00","status":"planerat","ordning":"0","process":null}]},"debatt":null}}