{"dokumentstatus":{"dokument":{"hangar_id":"5004155","dok_id":"H601FiU28","rm":"2018/19","beteckning":"FiU28","typ":"bet","subtyp":"bet","doktyp":"bet","typrubrik":"Betänkande 2018/19:FiU28","dokumentnamn":"Betänkande","debattnamn":"Debatt om förslag","tempbeteckning":"","organ":"FiU","mottagare":"","nummer":"28","slutnummer":"0","datum":"2018-11-15 00:00:00","systemdatum":"2018-11-21 22:29:09","publicerad":"2018-09-25 15:09:14","titel":"Prövning av ärenden enligt EU:s förordning om värdepapperisering samt volatilitetsjustering för försäkringsföretag","subtitel":"","status":"Webbpublicering","htmlformat":"html","relaterat_id":"","source":"RIM","sourceid":"89f2e96d-8180-4aa7-a124-fbdce6166f9a","dokument_url_text":"http://data.riksdagen.se/dokument/H601FiU28/text","dokument_url_html":"http://data.riksdagen.se/dokument/H601FiU28","dokumentstatus_url_xml":"http://data.riksdagen.se/dokumentstatus/H601FiU28","utskottsforslag_url_xml":"http://data.riksdagen.se/utskottsforslag/H601FiU28","html":"<style><!--\r\n .w600px{width: 600px;font-family:Verdana, Geneva, sans-serif}\r\nh2.dtyp{font-size:1.5em !important;} \r\n/********************************************************************************************************/\r\n/* Styles for D:\\Logs\\DocumentConverter\\\\Output_0d2d10dc-c7db-4a70-bf77-638a8212ae77\\HTML\\Dokument.html */\r\n/* Generated by Aspose.Words for .NET 15.3.0.0                                                          */\r\n/********************************************************************************************************/\r\n\r\n@page Section1 { size:467.8pt 686.05pt; margin:45.35pt 102.05pt 73.7pt 70.85pt }\r\ndiv.Section1 { page:Section1 }\r\nzbody { text-align:justify; line-height:12.5pt; font-family:'Verdana'; font-size:9.5pt }\r\nzh1, h2, h3, h4, h5, h6, p { margin:3.1pt 0pt 0pt }\r\nzli, table { margin-top:3.1pt; margin-bottom:0pt }\r\nzh1 { margin-top:3.1pt; margin-bottom:12pt; text-align:left; page-break-after:avoid; line-height:12.5pt; font-family:'Verdana'; font-size:16pt; font-weight:normal }\r\nzh2 { margin-top:20pt; margin-bottom:6pt; text-align:left; page-break-inside:avoid; page-break-after:avoid; line-height:12.5pt; font-family:'Verdana'; font-size:13.5pt; font-weight:normal }\r\nzh3 { margin-top:20pt; margin-bottom:3.1pt; text-align:left; page-break-inside:avoid; page-break-after:avoid; line-height:12.5pt; font-family:'Verdana'; font-size:10.5pt; font-weight:bold }\r\nzh4 { margin-top:15pt; margin-bottom:3.1pt; text-align:left; page-break-inside:avoid; page-break-after:avoid; line-height:12.5pt; font-family:'Verdana'; font-size:10.5pt; font-weight:normal; font-style:italic; color:#000000 }\r\nzh5 { margin-top:6.25pt; margin-bottom:0pt; text-align:justify; page-break-inside:avoid; page-break-after:avoid; line-height:12.5pt; font-family:'Verdana'; font-size:9.5pt; font-weight:bold }\r\nzh6 { margin-top:6.25pt; margin-bottom:0pt; text-align:justify; page-break-inside:avoid; page-break-after:avoid; line-height:12.5pt; font-family:'Verdana'; font-size:9.5pt; font-weight:normal; font-style:italic; color:#000000 }\r\n.Heading7 { margin-top:2pt; margin-bottom:0pt; text-align:justify; page-break-inside:avoid; page-break-after:avoid; line-height:12.5pt; font-family:'Verdana'; font-size:9.5pt; font-weight:normal; font-style:italic; color:#243f60 }\r\n.Heading8 { margin-top:2pt; margin-bottom:0pt; text-align:justify; page-break-inside:avoid; page-break-after:avoid; line-height:12.5pt; font-family:'Verdana'; font-size:9pt; font-weight:normal; color:#272727 }\r\n.Heading9 { margin-top:2pt; margin-bottom:0pt; text-align:justify; page-break-inside:avoid; page-break-after:avoid; line-height:12.5pt; font-family:'Verdana'; font-size:9pt; font-weight:normal; font-style:italic; color:#272727 }\r\n.Avsnittsrubrik { margin-top:0pt; margin-bottom:27.7pt; text-align:left; page-break-before:always; page-break-after:avoid; line-height:normal; font-family:'Verdana'; font-size:16pt }\r\n.Avvikandemeningrubrik { margin-top:0pt; margin-bottom:3.1pt; text-align:left; page-break-inside:avoid; page-break-after:avoid; line-height:12.5pt; font-family:'Verdana'; font-size:10.5pt; font-weight:bold }\r\n.BalloonText { margin-top:3.1pt; margin-bottom:0pt; text-align:justify; line-height:normal; font-family:Tahoma; font-size:8pt }\r\n.Bilaga { margin-top:0pt; margin-bottom:0pt; text-align:left; page-break-before:always; page-break-after:avoid; line-height:normal; widows:0; orphans:0; font-family:'Verdana'; font-size:8pt; font-variant:small-caps; text-decoration:underline }\r\n.Bilagerubrik { margin-top:0pt; margin-bottom:17.7pt; text-align:left; page-break-after:auto; line-height:normal; widows:0; orphans:0; font-family:'Verdana'; font-size:16pt }\r\n.Bild-Rubrik { margin-top:8pt; margin-bottom:0pt; text-align:justify; page-break-inside:avoid; page-break-after:avoid; line-height:10pt; font-family:'Verdana'; font-size:9.5pt; font-weight:bold }\r\n.Bild-Underrubrik { margin-top:0pt; margin-bottom:1pt; text-align:left; page-break-inside:avoid; page-break-after:avoid; line-height:8pt; font-family:'Verdana'; font-size:8pt; font-weight:normal; font-style:italic }\r\n.BodyText { margin-top:3.1pt; margin-bottom:0pt; text-align:left; line-height:12.5pt; font-family:'Verdana'; font-size:9.5pt }\r\n.BodyTextIndent2 { margin-top:3.1pt; margin-left:14.15pt; margin-bottom:6pt; text-align:justify; line-height:200%; font-family:'Verdana'; font-size:9.5pt }\r\n.Citatindrag { margin-top:0pt; margin-left:14.2pt; margin-bottom:6.1pt; text-indent:14.2pt; text-align:justify; line-height:10pt; font-family:'Verdana'; font-size:9.5pt }\r\n.CommentText { margin-top:3.1pt; margin-bottom:0pt; text-align:justify; line-height:normal; font-family:'Verdana'; font-size:10pt }\r\n.Deltagare { margin-top:0pt; margin-bottom:0pt; text-align:justify; page-break-inside:avoid; page-break-after:avoid; line-height:9.5pt; font-family:'Verdana'; font-size:9.5pt }\r\n.Diagram-Rubrik { margin-top:8pt; margin-bottom:0pt; text-align:justify; page-break-inside:avoid; page-break-after:avoid; line-height:10pt; font-family:'Verdana'; font-size:9.5pt; font-weight:bold }\r\n.Diagram-Underrubrik { margin-top:0pt; margin-bottom:1pt; text-align:left; page-break-inside:avoid; page-break-after:avoid; line-height:8pt; font-family:'Verdana'; font-size:8pt; font-weight:normal; font-style:italic }\r\n.DokumentRubrik { margin-top:6pt; margin-bottom:24pt; text-align:left; line-height:normal; border-bottom-style:solid; border-bottom-width:0.75pt; border-bottom-color:#000000; padding-bottom:4pt; font-family:'Verdana'; font-size:18pt }\r\n.Dokumentbeteckning { margin-top:0pt; margin-bottom:0pt; text-align:left; page-break-inside:avoid; page-break-after:avoid; line-height:12.5pt; font-family:'Verdana'; font-size:16pt }\r\n.Footer { margin-top:3.1pt; margin-bottom:0pt; text-align:justify; line-height:normal; font-family:'Verdana'; font-size:9.5pt }\r\n.FootnoteText { margin-top:0pt; margin-bottom:0pt; text-align:justify; line-height:8pt; font-family:'Verdana'; font-size:8pt }\r\n.Fotnotstextindrag { margin-top:0pt; margin-left:5.65pt; margin-bottom:0pt; text-align:left; line-height:8pt; font-family:'Verdana'; font-size:8pt }\r\n.Frslagspunkt { margin-top:0pt; margin-bottom:0pt; text-align:left; page-break-inside:avoid; page-break-after:avoid; line-height:12.5pt; font-family:'Verdana'; font-size:9.5pt; font-weight:bold }\r\n.Frslagstext { margin-top:0pt; margin-bottom:0pt; text-align:justify; line-height:12.5pt; font-family:'Verdana'; font-size:9.5pt }\r\n.Frteckningsrubrik { margin-top:9.6pt; margin-bottom:3.1pt; text-align:left; page-break-inside:avoid; page-break-after:avoid; line-height:normal; font-family:'Verdana'; font-size:9.5pt; font-weight:normal; font-style:italic; color:#000000 }\r\n.Grupprubrik { margin-top:6pt; margin-bottom:0pt; text-align:left; page-break-inside:avoid; page-break-after:avoid; line-height:12.5pt; font-family:'Verdana'; font-size:9.5pt; font-style:italic }\r\n.Grupprubrikindrag { margin-top:6pt; margin-left:22.1pt; margin-bottom:0pt; text-align:left; page-break-inside:avoid; page-break-after:avoid; line-height:12.5pt; font-family:'Verdana'; font-size:9.5pt; font-style:italic }\r\n.Header { margin-top:0pt; margin-bottom:0pt; text-align:justify; line-height:normal; font-family:'Verdana'; font-size:7.5pt; font-variant:small-caps }\r\n.Innehllsfrteckning { margin-top:0pt; margin-bottom:17.7pt; text-align:left; page-break-before:always; page-break-after:auto; line-height:normal; font-family:'Verdana'; font-size:16pt }\r\n.Kantrubrik { margin-top:0pt; margin-bottom:0pt; text-align:justify; line-height:normal; font-family:'Verdana'; font-size:7.5pt }\r\n.ListBullet { margin-top:6.25pt; margin-left:17.85pt; margin-bottom:6.25pt; text-indent:-17.85pt; text-align:justify; line-height:12.5pt; font-family:'Verdana'; font-size:9.5pt }\r\n.ListParagraph { margin-top:3.1pt; margin-left:28.35pt; margin-bottom:0pt; text-align:justify; line-height:12.5pt; font-family:'Verdana'; font-size:9.5pt }\r\n.Litentext { margin-top:0pt; margin-bottom:0pt; text-align:justify; line-height:normal; font-family:'Verdana'; font-size:8pt }\r\n.Mellanrubrik { margin-top:11pt; margin-bottom:3.1pt; text-align:left; page-break-after:avoid; line-height:12.5pt; font-family:'Verdana'; font-size:9.5pt; font-style:italic }\r\n.Mellanrum { margin-top:0pt; margin-bottom:0pt; text-align:left; page-break-before:auto; page-break-after:auto; line-height:1pt; widows:0; orphans:0; font-family:'Verdana'; font-size:1pt; font-variant:small-caps; text-decoration:none; color:#ffffff }\r\n.NormalIndent { margin-top:0pt; margin-bottom:0pt; text-indent:11.35pt; text-align:justify; line-height:12.5pt; font-family:'Verdana'; font-size:9.5pt }\r\n.Normalinskjuten { margin-top:0pt; margin-left:22.1pt; margin-bottom:0pt; text-align:justify; line-height:12.5pt; font-family:'Verdana'; font-size:9.5pt }\r\n.Normalinskjutenindrag { margin-top:0pt; margin-left:22.1pt; margin-bottom:0pt; text-indent:11.35pt; text-align:justify; line-height:12.5pt; font-family:'Verdana'; font-size:9.5pt }\r\n.Normalinskjutenkursiv { margin-top:6pt; margin-bottom:0pt; line-height:normal; font-family:'Verdana'; font-size:10pt; font-style:italic }\r\n.Normalkursiv { margin-top:3.1pt; margin-bottom:0pt; text-align:left; line-height:12.5pt; font-family:'Verdana'; font-size:9.5pt; font-style:italic }\r\n.Normalruta { margin:3.1pt 5.65pt 0pt; text-align:justify; page-break-inside:avoid; page-break-after:avoid; line-height:12.5pt; border-top-style:solid; border-top-width:0.75pt; border-top-color:#000000; border-right-style:solid; border-right-width:0.75pt; border-right-color:#000000; border-left-style:solid; border-left-width:0.75pt; border-left-color:#000000; border-bottom-style:solid; border-bottom-width:0.75pt; border-bottom-color:#000000; padding-top:4pt; padding-right:4pt; padding-left:4pt; padding-bottom:4pt; font-family:'Verdana'; font-size:10.5pt }\r\n.Normalrutafet { margin:3.1pt 5.65pt 0pt; text-align:justify; page-break-inside:avoid; page-break-after:avoid; line-height:12.5pt; border-top-style:solid; border-top-width:0.75pt; border-top-color:#000000; border-right-style:solid; border-right-width:0.75pt; border-right-color:#000000; border-left-style:solid; border-left-width:0.75pt; border-left-color:#000000; border-bottom-style:solid; border-bottom-width:0.75pt; border-bottom-color:#000000; padding-top:4pt; padding-right:4pt; padding-left:4pt; padding-bottom:4pt; font-family:'Verdana'; font-size:10.5pt; font-weight:bold }\r\n.Normalrutaindrag { margin:0pt 5.65pt; text-indent:11.35pt; text-align:justify; page-break-inside:avoid; page-break-after:avoid; line-height:12.5pt; border-top-style:solid; border-top-width:0.75pt; border-top-color:#000000; border-right-style:solid; border-right-width:0.75pt; border-right-color:#000000; border-left-style:solid; border-left-width:0.75pt; border-left-color:#000000; border-bottom-style:solid; border-bottom-width:0.75pt; border-bottom-color:#000000; padding-top:4pt; padding-right:4pt; padding-left:4pt; padding-bottom:4pt; font-family:'Verdana'; font-size:10.5pt }\r\n.Normalutanluftfre { margin-top:0pt; margin-bottom:0pt; text-align:justify; line-height:12.5pt; font-family:'Verdana'; font-size:9.5pt }\r\n.NormalNoll { margin-top:0pt; margin-bottom:3.1pt; text-align:left; line-height:12.5pt; font-family:'Verdana'; font-size:10.5pt; font-weight:bold }\r\n.NumlistaTOC { margin:3.1pt 28.35pt 0pt 0pt; text-indent:0pt; text-align:left; line-height:normal; font-family:'Verdana'; font-size:9.5pt }\r\n.Ordfranden { margin-top:3.1pt; margin-bottom:22pt; text-align:left; page-break-inside:avoid; page-break-after:avoid; line-height:normal; font-family:'Verdana'; font-size:9.5pt; font-style:italic }\r\n.OrtochDatum { margin-top:18pt; margin-bottom:18pt; text-align:left; page-break-inside:avoid; page-break-after:avoid; line-height:normal; font-family:'Verdana'; font-size:9.5pt }\r\n.Punktlistabomb { margin-top:6.25pt; margin-left:14.2pt; margin-bottom:6.25pt; text-indent:-14.2pt; text-align:justify; line-height:12.5pt; font-family:'Verdana'; font-size:9.5pt }\r\n.Punktlistagemener { margin-top:6.25pt; margin-left:14.2pt; margin-bottom:6.25pt; text-indent:-14.2pt; text-align:justify; line-height:12.5pt; font-family:'Verdana'; font-size:9.5pt }\r\n.Punktlistalinje { margin-top:6.25pt; margin-left:14.2pt; margin-bottom:6.25pt; text-indent:-14.2pt; text-align:justify; line-height:12.5pt; font-family:'Verdana'; font-size:9.5pt }\r\n.Punktlistasiffra { margin-top:6.25pt; margin-left:14.2pt; margin-bottom:6.25pt; text-indent:-14.2pt; text-align:justify; line-height:12.5pt; font-family:'Verdana'; font-size:9.5pt }\r\n.PVgnar { margin-top:3.1pt; margin-bottom:26pt; text-align:left; page-break-inside:avoid; page-break-after:avoid; line-height:normal; font-family:'Verdana'; font-size:9.5pt }\r\n.Quote { margin-top:6.1pt; margin-left:14.2pt; margin-bottom:0pt; text-align:justify; line-height:10pt; font-family:'Verdana'; font-size:9.5pt }\r\n.R1 { margin-top:3.1pt; margin-bottom:12pt; text-align:left; page-break-after:avoid; line-height:12.5pt; font-family:'Verdana'; font-size:16pt }\r\n.R1bilaga { margin-top:3.1pt; margin-bottom:12pt; text-align:left; page-break-after:auto; line-height:12.5pt; font-family:'Verdana'; font-size:16pt }\r\n.R2 { margin-top:20pt; margin-bottom:6pt; text-align:left; page-break-inside:avoid; page-break-after:avoid; line-height:12.5pt; font-family:'Verdana'; font-size:13.5pt }\r\n.R3 { margin-top:20pt; margin-bottom:3.1pt; text-align:left; page-break-inside:avoid; page-break-after:avoid; line-height:12.5pt; font-family:'Verdana'; font-size:10.5pt; font-weight:bold }\r\n.R4 { margin-top:15pt; margin-bottom:3.1pt; text-align:left; page-break-inside:avoid; page-break-after:avoid; line-height:12.5pt; font-family:'Verdana'; font-size:10.5pt; font-weight:normal; font-style:italic; color:#000000 }\r\n.R5 { margin-top:6.25pt; margin-bottom:0pt; text-align:justify; page-break-inside:avoid; page-break-after:avoid; line-height:12.5pt; font-family:'Verdana'; font-size:9.5pt; font-weight:bold }\r\n.R6 { margin-top:6.25pt; margin-bottom:0pt; text-align:justify; page-break-inside:avoid; page-break-after:avoid; line-height:12.5pt; font-family:'Verdana'; font-size:9.5pt; font-weight:normal; font-style:italic; color:#000000 }\r\n.Reservationshnvisning { margin-top:0pt; margin-bottom:8pt; text-align:right; line-height:12.5pt; font-family:'Verdana'; font-size:9.5pt; font-style:italic }\r\n.Reservationsrubrik { margin-top:0pt; margin-bottom:3.1pt; text-align:left; page-break-inside:avoid; page-break-after:avoid; line-height:12.5pt; font-family:'Verdana'; font-size:10.5pt; font-weight:bold }\r\n.Rubrik1Dokumentinformation { margin-top:0pt; margin-bottom:0pt; text-align:left; page-break-inside:avoid; page-break-after:avoid; line-height:12.5pt; font-family:'Verdana'; font-size:16pt }\r\n.Rubrik1bilaga { margin-top:0pt; margin-bottom:27.7pt; text-align:left; page-break-after:auto; line-height:12.5pt; font-family:'Verdana'; font-size:16pt }\r\n.Rubrik1medsidhuvud { margin-top:3.1pt; margin-bottom:12pt; text-align:left; page-break-before:always; page-break-after:avoid; line-height:12.5pt; font-family:'Verdana'; font-size:16pt }\r\n.Rubrik1numrerat { margin-top:3.1pt; margin-left:0pt; margin-bottom:12pt; text-indent:0pt; text-align:left; page-break-after:avoid; line-height:12.5pt; font-family:'Verdana'; font-size:16pt }\r\n.Rubrik1numreratmedsidhuvud { margin-top:0pt; margin-left:0pt; margin-bottom:16pt; text-indent:0pt; text-align:left; page-break-before:always; page-break-after:avoid; line-height:normal; font-family:'Verdana'; font-size:16pt }\r\n.Rubrik2bilaga { margin-top:20pt; margin-bottom:6pt; text-align:left; page-break-inside:avoid; page-break-after:avoid; line-height:12.5pt; font-family:'Verdana'; font-size:13.5pt }\r\n.Rubrik2numrerat { margin-top:20pt; margin-left:0pt; margin-bottom:6pt; text-indent:0pt; text-align:left; page-break-inside:avoid; page-break-after:avoid; line-height:12.5pt; font-family:'Verdana'; font-size:13.5pt }\r\n.Rubrik3numrerat { margin-top:20pt; margin-left:0pt; margin-bottom:3.1pt; text-indent:0pt; text-align:left; page-break-inside:avoid; page-break-after:avoid; line-height:12.5pt; font-family:'Verdana'; font-size:10.5pt; font-weight:bold }\r\n.Sammanfattning { margin-top:3.1pt; margin-bottom:12pt; text-align:left; page-break-after:auto; line-height:12.5pt; font-family:'Verdana'; font-size:16pt }\r\n.Sidhuvudhgerstlld { margin-top:0pt; margin-bottom:0pt; text-align:right; line-height:normal; font-family:'Verdana'; font-size:7.5pt; font-variant:small-caps }\r\n.Sidhuvudvnsterstlld { margin-top:0pt; margin-bottom:0pt; text-align:left; line-height:normal; font-family:'Verdana'; font-size:7.5pt; font-variant:small-caps }\r\n.Stdrubrik { margin-top:12pt; margin-bottom:0pt; line-height:12pt; font-family:'Verdana'; font-size:9.5pt; font-weight:bold }\r\n.Srskiltyttranderubrik { margin-top:0pt; margin-bottom:3.1pt; text-align:left; page-break-inside:avoid; page-break-after:avoid; line-height:12.5pt; font-family:'Verdana'; font-size:10.5pt; font-weight:bold }\r\n.TOC1 { margin-top:0pt; margin-right:28.35pt; margin-bottom:0pt; text-align:left; line-height:normal; font-family:'Verdana'; font-size:9.5pt }\r\n.TOC2 { margin:0pt 28.35pt 0pt 5.65pt; text-align:left; line-height:normal; font-family:'Verdana'; font-size:9.5pt }\r\n.TOC3 { margin:0pt 28.35pt 0pt 11.35pt; text-align:left; line-height:normal; font-family:'Verdana'; font-size:9.5pt }\r\n.TOC4 { margin:0pt 28.35pt 0pt 17pt; text-align:left; line-height:normal; font-family:'Verdana'; font-size:9.5pt }\r\n.TOC5 { margin:0pt 28.35pt 0pt 22.7pt; text-align:left; line-height:normal; font-family:'Verdana'; font-size:9.5pt }\r\n.TOC6 { margin-top:0pt; margin-left:47.65pt; margin-bottom:0pt; text-align:left; line-height:normal; font-family:'Verdana'; font-size:9.5pt }\r\n.TOC7 { margin-top:0pt; margin-right:28.35pt; margin-bottom:0pt; text-align:left; line-height:normal; font-family:'Verdana'; font-size:9.5pt }\r\n.TOC8 { margin-top:0pt; margin-right:28.35pt; margin-bottom:0pt; text-align:left; line-height:normal; font-family:'Verdana'; font-size:9.5pt }\r\n.TOC9 { margin-top:0pt; margin-left:8.5pt; margin-bottom:0pt; text-align:left; line-height:normal; font-family:'Verdana'; font-size:9.5pt }\r\n.TOCHeading { margin-top:3.1pt; margin-bottom:9pt; text-align:left; page-break-before:always; page-break-inside:avoid; page-break-after:avoid; line-height:12.5pt; font-family:'Verdana'; font-size:16pt }\r\n.Tabell-Kolumnrubrik { margin-bottom:0pt; line-height:12pt; font-family:'Verdana'; font-size:8pt; font-weight:bold }\r\n.Tabell-Klla { margin-top:2pt; margin-bottom:0pt; line-height:8pt; font-family:'Verdana'; font-size:7pt }\r\n.Tabell-Radrubrik { margin-bottom:0pt; line-height:12pt; font-family:'Verdana'; font-size:8pt }\r\n.Tabell-Rubrik { margin-top:12pt; margin-bottom:3pt; text-align:left; page-break-inside:avoid; page-break-after:avoid; line-height:10pt; font-family:'Verdana'; font-size:9pt; font-weight:bold }\r\n.Tabell-Siffror { margin-bottom:0pt; text-align:right; line-height:12pt; font-family:'Verdana'; font-size:8pt }\r\n.Tabell-Text { margin-bottom:0pt; line-height:12pt; font-family:'Verdana'; font-size:8pt }\r\n.Tabell-Underrubrik { margin-top:0pt; margin-bottom:1pt; text-align:left; page-break-inside:avoid; page-break-after:avoid; line-height:8pt; font-family:'Verdana'; font-size:8pt; font-weight:normal; font-style:italic }\r\n.TableofFigures { margin-top:3.1pt; margin-bottom:0pt; text-align:justify; line-height:normal; font-family:'Verdana'; font-size:9.5pt }\r\n.TillX-utskottet { margin-top:0pt; margin-bottom:12pt; text-align:left; page-break-after:avoid; line-height:12.5pt; font-family:'Verdana'; font-size:16pt }\r\n.Title { margin-top:3.1pt; margin-bottom:1pt; text-align:left; line-height:12pt; font-family:'Verdana'; font-size:20pt; letter-spacing:-0.5pt }\r\n.Vapen { margin-top:0pt; margin-bottom:0pt; text-align:left; page-break-inside:avoid; page-break-after:avoid; line-height:12.5pt; font-family:'Verdana'; font-size:16pt }\r\n.Yrkandelista { margin-top:3.1pt; margin-left:28.35pt; margin-bottom:0pt; text-indent:-28.35pt; text-align:justify; line-height:12.5pt; font-family:'Verdana'; font-size:9.5pt }\r\n.YrkandelistaEtt { margin-top:3.1pt; margin-left:0pt; margin-bottom:0pt; text-indent:0pt; text-align:justify; line-height:12.5pt; font-family:'Verdana'; font-size:9.5pt }\r\nspan.BallongtextChar { font-family:Tahoma; font-size:8pt }\r\nspan.BilagaChar { font-family:'Verdana'; font-size:8pt; font-variant:small-caps; text-decoration:underline }\r\nspan.BrdtextChar { font-family:'Verdana'; font-size:9.5pt }\r\nspan.BrdtextChar1 { font-family:'Verdana'; font-size:9.5pt }\r\nspan.Brdtextmedindrag2Char { font-family:'Verdana'; font-size:9.5pt }\r\nspan.CitatChar { font-family:'Verdana'; font-size:9.5pt }\r\nspan.DokumentRubrikChar { font-family:'Verdana'; font-size:18pt }\r\nspan.FootnoteReference { vertical-align:super }\r\nspan.FotnotstextChar { font-family:'Verdana'; font-size:8pt }\r\nspan.FotnotstextindragChar { font-family:'Verdana'; font-size:8pt }\r\nspan.FrslagspunktChar { font-family:'Verdana'; font-size:9.5pt; font-weight:bold; font-style:normal }\r\nspan.Hyperlink { text-decoration:none; color:#000000 }\r\nspan.KommentarerChar { font-family:'Verdana'; font-size:10pt }\r\nspan.NormalkursivChar { font-family:'Verdana'; font-size:9.5pt; font-style:italic }\r\nspan.NormaltindragChar { font-family:'Verdana'; font-size:9.5pt }\r\nspan.OrdfrandenChar { font-family:'Verdana'; font-size:9.5pt; font-style:italic }\r\nspan.OrtochDatumChar { font-family:'Verdana'; font-size:9.5pt }\r\nspan.PlaceholderText { color:#808080 }\r\nspan.PVgnarChar { font-family:'Verdana'; font-size:9.5pt }\r\nspan.ReservationshnvisningChar { font-family:'Verdana'; font-size:9.5pt; font-style:italic }\r\nspan.Rubrik1Char { font-family:'Verdana'; font-size:16pt }\r\nspan.Rubrik1DokumentinformationChar { font-family:'Verdana'; font-size:16pt }\r\nspan.Rubrik2Char { font-family:'Verdana'; font-size:13.5pt }\r\nspan.Rubrik3Char { font-family:'Verdana'; font-size:10.5pt; font-weight:bold }\r\nspan.Rubrik4Char { font-family:'Verdana'; font-size:10.5pt; font-style:italic; color:#000000 }\r\nspan.Rubrik5Char { font-family:'Verdana'; font-size:9.5pt; font-weight:bold }\r\nspan.Rubrik6Char { font-family:'Verdana'; font-size:9.5pt; font-style:italic; color:#000000 }\r\nspan.Rubrik7Char { font-family:'Verdana'; font-size:9.5pt; font-style:italic; color:#243f60 }\r\nspan.Rubrik8Char { font-family:'Verdana'; font-size:9pt; color:#272727 }\r\nspan.Rubrik9Char { font-family:'Verdana'; font-size:9pt; font-style:italic; color:#272727 }\r\nspan.RubrikChar { font-family:'Verdana'; font-size:20pt; letter-spacing:-0.5pt }\r\nspan.SidfotChar { font-family:'Verdana'; font-size:9.5pt }\r\nspan.SidhuvudChar { font-family:'Verdana'; font-size:7.5pt; font-variant:small-caps }\r\nspan.Tabell-Upphjttecken { font-family:'Verdana'; font-variant:normal; text-decoration:none; text-transform:none; vertical-align:super; display:inline }\r\nspan.VapenChar { font-family:'Verdana'; font-size:16pt }\r\nspan.tBilagaJA { color:#000000 }\r\nspan.tSidrubrikJA { color:#000000 }\r\n.TableGrid {  }\r\n--></style>\r\n\r\n\t\t<div class=\"Section1\">\r\n\t\t\t<table cellspacing=\"0\" cellpadding=\"0\" style=\"border-collapse:collapse; margin-left:0pt\">\r\n\t\t\t\t<tr style=\"height:79.4pt\">\r\n\t\t\t\t\t<td style=\"vertical-align:top; width:297.7pt\">\r\n\t\t\t\t\t\t<p class=\"Rubrik1Dokumentinformation\" style=\"margin-top:0pt; margin-bottom:0pt; text-align:left; page-break-inside:avoid; page-break-after:avoid; line-height:16pt\">\r\n\t\t\t\t\t\t\t<span style=\"font-family:'Verdana'; font-size:16pt; -aw-sdt-tag:ccUtskott; -aw-sdt-title:'utskottsnamn Dokumentegenskap'\">Finansutskottet</span><span style=\"font-family:'Verdana'; font-size:16pt; -aw-sdt-tag:ccS; -aw-sdt-title:s\">s</span><span style=\"font-family:'Verdana'; font-size:16pt; -aw-sdt-tag:ccMellanslag; -aw-sdt-title:Mellanslag\"> </span><a name=\"Utlatande\"></a><span style=\"font-family:'Verdana'; font-size:16pt\">betänkande</span>\r\n\t\t\t\t\t\t</p>\r\n\t\t\t\t\t\t<p class=\"Dokumentbeteckning\" style=\"margin-top:0pt; margin-bottom:0pt; text-align:left; page-break-inside:avoid; page-break-after:avoid; line-height:16pt\">\r\n\t\t\t\t\t\t\t<span style=\"font-family:'Verdana'; font-size:16pt; -aw-sdt-tag:ccRiksmote; -aw-sdt-title:'riksmote Dokumentegenskap'\">2018/19</span><span style=\"font-family:'Verdana'; font-size:16pt; -aw-sdt-tag:ccKolon; -aw-sdt-title:Kolon\">:</span><a name=\"Utskottebeteckning\"></a><span style=\"font-family:'Verdana'; font-size:16pt\">FiU28</span>\r\n\t\t\t\t\t\t</p>\r\n\t\t\t\t\t\t<p class=\"Rubrik1Dokumentinformation\" style=\"margin-top:0pt; margin-bottom:0pt; text-align:left; page-break-inside:avoid; page-break-after:avoid; line-height:16pt\">\r\n\t\t\t\t\t\t\t<span style=\"font-family:'Verdana'; font-size:16pt\"> </span>\r\n\t\t\t\t\t\t</p>\r\n\t\t\t\t\t</td>\r\n\t\t\t\t</tr>\r\n\t\t\t</table>\r\n\t\t\t<p class=\"DokumentRubrik\" style=\"-aw-sdt-tag:ccDokumentrubrik; -aw-sdt-title:'dokumentrubrik Dokumentegenskap'\">\r\n\t\t\t\t<span>Prövning av ärenden enligt EU:s förordning om värdepapperisering samt volatilitetsjustering för försäkringsföretag</span>\r\n\t\t\t</p>\r\n\t\t\t<p class=\"Sammanfattning\">\r\n\t\t\t\t<span class=\"tSidrubrikJA\">Sammanfattning</span>\r\n\t\t\t</p>\r\n\t\t\t<p>\r\n\t\t\t\t<span>Utskottet ställer sig bakom regeringens </span><span>förslag om </span><span>en ny lag </span><span>med de bestämmelser som krävs för att EU:s förordning om värdepapperisering ska kunna tillämpas i Sverige fr.o.m. den 1 januari 2019.</span><span> </span><span>I lagen anges att Finansinspektionen är behörig myndighet och att inspektionen får ta ut avgifter för prövning av ansökningar. </span><span>Förordningen syftar till att </span><span>skapa</span><span> ett övergripande ramverk för värdepapperisering med kriterier för att definiera enkla, transparenta och standardiserade värdepapperiseringar, s.k. STS-värdepapperiseringar.</span><span> Med värdepapperisering avses transaktioner som gör det möjligt för t.ex. ett kreditinstitut eller ett bolag att refinansiera en uppsättning lån, exponeringar eller fordringar genom att omvandla dem till överlåtbara värdepapper.</span>\r\n\t\t\t</p>\r\n\t\t\t<p class=\"NormalIndent\">\r\n\t\t\t\t<span>Utskottet ställer sig också bakom regeringens förslag om e</span><span>n ny bestämmelse i försäkringsrörelselagen som krävs för att i svensk rätt fullt ut genomföra Solvens II-direktivet. Den nya bestämmelsen innehåller en begränsning </span><span>av</span><span> försäkringsföretags användning av en s.k. volatilitetsjustering vid beräkning av försäkringstekniska avsättningar.</span><span> Volatilitetsjustering syftar till att motverka procykliskt agerande i försäkringsföretagens investeringsprocesser.</span>\r\n\t\t\t</p>\r\n\t\t\t<p class=\"NormalIndent\">\r\n\t\t\t\t<span>Slutligen föreslå</span><span>r utskottet att riksdagen antar regeringens förslag till </span><span>rättelse av en felaktig hänvisning i lagen om kommunal bokföring och redovisning. </span>\r\n\t\t\t</p>\r\n\t\t\t<p class=\"NormalIndent\">\r\n\t\t\t\t<span>Samtliga lagändringar föreslås träda i kraft </span><span>den </span><span>1 januari 2019.</span>\r\n\t\t\t</p>\r\n\t\t\t<p class=\"R4\">\r\n\t\t\t\t<span>Behandlade förslag</span>\r\n\t\t\t</p>\r\n\t\t\t<p>\r\n\t\t\t\t<span>Regeringens proposition 2018/19:7 Prövning av ärenden enligt EU:s förordning om värdepapperisering och volatilitetsjustering för försäkringsföretag.</span>\r\n\t\t\t</p>\r\n\t\t\t<p class=\"Innehllsfrteckning\">\r\n\t\t\t\t<a name=\"Innehållsförteckning\"></a><span class=\"tSidrubrikJA\">Innehållsförteckning</span>\r\n\t\t\t</p>\r\n\t\t\t<p class=\"TOC1\">\r\n\t\t\t\t<a style=\"color:#000000\" href=\"#_Toc529890997\"><span class=\"Hyperlink\">Utskottets förslag till riksdagsbeslut</span></a>\r\n\t\t\t</p>\r\n\t\t\t<p class=\"TOC1\">\r\n\t\t\t\t<a style=\"color:#000000\" href=\"#_Toc529890998\"><span class=\"Hyperlink\">Redogörelse för ärendet</span></a>\r\n\t\t\t</p>\r\n\t\t\t<p class=\"TOC1\">\r\n\t\t\t\t<a style=\"color:#000000\" href=\"#_Toc529890999\"><span class=\"Hyperlink\">Utskottets överväganden</span></a>\r\n\t\t\t</p>\r\n\t\t\t<p class=\"TOC2\" style=\"margin-bottom:0pt\">\r\n\t\t\t\t<a style=\"color:#000000\" href=\"#_Toc529891000\"><span class=\"Hyperlink\">En ny lag med kompletterande bestämmelser till EU:s förordning om värdepapperisering</span></a>\r\n\t\t\t</p>\r\n\t\t\t<p class=\"TOC2\" style=\"margin-top:0pt; margin-bottom:0pt\">\r\n\t\t\t\t<a style=\"color:#000000\" href=\"#_Toc529891001\"><span class=\"Hyperlink\">Ändrade regler för försäkringsföretags användning av volatilitetsjustering</span></a>\r\n\t\t\t</p>\r\n\t\t\t<p class=\"TOC2\" style=\"margin-top:0pt\">\r\n\t\t\t\t<a style=\"color:#000000\" href=\"#_Toc529891002\"><span class=\"Hyperlink\">Ändrad hänvisning i lagen om kommunal bokföring och redovisning</span></a>\r\n\t\t\t</p>\r\n\t\t\t<p class=\"TOC8\">\r\n\t\t\t\t<span class=\"Hyperlink\" style=\"font-style:italic\">Bilaga 1</span><br /><a style=\"color:#000000\" href=\"#_Toc529891003\"><span class=\"Hyperlink\">Förteckning över behandlade förslag</span></a>\r\n\t\t\t</p>\r\n\t\t\t<p class=\"TOC9\">\r\n\t\t\t\t<a style=\"color:#000000\" href=\"#_Toc529891004\"><span class=\"Hyperlink\">Propositionen</span></a>\r\n\t\t\t</p>\r\n\t\t\t<p class=\"TOC8\">\r\n\t\t\t\t<span class=\"Hyperlink\" style=\"font-style:italic\">Bilaga 2</span><br /><a style=\"color:#000000\" href=\"#_Toc529891005\"><span class=\"Hyperlink\">Regeringens lagförslag</span></a>\r\n\t\t\t</p>\r\n\t\t\t<p>\r\n\t\t\t</p>\r\n\t\t\t<p>\r\n\t\t\t\t<span> </span>\r\n\t\t\t</p>\r\n\t\t\t<p class=\"NormalIndent\">\r\n\t\t\t\t<span> </span>\r\n\t\t\t</p>\r\n\t\t\t<p class=\"Avsnittsrubrik\">\r\n\t\t\t\t<a name=\"StopCC\"></a><a name=\"_Toc529890997\"><span style=\"-aw-bookmark-end:StopCC\"></span><span class=\"tSidrubrikJA\">Utskottets förslag till riksdagsbeslut</span></a>\r\n\t\t\t</p>\r\n\t\t\t<p class=\"Mellanrum\">\r\n\t\t\t\t<span> </span>\r\n\t\t\t</p>\r\n\t\t\t<p class=\"Mellanrum\">\r\n\t\t\t\t<span> </span>\r\n\t\t\t</p>\r\n\t\t\t<table cellspacing=\"0\" cellpadding=\"0\" style=\"border-collapse:collapse; margin-left:0pt; width:294.2pt\">\r\n\t\t\t\t<tr>\r\n\t\t\t\t\t<td style=\"vertical-align:top; width:22pt\">\r\n\t\t\t\t\t\t<p style=\"margin-top:3.1pt; margin-bottom:0pt; text-align:justify; page-break-inside:avoid; page-break-after:avoid; line-height:12.5pt\">\r\n\t\t\t\t\t\t\t<span style=\"font-family:'Verdana'; font-size:10.5pt; font-weight:bold\">1.</span>\r\n\t\t\t\t\t\t</p>\r\n\t\t\t\t\t</td>\r\n\t\t\t\t\t<td style=\"vertical-align:top; width:272.2pt\">\r\n\t\t\t\t\t\t<p style=\"margin-top:3.1pt; margin-bottom:0pt; text-align:justify; page-break-inside:avoid; page-break-after:avoid; line-height:12.5pt\">\r\n\t\t\t\t\t\t\t<span style=\"font-family:'Verdana'; font-size:10.5pt; font-weight:bold\">En ny lag med kompletterande bestämmelser till EU:s förordning om värdepapperisering</span>\r\n\t\t\t\t\t\t</p>\r\n\t\t\t\t\t</td>\r\n\t\t\t\t</tr>\r\n\t\t\t</table>\r\n\t\t\t<p class=\"Normalinskjuten\" style=\"-aw-sdt-tag:'dokumentavsnitt/utskottets förslag till riksdagsbeslut/-255922819/1542277403202'; -aw-sdt-title:'utskottets förslag till riksdagsbeslut'\">\r\n\t\t\t\t<span>Riksdagen antar</span><span> </span><span>regeringens förslag till lag med kompletterande bestämmelser till EU:s förordning om värdepapperisering.</span>\r\n\t\t\t</p>\r\n\t\t\t<p class=\"Normalinskjutenindrag\" style=\"text-indent:11.3pt; -aw-sdt-tag:'dokumentavsnitt/utskottets förslag till riksdagsbeslut/-255922819/1542277403202'; -aw-sdt-title:'utskottets förslag till riksdagsbeslut'\">\r\n\t\t\t\t<span>Därmed bifaller riksdagen proposition 2018/19:7 punkt 1.</span>\r\n\t\t\t</p>\r\n\t\t\t<p class=\"Mellanrum\" style=\"-aw-sdt-tag:'dokumentavsnitt/utskottets förslag till riksdagsbeslut/-255922819/1542277403202'; -aw-sdt-title:'utskottets förslag till riksdagsbeslut'\">\r\n\t\t\t\t<span> </span>\r\n\t\t\t</p>\r\n\t\t\t<table cellspacing=\"0\" cellpadding=\"0\" style=\"border-collapse:collapse; margin-left:0pt; width:294.2pt\">\r\n\t\t\t\t<tr>\r\n\t\t\t\t\t<td style=\"vertical-align:top; width:22pt\">\r\n\t\t\t\t\t\t<p style=\"margin-top:11pt; margin-bottom:0pt; text-align:justify; page-break-inside:avoid; page-break-after:avoid; line-height:12.5pt\">\r\n\t\t\t\t\t\t\t<span style=\"font-family:'Verdana'; font-size:10.5pt; font-weight:bold\">2.</span>\r\n\t\t\t\t\t\t</p>\r\n\t\t\t\t\t</td>\r\n\t\t\t\t\t<td style=\"vertical-align:top; width:272.2pt\">\r\n\t\t\t\t\t\t<p style=\"margin-top:11pt; margin-bottom:0pt; text-align:justify; page-break-inside:avoid; page-break-after:avoid; line-height:12.5pt\">\r\n\t\t\t\t\t\t\t<span style=\"font-family:'Verdana'; font-size:10.5pt; font-weight:bold\">Ändrade regler för försäkringsföretags användning av volatilitetsjustering</span>\r\n\t\t\t\t\t\t</p>\r\n\t\t\t\t\t</td>\r\n\t\t\t\t</tr>\r\n\t\t\t</table>\r\n\t\t\t<p class=\"Normalinskjuten\" style=\"-aw-sdt-tag:'dokumentavsnitt/utskottets förslag till riksdagsbeslut/-255922819/1542277403202'; -aw-sdt-title:'utskottets förslag till riksdagsbeslut'\">\r\n\t\t\t\t<span>Riksdagen antar regeringens förslag till lag om ändring i försäkringsrörelselagen (2010:2043).</span>\r\n\t\t\t</p>\r\n\t\t\t<p class=\"Normalinskjutenindrag\" style=\"text-indent:11.3pt; -aw-sdt-tag:'dokumentavsnitt/utskottets förslag till riksdagsbeslut/-255922819/1542277403202'; -aw-sdt-title:'utskottets förslag till riksdagsbeslut'\">\r\n\t\t\t\t<span>Därmed bifaller riksdagen proposition 2018/19:7 punkt 2.</span>\r\n\t\t\t</p>\r\n\t\t\t<p class=\"Mellanrum\" style=\"-aw-sdt-tag:'dokumentavsnitt/utskottets förslag till riksdagsbeslut/-255922819/1542277403202'; -aw-sdt-title:'utskottets förslag till riksdagsbeslut'\">\r\n\t\t\t\t<span> </span>\r\n\t\t\t</p>\r\n\t\t\t<table cellspacing=\"0\" cellpadding=\"0\" style=\"border-collapse:collapse; margin-left:0pt; width:294.2pt\">\r\n\t\t\t\t<tr>\r\n\t\t\t\t\t<td style=\"vertical-align:top; width:22pt\">\r\n\t\t\t\t\t\t<p style=\"margin-top:11pt; margin-bottom:0pt; text-align:justify; page-break-inside:avoid; page-break-after:avoid; line-height:12.5pt\">\r\n\t\t\t\t\t\t\t<span style=\"font-family:'Verdana'; font-size:10.5pt; font-weight:bold\">3.</span>\r\n\t\t\t\t\t\t</p>\r\n\t\t\t\t\t</td>\r\n\t\t\t\t\t<td style=\"vertical-align:top; width:272.2pt\">\r\n\t\t\t\t\t\t<p style=\"margin-top:11pt; margin-bottom:0pt; text-align:justify; page-break-inside:avoid; page-break-after:avoid; line-height:12.5pt\">\r\n\t\t\t\t\t\t\t<span style=\"font-family:'Verdana'; font-size:10.5pt; font-weight:bold\">Ändrad hänvisning i lagen om kommunal bokföring och redovisning</span>\r\n\t\t\t\t\t\t</p>\r\n\t\t\t\t\t</td>\r\n\t\t\t\t</tr>\r\n\t\t\t</table>\r\n\t\t\t<p class=\"Normalinskjuten\" style=\"-aw-sdt-tag:'dokumentavsnitt/utskottets förslag till riksdagsbeslut/-255922819/1542277403202'; -aw-sdt-title:'utskottets förslag till riksdagsbeslut'\">\r\n\t\t\t\t<span>Riksdagen antar regeringens förslag till lag om ändring i lagen (2018:597) om kommunal bokföring och redovisning.</span>\r\n\t\t\t</p>\r\n\t\t\t<p class=\"Normalinskjutenindrag\" style=\"text-indent:11.3pt; -aw-sdt-tag:'dokumentavsnitt/utskottets förslag till riksdagsbeslut/-255922819/1542277403202'; -aw-sdt-title:'utskottets förslag till riksdagsbeslut'\">\r\n\t\t\t\t<span>Därmed bifaller riksdagen proposition 2018/19:7 punkt 3.</span>\r\n\t\t\t</p>\r\n\t\t\t<p class=\"Mellanrum\" style=\"-aw-sdt-tag:'dokumentavsnitt/utskottets förslag till riksdagsbeslut/-255922819/1542277403202'; -aw-sdt-title:'utskottets förslag till riksdagsbeslut'\">\r\n\t\t\t\t<span> </span>\r\n\t\t\t</p>\r\n\t\t\t<p class=\"OrtochDatum\" style=\"-aw-sdt-tag:'dokumentavsnitt/utskottets förslag till riksdagsbeslut/-255922819/1542277403202'; -aw-sdt-title:'utskottets förslag till riksdagsbeslut'\">\r\n\t\t\t\t<span>Stockholm den 15 november 2018</span>\r\n\t\t\t</p>\r\n\t\t\t<p class=\"PVgnar\" style=\"-aw-sdt-tag:'dokumentavsnitt/utskottets förslag till riksdagsbeslut/-255922819/1542277403202'; -aw-sdt-title:'utskottets förslag till riksdagsbeslut'\">\r\n\t\t\t\t<span>På finansutskottets vägnar</span>\r\n\t\t\t</p>\r\n\t\t\t<p class=\"Ordfranden\" style=\"-aw-sdt-tag:'dokumentavsnitt/utskottets förslag till riksdagsbeslut/-255922819/1542277403202'; -aw-sdt-title:'utskottets förslag till riksdagsbeslut'\">\r\n\t\t\t\t<span>Gunilla Carlsson</span>\r\n\t\t\t</p>\r\n\t\t\t<p class=\"Deltagare\" style=\"-aw-sdt-tag:'dokumentavsnitt/utskottets förslag till riksdagsbeslut/-255922819/1542277403202'; -aw-sdt-title:'utskottets förslag till riksdagsbeslut'\">\r\n\t\t\t\t<span>Följande ledamöter har deltagit i beslutet: Gunilla Carlsson (S), Niklas Wykman (M), Emil Källström (C), Ingela Nylund Watz (S), Ingemar Nilsson (S), Sven-Olof Sällström (SD), Janine Alm Ericson (MP), Jan Ericson (M), Björn Wiechel (S), Eva Lindh (S), Cecilie Tenfjord Toftby (M), Ida Gabrielsson (V), Jörgen Warborn (M), Charlotte Quensel (SD), Christian Carlsson (KD), Joar Forssell (L) och Staffan Eklöf (SD).</span>\r\n\t\t\t</p>\r\n\t\t\t<p class=\"Mellanrum\" style=\"-aw-sdt-tag:'dokumentavsnitt/utskottets förslag till riksdagsbeslut/-255922819/1542277403202'; -aw-sdt-title:'utskottets förslag till riksdagsbeslut'\">\r\n\t\t\t\t<span> </span>\r\n\t\t\t</p>\r\n\t\t\t<p class=\"Mellanrum\" style=\"-aw-sdt-tag:'dokumentavsnitt/utskottets förslag till riksdagsbeslut/-255922819/1542277403202'; -aw-sdt-title:'utskottets förslag till riksdagsbeslut'\">\r\n\t\t\t\t<span> </span>\r\n\t\t\t</p>\r\n\t\t\t<p class=\"Mellanrum\" style=\"-aw-sdt-tag:'dokumentavsnitt/utskottets förslag till riksdagsbeslut/-255922819/1542277403202'; -aw-sdt-title:'utskottets förslag till riksdagsbeslut'\">\r\n\t\t\t\t<span style=\"font-size:9.5pt\"> </span>\r\n\t\t\t</p>\r\n\t\t\t<p>\r\n\t\t\t\t<span> </span>\r\n\t\t\t</p>\r\n\t\t\t<p class=\"Avsnittsrubrik\">\r\n\t\t\t\t<a name=\"SlutUtskottsForslag\"></a><a name=\"_Toc529890998\"><span style=\"-aw-bookmark-end:SlutUtskottsForslag\"></span><span class=\"tSidrubrikJA\">Redogörelse för ärendet</span></a>\r\n\t\t\t</p>\r\n\t\t\t<p>\r\n\t\t\t\t<span>I betänkandet behandlar utskottet proposition </span><span>2018/19:7 Prövning av ärenden enligt EU:s förordning om värdepapperisering och volatilitetsjustering för försäkringsföretag.</span><span> Propositionen innehåller ett förslag till en ny lag med de bestämmelser som krävs för att EU:s förordning om värdepapperisering ska kunna tillämpas i Sverige fr.o.m. den 1 januari 2019. </span><span>Finansutskottet tog upp kommissionens förslag om värdepapperisering i grönboken om kapitalmarknadsunionen i ett utlåtande den 23 april 2015</span><span> </span><span>(utl. 2014/15:FiU29)</span><span>.</span><span> Vidare hade utskottet en överläggning med regeringen om EU-kommissionens förslag till förordning om värdepapperisering</span><span> </span><span>(KOM(2015) 472, 2015/16:FPM11) den 17 november 2015. Förslaget subsidiaritetsprövades av utskottet den 19 november 2015.</span>\r\n\t\t\t</p>\r\n\t\t\t<p class=\"NormalIndent\">\r\n\t\t\t\t<span>Propositionen innehåller också ett förslag till </span><span>en ny bestämmelse i försäkringsrörelselagen </span><span>som </span><span>begräns</span><span>ar</span><span> försäkringsföretags användning av en s.k. volatilitetsjustering vid beräkning av försäkringstekniska avsättningar.</span><span> </span><span>Med denna lagändring genomförs Solvens II-direktivet fullt ut i svensk rätt. </span><span>Genomförandet i svensk rätt av Solvens II-direktivet (prop. 2015/16:9) behandlades av utskottet i betänkande 2015/16:FiU7 och beslutades av riksdagen den 18 november 2015 (rskr. 2015/16:38).</span>\r\n\t\t\t</p>\r\n\t\t\t<p class=\"NormalIndent\">\r\n\t\t\t\t<span>Slutligen </span><span>innehåller propositionen</span><span> </span><span>en</span><span> rättelse av en</span><span> felaktig hänvisning i lagen om kommunal bokföring och redovisning</span><span>.</span><span> </span>\r\n\t\t\t</p>\r\n\t\t\t<p class=\"NormalIndent\">\r\n\t\t\t\t<span>Regeringens förslag till riksdagsbeslut återges i bilaga 1. Regeringens lagförslag finns i bilaga 2.</span><span> </span><span>Lagförslagen har granskats av Lagrådet, förutom den ändrade hänvisningen i lagen om kommunal bokföring och redovisning.</span><span> Regeringen har delvis följt Lagrådets synpunkter.</span>\r\n\t\t\t</p>\r\n\t\t\t<p class=\"Avsnittsrubrik\">\r\n\t\t\t\t<a name=\"_Toc529890999\"><span class=\"tSidrubrikJA\">Utskottets överväganden</span></a>\r\n\t\t\t</p>\r\n\t\t\t<h2 style=\"-aw-sdt-tag:fbf9752b-87b5-4937-9982-8c56322b5a77/förslagsrutor/-1042799317/1540379241937; -aw-sdt-title:förslagsrutor\">\r\n\t\t\t\t<a name=\"_Toc529891000\"><span>En ny lag med kompletterande bestämmelser till EU:s förordning om värdepapperisering</span></a>\r\n\t\t\t</h2>\r\n\t\t\t<div style=\"border-bottom-color:#000000; border-bottom-style:solid; border-bottom-width:0.75pt; border-left-color:#000000; border-left-style:solid; border-left-width:0.75pt; border-right-color:#000000; border-right-style:solid; border-right-width:0.75pt; border-top-color:#000000; border-top-style:solid; border-top-width:0.75pt; clear:both; margin:3.1pt 0.9pt 0pt\">\r\n\t\t\t\t<p class=\"Normalrutafet\" style=\"margin:0pt; padding-right:4pt; padding-left:4pt\">\r\n\t\t\t\t\t<span style=\"-aw-bookmark-end:_Toc529891000\"></span><span>Utskottets förslag i korthet</span>\r\n\t\t\t\t</p>\r\n\t\t\t\t<p class=\"Normalruta\" style=\"margin:0pt; padding-right:4pt; padding-left:4pt; padding-bottom:4pt\">\r\n\t\t\t\t\t<span>Riksdagen antar regeringens förslag om en ny lag med de bestämmelser som krävs för att EU:s förordning om värdepapperisering ska kunna tillämpas i Sverige</span><span>. </span><span>I lagen anges att Finansinspektionen är behörig myndighet och att inspektionen får ta ut avgifter för prövning av ansökningar.</span>\r\n\t\t\t\t</p>\r\n\t\t\t</div>\r\n\t\t\t<p class=\"Mellanrum\">\r\n\t\t\t\t<span> </span>\r\n\t\t\t</p>\r\n\t\t\t<p class=\"R3\">\r\n\t\t\t\t<span>Propositionen</span>\r\n\t\t\t</p>\r\n\t\t\t<p class=\"R4\" style=\"margin-top:6pt\">\r\n\t\t\t\t<span>Bakgrund</span>\r\n\t\t\t</p>\r\n\t\t\t<p>\r\n\t\t\t\t<span>Brister på värdepapperiseringsmarknaden, utgjorde under finanskrisen 2007 ett</span><span> </span><span>betydande hot mot det finansiella systemet.</span><span> </span><span>Exempel på sådana brister var </span><span>alltför stor skuldsättningsgrad, icke-transparenta och komplexa strukturer och en automatisk tillit till externa kreditvärderingar</span><span>. </span><span>Utebliven eller</span><span> </span><span>undermåligt genomförd s.k. due diligence</span><span> (l</span><span>egal, finansiell och affärsmässig granskning av en verksamhet</span><span>)</span><span> var </span><span>också </span><span>en av flera brister som föranledde finanskrisen och medförde att värdepapperiseringsmarknaden</span><span> </span><span>stannade av</span><span>. </span>\r\n\t\t\t</p>\r\n\t\t\t<p class=\"NormalIndent\">\r\n\t\t\t\t<span>Efter finanskrisen togs flera initiativ</span><span> för att stärka förtroendet för värdepapperiseringsmarknaden</span><span>, bl.a. av Europeiska kommissionen,</span><span> </span><span>Europeiska </span><span>b</span><span>ankmyndigheten (</span><span>EBA</span><span>), Baselkommittén för banktillsyn</span><span> </span><span>(</span><span>The Basel Committee on Banking Supervision, </span><span>BCBS) och Internationella organisationen för värdepapperstillsyn</span><span> </span><span>(</span><span>International Organization of Securities Commissions, </span><span>IOSCO)</span><span>.</span>\r\n\t\t\t</p>\r\n\t\t\t<p class=\"NormalIndent\">\r\n\t\t\t\t<span>Värdepapperisering </span><span>har varit en central del i flera av kommissionens grönböcker, </span><span>exempelvis </span><span>i</span><span> </span><span>grönb</span><span>ok</span><span>en</span><span> 2015 om bildandet av en kapitalmarknadsunion</span><span>.</span><span> Även i kommissionens meddelande 2014</span><span> </span><span>om långsiktig finansiering av den europeiska ekonomin </span><span>och</span><span> i meddelandet samma år om en investeringsplan för Europa anges att värdepapperisering som används</span><span> </span><span>på rätt sätt kan avlasta banker, förbättra den europeiska finansmarknadens</span><span> </span><span>effektivitet och bidra till realekonomin. </span><span>I </span><span>februari 2015 </span><span>genomförde kommissionen </span><span>en offentlig konsultation om enkel, transparent</span><span> </span><span>och standardiserad värdepapperisering (STS-värdepapperisering).</span>\r\n\t\t\t</p>\r\n\t\t\t<p class=\"NormalIndent\">\r\n\t\t\t\t<span>Europeiska rådet uppmanade också kommissionen att, som en prioriterad</span><span> </span><span>åtgärd senast i slutet av 2015, föreslå ett ramverk för STS-värdepapperisering</span><span> </span><span>på grundval av de många pågående initiativen på europeisk och</span><span> </span><span>internationell nivå.</span><span> </span><span>Kommissionen presenterade i september 2015 ett förslag till en förordning</span><span> </span><span>om värdepapperisering, som utgick från det arbete som i huvudsak</span><span> </span><span>utförts av E</span><span>BA</span><span>, BCBS och IOSCO i dessa frågor. </span><span>Förordningen antogs av </span><span>Europaparlamentet och</span><span> </span><span>rådet i slutet av december 2017</span><span> och </span><span>trädde i kraft den 17 januari 2018</span><span>. Förordningen</span><span> ska tillämpas</span><span> </span><span>i medlemsstaterna </span><span>fr.o.m. den 1</span><span> </span><span>januari 2019. Vid samma tidpunkt antog Europaparlamentet</span><span> </span><span>och rådet även en </span><span>ändring i tillsynsförordningen</span><a name=\"_ftnref1\"></a><a href=\"#_ftn1\"><span class=\"FootnoteReference\" style=\"font-size:6.33pt\">[1]</span></a><span> som </span><span>bl.a. in</span><span>nebär att STS-värdepapperiseringar kan omfattas av lägre kapitalkrav än andra värdepapperiseringar. </span>\r\n\t\t\t</p>\r\n\t\t\t<p class=\"R4\">\r\n\t\t\t\t<span>Förordningens innehåll</span>\r\n\t\t\t</p>\r\n\t\t\t<p>\r\n\t\t\t\t<span>Syftet med förordningen är att fastställa ett allmänt ramverk för värdepapperisering och att skapa ett särskilt ramverk för </span><span>s.k. </span><span>STS-värdepapperisering</span><span> (en särskild kategori av enkel, standardiserad</span><span> och transparent värdepapperisering)</span><span>.</span>\r\n\t\t\t</p>\r\n\t\t\t<p class=\"NormalIndent\">\r\n\t\t\t\t<span>V</span><span>ärdepapperisering innefattar transaktioner som gör det möjligt för en långivare eller en borgenär, oftast ett kreditinstitut eller ett bolag, att refinansiera en uppsättning lån, exponeringar eller fordringar </span><span>(</span><span>som t.ex. bostadslån, konsumentlån eller kundfordringar</span><span>)</span><span> genom att omvandla dem till överlåtbara värdepapper. Värdepapperiseringen sker genom att långivaren väljer ut en portfölj av sin utlåning, ompaketerar och sammanför lånen i olika riskkategorier (s.k. </span><span>trancher) riktade till olika typer av investerare. Investerarna får därmed tillgång till placeringar i lån och andra exponeringar som de normalt inte skulle ha direkt tillgång till. Avkastningen till investerarna kommer från de kassaflöden som genereras av de underliggande lånen. </span>\r\n\t\t\t</p>\r\n\t\t\t<p class=\"NormalIndent\">\r\n\t\t\t\t<span>Förordningen är tillämplig på aktörer som på olika sätt deltar i värdepapperisering</span><span>, </span><span>och tillämpningsområdet omfattar institutionella investerare, originatorer</span><a name=\"_ftnref2\"></a><a href=\"#_ftn2\"><span class=\"FootnoteReference\" style=\"font-size:6.33pt\">[2]</span></a><span>, medverkande institut, ursprungliga långivare och specialföretag för värdepapperisering.</span><span> </span><span>I förordningen finns även bestämmelser om tredje parts kontroll av att STS-kriterierna är uppfyllda.</span>\r\n\t\t\t</p>\r\n\t\t\t<p class=\"NormalIndent\">\r\n\t\t\t\t<span>Förordningen innehåller</span><span> vissa</span><span> bestämmelser </span><span>som är tillämpliga på alla värdepapperiseringar. Exempelvis </span><span>finns </span><span>bestämmelser </span><span>om begränsningar i försäljning av värdepapperiseringar till icke-professionella kunder </span><span>och</span><span> regler om att specialföretag för värdepapperisering inte får vara etablerade</span><span> i vissa tredjeländer. </span><span>K</span><span>rav </span><span>ställs </span><span>också </span><span>på att institutionella investerare före en exponering mot en värdepapperisering ska genomföra en </span><span>s.k. </span><span>due diligence för att kunna bedöma kreditvärdighet</span><span>en</span><span>. Förordningen </span><span>innehåller också bestämmelser om </span><span>informationsskyldighet</span><span> </span><span>och</span><span> krav på att </span><span>originatorer, medverkande institut eller </span><span>ursprungliga långivare ska behålla </span><span>en del av risken kopplad till en värdepapperisering</span><span>. </span><span>Förordningen innehåller </span><span>även </span><span>villkor och </span><span>förfaranden för ett värdepapperiseringsregister </span><span>och</span><span> </span><span>förbud mot återvärdepapperisering</span><a name=\"_ftnref3\"></a><a href=\"#_ftn3\"><span class=\"FootnoteReference\" style=\"font-size:6.33pt\">[3]</span></a><span>.</span>\r\n\t\t\t</p>\r\n\t\t\t<p class=\"NormalIndent\">\r\n\t\t\t\t<span>Förordningen anger vissa krav som originatorer, medverkande institut och specialföretag för värdepapperisering ska uppfylla för att få använda beteckningen ”STS”. </span>\r\n\t\t\t</p>\r\n\t\t\t<p class=\"NormalIndent\">\r\n\t\t\t\t<span>Genom förordningen införs </span><span>också</span><span> en ordning för tillsyn över att de krav som förordningen </span><span>ställer på olika aktörer </span><span>är uppfyllda.</span>\r\n\t\t\t</p>\r\n\t\t\t<p class=\"R4\">\r\n\t\t\t\t<span>Det fortsatta arbetet inom EU</span>\r\n\t\t\t</p>\r\n\t\t\t<p>\r\n\t\t\t\t<span>Enligt förordningen ska E</span><span>BA</span><span>, </span><span>Europeiska värdepappers- och marknadsmyndigheten (European Securities and Markets Authority, </span><span>Esma</span><span>)</span><span> och Europeiska försäkrings- och tjänstepensionsmyndigheten (</span><span>European Insurance and Occupational Pension Authority, </span><span>Eiopa) utarbeta förslag till tekniska standarder för tillsyn och genomförande på ett antal områden och överlämna dessa förslag till kommissionen. </span>\r\n\t\t\t</p>\r\n\t\t\t<p class=\"NormalIndent\">\r\n\t\t\t\t<span>Europeiska systemrisknämnden (</span><span>European Systemic Risk Board, </span><span>ESRB) ska enligt förordningen inom gränserna för sitt uppdrag ansvara för makrotillsyn av unionens värdepapperiseringsmarknad. ESRB ska när nämnden anser det nödvändigt, dock senast vart tredje år, offentliggöra en rapport i samarbete med E</span><span>BA</span><span> om hur den finansiella stabiliteten påverkas av värdepapperiseringsmarknaden. Om väsentliga risker upptäcks ska ESRB utfärda varningar till kommissionen, de europeiska tillsynsmyndigheterna och medlemsstaterna och vid behov utfärda rekommendationer om korrigerande åtgärder med anledning av dessa risker.</span>\r\n\t\t\t</p>\r\n\t\t\t<p class=\"NormalIndent\">\r\n\t\t\t\t<span>Enligt förordningen ska det även inrättas en särskild värdepapperiseringskommitté inom ramen för den gemensamma kommittén för de europeiska tillsynsmyndigheterna. Inom denna kommitté ska de behöriga myndigheterna bedriva ett nära samarbete för att uppfylla sina skyldigheter. Kommittén ska senast den 1 januari 2021, och därefter vart tredje år, offentliggöra en rapport om bl.a. genomförandet av STS-kraven. </span>\r\n\t\t\t</p>\r\n\t\t\t<p class=\"NormalIndent\">\r\n\t\t\t\t<span>Kommissionen</span><span> </span><span>ska senast den 2 </span><span>januari 2020 lägga fram en rapport till Europaparlamentet och rådet om inrättande av ett särskilt ramverk för enkel, transparent och standardiserad värdepapperisering, begränsad till syntetisk värdepapperisering</span><a name=\"_ftnref4\"></a><a href=\"#_ftn4\"><span class=\"FootnoteReference\" style=\"font-size:6.33pt\">[4]</span></a><span> </span><span>i</span><span> </span><span>balansräkningen</span><span>.</span><span style=\"font-weight:bold\"> </span>\r\n\t\t\t</p>\r\n\t\t\t<p class=\"NormalIndent\">\r\n\t\t\t\t<span>Vidare ska k</span><span>ommissionen senast den 1 januari 2022 lägga fram en rapport om hur förordningen om värdepapperisering</span><span> </span><span>fungerar, vid behov åtföljd av ett l</span><span>agstiftningsförslag</span><span>.</span>\r\n\t\t\t</p>\r\n\t\t\t<p class=\"R4\">\r\n\t\t\t\t<span>En ny lag för att komplettera förordningen</span>\r\n\t\t\t</p>\r\n\t\t\t<p>\r\n\t\t\t\t<span>Regeringen föreslår att det införs</span><span> en ny lag med kompletterande bestämmelser till EU:s förordning om värdepapperisering. I den nya lagen finns de bestämmelser som krävs för att förordningen ska kunna tillämpas i Sverige fr.o.m. den 1 januari 2019. </span>\r\n\t\t\t</p>\r\n\t\t\t<p class=\"NormalIndent\">\r\n\t\t\t\t<span>I lagen anges att Finansinspektionen är behörig myndighet och att inspektionen får ta ut avgifter för prövning av ansökningar. </span>\r\n\t\t\t</p>\r\n\t\t\t<p class=\"NormalIndent\">\r\n\t\t\t\t<span>I lagen finns även en bestämmelse om att Finansinspektionen får bestämma att vissa beslut enligt förordningen ska gälla omedelbart.</span><span> Det gäller </span><span>beslut om återkallelse av tillstånd för tredje part att bedöma om STS-kriterierna är uppfyllda. Lagrådet ifrågasätter behovet och lämpligheten av att ange detta i en paragraf i den nya lagen, då det anser att den aktuella paragrafen inte torde uttrycka något som inte redan följer av förvaltningslagen. Regeringen anför dock att flera lagar på finansmarknadsområdet innehåller bestämmelser om att Finansinspektionen får besluta att vissa typer av beslut ska gälla omedelbart. Det faktum att möjligheten nämns i speciallagstiftningen signalerar enligt regeringen att allmänintresset av omedelbar verkställighet kan vara mycket högt i de aktuella fallen. </span>\r\n\t\t\t</p>\r\n\t\t\t<p class=\"NormalIndent\">\r\n\t\t\t\t<span>Möjligheten att överklaga beslut enligt förordningen följer redan av förvaltningslagen. Därför bedömer regeringen att det inte behöver tas in någon bestämmelse om överklagande av beslut i den nya lagen.</span>\r\n\t\t\t</p>\r\n\t\t\t<p class=\"R4\">\r\n\t\t\t\t<span>Ikraftträdande</span>\r\n\t\t\t</p>\r\n\t\t\t<p>\r\n\t\t\t\t<span>EU-f</span><span>örordningen om värdepapperisering ska tillämpas fr.o.m. den 1 januari 2019. Regeringen föreslår därför att den nya lagen med kompletterande bestämmelser till</span><span> f</span><span>örordningen ska träda i kraft </span><span>vid samma tidpunkt, dvs. </span><span>den 1 januari 2019.</span>\r\n\t\t\t</p>\r\n\t\t\t<p class=\"R4\" style=\"margin-bottom:0pt\">\r\n\t\t\t\t<span>Förslagets konsekvenser</span>\r\n\t\t\t</p>\r\n\t\t\t<p>\r\n\t\t\t\t<span>Förordningen </span><span>i sig </span><span>medför olika konsekvenser för de aktörer som på olika sätt deltar i värdepapperisering. Eftersom konsekvenserna för dessa subjekt följer direkt av förordningen hänvisar </span><span>regeringen i den delen till kommissionens konsekvensanalys.</span><span> </span>\r\n\t\t\t</p>\r\n\t\t\t<p class=\"NormalIndent\">\r\n\t\t\t\t<span>Förordningen förutsätter att vissa ytterligare</span><span> åtgärder vidtas i nationell rätt, t.ex. åligger det medlemsstaterna att införa bestämmelser om sanktioner för överträdelser av förordningen. Förslag till de ytterligare lagstiftningsåtgärder som krävs i svensk rätt med anledning av förordningen och konsekvenserna av de förslagen kommer att behandlas i ett annat sammanhang.</span>\r\n\t\t\t</p>\r\n\t\t\t<p class=\"NormalIndent\">\r\n\t\t\t\t<span>Förordningen kan enligt regeringen förväntas bidra till ökad kontroll av marknaden för värdepapperisering och de olika aktörer som är verksamma där. Detta kan i sin tur komma att höja kvaliteten på värdepapperisering och därmed bidra till ökad finansiell stabilitet. De potentiella vinsterna för samhället av ökad finansiell stabilitet är mycket stora. I Sverige finansieras emellertid den reala ekonomin </span><span>främst</span><span> genom banksektorn</span><span>,</span><span> och bankerna har i </span><span>dag god tillgång till billig finansiering genom framför allt säkerställda obligationer. Även om det finns aktörer som värdepapperiserar i finansieringssyfte, är det fortfarande en begränsad marknad i Sverige.</span>\r\n\t\t\t</p>\r\n\t\t\t<p class=\"NormalIndent\">\r\n\t\t\t\t<span>Förslaget kommer att innebära en ökad arbetsbörda för Finansinspektionen.</span><span> De kostnader som uppstår för Finansinspektionen med anledning av förordningen ska </span><span>dock </span><span>inte belasta statsfinanserna. </span><span>I propositionen föreslås att Finansinspektionen ska få ta ut avgifter för prövning av ansökningar enligt förordningen. Övriga merkostnader för Finansinspektionen med anledning av förordningen ska hanteras inom befintliga ekonomiska ramar.</span>\r\n\t\t\t</p>\r\n\t\t\t<p class=\"NormalIndent\">\r\n\t\t\t\t<span>Även eventuella merkostnader som kan uppkomma för de allmänna förvaltningsdomstolarna</span><span> </span><span>med anledning av förordningen ska hanteras inom</span><span> </span><span>befintliga ekonomiska ramar.</span>\r\n\t\t\t</p>\r\n\t\t\t<p class=\"R3\">\r\n\t\t\t\t<span>Utskottets ställningstagande</span>\r\n\t\t\t</p>\r\n\t\t\t<p>\r\n\t\t\t\t<span>Det har inte väckts någon motion med anledning av regeringens lagförslag. Utskottet anser att riksdagen av de skäl som anförs i propositionen bör anta regeringens här aktuella lagförslag.</span>\r\n\t\t\t</p>\r\n\t\t\t<h2 style=\"-aw-sdt-tag:3b860ebe-b80d-4afb-ab77-2d8d36602c60/förslagsrutor/1435269997/1540379267236; -aw-sdt-title:förslagsrutor\">\r\n\t\t\t\t<a name=\"_Toc529891001\"><span>Ändrade regler för försäkringsföretags användning av volatilitetsjustering</span></a>\r\n\t\t\t</h2>\r\n\t\t\t<div style=\"border-bottom-color:#000000; border-bottom-style:solid; border-bottom-width:0.75pt; border-left-color:#000000; border-left-style:solid; border-left-width:0.75pt; border-right-color:#000000; border-right-style:solid; border-right-width:0.75pt; border-top-color:#000000; border-top-style:solid; border-top-width:0.75pt; clear:both; margin:3.1pt 0.9pt 0pt\">\r\n\t\t\t\t<p class=\"Normalrutafet\" style=\"margin:0pt; padding-right:4pt; padding-left:4pt\">\r\n\t\t\t\t\t<span style=\"-aw-bookmark-end:_Toc529891001\"></span><span>Utskottets förslag i korthet</span>\r\n\t\t\t\t</p>\r\n\t\t\t\t<p class=\"Normalruta\" style=\"margin:0pt; padding-right:4pt; padding-left:4pt; padding-bottom:4pt\">\r\n\t\t\t\t\t<span>Riksdagen</span><span> antar regeringens lagförslag som innebär</span><span> en begränsning av försäkringsföretags användning av en s.k. volatilitetsjustering vid beräkning av försäkringstekniska avsättningar.</span><span> </span><span>Med denna lagändring genomförs Solvens II-direktivet fullt ut i svensk rätt. </span>\r\n\t\t\t\t</p>\r\n\t\t\t</div>\r\n\t\t\t<p class=\"Mellanrum\">\r\n\t\t\t\t<span> </span>\r\n\t\t\t</p>\r\n\t\t\t<p class=\"R3\">\r\n\t\t\t\t<span>Propositionen</span>\r\n\t\t\t</p>\r\n\t\t\t<p class=\"R4\" style=\"margin-top:6pt\">\r\n\t\t\t\t<span>Bakgrund</span>\r\n\t\t\t</p>\r\n\t\t\t<p>\r\n\t\t\t\t<span>Solvens II-direktivet</span><a name=\"_ftnref5\"></a><a href=\"#_ftn5\"><span class=\"FootnoteReference\" style=\"font-size:6.33pt\">[5]</span></a><span> </span><span>antogs hösten 2009. Tidsfristen för införlivande och tillämpning bestämdes slutligen till den 31 mars 2015 respektive den 1 januari 2016. Direktivet innebär en reformering av den grundläggande regleringen på EU-nivå för försäkringsföretag och är till stora delar ett fullharmoniseringsdirektiv. Direktivet innehåller bl.a. förändrade kapitalkrav för försäkringsföretagen, tydligare krav på företagsstyrning, ändrade regler för tillsynsprocesserna samt mer omfattande krav på försäkringsföretagens rapportering och offentliggörande av information.</span>\r\n\t\t\t</p>\r\n\t\t\t<p class=\"NormalIndent\">\r\n\t\t\t\t<span>I april 2014 beslutade Europaparlamentet och rådet om det s.k.</span><span> O</span><span>mnibus II</span><span>-</span><span>direktivet</span><a name=\"_ftnref6\"></a><a href=\"#_ftn6\"><span class=\"FootnoteReference\" style=\"font-size:6.33pt\">[6]</span></a><span>, som reviderar och kompletterar Solvens II</span><span>.</span><span> </span><span>Omnibus II-direktivet preciserar de europeiska tillsynsmyndigheternas befogenheter</span><span> och</span><span> innehåller även en </span><span>delegering av befogenheter till kommissionen om att anta genomförandeåtgärder och flera ändringar i Solvens II-direktivet. En av ändringarna är att det införs regler om volatilitetsjustering i Solvens II-direktivet.</span><span> </span><span>Syftet med reglerna är att motverka s.k. procykliskt agerande i försäkringsföretagens investeringsprocesser. Genom volatilitetsjusteringen mildras effekterna av överdrivna eller mycket stora räntedifferenser eller </span><span>s.k. </span><span>spreadar för obligationer.</span>\r\n\t\t\t</p>\r\n\t\t\t<p class=\"NormalIndent\">\r\n\t\t\t\t<span>Solvens II-direktivet</span><span> (inkl. </span><span>O</span><span>mnibus II</span><span>)</span><span> har genomförts i svensk rätt genom ändringar i bl.a. försäkringsrörelselagen. Ändringarna trädde i kraft den 1</span><span> </span><span>januari 2016 (prop. 2015/16:9, bet. </span><span>2015/16:FiU7, rskr. 2015/16:38</span><span>).</span><span> För försäkringsföretag infördes flera nya</span><span> bestämmelser om försäkringstekniska</span><span> avsättningar och hur dessa ska beräknas. Av intresse för </span><span>det här ärendet är att det</span><span> infördes en bestämmelse om att försäkringsföretag får använda en volatilitetsjusterad riskfri räntestruktur vid beräkningen av de försäkringstekniska avsättningarna.</span><span> Finansinspektionen har utfärdat föreskrifter om hur volatilitetsjusteringen ska beräknas.</span>\r\n\t\t\t</p>\r\n\t\t\t<p class=\"NormalIndent\">\r\n\t\t\t\t<span>Vid genomförandet i svensk rätt av Solvens II-direktivet gjorde</span><span> regeringen</span><span> bedömningen att de begränsningar i användningsområdet för den volatilitetsjustering som regleras i direktivet inte krävde några lagstiftningsåtgärder.</span><span> Nu görs således en annan bedömning.</span>\r\n\t\t\t</p>\r\n\t\t\t<p class=\"R4\">\r\n\t\t\t\t<span>Tydligare regler om volatilitetsjustering vid beräkning av försäkringstekniska avsättningar</span>\r\n\t\t\t</p>\r\n\t\t\t<p>\r\n\t\t\t\t<span>I Solvens II-direktivet finns en begränsning av användningsområdet för den volatilitetsjustering som regleras i direktivet. Den begränsningen innebär att</span><span> volatilitetsjusteringen bara får tillämpas för </span><span>marknader och valutor som anges i genomförandeakter som har antagits av kommissionen. </span><span>I</span><span> gällande svensk rätt finns det inte någon motsvarande begränsning. För att fullt ut genomföra Solvens II-direktivet i svensk rätt föreslår</span><span> därför</span><span> regeringen att det införs en sådan begränsning i försäkringsrörelselagen.</span><span> Det innebär att om kommissionen har antagit en genomförandeakt med stöd av Solvens II-direktivet och denna gäller för ett försäkringsföretag, ska företaget för volatilitetsjusteringen endast få använda de tekniska uppgifter som anges i den rättsakten.</span><span> </span>\r\n\t\t\t</p>\r\n\t\t\t<p class=\"R4\">\r\n\t\t\t\t<span>Ikraftträdande</span>\r\n\t\t\t</p>\r\n\t\t\t<p>\r\n\t\t\t\t<span>Regeringen föreslår att ändringen i försäkringsrörelselagen ska träda i kraft den 1 januari 2019.</span>\r\n\t\t\t</p>\r\n\t\t\t<p class=\"R4\" style=\"margin-bottom:0pt\">\r\n\t\t\t\t<span>Förslagets konsekvenser</span>\r\n\t\t\t</p>\r\n\t\t\t<p>\r\n\t\t\t\t<span>Syftet med förslaget är uteslutande att fullt ut genomföra Solvens II-direktivet i svensk rätt. Finansinspektionen, som i dag har rätt att meddela föreskrifter om hur volatilitetsjusteringen ska beräknas, kan komma att behöva anpassa sina föreskrifter med anledning av förslaget. Detta arbete får dock </span><span>enligt regeringen </span><span>anses vara av begränsad omfattning</span><span>,</span><span> och eventuella merkostnader ska hanteras inom befintliga ekonomiska ramar. Förslaget antas inte medföra nämnvärda konsekvenser för försäkringsföretagen, och därmed inte heller för försäkringstagarna eller andra ersättningsberättigade till följd av försäkringsavtal. Vidare bedöms förslaget inte medföra några konsekvenser för andra myndigheter än Finansinspektionen.</span>\r\n\t\t\t</p>\r\n\t\t\t<p class=\"R3\">\r\n\t\t\t\t<span>Utskottets ställningstagande</span>\r\n\t\t\t</p>\r\n\t\t\t<p>\r\n\t\t\t\t<span>Det har inte väckts någon motion med anledning av regeringens lagförslag. Utskottet anser att riksdagen av de skäl som anförs i propositionen bör anta regeringens här aktuella lagförslag.</span>\r\n\t\t\t</p>\r\n\t\t\t<h2 style=\"-aw-sdt-tag:5f237f2a-c8f3-43c7-9e27-613143d68114/förslagsrutor/-143286947/1540379289743; -aw-sdt-title:förslagsrutor\">\r\n\t\t\t\t<a name=\"_Toc529891002\"><span>Ändrad hänvisning i lagen om kommunal bokföring och redovisning</span></a>\r\n\t\t\t</h2>\r\n\t\t\t<div style=\"border-bottom-color:#000000; border-bottom-style:solid; border-bottom-width:0.75pt; border-left-color:#000000; border-left-style:solid; border-left-width:0.75pt; border-right-color:#000000; border-right-style:solid; border-right-width:0.75pt; border-top-color:#000000; border-top-style:solid; border-top-width:0.75pt; clear:both; margin:3.1pt 0.9pt 0pt\">\r\n\t\t\t\t<p class=\"Normalrutafet\" style=\"margin:0pt; padding-right:4pt; padding-left:4pt\">\r\n\t\t\t\t\t<span style=\"-aw-bookmark-end:_Toc529891002\"></span><span>Utskottets förslag i korthet</span>\r\n\t\t\t\t</p>\r\n\t\t\t\t<p class=\"Normalruta\" style=\"margin:0pt; padding-right:4pt; padding-left:4pt; padding-bottom:4pt\">\r\n\t\t\t\t\t<span>Riksdagen</span><span> antar regeringens lagförslag som innebär att det </span><span>i lagen om kommunal bokföring och redovisning</span><span> </span><span>framgår att de kommunala koncernföretagens pensionsförmåner i de sammanställda räkenskaperna inte ska redovisas enligt de bestämmelser som gäller för kommuner och landsting.</span>\r\n\t\t\t\t</p>\r\n\t\t\t</div>\r\n\t\t\t<p class=\"Mellanrum\">\r\n\t\t\t\t<span> </span>\r\n\t\t\t</p>\r\n\t\t\t<p class=\"R3\">\r\n\t\t\t\t<span>Propositionen</span>\r\n\t\t\t</p>\r\n\t\t\t<p>\r\n\t\t\t\t<span>Redovisningen av kommunernas och landstingens pensionsskuld sker i dag enligt den s.k. blandmodellen. Det innebär att det bara är pensionsförpliktelser intjänade efter 1998 som redovisas som avsättning i balansräkningen. Pensionsförpliktelser intjänade före 1998 redovisas i stället som en ansvarsförbindelse. I de kommunala koncernföretagen redovisas pensionsförpliktelser enligt den s.k. fullfonderingsmodellen. Det innebär att hela pensionsåtagandet redovisas som avsättning eller skuld i balansräkningen, oavsett när pensionsförmånerna har intjänats.</span>\r\n\t\t\t</p>\r\n\t\t\t<p class=\"NormalIndent\">\r\n\t\t\t\t<span>I</span><span> propositionen En ändamålsenlig kommunal bokföring och redovisning gjordes en felaktig hänvisning i lagen om kommunal bokföring och redovisning</span><span> </span><span>(prop. 2017/18:149</span><span>, bet. 2017/18:FiU42, rskr. 2017/18:285</span><span>)</span><span>.</span><span> </span><span>Dessa </span><span>beslutade </span><span>lagändringar ska träda i kraft den 1 januari 2019. </span><span>Det har varit lagstiftarens avsikt att behålla den nuvarande ordningen, även om det inte kommit till uttryck i lagtexten. Om inte detta ändras kommer det enligt regeringen</span><span> att</span><span> innebära ett stort merarbete, dels för kommuner och landsting att kräva in uppgifterna, dels för företagen att ta fram uppgifterna. Regeringen föreslår mot denna bakgrund att lagen om kommunal bokföring och redovisning ändras på så vis att de kommunala koncernföretagens pensionsförmåner i de sammanställda räkenskaperna inte ska redovisas enligt de bestämmelser som gäller för kommuner och landsting.</span>\r\n\t\t\t</p>\r\n\t\t\t<p class=\"R4\" style=\"margin-top:6pt\">\r\n\t\t\t\t<span>Ikraftträdande</span>\r\n\t\t\t</p>\r\n\t\t\t<p>\r\n\t\t\t\t<span>Regeringen föreslår att ändringen i </span><span>lagen om kommunal bokföring</span><span> ska träda i kraft den 1 januari 2019.</span>\r\n\t\t\t</p>\r\n\t\t\t<p class=\"R4\">\r\n\t\t\t\t<span>Förslagets konsekvenser</span>\r\n\t\t\t</p>\r\n\t\t\t<p>\r\n\t\t\t\t<span>Förslaget innebär att man behåller den i dag gällande ordningen och att lagförslaget träder i kraft samtidigt som den nya lagen om kommunal bokföring och redovisning. Förslaget bedöms mot den bakgrunden inte få några konsekvenser.</span>\r\n\t\t\t</p>\r\n\t\t\t<p class=\"R3\">\r\n\t\t\t\t<span>Utskottets ställningstagande</span>\r\n\t\t\t</p>\r\n\t\t\t<p>\r\n\t\t\t\t<span>Det har inte väckts någon motion med anledning av regeringens lagförslag. Utskottet anser att riksdagen av de skäl som anförs i propositionen bör anta regeringens här aktuella lagförslag.</span>\r\n\t\t\t</p>\r\n\t\t\t<p class=\"Bilaga\">\r\n\t\t\t\t<span class=\"tBilagaJA\">Bilaga 1</span>\r\n\t\t\t</p>\r\n\t\t\t<p class=\"Bilagerubrik\">\r\n\t\t\t\t<a name=\"_Toc529891003\"><span class=\"tSidrubrikJA\">Förteckning över behandlade förslag</span></a>\r\n\t\t\t</p>\r\n\t\t\t<p class=\"Rubrik2bilaga\" style=\"-aw-sdt-tag:'dokumentavsnitt/förteckning över behandlade förslag/-2075551939/1539850092904'; -aw-sdt-title:'förteckning över behandlade förslag'\">\r\n\t\t\t\t<a name=\"_Toc529891004\"><span>Propositionen</span></a><span> </span>\r\n\t\t\t</p>\r\n\t\t\t<h4 style=\"-aw-sdt-tag:'dokumentavsnitt/förteckning över behandlade förslag/-2075551939/1539850092904'; -aw-sdt-title:'förteckning över behandlade förslag'\">\r\n\t\t\t\t<span>Proposition 2018/19:7 Prövning av ärenden enligt EU:s förordning om värdepapperisering och volatilitetsjustering för försäkringsföretag:</span>\r\n\t\t\t</h4>\r\n\t\t\t<p class=\"Yrkandelista\" style=\"margin-bottom:0pt; -aw-sdt-tag:'dokumentavsnitt/förteckning över behandlade förslag/-2075551939/1539850092904'; -aw-sdt-title:'förteckning över behandlade förslag'\">\r\n\t\t\t\t<span>1.</span><span style=\"width:21.22pt; text-indent:0pt; display:inline-block\"></span><span>Riksdagen antar regeringens förslag till lag med kompletterande bestämmelser till EU:s förordning om värdepapperisering.</span>\r\n\t\t\t</p>\r\n\t\t\t<p class=\"Yrkandelista\" style=\"margin-top:0pt; margin-bottom:0pt; -aw-sdt-tag:'dokumentavsnitt/förteckning över behandlade förslag/-2075551939/1539850092904'; -aw-sdt-title:'förteckning över behandlade förslag'\">\r\n\t\t\t\t<span>2.</span><span style=\"width:21.22pt; text-indent:0pt; display:inline-block\"></span><span>Riksdagen antar regeringens förslag till lag om ändring i försäkringsrörelselagen (2010:2043).</span>\r\n\t\t\t</p>\r\n\t\t\t<p class=\"Yrkandelista\" style=\"margin-top:0pt; -aw-sdt-tag:'dokumentavsnitt/förteckning över behandlade förslag/-2075551939/1539850092904'; -aw-sdt-title:'förteckning över behandlade förslag'\">\r\n\t\t\t\t<span>3.</span><span style=\"width:21.22pt; text-indent:0pt; display:inline-block\"></span><span>Riksdagen antar regeringens förslag till lag om ändring i lagen (2018:597) om kommunal bokföring och redovisning.</span>\r\n\t\t\t</p>\r\n\t\t\t<p class=\"Mellanrum\">\r\n\t\t\t\t<span> </span>\r\n\t\t\t</p>\r\n\t\t\t<p class=\"Mellanrum\" style=\"-aw-sdt-tag:'dokumentavsnitt/förteckning över behandlade förslag/-2075551939/1539850092904'; -aw-sdt-title:'förteckning över behandlade förslag'\">\r\n\t\t\t\t<span> </span>\r\n\t\t\t</p>\r\n\t\t\t<p>\r\n\t\t\t\t<span> </span>\r\n\t\t\t</p>\r\n\t\t\t<p class=\"Bilaga\">\r\n\t\t\t\t<span class=\"tBilagaJA\">Bilaga 2</span>\r\n\t\t\t</p>\r\n\t\t\t<p class=\"Bilagerubrik\">\r\n\t\t\t\t<a name=\"_Toc529891005\"><span class=\"tSidrubrikJA\">Regeringens lagförslag</span></a>\r\n\t\t\t</p>\r\n\t\t\t<p>\r\n\t\t\t\t<img src=\"http://data.riksdagen.se/fil/h601fiu28/Dokument.001.png\" width=\"394\" height=\"487\" alt=\"\" style=\"-aw-left-pos:0pt; -aw-rel-hpos:column; -aw-rel-vpos:paragraph; -aw-top-pos:0pt; -aw-wrap-type:inline\" />\r\n\t\t\t</p>\r\n\t\t\t<p>\r\n\t\t\t\t<img src=\"http://data.riksdagen.se/fil/h601fiu28/Dokument.002.png\" width=\"393\" height=\"756\" alt=\"\" style=\"-aw-left-pos:0pt; -aw-rel-hpos:column; -aw-rel-vpos:paragraph; -aw-top-pos:0pt; -aw-wrap-type:inline\" />\r\n\t\t\t</p>\r\n\t\t\t<p>\r\n\t\t\t\t<img src=\"http://data.riksdagen.se/fil/h601fiu28/Dokument.003.png\" width=\"394\" height=\"491\" alt=\"\" style=\"-aw-left-pos:0pt; -aw-rel-hpos:column; -aw-rel-vpos:paragraph; -aw-top-pos:0pt; -aw-wrap-type:inline\" />\r\n\t\t\t</p>\r\n\t\t\t<p>\r\n\t\t\t\t<span> </span>\r\n\t\t\t</p>\r\n\t\t</div>\r\n\t\t<hr style=\"width:33%; height:1px; text-align:left; -aw-footnote-numberstyle:0; -aw-footnote-startnumber:1; -aw-footnote-type:0\" />\r\n\t\t<div id=\"_ftn1\" style=\"-aw-footnote-isauto:1\">\r\n\t\t\t<p class=\"FootnoteText\">\r\n\t\t\t\t<a href=\"#_ftnref1\"><span class=\"FootnoteReference\" style=\"font-size:6.33pt\">[1]</span></a><span> </span><span>Europaparlamentets och rådets förordning (EU) 2017/2401 av den 12 december 2017 om ändring av förordning (EU) 575/2013 om tillsynskrav för kreditinstitut och värdepappersföretag.</span>\r\n\t\t\t</p>\r\n\t\t</div>\r\n\t\t<div id=\"_ftn2\" style=\"-aw-footnote-isauto:1\">\r\n\t\t\t<p class=\"FootnoteText\">\r\n\t\t\t\t<a href=\"#_ftnref2\"><span class=\"FootnoteReference\" style=\"font-size:6.33pt\">[2]</span></a><span> Med o</span><span>riginator menas den ursprungliga</span><span> långivaren av de underliggande tillgångar som värdepapperiseringen baserar sig på. Originator kan även vara en enhet som förvärvar</span><span> en</span><span> tredje parts exponeringar för sin egen räkning och därefter värdepapperiserar dem.</span>\r\n\t\t\t</p>\r\n\t\t</div>\r\n\t\t<div id=\"_ftn3\" style=\"-aw-footnote-isauto:1\">\r\n\t\t\t<p class=\"FootnoteText\">\r\n\t\t\t\t<a href=\"#_ftnref3\"><span class=\"FootnoteReference\" style=\"font-size:6.33pt\">[3]</span></a><span> </span><span>Med </span><span>återvärdepapperisering</span><span> avses en värdepapperisering där minst en av de underliggande exponeringarna är en värdepapperiseringsposition.</span>\r\n\t\t\t</p>\r\n\t\t</div>\r\n\t\t<div id=\"_ftn4\" style=\"-aw-footnote-isauto:1\">\r\n\t\t\t<p class=\"FootnoteText\">\r\n\t\t\t\t<a href=\"#_ftnref4\"><span class=\"FootnoteReference\" style=\"font-size:6.33pt\">[4]</span></a><span> Med syntetisk värdepapperisering avses enligt förordningen en värdepapperisering vid vilken risköverföringen uppnås genom användning av kreditderivat eller garantier</span><span>,</span><span> och de exponeringar som värdepapperiseras förblir exponeringar för originatorn.</span><span> Syftet är att minska kreditrisken för att få lägre kapitalkrav.</span>\r\n\t\t\t</p>\r\n\t\t</div>\r\n\t\t<div id=\"_ftn5\" style=\"-aw-footnote-isauto:1\">\r\n\t\t\t<p class=\"FootnoteText\">\r\n\t\t\t\t<a href=\"#_ftnref5\"><span class=\"FootnoteReference\" style=\"font-size:6.33pt\">[5]</span></a><span> </span><span>Europaparlamentets och rådets direktiv 2009/138/EG av den 25 november 2009 om upptagande och utövande av försäkrings- och återförsäkringsverksamhet</span><span>.</span>\r\n\t\t\t</p>\r\n\t\t</div>\r\n\t\t<div id=\"_ftn6\" style=\"-aw-footnote-isauto:1\">\r\n\t\t\t<p class=\"FootnoteText\">\r\n\t\t\t\t<a href=\"#_ftnref6\"><span class=\"FootnoteReference\" style=\"font-size:6.33pt\">[6]</span></a><span> </span><span>Europaparlamentets och rådets direktiv 2014/51/EU av den 16 april 2014 om ändring av direktiven 2003/71/EG och 2009/138/EG och förordningarna (EG) nr 1060/2009, (EU) nr 1094/2010 och (EU) nr</span><span> </span><span>1095/2010 med avseende på befogenheterna för Europeiska tillsynsmyndigheten (Europeiska försäkrings- och tjänstepensionsmyndigheten) och Europeiska tillsynsmyndigheten (Europeiska värdepappers- och marknadsmyndigheten).</span>\r\n\t\t\t</p>\r\n\t\t</div>\r\n\t"},"dokutskottsforslag":{"utskottsforslag":[{"punkt":"1","rubrik":"En ny lag med kompletterande bestämmelser till EU:s förordning om värdepapperisering","forslag":"Riksdagen antar&nbsp;regeringens förslag till lag med kompletterande bestämmelser till EU:s förordning om värdepapperisering.<BR/>Därmed bifaller riksdagen proposition 2018/19:7 punkt 1.<BR/><BR/>","beslutstyp":"acklamation","motforslag_nummer":"0","motforslag_partier":null,"votering_id":null,"votering_sammanfattning_html":null,"votering_url_xml":null,"rm":"2018/19","bet":"FiU28","vinnare":"utskottet"},{"punkt":"2","rubrik":"Ändrade regler för försäkringsföretags användning av volatilitetsjustering","forslag":"Riksdagen antar regeringens förslag till lag om ändring i försäkringsrörelselagen (2010:2043).<BR/>Därmed bifaller riksdagen proposition 2018/19:7 punkt 2.<BR/><BR/>","beslutstyp":"acklamation","motforslag_nummer":"0","motforslag_partier":null,"votering_id":null,"votering_sammanfattning_html":null,"votering_url_xml":null,"rm":"2018/19","bet":"FiU28","vinnare":"utskottet"},{"punkt":"3","rubrik":"Ändrad hänvisning i lagen om kommunal bokföring och redovisning","forslag":"Riksdagen antar regeringens förslag till lag om ändring i lagen (2018:597) om kommunal bokföring och redovisning.<BR/>Därmed bifaller riksdagen proposition 2018/19:7 punkt 3.<BR/><BR/>","beslutstyp":"acklamation","motforslag_nummer":"0","motforslag_partier":null,"votering_id":null,"votering_sammanfattning_html":null,"votering_url_xml":null,"rm":"2018/19","bet":"FiU28","vinnare":"utskottet"}]},"dokaktivitet":{"aktivitet":[{"kod":"UBE","namn":"Beredning","datum":"2018-11-06 00:00:00","status":"inträffat","ordning":"0","process":null},{"kod":"UBE","namn":"Beredning","datum":"2018-11-13 00:00:00","status":"inträffat","ordning":"0","process":null},{"kod":"JUS","namn":"Justering","datum":"2018-11-15 00:00:00","status":"inträffat","ordning":"0","process":null},{"kod":"TRY","namn":"Trycklov","datum":"2018-11-15 00:00:00","status":"inträffat","ordning":"0","process":null},{"kod":"B","namn":"Bordläggning","datum":"2018-11-20 00:00:00","status":"inträffat","ordning":"0","process":null},{"kod":"BEH","namn":"Behandling","datum":"2018-11-21 00:00:00","status":"inträffat","ordning":"0","process":null},{"kod":"BES","namn":"Beslut","datum":"2018-11-21 00:00:00","status":"inträffat","ordning":"0","process":null}]},"dokuppgift":{"uppgift":[{"kod":"notis","namn":"Beslut i korthet","text":"                           <p>Riksdagen sa ja till regeringens förslag om en ny lag som ska komplettera tvingande EU-regler om värdepapperisering.</p>\r\n<p>Värdepapperisering sker när ett kreditinstitut eller ett bolag omvandlar en uppsättning lån eller fodringar till värdepapper som kan säljas vidare till exempelvis investerare. Kompletteringen som nu görs innebär bland annat att Finansinspektionen blir ansvarig myndighet för ramverket och att inspektionen får ta ut avgifter för att pröva olika ansökningar med koppling till värdepapperisering. Kompletteringarna krävs för att de tvingande EU-reglerna ska kunna börja gälla i Sverige den 1 januari 2019.</p>\r\n<p>De tvingande EU-reglerna syftar till att skapa ett EU-övergripande ramverk för värdepapperisering. Under finanskrisen utgjorde brister på värdepapperinseringsmarknaden ett betydande hot mot det finansiella systemet.</p>\r\n<p>Riksdagen sa också ja till regeringens förslag om nya bestämmelser i försäkringsrörelselagen som berör så kallade volalitetsjusteringar. Volalitetsjusteringar syftar till att motverka att företag gör investeringar som späder på en lågkonjunktur eller förstärker en högkonjunktur på ett sätt som blir problematiskt för det finansiella systemet.</p>\r\n<p>Samtliga lagändringar börjar gälla den 1 januari 2019.</p>\r\n                                            ","dok_id":"H601FiU28","systemdatum":"2018-11-21 16:39:40"},{"kod":"notisrubrik","namn":"Beslut","text":"Ja till kompletterande lag om värdepapperisering (FiU28)","dok_id":"H601FiU28","systemdatum":"2018-11-21 16:39:40"},{"kod":"utsknotis","namn":"Utskottets förslag till beslut","text":"                           <p>Finansutskottet föreslår att riksdagen säger ja till regeringens förslag om en ny lag som ska komplettera tvingande EU-regler om värdepapperisering.</p>\r\n<p>Värdepapperisering sker när ett kreditinstitut eller ett bolag omvandlar en uppsättning lån eller fodringar till värdepapper som kan säljas vidare till exempelvis investerare. Kompletteringen som nu föreslås innebär bland annat att Finansinspektionen blir ansvarig myndighet för ramverket och att inspektionen får ta ut avgifter för att pröva olika ansökningar med koppling till värdepapperisering. Kompletteringarna krävs för att de tvingande EU-reglerna ska kunna börja gälla i Sverige den 1 januari 2019.</p>\r\n<p>De tvingande EU-reglerna syftar till att skapa ett EU-övergripande ramverk för värdepapperisering. Under finanskrisen utgjorde brister på värdepapperinseringsmarknaden ett betydande hot mot det finansiella systemet.</p>\r\n<p>Utskottet föreslår också att riksdagen säger ja till regeringens förslag om nya bestämmelser i försäkringsrörelselagen som berör så kallade volalitetsjusteringar. Volalitetsjusteringar syftar till att motverka att företag gör investeringar som späder på en lågkonjunktur eller förstärker en högkonjunktur på ett sätt som blir problematiskt för det finansiella systemet.</p>\r\n<p>Samtliga lagändringar föreslås börja gälla den 1 januari 2019.</p>\r\n                                            ","dok_id":"H601FiU28","systemdatum":"2018-11-21 16:39:40"},{"kod":"utsknotisrubrik","namn":"Utskottets förslag","text":"Ja till kompletterande lag om värdepapperisering (FiU28)","dok_id":"H601FiU28","systemdatum":"2018-11-21 16:39:40"},{"kod":"rdbeslut","namn":"Riksdagens beslut","text":"Kammaren biföll utskottets förslag.","dok_id":"H601FiU28","systemdatum":"2018-11-21 16:57:54"},{"kod":"beslutssammanfattningusk","namn":"Utskottets förslag till beslut","text":"Bifall till propositionen.","dok_id":"H601FiU28","systemdatum":"2018-11-15 16:08:11"},{"kod":"debattdatumtid","namn":"Datum och tid för debatten","text":"2018-11-21 00:00:00","dok_id":"H601FiU28","systemdatum":"2018-11-21 16:39:40"},{"kod":"beslutdatumtid","namn":"Datum och tid för beslutet","text":"2018-11-21 00:00:00","dok_id":"H601FiU28","systemdatum":"2018-11-21 16:39:40"},{"kod":"statustext","namn":"statustext","text":"Ärendet är avslutat","dok_id":"H601FiU28","systemdatum":"2018-11-22 13:31:36"}]},"dokbilaga":{"bilaga":{"dok_id":"H601FiU28","titel":"Prövning av ärenden enligt EU:s förordning om värdepapperisering samt volatilitetsjustering för försäkringsföretag","subtitel":null,"filnamn":"2018_19_FiU28_20181115160730_Publicering.pdf","filstorlek":"563910","filtyp":"pdf","fil_url":"http://data.riksdagen.se/fil/FA89D07E-1DF0-4246-84A3-3C8E63949C24"}},"dokreferens":{"referens":[{"referenstyp":"behandlar","uppgift":"Proposition 2018/19:7 Prövning av ärenden enligt EU:s förordning om värdepapperisering och volatilitetsjustering för försäkringsföretag","ref_dok_id":"H6037","ref_dok_typ":"prop","ref_dok_rm":"2018/19","ref_dok_bet":"7","ref_dok_titel":"Prövning av ärenden enligt EU:s förordning om värdepapperisering och volatilitetsjustering för försäkringsföretag","ref_dok_subtitel":null,"ref_dok_subtyp":"prop","ref_dok_dokumentnamn":"Proposition"},{"referenstyp":"föredragningslista","uppgift":"föredragningslista 2018/19:19 Onsdag den 21 november 2018","ref_dok_id":"H60I19","ref_dok_typ":"f-lista","ref_dok_rm":"2018/19","ref_dok_bet":"19","ref_dok_titel":"Onsdag den 21 november 2018","ref_dok_subtitel":null,"ref_dok_subtyp":null,"ref_dok_dokumentnamn":"Föredragningslista"},{"referenstyp":"protokollbeslut","uppgift":"2018-11-21","ref_dok_id":"H60919","ref_dok_typ":"prot","ref_dok_rm":"2018/19","ref_dok_bet":"19","ref_dok_titel":"Protokoll 2018/19:19 Onsdagen den 21 november","ref_dok_subtitel":null,"ref_dok_subtyp":null,"ref_dok_dokumentnamn":"Protokoll"},{"referenstyp":"rskr","uppgift":null,"ref_dok_id":"H60K39","ref_dok_typ":"rskr","ref_dok_rm":"2018/19","ref_dok_bet":"39","ref_dok_titel":"Riksdagsskrivelse 2018/19:39","ref_dok_subtitel":null,"ref_dok_subtyp":"rskr","ref_dok_dokumentnamn":"Riksdagsskrivelse"}]},"debatt":null}}