{"dokumentstatus":{"dokument":{"hangar_id":"5022067","dok_id":"H601FiU33","rm":"2018/19","beteckning":"FiU33","typ":"bet","subtyp":"bet","doktyp":"bet","typrubrik":"Betänkande 2018/19:FiU33","dokumentnamn":"Betänkande","debattnamn":"Debatt om förslag","tempbeteckning":"","organ":"FiU","mottagare":"","nummer":"33","slutnummer":"0","datum":"2019-03-07 00:00:00","systemdatum":"2019-03-14 00:09:36","publicerad":"2019-02-14 09:25:07","titel":"Extra ändringsbudget för 2019  Kapitalhöjning i Europeiska investeringsbanken","subtitel":"","status":"Webbpublicering","htmlformat":"html","relaterat_id":"","source":"RIM","sourceid":"20505d3d-5526-42e8-8c96-7cae113bd6d6","dokument_url_text":"http://data.riksdagen.se/dokument/H601FiU33/text","dokument_url_html":"http://data.riksdagen.se/dokument/H601FiU33","dokumentstatus_url_xml":"http://data.riksdagen.se/dokumentstatus/H601FiU33","utskottsforslag_url_xml":"http://data.riksdagen.se/utskottsforslag/H601FiU33","html":"<style><!--\r\n .w600px{width: 600px;font-family:Verdana, Geneva, sans-serif}\r\nh2.dtyp{font-size:1.5em !important;} \r\n/********************************************************************************************************/\r\n/* Styles for D:\\Logs\\DocumentConverter\\\\Output_802bdbe2-4543-4a0e-afac-95121d8c7e88\\HTML\\Dokument.html */\r\n/* Generated by Aspose.Words for .NET 15.3.0.0                                                          */\r\n/********************************************************************************************************/\r\n\r\n@page Section1 { size:467.8pt 686.05pt; margin:45.35pt 102.05pt 73.7pt 70.85pt }\r\ndiv.Section1 { page:Section1 }\r\nzbody { text-align:justify; line-height:12.5pt; font-family:'Verdana'; font-size:9.5pt }\r\nzh1, h2, h3, h4, h5, h6, p { margin:3.1pt 0pt 0pt }\r\nzli, table { margin-top:3.1pt; margin-bottom:0pt }\r\nzh1 { margin-top:3.1pt; margin-bottom:12pt; text-align:left; page-break-after:avoid; line-height:12.5pt; font-family:'Verdana'; font-size:16pt; font-weight:normal }\r\nzh2 { margin-top:20pt; margin-bottom:6pt; text-align:left; page-break-inside:avoid; page-break-after:avoid; line-height:12.5pt; font-family:'Verdana'; font-size:13.5pt; font-weight:normal }\r\nzh3 { margin-top:20pt; margin-bottom:3.1pt; text-align:left; page-break-inside:avoid; page-break-after:avoid; line-height:12.5pt; font-family:'Verdana'; font-size:10.5pt; font-weight:bold }\r\nzh4 { margin-top:15pt; margin-bottom:3.1pt; text-align:left; page-break-inside:avoid; page-break-after:avoid; line-height:12.5pt; font-family:'Verdana'; font-size:10.5pt; font-weight:normal; font-style:italic; color:#000000 }\r\nzh5 { margin-top:6.25pt; margin-bottom:0pt; text-align:justify; page-break-inside:avoid; page-break-after:avoid; line-height:12.5pt; font-family:'Verdana'; font-size:9.5pt; font-weight:bold }\r\nzh6 { margin-top:6.25pt; margin-bottom:0pt; text-align:justify; page-break-inside:avoid; page-break-after:avoid; line-height:12.5pt; font-family:'Verdana'; font-size:9.5pt; font-weight:normal; font-style:italic; color:#000000 }\r\n.Heading7 { margin-top:2pt; margin-bottom:0pt; text-align:justify; page-break-inside:avoid; page-break-after:avoid; line-height:12.5pt; font-family:'Verdana'; font-size:9.5pt; font-weight:normal; font-style:italic; color:#243f60 }\r\n.Heading8 { margin-top:2pt; margin-bottom:0pt; text-align:justify; page-break-inside:avoid; page-break-after:avoid; line-height:12.5pt; font-family:'Verdana'; font-size:9pt; font-weight:normal; color:#272727 }\r\n.Heading9 { margin-top:2pt; margin-bottom:0pt; text-align:justify; page-break-inside:avoid; page-break-after:avoid; line-height:12.5pt; font-family:'Verdana'; font-size:9pt; font-weight:normal; font-style:italic; color:#272727 }\r\n.Avsnittsrubrik { margin-top:0pt; margin-bottom:27.7pt; text-align:left; page-break-before:always; page-break-after:avoid; line-height:normal; font-family:'Verdana'; font-size:16pt }\r\n.Avvikandemeningrubrik { margin-top:0pt; margin-bottom:3.1pt; text-align:left; page-break-inside:avoid; page-break-after:avoid; line-height:12.5pt; font-family:'Verdana'; font-size:10.5pt; font-weight:bold }\r\n.BalloonText { margin-top:3.1pt; margin-bottom:0pt; text-align:justify; line-height:normal; font-family:Tahoma; font-size:8pt }\r\n.Bilaga { margin-top:0pt; margin-bottom:0pt; text-align:left; page-break-before:always; page-break-after:avoid; line-height:normal; widows:0; orphans:0; font-family:'Verdana'; font-size:8pt; font-variant:small-caps; text-decoration:underline }\r\n.Bilagerubrik { margin-top:0pt; margin-bottom:17.7pt; text-align:left; page-break-after:auto; line-height:normal; widows:0; orphans:0; font-family:'Verdana'; font-size:16pt }\r\n.Bild-Rubrik { margin-top:8pt; margin-bottom:0pt; text-align:justify; page-break-inside:avoid; page-break-after:avoid; line-height:10pt; font-family:'Verdana'; font-size:9.5pt; font-weight:bold }\r\n.Bild-Underrubrik { margin-top:0pt; margin-bottom:1pt; text-align:left; page-break-inside:avoid; page-break-after:avoid; line-height:8pt; font-family:'Verdana'; font-size:8pt; font-weight:normal; font-style:italic }\r\n.BodyText { margin-top:3.1pt; margin-bottom:0pt; text-align:left; line-height:12.5pt; font-family:'Verdana'; font-size:9.5pt }\r\n.BodyTextIndent2 { margin-top:3.1pt; margin-left:14.15pt; margin-bottom:6pt; text-align:justify; line-height:200%; font-family:'Verdana'; font-size:9.5pt }\r\n.Citatindrag { margin-top:0pt; margin-left:14.2pt; margin-bottom:6.1pt; text-indent:14.2pt; text-align:justify; line-height:10pt; font-family:'Verdana'; font-size:9.5pt }\r\n.CommentText { margin-top:3.1pt; margin-bottom:0pt; text-align:justify; line-height:normal; font-family:'Verdana'; font-size:10pt }\r\n.Deltagare { margin-top:0pt; margin-bottom:0pt; text-align:justify; page-break-inside:avoid; page-break-after:avoid; line-height:9.5pt; font-family:'Verdana'; font-size:9.5pt }\r\n.Diagram-Rubrik { margin-top:8pt; margin-bottom:0pt; text-align:justify; page-break-inside:avoid; page-break-after:avoid; line-height:10pt; font-family:'Verdana'; font-size:9.5pt; font-weight:bold }\r\n.Diagram-Underrubrik { margin-top:0pt; margin-bottom:1pt; text-align:left; page-break-inside:avoid; page-break-after:avoid; line-height:8pt; font-family:'Verdana'; font-size:8pt; font-weight:normal; font-style:italic }\r\n.DokumentRubrik { margin-top:6pt; margin-bottom:24pt; text-align:left; line-height:normal; border-bottom-style:solid; border-bottom-width:0.75pt; border-bottom-color:#000000; padding-bottom:4pt; font-family:'Verdana'; font-size:18pt }\r\n.Dokumentbeteckning { margin-top:0pt; margin-bottom:0pt; text-align:left; page-break-inside:avoid; page-break-after:avoid; line-height:12.5pt; font-family:'Verdana'; font-size:16pt }\r\n.Footer { margin-top:3.1pt; margin-bottom:0pt; text-align:justify; line-height:normal; font-family:'Verdana'; font-size:9.5pt }\r\n.FootnoteText { margin-top:0pt; margin-bottom:0pt; text-align:justify; line-height:8pt; font-family:'Verdana'; font-size:8pt }\r\n.Fotnotstextindrag { margin-top:0pt; margin-left:5.65pt; margin-bottom:0pt; text-align:left; line-height:8pt; font-family:'Verdana'; font-size:8pt }\r\n.Frslagspunkt { margin-top:0pt; margin-bottom:0pt; text-align:left; page-break-inside:avoid; page-break-after:avoid; line-height:12.5pt; font-family:'Verdana'; font-size:9.5pt; font-weight:bold }\r\n.Frslagstext { margin-top:0pt; margin-bottom:0pt; text-align:justify; line-height:12.5pt; font-family:'Verdana'; font-size:9.5pt }\r\n.Frteckningsrubrik { margin-top:9.6pt; margin-bottom:3.1pt; text-align:left; page-break-inside:avoid; page-break-after:avoid; line-height:normal; font-family:'Verdana'; font-size:9.5pt; font-weight:normal; font-style:italic; color:#000000 }\r\n.Grupprubrik { margin-top:6pt; margin-bottom:0pt; text-align:left; page-break-inside:avoid; page-break-after:avoid; line-height:12.5pt; font-family:'Verdana'; font-size:9.5pt; font-style:italic }\r\n.Grupprubrikindrag { margin-top:6pt; margin-left:22.1pt; margin-bottom:0pt; text-align:left; page-break-inside:avoid; page-break-after:avoid; line-height:12.5pt; font-family:'Verdana'; font-size:9.5pt; font-style:italic }\r\n.Header { margin-top:0pt; margin-bottom:0pt; text-align:justify; line-height:normal; font-family:'Verdana'; font-size:7.5pt; font-variant:small-caps }\r\n.Innehllsfrteckning { margin-top:0pt; margin-bottom:17.7pt; text-align:left; page-break-before:always; page-break-after:auto; line-height:normal; font-family:'Verdana'; font-size:16pt }\r\n.Kantrubrik { margin-top:0pt; margin-bottom:0pt; text-align:justify; line-height:normal; font-family:'Verdana'; font-size:7.5pt }\r\n.ListBullet { margin-top:6.25pt; margin-left:17.85pt; margin-bottom:6.25pt; text-indent:-17.85pt; text-align:justify; line-height:12.5pt; font-family:'Verdana'; font-size:9.5pt }\r\n.ListParagraph { margin-top:3.1pt; margin-left:28.35pt; margin-bottom:0pt; text-align:justify; line-height:12.5pt; font-family:'Verdana'; font-size:9.5pt }\r\n.Litentext { margin-top:0pt; margin-bottom:0pt; text-align:justify; line-height:normal; font-family:'Verdana'; font-size:8pt }\r\n.Mellanrubrik { margin-top:11pt; margin-bottom:3.1pt; text-align:left; page-break-after:avoid; line-height:12.5pt; font-family:'Verdana'; font-size:9.5pt; font-style:italic }\r\n.Mellanrum { margin-top:0pt; margin-bottom:0pt; text-align:left; page-break-before:auto; page-break-after:auto; line-height:1pt; widows:0; orphans:0; font-family:'Verdana'; font-size:1pt; font-variant:small-caps; text-decoration:none; color:#ffffff }\r\n.NormalIndent { margin-top:0pt; margin-bottom:0pt; text-indent:11.35pt; text-align:justify; line-height:12.5pt; font-family:'Verdana'; font-size:9.5pt }\r\n.Normalinskjuten { margin-top:0pt; margin-left:22.1pt; margin-bottom:0pt; text-align:justify; line-height:12.5pt; font-family:'Verdana'; font-size:9.5pt }\r\n.Normalinskjutenindrag { margin-top:0pt; margin-left:22.1pt; margin-bottom:0pt; text-indent:11.35pt; text-align:justify; line-height:12.5pt; font-family:'Verdana'; font-size:9.5pt }\r\n.Normalinskjutenkursiv { margin-top:6pt; margin-bottom:0pt; line-height:normal; font-family:'Verdana'; font-size:10pt; font-style:italic }\r\n.Normalkursiv { margin-top:3.1pt; margin-bottom:0pt; text-align:left; line-height:12.5pt; font-family:'Verdana'; font-size:9.5pt; font-style:italic }\r\n.Normalruta { margin:3.1pt 5.65pt 0pt; text-align:justify; page-break-inside:avoid; page-break-after:avoid; line-height:12.5pt; border-top-style:solid; border-top-width:0.75pt; border-top-color:#000000; border-right-style:solid; border-right-width:0.75pt; border-right-color:#000000; border-left-style:solid; border-left-width:0.75pt; border-left-color:#000000; border-bottom-style:solid; border-bottom-width:0.75pt; border-bottom-color:#000000; padding-top:4pt; padding-right:4pt; padding-left:4pt; padding-bottom:4pt; font-family:'Verdana'; font-size:10.5pt }\r\n.Normalrutafet { margin:3.1pt 5.65pt 0pt; text-align:justify; page-break-inside:avoid; page-break-after:avoid; line-height:12.5pt; border-top-style:solid; border-top-width:0.75pt; border-top-color:#000000; border-right-style:solid; border-right-width:0.75pt; border-right-color:#000000; border-left-style:solid; border-left-width:0.75pt; border-left-color:#000000; border-bottom-style:solid; border-bottom-width:0.75pt; border-bottom-color:#000000; padding-top:4pt; padding-right:4pt; padding-left:4pt; padding-bottom:4pt; font-family:'Verdana'; font-size:10.5pt; font-weight:bold }\r\n.Normalrutaindrag { margin:0pt 5.65pt; text-indent:11.35pt; text-align:justify; page-break-inside:avoid; page-break-after:avoid; line-height:12.5pt; border-top-style:solid; border-top-width:0.75pt; border-top-color:#000000; border-right-style:solid; border-right-width:0.75pt; border-right-color:#000000; border-left-style:solid; border-left-width:0.75pt; border-left-color:#000000; border-bottom-style:solid; border-bottom-width:0.75pt; border-bottom-color:#000000; padding-top:4pt; padding-right:4pt; padding-left:4pt; padding-bottom:4pt; font-family:'Verdana'; font-size:10.5pt }\r\n.Normalutanluftfre { margin-top:0pt; margin-bottom:0pt; text-align:justify; line-height:12.5pt; font-family:'Verdana'; font-size:9.5pt }\r\n.NormalNoll { margin-top:0pt; margin-bottom:3.1pt; text-align:left; line-height:12.5pt; font-family:'Verdana'; font-size:10.5pt; font-weight:bold }\r\n.NumlistaTOC { margin:3.1pt 28.35pt 0pt 0pt; text-indent:0pt; text-align:left; line-height:normal; font-family:'Verdana'; font-size:9.5pt }\r\n.Ordfranden { margin-top:3.1pt; margin-bottom:22pt; text-align:left; page-break-inside:avoid; page-break-after:avoid; line-height:normal; font-family:'Verdana'; font-size:9.5pt; font-style:italic }\r\n.OrtochDatum { margin-top:18pt; margin-bottom:18pt; text-align:left; page-break-inside:avoid; page-break-after:avoid; line-height:normal; font-family:'Verdana'; font-size:9.5pt }\r\n.Punktlistabomb { margin-top:6.25pt; margin-left:14.2pt; margin-bottom:6.25pt; text-indent:-14.2pt; text-align:justify; line-height:12.5pt; font-family:'Verdana'; font-size:9.5pt }\r\n.Punktlistagemener { margin-top:6.25pt; margin-left:14.2pt; margin-bottom:6.25pt; text-indent:-14.2pt; text-align:justify; line-height:12.5pt; font-family:'Verdana'; font-size:9.5pt }\r\n.Punktlistalinje { margin-top:6.25pt; margin-left:14.2pt; margin-bottom:6.25pt; text-indent:-14.2pt; text-align:justify; line-height:12.5pt; font-family:'Verdana'; font-size:9.5pt }\r\n.Punktlistasiffra { margin-top:6.25pt; margin-left:14.2pt; margin-bottom:6.25pt; text-indent:-14.2pt; text-align:justify; line-height:12.5pt; font-family:'Verdana'; font-size:9.5pt }\r\n.PVgnar { margin-top:3.1pt; margin-bottom:26pt; text-align:left; page-break-inside:avoid; page-break-after:avoid; line-height:normal; font-family:'Verdana'; font-size:9.5pt }\r\n.Quote { margin-top:6.1pt; margin-left:14.2pt; margin-bottom:0pt; text-align:justify; line-height:10pt; font-family:'Verdana'; font-size:9.5pt }\r\n.R1 { margin-top:3.1pt; margin-bottom:12pt; text-align:left; page-break-after:avoid; line-height:12.5pt; font-family:'Verdana'; font-size:16pt }\r\n.R1bilaga { margin-top:3.1pt; margin-bottom:12pt; text-align:left; page-break-after:auto; line-height:12.5pt; font-family:'Verdana'; font-size:16pt }\r\n.R2 { margin-top:20pt; margin-bottom:6pt; text-align:left; page-break-inside:avoid; page-break-after:avoid; line-height:12.5pt; font-family:'Verdana'; font-size:13.5pt }\r\n.R3 { margin-top:20pt; margin-bottom:3.1pt; text-align:left; page-break-inside:avoid; page-break-after:avoid; line-height:12.5pt; font-family:'Verdana'; font-size:10.5pt; font-weight:bold }\r\n.R4 { margin-top:15pt; margin-bottom:3.1pt; text-align:left; page-break-inside:avoid; page-break-after:avoid; line-height:12.5pt; font-family:'Verdana'; font-size:10.5pt; font-weight:normal; font-style:italic; color:#000000 }\r\n.R5 { margin-top:6.25pt; margin-bottom:0pt; text-align:justify; page-break-inside:avoid; page-break-after:avoid; line-height:12.5pt; font-family:'Verdana'; font-size:9.5pt; font-weight:bold }\r\n.R6 { margin-top:6.25pt; margin-bottom:0pt; text-align:justify; page-break-inside:avoid; page-break-after:avoid; line-height:12.5pt; font-family:'Verdana'; font-size:9.5pt; font-weight:normal; font-style:italic; color:#000000 }\r\n.Reservationshnvisning { margin-top:0pt; margin-bottom:8pt; text-align:right; line-height:12.5pt; font-family:'Verdana'; font-size:9.5pt; font-style:italic }\r\n.Reservationsrubrik { margin-top:0pt; margin-bottom:3.1pt; text-align:left; page-break-inside:avoid; page-break-after:avoid; line-height:12.5pt; font-family:'Verdana'; font-size:10.5pt; font-weight:bold }\r\n.Rubrik1Dokumentinformation { margin-top:0pt; margin-bottom:0pt; text-align:left; page-break-inside:avoid; page-break-after:avoid; line-height:12.5pt; font-family:'Verdana'; font-size:16pt }\r\n.Rubrik1bilaga { margin-top:0pt; margin-bottom:27.7pt; text-align:left; page-break-after:auto; line-height:12.5pt; font-family:'Verdana'; font-size:16pt }\r\n.Rubrik1medsidhuvud { margin-top:3.1pt; margin-bottom:12pt; text-align:left; page-break-before:always; page-break-after:avoid; line-height:12.5pt; font-family:'Verdana'; font-size:16pt }\r\n.Rubrik1numrerat { margin-top:3.1pt; margin-left:0pt; margin-bottom:12pt; text-indent:0pt; text-align:left; page-break-after:avoid; line-height:12.5pt; font-family:'Verdana'; font-size:16pt }\r\n.Rubrik1numreratmedsidhuvud { margin-top:0pt; margin-left:0pt; margin-bottom:16pt; text-indent:0pt; text-align:left; page-break-before:always; page-break-after:avoid; line-height:normal; font-family:'Verdana'; font-size:16pt }\r\n.Rubrik2bilaga { margin-top:20pt; margin-bottom:6pt; text-align:left; page-break-inside:avoid; page-break-after:avoid; line-height:12.5pt; font-family:'Verdana'; font-size:13.5pt }\r\n.Rubrik2numrerat { margin-top:20pt; margin-left:0pt; margin-bottom:6pt; text-indent:0pt; text-align:left; page-break-inside:avoid; page-break-after:avoid; line-height:12.5pt; font-family:'Verdana'; font-size:13.5pt }\r\n.Rubrik3numrerat { margin-top:20pt; margin-left:0pt; margin-bottom:3.1pt; text-indent:0pt; text-align:left; page-break-inside:avoid; page-break-after:avoid; line-height:12.5pt; font-family:'Verdana'; font-size:10.5pt; font-weight:bold }\r\n.Sammanfattning { margin-top:3.1pt; margin-bottom:12pt; text-align:left; page-break-after:auto; line-height:12.5pt; font-family:'Verdana'; font-size:16pt }\r\n.Sidhuvudhgerstlld { margin-top:0pt; margin-bottom:0pt; text-align:right; line-height:normal; font-family:'Verdana'; font-size:7.5pt; font-variant:small-caps }\r\n.Sidhuvudvnsterstlld { margin-top:0pt; margin-bottom:0pt; text-align:left; line-height:normal; font-family:'Verdana'; font-size:7.5pt; font-variant:small-caps }\r\n.Stdrubrik { margin-top:12pt; margin-bottom:0pt; line-height:12pt; font-family:'Verdana'; font-size:9.5pt; font-weight:bold }\r\n.Srskiltyttranderubrik { margin-top:0pt; margin-bottom:3.1pt; text-align:left; page-break-inside:avoid; page-break-after:avoid; line-height:12.5pt; font-family:'Verdana'; font-size:10.5pt; font-weight:bold }\r\n.TOC1 { margin-top:0pt; margin-right:28.35pt; margin-bottom:0pt; text-align:left; line-height:normal; font-family:'Verdana'; font-size:9.5pt }\r\n.TOC2 { margin:0pt 28.35pt 0pt 5.65pt; text-align:left; line-height:normal; font-family:'Verdana'; font-size:9.5pt }\r\n.TOC3 { margin:0pt 28.35pt 0pt 11.35pt; text-align:left; line-height:normal; font-family:'Verdana'; font-size:9.5pt }\r\n.TOC4 { margin:0pt 28.35pt 0pt 17pt; text-align:left; line-height:normal; font-family:'Verdana'; font-size:9.5pt }\r\n.TOC5 { margin:0pt 28.35pt 0pt 22.7pt; text-align:left; line-height:normal; font-family:'Verdana'; font-size:9.5pt }\r\n.TOC6 { margin-top:0pt; margin-left:47.65pt; margin-bottom:0pt; text-align:left; line-height:normal; font-family:'Verdana'; font-size:9.5pt }\r\n.TOC7 { margin-top:0pt; margin-right:28.35pt; margin-bottom:0pt; text-align:left; line-height:normal; font-family:'Verdana'; font-size:9.5pt }\r\n.TOC8 { margin-top:0pt; margin-right:28.35pt; margin-bottom:0pt; text-align:left; line-height:normal; font-family:'Verdana'; font-size:9.5pt }\r\n.TOC9 { margin-top:0pt; margin-left:8.5pt; margin-bottom:0pt; text-align:left; line-height:normal; font-family:'Verdana'; font-size:9.5pt }\r\n.TOCHeading { margin-top:3.1pt; margin-bottom:9pt; text-align:left; page-break-before:always; page-break-inside:avoid; page-break-after:avoid; line-height:12.5pt; font-family:'Verdana'; font-size:16pt }\r\n.Tabell-Kolumnrubrik { margin-bottom:0pt; line-height:12pt; font-family:'Verdana'; font-size:8pt; font-weight:bold }\r\n.Tabell-Klla { margin-top:2pt; margin-bottom:0pt; line-height:8pt; font-family:'Verdana'; font-size:7pt }\r\n.Tabell-Radrubrik { margin-bottom:0pt; line-height:12pt; font-family:'Verdana'; font-size:8pt }\r\n.Tabell-Rubrik { margin-top:12pt; margin-bottom:3pt; text-align:left; page-break-inside:avoid; page-break-after:avoid; line-height:10pt; font-family:'Verdana'; font-size:9pt; font-weight:bold }\r\n.Tabell-Siffror { margin-bottom:0pt; text-align:right; line-height:12pt; font-family:'Verdana'; font-size:8pt }\r\n.Tabell-Text { margin-bottom:0pt; line-height:12pt; font-family:'Verdana'; font-size:8pt }\r\n.Tabell-Underrubrik { margin-top:0pt; margin-bottom:1pt; text-align:left; page-break-inside:avoid; page-break-after:avoid; line-height:8pt; font-family:'Verdana'; font-size:8pt; font-weight:normal; font-style:italic }\r\n.TableofFigures { margin-top:3.1pt; margin-bottom:0pt; text-align:justify; line-height:normal; font-family:'Verdana'; font-size:9.5pt }\r\n.TillX-utskottet { margin-top:0pt; margin-bottom:12pt; text-align:left; page-break-after:avoid; line-height:12.5pt; font-family:'Verdana'; font-size:16pt }\r\n.Title { margin-top:3.1pt; margin-bottom:1pt; text-align:left; line-height:12pt; font-family:'Verdana'; font-size:20pt; letter-spacing:-0.5pt }\r\n.Vapen { margin-top:0pt; margin-bottom:0pt; text-align:left; page-break-inside:avoid; page-break-after:avoid; line-height:12.5pt; font-family:'Verdana'; font-size:16pt }\r\n.Yrkandelista { margin-top:3.1pt; margin-left:28.35pt; margin-bottom:0pt; text-indent:-28.35pt; text-align:justify; line-height:12.5pt; font-family:'Verdana'; font-size:9.5pt }\r\n.YrkandelistaEtt { margin-top:3.1pt; margin-left:0pt; margin-bottom:0pt; text-indent:0pt; text-align:justify; line-height:12.5pt; font-family:'Verdana'; font-size:9.5pt }\r\nspan.BallongtextChar { font-family:Tahoma; font-size:8pt }\r\nspan.BilagaChar { font-family:'Verdana'; font-size:8pt; font-variant:small-caps; text-decoration:underline }\r\nspan.BrdtextChar { font-family:'Verdana'; font-size:9.5pt }\r\nspan.BrdtextChar1 { font-family:'Verdana'; font-size:9.5pt }\r\nspan.Brdtextmedindrag2Char { font-family:'Verdana'; font-size:9.5pt }\r\nspan.CitatChar { font-family:'Verdana'; font-size:9.5pt }\r\nspan.DokumentRubrikChar { font-family:'Verdana'; font-size:18pt }\r\nspan.FotnotstextChar { font-family:'Verdana'; font-size:8pt }\r\nspan.FotnotstextindragChar { font-family:'Verdana'; font-size:8pt }\r\nspan.FrslagspunktChar { font-family:'Verdana'; font-size:9.5pt; font-weight:bold; font-style:normal }\r\nspan.Hyperlink { text-decoration:none; color:#000000 }\r\nspan.KommentarerChar { font-family:'Verdana'; font-size:10pt }\r\nspan.NormalkursivChar { font-family:'Verdana'; font-size:9.5pt; font-style:italic }\r\nspan.NormaltindragChar { font-family:'Verdana'; font-size:9.5pt }\r\nspan.OrdfrandenChar { font-family:'Verdana'; font-size:9.5pt; font-style:italic }\r\nspan.OrtochDatumChar { font-family:'Verdana'; font-size:9.5pt }\r\nspan.PlaceholderText { color:#808080 }\r\nspan.PVgnarChar { font-family:'Verdana'; font-size:9.5pt }\r\nspan.ReservationshnvisningChar { font-family:'Verdana'; font-size:9.5pt; font-style:italic }\r\nspan.Rubrik1Char { font-family:'Verdana'; font-size:16pt }\r\nspan.Rubrik1DokumentinformationChar { font-family:'Verdana'; font-size:16pt }\r\nspan.Rubrik2Char { font-family:'Verdana'; font-size:13.5pt }\r\nspan.Rubrik3Char { font-family:'Verdana'; font-size:10.5pt; font-weight:bold }\r\nspan.Rubrik4Char { font-family:'Verdana'; font-size:10.5pt; font-style:italic; color:#000000 }\r\nspan.Rubrik5Char { font-family:'Verdana'; font-size:9.5pt; font-weight:bold }\r\nspan.Rubrik6Char { font-family:'Verdana'; font-size:9.5pt; font-style:italic; color:#000000 }\r\nspan.Rubrik7Char { font-family:'Verdana'; font-size:9.5pt; font-style:italic; color:#243f60 }\r\nspan.Rubrik8Char { font-family:'Verdana'; font-size:9pt; color:#272727 }\r\nspan.Rubrik9Char { font-family:'Verdana'; font-size:9pt; font-style:italic; color:#272727 }\r\nspan.RubrikChar { font-family:'Verdana'; font-size:20pt; letter-spacing:-0.5pt }\r\nspan.SidfotChar { font-family:'Verdana'; font-size:9.5pt }\r\nspan.SidhuvudChar { font-family:'Verdana'; font-size:7.5pt; font-variant:small-caps }\r\nspan.Tabell-Upphjttecken { font-family:'Verdana'; font-variant:normal; text-decoration:none; text-transform:none; vertical-align:super; display:inline }\r\nspan.VapenChar { font-family:'Verdana'; font-size:16pt }\r\nspan.tBilagaJA { color:#000000 }\r\nspan.tSidrubrikJA { color:#000000 }\r\n.TableGrid {  }\r\n--></style>\r\n\r\n\t\t<div class=\"Section1\">\r\n\t\t\t<table cellspacing=\"0\" cellpadding=\"0\" style=\"border-collapse:collapse; margin-left:0pt\">\r\n\t\t\t\t<tr style=\"height:79.4pt\">\r\n\t\t\t\t\t<td style=\"vertical-align:top; width:297.7pt\">\r\n\t\t\t\t\t\t<p class=\"Rubrik1Dokumentinformation\" style=\"margin-top:0pt; margin-bottom:0pt; text-align:left; page-break-inside:avoid; page-break-after:avoid; line-height:16pt\">\r\n\t\t\t\t\t\t\t<span style=\"font-family:'Verdana'; font-size:16pt; -aw-sdt-tag:ccUtskott; -aw-sdt-title:'utskottsnamn Dokumentegenskap'\">Finansutskottet</span><span style=\"font-family:'Verdana'; font-size:16pt; -aw-sdt-tag:ccS; -aw-sdt-title:s\">s</span><span style=\"font-family:'Verdana'; font-size:16pt; -aw-sdt-tag:ccMellanslag; -aw-sdt-title:Mellanslag\"> </span><a name=\"Utlatande\"></a><span style=\"font-family:'Verdana'; font-size:16pt\">betänkande</span>\r\n\t\t\t\t\t\t</p>\r\n\t\t\t\t\t\t<p class=\"Dokumentbeteckning\" style=\"margin-top:0pt; margin-bottom:0pt; text-align:left; page-break-inside:avoid; page-break-after:avoid; line-height:16pt\">\r\n\t\t\t\t\t\t\t<span style=\"font-family:'Verdana'; font-size:16pt; -aw-sdt-tag:ccRiksmote; -aw-sdt-title:'riksmote Dokumentegenskap'\">2018/19</span><span style=\"font-family:'Verdana'; font-size:16pt; -aw-sdt-tag:ccKolon; -aw-sdt-title:Kolon\">:</span><a name=\"Utskottebeteckning\"></a><span style=\"font-family:'Verdana'; font-size:16pt\">FiU33</span>\r\n\t\t\t\t\t\t</p>\r\n\t\t\t\t\t\t<p class=\"Rubrik1Dokumentinformation\" style=\"margin-top:0pt; margin-bottom:0pt; text-align:left; page-break-inside:avoid; page-break-after:avoid; line-height:16pt\">\r\n\t\t\t\t\t\t\t<span style=\"font-family:'Verdana'; font-size:16pt\"> </span>\r\n\t\t\t\t\t\t</p>\r\n\t\t\t\t\t</td>\r\n\t\t\t\t</tr>\r\n\t\t\t</table>\r\n\t\t\t<p class=\"DokumentRubrik\" style=\"-aw-sdt-tag:ccDokumentrubrik; -aw-sdt-title:'dokumentrubrik Dokumentegenskap'\">\r\n\t\t\t\t<span>Extra ändringsbudget för 2019  Kapitalhöjning i Europeiska investeringsbanken</span>\r\n\t\t\t</p>\r\n\t\t\t<p class=\"Sammanfattning\">\r\n\t\t\t\t<span class=\"tSidrubrikJA\">Sammanfattning</span>\r\n\t\t\t</p>\r\n\t\t\t<p>\r\n\t\t\t\t<span>Utskottet tillstyrker </span><span>att riksdagen godkänner att Sverige medverkar i en kapitalhöjning i Europeiska investeringsbanken (EIB). Kapitalhöjningen innebär att Sveriges grundkapital i EIB ökar med motsvarande ca 14 miljarder kronor </span><span>(ca 1,4 miljarder euro) </span><span>till ca 89 miljarder kronor. Grundkapitalet består av garantikapital och inbetalt kapital. </span><span>D</span><span>et svenska garantikapitalet ökar med </span><span>motsvarande ca </span><span>13 </span><span>miljarder </span><span>kronor</span><span> och det </span><span>svenska inbetalda kapitalet</span><span> </span><span>ökar </span><span>med ca 1 miljard kronor </span><span>genom en överföring från bankens reserver.</span>\r\n\t\t\t</p>\r\n\t\t\t<p class=\"NormalIndent\">\r\n\t\t\t\t<span>Vidare </span><span>tillstyrker utskottet</span><span> att r</span><span>iksdagen bemyndigar regeringen att under 2019 ställa ut statliga garantier till EIB som inklusive tidigare utfärdade garantier uppgår till högst </span><span>motsvarande ca 81 miljarder kronor</span><span>.</span>\r\n\t\t\t</p>\r\n\t\t\t<p class=\"NormalIndent\">\r\n\t\t\t\t<span>Kapitalhöjningen sker till följd av att Storbritannien lämnar EIB i</span><span> </span><span>samband med landets utträde ur </span><span>Europeiska unionen</span><span>. </span>\r\n\t\t\t</p>\r\n\t\t\t<p class=\"NormalIndent\">\r\n\t\t\t\t<span>I betänkandet finns två särskilda yttranden (SD, V).</span>\r\n\t\t\t</p>\r\n\t\t\t<p class=\"R4\">\r\n\t\t\t\t<span>Behandlade förslag</span>\r\n\t\t\t</p>\r\n\t\t\t<p>\r\n\t\t\t\t<span>Proposition 2018/19:46 Extra ändringsbudget för 2019 – Kapitalhöjning </span><span>i Europeiska investeringsbanken.</span>\r\n\t\t\t</p>\r\n\t\t\t<p class=\"Innehllsfrteckning\">\r\n\t\t\t\t<a name=\"Innehållsförteckning\"></a><span class=\"tSidrubrikJA\">Innehållsförteckning</span>\r\n\t\t\t</p>\r\n\t\t\t<p class=\"TOC1\">\r\n\t\t\t\t<a style=\"color:#000000\" href=\"#_Toc2856388\"><span class=\"Hyperlink\">Utskottets förslag till riksdagsbeslut</span></a>\r\n\t\t\t</p>\r\n\t\t\t<p class=\"TOC1\">\r\n\t\t\t\t<a style=\"color:#000000\" href=\"#_Toc2856389\"><span class=\"Hyperlink\">Redogörelse för ärendet</span></a>\r\n\t\t\t</p>\r\n\t\t\t<p class=\"TOC1\">\r\n\t\t\t\t<a style=\"color:#000000\" href=\"#_Toc2856390\"><span class=\"Hyperlink\">Utskottets överväganden</span></a>\r\n\t\t\t</p>\r\n\t\t\t<p class=\"TOC2\">\r\n\t\t\t\t<a style=\"color:#000000\" href=\"#_Toc2856391\"><span class=\"Hyperlink\">Sveriges medverkan i kapitalhöjningen</span></a>\r\n\t\t\t</p>\r\n\t\t\t<p class=\"TOC3\">\r\n\t\t\t\t<a style=\"color:#000000\" href=\"#_Toc2856392\"><span class=\"Hyperlink\">Utskottets ställningstagande</span></a>\r\n\t\t\t</p>\r\n\t\t\t<p class=\"TOC1\">\r\n\t\t\t\t<a style=\"color:#000000\" href=\"#_Toc2856393\"><span class=\"Hyperlink\">Särskilda yttranden</span></a>\r\n\t\t\t</p>\r\n\t\t\t<p class=\"TOC7\" style=\"margin-left:19.85pt; text-indent:-14.15pt\">\r\n\t\t\t\t<span class=\"Hyperlink\">1.</span><span style=\"width:7.02pt; text-indent:0pt; display:inline-block\"></span><a style=\"color:#000000\" href=\"#_Toc2856394\"><span class=\"Hyperlink\">Sveriges medverkan i kapitalhöjningen (SD)</span></a>\r\n\t\t\t</p>\r\n\t\t\t<p class=\"TOC7\" style=\"margin-left:19.85pt; text-indent:-14.15pt\">\r\n\t\t\t\t<span class=\"Hyperlink\">2.</span><span style=\"width:7.02pt; text-indent:0pt; display:inline-block\"></span><a style=\"color:#000000\" href=\"#_Toc2856395\"><span class=\"Hyperlink\">Sveriges medverkan i kapitalhöjningen (V)</span></a>\r\n\t\t\t</p>\r\n\t\t\t<p class=\"TOC8\">\r\n\t\t\t\t<span class=\"Hyperlink\" style=\"font-style:italic\">Bilaga</span><br /><a style=\"color:#000000\" href=\"#_Toc2856396\"><span class=\"Hyperlink\">Förteckning över behandlade förslag</span></a>\r\n\t\t\t</p>\r\n\t\t\t<p class=\"TOC9\">\r\n\t\t\t\t<a style=\"color:#000000\" href=\"#_Toc2856397\"><span class=\"Hyperlink\">Propositionen</span></a>\r\n\t\t\t</p>\r\n\t\t\t<p>\r\n\t\t\t</p>\r\n\t\t\t<p>\r\n\t\t\t\t<span> </span>\r\n\t\t\t</p>\r\n\t\t\t<p class=\"NormalIndent\">\r\n\t\t\t\t<span> </span>\r\n\t\t\t</p>\r\n\t\t\t<p class=\"Avsnittsrubrik\">\r\n\t\t\t\t<a name=\"StopCC\"></a><a name=\"_Toc2856388\"><span style=\"-aw-bookmark-end:StopCC\"></span><span class=\"tSidrubrikJA\">Utskottets förslag till riksdagsbeslut</span></a>\r\n\t\t\t</p>\r\n\t\t\t<p>\r\n\t\t\t\t<span> </span>\r\n\t\t\t</p>\r\n\t\t\t<p class=\"Mellanrum\">\r\n\t\t\t\t<span> </span>\r\n\t\t\t</p>\r\n\t\t\t<p class=\"Mellanrum\">\r\n\t\t\t\t<span> </span>\r\n\t\t\t</p>\r\n\t\t\t<table cellspacing=\"0\" cellpadding=\"0\" style=\"border-collapse:collapse; margin-left:0pt; width:294.2pt\">\r\n\t\t\t\t<tr>\r\n\t\t\t\t\t<td style=\"vertical-align:top; width:22pt\">\r\n\t\t\t\t\t\t<p style=\"margin-top:3.1pt; margin-bottom:0pt; text-align:justify; page-break-inside:avoid; page-break-after:avoid; line-height:12.5pt\">\r\n\t\t\t\t\t\t\t<span style=\"font-family:'Verdana'; font-size:10.5pt; font-weight:bold\">Sveriges medverkan i kapitalhöjningen</span>\r\n\t\t\t\t\t\t</p>\r\n\t\t\t\t\t</td>\r\n\t\t\t\t</tr>\r\n\t\t\t</table>\r\n\t\t\t<p class=\"Normalutanluftfre\" style=\"-aw-sdt-tag:'dokumentavsnitt/utskottets förslag till riksdagsbeslut/1669886323/1551959503267'; -aw-sdt-title:'utskottets förslag till riksdagsbeslut'\">\r\n\t\t\t\t<span>Riksdagen</span>\r\n\t\t\t</p>\r\n\t\t\t<p class=\"NormalIndent\" style=\"-aw-sdt-tag:'dokumentavsnitt/utskottets förslag till riksdagsbeslut/1669886323/1551959503267'; -aw-sdt-title:'utskottets förslag till riksdagsbeslut'\">\r\n\t\t\t\t<span>a) godkänner att Sverige under 2019 medverkar i en kapitalhöjning i Europeiska investeringsbanken (EIB), vilket för Sveriges del innebär att högst 123 460 748 euro överförs från bankens reserver till bankens inbetalda kapital,</span>\r\n\t\t\t</p>\r\n\t\t\t<p class=\"NormalIndent\" style=\"-aw-sdt-tag:'dokumentavsnitt/utskottets förslag till riksdagsbeslut/1669886323/1551959503267'; -aw-sdt-title:'utskottets förslag till riksdagsbeslut'\">\r\n\t\t\t\t<span>b)</span><span> </span><span>bemyndigar regeringen att under 2019 ställa ut statliga garantier till EIB som inklusive tidigare utfärdade garantier uppgår till högst 7 825 458 665 euro.</span>\r\n\t\t\t</p>\r\n\t\t\t<p class=\"NormalIndent\" style=\"text-indent:11.3pt; -aw-sdt-tag:'dokumentavsnitt/utskottets förslag till riksdagsbeslut/1669886323/1551959503267'; -aw-sdt-title:'utskottets förslag till riksdagsbeslut'\">\r\n\t\t\t\t<span>Därmed bifaller riksdagen proposition 2018/19:46 punkterna 1 och 2.</span>\r\n\t\t\t</p>\r\n\t\t\t<p class=\"Mellanrum\" style=\"-aw-sdt-tag:'dokumentavsnitt/utskottets förslag till riksdagsbeslut/1669886323/1551959503267'; -aw-sdt-title:'utskottets förslag till riksdagsbeslut'\">\r\n\t\t\t\t<span> </span>\r\n\t\t\t</p>\r\n\t\t\t<p class=\"OrtochDatum\" style=\"-aw-sdt-tag:'dokumentavsnitt/utskottets förslag till riksdagsbeslut/1669886323/1551959503267'; -aw-sdt-title:'utskottets förslag till riksdagsbeslut'\">\r\n\t\t\t\t<span>Stockholm den 7 mars 2019</span>\r\n\t\t\t</p>\r\n\t\t\t<p class=\"PVgnar\" style=\"-aw-sdt-tag:'dokumentavsnitt/utskottets förslag till riksdagsbeslut/1669886323/1551959503267'; -aw-sdt-title:'utskottets förslag till riksdagsbeslut'\">\r\n\t\t\t\t<span>På finansutskottets vägnar</span>\r\n\t\t\t</p>\r\n\t\t\t<p class=\"Ordfranden\" style=\"-aw-sdt-tag:'dokumentavsnitt/utskottets förslag till riksdagsbeslut/1669886323/1551959503267'; -aw-sdt-title:'utskottets förslag till riksdagsbeslut'\">\r\n\t\t\t\t<span>Fredrik Olovsson</span>\r\n\t\t\t</p>\r\n\t\t\t<p class=\"Deltagare\" style=\"-aw-sdt-tag:'dokumentavsnitt/utskottets förslag till riksdagsbeslut/1669886323/1551959503267'; -aw-sdt-title:'utskottets förslag till riksdagsbeslut'\">\r\n\t\t\t\t<span>Följande ledamöter har deltagit i beslutet: Fredrik Olovsson (S), Elisabeth Svantesson (M), Gunilla Carlsson (S), Oscar Sjöstedt (SD), Adnan Dibrani (S), Emil Källström (C), Ulla Andersson (V), Jan Ericson (M), Dennis Dioukarev (SD), Ingela Nylund Watz (S), Jakob Forssmed (KD), Ingemar Nilsson (S), Johan Pehrson (L), Sven-Olof Sällström (SD), Karolina Skog (MP), Mattias Karlsson i Luleå (M) och David Josefsson (M).</span>\r\n\t\t\t</p>\r\n\t\t\t<p class=\"Mellanrum\" style=\"-aw-sdt-tag:'dokumentavsnitt/utskottets förslag till riksdagsbeslut/1669886323/1551959503267'; -aw-sdt-title:'utskottets förslag till riksdagsbeslut'\">\r\n\t\t\t\t<span> </span>\r\n\t\t\t</p>\r\n\t\t\t<p class=\"Mellanrum\" style=\"-aw-sdt-tag:'dokumentavsnitt/utskottets förslag till riksdagsbeslut/1669886323/1551959503267'; -aw-sdt-title:'utskottets förslag till riksdagsbeslut'\">\r\n\t\t\t\t<span> </span>\r\n\t\t\t</p>\r\n\t\t\t<p class=\"Mellanrum\" style=\"-aw-sdt-tag:'dokumentavsnitt/utskottets förslag till riksdagsbeslut/1669886323/1551959503267'; -aw-sdt-title:'utskottets förslag till riksdagsbeslut'\">\r\n\t\t\t\t<span style=\"font-size:9.5pt\"> </span>\r\n\t\t\t</p>\r\n\t\t\t<p>\r\n\t\t\t\t<span> </span>\r\n\t\t\t</p>\r\n\t\t\t<p class=\"Avsnittsrubrik\">\r\n\t\t\t\t<a name=\"SlutUtskottsForslag\"></a><a name=\"_Toc2856389\"><span style=\"-aw-bookmark-end:SlutUtskottsForslag\"></span><span class=\"tSidrubrikJA\">Redogörelse för ärendet</span></a>\r\n\t\t\t</p>\r\n\t\t\t<p>\r\n\t\t\t\t<span>I p</span><span>roposition 2018/19:46 Extra ändringsbudget för 2019 – Kapitalhöjning i Europeiska investeringsbanken</span><span> föreslår regeringen att r</span><span>iksdagen godkänner att Sverige under 2019 medverkar i en kapitalhöjning i Europeiska investeringsbanken (EIB), vilket för Sveriges del </span><span>innebär att högst 123</span><span> </span><span>460</span><span> </span><span>748 euro (motsvarande ca 1</span><span>,3</span><span> miljarder kronor) överförs från bankens reserver till bankens inbetalda kapital. Vidare </span><span>föreslås att r</span><span>iksdagen </span><span>bemyndiga</span><span>r</span><span> regeringen att under 2019 ställa ut statliga garantier till EIB som inklusive tidigare utfärdade garantier uppgår till högst 7 825 458 665 euro (</span><span>motsvarande ca 81 miljarder kronor). </span><span>Kapitalhöjningen sker till följd av att Storbritannien lämnar EIB i samband med landets utträde ur EU.</span>\r\n\t\t\t</p>\r\n\t\t\t<p class=\"NormalIndent\">\r\n\t\t\t\t<span>Regeringens förslag till riksdagsbeslut återges i bilaga. </span>\r\n\t\t\t</p>\r\n\t\t\t<p class=\"NormalIndent\">\r\n\t\t\t\t<span>Beloppen i euro har räknats om till svenska kronor enligt en kurs om 10,40 kronor per euro (</span><span>ett prognosticerat årsgenomsnitt)</span><span>. </span>\r\n\t\t\t</p>\r\n\t\t\t<p class=\"NormalIndent\">\r\n\t\t\t\t<span>Propositionen överlämnades till riksdagen den 7 februari 2019. </span><span>Enligt riksdagsordningen får regeringen vid högst två tillfällen lämna en proposition med förslag till ändringar i statens budget för d</span><span>et löpande budgetåret (9 kap. 6</span><span> </span><span>§ första stycket). En sådan proposition lämnas i anslutning till budgetpropositionen eller den ekonomiska vårpropositionen (tilläggsbestämmelse 9.6.1). Förslag om ändringar i budgeten får dock även lämnas vid andra tillfällen om det finns särskilda skäl (9 kap. 6 § andra stycket).</span>\r\n\t\t\t</p>\r\n\t\t\t<p class=\"NormalIndent\">\r\n\t\t\t\t<span>Eftersom frågan om kapitalhöjning beslutades av direktörsstyrelsen först i december 2018 kunde något förslag om detta inte tas in i budgetpropositionen för 2019. Kapitalhöjningen måste vidare genomföras i anslutning till Storbritanniens aviserade utträde ur EU den 29 mars 2019. Mot denna bakgrund anser regeringen att det finns särskilda skäl att lämna förslag om ändringar i statens budget för 2019.</span>\r\n\t\t\t</p>\r\n\t\t\t<p class=\"NormalIndent\">\r\n\t\t\t\t<span>Inga motioner har väckts med anledning av propositionen.</span>\r\n\t\t\t</p>\r\n\t\t\t<p class=\"Avsnittsrubrik\">\r\n\t\t\t\t<a name=\"_Toc2856390\"><span class=\"tSidrubrikJA\">Utskottets överväganden</span></a>\r\n\t\t\t</p>\r\n\t\t\t<h2 style=\"-aw-sdt-tag:64e08e3e-7524-41a3-a80d-c9c1d22dd0e2/förslagsrutor/-1135575901/1549620713964; -aw-sdt-title:förslagsrutor\">\r\n\t\t\t\t<a name=\"_Toc2856391\"><span>Sveriges medverkan i kapitalhöjningen</span></a>\r\n\t\t\t</h2>\r\n\t\t\t<div style=\"border-bottom-color:#000000; border-bottom-style:solid; border-bottom-width:0.75pt; border-left-color:#000000; border-left-style:solid; border-left-width:0.75pt; border-right-color:#000000; border-right-style:solid; border-right-width:0.75pt; border-top-color:#000000; border-top-style:solid; border-top-width:0.75pt; clear:both; margin:3.1pt 0.9pt 0pt\">\r\n\t\t\t\t<p class=\"Normalrutafet\" style=\"margin:0pt; padding-right:4pt; padding-left:4pt\">\r\n\t\t\t\t\t<span style=\"-aw-bookmark-end:_Toc2856391\"></span><span>Utskottets förslag i korthet</span>\r\n\t\t\t\t</p>\r\n\t\t\t\t<p class=\"Normalruta\" style=\"margin:0pt; padding-right:4pt; padding-left:4pt\">\r\n\t\t\t\t\t<span>Riksdagen godkänner att Sverige under 2019 medverkar i en kapitalhöjning i Europeiska investeringsbanken (EIB), vilket för Sveriges del innebär att högst 123 460 748 euro överförs från bankens reserver till bankens inbetalda kapital. Vidare bemyndigar riksdagen regeringen att under 2019 ställa ut statliga garantier till EIB som inklusive tidigare utfärdad</span><span>e garantier uppgår till högst 7</span><span> </span><span>825 458</span><span> </span><span>665 euro. Därmed tillstyrks propositionen. </span>\r\n\t\t\t\t</p>\r\n\t\t\t\t<p class=\"Normalrutaindrag\" style=\"margin:0pt; padding-right:4pt; padding-left:4pt; padding-bottom:4pt; -aw-sdt-tag:'64e08e3e-7524-41a3-a80d-c9c1d22dd0e2/förslagsrutor reservations text/219914380/1551352620754'; -aw-sdt-title:'förslagsrutor reservations text'\">\r\n\t\t\t\t\t<span>Jämför särskilt yttrande 1 (SD) och 2 (V).</span>\r\n\t\t\t\t</p>\r\n\t\t\t</div>\r\n\t\t\t<p class=\"R3\" style=\"margin-bottom:0pt\">\r\n\t\t\t\t<span>Propositionen</span>\r\n\t\t\t</p>\r\n\t\t\t<p class=\"R4\" style=\"margin-top:6pt\">\r\n\t\t\t\t<span>Europeiska investeringsbanken och dess</span><span> </span><span>kapital</span>\r\n\t\t\t</p>\r\n\t\t\t<p>\r\n\t\t\t\t<span>Europ</span><span>eiska investeringsbanken (</span><span>EIB</span><span>)</span><span> är en fristående institution inom EU som inrättades 1958</span><span>. </span><span>Medlemskap i EIB följer automatiskt med ett medlemskap i</span><span> EU</span><span>,</span><span> och </span><span>Sverige blev</span><span> </span><span>således medlem i banken i </span><span>samband med EU-inträdet 1995</span><span>. Bankens huvudsyfte är att bidra till att utveckla den</span><span> </span><span>inre marknaden. Det sker genom långsiktig finansiering av samhällsekonomiskt</span><span> </span><span>lönsamma projekt, exempelvis inom forskning och utveckling,</span><span> infrastruktur, och små</span><span> och medelstora företag.</span>\r\n\t\t\t</p>\r\n\t\t\t<p class=\"NormalIndent\">\r\n\t\t\t\t<span>EIB:s grundkapital består av inbetalt kapital och garantikapital. Inbetalt</span><span> </span><span>kapital uppgår till 8,9 procent av grundkapitalet. Resterande del utgörs av</span><span> </span><span>garantikapital. EU:s medlemsländer står gemensamt som garanter för</span><span> b</span><span>anken.</span><span> </span><span>EIB har en betydande låneportfölj. Vid utgången av 2017 uppgick bankens</span><span> </span><span>utestående lån till ca 455 miljarder euro</span><span> (ca 4</span><span> </span><span>700 miljarder kronor</span><span>)</span><span>.</span>\r\n\t\t\t</p>\r\n\t\t\t<p class=\"NormalIndent\">\r\n\t\t\t\t<span>Sverige deltog senast i en kapitalhöjning i EIB 2013 (prop. 2012/13:1</span><span> </span><span>utg.omr</span><span>. 2, bet. 2012/13:FiU2). Dessförinnan deltog</span><span> </span><span>Sverige i kapitalhöjningar 2009 (prop. 2008/09:116, bet. 2008/09:FiU36) och 2003 (prop. 2002/03:1 </span><span>utg.omr</span><span>. 2, </span><span>bet. 2002/03:FiU2</span><span>).</span>\r\n\t\t\t</p>\r\n\t\t\t<p class=\"R4\">\r\n\t\t\t\t<span>Sveriges medverkan i kapitalhöjningen</span>\r\n\t\t\t</p>\r\n\t\t\t<p>\r\n\t\t\t\t<span>Regeringen anför i propositionen att n</span><span>är Storbritannien lämnar EU, och därmed även EIB, kan landets garantiåtagande mot banken enligt dess stadgar inte längre räknas in i bankens grundkapital. Utan en kapitalhöjning skulle EIB till följd av Storbritanniens utträde tvingas minska utlåningen markant de närmaste åren. I annat fall skulle banken riskera att bryta mot de kapitaltäckningskrav som anges i dess stadgar. En utebliven kapitalhöjning skulle även kunna medföra en nedgradering av EIB:s höga kreditvärdighet.</span>\r\n\t\t\t</p>\r\n\t\t\t<p class=\"NormalIndent\">\r\n\t\t\t\t<span>Mot denna bakgrund beslutade EIB:s direktörsstyrelse den 11 december 2018 att rekommendera bankens guvernörsstyrelse att godkänna en överföring på 3 495 903 950 euro</span><span> (ca 36 miljarder kronor) </span><span>från bankens reserver till det inbetalda kapitalet och att bankens kvarvarande medlemsländer ökar sitt garantikapital med 35 699 118 050 euro</span><span> (ca 371 miljarder kronor)</span><span>, vilket motsvarar Storbritanniens inbetalda kapital respektive garantikapital. Kapitalet från bankens reserver och det ökade garantiåtagandet </span><span>föreslås</span><span> </span><span>fördelas</span><span> proportionerligt i förhållande </span><span>till </span><span>medlemsländernas ägarandelar efter Storbritanniens utträde. Vidare har direktörsstyrelsen rekommenderat att Polen och Rumänien ska få utöka sitt grundkapital, eftersom de har uttryckt en önskan om att få öka sina ägarandelar till följd av att de är underrepresenterade i banken i förhållande till sin relativa ekonomisk</span><span>a</span><span> storlek. Den asymmetriska kapitalhöjningen finansieras i sin helhet av Polen och Rumänien. Kapitalhöjningen innebär att bankens totala inbetalda kapital och garantikapital väntas öka med </span><span>ca </span><span>5,5</span><span> miljarder euro (</span><span>ca 57 miljarder</span><span> kronor) </span><span>till </span><span>ca </span><span>24</span><span>9 miljarder </span><span>euro</span><span> (ca 2</span><span> </span><span>587 miljarder kronor)</span><span>.</span>\r\n\t\t\t</p>\r\n\t\t\t<p class=\"NormalIndent\">\r\n\t\t\t\t<span>När Storbritannien lämnar EIB blir alla återstående medlemsländers ägarandelar per automatik något högre eftersom Storbritanniens ägarandel om 16,1 procent fördelas mellan de kvarvarande länderna i förhållande till deras ägarandel. Sveriges ägarandel kommer att öka från 2,96 procent till 3,45 procent. Eftersom Polen och Rumänien önskar utöka sitt grundkapital utöver deras andel av det brittiska kapitalet kommer deras ägarandelar att öka mer än vad som föranleds av Storbritanniens utträde. Polen kommer efter kapitalhöjningen att äga 4,57 procent av banken och Rumänien 0,66 procent.</span>\r\n\t\t\t</p>\r\n\t\t\t<p class=\"NormalIndent\">\r\n\t\t\t\t<span>EIB:s direktörsstyrelse har även föreslagit att bankens stadgar ska ändras så att de återspeglar storleken och fördelningen av ägarkapitalet efter kapitalhöjningen. Vidare har direktörsstyrelsen föreslagit att stadgarna ändras så </span><span>att </span><span>antalet suppleanter i styrelsen ökar. Detta ska </span><span>göra det </span><span>möjlig</span><span>t</span><span> för</span><span> </span><span>samtliga av bankens medlemsländer att representeras av en egen</span><span> </span><span>suppleant. Tyskland, Frankrike och Italien kommer dock även fortsättningsvis</span><span> </span><span>att </span><span>få nominera två suppleanter vardera. Dessutom föreslås stadgarna</span><span> </span><span>ändras för att utöka användningen av kvalificerad majoritet vid omröstningar</span><span> </span><span>i direktörsstyrelsen och i guvernörsstyrelsen. Förslaget innebär att</span><span> </span><span>beslut om bankens arbetsordning, verksamhetsplan och medlemmar i bankens</span><span> </span><span>direktion framöver kommer att beslutas med kvalificerad majoritet, i</span><span> </span><span>stället för enkel majoritet som är fallet i dag.</span><span> </span><span>Beslut om ändringar av bankens stadgar fattas av Europeiska unionens råd. Den svenska ståndpunkten avseende stadgeändringarna har </span><span>varit föremål för överläggning med </span><span>finansutskottet, men kommer på sedvanligt sätt även att vara föremål för samråd med EU-nämnden inför rådets beslut.</span>\r\n\t\t\t</p>\r\n\t\t\t<p class=\"NormalIndent\">\r\n\t\t\t\t<span>Regeringen anser att EIB:s verksamhet utgör ett värdefullt bidrag för att utveckla och stärka EU:s inre marknad och för att förbättra förutsättningarna för en stark och hållbar tillväxt i EU. Efterfrågan på lån från EIB är fortsatt hög i många länder inom EU och i dess närområde.</span>\r\n\t\t\t</p>\r\n\t\t\t<p class=\"NormalIndent\">\r\n\t\t\t\t<span>Mot denna bakgrund föreslår regeringen att riksdagen godkänner att Sverige under 2019 medverkar i kapitalhöjningen i EIB. Det innebär för Sveriges del att högst 123 460 748 euro </span><span>(</span><span>1 283 991 779 kronor</span><span>)</span><span> </span><span>förs över från bankens tillgängliga reserver till Sveriges inbetalda kapital i banken</span><span>. </span><span>Efter kapitalhöjningen kommer Sveriges totala inbetalda kapital att uppg</span><span>å till högst 766 323 048 euro (</span><span>7 969 759 699 kronor</span><span>)</span><span>. Regeringen bör vidare bemyndigas att under 2019 ställa ut statliga garantier till EIB som inklusive tidigare utfärdade garantier uppgår till högst 7 825 458 665 euro</span><span> (</span><span>81 384 770 116 kronor</span><span>)</span><span>. Det innebär en ökning av Sveriges </span><span>garantiåtagande med högst 1</span><span> </span><span>260</span><span> </span><span>743 965 euro</span><span> (</span><span>13 111 737 236 kronor</span><span>)</span><span>.</span>\r\n\t\t\t</p>\r\n\t\t\t<p class=\"R4\">\r\n\t\t\t\t<span>Ekonomiska konsekvenser</span>\r\n\t\t\t</p>\r\n\t\t\t<p>\r\n\t\t\t\t<span>Eftersom höjningen av det inbetalda kapitalet sker genom en överföring från EIB:s reserver innebär den inga direkta betalningsförpliktelser för Sverige gentemot banken. Kapitalhöjningen medför dock en indirekt kostnad, eftersom medel ur bankens reserver hade kunnat användas som en buffert för framtida kreditförluster i banken. </span>\r\n\t\t\t</p>\r\n\t\t\t<p class=\"NormalIndent\">\r\n\t\t\t\t<span>Garantikapitalet är det belopp som Sverige och andra medlemsländer förbinder sig att tillhandahålla banken vid behov. Det betalas endast ut till banken om garantierna skulle infrias, exempelvis om bankens förluster skulle vara så stora att bankens egna reserver inte räcker till för att täcka förlusterna. Om garantierna infrias skulle det påverka statsbudgetens saldo, statsskulden och det finansiella sparandet negativt. EIB:s status som prioriterad fordringsägare och dess konservativa kreditgivning utgör dock goda förutsättningar för att garantiåtagandet inte ska behöva infrias. Sedan Sverige blev delägare i banken har garantikapitalet aldrig tagits i anspråk. Riksgäldskontoret har även bedömt att risken för att statens garantier, inklusive de till EIB, ska leda till stora förluster för Sverige är låg och inga avsättningar görs därför för det utställda garantikapitalet. Därmed påverkar höjningen av garantikapitalet varken statsbudgetens saldo, statsskulden eller det finansiella sparandet.</span>\r\n\t\t\t</p>\r\n\t\t\t<h3>\r\n\t\t\t\t<a name=\"_Toc2856392\"><span>Utskottets ställningstagande</span></a>\r\n\t\t\t</h3>\r\n\t\t\t<p>\r\n\t\t\t\t<span>Utskottet tillstyrker propositionen.</span>\r\n\t\t\t</p>\r\n\t\t\t<p class=\"NormalIndent\">\r\n\t\t\t\t<span>Som r</span><span>egeringen anför i </span><span>propositionen </span><span>skulle EIB </span><span>utan en kapitalhöjning </span><span>tvingas minska utlåningen markant de närmaste åren</span><span> </span><span>till följd av Storbritanniens utträde. En utebliven kapitalhöjning skulle även kunna medföra en nedgradering av EIB:s höga kreditvärdighet. EIB:s verksamhet utgör ett värdefullt bidrag för att utveckla och stärka EU:s inre marknad och för att förbättra förutsättningarna för en stark och hållbar tillväxt i EU. Efterfrågan på lån från EIB är fortsatt hög i många länder inom EU och i dess närområde.</span>\r\n\t\t\t</p>\r\n\t\t\t<p>\r\n\t\t\t\t<span> </span>\r\n\t\t\t</p>\r\n\t\t\t<p class=\"Avsnittsrubrik\">\r\n\t\t\t\t<a name=\"_Toc2856393\"><span class=\"tSidrubrikJA\">Särskilda yttranden</span></a>\r\n\t\t\t</p>\r\n\t\t\t<p class=\"Mellanrum\">\r\n\t\t\t\t<span> </span>\r\n\t\t\t</p>\r\n\t\t\t<table cellspacing=\"0\" cellpadding=\"0\" style=\"border-collapse:collapse; margin-left:0pt; width:294.2pt\">\r\n\t\t\t\t<tr>\r\n\t\t\t\t\t<td style=\"vertical-align:top; width:22pt\">\r\n\t\t\t\t\t\t<p class=\"NormalNoll\" style=\"margin-top:0pt; margin-bottom:3.1pt; text-align:left; page-break-inside:avoid; page-break-after:avoid; line-height:12.5pt\">\r\n\t\t\t\t\t\t\t<span style=\"font-family:'Verdana'; font-size:10.5pt; font-weight:bold\">1.</span>\r\n\t\t\t\t\t\t</p>\r\n\t\t\t\t\t</td>\r\n\t\t\t\t\t<td style=\"vertical-align:top; width:272.2pt\">\r\n\t\t\t\t\t\t<p class=\"Srskiltyttranderubrik\" style=\"margin-top:0pt; margin-bottom:3.1pt; text-align:left; page-break-inside:avoid; page-break-after:avoid; line-height:12.5pt\">\r\n\t\t\t\t\t\t\t<a name=\"_Toc2856394\"><span style=\"font-family:'Verdana'; font-size:10.5pt; font-weight:bold\">Sveriges medverkan i kapitalhöjningen (SD)</span></a>\r\n\t\t\t\t\t\t</p>\r\n\t\t\t\t\t</td>\r\n\t\t\t\t</tr>\r\n\t\t\t\t<tr>\r\n\t\t\t\t\t<td style=\"vertical-align:top; width:22pt\">\r\n\t\t\t\t\t\t<p style=\"margin-top:3.1pt; margin-bottom:0pt; text-align:justify; page-break-inside:avoid; page-break-after:avoid; line-height:12.5pt\">\r\n\t\t\t\t\t\t\t<span style=\"font-family:'Verdana'; font-size:9.5pt\"> </span>\r\n\t\t\t\t\t\t</p>\r\n\t\t\t\t\t</td>\r\n\t\t\t\t\t<td style=\"vertical-align:top; width:272.2pt\">\r\n\t\t\t\t\t\t<p style=\"margin-top:3.1pt; margin-bottom:0pt; text-align:justify; page-break-inside:avoid; page-break-after:avoid; line-height:12.5pt\">\r\n\t\t\t\t\t\t\t<span style=\"font-family:'Verdana'; font-size:9.5pt\">Oscar Sjöstedt (SD), Dennis Dioukarev (SD) och Sven-Olof Sällström (SD) anför:</span>\r\n\t\t\t\t\t\t</p>\r\n\t\t\t\t\t</td>\r\n\t\t\t\t</tr>\r\n\t\t\t</table>\r\n\t\t\t<p class=\"Mellanrum\" style=\"-aw-sdt-tag:'d88a8fb1-ab20-4696-b2fe-98a0c7ad187a/särskilda yttranden/-688319996/1551959503165'; -aw-sdt-title:'särskilda yttranden'\">\r\n\t\t\t\t<span> </span>\r\n\t\t\t</p>\r\n\t\t\t<p>\r\n\t\t\t\t<span>I samband med att Storbritannien lämnar EU uppstår ett krav på ökad kapitalisering av Europeiska Investeringsbanken (EIB), för Sveriges del med drygt 14 miljarder kronor. Vi ifrågasätter om denna kapitalisering är nödvändig. Ett alternativ till ökad kapitalisering är att EIB minskar sina åtaganden motsvarande det kapital som försvinner i och med Storbritanniens utträde ur EU.</span>\r\n\t\t\t</p>\r\n\t\t\t<p class=\"NormalIndent\">\r\n\t\t\t\t<span>Vi ifrågasätter också behovet av EIB eftersom det finns gott om privata samt nationellt ägda banker med snarlik inriktning. Om EIBs inriktning varit unik samt att dess verksamhet var en nödvändighet för EUs funktion så hade ökad kapitalisering varit mer rimligt men en politiskt styrd bank är en mindre god idé i dagens Europeiska Union. Vi anser istället att EIB bör avvecklas.</span>\r\n\t\t\t</p>\r\n\t\t\t<p class=\"NormalIndent\">\r\n\t\t\t\t<span> </span>\r\n\t\t\t</p>\r\n\t\t\t<p class=\"Mellanrum\">\r\n\t\t\t\t<span> </span>\r\n\t\t\t</p>\r\n\t\t\t<table cellspacing=\"0\" cellpadding=\"0\" style=\"border-collapse:collapse; margin-left:0pt; width:294.2pt\">\r\n\t\t\t\t<tr>\r\n\t\t\t\t\t<td style=\"vertical-align:top; width:22pt\">\r\n\t\t\t\t\t\t<p class=\"NormalNoll\" style=\"margin-top:0pt; margin-bottom:3.1pt; text-align:left; page-break-inside:avoid; page-break-after:avoid; line-height:12.5pt\">\r\n\t\t\t\t\t\t\t<span style=\"font-family:'Verdana'; font-size:10.5pt; font-weight:bold\">2.</span>\r\n\t\t\t\t\t\t</p>\r\n\t\t\t\t\t</td>\r\n\t\t\t\t\t<td style=\"vertical-align:top; width:272.2pt\">\r\n\t\t\t\t\t\t<p class=\"Srskiltyttranderubrik\" style=\"margin-top:0pt; margin-bottom:3.1pt; text-align:left; page-break-inside:avoid; page-break-after:avoid; line-height:12.5pt\">\r\n\t\t\t\t\t\t\t<a name=\"_Toc2856395\"><span style=\"font-family:'Verdana'; font-size:10.5pt; font-weight:bold\">Sveriges medverkan i kapitalhöjningen (V)</span></a>\r\n\t\t\t\t\t\t</p>\r\n\t\t\t\t\t</td>\r\n\t\t\t\t</tr>\r\n\t\t\t\t<tr>\r\n\t\t\t\t\t<td style=\"vertical-align:top; width:22pt\">\r\n\t\t\t\t\t\t<p style=\"margin-top:3.1pt; margin-bottom:0pt; text-align:justify; page-break-inside:avoid; page-break-after:avoid; line-height:12.5pt\">\r\n\t\t\t\t\t\t\t<span style=\"font-family:'Verdana'; font-size:9.5pt\"> </span>\r\n\t\t\t\t\t\t</p>\r\n\t\t\t\t\t</td>\r\n\t\t\t\t\t<td style=\"vertical-align:top; width:272.2pt\">\r\n\t\t\t\t\t\t<p style=\"margin-top:3.1pt; margin-bottom:0pt; text-align:justify; page-break-inside:avoid; page-break-after:avoid; line-height:12.5pt\">\r\n\t\t\t\t\t\t\t<span style=\"font-family:'Verdana'; font-size:9.5pt\">Ulla Andersson (V) anför:</span>\r\n\t\t\t\t\t\t</p>\r\n\t\t\t\t\t</td>\r\n\t\t\t\t</tr>\r\n\t\t\t</table>\r\n\t\t\t<p class=\"Mellanrum\" style=\"-aw-sdt-tag:'7fa29ae9-bcb1-4ec9-9ffc-eb67193737d0/särskilda yttranden/-1285862418/1551959503175'; -aw-sdt-title:'särskilda yttranden'\">\r\n\t\t\t\t<span> </span>\r\n\t\t\t</p>\r\n\t\t\t<p>\r\n\t\t\t\t<span>Europeiska investeringsbanken (EIB) är en av världens största finansinstitutioner. Sverige har inflytande genom styrelseplats och Sverige bör verka för att Europeiska investeringsbanken upphör med direkt och indirekt stöd till fossila energilösningar. Frågan om EIB:s inriktning är dock inte uppe i detta ärende och i den uppkomna situationen finns det inte skäl att gå emot regeringens nu aktuella förslag.</span>\r\n\t\t\t</p>\r\n\t\t\t<p class=\"NormalIndent\">\r\n\t\t\t\t<span> </span>\r\n\t\t\t</p>\r\n\t\t\t<p>\r\n\t\t\t\t<span> </span>\r\n\t\t\t</p>\r\n\t\t\t<p class=\"Bilaga\">\r\n\t\t\t\t<span class=\"tBilagaJA\">Bilaga</span>\r\n\t\t\t</p>\r\n\t\t\t<p class=\"Bilagerubrik\">\r\n\t\t\t\t<a name=\"_Toc2856396\"><span class=\"tSidrubrikJA\">Förteckning över behandlade förslag</span></a>\r\n\t\t\t</p>\r\n\t\t\t<p class=\"Rubrik2bilaga\" style=\"-aw-sdt-tag:'dokumentavsnitt/förteckning över behandlade förslag/694581729/1549614919826'; -aw-sdt-title:'förteckning över behandlade förslag'\">\r\n\t\t\t\t<a name=\"_Toc2856397\"><span>Propositionen</span></a><span> </span>\r\n\t\t\t</p>\r\n\t\t\t<h4 style=\"-aw-sdt-tag:'dokumentavsnitt/förteckning över behandlade förslag/694581729/1549614919826'; -aw-sdt-title:'förteckning över behandlade förslag'\">\r\n\t\t\t\t<span>Proposition 2018/19:46 Extra ändringsbudget för 2019 – Kapitalhöjning i Europeiska investeringsbanken:</span>\r\n\t\t\t</h4>\r\n\t\t\t<p class=\"Yrkandelista\" style=\"margin-bottom:0pt; -aw-sdt-tag:'dokumentavsnitt/förteckning över behandlade förslag/694581729/1549614919826'; -aw-sdt-title:'förteckning över behandlade förslag'\">\r\n\t\t\t\t<span>1.</span><span style=\"width:21.22pt; text-indent:0pt; display:inline-block\"></span><span>Riksdagen godkänner att Sverige under 2019 medverkar i en kapitalhöjning i Europeiska investeringsbanken (EIB), vilket för Sveriges del innebär att högst 123 460 748 euro överförs från bankens reserver till bankens inbetalda kapital (avsnitt 4).</span>\r\n\t\t\t</p>\r\n\t\t\t<p class=\"Yrkandelista\" style=\"margin-top:0pt; -aw-sdt-tag:'dokumentavsnitt/förteckning över behandlade förslag/694581729/1549614919826'; -aw-sdt-title:'förteckning över behandlade förslag'\">\r\n\t\t\t\t<span>2.</span><span style=\"width:21.22pt; text-indent:0pt; display:inline-block\"></span><span>Riksdagen bemyndigar regeringen att under 2019 ställa ut statliga garantier till EIB som inklusive tidigare utfärdade garantier uppgår till högst 7 825 458 665 euro (avsnitt 4).</span>\r\n\t\t\t</p>\r\n\t\t\t<p class=\"Mellanrum\">\r\n\t\t\t\t<span> </span>\r\n\t\t\t</p>\r\n\t\t\t<p class=\"Mellanrum\" style=\"-aw-sdt-tag:'dokumentavsnitt/förteckning över behandlade förslag/694581729/1549614919826'; -aw-sdt-title:'förteckning över behandlade förslag'\">\r\n\t\t\t\t<span> </span>\r\n\t\t\t</p>\r\n\t\t\t<p>\r\n\t\t\t\t<span> </span>\r\n\t\t\t</p>\r\n\t\t</div>\r\n\t"},"dokutskottsforslag":{"utskottsforslag":{"punkt":"1","rubrik":"Sveriges medverkan i kapitalhöjningen","forslag":"Riksdagen<br>a) godkänner att Sverige under 2019 medverkar i en kapitalhöjning i Europeiska investeringsbanken (EIB), vilket för Sveriges del innebär att högst 123 460 748 euro överförs från bankens reserver till bankens inbetalda kapital,<br>b)&nbsp;bemyndigar regeringen att under 2019 ställa ut statliga garantier till EIB som inklusive tidigare utfärdade garantier uppgår till högst 7 825 458 665 euro.<BR/>Därmed bifaller riksdagen proposition 2018/19:46 punkterna 1 och 2.<BR/><BR/>","beslutstyp":"acklamation","motforslag_nummer":"0","motforslag_partier":null,"votering_id":null,"votering_sammanfattning_html":null,"votering_url_xml":null,"rm":"2018/19","bet":"FiU33","vinnare":"utskottet"}},"dokaktivitet":{"aktivitet":[{"kod":"UBE","namn":"Beredning","datum":"2019-02-28 00:00:00","status":"inträffat","ordning":"0","process":null},{"kod":"UBE","namn":"Beredning","datum":"2019-03-05 00:00:00","status":"inträffat","ordning":"0","process":null},{"kod":"JUS","namn":"Justering","datum":"2019-03-07 00:00:00","status":"inträffat","ordning":"0","process":null},{"kod":"TRY","namn":"Trycklov","datum":"2019-03-07 00:00:00","status":"inträffat","ordning":"0","process":null},{"kod":"B","namn":"Bordläggning","datum":"2019-03-12 00:00:00","status":"inträffat","ordning":"0","process":null},{"kod":"BEH","namn":"Behandling","datum":"2019-03-13 00:00:00","status":"inträffat","ordning":"0","process":null},{"kod":"BES","namn":"Beslut","datum":"2019-03-13 00:00:00","status":"inträffat","ordning":"0","process":null}]},"dokuppgift":{"uppgift":[{"kod":"beslutssammanfattningusk","namn":"Utskottets förslag till beslut","text":"Bifall till proposition","dok_id":"H601FiU33","systemdatum":"2019-03-13 08:56:40"},{"kod":"rdbeslut","namn":"Riksdagens beslut","text":"Kammaren biföll utskottets förslag.","dok_id":"H601FiU33","systemdatum":"2019-03-13 16:36:46"},{"kod":"notis","namn":"Beslut i korthet","text":"                           <p>Genom medlemskapet i Europeiska unionen, EU, blev Sverige år 1995 automatiskt medlem i Europeiska investeringsbanken, EIB, och är med och finansierar verksamheten. Bankens syfte är i första hand att bidra till att utveckla den inre marknaden genom att långsiktigt finansiera samhällsekonomiskt lönsamma projekt. Det kan till exempel vara olika forskningsprojekt.</p>\r\n<p>Eftersom Storbritannien avser lämna EU och därmed EIB den 29 mars 2019 sker en kapitalhöjning för bankens medlemmar. Detta för att inte tvingas minska på utlåningen under de närmaste åren och riskera en nedgradering av den höga kreditvärdigheten.</p>\r\n<p>För Sveriges del handlar det om en ökning av grundkapitalet i EIB med motsvarande 14 miljarder kronor, till totalt 89 miljarder. Vidare ska regeringen ge statliga garantier till EIB. Regeringen har därför föreslagit en extra ändringsbudget för 2019 för att detta ska godkännas.</p>\r\n<p>Riksdagen sa ja till regeringens förslag om en extra ändringsbudget för 2019.</p>\r\n                                            ","dok_id":"H601FiU33","systemdatum":"2019-03-13 16:40:58"},{"kod":"notisrubrik","namn":"Beslut","text":"Ja till mer pengar till Europeiska investeringsbanken (FiU33)","dok_id":"H601FiU33","systemdatum":"2019-03-13 16:40:58"},{"kod":"utsknotis","namn":"Utskottets förslag till beslut","text":"                           <p>Genom medlemskapet i Europeiska unionen, EU, blev Sverige år 1995 automatiskt medlem i Europeiska investeringsbanken, EIB, och är med och finansierar verksamheten. Bankens syfte är i första hand att bidra till att utveckla den inre marknaden genom att långsiktigt finansiera samhällsekonomiskt lönsamma projekt. Det kan till exempel vara olika forskningsprojekt.</p>\r\n<p>Eftersom Storbritannien avser lämna EU och därmed EIB den 29 mars 2019 sker en kapitalhöjning för bankens medlemmar. Detta för att inte tvingas minska på utlåningen under de närmaste åren och riskera en nedgradering av den höga kreditvärdigheten.</p>\r\n<p>För Sveriges del handlar det om en ökning av grundkapitalet i EIB med motsvarande 14 miljarder kronor, till totalt 89 miljarder. Vidare ska regeringen ge statliga garantier till EIB. Regeringen har därför föreslagit en extra ändringsbudget för 2019 för att detta ska godkännas.</p>\r\n<p>Finansutskottet föreslår att riksdagen säger ja till regeringens förslag om en extra ändringsbudget för 2019.</p>\r\n                                            ","dok_id":"H601FiU33","systemdatum":"2019-03-13 16:40:58"},{"kod":"utsknotisrubrik","namn":"Utskottets förslag","text":"Ja till mer pengar till Europeiska investeringsbanken (FiU33)","dok_id":"H601FiU33","systemdatum":"2019-03-13 16:40:58"},{"kod":"debattdatumtid","namn":"Datum och tid för debatten","text":"2019-03-13 00:00:00","dok_id":"H601FiU33","systemdatum":"2019-03-13 16:40:58"},{"kod":"beslutdatumtid","namn":"Datum och tid för beslutet","text":"2019-03-13 00:00:00","dok_id":"H601FiU33","systemdatum":"2019-03-13 16:40:58"},{"kod":"statustext","namn":"statustext","text":"Ärendet är avslutat","dok_id":"H601FiU33","systemdatum":"2019-03-13 14:16:25"}]},"dokbilaga":{"bilaga":{"dok_id":"H601FiU33","titel":"Extra ändringsbudget för 2019  Kapitalhöjning i Europeiska investeringsbanken","subtitel":null,"filnamn":"2018_19_FiU33_20190307154826_Publicering.pdf","filstorlek":"388273","filtyp":"pdf","fil_url":"http://data.riksdagen.se/fil/E1AE8FEB-F9EF-4778-A56F-E300EEDFF563"}},"dokreferens":{"referens":[{"referenstyp":"behandlar","uppgift":"Proposition 2018/19:46 Extra ändringsbudget för 2019 - Kapitalhöjning i Europeiska investeringsbanken","ref_dok_id":"H60346","ref_dok_typ":"prop","ref_dok_rm":"2018/19","ref_dok_bet":"46","ref_dok_titel":"Extra ändringsbudget för 2019 - Kapitalhöjning i Europeiska investeringsbanken","ref_dok_subtitel":null,"ref_dok_subtyp":"prop","ref_dok_dokumentnamn":"Proposition"},{"referenstyp":"protokollbeslut","uppgift":"2019-03-13","ref_dok_id":"H60964","ref_dok_typ":"prot","ref_dok_rm":"2018/19","ref_dok_bet":"64","ref_dok_titel":"Protokoll 2018/19:64 Onsdagen den 13 mars","ref_dok_subtitel":null,"ref_dok_subtyp":null,"ref_dok_dokumentnamn":"Protokoll"},{"referenstyp":"rskr","uppgift":null,"ref_dok_id":"H60K148","ref_dok_typ":"rskr","ref_dok_rm":"2018/19","ref_dok_bet":"148","ref_dok_titel":"Riksdagsskrivelse 2018/19:148","ref_dok_subtitel":null,"ref_dok_subtyp":"rskr","ref_dok_dokumentnamn":"Riksdagsskrivelse"},{"referenstyp":"talarlista","uppgift":"talarlista 2018/19:20190313 Onsdag den 13 mars 2019 (preliminär)","ref_dok_id":"H60J20190313","ref_dok_typ":"t-lista","ref_dok_rm":"2018/19","ref_dok_bet":"20190313","ref_dok_titel":"Onsdag den 13 mars 2019 (preliminär)","ref_dok_subtitel":null,"ref_dok_subtyp":null,"ref_dok_dokumentnamn":"Talarlista"}]},"debatt":null}}