{"dokumentstatus":{"dokument":{"hangar_id":"5023253","dok_id":"H601JuU22","rm":"2018/19","beteckning":"JuU22","typ":"bet","subtyp":"bet","doktyp":"bet","typrubrik":"Betänkande 2018/19:JuU22","dokumentnamn":"Betänkande","debattnamn":"Debatt om förslag","tempbeteckning":"","organ":"JuU","mottagare":"","nummer":"22","slutnummer":"0","datum":"2019-04-26 00:00:00","systemdatum":"2019-08-30 14:11:12","publicerad":"2019-02-28 13:45:40","titel":"En modernare och mer ändamålsenlig prövning av hyres- och arrendeärenden","subtitel":"","status":"Webbpublicering","htmlformat":"html","relaterat_id":"","source":"RIM","sourceid":"2e894cc6-5023-4345-9caa-30ab95be428c","dokument_url_text":"http://data.riksdagen.se/dokument/H601JuU22/text","dokument_url_html":"http://data.riksdagen.se/dokument/H601JuU22","dokumentstatus_url_xml":"http://data.riksdagen.se/dokumentstatus/H601JuU22","utskottsforslag_url_xml":"http://data.riksdagen.se/utskottsforslag/H601JuU22","html":"<style><!--\r\n .w600px{width: 600px;font-family:Verdana, Geneva, sans-serif}\r\nh2.dtyp{font-size:1.5em !important;} \r\n/********************************************************************************************************/\r\n/* Styles for D:\\Logs\\DocumentConverter\\\\Output_8716f100-08f7-4802-af5e-3d90a6e58fd0\\HTML\\Dokument.html */\r\n/* Generated by Aspose.Words for .NET 15.3.0.0                                                          */\r\n/********************************************************************************************************/\r\n\r\n@page Section1 { size:467.8pt 686.05pt; margin:45.35pt 102.05pt 73.7pt 70.85pt }\r\ndiv.Section1 { page:Section1 }\r\nzbody { text-align:justify; line-height:12.5pt; font-family:'Verdana'; font-size:9.5pt }\r\nzh1, h2, h3, h4, h5, h6, p { margin:3.1pt 0pt 0pt }\r\nzli, table { margin-top:3.1pt; margin-bottom:0pt }\r\nzh1 { margin-top:3.1pt; margin-bottom:12pt; text-align:left; page-break-after:avoid; line-height:12.5pt; font-family:'Verdana'; font-size:16pt; font-weight:normal }\r\nzh2 { margin-top:20pt; margin-bottom:6pt; text-align:left; page-break-inside:avoid; page-break-after:avoid; line-height:12.5pt; font-family:'Verdana'; font-size:13.5pt; font-weight:normal }\r\nzh3 { margin-top:20pt; margin-bottom:3.1pt; text-align:left; page-break-inside:avoid; page-break-after:avoid; line-height:12.5pt; font-family:'Verdana'; font-size:10.5pt; font-weight:bold }\r\nzh4 { margin-top:15pt; margin-bottom:3.1pt; text-align:left; page-break-inside:avoid; page-break-after:avoid; line-height:12.5pt; font-family:'Verdana'; font-size:10.5pt; font-weight:normal; font-style:italic; color:#000000 }\r\nzh5 { margin-top:6.25pt; margin-bottom:0pt; text-align:justify; page-break-inside:avoid; page-break-after:avoid; line-height:12.5pt; font-family:'Verdana'; font-size:9.5pt; font-weight:bold }\r\nzh6 { margin-top:6.25pt; margin-bottom:0pt; text-align:justify; page-break-inside:avoid; page-break-after:avoid; line-height:12.5pt; font-family:'Verdana'; font-size:9.5pt; font-weight:normal; font-style:italic; color:#000000 }\r\n.Heading7 { margin-top:2pt; margin-bottom:0pt; text-align:justify; page-break-inside:avoid; page-break-after:avoid; line-height:12.5pt; font-family:'Verdana'; font-size:9.5pt; font-weight:normal; font-style:italic; color:#243f60 }\r\n.Heading8 { margin-top:2pt; margin-bottom:0pt; text-align:justify; page-break-inside:avoid; page-break-after:avoid; line-height:12.5pt; font-family:'Verdana'; font-size:9pt; font-weight:normal; color:#272727 }\r\n.Heading9 { margin-top:2pt; margin-bottom:0pt; text-align:justify; page-break-inside:avoid; page-break-after:avoid; line-height:12.5pt; font-family:'Verdana'; font-size:9pt; font-weight:normal; font-style:italic; color:#272727 }\r\n.Avsnittsrubrik { margin-top:0pt; margin-bottom:27.7pt; text-align:left; page-break-before:always; page-break-after:avoid; line-height:normal; font-family:'Verdana'; font-size:16pt }\r\n.Avvikandemeningrubrik { margin-top:0pt; margin-bottom:3.1pt; text-align:left; page-break-inside:avoid; page-break-after:avoid; line-height:12.5pt; font-family:'Verdana'; font-size:10.5pt; font-weight:bold }\r\n.BalloonText { margin-top:3.1pt; margin-bottom:0pt; text-align:justify; line-height:normal; font-family:Tahoma; font-size:8pt }\r\n.Bilaga { margin-top:0pt; margin-bottom:0pt; text-align:left; page-break-before:always; page-break-after:avoid; line-height:normal; widows:0; orphans:0; font-family:'Verdana'; font-size:8pt; font-variant:small-caps; text-decoration:underline }\r\n.Bilagerubrik { margin-top:0pt; margin-bottom:17.7pt; text-align:left; page-break-after:auto; line-height:normal; widows:0; orphans:0; font-family:'Verdana'; font-size:16pt }\r\n.Bild-Rubrik { margin-top:8pt; margin-bottom:0pt; text-align:justify; page-break-inside:avoid; page-break-after:avoid; line-height:10pt; font-family:'Verdana'; font-size:9.5pt; font-weight:bold }\r\n.Bild-Underrubrik { margin-top:0pt; margin-bottom:1pt; text-align:left; page-break-inside:avoid; page-break-after:avoid; line-height:8pt; font-family:'Verdana'; font-size:8pt; font-weight:normal; font-style:italic }\r\n.BodyText { margin-top:3.1pt; margin-bottom:0pt; text-align:left; line-height:12.5pt; font-family:'Verdana'; font-size:9.5pt }\r\n.BodyTextIndent2 { margin-top:3.1pt; margin-left:14.15pt; margin-bottom:6pt; text-align:justify; line-height:200%; font-family:'Verdana'; font-size:9.5pt }\r\n.Citatindrag { margin-top:0pt; margin-left:14.2pt; margin-bottom:6.1pt; text-indent:14.2pt; text-align:justify; line-height:10pt; font-family:'Verdana'; font-size:9.5pt }\r\n.CommentText { margin-top:3.1pt; margin-bottom:0pt; text-align:justify; line-height:normal; font-family:'Verdana'; font-size:10pt }\r\n.Deltagare { margin-top:0pt; margin-bottom:0pt; text-align:justify; page-break-inside:avoid; page-break-after:avoid; line-height:9.5pt; font-family:'Verdana'; font-size:9.5pt }\r\n.Diagram-Rubrik { margin-top:8pt; margin-bottom:0pt; text-align:justify; page-break-inside:avoid; page-break-after:avoid; line-height:10pt; font-family:'Verdana'; font-size:9.5pt; font-weight:bold }\r\n.Diagram-Underrubrik { margin-top:0pt; margin-bottom:1pt; text-align:left; page-break-inside:avoid; page-break-after:avoid; line-height:8pt; font-family:'Verdana'; font-size:8pt; font-weight:normal; font-style:italic }\r\n.DokumentRubrik { margin-top:6pt; margin-bottom:24pt; text-align:left; line-height:normal; border-bottom-style:solid; border-bottom-width:0.75pt; border-bottom-color:#000000; padding-bottom:4pt; font-family:'Verdana'; font-size:18pt }\r\n.Dokumentbeteckning { margin-top:0pt; margin-bottom:0pt; text-align:left; page-break-inside:avoid; page-break-after:avoid; line-height:12.5pt; font-family:'Verdana'; font-size:16pt }\r\n.Footer { margin-top:3.1pt; margin-bottom:0pt; text-align:justify; line-height:normal; font-family:'Verdana'; font-size:9.5pt }\r\n.FootnoteText { margin-top:0pt; margin-bottom:0pt; text-align:justify; line-height:8pt; font-family:'Verdana'; font-size:8pt }\r\n.Fotnotstextindrag { margin-top:0pt; margin-left:5.65pt; margin-bottom:0pt; text-align:left; line-height:8pt; font-family:'Verdana'; font-size:8pt }\r\n.Frslagspunkt { margin-top:0pt; margin-bottom:0pt; text-align:left; page-break-inside:avoid; page-break-after:avoid; line-height:12.5pt; font-family:'Verdana'; font-size:9.5pt; font-weight:bold }\r\n.Frslagstext { margin-top:0pt; margin-bottom:0pt; text-align:justify; line-height:12.5pt; font-family:'Verdana'; font-size:9.5pt }\r\n.Frteckningsrubrik { margin-top:9.6pt; margin-bottom:3.1pt; text-align:left; page-break-inside:avoid; page-break-after:avoid; line-height:normal; font-family:'Verdana'; font-size:9.5pt; font-weight:normal; font-style:italic; color:#000000 }\r\n.Grupprubrik { margin-top:6pt; margin-bottom:0pt; text-align:left; page-break-inside:avoid; page-break-after:avoid; line-height:12.5pt; font-family:'Verdana'; font-size:9.5pt; font-style:italic }\r\n.Grupprubrikindrag { margin-top:6pt; margin-left:22.1pt; margin-bottom:0pt; text-align:left; page-break-inside:avoid; page-break-after:avoid; line-height:12.5pt; font-family:'Verdana'; font-size:9.5pt; font-style:italic }\r\n.Header { margin-top:0pt; margin-bottom:0pt; text-align:justify; line-height:normal; font-family:'Verdana'; font-size:7.5pt; font-variant:small-caps }\r\n.Innehllsfrteckning { margin-top:0pt; margin-bottom:17.7pt; text-align:left; page-break-before:always; page-break-after:auto; line-height:normal; font-family:'Verdana'; font-size:16pt }\r\n.Kantrubrik { margin-top:0pt; margin-bottom:0pt; text-align:justify; line-height:normal; font-family:'Verdana'; font-size:7.5pt }\r\n.ListBullet { margin-top:6.25pt; margin-left:17.85pt; margin-bottom:6.25pt; text-indent:-17.85pt; text-align:justify; line-height:12.5pt; font-family:'Verdana'; font-size:9.5pt }\r\n.ListParagraph { margin-top:3.1pt; margin-left:28.35pt; margin-bottom:0pt; text-align:justify; line-height:12.5pt; font-family:'Verdana'; font-size:9.5pt }\r\n.Litentext { margin-top:0pt; margin-bottom:0pt; text-align:justify; line-height:normal; font-family:'Verdana'; font-size:8pt }\r\n.Mellanrubrik { margin-top:11pt; margin-bottom:3.1pt; text-align:left; page-break-after:avoid; line-height:12.5pt; font-family:'Verdana'; font-size:9.5pt; font-style:italic }\r\n.Mellanrum { margin-top:0pt; margin-bottom:0pt; text-align:left; page-break-before:auto; page-break-after:auto; line-height:1pt; widows:0; orphans:0; font-family:'Verdana'; font-size:1pt; font-variant:small-caps; text-decoration:none; color:#ffffff }\r\n.NormalIndent { margin-top:0pt; margin-bottom:0pt; text-indent:11.35pt; text-align:justify; line-height:12.5pt; font-family:'Verdana'; font-size:9.5pt }\r\n.Normalinskjuten { margin-top:0pt; margin-left:22.1pt; margin-bottom:0pt; text-align:justify; line-height:12.5pt; font-family:'Verdana'; font-size:9.5pt }\r\n.Normalinskjutenindrag { margin-top:0pt; margin-left:22.1pt; margin-bottom:0pt; text-indent:11.35pt; text-align:justify; line-height:12.5pt; font-family:'Verdana'; font-size:9.5pt }\r\n.Normalinskjutenkursiv { margin-top:6pt; margin-bottom:0pt; line-height:normal; font-family:'Verdana'; font-size:10pt; font-style:italic }\r\n.Normalkursiv { margin-top:3.1pt; margin-bottom:0pt; text-align:left; line-height:12.5pt; font-family:'Verdana'; font-size:9.5pt; font-style:italic }\r\n.Normalruta { margin:3.1pt 5.65pt 0pt; text-align:justify; page-break-inside:avoid; page-break-after:avoid; line-height:12.5pt; border-top-style:solid; border-top-width:0.75pt; border-top-color:#000000; border-right-style:solid; border-right-width:0.75pt; border-right-color:#000000; border-left-style:solid; border-left-width:0.75pt; border-left-color:#000000; border-bottom-style:solid; border-bottom-width:0.75pt; border-bottom-color:#000000; padding-top:4pt; padding-right:4pt; padding-left:4pt; padding-bottom:4pt; font-family:'Verdana'; font-size:10.5pt }\r\n.Normalrutafet { margin:3.1pt 5.65pt 0pt; text-align:justify; page-break-inside:avoid; page-break-after:avoid; line-height:12.5pt; border-top-style:solid; border-top-width:0.75pt; border-top-color:#000000; border-right-style:solid; border-right-width:0.75pt; border-right-color:#000000; border-left-style:solid; border-left-width:0.75pt; border-left-color:#000000; border-bottom-style:solid; border-bottom-width:0.75pt; border-bottom-color:#000000; padding-top:4pt; padding-right:4pt; padding-left:4pt; padding-bottom:4pt; font-family:'Verdana'; font-size:10.5pt; font-weight:bold }\r\n.Normalrutaindrag { margin:0pt 5.65pt; text-indent:11.35pt; text-align:justify; page-break-inside:avoid; page-break-after:avoid; line-height:12.5pt; border-top-style:solid; border-top-width:0.75pt; border-top-color:#000000; border-right-style:solid; border-right-width:0.75pt; border-right-color:#000000; border-left-style:solid; border-left-width:0.75pt; border-left-color:#000000; border-bottom-style:solid; border-bottom-width:0.75pt; border-bottom-color:#000000; padding-top:4pt; padding-right:4pt; padding-left:4pt; padding-bottom:4pt; font-family:'Verdana'; font-size:10.5pt }\r\n.Normalutanluftfre { margin-top:0pt; margin-bottom:0pt; text-align:justify; line-height:12.5pt; font-family:'Verdana'; font-size:9.5pt }\r\n.NormalNoll { margin-top:0pt; margin-bottom:3.1pt; text-align:left; line-height:12.5pt; font-family:'Verdana'; font-size:10.5pt; font-weight:bold }\r\n.NumlistaTOC { margin:3.1pt 28.35pt 0pt 0pt; text-indent:0pt; text-align:left; line-height:normal; font-family:'Verdana'; font-size:9.5pt }\r\n.Ordfranden { margin-top:3.1pt; margin-bottom:22pt; text-align:left; page-break-inside:avoid; page-break-after:avoid; line-height:normal; font-family:'Verdana'; font-size:9.5pt; font-style:italic }\r\n.OrtochDatum { margin-top:18pt; margin-bottom:18pt; text-align:left; page-break-inside:avoid; page-break-after:avoid; line-height:normal; font-family:'Verdana'; font-size:9.5pt }\r\n.Punktlistabomb { margin-top:6.25pt; margin-left:14.2pt; margin-bottom:6.25pt; text-indent:-14.2pt; text-align:justify; line-height:12.5pt; font-family:'Verdana'; font-size:9.5pt }\r\n.Punktlistagemener { margin-top:6.25pt; margin-left:14.2pt; margin-bottom:6.25pt; text-indent:-14.2pt; text-align:justify; line-height:12.5pt; font-family:'Verdana'; font-size:9.5pt }\r\n.Punktlistalinje { margin-top:6.25pt; margin-left:14.2pt; margin-bottom:6.25pt; text-indent:-14.2pt; text-align:justify; line-height:12.5pt; font-family:'Verdana'; font-size:9.5pt }\r\n.Punktlistasiffra { margin-top:6.25pt; margin-left:14.2pt; margin-bottom:6.25pt; text-indent:-14.2pt; text-align:justify; line-height:12.5pt; font-family:'Verdana'; font-size:9.5pt }\r\n.PVgnar { margin-top:3.1pt; margin-bottom:26pt; text-align:left; page-break-inside:avoid; page-break-after:avoid; line-height:normal; font-family:'Verdana'; font-size:9.5pt }\r\n.Quote { margin-top:6.1pt; margin-left:14.2pt; margin-bottom:0pt; text-align:justify; line-height:10pt; font-family:'Verdana'; font-size:9.5pt }\r\n.R1 { margin-top:3.1pt; margin-bottom:12pt; text-align:left; page-break-after:avoid; line-height:12.5pt; font-family:'Verdana'; font-size:16pt }\r\n.R1bilaga { margin-top:3.1pt; margin-bottom:12pt; text-align:left; page-break-after:auto; line-height:12.5pt; font-family:'Verdana'; font-size:16pt }\r\n.R2 { margin-top:20pt; margin-bottom:6pt; text-align:left; page-break-inside:avoid; page-break-after:avoid; line-height:12.5pt; font-family:'Verdana'; font-size:13.5pt }\r\n.R3 { margin-top:20pt; margin-bottom:3.1pt; text-align:left; page-break-inside:avoid; page-break-after:avoid; line-height:12.5pt; font-family:'Verdana'; font-size:10.5pt; font-weight:bold }\r\n.R4 { margin-top:15pt; margin-bottom:3.1pt; text-align:left; page-break-inside:avoid; page-break-after:avoid; line-height:12.5pt; font-family:'Verdana'; font-size:10.5pt; font-weight:normal; font-style:italic; color:#000000 }\r\n.R5 { margin-top:6.25pt; margin-bottom:0pt; text-align:justify; page-break-inside:avoid; page-break-after:avoid; line-height:12.5pt; font-family:'Verdana'; font-size:9.5pt; font-weight:bold }\r\n.R6 { margin-top:6.25pt; margin-bottom:0pt; text-align:justify; page-break-inside:avoid; page-break-after:avoid; line-height:12.5pt; font-family:'Verdana'; font-size:9.5pt; font-weight:normal; font-style:italic; color:#000000 }\r\n.Reservationshnvisning { margin-top:0pt; margin-bottom:8pt; text-align:right; line-height:12.5pt; font-family:'Verdana'; font-size:9.5pt; font-style:italic }\r\n.Reservationsrubrik { margin-top:0pt; margin-bottom:3.1pt; text-align:left; page-break-inside:avoid; page-break-after:avoid; line-height:12.5pt; font-family:'Verdana'; font-size:10.5pt; font-weight:bold }\r\n.Rubrik1Dokumentinformation { margin-top:0pt; margin-bottom:0pt; text-align:left; page-break-inside:avoid; page-break-after:avoid; line-height:12.5pt; font-family:'Verdana'; font-size:16pt }\r\n.Rubrik1bilaga { margin-top:0pt; margin-bottom:27.7pt; text-align:left; page-break-after:auto; line-height:12.5pt; font-family:'Verdana'; font-size:16pt }\r\n.Rubrik1medsidhuvud { margin-top:3.1pt; margin-bottom:12pt; text-align:left; page-break-before:always; page-break-after:avoid; line-height:12.5pt; font-family:'Verdana'; font-size:16pt }\r\n.Rubrik1numrerat { margin-top:3.1pt; margin-left:0pt; margin-bottom:12pt; text-indent:0pt; text-align:left; page-break-after:avoid; line-height:12.5pt; font-family:'Verdana'; font-size:16pt }\r\n.Rubrik1numreratmedsidhuvud { margin-top:0pt; margin-left:0pt; margin-bottom:16pt; text-indent:0pt; text-align:left; page-break-before:always; page-break-after:avoid; line-height:normal; font-family:'Verdana'; font-size:16pt }\r\n.Rubrik2bilaga { margin-top:20pt; margin-bottom:6pt; text-align:left; page-break-inside:avoid; page-break-after:avoid; line-height:12.5pt; font-family:'Verdana'; font-size:13.5pt }\r\n.Rubrik2numrerat { margin-top:20pt; margin-left:0pt; margin-bottom:6pt; text-indent:0pt; text-align:left; page-break-inside:avoid; page-break-after:avoid; line-height:12.5pt; font-family:'Verdana'; font-size:13.5pt }\r\n.Rubrik3numrerat { margin-top:20pt; margin-left:0pt; margin-bottom:3.1pt; text-indent:0pt; text-align:left; page-break-inside:avoid; page-break-after:avoid; line-height:12.5pt; font-family:'Verdana'; font-size:10.5pt; font-weight:bold }\r\n.Sammanfattning { margin-top:3.1pt; margin-bottom:12pt; text-align:left; page-break-after:auto; line-height:12.5pt; font-family:'Verdana'; font-size:16pt }\r\n.Sidhuvudhgerstlld { margin-top:0pt; margin-bottom:0pt; text-align:right; line-height:normal; font-family:'Verdana'; font-size:7.5pt; font-variant:small-caps }\r\n.Sidhuvudvnsterstlld { margin-top:0pt; margin-bottom:0pt; text-align:left; line-height:normal; font-family:'Verdana'; font-size:7.5pt; font-variant:small-caps }\r\n.Stdrubrik { margin-top:12pt; margin-bottom:0pt; line-height:12pt; font-family:'Verdana'; font-size:9.5pt; font-weight:bold }\r\n.Srskiltyttranderubrik { margin-top:0pt; margin-bottom:3.1pt; text-align:left; page-break-inside:avoid; page-break-after:avoid; line-height:12.5pt; font-family:'Verdana'; font-size:10.5pt; font-weight:bold }\r\n.TOC1 { margin-top:0pt; margin-right:28.35pt; margin-bottom:0pt; text-align:left; line-height:normal; font-family:'Verdana'; font-size:9.5pt }\r\n.TOC2 { margin:0pt 28.35pt 0pt 5.65pt; text-align:left; line-height:normal; font-family:'Verdana'; font-size:9.5pt }\r\n.TOC3 { margin:0pt 28.35pt 0pt 11.35pt; text-align:left; line-height:normal; font-family:'Verdana'; font-size:9.5pt }\r\n.TOC4 { margin:0pt 28.35pt 0pt 17pt; text-align:left; line-height:normal; font-family:'Verdana'; font-size:9.5pt }\r\n.TOC5 { margin:0pt 28.35pt 0pt 22.7pt; text-align:left; line-height:normal; font-family:'Verdana'; font-size:9.5pt }\r\n.TOC6 { margin-top:0pt; margin-left:47.65pt; margin-bottom:0pt; text-align:left; line-height:normal; font-family:'Verdana'; font-size:9.5pt }\r\n.TOC7 { margin-top:0pt; margin-right:28.35pt; margin-bottom:0pt; text-align:left; line-height:normal; font-family:'Verdana'; font-size:9.5pt }\r\n.TOC8 { margin-top:0pt; margin-right:28.35pt; margin-bottom:0pt; text-align:left; line-height:normal; font-family:'Verdana'; font-size:9.5pt }\r\n.TOC9 { margin-top:0pt; margin-left:8.5pt; margin-bottom:0pt; text-align:left; line-height:normal; font-family:'Verdana'; font-size:9.5pt }\r\n.TOCHeading { margin-top:3.1pt; margin-bottom:9pt; text-align:left; page-break-before:always; page-break-inside:avoid; page-break-after:avoid; line-height:12.5pt; font-family:'Verdana'; font-size:16pt }\r\n.Tabell-Kolumnrubrik { margin-bottom:0pt; line-height:12pt; font-family:'Verdana'; font-size:8pt; font-weight:bold }\r\n.Tabell-Klla { margin-top:2pt; margin-bottom:0pt; line-height:8pt; font-family:'Verdana'; font-size:7pt }\r\n.Tabell-Radrubrik { margin-bottom:0pt; line-height:12pt; font-family:'Verdana'; font-size:8pt }\r\n.Tabell-Rubrik { margin-top:12pt; margin-bottom:3pt; text-align:left; page-break-inside:avoid; page-break-after:avoid; line-height:10pt; font-family:'Verdana'; font-size:9pt; font-weight:bold }\r\n.Tabell-Siffror { margin-bottom:0pt; text-align:right; line-height:12pt; font-family:'Verdana'; font-size:8pt }\r\n.Tabell-Text { margin-bottom:0pt; line-height:12pt; font-family:'Verdana'; font-size:8pt }\r\n.Tabell-Underrubrik { margin-top:0pt; margin-bottom:1pt; text-align:left; page-break-inside:avoid; page-break-after:avoid; line-height:8pt; font-family:'Verdana'; font-size:8pt; font-weight:normal; font-style:italic }\r\n.TableofFigures { margin-top:3.1pt; margin-bottom:0pt; text-align:justify; line-height:normal; font-family:'Verdana'; font-size:9.5pt }\r\n.TillX-utskottet { margin-top:0pt; margin-bottom:12pt; text-align:left; page-break-after:avoid; line-height:12.5pt; font-family:'Verdana'; font-size:16pt }\r\n.Title { margin-top:3.1pt; margin-bottom:1pt; text-align:left; line-height:12pt; font-family:'Verdana'; font-size:20pt; letter-spacing:-0.5pt }\r\n.Vapen { margin-top:0pt; margin-bottom:0pt; text-align:left; page-break-inside:avoid; page-break-after:avoid; line-height:12.5pt; font-family:'Verdana'; font-size:16pt }\r\n.Yrkandelista { margin-top:3.1pt; margin-left:28.35pt; margin-bottom:0pt; text-indent:-28.35pt; text-align:justify; line-height:12.5pt; font-family:'Verdana'; font-size:9.5pt }\r\n.YrkandelistaEtt { margin-top:3.1pt; margin-left:0pt; margin-bottom:0pt; text-indent:0pt; text-align:justify; line-height:12.5pt; font-family:'Verdana'; font-size:9.5pt }\r\nspan.BallongtextChar { font-family:Tahoma; font-size:8pt }\r\nspan.BilagaChar { font-family:'Verdana'; font-size:8pt; font-variant:small-caps; text-decoration:underline }\r\nspan.BrdtextChar { font-family:'Verdana'; font-size:9.5pt }\r\nspan.BrdtextChar1 { font-family:'Verdana'; font-size:9.5pt }\r\nspan.Brdtextmedindrag2Char { font-family:'Verdana'; font-size:9.5pt }\r\nspan.CitatChar { font-family:'Verdana'; font-size:9.5pt }\r\nspan.DokumentRubrikChar { font-family:'Verdana'; font-size:18pt }\r\nspan.FotnotstextChar { font-family:'Verdana'; font-size:8pt }\r\nspan.FotnotstextindragChar { font-family:'Verdana'; font-size:8pt }\r\nspan.FrslagspunktChar { font-family:'Verdana'; font-size:9.5pt; font-weight:bold; font-style:normal }\r\nspan.Hyperlink { text-decoration:none; color:#000000 }\r\nspan.KommentarerChar { font-family:'Verdana'; font-size:10pt }\r\nspan.NormalkursivChar { font-family:'Verdana'; font-size:9.5pt; font-style:italic }\r\nspan.NormaltindragChar { font-family:'Verdana'; font-size:9.5pt }\r\nspan.OrdfrandenChar { font-family:'Verdana'; font-size:9.5pt; font-style:italic }\r\nspan.OrtochDatumChar { font-family:'Verdana'; font-size:9.5pt }\r\nspan.PlaceholderText { color:#808080 }\r\nspan.PVgnarChar { font-family:'Verdana'; font-size:9.5pt }\r\nspan.ReservationshnvisningChar { font-family:'Verdana'; font-size:9.5pt; font-style:italic }\r\nspan.Rubrik1Char { font-family:'Verdana'; font-size:16pt }\r\nspan.Rubrik1DokumentinformationChar { font-family:'Verdana'; font-size:16pt }\r\nspan.Rubrik2Char { font-family:'Verdana'; font-size:13.5pt }\r\nspan.Rubrik3Char { font-family:'Verdana'; font-size:10.5pt; font-weight:bold }\r\nspan.Rubrik4Char { font-family:'Verdana'; font-size:10.5pt; font-style:italic; color:#000000 }\r\nspan.Rubrik5Char { font-family:'Verdana'; font-size:9.5pt; font-weight:bold }\r\nspan.Rubrik6Char { font-family:'Verdana'; font-size:9.5pt; font-style:italic; color:#000000 }\r\nspan.Rubrik7Char { font-family:'Verdana'; font-size:9.5pt; font-style:italic; color:#243f60 }\r\nspan.Rubrik8Char { font-family:'Verdana'; font-size:9pt; color:#272727 }\r\nspan.Rubrik9Char { font-family:'Verdana'; font-size:9pt; font-style:italic; color:#272727 }\r\nspan.RubrikChar { font-family:'Verdana'; font-size:20pt; letter-spacing:-0.5pt }\r\nspan.SidfotChar { font-family:'Verdana'; font-size:9.5pt }\r\nspan.SidhuvudChar { font-family:'Verdana'; font-size:7.5pt; font-variant:small-caps }\r\nspan.Tabell-Upphjttecken { font-family:'Verdana'; font-variant:normal; text-decoration:none; text-transform:none; vertical-align:super; display:inline }\r\nspan.VapenChar { font-family:'Verdana'; font-size:16pt }\r\nspan.tBilagaJA { color:#000000 }\r\nspan.tSidrubrikJA { color:#000000 }\r\n.TableGrid {  }\r\n--></style>\r\n\r\n\t\t<div class=\"Section1\">\r\n\t\t\t<table cellspacing=\"0\" cellpadding=\"0\" style=\"border-collapse:collapse; margin-left:0pt\">\r\n\t\t\t\t<tr style=\"height:79.4pt\">\r\n\t\t\t\t\t<td style=\"vertical-align:top; width:297.7pt\">\r\n\t\t\t\t\t\t<p class=\"Rubrik1Dokumentinformation\" style=\"margin-top:0pt; margin-bottom:0pt; text-align:left; page-break-inside:avoid; page-break-after:avoid; line-height:16pt\">\r\n\t\t\t\t\t\t\t<span style=\"font-family:'Verdana'; font-size:16pt; -aw-sdt-tag:ccUtskott; -aw-sdt-title:'utskottsnamn Dokumentegenskap'\">Justitieutskottet</span><span style=\"font-family:'Verdana'; font-size:16pt; -aw-sdt-tag:ccS; -aw-sdt-title:s\">s</span><span style=\"font-family:'Verdana'; font-size:16pt; -aw-sdt-tag:ccMellanslag; -aw-sdt-title:Mellanslag\"> </span><a name=\"Utlatande\"></a><span style=\"font-family:'Verdana'; font-size:16pt\">betänkande</span>\r\n\t\t\t\t\t\t</p>\r\n\t\t\t\t\t\t<p class=\"Dokumentbeteckning\" style=\"margin-top:0pt; margin-bottom:0pt; text-align:left; page-break-inside:avoid; page-break-after:avoid; line-height:16pt\">\r\n\t\t\t\t\t\t\t<span style=\"font-family:'Verdana'; font-size:16pt; -aw-sdt-tag:ccRiksmote; -aw-sdt-title:'riksmote Dokumentegenskap'\">2018/19</span><span style=\"font-family:'Verdana'; font-size:16pt; -aw-sdt-tag:ccKolon; -aw-sdt-title:Kolon\">:</span><a name=\"Utskottebeteckning\"></a><span style=\"font-family:'Verdana'; font-size:16pt\">JuU22</span>\r\n\t\t\t\t\t\t</p>\r\n\t\t\t\t\t\t<p class=\"Rubrik1Dokumentinformation\" style=\"margin-top:0pt; margin-bottom:0pt; text-align:left; page-break-inside:avoid; page-break-after:avoid; line-height:16pt\">\r\n\t\t\t\t\t\t\t<span style=\"font-family:'Verdana'; font-size:16pt\"> </span>\r\n\t\t\t\t\t\t</p>\r\n\t\t\t\t\t</td>\r\n\t\t\t\t</tr>\r\n\t\t\t</table>\r\n\t\t\t<p class=\"DokumentRubrik\" style=\"-aw-sdt-tag:ccDokumentrubrik; -aw-sdt-title:'dokumentrubrik Dokumentegenskap'\">\r\n\t\t\t\t<span>En modernare och mer ändamålsenlig prövning av hyres- och arrendeärenden</span>\r\n\t\t\t</p>\r\n\t\t\t<p class=\"Sammanfattning\">\r\n\t\t\t\t<span class=\"tSidrubrikJA\">Sammanfattning</span>\r\n\t\t\t</p>\r\n\t\t\t<p>\r\n\t\t\t\t<span>Utskottet föreslår att riksdagen antar regeringens förslag till ändringar i </span><span>bl.a. </span><span>jordabalken, lagen om a</span><span>rrendenämnder och hyresnämnder och </span><span>lagen om rättegången i vissa hyresmål i Svea hovrätt. Lagändringarna syftar till att skapa en modernare och mer ändamålsenlig prövning av hyres- och arrendeärenden och mål.</span>\r\n\t\t\t</p>\r\n\t\t\t<p class=\"NormalIndent\">\r\n\t\t\t\t<span>Förslaget</span><span> innebär bl.a. att</span><span> m</span><span>odern teknik ska utnyttjas på ett bättre sätt genom att förhör i </span><span>arrende- och hyres</span><span>nämnderna</span><span> </span><span>som huvudregel </span><span>ska </span><span>dokumenteras genom en ljud- och bildupptagning</span><span>,</span><span> som</span><span> </span><span>sedan kan användas i </span><span>hovrätten om ärendet överklagas.</span><span> Vidare </span><span>innebär förslaget att</span><span> m</span><span>öjligheterna att öve</span><span>rklaga nämndernas beslut utökas</span><span>, att det införs mer flexibla regler om </span><span>nämndernas sammansättning </span><span>och att d</span><span>et införs en möjlighet att delegera fler uppgifter till en anställd i</span><span> </span><span>hyresnämnden som har tillräcklig kunskap och erfarenhet.</span>\r\n\t\t\t</p>\r\n\t\t\t<p class=\"NormalIndent\">\r\n\t\t\t\t<span>Lagändringarna föreslås träda i kraft den 1 juli 2019.</span>\r\n\t\t\t</p>\r\n\t\t\t<p class=\"R4\">\r\n\t\t\t\t<span>Behandlade förslag</span>\r\n\t\t\t</p>\r\n\t\t\t<p>\r\n\t\t\t\t<span>Proposition 2018/19:66 En modernare och mer ändamålsenlig prövning av hyres- och arrendeärenden.</span>\r\n\t\t\t</p>\r\n\t\t\t<p>\r\n\t\t\t\t<span> </span>\r\n\t\t\t</p>\r\n\t\t\t<p class=\"Innehllsfrteckning\">\r\n\t\t\t\t<a name=\"Innehållsförteckning\"></a><span class=\"tSidrubrikJA\">Innehållsförteckning</span>\r\n\t\t\t</p>\r\n\t\t\t<p class=\"TOC1\">\r\n\t\t\t\t<a style=\"color:#000000\" href=\"#_Toc7165453\"><span class=\"Hyperlink\">Utskottets förslag till riksdagsbeslut</span></a>\r\n\t\t\t</p>\r\n\t\t\t<p class=\"TOC1\">\r\n\t\t\t\t<a style=\"color:#000000\" href=\"#_Toc7165454\"><span class=\"Hyperlink\">Redogörelse för ärendet</span></a>\r\n\t\t\t</p>\r\n\t\t\t<p class=\"TOC1\">\r\n\t\t\t\t<a style=\"color:#000000\" href=\"#_Toc7165455\"><span class=\"Hyperlink\">Utskottets överväganden</span></a>\r\n\t\t\t</p>\r\n\t\t\t<p class=\"TOC2\">\r\n\t\t\t\t<a style=\"color:#000000\" href=\"#_Toc7165456\"><span class=\"Hyperlink\">En modernare och mer ändamålsenlig prövning av hyres- och arrendeärenden</span></a>\r\n\t\t\t</p>\r\n\t\t\t<p class=\"TOC8\">\r\n\t\t\t\t<span class=\"Hyperlink\" style=\"font-style:italic\">Bilaga 1</span><br /><a style=\"color:#000000\" href=\"#_Toc7165457\"><span class=\"Hyperlink\">Förteckning över behandlade förslag</span></a>\r\n\t\t\t</p>\r\n\t\t\t<p class=\"TOC9\">\r\n\t\t\t\t<a style=\"color:#000000\" href=\"#_Toc7165458\"><span class=\"Hyperlink\">Propositionen</span></a>\r\n\t\t\t</p>\r\n\t\t\t<p class=\"TOC8\">\r\n\t\t\t\t<span class=\"Hyperlink\" style=\"font-style:italic\">Bilaga 2</span><br /><a style=\"color:#000000\" href=\"#_Toc7165459\"><span class=\"Hyperlink\">Regeringens lagförslag</span></a>\r\n\t\t\t</p>\r\n\t\t\t<p>\r\n\t\t\t</p>\r\n\t\t\t<p>\r\n\t\t\t\t<span> </span>\r\n\t\t\t</p>\r\n\t\t\t<p class=\"NormalIndent\">\r\n\t\t\t\t<span> </span>\r\n\t\t\t</p>\r\n\t\t\t<p class=\"Avsnittsrubrik\">\r\n\t\t\t\t<a name=\"StopCC\"></a><a name=\"_Toc7165453\"><span style=\"-aw-bookmark-end:StopCC\"></span><span class=\"tSidrubrikJA\">Utskottets förslag till riksdagsbeslut</span></a>\r\n\t\t\t</p>\r\n\t\t\t<p class=\"Mellanrum\">\r\n\t\t\t\t<span> </span>\r\n\t\t\t</p>\r\n\t\t\t<p class=\"Mellanrum\">\r\n\t\t\t\t<span> </span>\r\n\t\t\t</p>\r\n\t\t\t<table cellspacing=\"0\" cellpadding=\"0\" style=\"border-collapse:collapse; margin-left:0pt; width:294.2pt\">\r\n\t\t\t\t<tr>\r\n\t\t\t\t\t<td style=\"vertical-align:top; width:22pt\">\r\n\t\t\t\t\t\t<p style=\"margin-top:3.1pt; margin-bottom:0pt; text-align:justify; page-break-inside:avoid; page-break-after:avoid; line-height:12.5pt\">\r\n\t\t\t\t\t\t\t<span style=\"font-family:'Verdana'; font-size:10.5pt; font-weight:bold\">En modernare och mer ändamålsenlig prövning av hyres- och arrendeärenden</span>\r\n\t\t\t\t\t\t</p>\r\n\t\t\t\t\t</td>\r\n\t\t\t\t</tr>\r\n\t\t\t</table>\r\n\t\t\t<p class=\"Normalutanluftfre\" style=\"-aw-sdt-tag:'dokumentavsnitt/utskottets förslag till riksdagsbeslut/757807862/1556194144517'; -aw-sdt-title:'utskottets förslag till riksdagsbeslut'\">\r\n\t\t\t\t<span>Riksdagen antar regeringens förslag till</span>\r\n\t\t\t</p>\r\n\t\t\t<p class=\"NormalIndent\" style=\"-aw-sdt-tag:'dokumentavsnitt/utskottets förslag till riksdagsbeslut/757807862/1556194144517'; -aw-sdt-title:'utskottets förslag till riksdagsbeslut'\">\r\n\t\t\t\t<span>1. lag om ändring i jordabalken,</span>\r\n\t\t\t</p>\r\n\t\t\t<p class=\"NormalIndent\" style=\"-aw-sdt-tag:'dokumentavsnitt/utskottets förslag till riksdagsbeslut/757807862/1556194144517'; -aw-sdt-title:'utskottets förslag till riksdagsbeslut'\">\r\n\t\t\t\t<span>2. lag om ändring i lagen (1957:390) om fiskearrenden,</span>\r\n\t\t\t</p>\r\n\t\t\t<p class=\"NormalIndent\" style=\"-aw-sdt-tag:'dokumentavsnitt/utskottets förslag till riksdagsbeslut/757807862/1556194144517'; -aw-sdt-title:'utskottets förslag till riksdagsbeslut'\">\r\n\t\t\t\t<span>3. lag om ändring i lagen (1973:188) om arrendenämnder och hyresnämnder,</span>\r\n\t\t\t</p>\r\n\t\t\t<p class=\"NormalIndent\" style=\"-aw-sdt-tag:'dokumentavsnitt/utskottets förslag till riksdagsbeslut/757807862/1556194144517'; -aw-sdt-title:'utskottets förslag till riksdagsbeslut'\">\r\n\t\t\t\t<span>4. lag om ändring i bostadsrättslagen (1991:614),</span>\r\n\t\t\t</p>\r\n\t\t\t<p class=\"NormalIndent\" style=\"-aw-sdt-tag:'dokumentavsnitt/utskottets förslag till riksdagsbeslut/757807862/1556194144517'; -aw-sdt-title:'utskottets förslag till riksdagsbeslut'\">\r\n\t\t\t\t<span>5. lag om ändring i lagen (1994:831) om rättegången i vissa hyresmål i Svea hovrätt,</span>\r\n\t\t\t</p>\r\n\t\t\t<p class=\"NormalIndent\" style=\"-aw-sdt-tag:'dokumentavsnitt/utskottets förslag till riksdagsbeslut/757807862/1556194144517'; -aw-sdt-title:'utskottets förslag till riksdagsbeslut'\">\r\n\t\t\t\t<span>6. lag om ändring i offentlighets- och sekretesslagen (2009:400).</span>\r\n\t\t\t</p>\r\n\t\t\t<p class=\"NormalIndent\" style=\"text-indent:11.3pt; -aw-sdt-tag:'dokumentavsnitt/utskottets förslag till riksdagsbeslut/757807862/1556194144517'; -aw-sdt-title:'utskottets förslag till riksdagsbeslut'\">\r\n\t\t\t\t<span>Därmed bifaller riksdagen proposition 2018/19:66 punkterna 1–6.</span>\r\n\t\t\t</p>\r\n\t\t\t<p class=\"Mellanrum\" style=\"-aw-sdt-tag:'dokumentavsnitt/utskottets förslag till riksdagsbeslut/757807862/1556194144517'; -aw-sdt-title:'utskottets förslag till riksdagsbeslut'\">\r\n\t\t\t\t<span> </span>\r\n\t\t\t</p>\r\n\t\t\t<p class=\"OrtochDatum\" style=\"-aw-sdt-tag:'dokumentavsnitt/utskottets förslag till riksdagsbeslut/757807862/1556194144517'; -aw-sdt-title:'utskottets förslag till riksdagsbeslut'\">\r\n\t\t\t\t<span>Stockholm den 25 april 2019</span>\r\n\t\t\t</p>\r\n\t\t\t<p class=\"PVgnar\" style=\"-aw-sdt-tag:'dokumentavsnitt/utskottets förslag till riksdagsbeslut/757807862/1556194144517'; -aw-sdt-title:'utskottets förslag till riksdagsbeslut'\">\r\n\t\t\t\t<span>På justitieutskottets vägnar</span>\r\n\t\t\t</p>\r\n\t\t\t<p class=\"Ordfranden\" style=\"-aw-sdt-tag:'dokumentavsnitt/utskottets förslag till riksdagsbeslut/757807862/1556194144517'; -aw-sdt-title:'utskottets förslag till riksdagsbeslut'\">\r\n\t\t\t\t<span>Fredrik Lundh Sammeli</span>\r\n\t\t\t</p>\r\n\t\t\t<p class=\"Deltagare\" style=\"-aw-sdt-tag:'dokumentavsnitt/utskottets förslag till riksdagsbeslut/757807862/1556194144517'; -aw-sdt-title:'utskottets förslag till riksdagsbeslut'\">\r\n\t\t\t\t<span>Följande ledamöter har deltagit i beslutet: Fredrik Lundh Sammeli (S), Andreas Carlson (KD), Johan Forssell (M), Petter Löberg (S), Adam Marttinen (SD), Maria Strömkvist (S), Linda Westerlund Snecker (V), Louise Meijer (M), Katja Nyberg (SD), Joakim Sandell (S), Carina Ödebrink (S), Juno Blom (L), Rasmus Ling (MP), Ingemar Kihlström (KD), Josefin Malmqvist (M), Richard Jomshof (SD) och Jonny Cato Hansson (C).</span>\r\n\t\t\t</p>\r\n\t\t\t<p class=\"Mellanrum\" style=\"-aw-sdt-tag:'dokumentavsnitt/utskottets förslag till riksdagsbeslut/757807862/1556194144517'; -aw-sdt-title:'utskottets förslag till riksdagsbeslut'\">\r\n\t\t\t\t<span> </span>\r\n\t\t\t</p>\r\n\t\t\t<p class=\"Mellanrum\" style=\"-aw-sdt-tag:'dokumentavsnitt/utskottets förslag till riksdagsbeslut/757807862/1556194144517'; -aw-sdt-title:'utskottets förslag till riksdagsbeslut'\">\r\n\t\t\t\t<span> </span>\r\n\t\t\t</p>\r\n\t\t\t<p class=\"Mellanrum\" style=\"-aw-sdt-tag:'dokumentavsnitt/utskottets förslag till riksdagsbeslut/757807862/1556194144517'; -aw-sdt-title:'utskottets förslag till riksdagsbeslut'\">\r\n\t\t\t\t<span style=\"font-size:9.5pt\"> </span>\r\n\t\t\t</p>\r\n\t\t\t<p>\r\n\t\t\t\t<span> </span>\r\n\t\t\t</p>\r\n\t\t\t<p class=\"Avsnittsrubrik\">\r\n\t\t\t\t<a name=\"SlutUtskottsForslag\"></a><a name=\"_Toc7165454\"><span style=\"-aw-bookmark-end:SlutUtskottsForslag\"></span><span class=\"tSidrubrikJA\">Redogörelse för ärendet</span></a>\r\n\t\t\t</p>\r\n\t\t\t<p>\r\n\t\t\t\t<span>I betänkandet behandlar utskottet regeringens proposition 2018/19:66 En modernare och mer ändamålsenlig prövning av hyres- och arrendeärenden.</span><span> I propositionen föreslår regeringen vissa lagändringar i syfte att skapa en modernare och mer ändamålsenlig prövning av hyres- och arrendeärenden</span><span> och mål</span><span>.</span>\r\n\t\t\t</p>\r\n\t\t\t<p class=\"NormalIndent\">\r\n\t\t\t\t<span>Inga motioner har väckts med anledning av propositionen.</span>\r\n\t\t\t</p>\r\n\t\t\t<p class=\"NormalIndent\">\r\n\t\t\t\t<span>Regeringens förslag till riksdagsbeslut återges i bilaga 1. Regeringens lagförslag finns i bilaga 2.</span>\r\n\t\t\t</p>\r\n\t\t\t<p>\r\n\t\t\t\t<span> </span>\r\n\t\t\t</p>\r\n\t\t\t<p class=\"Avsnittsrubrik\">\r\n\t\t\t\t<a name=\"_Toc7165455\"><span class=\"tSidrubrikJA\">Utskottets överväganden</span></a>\r\n\t\t\t</p>\r\n\t\t\t<h2 style=\"-aw-sdt-tag:05740bf7-8f1b-4906-a2d7-d459403d4548/förslagsrutor/788454815/1555067952734; -aw-sdt-title:förslagsrutor\">\r\n\t\t\t\t<a name=\"_Toc7165456\"><span>En modernare och mer ändamålsenlig prövning av hyres- och arrendeärenden</span></a>\r\n\t\t\t</h2>\r\n\t\t\t<div style=\"border-bottom-color:#000000; border-bottom-style:solid; border-bottom-width:0.75pt; border-left-color:#000000; border-left-style:solid; border-left-width:0.75pt; border-right-color:#000000; border-right-style:solid; border-right-width:0.75pt; border-top-color:#000000; border-top-style:solid; border-top-width:0.75pt; clear:both; margin:3.1pt 0.9pt 0pt\">\r\n\t\t\t\t<p class=\"Normalrutafet\" style=\"margin:0pt; padding-right:4pt; padding-left:4pt\">\r\n\t\t\t\t\t<span style=\"-aw-bookmark-end:_Toc7165456\"></span><span>Utskottets förslag i korthet</span>\r\n\t\t\t\t</p>\r\n\t\t\t\t<p class=\"Normalruta\" style=\"margin:0pt; padding-right:4pt; padding-left:4pt; padding-bottom:4pt\">\r\n\t\t\t\t\t<span>Riksdagen antar regeringens förslag till ändringar i bl.a. jordabalken och lagen om arrendenämnder och hyresnämnder. Förslagen syftar till att modernisera förfarandet för prövning av hyres- och arrendeärenden och mål samt att göra reglerna mer ändamålsenliga.</span>\r\n\t\t\t\t</p>\r\n\t\t\t</div>\r\n\t\t\t<p class=\"Mellanrum\">\r\n\t\t\t\t<span> </span>\r\n\t\t\t</p>\r\n\t\t\t<p class=\"R3\">\r\n\t\t\t\t<span>Propositionen</span>\r\n\t\t\t</p>\r\n\t\t\t<p class=\"R4\" style=\"margin-top:6pt\">\r\n\t\t\t\t<span>Organisationen för prövning</span><span> av hyres- och arrendetvister</span>\r\n\t\t\t</p>\r\n\t\t\t<p>\r\n\t\t\t\t<span>Hyres- och arrendenämnderna är självständiga, oberoende och opartiska myndigheter med dömande uppgifter. De har i stora delar samma funktion och organisation som de allmänna domstolarna och ingår i Sveriges Domstolar. De är dock inte domstolar i formell mening utan förvaltningsmyndigheter. </span>\r\n\t\t\t</p>\r\n\t\t\t<p class=\"NormalIndent\">\r\n\t\t\t\t<span>Nämnderna är behöriga att medla i samtliga hyres- och bostadsrättstvister respektive arrendetvister. De kan även vara skiljenämnd i sådana tvister utom då den materiella rätten hindrar detta. Nämnderna är också behöriga att pröva vissa hyres-, arrende- och bostadsrättstvister i enlighet med vad som anges i lagen (1973:188) om arrendenämnder och </span><span>hyresnämnder (nämndlagen).</span><span> Sådana hyres-, arrende- och bostadsrättstvister som inte ska prövas av nämnderna handläggs i de allmänna domstolarna eller av Kronofogde</span><span>­</span><span>myndigheten.</span><span> </span>\r\n\t\t\t</p>\r\n\t\t\t<p class=\"NormalIndent\">\r\n\t\t\t\t<span>Det finns totalt åtta hyres- och arrendenämnder, fem mindre nämnder i Västerås, Linköping, Umeå, Jönköping och Sundsvall och tre större nämnder i Stockholm, Göteborg och Malmö.</span>\r\n\t\t\t</p>\r\n\t\t\t<p class=\"NormalIndent\">\r\n\t\t\t\t<span>I propositionen gör regeringen bedömningen att organisationen för prövning av hyres- och arrendetvister inte bör fö</span><span>rändras</span><span> utan att hyres- och arrendenämnderna ska finnas kvar. De ska även fortsättningsvis vara förvaltningsmyndigheter och bl.a. medla i och pröva hyres- och arrendetvister.</span><span> Däremot finns det enligt regeringen ett behov av att modernisera förfarandet för prövningen av hyres- och arrendeärenden och mål samt att göra reglerna mer ändamålsenliga.</span>\r\n\t\t\t</p>\r\n\t\t\t<p class=\"R4\">\r\n\t\t\t\t<span>Dokumentation av bevisning</span>\r\n\t\t\t</p>\r\n\t\t\t<p>\r\n\t\t\t\t<span>I dag saknas lagstöd för nämnderna att dokumentera förhör med en bildupptagning. Att nämnderna saknar möjlighet att dokumentera förhör i bevissyfte med både ljud och bild är enligt regeringen en brist, inte minst ur </span><span>ett överrättsperspektiv. När det är fråga om bevisning av tilltroskaraktär måste hovrätten enligt </span><span>den </span><span>nuvarande ordning</span><span>en</span><span> ta upp förhöret på nytt, vilket är resurskrävande. Regeringen föreslår därför att det som huvudregel bör gälla att ett förhör i nämnden som hålls i bevissyfte dokumenteras genom en ljud- och bildupptagning. Liksom i tingsrätten bör nämnden dock kunna avstå från att ta upp ett förhör med ljud och bild om det finns särskilda skäl </span><span>e</span><span>mot det, t.ex. om tekniken av någon anledning skulle fallera eller inte finnas tillgänglig. I de fall det finns särskilda skäl </span><span>e</span><span>mot dokumentation med ljud och bild bör förhöret i stället dokumenteras genom en ljudinspelning eller skrivas ned.</span>\r\n\t\t\t</p>\r\n\t\t\t<p class=\"NormalIndent\">\r\n\t\t\t\t<span>När det gäller hyresärenden som överklagas till Svea hovrätt</span><span> föreslår regeringen att </span><span>det i lagen (1994:831) om rättegången i vissa hyresmål i Svea hovrätt </span><span>(hovrättslagen)</span><span> ska införas en mot</span><span>svarighet till bestämmelsen i rättegångsbalken </span><span>(RB) </span><span>som anger att muntlig bevisning i hovrätten som huvudregel ska läggas fram genom</span><span> </span><span>ljud- och </span><span>bildupptagningen</span><span> av förhöret i nämnden (jfr 35 kap. 13 § andra stycket RB). Endast om ytterligare frågor behöver ställas bör Svea hovrätt få ta upp beviset på nytt. Dessutom bör tilltrosbestämmelsen i hovrättslagen ändras så att Svea hovrätt kan frångå nämndens tilltrosbedömning utan att ta upp förhöret på nytt om den muntliga bevisningen läggs fram genom en ljud- och bildupptagning av förhöret i nämnden (jfr 50 kap. 23 § och 51 kap. 23 § RB).</span>\r\n\t\t\t</p>\r\n\t\t\t<p class=\"NormalIndent\">\r\n\t\t\t\t<span>Vidare föreslår regeringen att det</span><span> även</span><span> i en nämnd</span><span> bör</span><span> gälla sekretess för uppgift</span><span>er</span><span> i bild som ingår i en ljud- och bildupptagning</span><span>, liksom det gör i en domstol</span><span>.</span>\r\n\t\t\t</p>\r\n\t\t\t<p class=\"R4\">\r\n\t\t\t\t<span>Ökad möjlighet att avgöra ärenden utan intresseledamöter</span>\r\n\t\t\t</p>\r\n\t\t\t<p>\r\n\t\t\t\t<span>I hyres- och arrendenämnderna är huvudregeln att nämnden ska bestå av en la</span><span>gfaren ordförande (</span><span>hyresråd) och två andra ledamöter, s.k. intresse</span><span>­</span><span>ledamöter. Enligt </span><span>den </span><span>nuvarande ordning</span><span>en</span><span> kan ordföranden i nämnden ensam utföra förberedande åtgärder, pröva en fråga om avvisning av en ansökan eller avskrivning av ett ärende och handlägga överklaganden. Därutöver kan ordföranden ensam medla när detta lämpligen kan </span><span>göras</span><span> utan intresseledamöter. Ordföranden kan även ensam pröva en fråga som inte avgörs genom skiljedom, antingen om parterna samtycker till det eller om prövningen är enkel och det är lämpligt med hänsyn till vad ärendet gäller (2</span><span> </span><span>§ andra stycket </span><span>och 5 § tredje stycket </span><span>nämndlagen).</span>\r\n\t\t\t</p>\r\n\t\t\t<p class=\"NormalIndent\">\r\n\t\t\t\t<span>Enligt regeringen är det viktigt att reglerna är utformade på ett sätt som gör att ärenden kan avgöras effektivt och med den kompetens som är nödvändig i det enskilda fallet. </span><span>Därför</span><span> föreslår regeringen att ordförandens möjlighet att ensam pröva frågor som inte avgörs genom skiljedom ska utvidgas något. Enligt förslaget ska kravet på parternas samtycke tas bort liksom kravet på att prövningen ska vara enkel. Nämnden föreslås i stället kunna bestå av ordföranden ensam om det är tillräckligt med hänsyn till vad ärendet gäller.</span>\r\n\t\t\t</p>\r\n\t\t\t<p class=\"R4\">\r\n\t\t\t\t<span>Ökad möjlighet att delegera arbetsuppgifter</span>\r\n\t\t\t</p>\r\n\t\t\t<p>\r\n\t\t\t\t<span>Regeringen konstaterar </span><span>i propositionen </span><span>att</span><span> en utökad delegationsmöjlighet kan öppna upp för ett effektivare och mer ändamålsenligt sätt att utnyttja nämndernas kompetens och resurser. Regeringen föreslår därför att det i ärenden om avstående från besittningsskydd ska vara möjligt att delegera uppgiften att avgöra ärendena till en anställd i hyresnämnden som har tillräcklig kunskap och erfarenhet.</span><span> </span>\r\n\t\t\t</p>\r\n\t\t\t<p class=\"R4\">\r\n\t\t\t\t<span>En ny möjlighet att skriva av mål om klaganden uteblir</span>\r\n\t\t\t</p>\r\n\t\t\t<p>\r\n\t\t\t\t<span>Regeringen föreslår att i de fall klaganden i ett hyresmål i Svea hovrätt uteblir från en muntlig förhandling eller förrättning för syn på stället ska hovrätten ha möjlighet att skriva av målet från vidare handläggning. Detsamma ska gälla om klaganden har kallats att infinna sig personligen men inställer sig endast genom ombud. Om klaganden hade laga förfall för sin utevaro eller för att inte infinna sig personligen ska hovrätten kunna återuppta målet. Vidare ska det i kallelsen anges vad följden kan bli om parten uteblir eller inställer sig endast genom ombud.</span>\r\n\t\t\t</p>\r\n\t\t\t<p class=\"R4\">\r\n\t\t\t\t<span>Ersättning till personer som hörs i nämnden</span>\r\n\t\t\t</p>\r\n\t\t\t<p>\r\n\t\t\t\t<span>För att klargöra vad som gäller i fråga om ersättning till den som hörs i nämnden föreslår regeringen att det införs en regel om att en person som hörs i nämnden och som inte är part ska ha rätt till ersättning för att inställa sig.</span>\r\n\t\t\t</p>\r\n\t\t\t<p class=\"NormalIndent\">\r\n\t\t\t\t<span>Om förhöret har begärts av en part ska rättegångsbalkens bestämmelser om ersättning till ett vittne som har åberopats av en enskild part tillämpas. Om förhöret inte har begärts av en part ska ersättningen betalas ut av allmänna medel. Sådan ersättning ska fastställas av nämnden enligt bestämmelser som regeringen meddelar.</span>\r\n\t\t\t</p>\r\n\t\t\t<p class=\"NormalIndent\">\r\n\t\t\t\t<span>I fråga om förskott på ersättning till den som hörs i nämnden </span><span>föreslår regeringen att </span><span>rättegångsbalkens bestämmelser om förskott på vittnesersättning </span><span>ska </span><span>tillämpas.</span>\r\n\t\t\t</p>\r\n\t\t\t<p class=\"R4\">\r\n\t\t\t\t<span>Fördelning av parternas kostnader</span>\r\n\t\t\t</p>\r\n\t\t\t<p>\r\n\t\t\t\t<span>I propositionen föreslår regeringen </span><span>vidare </span><span>att det i </span><span>nämnd</span><span>lag</span><span>en</span><span> ska regleras att parterna i ärenden som inte ska avgöras genom skiljedom, liksom hittills, ska svara för sina kostnader i nämnden. Nämnden ska dock kunna förplikta en part som genom vårdslös eller försumlig processföring vållat motparten kostnader att ersätta dessa kostnader.</span>\r\n\t\t\t</p>\r\n\t\t\t<p class=\"R4\">\r\n\t\t\t\t<span>Överklagande av beslut</span>\r\n\t\t\t</p>\r\n\t\t\t<p>\r\n\t\t\t\t<span>Enligt nuvarande regler får hyresnämndens beslut enligt huvudregeln överklagas till Svea hovrätt. Ett överklagandeförbud gäller dock för beslut i vissa frågor. I propositionen föreslår regeringen att det ska införas en möjlighet att överklaga hyresnämndens beslut i frågor om att godkänna ett avstående </span><span>från besittningsskydd och ett förbehåll vid blockuthyrning. Det ska även införas en möjlighet att överklaga arrendenämndens beslut i frågor om dispenser enligt arrendelagstiftningen.</span>\r\n\t\t\t</p>\r\n\t\t\t<p class=\"NormalIndent\">\r\n\t\t\t\t<span>Vidare föreslår regeringen att det även fortsättningsvis ska gälla ett förbud att överklaga hyresnämndens beslut i frågor om tillstånd till lägenhetsbyte och a</span><span>ndrahandsuthyrning av hyres- eller</span><span> bostadsrätt. Hyresnämnden ska dock </span><span>enligt regeringens förslag </span><span>kunna tillåta att ett beslut i sådana frågor överklagas om det är av vikt för ledningen av rättstillämpningen att överklagandet prövas av Svea hovrätt.</span>\r\n\t\t\t</p>\r\n\t\t\t<p class=\"R4\">\r\n\t\t\t\t<span>Ärenden om förlängning av hyresavtal</span>\r\n\t\t\t</p>\r\n\t\t\t<p>\r\n\t\t\t\t<span>Regeringen föreslår </span><span>vidare </span><span>att det ska förtydligas att om en förlängningstvist avgörs efter hyrestidens utgång eller om en hyresgäst medges uppskov med avflyttning så ska hyresvillkoren gälla oförändrade för den tid som hyresgästen har rätt att bo kvar i lägenheten efter det att avtalet upphört, om inte parterna kommer överens om något annat.</span>\r\n\t\t\t</p>\r\n\t\t\t<p class=\"R4\">\r\n\t\t\t\t<span>Ikraftträdande</span>\r\n\t\t\t</p>\r\n\t\t\t<p>\r\n\t\t\t\t<span>Lagändringarna föreslås träda i kraft den 1 juli 2019.</span>\r\n\t\t\t</p>\r\n\t\t\t<p class=\"R3\">\r\n\t\t\t\t<span>Utskottets ställningstagande</span>\r\n\t\t\t</p>\r\n\t\t\t<p>\r\n\t\t\t\t<span>Propositionen har inte lett till några motionsyrkanden eller andra invändningar under utskottsbehandlingen. Utskottet anser att regeringens lagförslag är ändamålsenligt utformade och att de bör antas. </span>\r\n\t\t\t</p>\r\n\t\t\t<p>\r\n\t\t\t\t<span> </span>\r\n\t\t\t</p>\r\n\t\t\t<p>\r\n\t\t\t\t<span> </span>\r\n\t\t\t</p>\r\n\t\t\t<p>\r\n\t\t\t\t<span> </span>\r\n\t\t\t</p>\r\n\t\t\t<p class=\"Bilaga\">\r\n\t\t\t\t<span class=\"tBilagaJA\">Bilaga 1</span>\r\n\t\t\t</p>\r\n\t\t\t<p class=\"Bilagerubrik\">\r\n\t\t\t\t<a name=\"_Toc7165457\"><span class=\"tSidrubrikJA\">Förteckning över behandlade förslag</span></a>\r\n\t\t\t</p>\r\n\t\t\t<p class=\"Rubrik2bilaga\" style=\"-aw-sdt-tag:'dokumentavsnitt/förteckning över behandlade förslag/-2147353217/1552566419316'; -aw-sdt-title:'förteckning över behandlade förslag'\">\r\n\t\t\t\t<a name=\"_Toc7165458\"><span>Propositionen</span></a><span> </span>\r\n\t\t\t</p>\r\n\t\t\t<h4 style=\"-aw-sdt-tag:'dokumentavsnitt/förteckning över behandlade förslag/-2147353217/1552566419316'; -aw-sdt-title:'förteckning över behandlade förslag'\">\r\n\t\t\t\t<span>Proposition 2018/19:66 En modernare och mer ändamålsenlig prövning av hyres- och arrendeärenden:</span>\r\n\t\t\t</h4>\r\n\t\t\t<p class=\"Yrkandelista\" style=\"margin-bottom:0pt; -aw-sdt-tag:'dokumentavsnitt/förteckning över behandlade förslag/-2147353217/1552566419316'; -aw-sdt-title:'förteckning över behandlade förslag'\">\r\n\t\t\t\t<span>1.</span><span style=\"width:21.22pt; text-indent:0pt; display:inline-block\"></span><span>Riksdagen antar regeringens förslag till lag om ändring i jordabalken.</span>\r\n\t\t\t</p>\r\n\t\t\t<p class=\"Yrkandelista\" style=\"margin-top:0pt; margin-bottom:0pt; -aw-sdt-tag:'dokumentavsnitt/förteckning över behandlade förslag/-2147353217/1552566419316'; -aw-sdt-title:'förteckning över behandlade förslag'\">\r\n\t\t\t\t<span>2.</span><span style=\"width:21.22pt; text-indent:0pt; display:inline-block\"></span><span>Riksdagen antar regeringens förslag till lag om ändring i lagen (1957:390) om fiskearrenden.</span>\r\n\t\t\t</p>\r\n\t\t\t<p class=\"Yrkandelista\" style=\"margin-top:0pt; margin-bottom:0pt; -aw-sdt-tag:'dokumentavsnitt/förteckning över behandlade förslag/-2147353217/1552566419316'; -aw-sdt-title:'förteckning över behandlade förslag'\">\r\n\t\t\t\t<span>3.</span><span style=\"width:21.22pt; text-indent:0pt; display:inline-block\"></span><span>Riksdagen antar regeringens förslag till lag om ändring i lagen (1973:188) om arrendenämnder och hyresnämnder.</span>\r\n\t\t\t</p>\r\n\t\t\t<p class=\"Yrkandelista\" style=\"margin-top:0pt; margin-bottom:0pt; -aw-sdt-tag:'dokumentavsnitt/förteckning över behandlade förslag/-2147353217/1552566419316'; -aw-sdt-title:'förteckning över behandlade förslag'\">\r\n\t\t\t\t<span>4.</span><span style=\"width:21.22pt; text-indent:0pt; display:inline-block\"></span><span>Riksdagen antar regeringens förslag till lag om ändring i bostadsrättslagen (1991:614).</span>\r\n\t\t\t</p>\r\n\t\t\t<p class=\"Yrkandelista\" style=\"margin-top:0pt; margin-bottom:0pt; -aw-sdt-tag:'dokumentavsnitt/förteckning över behandlade förslag/-2147353217/1552566419316'; -aw-sdt-title:'förteckning över behandlade förslag'\">\r\n\t\t\t\t<span>5.</span><span style=\"width:21.22pt; text-indent:0pt; display:inline-block\"></span><span>Riksdagen antar regeringens förslag till lag om ändring i lagen (1994:831) om rättegången i vissa hyresmål i Svea hovrätt.</span>\r\n\t\t\t</p>\r\n\t\t\t<p class=\"Yrkandelista\" style=\"margin-top:0pt; -aw-sdt-tag:'dokumentavsnitt/förteckning över behandlade förslag/-2147353217/1552566419316'; -aw-sdt-title:'förteckning över behandlade förslag'\">\r\n\t\t\t\t<span>6.</span><span style=\"width:21.22pt; text-indent:0pt; display:inline-block\"></span><span>Riksdagen antar regeringens förslag till lag om ändring i offentlighets- och sekretesslagen (2009:400).</span>\r\n\t\t\t</p>\r\n\t\t\t<p class=\"Mellanrum\">\r\n\t\t\t\t<span> </span>\r\n\t\t\t</p>\r\n\t\t\t<p class=\"Mellanrum\" style=\"-aw-sdt-tag:'dokumentavsnitt/förteckning över behandlade förslag/-2147353217/1552566419316'; -aw-sdt-title:'förteckning över behandlade förslag'\">\r\n\t\t\t\t<span> </span>\r\n\t\t\t</p>\r\n\t\t\t<p>\r\n\t\t\t\t<span> </span>\r\n\t\t\t</p>\r\n\t\t\t<p class=\"Bilaga\">\r\n\t\t\t\t<span class=\"tBilagaJA\">Bilaga 2</span>\r\n\t\t\t</p>\r\n\t\t\t<p class=\"Bilagerubrik\">\r\n\t\t\t\t<a name=\"_Toc7165459\"><span class=\"tSidrubrikJA\">Regeringens lagförslag</span></a>\r\n\t\t\t</p>\r\n\t\t\t<p>\r\n\t\t\t\t<img src=\"http://data.riksdagen.se/fil/h601juu22/Dokument.001.png\" width=\"394\" height=\"672\" alt=\"\" style=\"-aw-left-pos:0pt; -aw-rel-hpos:column; -aw-rel-vpos:paragraph; -aw-top-pos:0pt; -aw-wrap-type:inline\" />\r\n\t\t\t</p>\r\n\t\t\t<p>\r\n\t\t\t\t<img src=\"http://data.riksdagen.se/fil/h601juu22/Dokument.002.png\" width=\"392\" height=\"756\" alt=\"\" style=\"-aw-left-pos:0pt; -aw-rel-hpos:column; -aw-rel-vpos:paragraph; -aw-top-pos:0pt; -aw-wrap-type:inline\" />\r\n\t\t\t</p>\r\n\t\t\t<p>\r\n\t\t\t\t<img src=\"http://data.riksdagen.se/fil/h601juu22/Dokument.003.png\" width=\"394\" height=\"561\" alt=\"\" style=\"-aw-left-pos:0pt; -aw-rel-hpos:column; -aw-rel-vpos:paragraph; -aw-top-pos:0pt; -aw-wrap-type:inline\" />\r\n\t\t\t</p>\r\n\t\t\t<p>\r\n\t\t\t\t<img src=\"http://data.riksdagen.se/fil/h601juu22/Dokument.004.png\" width=\"389\" height=\"756\" alt=\"\" style=\"-aw-left-pos:0pt; -aw-rel-hpos:column; -aw-rel-vpos:paragraph; -aw-top-pos:0pt; -aw-wrap-type:inline\" />\r\n\t\t\t</p>\r\n\t\t\t<p>\r\n\t\t\t\t<img src=\"http://data.riksdagen.se/fil/h601juu22/Dokument.005.png\" width=\"386\" height=\"756\" alt=\"\" style=\"-aw-left-pos:0pt; -aw-rel-hpos:column; -aw-rel-vpos:paragraph; -aw-top-pos:0pt; -aw-wrap-type:inline\" />\r\n\t\t\t</p>\r\n\t\t\t<p>\r\n\t\t\t\t<img src=\"http://data.riksdagen.se/fil/h601juu22/Dokument.006.png\" width=\"383\" height=\"756\" alt=\"\" style=\"-aw-left-pos:0pt; -aw-rel-hpos:column; -aw-rel-vpos:paragraph; -aw-top-pos:0pt; -aw-wrap-type:inline\" />\r\n\t\t\t</p>\r\n\t\t\t<p>\r\n\t\t\t\t<img src=\"http://data.riksdagen.se/fil/h601juu22/Dokument.007.png\" width=\"394\" height=\"729\" alt=\"\" style=\"-aw-left-pos:0pt; -aw-rel-hpos:column; -aw-rel-vpos:paragraph; -aw-top-pos:0pt; -aw-wrap-type:inline\" />\r\n\t\t\t</p>\r\n\t\t\t<p>\r\n\t\t\t\t<img src=\"http://data.riksdagen.se/fil/h601juu22/Dokument.008.png\" width=\"394\" height=\"524\" alt=\"\" style=\"-aw-left-pos:0pt; -aw-rel-hpos:column; -aw-rel-vpos:paragraph; -aw-top-pos:0pt; -aw-wrap-type:inline\" />\r\n\t\t\t</p>\r\n\t\t\t<p>\r\n\t\t\t\t<img src=\"http://data.riksdagen.se/fil/h601juu22/Dokument.009.png\" width=\"394\" height=\"756\" alt=\"\" style=\"-aw-left-pos:0pt; -aw-rel-hpos:column; -aw-rel-vpos:paragraph; -aw-top-pos:0pt; -aw-wrap-type:inline\" />\r\n\t\t\t</p>\r\n\t\t\t<p>\r\n\t\t\t\t<img src=\"http://data.riksdagen.se/fil/h601juu22/Dokument.010.png\" width=\"391\" height=\"756\" alt=\"\" style=\"-aw-left-pos:0pt; -aw-rel-hpos:column; -aw-rel-vpos:paragraph; -aw-top-pos:0pt; -aw-wrap-type:inline\" />\r\n\t\t\t</p>\r\n\t\t\t<p>\r\n\t\t\t\t<img src=\"http://data.riksdagen.se/fil/h601juu22/Dokument.011.png\" width=\"394\" height=\"522\" alt=\"\" style=\"-aw-left-pos:0pt; -aw-rel-hpos:column; -aw-rel-vpos:paragraph; -aw-top-pos:0pt; -aw-wrap-type:inline\" />\r\n\t\t\t</p>\r\n\t\t\t<p>\r\n\t\t\t\t<img src=\"http://data.riksdagen.se/fil/h601juu22/Dokument.012.png\" width=\"394\" height=\"492\" alt=\"\" style=\"-aw-left-pos:0pt; -aw-rel-hpos:column; -aw-rel-vpos:paragraph; -aw-top-pos:0pt; -aw-wrap-type:inline\" />\r\n\t\t\t</p>\r\n\t\t\t<p>\r\n\t\t\t\t<span> </span>\r\n\t\t\t</p>\r\n\t\t</div>\r\n\t"},"dokutskottsforslag":{"utskottsforslag":{"punkt":"1","rubrik":"En modernare och mer ändamålsenlig prövning av hyres- och arrendeärenden","forslag":"Riksdagen antar regeringens förslag till<br>1. lag om ändring i jordabalken,<br>2. lag om ändring i lagen (1957:390) om fiskearrenden,<br>3. lag om ändring i lagen (1973:188) om arrendenämnder och hyresnämnder,<br>4. lag om ändring i bostadsrättslagen (1991:614),<br>5. lag om ändring i lagen (1994:831) om rättegången i vissa hyresmål i Svea hovrätt,<br>6. lag om ändring i offentlighets- och sekretesslagen (2009:400).<BR/>Därmed bifaller riksdagen proposition 2018/19:66 punkterna 1-6.<BR/><BR/>","beslutstyp":"acklamation","motforslag_nummer":"0","motforslag_partier":null,"votering_id":null,"votering_sammanfattning_html":null,"votering_url_xml":null,"rm":"2018/19","bet":"JuU22","vinnare":"utskottet"}},"dokaktivitet":{"aktivitet":[{"kod":"UBE","namn":"Beredning","datum":"2019-04-04 00:00:00","status":"inträffat","ordning":"0","process":null},{"kod":"JUS","namn":"Justering","datum":"2019-04-25 00:00:00","status":"inträffat","ordning":"0","process":null},{"kod":"TRY","namn":"Trycklov","datum":"2019-04-26 00:00:00","status":"inträffat","ordning":"0","process":null},{"kod":"B","namn":"Bordläggning","datum":"2019-04-30 00:00:00","status":"inträffat","ordning":"0","process":null},{"kod":"BEH","namn":"Behandling","datum":"2019-05-02 00:00:00","status":"inträffat","ordning":"0","process":null},{"kod":"BES","namn":"Beslut","datum":"2019-05-02 00:00:00","status":"inträffat","ordning":"0","process":null}]},"dokuppgift":{"uppgift":[{"kod":"notis","namn":"Beslut i korthet","text":"                           <p>När en hyresgäst eller ägare av en bostadsrätt hamnar i en tvist med sin hyresvärd eller bostadsrättförening kan ärendet avgöras av någon av landets åtta hyres- och arrendenämnder. Regeringen föreslår lagändringar som ska underlätta och effektivisera arbetet i nämnderna.</p>\r\n<p>Förslaget innebär bland annat att hyres- och arrendenämnderna ska få använda modern teknik för att dokumentera sina förhör, något som sparar tid och arbete om ärendet överklagas till hovrätten. De föreslagna regelförändringarna innebär också att möjligheten att överklaga nämndens beslut ska öka och att det ska finnas en större flexibilitet i hur nämnderna ska vara sammansatta. Det ska också bli möjligt att delegera vissa uppgifter från ordföranden till en anställd i hyresnämnden, om personen har tillräcklig kunskap och erfarenhet.</p>\r\n<p>Riksdagen&nbsp;sa&nbsp;ja till regeringens förslag. Lagändringarna börjar gälla den 1 juli 2019.</p>\r\n                                            ","dok_id":"H601JuU22","systemdatum":"2019-05-02 16:23:49"},{"kod":"notisrubrik","namn":"Beslut","text":"Förändrade regler för att lösa hyrestvister (JuU22)","dok_id":"H601JuU22","systemdatum":"2019-05-02 16:23:49"},{"kod":"utsknotis","namn":"Utskottets förslag till beslut","text":"                           <p>När en hyresgäst eller ägare av en bostadsrätt hamnar i en tvist med sin hyresvärd eller bostadsrättförening kan ärendet avgöras av någon av landets åtta hyres- och arrendenämnder. Regeringen föreslår lagändringar som ska underlätta och effektivisera arbetet i nämnderna.</p>\r\n<p>Förslaget innebär bland annat att hyres- och arrendenämnderna ska få använda modern teknik för att dokumentera sina förhör, något som sparar tid och arbete om ärendet överklagas till hovrätten. De föreslagna regelförändringarna innebär också att möjligheten att överklaga nämndens beslut ska öka och att det ska finnas en större flexibilitet i hur nämnderna ska vara sammansatta. Det ska också bli möjligt att delegera vissa uppgifter från ordföranden till en anställd i hyresnämnden, om personen har tillräcklig kunskap och erfarenhet.</p>\r\n<p>Justitieutskottet föreslår att riksdagen säger ja till regeringens förslag. Lagändringarna ska börja gälla den 1 juli 2019.</p>\r\n                                            ","dok_id":"H601JuU22","systemdatum":"2019-05-02 16:23:49"},{"kod":"utsknotisrubrik","namn":"Utskottets förslag","text":"Förändrade regler för att lösa hyrestvister (JuU22)","dok_id":"H601JuU22","systemdatum":"2019-05-02 16:23:49"},{"kod":"beslutssammanfattningusk","namn":"Utskottets förslag till beslut","text":"Bifall till propositionen.","dok_id":"H601JuU22","systemdatum":"2019-04-26 11:08:23"},{"kod":"rdbeslut","namn":"Riksdagens beslut","text":"Kammaren biföll utskottets förslag.","dok_id":"H601JuU22","systemdatum":"2019-08-30 14:11:12"},{"kod":"debattdatumtid","namn":"Datum och tid för debatten","text":"2019-05-02 00:00:00","dok_id":"H601JuU22","systemdatum":"2019-05-02 16:23:49"},{"kod":"beslutdatumtid","namn":"Datum och tid för beslutet","text":"2019-05-02 00:00:00","dok_id":"H601JuU22","systemdatum":"2019-05-02 16:23:49"},{"kod":"statustext","namn":"statustext","text":"Ärendet är avslutat","dok_id":"H601JuU22","systemdatum":"2019-05-03 00:07:09"}]},"dokbilaga":{"bilaga":{"dok_id":"H601JuU22","titel":"En modernare och mer ändamålsenlig prövning av hyres- och arrendeärenden","subtitel":null,"filnamn":"2018_19_JuU22_20190426110738_Publicering.pdf","filstorlek":"1763417","filtyp":"pdf","fil_url":"http://data.riksdagen.se/fil/D274B116-DFB3-4271-B3C8-BB0522371604"}},"dokreferens":{"referens":[{"referenstyp":"behandlar","uppgift":"Proposition 2018/19:66 En modernare och mer ändamålsenlig prövning av hyres- och arrendeärenden","ref_dok_id":"H60366","ref_dok_typ":"prop","ref_dok_rm":"2018/19","ref_dok_bet":"66","ref_dok_titel":"En modernare och mer ändamålsenlig prövning av hyres- och arrendeärenden","ref_dok_subtitel":null,"ref_dok_subtyp":"prop","ref_dok_dokumentnamn":"Proposition"},{"referenstyp":"föredragningslista","uppgift":"föredragningslista 2018/19:84 Torsdag den 2 maj 2019","ref_dok_id":"H60I84","ref_dok_typ":"f-lista","ref_dok_rm":"2018/19","ref_dok_bet":"84","ref_dok_titel":"Torsdag den 2 maj 2019","ref_dok_subtitel":null,"ref_dok_subtyp":null,"ref_dok_dokumentnamn":"Föredragningslista"},{"referenstyp":"protokollbeslut","uppgift":"2019-05-02","ref_dok_id":"H60984","ref_dok_typ":"prot","ref_dok_rm":"2018/19","ref_dok_bet":"84","ref_dok_titel":"Protokoll 2018/19:84 Torsdagen den 2 maj","ref_dok_subtitel":null,"ref_dok_subtyp":null,"ref_dok_dokumentnamn":"Protokoll"},{"referenstyp":"rskr","uppgift":null,"ref_dok_id":"H60K195","ref_dok_typ":"rskr","ref_dok_rm":"2018/19","ref_dok_bet":"195","ref_dok_titel":"Riksdagsskrivelse 2018/19:195","ref_dok_subtitel":null,"ref_dok_subtyp":"rskr","ref_dok_dokumentnamn":"Riksdagsskrivelse"},{"referenstyp":"talarlista","uppgift":"talarlista 2018/19:20190502 Torsdag den 2 maj 2019 (preliminär)","ref_dok_id":"H60J20190502","ref_dok_typ":"t-lista","ref_dok_rm":"2018/19","ref_dok_bet":"20190502","ref_dok_titel":"Torsdag den 2 maj 2019 (preliminär)","ref_dok_subtitel":null,"ref_dok_subtyp":null,"ref_dok_dokumentnamn":"Talarlista"}]},"debatt":null}}