{"dokumentstatus":{"dokument":{"hangar_id":"5004225","dok_id":"H601JuU6","rm":"2018/19","beteckning":"JuU6","typ":"bet","subtyp":"bet","doktyp":"bet","typrubrik":"Betänkande 2018/19:JuU6","dokumentnamn":"Betänkande","debattnamn":"Debatt om förslag","tempbeteckning":"","organ":"JuU","mottagare":"","nummer":"6","slutnummer":"0","datum":"2018-11-16 00:00:00","systemdatum":"2018-11-21 22:29:09","publicerad":"2018-10-01 10:19:16","titel":"En modernisering av lagen om skiljeförfarande","subtitel":"","status":"Webbpublicering","htmlformat":"html","relaterat_id":"","source":"RIM","sourceid":"78349821-7b92-4390-ae63-49b9a0453121","dokument_url_text":"http://data.riksdagen.se/dokument/H601JuU6/text","dokument_url_html":"http://data.riksdagen.se/dokument/H601JuU6","dokumentstatus_url_xml":"http://data.riksdagen.se/dokumentstatus/H601JuU6","utskottsforslag_url_xml":"http://data.riksdagen.se/utskottsforslag/H601JuU6","html":"<style><!--\r\n .w600px{width: 600px;font-family:Verdana, Geneva, sans-serif}\r\nh2.dtyp{font-size:1.5em !important;} \r\n/********************************************************************************************************/\r\n/* Styles for D:\\Logs\\DocumentConverter\\\\Output_054c094d-591b-416c-83c6-b37d01813610\\HTML\\Dokument.html */\r\n/* Generated by Aspose.Words for .NET 15.3.0.0                                                          */\r\n/********************************************************************************************************/\r\n\r\n@page Section1 { size:467.8pt 686.05pt; margin:45.35pt 102.05pt 73.7pt 70.85pt }\r\ndiv.Section1 { page:Section1 }\r\nzbody { text-align:justify; line-height:12.5pt; font-family:'Verdana'; font-size:9.5pt }\r\nzh1, h2, h3, h4, h5, h6, p { margin:3.1pt 0pt 0pt }\r\nzli, table { margin-top:3.1pt; margin-bottom:0pt }\r\nzh1 { margin-top:3.1pt; margin-bottom:12pt; text-align:left; page-break-after:avoid; line-height:12.5pt; font-family:'Verdana'; font-size:16pt; font-weight:normal }\r\nzh2 { margin-top:20pt; margin-bottom:6pt; text-align:left; page-break-inside:avoid; page-break-after:avoid; line-height:12.5pt; font-family:'Verdana'; font-size:13.5pt; font-weight:normal }\r\nzh3 { margin-top:20pt; margin-bottom:3.1pt; text-align:left; page-break-inside:avoid; page-break-after:avoid; line-height:12.5pt; font-family:'Verdana'; font-size:10.5pt; font-weight:bold }\r\nzh4 { margin-top:15pt; margin-bottom:3.1pt; text-align:left; page-break-inside:avoid; page-break-after:avoid; line-height:12.5pt; font-family:'Verdana'; font-size:10.5pt; font-weight:normal; font-style:italic; color:#000000 }\r\nzh5 { margin-top:6.25pt; margin-bottom:0pt; text-align:justify; page-break-inside:avoid; page-break-after:avoid; line-height:12.5pt; font-family:'Verdana'; font-size:9.5pt; font-weight:bold }\r\nzh6 { margin-top:6.25pt; margin-bottom:0pt; text-align:justify; page-break-inside:avoid; page-break-after:avoid; line-height:12.5pt; font-family:'Verdana'; font-size:9.5pt; font-weight:normal; font-style:italic; color:#000000 }\r\n.Heading7 { margin-top:2pt; margin-bottom:0pt; text-align:justify; page-break-inside:avoid; page-break-after:avoid; line-height:12.5pt; font-family:'Verdana'; font-size:9.5pt; font-weight:normal; font-style:italic; color:#243f60 }\r\n.Heading8 { margin-top:2pt; margin-bottom:0pt; text-align:justify; page-break-inside:avoid; page-break-after:avoid; line-height:12.5pt; font-family:'Verdana'; font-size:9pt; font-weight:normal; color:#272727 }\r\n.Heading9 { margin-top:2pt; margin-bottom:0pt; text-align:justify; page-break-inside:avoid; page-break-after:avoid; line-height:12.5pt; font-family:'Verdana'; font-size:9pt; font-weight:normal; font-style:italic; color:#272727 }\r\n.Avsnittsrubrik { margin-top:0pt; margin-bottom:27.7pt; text-align:left; page-break-before:always; page-break-after:avoid; line-height:normal; font-family:'Verdana'; font-size:16pt }\r\n.Avvikandemeningrubrik { margin-top:0pt; margin-bottom:3.1pt; text-align:left; page-break-inside:avoid; page-break-after:avoid; line-height:12.5pt; font-family:'Verdana'; font-size:10.5pt; font-weight:bold }\r\n.BalloonText { margin-top:3.1pt; margin-bottom:0pt; text-align:justify; line-height:normal; font-family:Tahoma; font-size:8pt }\r\n.Bilaga { margin-top:0pt; margin-bottom:0pt; text-align:left; page-break-before:always; page-break-after:avoid; line-height:normal; widows:0; orphans:0; font-family:'Verdana'; font-size:8pt; font-variant:small-caps; text-decoration:underline }\r\n.Bilagerubrik { margin-top:0pt; margin-bottom:17.7pt; text-align:left; page-break-after:auto; line-height:normal; widows:0; orphans:0; font-family:'Verdana'; font-size:16pt }\r\n.Bild-Rubrik { margin-top:8pt; margin-bottom:0pt; text-align:justify; page-break-inside:avoid; page-break-after:avoid; line-height:10pt; font-family:'Verdana'; font-size:9.5pt; font-weight:bold }\r\n.Bild-Underrubrik { margin-top:0pt; margin-bottom:1pt; text-align:left; page-break-inside:avoid; page-break-after:avoid; line-height:8pt; font-family:'Verdana'; font-size:8pt; font-weight:normal; font-style:italic }\r\n.BodyText { margin-top:3.1pt; margin-bottom:0pt; text-align:left; line-height:12.5pt; font-family:'Verdana'; font-size:9.5pt }\r\n.BodyTextIndent2 { margin-top:3.1pt; margin-left:14.15pt; margin-bottom:6pt; text-align:justify; line-height:200%; font-family:'Verdana'; font-size:9.5pt }\r\n.Citatindrag { margin-top:0pt; margin-left:14.2pt; margin-bottom:6.1pt; text-indent:14.2pt; text-align:justify; line-height:10pt; font-family:'Verdana'; font-size:9.5pt }\r\n.CommentText { margin-top:3.1pt; margin-bottom:0pt; text-align:justify; line-height:normal; font-family:'Verdana'; font-size:10pt }\r\n.Deltagare { margin-top:0pt; margin-bottom:0pt; text-align:justify; page-break-inside:avoid; page-break-after:avoid; line-height:9.5pt; font-family:'Verdana'; font-size:9.5pt }\r\n.Diagram-Rubrik { margin-top:8pt; margin-bottom:0pt; text-align:justify; page-break-inside:avoid; page-break-after:avoid; line-height:10pt; font-family:'Verdana'; font-size:9.5pt; font-weight:bold }\r\n.Diagram-Underrubrik { margin-top:0pt; margin-bottom:1pt; text-align:left; page-break-inside:avoid; page-break-after:avoid; line-height:8pt; font-family:'Verdana'; font-size:8pt; font-weight:normal; font-style:italic }\r\n.DokumentRubrik { margin-top:6pt; margin-bottom:24pt; text-align:left; line-height:normal; border-bottom-style:solid; border-bottom-width:0.75pt; border-bottom-color:#000000; padding-bottom:4pt; font-family:'Verdana'; font-size:18pt }\r\n.Dokumentbeteckning { margin-top:0pt; margin-bottom:0pt; text-align:left; page-break-inside:avoid; page-break-after:avoid; line-height:12.5pt; font-family:'Verdana'; font-size:16pt }\r\n.Footer { margin-top:3.1pt; margin-bottom:0pt; text-align:justify; line-height:normal; font-family:'Verdana'; font-size:9.5pt }\r\n.FootnoteText { margin-top:0pt; margin-bottom:0pt; text-align:justify; line-height:8pt; font-family:'Verdana'; font-size:8pt }\r\n.Fotnotstextindrag { margin-top:0pt; margin-left:5.65pt; margin-bottom:0pt; text-align:left; line-height:8pt; font-family:'Verdana'; font-size:8pt }\r\n.Frslagspunkt { margin-top:0pt; margin-bottom:0pt; text-align:left; page-break-inside:avoid; page-break-after:avoid; line-height:12.5pt; font-family:'Verdana'; font-size:9.5pt; font-weight:bold }\r\n.Frslagstext { margin-top:0pt; margin-bottom:0pt; text-align:justify; line-height:12.5pt; font-family:'Verdana'; font-size:9.5pt }\r\n.Frteckningsrubrik { margin-top:9.6pt; margin-bottom:3.1pt; text-align:left; page-break-inside:avoid; page-break-after:avoid; line-height:normal; font-family:'Verdana'; font-size:9.5pt; font-weight:normal; font-style:italic; color:#000000 }\r\n.Grupprubrik { margin-top:6pt; margin-bottom:0pt; text-align:left; page-break-inside:avoid; page-break-after:avoid; line-height:12.5pt; font-family:'Verdana'; font-size:9.5pt; font-style:italic }\r\n.Grupprubrikindrag { margin-top:6pt; margin-left:22.1pt; margin-bottom:0pt; text-align:left; page-break-inside:avoid; page-break-after:avoid; line-height:12.5pt; font-family:'Verdana'; font-size:9.5pt; font-style:italic }\r\n.Header { margin-top:0pt; margin-bottom:0pt; text-align:justify; line-height:normal; font-family:'Verdana'; font-size:7.5pt; font-variant:small-caps }\r\n.Innehllsfrteckning { margin-top:0pt; margin-bottom:17.7pt; text-align:left; page-break-before:always; page-break-after:auto; line-height:normal; font-family:'Verdana'; font-size:16pt }\r\n.Kantrubrik { margin-top:0pt; margin-bottom:0pt; text-align:justify; line-height:normal; font-family:'Verdana'; font-size:7.5pt }\r\n.ListBullet { margin-top:6.25pt; margin-left:17.85pt; margin-bottom:6.25pt; text-indent:-17.85pt; text-align:justify; line-height:12.5pt; font-family:'Verdana'; font-size:9.5pt }\r\n.ListParagraph { margin-top:3.1pt; margin-left:28.35pt; margin-bottom:0pt; text-align:justify; line-height:12.5pt; font-family:'Verdana'; font-size:9.5pt }\r\n.Litentext { margin-top:0pt; margin-bottom:0pt; text-align:justify; line-height:normal; font-family:'Verdana'; font-size:8pt }\r\n.Mellanrubrik { margin-top:11pt; margin-bottom:3.1pt; text-align:left; page-break-after:avoid; line-height:12.5pt; font-family:'Verdana'; font-size:9.5pt; font-style:italic }\r\n.Mellanrum { margin-top:0pt; margin-bottom:0pt; text-align:left; page-break-before:auto; page-break-after:auto; line-height:1pt; widows:0; orphans:0; font-family:'Verdana'; font-size:1pt; font-variant:small-caps; text-decoration:none; color:#ffffff }\r\n.NormalIndent { margin-top:0pt; margin-bottom:0pt; text-indent:11.35pt; text-align:justify; line-height:12.5pt; font-family:'Verdana'; font-size:9.5pt }\r\n.Normalinskjuten { margin-top:0pt; margin-left:22.1pt; margin-bottom:0pt; text-align:justify; line-height:12.5pt; font-family:'Verdana'; font-size:9.5pt }\r\n.Normalinskjutenindrag { margin-top:0pt; margin-left:22.1pt; margin-bottom:0pt; text-indent:11.35pt; text-align:justify; line-height:12.5pt; font-family:'Verdana'; font-size:9.5pt }\r\n.Normalinskjutenkursiv { margin-top:6pt; margin-bottom:0pt; line-height:normal; font-family:'Verdana'; font-size:10pt; font-style:italic }\r\n.Normalkursiv { margin-top:3.1pt; margin-bottom:0pt; text-align:left; line-height:12.5pt; font-family:'Verdana'; font-size:9.5pt; font-style:italic }\r\n.Normalruta { margin:3.1pt 5.65pt 0pt; text-align:justify; page-break-inside:avoid; page-break-after:avoid; line-height:12.5pt; border-top-style:solid; border-top-width:0.75pt; border-top-color:#000000; border-right-style:solid; border-right-width:0.75pt; border-right-color:#000000; border-left-style:solid; border-left-width:0.75pt; border-left-color:#000000; border-bottom-style:solid; border-bottom-width:0.75pt; border-bottom-color:#000000; padding-top:4pt; padding-right:4pt; padding-left:4pt; padding-bottom:4pt; font-family:'Verdana'; font-size:10.5pt }\r\n.Normalrutafet { margin:3.1pt 5.65pt 0pt; text-align:justify; page-break-inside:avoid; page-break-after:avoid; line-height:12.5pt; border-top-style:solid; border-top-width:0.75pt; border-top-color:#000000; border-right-style:solid; border-right-width:0.75pt; border-right-color:#000000; border-left-style:solid; border-left-width:0.75pt; border-left-color:#000000; border-bottom-style:solid; border-bottom-width:0.75pt; border-bottom-color:#000000; padding-top:4pt; padding-right:4pt; padding-left:4pt; padding-bottom:4pt; font-family:'Verdana'; font-size:10.5pt; font-weight:bold }\r\n.Normalrutaindrag { margin:0pt 5.65pt; text-indent:11.35pt; text-align:justify; page-break-inside:avoid; page-break-after:avoid; line-height:12.5pt; border-top-style:solid; border-top-width:0.75pt; border-top-color:#000000; border-right-style:solid; border-right-width:0.75pt; border-right-color:#000000; border-left-style:solid; border-left-width:0.75pt; border-left-color:#000000; border-bottom-style:solid; border-bottom-width:0.75pt; border-bottom-color:#000000; padding-top:4pt; padding-right:4pt; padding-left:4pt; padding-bottom:4pt; font-family:'Verdana'; font-size:10.5pt }\r\n.Normalutanluftfre { margin-top:0pt; margin-bottom:0pt; text-align:justify; line-height:12.5pt; font-family:'Verdana'; font-size:9.5pt }\r\n.NormalNoll { margin-top:0pt; margin-bottom:3.1pt; text-align:left; line-height:12.5pt; font-family:'Verdana'; font-size:10.5pt; font-weight:bold }\r\n.NumlistaTOC { margin:3.1pt 28.35pt 0pt 0pt; text-indent:0pt; text-align:left; line-height:normal; font-family:'Verdana'; font-size:9.5pt }\r\n.Ordfranden { margin-top:3.1pt; margin-bottom:22pt; text-align:left; page-break-inside:avoid; page-break-after:avoid; line-height:normal; font-family:'Verdana'; font-size:9.5pt; font-style:italic }\r\n.OrtochDatum { margin-top:18pt; margin-bottom:18pt; text-align:left; page-break-inside:avoid; page-break-after:avoid; line-height:normal; font-family:'Verdana'; font-size:9.5pt }\r\n.Punktlistabomb { margin-top:6.25pt; margin-left:14.2pt; margin-bottom:6.25pt; text-indent:-14.2pt; text-align:justify; line-height:12.5pt; font-family:'Verdana'; font-size:9.5pt }\r\n.Punktlistagemener { margin-top:6.25pt; margin-left:14.2pt; margin-bottom:6.25pt; text-indent:-14.2pt; text-align:justify; line-height:12.5pt; font-family:'Verdana'; font-size:9.5pt }\r\n.Punktlistalinje { margin-top:6.25pt; margin-left:14.2pt; margin-bottom:6.25pt; text-indent:-14.2pt; text-align:justify; line-height:12.5pt; font-family:'Verdana'; font-size:9.5pt }\r\n.Punktlistasiffra { margin-top:6.25pt; margin-left:14.2pt; margin-bottom:6.25pt; text-indent:-14.2pt; text-align:justify; line-height:12.5pt; font-family:'Verdana'; font-size:9.5pt }\r\n.PVgnar { margin-top:3.1pt; margin-bottom:26pt; text-align:left; page-break-inside:avoid; page-break-after:avoid; line-height:normal; font-family:'Verdana'; font-size:9.5pt }\r\n.Quote { margin-top:6.1pt; margin-left:14.2pt; margin-bottom:0pt; text-align:justify; line-height:10pt; font-family:'Verdana'; font-size:9.5pt }\r\n.R1 { margin-top:3.1pt; margin-bottom:12pt; text-align:left; page-break-after:avoid; line-height:12.5pt; font-family:'Verdana'; font-size:16pt }\r\n.R1bilaga { margin-top:3.1pt; margin-bottom:12pt; text-align:left; page-break-after:auto; line-height:12.5pt; font-family:'Verdana'; font-size:16pt }\r\n.R2 { margin-top:20pt; margin-bottom:6pt; text-align:left; page-break-inside:avoid; page-break-after:avoid; line-height:12.5pt; font-family:'Verdana'; font-size:13.5pt }\r\n.R3 { margin-top:20pt; margin-bottom:3.1pt; text-align:left; page-break-inside:avoid; page-break-after:avoid; line-height:12.5pt; font-family:'Verdana'; font-size:10.5pt; font-weight:bold }\r\n.R4 { margin-top:15pt; margin-bottom:3.1pt; text-align:left; page-break-inside:avoid; page-break-after:avoid; line-height:12.5pt; font-family:'Verdana'; font-size:10.5pt; font-weight:normal; font-style:italic; color:#000000 }\r\n.R5 { margin-top:6.25pt; margin-bottom:0pt; text-align:justify; page-break-inside:avoid; page-break-after:avoid; line-height:12.5pt; font-family:'Verdana'; font-size:9.5pt; font-weight:bold }\r\n.R6 { margin-top:6.25pt; margin-bottom:0pt; text-align:justify; page-break-inside:avoid; page-break-after:avoid; line-height:12.5pt; font-family:'Verdana'; font-size:9.5pt; font-weight:normal; font-style:italic; color:#000000 }\r\n.Reservationshnvisning { margin-top:0pt; margin-bottom:8pt; text-align:right; line-height:12.5pt; font-family:'Verdana'; font-size:9.5pt; font-style:italic }\r\n.Reservationsrubrik { margin-top:0pt; margin-bottom:3.1pt; text-align:left; page-break-inside:avoid; page-break-after:avoid; line-height:12.5pt; font-family:'Verdana'; font-size:10.5pt; font-weight:bold }\r\n.Rubrik1Dokumentinformation { margin-top:0pt; margin-bottom:0pt; text-align:left; page-break-inside:avoid; page-break-after:avoid; line-height:12.5pt; font-family:'Verdana'; font-size:16pt }\r\n.Rubrik1bilaga { margin-top:0pt; margin-bottom:27.7pt; text-align:left; page-break-after:auto; line-height:12.5pt; font-family:'Verdana'; font-size:16pt }\r\n.Rubrik1medsidhuvud { margin-top:3.1pt; margin-bottom:12pt; text-align:left; page-break-before:always; page-break-after:avoid; line-height:12.5pt; font-family:'Verdana'; font-size:16pt }\r\n.Rubrik1numrerat { margin-top:3.1pt; margin-left:0pt; margin-bottom:12pt; text-indent:0pt; text-align:left; page-break-after:avoid; line-height:12.5pt; font-family:'Verdana'; font-size:16pt }\r\n.Rubrik1numreratmedsidhuvud { margin-top:0pt; margin-left:0pt; margin-bottom:16pt; text-indent:0pt; text-align:left; page-break-before:always; page-break-after:avoid; line-height:normal; font-family:'Verdana'; font-size:16pt }\r\n.Rubrik2bilaga { margin-top:20pt; margin-bottom:6pt; text-align:left; page-break-inside:avoid; page-break-after:avoid; line-height:12.5pt; font-family:'Verdana'; font-size:13.5pt }\r\n.Rubrik2numrerat { margin-top:20pt; margin-left:0pt; margin-bottom:6pt; text-indent:0pt; text-align:left; page-break-inside:avoid; page-break-after:avoid; line-height:12.5pt; font-family:'Verdana'; font-size:13.5pt }\r\n.Rubrik3numrerat { margin-top:20pt; margin-left:0pt; margin-bottom:3.1pt; text-indent:0pt; text-align:left; page-break-inside:avoid; page-break-after:avoid; line-height:12.5pt; font-family:'Verdana'; font-size:10.5pt; font-weight:bold }\r\n.Sammanfattning { margin-top:3.1pt; margin-bottom:12pt; text-align:left; page-break-after:auto; line-height:12.5pt; font-family:'Verdana'; font-size:16pt }\r\n.Sidhuvudhgerstlld { margin-top:0pt; margin-bottom:0pt; text-align:right; line-height:normal; font-family:'Verdana'; font-size:7.5pt; font-variant:small-caps }\r\n.Sidhuvudvnsterstlld { margin-top:0pt; margin-bottom:0pt; text-align:left; line-height:normal; font-family:'Verdana'; font-size:7.5pt; font-variant:small-caps }\r\n.Stdrubrik { margin-top:12pt; margin-bottom:0pt; line-height:12pt; font-family:'Verdana'; font-size:9.5pt; font-weight:bold }\r\n.Srskiltyttranderubrik { margin-top:0pt; margin-bottom:3.1pt; text-align:left; page-break-inside:avoid; page-break-after:avoid; line-height:12.5pt; font-family:'Verdana'; font-size:10.5pt; font-weight:bold }\r\n.TOC1 { margin-top:0pt; margin-right:28.35pt; margin-bottom:0pt; text-align:left; line-height:normal; font-family:'Verdana'; font-size:9.5pt }\r\n.TOC2 { margin:0pt 28.35pt 0pt 5.65pt; text-align:left; line-height:normal; font-family:'Verdana'; font-size:9.5pt }\r\n.TOC3 { margin:0pt 28.35pt 0pt 11.35pt; text-align:left; line-height:normal; font-family:'Verdana'; font-size:9.5pt }\r\n.TOC4 { margin:0pt 28.35pt 0pt 17pt; text-align:left; line-height:normal; font-family:'Verdana'; font-size:9.5pt }\r\n.TOC5 { margin:0pt 28.35pt 0pt 22.7pt; text-align:left; line-height:normal; font-family:'Verdana'; font-size:9.5pt }\r\n.TOC6 { margin-top:0pt; margin-left:47.65pt; margin-bottom:0pt; text-align:left; line-height:normal; font-family:'Verdana'; font-size:9.5pt }\r\n.TOC7 { margin-top:0pt; margin-right:28.35pt; margin-bottom:0pt; text-align:left; line-height:normal; font-family:'Verdana'; font-size:9.5pt }\r\n.TOC8 { margin-top:0pt; margin-right:28.35pt; margin-bottom:0pt; text-align:left; line-height:normal; font-family:'Verdana'; font-size:9.5pt }\r\n.TOC9 { margin-top:0pt; margin-left:8.5pt; margin-bottom:0pt; text-align:left; line-height:normal; font-family:'Verdana'; font-size:9.5pt }\r\n.TOCHeading { margin-top:3.1pt; margin-bottom:9pt; text-align:left; page-break-before:always; page-break-inside:avoid; page-break-after:avoid; line-height:12.5pt; font-family:'Verdana'; font-size:16pt }\r\n.Tabell-Kolumnrubrik { margin-bottom:0pt; line-height:12pt; font-family:'Verdana'; font-size:8pt; font-weight:bold }\r\n.Tabell-Klla { margin-top:2pt; margin-bottom:0pt; line-height:8pt; font-family:'Verdana'; font-size:7pt }\r\n.Tabell-Radrubrik { margin-bottom:0pt; line-height:12pt; font-family:'Verdana'; font-size:8pt }\r\n.Tabell-Rubrik { margin-top:12pt; margin-bottom:3pt; text-align:left; page-break-inside:avoid; page-break-after:avoid; line-height:10pt; font-family:'Verdana'; font-size:9pt; font-weight:bold }\r\n.Tabell-Siffror { margin-bottom:0pt; text-align:right; line-height:12pt; font-family:'Verdana'; font-size:8pt }\r\n.Tabell-Text { margin-bottom:0pt; line-height:12pt; font-family:'Verdana'; font-size:8pt }\r\n.Tabell-Underrubrik { margin-top:0pt; margin-bottom:1pt; text-align:left; page-break-inside:avoid; page-break-after:avoid; line-height:8pt; font-family:'Verdana'; font-size:8pt; font-weight:normal; font-style:italic }\r\n.TableofFigures { margin-top:3.1pt; margin-bottom:0pt; text-align:justify; line-height:normal; font-family:'Verdana'; font-size:9.5pt }\r\n.TillX-utskottet { margin-top:0pt; margin-bottom:12pt; text-align:left; page-break-after:avoid; line-height:12.5pt; font-family:'Verdana'; font-size:16pt }\r\n.Title { margin-top:3.1pt; margin-bottom:1pt; text-align:left; line-height:12pt; font-family:'Verdana'; font-size:20pt; letter-spacing:-0.5pt }\r\n.Vapen { margin-top:0pt; margin-bottom:0pt; text-align:left; page-break-inside:avoid; page-break-after:avoid; line-height:12.5pt; font-family:'Verdana'; font-size:16pt }\r\n.Yrkandelista { margin-top:3.1pt; margin-left:28.35pt; margin-bottom:0pt; text-indent:-28.35pt; text-align:justify; line-height:12.5pt; font-family:'Verdana'; font-size:9.5pt }\r\n.YrkandelistaEtt { margin-top:3.1pt; margin-left:0pt; margin-bottom:0pt; text-indent:0pt; text-align:justify; line-height:12.5pt; font-family:'Verdana'; font-size:9.5pt }\r\nspan.BallongtextChar { font-family:Tahoma; font-size:8pt }\r\nspan.BilagaChar { font-family:'Verdana'; font-size:8pt; font-variant:small-caps; text-decoration:underline }\r\nspan.BrdtextChar { font-family:'Verdana'; font-size:9.5pt }\r\nspan.BrdtextChar1 { font-family:'Verdana'; font-size:9.5pt }\r\nspan.Brdtextmedindrag2Char { font-family:'Verdana'; font-size:9.5pt }\r\nspan.CitatChar { font-family:'Verdana'; font-size:9.5pt }\r\nspan.DokumentRubrikChar { font-family:'Verdana'; font-size:18pt }\r\nspan.FotnotstextChar { font-family:'Verdana'; font-size:8pt }\r\nspan.FotnotstextindragChar { font-family:'Verdana'; font-size:8pt }\r\nspan.FrslagspunktChar { font-family:'Verdana'; font-size:9.5pt; font-weight:bold; font-style:normal }\r\nspan.Hyperlink { text-decoration:none; color:#000000 }\r\nspan.KommentarerChar { font-family:'Verdana'; font-size:10pt }\r\nspan.NormalkursivChar { font-family:'Verdana'; font-size:9.5pt; font-style:italic }\r\nspan.NormaltindragChar { font-family:'Verdana'; font-size:9.5pt }\r\nspan.OrdfrandenChar { font-family:'Verdana'; font-size:9.5pt; font-style:italic }\r\nspan.OrtochDatumChar { font-family:'Verdana'; font-size:9.5pt }\r\nspan.PlaceholderText { color:#808080 }\r\nspan.PVgnarChar { font-family:'Verdana'; font-size:9.5pt }\r\nspan.ReservationshnvisningChar { font-family:'Verdana'; font-size:9.5pt; font-style:italic }\r\nspan.Rubrik1Char { font-family:'Verdana'; font-size:16pt }\r\nspan.Rubrik1DokumentinformationChar { font-family:'Verdana'; font-size:16pt }\r\nspan.Rubrik2Char { font-family:'Verdana'; font-size:13.5pt }\r\nspan.Rubrik3Char { font-family:'Verdana'; font-size:10.5pt; font-weight:bold }\r\nspan.Rubrik4Char { font-family:'Verdana'; font-size:10.5pt; font-style:italic; color:#000000 }\r\nspan.Rubrik5Char { font-family:'Verdana'; font-size:9.5pt; font-weight:bold }\r\nspan.Rubrik6Char { font-family:'Verdana'; font-size:9.5pt; font-style:italic; color:#000000 }\r\nspan.Rubrik7Char { font-family:'Verdana'; font-size:9.5pt; font-style:italic; color:#243f60 }\r\nspan.Rubrik8Char { font-family:'Verdana'; font-size:9pt; color:#272727 }\r\nspan.Rubrik9Char { font-family:'Verdana'; font-size:9pt; font-style:italic; color:#272727 }\r\nspan.RubrikChar { font-family:'Verdana'; font-size:20pt; letter-spacing:-0.5pt }\r\nspan.SidfotChar { font-family:'Verdana'; font-size:9.5pt }\r\nspan.SidhuvudChar { font-family:'Verdana'; font-size:7.5pt; font-variant:small-caps }\r\nspan.Tabell-Upphjttecken { font-family:'Verdana'; font-variant:normal; text-decoration:none; text-transform:none; vertical-align:super; display:inline }\r\nspan.VapenChar { font-family:'Verdana'; font-size:16pt }\r\nspan.tBilagaJA { color:#000000 }\r\nspan.tSidrubrikJA { color:#000000 }\r\n.TableGrid {  }\r\n--></style>\r\n\r\n\t\t<div class=\"Section1\">\r\n\t\t\t<table cellspacing=\"0\" cellpadding=\"0\" style=\"border-collapse:collapse; margin-left:0pt\">\r\n\t\t\t\t<tr style=\"height:79.4pt\">\r\n\t\t\t\t\t<td style=\"vertical-align:top; width:297.7pt\">\r\n\t\t\t\t\t\t<p class=\"Rubrik1Dokumentinformation\" style=\"margin-top:0pt; margin-bottom:0pt; text-align:left; page-break-inside:avoid; page-break-after:avoid; line-height:16pt\">\r\n\t\t\t\t\t\t\t<span style=\"font-family:'Verdana'; font-size:16pt; -aw-sdt-tag:ccUtskott; -aw-sdt-title:'utskottsnamn Dokumentegenskap'\">Justitieutskottet</span><span style=\"font-family:'Verdana'; font-size:16pt; -aw-sdt-tag:ccS; -aw-sdt-title:s\">s</span><span style=\"font-family:'Verdana'; font-size:16pt; -aw-sdt-tag:ccMellanslag; -aw-sdt-title:Mellanslag\"> </span><a name=\"Utlatande\"></a><span style=\"font-family:'Verdana'; font-size:16pt\">betänkande</span>\r\n\t\t\t\t\t\t</p>\r\n\t\t\t\t\t\t<p class=\"Dokumentbeteckning\" style=\"margin-top:0pt; margin-bottom:0pt; text-align:left; page-break-inside:avoid; page-break-after:avoid; line-height:16pt\">\r\n\t\t\t\t\t\t\t<span style=\"font-family:'Verdana'; font-size:16pt; -aw-sdt-tag:ccRiksmote; -aw-sdt-title:'riksmote Dokumentegenskap'\">2018/19</span><span style=\"font-family:'Verdana'; font-size:16pt; -aw-sdt-tag:ccKolon; -aw-sdt-title:Kolon\">:</span><a name=\"Utskottebeteckning\"></a><span style=\"font-family:'Verdana'; font-size:16pt\">JuU6</span>\r\n\t\t\t\t\t\t</p>\r\n\t\t\t\t\t\t<p class=\"Rubrik1Dokumentinformation\" style=\"margin-top:0pt; margin-bottom:0pt; text-align:left; page-break-inside:avoid; page-break-after:avoid; line-height:16pt\">\r\n\t\t\t\t\t\t\t<span style=\"font-family:'Verdana'; font-size:16pt\"> </span>\r\n\t\t\t\t\t\t</p>\r\n\t\t\t\t\t</td>\r\n\t\t\t\t</tr>\r\n\t\t\t</table>\r\n\t\t\t<p class=\"DokumentRubrik\" style=\"-aw-sdt-tag:ccDokumentrubrik; -aw-sdt-title:'dokumentrubrik Dokumentegenskap'\">\r\n\t\t\t\t<span>En modernisering av lagen om skiljeförfarande</span>\r\n\t\t\t</p>\r\n\t\t\t<p class=\"Sammanfattning\">\r\n\t\t\t\t<span class=\"tSidrubrikJA\">Sammanfattning</span>\r\n\t\t\t</p>\r\n\t\t\t<p>\r\n\t\t\t\t<span>Utskottet</span><span> </span><span>föreslår att riksdagen antar regeringens förslag till </span><span>ändringar </span><span>i lagen om skiljeförfarande</span><span> och i utsökningsbalken</span><span>. </span>\r\n\t\t\t</p>\r\n\t\t\t<p class=\"NormalIndent\">\r\n\t\t\t\t<span>Regeringens f</span><span>örslag innebär att</span><span> lagen om </span><span>skiljeförfarande moderniseras i syfte </span><span>att skiljeförfarande även fort</span><span>sättningsvis ska vara en effektiv och rätts</span><span>­</span><span>säker form av tvistlösning. </span><span>Moderniseringen </span><span>syftar </span><span>även</span><span> till att lagen ska vara lättill</span><span>g</span><span>änglig, även för utländska tillämpare, och till att attrahera internation</span><span>­</span><span>ella skiljeförfarande</span><span>n</span><span> till Sverige.</span>\r\n\t\t\t</p>\r\n\t\t\t<p class=\"NormalIndent\">\r\n\t\t\t\t<span>Lagändringarna föreslås träda i kraft den </span><span>1 mars 2019.</span><span> </span>\r\n\t\t\t</p>\r\n\t\t\t<p class=\"NormalIndent\">\r\n\t\t\t\t<span>I betänkandet finns </span><span>två</span><span> särskil</span><span>da</span><span> yttrande</span><span>n</span><span> (</span><span>M, C, V, KD, L</span><span>).</span>\r\n\t\t\t</p>\r\n\t\t\t<p class=\"R4\">\r\n\t\t\t\t<span>Behandlade förslag</span>\r\n\t\t\t</p>\r\n\t\t\t<p>\r\n\t\t\t\t<span>Proposition 2017/18:257 </span><span>En modernisering av lagen om skiljeförfarande</span><span>.</span>\r\n\t\t\t</p>\r\n\t\t\t<p>\r\n\t\t\t\t<span> </span>\r\n\t\t\t</p>\r\n\t\t\t<p class=\"Innehllsfrteckning\">\r\n\t\t\t\t<a name=\"Innehållsförteckning\"></a><span class=\"tSidrubrikJA\">Innehållsförteckning</span>\r\n\t\t\t</p>\r\n\t\t\t<p class=\"TOC1\">\r\n\t\t\t\t<a style=\"color:#000000\" href=\"#_Toc530046696\"><span class=\"Hyperlink\">Utskottets förslag till riksdagsbeslut</span></a>\r\n\t\t\t</p>\r\n\t\t\t<p class=\"TOC1\">\r\n\t\t\t\t<a style=\"color:#000000\" href=\"#_Toc530046697\"><span class=\"Hyperlink\">Redogörelse för ärendet</span></a>\r\n\t\t\t</p>\r\n\t\t\t<p class=\"TOC2\">\r\n\t\t\t\t<a style=\"color:#000000\" href=\"#_Toc530046698\"><span class=\"Hyperlink\">Ärendet och dess beredning</span></a>\r\n\t\t\t</p>\r\n\t\t\t<p class=\"TOC1\">\r\n\t\t\t\t<a style=\"color:#000000\" href=\"#_Toc530046699\"><span class=\"Hyperlink\">Utskottets överväganden</span></a>\r\n\t\t\t</p>\r\n\t\t\t<p class=\"TOC2\">\r\n\t\t\t\t<a style=\"color:#000000\" href=\"#_Toc530046700\"><span class=\"Hyperlink\">En modernisering av lagen om skiljeförfarande</span></a>\r\n\t\t\t</p>\r\n\t\t\t<p class=\"TOC1\">\r\n\t\t\t\t<a style=\"color:#000000\" href=\"#_Toc530046701\"><span class=\"Hyperlink\">Särskilda yttranden</span></a>\r\n\t\t\t</p>\r\n\t\t\t<p class=\"TOC7\" style=\"margin-left:19.85pt; text-indent:-14.15pt\">\r\n\t\t\t\t<span class=\"Hyperlink\">1.</span><span style=\"width:7.02pt; text-indent:0pt; display:inline-block\"></span><a style=\"color:#000000\" href=\"#_Toc530046702\"><span class=\"Hyperlink\">En modernisering av lagen om skiljeförfarande (M, C, KD, L)</span></a>\r\n\t\t\t</p>\r\n\t\t\t<p class=\"TOC7\" style=\"margin-left:19.85pt; text-indent:-14.15pt\">\r\n\t\t\t\t<span class=\"Hyperlink\">2.</span><span style=\"width:7.02pt; text-indent:0pt; display:inline-block\"></span><a style=\"color:#000000\" href=\"#_Toc530046703\"><span class=\"Hyperlink\">En modernisering av lagen om skiljeförfarande (V)</span></a>\r\n\t\t\t</p>\r\n\t\t\t<p class=\"TOC8\">\r\n\t\t\t\t<span class=\"Hyperlink\" style=\"font-style:italic\">Bilaga 1</span><br /><a style=\"color:#000000\" href=\"#_Toc530046704\"><span class=\"Hyperlink\">Förteckning över behandlade förslag</span></a>\r\n\t\t\t</p>\r\n\t\t\t<p class=\"TOC9\">\r\n\t\t\t\t<a style=\"color:#000000\" href=\"#_Toc530046705\"><span class=\"Hyperlink\">Propositionen</span></a>\r\n\t\t\t</p>\r\n\t\t\t<p class=\"TOC8\">\r\n\t\t\t\t<span class=\"Hyperlink\" style=\"font-style:italic\">Bilaga 2</span><br /><a style=\"color:#000000\" href=\"#_Toc530046706\"><span class=\"Hyperlink\">Regeringens lagförslag</span></a>\r\n\t\t\t</p>\r\n\t\t\t<p>\r\n\t\t\t</p>\r\n\t\t\t<p class=\"Avsnittsrubrik\">\r\n\t\t\t\t<a name=\"StopCC\"></a><a name=\"_Toc530046696\"><span style=\"-aw-bookmark-end:StopCC\"></span><span class=\"tSidrubrikJA\">Utskottets förslag till riksdagsbeslut</span></a>\r\n\t\t\t</p>\r\n\t\t\t<p class=\"Mellanrum\">\r\n\t\t\t\t<span> </span>\r\n\t\t\t</p>\r\n\t\t\t<p class=\"Mellanrum\">\r\n\t\t\t\t<span> </span>\r\n\t\t\t</p>\r\n\t\t\t<table cellspacing=\"0\" cellpadding=\"0\" style=\"border-collapse:collapse; margin-left:0pt; width:294.2pt\">\r\n\t\t\t\t<tr>\r\n\t\t\t\t\t<td style=\"vertical-align:top; width:22pt\">\r\n\t\t\t\t\t\t<p style=\"margin-top:3.1pt; margin-bottom:0pt; text-align:justify; page-break-inside:avoid; page-break-after:avoid; line-height:12.5pt\">\r\n\t\t\t\t\t\t\t<span style=\"font-family:'Verdana'; font-size:10.5pt; font-weight:bold\">En modernisering av lagen om skiljeförfarande</span>\r\n\t\t\t\t\t\t</p>\r\n\t\t\t\t\t</td>\r\n\t\t\t\t</tr>\r\n\t\t\t</table>\r\n\t\t\t<p class=\"Normalutanluftfre\" style=\"-aw-sdt-tag:'dokumentavsnitt/utskottets förslag till riksdagsbeslut/488080871/1542351487923'; -aw-sdt-title:'utskottets förslag till riksdagsbeslut'\">\r\n\t\t\t\t<span>Riksdagen antar regeringens förslag till</span>\r\n\t\t\t</p>\r\n\t\t\t<p class=\"NormalIndent\" style=\"-aw-sdt-tag:'dokumentavsnitt/utskottets förslag till riksdagsbeslut/488080871/1542351487923'; -aw-sdt-title:'utskottets förslag till riksdagsbeslut'\">\r\n\t\t\t\t<span>1. lag om ändring i lagen (1999:116) om skiljeförfarande,</span>\r\n\t\t\t</p>\r\n\t\t\t<p class=\"NormalIndent\" style=\"-aw-sdt-tag:'dokumentavsnitt/utskottets förslag till riksdagsbeslut/488080871/1542351487923'; -aw-sdt-title:'utskottets förslag till riksdagsbeslut'\">\r\n\t\t\t\t<span>2. lag om ändring i utsökningsbalken.</span>\r\n\t\t\t</p>\r\n\t\t\t<p class=\"NormalIndent\" style=\"text-indent:11.3pt; -aw-sdt-tag:'dokumentavsnitt/utskottets förslag till riksdagsbeslut/488080871/1542351487923'; -aw-sdt-title:'utskottets förslag till riksdagsbeslut'\">\r\n\t\t\t\t<span>Därmed bifaller riksdagen proposition 2017/18:257 punkterna 1 och 2.</span>\r\n\t\t\t</p>\r\n\t\t\t<p class=\"Mellanrum\" style=\"-aw-sdt-tag:'dokumentavsnitt/utskottets förslag till riksdagsbeslut/488080871/1542351487923'; -aw-sdt-title:'utskottets förslag till riksdagsbeslut'\">\r\n\t\t\t\t<span> </span>\r\n\t\t\t</p>\r\n\t\t\t<p class=\"OrtochDatum\" style=\"-aw-sdt-tag:'dokumentavsnitt/utskottets förslag till riksdagsbeslut/488080871/1542351487923'; -aw-sdt-title:'utskottets förslag till riksdagsbeslut'\">\r\n\t\t\t\t<span>Stockholm den 15 november 2018</span>\r\n\t\t\t</p>\r\n\t\t\t<p class=\"PVgnar\" style=\"-aw-sdt-tag:'dokumentavsnitt/utskottets förslag till riksdagsbeslut/488080871/1542351487923'; -aw-sdt-title:'utskottets förslag till riksdagsbeslut'\">\r\n\t\t\t\t<span>På justitieutskottets vägnar</span>\r\n\t\t\t</p>\r\n\t\t\t<p class=\"Ordfranden\" style=\"-aw-sdt-tag:'dokumentavsnitt/utskottets förslag till riksdagsbeslut/488080871/1542351487923'; -aw-sdt-title:'utskottets förslag till riksdagsbeslut'\">\r\n\t\t\t\t<span>Fredrik Lundh Sammeli</span>\r\n\t\t\t</p>\r\n\t\t\t<p class=\"Deltagare\" style=\"-aw-sdt-tag:'dokumentavsnitt/utskottets förslag till riksdagsbeslut/488080871/1542351487923'; -aw-sdt-title:'utskottets förslag till riksdagsbeslut'\">\r\n\t\t\t\t<span>Följande ledamöter har deltagit i beslutet: Fredrik Lundh Sammeli (S), Tomas Tobé (M), Petter Löberg (S), Carl-Oskar Bohlin (M), Adam Marttinen (SD), Maria Strömkvist (S), Johan Hedin (C), Linda Westerlund Snecker (V), Kristina Axén Olin (M), Katja Nyberg (SD), Joakim Sandell (S), Carina Ödebrink (S), Rasmus Ling (MP), Ingemar Kihlström (KD), Richard Jomshof (SD), Juno Blom (L) och Magnus Oscarsson (KD).</span>\r\n\t\t\t</p>\r\n\t\t\t<p class=\"Mellanrum\" style=\"-aw-sdt-tag:'dokumentavsnitt/utskottets förslag till riksdagsbeslut/488080871/1542351487923'; -aw-sdt-title:'utskottets förslag till riksdagsbeslut'\">\r\n\t\t\t\t<span> </span>\r\n\t\t\t</p>\r\n\t\t\t<p class=\"Mellanrum\" style=\"-aw-sdt-tag:'dokumentavsnitt/utskottets förslag till riksdagsbeslut/488080871/1542351487923'; -aw-sdt-title:'utskottets förslag till riksdagsbeslut'\">\r\n\t\t\t\t<span> </span>\r\n\t\t\t</p>\r\n\t\t\t<p class=\"Mellanrum\" style=\"-aw-sdt-tag:'dokumentavsnitt/utskottets förslag till riksdagsbeslut/488080871/1542351487923'; -aw-sdt-title:'utskottets förslag till riksdagsbeslut'\">\r\n\t\t\t\t<span style=\"font-size:9.5pt\"> </span>\r\n\t\t\t</p>\r\n\t\t\t<p>\r\n\t\t\t\t<span> </span>\r\n\t\t\t</p>\r\n\t\t\t<p class=\"Avsnittsrubrik\">\r\n\t\t\t\t<a name=\"SlutUtskottsForslag\"></a><a name=\"_Toc530046697\"><span style=\"-aw-bookmark-end:SlutUtskottsForslag\"></span><span class=\"tSidrubrikJA\">Redogörelse för ärendet</span></a>\r\n\t\t\t</p>\r\n\t\t\t<h2>\r\n\t\t\t\t<a name=\"_Toc530046698\"><span>Ärendet och dess beredning</span></a>\r\n\t\t\t</h2>\r\n\t\t\t<p>\r\n\t\t\t\t<span>I detta betänkande behandlar utskottet proposition 2017/18:257 En moderni</span><span>­</span><span>sering av lagen om skiljeförfarande. I propositionen föreslår regeringen att lagen om skiljeförfarande moderniseras i syfte att skiljeförfarande även fort</span><span>­</span><span>sättningsvis ska vara en effektiv och rättssäker form av tvistlösning. </span>\r\n\t\t\t</p>\r\n\t\t\t<p class=\"NormalIndent\">\r\n\t\t\t\t<span>Inga motioner har väckts med anledning av förslaget.</span>\r\n\t\t\t</p>\r\n\t\t\t<p class=\"NormalIndent\">\r\n\t\t\t\t<span>Regeringens förslag till riksdagsbeslut återges i bilaga 1. Regeringens lag</span><span>­</span><span>förslag finns i bilaga 2. </span>\r\n\t\t\t</p>\r\n\t\t\t<p class=\"Avsnittsrubrik\">\r\n\t\t\t\t<a name=\"_Toc530046699\"><span class=\"tSidrubrikJA\">Utskottets överväganden</span></a>\r\n\t\t\t</p>\r\n\t\t\t<h2 style=\"-aw-sdt-tag:d2645712-4953-4fbd-b648-b6944c2eda05/förslagsrutor/-274336714/1539870029223; -aw-sdt-title:förslagsrutor\">\r\n\t\t\t\t<a name=\"_Toc530046700\"><span>En modernisering av lagen om skiljeförfarande</span></a>\r\n\t\t\t</h2>\r\n\t\t\t<div style=\"border-bottom-color:#000000; border-bottom-style:solid; border-bottom-width:0.75pt; border-left-color:#000000; border-left-style:solid; border-left-width:0.75pt; border-right-color:#000000; border-right-style:solid; border-right-width:0.75pt; border-top-color:#000000; border-top-style:solid; border-top-width:0.75pt; clear:both; margin:3.1pt 0.9pt 0pt\">\r\n\t\t\t\t<p class=\"Normalrutafet\" style=\"margin:0pt; padding-right:4pt; padding-left:4pt\">\r\n\t\t\t\t\t<span style=\"-aw-bookmark-end:_Toc530046700\"></span><span>Utskottets förslag i korthet</span>\r\n\t\t\t\t</p>\r\n\t\t\t\t<p class=\"Normalruta\" style=\"margin:0pt; padding-right:4pt; padding-left:4pt\">\r\n\t\t\t\t\t<span>Riksdagen antar regeringens lagförslag. </span><span>F</span><span>örslag</span><span>et</span><span> innebär att lagen om skiljeförfarande moderniseras i syfte att skiljeförfarande även fortsättningsvis ska vara en effektiv och rättssäker form av tvist</span><span>­</span><span>lösning.</span>\r\n\t\t\t\t</p>\r\n\t\t\t\t<p class=\"Normalrutaindrag\" style=\"margin:0pt; padding-right:4pt; padding-left:4pt; padding-bottom:4pt; -aw-sdt-tag:'d2645712-4953-4fbd-b648-b6944c2eda05/förslagsrutor reservations text/-1925632330/1541679492721'; -aw-sdt-title:'förslagsrutor reservations text'\">\r\n\t\t\t\t\t<span>Jämför särskilt yttrande 1 (M, C, KD, L) och 2 (V).</span>\r\n\t\t\t\t</p>\r\n\t\t\t</div>\r\n\t\t\t<p class=\"R3\" style=\"margin-bottom:0pt\">\r\n\t\t\t\t<span>Propositionen</span>\r\n\t\t\t</p>\r\n\t\t\t<p class=\"R4\" style=\"margin-top:6pt\">\r\n\t\t\t\t<span>Bakgrund</span>\r\n\t\t\t</p>\r\n\t\t\t<p>\r\n\t\t\t\t<span>Skiljeförfarande</span><span> är en form av privat rättskipning avseende tvister som parter</span><span>­</span><span>na kan förlikas om. </span><span>Skiljeförfarande regleras i lagen (1999:116) om skiljeför</span><span>­</span><span>farande</span><span> och </span><span>bygger på principen om avtalsfrihet</span><span>. </span><span>Många av lagens bestämmel</span><span>­</span><span>ser är dispositiva, dvs. bestämmelser som parterna kan avtala bort. </span><span>Förfarandet syftar till att snabbt och slutligt avgöra tvister utan insyn utifrån. </span><span>Skiljeförfar</span><span>­</span><span>andet har även en betydande internationell prägel.</span><span> </span>\r\n\t\t\t</p>\r\n\t\t\t<p class=\"NormalIndent\">\r\n\t\t\t\t<span>Enligt regeringen</span><span> </span><span>finns skäl att nu modernisera lagen för att skiljeförfarande ska fortsätta </span><span>att </span><span>vara en effektiv och attraktiv form av tvistlösning</span><span> och för att Sverige ska kunna bevara och utveckla sin framskjutna position internationellt.</span><span> Regeringen anser att e</span><span>n utgångspunkt även fortsättningsvis </span><span>bör </span><span>vara att lagen</span><span> </span><span>om skiljeförfarande ska erbjuda en effektiv och samtidigt rättssäker form</span><span> </span><span>av tvistlösning.</span><span> E</span><span>n annan utgångspunkt bör enligt regeringen vara </span><span>att lagen ska vara modern och</span><span> </span><span>lättillgänglig, även för utländska tillämpare. Sverige har en mycket stark ställning internationellt och åtnjuter ett högt förtroende</span><span> </span><span>hos</span><span> de som verkar inom internationell tvistlösning. </span>\r\n\t\t\t</p>\r\n\t\t\t<p class=\"R4\">\r\n\t\t\t\t<span>Domstolsprövning av skiljemännens behörighet</span>\r\n\t\t\t</p>\r\n\t\t\t<p>\r\n\t\t\t\t<span>Skiljemännen får enligt 2 § lagen om skiljeförfarande pröva sin egen behörig</span><span>­</span><span>het att avgöra tvisten. </span><span>Att skiljemännen får pröva sin egen behörighet hindrar </span><span>emellertid </span><span>inte en domstol från att </span><span>kunna </span><span>pröva samma fråga på begäran av </span><span>en </span><span>part. En part kan alltså, i stället för att begära att skiljenämnden prövar behörig</span><span>­</span><span>hetsfrågan, under pågående skiljeförfarande väcka en fastställelsetalan vid tingsrätt</span><span>en</span><span> angående skiljemännens behörighet. </span>\r\n\t\t\t</p>\r\n\t\t\t<p class=\"NormalIndent\">\r\n\t\t\t\t<span>Enligt r</span><span>egeringen är det </span><span>dock </span><span>en processekonomisk fördel </span><span>om </span><span>domstols</span><span>­</span><span>prövningen av behörigheten kopplas närmare skiljeförfarandet. </span><span>Regeringen </span><span>föreslår </span><span>därför att det bör införas en ordning som innebär att om skiljemännen i ett beslut under förfarandet har funnit att de är behöriga att avgöra tvisten,</span><span> kan</span><span> en part som är missnöjd med beslutet begära att frågan prövas av </span><span>hovrätten</span><span>. </span><span>Talan ska väckas senast 30 dagar från det att parten fick del av beslutet. </span><span>Ändringen bedöms </span><span>innebära</span><span> bättre förutsättningar för att behörighets</span><span>­</span><span>frågan ska kunna avgöras snabbare.</span>\r\n\t\t\t</p>\r\n\t\t\t<p class=\"NormalIndent\">\r\n\t\t\t\t<span>S</span><span>amtidigt med den nya överprövningsmöjligheten </span><span>anser regeringen att d</span><span>et </span><span>bör </span><span>införas </span><span>en bestämmelse som begränsar en parts möjlighet att </span><span>under pågående skiljeförfarande </span><span>väcka talan vid domstol om samma fråga, dvs. skiljemännens behörighet.</span><span> </span><span>R</span><span>egeringen </span><span>föreslår </span><span>därför </span><span>att </span><span>det i lagen </span><span>föreskrivs</span><span> att </span><span>en domstol</span><span> mot en parts bestridande inte får pröva en talan om skilje</span><span>­</span><span>männens behörighet om ett skiljeförfarande har inletts. Rättegångshindret bör </span><span>enligt regeringen </span><span>vara dispositivt</span><span> och </span><span>ska alltså beaktas endast efter invänd</span><span>­</span><span>ning från motparten. </span><span>Det nya rättegångshindret ska inte gälla konsumenter i de fall ett skiljeavtal har träffats med en näringsidkare innan en tvist uppstod. </span>\r\n\t\t\t</p>\r\n\t\t\t<p class=\"R4\">\r\n\t\t\t\t<span>Skiljeförfarandet</span>\r\n\t\t\t</p>\r\n\t\t\t<p>\r\n\t\t\t\t<span>När det gäller ett skiljeförfarande som påkallats mot flera motparter föreslår regeringen att det införs en ordning </span><span>där tingsrätten utser skiljemän för alla parter om motparterna inte kan enas om </span><span>valet av </span><span>skiljeman. Denna ordning bör </span><span>enligt regeringen </span><span>gälla i ett skiljeförfarande där det finns fler än två parter och </span><span>där</span><span> parterna inte har bestämt hur skilj</span><span>e</span><span>männen ska utses. Tingsrätten ska </span><span>på ansökan av en motpart </span><span>utse skiljemän för alla parte</span><span>r</span><span>,</span><span> och e</span><span>n </span><span>s</span><span>kiljeman som </span><span>redan </span><span>har utsetts av den påkallande parten ska samtidigt entledigas. </span>\r\n\t\t\t</p>\r\n\t\t\t<p class=\"NormalIndent\">\r\n\t\t\t\t<span>Vidare anser r</span><span>egeringen </span><span>att e</span><span>n parts möjlighet att påverka valet av en ny</span><span> </span><span>skiljeman när den ursprungliga skiljemannen inte kan fullfölja uppdraget</span><span> </span><span>bör</span><span> </span><span>stärk</span><span>a</span><span>s. </span><span>R</span><span>egeringen </span><span>föreslår att </span><span>t</span><span>ingsrätten </span><span>ska </span><span>utse den skiljeman som </span><span>föreslås av den part som utsåg den ursprunglig</span><span>a</span><span> skiljemannen</span><span>,</span><span> </span><span>om</span><span> </span><span>inte särskilda skäl talar emot det.</span>\r\n\t\t\t</p>\r\n\t\t\t<p class=\"NormalIndent\">\r\n\t\t\t\t<span>R</span><span>egeringen föreslår även att </span><span>när</span><span> ett skiljeförfarande avskrivs ska </span><span>det avgöras</span><span> genom </span><span>ett </span><span>beslut och inte som hittills genom </span><span>en </span><span>skiljedom. </span><span>Ett a</span><span>vgörande som innebär att skiljemännen avslutar skiljeförfarandet utan att avgöra de frågor som har lämnats till dem ska således ske i form av beslut. Med avskrivning avses såväl avskrivning efter återkallelse som avskrivning av annat skäl.</span>\r\n\t\t\t</p>\r\n\t\t\t<p class=\"NormalIndent\">\r\n\t\t\t\t<span>Av</span><span> propositionen framgår </span><span>att det </span><span>i</span><span> lagen om skiljeförfarande </span><span>inte finns någon reglering </span><span>om möjligheten att lägga samman skiljeförfaranden. </span><span>E</span><span>n sammanläggning av skiljeförfaranden kan </span><span>enligt regeringen </span><span>ha flera fördelar</span><span>. Regeringen anser därför att</span><span> </span><span>det </span><span>är motiverat att införa en dispositiv bestäm</span><span>­</span><span>m</span><span>else om sammanläggning i lagen om skiljeförfarande. </span><span>F</span><span>örslag</span><span>et</span><span> </span><span>innebär att </span><span>ett </span><span>skiljeförfarande </span><span>får </span><span>sammanläggas med ett annat skiljeförfarande om part</span><span>­</span><span>erna samtycker till det</span><span>;</span><span> det är </span><span>till fördel för handläggningen och </span><span>samma skilje</span><span>­</span><span>män har utsetts i båda förfarandena. När det finns skäl för det får skiljeförfar</span><span>­</span><span>andena särskiljas. </span>\r\n\t\t\t</p>\r\n\t\t\t<p class=\"NormalIndent\">\r\n\t\t\t\t<span>Lagen om skiljeförfarande innehåller inte </span><span>heller </span><span>några bestämmelser om vilken materiell rätt skiljemännen ska tillämpa när de avgör tvisten. För att tydliggöra vad som redan får anses vara gällande rätt </span><span>anser regeringen att det </span><span>bör</span><span> införas en bestämmelse om att </span><span>tvisten ska avgöras med tillämpning av den lag eller det regelverk som parterna har kommit överens om. </span><span>Regeringen före</span><span>­</span><span>slår </span><span>vidare</span><span> </span><span>att det</span><span> anges</span><span> i lagen att </span><span>s</span><span>kiljemännen ska bestämma vilken lag som ska tillämpas om parterna inte har träffat en </span><span>sådan </span><span>överenskommelse</span><span>. D</span><span>et </span><span>ska dock </span><span>inte anges närmare hur skiljemännen ska göra denna bedömning.</span>\r\n\t\t\t</p>\r\n\t\t\t<p class=\"NormalIndent\">\r\n\t\t\t\t<span>I och med att </span><span>den</span><span> nu föreslår en reglering av tillämplig materiell rätt anser regeringen att det finns skäl att </span><span>i lagen </span><span>även reglera skälighet och billighet. </span><span>Principen om partsautonomi inom skiljeförfarande anses innebära att parterna kan avtala om att skiljemännen ska avgöra tvisten efter skälighet och billighet. Lagen om skiljeförfarande saknar bestämmelser om detta. </span><span>Regeringen föreslår </span><span>därför </span><span>att det föreskrivs att skiljemännen får grunda skiljedomen på skälighet och billighet endast om parterna </span><span>har bestämt </span><span>det.</span>\r\n\t\t\t</p>\r\n\t\t\t<p class=\"NormalIndent\">\r\n\t\t\t\t<span>Regeringen </span><span>föreslår </span><span>vidare </span><span>att det i lagen klargörs att en skiljeman ska vara inte bara</span><span> opartisk utan även oberoende. Tillägget innebär inte någon ändring i sak eftersom begreppet opartisk i den hittillsvarande lydelsen har ansetts om</span><span>­</span><span>fatta även oberoende. </span><span>Regeringen </span><span>anser </span><span>även att ordet </span><span>”platsen” för förfarandet ska ersättas med begreppet ”säte”. </span><span>S</span><span>ätet ska anges som en ort i Sverige.</span><span> </span><span>Med</span><span> begreppet </span><span>”säte” anpassas terminologin till vad som anses vara den interna</span><span>­</span><span>tionellt sett vanligaste på området. </span>\r\n\t\t\t</p>\r\n\t\t\t<p class=\"R4\">\r\n\t\t\t\t<span>Klanderprocessen</span>\r\n\t\t\t</p>\r\n\t\t\t<p>\r\n\t\t\t\t<span>Ett av huvudsyftena med skiljeförfarande är att parternas tvist ska kunna lösas på ett snabbt och effektivt sätt. </span><span>Detta </span><span>bör </span><span>enligt regeringen </span><span>i möjligaste mån </span><span>även </span><span>prägla klanderprocessen.</span><span> </span><span>Även om </span><span>de </span><span>nuvarande regler</span><span>na</span><span> om upphäv</span><span>­</span><span>ande av skiljedomar på det stora hela är ändamålsenliga </span><span>anser regeringen att det finns </span><span>skäl att överväga hur klanderprocessen kan effektiviseras.</span>\r\n\t\t\t</p>\r\n\t\t\t<p class=\"NormalIndent\">\r\n\t\t\t\t<span>Att förkorta klanderfristen till två månader skulle enligt regeringen vara en lämplig avvägning mellan att ge parterna tillräckligt med tid för förberedelse av en klandertalan och att effektivisera klanderprocessen. Regeringen föreslår därför att tidsfristen för att </span><span>angripa en skiljedom genom klander förkortas från tre till två månader. Även fristen för att angripa ett avgörande om ersättning till skiljemännen </span><span>föreslås </span><span>förkortas till två månader.</span>\r\n\t\t\t</p>\r\n\t\t\t<p class=\"NormalIndent\">\r\n\t\t\t\t<span>Vidare anför regeringen att </span><span>en av de klandergrunder som oftast åberopas </span><span>är </span><span>u</span><span>ppdragsöverskridande</span><span>. </span><span>I dag ställs inte något krav på att </span><span>ett </span><span>uppdrags</span><span>­</span><span>överskridande ska ha påverkat </span><span>utgången. Regeringen anser att det bör införas ett krav på att uppdragsöverskridandet sannolikt ska ha inverkat på utgången, för att en skiljedom ska upphävas på den grunden.</span>\r\n\t\t\t</p>\r\n\t\t\t<p class=\"NormalIndent\">\r\n\t\t\t\t<span>Regeringen föreslår även </span><span>att det </span><span>bör </span><span>inför</span><span>a</span><span>s ett krav på prövningstillstånd för att Högsta domstolen ska pröva ett överklagande av hovrättens avgörande. Syftet med förslaget är att Högsta domstolen lättare ska kunna begränsa sin prövning till vissa prejudikatfrågor. Krav på prövningstillstånd gäller </span><span>dock </span><span>inte </span><span>när</span><span> överklagande</span><span>t gäller</span><span> hovrättens beslut att avvisa ett överklagande.</span>\r\n\t\t\t</p>\r\n\t\t\t<p class=\"R4\">\r\n\t\t\t\t<span>Engelska i klandermål</span>\r\n\t\t\t</p>\r\n\t\t\t<p>\r\n\t\t\t\t<span>När det gäller språket</span><span> </span><span>redovisas i propositionen att s</span><span>kiljeförfaranden inte sällan </span><span>handläggs</span><span> </span><span>på engelska</span><span>, och i</span><span> nära hälften av målen under senare år har det klandrade skiljeförfarandet handlagts på engelska</span><span>. Att inte i viss utsträckning ha</span><span> </span><span>möjlighet att fortsätta att processa på skiljeförfarandets språk kan </span><span>enligt regeringen </span><span>innebära</span><span> </span><span>både merkostnader och förlust av tid. </span><span>Regeringen </span><span>redovisar</span><span> </span><span>dock </span><span>att det redan i dag </span><span>förekommer att vissa handlingar </span><span>lämnas</span><span> in på engelska i</span><span> </span><span>klandermål. Skriftlig bevisning på engelska som åberopats i skiljeförfarandet</span><span> </span><span>lämnas</span><span> i allmänhet in i sitt originalskick utan översättning. Det kan</span><span> </span><span>också förekomma att ett vittne hörs direkt på engelska utan tolkning om</span><span> </span><span>alla i målet är överens om det och inga åhörare finns i salen.</span>\r\n\t\t\t</p>\r\n\t\t\t<p class=\"NormalIndent\">\r\n\t\t\t\t<span>Att </span><span>underlätta för parterna i klanderprocessen att använda engelska</span><span> bedöms </span><span>innebära fördelar för parterna både</span><span> </span><span>tids- och kostnadsmässigt. </span><span>E</span><span>n sådan reform </span><span>skulle enligt regeringen </span><span>också kunna bidra till</span><span> </span><span>att öka Sveriges konkurrenskraft som skiljedomsland.</span><span> </span><span>R</span><span>egeringen </span><span>anser </span><span>därför</span><span> </span><span>att det bör införas en möjlighet att ta upp muntlig bevisning på engelska utan tolkning till svenska. </span><span>R</span><span>egering</span><span>­</span><span>ens </span><span>förslag </span><span>innebär att </span><span>h</span><span>ovrätten</span><span>,</span><span> i mål om skiljemännens behörighet, ogiltig</span><span>­</span><span>het, klander och ändring av skiljedom</span><span>,</span><span> </span><span>får </span><span>besluta att ta upp muntlig bevisning på engelska utan tolkning till svenska</span><span> om en part begär det</span><span>.</span><span> Bestämmelsen </span><span>föreslås även gälla</span><span> för rättegången i Högst</span><span>a</span><span> domstolen. </span>\r\n\t\t\t</p>\r\n\t\t\t<p class=\"NormalIndent\">\r\n\t\t\t\t<span>Vad gäller skriftliga handlingar finns redan enligt gällande rätt en möjlighet att tillåta att dessa </span><span>lämnas</span><span> in på engelska, utan att de översätts till svenska. Detta gäller såväl skriftväxlingen som skriftlig bevisning. </span><span>Regeringen föreslår därför ingen lagändring i den delen.</span>\r\n\t\t\t</p>\r\n\t\t\t<p class=\"NormalIndent\">\r\n\t\t\t\t<span>Regeringen är däremot inte beredd att föreslå en möjlighet att använda engelska mer generellt i skriftväxlingen eller vid muntliga förhandlingar. Att </span><span>gå </span><span>över</span><span> </span><span>till en ordning där domstolen håller en förhandling på engelska skulle kräva insatser när det gäller bl.a. kompetensförsörjning och utbildning som inte står i proportion till antalet ärenden där </span><span>det skulle bli aktuellt med </span><span>engelska som rättegångsspråk. En sådan ordning skulle också enligt regeringen vara svår att förena med kravet på offentlighet.</span>\r\n\t\t\t</p>\r\n\t\t\t<p class=\"R4\">\r\n\t\t\t\t<span>Skiljedomskostnaderna</span>\r\n\t\t\t</p>\r\n\t\t\t<p>\r\n\t\t\t\t<span>I</span><span> </span><span>propositionen </span><span>redovisas </span><span>att en talan om ersättning till skiljemännen eller någon av dem handläggs som ett tvistemål i tingsrätten. </span><span>R</span><span>egeringen </span><span>anser dock att </span><span>de</span><span> få ärenden som gäller ersättning till skiljemännen </span><span>bör </span><span>kunna hanteras enligt ett regelverk som medger en snabbare prövning än vad tvistemålsregler</span><span>­</span><span>na i tingsrätten ger utrymme för</span><span>.</span><span> </span><span>Regeringen föreslår </span><span>därför </span><span>att en sådan talan om ersättning i stället ska handläggas som ett domstolsärende enligt lagen (1996:242) om domstolsärenden. </span><span>En sådan ändring skulle enligt regeringen ge processekonomiska fördelar.</span>\r\n\t\t\t</p>\r\n\t\t\t<p class=\"R4\">\r\n\t\t\t\t<span>Ikraftträdande</span><span>- och övergångsbestämmelser</span>\r\n\t\t\t</p>\r\n\t\t\t<p>\r\n\t\t\t\t<span>Regeringen föreslår att de föreslagna lagändringarna ska träda i kraft den 1</span><span> </span><span>mars 2019. </span><span>Ä</span><span>ldre bestämmelser </span><span>ska </span><span>fortfarande gälla om skiljeförfarandet har inletts före ikraftträdandet.</span>\r\n\t\t\t</p>\r\n\t\t\t<p class=\"NormalIndent\">\r\n\t\t\t\t<span>De nya rättegångsbestämmelserna om tillämplig processordning för</span><span> </span><span>beslut om ersättning till skiljemännen och om upptagning av muntlig bevisning på engelska </span><span>föreslås</span><span> </span><span>dock</span><span> gälla för mål och ärenden som har inletts efter ikraft</span><span>­</span><span>trädandet även om skiljeförfarandet inleddes före ikraftträdandet.</span><span> </span><span>På liknande sätt föreslår regeringen att d</span><span>et nya kravet på prövningstillstånd i Högsta dom</span><span>­</span><span>stolen </span><span>ska </span><span>gälla för överklaganden av avgöranden från hovrätten som meddelas efter ikraftträdandet, även om skiljeförfarandet och målet i hovrätten inleddes före ikraftträdandet.</span>\r\n\t\t\t</p>\r\n\t\t\t<p class=\"R3\" style=\"margin-bottom:0pt\">\r\n\t\t\t\t<span>Utskottets ställningstagande</span>\r\n\t\t\t</p>\r\n\t\t\t<p>\r\n\t\t\t\t<span>Propositionen har inte lett till några motionsyrkanden eller andra invändningar under utskottsbehandlingen. Utskottet anser att regeringens lagförslag är ända</span><span>­</span><span>målsenligt utformade och att de bör antas.</span><span> </span>\r\n\t\t\t</p>\r\n\t\t\t<p>\r\n\t\t\t\t<span> </span>\r\n\t\t\t</p>\r\n\t\t\t<p style=\"margin-top:0pt; margin-bottom:10pt; text-align:left; line-height:115%; font-size:9.5pt\">\r\n\t\t\t\t<br style=\"page-break-before:always; clear:both\" />\r\n\t\t\t</p>\r\n\t\t\t<p class=\"Avsnittsrubrik\">\r\n\t\t\t\t<a name=\"_Toc530046701\"><span class=\"tSidrubrikJA\">Särskilda yttranden</span></a>\r\n\t\t\t</p>\r\n\t\t\t<p class=\"Mellanrum\">\r\n\t\t\t\t<span> </span>\r\n\t\t\t</p>\r\n\t\t\t<table cellspacing=\"0\" cellpadding=\"0\" style=\"border-collapse:collapse; margin-left:0pt; width:294.2pt\">\r\n\t\t\t\t<tr>\r\n\t\t\t\t\t<td style=\"vertical-align:top; width:22pt\">\r\n\t\t\t\t\t\t<p class=\"NormalNoll\" style=\"margin-top:0pt; margin-bottom:3.1pt; text-align:left; page-break-inside:avoid; page-break-after:avoid; line-height:12.5pt\">\r\n\t\t\t\t\t\t\t<span style=\"font-family:'Verdana'; font-size:10.5pt; font-weight:bold\">1.</span>\r\n\t\t\t\t\t\t</p>\r\n\t\t\t\t\t</td>\r\n\t\t\t\t\t<td style=\"vertical-align:top; width:272.2pt\">\r\n\t\t\t\t\t\t<p class=\"Srskiltyttranderubrik\" style=\"margin-top:0pt; margin-bottom:3.1pt; text-align:left; page-break-inside:avoid; page-break-after:avoid; line-height:12.5pt\">\r\n\t\t\t\t\t\t\t<a name=\"_Toc530046702\"><span style=\"font-family:'Verdana'; font-size:10.5pt; font-weight:bold\">En modernisering av lagen om skiljeförfarande (M, C, KD, L)</span></a>\r\n\t\t\t\t\t\t</p>\r\n\t\t\t\t\t</td>\r\n\t\t\t\t</tr>\r\n\t\t\t\t<tr>\r\n\t\t\t\t\t<td style=\"vertical-align:top; width:22pt\">\r\n\t\t\t\t\t\t<p style=\"margin-top:3.1pt; margin-bottom:0pt; text-align:justify; page-break-inside:avoid; page-break-after:avoid; line-height:12.5pt\">\r\n\t\t\t\t\t\t\t<span style=\"font-family:'Verdana'; font-size:9.5pt\"> </span>\r\n\t\t\t\t\t\t</p>\r\n\t\t\t\t\t</td>\r\n\t\t\t\t\t<td style=\"vertical-align:top; width:272.2pt\">\r\n\t\t\t\t\t\t<p style=\"margin-top:3.1pt; margin-bottom:0pt; text-align:justify; page-break-inside:avoid; page-break-after:avoid; line-height:12.5pt\">\r\n\t\t\t\t\t\t\t<span style=\"font-family:'Verdana'; font-size:9.5pt\">Tomas Tobé (M), Carl-Oskar Bohlin (M), Johan Hedin (C), Kristina Axén Olin (M), Ingemar Kihlström (KD), Juno Blom (L) och Magnus Oscarsson (KD) anför:</span>\r\n\t\t\t\t\t\t</p>\r\n\t\t\t\t\t</td>\r\n\t\t\t\t</tr>\r\n\t\t\t</table>\r\n\t\t\t<p class=\"Mellanrum\" style=\"-aw-sdt-tag:'29af9dc5-b3d8-48c8-afbd-dc33e14255cf/särskilda yttranden/-1682601041/1542277761845'; -aw-sdt-title:'särskilda yttranden'\">\r\n\t\t\t\t<span> </span>\r\n\t\t\t</p>\r\n\t\t\t<p>\r\n\t\t\t\t<span>Vi ställer oss bakom propositionen, men vill </span><span>här</span><span> ändå </span><span>understryka </span><span>att </span><span>det på sikt kan finnas anledning att överväga om engelska kan användas i större utsträckning i klanderprocessen för att underlätta för parterna att fortsätta processa på skiljeförfarandets språk.</span><span> </span><span>Vi anser att det skulle innebära fördelar för parterna både tids- och kostnadsmässigt om man underlättar för parterna att även i klanderprocessen använda engelska. En sådan reform skulle också kunna bidra till att öka Sveriges konkurrenskraft som skiljedomsland.</span>\r\n\t\t\t</p>\r\n\t\t\t<p>\r\n\t\t\t\t<span> </span>\r\n\t\t\t</p>\r\n\t\t\t<p class=\"Mellanrum\">\r\n\t\t\t\t<span> </span>\r\n\t\t\t</p>\r\n\t\t\t<table cellspacing=\"0\" cellpadding=\"0\" style=\"border-collapse:collapse; margin-left:0pt; width:294.2pt\">\r\n\t\t\t\t<tr>\r\n\t\t\t\t\t<td style=\"vertical-align:top; width:22pt\">\r\n\t\t\t\t\t\t<p class=\"NormalNoll\" style=\"margin-top:0pt; margin-bottom:3.1pt; text-align:left; page-break-inside:avoid; page-break-after:avoid; line-height:12.5pt\">\r\n\t\t\t\t\t\t\t<span style=\"font-family:'Verdana'; font-size:10.5pt; font-weight:bold\">2.</span>\r\n\t\t\t\t\t\t</p>\r\n\t\t\t\t\t</td>\r\n\t\t\t\t\t<td style=\"vertical-align:top; width:272.2pt\">\r\n\t\t\t\t\t\t<p class=\"Srskiltyttranderubrik\" style=\"margin-top:0pt; margin-bottom:3.1pt; text-align:left; page-break-inside:avoid; page-break-after:avoid; line-height:12.5pt\">\r\n\t\t\t\t\t\t\t<a name=\"_Toc530046703\"><span style=\"font-family:'Verdana'; font-size:10.5pt; font-weight:bold\">En modernisering av lagen om skiljeförfarande (V)</span></a>\r\n\t\t\t\t\t\t</p>\r\n\t\t\t\t\t</td>\r\n\t\t\t\t</tr>\r\n\t\t\t\t<tr>\r\n\t\t\t\t\t<td style=\"vertical-align:top; width:22pt\">\r\n\t\t\t\t\t\t<p style=\"margin-top:3.1pt; margin-bottom:0pt; text-align:justify; page-break-inside:avoid; page-break-after:avoid; line-height:12.5pt\">\r\n\t\t\t\t\t\t\t<span style=\"font-family:'Verdana'; font-size:9.5pt\"> </span>\r\n\t\t\t\t\t\t</p>\r\n\t\t\t\t\t</td>\r\n\t\t\t\t\t<td style=\"vertical-align:top; width:272.2pt\">\r\n\t\t\t\t\t\t<p style=\"margin-top:3.1pt; margin-bottom:0pt; text-align:justify; page-break-inside:avoid; page-break-after:avoid; line-height:12.5pt\">\r\n\t\t\t\t\t\t\t<span style=\"font-family:'Verdana'; font-size:9.5pt\">Linda Westerlund Snecker (V) anför:</span>\r\n\t\t\t\t\t\t</p>\r\n\t\t\t\t\t</td>\r\n\t\t\t\t</tr>\r\n\t\t\t</table>\r\n\t\t\t<p class=\"Mellanrum\" style=\"-aw-sdt-tag:'c69db835-ecb1-4f7b-94c7-d7f3e1ec8e25/särskilda yttranden/1735756862/1542277761852'; -aw-sdt-title:'särskilda yttranden'\">\r\n\t\t\t\t<span> </span>\r\n\t\t\t</p>\r\n\t\t\t<p>\r\n\t\t\t\t<span>Jag ställer mig bakom propositionen, men vill i detta sammanhang ändå fram</span><span>­</span><span>hålla att det enligt min mening finns skäl att vara kritisk till vissa delar av skiljeförfarandet i sig. </span>\r\n\t\t\t</p>\r\n\t\t\t<p class=\"NormalIndent\">\r\n\t\t\t\t<span>Min främsta kritik gentemot skiljeförfarandet är att det inte är tillräckligt transparent. Jag har inget emot att företag avgör tvister i en skiljedomstol som båda uppfattar som opartiska. Det jag är kritisk mot är att skiljeförfarandet även används i tvister mellan företag och stater, t.ex. i handels- och investeringsavtal. Jag anser inte att företag ska kunna stämma stater i förfaran</span><span>­</span><span>den utanför det ordinarie rättssystemet. Även om det mest verkningsfulla skulle vara att införa ett förbud i Sverige mot skiljeförfaranden mellan stater och företag är jag tyvärr medveten om att det inte är genomförbart. Jag anser dock inte att den här typen av avtalskonstruktioner ska användas och är fram</span><span>­</span><span>för allt kritisk till att Sverige, och andra stater, ingår dessa avtal.</span>\r\n\t\t\t</p>\r\n\t\t\t<p class=\"Bilaga\">\r\n\t\t\t\t<span class=\"tBilagaJA\">Bilaga 1</span>\r\n\t\t\t</p>\r\n\t\t\t<p class=\"Bilagerubrik\">\r\n\t\t\t\t<a name=\"_Toc530046704\"><span class=\"tSidrubrikJA\">Förteckning över behandlade förslag</span></a>\r\n\t\t\t</p>\r\n\t\t\t<p class=\"Rubrik2bilaga\" style=\"-aw-sdt-tag:'dokumentavsnitt/förteckning över behandlade förslag/-1209353551/1538478691581'; -aw-sdt-title:'förteckning över behandlade förslag'\">\r\n\t\t\t\t<a name=\"_Toc530046705\"><span>Propositionen</span></a><span> </span>\r\n\t\t\t</p>\r\n\t\t\t<h4 style=\"-aw-sdt-tag:'dokumentavsnitt/förteckning över behandlade förslag/-1209353551/1538478691581'; -aw-sdt-title:'förteckning över behandlade förslag'\">\r\n\t\t\t\t<span>Proposition 2017/18:257 En modernisering av lagen om skiljeförfarande:</span>\r\n\t\t\t</h4>\r\n\t\t\t<p class=\"Yrkandelista\" style=\"margin-bottom:0pt; -aw-sdt-tag:'dokumentavsnitt/förteckning över behandlade förslag/-1209353551/1538478691581'; -aw-sdt-title:'förteckning över behandlade förslag'\">\r\n\t\t\t\t<span>1.</span><span style=\"width:21.22pt; text-indent:0pt; display:inline-block\"></span><span>Riksdagen antar regeringens förslag till lag om ändring i lagen (1999:116) om skiljeförfarande.</span>\r\n\t\t\t</p>\r\n\t\t\t<p class=\"Yrkandelista\" style=\"margin-top:0pt; -aw-sdt-tag:'dokumentavsnitt/förteckning över behandlade förslag/-1209353551/1538478691581'; -aw-sdt-title:'förteckning över behandlade förslag'\">\r\n\t\t\t\t<span>2.</span><span style=\"width:21.22pt; text-indent:0pt; display:inline-block\"></span><span>Riksdagen antar regeringens förslag till lag om ändring i utsökningsbalken.</span>\r\n\t\t\t</p>\r\n\t\t\t<p class=\"Mellanrum\">\r\n\t\t\t\t<span> </span>\r\n\t\t\t</p>\r\n\t\t\t<p class=\"Mellanrum\" style=\"-aw-sdt-tag:'dokumentavsnitt/förteckning över behandlade förslag/-1209353551/1538478691581'; -aw-sdt-title:'förteckning över behandlade förslag'\">\r\n\t\t\t\t<span> </span>\r\n\t\t\t</p>\r\n\t\t\t<p>\r\n\t\t\t\t<span> </span>\r\n\t\t\t</p>\r\n\t\t\t<p class=\"Bilaga\">\r\n\t\t\t\t<span class=\"tBilagaJA\">Bilaga 2</span>\r\n\t\t\t</p>\r\n\t\t\t<p class=\"Bilagerubrik\" style=\"margin-bottom:12pt\">\r\n\t\t\t\t<a name=\"_Toc530046706\"><span class=\"tSidrubrikJA\">Regeringens lagförslag</span></a>\r\n\t\t\t</p>\r\n\t\t\t<p>\r\n\t\t\t\t<img src=\"http://data.riksdagen.se/fil/h601juu6/Dokument.001.png\" width=\"394\" height=\"683\" alt=\"\" style=\"-aw-left-pos:0pt; -aw-rel-hpos:column; -aw-rel-vpos:paragraph; -aw-top-pos:0pt; -aw-wrap-type:inline\" />\r\n\t\t\t</p>\r\n\t\t\t<p>\r\n\t\t\t\t<img src=\"http://data.riksdagen.se/fil/h601juu6/Dokument.002.png\" width=\"394\" height=\"755\" alt=\"\" style=\"-aw-left-pos:0pt; -aw-rel-hpos:column; -aw-rel-vpos:paragraph; -aw-top-pos:0pt; -aw-wrap-type:inline\" />\r\n\t\t\t</p>\r\n\t\t\t<p>\r\n\t\t\t\t<img src=\"http://data.riksdagen.se/fil/h601juu6/Dokument.003.png\" width=\"394\" height=\"727\" alt=\"\" style=\"-aw-left-pos:0pt; -aw-rel-hpos:column; -aw-rel-vpos:paragraph; -aw-top-pos:0pt; -aw-wrap-type:inline\" />\r\n\t\t\t</p>\r\n\t\t\t<p>\r\n\t\t\t\t<img src=\"http://data.riksdagen.se/fil/h601juu6/Dokument.004.png\" width=\"394\" height=\"751\" alt=\"\" style=\"-aw-left-pos:0pt; -aw-rel-hpos:column; -aw-rel-vpos:paragraph; -aw-top-pos:0pt; -aw-wrap-type:inline\" />\r\n\t\t\t</p>\r\n\t\t\t<p>\r\n\t\t\t\t<img src=\"http://data.riksdagen.se/fil/h601juu6/Dokument.005.png\" width=\"389\" height=\"756\" alt=\"\" style=\"-aw-left-pos:0pt; -aw-rel-hpos:column; -aw-rel-vpos:paragraph; -aw-top-pos:0pt; -aw-wrap-type:inline\" />\r\n\t\t\t</p>\r\n\t\t\t<p>\r\n\t\t\t\t<img src=\"http://data.riksdagen.se/fil/h601juu6/Dokument.006.png\" width=\"392\" height=\"756\" alt=\"\" style=\"-aw-left-pos:0pt; -aw-rel-hpos:column; -aw-rel-vpos:paragraph; -aw-top-pos:0pt; -aw-wrap-type:inline\" />\r\n\t\t\t</p>\r\n\t\t\t<p>\r\n\t\t\t\t<img src=\"http://data.riksdagen.se/fil/h601juu6/Dokument.007.png\" width=\"387\" height=\"756\" alt=\"\" style=\"-aw-left-pos:0pt; -aw-rel-hpos:column; -aw-rel-vpos:paragraph; -aw-top-pos:0pt; -aw-wrap-type:inline\" />\r\n\t\t\t</p>\r\n\t\t\t<p>\r\n\t\t\t\t<img src=\"http://data.riksdagen.se/fil/h601juu6/Dokument.008.png\" width=\"394\" height=\"749\" alt=\"\" style=\"-aw-left-pos:0pt; -aw-rel-hpos:column; -aw-rel-vpos:paragraph; -aw-top-pos:0pt; -aw-wrap-type:inline\" />\r\n\t\t\t</p>\r\n\t\t\t<p>\r\n\t\t\t\t<img src=\"http://data.riksdagen.se/fil/h601juu6/Dokument.009.png\" width=\"390\" height=\"756\" alt=\"\" style=\"-aw-left-pos:0pt; -aw-rel-hpos:column; -aw-rel-vpos:paragraph; -aw-top-pos:0pt; -aw-wrap-type:inline\" />\r\n\t\t\t</p>\r\n\t\t\t<p>\r\n\t\t\t\t<img src=\"http://data.riksdagen.se/fil/h601juu6/Dokument.010.png\" width=\"394\" height=\"748\" alt=\"\" style=\"-aw-left-pos:0pt; -aw-rel-hpos:column; -aw-rel-vpos:paragraph; -aw-top-pos:0pt; -aw-wrap-type:inline\" />\r\n\t\t\t</p>\r\n\t\t\t<p>\r\n\t\t\t\t<img src=\"http://data.riksdagen.se/fil/h601juu6/Dokument.011.png\" width=\"393\" height=\"756\" alt=\"\" style=\"-aw-left-pos:0pt; -aw-rel-hpos:column; -aw-rel-vpos:paragraph; -aw-top-pos:0pt; -aw-wrap-type:inline\" />\r\n\t\t\t</p>\r\n\t\t\t<p>\r\n\t\t\t\t<img src=\"http://data.riksdagen.se/fil/h601juu6/Dokument.012.png\" width=\"387\" height=\"756\" alt=\"\" style=\"-aw-left-pos:0pt; -aw-rel-hpos:column; -aw-rel-vpos:paragraph; -aw-top-pos:0pt; -aw-wrap-type:inline\" />\r\n\t\t\t</p>\r\n\t\t</div>\r\n\t"},"dokutskottsforslag":{"utskottsforslag":{"punkt":"1","rubrik":"En modernisering av lagen om skiljeförfarande","forslag":"Riksdagen antar regeringens förslag till<br>1. lag om ändring i lagen (1999:116) om skiljeförfarande,<br>2. lag om ändring i utsökningsbalken.<BR/>Därmed bifaller riksdagen proposition 2017/18:257 punkterna 1 och 2.<BR/><BR/>","beslutstyp":"acklamation","motforslag_nummer":"0","motforslag_partier":null,"votering_id":null,"votering_sammanfattning_html":null,"votering_url_xml":null,"rm":"2018/19","bet":"JuU6","vinnare":"utskottet"}},"dokaktivitet":{"aktivitet":[{"kod":"UBE","namn":"Beredning","datum":"2018-10-25 00:00:00","status":"inträffat","ordning":"0","process":null},{"kod":"JUS","namn":"Justering","datum":"2018-11-15 00:00:00","status":"inträffat","ordning":"0","process":null},{"kod":"TRY","namn":"Trycklov","datum":"2018-11-15 00:00:00","status":"inträffat","ordning":"0","process":null},{"kod":"B","namn":"Bordläggning","datum":"2018-11-20 00:00:00","status":"inträffat","ordning":"0","process":null},{"kod":"BEH","namn":"Behandling","datum":"2018-11-21 00:00:00","status":"inträffat","ordning":"0","process":null},{"kod":"BES","namn":"Beslut","datum":"2018-11-21 00:00:00","status":"inträffat","ordning":"0","process":null}]},"dokuppgift":{"uppgift":[{"kod":"notis","namn":"Beslut i korthet","text":"                           <p>Regeringen föreslår ändringar i lagen om skiljeförfarande. Skiljeförfarande är en form av privat rättskipning för tvister där parterna kan förlikas, alltså komma överens med varandra, och syftar till att snabbt avgöra tvister utan insyn utifrån.</p>\r\n<p>Syftet med ändringarna är att modernisera lagen så att skiljeförfarande även fortsättningsvis ska vara en effektiv och rättssäker form av tvistlösning. Moderniseringen syftar även till att lagen ska vara lättillgänglig, även för utländska tillämpare, och till att attrahera internationella skiljeförfaranden till Sverige.</p>\r\n<p>Riksdagen sa&nbsp;ja till regeringens förslag. Lagändringarna&nbsp;börjar gälla den 1 mars 2019.</p>\r\n                                            ","dok_id":"H601JuU6","systemdatum":"2018-11-21 16:39:40"},{"kod":"notisrubrik","namn":"Beslut","text":"Lagen om skiljeförfarande moderniseras (JuU6)","dok_id":"H601JuU6","systemdatum":"2018-11-21 16:39:40"},{"kod":"utsknotis","namn":"Utskottets förslag till beslut","text":"                           <p>Regeringen föreslår ändringar i lagen om skiljeförfarande. Skiljeförfarande är en form av privat rättskipning för&nbsp;tvister där parterna kan förlikas, alltså komma överens med varandra, och syftar till att snabbt avgöra tvister utan insyn utifrån.</p>\r\n<p>Syftet med ändringarna är att modernisera lagen så att skiljeförfarande även fortsättningsvis ska vara en effektiv och rättssäker form av tvistlösning. Moderniseringen syftar även till att lagen ska vara lättillgänglig, även för utländska tillämpare, och till att attrahera internationella skiljeförfaranden till Sverige.</p>\r\n<p>Justitieutskottet föreslår att riksdagen säger ja till regeringens förslag. Lagändringarna föreslås börja gälla den 1 mars 2019.</p>\r\n                                            ","dok_id":"H601JuU6","systemdatum":"2018-11-21 16:39:40"},{"kod":"utsknotisrubrik","namn":"Utskottets förslag","text":"Lagen om skiljeförfarande moderniseras (JuU6)","dok_id":"H601JuU6","systemdatum":"2018-11-21 16:39:40"},{"kod":"rdbeslut","namn":"Riksdagens beslut","text":"Kammaren biföll utskottets förslag.","dok_id":"H601JuU6","systemdatum":"2018-11-21 16:58:35"},{"kod":"beslutssammanfattningusk","namn":"Utskottets förslag till beslut","text":"Bifall till propositionen.","dok_id":"H601JuU6","systemdatum":"2018-11-16 08:18:22"},{"kod":"debattdatumtid","namn":"Datum och tid för debatten","text":"2018-11-21 00:00:00","dok_id":"H601JuU6","systemdatum":"2018-11-21 16:39:40"},{"kod":"beslutdatumtid","namn":"Datum och tid för beslutet","text":"2018-11-21 00:00:00","dok_id":"H601JuU6","systemdatum":"2018-11-21 16:39:40"},{"kod":"statustext","namn":"statustext","text":"Ärendet är avslutat","dok_id":"H601JuU6","systemdatum":"2018-11-22 13:31:36"}]},"dokbilaga":{"bilaga":{"dok_id":"H601JuU6","titel":"En modernisering av lagen om skiljeförfarande","subtitel":null,"filnamn":"2018_19_JuU6_20181116081742_Publicering.pdf","filstorlek":"2446001","filtyp":"pdf","fil_url":"http://data.riksdagen.se/fil/E9E1BE25-94AD-4196-AE6F-F6A4D5395646"}},"dokreferens":{"referens":[{"referenstyp":"behandlar","uppgift":"Proposition 2017/18:257 En modernisering av lagen om skiljeförfarande","ref_dok_id":"H503257","ref_dok_typ":"prop","ref_dok_rm":"2017/18","ref_dok_bet":"257","ref_dok_titel":"En modernisering av lagen om skiljeförfarande","ref_dok_subtitel":null,"ref_dok_subtyp":"prop","ref_dok_dokumentnamn":"Proposition"},{"referenstyp":"föredragningslista","uppgift":"föredragningslista 2018/19:19 Onsdag den 21 november 2018","ref_dok_id":"H60I19","ref_dok_typ":"f-lista","ref_dok_rm":"2018/19","ref_dok_bet":"19","ref_dok_titel":"Onsdag den 21 november 2018","ref_dok_subtitel":null,"ref_dok_subtyp":null,"ref_dok_dokumentnamn":"Föredragningslista"},{"referenstyp":"protokollbeslut","uppgift":"2018-11-21","ref_dok_id":"H60919","ref_dok_typ":"prot","ref_dok_rm":"2018/19","ref_dok_bet":"19","ref_dok_titel":"Protokoll 2018/19:19 Onsdagen den 21 november","ref_dok_subtitel":null,"ref_dok_subtyp":null,"ref_dok_dokumentnamn":"Protokoll"},{"referenstyp":"rskr","uppgift":null,"ref_dok_id":"H60K41","ref_dok_typ":"rskr","ref_dok_rm":"2018/19","ref_dok_bet":"41","ref_dok_titel":"Riksdagsskrivelse 2018/19:41","ref_dok_subtitel":null,"ref_dok_subtyp":"rskr","ref_dok_dokumentnamn":"Riksdagsskrivelse"}]},"debatt":null}}