{"dokumentstatus":{"dokument":{"hangar_id":"5003615","dok_id":"H601FiU13","rm":"2018/19","beteckning":"FiU13","typ":"bet","subtyp":"bet","doktyp":"bet","typrubrik":"Betänkande 2018/19:FiU13","dokumentnamn":"Betänkande","debattnamn":"Debatt om förslag","tempbeteckning":"","organ":"FiU","mottagare":"","nummer":"13","slutnummer":"0","datum":"2018-11-13 00:00:00","systemdatum":"2018-11-21 22:29:09","publicerad":"2018-09-24 13:53:52","titel":"Riksrevisionens rapport om regeringens styrning av affärsverken","subtitel":"","status":"Webbpublicering","htmlformat":"html","relaterat_id":"","source":"RIM","sourceid":"c6d4d31a-1763-41e3-93a6-2f4c96b7bc10","dokument_url_text":"http://data.riksdagen.se/dokument/H601FiU13/text","dokument_url_html":"http://data.riksdagen.se/dokument/H601FiU13","dokumentstatus_url_xml":"http://data.riksdagen.se/dokumentstatus/H601FiU13","utskottsforslag_url_xml":"http://data.riksdagen.se/utskottsforslag/H601FiU13","html":"<style><!--\r\n .w600px{width: 600px;font-family:Verdana, Geneva, sans-serif}\r\nh2.dtyp{font-size:1.5em !important;} \r\n/********************************************************************************************************/\r\n/* Styles for D:\\Logs\\DocumentConverter\\\\Output_1d51a1a3-4823-4d56-ab70-eab05bd439ca\\HTML\\Dokument.html */\r\n/* Generated by Aspose.Words for .NET 15.3.0.0                                                          */\r\n/********************************************************************************************************/\r\n\r\n@page Section1 { size:467.8pt 686.05pt; margin:45.35pt 102.05pt 73.7pt 70.85pt }\r\ndiv.Section1 { page:Section1 }\r\nzbody { text-align:justify; line-height:12.5pt; font-family:'Verdana'; font-size:9.5pt }\r\nzh1, h2, h3, h4, h5, h6, p { margin:3.1pt 0pt 0pt }\r\nzli, table { margin-top:3.1pt; margin-bottom:0pt }\r\nzh1 { margin-top:3.1pt; margin-bottom:12pt; text-align:left; page-break-after:avoid; line-height:12.5pt; font-family:'Verdana'; font-size:16pt; font-weight:normal }\r\nzh2 { margin-top:20pt; margin-bottom:6pt; text-align:left; page-break-inside:avoid; page-break-after:avoid; line-height:12.5pt; font-family:'Verdana'; font-size:13.5pt; font-weight:normal }\r\nzh3 { margin-top:20pt; margin-bottom:3.1pt; text-align:left; page-break-inside:avoid; page-break-after:avoid; line-height:12.5pt; font-family:'Verdana'; font-size:10.5pt; font-weight:bold }\r\nzh4 { margin-top:15pt; margin-bottom:3.1pt; text-align:left; page-break-inside:avoid; page-break-after:avoid; line-height:12.5pt; font-family:'Verdana'; font-size:10.5pt; font-weight:normal; font-style:italic; color:#000000 }\r\nzh5 { margin-top:6.25pt; margin-bottom:0pt; text-align:justify; page-break-inside:avoid; page-break-after:avoid; line-height:12.5pt; font-family:'Verdana'; font-size:9.5pt; font-weight:bold }\r\nzh6 { margin-top:6.25pt; margin-bottom:0pt; text-align:justify; page-break-inside:avoid; page-break-after:avoid; line-height:12.5pt; font-family:'Verdana'; font-size:9.5pt; font-weight:normal; font-style:italic; color:#000000 }\r\n.Heading7 { margin-top:2pt; margin-bottom:0pt; text-align:justify; page-break-inside:avoid; page-break-after:avoid; line-height:12.5pt; font-family:'Verdana'; font-size:9.5pt; font-weight:normal; font-style:italic; color:#243f60 }\r\n.Heading8 { margin-top:2pt; margin-bottom:0pt; text-align:justify; page-break-inside:avoid; page-break-after:avoid; line-height:12.5pt; font-family:'Verdana'; font-size:9pt; font-weight:normal; color:#272727 }\r\n.Heading9 { margin-top:2pt; margin-bottom:0pt; text-align:justify; page-break-inside:avoid; page-break-after:avoid; line-height:12.5pt; font-family:'Verdana'; font-size:9pt; font-weight:normal; font-style:italic; color:#272727 }\r\n.Avsnittsrubrik { margin-top:0pt; margin-bottom:27.7pt; text-align:left; page-break-before:always; page-break-after:avoid; line-height:normal; font-family:'Verdana'; font-size:16pt }\r\n.Avvikandemeningrubrik { margin-top:0pt; margin-bottom:3.1pt; text-align:left; page-break-inside:avoid; page-break-after:avoid; line-height:12.5pt; font-family:'Verdana'; font-size:10.5pt; font-weight:bold }\r\n.BalloonText { margin-top:3.1pt; margin-bottom:0pt; text-align:justify; line-height:normal; font-family:Tahoma; font-size:8pt }\r\n.Bilaga { margin-top:0pt; margin-bottom:0pt; text-align:left; page-break-before:always; page-break-after:avoid; line-height:normal; widows:0; orphans:0; font-family:'Verdana'; font-size:8pt; font-variant:small-caps; text-decoration:underline }\r\n.Bilagerubrik { margin-top:0pt; margin-bottom:17.7pt; text-align:left; page-break-after:auto; line-height:normal; widows:0; orphans:0; font-family:'Verdana'; font-size:16pt }\r\n.Bild-Rubrik { margin-top:8pt; margin-bottom:0pt; text-align:justify; page-break-inside:avoid; page-break-after:avoid; line-height:10pt; font-family:'Verdana'; font-size:9.5pt; font-weight:bold }\r\n.Bild-Underrubrik { margin-top:0pt; margin-bottom:1pt; text-align:left; page-break-inside:avoid; page-break-after:avoid; line-height:8pt; font-family:'Verdana'; font-size:8pt; font-weight:normal; font-style:italic }\r\n.BodyText { margin-top:3.1pt; margin-bottom:0pt; text-align:left; line-height:12.5pt; font-family:'Verdana'; font-size:9.5pt }\r\n.BodyTextIndent2 { margin-top:3.1pt; margin-left:14.15pt; margin-bottom:6pt; text-align:justify; line-height:200%; font-family:'Verdana'; font-size:9.5pt }\r\n.Citatindrag { margin-top:0pt; margin-left:14.2pt; margin-bottom:6.1pt; text-indent:14.2pt; text-align:justify; line-height:10pt; font-family:'Verdana'; font-size:9.5pt }\r\n.CommentText { margin-top:3.1pt; margin-bottom:0pt; text-align:justify; line-height:normal; font-family:'Verdana'; font-size:10pt }\r\n.Deltagare { margin-top:0pt; margin-bottom:0pt; text-align:justify; page-break-inside:avoid; page-break-after:avoid; line-height:9.5pt; font-family:'Verdana'; font-size:9.5pt }\r\n.Diagram-Rubrik { margin-top:8pt; margin-bottom:0pt; text-align:justify; page-break-inside:avoid; page-break-after:avoid; line-height:10pt; font-family:'Verdana'; font-size:9.5pt; font-weight:bold }\r\n.Diagram-Underrubrik { margin-top:0pt; margin-bottom:1pt; text-align:left; page-break-inside:avoid; page-break-after:avoid; line-height:8pt; font-family:'Verdana'; font-size:8pt; font-weight:normal; font-style:italic }\r\n.DokumentRubrik { margin-top:6pt; margin-bottom:24pt; text-align:left; line-height:normal; border-bottom-style:solid; border-bottom-width:0.75pt; border-bottom-color:#000000; padding-bottom:4pt; font-family:'Verdana'; font-size:18pt }\r\n.Dokumentbeteckning { margin-top:0pt; margin-bottom:0pt; text-align:left; page-break-inside:avoid; page-break-after:avoid; line-height:12.5pt; font-family:'Verdana'; font-size:16pt }\r\n.Footer { margin-top:3.1pt; margin-bottom:0pt; text-align:justify; line-height:normal; font-family:'Verdana'; font-size:9.5pt }\r\n.FootnoteText { margin-top:0pt; margin-bottom:0pt; text-align:justify; line-height:8pt; font-family:'Verdana'; font-size:8pt }\r\n.Fotnotstextindrag { margin-top:0pt; margin-left:5.65pt; margin-bottom:0pt; text-align:left; line-height:8pt; font-family:'Verdana'; font-size:8pt }\r\n.Frslagspunkt { margin-top:0pt; margin-bottom:0pt; text-align:left; page-break-inside:avoid; page-break-after:avoid; line-height:12.5pt; font-family:'Verdana'; font-size:9.5pt; font-weight:bold }\r\n.Frslagstext { margin-top:0pt; margin-bottom:0pt; text-align:justify; line-height:12.5pt; font-family:'Verdana'; font-size:9.5pt }\r\n.Frteckningsrubrik { margin-top:9.6pt; margin-bottom:3.1pt; text-align:left; page-break-inside:avoid; page-break-after:avoid; line-height:normal; font-family:'Verdana'; font-size:9.5pt; font-weight:normal; font-style:italic; color:#000000 }\r\n.Grupprubrik { margin-top:6pt; margin-bottom:0pt; text-align:left; page-break-inside:avoid; page-break-after:avoid; line-height:12.5pt; font-family:'Verdana'; font-size:9.5pt; font-style:italic }\r\n.Grupprubrikindrag { margin-top:6pt; margin-left:22.1pt; margin-bottom:0pt; text-align:left; page-break-inside:avoid; page-break-after:avoid; line-height:12.5pt; font-family:'Verdana'; font-size:9.5pt; font-style:italic }\r\n.Header { margin-top:0pt; margin-bottom:0pt; text-align:justify; line-height:normal; font-family:'Verdana'; font-size:7.5pt; font-variant:small-caps }\r\n.Innehllsfrteckning { margin-top:0pt; margin-bottom:17.7pt; text-align:left; page-break-before:always; page-break-after:auto; line-height:normal; font-family:'Verdana'; font-size:16pt }\r\n.Kantrubrik { margin-top:0pt; margin-bottom:0pt; text-align:justify; line-height:normal; font-family:'Verdana'; font-size:7.5pt }\r\n.ListBullet { margin-top:6.25pt; margin-left:17.85pt; margin-bottom:6.25pt; text-indent:-17.85pt; text-align:justify; line-height:12.5pt; font-family:'Verdana'; font-size:9.5pt }\r\n.ListParagraph { margin-top:3.1pt; margin-left:28.35pt; margin-bottom:0pt; text-align:justify; line-height:12.5pt; font-family:'Verdana'; font-size:9.5pt }\r\n.Litentext { margin-top:0pt; margin-bottom:0pt; text-align:justify; line-height:normal; font-family:'Verdana'; font-size:8pt }\r\n.Mellanrubrik { margin-top:11pt; margin-bottom:3.1pt; text-align:left; page-break-after:avoid; line-height:12.5pt; font-family:'Verdana'; font-size:9.5pt; font-style:italic }\r\n.Mellanrum { margin-top:0pt; margin-bottom:0pt; text-align:left; page-break-before:auto; page-break-after:auto; line-height:1pt; widows:0; orphans:0; font-family:'Verdana'; font-size:1pt; font-variant:small-caps; text-decoration:none; color:#ffffff }\r\n.NormalIndent { margin-top:0pt; margin-bottom:0pt; text-indent:11.35pt; text-align:justify; line-height:12.5pt; font-family:'Verdana'; font-size:9.5pt }\r\n.Normalinskjuten { margin-top:0pt; margin-left:22.1pt; margin-bottom:0pt; text-align:justify; line-height:12.5pt; font-family:'Verdana'; font-size:9.5pt }\r\n.Normalinskjutenindrag { margin-top:0pt; margin-left:22.1pt; margin-bottom:0pt; text-indent:11.35pt; text-align:justify; line-height:12.5pt; font-family:'Verdana'; font-size:9.5pt }\r\n.Normalinskjutenkursiv { margin-top:6pt; margin-bottom:0pt; line-height:normal; font-family:'Verdana'; font-size:10pt; font-style:italic }\r\n.Normalkursiv { margin-top:3.1pt; margin-bottom:0pt; text-align:left; line-height:12.5pt; font-family:'Verdana'; font-size:9.5pt; font-style:italic }\r\n.Normalruta { margin:3.1pt 5.65pt 0pt; text-align:justify; page-break-inside:avoid; page-break-after:avoid; line-height:12.5pt; border-top-style:solid; border-top-width:0.75pt; border-top-color:#000000; border-right-style:solid; border-right-width:0.75pt; border-right-color:#000000; border-left-style:solid; border-left-width:0.75pt; border-left-color:#000000; border-bottom-style:solid; border-bottom-width:0.75pt; border-bottom-color:#000000; padding-top:4pt; padding-right:4pt; padding-left:4pt; padding-bottom:4pt; font-family:'Verdana'; font-size:10.5pt }\r\n.Normalrutafet { margin:3.1pt 5.65pt 0pt; text-align:justify; page-break-inside:avoid; page-break-after:avoid; line-height:12.5pt; border-top-style:solid; border-top-width:0.75pt; border-top-color:#000000; border-right-style:solid; border-right-width:0.75pt; border-right-color:#000000; border-left-style:solid; border-left-width:0.75pt; border-left-color:#000000; border-bottom-style:solid; border-bottom-width:0.75pt; border-bottom-color:#000000; padding-top:4pt; padding-right:4pt; padding-left:4pt; padding-bottom:4pt; font-family:'Verdana'; font-size:10.5pt; font-weight:bold }\r\n.Normalrutaindrag { margin:0pt 5.65pt; text-indent:11.35pt; text-align:justify; page-break-inside:avoid; page-break-after:avoid; line-height:12.5pt; border-top-style:solid; border-top-width:0.75pt; border-top-color:#000000; border-right-style:solid; border-right-width:0.75pt; border-right-color:#000000; border-left-style:solid; border-left-width:0.75pt; border-left-color:#000000; border-bottom-style:solid; border-bottom-width:0.75pt; border-bottom-color:#000000; padding-top:4pt; padding-right:4pt; padding-left:4pt; padding-bottom:4pt; font-family:'Verdana'; font-size:10.5pt }\r\n.Normalutanluftfre { margin-top:0pt; margin-bottom:0pt; text-align:justify; line-height:12.5pt; font-family:'Verdana'; font-size:9.5pt }\r\n.NormalNoll { margin-top:0pt; margin-bottom:3.1pt; text-align:left; line-height:12.5pt; font-family:'Verdana'; font-size:10.5pt; font-weight:bold }\r\n.NumlistaTOC { margin:3.1pt 28.35pt 0pt 0pt; text-indent:0pt; text-align:left; line-height:normal; font-family:'Verdana'; font-size:9.5pt }\r\n.Ordfranden { margin-top:3.1pt; margin-bottom:22pt; text-align:left; page-break-inside:avoid; page-break-after:avoid; line-height:normal; font-family:'Verdana'; font-size:9.5pt; font-style:italic }\r\n.OrtochDatum { margin-top:18pt; margin-bottom:18pt; text-align:left; page-break-inside:avoid; page-break-after:avoid; line-height:normal; font-family:'Verdana'; font-size:9.5pt }\r\n.Punktlistabomb { margin-top:6.25pt; margin-left:14.2pt; margin-bottom:6.25pt; text-indent:-14.2pt; text-align:justify; line-height:12.5pt; font-family:'Verdana'; font-size:9.5pt }\r\n.Punktlistagemener { margin-top:6.25pt; margin-left:14.2pt; margin-bottom:6.25pt; text-indent:-14.2pt; text-align:justify; line-height:12.5pt; font-family:'Verdana'; font-size:9.5pt }\r\n.Punktlistalinje { margin-top:6.25pt; margin-left:14.2pt; margin-bottom:6.25pt; text-indent:-14.2pt; text-align:justify; line-height:12.5pt; font-family:'Verdana'; font-size:9.5pt }\r\n.Punktlistasiffra { margin-top:6.25pt; margin-left:14.2pt; margin-bottom:6.25pt; text-indent:-14.2pt; text-align:justify; line-height:12.5pt; font-family:'Verdana'; font-size:9.5pt }\r\n.PVgnar { margin-top:3.1pt; margin-bottom:26pt; text-align:left; page-break-inside:avoid; page-break-after:avoid; line-height:normal; font-family:'Verdana'; font-size:9.5pt }\r\n.Quote { margin-top:6.1pt; margin-left:14.2pt; margin-bottom:0pt; text-align:justify; line-height:10pt; font-family:'Verdana'; font-size:9.5pt }\r\n.R1 { margin-top:3.1pt; margin-bottom:12pt; text-align:left; page-break-after:avoid; line-height:12.5pt; font-family:'Verdana'; font-size:16pt }\r\n.R1bilaga { margin-top:3.1pt; margin-bottom:12pt; text-align:left; page-break-after:auto; line-height:12.5pt; font-family:'Verdana'; font-size:16pt }\r\n.R2 { margin-top:20pt; margin-bottom:6pt; text-align:left; page-break-inside:avoid; page-break-after:avoid; line-height:12.5pt; font-family:'Verdana'; font-size:13.5pt }\r\n.R3 { margin-top:20pt; margin-bottom:3.1pt; text-align:left; page-break-inside:avoid; page-break-after:avoid; line-height:12.5pt; font-family:'Verdana'; font-size:10.5pt; font-weight:bold }\r\n.R4 { margin-top:15pt; margin-bottom:3.1pt; text-align:left; page-break-inside:avoid; page-break-after:avoid; line-height:12.5pt; font-family:'Verdana'; font-size:10.5pt; font-weight:normal; font-style:italic; color:#000000 }\r\n.R5 { margin-top:6.25pt; margin-bottom:0pt; text-align:justify; page-break-inside:avoid; page-break-after:avoid; line-height:12.5pt; font-family:'Verdana'; font-size:9.5pt; font-weight:bold }\r\n.R6 { margin-top:6.25pt; margin-bottom:0pt; text-align:justify; page-break-inside:avoid; page-break-after:avoid; line-height:12.5pt; font-family:'Verdana'; font-size:9.5pt; font-weight:normal; font-style:italic; color:#000000 }\r\n.Reservationshnvisning { margin-top:0pt; margin-bottom:8pt; text-align:right; line-height:12.5pt; font-family:'Verdana'; font-size:9.5pt; font-style:italic }\r\n.Reservationsrubrik { margin-top:0pt; margin-bottom:3.1pt; text-align:left; page-break-inside:avoid; page-break-after:avoid; line-height:12.5pt; font-family:'Verdana'; font-size:10.5pt; font-weight:bold }\r\n.Rubrik1Dokumentinformation { margin-top:0pt; margin-bottom:0pt; text-align:left; page-break-inside:avoid; page-break-after:avoid; line-height:12.5pt; font-family:'Verdana'; font-size:16pt }\r\n.Rubrik1bilaga { margin-top:0pt; margin-bottom:27.7pt; text-align:left; page-break-after:auto; line-height:12.5pt; font-family:'Verdana'; font-size:16pt }\r\n.Rubrik1medsidhuvud { margin-top:3.1pt; margin-bottom:12pt; text-align:left; page-break-before:always; page-break-after:avoid; line-height:12.5pt; font-family:'Verdana'; font-size:16pt }\r\n.Rubrik1numrerat { margin-top:3.1pt; margin-left:0pt; margin-bottom:12pt; text-indent:0pt; text-align:left; page-break-after:avoid; line-height:12.5pt; font-family:'Verdana'; font-size:16pt }\r\n.Rubrik1numreratmedsidhuvud { margin-top:0pt; margin-left:0pt; margin-bottom:16pt; text-indent:0pt; text-align:left; page-break-before:always; page-break-after:avoid; line-height:normal; font-family:'Verdana'; font-size:16pt }\r\n.Rubrik2bilaga { margin-top:20pt; margin-bottom:6pt; text-align:left; page-break-inside:avoid; page-break-after:avoid; line-height:12.5pt; font-family:'Verdana'; font-size:13.5pt }\r\n.Rubrik2numrerat { margin-top:20pt; margin-left:0pt; margin-bottom:6pt; text-indent:0pt; text-align:left; page-break-inside:avoid; page-break-after:avoid; line-height:12.5pt; font-family:'Verdana'; font-size:13.5pt }\r\n.Rubrik3numrerat { margin-top:20pt; margin-left:0pt; margin-bottom:3.1pt; text-indent:0pt; text-align:left; page-break-inside:avoid; page-break-after:avoid; line-height:12.5pt; font-family:'Verdana'; font-size:10.5pt; font-weight:bold }\r\n.Sammanfattning { margin-top:3.1pt; margin-bottom:12pt; text-align:left; page-break-after:auto; line-height:12.5pt; font-family:'Verdana'; font-size:16pt }\r\n.Sidhuvudhgerstlld { margin-top:0pt; margin-bottom:0pt; text-align:right; line-height:normal; font-family:'Verdana'; font-size:7.5pt; font-variant:small-caps }\r\n.Sidhuvudvnsterstlld { margin-top:0pt; margin-bottom:0pt; text-align:left; line-height:normal; font-family:'Verdana'; font-size:7.5pt; font-variant:small-caps }\r\n.Stdrubrik { margin-top:12pt; margin-bottom:0pt; line-height:12pt; font-family:'Verdana'; font-size:9.5pt; font-weight:bold }\r\n.Srskiltyttranderubrik { margin-top:0pt; margin-bottom:3.1pt; text-align:left; page-break-inside:avoid; page-break-after:avoid; line-height:12.5pt; font-family:'Verdana'; font-size:10.5pt; font-weight:bold }\r\n.TOC1 { margin-top:0pt; margin-right:28.35pt; margin-bottom:0pt; text-align:left; line-height:normal; font-family:'Verdana'; font-size:9.5pt }\r\n.TOC2 { margin:0pt 28.35pt 0pt 5.65pt; text-align:left; line-height:normal; font-family:'Verdana'; font-size:9.5pt }\r\n.TOC3 { margin:0pt 28.35pt 0pt 11.35pt; text-align:left; line-height:normal; font-family:'Verdana'; font-size:9.5pt }\r\n.TOC4 { margin:0pt 28.35pt 0pt 17pt; text-align:left; line-height:normal; font-family:'Verdana'; font-size:9.5pt }\r\n.TOC5 { margin:0pt 28.35pt 0pt 22.7pt; text-align:left; line-height:normal; font-family:'Verdana'; font-size:9.5pt }\r\n.TOC6 { margin-top:0pt; margin-left:47.65pt; margin-bottom:0pt; text-align:left; line-height:normal; font-family:'Verdana'; font-size:9.5pt }\r\n.TOC7 { margin-top:0pt; margin-right:28.35pt; margin-bottom:0pt; text-align:left; line-height:normal; font-family:'Verdana'; font-size:9.5pt }\r\n.TOC8 { margin-top:0pt; margin-right:28.35pt; margin-bottom:0pt; text-align:left; line-height:normal; font-family:'Verdana'; font-size:9.5pt }\r\n.TOC9 { margin-top:0pt; margin-left:8.5pt; margin-bottom:0pt; text-align:left; line-height:normal; font-family:'Verdana'; font-size:9.5pt }\r\n.TOCHeading { margin-top:3.1pt; margin-bottom:9pt; text-align:left; page-break-before:always; page-break-inside:avoid; page-break-after:avoid; line-height:12.5pt; font-family:'Verdana'; font-size:16pt }\r\n.Tabell-Kolumnrubrik { margin-bottom:0pt; line-height:12pt; font-family:'Verdana'; font-size:8pt; font-weight:bold }\r\n.Tabell-Klla { margin-top:2pt; margin-bottom:0pt; line-height:8pt; font-family:'Verdana'; font-size:7pt }\r\n.Tabell-Radrubrik { margin-bottom:0pt; line-height:12pt; font-family:'Verdana'; font-size:8pt }\r\n.Tabell-Rubrik { margin-top:12pt; margin-bottom:3pt; text-align:left; page-break-inside:avoid; page-break-after:avoid; line-height:10pt; font-family:'Verdana'; font-size:9pt; font-weight:bold }\r\n.Tabell-Siffror { margin-bottom:0pt; text-align:right; line-height:12pt; font-family:'Verdana'; font-size:8pt }\r\n.Tabell-Text { margin-bottom:0pt; line-height:12pt; font-family:'Verdana'; font-size:8pt }\r\n.Tabell-Underrubrik { margin-top:0pt; margin-bottom:1pt; text-align:left; page-break-inside:avoid; page-break-after:avoid; line-height:8pt; font-family:'Verdana'; font-size:8pt; font-weight:normal; font-style:italic }\r\n.TableofFigures { margin-top:3.1pt; margin-bottom:0pt; text-align:justify; line-height:normal; font-family:'Verdana'; font-size:9.5pt }\r\n.TillX-utskottet { margin-top:0pt; margin-bottom:12pt; text-align:left; page-break-after:avoid; line-height:12.5pt; font-family:'Verdana'; font-size:16pt }\r\n.Title { margin-top:3.1pt; margin-bottom:1pt; text-align:left; line-height:12pt; font-family:'Verdana'; font-size:20pt; letter-spacing:-0.5pt }\r\n.Vapen { margin-top:0pt; margin-bottom:0pt; text-align:left; page-break-inside:avoid; page-break-after:avoid; line-height:12.5pt; font-family:'Verdana'; font-size:16pt }\r\n.Yrkandelista { margin-top:3.1pt; margin-left:28.35pt; margin-bottom:0pt; text-indent:-28.35pt; text-align:justify; line-height:12.5pt; font-family:'Verdana'; font-size:9.5pt }\r\n.YrkandelistaEtt { margin-top:3.1pt; margin-left:0pt; margin-bottom:0pt; text-indent:0pt; text-align:justify; line-height:12.5pt; font-family:'Verdana'; font-size:9.5pt }\r\nspan.BallongtextChar { font-family:Tahoma; font-size:8pt }\r\nspan.BilagaChar { font-family:'Verdana'; font-size:8pt; font-variant:small-caps; text-decoration:underline }\r\nspan.BrdtextChar { font-family:'Verdana'; font-size:9.5pt }\r\nspan.BrdtextChar1 { font-family:'Verdana'; font-size:9.5pt }\r\nspan.Brdtextmedindrag2Char { font-family:'Verdana'; font-size:9.5pt }\r\nspan.CitatChar { font-family:'Verdana'; font-size:9.5pt }\r\nspan.DokumentRubrikChar { font-family:'Verdana'; font-size:18pt }\r\nspan.FotnotstextChar { font-family:'Verdana'; font-size:8pt }\r\nspan.FotnotstextindragChar { font-family:'Verdana'; font-size:8pt }\r\nspan.FrslagspunktChar { font-family:'Verdana'; font-size:9.5pt; font-weight:bold; font-style:normal }\r\nspan.Hyperlink { text-decoration:none; color:#000000 }\r\nspan.KommentarerChar { font-family:'Verdana'; font-size:10pt }\r\nspan.NormalkursivChar { font-family:'Verdana'; font-size:9.5pt; font-style:italic }\r\nspan.NormaltindragChar { font-family:'Verdana'; font-size:9.5pt }\r\nspan.OrdfrandenChar { font-family:'Verdana'; font-size:9.5pt; font-style:italic }\r\nspan.OrtochDatumChar { font-family:'Verdana'; font-size:9.5pt }\r\nspan.PlaceholderText { color:#808080 }\r\nspan.PVgnarChar { font-family:'Verdana'; font-size:9.5pt }\r\nspan.ReservationshnvisningChar { font-family:'Verdana'; font-size:9.5pt; font-style:italic }\r\nspan.Rubrik1Char { font-family:'Verdana'; font-size:16pt }\r\nspan.Rubrik1DokumentinformationChar { font-family:'Verdana'; font-size:16pt }\r\nspan.Rubrik2Char { font-family:'Verdana'; font-size:13.5pt }\r\nspan.Rubrik3Char { font-family:'Verdana'; font-size:10.5pt; font-weight:bold }\r\nspan.Rubrik4Char { font-family:'Verdana'; font-size:10.5pt; font-style:italic; color:#000000 }\r\nspan.Rubrik5Char { font-family:'Verdana'; font-size:9.5pt; font-weight:bold }\r\nspan.Rubrik6Char { font-family:'Verdana'; font-size:9.5pt; font-style:italic; color:#000000 }\r\nspan.Rubrik7Char { font-family:'Verdana'; font-size:9.5pt; font-style:italic; color:#243f60 }\r\nspan.Rubrik8Char { font-family:'Verdana'; font-size:9pt; color:#272727 }\r\nspan.Rubrik9Char { font-family:'Verdana'; font-size:9pt; font-style:italic; color:#272727 }\r\nspan.RubrikChar { font-family:'Verdana'; font-size:20pt; letter-spacing:-0.5pt }\r\nspan.SidfotChar { font-family:'Verdana'; font-size:9.5pt }\r\nspan.SidhuvudChar { font-family:'Verdana'; font-size:7.5pt; font-variant:small-caps }\r\nspan.Tabell-Upphjttecken { font-family:'Verdana'; font-variant:normal; text-decoration:none; text-transform:none; vertical-align:super; display:inline }\r\nspan.VapenChar { font-family:'Verdana'; font-size:16pt }\r\nspan.tBilagaJA { color:#000000 }\r\nspan.tSidrubrikJA { color:#000000 }\r\n.TableGrid {  }\r\n--></style>\r\n\r\n\t\t<div class=\"Section1\">\r\n\t\t\t<table cellspacing=\"0\" cellpadding=\"0\" style=\"border-collapse:collapse; margin-left:0pt\">\r\n\t\t\t\t<tr style=\"height:79.4pt\">\r\n\t\t\t\t\t<td style=\"vertical-align:top; width:297.7pt\">\r\n\t\t\t\t\t\t<p class=\"Rubrik1Dokumentinformation\" style=\"margin-top:0pt; margin-bottom:0pt; text-align:left; page-break-inside:avoid; page-break-after:avoid; line-height:16pt\">\r\n\t\t\t\t\t\t\t<span style=\"font-family:'Verdana'; font-size:16pt; -aw-sdt-tag:ccUtskott; -aw-sdt-title:'utskottsnamn Dokumentegenskap'\">Finansutskottet</span><span style=\"font-family:'Verdana'; font-size:16pt; -aw-sdt-tag:ccS; -aw-sdt-title:s\">s</span><span style=\"font-family:'Verdana'; font-size:16pt; -aw-sdt-tag:ccMellanslag; -aw-sdt-title:Mellanslag\"> </span><a name=\"Utlatande\"></a><span style=\"font-family:'Verdana'; font-size:16pt\">betänkande</span>\r\n\t\t\t\t\t\t</p>\r\n\t\t\t\t\t\t<p class=\"Dokumentbeteckning\" style=\"margin-top:0pt; margin-bottom:0pt; text-align:left; page-break-inside:avoid; page-break-after:avoid; line-height:16pt\">\r\n\t\t\t\t\t\t\t<span style=\"font-family:'Verdana'; font-size:16pt; -aw-sdt-tag:ccRiksmote; -aw-sdt-title:'riksmote Dokumentegenskap'\">2018/19</span><span style=\"font-family:'Verdana'; font-size:16pt; -aw-sdt-tag:ccKolon; -aw-sdt-title:Kolon\">:</span><a name=\"Utskottebeteckning\"></a><span style=\"font-family:'Verdana'; font-size:16pt\">FiU13</span>\r\n\t\t\t\t\t\t</p>\r\n\t\t\t\t\t\t<p class=\"Rubrik1Dokumentinformation\" style=\"margin-top:0pt; margin-bottom:0pt; text-align:left; page-break-inside:avoid; page-break-after:avoid; line-height:16pt\">\r\n\t\t\t\t\t\t\t<span style=\"font-family:'Verdana'; font-size:16pt\"> </span>\r\n\t\t\t\t\t\t</p>\r\n\t\t\t\t\t</td>\r\n\t\t\t\t</tr>\r\n\t\t\t</table>\r\n\t\t\t<p class=\"DokumentRubrik\" style=\"-aw-sdt-tag:ccDokumentrubrik; -aw-sdt-title:'dokumentrubrik Dokumentegenskap'\">\r\n\t\t\t\t<span>Riksrevisionens rapport om regeringens styrning av affärsverken</span>\r\n\t\t\t</p>\r\n\t\t\t<h1>\r\n\t\t\t\t<a name=\"_Toc529878154\"><span>Sammanfattning</span></a>\r\n\t\t\t</h1>\r\n\t\t\t<p>\r\n\t\t\t\t<span>U</span><span>tskottet föreslår att</span><span> riksdagen lägger </span><span>regeringens </span><span>skrivelse </span><span>till handlingarna. </span><span>Utskottet, som inte </span><span>har </span><span>några invändningar mot regeringens bedömningar</span><span> i skrivelsen</span><span>, vill framhålla att Riksrevisionen genom sin granskning belyser ett viktigt område. </span><span>Utskottet betona</span><span>r</span><span> vikten av öppenhet när det gäller regeringens styrning av affärsverken. </span>\r\n\t\t\t</p>\r\n\t\t\t<p class=\"R4\">\r\n\t\t\t\t<span>Behandlade förslag</span>\r\n\t\t\t</p>\r\n\t\t\t<p>\r\n\t\t\t\t<span>Regeringens skrivelse 2017/18:297 Riksrevisionens rapport om regeringens styrning av affärsverken.</span>\r\n\t\t\t</p>\r\n\t\t\t<p class=\"Innehllsfrteckning\">\r\n\t\t\t\t<a name=\"Innehållsförteckning\"></a><span class=\"tSidrubrikJA\">Innehållsförteckning</span>\r\n\t\t\t</p>\r\n\t\t\t<p class=\"TOC1\">\r\n\t\t\t\t<a style=\"color:#000000\" href=\"#_Toc529878154\"><span class=\"Hyperlink\">Sammanfattning</span></a>\r\n\t\t\t</p>\r\n\t\t\t<p class=\"TOC1\">\r\n\t\t\t\t<a style=\"color:#000000\" href=\"#_Toc529878155\"><span class=\"Hyperlink\">Utskottets förslag till riksdagsbeslut</span></a>\r\n\t\t\t</p>\r\n\t\t\t<p class=\"TOC1\">\r\n\t\t\t\t<a style=\"color:#000000\" href=\"#_Toc529878156\"><span class=\"Hyperlink\">Redogörelse för ärendet</span></a>\r\n\t\t\t</p>\r\n\t\t\t<p class=\"TOC1\">\r\n\t\t\t\t<a style=\"color:#000000\" href=\"#_Toc529878157\"><span class=\"Hyperlink\">Utskottets överväganden</span></a>\r\n\t\t\t</p>\r\n\t\t\t<p class=\"TOC2\">\r\n\t\t\t\t<a style=\"color:#000000\" href=\"#_Toc529878158\"><span class=\"Hyperlink\">Riksrevisionens rapport om regeringens styrning av affärsverken</span></a>\r\n\t\t\t</p>\r\n\t\t\t<p class=\"TOC8\">\r\n\t\t\t\t<span class=\"Hyperlink\" style=\"font-style:italic\">Bilaga</span><br /><a style=\"color:#000000\" href=\"#_Toc529878159\"><span class=\"Hyperlink\">Förteckning över behandlade förslag</span></a>\r\n\t\t\t</p>\r\n\t\t\t<p class=\"TOC9\">\r\n\t\t\t\t<a style=\"color:#000000\" href=\"#_Toc529878160\"><span class=\"Hyperlink\">Skrivelsen</span></a>\r\n\t\t\t</p>\r\n\t\t\t<p>\r\n\t\t\t</p>\r\n\t\t\t<p>\r\n\t\t\t\t<span> </span>\r\n\t\t\t</p>\r\n\t\t\t<p class=\"NormalIndent\">\r\n\t\t\t\t<span> </span>\r\n\t\t\t</p>\r\n\t\t\t<p class=\"Avsnittsrubrik\">\r\n\t\t\t\t<a name=\"StopCC\"></a><a name=\"_Toc529878155\"><span style=\"-aw-bookmark-end:StopCC\"></span><span class=\"tSidrubrikJA\">Utskottets förslag till riksdagsbeslut</span></a>\r\n\t\t\t</p>\r\n\t\t\t<p class=\"Mellanrum\">\r\n\t\t\t\t<span> </span>\r\n\t\t\t</p>\r\n\t\t\t<p class=\"Mellanrum\">\r\n\t\t\t\t<span> </span>\r\n\t\t\t</p>\r\n\t\t\t<table cellspacing=\"0\" cellpadding=\"0\" style=\"border-collapse:collapse; margin-left:0pt; width:294.2pt\">\r\n\t\t\t\t<tr>\r\n\t\t\t\t\t<td style=\"vertical-align:top; width:22pt\">\r\n\t\t\t\t\t\t<p style=\"margin-top:3.1pt; margin-bottom:0pt; text-align:justify; page-break-inside:avoid; page-break-after:avoid; line-height:12.5pt\">\r\n\t\t\t\t\t\t\t<span style=\"font-family:'Verdana'; font-size:10.5pt; font-weight:bold\">Riksrevisionens rapport om regeringens styrning av affärsverken</span>\r\n\t\t\t\t\t\t</p>\r\n\t\t\t\t\t</td>\r\n\t\t\t\t</tr>\r\n\t\t\t</table>\r\n\t\t\t<p class=\"Normalutanluftfre\" style=\"-aw-sdt-tag:'dokumentavsnitt/utskottets förslag till riksdagsbeslut/1542303674/1542110839003'; -aw-sdt-title:'utskottets förslag till riksdagsbeslut'\">\r\n\t\t\t\t<span>Riksdagen lägger skrivelse 2017/18:297 till handlingarna.</span>\r\n\t\t\t</p>\r\n\t\t\t<p class=\"Mellanrum\" style=\"-aw-sdt-tag:'dokumentavsnitt/utskottets förslag till riksdagsbeslut/1542303674/1542110839003'; -aw-sdt-title:'utskottets förslag till riksdagsbeslut'\">\r\n\t\t\t\t<span> </span>\r\n\t\t\t</p>\r\n\t\t\t<p class=\"OrtochDatum\" style=\"-aw-sdt-tag:'dokumentavsnitt/utskottets förslag till riksdagsbeslut/1542303674/1542110839003'; -aw-sdt-title:'utskottets förslag till riksdagsbeslut'\">\r\n\t\t\t\t<span>Stockholm den 13 november 2018</span>\r\n\t\t\t</p>\r\n\t\t\t<p class=\"PVgnar\" style=\"-aw-sdt-tag:'dokumentavsnitt/utskottets förslag till riksdagsbeslut/1542303674/1542110839003'; -aw-sdt-title:'utskottets förslag till riksdagsbeslut'\">\r\n\t\t\t\t<span>På finansutskottets vägnar</span>\r\n\t\t\t</p>\r\n\t\t\t<p class=\"Ordfranden\" style=\"-aw-sdt-tag:'dokumentavsnitt/utskottets förslag till riksdagsbeslut/1542303674/1542110839003'; -aw-sdt-title:'utskottets förslag till riksdagsbeslut'\">\r\n\t\t\t\t<span>Elisabeth Svantesson</span>\r\n\t\t\t</p>\r\n\t\t\t<p class=\"Deltagare\" style=\"-aw-sdt-tag:'dokumentavsnitt/utskottets förslag till riksdagsbeslut/1542303674/1542110839003'; -aw-sdt-title:'utskottets förslag till riksdagsbeslut'\">\r\n\t\t\t\t<span>Följande ledamöter har deltagit i beslutet: Elisabeth Svantesson (M), Fredrik Olovsson (S), Gunilla Carlsson (S), Niklas Wykman (M), Adnan Dibrani (S), Emil Källström (C), Ulla Andersson (V), Jessika Roswall (M), Dennis Dioukarev (SD), Ingela Nylund Watz (S), Jakob Forssmed (KD), Ingemar Nilsson (S), Mats Persson (L), Sven-Olof Sällström (SD), Janine Alm Ericson (MP), Jan Ericson (M) och Charlotte Quensel (SD).</span>\r\n\t\t\t</p>\r\n\t\t\t<p class=\"Mellanrum\" style=\"-aw-sdt-tag:'dokumentavsnitt/utskottets förslag till riksdagsbeslut/1542303674/1542110839003'; -aw-sdt-title:'utskottets förslag till riksdagsbeslut'\">\r\n\t\t\t\t<span> </span>\r\n\t\t\t</p>\r\n\t\t\t<p class=\"Mellanrum\" style=\"-aw-sdt-tag:'dokumentavsnitt/utskottets förslag till riksdagsbeslut/1542303674/1542110839003'; -aw-sdt-title:'utskottets förslag till riksdagsbeslut'\">\r\n\t\t\t\t<span> </span>\r\n\t\t\t</p>\r\n\t\t\t<p class=\"Mellanrum\" style=\"-aw-sdt-tag:'dokumentavsnitt/utskottets förslag till riksdagsbeslut/1542303674/1542110839003'; -aw-sdt-title:'utskottets förslag till riksdagsbeslut'\">\r\n\t\t\t\t<span style=\"font-size:9.5pt\"> </span>\r\n\t\t\t</p>\r\n\t\t\t<p>\r\n\t\t\t\t<span> </span>\r\n\t\t\t</p>\r\n\t\t\t<p class=\"Avsnittsrubrik\">\r\n\t\t\t\t<a name=\"SlutUtskottsForslag\"></a><a name=\"_Toc529878156\"><span style=\"-aw-bookmark-end:SlutUtskottsForslag\"></span><span class=\"tSidrubrikJA\">Redogörelse för ärendet</span></a>\r\n\t\t\t</p>\r\n\t\t\t<p>\r\n\t\t\t\t<span>I regeringens skrivelse 2017/18:297 Riksrevisionens rapport om reger</span><span>ingens styrning av affärsverken behandlas Riksrevisionens granskningsrapport </span><span>Regerin</span><span>gens styrning av affärsverken</span><span> (</span><span>RiR</span><span> 2018:5).</span><span> Riksdagen överlämnade den 8 mars 2018 Riksrevisionens granskningsrapport till regeringen. </span>\r\n\t\t\t</p>\r\n\t\t\t<p class=\"NormalIndent\">\r\n\t\t\t\t<span>Den 10 april 2018 informerade riksrevisor Ingvar Mattson med medarbetare </span><span>finans</span><span>utskottet om den aktuella granskningsrapporten. </span>\r\n\t\t\t</p>\r\n\t\t\t<p class=\"NormalIndent\">\r\n\t\t\t\t<span>Regeringen lämnade sin </span><span>svarsskrivelse på granskningsrapp</span><span>orten den 5</span><span> </span><span>september 2018.</span>\r\n\t\t\t</p>\r\n\t\t\t<p class=\"NormalIndent\">\r\n\t\t\t\t<span>Inga följdmotioner har väckts med anledning av skrivelsen. </span>\r\n\t\t\t</p>\r\n\t\t\t<p>\r\n\t\t\t\t<span> </span>\r\n\t\t\t</p>\r\n\t\t\t<p>\r\n\t\t\t\t<span> </span>\r\n\t\t\t</p>\r\n\t\t\t<p class=\"Avsnittsrubrik\">\r\n\t\t\t\t<a name=\"_Toc529878157\"><span class=\"tSidrubrikJA\">Utskottets överväganden</span></a>\r\n\t\t\t</p>\r\n\t\t\t<h2 style=\"-aw-sdt-tag:cc0c6bdc-99ff-4456-9b96-79631f0f4f14/förslagsrutor/236212985/1539589213900; -aw-sdt-title:förslagsrutor\">\r\n\t\t\t\t<a name=\"_Toc529878158\"><span>Riksrevisionens rapport om regeringens styrning av affärsverken</span></a>\r\n\t\t\t</h2>\r\n\t\t\t<div style=\"border-bottom-color:#000000; border-bottom-style:solid; border-bottom-width:0.75pt; border-left-color:#000000; border-left-style:solid; border-left-width:0.75pt; border-right-color:#000000; border-right-style:solid; border-right-width:0.75pt; border-top-color:#000000; border-top-style:solid; border-top-width:0.75pt; clear:both; margin:3.1pt 0.9pt 0pt\">\r\n\t\t\t\t<p class=\"Normalrutafet\" style=\"margin:0pt; padding-right:4pt; padding-left:4pt\">\r\n\t\t\t\t\t<span style=\"-aw-bookmark-end:_Toc529878158\"></span><span>Utskottets förslag i korthet</span>\r\n\t\t\t\t</p>\r\n\t\t\t\t<p class=\"Normalruta\" style=\"margin:0pt; padding-right:4pt; padding-left:4pt; padding-bottom:4pt\">\r\n\t\t\t\t\t<span>Riksdagen lägger regeringens skrivelse till handlingarna.</span>\r\n\t\t\t\t</p>\r\n\t\t\t</div>\r\n\t\t\t<p class=\"Mellanrum\">\r\n\t\t\t\t<span> </span>\r\n\t\t\t</p>\r\n\t\t\t<p>\r\n\t\t\t\t<span> </span>\r\n\t\t\t</p>\r\n\t\t\t<p class=\"R3\" style=\"margin-top:0pt\">\r\n\t\t\t\t<span>Riksrevisionens granskningsrapport</span>\r\n\t\t\t</p>\r\n\t\t\t<p>\r\n\t\t\t\t<span>Statlig verksamhet bedrivs vanligtvis av förvaltningsmyndigheter. Därtill finns statligt ägda bolag, stiftelser och några affärsverk. Affärsverksformen tillkom i samband med 1911 års budgetreform och affärsverken har haft en viktig funktion under 1900-talet, inte minst när det gäller att bygga ut och underhålla infrastruktur. Bakgrunden till affärsverksformens bildande var att affärsverken skulle kunna bedriva affärsverksamhet på ett i förhållande till statsbudgeten självständigt sätt.</span>\r\n\t\t\t</p>\r\n\t\t\t<p class=\"NormalIndent\">\r\n\t\t\t\t<span>Affärsverken är liksom förvaltningsmyndigheter del av den juridiska personen staten och styrs genom ett antal undantag från och tillägg till det regelverk som gäller för förvaltningsmyndigheter generellt.</span>\r\n\t\t\t</p>\r\n\t\t\t<p class=\"NormalIndent\">\r\n\t\t\t\t<span>Under de senaste 20 åren har fem av affärsverken övergått till att drivas som statligt ägda bolag</span><span>,</span><span> och några äldre affärsverk har lagts ned. Numera återstår tre affärsverk: Affärsverket Svenska kraftnät (Svenska kraftnät), Luftfartsverket och Sjöfartsverket. Inga nya affärsverk har bildats sedan 1992.</span>\r\n\t\t\t</p>\r\n\t\t\t<p class=\"NormalIndent\">\r\n\t\t\t\t<span>Syftet</span><span> med Riksrevisionens granskning </span><span>är att granska regeringens styrning av de tre kvarvarande affärsverken. Det innebär att granska om styrningen är utformad i förhållande till affärsverkens särart.</span>\r\n\t\t\t</p>\r\n\t\t\t<p class=\"NormalIndent\">\r\n\t\t\t\t<span>Revisionsfrågan är:</span>\r\n\t\t\t</p>\r\n\t\t\t<p class=\"Punktlistabomb\" style=\"margin-left:14.2pt; text-indent:-14.2pt\">\r\n\t\t\t\t<span style=\"font-family:'Verdana'; font-size:10pt\">•</span><span style=\"font:7.0pt 'Verdana'\">       </span><span>Har regeringen anpassat sin styrning till affärsverksformen?</span>\r\n\t\t\t</p>\r\n\t\t\t<p class=\"R4\" style=\"margin-bottom:0pt\">\r\n\t\t\t\t<span>Granskningens resultat</span>\r\n\t\t\t</p>\r\n\t\t\t<p class=\"R5\" style=\"margin-top:6pt\">\r\n\t\t\t\t<span>Myndigheter har numera samma möjligheter som affärsverken</span>\r\n\t\t\t</p>\r\n\t\t\t<p>\r\n\t\t\t\t<span>Riksrevisionen framhåller att d</span><span>e många undantag och tillägg som gäller för affärsverken innebär att det är svårt att få en överblick över regelverket som styr affärsverken. Vissa undantag är inte tydligt motiverade och det finns exempel på undantag som inte används av de tre kvarvarande affärsverken. Ur ett styrningsperspektiv finns risker med många undantag från eller tillägg till det generella regelverket som bl</span><span>.a.</span><span> beror på att det är problematiskt att tolka och administrativt hantera dessa. Det är rimligt att de undantag och tillägg som görs för affärsverken är relevanta i förhållande till affärsverkens verksamhet, aktuella och tydligt motiverade. En gemensam och aktuell riktlinje för </span><span>affärsverken, likt den ägarpolicy som finns för statligt ägda bolag, hade bidragit till en bättre överblick och ökad tydlighet.</span>\r\n\t\t\t</p>\r\n\t\t\t<p class=\"NormalIndent\">\r\n\t\t\t\t<span>Det ekonomiadministrativa regelverk som generellt gäller för förvaltningsmyndigheter har även utvecklats i en riktning som numera gör det möjligt för regeringen att låta en ”vanlig” förvaltningsmyndighet fungera som ett affärsverk gör. Därför borde affärsverkens verksamheter kunna bedrivas i vanlig förvaltningsmyndighet. Därmed finns det</span><span>, enligt Riksrevisionen,</span><span> anledning att se över rådande regelverk för affärsverken och tydligt motivera skälen till befintliga undantag eller tillägg.</span>\r\n\t\t\t</p>\r\n\t\t\t<p class=\"R5\">\r\n\t\t\t\t<span>Det saknas kriterier för när affärsverk är en lämplig form</span>\r\n\t\t\t</p>\r\n\t\t\t<p>\r\n\t\t\t\t<span>I proposition 2009/10:175 Offentlig förvaltning för demokrati, delaktighet och tillväxt anfördes att myndighetsformen bör vara huvudregel för statlig verksamhet. Valet av en annan organisationsform än en myndighet bör omprövas med viss regelbundenhet. Finansutskottet och riksdagen ställde sig bakom propositionen (bet. 2009/10:FiU38, rskr. 2009/10:315). </span><span>Riksrevisionen anför att g</span><span>ivet affärsverkens särart bör verksamheter som bedrivs i affärsverksform därmed prövas. Historiskt har verksamhetsformen för enskilda verk prövats, vilket ibland har resulterat i bolagiseringar. Utredningarna av Luftfartsverket och Sjöfartsverket har emellertid inte lett till något förslag från regeringen till riksdagen. Prövningar av verksamhetsform hade underlättats om det finns tydliga kriterier för när respektive verksamhetsform är lämplig. Sådana kriterier finns för att tydliggöra när bolag är en lämplig form för statlig verksamhet. Liknande kriterier hade</span><span> enligt Riksrevisionen </span><span>varit motiverade för affärsverk givet deras särart.</span>\r\n\t\t\t</p>\r\n\t\t\t<p class=\"R5\">\r\n\t\t\t\t<span>Flera verksamhetslogiker kräver tydlig styrning</span>\r\n\t\t\t</p>\r\n\t\t\t<p>\r\n\t\t\t\t<span>Affärsverken har myndighetsliknande styrning men bolagsliknande krav på ekonomin och återrapporteringen till regeringen. Förutsättningarna för styrningen av affärsverken är mer komplexa än för andra myndigheter och ställer krav på olika kompetenser. Affärsverken har givits större frihetsgrader än övriga myndigheter, vilket också ställer krav på tydlig styrning. Samtidigt medför den större handlingsfriheten också högre krav på ansvarstagande för de statliga tillgångar som verken förvaltar. Därtill har affärsverken blandade verksamheter med olika logiker: affärsverksamhet och samhällsnytta. Styrningen har </span><span>enligt Riksrevisionen </span><span>inte varit tillräckligt </span><span>verksamhets</span><span>-</span><span>anpassad</span><span> i dessa avseenden.</span>\r\n\t\t\t</p>\r\n\t\t\t<p class=\"R5\">\r\n\t\t\t\t<span>De ekonomiska målen har sällan justerats</span>\r\n\t\t\t</p>\r\n\t\t\t<p>\r\n\t\t\t\t<span>I granskningsrapporten påpekas att d</span><span>e ekonomiska målen inte </span><span>har </span><span>justerats eller anpassats till verkens utveckling under en längre period. </span><span>Den makroekonomiska situationen </span><span>är e</span><span>n annan</span><span> än när målen fastställdes med </span><span>bl.a. </span><span>en annan räntenivå</span><span>,</span><span> och affärsverken står inför stora framtida investeringsbehov. Det ökar vikten av relevanta ekonomiska mål för verksamheterna. Om målen inte är aktuella och anpassade till verkens interna och externa förutsättningar riskerar de </span><span>att </span><span>antingen styra fel eller ignoreras. </span><span>Någon beskrivning av syftet med de ekonomiska målen för affärsverken har inte påträffats. Det skulle ha ökat förståelsen för hur regeringen kommit fram till de nivåer som målen har.</span>\r\n\t\t\t</p>\r\n\t\t\t<p class=\"NormalIndent\">\r\n\t\t\t\t<span>Utöver målen för affärsverkens kapitalstruktur beslutar riksdagen, genom budgetpropositionen, även om affärsverkens låneramar och krediter. Hur de beslutade låne- och kreditramarna förhåller sig till målen för kapitalstruktur är oklart. Båda faktorerna påverkar rimligtvis affärsverkens möjligheter att belåna sig och därm</span><span>ed den finansiella risk</span><span> som verken (staten) tar. Dubbla mål för samma ändamål bör undvikas.</span>\r\n\t\t\t</p>\r\n\t\t\t<p class=\"NormalIndent\">\r\n\t\t\t\t<span>Affärsverken har, vid sidan av det affärsmässiga uppdraget, viktiga uppgifter inom flera samhällssektorer</span><span>,</span><span> vilket liknar statligt ägda bolag med särskilt beslutade samhällsuppdrag. Förvaltningen av sådana bolag är delvis decentraliserad till respektive </span><span>sakdepartement</span><span>,</span><span> men Näringsdepartementet har ansvaret för övergripande frågor, exempelvis att fastställa och utvärdera ekonomiska mål samt regeringens återrapportering till riksdagen. Det finns därmed ett behov av ökad fackmannamässighet i förvaltningen av affärsverken för att kunna analysera och sätta relevanta ekonomiska mål. Med fördel kan man</span><span>, framhåller Riksrevisionen,</span><span> dra lärdom av den kunskap </span><span>om </span><span>bolagsstyrning </span><span>som byggts upp inom Regeringskansliet. </span>\r\n\t\t\t</p>\r\n\t\t\t<p class=\"R4\">\r\n\t\t\t\t<span>Riksrevisionens rekommendationer</span>\r\n\t\t\t</p>\r\n\t\t\t<p>\r\n\t\t\t\t<span>Riksrevisionen lämnar följande rekommendationer:</span>\r\n\t\t\t</p>\r\n\t\t\t<p class=\"Punktlistabomb\" style=\"margin-left:14.2pt; margin-bottom:0pt; text-indent:-14.2pt\">\r\n\t\t\t\t<span style=\"font-family:'Verdana'; font-size:10pt\">•</span><span style=\"font:7.0pt 'Verdana'\">       </span><span>Regeringen bör låta se över regelverket för affärsverken för att säkerställa att det är relevant och aktuellt. Undantag och tillägg som är specifika för affärsverken bör tydligt motiveras och kan med fördel samlas i riktlinjer för regeringens styrning av statliga affärsverk.</span>\r\n\t\t\t</p>\r\n\t\t\t<p class=\"Punktlistabomb\" style=\"margin-top:0pt; margin-left:14.2pt; margin-bottom:0pt; text-indent:-14.2pt\">\r\n\t\t\t\t<span style=\"font-family:'Verdana'; font-size:10pt\">•</span><span style=\"font:7.0pt 'Verdana'\">       </span><span>Regeringen bör, i likhet med de kriterier som finns för statligt ägda bolag, utarbeta generella kriterier för när affärsverksformen är en lämplig verksamhetsform.</span>\r\n\t\t\t</p>\r\n\t\t\t<p class=\"Punktlistabomb\" style=\"margin-top:0pt; margin-left:14.2pt; margin-bottom:0pt; text-indent:-14.2pt\">\r\n\t\t\t\t<span style=\"font-family:'Verdana'; font-size:10pt\">•</span><span style=\"font:7.0pt 'Verdana'\">       </span><span>Regeringen bör utveckla och redovisa motiven till affärsverkens ekonomiska mål, säkerställa att målen är aktuella och återkommande se över dem. Riksrevisionen noterar i detta sammanhang att regeringen har aviserat en översyn av de ekonomiska målen för Svenska kraftnät.</span>\r\n\t\t\t</p>\r\n\t\t\t<p class=\"Punktlistabomb\" style=\"margin-top:0pt; margin-left:14.2pt; text-indent:-14.2pt\">\r\n\t\t\t\t<span style=\"font-family:'Verdana'; font-size:10pt\">•</span><span style=\"font:7.0pt 'Verdana'\">       </span><span>Regeringskansliet bör utveckla dokumentationen av </span><span>myndighets</span><span>-</span><span>dialogerna</span><span> mellan affärsverken och ansvarigt departement för att underlätta riksdagens kontroll och förbättra möjligheterna för de inblandade att nå en gemensam bild av diskussionens innehåll och resultat.</span>\r\n\t\t\t</p>\r\n\t\t\t<p class=\"R3\" style=\"margin-bottom:0pt\">\r\n\t\t\t\t<span>Regeringens svarsskrivelse</span>\r\n\t\t\t</p>\r\n\t\t\t<p class=\"R4\" style=\"margin-top:6pt\">\r\n\t\t\t\t<span>Regeringens bedömning av Riksrevisionens slutsatser och rekommendationer</span>\r\n\t\t\t</p>\r\n\t\t\t<p>\r\n\t\t\t\t<span>Regeringen instämmer inte i Riksrevisionens sammanfattande slutsats att regeringen inte i tillräcklig utsträckning har utvecklat och anpassat styrningen </span><span>av affärsverken till verksamheten i dess nuvarande form och till dess framtida utmaningar. Riksrevisionen drar slutsatsen att det finns behov av ställningstaganden för att</span><span> göra styrningen av affärsverks</span><span>formen mer tidsenlig och effektiv. Regeringen ser inte de behoven, även om styrningen hela tiden bör utvecklas för att vara tidsenlig och effektiv. </span>\r\n\t\t\t</p>\r\n\t\t\t<p class=\"NormalIndent\">\r\n\t\t\t\t<span>Enligt regeringens uppfattning har styrningen för vart och ett av de berörda affärsverken anpassats och utvecklats för att möta de utmaningar som har uppkommit. Regeringen anser däremot att det är</span><span> motiverat att fortsä</span><span>tt</span><span>a att</span><span> följa utvecklingen och att det är regeringens ansvar att vid behov föreslå åtgärder för att säkerställa fungerande verksamhetsförutsättningar och ändamålsenlig styrning av den verksamhet som i dag bedrivs i affärsverksform.</span>\r\n\t\t\t</p>\r\n\t\t\t<p class=\"NormalIndent\">\r\n\t\t\t\t<span>Regeringen instämmer inte heller i Riks</span><span>revisionens slutsats att myndig</span><span>heter numera har samma möjligheter som affärsverken. Regelverket för affärsverken medger något större befog</span><span>enheter i vissa frågor än regel</span><span>verket för andra myndigheter. Totalt finns ett tjugotal författningar där affärsverken regleras i särskild ordning eller där endast delar av bestämmelserna är tillämpliga på affärsverk. Enligt regeringens uppfattning utgör undantagen, främst från det ekonomiadministrativa regelverket, väsentliga förutsättningar för affärsverken att kunna</span><span> bedriva affärsverksamhet. Rege</span><span>ringen menar dock att undantagen och tilläggen i regelverken är svåra att överblicka och att det riskerar att göra styrningen otydlig.</span>\r\n\t\t\t</p>\r\n\t\t\t<p class=\"NormalIndent\">\r\n\t\t\t\t<span>Regeringen anser vidare att regelverket för samtliga myndigheter har utvecklats över tid och att förändringarna </span><span>bl.a. inneburit att vanliga för</span><span>valtningsmyndigheter har bättre möjligheter än tidigare att hantera inslag av affärsverksamhet. Denna utveckling har lett till att skillnaden mellan vanliga förvaltningsmyndigheter och affärsverk har minskat.</span>\r\n\t\t\t</p>\r\n\t\t\t<p class=\"NormalIndent\">\r\n\t\t\t\t<span>Regeringen instämmer delvis i Riksrevisionens rekommendation att låta se över regelverket för affärsverken för att säkerställa att det är relevant och aktuellt. Det är angeläget att regelverket för myndigheterna är relevant och aktuellt. Det är regeringens uppdrag att vid behov ändra regler som berör en eller flera myndigheter. Förslag till förändringar grundas normalt på identifierade brister och hanteras i</span><span>nom ramen för regeringens bered</span><span>ningsprocess. Regeringen anser att relevansen för de undantag som finns för affärsverken bör ses över och en bedömning göras om undantagen krävs för den verksamhet affärsverken i dag bedriver.</span>\r\n\t\t\t</p>\r\n\t\t\t<p class=\"NormalIndent\">\r\n\t\t\t\t<span>Riksrevisionen rekommenderar att undantag och tillägg som är specifika för affärsverken bör motiveras </span><span>tydligt </span><span>och att de med fördel kan samlas i riktlinjer för regeringens styrning av statliga affärsverk. Regeringen delar bilden att det kan finnas ett värde i att samla dessa undantag och tillägg i riktlinjer för regeringens styrning av affärsverk. Regeringen vill dock framhålla att det endast finns tre berörda affärsverk, varför regeringens bedömning är att frågan om motivering av undantag och tillägg hanteras inom ramen för beredningsprocessen av förslag till nya eller ändring av befintliga förordningar.</span>\r\n\t\t\t</p>\r\n\t\t\t<p class=\"NormalIndent\">\r\n\t\t\t\t<span>Regeringen instämmer i Riksrevisionens slutsats att det saknas kriterier för när affärsverk är en lämplig form. Regeringen vill dock framhålla att frågan om kriterier framför allt är aktuell vid bildandet av ett nytt affärsverk eller analys av och förslag om ändrad verksamhetsform för en myndighet eller </span><span>ett </span><span>affärsverk.</span>\r\n\t\t\t</p>\r\n\t\t\t<p class=\"NormalIndent\">\r\n\t\t\t\t<span>Regeringen instämmer delvis i Riksrevisionens rekommendation att regeringen, i likhet med de kriterier som finns för statligt ägda bolag, bör utarbeta generella kriterier för när affärsverksformen är en lämplig verksamhetsform. Regeringens bedömning i dagsläget är dock att de kriterier som statsmakterna lagt fast om att myndighetsformen är det normala för statlig verksamhet och de kriterier som lagts fast för när en affärsverksamhet kan bedömas aktuell för ombildning till aktiebolagsform är tillräckliga.</span>\r\n\t\t\t</p>\r\n\t\t\t<p class=\"NormalIndent\">\r\n\t\t\t\t<span>Regeringen delar Riksrevisionens slutsats att de ekonomiska målen sällan har justerats. Det ligger i sakens natur att målen bör vara rimligt stabila över tid i de </span><span>fall</span><span> inte verksamhet eller förutsättningar ändrats i väsentlig grad och att det är lämpligt att se över målen regelbundet.</span>\r\n\t\t\t</p>\r\n\t\t\t<p class=\"NormalIndent\">\r\n\t\t\t\t<span>Regeringen instämmer delvis i Riksrevisionens rekommendation att regeringen bör utveckla och redovisa motiven till affärsverkens ekonomiska mål, säkerställa att målen är aktuella och återkommande se över dem. Riksrevisionen noterar i detta sammanhang att regeringen har aviserat en översyn av de ekonomiska målen för Svenska kraftnät.</span>\r\n\t\t\t</p>\r\n\t\t\t<p class=\"NormalIndent\">\r\n\t\t\t\t<span>De ekonomiska målen utgörs av ett räntabilitetskrav och ett soliditetskrav. Räntabilitetskravet och soliditetsk</span><span>ravet gäller över en konjunktur</span><span>cykel. Inom ramen för uppföljning av affärsverkens verksamhet följer regeringen löpande utvecklingen av dessa mål. Vidare redovisar regeringen årligen i budgetpropositionen utfallet och regeringens bedömning av resultatet där hänsyn även tas till nya makroekonomiska bedömningar. Vid behov lämnas kommentarer och förslag till åtgärder.</span>\r\n\t\t\t</p>\r\n\t\t\t<p class=\"NormalIndent\">\r\n\t\t\t\t<span>Regeringen instämmer inte i Riksrevisionens slutsats att dokumentationen av regeringens styrning är bristfällig. Regeringen instämmer därmed inte heller i Riksrevisionens rekommendation att Regeringskansliet bör utveckla dokumentationen av myndighetsdialogerna mellan affärsverken och ansvarigt departement för att underlätta riksdagens kontroll och förbättra möjligheterna för de inblandade</span><span> att nå en gemensam bild av dis</span><span>kussionens innehåll och resultat.</span>\r\n\t\t\t</p>\r\n\t\t\t<p class=\"NormalIndent\">\r\n\t\t\t\t<span>Regeringens bedömning är att de informella myndighetsdialogerna främst är inriktade på ömsesidigt utbyte av information och kunskap samt på att förtydliga regeringens styrning. De utgör inte i sig styrning av myndigheten. Det ligger i sakens natur att en informell dialog är just informell. Dialogmötena utgör alltså inga </span><span>beslutsforum</span><span> där några beslut fattas.</span>\r\n\t\t\t</p>\r\n\t\t\t<p class=\"NormalIndent\">\r\n\t\t\t\t<span>Enligt Regeringskansliets riktlinjer är det dagordningen som ska diarieföras vid myndighetsdialogerna. Den i</span><span>nformation som framkommer i dia</span><span>logen ska sammanställas på lämpligt sätt</span><span>,</span><span> och dialogen ska följas upp med den politiska ledningen.</span>\r\n\t\t\t</p>\r\n\t\t\t<p class=\"R4\">\r\n\t\t\t\t<span>Regeringens åtgärder med anledning av Riksrevisionens slutsatser och rekommendationer</span>\r\n\t\t\t</p>\r\n\t\t\t<p>\r\n\t\t\t\t<span>Mot bakgrund av att regeringen inte delar Riksrevisionens sammanfattande slutsats, att regeringen inte i tillräcklig utsträckning har utvecklat och anpassat styrningen av affärsverken till verksamheten i dess nuvarande form och till dess framtida utmaningar, har regeringen inte för avsikt att vidta några åtgärder i särskild ordn</span><span>ing med avseende på detta. Rege</span><span>ringen anser däremot</span><span> att det är motiverat att fortsä</span><span>tt</span><span>a att</span><span> följa relevansen av</span><span> affärsverksformen och vid behov föreslå åtg</span><span>ärder för att säkerställa funge</span><span>rande </span><span>verksamhets</span><span>-</span><span>förutsättningar</span><span> och änd</span><span>amålsenlig styrning av den verk</span><span>samhet som i dag bedrivs i affärsverksform.</span>\r\n\t\t\t</p>\r\n\t\t\t<p class=\"NormalIndent\">\r\n\t\t\t\t<span>Regeringen avser att, vid kommande ändringar </span><span>i</span><span> de förordningar som innehåller särregleringar eller undantag för affärsverken, i beredningen ta ställning till om det är aktuellt att förändra någon reglering och överväga om undantagen och tilläggen bör samlas för att bli mer överblickbara.</span>\r\n\t\t\t</p>\r\n\t\t\t<p class=\"NormalIndent\">\r\n\t\t\t\t<span>Regeringen kan konstatera att förutsättningarna skiljer sig väsentligt åt mellan affärsverken. Regeringen av</span><span>ser därför att fortsä</span><span>tt</span><span>a att</span><span> i särskild ordning för vart och ett av affärsverken följa verksamhetens utveckling och vid behov återkomma med förslag till förändringar av verksamhetsform, mål, finansiering och befogenheter.</span>\r\n\t\t\t</p>\r\n\t\t\t<p class=\"NormalIndent\">\r\n\t\t\t\t<span>Regeringen anser att Riksrevisionens iak</span><span>ttagelser, slutsatser och rekom</span><span>mendationer är värdefulla och kan komma</span><span> att ingå i underlaget för fram</span><span>tida beslut.</span>\r\n\t\t\t</p>\r\n\t\t\t<p class=\"NormalIndent\">\r\n\t\t\t\t<span>I och med denna skrivelse anser regeringen att Riksrevisionen</span><span>s gransk</span><span>ningsrapport är slutbehandlad.</span>\r\n\t\t\t</p>\r\n\t\t\t<p class=\"R3\">\r\n\t\t\t\t<span>Utskottets ställningstagande</span>\r\n\t\t\t</p>\r\n\t\t\t<p>\r\n\t\t\t\t<span>Utskottet</span><span>, som inte </span><span>har </span><span>några invändningar mot regeringens bedömningar</span><span> i skrivelsen</span><span>,</span><span> vill framhålla att Riksrevisionen genom sin granskning belyser ett viktigt område. </span><span>De </span><span>tre affärsverken </span><span>är en del av den juridiska personen staten men </span><span>har</span><span> vissa särdrag. Utskottet </span><span>noterar att regeringen anför att styrningen hela tiden bör utvecklas för att vara tidsenlig och effektiv. </span><span>Som regeringen anför är Riksrevisionens iakttagelser, slutsatser och rekommendationer värdefulla</span><span>,</span><span> och utskottet uppskattar</span><span> att det </span><span>framgår</span><span> </span><span>av regeringens skrivelse </span><span>att de kan komma att ingå i underlaget för framtida beslut.</span>\r\n\t\t\t</p>\r\n\t\t\t<p class=\"NormalIndent\">\r\n\t\t\t\t<span>Utskottet vill </span><span>betona </span><span>vikten </span><span>av öppenhet när det gäller regeringens styrning av affärsverken. </span><span>Genom tydliga och öppna processer kan allmänhetens förtroende för hur affärsverken styrs öka. </span>\r\n\t\t\t</p>\r\n\t\t\t<p class=\"NormalIndent\">\r\n\t\t\t\t<span>Utskottet föreslår att riksdagen lägger regeringens skrivelse</span><span> till handlingarna. </span>\r\n\t\t\t</p>\r\n\t\t\t<p>\r\n\t\t\t\t<span> </span>\r\n\t\t\t</p>\r\n\t\t\t<p>\r\n\t\t\t\t<span> </span>\r\n\t\t\t</p>\r\n\t\t\t<p class=\"Bilaga\">\r\n\t\t\t\t<span class=\"tBilagaJA\">Bilaga</span>\r\n\t\t\t</p>\r\n\t\t\t<p class=\"Bilagerubrik\">\r\n\t\t\t\t<a name=\"_Toc529878159\"><span class=\"tSidrubrikJA\">Förteckning över behandlade förslag</span></a>\r\n\t\t\t</p>\r\n\t\t\t<p class=\"Rubrik2bilaga\" style=\"-aw-sdt-tag:'dokumentavsnitt/förteckning över behandlade förslag/238730035/1539588188113'; -aw-sdt-title:'förteckning över behandlade förslag'\">\r\n\t\t\t\t<a name=\"_Toc529878160\"><span>Skrivelsen</span></a><span> </span>\r\n\t\t\t</p>\r\n\t\t\t<p style=\"-aw-sdt-tag:'dokumentavsnitt/förteckning över behandlade förslag/238730035/1539588188113'; -aw-sdt-title:'förteckning över behandlade förslag'\">\r\n\t\t\t\t<span>Regeringens skrivelse 2017/18:297 Riksrevisionens rapport om regeringens styrning av affärsverken.</span>\r\n\t\t\t</p>\r\n\t\t\t<p class=\"Mellanrum\">\r\n\t\t\t\t<span> </span>\r\n\t\t\t</p>\r\n\t\t\t<p class=\"Mellanrum\" style=\"-aw-sdt-tag:'dokumentavsnitt/förteckning över behandlade förslag/238730035/1539588188113'; -aw-sdt-title:'förteckning över behandlade förslag'\">\r\n\t\t\t\t<span> </span>\r\n\t\t\t</p>\r\n\t\t\t<p>\r\n\t\t\t\t<span> </span>\r\n\t\t\t</p>\r\n\t\t</div>\r\n\t"},"dokutskottsforslag":{"utskottsforslag":{"punkt":"1","rubrik":"Riksrevisionens rapport om regeringens styrning av affärsverken","forslag":"<BR/>Riksdagen lägger skrivelse 2017/18:297 till handlingarna.<BR/><BR/>","beslutstyp":"acklamation","motforslag_nummer":"0","motforslag_partier":null,"votering_id":null,"votering_sammanfattning_html":null,"votering_url_xml":null,"rm":"2018/19","bet":"FiU13","vinnare":"utskottet"}},"dokaktivitet":{"aktivitet":[{"kod":"UBE","namn":"Beredning","datum":"2018-10-23 00:00:00","status":"inträffat","ordning":"0","process":null},{"kod":"UBE","namn":"Beredning","datum":"2018-11-06 00:00:00","status":"inträffat","ordning":"0","process":null},{"kod":"JUS","namn":"Justering","datum":"2018-11-13 00:00:00","status":"inträffat","ordning":"0","process":null},{"kod":"TRY","namn":"Trycklov","datum":"2018-11-13 00:00:00","status":"inträffat","ordning":"0","process":null},{"kod":"B","namn":"Bordläggning","datum":"2018-11-20 00:00:00","status":"inträffat","ordning":"0","process":null},{"kod":"BEH","namn":"Behandling","datum":"2018-11-21 00:00:00","status":"inträffat","ordning":"0","process":null},{"kod":"BES","namn":"Beslut","datum":"2018-11-21 00:00:00","status":"inträffat","ordning":"0","process":null}]},"dokuppgift":{"uppgift":[{"kod":"notis","namn":"Beslut i korthet","text":"                           <p>Riksdagen&nbsp;har granskat en skrivelse från regeringen. Skrivelsen handlar om Riksrevisionens rapport om regeringens styrning av affärsverken. Affärsverk är statliga verksamheter som exempelvis ansvarar för att bygga ut och underhålla infrastruktur. Det finns tre affärsverk: Svenska kraftnät, Luftfartsverket och Sjöfartsverket.</p>\r\n<p>Riksrevisionen har granskat regeringens styrning av affärsverken. Enligt Riksrevisionen bör regeringen låta se över regelverket för affärsverken för att säkerställa att det är relevant och aktuellt. Bland annat bör regeringen utarbeta kriterier för när affärsverksformen är lämplig för verksamheten. Sådana kriterier finns exempelvis för statligt ägda bolag. Dessutom bör regeringen utveckla och redovisa motiven till affärsverkens ekonomiska mål. Enligt skrivelsen håller regeringen inte med om Riksrevisionens sammanfattande slutsats att regeringen inte i tillräcklig utsträckning har utvecklat och anpassat styrningen av affärsverken. Samtidigt anser regeringen att Riksrevisionens iakttagelser, slutsatser och rekommendationer är värdefulla och kan komma att ingå i underlaget för framtida beslut.</p>\r\n<p>Riksdagen&nbsp;välkomnar granskningen och tycker att det är viktigt med öppenhet när det gäller regeringens styrning av affärsverken. Riksdagen&nbsp;har inga invändningar mot regeringens bedömningar och lägger skrivelsen till handlingarna, det vill säga avslutar ärendet.</p>\r\n                                            ","dok_id":"H601FiU13","systemdatum":"2018-11-21 16:39:41"},{"kod":"notisrubrik","namn":"Beslut","text":"Regeringens styrning av affärsverken har granskats (FiU13)","dok_id":"H601FiU13","systemdatum":"2018-11-21 16:39:41"},{"kod":"utsknotis","namn":"Utskottets förslag till beslut","text":"                           <p>Finansutskottet har granskat en skrivelse från regeringen. Skrivelsen handlar om Riksrevisionens rapport om regeringens styrning av affärsverken. Affärsverk är statliga verksamheter som exempelvis ansvarar för att bygga ut och underhålla infrastruktur. Det finns tre affärsverk: Svenska kraftnät, Luftfartsverket och Sjöfartsverket.</p>\r\n<p>Riksrevisionen har granskat regeringens styrning av affärsverken. Enligt Riksrevisionen bör regeringen låta se över regelverket för affärsverken för att säkerställa att det är relevant och aktuellt. Bland annat bör regeringen utarbeta kriterier för när affärsverksformen är lämplig för verksamheten. Sådana kriterier finns exempelvis för statligt ägda bolag. Dessutom bör regeringen utveckla och redovisa motiven till affärsverkens ekonomiska mål. Enligt skrivelsen håller regeringen inte med om Riksrevisionens sammanfattande slutsats att regeringen inte i tillräcklig utsträckning har utvecklat och anpassat styrningen av affärsverken. Samtidigt anser regeringen att Riksrevisionens iakttagelser, slutsatser och rekommendationer är värdefulla och kan komma att ingå i underlaget för framtida beslut.</p>\r\n<p>Finansutskottet välkomnar granskningen och tycker att det är viktigt med öppenhet när det gäller regeringens styrning av affärsverken. Utskottet har inga invändningar mot regeringens bedömningar och föreslår att riksdagen lägger skrivelsen till handlingarna, det vill säga avslutar ärendet.</p>\r\n                                            ","dok_id":"H601FiU13","systemdatum":"2018-11-21 16:39:41"},{"kod":"utsknotisrubrik","namn":"Utskottets förslag","text":"Regeringens styrning av affärsverken har granskats (FiU13)","dok_id":"H601FiU13","systemdatum":"2018-11-21 16:39:41"},{"kod":"rdbeslut","namn":"Riksdagens beslut","text":"Kammaren biföll utskottets förslag.","dok_id":"H601FiU13","systemdatum":"2018-11-21 16:57:20"},{"kod":"beslutssammanfattningusk","namn":"Utskottets förslag till beslut","text":"Skrivelsen läggs till handlingarna.","dok_id":"H601FiU13","systemdatum":"2018-11-13 15:56:42"},{"kod":"debattdatumtid","namn":"Datum och tid för debatten","text":"2018-11-21 00:00:00","dok_id":"H601FiU13","systemdatum":"2018-11-21 16:39:41"},{"kod":"beslutdatumtid","namn":"Datum och tid för beslutet","text":"2018-11-21 00:00:00","dok_id":"H601FiU13","systemdatum":"2018-11-21 16:39:41"},{"kod":"statustext","namn":"statustext","text":"Ärendet är avslutat","dok_id":"H601FiU13","systemdatum":"2018-11-22 13:31:36"}]},"dokbilaga":{"bilaga":{"dok_id":"H601FiU13","titel":"Riksrevisionens rapport om regeringens styrning av affärsverken","subtitel":null,"filnamn":"2018_19_FiU13_20181113155603_Publicering.pdf","filstorlek":"305114","filtyp":"pdf","fil_url":"http://data.riksdagen.se/fil/CFEF2950-B234-42DF-8E3E-6C23989F9FDC"}},"dokreferens":{"referens":[{"referenstyp":"behandlar","uppgift":"Skrivelse 2017/18:297 Riksrevisionens rapport om regeringens styrning av affärsverken","ref_dok_id":"H503297","ref_dok_typ":"prop","ref_dok_rm":"2017/18","ref_dok_bet":"297","ref_dok_titel":"Riksrevisionens rapport om regeringens styrning av affärsverken","ref_dok_subtitel":null,"ref_dok_subtyp":"skr","ref_dok_dokumentnamn":"Skrivelse"},{"referenstyp":"föredragningslista","uppgift":"föredragningslista 2018/19:19 Onsdag den 21 november 2018","ref_dok_id":"H60I19","ref_dok_typ":"f-lista","ref_dok_rm":"2018/19","ref_dok_bet":"19","ref_dok_titel":"Onsdag den 21 november 2018","ref_dok_subtitel":null,"ref_dok_subtyp":null,"ref_dok_dokumentnamn":"Föredragningslista"},{"referenstyp":"protokollbeslut","uppgift":"2018-11-21","ref_dok_id":"H60919","ref_dok_typ":"prot","ref_dok_rm":"2018/19","ref_dok_bet":"19","ref_dok_titel":"Protokoll 2018/19:19 Onsdagen den 21 november","ref_dok_subtitel":null,"ref_dok_subtyp":null,"ref_dok_dokumentnamn":"Protokoll"},{"referenstyp":"rskr","uppgift":null,"ref_dok_id":"H60K37","ref_dok_typ":"rskr","ref_dok_rm":"2018/19","ref_dok_bet":"37","ref_dok_titel":"Riksdagsskrivelse 2018/19:37","ref_dok_subtitel":null,"ref_dok_subtyp":"rskr","ref_dok_dokumentnamn":"Riksdagsskrivelse"}]},"debatt":null}}