{"dokumentstatus":{"dokument":{"hangar_id":"5022668","dok_id":"H601AU15","rm":"2018/19","beteckning":"AU15","typ":"bet","subtyp":"bet","doktyp":"bet","typrubrik":"Betänkande 2018/19:AU15","dokumentnamn":"Betänkande","debattnamn":"Debatt om förslag","tempbeteckning":"","organ":"AU","mottagare":"","nummer":"15","slutnummer":"0","datum":"2019-06-14 00:00:00","systemdatum":"2019-06-19 18:14:40","publicerad":"2019-02-21 09:09:08","titel":"ILO:s rekommendation om sysselsättning och anständigt arbete för fred och motståndskraft","subtitel":"","status":"Webbpublicering","htmlformat":"html","relaterat_id":"","source":"RIM","sourceid":"e08d5d0a-a20a-4854-bd0d-e6a31a71bea9","dokument_url_text":"http://data.riksdagen.se/dokument/H601AU15/text","dokument_url_html":"http://data.riksdagen.se/dokument/H601AU15","dokumentstatus_url_xml":"http://data.riksdagen.se/dokumentstatus/H601AU15","utskottsforslag_url_xml":"http://data.riksdagen.se/utskottsforslag/H601AU15","html":"<style><!--\r\n .w600px{width: 600px;font-family:Verdana, Geneva, sans-serif}\r\nh2.dtyp{font-size:1.5em !important;} \r\n/********************************************************************************************************/\r\n/* Styles for D:\\Logs\\DocumentConverter\\\\Output_2c7e75ff-18a7-4b47-a6cf-2251b5832d31\\HTML\\Dokument.html */\r\n/* Generated by Aspose.Words for .NET 15.3.0.0                                                          */\r\n/********************************************************************************************************/\r\n\r\n@page Section1 { size:467.8pt 686.05pt; margin:45.35pt 102.05pt 73.7pt 70.85pt }\r\ndiv.Section1 { page:Section1 }\r\nzbody { text-align:justify; line-height:12.5pt; font-family:'Verdana'; font-size:9.5pt }\r\nzh1, h2, h3, h4, h5, h6, p { margin:3.1pt 0pt 0pt }\r\nzli, table { margin-top:3.1pt; margin-bottom:0pt }\r\nzh1 { margin-top:3.1pt; margin-bottom:12pt; text-align:left; page-break-after:avoid; line-height:12.5pt; font-family:'Verdana'; font-size:16pt; font-weight:normal }\r\nzh2 { margin-top:20pt; margin-bottom:6pt; text-align:left; page-break-inside:avoid; page-break-after:avoid; line-height:12.5pt; font-family:'Verdana'; font-size:13.5pt; font-weight:normal }\r\nzh3 { margin-top:20pt; margin-bottom:3.1pt; text-align:left; page-break-inside:avoid; page-break-after:avoid; line-height:12.5pt; font-family:'Verdana'; font-size:10.5pt; font-weight:bold }\r\nzh4 { margin-top:15pt; margin-bottom:3.1pt; text-align:left; page-break-inside:avoid; page-break-after:avoid; line-height:12.5pt; font-family:'Verdana'; font-size:10.5pt; font-weight:normal; font-style:italic; color:#000000 }\r\nzh5 { margin-top:6.25pt; margin-bottom:0pt; text-align:justify; page-break-inside:avoid; page-break-after:avoid; line-height:12.5pt; font-family:'Verdana'; font-size:9.5pt; font-weight:bold }\r\nzh6 { margin-top:6.25pt; margin-bottom:0pt; text-align:justify; page-break-inside:avoid; page-break-after:avoid; line-height:12.5pt; font-family:'Verdana'; font-size:9.5pt; font-weight:normal; font-style:italic; color:#000000 }\r\n.Heading7 { margin-top:2pt; margin-bottom:0pt; text-align:justify; page-break-inside:avoid; page-break-after:avoid; line-height:12.5pt; font-family:'Verdana'; font-size:9.5pt; font-weight:normal; font-style:italic; color:#243f60 }\r\n.Heading8 { margin-top:2pt; margin-bottom:0pt; text-align:justify; page-break-inside:avoid; page-break-after:avoid; line-height:12.5pt; font-family:'Verdana'; font-size:9pt; font-weight:normal; color:#272727 }\r\n.Heading9 { margin-top:2pt; margin-bottom:0pt; text-align:justify; page-break-inside:avoid; page-break-after:avoid; line-height:12.5pt; font-family:'Verdana'; font-size:9pt; font-weight:normal; font-style:italic; color:#272727 }\r\n.Avsnittsrubrik { margin-top:0pt; margin-bottom:27.7pt; text-align:left; page-break-before:always; page-break-after:avoid; line-height:normal; font-family:'Verdana'; font-size:16pt }\r\n.Avvikandemeningrubrik { margin-top:0pt; margin-bottom:3.1pt; text-align:left; page-break-inside:avoid; page-break-after:avoid; line-height:12.5pt; font-family:'Verdana'; font-size:10.5pt; font-weight:bold }\r\n.BalloonText { margin-top:3.1pt; margin-bottom:0pt; text-align:justify; line-height:normal; font-family:Tahoma; font-size:8pt }\r\n.Bilaga { margin-top:0pt; margin-bottom:0pt; text-align:left; page-break-before:always; page-break-after:avoid; line-height:normal; widows:0; orphans:0; font-family:'Verdana'; font-size:8pt; font-variant:small-caps; text-decoration:underline }\r\n.Bilagerubrik { margin-top:0pt; margin-bottom:17.7pt; text-align:left; page-break-after:auto; line-height:normal; widows:0; orphans:0; font-family:'Verdana'; font-size:16pt }\r\n.Bild-Rubrik { margin-top:8pt; margin-bottom:0pt; text-align:justify; page-break-inside:avoid; page-break-after:avoid; line-height:10pt; font-family:'Verdana'; font-size:9.5pt; font-weight:bold }\r\n.Bild-Underrubrik { margin-top:0pt; margin-bottom:1pt; text-align:left; page-break-inside:avoid; page-break-after:avoid; line-height:8pt; font-family:'Verdana'; font-size:8pt; font-weight:normal; font-style:italic }\r\n.BodyText { margin-top:3.1pt; margin-bottom:0pt; text-align:left; line-height:12.5pt; font-family:'Verdana'; font-size:9.5pt }\r\n.BodyTextIndent2 { margin-top:3.1pt; margin-left:14.15pt; margin-bottom:6pt; text-align:justify; line-height:200%; font-family:'Verdana'; font-size:9.5pt }\r\n.Citatindrag { margin-top:0pt; margin-left:14.2pt; margin-bottom:6.1pt; text-indent:14.2pt; text-align:justify; line-height:10pt; font-family:'Verdana'; font-size:9.5pt }\r\n.CommentSubject { margin-top:3.1pt; margin-bottom:0pt; text-align:justify; line-height:normal; font-family:'Verdana'; font-size:10pt; font-weight:bold }\r\n.CommentText { margin-top:3.1pt; margin-bottom:0pt; text-align:justify; line-height:normal; font-family:'Verdana'; font-size:10pt }\r\n.Deltagare { margin-top:0pt; margin-bottom:0pt; text-align:justify; page-break-inside:avoid; page-break-after:avoid; line-height:9.5pt; font-family:'Verdana'; font-size:9.5pt }\r\n.Diagram-Rubrik { margin-top:8pt; margin-bottom:0pt; text-align:justify; page-break-inside:avoid; page-break-after:avoid; line-height:10pt; font-family:'Verdana'; font-size:9.5pt; font-weight:bold }\r\n.Diagram-Underrubrik { margin-top:0pt; margin-bottom:1pt; text-align:left; page-break-inside:avoid; page-break-after:avoid; line-height:8pt; font-family:'Verdana'; font-size:8pt; font-weight:normal; font-style:italic }\r\n.DokumentRubrik { margin-top:6pt; margin-bottom:24pt; text-align:left; line-height:normal; border-bottom-style:solid; border-bottom-width:0.75pt; border-bottom-color:#000000; padding-bottom:4pt; font-family:'Verdana'; font-size:18pt }\r\n.Dokumentbeteckning { margin-top:0pt; margin-bottom:0pt; text-align:left; page-break-inside:avoid; page-break-after:avoid; line-height:12.5pt; font-family:'Verdana'; font-size:16pt }\r\n.Footer { margin-top:3.1pt; margin-bottom:0pt; text-align:justify; line-height:normal; font-family:'Verdana'; font-size:9.5pt }\r\n.FootnoteText { margin-top:0pt; margin-bottom:0pt; text-align:justify; line-height:8pt; font-family:'Verdana'; font-size:8pt }\r\n.Fotnotstextindrag { margin-top:0pt; margin-left:5.65pt; margin-bottom:0pt; text-align:left; line-height:8pt; font-family:'Verdana'; font-size:8pt }\r\n.Frslagspunkt { margin-top:0pt; margin-bottom:0pt; text-align:left; page-break-inside:avoid; page-break-after:avoid; line-height:12.5pt; font-family:'Verdana'; font-size:9.5pt; font-weight:bold }\r\n.Frslagstext { margin-top:0pt; margin-bottom:0pt; text-align:justify; line-height:12.5pt; font-family:'Verdana'; font-size:9.5pt }\r\n.Frteckningsrubrik { margin-top:9.6pt; margin-bottom:3.1pt; text-align:left; page-break-inside:avoid; page-break-after:avoid; line-height:normal; font-family:'Verdana'; font-size:9.5pt; font-weight:normal; font-style:italic; color:#000000 }\r\n.Grupprubrik { margin-top:6pt; margin-bottom:0pt; text-align:left; page-break-inside:avoid; page-break-after:avoid; line-height:12.5pt; font-family:'Verdana'; font-size:9.5pt; font-style:italic }\r\n.Grupprubrikindrag { margin-top:6pt; margin-left:22.1pt; margin-bottom:0pt; text-align:left; page-break-inside:avoid; page-break-after:avoid; line-height:12.5pt; font-family:'Verdana'; font-size:9.5pt; font-style:italic }\r\n.Header { margin-top:0pt; margin-bottom:0pt; text-align:justify; line-height:normal; font-family:'Verdana'; font-size:7.5pt; font-variant:small-caps }\r\n.Innehllsfrteckning { margin-top:0pt; margin-bottom:17.7pt; text-align:left; page-break-before:always; page-break-after:auto; line-height:normal; font-family:'Verdana'; font-size:16pt }\r\n.Kantrubrik { margin-top:0pt; margin-bottom:0pt; text-align:justify; line-height:normal; font-family:'Verdana'; font-size:7.5pt }\r\n.ListBullet { margin-top:6.25pt; margin-left:17.85pt; margin-bottom:6.25pt; text-indent:-17.85pt; text-align:justify; line-height:12.5pt; font-family:'Verdana'; font-size:9.5pt }\r\n.ListParagraph { margin-top:3.1pt; margin-left:28.35pt; margin-bottom:0pt; text-align:justify; line-height:12.5pt; font-family:'Verdana'; font-size:9.5pt }\r\n.Litentext { margin-top:0pt; margin-bottom:0pt; text-align:justify; line-height:normal; font-family:'Verdana'; font-size:8pt }\r\n.Mellanrubrik { margin-top:11pt; margin-bottom:3.1pt; text-align:left; page-break-after:avoid; line-height:12.5pt; font-family:'Verdana'; font-size:9.5pt; font-style:italic }\r\n.Mellanrum { margin-top:0pt; margin-bottom:0pt; text-align:left; page-break-before:auto; page-break-after:auto; line-height:1pt; widows:0; orphans:0; font-family:'Verdana'; font-size:1pt; font-variant:small-caps; text-decoration:none; color:#ffffff }\r\n.NormalIndent { margin-top:0pt; margin-bottom:0pt; text-indent:11.35pt; text-align:justify; line-height:12.5pt; font-family:'Verdana'; font-size:9.5pt }\r\n.Normalinskjuten { margin-top:0pt; margin-left:22.1pt; margin-bottom:0pt; text-align:justify; line-height:12.5pt; font-family:'Verdana'; font-size:9.5pt }\r\n.Normalinskjutenindrag { margin-top:0pt; margin-left:22.1pt; margin-bottom:0pt; text-indent:11.35pt; text-align:justify; line-height:12.5pt; font-family:'Verdana'; font-size:9.5pt }\r\n.Normalinskjutenkursiv { margin-top:6pt; margin-bottom:0pt; line-height:normal; font-family:'Verdana'; font-size:10pt; font-style:italic }\r\n.Normalkursiv { margin-top:3.1pt; margin-bottom:0pt; text-align:left; line-height:12.5pt; font-family:'Verdana'; font-size:9.5pt; font-style:italic }\r\n.Normalruta { margin:3.1pt 5.65pt 0pt; text-align:justify; page-break-inside:avoid; page-break-after:avoid; line-height:12.5pt; border-top-style:solid; border-top-width:0.75pt; border-top-color:#000000; border-right-style:solid; border-right-width:0.75pt; border-right-color:#000000; border-left-style:solid; border-left-width:0.75pt; border-left-color:#000000; border-bottom-style:solid; border-bottom-width:0.75pt; border-bottom-color:#000000; padding-top:4pt; padding-right:4pt; padding-left:4pt; padding-bottom:4pt; font-family:'Verdana'; font-size:10.5pt }\r\n.Normalrutafet { margin:3.1pt 5.65pt 0pt; text-align:justify; page-break-inside:avoid; page-break-after:avoid; line-height:12.5pt; border-top-style:solid; border-top-width:0.75pt; border-top-color:#000000; border-right-style:solid; border-right-width:0.75pt; border-right-color:#000000; border-left-style:solid; border-left-width:0.75pt; border-left-color:#000000; border-bottom-style:solid; border-bottom-width:0.75pt; border-bottom-color:#000000; padding-top:4pt; padding-right:4pt; padding-left:4pt; padding-bottom:4pt; font-family:'Verdana'; font-size:10.5pt; font-weight:bold }\r\n.Normalrutaindrag { margin:0pt 5.65pt; text-indent:11.35pt; text-align:justify; page-break-inside:avoid; page-break-after:avoid; line-height:12.5pt; border-top-style:solid; border-top-width:0.75pt; border-top-color:#000000; border-right-style:solid; border-right-width:0.75pt; border-right-color:#000000; border-left-style:solid; border-left-width:0.75pt; border-left-color:#000000; border-bottom-style:solid; border-bottom-width:0.75pt; border-bottom-color:#000000; padding-top:4pt; padding-right:4pt; padding-left:4pt; padding-bottom:4pt; font-family:'Verdana'; font-size:10.5pt }\r\n.Normalutanluftfre { margin-top:0pt; margin-bottom:0pt; text-align:justify; line-height:12.5pt; font-family:'Verdana'; font-size:9.5pt }\r\n.NormalNoll { margin-top:0pt; margin-bottom:3.1pt; text-align:left; line-height:12.5pt; font-family:'Verdana'; font-size:10.5pt; font-weight:bold }\r\n.NumlistaTOC { margin:3.1pt 28.35pt 0pt 0pt; text-indent:0pt; text-align:left; line-height:normal; font-family:'Verdana'; font-size:9.5pt }\r\n.Ordfranden { margin-top:3.1pt; margin-bottom:22pt; text-align:left; page-break-inside:avoid; page-break-after:avoid; line-height:normal; font-family:'Verdana'; font-size:9.5pt; font-style:italic }\r\n.OrtochDatum { margin-top:18pt; margin-bottom:18pt; text-align:left; page-break-inside:avoid; page-break-after:avoid; line-height:normal; font-family:'Verdana'; font-size:9.5pt }\r\n.Punktlistabomb { margin-top:6.25pt; margin-left:14.2pt; margin-bottom:6.25pt; text-indent:-14.2pt; text-align:justify; line-height:12.5pt; font-family:'Verdana'; font-size:9.5pt }\r\n.Punktlistagemener { margin-top:6.25pt; margin-left:14.2pt; margin-bottom:6.25pt; text-indent:-14.2pt; text-align:justify; line-height:12.5pt; font-family:'Verdana'; font-size:9.5pt }\r\n.Punktlistalinje { margin-top:6.25pt; margin-left:14.2pt; margin-bottom:6.25pt; text-indent:-14.2pt; text-align:justify; line-height:12.5pt; font-family:'Verdana'; font-size:9.5pt }\r\n.Punktlistasiffra { margin-top:6.25pt; margin-left:14.2pt; margin-bottom:6.25pt; text-indent:-14.2pt; text-align:justify; line-height:12.5pt; font-family:'Verdana'; font-size:9.5pt }\r\n.PVgnar { margin-top:3.1pt; margin-bottom:26pt; text-align:left; page-break-inside:avoid; page-break-after:avoid; line-height:normal; font-family:'Verdana'; font-size:9.5pt }\r\n.Quote { margin-top:6.1pt; margin-left:14.2pt; margin-bottom:0pt; text-align:justify; line-height:10pt; font-family:'Verdana'; font-size:9.5pt }\r\n.R1 { margin-top:3.1pt; margin-bottom:12pt; text-align:left; page-break-after:avoid; line-height:12.5pt; font-family:'Verdana'; font-size:16pt }\r\n.R1bilaga { margin-top:3.1pt; margin-bottom:12pt; text-align:left; page-break-after:auto; line-height:12.5pt; font-family:'Verdana'; font-size:16pt }\r\n.R2 { margin-top:20pt; margin-bottom:6pt; text-align:left; page-break-inside:avoid; page-break-after:avoid; line-height:12.5pt; font-family:'Verdana'; font-size:13.5pt }\r\n.R3 { margin-top:20pt; margin-bottom:3.1pt; text-align:left; page-break-inside:avoid; page-break-after:avoid; line-height:12.5pt; font-family:'Verdana'; font-size:10.5pt; font-weight:bold }\r\n.R4 { margin-top:15pt; margin-bottom:3.1pt; text-align:left; page-break-inside:avoid; page-break-after:avoid; line-height:12.5pt; font-family:'Verdana'; font-size:10.5pt; font-weight:normal; font-style:italic; color:#000000 }\r\n.R5 { margin-top:6.25pt; margin-bottom:0pt; text-align:justify; page-break-inside:avoid; page-break-after:avoid; line-height:12.5pt; font-family:'Verdana'; font-size:9.5pt; font-weight:bold }\r\n.R6 { margin-top:6.25pt; margin-bottom:0pt; text-align:justify; page-break-inside:avoid; page-break-after:avoid; line-height:12.5pt; font-family:'Verdana'; font-size:9.5pt; font-weight:normal; font-style:italic; color:#000000 }\r\n.Reservationshnvisning { margin-top:0pt; margin-bottom:8pt; text-align:right; line-height:12.5pt; font-family:'Verdana'; font-size:9.5pt; font-style:italic }\r\n.Reservationsrubrik { margin-top:0pt; margin-bottom:3.1pt; text-align:left; page-break-inside:avoid; page-break-after:avoid; line-height:12.5pt; font-family:'Verdana'; font-size:10.5pt; font-weight:bold }\r\n.Rubrik1Dokumentinformation { margin-top:0pt; margin-bottom:0pt; text-align:left; page-break-inside:avoid; page-break-after:avoid; line-height:12.5pt; font-family:'Verdana'; font-size:16pt }\r\n.Rubrik1bilaga { margin-top:0pt; margin-bottom:27.7pt; text-align:left; page-break-after:auto; line-height:12.5pt; font-family:'Verdana'; font-size:16pt }\r\n.Rubrik1medsidhuvud { margin-top:3.1pt; margin-bottom:12pt; text-align:left; page-break-before:always; page-break-after:avoid; line-height:12.5pt; font-family:'Verdana'; font-size:16pt }\r\n.Rubrik1numrerat { margin-top:3.1pt; margin-left:0pt; margin-bottom:12pt; text-indent:0pt; text-align:left; page-break-after:avoid; line-height:12.5pt; font-family:'Verdana'; font-size:16pt }\r\n.Rubrik1numreratmedsidhuvud { margin-top:0pt; margin-left:0pt; margin-bottom:16pt; text-indent:0pt; text-align:left; page-break-before:always; page-break-after:avoid; line-height:normal; font-family:'Verdana'; font-size:16pt }\r\n.Rubrik2bilaga { margin-top:20pt; margin-bottom:6pt; text-align:left; page-break-inside:avoid; page-break-after:avoid; line-height:12.5pt; font-family:'Verdana'; font-size:13.5pt }\r\n.Rubrik2numrerat { margin-top:20pt; margin-left:0pt; margin-bottom:6pt; text-indent:0pt; text-align:left; page-break-inside:avoid; page-break-after:avoid; line-height:12.5pt; font-family:'Verdana'; font-size:13.5pt }\r\n.Rubrik3numrerat { margin-top:20pt; margin-left:0pt; margin-bottom:3.1pt; text-indent:0pt; text-align:left; page-break-inside:avoid; page-break-after:avoid; line-height:12.5pt; font-family:'Verdana'; font-size:10.5pt; font-weight:bold }\r\n.Sammanfattning { margin-top:3.1pt; margin-bottom:12pt; text-align:left; page-break-after:auto; line-height:12.5pt; font-family:'Verdana'; font-size:16pt }\r\n.Sidhuvudhgerstlld { margin-top:0pt; margin-bottom:0pt; text-align:right; line-height:normal; font-family:'Verdana'; font-size:7.5pt; font-variant:small-caps }\r\n.Sidhuvudvnsterstlld { margin-top:0pt; margin-bottom:0pt; text-align:left; line-height:normal; font-family:'Verdana'; font-size:7.5pt; font-variant:small-caps }\r\n.Stdrubrik { margin-top:12pt; margin-bottom:0pt; line-height:12pt; font-family:'Verdana'; font-size:9.5pt; font-weight:bold }\r\n.Srskiltyttranderubrik { margin-top:0pt; margin-bottom:3.1pt; text-align:left; page-break-inside:avoid; page-break-after:avoid; line-height:12.5pt; font-family:'Verdana'; font-size:10.5pt; font-weight:bold }\r\n.TOC1 { margin-top:0pt; margin-right:28.35pt; margin-bottom:0pt; text-align:left; line-height:normal; font-family:'Verdana'; font-size:9.5pt }\r\n.TOC2 { margin:0pt 28.35pt 0pt 5.65pt; text-align:left; line-height:normal; font-family:'Verdana'; font-size:9.5pt }\r\n.TOC3 { margin:0pt 28.35pt 0pt 11.35pt; text-align:left; line-height:normal; font-family:'Verdana'; font-size:9.5pt }\r\n.TOC4 { margin:0pt 28.35pt 0pt 17pt; text-align:left; line-height:normal; font-family:'Verdana'; font-size:9.5pt }\r\n.TOC5 { margin:0pt 28.35pt 0pt 22.7pt; text-align:left; line-height:normal; font-family:'Verdana'; font-size:9.5pt }\r\n.TOC6 { margin-top:0pt; margin-left:47.65pt; margin-bottom:0pt; text-align:left; line-height:normal; font-family:'Verdana'; font-size:9.5pt }\r\n.TOC7 { margin-top:0pt; margin-right:28.35pt; margin-bottom:0pt; text-align:left; line-height:normal; font-family:'Verdana'; font-size:9.5pt }\r\n.TOC8 { margin-top:0pt; margin-right:28.35pt; margin-bottom:0pt; text-align:left; line-height:normal; font-family:'Verdana'; font-size:9.5pt }\r\n.TOC9 { margin-top:0pt; margin-left:8.5pt; margin-bottom:0pt; text-align:left; line-height:normal; font-family:'Verdana'; font-size:9.5pt }\r\n.TOCHeading { margin-top:3.1pt; margin-bottom:9pt; text-align:left; page-break-before:always; page-break-inside:avoid; page-break-after:avoid; line-height:12.5pt; font-family:'Verdana'; font-size:16pt }\r\n.Tabell-Kolumnrubrik { margin-bottom:0pt; line-height:12pt; font-family:'Verdana'; font-size:8pt; font-weight:bold }\r\n.Tabell-Klla { margin-top:2pt; margin-bottom:0pt; line-height:8pt; font-family:'Verdana'; font-size:7pt }\r\n.Tabell-Radrubrik { margin-bottom:0pt; line-height:12pt; font-family:'Verdana'; font-size:8pt }\r\n.Tabell-Rubrik { margin-top:12pt; margin-bottom:3pt; text-align:left; page-break-inside:avoid; page-break-after:avoid; line-height:10pt; font-family:'Verdana'; font-size:9pt; font-weight:bold }\r\n.Tabell-Siffror { margin-bottom:0pt; text-align:right; line-height:12pt; font-family:'Verdana'; font-size:8pt }\r\n.Tabell-Text { margin-bottom:0pt; line-height:12pt; font-family:'Verdana'; font-size:8pt }\r\n.Tabell-Underrubrik { margin-top:0pt; margin-bottom:1pt; text-align:left; page-break-inside:avoid; page-break-after:avoid; line-height:8pt; font-family:'Verdana'; font-size:8pt; font-weight:normal; font-style:italic }\r\n.TableofFigures { margin-top:3.1pt; margin-bottom:0pt; text-align:justify; line-height:normal; font-family:'Verdana'; font-size:9.5pt }\r\n.TillX-utskottet { margin-top:0pt; margin-bottom:12pt; text-align:left; page-break-after:avoid; line-height:12.5pt; font-family:'Verdana'; font-size:16pt }\r\n.Title { margin-top:3.1pt; margin-bottom:1pt; text-align:left; line-height:12pt; font-family:'Verdana'; font-size:20pt; letter-spacing:-0.5pt }\r\n.Vapen { margin-top:0pt; margin-bottom:0pt; text-align:left; page-break-inside:avoid; page-break-after:avoid; line-height:12.5pt; font-family:'Verdana'; font-size:16pt }\r\n.Yrkandelista { margin-top:3.1pt; margin-left:28.35pt; margin-bottom:0pt; text-indent:-28.35pt; text-align:justify; line-height:12.5pt; font-family:'Verdana'; font-size:9.5pt }\r\n.YrkandelistaEtt { margin-top:3.1pt; margin-left:0pt; margin-bottom:0pt; text-indent:0pt; text-align:justify; line-height:12.5pt; font-family:'Verdana'; font-size:9.5pt }\r\nspan.BallongtextChar { font-family:Tahoma; font-size:8pt }\r\nspan.BilagaChar { font-family:'Verdana'; font-size:8pt; font-variant:small-caps; text-decoration:underline }\r\nspan.BrdtextChar { font-family:'Verdana'; font-size:9.5pt }\r\nspan.BrdtextChar1 { font-family:'Verdana'; font-size:9.5pt }\r\nspan.Brdtextmedindrag2Char { font-family:'Verdana'; font-size:9.5pt }\r\nspan.CitatChar { font-family:'Verdana'; font-size:9.5pt }\r\nspan.CommentReference { font-size:8pt }\r\nspan.DokumentRubrikChar { font-family:'Verdana'; font-size:18pt }\r\nspan.FootnoteReference { vertical-align:super }\r\nspan.FotnotstextChar { font-family:'Verdana'; font-size:8pt }\r\nspan.FotnotstextindragChar { font-family:'Verdana'; font-size:8pt }\r\nspan.FrslagspunktChar { font-family:'Verdana'; font-size:9.5pt; font-weight:bold; font-style:normal }\r\nspan.Hyperlink { text-decoration:none; color:#000000 }\r\nspan.KommentarerChar { font-family:'Verdana'; font-size:10pt }\r\nspan.KommentarsmneChar { font-family:'Verdana'; font-size:10pt; font-weight:bold }\r\nspan.NormalkursivChar { font-family:'Verdana'; font-size:9.5pt; font-style:italic }\r\nspan.NormaltindragChar { font-family:'Verdana'; font-size:9.5pt }\r\nspan.OrdfrandenChar { font-family:'Verdana'; font-size:9.5pt; font-style:italic }\r\nspan.OrtochDatumChar { font-family:'Verdana'; font-size:9.5pt }\r\nspan.PlaceholderText { color:#808080 }\r\nspan.PVgnarChar { font-family:'Verdana'; font-size:9.5pt }\r\nspan.ReservationshnvisningChar { font-family:'Verdana'; font-size:9.5pt; font-style:italic }\r\nspan.Rubrik1Char { font-family:'Verdana'; font-size:16pt }\r\nspan.Rubrik1DokumentinformationChar { font-family:'Verdana'; font-size:16pt }\r\nspan.Rubrik2Char { font-family:'Verdana'; font-size:13.5pt }\r\nspan.Rubrik3Char { font-family:'Verdana'; font-size:10.5pt; font-weight:bold }\r\nspan.Rubrik4Char { font-family:'Verdana'; font-size:10.5pt; font-style:italic; color:#000000 }\r\nspan.Rubrik5Char { font-family:'Verdana'; font-size:9.5pt; font-weight:bold }\r\nspan.Rubrik6Char { font-family:'Verdana'; font-size:9.5pt; font-style:italic; color:#000000 }\r\nspan.Rubrik7Char { font-family:'Verdana'; font-size:9.5pt; font-style:italic; color:#243f60 }\r\nspan.Rubrik8Char { font-family:'Verdana'; font-size:9pt; color:#272727 }\r\nspan.Rubrik9Char { font-family:'Verdana'; font-size:9pt; font-style:italic; color:#272727 }\r\nspan.RubrikChar { font-family:'Verdana'; font-size:20pt; letter-spacing:-0.5pt }\r\nspan.SidfotChar { font-family:'Verdana'; font-size:9.5pt }\r\nspan.SidhuvudChar { font-family:'Verdana'; font-size:7.5pt; font-variant:small-caps }\r\nspan.Tabell-Upphjttecken { font-family:'Verdana'; font-variant:normal; text-decoration:none; text-transform:none; vertical-align:super; display:inline }\r\nspan.VapenChar { font-family:'Verdana'; font-size:16pt }\r\nspan.tBilagaJA { color:#000000 }\r\nspan.tSidrubrikJA { color:#000000 }\r\n.TableGrid {  }\r\n--></style>\r\n\r\n\t\t<div class=\"Section1\">\r\n\t\t\t<table cellspacing=\"0\" cellpadding=\"0\" style=\"border-collapse:collapse; margin-left:0pt\">\r\n\t\t\t\t<tr style=\"height:79.4pt\">\r\n\t\t\t\t\t<td style=\"vertical-align:top; width:297.7pt\">\r\n\t\t\t\t\t\t<p class=\"Rubrik1Dokumentinformation\" style=\"margin-top:0pt; margin-bottom:0pt; text-align:left; page-break-inside:avoid; page-break-after:avoid; line-height:16pt\">\r\n\t\t\t\t\t\t\t<span style=\"font-family:'Verdana'; font-size:16pt; -aw-sdt-tag:ccUtskott; -aw-sdt-title:'utskottsnamn Dokumentegenskap'\">Arbetsmarknadsutskottet</span><span style=\"font-family:'Verdana'; font-size:16pt; -aw-sdt-tag:ccS; -aw-sdt-title:s\">s</span><span style=\"font-family:'Verdana'; font-size:16pt; -aw-sdt-tag:ccMellanslag; -aw-sdt-title:Mellanslag\"> </span><a name=\"Utlatande\"></a><span style=\"font-family:'Verdana'; font-size:16pt\">betänkande</span>\r\n\t\t\t\t\t\t</p>\r\n\t\t\t\t\t\t<p class=\"Dokumentbeteckning\" style=\"margin-top:0pt; margin-bottom:0pt; text-align:left; page-break-inside:avoid; page-break-after:avoid; line-height:16pt\">\r\n\t\t\t\t\t\t\t<span style=\"font-family:'Verdana'; font-size:16pt; -aw-sdt-tag:ccRiksmote; -aw-sdt-title:'riksmote Dokumentegenskap'\">2018/19</span><span style=\"font-family:'Verdana'; font-size:16pt; -aw-sdt-tag:ccKolon; -aw-sdt-title:Kolon\">:</span><a name=\"Utskottebeteckning\"></a><span style=\"font-family:'Verdana'; font-size:16pt\">AU15</span>\r\n\t\t\t\t\t\t</p>\r\n\t\t\t\t\t\t<p class=\"Rubrik1Dokumentinformation\" style=\"margin-top:0pt; margin-bottom:0pt; text-align:left; page-break-inside:avoid; page-break-after:avoid; line-height:16pt\">\r\n\t\t\t\t\t\t\t<span style=\"font-family:'Verdana'; font-size:16pt\"> </span>\r\n\t\t\t\t\t\t</p>\r\n\t\t\t\t\t</td>\r\n\t\t\t\t</tr>\r\n\t\t\t</table>\r\n\t\t\t<p class=\"DokumentRubrik\" style=\"-aw-sdt-tag:ccDokumentrubrik; -aw-sdt-title:'dokumentrubrik Dokumentegenskap'\">\r\n\t\t\t\t<span>ILO:s rekommendation om sysselsättning och anständigt arbete för fred och motståndskraft</span>\r\n\t\t\t</p>\r\n\t\t\t<p class=\"Sammanfattning\">\r\n\t\t\t\t<span class=\"tSidrubrikJA\">Sammanfattning</span>\r\n\t\t\t</p>\r\n\t\t\t<p>\r\n\t\t\t\t<span>Utskottet föreslår att riksdagen lägger </span><span>regeringens skrivelse</span><span> till handlingarna.</span>\r\n\t\t\t</p>\r\n\t\t\t<p class=\"NormalIndent\">\r\n\t\t\t\t<span>I </span><span>skrivelsen informeras riksdagen om Internationella</span><span> arbetsorganisationens (ILO) rekommendation nr 205 om sysselsättning och anständigt arbete för fred och motståndskraft. S</span><span>yftet med rekommendationen är att ge medlemsstaterna vägledning om hur de kan skapa sysselsättning och anständigt arbete för förebyggande, återhämtning, fred och motståndskraft i samband med krissituationer som uppstår till följd av konflikter och katastrofer.</span>\r\n\t\t\t</p>\r\n\t\t\t<p class=\"NormalIndent\">\r\n\t\t\t\t<span>Utskottet ansluter sig</span><span> till regeringens bedömning att rekommendationen inte bör leda till några författningsändringar eller andra åtgärder i Sverige.</span>\r\n\t\t\t</p>\r\n\t\t\t<p class=\"R4\">\r\n\t\t\t\t<span>Behandlade förslag</span>\r\n\t\t\t</p>\r\n\t\t\t<p>\r\n\t\t\t\t<span>S</span><span>krivelse</span><span> 2018/19:84 ILO:s rekommendation om sysselsättning och anständigt arbete för fred och motståndskraft.</span>\r\n\t\t\t</p>\r\n\t\t\t<p class=\"Innehllsfrteckning\">\r\n\t\t\t\t<a name=\"Innehållsförteckning\"></a><span class=\"tSidrubrikJA\">Innehållsförteckning</span>\r\n\t\t\t</p>\r\n\t\t\t<p class=\"TOC1\">\r\n\t\t\t\t<a style=\"color:#000000\" href=\"#_Toc11343549\"><span class=\"Hyperlink\">Utskottets förslag till riksdagsbeslut</span></a>\r\n\t\t\t</p>\r\n\t\t\t<p class=\"TOC1\">\r\n\t\t\t\t<a style=\"color:#000000\" href=\"#_Toc11343550\"><span class=\"Hyperlink\">Redogörelse för ärendet</span></a>\r\n\t\t\t</p>\r\n\t\t\t<p class=\"TOC1\">\r\n\t\t\t\t<a style=\"color:#000000\" href=\"#_Toc11343551\"><span class=\"Hyperlink\">Utskottets överväganden</span></a>\r\n\t\t\t</p>\r\n\t\t\t<p class=\"TOC2\">\r\n\t\t\t\t<a style=\"color:#000000\" href=\"#_Toc11343552\"><span class=\"Hyperlink\">ILO:s rekommendation om sysselsättning och anständigt arbete för fred och motståndskraft</span></a>\r\n\t\t\t</p>\r\n\t\t\t<p class=\"TOC8\">\r\n\t\t\t\t<span class=\"Hyperlink\" style=\"font-style:italic\">Bilaga</span><br /><a style=\"color:#000000\" href=\"#_Toc11343553\"><span class=\"Hyperlink\">Förteckning över behandlade förslag</span></a>\r\n\t\t\t</p>\r\n\t\t\t<p class=\"TOC9\">\r\n\t\t\t\t<a style=\"color:#000000\" href=\"#_Toc11343554\"><span class=\"Hyperlink\">Skrivelsen</span></a>\r\n\t\t\t</p>\r\n\t\t\t<p>\r\n\t\t\t</p>\r\n\t\t\t<p>\r\n\t\t\t\t<span> </span>\r\n\t\t\t</p>\r\n\t\t\t<p class=\"NormalIndent\">\r\n\t\t\t\t<span> </span>\r\n\t\t\t</p>\r\n\t\t\t<p class=\"Avsnittsrubrik\">\r\n\t\t\t\t<a name=\"_Toc11343549\"></a><a name=\"StopCC\"></a><span class=\"tSidrubrikJA\">Utskottets förslag till riksdagsbeslut</span><span style=\"-aw-bookmark-end:_Toc11343549\"></span>\r\n\t\t\t</p>\r\n\t\t\t<p class=\"Mellanrum\">\r\n\t\t\t\t<span> </span>\r\n\t\t\t</p>\r\n\t\t\t<p class=\"Mellanrum\">\r\n\t\t\t\t<span> </span>\r\n\t\t\t</p>\r\n\t\t\t<table cellspacing=\"0\" cellpadding=\"0\" style=\"border-collapse:collapse; margin-left:0pt; width:294.2pt\">\r\n\t\t\t\t<tr>\r\n\t\t\t\t\t<td style=\"vertical-align:top; width:22pt\">\r\n\t\t\t\t\t\t<p style=\"margin-top:3.1pt; margin-bottom:0pt; text-align:justify; page-break-inside:avoid; page-break-after:avoid; line-height:12.5pt\">\r\n\t\t\t\t\t\t\t<span style=\"font-family:'Verdana'; font-size:10.5pt; font-weight:bold\">ILO:s rekommendation om sysselsättning och anständigt arbete för fred och motståndskraft</span>\r\n\t\t\t\t\t\t</p>\r\n\t\t\t\t\t</td>\r\n\t\t\t\t</tr>\r\n\t\t\t</table>\r\n\t\t\t<p class=\"Normalutanluftfre\" style=\"-aw-sdt-tag:'dokumentavsnitt/utskottets förslag till riksdagsbeslut/1141280343/1560421957871'; -aw-sdt-title:'utskottets förslag till riksdagsbeslut'\">\r\n\t\t\t\t<span>Riksdagen lägger skrivelse 2018/19:84 till handlingarna.</span>\r\n\t\t\t</p>\r\n\t\t\t<p class=\"OrtochDatum\" style=\"-aw-sdt-tag:'dokumentavsnitt/utskottets förslag till riksdagsbeslut/1141280343/1560421957871'; -aw-sdt-title:'utskottets förslag till riksdagsbeslut'\">\r\n\t\t\t\t<span>Stockholm den 13 juni 2019</span>\r\n\t\t\t</p>\r\n\t\t\t<p class=\"PVgnar\" style=\"-aw-sdt-tag:'dokumentavsnitt/utskottets förslag till riksdagsbeslut/1141280343/1560421957871'; -aw-sdt-title:'utskottets förslag till riksdagsbeslut'\">\r\n\t\t\t\t<span>På arbetsmarknadsutskottets vägnar</span>\r\n\t\t\t</p>\r\n\t\t\t<p class=\"Ordfranden\" style=\"-aw-sdt-tag:'dokumentavsnitt/utskottets förslag till riksdagsbeslut/1141280343/1560421957871'; -aw-sdt-title:'utskottets förslag till riksdagsbeslut'\">\r\n\t\t\t\t<span>Anna Johansson</span>\r\n\t\t\t</p>\r\n\t\t\t<p class=\"Deltagare\" style=\"-aw-sdt-tag:'dokumentavsnitt/utskottets förslag till riksdagsbeslut/1141280343/1560421957871'; -aw-sdt-title:'utskottets förslag till riksdagsbeslut'\">\r\n\t\t\t\t<span>Följande ledamöter har deltagit i beslutet: Anna Johansson (S), Gulan Avci (L), Mats Green (M), Patrik Björck (S), Saila Quicklund (M), Magnus Persson (SD), Helén Pettersson (S), Josefin Malmqvist (M), Ebba Hermansson (SD), Johan Andersson (S), Sofia Damm (KD), Alexander Christiansson (SD), Leila Ali-Elmi (MP), Maria Nilsson (L), Johanna Haraldsson (S), Ciczie Weidby (V) och Annika Qarlsson (C).</span>\r\n\t\t\t</p>\r\n\t\t\t<p class=\"Mellanrum\" style=\"-aw-sdt-tag:'dokumentavsnitt/utskottets förslag till riksdagsbeslut/1141280343/1560421957871'; -aw-sdt-title:'utskottets förslag till riksdagsbeslut'\">\r\n\t\t\t\t<span> </span>\r\n\t\t\t</p>\r\n\t\t\t<p class=\"Mellanrum\" style=\"-aw-sdt-tag:'dokumentavsnitt/utskottets förslag till riksdagsbeslut/1141280343/1560421957871'; -aw-sdt-title:'utskottets förslag till riksdagsbeslut'\">\r\n\t\t\t\t<span> </span>\r\n\t\t\t</p>\r\n\t\t\t<p class=\"Mellanrum\" style=\"-aw-sdt-tag:'dokumentavsnitt/utskottets förslag till riksdagsbeslut/1141280343/1560421957871'; -aw-sdt-title:'utskottets förslag till riksdagsbeslut'\">\r\n\t\t\t\t<span style=\"font-size:9.5pt\"> </span>\r\n\t\t\t</p>\r\n\t\t\t<p>\r\n\t\t\t\t<span> </span>\r\n\t\t\t</p>\r\n\t\t\t<p class=\"Avsnittsrubrik\">\r\n\t\t\t\t<a name=\"_Toc11343550\"></a><a name=\"SlutUtskottsForslag\"></a><span class=\"tSidrubrikJA\">Redogörelse för ärendet</span><span style=\"-aw-bookmark-end:_Toc11343550\"></span>\r\n\t\t\t</p>\r\n\t\t\t<p>\r\n\t\t\t\t<span>I betänkandet behandlar utskottet regeringens skrivelse 2018/19:84 ILO:s rekommendation om sysselsättning och anständigt arbete för fred o</span><span>ch motståndskraft. Det</span><span> har </span><span>inte </span><span>väckts </span><span>någon motion </span><span>med anledning av skrivelsen.</span>\r\n\t\t\t</p>\r\n\t\t\t<p class=\"NormalIndent\">\r\n\t\t\t\t<span>Internationella arbets</span><span>organisationens (ILO) beslutande församling, Internationella arbetskonferensen, antog den 16 juni 2017</span><span> vid sitt 106:e möte </span><span>i Genève</span><span> </span><span>rekommendation nr</span><span> </span><span>205 om sysselsättning och anständigt arbete för fred och motståndskraft. Rekommendationen är en revidering och uppdatering av</span><span> en</span><span> tidigare rekommendation (nr 71) från 1944 om reglering av sysselsättning vid övergången från krig till fred.</span>\r\n\t\t\t</p>\r\n\t\t\t<p class=\"NormalIndent\">\r\n\t\t\t\t<span>Rekommendationen har enligt bestämmelserna i ILO-konventionen nr 144 om samråd på trepartsbasis för att främja ILO:s normer remitterats till svenska ILO-kommittén, som i sin tur</span><span> har</span><span> inhämtat remissyttranden</span><span>. </span>\r\n\t\t\t</p>\r\n\t\t\t<p class=\"NormalIndent\">\r\n\t\t\t\t<span>Enligt </span><span>artikel 19 i ILO:s stadga</span><span> är medlemsstaterna skyldiga att inom högst 18 månader </span><span>efter </span><span>Internationella </span><span>arbetskonferensens session för landets lagstiftande församling lägga fram antagna konventioner och rekommendationer för lagstiftning eller andra åtgärder.</span><span> </span><span>I enlighet med dessa best</span><span>ämmelser</span><span> lämnar regeringen i skrivelsen en redogörelse för ILO:s rekommendation nr</span><span> </span><span>205 om sysselsättning och anständigt arbete för fred och motståndskraft</span><span> och en bedömning av eventuella åtgärder för Sveriges del. </span>\r\n\t\t\t</p>\r\n\t\t\t<p class=\"Avsnittsrubrik\">\r\n\t\t\t\t<a name=\"_Toc11343551\"><span class=\"tSidrubrikJA\">Utskottets överväganden</span></a>\r\n\t\t\t</p>\r\n\t\t\t<h2 style=\"-aw-sdt-tag:4a433e31-1878-41e1-941d-22be3172165a/förslagsrutor/-1373983121/1559488601615; -aw-sdt-title:förslagsrutor\">\r\n\t\t\t\t<a name=\"_Toc11343552\"><span>ILO:s rekommendation om sysselsättning och anständigt arbete för fred och motståndskraft</span></a>\r\n\t\t\t</h2>\r\n\t\t\t<div style=\"border-bottom-color:#000000; border-bottom-style:solid; border-bottom-width:0.75pt; border-left-color:#000000; border-left-style:solid; border-left-width:0.75pt; border-right-color:#000000; border-right-style:solid; border-right-width:0.75pt; border-top-color:#000000; border-top-style:solid; border-top-width:0.75pt; clear:both; margin:3.1pt 0.9pt 0pt\">\r\n\t\t\t\t<p class=\"Normalrutafet\" style=\"margin:0pt; padding-right:4pt; padding-left:4pt\">\r\n\t\t\t\t\t<span style=\"-aw-bookmark-end:_Toc11343552\"></span><span>Utskottets förslag i korthet</span>\r\n\t\t\t\t</p>\r\n\t\t\t\t<p class=\"Normalruta\" style=\"margin:0pt; padding-right:4pt; padding-left:4pt; padding-bottom:4pt\">\r\n\t\t\t\t\t<span>Riksdagen lägger regeringens skrivelse till handlingarna.</span>\r\n\t\t\t\t</p>\r\n\t\t\t</div>\r\n\t\t\t<p class=\"Mellanrum\">\r\n\t\t\t\t<span> </span>\r\n\t\t\t</p>\r\n\t\t\t<p class=\"R3\">\r\n\t\t\t\t<span>Skrivelsen</span>\r\n\t\t\t</p>\r\n\t\t\t<p class=\"R4\" style=\"margin-top:6pt\">\r\n\t\t\t\t<span>ILO:s rekommendation</span><span> nr 205</span><span> om sysselsättning och anständigt arbete för fred och motståndskraft</span>\r\n\t\t\t</p>\r\n\t\t\t<p>\r\n\t\t\t\t<span>ILO:s rekommendation </span><span>nr 205 </span><span>om </span><span>sysselsättning och anständigt arbete för fred och motståndskraft</span><span> ersätter </span><span>rekommendation nr</span><span> </span><span>71 </span><span>angående reglering av</span><span> </span><span>sysselsättning vid övergången från krig till fred</span><span> som antogs i samband med andra världskrigets slut</span><span>. </span><span>Mot bakgrund av a</span><span>tt s</span><span>ituationen har förändrats sedan rekommendati</span><span>on nr 71 </span><span>antogs med många både interna och internationella konflikter och ett ökat antal kata</span><span>strofer orsakade av t.ex.</span><span> klimatf</span><span>örändringar och miljöförstöring </span><span>g</span><span>jorde</span><span> ILO bedömningen att </span><span>rekommendationen</span><span> behövde uppdateras</span><span>. Avsikten med revideringen är att </span><span>utöka tillämpningsområdet</span><span> och ge en uppdaterad vägledning om betydelsen av sysselsättning och anständigt arbete för förebyggande, återhämtning, fred och motståndskraft i samband med krissituationer som uppstår till följd av konflikter och katastrofer.</span><span> Avsikten är vidare</span><span> att vidga tidigare f</span><span>okus från uppbyggnad till att</span><span> även inkludera förebyggande arbete för att öka länders beredskap och motståndskraft om de drabbas av konflikter och kriser.</span><span> </span>\r\n\t\t\t</p>\r\n\t\t\t<p class=\"NormalIndent\">\r\n\t\t\t\t<span>I</span><span> </span><span>ILO:s rekommendation nr 205</span><span> anges</span><span> </span><span>14 vägledande principer som medlemsstaterna bör ta hänsyn till när de vidtar åtgärder för sysselsättning och anständigt arbete i förebyggande syfte och på grund av krissituationer som uppstår till följd av konflikter och katastrofer. </span><span>E</span><span>xempelvis bör</span><span> </span><span>de</span><span> </span><span>beakta</span><span> att främjandet av full, produktiv, fritt vald sysselsättning och anständigt arbete är avgörande för arbetet med att främja fred, förebygga</span><span> kriser, skapa förut</span><span>-</span><span>sättningar för återhämtning och bygga upp motståndskraft.</span><span> </span><span>I </span><span>rekommenda</span><span>-</span><span>tionen</span><span> framhålls vidare</span><span> behovet av att respektera, främja och förverkliga grundläggande principer och rättigheter i arbetslivet, andra mänskliga rättigheter och and</span><span>ra internationella arbetsregler</span><span> och av att beakta eventuella andra tillämpliga internationella instrument och dokument. Bland principerna anges även respekt, främjande och förverkligande av lika möjligheter och lika</span><span> behandling för kvinnor och män</span><span> och av att bekämpa diskriminering. Vikten av social dialog och god samhällsstyrning lyfts också fram.</span>\r\n\t\t\t</p>\r\n\t\t\t<p class=\"NormalIndent\">\r\n\t\t\t\t<span>I </span><span>rekommendationens avsnitt III</span><span> </span><span>om strat</span><span>egiska förhållningssätt anges att medlemsstaterna bör</span><span> anta ett brett förhållningssätt för att stegvis</span><span style=\"font-size:10pt\"> </span><span>genomföra </span><span>sammanhängande och heltäckande strategier för att främja fred, förebygga kriser, skapa förutsättningar för återhämtning och bygga upp motståndskraft. Det handlar bl.a. om att </span><span>främja hållbar sysselsättning och anständigt arbete, socialt skydd och social inkludering, hållbar utveckling, skapande av hållbara företag (särskilt små och medelstora företag), tillämpa ett jämställdhetsperspekti</span><span>v vid all planering av krisföre</span><span>bygga</span><span>nde insatser och krishantering </span><span>samt främja en social dia</span><span>log och kollektiva förhandlingar</span><span>.</span>\r\n\t\t\t</p>\r\n\t\t\t<p class=\"NormalIndent\">\r\n\t\t\t\t<span>I avsnittet ges också vägledning för vad krishantering omedelbart efter en konflikt eller katastrof i förekommande fall bör omfatta, bl.a. en samordnad och fullständig behovsbedömning med ett tydligt jämställdhetsperspektiv och en snabb krishantering för att tillgodose grundläggande behov och tillhandahålla service, inklusive socialt skydd, försörjningsstöd m.m.</span>\r\n\t\t\t</p>\r\n\t\t\t<p class=\"NormalIndent\">\r\n\t\t\t\t<span>I rekommendationen anges </span><span>även </span><span>vad me</span><span>dlemsstaterna</span><span> i linje med angivna principer och förhålln</span><span>ingssätt</span><span> bör göra inom ett antal</span><span> sakområden</span><span>. O</span><span>mrådena omfattar bl.a.</span><span> sysselsättnings- och</span><span> inkomstmöjligheter</span><span>, </span><span>rättigheter, </span><span>jämlikhet och icke</span><span>-</span><span>diskriminering, </span><span>arbetsrätt, arbetsmarknadsmyndig</span><span>heter och arbets</span><span>-</span><span>marknadsinforma</span><span>tion</span><span>, </span><span>social dialog och arbetsgivar- och arbetstagar</span><span>-</span><span>organisationernas roll</span><span>, </span><span>migranter som påverkas av krissituationer</span><span>, </span><span>flyktingar</span><span>s tillträde till arbetsmarknaden</span><span> och återvändande</span><span> samt förebyggande </span><span>åtgärder </span><span>och beredskap. </span>\r\n\t\t\t</p>\r\n\t\t\t<p class=\"NormalIndent\">\r\n\t\t\t\t<span>Rekommen</span><span>dationen gäller alla</span><span> arbetstagare, arbetssökande och arbetsgivare i alla sektorer i ekonomin som påverkas av krissituationer</span><span> som uppstår till följd av konflikter och katastrofer</span><span>.</span><span> </span>\r\n\t\t\t</p>\r\n\t\t\t<p class=\"R4\">\r\n\t\t\t\t<span>Regeringens överväganden</span>\r\n\t\t\t</p>\r\n\t\t\t<p>\r\n\t\t\t\t<span>Regeringen välkomnar rekommendationen </span><span>och anser</span><span> att den</span><span> kan ge betydelsefull vägledning i arbetet i konflikt- och krisdrabbade </span><span>länder </span><span>f</span><span>ör såväl medlemsstaterna som</span><span> ILO. Den bör även kunna utgöra ett viktigt instrument för andra FN-organ, som t.ex. FN:s flyktingorgan (UNHCR) och Internationella migrationsorganisationen (IOM).</span><span> </span><span style=\"font-size:10pt\">B</span><span>ehandlingen av rekommendat</span><span>ionen vid Internationella arbets</span><span>konferensen visade </span><span>enligt regeringen </span><span>att rekommendationen</span><span> har ett mycket brett trepartiskt stöd.</span><span> </span>\r\n\t\t\t</p>\r\n\t\t\t<p class=\"NormalIndent\">\r\n\t\t\t\t<span>Regeri</span><span>ngen anför</span><span> </span><span>i skrivelsen </span><span>att den arbetar aktivt för att främja ett mer hållbart arbetsliv och förbättrade förutsättningar för produktiv sysselsättning med anständiga arbetsvillkor. </span><span>I regeringens</span><span> strategi för samarbetet med ILO (2017–2020) framhålls att ILO:s roll som en ledande internationell organisation på sysselsättnings-, arbetsmarknads- och arbetslivsområdet ska befästas och synliggöras.</span><span> </span><span>I strategin anges t.ex. att Sverige ska stödja en bred diskussion om mänskliga rättigheter i arbetslivet och hur dessa samverkar med handel och utveckling.</span><span> </span><span>P</span><span>å global nivå </span><span>har </span><span>sysselsättnings- och arbetslivs</span><span>-</span><span>frågornas roll i kampen mot fattigdom stärkts genom FN:s Agenda 2030 för hållbar utveckling.</span><span> </span>\r\n\t\t\t</p>\r\n\t\t\t<p class=\"NormalIndent\">\r\n\t\t\t\t<span>Regeringen uppger att en nyckelfråga för regeringen i arbetet med FN:s globala flyktingramverk är att återställa flyktingars självständighet genom en </span><span>ökad tillgång till självförsörjning i värdländer. Regeringen verkar även i arbetet med FN:s globala migrationsramverk för att skydda migranters mänskliga rättigheter och att underlätta en säker och reglerad rörlighet av migrantarbetare med anständiga villkor, framför</span><span> </span><span>allt migrantarbetande kvinnor (</span><span>skr</span><span>. 2017/18:146). </span>\r\n\t\t\t</p>\r\n\t\t\t<p class=\"NormalIndent\">\r\n\t\t\t\t<span>Vidare uppger regeringen </span><span>att k</span><span>onfliktf</span><span>örebyggande </span><span>och </span><span>resiliens</span><span> </span><span>under de</span><span> senaste </span><span>åren</span><span> </span><span>har </span><span>kommit att ta allt större plats i Sveriges utrikes- och säkerhetspolitik. </span><span>Klimatförändringar, vattenbrist och hot mot den globala hälsan bidrar till att förvärra konflikter och kriser och driver allt fler människor på flykt. </span><span>Sveriges arbete inriktas mot förebyggande insatser och kapacitetsuppbyggnad, men även utbildningsinsatser. Insatser för fred och säkerhet är en viktig del av utvecklingssamarbetet (Handlingsplan Agenda 2030, Fi 2018:3). I detta</span><span> </span><span>arbete ingår också att synliggöra och stärka kvinnors inflytande och meningsfulla deltagande som aktörer för fred och</span><span> </span><span>säkerhet (Sveriges nationella handlingsplan för genomförande av FN:s </span><span>säkerhets</span><span>-</span><span>resolutioner</span><span> om kvinnor,</span><span> fred och säkerhet </span><span>2016–2020).</span><span> </span><span>I regeringens skrivelse Policyramverk för svenskt utvecklingssamarbete och humanitärt bistånd</span><span> (</span><span>skr</span><span>. 2016/17:60) lyfts</span><span> bl.a. s</span><span>ysselsättning och utbildning som grundläggande för att förebygga konflikter och att minska risken för återfall i konflikt.</span><span> </span><span>Även</span><span> i </span><span>regeringens stra</span><span>tegi för hållbar fred 2017–2022</span><span> anges att produktiv sysselsättning med anständiga arbetsvillkor och utbildning är grundläggande för att förebygga konflikter och att minska risken för återfall i väpnad konflikt.</span><span> </span><span>Regeringen har nyligen också antagit tre nya strategier för </span><span>globalt utvecklingssamarbete </span><span>som täcker period</span><span>en 2018–202</span><span>2</span><span> där bl.a. </span><span>f</span><span>rågan om stärkt ekonomisk egenmakt för kvinnor särskilt </span><span>lyfts </span><span>fram</span><span>.</span>\r\n\t\t\t</p>\r\n\t\t\t<p class=\"NormalIndent\">\r\n\t\t\t\t<span>Regeringe</span><span>n anser att de</span><span> frågor som behandlas i rekommendationen ligger i linje med regeringens politik och insatser. </span><span>LO och TCO föreslår i sitt</span><span> gemensamma</span><span> remissvar till svenska ILO-kommittén att </span><span>en analys bör göras</span><span> som om det bedöms nödvändigt bör leda till </span><span>att en handlingsplan tas fram för att underlätta Sveriges arbete med anledning av rekommendationen. Enligt regeringen</span><span>s bedömning </span><span>behövs inte någon ytterligare analys.</span><span> </span><span>Regeringen </span><span>anser</span><span> att rekommendationen inte bör leda till några författningsändringar eller andra åtgärder i Sverige. </span><span>Vidare gör regeringen bedömningen att rekommendationens bestämmelser inte påverkar systemen på den svenska arbetsmarknaden.</span>\r\n\t\t\t</p>\r\n\t\t\t<p class=\"R3\">\r\n\t\t\t\t<span>Utskottets ställningstagande</span>\r\n\t\t\t</p>\r\n\t\t\t<p>\r\n\t\t\t\t<span>Utskottet noterar inledningsvis vad regeringen anför om att r</span><span>ekommendationen rör viktiga områden och ger ett nytt, uppdaterat, normativt ramverk, som fokuserar på hur sysselsättning kan bidra till </span><span>resiliens</span><span> och mildra krisers effekter på ekonomier och samhällen. Den lyfter även behovet av att integrera flyktingar på arbetsmarknaden. </span><span>Vidare </span><span>uppdaterar och vidgar </span><span>rekommendationen</span><span> tillämpningsområdet från postkonfliktsituationer till att</span><span> även omfatta naturkatastrofer samt </span><span>miljö- och klimatförändringar. </span><span>Rekommendationen vidgar också tidigare fokus från uppbyggnad till att äve</span><span>n inkludera förebyggande arbete</span><span> med att öka länders beredskap för och motståndskraft mot att drabbas av konflikt och kriser. </span>\r\n\t\t\t</p>\r\n\t\t\t<p class=\"NormalIndent\">\r\n\t\t\t\t<span>Utskottet anser i likhet med regeringen att rekommendationen kan </span><span>ge betydelsefull vägledning i arbetet i konflikt- och krisdrabbade länder, för såväl medlem</span><span>sstaterna som</span><span> ILO. </span><span>Som regeringen anför</span><span> bör </span><span>den </span><span>även kunna utgöra ett viktigt instrument för andra FN-organ, som t.ex. FN:s flyktingorgan (UNHCR) och Internationella migrationsorganisationen (IOM).</span>\r\n\t\t\t</p>\r\n\t\t\t<p class=\"NormalIndent\">\r\n\t\t\t\t<span>Regeringen </span><span>anser</span><span> att rekommendationen inte </span><span>bör leda till några författningsändringar eller andra åtgärder i S</span><span>verige. Utskottet gör ingen</span><span> annan bedömning.</span>\r\n\t\t\t</p>\r\n\t\t\t<p class=\"NormalIndent\">\r\n\t\t\t\t<span>Med det anförda föreslår utskottet att riksdagen lägger regeringens skrivelse till handlingarna.</span>\r\n\t\t\t</p>\r\n\t\t\t<p class=\"NormalIndent\">\r\n\t\t\t\t<span> </span>\r\n\t\t\t</p>\r\n\t\t\t<p class=\"Bilaga\">\r\n\t\t\t\t<span class=\"tBilagaJA\">Bilaga </span>\r\n\t\t\t</p>\r\n\t\t\t<p class=\"Bilagerubrik\">\r\n\t\t\t\t<a name=\"_Toc11343553\"><span class=\"tSidrubrikJA\">Förteckning över behandlade förslag</span></a>\r\n\t\t\t</p>\r\n\t\t\t<p class=\"Rubrik2bilaga\" style=\"-aw-sdt-tag:'dokumentavsnitt/förteckning över behandlade förslag/-1738820183/1556283007117'; -aw-sdt-title:'förteckning över behandlade förslag'\">\r\n\t\t\t\t<a name=\"_Toc11343554\"><span>Skrivelsen</span></a><span> </span>\r\n\t\t\t</p>\r\n\t\t\t<p style=\"-aw-sdt-tag:'dokumentavsnitt/förteckning över behandlade förslag/-1738820183/1556283007117'; -aw-sdt-title:'förteckning över behandlade förslag'\">\r\n\t\t\t\t<span>Regeringens skrivelse 2018/19:84 ILO:s rekommendation om sysselsättning och anständigt arbete för fred och motståndskraft.</span>\r\n\t\t\t</p>\r\n\t\t\t<p class=\"Mellanrum\">\r\n\t\t\t\t<span> </span>\r\n\t\t\t</p>\r\n\t\t\t<p class=\"Mellanrum\" style=\"-aw-sdt-tag:'dokumentavsnitt/förteckning över behandlade förslag/-1738820183/1556283007117'; -aw-sdt-title:'förteckning över behandlade förslag'\">\r\n\t\t\t\t<span> </span>\r\n\t\t\t</p>\r\n\t\t\t<p>\r\n\t\t\t\t<span> </span>\r\n\t\t\t</p>\r\n\t\t</div>\r\n\t"},"dokutskottsforslag":{"utskottsforslag":{"punkt":"1","rubrik":"ILO:s rekommendation om sysselsättning och anständigt arbete för fred och motståndskraft","forslag":"Riksdagen lägger skrivelse 2018/19:84 till handlingarna.<BR/><BR/><BR/>","beslutstyp":"acklamation","motforslag_nummer":"0","motforslag_partier":null,"votering_id":null,"votering_sammanfattning_html":null,"votering_url_xml":null,"rm":"2018/19","bet":"AU15","vinnare":"utskottet"}},"dokaktivitet":{"aktivitet":[{"kod":"UBE","namn":"Beredning","datum":"2019-05-28 00:00:00","status":"inträffat","ordning":"0","process":null},{"kod":"JUS","namn":"Justering","datum":"2019-06-13 00:00:00","status":"inträffat","ordning":"0","process":null},{"kod":"TRY","namn":"Trycklov","datum":"2019-06-13 00:00:00","status":"inträffat","ordning":"0","process":null},{"kod":"B","namn":"Bordläggning","datum":"2019-06-18 00:00:00","status":"inträffat","ordning":"0","process":null},{"kod":"BEH","namn":"Behandling","datum":"2019-06-19 00:00:00","status":"inträffat","ordning":"0","process":null},{"kod":"BES","namn":"Beslut","datum":"2019-06-19 00:00:00","status":"inträffat","ordning":"0","process":null}]},"dokuppgift":{"uppgift":[{"kod":"beslutssammanfattningusk","namn":"Utskottets förslag till beslut","text":"Skrivelsen läggs till handlingarna.","dok_id":"H601AU15","systemdatum":"2019-06-14 07:50:50"},{"kod":"rdbeslut","namn":"Riksdagens beslut","text":"Kammaren biföll utskottets förslag.","dok_id":"H601AU15","systemdatum":"2019-06-19 13:14:10"},{"kod":"notis","namn":"Beslut i korthet","text":"                           <p>FN:s internationella arbetsorganisation, ILO, har beslutat om en rekommendation om sysselsättning och anständigt arbete för fred och motståndskraft. Syftet med rekommendationen är att ge medlemsstaterna vägledning om hur de kan skapa sysselsättning och anständigt arbete för förebyggande, återhämtning, fred och motståndskraft i samband med krissituationer som uppstår till följd av konflikter och katastrofer.</p>\r\n<p>Riksdagen har behandlat en skrivelse från regeringen om ILO:s rekommendation. Regeringen skriver att rekommendationen kan ge betydelsefull vägledning i arbetet i konflikt- och krisdrabbade länder och riksdagen håller med regeringen om det. Riksdagen håller också med regeringen om att rekommendationen inte bör leda till några författningsändringar eller andra åtgärder i Sverige.</p>\r\n<p>Riksdagen lade skrivelsen till handlingarna, det vill säga avslutade ärendet.</p>\r\n                                            ","dok_id":"H601AU15","systemdatum":"2019-07-08 15:51:09"},{"kod":"notisrubrik","namn":"Beslut","text":"Skrivelse om ILO:s rekommendation om sysselsättning och anständigt arbete för fred och motståndskraft har behandlats (AU15)","dok_id":"H601AU15","systemdatum":"2019-07-08 15:51:09"},{"kod":"utsknotis","namn":"Utskottets förslag till beslut","text":"                           <p>FN:s internationella arbetsorganisation, ILO, har beslutat om en rekommendation om sysselsättning och anständigt arbete för fred och motståndskraft. Syftet med rekommendationen är att ge medlemsstaterna vägledning om hur de kan skapa sysselsättning och anständigt arbete för förebyggande, återhämtning, fred och motståndskraft i samband med krissituationer som uppstår till följd av konflikter och katastrofer.</p>\r\n<p>Arbetsmarknadsutskottet har behandlat en skrivelse från regeringen om ILO:s rekommendation. Regeringen skriver att rekommendationen kan ge betydelsefull vägledning i arbetet i konflikt- och krisdrabbade länder och Arbetsmarknadsutskottet håller med regeringen om det. Utskottet håller också med regeringen om att rekommendationen inte bör leda till några författningsändringar eller andra åtgärder i Sverige.</p>\r\n<p>Utskottet föreslår att riksdagen lägger skrivelsen till handlingarna, det vill säga avslutar ärendet.</p>\r\n                                            ","dok_id":"H601AU15","systemdatum":"2019-07-08 15:51:09"},{"kod":"utsknotisrubrik","namn":"Utskottets förslag","text":"Skrivelse om ILO:s rekommendation om sysselsättning och anständigt arbete för fred och motståndskraft har behandlats (AU15)","dok_id":"H601AU15","systemdatum":"2019-07-08 15:51:09"},{"kod":"statustext","namn":"statustext","text":"Ärendet är avslutat","dok_id":"H601AU15","systemdatum":"2019-06-20 00:28:03"},{"kod":"debattdatumtid","namn":"Datum och tid för debatten","text":"2019-06-19 00:00:00","dok_id":"H601AU15","systemdatum":"2019-07-08 15:51:09"},{"kod":"beslutdatumtid","namn":"Datum och tid för beslutet","text":"2019-06-19 00:00:00","dok_id":"H601AU15","systemdatum":"2019-07-08 15:51:09"}]},"dokbilaga":{"bilaga":{"dok_id":"H601AU15","titel":"ILO:s rekommendation om sysselsättning och anständigt arbete för fred och motståndskraft","subtitel":null,"filnamn":"2018_19_AU15_20190614075012_Publicering.pdf","filstorlek":"327695","filtyp":"pdf","fil_url":"http://data.riksdagen.se/fil/367CCE40-568B-4246-91E6-E7B10BE405E9"}},"dokreferens":{"referens":[{"referenstyp":"behandlar","uppgift":"Skrivelse 2018/19:84 ILO:s rekommendation om sysselsättning och anständigt arbete för fred och motståndskraft","ref_dok_id":"H60384","ref_dok_typ":"prop","ref_dok_rm":"2018/19","ref_dok_bet":"84","ref_dok_titel":"ILO:s rekommendation om sysselsättning och anständigt arbete för fred och motståndskraft","ref_dok_subtitel":null,"ref_dok_subtyp":"skr","ref_dok_dokumentnamn":"Skrivelse"},{"referenstyp":"föredragningslista","uppgift":"föredragningslista 2018/19:108 Onsdag den 19 juni 2019","ref_dok_id":"H60I108","ref_dok_typ":"f-lista","ref_dok_rm":"2018/19","ref_dok_bet":"108","ref_dok_titel":"Onsdag den 19 juni 2019","ref_dok_subtitel":null,"ref_dok_subtyp":null,"ref_dok_dokumentnamn":"Föredragningslista"},{"referenstyp":"protokollbeslut","uppgift":"2019-06-19","ref_dok_id":"H609108","ref_dok_typ":"prot","ref_dok_rm":"2018/19","ref_dok_bet":"108","ref_dok_titel":"Protokoll 2018/19:108 Onsdagen den 19 juni","ref_dok_subtitel":null,"ref_dok_subtyp":null,"ref_dok_dokumentnamn":"Protokoll"},{"referenstyp":"rskr","uppgift":null,"ref_dok_id":"H60K301","ref_dok_typ":"rskr","ref_dok_rm":"2018/19","ref_dok_bet":"301","ref_dok_titel":"Riksdagsskrivelse 2018/19:301","ref_dok_subtitel":null,"ref_dok_subtyp":"rskr","ref_dok_dokumentnamn":"Riksdagsskrivelse"}]},"debatt":null}}