{"dokumentstatus":{"dokument":{"hangar_id":"4994432","dok_id":"H601JuU5","rm":"2018/19","beteckning":"JuU5","typ":"bet","subtyp":"bet","doktyp":"bet","typrubrik":"Betänkande 2018/19:JuU5","dokumentnamn":"Betänkande","debattnamn":"Debatt om förslag","tempbeteckning":"","organ":"JuU","mottagare":"","nummer":"5","slutnummer":"0","datum":"2018-11-07 00:00:00","systemdatum":"2018-11-21 22:29:09","publicerad":"2018-09-10 13:04:59","titel":"Stärkt rättssäkerhet i de allmänna förvaltningsdomstolarna","subtitel":"","status":"Webbpublicering","htmlformat":"html","relaterat_id":"","source":"RIM","sourceid":"c85e4d1e-db9a-4db3-bfa7-7599935782b0","dokument_url_text":"http://data.riksdagen.se/dokument/H601JuU5/text","dokument_url_html":"http://data.riksdagen.se/dokument/H601JuU5","dokumentstatus_url_xml":"http://data.riksdagen.se/dokumentstatus/H601JuU5","utskottsforslag_url_xml":"http://data.riksdagen.se/utskottsforslag/H601JuU5","html":"<style><!--\r\n .w600px{width: 600px;font-family:Verdana, Geneva, sans-serif}\r\nh2.dtyp{font-size:1.5em !important;} \r\n/********************************************************************************************************/\r\n/* Styles for D:\\Logs\\DocumentConverter\\\\Output_81ae56b9-60b7-411c-91d9-057457a74c07\\HTML\\Dokument.html */\r\n/* Generated by Aspose.Words for .NET 15.3.0.0                                                          */\r\n/********************************************************************************************************/\r\n\r\n@page Section1 { size:467.8pt 686.05pt; margin:45.35pt 102.05pt 73.7pt 70.85pt }\r\ndiv.Section1 { page:Section1 }\r\nzbody { text-align:justify; line-height:12.5pt; font-family:'Verdana'; font-size:9.5pt }\r\nzh1, h2, h3, h4, h5, h6, p { margin:3.1pt 0pt 0pt }\r\nzli, table { margin-top:3.1pt; margin-bottom:0pt }\r\nzh1 { margin-top:3.1pt; margin-bottom:12pt; text-align:left; page-break-after:avoid; line-height:12.5pt; font-family:'Verdana'; font-size:16pt; font-weight:normal }\r\nzh2 { margin-top:20pt; margin-bottom:6pt; text-align:left; page-break-inside:avoid; page-break-after:avoid; line-height:12.5pt; font-family:'Verdana'; font-size:13.5pt; font-weight:normal }\r\nzh3 { margin-top:20pt; margin-bottom:3.1pt; text-align:left; page-break-inside:avoid; page-break-after:avoid; line-height:12.5pt; font-family:'Verdana'; font-size:10.5pt; font-weight:bold }\r\nzh4 { margin-top:15pt; margin-bottom:3.1pt; text-align:left; page-break-inside:avoid; page-break-after:avoid; line-height:12.5pt; font-family:'Verdana'; font-size:10.5pt; font-weight:normal; font-style:italic; color:#000000 }\r\nzh5 { margin-top:6.25pt; margin-bottom:0pt; text-align:justify; page-break-inside:avoid; page-break-after:avoid; line-height:12.5pt; font-family:'Verdana'; font-size:9.5pt; font-weight:bold }\r\nzh6 { margin-top:6.25pt; margin-bottom:0pt; text-align:justify; page-break-inside:avoid; page-break-after:avoid; line-height:12.5pt; font-family:'Verdana'; font-size:9.5pt; font-weight:normal; font-style:italic; color:#000000 }\r\n.Heading7 { margin-top:2pt; margin-bottom:0pt; text-align:justify; page-break-inside:avoid; page-break-after:avoid; line-height:12.5pt; font-family:'Verdana'; font-size:9.5pt; font-weight:normal; font-style:italic; color:#243f60 }\r\n.Heading8 { margin-top:2pt; margin-bottom:0pt; text-align:justify; page-break-inside:avoid; page-break-after:avoid; line-height:12.5pt; font-family:'Verdana'; font-size:9pt; font-weight:normal; color:#272727 }\r\n.Heading9 { margin-top:2pt; margin-bottom:0pt; text-align:justify; page-break-inside:avoid; page-break-after:avoid; line-height:12.5pt; font-family:'Verdana'; font-size:9pt; font-weight:normal; font-style:italic; color:#272727 }\r\n.Avsnittsrubrik { margin-top:0pt; margin-bottom:27.7pt; text-align:left; page-break-before:always; page-break-after:avoid; line-height:normal; font-family:'Verdana'; font-size:16pt }\r\n.Avvikandemeningrubrik { margin-top:0pt; margin-bottom:3.1pt; text-align:left; page-break-inside:avoid; page-break-after:avoid; line-height:12.5pt; font-family:'Verdana'; font-size:10.5pt; font-weight:bold }\r\n.BalloonText { margin-top:3.1pt; margin-bottom:0pt; text-align:justify; line-height:normal; font-family:Tahoma; font-size:8pt }\r\n.Bilaga { margin-top:0pt; margin-bottom:0pt; text-align:left; page-break-before:always; page-break-after:avoid; line-height:normal; widows:0; orphans:0; font-family:'Verdana'; font-size:8pt; font-variant:small-caps; text-decoration:underline }\r\n.Bilagerubrik { margin-top:0pt; margin-bottom:17.7pt; text-align:left; page-break-after:auto; line-height:normal; widows:0; orphans:0; font-family:'Verdana'; font-size:16pt }\r\n.Bild-Rubrik { margin-top:8pt; margin-bottom:0pt; text-align:justify; page-break-inside:avoid; page-break-after:avoid; line-height:10pt; font-family:'Verdana'; font-size:9.5pt; font-weight:bold }\r\n.Bild-Underrubrik { margin-top:0pt; margin-bottom:1pt; text-align:left; page-break-inside:avoid; page-break-after:avoid; line-height:8pt; font-family:'Verdana'; font-size:8pt; font-weight:normal; font-style:italic }\r\n.BodyText { margin-top:3.1pt; margin-bottom:0pt; text-align:left; line-height:12.5pt; font-family:'Verdana'; font-size:9.5pt }\r\n.BodyTextIndent2 { margin-top:3.1pt; margin-left:14.15pt; margin-bottom:6pt; text-align:justify; line-height:200%; font-family:'Verdana'; font-size:9.5pt }\r\n.Citatindrag { margin-top:0pt; margin-left:14.2pt; margin-bottom:6.1pt; text-indent:14.2pt; text-align:justify; line-height:10pt; font-family:'Verdana'; font-size:9.5pt }\r\n.CommentText { margin-top:3.1pt; margin-bottom:0pt; text-align:justify; line-height:normal; font-family:'Verdana'; font-size:10pt }\r\n.Deltagare { margin-top:0pt; margin-bottom:0pt; text-align:justify; page-break-inside:avoid; page-break-after:avoid; line-height:9.5pt; font-family:'Verdana'; font-size:9.5pt }\r\n.Diagram-Rubrik { margin-top:8pt; margin-bottom:0pt; text-align:justify; page-break-inside:avoid; page-break-after:avoid; line-height:10pt; font-family:'Verdana'; font-size:9.5pt; font-weight:bold }\r\n.Diagram-Underrubrik { margin-top:0pt; margin-bottom:1pt; text-align:left; page-break-inside:avoid; page-break-after:avoid; line-height:8pt; font-family:'Verdana'; font-size:8pt; font-weight:normal; font-style:italic }\r\n.DokumentRubrik { margin-top:6pt; margin-bottom:24pt; text-align:left; line-height:normal; border-bottom-style:solid; border-bottom-width:0.75pt; border-bottom-color:#000000; padding-bottom:4pt; font-family:'Verdana'; font-size:18pt }\r\n.Dokumentbeteckning { margin-top:0pt; margin-bottom:0pt; text-align:left; page-break-inside:avoid; page-break-after:avoid; line-height:12.5pt; font-family:'Verdana'; font-size:16pt }\r\n.Footer { margin-top:3.1pt; margin-bottom:0pt; text-align:justify; line-height:normal; font-family:'Verdana'; font-size:9.5pt }\r\n.FootnoteText { margin-top:0pt; margin-bottom:0pt; text-align:justify; line-height:8pt; font-family:'Verdana'; font-size:8pt }\r\n.Fotnotstextindrag { margin-top:0pt; margin-left:5.65pt; margin-bottom:0pt; text-align:left; line-height:8pt; font-family:'Verdana'; font-size:8pt }\r\n.Frslagspunkt { margin-top:0pt; margin-bottom:0pt; text-align:left; page-break-inside:avoid; page-break-after:avoid; line-height:12.5pt; font-family:'Verdana'; font-size:9.5pt; font-weight:bold }\r\n.Frslagstext { margin-top:0pt; margin-bottom:0pt; text-align:justify; line-height:12.5pt; font-family:'Verdana'; font-size:9.5pt }\r\n.Frteckningsrubrik { margin-top:9.6pt; margin-bottom:3.1pt; text-align:left; page-break-inside:avoid; page-break-after:avoid; line-height:normal; font-family:'Verdana'; font-size:9.5pt; font-weight:normal; font-style:italic; color:#000000 }\r\n.Grupprubrik { margin-top:6pt; margin-bottom:0pt; text-align:left; page-break-inside:avoid; page-break-after:avoid; line-height:12.5pt; font-family:'Verdana'; font-size:9.5pt; font-style:italic }\r\n.Grupprubrikindrag { margin-top:6pt; margin-left:22.1pt; margin-bottom:0pt; text-align:left; page-break-inside:avoid; page-break-after:avoid; line-height:12.5pt; font-family:'Verdana'; font-size:9.5pt; font-style:italic }\r\n.Header { margin-top:0pt; margin-bottom:0pt; text-align:justify; line-height:normal; font-family:'Verdana'; font-size:7.5pt; font-variant:small-caps }\r\n.Innehllsfrteckning { margin-top:0pt; margin-bottom:17.7pt; text-align:left; page-break-before:always; page-break-after:auto; line-height:normal; font-family:'Verdana'; font-size:16pt }\r\n.Kantrubrik { margin-top:0pt; margin-bottom:0pt; text-align:justify; line-height:normal; font-family:'Verdana'; font-size:7.5pt }\r\n.ListBullet { margin-top:6.25pt; margin-left:17.85pt; margin-bottom:6.25pt; text-indent:-17.85pt; text-align:justify; line-height:12.5pt; font-family:'Verdana'; font-size:9.5pt }\r\n.ListParagraph { margin-top:3.1pt; margin-left:28.35pt; margin-bottom:0pt; text-align:justify; line-height:12.5pt; font-family:'Verdana'; font-size:9.5pt }\r\n.Litentext { margin-top:0pt; margin-bottom:0pt; text-align:justify; line-height:normal; font-family:'Verdana'; font-size:8pt }\r\n.Mellanrubrik { margin-top:11pt; margin-bottom:3.1pt; text-align:left; page-break-after:avoid; line-height:12.5pt; font-family:'Verdana'; font-size:9.5pt; font-style:italic }\r\n.Mellanrum { margin-top:0pt; margin-bottom:0pt; text-align:left; page-break-before:auto; page-break-after:auto; line-height:1pt; widows:0; orphans:0; font-family:'Verdana'; font-size:1pt; font-variant:small-caps; text-decoration:none; color:#ffffff }\r\n.NormalIndent { margin-top:0pt; margin-bottom:0pt; text-indent:11.35pt; text-align:justify; line-height:12.5pt; font-family:'Verdana'; font-size:9.5pt }\r\n.Normalinskjuten { margin-top:0pt; margin-left:22.1pt; margin-bottom:0pt; text-align:justify; line-height:12.5pt; font-family:'Verdana'; font-size:9.5pt }\r\n.Normalinskjutenindrag { margin-top:0pt; margin-left:22.1pt; margin-bottom:0pt; text-indent:11.35pt; text-align:justify; line-height:12.5pt; font-family:'Verdana'; font-size:9.5pt }\r\n.Normalinskjutenkursiv { margin-top:6pt; margin-bottom:0pt; line-height:normal; font-family:'Verdana'; font-size:10pt; font-style:italic }\r\n.Normalkursiv { margin-top:3.1pt; margin-bottom:0pt; text-align:left; line-height:12.5pt; font-family:'Verdana'; font-size:9.5pt; font-style:italic }\r\n.Normalruta { margin:3.1pt 5.65pt 0pt; text-align:justify; page-break-inside:avoid; page-break-after:avoid; line-height:12.5pt; border-top-style:solid; border-top-width:0.75pt; border-top-color:#000000; border-right-style:solid; border-right-width:0.75pt; border-right-color:#000000; border-left-style:solid; border-left-width:0.75pt; border-left-color:#000000; border-bottom-style:solid; border-bottom-width:0.75pt; border-bottom-color:#000000; padding-top:4pt; padding-right:4pt; padding-left:4pt; padding-bottom:4pt; font-family:'Verdana'; font-size:10.5pt }\r\n.Normalrutafet { margin:3.1pt 5.65pt 0pt; text-align:justify; page-break-inside:avoid; page-break-after:avoid; line-height:12.5pt; border-top-style:solid; border-top-width:0.75pt; border-top-color:#000000; border-right-style:solid; border-right-width:0.75pt; border-right-color:#000000; border-left-style:solid; border-left-width:0.75pt; border-left-color:#000000; border-bottom-style:solid; border-bottom-width:0.75pt; border-bottom-color:#000000; padding-top:4pt; padding-right:4pt; padding-left:4pt; padding-bottom:4pt; font-family:'Verdana'; font-size:10.5pt; font-weight:bold }\r\n.Normalrutaindrag { margin:0pt 5.65pt; text-indent:11.35pt; text-align:justify; page-break-inside:avoid; page-break-after:avoid; line-height:12.5pt; border-top-style:solid; border-top-width:0.75pt; border-top-color:#000000; border-right-style:solid; border-right-width:0.75pt; border-right-color:#000000; border-left-style:solid; border-left-width:0.75pt; border-left-color:#000000; border-bottom-style:solid; border-bottom-width:0.75pt; border-bottom-color:#000000; padding-top:4pt; padding-right:4pt; padding-left:4pt; padding-bottom:4pt; font-family:'Verdana'; font-size:10.5pt }\r\n.Normalutanluftfre { margin-top:0pt; margin-bottom:0pt; text-align:justify; line-height:12.5pt; font-family:'Verdana'; font-size:9.5pt }\r\n.NormalNoll { margin-top:0pt; margin-bottom:3.1pt; text-align:left; line-height:12.5pt; font-family:'Verdana'; font-size:10.5pt; font-weight:bold }\r\n.NumlistaTOC { margin:3.1pt 28.35pt 0pt 0pt; text-indent:0pt; text-align:left; line-height:normal; font-family:'Verdana'; font-size:9.5pt }\r\n.Ordfranden { margin-top:3.1pt; margin-bottom:22pt; text-align:left; page-break-inside:avoid; page-break-after:avoid; line-height:normal; font-family:'Verdana'; font-size:9.5pt; font-style:italic }\r\n.OrtochDatum { margin-top:18pt; margin-bottom:18pt; text-align:left; page-break-inside:avoid; page-break-after:avoid; line-height:normal; font-family:'Verdana'; font-size:9.5pt }\r\n.Punktlistabomb { margin-top:6.25pt; margin-left:14.2pt; margin-bottom:6.25pt; text-indent:-14.2pt; text-align:justify; line-height:12.5pt; font-family:'Verdana'; font-size:9.5pt }\r\n.Punktlistagemener { margin-top:6.25pt; margin-left:14.2pt; margin-bottom:6.25pt; text-indent:-14.2pt; text-align:justify; line-height:12.5pt; font-family:'Verdana'; font-size:9.5pt }\r\n.Punktlistalinje { margin-top:6.25pt; margin-left:14.2pt; margin-bottom:6.25pt; text-indent:-14.2pt; text-align:justify; line-height:12.5pt; font-family:'Verdana'; font-size:9.5pt }\r\n.Punktlistasiffra { margin-top:6.25pt; margin-left:14.2pt; margin-bottom:6.25pt; text-indent:-14.2pt; text-align:justify; line-height:12.5pt; font-family:'Verdana'; font-size:9.5pt }\r\n.PVgnar { margin-top:3.1pt; margin-bottom:26pt; text-align:left; page-break-inside:avoid; page-break-after:avoid; line-height:normal; font-family:'Verdana'; font-size:9.5pt }\r\n.Quote { margin-top:6.1pt; margin-left:14.2pt; margin-bottom:0pt; text-align:justify; line-height:10pt; font-family:'Verdana'; font-size:9.5pt }\r\n.R1 { margin-top:3.1pt; margin-bottom:12pt; text-align:left; page-break-after:avoid; line-height:12.5pt; font-family:'Verdana'; font-size:16pt }\r\n.R1bilaga { margin-top:3.1pt; margin-bottom:12pt; text-align:left; page-break-after:auto; line-height:12.5pt; font-family:'Verdana'; font-size:16pt }\r\n.R2 { margin-top:20pt; margin-bottom:6pt; text-align:left; page-break-inside:avoid; page-break-after:avoid; line-height:12.5pt; font-family:'Verdana'; font-size:13.5pt }\r\n.R3 { margin-top:20pt; margin-bottom:3.1pt; text-align:left; page-break-inside:avoid; page-break-after:avoid; line-height:12.5pt; font-family:'Verdana'; font-size:10.5pt; font-weight:bold }\r\n.R4 { margin-top:15pt; margin-bottom:3.1pt; text-align:left; page-break-inside:avoid; page-break-after:avoid; line-height:12.5pt; font-family:'Verdana'; font-size:10.5pt; font-weight:normal; font-style:italic; color:#000000 }\r\n.R5 { margin-top:6.25pt; margin-bottom:0pt; text-align:justify; page-break-inside:avoid; page-break-after:avoid; line-height:12.5pt; font-family:'Verdana'; font-size:9.5pt; font-weight:bold }\r\n.R6 { margin-top:6.25pt; margin-bottom:0pt; text-align:justify; page-break-inside:avoid; page-break-after:avoid; line-height:12.5pt; font-family:'Verdana'; font-size:9.5pt; font-weight:normal; font-style:italic; color:#000000 }\r\n.Reservationshnvisning { margin-top:0pt; margin-bottom:8pt; text-align:right; line-height:12.5pt; font-family:'Verdana'; font-size:9.5pt; font-style:italic }\r\n.Reservationsrubrik { margin-top:0pt; margin-bottom:3.1pt; text-align:left; page-break-inside:avoid; page-break-after:avoid; line-height:12.5pt; font-family:'Verdana'; font-size:10.5pt; font-weight:bold }\r\n.Rubrik1Dokumentinformation { margin-top:0pt; margin-bottom:0pt; text-align:left; page-break-inside:avoid; page-break-after:avoid; line-height:12.5pt; font-family:'Verdana'; font-size:16pt }\r\n.Rubrik1bilaga { margin-top:0pt; margin-bottom:27.7pt; text-align:left; page-break-after:auto; line-height:12.5pt; font-family:'Verdana'; font-size:16pt }\r\n.Rubrik1medsidhuvud { margin-top:3.1pt; margin-bottom:12pt; text-align:left; page-break-before:always; page-break-after:avoid; line-height:12.5pt; font-family:'Verdana'; font-size:16pt }\r\n.Rubrik1numrerat { margin-top:3.1pt; margin-left:0pt; margin-bottom:12pt; text-indent:0pt; text-align:left; page-break-after:avoid; line-height:12.5pt; font-family:'Verdana'; font-size:16pt }\r\n.Rubrik1numreratmedsidhuvud { margin-top:0pt; margin-left:0pt; margin-bottom:16pt; text-indent:0pt; text-align:left; page-break-before:always; page-break-after:avoid; line-height:normal; font-family:'Verdana'; font-size:16pt }\r\n.Rubrik2bilaga { margin-top:20pt; margin-bottom:6pt; text-align:left; page-break-inside:avoid; page-break-after:avoid; line-height:12.5pt; font-family:'Verdana'; font-size:13.5pt }\r\n.Rubrik2numrerat { margin-top:20pt; margin-left:0pt; margin-bottom:6pt; text-indent:0pt; text-align:left; page-break-inside:avoid; page-break-after:avoid; line-height:12.5pt; font-family:'Verdana'; font-size:13.5pt }\r\n.Rubrik3numrerat { margin-top:20pt; margin-left:0pt; margin-bottom:3.1pt; text-indent:0pt; text-align:left; page-break-inside:avoid; page-break-after:avoid; line-height:12.5pt; font-family:'Verdana'; font-size:10.5pt; font-weight:bold }\r\n.Sammanfattning { margin-top:3.1pt; margin-bottom:12pt; text-align:left; page-break-after:auto; line-height:12.5pt; font-family:'Verdana'; font-size:16pt }\r\n.Sidhuvudhgerstlld { margin-top:0pt; margin-bottom:0pt; text-align:right; line-height:normal; font-family:'Verdana'; font-size:7.5pt; font-variant:small-caps }\r\n.Sidhuvudvnsterstlld { margin-top:0pt; margin-bottom:0pt; text-align:left; line-height:normal; font-family:'Verdana'; font-size:7.5pt; font-variant:small-caps }\r\n.Stdrubrik { margin-top:12pt; margin-bottom:0pt; line-height:12pt; font-family:'Verdana'; font-size:9.5pt; font-weight:bold }\r\n.Srskiltyttranderubrik { margin-top:0pt; margin-bottom:3.1pt; text-align:left; page-break-inside:avoid; page-break-after:avoid; line-height:12.5pt; font-family:'Verdana'; font-size:10.5pt; font-weight:bold }\r\n.TOC1 { margin-top:0pt; margin-right:28.35pt; margin-bottom:0pt; text-align:left; line-height:normal; font-family:'Verdana'; font-size:9.5pt }\r\n.TOC2 { margin:0pt 28.35pt 0pt 5.65pt; text-align:left; line-height:normal; font-family:'Verdana'; font-size:9.5pt }\r\n.TOC3 { margin:0pt 28.35pt 0pt 11.35pt; text-align:left; line-height:normal; font-family:'Verdana'; font-size:9.5pt }\r\n.TOC4 { margin:0pt 28.35pt 0pt 17pt; text-align:left; line-height:normal; font-family:'Verdana'; font-size:9.5pt }\r\n.TOC5 { margin:0pt 28.35pt 0pt 22.7pt; text-align:left; line-height:normal; font-family:'Verdana'; font-size:9.5pt }\r\n.TOC6 { margin-top:0pt; margin-left:47.65pt; margin-bottom:0pt; text-align:left; line-height:normal; font-family:'Verdana'; font-size:9.5pt }\r\n.TOC7 { margin-top:0pt; margin-right:28.35pt; margin-bottom:0pt; text-align:left; line-height:normal; font-family:'Verdana'; font-size:9.5pt }\r\n.TOC8 { margin-top:0pt; margin-right:28.35pt; margin-bottom:0pt; text-align:left; line-height:normal; font-family:'Verdana'; font-size:9.5pt }\r\n.TOC9 { margin-top:0pt; margin-left:8.5pt; margin-bottom:0pt; text-align:left; line-height:normal; font-family:'Verdana'; font-size:9.5pt }\r\n.TOCHeading { margin-top:3.1pt; margin-bottom:9pt; text-align:left; page-break-before:always; page-break-inside:avoid; page-break-after:avoid; line-height:12.5pt; font-family:'Verdana'; font-size:16pt }\r\n.Tabell-Kolumnrubrik { margin-bottom:0pt; line-height:12pt; font-family:'Verdana'; font-size:8pt; font-weight:bold }\r\n.Tabell-Klla { margin-top:2pt; margin-bottom:0pt; line-height:8pt; font-family:'Verdana'; font-size:7pt }\r\n.Tabell-Radrubrik { margin-bottom:0pt; line-height:12pt; font-family:'Verdana'; font-size:8pt }\r\n.Tabell-Rubrik { margin-top:12pt; margin-bottom:3pt; text-align:left; page-break-inside:avoid; page-break-after:avoid; line-height:10pt; font-family:'Verdana'; font-size:9pt; font-weight:bold }\r\n.Tabell-Siffror { margin-bottom:0pt; text-align:right; line-height:12pt; font-family:'Verdana'; font-size:8pt }\r\n.Tabell-Text { margin-bottom:0pt; line-height:12pt; font-family:'Verdana'; font-size:8pt }\r\n.Tabell-Underrubrik { margin-top:0pt; margin-bottom:1pt; text-align:left; page-break-inside:avoid; page-break-after:avoid; line-height:8pt; font-family:'Verdana'; font-size:8pt; font-weight:normal; font-style:italic }\r\n.TableofFigures { margin-top:3.1pt; margin-bottom:0pt; text-align:justify; line-height:normal; font-family:'Verdana'; font-size:9.5pt }\r\n.TillX-utskottet { margin-top:0pt; margin-bottom:12pt; text-align:left; page-break-after:avoid; line-height:12.5pt; font-family:'Verdana'; font-size:16pt }\r\n.Title { margin-top:3.1pt; margin-bottom:1pt; text-align:left; line-height:12pt; font-family:'Verdana'; font-size:20pt; letter-spacing:-0.5pt }\r\n.Vapen { margin-top:0pt; margin-bottom:0pt; text-align:left; page-break-inside:avoid; page-break-after:avoid; line-height:12.5pt; font-family:'Verdana'; font-size:16pt }\r\n.Yrkandelista { margin-top:3.1pt; margin-left:28.35pt; margin-bottom:0pt; text-indent:-28.35pt; text-align:justify; line-height:12.5pt; font-family:'Verdana'; font-size:9.5pt }\r\n.YrkandelistaEtt { margin-top:3.1pt; margin-left:0pt; margin-bottom:0pt; text-indent:0pt; text-align:justify; line-height:12.5pt; font-family:'Verdana'; font-size:9.5pt }\r\nspan.BallongtextChar { font-family:Tahoma; font-size:8pt }\r\nspan.BilagaChar { font-family:'Verdana'; font-size:8pt; font-variant:small-caps; text-decoration:underline }\r\nspan.BrdtextChar { font-family:'Verdana'; font-size:9.5pt }\r\nspan.BrdtextChar1 { font-family:'Verdana'; font-size:9.5pt }\r\nspan.Brdtextmedindrag2Char { font-family:'Verdana'; font-size:9.5pt }\r\nspan.CitatChar { font-family:'Verdana'; font-size:9.5pt }\r\nspan.DokumentRubrikChar { font-family:'Verdana'; font-size:18pt }\r\nspan.FotnotstextChar { font-family:'Verdana'; font-size:8pt }\r\nspan.FotnotstextindragChar { font-family:'Verdana'; font-size:8pt }\r\nspan.FrslagspunktChar { font-family:'Verdana'; font-size:9.5pt; font-weight:bold; font-style:normal }\r\nspan.Hyperlink { text-decoration:none; color:#000000 }\r\nspan.KommentarerChar { font-family:'Verdana'; font-size:10pt }\r\nspan.NormalkursivChar { font-family:'Verdana'; font-size:9.5pt; font-style:italic }\r\nspan.NormaltindragChar { font-family:'Verdana'; font-size:9.5pt }\r\nspan.OrdfrandenChar { font-family:'Verdana'; font-size:9.5pt; font-style:italic }\r\nspan.OrtochDatumChar { font-family:'Verdana'; font-size:9.5pt }\r\nspan.PlaceholderText { color:#808080 }\r\nspan.PVgnarChar { font-family:'Verdana'; font-size:9.5pt }\r\nspan.ReservationshnvisningChar { font-family:'Verdana'; font-size:9.5pt; font-style:italic }\r\nspan.Rubrik1Char { font-family:'Verdana'; font-size:16pt }\r\nspan.Rubrik1DokumentinformationChar { font-family:'Verdana'; font-size:16pt }\r\nspan.Rubrik2Char { font-family:'Verdana'; font-size:13.5pt }\r\nspan.Rubrik3Char { font-family:'Verdana'; font-size:10.5pt; font-weight:bold }\r\nspan.Rubrik4Char { font-family:'Verdana'; font-size:10.5pt; font-style:italic; color:#000000 }\r\nspan.Rubrik5Char { font-family:'Verdana'; font-size:9.5pt; font-weight:bold }\r\nspan.Rubrik6Char { font-family:'Verdana'; font-size:9.5pt; font-style:italic; color:#000000 }\r\nspan.Rubrik7Char { font-family:'Verdana'; font-size:9.5pt; font-style:italic; color:#243f60 }\r\nspan.Rubrik8Char { font-family:'Verdana'; font-size:9pt; color:#272727 }\r\nspan.Rubrik9Char { font-family:'Verdana'; font-size:9pt; font-style:italic; color:#272727 }\r\nspan.RubrikChar { font-family:'Verdana'; font-size:20pt; letter-spacing:-0.5pt }\r\nspan.SidfotChar { font-family:'Verdana'; font-size:9.5pt }\r\nspan.SidhuvudChar { font-family:'Verdana'; font-size:7.5pt; font-variant:small-caps }\r\nspan.Tabell-Upphjttecken { font-family:'Verdana'; font-variant:normal; text-decoration:none; text-transform:none; vertical-align:super; display:inline }\r\nspan.VapenChar { font-family:'Verdana'; font-size:16pt }\r\nspan.tBilagaJA { color:#000000 }\r\nspan.tSidrubrikJA { color:#000000 }\r\n.TableGrid {  }\r\n--></style>\r\n\r\n\t\t<div class=\"Section1\">\r\n\t\t\t<table cellspacing=\"0\" cellpadding=\"0\" style=\"border-collapse:collapse; margin-left:0pt\">\r\n\t\t\t\t<tr style=\"height:79.4pt\">\r\n\t\t\t\t\t<td style=\"vertical-align:top; width:297.7pt\">\r\n\t\t\t\t\t\t<p class=\"Rubrik1Dokumentinformation\" style=\"margin-top:0pt; margin-bottom:0pt; text-align:left; page-break-inside:avoid; page-break-after:avoid; line-height:16pt\">\r\n\t\t\t\t\t\t\t<span style=\"font-family:'Verdana'; font-size:16pt; -aw-sdt-tag:ccUtskott; -aw-sdt-title:'utskottsnamn Dokumentegenskap'\">Justitieutskottet</span><span style=\"font-family:'Verdana'; font-size:16pt; -aw-sdt-tag:ccS; -aw-sdt-title:s\">s</span><span style=\"font-family:'Verdana'; font-size:16pt; -aw-sdt-tag:ccMellanslag; -aw-sdt-title:Mellanslag\"> </span><a name=\"Utlatande\"></a><span style=\"font-family:'Verdana'; font-size:16pt\">betänkande</span>\r\n\t\t\t\t\t\t</p>\r\n\t\t\t\t\t\t<p class=\"Dokumentbeteckning\" style=\"margin-top:0pt; margin-bottom:0pt; text-align:left; page-break-inside:avoid; page-break-after:avoid; line-height:16pt\">\r\n\t\t\t\t\t\t\t<span style=\"font-family:'Verdana'; font-size:16pt; -aw-sdt-tag:ccRiksmote; -aw-sdt-title:'riksmote Dokumentegenskap'\">2018/19</span><span style=\"font-family:'Verdana'; font-size:16pt; -aw-sdt-tag:ccKolon; -aw-sdt-title:Kolon\">:</span><a name=\"Utskottebeteckning\"></a><span style=\"font-family:'Verdana'; font-size:16pt\">JuU5</span>\r\n\t\t\t\t\t\t</p>\r\n\t\t\t\t\t\t<p class=\"Rubrik1Dokumentinformation\" style=\"margin-top:0pt; margin-bottom:0pt; text-align:left; page-break-inside:avoid; page-break-after:avoid; line-height:16pt\">\r\n\t\t\t\t\t\t\t<span style=\"font-family:'Verdana'; font-size:16pt\"> </span>\r\n\t\t\t\t\t\t</p>\r\n\t\t\t\t\t</td>\r\n\t\t\t\t</tr>\r\n\t\t\t</table>\r\n\t\t\t<p class=\"DokumentRubrik\" style=\"-aw-sdt-tag:ccDokumentrubrik; -aw-sdt-title:'dokumentrubrik Dokumentegenskap'\">\r\n\t\t\t\t<span>Stärkt rättssäkerhet i de allmänna förvaltningsdomstolarna</span>\r\n\t\t\t</p>\r\n\t\t\t<p class=\"Sammanfattning\">\r\n\t\t\t\t<span class=\"tSidrubrikJA\">Sammanfattning</span>\r\n\t\t\t</p>\r\n\t\t\t<p>\r\n\t\t\t\t<span>Utskottet</span><span> föreslår att riksdagen antar regeringens förslag</span><span> till ändringar i bl.a. lagen om allmänna förvaltningsdomstolar och förvaltningsprocesslagen</span><span>.</span>\r\n\t\t\t</p>\r\n\t\t\t<p class=\"NormalIndent\">\r\n\t\t\t\t<span>Förslaget</span><span> innebär att rätten till muntlig förhandling i förvaltningsrätten förtydligas och förstärks, att det införs mer flexibla regler om rättens sammansättning, att möjligheterna att överlämna mål från en obehörig domstol utökas samt att det införs kompetenskrav för tolkar och översättare.</span><span> </span><span>Förslaget syftar till att effektivisera processen i de allmänna förvaltningsdomstolarna och stärka rättssäkerheten.</span>\r\n\t\t\t</p>\r\n\t\t\t<p class=\"NormalIndent\">\r\n\t\t\t\t<span>Lagändringarna föreslås träda i kraft den 1 mars 2019.</span>\r\n\t\t\t</p>\r\n\t\t\t<p class=\"R4\">\r\n\t\t\t\t<span>Behandlade förslag</span>\r\n\t\t\t</p>\r\n\t\t\t<p>\r\n\t\t\t\t<span>Proposition 2017/18:279 Stärkt rättssäkerhet i de allmänna förvaltningsdomstolarna.</span>\r\n\t\t\t</p>\r\n\t\t\t<p>\r\n\t\t\t\t<span> </span>\r\n\t\t\t</p>\r\n\t\t\t<p>\r\n\t\t\t\t<span> </span>\r\n\t\t\t</p>\r\n\t\t\t<p class=\"Innehllsfrteckning\">\r\n\t\t\t\t<a name=\"Innehållsförteckning\"></a><span class=\"tSidrubrikJA\">Innehållsförteckning</span>\r\n\t\t\t</p>\r\n\t\t\t<p class=\"TOC1\">\r\n\t\t\t\t<a style=\"color:#000000\" href=\"#_Toc529269502\"><span class=\"Hyperlink\">Utskottets förslag till riksdagsbeslut</span></a>\r\n\t\t\t</p>\r\n\t\t\t<p class=\"TOC1\">\r\n\t\t\t\t<a style=\"color:#000000\" href=\"#_Toc529269503\"><span class=\"Hyperlink\">Redogörelse för ärendet</span></a>\r\n\t\t\t</p>\r\n\t\t\t<p class=\"TOC1\">\r\n\t\t\t\t<a style=\"color:#000000\" href=\"#_Toc529269504\"><span class=\"Hyperlink\">Utskottets överväganden</span></a>\r\n\t\t\t</p>\r\n\t\t\t<p class=\"TOC2\">\r\n\t\t\t\t<a style=\"color:#000000\" href=\"#_Toc529269505\"><span class=\"Hyperlink\">Stärkt rättssäkerhet i de allmänna förvaltningsdomstolarna</span></a>\r\n\t\t\t</p>\r\n\t\t\t<p class=\"TOC8\">\r\n\t\t\t\t<span class=\"Hyperlink\" style=\"font-style:italic\">Bilaga 1</span><br /><a style=\"color:#000000\" href=\"#_Toc529269506\"><span class=\"Hyperlink\">Förteckning över behandlade förslag</span></a>\r\n\t\t\t</p>\r\n\t\t\t<p class=\"TOC9\">\r\n\t\t\t\t<a style=\"color:#000000\" href=\"#_Toc529269507\"><span class=\"Hyperlink\">Propositionen</span></a>\r\n\t\t\t</p>\r\n\t\t\t<p class=\"TOC8\">\r\n\t\t\t\t<span class=\"Hyperlink\" style=\"font-style:italic\">Bilaga 2</span><br /><a style=\"color:#000000\" href=\"#_Toc529269508\"><span class=\"Hyperlink\">Regeringens lagförslag</span></a>\r\n\t\t\t</p>\r\n\t\t\t<p>\r\n\t\t\t</p>\r\n\t\t\t<p>\r\n\t\t\t\t<span> </span>\r\n\t\t\t</p>\r\n\t\t\t<p class=\"NormalIndent\">\r\n\t\t\t\t<span> </span>\r\n\t\t\t</p>\r\n\t\t\t<p class=\"Avsnittsrubrik\">\r\n\t\t\t\t<a name=\"StopCC\"></a><a name=\"_Toc529269502\"><span style=\"-aw-bookmark-end:StopCC\"></span><span class=\"tSidrubrikJA\">Utskottets förslag till riksdagsbeslut</span></a>\r\n\t\t\t</p>\r\n\t\t\t<p class=\"Mellanrum\">\r\n\t\t\t\t<span> </span>\r\n\t\t\t</p>\r\n\t\t\t<p class=\"Mellanrum\">\r\n\t\t\t\t<span> </span>\r\n\t\t\t</p>\r\n\t\t\t<table cellspacing=\"0\" cellpadding=\"0\" style=\"border-collapse:collapse; margin-left:0pt; width:294.2pt\">\r\n\t\t\t\t<tr>\r\n\t\t\t\t\t<td style=\"vertical-align:top; width:22pt\">\r\n\t\t\t\t\t\t<p style=\"margin-top:3.1pt; margin-bottom:0pt; text-align:justify; page-break-inside:avoid; page-break-after:avoid; line-height:12.5pt\">\r\n\t\t\t\t\t\t\t<span style=\"font-family:'Verdana'; font-size:10.5pt; font-weight:bold\">Stärkt rättssäkerhet i de allmänna förvaltningsdomstolarna</span>\r\n\t\t\t\t\t\t</p>\r\n\t\t\t\t\t</td>\r\n\t\t\t\t</tr>\r\n\t\t\t</table>\r\n\t\t\t<p class=\"Normalutanluftfre\" style=\"-aw-sdt-tag:'dokumentavsnitt/utskottets förslag till riksdagsbeslut/1703576330/1541502578692'; -aw-sdt-title:'utskottets förslag till riksdagsbeslut'\">\r\n\t\t\t\t<span>Riksdagen antar regeringens förslag till</span>\r\n\t\t\t</p>\r\n\t\t\t<p class=\"NormalIndent\" style=\"-aw-sdt-tag:'dokumentavsnitt/utskottets förslag till riksdagsbeslut/1703576330/1541502578692'; -aw-sdt-title:'utskottets förslag till riksdagsbeslut'\">\r\n\t\t\t\t<span>1. lag om ändring i lagen (1971:289) om allmänna förvaltningsdomstolar,</span>\r\n\t\t\t</p>\r\n\t\t\t<p class=\"NormalIndent\" style=\"-aw-sdt-tag:'dokumentavsnitt/utskottets förslag till riksdagsbeslut/1703576330/1541502578692'; -aw-sdt-title:'utskottets förslag till riksdagsbeslut'\">\r\n\t\t\t\t<span>2. lag om ändring i förvaltningsprocesslagen (1971:291),</span>\r\n\t\t\t</p>\r\n\t\t\t<p class=\"NormalIndent\" style=\"-aw-sdt-tag:'dokumentavsnitt/utskottets förslag till riksdagsbeslut/1703576330/1541502578692'; -aw-sdt-title:'utskottets förslag till riksdagsbeslut'\">\r\n\t\t\t\t<span>3. lag om ändring i fastighetstaxeringslagen (1979:1152),</span>\r\n\t\t\t</p>\r\n\t\t\t<p class=\"NormalIndent\" style=\"-aw-sdt-tag:'dokumentavsnitt/utskottets förslag till riksdagsbeslut/1703576330/1541502578692'; -aw-sdt-title:'utskottets förslag till riksdagsbeslut'\">\r\n\t\t\t\t<span>4. lag om ändring i lagen (2003:389) om elektronisk kommunikation,</span>\r\n\t\t\t</p>\r\n\t\t\t<p class=\"NormalIndent\" style=\"-aw-sdt-tag:'dokumentavsnitt/utskottets förslag till riksdagsbeslut/1703576330/1541502578692'; -aw-sdt-title:'utskottets förslag till riksdagsbeslut'\">\r\n\t\t\t\t<span>5. lag om ändring i utlänningslagen (2005:716),</span>\r\n\t\t\t</p>\r\n\t\t\t<p class=\"NormalIndent\" style=\"-aw-sdt-tag:'dokumentavsnitt/utskottets förslag till riksdagsbeslut/1703576330/1541502578692'; -aw-sdt-title:'utskottets förslag till riksdagsbeslut'\">\r\n\t\t\t\t<span>6. lag om ändring i lagen (2010:1882) om åldersgränser för film som ska visas offentligt.</span>\r\n\t\t\t</p>\r\n\t\t\t<p class=\"NormalIndent\" style=\"text-indent:11.3pt; -aw-sdt-tag:'dokumentavsnitt/utskottets förslag till riksdagsbeslut/1703576330/1541502578692'; -aw-sdt-title:'utskottets förslag till riksdagsbeslut'\">\r\n\t\t\t\t<span>Därmed bifaller riksdagen proposition 2017/18:279 punkterna 1–6.</span>\r\n\t\t\t</p>\r\n\t\t\t<p class=\"Mellanrum\" style=\"-aw-sdt-tag:'dokumentavsnitt/utskottets förslag till riksdagsbeslut/1703576330/1541502578692'; -aw-sdt-title:'utskottets förslag till riksdagsbeslut'\">\r\n\t\t\t\t<span> </span>\r\n\t\t\t</p>\r\n\t\t\t<p class=\"OrtochDatum\" style=\"-aw-sdt-tag:'dokumentavsnitt/utskottets förslag till riksdagsbeslut/1703576330/1541502578692'; -aw-sdt-title:'utskottets förslag till riksdagsbeslut'\">\r\n\t\t\t\t<span>Stockholm den 6 november 2018</span>\r\n\t\t\t</p>\r\n\t\t\t<p class=\"PVgnar\" style=\"-aw-sdt-tag:'dokumentavsnitt/utskottets förslag till riksdagsbeslut/1703576330/1541502578692'; -aw-sdt-title:'utskottets förslag till riksdagsbeslut'\">\r\n\t\t\t\t<span>På justitieutskottets vägnar</span>\r\n\t\t\t</p>\r\n\t\t\t<p class=\"Ordfranden\" style=\"-aw-sdt-tag:'dokumentavsnitt/utskottets förslag till riksdagsbeslut/1703576330/1541502578692'; -aw-sdt-title:'utskottets förslag till riksdagsbeslut'\">\r\n\t\t\t\t<span>Fredrik Lundh Sammeli</span>\r\n\t\t\t</p>\r\n\t\t\t<p class=\"Deltagare\" style=\"-aw-sdt-tag:'dokumentavsnitt/utskottets förslag till riksdagsbeslut/1703576330/1541502578692'; -aw-sdt-title:'utskottets förslag till riksdagsbeslut'\">\r\n\t\t\t\t<span>Följande ledamöter har deltagit i beslutet: Fredrik Lundh Sammeli (S), Andreas Carlson (KD), Tomas Tobé (M), Petter Löberg (S), Adam Marttinen (SD), Maria Strömkvist (S), Johan Hedin (C), Linda Westerlund Snecker (V), Kristina Axén Olin (M), Katja Nyberg (SD), Joakim Sandell (S), Carina Ödebrink (S), Johan Pehrson (L), Henrik Vinge (SD), Rasmus Ling (MP), Ingemar Kihlström (KD) och Josefin Malmqvist (M).</span>\r\n\t\t\t</p>\r\n\t\t\t<p class=\"Mellanrum\" style=\"-aw-sdt-tag:'dokumentavsnitt/utskottets förslag till riksdagsbeslut/1703576330/1541502578692'; -aw-sdt-title:'utskottets förslag till riksdagsbeslut'\">\r\n\t\t\t\t<span> </span>\r\n\t\t\t</p>\r\n\t\t\t<p class=\"Mellanrum\" style=\"-aw-sdt-tag:'dokumentavsnitt/utskottets förslag till riksdagsbeslut/1703576330/1541502578692'; -aw-sdt-title:'utskottets förslag till riksdagsbeslut'\">\r\n\t\t\t\t<span> </span>\r\n\t\t\t</p>\r\n\t\t\t<p class=\"Mellanrum\" style=\"-aw-sdt-tag:'dokumentavsnitt/utskottets förslag till riksdagsbeslut/1703576330/1541502578692'; -aw-sdt-title:'utskottets förslag till riksdagsbeslut'\">\r\n\t\t\t\t<span style=\"font-size:9.5pt\"> </span>\r\n\t\t\t</p>\r\n\t\t\t<p>\r\n\t\t\t\t<span> </span>\r\n\t\t\t</p>\r\n\t\t\t<p class=\"Avsnittsrubrik\">\r\n\t\t\t\t<a name=\"SlutUtskottsForslag\"></a><a name=\"_Toc529269503\"><span style=\"-aw-bookmark-end:SlutUtskottsForslag\"></span><span class=\"tSidrubrikJA\">Redogörelse för ärendet</span></a>\r\n\t\t\t</p>\r\n\t\t\t<p>\r\n\t\t\t\t<span>I betänkandet behandlar utskottet regeringens proposition 2017/18:279 Stärkt rättssäkerhet i de allmänna </span><span>förvaltnings</span><span>domstolarna. I propositionen lämnar regeringen förslag som syftar till att effektivisera processen i de allmänna förvaltningsdomstolarna och stärka rättssäkerheten.</span>\r\n\t\t\t</p>\r\n\t\t\t<p class=\"NormalIndent\">\r\n\t\t\t\t<span>Regeringens förslag till riksdagsbeslut återges i bilaga 1. Regeringens lagförslag finns i bilaga 2.</span>\r\n\t\t\t</p>\r\n\t\t\t<p class=\"NormalIndent\">\r\n\t\t\t\t<span>Inga motioner har väckts med anledning av propositionen.</span>\r\n\t\t\t</p>\r\n\t\t\t<p class=\"Avsnittsrubrik\">\r\n\t\t\t\t<a name=\"_Toc529269504\"><span class=\"tSidrubrikJA\">Utskottets överväganden</span></a>\r\n\t\t\t</p>\r\n\t\t\t<h2>\r\n\t\t\t\t<a name=\"_Toc529269505\"><span>Stärkt rättssäkerhet i de allmänna förvaltningsdomstolarna</span></a>\r\n\t\t\t</h2>\r\n\t\t\t<div style=\"border-bottom-color:#000000; border-bottom-style:solid; border-bottom-width:0.75pt; border-left-color:#000000; border-left-style:solid; border-left-width:0.75pt; border-right-color:#000000; border-right-style:solid; border-right-width:0.75pt; border-top-color:#000000; border-top-style:solid; border-top-width:0.75pt; clear:both; margin:3.1pt 0.9pt 0pt\">\r\n\t\t\t\t<p class=\"Normalrutafet\" style=\"margin:0pt; padding-right:4pt; padding-left:4pt\">\r\n\t\t\t\t\t<span>Utskottets förslag i korthet</span>\r\n\t\t\t\t</p>\r\n\t\t\t\t<p class=\"Normalruta\" style=\"margin:0pt; padding-right:4pt; padding-left:4pt; padding-bottom:4pt\">\r\n\t\t\t\t\t<span>Riksdagen antar regeringens förslag</span><span> till ändringar i bl.a. lagen om allmänna förvaltningsdomstolar och förvaltningsprocesslagen. Förslagen</span><span> </span><span>syftar till att effektivisera processen i de allmänna förvaltningsdomstolarna och stärka rättssäkerheten</span><span>. </span>\r\n\t\t\t\t</p>\r\n\t\t\t</div>\r\n\t\t\t<p class=\"R3\" style=\"margin-bottom:0pt\">\r\n\t\t\t\t<span>Propositionen</span>\r\n\t\t\t</p>\r\n\t\t\t<p class=\"R4\" style=\"margin-top:6pt\">\r\n\t\t\t\t<span>Inledning</span>\r\n\t\t\t</p>\r\n\t\t\t<p>\r\n\t\t\t\t<span>Målet för förvaltningsdomstolarnas verksamhet är att den ska bedrivas med hög kvalitet och vara effektiv. För </span><span>att </span><span>uppnå detta krävs moderna och ändamålsenliga processregler och en väl fungerande domstolsorganisation.</span>\r\n\t\t\t</p>\r\n\t\t\t<p class=\"NormalIndent\">\r\n\t\t\t\t<span>År 2010 genomfördes en omfattande reform av de allmänna fö</span><span>rvaltningsdomstolarna som inneba</span><span>r att 23 länsrätter ersattes av 12 förvaltnings</span><span>­</span><span>rätter. Även processreglerna i de allmänna förvaltnings</span><span>­</span><span>domstolarna ha</span><span>r</span><span> reformerats under senare år (se prop. 2012/13:45, bet. 2012/13:JuU15</span><span>, rskr. 2012/13:154</span><span>).</span>\r\n\t\t\t</p>\r\n\t\t\t<p class=\"NormalIndent\">\r\n\t\t\t\t<span>Utvecklingen av förvaltningsprocessen bör enligt regeringen fortsätta</span><span>,</span><span> och i den nu aktuella proposition</span><span>en</span><span> lämnas förslag som syftar till att effektivisera processen i de allmänna förvaltningsdomstolarna och stärka rättssäkerheten</span><span> ytterligare</span><span>.</span>\r\n\t\t\t</p>\r\n\t\t\t<p class=\"R4\">\r\n\t\t\t\t<span>Rättens sammansättning</span><span> och domförhet</span>\r\n\t\t\t</p>\r\n\t\t\t<p>\r\n\t\t\t\t<span>I propositionen föreslår regeringen att antalet lagfarna domare i förvaltningsrätten </span><span>ska få</span><span> utökas med en, om det finns skäl för det med hänsyn till målets omfattning eller svårighetsgrad. </span><span>Antalet nämndemän får under samma förutsättningar utökas från tre till fyra. </span><span>Förslaget innebär att möjligheterna att utöka antalet domare utvidgas genom att </span><span>kravet på särskilda skäl </span><span>tas </span><span>bort. </span><span>Regeringen föreslår vidare att m</span><span>otsvarande förstärkt sammansättning </span><span>ska</span><span> införas</span><span> i mål om laglighetsprövning enli</span><span>gt kommunallagen</span><span>.</span><span> </span>\r\n\t\t\t</p>\r\n\t\t\t<p class=\"NormalIndent\">\r\n\t\t\t\t<span>När det gäller </span><span>domförhet i kammarrätten föreslår regeringen </span><span>bl.a. </span><span>att om en kammarrätt i mål enligt lagen (2003:389) om elektronisk kommunikation ska bestå av lagfarna ledamöter och ekonomiska experter och en av de lagfarna ledamöterna får förhinder sedan handläggningen har påbörjats, </span><span>ska </span><span>rätten ändå </span><span>vara </span><span>domför. </span><span>Regeringen föreslår även</span><span> att om en kammarrätt i mål om </span><span>fastighetstaxering, laglighetsprövning eller åldersgränser för film ska bestå av lagfarna ledamöter och särskilda ledamöter och en av de lagfarna ledamöterna får förhinder sedan handläggningen har påbörjats, </span><span>ska</span><span> rätten ändå</span><span> vara</span><span> domför om tre av de kvarvarande ledamöterna är ense om slutet.</span>\r\n\t\t\t</p>\r\n\t\t\t<p class=\"NormalIndent\">\r\n\t\t\t\t<span>Regeringen för</span><span>e</span><span>slår vidare </span><span>en lagändring </span><span>som innebär att en ensam lagfaren ledamot i kammarrätten kan bevilja ett prövningstillstånd som </span><span>inte</span><span> är begränsat till att gälla en viss del av ett beslut</span><span>.</span><span> </span><span>Möjligheten får endast användas om frågan är enkel och </span><span>beslutet innebär att prövningstillstånd meddelas. </span><span>Den föreslagna regeln om </span><span>endomarbehörighet</span><span> ska enligt regeringens bedömning inte gälla i </span><span>Migrationsöverdom</span><span>stolen</span><span>,</span><span> och </span><span>regeringen </span><span>föreslår </span><span>därför </span><span>att en undantagsregel</span><span> tas in i utlänningslagen (2005:716).</span>\r\n\t\t\t</p>\r\n\t\t\t<p class=\"R4\" style=\"margin-bottom:0pt\">\r\n\t\t\t\t<span>Muntlig förhandling</span>\r\n\t\t\t</p>\r\n\t\t\t<p>\r\n\t\t\t\t<span>Regeringen föreslår i propositionen att förvaltningsrätten ska hålla muntlig förhandling om en enskild part begär det och det inte är uppenbart obehövligt.</span><span> </span><span>Förslaget innebär att enskilda parters rätt till muntlig förhandling i förvaltningsrätten </span><span>förtydligas och </span><span>förstärks. </span><span>Förslaget syftar delvis till att förtydliga den rätt till muntlig förhandling som redan i dag gäller enligt artikel 6.1 i</span><span> </span><span style=\"font-size:10pt\">den europeiska konventionen om skydd för de mänskliga rättigheterna och de grundläggande friheterna (Europakonventionen).</span><span> </span>\r\n\t\t\t</p>\r\n\t\t\t<p class=\"R4\">\r\n\t\t\t\t<span>Överlämnande av mål</span>\r\n\t\t\t</p>\r\n\t\t\t<p>\r\n\t\t\t\t<span>Regeringen föreslår i propositionen utökade möjligheter att överlämna mål från en obehörig domstol. Förslaget innebär att ett mål ska kunna överlämnas från en obehörig domstol även efter </span><span>att </span><span>handläggning</span><span>en</span><span> av målet har påbörjats. </span><span>I dag kan detta ske endast i samband med att ett mål inleds. </span><span>Som förutsättning för överlämna</span><span>n</span><span>de </span><span>ska gälla</span><span> att rätten finner att den saknar behörighet att som första domstol handlägga målet. Ett mål ska enligt förslaget kunna överlämnas från en förvaltningsrätt, en kammarrätt eller Högsta förvaltningsdomstolen till en annan allmän förvaltnings</span><span>domstol</span><span>.</span><span> </span>\r\n\t\t\t</p>\r\n\t\t\t<p class=\"R4\">\r\n\t\t\t\t<span>Kompetenskrav för tolkar och översättare</span>\r\n\t\t\t</p>\r\n\t\t\t<p>\r\n\t\t\t\t<span>I propositionen föreslår r</span><span>egeringen</span><span> att det </span><span>införs ett kompetenskrav för tolkar och översättare som anlitas av allmänna förvaltningsdomstolar. Enligt förslaget ska rätten, om det är möjligt, anlita en tolk eller översättare som är auktoriserad. Om det inte är möjligt ska rätten anlita en annan lämplig person. </span><span>Förslaget innebär att samma kompetenskrav som i dag gäller </span><span>för </span><span>tolkar och översättare som anlitas i allmän domstol även ska gälla för tolkar och översättare som anlitas i allmän förvaltningsdomstol.</span>\r\n\t\t\t</p>\r\n\t\t\t<p class=\"NormalIndent\">\r\n\t\t\t\t<span>Vidare föreslås det att r</span><span>ätten, under samma förutsättningar som gäller för tolkning och översättning för den som inte behärskar svenska, </span><span>ska </span><span>använda tolk och göra innehållet i handlingar tillgängligt vid kontakter med den som har en funktionsnedsättning som begränsar förmågan att se, höra eller tala. Om </span><span>det är lämpligt får ett tekniskt hjälpmedel användas i stället för att en tolk anlitas.</span><span> </span>\r\n\t\t\t</p>\r\n\t\t\t<p class=\"NormalIndent\">\r\n\t\t\t\t<span>Mot bakgrund av att tillgången på kvalificerade tolkar bör öka har regeringen gett en särskild utredare i uppdrag att göra en översyn av samhällets behov av och tillgång till tolkar samt den offentliga sektorns användning av tolkar (Effektiva och ändamålsenliga tolktjänster, dir. 2017:104). Uppdraget ska redovisas senast den 12 december 2018.</span>\r\n\t\t\t</p>\r\n\t\t\t<p class=\"R4\">\r\n\t\t\t\t<span>Ikraftträdande- och övergångsbestämmelser</span>\r\n\t\t\t</p>\r\n\t\t\t<p>\r\n\t\t\t\t<span>Regeringen föreslår att lagändringarna träder i kraft den 1 mars 2019. Enligt regeringens bedömning behövs det inte några övergångsbestämmelser.</span>\r\n\t\t\t</p>\r\n\t\t\t<p class=\"R3\">\r\n\t\t\t\t<span>Utskottets ställningstagande</span>\r\n\t\t\t</p>\r\n\t\t\t<p>\r\n\t\t\t\t<span>Propositionen har inte lett till några motionsyrkanden eller andra invändningar under utskottsbehandlingen. Utskottet anser att regeringens lagförslag är ändamålsenligt utformade och att de bör antas.</span>\r\n\t\t\t</p>\r\n\t\t\t<p>\r\n\t\t\t\t<span> </span>\r\n\t\t\t</p>\r\n\t\t\t<p>\r\n\t\t\t\t<span> </span>\r\n\t\t\t</p>\r\n\t\t\t<p>\r\n\t\t\t\t<span> </span>\r\n\t\t\t</p>\r\n\t\t\t<p class=\"Bilaga\">\r\n\t\t\t\t<span class=\"tBilagaJA\">Bilaga 1</span>\r\n\t\t\t</p>\r\n\t\t\t<p class=\"Bilagerubrik\">\r\n\t\t\t\t<a name=\"_Toc529269506\"><span class=\"tSidrubrikJA\">Förteckning över behandlade förslag</span></a>\r\n\t\t\t</p>\r\n\t\t\t<p class=\"Rubrik2bilaga\" style=\"-aw-sdt-tag:'dokumentavsnitt/förteckning över behandlade förslag/429513990/1538469779540'; -aw-sdt-title:'förteckning över behandlade förslag'\">\r\n\t\t\t\t<a name=\"_Toc529269507\"><span>Propositionen</span></a><span> </span>\r\n\t\t\t</p>\r\n\t\t\t<h4 style=\"-aw-sdt-tag:'dokumentavsnitt/förteckning över behandlade förslag/429513990/1538469779540'; -aw-sdt-title:'förteckning över behandlade förslag'\">\r\n\t\t\t\t<span>Proposition 2017/18:279 Stärkt rättssäkerhet i de allmänna förvaltningsdomstolarna:</span>\r\n\t\t\t</h4>\r\n\t\t\t<p class=\"Yrkandelista\" style=\"margin-bottom:0pt; -aw-sdt-tag:'dokumentavsnitt/förteckning över behandlade förslag/429513990/1538469779540'; -aw-sdt-title:'förteckning över behandlade förslag'\">\r\n\t\t\t\t<span>1.</span><span style=\"width:21.22pt; text-indent:0pt; display:inline-block\"></span><span>Riksdagen antar regeringens förslag till lag om ändring i lagen (1971:289) om allmänna förvaltningsdomstolar.</span>\r\n\t\t\t</p>\r\n\t\t\t<p class=\"Yrkandelista\" style=\"margin-top:0pt; margin-bottom:0pt; -aw-sdt-tag:'dokumentavsnitt/förteckning över behandlade förslag/429513990/1538469779540'; -aw-sdt-title:'förteckning över behandlade förslag'\">\r\n\t\t\t\t<span>2.</span><span style=\"width:21.22pt; text-indent:0pt; display:inline-block\"></span><span>Riksdagen antar regeringens förslag till lag om ändring i förvaltningsprocesslagen (1971:291).</span>\r\n\t\t\t</p>\r\n\t\t\t<p class=\"Yrkandelista\" style=\"margin-top:0pt; margin-bottom:0pt; -aw-sdt-tag:'dokumentavsnitt/förteckning över behandlade förslag/429513990/1538469779540'; -aw-sdt-title:'förteckning över behandlade förslag'\">\r\n\t\t\t\t<span>3.</span><span style=\"width:21.22pt; text-indent:0pt; display:inline-block\"></span><span>Riksdagen antar regeringens förslag till lag om ändring i fastighetstaxeringslagen (1979:1152).</span>\r\n\t\t\t</p>\r\n\t\t\t<p class=\"Yrkandelista\" style=\"margin-top:0pt; margin-bottom:0pt; -aw-sdt-tag:'dokumentavsnitt/förteckning över behandlade förslag/429513990/1538469779540'; -aw-sdt-title:'förteckning över behandlade förslag'\">\r\n\t\t\t\t<span>4.</span><span style=\"width:21.22pt; text-indent:0pt; display:inline-block\"></span><span>Riksdagen antar regeringens förslag till lag om ändring i lagen (2003:389) om elektronisk kommunikation.</span>\r\n\t\t\t</p>\r\n\t\t\t<p class=\"Yrkandelista\" style=\"margin-top:0pt; margin-bottom:0pt; -aw-sdt-tag:'dokumentavsnitt/förteckning över behandlade förslag/429513990/1538469779540'; -aw-sdt-title:'förteckning över behandlade förslag'\">\r\n\t\t\t\t<span>5.</span><span style=\"width:21.22pt; text-indent:0pt; display:inline-block\"></span><span>Riksdagen antar regeringens förslag till lag om ändring i utlänningslagen (2005:716).</span>\r\n\t\t\t</p>\r\n\t\t\t<p class=\"Yrkandelista\" style=\"margin-top:0pt; -aw-sdt-tag:'dokumentavsnitt/förteckning över behandlade förslag/429513990/1538469779540'; -aw-sdt-title:'förteckning över behandlade förslag'\">\r\n\t\t\t\t<span>6.</span><span style=\"width:21.22pt; text-indent:0pt; display:inline-block\"></span><span>Riksdagen antar regeringens förslag till lag om ändring i lagen (2010:1882) om åldersgränser för film som ska visas offentligt.</span>\r\n\t\t\t</p>\r\n\t\t\t<p class=\"Mellanrum\">\r\n\t\t\t\t<span> </span>\r\n\t\t\t</p>\r\n\t\t\t<p class=\"Mellanrum\" style=\"-aw-sdt-tag:'dokumentavsnitt/förteckning över behandlade förslag/429513990/1538469779540'; -aw-sdt-title:'förteckning över behandlade förslag'\">\r\n\t\t\t\t<span> </span>\r\n\t\t\t</p>\r\n\t\t\t<p>\r\n\t\t\t\t<span> </span>\r\n\t\t\t</p>\r\n\t\t\t<p class=\"Bilaga\">\r\n\t\t\t\t<span class=\"tBilagaJA\">Bilaga 2</span>\r\n\t\t\t</p>\r\n\t\t\t<p class=\"Bilagerubrik\">\r\n\t\t\t\t<a name=\"_Toc529269508\"><span class=\"tSidrubrikJA\">Regeringens lagförslag</span></a>\r\n\t\t\t</p>\r\n\t\t\t<p>\r\n\t\t\t\t<img src=\"http://data.riksdagen.se/fil/h601juu5/Dokument.001.png\" width=\"394\" height=\"655\" alt=\"\" style=\"-aw-left-pos:0pt; -aw-rel-hpos:column; -aw-rel-vpos:paragraph; -aw-top-pos:0pt; -aw-wrap-type:inline\" />\r\n\t\t\t</p>\r\n\t\t\t<p style=\"page-break-before:always\">\r\n\t\t\t\t<img src=\"http://data.riksdagen.se/fil/h601juu5/Dokument.002.png\" width=\"391\" height=\"756\" alt=\"\" style=\"-aw-left-pos:0pt; -aw-rel-hpos:column; -aw-rel-vpos:paragraph; -aw-top-pos:0pt; -aw-wrap-type:inline\" />\r\n\t\t\t</p>\r\n\t\t\t<p style=\"page-break-before:always\">\r\n\t\t\t\t<img src=\"http://data.riksdagen.se/fil/h601juu5/Dokument.003.png\" width=\"394\" height=\"753\" alt=\"\" style=\"-aw-left-pos:0pt; -aw-rel-hpos:column; -aw-rel-vpos:paragraph; -aw-top-pos:0pt; -aw-wrap-type:inline\" />\r\n\t\t\t</p>\r\n\t\t\t<p style=\"page-break-before:always\">\r\n\t\t\t\t<img src=\"http://data.riksdagen.se/fil/h601juu5/Dokument.004.png\" width=\"394\" height=\"754\" alt=\"\" style=\"-aw-left-pos:0pt; -aw-rel-hpos:column; -aw-rel-vpos:paragraph; -aw-top-pos:0pt; -aw-wrap-type:inline\" />\r\n\t\t\t</p>\r\n\t\t\t<p style=\"page-break-before:always\">\r\n\t\t\t\t<img src=\"http://data.riksdagen.se/fil/h601juu5/Dokument.005.png\" width=\"394\" height=\"754\" alt=\"\" style=\"-aw-left-pos:0pt; -aw-rel-hpos:column; -aw-rel-vpos:paragraph; -aw-top-pos:0pt; -aw-wrap-type:inline\" />\r\n\t\t\t</p>\r\n\t\t\t<p style=\"page-break-before:always\">\r\n\t\t\t\t<img src=\"http://data.riksdagen.se/fil/h601juu5/Dokument.006.png\" width=\"394\" height=\"754\" alt=\"\" style=\"-aw-left-pos:0pt; -aw-rel-hpos:column; -aw-rel-vpos:paragraph; -aw-top-pos:0pt; -aw-wrap-type:inline\" />\r\n\t\t\t</p>\r\n\t\t\t<p style=\"page-break-before:always\">\r\n\t\t\t\t<img src=\"http://data.riksdagen.se/fil/h601juu5/Dokument.007.png\" width=\"394\" height=\"748\" alt=\"\" style=\"-aw-left-pos:0pt; -aw-rel-hpos:column; -aw-rel-vpos:paragraph; -aw-top-pos:0pt; -aw-wrap-type:inline\" />\r\n\t\t\t</p>\r\n\t\t\t<p style=\"page-break-before:always\">\r\n\t\t\t\t<img src=\"http://data.riksdagen.se/fil/h601juu5/Dokument.008.png\" width=\"394\" height=\"749\" alt=\"\" style=\"-aw-left-pos:0pt; -aw-rel-hpos:column; -aw-rel-vpos:paragraph; -aw-top-pos:0pt; -aw-wrap-type:inline\" />\r\n\t\t\t</p>\r\n\t\t\t<p style=\"page-break-before:always\">\r\n\t\t\t\t<img src=\"http://data.riksdagen.se/fil/h601juu5/Dokument.009.png\" width=\"394\" height=\"754\" alt=\"\" style=\"-aw-left-pos:0pt; -aw-rel-hpos:column; -aw-rel-vpos:paragraph; -aw-top-pos:0pt; -aw-wrap-type:inline\" />\r\n\t\t\t</p>\r\n\t\t\t<p style=\"page-break-before:always\">\r\n\t\t\t\t<img src=\"http://data.riksdagen.se/fil/h601juu5/Dokument.010.png\" width=\"394\" height=\"629\" alt=\"\" style=\"-aw-left-pos:0pt; -aw-rel-hpos:column; -aw-rel-vpos:paragraph; -aw-top-pos:0pt; -aw-wrap-type:inline\" />\r\n\t\t\t</p>\r\n\t\t\t<p style=\"page-break-before:always\">\r\n\t\t\t\t<img src=\"http://data.riksdagen.se/fil/h601juu5/Dokument.011.png\" width=\"394\" height=\"754\" alt=\"\" style=\"-aw-left-pos:0pt; -aw-rel-hpos:column; -aw-rel-vpos:paragraph; -aw-top-pos:0pt; -aw-wrap-type:inline\" />\r\n\t\t\t</p>\r\n\t\t</div>\r\n\t"},"dokutskottsforslag":{"utskottsforslag":{"punkt":"1","rubrik":"Stärkt rättssäkerhet i de allmänna förvaltningsdomstolarna","forslag":"Riksdagen antar regeringens förslag till<br>1. lag om ändring i lagen (1971:289) om allmänna förvaltningsdomstolar,<br>2. lag om ändring i förvaltningsprocesslagen (1971:291),<br>3. lag om ändring i fastighetstaxeringslagen (1979:1152),<br>4. lag om ändring i lagen (2003:389) om elektronisk kommunikation,<br>5. lag om ändring i utlänningslagen (2005:716),<br>6. lag om ändring i lagen (2010:1882) om åldersgränser för film som ska visas offentligt.<BR/>Därmed bifaller riksdagen proposition 2017/18:279 punkterna 1-6.<BR/><BR/>","beslutstyp":"acklamation","motforslag_nummer":"0","motforslag_partier":null,"votering_id":null,"votering_sammanfattning_html":null,"votering_url_xml":null,"rm":"2018/19","bet":"JuU5","vinnare":"utskottet"}},"dokaktivitet":{"aktivitet":[{"kod":"UBE","namn":"Beredning","datum":"2018-10-18 00:00:00","status":"inträffat","ordning":"0","process":null},{"kod":"JUS","namn":"Justering","datum":"2018-11-06 00:00:00","status":"inträffat","ordning":"0","process":null},{"kod":"TRY","namn":"Trycklov","datum":"2018-11-07 00:00:00","status":"inträffat","ordning":"0","process":null},{"kod":"B","namn":"Bordläggning","datum":"2018-11-20 00:00:00","status":"inträffat","ordning":"0","process":null},{"kod":"BEH","namn":"Behandling","datum":"2018-11-21 00:00:00","status":"inträffat","ordning":"0","process":null},{"kod":"BES","namn":"Beslut","datum":"2018-11-21 00:00:00","status":"inträffat","ordning":"0","process":null}]},"dokuppgift":{"uppgift":[{"kod":"notis","namn":"Beslut i korthet","text":"                           <p>Förvaltningsdomstolarna ska bli mer rättssäkra och effektiva. Riksdagen sa ja till regeringens förslag till lagändringar. Förslaget innebär bland annat att rätten till muntlig förhandling i förvaltningsrätten blir starkare och att reglerna om sammansättningen i rätten blir mer flexibla. Det ska också införas kompetenskrav för tolkar och översättare som anlitas av förvaltningsdomstolarna. Tolkarna och översättarna som anlitas av domstolarna ska om möjligt vara auktoriserade.</p>\r\n<p>Lagändringarna börjar gälla den 1 mars 2019.</p>\r\n                                            ","dok_id":"H601JuU5","systemdatum":"2018-11-21 16:39:41"},{"kod":"notisrubrik","namn":"Beslut","text":"Rättssäkerheten ska stärkas i förvaltningsdomstolarna (JuU5)","dok_id":"H601JuU5","systemdatum":"2018-11-21 16:39:41"},{"kod":"utsknotis","namn":"Utskottets förslag till beslut","text":"                           <p>Förvaltningsdomstolarna ska bli mer rättssäkra och effektiva. Justitieutskottet föreslår att riksdagen säger ja till regeringens förslag till lagändringar. Förslaget innebär bland annat att rätten till muntlig förhandling i förvaltningsrätten blir starkare och att reglerna om sammansättningen i rätten blir mer flexibla. Det ska också införas kompetenskrav för tolkar och översättare som anlitas av förvaltningsdomstolarna. Tolkarna och översättarna som anlitas av domstolarna ska om möjligt vara auktoriserade.</p>\r\n<p>Lagändringarna föreslås börja gälla den 1 mars 2019.</p>\r\n                                            ","dok_id":"H601JuU5","systemdatum":"2018-11-21 16:39:41"},{"kod":"utsknotisrubrik","namn":"Utskottets förslag","text":"Rättssäkerheten ska stärkas i förvaltningsdomstolarna (Juu5)","dok_id":"H601JuU5","systemdatum":"2018-11-21 16:39:41"},{"kod":"rdbeslut","namn":"Riksdagens beslut","text":"Kammaren biföll utskottets förslag.","dok_id":"H601JuU5","systemdatum":"2018-11-21 16:58:17"},{"kod":"beslutssammanfattningusk","namn":"Utskottets förslag till beslut","text":"Bifall till propositionen.","dok_id":"H601JuU5","systemdatum":"2018-11-07 11:34:58"},{"kod":"debattdatumtid","namn":"Datum och tid för debatten","text":"2018-11-21 00:00:00","dok_id":"H601JuU5","systemdatum":"2018-11-21 16:39:41"},{"kod":"beslutdatumtid","namn":"Datum och tid för beslutet","text":"2018-11-21 00:00:00","dok_id":"H601JuU5","systemdatum":"2018-11-21 16:39:41"},{"kod":"statustext","namn":"statustext","text":"Ärendet är avslutat","dok_id":"H601JuU5","systemdatum":"2018-11-22 13:31:36"}]},"dokbilaga":{"bilaga":{"dok_id":"H601JuU5","titel":"Stärkt rättssäkerhet i de allmänna förvaltningsdomstolarna","subtitel":null,"filnamn":"2018_19_JuU5_20181107113418_Publicering.pdf","filstorlek":"1883206","filtyp":"pdf","fil_url":"http://data.riksdagen.se/fil/9A009DFD-35B3-4AF9-A777-37F89B242A5E"}},"dokreferens":{"referens":[{"referenstyp":"behandlar","uppgift":"Proposition 2017/18:279 Stärkt rättssäkerhet i de allmänna förvaltningsdomstolarna","ref_dok_id":"H503279","ref_dok_typ":"prop","ref_dok_rm":"2017/18","ref_dok_bet":"279","ref_dok_titel":"Stärkt rättssäkerhet i de allmänna förvaltningsdomstolarna","ref_dok_subtitel":null,"ref_dok_subtyp":"prop","ref_dok_dokumentnamn":"Proposition"},{"referenstyp":"föredragningslista","uppgift":"föredragningslista 2018/19:19 Onsdag den 21 november 2018","ref_dok_id":"H60I19","ref_dok_typ":"f-lista","ref_dok_rm":"2018/19","ref_dok_bet":"19","ref_dok_titel":"Onsdag den 21 november 2018","ref_dok_subtitel":null,"ref_dok_subtyp":null,"ref_dok_dokumentnamn":"Föredragningslista"},{"referenstyp":"protokollbeslut","uppgift":"2018-11-21","ref_dok_id":"H60919","ref_dok_typ":"prot","ref_dok_rm":"2018/19","ref_dok_bet":"19","ref_dok_titel":"Protokoll 2018/19:19 Onsdagen den 21 november","ref_dok_subtitel":null,"ref_dok_subtyp":null,"ref_dok_dokumentnamn":"Protokoll"},{"referenstyp":"rskr","uppgift":null,"ref_dok_id":"H60K40","ref_dok_typ":"rskr","ref_dok_rm":"2018/19","ref_dok_bet":"40","ref_dok_titel":"Riksdagsskrivelse 2018/19:40","ref_dok_subtitel":null,"ref_dok_subtyp":"rskr","ref_dok_dokumentnamn":"Riksdagsskrivelse"}]},"debatt":null}}