{"dokumentstatus":{"dokument":{"hangar_id":"5030717","dok_id":"H601FiU44","rm":"2018/19","beteckning":"FiU44","typ":"bet","subtyp":"bet","doktyp":"bet","typrubrik":"Betänkande 2018/19:FiU44","dokumentnamn":"Betänkande","debattnamn":"Debatt om förslag","tempbeteckning":"","organ":"FiU","mottagare":"","nummer":"44","slutnummer":"0","datum":"2019-06-13 00:00:00","systemdatum":"2019-06-19 00:28:39","publicerad":"2019-04-08 14:34:45","titel":"Statens roll på betalningsmarknaden","subtitel":"","status":"Webbpublicering","htmlformat":"html","relaterat_id":"","source":"RIM","sourceid":"374a3da1-48b0-4ed6-8d03-400d90c93d2d","dokument_url_text":"http://data.riksdagen.se/dokument/H601FiU44/text","dokument_url_html":"http://data.riksdagen.se/dokument/H601FiU44","dokumentstatus_url_xml":"http://data.riksdagen.se/dokumentstatus/H601FiU44","utskottsforslag_url_xml":"http://data.riksdagen.se/utskottsforslag/H601FiU44","html":"<style><!--\r\n .w600px{width: 600px;font-family:Verdana, Geneva, sans-serif}\r\nh2.dtyp{font-size:1.5em !important;} \r\n/********************************************************************************************************/\r\n/* Styles for D:\\Logs\\DocumentConverter\\\\Output_376e23ef-2d9e-4613-baa1-e998bdc16c5c\\HTML\\Dokument.html */\r\n/* Generated by Aspose.Words for .NET 15.3.0.0                                                          */\r\n/********************************************************************************************************/\r\n\r\n@page Section1 { size:467.8pt 686.05pt; margin:45.35pt 102.05pt 73.7pt 70.85pt }\r\ndiv.Section1 { page:Section1 }\r\nzbody { text-align:justify; line-height:12.5pt; font-family:'Verdana'; font-size:9.5pt }\r\nzh1, h2, h3, h4, h5, h6, p { margin:3.1pt 0pt 0pt }\r\nzli, table { margin-top:3.1pt; margin-bottom:0pt }\r\nzh1 { margin-top:3.1pt; margin-bottom:12pt; text-align:left; page-break-after:avoid; line-height:12.5pt; font-family:'Verdana'; font-size:16pt; font-weight:normal }\r\nzh2 { margin-top:20pt; margin-bottom:6pt; text-align:left; page-break-inside:avoid; page-break-after:avoid; line-height:12.5pt; font-family:'Verdana'; font-size:13.5pt; font-weight:normal }\r\nzh3 { margin-top:20pt; margin-bottom:3.1pt; text-align:left; page-break-inside:avoid; page-break-after:avoid; line-height:12.5pt; font-family:'Verdana'; font-size:10.5pt; font-weight:bold }\r\nzh4 { margin-top:15pt; margin-bottom:3.1pt; text-align:left; page-break-inside:avoid; page-break-after:avoid; line-height:12.5pt; font-family:'Verdana'; font-size:10.5pt; font-weight:normal; font-style:italic; color:#000000 }\r\nzh5 { margin-top:6.25pt; margin-bottom:0pt; text-align:justify; page-break-inside:avoid; page-break-after:avoid; line-height:12.5pt; font-family:'Verdana'; font-size:9.5pt; font-weight:bold }\r\nzh6 { margin-top:6.25pt; margin-bottom:0pt; text-align:justify; page-break-inside:avoid; page-break-after:avoid; line-height:12.5pt; font-family:'Verdana'; font-size:9.5pt; font-weight:normal; font-style:italic; color:#000000 }\r\n.Heading7 { margin-top:2pt; margin-bottom:0pt; text-align:justify; page-break-inside:avoid; page-break-after:avoid; line-height:12.5pt; font-family:'Verdana'; font-size:9.5pt; font-weight:normal; font-style:italic; color:#243f60 }\r\n.Heading8 { margin-top:2pt; margin-bottom:0pt; text-align:justify; page-break-inside:avoid; page-break-after:avoid; line-height:12.5pt; font-family:'Verdana'; font-size:9pt; font-weight:normal; color:#272727 }\r\n.Heading9 { margin-top:2pt; margin-bottom:0pt; text-align:justify; page-break-inside:avoid; page-break-after:avoid; line-height:12.5pt; font-family:'Verdana'; font-size:9pt; font-weight:normal; font-style:italic; color:#272727 }\r\n.Avsnittsrubrik { margin-top:0pt; margin-bottom:27.7pt; text-align:left; page-break-before:always; page-break-after:avoid; line-height:normal; font-family:'Verdana'; font-size:16pt }\r\n.Avvikandemeningrubrik { margin-top:0pt; margin-bottom:3.1pt; text-align:left; page-break-inside:avoid; page-break-after:avoid; line-height:12.5pt; font-family:'Verdana'; font-size:10.5pt; font-weight:bold }\r\n.BalloonText { margin-top:3.1pt; margin-bottom:0pt; text-align:justify; line-height:normal; font-family:Tahoma; font-size:8pt }\r\n.Bilaga { margin-top:0pt; margin-bottom:0pt; text-align:left; page-break-before:always; page-break-after:avoid; line-height:normal; widows:0; orphans:0; font-family:'Verdana'; font-size:8pt; font-variant:small-caps; text-decoration:underline }\r\n.Bilagerubrik { margin-top:0pt; margin-bottom:17.7pt; text-align:left; page-break-after:auto; line-height:normal; widows:0; orphans:0; font-family:'Verdana'; font-size:16pt }\r\n.Bild-Rubrik { margin-top:8pt; margin-bottom:0pt; text-align:justify; page-break-inside:avoid; page-break-after:avoid; line-height:10pt; font-family:'Verdana'; font-size:9.5pt; font-weight:bold }\r\n.Bild-Underrubrik { margin-top:0pt; margin-bottom:1pt; text-align:left; page-break-inside:avoid; page-break-after:avoid; line-height:8pt; font-family:'Verdana'; font-size:8pt; font-weight:normal; font-style:italic }\r\n.BodyText { margin-top:3.1pt; margin-bottom:0pt; text-align:left; line-height:12.5pt; font-family:'Verdana'; font-size:9.5pt }\r\n.BodyTextIndent2 { margin-top:3.1pt; margin-left:14.15pt; margin-bottom:6pt; text-align:justify; line-height:200%; font-family:'Verdana'; font-size:9.5pt }\r\n.Citatindrag { margin-top:0pt; margin-left:14.2pt; margin-bottom:6.1pt; text-indent:14.2pt; text-align:justify; line-height:10pt; font-family:'Verdana'; font-size:9.5pt }\r\n.CommentText { margin-top:3.1pt; margin-bottom:0pt; text-align:justify; line-height:normal; font-family:'Verdana'; font-size:10pt }\r\n.Default { margin-bottom:0pt; line-height:normal; font-family:'Verdana'; font-size:12pt; color:#000000 }\r\n.Deltagare { margin-top:0pt; margin-bottom:0pt; text-align:justify; page-break-inside:avoid; page-break-after:avoid; line-height:9.5pt; font-family:'Verdana'; font-size:9.5pt }\r\n.Diagram-Rubrik { margin-top:8pt; margin-bottom:0pt; text-align:justify; page-break-inside:avoid; page-break-after:avoid; line-height:10pt; font-family:'Verdana'; font-size:9.5pt; font-weight:bold }\r\n.Diagram-Underrubrik { margin-top:0pt; margin-bottom:1pt; text-align:left; page-break-inside:avoid; page-break-after:avoid; line-height:8pt; font-family:'Verdana'; font-size:8pt; font-weight:normal; font-style:italic }\r\n.DokumentRubrik { margin-top:6pt; margin-bottom:24pt; text-align:left; line-height:normal; border-bottom-style:solid; border-bottom-width:0.75pt; border-bottom-color:#000000; padding-bottom:4pt; font-family:'Verdana'; font-size:18pt }\r\n.Dokumentbeteckning { margin-top:0pt; margin-bottom:0pt; text-align:left; page-break-inside:avoid; page-break-after:avoid; line-height:12.5pt; font-family:'Verdana'; font-size:16pt }\r\n.Footer { margin-top:3.1pt; margin-bottom:0pt; text-align:justify; line-height:normal; font-family:'Verdana'; font-size:9.5pt }\r\n.FootnoteText { margin-top:0pt; margin-bottom:0pt; text-align:justify; line-height:8pt; font-family:'Verdana'; font-size:8pt }\r\n.Fotnotstextindrag { margin-top:0pt; margin-left:5.65pt; margin-bottom:0pt; text-align:left; line-height:8pt; font-family:'Verdana'; font-size:8pt }\r\n.Frslagspunkt { margin-top:0pt; margin-bottom:0pt; text-align:left; page-break-inside:avoid; page-break-after:avoid; line-height:12.5pt; font-family:'Verdana'; font-size:9.5pt; font-weight:bold }\r\n.Frslagstext { margin-top:0pt; margin-bottom:0pt; text-align:justify; line-height:12.5pt; font-family:'Verdana'; font-size:9.5pt }\r\n.Frteckningsrubrik { margin-top:9.6pt; margin-bottom:3.1pt; text-align:left; page-break-inside:avoid; page-break-after:avoid; line-height:normal; font-family:'Verdana'; font-size:9.5pt; font-weight:normal; font-style:italic; color:#000000 }\r\n.Grupprubrik { margin-top:6pt; margin-bottom:0pt; text-align:left; page-break-inside:avoid; page-break-after:avoid; line-height:12.5pt; font-family:'Verdana'; font-size:9.5pt; font-style:italic }\r\n.Grupprubrikindrag { margin-top:6pt; margin-left:22.1pt; margin-bottom:0pt; text-align:left; page-break-inside:avoid; page-break-after:avoid; line-height:12.5pt; font-family:'Verdana'; font-size:9.5pt; font-style:italic }\r\n.Header { margin-top:0pt; margin-bottom:0pt; text-align:justify; line-height:normal; font-family:'Verdana'; font-size:7.5pt; font-variant:small-caps }\r\n.Innehllsfrteckning { margin-top:0pt; margin-bottom:17.7pt; text-align:left; page-break-before:always; page-break-after:auto; line-height:normal; font-family:'Verdana'; font-size:16pt }\r\n.Kantrubrik { margin-top:0pt; margin-bottom:0pt; text-align:justify; line-height:normal; font-family:'Verdana'; font-size:7.5pt }\r\n.ListBullet { margin-top:6.25pt; margin-left:17.85pt; margin-bottom:6.25pt; text-indent:-17.85pt; text-align:justify; line-height:12.5pt; font-family:'Verdana'; font-size:9.5pt }\r\n.ListParagraph { margin-top:3.1pt; margin-left:28.35pt; margin-bottom:0pt; text-align:justify; line-height:12.5pt; font-family:'Verdana'; font-size:9.5pt }\r\n.Litentext { margin-top:0pt; margin-bottom:0pt; text-align:justify; line-height:normal; font-family:'Verdana'; font-size:8pt }\r\n.Mellanrubrik { margin-top:11pt; margin-bottom:3.1pt; text-align:left; page-break-after:avoid; line-height:12.5pt; font-family:'Verdana'; font-size:9.5pt; font-style:italic }\r\n.Mellanrum { margin-top:0pt; margin-bottom:0pt; text-align:left; page-break-before:auto; page-break-after:auto; line-height:1pt; widows:0; orphans:0; font-family:'Verdana'; font-size:1pt; font-variant:small-caps; text-decoration:none; color:#ffffff }\r\n.NormalIndent { margin-top:0pt; margin-bottom:0pt; text-indent:11.35pt; text-align:justify; line-height:12.5pt; font-family:'Verdana'; font-size:9.5pt }\r\n.Normalinskjuten { margin-top:0pt; margin-left:22.1pt; margin-bottom:0pt; text-align:justify; line-height:12.5pt; font-family:'Verdana'; font-size:9.5pt }\r\n.Normalinskjutenindrag { margin-top:0pt; margin-left:22.1pt; margin-bottom:0pt; text-indent:11.35pt; text-align:justify; line-height:12.5pt; font-family:'Verdana'; font-size:9.5pt }\r\n.Normalinskjutenkursiv { margin-top:6pt; margin-bottom:0pt; line-height:normal; font-family:'Verdana'; font-size:10pt; font-style:italic }\r\n.Normalkursiv { margin-top:3.1pt; margin-bottom:0pt; text-align:left; line-height:12.5pt; font-family:'Verdana'; font-size:9.5pt; font-style:italic }\r\n.Normalruta { margin:3.1pt 5.65pt 0pt; text-align:justify; page-break-inside:avoid; page-break-after:avoid; line-height:12.5pt; border-top-style:solid; border-top-width:0.75pt; border-top-color:#000000; border-right-style:solid; border-right-width:0.75pt; border-right-color:#000000; border-left-style:solid; border-left-width:0.75pt; border-left-color:#000000; border-bottom-style:solid; border-bottom-width:0.75pt; border-bottom-color:#000000; padding-top:4pt; padding-right:4pt; padding-left:4pt; padding-bottom:4pt; font-family:'Verdana'; font-size:10.5pt }\r\n.Normalrutafet { margin:3.1pt 5.65pt 0pt; text-align:justify; page-break-inside:avoid; page-break-after:avoid; line-height:12.5pt; border-top-style:solid; border-top-width:0.75pt; border-top-color:#000000; border-right-style:solid; border-right-width:0.75pt; border-right-color:#000000; border-left-style:solid; border-left-width:0.75pt; border-left-color:#000000; border-bottom-style:solid; border-bottom-width:0.75pt; border-bottom-color:#000000; padding-top:4pt; padding-right:4pt; padding-left:4pt; padding-bottom:4pt; font-family:'Verdana'; font-size:10.5pt; font-weight:bold }\r\n.Normalrutaindrag { margin:0pt 5.65pt; text-indent:11.35pt; text-align:justify; page-break-inside:avoid; page-break-after:avoid; line-height:12.5pt; border-top-style:solid; border-top-width:0.75pt; border-top-color:#000000; border-right-style:solid; border-right-width:0.75pt; border-right-color:#000000; border-left-style:solid; border-left-width:0.75pt; border-left-color:#000000; border-bottom-style:solid; border-bottom-width:0.75pt; border-bottom-color:#000000; padding-top:4pt; padding-right:4pt; padding-left:4pt; padding-bottom:4pt; font-family:'Verdana'; font-size:10.5pt }\r\n.Normalutanluftfre { margin-top:0pt; margin-bottom:0pt; text-align:justify; line-height:12.5pt; font-family:'Verdana'; font-size:9.5pt }\r\n.NormalNoll { margin-top:0pt; margin-bottom:3.1pt; text-align:left; line-height:12.5pt; font-family:'Verdana'; font-size:10.5pt; font-weight:bold }\r\n.NumlistaTOC { margin:3.1pt 28.35pt 0pt 0pt; text-indent:0pt; text-align:left; line-height:normal; font-family:'Verdana'; font-size:9.5pt }\r\n.Ordfranden { margin-top:3.1pt; margin-bottom:22pt; text-align:left; page-break-inside:avoid; page-break-after:avoid; line-height:normal; font-family:'Verdana'; font-size:9.5pt; font-style:italic }\r\n.OrtochDatum { margin-top:18pt; margin-bottom:18pt; text-align:left; page-break-inside:avoid; page-break-after:avoid; line-height:normal; font-family:'Verdana'; font-size:9.5pt }\r\n.Punktlistabomb { margin-top:6.25pt; margin-left:14.2pt; margin-bottom:6.25pt; text-indent:-14.2pt; text-align:justify; line-height:12.5pt; font-family:'Verdana'; font-size:9.5pt }\r\n.Punktlistagemener { margin-top:6.25pt; margin-left:14.2pt; margin-bottom:6.25pt; text-indent:-14.2pt; text-align:justify; line-height:12.5pt; font-family:'Verdana'; font-size:9.5pt }\r\n.Punktlistalinje { margin-top:6.25pt; margin-left:14.2pt; margin-bottom:6.25pt; text-indent:-14.2pt; text-align:justify; line-height:12.5pt; font-family:'Verdana'; font-size:9.5pt }\r\n.Punktlistasiffra { margin-top:6.25pt; margin-left:14.2pt; margin-bottom:6.25pt; text-indent:-14.2pt; text-align:justify; line-height:12.5pt; font-family:'Verdana'; font-size:9.5pt }\r\n.PVgnar { margin-top:3.1pt; margin-bottom:26pt; text-align:left; page-break-inside:avoid; page-break-after:avoid; line-height:normal; font-family:'Verdana'; font-size:9.5pt }\r\n.Quote { margin-top:6.1pt; margin-left:14.2pt; margin-bottom:0pt; text-align:justify; line-height:10pt; font-family:'Verdana'; font-size:9.5pt }\r\n.R1 { margin-top:3.1pt; margin-bottom:12pt; text-align:left; page-break-after:avoid; line-height:12.5pt; font-family:'Verdana'; font-size:16pt }\r\n.R1bilaga { margin-top:3.1pt; margin-bottom:12pt; text-align:left; page-break-after:auto; line-height:12.5pt; font-family:'Verdana'; font-size:16pt }\r\n.R2 { margin-top:20pt; margin-bottom:6pt; text-align:left; page-break-inside:avoid; page-break-after:avoid; line-height:12.5pt; font-family:'Verdana'; font-size:13.5pt }\r\n.R3 { margin-top:20pt; margin-bottom:3.1pt; text-align:left; page-break-inside:avoid; page-break-after:avoid; line-height:12.5pt; font-family:'Verdana'; font-size:10.5pt; font-weight:bold }\r\n.R4 { margin-top:15pt; margin-bottom:3.1pt; text-align:left; page-break-inside:avoid; page-break-after:avoid; line-height:12.5pt; font-family:'Verdana'; font-size:10.5pt; font-weight:normal; font-style:italic; color:#000000 }\r\n.R5 { margin-top:6.25pt; margin-bottom:0pt; text-align:justify; page-break-inside:avoid; page-break-after:avoid; line-height:12.5pt; font-family:'Verdana'; font-size:9.5pt; font-weight:bold }\r\n.R6 { margin-top:6.25pt; margin-bottom:0pt; text-align:justify; page-break-inside:avoid; page-break-after:avoid; line-height:12.5pt; font-family:'Verdana'; font-size:9.5pt; font-weight:normal; font-style:italic; color:#000000 }\r\n.Reservationshnvisning { margin-top:0pt; margin-bottom:8pt; text-align:right; line-height:12.5pt; font-family:'Verdana'; font-size:9.5pt; font-style:italic }\r\n.Reservationsrubrik { margin-top:0pt; margin-bottom:3.1pt; text-align:left; page-break-inside:avoid; page-break-after:avoid; line-height:12.5pt; font-family:'Verdana'; font-size:10.5pt; font-weight:bold }\r\n.Rubrik1Dokumentinformation { margin-top:0pt; margin-bottom:0pt; text-align:left; page-break-inside:avoid; page-break-after:avoid; line-height:12.5pt; font-family:'Verdana'; font-size:16pt }\r\n.Rubrik1bilaga { margin-top:0pt; margin-bottom:27.7pt; text-align:left; page-break-after:auto; line-height:12.5pt; font-family:'Verdana'; font-size:16pt }\r\n.Rubrik1medsidhuvud { margin-top:3.1pt; margin-bottom:12pt; text-align:left; page-break-before:always; page-break-after:avoid; line-height:12.5pt; font-family:'Verdana'; font-size:16pt }\r\n.Rubrik1numrerat { margin-top:3.1pt; margin-left:0pt; margin-bottom:12pt; text-indent:0pt; text-align:left; page-break-after:avoid; line-height:12.5pt; font-family:'Verdana'; font-size:16pt }\r\n.Rubrik1numreratmedsidhuvud { margin-top:0pt; margin-left:0pt; margin-bottom:16pt; text-indent:0pt; text-align:left; page-break-before:always; page-break-after:avoid; line-height:normal; font-family:'Verdana'; font-size:16pt }\r\n.Rubrik2bilaga { margin-top:20pt; margin-bottom:6pt; text-align:left; page-break-inside:avoid; page-break-after:avoid; line-height:12.5pt; font-family:'Verdana'; font-size:13.5pt }\r\n.Rubrik2numrerat { margin-top:20pt; margin-left:0pt; margin-bottom:6pt; text-indent:0pt; text-align:left; page-break-inside:avoid; page-break-after:avoid; line-height:12.5pt; font-family:'Verdana'; font-size:13.5pt }\r\n.Rubrik3numrerat { margin-top:20pt; margin-left:0pt; margin-bottom:3.1pt; text-indent:0pt; text-align:left; page-break-inside:avoid; page-break-after:avoid; line-height:12.5pt; font-family:'Verdana'; font-size:10.5pt; font-weight:bold }\r\n.Sammanfattning { margin-top:3.1pt; margin-bottom:12pt; text-align:left; page-break-after:auto; line-height:12.5pt; font-family:'Verdana'; font-size:16pt }\r\n.Sidhuvudhgerstlld { margin-top:0pt; margin-bottom:0pt; text-align:right; line-height:normal; font-family:'Verdana'; font-size:7.5pt; font-variant:small-caps }\r\n.Sidhuvudvnsterstlld { margin-top:0pt; margin-bottom:0pt; text-align:left; line-height:normal; font-family:'Verdana'; font-size:7.5pt; font-variant:small-caps }\r\n.Stdrubrik { margin-top:12pt; margin-bottom:0pt; line-height:12pt; font-family:'Verdana'; font-size:9.5pt; font-weight:bold }\r\n.Srskiltyttranderubrik { margin-top:0pt; margin-bottom:3.1pt; text-align:left; page-break-inside:avoid; page-break-after:avoid; line-height:12.5pt; font-family:'Verdana'; font-size:10.5pt; font-weight:bold }\r\n.TOC1 { margin-top:0pt; margin-right:28.35pt; margin-bottom:0pt; text-align:left; line-height:normal; font-family:'Verdana'; font-size:9.5pt }\r\n.TOC2 { margin:0pt 28.35pt 0pt 5.65pt; text-align:left; line-height:normal; font-family:'Verdana'; font-size:9.5pt }\r\n.TOC3 { margin:0pt 28.35pt 0pt 11.35pt; text-align:left; line-height:normal; font-family:'Verdana'; font-size:9.5pt }\r\n.TOC4 { margin:0pt 28.35pt 0pt 17pt; text-align:left; line-height:normal; font-family:'Verdana'; font-size:9.5pt }\r\n.TOC5 { margin:0pt 28.35pt 0pt 22.7pt; text-align:left; line-height:normal; font-family:'Verdana'; font-size:9.5pt }\r\n.TOC6 { margin-top:0pt; margin-left:47.65pt; margin-bottom:0pt; text-align:left; line-height:normal; font-family:'Verdana'; font-size:9.5pt }\r\n.TOC7 { margin-top:0pt; margin-right:28.35pt; margin-bottom:0pt; text-align:left; line-height:normal; font-family:'Verdana'; font-size:9.5pt }\r\n.TOC8 { margin-top:0pt; margin-right:28.35pt; margin-bottom:0pt; text-align:left; line-height:normal; font-family:'Verdana'; font-size:9.5pt }\r\n.TOC9 { margin-top:0pt; margin-left:8.5pt; margin-bottom:0pt; text-align:left; line-height:normal; font-family:'Verdana'; font-size:9.5pt }\r\n.TOCHeading { margin-top:3.1pt; margin-bottom:9pt; text-align:left; page-break-before:always; page-break-inside:avoid; page-break-after:avoid; line-height:12.5pt; font-family:'Verdana'; font-size:16pt }\r\n.Tabell-Kolumnrubrik { margin-bottom:0pt; line-height:12pt; font-family:'Verdana'; font-size:8pt; font-weight:bold }\r\n.Tabell-Klla { margin-top:2pt; margin-bottom:0pt; line-height:8pt; font-family:'Verdana'; font-size:7pt }\r\n.Tabell-Radrubrik { margin-bottom:0pt; line-height:12pt; font-family:'Verdana'; font-size:8pt }\r\n.Tabell-Rubrik { margin-top:12pt; margin-bottom:3pt; text-align:left; page-break-inside:avoid; page-break-after:avoid; line-height:10pt; font-family:'Verdana'; font-size:9pt; font-weight:bold }\r\n.Tabell-Siffror { margin-bottom:0pt; text-align:right; line-height:12pt; font-family:'Verdana'; font-size:8pt }\r\n.Tabell-Text { margin-bottom:0pt; line-height:12pt; font-family:'Verdana'; font-size:8pt }\r\n.Tabell-Underrubrik { margin-top:0pt; margin-bottom:1pt; text-align:left; page-break-inside:avoid; page-break-after:avoid; line-height:8pt; font-family:'Verdana'; font-size:8pt; font-weight:normal; font-style:italic }\r\n.TableofFigures { margin-top:3.1pt; margin-bottom:0pt; text-align:justify; line-height:normal; font-family:'Verdana'; font-size:9.5pt }\r\n.TillX-utskottet { margin-top:0pt; margin-bottom:12pt; text-align:left; page-break-after:avoid; line-height:12.5pt; font-family:'Verdana'; font-size:16pt }\r\n.Title { margin-top:3.1pt; margin-bottom:1pt; text-align:left; line-height:12pt; font-family:'Verdana'; font-size:20pt; letter-spacing:-0.5pt }\r\n.Vapen { margin-top:0pt; margin-bottom:0pt; text-align:left; page-break-inside:avoid; page-break-after:avoid; line-height:12.5pt; font-family:'Verdana'; font-size:16pt }\r\n.Yrkandelista { margin-top:3.1pt; margin-left:28.35pt; margin-bottom:0pt; text-indent:-28.35pt; text-align:justify; line-height:12.5pt; font-family:'Verdana'; font-size:9.5pt }\r\n.YrkandelistaEtt { margin-top:3.1pt; margin-left:0pt; margin-bottom:0pt; text-indent:0pt; text-align:justify; line-height:12.5pt; font-family:'Verdana'; font-size:9.5pt }\r\nspan.BallongtextChar { font-family:Tahoma; font-size:8pt }\r\nspan.BilagaChar { font-family:'Verdana'; font-size:8pt; font-variant:small-caps; text-decoration:underline }\r\nspan.BrdtextChar { font-family:'Verdana'; font-size:9.5pt }\r\nspan.BrdtextChar1 { font-family:'Verdana'; font-size:9.5pt }\r\nspan.Brdtextmedindrag2Char { font-family:'Verdana'; font-size:9.5pt }\r\nspan.CitatChar { font-family:'Verdana'; font-size:9.5pt }\r\nspan.DokumentRubrikChar { font-family:'Verdana'; font-size:18pt }\r\nspan.FotnotstextChar { font-family:'Verdana'; font-size:8pt }\r\nspan.FotnotstextindragChar { font-family:'Verdana'; font-size:8pt }\r\nspan.FrslagspunktChar { font-family:'Verdana'; font-size:9.5pt; font-weight:bold; font-style:normal }\r\nspan.Hyperlink { text-decoration:none; color:#000000 }\r\nspan.KommentarerChar { font-family:'Verdana'; font-size:10pt }\r\nspan.NormalkursivChar { font-family:'Verdana'; font-size:9.5pt; font-style:italic }\r\nspan.NormaltindragChar { font-family:'Verdana'; font-size:9.5pt }\r\nspan.OrdfrandenChar { font-family:'Verdana'; font-size:9.5pt; font-style:italic }\r\nspan.OrtochDatumChar { font-family:'Verdana'; font-size:9.5pt }\r\nspan.PlaceholderText { color:#808080 }\r\nspan.PVgnarChar { font-family:'Verdana'; font-size:9.5pt }\r\nspan.ReservationshnvisningChar { font-family:'Verdana'; font-size:9.5pt; font-style:italic }\r\nspan.Rubrik1Char { font-family:'Verdana'; font-size:16pt }\r\nspan.Rubrik1DokumentinformationChar { font-family:'Verdana'; font-size:16pt }\r\nspan.Rubrik2Char { font-family:'Verdana'; font-size:13.5pt }\r\nspan.Rubrik3Char { font-family:'Verdana'; font-size:10.5pt; font-weight:bold }\r\nspan.Rubrik4Char { font-family:'Verdana'; font-size:10.5pt; font-style:italic; color:#000000 }\r\nspan.Rubrik5Char { font-family:'Verdana'; font-size:9.5pt; font-weight:bold }\r\nspan.Rubrik6Char { font-family:'Verdana'; font-size:9.5pt; font-style:italic; color:#000000 }\r\nspan.Rubrik7Char { font-family:'Verdana'; font-size:9.5pt; font-style:italic; color:#243f60 }\r\nspan.Rubrik8Char { font-family:'Verdana'; font-size:9pt; color:#272727 }\r\nspan.Rubrik9Char { font-family:'Verdana'; font-size:9pt; font-style:italic; color:#272727 }\r\nspan.RubrikChar { font-family:'Verdana'; font-size:20pt; letter-spacing:-0.5pt }\r\nspan.SidfotChar { font-family:'Verdana'; font-size:9.5pt }\r\nspan.SidhuvudChar { font-family:'Verdana'; font-size:7.5pt; font-variant:small-caps }\r\nspan.Tabell-Upphjttecken { font-family:'Verdana'; font-variant:normal; text-decoration:none; text-transform:none; vertical-align:super; display:inline }\r\nspan.VapenChar { font-family:'Verdana'; font-size:16pt }\r\nspan.tBilagaJA { color:#000000 }\r\nspan.tSidrubrikJA { color:#000000 }\r\n.TableGrid {  }\r\n--></style>\r\n\r\n\t\t<div class=\"Section1\">\r\n\t\t\t<table cellspacing=\"0\" cellpadding=\"0\" style=\"border-collapse:collapse; margin-left:0pt\">\r\n\t\t\t\t<tr style=\"height:79.4pt\">\r\n\t\t\t\t\t<td style=\"vertical-align:top; width:297.7pt\">\r\n\t\t\t\t\t\t<p class=\"Rubrik1Dokumentinformation\" style=\"margin-top:0pt; margin-bottom:0pt; text-align:left; page-break-inside:avoid; page-break-after:avoid; line-height:16pt\">\r\n\t\t\t\t\t\t\t<span style=\"font-family:'Verdana'; font-size:16pt; -aw-sdt-tag:ccUtskott; -aw-sdt-title:'utskottsnamn Dokumentegenskap'\">Finansutskottet</span><span style=\"font-family:'Verdana'; font-size:16pt; -aw-sdt-tag:ccS; -aw-sdt-title:s\">s</span><span style=\"font-family:'Verdana'; font-size:16pt; -aw-sdt-tag:ccMellanslag; -aw-sdt-title:Mellanslag\"> </span><a name=\"Utlatande\"></a><span style=\"font-family:'Verdana'; font-size:16pt\">betänkande</span>\r\n\t\t\t\t\t\t</p>\r\n\t\t\t\t\t\t<p class=\"Dokumentbeteckning\" style=\"margin-top:0pt; margin-bottom:0pt; text-align:left; page-break-inside:avoid; page-break-after:avoid; line-height:16pt\">\r\n\t\t\t\t\t\t\t<span style=\"font-family:'Verdana'; font-size:16pt; -aw-sdt-tag:ccRiksmote; -aw-sdt-title:'riksmote Dokumentegenskap'\">2018/19</span><span style=\"font-family:'Verdana'; font-size:16pt; -aw-sdt-tag:ccKolon; -aw-sdt-title:Kolon\">:</span><a name=\"Utskottebeteckning\"></a><span style=\"font-family:'Verdana'; font-size:16pt\">FiU44</span>\r\n\t\t\t\t\t\t</p>\r\n\t\t\t\t\t\t<p class=\"Rubrik1Dokumentinformation\" style=\"margin-top:0pt; margin-bottom:0pt; text-align:left; page-break-inside:avoid; page-break-after:avoid; line-height:16pt\">\r\n\t\t\t\t\t\t\t<span style=\"font-family:'Verdana'; font-size:16pt\"> </span>\r\n\t\t\t\t\t\t</p>\r\n\t\t\t\t\t</td>\r\n\t\t\t\t</tr>\r\n\t\t\t</table>\r\n\t\t\t<p class=\"DokumentRubrik\" style=\"-aw-sdt-tag:ccDokumentrubrik; -aw-sdt-title:'dokumentrubrik Dokumentegenskap'\">\r\n\t\t\t\t<span>Statens roll på betalningsmarknaden</span>\r\n\t\t\t</p>\r\n\t\t\t<h1>\r\n\t\t\t\t<a name=\"_Toc11320524\"><span>Sammanfattning</span></a>\r\n\t\t\t</h1>\r\n\t\t\t<p>\r\n\t\t\t\t<span>Utskottet föreslår att regeringen ska tillsätta en utredning </span><span>om</span><span> konsekvenserna </span><span>för den svenska betalningsmarknaden av den starka digitaliseringen och den kraftigt minskade användningen av kontanter i den svenska ekonomin. Utredningen </span><span>ska</span><span> ha ett brett perspektiv. I det ingår bl.a. att utreda förutsättningarna </span><span>för </span><span>statens och den privata sektorns roller på den framtida betalningsmarknaden och</span><span> konsekvenserna av</span><span> ett eventuellt </span><span>införande</span><span> av en digital centralbanksvaluta, en s.k. e-krona.</span>\r\n\t\t\t</p>\r\n\t\t\t<p class=\"R4\">\r\n\t\t\t\t<span>Behandlade förslag</span>\r\n\t\t\t</p>\r\n\t\t\t<p>\r\n\t\t\t\t<span>Framställning 2018/19:RB3 Statens roll på betalningsmarknaden.</span>\r\n\t\t\t</p>\r\n\t\t\t<p>\r\n\t\t\t\t<span> </span>\r\n\t\t\t</p>\r\n\t\t\t<p class=\"Innehllsfrteckning\">\r\n\t\t\t\t<a name=\"Innehållsförteckning\"></a><span class=\"tSidrubrikJA\">Innehållsförteckning</span>\r\n\t\t\t</p>\r\n\t\t\t<p class=\"TOC1\">\r\n\t\t\t\t<a style=\"color:#000000\" href=\"#_Toc11320524\"><span class=\"Hyperlink\">Sammanfattning</span></a>\r\n\t\t\t</p>\r\n\t\t\t<p class=\"TOC1\">\r\n\t\t\t\t<a style=\"color:#000000\" href=\"#_Toc11320525\"><span class=\"Hyperlink\">Utskottets förslag till riksdagsbeslut</span></a>\r\n\t\t\t</p>\r\n\t\t\t<p class=\"TOC1\">\r\n\t\t\t\t<a style=\"color:#000000\" href=\"#_Toc11320526\"><span class=\"Hyperlink\">Redogörelse för ärendet</span></a>\r\n\t\t\t</p>\r\n\t\t\t<p class=\"TOC2\">\r\n\t\t\t\t<a style=\"color:#000000\" href=\"#_Toc11320527\"><span class=\"Hyperlink\">Bakgrund</span></a>\r\n\t\t\t</p>\r\n\t\t\t<p class=\"TOC1\">\r\n\t\t\t\t<a style=\"color:#000000\" href=\"#_Toc11320528\"><span class=\"Hyperlink\">Utskottets överväganden</span></a>\r\n\t\t\t</p>\r\n\t\t\t<p class=\"TOC2\">\r\n\t\t\t\t<a style=\"color:#000000\" href=\"#_Toc11320529\"><span class=\"Hyperlink\">Statens roll på betalningsmarknaden</span></a>\r\n\t\t\t</p>\r\n\t\t\t<p class=\"TOC3\" style=\"margin-bottom:0pt\">\r\n\t\t\t\t<a style=\"color:#000000\" href=\"#_Toc11320530\"><span class=\"Hyperlink\">Sammanfattning av Riksbankens framställning</span></a>\r\n\t\t\t</p>\r\n\t\t\t<p class=\"TOC3\" style=\"margin-top:0pt; margin-bottom:0pt\">\r\n\t\t\t\t<a style=\"color:#000000\" href=\"#_Toc11320531\"><span class=\"Hyperlink\">Ytterligare information</span></a>\r\n\t\t\t</p>\r\n\t\t\t<p class=\"TOC3\" style=\"margin-top:0pt\">\r\n\t\t\t\t<a style=\"color:#000000\" href=\"#_Toc11320532\"><span class=\"Hyperlink\">Utskottets ställningstagande</span></a>\r\n\t\t\t</p>\r\n\t\t\t<p class=\"TOC8\">\r\n\t\t\t\t<span class=\"Hyperlink\" style=\"font-style:italic\">Bilaga</span><br /><a style=\"color:#000000\" href=\"#_Toc11320533\"><span class=\"Hyperlink\">Förteckning över behandlade förslag</span></a>\r\n\t\t\t</p>\r\n\t\t\t<p class=\"TOC9\">\r\n\t\t\t\t<a style=\"color:#000000\" href=\"#_Toc11320534\"><span class=\"Hyperlink\">Framställningen</span></a>\r\n\t\t\t</p>\r\n\t\t\t<p>\r\n\t\t\t</p>\r\n\t\t\t<p>\r\n\t\t\t\t<span> </span>\r\n\t\t\t</p>\r\n\t\t\t<p class=\"NormalIndent\">\r\n\t\t\t\t<span> </span>\r\n\t\t\t</p>\r\n\t\t\t<p class=\"Avsnittsrubrik\">\r\n\t\t\t\t<a name=\"StopCC\"></a><a name=\"_Toc11320525\"><span style=\"-aw-bookmark-end:StopCC\"></span><span class=\"tSidrubrikJA\">Utskottets förslag till riksdagsbeslut</span></a>\r\n\t\t\t</p>\r\n\t\t\t<p class=\"Mellanrum\">\r\n\t\t\t\t<span> </span>\r\n\t\t\t</p>\r\n\t\t\t<p class=\"Mellanrum\">\r\n\t\t\t\t<span> </span>\r\n\t\t\t</p>\r\n\t\t\t<table cellspacing=\"0\" cellpadding=\"0\" style=\"border-collapse:collapse; margin-left:0pt; width:294.2pt\">\r\n\t\t\t\t<tr>\r\n\t\t\t\t\t<td style=\"vertical-align:top; width:22pt\">\r\n\t\t\t\t\t\t<p style=\"margin-top:3.1pt; margin-bottom:0pt; text-align:justify; page-break-inside:avoid; page-break-after:avoid; line-height:12.5pt\">\r\n\t\t\t\t\t\t\t<span style=\"font-family:'Verdana'; font-size:10.5pt; font-weight:bold\">Statens roll på betalningsmarknaden</span>\r\n\t\t\t\t\t\t</p>\r\n\t\t\t\t\t</td>\r\n\t\t\t\t</tr>\r\n\t\t\t</table>\r\n\t\t\t<p class=\"Normalutanluftfre\" style=\"-aw-sdt-tag:'dokumentavsnitt/utskottets förslag till riksdagsbeslut/339424800/1560420898237'; -aw-sdt-title:'utskottets förslag till riksdagsbeslut'\">\r\n\t\t\t\t<span>Riksdagen ställer sig bakom det som utskottet anför om att regeringen snarast ska tillsätta en utredning av digitaliseringens och den minskade</span><span> </span><span>kontantanvändningens</span><span> </span><span>konsekvenser för betalningsmarknaden och statens och den privata sektorns roller på denna marknad och tillkännager detta för regeringen.</span>\r\n\t\t\t</p>\r\n\t\t\t<p class=\"NormalIndent\" style=\"text-indent:11.3pt; -aw-sdt-tag:'dokumentavsnitt/utskottets förslag till riksdagsbeslut/339424800/1560420898237'; -aw-sdt-title:'utskottets förslag till riksdagsbeslut'\">\r\n\t\t\t\t<span>Därmed bifaller riksdagen framställning 2018/19:RB3.</span>\r\n\t\t\t</p>\r\n\t\t\t<p class=\"Mellanrum\" style=\"-aw-sdt-tag:'dokumentavsnitt/utskottets förslag till riksdagsbeslut/339424800/1560420898237'; -aw-sdt-title:'utskottets förslag till riksdagsbeslut'\">\r\n\t\t\t\t<span> </span>\r\n\t\t\t</p>\r\n\t\t\t<p class=\"OrtochDatum\" style=\"-aw-sdt-tag:'dokumentavsnitt/utskottets förslag till riksdagsbeslut/339424800/1560420898237'; -aw-sdt-title:'utskottets förslag till riksdagsbeslut'\">\r\n\t\t\t\t<span>Stockholm den 13 juni 2019</span>\r\n\t\t\t</p>\r\n\t\t\t<p class=\"PVgnar\" style=\"-aw-sdt-tag:'dokumentavsnitt/utskottets förslag till riksdagsbeslut/339424800/1560420898237'; -aw-sdt-title:'utskottets förslag till riksdagsbeslut'\">\r\n\t\t\t\t<span>På finansutskottets vägnar</span>\r\n\t\t\t</p>\r\n\t\t\t<p class=\"Ordfranden\" style=\"-aw-sdt-tag:'dokumentavsnitt/utskottets förslag till riksdagsbeslut/339424800/1560420898237'; -aw-sdt-title:'utskottets förslag till riksdagsbeslut'\">\r\n\t\t\t\t<span>Fredrik Olovsson</span>\r\n\t\t\t</p>\r\n\t\t\t<p class=\"Deltagare\" style=\"-aw-sdt-tag:'dokumentavsnitt/utskottets förslag till riksdagsbeslut/339424800/1560420898237'; -aw-sdt-title:'utskottets förslag till riksdagsbeslut'\">\r\n\t\t\t\t<span>Följande ledamöter har deltagit i beslutet: Fredrik Olovsson (S), Edward Riedl (M), Adnan Dibrani (S), Emil Källström (C), Ulla Andersson (V), Jan Ericson (M), Dennis Dioukarev (SD), Jakob Forssmed (KD), Ingemar Nilsson (S), Sven-Olof Sällström (SD), Karolina Skog (MP), Mattias Karlsson i Luleå (M), Björn Wiechel (S), Eva Lindh (S), Cecilie Tenfjord Toftby (M) och Charlotte Quensel (SD).</span>\r\n\t\t\t</p>\r\n\t\t\t<p class=\"Mellanrum\" style=\"-aw-sdt-tag:'dokumentavsnitt/utskottets förslag till riksdagsbeslut/339424800/1560420898237'; -aw-sdt-title:'utskottets förslag till riksdagsbeslut'\">\r\n\t\t\t\t<span> </span>\r\n\t\t\t</p>\r\n\t\t\t<p class=\"Mellanrum\" style=\"-aw-sdt-tag:'dokumentavsnitt/utskottets förslag till riksdagsbeslut/339424800/1560420898237'; -aw-sdt-title:'utskottets förslag till riksdagsbeslut'\">\r\n\t\t\t\t<span> </span>\r\n\t\t\t</p>\r\n\t\t\t<p class=\"Mellanrum\" style=\"-aw-sdt-tag:'dokumentavsnitt/utskottets förslag till riksdagsbeslut/339424800/1560420898237'; -aw-sdt-title:'utskottets förslag till riksdagsbeslut'\">\r\n\t\t\t\t<span style=\"font-size:9.5pt\"> </span>\r\n\t\t\t</p>\r\n\t\t\t<p>\r\n\t\t\t\t<span> </span>\r\n\t\t\t</p>\r\n\t\t\t<p class=\"Avsnittsrubrik\">\r\n\t\t\t\t<a name=\"SlutUtskottsForslag\"></a><a name=\"_Toc11320526\"><span style=\"-aw-bookmark-end:SlutUtskottsForslag\"></span><span class=\"tSidrubrikJA\">Redogörelse för ärendet</span></a>\r\n\t\t\t</p>\r\n\t\t\t<h2>\r\n\t\t\t\t<a name=\"_Toc11320527\"><span>Bakgrund</span></a>\r\n\t\t\t</h2>\r\n\t\t\t<p>\r\n\t\t\t\t<span>Till följd av digitaliseringen och förändrade konsumtionsmönster p</span><span>å grund av</span><span> ökad handel över internet har användningen av kontanter i Sverige minskat </span><span>relativt </span><span>dramatiskt under det senaste decenniet. Digitaliseringen påverkar alla länder, men nedgången av kontantanvändningen går snabbast i Sverige, och fler och fler näringsidkare har slutat ta emot kontanter som betalning för varor och tjänster.</span><span> Detta riskerar i förlängningen att leda till ett </span><span>mer eller mindre </span><span>kontantlöst samhälle i den meningen att kontanter slutar att fungera som allmänt betalningsmedel. Det </span><span>ger upphov till</span><span> många frågor </span><span>om</span><span> bl.a. statens och den privata </span><span>sektorns </span><span>roller på den svenska betalningsmarknaden.</span>\r\n\t\t\t</p>\r\n\t\t\t<p class=\"NormalIndent\">\r\n\t\t\t\t<span>Den s.k. Riksbankskommittén lade i juni 2018 fram ett antal förslag </span><span>för att säkra tillgången till kontanter i hela landet i delbetänkandet Tryggad tillgång till kontanter (SOU 2018:42). I betänkandet för</span><span>e</span><span>slås </span><span>bl.a.</span><span> att staten gör</span><span> en översyn av kontanternas roll som betalningsmedel i ett längre perspektiv. En sådan översyn bör, enligt kommittén</span><span>, innehålla en analys av behovet av ett statligt betalningsmedel, inte minst ur beredskapssynpunkt. Kontanternas ställning som lagligt betalningsmedel </span><span>och för- och nackdelar med en eventuell statligt garanterad digital valuta </span><span>är enligt kommittén viktig</span><span>a</span><span> del</span><span>ar</span><span> </span><span>i</span><span> en sådan översyn.</span><span> Delbetänkandet bereds i Regeringskansliet</span><span> (se vidare under av</span><span>snittet Ytterligare information)</span><span>.</span>\r\n\t\t\t</p>\r\n\t\t\t<p class=\"NormalIndent\">\r\n\t\t\t\t<span>Riksbanken har i två </span><span>egna </span><span>rapporter (E</span><span>–</span><span>kronaprojek</span><span>t</span><span>, rappor</span><span>t 1 och E</span><span>–</span><span>kronaprojekt</span><span>, rapport</span><span> 2) analyserat behovet av en digital centralbanksvaluta, en s.k. e-krona, som ett komplement till kontanter. Som en konsekvens av rapporterna har Riksbanken beslutat att </span><span>genomföra</span><span> en s.k. pilot, vilke</span><span>n</span><span> </span><span>bl.a. handlar om </span><span>att ta fram en </span><span>teknisk lösning för en e-krona för att kunna pröva vilka lösningar som är användbara och möjliga att förverkliga</span><span>.</span><span> Riksbanken har vid flera tillfällen informerat utsko</span><span>ttet om utvecklingen i projektet</span><span>.</span>\r\n\t\t\t</p>\r\n\t\t\t<p class=\"NormalIndent\">\r\n\t\t\t\t<span>I början av maj 2019 lämnade Riksbanken en framställning till riksdagen (</span><span>framst</span><span>. </span><span>2018/19:RB3). I framställningen för</span><span>e</span><span>slår Riksbanken att det tillsätts en utredning av betalningsmarknaden i en kontantlös digital ekonomi och av statens respektive den privata sektorns roll på en sådan marknad.</span>\r\n\t\t\t</p>\r\n\t\t\t<p class=\"NormalIndent\">\r\n\t\t\t\t<span>I</span><span>nga</span><span> motioner har lämnats med anledning av Riksbankens framställning.</span>\r\n\t\t\t</p>\r\n\t\t\t<p class=\"NormalIndent\">\r\n\t\t\t\t<span> </span>\r\n\t\t\t</p>\r\n\t\t\t<p>\r\n\t\t\t\t<span> </span>\r\n\t\t\t</p>\r\n\t\t\t<p>\r\n\t\t\t\t<span> </span>\r\n\t\t\t</p>\r\n\t\t\t<p class=\"Avsnittsrubrik\">\r\n\t\t\t\t<a name=\"_Toc11320528\"><span class=\"tSidrubrikJA\">Utskottets överväganden</span></a>\r\n\t\t\t</p>\r\n\t\t\t<h2 style=\"-aw-sdt-tag:02f6473e-3ea9-4fa8-968b-079218cf025e/förslagsrutor/943267992/1558345217376; -aw-sdt-title:förslagsrutor\">\r\n\t\t\t\t<a name=\"_Toc11320529\"><span>Statens roll på betalningsmarknaden</span></a>\r\n\t\t\t</h2>\r\n\t\t\t<div style=\"border-bottom-color:#000000; border-bottom-style:solid; border-bottom-width:0.75pt; border-left-color:#000000; border-left-style:solid; border-left-width:0.75pt; border-right-color:#000000; border-right-style:solid; border-right-width:0.75pt; border-top-color:#000000; border-top-style:solid; border-top-width:0.75pt; clear:both; margin:3.1pt 0.9pt 0pt\">\r\n\t\t\t\t<p class=\"Normalrutafet\" style=\"margin:0pt; padding-right:4pt; padding-left:4pt\">\r\n\t\t\t\t\t<span style=\"-aw-bookmark-end:_Toc11320529\"></span><span>Utskottets förslag i korthet</span>\r\n\t\t\t\t</p>\r\n\t\t\t\t<p class=\"Normalruta\" style=\"margin:0pt; padding-right:4pt; padding-left:4pt; padding-bottom:4pt\">\r\n\t\t\t\t\t<span>Riksdagen </span><span>ställer sig bakom utskottets förslag att regeringen snarast ska tillsätta en utredning av konsekvenserna för den svenska betalningsmarknaden av den starka digitaliseringen och den kraftigt minskade användningen av kontanter i den svenska ekonomin.</span><span> Utredningen bör ha ett brett perspektiv.</span><span> I det ingår bl.a. att utreda förutsättningarna </span><span>för </span><span>statens och den privata sektorns roller på den framtida betalningsmarknaden </span><span>och</span><span> konsekvenserna av</span><span> </span><span>ett eventuellt </span><span>införande</span><span> av en digital centralbanksvaluta, en s.k. e-krona</span><span>.</span>\r\n\t\t\t\t</p>\r\n\t\t\t</div>\r\n\t\t\t<p class=\"Mellanrum\">\r\n\t\t\t\t<span> </span>\r\n\t\t\t</p>\r\n\t\t\t<h3 style=\"margin-top:0pt\">\r\n\t\t\t\t<span> </span>\r\n\t\t\t</h3>\r\n\t\t\t<h3 style=\"margin-top:0pt\">\r\n\t\t\t\t<a name=\"_Toc11320530\"><span>Sammanfattning av Riksbankens framställning</span></a>\r\n\t\t\t</h3>\r\n\t\t\t<p>\r\n\t\t\t\t<span>Pengar är en förutsättning för en fungerande samhällsekonomi och därför en central del av ett lands infrastruktur. För att pengar sk</span><span>a betraktas som pengar måste de</span><span> innehålla </span><span>centrala </span><span>funktioner som </span><span>räkneenhet</span><span>, värdeb</span><span>evarare och betalningsmedel, och för att pengar ska fungera som betalningsmedel måste det finnas förtroende för dem.</span>\r\n\t\t\t</p>\r\n\t\t\t<p class=\"NormalIndent\">\r\n\t\t\t\t<span>Svenska staten har sedan </span><span>lång tid tillbaka haft </span><span>en </span><span>central roll </span><span>på betal</span><span>nings</span><span>marknaden genom att den via Riksbanken sett till att allmänheten och bankerna (bankreserverna) fått tillgång till statliga pengar, dvs. kontanter eller </span><span>s.k. </span><span>centralbankspengar. Vid sidan av centralbankspengarna finns det även s.k. privata pengar, vilka främst utgörs av </span><span>insättningar på konton i banksystemet. En viktig skillnad mellan centralbankspengar och privata pengar är att centralbankspengar är en fordran på staten och därmed en ganska säker fordran eftersom</span><span> </span><span>Riksbanken </span><span>aldrig kan gå i konkurs och </span><span>alltid </span><span>kan tillhandahålla</span><span> pengar</span><span>.</span><span> Privata pengar är inte lika säkra eftersom </span><span>de är </span><span>en </span><span>fordran på banker som</span><span>, till skillnad </span><span>från </span><span>Riksbanken,</span><span> kan gå i konkurs. De rättsliga förutsättningarna för centralbankspengar regleras bl.a. i </span><span>lagen (1988:1385) om Sveriges riksbank, nedan </span><span>rik</span><span>s</span><span>bank</span><span>s</span><span>lagen. För att göra privata pengar säkrare har staten </span><span>bl.a. </span><span>infört </span><span>olika </span><span>typer av regleringar som t.ex. bankrörelselagar, tillsyn, kapitalkrav</span><span> och insättningsgarantisystem.</span>\r\n\t\t\t</p>\r\n\t\t\t<p class=\"NormalIndent\">\r\n\t\t\t\t<span>Den snabba digitaliseringen har lett till </span><span>att </span><span>användningen av kontanter </span><span>i Sverige har minskat dramatiskt,</span><span> vilket enligt Riksbankens framställning medfört att kontanternas roll som betalningsmedel</span><span> och därmed även statens roll på betalningsmarknaden</span><span> har marginaliserats</span><span> och riskerar att fortsätta att marginaliseras</span><span>. </span><span>Den svenska betalningsmarknaden domineras </span><span>i dag </span><span>nästan helt av privata pengar.</span>\r\n\t\t\t</p>\r\n\t\t\t<p class=\"NormalIndent\">\r\n\t\t\t\t<span>Riksbanken konstaterar att fler och fler näringsidkare slutar att ta emot kontanter. </span><span>Det riskerar </span><span>att </span><span>leda till att Sverige blir ett kontantlöst samhälle i </span><span>den meningen </span><span>att </span><span>kontanter </span><span>i princip</span><span> </span><span>slutar att fungera som allmänt betalningsmedel. Även om Riksbanken anser att digitaliseringen i grunden är positiv </span><span>riskerar den i förlängningen att bidra till att förtroendet för penningsystemet urholkas och </span><span>att </span><span>minska konkurrensen på en redan starkt koncentrerad betalningsmarknad. Digitaliseringen kan också </span><span>leda till att vissa grupper i samhället får sämre tillgång till centrala betalningsfunktioner. </span><span>Ett </span><span>möjligt </span><span>sätt att ge allmänheten </span><span>en </span><span>fort</span><span>satt tillgång till riskfria pengar</span><span>, dvs. betalningsmedel med samma funktion som dagens kontanter,</span><span> vore enligt Riksbanken att </span><span>den </span><span>får</span><span> möjlighet att ge ut en digital statligt garanterad centralbankspeng, en s.k. e-krona. Med en e-krona skulle fördelningen mellan privata bankpengar och statliga pengar </span><span>kunna </span><span>bli mer lik den i andra länder eller den fördelning som fanns innan kontantanvändningen i den svenska ekonom</span><span>in</span><span> föll markant.</span>\r\n\t\t\t</p>\r\n\t\t\t<h4>\r\n\t\t\t\t<span>Behov av en utredning</span>\r\n\t\t\t</h4>\r\n\t\t\t<p>\r\n\t\t\t\t<span>Den tekniska utvecklingen och digitaliseringen av betalningsmarknaden ställer enligt Riksbanken frågan om statens framtida roll på sin spets. Det bör därför tillsättas en utredning som får i uppdrag att göra en översyn av det statliga betalningsmedlets betydelse i en digitaliserad ekonomi och statens respektive den privata sektorns roll och ansvar på betalningsmarknaden.</span>\r\n\t\t\t</p>\r\n\t\t\t<p class=\"NormalIndent\">\r\n\t\t\t\t<span>Enligt Riksbanken bör u</span><span>tredningen </span><span>bl.a</span><span>.</span><span> </span>\r\n\t\t\t</p>\r\n\t\t\t<p class=\"Punktlistabomb\" style=\"margin-left:14.2pt; margin-bottom:0pt; text-indent:-14.2pt\">\r\n\t\t\t\t<span style=\"font-family:'Verdana'; font-size:10pt\">•</span><span style=\"font:7.0pt 'Verdana'\">       </span><span style=\"font-weight:bold\">a</span><span style=\"font-weight:bold\">nalysera och kartlägga innebörden av en digitaliserad betalningsmarknad.</span><span> </span><span>I </span><span>analysen</span><span> bör ingå att utreda hur begreppet lagligt betalningsmedel förhåller sig till en digital ekonomi</span><span> och att</span><span> kartlägga de problem och risker som det skulle innebära om staten inte längre har uppgiften att förse allmänheten med pengar. Vidare </span><span>bör </span><span>anonymitets- och integritetsfrågor </span><span>respektive</span><span> frågor om </span><span>risker för </span><span>penningtvätt och annan brottslig verksamhet vid digitala betalningar</span><span> analyseras. Dessutom bör riskerna för t.ex. ekonomisk</span><span>t</span><span> utanförskap utredas </span><span>liksom</span><span> konsekvenserna för </span><span>nationella betalningssystem vid kris- och krigsförhållanden</span><span> </span><span>(</span><span>inklusive</span><span> möjligheterna till s.k. </span><span>offline</span><span>funktioner</span><span> i krissituationer</span><span>)</span><span>. </span>\r\n\t\t\t</p>\r\n\t\t\t<p class=\"Punktlistabomb\" style=\"margin-top:0pt; margin-left:14.2pt; margin-bottom:0pt; text-indent:-14.2pt\">\r\n\t\t\t\t<span style=\"font-family:'Verdana'; font-size:10pt\">•</span><span style=\"font:7.0pt 'Verdana'\">       </span><span style=\"font-weight:bold\">t</span><span style=\"font-weight:bold\">a ställning till statens respektive den privata sektorns roller och ansvar på en digitaliserad betalningsmarknad. </span><span>Utre</span><span>dningen </span><span>bör </span><span>undersöka allmänhetens behov av centralbankspengar för att göra säkra och effektiva betalningar i en digital ekonomi och </span><span>lämna förslag på hur staten kan säkerställa att betalnings</span><span>marknaden förblir säker, robust och</span><span> effektiv</span><span>. Utredning</span><span>en</span><span> bör ge förslag på vilka </span><span>eventuella krav som bör ställas på banker och andra kreditinstitut </span><span>om</span><span> </span><span>statliga betalningsmedel får en kraftigt marginaliserad funktion.</span><span> </span><span>Utredning</span><span>en</span><span> bör även </span><span>identifiera behov av civilrättslig</span><span> lagstiftning</span><span> och annan lagstiftning som den digitaliserade betalningsmarknaden kan föra med sig</span><span>.</span>\r\n\t\t\t</p>\r\n\t\t\t<p class=\"Punktlistabomb\" style=\"margin-top:0pt; margin-left:14.2pt; text-indent:-14.2pt\">\r\n\t\t\t\t<span style=\"font-family:'Verdana'; font-size:10pt\">•</span><span style=\"font:7.0pt 'Verdana'\">       </span><span style=\"font-weight:bold\">u</span><span style=\"font-weight:bold\">treda d</span><span style=\"font-weight:bold\">igitala centralbankspengar. </span><span>Utredningen bör </span><span>ta ställning till om </span><span>digitala</span><span> </span><span>statliga </span><span>pengar kan vara en lösning på de eventuella problem och risker som en kontantlös ekonomi för med sig</span><span> samt utreda </span><span>konsekvenserna </span><span>av digitala centralbankspengar för allmänheten. </span><span>Vidare bör utredningen </span><span>ta ställning till om digitala centralbankspengar, vid sidan av kontanter, kan och bör få en ställning som lagligt betalningsmedel eller om det finns behov av att stärka deras ställning på annat s</span><span>ätt. Utredningen bör dessutom </span><span>kartlägga vilka konsekvenser digitala centralbankspengar får för banksystemet</span><span>,</span><span> övrig</span><span>a</span><span> finansmarknad</span><span>en</span><span> och för Riksbankens och andra </span><span>i sammanhanget centrala </span><span>myndigheters verksamhet</span><span>er</span><span>. Utredningen bör även analysera </span><span>digitala centralbankspengar i förhållande till EU:s länder och institutioner och EU-lagstiftningen</span><span> inom området</span><span>. Behovet av författningsändringar när det gäller Riksbankens mandat att eventuellt tillhandahålla digitala centralbankspengar bör också analyseras.</span>\r\n\t\t\t</p>\r\n\t\t\t<p>\r\n\t\t\t\t<span>Enligt Riksbanken bör </span><span>utredningen</span><span> även kunna ta upp och belysa andra frågeställningar som är relevanta för området. Utredning</span><span>en</span><span> bör också hålla sig informerad om och beakta det arbete som pågår inom området i Regeringskansliet, Riksbanken och andra relevanta myndigheter och organisationer</span><span>.</span>\r\n\t\t\t</p>\r\n\t\t\t<h3 style=\"margin-bottom:0pt\">\r\n\t\t\t\t<a name=\"_Toc11320531\"><span>Ytterligare information</span></a>\r\n\t\t\t</h3>\r\n\t\t\t<p class=\"R4\" style=\"margin-top:6pt\">\r\n\t\t\t\t<span>Rättelse från Riksbanken</span>\r\n\t\t\t</p>\r\n\t\t\t<p>\r\n\t\t\t\t<span>Riksbanken </span><span>har skickat </span><span>in en rättelse till </span><span>utskottet</span><span> av vissa uppgifter i framställningen </span><span>2018/19:</span><span>RB3. Innehållet i rättelsen framgår nedan.</span>\r\n\t\t\t</p>\r\n\t\t\t<p class=\"Quote\">\r\n\t\t\t\t<span>RB har blivit uppmärksammade på två felaktiga uppgifter i vår framställning om Statens roll på betalningsmarknaden.</span>\r\n\t\t\t</p>\r\n\t\t\t<p class=\"Citatindrag\" style=\"margin-bottom:0pt\">\r\n\t\t\t\t<span>Förvisso påverkar felen inte våra slutsatser om behovet av utredning, men vi önskar ändå korrigera uppgifterna så att de inte ”lever vidare” i den fortsatta handläggningen.</span>\r\n\t\t\t</p>\r\n\t\t\t<p class=\"Citatindrag\" style=\"margin-top:0pt; margin-bottom:0pt\">\r\n\t\t\t\t<span>I framställningen uppger vi bl.a. ”Sedan 1850-talet har dessutom sedlar och mynt utgivna av Riksbanken varit lagligt betalningsmedel i Sverige”.</span>\r\n\t\t\t</p>\r\n\t\t\t<p class=\"Citatindrag\" style=\"margin-top:0pt; margin-bottom:0pt\">\r\n\t\t\t\t<span>Denna mening är emellertid felaktig enligt följande:</span>\r\n\t\t\t</p>\r\n\t\t\t<p class=\"Citatindrag\" style=\"margin-top:0pt; margin-left:46.4pt; margin-bottom:0pt; text-indent:-18pt\">\r\n\t\t\t\t<span>1)</span><span style=\"font:7.0pt 'Verdana'\">       </span><span>Sedlar blev lagligt betalningsmedel redan år 1809 då 1809-års regeringsform antogs. I framställningen har vi emellertid uppgett att sedlar är lagligt betalningsmedel sedan 1850-talet (se s. 1, 12 och 17 i framställningen). </span><span> </span>\r\n\t\t\t</p>\r\n\t\t\t<p class=\"Citatindrag\" style=\"margin-top:0pt; margin-left:46.4pt; text-indent:-18pt\">\r\n\t\t\t\t<span>2)</span><span style=\"font:7.0pt 'Verdana'\">       </span><span>Mynt fick Riksbanken rätt att ge ut först år 1986 (prop. 1985/86:4). (se s. 1 och 12). </span><span> </span>\r\n\t\t\t</p>\r\n\t\t\t<p class=\"R4\">\r\n\t\t\t\t<span>Riksbankskommitténs delbetänkande</span>\r\n\t\t\t</p>\r\n\t\t\t<p>\r\n\t\t\t\t<span>Som framgår under avsnittet Bakgrund lade den s.k. Riksbankskommittén fram ett delbetänkande i juni 2018 med ett antal förslag för att säkra tillgången till kontanter i hela landet (</span><span>SOU 2018:42 </span><span>Tryggad tillgång till kontanter). Förutom olika förslag för att något bromsa den snabba nedgången i kontantanvändningen föreslår kommittén </span><span>också att staten tar fram ett brett beslutsunderlag för att kunna ta ställning till kontanterna</span><span>s</span><span> roll i ett längre tidsperspektiv.</span>\r\n\t\t\t</p>\r\n\t\t\t<p class=\"NormalIndent\">\r\n\t\t\t\t<span>I betänkandet skriver kommittén bl.a.:</span>\r\n\t\t\t</p>\r\n\t\t\t<p class=\"Quote\">\r\n\t\t\t\t<span>Ett ytterligare skäl till att försöka bidra till en kontrollerad utveckling för tillgången till kontanttjänster är samhällets behov av att kunna göra ett informerat och aktivt val i frågan om kontanternas roll som betalningsmedel i ett längre tidsperspektiv. I samband med en sådan analys aktualiseras viktiga frågor om samhällets krisberedskap, människors integritet och om det behövs ett statligt garanterat betalningsmedel. Staten bör dock ta ställning till kontanternas roll i framtiden när ett fullständigt beslutsunderlag finns. Beslutsunderlagen bör exempelvis innehålla en analys av för- och nackdelar med en eventuell digital centralbanksvaluta, en s.k. e-krona, och av kontanternas betydelse för sårbarhet och beredskapsbehov när det gäller betalningsmarknaden. Beslutsunderlag behövs också för att kunna bedöma om digitala betallösningar kan tillgodose kravet </span><span>på allas tillgång till</span><span> </span><span>grundläggande betaltjänster.</span>\r\n\t\t\t</p>\r\n\t\t\t<p>\r\n\t\t\t\t<span>Riksbankskommitténs delbetänkande bereds inom Regeringskansliet.</span>\r\n\t\t\t</p>\r\n\t\t\t<h3>\r\n\t\t\t\t<a name=\"_Toc11320532\"><span>Utskottets ställningstagande</span></a>\r\n\t\t\t</h3>\r\n\t\t\t<p>\r\n\t\t\t\t<span>Det senaste decenniets omfattande digitalisering av den svenska betalningsmarknaden och den kraftiga nedgången i användningen av kontanter i det svenska samhället </span><span>ger upphov till</span><span> många viktiga frågor om statens och den privata sektorns roller på betalningsmarknaden. Riksbanken föreslår i sin framställning att riksdagen tillsätter en utredning av betalningsmarknaden i en kontantlös digital ekonomi och av statens respektive den privata sektorns roll</span><span>er</span><span> på en sådan marknad. Som framgår ovan föreslår även Riksbankskommittén i sitt delbetänkande Tryggad tillgång till kontanter (SOU 2018:42) att staten genomför en omfattande analys av bl.a. kontanternas roll i ett längre perspektiv.</span>\r\n\t\t\t</p>\r\n\t\t\t<p class=\"NormalIndent\">\r\n\t\t\t\t<span>Utskottet delar Riksbankens bedömning</span><span>. Enligt utskottet bör det</span><span> tillsättas en utredning om digitaliseringens och den minskade kontantanvändningens effekter på det svenska samhället, den finansiella stabiliteten och betalningsmarknaden. Utredningen </span><span>bör ha ett brett perspektiv och </span><span>bl.a.</span><span> </span>\r\n\t\t\t</p>\r\n\t\t\t<p class=\"Punktlistabomb\" style=\"margin-left:14.2pt; margin-bottom:0pt; text-indent:-14.2pt\">\r\n\t\t\t\t<span style=\"font-family:'Verdana'; font-size:10pt\">•</span><span style=\"font:7.0pt 'Verdana'\">       </span><span style=\"font-weight:bold\">k</span><span style=\"font-weight:bold\">artlägga betalningsmarknaden utifrån den omfattande digitaliseringen och den minskade kontantanvändningen.</span><span> Utredningen bör analysera utvecklingen och beskriva konsekvenserna för bl.a. den övergripande finansiella stabiliteten i samhället, infrastrukturen för betalningar, kris- och krigsberedskap, betalningshantering och betalningsförmedling inklusive penningtvätt, kontanthantering och allmänhetens förtroende för penningsystemet. </span>\r\n\t\t\t</p>\r\n\t\t\t<p class=\"Punktlistabomb\" style=\"margin-top:0pt; margin-left:14.2pt; margin-bottom:0pt; text-indent:-14.2pt\">\r\n\t\t\t\t<span style=\"font-family:'Verdana'; font-size:10pt\">•</span><span style=\"font:7.0pt 'Verdana'\">       </span><span style=\"font-weight:bold\">k</span><span style=\"font-weight:bold\">artlägga och ta ställning till statens och den privata sektorns roller på en starkt digitaliserad betalningsmarknad.</span><span> Utredningen bör analysera och</span><span> vid behov</span><span> föreslå åtgärder </span><span>för</span><span> </span><span>hur staten (inklusive Riksbanken) kan säkerställa en effektiv och säker betalningsmarknad</span><span> såväl</span><span> i normala situationer som under kris</span><span>-</span><span> eller krigsförhållanden. Utredningen ska </span><span>även </span><span>utreda och komma med förslag på vilka eventuella krav som </span><span>kan behöva</span><span> ställas på banker och kreditinstitut för att betalningssystemet ska vara säkert och tillgängligt för alla i en digital värld.</span>\r\n\t\t\t</p>\r\n\t\t\t<p class=\"Punktlistabomb\" style=\"margin-top:0pt; margin-left:14.2pt; margin-bottom:0pt; text-indent:-14.2pt\">\r\n\t\t\t\t<span style=\"font-family:'Verdana'; font-size:10pt\">•</span><span style=\"font:7.0pt 'Verdana'\">       </span><span style=\"font-weight:bold\">utreda d</span><span style=\"font-weight:bold\">igitala centralbankspengar.</span><span> Utredningen ska analysera och ta ställning</span><span> till</span><span> om digitala centralbankspengar, s.k. e-kronor</span><span>,</span><span> </span><span>skulle kunna </span><span>vara en lösning på de eventuella problem och risker som en starkt digitaliserad ekonomi och en marginell användning av kontanter för med sig. Utredningen ska kartlägga vilka konsekvenser en eventuell e-krona kan få för bl.a. allmänheten, den finansiella stabiliteten</span><span> i samhället</span><span> och möjligheterna att bedriva </span><span>en effektiv </span><span>penningpolitik, </span><span>verksamheten i </span><span>banker och andra kreditinstitut och</span><span> </span><span>en eventuell e-kronas </span><span>relation till andra valutor och andra länders regelverk och institutioner (t.ex. EU-lagstiftningen och Europeiska centralbanken). Utredningen </span><span>ska också</span><span> analysera vilka lag</span><span>- och regel</span><span>förändringar </span><span>som skulle krävas vid ett </span><span>eventuellt införande av en e-krona</span><span>. </span><span>V</span><span>idare </span><span>bör </span><span>e-kronan </span><span>utredas </span><span>ur ett kris- och krigsberedskapsperspektiv</span><span>.</span><span> </span>\r\n\t\t\t</p>\r\n\t\t\t<p class=\"Punktlistabomb\" style=\"margin-top:0pt; margin-left:14.2pt; text-indent:-14.2pt\">\r\n\t\t\t\t<span style=\"font-family:'Verdana'; font-size:10pt\">•</span><span style=\"font:7.0pt 'Verdana'\">       </span><span style=\"font-weight:bold\">utreda begreppet l</span><span style=\"font-weight:bold\">agligt betalningsmedel.</span><span> Utredningen bör särskilt utreda innebörden av begreppet lagligt betalningsmedel och hur det eventuellt </span><span>behöver </span><span>anpassas till dagens digitala betalningsmarknad och till ett eventuellt införande av en e-krona.</span>\r\n\t\t\t</p>\r\n\t\t\t<p>\r\n\t\t\t\t<span>U</span><span>tskottet </span><span>anser att</span><span> regeringen snarast möjligt </span><span>bör </span><span>tillsätta en utredare med uppgift att utreda konsekvenserna av den starka digitaliseringen på betalningsmarknaden och minskningen av kontantanvändningen. För att garantera en parlamentarisk insyn i utredningsarbetet bör en referensgrupp med företrädare för riksdagens partier knytas till utredningen.</span>\r\n\t\t\t</p>\r\n\t\t\t<p class=\"NormalIndent\">\r\n\t\t\t\t<span>Utskottet konstaterar att det redan pågår en del berednings- och utredningsarbete inom området i Regeringskansliet och i myndigheter eller kommittéer. Utskottet </span><span>konstaterar också att</span><span> regeringen </span><span>har</span><span> möjlighet att föra i</span><span>n</span><span> andra viktiga frågeställningar i utredningen än de som </span><span>mycket </span><span>övergripande beskrivs ovan</span><span>,</span><span> och som har betydelse för att område</span><span>t</span><span> ska bli allsidigt </span><span>och brett </span><span>belyst</span><span>.</span>\r\n\t\t\t</p>\r\n\t\t\t<p class=\"NormalIndent\">\r\n\t\t\t\t<span>Det som utskottet </span><span>skriver ovan </span><span>om att det tillsätts en utredning om effekterna av digitaliseringen på betalningsmarknaden och den minskade kontantanvändningen i samhället bör riksdagen ge regeringen till känna. Utskottet tillstyrker därmed Riksbankens förslag</span><span> i framställning 2018/19:RB3</span><span> om behovet av en utredning av betalningsmarknaden</span><span>.</span>\r\n\t\t\t</p>\r\n\t\t\t<p class=\"Bilaga\">\r\n\t\t\t\t<span class=\"tBilagaJA\">Bi</span><span class=\"tBilagaJA\">laga</span>\r\n\t\t\t</p>\r\n\t\t\t<p class=\"Bilagerubrik\">\r\n\t\t\t\t<a name=\"_Toc11320533\"><span class=\"tSidrubrikJA\">Förteckning över behandlade förslag</span></a>\r\n\t\t\t</p>\r\n\t\t\t<p class=\"Rubrik2bilaga\" style=\"-aw-sdt-tag:'dokumentavsnitt/förteckning över behandlade förslag/-122931917/1558339569211'; -aw-sdt-title:'förteckning över behandlade förslag'\">\r\n\t\t\t\t<a name=\"_Toc11320534\"><span>Framställningen</span></a><span> </span>\r\n\t\t\t</p>\r\n\t\t\t<h4 style=\"-aw-sdt-tag:'dokumentavsnitt/förteckning över behandlade förslag/-122931917/1558339569211'; -aw-sdt-title:'förteckning över behandlade förslag'\">\r\n\t\t\t\t<span>Framställning 2018/19:RB3 Statens roll på betalningsmarknaden:</span>\r\n\t\t\t</h4>\r\n\t\t\t<p class=\"YrkandelistaEtt\" style=\"-aw-sdt-tag:'dokumentavsnitt/förteckning över behandlade förslag/-122931917/1558339569211'; -aw-sdt-title:'förteckning över behandlade förslag'\">\r\n\t\t\t\t<span>Riksdagen ställer sig bakom det som Riksbanken anför om behovet av en utredning av betalningsmarknaden i en kontantlös digital ekonomi och av statens respektive den privata sektorns roll på en sådan marknad.</span>\r\n\t\t\t</p>\r\n\t\t\t<p class=\"Mellanrum\">\r\n\t\t\t\t<span> </span>\r\n\t\t\t</p>\r\n\t\t\t<p class=\"Mellanrum\" style=\"-aw-sdt-tag:'dokumentavsnitt/förteckning över behandlade förslag/-122931917/1558339569211'; -aw-sdt-title:'förteckning över behandlade förslag'\">\r\n\t\t\t\t<span> </span>\r\n\t\t\t</p>\r\n\t\t\t<p>\r\n\t\t\t\t<span> </span>\r\n\t\t\t</p>\r\n\t\t</div>\r\n\t"},"dokutskottsforslag":{"utskottsforslag":{"punkt":"1","rubrik":"Statens roll på betalningsmarknaden","forslag":"Riksdagen ställer sig bakom det som utskottet anför om att regeringen snarast ska tillsätta en utredning av digitaliseringens och den minskade&nbsp;kontantanvändningens&nbsp;konsekvenser för betalningsmarknaden och statens och den privata sektorns roller på denna marknad och tillkännager detta för regeringen.<BR/>Därmed bifaller riksdagen framställning 2018/19:RB3.<BR/><BR/>","beslutstyp":"acklamation","motforslag_nummer":"0","motforslag_partier":null,"votering_id":null,"votering_sammanfattning_html":null,"votering_url_xml":null,"rm":"2018/19","bet":"FiU44","vinnare":"utskottet"}},"dokaktivitet":{"aktivitet":[{"kod":"UBE","namn":"Beredning","datum":"2019-05-28 00:00:00","status":"inträffat","ordning":"0","process":null},{"kod":"UBE","namn":"Beredning","datum":"2019-06-11 00:00:00","status":"inträffat","ordning":"0","process":null},{"kod":"JUS","namn":"Justering","datum":"2019-06-13 00:00:00","status":"inträffat","ordning":"0","process":null},{"kod":"TRY","namn":"Trycklov","datum":"2019-06-13 00:00:00","status":"inträffat","ordning":"0","process":null},{"kod":"B","namn":"Bordläggning","datum":"2019-06-17 00:00:00","status":"inträffat","ordning":"0","process":null},{"kod":"BEH","namn":"Behandling","datum":"2019-06-18 00:00:00","status":"inträffat","ordning":"0","process":null},{"kod":"BES","namn":"Beslut","datum":"2019-06-18 00:00:00","status":"inträffat","ordning":"0","process":null}]},"dokuppgift":{"uppgift":[{"kod":"beslutssammanfattningusk","namn":"Utskottets förslag till beslut","text":"Bifall till framställningen.","dok_id":"H601FiU44","systemdatum":"2019-06-13 15:27:03"},{"kod":"rdbeslut","namn":"Riksdagens beslut","text":"Kammaren biföll utskottets förslag.","dok_id":"H601FiU44","systemdatum":"2019-06-18 16:35:07"},{"kod":"notis","namn":"Beslut i korthet","text":"                           <p>Samhällets digitalisering har lett till att allt färre använder kontanter. I maj 2019 lämnade Riksbanken en framställning till riksdagen om behovet av en utredning om av betalningsmarknaden.</p>\r\n<p>Riksdagen håller med Riksbanken om att det behövs en utredning. Utredningen bör ta sig an frågan om den digitala betalningsmarknaden brett:</p>\r\n<ul>\r\n<li>Kartlägga betalningsmarknaden utifrån den omfattande digitaliseringen och den minskade kontantanvändningen.&nbsp;</li>\r\n<li>Kartlägga och ta ställning till statens och den privata sektorns roller.</li>\r\n<li>Utreda om det behövs digitala centralbankspengar, så kallade e-kronor.</li>\r\n<li>Utreda begreppet lagligt betalningsmedel, och hur det eventuellt behöver anpassas till den digitala betalningsmarknaden och en eventuell e-krona.</li>\r\n</ul>\r\n<p>Riksdagen riktade ett tillkännagivande, en uppmaning, till regeringen att tillsätta en utredning om detta.</p>\r\n                                            ","dok_id":"H601FiU44","systemdatum":"2019-07-08 15:52:18"},{"kod":"notisrubrik","namn":"Beslut","text":"Statens roll på den digitala betalningsmarknaden bör utredas (FiU44)","dok_id":"H601FiU44","systemdatum":"2019-07-08 15:52:18"},{"kod":"utsknotis","namn":"Utskottets förslag till beslut","text":"                           <p>Samhällets digitalisering har lett till att allt färre använder kontanter. I maj 2019 lämnade Riksbanken en framställning till riksdagen om behovet av en utredning om av betalningsmarknaden.</p>\r\n<p>Finansutskottet håller med Riksbanken om att det behövs en utredning. Utredningen bör ta sig an frågan om den digitala betalningsmarknaden brett:</p>\r\n<ul>\r\n<li>Kartlägga betalningsmarknaden utifrån den omfattande digitaliseringen och den minskade kontantanvändningen.</li>\r\n<li>Kartlägga och ta ställning till statens och den privata sektorns roller.</li>\r\n<li>Utreda om det behövs digitala centralbankspengar, så kallade e-kronor.</li>\r\n<li>Utreda begreppet lagligt betalningsmedel, och hur det eventuellt behöver anpassas till den digitala betalningsmarknaden och en eventuell e-krona.</li>\r\n</ul>\r\n<p>Utskottet föreslår därför att riksdagen riktar ett tillkännagivande, en uppmaning, till regeringen att tillsätta en utredning om detta.</p>\r\n                                            ","dok_id":"H601FiU44","systemdatum":"2019-07-08 15:52:18"},{"kod":"utsknotisrubrik","namn":"Utskottets förslag","text":"Statens roll på den digitala betalningsmarknaden bör utredas (FiU44)","dok_id":"H601FiU44","systemdatum":"2019-07-08 15:52:18"},{"kod":"statustext","namn":"statustext","text":"Ärendet är avslutat","dok_id":"H601FiU44","systemdatum":"2019-06-19 00:25:17"},{"kod":"debattdatumtid","namn":"Datum och tid för debatten","text":"2019-06-18 00:00:00","dok_id":"H601FiU44","systemdatum":"2019-07-08 15:52:18"},{"kod":"beslutdatumtid","namn":"Datum och tid för beslutet","text":"2019-06-18 00:00:00","dok_id":"H601FiU44","systemdatum":"2019-07-08 15:52:18"}]},"dokbilaga":{"bilaga":{"dok_id":"H601FiU44","titel":"Statens roll på betalningsmarknaden","subtitel":null,"filnamn":"2018_19_FiU44_20190613144310_Publicering.pdf","filstorlek":"309065","filtyp":"pdf","fil_url":"http://data.riksdagen.se/fil/498291B9-6C5E-4852-88AB-1CBBA78BA576"}},"dokreferens":{"referens":[{"referenstyp":"behandlar","uppgift":"Framställning 2018/19:RB3 Statens roll på betalningsmarknaden","ref_dok_id":"H604RB3","ref_dok_typ":"frsrdg","ref_dok_rm":"2018/19","ref_dok_bet":"RB3","ref_dok_titel":"Statens roll på betalningsmarknaden","ref_dok_subtitel":null,"ref_dok_subtyp":"framst","ref_dok_dokumentnamn":"Framställning"},{"referenstyp":"föredragningslista","uppgift":"föredragningslista 2018/19:107 Tisdag den 18 juni 2019","ref_dok_id":"H60I107","ref_dok_typ":"f-lista","ref_dok_rm":"2018/19","ref_dok_bet":"107","ref_dok_titel":"Tisdag den 18 juni 2019","ref_dok_subtitel":null,"ref_dok_subtyp":null,"ref_dok_dokumentnamn":"Föredragningslista"},{"referenstyp":"protokollbeslut","uppgift":"2019-06-18","ref_dok_id":"H609107","ref_dok_typ":"prot","ref_dok_rm":"2018/19","ref_dok_bet":"107","ref_dok_titel":"Protokoll 2018/19:107 Tisdagen den 18 juni","ref_dok_subtitel":null,"ref_dok_subtyp":null,"ref_dok_dokumentnamn":"Protokoll"},{"referenstyp":"rskr","uppgift":null,"ref_dok_id":"H60K293","ref_dok_typ":"rskr","ref_dok_rm":"2018/19","ref_dok_bet":"293","ref_dok_titel":"Riksdagsskrivelse 2018/19:293","ref_dok_subtitel":null,"ref_dok_subtyp":"rskr","ref_dok_dokumentnamn":"Riksdagsskrivelse"},{"referenstyp":"rskr","uppgift":null,"ref_dok_id":"H60K294","ref_dok_typ":"rskr","ref_dok_rm":"2018/19","ref_dok_bet":"294","ref_dok_titel":"Riksdagsskrivelse 2018/19:294","ref_dok_subtitel":null,"ref_dok_subtyp":"rskr","ref_dok_dokumentnamn":"Riksdagsskrivelse"},{"referenstyp":"talarlista","uppgift":"talarlista 2018/19:20190618 Tisdag den 18 juni 2019 (preliminär)","ref_dok_id":"H60J20190618","ref_dok_typ":"t-lista","ref_dok_rm":"2018/19","ref_dok_bet":"20190618","ref_dok_titel":"Tisdag den 18 juni 2019 (preliminär)","ref_dok_subtitel":null,"ref_dok_subtyp":null,"ref_dok_dokumentnamn":"Talarlista"}]},"debatt":null}}