{"dokumentstatus":{"dokument":{"hangar_id":"5023259","dok_id":"H601JuU31","rm":"2018/19","beteckning":"JuU31","typ":"bet","subtyp":"bet","doktyp":"bet","typrubrik":"Betänkande 2018/19:JuU31","dokumentnamn":"Betänkande","debattnamn":"Debatt om förslag","tempbeteckning":"","organ":"JuU","mottagare":"","nummer":"31","slutnummer":"0","datum":"2019-02-28 00:00:00","systemdatum":"2019-02-28 13:50:44","publicerad":"2019-02-28 13:50:43","titel":"Skärpt straff för subventionsmissbruk","subtitel":"","status":"planerat","htmlformat":"","relaterat_id":"","source":"Brus","sourceid":"65029e65-978b-4178-9a5a-05e18fcbe745","dokument_url_text":"http://data.riksdagen.se/dokument/H601JuU31/text","dokument_url_html":"http://data.riksdagen.se/dokument/H601JuU31","dokumentstatus_url_xml":"http://data.riksdagen.se/dokumentstatus/H601JuU31","utskottsforslag_url_xml":"http://data.riksdagen.se/utskottsforslag/H601JuU31","html":"<h2>Skärpt straff för subventionsmissbruk</h2>\r\nDokumentet är inte publicerat"},"dokaktivitet":{"aktivitet":[{"kod":"UBE","namn":"Beredning","datum":"2019-04-25 00:00:00","status":"planerat","ordning":"0","process":null},{"kod":"JUS","namn":"Justering","datum":"2019-05-09 00:00:00","status":"planerat","ordning":"0","process":null},{"kod":"TRY","namn":"Trycklov","datum":"2019-05-10 00:00:00","status":"planerat","ordning":"0","process":null},{"kod":"B","namn":"Bordläggning","datum":"2019-05-14 00:00:00","status":"planerat","ordning":"0","process":null},{"kod":"BEH","namn":"Behandling","datum":"2019-05-15 00:00:00","status":"planerat","ordning":"0","process":null},{"kod":"BES","namn":"Beslut","datum":"2019-05-15 00:00:00","status":"planerat","ordning":"0","process":null}]},"debatt":null}}