{"dokumentstatus":{"dokument":{"hangar_id":"5004415","dok_id":"H601CU3","rm":"2018/19","beteckning":"CU3","typ":"bet","subtyp":"bet","doktyp":"bet","typrubrik":"Betänkande 2018/19:CU3","dokumentnamn":"Betänkande","debattnamn":"Debatt om förslag","tempbeteckning":"","organ":"CU","mottagare":"","nummer":"3","slutnummer":"0","datum":"2018-11-08 00:00:00","systemdatum":"2018-11-14 18:00:41","publicerad":"2018-10-05 10:38:56","titel":"Skadeståndsansvar vid sjötransport av farliga och skadliga ämnen","subtitel":"","status":"Webbpublicering","htmlformat":"html","relaterat_id":"","source":"RIM","sourceid":"cea59978-a7a9-4541-ad3a-14d4522940e2","dokument_url_text":"http://data.riksdagen.se/dokument/H601CU3/text","dokument_url_html":"http://data.riksdagen.se/dokument/H601CU3","dokumentstatus_url_xml":"http://data.riksdagen.se/dokumentstatus/H601CU3","utskottsforslag_url_xml":"http://data.riksdagen.se/utskottsforslag/H601CU3","html":"<style><!--\r\n .w600px{width: 600px;font-family:Verdana, Geneva, sans-serif}\r\nh2.dtyp{font-size:1.5em !important;} \r\n/********************************************************************************************************/\r\n/* Styles for D:\\Logs\\DocumentConverter\\\\Output_c5725090-f215-44d3-ba79-cea01148531f\\HTML\\Dokument.html */\r\n/* Generated by Aspose.Words for .NET 15.3.0.0                                                          */\r\n/********************************************************************************************************/\r\n\r\n@page Section1 { size:467.8pt 686.05pt; margin:45.35pt 102.05pt 73.7pt 70.85pt }\r\ndiv.Section1 { page:Section1 }\r\nzbody { text-align:justify; line-height:12.5pt; font-family:'Verdana'; font-size:9.5pt }\r\nzh1, h2, h3, h4, h5, h6, p { margin:3.1pt 0pt 0pt }\r\nzli, table { margin-top:3.1pt; margin-bottom:0pt }\r\nzh1 { margin-top:3.1pt; margin-bottom:12pt; text-align:left; page-break-after:avoid; line-height:12.5pt; font-family:'Verdana'; font-size:16pt; font-weight:normal }\r\nzh2 { margin-top:20pt; margin-bottom:6pt; text-align:left; page-break-inside:avoid; page-break-after:avoid; line-height:12.5pt; font-family:'Verdana'; font-size:13.5pt; font-weight:normal }\r\nzh3 { margin-top:20pt; margin-bottom:3.1pt; text-align:left; page-break-inside:avoid; page-break-after:avoid; line-height:12.5pt; font-family:'Verdana'; font-size:10.5pt; font-weight:bold }\r\nzh4 { margin-top:15pt; margin-bottom:3.1pt; text-align:left; page-break-inside:avoid; page-break-after:avoid; line-height:12.5pt; font-family:'Verdana'; font-size:10.5pt; font-weight:normal; font-style:italic; color:#000000 }\r\nzh5 { margin-top:6.25pt; margin-bottom:0pt; text-align:justify; page-break-inside:avoid; page-break-after:avoid; line-height:12.5pt; font-family:'Verdana'; font-size:9.5pt; font-weight:bold }\r\nzh6 { margin-top:6.25pt; margin-bottom:0pt; text-align:justify; page-break-inside:avoid; page-break-after:avoid; line-height:12.5pt; font-family:'Verdana'; font-size:9.5pt; font-weight:normal; font-style:italic; color:#000000 }\r\n.Heading7 { margin-top:2pt; margin-bottom:0pt; text-align:justify; page-break-inside:avoid; page-break-after:avoid; line-height:12.5pt; font-family:'Verdana'; font-size:9.5pt; font-weight:normal; font-style:italic; color:#243f60 }\r\n.Heading8 { margin-top:2pt; margin-bottom:0pt; text-align:justify; page-break-inside:avoid; page-break-after:avoid; line-height:12.5pt; font-family:'Verdana'; font-size:9pt; font-weight:normal; color:#272727 }\r\n.Heading9 { margin-top:2pt; margin-bottom:0pt; text-align:justify; page-break-inside:avoid; page-break-after:avoid; line-height:12.5pt; font-family:'Verdana'; font-size:9pt; font-weight:normal; font-style:italic; color:#272727 }\r\n.Avsnittsrubrik { margin-top:0pt; margin-bottom:27.7pt; text-align:left; page-break-before:always; page-break-after:avoid; line-height:normal; font-family:'Verdana'; font-size:16pt }\r\n.Avvikandemeningrubrik { margin-top:0pt; margin-bottom:3.1pt; text-align:left; page-break-inside:avoid; page-break-after:avoid; line-height:12.5pt; font-family:'Verdana'; font-size:10.5pt; font-weight:bold }\r\n.BalloonText { margin-top:3.1pt; margin-bottom:0pt; text-align:justify; line-height:normal; font-family:Tahoma; font-size:8pt }\r\n.Bilaga { margin-top:0pt; margin-bottom:0pt; text-align:left; page-break-before:always; page-break-after:avoid; line-height:normal; widows:0; orphans:0; font-family:'Verdana'; font-size:8pt; font-variant:small-caps; text-decoration:underline }\r\n.Bilagerubrik { margin-top:0pt; margin-bottom:17.7pt; text-align:left; page-break-after:auto; line-height:normal; widows:0; orphans:0; font-family:'Verdana'; font-size:16pt }\r\n.Bild-Rubrik { margin-top:8pt; margin-bottom:0pt; text-align:justify; page-break-inside:avoid; page-break-after:avoid; line-height:10pt; font-family:'Verdana'; font-size:9.5pt; font-weight:bold }\r\n.Bild-Underrubrik { margin-top:0pt; margin-bottom:1pt; text-align:left; page-break-inside:avoid; page-break-after:avoid; line-height:8pt; font-family:'Verdana'; font-size:8pt; font-weight:normal; font-style:italic }\r\n.BodyText { margin-top:3.1pt; margin-bottom:0pt; text-align:left; line-height:12.5pt; font-family:'Verdana'; font-size:9.5pt }\r\n.BodyTextIndent2 { margin-top:3.1pt; margin-left:14.15pt; margin-bottom:6pt; text-align:justify; line-height:200%; font-family:'Verdana'; font-size:9.5pt }\r\n.Citatindrag { margin-top:0pt; margin-left:14.2pt; margin-bottom:6.1pt; text-indent:14.2pt; text-align:justify; line-height:10pt; font-family:'Verdana'; font-size:9.5pt }\r\n.CommentText { margin-top:3.1pt; margin-bottom:0pt; text-align:justify; line-height:normal; font-family:'Verdana'; font-size:10pt }\r\n.Deltagare { margin-top:0pt; margin-bottom:0pt; text-align:justify; page-break-inside:avoid; page-break-after:avoid; line-height:9.5pt; font-family:'Verdana'; font-size:9.5pt }\r\n.Diagram-Rubrik { margin-top:8pt; margin-bottom:0pt; text-align:justify; page-break-inside:avoid; page-break-after:avoid; line-height:10pt; font-family:'Verdana'; font-size:9.5pt; font-weight:bold }\r\n.Diagram-Underrubrik { margin-top:0pt; margin-bottom:1pt; text-align:left; page-break-inside:avoid; page-break-after:avoid; line-height:8pt; font-family:'Verdana'; font-size:8pt; font-weight:normal; font-style:italic }\r\n.DokumentRubrik { margin-top:6pt; margin-bottom:24pt; text-align:left; line-height:normal; border-bottom-style:solid; border-bottom-width:0.75pt; border-bottom-color:#000000; padding-bottom:4pt; font-family:'Verdana'; font-size:18pt }\r\n.Dokumentbeteckning { margin-top:0pt; margin-bottom:0pt; text-align:left; page-break-inside:avoid; page-break-after:avoid; line-height:12.5pt; font-family:'Verdana'; font-size:16pt }\r\n.Footer { margin-top:3.1pt; margin-bottom:0pt; text-align:justify; line-height:normal; font-family:'Verdana'; font-size:9.5pt }\r\n.FootnoteText { margin-top:0pt; margin-bottom:0pt; text-align:justify; line-height:8pt; font-family:'Verdana'; font-size:8pt }\r\n.Fotnotstextindrag { margin-top:0pt; margin-left:5.65pt; margin-bottom:0pt; text-align:left; line-height:8pt; font-family:'Verdana'; font-size:8pt }\r\n.Frslagspunkt { margin-top:0pt; margin-bottom:0pt; text-align:left; page-break-inside:avoid; page-break-after:avoid; line-height:12.5pt; font-family:'Verdana'; font-size:9.5pt; font-weight:bold }\r\n.Frslagstext { margin-top:0pt; margin-bottom:0pt; text-align:justify; line-height:12.5pt; font-family:'Verdana'; font-size:9.5pt }\r\n.Frteckningsrubrik { margin-top:9.6pt; margin-bottom:3.1pt; text-align:left; page-break-inside:avoid; page-break-after:avoid; line-height:normal; font-family:'Verdana'; font-size:9.5pt; font-weight:normal; font-style:italic; color:#000000 }\r\n.Grupprubrik { margin-top:6pt; margin-bottom:0pt; text-align:left; page-break-inside:avoid; page-break-after:avoid; line-height:12.5pt; font-family:'Verdana'; font-size:9.5pt; font-style:italic }\r\n.Grupprubrikindrag { margin-top:6pt; margin-left:22.1pt; margin-bottom:0pt; text-align:left; page-break-inside:avoid; page-break-after:avoid; line-height:12.5pt; font-family:'Verdana'; font-size:9.5pt; font-style:italic }\r\n.Header { margin-top:0pt; margin-bottom:0pt; text-align:justify; line-height:normal; font-family:'Verdana'; font-size:7.5pt; font-variant:small-caps }\r\n.Innehllsfrteckning { margin-top:0pt; margin-bottom:17.7pt; text-align:left; page-break-before:always; page-break-after:auto; line-height:normal; font-family:'Verdana'; font-size:16pt }\r\n.Kantrubrik { margin-top:0pt; margin-bottom:0pt; text-align:justify; line-height:normal; font-family:'Verdana'; font-size:7.5pt }\r\n.ListBullet { margin-top:6.25pt; margin-left:17.85pt; margin-bottom:6.25pt; text-indent:-17.85pt; text-align:justify; line-height:12.5pt; font-family:'Verdana'; font-size:9.5pt }\r\n.ListParagraph { margin-top:3.1pt; margin-left:28.35pt; margin-bottom:0pt; text-align:justify; line-height:12.5pt; font-family:'Verdana'; font-size:9.5pt }\r\n.Litentext { margin-top:0pt; margin-bottom:0pt; text-align:justify; line-height:normal; font-family:'Verdana'; font-size:8pt }\r\n.Mellanrubrik { margin-top:11pt; margin-bottom:3.1pt; text-align:left; page-break-after:avoid; line-height:12.5pt; font-family:'Verdana'; font-size:9.5pt; font-style:italic }\r\n.Mellanrum { margin-top:0pt; margin-bottom:0pt; text-align:left; page-break-before:auto; page-break-after:auto; line-height:1pt; widows:0; orphans:0; font-family:'Verdana'; font-size:1pt; font-variant:small-caps; text-decoration:none; color:#ffffff }\r\n.NormalIndent { margin-top:0pt; margin-bottom:0pt; text-indent:11.35pt; text-align:justify; line-height:12.5pt; font-family:'Verdana'; font-size:9.5pt }\r\n.Normalinskjuten { margin-top:0pt; margin-left:22.1pt; margin-bottom:0pt; text-align:justify; line-height:12.5pt; font-family:'Verdana'; font-size:9.5pt }\r\n.Normalinskjutenindrag { margin-top:0pt; margin-left:22.1pt; margin-bottom:0pt; text-indent:11.35pt; text-align:justify; line-height:12.5pt; font-family:'Verdana'; font-size:9.5pt }\r\n.Normalinskjutenkursiv { margin-top:6pt; margin-bottom:0pt; line-height:normal; font-family:'Verdana'; font-size:10pt; font-style:italic }\r\n.Normalkursiv { margin-top:3.1pt; margin-bottom:0pt; text-align:left; line-height:12.5pt; font-family:'Verdana'; font-size:9.5pt; font-style:italic }\r\n.Normalruta { margin:3.1pt 5.65pt 0pt; text-align:justify; page-break-inside:avoid; page-break-after:avoid; line-height:12.5pt; border-top-style:solid; border-top-width:0.75pt; border-top-color:#000000; border-right-style:solid; border-right-width:0.75pt; border-right-color:#000000; border-left-style:solid; border-left-width:0.75pt; border-left-color:#000000; border-bottom-style:solid; border-bottom-width:0.75pt; border-bottom-color:#000000; padding-top:4pt; padding-right:4pt; padding-left:4pt; padding-bottom:4pt; font-family:'Verdana'; font-size:10.5pt }\r\n.Normalrutafet { margin:3.1pt 5.65pt 0pt; text-align:justify; page-break-inside:avoid; page-break-after:avoid; line-height:12.5pt; border-top-style:solid; border-top-width:0.75pt; border-top-color:#000000; border-right-style:solid; border-right-width:0.75pt; border-right-color:#000000; border-left-style:solid; border-left-width:0.75pt; border-left-color:#000000; border-bottom-style:solid; border-bottom-width:0.75pt; border-bottom-color:#000000; padding-top:4pt; padding-right:4pt; padding-left:4pt; padding-bottom:4pt; font-family:'Verdana'; font-size:10.5pt; font-weight:bold }\r\n.Normalrutaindrag { margin:0pt 5.65pt; text-indent:11.35pt; text-align:justify; page-break-inside:avoid; page-break-after:avoid; line-height:12.5pt; border-top-style:solid; border-top-width:0.75pt; border-top-color:#000000; border-right-style:solid; border-right-width:0.75pt; border-right-color:#000000; border-left-style:solid; border-left-width:0.75pt; border-left-color:#000000; border-bottom-style:solid; border-bottom-width:0.75pt; border-bottom-color:#000000; padding-top:4pt; padding-right:4pt; padding-left:4pt; padding-bottom:4pt; font-family:'Verdana'; font-size:10.5pt }\r\n.Normalutanluftfre { margin-top:0pt; margin-bottom:0pt; text-align:justify; line-height:12.5pt; font-family:'Verdana'; font-size:9.5pt }\r\n.NormalNoll { margin-top:0pt; margin-bottom:3.1pt; text-align:left; line-height:12.5pt; font-family:'Verdana'; font-size:10.5pt; font-weight:bold }\r\n.NumlistaTOC { margin:3.1pt 28.35pt 0pt 0pt; text-indent:0pt; text-align:left; line-height:normal; font-family:'Verdana'; font-size:9.5pt }\r\n.Ordfranden { margin-top:3.1pt; margin-bottom:22pt; text-align:left; page-break-inside:avoid; page-break-after:avoid; line-height:normal; font-family:'Verdana'; font-size:9.5pt; font-style:italic }\r\n.OrtochDatum { margin-top:18pt; margin-bottom:18pt; text-align:left; page-break-inside:avoid; page-break-after:avoid; line-height:normal; font-family:'Verdana'; font-size:9.5pt }\r\n.Punktlistabomb { margin-top:6.25pt; margin-left:14.2pt; margin-bottom:6.25pt; text-indent:-14.2pt; text-align:justify; line-height:12.5pt; font-family:'Verdana'; font-size:9.5pt }\r\n.Punktlistagemener { margin-top:6.25pt; margin-left:14.2pt; margin-bottom:6.25pt; text-indent:-14.2pt; text-align:justify; line-height:12.5pt; font-family:'Verdana'; font-size:9.5pt }\r\n.Punktlistalinje { margin-top:6.25pt; margin-left:14.2pt; margin-bottom:6.25pt; text-indent:-14.2pt; text-align:justify; line-height:12.5pt; font-family:'Verdana'; font-size:9.5pt }\r\n.Punktlistasiffra { margin-top:6.25pt; margin-left:14.2pt; margin-bottom:6.25pt; text-indent:-14.2pt; text-align:justify; line-height:12.5pt; font-family:'Verdana'; font-size:9.5pt }\r\n.PVgnar { margin-top:3.1pt; margin-bottom:26pt; text-align:left; page-break-inside:avoid; page-break-after:avoid; line-height:normal; font-family:'Verdana'; font-size:9.5pt }\r\n.Quote { margin-top:6.1pt; margin-left:14.2pt; margin-bottom:0pt; text-align:justify; line-height:10pt; font-family:'Verdana'; font-size:9.5pt }\r\n.R1 { margin-top:3.1pt; margin-bottom:12pt; text-align:left; page-break-after:avoid; line-height:12.5pt; font-family:'Verdana'; font-size:16pt }\r\n.R1bilaga { margin-top:3.1pt; margin-bottom:12pt; text-align:left; page-break-after:auto; line-height:12.5pt; font-family:'Verdana'; font-size:16pt }\r\n.R2 { margin-top:20pt; margin-bottom:6pt; text-align:left; page-break-inside:avoid; page-break-after:avoid; line-height:12.5pt; font-family:'Verdana'; font-size:13.5pt }\r\n.R3 { margin-top:20pt; margin-bottom:3.1pt; text-align:left; page-break-inside:avoid; page-break-after:avoid; line-height:12.5pt; font-family:'Verdana'; font-size:10.5pt; font-weight:bold }\r\n.R4 { margin-top:15pt; margin-bottom:3.1pt; text-align:left; page-break-inside:avoid; page-break-after:avoid; line-height:12.5pt; font-family:'Verdana'; font-size:10.5pt; font-weight:normal; font-style:italic; color:#000000 }\r\n.R5 { margin-top:6.25pt; margin-bottom:0pt; text-align:justify; page-break-inside:avoid; page-break-after:avoid; line-height:12.5pt; font-family:'Verdana'; font-size:9.5pt; font-weight:bold }\r\n.R6 { margin-top:6.25pt; margin-bottom:0pt; text-align:justify; page-break-inside:avoid; page-break-after:avoid; line-height:12.5pt; font-family:'Verdana'; font-size:9.5pt; font-weight:normal; font-style:italic; color:#000000 }\r\n.Reservationshnvisning { margin-top:0pt; margin-bottom:8pt; text-align:right; line-height:12.5pt; font-family:'Verdana'; font-size:9.5pt; font-style:italic }\r\n.Reservationsrubrik { margin-top:0pt; margin-bottom:3.1pt; text-align:left; page-break-inside:avoid; page-break-after:avoid; line-height:12.5pt; font-family:'Verdana'; font-size:10.5pt; font-weight:bold }\r\n.Rubrik1Dokumentinformation { margin-top:0pt; margin-bottom:0pt; text-align:left; page-break-inside:avoid; page-break-after:avoid; line-height:12.5pt; font-family:'Verdana'; font-size:16pt }\r\n.Rubrik1bilaga { margin-top:0pt; margin-bottom:27.7pt; text-align:left; page-break-after:auto; line-height:12.5pt; font-family:'Verdana'; font-size:16pt }\r\n.Rubrik1medsidhuvud { margin-top:3.1pt; margin-bottom:12pt; text-align:left; page-break-before:always; page-break-after:avoid; line-height:12.5pt; font-family:'Verdana'; font-size:16pt }\r\n.Rubrik1numrerat { margin-top:3.1pt; margin-left:0pt; margin-bottom:12pt; text-indent:0pt; text-align:left; page-break-after:avoid; line-height:12.5pt; font-family:'Verdana'; font-size:16pt }\r\n.Rubrik1numreratmedsidhuvud { margin-top:0pt; margin-left:0pt; margin-bottom:16pt; text-indent:0pt; text-align:left; page-break-before:always; page-break-after:avoid; line-height:normal; font-family:'Verdana'; font-size:16pt }\r\n.Rubrik2bilaga { margin-top:20pt; margin-bottom:6pt; text-align:left; page-break-inside:avoid; page-break-after:avoid; line-height:12.5pt; font-family:'Verdana'; font-size:13.5pt }\r\n.Rubrik2numrerat { margin-top:20pt; margin-left:0pt; margin-bottom:6pt; text-indent:0pt; text-align:left; page-break-inside:avoid; page-break-after:avoid; line-height:12.5pt; font-family:'Verdana'; font-size:13.5pt }\r\n.Rubrik3numrerat { margin-top:20pt; margin-left:0pt; margin-bottom:3.1pt; text-indent:0pt; text-align:left; page-break-inside:avoid; page-break-after:avoid; line-height:12.5pt; font-family:'Verdana'; font-size:10.5pt; font-weight:bold }\r\n.Sammanfattning { margin-top:3.1pt; margin-bottom:12pt; text-align:left; page-break-after:auto; line-height:12.5pt; font-family:'Verdana'; font-size:16pt }\r\n.Sidhuvudhgerstlld { margin-top:0pt; margin-bottom:0pt; text-align:right; line-height:normal; font-family:'Verdana'; font-size:7.5pt; font-variant:small-caps }\r\n.Sidhuvudvnsterstlld { margin-top:0pt; margin-bottom:0pt; text-align:left; line-height:normal; font-family:'Verdana'; font-size:7.5pt; font-variant:small-caps }\r\n.Stdrubrik { margin-top:12pt; margin-bottom:0pt; line-height:12pt; font-family:'Verdana'; font-size:9.5pt; font-weight:bold }\r\n.Srskiltyttranderubrik { margin-top:0pt; margin-bottom:3.1pt; text-align:left; page-break-inside:avoid; page-break-after:avoid; line-height:12.5pt; font-family:'Verdana'; font-size:10.5pt; font-weight:bold }\r\n.TOC1 { margin-top:0pt; margin-right:28.35pt; margin-bottom:0pt; text-align:left; line-height:normal; font-family:'Verdana'; font-size:9.5pt }\r\n.TOC2 { margin:0pt 28.35pt 0pt 5.65pt; text-align:left; line-height:normal; font-family:'Verdana'; font-size:9.5pt }\r\n.TOC3 { margin:0pt 28.35pt 0pt 11.35pt; text-align:left; line-height:normal; font-family:'Verdana'; font-size:9.5pt }\r\n.TOC4 { margin:0pt 28.35pt 0pt 17pt; text-align:left; line-height:normal; font-family:'Verdana'; font-size:9.5pt }\r\n.TOC5 { margin:0pt 28.35pt 0pt 22.7pt; text-align:left; line-height:normal; font-family:'Verdana'; font-size:9.5pt }\r\n.TOC6 { margin-top:0pt; margin-left:47.65pt; margin-bottom:0pt; text-align:left; line-height:normal; font-family:'Verdana'; font-size:9.5pt }\r\n.TOC7 { margin-top:0pt; margin-right:28.35pt; margin-bottom:0pt; text-align:left; line-height:normal; font-family:'Verdana'; font-size:9.5pt }\r\n.TOC8 { margin-top:0pt; margin-right:28.35pt; margin-bottom:0pt; text-align:left; line-height:normal; font-family:'Verdana'; font-size:9.5pt }\r\n.TOC9 { margin-top:0pt; margin-left:8.5pt; margin-bottom:0pt; text-align:left; line-height:normal; font-family:'Verdana'; font-size:9.5pt }\r\n.TOCHeading { margin-top:3.1pt; margin-bottom:9pt; text-align:left; page-break-before:always; page-break-inside:avoid; page-break-after:avoid; line-height:12.5pt; font-family:'Verdana'; font-size:16pt }\r\n.Tabell-Kolumnrubrik { margin-bottom:0pt; line-height:12pt; font-family:'Verdana'; font-size:8pt; font-weight:bold }\r\n.Tabell-Klla { margin-top:2pt; margin-bottom:0pt; line-height:8pt; font-family:'Verdana'; font-size:7pt }\r\n.Tabell-Radrubrik { margin-bottom:0pt; line-height:12pt; font-family:'Verdana'; font-size:8pt }\r\n.Tabell-Rubrik { margin-top:12pt; margin-bottom:3pt; text-align:left; page-break-inside:avoid; page-break-after:avoid; line-height:10pt; font-family:'Verdana'; font-size:9pt; font-weight:bold }\r\n.Tabell-Siffror { margin-bottom:0pt; text-align:right; line-height:12pt; font-family:'Verdana'; font-size:8pt }\r\n.Tabell-Text { margin-bottom:0pt; line-height:12pt; font-family:'Verdana'; font-size:8pt }\r\n.Tabell-Underrubrik { margin-top:0pt; margin-bottom:1pt; text-align:left; page-break-inside:avoid; page-break-after:avoid; line-height:8pt; font-family:'Verdana'; font-size:8pt; font-weight:normal; font-style:italic }\r\n.TableofFigures { margin-top:3.1pt; margin-bottom:0pt; text-align:justify; line-height:normal; font-family:'Verdana'; font-size:9.5pt }\r\n.TillX-utskottet { margin-top:0pt; margin-bottom:12pt; text-align:left; page-break-after:avoid; line-height:12.5pt; font-family:'Verdana'; font-size:16pt }\r\n.Title { margin-top:3.1pt; margin-bottom:1pt; text-align:left; line-height:12pt; font-family:'Verdana'; font-size:20pt; letter-spacing:-0.5pt }\r\n.Vapen { margin-top:0pt; margin-bottom:0pt; text-align:left; page-break-inside:avoid; page-break-after:avoid; line-height:12.5pt; font-family:'Verdana'; font-size:16pt }\r\n.Yrkandelista { margin-top:3.1pt; margin-left:28.35pt; margin-bottom:0pt; text-indent:-28.35pt; text-align:justify; line-height:12.5pt; font-family:'Verdana'; font-size:9.5pt }\r\n.YrkandelistaEtt { margin-top:3.1pt; margin-left:0pt; margin-bottom:0pt; text-indent:0pt; text-align:justify; line-height:12.5pt; font-family:'Verdana'; font-size:9.5pt }\r\nspan.BallongtextChar { font-family:Tahoma; font-size:8pt }\r\nspan.BilagaChar { font-family:'Verdana'; font-size:8pt; font-variant:small-caps; text-decoration:underline }\r\nspan.BrdtextChar { font-family:'Verdana'; font-size:9.5pt }\r\nspan.BrdtextChar1 { font-family:'Verdana'; font-size:9.5pt }\r\nspan.Brdtextmedindrag2Char { font-family:'Verdana'; font-size:9.5pt }\r\nspan.CitatChar { font-family:'Verdana'; font-size:9.5pt }\r\nspan.DokumentRubrikChar { font-family:'Verdana'; font-size:18pt }\r\nspan.FotnotstextChar { font-family:'Verdana'; font-size:8pt }\r\nspan.FotnotstextindragChar { font-family:'Verdana'; font-size:8pt }\r\nspan.FrslagspunktChar { font-family:'Verdana'; font-size:9.5pt; font-weight:bold; font-style:normal }\r\nspan.Hyperlink { text-decoration:none; color:#000000 }\r\nspan.KommentarerChar { font-family:'Verdana'; font-size:10pt }\r\nspan.NormalkursivChar { font-family:'Verdana'; font-size:9.5pt; font-style:italic }\r\nspan.NormaltindragChar { font-family:'Verdana'; font-size:9.5pt }\r\nspan.OrdfrandenChar { font-family:'Verdana'; font-size:9.5pt; font-style:italic }\r\nspan.OrtochDatumChar { font-family:'Verdana'; font-size:9.5pt }\r\nspan.PlaceholderText { color:#808080 }\r\nspan.PVgnarChar { font-family:'Verdana'; font-size:9.5pt }\r\nspan.ReservationshnvisningChar { font-family:'Verdana'; font-size:9.5pt; font-style:italic }\r\nspan.Rubrik1Char { font-family:'Verdana'; font-size:16pt }\r\nspan.Rubrik1DokumentinformationChar { font-family:'Verdana'; font-size:16pt }\r\nspan.Rubrik2Char { font-family:'Verdana'; font-size:13.5pt }\r\nspan.Rubrik3Char { font-family:'Verdana'; font-size:10.5pt; font-weight:bold }\r\nspan.Rubrik4Char { font-family:'Verdana'; font-size:10.5pt; font-style:italic; color:#000000 }\r\nspan.Rubrik5Char { font-family:'Verdana'; font-size:9.5pt; font-weight:bold }\r\nspan.Rubrik6Char { font-family:'Verdana'; font-size:9.5pt; font-style:italic; color:#000000 }\r\nspan.Rubrik7Char { font-family:'Verdana'; font-size:9.5pt; font-style:italic; color:#243f60 }\r\nspan.Rubrik8Char { font-family:'Verdana'; font-size:9pt; color:#272727 }\r\nspan.Rubrik9Char { font-family:'Verdana'; font-size:9pt; font-style:italic; color:#272727 }\r\nspan.RubrikChar { font-family:'Verdana'; font-size:20pt; letter-spacing:-0.5pt }\r\nspan.SidfotChar { font-family:'Verdana'; font-size:9.5pt }\r\nspan.SidhuvudChar { font-family:'Verdana'; font-size:7.5pt; font-variant:small-caps }\r\nspan.Tabell-Upphjttecken { font-family:'Verdana'; font-variant:normal; text-decoration:none; text-transform:none; vertical-align:super; display:inline }\r\nspan.VapenChar { font-family:'Verdana'; font-size:16pt }\r\nspan.tBilagaJA { color:#000000 }\r\nspan.tSidrubrikJA { color:#000000 }\r\n.TableGrid {  }\r\n--></style>\r\n\r\n\t\t<div class=\"Section1\">\r\n\t\t\t<table cellspacing=\"0\" cellpadding=\"0\" style=\"border-collapse:collapse; margin-left:0pt\">\r\n\t\t\t\t<tr style=\"height:79.4pt\">\r\n\t\t\t\t\t<td style=\"vertical-align:top; width:297.7pt\">\r\n\t\t\t\t\t\t<p class=\"Rubrik1Dokumentinformation\" style=\"margin-top:0pt; margin-bottom:0pt; text-align:left; page-break-inside:avoid; page-break-after:avoid; line-height:16pt\">\r\n\t\t\t\t\t\t\t<span style=\"font-family:'Verdana'; font-size:16pt; -aw-sdt-tag:ccUtskott; -aw-sdt-title:'utskottsnamn Dokumentegenskap'\">Civilutskottet</span><span style=\"font-family:'Verdana'; font-size:16pt; -aw-sdt-tag:ccS; -aw-sdt-title:s\">s</span><span style=\"font-family:'Verdana'; font-size:16pt; -aw-sdt-tag:ccMellanslag; -aw-sdt-title:Mellanslag\"> </span><a name=\"Utlatande\"></a><span style=\"font-family:'Verdana'; font-size:16pt\">betänkande</span>\r\n\t\t\t\t\t\t</p>\r\n\t\t\t\t\t\t<p class=\"Dokumentbeteckning\" style=\"margin-top:0pt; margin-bottom:0pt; text-align:left; page-break-inside:avoid; page-break-after:avoid; line-height:16pt\">\r\n\t\t\t\t\t\t\t<span style=\"font-family:'Verdana'; font-size:16pt; -aw-sdt-tag:ccRiksmote; -aw-sdt-title:'riksmote Dokumentegenskap'\">2018/19</span><span style=\"font-family:'Verdana'; font-size:16pt; -aw-sdt-tag:ccKolon; -aw-sdt-title:Kolon\">:</span><a name=\"Utskottebeteckning\"></a><span style=\"font-family:'Verdana'; font-size:16pt\">CU3</span>\r\n\t\t\t\t\t\t</p>\r\n\t\t\t\t\t\t<p class=\"Rubrik1Dokumentinformation\" style=\"margin-top:0pt; margin-bottom:0pt; text-align:left; page-break-inside:avoid; page-break-after:avoid; line-height:16pt\">\r\n\t\t\t\t\t\t\t<span style=\"font-family:'Verdana'; font-size:16pt\"> </span>\r\n\t\t\t\t\t\t</p>\r\n\t\t\t\t\t</td>\r\n\t\t\t\t</tr>\r\n\t\t\t</table>\r\n\t\t\t<p class=\"DokumentRubrik\" style=\"-aw-sdt-tag:ccDokumentrubrik; -aw-sdt-title:'dokumentrubrik Dokumentegenskap'\">\r\n\t\t\t\t<span>Skadeståndsansvar vid sjötransport av farliga och skadliga ämnen</span>\r\n\t\t\t</p>\r\n\t\t\t<p>\r\n\t\t\t\t<span> </span>\r\n\t\t\t</p>\r\n\t\t\t<p class=\"Sammanfattning\">\r\n\t\t\t\t<span class=\"tSidrubrikJA\">Sammanfattning</span>\r\n\t\t\t</p>\r\n\t\t\t<p>\r\n\t\t\t\t<span>Utskottet ställer sig bakom regeringens förslag att riksdagen ska godkänna </span><span>2010 års internationella konvention om ansvar och ersättning för skada i samband med sjötransport av farliga och skadliga ämnen (</span><span>2010 års </span><span>HNS-konvention</span><span>). </span><span>Utskottet ställer sig också bakom regeringen</span><span>s förslag </span><span>till </span><span>lag om den internationella fonden för farliga och skadliga ämnen</span><span> och </span><span>till </span><span>ändringar i bl.a. sjölagen</span><span>.</span>\r\n\t\t\t</p>\r\n\t\t\t<p class=\"NormalIndent\">\r\n\t\t\t\t<span>Förslagen</span><span> innebär att fartygets ägare ska vara ansvarig för en skada som orsakas av vissa farliga och skadliga ämnen som transporteras till sjöss.</span><span> Fartygsägaren ska även vara </span><span>skyldig att ha en ansvarsförsäkring. Om fartygsägarens ansvar inte räcker till för att betala uppkomna skador, ska en skade</span><span>lidande ha möjlighet att få er</span><span>sättning från en internationell fond. </span><span>Fonden ska finansieras genom avgifter som betalas av dem som tar emot farliga och skadliga ämnen efter sjötransport i bulk. </span><span>Det införs också sanktioner</span><span> som gäller när</span><span> vissa skyldigheter enligt de nya reglerna</span><span> åsidosätts</span><span>.</span>\r\n\t\t\t</p>\r\n\t\t\t<p class=\"NormalIndent\">\r\n\t\t\t\t<span>Förslagen</span><span> innebär också att </span><span>Transportstyrelsen</span><span> ska ta över vissa av</span><span> Sjöfartsverket</span><span>s uppgifter</span><span>.</span>\r\n\t\t\t</p>\r\n\t\t\t<p class=\"NormalIndent\">\r\n\t\t\t\t<span>Den nya lagen</span><span> och lagändringarna med anledning av Sveriges tillträde till k</span><span>onventionen </span><span>föreslås </span><span>i huvudsak </span><span>trä</span><span>d</span><span>a </span><span>i kraft den dag som regering</span><span>en bestämmer. Bestämmelserna om up</span><span>pgiftsskyl</span><span>dighet i fråga om</span><span> mottag</span><span>ande av far</span><span>­</span><span>liga och skadliga ämnen och lagändringarna till följd av att Transport</span><span>­</span><span>styrelsen tar över</span><span> vissa uppgifter från Sjöfartsverk</span><span>et</span><span> föreslås träda</span><span> i kraft den 1</span><span> </span><span>januari 2019.</span>\r\n\t\t\t</p>\r\n\t\t\t<p class=\"R4\">\r\n\t\t\t\t<span>Behandlade förslag</span>\r\n\t\t\t</p>\r\n\t\t\t<p>\r\n\t\t\t\t<span>Proposition</span><span> 2017/18:268 Skadeståndsansvar vid sjötransport av farliga och skadliga ämnen.</span>\r\n\t\t\t</p>\r\n\t\t\t<p class=\"Innehllsfrteckning\">\r\n\t\t\t\t<a name=\"Innehållsförteckning\"></a><span class=\"tSidrubrikJA\">Innehållsförteckning</span>\r\n\t\t\t</p>\r\n\t\t\t<p class=\"TOC1\">\r\n\t\t\t\t<a style=\"color:#000000\" href=\"#_Toc529446444\"><span class=\"Hyperlink\">Utskottets förslag till riksdagsbeslut</span></a>\r\n\t\t\t</p>\r\n\t\t\t<p class=\"TOC1\">\r\n\t\t\t\t<a style=\"color:#000000\" href=\"#_Toc529446445\"><span class=\"Hyperlink\">Redogörelse för ärendet</span></a>\r\n\t\t\t</p>\r\n\t\t\t<p class=\"TOC2\">\r\n\t\t\t\t<a style=\"color:#000000\" href=\"#_Toc529446446\"><span class=\"Hyperlink\">Ärendet och dess beredning</span></a>\r\n\t\t\t</p>\r\n\t\t\t<p class=\"TOC1\">\r\n\t\t\t\t<a style=\"color:#000000\" href=\"#_Toc529446447\"><span class=\"Hyperlink\">Utskottets överväganden</span></a>\r\n\t\t\t</p>\r\n\t\t\t<p class=\"TOC2\">\r\n\t\t\t\t<a style=\"color:#000000\" href=\"#_Toc529446448\"><span class=\"Hyperlink\">Skadeståndsansvar vid sjötransport av farliga och skadliga ämnen</span></a>\r\n\t\t\t</p>\r\n\t\t\t<p class=\"TOC8\">\r\n\t\t\t\t<span class=\"Hyperlink\" style=\"font-style:italic\">Bilaga 1</span><br /><a style=\"color:#000000\" href=\"#_Toc529446449\"><span class=\"Hyperlink\">Förteckning över behandlade förslag</span></a>\r\n\t\t\t</p>\r\n\t\t\t<p class=\"TOC9\">\r\n\t\t\t\t<a style=\"color:#000000\" href=\"#_Toc529446450\"><span class=\"Hyperlink\">Propositionen</span></a>\r\n\t\t\t</p>\r\n\t\t\t<p class=\"TOC8\">\r\n\t\t\t\t<span class=\"Hyperlink\" style=\"font-style:italic\">Bilaga 2</span><br /><a style=\"color:#000000\" href=\"#_Toc529446451\"><span class=\"Hyperlink\">Regeringens lagförslag</span></a>\r\n\t\t\t</p>\r\n\t\t\t<p>\r\n\t\t\t</p>\r\n\t\t\t<p>\r\n\t\t\t\t<span> </span>\r\n\t\t\t</p>\r\n\t\t\t<p class=\"NormalIndent\">\r\n\t\t\t\t<span> </span>\r\n\t\t\t</p>\r\n\t\t\t<p class=\"Avsnittsrubrik\">\r\n\t\t\t\t<a name=\"_Toc529446444\"></a><a name=\"StopCC\"></a><span class=\"tSidrubrikJA\">Utskottets förslag till riksdagsbeslut</span><span style=\"-aw-bookmark-end:_Toc529446444\"></span>\r\n\t\t\t</p>\r\n\t\t\t<p class=\"Mellanrum\">\r\n\t\t\t\t<span> </span>\r\n\t\t\t</p>\r\n\t\t\t<p class=\"Mellanrum\">\r\n\t\t\t\t<span> </span>\r\n\t\t\t</p>\r\n\t\t\t<table cellspacing=\"0\" cellpadding=\"0\" style=\"border-collapse:collapse; margin-left:0pt; width:294.2pt\">\r\n\t\t\t\t<tr>\r\n\t\t\t\t\t<td style=\"vertical-align:top; width:22pt\">\r\n\t\t\t\t\t\t<p style=\"margin-top:3.1pt; margin-bottom:0pt; text-align:justify; page-break-inside:avoid; page-break-after:avoid; line-height:12.5pt\">\r\n\t\t\t\t\t\t\t<span style=\"font-family:'Verdana'; font-size:10.5pt; font-weight:bold\">Skadeståndsansvar vid sjötransport av farliga och skadliga ämnen</span>\r\n\t\t\t\t\t\t</p>\r\n\t\t\t\t\t</td>\r\n\t\t\t\t</tr>\r\n\t\t\t</table>\r\n\t\t\t<p class=\"Normalutanluftfre\" style=\"-aw-sdt-tag:'dokumentavsnitt/utskottets förslag till riksdagsbeslut/1229190851/1541672694823'; -aw-sdt-title:'utskottets förslag till riksdagsbeslut'\">\r\n\t\t\t\t<span>Riksdagen</span>\r\n\t\t\t</p>\r\n\t\t\t<p class=\"NormalIndent\" style=\"-aw-sdt-tag:'dokumentavsnitt/utskottets förslag till riksdagsbeslut/1229190851/1541672694823'; -aw-sdt-title:'utskottets förslag till riksdagsbeslut'\">\r\n\t\t\t\t<span>a) godkänner</span>\r\n\t\t\t</p>\r\n\t\t\t<p class=\"NormalIndent\" style=\"-aw-sdt-tag:'dokumentavsnitt/utskottets förslag till riksdagsbeslut/1229190851/1541672694823'; -aw-sdt-title:'utskottets förslag till riksdagsbeslut'\">\r\n\t\t\t\t<span>1. 2010 års protokoll till 1996 års internationella konvention om ansvar och ersättning för skada i samband med sjötransport av farliga och skadliga ämnen,</span>\r\n\t\t\t</p>\r\n\t\t\t<p class=\"NormalIndent\" style=\"-aw-sdt-tag:'dokumentavsnitt/utskottets förslag till riksdagsbeslut/1229190851/1541672694823'; -aw-sdt-title:'utskottets förslag till riksdagsbeslut'\">\r\n\t\t\t\t<span>2. att Sverige vid tillträdet till protokollet lämnar en förklaring om att tillämpningen inte ska omfatta fartyg med en dräktighet om högst 200 som i inrikes trafik transporterar farliga och skadliga ämnen i förpackad form,</span>\r\n\t\t\t</p>\r\n\t\t\t<p class=\"NormalIndent\" style=\"-aw-sdt-tag:'dokumentavsnitt/utskottets förslag till riksdagsbeslut/1229190851/1541672694823'; -aw-sdt-title:'utskottets förslag till riksdagsbeslut'\">\r\n\t\t\t\t<span>3. att Sverige vid tillträdet till protokollet, i förhållande till 1976 års konvention om begränsning av sjörättsligt skadeståndsansvar i dess lydelse enligt 1996 års ändringsprotokoll, förbehåller sig rätten att undanta fordringar med anledning av skador som avses i 2010 års internationella konvention om ansvar och ersättning för skada i samband med sjötransport av farliga och skadliga ämnen,</span>\r\n\t\t\t</p>\r\n\t\t\t<p class=\"NormalIndent\" style=\"-aw-sdt-tag:'dokumentavsnitt/utskottets förslag till riksdagsbeslut/1229190851/1541672694823'; -aw-sdt-title:'utskottets förslag till riksdagsbeslut'\">\r\n\t\t\t\t<span>b) antar regeringens förslag till</span>\r\n\t\t\t</p>\r\n\t\t\t<p class=\"NormalIndent\" style=\"-aw-sdt-tag:'dokumentavsnitt/utskottets förslag till riksdagsbeslut/1229190851/1541672694823'; -aw-sdt-title:'utskottets förslag till riksdagsbeslut'\">\r\n\t\t\t\t<span>1. lag om den internationella fonden för farliga och skadliga ämnen,</span>\r\n\t\t\t</p>\r\n\t\t\t<p class=\"NormalIndent\" style=\"-aw-sdt-tag:'dokumentavsnitt/utskottets förslag till riksdagsbeslut/1229190851/1541672694823'; -aw-sdt-title:'utskottets förslag till riksdagsbeslut'\">\r\n\t\t\t\t<span>2. lag om ändring i miljöbalken,</span>\r\n\t\t\t</p>\r\n\t\t\t<p class=\"NormalIndent\" style=\"-aw-sdt-tag:'dokumentavsnitt/utskottets förslag till riksdagsbeslut/1229190851/1541672694823'; -aw-sdt-title:'utskottets förslag till riksdagsbeslut'\">\r\n\t\t\t\t<span>3.</span><span> </span><span>lag om ändring i lagen (1975:1083) om uppgiftsskyldighet rörande mottagande av olja,</span>\r\n\t\t\t</p>\r\n\t\t\t<p class=\"NormalIndent\" style=\"-aw-sdt-tag:'dokumentavsnitt/utskottets förslag till riksdagsbeslut/1229190851/1541672694823'; -aw-sdt-title:'utskottets förslag till riksdagsbeslut'\">\r\n\t\t\t\t<span>4. lag om ändring i lagen (1976:661) om immunitet och privilegier i vissa fall,</span>\r\n\t\t\t</p>\r\n\t\t\t<p class=\"NormalIndent\" style=\"-aw-sdt-tag:'dokumentavsnitt/utskottets förslag till riksdagsbeslut/1229190851/1541672694823'; -aw-sdt-title:'utskottets förslag till riksdagsbeslut'\">\r\n\t\t\t\t<span>5. lag om ändring i lagen (1980:424) om åtgärder mot förorening från fartyg,</span>\r\n\t\t\t</p>\r\n\t\t\t<p class=\"NormalIndent\" style=\"-aw-sdt-tag:'dokumentavsnitt/utskottets förslag till riksdagsbeslut/1229190851/1541672694823'; -aw-sdt-title:'utskottets förslag till riksdagsbeslut'\">\r\n\t\t\t\t<span>6. lag om ändring i sjölagen (1994:1009),</span>\r\n\t\t\t</p>\r\n\t\t\t<p class=\"NormalIndent\" style=\"-aw-sdt-tag:'dokumentavsnitt/utskottets förslag till riksdagsbeslut/1229190851/1541672694823'; -aw-sdt-title:'utskottets förslag till riksdagsbeslut'\">\r\n\t\t\t\t<span>7. lag om ändring i lagen (2010:976) om ändring i sjölagen (1994:1009),</span>\r\n\t\t\t</p>\r\n\t\t\t<p class=\"NormalIndent\" style=\"-aw-sdt-tag:'dokumentavsnitt/utskottets förslag till riksdagsbeslut/1229190851/1541672694823'; -aw-sdt-title:'utskottets förslag till riksdagsbeslut'\">\r\n\t\t\t\t<span>8. lag om ändring i lagen (2013:325) om ändring i lagen (2010:968) om ändring i miljöbalken,</span>\r\n\t\t\t</p>\r\n\t\t\t<p class=\"NormalIndent\" style=\"-aw-sdt-tag:'dokumentavsnitt/utskottets förslag till riksdagsbeslut/1229190851/1541672694823'; -aw-sdt-title:'utskottets förslag till riksdagsbeslut'\">\r\n\t\t\t\t<span>9. lag om ändring i lagen (2017:723) om ändring i sjölagen (1994:1009).</span>\r\n\t\t\t</p>\r\n\t\t\t<p class=\"NormalIndent\" style=\"text-indent:11.3pt; -aw-sdt-tag:'dokumentavsnitt/utskottets förslag till riksdagsbeslut/1229190851/1541672694823'; -aw-sdt-title:'utskottets förslag till riksdagsbeslut'\">\r\n\t\t\t\t<span>Därmed bifaller riksdagen proposition 2017/18:268 punkterna 1–12.</span>\r\n\t\t\t</p>\r\n\t\t\t<p class=\"Mellanrum\" style=\"-aw-sdt-tag:'dokumentavsnitt/utskottets förslag till riksdagsbeslut/1229190851/1541672694823'; -aw-sdt-title:'utskottets förslag till riksdagsbeslut'\">\r\n\t\t\t\t<span> </span>\r\n\t\t\t</p>\r\n\t\t\t<p class=\"OrtochDatum\" style=\"-aw-sdt-tag:'dokumentavsnitt/utskottets förslag till riksdagsbeslut/1229190851/1541672694823'; -aw-sdt-title:'utskottets förslag till riksdagsbeslut'\">\r\n\t\t\t\t<span>Stockholm den 6 november 2018</span>\r\n\t\t\t</p>\r\n\t\t\t<p class=\"PVgnar\" style=\"-aw-sdt-tag:'dokumentavsnitt/utskottets förslag till riksdagsbeslut/1229190851/1541672694823'; -aw-sdt-title:'utskottets förslag till riksdagsbeslut'\">\r\n\t\t\t\t<span>På civilutskottets vägnar</span>\r\n\t\t\t</p>\r\n\t\t\t<p class=\"Ordfranden\" style=\"-aw-sdt-tag:'dokumentavsnitt/utskottets förslag till riksdagsbeslut/1229190851/1541672694823'; -aw-sdt-title:'utskottets förslag till riksdagsbeslut'\">\r\n\t\t\t\t<span>Emma Hult</span>\r\n\t\t\t</p>\r\n\t\t\t<p class=\"Deltagare\" style=\"-aw-sdt-tag:'dokumentavsnitt/utskottets förslag till riksdagsbeslut/1229190851/1541672694823'; -aw-sdt-title:'utskottets förslag till riksdagsbeslut'\">\r\n\t\t\t\t<span>Följande ledamöter har deltagit i beslutet: Emma Hult (MP), Larry Söder (KD), Johan Löfstrand (S), Mats Green (M), Elin Lundgren (S), Cecilie Tenfjord Toftby (M), Mikael Eskilandersson (SD), Leif Nysmed (S), Ola Johansson (C), Momodou Malcolm Jallow (V), Jörgen Warborn (M), Roger Hedlund (SD), Sanne Lennström (S), Joakim Järrebring (S), Robert Hannah (L), Angelica Lundberg (SD) och Lars Beckman (M).</span>\r\n\t\t\t</p>\r\n\t\t\t<p class=\"Mellanrum\" style=\"-aw-sdt-tag:'dokumentavsnitt/utskottets förslag till riksdagsbeslut/1229190851/1541672694823'; -aw-sdt-title:'utskottets förslag till riksdagsbeslut'\">\r\n\t\t\t\t<span> </span>\r\n\t\t\t</p>\r\n\t\t\t<p class=\"Mellanrum\" style=\"-aw-sdt-tag:'dokumentavsnitt/utskottets förslag till riksdagsbeslut/1229190851/1541672694823'; -aw-sdt-title:'utskottets förslag till riksdagsbeslut'\">\r\n\t\t\t\t<span> </span>\r\n\t\t\t</p>\r\n\t\t\t<p class=\"Mellanrum\" style=\"-aw-sdt-tag:'dokumentavsnitt/utskottets förslag till riksdagsbeslut/1229190851/1541672694823'; -aw-sdt-title:'utskottets förslag till riksdagsbeslut'\">\r\n\t\t\t\t<span style=\"font-size:9.5pt\"> </span>\r\n\t\t\t</p>\r\n\t\t\t<p>\r\n\t\t\t\t<span> </span>\r\n\t\t\t</p>\r\n\t\t\t<p class=\"Avsnittsrubrik\">\r\n\t\t\t\t<a name=\"_Toc529446445\"></a><a name=\"SlutUtskottsForslag\"></a><span class=\"tSidrubrikJA\">Redogörelse för ärendet</span><span style=\"-aw-bookmark-end:_Toc529446445\"></span>\r\n\t\t\t</p>\r\n\t\t\t<h2>\r\n\t\t\t\t<a name=\"_Toc529446446\"><span>Ärendet och dess beredning</span></a>\r\n\t\t\t</h2>\r\n\t\t\t<p>\r\n\t\t\t\t<span>I betänkandet behandlar utskottet proposition 2017/18:268 Skadeståndsansvar vid sjötransport av farliga och skadliga ämnen.</span>\r\n\t\t\t</p>\r\n\t\t\t<p class=\"NormalIndent\">\r\n\t\t\t\t<span>Den </span><span>internationella konventionen om ansvar och ersättning för skada i samband med sjötransport av farliga och skadliga ämnen (HNS-konventionen) antogs av Internationella sjöfartsorganisationen (International</span><span> </span><span>Maritime</span><span> </span><span>Organization</span><span>, IMO) </span><span>1996. Konventionen </span><span>trädde inte i kraft</span><span> eftersom inte tillräckligt många länder anslöt sig till den. År 2010 antogs ett tilläggsprotokoll till ko</span><span>nventionen</span><span> med vissa ändringar. Efter ändringarna benämns konven</span><span>­</span><span>tionen 2010 års HNS-konvention.</span><span> Ett tillträde till protokollet innebär ett tillträde till 2010 års HNS-konvention.</span>\r\n\t\t\t</p>\r\n\t\t\t<p class=\"NormalIndent\">\r\n\t\t\t\t<span>HNS-utredningen </span><span>har i betänkandet Skadeståndsansvar vid sjötransport av farligt gods (SOU 2006:92) föreslagit att Sverige ska ansluta sig till 1996 års HNS-konvention.</span><span> Vidare har en utredare i </span><span>promemorian Skadeståndsansvar för miljöfarliga sjötransporter (Ds 2012:14)</span><span> lämnat</span><span> ett underlag för bed</span><span>ömningen av om Sverige ska till</span><span>träda 2010 års HNS-konvention och </span><span>föreslagit</span><span> de författningsändringar som behövs eller som annars bedöms lämpliga i samband med ett tillträde.</span><span> </span><span>Promemorian har remissbehandlats.</span>\r\n\t\t\t</p>\r\n\t\t\t<p class=\"NormalIndent\">\r\n\t\t\t\t<span>I propositione</span><span>n behandlas också en begäran</span><span> från Transportstyrelsen med förslag till ändringar i sjölagen (1994:1009).</span><span> </span><span>Begäran</span><span> har remissbehand</span><span>­</span><span>lats.</span>\r\n\t\t\t</p>\r\n\t\t\t<p class=\"NormalIndent\">\r\n\t\t\t\t<span>Lagrådet </span><span>har yttrat sig över regeringens lagförslag. </span>\r\n\t\t\t</p>\r\n\t\t\t<p class=\"NormalIndent\">\r\n\t\t\t\t<span>Regeringens förslag till riksdagsbeslut finns i bilaga 1 och lagförslagen i bilaga 2. </span>\r\n\t\t\t</p>\r\n\t\t\t<p class=\"NormalIndent\">\r\n\t\t\t\t<span>Ingen motion har väckts med anledning av propositionen.</span>\r\n\t\t\t</p>\r\n\t\t\t<p class=\"Avsnittsrubrik\">\r\n\t\t\t\t<a name=\"_Toc529446447\"><span class=\"tSidrubrikJA\">Utskottets överväganden</span></a>\r\n\t\t\t</p>\r\n\t\t\t<h2 style=\"-aw-sdt-tag:3e92b464-89c2-41a0-b6cb-afe62d42b83c/förslagsrutor/-1711359970/1540799139742; -aw-sdt-title:förslagsrutor\">\r\n\t\t\t\t<a name=\"_Toc529446448\"><span>Skadeståndsansvar vid sjötransport av farliga och skadliga ämnen</span></a>\r\n\t\t\t</h2>\r\n\t\t\t<div style=\"border-bottom-color:#000000; border-bottom-style:solid; border-bottom-width:0.75pt; border-left-color:#000000; border-left-style:solid; border-left-width:0.75pt; border-right-color:#000000; border-right-style:solid; border-right-width:0.75pt; border-top-color:#000000; border-top-style:solid; border-top-width:0.75pt; clear:both; margin:3.1pt 0.9pt 0pt\">\r\n\t\t\t\t<p class=\"Normalrutafet\" style=\"margin:0pt; padding-right:4pt; padding-left:4pt\">\r\n\t\t\t\t\t<span style=\"-aw-bookmark-end:_Toc529446448\"></span><span>Utskottets förslag i korthet</span>\r\n\t\t\t\t</p>\r\n\t\t\t\t<p class=\"Normalruta\" style=\"margin:0pt; padding-right:4pt; padding-left:4pt; padding-bottom:4pt\">\r\n\t\t\t\t\t<span>Riksdagen </span><span>godkänner</span><span> </span><span>2010 års protokoll till 1996 års internationella konvention om ansvar och ersättning för skada i samband med sjötransport av farliga och skadliga ämnen</span><span> (</span><span>2010 års HNS-konvention</span><span>)</span><span> och att Sverige vid tillträde</span><span> </span><span>till protokollet </span><span>lämnar </span><span>den </span><span>för</span><span>eslagna</span><span> för</span><span>klaring</span><span>en</span><span> och </span><span>gör </span><span>det föreslagna</span><span> förbehåll</span><span>et</span><span> (avsnitt 6</span><span>–8</span><span> i prop. 2017/18:268). Riksdagen</span><span> antar</span><span> vidare</span><span> regeringens lagförslag.</span>\r\n\t\t\t\t</p>\r\n\t\t\t</div>\r\n\t\t\t<p class=\"Mellanrum\">\r\n\t\t\t\t<span> </span>\r\n\t\t\t</p>\r\n\t\t\t<p class=\"R3\" style=\"margin-bottom:0pt\">\r\n\t\t\t\t<span>Propositionen</span>\r\n\t\t\t</p>\r\n\t\t\t<p class=\"R4\" style=\"margin-top:6pt\">\r\n\t\t\t\t<span>Sveriges tillträde till HNS-konventionen</span>\r\n\t\t\t</p>\r\n\t\t\t<p>\r\n\t\t\t\t<span>I propositionen föreslår regeringen att riksdagen godkänner</span><span> </span><span>2010 års HNS-konvention</span><span>. </span>\r\n\t\t\t</p>\r\n\t\t\t<p class=\"NormalIndent\">\r\n\t\t\t\t<span>Regeringen föreslår också att riksdagen godkänner att Sverige vid tillträde</span><span>t</span><span> lämnar </span><span>en förklaring om att tillämpningen </span><span>inte</span><span> ska</span><span> omfatta fartyg med en dräktighet om högst 200 som i inrikes trafik transporterar farliga och skadliga ämnen i förpackad form</span><span>.</span>\r\n\t\t\t</p>\r\n\t\t\t<p class=\"NormalIndent\">\r\n\t\t\t\t<span>Vidare föreslår regeringen att Sverige vid tillträde</span><span>t</span><span> till protokollet</span><span>,</span><span> </span><span>i</span><span> förhåll</span><span>­</span><span>ande till 1976 års konvention om begränsning av sjörättsligt skadestånds</span><span>­</span><span>ansvar i dess lydelse enligt 1996 års ändringsprotokoll</span><span>,</span><span> förbehåller sig rätten att undanta fordringar med anledning av skador som avses i 2010 års</span><span> HNS-konvention</span><span>.</span>\r\n\t\t\t</p>\r\n\t\t\t<p class=\"R4\">\r\n\t\t\t\t<span>Lagstiftning</span>\r\n\t\t\t</p>\r\n\t\t\t<p>\r\n\t\t\t\t<span>I propositionen lämnar regeringen lagförslag som föranleds av Sveriges tillträde till 2010 års HNS-konvention. Det föreslås</span><span> en ny lag om den internationella fonden för farliga och skadliga ämnen och </span><span>att det ska införas ett nytt 11 kap. i sjölagen (1994:1009), men också andra </span><span>ändringar i sjölagen och </span><span>i vissa andra</span><span> lagar</span><span>.</span>\r\n\t\t\t</p>\r\n\t\t\t<p class=\"NormalIndent\">\r\n\t\t\t\t<span>Förslagen innebär i huvudsak följande.</span><span> </span><span>F</span><span>artygets ägare ska vara ansvarig för en skada som orsakas av vissa farliga och skadliga ämnen som transporteras till sjöss. Ägaren till ett fartyg som transporterar sådana ämnen ska även vara skyldig att ha en ansvarsförsäkring</span><span> eller en annan betryggande säkerhet, vilket</span><span> ska kun</span><span>na styrkas genom ett certifikat</span><span> som ska medföras ombord på fartyget. Om fartygsägarens ansvar inte räcker till för att betala uppkomna skador, ska en skade</span><span>lidande ha möjlighet att få er</span><span>sättning från en internationell fond. </span><span>Fonden ska finansieras genom av</span><span>gifter som betalas av dem som tar emot farliga och skadliga ämnen efter sjötransport i bulk. Mottagarna ska vara skyldiga att lämna uppgift om den mängd ämnen de tagit emot. </span><span>Genom </span><span>förslagen</span><span> införs även</span><span> sanktioner</span><span> </span><span>mot den som åsidosätter uppgiftsskyldigheten, försäkringsskyldigheten eller skyl</span><span>digheten att medföra certifikat.</span>\r\n\t\t\t</p>\r\n\t\t\t<p class=\"NormalIndent\">\r\n\t\t\t\t<span>I propositionen föreslår </span><span>regeringen också </span><span>ändringar i sjölagen</span><span> som inte är föranledda av Sveriges tillträde till 2010 års HNS-konvention</span><span>. </span><span>Uppgiften att pröva en ansökan om medgivande till att ett fartyg ska anses</span><span> som svenskt och vara berättigat</span><span> att föra svensk flagg ska anförtros Transportstyrelsen i </span><span>stället för Sjöfartsverket. Det</span><span>samma ska gälla uppgiften att upprätta förteckningar över be</span><span>siktnings</span><span>män och särskilda ledamöter vid sammanträden för sjöförklaring och i dispaschmål.</span>\r\n\t\t\t</p>\r\n\t\t\t<p class=\"NormalIndent\">\r\n\t\t\t\t<span>Den nya lagen om den internationella fonden för farliga och skadliga ämnen och lagändringarna med anledning av Sveriges tillträde till HNS-konventionen föreslås</span><span> i huvudsak</span><span> träda i kraft den dag som regeringen bestämmer. Bestäm</span><span>­</span><span>melserna om uppgiftsskyldighe</span><span>t i fråga om</span><span> mottagande av far</span><span>­</span><span>liga och skadliga ämnen och lagändringarna till följd</span><span> av att Transport</span><span>­</span><span>styrelsen </span><span>tar</span><span> över</span><span> vissa uppgifter från Sjöfartsverket föreslås träda i kraft den 1</span><span> </span><span>januari 2019.</span>\r\n\t\t\t</p>\r\n\t\t\t<p class=\"R3\">\r\n\t\t\t\t<span>Utskottets ställningstagande</span>\r\n\t\t\t</p>\r\n\t\t\t<p>\r\n\t\t\t\t<span>Det har inte </span><span>väckts någon motion med anledning av propositionen. Utskottet anser att riksdagen av de skäl som anförs i propositionen bör bifalla regeringens förslag om godkännande och anta regeringens lagförslag.</span>\r\n\t\t\t</p>\r\n\t\t\t<p>\r\n\t\t\t\t<span> </span>\r\n\t\t\t</p>\r\n\t\t\t<p class=\"Bilaga\">\r\n\t\t\t\t<span class=\"tBilagaJA\">Bilaga 1</span>\r\n\t\t\t</p>\r\n\t\t\t<p class=\"Bilagerubrik\">\r\n\t\t\t\t<a name=\"_Toc529446449\"><span class=\"tSidrubrikJA\">Förteckning över behandlade förslag</span></a>\r\n\t\t\t</p>\r\n\t\t\t<p class=\"Rubrik2bilaga\" style=\"-aw-sdt-tag:'dokumentavsnitt/förteckning över behandlade förslag/-1853559271/1536579467870'; -aw-sdt-title:'förteckning över behandlade förslag'\">\r\n\t\t\t\t<a name=\"_Toc529446450\"><span>Propositionen</span></a><span> </span>\r\n\t\t\t</p>\r\n\t\t\t<h4 style=\"-aw-sdt-tag:'dokumentavsnitt/förteckning över behandlade förslag/-1853559271/1536579467870'; -aw-sdt-title:'förteckning över behandlade förslag'\">\r\n\t\t\t\t<span>Proposition 2017/18:268 Skadeståndsansvar vid sjötransport av farliga och skadliga ämnen:</span>\r\n\t\t\t</h4>\r\n\t\t\t<p class=\"Yrkandelista\" style=\"margin-bottom:0pt; -aw-sdt-tag:'dokumentavsnitt/förteckning över behandlade förslag/-1853559271/1536579467870'; -aw-sdt-title:'förteckning över behandlade förslag'\">\r\n\t\t\t\t<span>1.</span><span style=\"width:21.22pt; text-indent:0pt; display:inline-block\"></span><span>Riksdagen godkänner 2010 års protokoll till 1996 års internationella konvention om ansvar och ersättning för skada i samband med sjötransport av farliga och skadliga ämnen (avsnitt 6).</span>\r\n\t\t\t</p>\r\n\t\t\t<p class=\"Yrkandelista\" style=\"margin-top:0pt; margin-bottom:0pt; -aw-sdt-tag:'dokumentavsnitt/förteckning över behandlade förslag/-1853559271/1536579467870'; -aw-sdt-title:'förteckning över behandlade förslag'\">\r\n\t\t\t\t<span>2.</span><span style=\"width:21.22pt; text-indent:0pt; display:inline-block\"></span><span>Riksdagen godkänner att Sverige vid tillträdet till protokollet lämnar en förklaring om att tillämpningen inte ska omfatta fartyg med en dräktighet om högst 200 som i inrikes trafik transporterar farliga och skadliga ämnen i förpackad form (avsnitt 6 och 7).</span>\r\n\t\t\t</p>\r\n\t\t\t<p class=\"Yrkandelista\" style=\"margin-top:0pt; margin-bottom:0pt; -aw-sdt-tag:'dokumentavsnitt/förteckning över behandlade förslag/-1853559271/1536579467870'; -aw-sdt-title:'förteckning över behandlade förslag'\">\r\n\t\t\t\t<span>3.</span><span style=\"width:21.22pt; text-indent:0pt; display:inline-block\"></span><span>Riksdagen godkänner att Sverige vid tillträdet till protokollet, i förhållande till 1976 års konvention om begränsning av sjörättsligt skadeståndsansvar i dess lydelse enligt 1996 års ändringsprotokoll, förbehåller sig rätten att undanta fordringar med anledning av skador som avses i 2010 års internationella konvention om ansvar och ersättning för skada i samband med sjötransport av farliga och skadliga ämnen (avsnitt 6 och 8).</span>\r\n\t\t\t</p>\r\n\t\t\t<p class=\"Yrkandelista\" style=\"margin-top:0pt; margin-bottom:0pt; -aw-sdt-tag:'dokumentavsnitt/förteckning över behandlade förslag/-1853559271/1536579467870'; -aw-sdt-title:'förteckning över behandlade förslag'\">\r\n\t\t\t\t<span>4.</span><span style=\"width:21.22pt; text-indent:0pt; display:inline-block\"></span><span>Riksdagen antar regeringens förslag till lag om ändring i sjölagen (1994:1009).</span>\r\n\t\t\t</p>\r\n\t\t\t<p class=\"Yrkandelista\" style=\"margin-top:0pt; margin-bottom:0pt; -aw-sdt-tag:'dokumentavsnitt/förteckning över behandlade förslag/-1853559271/1536579467870'; -aw-sdt-title:'förteckning över behandlade förslag'\">\r\n\t\t\t\t<span>5.</span><span style=\"width:21.22pt; text-indent:0pt; display:inline-block\"></span><span>Riksdagen antar regeringens förslag till lag om ändring i lagen (2010:976) om ändring i sjölagen (1994:1009).</span>\r\n\t\t\t</p>\r\n\t\t\t<p class=\"Yrkandelista\" style=\"margin-top:0pt; margin-bottom:0pt; -aw-sdt-tag:'dokumentavsnitt/förteckning över behandlade förslag/-1853559271/1536579467870'; -aw-sdt-title:'förteckning över behandlade förslag'\">\r\n\t\t\t\t<span>6.</span><span style=\"width:21.22pt; text-indent:0pt; display:inline-block\"></span><span>Riksdagen antar regeringens förslag till lag om ändring i lagen (2017:723) om ändring i sjölagen (1994:1009).</span>\r\n\t\t\t</p>\r\n\t\t\t<p class=\"Yrkandelista\" style=\"margin-top:0pt; margin-bottom:0pt; -aw-sdt-tag:'dokumentavsnitt/förteckning över behandlade förslag/-1853559271/1536579467870'; -aw-sdt-title:'förteckning över behandlade förslag'\">\r\n\t\t\t\t<span>7.</span><span style=\"width:21.22pt; text-indent:0pt; display:inline-block\"></span><span>Riksdagen antar regeringens förslag till lag om den internationella fonden för farliga och skadliga ämnen.</span>\r\n\t\t\t</p>\r\n\t\t\t<p class=\"Yrkandelista\" style=\"margin-top:0pt; margin-bottom:0pt; -aw-sdt-tag:'dokumentavsnitt/förteckning över behandlade förslag/-1853559271/1536579467870'; -aw-sdt-title:'förteckning över behandlade förslag'\">\r\n\t\t\t\t<span>8.</span><span style=\"width:21.22pt; text-indent:0pt; display:inline-block\"></span><span>Riksdagen antar regeringens förslag till lag om ändring i lagen (1975:1083) om uppgiftsskyldighet rörande mottagande av olja.</span>\r\n\t\t\t</p>\r\n\t\t\t<p class=\"Yrkandelista\" style=\"margin-top:0pt; margin-bottom:0pt; -aw-sdt-tag:'dokumentavsnitt/förteckning över behandlade förslag/-1853559271/1536579467870'; -aw-sdt-title:'förteckning över behandlade förslag'\">\r\n\t\t\t\t<span>9.</span><span style=\"width:21.22pt; text-indent:0pt; display:inline-block\"></span><span>Riksdagen antar regeringens förslag till lag om ändring i lagen (1976:661) om immunitet och privilegier i vissa fall.</span>\r\n\t\t\t</p>\r\n\t\t\t<p class=\"Yrkandelista\" style=\"margin-top:0pt; margin-bottom:0pt; -aw-sdt-tag:'dokumentavsnitt/förteckning över behandlade förslag/-1853559271/1536579467870'; -aw-sdt-title:'förteckning över behandlade förslag'\">\r\n\t\t\t\t<span>10.</span><span style=\"width:16.48pt; text-indent:0pt; display:inline-block\"></span><span>Riksdagen antar regeringens förslag till lag om ändring i lagen (1980:424) om åtgärder mot förorening från fartyg.</span>\r\n\t\t\t</p>\r\n\t\t\t<p class=\"Yrkandelista\" style=\"margin-top:0pt; margin-bottom:0pt; -aw-sdt-tag:'dokumentavsnitt/förteckning över behandlade förslag/-1853559271/1536579467870'; -aw-sdt-title:'förteckning över behandlade förslag'\">\r\n\t\t\t\t<span>11.</span><span style=\"width:16.48pt; text-indent:0pt; display:inline-block\"></span><span>Riksdagen antar regeringens förslag till lag om ändring i miljöbalken.</span>\r\n\t\t\t</p>\r\n\t\t\t<p class=\"Yrkandelista\" style=\"margin-top:0pt; -aw-sdt-tag:'dokumentavsnitt/förteckning över behandlade förslag/-1853559271/1536579467870'; -aw-sdt-title:'förteckning över behandlade förslag'\">\r\n\t\t\t\t<span>12.</span><span style=\"width:16.48pt; text-indent:0pt; display:inline-block\"></span><span>Riksdagen antar regeringens förslag till lag om ändring i lagen (2010:968) om ändring i miljöbalken.</span>\r\n\t\t\t</p>\r\n\t\t\t<p class=\"Mellanrum\">\r\n\t\t\t\t<span> </span>\r\n\t\t\t</p>\r\n\t\t\t<p class=\"Mellanrum\" style=\"-aw-sdt-tag:'dokumentavsnitt/förteckning över behandlade förslag/-1853559271/1536579467870'; -aw-sdt-title:'förteckning över behandlade förslag'\">\r\n\t\t\t\t<span> </span>\r\n\t\t\t</p>\r\n\t\t\t<p>\r\n\t\t\t\t<span> </span>\r\n\t\t\t</p>\r\n\t\t\t<p class=\"Bilaga\">\r\n\t\t\t\t<span class=\"tBilagaJA\">Bilaga 2</span>\r\n\t\t\t</p>\r\n\t\t\t<p class=\"Bilagerubrik\">\r\n\t\t\t\t<a name=\"_Toc529446451\"><span class=\"tSidrubrikJA\">Regeringens lagförslag</span></a>\r\n\t\t\t</p>\r\n\t\t\t<p>\r\n\t\t\t\t<img src=\"http://data.riksdagen.se/fil/h601cu3/Dokument.001.png\" width=\"394\" height=\"638\" alt=\"\" style=\"-aw-left-pos:0pt; -aw-rel-hpos:column; -aw-rel-vpos:paragraph; -aw-top-pos:0pt; -aw-wrap-type:inline\" />\r\n\t\t\t</p>\r\n\t\t\t<p style=\"page-break-before:always\">\r\n\t\t\t\t<img src=\"http://data.riksdagen.se/fil/h601cu3/Dokument.002.png\" width=\"384\" height=\"756\" alt=\"\" style=\"-aw-left-pos:0pt; -aw-rel-hpos:column; -aw-rel-vpos:paragraph; -aw-top-pos:0pt; -aw-wrap-type:inline\" />\r\n\t\t\t</p>\r\n\t\t\t<p style=\"page-break-before:always\">\r\n\t\t\t\t<img src=\"http://data.riksdagen.se/fil/h601cu3/Dokument.003.png\" width=\"384\" height=\"756\" alt=\"\" style=\"-aw-left-pos:0pt; -aw-rel-hpos:column; -aw-rel-vpos:paragraph; -aw-top-pos:0pt; -aw-wrap-type:inline\" />\r\n\t\t\t</p>\r\n\t\t\t<p style=\"page-break-before:always\">\r\n\t\t\t\t<img src=\"http://data.riksdagen.se/fil/h601cu3/Dokument.004.png\" width=\"384\" height=\"756\" alt=\"\" style=\"-aw-left-pos:0pt; -aw-rel-hpos:column; -aw-rel-vpos:paragraph; -aw-top-pos:0pt; -aw-wrap-type:inline\" />\r\n\t\t\t</p>\r\n\t\t\t<p style=\"page-break-before:always\">\r\n\t\t\t\t<img src=\"http://data.riksdagen.se/fil/h601cu3/Dokument.005.png\" width=\"384\" height=\"756\" alt=\"\" style=\"-aw-left-pos:0pt; -aw-rel-hpos:column; -aw-rel-vpos:paragraph; -aw-top-pos:0pt; -aw-wrap-type:inline\" />\r\n\t\t\t</p>\r\n\t\t\t<p style=\"page-break-before:always\">\r\n\t\t\t\t<img src=\"http://data.riksdagen.se/fil/h601cu3/Dokument.006.png\" width=\"384\" height=\"756\" alt=\"\" style=\"-aw-left-pos:0pt; -aw-rel-hpos:column; -aw-rel-vpos:paragraph; -aw-top-pos:0pt; -aw-wrap-type:inline\" />\r\n\t\t\t</p>\r\n\t\t\t<p style=\"page-break-before:always\">\r\n\t\t\t\t<img src=\"http://data.riksdagen.se/fil/h601cu3/Dokument.007.png\" width=\"384\" height=\"756\" alt=\"\" style=\"-aw-left-pos:0pt; -aw-rel-hpos:column; -aw-rel-vpos:paragraph; -aw-top-pos:0pt; -aw-wrap-type:inline\" />\r\n\t\t\t</p>\r\n\t\t\t<p style=\"page-break-before:always\">\r\n\t\t\t\t<img src=\"http://data.riksdagen.se/fil/h601cu3/Dokument.008.png\" width=\"384\" height=\"756\" alt=\"\" style=\"-aw-left-pos:0pt; -aw-rel-hpos:column; -aw-rel-vpos:paragraph; -aw-top-pos:0pt; -aw-wrap-type:inline\" />\r\n\t\t\t</p>\r\n\t\t\t<p style=\"page-break-before:always\">\r\n\t\t\t\t<img src=\"http://data.riksdagen.se/fil/h601cu3/Dokument.009.png\" width=\"384\" height=\"756\" alt=\"\" style=\"-aw-left-pos:0pt; -aw-rel-hpos:column; -aw-rel-vpos:paragraph; -aw-top-pos:0pt; -aw-wrap-type:inline\" />\r\n\t\t\t</p>\r\n\t\t\t<p style=\"page-break-before:always\">\r\n\t\t\t\t<img src=\"http://data.riksdagen.se/fil/h601cu3/Dokument.010.png\" width=\"384\" height=\"756\" alt=\"\" style=\"-aw-left-pos:0pt; -aw-rel-hpos:column; -aw-rel-vpos:paragraph; -aw-top-pos:0pt; -aw-wrap-type:inline\" />\r\n\t\t\t</p>\r\n\t\t\t<p style=\"page-break-before:always\">\r\n\t\t\t\t<img src=\"http://data.riksdagen.se/fil/h601cu3/Dokument.011.png\" width=\"384\" height=\"756\" alt=\"\" style=\"-aw-left-pos:0pt; -aw-rel-hpos:column; -aw-rel-vpos:paragraph; -aw-top-pos:0pt; -aw-wrap-type:inline\" />\r\n\t\t\t</p>\r\n\t\t\t<p style=\"page-break-before:always\">\r\n\t\t\t\t<img src=\"http://data.riksdagen.se/fil/h601cu3/Dokument.012.png\" width=\"384\" height=\"756\" alt=\"\" style=\"-aw-left-pos:0pt; -aw-rel-hpos:column; -aw-rel-vpos:paragraph; -aw-top-pos:0pt; -aw-wrap-type:inline\" />\r\n\t\t\t</p>\r\n\t\t\t<p style=\"page-break-before:always\">\r\n\t\t\t\t<img src=\"http://data.riksdagen.se/fil/h601cu3/Dokument.013.png\" width=\"384\" height=\"756\" alt=\"\" style=\"-aw-left-pos:0pt; -aw-rel-hpos:column; -aw-rel-vpos:paragraph; -aw-top-pos:0pt; -aw-wrap-type:inline\" />\r\n\t\t\t</p>\r\n\t\t\t<p style=\"page-break-before:always\">\r\n\t\t\t\t<img src=\"http://data.riksdagen.se/fil/h601cu3/Dokument.014.png\" width=\"384\" height=\"756\" alt=\"\" style=\"-aw-left-pos:0pt; -aw-rel-hpos:column; -aw-rel-vpos:paragraph; -aw-top-pos:0pt; -aw-wrap-type:inline\" />\r\n\t\t\t</p>\r\n\t\t\t<p style=\"page-break-before:always\">\r\n\t\t\t\t<img src=\"http://data.riksdagen.se/fil/h601cu3/Dokument.015.png\" width=\"384\" height=\"756\" alt=\"\" style=\"-aw-left-pos:0pt; -aw-rel-hpos:column; -aw-rel-vpos:paragraph; -aw-top-pos:0pt; -aw-wrap-type:inline\" />\r\n\t\t\t</p>\r\n\t\t\t<p style=\"page-break-before:always\">\r\n\t\t\t\t<img src=\"http://data.riksdagen.se/fil/h601cu3/Dokument.016.png\" width=\"384\" height=\"756\" alt=\"\" style=\"-aw-left-pos:0pt; -aw-rel-hpos:column; -aw-rel-vpos:paragraph; -aw-top-pos:0pt; -aw-wrap-type:inline\" />\r\n\t\t\t</p>\r\n\t\t\t<p style=\"page-break-before:always\">\r\n\t\t\t\t<img src=\"http://data.riksdagen.se/fil/h601cu3/Dokument.017.png\" width=\"384\" height=\"756\" alt=\"\" style=\"-aw-left-pos:0pt; -aw-rel-hpos:column; -aw-rel-vpos:paragraph; -aw-top-pos:0pt; -aw-wrap-type:inline\" />\r\n\t\t\t</p>\r\n\t\t\t<p style=\"page-break-before:always\">\r\n\t\t\t\t<img src=\"http://data.riksdagen.se/fil/h601cu3/Dokument.018.png\" width=\"384\" height=\"756\" alt=\"\" style=\"-aw-left-pos:0pt; -aw-rel-hpos:column; -aw-rel-vpos:paragraph; -aw-top-pos:0pt; -aw-wrap-type:inline\" />\r\n\t\t\t</p>\r\n\t\t\t<p style=\"page-break-before:always\">\r\n\t\t\t\t<img src=\"http://data.riksdagen.se/fil/h601cu3/Dokument.019.png\" width=\"384\" height=\"756\" alt=\"\" style=\"-aw-left-pos:0pt; -aw-rel-hpos:column; -aw-rel-vpos:paragraph; -aw-top-pos:0pt; -aw-wrap-type:inline\" />\r\n\t\t\t</p>\r\n\t\t\t<p style=\"page-break-before:always\">\r\n\t\t\t\t<img src=\"http://data.riksdagen.se/fil/h601cu3/Dokument.020.png\" width=\"384\" height=\"756\" alt=\"\" style=\"-aw-left-pos:0pt; -aw-rel-hpos:column; -aw-rel-vpos:paragraph; -aw-top-pos:0pt; -aw-wrap-type:inline\" />\r\n\t\t\t</p>\r\n\t\t\t<p style=\"page-break-before:always\">\r\n\t\t\t\t<img src=\"http://data.riksdagen.se/fil/h601cu3/Dokument.021.png\" width=\"384\" height=\"756\" alt=\"\" style=\"-aw-left-pos:0pt; -aw-rel-hpos:column; -aw-rel-vpos:paragraph; -aw-top-pos:0pt; -aw-wrap-type:inline\" />\r\n\t\t\t</p>\r\n\t\t\t<p style=\"page-break-before:always\">\r\n\t\t\t\t<img src=\"http://data.riksdagen.se/fil/h601cu3/Dokument.022.png\" width=\"384\" height=\"756\" alt=\"\" style=\"-aw-left-pos:0pt; -aw-rel-hpos:column; -aw-rel-vpos:paragraph; -aw-top-pos:0pt; -aw-wrap-type:inline\" />\r\n\t\t\t</p>\r\n\t\t\t<p style=\"page-break-before:always\">\r\n\t\t\t\t<img src=\"http://data.riksdagen.se/fil/h601cu3/Dokument.023.png\" width=\"394\" height=\"754\" alt=\"\" style=\"-aw-left-pos:0pt; -aw-rel-hpos:column; -aw-rel-vpos:paragraph; -aw-top-pos:0pt; -aw-wrap-type:inline\" />\r\n\t\t\t</p>\r\n\t\t\t<p style=\"page-break-before:always\">\r\n\t\t\t\t<img src=\"http://data.riksdagen.se/fil/h601cu3/Dokument.024.png\" width=\"394\" height=\"754\" alt=\"\" style=\"-aw-left-pos:0pt; -aw-rel-hpos:column; -aw-rel-vpos:paragraph; -aw-top-pos:0pt; -aw-wrap-type:inline\" />\r\n\t\t\t</p>\r\n\t\t\t<p style=\"page-break-before:always\">\r\n\t\t\t\t<img src=\"http://data.riksdagen.se/fil/h601cu3/Dokument.025.png\" width=\"384\" height=\"756\" alt=\"\" style=\"-aw-left-pos:0pt; -aw-rel-hpos:column; -aw-rel-vpos:paragraph; -aw-top-pos:0pt; -aw-wrap-type:inline\" />\r\n\t\t\t</p>\r\n\t\t\t<p style=\"page-break-before:always\">\r\n\t\t\t\t<img src=\"http://data.riksdagen.se/fil/h601cu3/Dokument.026.png\" width=\"384\" height=\"756\" alt=\"\" style=\"-aw-left-pos:0pt; -aw-rel-hpos:column; -aw-rel-vpos:paragraph; -aw-top-pos:0pt; -aw-wrap-type:inline\" />\r\n\t\t\t</p>\r\n\t\t\t<p style=\"page-break-before:always\">\r\n\t\t\t\t<img src=\"http://data.riksdagen.se/fil/h601cu3/Dokument.027.png\" width=\"384\" height=\"756\" alt=\"\" style=\"-aw-left-pos:0pt; -aw-rel-hpos:column; -aw-rel-vpos:paragraph; -aw-top-pos:0pt; -aw-wrap-type:inline\" />\r\n\t\t\t</p>\r\n\t\t\t<p style=\"page-break-before:always\">\r\n\t\t\t\t<img src=\"http://data.riksdagen.se/fil/h601cu3/Dokument.028.png\" width=\"384\" height=\"756\" alt=\"\" style=\"-aw-left-pos:0pt; -aw-rel-hpos:column; -aw-rel-vpos:paragraph; -aw-top-pos:0pt; -aw-wrap-type:inline\" />\r\n\t\t\t</p>\r\n\t\t\t<p style=\"page-break-before:always\">\r\n\t\t\t\t<img src=\"http://data.riksdagen.se/fil/h601cu3/Dokument.029.png\" width=\"384\" height=\"756\" alt=\"\" style=\"-aw-left-pos:0pt; -aw-rel-hpos:column; -aw-rel-vpos:paragraph; -aw-top-pos:0pt; -aw-wrap-type:inline\" />\r\n\t\t\t</p>\r\n\t\t\t<p style=\"page-break-before:always\">\r\n\t\t\t\t<img src=\"http://data.riksdagen.se/fil/h601cu3/Dokument.030.png\" width=\"384\" height=\"756\" alt=\"\" style=\"-aw-left-pos:0pt; -aw-rel-hpos:column; -aw-rel-vpos:paragraph; -aw-top-pos:0pt; -aw-wrap-type:inline\" />\r\n\t\t\t</p>\r\n\t\t\t<p style=\"page-break-before:always\">\r\n\t\t\t\t<img src=\"http://data.riksdagen.se/fil/h601cu3/Dokument.031.png\" width=\"384\" height=\"756\" alt=\"\" style=\"-aw-left-pos:0pt; -aw-rel-hpos:column; -aw-rel-vpos:paragraph; -aw-top-pos:0pt; -aw-wrap-type:inline\" />\r\n\t\t\t</p>\r\n\t\t\t<p style=\"page-break-before:always\">\r\n\t\t\t\t<img src=\"http://data.riksdagen.se/fil/h601cu3/Dokument.032.png\" width=\"384\" height=\"756\" alt=\"\" style=\"-aw-left-pos:0pt; -aw-rel-hpos:column; -aw-rel-vpos:paragraph; -aw-top-pos:0pt; -aw-wrap-type:inline\" />\r\n\t\t\t</p>\r\n\t\t\t<p style=\"page-break-before:always\">\r\n\t\t\t\t<img src=\"http://data.riksdagen.se/fil/h601cu3/Dokument.033.png\" width=\"384\" height=\"756\" alt=\"\" style=\"-aw-left-pos:0pt; -aw-rel-hpos:column; -aw-rel-vpos:paragraph; -aw-top-pos:0pt; -aw-wrap-type:inline\" />\r\n\t\t\t</p>\r\n\t\t\t<p style=\"page-break-before:always\">\r\n\t\t\t\t<img src=\"http://data.riksdagen.se/fil/h601cu3/Dokument.034.png\" width=\"384\" height=\"756\" alt=\"\" style=\"-aw-left-pos:0pt; -aw-rel-hpos:column; -aw-rel-vpos:paragraph; -aw-top-pos:0pt; -aw-wrap-type:inline\" />\r\n\t\t\t</p>\r\n\t\t\t<p style=\"page-break-before:always\">\r\n\t\t\t\t<img src=\"http://data.riksdagen.se/fil/h601cu3/Dokument.035.png\" width=\"384\" height=\"756\" alt=\"\" style=\"-aw-left-pos:0pt; -aw-rel-hpos:column; -aw-rel-vpos:paragraph; -aw-top-pos:0pt; -aw-wrap-type:inline\" />\r\n\t\t\t</p>\r\n\t\t\t<p style=\"page-break-before:always\">\r\n\t\t\t\t<img src=\"http://data.riksdagen.se/fil/h601cu3/Dokument.036.png\" width=\"384\" height=\"756\" alt=\"\" style=\"-aw-left-pos:0pt; -aw-rel-hpos:column; -aw-rel-vpos:paragraph; -aw-top-pos:0pt; -aw-wrap-type:inline\" />\r\n\t\t\t</p>\r\n\t\t\t<p style=\"page-break-before:always\">\r\n\t\t\t\t<img src=\"http://data.riksdagen.se/fil/h601cu3/Dokument.037.png\" width=\"384\" height=\"756\" alt=\"\" style=\"-aw-left-pos:0pt; -aw-rel-hpos:column; -aw-rel-vpos:paragraph; -aw-top-pos:0pt; -aw-wrap-type:inline\" />\r\n\t\t\t</p>\r\n\t\t\t<p style=\"page-break-before:always\">\r\n\t\t\t\t<img src=\"http://data.riksdagen.se/fil/h601cu3/Dokument.038.png\" width=\"384\" height=\"756\" alt=\"\" style=\"-aw-left-pos:0pt; -aw-rel-hpos:column; -aw-rel-vpos:paragraph; -aw-top-pos:0pt; -aw-wrap-type:inline\" />\r\n\t\t\t</p>\r\n\t\t\t<p style=\"page-break-before:always\">\r\n\t\t\t\t<img src=\"http://data.riksdagen.se/fil/h601cu3/Dokument.039.png\" width=\"384\" height=\"756\" alt=\"\" style=\"-aw-left-pos:0pt; -aw-rel-hpos:column; -aw-rel-vpos:paragraph; -aw-top-pos:0pt; -aw-wrap-type:inline\" />\r\n\t\t\t</p>\r\n\t\t\t<p style=\"page-break-before:always\">\r\n\t\t\t\t<img src=\"http://data.riksdagen.se/fil/h601cu3/Dokument.040.png\" width=\"384\" height=\"756\" alt=\"\" style=\"-aw-left-pos:0pt; -aw-rel-hpos:column; -aw-rel-vpos:paragraph; -aw-top-pos:0pt; -aw-wrap-type:inline\" />\r\n\t\t\t</p>\r\n\t\t\t<p style=\"page-break-before:always\">\r\n\t\t\t\t<img src=\"http://data.riksdagen.se/fil/h601cu3/Dokument.041.png\" width=\"384\" height=\"756\" alt=\"\" style=\"-aw-left-pos:0pt; -aw-rel-hpos:column; -aw-rel-vpos:paragraph; -aw-top-pos:0pt; -aw-wrap-type:inline\" />\r\n\t\t\t</p>\r\n\t\t\t<p style=\"page-break-before:always\">\r\n\t\t\t\t<img src=\"http://data.riksdagen.se/fil/h601cu3/Dokument.042.png\" width=\"384\" height=\"756\" alt=\"\" style=\"-aw-left-pos:0pt; -aw-rel-hpos:column; -aw-rel-vpos:paragraph; -aw-top-pos:0pt; -aw-wrap-type:inline\" />\r\n\t\t\t</p>\r\n\t\t\t<p style=\"page-break-before:always\">\r\n\t\t\t\t<img src=\"http://data.riksdagen.se/fil/h601cu3/Dokument.043.png\" width=\"384\" height=\"756\" alt=\"\" style=\"-aw-left-pos:0pt; -aw-rel-hpos:column; -aw-rel-vpos:paragraph; -aw-top-pos:0pt; -aw-wrap-type:inline\" />\r\n\t\t\t</p>\r\n\t\t\t<p style=\"page-break-before:always\">\r\n\t\t\t\t<img src=\"http://data.riksdagen.se/fil/h601cu3/Dokument.044.png\" width=\"384\" height=\"756\" alt=\"\" style=\"-aw-left-pos:0pt; -aw-rel-hpos:column; -aw-rel-vpos:paragraph; -aw-top-pos:0pt; -aw-wrap-type:inline\" />\r\n\t\t\t</p>\r\n\t\t\t<p style=\"page-break-before:always\">\r\n\t\t\t\t<img src=\"http://data.riksdagen.se/fil/h601cu3/Dokument.045.png\" width=\"384\" height=\"756\" alt=\"\" style=\"-aw-left-pos:0pt; -aw-rel-hpos:column; -aw-rel-vpos:paragraph; -aw-top-pos:0pt; -aw-wrap-type:inline\" />\r\n\t\t\t</p>\r\n\t\t\t<p style=\"page-break-before:always\">\r\n\t\t\t\t<img src=\"http://data.riksdagen.se/fil/h601cu3/Dokument.046.png\" width=\"384\" height=\"756\" alt=\"\" style=\"-aw-left-pos:0pt; -aw-rel-hpos:column; -aw-rel-vpos:paragraph; -aw-top-pos:0pt; -aw-wrap-type:inline\" />\r\n\t\t\t</p>\r\n\t\t\t<p style=\"page-break-before:always\">\r\n\t\t\t\t<img src=\"http://data.riksdagen.se/fil/h601cu3/Dokument.047.png\" width=\"384\" height=\"756\" alt=\"\" style=\"-aw-left-pos:0pt; -aw-rel-hpos:column; -aw-rel-vpos:paragraph; -aw-top-pos:0pt; -aw-wrap-type:inline\" />\r\n\t\t\t</p>\r\n\t\t\t<p style=\"page-break-before:always\">\r\n\t\t\t\t<img src=\"http://data.riksdagen.se/fil/h601cu3/Dokument.048.png\" width=\"384\" height=\"756\" alt=\"\" style=\"-aw-left-pos:0pt; -aw-rel-hpos:column; -aw-rel-vpos:paragraph; -aw-top-pos:0pt; -aw-wrap-type:inline\" />\r\n\t\t\t</p>\r\n\t\t\t<p style=\"page-break-before:always\">\r\n\t\t\t\t<img src=\"http://data.riksdagen.se/fil/h601cu3/Dokument.049.png\" width=\"384\" height=\"756\" alt=\"\" style=\"-aw-left-pos:0pt; -aw-rel-hpos:column; -aw-rel-vpos:paragraph; -aw-top-pos:0pt; -aw-wrap-type:inline\" />\r\n\t\t\t</p>\r\n\t\t\t<p style=\"page-break-before:always\">\r\n\t\t\t\t<img src=\"http://data.riksdagen.se/fil/h601cu3/Dokument.050.png\" width=\"384\" height=\"756\" alt=\"\" style=\"-aw-left-pos:0pt; -aw-rel-hpos:column; -aw-rel-vpos:paragraph; -aw-top-pos:0pt; -aw-wrap-type:inline\" />\r\n\t\t\t</p>\r\n\t\t\t<p style=\"page-break-before:always\">\r\n\t\t\t\t<img src=\"http://data.riksdagen.se/fil/h601cu3/Dokument.051.png\" width=\"384\" height=\"756\" alt=\"\" style=\"-aw-left-pos:0pt; -aw-rel-hpos:column; -aw-rel-vpos:paragraph; -aw-top-pos:0pt; -aw-wrap-type:inline\" />\r\n\t\t\t</p>\r\n\t\t\t<p style=\"page-break-before:always\">\r\n\t\t\t\t<img src=\"http://data.riksdagen.se/fil/h601cu3/Dokument.052.png\" width=\"384\" height=\"756\" alt=\"\" style=\"-aw-left-pos:0pt; -aw-rel-hpos:column; -aw-rel-vpos:paragraph; -aw-top-pos:0pt; -aw-wrap-type:inline\" />\r\n\t\t\t</p>\r\n\t\t\t<p style=\"page-break-before:always\">\r\n\t\t\t\t<img src=\"http://data.riksdagen.se/fil/h601cu3/Dokument.053.png\" width=\"384\" height=\"756\" alt=\"\" style=\"-aw-left-pos:0pt; -aw-rel-hpos:column; -aw-rel-vpos:paragraph; -aw-top-pos:0pt; -aw-wrap-type:inline\" />\r\n\t\t\t</p>\r\n\t\t\t<p style=\"page-break-before:always\">\r\n\t\t\t\t<img src=\"http://data.riksdagen.se/fil/h601cu3/Dokument.054.png\" width=\"384\" height=\"756\" alt=\"\" style=\"-aw-left-pos:0pt; -aw-rel-hpos:column; -aw-rel-vpos:paragraph; -aw-top-pos:0pt; -aw-wrap-type:inline\" />\r\n\t\t\t</p>\r\n\t\t\t<p style=\"page-break-before:always\">\r\n\t\t\t\t<img src=\"http://data.riksdagen.se/fil/h601cu3/Dokument.055.png\" width=\"384\" height=\"756\" alt=\"\" style=\"-aw-left-pos:0pt; -aw-rel-hpos:column; -aw-rel-vpos:paragraph; -aw-top-pos:0pt; -aw-wrap-type:inline\" />\r\n\t\t\t</p>\r\n\t\t\t<p style=\"page-break-before:always\">\r\n\t\t\t\t<img src=\"http://data.riksdagen.se/fil/h601cu3/Dokument.056.png\" width=\"384\" height=\"756\" alt=\"\" style=\"-aw-left-pos:0pt; -aw-rel-hpos:column; -aw-rel-vpos:paragraph; -aw-top-pos:0pt; -aw-wrap-type:inline\" />\r\n\t\t\t</p>\r\n\t\t\t<p style=\"page-break-before:always\">\r\n\t\t\t\t<img src=\"http://data.riksdagen.se/fil/h601cu3/Dokument.057.png\" width=\"384\" height=\"756\" alt=\"\" style=\"-aw-left-pos:0pt; -aw-rel-hpos:column; -aw-rel-vpos:paragraph; -aw-top-pos:0pt; -aw-wrap-type:inline\" />\r\n\t\t\t</p>\r\n\t\t\t<p style=\"page-break-before:always\">\r\n\t\t\t\t<img src=\"http://data.riksdagen.se/fil/h601cu3/Dokument.058.png\" width=\"384\" height=\"756\" alt=\"\" style=\"-aw-left-pos:0pt; -aw-rel-hpos:column; -aw-rel-vpos:paragraph; -aw-top-pos:0pt; -aw-wrap-type:inline\" />\r\n\t\t\t</p>\r\n\t\t\t<p style=\"page-break-before:always\">\r\n\t\t\t\t<img src=\"http://data.riksdagen.se/fil/h601cu3/Dokument.059.png\" width=\"384\" height=\"756\" alt=\"\" style=\"-aw-left-pos:0pt; -aw-rel-hpos:column; -aw-rel-vpos:paragraph; -aw-top-pos:0pt; -aw-wrap-type:inline\" />\r\n\t\t\t</p>\r\n\t\t\t<p style=\"page-break-before:always\">\r\n\t\t\t\t<img src=\"http://data.riksdagen.se/fil/h601cu3/Dokument.060.png\" width=\"384\" height=\"756\" alt=\"\" style=\"-aw-left-pos:0pt; -aw-rel-hpos:column; -aw-rel-vpos:paragraph; -aw-top-pos:0pt; -aw-wrap-type:inline\" />\r\n\t\t\t</p>\r\n\t\t\t<p style=\"page-break-before:always\">\r\n\t\t\t\t<img src=\"http://data.riksdagen.se/fil/h601cu3/Dokument.061.png\" width=\"384\" height=\"756\" alt=\"\" style=\"-aw-left-pos:0pt; -aw-rel-hpos:column; -aw-rel-vpos:paragraph; -aw-top-pos:0pt; -aw-wrap-type:inline\" />\r\n\t\t\t</p>\r\n\t\t</div>\r\n\t"},"dokutskottsforslag":{"utskottsforslag":{"punkt":"1","rubrik":"Skadeståndsansvar vid sjötransport av farliga och skadliga ämnen","forslag":"Riksdagen<br>a) godkänner<br>1. <span>2010 års protokoll till 1996 års internationella konvention om ansvar och ersättning för skada i samband med sjötransport av farliga och skadliga ämnen,<br>2. <span>att Sverige vid tillträdet till protokollet lämnar en förklaring om att tillämpningen inte ska omfatta fartyg med en dräktighet om högst 200 som i inrikes trafik transporterar farliga och skadliga ämnen i förpackad form,<br>3. <span>att Sverige vid tillträdet till protokollet, i förhållande till 1976 års konvention om begränsning av sjörättsligt skadeståndsansvar i dess lydelse enligt 1996 års ändringsprotokoll, förbehåller sig rätten att undanta fordringar med anledning av skador som avses i 2010 års internationella konvention om ansvar och ersättning för skada i samband med sjötransport av farliga och skadliga ämnen,<br>b) antar regeringens förslag till<br>1. lag om den internationella fonden för farliga och skadliga ämnen,<br>2. lag om ändring i miljöbalken,<br>3.&nbsp;lag om ändring i lagen (1975:1083) om uppgiftsskyldighet rörande mottagande av olja,<br>4. lag om ändring i lagen (1976:661) om immunitet och privilegier i vissa fall,<br>5. lag om ändring i lagen (1980:424) om åtgärder mot förorening från fartyg,</span></span></span><br>6. lag om ändring i sjölagen (1994:1009),<br>7. lag om ändring i lagen (2010:976) om ändring i sjölagen (1994:1009),<br>8. lag om ändring i lagen (2013:325) om ändring i lagen (2010:968) om ändring i miljöbalken,<br>9. lag om ändring i lagen (2017:723) om ändring i sjölagen (1994:1009).<BR/>Därmed bifaller riksdagen proposition 2017/18:268 punkterna 1-12.<BR/><BR/>","beslutstyp":"acklamation","motforslag_nummer":"0","motforslag_partier":null,"votering_id":null,"votering_sammanfattning_html":null,"votering_url_xml":null,"rm":"2018/19","bet":"CU3","vinnare":"utskottet"}},"dokaktivitet":{"aktivitet":[{"kod":"UBE","namn":"Beredning","datum":"2018-10-11 00:00:00","status":"inträffat","ordning":"0","process":null},{"kod":"JUS","namn":"Justering","datum":"2018-11-06 00:00:00","status":"inträffat","ordning":"0","process":null},{"kod":"TRY","namn":"Trycklov","datum":"2018-11-08 00:00:00","status":"inträffat","ordning":"0","process":null},{"kod":"B","namn":"Bordläggning","datum":"2018-11-13 00:00:00","status":"inträffat","ordning":"0","process":null},{"kod":"BEH","namn":"Behandling","datum":"2018-11-14 00:00:00","status":"inträffat","ordning":"0","process":null},{"kod":"BES","namn":"Beslut","datum":"2018-11-14 00:00:00","status":"inträffat","ordning":"0","process":null}]},"dokuppgift":{"uppgift":[{"kod":"notis","namn":"Beslut i korthet","text":"                           <p>Det blir fartygets ägare som blir skadeansvarig om en transport av vissa farliga och skadliga ämnen leder till skada. Fartygsägaren ska även vara skyldig att ha en ansvarsförsäkring.</p>\r\n<p>Om fartygsägaren inte kan betala alla de skador som uppkommit ska den som lider skada ha möjlighet att få ersättning från en internationell fond. Det införs också sanktioner som gäller när vissa skyldigheter inte följs.</p>\r\n<p>Riksdagen sa&nbsp;ja till regeringens förslag.&nbsp;Regeringen får bestämma när de flesta förändringar ska börja gälla. Vissa förändringar börjar gälla den 1 januari.</p>\r\n<p>Riksdagen godkände samtidigt&nbsp;den internationella konventionen om ansvar och ersättning för skada i samband med sjötransport av farliga och skadliga ämnen.</p>\r\n                                            ","dok_id":"H601CU3","systemdatum":"2018-11-14 16:26:16"},{"kod":"notisrubrik","namn":"Beslut","text":"Fartygsägare får skadeståndsansvaret när skadliga ämnen transporteras (CU3)","dok_id":"H601CU3","systemdatum":"2018-11-14 16:26:16"},{"kod":"utsknotis","namn":"Utskottets förslag till beslut","text":"                           <p>Det blir fartygets ägare som blir skadeansvarig om en transport av vissa farliga och skadliga ämnen leder till skada. Fartygsägaren ska även vara skyldig att ha en ansvarsförsäkring.</p>\r\n<p>Om fartygsägaren inte kan betala alla de skador som uppkommit ska den som lider skada ha möjlighet att få ersättning från en internationell fond. Det införs också sanktioner som gäller när vissa skyldigheter inte följs.</p>\r\n<p>Civilutskottet föreslår att riksdagen säger ja till regeringens förslag. Utskottet föreslår att regeringen får bestämma när de flesta förändringar ska börja gälla. Vissa förändringar föreslås börja gälla den 1 januari.</p>\r\n<p>Civilutskottet föreslår samtidigt att riksdagen godkänner den internationella konventionen om ansvar och ersättning för skada i samband med sjötransport av farliga och skadliga ämnen.</p>\r\n                                            ","dok_id":"H601CU3","systemdatum":"2018-11-14 16:26:16"},{"kod":"utsknotisrubrik","namn":"Utskottets förslag","text":"Fartygsägare får skadeståndsansvaret när skadliga ämnen transporteras (CU3)","dok_id":"H601CU3","systemdatum":"2018-11-14 16:26:16"},{"kod":"rdbeslut","namn":"Riksdagens beslut","text":"Kammaren biföll utskottets förslag.","dok_id":"H601CU3","systemdatum":"2018-11-14 16:33:42"},{"kod":"beslutssammanfattningusk","namn":"Utskottets förslag till beslut","text":"Bifall till propositionen.","dok_id":"H601CU3","systemdatum":"2018-11-08 14:13:16"},{"kod":"debattdatumtid","namn":"Datum och tid för debatten","text":"2018-11-14 00:00:00","dok_id":"H601CU3","systemdatum":"2018-11-14 16:26:16"},{"kod":"beslutdatumtid","namn":"Datum och tid för beslutet","text":"2018-11-14 00:00:00","dok_id":"H601CU3","systemdatum":"2018-11-14 16:26:16"},{"kod":"statustext","namn":"statustext","text":"Ärendet är avslutat","dok_id":"H601CU3","systemdatum":"2018-11-15 13:29:30"}]},"dokbilaga":{"bilaga":{"dok_id":"H601CU3","titel":"Skadeståndsansvar vid sjötransport av farliga och skadliga ämnen","subtitel":null,"filnamn":"2018_19_CU3_20181108141227_Publicering.pdf","filstorlek":"10512981","filtyp":"pdf","fil_url":"http://data.riksdagen.se/fil/F530A2FD-633A-4569-BD34-63976E380A65"}},"dokreferens":{"referens":[{"referenstyp":"behandlar","uppgift":"Proposition 2017/18:268 Skadeståndsansvar vid sjötransport av farliga och skadliga ämnen","ref_dok_id":"H503268","ref_dok_typ":"prop","ref_dok_rm":"2017/18","ref_dok_bet":"268","ref_dok_titel":"Skadeståndsansvar vid sjötransport av farliga och skadliga ämnen","ref_dok_subtitel":null,"ref_dok_subtyp":"prop","ref_dok_dokumentnamn":"Proposition"},{"referenstyp":"föredragningslista","uppgift":"föredragningslista 2018/19:16 Onsdag den 14 november 2018","ref_dok_id":"H60I16","ref_dok_typ":"f-lista","ref_dok_rm":"2018/19","ref_dok_bet":"16","ref_dok_titel":"Onsdag den 14 november 2018","ref_dok_subtitel":null,"ref_dok_subtyp":null,"ref_dok_dokumentnamn":"Föredragningslista"},{"referenstyp":"protokollbeslut","uppgift":"2018-11-14","ref_dok_id":"H60916","ref_dok_typ":"prot","ref_dok_rm":"2018/19","ref_dok_bet":"16","ref_dok_titel":"Protokoll 2018/19:16 Onsdagen den 14 november","ref_dok_subtitel":null,"ref_dok_subtyp":null,"ref_dok_dokumentnamn":"Protokoll"},{"referenstyp":"rskr","uppgift":null,"ref_dok_id":"H60K32","ref_dok_typ":"rskr","ref_dok_rm":"2018/19","ref_dok_bet":"32","ref_dok_titel":"Riksdagsskrivelse 2018/19:32","ref_dok_subtitel":null,"ref_dok_subtyp":"rskr","ref_dok_dokumentnamn":"Riksdagsskrivelse"}]},"debatt":null}}