{"dokumentstatus":{"dokument":{"hangar_id":"5003614","dok_id":"H601FiU12","rm":"2018/19","beteckning":"FiU12","typ":"bet","subtyp":"bet","doktyp":"bet","typrubrik":"Betänkande 2018/19:FiU12","dokumentnamn":"Betänkande","debattnamn":"Debatt om förslag","tempbeteckning":"","organ":"FiU","mottagare":"","nummer":"12","slutnummer":"0","datum":"2018-11-13 00:00:00","systemdatum":"2018-11-21 22:29:09","publicerad":"2018-09-24 13:42:32","titel":"Riksrevisionens rapport om finansiell stabilitet","subtitel":"","status":"Webbpublicering","htmlformat":"html","relaterat_id":"","source":"RIM","sourceid":"6f227c42-2a26-45bd-bafc-115f0c55f1b5","dokument_url_text":"http://data.riksdagen.se/dokument/H601FiU12/text","dokument_url_html":"http://data.riksdagen.se/dokument/H601FiU12","dokumentstatus_url_xml":"http://data.riksdagen.se/dokumentstatus/H601FiU12","utskottsforslag_url_xml":"http://data.riksdagen.se/utskottsforslag/H601FiU12","html":"<style><!--\r\n .w600px{width: 600px;font-family:Verdana, Geneva, sans-serif}\r\nh2.dtyp{font-size:1.5em !important;} \r\n/********************************************************************************************************/\r\n/* Styles for D:\\Logs\\DocumentConverter\\\\Output_850e7383-e7f9-44ed-a39e-6bfa106bbb38\\HTML\\Dokument.html */\r\n/* Generated by Aspose.Words for .NET 15.3.0.0                                                          */\r\n/********************************************************************************************************/\r\n\r\n@page Section1 { size:467.8pt 686.05pt; margin:45.35pt 102.05pt 73.7pt 70.85pt }\r\ndiv.Section1 { page:Section1 }\r\nzbody { text-align:justify; line-height:12.5pt; font-family:'Verdana'; font-size:9.5pt }\r\nzh1, h2, h3, h4, h5, h6, p { margin:3.1pt 0pt 0pt }\r\nzli, table { margin-top:3.1pt; margin-bottom:0pt }\r\nzh1 { margin-top:3.1pt; margin-bottom:12pt; text-align:left; page-break-after:avoid; line-height:12.5pt; font-family:'Verdana'; font-size:16pt; font-weight:normal }\r\nzh2 { margin-top:20pt; margin-bottom:6pt; text-align:left; page-break-inside:avoid; page-break-after:avoid; line-height:12.5pt; font-family:'Verdana'; font-size:13.5pt; font-weight:normal }\r\nzh3 { margin-top:20pt; margin-bottom:3.1pt; text-align:left; page-break-inside:avoid; page-break-after:avoid; line-height:12.5pt; font-family:'Verdana'; font-size:10.5pt; font-weight:bold }\r\nzh4 { margin-top:15pt; margin-bottom:3.1pt; text-align:left; page-break-inside:avoid; page-break-after:avoid; line-height:12.5pt; font-family:'Verdana'; font-size:10.5pt; font-weight:normal; font-style:italic; color:#000000 }\r\nzh5 { margin-top:6.25pt; margin-bottom:0pt; text-align:justify; page-break-inside:avoid; page-break-after:avoid; line-height:12.5pt; font-family:'Verdana'; font-size:9.5pt; font-weight:bold }\r\nzh6 { margin-top:6.25pt; margin-bottom:0pt; text-align:justify; page-break-inside:avoid; page-break-after:avoid; line-height:12.5pt; font-family:'Verdana'; font-size:9.5pt; font-weight:normal; font-style:italic; color:#000000 }\r\n.Heading7 { margin-top:2pt; margin-bottom:0pt; text-align:justify; page-break-inside:avoid; page-break-after:avoid; line-height:12.5pt; font-family:'Verdana'; font-size:9.5pt; font-weight:normal; font-style:italic; color:#243f60 }\r\n.Heading8 { margin-top:2pt; margin-bottom:0pt; text-align:justify; page-break-inside:avoid; page-break-after:avoid; line-height:12.5pt; font-family:'Verdana'; font-size:9pt; font-weight:normal; color:#272727 }\r\n.Heading9 { margin-top:2pt; margin-bottom:0pt; text-align:justify; page-break-inside:avoid; page-break-after:avoid; line-height:12.5pt; font-family:'Verdana'; font-size:9pt; font-weight:normal; font-style:italic; color:#272727 }\r\n.Avsnittsrubrik { margin-top:0pt; margin-bottom:27.7pt; text-align:left; page-break-before:always; page-break-after:avoid; line-height:normal; font-family:'Verdana'; font-size:16pt }\r\n.Avvikandemeningrubrik { margin-top:0pt; margin-bottom:3.1pt; text-align:left; page-break-inside:avoid; page-break-after:avoid; line-height:12.5pt; font-family:'Verdana'; font-size:10.5pt; font-weight:bold }\r\n.BalloonText { margin-top:3.1pt; margin-bottom:0pt; text-align:justify; line-height:normal; font-family:Tahoma; font-size:8pt }\r\n.Bilaga { margin-top:0pt; margin-bottom:0pt; text-align:left; page-break-before:always; page-break-after:avoid; line-height:normal; widows:0; orphans:0; font-family:'Verdana'; font-size:8pt; font-variant:small-caps; text-decoration:underline }\r\n.Bilagerubrik { margin-top:0pt; margin-bottom:17.7pt; text-align:left; page-break-after:auto; line-height:normal; widows:0; orphans:0; font-family:'Verdana'; font-size:16pt }\r\n.Bild-Rubrik { margin-top:8pt; margin-bottom:0pt; text-align:justify; page-break-inside:avoid; page-break-after:avoid; line-height:10pt; font-family:'Verdana'; font-size:9.5pt; font-weight:bold }\r\n.Bild-Underrubrik { margin-top:0pt; margin-bottom:1pt; text-align:left; page-break-inside:avoid; page-break-after:avoid; line-height:8pt; font-family:'Verdana'; font-size:8pt; font-weight:normal; font-style:italic }\r\n.BodyText { margin-top:3.1pt; margin-bottom:0pt; text-align:left; line-height:12.5pt; font-family:'Verdana'; font-size:9.5pt }\r\n.BodyTextIndent2 { margin-top:3.1pt; margin-left:14.15pt; margin-bottom:6pt; text-align:justify; line-height:200%; font-family:'Verdana'; font-size:9.5pt }\r\n.Citatindrag { margin-top:0pt; margin-left:14.2pt; margin-bottom:6.1pt; text-indent:14.2pt; text-align:justify; line-height:10pt; font-family:'Verdana'; font-size:9.5pt }\r\n.CommentText { margin-top:3.1pt; margin-bottom:0pt; text-align:justify; line-height:normal; font-family:'Verdana'; font-size:10pt }\r\n.Deltagare { margin-top:0pt; margin-bottom:0pt; text-align:justify; page-break-inside:avoid; page-break-after:avoid; line-height:9.5pt; font-family:'Verdana'; font-size:9.5pt }\r\n.Diagram-Rubrik { margin-top:8pt; margin-bottom:0pt; text-align:justify; page-break-inside:avoid; page-break-after:avoid; line-height:10pt; font-family:'Verdana'; font-size:9.5pt; font-weight:bold }\r\n.Diagram-Underrubrik { margin-top:0pt; margin-bottom:1pt; text-align:left; page-break-inside:avoid; page-break-after:avoid; line-height:8pt; font-family:'Verdana'; font-size:8pt; font-weight:normal; font-style:italic }\r\n.DokumentRubrik { margin-top:6pt; margin-bottom:24pt; text-align:left; line-height:normal; border-bottom-style:solid; border-bottom-width:0.75pt; border-bottom-color:#000000; padding-bottom:4pt; font-family:'Verdana'; font-size:18pt }\r\n.Dokumentbeteckning { margin-top:0pt; margin-bottom:0pt; text-align:left; page-break-inside:avoid; page-break-after:avoid; line-height:12.5pt; font-family:'Verdana'; font-size:16pt }\r\n.Footer { margin-top:3.1pt; margin-bottom:0pt; text-align:justify; line-height:normal; font-family:'Verdana'; font-size:9.5pt }\r\n.FootnoteText { margin-top:0pt; margin-bottom:0pt; text-align:justify; line-height:8pt; font-family:'Verdana'; font-size:8pt }\r\n.Fotnotstextindrag { margin-top:0pt; margin-left:5.65pt; margin-bottom:0pt; text-align:left; line-height:8pt; font-family:'Verdana'; font-size:8pt }\r\n.Frslagspunkt { margin-top:0pt; margin-bottom:0pt; text-align:left; page-break-inside:avoid; page-break-after:avoid; line-height:12.5pt; font-family:'Verdana'; font-size:9.5pt; font-weight:bold }\r\n.Frslagstext { margin-top:0pt; margin-bottom:0pt; text-align:justify; line-height:12.5pt; font-family:'Verdana'; font-size:9.5pt }\r\n.Frteckningsrubrik { margin-top:9.6pt; margin-bottom:3.1pt; text-align:left; page-break-inside:avoid; page-break-after:avoid; line-height:normal; font-family:'Verdana'; font-size:9.5pt; font-weight:normal; font-style:italic; color:#000000 }\r\n.Grupprubrik { margin-top:6pt; margin-bottom:0pt; text-align:left; page-break-inside:avoid; page-break-after:avoid; line-height:12.5pt; font-family:'Verdana'; font-size:9.5pt; font-style:italic }\r\n.Grupprubrikindrag { margin-top:6pt; margin-left:22.1pt; margin-bottom:0pt; text-align:left; page-break-inside:avoid; page-break-after:avoid; line-height:12.5pt; font-family:'Verdana'; font-size:9.5pt; font-style:italic }\r\n.Header { margin-top:0pt; margin-bottom:0pt; text-align:justify; line-height:normal; font-family:'Verdana'; font-size:7.5pt; font-variant:small-caps }\r\n.Innehllsfrteckning { margin-top:0pt; margin-bottom:17.7pt; text-align:left; page-break-before:always; page-break-after:auto; line-height:normal; font-family:'Verdana'; font-size:16pt }\r\n.Kantrubrik { margin-top:0pt; margin-bottom:0pt; text-align:justify; line-height:normal; font-family:'Verdana'; font-size:7.5pt }\r\n.ListBullet { margin-top:6.25pt; margin-left:17.85pt; margin-bottom:6.25pt; text-indent:-17.85pt; text-align:justify; line-height:12.5pt; font-family:'Verdana'; font-size:9.5pt }\r\n.ListParagraph { margin-top:3.1pt; margin-left:28.35pt; margin-bottom:0pt; text-align:justify; line-height:12.5pt; font-family:'Verdana'; font-size:9.5pt }\r\n.Litentext { margin-top:0pt; margin-bottom:0pt; text-align:justify; line-height:normal; font-family:'Verdana'; font-size:8pt }\r\n.Mellanrubrik { margin-top:11pt; margin-bottom:3.1pt; text-align:left; page-break-after:avoid; line-height:12.5pt; font-family:'Verdana'; font-size:9.5pt; font-style:italic }\r\n.Mellanrum { margin-top:0pt; margin-bottom:0pt; text-align:left; page-break-before:auto; page-break-after:auto; line-height:1pt; widows:0; orphans:0; font-family:'Verdana'; font-size:1pt; font-variant:small-caps; text-decoration:none; color:#ffffff }\r\n.NormalIndent { margin-top:0pt; margin-bottom:0pt; text-indent:11.35pt; text-align:justify; line-height:12.5pt; font-family:'Verdana'; font-size:9.5pt }\r\n.Normalinskjuten { margin-top:0pt; margin-left:22.1pt; margin-bottom:0pt; text-align:justify; line-height:12.5pt; font-family:'Verdana'; font-size:9.5pt }\r\n.Normalinskjutenindrag { margin-top:0pt; margin-left:22.1pt; margin-bottom:0pt; text-indent:11.35pt; text-align:justify; line-height:12.5pt; font-family:'Verdana'; font-size:9.5pt }\r\n.Normalinskjutenkursiv { margin-top:6pt; margin-bottom:0pt; line-height:normal; font-family:'Verdana'; font-size:10pt; font-style:italic }\r\n.Normalkursiv { margin-top:3.1pt; margin-bottom:0pt; text-align:left; line-height:12.5pt; font-family:'Verdana'; font-size:9.5pt; font-style:italic }\r\n.Normalruta { margin:3.1pt 5.65pt 0pt; text-align:justify; page-break-inside:avoid; page-break-after:avoid; line-height:12.5pt; border-top-style:solid; border-top-width:0.75pt; border-top-color:#000000; border-right-style:solid; border-right-width:0.75pt; border-right-color:#000000; border-left-style:solid; border-left-width:0.75pt; border-left-color:#000000; border-bottom-style:solid; border-bottom-width:0.75pt; border-bottom-color:#000000; padding-top:4pt; padding-right:4pt; padding-left:4pt; padding-bottom:4pt; font-family:'Verdana'; font-size:10.5pt }\r\n.Normalrutafet { margin:3.1pt 5.65pt 0pt; text-align:justify; page-break-inside:avoid; page-break-after:avoid; line-height:12.5pt; border-top-style:solid; border-top-width:0.75pt; border-top-color:#000000; border-right-style:solid; border-right-width:0.75pt; border-right-color:#000000; border-left-style:solid; border-left-width:0.75pt; border-left-color:#000000; border-bottom-style:solid; border-bottom-width:0.75pt; border-bottom-color:#000000; padding-top:4pt; padding-right:4pt; padding-left:4pt; padding-bottom:4pt; font-family:'Verdana'; font-size:10.5pt; font-weight:bold }\r\n.Normalrutaindrag { margin:0pt 5.65pt; text-indent:11.35pt; text-align:justify; page-break-inside:avoid; page-break-after:avoid; line-height:12.5pt; border-top-style:solid; border-top-width:0.75pt; border-top-color:#000000; border-right-style:solid; border-right-width:0.75pt; border-right-color:#000000; border-left-style:solid; border-left-width:0.75pt; border-left-color:#000000; border-bottom-style:solid; border-bottom-width:0.75pt; border-bottom-color:#000000; padding-top:4pt; padding-right:4pt; padding-left:4pt; padding-bottom:4pt; font-family:'Verdana'; font-size:10.5pt }\r\n.Normalutanluftfre { margin-top:0pt; margin-bottom:0pt; text-align:justify; line-height:12.5pt; font-family:'Verdana'; font-size:9.5pt }\r\n.NormalNoll { margin-top:0pt; margin-bottom:3.1pt; text-align:left; line-height:12.5pt; font-family:'Verdana'; font-size:10.5pt; font-weight:bold }\r\n.NumlistaTOC { margin:3.1pt 28.35pt 0pt 0pt; text-indent:0pt; text-align:left; line-height:normal; font-family:'Verdana'; font-size:9.5pt }\r\n.Ordfranden { margin-top:3.1pt; margin-bottom:22pt; text-align:left; page-break-inside:avoid; page-break-after:avoid; line-height:normal; font-family:'Verdana'; font-size:9.5pt; font-style:italic }\r\n.OrtochDatum { margin-top:18pt; margin-bottom:18pt; text-align:left; page-break-inside:avoid; page-break-after:avoid; line-height:normal; font-family:'Verdana'; font-size:9.5pt }\r\n.Punktlistabomb { margin-top:6.25pt; margin-left:14.2pt; margin-bottom:6.25pt; text-indent:-14.2pt; text-align:justify; line-height:12.5pt; font-family:'Verdana'; font-size:9.5pt }\r\n.Punktlistagemener { margin-top:6.25pt; margin-left:14.2pt; margin-bottom:6.25pt; text-indent:-14.2pt; text-align:justify; line-height:12.5pt; font-family:'Verdana'; font-size:9.5pt }\r\n.Punktlistalinje { margin-top:6.25pt; margin-left:14.2pt; margin-bottom:6.25pt; text-indent:-14.2pt; text-align:justify; line-height:12.5pt; font-family:'Verdana'; font-size:9.5pt }\r\n.Punktlistasiffra { margin-top:6.25pt; margin-left:14.2pt; margin-bottom:6.25pt; text-indent:-14.2pt; text-align:justify; line-height:12.5pt; font-family:'Verdana'; font-size:9.5pt }\r\n.PVgnar { margin-top:3.1pt; margin-bottom:26pt; text-align:left; page-break-inside:avoid; page-break-after:avoid; line-height:normal; font-family:'Verdana'; font-size:9.5pt }\r\n.Quote { margin-top:6.1pt; margin-left:14.2pt; margin-bottom:0pt; text-align:justify; line-height:10pt; font-family:'Verdana'; font-size:9.5pt }\r\n.R1 { margin-top:3.1pt; margin-bottom:12pt; text-align:left; page-break-after:avoid; line-height:12.5pt; font-family:'Verdana'; font-size:16pt }\r\n.R1bilaga { margin-top:3.1pt; margin-bottom:12pt; text-align:left; page-break-after:auto; line-height:12.5pt; font-family:'Verdana'; font-size:16pt }\r\n.R2 { margin-top:20pt; margin-bottom:6pt; text-align:left; page-break-inside:avoid; page-break-after:avoid; line-height:12.5pt; font-family:'Verdana'; font-size:13.5pt }\r\n.R3 { margin-top:20pt; margin-bottom:3.1pt; text-align:left; page-break-inside:avoid; page-break-after:avoid; line-height:12.5pt; font-family:'Verdana'; font-size:10.5pt; font-weight:bold }\r\n.R4 { margin-top:15pt; margin-bottom:3.1pt; text-align:left; page-break-inside:avoid; page-break-after:avoid; line-height:12.5pt; font-family:'Verdana'; font-size:10.5pt; font-weight:normal; font-style:italic; color:#000000 }\r\n.R5 { margin-top:6.25pt; margin-bottom:0pt; text-align:justify; page-break-inside:avoid; page-break-after:avoid; line-height:12.5pt; font-family:'Verdana'; font-size:9.5pt; font-weight:bold }\r\n.R6 { margin-top:6.25pt; margin-bottom:0pt; text-align:justify; page-break-inside:avoid; page-break-after:avoid; line-height:12.5pt; font-family:'Verdana'; font-size:9.5pt; font-weight:normal; font-style:italic; color:#000000 }\r\n.Reservationshnvisning { margin-top:0pt; margin-bottom:8pt; text-align:right; line-height:12.5pt; font-family:'Verdana'; font-size:9.5pt; font-style:italic }\r\n.Reservationsrubrik { margin-top:0pt; margin-bottom:3.1pt; text-align:left; page-break-inside:avoid; page-break-after:avoid; line-height:12.5pt; font-family:'Verdana'; font-size:10.5pt; font-weight:bold }\r\n.Rubrik1Dokumentinformation { margin-top:0pt; margin-bottom:0pt; text-align:left; page-break-inside:avoid; page-break-after:avoid; line-height:12.5pt; font-family:'Verdana'; font-size:16pt }\r\n.Rubrik1bilaga { margin-top:0pt; margin-bottom:27.7pt; text-align:left; page-break-after:auto; line-height:12.5pt; font-family:'Verdana'; font-size:16pt }\r\n.Rubrik1medsidhuvud { margin-top:3.1pt; margin-bottom:12pt; text-align:left; page-break-before:always; page-break-after:avoid; line-height:12.5pt; font-family:'Verdana'; font-size:16pt }\r\n.Rubrik1numrerat { margin-top:3.1pt; margin-left:0pt; margin-bottom:12pt; text-indent:0pt; text-align:left; page-break-after:avoid; line-height:12.5pt; font-family:'Verdana'; font-size:16pt }\r\n.Rubrik1numreratmedsidhuvud { margin-top:0pt; margin-left:0pt; margin-bottom:16pt; text-indent:0pt; text-align:left; page-break-before:always; page-break-after:avoid; line-height:normal; font-family:'Verdana'; font-size:16pt }\r\n.Rubrik2bilaga { margin-top:20pt; margin-bottom:6pt; text-align:left; page-break-inside:avoid; page-break-after:avoid; line-height:12.5pt; font-family:'Verdana'; font-size:13.5pt }\r\n.Rubrik2numrerat { margin-top:20pt; margin-left:0pt; margin-bottom:6pt; text-indent:0pt; text-align:left; page-break-inside:avoid; page-break-after:avoid; line-height:12.5pt; font-family:'Verdana'; font-size:13.5pt }\r\n.Rubrik3numrerat { margin-top:20pt; margin-left:0pt; margin-bottom:3.1pt; text-indent:0pt; text-align:left; page-break-inside:avoid; page-break-after:avoid; line-height:12.5pt; font-family:'Verdana'; font-size:10.5pt; font-weight:bold }\r\n.Sammanfattning { margin-top:3.1pt; margin-bottom:12pt; text-align:left; page-break-after:auto; line-height:12.5pt; font-family:'Verdana'; font-size:16pt }\r\n.Sidhuvudhgerstlld { margin-top:0pt; margin-bottom:0pt; text-align:right; line-height:normal; font-family:'Verdana'; font-size:7.5pt; font-variant:small-caps }\r\n.Sidhuvudvnsterstlld { margin-top:0pt; margin-bottom:0pt; text-align:left; line-height:normal; font-family:'Verdana'; font-size:7.5pt; font-variant:small-caps }\r\n.Stdrubrik { margin-top:12pt; margin-bottom:0pt; line-height:12pt; font-family:'Verdana'; font-size:9.5pt; font-weight:bold }\r\n.Srskiltyttranderubrik { margin-top:0pt; margin-bottom:3.1pt; text-align:left; page-break-inside:avoid; page-break-after:avoid; line-height:12.5pt; font-family:'Verdana'; font-size:10.5pt; font-weight:bold }\r\n.TOC1 { margin-top:0pt; margin-right:28.35pt; margin-bottom:0pt; text-align:left; line-height:normal; font-family:'Verdana'; font-size:9.5pt }\r\n.TOC2 { margin:0pt 28.35pt 0pt 5.65pt; text-align:left; line-height:normal; font-family:'Verdana'; font-size:9.5pt }\r\n.TOC3 { margin:0pt 28.35pt 0pt 11.35pt; text-align:left; line-height:normal; font-family:'Verdana'; font-size:9.5pt }\r\n.TOC4 { margin:0pt 28.35pt 0pt 17pt; text-align:left; line-height:normal; font-family:'Verdana'; font-size:9.5pt }\r\n.TOC5 { margin:0pt 28.35pt 0pt 22.7pt; text-align:left; line-height:normal; font-family:'Verdana'; font-size:9.5pt }\r\n.TOC6 { margin-top:0pt; margin-left:47.65pt; margin-bottom:0pt; text-align:left; line-height:normal; font-family:'Verdana'; font-size:9.5pt }\r\n.TOC7 { margin-top:0pt; margin-right:28.35pt; margin-bottom:0pt; text-align:left; line-height:normal; font-family:'Verdana'; font-size:9.5pt }\r\n.TOC8 { margin-top:0pt; margin-right:28.35pt; margin-bottom:0pt; text-align:left; line-height:normal; font-family:'Verdana'; font-size:9.5pt }\r\n.TOC9 { margin-top:0pt; margin-left:8.5pt; margin-bottom:0pt; text-align:left; line-height:normal; font-family:'Verdana'; font-size:9.5pt }\r\n.TOCHeading { margin-top:3.1pt; margin-bottom:9pt; text-align:left; page-break-before:always; page-break-inside:avoid; page-break-after:avoid; line-height:12.5pt; font-family:'Verdana'; font-size:16pt }\r\n.Tabell-Kolumnrubrik { margin-bottom:0pt; line-height:12pt; font-family:'Verdana'; font-size:8pt; font-weight:bold }\r\n.Tabell-Klla { margin-top:2pt; margin-bottom:0pt; line-height:8pt; font-family:'Verdana'; font-size:7pt }\r\n.Tabell-Radrubrik { margin-bottom:0pt; line-height:12pt; font-family:'Verdana'; font-size:8pt }\r\n.Tabell-Rubrik { margin-top:12pt; margin-bottom:3pt; text-align:left; page-break-inside:avoid; page-break-after:avoid; line-height:10pt; font-family:'Verdana'; font-size:9pt; font-weight:bold }\r\n.Tabell-Siffror { margin-bottom:0pt; text-align:right; line-height:12pt; font-family:'Verdana'; font-size:8pt }\r\n.Tabell-Text { margin-bottom:0pt; line-height:12pt; font-family:'Verdana'; font-size:8pt }\r\n.Tabell-Underrubrik { margin-top:0pt; margin-bottom:1pt; text-align:left; page-break-inside:avoid; page-break-after:avoid; line-height:8pt; font-family:'Verdana'; font-size:8pt; font-weight:normal; font-style:italic }\r\n.TableofFigures { margin-top:3.1pt; margin-bottom:0pt; text-align:justify; line-height:normal; font-family:'Verdana'; font-size:9.5pt }\r\n.TillX-utskottet { margin-top:0pt; margin-bottom:12pt; text-align:left; page-break-after:avoid; line-height:12.5pt; font-family:'Verdana'; font-size:16pt }\r\n.Title { margin-top:3.1pt; margin-bottom:1pt; text-align:left; line-height:12pt; font-family:'Verdana'; font-size:20pt; letter-spacing:-0.5pt }\r\n.Vapen { margin-top:0pt; margin-bottom:0pt; text-align:left; page-break-inside:avoid; page-break-after:avoid; line-height:12.5pt; font-family:'Verdana'; font-size:16pt }\r\n.Yrkandelista { margin-top:3.1pt; margin-left:28.35pt; margin-bottom:0pt; text-indent:-28.35pt; text-align:justify; line-height:12.5pt; font-family:'Verdana'; font-size:9.5pt }\r\n.YrkandelistaEtt { margin-top:3.1pt; margin-left:0pt; margin-bottom:0pt; text-indent:0pt; text-align:justify; line-height:12.5pt; font-family:'Verdana'; font-size:9.5pt }\r\nspan.BallongtextChar { font-family:Tahoma; font-size:8pt }\r\nspan.BilagaChar { font-family:'Verdana'; font-size:8pt; font-variant:small-caps; text-decoration:underline }\r\nspan.BrdtextChar { font-family:'Verdana'; font-size:9.5pt }\r\nspan.BrdtextChar1 { font-family:'Verdana'; font-size:9.5pt }\r\nspan.Brdtextmedindrag2Char { font-family:'Verdana'; font-size:9.5pt }\r\nspan.CitatChar { font-family:'Verdana'; font-size:9.5pt }\r\nspan.DokumentRubrikChar { font-family:'Verdana'; font-size:18pt }\r\nspan.FotnotstextChar { font-family:'Verdana'; font-size:8pt }\r\nspan.FotnotstextindragChar { font-family:'Verdana'; font-size:8pt }\r\nspan.FrslagspunktChar { font-family:'Verdana'; font-size:9.5pt; font-weight:bold; font-style:normal }\r\nspan.Hyperlink { text-decoration:none; color:#000000 }\r\nspan.KommentarerChar { font-family:'Verdana'; font-size:10pt }\r\nspan.NormalkursivChar { font-family:'Verdana'; font-size:9.5pt; font-style:italic }\r\nspan.NormaltindragChar { font-family:'Verdana'; font-size:9.5pt }\r\nspan.OrdfrandenChar { font-family:'Verdana'; font-size:9.5pt; font-style:italic }\r\nspan.OrtochDatumChar { font-family:'Verdana'; font-size:9.5pt }\r\nspan.PlaceholderText { color:#808080 }\r\nspan.PVgnarChar { font-family:'Verdana'; font-size:9.5pt }\r\nspan.ReservationshnvisningChar { font-family:'Verdana'; font-size:9.5pt; font-style:italic }\r\nspan.Rubrik1Char { font-family:'Verdana'; font-size:16pt }\r\nspan.Rubrik1DokumentinformationChar { font-family:'Verdana'; font-size:16pt }\r\nspan.Rubrik2Char { font-family:'Verdana'; font-size:13.5pt }\r\nspan.Rubrik3Char { font-family:'Verdana'; font-size:10.5pt; font-weight:bold }\r\nspan.Rubrik4Char { font-family:'Verdana'; font-size:10.5pt; font-style:italic; color:#000000 }\r\nspan.Rubrik5Char { font-family:'Verdana'; font-size:9.5pt; font-weight:bold }\r\nspan.Rubrik6Char { font-family:'Verdana'; font-size:9.5pt; font-style:italic; color:#000000 }\r\nspan.Rubrik7Char { font-family:'Verdana'; font-size:9.5pt; font-style:italic; color:#243f60 }\r\nspan.Rubrik8Char { font-family:'Verdana'; font-size:9pt; color:#272727 }\r\nspan.Rubrik9Char { font-family:'Verdana'; font-size:9pt; font-style:italic; color:#272727 }\r\nspan.RubrikChar { font-family:'Verdana'; font-size:20pt; letter-spacing:-0.5pt }\r\nspan.SidfotChar { font-family:'Verdana'; font-size:9.5pt }\r\nspan.SidhuvudChar { font-family:'Verdana'; font-size:7.5pt; font-variant:small-caps }\r\nspan.Tabell-Upphjttecken { font-family:'Verdana'; font-variant:normal; text-decoration:none; text-transform:none; vertical-align:super; display:inline }\r\nspan.VapenChar { font-family:'Verdana'; font-size:16pt }\r\nspan.tBilagaJA { color:#000000 }\r\nspan.tSidrubrikJA { color:#000000 }\r\n.TableGrid {  }\r\n--></style>\r\n\r\n\t\t<div class=\"Section1\">\r\n\t\t\t<table cellspacing=\"0\" cellpadding=\"0\" style=\"border-collapse:collapse; margin-left:0pt\">\r\n\t\t\t\t<tr style=\"height:79.4pt\">\r\n\t\t\t\t\t<td style=\"vertical-align:top; width:297.7pt\">\r\n\t\t\t\t\t\t<p class=\"Rubrik1Dokumentinformation\" style=\"margin-top:0pt; margin-bottom:0pt; text-align:left; page-break-inside:avoid; page-break-after:avoid; line-height:16pt\">\r\n\t\t\t\t\t\t\t<span style=\"font-family:'Verdana'; font-size:16pt; -aw-sdt-tag:ccUtskott; -aw-sdt-title:'utskottsnamn Dokumentegenskap'\">Finansutskottet</span><span style=\"font-family:'Verdana'; font-size:16pt; -aw-sdt-tag:ccS; -aw-sdt-title:s\">s</span><span style=\"font-family:'Verdana'; font-size:16pt; -aw-sdt-tag:ccMellanslag; -aw-sdt-title:Mellanslag\"> </span><a name=\"Utlatande\"></a><span style=\"font-family:'Verdana'; font-size:16pt\">betänkande</span>\r\n\t\t\t\t\t\t</p>\r\n\t\t\t\t\t\t<p class=\"Dokumentbeteckning\" style=\"margin-top:0pt; margin-bottom:0pt; text-align:left; page-break-inside:avoid; page-break-after:avoid; line-height:16pt\">\r\n\t\t\t\t\t\t\t<span style=\"font-family:'Verdana'; font-size:16pt; -aw-sdt-tag:ccRiksmote; -aw-sdt-title:'riksmote Dokumentegenskap'\">2018/19</span><span style=\"font-family:'Verdana'; font-size:16pt; -aw-sdt-tag:ccKolon; -aw-sdt-title:Kolon\">:</span><a name=\"Utskottebeteckning\"></a><span style=\"font-family:'Verdana'; font-size:16pt\">FiU12</span>\r\n\t\t\t\t\t\t</p>\r\n\t\t\t\t\t\t<p class=\"Rubrik1Dokumentinformation\" style=\"margin-top:0pt; margin-bottom:0pt; text-align:left; page-break-inside:avoid; page-break-after:avoid; line-height:16pt\">\r\n\t\t\t\t\t\t\t<span style=\"font-family:'Verdana'; font-size:16pt\"> </span>\r\n\t\t\t\t\t\t</p>\r\n\t\t\t\t\t</td>\r\n\t\t\t\t</tr>\r\n\t\t\t</table>\r\n\t\t\t<p class=\"DokumentRubrik\" style=\"-aw-sdt-tag:ccDokumentrubrik; -aw-sdt-title:'dokumentrubrik Dokumentegenskap'\">\r\n\t\t\t\t<span>Riksrevisionens rapport om finansiell stabilitet</span>\r\n\t\t\t</p>\r\n\t\t\t<h1>\r\n\t\t\t\t<a name=\"_Toc529878437\"><span>Sammanfattning</span></a>\r\n\t\t\t</h1>\r\n\t\t\t<p>\r\n\t\t\t\t<span>Utskottet föreslår att riksdagen lägger regeringens skrivelse till handlingarna. </span>\r\n\t\t\t</p>\r\n\t\t\t<p class=\"NormalIndent\">\r\n\t\t\t\t<span>Riksrevisionens granskning av ändamålsenligheten i delar av arbetet med finansiell stabilitet och makrotillsyn är enligt utskottet ett viktigt bidrag i analysen och utvecklingen av detta politikområde. Granskningen avser åren 2007</span><span>–</span><span>2017 och berör såväl regeringens som Finansi</span><span>n</span><span>spektionens</span><span> </span><span>arbete. </span>\r\n\t\t\t</p>\r\n\t\t\t<p class=\"NormalIndent\">\r\n\t\t\t\t<span>Utskottet konstaterar att Riksrevisionens granskning visar att makrotillsynen i allt väsentligt fungerar ungefär som det var tänkt och i linje med </span><span>Europeiska systemrisknämndens</span><span> </span><span>rekommendationer. Sedan finns det vissa avvikande inslag.</span><span> </span><span>Riksrevisionen rekommenderar att regeringen förtydligar målet för </span><span>Finansinspektionens</span><span> makrotillsynsuppdrag. Dessutom bör </span><span>Finansinspektionen</span><span> redogöra för olika instruments för- och nackdelar. Vidare bör regeringen tillhandahålla underlag för sina ställningstaganden till de makrotillsynsåtgärder som kräver dess medgivande. Den samverkan som finns mellan berörda myndigheter </span><span>om</span><span> sårbarheter och risker för den finansiella stabiliteten fungerar enligt Riksrevisionen väl. Samtidigt bör myndigheterna fortsätta att utveckla samarbetet </span><span>när det gäller</span><span> valet av instrument så att fler typer av åtgärder analyseras och jämförs i syfte att uppnå finansiell stabilitet på ett effektivt sätt.</span>\r\n\t\t\t</p>\r\n\t\t\t<p class=\"NormalIndent\">\r\n\t\t\t\t<span>Regeringen instämmer delvis i Riksrevisionens iakttagelser och rekommendationer. Förändringar i regelverket och terminologin över tid kan enligt regeringen ha bidragit till en viss brist i transparens, men regeringen anser inte att målen för makrotillsynen i dag är otydliga. Dock håller regeringen med om vikten av transparens och att den bör tillhandahålla skriftliga underlag för sina ställningstaganden till de makrotillsynsåtgärder som kräver dess medgivande. Regeringen håller också med om att samverkan mellan berörda myndigheter fungerar väl, men anser samtidigt att ytterligare krav på samråd och samordning mellan myndigheter </span><span>om</span><span> val av makrotillsynsåtgärder skulle kunna försvåra ansvarsutkrävandet. </span>\r\n\t\t\t</p>\r\n\t\t\t<p class=\"NormalIndent\">\r\n\t\t\t\t<span>Utskottet instämmer i vikten av transparens och tydlighet i genomförandet av makrotillsynen och välkomnar det </span><span>som </span><span>regeringen anför om att kontinuerligt utveckla ramverk och sätten som såväl myndigheter som regering kommunicerar </span><span>om</span><span> genomförandet av politikområdet. Utskottet utgår också</span><span> från att regeringen </span><span>kontinuerligt ser över styrningen av sina myndigheter så att det riksdagsbundna målet om finansiell stabilitet kan uppnås.</span><span> I det arbetet är det rimligt att regeringen beaktar det Riksrevisionen säger om ett tydligare mål för FI:s makrotillsynsuppdrag och hur myndigheten ska väga olika mål mot varandra.</span><span> </span><span>Slutligen </span><span>välkomnar </span><span>utskottet</span><span> att regeringen i enlighet med Riksrevisionens rekommendation i fortsättningen</span><span> avser att tillhandahålla skriftliga underlag för de ställningstaganden till makrotillsynsåtgärder som kräver </span><span>regeringens</span><span> medgivande. Det kommer </span><span>enligt utskottet </span><span>att kunna bidra ytterligare till trovärdigheten för politiken och dess genomförande.</span>\r\n\t\t\t</p>\r\n\t\t\t<p class=\"NormalIndent\">\r\n\t\t\t\t<span>Utskottet anser att riksdagen bör avslå motionen.</span>\r\n\t\t\t</p>\r\n\t\t\t<p class=\"R4\">\r\n\t\t\t\t<span>Behandlade förslag</span>\r\n\t\t\t</p>\r\n\t\t\t<p>\r\n\t\t\t\t<span>Regeringens skrivelse 2017/18:255 Riksrevisionens rapport om finansiell stabilitet. </span><br /><span>Ett yrkande i en följdmotion</span><span>.</span><span> </span>\r\n\t\t\t</p>\r\n\t\t\t<p class=\"Innehllsfrteckning\">\r\n\t\t\t\t<a name=\"Innehållsförteckning\"></a><span class=\"tSidrubrikJA\">Innehållsförteckning</span>\r\n\t\t\t</p>\r\n\t\t\t<p class=\"TOC1\">\r\n\t\t\t\t<a style=\"color:#000000\" href=\"#_Toc529878437\"><span class=\"Hyperlink\">Sammanfattning</span></a>\r\n\t\t\t</p>\r\n\t\t\t<p class=\"TOC1\">\r\n\t\t\t\t<a style=\"color:#000000\" href=\"#_Toc529878438\"><span class=\"Hyperlink\">Utskottets förslag till riksdagsbeslut</span></a>\r\n\t\t\t</p>\r\n\t\t\t<p class=\"TOC1\">\r\n\t\t\t\t<a style=\"color:#000000\" href=\"#_Toc529878439\"><span class=\"Hyperlink\">Redogörelse för ärendet</span></a>\r\n\t\t\t</p>\r\n\t\t\t<p class=\"TOC1\">\r\n\t\t\t\t<a style=\"color:#000000\" href=\"#_Toc529878440\"><span class=\"Hyperlink\">Utskottets överväganden</span></a>\r\n\t\t\t</p>\r\n\t\t\t<p class=\"TOC2\">\r\n\t\t\t\t<a style=\"color:#000000\" href=\"#_Toc529878441\"><span class=\"Hyperlink\">Riksrevisionens rapport om finansiell stabilitet</span></a>\r\n\t\t\t</p>\r\n\t\t\t<p class=\"TOC3\" style=\"margin-bottom:0pt\">\r\n\t\t\t\t<a style=\"color:#000000\" href=\"#_Toc529878442\"><span class=\"Hyperlink\">Riksrevisionens granskningsrapport</span></a>\r\n\t\t\t</p>\r\n\t\t\t<p class=\"TOC3\" style=\"margin-top:0pt; margin-bottom:0pt\">\r\n\t\t\t\t<a style=\"color:#000000\" href=\"#_Toc529878443\"><span class=\"Hyperlink\">Regeringens svarsskrivelse</span></a>\r\n\t\t\t</p>\r\n\t\t\t<p class=\"TOC3\" style=\"margin-top:0pt; margin-bottom:0pt\">\r\n\t\t\t\t<a style=\"color:#000000\" href=\"#_Toc529878444\"><span class=\"Hyperlink\">Motionen</span></a>\r\n\t\t\t</p>\r\n\t\t\t<p class=\"TOC3\" style=\"margin-top:0pt; margin-bottom:0pt\">\r\n\t\t\t\t<a style=\"color:#000000\" href=\"#_Toc529878445\"><span class=\"Hyperlink\">Kompletterande information</span></a>\r\n\t\t\t</p>\r\n\t\t\t<p class=\"TOC3\" style=\"margin-top:0pt\">\r\n\t\t\t\t<a style=\"color:#000000\" href=\"#_Toc529878446\"><span class=\"Hyperlink\">Utskottets ställningstagande</span></a>\r\n\t\t\t</p>\r\n\t\t\t<p class=\"TOC1\">\r\n\t\t\t\t<a style=\"color:#000000\" href=\"#_Toc529878447\"><span class=\"Hyperlink\">Särskilt yttrande</span></a>\r\n\t\t\t</p>\r\n\t\t\t<p class=\"TOC7\" style=\"margin-left:5.65pt\">\r\n\t\t\t\t<a style=\"color:#000000\" href=\"#_Toc529878448\"><span class=\"Hyperlink\">Riksrevisionens rapport om finansiell stabilitet (SD)</span></a>\r\n\t\t\t</p>\r\n\t\t\t<p class=\"TOC8\">\r\n\t\t\t\t<span class=\"Hyperlink\" style=\"font-style:italic\">Bilaga</span><br /><a style=\"color:#000000\" href=\"#_Toc529878449\"><span class=\"Hyperlink\">Förteckning över behandlade förslag</span></a>\r\n\t\t\t</p>\r\n\t\t\t<p class=\"TOC9\">\r\n\t\t\t\t<a style=\"color:#000000\" href=\"#_Toc529878450\"><span class=\"Hyperlink\">Skrivelsen</span></a>\r\n\t\t\t</p>\r\n\t\t\t<p class=\"TOC9\">\r\n\t\t\t\t<a style=\"color:#000000\" href=\"#_Toc529878451\"><span class=\"Hyperlink\">Följdmotionen</span></a>\r\n\t\t\t</p>\r\n\t\t\t<p>\r\n\t\t\t</p>\r\n\t\t\t<p>\r\n\t\t\t\t<span> </span>\r\n\t\t\t</p>\r\n\t\t\t<p class=\"NormalIndent\">\r\n\t\t\t\t<span> </span>\r\n\t\t\t</p>\r\n\t\t\t<p class=\"Avsnittsrubrik\">\r\n\t\t\t\t<a name=\"StopCC\"></a><a name=\"_Toc529878438\"><span style=\"-aw-bookmark-end:StopCC\"></span><span class=\"tSidrubrikJA\">Utskottets förslag till riksdagsbeslut</span></a>\r\n\t\t\t</p>\r\n\t\t\t<p class=\"Mellanrum\">\r\n\t\t\t\t<span> </span>\r\n\t\t\t</p>\r\n\t\t\t<p class=\"Mellanrum\">\r\n\t\t\t\t<span> </span>\r\n\t\t\t</p>\r\n\t\t\t<table cellspacing=\"0\" cellpadding=\"0\" style=\"border-collapse:collapse; margin-left:0pt; width:294.2pt\">\r\n\t\t\t\t<tr>\r\n\t\t\t\t\t<td style=\"vertical-align:top; width:22pt\">\r\n\t\t\t\t\t\t<p style=\"margin-top:3.1pt; margin-bottom:0pt; text-align:justify; page-break-inside:avoid; page-break-after:avoid; line-height:12.5pt\">\r\n\t\t\t\t\t\t\t<span style=\"font-family:'Verdana'; font-size:10.5pt; font-weight:bold\">Riksrevisionens rapport om finansiell stabilitet</span>\r\n\t\t\t\t\t\t</p>\r\n\t\t\t\t\t</td>\r\n\t\t\t\t</tr>\r\n\t\t\t</table>\r\n\t\t\t<p class=\"Normalutanluftfre\" style=\"-aw-sdt-tag:'dokumentavsnitt/utskottets förslag till riksdagsbeslut/1316239613'; -aw-sdt-title:'utskottets förslag till riksdagsbeslut'\">\r\n\t\t\t\t<span>Riksdagen avslår motion </span>\r\n\t\t\t</p>\r\n\t\t\t<p class=\"Normalutanluftfre\" style=\"-aw-sdt-tag:'dokumentavsnitt/utskottets förslag till riksdagsbeslut/1316239613'; -aw-sdt-title:'utskottets förslag till riksdagsbeslut'\">\r\n\t\t\t\t<span>2017/18:4189 av Oscar Sjöstedt och Dennis Dioukarev (båda SD) och </span>\r\n\t\t\t</p>\r\n\t\t\t<p class=\"Normalutanluftfre\" style=\"-aw-sdt-tag:'dokumentavsnitt/utskottets förslag till riksdagsbeslut/1316239613'; -aw-sdt-title:'utskottets förslag till riksdagsbeslut'\">\r\n\t\t\t\t<span>lägger skrivelse 2017/18:255 till handlingarna.</span>\r\n\t\t\t</p>\r\n\t\t\t<p class=\"Mellanrum\" style=\"-aw-sdt-tag:'dokumentavsnitt/utskottets förslag till riksdagsbeslut/1316239613'; -aw-sdt-title:'utskottets förslag till riksdagsbeslut'\">\r\n\t\t\t\t<span> </span>\r\n\t\t\t</p>\r\n\t\t\t<p class=\"OrtochDatum\" style=\"-aw-sdt-tag:'dokumentavsnitt/utskottets förslag till riksdagsbeslut/1316239613'; -aw-sdt-title:'utskottets förslag till riksdagsbeslut'\">\r\n\t\t\t\t<span>Stockholm den 13 november 2018</span>\r\n\t\t\t</p>\r\n\t\t\t<p class=\"PVgnar\" style=\"-aw-sdt-tag:'dokumentavsnitt/utskottets förslag till riksdagsbeslut/1316239613'; -aw-sdt-title:'utskottets förslag till riksdagsbeslut'\">\r\n\t\t\t\t<span>På finansutskottets vägnar</span>\r\n\t\t\t</p>\r\n\t\t\t<p class=\"Ordfranden\" style=\"-aw-sdt-tag:'dokumentavsnitt/utskottets förslag till riksdagsbeslut/1316239613'; -aw-sdt-title:'utskottets förslag till riksdagsbeslut'\">\r\n\t\t\t\t<span>Elisabeth Svantesson</span>\r\n\t\t\t</p>\r\n\t\t\t<p class=\"Deltagare\" style=\"-aw-sdt-tag:'dokumentavsnitt/utskottets förslag till riksdagsbeslut/1316239613'; -aw-sdt-title:'utskottets förslag till riksdagsbeslut'\">\r\n\t\t\t\t<span>Följande ledamöter har deltagit i beslutet: Elisabeth Svantesson (M), Fredrik Olovsson (S), Gunilla Carlsson (S), Niklas Wykman (M), Adnan Dibrani (S), Emil Källström (C), Ulla Andersson (V), Jessika Roswall (M), Dennis Dioukarev (SD), Ingela Nylund Watz (S), Jakob Forssmed (KD), Ingemar Nilsson (S), Mats Persson (L), Sven-Olof Sällström (SD), Janine Alm Ericson (MP), Jan Ericson (M) och Charlotte Quensel (SD).</span>\r\n\t\t\t</p>\r\n\t\t\t<p class=\"Mellanrum\" style=\"-aw-sdt-tag:'dokumentavsnitt/utskottets förslag till riksdagsbeslut/1316239613'; -aw-sdt-title:'utskottets förslag till riksdagsbeslut'\">\r\n\t\t\t\t<span> </span>\r\n\t\t\t</p>\r\n\t\t\t<p class=\"Mellanrum\" style=\"-aw-sdt-tag:'dokumentavsnitt/utskottets förslag till riksdagsbeslut/1316239613'; -aw-sdt-title:'utskottets förslag till riksdagsbeslut'\">\r\n\t\t\t\t<span> </span>\r\n\t\t\t</p>\r\n\t\t\t<p style=\"-aw-sdt-tag:'dokumentavsnitt/utskottets förslag till riksdagsbeslut/1316239613'; -aw-sdt-title:'utskottets förslag till riksdagsbeslut'\">\r\n\t\t\t\t<span> </span>\r\n\t\t\t</p>\r\n\t\t\t<p class=\"Mellanrum\">\r\n\t\t\t\t<span> </span>\r\n\t\t\t</p>\r\n\t\t\t<p class=\"Mellanrum\">\r\n\t\t\t\t<span> </span>\r\n\t\t\t</p>\r\n\t\t\t<p class=\"Avsnittsrubrik\">\r\n\t\t\t\t<a name=\"SlutUtskottsForslag\"></a><a name=\"_Toc529878439\"><span style=\"-aw-bookmark-end:SlutUtskottsForslag\"></span><span class=\"tSidrubrikJA\">Redogörelse för ärendet</span></a>\r\n\t\t\t</p>\r\n\t\t\t<p>\r\n\t\t\t\t<span>I regeringens skrivelse 2017/18:255 Riksrevisionens rapport om finansiell stabilitet behandlas Riksrevisionens </span><span>gransknings</span><span>rapport</span><span> </span><span>RiR</span><span> 2018:2</span><span>.</span><span> Riksrevisionen har i rapporten granskat hur makrotillsynen genomförs och hur berörda myndigheter samverkar i frågor som rör makrotillsynen. </span>\r\n\t\t\t</p>\r\n\t\t\t<p class=\"NormalIndent\">\r\n\t\t\t\t<span>Riksdagen överlämnade den 18 januari 2018 Riksrevisionens granskningsrapport till regeringen. </span>\r\n\t\t\t</p>\r\n\t\t\t<p class=\"NormalIndent\">\r\n\t\t\t\t<span>Den 23 januari 2018 anordnade finansutskottet en öppen utfrågning om finansiell stabilitet och makrotillsyn. Ett av underlagen för utfrågningen var Riksrevisionens här aktuella granskningsrapport. I utfrågningen medverkade finansmarknadsminister Per Bolund, dåvarande riksrevisor Ingvar Mattson, Finansinspektionens generaldirektör Erik Thedéen, riksgäldsdirektör Hans Lindblad och riksbankschef Stefan Ingves. Anteckningar från denna utfrågning finns </span><span>i</span><span> bilaga 2 i </span><span>finansutskottets </span><span>betänkande 2017/18:FiU22</span><span> Finansiell stabilitet och finansmarknadsfrågor</span><span>.</span>\r\n\t\t\t</p>\r\n\t\t\t<p class=\"NormalIndent\">\r\n\t\t\t\t<span>Regeringen lämnade sin svarsskrivelse </span><span>på granskningsrapporten </span><span>till riksdagen den 9 maj 2018. Riksdagen beslutade </span><span>den 19 juni 2018 att skjuta upp ärendet till riksmötet 2018/19 (bet. 2017/18:FiU50).</span>\r\n\t\t\t</p>\r\n\t\t\t<p class=\"NormalIndent\">\r\n\t\t\t\t<span>En motion har väckts m</span><span>ed anledning av </span><span>regeringens </span><span>skrivelse</span><span>.</span>\r\n\t\t\t</p>\r\n\t\t\t<p class=\"NormalIndent\">\r\n\t\t\t\t<span>En förteckning över </span><span>de </span><span>behandlade förslag</span><span>en</span><span> finns i bilaga 1.</span>\r\n\t\t\t</p>\r\n\t\t\t<p class=\"Avsnittsrubrik\">\r\n\t\t\t\t<a name=\"_Toc529878440\"><span class=\"tSidrubrikJA\">Utskottets överväganden</span></a>\r\n\t\t\t</p>\r\n\t\t\t<h2 style=\"-aw-sdt-tag:438713e7-1caa-455a-a367-cceae0e3b68b/förslagsrutor/-149955852/1540207604390; -aw-sdt-title:förslagsrutor\">\r\n\t\t\t\t<a name=\"_Toc529878441\"><span>Riksrevisionens rapport om finansiell stabilitet</span></a>\r\n\t\t\t</h2>\r\n\t\t\t<div style=\"border-bottom-color:#000000; border-bottom-style:solid; border-bottom-width:0.75pt; border-left-color:#000000; border-left-style:solid; border-left-width:0.75pt; border-right-color:#000000; border-right-style:solid; border-right-width:0.75pt; border-top-color:#000000; border-top-style:solid; border-top-width:0.75pt; clear:both; margin:3.1pt 0.9pt 0pt\">\r\n\t\t\t\t<p class=\"Normalrutafet\" style=\"margin:0pt; padding-right:4pt; padding-left:4pt\">\r\n\t\t\t\t\t<span style=\"-aw-bookmark-end:_Toc529878441\"></span><span>Utskottets förslag i korthet</span>\r\n\t\t\t\t</p>\r\n\t\t\t\t<p class=\"Normalruta\" style=\"margin:0pt; padding-right:4pt; padding-left:4pt\">\r\n\t\t\t\t\t<span>Riksdagen </span><span>lägger regeringens skrivelse till handlingarna och avslår motionen.</span><span> Riksrevisionens granskning av ändamålsenligheten i delar av arbetet med finansiell stabilitet och makrotillsyn är enligt utskottet ett viktigt bidrag i analysen och utvecklingen av detta politikområde. </span>\r\n\t\t\t\t</p>\r\n\t\t\t\t<p class=\"Normalrutaindrag\" style=\"margin:0pt; padding-right:4pt; padding-left:4pt; padding-bottom:4pt; -aw-sdt-tag:'438713e7-1caa-455a-a367-cceae0e3b68b/förslagsrutor reservations text/-1497338010/1541674815616'; -aw-sdt-title:'förslagsrutor reservations text'\">\r\n\t\t\t\t\t<span>Jämför det särskilda yttrandet (SD).</span>\r\n\t\t\t\t</p>\r\n\t\t\t</div>\r\n\t\t\t<p>\r\n\t\t\t\t<span> </span>\r\n\t\t\t</p>\r\n\t\t\t<h3 style=\"margin-top:0pt\">\r\n\t\t\t\t<a name=\"_Toc529878442\"><span>Riksrevisionens </span><span>gransknings</span><span>rapport</span></a>\r\n\t\t\t</h3>\r\n\t\t\t<p>\r\n\t\t\t\t<span>Riksrevisionen skriver i rapporten att regeringen i</span><span> spåren av den globala finanskrisen har vidtagit omfattande åtgärder för att värna den finansiella stabiliteten. Vid sidan av den traditionella tillsynen över enskilda finansiella företag, s.k. mikrotillsyn, har makrotillsyn införts</span><span>. Det huvudsakliga ansvaret för makrotillsynen har </span><span>Finansinspektionen (FI)</span><span>.</span><span> Ett väl fungerande finansiellt system skapar goda förutsättningar för hushållen att spara och låna och för företagen att investera. Makrotillsynen förväntas bidra till det finansiella systemets stabilitet, och därigenom till den ekonomiska tillväxten, men kan också påverka kreditmarknadens funktion och i förlängningen hålla tillbaka den ekonomiska tillväxten.</span>\r\n\t\t\t</p>\r\n\t\t\t<p class=\"NormalIndent\">\r\n\t\t\t\t<span>Ett av riksdagens mål för finansmarknadsområdet är att det finansiella systemet ska vara stabilt. Europeiska systemrisknämnden (</span><span>European</span><span> </span><span>systemic</span><span> risk board, </span><span>ESRB) har ansvaret för makrotillsynen i unionen och utfärdar rekommendationer</span><span>.</span><span> </span><span>R</span><span>ekommendationerna </span><span>är </span><span>inte bindande, men om avsteg görs ska de motiveras. Mot bakgrund av att makrotillsynen nu funnits på plats i några år finns det</span><span> enligt Riksrevisionen</span><span> anledning att granska hur tillsynen fungerat så här långt med avseende på bl.a. makrotillsynens mål, riskbedömning, val av instrument och samverkan mellan de berörda myndigheterna.</span>\r\n\t\t\t</p>\r\n\t\t\t<p class=\"R4\">\r\n\t\t\t\t<span>Syfte och genomförande</span>\r\n\t\t\t</p>\r\n\t\t\t<p>\r\n\t\t\t\t<span>Riksrevisionen har granskat ändamålsenligheten i vissa delar av arbetet med den finansiella stabiliteten och makrotillsynen. Frågeställningarna är följande:</span>\r\n\t\t\t</p>\r\n\t\t\t<p class=\"Punktlistabomb\" style=\"margin-left:14.2pt; margin-bottom:0pt; text-indent:-14.2pt\">\r\n\t\t\t\t<span style=\"font-family:'Verdana'; font-size:10pt\">•</span><span style=\"font:7.0pt 'Verdana'\">       </span><span>Är regeringens syfte med och FI:s mål för makrotillsynen specificerade på ett sätt som bidrar till att riksdagens mål för finansmarknadsområdet nås?</span>\r\n\t\t\t</p>\r\n\t\t\t<p class=\"Punktlistabomb\" style=\"margin-top:0pt; margin-left:14.2pt; margin-bottom:0pt; text-indent:-14.2pt\">\r\n\t\t\t\t<span style=\"font-family:'Verdana'; font-size:10pt\">•</span><span style=\"font:7.0pt 'Verdana'\">       </span><span>Har FI en strategi för makrotillsynen där tillgängliga instrument används transparent och effektivt för att bidra till myndighetens mål?</span>\r\n\t\t\t</p>\r\n\t\t\t<p class=\"Punktlistabomb\" style=\"margin-top:0pt; margin-left:14.2pt; text-indent:-14.2pt\">\r\n\t\t\t\t<span style=\"font-family:'Verdana'; font-size:10pt\">•</span><span style=\"font:7.0pt 'Verdana'\">       </span><span>Har berörda myndigheters samverkan bidragit till god samordning av analyser och klarlagt behovet av lämpliga åtgärder?</span>\r\n\t\t\t</p>\r\n\t\t\t<p>\r\n\t\t\t\t<span>För att bedöma </span><span>de </span><span>berörda myndigheter</span><span>na</span><span>s arbete med makrotillsynen och dess bidrag till den finansiella stabiliteten tar Riksrevisionen i granskningen utgångspunkt i rekommendationerna från ESRB.</span>\r\n\t\t\t</p>\r\n\t\t\t<p class=\"NormalIndent\">\r\n\t\t\t\t<span>Riksrevisionen har inte granskat makrotillsynens organisatoriska hemvist eller dess författningsstöd.</span>\r\n\t\t\t</p>\r\n\t\t\t<p class=\"R4\">\r\n\t\t\t\t<span>Granskningens resultat och slutsatser</span>\r\n\t\t\t</p>\r\n\t\t\t<p>\r\n\t\t\t\t<span>Riksrevisionens övergripande slutsats är att den svenska makrotillsynen i flera avseenden följer </span><span>ESRB:s</span><span> rekommendationer</span><span>,</span><span> men att den har ett antal avvikande inslag som regeringen och FI bör beakta för att säkerställa att makrotillsynen bedrivs så effektivt som möjligt.</span>\r\n\t\t\t</p>\r\n\t\t\t<p class=\"R5\">\r\n\t\t\t\t<span>Målet för makrotillsynen är inte tillräckligt tydligt</span>\r\n\t\t\t</p>\r\n\t\t\t<p>\r\n\t\t\t\t<span>Riksrevisionen bedömer att regeringens uppdrag till FI är otydligt vad gäller målet för makrotillsynen. Det gäller särskilt om, och i så fall hur, FI ska beakta den målkonflikt som kan uppstå när det gäller att hitta balansen mellan åtgärder för ett stabilt finansiellt system och för en god ekonomisk utveckling. FI:s breda tolkning av myndighetens uppdrag riskerar </span><span>enligt Riksrevisionen </span><span>dessutom medföra att makrotillsynen blir mindre effektiv och att eventuella målkonflikter förstärks.</span>\r\n\t\t\t</p>\r\n\t\t\t<p class=\"NormalIndent\">\r\n\t\t\t\t<span>Riksrevisionens g</span><span>ranskning visar att regeringens syfte med den finansiella stabilitetspolitiken överlag är i linje med </span><span>ESRB:s</span><span> rekommendation. Slutmålet för makrotillsynen enligt ESRB är att bidra till den finansiella stabiliteten, där en stabil finanssektor i sin tur förväntas bidra till den ekonomiska tillväxten. Riksrevisionen noterar dock att regeringen i sin instruktion till FI betonar behovet av avvägningen mellan ett stabilt finansiellt system och en god ekonomisk utveckling. Även om detta inte är motsägelsefullt i sig, makrotillsynsåtgärder kan både gynna och hämma den ekonomiska tillväxten, anser Riksrevisionen att formuleringen är otydlig </span><span>när det gäller</span><span> hur regeringen ser på målen för FI:s verksamhet och hur den vill att FI ska hantera potentiella målkonflikter.</span>\r\n\t\t\t</p>\r\n\t\t\t<p class=\"NormalIndent\">\r\n\t\t\t\t<span>När det gäller FI:s tolkning av myndighetens mål för makrotillsynen bedömer Riksrevisionen att den avviker från </span><span>ESRB:s</span><span> rekommendation. Riksrevisionen uppfattar det som att FI sätter målet om en balanserad utveckling på kreditmarknaden på samma nivå som målet om finansiell stabilitet, medan ESRB rekommenderar ett mellanliggande mål i form av en balanserad utveckling på kreditmarknaden som en operativ specifikation för att bidra till stabiliteten i det finansiella systemet som helhet. Riksrevisionen men</span><span>ar här </span><span>att FI:s tolkning av myndighetens uppdrag har medfört att myndigheten vidtagit åtgärder med hänvisning till makrotillsyn utan att ha som mål att bidra till den finansiella stabiliteten. Dessutom noterar Riksrevisionen </span><span>att FI:s uppdragsbeskrivning </span><span>när det gäller</span><span> makroekonomisk stabilitet i och med detta sträcker sig utanför riksdagens mål för finansmarknadsområdet.</span>\r\n\t\t\t</p>\r\n\t\t\t<p class=\"R5\">\r\n\t\t\t\t<span>Oklar koppling mellan risker och åtgärder</span>\r\n\t\t\t</p>\r\n\t\t\t<p>\r\n\t\t\t\t<span>Riksrevisionen noterar att FI har upprättat ett ramverk som i grova drag förklarar hur myndigheten arbetar med att identifiera sårbarheter i det finansiella </span><span>systemet och hur den avser att använda de makrotillsynsinstrument som omfattas av dess befogenheter. I så måtto kan makrotillsynen i Sverige </span><span>enligt Riksrevisionen </span><span>sägas uppfylla </span><span>ESRB:s</span><span> rekommendation om ramverk. Riksrevisionen bedömer dock att makrotillsynen inte är tillräckligt transparent och förklarlig, vilket ESRB rekommenderar att den ska vara. Det saknas bl.a.</span><span> en beskrivning av hur FI med sin metod ser på sambanden mellan dels (avsaknaden av) sårbarheter och makrotillsynens slutmål, dels (förekomsten av) sårbarheter och valet av makrotillsynsinstrument.</span>\r\n\t\t\t</p>\r\n\t\t\t<p class=\"NormalIndent\">\r\n\t\t\t\t<span>Riksrevisionen anser att FI har en makrotillsynsstrategi med indikatorer för att övervaka utvecklingen av systemrisker, som är i linje med </span><span>ESRB:s</span><span> rekommendation. Riksrevisionen menar dock att FI:s genomförande av makrotillsynen</span><span> har brister i transparens</span><span> när det gäller</span><span> identifiering av systemrisker och behovet av åtgärder. Riksrevisionen kan inte se att FI har en policystrategi för beslut om makrotillsynsåtgärder som är i linje med </span><span>ESRB:s</span><span> rekommendation, dvs. vägledd av indikatorer, med undantag för FI:s beslut om den kontracykliska kapitalbufferten. Med ”vägledd av indikatorer” menar ESRB att beslut om åtgärder ska </span><span>fattas</span><span> med stöd av en uppsättning indikatorer tillsammans med en expertbedömning. I detta ser Riksrevisionen ingen motsättning till FI:s makrotillsynsramverk, enligt vilket beslut om åtgärder ska föregås av en grundlig analys eftersom besluten innefattar en avvägning av förtjänster mot risker och kostnader.</span>\r\n\t\t\t</p>\r\n\t\t\t<p class=\"NormalIndent\">\r\n\t\t\t\t<span>Då sårbarheter enligt FI fyller samma syfte som </span><span>ESRB:s</span><span> mellanliggande mål anser Riksrevisionen att FI på förhand skulle kunna ange vilka </span><span>makrotillsynsinstrument (ett eller flera) som skulle kunna bli aktuella för att hantera olika sårbarheter. Riksrevisionen bedömer att FI:s tillämpning av makrotillsynsinstrument avviker från </span><span>ESRB:s</span><span> rekommendationer genom att myndighetens redogörelser för alternativa åtgärder är betydligt smalare än vad som är rimligt. Riksrevisionen anser att FI:s redogörelser för alternativa åtgärder bör utvidgas till att</span><span> i högre grad följa </span><span>ESRB:s</span><span> vägledande förteckning över makrotillsynsinstrument med koppling till olika mellanliggande mål, men med anpassning till den uppsättning sårbarheter FI använder som operativt stöd.</span>\r\n\t\t\t</p>\r\n\t\t\t<p class=\"R5\">\r\n\t\t\t\t<span>Väl fungerande men begränsad samverkan</span><span> mellan myndigheter</span>\r\n\t\t\t</p>\r\n\t\t\t<p>\r\n\t\t\t\t<span>Riksrevisionen bedömer att samverkan i makrotillsynsfrågor mellan de myndigheter som har till uppgift att bidra till den finansiella stabiliteten till stora delar fungerar bra, men att </span><span>samverkan </span><span>om</span><span> valet av makrotillsynsinstrument till vissa delar präglas av begränsningar. Det saknas, inom ramen för </span><span>F</span><span>inansiella stabilitetsrådet, heltäckande jämförelser av </span><span>effektiviteten hos olika typer av åtgärder som kan bidra till den finansiella stabiliteten.</span>\r\n\t\t\t</p>\r\n\t\t\t<p class=\"NormalIndent\">\r\n\t\t\t\t<span>Den samverkan som finns mellan berörda myndigheter </span><span>om</span><span> sårbarheter och risker för den finansiella stabiliteten fungerar</span><span> enligt Riksrevisionen</span><span> väl. FI, Riksgäldskontoret (Riksgälden) och Riksbanken har tillgång till delvis olika informationskällor och gör sina stabilitetsbedömningar från delvis olika utgångspunkter. Riksrevisionen menar att dessa delvis komplementära bedömningar torde förbättra möjligheten att identifiera sårbarheter och störningar som utgör risker för den finansiella stabiliteten. </span><span>ESRB:s</span><span> rekommendation om en lämplig samordningsmekanism med relevanta organ på nationell nivå är därmed uppfylld</span><span>, enligt Riksrevisionen</span><span>. </span>\r\n\t\t\t</p>\r\n\t\t\t<p class=\"NormalIndent\">\r\n\t\t\t\t<span>Riksrevisionen bedömer att </span><span>de </span><span>berörda myndigheter</span><span>na</span><span> har en lämplig </span><span>samordningsmekanism med relevanta organ på nationell nivå i form av </span><span>F</span><span>inansiella stabilitetsrådet. När det däremot gäller samverkan mellan </span><span>de </span><span>berörda myndigheter</span><span>na</span><span> </span><span>om</span><span> valet</span><span> av makrotillsynsinstrument finns det </span><span>enligt Riksrevisionen </span><span>utrymme för förbättringar. FI:s beslut om makrotillsynsåtgärder bedöms dra nytta av såväl Riksbankens analyser som regelbundna möten inom ramen för stabilitetsrådet. I förhållande till </span><span>ESRB:s</span><span> rekommendationer bedömer dock Riksrevisionen att det saknas breda analyser och konstruktiva diskussioner i valet av lämpliga instrument.</span>\r\n\t\t\t</p>\r\n\t\t\t<p class=\"NormalIndent\">\r\n\t\t\t\t<span>För de makrotillsynsåtgärder som kräver regeringens medgivande bedömer Riksrevisionen att processen kring medgivandena fungerar på ett tillfredsställande sätt. Regeringen motiverade kravet på ett medgivande med att vissa makrotillsynsåtgärder kan ha potentiellt stor påverkan på svensk ekonomi och de offentliga finanserna samt kan ingripa i den enskildes ekonomi. Riksrevisionen anser därför att det är viktigt att regeringen utförligt redovisar sin bedömning av konsekvenserna i dessa avseenden eftersom det bidrar till transparensen vid användning av makrotillsynsinstrument. I fallen med det ursprungliga o</span><span>ch det skärpta amorteringskravet</span><span> har regeringen</span><span> inte publicerat några egna sådana analyser eller bedömningar</span><span>, konstaterar Riksrevisionen</span><span>.</span>\r\n\t\t\t</p>\r\n\t\t\t<p class=\"R4\">\r\n\t\t\t\t<span>Riksrevisionens rekommendationer</span>\r\n\t\t\t</p>\r\n\t\t\t<p>\r\n\t\t\t\t<span>Makrotillsynen är ett förhållandevis nytt inslag i svensk politik</span><span>,</span><span> och såväl analysmetoder som samarbetsformer har förändrats under den granskade perioden. </span><span>Mycket har fallit på plats</span><span>,</span><span> men </span><span>det är </span><span>enligt</span><span> Riksrevisionen </span><span>viktigt att fortsätta utvecklingen och anpassa styrningen så att de avsedda målen nås så effektivt som möjligt. Med detta i beaktande rekommenderar Riksrevisionen följande:</span>\r\n\t\t\t</p>\r\n\t\t\t<p class=\"Punktlistabomb\" style=\"margin-left:14.2pt; margin-bottom:0pt; text-indent:-14.2pt\">\r\n\t\t\t\t<span style=\"font-family:'Verdana'; font-size:10pt\">•</span><span style=\"font:7.0pt 'Verdana'\">       </span><span>Regeringen </span><span>bör förtydliga målet för FI:s makrotillsynsuppdrag och samtidigt klargöra hur FI ska väga olika mål mot varandra.</span>\r\n\t\t\t</p>\r\n\t\t\t<p class=\"Punktlistabomb\" style=\"margin-top:0pt; margin-left:14.2pt; margin-bottom:0pt; text-indent:-14.2pt\">\r\n\t\t\t\t<span style=\"font-family:'Verdana'; font-size:10pt\">•</span><span style=\"font:7.0pt 'Verdana'\">       </span><span>FI bör ange mellanliggande mål i linje med </span><span>ESRB:s</span><span> rekommendation, eller tydligare motivera och beskriva hur sårbarheter används</span><span> som ett operativt stöd för beslut om åtgärder.</span>\r\n\t\t\t</p>\r\n\t\t\t<p class=\"Punktlistabomb\" style=\"margin-top:0pt; margin-left:14.2pt; margin-bottom:0pt; text-indent:-14.2pt\">\r\n\t\t\t\t<span style=\"font-family:'Verdana'; font-size:10pt\">•</span><span style=\"font:7.0pt 'Verdana'\">       </span><span>FI bör </span><span>utarbeta och tillämpa ett mer detaljerat ramverksdokument i syfte att säkerställa makrotillsynens effektivitet och göra den mer transparent och förutsägbar. Inom ramen för detta bör FI tydligare än i dag redogöra för de olika instrumentens för- och nackdelar.</span>\r\n\t\t\t</p>\r\n\t\t\t<p class=\"Punktlistabomb\" style=\"margin-top:0pt; margin-left:14.2pt; margin-bottom:0pt; text-indent:-14.2pt\">\r\n\t\t\t\t<span style=\"font-family:'Verdana'; font-size:10pt\">•</span><span style=\"font:7.0pt 'Verdana'\">       </span><span>Regeringen bör tillhandahålla underlag för sina ställningstaganden till de makrotillsynsåtgärder som kräver dess medgivande</span><span>, och således komplettera FI:s analyser med makroekonomiska och fördelningspolitiska analyser.</span>\r\n\t\t\t</p>\r\n\t\t\t<p class=\"Punktlistabomb\" style=\"margin-top:0pt; margin-left:14.2pt; text-indent:-14.2pt\">\r\n\t\t\t\t<span style=\"font-family:'Verdana'; font-size:10pt\">•</span><span style=\"font:7.0pt 'Verdana'\">       </span><span>De myndigheter som har till uppgift att bidra till den finansiella stabiliteten bör </span><span>fortsätta att utveckla samarbetet </span><span>om </span><span>valet av instrument, så att fler typer av åtgärder analyseras och</span><span> jämförs i syfte att uppnå finansiell stabilitet på ett effektivt sätt.</span>\r\n\t\t\t</p>\r\n\t\t\t<h3>\r\n\t\t\t\t<a name=\"_Toc529878443\"><span>Regeringens </span><span>svars</span><span>skrivelse</span></a><span> </span>\r\n\t\t\t</h3>\r\n\t\t\t<p>\r\n\t\t\t\t<span>Regeringen framhåller att makrotillsynen är ett nytt politikområde under utveckling. Som varje nytt politikområde behöver det granskas och analyseras, och Riksrevisionens rapport bidrar till det. </span>\r\n\t\t\t</p>\r\n\t\t\t<p class=\"R4\" style=\"margin-top:6pt\">\r\n\t\t\t\t<span>Regeringens bedömning av Riksrevisionens iakttagelser</span>\r\n\t\t\t</p>\r\n\t\t\t<p>\r\n\t\t\t\t<span>F</span><span>lera förändringar i regelverket </span><span>för </span><span>makrotillsynen </span><span>har skett </span><span>sedan 2014. </span><span>Förändringar i regelverket och terminologin kan</span><span> enligt regeringen</span><span> ha bidragit till en viss brist i transparens, åtminstone om analysen görs i ett kronologiskt perspektiv. </span><span>Regeringen delar</span><span> dock</span><span> </span><span>i</span><span>nte Riksrevisionens bedömning att målen för makrotillsynen i dag skulle vara otydliga. </span><span>Regeringen hänvisar till att den s</span><span>enast i propositionen Ytterligare verktyg för makrotillsyn (prop. 2017/18:22) redogjorde för vad makrotillsynen ska syfta till att uppnå och hur finansiella obalanser kan medföra makroekonomiska och finansiella stabilitetsrisker. Regeringen </span><span>konstaterar</span><span> även att ESRB i sin utvärdering av hur EU:s medlemsländer uppfyller dess rekommendationer </span><span>om</span><span> makrotillsynen, som publicerades i februari 2017, ansåg att Sverige helt följer reko</span><span>mmendationerna</span><span>.</span>\r\n\t\t\t</p>\r\n\t\t\t<p class=\"NormalIndent\">\r\n\t\t\t\t<span>Regeringen instämmer i att det är viktigt med transparens och tydlighet i genomförandet av makrotillsynen. Regeringen </span><span>framhåller</span><span> också att FI har utvecklat ett tydligt ramverk och kommunikation kring detta. Under 2018 och 2019 kommer FI att arbeta med att utveckla och redovisa metoder för att utvärdera makrotillsynen enligt </span><span>ett </span><span>uppdrag i regleringsbrev</span><span>et</span><span>. </span><span>Det lär enligt regeringen även finnas skäl</span><span> att kontinuerligt utveckla </span><span>både </span><span>ramverk och sätten som myndigheter </span><span>och </span><span>regering kommunicerar </span><span>om </span><span>genomförandet</span><span> av makrotillsynen</span><span>.</span>\r\n\t\t\t</p>\r\n\t\t\t<p class=\"NormalIndent\">\r\n\t\t\t\t<span>Regeringen delar bedömning</span><span>en</span><span> </span><span>att samverkan mellan de myndigheter </span><span>som har till uppgift att bidra till den finansiella stabiliteten</span><span> fungerar väl</span><span>. Informationsutbytet inom Finansiella stabilitetsrådet är</span><span> </span><span>välfungerande. </span><span>Regeringen menar dock att det finns </span><span>en naturlig gräns för vad samverkan kan innehålla när det kommer till </span><span>att fatta </span><span>beslut</span><span> om</span><span> åtgärder inom respektive </span><span>myndig</span><span>hets uppdrag och mandat. Det är enligt</span><span> regeringen </span><span>viktigt att poängtera att Finansiella stabilitetsrådet inte är eller bör bli ett beslutande organ. Regeringen instämmer därför inte i </span><span>synen </span><span>att samverkan </span><span>om</span><span> valet av makrotillsynsåtgärder präglas av andra begränsningar än vad som naturligt följer av det institutionella upplägget. FI har tilldelats ansvaret för makrotillsynen och har därför att själv föreslå åtgärder för att motverka finansiella obalanser i syfte att stabilisera kreditmarknaden. Ytterligare krav på samråd </span><span>om </span><span>och samordning </span><span>av</span><span> val av makrotillsynsåtgärder än vad som följer av den sedvanliga ordningen med remittering av FI:s förslag, skulle enligt regeringen kunna försvåra ansvarsutkrävande.</span>\r\n\t\t\t</p>\r\n\t\t\t<p class=\"R4\">\r\n\t\t\t\t<span>Regeringens åtgärder med anledning av Riksrevisionens iakttagelser och</span><span> </span><span>rekommendationer</span>\r\n\t\t\t</p>\r\n\t\t\t<p>\r\n\t\t\t\t<span>I</span><span> FI:s regleringsbrev för 2018 </span><span>har regeringen </span><span>gett myndigheten i uppdrag att utvärdera bl.a. verktygen för makrotillsyn och redovisa metoder för identifiering av makroekonomiska och finansiella stabilitetsrisker.</span>\r\n\t\t\t</p>\r\n\t\t\t<p class=\"NormalIndent\">\r\n\t\t\t\t<span>Regeringen instämmer i vikten av transparens när det gäller användningen</span><span> </span><span>av makrotillsynsinstrument. Enligt regeringen finns det därför skäl att</span><span> </span><span>införa en ordning där regeringen i samband med ett medgivandebeslut</span><span> </span><span>tillhandahåller sina ställningstaganden skriftligt för att på så sätt bidra till</span><span> </span><span>transparens och trovärdighet för politiken och dess genomförande. I den händelse att regeringen inte skulle ge</span><span> </span><span>sitt medgivande till en </span><span>åtgärd som FI föreslagit </span><span>blir det </span><span>enligt regeringen </span><span>av särskild vikt för</span><span> </span><span>ansvarsutkrävandet</span><span> att regeringen redogör för sitt ställningstagande. Det</span><span> </span><span>skriftliga ställningstagande</span><span>t</span><span> kan även behöva utformas med hänsyn till att</span><span> </span><span>regeringen överväger andra åtgärder som kan ha en koppling till de</span><span> </span><span>problem som FI:s åtgärd syftar till att lösa. Dessa åtgärder kan vara</span><span> </span><span>budgetpåverkande och behöv</span><span>er då</span><span> hanteras inom ramen för budgetprocessen.</span><span> </span><span>D</span><span>en skriftliga redogörelsen för regeringens ställningstagande </span><span>bör</span><span> vidare</span><span> </span><span>anpassas till vad som kan anses befogat</span><span>, med hänsyn till omfattning</span><span>en</span><span> och betydelse</span><span>n</span><span> av ett visst beslut</span><span>.</span>\r\n\t\t\t</p>\r\n\t\t\t<p class=\"NormalIndent\">\r\n\t\t\t\t<span>Regeringen betona</span><span>r</span><span> </span><span>slutligen </span><span>att</span><span> detta inte förändrar kraven på </span><span>FI,</span><span> </span><span>som </span><span>ansvarig makrotillsynsmyndighet</span><span>,</span><span> </span><span>att analysera och</span><span> </span><span>konsekvensutvärdera föreslagna makrotillsynsåtgärder </span><span>och </span><span>att iaktta</span><span> </span><span>sedvanliga krav på exempelvis remittering inför beslut om föreskrifter.</span>\r\n\t\t\t</p>\r\n\t\t\t<p class=\"NormalIndent\">\r\n\t\t\t\t<span>Med detta anser regeringen att Riksrevisionens rapport är färdigbehandlad.</span>\r\n\t\t\t</p>\r\n\t\t\t<p class=\"R4\">\r\n\t\t\t\t<span>Regeringen har inhämtat Finansinspektionens synpunkter på rapporten</span>\r\n\t\t\t</p>\r\n\t\t\t<p>\r\n\t\t\t\t<span>Regeringen har inhämtat F</span><span>I:</span><span>s synpunkter på </span><span>de </span><span>iakttagelser och rekommendationer</span><span> i rapporten </span><span>som avser FI:s verksamhet. F</span><span>I:s</span><span> synpunkter redovisas i</span><span> regeringens skrivelse.</span><span> </span>\r\n\t\t\t</p>\r\n\t\t\t<h3>\r\n\t\t\t\t<a name=\"_Toc529878444\"><span>Motionen</span></a>\r\n\t\t\t</h3>\r\n\t\t\t<p>\r\n\t\t\t\t<span>I</span><span> kommitté</span><span>motion 2017/18:4189 av Oscar Sjöstedt och Dennis Dioukarev (båda SD) framhålls att e</span><span>n ändamålsenlig makrotillsyn som</span><span> främjar</span><span> ett</span><span> </span><span>stabilt finansiellt system och en god ekonomisk utveckling är av yttersta vikt för att</span><span> </span><span>Sverige ska vara motståndskraftigt vid framtida lågkonjunkturer. Samtidigt bör</span><span> </span><span>regelverk</span><span>et</span><span> för makrotillsyn vara välavväg</span><span>t</span><span> för att </span><span>det </span><span>inte </span><span>ska bli alltför restriktivt gentemot</span><span> framför allt </span><span>nya och befintliga </span><span>bolånetagare.</span>\r\n\t\t\t</p>\r\n\t\t\t<p class=\"NormalIndent\">\r\n\t\t\t\t<span>Motionärerna pekar på att </span><span>regeringen </span><span>t</span><span>ill skillnad från Riksrevisionen anför att målen för makrotillsynen är</span><span> </span><span>tydliga och </span><span>hänvisar till att</span><span> </span><span>den i </span><span>proposition 2017/18:22 Ytterligare verktyg för</span><span> </span><span>makrotillsyn redogjorde för vad makrotillsynen ska syfta till att uppnå och hur</span><span> </span><span>finansiella obalanser kan medföra makroekonomiska och finansiella stabilitetsrisker.</span><span> I likhet med vad </span><span>som</span><span> framförde</span><span>s</span><span> </span><span>i Sverigedemokraternas reservation </span><span>under</span><span> riksdags</span><span>-</span><span>behandlingen av </span><span>den </span><span>proposition</span><span>en</span><span>,</span><span> </span><span>anser motionärerna</span><span> </span><span>att F</span><span>I:</span><span>s makrotillsynsuppdrag bör förtydligas</span><span> och myndigheten</span><span> förses med en uppsättning av definierade regleringsverktyg som den kan använda under givna förutsättningar</span><span>. D</span><span>et</span><span> bör</span><span> </span><span>också</span><span> klargöras hur </span><span>myndigheten</span><span> ska väga olika mål mot varandra</span><span>, anser motionärerna</span><span>.</span>\r\n\t\t\t</p>\r\n\t\t\t<h3>\r\n\t\t\t\t<a name=\"_Toc529878445\"><span>Ko</span><span>mpletterande information</span></a>\r\n\t\t\t</h3>\r\n\t\t\t<p>\r\n\t\t\t\t<span>Regeringen hänvisar</span><span> i skrivelsen</span><span> till att den </span><span>i regleringsbrevet för 2018 </span><span>gett </span><span>FI</span><span> i uppdrag att utvärdera verktygen för makrotillsyn och redovisa metoder för identifiering av makroekonomiska och finansiella stabilitetsrisker</span><span>.</span><span> </span><span>U</span><span>ppdrag</span><span>et</span><span> ska slutredovisas den 14 juni 201</span><span>9</span><span>, men FI publicerade en delrapport som beskriver arbetets inriktning och prioriteringar den 8 juni 2018</span><span> (FI d</span><span>nr 18-10718)</span><span>. </span><span>Fokus i </span><span>delrapport</span><span>en</span><span> </span><span>är</span><span> </span><span>FI:s </span><span>arbete med att analysera och hantera riskerna med hushållens skulder.</span><span> Exempelvis jämförs i</span><span> delrapporten de förväntade effekterna av det skärpta amorteringskravet med förväntade effekter av alternativa åtgärder som </span><span>att höja kapitalkraven </span><span>på bankerna, sänka bolånetaket </span><span>eller införa e</span><span>tt skuldkvotstak</span><span> </span><span>(</span><span>analysen </span><span>begränsas till</span><span> åtgärder i FI:s</span><span> egen</span><span> verktygslåda</span><span>)</span><span>.</span><span> </span>\r\n\t\t\t</p>\r\n\t\t\t<h3>\r\n\t\t\t\t<a name=\"_Toc529878446\"><span>Utskottets ställningstagande</span></a>\r\n\t\t\t</h3>\r\n\t\t\t<p>\r\n\t\t\t\t<span>Riksrevisionens granskning av ändamålsenligheten i delar av arbetet med finansiell stabilitet och makrotillsyn är enligt utskottet ett viktigt </span><span>bidrag i analysen och</span><span> utvecklingen av detta politikområde.</span><span> Utskottet har i spåren av finanskrisen behandlat fråg</span><span>or om finansiell stabilitet och makrotillsyn </span><span>i flera sammanhang. Inte bara i Sverige utan också internationellt har området präglats av ett intensivt reformarbete. För utskottet</span><span>s del</span><span> är det viktigt att följa och ha uppsikt över </span><span>f</span><span>rågor</span><span> som rör finansiell stabilitet</span><span>, inte minst eftersom erfarenheten visar att konsekvenserna av finansiella kriser kan bli omfattande. Som ett led i utskottets bevakning av detta område </span><span>kallar utskottet </span><span>numera </span><span>årligen regeringen </span><span>och </span><span>de </span><span>ansvariga </span><span>myndigheter</span><span>na</span><span> till en offentlig utfrågning </span><span>om den finansiella stabiliteten. Vid den senaste utfrågningen den 18 januari i år utgjorde Riksrevisionens här aktuella granskning om makrotillsynen ett av underlagen </span><span>till</span><span> utfrågningen.</span>\r\n\t\t\t</p>\r\n\t\t\t<p class=\"NormalIndent\">\r\n\t\t\t\t<span>Utskottet </span><span>konstaterar</span><span> att Riksrevisionens granskning visar att makrotillsynen i allt väsentligt fungerar ungefär som det var tänkt och i linje med </span><span>ESRB:s</span><span> rekommendationer. Sedan finns det vissa avvikande inslag. </span>\r\n\t\t\t</p>\r\n\t\t\t<p class=\"NormalIndent\">\r\n\t\t\t\t<span>Den första delfrågan i granskning</span><span>en</span><span> handlar om målet för makrotillsynen</span><span>. Är</span><span> </span><span>regeringens syfte med och FI:s mål för makrotillsynen specificerade på ett sätt som bidrar till att riksdagens mål för finansmarknadsområdet uppnås?</span><span> </span><span>Granskningen visar att regeringens syfte med den finansiella stabilitetspolitiken överlag är i linje med </span><span>ESRB:s</span><span> rekommendation, där slutmålet för makrotillsynen är att bidra till den finansiella stabiliteten. Samtidigt anser </span><span>Riksrevisionen</span><span> </span><span>att regeringens uppdrag till FI är otydligt</span><span>, särskilt när d</span><span>et gäller</span><span> </span><span>den målkonflikt som kan uppstå mellan åtgärder för ett stabilt finansiellt system och för en god ekonomisk utveckling.</span><span> </span><span>Regeringen </span><span>menar </span><span>att</span><span> förändringar i </span><span>makrotillsynens </span><span>regler och terminologi </span><span>kan </span><span>ha bidragit till viss brist på transparens</span><span> om analysen görs i ett kronologiskt perspektiv</span><span>, men delar inte bedömningen att målen för makrotillsynen i</span><span> </span><span>dag skulle vara otydliga</span><span>.</span><span> Regeringen hänvisar också till att den senast i propositionen Ytterligare verktyg för makrotillsyn redogjorde för vad makrotillsynen ska syfta till att uppnå</span><span> </span><span>(prop. 2017/18:22</span><span>,</span><span> bet. 2017/18:FiU19, rskr. 2017/18:120)</span><span>.</span><span> </span><span>R</span><span>iksdagen </span><span>beslutade </span><span>i bred politisk </span><span>enighet</span><span> om </span><span>de</span><span>ssa</span><span> </span><span>lagändringar som ger FI ytterligare verktyg för makrotillsyn</span><span>. Lagändringarna</span><span> t</span><span>rädde i kraft </span><span>så sent som </span><span>den 1 februari i år. </span><span>Som utskottet framhöll i samband med beredningen av </span><span>ärendet</span><span> är det nya regelverk</span><span>et</span><span> ett viktigt led i att förtydliga ansvar och befogenheter inom makrotillsynen och i arbetet med att upprätthålla finansiell stabilitet. </span><span>Samtidigt </span><span>ska</span><span> tilläggas</span><span> </span><span>att f</span><span>rågan om </span><span>styrningen mot och </span><span>uppfyllelsen av </span><span>det riksdagsbundna </span><span>mål</span><span>et om finansiell stabilitet</span><span> är </span><span>k</span><span>omplex. A</span><span>nsvaret för finansiell stabilitet delas mellan regeringen och flera myndigheter, däribland en myndighet direkt under riksdagen (Riksbanken)</span><span> som inte i formell mening omfattas av</span><span> målet på finansmarknadsområdet. Makrotillsynen är </span><span>endast en </span><span>(om än viktig) </span><span>pusselbit i </span><span>att värna finansiell stabilitet</span><span>, där </span><span>exempelvis </span><span>även finanspolitik och penningpolitik har stor betydelse</span><span>. </span><span>Makrotillsynen är </span><span>vidare </span><span>ett område som har utvecklats snabbt under senare år och som kommer att </span><span>behöva </span><span>utvecklas </span><span>även </span><span>framöver</span><span>.</span><span> </span><span>Liksom </span><span>regeringen anser u</span><span>tskottet</span><span> att det är </span><span>vikt</span><span>igt</span><span> att fortsätta analysera och utveckla detta politikområde. </span><span>Därtill </span><span>utgår u</span><span>tskottet </span><span>från </span><span>att regeringen kontinuerligt ser över styrningen av sina myndigheter</span><span>,</span><span> så att det riksdagsbundna målet om finansiell stabilitet kan uppnås</span><span>.</span><span> </span><span>I det arbetet är det rimligt att regeringen beaktar det Riksrevisionen säger om ett tydligare mål för FI:s makrotillsynsuppdrag och </span><span>hur myndigheten </span><span>ska väga olika mål mot varandra.</span>\r\n\t\t\t</p>\r\n\t\t\t<p class=\"NormalIndent\">\r\n\t\t\t\t<span>Den andra delfrågan i Riksrev</span><span>i</span><span>sionens granskning handlar om kopplingen mellan risker och åtgärder. Riksrevisionens</span><span> bedömer att makrotillsynen inte är tillräckligt transparent och förklarlig, och menar exempelvis att FI:s redogörelser för alternativa åtgärder är smalare än vad som är rimligt. </span><span>Regeringen instämmer i att det är viktigt med </span><span>transparens och tydlighet i genomförandet av makrotillsynen. Utskottet delar denna syn och välkomnar det </span><span>som </span><span>regeringen anför om att kontinuerligt utveckla ramverk och sätten som såväl myndigheter som regering kommunicerar </span><span>om</span><span> genomförandet av politikområdet. </span><span>Det är </span><span>vidare</span><span> bra att regeringen gett F</span><span>I</span><span> i uppdrag att utveckla och redovisa metoder för att utvärdera makrotillsynen. Uppdraget ska slutredovisas den 14 juni 2019. Utskottet </span><span>har </span><span>notera</span><span>t</span><span> att FI publicerade en delrapport den 8 juni 2018, som bl.a. jämför de förväntade effekterna av alternativa åtgärder för att hantera riskerna med hushållens höga skuldsättning. </span><span>Exempelvis jämförs i delrapporten de förväntade effekterna av det skärpta amorteringskravet med </span><span>de </span><span>förväntade effekter</span><span>na</span><span> av alternativa åtgärder som att höja kapitalkraven på bankerna, sänka bolånetaket eller införa ett skuldkvotstak.</span>\r\n\t\t\t</p>\r\n\t\t\t<p class=\"NormalIndent\">\r\n\t\t\t\t<span>Den tredje och sista delfrågan i Riksrevisionens granskning handlar om samverkan mellan </span><span>de </span><span>myndigheter</span><span> som har till uppgift att bidra till den finansiella stabiliteten</span><span>. </span><span>Riksrevisionen bedömer att samverkan mellan myndigheterna till stora delar fungerar bra men att det finns utrymme för förbättringar när det gäller samverkan </span><span>om</span><span> valet av makrotillsynsinstrument. Här menar regeringen att ytterligare krav på samråd </span><span>om</span><span> val</span><span>et</span><span> av makrotillsynsåtgärder, än vad som följer av den sedvanliga ordningen med remittering av FI:s förslag, skulle kunna försvåra ansvarsutkrävande. Utskottet</span><span> </span><span>gör ingen annan </span><span>bedömning</span><span> </span><span>än regeringen </span><span>i denna fråga</span><span>. Samtidigt </span><span>vill utskottet framhålla den v</span><span>iktig</span><span>a</span><span> iakttagelse</span><span>n</span><span> att samverkan mellan berörda myndigheter </span><span>om</span><span> sårbarheter och risker för den finansiella stabiliteten fungerar väl.</span><span> </span><span>Som Riksrevisionen </span><span>påpekar </span><span>har FI, Riksgäld</span><span>skontoret</span><span> och Riksbanken tillgång till delvis olika informationskällor och gör därför också sina stabilitetsbedömningar från delvis olika utgångspunkter. Detta förbättrar möjligheten att identifiera sårbarheter och störningar som kan utgöra risker för den finansiella stabiliteten.</span>\r\n\t\t\t</p>\r\n\t\t\t<p class=\"NormalIndent\">\r\n\t\t\t\t<span>Utskottet välkomnar </span><span>slutligen</span><span> att regeringen i fortsättningen avser att tillhandahålla skriftliga underlag för de ställningstaganden till makrotillsynsåtgärder som kräver dess medgivande. </span><span>Den r</span><span>ådande ordning</span><span>en,</span><span> att FI ska inhämta regeringens medgivande innan ytterligare verktyg för makrotillsyn införs, syftar till att förstärka möjligheten till demokratiskt ansvarsutkrävande</span><span>, särskilt</span><span> mot bakgrund av att vissa makrotillsynsåtgärder kan ha potentiellt stor påverkan på såväl den enskildes ekonomi som svensk ekonomi och de offentliga finanserna.</span><span> Att regeringen nu avser att tillhandahålla underlagen för regeringens medgivanden skriftligen kommer </span><span>enligt utskottets bedömning </span><span>att kunna bidra ytterligare till trovärdigheten för politiken och dess genomförande.</span>\r\n\t\t\t</p>\r\n\t\t\t<p class=\"NormalIndent\">\r\n\t\t\t\t<span>Mot den här bakgrunden anser utskottet också att kommittémotion 2017/18:4189 av Oscar Sjöstedt och Dennis Dioukarev (båda SD) är besvarad. U</span><span>tskottet </span><span>föreslår därmed </span><span>att riksdagen lägger regeringens skrivelse till handlingarna och avslår motionen.</span>\r\n\t\t\t</p>\r\n\t\t\t<p class=\"Avsnittsrubrik\">\r\n\t\t\t\t<a name=\"_Toc529878447\"><span class=\"tSidrubrikJA\">Särskil</span><span class=\"tSidrubrikJA\">t</span><span class=\"tSidrubrikJA\"> yttrande</span></a>\r\n\t\t\t</p>\r\n\t\t\t<p class=\"Mellanrum\">\r\n\t\t\t\t<span> </span>\r\n\t\t\t</p>\r\n\t\t\t<table cellspacing=\"0\" cellpadding=\"0\" style=\"border-collapse:collapse; margin-left:0pt; width:294.2pt\">\r\n\t\t\t\t<tr>\r\n\t\t\t\t\t<td style=\"vertical-align:top\">\r\n\t\t\t\t\t\t<p class=\"Srskiltyttranderubrik\" style=\"margin-top:0pt; margin-bottom:3.1pt; text-align:left; page-break-inside:avoid; page-break-after:avoid; line-height:12.5pt\">\r\n\t\t\t\t\t\t\t<a name=\"_Toc529878448\"><span style=\"font-family:'Verdana'; font-size:10.5pt; font-weight:bold\">Riksrevisionens rapport om finansiell stabilitet (SD)</span></a>\r\n\t\t\t\t\t\t</p>\r\n\t\t\t\t\t</td>\r\n\t\t\t\t</tr>\r\n\t\t\t</table>\r\n\t\t\t<p style=\"page-break-inside:avoid; page-break-after:avoid; -aw-sdt-tag:'4bcc0fe5-9be9-46e5-a50b-482d3e25fe45/särskilda yttranden/-1882164559/1542109106453'; -aw-sdt-title:'särskilda yttranden'\">\r\n\t\t\t\t<span>Dennis Dioukarev (SD), Sven-Olof Sällström (SD) och Charlotte Quensel (SD) anför:</span>\r\n\t\t\t</p>\r\n\t\t\t<p class=\"Mellanrum\" style=\"-aw-sdt-tag:'4bcc0fe5-9be9-46e5-a50b-482d3e25fe45/särskilda yttranden/-1882164559/1542109106453'; -aw-sdt-title:'särskilda yttranden'\">\r\n\t\t\t\t<span> </span>\r\n\t\t\t</p>\r\n\t\t\t<p>\r\n\t\t\t\t<span>Som anförs i Sverigedemokraternas kommitté</span><span>motion </span><span>2017/18:4189 är e</span><span>n ändamålsenlig makrotillsyn som främjar ett stabilt finansiellt system och en god ekonomisk utveckling av yttersta vikt för att Sverige ska vara motståndskraftig</span><span>t vid framtida lågkonjunkturer. Riksrevisionen rekommenderar i rapporten regeringen att förtydliga målet för FI:s makrotillsynsuppdrag och samtidigt klargöra hur FI ska väga olika mål mot varandra.</span>\r\n\t\t\t</p>\r\n\t\t\t<p class=\"NormalIndent\">\r\n\t\t\t\t<span>Mot bakgrund av att utskottet i sitt ställningstagande framhåller att regeringen bör beakta det Riksrevisionen säger om ett tydligare mål för FI:s makrotillsynsuppdrag, anser vi inte att det behöver riktas ett särskilt tillkännagivande </span><span>om detta </span><span>till regeringen. Av det skälet ha vi valt att inte lämna någon reservation</span><span>.</span><span> </span>\r\n\t\t\t</p>\r\n\t\t\t<p class=\"Bilaga\">\r\n\t\t\t\t<span class=\"tBilagaJA\">Bilaga </span>\r\n\t\t\t</p>\r\n\t\t\t<p class=\"Bilagerubrik\">\r\n\t\t\t\t<a name=\"_Toc529878449\"><span class=\"tSidrubrikJA\">Förteckning över behandlade förslag</span></a>\r\n\t\t\t</p>\r\n\t\t\t<p class=\"Rubrik2bilaga\" style=\"-aw-sdt-tag:'dokumentavsnitt/förteckning över behandlade förslag/-1937257084/1537859376483'; -aw-sdt-title:'förteckning över behandlade förslag'\">\r\n\t\t\t\t<a name=\"_Toc529878450\"><span>Skrivelsen</span></a><span> </span>\r\n\t\t\t</p>\r\n\t\t\t<p style=\"-aw-sdt-tag:'dokumentavsnitt/förteckning över behandlade förslag/-1937257084/1537859376483'; -aw-sdt-title:'förteckning över behandlade förslag'\">\r\n\t\t\t\t<span>Regeringens skrivelse 2017/18:255 Riksrevisionens rapport om finansiell stabilitet.</span>\r\n\t\t\t</p>\r\n\t\t\t<p class=\"Rubrik2bilaga\" style=\"-aw-sdt-tag:'dokumentavsnitt/förteckning över behandlade förslag/-1937257084/1537859376483'; -aw-sdt-title:'förteckning över behandlade förslag'\">\r\n\t\t\t\t<a name=\"_Toc529878451\"><span>Följdmotionen</span></a>\r\n\t\t\t</p>\r\n\t\t\t<h4 style=\"-aw-sdt-tag:'dokumentavsnitt/förteckning över behandlade förslag/-1937257084/1537859376483'; -aw-sdt-title:'förteckning över behandlade förslag'\">\r\n\t\t\t\t<span>2017/18:4189 av Oscar Sjöstedt och Dennis Dioukarev (båda SD):</span>\r\n\t\t\t</h4>\r\n\t\t\t<p class=\"YrkandelistaEtt\" style=\"-aw-sdt-tag:'dokumentavsnitt/förteckning över behandlade förslag/-1937257084/1537859376483'; -aw-sdt-title:'förteckning över behandlade förslag'\">\r\n\t\t\t\t<span>Riksdagen ställer sig bakom det som anförs i motionen om att förtydliga målet för Finansinspektionens makrotillsynsuppdrag och samtidigt klargöra hur Finansinspektionen ska väga olika mål mot varandra och tillkännager detta för regeringen.</span>\r\n\t\t\t</p>\r\n\t\t\t<p class=\"Mellanrum\">\r\n\t\t\t\t<span> </span>\r\n\t\t\t</p>\r\n\t\t\t<p class=\"Mellanrum\" style=\"-aw-sdt-tag:'dokumentavsnitt/förteckning över behandlade förslag/-1937257084/1537859376483'; -aw-sdt-title:'förteckning över behandlade förslag'\">\r\n\t\t\t\t<span> </span>\r\n\t\t\t</p>\r\n\t\t\t<p>\r\n\t\t\t\t<span> </span>\r\n\t\t\t</p>\r\n\t\t\t<p>\r\n\t\t\t\t<span> </span>\r\n\t\t\t</p>\r\n\t\t</div>\r\n\t"},"dokutskottsforslag":{"utskottsforslag":{"punkt":"1","rubrik":"Riksrevisionens rapport om finansiell stabilitet","forslag":"<BR/>Riksdagen avslår motion \r\n\r\n2017/18:4189 av Oscar Sjöstedt och Dennis Dioukarev (båda SD) och \r\n\r\nlägger skrivelse 2017/18:255 till handlingarna.<BR/><BR/>","beslutstyp":"acklamation","motforslag_nummer":"0","motforslag_partier":null,"votering_id":null,"votering_sammanfattning_html":null,"votering_url_xml":null,"rm":"2018/19","bet":"FiU12","vinnare":"utskottet"}},"dokaktivitet":{"aktivitet":[{"kod":"UBE","namn":"Beredning","datum":"2018-10-23 00:00:00","status":"inträffat","ordning":"0","process":null},{"kod":"UBE","namn":"Beredning","datum":"2018-11-06 00:00:00","status":"inträffat","ordning":"0","process":null},{"kod":"JUS","namn":"Justering","datum":"2018-11-13 00:00:00","status":"inträffat","ordning":"0","process":null},{"kod":"TRY","namn":"Trycklov","datum":"2018-11-13 00:00:00","status":"inträffat","ordning":"0","process":null},{"kod":"B","namn":"Bordläggning","datum":"2018-11-20 00:00:00","status":"inträffat","ordning":"0","process":null},{"kod":"BEH","namn":"Behandling","datum":"2018-11-21 00:00:00","status":"inträffat","ordning":"0","process":null},{"kod":"BES","namn":"Beslut","datum":"2018-11-21 00:00:00","status":"inträffat","ordning":"0","process":null}]},"dokuppgift":{"uppgift":[{"kod":"notis","namn":"Beslut i korthet","text":"                           <p>Riksdagen har behandlat en skrivelse från regeringen som handlar om Riksrevisionens granskning av arbetet med finansiell stabilitet och hur statens makrotillsyn har fungerat. Granskningen handlar om åren 2007-2017 och berör både regeringens och Finansinspektionens arbete.</p>\r\n<p>Enligt Riksrevisionen fungerar makrotillsynen i allt väsentligt så som det är tänkt, men med vissa undantag. Riksrevisionen rekommenderar att regeringen förtydligar målet för Finansinspektionens makrotillsynsuppdrag. När makrotillsynsåtgärder kräver regeringens medgivande borde regeringen också redovisa sina ställningstaganden skriftligt, anser revisionen. Det samarbete som finns mellan berörda myndigheter om sårbarheter och risker för den finansiella stabiliteten fungerar väl.</p>\r\n<p>Regeringen håller delvis med om Riksrevisionens synpunkter. Regeringen tycker inte att målen för makrotillsynen är otydliga men håller med revisionen om vikten av transparens. När det gäller de makrotillsynsåtgärder som kräver regeringens medgivande kommer regeringen därför framöver även redovisa sina ställningstaganden skriftligt.</p>\r\n<p>Riksdagen instämmer i vikten av transparens och tydlighet i genomförandet av makrotillsynen. Riksdagen utgår ifrån att regeringen kontinuerligt ser över hur den styr sina myndigheter så att det riksdagsbundna målet om finansiell stabilitet kan uppnås. I det arbetet är det rimligt att regeringen tar till sig det som Riksrevisionen säger om ett tydligare mål för Finansinspektionens makrotillsynsuppdrag. Riksdagen lade&nbsp;skrivelsen till handlingarna, det vill säga avslutade ärendet.</p>\r\n                                            ","dok_id":"H601FiU12","systemdatum":"2018-11-21 16:39:40"},{"kod":"notisrubrik","namn":"Beslut","text":"Statens arbete med finansiell stabilitet har granskats (FiU12)","dok_id":"H601FiU12","systemdatum":"2018-11-21 16:39:40"},{"kod":"utsknotis","namn":"Utskottets förslag till beslut","text":"                           <p>Finansutskottet har behandlat en skrivelse från regeringen som handlar om Riksrevisionens granskning avarbetet med finansiell stabilitet och hur statens makrotillsyn har fungerat. Granskningen handlar om åren 2007-2017 och berör både regeringens och Finansinspektionens arbete.</p>\r\n<p>Enligt Riksrevisionen fungerar makrotillsynen i allt väsentligt så som det är tänkt, men med vissa undantag. Riksrevisionen rekommenderar att regeringen förtydligar målet för Finansinspektionens makrotillsynsuppdrag. När makrotillsynsåtgärder kräver regeringens medgivande borde regeringen också redovisa sina ställningstaganden skriftligt, anser revisionen. Det samarbete som finns mellan berörda myndigheter om sårbarheter och risker för den finansiella stabiliteten fungerar väl.</p>\r\n<p>Regeringen håller delvis med om Riksrevisionens synpunkter. Regeringen tycker inte att målen för makrotillsynen är otydliga men håller med revisionen om vikten av transparens. När det gäller de makrotillsynsåtgärder som kräver regeringens medgivande kommer regeringen därför framöver även redovisa sina ställningstaganden skriftligt.</p>\r\n<p>Finansutskottet instämmer i vikten av transparens och tydlighet i genomförandet av makrotillsynen. Utskottet utgår ifrån att regeringen kontinuerligt ser över hur den styr sina myndigheter så att det riksdagsbundna målet om finansiell stabilitet kan uppnås. I det arbetet är det rimligt att regeringen tar till sig det som Riksrevisionen säger om ett tydligare mål för Finansinspektionens makrotillsynsuppdrag. Med det föreslår utskottet att riksdagen lägger skrivelsen till handlingarna, det vill säga avslutar ärendet.</p>\r\n                                            ","dok_id":"H601FiU12","systemdatum":"2018-11-21 16:39:40"},{"kod":"utsknotisrubrik","namn":"Utskottets förslag","text":"Statens arbete med finansiell stabilitet har granskats (FiU12)","dok_id":"H601FiU12","systemdatum":"2018-11-21 16:39:40"},{"kod":"rdbeslut","namn":"Riksdagens beslut","text":"Kammaren biföll utskottets förslag.","dok_id":"H601FiU12","systemdatum":"2018-11-21 16:54:58"},{"kod":"beslutssammanfattningusk","namn":"Utskottets förslag till beslut","text":"Skrivelsen läggs till handlingarna. Avslag på motion.","dok_id":"H601FiU12","systemdatum":"2018-11-13 15:33:49"},{"kod":"debattdatumtid","namn":"Datum och tid för debatten","text":"2018-11-21 00:00:00","dok_id":"H601FiU12","systemdatum":"2018-11-21 16:39:40"},{"kod":"beslutdatumtid","namn":"Datum och tid för beslutet","text":"2018-11-21 00:00:00","dok_id":"H601FiU12","systemdatum":"2018-11-21 16:39:40"},{"kod":"statustext","namn":"statustext","text":"Ärendet är avslutat","dok_id":"H601FiU12","systemdatum":"2018-11-22 13:31:36"}]},"dokbilaga":{"bilaga":{"dok_id":"H601FiU12","titel":"Riksrevisionens rapport om finansiell stabilitet","subtitel":null,"filnamn":"2018_19_FiU12_20181113153311_Publicering.pdf","filstorlek":"337829","filtyp":"pdf","fil_url":"http://data.riksdagen.se/fil/521CF72F-4496-49A5-BDD2-4B5E545B238D"}},"dokreferens":{"referens":[{"referenstyp":"behandlar","uppgift":"motion 2017/18:4189 med anledning av skr. 2017/18:255 Riksrevisionens rapport om finansiell stabilitet","ref_dok_id":"H5024189","ref_dok_typ":"mot","ref_dok_rm":"2017/18","ref_dok_bet":"4189","ref_dok_titel":"med anledning av skr. 2017/18:255 Riksrevisionens rapport om finansiell stabilitet","ref_dok_subtitel":null,"ref_dok_subtyp":"mot","ref_dok_dokumentnamn":"Motion"},{"referenstyp":"behandlar","uppgift":"Skrivelse 2017/18:255 Riksrevisionens rapport om finansiell stabilitet","ref_dok_id":"H503255","ref_dok_typ":"prop","ref_dok_rm":"2017/18","ref_dok_bet":"255","ref_dok_titel":"Riksrevisionens rapport om finansiell stabilitet","ref_dok_subtitel":null,"ref_dok_subtyp":"skr","ref_dok_dokumentnamn":"Skrivelse"},{"referenstyp":"föredragningslista","uppgift":"föredragningslista 2018/19:19 Onsdag den 21 november 2018","ref_dok_id":"H60I19","ref_dok_typ":"f-lista","ref_dok_rm":"2018/19","ref_dok_bet":"19","ref_dok_titel":"Onsdag den 21 november 2018","ref_dok_subtitel":null,"ref_dok_subtyp":null,"ref_dok_dokumentnamn":"Föredragningslista"},{"referenstyp":"protokollbeslut","uppgift":"2018-11-21","ref_dok_id":"H60919","ref_dok_typ":"prot","ref_dok_rm":"2018/19","ref_dok_bet":"19","ref_dok_titel":"Protokoll 2018/19:19 Onsdagen den 21 november","ref_dok_subtitel":null,"ref_dok_subtyp":null,"ref_dok_dokumentnamn":"Protokoll"},{"referenstyp":"rskr","uppgift":null,"ref_dok_id":"H60K36","ref_dok_typ":"rskr","ref_dok_rm":"2018/19","ref_dok_bet":"36","ref_dok_titel":"Riksdagsskrivelse 2018/19:36","ref_dok_subtitel":null,"ref_dok_subtyp":"rskr","ref_dok_dokumentnamn":"Riksdagsskrivelse"}]},"debatt":null}}