{"dokumentstatus":{"dokument":{"hangar_id":"5004249","dok_id":"H601JuU7","rm":"2018/19","beteckning":"JuU7","typ":"bet","subtyp":"bet","doktyp":"bet","typrubrik":"Betänkande 2018/19:JuU7","dokumentnamn":"Betänkande","debattnamn":"Debatt om förslag","tempbeteckning":"","organ":"JuU","mottagare":"","nummer":"7","slutnummer":"0","datum":"2018-11-15 00:00:00","systemdatum":"2018-11-21 22:29:09","publicerad":"2018-10-01 10:17:30","titel":"Återinförande av direktförverkande i samband med föreläggande av ordningsbot","subtitel":"","status":"Webbpublicering","htmlformat":"html","relaterat_id":"","source":"RIM","sourceid":"38fcaa23-b37d-415c-b0c2-c66b64b3068e","dokument_url_text":"http://data.riksdagen.se/dokument/H601JuU7/text","dokument_url_html":"http://data.riksdagen.se/dokument/H601JuU7","dokumentstatus_url_xml":"http://data.riksdagen.se/dokumentstatus/H601JuU7","utskottsforslag_url_xml":"http://data.riksdagen.se/utskottsforslag/H601JuU7","html":"<style><!--\r\n .w600px{width: 600px;font-family:Verdana, Geneva, sans-serif}\r\nh2.dtyp{font-size:1.5em !important;} \r\n/********************************************************************************************************/\r\n/* Styles for D:\\Logs\\DocumentConverter\\\\Output_042bca6b-a627-4db4-bae8-797d1923a28c\\HTML\\Dokument.html */\r\n/* Generated by Aspose.Words for .NET 15.3.0.0                                                          */\r\n/********************************************************************************************************/\r\n\r\n@page Section1 { size:467.8pt 686.05pt; margin:45.35pt 102.05pt 73.7pt 70.85pt }\r\ndiv.Section1 { page:Section1 }\r\nzbody { text-align:justify; line-height:12.5pt; font-family:'Verdana'; font-size:9.5pt }\r\nzh1, h2, h3, h4, h5, h6, p { margin:3.1pt 0pt 0pt }\r\nzli, table { margin-top:3.1pt; margin-bottom:0pt }\r\nzh1 { margin-top:3.1pt; margin-bottom:12pt; text-align:left; page-break-after:avoid; line-height:12.5pt; font-family:'Verdana'; font-size:16pt; font-weight:normal }\r\nzh2 { margin-top:20pt; margin-bottom:6pt; text-align:left; page-break-inside:avoid; page-break-after:avoid; line-height:12.5pt; font-family:'Verdana'; font-size:13.5pt; font-weight:normal }\r\nzh3 { margin-top:20pt; margin-bottom:3.1pt; text-align:left; page-break-inside:avoid; page-break-after:avoid; line-height:12.5pt; font-family:'Verdana'; font-size:10.5pt; font-weight:bold }\r\nzh4 { margin-top:15pt; margin-bottom:3.1pt; text-align:left; page-break-inside:avoid; page-break-after:avoid; line-height:12.5pt; font-family:'Verdana'; font-size:10.5pt; font-weight:normal; font-style:italic; color:#000000 }\r\nzh5 { margin-top:6.25pt; margin-bottom:0pt; text-align:justify; page-break-inside:avoid; page-break-after:avoid; line-height:12.5pt; font-family:'Verdana'; font-size:9.5pt; font-weight:bold }\r\nzh6 { margin-top:6.25pt; margin-bottom:0pt; text-align:justify; page-break-inside:avoid; page-break-after:avoid; line-height:12.5pt; font-family:'Verdana'; font-size:9.5pt; font-weight:normal; font-style:italic; color:#000000 }\r\n.Heading7 { margin-top:2pt; margin-bottom:0pt; text-align:justify; page-break-inside:avoid; page-break-after:avoid; line-height:12.5pt; font-family:'Verdana'; font-size:9.5pt; font-weight:normal; font-style:italic; color:#243f60 }\r\n.Heading8 { margin-top:2pt; margin-bottom:0pt; text-align:justify; page-break-inside:avoid; page-break-after:avoid; line-height:12.5pt; font-family:'Verdana'; font-size:9pt; font-weight:normal; color:#272727 }\r\n.Heading9 { margin-top:2pt; margin-bottom:0pt; text-align:justify; page-break-inside:avoid; page-break-after:avoid; line-height:12.5pt; font-family:'Verdana'; font-size:9pt; font-weight:normal; font-style:italic; color:#272727 }\r\n.Avsnittsrubrik { margin-top:0pt; margin-bottom:27.7pt; text-align:left; page-break-before:always; page-break-after:avoid; line-height:normal; font-family:'Verdana'; font-size:16pt }\r\n.Avvikandemeningrubrik { margin-top:0pt; margin-bottom:3.1pt; text-align:left; page-break-inside:avoid; page-break-after:avoid; line-height:12.5pt; font-family:'Verdana'; font-size:10.5pt; font-weight:bold }\r\n.BalloonText { margin-top:3.1pt; margin-bottom:0pt; text-align:justify; line-height:normal; font-family:Tahoma; font-size:8pt }\r\n.Bilaga { margin-top:0pt; margin-bottom:0pt; text-align:left; page-break-before:always; page-break-after:avoid; line-height:normal; widows:0; orphans:0; font-family:'Verdana'; font-size:8pt; font-variant:small-caps; text-decoration:underline }\r\n.Bilagerubrik { margin-top:0pt; margin-bottom:17.7pt; text-align:left; page-break-after:auto; line-height:normal; widows:0; orphans:0; font-family:'Verdana'; font-size:16pt }\r\n.Bild-Rubrik { margin-top:8pt; margin-bottom:0pt; text-align:justify; page-break-inside:avoid; page-break-after:avoid; line-height:10pt; font-family:'Verdana'; font-size:9.5pt; font-weight:bold }\r\n.Bild-Underrubrik { margin-top:0pt; margin-bottom:1pt; text-align:left; page-break-inside:avoid; page-break-after:avoid; line-height:8pt; font-family:'Verdana'; font-size:8pt; font-weight:normal; font-style:italic }\r\n.BodyText { margin-top:3.1pt; margin-bottom:0pt; text-align:left; line-height:12.5pt; font-family:'Verdana'; font-size:9.5pt }\r\n.BodyTextIndent2 { margin-top:3.1pt; margin-left:14.15pt; margin-bottom:6pt; text-align:justify; line-height:200%; font-family:'Verdana'; font-size:9.5pt }\r\n.Citatindrag { margin-top:0pt; margin-left:14.2pt; margin-bottom:6.1pt; text-indent:14.2pt; text-align:justify; line-height:10pt; font-family:'Verdana'; font-size:9.5pt }\r\n.CommentText { margin-top:3.1pt; margin-bottom:0pt; text-align:justify; line-height:normal; font-family:'Verdana'; font-size:10pt }\r\n.Deltagare { margin-top:0pt; margin-bottom:0pt; text-align:justify; page-break-inside:avoid; page-break-after:avoid; line-height:9.5pt; font-family:'Verdana'; font-size:9.5pt }\r\n.Diagram-Rubrik { margin-top:8pt; margin-bottom:0pt; text-align:justify; page-break-inside:avoid; page-break-after:avoid; line-height:10pt; font-family:'Verdana'; font-size:9.5pt; font-weight:bold }\r\n.Diagram-Underrubrik { margin-top:0pt; margin-bottom:1pt; text-align:left; page-break-inside:avoid; page-break-after:avoid; line-height:8pt; font-family:'Verdana'; font-size:8pt; font-weight:normal; font-style:italic }\r\n.DokumentRubrik { margin-top:6pt; margin-bottom:24pt; text-align:left; line-height:normal; border-bottom-style:solid; border-bottom-width:0.75pt; border-bottom-color:#000000; padding-bottom:4pt; font-family:'Verdana'; font-size:18pt }\r\n.Dokumentbeteckning { margin-top:0pt; margin-bottom:0pt; text-align:left; page-break-inside:avoid; page-break-after:avoid; line-height:12.5pt; font-family:'Verdana'; font-size:16pt }\r\n.Footer { margin-top:3.1pt; margin-bottom:0pt; text-align:justify; line-height:normal; font-family:'Verdana'; font-size:9.5pt }\r\n.FootnoteText { margin-top:0pt; margin-bottom:0pt; text-align:justify; line-height:8pt; font-family:'Verdana'; font-size:8pt }\r\n.Fotnotstextindrag { margin-top:0pt; margin-left:5.65pt; margin-bottom:0pt; text-align:left; line-height:8pt; font-family:'Verdana'; font-size:8pt }\r\n.Frslagspunkt { margin-top:0pt; margin-bottom:0pt; text-align:left; page-break-inside:avoid; page-break-after:avoid; line-height:12.5pt; font-family:'Verdana'; font-size:9.5pt; font-weight:bold }\r\n.Frslagstext { margin-top:0pt; margin-bottom:0pt; text-align:justify; line-height:12.5pt; font-family:'Verdana'; font-size:9.5pt }\r\n.Frteckningsrubrik { margin-top:9.6pt; margin-bottom:3.1pt; text-align:left; page-break-inside:avoid; page-break-after:avoid; line-height:normal; font-family:'Verdana'; font-size:9.5pt; font-weight:normal; font-style:italic; color:#000000 }\r\n.Grupprubrik { margin-top:6pt; margin-bottom:0pt; text-align:left; page-break-inside:avoid; page-break-after:avoid; line-height:12.5pt; font-family:'Verdana'; font-size:9.5pt; font-style:italic }\r\n.Grupprubrikindrag { margin-top:6pt; margin-left:22.1pt; margin-bottom:0pt; text-align:left; page-break-inside:avoid; page-break-after:avoid; line-height:12.5pt; font-family:'Verdana'; font-size:9.5pt; font-style:italic }\r\n.Header { margin-top:0pt; margin-bottom:0pt; text-align:justify; line-height:normal; font-family:'Verdana'; font-size:7.5pt; font-variant:small-caps }\r\n.Innehllsfrteckning { margin-top:0pt; margin-bottom:17.7pt; text-align:left; page-break-before:always; page-break-after:auto; line-height:normal; font-family:'Verdana'; font-size:16pt }\r\n.Kantrubrik { margin-top:0pt; margin-bottom:0pt; text-align:justify; line-height:normal; font-family:'Verdana'; font-size:7.5pt }\r\n.ListBullet { margin-top:6.25pt; margin-left:17.85pt; margin-bottom:6.25pt; text-indent:-17.85pt; text-align:justify; line-height:12.5pt; font-family:'Verdana'; font-size:9.5pt }\r\n.ListParagraph { margin-top:3.1pt; margin-left:28.35pt; margin-bottom:0pt; text-align:justify; line-height:12.5pt; font-family:'Verdana'; font-size:9.5pt }\r\n.Litentext { margin-top:0pt; margin-bottom:0pt; text-align:justify; line-height:normal; font-family:'Verdana'; font-size:8pt }\r\n.Mellanrubrik { margin-top:11pt; margin-bottom:3.1pt; text-align:left; page-break-after:avoid; line-height:12.5pt; font-family:'Verdana'; font-size:9.5pt; font-style:italic }\r\n.Mellanrum { margin-top:0pt; margin-bottom:0pt; text-align:left; page-break-before:auto; page-break-after:auto; line-height:1pt; widows:0; orphans:0; font-family:'Verdana'; font-size:1pt; font-variant:small-caps; text-decoration:none; color:#ffffff }\r\n.NormalIndent { margin-top:0pt; margin-bottom:0pt; text-indent:11.35pt; text-align:justify; line-height:12.5pt; font-family:'Verdana'; font-size:9.5pt }\r\n.Normalinskjuten { margin-top:0pt; margin-left:22.1pt; margin-bottom:0pt; text-align:justify; line-height:12.5pt; font-family:'Verdana'; font-size:9.5pt }\r\n.Normalinskjutenindrag { margin-top:0pt; margin-left:22.1pt; margin-bottom:0pt; text-indent:11.35pt; text-align:justify; line-height:12.5pt; font-family:'Verdana'; font-size:9.5pt }\r\n.Normalinskjutenkursiv { margin-top:6pt; margin-bottom:0pt; line-height:normal; font-family:'Verdana'; font-size:10pt; font-style:italic }\r\n.Normalkursiv { margin-top:3.1pt; margin-bottom:0pt; text-align:left; line-height:12.5pt; font-family:'Verdana'; font-size:9.5pt; font-style:italic }\r\n.Normalruta { margin:3.1pt 5.65pt 0pt; text-align:justify; page-break-inside:avoid; page-break-after:avoid; line-height:12.5pt; border-top-style:solid; border-top-width:0.75pt; border-top-color:#000000; border-right-style:solid; border-right-width:0.75pt; border-right-color:#000000; border-left-style:solid; border-left-width:0.75pt; border-left-color:#000000; border-bottom-style:solid; border-bottom-width:0.75pt; border-bottom-color:#000000; padding-top:4pt; padding-right:4pt; padding-left:4pt; padding-bottom:4pt; font-family:'Verdana'; font-size:10.5pt }\r\n.Normalrutafet { margin:3.1pt 5.65pt 0pt; text-align:justify; page-break-inside:avoid; page-break-after:avoid; line-height:12.5pt; border-top-style:solid; border-top-width:0.75pt; border-top-color:#000000; border-right-style:solid; border-right-width:0.75pt; border-right-color:#000000; border-left-style:solid; border-left-width:0.75pt; border-left-color:#000000; border-bottom-style:solid; border-bottom-width:0.75pt; border-bottom-color:#000000; padding-top:4pt; padding-right:4pt; padding-left:4pt; padding-bottom:4pt; font-family:'Verdana'; font-size:10.5pt; font-weight:bold }\r\n.Normalrutaindrag { margin:0pt 5.65pt; text-indent:11.35pt; text-align:justify; page-break-inside:avoid; page-break-after:avoid; line-height:12.5pt; border-top-style:solid; border-top-width:0.75pt; border-top-color:#000000; border-right-style:solid; border-right-width:0.75pt; border-right-color:#000000; border-left-style:solid; border-left-width:0.75pt; border-left-color:#000000; border-bottom-style:solid; border-bottom-width:0.75pt; border-bottom-color:#000000; padding-top:4pt; padding-right:4pt; padding-left:4pt; padding-bottom:4pt; font-family:'Verdana'; font-size:10.5pt }\r\n.Normalutanluftfre { margin-top:0pt; margin-bottom:0pt; text-align:justify; line-height:12.5pt; font-family:'Verdana'; font-size:9.5pt }\r\n.NormalNoll { margin-top:0pt; margin-bottom:3.1pt; text-align:left; line-height:12.5pt; font-family:'Verdana'; font-size:10.5pt; font-weight:bold }\r\n.NumlistaTOC { margin:3.1pt 28.35pt 0pt 0pt; text-indent:0pt; text-align:left; line-height:normal; font-family:'Verdana'; font-size:9.5pt }\r\n.Ordfranden { margin-top:3.1pt; margin-bottom:22pt; text-align:left; page-break-inside:avoid; page-break-after:avoid; line-height:normal; font-family:'Verdana'; font-size:9.5pt; font-style:italic }\r\n.OrtochDatum { margin-top:18pt; margin-bottom:18pt; text-align:left; page-break-inside:avoid; page-break-after:avoid; line-height:normal; font-family:'Verdana'; font-size:9.5pt }\r\n.Punktlistabomb { margin-top:6.25pt; margin-left:14.2pt; margin-bottom:6.25pt; text-indent:-14.2pt; text-align:justify; line-height:12.5pt; font-family:'Verdana'; font-size:9.5pt }\r\n.Punktlistagemener { margin-top:6.25pt; margin-left:14.2pt; margin-bottom:6.25pt; text-indent:-14.2pt; text-align:justify; line-height:12.5pt; font-family:'Verdana'; font-size:9.5pt }\r\n.Punktlistalinje { margin-top:6.25pt; margin-left:14.2pt; margin-bottom:6.25pt; text-indent:-14.2pt; text-align:justify; line-height:12.5pt; font-family:'Verdana'; font-size:9.5pt }\r\n.Punktlistasiffra { margin-top:6.25pt; margin-left:14.2pt; margin-bottom:6.25pt; text-indent:-14.2pt; text-align:justify; line-height:12.5pt; font-family:'Verdana'; font-size:9.5pt }\r\n.PVgnar { margin-top:3.1pt; margin-bottom:26pt; text-align:left; page-break-inside:avoid; page-break-after:avoid; line-height:normal; font-family:'Verdana'; font-size:9.5pt }\r\n.Quote { margin-top:6.1pt; margin-left:14.2pt; margin-bottom:0pt; text-align:justify; line-height:10pt; font-family:'Verdana'; font-size:9.5pt }\r\n.R1 { margin-top:3.1pt; margin-bottom:12pt; text-align:left; page-break-after:avoid; line-height:12.5pt; font-family:'Verdana'; font-size:16pt }\r\n.R1bilaga { margin-top:3.1pt; margin-bottom:12pt; text-align:left; page-break-after:auto; line-height:12.5pt; font-family:'Verdana'; font-size:16pt }\r\n.R2 { margin-top:20pt; margin-bottom:6pt; text-align:left; page-break-inside:avoid; page-break-after:avoid; line-height:12.5pt; font-family:'Verdana'; font-size:13.5pt }\r\n.R3 { margin-top:20pt; margin-bottom:3.1pt; text-align:left; page-break-inside:avoid; page-break-after:avoid; line-height:12.5pt; font-family:'Verdana'; font-size:10.5pt; font-weight:bold }\r\n.R4 { margin-top:15pt; margin-bottom:3.1pt; text-align:left; page-break-inside:avoid; page-break-after:avoid; line-height:12.5pt; font-family:'Verdana'; font-size:10.5pt; font-weight:normal; font-style:italic; color:#000000 }\r\n.R5 { margin-top:6.25pt; margin-bottom:0pt; text-align:justify; page-break-inside:avoid; page-break-after:avoid; line-height:12.5pt; font-family:'Verdana'; font-size:9.5pt; font-weight:bold }\r\n.R6 { margin-top:6.25pt; margin-bottom:0pt; text-align:justify; page-break-inside:avoid; page-break-after:avoid; line-height:12.5pt; font-family:'Verdana'; font-size:9.5pt; font-weight:normal; font-style:italic; color:#000000 }\r\n.Reservationshnvisning { margin-top:0pt; margin-bottom:8pt; text-align:right; line-height:12.5pt; font-family:'Verdana'; font-size:9.5pt; font-style:italic }\r\n.Reservationsrubrik { margin-top:0pt; margin-bottom:3.1pt; text-align:left; page-break-inside:avoid; page-break-after:avoid; line-height:12.5pt; font-family:'Verdana'; font-size:10.5pt; font-weight:bold }\r\n.Rubrik1Dokumentinformation { margin-top:0pt; margin-bottom:0pt; text-align:left; page-break-inside:avoid; page-break-after:avoid; line-height:12.5pt; font-family:'Verdana'; font-size:16pt }\r\n.Rubrik1bilaga { margin-top:0pt; margin-bottom:27.7pt; text-align:left; page-break-after:auto; line-height:12.5pt; font-family:'Verdana'; font-size:16pt }\r\n.Rubrik1medsidhuvud { margin-top:3.1pt; margin-bottom:12pt; text-align:left; page-break-before:always; page-break-after:avoid; line-height:12.5pt; font-family:'Verdana'; font-size:16pt }\r\n.Rubrik1numrerat { margin-top:3.1pt; margin-left:0pt; margin-bottom:12pt; text-indent:0pt; text-align:left; page-break-after:avoid; line-height:12.5pt; font-family:'Verdana'; font-size:16pt }\r\n.Rubrik1numreratmedsidhuvud { margin-top:0pt; margin-left:0pt; margin-bottom:16pt; text-indent:0pt; text-align:left; page-break-before:always; page-break-after:avoid; line-height:normal; font-family:'Verdana'; font-size:16pt }\r\n.Rubrik2bilaga { margin-top:20pt; margin-bottom:6pt; text-align:left; page-break-inside:avoid; page-break-after:avoid; line-height:12.5pt; font-family:'Verdana'; font-size:13.5pt }\r\n.Rubrik2numrerat { margin-top:20pt; margin-left:0pt; margin-bottom:6pt; text-indent:0pt; text-align:left; page-break-inside:avoid; page-break-after:avoid; line-height:12.5pt; font-family:'Verdana'; font-size:13.5pt }\r\n.Rubrik3numrerat { margin-top:20pt; margin-left:0pt; margin-bottom:3.1pt; text-indent:0pt; text-align:left; page-break-inside:avoid; page-break-after:avoid; line-height:12.5pt; font-family:'Verdana'; font-size:10.5pt; font-weight:bold }\r\n.Sammanfattning { margin-top:3.1pt; margin-bottom:12pt; text-align:left; page-break-after:auto; line-height:12.5pt; font-family:'Verdana'; font-size:16pt }\r\n.Sidhuvudhgerstlld { margin-top:0pt; margin-bottom:0pt; text-align:right; line-height:normal; font-family:'Verdana'; font-size:7.5pt; font-variant:small-caps }\r\n.Sidhuvudvnsterstlld { margin-top:0pt; margin-bottom:0pt; text-align:left; line-height:normal; font-family:'Verdana'; font-size:7.5pt; font-variant:small-caps }\r\n.Stdrubrik { margin-top:12pt; margin-bottom:0pt; line-height:12pt; font-family:'Verdana'; font-size:9.5pt; font-weight:bold }\r\n.Srskiltyttranderubrik { margin-top:0pt; margin-bottom:3.1pt; text-align:left; page-break-inside:avoid; page-break-after:avoid; line-height:12.5pt; font-family:'Verdana'; font-size:10.5pt; font-weight:bold }\r\n.TOC1 { margin-top:0pt; margin-right:28.35pt; margin-bottom:0pt; text-align:left; line-height:normal; font-family:'Verdana'; font-size:9.5pt }\r\n.TOC2 { margin:0pt 28.35pt 0pt 5.65pt; text-align:left; line-height:normal; font-family:'Verdana'; font-size:9.5pt }\r\n.TOC3 { margin:0pt 28.35pt 0pt 11.35pt; text-align:left; line-height:normal; font-family:'Verdana'; font-size:9.5pt }\r\n.TOC4 { margin:0pt 28.35pt 0pt 17pt; text-align:left; line-height:normal; font-family:'Verdana'; font-size:9.5pt }\r\n.TOC5 { margin:0pt 28.35pt 0pt 22.7pt; text-align:left; line-height:normal; font-family:'Verdana'; font-size:9.5pt }\r\n.TOC6 { margin-top:0pt; margin-left:47.65pt; margin-bottom:0pt; text-align:left; line-height:normal; font-family:'Verdana'; font-size:9.5pt }\r\n.TOC7 { margin-top:0pt; margin-right:28.35pt; margin-bottom:0pt; text-align:left; line-height:normal; font-family:'Verdana'; font-size:9.5pt }\r\n.TOC8 { margin-top:0pt; margin-right:28.35pt; margin-bottom:0pt; text-align:left; line-height:normal; font-family:'Verdana'; font-size:9.5pt }\r\n.TOC9 { margin-top:0pt; margin-left:8.5pt; margin-bottom:0pt; text-align:left; line-height:normal; font-family:'Verdana'; font-size:9.5pt }\r\n.TOCHeading { margin-top:3.1pt; margin-bottom:9pt; text-align:left; page-break-before:always; page-break-inside:avoid; page-break-after:avoid; line-height:12.5pt; font-family:'Verdana'; font-size:16pt }\r\n.Tabell-Kolumnrubrik { margin-bottom:0pt; line-height:12pt; font-family:'Verdana'; font-size:8pt; font-weight:bold }\r\n.Tabell-Klla { margin-top:2pt; margin-bottom:0pt; line-height:8pt; font-family:'Verdana'; font-size:7pt }\r\n.Tabell-Radrubrik { margin-bottom:0pt; line-height:12pt; font-family:'Verdana'; font-size:8pt }\r\n.Tabell-Rubrik { margin-top:12pt; margin-bottom:3pt; text-align:left; page-break-inside:avoid; page-break-after:avoid; line-height:10pt; font-family:'Verdana'; font-size:9pt; font-weight:bold }\r\n.Tabell-Siffror { margin-bottom:0pt; text-align:right; line-height:12pt; font-family:'Verdana'; font-size:8pt }\r\n.Tabell-Text { margin-bottom:0pt; line-height:12pt; font-family:'Verdana'; font-size:8pt }\r\n.Tabell-Underrubrik { margin-top:0pt; margin-bottom:1pt; text-align:left; page-break-inside:avoid; page-break-after:avoid; line-height:8pt; font-family:'Verdana'; font-size:8pt; font-weight:normal; font-style:italic }\r\n.TableofFigures { margin-top:3.1pt; margin-bottom:0pt; text-align:justify; line-height:normal; font-family:'Verdana'; font-size:9.5pt }\r\n.TillX-utskottet { margin-top:0pt; margin-bottom:12pt; text-align:left; page-break-after:avoid; line-height:12.5pt; font-family:'Verdana'; font-size:16pt }\r\n.Title { margin-top:3.1pt; margin-bottom:1pt; text-align:left; line-height:12pt; font-family:'Verdana'; font-size:20pt; letter-spacing:-0.5pt }\r\n.Vapen { margin-top:0pt; margin-bottom:0pt; text-align:left; page-break-inside:avoid; page-break-after:avoid; line-height:12.5pt; font-family:'Verdana'; font-size:16pt }\r\n.Yrkandelista { margin-top:3.1pt; margin-left:28.35pt; margin-bottom:0pt; text-indent:-28.35pt; text-align:justify; line-height:12.5pt; font-family:'Verdana'; font-size:9.5pt }\r\n.YrkandelistaEtt { margin-top:3.1pt; margin-left:0pt; margin-bottom:0pt; text-indent:0pt; text-align:justify; line-height:12.5pt; font-family:'Verdana'; font-size:9.5pt }\r\nspan.BallongtextChar { font-family:Tahoma; font-size:8pt }\r\nspan.BilagaChar { font-family:'Verdana'; font-size:8pt; font-variant:small-caps; text-decoration:underline }\r\nspan.BrdtextChar { font-family:'Verdana'; font-size:9.5pt }\r\nspan.BrdtextChar1 { font-family:'Verdana'; font-size:9.5pt }\r\nspan.Brdtextmedindrag2Char { font-family:'Verdana'; font-size:9.5pt }\r\nspan.CitatChar { font-family:'Verdana'; font-size:9.5pt }\r\nspan.DokumentRubrikChar { font-family:'Verdana'; font-size:18pt }\r\nspan.FotnotstextChar { font-family:'Verdana'; font-size:8pt }\r\nspan.FotnotstextindragChar { font-family:'Verdana'; font-size:8pt }\r\nspan.FrslagspunktChar { font-family:'Verdana'; font-size:9.5pt; font-weight:bold; font-style:normal }\r\nspan.Hyperlink { text-decoration:none; color:#000000 }\r\nspan.KommentarerChar { font-family:'Verdana'; font-size:10pt }\r\nspan.NormalkursivChar { font-family:'Verdana'; font-size:9.5pt; font-style:italic }\r\nspan.NormaltindragChar { font-family:'Verdana'; font-size:9.5pt }\r\nspan.OrdfrandenChar { font-family:'Verdana'; font-size:9.5pt; font-style:italic }\r\nspan.OrtochDatumChar { font-family:'Verdana'; font-size:9.5pt }\r\nspan.PlaceholderText { color:#808080 }\r\nspan.PVgnarChar { font-family:'Verdana'; font-size:9.5pt }\r\nspan.ReservationshnvisningChar { font-family:'Verdana'; font-size:9.5pt; font-style:italic }\r\nspan.Rubrik1Char { font-family:'Verdana'; font-size:16pt }\r\nspan.Rubrik1DokumentinformationChar { font-family:'Verdana'; font-size:16pt }\r\nspan.Rubrik2Char { font-family:'Verdana'; font-size:13.5pt }\r\nspan.Rubrik3Char { font-family:'Verdana'; font-size:10.5pt; font-weight:bold }\r\nspan.Rubrik4Char { font-family:'Verdana'; font-size:10.5pt; font-style:italic; color:#000000 }\r\nspan.Rubrik5Char { font-family:'Verdana'; font-size:9.5pt; font-weight:bold }\r\nspan.Rubrik6Char { font-family:'Verdana'; font-size:9.5pt; font-style:italic; color:#000000 }\r\nspan.Rubrik7Char { font-family:'Verdana'; font-size:9.5pt; font-style:italic; color:#243f60 }\r\nspan.Rubrik8Char { font-family:'Verdana'; font-size:9pt; color:#272727 }\r\nspan.Rubrik9Char { font-family:'Verdana'; font-size:9pt; font-style:italic; color:#272727 }\r\nspan.RubrikChar { font-family:'Verdana'; font-size:20pt; letter-spacing:-0.5pt }\r\nspan.SidfotChar { font-family:'Verdana'; font-size:9.5pt }\r\nspan.SidhuvudChar { font-family:'Verdana'; font-size:7.5pt; font-variant:small-caps }\r\nspan.Tabell-Upphjttecken { font-family:'Verdana'; font-variant:normal; text-decoration:none; text-transform:none; vertical-align:super; display:inline }\r\nspan.VapenChar { font-family:'Verdana'; font-size:16pt }\r\nspan.tBilagaJA { color:#000000 }\r\nspan.tSidrubrikJA { color:#000000 }\r\n.TableGrid {  }\r\n--></style>\r\n\r\n\t\t<div class=\"Section1\">\r\n\t\t\t<table cellspacing=\"0\" cellpadding=\"0\" style=\"border-collapse:collapse; margin-left:0pt\">\r\n\t\t\t\t<tr style=\"height:79.4pt\">\r\n\t\t\t\t\t<td style=\"vertical-align:top; width:297.7pt\">\r\n\t\t\t\t\t\t<p class=\"Rubrik1Dokumentinformation\" style=\"margin-top:0pt; margin-bottom:0pt; text-align:left; page-break-inside:avoid; page-break-after:avoid; line-height:16pt\">\r\n\t\t\t\t\t\t\t<span style=\"font-family:'Verdana'; font-size:16pt; -aw-sdt-tag:ccUtskott; -aw-sdt-title:'utskottsnamn Dokumentegenskap'\">Justitieutskottet</span><span style=\"font-family:'Verdana'; font-size:16pt; -aw-sdt-tag:ccS; -aw-sdt-title:s\">s</span><span style=\"font-family:'Verdana'; font-size:16pt; -aw-sdt-tag:ccMellanslag; -aw-sdt-title:Mellanslag\"> </span><a name=\"Utlatande\"></a><span style=\"font-family:'Verdana'; font-size:16pt\">betänkande</span>\r\n\t\t\t\t\t\t</p>\r\n\t\t\t\t\t\t<p class=\"Dokumentbeteckning\" style=\"margin-top:0pt; margin-bottom:0pt; text-align:left; page-break-inside:avoid; page-break-after:avoid; line-height:16pt\">\r\n\t\t\t\t\t\t\t<span style=\"font-family:'Verdana'; font-size:16pt; -aw-sdt-tag:ccRiksmote; -aw-sdt-title:'riksmote Dokumentegenskap'\">2018/19</span><span style=\"font-family:'Verdana'; font-size:16pt; -aw-sdt-tag:ccKolon; -aw-sdt-title:Kolon\">:</span><a name=\"Utskottebeteckning\"></a><span style=\"font-family:'Verdana'; font-size:16pt\">JuU7</span>\r\n\t\t\t\t\t\t</p>\r\n\t\t\t\t\t\t<p class=\"Rubrik1Dokumentinformation\" style=\"margin-top:0pt; margin-bottom:0pt; text-align:left; page-break-inside:avoid; page-break-after:avoid; line-height:16pt\">\r\n\t\t\t\t\t\t\t<span style=\"font-family:'Verdana'; font-size:16pt\"> </span>\r\n\t\t\t\t\t\t</p>\r\n\t\t\t\t\t</td>\r\n\t\t\t\t</tr>\r\n\t\t\t</table>\r\n\t\t\t<p class=\"DokumentRubrik\" style=\"-aw-sdt-tag:ccDokumentrubrik; -aw-sdt-title:'dokumentrubrik Dokumentegenskap'\">\r\n\t\t\t\t<span>Återinförande av direktförverkande i samband med föreläggande av ordningsbot</span>\r\n\t\t\t</p>\r\n\t\t\t<p class=\"Sammanfattning\">\r\n\t\t\t\t<span class=\"tSidrubrikJA\">Sammanfattning</span>\r\n\t\t\t</p>\r\n\t\t\t<p>\r\n\t\t\t\t<span>Utskottet föreslår att riksdagen antar regeringens förslag till ändring i rätte</span><span>­</span><span>gångsbalken. Lagförslaget innebär ett återinförande av möjligheten att förena ordningsbot med förverkande och annan sådan särskild rättsverkan. Ändringen är av rättelsekaraktär och </span><span>medför</span><span> att rättsläget fram till den 1 juli 2018 åter</span><span>­</span><span>ställs. </span>\r\n\t\t\t</p>\r\n\t\t\t<p class=\"NormalIndent\">\r\n\t\t\t\t<span>Lagändringen föreslås träda i kraft den 1 januari 2019.</span>\r\n\t\t\t</p>\r\n\t\t\t<p class=\"NormalIndent\">\r\n\t\t\t\t<span> </span>\r\n\t\t\t</p>\r\n\t\t\t<p class=\"R4\">\r\n\t\t\t\t<span>Behandlade förslag</span>\r\n\t\t\t</p>\r\n\t\t\t<p>\r\n\t\t\t\t<span>Proposition 2017/18:302 </span><span>Återinförande av direktförverkande i samband med föreläggande av ordningsbot</span><span>.</span>\r\n\t\t\t</p>\r\n\t\t\t<p class=\"Innehllsfrteckning\">\r\n\t\t\t\t<a name=\"Innehållsförteckning\"></a><span class=\"tSidrubrikJA\">Innehållsförteckning</span>\r\n\t\t\t</p>\r\n\t\t\t<p class=\"TOC1\">\r\n\t\t\t\t<a style=\"color:#000000\" href=\"#_Toc530046793\"><span class=\"Hyperlink\">Utskottets förslag till riksdagsbeslut</span></a>\r\n\t\t\t</p>\r\n\t\t\t<p class=\"TOC1\">\r\n\t\t\t\t<a style=\"color:#000000\" href=\"#_Toc530046794\"><span class=\"Hyperlink\">Redogörelse för ärendet</span></a>\r\n\t\t\t</p>\r\n\t\t\t<p class=\"TOC2\">\r\n\t\t\t\t<a style=\"color:#000000\" href=\"#_Toc530046795\"><span class=\"Hyperlink\">Ärendet och dess beredning</span></a>\r\n\t\t\t</p>\r\n\t\t\t<p class=\"TOC1\">\r\n\t\t\t\t<a style=\"color:#000000\" href=\"#_Toc530046796\"><span class=\"Hyperlink\">Utskottets överväganden</span></a>\r\n\t\t\t</p>\r\n\t\t\t<p class=\"TOC2\">\r\n\t\t\t\t<a style=\"color:#000000\" href=\"#_Toc530046797\"><span class=\"Hyperlink\">Återinförande av direktförverkande i samband med föreläggande av ordningsbot</span></a>\r\n\t\t\t</p>\r\n\t\t\t<p class=\"TOC8\">\r\n\t\t\t\t<span class=\"Hyperlink\" style=\"font-style:italic\">Bilaga 1</span><br /><a style=\"color:#000000\" href=\"#_Toc530046798\"><span class=\"Hyperlink\">Förteckning över behandlade förslag</span></a>\r\n\t\t\t</p>\r\n\t\t\t<p class=\"TOC9\">\r\n\t\t\t\t<a style=\"color:#000000\" href=\"#_Toc530046799\"><span class=\"Hyperlink\">Propositionen</span></a>\r\n\t\t\t</p>\r\n\t\t\t<p class=\"TOC8\">\r\n\t\t\t\t<span class=\"Hyperlink\" style=\"font-style:italic\">Bilaga 2</span><br /><a style=\"color:#000000\" href=\"#_Toc530046800\"><span class=\"Hyperlink\">Regeringens lagförslag</span></a>\r\n\t\t\t</p>\r\n\t\t\t<p>\r\n\t\t\t</p>\r\n\t\t\t<p>\r\n\t\t\t\t<span> </span>\r\n\t\t\t</p>\r\n\t\t\t<p class=\"NormalIndent\">\r\n\t\t\t\t<span> </span>\r\n\t\t\t</p>\r\n\t\t\t<p class=\"Avsnittsrubrik\">\r\n\t\t\t\t<a name=\"StopCC\"></a><a name=\"_Toc530046793\"><span style=\"-aw-bookmark-end:StopCC\"></span><span class=\"tSidrubrikJA\">Utskottets förslag till riksdagsbeslut</span></a>\r\n\t\t\t</p>\r\n\t\t\t<p class=\"Mellanrum\">\r\n\t\t\t\t<span> </span>\r\n\t\t\t</p>\r\n\t\t\t<p class=\"Mellanrum\">\r\n\t\t\t\t<span> </span>\r\n\t\t\t</p>\r\n\t\t\t<table cellspacing=\"0\" cellpadding=\"0\" style=\"border-collapse:collapse; margin-left:0pt; width:294.2pt\">\r\n\t\t\t\t<tr>\r\n\t\t\t\t\t<td style=\"vertical-align:top; width:22pt\">\r\n\t\t\t\t\t\t<p style=\"margin-top:3.1pt; margin-bottom:0pt; text-align:justify; page-break-inside:avoid; page-break-after:avoid; line-height:12.5pt\">\r\n\t\t\t\t\t\t\t<span style=\"font-family:'Verdana'; font-size:10.5pt; font-weight:bold\">Återinförande av direktförverkande i samband med föreläggande av ordningsbot</span>\r\n\t\t\t\t\t\t</p>\r\n\t\t\t\t\t</td>\r\n\t\t\t\t</tr>\r\n\t\t\t</table>\r\n\t\t\t<p class=\"Normalutanluftfre\" style=\"-aw-sdt-tag:'dokumentavsnitt/utskottets förslag till riksdagsbeslut/1717088246/1542277839580'; -aw-sdt-title:'utskottets förslag till riksdagsbeslut'\">\r\n\t\t\t\t<span>Riksdagen antar regeringens förslag till lag om ändring i rättegångsbalken.</span>\r\n\t\t\t</p>\r\n\t\t\t<p class=\"NormalIndent\" style=\"text-indent:11.3pt; -aw-sdt-tag:'dokumentavsnitt/utskottets förslag till riksdagsbeslut/1717088246/1542277839580'; -aw-sdt-title:'utskottets förslag till riksdagsbeslut'\">\r\n\t\t\t\t<span>Därmed bifaller riksdagen proposition 2017/18:302.</span>\r\n\t\t\t</p>\r\n\t\t\t<p class=\"Mellanrum\" style=\"-aw-sdt-tag:'dokumentavsnitt/utskottets förslag till riksdagsbeslut/1717088246/1542277839580'; -aw-sdt-title:'utskottets förslag till riksdagsbeslut'\">\r\n\t\t\t\t<span> </span>\r\n\t\t\t</p>\r\n\t\t\t<p class=\"OrtochDatum\" style=\"-aw-sdt-tag:'dokumentavsnitt/utskottets förslag till riksdagsbeslut/1717088246/1542277839580'; -aw-sdt-title:'utskottets förslag till riksdagsbeslut'\">\r\n\t\t\t\t<span>Stockholm den 15 november 2018</span>\r\n\t\t\t</p>\r\n\t\t\t<p class=\"PVgnar\" style=\"-aw-sdt-tag:'dokumentavsnitt/utskottets förslag till riksdagsbeslut/1717088246/1542277839580'; -aw-sdt-title:'utskottets förslag till riksdagsbeslut'\">\r\n\t\t\t\t<span>På justitieutskottets vägnar</span>\r\n\t\t\t</p>\r\n\t\t\t<p class=\"Ordfranden\" style=\"-aw-sdt-tag:'dokumentavsnitt/utskottets förslag till riksdagsbeslut/1717088246/1542277839580'; -aw-sdt-title:'utskottets förslag till riksdagsbeslut'\">\r\n\t\t\t\t<span>Fredrik Lundh Sammeli</span>\r\n\t\t\t</p>\r\n\t\t\t<p class=\"Deltagare\" style=\"-aw-sdt-tag:'dokumentavsnitt/utskottets förslag till riksdagsbeslut/1717088246/1542277839580'; -aw-sdt-title:'utskottets förslag till riksdagsbeslut'\">\r\n\t\t\t\t<span>Följande ledamöter har deltagit i beslutet: Fredrik Lundh Sammeli (S), Tomas Tobé (M), Petter Löberg (S), Carl-Oskar Bohlin (M), Adam Marttinen (SD), Maria Strömkvist (S), Johan Hedin (C), Linda Westerlund Snecker (V), Kristina Axén Olin (M), Katja Nyberg (SD), Joakim Sandell (S), Carina Ödebrink (S), Rasmus Ling (MP), Ingemar Kihlström (KD), Richard Jomshof (SD), Juno Blom (L) och Magnus Oscarsson (KD).</span>\r\n\t\t\t</p>\r\n\t\t\t<p class=\"Mellanrum\" style=\"-aw-sdt-tag:'dokumentavsnitt/utskottets förslag till riksdagsbeslut/1717088246/1542277839580'; -aw-sdt-title:'utskottets förslag till riksdagsbeslut'\">\r\n\t\t\t\t<span> </span>\r\n\t\t\t</p>\r\n\t\t\t<p class=\"Mellanrum\" style=\"-aw-sdt-tag:'dokumentavsnitt/utskottets förslag till riksdagsbeslut/1717088246/1542277839580'; -aw-sdt-title:'utskottets förslag till riksdagsbeslut'\">\r\n\t\t\t\t<span> </span>\r\n\t\t\t</p>\r\n\t\t\t<p class=\"Mellanrum\" style=\"-aw-sdt-tag:'dokumentavsnitt/utskottets förslag till riksdagsbeslut/1717088246/1542277839580'; -aw-sdt-title:'utskottets förslag till riksdagsbeslut'\">\r\n\t\t\t\t<span style=\"font-size:9.5pt\"> </span>\r\n\t\t\t</p>\r\n\t\t\t<p>\r\n\t\t\t\t<span> </span>\r\n\t\t\t</p>\r\n\t\t\t<p class=\"Avsnittsrubrik\">\r\n\t\t\t\t<a name=\"SlutUtskottsForslag\"></a><a name=\"_Toc530046794\"><span style=\"-aw-bookmark-end:SlutUtskottsForslag\"></span><span class=\"tSidrubrikJA\">Redogörelse för ärendet</span></a>\r\n\t\t\t</p>\r\n\t\t\t<h2>\r\n\t\t\t\t<a name=\"_Toc530046795\"><span>Ärendet och dess beredning</span></a>\r\n\t\t\t</h2>\r\n\t\t\t<p>\r\n\t\t\t\t<span>I detta betänkande behandlar utskottet proposition 2017/18:302 Återinförande av direktförverkande i samband med föreläggande av ordningsbot. I proposi</span><span>­</span><span>tionen föreslår regeringen </span><span>ett återinförande av möjligheten att förena </span><span>före</span><span>­</span><span>läggande av </span><span>ordningsbot med förverkande och annan sådan särskild rätts</span><span>­</span><span>verkan.</span><span> </span>\r\n\t\t\t</p>\r\n\t\t\t<p class=\"NormalIndent\">\r\n\t\t\t\t<span>Inga motioner har väckts med anledning av förslaget.</span>\r\n\t\t\t</p>\r\n\t\t\t<p class=\"NormalIndent\">\r\n\t\t\t\t<span>Regeringens förslag till riksdagsbeslut återges i bilaga 1. Regeringens lag</span><span>­</span><span>förslag finns i bilaga 2.</span>\r\n\t\t\t</p>\r\n\t\t\t<p class=\"NormalIndent\">\r\n\t\t\t\t<span>Lagförslaget är av rättelsekaraktär och innebär </span><span>att </span><span>rättsläge</span><span>t </span><span>fram till den 1</span><span> </span><span>juli 2018</span><span> återställs</span><span>. </span><span>Enligt regeringen är l</span><span>agförslaget författningstekniskt och även i övrigt av sådan </span><span>art</span><span> att </span><span>det skulle sakna betydelse att begära ett yttrande från </span><span>Lagrådet. Lagrådets yttrande har därför inte </span><span>begärts</span><span>.</span>\r\n\t\t\t</p>\r\n\t\t\t<p class=\"Avsnittsrubrik\">\r\n\t\t\t\t<a name=\"_Toc530046796\"><span class=\"tSidrubrikJA\">Utskottets överväganden</span></a>\r\n\t\t\t</p>\r\n\t\t\t<h2 style=\"-aw-sdt-tag:246e890e-8b25-4451-bce5-1339a3c2dd36/förslagsrutor/195717211/1539869101794; -aw-sdt-title:förslagsrutor\">\r\n\t\t\t\t<a name=\"_Toc530046797\"><span>Återinförande av direktförverkande i samband med föreläggande av ordningsbot</span></a>\r\n\t\t\t</h2>\r\n\t\t\t<div style=\"border-bottom-color:#000000; border-bottom-style:solid; border-bottom-width:0.75pt; border-left-color:#000000; border-left-style:solid; border-left-width:0.75pt; border-right-color:#000000; border-right-style:solid; border-right-width:0.75pt; border-top-color:#000000; border-top-style:solid; border-top-width:0.75pt; clear:both; margin:3.1pt 0.9pt 0pt\">\r\n\t\t\t\t<p class=\"Normalrutafet\" style=\"margin:0pt; padding-right:4pt; padding-left:4pt\">\r\n\t\t\t\t\t<span style=\"-aw-bookmark-end:_Toc530046797\"></span><span>Utskottets förslag i korthet</span>\r\n\t\t\t\t</p>\r\n\t\t\t\t<p class=\"Normalruta\" style=\"margin:0pt; padding-right:4pt; padding-left:4pt; padding-bottom:4pt\">\r\n\t\t\t\t\t<span>Riksdagen</span><span> </span><span>antar regeringens förslag</span><span> </span><span>till ändring i rättegångsbalken</span><span>.</span><span> </span><span>Lagförslaget innebär ett återinförande av möjligheten att förena ordningsbot med förverkande och annan sådan särskild rättsver</span><span>kan.</span>\r\n\t\t\t\t</p>\r\n\t\t\t</div>\r\n\t\t\t<p class=\"Mellanrum\">\r\n\t\t\t\t<span> </span>\r\n\t\t\t</p>\r\n\t\t\t<p class=\"R3\">\r\n\t\t\t\t<span>Propositionen</span>\r\n\t\t\t</p>\r\n\t\t\t<p class=\"R4\" style=\"margin-top:6pt\">\r\n\t\t\t\t<span>En möjlighet till förverkande och annan sådan rättsverkan vid föreläggande av ordningsbot återinförs</span>\r\n\t\t\t</p>\r\n\t\t\t<p>\r\n\t\t\t\t<span>Regleringen i 48 kap. 2 § tredje stycket rättegångsbalken omfattade i </span><span>sin</span><span> lydelse fram till den 1 juli 2018 såväl strafföreläggande som föreläggande av ordningsbot. Genom </span><span>en </span><span>lagändring </span><span>som trädde i kraft </span><span>den 1 juli 2018 begränsades tredje stycket till </span><span>att omfatta endast </span><span>strafförelägganden. </span><span>Av proposition 2017/18:86 </span><span>Mer ändamålsenliga bestämmelser om rättsliga biträden </span><span>framgår att någon sådan ändring inte var avsedd. </span><span>Av förbiseende föll hänvisningen till ordningsbot bort, vilket medförde att </span><span>tredje </span><span>stycke</span><span>t</span><span> som tidigare omfattade såväl strafföreläggande som ordningsbot nu endast omfattar strafföreläggande. </span>\r\n\t\t\t</p>\r\n\t\t\t<p class=\"NormalIndent\">\r\n\t\t\t\t<span>Enligt regeringen bör den ordning som gällde fram till den 1 juli 2018 återställas</span><span>,</span><span> och </span><span>48 kap. 2 § tredje stycket rättegångsbalken </span><span>bör </span><span>således</span><span> ändras </span><span>till att </span><span>omfatta även föreläggande av ordningsbot.</span><span> </span><span>Förslaget innebär att regleringen </span><span>av</span><span> förverkande och annan sådan särskild rättsverkan blir tillämplig även </span><span>i fråga om</span><span> föreläggande av ordningsbot. Detsamma gäller kostnader för vissa provtagningar och analyser i samband med föreläggande av ordningsbot.</span><span> </span>\r\n\t\t\t</p>\r\n\t\t\t<p class=\"R4\">\r\n\t\t\t\t<span>Ikraftträdande</span>\r\n\t\t\t</p>\r\n\t\t\t<p>\r\n\t\t\t\t<span>Regeringen föreslår att lagändringen ska träda i kraft den 1</span><span> </span><span>januari 2019. </span><span>Förslaget syftar till att återställa den ordning som gällde före den 1 juli 2018</span><span>, och därför anser</span><span> r</span><span>egeringen att l</span><span>agändringen bör träda i kraft så snart som möjligt. </span>\r\n\t\t\t</p>\r\n\t\t\t<p class=\"R3\">\r\n\t\t\t\t<span>Utskottets ställningstagande</span>\r\n\t\t\t</p>\r\n\t\t\t<p>\r\n\t\t\t\t<span>Propositionen har inte lett till några motionsyrkanden eller andra invändningar under utskottsbehandlingen. Utskottet anser att regeringens lagförslag är ända</span><span>­</span><span>målsenligt utformat och </span><span>att det </span><span>bör antas. </span>\r\n\t\t\t</p>\r\n\t\t\t<p class=\"Bilaga\">\r\n\t\t\t\t<span class=\"tBilagaJA\">Bilaga 1</span>\r\n\t\t\t</p>\r\n\t\t\t<p class=\"Bilagerubrik\">\r\n\t\t\t\t<a name=\"_Toc530046798\"><span class=\"tSidrubrikJA\">Förteckning över behandlade förslag</span></a>\r\n\t\t\t</p>\r\n\t\t\t<p class=\"Rubrik2bilaga\" style=\"-aw-sdt-tag:'dokumentavsnitt/förteckning över behandlade förslag/971882426/1538473672637'; -aw-sdt-title:'förteckning över behandlade förslag'\">\r\n\t\t\t\t<a name=\"_Toc530046799\"><span>Propositionen</span></a><span> </span>\r\n\t\t\t</p>\r\n\t\t\t<h4 style=\"-aw-sdt-tag:'dokumentavsnitt/förteckning över behandlade förslag/971882426/1538473672637'; -aw-sdt-title:'förteckning över behandlade förslag'\">\r\n\t\t\t\t<span>Proposition 2017/18:302 Återinförande av direktförverkande i samband med föreläggande av ordningsbot:</span>\r\n\t\t\t</h4>\r\n\t\t\t<p class=\"YrkandelistaEtt\" style=\"-aw-sdt-tag:'dokumentavsnitt/förteckning över behandlade förslag/971882426/1538473672637'; -aw-sdt-title:'förteckning över behandlade förslag'\">\r\n\t\t\t\t<span>Riksdagen antar regeringens förslag till lag om ändring i rättegångsbalken.</span>\r\n\t\t\t</p>\r\n\t\t\t<p class=\"Mellanrum\">\r\n\t\t\t\t<span> </span>\r\n\t\t\t</p>\r\n\t\t\t<p class=\"Mellanrum\" style=\"-aw-sdt-tag:'dokumentavsnitt/förteckning över behandlade förslag/971882426/1538473672637'; -aw-sdt-title:'förteckning över behandlade förslag'\">\r\n\t\t\t\t<span> </span>\r\n\t\t\t</p>\r\n\t\t\t<p>\r\n\t\t\t\t<span> </span>\r\n\t\t\t</p>\r\n\t\t\t<p class=\"Bilaga\">\r\n\t\t\t\t<span class=\"tBilagaJA\">Bilaga 2</span>\r\n\t\t\t</p>\r\n\t\t\t<p class=\"Bilagerubrik\">\r\n\t\t\t\t<a name=\"_Toc530046800\"><span class=\"tSidrubrikJA\">Regeringens lagförslag</span></a>\r\n\t\t\t</p>\r\n\t\t\t<p>\r\n\t\t\t\t<img src=\"http://data.riksdagen.se/fil/h601juu7/Dokument.001.png\" width=\"394\" height=\"689\" alt=\"\" style=\"-aw-left-pos:0pt; -aw-rel-hpos:column; -aw-rel-vpos:paragraph; -aw-top-pos:0pt; -aw-wrap-type:inline\" />\r\n\t\t\t</p>\r\n\t\t</div>\r\n\t"},"dokutskottsforslag":{"utskottsforslag":{"punkt":"1","rubrik":"Återinförande av direktförverkande i samband med föreläggande av ordningsbot","forslag":"Riksdagen antar regeringens förslag till lag om ändring i rättegångsbalken.<BR/>Därmed bifaller riksdagen proposition 2017/18:302.<BR/><BR/>","beslutstyp":"acklamation","motforslag_nummer":"0","motforslag_partier":null,"votering_id":null,"votering_sammanfattning_html":null,"votering_url_xml":null,"rm":"2018/19","bet":"JuU7","vinnare":"utskottet"}},"dokaktivitet":{"aktivitet":[{"kod":"UBE","namn":"Beredning","datum":"2018-10-25 00:00:00","status":"inträffat","ordning":"0","process":null},{"kod":"JUS","namn":"Justering","datum":"2018-11-15 00:00:00","status":"inträffat","ordning":"0","process":null},{"kod":"TRY","namn":"Trycklov","datum":"2018-11-15 00:00:00","status":"inträffat","ordning":"0","process":null},{"kod":"B","namn":"Bordläggning","datum":"2018-11-20 00:00:00","status":"inträffat","ordning":"0","process":null},{"kod":"BEH","namn":"Behandling","datum":"2018-11-21 00:00:00","status":"inträffat","ordning":"0","process":null},{"kod":"BES","namn":"Beslut","datum":"2018-11-21 00:00:00","status":"inträffat","ordning":"0","process":null}]},"dokuppgift":{"uppgift":[{"kod":"notis","namn":"Beslut i korthet","text":"                           <p>Möjligheten att kombinera ordningsböter med förverkande och andra liknande åtgärder återinförs. Lagändringen innebär att den ordning som gällde före den 1 juli 2018 återställs.</p>\r\n<p>De nya reglerna börjar gälla den 1 januari 2019. Riksdagen sa ja till regeringens förslag.</p>\r\n                                            ","dok_id":"H601JuU7","systemdatum":"2018-11-21 16:39:41"},{"kod":"notisrubrik","namn":"Beslut","text":"Direktförverkande i samband med ordningsbot återinförs i lagstiftningen (JuU7)","dok_id":"H601JuU7","systemdatum":"2018-11-21 16:39:41"},{"kod":"utsknotis","namn":"Utskottets förslag till beslut","text":"                           <p>Möjligheten att kombinera ordningsböter med förverkande och andra liknande åtgärder återinförs. Lagändringen innebär att den ordning som gällde före den 1 juli 2018 återställs.</p>\r\n<p>De nya reglerna ska börja gälla den 1 januari 2019. Justitieutskottet föreslår att riksdagen säger ja till regeringens förslag.</p>\r\n                                            ","dok_id":"H601JuU7","systemdatum":"2018-11-21 16:39:41"},{"kod":"utsknotisrubrik","namn":"Utskottets förslag","text":"Direktförverkande i samband med ordningsbot återinförs i lagstiftningen (JuU7)","dok_id":"H601JuU7","systemdatum":"2018-11-21 16:39:41"},{"kod":"rdbeslut","namn":"Riksdagens beslut","text":"Kammaren biföll utskottets förslag.","dok_id":"H601JuU7","systemdatum":"2018-11-21 16:58:50"},{"kod":"beslutssammanfattningusk","namn":"Utskottets förslag till beslut","text":"Bifall till propositionen.","dok_id":"H601JuU7","systemdatum":"2018-11-15 15:29:45"},{"kod":"debattdatumtid","namn":"Datum och tid för debatten","text":"2018-11-21 00:00:00","dok_id":"H601JuU7","systemdatum":"2018-11-21 16:39:41"},{"kod":"beslutdatumtid","namn":"Datum och tid för beslutet","text":"2018-11-21 00:00:00","dok_id":"H601JuU7","systemdatum":"2018-11-21 16:39:41"},{"kod":"statustext","namn":"statustext","text":"Ärendet är avslutat","dok_id":"H601JuU7","systemdatum":"2018-11-22 13:31:35"}]},"dokbilaga":{"bilaga":{"dok_id":"H601JuU7","titel":"Återinförande av direktförverkande i samband med föreläggande av ordningsbot","subtitel":null,"filnamn":"2018_19_JuU7_20181115152906_Publicering.pdf","filstorlek":"418252","filtyp":"pdf","fil_url":"http://data.riksdagen.se/fil/C7AEFE70-A191-46C0-B4B7-13D64BB15F7F"}},"dokreferens":{"referens":[{"referenstyp":"behandlar","uppgift":"Proposition 2017/18:302 Återinförande av direktförverkande i samband med föreläggande av ordningsbot","ref_dok_id":"H503302","ref_dok_typ":"prop","ref_dok_rm":"2017/18","ref_dok_bet":"302","ref_dok_titel":"Återinförande av direktförverkande i samband med föreläggande av ordningsbot","ref_dok_subtitel":null,"ref_dok_subtyp":"prop","ref_dok_dokumentnamn":"Proposition"},{"referenstyp":"föredragningslista","uppgift":"föredragningslista 2018/19:19 Onsdag den 21 november 2018","ref_dok_id":"H60I19","ref_dok_typ":"f-lista","ref_dok_rm":"2018/19","ref_dok_bet":"19","ref_dok_titel":"Onsdag den 21 november 2018","ref_dok_subtitel":null,"ref_dok_subtyp":null,"ref_dok_dokumentnamn":"Föredragningslista"},{"referenstyp":"protokollbeslut","uppgift":"2018-11-21","ref_dok_id":"H60919","ref_dok_typ":"prot","ref_dok_rm":"2018/19","ref_dok_bet":"19","ref_dok_titel":"Protokoll 2018/19:19 Onsdagen den 21 november","ref_dok_subtitel":null,"ref_dok_subtyp":null,"ref_dok_dokumentnamn":"Protokoll"},{"referenstyp":"rskr","uppgift":null,"ref_dok_id":"H60K42","ref_dok_typ":"rskr","ref_dok_rm":"2018/19","ref_dok_bet":"42","ref_dok_titel":"Riksdagsskrivelse 2018/19:42","ref_dok_subtitel":null,"ref_dok_subtyp":"rskr","ref_dok_dokumentnamn":"Riksdagsskrivelse"}]},"debatt":null}}