{"dokumentstatus":{"dokument":{"hangar_id":"5022755","dok_id":"H601CU20","rm":"2018/19","beteckning":"CU20","typ":"bet","subtyp":"bet","doktyp":"bet","typrubrik":"Betänkande 2018/19:CU20","dokumentnamn":"Betänkande","debattnamn":"Debatt om förslag","tempbeteckning":"","organ":"CU","mottagare":"","nummer":"20","slutnummer":"0","datum":"2019-02-25 00:00:00","systemdatum":"2019-05-17 14:11:24","publicerad":"2019-02-25 10:37:21","titel":"Om byggnaders energiprestanda","subtitel":"","status":"planerat","htmlformat":"","relaterat_id":"","source":"Brus","sourceid":"ae6ba64e-5f7a-4b25-9581-6df74b7f8259","dokument_url_text":"http://data.riksdagen.se/dokument/H601CU20/text","dokument_url_html":"http://data.riksdagen.se/dokument/H601CU20","dokumentstatus_url_xml":"http://data.riksdagen.se/dokumentstatus/H601CU20","utskottsforslag_url_xml":"http://data.riksdagen.se/utskottsforslag/H601CU20","html":"<h2>Om byggnaders energiprestanda</h2>\r\nDokumentet är inte publicerat"},"debatt":null}}