{"dokumentstatus":{"dokument":{"hangar_id":"5008471","dok_id":"H601KrU5","rm":"2018/19","beteckning":"KrU5","typ":"bet","subtyp":"utl","doktyp":"bet","typrubrik":"Utlåtande 2018/19:KrU5","dokumentnamn":"Utlåtande","debattnamn":"Debatt om förslag","tempbeteckning":"","organ":"KrU","mottagare":"","nummer":"5","slutnummer":"0","datum":"2018-11-16 00:00:00","systemdatum":"2018-12-12 12:13:11","publicerad":"2018-11-06 14:19:11","titel":"EU:s nya ungdomsstrategi","subtitel":"","status":"Webbpublicering","htmlformat":"html","relaterat_id":"","source":"RIM","sourceid":"37e26692-f062-4e23-b0d1-d3c008b6ee20","dokument_url_text":"http://data.riksdagen.se/dokument/H601KrU5/text","dokument_url_html":"http://data.riksdagen.se/dokument/H601KrU5","dokumentstatus_url_xml":"http://data.riksdagen.se/dokumentstatus/H601KrU5","utskottsforslag_url_xml":"http://data.riksdagen.se/utskottsforslag/H601KrU5","html":"<style><!--\r\n .w600px{width: 600px;font-family:Verdana, Geneva, sans-serif}\r\nh2.dtyp{font-size:1.5em !important;} \r\n/********************************************************************************************************/\r\n/* Styles for D:\\Logs\\DocumentConverter\\\\Output_023121cc-5014-44ab-9d5a-591cabdfc1e8\\HTML\\Dokument.html */\r\n/* Generated by Aspose.Words for .NET 15.3.0.0                                                          */\r\n/********************************************************************************************************/\r\n\r\n@page Section1 { size:467.8pt 686.05pt; margin:45.35pt 102.05pt 73.7pt 70.85pt }\r\ndiv.Section1 { page:Section1 }\r\nzbody { text-align:justify; line-height:12.5pt; font-family:'Verdana'; font-size:9.5pt }\r\nzh1, h2, h3, h4, h5, h6, p { margin:3.1pt 0pt 0pt }\r\nzli, table { margin-top:3.1pt; margin-bottom:0pt }\r\nzh1 { margin-top:3.1pt; margin-bottom:12pt; text-align:left; page-break-after:avoid; line-height:12.5pt; font-family:'Verdana'; font-size:16pt; font-weight:normal }\r\nzh2 { margin-top:20pt; margin-bottom:6pt; text-align:left; page-break-inside:avoid; page-break-after:avoid; line-height:12.5pt; font-family:'Verdana'; font-size:13.5pt; font-weight:normal }\r\nzh3 { margin-top:20pt; margin-bottom:3.1pt; text-align:left; page-break-inside:avoid; page-break-after:avoid; line-height:12.5pt; font-family:'Verdana'; font-size:10.5pt; font-weight:bold }\r\nzh4 { margin-top:15pt; margin-bottom:3.1pt; text-align:left; page-break-inside:avoid; page-break-after:avoid; line-height:12.5pt; font-family:'Verdana'; font-size:10.5pt; font-weight:normal; font-style:italic; color:#000000 }\r\nzh5 { margin-top:6.25pt; margin-bottom:0pt; text-align:justify; page-break-inside:avoid; page-break-after:avoid; line-height:12.5pt; font-family:'Verdana'; font-size:9.5pt; font-weight:bold }\r\nzh6 { margin-top:6.25pt; margin-bottom:0pt; text-align:justify; page-break-inside:avoid; page-break-after:avoid; line-height:12.5pt; font-family:'Verdana'; font-size:9.5pt; font-weight:normal; font-style:italic; color:#000000 }\r\n.Heading7 { margin-top:2pt; margin-bottom:0pt; text-align:justify; page-break-inside:avoid; page-break-after:avoid; line-height:12.5pt; font-family:'Verdana'; font-size:9.5pt; font-weight:normal; font-style:italic; color:#243f60 }\r\n.Heading8 { margin-top:2pt; margin-bottom:0pt; text-align:justify; page-break-inside:avoid; page-break-after:avoid; line-height:12.5pt; font-family:'Verdana'; font-size:9pt; font-weight:normal; color:#272727 }\r\n.Heading9 { margin-top:2pt; margin-bottom:0pt; text-align:justify; page-break-inside:avoid; page-break-after:avoid; line-height:12.5pt; font-family:'Verdana'; font-size:9pt; font-weight:normal; font-style:italic; color:#272727 }\r\n.Avsnittsrubrik { margin-top:0pt; margin-bottom:27.7pt; text-align:left; page-break-before:always; page-break-after:avoid; line-height:normal; font-family:'Verdana'; font-size:16pt }\r\n.Avvikandemeningrubrik { margin-top:0pt; margin-bottom:3.1pt; text-align:left; page-break-inside:avoid; page-break-after:avoid; line-height:12.5pt; font-family:'Verdana'; font-size:10.5pt; font-weight:bold }\r\n.BalloonText { margin-top:3.1pt; margin-bottom:0pt; text-align:justify; line-height:normal; font-family:Tahoma; font-size:8pt }\r\n.Bilaga { margin-top:0pt; margin-bottom:0pt; text-align:left; page-break-before:always; page-break-after:avoid; line-height:normal; widows:0; orphans:0; font-family:'Verdana'; font-size:8pt; font-variant:small-caps; text-decoration:underline }\r\n.Bilagerubrik { margin-top:0pt; margin-bottom:17.7pt; text-align:left; page-break-after:auto; line-height:normal; widows:0; orphans:0; font-family:'Verdana'; font-size:16pt }\r\n.Bild-Rubrik { margin-top:8pt; margin-bottom:0pt; text-align:justify; page-break-inside:avoid; page-break-after:avoid; line-height:10pt; font-family:'Verdana'; font-size:9.5pt; font-weight:bold }\r\n.Bild-Underrubrik { margin-top:0pt; margin-bottom:1pt; text-align:left; page-break-inside:avoid; page-break-after:avoid; line-height:8pt; font-family:'Verdana'; font-size:8pt; font-weight:normal; font-style:italic }\r\n.BodyText { margin-top:3.1pt; margin-bottom:0pt; text-align:left; line-height:12.5pt; font-family:'Verdana'; font-size:9.5pt }\r\n.BodyTextIndent2 { margin-top:3.1pt; margin-left:14.15pt; margin-bottom:6pt; text-align:justify; line-height:200%; font-family:'Verdana'; font-size:9.5pt }\r\n.Citatindrag { margin-top:0pt; margin-left:14.2pt; margin-bottom:6.1pt; text-indent:14.2pt; text-align:justify; line-height:10pt; font-family:'Verdana'; font-size:9.5pt }\r\n.CommentText { margin-top:3.1pt; margin-bottom:0pt; text-align:justify; line-height:normal; font-family:'Verdana'; font-size:10pt }\r\n.Deltagare { margin-top:0pt; margin-bottom:0pt; text-align:justify; page-break-inside:avoid; page-break-after:avoid; line-height:9.5pt; font-family:'Verdana'; font-size:9.5pt }\r\n.Diagram-Rubrik { margin-top:8pt; margin-bottom:0pt; text-align:justify; page-break-inside:avoid; page-break-after:avoid; line-height:10pt; font-family:'Verdana'; font-size:9.5pt; font-weight:bold }\r\n.Diagram-Underrubrik { margin-top:0pt; margin-bottom:1pt; text-align:left; page-break-inside:avoid; page-break-after:avoid; line-height:8pt; font-family:'Verdana'; font-size:8pt; font-weight:normal; font-style:italic }\r\n.DokumentRubrik { margin-top:6pt; margin-bottom:24pt; text-align:left; line-height:normal; border-bottom-style:solid; border-bottom-width:0.75pt; border-bottom-color:#000000; padding-bottom:4pt; font-family:'Verdana'; font-size:18pt }\r\n.Dokumentbeteckning { margin-top:0pt; margin-bottom:0pt; text-align:left; page-break-inside:avoid; page-break-after:avoid; line-height:12.5pt; font-family:'Verdana'; font-size:16pt }\r\n.Footer { margin-top:3.1pt; margin-bottom:0pt; text-align:justify; line-height:normal; font-family:'Verdana'; font-size:9.5pt }\r\n.FootnoteText { margin-top:0pt; margin-bottom:0pt; text-align:justify; line-height:8pt; font-family:'Verdana'; font-size:8pt }\r\n.Fotnotstextindrag { margin-top:0pt; margin-left:5.65pt; margin-bottom:0pt; text-align:left; line-height:8pt; font-family:'Verdana'; font-size:8pt }\r\n.Frslagspunkt { margin-top:0pt; margin-bottom:0pt; text-align:left; page-break-inside:avoid; page-break-after:avoid; line-height:12.5pt; font-family:'Verdana'; font-size:9.5pt; font-weight:bold }\r\n.Frslagstext { margin-top:0pt; margin-bottom:0pt; text-align:justify; line-height:12.5pt; font-family:'Verdana'; font-size:9.5pt }\r\n.Frteckningsrubrik { margin-top:9.6pt; margin-bottom:3.1pt; text-align:left; page-break-inside:avoid; page-break-after:avoid; line-height:normal; font-family:'Verdana'; font-size:9.5pt; font-weight:normal; font-style:italic; color:#000000 }\r\n.Grupprubrik { margin-top:6pt; margin-bottom:0pt; text-align:left; page-break-inside:avoid; page-break-after:avoid; line-height:12.5pt; font-family:'Verdana'; font-size:9.5pt; font-style:italic }\r\n.Grupprubrikindrag { margin-top:6pt; margin-left:22.1pt; margin-bottom:0pt; text-align:left; page-break-inside:avoid; page-break-after:avoid; line-height:12.5pt; font-family:'Verdana'; font-size:9.5pt; font-style:italic }\r\n.Header { margin-top:0pt; margin-bottom:0pt; text-align:justify; line-height:normal; font-family:'Verdana'; font-size:7.5pt; font-variant:small-caps }\r\n.Innehllsfrteckning { margin-top:0pt; margin-bottom:17.7pt; text-align:left; page-break-before:always; page-break-after:auto; line-height:normal; font-family:'Verdana'; font-size:16pt }\r\n.Kantrubrik { margin-top:0pt; margin-bottom:0pt; text-align:justify; line-height:normal; font-family:'Verdana'; font-size:7.5pt }\r\n.ListBullet { margin-top:6.25pt; margin-left:17.85pt; margin-bottom:6.25pt; text-indent:-17.85pt; text-align:justify; line-height:12.5pt; font-family:'Verdana'; font-size:9.5pt }\r\n.ListParagraph { margin-top:3.1pt; margin-left:28.35pt; margin-bottom:0pt; text-align:justify; line-height:12.5pt; font-family:'Verdana'; font-size:9.5pt }\r\n.Litentext { margin-top:0pt; margin-bottom:0pt; text-align:justify; line-height:normal; font-family:'Verdana'; font-size:8pt }\r\n.Mellanrubrik { margin-top:11pt; margin-bottom:3.1pt; text-align:left; page-break-after:avoid; line-height:12.5pt; font-family:'Verdana'; font-size:9.5pt; font-style:italic }\r\n.Mellanrum { margin-top:0pt; margin-bottom:0pt; text-align:left; page-break-before:auto; page-break-after:auto; line-height:1pt; widows:0; orphans:0; font-family:'Verdana'; font-size:1pt; font-variant:small-caps; text-decoration:none; color:#ffffff }\r\n.NormalIndent { margin-top:0pt; margin-bottom:0pt; text-indent:11.35pt; text-align:justify; line-height:12.5pt; font-family:'Verdana'; font-size:9.5pt }\r\n.Normalinskjuten { margin-top:0pt; margin-left:22.1pt; margin-bottom:0pt; text-align:justify; line-height:12.5pt; font-family:'Verdana'; font-size:9.5pt }\r\n.Normalinskjutenindrag { margin-top:0pt; margin-left:22.1pt; margin-bottom:0pt; text-indent:11.35pt; text-align:justify; line-height:12.5pt; font-family:'Verdana'; font-size:9.5pt }\r\n.Normalinskjutenkursiv { margin-top:6pt; margin-bottom:0pt; line-height:normal; font-family:'Verdana'; font-size:10pt; font-style:italic }\r\n.Normalkursiv { margin-top:3.1pt; margin-bottom:0pt; text-align:left; line-height:12.5pt; font-family:'Verdana'; font-size:9.5pt; font-style:italic }\r\n.Normalruta { margin:3.1pt 5.65pt 0pt; text-align:justify; page-break-inside:avoid; page-break-after:avoid; line-height:12.5pt; border-top-style:solid; border-top-width:0.75pt; border-top-color:#000000; border-right-style:solid; border-right-width:0.75pt; border-right-color:#000000; border-left-style:solid; border-left-width:0.75pt; border-left-color:#000000; border-bottom-style:solid; border-bottom-width:0.75pt; border-bottom-color:#000000; padding-top:4pt; padding-right:4pt; padding-left:4pt; padding-bottom:4pt; font-family:'Verdana'; font-size:10.5pt }\r\n.Normalrutafet { margin:3.1pt 5.65pt 0pt; text-align:justify; page-break-inside:avoid; page-break-after:avoid; line-height:12.5pt; border-top-style:solid; border-top-width:0.75pt; border-top-color:#000000; border-right-style:solid; border-right-width:0.75pt; border-right-color:#000000; border-left-style:solid; border-left-width:0.75pt; border-left-color:#000000; border-bottom-style:solid; border-bottom-width:0.75pt; border-bottom-color:#000000; padding-top:4pt; padding-right:4pt; padding-left:4pt; padding-bottom:4pt; font-family:'Verdana'; font-size:10.5pt; font-weight:bold }\r\n.Normalrutaindrag { margin:0pt 5.65pt; text-indent:11.35pt; text-align:justify; page-break-inside:avoid; page-break-after:avoid; line-height:12.5pt; border-top-style:solid; border-top-width:0.75pt; border-top-color:#000000; border-right-style:solid; border-right-width:0.75pt; border-right-color:#000000; border-left-style:solid; border-left-width:0.75pt; border-left-color:#000000; border-bottom-style:solid; border-bottom-width:0.75pt; border-bottom-color:#000000; padding-top:4pt; padding-right:4pt; padding-left:4pt; padding-bottom:4pt; font-family:'Verdana'; font-size:10.5pt }\r\n.Normalutanluftfre { margin-top:0pt; margin-bottom:0pt; text-align:justify; line-height:12.5pt; font-family:'Verdana'; font-size:9.5pt }\r\n.NormalNoll { margin-top:0pt; margin-bottom:3.1pt; text-align:left; line-height:12.5pt; font-family:'Verdana'; font-size:10.5pt; font-weight:bold }\r\n.NumlistaTOC { margin:3.1pt 28.35pt 0pt 0pt; text-indent:0pt; text-align:left; line-height:normal; font-family:'Verdana'; font-size:9.5pt }\r\n.Ordfranden { margin-top:3.1pt; margin-bottom:22pt; text-align:left; page-break-inside:avoid; page-break-after:avoid; line-height:normal; font-family:'Verdana'; font-size:9.5pt; font-style:italic }\r\n.OrtochDatum { margin-top:18pt; margin-bottom:18pt; text-align:left; page-break-inside:avoid; page-break-after:avoid; line-height:normal; font-family:'Verdana'; font-size:9.5pt }\r\n.Punktlistabomb { margin-top:6.25pt; margin-left:14.2pt; margin-bottom:6.25pt; text-indent:-14.2pt; text-align:justify; line-height:12.5pt; font-family:'Verdana'; font-size:9.5pt }\r\n.Punktlistagemener { margin-top:6.25pt; margin-left:14.2pt; margin-bottom:6.25pt; text-indent:-14.2pt; text-align:justify; line-height:12.5pt; font-family:'Verdana'; font-size:9.5pt }\r\n.Punktlistalinje { margin-top:6.25pt; margin-left:14.2pt; margin-bottom:6.25pt; text-indent:-14.2pt; text-align:justify; line-height:12.5pt; font-family:'Verdana'; font-size:9.5pt }\r\n.Punktlistasiffra { margin-top:6.25pt; margin-left:14.2pt; margin-bottom:6.25pt; text-indent:-14.2pt; text-align:justify; line-height:12.5pt; font-family:'Verdana'; font-size:9.5pt }\r\n.PVgnar { margin-top:3.1pt; margin-bottom:26pt; text-align:left; page-break-inside:avoid; page-break-after:avoid; line-height:normal; font-family:'Verdana'; font-size:9.5pt }\r\n.Quote { margin-top:6.1pt; margin-left:14.2pt; margin-bottom:0pt; text-align:justify; line-height:10pt; font-family:'Verdana'; font-size:9.5pt }\r\n.R1 { margin-top:3.1pt; margin-bottom:12pt; text-align:left; page-break-after:avoid; line-height:12.5pt; font-family:'Verdana'; font-size:16pt }\r\n.R1bilaga { margin-top:3.1pt; margin-bottom:12pt; text-align:left; page-break-after:auto; line-height:12.5pt; font-family:'Verdana'; font-size:16pt }\r\n.R2 { margin-top:20pt; margin-bottom:6pt; text-align:left; page-break-inside:avoid; page-break-after:avoid; line-height:12.5pt; font-family:'Verdana'; font-size:13.5pt }\r\n.R3 { margin-top:20pt; margin-bottom:3.1pt; text-align:left; page-break-inside:avoid; page-break-after:avoid; line-height:12.5pt; font-family:'Verdana'; font-size:10.5pt; font-weight:bold }\r\n.R4 { margin-top:15pt; margin-bottom:3.1pt; text-align:left; page-break-inside:avoid; page-break-after:avoid; line-height:12.5pt; font-family:'Verdana'; font-size:10.5pt; font-weight:normal; font-style:italic; color:#000000 }\r\n.R5 { margin-top:6.25pt; margin-bottom:0pt; text-align:justify; page-break-inside:avoid; page-break-after:avoid; line-height:12.5pt; font-family:'Verdana'; font-size:9.5pt; font-weight:bold }\r\n.R6 { margin-top:6.25pt; margin-bottom:0pt; text-align:justify; page-break-inside:avoid; page-break-after:avoid; line-height:12.5pt; font-family:'Verdana'; font-size:9.5pt; font-weight:normal; font-style:italic; color:#000000 }\r\n.Reservationshnvisning { margin-top:0pt; margin-bottom:8pt; text-align:right; line-height:12.5pt; font-family:'Verdana'; font-size:9.5pt; font-style:italic }\r\n.Reservationsrubrik { margin-top:0pt; margin-bottom:3.1pt; text-align:left; page-break-inside:avoid; page-break-after:avoid; line-height:12.5pt; font-family:'Verdana'; font-size:10.5pt; font-weight:bold }\r\n.Rubrik1Dokumentinformation { margin-top:0pt; margin-bottom:0pt; text-align:left; page-break-inside:avoid; page-break-after:avoid; line-height:12.5pt; font-family:'Verdana'; font-size:16pt }\r\n.Rubrik1bilaga { margin-top:0pt; margin-bottom:27.7pt; text-align:left; page-break-after:auto; line-height:12.5pt; font-family:'Verdana'; font-size:16pt }\r\n.Rubrik1medsidhuvud { margin-top:3.1pt; margin-bottom:12pt; text-align:left; page-break-before:always; page-break-after:avoid; line-height:12.5pt; font-family:'Verdana'; font-size:16pt }\r\n.Rubrik1numrerat { margin-top:3.1pt; margin-left:0pt; margin-bottom:12pt; text-indent:0pt; text-align:left; page-break-after:avoid; line-height:12.5pt; font-family:'Verdana'; font-size:16pt }\r\n.Rubrik1numreratmedsidhuvud { margin-top:0pt; margin-left:0pt; margin-bottom:16pt; text-indent:0pt; text-align:left; page-break-before:always; page-break-after:avoid; line-height:normal; font-family:'Verdana'; font-size:16pt }\r\n.Rubrik2bilaga { margin-top:20pt; margin-bottom:6pt; text-align:left; page-break-inside:avoid; page-break-after:avoid; line-height:12.5pt; font-family:'Verdana'; font-size:13.5pt }\r\n.Rubrik2numrerat { margin-top:20pt; margin-left:0pt; margin-bottom:6pt; text-indent:0pt; text-align:left; page-break-inside:avoid; page-break-after:avoid; line-height:12.5pt; font-family:'Verdana'; font-size:13.5pt }\r\n.Rubrik3numrerat { margin-top:20pt; margin-left:0pt; margin-bottom:3.1pt; text-indent:0pt; text-align:left; page-break-inside:avoid; page-break-after:avoid; line-height:12.5pt; font-family:'Verdana'; font-size:10.5pt; font-weight:bold }\r\n.Sammanfattning { margin-top:3.1pt; margin-bottom:12pt; text-align:left; page-break-after:auto; line-height:12.5pt; font-family:'Verdana'; font-size:16pt }\r\n.Sidhuvudhgerstlld { margin-top:0pt; margin-bottom:0pt; text-align:right; line-height:normal; font-family:'Verdana'; font-size:7.5pt; font-variant:small-caps }\r\n.Sidhuvudvnsterstlld { margin-top:0pt; margin-bottom:0pt; text-align:left; line-height:normal; font-family:'Verdana'; font-size:7.5pt; font-variant:small-caps }\r\n.Stdrubrik { margin-top:12pt; margin-bottom:0pt; line-height:12pt; font-family:'Verdana'; font-size:9.5pt; font-weight:bold }\r\n.Srskiltyttranderubrik { margin-top:0pt; margin-bottom:3.1pt; text-align:left; page-break-inside:avoid; page-break-after:avoid; line-height:12.5pt; font-family:'Verdana'; font-size:10.5pt; font-weight:bold }\r\n.TOC1 { margin-top:0pt; margin-right:28.35pt; margin-bottom:0pt; text-align:left; line-height:normal; font-family:'Verdana'; font-size:9.5pt }\r\n.TOC2 { margin:0pt 28.35pt 0pt 5.65pt; text-align:left; line-height:normal; font-family:'Verdana'; font-size:9.5pt }\r\n.TOC3 { margin:0pt 28.35pt 0pt 11.35pt; text-align:left; line-height:normal; font-family:'Verdana'; font-size:9.5pt }\r\n.TOC4 { margin:0pt 28.35pt 0pt 17pt; text-align:left; line-height:normal; font-family:'Verdana'; font-size:9.5pt }\r\n.TOC5 { margin:0pt 28.35pt 0pt 22.7pt; text-align:left; line-height:normal; font-family:'Verdana'; font-size:9.5pt }\r\n.TOC6 { margin-top:0pt; margin-left:47.65pt; margin-bottom:0pt; text-align:left; line-height:normal; font-family:'Verdana'; font-size:9.5pt }\r\n.TOC7 { margin-top:0pt; margin-right:28.35pt; margin-bottom:0pt; text-align:left; line-height:normal; font-family:'Verdana'; font-size:9.5pt }\r\n.TOC8 { margin-top:0pt; margin-right:28.35pt; margin-bottom:0pt; text-align:left; line-height:normal; font-family:'Verdana'; font-size:9.5pt }\r\n.TOC9 { margin-top:0pt; margin-left:8.5pt; margin-bottom:0pt; text-align:left; line-height:normal; font-family:'Verdana'; font-size:9.5pt }\r\n.TOCHeading { margin-top:3.1pt; margin-bottom:9pt; text-align:left; page-break-before:always; page-break-inside:avoid; page-break-after:avoid; line-height:12.5pt; font-family:'Verdana'; font-size:16pt }\r\n.Tabell-Kolumnrubrik { margin-bottom:0pt; line-height:12pt; font-family:'Verdana'; font-size:8pt; font-weight:bold }\r\n.Tabell-Klla { margin-top:2pt; margin-bottom:0pt; line-height:8pt; font-family:'Verdana'; font-size:7pt }\r\n.Tabell-Radrubrik { margin-bottom:0pt; line-height:12pt; font-family:'Verdana'; font-size:8pt }\r\n.Tabell-Rubrik { margin-top:12pt; margin-bottom:3pt; text-align:left; page-break-inside:avoid; page-break-after:avoid; line-height:10pt; font-family:'Verdana'; font-size:9pt; font-weight:bold }\r\n.Tabell-Siffror { margin-bottom:0pt; text-align:right; line-height:12pt; font-family:'Verdana'; font-size:8pt }\r\n.Tabell-Text { margin-bottom:0pt; line-height:12pt; font-family:'Verdana'; font-size:8pt }\r\n.Tabell-Underrubrik { margin-top:0pt; margin-bottom:1pt; text-align:left; page-break-inside:avoid; page-break-after:avoid; line-height:8pt; font-family:'Verdana'; font-size:8pt; font-weight:normal; font-style:italic }\r\n.TableofFigures { margin-top:3.1pt; margin-bottom:0pt; text-align:justify; line-height:normal; font-family:'Verdana'; font-size:9.5pt }\r\n.TillX-utskottet { margin-top:0pt; margin-bottom:12pt; text-align:left; page-break-after:avoid; line-height:12.5pt; font-family:'Verdana'; font-size:16pt }\r\n.Title { margin-top:3.1pt; margin-bottom:1pt; text-align:left; line-height:12pt; font-family:'Verdana'; font-size:20pt; letter-spacing:-0.5pt }\r\n.Vapen { margin-top:0pt; margin-bottom:0pt; text-align:left; page-break-inside:avoid; page-break-after:avoid; line-height:12.5pt; font-family:'Verdana'; font-size:16pt }\r\n.Yrkandelista { margin-top:3.1pt; margin-left:28.35pt; margin-bottom:0pt; text-indent:-28.35pt; text-align:justify; line-height:12.5pt; font-family:'Verdana'; font-size:9.5pt }\r\n.YrkandelistaEtt { margin-top:3.1pt; margin-left:0pt; margin-bottom:0pt; text-indent:0pt; text-align:justify; line-height:12.5pt; font-family:'Verdana'; font-size:9.5pt }\r\nspan.BallongtextChar { font-family:Tahoma; font-size:8pt }\r\nspan.BilagaChar { font-family:'Verdana'; font-size:8pt; font-variant:small-caps; text-decoration:underline }\r\nspan.BrdtextChar { font-family:'Verdana'; font-size:9.5pt }\r\nspan.BrdtextChar1 { font-family:'Verdana'; font-size:9.5pt }\r\nspan.Brdtextmedindrag2Char { font-family:'Verdana'; font-size:9.5pt }\r\nspan.CitatChar { font-family:'Verdana'; font-size:9.5pt }\r\nspan.DokumentRubrikChar { font-family:'Verdana'; font-size:18pt }\r\nspan.FotnotstextChar { font-family:'Verdana'; font-size:8pt }\r\nspan.FotnotstextindragChar { font-family:'Verdana'; font-size:8pt }\r\nspan.FrslagspunktChar { font-family:'Verdana'; font-size:9.5pt; font-weight:bold; font-style:normal }\r\nspan.Hyperlink { text-decoration:none; color:#000000 }\r\nspan.KommentarerChar { font-family:'Verdana'; font-size:10pt }\r\nspan.NormalkursivChar { font-family:'Verdana'; font-size:9.5pt; font-style:italic }\r\nspan.NormaltindragChar { font-family:'Verdana'; font-size:9.5pt }\r\nspan.OrdfrandenChar { font-family:'Verdana'; font-size:9.5pt; font-style:italic }\r\nspan.OrtochDatumChar { font-family:'Verdana'; font-size:9.5pt }\r\nspan.PlaceholderText { color:#808080 }\r\nspan.PVgnarChar { font-family:'Verdana'; font-size:9.5pt }\r\nspan.ReservationshnvisningChar { font-family:'Verdana'; font-size:9.5pt; font-style:italic }\r\nspan.Rubrik1Char { font-family:'Verdana'; font-size:16pt }\r\nspan.Rubrik1DokumentinformationChar { font-family:'Verdana'; font-size:16pt }\r\nspan.Rubrik2Char { font-family:'Verdana'; font-size:13.5pt }\r\nspan.Rubrik3Char { font-family:'Verdana'; font-size:10.5pt; font-weight:bold }\r\nspan.Rubrik4Char { font-family:'Verdana'; font-size:10.5pt; font-style:italic; color:#000000 }\r\nspan.Rubrik5Char { font-family:'Verdana'; font-size:9.5pt; font-weight:bold }\r\nspan.Rubrik6Char { font-family:'Verdana'; font-size:9.5pt; font-style:italic; color:#000000 }\r\nspan.Rubrik7Char { font-family:'Verdana'; font-size:9.5pt; font-style:italic; color:#243f60 }\r\nspan.Rubrik8Char { font-family:'Verdana'; font-size:9pt; color:#272727 }\r\nspan.Rubrik9Char { font-family:'Verdana'; font-size:9pt; font-style:italic; color:#272727 }\r\nspan.RubrikChar { font-family:'Verdana'; font-size:20pt; letter-spacing:-0.5pt }\r\nspan.SidfotChar { font-family:'Verdana'; font-size:9.5pt }\r\nspan.SidhuvudChar { font-family:'Verdana'; font-size:7.5pt; font-variant:small-caps }\r\nspan.Tabell-Upphjttecken { font-family:'Verdana'; font-variant:normal; text-decoration:none; text-transform:none; vertical-align:super; display:inline }\r\nspan.VapenChar { font-family:'Verdana'; font-size:16pt }\r\nspan.h1-vignette1 { font-family:open_sanssemibold; font-size:12pt; display:inline }\r\nspan.tBilagaJA { color:#000000 }\r\nspan.tSidrubrikJA { color:#000000 }\r\n.TableGrid {  }\r\n--></style>\r\n\r\n\t\t<div class=\"Section1\">\r\n\t\t\t<table cellspacing=\"0\" cellpadding=\"0\" style=\"border-collapse:collapse; margin-left:0pt\">\r\n\t\t\t\t<tr style=\"height:79.4pt\">\r\n\t\t\t\t\t<td style=\"vertical-align:top; width:297.7pt\">\r\n\t\t\t\t\t\t<p class=\"Rubrik1Dokumentinformation\" style=\"margin-top:0pt; margin-bottom:0pt; text-align:left; page-break-inside:avoid; page-break-after:avoid; line-height:16pt\">\r\n\t\t\t\t\t\t\t<span style=\"font-family:'Verdana'; font-size:16pt; -aw-sdt-tag:ccUtskott; -aw-sdt-title:'utskottsnamn Dokumentegenskap'\">Kulturutskottet</span><span style=\"font-family:'Verdana'; font-size:16pt; -aw-sdt-tag:ccS; -aw-sdt-title:s\">s</span><span style=\"font-family:'Verdana'; font-size:16pt; -aw-sdt-tag:ccMellanslag; -aw-sdt-title:Mellanslag\"> </span><a name=\"Utlatande\"></a><span style=\"font-family:'Verdana'; font-size:16pt\">utlåtande</span>\r\n\t\t\t\t\t\t</p>\r\n\t\t\t\t\t\t<p class=\"Dokumentbeteckning\" style=\"margin-top:0pt; margin-bottom:0pt; text-align:left; page-break-inside:avoid; page-break-after:avoid; line-height:16pt\">\r\n\t\t\t\t\t\t\t<span style=\"font-family:'Verdana'; font-size:16pt; -aw-sdt-tag:ccRiksmote; -aw-sdt-title:'riksmote Dokumentegenskap'\">2018/19</span><span style=\"font-family:'Verdana'; font-size:16pt; -aw-sdt-tag:ccKolon; -aw-sdt-title:Kolon\">:</span><a name=\"Utskottebeteckning\"></a><span style=\"font-family:'Verdana'; font-size:16pt\">KrU5</span>\r\n\t\t\t\t\t\t</p>\r\n\t\t\t\t\t\t<p class=\"Rubrik1Dokumentinformation\" style=\"margin-top:0pt; margin-bottom:0pt; text-align:left; page-break-inside:avoid; page-break-after:avoid; line-height:16pt\">\r\n\t\t\t\t\t\t\t<span style=\"font-family:'Verdana'; font-size:16pt\"> </span>\r\n\t\t\t\t\t\t</p>\r\n\t\t\t\t\t</td>\r\n\t\t\t\t</tr>\r\n\t\t\t</table>\r\n\t\t\t<p class=\"DokumentRubrik\" style=\"-aw-sdt-tag:ccDokumentrubrik; -aw-sdt-title:'dokumentrubrik Dokumentegenskap'\">\r\n\t\t\t\t<span>EU:s nya ungdomsstrategi</span>\r\n\t\t\t</p>\r\n\t\t\t<p class=\"Sammanfattning\">\r\n\t\t\t\t<span class=\"tSidrubrikJA\">Sammanfattning</span>\r\n\t\t\t</p>\r\n\t\t\t<p>\r\n\t\t\t\t<span>Utskottet har granskat </span><span>kommissionens meddelan</span><span>de om EU:s nya ungdomsstrategi</span><span>.</span><span> </span>\r\n\t\t\t</p>\r\n\t\t\t<p class=\"NormalIndent\">\r\n\t\t\t\t<span>Utskottet föreslår </span><span>att riksdagen lägger utlåtandet</span><span> till handlingarna.</span>\r\n\t\t\t</p>\r\n\t\t\t<p class=\"NormalIndent\">\r\n\t\t\t\t<span>I utlåtandet finns e</span><span>n motivreservation</span><span> (SD).</span>\r\n\t\t\t</p>\r\n\t\t\t<p class=\"R4\">\r\n\t\t\t\t<span>Granska</span><span>de dokument</span>\r\n\t\t\t</p>\r\n\t\t\t<p>\r\n\t\t\t\t<span>Kommissionens m</span><span>eddelande </span><span>Engagera, sammanföra och stärka ungdomar</span><span> – EU:s nya ungdomsstrategi</span><span> </span><span>(C</span><span>OM(2018) 269 </span><span>final).</span>\r\n\t\t\t</p>\r\n\t\t\t<p>\r\n\t\t\t\t<span> </span>\r\n\t\t\t</p>\r\n\t\t\t<p class=\"Innehllsfrteckning\">\r\n\t\t\t\t<a name=\"Innehållsförteckning\"></a><span class=\"tSidrubrikJA\">Innehållsförteckning</span>\r\n\t\t\t</p>\r\n\t\t\t<p class=\"TOC1\">\r\n\t\t\t\t<a style=\"color:#000000\" href=\"#_Toc530043306\"><span class=\"Hyperlink\">Utskottets förslag till riksdagsbeslut</span></a>\r\n\t\t\t</p>\r\n\t\t\t<p class=\"TOC1\">\r\n\t\t\t\t<a style=\"color:#000000\" href=\"#_Toc530043307\"><span class=\"Hyperlink\">Redogörelse för ärendet</span></a>\r\n\t\t\t</p>\r\n\t\t\t<p class=\"TOC2\" style=\"margin-bottom:0pt\">\r\n\t\t\t\t<a style=\"color:#000000\" href=\"#_Toc530043308\"><span class=\"Hyperlink\">Ärendet och dess beredning</span></a>\r\n\t\t\t</p>\r\n\t\t\t<p class=\"TOC2\" style=\"margin-top:0pt\">\r\n\t\t\t\t<a style=\"color:#000000\" href=\"#_Toc530043309\"><span class=\"Hyperlink\">Bakgrund</span></a>\r\n\t\t\t</p>\r\n\t\t\t<p class=\"TOC1\">\r\n\t\t\t\t<a style=\"color:#000000\" href=\"#_Toc530043310\"><span class=\"Hyperlink\">Utskottets överväganden</span></a>\r\n\t\t\t</p>\r\n\t\t\t<p class=\"TOC2\">\r\n\t\t\t\t<a style=\"color:#000000\" href=\"#_Toc530043311\"><span class=\"Hyperlink\">EU:s nya ungdomsstrategi</span></a>\r\n\t\t\t</p>\r\n\t\t\t<p class=\"TOC1\">\r\n\t\t\t\t<a style=\"color:#000000\" href=\"#_Toc530043312\"><span class=\"Hyperlink\">Reservation</span></a>\r\n\t\t\t</p>\r\n\t\t\t<p class=\"TOC6\" style=\"margin-right:17pt; margin-left:5.65pt\">\r\n\t\t\t\t<a style=\"color:#000000\" href=\"#_Toc530043313\"><span class=\"Hyperlink\">EU:s nya ungdomsstrategi – motiveringen (SD)</span></a>\r\n\t\t\t</p>\r\n\t\t\t<p class=\"TOC8\">\r\n\t\t\t\t<span class=\"Hyperlink\" style=\"font-style:italic\">Bilaga</span><br /><a style=\"color:#000000\" href=\"#_Toc530043314\"><span class=\"Hyperlink\">Förteckning över granskade dokument</span></a>\r\n\t\t\t</p>\r\n\t\t\t<p>\r\n\t\t\t</p>\r\n\t\t\t<p>\r\n\t\t\t\t<span> </span>\r\n\t\t\t</p>\r\n\t\t\t<p class=\"NormalIndent\">\r\n\t\t\t\t<span> </span>\r\n\t\t\t</p>\r\n\t\t\t<p class=\"Avsnittsrubrik\">\r\n\t\t\t\t<a name=\"StopCC\"></a><a name=\"_Toc530043306\"><span style=\"-aw-bookmark-end:StopCC\"></span><span class=\"tSidrubrikJA\">Utskottets förslag till riksdagsbeslut</span></a>\r\n\t\t\t</p>\r\n\t\t\t<p class=\"Mellanrum\">\r\n\t\t\t\t<span> </span>\r\n\t\t\t</p>\r\n\t\t\t<p class=\"Mellanrum\">\r\n\t\t\t\t<span> </span>\r\n\t\t\t</p>\r\n\t\t\t<table cellspacing=\"0\" cellpadding=\"0\" style=\"border-collapse:collapse; margin-left:0pt; width:294.2pt\">\r\n\t\t\t\t<tr>\r\n\t\t\t\t\t<td style=\"vertical-align:top; width:22pt\">\r\n\t\t\t\t\t\t<p style=\"margin-top:3.1pt; margin-bottom:0pt; text-align:justify; page-break-inside:avoid; page-break-after:avoid; line-height:12.5pt\">\r\n\t\t\t\t\t\t\t<span style=\"font-family:'Verdana'; font-size:10.5pt; font-weight:bold\">EU:s nya ungdomsstrategi</span>\r\n\t\t\t\t\t\t</p>\r\n\t\t\t\t\t</td>\r\n\t\t\t\t</tr>\r\n\t\t\t</table>\r\n\t\t\t<p class=\"Normalutanluftfre\" style=\"-aw-sdt-tag:'dokumentavsnitt/utskottets förslag till riksdagsbeslut/715161574/1542276089392'; -aw-sdt-title:'utskottets förslag till riksdagsbeslut'\">\r\n\t\t\t\t<span>Riksdagen lägger utlåtandet till handlingarna.</span>\r\n\t\t\t</p>\r\n\t\t\t<p class=\"Reservationshnvisning\" style=\"-aw-sdt-tag:'dokumentavsnitt/utskottets förslag till riksdagsbeslut/715161574/1542276089392'; -aw-sdt-title:'utskottets förslag till riksdagsbeslut'\">\r\n\t\t\t\t<span>Reservation (SD) – motiveringen</span>\r\n\t\t\t</p>\r\n\t\t\t<p class=\"OrtochDatum\" style=\"-aw-sdt-tag:'dokumentavsnitt/utskottets förslag till riksdagsbeslut/715161574/1542276089392'; -aw-sdt-title:'utskottets förslag till riksdagsbeslut'\">\r\n\t\t\t\t<span>Stockholm den 15 november 2018</span>\r\n\t\t\t</p>\r\n\t\t\t<p class=\"PVgnar\" style=\"-aw-sdt-tag:'dokumentavsnitt/utskottets förslag till riksdagsbeslut/715161574/1542276089392'; -aw-sdt-title:'utskottets förslag till riksdagsbeslut'\">\r\n\t\t\t\t<span>På kulturutskottets vägnar</span>\r\n\t\t\t</p>\r\n\t\t\t<p class=\"Ordfranden\" style=\"-aw-sdt-tag:'dokumentavsnitt/utskottets förslag till riksdagsbeslut/715161574/1542276089392'; -aw-sdt-title:'utskottets förslag till riksdagsbeslut'\">\r\n\t\t\t\t<span>Christer Nylander</span>\r\n\t\t\t</p>\r\n\t\t\t<p class=\"Deltagare\" style=\"-aw-sdt-tag:'dokumentavsnitt/utskottets förslag till riksdagsbeslut/715161574/1542276089392'; -aw-sdt-title:'utskottets förslag till riksdagsbeslut'\">\r\n\t\t\t\t<span>Följande ledamöter har deltagit i beslutet: Christer Nylander (L), Vasiliki Tsouplaki (V), Lawen Redar (S), Lotta Finstorp (M), Annicka Engblom (M), Aron Emilsson (SD), Lars Mejern Larsson (S), Per Lodenius (C), Ann-Britt Åsebol (M), Anna Wallentheim (S), Roland Utbult (KD), Åsa Karlsson (S), Viktor Wärnick (M), Azadeh Rojhan Gustafsson (S), Cassandra Sundin (SD), Emma Hult (MP) och Sara Seppälä (SD).</span>\r\n\t\t\t</p>\r\n\t\t\t<p class=\"Mellanrum\" style=\"-aw-sdt-tag:'dokumentavsnitt/utskottets förslag till riksdagsbeslut/715161574/1542276089392'; -aw-sdt-title:'utskottets förslag till riksdagsbeslut'\">\r\n\t\t\t\t<span> </span>\r\n\t\t\t</p>\r\n\t\t\t<p class=\"Mellanrum\" style=\"-aw-sdt-tag:'dokumentavsnitt/utskottets förslag till riksdagsbeslut/715161574/1542276089392'; -aw-sdt-title:'utskottets förslag till riksdagsbeslut'\">\r\n\t\t\t\t<span> </span>\r\n\t\t\t</p>\r\n\t\t\t<p class=\"Mellanrum\" style=\"-aw-sdt-tag:'dokumentavsnitt/utskottets förslag till riksdagsbeslut/715161574/1542276089392'; -aw-sdt-title:'utskottets förslag till riksdagsbeslut'\">\r\n\t\t\t\t<span style=\"font-size:9.5pt\"> </span>\r\n\t\t\t</p>\r\n\t\t\t<p>\r\n\t\t\t\t<span> </span>\r\n\t\t\t</p>\r\n\t\t\t<p class=\"Avsnittsrubrik\">\r\n\t\t\t\t<a name=\"SlutUtskottsForslag\"></a><a name=\"_Toc530043307\"><span style=\"-aw-bookmark-end:SlutUtskottsForslag\"></span><span class=\"tSidrubrikJA\">Redogörelse för ärendet</span></a>\r\n\t\t\t</p>\r\n\t\t\t<h2>\r\n\t\t\t\t<a name=\"_Toc530043308\"><span>Ärendet och dess beredning</span></a>\r\n\t\t\t</h2>\r\n\t\t\t<p>\r\n\t\t\t\t<span>Talmannen har efter samråd med gruppledarna beslutat att Europeiska kommissionens meddelande till Europaparlamentet, rådet, Europeiska ekonomiska och sociala kommittén samt regionkommittén Engagera,</span><span> sammanföra och stärka ungdomar –</span><span> EU:s nya ungdomsstrategi</span><span> (COM(2018) 269 final)</span><span> ska behandlas av riksdagen i enlighet med 9 kap. 20 § riksdagsordningen. Kammaren hänvisade ärendet till kulturutskottet för granskning den </span><span>17</span><span> oktober</span><span> 2018.</span>\r\n\t\t\t</p>\r\n\t\t\t<p class=\"NormalIndent\">\r\n\t\t\t\t<span>Utskottet överlade den 13 november 2018 med regeringen om antagande av rådsresolution</span><span>en</span><span> om EU:s ungdomsstrategi – Resolution on the European Union Youth Strategy 2019–2027 (13381/18).</span>\r\n\t\t\t</p>\r\n\t\t\t<h2>\r\n\t\t\t\t<a name=\"_Toc530043309\"><span>Bakgrund</span></a>\r\n\t\t\t</h2>\r\n\t\t\t<p>\r\n\t\t\t\t<span>Den 22 maj 2018 pre</span><span>senterade </span><span>kommissionen</span><span> ett meddelande om förslag till</span><span> </span><span>EU:s nya ungdomsstrategi för 2019–2027</span><span> (COM(2018) 269 final)</span><span>. Jämfört med det nuvarande</span><span> </span><span>europeiska ramverket på ungdomsområdet föreslås arbetet fokusera på färre</span><span> </span><span>områden och</span><span> struktureras bättre på EU-nivå</span><span>.</span>\r\n\t\t\t</p>\r\n\t\t\t<p class=\"NormalIndent\">\r\n\t\t\t\t<span>Sedan 2002 finns ett särskilt ungdomspolitiskt samarbete inom EU, grundat på principerna om aktivt deltagande och lika möjligheter. Samarbetet bedrivs i samverkan med andra politikområden med fokus på unga kvinnor och män, såsom utbildning och sysselsättning. </span>\r\n\t\t\t</p>\r\n\t\t\t<p class=\"NormalIndent\">\r\n\t\t\t\t<span>År 2009 antogs under det svenska ordförandeskapet en resolution om ett europeiskt ramverk på ungdomsområdet för perioden 2010–2018, den s.k. ungdomsstrategin (2009/C 311/01). Strategin fokuserar dels på att skapa fler och mer jämlika möjligheter för ungdomar vad gäller utbildning och arbetsmarknad, dels på att främja ett aktivt medborgarskap, social inkludering och solidaritet. Strategin har ett tvärsektoriellt angreppssätt för att betona ungdomsperspektivet inom områden som utbildning, hälsa, arbete och social inkludering. </span>\r\n\t\t\t</p>\r\n\t\t\t<p class=\"NormalIndent\">\r\n\t\t\t\t<span>EU </span><span>utvärderade</span><span> under 2017 ramverket genom konsultationer med berörda parter. Slutsatsen är att samarbete på ungdomsområdet har visat sig vara värdefullt då det har lett till både policyförändringar och lagändringar på nationell nivå samt ökat ungdomsorganisationernas kapacitet. Den kritik som har förts fram har handlat om att strategin har försökt täcka in ett alltför stort antal områden och att avsaknad av uppföljningsverktyg minskade strategins effektivitet. Det har varit svårt att nå ut till alla berörda ungdomar, särskilt de med färre möjligheter och unga aktiva i organisationer på gräsrotsnivå.</span>\r\n\t\t\t</p>\r\n\t\t\t<p class=\"Rubrik1medsidhuvud\">\r\n\t\t\t\t<a name=\"_Toc530043310\"><span class=\"tSidrubrikJA\">Utskottets överväganden</span></a>\r\n\t\t\t</p>\r\n\t\t\t<h2 style=\"-aw-sdt-tag:7d0f0529-151f-4306-a93d-ec1434784469/förslagsrutor/1599083297/1541674510275; -aw-sdt-title:förslagsrutor\">\r\n\t\t\t\t<a name=\"_Toc530043311\"><span>EU:s nya ungdomsstrategi</span></a>\r\n\t\t\t</h2>\r\n\t\t\t<div style=\"border-bottom-color:#000000; border-bottom-style:solid; border-bottom-width:0.75pt; border-left-color:#000000; border-left-style:solid; border-left-width:0.75pt; border-right-color:#000000; border-right-style:solid; border-right-width:0.75pt; border-top-color:#000000; border-top-style:solid; border-top-width:0.75pt; clear:both; margin:3.1pt 0.9pt 0pt\">\r\n\t\t\t\t<p class=\"Normalrutafet\" style=\"margin:0pt; padding-right:4pt; padding-left:4pt\">\r\n\t\t\t\t\t<span style=\"-aw-bookmark-end:_Toc530043311\"></span><span>Utskottets förslag i korthet</span>\r\n\t\t\t\t</p>\r\n\t\t\t\t<p class=\"Normalruta\" style=\"margin:0pt; padding-right:4pt; padding-left:4pt\">\r\n\t\t\t\t\t<span>Riksdagen lägger utlåtandet till handlingarna.</span>\r\n\t\t\t\t</p>\r\n\t\t\t\t<p class=\"Normalrutaindrag\" style=\"margin:0pt; padding-right:4pt; padding-left:4pt; padding-bottom:4pt; -aw-sdt-tag:'7d0f0529-151f-4306-a93d-ec1434784469/förslagsrutor reservations text/-179015835/1542118805672'; -aw-sdt-title:'förslagsrutor reservations text'\">\r\n\t\t\t\t\t<span>Jämför motivreservationen (SD).</span>\r\n\t\t\t\t</p>\r\n\t\t\t</div>\r\n\t\t\t<p class=\"R3\">\r\n\t\t\t\t<span>Meddelandet</span>\r\n\t\t\t</p>\r\n\t\t\t<p>\r\n\t\t\t\t<span>Den nya ungdomsstrategin</span><span> föreslås huvudsakligen syfta till att ge unga kvinnor och</span><span> </span><span>män mer makt över sina egna liv, uppmuntra ungdomar till att vara aktiva</span><span> </span><span>medborgare, bidra till att förebygga socialt utanförskap bland ungdomar och</span><span> </span><span>bidra </span><span>till att de politiska besluten påverkar ungdomar i en mer positiv riktning.</span><span> </span><span>De verktyg som föreslås för att nå detta är bl.a. en sektorsövergripande</span><span> </span><span>ungdomssamordnare inom EU som ska ge ungdomar en röst vid</span><span> </span><span>utformningen av EU:s politik, en kartläggning av EU:s satsningar på</span><span> </span><span>ungdomar och en ny och mer inkluderande ungdomsdialog med fokus på</span><span> </span><span>ungdomar med färre möjligheter. Vidare föreslås större rörlighet vid</span><span> </span><span>volontärarbete och solidaritetsverksamhet, ett ökat erkännande av icke</span><span> </span><span>formellt</span><span> </span><span>lärande samt att en förstärkning av kopplingen mellan EU:s</span><span> </span><span>ungdomspolitik och liknande EU-program som Erasmus</span><span> plus</span><span> och Europeiska</span><span> </span><span>solidaritetskåren.</span>\r\n\t\t\t</p>\r\n\t\t\t<p class=\"NormalIndent\">\r\n\t\t\t\t<span>I den nya strategin vill kommissionen därför ta med sig lärdomar som utgår från</span><span> följande punkter</span><span>:</span>\r\n\t\t\t</p>\r\n\t\t\t<p class=\"Punktlistabomb\" style=\"margin-left:14.2pt; margin-bottom:0pt; text-indent:-14.2pt\">\r\n\t\t\t\t<span style=\"font-family:'Verdana'; font-size:10pt\">•</span><span style=\"font:7.0pt 'Verdana'\">       </span><span>m</span><span>er fokus och flexibilitet för att anpassa de europeiska</span><span> </span><span>värderingarna</span><span> till nationella prioriteringar</span>\r\n\t\t\t</p>\r\n\t\t\t<p class=\"Punktlistabomb\" style=\"margin-top:0pt; margin-left:14.2pt; margin-bottom:0pt; text-indent:-14.2pt\">\r\n\t\t\t\t<span style=\"font-family:'Verdana'; font-size:10pt\">•</span><span style=\"font:7.0pt 'Verdana'\">       </span><span>n</span><span>å ut till fler ungdomsgrupper, särskilt till ungdomar med färre</span><span> </span><span>möjl</span><span>igheter</span>\r\n\t\t\t</p>\r\n\t\t\t<p class=\"Punktlistabomb\" style=\"margin-top:0pt; margin-left:14.2pt; margin-bottom:0pt; text-indent:-14.2pt\">\r\n\t\t\t\t<span style=\"font-family:'Verdana'; font-size:10pt\">•</span><span style=\"font:7.0pt 'Verdana'\">       </span><span>e</span><span>tt nytt </span><span>sätt att arbeta tvärsektoriellt</span>\r\n\t\t\t</p>\r\n\t\t\t<p class=\"Punktlistabomb\" style=\"margin-top:0pt; margin-left:14.2pt; margin-bottom:0pt; text-indent:-14.2pt\">\r\n\t\t\t\t<span style=\"font-family:'Verdana'; font-size:10pt\">•</span><span style=\"font:7.0pt 'Verdana'\">       </span><span>f</span><span>örbättra transparensen </span><span>i </span><span>och möjligheten til</span><span>l uppföljning av</span><span> </span><span>ramverket</span>\r\n\t\t\t</p>\r\n\t\t\t<p class=\"Punktlistabomb\" style=\"margin-top:0pt; margin-left:14.2pt; margin-bottom:0pt; text-indent:-14.2pt\">\r\n\t\t\t\t<span style=\"font-family:'Verdana'; font-size:10pt\">•</span><span style=\"font:7.0pt 'Verdana'\">       </span><span>d</span><span>elta</span><span>gande styrning på flera nivåer</span>\r\n\t\t\t</p>\r\n\t\t\t<p class=\"Punktlistabomb\" style=\"margin-top:0pt; margin-left:14.2pt; text-indent:-14.2pt\">\r\n\t\t\t\t<span style=\"font-family:'Verdana'; font-size:10pt\">•</span><span style=\"font:7.0pt 'Verdana'\">       </span><span>e</span><span>n tydligare koppling mellan EU:s ungdomspolicy och</span><span> </span><span>aktiviteter i EU-program relevanta för ungdomar.</span>\r\n\t\t\t</p>\r\n\t\t\t<p>\r\n\t\t\t\t<span>I meddelandet framhålls att ett nytt ungdomspolitiskt samarbete i EU kan</span><span> </span><span>hjälpa till att få bukt med den paradox som för närvarande präglar</span><span> </span><span>ungdomars politiska deltagande. Å ena sidan är ungdomar politiskt</span><span> </span><span>intresserade och socialt aktiva. Å andra sidan undviker de traditionella</span><span> </span><span>former av deltagande. Ungdomspolitiken kan bidra till att förverkliga</span><span> </span><span>visionen om ett Europa där ungdomar kan ta till</span><span> </span><span>vara möjligheter och relatera</span><span> </span><span>till europeiska värden. Ungdomsstrategin i EU visar på kommissionens och</span><span> </span><span>medlemsstaternas gemensamma åtagande på området.</span>\r\n\t\t\t</p>\r\n\t\t\t<p class=\"NormalIndent\">\r\n\t\t\t\t<span>Verksamheten inom det ungdomspolitiska samarbetet föreslås koncentreras</span><span> till tre åtgärdsområden:</span><span> att engagera, att sammanför</span><span>a</span><span> och att stärka.</span><span> </span>\r\n\t\t\t</p>\r\n\t\t\t<p class=\"Punktlistabomb\" style=\"margin-left:14.2pt; margin-bottom:0pt; text-indent:-14.2pt\">\r\n\t\t\t\t<span style=\"font-family:'Verdana'; font-size:10pt\">•</span><span style=\"font:7.0pt 'Verdana'\">       </span><span>E</span><span>ngagera</span><span>: Att främja ungdomars deltagande i det demokratiska livet.</span>\r\n\t\t\t</p>\r\n\t\t\t<p class=\"Punktlistabomb\" style=\"margin-top:0pt; margin-left:14.2pt; margin-bottom:0pt; text-indent:-14.2pt\">\r\n\t\t\t\t<span style=\"font-family:'Verdana'; font-size:10pt\">•</span><span style=\"font:7.0pt 'Verdana'\">       </span><span>Sammanföra</span><span>: Att sammanföra unga människor i och utanför EU för att främja volontärarbete, utbytesstudier, solidaritet och interkulturell förståelse.</span>\r\n\t\t\t</p>\r\n\t\t\t<p class=\"Punktlistabomb\" style=\"margin-top:0pt; margin-left:14.2pt; text-indent:-14.2pt\">\r\n\t\t\t\t<span style=\"font-family:'Verdana'; font-size:10pt\">•</span><span style=\"font:7.0pt 'Verdana'\">       </span><span>Stärka</span><span>: Att öka ungdomars medbestämmande genom att göra ungdomsarbetet mer kvalitativt och innovativt samt öka erkännandet av sådana erfarenheter.</span>\r\n\t\t\t</p>\r\n\t\t\t<p>\r\n\t\t\t\t<span>Särskild uppmärksamhet kommer att ägnas åt åtgärder som syftar till att nå alla ungdo</span><span>mar, spänna över olika nivåer </span><span>från den globala till den lokala</span><span> </span><span>nivån och att inkludera den virtuella världen. Ungdomsstrategin föreslås</span><span> </span><span>under de kommande åren (2019–2027) ha följande syften:</span>\r\n\t\t\t</p>\r\n\t\t\t<p class=\"Punktlistabomb\" style=\"margin-left:14.2pt; margin-bottom:0pt; text-indent:-14.2pt\">\r\n\t\t\t\t<span style=\"font-family:'Verdana'; font-size:10pt\">•</span><span style=\"font:7.0pt 'Verdana'\">       </span><span>Ge ungdomar egenmakt att utforma sina egna liv, bygga upp</span><span> </span><span>ungdomarnas motståndskraft och rusta dem med livskunskap för</span><span> </span><span>att klara sig i en föränderlig värld.</span>\r\n\t\t\t</p>\r\n\t\t\t<p class=\"Punktlistabomb\" style=\"margin-top:0pt; margin-left:14.2pt; margin-bottom:0pt; text-indent:-14.2pt\">\r\n\t\t\t\t<span style=\"font-family:'Verdana'; font-size:10pt\">•</span><span style=\"font:7.0pt 'Verdana'\">       </span><span>Uppmuntra ungdomar att bli aktiva medborgare som verkar för</span><span> </span><span>solidaritet och positiv förändring i samhällen runt om i Europa,</span><span> </span><span>inspirerade av EU:s värden och en europeisk identitet.</span>\r\n\t\t\t</p>\r\n\t\t\t<p class=\"Punktlistabomb\" style=\"margin-top:0pt; margin-left:14.2pt; margin-bottom:0pt; text-indent:-14.2pt\">\r\n\t\t\t\t<span style=\"font-family:'Verdana'; font-size:10pt\">•</span><span style=\"font:7.0pt 'Verdana'\">       </span><span>Bidra till att förebygga socialt utanförskap bland ungdomar.</span>\r\n\t\t\t</p>\r\n\t\t\t<p class=\"Punktlistabomb\" style=\"margin-top:0pt; margin-left:14.2pt; text-indent:-14.2pt\">\r\n\t\t\t\t<span style=\"font-family:'Verdana'; font-size:10pt\">•</span><span style=\"font:7.0pt 'Verdana'\">       </span><span>Se till att politiska beslut påverkar ungdomar i mer positiv</span><span> </span><span>riktning genom att föra dialog och tillgodose ungas behov inom</span><span> </span><span>olika sektorer.</span>\r\n\t\t\t</p>\r\n\t\t\t<p>\r\n\t\t\t\t<span>Sammanfattnings</span><span>vis föreslås detta ske genom</span><span> att man</span>\r\n\t\t\t</p>\r\n\t\t\t<p class=\"Punktlistabomb\" style=\"margin-left:14.2pt; margin-bottom:0pt; text-indent:-14.2pt\">\r\n\t\t\t\t<span style=\"font-family:'Verdana'; font-size:10pt\">•</span><span style=\"font:7.0pt 'Verdana'\">       </span><span>f</span><span>örbättra</span><span>r</span><span> det sektorsövergripande samarbetet mellan olika</span><span> </span><span>politik</span><span>-</span><span>områden, bl</span><span>.</span><span>a</span><span>.</span><span> genom att inrätta en</span><span> </span><span>ungdomssamordnare inom EU som kan ge ungdomar en röst vid</span><span> </span><span>utformningen av EU:s politik</span>\r\n\t\t\t</p>\r\n\t\t\t<p class=\"Punktlistabomb\" style=\"margin-top:0pt; margin-left:14.2pt; margin-bottom:0pt; text-indent:-14.2pt\">\r\n\t\t\t\t<span style=\"font-family:'Verdana'; font-size:10pt\">•</span><span style=\"font:7.0pt 'Verdana'\">       </span><span>k</span><span>artlägg</span><span>er</span><span> EU:s satsningar</span><span> på ungdomar</span>\r\n\t\t\t</p>\r\n\t\t\t<p class=\"Punktlistabomb\" style=\"margin-top:0pt; margin-left:14.2pt; margin-bottom:0pt; text-indent:-14.2pt\">\r\n\t\t\t\t<span style=\"font-family:'Verdana'; font-size:10pt\">•</span><span style=\"font:7.0pt 'Verdana'\">       </span><span>l</span><span>ansera</span><span>r</span><span> EU:s nya och mer inkluderande ungdomsdialog med</span><span> </span><span>fokus på</span><span> ungdomar med färre möjligheter</span>\r\n\t\t\t</p>\r\n\t\t\t<p class=\"Punktlistabomb\" style=\"margin-top:0pt; margin-left:14.2pt; margin-bottom:0pt; text-indent:-14.2pt\">\r\n\t\t\t\t<span style=\"font-family:'Verdana'; font-size:10pt\">•</span><span style=\"font:7.0pt 'Verdana'\">       </span><span>u</span><span>ndanröjer</span><span> hinder för och möjliggöra rörlighet i samband med</span><span> </span><span>volontärar</span><span>bete och solidaritetsverksamhet</span>\r\n\t\t\t</p>\r\n\t\t\t<p class=\"Punktlistabomb\" style=\"margin-top:0pt; margin-left:14.2pt; margin-bottom:0pt; text-indent:-14.2pt\">\r\n\t\t\t\t<span style=\"font-family:'Verdana'; font-size:10pt\">•</span><span style=\"font:7.0pt 'Verdana'\">       </span><span>g</span><span>enomför</span><span> en agenda för ungdomsarbete för att öka erkännandet</span><span> </span><span>av icke-forme</span><span>llt lärande</span>\r\n\t\t\t</p>\r\n\t\t\t<p class=\"Punktlistabomb\" style=\"margin-top:0pt; margin-left:14.2pt; text-indent:-14.2pt\">\r\n\t\t\t\t<span style=\"font-family:'Verdana'; font-size:10pt\">•</span><span style=\"font:7.0pt 'Verdana'\">       </span><span>s</span><span>tärker</span><span> kopplingen mellan EU:s ungdomspolitik och liknande</span><span> </span><span>EU-program (Erasmus plus</span><span> och Europeiska solidaritetskåren).</span>\r\n\t\t\t</p>\r\n\t\t\t<p>\r\n\t\t\t\t<span>På EU-nivå föreslås arbetet koncentreras mot att lansera en ny</span><span> </span><span>ungdomsdialog i EU, stärka den europeiska ungdomsportalen, öka</span><span> </span><span>ungdomars deltagande i det demokratiska livet och att stödja utbildning i</span><span> </span><span>delaktighetsprocesser genom Erasmus</span><span> plus</span><span>. Medlemsstaterna uppmanas att</span><span> </span><span>främja dialog och mekanismer för deltagande på alla beslutsnivåer, främja</span><span> </span><span>ungdomars sociala och medborgerliga engagemang, förbereda unga</span><span> </span><span>människor på deltagande genom olika former av ungdomsarbete och</span><span> </span><span>engagemang, undersöka innovativa och </span><span>alternativa former för demokratiskt</span><span> </span><span>deltagande samt att använda verktyg för att främja debatt om EU.</span>\r\n\t\t\t</p>\r\n\t\t\t<p class=\"R3\">\r\n\t\t\t\t<span>Utskottets ställningstagande</span>\r\n\t\t\t</p>\r\n\t\t\t<p>\r\n\t\t\t\t<span>Utskottet ser positivt på d</span><span>en nya ungdomsstrategin</span><span> </span><span>som </span><span>syfta</span><span>r</span><span> till att ge unga kvinnor och</span><span> </span><span>män mer makt över sina egna liv, uppmuntra ungdomar att vara aktiva</span><span> </span><span>medborgare, förebygga socialt utanförskap bland ungdomar och</span><span> </span><span>till att de politiska besluten påverkar ungdomar i en mer positiv riktning.</span><span> Detta är värden som </span><span>är utomordentligt viktiga inte minst </span><span>i </span><span>en snabbt föränderlig värld </span><span>med olika ungdomspolitiska utmaningar.</span><span> </span>\r\n\t\t\t</p>\r\n\t\t\t<p class=\"NormalIndent\">\r\n\t\t\t\t<span>Utskottet vill i sammanhanget påminna om de svenska målen för den nationella ungdomspolitiken som säger att alla ungdomar ska ha goda levnadsvillkor, makt att forma sina liv och inflytande över samhälls</span><span>-</span><span>utvecklingen</span><span> (prop. 2013/14:191, bet</span><span>.</span><span> 2013/14:KrU9, rskr. 2013/14:354). </span><span>Utskottet vill också särskilt betona vikten av ungas etablering i arbetslivet, särskilt för unga med begränsade förutsättningar.</span><span> </span><span>Utskottet delar </span><span>vidare</span><span> </span><span>uppfattningen </span><span>om vikten av en tydlig koppli</span><span>ng till EU:s </span><span>elva </span><span>ungdomsmål, inte minst</span><span> för att kunna göra adekvata uppföljningar av </span><span>de </span><span>insatser</span><span> som görs inom ramen för strategin</span><span>. </span>\r\n\t\t\t</p>\r\n\t\t\t<p class=\"NormalIndent\">\r\n\t\t\t\t<span>Sammanfattningsvis ser utskottet positivt på den nya gemensam</span><span>m</span><span>a strategin för ungdomsfrågor för att samordna </span><span>mellanstatliga insatser som </span><span>enligt utskottets uppfattning </span><span>kan </span><span>ge ett mervärde på nationell nivå och som </span><span>kanske </span><span>annars inte hade varit möjliga. </span><span>Strategin kan förenkla utbytet av goda exempel och erfarenheter inom det ungdomspolitiska området mellan medlemsstaterna. </span><span>Utskottet vill dock understryka</span><span> att </span><span>EU, </span><span>enligt fördraget om Europeiska u</span><span>nionens funktionssätt, endast har en stödjande kompetens inom ungdomspolitiken och att detta inte får innebära någon harmonisering av medlemsstaternas regelverk</span><span>.</span><span> </span>\r\n\t\t\t</p>\r\n\t\t\t<p class=\"NormalIndent\">\r\n\t\t\t\t<span>Utskottet </span><span>föreslår att</span><span> </span><span>utlåtandet</span><span> </span><span>läggs</span><span> </span><span>till handlingarna.</span>\r\n\t\t\t</p>\r\n\t\t\t<p class=\"NormalIndent\">\r\n\t\t\t\t<span> </span>\r\n\t\t\t</p>\r\n\t\t\t<p class=\"NormalIndent\">\r\n\t\t\t\t<span> </span>\r\n\t\t\t</p>\r\n\t\t\t<p>\r\n\t\t\t\t<span> </span>\r\n\t\t\t</p>\r\n\t\t\t<p class=\"Avsnittsrubrik\">\r\n\t\t\t\t<a name=\"_Toc530043312\"><span class=\"tSidrubrikJA\">Reservation</span></a>\r\n\t\t\t</p>\r\n\t\t\t<p class=\"Mellanrum\" style=\"-aw-sdt-tag:45c9412e-5760-42a0-8916-7b84da750952/reservationer/-38123225/1542276089385; -aw-sdt-title:reservationer\">\r\n\t\t\t\t<span> </span>\r\n\t\t\t</p>\r\n\t\t\t<table cellspacing=\"0\" cellpadding=\"0\" style=\"border-collapse:collapse; margin-left:0pt; width:294.2pt\">\r\n\t\t\t\t<tr>\r\n\t\t\t\t\t<td style=\"vertical-align:top\">\r\n\t\t\t\t\t\t<p class=\"Reservationsrubrik\" style=\"margin-top:0pt; margin-bottom:3.1pt; text-align:left; page-break-inside:avoid; page-break-after:avoid; line-height:12.5pt\">\r\n\t\t\t\t\t\t\t<a name=\"_Toc530043313\"><span style=\"font-family:'Verdana'; font-size:10.5pt; font-weight:bold\">EU:s nya ungdomsstrategi – motiveringen (SD)</span></a>\r\n\t\t\t\t\t\t</p>\r\n\t\t\t\t\t</td>\r\n\t\t\t\t</tr>\r\n\t\t\t</table>\r\n\t\t\t<p class=\"Normalutanluftfre\" style=\"-aw-sdt-tag:45c9412e-5760-42a0-8916-7b84da750952/reservationer/-38123225/1542276089385; -aw-sdt-title:reservationer\">\r\n\t\t\t\t<span>av Aron Emilsson (SD), Cassandra Sundin (SD) och Sara Seppälä (SD).</span>\r\n\t\t\t</p>\r\n\t\t\t<p class=\"Mellanrum\" style=\"-aw-sdt-tag:45c9412e-5760-42a0-8916-7b84da750952/reservationer/-38123225/1542276089385; -aw-sdt-title:reservationer\">\r\n\t\t\t\t<span> </span>\r\n\t\t\t</p>\r\n\t\t\t<p class=\"Mellanrum\" style=\"-aw-sdt-tag:45c9412e-5760-42a0-8916-7b84da750952/reservationer/-38123225/1542276089385; -aw-sdt-title:reservationer\">\r\n\t\t\t\t<span> </span>\r\n\t\t\t</p>\r\n\t\t\t<p class=\"R4\">\r\n\t\t\t\t<span>Ställningstagande</span>\r\n\t\t\t</p>\r\n\t\t\t<p>\r\n\t\t\t\t<span>Sverigedemokraterna är ett Europavänligt parti som är kritiskt till EU som organisation med tanke på dess överstatliga karaktär. EU har över tid utvecklats till en organisation som inte tar tillräcklig hänsyn till nationellt självbestämmande. </span>\r\n\t\t\t</p>\r\n\t\t\t<p class=\"NormalIndent\">\r\n\t\t\t\t<span>Vi menar att mycket av det som ungdomsstrategin berör hade kunnat genomföras på ett fullgott sätt inom ramen för bilaterala och multilaterala avtal mellan självständiga nationalstater. Vi anser att utskottets utlåtande godtar ett förfarande där harmonisering av lagstiftning i medlemsländerna kan följa på området</span><span>,</span><span> och det bryter mot delar av EU:s artikel 165. </span>\r\n\t\t\t</p>\r\n\t\t\t<p class=\"NormalIndent\">\r\n\t\t\t\t<span>Utöver frågan om vilken nivå beslut ska fattas på i den här typen av ärenden har vi också kritik i andra avseenden. Exempelvis när ”EU:s värden” och en ”europeisk identitet” diskuteras och ska arbetas för gentemot de olika medlemsländerna får vi en bild av ett synsätt som präglas av att man vill pådyvla ett slags värderingar och ett slags artificiell europeisk identitet ovanifrån, i stället för att verka för att detta på organisk väg växer fram underifrån och uppåt. Det ser vi som problematiskt. De identiteter och värderingar som vuxit fram i Europa genom historien på organisk väg i de olika medlemsländerna är i stället vad som i själva verket skulle behöva bejakas, enligt vårt synsätt. Till det får vi också en känsla av att EU och Europa sammanblandas och likställs alltför mycket i frågan. </span>\r\n\t\t\t</p>\r\n\t\t\t<p class=\"NormalIndent\">\r\n\t\t\t\t<span>Mot bakgrund av </span><span>det</span><span> som anförts</span><span> ovan</span><span> </span><span>föreslår vi att</span><span> </span><span>utlåtandet</span><span> </span><span>läggs </span><span>till handlingarna.</span>\r\n\t\t\t</p>\r\n\t\t\t<p class=\"NormalIndent\">\r\n\t\t\t\t<span> </span>\r\n\t\t\t</p>\r\n\t\t\t<p class=\"NormalIndent\">\r\n\t\t\t\t<span> </span>\r\n\t\t\t</p>\r\n\t\t\t<p class=\"NormalIndent\">\r\n\t\t\t\t<span> </span>\r\n\t\t\t</p>\r\n\t\t\t<p class=\"Bilaga\">\r\n\t\t\t\t<span class=\"tBilagaJA\">Bilaga </span>\r\n\t\t\t</p>\r\n\t\t\t<p class=\"Bilagerubrik\">\r\n\t\t\t\t<a name=\"_Toc530043314\"><span class=\"tSidrubrikJA\">Förteckning över </span><span class=\"tSidrubrikJA\">granska</span><span class=\"tSidrubrikJA\">de</span><span class=\"tSidrubrikJA\"> dokument</span></a>\r\n\t\t\t</p>\r\n\t\t\t<p>\r\n\t\t\t\t<span style=\"font-style:italic\">Kommissionens m</span><span style=\"font-style:italic\">eddelande Engagera, sammanföra och stärka ungdomar</span><span style=\"font-style:italic\"> – EU:s nya ungdomsstrategi</span><span style=\"font-style:italic\"> </span><span style=\"font-style:italic\">(C</span><span style=\"font-style:italic\">OM(2018) 269 </span><span style=\"font-style:italic\">final)</span><span style=\"font-style:italic\">.</span>\r\n\t\t\t</p>\r\n\t\t\t<p>\r\n\t\t\t\t<span> </span>\r\n\t\t\t</p>\r\n\t\t</div>\r\n\t"},"dokutskottsforslag":{"utskottsforslag":{"punkt":"1","rubrik":"EU:s nya ungdomsstrategi","forslag":"Riksdagen lägger utlåtandet till handlingarna.<BR/><BR/><BR/>","beslutstyp":"acklamation","motforslag_nummer":"1","motforslag_partier":"\"SD\"","votering_id":"d08361f5-084e-4f2a-8736-6dbfb5acc14e","votering_sammanfattning_html":{"table":{"tr":[{"td":{"h4":"Omröstning i motivfrågan","p":"Utskottets förslag mot reservation 1 (SD)"}},{"th":["Parti","Ja","Nej","Avstående","Frånvarande"]},{"td":["S","90","0","0","10"]},{"td":["M","64","0","0","6"]},{"td":["SD","0","61","0","1"]},{"td":["C","27","0","0","4"]},{"td":["V","25","0","0","3"]},{"td":["KD","20","0","0","2"]},{"td":["L","18","0","0","2"]},{"td":["MP","16","0","0","0"]},{"td":["Totalt","260","61","0","28"]},{"td":{"h4":null}}]},"br":null},"votering_url_xml":"http://data.riksdagen.se/votering/D08361F5-084E-4F2A-8736-6DBFB5ACC14E","rm":"2018/19","bet":"KrU5","vinnare":"utskottet"}},"dokmotforslag":{"motforslag":{"nummer":"1","rubrik":null,"partier":"\"SD\"","typ":"reservation","utskottsforslag_punkt":"1"}},"dokaktivitet":{"aktivitet":[{"kod":"UBE","namn":"Beredning","datum":"2018-11-08 00:00:00","status":"inträffat","ordning":"0","process":null},{"kod":"JUS","namn":"Justering","datum":"2018-11-15 00:00:00","status":"inträffat","ordning":"0","process":null},{"kod":"TRY","namn":"Trycklov","datum":"2018-11-16 00:00:00","status":"inträffat","ordning":"0","process":null},{"kod":"B","namn":"Bordläggning","datum":"2018-11-20 00:00:00","status":"inträffat","ordning":"0","process":null},{"kod":"BEH","namn":"Behandling","datum":"2018-11-21 00:00:00","status":"inträffat","ordning":"0","process":null},{"kod":"BES","namn":"Beslut","datum":"2018-11-21 00:00:00","status":"inträffat","ordning":"0","process":null}]},"dokuppgift":{"uppgift":[{"kod":"notis","namn":"Beslut i korthet","text":"                           <p>EU-kommissionen har tagit fram ett förslag på en ny ungdomsstrategi vars syfte är att ge ungdomar mer makt över sina egna liv, uppmuntra ungdomar till att vara aktiva medborgare, bidra till att förebygga socialt utanförskap bland ungdomar och bidra till att de politiska besluten påverkar ungdomar i en mer positiv riktning. Detta ska enligt kommissionens förslag uppnås bland annat med hjälp av en ungdomssamordnare inom EU som ska ge ungdomar en röst vid utformningen av EU:s politik, en kartläggning av EU:s satsningar på ungdomar och en förstärkning av kopplingen mellan EU:s ungdomspolitik och EU-program som Erasmus plus.</p>\r\n<p>Riksdagen har granskat kommissionens meddelande om EU:s nya ungdomsstrategi och&nbsp;lade utlåtandet till handlingarna, det vill säga avslutade ärendet.</p>\r\n                                            ","dok_id":"H601KrU5","systemdatum":"2018-11-21 16:39:39"},{"kod":"notisrubrik","namn":"Beslut","text":"EU:s nya ungdomsstrategi har granskats (KrU5)","dok_id":"H601KrU5","systemdatum":"2018-11-21 16:39:39"},{"kod":"utsknotis","namn":"Utskottets förslag till beslut","text":"                           <p>EU-kommissionen har tagit fram ett förslag på en ny ungdomsstrategi vars syfte är att ge ungdomar mer makt över sina egna liv, uppmuntra ungdomar till att vara aktiva medborgare, bidra till att förebygga socialt utanförskap bland ungdomar och bidra till att de politiska besluten påverkar ungdomar i en mer positiv riktning. Detta ska enligt kommissionens förslag uppnås bland annat med hjälp av en ungdomssamordnare inom EU som ska ge ungdomar en röst vid utformningen av EU:s politik, en kartläggning av EU:s satsningar på ungdomar och en förstärkning av kopplingen mellan EU:s ungdomspolitik och EU-program som Erasmus plus.</p>\r\n<p>Kulturutskottet har granskat kommissionens meddelande om EU:s nya ungdomsstrategi och föreslår att riksdagen lägger utlåtandet till handlingarna, det vill säga avslutar ärendet.</p>\r\n                                            ","dok_id":"H601KrU5","systemdatum":"2018-11-21 16:39:39"},{"kod":"utsknotisrubrik","namn":"Utskottets förslag","text":"EU:s nya ungdomsstrategi har granskats (KrU5)","dok_id":"H601KrU5","systemdatum":"2018-11-21 16:39:39"},{"kod":"rdbeslut","namn":"Riksdagens beslut","text":"Kammaren biföll utskottets förslag.","dok_id":"H601KrU5","systemdatum":"2018-11-21 16:59:31"},{"kod":"beslutssammanfattningusk","namn":"Utskottets förslag till beslut","text":"Utlåtandet läggs till handlingarna. En motivreservation.","dok_id":"H601KrU5","systemdatum":"2018-11-16 10:12:45"},{"kod":"debattdatumtid","namn":"Datum och tid för debatten","text":"2018-11-21 00:00:00","dok_id":"H601KrU5","systemdatum":"2018-11-21 16:39:39"},{"kod":"beslutdatumtid","namn":"Datum och tid för beslutet","text":"2018-11-21 00:00:00","dok_id":"H601KrU5","systemdatum":"2018-11-21 16:39:39"},{"kod":"statustext","namn":"statustext","text":"Ärendet är avslutat","dok_id":"H601KrU5","systemdatum":"2018-11-22 13:31:35"}]},"dokbilaga":{"bilaga":{"dok_id":"H601KrU5","titel":"EU:s nya ungdomsstrategi","subtitel":null,"filnamn":"2018_19_KrU5_20181116101205_Publicering.pdf","filstorlek":"472275","filtyp":"pdf","fil_url":"http://data.riksdagen.se/fil/9A5C6A9B-4503-4466-84A6-A4BC34FF0987"}},"dokreferens":{"referens":[{"referenstyp":"föredragningslista","uppgift":"föredragningslista 2018/19:19 Onsdag den 21 november 2018","ref_dok_id":"H60I19","ref_dok_typ":"f-lista","ref_dok_rm":"2018/19","ref_dok_bet":"19","ref_dok_titel":"Onsdag den 21 november 2018","ref_dok_subtitel":null,"ref_dok_subtyp":null,"ref_dok_dokumentnamn":"Föredragningslista"},{"referenstyp":"protokollbeslut","uppgift":"2018-11-21","ref_dok_id":"H60919","ref_dok_typ":"prot","ref_dok_rm":"2018/19","ref_dok_bet":"19","ref_dok_titel":"Protokoll 2018/19:19 Onsdagen den 21 november","ref_dok_subtitel":null,"ref_dok_subtyp":null,"ref_dok_dokumentnamn":"Protokoll"},{"referenstyp":"protokolldebatt","uppgift":"2018-11-21","ref_dok_id":"H60919","ref_dok_typ":"prot","ref_dok_rm":"2018/19","ref_dok_bet":"19","ref_dok_titel":"Protokoll 2018/19:19 Onsdagen den 21 november","ref_dok_subtitel":"EU:s nya ungdomsstrategi","ref_dok_subtyp":null,"ref_dok_dokumentnamn":"Protokoll"}]},"debatt":{"anforande":{"video_id":"1100181121430777022","video_url":"1100181121430777022#pos=16","startpos":"16","tumnagel":["","//mhdownload.riksdagen.se/riksdagen/unrestricted/thumb/1100181121430777022_mid.jpg"],"tumnagel_stor":"//mhdownload.riksdagen.se/riksdagen/unrestricted/thumb/1100181121430777022_high.jpg","anf_video_id":"1100181121430777222","anf_hangar_id":"5009640","anf_sekunder":"192","anf_klockslag":"11:43","datumtid":"2018-11-21 11:43:54","anf_datum":"2018-11-21 00:00:00","anf_typ":"ap","anf_text":"<p>Fru talman! Jag vill inleda med att yrka bifall till Sverigedemokraternas motivreservation i det aktuella ärendet.</p><p>EU:s nya ungdoms-strategi</p><p>Sverigedemokraterna är ett Europavänligt men EU-kritiskt parti. Mellanstatligt samarbete med andra europeiska länder är en självklarhet. Det är något enormt viktigt för Sverige. Detta viktiga samarbete innefattar de politiska områden som kulturutskottet är med och bereder men också en rad andra viktiga politiska områden såsom handel, ett särskilt betydande exempel.</p><p>Mellanstatligt samarbete är något gott i grunden, men detsamma kan inte sägas gälla överstatlighet. Dessvärre har EU över tid alltmer gått i en överstatlig riktning, utan tillräcklig hänsyn till nationellt självbestämmande. Sverigedemokraterna menar att mycket av det som EU:s nya ungdomsstrategi berör hade kunnat genomföras på ett fullgott sätt inom ramen för bilaterala och multilaterala avtal mellan fria och självständiga nationalstater.</p><p>Att arbetet med ungdomspolitik inom EU fram till i dag har drivit fram förändringar i medlemsstaterna vad gäller lagstiftning framgår av EU-dokument kopplade till detta ärende. Det är inte något som under ärendets gång har problematiserats det minsta, förutom av Sverigedemokraterna. Ändå framgår det i exempelvis artikel 165 i fördraget om EU:s funktionssätt att Europaparlamentet och rådet inte får besluta om åtgärder som bidrar till harmonisering av lagstiftning i medlemsstaterna när det gäller ungdomsfrågor. Att så ändå sker ger Sverigedemokraterna anledning att se på ärendet med skepsis.</p><p>Bortom frågan om vilken beslutsnivå som bör gälla i ungdomspolitiska frågor som denna finns också andra aspekter värda att kommentera här.</p><p>Fru talman! \"EU:s värden\" och \"europeisk identitet\" som begrepp framhålls på flera håll i EU-dokument kopplade till det här ärendet. Bland annat framgår där att man från EU-håll vill att ungdomar ska verka för förändring i enlighet med dessa värden och denna identitet, men innebörden av begreppen specificeras inte närmare. Användandet av dessa begrepp ger i sammanhanget en bild av att EU vill pådyvla ett slags värderingar ovanifrån och nedåt i stället för att hitta former för att detta på organisk väg ska kunna växa fram underifrån och uppåt.</p><p>De värderingar och identiteter som på organisk väg vuxit fram i Europa genom historien under hundratals, till och med tusentals, år i de olika medlemsstaterna är i stället vad som i själva verket skulle behöva bejakas. Det vore det enda sunda och riktiga.</p><p>Det jag nu har föredragit ser jag som några viktiga punkter att kommentera, inte minst mot bakgrund av den motivreservation som Sverigedemokraterna har i utlåtandet.</p><p>Överläggningen var härmed avslutad.</p><p>(Beslut fattades under § 20.)</p>","anf_beteckning":"2018/19:19-61","anf_nummer":"61","talare":"Jonas Andersson i Linköping (SD)","intressent_id":"025931369428","parti":"SD","anf_rm":"2018/19"}}}}