{"dokumentstatus":{"dokument":{"hangar_id":"5012735","dok_id":"H601JuU9","rm":"2018/19","beteckning":"JuU9","typ":"bet","subtyp":"bet","doktyp":"bet","typrubrik":"Betänkande 2018/19:JuU9","dokumentnamn":"Betänkande","debattnamn":"Debatt om förslag","tempbeteckning":"","organ":"JuU","mottagare":"","nummer":"9","slutnummer":"0","datum":"2019-02-05 00:00:00","systemdatum":"2019-02-28 01:17:15","publicerad":"2018-12-01 11:00:51","titel":"Redovisning av användningen av hemliga tvångsmedel under 2017","subtitel":"","status":"Webbpublicering","htmlformat":"html","relaterat_id":"","source":"RIM","sourceid":"851b54e3-8b18-4274-9fb2-008033dc7c64","dokument_url_text":"http://data.riksdagen.se/dokument/H601JuU9/text","dokument_url_html":"http://data.riksdagen.se/dokument/H601JuU9","dokumentstatus_url_xml":"http://data.riksdagen.se/dokumentstatus/H601JuU9","utskottsforslag_url_xml":"http://data.riksdagen.se/utskottsforslag/H601JuU9","html":"<style><!--\r\n .w600px{width: 600px;font-family:Verdana, Geneva, sans-serif}\r\nh2.dtyp{font-size:1.5em !important;} \r\n/********************************************************************************************************/\r\n/* Styles for D:\\Logs\\DocumentConverter\\\\Output_84423699-69f1-4df8-a658-719295cc728f\\HTML\\Dokument.html */\r\n/* Generated by Aspose.Words for .NET 15.3.0.0                                                          */\r\n/********************************************************************************************************/\r\n\r\n@page Section1 { size:467.8pt 686.05pt; margin:45.35pt 102.05pt 73.7pt 70.85pt }\r\ndiv.Section1 { page:Section1 }\r\nzbody { text-align:justify; line-height:12.5pt; font-family:'Verdana'; font-size:9.5pt }\r\nzh1, h2, h3, h4, h5, h6, p { margin:3.1pt 0pt 0pt }\r\nzli, table { margin-top:3.1pt; margin-bottom:0pt }\r\nzh1 { margin-top:3.1pt; margin-bottom:12pt; text-align:left; page-break-after:avoid; line-height:12.5pt; font-family:'Verdana'; font-size:16pt; font-weight:normal }\r\nzh2 { margin-top:20pt; margin-bottom:6pt; text-align:left; page-break-inside:avoid; page-break-after:avoid; line-height:12.5pt; font-family:'Verdana'; font-size:13.5pt; font-weight:normal }\r\nzh3 { margin-top:20pt; margin-bottom:3.1pt; text-align:left; page-break-inside:avoid; page-break-after:avoid; line-height:12.5pt; font-family:'Verdana'; font-size:10.5pt; font-weight:bold }\r\nzh4 { margin-top:15pt; margin-bottom:3.1pt; text-align:left; page-break-inside:avoid; page-break-after:avoid; line-height:12.5pt; font-family:'Verdana'; font-size:10.5pt; font-weight:normal; font-style:italic; color:#000000 }\r\nzh5 { margin-top:6.25pt; margin-bottom:0pt; text-align:justify; page-break-inside:avoid; page-break-after:avoid; line-height:12.5pt; font-family:'Verdana'; font-size:9.5pt; font-weight:bold }\r\nzh6 { margin-top:6.25pt; margin-bottom:0pt; text-align:justify; page-break-inside:avoid; page-break-after:avoid; line-height:12.5pt; font-family:'Verdana'; font-size:9.5pt; font-weight:normal; font-style:italic; color:#000000 }\r\n.Heading7 { margin-top:2pt; margin-bottom:0pt; text-align:justify; page-break-inside:avoid; page-break-after:avoid; line-height:12.5pt; font-family:'Verdana'; font-size:9.5pt; font-weight:normal; font-style:italic; color:#243f60 }\r\n.Heading8 { margin-top:2pt; margin-bottom:0pt; text-align:justify; page-break-inside:avoid; page-break-after:avoid; line-height:12.5pt; font-family:'Verdana'; font-size:9pt; font-weight:normal; color:#272727 }\r\n.Heading9 { margin-top:2pt; margin-bottom:0pt; text-align:justify; page-break-inside:avoid; page-break-after:avoid; line-height:12.5pt; font-family:'Verdana'; font-size:9pt; font-weight:normal; font-style:italic; color:#272727 }\r\n.Avsnittsrubrik { margin-top:0pt; margin-bottom:27.7pt; text-align:left; page-break-before:always; page-break-after:avoid; line-height:normal; font-family:'Verdana'; font-size:16pt }\r\n.Avvikandemeningrubrik { margin-top:0pt; margin-bottom:3.1pt; text-align:left; page-break-inside:avoid; page-break-after:avoid; line-height:12.5pt; font-family:'Verdana'; font-size:10.5pt; font-weight:bold }\r\n.BalloonText { margin-top:3.1pt; margin-bottom:0pt; text-align:justify; line-height:normal; font-family:Tahoma; font-size:8pt }\r\n.Bilaga { margin-top:0pt; margin-bottom:0pt; text-align:left; page-break-before:always; page-break-after:avoid; line-height:normal; widows:0; orphans:0; font-family:'Verdana'; font-size:8pt; font-variant:small-caps; text-decoration:underline }\r\n.Bilagerubrik { margin-top:0pt; margin-bottom:17.7pt; text-align:left; page-break-after:auto; line-height:normal; widows:0; orphans:0; font-family:'Verdana'; font-size:16pt }\r\n.Bild-Rubrik { margin-top:8pt; margin-bottom:0pt; text-align:justify; page-break-inside:avoid; page-break-after:avoid; line-height:10pt; font-family:'Verdana'; font-size:9.5pt; font-weight:bold }\r\n.Bild-Underrubrik { margin-top:0pt; margin-bottom:1pt; text-align:left; page-break-inside:avoid; page-break-after:avoid; line-height:8pt; font-family:'Verdana'; font-size:8pt; font-weight:normal; font-style:italic }\r\n.BodyText { margin-top:3.1pt; margin-bottom:0pt; text-align:left; line-height:12.5pt; font-family:'Verdana'; font-size:9.5pt }\r\n.BodyTextIndent2 { margin-top:3.1pt; margin-left:14.15pt; margin-bottom:6pt; text-align:justify; line-height:200%; font-family:'Verdana'; font-size:9.5pt }\r\n.Citatindrag { margin-top:0pt; margin-left:14.2pt; margin-bottom:6.1pt; text-indent:14.2pt; text-align:justify; line-height:10pt; font-family:'Verdana'; font-size:9.5pt }\r\n.CommentText { margin-top:3.1pt; margin-bottom:0pt; text-align:justify; line-height:normal; font-family:'Verdana'; font-size:10pt }\r\n.Deltagare { margin-top:0pt; margin-bottom:0pt; text-align:justify; page-break-inside:avoid; page-break-after:avoid; line-height:9.5pt; font-family:'Verdana'; font-size:9.5pt }\r\n.Diagram-Rubrik { margin-top:8pt; margin-bottom:0pt; text-align:justify; page-break-inside:avoid; page-break-after:avoid; line-height:10pt; font-family:'Verdana'; font-size:9.5pt; font-weight:bold }\r\n.Diagram-Underrubrik { margin-top:0pt; margin-bottom:1pt; text-align:left; page-break-inside:avoid; page-break-after:avoid; line-height:8pt; font-family:'Verdana'; font-size:8pt; font-weight:normal; font-style:italic }\r\n.DokumentRubrik { margin-top:6pt; margin-bottom:24pt; text-align:left; line-height:normal; border-bottom-style:solid; border-bottom-width:0.75pt; border-bottom-color:#000000; padding-bottom:4pt; font-family:'Verdana'; font-size:18pt }\r\n.Dokumentbeteckning { margin-top:0pt; margin-bottom:0pt; text-align:left; page-break-inside:avoid; page-break-after:avoid; line-height:12.5pt; font-family:'Verdana'; font-size:16pt }\r\n.Footer { margin-top:3.1pt; margin-bottom:0pt; text-align:justify; line-height:normal; font-family:'Verdana'; font-size:9.5pt }\r\n.FootnoteText { margin-top:0pt; margin-bottom:0pt; text-align:justify; line-height:8pt; font-family:'Verdana'; font-size:8pt }\r\n.Fotnotstextindrag { margin-top:0pt; margin-left:5.65pt; margin-bottom:0pt; text-align:left; line-height:8pt; font-family:'Verdana'; font-size:8pt }\r\n.Frslagspunkt { margin-top:0pt; margin-bottom:0pt; text-align:left; page-break-inside:avoid; page-break-after:avoid; line-height:12.5pt; font-family:'Verdana'; font-size:9.5pt; font-weight:bold }\r\n.Frslagstext { margin-top:0pt; margin-bottom:0pt; text-align:justify; line-height:12.5pt; font-family:'Verdana'; font-size:9.5pt }\r\n.Frteckningsrubrik { margin-top:9.6pt; margin-bottom:3.1pt; text-align:left; page-break-inside:avoid; page-break-after:avoid; line-height:normal; font-family:'Verdana'; font-size:9.5pt; font-weight:normal; font-style:italic; color:#000000 }\r\n.Grupprubrik { margin-top:6pt; margin-bottom:0pt; text-align:left; page-break-inside:avoid; page-break-after:avoid; line-height:12.5pt; font-family:'Verdana'; font-size:9.5pt; font-style:italic }\r\n.Grupprubrikindrag { margin-top:6pt; margin-left:22.1pt; margin-bottom:0pt; text-align:left; page-break-inside:avoid; page-break-after:avoid; line-height:12.5pt; font-family:'Verdana'; font-size:9.5pt; font-style:italic }\r\n.Header { margin-top:0pt; margin-bottom:0pt; text-align:justify; line-height:normal; font-family:'Verdana'; font-size:7.5pt; font-variant:small-caps }\r\n.Innehllsfrteckning { margin-top:0pt; margin-bottom:17.7pt; text-align:left; page-break-before:always; page-break-after:auto; line-height:normal; font-family:'Verdana'; font-size:16pt }\r\n.Kantrubrik { margin-top:0pt; margin-bottom:0pt; text-align:justify; line-height:normal; font-family:'Verdana'; font-size:7.5pt }\r\n.ListBullet { margin-top:6.25pt; margin-left:17.85pt; margin-bottom:6.25pt; text-indent:-17.85pt; text-align:justify; line-height:12.5pt; font-family:'Verdana'; font-size:9.5pt }\r\n.ListParagraph { margin-top:3.1pt; margin-left:28.35pt; margin-bottom:0pt; text-align:justify; line-height:12.5pt; font-family:'Verdana'; font-size:9.5pt }\r\n.Litentext { margin-top:0pt; margin-bottom:0pt; text-align:justify; line-height:normal; font-family:'Verdana'; font-size:8pt }\r\n.Mellanrubrik { margin-top:11pt; margin-bottom:3.1pt; text-align:left; page-break-after:avoid; line-height:12.5pt; font-family:'Verdana'; font-size:9.5pt; font-style:italic }\r\n.Mellanrum { margin-top:0pt; margin-bottom:0pt; text-align:left; page-break-before:auto; page-break-after:auto; line-height:1pt; widows:0; orphans:0; font-family:'Verdana'; font-size:1pt; font-variant:small-caps; text-decoration:none; color:#ffffff }\r\n.NormalIndent { margin-top:0pt; margin-bottom:0pt; text-indent:11.35pt; text-align:justify; line-height:12.5pt; font-family:'Verdana'; font-size:9.5pt }\r\n.Normalinskjuten { margin-top:0pt; margin-left:22.1pt; margin-bottom:0pt; text-align:justify; line-height:12.5pt; font-family:'Verdana'; font-size:9.5pt }\r\n.Normalinskjutenindrag { margin-top:0pt; margin-left:22.1pt; margin-bottom:0pt; text-indent:11.35pt; text-align:justify; line-height:12.5pt; font-family:'Verdana'; font-size:9.5pt }\r\n.Normalinskjutenkursiv { margin-top:6pt; margin-bottom:0pt; line-height:normal; font-family:'Verdana'; font-size:10pt; font-style:italic }\r\n.Normalkursiv { margin-top:3.1pt; margin-bottom:0pt; text-align:left; line-height:12.5pt; font-family:'Verdana'; font-size:9.5pt; font-style:italic }\r\n.Normalruta { margin:3.1pt 5.65pt 0pt; text-align:justify; page-break-inside:avoid; page-break-after:avoid; line-height:12.5pt; border-top-style:solid; border-top-width:0.75pt; border-top-color:#000000; border-right-style:solid; border-right-width:0.75pt; border-right-color:#000000; border-left-style:solid; border-left-width:0.75pt; border-left-color:#000000; border-bottom-style:solid; border-bottom-width:0.75pt; border-bottom-color:#000000; padding-top:4pt; padding-right:4pt; padding-left:4pt; padding-bottom:4pt; font-family:'Verdana'; font-size:10.5pt }\r\n.Normalrutafet { margin:3.1pt 5.65pt 0pt; text-align:justify; page-break-inside:avoid; page-break-after:avoid; line-height:12.5pt; border-top-style:solid; border-top-width:0.75pt; border-top-color:#000000; border-right-style:solid; border-right-width:0.75pt; border-right-color:#000000; border-left-style:solid; border-left-width:0.75pt; border-left-color:#000000; border-bottom-style:solid; border-bottom-width:0.75pt; border-bottom-color:#000000; padding-top:4pt; padding-right:4pt; padding-left:4pt; padding-bottom:4pt; font-family:'Verdana'; font-size:10.5pt; font-weight:bold }\r\n.Normalrutaindrag { margin:0pt 5.65pt; text-indent:11.35pt; text-align:justify; page-break-inside:avoid; page-break-after:avoid; line-height:12.5pt; border-top-style:solid; border-top-width:0.75pt; border-top-color:#000000; border-right-style:solid; border-right-width:0.75pt; border-right-color:#000000; border-left-style:solid; border-left-width:0.75pt; border-left-color:#000000; border-bottom-style:solid; border-bottom-width:0.75pt; border-bottom-color:#000000; padding-top:4pt; padding-right:4pt; padding-left:4pt; padding-bottom:4pt; font-family:'Verdana'; font-size:10.5pt }\r\n.Normalutanluftfre { margin-top:0pt; margin-bottom:0pt; text-align:justify; line-height:12.5pt; font-family:'Verdana'; font-size:9.5pt }\r\n.NormalNoll { margin-top:0pt; margin-bottom:3.1pt; text-align:left; line-height:12.5pt; font-family:'Verdana'; font-size:10.5pt; font-weight:bold }\r\n.NumlistaTOC { margin:3.1pt 28.35pt 0pt 0pt; text-indent:0pt; text-align:left; line-height:normal; font-family:'Verdana'; font-size:9.5pt }\r\n.Ordfranden { margin-top:3.1pt; margin-bottom:22pt; text-align:left; page-break-inside:avoid; page-break-after:avoid; line-height:normal; font-family:'Verdana'; font-size:9.5pt; font-style:italic }\r\n.OrtochDatum { margin-top:18pt; margin-bottom:18pt; text-align:left; page-break-inside:avoid; page-break-after:avoid; line-height:normal; font-family:'Verdana'; font-size:9.5pt }\r\n.Punktlistabomb { margin-top:6.25pt; margin-left:14.2pt; margin-bottom:6.25pt; text-indent:-14.2pt; text-align:justify; line-height:12.5pt; font-family:'Verdana'; font-size:9.5pt }\r\n.Punktlistagemener { margin-top:6.25pt; margin-left:14.2pt; margin-bottom:6.25pt; text-indent:-14.2pt; text-align:justify; line-height:12.5pt; font-family:'Verdana'; font-size:9.5pt }\r\n.Punktlistalinje { margin-top:6.25pt; margin-left:14.2pt; margin-bottom:6.25pt; text-indent:-14.2pt; text-align:justify; line-height:12.5pt; font-family:'Verdana'; font-size:9.5pt }\r\n.Punktlistasiffra { margin-top:6.25pt; margin-left:14.2pt; margin-bottom:6.25pt; text-indent:-14.2pt; text-align:justify; line-height:12.5pt; font-family:'Verdana'; font-size:9.5pt }\r\n.PVgnar { margin-top:3.1pt; margin-bottom:26pt; text-align:left; page-break-inside:avoid; page-break-after:avoid; line-height:normal; font-family:'Verdana'; font-size:9.5pt }\r\n.Quote { margin-top:6.1pt; margin-left:14.2pt; margin-bottom:0pt; text-align:justify; line-height:10pt; font-family:'Verdana'; font-size:9.5pt }\r\n.R1 { margin-top:3.1pt; margin-bottom:12pt; text-align:left; page-break-after:avoid; line-height:12.5pt; font-family:'Verdana'; font-size:16pt }\r\n.R1bilaga { margin-top:3.1pt; margin-bottom:12pt; text-align:left; page-break-after:auto; line-height:12.5pt; font-family:'Verdana'; font-size:16pt }\r\n.R2 { margin-top:20pt; margin-bottom:6pt; text-align:left; page-break-inside:avoid; page-break-after:avoid; line-height:12.5pt; font-family:'Verdana'; font-size:13.5pt }\r\n.R3 { margin-top:20pt; margin-bottom:3.1pt; text-align:left; page-break-inside:avoid; page-break-after:avoid; line-height:12.5pt; font-family:'Verdana'; font-size:10.5pt; font-weight:bold }\r\n.R4 { margin-top:15pt; margin-bottom:3.1pt; text-align:left; page-break-inside:avoid; page-break-after:avoid; line-height:12.5pt; font-family:'Verdana'; font-size:10.5pt; font-weight:normal; font-style:italic; color:#000000 }\r\n.R5 { margin-top:6.25pt; margin-bottom:0pt; text-align:justify; page-break-inside:avoid; page-break-after:avoid; line-height:12.5pt; font-family:'Verdana'; font-size:9.5pt; font-weight:bold }\r\n.R6 { margin-top:6.25pt; margin-bottom:0pt; text-align:justify; page-break-inside:avoid; page-break-after:avoid; line-height:12.5pt; font-family:'Verdana'; font-size:9.5pt; font-weight:normal; font-style:italic; color:#000000 }\r\n.Reservationshnvisning { margin-top:0pt; margin-bottom:8pt; text-align:right; line-height:12.5pt; font-family:'Verdana'; font-size:9.5pt; font-style:italic }\r\n.Reservationsrubrik { margin-top:0pt; margin-bottom:3.1pt; text-align:left; page-break-inside:avoid; page-break-after:avoid; line-height:12.5pt; font-family:'Verdana'; font-size:10.5pt; font-weight:bold }\r\n.Rubrik1Dokumentinformation { margin-top:0pt; margin-bottom:0pt; text-align:left; page-break-inside:avoid; page-break-after:avoid; line-height:12.5pt; font-family:'Verdana'; font-size:16pt }\r\n.Rubrik1bilaga { margin-top:0pt; margin-bottom:27.7pt; text-align:left; page-break-after:auto; line-height:12.5pt; font-family:'Verdana'; font-size:16pt }\r\n.Rubrik1medsidhuvud { margin-top:3.1pt; margin-bottom:12pt; text-align:left; page-break-before:always; page-break-after:avoid; line-height:12.5pt; font-family:'Verdana'; font-size:16pt }\r\n.Rubrik1numrerat { margin-top:3.1pt; margin-left:0pt; margin-bottom:12pt; text-indent:0pt; text-align:left; page-break-after:avoid; line-height:12.5pt; font-family:'Verdana'; font-size:16pt }\r\n.Rubrik1numreratmedsidhuvud { margin-top:0pt; margin-left:0pt; margin-bottom:16pt; text-indent:0pt; text-align:left; page-break-before:always; page-break-after:avoid; line-height:normal; font-family:'Verdana'; font-size:16pt }\r\n.Rubrik2bilaga { margin-top:20pt; margin-bottom:6pt; text-align:left; page-break-inside:avoid; page-break-after:avoid; line-height:12.5pt; font-family:'Verdana'; font-size:13.5pt }\r\n.Rubrik2numrerat { margin-top:20pt; margin-left:0pt; margin-bottom:6pt; text-indent:0pt; text-align:left; page-break-inside:avoid; page-break-after:avoid; line-height:12.5pt; font-family:'Verdana'; font-size:13.5pt }\r\n.Rubrik3numrerat { margin-top:20pt; margin-left:0pt; margin-bottom:3.1pt; text-indent:0pt; text-align:left; page-break-inside:avoid; page-break-after:avoid; line-height:12.5pt; font-family:'Verdana'; font-size:10.5pt; font-weight:bold }\r\n.Sammanfattning { margin-top:3.1pt; margin-bottom:12pt; text-align:left; page-break-after:auto; line-height:12.5pt; font-family:'Verdana'; font-size:16pt }\r\n.Sidhuvudhgerstlld { margin-top:0pt; margin-bottom:0pt; text-align:right; line-height:normal; font-family:'Verdana'; font-size:7.5pt; font-variant:small-caps }\r\n.Sidhuvudvnsterstlld { margin-top:0pt; margin-bottom:0pt; text-align:left; line-height:normal; font-family:'Verdana'; font-size:7.5pt; font-variant:small-caps }\r\n.Stdrubrik { margin-top:12pt; margin-bottom:0pt; line-height:12pt; font-family:'Verdana'; font-size:9.5pt; font-weight:bold }\r\n.Srskiltyttranderubrik { margin-top:0pt; margin-bottom:3.1pt; text-align:left; page-break-inside:avoid; page-break-after:avoid; line-height:12.5pt; font-family:'Verdana'; font-size:10.5pt; font-weight:bold }\r\n.TOC1 { margin-top:0pt; margin-right:28.35pt; margin-bottom:0pt; text-align:left; line-height:normal; font-family:'Verdana'; font-size:9.5pt }\r\n.TOC2 { margin:0pt 28.35pt 0pt 5.65pt; text-align:left; line-height:normal; font-family:'Verdana'; font-size:9.5pt }\r\n.TOC3 { margin:0pt 28.35pt 0pt 11.35pt; text-align:left; line-height:normal; font-family:'Verdana'; font-size:9.5pt }\r\n.TOC4 { margin:0pt 28.35pt 0pt 17pt; text-align:left; line-height:normal; font-family:'Verdana'; font-size:9.5pt }\r\n.TOC5 { margin:0pt 28.35pt 0pt 22.7pt; text-align:left; line-height:normal; font-family:'Verdana'; font-size:9.5pt }\r\n.TOC6 { margin-top:0pt; margin-left:47.65pt; margin-bottom:0pt; text-align:left; line-height:normal; font-family:'Verdana'; font-size:9.5pt }\r\n.TOC7 { margin-top:0pt; margin-right:28.35pt; margin-bottom:0pt; text-align:left; line-height:normal; font-family:'Verdana'; font-size:9.5pt }\r\n.TOC8 { margin-top:0pt; margin-right:28.35pt; margin-bottom:0pt; text-align:left; line-height:normal; font-family:'Verdana'; font-size:9.5pt }\r\n.TOC9 { margin-top:0pt; margin-left:8.5pt; margin-bottom:0pt; text-align:left; line-height:normal; font-family:'Verdana'; font-size:9.5pt }\r\n.TOCHeading { margin-top:3.1pt; margin-bottom:9pt; text-align:left; page-break-before:always; page-break-inside:avoid; page-break-after:avoid; line-height:12.5pt; font-family:'Verdana'; font-size:16pt }\r\n.Tabell-Kolumnrubrik { margin-bottom:0pt; line-height:12pt; font-family:'Verdana'; font-size:8pt; font-weight:bold }\r\n.Tabell-Klla { margin-top:2pt; margin-bottom:0pt; line-height:8pt; font-family:'Verdana'; font-size:7pt }\r\n.Tabell-Radrubrik { margin-bottom:0pt; line-height:12pt; font-family:'Verdana'; font-size:8pt }\r\n.Tabell-Rubrik { margin-top:12pt; margin-bottom:3pt; text-align:left; page-break-inside:avoid; page-break-after:avoid; line-height:10pt; font-family:'Verdana'; font-size:9pt; font-weight:bold }\r\n.Tabell-Siffror { margin-bottom:0pt; text-align:right; line-height:12pt; font-family:'Verdana'; font-size:8pt }\r\n.Tabell-Text { margin-bottom:0pt; line-height:12pt; font-family:'Verdana'; font-size:8pt }\r\n.Tabell-Underrubrik { margin-top:0pt; margin-bottom:1pt; text-align:left; page-break-inside:avoid; page-break-after:avoid; line-height:8pt; font-family:'Verdana'; font-size:8pt; font-weight:normal; font-style:italic }\r\n.TableofFigures { margin-top:3.1pt; margin-bottom:0pt; text-align:justify; line-height:normal; font-family:'Verdana'; font-size:9.5pt }\r\n.TillX-utskottet { margin-top:0pt; margin-bottom:12pt; text-align:left; page-break-after:avoid; line-height:12.5pt; font-family:'Verdana'; font-size:16pt }\r\n.Title { margin-top:3.1pt; margin-bottom:1pt; text-align:left; line-height:12pt; font-family:'Verdana'; font-size:20pt; letter-spacing:-0.5pt }\r\n.Vapen { margin-top:0pt; margin-bottom:0pt; text-align:left; page-break-inside:avoid; page-break-after:avoid; line-height:12.5pt; font-family:'Verdana'; font-size:16pt }\r\n.Yrkandelista { margin-top:3.1pt; margin-left:28.35pt; margin-bottom:0pt; text-indent:-28.35pt; text-align:justify; line-height:12.5pt; font-family:'Verdana'; font-size:9.5pt }\r\n.YrkandelistaEtt { margin-top:3.1pt; margin-left:0pt; margin-bottom:0pt; text-indent:0pt; text-align:justify; line-height:12.5pt; font-family:'Verdana'; font-size:9.5pt }\r\nspan.BallongtextChar { font-family:Tahoma; font-size:8pt }\r\nspan.BilagaChar { font-family:'Verdana'; font-size:8pt; font-variant:small-caps; text-decoration:underline }\r\nspan.BrdtextChar { font-family:'Verdana'; font-size:9.5pt }\r\nspan.BrdtextChar1 { font-family:'Verdana'; font-size:9.5pt }\r\nspan.Brdtextmedindrag2Char { font-family:'Verdana'; font-size:9.5pt }\r\nspan.CitatChar { font-family:'Verdana'; font-size:9.5pt }\r\nspan.DokumentRubrikChar { font-family:'Verdana'; font-size:18pt }\r\nspan.FotnotstextChar { font-family:'Verdana'; font-size:8pt }\r\nspan.FotnotstextindragChar { font-family:'Verdana'; font-size:8pt }\r\nspan.FrslagspunktChar { font-family:'Verdana'; font-size:9.5pt; font-weight:bold; font-style:normal }\r\nspan.Hyperlink { text-decoration:none; color:#000000 }\r\nspan.KommentarerChar { font-family:'Verdana'; font-size:10pt }\r\nspan.NormalkursivChar { font-family:'Verdana'; font-size:9.5pt; font-style:italic }\r\nspan.NormaltindragChar { font-family:'Verdana'; font-size:9.5pt }\r\nspan.OrdfrandenChar { font-family:'Verdana'; font-size:9.5pt; font-style:italic }\r\nspan.OrtochDatumChar { font-family:'Verdana'; font-size:9.5pt }\r\nspan.PlaceholderText { color:#808080 }\r\nspan.PVgnarChar { font-family:'Verdana'; font-size:9.5pt }\r\nspan.ReservationshnvisningChar { font-family:'Verdana'; font-size:9.5pt; font-style:italic }\r\nspan.Rubrik1Char { font-family:'Verdana'; font-size:16pt }\r\nspan.Rubrik1DokumentinformationChar { font-family:'Verdana'; font-size:16pt }\r\nspan.Rubrik2Char { font-family:'Verdana'; font-size:13.5pt }\r\nspan.Rubrik3Char { font-family:'Verdana'; font-size:10.5pt; font-weight:bold }\r\nspan.Rubrik4Char { font-family:'Verdana'; font-size:10.5pt; font-style:italic; color:#000000 }\r\nspan.Rubrik5Char { font-family:'Verdana'; font-size:9.5pt; font-weight:bold }\r\nspan.Rubrik6Char { font-family:'Verdana'; font-size:9.5pt; font-style:italic; color:#000000 }\r\nspan.Rubrik7Char { font-family:'Verdana'; font-size:9.5pt; font-style:italic; color:#243f60 }\r\nspan.Rubrik8Char { font-family:'Verdana'; font-size:9pt; color:#272727 }\r\nspan.Rubrik9Char { font-family:'Verdana'; font-size:9pt; font-style:italic; color:#272727 }\r\nspan.RubrikChar { font-family:'Verdana'; font-size:20pt; letter-spacing:-0.5pt }\r\nspan.SidfotChar { font-family:'Verdana'; font-size:9.5pt }\r\nspan.SidhuvudChar { font-family:'Verdana'; font-size:7.5pt; font-variant:small-caps }\r\nspan.Tabell-Upphjttecken { font-family:'Verdana'; font-variant:normal; text-decoration:none; text-transform:none; vertical-align:super; display:inline }\r\nspan.VapenChar { font-family:'Verdana'; font-size:16pt }\r\nspan.tBilagaJA { color:#000000 }\r\nspan.tSidrubrikJA { color:#000000 }\r\n.TableGrid {  }\r\n--></style>\r\n\r\n\t\t<div class=\"Section1\">\r\n\t\t\t<table cellspacing=\"0\" cellpadding=\"0\" style=\"border-collapse:collapse; margin-left:0pt\">\r\n\t\t\t\t<tr style=\"height:79.4pt\">\r\n\t\t\t\t\t<td style=\"vertical-align:top; width:297.7pt\">\r\n\t\t\t\t\t\t<p class=\"Rubrik1Dokumentinformation\" style=\"margin-top:0pt; margin-bottom:0pt; text-align:left; page-break-inside:avoid; page-break-after:avoid; line-height:16pt\">\r\n\t\t\t\t\t\t\t<span style=\"font-family:'Verdana'; font-size:16pt; -aw-sdt-tag:ccUtskott; -aw-sdt-title:'utskottsnamn Dokumentegenskap'\">Justitieutskottet</span><span style=\"font-family:'Verdana'; font-size:16pt; -aw-sdt-tag:ccS; -aw-sdt-title:s\">s</span><span style=\"font-family:'Verdana'; font-size:16pt; -aw-sdt-tag:ccMellanslag; -aw-sdt-title:Mellanslag\"> </span><a name=\"Utlatande\"></a><span style=\"font-family:'Verdana'; font-size:16pt\">betänkande</span>\r\n\t\t\t\t\t\t</p>\r\n\t\t\t\t\t\t<p class=\"Dokumentbeteckning\" style=\"margin-top:0pt; margin-bottom:0pt; text-align:left; page-break-inside:avoid; page-break-after:avoid; line-height:16pt\">\r\n\t\t\t\t\t\t\t<span style=\"font-family:'Verdana'; font-size:16pt; -aw-sdt-tag:ccRiksmote; -aw-sdt-title:'riksmote Dokumentegenskap'\">2018/19</span><span style=\"font-family:'Verdana'; font-size:16pt; -aw-sdt-tag:ccKolon; -aw-sdt-title:Kolon\">:</span><a name=\"Utskottebeteckning\"></a><span style=\"font-family:'Verdana'; font-size:16pt\">JuU9</span>\r\n\t\t\t\t\t\t</p>\r\n\t\t\t\t\t\t<p class=\"Rubrik1Dokumentinformation\" style=\"margin-top:0pt; margin-bottom:0pt; text-align:left; page-break-inside:avoid; page-break-after:avoid; line-height:16pt\">\r\n\t\t\t\t\t\t\t<span style=\"font-family:'Verdana'; font-size:16pt\"> </span>\r\n\t\t\t\t\t\t</p>\r\n\t\t\t\t\t</td>\r\n\t\t\t\t</tr>\r\n\t\t\t</table>\r\n\t\t\t<p class=\"DokumentRubrik\" style=\"-aw-sdt-tag:ccDokumentrubrik; -aw-sdt-title:'dokumentrubrik Dokumentegenskap'\">\r\n\t\t\t\t<span>Redovisning av användningen av hemliga tvångsmedel under 2017</span>\r\n\t\t\t</p>\r\n\t\t\t<p class=\"Sammanfattning\">\r\n\t\t\t\t<span class=\"tSidrubrikJA\">Sammanfattning</span>\r\n\t\t\t</p>\r\n\t\t\t<p>\r\n\t\t\t\t<span>Utskot</span><span>tet förslår att</span><span> </span><span>riksdagen lägger skrivelsen </span><span>till handlingarna.</span>\r\n\t\t\t</p>\r\n\t\t\t<p class=\"NormalIndent\" style=\"text-indent:0pt\">\r\n\t\t\t\t<span> </span>\r\n\t\t\t</p>\r\n\t\t\t<p class=\"R4\">\r\n\t\t\t\t<span>Behandlade förslag</span>\r\n\t\t\t</p>\r\n\t\t\t<p>\r\n\t\t\t\t<span>Skrivelse 2018/19:19 Redovisning av användningen av hemliga tvångsmedel under 2017. </span>\r\n\t\t\t</p>\r\n\t\t\t<p>\r\n\t\t\t\t<span> </span>\r\n\t\t\t</p>\r\n\t\t\t<p>\r\n\t\t\t\t<span> </span>\r\n\t\t\t</p>\r\n\t\t\t<p class=\"Innehllsfrteckning\">\r\n\t\t\t\t<a name=\"Innehållsförteckning\"></a><span class=\"tSidrubrikJA\">Innehållsförteckning</span>\r\n\t\t\t</p>\r\n\t\t\t<p class=\"TOC1\">\r\n\t\t\t\t<a style=\"color:#000000\" href=\"#_Toc263001\"><span class=\"Hyperlink\">Utskottets förslag till riksdagsbeslut</span></a>\r\n\t\t\t</p>\r\n\t\t\t<p class=\"TOC1\">\r\n\t\t\t\t<a style=\"color:#000000\" href=\"#_Toc263002\"><span class=\"Hyperlink\">Redogörelse för ärendet</span></a>\r\n\t\t\t</p>\r\n\t\t\t<p class=\"TOC2\">\r\n\t\t\t\t<a style=\"color:#000000\" href=\"#_Toc263003\"><span class=\"Hyperlink\">Ärendet och dess beredning</span></a>\r\n\t\t\t</p>\r\n\t\t\t<p class=\"TOC1\">\r\n\t\t\t\t<a style=\"color:#000000\" href=\"#_Toc263004\"><span class=\"Hyperlink\">Utskottets överväganden</span></a>\r\n\t\t\t</p>\r\n\t\t\t<p class=\"TOC2\">\r\n\t\t\t\t<a style=\"color:#000000\" href=\"#_Toc263005\"><span class=\"Hyperlink\">Redovisning av användningen av hemliga tvångsmedel under 2017</span></a>\r\n\t\t\t</p>\r\n\t\t\t<p class=\"TOC8\">\r\n\t\t\t\t<span class=\"Hyperlink\" style=\"font-style:italic\">Bilaga</span><br /><a style=\"color:#000000\" href=\"#_Toc263006\"><span class=\"Hyperlink\">Förteckning över behandlade förslag</span></a>\r\n\t\t\t</p>\r\n\t\t\t<p class=\"TOC9\">\r\n\t\t\t\t<a style=\"color:#000000\" href=\"#_Toc263007\"><span class=\"Hyperlink\">Skrivelsen</span></a>\r\n\t\t\t</p>\r\n\t\t\t<p>\r\n\t\t\t</p>\r\n\t\t\t<p>\r\n\t\t\t\t<span> </span>\r\n\t\t\t</p>\r\n\t\t\t<p class=\"NormalIndent\">\r\n\t\t\t\t<span> </span>\r\n\t\t\t</p>\r\n\t\t\t<p class=\"Avsnittsrubrik\">\r\n\t\t\t\t<a name=\"StopCC\"></a><a name=\"_Toc263001\"><span style=\"-aw-bookmark-end:StopCC\"></span><span class=\"tSidrubrikJA\">Utskottets förslag till riksdagsbeslut</span></a>\r\n\t\t\t</p>\r\n\t\t\t<p class=\"Mellanrum\">\r\n\t\t\t\t<span> </span>\r\n\t\t\t</p>\r\n\t\t\t<p class=\"Mellanrum\">\r\n\t\t\t\t<span> </span>\r\n\t\t\t</p>\r\n\t\t\t<table cellspacing=\"0\" cellpadding=\"0\" style=\"border-collapse:collapse; margin-left:0pt; width:294.2pt\">\r\n\t\t\t\t<tr>\r\n\t\t\t\t\t<td style=\"vertical-align:top; width:22pt\">\r\n\t\t\t\t\t\t<p style=\"margin-top:3.1pt; margin-bottom:0pt; text-align:justify; page-break-inside:avoid; page-break-after:avoid; line-height:12.5pt\">\r\n\t\t\t\t\t\t\t<span style=\"font-family:'Verdana'; font-size:10.5pt; font-weight:bold\">Redovisning av användningen av hemliga tvångsmedel under 2017</span>\r\n\t\t\t\t\t\t</p>\r\n\t\t\t\t\t</td>\r\n\t\t\t\t</tr>\r\n\t\t\t</table>\r\n\t\t\t<p class=\"Normalutanluftfre\" style=\"-aw-sdt-tag:'dokumentavsnitt/utskottets förslag till riksdagsbeslut/1709097997/1549376098458'; -aw-sdt-title:'utskottets förslag till riksdagsbeslut'\">\r\n\t\t\t\t<span>Riksdagen lägger skrivelse 2018/19:19 till handlingarna.</span>\r\n\t\t\t</p>\r\n\t\t\t<p class=\"Mellanrum\" style=\"-aw-sdt-tag:'dokumentavsnitt/utskottets förslag till riksdagsbeslut/1709097997/1549376098458'; -aw-sdt-title:'utskottets förslag till riksdagsbeslut'\">\r\n\t\t\t\t<span> </span>\r\n\t\t\t</p>\r\n\t\t\t<p class=\"OrtochDatum\" style=\"-aw-sdt-tag:'dokumentavsnitt/utskottets förslag till riksdagsbeslut/1709097997/1549376098458'; -aw-sdt-title:'utskottets förslag till riksdagsbeslut'\">\r\n\t\t\t\t<span>Stockholm den 5 februari 2019</span>\r\n\t\t\t</p>\r\n\t\t\t<p class=\"PVgnar\" style=\"-aw-sdt-tag:'dokumentavsnitt/utskottets förslag till riksdagsbeslut/1709097997/1549376098458'; -aw-sdt-title:'utskottets förslag till riksdagsbeslut'\">\r\n\t\t\t\t<span>På justitieutskottets vägnar</span>\r\n\t\t\t</p>\r\n\t\t\t<p class=\"Ordfranden\" style=\"-aw-sdt-tag:'dokumentavsnitt/utskottets förslag till riksdagsbeslut/1709097997/1549376098458'; -aw-sdt-title:'utskottets förslag till riksdagsbeslut'\">\r\n\t\t\t\t<span>Fredrik Lundh Sammeli</span>\r\n\t\t\t</p>\r\n\t\t\t<p class=\"Deltagare\" style=\"-aw-sdt-tag:'dokumentavsnitt/utskottets förslag till riksdagsbeslut/1709097997/1549376098458'; -aw-sdt-title:'utskottets förslag till riksdagsbeslut'\">\r\n\t\t\t\t<span>Följande ledamöter har deltagit i beslutet: Fredrik Lundh Sammeli (S), Andreas Carlson (KD), Tomas Tobé (M), Petter Löberg (S), Carl-Oskar Bohlin (M), Adam Marttinen (SD), Maria Strömkvist (S), Linda Westerlund Snecker (V), Kristina Axén Olin (M), Katja Nyberg (SD), Joakim Sandell (S), Carina Ödebrink (S), Johan Pehrson (L), Henrik Vinge (SD), Rasmus Ling (MP), Ingemar Kihlström (KD) och Jonny Cato Hansson (C).</span>\r\n\t\t\t</p>\r\n\t\t\t<p class=\"Mellanrum\" style=\"-aw-sdt-tag:'dokumentavsnitt/utskottets förslag till riksdagsbeslut/1709097997/1549376098458'; -aw-sdt-title:'utskottets förslag till riksdagsbeslut'\">\r\n\t\t\t\t<span> </span>\r\n\t\t\t</p>\r\n\t\t\t<p class=\"Mellanrum\" style=\"-aw-sdt-tag:'dokumentavsnitt/utskottets förslag till riksdagsbeslut/1709097997/1549376098458'; -aw-sdt-title:'utskottets förslag till riksdagsbeslut'\">\r\n\t\t\t\t<span> </span>\r\n\t\t\t</p>\r\n\t\t\t<p class=\"Mellanrum\" style=\"-aw-sdt-tag:'dokumentavsnitt/utskottets förslag till riksdagsbeslut/1709097997/1549376098458'; -aw-sdt-title:'utskottets förslag till riksdagsbeslut'\">\r\n\t\t\t\t<span style=\"font-size:9.5pt\"> </span>\r\n\t\t\t</p>\r\n\t\t\t<p>\r\n\t\t\t\t<span> </span>\r\n\t\t\t</p>\r\n\t\t\t<p class=\"Avsnittsrubrik\">\r\n\t\t\t\t<a name=\"SlutUtskottsForslag\"></a><a name=\"_Toc263002\"><span style=\"-aw-bookmark-end:SlutUtskottsForslag\"></span><span class=\"tSidrubrikJA\">Redogörelse för ärendet</span></a>\r\n\t\t\t</p>\r\n\t\t\t<h2>\r\n\t\t\t\t<a name=\"_Toc263003\"><span>Ärendet och dess beredning</span></a>\r\n\t\t\t</h2>\r\n\t\t\t<p>\r\n\t\t\t\t<span>I betänkandet behandlar utsk</span><span>ottet regeringens skrivelse 2018/19:1</span><span>9 Redovisning av användningen a</span><span>v hemliga tvångsmedel under 2017</span><span>.</span>\r\n\t\t\t</p>\r\n\t\t\t<p class=\"NormalIndent\">\r\n\t\t\t\t<span>Det har inte väckts någon motion med anledning av skrivelsen.</span>\r\n\t\t\t</p>\r\n\t\t\t<p>\r\n\t\t\t\t<span> </span>\r\n\t\t\t</p>\r\n\t\t\t<p class=\"Rubrik1medsidhuvud\">\r\n\t\t\t\t<a name=\"_Toc263004\"><span class=\"tSidrubrikJA\">Utskottets överväganden</span></a>\r\n\t\t\t</p>\r\n\t\t\t<h2 style=\"-aw-sdt-tag:0a6e2232-612d-43d1-b559-43235d36d63c/förslagsrutor/-1637155997/1547127187304; -aw-sdt-title:förslagsrutor\">\r\n\t\t\t\t<a name=\"_Toc263005\"><span>Redovisning av användningen av hemliga tvångsmedel under 2017</span></a>\r\n\t\t\t</h2>\r\n\t\t\t<div style=\"border-bottom-color:#000000; border-bottom-style:solid; border-bottom-width:0.75pt; border-left-color:#000000; border-left-style:solid; border-left-width:0.75pt; border-right-color:#000000; border-right-style:solid; border-right-width:0.75pt; border-top-color:#000000; border-top-style:solid; border-top-width:0.75pt; clear:both; margin:3.1pt 0.9pt 0pt\">\r\n\t\t\t\t<p class=\"Normalrutafet\" style=\"margin:0pt; padding-right:4pt; padding-left:4pt\">\r\n\t\t\t\t\t<span style=\"-aw-bookmark-end:_Toc263005\"></span><span>Utskottets förslag i korthet</span>\r\n\t\t\t\t</p>\r\n\t\t\t\t<p class=\"Normalruta\" style=\"margin:0pt; padding-right:4pt; padding-left:4pt; padding-bottom:4pt\">\r\n\t\t\t\t\t<span>Riksdagen lägger skrivelsen till handlingarna.</span>\r\n\t\t\t\t</p>\r\n\t\t\t</div>\r\n\t\t\t<p class=\"Mellanrum\">\r\n\t\t\t\t<span> </span>\r\n\t\t\t</p>\r\n\t\t\t<p class=\"NormalIndent\" style=\"text-indent:0pt\">\r\n\t\t\t\t<span> </span>\r\n\t\t\t</p>\r\n\t\t\t<p class=\"R3\" style=\"margin-top:0pt\">\r\n\t\t\t\t<span>Bakgrund</span>\r\n\t\t\t</p>\r\n\t\t\t<p>\r\n\t\t\t\t<span>Regeringen har i enlighet med riksdagens önskemål sedan 1983 årligen redovisat hur reglerna om hemlig avlyssning av elektronisk kommunikation (tidigare hemlig teleavlyssning) har tillämpats under det gångna året (bet. 1981/82:JuU54, rskr. 1981/82:298). Redovisningen har sedan utökats till att gälla även användningen av andra hemliga tvångsmedel och omfattar i dag också hemlig övervakning av elektronisk information, hemlig kameraövervakning och hemlig rumsavlyssning vid förundersökning i brottmål, likso</span><span>m åtgärder enligt</span><span> lagen (2007:979) om åtgärder för att förhindra vissa särskilt allvarliga brott och lagen (2012:278) om inhämtning av uppgifter om elektronisk kommunikation i de brottsbekämpande myndi</span><span>gheternas underrättelse</span><span>verksamhet. Redogörelsen innefattar även </span><span>hur Säkerhetspolisen använder </span><span>dessa tvångsmedel i </span><span>sin </span><span>verksamhet.</span>\r\n\t\t\t</p>\r\n\t\t\t<p class=\"NormalIndent\">\r\n\t\t\t\t<span>Regeringen beslutade den 17 december 2015 om ett nytt uppdrag till myndigheterna när det gäller den årliga redovisningen av vissa hemliga tvångsmedel (Ju2015/09908/Å). Det nya uppdraget innebär en ny periodisering av redovisningen. När det gäller uppgifter om vilken tid en person </span><span>har </span><span>varit föremål för avlyssning eller övervakning och vilken nytta ett tvångsmedel har haft ska redovisningen avse de förundersökningar som lagts ned eller där beslut i åtalsfrågan fattats under det föregående året, och omfatta hela den tid som tvångsmedlet gällt. Redovisningen ska även omfatta de interimistiska tillstånd som meddelats av åklagare och hur domstol</span><span>en</span><span> sedan beslutat i dessa fall. Uppdraget innefattar också en skyldighet att redovisa Säkerhetspolisens användning av hemliga tvångsmedel på ett visst sätt.</span>\r\n\t\t\t</p>\r\n\t\t\t<p class=\"NormalIndent\">\r\n\t\t\t\t<span>Den senaste redovisningen till r</span><span>iksdagen gjordes i december 2017</span><span> och be-handlades av riksdagen </span><span>under våren 2018 (bet. 2017/18:JuU10, rskr. 2017/18:181</span><span>).</span>\r\n\t\t\t</p>\r\n\t\t\t<p class=\"NormalIndent\">\r\n\t\t\t\t<span>Den </span><span>skrivelse som är aktuell nu </span><span>bygger på uppgifter som har lämnats till regeringen av Åklagarmyndigheten i samverkan med Ekobrottsmyndigheten, Polismyndigheten, Tullverket och Säkerhetspolis</span><span>en (Ju2018</span><span>/0</span><span>3199</span><span>/Å).</span>\r\n\t\t\t</p>\r\n\t\t\t<p class=\"NormalIndent\">\r\n\t\t\t\t<span> </span>\r\n\t\t\t</p>\r\n\t\t\t<p class=\"NormalIndent\">\r\n\t\t\t\t<span> </span>\r\n\t\t\t</p>\r\n\t\t\t<p class=\"NormalIndent\">\r\n\t\t\t\t<span> </span>\r\n\t\t\t</p>\r\n\t\t\t<p class=\"NormalIndent\">\r\n\t\t\t\t<span> </span>\r\n\t\t\t</p>\r\n\t\t\t<p class=\"R3\" style=\"margin-bottom:0pt\">\r\n\t\t\t\t<span>Regeringens skrivelse</span>\r\n\t\t\t</p>\r\n\t\t\t<p class=\"R4\" style=\"margin-top:6pt\">\r\n\t\t\t\t<span>Redovisningen från myndigheterna</span>\r\n\t\t\t</p>\r\n\t\t\t<p class=\"NormalIndent\" style=\"text-indent:0pt\">\r\n\t\t\t\t<span>Redovisningen omfattar Åklagarmyndighetens, Ekobrottsmyndighetens, Polismyndighetens, Tullverkets och Säkerhetspolisens tvångsmedels-användning under 2017.</span>\r\n\t\t\t</p>\r\n\t\t\t<p class=\"NormalIndent\">\r\n\t\t\t\t<span>Ärenden om hemliga tvångsmedel vid Åklagarmyndigheten och Ekobrottsmyndigheten registreras sedan mitten av januari 2017 i ett särskilt </span><span>it-stöd</span><span> kallat HTM-</span><span>Cåbra</span><span>. De statistiska uppgifterna om antalet tillstånd och antalet misstänkta personer</span><span> som ligger till grund för den aktuella</span><span> redovisning</span><span>en</span><span> är för första gången hämtade från detta system. Tidigare år har uppgifterna hämtats från manuella diarier.</span>\r\n\t\t\t</p>\r\n\t\t\t<p class=\"NormalIndent\">\r\n\t\t\t\t<span>Myndigheterna framhåller i sin redovisning </span><span>att en person kan ha varit föremål för flera olika former av hemliga tvångsmedel och att personen i dessa fall räknas med under flera tvångsmedel. En sammanräkning av antalet personer som redovisas för varje tvångsmedel ger således inte en uppgift om hur många olika individer som totalt</span><span> har</span><span> varit föremål för ett eller flera hemliga tvångsmedel.</span>\r\n\t\t\t</p>\r\n\t\t\t<p class=\"NormalIndent\">\r\n\t\t\t\t<span>Nyttan av </span><span>de hemliga tvångsmedlen redovisas även genom anonymiserade exempel från tillämpningen.</span><span> </span><span>R</span><span>edogörelse</span><span>r</span><span> för dessa finns i propositionen.</span>\r\n\t\t\t</p>\r\n\t\t\t<p class=\"R5\">\r\n\t\t\t\t<span>Tillämpningen av hemliga tvångsmedel vid förundersökning i brottmål eller med anledning av begäran om internationell hjälp i brottmål</span>\r\n\t\t\t</p>\r\n\t\t\t<p class=\"NormalIndent\" style=\"text-indent:0pt\">\r\n\t\t\t\t<span>När det gäller den sammantagna bilden av myndigheternas redovisning av hemlig avlyssning av elektronisk kommunikation, hemlig övervakning av elektronisk kommunikation, hemlig rumsavlyssning och hemlig kameraövervakning konstaterar regeringen följande</span><span>. Antalet redovisade tillstånd har i de delar det finns statistik att </span><span>jämföra med ökat. Under 2017 meddelades</span><span> 12 686 tillstånd till hemliga tvångsmedel. Under 2016 meddelades 10 453 tillstånd, under 2015 meddelades 9 582 tillstånd och under 2014 meddelades 8 052 tillstånd.</span>\r\n\t\t\t</p>\r\n\t\t\t<p class=\"R6\">\r\n\t\t\t\t<span>Hemlig avlyssning av elektronisk kommunikation</span>\r\n\t\t\t</p>\r\n\t\t\t<p class=\"NormalIndent\" style=\"text-indent:0pt\">\r\n\t\t\t\t<span>Antalet misstänkta personer som</span><span> har</span><span> varit föremål för hemlig avlyssning av elektronisk kommunikation minskade något under varje år mellan 20</span><span>12 och 2015. Mellan 2015 och</span><span> 2017 </span><span>ökade </span><span>antalet </span><span>i stället</span><span> med 19 procent</span><span> till 13</span><span> </span><span>785 personer. Ökningen mellan 2016 och</span><span> 2017 var 10 procent. Antalet meddelade tillstånd varierade marginellt</span><span> mellan åren 2012 och 2016. Mellan 2016 och 2017 </span><span>ökade antalet meddelade tillstånd med 29 procent</span><span> till 4</span><span> </span><span>465 tillstånd</span><span>. Den procentuella ök</span><span>ningen av antalet tillstånd mellan 2016 och</span><span> 2017 är således tre gånger större än ökningen av antalet misstänkta personer.</span>\r\n\t\t\t</p>\r\n\t\t\t<p class=\"NormalIndent\">\r\n\t\t\t\t<span>Under tidigare år har tillstånd till hemlig avlyssning av elektronisk kommunikation framför allt </span><span>meddelats </span><span>i förundersökningar om narkotikabrott och narkotikasmuggling. </span><span>Emellertid fördubblades a</span><span>ntalet tillstånd vid våldsbrottslighet </span><span>mellan 2016 och</span><span> 2017.</span><span> Myndigheterna uppger att d</span><span>en mycket stora ökningen av antalet tillstånd till hemli</span><span>g avlyssning för våldsbrott </span><span>på goda </span><span>grunder </span><span>kan</span><span> </span><span>antas ha en koppling till en ökning av det grova våldet mellan kriminella aktörer med koppling till kriminella nätverk i utsatta områden. </span>\r\n\t\t\t</p>\r\n\t\t\t<p class=\"NormalIndent\">\r\n\t\t\t\t<span>Nyttan av hemlig avlyssning har </span><span>enligt myndigheterna </span><span>minskat de senaste åren. </span><span>Personer som är medvetna om att de kan komma att avlyssnas tenderar att övergå från telefonsamtal till att </span><span>kommunicera </span><span>med hjälp av </span><span>någon </span><span>annan elektronisk utrustning på ett sådant sätt att vedertagen avlyssning inte är möjlig. Värdet av hemlig avlyssning av elektronisk kommunikation minskar</span><span>,</span><span> och för att nå </span><span>ett </span><span>eftersträvat resultat måste</span><span> enligt myndigheterna</span><span> andra tillgängliga hemliga tvångsmedel användas, t.ex. hemlig kameraövervakning och hemlig rumsavlyssning.</span>\r\n\t\t\t</p>\r\n\t\t\t<p class=\"R6\">\r\n\t\t\t\t<span>Hemlig övervakning av elektronisk kommunikation</span>\r\n\t\t\t</p>\r\n\t\t\t<p>\r\n\t\t\t\t<span>Antalet misstänkta personer som varit föremål för hemlig övervakning av el</span><span>ektronisk </span><span>kommunikation har mellan 2016 och </span><span>2017</span><span> </span><span>minskat med </span><span>ca </span><span>6</span><span> </span><span>procent</span><span> till 2</span><span> </span><span>162 personer</span><span>. Antalet beviljade tillstånd har under samma tid däremot ökat </span><span>med ca </span><span>18 procent</span><span> till 7</span><span> </span><span>991 tillstånd</span><span>. Detta innebär att den ö</span><span>kning som började </span><span>2014 fortsätter. </span><span>A</span><span>ntalet tillstånd </span><span>har sedan 2013 mer </span><span>än fördubblats.</span><span> </span>\r\n\t\t\t</p>\r\n\t\t\t<p class=\"NormalIndent\">\r\n\t\t\t\t<span>Vad gäller</span><span> brottstyper </span><span>noterar myndigheterna </span><span>att antalet tillstånd som avser våldsbrott </span><span>ökade </span><span>påtagligt mellan 2016 och</span><span> 2017</span><span> och att denna ökning</span><span> motsvarar hela ökningen av antalet tillstånd </span><span>till hemlig övervakning av elektronisk kommunikation</span><span>. </span>\r\n\t\t\t</p>\r\n\t\t\t<p class=\"NormalIndent\">\r\n\t\t\t\t<span>Det totala antalet misstänkta personer som </span><span>har </span><span>övervakats har alltså minskat samtidigt som antalet tillstånd ökat kraftigt. Förklaringen till detta är</span><span> </span><span>enligt myndigheterna </span><span>att de misstänkta allt oftare byter telefoner eller telefonnummer, vilket kräver nya tillstånd, eller att polisen kan knyta misstänkta personer till flera adresser. Till skillnad från hemlig avlyssning av elektronisk kommunikation avser hemlig övervakning av elektronisk kommunikation oftare förfluten tid. De rättsvårdande myndigheterna är därför beroende av att teleoperatörerna lagrat uppgifter som kan lämnas ut i efterhand.</span>\r\n\t\t\t</p>\r\n\t\t\t<p class=\"NormalIndent\">\r\n\t\t\t\t<span>Kammarrätten i Stockholm slog i en dom i mars 2017 fast att det med hänsyn till en dom i EU-domstolen den 21 december 2016 var klarlagt att de svenska bestämmelserna om lagring av trafikuppgifter m.m. för brottsbekämpande ändamål står i strid med unionsrätten. EU-domstolens och kammarrättens domar har gjort att vissa teleoperatörer inte lagrar uppgifter i samma omfattning som tidigare. </span><span>Ä</span><span>ven om en domstol ger tillstånd till hemlig övervakning av elektronisk kommunikation kan det </span><span>därmed </span><span>vara så att beslutet inte går att verkställa eftersom teleoperatören i fråga inte har några uppgifter att lämna ut. Detta har under 2017 fått kännbara konsekvenser för </span><span>de </span><span>brottsbekämpande myndigheter</span><span>na</span><span>s förmåga att utreda och lagföra grova brott. Centrala utredningsåtgärder vid utredning av grova brott – vilket inhämtning av lagrade uppgifter om elektronisk kommunikation är – har inte gått att genomföra i samma utsträckning som tidigare.</span>\r\n\t\t\t</p>\r\n\t\t\t<p class=\"R6\">\r\n\t\t\t\t<span>Hemlig kameraövervakning</span>\r\n\t\t\t</p>\r\n\t\t\t<p>\r\n\t\t\t\t<span>Antalet misstänkta personer som </span><span>har </span><span>varit föremål för hemlig kameraövervakning har ökat från 117 personer 2016 till 152 personer 2017. Antalet tillstånd har ökat från 143 tillstånd 2016 till 153 tillstånd 2017. Antalet tillstånd har ökat tre år i rad. Mellan åren 2014 och 2017 har antalet tillstå</span><span>nd ökat med mer än 122 procent.</span>\r\n\t\t\t</p>\r\n\t\t\t<p class=\"NormalIndent\">\r\n\t\t\t\t<span>Vid en jämförelse av hur tillstånden fördelas mellan brottstyperna </span><span>noterar myndigheterna att det stora flertalet </span><span>tillstånd </span><span>fortfarande kan hänföras till </span><span>narkotikarelaterad brottslighet. </span>\r\n\t\t\t</p>\r\n\t\t\t<p class=\"R6\" style=\"margin-top:6pt\">\r\n\t\t\t\t<span>Hemlig rumsavlyssning</span>\r\n\t\t\t</p>\r\n\t\t\t<p>\r\n\t\t\t\t<span>Under 2017 begärdes och beviljades tillstånd till hemlig rumsavlyssning i 77 fall. Under 2016 var motsvarande siffra 54 fall. Användningen är mycket begränsad i jämförelse med andra tvångsmedel</span><span>,</span><span> och tvångsmedlet används nästan uteslutande vid narkotikarelaterad brottslighet och vid våldsbrott. Under de fyra år som det finns uppgifter </span><span>för </span><span>har antalet tillstånd och antalet misstänkta som </span><span>har </span><span>varit föremål för tvångsmedlet ökat för varje år. Den stora relativa ökningen sedan 2014 </span><span>(381 procent) </span><span>vad gäller antalet tillstånd kan ha flera förklaringar. En möjlig förklaring är</span><span> enligt myndigheterna</span><span> att behovet av hemlig rumsavlyssning ökar när medvetenheten hos kriminella personer om möjligheterna till hemlig avlyssning av telefoner blir större. En annan förklaring kan vara att polis och åklagare</span><span> har</span><span> blivit mer medvetna om möjligheterna till hemlig rumsavlyssning samtidigt som det har blivi</span><span>t enklare att använda sig av detta tvångsmedel</span><span>.</span>\r\n\t\t\t</p>\r\n\t\t\t<p class=\"NormalIndent\">\r\n\t\t\t\t<span>Eftersom antalet tillstånd är så lågt går det inte att dra några generella slutsatser </span><span>om </span><span>användningen och nyttan.</span>\r\n\t\t\t</p>\r\n\t\t\t<p class=\"R5\">\r\n\t\t\t\t<span>Tillämpningen av bestämmelserna om åtgärder för att förhindra vissa särskilt allvarliga brott </span>\r\n\t\t\t</p>\r\n\t\t\t<p>\r\n\t\t\t\t<span>Någon användning av tvångsmedel enligt lagen om åtgärder för att förhindra vissa särskilt allvarliga brott har inte förekommit i Polismyndighetens underrättelseverksamhet under 2017</span><span>. Så var fallet även under 2016. S</span><span>e dock avsnittet om Säkerhetspolisens tvångsmedelsanvändning. </span>\r\n\t\t\t</p>\r\n\t\t\t<p class=\"R5\">\r\n\t\t\t\t<span>Inhämtning av uppgifter enligt lagen om inhämtning av uppgifter om elektronisk kommunikation i de brottsbekämpande myndigheternas underrättelseverksamhet</span>\r\n\t\t\t</p>\r\n\t\t\t<p>\r\n\t\t\t\t<span>Polismyndigheten och Tullverket har </span><span>under 2017 tagit </span><span>sammanlagt 595 beslut om </span><span>att hämta in </span><span>uppgifter om elektronisk kommunikation i underrättelseverksamhet. Av dessa var 389 beslutade av Polismyndigheten och 206 av Tullverket. Under 2016 fattades 688 beslut. </span>\r\n\t\t\t</p>\r\n\t\t\t<p class=\"NormalIndent\">\r\n\t\t\t\t<span>Mot bakgrund av att underrättelseverksamhet i allt väsentligt är ett långsiktigt arbete är det inte möjligt att ännu bedöma den fulla nyttan av 2017 års inhämtningsbeslut.</span>\r\n\t\t\t</p>\r\n\t\t\t<p class=\"NormalIndent\">\r\n\t\t\t\t<span>Den typiskt sett vanligaste nyttan med uppgifter om elektronisk kommunikation </span><span>som man har hämtat in </span><span>är att underrättelser om omfattande hantering av narkotika, vapen eller förestående grova våldsbrott har lett till att brottsmisstankar kunnat verifieras och förundersökningar inledas. </span><span>Inte sällan har samverkan skett mellan Polismyndigheten och Tullverket eller med andra myndigheter inom den myndighetsgemensamma satsningen m</span><span>ot organiserad brottslighet och</span><span> med andra länders brottsbekämpande myndigheter.</span>\r\n\t\t\t</p>\r\n\t\t\t<p class=\"NormalIndent\">\r\n\t\t\t\t<span>D</span><span>et dolda i</span><span>nternet (även känt som </span><span>d</span><span>arknet</span><span>) är</span><span> enligt myndigheterna</span><span> et</span><span>t växande problem eftersom</span><span> tiotusentals svenskar regelbundet beställer narkotik</span><span>a eller andra illegala varor på</span><span> dolda marknadsplatser. Den krypterade</span><span> och anonymiserade trafiken på </span><span>d</span><span>arknet</span><span> försvårar brottsbekämpningen betydligt. I underrättelsearbetet </span><span>mot </span><span>omfattande ärenden om</span><span> försäljning av narkotika på</span><span> dolda marknadsplatser är inhämtade uppgifter om elektronisk kommunikation därför en av förutsättningarna för identifiering oc</span><span>h kartläggning av individer och</span><span> nätverk bakom detta</span><span> </span><span>slags</span><span> </span><span>organiserad brottslig verksamhet.</span>\r\n\t\t\t</p>\r\n\t\t\t<p class=\"NormalIndent\">\r\n\t\t\t\t<span>Sammanfattningsvi</span><span>s konstaterar</span><span> Polismyndigheten och Tullverket att information om elektronisk kommunikation är väsentlig för myndigheternas underrättelseve</span><span>rksamhet och att de inhämtnings</span><span>möjligheter som inhämtningslagen medger</span><span> har</span><span> varit avgörande för att inleda förundersökn</span><span>ing av</span><span> en lång rad grova brott.</span>\r\n\t\t\t</p>\r\n\t\t\t<p class=\"R5\">\r\n\t\t\t\t<span>Säkerhetspolisens tvångsmedelsanvändning</span>\r\n\t\t\t</p>\r\n\t\t\t<p>\r\n\t\t\t\t<span>I Säkerhetspolisens verksamhet har det med stöd av bestämmelserna i rättegångsbalken och lagen om åtgärder för att förhindra vissa särskilt allvarliga brott under 2017 totalt fattats 309 beslut om hemlig avlyssning av elektronisk kommunikation, hemlig övervakning av elektronisk kommunikation, hemlig kameraövervakning och hemlig rumsavlyssning. Motsvarande siffra för 2016 var 307. Säkerhetspolisen har under 2017 fattat 163 beslut med stöd av lagen om inhämtning av uppgifter om elektronisk kommunikation i de brottsbekämpande myndigheternas underrättelse</span><span>-</span><span>verksamhet. Motsvarande siffra för 2016 var 167 beslut. </span><span>Den förändring som </span><span>har </span><span>skett i antalet beslut mellan åren 2016 och 2017 ligger inom </span><span>ramen för </span><span>vad som kan betraktas som en normal årlig variation.</span>\r\n\t\t\t</p>\r\n\t\t\t<p class=\"R4\">\r\n\t\t\t\t<span>Regeringens slutsatser</span>\r\n\t\t\t</p>\r\n\t\t\t<p class=\"NormalIndent\" style=\"text-indent:0pt\">\r\n\t\t\t\t<span>Regeringen framhåller att det är av grundläggande betydelse i en rättsstat att rätten till skydd för privat- och familjeliv respekteras. För en effektiv brottsbekämpning är det samtidigt nödvändigt att det finns tillräckliga befogenheter för de brottsbekämpande myndigheterna att i vissa väl avgränsade fall kunna använda hemliga tvångsmedel som ett yttersta hjälpmedel. Vidare är det en självklar utgångspunkt att bestämmelserna om tvångsmedel och deras tillämpning måste leva upp till högt ställda rättssäkerhetskrav. Det integritetsintrång som hemliga tvångsmedel medför kan accepteras om behovet och nyttan av de hemliga tvångsmedlen är </span><span>tillräckligt stora. Vid avvägningen mellan enskildas rätt till skydd för sitt privat</span><span>-</span><span> och familjeliv och samhällets intresse av en effektiv brottsbekämpning är det betydelsefullt att med tillräckligt god precision kunna bedöma vilka resultat som användningen av hemliga tvångsmedel har lett till.</span>\r\n\t\t\t</p>\r\n\t\t\t<p class=\"NormalIndent\">\r\n\t\t\t\t<span>För att tvångsmedlens legitimitet varaktigt ska kunna upprätthållas i samhället är det, vid sidan av en noggrann proportionalitetsbedömning, angeläget att i största möjliga mån redovisa vilken betydelse – nytta – tillämpningen av tvångsmedlen har i den brottsbekämpande verksamheten. Ett grundläggande krav för tillstånd till hemliga tvångsmedel är att åtgärden ska vara av synnerlig vikt för utredningen. Det uttrycket inrymmer ett kvalitetskrav när det gäller de upplysningar som åtgärden kan ge.</span><span> </span><span>Det tidigare nyttobegreppet definierades som antalet fall där det hemliga tvångsmedlet lett till användning av ett annat tvångsmedel mot den misstänkte. I en brottsutredning förekommer det </span><span>dock </span><span>ofta att flera telefonnummer avlyssnas eller övervakas med stöd av flera tillstånd för en och samma person. Det förekommer att ett tillstånd i princip enbart leder fram till att ett nytt telefonnummer behöver avlyssnas eller övervakas. Även på andra sätt samverkar resultaten av olika tillstånd och olika hemliga tvångsmedel med varandra på ett sätt som gör att det är svårt att avgöra vilket tillstånd som</span><span> har</span><span> gett den slutliga nyttan. Mot denna bakgrund anser regeringen att det varken är ändamålsenligt eller lämpligt att slå fas</span><span>t vilka resultat som ska nås när</span><span> hemliga tvångsmedel</span><span> används</span><span> i enskilda brottsutredningar, eller att i förväg bestämma att en viss procentandel av samtliga fall där hemliga tvångsmedel används ska leda till vissa förväntade resultat</span><span>.</span>\r\n\t\t\t</p>\r\n\t\t\t<p class=\"NormalIndent\">\r\n\t\t\t\t<span>Regeringen anför</span><span> att </span><span>myndigheterna </span><span>i</span><span> årets redovisning, </span><span>liksom </span><span>i redovisningen för föregående år, </span><span>har </span><span>redovisat några av de olika åtgärder som följt av tvångsmedelsanvändningen. Syftet har varit att så objektivt som möjligt kunna bedöma nyttan av olika tvångsåtgärder. Myndigheterna har redovisat bl.a. om de inhämtade uppgifterna har lett till stärkta misstankar mot den misstänkte, till ett annat tvångsmedel, till att effektiv spaning har kunnat genomföras, till att den misstänkte har kunnat avföras från utredningen eller att den misstänkte har kunnat åtalas. Dessutom har myndigheterna redovisat i vilken utsträckning uppgifter från tvångsmedlet har </span><span>utgjort underlag för ett förhör</span><span> eller använts som överskottsinformation samt om uppgifterna har bidragit till utredning av brottsutbyte.</span>\r\n\t\t\t</p>\r\n\t\t\t<p class=\"NormalIndent\">\r\n\t\t\t\t<span>Vid en genomgång av myndigheternas redovisning av </span><span>hur de har använt </span><span>de </span><span>hemliga tvångsmedlen konstaterar regeringen</span><span> att tvångsmedlen fyller en mycket viktig funktion för </span><span>det brottsutredande arbetet. Redovisningen</span><span> visar också att de hemliga tvångsmedlen har inneburit en reell nytta.</span>\r\n\t\t\t</p>\r\n\t\t\t<p class=\"NormalIndent\">\r\n\t\t\t\t<span>Regeringens bedömning är sammanfattningsvis att myndigheternas användning av hemliga tvångsmedel under 2017 har varit </span><span>ett ändamåls</span><span>enligt och nödvändigt instrument i brottsbekämpningen.</span>\r\n\t\t\t</p>\r\n\t\t\t<p class=\"R4\">\r\n\t\t\t\t<span>Ytterligare åtgärder</span>\r\n\t\t\t</p>\r\n\t\t\t<p>\r\n\t\t\t\t<span>S</span><span>om nämnt</span><span>s ovan </span><span>registrerar Åklagarmyndigheten och Ekobrottsmyndigheten sedan mitten av januari 2017 ärenden om hemliga tvångsmedel i ett särskilt </span><span>it-stöd</span><span>, HTM-</span><span>Cåbra</span><span>. </span><span>Regeringen uppger </span><span>att </span><span>ett urval av ärenden </span><span>har </span><span>granskats av Åklagarmyndigheten </span><span>under hösten 2017 för </span><span>att jämföra automatiska stati</span><span>stikuppgifter från HTM-</span><span>Cåbra</span><span> med</span><span> manuellt registrerade uppgifter. Några systemfel i HTM-</span><span>Cåbra</span><span> har inte kunnat identifieras. Att ärenden om hemliga tvångsmedel registreras i ett digitalt system bidrar enligt regeringens bedömning till en högre effektivitet och kvalitet i m</span><span>yndigheternas redovisning av </span><span>hur de använder</span><span> hemliga tvångsmedel.</span>\r\n\t\t\t</p>\r\n\t\t\t<p class=\"NormalIndent\">\r\n\t\t\t\t<span>Regeringe</span><span>n framhåller</span><span> vidare</span><span> att man sedan tidigare har aviserat ett antal åtgärder för att stärka skyddet för enskildas integritet. Utredningen om rättssäkerhetsgarantier vid användningen av vissa hemliga tvångsmedel lämnade sitt slutbetänkande Rättssäkerhetsgarantier och hemliga tvångsmedel (SOU 2018:61) i augusti 2018. I betänkandet analyseras hur rättssäkerhetsgarantierna och mekanismerna till skydd för den personliga integriteten har tillämpats </span><span>fr.o.m. </span><span>den 1 januari 2012 när hemliga tvångsmedel används för särskilt allvarlig eller på annat sätt samhällsfarlig brottslighet. I betänkandet analyseras också om regelverket är förenligt med de krav som regeringsformen och Europakonventionen ställer. Utredningen lämnar flera förslag för att stärka rättssäkerheten när hemliga tvångsmedel används</span><span>. </span><span>Betänkandet har varit ute på remiss och bereds för närvarande i Regeringskansliet.</span><span> </span><span>I maj 2014 tillsatte regeringen en parlamentariskt sammansatt kommitté, Integritetskommittén. Kommittén har haft i uppdrag att kartlägga och analysera riskerna för intrång i den personliga integriteten när informationsteknik används i privat och offentlig verksamhet. Kommittén har redovisat ett delbetänkande (SOU 2016:41) och ett slutbetänkande (SOU 2017:52). Betänkandena bereds i Regeringskansliet.</span>\r\n\t\t\t</p>\r\n\t\t\t<p class=\"NormalIndent\">\r\n\t\t\t\t<span>Regeringen uppger</span><span> också</span><span> </span><span>– </span><span>med anledning av myndigheternas uppgifter att </span><span>vissa teleoperatörer inte lagrar uppgifter i samma omfattning som tidigare</span><span> och konsekvenserna av detta </span><span>–</span><span> </span><span>att </span><span>Utredningen om datalagring och EU-rätten i oktober 2017 lämnade delbetänkandet Datalagring – brottsbekämpning och integritet (SOU 2017:75) med förslag om hur bestämmelserna om datalagring kan göras förenliga med EU-rätten. Förslagen bereds för närvarande i Regeringskansliet.</span>\r\n\t\t\t</p>\r\n\t\t\t<p class=\"R3\">\r\n\t\t\t\t<span>Utskottets ställningstagande</span>\r\n\t\t\t</p>\r\n\t\t\t<p>\r\n\t\t\t\t<span>De brottsbekämpande myndigheterna har av staten tilldelats uppgiften att förebygga, förhindra och utreda brott. För att fullgöra sin uppgift har myndigheterna behov av information. Detta behov kan vara olika starkt beroende på vilken brottslighet och vilka aktörer det är fråga om. Myndigheterna kan använda olika metoder för att skaffa sig relevant information, t.ex. genom spaning och förhör och kontakter med anmälare eller </span><span>tipsare. När användning av hemliga tvångsmedel tillåts är också detta för att tillgodose behovet av information.</span>\r\n\t\t\t</p>\r\n\t\t\t<p class=\"NormalIndent\">\r\n\t\t\t\t<span>Vid avvägningen mellan enskildas rätt till skydd för sitt privatliv och familjeliv och samhällets intresse av en effektiv brottsbekämpning är det betydelsefullt att det med tillräckligt god precision kan bedömas vilka resultat som användningen av hemliga tvångsmedel har lett till i brottsutredningar. Utskottet delar emellertid regeringens uppfattning att det varken är ändamålsenligt eller lämpligt att bestämma i förväg t.ex. att en viss procentandel av samtliga fall där hemliga tvångsmedel används ska leda till vissa förväntade resultat.</span>\r\n\t\t\t</p>\r\n\t\t\t<p class=\"NormalIndent\">\r\n\t\t\t\t<span>Utskottet anser i likhet med regeringen att tvångsmedlen fyller en mycket viktig funktion för det brottsutredande arbetet och </span><span>att </span><span>redovisningen visar att de hemliga tvångsmedlen har inneburit en reell nytta.</span>\r\n\t\t\t</p>\r\n\t\t\t<p class=\"NormalIndent\">\r\n\t\t\t\t<span>Liksom föregående år ser utskottet positivt på att Åklagarmyndigheten i samverkan med Ekobrottsmyndigheten, Polismyndigheten och Tullverket numera lämnar en gemensam redovisning av hemliga tvångsmedel till regeringen och att Säkerhetspolisens användning av hemliga tvångsmedel också redovisas</span><span> i viss utsträckning</span><span>. Vidare ser utskottet positivt på att myndigheterna redovisar anonymiserade exempel från tillämpningen av respektive tvångsmedel. </span><span>E</span><span>tt bredare </span><span>underlag</span><span> ger</span><span>, som regeringen konstaterar,</span><span> en </span><span>mer </span><span>fullständig bild av</span><span> hur</span><span> hemliga tvångsmedel</span><span> </span><span>används </span><span>och</span><span> </span><span>bidrar </span><span>också </span><span>till att höja kvaliteten i redovisningen. Utskottet </span><span>noterar</span><span> även </span><span>med tillfredsställelse</span><span> </span><span>att </span><span>Åklagarmyndigheten och Ekobrottsmyndigheten sedan mitten av januari 2017 </span><span>registrerar </span><span>ärenden om hemliga tvångsmedel i ett särskilt </span><span>it-stöd</span><span> och att </span><span>man</span><span> under den granskning av ett urval av ärenden som Åklagarmyndigheten gjort inte har </span><span>identifierat</span><span> </span><span>några systemfel. Liksom regeringen anser utskottet att </span><span>ett </span><span>digitalt </span><span>registrerings</span><span>system </span><span>kan bidra</span><span> till en högre effektivitet och kvalitet i myndigheternas redovisning av deras användning av hemliga tvångsmedel</span><span>.</span>\r\n\t\t\t</p>\r\n\t\t\t<p class=\"NormalIndent\">\r\n\t\t\t\t<span>Sammanfattningsvis har utskottet inte några invändningar mot årets redo-visning, utan föreslår att riksdagen lägger skrivelsen till handlingarna.</span>\r\n\t\t\t</p>\r\n\t\t\t<p class=\"Bilaga\">\r\n\t\t\t\t<span class=\"tBilagaJA\">Bilaga </span>\r\n\t\t\t</p>\r\n\t\t\t<p class=\"Bilagerubrik\">\r\n\t\t\t\t<a name=\"_Toc263006\"><span class=\"tSidrubrikJA\">Förteckning över behandlade förslag</span></a>\r\n\t\t\t</p>\r\n\t\t\t<p class=\"Rubrik2bilaga\" style=\"-aw-sdt-tag:'dokumentavsnitt/förteckning över behandlade förslag/-1795111421/1547112474323'; -aw-sdt-title:'förteckning över behandlade förslag'\">\r\n\t\t\t\t<a name=\"_Toc263007\"><span>Skrivelsen</span></a><span> </span>\r\n\t\t\t</p>\r\n\t\t\t<p style=\"-aw-sdt-tag:'dokumentavsnitt/förteckning över behandlade förslag/-1795111421/1547112474323'; -aw-sdt-title:'förteckning över behandlade förslag'\">\r\n\t\t\t\t<span>Regeringens skrivelse 2018/19:19 Redovisning av användningen av hemliga tvångsmedel under 2017.</span>\r\n\t\t\t</p>\r\n\t\t\t<p class=\"Mellanrum\">\r\n\t\t\t\t<span> </span>\r\n\t\t\t</p>\r\n\t\t\t<p class=\"Mellanrum\" style=\"-aw-sdt-tag:'dokumentavsnitt/förteckning över behandlade förslag/-1795111421/1547112474323'; -aw-sdt-title:'förteckning över behandlade förslag'\">\r\n\t\t\t\t<span> </span>\r\n\t\t\t</p>\r\n\t\t\t<p>\r\n\t\t\t\t<span> </span>\r\n\t\t\t</p>\r\n\t\t\t<p>\r\n\t\t\t\t<span> </span>\r\n\t\t\t</p>\r\n\t\t</div>\r\n\t"},"dokutskottsforslag":{"utskottsforslag":{"punkt":"1","rubrik":"Redovisning av användningen av hemliga tvångsmedel under 2017","forslag":"<BR/>Riksdagen lägger skrivelse 2018/19:19 till handlingarna.<BR/><BR/>","beslutstyp":"acklamation","motforslag_nummer":"0","motforslag_partier":null,"votering_id":null,"votering_sammanfattning_html":null,"votering_url_xml":null,"rm":"2018/19","bet":"JuU9","vinnare":"utskottet"}},"dokaktivitet":{"aktivitet":[{"kod":"UBE","namn":"Beredning","datum":"2019-01-24 00:00:00","status":"inträffat","ordning":"0","process":null},{"kod":"JUS","namn":"Justering","datum":"2019-02-05 00:00:00","status":"inträffat","ordning":"0","process":null},{"kod":"TRY","namn":"Trycklov","datum":"2019-02-05 00:00:00","status":"inträffat","ordning":"0","process":null},{"kod":"B","namn":"Bordläggning","datum":"2019-02-26 00:00:00","status":"inträffat","ordning":"0","process":null},{"kod":"BEH","namn":"Behandling","datum":"2019-02-27 00:00:00","status":"inträffat","ordning":"0","process":null},{"kod":"BES","namn":"Beslut","datum":"2019-02-27 00:00:00","status":"inträffat","ordning":"0","process":null}]},"dokuppgift":{"uppgift":[{"kod":"beslutssammanfattningusk","namn":"Utskottets förslag till beslut","text":"Skrivelsen läggs till handlingarna.","dok_id":"H601JuU9","systemdatum":"2019-02-05 16:43:13"},{"kod":"rdbeslut","namn":"Riksdagens beslut","text":"Kammaren biföll utskottets förslag.","dok_id":"H601JuU9","systemdatum":"2019-02-27 16:39:57"},{"kod":"notis","namn":"Beslut i korthet","text":"                           <p>Riksdagen har granskat en skrivelse från regeringen om hemliga tvångsmedel under 2017. Det är en årlig redovisning som handlar om hur de brottsbekämpande myndigheterna använt sig av hemliga metoder som rumsavlyssning, kameraövervakning och avlyssning av elektronisk kommunikation. De här metoderna ska användas när det är nödvändigt för att förhindra eller utreda brott, men måste avvägas mot människors rätt till skydd för privatliv.</p>\r\n<p>I redovisningen framgår bland annat att det gavs 12 686 tillstånd till hemliga tvångsmedel, vilket är en ökning jämfört med föregående år.</p>\r\n<p>Riksdagen anser att tvångsmedlen fyller en mycket viktig funktion för det brottsutredande arbetet och att redovisningen visar att de hemliga tvångsmedlen har inneburit en reell nytta. Riksdagen lade skrivelsen till handlingarna, det vill säga avslutade ärendet.</p>\r\n                                            ","dok_id":"H601JuU9","systemdatum":"2019-02-27 16:58:18"},{"kod":"notisrubrik","namn":"Beslut","text":"Myndigheternas användning av hemlig avlyssning har granskats (JuU9)","dok_id":"H601JuU9","systemdatum":"2019-02-27 16:58:18"},{"kod":"utsknotis","namn":"Utskottets förslag till beslut","text":"                           <p>Riksdagen har granskat en skrivelse från regeringen om hemliga tvångsmedel under 2017. Det är en årlig redovisning som handlar om hur de brottsbekämpande myndigheterna använt sig av hemliga metoder som rumsavlyssning, kameraövervakning och avlyssning av elektronisk kommunikation. De här metoderna ska användas när det är nödvändigt för att förhindra eller utreda brott, men måste avvägas mot människors rätt till skydd för privatliv.</p>\r\n<p>I redovisningen framgår bland annat att det gavs 12 686 tillstånd till hemliga tvångsmedel, vilket är en ökning jämfört med föregående år.</p>\r\n<p>Justitieutskottet anser att tvångsmedlen fyller en mycket viktig funktion för det brottsutredande arbetet och att redovisningen visar att de hemliga tvångsmedlen har inneburit en reell nytta. Utskottet föreslår att riksdagen lägger skrivelsen till handlingarna, det vill säga avslutar ärendet.</p>\r\n                                            ","dok_id":"H601JuU9","systemdatum":"2019-02-27 16:58:18"},{"kod":"utsknotisrubrik","namn":"Utskottets förslag","text":"Myndigheternas användning av hemlig avlyssning har granskats (JuU9)","dok_id":"H601JuU9","systemdatum":"2019-02-27 16:58:18"},{"kod":"statustext","namn":"statustext","text":"Ärendet är avslutat","dok_id":"H601JuU9","systemdatum":"2019-02-28 14:11:02"},{"kod":"debattdatumtid","namn":"Datum och tid för debatten","text":"2019-02-27 00:00:00","dok_id":"H601JuU9","systemdatum":"2019-02-27 16:58:18"},{"kod":"beslutdatumtid","namn":"Datum och tid för beslutet","text":"2019-02-27 00:00:00","dok_id":"H601JuU9","systemdatum":"2019-02-27 16:58:18"}]},"dokbilaga":{"bilaga":{"dok_id":"H601JuU9","titel":"Redovisning av användningen av hemliga tvångsmedel under 2017","subtitel":null,"filnamn":"2018_19_JuU9_20190205164232_Publicering.pdf","filstorlek":"344355","filtyp":"pdf","fil_url":"http://data.riksdagen.se/fil/378FA9D2-F337-4F20-918F-45DB22CF20D5"}},"dokreferens":{"referens":[{"referenstyp":"behandlar","uppgift":"Skrivelse 2018/19:19 Redovisning av användningen av hemliga tvångsmedel under 2017","ref_dok_id":"H60319","ref_dok_typ":"prop","ref_dok_rm":"2018/19","ref_dok_bet":"19","ref_dok_titel":"Redovisning av användningen av hemliga tvångsmedel under 2017","ref_dok_subtitel":null,"ref_dok_subtyp":"skr","ref_dok_dokumentnamn":"Skrivelse"},{"referenstyp":"föredragningslista","uppgift":"föredragningslista 2018/19:56 Onsdag den 27 februari 2019","ref_dok_id":"H60I56","ref_dok_typ":"f-lista","ref_dok_rm":"2018/19","ref_dok_bet":"56","ref_dok_titel":"Onsdag den 27 februari 2019","ref_dok_subtitel":null,"ref_dok_subtyp":null,"ref_dok_dokumentnamn":"Föredragningslista"},{"referenstyp":"protokollbeslut","uppgift":"2019-02-27","ref_dok_id":"H60956","ref_dok_typ":"prot","ref_dok_rm":"2018/19","ref_dok_bet":"56","ref_dok_titel":"Protokoll 2018/19:56 Onsdagen den 27 februari","ref_dok_subtitel":null,"ref_dok_subtyp":null,"ref_dok_dokumentnamn":"Protokoll"},{"referenstyp":"rskr","uppgift":null,"ref_dok_id":"H60K135","ref_dok_typ":"rskr","ref_dok_rm":"2018/19","ref_dok_bet":"135","ref_dok_titel":"Riksdagsskrivelse 2018/19:135","ref_dok_subtitel":null,"ref_dok_subtyp":"rskr","ref_dok_dokumentnamn":"Riksdagsskrivelse"},{"referenstyp":"talarlista","uppgift":"talarlista 2018/19:20190227 Onsdag den 27 februari 2019 (preliminär)","ref_dok_id":"H60J20190227","ref_dok_typ":"t-lista","ref_dok_rm":"2018/19","ref_dok_bet":"20190227","ref_dok_titel":"Onsdag den 27 februari 2019 (preliminär)","ref_dok_subtitel":null,"ref_dok_subtyp":null,"ref_dok_dokumentnamn":"Talarlista"}]},"debatt":null}}