{"dokumentstatus":{"dokument":{"hangar_id":"5003618","dok_id":"H601FiU16","rm":"2018/19","beteckning":"FiU16","typ":"bet","subtyp":"bet","doktyp":"bet","typrubrik":"Betänkande 2018/19:FiU16","dokumentnamn":"Betänkande","debattnamn":"Debatt om förslag","tempbeteckning":"","organ":"FiU","mottagare":"","nummer":"16","slutnummer":"0","datum":"2018-11-13 00:00:00","systemdatum":"2018-11-21 22:29:09","publicerad":"2018-09-24 13:56:58","titel":"Förbättrade förutsättningar för effektiv resolution av banker","subtitel":"","status":"Webbpublicering","htmlformat":"html","relaterat_id":"","source":"RIM","sourceid":"f016edf7-6238-4556-a243-680eddb15acf","dokument_url_text":"http://data.riksdagen.se/dokument/H601FiU16/text","dokument_url_html":"http://data.riksdagen.se/dokument/H601FiU16","dokumentstatus_url_xml":"http://data.riksdagen.se/dokumentstatus/H601FiU16","utskottsforslag_url_xml":"http://data.riksdagen.se/utskottsforslag/H601FiU16","html":"<style><!--\r\n .w600px{width: 600px;font-family:Verdana, Geneva, sans-serif}\r\nh2.dtyp{font-size:1.5em !important;} \r\n/********************************************************************************************************/\r\n/* Styles for D:\\Logs\\DocumentConverter\\\\Output_ae05d1e4-eb52-4cf1-925f-b29f14d2e3e8\\HTML\\Dokument.html */\r\n/* Generated by Aspose.Words for .NET 15.3.0.0                                                          */\r\n/********************************************************************************************************/\r\n\r\n@page Section1 { size:467.8pt 686.05pt; margin:45.35pt 102.05pt 73.7pt 70.85pt }\r\ndiv.Section1 { page:Section1 }\r\nzbody { text-align:justify; line-height:12.5pt; font-family:'Verdana'; font-size:9.5pt }\r\nzh1, h2, h3, h4, h5, h6, p { margin:3.1pt 0pt 0pt }\r\nzli, table { margin-top:3.1pt; margin-bottom:0pt }\r\nzh1 { margin-top:3.1pt; margin-bottom:12pt; text-align:left; page-break-after:avoid; line-height:12.5pt; font-family:'Verdana'; font-size:16pt; font-weight:normal }\r\nzh2 { margin-top:20pt; margin-bottom:6pt; text-align:left; page-break-inside:avoid; page-break-after:avoid; line-height:12.5pt; font-family:'Verdana'; font-size:13.5pt; font-weight:normal }\r\nzh3 { margin-top:20pt; margin-bottom:3.1pt; text-align:left; page-break-inside:avoid; page-break-after:avoid; line-height:12.5pt; font-family:'Verdana'; font-size:10.5pt; font-weight:bold }\r\nzh4 { margin-top:15pt; margin-bottom:3.1pt; text-align:left; page-break-inside:avoid; page-break-after:avoid; line-height:12.5pt; font-family:'Verdana'; font-size:10.5pt; font-weight:normal; font-style:italic; color:#000000 }\r\nzh5 { margin-top:6.25pt; margin-bottom:0pt; text-align:justify; page-break-inside:avoid; page-break-after:avoid; line-height:12.5pt; font-family:'Verdana'; font-size:9.5pt; font-weight:bold }\r\nzh6 { margin-top:6.25pt; margin-bottom:0pt; text-align:justify; page-break-inside:avoid; page-break-after:avoid; line-height:12.5pt; font-family:'Verdana'; font-size:9.5pt; font-weight:normal; font-style:italic; color:#000000 }\r\n.Heading7 { margin-top:2pt; margin-bottom:0pt; text-align:justify; page-break-inside:avoid; page-break-after:avoid; line-height:12.5pt; font-family:'Verdana'; font-size:9.5pt; font-weight:normal; font-style:italic; color:#243f60 }\r\n.Heading8 { margin-top:2pt; margin-bottom:0pt; text-align:justify; page-break-inside:avoid; page-break-after:avoid; line-height:12.5pt; font-family:'Verdana'; font-size:9pt; font-weight:normal; color:#272727 }\r\n.Heading9 { margin-top:2pt; margin-bottom:0pt; text-align:justify; page-break-inside:avoid; page-break-after:avoid; line-height:12.5pt; font-family:'Verdana'; font-size:9pt; font-weight:normal; font-style:italic; color:#272727 }\r\n.Avsnittsrubrik { margin-top:0pt; margin-bottom:27.7pt; text-align:left; page-break-before:always; page-break-after:avoid; line-height:normal; font-family:'Verdana'; font-size:16pt }\r\n.Avvikandemeningrubrik { margin-top:0pt; margin-bottom:3.1pt; text-align:left; page-break-inside:avoid; page-break-after:avoid; line-height:12.5pt; font-family:'Verdana'; font-size:10.5pt; font-weight:bold }\r\n.BalloonText { margin-top:3.1pt; margin-bottom:0pt; text-align:justify; line-height:normal; font-family:Tahoma; font-size:8pt }\r\n.Bilaga { margin-top:0pt; margin-bottom:0pt; text-align:left; page-break-before:always; page-break-after:avoid; line-height:normal; widows:0; orphans:0; font-family:'Verdana'; font-size:8pt; font-variant:small-caps; text-decoration:underline }\r\n.Bilagerubrik { margin-top:0pt; margin-bottom:17.7pt; text-align:left; page-break-after:auto; line-height:normal; widows:0; orphans:0; font-family:'Verdana'; font-size:16pt }\r\n.Bild-Rubrik { margin-top:8pt; margin-bottom:0pt; text-align:justify; page-break-inside:avoid; page-break-after:avoid; line-height:10pt; font-family:'Verdana'; font-size:9.5pt; font-weight:bold }\r\n.Bild-Underrubrik { margin-top:0pt; margin-bottom:1pt; text-align:left; page-break-inside:avoid; page-break-after:avoid; line-height:8pt; font-family:'Verdana'; font-size:8pt; font-weight:normal; font-style:italic }\r\n.BodyText { margin-top:3.1pt; margin-bottom:0pt; text-align:left; line-height:12.5pt; font-family:'Verdana'; font-size:9.5pt }\r\n.BodyTextIndent2 { margin-top:3.1pt; margin-left:14.15pt; margin-bottom:6pt; text-align:justify; line-height:200%; font-family:'Verdana'; font-size:9.5pt }\r\n.Citatindrag { margin-top:0pt; margin-left:14.2pt; margin-bottom:6.1pt; text-indent:14.2pt; text-align:justify; line-height:10pt; font-family:'Verdana'; font-size:9.5pt }\r\n.CommentText { margin-top:3.1pt; margin-bottom:0pt; text-align:justify; line-height:normal; font-family:'Verdana'; font-size:10pt }\r\n.Deltagare { margin-top:0pt; margin-bottom:0pt; text-align:justify; page-break-inside:avoid; page-break-after:avoid; line-height:9.5pt; font-family:'Verdana'; font-size:9.5pt }\r\n.Diagram-Rubrik { margin-top:8pt; margin-bottom:0pt; text-align:justify; page-break-inside:avoid; page-break-after:avoid; line-height:10pt; font-family:'Verdana'; font-size:9.5pt; font-weight:bold }\r\n.Diagram-Underrubrik { margin-top:0pt; margin-bottom:1pt; text-align:left; page-break-inside:avoid; page-break-after:avoid; line-height:8pt; font-family:'Verdana'; font-size:8pt; font-weight:normal; font-style:italic }\r\n.DokumentRubrik { margin-top:6pt; margin-bottom:24pt; text-align:left; line-height:normal; border-bottom-style:solid; border-bottom-width:0.75pt; border-bottom-color:#000000; padding-bottom:4pt; font-family:'Verdana'; font-size:18pt }\r\n.Dokumentbeteckning { margin-top:0pt; margin-bottom:0pt; text-align:left; page-break-inside:avoid; page-break-after:avoid; line-height:12.5pt; font-family:'Verdana'; font-size:16pt }\r\n.Footer { margin-top:3.1pt; margin-bottom:0pt; text-align:justify; line-height:normal; font-family:'Verdana'; font-size:9.5pt }\r\n.FootnoteText { margin-top:0pt; margin-bottom:0pt; text-align:justify; line-height:8pt; font-family:'Verdana'; font-size:8pt }\r\n.Fotnotstextindrag { margin-top:0pt; margin-left:5.65pt; margin-bottom:0pt; text-align:left; line-height:8pt; font-family:'Verdana'; font-size:8pt }\r\n.Frslagspunkt { margin-top:0pt; margin-bottom:0pt; text-align:left; page-break-inside:avoid; page-break-after:avoid; line-height:12.5pt; font-family:'Verdana'; font-size:9.5pt; font-weight:bold }\r\n.Frslagstext { margin-top:0pt; margin-bottom:0pt; text-align:justify; line-height:12.5pt; font-family:'Verdana'; font-size:9.5pt }\r\n.Frteckningsrubrik { margin-top:9.6pt; margin-bottom:3.1pt; text-align:left; page-break-inside:avoid; page-break-after:avoid; line-height:normal; font-family:'Verdana'; font-size:9.5pt; font-weight:normal; font-style:italic; color:#000000 }\r\n.Grupprubrik { margin-top:6pt; margin-bottom:0pt; text-align:left; page-break-inside:avoid; page-break-after:avoid; line-height:12.5pt; font-family:'Verdana'; font-size:9.5pt; font-style:italic }\r\n.Grupprubrikindrag { margin-top:6pt; margin-left:22.1pt; margin-bottom:0pt; text-align:left; page-break-inside:avoid; page-break-after:avoid; line-height:12.5pt; font-family:'Verdana'; font-size:9.5pt; font-style:italic }\r\n.Header { margin-top:0pt; margin-bottom:0pt; text-align:justify; line-height:normal; font-family:'Verdana'; font-size:7.5pt; font-variant:small-caps }\r\n.Innehllsfrteckning { margin-top:0pt; margin-bottom:17.7pt; text-align:left; page-break-before:always; page-break-after:auto; line-height:normal; font-family:'Verdana'; font-size:16pt }\r\n.Kantrubrik { margin-top:0pt; margin-bottom:0pt; text-align:justify; line-height:normal; font-family:'Verdana'; font-size:7.5pt }\r\n.ListBullet { margin-top:6.25pt; margin-left:17.85pt; margin-bottom:6.25pt; text-indent:-17.85pt; text-align:justify; line-height:12.5pt; font-family:'Verdana'; font-size:9.5pt }\r\n.ListParagraph { margin-top:3.1pt; margin-left:28.35pt; margin-bottom:0pt; text-align:justify; line-height:12.5pt; font-family:'Verdana'; font-size:9.5pt }\r\n.Litentext { margin-top:0pt; margin-bottom:0pt; text-align:justify; line-height:normal; font-family:'Verdana'; font-size:8pt }\r\n.Mellanrubrik { margin-top:11pt; margin-bottom:3.1pt; text-align:left; page-break-after:avoid; line-height:12.5pt; font-family:'Verdana'; font-size:9.5pt; font-style:italic }\r\n.Mellanrum { margin-top:0pt; margin-bottom:0pt; text-align:left; page-break-before:auto; page-break-after:auto; line-height:1pt; widows:0; orphans:0; font-family:'Verdana'; font-size:1pt; font-variant:small-caps; text-decoration:none; color:#ffffff }\r\n.NormalIndent { margin-top:0pt; margin-bottom:0pt; text-indent:11.35pt; text-align:justify; line-height:12.5pt; font-family:'Verdana'; font-size:9.5pt }\r\n.Normalinskjuten { margin-top:0pt; margin-left:22.1pt; margin-bottom:0pt; text-align:justify; line-height:12.5pt; font-family:'Verdana'; font-size:9.5pt }\r\n.Normalinskjutenindrag { margin-top:0pt; margin-left:22.1pt; margin-bottom:0pt; text-indent:11.35pt; text-align:justify; line-height:12.5pt; font-family:'Verdana'; font-size:9.5pt }\r\n.Normalinskjutenkursiv { margin-top:6pt; margin-bottom:0pt; line-height:normal; font-family:'Verdana'; font-size:10pt; font-style:italic }\r\n.Normalkursiv { margin-top:3.1pt; margin-bottom:0pt; text-align:left; line-height:12.5pt; font-family:'Verdana'; font-size:9.5pt; font-style:italic }\r\n.Normalruta { margin:3.1pt 5.65pt 0pt; text-align:justify; page-break-inside:avoid; page-break-after:avoid; line-height:12.5pt; border-top-style:solid; border-top-width:0.75pt; border-top-color:#000000; border-right-style:solid; border-right-width:0.75pt; border-right-color:#000000; border-left-style:solid; border-left-width:0.75pt; border-left-color:#000000; border-bottom-style:solid; border-bottom-width:0.75pt; border-bottom-color:#000000; padding-top:4pt; padding-right:4pt; padding-left:4pt; padding-bottom:4pt; font-family:'Verdana'; font-size:10.5pt }\r\n.Normalrutafet { margin:3.1pt 5.65pt 0pt; text-align:justify; page-break-inside:avoid; page-break-after:avoid; line-height:12.5pt; border-top-style:solid; border-top-width:0.75pt; border-top-color:#000000; border-right-style:solid; border-right-width:0.75pt; border-right-color:#000000; border-left-style:solid; border-left-width:0.75pt; border-left-color:#000000; border-bottom-style:solid; border-bottom-width:0.75pt; border-bottom-color:#000000; padding-top:4pt; padding-right:4pt; padding-left:4pt; padding-bottom:4pt; font-family:'Verdana'; font-size:10.5pt; font-weight:bold }\r\n.Normalrutaindrag { margin:0pt 5.65pt; text-indent:11.35pt; text-align:justify; page-break-inside:avoid; page-break-after:avoid; line-height:12.5pt; border-top-style:solid; border-top-width:0.75pt; border-top-color:#000000; border-right-style:solid; border-right-width:0.75pt; border-right-color:#000000; border-left-style:solid; border-left-width:0.75pt; border-left-color:#000000; border-bottom-style:solid; border-bottom-width:0.75pt; border-bottom-color:#000000; padding-top:4pt; padding-right:4pt; padding-left:4pt; padding-bottom:4pt; font-family:'Verdana'; font-size:10.5pt }\r\n.Normalutanluftfre { margin-top:0pt; margin-bottom:0pt; text-align:justify; line-height:12.5pt; font-family:'Verdana'; font-size:9.5pt }\r\n.NormalNoll { margin-top:0pt; margin-bottom:3.1pt; text-align:left; line-height:12.5pt; font-family:'Verdana'; font-size:10.5pt; font-weight:bold }\r\n.NumlistaTOC { margin:3.1pt 28.35pt 0pt 0pt; text-indent:0pt; text-align:left; line-height:normal; font-family:'Verdana'; font-size:9.5pt }\r\n.Ordfranden { margin-top:3.1pt; margin-bottom:22pt; text-align:left; page-break-inside:avoid; page-break-after:avoid; line-height:normal; font-family:'Verdana'; font-size:9.5pt; font-style:italic }\r\n.OrtochDatum { margin-top:18pt; margin-bottom:18pt; text-align:left; page-break-inside:avoid; page-break-after:avoid; line-height:normal; font-family:'Verdana'; font-size:9.5pt }\r\n.Punktlistabomb { margin-top:6.25pt; margin-left:14.2pt; margin-bottom:6.25pt; text-indent:-14.2pt; text-align:justify; line-height:12.5pt; font-family:'Verdana'; font-size:9.5pt }\r\n.Punktlistagemener { margin-top:6.25pt; margin-left:14.2pt; margin-bottom:6.25pt; text-indent:-14.2pt; text-align:justify; line-height:12.5pt; font-family:'Verdana'; font-size:9.5pt }\r\n.Punktlistalinje { margin-top:6.25pt; margin-left:14.2pt; margin-bottom:6.25pt; text-indent:-14.2pt; text-align:justify; line-height:12.5pt; font-family:'Verdana'; font-size:9.5pt }\r\n.Punktlistasiffra { margin-top:6.25pt; margin-left:14.2pt; margin-bottom:6.25pt; text-indent:-14.2pt; text-align:justify; line-height:12.5pt; font-family:'Verdana'; font-size:9.5pt }\r\n.PVgnar { margin-top:3.1pt; margin-bottom:26pt; text-align:left; page-break-inside:avoid; page-break-after:avoid; line-height:normal; font-family:'Verdana'; font-size:9.5pt }\r\n.Quote { margin-top:6.1pt; margin-left:14.2pt; margin-bottom:0pt; text-align:justify; line-height:10pt; font-family:'Verdana'; font-size:9.5pt }\r\n.R1 { margin-top:3.1pt; margin-bottom:12pt; text-align:left; page-break-after:avoid; line-height:12.5pt; font-family:'Verdana'; font-size:16pt }\r\n.R1bilaga { margin-top:3.1pt; margin-bottom:12pt; text-align:left; page-break-after:auto; line-height:12.5pt; font-family:'Verdana'; font-size:16pt }\r\n.R2 { margin-top:20pt; margin-bottom:6pt; text-align:left; page-break-inside:avoid; page-break-after:avoid; line-height:12.5pt; font-family:'Verdana'; font-size:13.5pt }\r\n.R3 { margin-top:20pt; margin-bottom:3.1pt; text-align:left; page-break-inside:avoid; page-break-after:avoid; line-height:12.5pt; font-family:'Verdana'; font-size:10.5pt; font-weight:bold }\r\n.R4 { margin-top:15pt; margin-bottom:3.1pt; text-align:left; page-break-inside:avoid; page-break-after:avoid; line-height:12.5pt; font-family:'Verdana'; font-size:10.5pt; font-weight:normal; font-style:italic; color:#000000 }\r\n.R5 { margin-top:6.25pt; margin-bottom:0pt; text-align:justify; page-break-inside:avoid; page-break-after:avoid; line-height:12.5pt; font-family:'Verdana'; font-size:9.5pt; font-weight:bold }\r\n.R6 { margin-top:6.25pt; margin-bottom:0pt; text-align:justify; page-break-inside:avoid; page-break-after:avoid; line-height:12.5pt; font-family:'Verdana'; font-size:9.5pt; font-weight:normal; font-style:italic; color:#000000 }\r\n.Reservationshnvisning { margin-top:0pt; margin-bottom:8pt; text-align:right; line-height:12.5pt; font-family:'Verdana'; font-size:9.5pt; font-style:italic }\r\n.Reservationsrubrik { margin-top:0pt; margin-bottom:3.1pt; text-align:left; page-break-inside:avoid; page-break-after:avoid; line-height:12.5pt; font-family:'Verdana'; font-size:10.5pt; font-weight:bold }\r\n.Rubrik1Dokumentinformation { margin-top:0pt; margin-bottom:0pt; text-align:left; page-break-inside:avoid; page-break-after:avoid; line-height:12.5pt; font-family:'Verdana'; font-size:16pt }\r\n.Rubrik1bilaga { margin-top:0pt; margin-bottom:27.7pt; text-align:left; page-break-after:auto; line-height:12.5pt; font-family:'Verdana'; font-size:16pt }\r\n.Rubrik1medsidhuvud { margin-top:3.1pt; margin-bottom:12pt; text-align:left; page-break-before:always; page-break-after:avoid; line-height:12.5pt; font-family:'Verdana'; font-size:16pt }\r\n.Rubrik1numrerat { margin-top:3.1pt; margin-left:0pt; margin-bottom:12pt; text-indent:0pt; text-align:left; page-break-after:avoid; line-height:12.5pt; font-family:'Verdana'; font-size:16pt }\r\n.Rubrik1numreratmedsidhuvud { margin-top:0pt; margin-left:0pt; margin-bottom:16pt; text-indent:0pt; text-align:left; page-break-before:always; page-break-after:avoid; line-height:normal; font-family:'Verdana'; font-size:16pt }\r\n.Rubrik2bilaga { margin-top:20pt; margin-bottom:6pt; text-align:left; page-break-inside:avoid; page-break-after:avoid; line-height:12.5pt; font-family:'Verdana'; font-size:13.5pt }\r\n.Rubrik2numrerat { margin-top:20pt; margin-left:0pt; margin-bottom:6pt; text-indent:0pt; text-align:left; page-break-inside:avoid; page-break-after:avoid; line-height:12.5pt; font-family:'Verdana'; font-size:13.5pt }\r\n.Rubrik3numrerat { margin-top:20pt; margin-left:0pt; margin-bottom:3.1pt; text-indent:0pt; text-align:left; page-break-inside:avoid; page-break-after:avoid; line-height:12.5pt; font-family:'Verdana'; font-size:10.5pt; font-weight:bold }\r\n.Sammanfattning { margin-top:3.1pt; margin-bottom:12pt; text-align:left; page-break-after:auto; line-height:12.5pt; font-family:'Verdana'; font-size:16pt }\r\n.Sidhuvudhgerstlld { margin-top:0pt; margin-bottom:0pt; text-align:right; line-height:normal; font-family:'Verdana'; font-size:7.5pt; font-variant:small-caps }\r\n.Sidhuvudvnsterstlld { margin-top:0pt; margin-bottom:0pt; text-align:left; line-height:normal; font-family:'Verdana'; font-size:7.5pt; font-variant:small-caps }\r\n.Stdrubrik { margin-top:12pt; margin-bottom:0pt; line-height:12pt; font-family:'Verdana'; font-size:9.5pt; font-weight:bold }\r\n.Srskiltyttranderubrik { margin-top:0pt; margin-bottom:3.1pt; text-align:left; page-break-inside:avoid; page-break-after:avoid; line-height:12.5pt; font-family:'Verdana'; font-size:10.5pt; font-weight:bold }\r\n.TOC1 { margin-top:0pt; margin-right:28.35pt; margin-bottom:0pt; text-align:left; line-height:normal; font-family:'Verdana'; font-size:9.5pt }\r\n.TOC2 { margin:0pt 28.35pt 0pt 5.65pt; text-align:left; line-height:normal; font-family:'Verdana'; font-size:9.5pt }\r\n.TOC3 { margin:0pt 28.35pt 0pt 11.35pt; text-align:left; line-height:normal; font-family:'Verdana'; font-size:9.5pt }\r\n.TOC4 { margin:0pt 28.35pt 0pt 17pt; text-align:left; line-height:normal; font-family:'Verdana'; font-size:9.5pt }\r\n.TOC5 { margin:0pt 28.35pt 0pt 22.7pt; text-align:left; line-height:normal; font-family:'Verdana'; font-size:9.5pt }\r\n.TOC6 { margin-top:0pt; margin-left:47.65pt; margin-bottom:0pt; text-align:left; line-height:normal; font-family:'Verdana'; font-size:9.5pt }\r\n.TOC7 { margin-top:0pt; margin-right:28.35pt; margin-bottom:0pt; text-align:left; line-height:normal; font-family:'Verdana'; font-size:9.5pt }\r\n.TOC8 { margin-top:0pt; margin-right:28.35pt; margin-bottom:0pt; text-align:left; line-height:normal; font-family:'Verdana'; font-size:9.5pt }\r\n.TOC9 { margin-top:0pt; margin-left:8.5pt; margin-bottom:0pt; text-align:left; line-height:normal; font-family:'Verdana'; font-size:9.5pt }\r\n.TOCHeading { margin-top:3.1pt; margin-bottom:9pt; text-align:left; page-break-before:always; page-break-inside:avoid; page-break-after:avoid; line-height:12.5pt; font-family:'Verdana'; font-size:16pt }\r\n.Tabell-Kolumnrubrik { margin-bottom:0pt; line-height:12pt; font-family:'Verdana'; font-size:8pt; font-weight:bold }\r\n.Tabell-Klla { margin-top:2pt; margin-bottom:0pt; line-height:8pt; font-family:'Verdana'; font-size:7pt }\r\n.Tabell-Radrubrik { margin-bottom:0pt; line-height:12pt; font-family:'Verdana'; font-size:8pt }\r\n.Tabell-Rubrik { margin-top:12pt; margin-bottom:3pt; text-align:left; page-break-inside:avoid; page-break-after:avoid; line-height:10pt; font-family:'Verdana'; font-size:9pt; font-weight:bold }\r\n.Tabell-Siffror { margin-bottom:0pt; text-align:right; line-height:12pt; font-family:'Verdana'; font-size:8pt }\r\n.Tabell-Text { margin-bottom:0pt; line-height:12pt; font-family:'Verdana'; font-size:8pt }\r\n.Tabell-Underrubrik { margin-top:0pt; margin-bottom:1pt; text-align:left; page-break-inside:avoid; page-break-after:avoid; line-height:8pt; font-family:'Verdana'; font-size:8pt; font-weight:normal; font-style:italic }\r\n.TableofFigures { margin-top:3.1pt; margin-bottom:0pt; text-align:justify; line-height:normal; font-family:'Verdana'; font-size:9.5pt }\r\n.TillX-utskottet { margin-top:0pt; margin-bottom:12pt; text-align:left; page-break-after:avoid; line-height:12.5pt; font-family:'Verdana'; font-size:16pt }\r\n.Title { margin-top:3.1pt; margin-bottom:1pt; text-align:left; line-height:12pt; font-family:'Verdana'; font-size:20pt; letter-spacing:-0.5pt }\r\n.Vapen { margin-top:0pt; margin-bottom:0pt; text-align:left; page-break-inside:avoid; page-break-after:avoid; line-height:12.5pt; font-family:'Verdana'; font-size:16pt }\r\n.Yrkandelista { margin-top:3.1pt; margin-left:28.35pt; margin-bottom:0pt; text-indent:-28.35pt; text-align:justify; line-height:12.5pt; font-family:'Verdana'; font-size:9.5pt }\r\n.YrkandelistaEtt { margin-top:3.1pt; margin-left:0pt; margin-bottom:0pt; text-indent:0pt; text-align:justify; line-height:12.5pt; font-family:'Verdana'; font-size:9.5pt }\r\nspan.BallongtextChar { font-family:Tahoma; font-size:8pt }\r\nspan.BilagaChar { font-family:'Verdana'; font-size:8pt; font-variant:small-caps; text-decoration:underline }\r\nspan.BrdtextChar { font-family:'Verdana'; font-size:9.5pt }\r\nspan.BrdtextChar1 { font-family:'Verdana'; font-size:9.5pt }\r\nspan.Brdtextmedindrag2Char { font-family:'Verdana'; font-size:9.5pt }\r\nspan.CitatChar { font-family:'Verdana'; font-size:9.5pt }\r\nspan.DokumentRubrikChar { font-family:'Verdana'; font-size:18pt }\r\nspan.FootnoteReference { vertical-align:super }\r\nspan.FotnotstextChar { font-family:'Verdana'; font-size:8pt }\r\nspan.FotnotstextindragChar { font-family:'Verdana'; font-size:8pt }\r\nspan.FrslagspunktChar { font-family:'Verdana'; font-size:9.5pt; font-weight:bold; font-style:normal }\r\nspan.Hyperlink { text-decoration:none; color:#000000 }\r\nspan.KommentarerChar { font-family:'Verdana'; font-size:10pt }\r\nspan.NormalkursivChar { font-family:'Verdana'; font-size:9.5pt; font-style:italic }\r\nspan.NormaltindragChar { font-family:'Verdana'; font-size:9.5pt }\r\nspan.OrdfrandenChar { font-family:'Verdana'; font-size:9.5pt; font-style:italic }\r\nspan.OrtochDatumChar { font-family:'Verdana'; font-size:9.5pt }\r\nspan.PlaceholderText { color:#808080 }\r\nspan.PVgnarChar { font-family:'Verdana'; font-size:9.5pt }\r\nspan.ReservationshnvisningChar { font-family:'Verdana'; font-size:9.5pt; font-style:italic }\r\nspan.Rubrik1Char { font-family:'Verdana'; font-size:16pt }\r\nspan.Rubrik1DokumentinformationChar { font-family:'Verdana'; font-size:16pt }\r\nspan.Rubrik2Char { font-family:'Verdana'; font-size:13.5pt }\r\nspan.Rubrik3Char { font-family:'Verdana'; font-size:10.5pt; font-weight:bold }\r\nspan.Rubrik4Char { font-family:'Verdana'; font-size:10.5pt; font-style:italic; color:#000000 }\r\nspan.Rubrik5Char { font-family:'Verdana'; font-size:9.5pt; font-weight:bold }\r\nspan.Rubrik6Char { font-family:'Verdana'; font-size:9.5pt; font-style:italic; color:#000000 }\r\nspan.Rubrik7Char { font-family:'Verdana'; font-size:9.5pt; font-style:italic; color:#243f60 }\r\nspan.Rubrik8Char { font-family:'Verdana'; font-size:9pt; color:#272727 }\r\nspan.Rubrik9Char { font-family:'Verdana'; font-size:9pt; font-style:italic; color:#272727 }\r\nspan.RubrikChar { font-family:'Verdana'; font-size:20pt; letter-spacing:-0.5pt }\r\nspan.SidfotChar { font-family:'Verdana'; font-size:9.5pt }\r\nspan.SidhuvudChar { font-family:'Verdana'; font-size:7.5pt; font-variant:small-caps }\r\nspan.Tabell-Upphjttecken { font-family:'Verdana'; font-variant:normal; text-decoration:none; text-transform:none; vertical-align:super; display:inline }\r\nspan.VapenChar { font-family:'Verdana'; font-size:16pt }\r\nspan.tBilagaJA { color:#000000 }\r\nspan.tSidrubrikJA { color:#000000 }\r\n.TableGrid {  }\r\n--></style>\r\n\r\n\t\t<div class=\"Section1\">\r\n\t\t\t<table cellspacing=\"0\" cellpadding=\"0\" style=\"border-collapse:collapse; margin-left:0pt\">\r\n\t\t\t\t<tr style=\"height:79.4pt\">\r\n\t\t\t\t\t<td style=\"vertical-align:top; width:297.7pt\">\r\n\t\t\t\t\t\t<p class=\"Rubrik1Dokumentinformation\" style=\"margin-top:0pt; margin-bottom:0pt; text-align:left; page-break-inside:avoid; page-break-after:avoid; line-height:16pt\">\r\n\t\t\t\t\t\t\t<span style=\"font-family:'Verdana'; font-size:16pt; -aw-sdt-tag:ccUtskott; -aw-sdt-title:'utskottsnamn Dokumentegenskap'\">Finansutskottet</span><span style=\"font-family:'Verdana'; font-size:16pt; -aw-sdt-tag:ccS; -aw-sdt-title:s\">s</span><span style=\"font-family:'Verdana'; font-size:16pt; -aw-sdt-tag:ccMellanslag; -aw-sdt-title:Mellanslag\"> </span><a name=\"Utlatande\"></a><span style=\"font-family:'Verdana'; font-size:16pt\">betänkande</span>\r\n\t\t\t\t\t\t</p>\r\n\t\t\t\t\t\t<p class=\"Dokumentbeteckning\" style=\"margin-top:0pt; margin-bottom:0pt; text-align:left; page-break-inside:avoid; page-break-after:avoid; line-height:16pt\">\r\n\t\t\t\t\t\t\t<span style=\"font-family:'Verdana'; font-size:16pt; -aw-sdt-tag:ccRiksmote; -aw-sdt-title:'riksmote Dokumentegenskap'\">2018/19</span><span style=\"font-family:'Verdana'; font-size:16pt; -aw-sdt-tag:ccKolon; -aw-sdt-title:Kolon\">:</span><a name=\"Utskottebeteckning\"></a><span style=\"font-family:'Verdana'; font-size:16pt\">FiU16</span>\r\n\t\t\t\t\t\t</p>\r\n\t\t\t\t\t\t<p class=\"Rubrik1Dokumentinformation\" style=\"margin-top:0pt; margin-bottom:0pt; text-align:left; page-break-inside:avoid; page-break-after:avoid; line-height:16pt\">\r\n\t\t\t\t\t\t\t<span style=\"font-family:'Verdana'; font-size:16pt\"> </span>\r\n\t\t\t\t\t\t</p>\r\n\t\t\t\t\t</td>\r\n\t\t\t\t</tr>\r\n\t\t\t</table>\r\n\t\t\t<p class=\"DokumentRubrik\" style=\"-aw-sdt-tag:ccDokumentrubrik; -aw-sdt-title:'dokumentrubrik Dokumentegenskap'\">\r\n\t\t\t\t<span>Förbättrade förutsättningar för effektiv resolution av banker</span>\r\n\t\t\t</p>\r\n\t\t\t<h1>\r\n\t\t\t\t<a name=\"_Toc529878257\"><span>Sammanfattning</span></a>\r\n\t\t\t</h1>\r\n\t\t\t<p>\r\n\t\t\t\t<span>Utskottet ställer sig bakom regeringens lagförslag, vilket innebär att </span><span>det </span><span>inför</span><span>s en ny fordringsklass i den svenska förmånsrättsordningen. Fordringar i den nya fordringsklassen ska medföra rätt till betalning efter oprioriterade fordringar men före efterställda fordringar. Förslaget medför ändringar i förmånsrättslagen och i lagen om resolution. Vidare </span><span>tydliggörs</span><span> </span><span>i lagen om resolution dels turordningen vid tillämpning av skuldnedskrivningsverktyget i fråga om andra efterställda skulder än de relevanta kapitalinstrumenten, dels att skuldnedskrivningsverktyget ska tillämpas på kvalificerade skulder enligt förmånsrättsordningen i omvänd ordning.</span><span> </span><span>Slutligen </span><span>rättas </span><span>vissa felskrivningar i lag</span><span>en om kapitalbuffertar.</span>\r\n\t\t\t</p>\r\n\t\t\t<p class=\"NormalIndent\">\r\n\t\t\t\t<span>Lagändringarna föreslås träda i kraft den 29 december 2018.</span>\r\n\t\t\t</p>\r\n\t\t\t<p class=\"R4\">\r\n\t\t\t\t<span>Behandlade förslag</span>\r\n\t\t\t</p>\r\n\t\t\t<p>\r\n\t\t\t\t<span>Proposition 2017/18:292 Förbättrade förutsättningar för effektiv resolution av banker.</span>\r\n\t\t\t</p>\r\n\t\t\t<p class=\"Innehllsfrteckning\">\r\n\t\t\t\t<a name=\"Innehållsförteckning\"></a><span class=\"tSidrubrikJA\">Innehållsförteckning</span>\r\n\t\t\t</p>\r\n\t\t\t<p class=\"TOC1\">\r\n\t\t\t\t<a style=\"color:#000000\" href=\"#_Toc529878257\"><span class=\"Hyperlink\">Sammanfattning</span></a>\r\n\t\t\t</p>\r\n\t\t\t<p class=\"TOC1\">\r\n\t\t\t\t<a style=\"color:#000000\" href=\"#_Toc529878258\"><span class=\"Hyperlink\">Utskottets förslag till riksdagsbeslut</span></a>\r\n\t\t\t</p>\r\n\t\t\t<p class=\"TOC1\">\r\n\t\t\t\t<a style=\"color:#000000\" href=\"#_Toc529878259\"><span class=\"Hyperlink\">Redogörelse för ärendet</span></a>\r\n\t\t\t</p>\r\n\t\t\t<p class=\"TOC2\" style=\"margin-bottom:0pt\">\r\n\t\t\t\t<a style=\"color:#000000\" href=\"#_Toc529878260\"><span class=\"Hyperlink\">Ärendet och dess beredning</span></a>\r\n\t\t\t</p>\r\n\t\t\t<p class=\"TOC2\" style=\"margin-top:0pt\">\r\n\t\t\t\t<a style=\"color:#000000\" href=\"#_Toc529878261\"><span class=\"Hyperlink\">Bakgrund</span></a>\r\n\t\t\t</p>\r\n\t\t\t<p class=\"TOC1\">\r\n\t\t\t\t<a style=\"color:#000000\" href=\"#_Toc529878262\"><span class=\"Hyperlink\">Utskottets överväganden</span></a>\r\n\t\t\t</p>\r\n\t\t\t<p class=\"TOC2\">\r\n\t\t\t\t<a style=\"color:#000000\" href=\"#_Toc529878263\"><span class=\"Hyperlink\">Förbättrade förutsättningar för effektiv resolution av banker</span></a>\r\n\t\t\t</p>\r\n\t\t\t<p class=\"TOC8\">\r\n\t\t\t\t<span class=\"Hyperlink\" style=\"font-style:italic\">Bilaga 1</span><br /><a style=\"color:#000000\" href=\"#_Toc529878264\"><span class=\"Hyperlink\">Förteckning över behandlade förslag</span></a>\r\n\t\t\t</p>\r\n\t\t\t<p class=\"TOC9\">\r\n\t\t\t\t<a style=\"color:#000000\" href=\"#_Toc529878265\"><span class=\"Hyperlink\">Propositionen</span></a>\r\n\t\t\t</p>\r\n\t\t\t<p class=\"TOC8\">\r\n\t\t\t\t<span class=\"Hyperlink\" style=\"font-style:italic\">Bilaga 2</span><br /><a style=\"color:#000000\" href=\"#_Toc529878266\"><span class=\"Hyperlink\">Regeringens lagförslag</span></a>\r\n\t\t\t</p>\r\n\t\t\t<p>\r\n\t\t\t</p>\r\n\t\t\t<p>\r\n\t\t\t\t<span> </span>\r\n\t\t\t</p>\r\n\t\t\t<p class=\"NormalIndent\">\r\n\t\t\t\t<span> </span>\r\n\t\t\t</p>\r\n\t\t\t<p class=\"Avsnittsrubrik\">\r\n\t\t\t\t<a name=\"StopCC\"></a><a name=\"_Toc529878258\"><span style=\"-aw-bookmark-end:StopCC\"></span><span class=\"tSidrubrikJA\">Utskottets förslag till riksdagsbeslut</span></a>\r\n\t\t\t</p>\r\n\t\t\t<p class=\"Mellanrum\">\r\n\t\t\t\t<span> </span>\r\n\t\t\t</p>\r\n\t\t\t<p class=\"Mellanrum\">\r\n\t\t\t\t<span> </span>\r\n\t\t\t</p>\r\n\t\t\t<table cellspacing=\"0\" cellpadding=\"0\" style=\"border-collapse:collapse; margin-left:0pt; width:294.2pt\">\r\n\t\t\t\t<tr>\r\n\t\t\t\t\t<td style=\"vertical-align:top; width:22pt\">\r\n\t\t\t\t\t\t<p style=\"margin-top:3.1pt; margin-bottom:0pt; text-align:justify; page-break-inside:avoid; page-break-after:avoid; line-height:12.5pt\">\r\n\t\t\t\t\t\t\t<span style=\"font-family:'Verdana'; font-size:10.5pt; font-weight:bold\">Förbättrade förutsättningar för effektiv resolution av banker</span>\r\n\t\t\t\t\t\t</p>\r\n\t\t\t\t\t</td>\r\n\t\t\t\t</tr>\r\n\t\t\t</table>\r\n\t\t\t<p class=\"Normalutanluftfre\" style=\"-aw-sdt-tag:'dokumentavsnitt/utskottets förslag till riksdagsbeslut/878582112/1542110594525'; -aw-sdt-title:'utskottets förslag till riksdagsbeslut'\">\r\n\t\t\t\t<span>Riksdagen</span><span> </span><span>antar</span><span> </span><span>regeringens förslag till</span>\r\n\t\t\t</p>\r\n\t\t\t<p class=\"NormalIndent\" style=\"-aw-sdt-tag:'dokumentavsnitt/utskottets förslag till riksdagsbeslut/878582112/1542110594525'; -aw-sdt-title:'utskottets förslag till riksdagsbeslut'\">\r\n\t\t\t\t<span>1. lag om ändring i förmånsrättslagen (1970:979),</span>\r\n\t\t\t</p>\r\n\t\t\t<p class=\"NormalIndent\" style=\"-aw-sdt-tag:'dokumentavsnitt/utskottets förslag till riksdagsbeslut/878582112/1542110594525'; -aw-sdt-title:'utskottets förslag till riksdagsbeslut'\">\r\n\t\t\t\t<span>2. lag om ändring i lagen (2014:966) om kapitalbuffertar,</span>\r\n\t\t\t</p>\r\n\t\t\t<p class=\"NormalIndent\" style=\"-aw-sdt-tag:'dokumentavsnitt/utskottets förslag till riksdagsbeslut/878582112/1542110594525'; -aw-sdt-title:'utskottets förslag till riksdagsbeslut'\">\r\n\t\t\t\t<span>3. lag om ändring i lagen (2015:1016) om resolution.</span>\r\n\t\t\t</p>\r\n\t\t\t<p class=\"NormalIndent\" style=\"text-indent:11.3pt; -aw-sdt-tag:'dokumentavsnitt/utskottets förslag till riksdagsbeslut/878582112/1542110594525'; -aw-sdt-title:'utskottets förslag till riksdagsbeslut'\">\r\n\t\t\t\t<span>Därmed bifaller riksdagen proposition 2017/18:292 punkterna 1–3.</span>\r\n\t\t\t</p>\r\n\t\t\t<p class=\"Mellanrum\" style=\"-aw-sdt-tag:'dokumentavsnitt/utskottets förslag till riksdagsbeslut/878582112/1542110594525'; -aw-sdt-title:'utskottets förslag till riksdagsbeslut'\">\r\n\t\t\t\t<span> </span>\r\n\t\t\t</p>\r\n\t\t\t<p class=\"OrtochDatum\" style=\"-aw-sdt-tag:'dokumentavsnitt/utskottets förslag till riksdagsbeslut/878582112/1542110594525'; -aw-sdt-title:'utskottets förslag till riksdagsbeslut'\">\r\n\t\t\t\t<span>Stockholm den 13 november 2018</span>\r\n\t\t\t</p>\r\n\t\t\t<p class=\"PVgnar\" style=\"-aw-sdt-tag:'dokumentavsnitt/utskottets förslag till riksdagsbeslut/878582112/1542110594525'; -aw-sdt-title:'utskottets förslag till riksdagsbeslut'\">\r\n\t\t\t\t<span>På finansutskottets vägnar</span>\r\n\t\t\t</p>\r\n\t\t\t<p class=\"Ordfranden\" style=\"-aw-sdt-tag:'dokumentavsnitt/utskottets förslag till riksdagsbeslut/878582112/1542110594525'; -aw-sdt-title:'utskottets förslag till riksdagsbeslut'\">\r\n\t\t\t\t<span>Elisabeth Svantesson</span>\r\n\t\t\t</p>\r\n\t\t\t<p class=\"Deltagare\" style=\"-aw-sdt-tag:'dokumentavsnitt/utskottets förslag till riksdagsbeslut/878582112/1542110594525'; -aw-sdt-title:'utskottets förslag till riksdagsbeslut'\">\r\n\t\t\t\t<span>Följande ledamöter har deltagit i beslutet: Elisabeth Svantesson (M), Fredrik Olovsson (S), Gunilla Carlsson (S), Niklas Wykman (M), Adnan Dibrani (S), Emil Källström (C), Ulla Andersson (V), Jessika Roswall (M), Dennis Dioukarev (SD), Ingela Nylund Watz (S), Jakob Forssmed (KD), Ingemar Nilsson (S), Mats Persson (L), Sven-Olof Sällström (SD), Janine Alm Ericson (MP), Jan Ericson (M) och Charlotte Quensel (SD).</span>\r\n\t\t\t</p>\r\n\t\t\t<p class=\"Mellanrum\" style=\"-aw-sdt-tag:'dokumentavsnitt/utskottets förslag till riksdagsbeslut/878582112/1542110594525'; -aw-sdt-title:'utskottets förslag till riksdagsbeslut'\">\r\n\t\t\t\t<span> </span>\r\n\t\t\t</p>\r\n\t\t\t<p class=\"Mellanrum\" style=\"-aw-sdt-tag:'dokumentavsnitt/utskottets förslag till riksdagsbeslut/878582112/1542110594525'; -aw-sdt-title:'utskottets förslag till riksdagsbeslut'\">\r\n\t\t\t\t<span> </span>\r\n\t\t\t</p>\r\n\t\t\t<p class=\"Mellanrum\" style=\"-aw-sdt-tag:'dokumentavsnitt/utskottets förslag till riksdagsbeslut/878582112/1542110594525'; -aw-sdt-title:'utskottets förslag till riksdagsbeslut'\">\r\n\t\t\t\t<span style=\"font-size:9.5pt\"> </span>\r\n\t\t\t</p>\r\n\t\t\t<p>\r\n\t\t\t\t<span> </span>\r\n\t\t\t</p>\r\n\t\t\t<p class=\"Avsnittsrubrik\">\r\n\t\t\t\t<a name=\"SlutUtskottsForslag\"></a><a name=\"_Toc529878259\"><span style=\"-aw-bookmark-end:SlutUtskottsForslag\"></span><span class=\"tSidrubrikJA\">Redogörelse för ärendet</span></a>\r\n\t\t\t</p>\r\n\t\t\t<h2>\r\n\t\t\t\t<a name=\"_Toc529878260\"><span>Ärendet och dess beredning</span></a>\r\n\t\t\t</h2>\r\n\t\t\t<p>\r\n\t\t\t\t<span>Den 12 december 2017 antogs Europaparlamentets och rådets direktiv (EU) 2017/2399 om ändring av direktiv 2014/59/EU vad gäller rangordningen av skuldinstrument utan säkerhet i en insolvenshierarki, kallat ändringsdirektivet.</span>\r\n\t\t\t</p>\r\n\t\t\t<p class=\"NormalIndent\">\r\n\t\t\t\t<span>I proposition 2017/18</span><span>:292</span><span> Förbättrade förutsättningar för effektiv resolution av banker föreslår regeringen att riksdagen antar de förslag till ändringar i förmånsrättslagen (1970:979), lagen (2014:966) om kapitalbuffertar och lagen (2015:1016) om resolution som lagts fram i propositionen. Regeringens förslag till riksdagsbeslut återges i bilaga 1. Regeringens lagförslag finns i bilaga 2. Lagförs</span><span>laget har granskats av Lagrådet, som inte hade några invändningar</span><span>.</span>\r\n\t\t\t</p>\r\n\t\t\t<p class=\"NormalIndent\">\r\n\t\t\t\t<span>Under förhandlingarna av EU-direktivet lämnade regeringen en faktapromemoria till riksdagen (2016/17:FPM39).</span>\r\n\t\t\t</p>\r\n\t\t\t<p class=\"NormalIndent\">\r\n\t\t\t\t<span>Den 17 januari 2017 hölls överläggning med finansmarknadsminister Per Bolund om förslaget.</span>\r\n\t\t\t</p>\r\n\t\t\t<p class=\"NormalIndent\">\r\n\t\t\t\t<span>Det har inte väckts några motioner</span><span> med anledning av propositionen.</span>\r\n\t\t\t</p>\r\n\t\t\t<h2 style=\"margin-bottom:0pt\">\r\n\t\t\t\t<a name=\"_Toc529878261\"><span>Bakgrund</span></a>\r\n\t\t\t</h2>\r\n\t\t\t<p class=\"R3\" style=\"margin-top:6pt; margin-bottom:0pt\">\r\n\t\t\t\t<span>Krishanteringsregelverket</span>\r\n\t\t\t</p>\r\n\t\t\t<p>\r\n\t\t\t\t<span>I kölvattnet efter finanskrisen 2008 tvingades regeringar runt om i världen att lämna ekonomiskt stöd till banker e</span><span>ftersom det saknades lämpliga ramar för att hantera banker i kris</span><span>.</span><span> För att öka motståndskraften hos banker i EU, minska riskerna för framtida finanskriser och minska kostnaderna för skattebetalarna i händelse av en fina</span><span>nskris, genomfördes en genomgri</span><span>pande reform som bl.a. </span><span>resu</span><span>lterade i det s.k. krishanteringsdirektivet</span><a name=\"_ftnref1\"></a><a href=\"#_ftn1\"><span class=\"FootnoteReference\" style=\"font-size:6.33pt\">[1]</span></a><span>.</span><span> </span><span>Genom krishanteringsdirektivet introducerades ett särskilt förfarande för att rekonstruera eller avveckla vissa finansiella företag </span><span>–</span><span> </span><span>framför allt banker – i kris, som ett alternativ till normala insolvensförfaranden (likvidation eller konkurs) när dessa skulle medföra stora samhällsekonomiska kostnader. Detta förfarande kallas resolution.</span>\r\n\t\t\t</p>\r\n\t\t\t<p class=\"NormalIndent\">\r\n\t\t\t\t<span>Krishanteringsdirektivet genomförs i svensk rätt framför allt </span><span>genom</span><span> lagen (2015:10</span><span>16) om resolution</span><span> (prop. 2015/16:5).</span>\r\n\t\t\t</p>\r\n\t\t\t<p class=\"R4\">\r\n\t\t\t\t<span>Resolution</span>\r\n\t\t\t</p>\r\n\t\t\t<p>\r\n\t\t\t\t<span>Reglerna om resolution innebär s</span><span>om hu</span><span>vudregel</span><span> att</span><span> en bank </span><span>ska </span><span>försättas </span><span>i resolution om banken fallerar eller sannolikt kommer att falle</span><span>ra om</span><span> det inte finns några alternativa åtgärder som inom rimlig tid skulle avhjälpa eller förhindra fallissemang</span><span> och </span><span>om </span><span>resolu</span><span>tion ligger i det allmännas intresse</span><span> (t.ex. för att skydda kritiska verksamheter, skydda offentliga medel eller upprätthålla den finansiella stabiliteten). Resolution innebär att ägare och borgenärer ska bära förluster i den mån det är möjligt. </span><span>Vid</span><span> resolution ska garanterade insättningar skyddas</span><span>,</span><span> och ingen borgenär ska få ett sämre utfall än </span><span>vad </span><span>som hade varit fallet i konkurs eller likvidation. Förenklat uttryckt innebär resolution att resolutionsmyndigheten (i Sverige Riksgäldskontoret) får ta kontroll över en bank i kris </span><span>för</span><span> att rekonstruera eller avveckla verksamheten.</span>\r\n\t\t\t</p>\r\n\t\t\t<p class=\"R4\">\r\n\t\t\t\t<span>Skuldnedskrivningsverktyget</span>\r\n\t\t\t</p>\r\n\t\t\t<p>\r\n\t\t\t\t<span>Skuldnedskrivningsverktyget är ett centralt verktyg i resolution</span><span> och gör</span><span> det möjligt för Riksgäldskontoret att, efter att ägarna har burit sin del av förlusterna, skriva ned skulder eller konvertera skulder till eget kapital </span><span>för</span><span> att låta borgenärerna bära sin del av förlusterna. Verktyget kan alltså användas för att absorbera förluster och återkapitalisera en bank i kris, så att bankens livskraft kan återställas.</span>\r\n\t\t\t</p>\r\n\t\t\t<p class=\"R4\">\r\n\t\t\t\t<span>Kvalificerade skulder</span>\r\n\t\t\t</p>\r\n\t\t\t<p>\r\n\t\t\t\t<span>För att nedskrivning eller konvertering av skulder (skuldinstrument) till eget kapital ska kunna ske</span><span> måste det finnas en tillräcklig mängd nedskrivnings- och konverterbara skulder i banken. Skuldnedskrivningsverktyget kan i princip tillämpas på alla skulder som inte har undantagits från verktygets tillämpningso</span><span>mråde. Sådana</span><span> skulder kallas kvalificerade skulder. De </span><span>ingår inte i kapitalbasen och </span><span>är skulder </span><span>som av olika skäl inte </span><span>anses olämpliga att skriva ned eller konvertera.</span>\r\n\t\t\t</p>\r\n\t\t\t<p class=\"R4\">\r\n\t\t\t\t<span>Minimikravet på </span><span>nedskrivningsbara skulder</span>\r\n\t\t\t</p>\r\n\t\t\t<p>\r\n\t\t\t\t<span>För att säkerställa att en tillräcklig mängd nedskrivnings- och konverteringsbara skulder finns i banke</span><span>rna</span><span> ska bankerna uppfylla </span><span>minimikrav</span><span>et på nedskrivningsbara skulder (m</span><span>inimum </span><span>r</span><span>equirement for own funds and </span><span>eligible l</span><span>iabilities, MREL). För att skulder ska kunna beaktas för att uppfylla MREL är det inte tillräckligt att skulderna ä</span><span>r kvalificerade utan </span><span>de måste även uppfylla vissa villkor. De kvalificerade skulder som uppfyller dessa villkor benämns medräkningsbara kvalificerade skulder. MREL anger hur stora bankens medräkningsbara kvalificerade skulder och kapitalbas minst måste vara i förhållande till bankens totala skulder och kapitalbas. Riksgäldskontoret beslutar om MREL som ska uppfyllas av en bank på såväl individuell nivå som gruppnivå. Riksgäldskontoret får besluta att MREL ska uppfyllas med vissa typer av kvalificerade skulder.</span>\r\n\t\t\t</p>\r\n\t\t\t<p>\r\n\t\t\t\t<span> </span>\r\n\t\t\t</p>\r\n\t\t\t<p class=\"R3\" style=\"margin-top:6pt; margin-bottom:0pt\">\r\n\t\t\t\t<span>Kapitaltäckningsregelverket</span>\r\n\t\t\t</p>\r\n\t\t\t<p>\r\n\t\t\t\t<span>Regleringen</span><span> MREL har många beröringspunkter med kapital</span><span>-</span><span>täckningsregelverket</span><a name=\"_ftnref2\"></a><a href=\"#_ftn2\"><span class=\"FootnoteReference\" style=\"font-size:6.33pt\">[2]</span></a><span>. Kapitaltäckningsregelverket fastslår förenklat uttryckt hur mycket kapital en bank måste ha för att kunna absorbera eventuella förluster.</span>\r\n\t\t\t</p>\r\n\t\t\t<p class=\"NormalIndent\">\r\n\t\t\t\t<span>Nuvarande kapitalkrav beräknas i förhållande till bankens risker. Bankens samlade kapitalkrav ska täckas av kapitalbasen, som förenklat består av bankens egna kapital och skuldinstrument som måste uppfylla särskilda villkor. Kapitalbasens delar benämns kapitalbasinstrument och utgörs av </span>\r\n\t\t\t</p>\r\n\t\t\t<p class=\"Punktlistabomb\" style=\"margin-left:14.2pt; margin-bottom:0pt; text-indent:-14.2pt\">\r\n\t\t\t\t<span style=\"font-family:'Verdana'; font-size:10pt\">•</span><span style=\"font:7.0pt 'Verdana'\">       </span><span>kärnprimärkapital (eget kapital efter vissa avdrag)</span>\r\n\t\t\t</p>\r\n\t\t\t<p class=\"Punktlistabomb\" style=\"margin-top:0pt; margin-left:14.2pt; margin-bottom:0pt; text-indent:-14.2pt\">\r\n\t\t\t\t<span style=\"font-family:'Verdana'; font-size:10pt\">•</span><span style=\"font:7.0pt 'Verdana'\">       </span><span>primärkapitaltillskott (kapitalinstrument som uppfyller villkoren i artikel 52.1 i tillsynsförordningen)</span>\r\n\t\t\t</p>\r\n\t\t\t<p class=\"Punktlistabomb\" style=\"margin-top:0pt; margin-left:14.2pt; text-indent:-14.2pt\">\r\n\t\t\t\t<span style=\"font-family:'Verdana'; font-size:10pt\">•</span><span style=\"font:7.0pt 'Verdana'\">       </span><span>supplementärkapital (kapitalinstrument och efterställda lån som uppfyller villkoren i artikel 63 i tillsynsförordningen).</span>\r\n\t\t\t</p>\r\n\t\t\t<p>\r\n\t\t\t\t<span> </span>\r\n\t\t\t</p>\r\n\t\t\t<p class=\"R3\" style=\"margin-top:6pt; margin-bottom:0pt\">\r\n\t\t\t\t<span>Bankpaketet</span>\r\n\t\t\t</p>\r\n\t\t\t<p>\r\n\t\t\t\t<span>I november 2016 presenterade Europeiska kommissionen ett paket med förslag om ändringar och kompletteringar av kapitaltäcknings- och krishanteringsregelverken för banker, det s.k. bankpaketet. Det syftar till att på EU-nivå genomföra riskreducerande åtgärder som bygger på överenskomna globala standarder och därigenom öka bankernas motståndskraft.</span>\r\n\t\t\t</p>\r\n\t\t\t<p class=\"NormalIndent\">\r\n\t\t\t\t<span>Ändringsdirektivet är</span><span> en del av detta paket. Ett separat direktiv om en ny fordringsklass i de nationella förmånsrättsordningarna har motiverats med hänsyn till den särskilda karaktären hos de frågor som berörs och det brådskande behovet av harmoniserade EU-regler för att förhindra varje ytterligare snedvridning av konkurrensen på den inre marknaden.</span>\r\n\t\t\t</p>\r\n\t\t\t<p class=\"R4\">\r\n\t\t\t\t<span>Införande av ett minimikrav på total förlustabsorberin</span><span>gsförmåga </span><span>och omarbetningar av MREL</span>\r\n\t\t\t</p>\r\n\t\t\t<p>\r\n\t\t\t\t<span>Rådet för finansiell stabilitet (Financial Stability Board) offentliggjorde i november 2015 en global standard, minimikravet på total förlustabsor</span><span>beringsförmåga (total loss-absorbing c</span><span>apacity, TLAC), vilken godkändes av G20-länderna samma månad. TLAC är ett s.k. siffersatt minimikrav som träffar globalt systemviktiga banker. Det innebär ett krav på </span><span>att dessa banker ska</span><span> ha en viss mängd skulder som uppfyller vissa villkor. Standarden är inte bindande</span><span>,</span><span> men G20-länderna har en</span><span>ats om att TLAC ska fasas in fr.o.m.</span><span> den 1 januari 2019. </span><span>I bankpaketet föreslås att TLAC ska genomföras på EU-nivå i tillsynsförordningen.</span>\r\n\t\t\t</p>\r\n\t\t\t<p class=\"NormalIndent\">\r\n\t\t\t\t<span>I likhet med MREL syftar TLAC till att möjliggöra en ändamålsenlig tillämpning av skuldnedskrivningsverktyget. Medan TLAC </span><span>ä</span><span>r ett siffersatt krav </span><span>ä</span><span>r MREL ett individuellt krav som beslutas av Riksgäldskontoret. Även för globalt systemviktiga banker ska Riksgäldskontoret under vissa förutsättningar kunna fatta beslut om MREL. Enligt förslaget ska de omarbetade bestämmelserna om MREL vara kvar i krishanteringsdirektivet.</span>\r\n\t\t\t</p>\r\n\t\t\t<p class=\"R4\">\r\n\t\t\t\t<span>Kvalificerade skulder</span>\r\n\t\t\t</p>\r\n\t\t\t<p>\r\n\t\t\t\t<span>Förslagen om ändringar i krishanteringsdirektivet och tillsynsförordningen kommer att påverka terminol</span><span>ogin i lagen om resolution</span><span>. Uttrycket kvalificerade skulder kommer t.ex. att få en ny innebörd.</span><span> Definitionen av kvalificerade skulder i krishanteringsdirektivet kommer enligt förslagen att ändras till nedskrivningsbara skulder som uppfyller villkoren i artikel 45b eller, i tillämpliga fall, artikel 45g</span><span>.</span><span>3</span><span> </span><span>a</span><span>,</span><span> medan det som i dag betecknas kvalificerade skulder kommer att definieras som nedskrivningsbara skulder.</span>\r\n\t\t\t</p>\r\n\t\t\t<p class=\"NormalIndent\">\r\n\t\t\t\t<span>Villkoren för att skulder ska kunna beaktas för att uppfylla TLAC och MREL kommer att tas in i tillsynsförordningen och krishanteringsdirektivet.</span>\r\n\t\t\t</p>\r\n\t\t\t<p class=\"R4\">\r\n\t\t\t\t<span>Krav på efterställning</span>\r\n\t\t\t</p>\r\n\t\t\t<p>\r\n\t\t\t\t<span>I kommissionens förslag till genomförande av TLAC uppställs, i enligh</span><span>et med den globala TLAC-standar</span><span>den, krav på att globalt systemviktiga banker, med vissa undantag, ska uppfylla TLAC med skulder, där fordringar som motsvarar dessa skulder enligt förmånsrättsordningen ska medföra rätt till betalning efter s.k. oprioriterade fordringar. Det uttrycks som ett krav på efterställning.</span><span> Kravet på efterställning är således ett villkor för att skulder ska kunna beaktas för att uppfylla TLAC.</span>\r\n\t\t\t</p>\r\n\t\t\t<p class=\"R4\">\r\n\t\t\t\t<span>En harmonisering av nationella förmånsrättsordningar</span>\r\n\t\t\t</p>\r\n\t\t\t<p>\r\n\t\t\t\t<span>Ändringsdirektivet innebär i korthet ett krav på att medlemsstaterna i sina nationella förmånsrättsordningar skapar en ny klass för fordringar som hänför sig till skuldinstrument som ska kunna beaktas för att uppfylla TLAC och MREL. Det har ansetts nödvändigt med harmoniserade regler. Ändringsdirektivet syftar också till att underlätta för bankerna att uppfylla kr</span><span>avet på efterställning i TLAC, </span><span>och i förekommande fall MREL, minska risken för att bryta mot principen att ingen borgenär ska få ett sämre utfall än </span><span>vad </span><span>som </span><span>hade </span><span>varit fallet i konkurs eller likvidation samt underlätta och effektivisera resolution.</span>\r\n\t\t\t</p>\r\n\t\t\t<p class=\"R3\">\r\n\t\t\t\t<span>Den svenska förmånsrättsordningen</span>\r\n\t\t\t</p>\r\n\t\t\t<p>\r\n\t\t\t\t<span>Förmånsrättsordningen vid konkurs och utmätning framgår i huvudsak av förmånsrätt</span><span>slagen (1970:979)</span><span>.</span><span> När det gäller förmånsrättsordningen vid konkurs görs skillnad mellan fordringar med särskild eller allmän förmånsrätt och fordringar utan förmånsrätt.</span>\r\n\t\t\t</p>\r\n\t\t\t<p class=\"NormalIndent\">\r\n\t\t\t\t<span>Sammanfattningsvis har den svenska förmånsrättsordningen getts följande utformning:</span>\r\n\t\t\t</p>\r\n\t\t\t<ol type=\"1\" style=\"margin:0pt; padding-left:0pt\">\r\n\t\t\t\t<li class=\"Punktlistasiffra\" style=\"margin-left:12.12pt; margin-bottom:0pt; text-indent:0pt; padding-left:2.03pt; font-family:'Verdana'; font-size:9.5pt\">\r\n\t\t\t\t\t<span style=\"font-family:'Verdana'; font-size:9.5pt\">fordringar med särskild förmånsrätt, t.ex. säkerställda obligationer</span>\r\n\t\t\t\t</li>\r\n\t\t\t\t<li class=\"Punktlistasiffra\" style=\"margin-top:0pt; margin-left:12.12pt; margin-bottom:0pt; text-indent:0pt; padding-left:2.03pt; font-family:'Verdana'; font-size:9.5pt\">\r\n\t\t\t\t\t<span style=\"font-family:'Verdana'; font-size:9.5pt\">fordringar med allmän förmånsrätt, t.ex. garanterade insättningar</span>\r\n\t\t\t\t</li>\r\n\t\t\t\t<li class=\"Punktlistasiffra\" style=\"margin-top:0pt; margin-left:12.12pt; text-indent:0pt; padding-left:2.03pt; font-family:'Verdana'; font-size:9.5pt\">\r\n\t\t\t\t\t<span style=\"font-family:'Verdana'; font-size:9.5pt\">fordringar utan förmånsrätt:</span>\r\n\t\t\t\t</li>\r\n\t\t\t</ol>\r\n\t\t\t<ol type=\"a\" style=\"margin:0pt; padding-left:0pt\">\r\n\t\t\t\t<li class=\"Punktlistagemener\" style=\"margin-left:25.74pt; margin-bottom:0pt; text-indent:0pt; line-height:115%; padding-left:2.56pt; font-family:'Verdana'; font-size:9.5pt\">\r\n\t\t\t\t\t<span style=\"font-family:'Verdana'; font-size:9.5pt\">oprioriterade fordringar, t.ex.</span><span style=\"font-family:'Verdana'; font-size:9.5pt\"> vanliga fordringar, fordringar som är derivat eller innefattar derivat och kvalificerade in</span><span style=\"font-family:'Verdana'; font-size:9.5pt\">­</span><span style=\"font-family:'Verdana'; font-size:9.5pt\">sättningar utan allmän förmånsrätt</span>\r\n\t\t\t\t</li>\r\n\t\t\t\t<li class=\"Punktlistagemener\" style=\"margin-top:0pt; margin-left:26.28pt; margin-bottom:0pt; text-indent:0pt; line-height:115%; padding-left:2.03pt; font-family:'Verdana'; font-size:9.5pt\">\r\n\t\t\t\t\t<span style=\"font-family:'Verdana'; font-size:9.5pt\">efterställda fordringar, t.ex. övriga primärkapi</span><span style=\"font-family:'Verdana'; font-size:9.5pt\">t</span><span style=\"font-family:'Verdana'; font-size:9.5pt\">al</span><span style=\"font-family:'Verdana'; font-size:9.5pt\">­</span><span style=\"font-family:'Verdana'; font-size:9.5pt\">instru</span><span style=\"font-family:'Verdana'; font-size:9.5pt\">­</span><span style=\"font-family:'Verdana'; font-size:9.5pt\">ment, supple</span><span style=\"font-family:'Verdana'; font-size:9.5pt\">mentärkapitalinstrument och andra efter</span><span style=\"font-family:'Verdana'; font-size:9.5pt\">­</span><span style=\"font-family:'Verdana'; font-size:9.5pt\">ställda fordringar</span>\r\n\t\t\t\t</li>\r\n\t\t\t\t<li class=\"Punktlistagemener\" style=\"margin-top:0pt; margin-left:25.74pt; margin-bottom:0pt; text-indent:0pt; line-height:115%; padding-left:2.56pt; font-family:'Verdana'; font-size:9.5pt\">\r\n\t\t\t\t\t<span style=\"font-family:'Verdana'; font-size:9.5pt\">böter m.m.</span>\r\n\t\t\t\t</li>\r\n\t\t\t</ol>\r\n\t\t\t<p class=\"Punktlistagemener\" style=\"margin-top:0pt; margin-left:14.2pt; text-indent:-14.2pt\">\r\n\t\t\t\t<span> </span>\r\n\t\t\t</p>\r\n\t\t\t<p class=\"R3\" style=\"margin-top:6pt\">\r\n\t\t\t\t<span>Turordningen vid tillämpning av skuldnedskrivningsverktyget</span>\r\n\t\t\t</p>\r\n\t\t\t<p>\r\n\t\t\t\t<span>Turordningen vid tillämpning av skuldnedskrivningsverkt</span><span>yget regleras i 21 kap. 15 § lagen om resolution</span><span> enligt följande:</span>\r\n\t\t\t</p>\r\n\t\t\t<p style=\"margin-top:6pt\">\r\n\t\t\t\t<span>Relevanta kapitalinstrument</span>\r\n\t\t\t</p>\r\n\t\t\t<ol type=\"1\" style=\"margin:0pt; padding-left:0pt\">\r\n\t\t\t\t<li class=\"Punktlistasiffra\" style=\"margin-left:12.12pt; margin-bottom:0pt; text-indent:0pt; line-height:115%; padding-left:2.03pt; font-family:'Verdana'; font-size:9.5pt\">\r\n\t\t\t\t\t<span style=\"font-family:'Verdana'; font-size:9.5pt\">övriga primärkapitalinstrument, dvs. vissa skulder som ingår i kapitalbasen och som motsvarar efterställda fordringar (efterställda skulder)</span>\r\n\t\t\t\t</li>\r\n\t\t\t\t<li class=\"Punktlistasiffra\" style=\"margin-top:0pt; margin-left:12.12pt; text-indent:0pt; line-height:115%; padding-left:2.03pt; font-family:'Verdana'; font-size:9.5pt\">\r\n\t\t\t\t\t<span style=\"font-family:'Verdana'; font-size:9.5pt\">supplementärkapitalinstrument, dvs. vissa efterställda skulder som ingår i kapitalbasen.</span>\r\n\t\t\t\t</li>\r\n\t\t\t</ol>\r\n\t\t\t<p style=\"margin-top:0pt\">\r\n\t\t\t\t<span>Kvalificerade skulder</span>\r\n\t\t\t</p>\r\n\t\t\t<ol start=\"3\" type=\"1\" style=\"margin:0pt; padding-left:0pt\">\r\n\t\t\t\t<li class=\"Punktlistasiffra\" style=\"margin-left:12.12pt; margin-bottom:0pt; text-indent:0pt; line-height:115%; padding-left:2.03pt; font-family:'Verdana'; font-size:9.5pt\">\r\n\t\t\t\t\t<span style=\"font-family:'Verdana'; font-size:9.5pt\">efterställda skulder som inte ingår i kapitalbasen</span>\r\n\t\t\t\t</li>\r\n\t\t\t\t<li class=\"Punktlistasiffra\" style=\"margin-top:0pt; margin-left:12.12pt; margin-bottom:0pt; text-indent:0pt; line-height:115%; padding-left:2.03pt; font-family:'Verdana'; font-size:9.5pt\">\r\n\t\t\t\t\t<span style=\"font-family:'Verdana'; font-size:9.5pt\">skulder som motsvarar oprioriterade fordringar</span>\r\n\t\t\t\t</li>\r\n\t\t\t\t<li class=\"Punktlistasiffra\" style=\"margin-top:0pt; margin-left:12.12pt; text-indent:0pt; line-height:115%; padding-left:2.03pt; font-family:'Verdana'; font-size:9.5pt\">\r\n\t\t\t\t\t<span style=\"font-family:'Verdana'; font-size:9.5pt\">skulder som motsvarar kvalificerade insättningar med allmän förmånsrätt, dvs. kvalificerade insättningar som inte utgör garanterade insättningar och som avser fysiska personer och små och medelstora företag samt insättningar via filialer utanför EES till svenska institut.</span>\r\n\t\t\t\t</li>\r\n\t\t\t</ol>\r\n\t\t\t<p class=\"Avsnittsrubrik\">\r\n\t\t\t\t<a name=\"_Toc529878262\"><span class=\"tSidrubrikJA\">Utskottets överväganden</span></a>\r\n\t\t\t</p>\r\n\t\t\t<h2>\r\n\t\t\t\t<a name=\"_Toc529878263\"><span style=\"-aw-sdt-tag:098d15fb-b58a-4fd8-bd56-3f27cafcea21/förslagsrutor/186854551/1538737754647; -aw-sdt-title:förslagsrutor\">Förbättrade förutsättningar för effektiv resolution av banker</span></a><span style=\"-aw-sdt-tag:098d15fb-b58a-4fd8-bd56-3f27cafcea21/förslagsrutor/186854551/1538737754647; -aw-sdt-title:förslagsrutor\"> </span>\r\n\t\t\t</h2>\r\n\t\t\t<div style=\"border-bottom-color:#000000; border-bottom-style:solid; border-bottom-width:0.75pt; border-left-color:#000000; border-left-style:solid; border-left-width:0.75pt; border-right-color:#000000; border-right-style:solid; border-right-width:0.75pt; border-top-color:#000000; border-top-style:solid; border-top-width:0.75pt; clear:both; margin:3.1pt 0.9pt 0pt\">\r\n\t\t\t\t<p class=\"Normalrutafet\" style=\"margin:0pt; padding-right:4pt; padding-left:4pt\">\r\n\t\t\t\t\t<span>Utskottets förslag i korthet</span>\r\n\t\t\t\t</p>\r\n\t\t\t\t<p class=\"Normalruta\" style=\"margin:0pt; padding-right:4pt; padding-left:4pt; padding-bottom:4pt\">\r\n\t\t\t\t\t<span>Riksdagen</span><span> antar regeringens förslag till ändringar i förmånsrättslagen, lagen om kapitalbuffertar och lagen om resolution. Förslagen innebär i huvudsak att det införs en ny fordringsklass i den svenska förmånsrättsordningen.</span>\r\n\t\t\t\t</p>\r\n\t\t\t</div>\r\n\t\t\t<p class=\"Mellanrum\">\r\n\t\t\t\t<span> </span>\r\n\t\t\t</p>\r\n\t\t\t<p class=\"R3\" style=\"margin-bottom:0pt\">\r\n\t\t\t\t<span>Propositionen</span>\r\n\t\t\t</p>\r\n\t\t\t<p class=\"R4\" style=\"margin-top:6pt\">\r\n\t\t\t\t<span>En ny fordringsklass i förmånsrättsordningen</span>\r\n\t\t\t</p>\r\n\t\t\t<p>\r\n\t\t\t\t<span>Artikel 1.2 i ändringsdirektivet innebär att artikel 108 i krishanteringsdirektivet ges en ny utformning. Enligt artikel 108.2 och 108.3 i krishanteringsdirektivet i dess nya lydelse ska medlemsstaterna införa en ny fordringsklass i de nationella förmånsrättsordningarna. Med utgångspunkt i den svenska förmånsrättsordningen ska fordringar i den nya fordringsklassen medföra rätt till betalning efter oprioriterade fordringar (18 § första stycket förs</span><span>ta meningen förmånsrättslagen</span><span>) men före efterställda skulder (18 § f</span><span>örsta stycket andra meningen förmånsrättslagen</span><span>). Fordringar i den nya fordringsklassen ska uppfylla de villko</span><span>r</span><span> som framgår av artikel 108.2 a</span><span>–c i krishanteringsdirektivet i dess nya lydelse. Villkoren syftar till att säkerställa att skuldinstrument som motsvarar fordringar i den nya fordringsklassen uppfyller kvalificeringskriterierna i framtida TLAC (skäl 10 i ändringsdirektivet).</span>\r\n\t\t\t</p>\r\n\t\t\t<p class=\"NormalIndent\">\r\n\t\t\t\t<span>För att uppfylla kraven i ändringsdirektivet föreslår r</span><span>egeringen </span><span>att det inför</span><span>s en ny fordringsklass i den svenska förmånsrättsordningen. Fordringar i den nya fordringsklassen ska medföra rätt till betalning efter oprioriterade fordringar men före efterställda fordringar.</span><span> </span><span>Det gäller fordringar som är hänförliga till skuldin</span><span>s</span><span>trument som inte är derivat eller innefattar derivat och vars ursprungliga löptid är minst ett år, om borgenärens rätt till betalning enligt 18 § första stycket andra meningen förmånsrättslagen för en fordran som är hänförlig till ett sådant instrument framgår av det fordringsavtal och, i förekom</span><span>mande fall, prospekt som avser </span><span>emissionen</span><span> av instrumentet.</span><span> Den nya fordringsklassen bör införas genom ett t</span><span>illägg i 18 § första stycket förmånsrättslagen</span><span>. Villkoren för att fordringar ska vara hänförliga till den nya fordringsklassen bör införas geno</span><span>m ett tillägg i 21 kap. 15 § lagen om resolution</span><span>. Ett sådant tillägg tydliggör de mot den nya fordringsklassen svarande skuldinstrumentens turordning vid tillämpning av </span><span>skuldnedskrivningsverktyget. På så sätt tydliggörs också enligt regeringen att det är fråga om en särreglering </span><span>för</span><span> att genomföra ändringsdirektivet.</span>\r\n\t\t\t</p>\r\n\t\t\t<p class=\"NormalIndent\">\r\n\t\t\t\t<span>Enligt regeringen bör det också tydliggöras i lagtexten att skuldnedskrivningsverktyget ska tillämpas i omvänd förmånsrättsordning. Även turordningen vid tillämpning av skuldnedskrivningsverktyget i fråga om andra efterställda skulder än de relevanta kapitalinstrum</span><span>e</span><span>nten bör tydliggöras i lagtexten</span><span>.</span>\r\n\t\t\t</p>\r\n\t\t\t<p class=\"NormalIndent\">\r\n\t\t\t\t<span>I lagen om resolution </span><span>föreslår regeringen att det tydliggörs dels turordningen vid tillämpning av skuldnedskrivningsverktyget i fråga om andra efterställda skulder än de relevanta kapitalinstrumenten, dels att verktyget ska tillämpas på kvalificerade skulder enligt förmånsrättsordningen i omvänd ordning.</span>\r\n\t\t\t</p>\r\n\t\t\t<p class=\"NormalIndent\">\r\n\t\t\t\t<span>Regeringen föreslår också att vissa felskrivningar i lagen om kapitalbuffertar ska rättas.</span>\r\n\t\t\t</p>\r\n\t\t\t<p class=\"R3\" style=\"margin-bottom:0pt\">\r\n\t\t\t\t<span>Ikraftträdande- och övergångsbestämmelser</span>\r\n\t\t\t</p>\r\n\t\t\t<p>\r\n\t\t\t\t<span>Regeringen föreslår att ändringarna i förmånsrättslagen ska träda i kraft den 29 december 2018. Äldre föreskrifter ska fortfarande gälla för fordringar so</span><span>m</span><span> är hänförliga till skuldinstrument som har emitterats före ikraftträdandet.</span>\r\n\t\t\t</p>\r\n\t\t\t<p class=\"NormalIndent\">\r\n\t\t\t\t<span>Ändringar</span><span>na</span><span> i lagen om kapitalbuffertar och lagen om resolution föreslås träda i kraft den 29 december 2018.</span>\r\n\t\t\t</p>\r\n\t\t\t<p class=\"NormalIndent\">\r\n\t\t\t\t<span>Svenska Bankföreningen efterlyser övergångsbestämmelser till förslaget om en ny förmånsklass i förmånsrättsordningen </span><span>och att förslaget även ska tillämpas på skuldinstrument som har emitterats före ikraftträdandet. Regeringen konstaterar dock att 108.4 i krishanteringsdirektivet i dess nya lydelse innebär att förslaget inte får ges retroaktiv verkan. Den nya regleringen i förmånsrättslagen bör därför avse endast skuldinstrument som emitteras efter ikraftträdandet. Av tydlighetsskäl bör det enligt regeringen införas en övergångsbestämmelse med innebörden att äldre föreskrifter fortfarande gäller för fordringar som är hänförliga till skuldinstrument som har emitterats före ikraftträdandet.</span>\r\n\t\t\t</p>\r\n\t\t\t<p class=\"R3\" style=\"margin-bottom:0pt\">\r\n\t\t\t\t<span>Konsekvensanalys</span>\r\n\t\t\t</p>\r\n\t\t\t<p class=\"R4\" style=\"margin-top:6pt; margin-bottom:0pt\">\r\n\t\t\t\t<span>Offentligfinansiella</span><span> och samhällsekonomiska effekter</span>\r\n\t\t\t</p>\r\n\t\t\t<p>\r\n\t\t\t\t<span>Förslaget om en ny fordringsklass i förmånsrättsordningen har i sig inga offentligfinansiella effekter. Bestämmelserna i krishanteringsregelverket innebär att kostnaderna för att hantera banker i kris i huvudsak kommer att bäras av bankernas ägare och borgenärer</span><span>. Den nya fordringsklassen i förmånsrättsordningen minskar också behovet av att använda medel från resolutionsreserven vid tillämpning av skuldnedskrivningsverktyget.</span>\r\n\t\t\t</p>\r\n\t\t\t<p class=\"R4\">\r\n\t\t\t\t<span>Effekter för finansiella företag</span>\r\n\t\t\t</p>\r\n\t\t\t<p>\r\n\t\t\t\t<span>För icke syste</span><span>mviktiga finansiella företag (ca 170 stycken) har förslaget om en ny fordringsklass i förmånsrättsordningen ingen praktisk betydelse. För systemviktiga finansie</span><span>lla företag (cirka tio </span><span>stycken) har förslaget följande effekter. </span><span>När det gäll</span><span>e</span><span>r</span><span> MREL och framtida TLAC och MREL innebär krav på dessa företag att emittera skuldinstrument i vi</span><span>s</span><span>s utsträckning. Det ökar kostnaderna för bankerna i förhållande till företag som inte träffas av kraven. Kostnaderna kan i sin tur övervältras på företagens kunder</span><span>,</span><span> vilket kan påverka kreditgivningen till privatpersoner och företag. Övervältringseffekterna är dock enligt regeringen mycket svåra att beräkna eftersom förhållandena ser olika ut för olika företag.</span>\r\n\t\t\t</p>\r\n\t\t\t<p class=\"NormalIndent\">\r\n\t\t\t\t<span>Förslaget om en ny fordringsklass i förmånsrättsordningen kan enligt regeringen leda till att kostnaderna för att emittera skuldinstrument för att uppfylla gällande MREL och framtida TLAC och MREL minskar i viss utsträckning</span><span>, </span><span>eftersom förslaget exempelvis gör det möjligt för potentiellt systemviktiga företag att möta kravet på efterställning i framtid</span><span>a TLAC</span><span>,</span><span> och</span><span> i förekommande fall</span><span> MREL</span><span>,</span><span> med skuldinstrument som motsvarar den nya förmånsklassen i förmånsrättsordningen. Skuldinstrument som motsvarar den nya fordringsklassen i förmånsrättsordningen får antas vara billigare än efterställda skulder.</span>\r\n\t\t\t</p>\r\n\t\t\t<p class=\"R4\">\r\n\t\t\t\t<span>Effekter för investerare</span>\r\n\t\t\t</p>\r\n\t\t\t<p>\r\n\t\t\t\t<span>Förslaget gör det möjligt att investera i skuldinstrument som motsvarar den nya fordringsklassen. Den nya fordringsklassen kan enligt regeringen minska risken för att fordringar med bättre rätt – framför allt oprioriterade fordringar – tas i anspråk vid tillämpning av skuldnedskrivningsverktyget. I förhållande till opriorite</span><span>rade fordringar underlättar </span><span>skapandet av den nya fordringsklassen investerarnas riskbedömning.</span>\r\n\t\t\t</p>\r\n\t\t\t<p class=\"R4\">\r\n\t\t\t\t<span>Effekter för myndigheter och domstolar</span>\r\n\t\t\t</p>\r\n\t\t\t<p>\r\n\t\t\t\t<span>Förslaget medför i sig inga ökade kostnader för myndigheter (Riksgäldskontoret och Finansinspektionen) eller domstolarna.</span>\r\n\t\t\t</p>\r\n\t\t\t<p class=\"R4\">\r\n\t\t\t\t<span>Speciella informationsinsatser</span>\r\n\t\t\t</p>\r\n\t\t\t<p>\r\n\t\t\t\t<span>Förslaget innebär att borgenärens rätt till betalning enligt </span><span>förmånsrättslagen</span><span> för en fordran </span><span>som är </span><span>hänförlig till ett skuldinstrument ska framgå av det avtal</span><span>,</span><span> och</span><span> i förekommande fall</span><span> prospekt</span><span>,</span><span> som avser emissionen av instrumentet. Det innebär enligt regeringen att förslaget inte </span><span>leder till</span><span> något behov av speciella informationsinsatser.</span>\r\n\t\t\t</p>\r\n\t\t\t<p class=\"R4\">\r\n\t\t\t\t<span>Alternativa lösningar</span>\r\n\t\t\t</p>\r\n\t\t\t<p>\r\n\t\t\t\t<span>Ändringsdirektivet innebär att det ska införas en ny fordringsklass i de nationella förmånsrättsordningarna. Det innebär att det inte står några alternativa lösningar till buds.</span>\r\n\t\t\t</p>\r\n\t\t\t<p class=\"R4\">\r\n\t\t\t\t<span>Förenlighet med unionsrätten</span>\r\n\t\t\t</p>\r\n\t\t\t<p>\r\n\t\t\t\t<span>Förslaget om en ny fordringsklass i förmånsrättsordningen – som genomför ändringsdirektivet – står </span><span>enligt regeringen </span><span>i överensstämmelse med unionsrätten.</span>\r\n\t\t\t</p>\r\n\t\t\t<p class=\"R3\">\r\n\t\t\t\t<span>Utskottets ställningstagande</span>\r\n\t\t\t</p>\r\n\t\t\t<p>\r\n\t\t\t\t<span>Det har inte väckts några</span><span> motion</span><span>er</span><span> med anledning av propositionen. Utskottet anser att förslagen i propositionen genomför det aktuella direktivet på ett ändamålsenligt sätt</span><span> och</span><span> att riksdagen av de skäl som anförs i propositionen bör anta regeringens lagförslag.</span>\r\n\t\t\t</p>\r\n\t\t\t<p class=\"Bilaga\">\r\n\t\t\t\t<span class=\"tBilagaJA\">Bilaga 1</span>\r\n\t\t\t</p>\r\n\t\t\t<p class=\"Bilagerubrik\">\r\n\t\t\t\t<a name=\"_Toc529878264\"><span class=\"tSidrubrikJA\">Förteckning över behandlade förslag</span></a>\r\n\t\t\t</p>\r\n\t\t\t<p class=\"Rubrik2bilaga\" style=\"-aw-sdt-tag:'dokumentavsnitt/förteckning över behandlade förslag/-1452386352/1538565790823'; -aw-sdt-title:'förteckning över behandlade förslag'\">\r\n\t\t\t\t<a name=\"_Toc529878265\"><span>Propositionen</span></a><span> </span>\r\n\t\t\t</p>\r\n\t\t\t<h4 style=\"-aw-sdt-tag:'dokumentavsnitt/förteckning över behandlade förslag/-1452386352/1538565790823'; -aw-sdt-title:'förteckning över behandlade förslag'\">\r\n\t\t\t\t<span>Proposition 2017/18:292 Förbättrade förutsättningar för effektiv resolution av banker:</span>\r\n\t\t\t</h4>\r\n\t\t\t<p class=\"Yrkandelista\" style=\"margin-bottom:0pt; -aw-sdt-tag:'dokumentavsnitt/förteckning över behandlade förslag/-1452386352/1538565790823'; -aw-sdt-title:'förteckning över behandlade förslag'\">\r\n\t\t\t\t<span>1.</span><span style=\"width:21.22pt; text-indent:0pt; display:inline-block\"></span><span>Riksdagen antar regeringens förslag till lag om ändring i förmånsrättslagen (1970:979).</span>\r\n\t\t\t</p>\r\n\t\t\t<p class=\"Yrkandelista\" style=\"margin-top:0pt; margin-bottom:0pt; -aw-sdt-tag:'dokumentavsnitt/förteckning över behandlade förslag/-1452386352/1538565790823'; -aw-sdt-title:'förteckning över behandlade förslag'\">\r\n\t\t\t\t<span>2.</span><span style=\"width:21.22pt; text-indent:0pt; display:inline-block\"></span><span>Riksdagen antar regeringens förslag till lag om ändring i lagen (2014:966) om kapitalbuffertar.</span>\r\n\t\t\t</p>\r\n\t\t\t<p class=\"Yrkandelista\" style=\"margin-top:0pt; -aw-sdt-tag:'dokumentavsnitt/förteckning över behandlade förslag/-1452386352/1538565790823'; -aw-sdt-title:'förteckning över behandlade förslag'\">\r\n\t\t\t\t<span>3.</span><span style=\"width:21.22pt; text-indent:0pt; display:inline-block\"></span><span>Riksdagen antar regeringens förslag till lag om ändring i lagen (2015:1016) om resolution.</span>\r\n\t\t\t</p>\r\n\t\t\t<p class=\"Mellanrum\">\r\n\t\t\t\t<span> </span>\r\n\t\t\t</p>\r\n\t\t\t<p class=\"Mellanrum\" style=\"-aw-sdt-tag:'dokumentavsnitt/förteckning över behandlade förslag/-1452386352/1538565790823'; -aw-sdt-title:'förteckning över behandlade förslag'\">\r\n\t\t\t\t<span> </span>\r\n\t\t\t</p>\r\n\t\t\t<p>\r\n\t\t\t\t<span> </span>\r\n\t\t\t</p>\r\n\t\t\t<p class=\"Bilaga\">\r\n\t\t\t\t<span class=\"tBilagaJA\">Bilaga 2</span>\r\n\t\t\t</p>\r\n\t\t\t<p class=\"Bilagerubrik\">\r\n\t\t\t\t<a name=\"_Toc529878266\"><span class=\"tSidrubrikJA\">Regeringens lagförslag</span></a>\r\n\t\t\t</p>\r\n\t\t\t<p>\r\n\t\t\t\t<img src=\"http://data.riksdagen.se/fil/h601fiu16/Dokument.001.png\" width=\"394\" height=\"680\" alt=\"\" style=\"-aw-left-pos:0pt; -aw-rel-hpos:column; -aw-rel-vpos:paragraph; -aw-top-pos:0pt; -aw-wrap-type:inline\" />\r\n\t\t\t</p>\r\n\t\t\t<p>\r\n\t\t\t\t<img src=\"http://data.riksdagen.se/fil/h601fiu16/Dokument.002.png\" width=\"391\" height=\"756\" alt=\"\" style=\"-aw-left-pos:0pt; -aw-rel-hpos:column; -aw-rel-vpos:paragraph; -aw-top-pos:0pt; -aw-wrap-type:inline\" />\r\n\t\t\t</p>\r\n\t\t\t<p>\r\n\t\t\t\t<img src=\"http://data.riksdagen.se/fil/h601fiu16/Dokument.003.png\" width=\"394\" height=\"598\" alt=\"\" style=\"-aw-left-pos:0pt; -aw-rel-hpos:column; -aw-rel-vpos:paragraph; -aw-top-pos:0pt; -aw-wrap-type:inline\" />\r\n\t\t\t</p>\r\n\t\t\t<p>\r\n\t\t\t\t<img src=\"http://data.riksdagen.se/fil/h601fiu16/Dokument.004.png\" width=\"393\" height=\"756\" alt=\"\" style=\"-aw-left-pos:0pt; -aw-rel-hpos:column; -aw-rel-vpos:paragraph; -aw-top-pos:0pt; -aw-wrap-type:inline\" />\r\n\t\t\t</p>\r\n\t\t</div>\r\n\t\t<hr style=\"width:33%; height:1px; text-align:left; -aw-footnote-numberstyle:0; -aw-footnote-startnumber:1; -aw-footnote-type:0\" />\r\n\t\t<div id=\"_ftn1\" style=\"-aw-footnote-isauto:1\">\r\n\t\t\t<p class=\"FootnoteText\">\r\n\t\t\t\t<a href=\"#_ftnref1\"><span class=\"FootnoteReference\" style=\"font-size:6.33pt\">[1]</span></a><span> Europaparlamentets och rådets direktiv 2014/59/EU av den 15 maj 2014 om inrättande av en ram för återhämtning och resolution av kreditinstitut och värdepappersföretag och om ändring av rådets direktiv 82/891/EEG och Europaparlamentets och rådets direktiv 2001/24/EG, 2002/47/EG, 2004/25/EG, 2005/56/EG, 2007/36/EG, 2011/35/EU, 2012/30/EU och 2013/36/EU samt Europaparlamentets och rådets förordningar (EU) nr 1093/2010 och (EU) nr 648/2012.</span>\r\n\t\t\t</p>\r\n\t\t</div>\r\n\t\t<div id=\"_ftn2\" style=\"-aw-footnote-isauto:1\">\r\n\t\t\t<p class=\"FootnoteText\">\r\n\t\t\t\t<a href=\"#_ftnref2\"><span class=\"FootnoteReference\" style=\"font-size:6.33pt\">[2]</span></a><span> Europaparlamentets och rådets förordning (EU) nr 575/2013 av den 26 juni 2013 om tillsynskrav för kreditinstitut och värdepappersföretag och om ändring av förordning (EU) nr 648/2012, kallad tillsynsförordningen, och Europaparlamentets och rådets direktiv 2013/36/EU av den 26 juni 2013 om behörighet att utöva verksamhet i kreditinstitut och om särskild tillsyn av kreditinstitut och värdepappersföretag, om ändring av direktiv 2002/87/EG och om upphävande av direktiv 2006/48/EG och 2006/49/EG, kallat kapitaltäckningsdirektivet.</span>\r\n\t\t\t</p>\r\n\t\t</div>\r\n\t"},"dokutskottsforslag":{"utskottsforslag":{"punkt":"1","rubrik":"Förbättrade förutsättningar för effektiv resolution av banker","forslag":"Riksdagen&nbsp;antar&nbsp;regeringens förslag till<br>1. lag om ändring i förmånsrättslagen (1970:979),<br>2. lag om ändring i lagen (2014:966) om kapitalbuffertar,<br>3. lag om ändring i lagen (2015:1016) om resolution.<BR/>Därmed bifaller riksdagen proposition 2017/18:292 punkterna 1-3.<BR/><BR/>","beslutstyp":"acklamation","motforslag_nummer":"0","motforslag_partier":null,"votering_id":null,"votering_sammanfattning_html":null,"votering_url_xml":null,"rm":"2018/19","bet":"FiU16","vinnare":"utskottet"}},"dokaktivitet":{"aktivitet":[{"kod":"UBE","namn":"Beredning","datum":"2018-10-18 00:00:00","status":"inträffat","ordning":"0","process":null},{"kod":"UBE","namn":"Beredning","datum":"2018-11-06 00:00:00","status":"inträffat","ordning":"0","process":null},{"kod":"JUS","namn":"Justering","datum":"2018-11-13 00:00:00","status":"inträffat","ordning":"0","process":null},{"kod":"TRY","namn":"Trycklov","datum":"2018-11-13 00:00:00","status":"inträffat","ordning":"0","process":null},{"kod":"B","namn":"Bordläggning","datum":"2018-11-20 00:00:00","status":"inträffat","ordning":"0","process":null},{"kod":"BEH","namn":"Behandling","datum":"2018-11-21 00:00:00","status":"inträffat","ordning":"0","process":null},{"kod":"BES","namn":"Beslut","datum":"2018-11-21 00:00:00","status":"inträffat","ordning":"0","process":null}]},"dokuppgift":{"uppgift":[{"kod":"notis","namn":"Beslut i korthet","text":"                           <p>Lagar som rör förmånsrätt och turordning vid konkurser ändras för att anpassas till EU:s krishanteringsdirektiv. Förslaget innebär att en ny fordringsklass införs i förmånsrättsordningen, och i vilken ordning den kommer. Dessutom blir det tydligare hur skuldnedskrivningsverktyget ska användas och vilka skulder som ska prioriteras när det gäller så kallade kvalificerade skulder.</p>\r\n<p>Syftet med EU-direktivet är att öka bankernas motståndskraft, minska riskerna för framtida finanskriser och minska kostnaderna för skattebetalarna i händelse av en finanskris.</p>\r\n<p>Riksdagen sa ja till regeringens förslag. Lagändringarna börjar gälla 29 december 2018.</p>\r\n                                            ","dok_id":"H601FiU16","systemdatum":"2018-11-21 16:39:41"},{"kod":"notisrubrik","namn":"Beslut","text":"Lagändringar ska underlätta hanteringen av banker i kris (FiU16)","dok_id":"H601FiU16","systemdatum":"2018-11-21 16:39:41"},{"kod":"utsknotis","namn":"Utskottets förslag till beslut","text":"                           <p>Lagar som rör förmånsrätt och turordning vid konkurser ändras för att anpassas till EU:s krishanteringsdirektiv. Förslaget innebär att en ny fordringsklass införs i förmånsrättsordningen, och i vilken ordning den kommer. Dessutom blir det tydligare hur skuldnedskrivningsverktyget ska användas och vilka skulder som ska prioriteras när det gäller så kallade kvalificerade skulder.</p>\r\n<p>Syftet med EU-direktivet är att öka bankernas motståndskraft, minska riskerna för framtida finanskriser och minska kostnaderna för skattebetalarna i händelse av en finanskris.</p>\r\n<p>Finansutskottet föreslår att riksdagen säger ja till regeringens förslag. Lagändringarna föreslås börja gälla 29 december 2018.</p>\r\n                                            ","dok_id":"H601FiU16","systemdatum":"2018-11-21 16:39:41"},{"kod":"utsknotisrubrik","namn":"Utskottets förslag","text":"Lagändringar ska underlätta hanteringen av banker i kris (FiU16)","dok_id":"H601FiU16","systemdatum":"2018-11-21 16:39:41"},{"kod":"rdbeslut","namn":"Riksdagens beslut","text":"Kammaren biföll utskottets förslag.","dok_id":"H601FiU16","systemdatum":"2018-11-21 16:57:36"},{"kod":"beslutssammanfattningusk","namn":"Utskottets förslag till beslut","text":"Bifall till proposition.","dok_id":"H601FiU16","systemdatum":"2018-11-13 15:46:37"},{"kod":"debattdatumtid","namn":"Datum och tid för debatten","text":"2018-11-21 00:00:00","dok_id":"H601FiU16","systemdatum":"2018-11-21 16:39:41"},{"kod":"beslutdatumtid","namn":"Datum och tid för beslutet","text":"2018-11-21 00:00:00","dok_id":"H601FiU16","systemdatum":"2018-11-21 16:39:41"},{"kod":"statustext","namn":"statustext","text":"Ärendet är avslutat","dok_id":"H601FiU16","systemdatum":"2018-11-22 13:31:36"}]},"dokbilaga":{"bilaga":{"dok_id":"H601FiU16","titel":"Förbättrade förutsättningar för effektiv resolution av banker","subtitel":null,"filnamn":"2018_19_FiU16_20181113154557_Publicering.pdf","filstorlek":"881414","filtyp":"pdf","fil_url":"http://data.riksdagen.se/fil/B6E8AAA0-2875-4BB3-9791-6C8C2E990CD3"}},"dokreferens":{"referens":[{"referenstyp":"behandlar","uppgift":"Proposition 2017/18:292 Förbättrade förutsättningar för effektiv resolution av banker","ref_dok_id":"H503292","ref_dok_typ":"prop","ref_dok_rm":"2017/18","ref_dok_bet":"292","ref_dok_titel":"Förbättrade förutsättningar för effektiv resolution av banker","ref_dok_subtitel":null,"ref_dok_subtyp":"prop","ref_dok_dokumentnamn":"Proposition"},{"referenstyp":"föredragningslista","uppgift":"föredragningslista 2018/19:19 Onsdag den 21 november 2018","ref_dok_id":"H60I19","ref_dok_typ":"f-lista","ref_dok_rm":"2018/19","ref_dok_bet":"19","ref_dok_titel":"Onsdag den 21 november 2018","ref_dok_subtitel":null,"ref_dok_subtyp":null,"ref_dok_dokumentnamn":"Föredragningslista"},{"referenstyp":"protokollbeslut","uppgift":"2018-11-21","ref_dok_id":"H60919","ref_dok_typ":"prot","ref_dok_rm":"2018/19","ref_dok_bet":"19","ref_dok_titel":"Protokoll 2018/19:19 Onsdagen den 21 november","ref_dok_subtitel":null,"ref_dok_subtyp":null,"ref_dok_dokumentnamn":"Protokoll"},{"referenstyp":"rskr","uppgift":null,"ref_dok_id":"H60K38","ref_dok_typ":"rskr","ref_dok_rm":"2018/19","ref_dok_bet":"38","ref_dok_titel":"Riksdagsskrivelse 2018/19:38","ref_dok_subtitel":null,"ref_dok_subtyp":"rskr","ref_dok_dokumentnamn":"Riksdagsskrivelse"}]},"debatt":null}}