{"dokumentstatus":{"dokument":{"hangar_id":"5022667","dok_id":"H601AU11","rm":"2018/19","beteckning":"AU11","typ":"bet","subtyp":"bet","doktyp":"bet","typrubrik":"Betänkande 2018/19:AU11","dokumentnamn":"Betänkande","debattnamn":"Debatt om förslag","tempbeteckning":"","organ":"AU","mottagare":"","nummer":"11","slutnummer":"0","datum":"2019-04-16 00:00:00","systemdatum":"2019-04-25 17:27:47","publicerad":"2019-02-21 09:08:31","titel":"Riksrevisionens rapport om arbetslöshetskassorna, IAF och arbetslöshetsförsäkringen","subtitel":"","status":"Webbpublicering","htmlformat":"html","relaterat_id":"","source":"RIM","sourceid":"9d6b53c3-0d86-4db1-9d3c-0ebaa5ebe088","dokument_url_text":"http://data.riksdagen.se/dokument/H601AU11/text","dokument_url_html":"http://data.riksdagen.se/dokument/H601AU11","dokumentstatus_url_xml":"http://data.riksdagen.se/dokumentstatus/H601AU11","utskottsforslag_url_xml":"http://data.riksdagen.se/utskottsforslag/H601AU11","html":"<style><!--\r\n .w600px{width: 600px;font-family:Verdana, Geneva, sans-serif}\r\nh2.dtyp{font-size:1.5em !important;} \r\n/********************************************************************************************************/\r\n/* Styles for D:\\Logs\\DocumentConverter\\\\Output_844c1113-833c-4dce-b42e-dbfe83737ff4\\HTML\\Dokument.html */\r\n/* Generated by Aspose.Words for .NET 15.3.0.0                                                          */\r\n/********************************************************************************************************/\r\n\r\n@page Section1 { size:467.8pt 686.05pt; margin:45.35pt 102.05pt 73.7pt 70.85pt }\r\ndiv.Section1 { page:Section1 }\r\nzbody { text-align:justify; line-height:12.5pt; font-family:'Verdana'; font-size:9.5pt }\r\nzh1, h2, h3, h4, h5, h6, p { margin:3.1pt 0pt 0pt }\r\nzli, table { margin-top:3.1pt; margin-bottom:0pt }\r\nzh1 { margin-top:3.1pt; margin-bottom:12pt; text-align:left; page-break-after:avoid; line-height:12.5pt; font-family:'Verdana'; font-size:16pt; font-weight:normal }\r\nzh2 { margin-top:20pt; margin-bottom:6pt; text-align:left; page-break-inside:avoid; page-break-after:avoid; line-height:12.5pt; font-family:'Verdana'; font-size:13.5pt; font-weight:normal }\r\nzh3 { margin-top:20pt; margin-bottom:3.1pt; text-align:left; page-break-inside:avoid; page-break-after:avoid; line-height:12.5pt; font-family:'Verdana'; font-size:10.5pt; font-weight:bold }\r\nzh4 { margin-top:15pt; margin-bottom:3.1pt; text-align:left; page-break-inside:avoid; page-break-after:avoid; line-height:12.5pt; font-family:'Verdana'; font-size:10.5pt; font-weight:normal; font-style:italic; color:#000000 }\r\nzh5 { margin-top:6.25pt; margin-bottom:0pt; text-align:justify; page-break-inside:avoid; page-break-after:avoid; line-height:12.5pt; font-family:'Verdana'; font-size:9.5pt; font-weight:bold }\r\nzh6 { margin-top:6.25pt; margin-bottom:0pt; text-align:justify; page-break-inside:avoid; page-break-after:avoid; line-height:12.5pt; font-family:'Verdana'; font-size:9.5pt; font-weight:normal; font-style:italic; color:#000000 }\r\n.Heading7 { margin-top:2pt; margin-bottom:0pt; text-align:justify; page-break-inside:avoid; page-break-after:avoid; line-height:12.5pt; font-family:'Verdana'; font-size:9.5pt; font-weight:normal; font-style:italic; color:#243f60 }\r\n.Heading8 { margin-top:2pt; margin-bottom:0pt; text-align:justify; page-break-inside:avoid; page-break-after:avoid; line-height:12.5pt; font-family:'Verdana'; font-size:9pt; font-weight:normal; color:#272727 }\r\n.Heading9 { margin-top:2pt; margin-bottom:0pt; text-align:justify; page-break-inside:avoid; page-break-after:avoid; line-height:12.5pt; font-family:'Verdana'; font-size:9pt; font-weight:normal; font-style:italic; color:#272727 }\r\n.Avsnittsrubrik { margin-top:0pt; margin-bottom:27.7pt; text-align:left; page-break-before:always; page-break-after:avoid; line-height:normal; font-family:'Verdana'; font-size:16pt }\r\n.Avvikandemeningrubrik { margin-top:0pt; margin-bottom:3.1pt; text-align:left; page-break-inside:avoid; page-break-after:avoid; line-height:12.5pt; font-family:'Verdana'; font-size:10.5pt; font-weight:bold }\r\n.BalloonText { margin-top:3.1pt; margin-bottom:0pt; text-align:justify; line-height:normal; font-family:Tahoma; font-size:8pt }\r\n.Bilaga { margin-top:0pt; margin-bottom:0pt; text-align:left; page-break-before:always; page-break-after:avoid; line-height:normal; widows:0; orphans:0; font-family:'Verdana'; font-size:8pt; font-variant:small-caps; text-decoration:underline }\r\n.Bilagerubrik { margin-top:0pt; margin-bottom:17.7pt; text-align:left; page-break-after:auto; line-height:normal; widows:0; orphans:0; font-family:'Verdana'; font-size:16pt }\r\n.Bild-Rubrik { margin-top:8pt; margin-bottom:0pt; text-align:justify; page-break-inside:avoid; page-break-after:avoid; line-height:10pt; font-family:'Verdana'; font-size:9.5pt; font-weight:bold }\r\n.Bild-Underrubrik { margin-top:0pt; margin-bottom:1pt; text-align:left; page-break-inside:avoid; page-break-after:avoid; line-height:8pt; font-family:'Verdana'; font-size:8pt; font-weight:normal; font-style:italic }\r\n.BodyText { margin-top:3.1pt; margin-bottom:0pt; text-align:left; line-height:12.5pt; font-family:'Verdana'; font-size:9.5pt }\r\n.BodyTextIndent2 { margin-top:3.1pt; margin-left:14.15pt; margin-bottom:6pt; text-align:justify; line-height:200%; font-family:'Verdana'; font-size:9.5pt }\r\n.Citatindrag { margin-top:0pt; margin-left:14.2pt; margin-bottom:6.1pt; text-indent:14.2pt; text-align:justify; line-height:10pt; font-family:'Verdana'; font-size:9.5pt }\r\n.CommentText { margin-top:3.1pt; margin-bottom:0pt; text-align:justify; line-height:normal; font-family:'Verdana'; font-size:10pt }\r\n.Deltagare { margin-top:0pt; margin-bottom:0pt; text-align:justify; page-break-inside:avoid; page-break-after:avoid; line-height:9.5pt; font-family:'Verdana'; font-size:9.5pt }\r\n.Diagram-Rubrik { margin-top:8pt; margin-bottom:0pt; text-align:justify; page-break-inside:avoid; page-break-after:avoid; line-height:10pt; font-family:'Verdana'; font-size:9.5pt; font-weight:bold }\r\n.Diagram-Underrubrik { margin-top:0pt; margin-bottom:1pt; text-align:left; page-break-inside:avoid; page-break-after:avoid; line-height:8pt; font-family:'Verdana'; font-size:8pt; font-weight:normal; font-style:italic }\r\n.DokumentRubrik { margin-top:6pt; margin-bottom:24pt; text-align:left; line-height:normal; border-bottom-style:solid; border-bottom-width:0.75pt; border-bottom-color:#000000; padding-bottom:4pt; font-family:'Verdana'; font-size:18pt }\r\n.Dokumentbeteckning { margin-top:0pt; margin-bottom:0pt; text-align:left; page-break-inside:avoid; page-break-after:avoid; line-height:12.5pt; font-family:'Verdana'; font-size:16pt }\r\n.Footer { margin-top:3.1pt; margin-bottom:0pt; text-align:justify; line-height:normal; font-family:'Verdana'; font-size:9.5pt }\r\n.FootnoteText { margin-top:0pt; margin-bottom:0pt; text-align:justify; line-height:8pt; font-family:'Verdana'; font-size:8pt }\r\n.Fotnotstextindrag { margin-top:0pt; margin-left:5.65pt; margin-bottom:0pt; text-align:left; line-height:8pt; font-family:'Verdana'; font-size:8pt }\r\n.Frslagspunkt { margin-top:0pt; margin-bottom:0pt; text-align:left; page-break-inside:avoid; page-break-after:avoid; line-height:12.5pt; font-family:'Verdana'; font-size:9.5pt; font-weight:bold }\r\n.Frslagstext { margin-top:0pt; margin-bottom:0pt; text-align:justify; line-height:12.5pt; font-family:'Verdana'; font-size:9.5pt }\r\n.Frteckningsrubrik { margin-top:9.6pt; margin-bottom:3.1pt; text-align:left; page-break-inside:avoid; page-break-after:avoid; line-height:normal; font-family:'Verdana'; font-size:9.5pt; font-weight:normal; font-style:italic; color:#000000 }\r\n.Grupprubrik { margin-top:6pt; margin-bottom:0pt; text-align:left; page-break-inside:avoid; page-break-after:avoid; line-height:12.5pt; font-family:'Verdana'; font-size:9.5pt; font-style:italic }\r\n.Grupprubrikindrag { margin-top:6pt; margin-left:22.1pt; margin-bottom:0pt; text-align:left; page-break-inside:avoid; page-break-after:avoid; line-height:12.5pt; font-family:'Verdana'; font-size:9.5pt; font-style:italic }\r\n.Header { margin-top:0pt; margin-bottom:0pt; text-align:justify; line-height:normal; font-family:'Verdana'; font-size:7.5pt; font-variant:small-caps }\r\n.Innehllsfrteckning { margin-top:0pt; margin-bottom:17.7pt; text-align:left; page-break-before:always; page-break-after:auto; line-height:normal; font-family:'Verdana'; font-size:16pt }\r\n.Kantrubrik { margin-top:0pt; margin-bottom:0pt; text-align:justify; line-height:normal; font-family:'Verdana'; font-size:7.5pt }\r\n.ListBullet { margin-top:6.25pt; margin-left:17.85pt; margin-bottom:6.25pt; text-indent:-17.85pt; text-align:justify; line-height:12.5pt; font-family:'Verdana'; font-size:9.5pt }\r\n.ListParagraph { margin-top:3.1pt; margin-left:28.35pt; margin-bottom:0pt; text-align:justify; line-height:12.5pt; font-family:'Verdana'; font-size:9.5pt }\r\n.Litentext { margin-top:0pt; margin-bottom:0pt; text-align:justify; line-height:normal; font-family:'Verdana'; font-size:8pt }\r\n.Mellanrubrik { margin-top:11pt; margin-bottom:3.1pt; text-align:left; page-break-after:avoid; line-height:12.5pt; font-family:'Verdana'; font-size:9.5pt; font-style:italic }\r\n.Mellanrum { margin-top:0pt; margin-bottom:0pt; text-align:left; page-break-before:auto; page-break-after:auto; line-height:1pt; widows:0; orphans:0; font-family:'Verdana'; font-size:1pt; font-variant:small-caps; text-decoration:none; color:#ffffff }\r\n.NormalIndent { margin-top:0pt; margin-bottom:0pt; text-indent:11.35pt; text-align:justify; line-height:12.5pt; font-family:'Verdana'; font-size:9.5pt }\r\n.Normalinskjuten { margin-top:0pt; margin-left:22.1pt; margin-bottom:0pt; text-align:justify; line-height:12.5pt; font-family:'Verdana'; font-size:9.5pt }\r\n.Normalinskjutenindrag { margin-top:0pt; margin-left:22.1pt; margin-bottom:0pt; text-indent:11.35pt; text-align:justify; line-height:12.5pt; font-family:'Verdana'; font-size:9.5pt }\r\n.Normalinskjutenkursiv { margin-top:6pt; margin-bottom:0pt; line-height:normal; font-family:'Verdana'; font-size:10pt; font-style:italic }\r\n.Normalkursiv { margin-top:3.1pt; margin-bottom:0pt; text-align:left; line-height:12.5pt; font-family:'Verdana'; font-size:9.5pt; font-style:italic }\r\n.Normalruta { margin:3.1pt 5.65pt 0pt; text-align:justify; page-break-inside:avoid; page-break-after:avoid; line-height:12.5pt; border-top-style:solid; border-top-width:0.75pt; border-top-color:#000000; border-right-style:solid; border-right-width:0.75pt; border-right-color:#000000; border-left-style:solid; border-left-width:0.75pt; border-left-color:#000000; border-bottom-style:solid; border-bottom-width:0.75pt; border-bottom-color:#000000; padding-top:4pt; padding-right:4pt; padding-left:4pt; padding-bottom:4pt; font-family:'Verdana'; font-size:10.5pt }\r\n.Normalrutafet { margin:3.1pt 5.65pt 0pt; text-align:justify; page-break-inside:avoid; page-break-after:avoid; line-height:12.5pt; border-top-style:solid; border-top-width:0.75pt; border-top-color:#000000; border-right-style:solid; border-right-width:0.75pt; border-right-color:#000000; border-left-style:solid; border-left-width:0.75pt; border-left-color:#000000; border-bottom-style:solid; border-bottom-width:0.75pt; border-bottom-color:#000000; padding-top:4pt; padding-right:4pt; padding-left:4pt; padding-bottom:4pt; font-family:'Verdana'; font-size:10.5pt; font-weight:bold }\r\n.Normalrutaindrag { margin:0pt 5.65pt; text-indent:11.35pt; text-align:justify; page-break-inside:avoid; page-break-after:avoid; line-height:12.5pt; border-top-style:solid; border-top-width:0.75pt; border-top-color:#000000; border-right-style:solid; border-right-width:0.75pt; border-right-color:#000000; border-left-style:solid; border-left-width:0.75pt; border-left-color:#000000; border-bottom-style:solid; border-bottom-width:0.75pt; border-bottom-color:#000000; padding-top:4pt; padding-right:4pt; padding-left:4pt; padding-bottom:4pt; font-family:'Verdana'; font-size:10.5pt }\r\n.Normalutanluftfre { margin-top:0pt; margin-bottom:0pt; text-align:justify; line-height:12.5pt; font-family:'Verdana'; font-size:9.5pt }\r\n.NormalNoll { margin-top:0pt; margin-bottom:3.1pt; text-align:left; line-height:12.5pt; font-family:'Verdana'; font-size:10.5pt; font-weight:bold }\r\n.NumlistaTOC { margin:3.1pt 28.35pt 0pt 0pt; text-indent:0pt; text-align:left; line-height:normal; font-family:'Verdana'; font-size:9.5pt }\r\n.Ordfranden { margin-top:3.1pt; margin-bottom:22pt; text-align:left; page-break-inside:avoid; page-break-after:avoid; line-height:normal; font-family:'Verdana'; font-size:9.5pt; font-style:italic }\r\n.OrtochDatum { margin-top:18pt; margin-bottom:18pt; text-align:left; page-break-inside:avoid; page-break-after:avoid; line-height:normal; font-family:'Verdana'; font-size:9.5pt }\r\n.Punktlistabomb { margin-top:6.25pt; margin-left:14.2pt; margin-bottom:6.25pt; text-indent:-14.2pt; text-align:justify; line-height:12.5pt; font-family:'Verdana'; font-size:9.5pt }\r\n.Punktlistagemener { margin-top:6.25pt; margin-left:14.2pt; margin-bottom:6.25pt; text-indent:-14.2pt; text-align:justify; line-height:12.5pt; font-family:'Verdana'; font-size:9.5pt }\r\n.Punktlistalinje { margin-top:6.25pt; margin-left:14.2pt; margin-bottom:6.25pt; text-indent:-14.2pt; text-align:justify; line-height:12.5pt; font-family:'Verdana'; font-size:9.5pt }\r\n.Punktlistasiffra { margin-top:6.25pt; margin-left:14.2pt; margin-bottom:6.25pt; text-indent:-14.2pt; text-align:justify; line-height:12.5pt; font-family:'Verdana'; font-size:9.5pt }\r\n.PVgnar { margin-top:3.1pt; margin-bottom:26pt; text-align:left; page-break-inside:avoid; page-break-after:avoid; line-height:normal; font-family:'Verdana'; font-size:9.5pt }\r\n.Quote { margin-top:6.1pt; margin-left:14.2pt; margin-bottom:0pt; text-align:justify; line-height:10pt; font-family:'Verdana'; font-size:9.5pt }\r\n.R1 { margin-top:3.1pt; margin-bottom:12pt; text-align:left; page-break-after:avoid; line-height:12.5pt; font-family:'Verdana'; font-size:16pt }\r\n.R1bilaga { margin-top:3.1pt; margin-bottom:12pt; text-align:left; page-break-after:auto; line-height:12.5pt; font-family:'Verdana'; font-size:16pt }\r\n.R2 { margin-top:20pt; margin-bottom:6pt; text-align:left; page-break-inside:avoid; page-break-after:avoid; line-height:12.5pt; font-family:'Verdana'; font-size:13.5pt }\r\n.R3 { margin-top:20pt; margin-bottom:3.1pt; text-align:left; page-break-inside:avoid; page-break-after:avoid; line-height:12.5pt; font-family:'Verdana'; font-size:10.5pt; font-weight:bold }\r\n.R4 { margin-top:15pt; margin-bottom:3.1pt; text-align:left; page-break-inside:avoid; page-break-after:avoid; line-height:12.5pt; font-family:'Verdana'; font-size:10.5pt; font-weight:normal; font-style:italic; color:#000000 }\r\n.R5 { margin-top:6.25pt; margin-bottom:0pt; text-align:justify; page-break-inside:avoid; page-break-after:avoid; line-height:12.5pt; font-family:'Verdana'; font-size:9.5pt; font-weight:bold }\r\n.R6 { margin-top:6.25pt; margin-bottom:0pt; text-align:justify; page-break-inside:avoid; page-break-after:avoid; line-height:12.5pt; font-family:'Verdana'; font-size:9.5pt; font-weight:normal; font-style:italic; color:#000000 }\r\n.Reservationshnvisning { margin-top:0pt; margin-bottom:8pt; text-align:right; line-height:12.5pt; font-family:'Verdana'; font-size:9.5pt; font-style:italic }\r\n.Reservationsrubrik { margin-top:0pt; margin-bottom:3.1pt; text-align:left; page-break-inside:avoid; page-break-after:avoid; line-height:12.5pt; font-family:'Verdana'; font-size:10.5pt; font-weight:bold }\r\n.Rubrik1Dokumentinformation { margin-top:0pt; margin-bottom:0pt; text-align:left; page-break-inside:avoid; page-break-after:avoid; line-height:12.5pt; font-family:'Verdana'; font-size:16pt }\r\n.Rubrik1bilaga { margin-top:0pt; margin-bottom:27.7pt; text-align:left; page-break-after:auto; line-height:12.5pt; font-family:'Verdana'; font-size:16pt }\r\n.Rubrik1medsidhuvud { margin-top:3.1pt; margin-bottom:12pt; text-align:left; page-break-before:always; page-break-after:avoid; line-height:12.5pt; font-family:'Verdana'; font-size:16pt }\r\n.Rubrik1numrerat { margin-top:3.1pt; margin-left:0pt; margin-bottom:12pt; text-indent:0pt; text-align:left; page-break-after:avoid; line-height:12.5pt; font-family:'Verdana'; font-size:16pt }\r\n.Rubrik1numreratmedsidhuvud { margin-top:0pt; margin-left:0pt; margin-bottom:16pt; text-indent:0pt; text-align:left; page-break-before:always; page-break-after:avoid; line-height:normal; font-family:'Verdana'; font-size:16pt }\r\n.Rubrik2bilaga { margin-top:20pt; margin-bottom:6pt; text-align:left; page-break-inside:avoid; page-break-after:avoid; line-height:12.5pt; font-family:'Verdana'; font-size:13.5pt }\r\n.Rubrik2numrerat { margin-top:20pt; margin-left:0pt; margin-bottom:6pt; text-indent:0pt; text-align:left; page-break-inside:avoid; page-break-after:avoid; line-height:12.5pt; font-family:'Verdana'; font-size:13.5pt }\r\n.Rubrik3numrerat { margin-top:20pt; margin-left:0pt; margin-bottom:3.1pt; text-indent:0pt; text-align:left; page-break-inside:avoid; page-break-after:avoid; line-height:12.5pt; font-family:'Verdana'; font-size:10.5pt; font-weight:bold }\r\n.Sammanfattning { margin-top:3.1pt; margin-bottom:12pt; text-align:left; page-break-after:auto; line-height:12.5pt; font-family:'Verdana'; font-size:16pt }\r\n.Sidhuvudhgerstlld { margin-top:0pt; margin-bottom:0pt; text-align:right; line-height:normal; font-family:'Verdana'; font-size:7.5pt; font-variant:small-caps }\r\n.Sidhuvudvnsterstlld { margin-top:0pt; margin-bottom:0pt; text-align:left; line-height:normal; font-family:'Verdana'; font-size:7.5pt; font-variant:small-caps }\r\n.Stdrubrik { margin-top:12pt; margin-bottom:0pt; line-height:12pt; font-family:'Verdana'; font-size:9.5pt; font-weight:bold }\r\n.Srskiltyttranderubrik { margin-top:0pt; margin-bottom:3.1pt; text-align:left; page-break-inside:avoid; page-break-after:avoid; line-height:12.5pt; font-family:'Verdana'; font-size:10.5pt; font-weight:bold }\r\n.TOC1 { margin-top:0pt; margin-right:28.35pt; margin-bottom:0pt; text-align:left; line-height:normal; font-family:'Verdana'; font-size:9.5pt }\r\n.TOC2 { margin:0pt 28.35pt 0pt 5.65pt; text-align:left; line-height:normal; font-family:'Verdana'; font-size:9.5pt }\r\n.TOC3 { margin:0pt 28.35pt 0pt 11.35pt; text-align:left; line-height:normal; font-family:'Verdana'; font-size:9.5pt }\r\n.TOC4 { margin:0pt 28.35pt 0pt 17pt; text-align:left; line-height:normal; font-family:'Verdana'; font-size:9.5pt }\r\n.TOC5 { margin:0pt 28.35pt 0pt 22.7pt; text-align:left; line-height:normal; font-family:'Verdana'; font-size:9.5pt }\r\n.TOC6 { margin-top:0pt; margin-left:47.65pt; margin-bottom:0pt; text-align:left; line-height:normal; font-family:'Verdana'; font-size:9.5pt }\r\n.TOC7 { margin-top:0pt; margin-right:28.35pt; margin-bottom:0pt; text-align:left; line-height:normal; font-family:'Verdana'; font-size:9.5pt }\r\n.TOC8 { margin-top:0pt; margin-right:28.35pt; margin-bottom:0pt; text-align:left; line-height:normal; font-family:'Verdana'; font-size:9.5pt }\r\n.TOC9 { margin-top:0pt; margin-left:8.5pt; margin-bottom:0pt; text-align:left; line-height:normal; font-family:'Verdana'; font-size:9.5pt }\r\n.TOCHeading { margin-top:3.1pt; margin-bottom:9pt; text-align:left; page-break-before:always; page-break-inside:avoid; page-break-after:avoid; line-height:12.5pt; font-family:'Verdana'; font-size:16pt }\r\n.Tabell-Kolumnrubrik { margin-bottom:0pt; line-height:12pt; font-family:'Verdana'; font-size:8pt; font-weight:bold }\r\n.Tabell-Klla { margin-top:2pt; margin-bottom:0pt; line-height:8pt; font-family:'Verdana'; font-size:7pt }\r\n.Tabell-Radrubrik { margin-bottom:0pt; line-height:12pt; font-family:'Verdana'; font-size:8pt }\r\n.Tabell-Rubrik { margin-top:12pt; margin-bottom:3pt; text-align:left; page-break-inside:avoid; page-break-after:avoid; line-height:10pt; font-family:'Verdana'; font-size:9pt; font-weight:bold }\r\n.Tabell-Siffror { margin-bottom:0pt; text-align:right; line-height:12pt; font-family:'Verdana'; font-size:8pt }\r\n.Tabell-Text { margin-bottom:0pt; line-height:12pt; font-family:'Verdana'; font-size:8pt }\r\n.Tabell-Underrubrik { margin-top:0pt; margin-bottom:1pt; text-align:left; page-break-inside:avoid; page-break-after:avoid; line-height:8pt; font-family:'Verdana'; font-size:8pt; font-weight:normal; font-style:italic }\r\n.TableofFigures { margin-top:3.1pt; margin-bottom:0pt; text-align:justify; line-height:normal; font-family:'Verdana'; font-size:9.5pt }\r\n.TillX-utskottet { margin-top:0pt; margin-bottom:12pt; text-align:left; page-break-after:avoid; line-height:12.5pt; font-family:'Verdana'; font-size:16pt }\r\n.Title { margin-top:3.1pt; margin-bottom:1pt; text-align:left; line-height:12pt; font-family:'Verdana'; font-size:20pt; letter-spacing:-0.5pt }\r\n.Vapen { margin-top:0pt; margin-bottom:0pt; text-align:left; page-break-inside:avoid; page-break-after:avoid; line-height:12.5pt; font-family:'Verdana'; font-size:16pt }\r\n.Yrkandelista { margin-top:3.1pt; margin-left:28.35pt; margin-bottom:0pt; text-indent:-28.35pt; text-align:justify; line-height:12.5pt; font-family:'Verdana'; font-size:9.5pt }\r\n.YrkandelistaEtt { margin-top:3.1pt; margin-left:0pt; margin-bottom:0pt; text-indent:0pt; text-align:justify; line-height:12.5pt; font-family:'Verdana'; font-size:9.5pt }\r\nspan.BallongtextChar { font-family:Tahoma; font-size:8pt }\r\nspan.BilagaChar { font-family:'Verdana'; font-size:8pt; font-variant:small-caps; text-decoration:underline }\r\nspan.BrdtextChar { font-family:'Verdana'; font-size:9.5pt }\r\nspan.BrdtextChar1 { font-family:'Verdana'; font-size:9.5pt }\r\nspan.Brdtextmedindrag2Char { font-family:'Verdana'; font-size:9.5pt }\r\nspan.CitatChar { font-family:'Verdana'; font-size:9.5pt }\r\nspan.DokumentRubrikChar { font-family:'Verdana'; font-size:18pt }\r\nspan.FotnotstextChar { font-family:'Verdana'; font-size:8pt }\r\nspan.FotnotstextindragChar { font-family:'Verdana'; font-size:8pt }\r\nspan.FrslagspunktChar { font-family:'Verdana'; font-size:9.5pt; font-weight:bold; font-style:normal }\r\nspan.Hyperlink { text-decoration:none; color:#000000 }\r\nspan.KommentarerChar { font-family:'Verdana'; font-size:10pt }\r\nspan.NormalkursivChar { font-family:'Verdana'; font-size:9.5pt; font-style:italic }\r\nspan.NormaltindragChar { font-family:'Verdana'; font-size:9.5pt }\r\nspan.OrdfrandenChar { font-family:'Verdana'; font-size:9.5pt; font-style:italic }\r\nspan.OrtochDatumChar { font-family:'Verdana'; font-size:9.5pt }\r\nspan.PlaceholderText { color:#808080 }\r\nspan.PVgnarChar { font-family:'Verdana'; font-size:9.5pt }\r\nspan.ReservationshnvisningChar { font-family:'Verdana'; font-size:9.5pt; font-style:italic }\r\nspan.Rubrik1Char { font-family:'Verdana'; font-size:16pt }\r\nspan.Rubrik1DokumentinformationChar { font-family:'Verdana'; font-size:16pt }\r\nspan.Rubrik2Char { font-family:'Verdana'; font-size:13.5pt }\r\nspan.Rubrik3Char { font-family:'Verdana'; font-size:10.5pt; font-weight:bold }\r\nspan.Rubrik4Char { font-family:'Verdana'; font-size:10.5pt; font-style:italic; color:#000000 }\r\nspan.Rubrik5Char { font-family:'Verdana'; font-size:9.5pt; font-weight:bold }\r\nspan.Rubrik6Char { font-family:'Verdana'; font-size:9.5pt; font-style:italic; color:#000000 }\r\nspan.Rubrik7Char { font-family:'Verdana'; font-size:9.5pt; font-style:italic; color:#243f60 }\r\nspan.Rubrik8Char { font-family:'Verdana'; font-size:9pt; color:#272727 }\r\nspan.Rubrik9Char { font-family:'Verdana'; font-size:9pt; font-style:italic; color:#272727 }\r\nspan.RubrikChar { font-family:'Verdana'; font-size:20pt; letter-spacing:-0.5pt }\r\nspan.SidfotChar { font-family:'Verdana'; font-size:9.5pt }\r\nspan.SidhuvudChar { font-family:'Verdana'; font-size:7.5pt; font-variant:small-caps }\r\nspan.Tabell-Upphjttecken { font-family:'Verdana'; font-variant:normal; text-decoration:none; text-transform:none; vertical-align:super; display:inline }\r\nspan.VapenChar { font-family:'Verdana'; font-size:16pt }\r\nspan.tBilagaJA { color:#000000 }\r\nspan.tSidrubrikJA { color:#000000 }\r\n.TableGrid {  }\r\n--></style>\r\n\r\n\t\t<div class=\"Section1\">\r\n\t\t\t<table cellspacing=\"0\" cellpadding=\"0\" style=\"border-collapse:collapse; margin-left:0pt\">\r\n\t\t\t\t<tr style=\"height:79.4pt\">\r\n\t\t\t\t\t<td style=\"vertical-align:top; width:297.7pt\">\r\n\t\t\t\t\t\t<p class=\"Rubrik1Dokumentinformation\" style=\"margin-top:0pt; margin-bottom:0pt; text-align:left; page-break-inside:avoid; page-break-after:avoid; line-height:16pt\">\r\n\t\t\t\t\t\t\t<span style=\"font-family:'Verdana'; font-size:16pt; -aw-sdt-tag:ccUtskott; -aw-sdt-title:'utskottsnamn Dokumentegenskap'\">Arbetsmarknadsutskottet</span><span style=\"font-family:'Verdana'; font-size:16pt; -aw-sdt-tag:ccS; -aw-sdt-title:s\">s</span><span style=\"font-family:'Verdana'; font-size:16pt; -aw-sdt-tag:ccMellanslag; -aw-sdt-title:Mellanslag\"> </span><a name=\"Utlatande\"></a><span style=\"font-family:'Verdana'; font-size:16pt\">betänkande</span>\r\n\t\t\t\t\t\t</p>\r\n\t\t\t\t\t\t<p class=\"Dokumentbeteckning\" style=\"margin-top:0pt; margin-bottom:0pt; text-align:left; page-break-inside:avoid; page-break-after:avoid; line-height:16pt\">\r\n\t\t\t\t\t\t\t<span style=\"font-family:'Verdana'; font-size:16pt; -aw-sdt-tag:ccRiksmote; -aw-sdt-title:'riksmote Dokumentegenskap'\">2018/19</span><span style=\"font-family:'Verdana'; font-size:16pt; -aw-sdt-tag:ccKolon; -aw-sdt-title:Kolon\">:</span><a name=\"Utskottebeteckning\"></a><span style=\"font-family:'Verdana'; font-size:16pt\">AU11</span>\r\n\t\t\t\t\t\t</p>\r\n\t\t\t\t\t\t<p class=\"Rubrik1Dokumentinformation\" style=\"margin-top:0pt; margin-bottom:0pt; text-align:left; page-break-inside:avoid; page-break-after:avoid; line-height:16pt\">\r\n\t\t\t\t\t\t\t<span style=\"font-family:'Verdana'; font-size:16pt\"> </span>\r\n\t\t\t\t\t\t</p>\r\n\t\t\t\t\t</td>\r\n\t\t\t\t</tr>\r\n\t\t\t</table>\r\n\t\t\t<p class=\"DokumentRubrik\" style=\"-aw-sdt-tag:ccDokumentrubrik; -aw-sdt-title:'dokumentrubrik Dokumentegenskap'\">\r\n\t\t\t\t<span>Riksrevisionens rapport om arbetslöshetskassorna, IAF och arbetslöshetsförsäkringen</span>\r\n\t\t\t</p>\r\n\t\t\t<p>\r\n\t\t\t\t<span> </span>\r\n\t\t\t</p>\r\n\t\t\t<p class=\"Sammanfattning\">\r\n\t\t\t\t<span class=\"tSidrubrikJA\">Sammanfattning</span>\r\n\t\t\t</p>\r\n\t\t\t<p>\r\n\t\t\t\t<span>Utskottet föreslår att riksdagen lägger skrivelsen till handlingarna.</span>\r\n\t\t\t</p>\r\n\t\t\t<p class=\"NormalIndent\">\r\n\t\t\t\t<span>Riksrevisionen har granskat likvärdigheten i a</span><span>rbetslöshets</span><span>kassornas tillämpning av arbetslöshetsförsäkringen</span><span> </span><span>(RiR 2018:27)</span><span>.</span><span> </span><span>Utskottet ansluter sig till regeringens och Riksrevisionens bedömning att regelverket i arbetslöshets</span><span>­</span><span>försäkringen behöver förtydligas och </span><span>att man behöver se över IAF:s (Inspektionen för arbetslöshetsförsäkringen) bemyndiganden att meddela föreskrifter</span><span>.</span>\r\n\t\t\t</p>\r\n\t\t\t<p class=\"R4\">\r\n\t\t\t\t<span>Behandlade förslag</span>\r\n\t\t\t</p>\r\n\t\t\t<p>\r\n\t\t\t\t<span>Skrivelse 2018/19</span><span>:51</span><span> Riksrevisionens rapport om arbetslöshetskassorna, IAF och arbetslöshetsförsäkringen</span><span>.</span>\r\n\t\t\t</p>\r\n\t\t\t<p>\r\n\t\t\t\t<span> </span>\r\n\t\t\t</p>\r\n\t\t\t<p class=\"Innehllsfrteckning\">\r\n\t\t\t\t<a name=\"Innehållsförteckning\"></a><span class=\"tSidrubrikJA\">Innehållsförteckning</span>\r\n\t\t\t</p>\r\n\t\t\t<p class=\"TOC1\">\r\n\t\t\t\t<a style=\"color:#000000\" href=\"#_Toc6299555\"><span class=\"Hyperlink\">Utskottets förslag till riksdagsbeslut</span></a>\r\n\t\t\t</p>\r\n\t\t\t<p class=\"TOC1\">\r\n\t\t\t\t<a style=\"color:#000000\" href=\"#_Toc6299556\"><span class=\"Hyperlink\">Redogörelse för ärendet</span></a>\r\n\t\t\t</p>\r\n\t\t\t<p class=\"TOC1\">\r\n\t\t\t\t<a style=\"color:#000000\" href=\"#_Toc6299557\"><span class=\"Hyperlink\">Utskottets överväganden</span></a>\r\n\t\t\t</p>\r\n\t\t\t<p class=\"TOC2\">\r\n\t\t\t\t<a style=\"color:#000000\" href=\"#_Toc6299558\"><span class=\"Hyperlink\">Riksrevisionens rapport om arbetslöshetskassorna, IAF och arbetslöshetsförsäkringen</span></a>\r\n\t\t\t</p>\r\n\t\t\t<p class=\"TOC8\">\r\n\t\t\t\t<span class=\"Hyperlink\" style=\"font-style:italic\">Bilaga</span><br /><a style=\"color:#000000\" href=\"#_Toc6299559\"><span class=\"Hyperlink\">Förteckning över behandlade förslag</span></a>\r\n\t\t\t</p>\r\n\t\t\t<p class=\"TOC9\">\r\n\t\t\t\t<a style=\"color:#000000\" href=\"#_Toc6299560\"><span class=\"Hyperlink\">Skrivelsen</span></a>\r\n\t\t\t</p>\r\n\t\t\t<p>\r\n\t\t\t</p>\r\n\t\t\t<p>\r\n\t\t\t\t<span> </span>\r\n\t\t\t</p>\r\n\t\t\t<p class=\"NormalIndent\">\r\n\t\t\t\t<span> </span>\r\n\t\t\t</p>\r\n\t\t\t<p class=\"Avsnittsrubrik\">\r\n\t\t\t\t<a name=\"_Toc6299555\"></a><a name=\"StopCC\"></a><span class=\"tSidrubrikJA\">Utskottets förslag till riksdagsbeslut</span><span style=\"-aw-bookmark-end:_Toc6299555\"></span>\r\n\t\t\t</p>\r\n\t\t\t<p class=\"Mellanrum\">\r\n\t\t\t\t<span> </span>\r\n\t\t\t</p>\r\n\t\t\t<p class=\"Mellanrum\">\r\n\t\t\t\t<span> </span>\r\n\t\t\t</p>\r\n\t\t\t<table cellspacing=\"0\" cellpadding=\"0\" style=\"border-collapse:collapse; margin-left:0pt; width:294.2pt\">\r\n\t\t\t\t<tr>\r\n\t\t\t\t\t<td style=\"vertical-align:top; width:22pt\">\r\n\t\t\t\t\t\t<p style=\"margin-top:3.1pt; margin-bottom:0pt; text-align:justify; page-break-inside:avoid; page-break-after:avoid; line-height:12.5pt\">\r\n\t\t\t\t\t\t\t<span style=\"font-family:'Verdana'; font-size:10.5pt; font-weight:bold\">Riksrevisionens rapport om arbetslöshetskassorna, IAF och arbetslöshetsförsäkringen</span>\r\n\t\t\t\t\t\t</p>\r\n\t\t\t\t\t</td>\r\n\t\t\t\t</tr>\r\n\t\t\t</table>\r\n\t\t\t<p class=\"Normalutanluftfre\" style=\"-aw-sdt-tag:'dokumentavsnitt/utskottets förslag till riksdagsbeslut/-238128499/1555078661867'; -aw-sdt-title:'utskottets förslag till riksdagsbeslut'\">\r\n\t\t\t\t<span>Riksdagen lägger skrivelse 2018/19:51 till handlingarna.</span>\r\n\t\t\t</p>\r\n\t\t\t<p class=\"Mellanrum\" style=\"-aw-sdt-tag:'dokumentavsnitt/utskottets förslag till riksdagsbeslut/-238128499/1555078661867'; -aw-sdt-title:'utskottets förslag till riksdagsbeslut'\">\r\n\t\t\t\t<span> </span>\r\n\t\t\t</p>\r\n\t\t\t<p class=\"OrtochDatum\" style=\"-aw-sdt-tag:'dokumentavsnitt/utskottets förslag till riksdagsbeslut/-238128499/1555078661867'; -aw-sdt-title:'utskottets förslag till riksdagsbeslut'\">\r\n\t\t\t\t<span>Stockholm den 11 april 2019</span>\r\n\t\t\t</p>\r\n\t\t\t<p class=\"PVgnar\" style=\"-aw-sdt-tag:'dokumentavsnitt/utskottets förslag till riksdagsbeslut/-238128499/1555078661867'; -aw-sdt-title:'utskottets förslag till riksdagsbeslut'\">\r\n\t\t\t\t<span>På arbetsmarknadsutskottets vägnar</span>\r\n\t\t\t</p>\r\n\t\t\t<p class=\"Ordfranden\" style=\"-aw-sdt-tag:'dokumentavsnitt/utskottets förslag till riksdagsbeslut/-238128499/1555078661867'; -aw-sdt-title:'utskottets förslag till riksdagsbeslut'\">\r\n\t\t\t\t<span>Anna Johansson</span>\r\n\t\t\t</p>\r\n\t\t\t<p class=\"Deltagare\" style=\"-aw-sdt-tag:'dokumentavsnitt/utskottets förslag till riksdagsbeslut/-238128499/1555078661867'; -aw-sdt-title:'utskottets förslag till riksdagsbeslut'\">\r\n\t\t\t\t<span>Följande ledamöter har deltagit i beslutet: Anna Johansson (S), Patrik Björck (S), Saila Quicklund (M), Magnus Persson (SD), Helén Pettersson (S), Martin Ådahl (C), Ali Esbati (V), Ebba Hermansson (SD), Johan Andersson (S), Serkan Köse (S), Leila Ali-Elmi (MP), Maria Nilsson (L), Désirée Pethrus (KD), Sven-Olof Sällström (SD) och Johanna Rantsi (M).</span>\r\n\t\t\t</p>\r\n\t\t\t<p class=\"Mellanrum\" style=\"-aw-sdt-tag:'dokumentavsnitt/utskottets förslag till riksdagsbeslut/-238128499/1555078661867'; -aw-sdt-title:'utskottets förslag till riksdagsbeslut'\">\r\n\t\t\t\t<span> </span>\r\n\t\t\t</p>\r\n\t\t\t<p class=\"Mellanrum\" style=\"-aw-sdt-tag:'dokumentavsnitt/utskottets förslag till riksdagsbeslut/-238128499/1555078661867'; -aw-sdt-title:'utskottets förslag till riksdagsbeslut'\">\r\n\t\t\t\t<span> </span>\r\n\t\t\t</p>\r\n\t\t\t<p class=\"Mellanrum\" style=\"-aw-sdt-tag:'dokumentavsnitt/utskottets förslag till riksdagsbeslut/-238128499/1555078661867'; -aw-sdt-title:'utskottets förslag till riksdagsbeslut'\">\r\n\t\t\t\t<span style=\"font-size:9.5pt\"> </span>\r\n\t\t\t</p>\r\n\t\t\t<p>\r\n\t\t\t\t<span> </span>\r\n\t\t\t</p>\r\n\t\t\t<p class=\"Avsnittsrubrik\">\r\n\t\t\t\t<a name=\"_Toc6299556\"></a><a name=\"SlutUtskottsForslag\"></a><span class=\"tSidrubrikJA\">Redogörelse för ärendet</span><span style=\"-aw-bookmark-end:_Toc6299556\"></span>\r\n\t\t\t</p>\r\n\t\t\t<p>\r\n\t\t\t\t<span>Utskottet behandlar i detta betänkande regeringens</span><span> s</span><span>krivelse 2018/19</span><span>:51</span><span> Riksrevisionens rapport om arbetslöshetskassorna, IAF och arbetslöshets</span><span>­</span><span>försäkringen</span><span>.</span>\r\n\t\t\t</p>\r\n\t\t\t<p class=\"NormalIndent\">\r\n\t\t\t\t<span>Enligt riksdagsordningen ska Riksrevisionen lämna sina gransknings</span><span>­</span><span>rapporter över effektivitetsrevisionen till riksdagen. Riksdagen ska överlämna rapporterna till regeringen som inom fyra månader ska återkomma i en skrivelse till riksdagen med en redovisning av vilka åtgärder regeringen vidtagit eller avser att vidta med anledning av iakttagelserna i rapporten.</span>\r\n\t\t\t</p>\r\n\t\t\t<p class=\"NormalIndent\">\r\n\t\t\t\t<span>Riksrevisionen överlämnade</span><span> </span><span>i oktober 2018 </span><span>granskningsrapporten</span><span> A</span><span>‑</span><span>kassorna, IAF och arbetslöshetsförsäkringen – mer kan göras för att främja likvärdigheten (RiR 2018:27)</span><span> till riksdagen. </span><span>I </span><span>oktober</span><span> 2018 informerade före</span><span>­</span><span>trädare för Riksrevi</span><span>sionen utskottet om gransknings</span><span>rapporten</span><span>.</span><span> </span><span>I februari 2019</span><span> överlämnade </span><span>regeringen </span><span>skrivelse 2018/19:</span><span>51</span><span> till riksdagen.</span>\r\n\t\t\t</p>\r\n\t\t\t<p class=\"NormalIndent\">\r\n\t\t\t\t<span>Ingen motion har väckts med anledning av skrivelsen.</span>\r\n\t\t\t</p>\r\n\t\t\t<p class=\"Avsnittsrubrik\">\r\n\t\t\t\t<a name=\"_Toc6299557\"><span class=\"tSidrubrikJA\">Utskottets överväganden</span></a>\r\n\t\t\t</p>\r\n\t\t\t<h2 style=\"-aw-sdt-tag:ad8dd353-6a8f-445b-8290-bb03d4cd7976/förslagsrutor/623008679/1552488596900; -aw-sdt-title:förslagsrutor\">\r\n\t\t\t\t<a name=\"_Toc6299558\"><span>Riksrevisionens rapport om arbetslöshetskassorna, IAF och arbetslöshetsförsäkringen</span></a>\r\n\t\t\t</h2>\r\n\t\t\t<div style=\"border-bottom-color:#000000; border-bottom-style:solid; border-bottom-width:0.75pt; border-left-color:#000000; border-left-style:solid; border-left-width:0.75pt; border-right-color:#000000; border-right-style:solid; border-right-width:0.75pt; border-top-color:#000000; border-top-style:solid; border-top-width:0.75pt; clear:both; margin:3.1pt 0.9pt 0pt\">\r\n\t\t\t\t<p class=\"Normalrutafet\" style=\"margin:0pt; padding-right:4pt; padding-left:4pt\">\r\n\t\t\t\t\t<span style=\"-aw-bookmark-end:_Toc6299558\"></span><span>Utskottets förslag i korthet</span>\r\n\t\t\t\t</p>\r\n\t\t\t\t<p class=\"Normalruta\" style=\"margin:0pt; padding-right:4pt; padding-left:4pt; padding-bottom:4pt\">\r\n\t\t\t\t\t<span>Riksdagen lägger skrivelsen till handlingarna.</span>\r\n\t\t\t\t</p>\r\n\t\t\t</div>\r\n\t\t\t<p class=\"Mellanrum\">\r\n\t\t\t\t<span> </span>\r\n\t\t\t</p>\r\n\t\t\t<p class=\"R3\" style=\"margin-bottom:0pt\">\r\n\t\t\t\t<span>Riksrevisionens granskning</span>\r\n\t\t\t</p>\r\n\t\t\t<p>\r\n\t\t\t\t<span>Riksrevisionen har granskat likvärdigheten i a-kassornas tillämpning av arbetslöshetsförsäkringen. Resultatet av granskningen redovisas i rapporten A-kassorna, IAF och arbetslöshetsförsäkringen – mer kan göras för att främja likvärdigheten (RiR 2018:27).</span>\r\n\t\t\t</p>\r\n\t\t\t<p class=\"R4\">\r\n\t\t\t\t<span>Bakgrund och metod</span>\r\n\t\t\t</p>\r\n\t\t\t<p>\r\n\t\t\t\t<span>Riksrevisionen konstaterar inledningsvis att </span><span>det </span><span>för att skapa legitimitet för </span><span>arbetslöshetsförsäkringen </span><span>är viktigt att den </span><span>uppfattas som likvärdig och tillämpas på ett likvärdigt sätt.</span><span> </span><span>Riksrevisionen framför flera skäl till </span><span>att genomföra </span><span>en granskning av likvärdigheten i tillämpningen av arbetslöshetsförsäkringen. Enligt den nuvarande ordningen handläggs arbetslöshetsförsäkringen av 27 arbetslöshets</span><span>­</span><span>kassor (a-kassor), som är fristående från både de fackliga organisationerna och staten. A-kassorna beslutar om medlemmarnas rätt till arbetslöshetsersättning, betalar ut ersättningen och administrerar medlemskap. A-kassorna beslutar även om sanktioner när en arbetslös exempelvis missköter sitt arbetssökande. Arbetsförmedlingen ansvarar för att skicka underrättelser om ifrågasatt ersättning till a-kassorna. Det kan t.ex. röra sig om att den arbetssökande inte aktivt sökt lämpliga arbeten eller inte lämnat in sin aktivitetsrapport i tid. </span>\r\n\t\t\t</p>\r\n\t\t\t<p class=\"NormalIndent\">\r\n\t\t\t\t<span>Av rapporter från Inspektionen för arbetslöshetsförsäkringen (IAF) framgår </span><span>att </span><span>det finns stora skillnader mellan Arbetsförmedlingens olika marknads</span><span>­</span><span>områden i antalet </span><span>underrättelser per arbetssökande som skickats </span><span>till a</span><span>‑</span><span>kassorna, och att myndigheten inte </span><span>alltid </span><span>lämnar underrättelser </span><span>då</span><span> den borde. IAF har även visat att det finns stora skillnader i prövnings- och sanktionsgrad mellan de olika a-kassorna. Enligt Riksrevisionen saknas det dock en systematisk analys av vad som kan förklara skillnaderna. Riksrevisionen framhåller också att den parlamentariska socialförsäkrings</span><span>­</span><span>utredningen i sitt slutbetänkande </span><span>framförde </span><span>att likformighet och rättssäkerhet borde förbättras </span><span>när det gäller </span><span>arbetslöshets</span><span>­</span><span>försäkringens tillämpning.</span>\r\n\t\t\t</p>\r\n\t\t\t<p class=\"NormalIndent\">\r\n\t\t\t\t<span>Mot denna bakgrund anser </span><span>Riksrevisionen att det är angeläget att granska likvärdigheten i tillämpningen av arbetslöshetsförsäkringen. En likvärdig </span><span>tillämpning av arbetslöshetsförsäkringen förutsätter att såväl </span><span>A</span><span>rbets</span><span>­</span><span>förmedlingen som a-kassorna tillämpar försäkringen likvärdigt. Riksrevi</span><span>­</span><span>sionens granskning inriktas mot a-kassornas tillämpning av försäkringen. Riksrevisionen påpekar också att systemet med 27 fristående a-kassor som handlägger ärenden om rätten till en statligt finansierad ersättning är speciellt, och</span><span> att</span><span> a-kassorna aldrig tidigare har varit föremål för en granskning.</span><span> Inom ramen för granskningen ställs också frågor om IAF</span><span> bedriver</span><span> tillsyn av a</span><span>‑</span><span>kassorna på ett tillfredsställande sätt och om </span><span>man bör förtydliga </span><span>regelverket </span><span>för</span><span> hur försäkringen ska tillämpas.</span>\r\n\t\t\t</p>\r\n\t\t\t<p class=\"NormalIndent\">\r\n\t\t\t\t<span>När det gäller a-kassornas sanktionsgrad </span><span>baseras granskningen på en statistisk </span><span>regressions</span><span>analys. </span><span>Analysen baseras på data från IAF och Arbetsförmedlingen och avser perioden </span><span>den </span><span>1 januari 2016–30 juni 2017. D</span><span>ärutöver har en </span><span>enkät</span><span> skickats till samtliga 27 a-kassor</span><span>, och intervjuer har genomförts med företrädare för Arbetsmarknadsdepartementet, IAF, Arbetsförmedlingen, Sveriges a-kassor och enskilda a-kassor.</span><span> Riksrevisionen har även gjort en genomgång av skriftligt material, bl.a. tillsynsrapporter från IAF, riksdagstryck, offentliga utredningar</span><span> samt</span><span> material från Sveriges a</span><span>‑</span><span>kassor och enskilda a-kassor.</span>\r\n\t\t\t</p>\r\n\t\t\t<p class=\"R4\">\r\n\t\t\t\t<span>Iakttagelser och rekommendationer</span>\r\n\t\t\t</p>\r\n\t\t\t<p>\r\n\t\t\t\t<span>Granskningen visar att</span><span> d</span><span>et finns tydliga indikationer på brister i likvärdigheten.</span><span> När de sex a-kassor med lägst sanktionsgrad jämförs med de sex a-kassor med högst </span><span>sanktionsgrad </span><span>är skillnaden i genomsnittlig sanktions</span><span>­</span><span>sannolikhet ca 14 procentenheter. Skillnaderna i sanktionsgrad kan inte förklaras av att a-kassorna har olika sammansättning av ärendeslag. Skillnaderna kan inte heller förklaras av att a-kassorna har olika sammansättning av arbetssökande. Riksrevisionen drar </span><span>därför </span><span>slutsatsen </span><span>att det finns skillnader i hur regelverket tillämpas.</span><span> För att undersöka om och på vilka sätt bedömningen av ärenden skiljer sig åt skulle det dock enligt Riksrevisionen behöva göras en analys av likartade ärenden vid olika a-kassor.</span>\r\n\t\t\t</p>\r\n\t\t\t<p class=\"NormalIndent\">\r\n\t\t\t\t<span>När det gäller frågan om IAF:s tillsyn och uppföljning visar granskningen att detta arbete bedrivs </span><span>på ett tillfredsställande sätt</span><span>. Riksrevisionens enkät som besvarats av samtliga a-kassor visar bl.a. att dessa generellt sett uppfattar att IAF:s slutsatser är tydliga och välgrundade och att kompetensen hos de som utför tillsynen är god. Enkäten visar även att a-kassorna bedömer att IAF:s kritik resulterar i konkreta förändringar hos den enskilda a-kassan. </span><span>Några förbättringsområden har emellertid noterats</span><span>, bl.a. den externa kvalitets</span><span>­</span><span>granskning</span><span>en</span><span> av myndighetens rapporter.</span>\r\n\t\t\t</p>\r\n\t\t\t<p class=\"NormalIndent\">\r\n\t\t\t\t<span>När det gäller </span><span>regelverket om hur försäkringen ska tillämpas</span><span> är Riksrevisionens övergripande slutsats att föreskriftsverksamheten förefaller eftersatt av </span><span>både</span><span> IAF </span><span>och</span><span> regeringen.</span><span> Enligt Riksrevisionen finns det även </span><span>ett önskemål om</span><span> att IAF bl.a. </span><span>ska </span><span>utfärda allmänna råd om arbetslöshets</span><span>­</span><span>försäkringens tillämpning.</span>\r\n\t\t\t</p>\r\n\t\t\t<p class=\"NormalIndent\">\r\n\t\t\t\t<span>Riksrevisionen lämnar i sin rapport tre rekommendationer rikta</span><span>de</span><span> till IAF</span><span> och en rekommendation riktad till regeringen: </span>\r\n\t\t\t</p>\r\n\t\t\t<ul type=\"disc\" style=\"margin:0pt; padding-left:0pt\">\r\n\t\t\t\t<li class=\"ListParagraph\" style=\"margin-left:27.37pt; margin-bottom:0pt; text-indent:0pt; padding-left:8.63pt; font-family:serif; font-size:9.5pt\">\r\n\t\t\t\t\t<span style=\"font-family:'Verdana'; font-size:9.5pt\">Riksrevisionen rekommenderar IAF att närmare analysera om och</span><span style=\"font-family:'Verdana'; font-size:9.5pt\"> </span><span style=\"font-family:'Verdana'; font-size:9.5pt\">på vilket sätt bedömningen av ärenden skiljer sig åt mellan</span><span style=\"font-family:'Verdana'; font-size:9.5pt\"> </span><span style=\"font-family:'Verdana'; font-size:9.5pt\">arbetslöshetskassor med hög respektive låg sanktionsgrad.</span>\r\n\t\t\t\t</li>\r\n\t\t\t\t<li class=\"ListParagraph\" style=\"margin-top:0pt; margin-left:27.37pt; margin-bottom:0pt; text-indent:0pt; padding-left:8.63pt; font-family:serif; font-size:9.5pt\">\r\n\t\t\t\t\t<span style=\"font-family:'Verdana'; font-size:9.5pt\">Riksrevisionen rekommenderar IAF att, som en del i ett</span><span style=\"font-family:'Verdana'; font-size:9.5pt\"> </span><span style=\"font-family:'Verdana'; font-size:9.5pt\">återkommande kvalitetsarbete, låta utomstående forskare eller</span><span style=\"font-family:'Verdana'; font-size:9.5pt\"> </span><span style=\"font-family:'Verdana'; font-size:9.5pt\">andra experter i efterhand granska och kommentera ett antal av</span><span style=\"font-family:'Verdana'; font-size:9.5pt\"> </span><span style=\"font-family:'Verdana'; font-size:9.5pt\">inspektionens granskningsrapporter.</span>\r\n\t\t\t\t</li>\r\n\t\t\t\t<li class=\"ListParagraph\" style=\"margin-top:0pt; margin-left:27.37pt; margin-bottom:0pt; text-indent:0pt; padding-left:8.63pt; font-family:serif; font-size:9.5pt\">\r\n\t\t\t\t\t<span style=\"font-family:'Verdana'; font-size:9.5pt\">Riksrevisionen rekommenderar IAF att utfärda allmänna råd om</span><span style=\"font-family:'Verdana'; font-size:9.5pt\">  f</span><span style=\"font-family:'Verdana'; font-size:9.5pt\">örsäkringens tillämpning inom områden med oklar rättspraxis och</span><span style=\"font-family:'Verdana'; font-size:9.5pt\"> </span><span style=\"font-family:'Verdana'; font-size:9.5pt\">där stora olikheter i tillämpningen av regelverket har konstaterats.</span>\r\n\t\t\t\t</li>\r\n\t\t\t\t<li class=\"ListParagraph\" style=\"margin-top:0pt; margin-left:27.37pt; text-indent:0pt; padding-left:8.63pt; font-family:serif; font-size:9.5pt\">\r\n\t\t\t\t\t<span style=\"font-family:'Verdana'; font-size:9.5pt\">Riksrevisionen rekommenderar regeringen att se över IAF:s uppdrag att förtydliga regelverket i försäkringen, och särskilt IAF:s bemyndiganden att meddela föreskrifter.</span>\r\n\t\t\t\t</li>\r\n\t\t\t</ul>\r\n\t\t\t<p class=\"R3\">\r\n\t\t\t\t<span>Regeringens skrivelse</span>\r\n\t\t\t</p>\r\n\t\t\t<p>\r\n\t\t\t\t<span>Regeringen delar Riksrevisionens uppfattning att det är viktigt att arbetslöshetsförsäkringen uppfattas som likvärdig och tillämpas på ett likvärdigt sätt.</span><span> </span><span>Regeringen instämmer i Riksrevisionens bedömning att regelverket i arbetslöshetsförsäkringen behöver förtydligas och att IAF:s bemyndiganden att meddela föreskrifter behöver ses över. I sammanhanget anför regeringen att arbetslöshetsförsäkringens regelverk är komplext och </span><span>att </span><span>ett förtydligande av reglerna kan ske på olika sätt.</span>\r\n\t\t\t</p>\r\n\t\t\t<p class=\"NormalIndent\">\r\n\t\t\t\t<span>När det gäller regeringens åtgärder med anledning av Riksrevisionens </span><span>rekommendation konstaterar regeringen att IAF i samband med en översyn av sina föreskrifter uppmärksammat dels att bemyndiganden för vissa föreskrifter saknas, dels att föreskrifterna om arbetslöshetsförsäkringen behöver moderniseras. Mot denna bakgrund lämnade IAF i november 2017 en begäran om utökat bemyndigande inom ett antal områden som bereds inom Regeringskansliet. Regeringen konstaterar också att resultatet av den pågående utredningen </span><span>E</span><span>n ny arbetslöshetsförsäkring för fler, grundad på inkomster</span><span> (dir. </span><span>2018:8</span><span>)</span><span> kan leda till en ny utformning av arbetslöshets</span><span>­</span><span>försäkringen som </span><span>i sin tur </span><span>kan medföra att behovet för IAF att förtydliga regelverket i försäkringen minskar.</span>\r\n\t\t\t</p>\r\n\t\t\t<p class=\"NormalIndent\">\r\n\t\t\t\t<span>De rekommendationer som riktar sig till IAF behandlas inte </span><span>i regeringens</span><span> </span><span>skrivelse.</span><span> </span><span>Regeringen anser att Riksrevisionens rapport i och med skrivelsen är slutbehandlad.</span>\r\n\t\t\t</p>\r\n\t\t\t<p class=\"R3\">\r\n\t\t\t\t<span>Utskottets ställningstagande</span>\r\n\t\t\t</p>\r\n\t\t\t<p>\r\n\t\t\t\t<span>I samband med inrättandet av myndigheten </span><span>Inspektionen för arbetslöshets</span><span>­</span><span>försäkringen</span><span> </span><span>(IAF) </span><span>uttalade utskottet att det för arbetslöshetsförsäkringens legit</span><span>imitet </span><span>var viktigt </span><span>med </span><span>en väl fungerande tillsyn som bidrar till en bättre </span><span>efterlevnad av regelsystemen och till att likabehandlingen av de arbetssökande säkerställs</span><span> (</span><span>bet. 2001/02:AU7</span><span>)</span><span>.</span><span> Utskottet anser </span><span>därför </span><span>att det är välkommet att Riksrevisionen </span><span>granskat </span><span>likvärdigheten i a</span><span>rbetslöshets</span><span>kassornas tillämpning av arbetslöshetsförsäkringen</span><span>, där man bl.a. utgått från rapporter från IAF. </span><span>Utskottet instämmer helt i de resonemang som Riksrevisionen för när det gäller bakgrund och motiv till granskningen</span><span>. </span>\r\n\t\t\t</p>\r\n\t\t\t<p class=\"NormalIndent\">\r\n\t\t\t\t<span>Utskottet </span><span>ansluter sig till </span><span>regeringens och Riksrevisionens bedömning att regelverket i arbetslöshetsförsäkringen behöver förtydligas och att IAF:s bemyndiganden att meddela föreskrifter behöver ses över.</span><span> </span><span>Utskottet noterar att </span><span>IAF i november 2017 </span><span>lämnade </span><span>en</span><span> </span><span>begäran </span><span>till regeringen </span><span>om utökat bemyndi</span><span>­</span><span>gande inom ett antal områden </span><span>och att regeringen anför att denna begäran </span><span>bereds inom Regeringskansliet</span><span>. </span>\r\n\t\t\t</p>\r\n\t\t\t<p class=\"NormalIndent\">\r\n\t\t\t\t<span>I sammanhanget </span><span>vill </span><span>utskottet </span><span>uppmärksamma den</span><span> pågående utredningen En ny arbets</span><span>­</span><span>löshetsförsäkring för fler, grundad på inkomster </span><span>(</span><span>A 2018:01</span><span>)</span><span>. Utgångspunkten för arbetet med att utforma en ny reglering ska enligt direktiven </span><span>bl.a. </span><span>vara </span><span>att </span><span>öka förutsebarheten</span><span> </span><span>för enskilda och underlätta tillämpningen för arbetslöshetskassorna</span><span> (dir. </span><span>2018:8</span><span>)</span><span>.</span><span> </span><span>Utskottet kommer att noggrant följa utredningens arbete.</span><span> </span><span>Liksom regeringen inser utskottet att en konsekvens av utredningens förslag kan bli att behovet minskar för regeringen att enligt Riksrevisionens rekommendation se över IAF:s uppdrag att förtydliga regelverket.</span>\r\n\t\t\t</p>\r\n\t\t\t<p class=\"NormalIndent\">\r\n\t\t\t\t<span>U</span><span>tskottet </span><span>föreslår </span><span>att riksdagen lägger regeringens skrivelse till handlingarna.</span>\r\n\t\t\t</p>\r\n\t\t\t<p class=\"Bilaga\">\r\n\t\t\t\t<span class=\"tBilagaJA\">Bilaga</span>\r\n\t\t\t</p>\r\n\t\t\t<p class=\"Bilagerubrik\">\r\n\t\t\t\t<a name=\"_Toc6299559\"><span class=\"tSidrubrikJA\">Förteckning över behandlade förslag</span></a>\r\n\t\t\t</p>\r\n\t\t\t<p class=\"Rubrik2bilaga\" style=\"-aw-sdt-tag:'dokumentavsnitt/förteckning över behandlade förslag/-170154101/1552487885284'; -aw-sdt-title:'förteckning över behandlade förslag'\">\r\n\t\t\t\t<a name=\"_Toc6299560\"><span>Skrivelsen</span></a><span> </span>\r\n\t\t\t</p>\r\n\t\t\t<p style=\"-aw-sdt-tag:'dokumentavsnitt/förteckning över behandlade förslag/-170154101/1552487885284'; -aw-sdt-title:'förteckning över behandlade förslag'\">\r\n\t\t\t\t<span>Regeringens skrivelse 2018/19:51 Riksrevisionens rapport om arbetslöshetskassorna, IAF och arbetslöshetsförsäkringen.</span>\r\n\t\t\t</p>\r\n\t\t\t<p class=\"Mellanrum\">\r\n\t\t\t\t<span> </span>\r\n\t\t\t</p>\r\n\t\t\t<p class=\"Mellanrum\" style=\"-aw-sdt-tag:'dokumentavsnitt/förteckning över behandlade förslag/-170154101/1552487885284'; -aw-sdt-title:'förteckning över behandlade förslag'\">\r\n\t\t\t\t<span> </span>\r\n\t\t\t</p>\r\n\t\t\t<p>\r\n\t\t\t\t<span> </span>\r\n\t\t\t</p>\r\n\t\t\t<p>\r\n\t\t\t\t<span> </span>\r\n\t\t\t</p>\r\n\t\t\t<p>\r\n\t\t\t\t<span> </span>\r\n\t\t\t</p>\r\n\t\t\t<p>\r\n\t\t\t\t<span> </span>\r\n\t\t\t</p>\r\n\t\t</div>\r\n\t"},"dokutskottsforslag":{"utskottsforslag":{"punkt":"1","rubrik":"Riksrevisionens rapport om arbetslöshetskassorna, IAF och arbetslöshetsförsäkringen","forslag":"<BR/>Riksdagen lägger skrivelse 2018/19:51 till handlingarna.<BR/><BR/>","beslutstyp":"acklamation","motforslag_nummer":"0","motforslag_partier":null,"votering_id":null,"votering_sammanfattning_html":null,"votering_url_xml":null,"rm":"2018/19","bet":"AU11","vinnare":"utskottet"}},"dokaktivitet":{"aktivitet":[{"kod":"UBE","namn":"Beredning","datum":"2019-03-26 00:00:00","status":"inträffat","ordning":"0","process":null},{"kod":"JUS","namn":"Justering","datum":"2019-04-11 00:00:00","status":"inträffat","ordning":"0","process":null},{"kod":"TRY","namn":"Trycklov","datum":"2019-04-16 00:00:00","status":"inträffat","ordning":"0","process":null},{"kod":"B","namn":"Bordläggning","datum":"2019-04-23 00:00:00","status":"inträffat","ordning":"0","process":null},{"kod":"BEH","namn":"Behandling","datum":"2019-04-24 00:00:00","status":"inträffat","ordning":"0","process":null},{"kod":"BES","namn":"Beslut","datum":"2019-04-24 00:00:00","status":"inträffat","ordning":"0","process":null}]},"dokuppgift":{"uppgift":[{"kod":"notis","namn":"Beslut i korthet","text":"                           <p>Riksdagen&nbsp;har granskat en skrivelse från regeringen. Den handlar om Riksrevisionens granskning av om a-kassorna tillämpar arbetslöshetsförsäkringen på liknande sätt. Riksrevisionen konstaterar att det finns skillnader i hur a-kassorna beslutar om rätt till arbetslöshetsersättning och drar slutsatsen att regelverket tolkas olika. Revisionen rekommenderar därför bland annat att regeringen ser över det uppdrag Inspektionen för arbetslöshetsförsäkringen (IAF) har att förtydliga reglerna i försäkringen.</p>\r\n<p>Regeringen delar Revisionens uppfattning att det är viktigt att arbetslöshetsförsäkringen tillämpas likvärdigt och håller med om att regelverket behöver förtydligas. Riksdagen instämmer i detta.&nbsp;</p>\r\n<p>Riksdagen&nbsp;lade&nbsp;skrivelsen till handlingarna, det vill säga avslutade ärendet.</p>\r\n                                            ","dok_id":"H601AU11","systemdatum":"2019-04-24 16:49:33"},{"kod":"notisrubrik","namn":"Beslut","text":"Arbetslöshetskassornas tillämpning av arbetslöshetsförsäkringen har granskats (AU11)","dok_id":"H601AU11","systemdatum":"2019-04-24 16:49:33"},{"kod":"utsknotis","namn":"Utskottets förslag till beslut","text":"                           <p>Arbetsmarknadsutskottet har granskat en skrivelse från regeringen. Den handlar om Riksrevisionens granskning av om a-kassorna tillämpar arbetslöshetsförsäkringen på liknande sätt. Riksrevisionen konstaterar att det finns skillnader i hur a-kassorna beslutar om rätt till arbetslöshetsersättning och drar slutsatsen att regelverket tolkas olika. Revisionen rekommenderar därför bland annat att regeringen ser över det uppdrag Inspektionen för arbetslöshetsförsäkringen (IAF) har att förtydliga reglerna i försäkringen.</p>\r\n<p>Regeringen delar Revisionens uppfattning att det är viktigt att arbetslöshetsförsäkringen tillämpas likvärdigt och håller med om att regelverket behöver förtydligas. Utskottet instämmer i detta och föreslår att riksdagen lägger skrivelsen till handlingarna, det vill säga avslutar ärendet.</p>\r\n                                            ","dok_id":"H601AU11","systemdatum":"2019-04-24 16:49:33"},{"kod":"utsknotisrubrik","namn":"Utskottets förslag","text":"Arbetslöshetskassornas tillämpning av arbetslöshetsförsäkringen har granskats (AU11)","dok_id":"H601AU11","systemdatum":"2019-04-24 16:49:33"},{"kod":"beslutssammanfattningusk","namn":"Utskottets förslag till beslut","text":"Skrivelsen läggs till handlingarna.","dok_id":"H601AU11","systemdatum":"2019-04-16 09:51:25"},{"kod":"rdbeslut","namn":"Riksdagens beslut","text":"Kammaren biföll utskottets förslag.","dok_id":"H601AU11","systemdatum":"2019-04-25 17:27:46"},{"kod":"debattdatumtid","namn":"Datum och tid för debatten","text":"2019-04-24 00:00:00","dok_id":"H601AU11","systemdatum":"2019-04-24 16:49:33"},{"kod":"beslutdatumtid","namn":"Datum och tid för beslutet","text":"2019-04-24 00:00:00","dok_id":"H601AU11","systemdatum":"2019-04-24 16:49:33"},{"kod":"statustext","namn":"statustext","text":"Ärendet är avslutat","dok_id":"H601AU11","systemdatum":"2019-04-25 00:45:21"}]},"dokbilaga":{"bilaga":{"dok_id":"H601AU11","titel":"Riksrevisionens rapport om arbetslöshetskassorna, IAF och arbetslöshetsförsäkringen","subtitel":null,"filnamn":"2018_19_AU11_20190416095047_Publicering.pdf","filstorlek":"339131","filtyp":"pdf","fil_url":"http://data.riksdagen.se/fil/0034C716-4EBA-487C-8733-869A82100542"}},"dokreferens":{"referens":[{"referenstyp":"behandlar","uppgift":"Skrivelse 2018/19:51 Riksrevisionens rapport om arbetslöshetskassorna, IAF och arbetslöshetsförsäkringen","ref_dok_id":"H60351","ref_dok_typ":"prop","ref_dok_rm":"2018/19","ref_dok_bet":"51","ref_dok_titel":"Riksrevisionens rapport om arbetslöshetskassorna, IAF och arbetslöshetsförsäkringen","ref_dok_subtitel":null,"ref_dok_subtyp":"skr","ref_dok_dokumentnamn":"Skrivelse"},{"referenstyp":"föredragningslista","uppgift":"föredragningslista 2018/19:80 Onsdag den 24 april 2019","ref_dok_id":"H60I80","ref_dok_typ":"f-lista","ref_dok_rm":"2018/19","ref_dok_bet":"80","ref_dok_titel":"Onsdag den 24 april 2019","ref_dok_subtitel":null,"ref_dok_subtyp":null,"ref_dok_dokumentnamn":"Föredragningslista"},{"referenstyp":"protokollbeslut","uppgift":"2019-04-24","ref_dok_id":"H60980","ref_dok_typ":"prot","ref_dok_rm":"2018/19","ref_dok_bet":"80","ref_dok_titel":"Protokoll 2018/19:80 Onsdagen den 24 april","ref_dok_subtitel":null,"ref_dok_subtyp":null,"ref_dok_dokumentnamn":"Protokoll"},{"referenstyp":"rskr","uppgift":null,"ref_dok_id":"H60K186","ref_dok_typ":"rskr","ref_dok_rm":"2018/19","ref_dok_bet":"186","ref_dok_titel":"Riksdagsskrivelse 2018/19:186","ref_dok_subtitel":null,"ref_dok_subtyp":"rskr","ref_dok_dokumentnamn":"Riksdagsskrivelse"}]},"debatt":null}}