{"dokumentstatus":{"dokument":{"hangar_id":"5020423","dok_id":"H601FöU10","rm":"2018/19","beteckning":"FöU10","typ":"bet","subtyp":"bet","doktyp":"bet","typrubrik":"Betänkande 2018/19:FöU10","dokumentnamn":"Betänkande","debattnamn":"Debatt om förslag","tempbeteckning":"","organ":"FöU","mottagare":"","nummer":"10","slutnummer":"0","datum":"2019-02-14 00:00:00","systemdatum":"2019-02-28 01:17:16","publicerad":"2019-01-25 09:13:13","titel":"Riksrevisionens rapport Nationellt försvar på regional nivå","subtitel":"","status":"Webbpublicering","htmlformat":"html","relaterat_id":"","source":"RIM","sourceid":"4beafe58-839f-4421-a9fc-f7c2653db76b","dokument_url_text":"http://data.riksdagen.se/dokument/H601FöU10/text","dokument_url_html":"http://data.riksdagen.se/dokument/H601FöU10","dokumentstatus_url_xml":"http://data.riksdagen.se/dokumentstatus/H601FöU10","utskottsforslag_url_xml":"http://data.riksdagen.se/utskottsforslag/H601FöU10","html":"<style><!--\r\n .w600px{width: 600px;font-family:Verdana, Geneva, sans-serif}\r\nh2.dtyp{font-size:1.5em !important;} \r\n/********************************************************************************************************/\r\n/* Styles for D:\\Logs\\DocumentConverter\\\\Output_36ffed16-edd4-4250-a041-91933ef203f1\\HTML\\Dokument.html */\r\n/* Generated by Aspose.Words for .NET 15.3.0.0                                                          */\r\n/********************************************************************************************************/\r\n\r\n@page Section1 { size:467.8pt 686.05pt; margin:45.35pt 102.05pt 73.7pt 70.85pt }\r\ndiv.Section1 { page:Section1 }\r\nzbody { text-align:justify; line-height:12.5pt; font-family:'Verdana'; font-size:9.5pt }\r\nzh1, h2, h3, h4, h5, h6, p { margin:3.1pt 0pt 0pt }\r\nzli, table { margin-top:3.1pt; margin-bottom:0pt }\r\nzh1 { margin-top:3.1pt; margin-bottom:12pt; text-align:left; page-break-after:avoid; line-height:12.5pt; font-family:'Verdana'; font-size:16pt; font-weight:normal }\r\nzh2 { margin-top:20pt; margin-bottom:6pt; text-align:left; page-break-inside:avoid; page-break-after:avoid; line-height:12.5pt; font-family:'Verdana'; font-size:13.5pt; font-weight:normal }\r\nzh3 { margin-top:20pt; margin-bottom:3.1pt; text-align:left; page-break-inside:avoid; page-break-after:avoid; line-height:12.5pt; font-family:'Verdana'; font-size:10.5pt; font-weight:bold }\r\nzh4 { margin-top:15pt; margin-bottom:3.1pt; text-align:left; page-break-inside:avoid; page-break-after:avoid; line-height:12.5pt; font-family:'Verdana'; font-size:10.5pt; font-weight:normal; font-style:italic; color:#000000 }\r\nzh5 { margin-top:6.25pt; margin-bottom:0pt; text-align:justify; page-break-inside:avoid; page-break-after:avoid; line-height:12.5pt; font-family:'Verdana'; font-size:9.5pt; font-weight:bold }\r\nzh6 { margin-top:6.25pt; margin-bottom:0pt; text-align:justify; page-break-inside:avoid; page-break-after:avoid; line-height:12.5pt; font-family:'Verdana'; font-size:9.5pt; font-weight:normal; font-style:italic; color:#000000 }\r\n.Heading7 { margin-top:2pt; margin-bottom:0pt; text-align:justify; page-break-inside:avoid; page-break-after:avoid; line-height:12.5pt; font-family:'Verdana'; font-size:9.5pt; font-weight:normal; font-style:italic; color:#243f60 }\r\n.Heading8 { margin-top:2pt; margin-bottom:0pt; text-align:justify; page-break-inside:avoid; page-break-after:avoid; line-height:12.5pt; font-family:'Verdana'; font-size:9pt; font-weight:normal; color:#272727 }\r\n.Heading9 { margin-top:2pt; margin-bottom:0pt; text-align:justify; page-break-inside:avoid; page-break-after:avoid; line-height:12.5pt; font-family:'Verdana'; font-size:9pt; font-weight:normal; font-style:italic; color:#272727 }\r\n.Avsnittsrubrik { margin-top:0pt; margin-bottom:27.7pt; text-align:left; page-break-before:always; page-break-after:avoid; line-height:normal; font-family:'Verdana'; font-size:16pt }\r\n.Avvikandemeningrubrik { margin-top:0pt; margin-bottom:3.1pt; text-align:left; page-break-inside:avoid; page-break-after:avoid; line-height:12.5pt; font-family:'Verdana'; font-size:10.5pt; font-weight:bold }\r\n.BalloonText { margin-top:3.1pt; margin-bottom:0pt; text-align:justify; line-height:normal; font-family:Tahoma; font-size:8pt }\r\n.Bilaga { margin-top:0pt; margin-bottom:0pt; text-align:left; page-break-before:always; page-break-after:avoid; line-height:normal; widows:0; orphans:0; font-family:'Verdana'; font-size:8pt; font-variant:small-caps; text-decoration:underline }\r\n.Bilagerubrik { margin-top:0pt; margin-bottom:17.7pt; text-align:left; page-break-after:auto; line-height:normal; widows:0; orphans:0; font-family:'Verdana'; font-size:16pt }\r\n.Bild-Rubrik { margin-top:8pt; margin-bottom:0pt; text-align:justify; page-break-inside:avoid; page-break-after:avoid; line-height:10pt; font-family:'Verdana'; font-size:9.5pt; font-weight:bold }\r\n.Bild-Underrubrik { margin-top:0pt; margin-bottom:1pt; text-align:left; page-break-inside:avoid; page-break-after:avoid; line-height:8pt; font-family:'Verdana'; font-size:8pt; font-weight:normal; font-style:italic }\r\n.BodyText { margin-top:3.1pt; margin-bottom:0pt; text-align:left; line-height:12.5pt; font-family:'Verdana'; font-size:9.5pt }\r\n.BodyTextIndent2 { margin-top:3.1pt; margin-left:14.15pt; margin-bottom:6pt; text-align:justify; line-height:200%; font-family:'Verdana'; font-size:9.5pt }\r\n.Citatindrag { margin-top:0pt; margin-left:14.2pt; margin-bottom:6.1pt; text-indent:14.2pt; text-align:justify; line-height:10pt; font-family:'Verdana'; font-size:9.5pt }\r\n.CommentText { margin-top:3.1pt; margin-bottom:0pt; text-align:justify; line-height:normal; font-family:'Verdana'; font-size:10pt }\r\n.Default { margin-bottom:0pt; line-height:normal; font-family:'Verdana'; font-size:12pt; color:#000000 }\r\n.Deltagare { margin-top:0pt; margin-bottom:0pt; text-align:justify; page-break-inside:avoid; page-break-after:avoid; line-height:9.5pt; font-family:'Verdana'; font-size:9.5pt }\r\n.Diagram-Rubrik { margin-top:8pt; margin-bottom:0pt; text-align:justify; page-break-inside:avoid; page-break-after:avoid; line-height:10pt; font-family:'Verdana'; font-size:9.5pt; font-weight:bold }\r\n.Diagram-Underrubrik { margin-top:0pt; margin-bottom:1pt; text-align:left; page-break-inside:avoid; page-break-after:avoid; line-height:8pt; font-family:'Verdana'; font-size:8pt; font-weight:normal; font-style:italic }\r\n.DokumentRubrik { margin-top:6pt; margin-bottom:24pt; text-align:left; line-height:normal; border-bottom-style:solid; border-bottom-width:0.75pt; border-bottom-color:#000000; padding-bottom:4pt; font-family:'Verdana'; font-size:18pt }\r\n.Dokumentbeteckning { margin-top:0pt; margin-bottom:0pt; text-align:left; page-break-inside:avoid; page-break-after:avoid; line-height:12.5pt; font-family:'Verdana'; font-size:16pt }\r\n.Footer { margin-top:3.1pt; margin-bottom:0pt; text-align:justify; line-height:normal; font-family:'Verdana'; font-size:9.5pt }\r\n.FootnoteText { margin-top:0pt; margin-bottom:0pt; text-align:justify; line-height:8pt; font-family:'Verdana'; font-size:8pt }\r\n.Fotnotstextindrag { margin-top:0pt; margin-left:5.65pt; margin-bottom:0pt; text-align:left; line-height:8pt; font-family:'Verdana'; font-size:8pt }\r\n.Frslagspunkt { margin-top:0pt; margin-bottom:0pt; text-align:left; page-break-inside:avoid; page-break-after:avoid; line-height:12.5pt; font-family:'Verdana'; font-size:9.5pt; font-weight:bold }\r\n.Frslagstext { margin-top:0pt; margin-bottom:0pt; text-align:justify; line-height:12.5pt; font-family:'Verdana'; font-size:9.5pt }\r\n.Frteckningsrubrik { margin-top:9.6pt; margin-bottom:3.1pt; text-align:left; page-break-inside:avoid; page-break-after:avoid; line-height:normal; font-family:'Verdana'; font-size:9.5pt; font-weight:normal; font-style:italic; color:#000000 }\r\n.Grupprubrik { margin-top:6pt; margin-bottom:0pt; text-align:left; page-break-inside:avoid; page-break-after:avoid; line-height:12.5pt; font-family:'Verdana'; font-size:9.5pt; font-style:italic }\r\n.Grupprubrikindrag { margin-top:6pt; margin-left:22.1pt; margin-bottom:0pt; text-align:left; page-break-inside:avoid; page-break-after:avoid; line-height:12.5pt; font-family:'Verdana'; font-size:9.5pt; font-style:italic }\r\n.Header { margin-top:0pt; margin-bottom:0pt; text-align:justify; line-height:normal; font-family:'Verdana'; font-size:7.5pt; font-variant:small-caps }\r\n.Innehllsfrteckning { margin-top:0pt; margin-bottom:17.7pt; text-align:left; page-break-before:always; page-break-after:auto; line-height:normal; font-family:'Verdana'; font-size:16pt }\r\n.Kantrubrik { margin-top:0pt; margin-bottom:0pt; text-align:justify; line-height:normal; font-family:'Verdana'; font-size:7.5pt }\r\n.ListBullet { margin-top:6.25pt; margin-left:17.85pt; margin-bottom:6.25pt; text-indent:-17.85pt; text-align:justify; line-height:12.5pt; font-family:'Verdana'; font-size:9.5pt }\r\n.ListParagraph { margin-top:3.1pt; margin-left:28.35pt; margin-bottom:0pt; text-align:justify; line-height:12.5pt; font-family:'Verdana'; font-size:9.5pt }\r\n.Litentext { margin-top:0pt; margin-bottom:0pt; text-align:justify; line-height:normal; font-family:'Verdana'; font-size:8pt }\r\n.Mellanrubrik { margin-top:11pt; margin-bottom:3.1pt; text-align:left; page-break-after:avoid; line-height:12.5pt; font-family:'Verdana'; font-size:9.5pt; font-style:italic }\r\n.Mellanrum { margin-top:0pt; margin-bottom:0pt; text-align:left; page-break-before:auto; page-break-after:auto; line-height:1pt; widows:0; orphans:0; font-family:'Verdana'; font-size:1pt; font-variant:small-caps; text-decoration:none; color:#ffffff }\r\n.NormalIndent { margin-top:0pt; margin-bottom:0pt; text-indent:11.35pt; text-align:justify; line-height:12.5pt; font-family:'Verdana'; font-size:9.5pt }\r\n.Normalinskjuten { margin-top:0pt; margin-left:22.1pt; margin-bottom:0pt; text-align:justify; line-height:12.5pt; font-family:'Verdana'; font-size:9.5pt }\r\n.Normalinskjutenindrag { margin-top:0pt; margin-left:22.1pt; margin-bottom:0pt; text-indent:11.35pt; text-align:justify; line-height:12.5pt; font-family:'Verdana'; font-size:9.5pt }\r\n.Normalinskjutenkursiv { margin-top:6pt; margin-bottom:0pt; line-height:normal; font-family:'Verdana'; font-size:10pt; font-style:italic }\r\n.Normalkursiv { margin-top:3.1pt; margin-bottom:0pt; text-align:left; line-height:12.5pt; font-family:'Verdana'; font-size:9.5pt; font-style:italic }\r\n.Normalruta { margin:3.1pt 5.65pt 0pt; text-align:justify; page-break-inside:avoid; page-break-after:avoid; line-height:12.5pt; border-top-style:solid; border-top-width:0.75pt; border-top-color:#000000; border-right-style:solid; border-right-width:0.75pt; border-right-color:#000000; border-left-style:solid; border-left-width:0.75pt; border-left-color:#000000; border-bottom-style:solid; border-bottom-width:0.75pt; border-bottom-color:#000000; padding-top:4pt; padding-right:4pt; padding-left:4pt; padding-bottom:4pt; font-family:'Verdana'; font-size:10.5pt }\r\n.Normalrutafet { margin:3.1pt 5.65pt 0pt; text-align:justify; page-break-inside:avoid; page-break-after:avoid; line-height:12.5pt; border-top-style:solid; border-top-width:0.75pt; border-top-color:#000000; border-right-style:solid; border-right-width:0.75pt; border-right-color:#000000; border-left-style:solid; border-left-width:0.75pt; border-left-color:#000000; border-bottom-style:solid; border-bottom-width:0.75pt; border-bottom-color:#000000; padding-top:4pt; padding-right:4pt; padding-left:4pt; padding-bottom:4pt; font-family:'Verdana'; font-size:10.5pt; font-weight:bold }\r\n.Normalrutaindrag { margin:0pt 5.65pt; text-indent:11.35pt; text-align:justify; page-break-inside:avoid; page-break-after:avoid; line-height:12.5pt; border-top-style:solid; border-top-width:0.75pt; border-top-color:#000000; border-right-style:solid; border-right-width:0.75pt; border-right-color:#000000; border-left-style:solid; border-left-width:0.75pt; border-left-color:#000000; border-bottom-style:solid; border-bottom-width:0.75pt; border-bottom-color:#000000; padding-top:4pt; padding-right:4pt; padding-left:4pt; padding-bottom:4pt; font-family:'Verdana'; font-size:10.5pt }\r\n.Normalutanluftfre { margin-top:0pt; margin-bottom:0pt; text-align:justify; line-height:12.5pt; font-family:'Verdana'; font-size:9.5pt }\r\n.NormalNoll { margin-top:0pt; margin-bottom:3.1pt; text-align:left; line-height:12.5pt; font-family:'Verdana'; font-size:10.5pt; font-weight:bold }\r\n.NumlistaTOC { margin:3.1pt 28.35pt 0pt 0pt; text-indent:0pt; text-align:left; line-height:normal; font-family:'Verdana'; font-size:9.5pt }\r\n.Ordfranden { margin-top:3.1pt; margin-bottom:22pt; text-align:left; page-break-inside:avoid; page-break-after:avoid; line-height:normal; font-family:'Verdana'; font-size:9.5pt; font-style:italic }\r\n.OrtochDatum { margin-top:18pt; margin-bottom:18pt; text-align:left; page-break-inside:avoid; page-break-after:avoid; line-height:normal; font-family:'Verdana'; font-size:9.5pt }\r\n.Punktlistabomb { margin-top:6.25pt; margin-left:14.2pt; margin-bottom:6.25pt; text-indent:-14.2pt; text-align:justify; line-height:12.5pt; font-family:'Verdana'; font-size:9.5pt }\r\n.Punktlistagemener { margin-top:6.25pt; margin-left:14.2pt; margin-bottom:6.25pt; text-indent:-14.2pt; text-align:justify; line-height:12.5pt; font-family:'Verdana'; font-size:9.5pt }\r\n.Punktlistalinje { margin-top:6.25pt; margin-left:14.2pt; margin-bottom:6.25pt; text-indent:-14.2pt; text-align:justify; line-height:12.5pt; font-family:'Verdana'; font-size:9.5pt }\r\n.Punktlistasiffra { margin-top:6.25pt; margin-left:14.2pt; margin-bottom:6.25pt; text-indent:-14.2pt; text-align:justify; line-height:12.5pt; font-family:'Verdana'; font-size:9.5pt }\r\n.PVgnar { margin-top:3.1pt; margin-bottom:26pt; text-align:left; page-break-inside:avoid; page-break-after:avoid; line-height:normal; font-family:'Verdana'; font-size:9.5pt }\r\n.Quote { margin-top:6.1pt; margin-left:14.2pt; margin-bottom:0pt; text-align:justify; line-height:10pt; font-family:'Verdana'; font-size:9.5pt }\r\n.R1 { margin-top:3.1pt; margin-bottom:12pt; text-align:left; page-break-after:avoid; line-height:12.5pt; font-family:'Verdana'; font-size:16pt }\r\n.R1bilaga { margin-top:3.1pt; margin-bottom:12pt; text-align:left; page-break-after:auto; line-height:12.5pt; font-family:'Verdana'; font-size:16pt }\r\n.R2 { margin-top:20pt; margin-bottom:6pt; text-align:left; page-break-inside:avoid; page-break-after:avoid; line-height:12.5pt; font-family:'Verdana'; font-size:13.5pt }\r\n.R3 { margin-top:20pt; margin-bottom:3.1pt; text-align:left; page-break-inside:avoid; page-break-after:avoid; line-height:12.5pt; font-family:'Verdana'; font-size:10.5pt; font-weight:bold }\r\n.R4 { margin-top:15pt; margin-bottom:3.1pt; text-align:left; page-break-inside:avoid; page-break-after:avoid; line-height:12.5pt; font-family:'Verdana'; font-size:10.5pt; font-weight:normal; font-style:italic; color:#000000 }\r\n.R5 { margin-top:6.25pt; margin-bottom:0pt; text-align:justify; page-break-inside:avoid; page-break-after:avoid; line-height:12.5pt; font-family:'Verdana'; font-size:9.5pt; font-weight:bold }\r\n.R6 { margin-top:6.25pt; margin-bottom:0pt; text-align:justify; page-break-inside:avoid; page-break-after:avoid; line-height:12.5pt; font-family:'Verdana'; font-size:9.5pt; font-weight:normal; font-style:italic; color:#000000 }\r\n.Reservationshnvisning { margin-top:0pt; margin-bottom:8pt; text-align:right; line-height:12.5pt; font-family:'Verdana'; font-size:9.5pt; font-style:italic }\r\n.Reservationsrubrik { margin-top:0pt; margin-bottom:3.1pt; text-align:left; page-break-inside:avoid; page-break-after:avoid; line-height:12.5pt; font-family:'Verdana'; font-size:10.5pt; font-weight:bold }\r\n.Rubrik1Dokumentinformation { margin-top:0pt; margin-bottom:0pt; text-align:left; page-break-inside:avoid; page-break-after:avoid; line-height:12.5pt; font-family:'Verdana'; font-size:16pt }\r\n.Rubrik1bilaga { margin-top:0pt; margin-bottom:27.7pt; text-align:left; page-break-after:auto; line-height:12.5pt; font-family:'Verdana'; font-size:16pt }\r\n.Rubrik1medsidhuvud { margin-top:3.1pt; margin-bottom:12pt; text-align:left; page-break-before:always; page-break-after:avoid; line-height:12.5pt; font-family:'Verdana'; font-size:16pt }\r\n.Rubrik1numrerat { margin-top:3.1pt; margin-left:0pt; margin-bottom:12pt; text-indent:0pt; text-align:left; page-break-after:avoid; line-height:12.5pt; font-family:'Verdana'; font-size:16pt }\r\n.Rubrik1numreratmedsidhuvud { margin-top:0pt; margin-left:0pt; margin-bottom:16pt; text-indent:0pt; text-align:left; page-break-before:always; page-break-after:avoid; line-height:normal; font-family:'Verdana'; font-size:16pt }\r\n.Rubrik2bilaga { margin-top:20pt; margin-bottom:6pt; text-align:left; page-break-inside:avoid; page-break-after:avoid; line-height:12.5pt; font-family:'Verdana'; font-size:13.5pt }\r\n.Rubrik2numrerat { margin-top:20pt; margin-left:0pt; margin-bottom:6pt; text-indent:0pt; text-align:left; page-break-inside:avoid; page-break-after:avoid; line-height:12.5pt; font-family:'Verdana'; font-size:13.5pt }\r\n.Rubrik3numrerat { margin-top:20pt; margin-left:0pt; margin-bottom:3.1pt; text-indent:0pt; text-align:left; page-break-inside:avoid; page-break-after:avoid; line-height:12.5pt; font-family:'Verdana'; font-size:10.5pt; font-weight:bold }\r\n.Sammanfattning { margin-top:3.1pt; margin-bottom:12pt; text-align:left; page-break-after:auto; line-height:12.5pt; font-family:'Verdana'; font-size:16pt }\r\n.Sidhuvudhgerstlld { margin-top:0pt; margin-bottom:0pt; text-align:right; line-height:normal; font-family:'Verdana'; font-size:7.5pt; font-variant:small-caps }\r\n.Sidhuvudvnsterstlld { margin-top:0pt; margin-bottom:0pt; text-align:left; line-height:normal; font-family:'Verdana'; font-size:7.5pt; font-variant:small-caps }\r\n.Stdrubrik { margin-top:12pt; margin-bottom:0pt; line-height:12pt; font-family:'Verdana'; font-size:9.5pt; font-weight:bold }\r\n.Srskiltyttranderubrik { margin-top:0pt; margin-bottom:3.1pt; text-align:left; page-break-inside:avoid; page-break-after:avoid; line-height:12.5pt; font-family:'Verdana'; font-size:10.5pt; font-weight:bold }\r\n.TOC1 { margin-top:0pt; margin-right:28.35pt; margin-bottom:0pt; text-align:left; line-height:normal; font-family:'Verdana'; font-size:9.5pt }\r\n.TOC2 { margin:0pt 28.35pt 0pt 5.65pt; text-align:left; line-height:normal; font-family:'Verdana'; font-size:9.5pt }\r\n.TOC3 { margin:0pt 28.35pt 0pt 11.35pt; text-align:left; line-height:normal; font-family:'Verdana'; font-size:9.5pt }\r\n.TOC4 { margin:0pt 28.35pt 0pt 17pt; text-align:left; line-height:normal; font-family:'Verdana'; font-size:9.5pt }\r\n.TOC5 { margin:0pt 28.35pt 0pt 22.7pt; text-align:left; line-height:normal; font-family:'Verdana'; font-size:9.5pt }\r\n.TOC6 { margin-top:0pt; margin-left:47.65pt; margin-bottom:0pt; text-align:left; line-height:normal; font-family:'Verdana'; font-size:9.5pt }\r\n.TOC7 { margin-top:0pt; margin-right:28.35pt; margin-bottom:0pt; text-align:left; line-height:normal; font-family:'Verdana'; font-size:9.5pt }\r\n.TOC8 { margin-top:0pt; margin-right:28.35pt; margin-bottom:0pt; text-align:left; line-height:normal; font-family:'Verdana'; font-size:9.5pt }\r\n.TOC9 { margin-top:0pt; margin-left:8.5pt; margin-bottom:0pt; text-align:left; line-height:normal; font-family:'Verdana'; font-size:9.5pt }\r\n.TOCHeading { margin-top:3.1pt; margin-bottom:9pt; text-align:left; page-break-before:always; page-break-inside:avoid; page-break-after:avoid; line-height:12.5pt; font-family:'Verdana'; font-size:16pt }\r\n.Tabell-Kolumnrubrik { margin-bottom:0pt; line-height:12pt; font-family:'Verdana'; font-size:8pt; font-weight:bold }\r\n.Tabell-Klla { margin-top:2pt; margin-bottom:0pt; line-height:8pt; font-family:'Verdana'; font-size:7pt }\r\n.Tabell-Radrubrik { margin-bottom:0pt; line-height:12pt; font-family:'Verdana'; font-size:8pt }\r\n.Tabell-Rubrik { margin-top:12pt; margin-bottom:3pt; text-align:left; page-break-inside:avoid; page-break-after:avoid; line-height:10pt; font-family:'Verdana'; font-size:9pt; font-weight:bold }\r\n.Tabell-Siffror { margin-bottom:0pt; text-align:right; line-height:12pt; font-family:'Verdana'; font-size:8pt }\r\n.Tabell-Text { margin-bottom:0pt; line-height:12pt; font-family:'Verdana'; font-size:8pt }\r\n.Tabell-Underrubrik { margin-top:0pt; margin-bottom:1pt; text-align:left; page-break-inside:avoid; page-break-after:avoid; line-height:8pt; font-family:'Verdana'; font-size:8pt; font-weight:normal; font-style:italic }\r\n.TableofFigures { margin-top:3.1pt; margin-bottom:0pt; text-align:justify; line-height:normal; font-family:'Verdana'; font-size:9.5pt }\r\n.TillX-utskottet { margin-top:0pt; margin-bottom:12pt; text-align:left; page-break-after:avoid; line-height:12.5pt; font-family:'Verdana'; font-size:16pt }\r\n.Title { margin-top:3.1pt; margin-bottom:1pt; text-align:left; line-height:12pt; font-family:'Verdana'; font-size:20pt; letter-spacing:-0.5pt }\r\n.Vapen { margin-top:0pt; margin-bottom:0pt; text-align:left; page-break-inside:avoid; page-break-after:avoid; line-height:12.5pt; font-family:'Verdana'; font-size:16pt }\r\n.Yrkandelista { margin-top:3.1pt; margin-left:28.35pt; margin-bottom:0pt; text-indent:-28.35pt; text-align:justify; line-height:12.5pt; font-family:'Verdana'; font-size:9.5pt }\r\n.YrkandelistaEtt { margin-top:3.1pt; margin-left:0pt; margin-bottom:0pt; text-indent:0pt; text-align:justify; line-height:12.5pt; font-family:'Verdana'; font-size:9.5pt }\r\nspan.BallongtextChar { font-family:Tahoma; font-size:8pt }\r\nspan.BilagaChar { font-family:'Verdana'; font-size:8pt; font-variant:small-caps; text-decoration:underline }\r\nspan.BrdtextChar { font-family:'Verdana'; font-size:9.5pt }\r\nspan.BrdtextChar1 { font-family:'Verdana'; font-size:9.5pt }\r\nspan.Brdtextmedindrag2Char { font-family:'Verdana'; font-size:9.5pt }\r\nspan.CitatChar { font-family:'Verdana'; font-size:9.5pt }\r\nspan.DokumentRubrikChar { font-family:'Verdana'; font-size:18pt }\r\nspan.FotnotstextChar { font-family:'Verdana'; font-size:8pt }\r\nspan.FotnotstextindragChar { font-family:'Verdana'; font-size:8pt }\r\nspan.FrslagspunktChar { font-family:'Verdana'; font-size:9.5pt; font-weight:bold; font-style:normal }\r\nspan.Hyperlink { text-decoration:none; color:#000000 }\r\nspan.KommentarerChar { font-family:'Verdana'; font-size:10pt }\r\nspan.NormalkursivChar { font-family:'Verdana'; font-size:9.5pt; font-style:italic }\r\nspan.NormaltindragChar { font-family:'Verdana'; font-size:9.5pt }\r\nspan.OrdfrandenChar { font-family:'Verdana'; font-size:9.5pt; font-style:italic }\r\nspan.OrtochDatumChar { font-family:'Verdana'; font-size:9.5pt }\r\nspan.PlaceholderText { color:#808080 }\r\nspan.PVgnarChar { font-family:'Verdana'; font-size:9.5pt }\r\nspan.ReservationshnvisningChar { font-family:'Verdana'; font-size:9.5pt; font-style:italic }\r\nspan.Rubrik1Char { font-family:'Verdana'; font-size:16pt }\r\nspan.Rubrik1DokumentinformationChar { font-family:'Verdana'; font-size:16pt }\r\nspan.Rubrik2Char { font-family:'Verdana'; font-size:13.5pt }\r\nspan.Rubrik3Char { font-family:'Verdana'; font-size:10.5pt; font-weight:bold }\r\nspan.Rubrik4Char { font-family:'Verdana'; font-size:10.5pt; font-style:italic; color:#000000 }\r\nspan.Rubrik5Char { font-family:'Verdana'; font-size:9.5pt; font-weight:bold }\r\nspan.Rubrik6Char { font-family:'Verdana'; font-size:9.5pt; font-style:italic; color:#000000 }\r\nspan.Rubrik7Char { font-family:'Verdana'; font-size:9.5pt; font-style:italic; color:#243f60 }\r\nspan.Rubrik8Char { font-family:'Verdana'; font-size:9pt; color:#272727 }\r\nspan.Rubrik9Char { font-family:'Verdana'; font-size:9pt; font-style:italic; color:#272727 }\r\nspan.RubrikChar { font-family:'Verdana'; font-size:20pt; letter-spacing:-0.5pt }\r\nspan.SidfotChar { font-family:'Verdana'; font-size:9.5pt }\r\nspan.SidhuvudChar { font-family:'Verdana'; font-size:7.5pt; font-variant:small-caps }\r\nspan.Tabell-Upphjttecken { font-family:'Verdana'; font-variant:normal; text-decoration:none; text-transform:none; vertical-align:super; display:inline }\r\nspan.VapenChar { font-family:'Verdana'; font-size:16pt }\r\nspan.tBilagaJA { color:#000000 }\r\nspan.tSidrubrikJA { color:#000000 }\r\n.TableGrid {  }\r\n--></style>\r\n\r\n\t\t<div class=\"Section1\">\r\n\t\t\t<table cellspacing=\"0\" cellpadding=\"0\" style=\"border-collapse:collapse; margin-left:0pt\">\r\n\t\t\t\t<tr style=\"height:79.4pt\">\r\n\t\t\t\t\t<td style=\"vertical-align:top; width:297.7pt\">\r\n\t\t\t\t\t\t<p class=\"Rubrik1Dokumentinformation\" style=\"margin-top:0pt; margin-bottom:0pt; text-align:left; page-break-inside:avoid; page-break-after:avoid; line-height:16pt\">\r\n\t\t\t\t\t\t\t<span style=\"font-family:'Verdana'; font-size:16pt; -aw-sdt-tag:ccUtskott; -aw-sdt-title:'utskottsnamn Dokumentegenskap'\">Försvarsutskottet</span><span style=\"font-family:'Verdana'; font-size:16pt; -aw-sdt-tag:ccS; -aw-sdt-title:s\">s</span><span style=\"font-family:'Verdana'; font-size:16pt; -aw-sdt-tag:ccMellanslag; -aw-sdt-title:Mellanslag\"> </span><a name=\"Utlatande\"></a><span style=\"font-family:'Verdana'; font-size:16pt\">betänkande</span>\r\n\t\t\t\t\t\t</p>\r\n\t\t\t\t\t\t<p class=\"Dokumentbeteckning\" style=\"margin-top:0pt; margin-bottom:0pt; text-align:left; page-break-inside:avoid; page-break-after:avoid; line-height:16pt\">\r\n\t\t\t\t\t\t\t<span style=\"font-family:'Verdana'; font-size:16pt; -aw-sdt-tag:ccRiksmote; -aw-sdt-title:'riksmote Dokumentegenskap'\">2018/19</span><span style=\"font-family:'Verdana'; font-size:16pt; -aw-sdt-tag:ccKolon; -aw-sdt-title:Kolon\">:</span><a name=\"Utskottebeteckning\"></a><span style=\"font-family:'Verdana'; font-size:16pt\">FöU10</span>\r\n\t\t\t\t\t\t</p>\r\n\t\t\t\t\t\t<p class=\"Rubrik1Dokumentinformation\" style=\"margin-top:0pt; margin-bottom:0pt; text-align:left; page-break-inside:avoid; page-break-after:avoid; line-height:16pt\">\r\n\t\t\t\t\t\t\t<span style=\"font-family:'Verdana'; font-size:16pt\"> </span>\r\n\t\t\t\t\t\t</p>\r\n\t\t\t\t\t</td>\r\n\t\t\t\t</tr>\r\n\t\t\t</table>\r\n\t\t\t<p class=\"DokumentRubrik\" style=\"-aw-sdt-tag:ccDokumentrubrik; -aw-sdt-title:'dokumentrubrik Dokumentegenskap'\">\r\n\t\t\t\t<span>Riksrevisionens rapport Nationellt försvar på regional nivå</span>\r\n\t\t\t</p>\r\n\t\t\t<p>\r\n\t\t\t\t<span> </span>\r\n\t\t\t</p>\r\n\t\t\t<p class=\"Sammanfattning\">\r\n\t\t\t\t<span class=\"tSidrubrikJA\">Sammanfattning</span>\r\n\t\t\t</p>\r\n\t\t\t<p>\r\n\t\t\t\t<span>Utskottet föreslår att</span><span> riksdagen lägger skrivelse 2018/19:28 </span><span>Riksrevisionens </span><span> </span><span>rapport om </span><span>nationellt försvar på regional nivå</span><span> till handlingarna. </span>\r\n\t\t\t</p>\r\n\t\t\t<p class=\"NormalIndent\">\r\n\t\t\t\t<span>Riksrevisionen har</span><span> i en rapport (</span><span>RiR</span><span> 2018:14) granskat om Försvarsmaktens</span><span> </span><span>regionala staber har förutsättningar att lösa sina huvuduppgifter och om</span><span> </span><span>arbetet sker på ett ändamålsenligt sätt.</span><span> </span><span>Riksrevisionens sammanvägda bedömning är att riksdagens och</span><span> </span><span>regeringens övergripande målsättning uppfylls, det vill säga att de</span><span> </span><span>regionala stabernas arbete bidrar till Försvarsmaktens förmåga att lösa</span><span> </span><span>nationella uppgifter genom att utöva territoriell ledning, leda</span><span> </span><span>hemvärnsförbanden och ge stöd till samhället. Riksrevisionen anser att</span><span> </span><span>regeringens styrning av Försvarsmakten </span><span>när det gäller</span><span> de regionala staberna är</span><span> </span><span>tillräckligt tydlig, har relevans för uppgiften och sker med rimlig frekvens.</span><span> </span><span>Detsamma gäller för Försvarsmaktens återrapportering, såväl internt som</span><span> </span><span>till regeringen.</span>\r\n\t\t\t</p>\r\n\t\t\t<p class=\"NormalIndent\">\r\n\t\t\t\t<span>Riksrevisionen lämnar i rapporten rekommendationer till</span><span> </span><span>Försvarsmakten. Regeringen välkomnar Riksrevisionens granskning och</span><span> </span><span>följer myndighetens arbete med att omhänderta Riksrevisionens</span><span> </span><span>rekommendationer.</span><span> </span>\r\n\t\t\t</p>\r\n\t\t\t<p class=\"NormalIndent\">\r\n\t\t\t\t<span>Utskottet </span><span>välkomnar Riksrevisionens rekommendationer</span><span> </span><span>och avser att följa upp arbete</span><span>t</span><span> med att omhänderta rekommendationerna. </span><span>Utskottet föreslår att rik</span><span>s</span><span>dagen avslår ett motionsyrkande om ökad övningsverksamhet. </span><span> </span>\r\n\t\t\t</p>\r\n\t\t\t<p class=\"NormalIndent\">\r\n\t\t\t\t<span>I betänkandet finns </span><span>en</span><span> reservation (</span><span>KD, </span><span>L).</span>\r\n\t\t\t</p>\r\n\t\t\t<p class=\"R4\">\r\n\t\t\t\t<span>Behandlade förslag</span>\r\n\t\t\t</p>\r\n\t\t\t<p>\r\n\t\t\t\t<span>Skrivelse 2018/19:28 Riksrevisionens rapport om nationellt försvar på regional nivå.</span>\r\n\t\t\t</p>\r\n\t\t\t<p>\r\n\t\t\t\t<span>Ett yrkande</span><span> i </span><span>en </span><span>motion från allmänna motionstiden 2018/19.</span>\r\n\t\t\t</p>\r\n\t\t\t<p class=\"Innehllsfrteckning\">\r\n\t\t\t\t<a name=\"Innehållsförteckning\"></a><span class=\"tSidrubrikJA\">Innehållsförteckning</span>\r\n\t\t\t</p>\r\n\t\t\t<p class=\"TOC1\">\r\n\t\t\t\t<a style=\"color:#000000\" href=\"#_Toc1050239\"><span class=\"Hyperlink\">Utskottets förslag till riksdagsbeslut</span></a>\r\n\t\t\t</p>\r\n\t\t\t<p class=\"TOC1\">\r\n\t\t\t\t<a style=\"color:#000000\" href=\"#_Toc1050240\"><span class=\"Hyperlink\">Redogörelse för ärendet</span></a>\r\n\t\t\t</p>\r\n\t\t\t<p class=\"TOC2\" style=\"margin-bottom:0pt\">\r\n\t\t\t\t<a style=\"color:#000000\" href=\"#_Toc1050241\"><span class=\"Hyperlink\">Ärendet och dess beredning</span></a>\r\n\t\t\t</p>\r\n\t\t\t<p class=\"TOC2\" style=\"margin-top:0pt\">\r\n\t\t\t\t<a style=\"color:#000000\" href=\"#_Toc1050242\"><span class=\"Hyperlink\">Bakgrund</span></a>\r\n\t\t\t</p>\r\n\t\t\t<p class=\"TOC1\">\r\n\t\t\t\t<a style=\"color:#000000\" href=\"#_Toc1050243\"><span class=\"Hyperlink\">Utskottets överväganden</span></a>\r\n\t\t\t</p>\r\n\t\t\t<p class=\"TOC2\">\r\n\t\t\t\t<a style=\"color:#000000\" href=\"#_Toc1050244\"><span class=\"Hyperlink\">Skrivelsen</span></a>\r\n\t\t\t</p>\r\n\t\t\t<p class=\"TOC1\">\r\n\t\t\t\t<a style=\"color:#000000\" href=\"#_Toc1050245\"><span class=\"Hyperlink\">Reservation</span></a>\r\n\t\t\t</p>\r\n\t\t\t<p class=\"TOC6\" style=\"margin-right:17pt; margin-left:5.65pt\">\r\n\t\t\t\t<a style=\"color:#000000\" href=\"#_Toc1050246\"><span class=\"Hyperlink\">Ökad övningsverksamhet, punkt 1 (KD, L)</span></a>\r\n\t\t\t</p>\r\n\t\t\t<p class=\"TOC8\">\r\n\t\t\t\t<span class=\"Hyperlink\" style=\"font-style:italic\">Bilaga</span><br /><a style=\"color:#000000\" href=\"#_Toc1050247\"><span class=\"Hyperlink\">Förteckning över behandlade förslag</span></a>\r\n\t\t\t</p>\r\n\t\t\t<p class=\"TOC9\">\r\n\t\t\t\t<a style=\"color:#000000\" href=\"#_Toc1050248\"><span class=\"Hyperlink\">Skrivelsen</span></a>\r\n\t\t\t</p>\r\n\t\t\t<p class=\"TOC9\">\r\n\t\t\t\t<a style=\"color:#000000\" href=\"#_Toc1050249\"><span class=\"Hyperlink\">Motion från allmänna motionstiden 2018/19</span></a>\r\n\t\t\t</p>\r\n\t\t\t<p>\r\n\t\t\t</p>\r\n\t\t\t<p>\r\n\t\t\t\t<span> </span>\r\n\t\t\t</p>\r\n\t\t\t<p class=\"NormalIndent\">\r\n\t\t\t\t<span> </span>\r\n\t\t\t</p>\r\n\t\t\t<p class=\"Avsnittsrubrik\">\r\n\t\t\t\t<a name=\"_Toc1050239\"></a><a name=\"StopCC\"></a><span class=\"tSidrubrikJA\">Utskottets förslag till riksdagsbeslut</span><span style=\"-aw-bookmark-end:_Toc1050239\"></span>\r\n\t\t\t</p>\r\n\t\t\t<p class=\"Mellanrum\">\r\n\t\t\t\t<span> </span>\r\n\t\t\t</p>\r\n\t\t\t<p class=\"Mellanrum\">\r\n\t\t\t\t<span> </span>\r\n\t\t\t</p>\r\n\t\t\t<table cellspacing=\"0\" cellpadding=\"0\" style=\"border-collapse:collapse; margin-left:0pt; width:294.2pt\">\r\n\t\t\t\t<tr>\r\n\t\t\t\t\t<td style=\"vertical-align:top; width:22pt\">\r\n\t\t\t\t\t\t<p style=\"margin-top:3.1pt; margin-bottom:0pt; text-align:justify; page-break-inside:avoid; page-break-after:avoid; line-height:12.5pt\">\r\n\t\t\t\t\t\t\t<span style=\"font-family:'Verdana'; font-size:10.5pt; font-weight:bold\">1.</span>\r\n\t\t\t\t\t\t</p>\r\n\t\t\t\t\t</td>\r\n\t\t\t\t\t<td style=\"vertical-align:top; width:272.2pt\">\r\n\t\t\t\t\t\t<p style=\"margin-top:3.1pt; margin-bottom:0pt; text-align:justify; page-break-inside:avoid; page-break-after:avoid; line-height:12.5pt\">\r\n\t\t\t\t\t\t\t<span style=\"font-family:'Verdana'; font-size:10.5pt; font-weight:bold\">Ökad övningsverksamhet</span>\r\n\t\t\t\t\t\t</p>\r\n\t\t\t\t\t</td>\r\n\t\t\t\t</tr>\r\n\t\t\t</table>\r\n\t\t\t<p class=\"Normalinskjuten\" style=\"-aw-sdt-tag:'dokumentavsnitt/utskottets förslag till riksdagsbeslut/-1410155311/1550139257462'; -aw-sdt-title:'utskottets förslag till riksdagsbeslut'\">\r\n\t\t\t\t<span>Riksdagen avslår motion </span>\r\n\t\t\t</p>\r\n\t\t\t<p class=\"Normalinskjuten\" style=\"-aw-sdt-tag:'dokumentavsnitt/utskottets förslag till riksdagsbeslut/-1410155311/1550139257462'; -aw-sdt-title:'utskottets förslag till riksdagsbeslut'\">\r\n\t\t\t\t<span>2018/19:2472 av Mikael Oscarsson m.fl. (KD) yrkande 14.</span>\r\n\t\t\t</p>\r\n\t\t\t<p class=\"Mellanrum\" style=\"-aw-sdt-tag:'dokumentavsnitt/utskottets förslag till riksdagsbeslut/-1410155311/1550139257462'; -aw-sdt-title:'utskottets förslag till riksdagsbeslut'\">\r\n\t\t\t\t<span> </span>\r\n\t\t\t</p>\r\n\t\t\t<p class=\"Reservationshnvisning\" style=\"-aw-sdt-tag:'dokumentavsnitt/utskottets förslag till riksdagsbeslut/-1410155311/1550139257462'; -aw-sdt-title:'utskottets förslag till riksdagsbeslut'\">\r\n\t\t\t\t<span>Reservation (KD, L)</span>\r\n\t\t\t</p>\r\n\t\t\t<table cellspacing=\"0\" cellpadding=\"0\" style=\"border-collapse:collapse; margin-left:0pt; width:294.2pt\">\r\n\t\t\t\t<tr>\r\n\t\t\t\t\t<td style=\"vertical-align:top; width:22pt\">\r\n\t\t\t\t\t\t<p style=\"margin-top:3pt; margin-bottom:0pt; text-align:justify; page-break-inside:avoid; page-break-after:avoid; line-height:12.5pt\">\r\n\t\t\t\t\t\t\t<span style=\"font-family:'Verdana'; font-size:10.5pt; font-weight:bold\">2.</span>\r\n\t\t\t\t\t\t</p>\r\n\t\t\t\t\t</td>\r\n\t\t\t\t\t<td style=\"vertical-align:top; width:272.2pt\">\r\n\t\t\t\t\t\t<p style=\"margin-top:3pt; margin-bottom:0pt; text-align:justify; page-break-inside:avoid; page-break-after:avoid; line-height:12.5pt\">\r\n\t\t\t\t\t\t\t<span style=\"font-family:'Verdana'; font-size:10.5pt; font-weight:bold\">Skrivelsen</span>\r\n\t\t\t\t\t\t</p>\r\n\t\t\t\t\t</td>\r\n\t\t\t\t</tr>\r\n\t\t\t</table>\r\n\t\t\t<p class=\"Normalinskjuten\" style=\"-aw-sdt-tag:'dokumentavsnitt/utskottets förslag till riksdagsbeslut/-1410155311/1550139257462'; -aw-sdt-title:'utskottets förslag till riksdagsbeslut'\">\r\n\t\t\t\t<span>Riksdagen lägger skrivelse 2018/19:28 till handlingarna.</span>\r\n\t\t\t</p>\r\n\t\t\t<p class=\"Mellanrum\" style=\"-aw-sdt-tag:'dokumentavsnitt/utskottets förslag till riksdagsbeslut/-1410155311/1550139257462'; -aw-sdt-title:'utskottets förslag till riksdagsbeslut'\">\r\n\t\t\t\t<span> </span>\r\n\t\t\t</p>\r\n\t\t\t<p class=\"OrtochDatum\" style=\"-aw-sdt-tag:'dokumentavsnitt/utskottets förslag till riksdagsbeslut/-1410155311/1550139257462'; -aw-sdt-title:'utskottets förslag till riksdagsbeslut'\">\r\n\t\t\t\t<span>Stockholm den 14 februari 2019</span>\r\n\t\t\t</p>\r\n\t\t\t<p class=\"PVgnar\" style=\"-aw-sdt-tag:'dokumentavsnitt/utskottets förslag till riksdagsbeslut/-1410155311/1550139257462'; -aw-sdt-title:'utskottets förslag till riksdagsbeslut'\">\r\n\t\t\t\t<span>På försvarsutskottets vägnar</span>\r\n\t\t\t</p>\r\n\t\t\t<p class=\"Ordfranden\" style=\"-aw-sdt-tag:'dokumentavsnitt/utskottets förslag till riksdagsbeslut/-1410155311/1550139257462'; -aw-sdt-title:'utskottets förslag till riksdagsbeslut'\">\r\n\t\t\t\t<span>Niklas Karlsson</span>\r\n\t\t\t</p>\r\n\t\t\t<p class=\"Deltagare\" style=\"-aw-sdt-tag:'dokumentavsnitt/utskottets förslag till riksdagsbeslut/-1410155311/1550139257462'; -aw-sdt-title:'utskottets förslag till riksdagsbeslut'\">\r\n\t\t\t\t<span>Följande ledamöter har deltagit i beslutet: Niklas Karlsson (S), Beatrice Ask (M), Paula Holmqvist (S), Jan R Andersson (M), Roger Richtoff (SD), Mattias Ottosson (S), Daniel Bäckström (C), Hanna Gunnarsson (V), Pål Jonson (M), Josef Fransson (SD), Kalle Olsson (S), Mikael Oscarsson (KD), Allan Widman (L), Caroline Nordengrip (SD), Elisabeth Falkhaven (MP), Alexandra Anstrell (M) och ClasGöran Carlsson (S).</span>\r\n\t\t\t</p>\r\n\t\t\t<p class=\"Mellanrum\" style=\"-aw-sdt-tag:'dokumentavsnitt/utskottets förslag till riksdagsbeslut/-1410155311/1550139257462'; -aw-sdt-title:'utskottets förslag till riksdagsbeslut'\">\r\n\t\t\t\t<span> </span>\r\n\t\t\t</p>\r\n\t\t\t<p class=\"Mellanrum\" style=\"-aw-sdt-tag:'dokumentavsnitt/utskottets förslag till riksdagsbeslut/-1410155311/1550139257462'; -aw-sdt-title:'utskottets förslag till riksdagsbeslut'\">\r\n\t\t\t\t<span> </span>\r\n\t\t\t</p>\r\n\t\t\t<p class=\"Mellanrum\" style=\"-aw-sdt-tag:'dokumentavsnitt/utskottets förslag till riksdagsbeslut/-1410155311/1550139257462'; -aw-sdt-title:'utskottets förslag till riksdagsbeslut'\">\r\n\t\t\t\t<span style=\"font-size:9.5pt\"> </span>\r\n\t\t\t</p>\r\n\t\t\t<p>\r\n\t\t\t\t<span> </span>\r\n\t\t\t</p>\r\n\t\t\t<p class=\"Avsnittsrubrik\">\r\n\t\t\t\t<a name=\"_Toc1050240\"></a><a name=\"SlutUtskottsForslag\"></a><span class=\"tSidrubrikJA\">Redogörelse för ärendet</span><span style=\"-aw-bookmark-end:_Toc1050240\"></span>\r\n\t\t\t</p>\r\n\t\t\t<h2>\r\n\t\t\t\t<a name=\"_Toc1050241\"><span>Ärendet och dess beredning</span></a>\r\n\t\t\t</h2>\r\n\t\t\t<p class=\"NormalIndent\" style=\"text-indent:0pt\">\r\n\t\t\t\t<span>Riksrevisionen har granskat Försvarsmaktens regionala staber. Resultatet av granskningen har redovisats i rapporten Nationellt försvar på regional nivå – de regionala stabernas roll och ansvar (</span><span>RiR</span><span> 2018:14). Granskningsrapporten innehåller slutsatser och rekommendationer för Försvarsmakten. Riksdagen överlämnade rapporten till regeringen den 31 maj 2018. Regeringen överlämnade den 12 december 2018 sin skrivelse till riksdagen med anledning av Riksrevisionens rapport. Riksrevisionen föredrog </span><span>s</span><span>in rapport för utskottet den 24 </span><span>januari 2019 inför utskottets b</span><span>e</span><span>re</span><span>dning av regeringens skrivelse. </span><span>Utskottet fick vid föredra</span><span>gningen även en redovisning av </span><span>en </span><span>hemlig</span><span> promemoria</span><span> som delg</span><span>etts</span><span> </span><span>Försvarsdepartementet och Försvarsmakten</span><span>.</span>\r\n\t\t\t</p>\r\n\t\t\t<h2>\r\n\t\t\t\t<a name=\"_Toc1050242\"><span>Bakgrund</span></a>\r\n\t\t\t</h2>\r\n\t\t\t<p class=\"NormalIndent\" style=\"text-indent:0pt\">\r\n\t\t\t\t<span>År 2013 genomgick Försvarsmakten en omorganisation som innebar en</span><span> </span><span>decentralisering från Högkvarteret och </span><span>förstärkning</span><span> av den</span><span> regionala organisationen. Sverige indelades i fyra militärregioner</span><span> (MR):</span><span> MR Norr, MR Mitt, MR Väst och MR Syd. I</span><span> varje militärregion</span><span> </span><span>inrättades en regional stab</span><span>.</span><span> </span><span>De regionala staberna fick ansvar för r</span><span>egional försvarsplanering, ledning av territoriell</span><span> </span><span>verksamhet, viss säkerhets- och underrättelsetjänst och samverkan med civila</span><span> </span><span>aktörer inom ramen för totalförsvaret. </span><span>I</span><span>nnehållet och omfattningen av de regionala stabernas uppgifter </span><span>har sedan </span><span>delvis ökat,</span><span> f</span><span>ramför</span><span> </span><span>allt inom försvarsplanering, samtidigt som uppgifter kopplade till</span><span> </span><span>värdlandsstöd har tillkommit. </span>\r\n\t\t\t</p>\r\n\t\t\t<p class=\"NormalIndent\">\r\n\t\t\t\t<span>Inget särskilt riksdagsbeslut fattades med anledning av inrättandet av de regionala staberna, men riksdagen antog budgetpropositionen för 20</span><span>12, där Försvarsmaktens avsikt</span><span> att inrätta de fyra regionala staberna framgick. </span><span>Det fattades inte heller något särskilt regeringsbeslut innan de regionala staberna inrättades. </span>\r\n\t\t\t</p>\r\n\t\t\t<p class=\"Rubrik1medsidhuvud\">\r\n\t\t\t\t<a name=\"_Toc1050243\"><span class=\"tSidrubrikJA\">Utskottets överväganden</span></a>\r\n\t\t\t</p>\r\n\t\t\t<h2>\r\n\t\t\t\t<a name=\"_Toc1050244\"><span>Skrivelsen</span></a>\r\n\t\t\t</h2>\r\n\t\t\t<div style=\"border-bottom-color:#000000; border-bottom-style:solid; border-bottom-width:0.75pt; border-left-color:#000000; border-left-style:solid; border-left-width:0.75pt; border-right-color:#000000; border-right-style:solid; border-right-width:0.75pt; border-top-color:#000000; border-top-style:solid; border-top-width:0.75pt; clear:both; margin:3.1pt 0.9pt 0pt\">\r\n\t\t\t\t<p class=\"Normalrutafet\" style=\"margin:0pt; padding-right:4pt; padding-left:4pt\">\r\n\t\t\t\t\t<span>Utskottets förslag i korthet</span>\r\n\t\t\t\t</p>\r\n\t\t\t\t<p class=\"Normalruta\" style=\"margin:0pt; padding-right:4pt; padding-left:4pt; padding-bottom:4pt\">\r\n\t\t\t\t\t<span>Riksdagen </span><span>lägger regeringens skrivelse 2018/19:28 </span><span>Riksrevisionens </span><span> </span><span>rapport om nationellt försvar på regional nivå till handlingarna</span><span>. Motionen avslås.</span>\r\n\t\t\t\t</p>\r\n\t\t\t</div>\r\n\t\t\t<p class=\"R3\">\r\n\t\t\t\t<span>Riksrevisionens slutsatser och rekommendationer</span>\r\n\t\t\t</p>\r\n\t\t\t<p>\r\n\t\t\t\t<span>Riksrevisionen har granskat Försvarsmakten med avseende på de regionala stabernas arbete. Granskningen genomfördes under hösten 2017 och våren 2018. I granskningen har Riksrevisionen inhämtat information från Försvarsdepartementet, Försvarsmakten och 17 länsstyrelser. </span>\r\n\t\t\t</p>\r\n\t\t\t<p class=\"NormalIndent\">\r\n\t\t\t\t<span>Riksrevisionen drar slutsatsen att riksdagens och regeringens övergripande målsättning uppfylls, </span><span>dvs.</span><span> att de regionala stabernas arbete bidrar till Försvarsmaktens förmåga att lösa nationella uppgifter genom att utöva territoriell ledning, leda hemvärnsförbanden och ge stöd till samhället. Riksrevisionen bedömer vidare att de regionala staberna tillsammans med bl.a. länsstyrelser är centrala aktörer i utvecklingen av totalförsvaret på regional nivå. </span>\r\n\t\t\t</p>\r\n\t\t\t<p class=\"NormalIndent\">\r\n\t\t\t\t<span>Vid högre konfliktnivåer begränsas dock de regionala stabernas möjligheter att lösa sina uppgifter av ett antal brister i såväl förutsättningar som arbetsmetoder, som inte fullt ut är ändamålsenliga. Försvarsmaktens sty</span><span>rning av de regionala staberna bedöms av Riksrevisionen som</span><span> otydlig </span><span>när det gäller</span><span> såväl interna styrdokument som harmonisering och framtagande av bästa praxis. Stabernas bemanningsbehov motsvaras inte helt av den bemanning som planeras. Staberna har inte övats i sin fullständiga ledningsroll och det är därför svårt att bedöma i vilken utsträckning de kan leda underställda förband och stödja på operativ och taktisk nivå. Den regionala staben i Militärregion Mitt möter</span><span> enligt Riksrevisionen</span><span> särskilda geografiska och uppgiftsmässiga utmaningar som innebär att de inte på samma sätt som övriga regionala staber kan lösa sina uppgifter på ett ändamålsenligt sätt. </span>\r\n\t\t\t</p>\r\n\t\t\t<p class=\"NormalIndent\">\r\n\t\t\t\t<span>Riksrevisionen r</span><span>ekommenderar Försvarsmakten att</span><span> </span>\r\n\t\t\t</p>\r\n\t\t\t<p class=\"Punktlistabomb\" style=\"margin-left:14.2pt; margin-bottom:0pt; text-indent:-14.2pt\">\r\n\t\t\t\t<span style=\"font-size:10.5pt; font-weight:bold\"><span style=\"font-family:'Verdana'; font-size:10pt\">•</span></span><span style=\"font:7.0pt 'Verdana'\">       </span><span>t</span><span>ydliggöra styrdokument så att de regionala stabernas uppgifter framgår</span>\r\n\t\t\t</p>\r\n\t\t\t<p class=\"Punktlistabomb\" style=\"margin-top:0pt; margin-left:14.2pt; margin-bottom:0pt\">\r\n\t\t\t\t<span>tydligt och samlat, i syfte att skapa tydlighet för staberna och underlätta</span>\r\n\t\t\t</p>\r\n\t\t\t<p class=\"Punktlistabomb\" style=\"margin-top:0pt; margin-left:14.2pt; margin-bottom:0pt\">\r\n\t\t\t\t<span>krigsförbandsvärderingen och rapporteri</span><span>ngen till regeringen</span>\r\n\t\t\t</p>\r\n\t\t\t<p class=\"Punktlistabomb\" style=\"margin-top:0pt; margin-left:14.2pt; margin-bottom:0pt; text-indent:-14.2pt\">\r\n\t\t\t\t<span><span style=\"font-family:'Verdana'; font-size:10pt\">•</span></span><span style=\"font:7.0pt 'Verdana'\">       </span><span>h</span><span>armonisera de regionala stabernas arbete i större utsträckning och se till att</span><span> </span><span>effektiva arbetssätt delas och </span><span>införs</span><span> av alla regionala staber i de fall</span><span> </span><span>det är lämpligt</span>\r\n\t\t\t</p>\r\n\t\t\t<p class=\"Punktlistabomb\" style=\"margin-top:0pt; margin-left:14.2pt; margin-bottom:0pt; text-indent:-14.2pt\">\r\n\t\t\t\t<span><span style=\"font-family:'Verdana'; font-size:10pt\">•</span></span><span style=\"font:7.0pt 'Verdana'\">       </span><span>s</span><span>e till att de regionala staberna övas i sin fullständiga roll att leda</span>\r\n\t\t\t</p>\r\n\t\t\t<p class=\"Punktlistabomb\" style=\"margin-top:0pt; margin-left:14.2pt; margin-bottom:0pt\">\r\n\t\t\t\t<span>underställda förband och stödja på operativ och taktisk nivå</span>\r\n\t\t\t</p>\r\n\t\t\t<p class=\"Punktlistabomb\" style=\"margin-top:0pt; margin-left:14.2pt; margin-bottom:0pt; text-indent:-14.2pt\">\r\n\t\t\t\t<span><span style=\"font-family:'Verdana'; font-size:10pt\">•</span></span><span style=\"font:7.0pt 'Verdana'\">       </span><span>ö</span><span>verväga åtgärder som kan öka </span><span>möjligheterna för </span><span>den regionala stab</span><span>en i MR Mitt</span><span> </span><span>att lösa sina tilldelade uppgifter på ett mer ändamålsenligt sätt</span>\r\n\t\t\t</p>\r\n\t\t\t<p class=\"Punktlistabomb\" style=\"margin-top:0pt; margin-left:14.2pt; text-indent:-14.2pt\">\r\n\t\t\t\t<span><span style=\"font-family:'Verdana'; font-size:10pt\">•</span></span><span style=\"font:7.0pt 'Verdana'\">       </span><span>b</span><span>eakta bemanningsbehovet vid de regionala staberna med avseende på</span><span> </span><span>bakgrund och erfarenhet.</span>\r\n\t\t\t</p>\r\n\t\t\t<p class=\"NormalIndent\" style=\"text-indent:0pt\">\r\n\t\t\t\t<span>Utöver dessa rekommendationer </span><span>har </span><span>Riksrevisionen </span><span>presenterat</span><span> </span><span>ytterligare tre</span>\r\n\t\t\t</p>\r\n\t\t\t<p class=\"NormalIndent\" style=\"text-indent:0pt\">\r\n\t\t\t\t<span>rekommendationer i en hemlig promemoria som har delg</span><span>etts</span>\r\n\t\t\t</p>\r\n\t\t\t<p class=\"NormalIndent\" style=\"text-indent:0pt\">\r\n\t\t\t\t<span>Försvarsdepartementet och Försvarsmakten.</span>\r\n\t\t\t</p>\r\n\t\t\t<p class=\"R3\">\r\n\t\t\t\t<span>Regeringens bedömning och åtgärder med anledning av Riksrevisionens slutsatser och rekommendationer</span>\r\n\t\t\t</p>\r\n\t\t\t<p>\r\n\t\t\t\t<span>Regeringen välkomnar Riksrevisionens granskning av Försvarsmakten</span><span>s</span><span> </span><span>regionala staber. Regeringen följer Försvarsmaktens arbete med att</span><span> </span><span>omhänderta Riksrevisionens rekommendationer.</span>\r\n\t\t\t</p>\r\n\t\t\t<p class=\"NormalIndent\">\r\n\t\t\t\t<span>Regeringen anser att Riksrevisionens rapport är slutbehandlad i och med skrivelsen. </span>\r\n\t\t\t</p>\r\n\t\t\t<p class=\"R3\">\r\n\t\t\t\t<span>Motionen</span>\r\n\t\t\t</p>\r\n\t\t\t<p>\r\n\t\t\t\t<span>I motion 2018/19:2472 anför Mikael Oscarsson m.fl. (KD) </span><span>att </span><span>Försvarsmaktens resurser </span><span>riskerar att</span><span> bli outnyttjade i situationer där de skulle kunna göra stor nytta</span><span>,</span><span> eftersom det inte genomförs några mer omfattande samövningar. </span><span>Enligt motionärerna skulle</span><span> en ökad samverkan med </span><span>civila myndigheter även kunna </span><span>vara en</span><span> </span><span>motivationshöjande faktor för de soldater som </span><span>tjänstgör</span><span> under lång tid i Försvarsmakten och </span><span>följaktligen</span><span> kan</span><span> finna övningar av annan </span><span>karaktär än rent</span><span> militära </span><span>som stimulerande.</span><span> </span><span>Motionärerna yrkar därför på </span><span>att de fyra regio</span><span>nala staberna bör få</span><span> i uppgift att initiera en ökad övningsverksamhet där kvalificerade militära resurser ställs till andra myndigheters förfogande</span><span> </span><span>för att bidra vid naturkatastrofer, stora olyckor eller andra händelser som kan påverka människors säkerhet (yrkande </span><span>14</span><span>)</span><span>.</span><span> </span>\r\n\t\t\t</p>\r\n\t\t\t<p class=\"R3\">\r\n\t\t\t\t<span>Utskottets ställningstagande</span>\r\n\t\t\t</p>\r\n\t\t\t<p>\r\n\t\t\t\t<span>Utskottet </span><span>välkomnar </span><span>Riksrevisionens </span><span>granskningsrapport </span><span>och ser positivt </span><span>på </span><span>att </span><span>de regionala stabernas arbete bidrar till Försvarsmaktens förmåga att lösa nationella uppgifter</span><span>. </span><span>Samtidigt</span><span> vill utskottet understryka</span><span> vikten av att de regionala staberna </span><span>klara</span><span>r</span><span> att lösa sina uppgifter</span><span> även</span><span> vid högre konfliktnivåe</span><span>r. </span><span>Utskottet</span><span> </span><span>bedömer</span><span> att de rekommendationer Riksrevisionen gett Försvarsmakten kan bidra t</span><span>ill att komma till</span><span> </span><span>rätta med de brister</span><span> som Riksrevisionen har funnit i sitt granskningsarbete. </span><span>Utskottet avser att </span><span>följa </span><span>upp </span><span>arbete</span><span>t</span><span> med att omhänderta </span><span>dessa</span><span> rekommendatione</span><span>r.</span>\r\n\t\t\t</p>\r\n\t\t\t<p class=\"NormalIndent\">\r\n\t\t\t\t<span>När det gäll</span><span>er motionsyrkandet vill utskottet lyfta fram</span><span> vad </span><span>Riksrevisionen</span><span> </span><span>anför</span><span> </span><span>om </span><span>att de regionala staberna</span><span> bör övas</span><span> i sin fullständiga roll. </span><span>En</span><span> hög ambitionsnivå när det gäller övningsverksamhet och utbildning är i linje med </span><span>uttalandena</span><span> i samband med det senaste försvarspolitiska beslutet (prop.</span><span> </span><span>2014/15:109, bet. 2014/15:FöU11, rskr. 2014/15:251). Samtidigt vill utskottet påminna om att den försvarspolitiska inriktningen innebär att Försvarsmaktens stöd till det civila samhället inte ska vara dimensionerande för Försvarsmakten. Med hänvisning härtill anser utskottet att syftet med motionen får anses tillgodosett. Motionen avstyrks. </span>\r\n\t\t\t</p>\r\n\t\t\t<p class=\"Avsnittsrubrik\">\r\n\t\t\t\t<a name=\"_Toc1050245\"><span class=\"tSidrubrikJA\">Reservation</span></a>\r\n\t\t\t</p>\r\n\t\t\t<p class=\"Mellanrum\" style=\"-aw-sdt-tag:0c32008a-e497-469c-8355-c0735e36e58e/reservationer/800400694/1550139258500; -aw-sdt-title:reservationer\">\r\n\t\t\t\t<span> </span>\r\n\t\t\t</p>\r\n\t\t\t<table cellspacing=\"0\" cellpadding=\"0\" style=\"border-collapse:collapse; margin-left:0pt; width:294.2pt\">\r\n\t\t\t\t<tr>\r\n\t\t\t\t\t<td style=\"vertical-align:top\">\r\n\t\t\t\t\t\t<p class=\"Reservationsrubrik\" style=\"margin-top:0pt; margin-bottom:3.1pt; text-align:left; page-break-inside:avoid; page-break-after:avoid; line-height:12.5pt\">\r\n\t\t\t\t\t\t\t<a name=\"_Toc1050246\"><span style=\"font-family:'Verdana'; font-size:10.5pt; font-weight:bold\">Ökad övningsverksamhet, punkt 1 (KD, L)</span></a>\r\n\t\t\t\t\t\t</p>\r\n\t\t\t\t\t</td>\r\n\t\t\t\t</tr>\r\n\t\t\t</table>\r\n\t\t\t<p class=\"Normalutanluftfre\" style=\"-aw-sdt-tag:0c32008a-e497-469c-8355-c0735e36e58e/reservationer/800400694/1550139258500; -aw-sdt-title:reservationer\">\r\n\t\t\t\t<span>av Mikael Oscarsson (KD) och Allan Widman (L).</span>\r\n\t\t\t</p>\r\n\t\t\t<p class=\"R4\" style=\"-aw-sdt-tag:0c32008a-e497-469c-8355-c0735e36e58e/reservationer/800400694/1550139258500; -aw-sdt-title:reservationer\">\r\n\t\t\t\t<span>Förslag till riksdagsbeslut</span>\r\n\t\t\t</p>\r\n\t\t\t<p style=\"margin-bottom:3.1pt; -aw-sdt-tag:0c32008a-e497-469c-8355-c0735e36e58e/reservationer/800400694/1550139258500; -aw-sdt-title:reservationer\">\r\n\t\t\t\t<span>Vi anser att förslaget till riksdagsbeslut under punkt 1 borde ha följande lydelse:</span>\r\n\t\t\t</p>\r\n\t\t\t<p class=\"Normalutanluftfre\" style=\"-aw-sdt-tag:0c32008a-e497-469c-8355-c0735e36e58e/reservationer/800400694/1550139258500; -aw-sdt-title:reservationer\">\r\n\t\t\t\t<span>Riksdagen ställer sig bakom det som anförs i reservationen och tillkännager detta för regeringen.</span>\r\n\t\t\t</p>\r\n\t\t\t<p class=\"Normalutanluftfre\" style=\"text-indent:11.3pt; -aw-sdt-tag:0c32008a-e497-469c-8355-c0735e36e58e/reservationer/800400694/1550139258500; -aw-sdt-title:reservationer\">\r\n\t\t\t\t<span>Därmed bifaller riksdagen motion </span>\r\n\t\t\t</p>\r\n\t\t\t<p class=\"Normalutanluftfre\" style=\"-aw-sdt-tag:0c32008a-e497-469c-8355-c0735e36e58e/reservationer/800400694/1550139258500; -aw-sdt-title:reservationer\">\r\n\t\t\t\t<span>2018/19:2472 av Mikael Oscarsson m.fl. (KD) yrkande 14.</span>\r\n\t\t\t</p>\r\n\t\t\t<p class=\"Mellanrum\" style=\"-aw-sdt-tag:0c32008a-e497-469c-8355-c0735e36e58e/reservationer/800400694/1550139258500; -aw-sdt-title:reservationer\">\r\n\t\t\t\t<span> </span>\r\n\t\t\t</p>\r\n\t\t\t<p class=\"Mellanrum\" style=\"-aw-sdt-tag:0c32008a-e497-469c-8355-c0735e36e58e/reservationer/800400694/1550139258500; -aw-sdt-title:reservationer\">\r\n\t\t\t\t<span> </span>\r\n\t\t\t</p>\r\n\t\t\t<p class=\"R4\">\r\n\t\t\t\t<span>Ställningstagande</span>\r\n\t\t\t</p>\r\n\t\t\t<p>\r\n\t\t\t\t<span>Försvarsmaktens resurser </span><span>riskerar att</span><span> bli outnyttjade i situationer där de skulle kunna göra stor nytta</span><span>,</span><span> eftersom det inte genomförs några mer omfattande samövningar. </span><span>E</span><span>n ökad samverkan med </span><span>civila myndigheter skulle även kunna </span><span>vara en</span><span> </span><span>motivationshöjande faktor för de soldater som </span><span>tjänstgör</span><span> under lång tid i Försvarsmakten och följaktligen</span><span> kan finna övningar av annan </span><span>karaktär än rent</span><span> militära </span><span>som stimulerande</span><span>. De</span><span> fyra regio</span><span>nala staberna bör</span><span> därför</span><span> få</span><span> i uppgift att initiera en ökad övningsverksamhet där kvalificerade militära resurser ställs till andra myndigheters förfogande</span><span> </span><span>för att bidra vid naturkatastrofer, stora olyckor eller andra händelser som kan påverka människors säkerhet</span><span>.</span>\r\n\t\t\t</p>\r\n\t\t\t<p class=\"NormalIndent\">\r\n\t\t\t\t<span>Riksdagen bör ställa sig bakom det som anförs i reservationen och tillkännage detta för regeringen. </span>\r\n\t\t\t</p>\r\n\t\t\t<p>\r\n\t\t\t\t<span> </span>\r\n\t\t\t</p>\r\n\t\t\t<p class=\"Bilaga\">\r\n\t\t\t\t<span class=\"tBilagaJA\">Bilaga</span>\r\n\t\t\t</p>\r\n\t\t\t<p class=\"Bilagerubrik\">\r\n\t\t\t\t<a name=\"_Toc1050247\"><span class=\"tSidrubrikJA\">Förteckning över behandlade förslag</span></a>\r\n\t\t\t</p>\r\n\t\t\t<p class=\"Rubrik2bilaga\" style=\"-aw-sdt-tag:'dokumentavsnitt/förteckning över behandlade förslag/-2006622098/1547558213896'; -aw-sdt-title:'förteckning över behandlade förslag'\">\r\n\t\t\t\t<a name=\"_Toc1050248\"><span>Skrivelsen</span></a><span> </span>\r\n\t\t\t</p>\r\n\t\t\t<p style=\"-aw-sdt-tag:'dokumentavsnitt/förteckning över behandlade förslag/-2006622098/1547558213896'; -aw-sdt-title:'förteckning över behandlade förslag'\">\r\n\t\t\t\t<span>Regeringens skrivelse 2018/19:28 Riksrevisionens rapport om nationellt försvar på regional nivå.</span>\r\n\t\t\t</p>\r\n\t\t\t<p class=\"Rubrik2bilaga\" style=\"-aw-sdt-tag:'dokumentavsnitt/förteckning över behandlade förslag/-2006622098/1547558213896'; -aw-sdt-title:'förteckning över behandlade förslag'\">\r\n\t\t\t\t<a name=\"_Toc1050249\"><span>Motion från allmänna motionstiden 2018/19</span></a>\r\n\t\t\t</p>\r\n\t\t\t<h4 style=\"-aw-sdt-tag:'dokumentavsnitt/förteckning över behandlade förslag/-2006622098/1547558213896'; -aw-sdt-title:'förteckning över behandlade förslag'\">\r\n\t\t\t\t<span>2018/19:2472 av Mikael Oscarsson m.fl. (KD):</span>\r\n\t\t\t</h4>\r\n\t\t\t<p class=\"Yrkandelista\" style=\"-aw-sdt-tag:'dokumentavsnitt/förteckning över behandlade förslag/-2006622098/1547558213896'; -aw-sdt-title:'förteckning över behandlade förslag'\">\r\n\t\t\t\t<span>14.</span><span style=\"width:16.48pt; text-indent:0pt; display:inline-block\"></span><span>Riksdagen ställer sig bakom det som anförs i motionen om att ge de fyra regionala staberna i uppgift att initiera en ökad övningsverksamhet där kvalificerade militära resurser ställs till andra myndigheters förfogande och tillkännager detta för regeringen.</span>\r\n\t\t\t</p>\r\n\t\t\t<p class=\"Mellanrum\">\r\n\t\t\t\t<span> </span>\r\n\t\t\t</p>\r\n\t\t\t<p class=\"Mellanrum\" style=\"-aw-sdt-tag:'dokumentavsnitt/förteckning över behandlade förslag/-2006622098/1547558213896'; -aw-sdt-title:'förteckning över behandlade förslag'\">\r\n\t\t\t\t<span> </span>\r\n\t\t\t</p>\r\n\t\t\t<p>\r\n\t\t\t\t<span> </span>\r\n\t\t\t</p>\r\n\t\t\t<p>\r\n\t\t\t\t<span> </span>\r\n\t\t\t</p>\r\n\t\t</div>\r\n\t"},"dokutskottsforslag":{"utskottsforslag":[{"punkt":"1","rubrik":"Ökad övningsverksamhet","forslag":"<BR/>Riksdagen avslår motion \r\n\r\n2018/19:2472 av Mikael Oscarsson m.fl. (KD) yrkande 14.<BR/><BR/>","beslutstyp":"röstning","motforslag_nummer":"1","motforslag_partier":"\"KD\",\"L\"","votering_id":"33a217c4-7693-484c-9f00-f4ba2a9452de","votering_sammanfattning_html":{"table":{"tr":[{"td":{"h4":"Omröstning i sakfrågan","p":"Utskottets förslag mot reservation 1 (KD, L)"}},{"th":["Parti","Ja","Nej","Avstående","Frånvarande"]},{"td":["S","93","0","0","7"]},{"td":["M","65","0","0","5"]},{"td":["SD","58","0","0","4"]},{"td":["C","30","0","0","1"]},{"td":["V","27","0","0","1"]},{"td":["KD","0","21","0","1"]},{"td":["L","0","15","0","5"]},{"td":["MP","13","0","0","3"]},{"td":["Totalt","286","36","0","27"]},{"td":{"h4":null}}]},"br":null},"votering_url_xml":"http://data.riksdagen.se/votering/33A217C4-7693-484C-9F00-F4BA2A9452DE","rm":"2018/19","bet":"FöU10","vinnare":"utskottet"},{"punkt":"2","rubrik":"Skrivelsen","forslag":"<BR/>Riksdagen lägger skrivelse 2018/19:28 till handlingarna.<BR/><BR/>","beslutstyp":"acklamation","motforslag_nummer":"0","motforslag_partier":null,"votering_id":null,"votering_sammanfattning_html":null,"votering_url_xml":null,"rm":"2018/19","bet":"FöU10","vinnare":"utskottet"}]},"dokmotforslag":{"motforslag":{"nummer":"1","rubrik":null,"partier":"\"KD\",\"L\"","typ":"reservation","utskottsforslag_punkt":"1"}},"dokaktivitet":{"aktivitet":[{"kod":"UBE","namn":"Beredning","datum":"2019-01-24 00:00:00","status":"inträffat","ordning":"0","process":null},{"kod":"UBE","namn":"Beredning","datum":"2019-02-07 00:00:00","status":"inträffat","ordning":"0","process":null},{"kod":"JUS","namn":"Justering","datum":"2019-02-14 00:00:00","status":"inträffat","ordning":"0","process":null},{"kod":"TRY","namn":"Trycklov","datum":"2019-02-14 00:00:00","status":"inträffat","ordning":"0","process":null},{"kod":"B","namn":"Bordläggning","datum":"2019-02-26 00:00:00","status":"inträffat","ordning":"0","process":null},{"kod":"BEH","namn":"Behandling","datum":"2019-02-27 00:00:00","status":"inträffat","ordning":"0","process":null},{"kod":"BES","namn":"Beslut","datum":"2019-02-27 00:00:00","status":"inträffat","ordning":"0","process":null}]},"dokuppgift":{"uppgift":[{"kod":"beslutssammanfattningusk","namn":"Utskottets förslag till beslut","text":"Skrivelsen läggs till handlingarna. Avslag på motionen.","dok_id":"H601FöU10","systemdatum":"2019-02-14 16:18:42"},{"kod":"rdbeslut","namn":"Riksdagens beslut","text":"Kammaren biföll utskottets förslag.","dok_id":"H601FöU10","systemdatum":"2019-02-27 16:40:32"},{"kod":"notis","namn":"Beslut i korthet","text":"                           <p>Riksdagen har behandlat en skrivelse från regeringen. Den handlar om Riksrevisionens granskning om förutsättningarna för Försvarsmaktens regionala staber att uppfylla sina huvuduppgifter på ett lämpligt sätt.</p>\r\n<p>Riksrevisionen konstaterar bland annat att riksdagens och regeringens övergripande målsättning uppfylls. De regionala stabernas arbete bidrar till att uppfylla Försvarsmaktens nationella uppgifter, till exempel genom att leda hemvärnsförbanden och att ge stöd till samhället. Revisionen tycker också att regeringens styrning av Försvarsmaktens regionala staber är tydlig och sker tillräckligt ofta. I rapporten listas även rekommendationer till Försvarsmakten. Till exempel uppmanas Försvarsmakten att samordna de regionala stabernas arbete i högre grad.</p>\r\n<p>Regeringen välkomnar Revisionens granskningsrapport och följer Försvarsmaktens fortsatta arbete med rekommendationerna.</p>\r\n<p>Riksdagen delar regeringens bedömning och lade skrivelsen till handlingarna, det vill säga avslutade ärendet.</p>\r\n                                            ","dok_id":"H601FöU10","systemdatum":"2019-02-27 16:58:18"},{"kod":"notisrubrik","namn":"Beslut","text":"Nationellt försvar på regional nivå har granskats (FöU10)","dok_id":"H601FöU10","systemdatum":"2019-02-27 16:58:18"},{"kod":"utsknotis","namn":"Utskottets förslag till beslut","text":"                           <p>Försvarsutskottet har behandlat en skrivelse från regeringen. Den handlar om Riksrevisionens granskning om förutsättningarna för Försvarsmaktens regionala staber att uppfylla sina huvuduppgifter på ett lämpligt sätt.</p>\r\n<p>Riksrevisionen konstaterar bland annat att riksdagens och regeringens övergripande målsättning uppfylls. De regionala stabernas arbete bidrar till att uppfylla Försvarsmaktens nationella uppgifter, till exempel genom att leda hemvärnsförbanden och att ge stöd till samhället. Revisionen tycker också att regeringens styrning av Försvarsmaktens regionala staber är tydlig och sker tillräckligt ofta. I rapporten listas även rekommendationer till Försvarsmakten. Till exempel uppmanas Försvarsmakten att samordna de regionala stabernas arbete i högre grad.</p>\r\n<p>Regeringen välkomnar Revisionens granskningsrapport och följer Försvarsmaktens fortsatta arbete med rekommendationerna.</p>\r\n<p>Försvarsutskottet delar regeringens bedömning och föreslår att riksdagen lägger skrivelsen till handlingarna, det vill säga avslutar ärendet.</p>\r\n                                            ","dok_id":"H601FöU10","systemdatum":"2019-02-27 16:58:18"},{"kod":"utsknotisrubrik","namn":"Utskottets förslag","text":"Nationellt försvar på regional nivå har granskats (FöU10)","dok_id":"H601FöU10","systemdatum":"2019-02-27 16:58:18"},{"kod":"statustext","namn":"statustext","text":"Ärendet är avslutat","dok_id":"H601FöU10","systemdatum":"2019-02-28 14:11:02"},{"kod":"debattdatumtid","namn":"Datum och tid för debatten","text":"2019-02-27 00:00:00","dok_id":"H601FöU10","systemdatum":"2019-02-27 16:58:18"},{"kod":"beslutdatumtid","namn":"Datum och tid för beslutet","text":"2019-02-27 00:00:00","dok_id":"H601FöU10","systemdatum":"2019-02-27 16:58:18"}]},"dokbilaga":{"bilaga":{"dok_id":"H601FöU10","titel":"Riksrevisionens rapport Nationellt försvar på regional nivå","subtitel":null,"filnamn":"2018_19_FöU10_20190214161759_Publicering.pdf","filstorlek":"330623","filtyp":"pdf","fil_url":"http://data.riksdagen.se/fil/7864674C-524A-4A9E-9987-FCB534159B85"}},"dokreferens":{"referens":[{"referenstyp":"behandlar","uppgift":"motion 2018/19:2472 Försvars- och säkerhetspolitisk inriktning","ref_dok_id":"H6022472","ref_dok_typ":"mot","ref_dok_rm":"2018/19","ref_dok_bet":"2472","ref_dok_titel":"Försvars- och säkerhetspolitisk inriktning","ref_dok_subtitel":null,"ref_dok_subtyp":"mot","ref_dok_dokumentnamn":"Motion"},{"referenstyp":"behandlar","uppgift":"Skrivelse 2018/19:28 Riksrevisionens rapport om nationellt försvar på regional nivå","ref_dok_id":"H60328","ref_dok_typ":"prop","ref_dok_rm":"2018/19","ref_dok_bet":"28","ref_dok_titel":"Riksrevisionens rapport om nationellt försvar på regional nivå","ref_dok_subtitel":null,"ref_dok_subtyp":"skr","ref_dok_dokumentnamn":"Skrivelse"},{"referenstyp":"föredragningslista","uppgift":"föredragningslista 2018/19:56 Onsdag den 27 februari 2019","ref_dok_id":"H60I56","ref_dok_typ":"f-lista","ref_dok_rm":"2018/19","ref_dok_bet":"56","ref_dok_titel":"Onsdag den 27 februari 2019","ref_dok_subtitel":null,"ref_dok_subtyp":null,"ref_dok_dokumentnamn":"Föredragningslista"},{"referenstyp":"protokollbeslut","uppgift":"2019-02-27","ref_dok_id":"H60956","ref_dok_typ":"prot","ref_dok_rm":"2018/19","ref_dok_bet":"56","ref_dok_titel":"Protokoll 2018/19:56 Onsdagen den 27 februari","ref_dok_subtitel":null,"ref_dok_subtyp":null,"ref_dok_dokumentnamn":"Protokoll"},{"referenstyp":"rskr","uppgift":null,"ref_dok_id":"H60K137","ref_dok_typ":"rskr","ref_dok_rm":"2018/19","ref_dok_bet":"137","ref_dok_titel":"Riksdagsskrivelse 2018/19:137","ref_dok_subtitel":null,"ref_dok_subtyp":"rskr","ref_dok_dokumentnamn":"Riksdagsskrivelse"},{"referenstyp":"talarlista","uppgift":"talarlista 2018/19:20190227 Onsdag den 27 februari 2019 (preliminär)","ref_dok_id":"H60J20190227","ref_dok_typ":"t-lista","ref_dok_rm":"2018/19","ref_dok_bet":"20190227","ref_dok_titel":"Onsdag den 27 februari 2019 (preliminär)","ref_dok_subtitel":null,"ref_dok_subtyp":null,"ref_dok_dokumentnamn":"Talarlista"}]},"debatt":{"anforande":[{"video_id":"1100190227434514022","video_url":"1100190227434514022#pos=12","startpos":"12","tumnagel":["","//mhdownload.riksdagen.se/riksdagen/unrestricted/thumb/1100190227434514022_mid.jpg"],"tumnagel_stor":"//mhdownload.riksdagen.se/riksdagen/unrestricted/thumb/1100190227434514022_high.jpg","anf_video_id":"1100190227434514222","anf_hangar_id":"5022979","anf_sekunder":"266","anf_klockslag":"10:57","datumtid":"2019-02-27 10:57:07","anf_datum":"2019-02-27 00:00:00","anf_typ":"ap","anf_text":"<p>Herr talman! Vi ska nu debattera försvarsutskottets betänkande rörande Riksrevisionens rapport <em>Nationellt försvar på regional nivå</em>.</p><p>Det är nu av yttersta vikt att vi stärker försvaret av Sverige, och en viktig del är då att det fungerar på regional nivå. Därför är det en viktig rapport som Riksrevisionen har gjort. De konstaterar att det finns en hel del brister och påpekar bland annat att \"vid högre konfliktnivåer begränsas dock de regionala stabernas möjligheter att lösa sina uppgifter av ett antal brister i såväl förutsättningar som arbetsmetoder, som inte fullt ut är ändamålsenliga\". Man påpekar också att \"Försvarsmaktens styrning av de regionala staberna bedöms av Riksrevisionen som otydlig när det gäller såväl interna styrdokument som harmonisering och framtagande av bästa praxis\". Vidare säger man att \"staberna har inte övats i sin fullständiga ledningsroll och det är därför svårt att bedöma i vilken utsträckning de kan leda underställda förband och stödja på operativ och taktisk nivå\".</p><p> STYLEREF Kantrubrik \\* MERGEFORMAT Riksrevisionens rapport Nationellt försvar på regional nivå</p><p>Det är jätteviktigt att det här nu tas till vara och rättas till när vi nu bygger upp försvaret, herr talman, för det är viktigt att försvaret kan fungera om det värsta händer. Om vi drabbas av en konflikt eller hamnar i krig måste det fungera på lokal nivå.</p><p>I det här sammanhanget har Kristdemokraterna lämnat in en motion där vi vill att de fyra regionala staberna, som är en viktig del i Försvarsmakten, \"bör få i uppgift att initiera en ökad övningsverksamhet där kvalificerade militära resurser ställs till andra myndigheters förfogande för att bidra vid naturkatastrofer, stora olyckor eller andra händelser som kan påverka människors säkerhet\".</p><p>Det vi pekar på i den här motionen är att Försvarsmaktens resurser riskerar att bli outnyttjade i situationer där de skulle kunna göra stor nytta eftersom det inte genomförs några övningar.</p><p>Det är en självklarhet att om det ska fungera måste det övas. Därför har det varit så tragiskt historiskt sett att när det har sparats på det svenska försvaret är det just övningar som har fått stryka på foten. Att ha förband, fylla på materiel och hålla övningar ger militär effekt, men det är lika självklart för ett civilt försvar. Det är så viktigt att vi använder de resurser som finns på ett effektivt sätt. En sak vet vi, nämligen att det kommer att hända naturkatastrofer i framtiden och att det kommer att ske stora olyckor. Då är det viktigt att vi kan använda våra resurser på ett effektivt sätt.</p><p>Fru talman! Av utskottsmajoritetens svar framgår \"att Försvarsmaktens stöd till det civila samhället inte ska vara dimensionerande\". Där vill jag påminna om hur tokigt och bristfälligt det blev i somras, tyvärr, vid katastrofen med bränderna. Försvarsmakten hade inte fått uppgiften att hjälpa till när det civila samhällets resurser inte räcker till. Man hjälpte till ändå, men man hade kunnat ge mer hjälp om man hade fått uppdraget.</p><p>Olyckor kommer att hända i framtiden. Därför är det så viktigt att bristerna som Riksrevisionen har belyst rättas till och att man, precis som framgår av vår motion, ser till att öva på lokal och regional nivå så att resurserna som finns används på effektivast möjliga sätt.</p><p>Med dessa ord yrkar jag bifall till vår reservation.</p>","anf_beteckning":"2018/19:56-49","anf_nummer":"49","talare":"Mikael Oscarsson (KD)","intressent_id":"0973782197017","parti":"KD","anf_rm":"2018/19"},{"video_id":"1100190227434514022","video_url":"1100190227434514022#pos=287","startpos":"287","tumnagel":["","//mhdownload.riksdagen.se/riksdagen/unrestricted/thumb/1100190227434514022_mid.jpg"],"tumnagel_stor":"//mhdownload.riksdagen.se/riksdagen/unrestricted/thumb/1100190227434514022_high.jpg","anf_video_id":"1100190227434514422","anf_hangar_id":"5022980","anf_sekunder":"208","anf_klockslag":"11:01","datumtid":"2019-02-27 11:01:42","anf_datum":"2019-02-27 00:00:00","anf_typ":"ap","anf_text":"<p>Fru talman! Det var under regeringen Göran Persson som det i ett försvarsbeslut 2004 slogs fast att Försvarsmaktens stöd till det civila samhället inte fick vara dimensionerande. Det kanske inte låter så allvarligt med en sådan formulering, men som den har kommit att tolkas av våra myndigheter har vi landat i en olycklig situation.</p><p>Att inte vara dimensionerande har till exempel tolkats av helikopterflottiljen som att man inte kan semesterplanera för att släcka skogsbränder sommartid. Man får inte göra den planeringen eftersom man då förbereder sig, dimensionerar sig, för uppgiften att stödja civilsamhället. Det som sker varje sommar när det börjar brinna i skogen - det gör det varje sommar - är att man ad hoc drar hem folk från semestrarna och sedan ger dem uppdraget att släcka. Flera försvarsberedningar har efterlyst en översyn av den så kallade stödförordningen som reglerar Försvarsmaktens möjligheter att hjälpa det civila samhället, men ännu, fru talman, har inte någon sådan utredning tillsatts av den nuvarande regeringen.</p><p> STYLEREF Kantrubrik \\* MERGEFORMAT Riksrevisionens rapport Nationellt försvar på regional nivå</p><p>Att stödja det civila samhället är förenat med många fördelar. Jag ska uppehålla mig vid de viktigaste. Först och främst är det min uppfattning att genom att Försvarsmakten genomför skarpa insatser i civil krishantering i det civila samhället ökar också förmågan i Försvarsmakten. När helikoptrar måste fungera för att släcka skogsbränder, hämta patienter i skärgården och så vidare fungerar de, och de ger nödvändig övningstid till våra flygförare.</p><p>Det är också självklart att Sveriges skattebetalare ställer krav på staten att använda sina samlade resurser på ett rationellt sätt. Det sker inte i dag. Det finns myndigheter som arbetar i olika stuprör utan någon vidare samordning. Efter debatten om skogsbränderna i somras frågade man till exempel Sjöfartsverket om det var möjligt för dem att också medverka vid släckning av skogsbränder. Svaret blev att verket måste få extra pengar, helikoptrarna måste anpassas och så vidare. Fru talman! Detta borde ha varit gjort för länge sedan.</p><p>Sist men inte minst är det viktigt att de militära resurserna används. Om så sker, och svenska folket ser detta, bidrar det till att förankra det militära försvaret hos folket och ökar stödet för de ansträngningar som nu görs på försvarsområdet. Precis som Mikael Oscarsson var inne på: Om insatserna till stöd för civilsamhället ska fungera måste de också övas innan krisen uppstår.</p><p>Fru talman! Jag yrkar bifall till reservationen.</p>","anf_beteckning":"2018/19:56-50","anf_nummer":"50","talare":"Allan Widman (L)","intressent_id":"0446541913415","parti":"L","anf_rm":"2018/19"},{"video_id":"1100190227434514022","video_url":"1100190227434514022#pos=510","startpos":"510","tumnagel":["","//mhdownload.riksdagen.se/riksdagen/unrestricted/thumb/1100190227434514022_mid.jpg"],"tumnagel_stor":"//mhdownload.riksdagen.se/riksdagen/unrestricted/thumb/1100190227434514022_high.jpg","anf_video_id":"1100190227434514522","anf_hangar_id":"5022981","anf_sekunder":"256","anf_klockslag":"11:05","datumtid":"2019-02-27 11:05:25","anf_datum":"2019-02-27 00:00:00","anf_typ":"ap","anf_text":"<p>Fru talman! Precis som har sagts tidigare behandlar vi nu försvarsutskottets betänkande FöU10 <em>Riksrevisionens rapport Nationellt försvar på regional nivå</em>.</p><p>Fru talman! Riksrevisionen har i rapporten granskat om Försvarsmaktens regionala staber har förutsättningar att lösa sina huvuduppgifter och om arbetet sker på ett ändamålsenligt sätt. Granskningen genomfördes under hösten 2017 och våren 2018. I granskningen har Riksrevisionen inhämtat information från Försvarsdepartementet, Försvarsmakten och 17 länsstyrelser.</p><p>Riksrevisionens sammanvägda bedömning är att riksdagens och regeringens övergripande målsättning uppfylls, det vill säga att de regionala stabernas arbete bidrar till Försvarsmaktens förmåga att lösa nationella uppgifter genom att utöva territoriell ledning, leda hemvärnsförbanden och ge stöd till samhället.</p><p>Fru talman! Riksrevisionen anser att regeringens styrning av Försvarsmakten när det gäller de regionala staberna är tillräckligt tydlig, har relevans för uppgiften och sker med rimlig frekvens. Detsamma gäller för Försvarsmaktens återrapportering, såväl internt som till regeringen.</p><p>Riksrevisionen bedömer vidare att de regionala staberna tillsammans med bland annat länsstyrelser är centrala aktörer i utvecklingen av totalförsvaret på regional nivå. Vid högre konfliktnivåer begränsas dock de regionala stabernas möjligheter att lösa sina uppgifter av ett antal brister i såväl förutsättningar som arbetsmetoder, som inte är fullt ut ändamålsenliga.</p><p> STYLEREF Kantrubrik \\* MERGEFORMAT Riksrevisionens rapport Nationellt försvar på regional nivå</p><p>Försvarsmaktens styrning av de regionala staberna bedöms av Riksrevisionen som otydlig när det gäller såväl interna styrdokument som harmonisering och framtagande av bästa praxis. Stabernas bemanningsbehov motsvaras inte helt av den bemanning som planeras. Staberna har inte övats i sin fullständiga ledningsroll, och det är därför svårt att bedöma i vilken utsträckning de kan leda underställda förband och stödja på operativ och taktisk nivå.</p><p> Den regionala staben i Militärregion mitt möter enligt Riksrevisionen särskilda geografiska och uppgiftsmässiga utmaningar som innebär att de inte på samma sätt som övriga regionala staber kan lösa sina uppgifter på ett ändamålsenligt sätt.</p><p>Fru talman! Riksrevisionen lämnar i rapporten rekommendationer till Försvarsmakten, nämligen att</p><p>tydliggöra styrdokument så att de regionala stabernas uppgifter framgår tydligt och samlat, i syfte att skapa tydlighet för staberna och underlätta krigsförbandsvärderingen och rapporteringen till regeringen</p><p>harmonisera de regionala stabernas arbete i större utsträckning och se till att effektiva arbetssätt delas och införs av alla regionala staber i de fall det är lämpligt</p><p>se till att de regionala staberna övas i sin fullständiga roll att leda underställda förband och stödja på operativ och taktisk nivå</p><p>överväga åtgärder som kan öka möjligheterna för den regionala staben i Militärregion mitt att lösa sina tilldelade uppgifter på ett mer ändamålsenligt sätt</p><p>beakta bemanningsbehovet vid de regionala staberna med avseende på bakgrund och erfarenhet.</p><p>Fru talman! Utöver dessa rekommendationer har Riksrevisionen presenterat ytterligare tre rekommendationer i en hemlig promemoria som har delgetts Försvarsdepartementet och Försvarsmakten. Regeringen välkomnar Riksrevisionens granskning och följer myndighetens arbete med att omhänderta Riksrevisionens rekommendationer. Socialdemokraterna och utskottet välkomnar också Riksrevisionens rekommendationer och avser att följa upp arbetet med att omhänderta rekommendationerna.</p><p>Fru talman! Jag vill därmed yrka bifall till förslaget i försvarsutskottets betänkande FöUl0.</p>","anf_beteckning":"2018/19:56-51","anf_nummer":"51","talare":"Paula Holmqvist (S)","intressent_id":"0974061238314","parti":"S","anf_rm":"2018/19"},{"video_id":"1100190227434514022","video_url":"1100190227434514022#pos=783","startpos":"783","tumnagel":["","//mhdownload.riksdagen.se/riksdagen/unrestricted/thumb/1100190227434514022_mid.jpg"],"tumnagel_stor":"//mhdownload.riksdagen.se/riksdagen/unrestricted/thumb/1100190227434514022_high.jpg","anf_video_id":"1100190227434514622","anf_hangar_id":"5022982","anf_sekunder":"302","anf_klockslag":"11:09","datumtid":"2019-02-27 11:09:58","anf_datum":"2019-02-27 00:00:00","anf_typ":"ap","anf_text":"<p>Fru talman! Riksrevisionens rapport heter <em>Nationellt försvar på regional nivå</em>. Det hörs på namnet hur viktigt det är med samverkan, synkronisering och ledning för att det ska fungera att försvara Sverige.</p><p>Riksrevisionens sammanvägda bedömning är godkänt betyg - att riksdagens och regeringens övergripande målsättning uppfylls, det vill säga att de regionala stabernas arbete bidrar till Försvarsmaktens förmåga att lösa nationella uppgifter genom att utöva territoriell ledning, leda hemvärnsförbanden och ge stöd till samhället.</p><p> STYLEREF Kantrubrik \\* MERGEFORMAT Riksrevisionens rapport Nationellt försvar på regional nivå</p><p>Riksrevisionen anser att regeringens styrning av Försvarsmakten avseende de regionala staberna är tydlig, har relevans för uppgiften och sker med rimlig frekvens. Detsamma gäller Försvarsmaktens återrapportering, såväl internt som till regeringen.</p><p>Men, fru talman, det finns ändå ett antal rekommendationer riktade till Försvarsmakten som är nog så viktiga:</p><p>att man ska tydliggöra styrdokument så att de regionala stabernas uppgifter framgår tydligt och samlat i syfte att skapa tydlighet för staberna och underlätta krigsförbandsvärderingen och rapporteringen till regeringen</p><p>att man ska harmonisera de regionala stabernas arbete i större utsträckning och se till att effektiva arbetssätt delas och implementeras av alla regionala staber i de fall det är lämpligt</p><p>att man ska se till att de regionala staberna övas i sin fullständiga roll att leda underställda förband och stödja på både operativ och taktisk nivå</p><p>att man ska överväga åtgärder som kan öka möjligheterna för den regionala staben i Militärregion mitt att lösa sina tilldelade uppgifter på ett mer ändamålsenligt sätt</p><p>att man ska beakta bemanningsbehovet vid de regionala staberna med avseende på bakgrund och erfarenhet.</p><p>Jag tänker så här, fru talman: ledning, effektiva arbetssätt, tydlighet, övning - här har Försvarsmakten en del att jobba med för att på ett bättre sätt kunna försvara Sverige. Alla granskningar och rapporter tycker jag är bra, för man kan se på sin verksamhet och se vad man kan göra för att förbättra sig. Jag tror att det kommer att gå bra. Men det krävs också att vi ger Försvarsmakten förutsättningar att göra sitt jobb.</p><p>Detta och det försämrade säkerhetsläget för Sverige gör det tydligt att vårt försvar måste stärkas. Då känns det bra för mig som moderat att Moderaternas och Kristdemokraternas budget för 2019, som nu är hela riksdagens budget, har ökat anslagen till Försvarsmakten. Nu finns det utrymme för att uppnå ambitionen i försvarsbeslutet från 2015. Nu finns det möjlighet att färdigställa den beslutade krigsorganisationen. Nu kan planering för ökad förmåga påbörjas.</p><p>På sikt vill Moderaterna att Sveriges försvarsutgifter ska närma sig 2 procent av bnp, och vår ambition är att genomföra detta under en tioårsperiod. Vi har även tillfört extra medel till flera av de övriga försvarsmyndigheterna samt resurser för att stärka krisberedskapen och det civila försvaret.</p><p>Den grundläggande inriktningen när det gäller förbandsanslaget och de delar som ingår i det är att utveckla och säkerställa krigsdugligheten hos samtliga krigsförband. Det är särskilt prioriterat att höja krigsdugligheten hos de förband som i dag har lägst krigsduglighet.</p><p>Vi vill att förmågan att snabbt mobilisera hela krigsorganisationen i händelse av höjd beredskap ska förstärkas. Det ges det nu möjlighet till.</p><p> STYLEREF Kantrubrik \\* MERGEFORMAT Riksrevisionens rapport Nationellt försvar på regional nivå</p><p>Centralt för att kunna uppnå de uppsatta målen är en fortsatt hög ambition när det gäller övningsverksamhet och utbildning. Också det ges det nu möjlighet till.</p><p>Slutligen är det viktigt att personalförsörjningen fungerar. Avgörande faktorer för det är bland annat en fungerande officersförsörjning för att kunna grundutbilda tillräckligt med soldater och sjömän samt förbättrade förmåner för den anställda personalen.</p><p>Med detta, fru talman, tror vi också att det är möjligt att följa Riksrevisionens rekommendationer för en ännu bättre möjlighet att försvara Sverige. Det arbetet ska vi självklart följa härifrån.</p>","anf_beteckning":"2018/19:56-52","anf_nummer":"52","talare":"Alexandra Anstrell (M)","intressent_id":"0866055333028","parti":"M","anf_rm":"2018/19"},{"video_id":"1100190227434514022","video_url":"1100190227434514022#pos=1094","startpos":"1094","tumnagel":["","//mhdownload.riksdagen.se/riksdagen/unrestricted/thumb/1100190227434514022_mid.jpg"],"tumnagel_stor":"//mhdownload.riksdagen.se/riksdagen/unrestricted/thumb/1100190227434514022_high.jpg","anf_video_id":"1100190227434514722","anf_hangar_id":"5022987","anf_sekunder":"132","anf_klockslag":"11:15","datumtid":"2019-02-27 11:15:09","anf_datum":"2019-02-27 00:00:00","anf_typ":"ap","anf_text":"<p>Fru talman! Riksrevisionens slutsatser och rekommendationer har lästs upp här. Jag ska ta upp några saker.</p><p>Det ska inte vara dimensionerande, nej. Jag tror att de flesta av oss delar den uppfattningen. Men det kostar pengar. Det måste läggas in i budgeten för att förstärka Försvarsmakten med den del som den inte behöver direkt till krigsorganisationen. Ska man ha slodor till helikoptrar för brandbekämpning, ja, vem ska köpa in dem? Det kostar också. De pengarna måste följa med de förändrade uppdragen till Försvarsmakten.</p><p>Man talar också om att öva. Med vad då? Staberna ska öva med sina underställda förband. Vilka underställda förband? Ska de öva med en och en halv brigad utspridd över riket och några stödförband? När man övade staberna på ett korrekt sätt som man gjorde förr hade de regionala staberna minst tre brigader plus fem sex sju åtta underställda förband, tillförda förband, att öva med. Det är inte samma sak som att de inte kan öva i dag, men man måste förstå att det är ett problem när man säger att här har Försvarsmakten ett arbete att göra.</p><p>Vi ska också se till den civila delen kopplad till exempelvis Ulf Siverstedt, som är militärregionchef i Norrland. Han har utvecklat ett mycket gott samarbete med det civila, som också redovisas. Så visst pågår det en del positiva och mycket positiva saker i det stycket, i samarbete med de civila myndigheterna.</p><p>Ändå tycker jag att det är en viktig rapport som har belysts här, och jag tycker att det kan vara värt att försvarsutskottet framgent blir uppdaterat lite då och då om hur arbetet går med uppföljningen av denna verksamhet.</p><p>Överläggningen var härmed avslutad.</p><p>(Beslut fattades under § 20.)</p>","anf_beteckning":"2018/19:56-53","anf_nummer":"53","talare":"Roger Richtoff (SD)","intressent_id":"0145294944502","parti":"SD","anf_rm":"2018/19"}]}}}