{"dokumentstatus":{"dokument":{"hangar_id":"5008028","dok_id":"H601KU13","rm":"2018/19","beteckning":"KU13","typ":"bet","subtyp":"bet","doktyp":"bet","typrubrik":"Betänkande 2018/19:KU13","dokumentnamn":"Betänkande","debattnamn":"Debatt om förslag","tempbeteckning":"","organ":"KU","mottagare":"","nummer":"13","slutnummer":"0","datum":"2019-01-18 00:00:00","systemdatum":"2019-02-13 15:44:07","publicerad":"2018-10-24 16:00:09","titel":"Nystart för en stärkt minoritetspolitik","subtitel":"","status":"Webbpublicering","htmlformat":"html","relaterat_id":"","source":"RIM","sourceid":"03a23465-dfc9-4ed4-962e-1a579107b892","dokument_url_text":"http://data.riksdagen.se/dokument/H601KU13/text","dokument_url_html":"http://data.riksdagen.se/dokument/H601KU13","dokumentstatus_url_xml":"http://data.riksdagen.se/dokumentstatus/H601KU13","utskottsforslag_url_xml":"http://data.riksdagen.se/utskottsforslag/H601KU13","html":"<style><!--\r\n .w600px{width: 600px;font-family:Verdana, Geneva, sans-serif}\r\nh2.dtyp{font-size:1.5em !important;} \r\n/********************************************************************************************************/\r\n/* Styles for D:\\Logs\\DocumentConverter\\\\Output_5a470abb-195c-44ba-873e-1f71a8ff3e32\\HTML\\Dokument.html */\r\n/* Generated by Aspose.Words for .NET 15.3.0.0                                                          */\r\n/********************************************************************************************************/\r\n\r\n@page Section1 { size:467.8pt 686.05pt; margin:45.35pt 102.05pt 73.7pt 70.85pt }\r\ndiv.Section1 { page:Section1 }\r\nzbody { text-align:justify; line-height:12.5pt; font-family:'Verdana'; font-size:9.5pt }\r\nzh1, h2, h3, h4, h5, h6, p { margin:3.1pt 0pt 0pt }\r\nzli, table { margin-top:3.1pt; margin-bottom:0pt }\r\nzh1 { margin-top:3.1pt; margin-bottom:12pt; text-align:left; page-break-after:avoid; line-height:12.5pt; font-family:'Verdana'; font-size:16pt; font-weight:normal }\r\nzh2 { margin-top:20pt; margin-bottom:6pt; text-align:left; page-break-inside:avoid; page-break-after:avoid; line-height:12.5pt; font-family:'Verdana'; font-size:13.5pt; font-weight:normal }\r\nzh3 { margin-top:20pt; margin-bottom:3.1pt; text-align:left; page-break-inside:avoid; page-break-after:avoid; line-height:12.5pt; font-family:'Verdana'; font-size:10.5pt; font-weight:bold }\r\nzh4 { margin-top:15pt; margin-bottom:3.1pt; text-align:left; page-break-inside:avoid; page-break-after:avoid; line-height:12.5pt; font-family:'Verdana'; font-size:10.5pt; font-weight:normal; font-style:italic; color:#000000 }\r\nzh5 { margin-top:6.25pt; margin-bottom:0pt; text-align:justify; page-break-inside:avoid; page-break-after:avoid; line-height:12.5pt; font-family:'Verdana'; font-size:9.5pt; font-weight:bold }\r\nzh6 { margin-top:6.25pt; margin-bottom:0pt; text-align:justify; page-break-inside:avoid; page-break-after:avoid; line-height:12.5pt; font-family:'Verdana'; font-size:9.5pt; font-weight:normal; font-style:italic; color:#000000 }\r\n.Heading7 { margin-top:2pt; margin-bottom:0pt; text-align:justify; page-break-inside:avoid; page-break-after:avoid; line-height:12.5pt; font-family:'Verdana'; font-size:9.5pt; font-weight:normal; font-style:italic; color:#243f60 }\r\n.Heading8 { margin-top:2pt; margin-bottom:0pt; text-align:justify; page-break-inside:avoid; page-break-after:avoid; line-height:12.5pt; font-family:'Verdana'; font-size:9pt; font-weight:normal; color:#272727 }\r\n.Heading9 { margin-top:2pt; margin-bottom:0pt; text-align:justify; page-break-inside:avoid; page-break-after:avoid; line-height:12.5pt; font-family:'Verdana'; font-size:9pt; font-weight:normal; font-style:italic; color:#272727 }\r\n.Avsnittsrubrik { margin-top:0pt; margin-bottom:27.7pt; text-align:left; page-break-before:always; page-break-after:avoid; line-height:normal; font-family:'Verdana'; font-size:16pt }\r\n.Avvikandemeningrubrik { margin-top:0pt; margin-bottom:3.1pt; text-align:left; page-break-inside:avoid; page-break-after:avoid; line-height:12.5pt; font-family:'Verdana'; font-size:10.5pt; font-weight:bold }\r\n.BalloonText { margin-top:3.1pt; margin-bottom:0pt; text-align:justify; line-height:normal; font-family:Tahoma; font-size:8pt }\r\n.Bilaga { margin-top:0pt; margin-bottom:0pt; text-align:left; page-break-before:always; page-break-after:avoid; line-height:normal; widows:0; orphans:0; font-family:'Verdana'; font-size:8pt; font-variant:small-caps; text-decoration:underline }\r\n.Bilagerubrik { margin-top:0pt; margin-bottom:17.7pt; text-align:left; page-break-after:auto; line-height:normal; widows:0; orphans:0; font-family:'Verdana'; font-size:16pt }\r\n.Bild-Rubrik { margin-top:8pt; margin-bottom:0pt; text-align:justify; page-break-inside:avoid; page-break-after:avoid; line-height:10pt; font-family:'Verdana'; font-size:9.5pt; font-weight:bold }\r\n.Bild-Underrubrik { margin-top:0pt; margin-bottom:1pt; text-align:left; page-break-inside:avoid; page-break-after:avoid; line-height:8pt; font-family:'Verdana'; font-size:8pt; font-weight:normal; font-style:italic }\r\n.BodyText { margin-top:3.1pt; margin-bottom:0pt; text-align:left; line-height:12.5pt; font-family:'Verdana'; font-size:9.5pt }\r\n.BodyTextIndent2 { margin-top:3.1pt; margin-left:14.15pt; margin-bottom:6pt; text-align:justify; line-height:200%; font-family:'Verdana'; font-size:9.5pt }\r\n.Citatindrag { margin-top:0pt; margin-left:14.2pt; margin-bottom:6.1pt; text-indent:14.2pt; text-align:justify; line-height:10pt; font-family:'Verdana'; font-size:9.5pt }\r\n.CommentText { margin-top:3.1pt; margin-bottom:0pt; text-align:justify; line-height:normal; font-family:'Verdana'; font-size:10pt }\r\n.Deltagare { margin-top:0pt; margin-bottom:0pt; text-align:justify; page-break-inside:avoid; page-break-after:avoid; line-height:9.5pt; font-family:'Verdana'; font-size:9.5pt }\r\n.Diagram-Rubrik { margin-top:8pt; margin-bottom:0pt; text-align:justify; page-break-inside:avoid; page-break-after:avoid; line-height:10pt; font-family:'Verdana'; font-size:9.5pt; font-weight:bold }\r\n.Diagram-Underrubrik { margin-top:0pt; margin-bottom:1pt; text-align:left; page-break-inside:avoid; page-break-after:avoid; line-height:8pt; font-family:'Verdana'; font-size:8pt; font-weight:normal; font-style:italic }\r\n.DokumentRubrik { margin-top:6pt; margin-bottom:24pt; text-align:left; line-height:normal; border-bottom-style:solid; border-bottom-width:0.75pt; border-bottom-color:#000000; padding-bottom:4pt; font-family:'Verdana'; font-size:18pt }\r\n.Dokumentbeteckning { margin-top:0pt; margin-bottom:0pt; text-align:left; page-break-inside:avoid; page-break-after:avoid; line-height:12.5pt; font-family:'Verdana'; font-size:16pt }\r\n.Footer { margin-top:3.1pt; margin-bottom:0pt; text-align:justify; line-height:normal; font-family:'Verdana'; font-size:9.5pt }\r\n.FootnoteText { margin-top:0pt; margin-bottom:0pt; text-align:justify; line-height:8pt; font-family:'Verdana'; font-size:8pt }\r\n.Fotnotstextindrag { margin-top:0pt; margin-left:5.65pt; margin-bottom:0pt; text-align:left; line-height:8pt; font-family:'Verdana'; font-size:8pt }\r\n.Frslagspunkt { margin-top:0pt; margin-bottom:0pt; text-align:left; page-break-inside:avoid; page-break-after:avoid; line-height:12.5pt; font-family:'Verdana'; font-size:9.5pt; font-weight:bold }\r\n.Frslagstext { margin-top:0pt; margin-bottom:0pt; text-align:justify; line-height:12.5pt; font-family:'Verdana'; font-size:9.5pt }\r\n.Frteckningsrubrik { margin-top:9.6pt; margin-bottom:3.1pt; text-align:left; page-break-inside:avoid; page-break-after:avoid; line-height:normal; font-family:'Verdana'; font-size:9.5pt; font-weight:normal; font-style:italic; color:#000000 }\r\n.Grupprubrik { margin-top:6pt; margin-bottom:0pt; text-align:left; page-break-inside:avoid; page-break-after:avoid; line-height:12.5pt; font-family:'Verdana'; font-size:9.5pt; font-style:italic }\r\n.Grupprubrikindrag { margin-top:6pt; margin-left:22.1pt; margin-bottom:0pt; text-align:left; page-break-inside:avoid; page-break-after:avoid; line-height:12.5pt; font-family:'Verdana'; font-size:9.5pt; font-style:italic }\r\n.Header { margin-top:0pt; margin-bottom:0pt; text-align:justify; line-height:normal; font-family:'Verdana'; font-size:7.5pt; font-variant:small-caps }\r\n.Innehllsfrteckning { margin-top:0pt; margin-bottom:17.7pt; text-align:left; page-break-before:always; page-break-after:auto; line-height:normal; font-family:'Verdana'; font-size:16pt }\r\n.Kantrubrik { margin-top:0pt; margin-bottom:0pt; text-align:justify; line-height:normal; font-family:'Verdana'; font-size:7.5pt }\r\n.ListBullet { margin-top:6.25pt; margin-left:17.85pt; margin-bottom:6.25pt; text-indent:-17.85pt; text-align:justify; line-height:12.5pt; font-family:'Verdana'; font-size:9.5pt }\r\n.ListParagraph { margin-top:3.1pt; margin-left:28.35pt; margin-bottom:0pt; text-align:justify; line-height:12.5pt; font-family:'Verdana'; font-size:9.5pt }\r\n.Litentext { margin-top:0pt; margin-bottom:0pt; text-align:justify; line-height:normal; font-family:'Verdana'; font-size:8pt }\r\n.Mellanrubrik { margin-top:11pt; margin-bottom:3.1pt; text-align:left; page-break-after:avoid; line-height:12.5pt; font-family:'Verdana'; font-size:9.5pt; font-style:italic }\r\n.Mellanrum { margin-top:0pt; margin-bottom:0pt; text-align:left; page-break-before:auto; page-break-after:auto; line-height:1pt; widows:0; orphans:0; font-family:'Verdana'; font-size:1pt; font-variant:small-caps; text-decoration:none; color:#ffffff }\r\n.NormalIndent { margin-top:0pt; margin-bottom:0pt; text-indent:11.35pt; text-align:justify; line-height:12.5pt; font-family:'Verdana'; font-size:9.5pt }\r\n.Normalinskjuten { margin-top:0pt; margin-left:22.1pt; margin-bottom:0pt; text-align:justify; line-height:12.5pt; font-family:'Verdana'; font-size:9.5pt }\r\n.Normalinskjutenindrag { margin-top:0pt; margin-left:22.1pt; margin-bottom:0pt; text-indent:11.35pt; text-align:justify; line-height:12.5pt; font-family:'Verdana'; font-size:9.5pt }\r\n.Normalinskjutenkursiv { margin-top:6pt; margin-bottom:0pt; line-height:normal; font-family:'Verdana'; font-size:10pt; font-style:italic }\r\n.Normalkursiv { margin-top:3.1pt; margin-bottom:0pt; text-align:left; line-height:12.5pt; font-family:'Verdana'; font-size:9.5pt; font-style:italic }\r\n.Normalruta { margin:3.1pt 5.65pt 0pt; text-align:justify; page-break-inside:avoid; page-break-after:avoid; line-height:12.5pt; border-top-style:solid; border-top-width:0.75pt; border-top-color:#000000; border-right-style:solid; border-right-width:0.75pt; border-right-color:#000000; border-left-style:solid; border-left-width:0.75pt; border-left-color:#000000; border-bottom-style:solid; border-bottom-width:0.75pt; border-bottom-color:#000000; padding-top:4pt; padding-right:4pt; padding-left:4pt; padding-bottom:4pt; font-family:'Verdana'; font-size:10.5pt }\r\n.Normalrutafet { margin:3.1pt 5.65pt 0pt; text-align:justify; page-break-inside:avoid; page-break-after:avoid; line-height:12.5pt; border-top-style:solid; border-top-width:0.75pt; border-top-color:#000000; border-right-style:solid; border-right-width:0.75pt; border-right-color:#000000; border-left-style:solid; border-left-width:0.75pt; border-left-color:#000000; border-bottom-style:solid; border-bottom-width:0.75pt; border-bottom-color:#000000; padding-top:4pt; padding-right:4pt; padding-left:4pt; padding-bottom:4pt; font-family:'Verdana'; font-size:10.5pt; font-weight:bold }\r\n.Normalrutaindrag { margin:0pt 5.65pt; text-indent:11.35pt; text-align:justify; page-break-inside:avoid; page-break-after:avoid; line-height:12.5pt; border-top-style:solid; border-top-width:0.75pt; border-top-color:#000000; border-right-style:solid; border-right-width:0.75pt; border-right-color:#000000; border-left-style:solid; border-left-width:0.75pt; border-left-color:#000000; border-bottom-style:solid; border-bottom-width:0.75pt; border-bottom-color:#000000; padding-top:4pt; padding-right:4pt; padding-left:4pt; padding-bottom:4pt; font-family:'Verdana'; font-size:10.5pt }\r\n.Normalutanluftfre { margin-top:0pt; margin-bottom:0pt; text-align:justify; line-height:12.5pt; font-family:'Verdana'; font-size:9.5pt }\r\n.NormalNoll { margin-top:0pt; margin-bottom:3.1pt; text-align:left; line-height:12.5pt; font-family:'Verdana'; font-size:10.5pt; font-weight:bold }\r\n.NumlistaTOC { margin:3.1pt 28.35pt 0pt 0pt; text-indent:0pt; text-align:left; line-height:normal; font-family:'Verdana'; font-size:9.5pt }\r\n.Ordfranden { margin-top:3.1pt; margin-bottom:22pt; text-align:left; page-break-inside:avoid; page-break-after:avoid; line-height:normal; font-family:'Verdana'; font-size:9.5pt; font-style:italic }\r\n.OrtochDatum { margin-top:18pt; margin-bottom:18pt; text-align:left; page-break-inside:avoid; page-break-after:avoid; line-height:normal; font-family:'Verdana'; font-size:9.5pt }\r\n.Punktlistabomb { margin-top:6.25pt; margin-left:14.2pt; margin-bottom:6.25pt; text-indent:-14.2pt; text-align:justify; line-height:12.5pt; font-family:'Verdana'; font-size:9.5pt }\r\n.Punktlistagemener { margin-top:6.25pt; margin-left:14.2pt; margin-bottom:6.25pt; text-indent:-14.2pt; text-align:justify; line-height:12.5pt; font-family:'Verdana'; font-size:9.5pt }\r\n.Punktlistalinje { margin-top:6.25pt; margin-left:14.2pt; margin-bottom:6.25pt; text-indent:-14.2pt; text-align:justify; line-height:12.5pt; font-family:'Verdana'; font-size:9.5pt }\r\n.Punktlistasiffra { margin-top:6.25pt; margin-left:14.2pt; margin-bottom:6.25pt; text-indent:-14.2pt; text-align:justify; line-height:12.5pt; font-family:'Verdana'; font-size:9.5pt }\r\n.PVgnar { margin-top:3.1pt; margin-bottom:26pt; text-align:left; page-break-inside:avoid; page-break-after:avoid; line-height:normal; font-family:'Verdana'; font-size:9.5pt }\r\n.Quote { margin-top:6.1pt; margin-left:14.2pt; margin-bottom:0pt; text-align:justify; line-height:10pt; font-family:'Verdana'; font-size:9.5pt }\r\n.R1 { margin-top:3.1pt; margin-bottom:12pt; text-align:left; page-break-after:avoid; line-height:12.5pt; font-family:'Verdana'; font-size:16pt }\r\n.R1bilaga { margin-top:3.1pt; margin-bottom:12pt; text-align:left; page-break-after:auto; line-height:12.5pt; font-family:'Verdana'; font-size:16pt }\r\n.R2 { margin-top:20pt; margin-bottom:6pt; text-align:left; page-break-inside:avoid; page-break-after:avoid; line-height:12.5pt; font-family:'Verdana'; font-size:13.5pt }\r\n.R3 { margin-top:20pt; margin-bottom:3.1pt; text-align:left; page-break-inside:avoid; page-break-after:avoid; line-height:12.5pt; font-family:'Verdana'; font-size:10.5pt; font-weight:bold }\r\n.R4 { margin-top:15pt; margin-bottom:3.1pt; text-align:left; page-break-inside:avoid; page-break-after:avoid; line-height:12.5pt; font-family:'Verdana'; font-size:10.5pt; font-weight:normal; font-style:italic; color:#000000 }\r\n.R5 { margin-top:6.25pt; margin-bottom:0pt; text-align:justify; page-break-inside:avoid; page-break-after:avoid; line-height:12.5pt; font-family:'Verdana'; font-size:9.5pt; font-weight:bold }\r\n.R6 { margin-top:6.25pt; margin-bottom:0pt; text-align:justify; page-break-inside:avoid; page-break-after:avoid; line-height:12.5pt; font-family:'Verdana'; font-size:9.5pt; font-weight:normal; font-style:italic; color:#000000 }\r\n.Reservationshnvisning { margin-top:0pt; margin-bottom:8pt; text-align:right; line-height:12.5pt; font-family:'Verdana'; font-size:9.5pt; font-style:italic }\r\n.Reservationsrubrik { margin-top:0pt; margin-bottom:3.1pt; text-align:left; page-break-inside:avoid; page-break-after:avoid; line-height:12.5pt; font-family:'Verdana'; font-size:10.5pt; font-weight:bold }\r\n.Rubrik1Dokumentinformation { margin-top:0pt; margin-bottom:0pt; text-align:left; page-break-inside:avoid; page-break-after:avoid; line-height:12.5pt; font-family:'Verdana'; font-size:16pt }\r\n.Rubrik1bilaga { margin-top:0pt; margin-bottom:27.7pt; text-align:left; page-break-after:auto; line-height:12.5pt; font-family:'Verdana'; font-size:16pt }\r\n.Rubrik1medsidhuvud { margin-top:3.1pt; margin-bottom:12pt; text-align:left; page-break-before:always; page-break-after:avoid; line-height:12.5pt; font-family:'Verdana'; font-size:16pt }\r\n.Rubrik1numrerat { margin-top:3.1pt; margin-left:0pt; margin-bottom:12pt; text-indent:0pt; text-align:left; page-break-after:avoid; line-height:12.5pt; font-family:'Verdana'; font-size:16pt }\r\n.Rubrik1numreratmedsidhuvud { margin-top:0pt; margin-left:0pt; margin-bottom:16pt; text-indent:0pt; text-align:left; page-break-before:always; page-break-after:avoid; line-height:normal; font-family:'Verdana'; font-size:16pt }\r\n.Rubrik2bilaga { margin-top:20pt; margin-bottom:6pt; text-align:left; page-break-inside:avoid; page-break-after:avoid; line-height:12.5pt; font-family:'Verdana'; font-size:13.5pt }\r\n.Rubrik2numrerat { margin-top:20pt; margin-left:0pt; margin-bottom:6pt; text-indent:0pt; text-align:left; page-break-inside:avoid; page-break-after:avoid; line-height:12.5pt; font-family:'Verdana'; font-size:13.5pt }\r\n.Rubrik3numrerat { margin-top:20pt; margin-left:0pt; margin-bottom:3.1pt; text-indent:0pt; text-align:left; page-break-inside:avoid; page-break-after:avoid; line-height:12.5pt; font-family:'Verdana'; font-size:10.5pt; font-weight:bold }\r\n.Sammanfattning { margin-top:3.1pt; margin-bottom:12pt; text-align:left; page-break-after:auto; line-height:12.5pt; font-family:'Verdana'; font-size:16pt }\r\n.Sidhuvudhgerstlld { margin-top:0pt; margin-bottom:0pt; text-align:right; line-height:normal; font-family:'Verdana'; font-size:7.5pt; font-variant:small-caps }\r\n.Sidhuvudvnsterstlld { margin-top:0pt; margin-bottom:0pt; text-align:left; line-height:normal; font-family:'Verdana'; font-size:7.5pt; font-variant:small-caps }\r\n.Stdrubrik { margin-top:12pt; margin-bottom:0pt; line-height:12pt; font-family:'Verdana'; font-size:9.5pt; font-weight:bold }\r\n.Srskiltyttranderubrik { margin-top:0pt; margin-bottom:3.1pt; text-align:left; page-break-inside:avoid; page-break-after:avoid; line-height:12.5pt; font-family:'Verdana'; font-size:10.5pt; font-weight:bold }\r\n.TOC1 { margin-top:0pt; margin-right:28.35pt; margin-bottom:0pt; text-align:left; line-height:normal; font-family:'Verdana'; font-size:9.5pt }\r\n.TOC2 { margin:0pt 28.35pt 0pt 5.65pt; text-align:left; line-height:normal; font-family:'Verdana'; font-size:9.5pt }\r\n.TOC3 { margin:0pt 28.35pt 0pt 11.35pt; text-align:left; line-height:normal; font-family:'Verdana'; font-size:9.5pt }\r\n.TOC4 { margin:0pt 28.35pt 0pt 17pt; text-align:left; line-height:normal; font-family:'Verdana'; font-size:9.5pt }\r\n.TOC5 { margin:0pt 28.35pt 0pt 22.7pt; text-align:left; line-height:normal; font-family:'Verdana'; font-size:9.5pt }\r\n.TOC6 { margin-top:0pt; margin-left:47.65pt; margin-bottom:0pt; text-align:left; line-height:normal; font-family:'Verdana'; font-size:9.5pt }\r\n.TOC7 { margin-top:0pt; margin-right:28.35pt; margin-bottom:0pt; text-align:left; line-height:normal; font-family:'Verdana'; font-size:9.5pt }\r\n.TOC8 { margin-top:0pt; margin-right:28.35pt; margin-bottom:0pt; text-align:left; line-height:normal; font-family:'Verdana'; font-size:9.5pt }\r\n.TOC9 { margin-top:0pt; margin-left:8.5pt; margin-bottom:0pt; text-align:left; line-height:normal; font-family:'Verdana'; font-size:9.5pt }\r\n.TOCHeading { margin-top:3.1pt; margin-bottom:9pt; text-align:left; page-break-before:always; page-break-inside:avoid; page-break-after:avoid; line-height:12.5pt; font-family:'Verdana'; font-size:16pt }\r\n.Tabell-Kolumnrubrik { margin-bottom:0pt; line-height:12pt; font-family:'Verdana'; font-size:8pt; font-weight:bold }\r\n.Tabell-Klla { margin-top:2pt; margin-bottom:0pt; line-height:8pt; font-family:'Verdana'; font-size:7pt }\r\n.Tabell-Radrubrik { margin-bottom:0pt; line-height:12pt; font-family:'Verdana'; font-size:8pt }\r\n.Tabell-Rubrik { margin-top:12pt; margin-bottom:3pt; text-align:left; page-break-inside:avoid; page-break-after:avoid; line-height:10pt; font-family:'Verdana'; font-size:9pt; font-weight:bold }\r\n.Tabell-Siffror { margin-bottom:0pt; text-align:right; line-height:12pt; font-family:'Verdana'; font-size:8pt }\r\n.Tabell-Text { margin-bottom:0pt; line-height:12pt; font-family:'Verdana'; font-size:8pt }\r\n.Tabell-Underrubrik { margin-top:0pt; margin-bottom:1pt; text-align:left; page-break-inside:avoid; page-break-after:avoid; line-height:8pt; font-family:'Verdana'; font-size:8pt; font-weight:normal; font-style:italic }\r\n.TableofFigures { margin-top:3.1pt; margin-bottom:0pt; text-align:justify; line-height:normal; font-family:'Verdana'; font-size:9.5pt }\r\n.TillX-utskottet { margin-top:0pt; margin-bottom:12pt; text-align:left; page-break-after:avoid; line-height:12.5pt; font-family:'Verdana'; font-size:16pt }\r\n.Title { margin-top:3.1pt; margin-bottom:1pt; text-align:left; line-height:12pt; font-family:'Verdana'; font-size:20pt; letter-spacing:-0.5pt }\r\n.Vapen { margin-top:0pt; margin-bottom:0pt; text-align:left; page-break-inside:avoid; page-break-after:avoid; line-height:12.5pt; font-family:'Verdana'; font-size:16pt }\r\n.Yrkandelista { margin-top:3.1pt; margin-left:28.35pt; margin-bottom:0pt; text-indent:-28.35pt; text-align:justify; line-height:12.5pt; font-family:'Verdana'; font-size:9.5pt }\r\n.YrkandelistaEtt { margin-top:3.1pt; margin-left:0pt; margin-bottom:0pt; text-indent:0pt; text-align:justify; line-height:12.5pt; font-family:'Verdana'; font-size:9.5pt }\r\nspan.BallongtextChar { font-family:Tahoma; font-size:8pt }\r\nspan.BilagaChar { font-family:'Verdana'; font-size:8pt; font-variant:small-caps; text-decoration:underline }\r\nspan.BrdtextChar { font-family:'Verdana'; font-size:9.5pt }\r\nspan.BrdtextChar1 { font-family:'Verdana'; font-size:9.5pt }\r\nspan.Brdtextmedindrag2Char { font-family:'Verdana'; font-size:9.5pt }\r\nspan.CitatChar { font-family:'Verdana'; font-size:9.5pt }\r\nspan.DokumentRubrikChar { font-family:'Verdana'; font-size:18pt }\r\nspan.FotnotstextChar { font-family:'Verdana'; font-size:8pt }\r\nspan.FotnotstextindragChar { font-family:'Verdana'; font-size:8pt }\r\nspan.FrslagspunktChar { font-family:'Verdana'; font-size:9.5pt; font-weight:bold; font-style:normal }\r\nspan.Hyperlink { text-decoration:none; color:#000000 }\r\nspan.KommentarerChar { font-family:'Verdana'; font-size:10pt }\r\nspan.NormalkursivChar { font-family:'Verdana'; font-size:9.5pt; font-style:italic }\r\nspan.NormaltindragChar { font-family:'Verdana'; font-size:9.5pt }\r\nspan.OrdfrandenChar { font-family:'Verdana'; font-size:9.5pt; font-style:italic }\r\nspan.OrtochDatumChar { font-family:'Verdana'; font-size:9.5pt }\r\nspan.PlaceholderText { color:#808080 }\r\nspan.PVgnarChar { font-family:'Verdana'; font-size:9.5pt }\r\nspan.ReservationshnvisningChar { font-family:'Verdana'; font-size:9.5pt; font-style:italic }\r\nspan.Rubrik1Char { font-family:'Verdana'; font-size:16pt }\r\nspan.Rubrik1DokumentinformationChar { font-family:'Verdana'; font-size:16pt }\r\nspan.Rubrik2Char { font-family:'Verdana'; font-size:13.5pt }\r\nspan.Rubrik3Char { font-family:'Verdana'; font-size:10.5pt; font-weight:bold }\r\nspan.Rubrik4Char { font-family:'Verdana'; font-size:10.5pt; font-style:italic; color:#000000 }\r\nspan.Rubrik5Char { font-family:'Verdana'; font-size:9.5pt; font-weight:bold }\r\nspan.Rubrik6Char { font-family:'Verdana'; font-size:9.5pt; font-style:italic; color:#000000 }\r\nspan.Rubrik7Char { font-family:'Verdana'; font-size:9.5pt; font-style:italic; color:#243f60 }\r\nspan.Rubrik8Char { font-family:'Verdana'; font-size:9pt; color:#272727 }\r\nspan.Rubrik9Char { font-family:'Verdana'; font-size:9pt; font-style:italic; color:#272727 }\r\nspan.RubrikChar { font-family:'Verdana'; font-size:20pt; letter-spacing:-0.5pt }\r\nspan.SidfotChar { font-family:'Verdana'; font-size:9.5pt }\r\nspan.SidhuvudChar { font-family:'Verdana'; font-size:7.5pt; font-variant:small-caps }\r\nspan.Tabell-Upphjttecken { font-family:'Verdana'; font-variant:normal; text-decoration:none; text-transform:none; vertical-align:super; display:inline }\r\nspan.VapenChar { font-family:'Verdana'; font-size:16pt }\r\nspan.tBilagaJA { color:#000000 }\r\nspan.tSidrubrikJA { color:#000000 }\r\n.TableGrid {  }\r\n--></style>\r\n\r\n\t\t<div class=\"Section1\">\r\n\t\t\t<table cellspacing=\"0\" cellpadding=\"0\" style=\"border-collapse:collapse; margin-left:0pt\">\r\n\t\t\t\t<tr style=\"height:79.4pt\">\r\n\t\t\t\t\t<td style=\"vertical-align:top; width:297.7pt\">\r\n\t\t\t\t\t\t<p class=\"Rubrik1Dokumentinformation\" style=\"margin-top:0pt; margin-bottom:0pt; text-align:left; page-break-inside:avoid; page-break-after:avoid; line-height:16pt\">\r\n\t\t\t\t\t\t\t<span style=\"font-family:'Verdana'; font-size:16pt; -aw-sdt-tag:ccUtskott; -aw-sdt-title:'utskottsnamn Dokumentegenskap'\">Konstitutionsutskottet</span><span style=\"font-family:'Verdana'; font-size:16pt; -aw-sdt-tag:ccS; -aw-sdt-title:s\">s</span><span style=\"font-family:'Verdana'; font-size:16pt; -aw-sdt-tag:ccMellanslag; -aw-sdt-title:Mellanslag\"> </span><a name=\"Utlatande\"></a><span style=\"font-family:'Verdana'; font-size:16pt\">betänkande</span>\r\n\t\t\t\t\t\t</p>\r\n\t\t\t\t\t\t<p class=\"Dokumentbeteckning\" style=\"margin-top:0pt; margin-bottom:0pt; text-align:left; page-break-inside:avoid; page-break-after:avoid; line-height:16pt\">\r\n\t\t\t\t\t\t\t<span style=\"font-family:'Verdana'; font-size:16pt; -aw-sdt-tag:ccRiksmote; -aw-sdt-title:'riksmote Dokumentegenskap'\">2018/19</span><span style=\"font-family:'Verdana'; font-size:16pt; -aw-sdt-tag:ccKolon; -aw-sdt-title:Kolon\">:</span><a name=\"Utskottebeteckning\"></a><span style=\"font-family:'Verdana'; font-size:16pt\">KU13</span>\r\n\t\t\t\t\t\t</p>\r\n\t\t\t\t\t\t<p class=\"Rubrik1Dokumentinformation\" style=\"margin-top:0pt; margin-bottom:0pt; text-align:left; page-break-inside:avoid; page-break-after:avoid; line-height:16pt\">\r\n\t\t\t\t\t\t\t<span style=\"font-family:'Verdana'; font-size:16pt\"> </span>\r\n\t\t\t\t\t\t</p>\r\n\t\t\t\t\t</td>\r\n\t\t\t\t</tr>\r\n\t\t\t</table>\r\n\t\t\t<p class=\"DokumentRubrik\" style=\"-aw-sdt-tag:ccDokumentrubrik; -aw-sdt-title:'dokumentrubrik Dokumentegenskap'\">\r\n\t\t\t\t<span>Nystart för en stärkt minoritetspolitik</span>\r\n\t\t\t</p>\r\n\t\t\t<p class=\"Sammanfattning\">\r\n\t\t\t\t<span class=\"tSidrubrikJA\">Sammanfattning</span>\r\n\t\t\t</p>\r\n\t\t\t<p>\r\n\t\t\t\t<span>Utskottet föreslår </span><span>att riksdagen lägger regeringens skrivelse till handlingarna</span><span>.</span>\r\n\t\t\t</p>\r\n\t\t\t<p class=\"NormalIndent\">\r\n\t\t\t\t<span>I skrivelsen redogör regeringen översiktligt för nuläget inom minoritets</span><span>­</span><span>politiken och bedömer att arbete återstår för att efterlevnaden av de</span><span> nationella minoriteternas rättigheter ska kunna säkerställas. Regeringen beskriver nästa steg för en stärkt minoritetspolitik, inklusive innebörden av ett helhetsgrepp om utmaningar och möjligheter på området. Det redogörs för behovet av en nystart av politikområdets styrkedja, inklusive att myndighets</span><span>­</span><span>strukturen för samordning, utveckling och uppföljning av minoritetspolitiken bör utredas och analyseras närmare samt att uppföljningssystemet bör förbättras. Regeringen anför vidare att det krävs ett långsiktigt arbete för de nationella minoriteternas språk och kultur, bl.a. genom ett handlingsprogram för bevarande av språken och genom att organiseringen av språkcentrum eller motsvarande funktioner utreds. </span>\r\n\t\t\t</p>\r\n\t\t\t<p class=\"NormalIndent\">\r\n\t\t\t\t<span>Regeringen beskriver kopplingen mellan hälso- och sjukvården och minoritets</span><span>­</span><span>politiken samt behovet av kunskap om de nationella minoriteternas hälsosituation. Det bedöms även att ett långsiktigt och strategiskt arbete med kompetensförsörjning är nödvändigt för att komma tillrätta med bristen på utbildad personal. Slutligen bedömer regeringen att kunskapen om och synligheten för de nationella minoriteterna behöver öka i samhället och beskriver de olika aktörernas roller och ansvar.</span>\r\n\t\t\t</p>\r\n\t\t\t<p class=\"R4\">\r\n\t\t\t\t<span>Behandlade förslag</span>\r\n\t\t\t</p>\r\n\t\t\t<p>\r\n\t\t\t\t<span>Regeringens skrivelse 2017/18:282 Nystar</span><span>t</span><span> för en stärkt minoritetspolitik.</span>\r\n\t\t\t</p>\r\n\t\t\t<p class=\"Innehllsfrteckning\">\r\n\t\t\t\t<a name=\"Innehållsförteckning\"></a><span class=\"tSidrubrikJA\">Innehållsförteckning</span>\r\n\t\t\t</p>\r\n\t\t\t<p class=\"TOC1\">\r\n\t\t\t\t<a style=\"color:#000000\" href=\"#_Toc535573008\"><span class=\"Hyperlink\">Utskottets förslag till riksdagsbeslut</span></a>\r\n\t\t\t</p>\r\n\t\t\t<p class=\"TOC1\">\r\n\t\t\t\t<a style=\"color:#000000\" href=\"#_Toc535573009\"><span class=\"Hyperlink\">Redogörelse för ärendet</span></a>\r\n\t\t\t</p>\r\n\t\t\t<p class=\"TOC2\" style=\"margin-bottom:0pt\">\r\n\t\t\t\t<a style=\"color:#000000\" href=\"#_Toc535573010\"><span class=\"Hyperlink\">Ärendet och dess beredning</span></a>\r\n\t\t\t</p>\r\n\t\t\t<p class=\"TOC2\" style=\"margin-top:0pt\">\r\n\t\t\t\t<a style=\"color:#000000\" href=\"#_Toc535573011\"><span class=\"Hyperlink\">Bakgrund</span></a>\r\n\t\t\t</p>\r\n\t\t\t<p class=\"TOC1\">\r\n\t\t\t\t<a style=\"color:#000000\" href=\"#_Toc535573012\"><span class=\"Hyperlink\">Utskottets överväganden</span></a>\r\n\t\t\t</p>\r\n\t\t\t<p class=\"TOC2\">\r\n\t\t\t\t<a style=\"color:#000000\" href=\"#_Toc535573013\"><span class=\"Hyperlink\">Nystart för en stärkt minoritetspolitik</span></a>\r\n\t\t\t</p>\r\n\t\t\t<p class=\"TOC8\">\r\n\t\t\t\t<span class=\"Hyperlink\" style=\"font-style:italic\">Bilaga</span><br /><a style=\"color:#000000\" href=\"#_Toc535573014\"><span class=\"Hyperlink\">Förteckning över behandlade förslag</span></a>\r\n\t\t\t</p>\r\n\t\t\t<p class=\"TOC9\">\r\n\t\t\t\t<a style=\"color:#000000\" href=\"#_Toc535573015\"><span class=\"Hyperlink\">Skrivelsen</span></a>\r\n\t\t\t</p>\r\n\t\t\t<p>\r\n\t\t\t</p>\r\n\t\t\t<p>\r\n\t\t\t\t<span> </span>\r\n\t\t\t</p>\r\n\t\t\t<p class=\"NormalIndent\">\r\n\t\t\t\t<span> </span>\r\n\t\t\t</p>\r\n\t\t\t<p class=\"Avsnittsrubrik\">\r\n\t\t\t\t<a name=\"_Toc535573008\"></a><a name=\"StopCC\"></a><span class=\"tSidrubrikJA\">Utskottets förslag till riksdagsbeslut</span><span style=\"-aw-bookmark-end:_Toc535573008\"></span>\r\n\t\t\t</p>\r\n\t\t\t<p class=\"Mellanrum\">\r\n\t\t\t\t<span> </span>\r\n\t\t\t</p>\r\n\t\t\t<p class=\"Mellanrum\">\r\n\t\t\t\t<span> </span>\r\n\t\t\t</p>\r\n\t\t\t<table cellspacing=\"0\" cellpadding=\"0\" style=\"border-collapse:collapse; margin-left:0pt; width:294.2pt\">\r\n\t\t\t\t<tr>\r\n\t\t\t\t\t<td style=\"vertical-align:top; width:22pt\">\r\n\t\t\t\t\t\t<p style=\"margin-top:3.1pt; margin-bottom:0pt; text-align:justify; page-break-inside:avoid; page-break-after:avoid; line-height:12.5pt\">\r\n\t\t\t\t\t\t\t<span style=\"font-family:'Verdana'; font-size:10.5pt; font-weight:bold\">Nystart för en stärkt minoritetspolitik</span>\r\n\t\t\t\t\t\t</p>\r\n\t\t\t\t\t</td>\r\n\t\t\t\t</tr>\r\n\t\t\t</table>\r\n\t\t\t<p class=\"Normalutanluftfre\" style=\"-aw-sdt-tag:'dokumentavsnitt/utskottets förslag till riksdagsbeslut/2059464628/1547716570789'; -aw-sdt-title:'utskottets förslag till riksdagsbeslut'\">\r\n\t\t\t\t<span>Riksdagen lägger skrivelse 2017/18:282 till handlingarna.</span>\r\n\t\t\t</p>\r\n\t\t\t<p class=\"Mellanrum\" style=\"-aw-sdt-tag:'dokumentavsnitt/utskottets förslag till riksdagsbeslut/2059464628/1547716570789'; -aw-sdt-title:'utskottets förslag till riksdagsbeslut'\">\r\n\t\t\t\t<span> </span>\r\n\t\t\t</p>\r\n\t\t\t<p class=\"OrtochDatum\" style=\"-aw-sdt-tag:'dokumentavsnitt/utskottets förslag till riksdagsbeslut/2059464628/1547716570789'; -aw-sdt-title:'utskottets förslag till riksdagsbeslut'\">\r\n\t\t\t\t<span>Stockholm den 17 januari 2019</span>\r\n\t\t\t</p>\r\n\t\t\t<p class=\"PVgnar\" style=\"-aw-sdt-tag:'dokumentavsnitt/utskottets förslag till riksdagsbeslut/2059464628/1547716570789'; -aw-sdt-title:'utskottets förslag till riksdagsbeslut'\">\r\n\t\t\t\t<span>På konstitutionsutskottets vägnar</span>\r\n\t\t\t</p>\r\n\t\t\t<p class=\"Ordfranden\" style=\"-aw-sdt-tag:'dokumentavsnitt/utskottets förslag till riksdagsbeslut/2059464628/1547716570789'; -aw-sdt-title:'utskottets förslag till riksdagsbeslut'\">\r\n\t\t\t\t<span>Hans Ekström</span>\r\n\t\t\t</p>\r\n\t\t\t<p class=\"Deltagare\" style=\"-aw-sdt-tag:'dokumentavsnitt/utskottets förslag till riksdagsbeslut/2059464628/1547716570789'; -aw-sdt-title:'utskottets förslag till riksdagsbeslut'\">\r\n\t\t\t\t<span>Följande ledamöter har deltagit i beslutet: Hans Ekström (S), Marta Obminska (M), Ida Karkiainen (S), Ida Drougge (M), Per-Arne Håkansson (S), Linda Ylivainio (C), Erik Ottoson (M), Matheus Enholm (SD), Laila Naraghi (S), Tuve Skånberg (KD), Erik Ezelius (S), Bengt Eliasson (L), Fredrik Lindahl (SD), Jonas Eriksson (MP), Louise Meijer (M), Mikael Strandman (SD) och Jessica Wetterling (V).</span>\r\n\t\t\t</p>\r\n\t\t\t<p class=\"Mellanrum\" style=\"-aw-sdt-tag:'dokumentavsnitt/utskottets förslag till riksdagsbeslut/2059464628/1547716570789'; -aw-sdt-title:'utskottets förslag till riksdagsbeslut'\">\r\n\t\t\t\t<span> </span>\r\n\t\t\t</p>\r\n\t\t\t<p class=\"Mellanrum\" style=\"-aw-sdt-tag:'dokumentavsnitt/utskottets förslag till riksdagsbeslut/2059464628/1547716570789'; -aw-sdt-title:'utskottets förslag till riksdagsbeslut'\">\r\n\t\t\t\t<span> </span>\r\n\t\t\t</p>\r\n\t\t\t<p class=\"Mellanrum\" style=\"-aw-sdt-tag:'dokumentavsnitt/utskottets förslag till riksdagsbeslut/2059464628/1547716570789'; -aw-sdt-title:'utskottets förslag till riksdagsbeslut'\">\r\n\t\t\t\t<span style=\"font-size:9.5pt\"> </span>\r\n\t\t\t</p>\r\n\t\t\t<p>\r\n\t\t\t\t<span> </span>\r\n\t\t\t</p>\r\n\t\t\t<p class=\"Avsnittsrubrik\">\r\n\t\t\t\t<a name=\"_Toc535573009\"></a><a name=\"SlutUtskottsForslag\"></a><span class=\"tSidrubrikJA\">Redogörelse för ärendet</span><span style=\"-aw-bookmark-end:_Toc535573009\"></span>\r\n\t\t\t</p>\r\n\t\t\t<h2>\r\n\t\t\t\t<a name=\"_Toc535573010\"><span>Ärendet och dess beredning</span></a>\r\n\t\t\t</h2>\r\n\t\t\t<p>\r\n\t\t\t\t<span>Regeringen beslutade den 1 september 2016 att ge en särskild utredare i uppdrag att göra en översyn och analys av lagen (2009:724) om nationella minoriteter och minoritetsspråk samt angränsande frågor </span><span>och </span><span>föreslå åtgärder i syfte att säkra efterlevnaden av de nationella m</span><span>inoriteternas rättigheter (dir.</span><span> </span><span>2016:73). Utredningen antog namnet Utredningen om en stärkt minoritetspolitik (</span><span>Ku</span><span> 2016:02). Enligt tilläggs</span><span>­</span><span>direktiv som beslutades den 15 juni 2017 fick utredningen även i uppdrag att analysera vad den finlandssvenska gruppen i Sverige har för ställning och överväga om den ska erkännas som nationell minoritet (dir. 2017:64). Utredningstiden förlängdes samtidigt.</span>\r\n\t\t\t</p>\r\n\t\t\t<p class=\"NormalIndent\">\r\n\t\t\t\t<span>I juni 2017 överlämnade utredningen delbetänkandet Nästa steg? Förslag för en stärkt minoritetspolitik (SOU 2017:60).</span><span> </span>\r\n\t\t\t</p>\r\n\t\t\t<p class=\"NormalIndent\">\r\n\t\t\t\t<span>Regeringen beslutade den 21 mars 2018 propositionen En stärkt minoritetspolitik (prop. 2017/18:199, bet. 2017/18:KU44, rskr. 2017/18:409). Propositionen utgör en del i arbetet med att säkerställa efterlevnaden av de nationella minoriteternas rättigheter. I propositionen aviseras att regeringen avser att återkomma med ytterligare delar av den reviderade inriktningen för minoritetspolitiken.</span>\r\n\t\t\t</p>\r\n\t\t\t<p class=\"NormalIndent\">\r\n\t\t\t\t<span>Kulturdepartementet höll den 22 maj 2018 ett samrådsmöte med ett antal organisationer som företräder de nationella minoriteterna för att föra en dialog om den fortsatta inrikt</span><span>ningen för minoritetspolitiken.</span>\r\n\t\t\t</p>\r\n\t\t\t<p class=\"NormalIndent\">\r\n\t\t\t\t<span>Övriga</span><span> delar i uppdraget till Utredningen om en stärkt minoritetspolitik</span><span> (</span><span>Ku</span><span> </span><span>2016:02)</span><span> har </span><span>redovisats</span><span> i slut</span><span>betänkandet Nästa steg? Del 2. Förslag för en stärkt minoritetspolitik</span><span> (SOU 2017:88)</span><span>. Betänkandet har remissbehandlats och bereds för närvarande inom Regeringskansliet.</span>\r\n\t\t\t</p>\r\n\t\t\t<h2>\r\n\t\t\t\t<a name=\"_Toc535573011\"><span>Bakgrund</span></a>\r\n\t\t\t</h2>\r\n\t\t\t<p>\r\n\t\t\t\t<span>Målet för minoritetspolitiken</span><span> </span><span>är att ge skydd för de nationella minoriteterna och att stärka deras möjlighet till inflytande, samt att stödja de historiska minoritetsspråken så att de hålls levande</span><span> (prop. 2008/09:1 </span><span>utg.omr</span><span>. 1, bet. 2008/09:KU1, rskr. 2008/09:272)</span><span>. Det övergripande mål</span><span>et bröts genom reformen 2010 ned</span><span> i tre delområden: diskriminering och utsatthet, inflytande och delaktighet samt språk och kulturell identitet (prop. 2008/09:158 s. 45–46). De insatser och åtgärder som vidtas inom politikområdet hänför sig till de tre delområdena</span><span>,</span><span> och uppföljningen av utvecklingen genomförs och redovisas också inom dessa.</span>\r\n\t\t\t</p>\r\n\t\t\t<p class=\"Avsnittsrubrik\">\r\n\t\t\t\t<a name=\"_Toc535573012\"><span class=\"tSidrubrikJA\">Utskottets överväganden</span></a>\r\n\t\t\t</p>\r\n\t\t\t<h2 style=\"-aw-sdt-tag:bc6d8c34-c65d-41dd-a4ca-310c5bef87dd/förslagsrutor/-1752406690/1539879335994; -aw-sdt-title:förslagsrutor\">\r\n\t\t\t\t<a name=\"_Toc535573013\"><span>Nystart för en stärkt minoritetspolitik</span></a>\r\n\t\t\t</h2>\r\n\t\t\t<div style=\"border-bottom-color:#000000; border-bottom-style:solid; border-bottom-width:0.75pt; border-left-color:#000000; border-left-style:solid; border-left-width:0.75pt; border-right-color:#000000; border-right-style:solid; border-right-width:0.75pt; border-top-color:#000000; border-top-style:solid; border-top-width:0.75pt; clear:both; margin:3.1pt 0.9pt 0pt\">\r\n\t\t\t\t<p class=\"Normalrutafet\" style=\"margin:0pt; padding-right:4pt; padding-left:4pt\">\r\n\t\t\t\t\t<span style=\"-aw-bookmark-end:_Toc535573013\"></span><span>Utskottets förslag i korthet</span>\r\n\t\t\t\t</p>\r\n\t\t\t\t<p class=\"Normalruta\" style=\"margin:0pt; padding-right:4pt; padding-left:4pt; padding-bottom:4pt\">\r\n\t\t\t\t\t<span>Riksdagen</span><span> lägger regeringens skrivelse till handlingarna.</span>\r\n\t\t\t\t</p>\r\n\t\t\t</div>\r\n\t\t\t<p class=\"Mellanrum\">\r\n\t\t\t\t<span> </span>\r\n\t\t\t</p>\r\n\t\t\t<p class=\"R3\" style=\"margin-bottom:0pt\">\r\n\t\t\t\t<span>Skrivelsen</span>\r\n\t\t\t</p>\r\n\t\t\t<p class=\"R4\" style=\"margin-top:6pt\">\r\n\t\t\t\t<span>Nuläget inom minoritetspolitiken</span>\r\n\t\t\t</p>\r\n\t\t\t<p class=\"NormalIndent\" style=\"text-indent:0pt\">\r\n\t\t\t\t<span>Regeringen redovisar en nulägesbeskrivning inom minoritetspolitikens tre delområde</span><span>n: diskriminering och utsatthet,</span><span> inflytande oc</span><span>h delaktighet samt</span><span> språk och kulturell identitet. Beskrivningen grundar sig </span><span>främst </span><span>på löpande rapportering från samordnings- och uppföljnings</span><span>­</span><span>myndigheterna Länsstyrelsen i Stockholms län och Sametinget samt på Sveriges rapporter om efterlevnaden av Europarådets ramkonvention om skydd för nationella minoriteter (SÖ 2000:2, ramkonventionen) och den europeiska stadgan om landsdels- eller minoritetsspråk (SÖ 2000:3, språkstadgan) vilka överlämnades till Europarådet i juni 2016 (Ku2016/00845/DISK).</span>\r\n\t\t\t</p>\r\n\t\t\t<p class=\"NormalIndent\">\r\n\t\t\t\t<span>Regeringen konstaterar bl.a. att det skett </span><span>en positiv utveckling</span><span> på en övergripande nivå</span><span> för efterlevnaden av de nationella minoriteternas rättigheter sedan lagen (2009:724) om nationella minorite</span><span>ter och minoritetsspråk (minori</span><span>tetslagen) trädde i kraft den 1 januari 2010. Det återstår dock utmaningar, vilket är anledningen till att regeringen beslutat propositionen En stärkt minoritetspolitik (prop. 2017/18:99).</span><span> </span>\r\n\t\t\t</p>\r\n\t\t\t<p class=\"NormalIndent\">\r\n\t\t\t\t<span>Vidare konstaterar regeringen att det finns stora skillnader mellan kommuner och landsting inom respektive </span><span>utanför </span><span>för</span><span>valtningsområdena. </span><span>Aktivitetsnivån varierar även mellan de tre olika delområdena. Det mest aktiva arbetet bedrivs inom delområdet språk och kulturell identitet, dock med varierande effektivitet och kvalitet. Delområdet diskriminering och utsatthet har däremot inte prioriterats på samma sätt i den offentliga verksamheten och här finns det brister såväl vad gäller kunskapsnivån som aktivitetsnivån. Inom delområdet inflytande och delaktighet har olika delar av det allmänna varierande grad av måluppfyllelse och det kan konstateras att tydliga styr</span><span>­</span><span>dokument och en öppen dialog har varit framgångsfaktorer</span><span> för de kommuner, landsting och statliga myndigheter som har kommit längre i sitt arbete.</span>\r\n\t\t\t</p>\r\n\t\t\t<p class=\"NormalIndent\">\r\n\t\t\t\t<span>Den centrala samordningen och uppföljningen av politikområdet har varit betydande för den positiva utvecklingen. Samtidigt pekar utredningen och remissutfallet på att den nuvarande ordningen har brister.</span>\r\n\t\t\t</p>\r\n\t\t\t<p class=\"NormalIndent\">\r\n\t\t\t\t<span> </span>\r\n\t\t\t</p>\r\n\t\t\t<p class=\"NormalIndent\">\r\n\t\t\t\t<span>Regeringen gör bedömningen att det återstår arbete inom minoritetspolitiken för att efterlevnaden av de nationella minoriteternas rättigheter ska kunna säkerställas.</span><span> </span>\r\n\t\t\t</p>\r\n\t\t\t<p class=\"R4\" style=\"margin-top:6pt; margin-bottom:0pt\">\r\n\t\t\t\t<span>Nästa steg för en stärkt minoritetspolitik</span>\r\n\t\t\t</p>\r\n\t\t\t<p>\r\n\t\t\t\t<span>Regeringen gör bedömningen att det är nödvändigt med ett helhetsgrepp om minoritetspolitiken. Detta bör bestå av tre övergripande beståndsdelar:</span>\r\n\t\t\t</p>\r\n\t\t\t<ol type=\"1\" style=\"margin:0pt; padding-left:0pt\">\r\n\t\t\t\t<li class=\"Punktlistasiffra\" style=\"margin-left:12.12pt; margin-bottom:0pt; text-indent:0pt; padding-left:2.03pt; font-family:'Verdana'; font-size:9.5pt\">\r\n\t\t\t\t\t<span style=\"font-family:'Verdana'; font-size:9.5pt\">ramverk</span>\r\n\t\t\t\t</li>\r\n\t\t\t\t<li class=\"Punktlistasiffra\" style=\"margin-top:0pt; margin-left:12.12pt; margin-bottom:0pt; text-indent:0pt; padding-left:2.03pt; font-family:'Verdana'; font-size:9.5pt\">\r\n\t\t\t\t\t<span style=\"font-family:'Verdana'; font-size:9.5pt\">samordning,</span><span style=\"font-family:'Verdana'; font-size:9.5pt\"> utveckling och uppföljning</span>\r\n\t\t\t\t</li>\r\n\t\t\t\t<li class=\"Punktlistasiffra\" style=\"margin-top:0pt; margin-left:12.12pt; text-indent:0pt; padding-left:2.03pt; font-family:'Verdana'; font-size:9.5pt\">\r\n\t\t\t\t\t<span style=\"font-family:'Verdana'; font-size:9.5pt\">åtgärder.</span>\r\n\t\t\t\t</li>\r\n\t\t\t</ol>\r\n\t\t\t<p>\r\n\t\t\t\t<span>Ett kontinuerligt utvecklingsarbete bör bedrivas för att löpande justera genom</span><span>­</span><span>förandet av minoritetspolitiken.</span>\r\n\t\t\t</p>\r\n\t\t\t<p class=\"NormalIndent\">\r\n\t\t\t\t<span>Vidare gör regeringen bedömningen att ansvarsfördelningen inom minoritetspolitiken bör förtydligas för att åstadkomma ökad effektivitet, systematik och långsiktighet.</span>\r\n\t\t\t</p>\r\n\t\t\t<p class=\"NormalIndent\">\r\n\t\t\t\t<span>D</span><span>e nationella minoriteternas organisationer har stor betydelse</span><span>, enligt regeringens bedömning,</span><span> för genomförandet av minoritetspolitiken, både som experter på den egna situationen och som viktiga företrädare för minoriteterna.</span><span> </span><span>Organisationsstödet till riksorganisationer som företräder de nationella minoriteterna bör höjas. Ett sådant organisationsstöd bör även införas för riksorganisationer som företräder samer i arbetet med minoritets</span><span>­</span><span>politiken.</span><span> </span><span> </span><span>Samordnings- och uppföljningsmyndigheterna bör vidta kapacitets- och kunskapshöjande åtgärder för att stödja organisationerna.</span>\r\n\t\t\t</p>\r\n\t\t\t<p class=\"R4\" style=\"margin-top:6pt; margin-bottom:0pt\">\r\n\t\t\t\t<span>Effektiv styrning, samordning och uppföljning för fortsatt utveckling</span>\r\n\t\t\t</p>\r\n\t\t\t<p>\r\n\t\t\t\t<span>För att säkerställa efterlevnaden av de nationella minoriteternas rättigheter och måluppfyllelsen på politikområdet gör regeringen bedömningen att styrkedjan bör förbättras, tydliggöras och effektiviseras.</span><span> </span><span>Styrningen av politikområdet bör utgå från den fortsatta inriktningen för minoritetspolitiken och behovet av ökad tydlighet och transparens.</span>\r\n\t\t\t</p>\r\n\t\t\t<p class=\"NormalIndent\">\r\n\t\t\t\t<span>Vidare</span><span> gör</span><span> regeringen</span><span> bedömningen att s</span><span>amverkan mellan statliga myndigheter, kommuner och landsting på det minoritetspolitiska området bör förbättras.</span>\r\n\t\t\t</p>\r\n\t\t\t<p class=\"NormalIndent\">\r\n\t\t\t\t<span>S</span><span>tatliga myndigheter har stor betydelse för genomförandet av minoritetspolitiken. Därför bör ett mer strategiskt förhållningssätt till myndighetsstyrning tillämpas inom minoritetspolitiken.</span>\r\n\t\t\t</p>\r\n\t\t\t<p class=\"NormalIndent\">\r\n\t\t\t\t<span>Vidare bör u</span><span>ppföljningssystemet </span><span>enligt regeringens bedömning</span><span> utvecklas och möjligheten att på ett systematiskt och långsiktigt sätt följa och analysera utvecklingen inom alla berörda sektorer bör förbättras.</span><span> </span><span>De myndigheter som har uppföljningsansvar inom olika sektorer bör förbättra sin kapacitet att följa och analysera utvecklingen i förhållande till det minoritetspolitiska målet.</span>\r\n\t\t\t</p>\r\n\t\t\t<p class=\"NormalIndent\">\r\n\t\t\t\t<span>Regeringen gör även bedömningen att samordningen, utvecklingen och uppföljningen av minoritetspolitiken bör stärkas.</span>\r\n\t\t\t</p>\r\n\t\t\t<p class=\"NormalIndent\">\r\n\t\t\t\t<span>Myndighetsstrukturen för samordning, utveckling och uppföljning av minoritetspolitiken bör utredas och analyseras närmare.</span>\r\n\t\t\t</p>\r\n\t\t\t<p class=\"NormalIndent\">\r\n\t\t\t\t<span>Sametinget bör </span><span>även i fortsättningen</span><span> vara ansvarig myndighet för samiska frågor inom minoritetspolitiken.</span>\r\n\t\t\t</p>\r\n\t\t\t<p class=\"R4\" style=\"margin-top:6pt; margin-bottom:0pt\">\r\n\t\t\t\t<span>Ett långsiktigt arbete för de nationella minoriteternas språk och kultur</span>\r\n\t\t\t</p>\r\n\t\t\t<p>\r\n\t\t\t\t<span>Om de nationella minoritetsspråken ska kunna bestå och utvecklas som levande språk i Sverige, är det </span><span>enligt regeringens bedömning </span><span>nödvändigt att </span><span>även i fortsättningen</span><span> vidta åtgärder för att bryta den pågående språkbytes</span><span>­</span><span>processen.</span>\r\n\t\t\t</p>\r\n\t\t\t<p class=\"NormalIndent\">\r\n\t\t\t\t<span>E</span><span>tt långsiktigt och samlat handlings</span><span>­</span><span>program för bevarande av de nationella minoritetsspråken bör</span><span> enligt regeringens bedömning</span><span> utarbetas och antas. Programmet bör innehålla såväl övergripande som specifika åtgärder och en tydlig ansvarsfördelning.</span><span> </span><span>Organiseringen av språkcentrum eller motsvarande funktioner för att främja de nationella minoritetsspråken bör utredas för att kunna ingå i handlingsprogrammet.</span>\r\n\t\t\t</p>\r\n\t\t\t<p class=\"NormalIndent\">\r\n\t\t\t\t<span>Vidare gör regeringen bedömningen att d</span><span>e nationella minoriteternas kultur utgör en viktig del av såväl det gemensamma kulturarvet som det samtida kult</span><span>urlivet och bör f</span><span>ortsätta att stödjas</span><span> av det allmänna. Utgångspunkten för detta bör vara att de nationella minoriteterna ska ges möjlighet att utveckla och bibehålla ett levande kulturliv.</span>\r\n\t\t\t</p>\r\n\t\t\t<p class=\"R4\" style=\"margin-top:6pt; margin-bottom:0pt\">\r\n\t\t\t\t<span>Hälso- och sjukvård för de nationella minoriteterna</span>\r\n\t\t\t</p>\r\n\t\t\t<p>\r\n\t\t\t\t<span>Regeringen följer det arbete som pågår inom kunskapsnätverket för samisk hälsa. Resultatet av detta arbete bör inväntas innan regeringen tar ytterligare ställning i frågan om ett centrum för samisk hälsa.</span>\r\n\t\t\t</p>\r\n\t\t\t<p class=\"NormalIndent\">\r\n\t\t\t\t<span>Vidare gör regeringen bedömningen att </span><span>Folkhälsomyndigheten och Socialstyrelsen bör ha långsiktiga metoder för att följa de nationella minoriteternas situation inom respektive myndighets ansvarsområde. Detta bör ske med beaktande av respektive minoritets förutsättningar och behov.</span>\r\n\t\t\t</p>\r\n\t\t\t<p class=\"NormalIndent\">\r\n\t\t\t\t<span>Aktörer inom hälso- och sjukvården bör </span><span>enligt regeringen </span><span>ha grund</span><span>­</span><span>läggande kunskap om de nationella minoriteterna och minoritetsspråken för att kunna möta dessa i enlighet med gällande bestämmelser.</span>\r\n\t\t\t</p>\r\n\t\t\t<p class=\"R4\" style=\"margin-top:6pt\">\r\n\t\t\t\t<span>Kompetensförsörjning för framtiden</span>\r\n\t\t\t</p>\r\n\t\t\t<p>\r\n\t\t\t\t<span>T</span><span>illgången till personal med språk- och kulturkompetens är </span><span>enligt regeringens bedömning </span><span>avgörande för det allmännas möjlighet att efterleva de krav som ställs med anledning av de nationella minoriteternas rättigheter. Arbetet med kompetensförsörjnings</span><span>­</span><span>frågor bör därför vara strategiskt och långsiktigt. Det är utifrån detta syfte viktigt med goda utbildningsmöjligheter i de nationella minoritetsspråken.</span>\r\n\t\t\t</p>\r\n\t\t\t<p class=\"NormalIndent\">\r\n\t\t\t\t<span>Universitet och högskolor har en betydande roll för minoritetspolitiken genom de möjligheter till utbildning om de nationella minoriteterna och i de nationella minoritetsspråken som de erbjuder.</span>\r\n\t\t\t</p>\r\n\t\t\t<p class=\"R4\">\r\n\t\t\t\t<span>Behov av</span><span> ökad kunskap och synlighet</span>\r\n\t\t\t</p>\r\n\t\t\t<p>\r\n\t\t\t\t<span>Regeringen gör bedömningen att k</span><span>unskapen om de nationella minoriteterna och minoritetsspråken, liksom deras synlighet i samhället bör öka.</span>\r\n\t\t\t</p>\r\n\t\t\t<p class=\"NormalIndent\">\r\n\t\t\t\t<span>Statens skolverk har sedan den 1 februari 2018 ett samlat ansvar för frågor om de nationella minoriteterna och de nationella minoritetsspråken inom ramen för sitt verksamhetsområde. Skolverket ska inom ramen för detta ansvar verka samlande, stödjande och pådrivande.</span>\r\n\t\t\t</p>\r\n\t\t\t<p class=\"NormalIndent\">\r\n\t\t\t\t<span>Regeringen gör bedömningen att kunskapen om de nationella minoriteterna och de nationella minoritetsspråken inom skolväsendet bör öka.</span>\r\n\t\t\t</p>\r\n\t\t\t<p class=\"NormalIndent\">\r\n\t\t\t\t<span>Regeringen avser att följa det arbete med frågor om de nationella minoriteterna och minoritetsspråken som sker inom folkbildningen.</span>\r\n\t\t\t</p>\r\n\t\t\t<p class=\"R3\">\r\n\t\t\t\t<span>Utskottets ställningstagande</span>\r\n\t\t\t</p>\r\n\t\t\t<p>\r\n\t\t\t\t<span>Utskottet vill inledningsvis betona vikten av det beslutade målet att ge skydd för </span><span>de nationella minoriteterna, </span><span>stärka deras möjlighet till inflytande samt att stödja de historiska minoritetsspråken. </span><span>Utskottet vill också framhålla betydelsen av Europarådets </span><span>ram</span><span>konvention om</span><span> skydd för</span><span> nationella minoriteter</span><span> och den europeiska stadgan om landsdels- eller minoritetsspråk</span><span>. </span><span>I skrivelsen ger regeringen en lägesbild över minoritetspolitiken. Regeringen framhåller bland annat behovet av ett långsiktigt arbete för de nationella minoriteternas språk och kultur och betydelsen av att öka kunskapen om och synligheten för de nationella minoriteterna i samhället. Utskottet välkomnar redogörelsen och det viktiga arbete som bedrivs. </span>\r\n\t\t\t</p>\r\n\t\t\t<p class=\"NormalIndent\">\r\n\t\t\t\t<span>Utskottet föreslår att riksdagen lägger skrivelsen till handlingarna.</span>\r\n\t\t\t</p>\r\n\t\t\t<p class=\"Bilaga\">\r\n\t\t\t\t<span class=\"tBilagaJA\">Bilaga</span>\r\n\t\t\t</p>\r\n\t\t\t<p class=\"Bilagerubrik\">\r\n\t\t\t\t<a name=\"_Toc535573014\"><span class=\"tSidrubrikJA\">Förteckning över behandlade förslag</span></a>\r\n\t\t\t</p>\r\n\t\t\t<p class=\"Rubrik2bilaga\" style=\"-aw-sdt-tag:'dokumentavsnitt/förteckning över behandlade förslag/515849234/1539000263947'; -aw-sdt-title:'förteckning över behandlade förslag'\">\r\n\t\t\t\t<a name=\"_Toc535573015\"><span>Skrivelsen</span></a><span> </span>\r\n\t\t\t</p>\r\n\t\t\t<p style=\"-aw-sdt-tag:'dokumentavsnitt/förteckning över behandlade förslag/515849234/1539000263947'; -aw-sdt-title:'förteckning över behandlade förslag'\">\r\n\t\t\t\t<span>Regeringens skrivelse 2017/18:282 Nystart för en stärkt minoritetspolitik.</span>\r\n\t\t\t</p>\r\n\t\t\t<p class=\"Mellanrum\">\r\n\t\t\t\t<span> </span>\r\n\t\t\t</p>\r\n\t\t\t<p class=\"Mellanrum\" style=\"-aw-sdt-tag:'dokumentavsnitt/förteckning över behandlade förslag/515849234/1539000263947'; -aw-sdt-title:'förteckning över behandlade förslag'\">\r\n\t\t\t\t<span> </span>\r\n\t\t\t</p>\r\n\t\t\t<p>\r\n\t\t\t\t<span> </span>\r\n\t\t\t</p>\r\n\t\t\t<p>\r\n\t\t\t\t<span> </span>\r\n\t\t\t</p>\r\n\t\t\t<p>\r\n\t\t\t\t<span> </span>\r\n\t\t\t</p>\r\n\t\t\t<p>\r\n\t\t\t\t<span> </span>\r\n\t\t\t</p>\r\n\t\t</div>\r\n\t"},"dokutskottsforslag":{"utskottsforslag":{"punkt":"1","rubrik":"Nystart för en stärkt minoritetspolitik","forslag":"<BR/>Riksdagen lägger skrivelse 2017/18:282 till handlingarna.<BR/><BR/>","beslutstyp":"acklamation","motforslag_nummer":"0","motforslag_partier":null,"votering_id":null,"votering_sammanfattning_html":null,"votering_url_xml":null,"rm":"2018/19","bet":"KU13","vinnare":"utskottet"}},"dokaktivitet":{"aktivitet":[{"kod":"UBE","namn":"Beredning","datum":"2018-11-29 00:00:00","status":"inträffat","ordning":"0","process":null},{"kod":"UBE","namn":"Beredning","datum":"2018-12-11 00:00:00","status":"inträffat","ordning":"0","process":null},{"kod":"JUS","namn":"Justering","datum":"2019-01-17 00:00:00","status":"inträffat","ordning":"0","process":null},{"kod":"TRY","namn":"Trycklov","datum":"2019-01-18 00:00:00","status":"inträffat","ordning":"0","process":null},{"kod":"B","namn":"Bordläggning","datum":"2019-01-22 00:00:00","status":"inträffat","ordning":"0","process":null},{"kod":"BEH","namn":"Behandling","datum":"2019-01-23 00:00:00","status":"inträffat","ordning":"0","process":null},{"kod":"BES","namn":"Beslut","datum":"2019-01-23 00:00:00","status":"inträffat","ordning":"0","process":null}]},"dokuppgift":{"uppgift":[{"kod":"notis","namn":"Beslut i korthet","text":"                           <p>Regeringen har lämnat en skrivelse om minoritetspolitiken till riksdagen. Målet för minoritetspolitiken är att ge skydd för de nationella minoriteterna, stärka deras möjlighet till inflytande samt att stödja de historiska minoritetsspråken så att de hålls levande. I skrivelsen redogör regeringen för nuläget inom minoritetspolitikens tre delområden: diskriminering och utsatthet, inflytande och delaktighet samt språk och kulturell identitet.</p>\r\n<p>Regeringen bedömer att arbete återstår för att de nationella minoriteternas rättigheter ska kunna säkerställas. Ett långsiktigt arbete för de nationella minoriteternas språk och kultur krävs, bland annat genom ett handlingsprogram för bevarande av språken. Kopplingen mellan hälso- och sjukvården och minoritetspolitiken beskrivs också samt behovet av kunskap om de nationella minoriteternas hälsosituation. Regeringen gör bedömningen att ett långsiktigt arbete med kompetensförsörjning är nödvändigt för att komma tillrätta med bristen på utbildad personal.</p>\r\n<p>Slutligen bedömer regeringen att kunskapen om och synligheten för de nationella minoriteterna behöver öka i samhället.</p>\r\n<p>Riksdagen har behandlat regeringens skrivelse och betonar vikten av det beslutade målet för minoritetspolitiken. Riksdagen vill också framhålla betydelsen av Europarådets ramkonvention om skydd för nationella minoriteter och den europeiska stadgan om landsdels- eller minoritetsspråk.&nbsp;Riksdagen välkomnar redogörelsen och det viktiga arbete som görs.</p>\r\n<p>Riksdagen lade&nbsp;skrivelsen till handlingarna, det vill säga avslutade ärendet.</p>\r\n                                            ","dok_id":"H601KU13","systemdatum":"2019-01-23 15:50:20"},{"kod":"notisrubrik","namn":"Beslut","text":"Nystart för en stärkt minoritetspolitik (KU13)","dok_id":"H601KU13","systemdatum":"2019-01-23 15:50:20"},{"kod":"utsknotis","namn":"Utskottets förslag till beslut","text":"                           <p>Regeringen har lämnat en skrivelse om minoritetspolitiken till riksdagen. Målet för minoritetspolitiken är att ge skydd för de nationella minoriteterna, stärka deras möjlighet till inflytande samt att stödja de historiska minoritetsspråken så att de hålls levande. I skrivelsen redogör regeringen för nuläget inom minoritetspolitikens tre delområden: diskriminering och utsatthet, inflytande och delaktighet samt språk och kulturell identitet.</p>\r\n<p>Regeringen bedömer att arbete återstår för att de nationella minoriteternas rättigheter ska kunna säkerställas. Ett långsiktigt arbete för de nationella minoriteternas språk och kultur krävs, bland annat genom ett handlingsprogram för bevarande av språken. Kopplingen mellan hälso- och sjukvården och minoritetspolitiken beskrivs också samt behovet av kunskap om de nationella minoriteternas hälsosituation. Regeringen gör bedömningen att ett långsiktigt arbete med kompetensförsörjning är nödvändigt för att komma tillrätta med bristen på utbildad personal.</p>\r\n<p>Slutligen bedömer regeringen att kunskapen om och synligheten för de nationella minoriteterna behöver öka i samhället.</p>\r\n<p>Konstitutionsutskottet har behandlat regeringens skrivelse och betonar vikten av det beslutade målet för minoritetspolitiken. Utskottet vill också framhålla betydelsen av Europarådets ramkonvention om skydd för nationella minoriteter och den europeiska stadgan om landsdels- eller minoritetsspråk. Utskottet välkomnar redogörelsen och det viktiga arbete som görs. Konstitutionsutskottet föreslår att riksdagen lägger skrivelsen till handlingarna, det vill säga avslutar ärendet.</p>\r\n                                            ","dok_id":"H601KU13","systemdatum":"2019-01-23 15:50:20"},{"kod":"utsknotisrubrik","namn":"Utskottets förslag","text":"Nystart för en stärkt minoritetspolitik (KU13)","dok_id":"H601KU13","systemdatum":"2019-01-23 15:50:20"},{"kod":"rdbeslut","namn":"Riksdagens beslut","text":"Kammaren biföll utskottets förslag.","dok_id":"H601KU13","systemdatum":"2019-01-23 16:16:30"},{"kod":"beslutssammanfattningusk","namn":"Utskottets förslag till beslut","text":"Skrivelsen läggs till handlingarna.","dok_id":"H601KU13","systemdatum":"2019-01-21 11:09:43"},{"kod":"debattdatumtid","namn":"Datum och tid för debatten","text":"2019-01-23 00:00:00","dok_id":"H601KU13","systemdatum":"2019-01-23 15:50:20"},{"kod":"beslutdatumtid","namn":"Datum och tid för beslutet","text":"2019-01-23 00:00:00","dok_id":"H601KU13","systemdatum":"2019-01-23 15:50:20"},{"kod":"statustext","namn":"statustext","text":"Ärendet är avslutat","dok_id":"H601KU13","systemdatum":"2019-01-24 13:57:28"}]},"dokbilaga":{"bilaga":{"dok_id":"H601KU13","titel":"Nystart för en stärkt minoritetspolitik","subtitel":null,"filnamn":"2018_19_KU13_20190118114317_Publicering.pdf","filstorlek":"328857","filtyp":"pdf","fil_url":"http://data.riksdagen.se/fil/2C358A14-1B51-4AC1-8F9D-8C053190B353"}},"dokreferens":{"referens":[{"referenstyp":"behandlar","uppgift":"Skrivelse 2017/18:282 Nystart för en stärkt minoritetspolitik","ref_dok_id":"H503282","ref_dok_typ":"prop","ref_dok_rm":"2017/18","ref_dok_bet":"282","ref_dok_titel":"Nystart för en stärkt minoritetspolitik","ref_dok_subtitel":null,"ref_dok_subtyp":"skr","ref_dok_dokumentnamn":"Skrivelse"},{"referenstyp":"föredragningslista","uppgift":"föredragningslista 2018/19:42 Onsdag den 23 januari 2019","ref_dok_id":"H60I42","ref_dok_typ":"f-lista","ref_dok_rm":"2018/19","ref_dok_bet":"42","ref_dok_titel":"Onsdag den 23 januari 2019","ref_dok_subtitel":null,"ref_dok_subtyp":null,"ref_dok_dokumentnamn":"Föredragningslista"},{"referenstyp":"protokollbeslut","uppgift":"2019-01-23","ref_dok_id":"H60942","ref_dok_typ":"prot","ref_dok_rm":"2018/19","ref_dok_bet":"42","ref_dok_titel":"Protokoll 2018/19:42 Onsdagen den 23 januari","ref_dok_subtitel":null,"ref_dok_subtyp":null,"ref_dok_dokumentnamn":"Protokoll"},{"referenstyp":"protokolldebatt","uppgift":"2019-01-23","ref_dok_id":"H60942","ref_dok_typ":"prot","ref_dok_rm":"2018/19","ref_dok_bet":"42","ref_dok_titel":"Protokoll 2018/19:42 Onsdagen den 23 januari","ref_dok_subtitel":"Nystart för en stärkt minoritetspolitik","ref_dok_subtyp":null,"ref_dok_dokumentnamn":"Protokoll"},{"referenstyp":"rskr","uppgift":null,"ref_dok_id":"H60K123","ref_dok_typ":"rskr","ref_dok_rm":"2018/19","ref_dok_bet":"123","ref_dok_titel":"Riksdagsskrivelse 2018/19:123","ref_dok_subtitel":null,"ref_dok_subtyp":"rskr","ref_dok_dokumentnamn":"Riksdagsskrivelse"},{"referenstyp":"talarlista","uppgift":"talarlista 2018/19:20190123 Onsdag den 23 januari 2019 (preliminär)","ref_dok_id":"H60J20190123","ref_dok_typ":"t-lista","ref_dok_rm":"2018/19","ref_dok_bet":"20190123","ref_dok_titel":"Onsdag den 23 januari 2019 (preliminär)","ref_dok_subtitel":null,"ref_dok_subtyp":null,"ref_dok_dokumentnamn":"Talarlista"}]},"debatt":{"anforande":[{"video_id":"1100190123433366822","video_url":"1100190123433366822#pos=10","startpos":"10","tumnagel":["","//mhdownload.riksdagen.se/riksdagen/unrestricted/thumb/1100190123433366822_mid.jpg"],"tumnagel_stor":"//mhdownload.riksdagen.se/riksdagen/unrestricted/thumb/1100190123433366822_high.jpg","anf_video_id":"1100190123433367022","anf_hangar_id":"5020233","anf_sekunder":"418","anf_klockslag":"10:53","datumtid":"2019-01-23 10:53:14","anf_datum":"2019-01-23 00:00:00","anf_typ":"ap","anf_text":"","anf_beteckning":"2018/19:-18","anf_nummer":"18","talare":"Ida Karkiainen (S)","intressent_id":"0509830681123","parti":"S","anf_rm":"2018/19"},{"video_id":"1100190123433366822","video_url":"1100190123433366822#pos=438","startpos":"438","tumnagel":["","//mhdownload.riksdagen.se/riksdagen/unrestricted/thumb/1100190123433366822_mid.jpg"],"tumnagel_stor":"//mhdownload.riksdagen.se/riksdagen/unrestricted/thumb/1100190123433366822_high.jpg","anf_video_id":"1100190123433367222","anf_hangar_id":"5020234","anf_sekunder":"288","anf_klockslag":"11:00","datumtid":"2019-01-23 11:00:22","anf_datum":"2019-01-23 00:00:00","anf_typ":"ap","anf_text":"","anf_beteckning":"2018/19:-19","anf_nummer":"19","talare":"Louise Meijer (M)","intressent_id":"0616721755222","parti":"M","anf_rm":"2018/19"},{"video_id":"1100190123433366822","video_url":"1100190123433366822#pos=737","startpos":"737","tumnagel":["","//mhdownload.riksdagen.se/riksdagen/unrestricted/thumb/1100190123433366822_mid.jpg"],"tumnagel_stor":"//mhdownload.riksdagen.se/riksdagen/unrestricted/thumb/1100190123433366822_high.jpg","anf_video_id":"1100190123433367422","anf_hangar_id":"5020236","anf_sekunder":"189","anf_klockslag":"11:05","datumtid":"2019-01-23 11:05:21","anf_datum":"2019-01-23 00:00:00","anf_typ":"ap","anf_text":"","anf_beteckning":"2018/19:-20","anf_nummer":"20","talare":"Jessica Wetterling (V)","intressent_id":"0481460392727","parti":"V","anf_rm":"2018/19"},{"video_id":"1100190123433366822","video_url":"1100190123433366822#pos=937","startpos":"937","tumnagel":["","//mhdownload.riksdagen.se/riksdagen/unrestricted/thumb/1100190123433366822_mid.jpg"],"tumnagel_stor":"//mhdownload.riksdagen.se/riksdagen/unrestricted/thumb/1100190123433366822_high.jpg","anf_video_id":"1100190123433367522","anf_hangar_id":"5020237","anf_sekunder":"295","anf_klockslag":"11:08","datumtid":"2019-01-23 11:08:41","anf_datum":"2019-01-23 00:00:00","anf_typ":"ap","anf_text":"","anf_beteckning":"2018/19:-21","anf_nummer":"21","talare":"Bengt Eliasson (L)","intressent_id":"0116759114313","parti":"L","anf_rm":"2018/19"},{"video_id":"1100190123433366822","video_url":"1100190123433366822#pos=1246","startpos":"1246","tumnagel":["","//mhdownload.riksdagen.se/riksdagen/unrestricted/thumb/1100190123433366822_mid.jpg"],"tumnagel_stor":"//mhdownload.riksdagen.se/riksdagen/unrestricted/thumb/1100190123433366822_high.jpg","anf_video_id":"1100190123433367622","anf_hangar_id":"5020238","anf_sekunder":"191","anf_klockslag":"11:13","datumtid":"2019-01-23 11:13:50","anf_datum":"2019-01-23 00:00:00","anf_typ":"ap","anf_text":"","anf_beteckning":"2018/19:-22","anf_nummer":"22","talare":"Jonas Eriksson (MP)","intressent_id":"0157062733618","parti":"MP","anf_rm":"2018/19"}]}}}