{"dokumentstatus":{"dokument":{"hangar_id":"5008333","dok_id":"H601KrU6","rm":"2018/19","beteckning":"KrU6","typ":"bet","subtyp":"utl","doktyp":"bet","typrubrik":"Utlåtande 2018/19:KrU6","dokumentnamn":"Utlåtande","debattnamn":"Debatt om förslag","tempbeteckning":"","organ":"KrU","mottagare":"","nummer":"6","slutnummer":"0","datum":"2019-02-04 00:00:00","systemdatum":"2019-03-07 17:41:08","publicerad":"2019-01-14 11:01:31","titel":"En ny europeisk agenda för kultur","subtitel":"","status":"Webbpublicering","htmlformat":"html","relaterat_id":"","source":"RIM","sourceid":"77280aa6-3e7c-4869-9e19-9b5343870744","dokument_url_text":"http://data.riksdagen.se/dokument/H601KrU6/text","dokument_url_html":"http://data.riksdagen.se/dokument/H601KrU6","dokumentstatus_url_xml":"http://data.riksdagen.se/dokumentstatus/H601KrU6","utskottsforslag_url_xml":"http://data.riksdagen.se/utskottsforslag/H601KrU6","html":"<style><!--\r\n .w600px{width: 600px;font-family:Verdana, Geneva, sans-serif}\r\nh2.dtyp{font-size:1.5em !important;} \r\n/********************************************************************************************************/\r\n/* Styles for D:\\Logs\\DocumentConverter\\\\Output_315442ab-0e2b-413d-a216-1f73674f2662\\HTML\\Dokument.html */\r\n/* Generated by Aspose.Words for .NET 15.3.0.0                                                          */\r\n/********************************************************************************************************/\r\n\r\n@page Section1 { size:467.8pt 686.05pt; margin:45.35pt 102.05pt 73.7pt 70.85pt }\r\ndiv.Section1 { page:Section1 }\r\nzbody { text-align:justify; line-height:12.5pt; font-family:'Verdana'; font-size:9.5pt }\r\nzh1, h2, h3, h4, h5, h6, p { margin:3.1pt 0pt 0pt }\r\nzli, table { margin-top:3.1pt; margin-bottom:0pt }\r\nzh1 { margin-top:3.1pt; margin-bottom:12pt; text-align:left; page-break-after:avoid; line-height:12.5pt; font-family:'Verdana'; font-size:16pt; font-weight:normal }\r\nzh2 { margin-top:20pt; margin-bottom:6pt; text-align:left; page-break-inside:avoid; page-break-after:avoid; line-height:12.5pt; font-family:'Verdana'; font-size:13.5pt; font-weight:normal }\r\nzh3 { margin-top:20pt; margin-bottom:3.1pt; text-align:left; page-break-inside:avoid; page-break-after:avoid; line-height:12.5pt; font-family:'Verdana'; font-size:10.5pt; font-weight:bold }\r\nzh4 { margin-top:15pt; margin-bottom:3.1pt; text-align:left; page-break-inside:avoid; page-break-after:avoid; line-height:12.5pt; font-family:'Verdana'; font-size:10.5pt; font-weight:normal; font-style:italic; color:#000000 }\r\nzh5 { margin-top:6.25pt; margin-bottom:0pt; text-align:justify; page-break-inside:avoid; page-break-after:avoid; line-height:12.5pt; font-family:'Verdana'; font-size:9.5pt; font-weight:bold }\r\nzh6 { margin-top:6.25pt; margin-bottom:0pt; text-align:justify; page-break-inside:avoid; page-break-after:avoid; line-height:12.5pt; font-family:'Verdana'; font-size:9.5pt; font-weight:normal; font-style:italic; color:#000000 }\r\n.Heading7 { margin-top:2pt; margin-bottom:0pt; text-align:justify; page-break-inside:avoid; page-break-after:avoid; line-height:12.5pt; font-family:'Verdana'; font-size:9.5pt; font-weight:normal; font-style:italic; color:#243f60 }\r\n.Heading8 { margin-top:2pt; margin-bottom:0pt; text-align:justify; page-break-inside:avoid; page-break-after:avoid; line-height:12.5pt; font-family:'Verdana'; font-size:9pt; font-weight:normal; color:#272727 }\r\n.Heading9 { margin-top:2pt; margin-bottom:0pt; text-align:justify; page-break-inside:avoid; page-break-after:avoid; line-height:12.5pt; font-family:'Verdana'; font-size:9pt; font-weight:normal; font-style:italic; color:#272727 }\r\n.Avsnittsrubrik { margin-top:0pt; margin-bottom:27.7pt; text-align:left; page-break-before:always; page-break-after:avoid; line-height:normal; font-family:'Verdana'; font-size:16pt }\r\n.Avvikandemeningrubrik { margin-top:0pt; margin-bottom:3.1pt; text-align:left; page-break-inside:avoid; page-break-after:avoid; line-height:12.5pt; font-family:'Verdana'; font-size:10.5pt; font-weight:bold }\r\n.BalloonText { margin-top:3.1pt; margin-bottom:0pt; text-align:justify; line-height:normal; font-family:Tahoma; font-size:8pt }\r\n.Bilaga { margin-top:0pt; margin-bottom:0pt; text-align:left; page-break-before:always; page-break-after:avoid; line-height:normal; widows:0; orphans:0; font-family:'Verdana'; font-size:8pt; font-variant:small-caps; text-decoration:underline }\r\n.Bilagerubrik { margin-top:0pt; margin-bottom:17.7pt; text-align:left; page-break-after:auto; line-height:normal; widows:0; orphans:0; font-family:'Verdana'; font-size:16pt }\r\n.Bild-Rubrik { margin-top:8pt; margin-bottom:0pt; text-align:justify; page-break-inside:avoid; page-break-after:avoid; line-height:10pt; font-family:'Verdana'; font-size:9.5pt; font-weight:bold }\r\n.Bild-Underrubrik { margin-top:0pt; margin-bottom:1pt; text-align:left; page-break-inside:avoid; page-break-after:avoid; line-height:8pt; font-family:'Verdana'; font-size:8pt; font-weight:normal; font-style:italic }\r\n.BodyText { margin-top:3.1pt; margin-bottom:0pt; text-align:left; line-height:12.5pt; font-family:'Verdana'; font-size:9.5pt }\r\n.BodyTextIndent2 { margin-top:3.1pt; margin-left:14.15pt; margin-bottom:6pt; text-align:justify; line-height:200%; font-family:'Verdana'; font-size:9.5pt }\r\n.Citatindrag { margin-top:0pt; margin-left:14.2pt; margin-bottom:6.1pt; text-indent:14.2pt; text-align:justify; line-height:10pt; font-family:'Verdana'; font-size:9.5pt }\r\n.CommentText { margin-top:3.1pt; margin-bottom:0pt; text-align:justify; line-height:normal; font-family:'Verdana'; font-size:10pt }\r\n.Deltagare { margin-top:0pt; margin-bottom:0pt; text-align:justify; page-break-inside:avoid; page-break-after:avoid; line-height:9.5pt; font-family:'Verdana'; font-size:9.5pt }\r\n.Diagram-Rubrik { margin-top:8pt; margin-bottom:0pt; text-align:justify; page-break-inside:avoid; page-break-after:avoid; line-height:10pt; font-family:'Verdana'; font-size:9.5pt; font-weight:bold }\r\n.Diagram-Underrubrik { margin-top:0pt; margin-bottom:1pt; text-align:left; page-break-inside:avoid; page-break-after:avoid; line-height:8pt; font-family:'Verdana'; font-size:8pt; font-weight:normal; font-style:italic }\r\n.DokumentRubrik { margin-top:6pt; margin-bottom:24pt; text-align:left; line-height:normal; border-bottom-style:solid; border-bottom-width:0.75pt; border-bottom-color:#000000; padding-bottom:4pt; font-family:'Verdana'; font-size:18pt }\r\n.Dokumentbeteckning { margin-top:0pt; margin-bottom:0pt; text-align:left; page-break-inside:avoid; page-break-after:avoid; line-height:12.5pt; font-family:'Verdana'; font-size:16pt }\r\n.Footer { margin-top:3.1pt; margin-bottom:0pt; text-align:justify; line-height:normal; font-family:'Verdana'; font-size:9.5pt }\r\n.FootnoteText { margin-top:0pt; margin-bottom:0pt; text-align:justify; line-height:8pt; font-family:'Verdana'; font-size:8pt }\r\n.Fotnotstextindrag { margin-top:0pt; margin-left:5.65pt; margin-bottom:0pt; text-align:left; line-height:8pt; font-family:'Verdana'; font-size:8pt }\r\n.Frslagspunkt { margin-top:0pt; margin-bottom:0pt; text-align:left; page-break-inside:avoid; page-break-after:avoid; line-height:12.5pt; font-family:'Verdana'; font-size:9.5pt; font-weight:bold }\r\n.Frslagstext { margin-top:0pt; margin-bottom:0pt; text-align:justify; line-height:12.5pt; font-family:'Verdana'; font-size:9.5pt }\r\n.Frteckningsrubrik { margin-top:9.6pt; margin-bottom:3.1pt; text-align:left; page-break-inside:avoid; page-break-after:avoid; line-height:normal; font-family:'Verdana'; font-size:9.5pt; font-weight:normal; font-style:italic; color:#000000 }\r\n.Grupprubrik { margin-top:6pt; margin-bottom:0pt; text-align:left; page-break-inside:avoid; page-break-after:avoid; line-height:12.5pt; font-family:'Verdana'; font-size:9.5pt; font-style:italic }\r\n.Grupprubrikindrag { margin-top:6pt; margin-left:22.1pt; margin-bottom:0pt; text-align:left; page-break-inside:avoid; page-break-after:avoid; line-height:12.5pt; font-family:'Verdana'; font-size:9.5pt; font-style:italic }\r\n.Header { margin-top:0pt; margin-bottom:0pt; text-align:justify; line-height:normal; font-family:'Verdana'; font-size:7.5pt; font-variant:small-caps }\r\n.Innehllsfrteckning { margin-top:0pt; margin-bottom:17.7pt; text-align:left; page-break-before:always; page-break-after:auto; line-height:normal; font-family:'Verdana'; font-size:16pt }\r\n.Kantrubrik { margin-top:0pt; margin-bottom:0pt; text-align:justify; line-height:normal; font-family:'Verdana'; font-size:7.5pt }\r\n.ListBullet { margin-top:6.25pt; margin-left:17.85pt; margin-bottom:6.25pt; text-indent:-17.85pt; text-align:justify; line-height:12.5pt; font-family:'Verdana'; font-size:9.5pt }\r\n.ListParagraph { margin-top:3.1pt; margin-left:28.35pt; margin-bottom:0pt; text-align:justify; line-height:12.5pt; font-family:'Verdana'; font-size:9.5pt }\r\n.Litentext { margin-top:0pt; margin-bottom:0pt; text-align:justify; line-height:normal; font-family:'Verdana'; font-size:8pt }\r\n.Mellanrubrik { margin-top:11pt; margin-bottom:3.1pt; text-align:left; page-break-after:avoid; line-height:12.5pt; font-family:'Verdana'; font-size:9.5pt; font-style:italic }\r\n.Mellanrum { margin-top:0pt; margin-bottom:0pt; text-align:left; page-break-before:auto; page-break-after:auto; line-height:1pt; widows:0; orphans:0; font-family:'Verdana'; font-size:1pt; font-variant:small-caps; text-decoration:none; color:#ffffff }\r\n.NormalIndent { margin-top:0pt; margin-bottom:0pt; text-indent:11.35pt; text-align:justify; line-height:12.5pt; font-family:'Verdana'; font-size:9.5pt }\r\n.Normalinskjuten { margin-top:0pt; margin-left:22.1pt; margin-bottom:0pt; text-align:justify; line-height:12.5pt; font-family:'Verdana'; font-size:9.5pt }\r\n.Normalinskjutenindrag { margin-top:0pt; margin-left:22.1pt; margin-bottom:0pt; text-indent:11.35pt; text-align:justify; line-height:12.5pt; font-family:'Verdana'; font-size:9.5pt }\r\n.Normalinskjutenkursiv { margin-top:6pt; margin-bottom:0pt; line-height:normal; font-family:'Verdana'; font-size:10pt; font-style:italic }\r\n.Normalkursiv { margin-top:3.1pt; margin-bottom:0pt; text-align:left; line-height:12.5pt; font-family:'Verdana'; font-size:9.5pt; font-style:italic }\r\n.Normalruta { margin:3.1pt 5.65pt 0pt; text-align:justify; page-break-inside:avoid; page-break-after:avoid; line-height:12.5pt; border-top-style:solid; border-top-width:0.75pt; border-top-color:#000000; border-right-style:solid; border-right-width:0.75pt; border-right-color:#000000; border-left-style:solid; border-left-width:0.75pt; border-left-color:#000000; border-bottom-style:solid; border-bottom-width:0.75pt; border-bottom-color:#000000; padding-top:4pt; padding-right:4pt; padding-left:4pt; padding-bottom:4pt; font-family:'Verdana'; font-size:10.5pt }\r\n.Normalrutafet { margin:3.1pt 5.65pt 0pt; text-align:justify; page-break-inside:avoid; page-break-after:avoid; line-height:12.5pt; border-top-style:solid; border-top-width:0.75pt; border-top-color:#000000; border-right-style:solid; border-right-width:0.75pt; border-right-color:#000000; border-left-style:solid; border-left-width:0.75pt; border-left-color:#000000; border-bottom-style:solid; border-bottom-width:0.75pt; border-bottom-color:#000000; padding-top:4pt; padding-right:4pt; padding-left:4pt; padding-bottom:4pt; font-family:'Verdana'; font-size:10.5pt; font-weight:bold }\r\n.Normalrutaindrag { margin:0pt 5.65pt; text-indent:11.35pt; text-align:justify; page-break-inside:avoid; page-break-after:avoid; line-height:12.5pt; border-top-style:solid; border-top-width:0.75pt; border-top-color:#000000; border-right-style:solid; border-right-width:0.75pt; border-right-color:#000000; border-left-style:solid; border-left-width:0.75pt; border-left-color:#000000; border-bottom-style:solid; border-bottom-width:0.75pt; border-bottom-color:#000000; padding-top:4pt; padding-right:4pt; padding-left:4pt; padding-bottom:4pt; font-family:'Verdana'; font-size:10.5pt }\r\n.Normalutanluftfre { margin-top:0pt; margin-bottom:0pt; text-align:justify; line-height:12.5pt; font-family:'Verdana'; font-size:9.5pt }\r\n.NormalNoll { margin-top:0pt; margin-bottom:3.1pt; text-align:left; line-height:12.5pt; font-family:'Verdana'; font-size:10.5pt; font-weight:bold }\r\n.NumlistaTOC { margin:3.1pt 28.35pt 0pt 0pt; text-indent:0pt; text-align:left; line-height:normal; font-family:'Verdana'; font-size:9.5pt }\r\n.Ordfranden { margin-top:3.1pt; margin-bottom:22pt; text-align:left; page-break-inside:avoid; page-break-after:avoid; line-height:normal; font-family:'Verdana'; font-size:9.5pt; font-style:italic }\r\n.OrtochDatum { margin-top:18pt; margin-bottom:18pt; text-align:left; page-break-inside:avoid; page-break-after:avoid; line-height:normal; font-family:'Verdana'; font-size:9.5pt }\r\n.Punktlistabomb { margin-top:6.25pt; margin-left:14.2pt; margin-bottom:6.25pt; text-indent:-14.2pt; text-align:justify; line-height:12.5pt; font-family:'Verdana'; font-size:9.5pt }\r\n.Punktlistagemener { margin-top:6.25pt; margin-left:14.2pt; margin-bottom:6.25pt; text-indent:-14.2pt; text-align:justify; line-height:12.5pt; font-family:'Verdana'; font-size:9.5pt }\r\n.Punktlistalinje { margin-top:6.25pt; margin-left:14.2pt; margin-bottom:6.25pt; text-indent:-14.2pt; text-align:justify; line-height:12.5pt; font-family:'Verdana'; font-size:9.5pt }\r\n.Punktlistasiffra { margin-top:6.25pt; margin-left:14.2pt; margin-bottom:6.25pt; text-indent:-14.2pt; text-align:justify; line-height:12.5pt; font-family:'Verdana'; font-size:9.5pt }\r\n.PVgnar { margin-top:3.1pt; margin-bottom:26pt; text-align:left; page-break-inside:avoid; page-break-after:avoid; line-height:normal; font-family:'Verdana'; font-size:9.5pt }\r\n.Quote { margin-top:6.1pt; margin-left:14.2pt; margin-bottom:0pt; text-align:justify; line-height:10pt; font-family:'Verdana'; font-size:9.5pt }\r\n.R1 { margin-top:3.1pt; margin-bottom:12pt; text-align:left; page-break-after:avoid; line-height:12.5pt; font-family:'Verdana'; font-size:16pt }\r\n.R1bilaga { margin-top:3.1pt; margin-bottom:12pt; text-align:left; page-break-after:auto; line-height:12.5pt; font-family:'Verdana'; font-size:16pt }\r\n.R2 { margin-top:20pt; margin-bottom:6pt; text-align:left; page-break-inside:avoid; page-break-after:avoid; line-height:12.5pt; font-family:'Verdana'; font-size:13.5pt }\r\n.R3 { margin-top:20pt; margin-bottom:3.1pt; text-align:left; page-break-inside:avoid; page-break-after:avoid; line-height:12.5pt; font-family:'Verdana'; font-size:10.5pt; font-weight:bold }\r\n.R4 { margin-top:15pt; margin-bottom:3.1pt; text-align:left; page-break-inside:avoid; page-break-after:avoid; line-height:12.5pt; font-family:'Verdana'; font-size:10.5pt; font-weight:normal; font-style:italic; color:#000000 }\r\n.R5 { margin-top:6.25pt; margin-bottom:0pt; text-align:justify; page-break-inside:avoid; page-break-after:avoid; line-height:12.5pt; font-family:'Verdana'; font-size:9.5pt; font-weight:bold }\r\n.R6 { margin-top:6.25pt; margin-bottom:0pt; text-align:justify; page-break-inside:avoid; page-break-after:avoid; line-height:12.5pt; font-family:'Verdana'; font-size:9.5pt; font-weight:normal; font-style:italic; color:#000000 }\r\n.Reservationshnvisning { margin-top:0pt; margin-bottom:8pt; text-align:right; line-height:12.5pt; font-family:'Verdana'; font-size:9.5pt; font-style:italic }\r\n.Reservationsrubrik { margin-top:0pt; margin-bottom:3.1pt; text-align:left; page-break-inside:avoid; page-break-after:avoid; line-height:12.5pt; font-family:'Verdana'; font-size:10.5pt; font-weight:bold }\r\n.Rubrik1Dokumentinformation { margin-top:0pt; margin-bottom:0pt; text-align:left; page-break-inside:avoid; page-break-after:avoid; line-height:12.5pt; font-family:'Verdana'; font-size:16pt }\r\n.Rubrik1bilaga { margin-top:0pt; margin-bottom:27.7pt; text-align:left; page-break-after:auto; line-height:12.5pt; font-family:'Verdana'; font-size:16pt }\r\n.Rubrik1medsidhuvud { margin-top:3.1pt; margin-bottom:12pt; text-align:left; page-break-before:always; page-break-after:avoid; line-height:12.5pt; font-family:'Verdana'; font-size:16pt }\r\n.Rubrik1numrerat { margin-top:3.1pt; margin-left:0pt; margin-bottom:12pt; text-indent:0pt; text-align:left; page-break-after:avoid; line-height:12.5pt; font-family:'Verdana'; font-size:16pt }\r\n.Rubrik1numreratmedsidhuvud { margin-top:0pt; margin-left:0pt; margin-bottom:16pt; text-indent:0pt; text-align:left; page-break-before:always; page-break-after:avoid; line-height:normal; font-family:'Verdana'; font-size:16pt }\r\n.Rubrik2bilaga { margin-top:20pt; margin-bottom:6pt; text-align:left; page-break-inside:avoid; page-break-after:avoid; line-height:12.5pt; font-family:'Verdana'; font-size:13.5pt }\r\n.Rubrik2numrerat { margin-top:20pt; margin-left:0pt; margin-bottom:6pt; text-indent:0pt; text-align:left; page-break-inside:avoid; page-break-after:avoid; line-height:12.5pt; font-family:'Verdana'; font-size:13.5pt }\r\n.Rubrik3numrerat { margin-top:20pt; margin-left:0pt; margin-bottom:3.1pt; text-indent:0pt; text-align:left; page-break-inside:avoid; page-break-after:avoid; line-height:12.5pt; font-family:'Verdana'; font-size:10.5pt; font-weight:bold }\r\n.Sammanfattning { margin-top:3.1pt; margin-bottom:12pt; text-align:left; page-break-after:auto; line-height:12.5pt; font-family:'Verdana'; font-size:16pt }\r\n.Sidhuvudhgerstlld { margin-top:0pt; margin-bottom:0pt; text-align:right; line-height:normal; font-family:'Verdana'; font-size:7.5pt; font-variant:small-caps }\r\n.Sidhuvudvnsterstlld { margin-top:0pt; margin-bottom:0pt; text-align:left; line-height:normal; font-family:'Verdana'; font-size:7.5pt; font-variant:small-caps }\r\n.Stdrubrik { margin-top:12pt; margin-bottom:0pt; line-height:12pt; font-family:'Verdana'; font-size:9.5pt; font-weight:bold }\r\n.Srskiltyttranderubrik { margin-top:0pt; margin-bottom:3.1pt; text-align:left; page-break-inside:avoid; page-break-after:avoid; line-height:12.5pt; font-family:'Verdana'; font-size:10.5pt; font-weight:bold }\r\n.TOC1 { margin-top:0pt; margin-right:28.35pt; margin-bottom:0pt; text-align:left; line-height:normal; font-family:'Verdana'; font-size:9.5pt }\r\n.TOC2 { margin:0pt 28.35pt 0pt 5.65pt; text-align:left; line-height:normal; font-family:'Verdana'; font-size:9.5pt }\r\n.TOC3 { margin:0pt 28.35pt 0pt 11.35pt; text-align:left; line-height:normal; font-family:'Verdana'; font-size:9.5pt }\r\n.TOC4 { margin:0pt 28.35pt 0pt 17pt; text-align:left; line-height:normal; font-family:'Verdana'; font-size:9.5pt }\r\n.TOC5 { margin:0pt 28.35pt 0pt 22.7pt; text-align:left; line-height:normal; font-family:'Verdana'; font-size:9.5pt }\r\n.TOC6 { margin-top:0pt; margin-left:47.65pt; margin-bottom:0pt; text-align:left; line-height:normal; font-family:'Verdana'; font-size:9.5pt }\r\n.TOC7 { margin-top:0pt; margin-right:28.35pt; margin-bottom:0pt; text-align:left; line-height:normal; font-family:'Verdana'; font-size:9.5pt }\r\n.TOC8 { margin-top:0pt; margin-right:28.35pt; margin-bottom:0pt; text-align:left; line-height:normal; font-family:'Verdana'; font-size:9.5pt }\r\n.TOC9 { margin-top:0pt; margin-left:8.5pt; margin-bottom:0pt; text-align:left; line-height:normal; font-family:'Verdana'; font-size:9.5pt }\r\n.TOCHeading { margin-top:3.1pt; margin-bottom:9pt; text-align:left; page-break-before:always; page-break-inside:avoid; page-break-after:avoid; line-height:12.5pt; font-family:'Verdana'; font-size:16pt }\r\n.Tabell-Kolumnrubrik { margin-bottom:0pt; line-height:12pt; font-family:'Verdana'; font-size:8pt; font-weight:bold }\r\n.Tabell-Klla { margin-top:2pt; margin-bottom:0pt; line-height:8pt; font-family:'Verdana'; font-size:7pt }\r\n.Tabell-Radrubrik { margin-bottom:0pt; line-height:12pt; font-family:'Verdana'; font-size:8pt }\r\n.Tabell-Rubrik { margin-top:12pt; margin-bottom:3pt; text-align:left; page-break-inside:avoid; page-break-after:avoid; line-height:10pt; font-family:'Verdana'; font-size:9pt; font-weight:bold }\r\n.Tabell-Siffror { margin-bottom:0pt; text-align:right; line-height:12pt; font-family:'Verdana'; font-size:8pt }\r\n.Tabell-Text { margin-bottom:0pt; line-height:12pt; font-family:'Verdana'; font-size:8pt }\r\n.Tabell-Underrubrik { margin-top:0pt; margin-bottom:1pt; text-align:left; page-break-inside:avoid; page-break-after:avoid; line-height:8pt; font-family:'Verdana'; font-size:8pt; font-weight:normal; font-style:italic }\r\n.TableofFigures { margin-top:3.1pt; margin-bottom:0pt; text-align:justify; line-height:normal; font-family:'Verdana'; font-size:9.5pt }\r\n.TillX-utskottet { margin-top:0pt; margin-bottom:12pt; text-align:left; page-break-after:avoid; line-height:12.5pt; font-family:'Verdana'; font-size:16pt }\r\n.Title { margin-top:3.1pt; margin-bottom:1pt; text-align:left; line-height:12pt; font-family:'Verdana'; font-size:20pt; letter-spacing:-0.5pt }\r\n.Vapen { margin-top:0pt; margin-bottom:0pt; text-align:left; page-break-inside:avoid; page-break-after:avoid; line-height:12.5pt; font-family:'Verdana'; font-size:16pt }\r\n.Yrkandelista { margin-top:3.1pt; margin-left:28.35pt; margin-bottom:0pt; text-indent:-28.35pt; text-align:justify; line-height:12.5pt; font-family:'Verdana'; font-size:9.5pt }\r\n.YrkandelistaEtt { margin-top:3.1pt; margin-left:0pt; margin-bottom:0pt; text-indent:0pt; text-align:justify; line-height:12.5pt; font-family:'Verdana'; font-size:9.5pt }\r\nspan.BallongtextChar { font-family:Tahoma; font-size:8pt }\r\nspan.BilagaChar { font-family:'Verdana'; font-size:8pt; font-variant:small-caps; text-decoration:underline }\r\nspan.BrdtextChar { font-family:'Verdana'; font-size:9.5pt }\r\nspan.BrdtextChar1 { font-family:'Verdana'; font-size:9.5pt }\r\nspan.Brdtextmedindrag2Char { font-family:'Verdana'; font-size:9.5pt }\r\nspan.CitatChar { font-family:'Verdana'; font-size:9.5pt }\r\nspan.DokumentRubrikChar { font-family:'Verdana'; font-size:18pt }\r\nspan.FootnoteReference { vertical-align:super }\r\nspan.FotnotstextChar { font-family:'Verdana'; font-size:8pt }\r\nspan.FotnotstextindragChar { font-family:'Verdana'; font-size:8pt }\r\nspan.FrslagspunktChar { font-family:'Verdana'; font-size:9.5pt; font-weight:bold; font-style:normal }\r\nspan.Hyperlink { text-decoration:none; color:#000000 }\r\nspan.KommentarerChar { font-family:'Verdana'; font-size:10pt }\r\nspan.NormalkursivChar { font-family:'Verdana'; font-size:9.5pt; font-style:italic }\r\nspan.NormaltindragChar { font-family:'Verdana'; font-size:9.5pt }\r\nspan.OrdfrandenChar { font-family:'Verdana'; font-size:9.5pt; font-style:italic }\r\nspan.OrtochDatumChar { font-family:'Verdana'; font-size:9.5pt }\r\nspan.PlaceholderText { color:#808080 }\r\nspan.PVgnarChar { font-family:'Verdana'; font-size:9.5pt }\r\nspan.ReservationshnvisningChar { font-family:'Verdana'; font-size:9.5pt; font-style:italic }\r\nspan.Rubrik1Char { font-family:'Verdana'; font-size:16pt }\r\nspan.Rubrik1DokumentinformationChar { font-family:'Verdana'; font-size:16pt }\r\nspan.Rubrik2Char { font-family:'Verdana'; font-size:13.5pt }\r\nspan.Rubrik3Char { font-family:'Verdana'; font-size:10.5pt; font-weight:bold }\r\nspan.Rubrik4Char { font-family:'Verdana'; font-size:10.5pt; font-style:italic; color:#000000 }\r\nspan.Rubrik5Char { font-family:'Verdana'; font-size:9.5pt; font-weight:bold }\r\nspan.Rubrik6Char { font-family:'Verdana'; font-size:9.5pt; font-style:italic; color:#000000 }\r\nspan.Rubrik7Char { font-family:'Verdana'; font-size:9.5pt; font-style:italic; color:#243f60 }\r\nspan.Rubrik8Char { font-family:'Verdana'; font-size:9pt; color:#272727 }\r\nspan.Rubrik9Char { font-family:'Verdana'; font-size:9pt; font-style:italic; color:#272727 }\r\nspan.RubrikChar { font-family:'Verdana'; font-size:20pt; letter-spacing:-0.5pt }\r\nspan.SidfotChar { font-family:'Verdana'; font-size:9.5pt }\r\nspan.SidhuvudChar { font-family:'Verdana'; font-size:7.5pt; font-variant:small-caps }\r\nspan.Tabell-Upphjttecken { font-family:'Verdana'; font-variant:normal; text-decoration:none; text-transform:none; vertical-align:super; display:inline }\r\nspan.VapenChar { font-family:'Verdana'; font-size:16pt }\r\nspan.tBilagaJA { color:#000000 }\r\nspan.tSidrubrikJA { color:#000000 }\r\n.TableGrid {  }\r\n--></style>\r\n\r\n\t\t<div class=\"Section1\">\r\n\t\t\t<table cellspacing=\"0\" cellpadding=\"0\" style=\"border-collapse:collapse; margin-left:0pt\">\r\n\t\t\t\t<tr style=\"height:79.4pt\">\r\n\t\t\t\t\t<td style=\"vertical-align:top; width:297.7pt\">\r\n\t\t\t\t\t\t<p class=\"Rubrik1Dokumentinformation\" style=\"margin-top:0pt; margin-bottom:0pt; text-align:left; page-break-inside:avoid; page-break-after:avoid; line-height:16pt\">\r\n\t\t\t\t\t\t\t<span style=\"font-family:'Verdana'; font-size:16pt; -aw-sdt-tag:ccUtskott; -aw-sdt-title:'utskottsnamn Dokumentegenskap'\">Kulturutskottet</span><span style=\"font-family:'Verdana'; font-size:16pt; -aw-sdt-tag:ccS; -aw-sdt-title:s\">s</span><span style=\"font-family:'Verdana'; font-size:16pt; -aw-sdt-tag:ccMellanslag; -aw-sdt-title:Mellanslag\"> </span><a name=\"Utlatande\"></a><span style=\"font-family:'Verdana'; font-size:16pt\">utlåtande</span>\r\n\t\t\t\t\t\t</p>\r\n\t\t\t\t\t\t<p class=\"Dokumentbeteckning\" style=\"margin-top:0pt; margin-bottom:0pt; text-align:left; page-break-inside:avoid; page-break-after:avoid; line-height:16pt\">\r\n\t\t\t\t\t\t\t<span style=\"font-family:'Verdana'; font-size:16pt; -aw-sdt-tag:ccRiksmote; -aw-sdt-title:'riksmote Dokumentegenskap'\">2018/19</span><span style=\"font-family:'Verdana'; font-size:16pt; -aw-sdt-tag:ccKolon; -aw-sdt-title:Kolon\">:</span><a name=\"Utskottebeteckning\"></a><span style=\"font-family:'Verdana'; font-size:16pt\">KrU6</span>\r\n\t\t\t\t\t\t</p>\r\n\t\t\t\t\t\t<p class=\"Rubrik1Dokumentinformation\" style=\"margin-top:0pt; margin-bottom:0pt; text-align:left; page-break-inside:avoid; page-break-after:avoid; line-height:16pt\">\r\n\t\t\t\t\t\t\t<span style=\"font-family:'Verdana'; font-size:16pt\"> </span>\r\n\t\t\t\t\t\t</p>\r\n\t\t\t\t\t</td>\r\n\t\t\t\t</tr>\r\n\t\t\t</table>\r\n\t\t\t<p class=\"DokumentRubrik\" style=\"-aw-sdt-tag:ccDokumentrubrik; -aw-sdt-title:'dokumentrubrik Dokumentegenskap'\">\r\n\t\t\t\t<span>En ny europeisk agenda för kultur</span>\r\n\t\t\t</p>\r\n\t\t\t<p class=\"Sammanfattning\">\r\n\t\t\t\t<span class=\"tSidrubrikJA\">Sammanfattning</span>\r\n\t\t\t</p>\r\n\t\t\t<p>\r\n\t\t\t\t<span>Utskottet har granskat kommissionens meddelande om en ny europeisk agenda </span><span>för kultur.</span>\r\n\t\t\t</p>\r\n\t\t\t<p class=\"NormalIndent\">\r\n\t\t\t\t<span>Utskottet välkomnar</span><span> kommissionens genomlysning av </span><span>hur kultur kan bidra till samhällsutveckling, social sammanhållning och en mer inkluderande union. U</span><span>tskottet noterar</span><span> att den arbetsplan för kultur 201</span><span>9</span><span>–2022 som rådet antog i november 2018 </span><span>rymmer</span><span> samma verkli</span><span>ghetsbeskrivning </span><span>som kommissionens meddelande, dock med delvis andra förslag till insatser. Utskottet menar att den fyraåriga arbetsplan för kultur som nu slagits fast av rådet kommer att kunna svara upp mot Europeiska rådet</span><span>s slutsatser om</span><span> inkluderande och sammanhållna samhällen som upprätthåller Europas konkurrenskraft.</span>\r\n\t\t\t</p>\r\n\t\t\t<p class=\"NormalIndent\">\r\n\t\t\t\t<span>Utskottet föreslår att riksdagen lägger utlåtandet till handlingarna.</span>\r\n\t\t\t</p>\r\n\t\t\t<p class=\"NormalIndent\">\r\n\t\t\t\t<span>I utlåtandet finns en motivreservation (SD).</span>\r\n\t\t\t</p>\r\n\t\t\t<p class=\"R4\">\r\n\t\t\t\t<span>Granskade dokument</span>\r\n\t\t\t</p>\r\n\t\t\t<p>\r\n\t\t\t\t<span>E</span><span>n ny europeisk agenda för kultur </span><span>C</span><span>OM(2018) 267 </span><span>final</span><span>.</span>\r\n\t\t\t</p>\r\n\t\t\t<p class=\"NormalIndent\" style=\"text-indent:0pt\">\r\n\t\t\t\t<span> </span>\r\n\t\t\t</p>\r\n\t\t\t<p>\r\n\t\t\t\t<span> </span>\r\n\t\t\t</p>\r\n\t\t\t<p>\r\n\t\t\t\t<span> </span>\r\n\t\t\t</p>\r\n\t\t\t<p class=\"Innehllsfrteckning\">\r\n\t\t\t\t<a name=\"Innehållsförteckning\"></a><span class=\"tSidrubrikJA\">Innehållsförteckning</span>\r\n\t\t\t</p>\r\n\t\t\t<p class=\"TOC1\">\r\n\t\t\t\t<a style=\"color:#000000\" href=\"#_Toc536707027\"><span class=\"Hyperlink\">Utskottets förslag till riksdagsbeslut</span></a>\r\n\t\t\t</p>\r\n\t\t\t<p class=\"TOC1\">\r\n\t\t\t\t<a style=\"color:#000000\" href=\"#_Toc536707028\"><span class=\"Hyperlink\">Redogörelse för ärendet</span></a>\r\n\t\t\t</p>\r\n\t\t\t<p class=\"TOC2\" style=\"margin-bottom:0pt\">\r\n\t\t\t\t<a style=\"color:#000000\" href=\"#_Toc536707029\"><span class=\"Hyperlink\">Ärendet och dess beredning</span></a>\r\n\t\t\t</p>\r\n\t\t\t<p class=\"TOC2\" style=\"margin-top:0pt\">\r\n\t\t\t\t<a style=\"color:#000000\" href=\"#_Toc536707030\"><span class=\"Hyperlink\">Bakgrund</span></a>\r\n\t\t\t</p>\r\n\t\t\t<p class=\"TOC1\">\r\n\t\t\t\t<a style=\"color:#000000\" href=\"#_Toc536707031\"><span class=\"Hyperlink\">Utskottets överväganden</span></a>\r\n\t\t\t</p>\r\n\t\t\t<p class=\"TOC2\">\r\n\t\t\t\t<a style=\"color:#000000\" href=\"#_Toc536707032\"><span class=\"Hyperlink\">En ny europeisk agenda för kultur</span></a>\r\n\t\t\t</p>\r\n\t\t\t<p class=\"TOC1\">\r\n\t\t\t\t<a style=\"color:#000000\" href=\"#_Toc536707033\"><span class=\"Hyperlink\">Reservation</span></a>\r\n\t\t\t</p>\r\n\t\t\t<p class=\"TOC6\" style=\"margin-right:17pt; margin-left:5.65pt\">\r\n\t\t\t\t<a style=\"color:#000000\" href=\"#_Toc536707034\"><span class=\"Hyperlink\">En ny europeisk agenda för kultur – motiveringen (SD)</span></a>\r\n\t\t\t</p>\r\n\t\t\t<p class=\"TOC8\">\r\n\t\t\t\t<span class=\"Hyperlink\" style=\"font-style:italic\">Bilaga</span><br /><a style=\"color:#000000\" href=\"#_Toc536707035\"><span class=\"Hyperlink\">Förteckning över behandlade förslag</span></a>\r\n\t\t\t</p>\r\n\t\t\t<p>\r\n\t\t\t</p>\r\n\t\t\t<p>\r\n\t\t\t\t<span> </span>\r\n\t\t\t</p>\r\n\t\t\t<p class=\"NormalIndent\">\r\n\t\t\t\t<span> </span>\r\n\t\t\t</p>\r\n\t\t\t<p class=\"Avsnittsrubrik\">\r\n\t\t\t\t<a name=\"StopCC\"></a><a name=\"_Toc536707027\"><span style=\"-aw-bookmark-end:StopCC\"></span><span class=\"tSidrubrikJA\">Utskottets förslag till riksdagsbeslut</span></a>\r\n\t\t\t</p>\r\n\t\t\t<p class=\"Mellanrum\">\r\n\t\t\t\t<span> </span>\r\n\t\t\t</p>\r\n\t\t\t<p class=\"Mellanrum\">\r\n\t\t\t\t<span> </span>\r\n\t\t\t</p>\r\n\t\t\t<table cellspacing=\"0\" cellpadding=\"0\" style=\"border-collapse:collapse; margin-left:0pt; width:294.2pt\">\r\n\t\t\t\t<tr>\r\n\t\t\t\t\t<td style=\"vertical-align:top; width:22pt\">\r\n\t\t\t\t\t\t<p style=\"margin-top:3.1pt; margin-bottom:0pt; text-align:justify; page-break-inside:avoid; page-break-after:avoid; line-height:12.5pt\">\r\n\t\t\t\t\t\t\t<span style=\"font-family:'Verdana'; font-size:10.5pt; font-weight:bold\">En ny europeisk agenda för kultur</span>\r\n\t\t\t\t\t\t</p>\r\n\t\t\t\t\t</td>\r\n\t\t\t\t</tr>\r\n\t\t\t</table>\r\n\t\t\t<p class=\"Normalutanluftfre\" style=\"-aw-sdt-tag:'dokumentavsnitt/utskottets förslag till riksdagsbeslut/1641289841/1548927683450'; -aw-sdt-title:'utskottets förslag till riksdagsbeslut'\">\r\n\t\t\t\t<span>Riksdagen lägger utlåtandet till handlingarna.</span>\r\n\t\t\t</p>\r\n\t\t\t<p class=\"Reservationshnvisning\" style=\"-aw-sdt-tag:'dokumentavsnitt/utskottets förslag till riksdagsbeslut/1641289841/1548927683450'; -aw-sdt-title:'utskottets förslag till riksdagsbeslut'\">\r\n\t\t\t\t<span>Reservation (SD) – motiveringen</span>\r\n\t\t\t</p>\r\n\t\t\t<p class=\"OrtochDatum\" style=\"-aw-sdt-tag:'dokumentavsnitt/utskottets förslag till riksdagsbeslut/1641289841/1548927683450'; -aw-sdt-title:'utskottets förslag till riksdagsbeslut'\">\r\n\t\t\t\t<span>Stockholm den 31 januari 2019</span>\r\n\t\t\t</p>\r\n\t\t\t<p class=\"PVgnar\" style=\"-aw-sdt-tag:'dokumentavsnitt/utskottets förslag till riksdagsbeslut/1641289841/1548927683450'; -aw-sdt-title:'utskottets förslag till riksdagsbeslut'\">\r\n\t\t\t\t<span>På kulturutskottets vägnar</span>\r\n\t\t\t</p>\r\n\t\t\t<p class=\"Ordfranden\" style=\"-aw-sdt-tag:'dokumentavsnitt/utskottets förslag till riksdagsbeslut/1641289841/1548927683450'; -aw-sdt-title:'utskottets förslag till riksdagsbeslut'\">\r\n\t\t\t\t<span>Christer Nylander</span>\r\n\t\t\t</p>\r\n\t\t\t<p class=\"Deltagare\" style=\"-aw-sdt-tag:'dokumentavsnitt/utskottets förslag till riksdagsbeslut/1641289841/1548927683450'; -aw-sdt-title:'utskottets förslag till riksdagsbeslut'\">\r\n\t\t\t\t<span>Följande ledamöter har deltagit i beslutet: Christer Nylander (L), Lawen Redar (S), Lotta Finstorp (M), Hans Hoff (S), Aron Emilsson (SD), Lars Mejern Larsson (S), Ann-Britt Åsebol (M), Anna Wallentheim (S), Roland Utbult (KD), Åsa Karlsson (S), Jonas Andersson i Linköping (SD), Anna Sibinska (MP), Viktor Wärnick (M), Cassandra Sundin (SD), Peter Helander (C) och Ulrika Jörgensen (M).</span>\r\n\t\t\t</p>\r\n\t\t\t<p class=\"Mellanrum\" style=\"-aw-sdt-tag:'dokumentavsnitt/utskottets förslag till riksdagsbeslut/1641289841/1548927683450'; -aw-sdt-title:'utskottets förslag till riksdagsbeslut'\">\r\n\t\t\t\t<span> </span>\r\n\t\t\t</p>\r\n\t\t\t<p class=\"Mellanrum\" style=\"-aw-sdt-tag:'dokumentavsnitt/utskottets förslag till riksdagsbeslut/1641289841/1548927683450'; -aw-sdt-title:'utskottets förslag till riksdagsbeslut'\">\r\n\t\t\t\t<span> </span>\r\n\t\t\t</p>\r\n\t\t\t<p class=\"Mellanrum\" style=\"-aw-sdt-tag:'dokumentavsnitt/utskottets förslag till riksdagsbeslut/1641289841/1548927683450'; -aw-sdt-title:'utskottets förslag till riksdagsbeslut'\">\r\n\t\t\t\t<span style=\"font-size:9.5pt\"> </span>\r\n\t\t\t</p>\r\n\t\t\t<p>\r\n\t\t\t\t<span> </span>\r\n\t\t\t</p>\r\n\t\t\t<p class=\"Avsnittsrubrik\">\r\n\t\t\t\t<a name=\"SlutUtskottsForslag\"></a><a name=\"_Toc536707028\"><span style=\"-aw-bookmark-end:SlutUtskottsForslag\"></span><span class=\"tSidrubrikJA\">Redogörelse för ärendet</span></a>\r\n\t\t\t</p>\r\n\t\t\t<h2>\r\n\t\t\t\t<a name=\"_Toc536707029\"><span>Ärendet och dess beredning</span></a>\r\n\t\t\t</h2>\r\n\t\t\t<p>\r\n\t\t\t\t<span>Talmannen har efter samråd med gruppledarna beslutat att Europeiska kommissionens meddelande till Europaparlamentet, rådet, Europeiska ekonomiska och sociala kommittén samt regionkommittén </span><span>En ny europeisk agenda för kultur </span><span>C</span><span>OM(2018) 267 </span><span>final</span><span> </span><span>ska behandlas av riksdagen i enlighet med 9 kap. 20 § riksdagsordningen. Kammaren hänvisade ärendet till kulturutskottet för granskning den 17 oktober 2018.</span>\r\n\t\t\t</p>\r\n\t\t\t<p class=\"NormalIndent\">\r\n\t\t\t\t<span>Den 22 januari 2019 informerade </span><span>Mikael Schultz,</span><span> </span><span>kulturråd </span><span>vid </span><span>Sveriges ständiga </span><span>representation </span><span>vid Europeiska Unionen </span><span>i Bryssel, </span><span>utskottet om aktuella EU-frågor inom kultur, medier och idrott. </span>\r\n\t\t\t</p>\r\n\t\t\t<h2>\r\n\t\t\t\t<a name=\"_Toc536707030\"><span>Bakgrund</span></a>\r\n\t\t\t</h2>\r\n\t\t\t<p>\r\n\t\t\t\t<span>Europeiska rådet</span><span> konstaterade </span><span>i</span><span> december 2017</span><span> att kultur är grundläggande för att bygga upp inkluderande och sammanhållna samhällen och för att upprätthålla Europas konkurrenskraft</span><span> </span><span>(</span><span>EUCO/19/1/17 REV 1</span><span>)</span><span>. </span><span>Europeiska rådet uppmanade EU och dess medlemsstater att göra mer på detta område och undersöka möjliga åtgärder </span><span>när det gäller</span><span> de rättsliga och finansiella ramvillkoren för att utveckla den kulturella och kreativa sektorn samt kulturarbetarnas rörlighet.</span>\r\n\t\t\t</p>\r\n\t\t\t<p class=\"NormalIndent\">\r\n\t\t\t\t<span>Kommissionen presenterade den 22 maj 2018 ett meddelande om en ny </span><span>europeisk agenda för kultur </span><span>C</span><span>OM(2018) 267 </span><span>final</span><span>. Kommissionen </span><span>anser att den nya agendan spela</span><span>r</span><span> en viktig roll i arbetet med</span><span> uppdraget från Europeiska rådet. Syftet är att ge en struktur för nästa fas i samordningen på EU-nivå</span><span>. Meddelandet</span><span> bygger vidare på Agendan för kultur i en alltmer globaliserad värld som formulerades 2007 och som syftade till att främja kulturell mångfald och dialog mellan kulturer i en globaliserad värld. Kulturen skulle vara en drivkraft för kreativitet och därmed bidra till tillväxt, utveckling och sysselsättning och vara ett väsentligt inslag i EU:s internationella förbindelser. </span>\r\n\t\t\t</p>\r\n\t\t\t<p class=\"NormalIndent\">\r\n\t\t\t\t<span>Rådet antog vid sitt möte den </span><span>2</span><span>7 november 2018 slutsatser om arbetsplanen för kultur 2019–2022</span><span> </span><span>(</span><span>CULT 155 </span><span>14984/18</span><span>)</span><span>. Rådsslutsatserna refererar till tidigare a</span><span>rbetsplaner för kultur och beaktar</span><span> </span><span>kommissionens meddelande om en ny europeisk agenda för kultur.</span><span> I </span><span>slutsatser</span><span>na</span><span> erinrar rådet om att Europa</span><span>året </span><span>för kulturarv </span><span>2018 </span><span>avsevärt har ökat allmänhetens och politikernas medvetenhet om kultur och</span><span> Europas</span><span> kulturarv. Rådet </span><span>betonar</span><span> vikten av att ta vara på den </span><span>här </span><span>dynamiken för att </span><span>använda</span><span> </span><span>kulturens fulla potential att skapa</span><span> sociala och ekonomiska värde</span><span>n</span><span> för Europa.</span><span> </span>\r\n\t\t\t</p>\r\n\t\t\t<p class=\"Avsnittsrubrik\">\r\n\t\t\t\t<a name=\"_Toc536707031\"><span class=\"tSidrubrikJA\">Utskottets överväganden</span></a>\r\n\t\t\t</p>\r\n\t\t\t<h2 style=\"-aw-sdt-tag:def34ddd-b6a3-4489-a4df-f3b8c1ec6abe/förslagsrutor/-919391486/1548166280539; -aw-sdt-title:förslagsrutor\">\r\n\t\t\t\t<a name=\"_Toc536707032\"><span>En ny europeisk agenda för kultur</span></a>\r\n\t\t\t</h2>\r\n\t\t\t<div style=\"border-bottom-color:#000000; border-bottom-style:solid; border-bottom-width:0.75pt; border-left-color:#000000; border-left-style:solid; border-left-width:0.75pt; border-right-color:#000000; border-right-style:solid; border-right-width:0.75pt; border-top-color:#000000; border-top-style:solid; border-top-width:0.75pt; clear:both; margin:3.1pt 0.9pt 0pt\">\r\n\t\t\t\t<p class=\"Normalrutafet\" style=\"margin:0pt; padding-right:4pt; padding-left:4pt\">\r\n\t\t\t\t\t<span style=\"-aw-bookmark-end:_Toc536707032\"></span><span>Utskottets förslag i korthet</span>\r\n\t\t\t\t</p>\r\n\t\t\t\t<p class=\"Normalruta\" style=\"margin:0pt; padding-right:4pt; padding-left:4pt\">\r\n\t\t\t\t\t<span>Riksdagen </span><span>lägger utlåtandet till handlingarna.</span>\r\n\t\t\t\t</p>\r\n\t\t\t\t<p class=\"Normalrutaindrag\" style=\"margin:0pt; padding-right:4pt; padding-left:4pt; padding-bottom:4pt; -aw-sdt-tag:'def34ddd-b6a3-4489-a4df-f3b8c1ec6abe/förslagsrutor reservations text/-179015835/1548166280564'; -aw-sdt-title:'förslagsrutor reservations text'\">\r\n\t\t\t\t\t<span>Jämför motivreservationen (SD).</span>\r\n\t\t\t\t</p>\r\n\t\t\t</div>\r\n\t\t\t<p class=\"R3\">\r\n\t\t\t\t<span>M</span><span>eddelande</span><span>t</span>\r\n\t\t\t</p>\r\n\t\t\t<p>\r\n\t\t\t\t<span>Den nya </span><span>europeiska agendan</span><span> för kultur</span><span> </span><span>syftar </span><span>enligt kommissionen </span><span>till att utnyttja kulturens roll för att bidra till att skapa en mer inkluderande och rättvis union, stödja innovation, kreativitet </span><span>samt</span><span> hållbar sysselsättning och tillväxt.</span><span> Agendan har tre strategiska mål med utgångspunkt i sociala, ekonomiska och externa dimensioner. </span><span>Kulturarvet och digitalisering är två övergripande och prioriterade områden utöver de tre strategiska målen.</span>\r\n\t\t\t</p>\r\n\t\t\t<p class=\"NormalIndent\">\r\n\t\t\t\t<span>Meddelandet redovisar </span><span>även </span><span>de åtgärder som kommissionen </span><span>avser</span><span> att vidta utifrån de tre mål</span><span>en</span><span>.</span>\r\n\t\t\t</p>\r\n\t\t\t<p class=\"NormalIndent\">\r\n\t\t\t\t<span>Meddelandet innehåller inte några förslag till lagstiftningsakter</span><span>.</span>\r\n\t\t\t</p>\r\n\t\t\t<p class=\"R4\">\r\n\t\t\t\t<span>Genom</span><span>förande</span>\r\n\t\t\t</p>\r\n\t\t\t<p>\r\n\t\t\t\t<span>Det politiska samarbetet inom ramen för den nya agendan </span><span>ska enligt kommissionen </span><span>under </span><span>2018</span><span>–</span><span>2020 </span><span>stödjas </span><span>vi</span><span>a </span><span>programmet </span><span>Kreativa Europa och övriga </span><span>EU</span><span>-</span><span>program som finansierar kulturprojekt</span><span>. Från och med</span><span> </span><span>2021 </span><span>ska </span><span>agendan</span><span>,</span><span> </span><span>enligt kommissionens förslag, </span><span>stöd</span><span>ja</span><span>s</span><span> av </span><span>efterföljande program inom ramen för EU:s nästa fleråriga budgetram.</span><span> </span>\r\n\t\t\t</p>\r\n\t\t\t<p class=\"NormalIndent\">\r\n\t\t\t\t<span>Kommissi</span><span>onen </span><span>avser även </span><span>att stödja </span><span>den nya agendan</span><span>s strategiska mål</span><span> via åtgärder inom andra politiska områden</span><span>. Ö</span><span>vriga åtgärder och insatser på EU-nivå</span><span> ska komplettera och stödja</span><span> medlemsstaternas kulturpolitik.</span>\r\n\t\t\t</p>\r\n\t\t\t<p class=\"NormalIndent\">\r\n\t\t\t\t<span>Kommissionen menar </span><span>a</span><span>tt </span><span>en förutsättning för att den nya agendan och dess åtgärdsförslag ska kunna genomföras framgångsrikt är</span><span> att Europaparlamentet, rådet och medlemsstaterna samt aktörerna inom den kulturella sektorn är engagerade och samarbetar intensivt</span><span>.</span>\r\n\t\t\t</p>\r\n\t\t\t<p class=\"R4\" style=\"margin-bottom:0pt\">\r\n\t\t\t\t<span>De tre s</span><span>trategiska mål</span><span>en</span><span> och </span><span>kommissionens planerade </span><span>åtgärder</span>\r\n\t\t\t</p>\r\n\t\t\t<p class=\"R5\" style=\"margin-top:6pt\">\r\n\t\t\t\t<span>Den sociala dimensionen</span><span> – </span><span>ta till</span><span> </span><span>vara den</span><span> </span><span>inneboende styrkan hos kultur och kulturell mångfald för att främja</span><span> </span><span>so</span><span>cial sammanhållning och välfärd</span>\r\n\t\t\t</p>\r\n\t\t\t<p class=\"Punktlistabomb\" style=\"margin-left:14.2pt; margin-bottom:0pt; text-indent:-14.2pt\">\r\n\t\t\t\t<span><span style=\"font-family:'Verdana'; font-size:10pt\">•</span></span><span style=\"font:7.0pt 'Verdana'\">       </span><span>Gynna alla </span><span>européers kulturella kapacitet</span><span> genom att erbjuda tillgång till ett brett urval av kulturella aktiviteter och ge möjligheter </span><span>till </span><span>aktivt</span><span> deltagande</span><span>.</span>\r\n\t\t\t</p>\r\n\t\t\t<p class=\"Punktlistabomb\" style=\"margin-top:0pt; margin-left:14.2pt; margin-bottom:0pt; text-indent:-14.2pt\">\r\n\t\t\t\t<span><span style=\"font-family:'Verdana'; font-size:10pt\">•</span></span><span style=\"font:7.0pt 'Verdana'\">       </span><span>Uppmuntra till rörlighet bland yrkesverksamma inom de kulturella och kreativa sektorerna och avlägsna hinder för deras rörlighet</span><span>.</span>\r\n\t\t\t</p>\r\n\t\t\t<p class=\"Punktlistabomb\" style=\"margin-top:0pt; margin-left:14.2pt; text-indent:-14.2pt\">\r\n\t\t\t\t<span><span style=\"font-family:'Verdana'; font-size:10pt\">•</span></span><span style=\"font:7.0pt 'Verdana'\">       </span><span>Skydda och främja Europas kulturarv som en gemensam resurs, väcka medvetenheten om vår gemensamma historia och våra gemensamma värderingar och stärka känslan av en gemensam europeisk identitet</span><span>.</span>\r\n\t\t\t</p>\r\n\t\t\t<p>\r\n\t\t\t\t<span>Kommissionen föreslår </span><span>ett brett utbud av kulturaktiviteter </span><span>med hög kvalitet </span><span>som främjar lika möjligheter att delta och vara kreativ </span><span>utifrån principen om</span><span> kulturell kapacitet</span><span>. På så </span><span>s</span><span>ätt </span><span>menar kommissionen att </span><span>kopplingarna mellan kultur och utbildning, sociala frågor, stadspolitik, forskning </span><span>och innovation</span><span> kan stärkas</span><span>.</span><span> </span>\r\n\t\t\t</p>\r\n\t\t\t<p class=\"NormalIndent\">\r\n\t\t\t\t<span>Fokus ligger på att öka rörligheten </span><span>för</span><span> </span><span>konstverk och yrkesverksamma inom den kulturell</span><span>a och kreativa sektorn i Europa för att på så sätt bidra till</span><span> det kulturella deltagandet</span><span>. </span>\r\n\t\t\t</p>\r\n\t\t\t<p class=\"NormalIndent\">\r\n\t\t\t\t<span>Kommissionen kommer att göra följande:</span>\r\n\t\t\t</p>\r\n\t\t\t<p class=\"Punktlistabomb\" style=\"margin-left:14.2pt; margin-bottom:0pt; text-indent:-14.2pt\">\r\n\t\t\t\t<span style=\"font-family:'Verdana'; font-size:10pt\">•</span><span style=\"font:7.0pt 'Verdana'\">       </span><span>Stödja forskning om kulturell samverkan för att bedöma påverkan inom olika områden, inklusive hälsa och välbefinnande (2018).</span>\r\n\t\t\t</p>\r\n\t\t\t<p class=\"Punktlistabomb\" style=\"margin-top:0pt; margin-left:14.2pt; margin-bottom:0pt; text-indent:-14.2pt\">\r\n\t\t\t\t<span style=\"font-family:'Verdana'; font-size:10pt\">•</span><span style=\"font:7.0pt 'Verdana'\">       </span><span>Utveckla särskilda åtgärder för social delaktighet via kulturen genom Kreativa Europa och Erasmus+</span><span> </span><span>och beakta urvalskriterierna i programmet Kreativa Europa för att främja jämställd projektledning (2019).</span>\r\n\t\t\t</p>\r\n\t\t\t<p class=\"Punktlistabomb\" style=\"margin-top:0pt; margin-left:14.2pt; margin-bottom:0pt; text-indent:-14.2pt\">\r\n\t\t\t\t<span style=\"font-family:'Verdana'; font-size:10pt\">•</span><span style=\"font:7.0pt 'Verdana'\">       </span><span>Inleda ett projekt om </span><span>k</span><span>ulturella och kreativa forum och städer inom ramen för programmet Kreativa Europa för att främja kulturell delaktighet samt social och urban förnyelse (2018).</span>\r\n\t\t\t</p>\r\n\t\t\t<p class=\"Punktlistabomb\" style=\"margin-top:0pt; margin-left:14.2pt; text-indent:-14.2pt\">\r\n\t\t\t\t<span style=\"font-family:'Verdana'; font-size:10pt\">•</span><span style=\"font:7.0pt 'Verdana'\">       </span><span>Föreslå ett program för rörlighet för yrkesverksamma i de kulturella och kreativa sektorerna inom ramen för programmet Kreativa Europa (2018–2019).</span><span> </span>\r\n\t\t\t</p>\r\n\t\t\t<p>\r\n\t\t\t\t<span>Kommissionen uppmanar medlemsstaterna att göra följande:</span>\r\n\t\t\t</p>\r\n\t\t\t<p class=\"Punktlistabomb\" style=\"margin-left:14.2pt; text-indent:-14.2pt\">\r\n\t\t\t\t<span style=\"font-family:'Verdana'; font-size:10pt\">•</span><span style=\"font:7.0pt 'Verdana'\">       </span><span>Arbeta för att ta väsentliga steg för att avskaffa administrativa och skattemässiga hinder för rörlighet, bl</span><span>.</span><span>a</span><span>.</span><span> genom </span><span>a</span><span>rbetsplanen för kultur.</span>\r\n\t\t\t</p>\r\n\t\t\t<p class=\"R5\">\r\n\t\t\t\t<span>Den ekonomiska dimensionen – ge stöd till konstarter, kultur och kreativt tänkande inom alla utbildningsnivåer för innovation och sysselsättning</span>\r\n\t\t\t</p>\r\n\t\t\t<p class=\"Punktlistabomb\" style=\"margin-left:14.2pt; margin-bottom:0pt; text-indent:-14.2pt\">\r\n\t\t\t\t<span style=\"font-family:'Verdana'; font-size:10pt\">•</span><span style=\"font:7.0pt 'Verdana'\">       </span><span>Att främja konstarter, kultur och kreativt tänkande på alla nivåer i formell och icke-formell utbildning och yrkesutbildning, liksom inom livslångt lärande</span><span>.</span>\r\n\t\t\t</p>\r\n\t\t\t<p class=\"Punktlistabomb\" style=\"margin-top:0pt; margin-left:14.2pt; margin-bottom:0pt; text-indent:-14.2pt\">\r\n\t\t\t\t<span style=\"font-family:'Verdana'; font-size:10pt\">•</span><span style=\"font:7.0pt 'Verdana'\">       </span><span>Att arbeta för gynnsamma ekosystem för den kulturella och kreativa sektorn, tillgång till finansiering, innovationsförmåga och skälig ersättning till författare och skapare liksom främjande av sektorsövergripande samarbete</span><span>.</span>\r\n\t\t\t</p>\r\n\t\t\t<p class=\"Punktlistabomb\" style=\"margin-top:0pt; margin-left:14.2pt; text-indent:-14.2pt\">\r\n\t\t\t\t<span style=\"font-family:'Verdana'; font-size:10pt\">•</span><span style=\"font:7.0pt 'Verdana'\">       </span><span>Att främja de färdigheter som behövs i de kulturella och kreativa sektorerna, inklusive digitala färdigheter, entreprenörsfärdigheter samt olika traditionella och specialiserade färdigheter</span><span>.</span>\r\n\t\t\t</p>\r\n\t\t\t<p>\r\n\t\t\t\t<span>Enligt meddelandet ökade</span><span> sysselsättningen i kultursektorn </span><span>inom EU </span><span>stadigt från 2011 till </span><span>2016, då den nådde 8,4 miljoner med ett handelsöverskott om</span><span> 8,7 miljarder euro i kulturella varor</span><a name=\"_ftnref1\"></a><a href=\"#_ftn1\"><span style=\"font-size:6.33pt; vertical-align:super\">[1]</span></a><span>. D</span><span>e kulturella och kreativa sektorerna beräkna</span><span>de</span><span>s bidra med 4,2</span><span> procent</span><span> till EU:s bruttonationalprodukt</span><a name=\"_ftnref2\"></a><a href=\"#_ftn2\"><span style=\"font-size:6.33pt; vertical-align:super\">[2]</span></a><span>. </span>\r\n\t\t\t</p>\r\n\t\t\t<p class=\"NormalIndent\">\r\n\t\t\t\t<span>Att kombinera kunskap och kompetenser som är specifika för de kulturella och kreativa sektorerna med dem från andra sektorer bidrar </span><span>enligt kommissionen </span><span>till innovativa lösningar, exempelvis inom informations- och kommunikationsteknik, turism, varuframställning och tjänster samt i den offentliga sektorn. För att utnyttja denna förändringspotential föreslår kommissionen att fokus läggs på tre specifika ekosystem: </span>\r\n\t\t\t</p>\r\n\t\t\t<p class=\"Punktlistalinje\" style=\"margin-left:14.2pt; margin-bottom:0pt; text-indent:-14.2pt\">\r\n\t\t\t\t<span style=\"font-family:'Verdana'; font-size:10pt\">–</span><span style=\"font:7.0pt 'Verdana'\">      </span><span>teoretisk och praktisk</span><span style=\"font-weight:bold\"> </span><span>utbildning</span><span> –</span><span> </span><span>d</span><span>et finns en tydlig koppling mellan utbildningsnivå och kulturell delaktighet</span><span> och</span><span> </span><span>därför bör </span><span>kulturell medvetenhet </span><span>ses </span><span>som </span><span>en </span><span>nyckelkompetens i</span><span>nom ramen för livslångt lärande</span>\r\n\t\t\t</p>\r\n\t\t\t<p class=\"Punktlistalinje\" style=\"margin-top:0pt; margin-left:14.2pt; margin-bottom:0pt; text-indent:-14.2pt\">\r\n\t\t\t\t<span style=\"font-family:'Verdana'; font-size:10pt\">–</span><span style=\"font:7.0pt 'Verdana'\">      </span><span>städer och regioner </span><span>– </span><span>ses som </span><span>naturliga samarbetspartner</span><span> som</span><span> går i bräschen för den kulturdrivna utvecklingen </span><span>utifrån lokal autonomi, </span><span>förmåga att dra till sig högbegåvade individer och </span><span>direkt</span><span>kontakt </span><span>med</span><span> invånarnas behov och potential</span><span> </span>\r\n\t\t\t</p>\r\n\t\t\t<p class=\"Punktlistalinje\" style=\"margin-top:0pt; margin-left:14.2pt; text-indent:-14.2pt\">\r\n\t\t\t\t<span><span style=\"font-family:'Verdana'; font-size:10pt\">–</span></span><span style=\"font:7.0pt 'Verdana'\">      </span><span>d</span><span>en kulturella och kreativa sektorn </span><span>– </span><span>behöver </span><span>lagstiftning och reglering som uppmuntrar till skapande verksamhet, bättre tillgång till finansiering, möjligheter att expandera och internationaliseras och tillgång till olika slags special</span><span>ist</span><span>kompetens</span><span>.</span>\r\n\t\t\t</p>\r\n\t\t\t<p>\r\n\t\t\t\t<span>I d</span><span>en nya agendan</span><span> för kultur</span><span> prioriterar </span><span>kommissionen </span><span>en sektorsövergripande infallsvinkel på samarbetet inom EU eftersom </span><span>man menar att </span><span>digitalisering och medskapande fortsätter att bryta ned konstnärliga och ekonomiska gränser. </span><span>Kommissionen </span><span> kommer att komplettera</span><span> detta</span><span> med särskilda initiativ ino</span><span>m de mest utvecklade sektorerna</span><span> för att </span><span>mer </span><span>effektiv</span><span>t </span><span> främja den rika variationen i det europiska kulturella uttrycket.</span>\r\n\t\t\t</p>\r\n\t\t\t<p class=\"NormalIndent\">\r\n\t\t\t\t<span>Kommissionen kommer att göra följande:</span>\r\n\t\t\t</p>\r\n\t\t\t<p class=\"Punktlistabomb\" style=\"margin-left:14.2pt; margin-bottom:0pt; text-indent:-14.2pt\">\r\n\t\t\t\t<span style=\"font-family:'Verdana'; font-size:10pt\">•</span><span style=\"font:7.0pt 'Verdana'\">       </span><span>Stödja valideringsfasen av projektet Att undervisa, bedöma och lära sig förmågan till kreativt och kritiskt tänkande </span><span>(</span><span>OECD</span><span>)</span><span> i syfte att införa en kreativitetsmodul i programmet för internationell utvärdering av elevprestationer 2021 (Pisa) samt utforska möjligheterna till motsvarande verksamhet inom högre utbildning och yrkesutbildning (2018).</span>\r\n\t\t\t</p>\r\n\t\t\t<p class=\"Punktlistabomb\" style=\"margin-top:0pt; margin-left:14.2pt; margin-bottom:0pt; text-indent:-14.2pt\">\r\n\t\t\t\t<span style=\"font-family:'Verdana'; font-size:10pt\">•</span><span style=\"font:7.0pt 'Verdana'\">       </span><span>Främja musik och konst i teoretisk och praktisk utbildning, medtaget som ett prioriterat tema i Erasmus+ (2019) och främja utvecklingen av kreativitetsinriktade tvärvetenskapliga moduler vid institutioner för högre </span><span>utbildning</span><span> med en kombination av konstämnen, informations- och kommunikationsteknik samt entreprenörs- och företagskompetens (2018).</span>\r\n\t\t\t</p>\r\n\t\t\t<p class=\"Punktlistabomb\" style=\"margin-top:0pt; margin-left:14.2pt; margin-bottom:0pt; text-indent:-14.2pt\">\r\n\t\t\t\t<span style=\"font-family:'Verdana'; font-size:10pt\">•</span><span style=\"font:7.0pt 'Verdana'\">       </span><span>Ge fortsatt stöd till regionerna i att genomföra smart specialisering och makroregionala strat</span><span>egier med inriktning på kultur samt</span><span> främja hållbar kulturturism genom ett särskilt europeiskt initiativ i samband med det europeiska året för kulturarvet.</span>\r\n\t\t\t</p>\r\n\t\t\t<p class=\"Punktlistabomb\" style=\"margin-top:0pt; margin-left:14.2pt; margin-bottom:0pt; text-indent:-14.2pt\">\r\n\t\t\t\t<span style=\"font-family:'Verdana'; font-size:10pt\">•</span><span style=\"font:7.0pt 'Verdana'\">       </span><span>Stödja partnerskap mellan kreativa yrken och industrin och de europeiska inkubationsnätverken för kreativitetsdriven innovation genom att kreativitet, konst och formgivning integreras med avancerad teknik och vetenskap.</span>\r\n\t\t\t</p>\r\n\t\t\t<p class=\"Punktlistabomb\" style=\"margin-top:0pt; margin-left:14.2pt; margin-bottom:0pt; text-indent:-14.2pt\">\r\n\t\t\t\t<span style=\"font-family:'Verdana'; font-size:10pt\">•</span><span style=\"font:7.0pt 'Verdana'\">       </span><span>Utföra ett pilotprojekt för att främja starkare partnerskap mellan kultursektorn och den kreativa sektorn, lokala myndigheter, arbetsmarknadens parter och utbildningsanordnare (2018).</span>\r\n\t\t\t</p>\r\n\t\t\t<p class=\"Punktlistabomb\" style=\"margin-top:0pt; margin-left:14.2pt; margin-bottom:0pt; text-indent:-14.2pt\">\r\n\t\t\t\t<span style=\"font-family:'Verdana'; font-size:10pt\">•</span><span style=\"font:7.0pt 'Verdana'\">       </span><span>Utforska Europeiska institutet för innovation och teknik och en innovationsgrupp om kulturarvet och den kreativa industrin (2019)</span><span>.</span>\r\n\t\t\t</p>\r\n\t\t\t<p class=\"Punktlistabomb\" style=\"margin-top:0pt; margin-left:14.2pt; margin-bottom:0pt; text-indent:-14.2pt\">\r\n\t\t\t\t<span style=\"font-family:'Verdana'; font-size:10pt\">•</span><span style=\"font:7.0pt 'Verdana'\">       </span><span>Organisera en regelbunden dialog med de kulturella och kreativa sektorerna inom ramen för den förnyade industripolitiska strategin i syfte att kartlägga strategiska behov och bekräfta en övergripande politisk ram på EU-nivå.</span>\r\n\t\t\t</p>\r\n\t\t\t<p class=\"Punktlistabomb\" style=\"margin-top:0pt; margin-left:14.2pt; margin-bottom:0pt; text-indent:-14.2pt\">\r\n\t\t\t\t<span style=\"font-family:'Verdana'; font-size:10pt\">•</span><span style=\"font:7.0pt 'Verdana'\">       </span><span>Organisera en regelbunden dialog med musikbranschen och </span><span>vidta</span><span> den förberedande åtgärden Music Moves Europe.</span>\r\n\t\t\t</p>\r\n\t\t\t<p class=\"Punktlistabomb\" style=\"margin-top:0pt; margin-left:14.2pt; margin-bottom:0pt; text-indent:-14.2pt\">\r\n\t\t\t\t<span style=\"font-family:'Verdana'; font-size:10pt\">•</span><span style=\"font:7.0pt 'Verdana'\">       </span><span>Stärka dialogen med den eur</span><span>opeiska audiovisuella industrin samt</span><span> genom det europeiska filmforumets evenemang (2018).</span>\r\n\t\t\t</p>\r\n\t\t\t<p class=\"Punktlistabomb\" style=\"margin-top:0pt; margin-left:14.2pt; text-indent:-14.2pt\">\r\n\t\t\t\t<span style=\"font-family:'Verdana'; font-size:10pt\">•</span><span style=\"font:7.0pt 'Verdana'\">       </span><span>Stödja medlemsstaterna när det gäller att säkerställa rättvis ersättning för konstnärer och andra slag av upphovsmän genom att föra allmänna och sektorsspecifika dialoger i linje med strategin för den digitala inre marknaden (2019).</span>\r\n\t\t\t</p>\r\n\t\t\t<p>\r\n\t\t\t\t<span>Kommissionen uppmanar medlemsstaterna att göra följande:</span>\r\n\t\t\t</p>\r\n\t\t\t<p class=\"Punktlistabomb\" style=\"margin-left:14.2pt; text-indent:-14.2pt\">\r\n\t\t\t\t<span style=\"font-family:'Verdana'; font-size:10pt\">•</span><span style=\"font:7.0pt 'Verdana'\">       </span><span>Åta sig att förbättra de socioekonomiska villkoren för konstnärer och </span><span>upphovsmän samt</span><span> främja utbildning och fortbildning i konst inom ramen för arbetsplanen.</span>\r\n\t\t\t</p>\r\n\t\t\t<p class=\"R5\" style=\"margin-top:6pt\">\r\n\t\t\t\t<span>Den externa dimensionen – rikta fokus på stärkande av internationella kulturella förbindelser</span>\r\n\t\t\t</p>\r\n\t\t\t<p class=\"Punktlistabomb\" style=\"margin-left:14.2pt; margin-bottom:0pt; text-indent:-14.2pt\">\r\n\t\t\t\t<span style=\"font-family:'Verdana'; font-size:10pt\">•</span><span style=\"font:7.0pt 'Verdana'\">       </span><span>Stödja kultur som en motor för hållbar social och ekonomisk utveckling.</span>\r\n\t\t\t</p>\r\n\t\t\t<p class=\"Punktlistabomb\" style=\"margin-top:0pt; margin-left:14.2pt; margin-bottom:0pt; text-indent:-14.2pt\">\r\n\t\t\t\t<span style=\"font-family:'Verdana'; font-size:10pt\">•</span><span style=\"font:7.0pt 'Verdana'\">       </span><span>Främja kultur och interkulturell dialog för fredliga interkulturella förbindelser.</span>\r\n\t\t\t</p>\r\n\t\t\t<p class=\"Punktlistabomb\" style=\"margin-top:0pt; margin-left:14.2pt; text-indent:-14.2pt\">\r\n\t\t\t\t<span style=\"font-family:'Verdana'; font-size:10pt\">•</span><span style=\"font:7.0pt 'Verdana'\">       </span><span>Sporra till samarbete i kulturarvsfrågor.</span>\r\n\t\t\t</p>\r\n\t\t\t<p>\r\n\t\t\t\t<span>I och med 2016 års gemensamma meddelande Mot en EU-strategi för internationella kulturella förbindelser har EU upprättat en ram för det kulturella samarbetet med partnerländer</span><span> (</span><span>JOIN(2016) 29 </span><span>final</span><span>)</span><a name=\"_ftnref3\"></a><a href=\"#_ftn3\"><span style=\"font-size:6.33pt; vertical-align:super\">[3]</span></a><span>. Den globala strategin för Europeiska unionens utrikes- och säkerhetspolitik har identifierat kulturell diplomati som ett nytt område för E</span><span>U:s samor</span><span>dnade yttre åtgärder. </span><span>Kulturella kontaktpunkter i EU:s delegationer utbildas i den kulturella dimensionen i utvecklingsarbete och yttre relationer för att bättre kunna sprida bästa praxis och tillgodose behoven och förväntningarna hos lokala partner.</span>\r\n\t\t\t</p>\r\n\t\t\t<p class=\"NormalIndent\">\r\n\t\t\t\t<span>Kommissionen har också för avsikt att använda agendan för att betona den kulturella dimensionen i hållbar utveckling och för att bidra till genomförandet av FN:s agenda 2030 för hållbar utveckling.</span>\r\n\t\t\t</p>\r\n\t\t\t<p class=\"NormalIndent\">\r\n\t\t\t\t<span>Europaåret för kulturarv 2018 </span><span>va</span><span>r </span><span>enligt kommissionen </span><span>en unik möjlighet att stärka kulturella förbindelser med partnerländerna och lokala kulturella sektorer. Partnerskap som kommit</span><span> till under kulturarvsåret bör enligt kommissionen</span><span> få en fortsättning som en del av EU:s kulturella samarbete och en ny europeisk handlingsplan för kulturarv. Det finns även </span><span>pågående </span><span>projekt </span><span>och</span><span> </span><span>projekt </span><span>som </span><span>är tänkta att</span><span> </span><span>inledas i konfliktdrabbade områden för att skydda och återställa kulturarv som skadats, främja skapandet av nya arbetstillfällen och bättre utkomstmöjligheter.</span>\r\n\t\t\t</p>\r\n\t\t\t<p class=\"NormalIndent\">\r\n\t\t\t\t<span>Kommissionen och den höga representanten</span><span> gör följande:</span>\r\n\t\t\t</p>\r\n\t\t\t<p class=\"Punktlistabomb\" style=\"margin-left:14.2pt; margin-bottom:0pt; text-indent:-14.2pt\">\r\n\t\t\t\t<span style=\"font-family:'Verdana'; font-size:10pt\">•</span><span style=\"font:7.0pt 'Verdana'\">       </span><span>Främjar de kulturella och kreativa sektorerna på västra Balkan genom ökat stöd från Kreativa Europa och planerar att använda instrumentet för stöd inför anslutningen för att stödja kulturen i utvidgningsländerna och västra Balkan, framför</span><span> </span><span>allt när det gäller att verkställa relevanta fla</span><span>ggskeppsinitiativ inom ramen</span><span> för handlingsplanen till stöd för omvandlingen av västra Balkan.</span>\r\n\t\t\t</p>\r\n\t\t\t<p class=\"Punktlistabomb\" style=\"margin-top:0pt; margin-left:14.2pt; margin-bottom:0pt; text-indent:-14.2pt\">\r\n\t\t\t\t<span style=\"font-family:'Verdana'; font-size:10pt\">•</span><span style=\"font:7.0pt 'Verdana'\">       </span><span>Avser att lansera en tredje fas av det östliga partnerskapets kulturprogram och arbetar för att via kulturen stärka det civila samhället i Medelhavsländerna.</span>\r\n\t\t\t</p>\r\n\t\t\t<p class=\"Punktlistabomb\" style=\"margin-top:0pt; margin-left:14.2pt; margin-bottom:0pt; text-indent:-14.2pt\">\r\n\t\t\t\t<span style=\"font-family:'Verdana'; font-size:10pt\">•</span><span style=\"font:7.0pt 'Verdana'\">       </span><span>Startar upp förberedande åtgärder för att få till stånd europeiska kulturhus i partnerländerna.</span>\r\n\t\t\t</p>\r\n\t\t\t<p class=\"Punktlistabomb\" style=\"margin-top:0pt; margin-left:14.2pt; margin-bottom:0pt; text-indent:-14.2pt\">\r\n\t\t\t\t<span style=\"font-family:'Verdana'; font-size:10pt\">•</span><span style=\"font:7.0pt 'Verdana'\">       </span><span>Stärker dialogen om kultur med Kina och inleder en ny dialog med Japan.</span>\r\n\t\t\t</p>\r\n\t\t\t<p class=\"Punktlistabomb\" style=\"margin-top:0pt; margin-left:14.2pt; margin-bottom:0pt; text-indent:-14.2pt\">\r\n\t\t\t\t<span style=\"font-family:'Verdana'; font-size:10pt\">•</span><span style=\"font:7.0pt 'Verdana'\">       </span><span>Genomför det </span><span>elfte gemensamma kulturprogrammet för Afrika, Västindien och Stillahavsområdet </span><span>(AVS) </span><span>inom ramen för Europeiska utvecklingsfonden (EUF)</span><span> </span><span>för att stödja skapandet av arbetstillfällen, identitetsbygge, yrkesutbi</span><span>ldning och audiovisuellt samarbete</span><span>.</span>\r\n\t\t\t</p>\r\n\t\t\t<p class=\"Punktlistabomb\" style=\"margin-top:0pt; margin-left:14.2pt; margin-bottom:0pt; text-indent:-14.2pt\">\r\n\t\t\t\t<span style=\"font-family:'Verdana'; font-size:10pt\">•</span><span style=\"font:7.0pt 'Verdana'\">       </span><span>Utvecklar strategier för kultursamarbete på regional nivå med start </span><span>i </span><span>länderna på västra Balkan</span><span>, i Mellanöstern och Nordafrika</span><span> samt Latinamerika.</span>\r\n\t\t\t</p>\r\n\t\t\t<p class=\"Punktlistabomb\" style=\"margin-top:0pt; margin-left:14.2pt; margin-bottom:0pt; text-indent:-14.2pt\">\r\n\t\t\t\t<span style=\"font-family:'Verdana'; font-size:10pt\">•</span><span style=\"font:7.0pt 'Verdana'\">       </span><span>Lägger till skydd av kulturarvet i de uppgifter som ingår i uppdragen inom den gemensamma säkerhets- och försvarspolitiken där så är lämpligt, för att komplettera pågående insatser och projekt.</span>\r\n\t\t\t</p>\r\n\t\t\t<p class=\"Punktlistabomb\" style=\"margin-top:0pt; margin-left:14.2pt; text-indent:-14.2pt\">\r\n\t\t\t\t<span style=\"font-family:'Verdana'; font-size:10pt\">•</span><span style=\"font:7.0pt 'Verdana'\">       </span><span>Stöder korridorer för Sidenvägens kulturarv i Centralasien, Afghanistan och Iran.</span>\r\n\t\t\t</p>\r\n\t\t\t<p>\r\n\t\t\t\t<span>Kommissionen uppmanar medlemsstaterna att göra följande:</span>\r\n\t\t\t</p>\r\n\t\t\t<p class=\"Punktlistabomb\" style=\"margin-left:14.2pt; text-indent:-14.2pt\">\r\n\t\t\t\t<span style=\"font-family:'Verdana'; font-size:10pt\">•</span><span style=\"font:7.0pt 'Verdana'\">       </span><span>Utveckla gemensamma åtgärder i samarbete med kommissionen, den höga representanten och deras avdelningar, inklusive Europeiska utrikestjänsten (EEAS).</span>\r\n\t\t\t</p>\r\n\t\t\t<p class=\"R3\">\r\n\t\t\t\t<span>Utskottets ställningstagande</span>\r\n\t\t\t</p>\r\n\t\t\t<p>\r\n\t\t\t\t<span>Sverige arbetar aktivt</span><span> </span><span>nationellt och som </span><span>EU-</span><span>medlem för att</span><span> föra fram </span><span>att </span><span>ett starkt kulturliv</span><span> </span><span>främjar e</span><span>n god samhällsutveckling. Sveriges värdskap för Europeiska rådets möte i Göteborg i november 2017 placera</span><span>de också</span><span> </span><span>kulturens </span><span>betydelse</span><span> </span><span>för att bygga vår gemensamma framtid </span><span>på agendan</span><span>.</span>\r\n\t\t\t</p>\r\n\t\t\t<p class=\"NormalIndent\">\r\n\t\t\t\t<span>U</span><span>tskottet välkomnar därför att kommission</span><span>en </span><span>följer upp Europeiska rådets slutsatser o</span><span>m att kultur</span><span>,</span><span> tillsammans med utbildning</span><span>,</span><span> är grundläggande för att bygga inkluderande</span><span> och </span><span>sammanhållna samhällen som bidrar till att </span><span>upprätthåll</span><span>a</span><span> EU:s konkurrenskraft</span><span>. Utskottet delar också den analys som kommissionen gör av </span><span>hur</span><span> kulturen kan bidra </span><span>till </span><span>ekonomisk tillväxt, social rättvisa, ett aktivt medborgarskap och en europeisk identitet</span><span>. </span><span>Utskottet vill samtidigt understryka att kulturen alltid ska kunna vila tryggt  i sitt egenvärde och inte i första hand betraktas som ett verktyg vars främsta syfte är att bidra till problemlösningar inom andra områden. </span>\r\n\t\t\t</p>\r\n\t\t\t<p class=\"NormalIndent\">\r\n\t\t\t\t<span>M</span><span>eddelandet</span><span>s </span><span>övergripande </span><span>fokus</span><span> på kulturarv och digitalisering är särskilt viktig</span><span>t,</span><span> enligt utskottet. Dessa två teman </span><span>är av stor betydelse</span><span> för att</span><span> lyckas med genomförandet av de tre </span><span>strategiska målen</span><span>. Att vårda och dela med sig av </span><span>det gemensamma </span><span>kulturarv</span><span>et</span><span> ger goda förutsättningar för ökad kunskap och förståelse om varandras </span><span>historia</span><span> och ger </span><span>pusselbitar </span><span>för att tolka </span><span>samtid</span><span>en</span><span>.</span><span> </span><span>Utskottet vill också understryka att</span><span> d</span><span>igitaliseringens gränsöverskridande natu</span><span>r</span><span> </span><span>kräver </span><span>gemensamma lösningar inom bl.a. upphovsrätt och affärsmodeller för att </span><span>det ska vara möjligt att</span><span> ta till</span><span> </span><span>vara potentialen i den</span><span> ökade </span><span>kreativitet och effektivitet som den digitala tekniken erbjuder.</span>\r\n\t\t\t</p>\r\n\t\t\t<p class=\"NormalIndent\">\r\n\t\t\t\t<span>Utskottet </span><span>noterar </span><span>i sammanhanget </span><span>att </span><span>den arbetsplan för kultur 2019–2022 som rådet antog i november 2018</span><span> tematiskt stämmer väl överens med kommissionens meddelande om en ny europeisk agenda för kultur</span><span>. Arbetsplanen</span><span>s</span><span> </span><span>inriktning </span><span>och samarbetsformer </span><span>rimmar </span><span>väl </span><span>me</span><span>d dem</span><span> som Sverige förespråkar utifrån att kulturpolitiken är en nationell angelägenhet</span><span> där</span><span> EU:s stödjande kompetens inte får innebära någon harmonisering av medlemsstaternas regelverk. </span><span>Utskottet menar att den fyraåriga arbetsplan</span><span>en</span><span> för kultur kommer att kunna svara upp mot Europeiska rådets slutsatser.</span>\r\n\t\t\t</p>\r\n\t\t\t<p class=\"NormalIndent\">\r\n\t\t\t\t<span>EU-samarbetet</span><span>s k</span><span>ompletterande funktion</span><span> </span><span>är viktig för a</span><span>tt kunna öka erfarenhets- och kunskapsutbyte</span><span> och</span><span> kapacitetsbyggande</span><span>.</span><span> </span><span>Den fria rörlighetens centrala betydelse för kulturområdets välmående kan inte </span><span>heller </span><span>underskattas när vi pratar om kulturens bidrag till social sammanhållnin</span><span>g.</span><span> Utskottet ser fram emot att fortsätta idédebatten om kulturens betydelse för EU och hur dessa idéer kan omsättas i praktik</span><span>en</span><span>, bl.a. i utarbetandet av Kreativa Europa 2021–2027.</span><span> </span>\r\n\t\t\t</p>\r\n\t\t\t<p class=\"NormalIndent\">\r\n\t\t\t\t<span>Utskottet föreslår att riksdagen lägger utlåtandet till handlingarna.</span>\r\n\t\t\t</p>\r\n\t\t\t<p class=\"Avsnittsrubrik\">\r\n\t\t\t\t<a name=\"_Toc536707033\"><span class=\"tSidrubrikJA\">Reservation</span></a>\r\n\t\t\t</p>\r\n\t\t\t<p class=\"Mellanrum\" style=\"-aw-sdt-tag:b3fc61c8-e6f4-4dcb-804b-d48ef5d252fd/reservationer/1077998880/1548927683445; -aw-sdt-title:reservationer\">\r\n\t\t\t\t<span> </span>\r\n\t\t\t</p>\r\n\t\t\t<table cellspacing=\"0\" cellpadding=\"0\" style=\"border-collapse:collapse; margin-left:0pt; width:294.2pt\">\r\n\t\t\t\t<tr>\r\n\t\t\t\t\t<td style=\"vertical-align:top\">\r\n\t\t\t\t\t\t<p class=\"Reservationsrubrik\" style=\"margin-top:0pt; margin-bottom:3.1pt; text-align:left; page-break-inside:avoid; page-break-after:avoid; line-height:12.5pt\">\r\n\t\t\t\t\t\t\t<a name=\"_Toc536707034\"><span style=\"font-family:'Verdana'; font-size:10.5pt; font-weight:bold\">En ny europeisk agenda för kultur – motiveringen (SD)</span></a>\r\n\t\t\t\t\t\t</p>\r\n\t\t\t\t\t</td>\r\n\t\t\t\t</tr>\r\n\t\t\t</table>\r\n\t\t\t<p class=\"Normalutanluftfre\" style=\"-aw-sdt-tag:b3fc61c8-e6f4-4dcb-804b-d48ef5d252fd/reservationer/1077998880/1548927683445; -aw-sdt-title:reservationer\">\r\n\t\t\t\t<span>av Aron Emilsson (SD), Jonas Andersson i Linköping (SD) och Cassandra Sundin (SD).</span>\r\n\t\t\t</p>\r\n\t\t\t<p class=\"Mellanrum\" style=\"-aw-sdt-tag:b3fc61c8-e6f4-4dcb-804b-d48ef5d252fd/reservationer/1077998880/1548927683445; -aw-sdt-title:reservationer\">\r\n\t\t\t\t<span> </span>\r\n\t\t\t</p>\r\n\t\t\t<p class=\"Mellanrum\" style=\"-aw-sdt-tag:b3fc61c8-e6f4-4dcb-804b-d48ef5d252fd/reservationer/1077998880/1548927683445; -aw-sdt-title:reservationer\">\r\n\t\t\t\t<span> </span>\r\n\t\t\t</p>\r\n\t\t\t<p class=\"R4\">\r\n\t\t\t\t<span>Ställningstagande</span>\r\n\t\t\t</p>\r\n\t\t\t<p>\r\n\t\t\t\t<span>V</span><span>i ser positivt på delar av vad som framgår av ärendet som exempelvis viljan att framhålla vikten av kulturen och kulturarvet socialt och ekonomiskt. Vi har dock också betydande kritik som måste framhållas och som gör att vi känner oss nödgade att inkomma med en reservation. Synen på europeisk i</span><span>dentitet som framgår av ärendet</span><span> och hur man från EU-håll vill arbeta med densamma ser vi som problematisk. Europa har en rik kulturell mångfald och det råder ingen tvekan om att den i många avseenden är en stor tillgång och styrka för vår del av världen. Denna kulturella mångfald är något som har vuxit fram genom sekel och årtusenden till stor del genom Europas många olika folkgrupper, nationer och statsbildningar. Att då från EU-håll söka att centralisera kulturpolitiken på ett sätt som inte skett tidigare i historien ser vi som motsägelsefullt och riskfyllt om man samtidigt vill bejaka den riktiga organiskt framvuxna europeiska kulturella mångfalden. Det är snarare </span><span>en </span><span>hög grad av decentralisering som har lett fram till denna mångfald. </span><span>V</span><span>i menar att det från EU inte </span><span>uttrycks</span><span> en tillräcklig förståelse för detta samband, och att unionen skulle behöva inta en mer lyssnande attityd i frågor som dessa.</span>\r\n\t\t\t</p>\r\n\t\t\t<p class=\"NormalIndent\">\r\n\t\t\t\t<span>Sedan tidigare har </span><span>vi </span><span>också vänt oss emot budgetdrivande förslag på det kulturpolitiska området när det kommer till EU-nivån, med tanke på synsättet om kulturpolitiken som nationell angelägenhet. I ärendet framhålls förslag på EU-nivå som vi ser kommer att leda till övertramp mot den hållning som vi har i frågan om att budgetdrivande förslag på EU-nivå inskränker kulturpolitiken som nationell angelägenhet. </span>\r\n\t\t\t</p>\r\n\t\t\t<p class=\"NormalIndent\">\r\n\t\t\t\t<span>Vad gäller Kreativa E</span><span>uropa som framhålls i ärendet</span><span> har </span><span>vi </span><span>tidigare framfört</span><span> kritik mot det aktuella programmet när kulturutskottet haft det på sin dagordning. Med tanke på hur det i detta ärende om en ny europeisk agenda för kultur hänvisas till att just Kreativa Europa ska vara ett verktyg för att genomföra kulturpolitik från EU-håll så finns det även i den delen anledning för oss att vara kritiska. Ovanstående är några betydande delar av vad vår kritik kretsar kring.</span>\r\n\t\t\t</p>\r\n\t\t\t<p class=\"NormalIndent\">\r\n\t\t\t\t<span>Mot bakgrund av det som anförts ovan föreslår vi att utlåtandet läggs till handlingarna.</span>\r\n\t\t\t</p>\r\n\t\t\t<p>\r\n\t\t\t\t<span> </span>\r\n\t\t\t</p>\r\n\t\t\t<p class=\"Mellanrum\">\r\n\t\t\t\t<span> </span>\r\n\t\t\t</p>\r\n\t\t\t<p class=\"Bilaga\">\r\n\t\t\t\t<span class=\"tBilagaJA\">Bilaga</span>\r\n\t\t\t</p>\r\n\t\t\t<p class=\"Bilagerubrik\">\r\n\t\t\t\t<a name=\"_Toc536707035\"><span class=\"tSidrubrikJA\">Förteckning över behandlade förslag</span></a>\r\n\t\t\t</p>\r\n\t\t\t<p>\r\n\t\t\t\t<span style=\"font-style:italic\">Kommissionens meddelande En ny europeisk agenda för kultur </span><span style=\"font-style:italic\">COM(2018) 267 final</span><span style=\"font-style:italic\">.</span>\r\n\t\t\t</p>\r\n\t\t\t<p class=\"Mellanrum\">\r\n\t\t\t\t<span> </span>\r\n\t\t\t</p>\r\n\t\t\t<p>\r\n\t\t\t\t<span> </span>\r\n\t\t\t</p>\r\n\t\t\t<p>\r\n\t\t\t\t<span> </span>\r\n\t\t\t</p>\r\n\t\t\t<p>\r\n\t\t\t\t<span> </span>\r\n\t\t\t</p>\r\n\t\t\t<p>\r\n\t\t\t\t<span> </span>\r\n\t\t\t</p>\r\n\t\t</div>\r\n\t\t<hr style=\"width:33%; height:1px; text-align:left; -aw-footnote-numberstyle:0; -aw-footnote-startnumber:1; -aw-footnote-type:0\" />\r\n\t\t<div id=\"_ftn1\" style=\"-aw-footnote-isauto:1\">\r\n\t\t\t<p class=\"FootnoteText\">\r\n\t\t\t\t<a href=\"#_ftnref1\"><span style=\"font-size:6.33pt; vertical-align:super\">[1]</span></a><span> Eurostat 2016 (Culture Statistics: Employment, Enterprises, Participation, Trade, Expenditure)</span><span>.</span>\r\n\t\t\t</p>\r\n\t\t</div>\r\n\t\t<div id=\"_ftn2\" style=\"-aw-footnote-isauto:1\">\r\n\t\t\t<p class=\"FootnoteText\">\r\n\t\t\t\t<a href=\"#_ftnref2\"><span style=\"font-size:6.33pt; vertical-align:super\">[2]</span></a><span> Studie av Ernst</span><span> </span><span>&</span><span> </span><span>Young 2014 </span><span>Measuring Cultural and Creative Markets in the EU.</span>\r\n\t\t\t</p>\r\n\t\t</div>\r\n\t\t<div id=\"_ftn3\" style=\"-aw-footnote-isauto:1\">\r\n\t\t\t<p class=\"FootnoteText\">\r\n\t\t\t\t<a href=\"#_ftnref3\"><span style=\"font-size:6.33pt; vertical-align:super\">[3]</span></a><span> Se även </span><span>utlåtande </span><span>2016/17:KrU11</span><span> </span><span>Mot en EU-strategi för internationella kulturella förbindelser.</span>\r\n\t\t\t</p>\r\n\t\t</div>\r\n\t"},"dokutskottsforslag":{"utskottsforslag":{"punkt":"1","rubrik":"En ny europeisk agenda för kultur","forslag":"Riksdagen lägger utlåtandet till handlingarna.<BR/><BR/><BR/>","beslutstyp":"acklamation","motforslag_nummer":"1","motforslag_partier":"\"SD\"","votering_id":"a47ecd5f-dc30-4820-b202-33f515e7fdeb","votering_sammanfattning_html":{"table":{"tr":[{"td":{"h4":"Omröstning i motivfrågan","p":"Utskottets förslag mot reservation 1 (SD)"}},{"th":["Parti","Ja","Nej","Avstående","Frånvarande"]},{"td":["S","77","0","0","23"]},{"td":["M","52","0","0","18"]},{"td":["SD","0","57","0","5"]},{"td":["C","26","0","0","5"]},{"td":["V","24","0","0","4"]},{"td":["KD","20","0","0","2"]},{"td":["L","15","0","0","5"]},{"td":["MP","14","0","0","2"]},{"td":["Totalt","228","57","0","64"]},{"td":{"h4":null}}]},"br":null},"votering_url_xml":"http://data.riksdagen.se/votering/A47ECD5F-DC30-4820-B202-33F515E7FDEB","rm":"2018/19","bet":"KrU6","vinnare":"utskottet"}},"dokmotforslag":{"motforslag":{"nummer":"1","rubrik":null,"partier":"\"SD\"","typ":"reservation","utskottsforslag_punkt":"1"}},"dokaktivitet":{"aktivitet":[{"kod":"UBE","namn":"Beredning","datum":"2019-01-22 00:00:00","status":"inträffat","ordning":"0","process":null},{"kod":"JUS","namn":"Justering","datum":"2019-01-31 00:00:00","status":"inträffat","ordning":"0","process":null},{"kod":"TRY","namn":"Trycklov","datum":"2019-02-04 00:00:00","status":"inträffat","ordning":"0","process":null},{"kod":"B","namn":"Bordläggning","datum":"2019-02-13 00:00:00","status":"inträffat","ordning":"0","process":null},{"kod":"BEH","namn":"Behandling","datum":"2019-02-14 00:00:00","status":"inträffat","ordning":"0","process":null},{"kod":"BES","namn":"Beslut","datum":"2019-02-14 00:00:00","status":"inträffat","ordning":"0","process":null}]},"dokuppgift":{"uppgift":[{"kod":"notis","namn":"Beslut i korthet","text":"                           <p>Riksdagen&nbsp;har granskat ett meddelande från EU-kommissionen om en ny europeisk agenda för kultur. Agendan har tre strategiska mål:</p>\r\n<ul>\r\n<li>Den sociala dimensionen - att ta till vara styrkan hos kulturen för att främja social sammanhållning och välfärd</li>\r\n<li>Den ekonomiska dimensionen - ge stöd till konstarter, kultur och kreativt tänkande inom utbildningar för innovation och sysselsättning</li>\r\n<li>Den externa dimensionen - fokusera på att stärka internationella kulturella förbindelser</li>\r\n</ul>\r\n<p>Utöver de strategiska målen är kulturarvet och digitalisering två övergripande och prioriterade områden.</p>\r\n<p>Riksdagen&nbsp;välkomnar kommissionens genomlysning av hur kultur kan bidra till samhällsutveckling, social sammanhållning och en mer inkluderande union. Enligt riksdagen&nbsp;är det särskilt viktigt att fokus ligger på kulturarvet och digitalisering. Detta eftersom de temana är viktiga för att lyckas genomföra de tre strategiska målen.</p>\r\n<p>Riksdagen lade utlåtandet till handlingarna, det vill säga avslutade ärendet.</p>\r\n                                            ","dok_id":"H601KrU6","systemdatum":"2019-02-14 16:25:32"},{"kod":"notisrubrik","namn":"Beslut","text":"Kulturarv och digitalisering kan bidra till en mer inkluderande union (KrU6)","dok_id":"H601KrU6","systemdatum":"2019-02-14 16:25:32"},{"kod":"utsknotis","namn":"Utskottets förslag till beslut","text":"                           <p>Kulturutskottet har granskat ett meddelande från EU-kommissionen om en ny europeisk agenda för kultur. Agendan har tre strategiska mål:</p>\r\n<ul>\r\n<li>Den sociala dimensionen - att ta till vara styrkan hos kulturen för att främja social sammanhållning och välfärd</li>\r\n<li>Den ekonomiska dimensionen - ge stöd till konstarter, kultur och kreativt tänkande inom utbildningar för innovation och sysselsättning</li>\r\n<li>Den externa dimensionen - fokusera på att stärka internationella kulturella förbindelser</li>\r\n</ul>\r\n<p>Utöver de strategiska målen är kulturarvet och digitalisering två övergripande och prioriterade områden.</p>\r\n<p>Utskottet välkomnar kommissionens genomlysning av hur kultur kan bidra till samhällsutveckling, social sammanhållning och en mer inkluderande union. Enligt utskottet är det särskilt viktigt att fokus ligger på kulturarvet och digitalisering. Detta eftersom de temana är viktiga för att lyckas genomföra de tre strategiska målen.</p>\r\n<p>Kulturutskottet föreslår att riksdagen lägger utlåtandet till handlingarna, det vill säga avslutar ärendet.</p>\r\n                                            ","dok_id":"H601KrU6","systemdatum":"2019-02-14 16:25:32"},{"kod":"utsknotisrubrik","namn":"Utskottets förslag","text":"Kulturarv och digitalisering kan bidra till en mer inkluderande union (KrU6)","dok_id":"H601KrU6","systemdatum":"2019-02-14 16:25:32"},{"kod":"rdbeslut","namn":"Riksdagens beslut","text":"Kammaren biföll utskottets förslag.","dok_id":"H601KrU6","systemdatum":"2019-02-14 16:41:00"},{"kod":"beslutssammanfattningusk","namn":"Utskottets förslag till beslut","text":"Riksdagen lägger utlåtandet till handlingarna.","dok_id":"H601KrU6","systemdatum":"2019-02-04 12:29:59"},{"kod":"debattdatumtid","namn":"Datum och tid för debatten","text":"2019-02-14 00:00:00","dok_id":"H601KrU6","systemdatum":"2019-02-14 16:25:32"},{"kod":"beslutdatumtid","namn":"Datum och tid för beslutet","text":"2019-02-14 00:00:00","dok_id":"H601KrU6","systemdatum":"2019-02-14 16:25:32"},{"kod":"statustext","namn":"statustext","text":"Ärendet är avslutat","dok_id":"H601KrU6","systemdatum":"2019-02-15 14:05:50"}]},"dokbilaga":{"bilaga":{"dok_id":"H601KrU6","titel":"En ny europeisk agenda för kultur","subtitel":null,"filnamn":"2018_19_KrU6_20190204122912_Publicering.pdf","filstorlek":"496921","filtyp":"pdf","fil_url":"http://data.riksdagen.se/fil/03C8B6A4-D64E-45E2-941D-299565C6113E"}},"dokreferens":{"referens":[{"referenstyp":"föredragningslista","uppgift":"föredragningslista 2018/19:53 Torsdag den 14 februari 2019","ref_dok_id":"H60I53","ref_dok_typ":"f-lista","ref_dok_rm":"2018/19","ref_dok_bet":"53","ref_dok_titel":"Torsdag den 14 februari 2019","ref_dok_subtitel":null,"ref_dok_subtyp":null,"ref_dok_dokumentnamn":"Föredragningslista"},{"referenstyp":"protokollbeslut","uppgift":"2019-02-14","ref_dok_id":"H60953","ref_dok_typ":"prot","ref_dok_rm":"2018/19","ref_dok_bet":"53","ref_dok_titel":"Protokoll 2018/19:53 Torsdagen den 14 februari","ref_dok_subtitel":null,"ref_dok_subtyp":null,"ref_dok_dokumentnamn":"Protokoll"},{"referenstyp":"protokolldebatt","uppgift":"2019-02-14","ref_dok_id":"H60953","ref_dok_typ":"prot","ref_dok_rm":"2018/19","ref_dok_bet":"53","ref_dok_titel":"Protokoll 2018/19:53 Torsdagen den 14 februari","ref_dok_subtitel":"En ny europeisk agenda för kultur","ref_dok_subtyp":null,"ref_dok_dokumentnamn":"Protokoll"},{"referenstyp":"talarlista","uppgift":"talarlista 2018/19:20190214 Torsdag den 14 februari 2019 (preliminär)","ref_dok_id":"H60J20190214","ref_dok_typ":"t-lista","ref_dok_rm":"2018/19","ref_dok_bet":"20190214","ref_dok_titel":"Torsdag den 14 februari 2019 (preliminär)","ref_dok_subtitel":null,"ref_dok_subtyp":null,"ref_dok_dokumentnamn":"Talarlista"}]},"debatt":null}}