{"dokumentstatus":{"dokument":{"hangar_id":"5004625","dok_id":"H601KrU4","rm":"2018/19","beteckning":"KrU4","typ":"bet","subtyp":"bet","doktyp":"bet","typrubrik":"Betänkande 2018/19:KrU4","dokumentnamn":"Betänkande","debattnamn":"Debatt om förslag","tempbeteckning":"","organ":"KrU","mottagare":"","nummer":"4","slutnummer":"0","datum":"2018-10-31 00:00:00","systemdatum":"2018-11-27 13:34:38","publicerad":"2018-10-09 09:13:20","titel":"Kultur i hela landet","subtitel":"","status":"Webbpublicering","htmlformat":"html","relaterat_id":"","source":"RIM","sourceid":"ad5316ad-9fa5-44db-b9eb-91e11298a1cc","dokument_url_text":"http://data.riksdagen.se/dokument/H601KrU4/text","dokument_url_html":"http://data.riksdagen.se/dokument/H601KrU4","dokumentstatus_url_xml":"http://data.riksdagen.se/dokumentstatus/H601KrU4","utskottsforslag_url_xml":"http://data.riksdagen.se/utskottsforslag/H601KrU4","html":"<style><!--\r\n .w600px{width: 600px;font-family:Verdana, Geneva, sans-serif}\r\nh2.dtyp{font-size:1.5em !important;} \r\n/********************************************************************************************************/\r\n/* Styles for D:\\Logs\\DocumentConverter\\\\Output_059f16d2-0684-424d-b261-66cc1bdc3e38\\HTML\\Dokument.html */\r\n/* Generated by Aspose.Words for .NET 15.3.0.0                                                          */\r\n/********************************************************************************************************/\r\n\r\n@page Section1 { size:467.8pt 686.05pt; margin:45.35pt 102.05pt 73.7pt 70.85pt }\r\ndiv.Section1 { page:Section1 }\r\nzbody { text-align:justify; line-height:12.5pt; font-family:'Verdana'; font-size:9.5pt }\r\nzh1, h2, h3, h4, h5, h6, p { margin:3.1pt 0pt 0pt }\r\nzli, table { margin-top:3.1pt; margin-bottom:0pt }\r\nzh1 { margin-top:3.1pt; margin-bottom:12pt; text-align:left; page-break-after:avoid; line-height:12.5pt; font-family:'Verdana'; font-size:16pt; font-weight:normal }\r\nzh2 { margin-top:20pt; margin-bottom:6pt; text-align:left; page-break-inside:avoid; page-break-after:avoid; line-height:12.5pt; font-family:'Verdana'; font-size:13.5pt; font-weight:normal }\r\nzh3 { margin-top:20pt; margin-bottom:3.1pt; text-align:left; page-break-inside:avoid; page-break-after:avoid; line-height:12.5pt; font-family:'Verdana'; font-size:10.5pt; font-weight:bold }\r\nzh4 { margin-top:15pt; margin-bottom:3.1pt; text-align:left; page-break-inside:avoid; page-break-after:avoid; line-height:12.5pt; font-family:'Verdana'; font-size:10.5pt; font-weight:normal; font-style:italic; color:#000000 }\r\nzh5 { margin-top:6.25pt; margin-bottom:0pt; text-align:justify; page-break-inside:avoid; page-break-after:avoid; line-height:12.5pt; font-family:'Verdana'; font-size:9.5pt; font-weight:bold }\r\nzh6 { margin-top:6.25pt; margin-bottom:0pt; text-align:justify; page-break-inside:avoid; page-break-after:avoid; line-height:12.5pt; font-family:'Verdana'; font-size:9.5pt; font-weight:normal; font-style:italic; color:#000000 }\r\n.Heading7 { margin-top:2pt; margin-bottom:0pt; text-align:justify; page-break-inside:avoid; page-break-after:avoid; line-height:12.5pt; font-family:'Verdana'; font-size:9.5pt; font-weight:normal; font-style:italic; color:#243f60 }\r\n.Heading8 { margin-top:2pt; margin-bottom:0pt; text-align:justify; page-break-inside:avoid; page-break-after:avoid; line-height:12.5pt; font-family:'Verdana'; font-size:9pt; font-weight:normal; color:#272727 }\r\n.Heading9 { margin-top:2pt; margin-bottom:0pt; text-align:justify; page-break-inside:avoid; page-break-after:avoid; line-height:12.5pt; font-family:'Verdana'; font-size:9pt; font-weight:normal; font-style:italic; color:#272727 }\r\n.Avsnittsrubrik { margin-top:0pt; margin-bottom:27.7pt; text-align:left; page-break-before:always; page-break-after:avoid; line-height:normal; font-family:'Verdana'; font-size:16pt }\r\n.Avvikandemeningrubrik { margin-top:0pt; margin-bottom:3.1pt; text-align:left; page-break-inside:avoid; page-break-after:avoid; line-height:12.5pt; font-family:'Verdana'; font-size:10.5pt; font-weight:bold }\r\n.BalloonText { margin-top:3.1pt; margin-bottom:0pt; text-align:justify; line-height:normal; font-family:Tahoma; font-size:8pt }\r\n.Bilaga { margin-top:0pt; margin-bottom:0pt; text-align:left; page-break-before:always; page-break-after:avoid; line-height:normal; widows:0; orphans:0; font-family:'Verdana'; font-size:8pt; font-variant:small-caps; text-decoration:underline }\r\n.Bilagerubrik { margin-top:0pt; margin-bottom:17.7pt; text-align:left; page-break-after:auto; line-height:normal; widows:0; orphans:0; font-family:'Verdana'; font-size:16pt }\r\n.Bild-Rubrik { margin-top:8pt; margin-bottom:0pt; text-align:justify; page-break-inside:avoid; page-break-after:avoid; line-height:10pt; font-family:'Verdana'; font-size:9.5pt; font-weight:bold }\r\n.Bild-Underrubrik { margin-top:0pt; margin-bottom:1pt; text-align:left; page-break-inside:avoid; page-break-after:avoid; line-height:8pt; font-family:'Verdana'; font-size:8pt; font-weight:normal; font-style:italic }\r\n.BodyText { margin-top:3.1pt; margin-bottom:0pt; text-align:left; line-height:12.5pt; font-family:'Verdana'; font-size:9.5pt }\r\n.BodyTextIndent2 { margin-top:3.1pt; margin-left:14.15pt; margin-bottom:6pt; text-align:justify; line-height:200%; font-family:'Verdana'; font-size:9.5pt }\r\n.Citatindrag { margin-top:0pt; margin-left:14.2pt; margin-bottom:6.1pt; text-indent:14.2pt; text-align:justify; line-height:10pt; font-family:'Verdana'; font-size:9.5pt }\r\n.CommentText { margin-top:3.1pt; margin-bottom:0pt; text-align:justify; line-height:normal; font-family:'Verdana'; font-size:10pt }\r\n.Default { margin-bottom:0pt; line-height:normal; font-family:'Verdana'; font-size:12pt; color:#000000 }\r\n.Deltagare { margin-top:0pt; margin-bottom:0pt; text-align:justify; page-break-inside:avoid; page-break-after:avoid; line-height:9.5pt; font-family:'Verdana'; font-size:9.5pt }\r\n.Diagram-Rubrik { margin-top:8pt; margin-bottom:0pt; text-align:justify; page-break-inside:avoid; page-break-after:avoid; line-height:10pt; font-family:'Verdana'; font-size:9.5pt; font-weight:bold }\r\n.Diagram-Underrubrik { margin-top:0pt; margin-bottom:1pt; text-align:left; page-break-inside:avoid; page-break-after:avoid; line-height:8pt; font-family:'Verdana'; font-size:8pt; font-weight:normal; font-style:italic }\r\n.DokumentRubrik { margin-top:6pt; margin-bottom:24pt; text-align:left; line-height:normal; border-bottom-style:solid; border-bottom-width:0.75pt; border-bottom-color:#000000; padding-bottom:4pt; font-family:'Verdana'; font-size:18pt }\r\n.Dokumentbeteckning { margin-top:0pt; margin-bottom:0pt; text-align:left; page-break-inside:avoid; page-break-after:avoid; line-height:12.5pt; font-family:'Verdana'; font-size:16pt }\r\n.Footer { margin-top:3.1pt; margin-bottom:0pt; text-align:justify; line-height:normal; font-family:'Verdana'; font-size:9.5pt }\r\n.FootnoteText { margin-top:0pt; margin-bottom:0pt; text-align:justify; line-height:8pt; font-family:'Verdana'; font-size:8pt }\r\n.Fotnotstextindrag { margin-top:0pt; margin-left:5.65pt; margin-bottom:0pt; text-align:left; line-height:8pt; font-family:'Verdana'; font-size:8pt }\r\n.Frslagspunkt { margin-top:0pt; margin-bottom:0pt; text-align:left; page-break-inside:avoid; page-break-after:avoid; line-height:12.5pt; font-family:'Verdana'; font-size:9.5pt; font-weight:bold }\r\n.Frslagstext { margin-top:0pt; margin-bottom:0pt; text-align:justify; line-height:12.5pt; font-family:'Verdana'; font-size:9.5pt }\r\n.Frteckningsrubrik { margin-top:9.6pt; margin-bottom:3.1pt; text-align:left; page-break-inside:avoid; page-break-after:avoid; line-height:normal; font-family:'Verdana'; font-size:9.5pt; font-weight:normal; font-style:italic; color:#000000 }\r\n.Grupprubrik { margin-top:6pt; margin-bottom:0pt; text-align:left; page-break-inside:avoid; page-break-after:avoid; line-height:12.5pt; font-family:'Verdana'; font-size:9.5pt; font-style:italic }\r\n.Grupprubrikindrag { margin-top:6pt; margin-left:22.1pt; margin-bottom:0pt; text-align:left; page-break-inside:avoid; page-break-after:avoid; line-height:12.5pt; font-family:'Verdana'; font-size:9.5pt; font-style:italic }\r\n.Header { margin-top:0pt; margin-bottom:0pt; text-align:justify; line-height:normal; font-family:'Verdana'; font-size:7.5pt; font-variant:small-caps }\r\n.Innehllsfrteckning { margin-top:0pt; margin-bottom:17.7pt; text-align:left; page-break-before:always; page-break-after:auto; line-height:normal; font-family:'Verdana'; font-size:16pt }\r\n.Kantrubrik { margin-top:0pt; margin-bottom:0pt; text-align:justify; line-height:normal; font-family:'Verdana'; font-size:7.5pt }\r\n.ListBullet { margin-top:6.25pt; margin-left:17.85pt; margin-bottom:6.25pt; text-indent:-17.85pt; text-align:justify; line-height:12.5pt; font-family:'Verdana'; font-size:9.5pt }\r\n.ListParagraph { margin-top:3.1pt; margin-left:28.35pt; margin-bottom:0pt; text-align:justify; line-height:12.5pt; font-family:'Verdana'; font-size:9.5pt }\r\n.Litentext { margin-top:0pt; margin-bottom:0pt; text-align:justify; line-height:normal; font-family:'Verdana'; font-size:8pt }\r\n.Mellanrubrik { margin-top:11pt; margin-bottom:3.1pt; text-align:left; page-break-after:avoid; line-height:12.5pt; font-family:'Verdana'; font-size:9.5pt; font-style:italic }\r\n.Mellanrum { margin-top:0pt; margin-bottom:0pt; text-align:left; page-break-before:auto; page-break-after:auto; line-height:1pt; widows:0; orphans:0; font-family:'Verdana'; font-size:1pt; font-variant:small-caps; text-decoration:none; color:#ffffff }\r\n.NormalWeb { margin-top:5pt; margin-bottom:5pt; text-align:left; line-height:normal; font-family:'Verdana'; font-size:12pt }\r\n.NormalIndent { margin-top:0pt; margin-bottom:0pt; text-indent:11.35pt; text-align:justify; line-height:12.5pt; font-family:'Verdana'; font-size:9.5pt }\r\n.Normalinskjuten { margin-top:0pt; margin-left:22.1pt; margin-bottom:0pt; text-align:justify; line-height:12.5pt; font-family:'Verdana'; font-size:9.5pt }\r\n.Normalinskjutenindrag { margin-top:0pt; margin-left:22.1pt; margin-bottom:0pt; text-indent:11.35pt; text-align:justify; line-height:12.5pt; font-family:'Verdana'; font-size:9.5pt }\r\n.Normalinskjutenkursiv { margin-top:6pt; margin-bottom:0pt; line-height:normal; font-family:'Verdana'; font-size:10pt; font-style:italic }\r\n.Normalkursiv { margin-top:3.1pt; margin-bottom:0pt; text-align:left; line-height:12.5pt; font-family:'Verdana'; font-size:9.5pt; font-style:italic }\r\n.Normalruta { margin:3.1pt 5.65pt 0pt; text-align:justify; page-break-inside:avoid; page-break-after:avoid; line-height:12.5pt; border-top-style:solid; border-top-width:0.75pt; border-top-color:#000000; border-right-style:solid; border-right-width:0.75pt; border-right-color:#000000; border-left-style:solid; border-left-width:0.75pt; border-left-color:#000000; border-bottom-style:solid; border-bottom-width:0.75pt; border-bottom-color:#000000; padding-top:4pt; padding-right:4pt; padding-left:4pt; padding-bottom:4pt; font-family:'Verdana'; font-size:10.5pt }\r\n.Normalrutafet { margin:3.1pt 5.65pt 0pt; text-align:justify; page-break-inside:avoid; page-break-after:avoid; line-height:12.5pt; border-top-style:solid; border-top-width:0.75pt; border-top-color:#000000; border-right-style:solid; border-right-width:0.75pt; border-right-color:#000000; border-left-style:solid; border-left-width:0.75pt; border-left-color:#000000; border-bottom-style:solid; border-bottom-width:0.75pt; border-bottom-color:#000000; padding-top:4pt; padding-right:4pt; padding-left:4pt; padding-bottom:4pt; font-family:'Verdana'; font-size:10.5pt; font-weight:bold }\r\n.Normalrutaindrag { margin:0pt 5.65pt; text-indent:11.35pt; text-align:justify; page-break-inside:avoid; page-break-after:avoid; line-height:12.5pt; border-top-style:solid; border-top-width:0.75pt; border-top-color:#000000; border-right-style:solid; border-right-width:0.75pt; border-right-color:#000000; border-left-style:solid; border-left-width:0.75pt; border-left-color:#000000; border-bottom-style:solid; border-bottom-width:0.75pt; border-bottom-color:#000000; padding-top:4pt; padding-right:4pt; padding-left:4pt; padding-bottom:4pt; font-family:'Verdana'; font-size:10.5pt }\r\n.Normalutanluftfre { margin-top:0pt; margin-bottom:0pt; text-align:justify; line-height:12.5pt; font-family:'Verdana'; font-size:9.5pt }\r\n.NormalNoll { margin-top:0pt; margin-bottom:3.1pt; text-align:left; line-height:12.5pt; font-family:'Verdana'; font-size:10.5pt; font-weight:bold }\r\n.NumlistaTOC { margin:3.1pt 28.35pt 0pt 0pt; text-indent:0pt; text-align:left; line-height:normal; font-family:'Verdana'; font-size:9.5pt }\r\n.Ordfranden { margin-top:3.1pt; margin-bottom:22pt; text-align:left; page-break-inside:avoid; page-break-after:avoid; line-height:normal; font-family:'Verdana'; font-size:9.5pt; font-style:italic }\r\n.OrtochDatum { margin-top:18pt; margin-bottom:18pt; text-align:left; page-break-inside:avoid; page-break-after:avoid; line-height:normal; font-family:'Verdana'; font-size:9.5pt }\r\n.Punktlistabomb { margin-top:6.25pt; margin-left:14.2pt; margin-bottom:6.25pt; text-indent:-14.2pt; text-align:justify; line-height:12.5pt; font-family:'Verdana'; font-size:9.5pt }\r\n.Punktlistagemener { margin-top:6.25pt; margin-left:14.2pt; margin-bottom:6.25pt; text-indent:-14.2pt; text-align:justify; line-height:12.5pt; font-family:'Verdana'; font-size:9.5pt }\r\n.Punktlistalinje { margin-top:6.25pt; margin-left:14.2pt; margin-bottom:6.25pt; text-indent:-14.2pt; text-align:justify; line-height:12.5pt; font-family:'Verdana'; font-size:9.5pt }\r\n.Punktlistasiffra { margin-top:6.25pt; margin-left:14.2pt; margin-bottom:6.25pt; text-indent:-14.2pt; text-align:justify; line-height:12.5pt; font-family:'Verdana'; font-size:9.5pt }\r\n.PVgnar { margin-top:3.1pt; margin-bottom:26pt; text-align:left; page-break-inside:avoid; page-break-after:avoid; line-height:normal; font-family:'Verdana'; font-size:9.5pt }\r\n.Quote { margin-top:6.1pt; margin-left:14.2pt; margin-bottom:0pt; text-align:justify; line-height:10pt; font-family:'Verdana'; font-size:9.5pt }\r\n.R1 { margin-top:3.1pt; margin-bottom:12pt; text-align:left; page-break-after:avoid; line-height:12.5pt; font-family:'Verdana'; font-size:16pt }\r\n.R1bilaga { margin-top:3.1pt; margin-bottom:12pt; text-align:left; page-break-after:auto; line-height:12.5pt; font-family:'Verdana'; font-size:16pt }\r\n.R2 { margin-top:20pt; margin-bottom:6pt; text-align:left; page-break-inside:avoid; page-break-after:avoid; line-height:12.5pt; font-family:'Verdana'; font-size:13.5pt }\r\n.R3 { margin-top:20pt; margin-bottom:3.1pt; text-align:left; page-break-inside:avoid; page-break-after:avoid; line-height:12.5pt; font-family:'Verdana'; font-size:10.5pt; font-weight:bold }\r\n.R4 { margin-top:15pt; margin-bottom:3.1pt; text-align:left; page-break-inside:avoid; page-break-after:avoid; line-height:12.5pt; font-family:'Verdana'; font-size:10.5pt; font-weight:normal; font-style:italic; color:#000000 }\r\n.R5 { margin-top:6.25pt; margin-bottom:0pt; text-align:justify; page-break-inside:avoid; page-break-after:avoid; line-height:12.5pt; font-family:'Verdana'; font-size:9.5pt; font-weight:bold }\r\n.R6 { margin-top:6.25pt; margin-bottom:0pt; text-align:justify; page-break-inside:avoid; page-break-after:avoid; line-height:12.5pt; font-family:'Verdana'; font-size:9.5pt; font-weight:normal; font-style:italic; color:#000000 }\r\n.Reservationshnvisning { margin-top:0pt; margin-bottom:8pt; text-align:right; line-height:12.5pt; font-family:'Verdana'; font-size:9.5pt; font-style:italic }\r\n.Reservationsrubrik { margin-top:0pt; margin-bottom:3.1pt; text-align:left; page-break-inside:avoid; page-break-after:avoid; line-height:12.5pt; font-family:'Verdana'; font-size:10.5pt; font-weight:bold }\r\n.Rubrik1Dokumentinformation { margin-top:0pt; margin-bottom:0pt; text-align:left; page-break-inside:avoid; page-break-after:avoid; line-height:12.5pt; font-family:'Verdana'; font-size:16pt }\r\n.Rubrik1bilaga { margin-top:0pt; margin-bottom:27.7pt; text-align:left; page-break-after:auto; line-height:12.5pt; font-family:'Verdana'; font-size:16pt }\r\n.Rubrik1medsidhuvud { margin-top:3.1pt; margin-bottom:12pt; text-align:left; page-break-before:always; page-break-after:avoid; line-height:12.5pt; font-family:'Verdana'; font-size:16pt }\r\n.Rubrik1numrerat { margin-top:3.1pt; margin-left:0pt; margin-bottom:12pt; text-indent:0pt; text-align:left; page-break-after:avoid; line-height:12.5pt; font-family:'Verdana'; font-size:16pt }\r\n.Rubrik1numreratmedsidhuvud { margin-top:0pt; margin-left:0pt; margin-bottom:16pt; text-indent:0pt; text-align:left; page-break-before:always; page-break-after:avoid; line-height:normal; font-family:'Verdana'; font-size:16pt }\r\n.Rubrik2bilaga { margin-top:20pt; margin-bottom:6pt; text-align:left; page-break-inside:avoid; page-break-after:avoid; line-height:12.5pt; font-family:'Verdana'; font-size:13.5pt }\r\n.Rubrik2numrerat { margin-top:20pt; margin-left:0pt; margin-bottom:6pt; text-indent:0pt; text-align:left; page-break-inside:avoid; page-break-after:avoid; line-height:12.5pt; font-family:'Verdana'; font-size:13.5pt }\r\n.Rubrik3numrerat { margin-top:20pt; margin-left:0pt; margin-bottom:3.1pt; text-indent:0pt; text-align:left; page-break-inside:avoid; page-break-after:avoid; line-height:12.5pt; font-family:'Verdana'; font-size:10.5pt; font-weight:bold }\r\n.Sammanfattning { margin-top:3.1pt; margin-bottom:12pt; text-align:left; page-break-after:auto; line-height:12.5pt; font-family:'Verdana'; font-size:16pt }\r\n.Sidhuvudhgerstlld { margin-top:0pt; margin-bottom:0pt; text-align:right; line-height:normal; font-family:'Verdana'; font-size:7.5pt; font-variant:small-caps }\r\n.Sidhuvudvnsterstlld { margin-top:0pt; margin-bottom:0pt; text-align:left; line-height:normal; font-family:'Verdana'; font-size:7.5pt; font-variant:small-caps }\r\n.Stdrubrik { margin-top:12pt; margin-bottom:0pt; line-height:12pt; font-family:'Verdana'; font-size:9.5pt; font-weight:bold }\r\n.Srskiltyttranderubrik { margin-top:0pt; margin-bottom:3.1pt; text-align:left; page-break-inside:avoid; page-break-after:avoid; line-height:12.5pt; font-family:'Verdana'; font-size:10.5pt; font-weight:bold }\r\n.TOC1 { margin-top:0pt; margin-right:28.35pt; margin-bottom:0pt; text-align:left; line-height:normal; font-family:'Verdana'; font-size:9.5pt }\r\n.TOC2 { margin:0pt 28.35pt 0pt 5.65pt; text-align:left; line-height:normal; font-family:'Verdana'; font-size:9.5pt }\r\n.TOC3 { margin:0pt 28.35pt 0pt 11.35pt; text-align:left; line-height:normal; font-family:'Verdana'; font-size:9.5pt }\r\n.TOC4 { margin:0pt 28.35pt 0pt 17pt; text-align:left; line-height:normal; font-family:'Verdana'; font-size:9.5pt }\r\n.TOC5 { margin:0pt 28.35pt 0pt 22.7pt; text-align:left; line-height:normal; font-family:'Verdana'; font-size:9.5pt }\r\n.TOC6 { margin-top:0pt; margin-left:47.65pt; margin-bottom:0pt; text-align:left; line-height:normal; font-family:'Verdana'; font-size:9.5pt }\r\n.TOC7 { margin-top:0pt; margin-right:28.35pt; margin-bottom:0pt; text-align:left; line-height:normal; font-family:'Verdana'; font-size:9.5pt }\r\n.TOC8 { margin-top:0pt; margin-right:28.35pt; margin-bottom:0pt; text-align:left; line-height:normal; font-family:'Verdana'; font-size:9.5pt }\r\n.TOC9 { margin-top:0pt; margin-left:8.5pt; margin-bottom:0pt; text-align:left; line-height:normal; font-family:'Verdana'; font-size:9.5pt }\r\n.TOCHeading { margin-top:3.1pt; margin-bottom:9pt; text-align:left; page-break-before:always; page-break-inside:avoid; page-break-after:avoid; line-height:12.5pt; font-family:'Verdana'; font-size:16pt }\r\n.Tabell-Kolumnrubrik { margin-bottom:0pt; line-height:12pt; font-family:'Verdana'; font-size:8pt; font-weight:bold }\r\n.Tabell-Klla { margin-top:2pt; margin-bottom:0pt; line-height:8pt; font-family:'Verdana'; font-size:7pt }\r\n.Tabell-Radrubrik { margin-bottom:0pt; line-height:12pt; font-family:'Verdana'; font-size:8pt }\r\n.Tabell-Rubrik { margin-top:12pt; margin-bottom:3pt; text-align:left; page-break-inside:avoid; page-break-after:avoid; line-height:10pt; font-family:'Verdana'; font-size:9pt; font-weight:bold }\r\n.Tabell-Siffror { margin-bottom:0pt; text-align:right; line-height:12pt; font-family:'Verdana'; font-size:8pt }\r\n.Tabell-Text { margin-bottom:0pt; line-height:12pt; font-family:'Verdana'; font-size:8pt }\r\n.Tabell-Underrubrik { margin-top:0pt; margin-bottom:1pt; text-align:left; page-break-inside:avoid; page-break-after:avoid; line-height:8pt; font-family:'Verdana'; font-size:8pt; font-weight:normal; font-style:italic }\r\n.TableofFigures { margin-top:3.1pt; margin-bottom:0pt; text-align:justify; line-height:normal; font-family:'Verdana'; font-size:9.5pt }\r\n.TillX-utskottet { margin-top:0pt; margin-bottom:12pt; text-align:left; page-break-after:avoid; line-height:12.5pt; font-family:'Verdana'; font-size:16pt }\r\n.Title { margin-top:3.1pt; margin-bottom:1pt; text-align:left; line-height:12pt; font-family:'Verdana'; font-size:20pt; letter-spacing:-0.5pt }\r\n.Vapen { margin-top:0pt; margin-bottom:0pt; text-align:left; page-break-inside:avoid; page-break-after:avoid; line-height:12.5pt; font-family:'Verdana'; font-size:16pt }\r\n.Yrkandelista { margin-top:3.1pt; margin-left:28.35pt; margin-bottom:0pt; text-indent:-28.35pt; text-align:justify; line-height:12.5pt; font-family:'Verdana'; font-size:9.5pt }\r\n.YrkandelistaEtt { margin-top:3.1pt; margin-left:0pt; margin-bottom:0pt; text-indent:0pt; text-align:justify; line-height:12.5pt; font-family:'Verdana'; font-size:9.5pt }\r\nspan.BallongtextChar { font-family:Tahoma; font-size:8pt }\r\nspan.BilagaChar { font-family:'Verdana'; font-size:8pt; font-variant:small-caps; text-decoration:underline }\r\nspan.BrdtextChar { font-family:'Verdana'; font-size:9.5pt }\r\nspan.BrdtextChar1 { font-family:'Verdana'; font-size:9.5pt }\r\nspan.Brdtextmedindrag2Char { font-family:'Verdana'; font-size:9.5pt }\r\nspan.CitatChar { font-family:'Verdana'; font-size:9.5pt }\r\nspan.DokumentRubrikChar { font-family:'Verdana'; font-size:18pt }\r\nspan.FotnotstextChar { font-family:'Verdana'; font-size:8pt }\r\nspan.FotnotstextindragChar { font-family:'Verdana'; font-size:8pt }\r\nspan.FrslagspunktChar { font-family:'Verdana'; font-size:9.5pt; font-weight:bold; font-style:normal }\r\nspan.Hyperlink { text-decoration:none; color:#000000 }\r\nspan.KommentarerChar { font-family:'Verdana'; font-size:10pt }\r\nspan.NormalkursivChar { font-family:'Verdana'; font-size:9.5pt; font-style:italic }\r\nspan.NormaltindragChar { font-family:'Verdana'; font-size:9.5pt }\r\nspan.OrdfrandenChar { font-family:'Verdana'; font-size:9.5pt; font-style:italic }\r\nspan.OrtochDatumChar { font-family:'Verdana'; font-size:9.5pt }\r\nspan.PlaceholderText { color:#808080 }\r\nspan.PVgnarChar { font-family:'Verdana'; font-size:9.5pt }\r\nspan.ReservationshnvisningChar { font-family:'Verdana'; font-size:9.5pt; font-style:italic }\r\nspan.Rubrik1Char { font-family:'Verdana'; font-size:16pt }\r\nspan.Rubrik1DokumentinformationChar { font-family:'Verdana'; font-size:16pt }\r\nspan.Rubrik2Char { font-family:'Verdana'; font-size:13.5pt }\r\nspan.Rubrik3Char { font-family:'Verdana'; font-size:10.5pt; font-weight:bold }\r\nspan.Rubrik4Char { font-family:'Verdana'; font-size:10.5pt; font-style:italic; color:#000000 }\r\nspan.Rubrik5Char { font-family:'Verdana'; font-size:9.5pt; font-weight:bold }\r\nspan.Rubrik6Char { font-family:'Verdana'; font-size:9.5pt; font-style:italic; color:#000000 }\r\nspan.Rubrik7Char { font-family:'Verdana'; font-size:9.5pt; font-style:italic; color:#243f60 }\r\nspan.Rubrik8Char { font-family:'Verdana'; font-size:9pt; color:#272727 }\r\nspan.Rubrik9Char { font-family:'Verdana'; font-size:9pt; font-style:italic; color:#272727 }\r\nspan.RubrikChar { font-family:'Verdana'; font-size:20pt; letter-spacing:-0.5pt }\r\nspan.SidfotChar { font-family:'Verdana'; font-size:9.5pt }\r\nspan.SidhuvudChar { font-family:'Verdana'; font-size:7.5pt; font-variant:small-caps }\r\nspan.Tabell-Upphjttecken { font-family:'Verdana'; font-variant:normal; text-decoration:none; text-transform:none; vertical-align:super; display:inline }\r\nspan.VapenChar { font-family:'Verdana'; font-size:16pt }\r\nspan.tBilagaJA { color:#000000 }\r\nspan.tSidrubrikJA { color:#000000 }\r\n.TableGrid {  }\r\n--></style>\r\n\r\n\t\t<div class=\"Section1\">\r\n\t\t\t<table cellspacing=\"0\" cellpadding=\"0\" style=\"border-collapse:collapse; margin-left:0pt\">\r\n\t\t\t\t<tr style=\"height:79.4pt\">\r\n\t\t\t\t\t<td style=\"vertical-align:top; width:297.7pt\">\r\n\t\t\t\t\t\t<p class=\"Rubrik1Dokumentinformation\" style=\"margin-top:0pt; margin-bottom:0pt; text-align:left; page-break-inside:avoid; page-break-after:avoid; line-height:16pt\">\r\n\t\t\t\t\t\t\t<span style=\"font-family:'Verdana'; font-size:16pt; -aw-sdt-tag:ccUtskott; -aw-sdt-title:'utskottsnamn Dokumentegenskap'\">Kulturutskottet</span><span style=\"font-family:'Verdana'; font-size:16pt; -aw-sdt-tag:ccS; -aw-sdt-title:s\">s</span><span style=\"font-family:'Verdana'; font-size:16pt; -aw-sdt-tag:ccMellanslag; -aw-sdt-title:Mellanslag\"> </span><a name=\"Utlatande\"></a><span style=\"font-family:'Verdana'; font-size:16pt\">betänkande</span>\r\n\t\t\t\t\t\t</p>\r\n\t\t\t\t\t\t<p class=\"Dokumentbeteckning\" style=\"margin-top:0pt; margin-bottom:0pt; text-align:left; page-break-inside:avoid; page-break-after:avoid; line-height:16pt\">\r\n\t\t\t\t\t\t\t<span style=\"font-family:'Verdana'; font-size:16pt; -aw-sdt-tag:ccRiksmote; -aw-sdt-title:'riksmote Dokumentegenskap'\">2018/19</span><span style=\"font-family:'Verdana'; font-size:16pt; -aw-sdt-tag:ccKolon; -aw-sdt-title:Kolon\">:</span><a name=\"Utskottebeteckning\"></a><span style=\"font-family:'Verdana'; font-size:16pt\">KrU4</span>\r\n\t\t\t\t\t\t</p>\r\n\t\t\t\t\t\t<p class=\"Rubrik1Dokumentinformation\" style=\"margin-top:0pt; margin-bottom:0pt; text-align:left; page-break-inside:avoid; page-break-after:avoid; line-height:16pt\">\r\n\t\t\t\t\t\t\t<span style=\"font-family:'Verdana'; font-size:16pt\"> </span>\r\n\t\t\t\t\t\t</p>\r\n\t\t\t\t\t</td>\r\n\t\t\t\t</tr>\r\n\t\t\t</table>\r\n\t\t\t<p class=\"DokumentRubrik\" style=\"-aw-sdt-tag:ccDokumentrubrik; -aw-sdt-title:'dokumentrubrik Dokumentegenskap'\">\r\n\t\t\t\t<span>Kultur i hela landet</span>\r\n\t\t\t</p>\r\n\t\t\t<p class=\"Sammanfattning\">\r\n\t\t\t\t<span class=\"tSidrubrikJA\">Sammanfattning</span>\r\n\t\t\t</p>\r\n\t\t\t<p>\r\n\t\t\t\t<span>Utskottet</span><span> </span><span>föreslår att riksdagen lägger </span><span>regeringens skrivelse Kultur i hela </span><span>landet</span><span> till handlingarna</span><span>. </span>\r\n\t\t\t</p>\r\n\t\t\t<p class=\"NormalIndent\">\r\n\t\t\t\t<span>I betänkandet finns ett särskilt yttrande (SD).</span>\r\n\t\t\t</p>\r\n\t\t\t<p class=\"R4\">\r\n\t\t\t\t<span>Behandlade förslag</span>\r\n\t\t\t</p>\r\n\t\t\t<p>\r\n\t\t\t\t<span>S</span><span>krivelse 2017/18:264 Kultur i hela landet</span><span>.</span>\r\n\t\t\t</p>\r\n\t\t\t<p>\r\n\t\t\t\t<span> </span>\r\n\t\t\t</p>\r\n\t\t\t<p class=\"Innehllsfrteckning\">\r\n\t\t\t\t<a name=\"Innehållsförteckning\"></a><span class=\"tSidrubrikJA\">Innehållsförteckning</span>\r\n\t\t\t</p>\r\n\t\t\t<p class=\"TOC1\">\r\n\t\t\t\t<a style=\"color:#000000\" href=\"#_Toc528743233\"><span class=\"Hyperlink\">Utskottets förslag till riksdagsbeslut</span></a>\r\n\t\t\t</p>\r\n\t\t\t<p class=\"TOC1\">\r\n\t\t\t\t<a style=\"color:#000000\" href=\"#_Toc528743234\"><span class=\"Hyperlink\">Redogörelse för ärendet</span></a>\r\n\t\t\t</p>\r\n\t\t\t<p class=\"TOC2\" style=\"margin-bottom:0pt\">\r\n\t\t\t\t<a style=\"color:#000000\" href=\"#_Toc528743235\"><span class=\"Hyperlink\">Ärendet och dess beredning</span></a>\r\n\t\t\t</p>\r\n\t\t\t<p class=\"TOC2\" style=\"margin-top:0pt; margin-bottom:0pt\">\r\n\t\t\t\t<a style=\"color:#000000\" href=\"#_Toc528743236\"><span class=\"Hyperlink\">Bakgrund</span></a>\r\n\t\t\t</p>\r\n\t\t\t<p class=\"TOC2\" style=\"margin-top:0pt\">\r\n\t\t\t\t<a style=\"color:#000000\" href=\"#_Toc528743237\"><span class=\"Hyperlink\">Skrivelsens huvudsakliga innehåll</span></a>\r\n\t\t\t</p>\r\n\t\t\t<p class=\"TOC1\">\r\n\t\t\t\t<a style=\"color:#000000\" href=\"#_Toc528743238\"><span class=\"Hyperlink\">Utskottets överväganden</span></a>\r\n\t\t\t</p>\r\n\t\t\t<p class=\"TOC2\">\r\n\t\t\t\t<a style=\"color:#000000\" href=\"#_Toc528743239\"><span class=\"Hyperlink\">Kultur i hela landet</span></a>\r\n\t\t\t</p>\r\n\t\t\t<p class=\"TOC1\">\r\n\t\t\t\t<a style=\"color:#000000\" href=\"#_Toc528743240\"><span class=\"Hyperlink\">Särskilt yttrande</span></a>\r\n\t\t\t</p>\r\n\t\t\t<p class=\"TOC7\" style=\"margin-left:5.65pt\">\r\n\t\t\t\t<a style=\"color:#000000\" href=\"#_Toc528743241\"><span class=\"Hyperlink\">Kultur i hela landet (SD)</span></a>\r\n\t\t\t</p>\r\n\t\t\t<p class=\"TOC8\">\r\n\t\t\t\t<span class=\"Hyperlink\" style=\"font-style:italic\">Bilaga</span><br /><a style=\"color:#000000\" href=\"#_Toc528743242\"><span class=\"Hyperlink\">Förteckning över behandlade förslag</span></a>\r\n\t\t\t</p>\r\n\t\t\t<p class=\"TOC9\">\r\n\t\t\t\t<a style=\"color:#000000\" href=\"#_Toc528743243\"><span class=\"Hyperlink\">Skrivelsen</span></a>\r\n\t\t\t</p>\r\n\t\t\t<p>\r\n\t\t\t</p>\r\n\t\t\t<p>\r\n\t\t\t\t<span> </span>\r\n\t\t\t</p>\r\n\t\t\t<p class=\"NormalIndent\">\r\n\t\t\t\t<span> </span>\r\n\t\t\t</p>\r\n\t\t\t<p class=\"Avsnittsrubrik\">\r\n\t\t\t\t<a name=\"StopCC\"></a><a name=\"_Toc528743233\"><span style=\"-aw-bookmark-end:StopCC\"></span><span class=\"tSidrubrikJA\">Utskottets förslag till riksdagsbeslut</span></a>\r\n\t\t\t</p>\r\n\t\t\t<p class=\"Mellanrum\">\r\n\t\t\t\t<span> </span>\r\n\t\t\t</p>\r\n\t\t\t<p class=\"Mellanrum\">\r\n\t\t\t\t<span> </span>\r\n\t\t\t</p>\r\n\t\t\t<table cellspacing=\"0\" cellpadding=\"0\" style=\"border-collapse:collapse; margin-left:0pt; width:294.2pt\">\r\n\t\t\t\t<tr>\r\n\t\t\t\t\t<td style=\"vertical-align:top; width:22pt\">\r\n\t\t\t\t\t\t<p style=\"margin-top:3.1pt; margin-bottom:0pt; text-align:justify; page-break-inside:avoid; page-break-after:avoid; line-height:12.5pt\">\r\n\t\t\t\t\t\t\t<span style=\"font-family:'Verdana'; font-size:10.5pt; font-weight:bold\">Kultur i hela landet</span>\r\n\t\t\t\t\t\t</p>\r\n\t\t\t\t\t</td>\r\n\t\t\t\t</tr>\r\n\t\t\t</table>\r\n\t\t\t<p class=\"Normalutanluftfre\" style=\"-aw-sdt-tag:'dokumentavsnitt/utskottets förslag till riksdagsbeslut/-146685172/1540458027714'; -aw-sdt-title:'utskottets förslag till riksdagsbeslut'\">\r\n\t\t\t\t<span>Riksdagen lägger skrivelse 2017/18:264 till handlingarna.</span>\r\n\t\t\t</p>\r\n\t\t\t<p class=\"Mellanrum\" style=\"-aw-sdt-tag:'dokumentavsnitt/utskottets förslag till riksdagsbeslut/-146685172/1540458027714'; -aw-sdt-title:'utskottets förslag till riksdagsbeslut'\">\r\n\t\t\t\t<span> </span>\r\n\t\t\t</p>\r\n\t\t\t<p class=\"OrtochDatum\" style=\"-aw-sdt-tag:'dokumentavsnitt/utskottets förslag till riksdagsbeslut/-146685172/1540458027714'; -aw-sdt-title:'utskottets förslag till riksdagsbeslut'\">\r\n\t\t\t\t<span>Stockholm den 25 oktober 2018</span>\r\n\t\t\t</p>\r\n\t\t\t<p class=\"PVgnar\" style=\"-aw-sdt-tag:'dokumentavsnitt/utskottets förslag till riksdagsbeslut/-146685172/1540458027714'; -aw-sdt-title:'utskottets förslag till riksdagsbeslut'\">\r\n\t\t\t\t<span>På kulturutskottets vägnar</span>\r\n\t\t\t</p>\r\n\t\t\t<p class=\"Ordfranden\" style=\"-aw-sdt-tag:'dokumentavsnitt/utskottets förslag till riksdagsbeslut/-146685172/1540458027714'; -aw-sdt-title:'utskottets förslag till riksdagsbeslut'\">\r\n\t\t\t\t<span>Christer Nylander</span>\r\n\t\t\t</p>\r\n\t\t\t<p class=\"Deltagare\" style=\"-aw-sdt-tag:'dokumentavsnitt/utskottets förslag till riksdagsbeslut/-146685172/1540458027714'; -aw-sdt-title:'utskottets förslag till riksdagsbeslut'\">\r\n\t\t\t\t<span>Följande ledamöter har deltagit i beslutet: Christer Nylander (L), Vasiliki Tsouplaki (V), Lawen Redar (S), Lotta Finstorp (M), Hans Hoff (S), Annicka Engblom (M), Aron Emilsson (SD), Per Lodenius (C), Ann-Britt Åsebol (M), Angelika Bengtsson (SD), Anna Wallentheim (S), Roland Utbult (KD), Åsa Karlsson (S), Jonas Andersson i Linköping (SD), Anna Sibinska (MP), Viktor Wärnick (M) och Azadeh Rojhan Gustafsson (S).</span>\r\n\t\t\t</p>\r\n\t\t\t<p class=\"Mellanrum\" style=\"-aw-sdt-tag:'dokumentavsnitt/utskottets förslag till riksdagsbeslut/-146685172/1540458027714'; -aw-sdt-title:'utskottets förslag till riksdagsbeslut'\">\r\n\t\t\t\t<span> </span>\r\n\t\t\t</p>\r\n\t\t\t<p class=\"Mellanrum\" style=\"-aw-sdt-tag:'dokumentavsnitt/utskottets förslag till riksdagsbeslut/-146685172/1540458027714'; -aw-sdt-title:'utskottets förslag till riksdagsbeslut'\">\r\n\t\t\t\t<span> </span>\r\n\t\t\t</p>\r\n\t\t\t<p class=\"Mellanrum\" style=\"-aw-sdt-tag:'dokumentavsnitt/utskottets förslag till riksdagsbeslut/-146685172/1540458027714'; -aw-sdt-title:'utskottets förslag till riksdagsbeslut'\">\r\n\t\t\t\t<span style=\"font-size:9.5pt\"> </span>\r\n\t\t\t</p>\r\n\t\t\t<p>\r\n\t\t\t\t<span> </span>\r\n\t\t\t</p>\r\n\t\t\t<p class=\"Avsnittsrubrik\">\r\n\t\t\t\t<a name=\"SlutUtskottsForslag\"></a><a name=\"_Toc528743234\"><span style=\"-aw-bookmark-end:SlutUtskottsForslag\"></span><span class=\"tSidrubrikJA\">Redogörelse för ärendet</span></a>\r\n\t\t\t</p>\r\n\t\t\t<h2>\r\n\t\t\t\t<a name=\"_Toc528743235\"><span>Ärendet och dess beredning</span></a>\r\n\t\t\t</h2>\r\n\t\t\t<p>\r\n\t\t\t\t<span>Utskottet behandlar i detta betänkande regeringens skrivelse 2017/18:264 Kultur i hela landet. Inga motioner har kommit </span><span>in </span><span>med anledning av skrivelsen. </span>\r\n\t\t\t</p>\r\n\t\t\t<h2>\r\n\t\t\t\t<a name=\"_Toc528743236\"><span>Bakgrund</span></a>\r\n\t\t\t</h2>\r\n\t\t\t<p>\r\n\t\t\t\t<span>De nationella kulturpolitiska målen (prop. 2009/10:3, bet. 2009/10: KrU5,</span><span> </span><span>rskr. 2009/10:145) anger att kulturen ska vara en dynamisk, utmanande</span><span> </span><span>och obunden kraft med yttrandefriheten som grund. Alla ska ha möjlighet</span><span> </span><span>att delta i kulturlivet. Kreativitet, mångfald och konstnärlig kvalitet ska</span><span> </span><span>prägla samhällets utveckling. Dessa mål återspeglar regeringsformens</span><span> </span><span>bestämmelse i 1 kap. 2</span><span> </span><span>§ om att den enskildes personliga, ekonomiska och</span><span> </span><span>kulturella välfärd ska vara grundläggande mål för den offentliga</span><span> </span><span>verksamheten. De nationella kulturpolitiska målen är styrande för statliga</span><span> </span><span>aktörer och vägledande för offentliga aktörer utanför det statliga området.</span>\r\n\t\t\t</p>\r\n\t\t\t<p class=\"NormalIndent\">\r\n\t\t\t\t<span>Den nationella kulturpolitiken vilar sedan lång tid tillbaka på ett</span><span> </span><span>gemensamt offentligt ansvar för kulturområdet. För att uppnå de nationella</span><span> </span><span>kulturpolitiska målen krävs att statens insatser riktas till och får ett gott</span><span> </span><span>genomslag i hela landet och i samverkan med andra offentliga aktörers</span><span> </span><span>insatser. </span><span>Även</span><span> </span><span>samspelet mellan stat</span><span>en</span><span>, landsting</span><span>en</span><span> och kommuner</span><span>na är</span><span> en viktig förutsättning</span><span> för att uppnå de nationella kulturpolitiska målen</span><span>.</span>\r\n\t\t\t</p>\r\n\t\t\t<h2>\r\n\t\t\t\t<a name=\"_Toc528743237\"><span>Skrivelsens</span><span> huvudsakliga innehåll</span></a>\r\n\t\t\t</h2>\r\n\t\t\t<p>\r\n\t\t\t\t<span>I skrivelsen lämnar regeringen en översiktlig redovisning av hur regeringen arbetat för kultur i hela landet under </span><span>2014–2018. </span>\r\n\t\t\t</p>\r\n\t\t\t<p>\r\n\t\t\t\t<span> </span>\r\n\t\t\t</p>\r\n\t\t\t<p class=\"Avsnittsrubrik\">\r\n\t\t\t\t<a name=\"_Toc528743238\"><span class=\"tSidrubrikJA\">Utskottets överväganden</span></a>\r\n\t\t\t</p>\r\n\t\t\t<h2 style=\"-aw-sdt-tag:413d6b25-08af-47a3-9f80-7109eeb4b4c9/förslagsrutor/-1735915616/1540197707992; -aw-sdt-title:förslagsrutor\">\r\n\t\t\t\t<a name=\"_Toc528743239\"><span>Kultur i hela landet</span></a>\r\n\t\t\t</h2>\r\n\t\t\t<div style=\"border-bottom-color:#000000; border-bottom-style:solid; border-bottom-width:0.75pt; border-left-color:#000000; border-left-style:solid; border-left-width:0.75pt; border-right-color:#000000; border-right-style:solid; border-right-width:0.75pt; border-top-color:#000000; border-top-style:solid; border-top-width:0.75pt; clear:both; margin:3.1pt 0.9pt 0pt\">\r\n\t\t\t\t<p class=\"Normalrutafet\" style=\"margin:0pt; padding-right:4pt; padding-left:4pt\">\r\n\t\t\t\t\t<span style=\"-aw-bookmark-end:_Toc528743239\"></span><span>Utskottets förslag i korthet</span>\r\n\t\t\t\t</p>\r\n\t\t\t\t<p class=\"Normalruta\" style=\"margin:0pt; padding-right:4pt; padding-left:4pt\">\r\n\t\t\t\t\t<span>Riksdagen lägger regeringens skrivelse Kultur i hela landet till handlingarna.</span>\r\n\t\t\t\t</p>\r\n\t\t\t\t<p class=\"Normalrutaindrag\" style=\"margin:0pt; padding-right:4pt; padding-left:4pt; padding-bottom:4pt; -aw-sdt-tag:'413d6b25-08af-47a3-9f80-7109eeb4b4c9/förslagsrutor reservations text/-1497338010/1540466070959'; -aw-sdt-title:'förslagsrutor reservations text'\">\r\n\t\t\t\t\t<span>Jämför det särskilda yttrandet (SD).</span>\r\n\t\t\t\t</p>\r\n\t\t\t</div>\r\n\t\t\t<p class=\"R3\">\r\n\t\t\t\t<span>Skrivelsen</span>\r\n\t\t\t</p>\r\n\t\t\t<p class=\"R4\" style=\"margin-top:6pt\">\r\n\t\t\t\t<span>Kulturpolitiska insatser i hela landet</span>\r\n\t\t\t</p>\r\n\t\t\t<p>\r\n\t\t\t\t<span>Kultur i hela landet är en viktig prioritering och utgångspunkt för arbetet med den nationella kulturpolitiken. Befolkning och geografi påverkar förutsättningarna för att skapa, ta del av och tillgängliggöra kultur. I skrivelsen understryker regeringen därför att det är viktigt att kulturp</span><span>olitikens insatser når både städer</span><span> och landsbygd</span><span>en</span><span> i hela landet. Kulturpolitiken bidrar enligt regeringen till ett Sverige som håller ihop.</span>\r\n\t\t\t</p>\r\n\t\t\t<p class=\"NormalIndent\">\r\n\t\t\t\t<span>I proposition</span><span> </span><span>2017</span><span>/</span><span>18</span><span>:179</span><span> </span><span>En sammanhållen politik för Sveriges landsbygder – för ett Sverige som </span><span>håller ihop</span><span> </span><span>(</span><span>I</span><span> </span><span>l</span><span>andsbygdspropositionen)</span><span> framhåller regeringen att tillgången till kultur bör vara god i hela landet och att skillnader över landet i tillgång till kultur bör minska.</span>\r\n\t\t\t</p>\r\n\t\t\t<p class=\"NormalIndent\">\r\n\t\t\t\t<span>Regeringen har sedan 2017 förtydligat styrningen i kulturmyndigheternas regleringsbrev och i vissa institutioners riktlinjer om att de i samverkan med andra aktörer ska verka för att kulturen ska komma fler till del i hela landet.</span>\r\n\t\t\t</p>\r\n\t\t\t<p class=\"NormalIndent\">\r\n\t\t\t\t<span>En grundbult i den svenska kulturpolitiken som fastslogs i den kulturpolitiska propositionen från 1974 (prop. 1974:28) är att den offentliga finansieringen av kulturpolitiken delas av kommuner</span><span>na</span><span>, landsting</span><span>en</span><span> och stat</span><span>en</span><span>.</span>\r\n\t\t\t</p>\r\n\t\t\t<p class=\"NormalIndent\">\r\n\t\t\t\t<span>Myndigheten för kulturanalys publicerade 2017 rapporten Samhällets utgifter för kultur 2016 där det framgår att stat</span><span>en</span><span>, kommun</span><span>erna</span><span> och landsting</span><span>en</span><span> under 2016 satsade ca 27 miljarder kronor på kulturområdet. Kulturutgifter har definierats som utgifter</span><span> inom tre huvudområden:</span><span> kultur, medier och folkbildning. Staten står för 44 procent av kulturutgifterna, kommunerna för 41 procent och landstingens andel ligger på 15 procent. Denna fördelning har varit konstant under de senaste tio åren.</span>\r\n\t\t\t</p>\r\n\t\t\t<p class=\"NormalIndent\">\r\n\t\t\t\t<span>Den statliga kulturbudgeten inom utgiftsområde 17 uppgår till drygt 8,3 miljarder kronor 2018. Kult</span><span>urbudgeten motsvarar därmed ca 0,84 procent av utgifterna i</span><span> statens budget.</span>\r\n\t\t\t</p>\r\n\t\t\t<p class=\"NormalIndent\">\r\n\t\t\t\t<span>Statens kulturråd redovisar vartannat år det regionala utfallet av 28 statliga myndigheters och institutioners verksamheter och bidrag som kan härledas och fördelas i ett regionalt perspektiv. Myndigheten för kulturanalys har i </span><span>rapporten Kulturanalys 2017 (Rapport 2017:2) redovisat och analyserat regionala skillnader mellan länen vad gäller kommunernas och landstingens utgifter för kultur 2015. Kulturrådet följer även upp den länsvisa fördelningen av vissa större statliga kulturbidrag, dvs. vissa bidrag som beslutas av </span><span>K</span><span>ulturråd</span><span>et</span><span>, Riksantikvarieämbetet, Konstnärsnämnden och Stiftelsen Svenska Filminstitutet (Filminstitutet).</span>\r\n\t\t\t</p>\r\n\t\t\t<p class=\"NormalIndent\">\r\n\t\t\t\t<span>Statens stöd till regional och lokal kultur</span><span> genom kultursamverkansmodellen</span><span> är en viktig del i arbetet för kultur i hela landet. Modellen bidrar till utvecklingen av kulturens infrastruktur, konstnärlig utveckling, konstnärliga anställningar samt till ett brett kulturutbud för publik och besökare i hela landet. Inom modellen har landstingen ett stort ansvar för att statens stöd når hela landet. </span>\r\n\t\t\t</p>\r\n\t\t\t<p class=\"NormalIndent\">\r\n\t\t\t\t<span>Genom kultursamverkansmodellen förmedlas medel av landstingen till institutioner som l</span><span>änsteatrar och symfoniorkestrar</span><span> liksom till aktörer inom det fria kulturlivet. Tillsammans med landstingens och kommunernas medel omfattar kultursamverkansmodellen ca 4 miljarder kronor. Statens andel av den gemensamma finansieringen uppgår till ca 28 procent, medan landstingens andel uppgår till 45 procent och kommunernas till ca 26 procent (Statens kulturråds rapport Kultursamverkansmodellen, Ekonomi och personal 2015). Samtliga län förutom Stockholms län ingår i kultursamverkansmodellen. Inom modellen fördelas stöd till ca 240 kulturverksamheter runt om i landet.</span>\r\n\t\t\t</p>\r\n\t\t\t<p class=\"NormalIndent\">\r\n\t\t\t\t<span>Regeringen har i </span><span>den ova</span><span>nnämnda landsbygdspropositionen</span><span> </span><span>uttryckt att det i dagsläget inte finns någon samlad bild av tillgången till kultur i landsbygderna. Regeringen avser därför att ge relevanta myndigheter i gemensamt uppdrag att bl.a. se över möjligheterna att förbättra uppföljningen av hur de statliga medlen når landsbygden. </span>\r\n\t\t\t</p>\r\n\t\t\t<p class=\"R5\">\r\n\t\t\t\t<span>Nya stödformer</span>\r\n\t\t\t</p>\r\n\t\t\t<p>\r\n\t\t\t\t<span>Under mandatperioden har regeringen infört nya stödformer inom olika delar av det kulturpolitiska området, bl.a. bidrag till kommuner som bedriver </span><span>kulturskoleverksamhet</span><span>, bidrag till kulturverksamheter i vissa bostadsområden och bidrag </span><span>till biografer på mindre orter.</span>\r\n\t\t\t</p>\r\n\t\t\t<p class=\"NormalIndent\">\r\n\t\t\t\t<span>Satsningen Äga rum syftar till ökad delaktighet i och ökat utbud av konst och kulturverksamheter för alla åldrar i bostadsområden med lågt valdeltagande eller socioekonomiska utmaningar. Satsningen pågår under perioden 2016–2018 och uppgår till totalt 130 miljoner kronor. Äga rum utgår från de boendes behov, engagemang och delaktighet och ska bidra till att stärka kulturlivet, det civila samhällets aktörer och en större spridning av kulturell verksamhet runt om i Sverige. Satsningen omfattar två delar: Kreativa platser och Konst händer.</span>\r\n\t\t\t</p>\r\n\t\t\t<p class=\"NormalIndent\">\r\n\t\t\t\t<span>Kommunala kulturskolor finns i 283 av landets 290 kommuner</span><span>.</span><span> År 2016 infördes </span><span>ett statligt bidrag på totalt 100 miljoner kronor per år som kommuner kan ansöka </span><span>om </span><span>för att främja låga avgifter och hög kvalitet i kulturskolorna. Under 2016 och 2017 har totalt 178 kommuner beviljats stöd.</span>\r\n\t\t\t</p>\r\n\t\t\t<p class=\"NormalIndent\">\r\n\t\t\t\t<span>Riksdagen </span><span>beslutade </span><span>våren 2018</span><span> om ett övergripande nationellt mål för de statliga insatserna för den kommunala kulturskolan enligt regeringens förslag i proposition</span><span>en</span><span> En kommunal kulturskola för framtiden – en strategi för de statliga insatserna (prop. 2017/18:164, bet.</span><span> </span><span>2017/18:KrU9, rskr. 2017/18:312).</span><span> </span>\r\n\t\t\t</p>\r\n\t\t\t<p class=\"NormalIndent\">\r\n\t\t\t\t<span>Det övergripande målet för de statliga insatserna till den kommunala kulturskolan ska vara att främja kulturskolans möjligheter att erbjuda barn och unga undervisning av hög kvalitet i kulturella och konstnärliga uttryckssätt, liksom möjligheterna till såväl fördjupning som bredd i underv</span><span>isningen med utgångspunkt i var</span><span> och ens särskilda förutsättningar.</span>\r\n\t\t\t</p>\r\n\t\t\t<p class=\"NormalIndent\">\r\n\t\t\t\t<span>Från och med den 1 januari 2017 har staten </span><span>ett helhetsansvar för den nationella filmpolitiken. Den nya filmpolitiken presenterades i propositionen Mer film till fler – en sammanhållen filmpolitik (prop. 2015/16:132, bet. 2015/16:KrU11, rskr. 2015/16:289). Riksdagen antog samtidigt sju mål för den nationella filmpolitiken. Två av dessa är att utveckling och produktion av film ska ske kontinuerligt och i olika delar av landet och att allt fler ska se värdefull film som sprids och visas i olika visningsformer i hela landet.</span>\r\n\t\t\t</p>\r\n\t\t\t<p class=\"NormalIndent\">\r\n\t\t\t\t<span>Biblioteken runt om i landet är en viktig del av kulturens infrastruktur. Enligt bibliotekslagen (2013:801) ska biblioteken inom det allmänna biblioteksväsendet verka för det demokratiska samhällets utveckling genom att bidra till kunskapsförmedling och fri åsiktsbildning. Enligt bibliotekslagen ska det finnas ett folkbibliotek i varje kommun</span><span>,</span><span> och de ska vara tillgängliga för alla och anpassade </span><span>till </span><span>användarnas behov.</span>\r\n\t\t\t</p>\r\n\t\t\t<p class=\"NormalIndent\">\r\n\t\t\t\t<span>Kungliga</span><span> biblioteket </span><span>har </span><span>under 2018 fått i uppdrag att genomföra ett digitalt kompetenslyft för Sveriges bibliotek. Sats</span><span>ningen innebär att Kungliga</span><span> biblioteket och de regionala biblioteken samordnar en utbildning av landets folkbibliotekarier för en digital kunskapshöjning. </span>\r\n\t\t\t</p>\r\n\t\t\t<p class=\"NormalIndent\">\r\n\t\t\t\t<span>Kungliga</span><span> biblioteket fick 2015 i uppdrag att ta fram ett förslag till en nationell biblioteksstrategi för att främja samverkan och kvalitetsutveckling inom det allmänna biblioteksväsendet. Syftet är att det ska finnas en biblioteksverksamhet av hög kvalitet i hela landet som uppfyller de krav som ställs i bibliotekslagen. I uppdraget ingår bl.a. att belysa skolbibliot</span><span>ekens utvecklingsbehov. Kungl</span><span>iga</span><span> b</span><span>iblioteket har tilldelats totalt 22 miljoner kronor för att genomföra uppdraget och ska lämna en slutredovisning i mars 2019. En delrapport med utkast till nationell biblioteksstrategi har redovisats i maj 2018. </span>\r\n\t\t\t</p>\r\n\t\t\t<p class=\"NormalIndent\">\r\n\t\t\t\t<span>År 2016 införde</span><span>s</span><span> ett statsbidrag för personalförstärkningar i skolbibliotek. Syftet är att öka skolbibliotekens möjligheter att stödja elevernas lärande, stimulera deras läslust och främja deras språkutveckling. Statsbidraget uppgick 2016 till 15 miljoner kronor (halvårseffekt) och uppgår under 2017–2019 till 30 miljoner kronor årligen (inom utgiftsområde 16 Utbildning och universitetsforskning). </span>\r\n\t\t\t</p>\r\n\t\t\t<p class=\"NormalIndent\">\r\n\t\t\t\t<span>Det har sedan 2014 gjorts förstärkningar </span><span>av</span><span> pågående läsfrämjande insatser i hela landet. </span><span>Bland annat </span><span>har totalt 20 miljoner </span><span>kronor </span><span>tillförts kultursamverkansmodellen </span><span>under </span><span>2017–2020 så att länen kan arbeta med läsfrämjande insatser under skollov. </span><span>I </span><span>vårändringsbudgeten</span><span> för 2018 (prop. 2017/18:99) fö</span><span>reslog regeringen en satsning med</span><span> 50 miljoner kron</span><span>or på</span><span> fler </span><span>böcker och läsfrämjande insatser i förskolan. </span><span>Riksdagen beslutade i enlighet med förslaget (bet. 2017/18:FiU21, rskr. 2017/18:435). </span><span>Regeringen har även tillsatt en </span><span>l</span><span>äsdelegation med uppdrag att främja barns och ungas läsande, både inom och utanför skolan (dir. 2016:78). </span>\r\n\t\t\t</p>\r\n\t\t\t<p class=\"NormalIndent\">\r\n\t\t\t\t<span>Bokstart är en satsning på</span><span> små barns språk- och läsutveckling som innebär att bibliotekarier besöker barn och föräldrar i hemmet och även på andra platser, t.ex. asylförskolor. Satsningen görs i samverka</span><span>n mellan folkbibliotek, förskolor</span><span> och barnhälsovård och finns nu i Västernorrland, Jämtland-Härjedalen, Gotland, Skåne, Blekinge och Kronobergs län. Regeringen har gett Kulturrådet i uppdrag att utvidga Bokstart till fler län</span><span> under</span><span> 2017–2020 och att koppla satsningen till förskolan.</span>\r\n\t\t\t</p>\r\n\t\t\t<p class=\"NormalIndent\">\r\n\t\t\t\t<span>Regeringen har fr.o.m. 2018 utsett Unga Klara att vara den ledande nationalscenen i Sverige vad gäller teater för barn och unga. Det är första gången som barn och unga har en egen nationalscen. </span>\r\n\t\t\t</p>\r\n\t\t\t<p class=\"R5\">\r\n\t\t\t\t<span>Det fria kulturlivet</span>\r\n\t\t\t</p>\r\n\t\t\t<p>\r\n\t\t\t\t<span>Att konstnärer ska kunna leva på och utvec</span><span>kla sitt konstnärskap är en av de</span><span> kulturpolitiska prioriteringar</span><span>na</span><span>. Regeringen tillsatte därför i november 2016 en utredning om konstnärernas villkor. Betänkandet Konstnär </span><span style=\"font-family:TimesNewRomanPSMT\">– </span><span>oavsett villkor? (SOU 2018:23) </span><span>som lämnades våren 2018 </span><span>innehåller förslag som syftar till </span><span>att </span><span>bl.a. stärka professionella konstnärers möjligheter att försörja sig på sitt konstnärliga</span><span> </span><span>arbete i hela landet. Betänkandet har remitterats. </span>\r\n\t\t\t</p>\r\n\t\t\t<p class=\"R5\">\r\n\t\t\t\t<span>Kulturarvspolitik för ett Sverige som håller ihop</span>\r\n\t\t\t</p>\r\n\t\t\t<p>\r\n\t\t\t\t<span>I proposition</span><span> </span><span>2016/17:116 </span><span>Kulturarvspolitik presenterades en samlad politik för kulturarvsområdet.</span><span> </span><span>I och med propositionen in</span><span>fördes</span><span> en museilag (2017:563). Lagen trädde </span><span>i </span><span>kraft den 1 juli 2017 och omfattar det allmänna museiväsendet, dvs. museer som drivs av stat</span><span>en</span><span>, landsting och kommun</span><span>er</span><span> samt museer vars ledningar i huvudsak utses av det allmänna. Av lagen framgår att museerna ska bidra till samhället och dess utveckling genom att främja kunskap, kulturupplevelser och fri åsiktsbildning. </span><span>Vidare </span><span>regleras att innehållet i verksamheten ska stå fritt från politisk påverkan. I enlighet med propositionen har Riksantikvarieämbetet getts ett samlat ansvar för museifrågor och ska vara ett stöd för museisektorn.</span><span> </span>\r\n\t\t\t</p>\r\n\t\t\t<p class=\"NormalIndent\">\r\n\t\t\t\t<span>Regeringen införde fri entré </span><span>vid vissa statliga museer </span><span>fr.o.m. den 1 februari 2016. Anslaget till museerna ökade med totalt 80 miljoner kronor för att möjliggöra detta. Syftet är att så många som möjligt ska kunna besöka och uppleva museernas samlingar och verksamheter.</span>\r\n\t\t\t</p>\r\n\t\t\t<p class=\"NormalIndent\">\r\n\t\t\t\t<span>Regeringen har också tillsatt en särskild utredare som ska göra en bred översyn av arkivväsendet i hela landet (dir. 2017:106). Utredaren ska lämna sina förslag i november 2019.</span>\r\n\t\t\t</p>\r\n\t\t\t<p class=\"R5\">\r\n\t\t\t\t<span>Gestaltad livsmiljö</span><span> –</span><span> arkitektur, form och design</span>\r\n\t\t\t</p>\r\n\t\t\t<p>\r\n\t\t\t\t<span>Regeringen presenterade i februari 2018 en ny arkitektur-, form- och designpolitik för hållbara gesta</span><span>ltade livsmiljöer i proposition</span><span> </span><span>2017/18:110 </span><span>Politik för gestaltad livsmiljö</span><span>. Riksdagen beslutade enligt regeringens förslag </span><span>om </span><span>ett nytt nationellt mål för arkitektur-, form och designpolitiken</span><span> (bet. 2017/18:CKrU1, rskr.</span><span> </span><span>2017/18:316)</span><span>. Propositionen tar ett helhetsgrepp om arbetet med den gestaltade livsmiljön och utgör samtidigt en samlad nationell arkitekturpolicy. Regeringen bedömer i propositionen bl.a. att samverkan mellan berörda myndigheter på arkitektur-, form- och designområdet bör stärkas.</span>\r\n\t\t\t</p>\r\n\t\t\t<p class=\"R4\">\r\n\t\t\t\t<span>Kultur i hela landet genom andra politikområden</span>\r\n\t\t\t</p>\r\n\t\t\t<p>\r\n\t\t\t\t<span>Regeringen konstaterar </span><span>i skrivelsen </span><span>att kulturens frihet och oberoende är utgångspunkten vid samverkan med andra politikområden. Sådan samverkan bidrar till att ge kulturen en stark ställning i hela landet. Kulturverksamheter bidrar samtidigt till att uppfylla nationella mål inom andra politikområden.</span>\r\n\t\t\t</p>\r\n\t\t\t<p class=\"NormalIndent\">\r\n\t\t\t\t<span>Ett flertal initiativ har därför tagits inom närliggande politikområden.</span>\r\n\t\t\t</p>\r\n\t\t\t<p class=\"NormalIndent\">\r\n\t\t\t\t<span>Bland annat har </span><span>Tillväxtverket </span><span>i samråd med Stiftelse</span><span>n Svenska Filminstitutet utrett </span><span>förutsättningarna för att Sverige ska kunna införa någon form av produktionsincitament och finansieringsstimulanser för filminspelningar. I rapporten föreslås att en produktionsrabatt till företag införs i syfte att attrahera utländska filmbolag så att fler arbetstillfällen skapas, men också så att kompetens, infrastruktur och kapacitet för den inhemska filmproduktionen upprätthålls och utvecklas. Förslaget berör såväl frågor om besöksnäring och sysselsättning som internationell konkurrenskraft och Sverigefrämjande. Förslaget har remitterats under våren 2018 och bereds inom Regeringskansliet.</span>\r\n\t\t\t</p>\r\n\t\t\t<p class=\"NormalIndent\">\r\n\t\t\t\t<span>Regeringen har gett</span><span> Statens kulturråd i uppdrag att i dialog med Folkhälsomyndigheten och Socialstyrelsen genomföra en översyn av hur det strategiska arbetet</span><span> mellan kultur- och hälsoområdena</span><span> bedrivs i samtliga län. Uppdraget som ska omfatta kultur och hälsa i vid mening ska redovisas hösten 2018. Bakgrunden till uppdraget är bl.a. riksdagens tillkännagivanden om kultur och hälsa (bet.</span><span> </span><span>2015/16:KrU10, rskr. 2015/16:</span><span>198 och bet. 2016/17:KrU</span><span>5</span><span>, rskr.</span><span> </span><span>2016/17:157</span><span>).</span>\r\n\t\t\t</p>\r\n\t\t\t<p class=\"NormalIndent\">\r\n\t\t\t\t<span>Ett antal åtgärder </span><span>har vidtagit</span><span>s</span><span> </span><span>med anledning av </span><span>metoo</span><span>-uppropen</span><span>.</span><span> I december 2017 presenterade</span><span>s</span><span> de tio första kulturpolitiska stegen mot sexuella trakasserier inom kulturområdet. De innefattar bl.a. a</span><span>tt de nationella scenerna Kungliga</span><span> Operan och Dramaten samt den ideella föreningen Riksteatern ska synliggöra hur de förebygger och motverkar sexuella trakasserier och andra former av diskriminering.</span>\r\n\t\t\t</p>\r\n\t\t\t<p class=\"R4\">\r\n\t\t\t\t<span>Internationellt utbyte och samarbete</span>\r\n\t\t\t</p>\r\n\t\t\t<p>\r\n\t\t\t\t<span>I skrivelsen lyfter regeringen fram</span><span> det arbete som genomförs </span><span>i olika internationella sammanhang för att konstnärer, kulturaktörer och publik i hela Sverige ska kunna ta del av och gynnas av internationellt och interkulturellt utbyte. Även myndigheter, kommuner och landsting har </span><span>en viktig</span><span> roll i detta arbete.</span>\r\n\t\t\t</p>\r\n\t\t\t<p class=\"NormalIndent\">\r\n\t\t\t\t<span>Under 2018 är Sverige ordförande i Nordiska ministerrådet.</span>\r\n\t\t\t</p>\r\n\t\t\t<p class=\"NormalIndent\">\r\n\t\t\t\t<span>EU har utsett 2018</span><span> till Europaår för kulturarv</span><span>. Det är</span><span> Riksantikvarieämbetet </span><span>som </span><span>ansvarar för information och samordning av aktiviteter runt om i hela Sverige.</span><span> </span>\r\n\t\t\t</p>\r\n\t\t\t<p class=\"NormalIndent\">\r\n\t\t\t\t<span>EU:s insatser inom kulturområdet s</span><span>ka syfta till att främja samarbetet mellan medlemsstaterna och stödja och komplettera deras verksamheter. Samarbetet mellan medlemsstaterna sker bl.a. genom den öppna samordningsmetoden (</span><span>Open</span><span> </span><span>Method</span><span> </span><span>of</span><span> </span><span>Coordination</span><span>, OMC). Bidrag inom kulturområdet </span><span>inom ramen för EU </span><span>lämnas genom programmet Kreativa Europa som är EU:s program för de kulturella och kreativa sektorerna för perioden 2014–2020 samt genom EU:s struktur- och investeringsfonder.</span>\r\n\t\t\t</p>\r\n\t\t\t<p class=\"NormalIndent\">\r\n\t\t\t\t<span>Sverige är också aktiv</span><span>t inom FN bl.a. </span><span>med anledning av Agenda 2030, FN:s globala mål för en hållbar utveck</span><span>ling och</span><span> genom Unesco. </span>\r\n\t\t\t</p>\r\n\t\t\t<p class=\"NormalIndent\">\r\n\t\t\t\t<span>I skrivelsen understryks vidare </span><span>betydelsen av Sveriges utsända k</span><span>ulturråd i världen. </span>\r\n\t\t\t</p>\r\n\t\t\t<p class=\"R3\">\r\n\t\t\t\t<span>Kompletterande information</span>\r\n\t\t\t</p>\r\n\t\t\t<p>\r\n\t\t\t\t<span>Riksrevisionen har påbörjat en granskning om </span><span>huruvida </span><span>regeringens styrning av myndigheter och institutioner inom kulturområdet är tydlig, resultatinriktad och verksamhetsanpassad. </span><span>Bakgrunden till granskningen är att kulturområdet jämfört med andra politikområden utmärker sig genom att vara ett förhållandevis ungt politikområde, där flera av områdets institutioner skapades långt innan det formades någon mer sammanhållen offentlig politik med medföljande styrningsambitioner. </span><span>Kulturområdet </span><span>kännetecknas </span><span>också </span><span>av </span><span>att det finns </span><span>en mångfald av associationsformer. </span><span>Resultatet av </span><span>R</span><span>iksrevisionens </span><span>granskning</span><span> kommer att redovisas i en rapport med preliminär publicering i mars 2019.</span>\r\n\t\t\t</p>\r\n\t\t\t<p class=\"NormalIndent\">\r\n\t\t\t\t<span>Regeringen har </span><span>vidare </span><span>gett</span><span> K</span><span>ulturrådet i uppdrag att förbereda en satsning för att stärka kulturverksamheter i Sveriges glesaste landsbygder. Satsningen ska genomföras i form av tidsbegränsade pilotprojekt under perioden 2019–2020. Uppdraget ska genomföras i dialog med aktörer inom kultursamverkansmodellen och andra relevanta berörda aktörer. En delredovisning ska lämnas till Regeringskansliet (Kulturdepartementet) senast den 15 november 2018. Under genomförandet av satsningen ska myndigheten även följa upp och sammanställa de erfarenheter som vinns inom pilotprojekten och sprida dessa till berörda aktörer i hela landet. Uppdraget ska slutredovisas den 15 mars 2021.</span>\r\n\t\t\t</p>\r\n\t\t\t<p class=\"NormalIndent\">\r\n\t\t\t\t<span>Här kan vidare nämnas att </span><span>Läsdelegationen i juni 2018 </span><span>överlämnade </span><span>sitt betänkande Barns och ungas läsning</span><span> – ett ansvar för hela samhället</span><span> </span><span>(</span><span>SOU 2018:57</span><span>)</span><span>.</span><span> </span><span>Delegationen föreslår bl.a. förs</span><span>tärkt skolbiblioteksverksamhet</span><span>, ett nationellt läsfrämjandelyft för folkbibliotekarier, att läsning och litteratur ska bli en självklar del av förskolans och fritidshemmets pedagogiska verksamhet samt att ett </span><span>l</span><span>äsråd</span><span> ska inrättas som ska arbeta för att samla och samordna aktörer och insatser inom kultur, skola, civilsamhälle, folkbildning och näringsliv kring barns och ungas läsning. Betänkandet har remitterats. </span><span>Remissvaren ska ha kommit in till Kulturdepartementet senast den 31 oktober 2018.</span>\r\n\t\t\t</p>\r\n\t\t\t<p class=\"NormalIndent\">\r\n\t\t\t\t<span>Vidare har r</span><span>egeringen gett</span><span> Statskontoret i uppd</span><span>rag att göra en översyn av</span><span> den kyrkoantikvariska ersättningens användning och dess effekter. Analysen ska omfatta samtliga år som den kyrkoantikvariska ersättningen betalats ut. Uppdraget ska redovisas till Regeringskansliet (Kulturdepartementet) senast den 15 december 2018.</span>\r\n\t\t\t</p>\r\n\t\t\t<p class=\"NormalIndent\">\r\n\t\t\t\t<span>Här kan också</span><span> nämnas att m</span><span>ål</span><span>en</span><span> för statens arbete med arkitektur, form och design är att arkitektur, form och design ska bidra till ett hållbart, jämlikt och mindre segregerat samhälle med omsorgsfullt gestaltade livsmiljöer, där alla ges goda förutsättningar att påverka utvecklingen av den gemensamma miljön (prop. 2017/18:110, bet. 2017/18:CKrU1, rskr. 2017/18:316).</span>\r\n\t\t\t</p>\r\n\t\t\t<p class=\"R3\">\r\n\t\t\t\t<span>Utskottets ställningstagande</span>\r\n\t\t\t</p>\r\n\t\t\t<p>\r\n\t\t\t\t<span>Utskottet understryker att kulturen i enlighet med d</span><span>e nationella kulturpolitiska målen ska vara en dynamisk, utmanande</span><span> </span><span>och obunden kraft med yttrandefriheten som grund. </span><span>Vårt demokratiska samhälle bygger på att yttrandefriheten bevakas,</span><span> </span><span>värnas och främjas. Ett levande och oberoende kulturliv bidrar till detta.</span>\r\n\t\t\t</p>\r\n\t\t\t<p class=\"NormalIndent\">\r\n\t\t\t\t<span>Utskottet vill också betona vikten av att alla</span><span> ska ha möjlighet</span><span> </span><span>att delta i kulturlivet. Kreativitet, mångfald och konstnärlig kvalitet ska</span><span> </span><span>prägla samhällets utveckling. Dessa mål återspeglar regeringsformens</span><span> </span><span>bestämmelse i 1 kap. 2</span><span> </span><span>§ om att den enskildes personliga, ekonomiska och</span><span> </span><span>kulturella välfärd ska vara grundläggande mål för den offentliga</span><span> </span><span>verksamheten. Genom att människor får möjlighet att skapa och uttrycka sig fritt och</span><span> </span><span>konstnärligt</span><span> skapas förutsättningar för nya tankar och idéer som driver</span><span> </span><span>samhället framåt och som bidrar till ett Sverige som håller ihop. </span>\r\n\t\t\t</p>\r\n\t\t\t<p class=\"NormalIndent\">\r\n\t\t\t\t<span>Den nationella kulturpolitiken vilar sedan lång tid tillbaka på ett</span><span> </span><span>gemensamt offentligt ansvar för kulturområdet. För att uppnå de nationella</span><span> </span><span>kulturpolitiska målen krävs att statens insatser riktas till och får ett gott</span><span> </span><span>genomslag i hela landet och i samverkan med andra offentliga aktörers</span><span> </span><span>insatser. För att de nationella kulturpolitiska målen ska kunna uppfyllas är</span><span> </span><span>samspelet mellan stat</span><span>en</span><span>, landsting</span><span>en</span><span> och kommuner</span><span>na</span><span> en viktig förutsättning.</span><span> </span>\r\n\t\t\t</p>\r\n\t\t\t<p class=\"NormalIndent\">\r\n\t\t\t\t<span>Utskottet ser positivt på de åtgärder som vidtagits för att bidra till att skapa förutsättningar för kultur i hela landet. Utskottet föreslår att riksdagen </span><span>lägger</span><span> skrivelsen till </span><span>handlingarna.</span>\r\n\t\t\t</p>\r\n\t\t\t<p>\r\n\t\t\t\t<span> </span>\r\n\t\t\t</p>\r\n\t\t\t<p>\r\n\t\t\t\t<span> </span>\r\n\t\t\t</p>\r\n\t\t\t<p class=\"Avsnittsrubrik\">\r\n\t\t\t\t<a name=\"_Toc528743240\"><span class=\"tSidrubrikJA\">Särskil</span><span class=\"tSidrubrikJA\">t</span><span class=\"tSidrubrikJA\"> yttrande</span></a>\r\n\t\t\t</p>\r\n\t\t\t<p class=\"Mellanrum\">\r\n\t\t\t\t<span> </span>\r\n\t\t\t</p>\r\n\t\t\t<table cellspacing=\"0\" cellpadding=\"0\" style=\"border-collapse:collapse; margin-left:0pt; width:294.2pt\">\r\n\t\t\t\t<tr>\r\n\t\t\t\t\t<td style=\"vertical-align:top\">\r\n\t\t\t\t\t\t<p class=\"Srskiltyttranderubrik\" style=\"margin-top:0pt; margin-bottom:3.1pt; text-align:left; page-break-inside:avoid; page-break-after:avoid; line-height:12.5pt\">\r\n\t\t\t\t\t\t\t<a name=\"_Toc528743241\"><span style=\"font-family:'Verdana'; font-size:10.5pt; font-weight:bold\">Kultur i hela landet (SD)</span></a>\r\n\t\t\t\t\t\t</p>\r\n\t\t\t\t\t</td>\r\n\t\t\t\t</tr>\r\n\t\t\t</table>\r\n\t\t\t<p style=\"page-break-inside:avoid; page-break-after:avoid; -aw-sdt-tag:'e620cdac-08f6-447e-a91f-ab0f3a74e659/särskilda yttranden/2092979247/1540466089879'; -aw-sdt-title:'särskilda yttranden'\">\r\n\t\t\t\t<span>Aron Emilsson (SD), Angelika Bengtsson (SD) och Jonas Andersson i Linköping (SD) anför:</span>\r\n\t\t\t</p>\r\n\t\t\t<p class=\"Mellanrum\" style=\"-aw-sdt-tag:'e620cdac-08f6-447e-a91f-ab0f3a74e659/särskilda yttranden/2092979247/1540466089879'; -aw-sdt-title:'särskilda yttranden'\">\r\n\t\t\t\t<span> </span>\r\n\t\t\t</p>\r\n\t\t\t<p>\r\n\t\t\t\t<span>Sverigedemokraterna förordar andra kulturpolitiska mål än de nuvarande kulturpolitiska målen. Vi har även förordat en annan filmpolitik än den </span><span>som genomförd</span><span>e</span><span>s förra mandatperioden</span><span>.</span><span> </span><span>V</span><span>i kritiserade även regeringens nya kulturarvspolitik och förslagen om att politisera museiväsendet. Utifrån detta och att vi förordar nya kulturpolitiska mål kan vi inte ställa oss bakom utskottets motivering i sin helhet.</span><span> </span><span> </span>\r\n\t\t\t</p>\r\n\t\t\t<p>\r\n\t\t\t\t<span> </span>\r\n\t\t\t</p>\r\n\t\t\t<p class=\"Bilaga\">\r\n\t\t\t\t<span class=\"tBilagaJA\">Bilaga</span>\r\n\t\t\t</p>\r\n\t\t\t<p class=\"Bilagerubrik\">\r\n\t\t\t\t<a name=\"_Toc528743242\"><span class=\"tSidrubrikJA\">Förteckning över behandlade förslag</span></a>\r\n\t\t\t</p>\r\n\t\t\t<p class=\"Rubrik2bilaga\" style=\"-aw-sdt-tag:'dokumentavsnitt/förteckning över behandlade förslag/-672036514/1538712552399'; -aw-sdt-title:'förteckning över behandlade förslag'\">\r\n\t\t\t\t<a name=\"_Toc528743243\"><span>Skrivelsen</span></a><span> </span>\r\n\t\t\t</p>\r\n\t\t\t<p style=\"-aw-sdt-tag:'dokumentavsnitt/förteckning över behandlade förslag/-672036514/1538712552399'; -aw-sdt-title:'förteckning över behandlade förslag'\">\r\n\t\t\t\t<span>Regeringens skrivelse 2017/18:264 Kultur i hela landet.</span>\r\n\t\t\t</p>\r\n\t\t\t<p class=\"Mellanrum\">\r\n\t\t\t\t<span> </span>\r\n\t\t\t</p>\r\n\t\t\t<p class=\"Mellanrum\" style=\"-aw-sdt-tag:'dokumentavsnitt/förteckning över behandlade förslag/-672036514/1538712552399'; -aw-sdt-title:'förteckning över behandlade förslag'\">\r\n\t\t\t\t<span> </span>\r\n\t\t\t</p>\r\n\t\t\t<p>\r\n\t\t\t\t<span> </span>\r\n\t\t\t</p>\r\n\t\t\t<p>\r\n\t\t\t\t<span> </span>\r\n\t\t\t</p>\r\n\t\t</div>\r\n\t"},"dokutskottsforslag":{"utskottsforslag":{"punkt":"1","rubrik":"Kultur i hela landet","forslag":"<BR/>Riksdagen lägger skrivelse 2017/18:264 till handlingarna.<BR/><BR/>","beslutstyp":"acklamation","motforslag_nummer":"0","motforslag_partier":null,"votering_id":null,"votering_sammanfattning_html":null,"votering_url_xml":null,"rm":"2018/19","bet":"KrU4","vinnare":"utskottet"}},"dokaktivitet":{"aktivitet":[{"kod":"UBE","namn":"Beredning","datum":"2018-10-11 00:00:00","status":"inträffat","ordning":"0","process":null},{"kod":"JUS","namn":"Justering","datum":"2018-10-25 00:00:00","status":"inträffat","ordning":"0","process":null},{"kod":"TRY","namn":"Trycklov","datum":"2018-10-31 00:00:00","status":"inträffat","ordning":"0","process":null},{"kod":"B","namn":"Bordläggning","datum":"2018-11-06 00:00:00","status":"inträffat","ordning":"0","process":null},{"kod":"BEH","namn":"Behandling","datum":"2018-11-07 00:00:00","status":"inträffat","ordning":"0","process":null},{"kod":"BES","namn":"Beslut","datum":"2018-11-07 00:00:00","status":"inträffat","ordning":"0","process":null}]},"dokuppgift":{"uppgift":[{"kod":"notis","namn":"Beslut i korthet","text":"                           <p>Alla ska ha möjlighet att delta i kulturlivet. Riksdagen har behandlat en skrivelse från regeringen som beskriver hur regeringen arbetet för kultur i hela landet under 2014-2018.</p>\r\n<p>I skrivelsen lyfter regeringen bland annat fram:</p>\r\n<ul>\r\n<li>Kommunala kulturskolor finns i 283 av landets 290 kommuner. Regeringen har infört ett statligt bidrag på totalt 100 miljoner kronor per år som kommuner kan ansöka om för att främja låga avgifter och hög kvalitet i kulturskolorna.</li>\r\n<li>Från och med den 1 januari 2017 har staten ett helhetsansvar för den nationella filmpolitiken.</li>\r\n<li>Kungliga biblioteket har fått i uppdrag att genomföra ett digitalt kompetenslyft för Sveriges bibliotek.</li>\r\n<li>Det har också skapats ett statsbidrag för personalförstärkningar i skolbibliotek. Syftet är att öka skolbibliotekens möjligheter att stötta elevernas lärande, stimulera deras läslust och främja deras språkutveckling.</li>\r\n<li>Bokstart är en satsning på små barns språk- och läsutveckling som innebär att bibliotekarier besöker barn och föräldrar i hemmet och även på andra platser, till exempel asylförskolor. Bokstart finns hittills i sju län.</li>\r\n<li>Att konstnärer ska kunna leva på och utveckla sitt konstnärskap är en av de kulturpolitiska prioriteringarna. En utredning som regeringen beställt har nu gett förslag som bland annat syftar till att stärka professionella konstnärers möjligheter att försörja sig.</li>\r\n<li>Regeringen införde fri entré vid vissa statliga museer den 1 februari 2016.</li>\r\n</ul>\r\n<p>Riksdagen ser positivt på det regeringen gjort för att skapa förutsättningar för kultur i hela landet.&nbsp;Riksdagen lade&nbsp;skrivelsen till handlingarna, det vill säga avslutade ärendet.</p>\r\n                                            ","dok_id":"H601KrU4","systemdatum":"2018-11-07 16:11:22"},{"kod":"notisrubrik","namn":"Beslut","text":"Regeringens kulturarbete har granskats (KrU4)","dok_id":"H601KrU4","systemdatum":"2018-11-07 16:11:22"},{"kod":"utsknotis","namn":"Utskottets förslag till beslut","text":"                           <p>Alla ska ha möjlighet att delta i kulturlivet. Kulturutskottet har behandlat en skrivelse från regeringen som beskriver hur regeringen arbetet för kultur i hela landet under 2014-2018.</p>\r\n<p>I skrivelsen lyfter regeringen bland annat fram:</p>\r\n<ul>\r\n<li>Kommunala kulturskolor finns i 283 av landets 290 kommuner. Regeringen har infört ett statligt bidrag på totalt 100 miljoner kronor per år som kommuner kan ansöka om för att främja låga avgifter och hög kvalitet i kulturskolorna.</li>\r\n<li>Från och med den 1 januari 2017 har staten ett helhetsansvar för den nationella filmpolitiken.</li>\r\n<li>Kungliga biblioteket har fått i uppdrag att genomföra ett digitalt kompetenslyft för Sveriges bibliotek.</li>\r\n<li>Det har också skapats ett statsbidrag för personalförstärkningar i skolbibliotek. Syftet är att öka skolbibliotekens möjligheter att stötta elevernas lärande, stimulera deras läslust och främja deras språkutveckling.</li>\r\n<li>Bokstart är en satsning på små barns språk- och läsutveckling som innebär att bibliotekarier besöker barn och föräldrar i hemmet och även på andra platser, till exempel asylförskolor. Bokstart finns hittills i sju län.</li>\r\n<li>Att konstnärer ska kunna leva på och utveckla sitt konstnärskap är en av de kulturpolitiska prioriteringarna. En utredning som regeringen beställt har nu gett förslag som bland annat syftar till att stärka professionella konstnärers möjligheter att försörja sig.</li>\r\n<li>Regeringen införde fri entré vid vissa statliga museer den 1 februari 2016.</li>\r\n</ul>\r\n<p>Utskottet ser positivt på det regeringen gjort för att skapa förutsättningar för kultur i hela landet. Utskottet föreslår att riksdagen lägger skrivelsen till handlingarna, det vill säga avslutar ärendet.</p>\r\n                                            ","dok_id":"H601KrU4","systemdatum":"2018-11-07 16:11:22"},{"kod":"utsknotisrubrik","namn":"Utskottets förslag","text":"Regeringens kulturarbete har granskats (KrU4)","dok_id":"H601KrU4","systemdatum":"2018-11-07 16:11:22"},{"kod":"rdbeslut","namn":"Riksdagens beslut","text":"Kammaren biföll utskottets förslag.","dok_id":"H601KrU4","systemdatum":"2018-11-07 16:21:28"},{"kod":"beslutssammanfattningusk","namn":"Utskottets förslag till beslut","text":"Skrivelsen läggs till handlingarna.","dok_id":"H601KrU4","systemdatum":"2018-10-31 16:33:01"},{"kod":"debattdatumtid","namn":"Datum och tid för debatten","text":"2018-11-07 00:00:00","dok_id":"H601KrU4","systemdatum":"2018-11-07 16:11:22"},{"kod":"beslutdatumtid","namn":"Datum och tid för beslutet","text":"2018-11-07 00:00:00","dok_id":"H601KrU4","systemdatum":"2018-11-07 16:11:22"},{"kod":"statustext","namn":"statustext","text":"Ärendet är avslutat","dok_id":"H601KrU4","systemdatum":"2018-11-08 13:28:09"}]},"dokbilaga":{"bilaga":{"dok_id":"H601KrU4","titel":"Kultur i hela landet","subtitel":null,"filnamn":"2018_19_KrU4_20181031163222_Publicering.pdf","filstorlek":"473220","filtyp":"pdf","fil_url":"http://data.riksdagen.se/fil/A2419640-35F9-4593-9807-D2D6F9EDB870"}},"dokreferens":{"referens":[{"referenstyp":"behandlar","uppgift":"Skrivelse 2017/18:264 Kultur i hela landet","ref_dok_id":"H503264","ref_dok_typ":"prop","ref_dok_rm":"2017/18","ref_dok_bet":"264","ref_dok_titel":"Kultur i hela landet","ref_dok_subtitel":null,"ref_dok_subtyp":"skr","ref_dok_dokumentnamn":"Skrivelse"},{"referenstyp":"föredragningslista","uppgift":"föredragningslista 2018/19:13 Onsdag den 7 november 2018","ref_dok_id":"H60I13","ref_dok_typ":"f-lista","ref_dok_rm":"2018/19","ref_dok_bet":"13","ref_dok_titel":"Onsdag den 7 november 2018","ref_dok_subtitel":null,"ref_dok_subtyp":null,"ref_dok_dokumentnamn":"Föredragningslista"},{"referenstyp":"protokollbeslut","uppgift":"2018-11-07","ref_dok_id":"H60913","ref_dok_typ":"prot","ref_dok_rm":"2018/19","ref_dok_bet":"13","ref_dok_titel":"Protokoll 2018/19:13 Onsdagen den 7 november","ref_dok_subtitel":null,"ref_dok_subtyp":null,"ref_dok_dokumentnamn":"Protokoll"},{"referenstyp":"protokolldebatt","uppgift":"2018-11-07","ref_dok_id":"H60913","ref_dok_typ":"prot","ref_dok_rm":"2018/19","ref_dok_bet":"13","ref_dok_titel":"Protokoll 2018/19:13 Onsdagen den 7 november","ref_dok_subtitel":"Kultur i hela landet","ref_dok_subtyp":null,"ref_dok_dokumentnamn":"Protokoll"},{"referenstyp":"rskr","uppgift":null,"ref_dok_id":"H60K13","ref_dok_typ":"rskr","ref_dok_rm":"2018/19","ref_dok_bet":"13","ref_dok_titel":"Riksdagsskrivelse 2018/19:13","ref_dok_subtitel":null,"ref_dok_subtyp":"rskr","ref_dok_dokumentnamn":"Riksdagsskrivelse"},{"referenstyp":"talarlista","uppgift":"talarlista 2018/19:20181107 Onsdag den 7 november 2018 (preliminär)","ref_dok_id":"H60J20181107","ref_dok_typ":"t-lista","ref_dok_rm":"2018/19","ref_dok_bet":"20181107","ref_dok_titel":"Onsdag den 7 november 2018 (preliminär)","ref_dok_subtitel":null,"ref_dok_subtyp":null,"ref_dok_dokumentnamn":"Talarlista"}]},"debatt":null}}