{"dokumentstatus":{"dokument":{"hangar_id":"5004792","dok_id":"H601KU4","rm":"2018/19","beteckning":"KU4","typ":"bet","subtyp":"bet","doktyp":"bet","typrubrik":"Betänkande 2018/19:KU4","dokumentnamn":"Betänkande","debattnamn":"Debatt om förslag","tempbeteckning":"","organ":"KU","mottagare":"","nummer":"4","slutnummer":"0","datum":"2018-11-07 00:00:00","systemdatum":"2018-11-14 18:00:41","publicerad":"2018-10-10 14:04:48","titel":"Översyn av Riksrevisionen - grundlagsfrågor (vilande grundlagsbeslut, m.m.)","subtitel":"","status":"Webbpublicering","htmlformat":"html","relaterat_id":"","source":"RIM","sourceid":"4dd8abab-84af-4eb8-96f6-0f55d6223ce1","dokument_url_text":"http://data.riksdagen.se/dokument/H601KU4/text","dokument_url_html":"http://data.riksdagen.se/dokument/H601KU4","dokumentstatus_url_xml":"http://data.riksdagen.se/dokumentstatus/H601KU4","utskottsforslag_url_xml":"http://data.riksdagen.se/utskottsforslag/H601KU4","html":"<style><!--\r\n .w600px{width: 600px;font-family:Verdana, Geneva, sans-serif}\r\nh2.dtyp{font-size:1.5em !important;} \r\n/********************************************************************************************************/\r\n/* Styles for D:\\Logs\\DocumentConverter\\\\Output_ef9a6bbc-adf8-4408-8415-7103727d5af7\\HTML\\Dokument.html */\r\n/* Generated by Aspose.Words for .NET 15.3.0.0                                                          */\r\n/********************************************************************************************************/\r\n\r\n@page Section1 { size:467.8pt 686.05pt; margin:45.35pt 102.05pt 73.7pt 70.85pt }\r\ndiv.Section1 { page:Section1 }\r\nzbody { text-align:justify; line-height:12.5pt; font-family:'Verdana'; font-size:9.5pt }\r\nzh1, h2, h3, h4, h5, h6, p { margin:3.1pt 0pt 0pt }\r\nzli, table { margin-top:3.1pt; margin-bottom:0pt }\r\nzh1 { margin-top:3.1pt; margin-bottom:12pt; text-align:left; page-break-after:avoid; line-height:12.5pt; font-family:'Verdana'; font-size:16pt; font-weight:normal }\r\nzh2 { margin-top:20pt; margin-bottom:6pt; text-align:left; page-break-inside:avoid; page-break-after:avoid; line-height:12.5pt; font-family:'Verdana'; font-size:13.5pt; font-weight:normal }\r\nzh3 { margin-top:20pt; margin-bottom:3.1pt; text-align:left; page-break-inside:avoid; page-break-after:avoid; line-height:12.5pt; font-family:'Verdana'; font-size:10.5pt; font-weight:bold }\r\nzh4 { margin-top:15pt; margin-bottom:3.1pt; text-align:left; page-break-inside:avoid; page-break-after:avoid; line-height:12.5pt; font-family:'Verdana'; font-size:10.5pt; font-weight:normal; font-style:italic; color:#000000 }\r\nzh5 { margin-top:6.25pt; margin-bottom:0pt; text-align:justify; page-break-inside:avoid; page-break-after:avoid; line-height:12.5pt; font-family:'Verdana'; font-size:9.5pt; font-weight:bold }\r\nzh6 { margin-top:6.25pt; margin-bottom:0pt; text-align:justify; page-break-inside:avoid; page-break-after:avoid; line-height:12.5pt; font-family:'Verdana'; font-size:9.5pt; font-weight:normal; font-style:italic; color:#000000 }\r\n.Heading7 { margin-top:2pt; margin-bottom:0pt; text-align:justify; page-break-inside:avoid; page-break-after:avoid; line-height:12.5pt; font-family:'Verdana'; font-size:9.5pt; font-weight:normal; font-style:italic; color:#243f60 }\r\n.Heading8 { margin-top:2pt; margin-bottom:0pt; text-align:justify; page-break-inside:avoid; page-break-after:avoid; line-height:12.5pt; font-family:'Verdana'; font-size:9pt; font-weight:normal; color:#272727 }\r\n.Heading9 { margin-top:2pt; margin-bottom:0pt; text-align:justify; page-break-inside:avoid; page-break-after:avoid; line-height:12.5pt; font-family:'Verdana'; font-size:9pt; font-weight:normal; font-style:italic; color:#272727 }\r\n.Avsnittsrubrik { margin-top:0pt; margin-bottom:27.7pt; text-align:left; page-break-before:always; page-break-after:avoid; line-height:normal; font-family:'Verdana'; font-size:16pt }\r\n.Avvikandemeningrubrik { margin-top:0pt; margin-bottom:3.1pt; text-align:left; page-break-inside:avoid; page-break-after:avoid; line-height:12.5pt; font-family:'Verdana'; font-size:10.5pt; font-weight:bold }\r\n.BalloonText { margin-top:3.1pt; margin-bottom:0pt; text-align:justify; line-height:normal; font-family:Tahoma; font-size:8pt }\r\n.Bilaga { margin-top:0pt; margin-bottom:0pt; text-align:left; page-break-before:always; page-break-after:avoid; line-height:normal; widows:0; orphans:0; font-family:'Verdana'; font-size:8pt; font-variant:small-caps; text-decoration:underline }\r\n.Bilagerubrik { margin-top:0pt; margin-bottom:17.7pt; text-align:left; page-break-after:auto; line-height:normal; widows:0; orphans:0; font-family:'Verdana'; font-size:16pt }\r\n.Bild-Rubrik { margin-top:8pt; margin-bottom:0pt; text-align:justify; page-break-inside:avoid; page-break-after:avoid; line-height:10pt; font-family:'Verdana'; font-size:9.5pt; font-weight:bold }\r\n.Bild-Underrubrik { margin-top:0pt; margin-bottom:1pt; text-align:left; page-break-inside:avoid; page-break-after:avoid; line-height:8pt; font-family:'Verdana'; font-size:8pt; font-weight:normal; font-style:italic }\r\n.BodyText { margin-top:3.1pt; margin-bottom:0pt; text-align:left; line-height:12.5pt; font-family:'Verdana'; font-size:9.5pt }\r\n.BodyTextIndent2 { margin-top:3.1pt; margin-left:14.15pt; margin-bottom:6pt; text-align:justify; line-height:200%; font-family:'Verdana'; font-size:9.5pt }\r\n.Citatindrag { margin-top:0pt; margin-left:14.2pt; margin-bottom:6.1pt; text-indent:14.2pt; text-align:justify; line-height:10pt; font-family:'Verdana'; font-size:9.5pt }\r\n.CommentText { margin-top:3.1pt; margin-bottom:0pt; text-align:justify; line-height:normal; font-family:'Verdana'; font-size:10pt }\r\n.Deltagare { margin-top:0pt; margin-bottom:0pt; text-align:justify; page-break-inside:avoid; page-break-after:avoid; line-height:9.5pt; font-family:'Verdana'; font-size:9.5pt }\r\n.Diagram-Rubrik { margin-top:8pt; margin-bottom:0pt; text-align:justify; page-break-inside:avoid; page-break-after:avoid; line-height:10pt; font-family:'Verdana'; font-size:9.5pt; font-weight:bold }\r\n.Diagram-Underrubrik { margin-top:0pt; margin-bottom:1pt; text-align:left; page-break-inside:avoid; page-break-after:avoid; line-height:8pt; font-family:'Verdana'; font-size:8pt; font-weight:normal; font-style:italic }\r\n.DokumentRubrik { margin-top:6pt; margin-bottom:24pt; text-align:left; line-height:normal; border-bottom-style:solid; border-bottom-width:0.75pt; border-bottom-color:#000000; padding-bottom:4pt; font-family:'Verdana'; font-size:18pt }\r\n.Dokumentbeteckning { margin-top:0pt; margin-bottom:0pt; text-align:left; page-break-inside:avoid; page-break-after:avoid; line-height:12.5pt; font-family:'Verdana'; font-size:16pt }\r\n.Footer { margin-top:3.1pt; margin-bottom:0pt; text-align:justify; line-height:normal; font-family:'Verdana'; font-size:9.5pt }\r\n.FootnoteText { margin-top:0pt; margin-bottom:0pt; text-align:justify; line-height:8pt; font-family:'Verdana'; font-size:8pt }\r\n.Fotnotstextindrag { margin-top:0pt; margin-left:5.65pt; margin-bottom:0pt; text-align:left; line-height:8pt; font-family:'Verdana'; font-size:8pt }\r\n.Frslagspunkt { margin-top:0pt; margin-bottom:0pt; text-align:left; page-break-inside:avoid; page-break-after:avoid; line-height:12.5pt; font-family:'Verdana'; font-size:9.5pt; font-weight:bold }\r\n.Frslagstext { margin-top:0pt; margin-bottom:0pt; text-align:justify; line-height:12.5pt; font-family:'Verdana'; font-size:9.5pt }\r\n.Frteckningsrubrik { margin-top:9.6pt; margin-bottom:3.1pt; text-align:left; page-break-inside:avoid; page-break-after:avoid; line-height:normal; font-family:'Verdana'; font-size:9.5pt; font-weight:normal; font-style:italic; color:#000000 }\r\n.Grupprubrik { margin-top:6pt; margin-bottom:0pt; text-align:left; page-break-inside:avoid; page-break-after:avoid; line-height:12.5pt; font-family:'Verdana'; font-size:9.5pt; font-style:italic }\r\n.Grupprubrikindrag { margin-top:6pt; margin-left:22.1pt; margin-bottom:0pt; text-align:left; page-break-inside:avoid; page-break-after:avoid; line-height:12.5pt; font-family:'Verdana'; font-size:9.5pt; font-style:italic }\r\n.Header { margin-top:0pt; margin-bottom:0pt; text-align:justify; line-height:normal; font-family:'Verdana'; font-size:7.5pt; font-variant:small-caps }\r\n.Innehllsfrteckning { margin-top:0pt; margin-bottom:17.7pt; text-align:left; page-break-before:always; page-break-after:auto; line-height:normal; font-family:'Verdana'; font-size:16pt }\r\n.Kantrubrik { margin-top:0pt; margin-bottom:0pt; text-align:justify; line-height:normal; font-family:'Verdana'; font-size:7.5pt }\r\n.ListBullet { margin-top:6.25pt; margin-left:17.85pt; margin-bottom:6.25pt; text-indent:-17.85pt; text-align:justify; line-height:12.5pt; font-family:'Verdana'; font-size:9.5pt }\r\n.ListParagraph { margin-top:3.1pt; margin-left:28.35pt; margin-bottom:0pt; text-align:justify; line-height:12.5pt; font-family:'Verdana'; font-size:9.5pt }\r\n.Litentext { margin-top:0pt; margin-bottom:0pt; text-align:justify; line-height:normal; font-family:'Verdana'; font-size:8pt }\r\n.Mellanrubrik { margin-top:11pt; margin-bottom:3.1pt; text-align:left; page-break-after:avoid; line-height:12.5pt; font-family:'Verdana'; font-size:9.5pt; font-style:italic }\r\n.Mellanrum { margin-top:0pt; margin-bottom:0pt; text-align:left; page-break-before:auto; page-break-after:auto; line-height:1pt; widows:0; orphans:0; font-family:'Verdana'; font-size:1pt; font-variant:small-caps; text-decoration:none; color:#ffffff }\r\n.NormalIndent { margin-top:0pt; margin-bottom:0pt; text-indent:11.35pt; text-align:justify; line-height:12.5pt; font-family:'Verdana'; font-size:9.5pt }\r\n.Normalinskjuten { margin-top:0pt; margin-left:22.1pt; margin-bottom:0pt; text-align:justify; line-height:12.5pt; font-family:'Verdana'; font-size:9.5pt }\r\n.Normalinskjutenindrag { margin-top:0pt; margin-left:22.1pt; margin-bottom:0pt; text-indent:11.35pt; text-align:justify; line-height:12.5pt; font-family:'Verdana'; font-size:9.5pt }\r\n.Normalinskjutenkursiv { margin-top:6pt; margin-bottom:0pt; line-height:normal; font-family:'Verdana'; font-size:10pt; font-style:italic }\r\n.Normalkursiv { margin-top:3.1pt; margin-bottom:0pt; text-align:left; line-height:12.5pt; font-family:'Verdana'; font-size:9.5pt; font-style:italic }\r\n.Normalruta { margin:3.1pt 5.65pt 0pt; text-align:justify; page-break-inside:avoid; page-break-after:avoid; line-height:12.5pt; border-top-style:solid; border-top-width:0.75pt; border-top-color:#000000; border-right-style:solid; border-right-width:0.75pt; border-right-color:#000000; border-left-style:solid; border-left-width:0.75pt; border-left-color:#000000; border-bottom-style:solid; border-bottom-width:0.75pt; border-bottom-color:#000000; padding-top:4pt; padding-right:4pt; padding-left:4pt; padding-bottom:4pt; font-family:'Verdana'; font-size:10.5pt }\r\n.Normalrutafet { margin:3.1pt 5.65pt 0pt; text-align:justify; page-break-inside:avoid; page-break-after:avoid; line-height:12.5pt; border-top-style:solid; border-top-width:0.75pt; border-top-color:#000000; border-right-style:solid; border-right-width:0.75pt; border-right-color:#000000; border-left-style:solid; border-left-width:0.75pt; border-left-color:#000000; border-bottom-style:solid; border-bottom-width:0.75pt; border-bottom-color:#000000; padding-top:4pt; padding-right:4pt; padding-left:4pt; padding-bottom:4pt; font-family:'Verdana'; font-size:10.5pt; font-weight:bold }\r\n.Normalrutaindrag { margin:0pt 5.65pt; text-indent:11.35pt; text-align:justify; page-break-inside:avoid; page-break-after:avoid; line-height:12.5pt; border-top-style:solid; border-top-width:0.75pt; border-top-color:#000000; border-right-style:solid; border-right-width:0.75pt; border-right-color:#000000; border-left-style:solid; border-left-width:0.75pt; border-left-color:#000000; border-bottom-style:solid; border-bottom-width:0.75pt; border-bottom-color:#000000; padding-top:4pt; padding-right:4pt; padding-left:4pt; padding-bottom:4pt; font-family:'Verdana'; font-size:10.5pt }\r\n.Normalutanluftfre { margin-top:0pt; margin-bottom:0pt; text-align:justify; line-height:12.5pt; font-family:'Verdana'; font-size:9.5pt }\r\n.NormalNoll { margin-top:0pt; margin-bottom:3.1pt; text-align:left; line-height:12.5pt; font-family:'Verdana'; font-size:10.5pt; font-weight:bold }\r\n.NumlistaTOC { margin:3.1pt 28.35pt 0pt 0pt; text-indent:0pt; text-align:left; line-height:normal; font-family:'Verdana'; font-size:9.5pt }\r\n.Ordfranden { margin-top:3.1pt; margin-bottom:22pt; text-align:left; page-break-inside:avoid; page-break-after:avoid; line-height:normal; font-family:'Verdana'; font-size:9.5pt; font-style:italic }\r\n.OrtochDatum { margin-top:18pt; margin-bottom:18pt; text-align:left; page-break-inside:avoid; page-break-after:avoid; line-height:normal; font-family:'Verdana'; font-size:9.5pt }\r\n.Punktlistabomb { margin-top:6.25pt; margin-left:14.2pt; margin-bottom:6.25pt; text-indent:-14.2pt; text-align:justify; line-height:12.5pt; font-family:'Verdana'; font-size:9.5pt }\r\n.Punktlistagemener { margin-top:6.25pt; margin-left:14.2pt; margin-bottom:6.25pt; text-indent:-14.2pt; text-align:justify; line-height:12.5pt; font-family:'Verdana'; font-size:9.5pt }\r\n.Punktlistalinje { margin-top:6.25pt; margin-left:14.2pt; margin-bottom:6.25pt; text-indent:-14.2pt; text-align:justify; line-height:12.5pt; font-family:'Verdana'; font-size:9.5pt }\r\n.Punktlistasiffra { margin-top:6.25pt; margin-left:14.2pt; margin-bottom:6.25pt; text-indent:-14.2pt; text-align:justify; line-height:12.5pt; font-family:'Verdana'; font-size:9.5pt }\r\n.PVgnar { margin-top:3.1pt; margin-bottom:26pt; text-align:left; page-break-inside:avoid; page-break-after:avoid; line-height:normal; font-family:'Verdana'; font-size:9.5pt }\r\n.Quote { margin-top:6.1pt; margin-left:14.2pt; margin-bottom:0pt; text-align:justify; line-height:10pt; font-family:'Verdana'; font-size:9.5pt }\r\n.R1 { margin-top:3.1pt; margin-bottom:12pt; text-align:left; page-break-after:avoid; line-height:12.5pt; font-family:'Verdana'; font-size:16pt }\r\n.R1bilaga { margin-top:3.1pt; margin-bottom:12pt; text-align:left; page-break-after:auto; line-height:12.5pt; font-family:'Verdana'; font-size:16pt }\r\n.R2 { margin-top:20pt; margin-bottom:6pt; text-align:left; page-break-inside:avoid; page-break-after:avoid; line-height:12.5pt; font-family:'Verdana'; font-size:13.5pt }\r\n.R3 { margin-top:20pt; margin-bottom:3.1pt; text-align:left; page-break-inside:avoid; page-break-after:avoid; line-height:12.5pt; font-family:'Verdana'; font-size:10.5pt; font-weight:bold }\r\n.R4 { margin-top:15pt; margin-bottom:3.1pt; text-align:left; page-break-inside:avoid; page-break-after:avoid; line-height:12.5pt; font-family:'Verdana'; font-size:10.5pt; font-weight:normal; font-style:italic; color:#000000 }\r\n.R5 { margin-top:6.25pt; margin-bottom:0pt; text-align:justify; page-break-inside:avoid; page-break-after:avoid; line-height:12.5pt; font-family:'Verdana'; font-size:9.5pt; font-weight:bold }\r\n.R6 { margin-top:6.25pt; margin-bottom:0pt; text-align:justify; page-break-inside:avoid; page-break-after:avoid; line-height:12.5pt; font-family:'Verdana'; font-size:9.5pt; font-weight:normal; font-style:italic; color:#000000 }\r\n.Reservationshnvisning { margin-top:0pt; margin-bottom:8pt; text-align:right; line-height:12.5pt; font-family:'Verdana'; font-size:9.5pt; font-style:italic }\r\n.Reservationsrubrik { margin-top:0pt; margin-bottom:3.1pt; text-align:left; page-break-inside:avoid; page-break-after:avoid; line-height:12.5pt; font-family:'Verdana'; font-size:10.5pt; font-weight:bold }\r\n.Rubrik1Dokumentinformation { margin-top:0pt; margin-bottom:0pt; text-align:left; page-break-inside:avoid; page-break-after:avoid; line-height:12.5pt; font-family:'Verdana'; font-size:16pt }\r\n.Rubrik1bilaga { margin-top:0pt; margin-bottom:27.7pt; text-align:left; page-break-after:auto; line-height:12.5pt; font-family:'Verdana'; font-size:16pt }\r\n.Rubrik1medsidhuvud { margin-top:3.1pt; margin-bottom:12pt; text-align:left; page-break-before:always; page-break-after:avoid; line-height:12.5pt; font-family:'Verdana'; font-size:16pt }\r\n.Rubrik1numrerat { margin-top:3.1pt; margin-left:0pt; margin-bottom:12pt; text-indent:0pt; text-align:left; page-break-after:avoid; line-height:12.5pt; font-family:'Verdana'; font-size:16pt }\r\n.Rubrik1numreratmedsidhuvud { margin-top:0pt; margin-left:0pt; margin-bottom:16pt; text-indent:0pt; text-align:left; page-break-before:always; page-break-after:avoid; line-height:normal; font-family:'Verdana'; font-size:16pt }\r\n.Rubrik2bilaga { margin-top:20pt; margin-bottom:6pt; text-align:left; page-break-inside:avoid; page-break-after:avoid; line-height:12.5pt; font-family:'Verdana'; font-size:13.5pt }\r\n.Rubrik2numrerat { margin-top:20pt; margin-left:0pt; margin-bottom:6pt; text-indent:0pt; text-align:left; page-break-inside:avoid; page-break-after:avoid; line-height:12.5pt; font-family:'Verdana'; font-size:13.5pt }\r\n.Rubrik3numrerat { margin-top:20pt; margin-left:0pt; margin-bottom:3.1pt; text-indent:0pt; text-align:left; page-break-inside:avoid; page-break-after:avoid; line-height:12.5pt; font-family:'Verdana'; font-size:10.5pt; font-weight:bold }\r\n.Sammanfattning { margin-top:3.1pt; margin-bottom:12pt; text-align:left; page-break-after:auto; line-height:12.5pt; font-family:'Verdana'; font-size:16pt }\r\n.Sidhuvudhgerstlld { margin-top:0pt; margin-bottom:0pt; text-align:right; line-height:normal; font-family:'Verdana'; font-size:7.5pt; font-variant:small-caps }\r\n.Sidhuvudvnsterstlld { margin-top:0pt; margin-bottom:0pt; text-align:left; line-height:normal; font-family:'Verdana'; font-size:7.5pt; font-variant:small-caps }\r\n.Stdrubrik { margin-top:12pt; margin-bottom:0pt; line-height:12pt; font-family:'Verdana'; font-size:9.5pt; font-weight:bold }\r\n.Srskiltyttranderubrik { margin-top:0pt; margin-bottom:3.1pt; text-align:left; page-break-inside:avoid; page-break-after:avoid; line-height:12.5pt; font-family:'Verdana'; font-size:10.5pt; font-weight:bold }\r\n.TOC1 { margin-top:0pt; margin-right:28.35pt; margin-bottom:0pt; text-align:left; line-height:normal; font-family:'Verdana'; font-size:9.5pt }\r\n.TOC2 { margin:0pt 28.35pt 0pt 5.65pt; text-align:left; line-height:normal; font-family:'Verdana'; font-size:9.5pt }\r\n.TOC3 { margin:0pt 28.35pt 0pt 11.35pt; text-align:left; line-height:normal; font-family:'Verdana'; font-size:9.5pt }\r\n.TOC4 { margin:0pt 28.35pt 0pt 17pt; text-align:left; line-height:normal; font-family:'Verdana'; font-size:9.5pt }\r\n.TOC5 { margin:0pt 28.35pt 0pt 22.7pt; text-align:left; line-height:normal; font-family:'Verdana'; font-size:9.5pt }\r\n.TOC6 { margin-top:0pt; margin-left:47.65pt; margin-bottom:0pt; text-align:left; line-height:normal; font-family:'Verdana'; font-size:9.5pt }\r\n.TOC7 { margin-top:0pt; margin-right:28.35pt; margin-bottom:0pt; text-align:left; line-height:normal; font-family:'Verdana'; font-size:9.5pt }\r\n.TOC8 { margin-top:0pt; margin-right:28.35pt; margin-bottom:0pt; text-align:left; line-height:normal; font-family:'Verdana'; font-size:9.5pt }\r\n.TOC9 { margin-top:0pt; margin-left:8.5pt; margin-bottom:0pt; text-align:left; line-height:normal; font-family:'Verdana'; font-size:9.5pt }\r\n.TOCHeading { margin-top:3.1pt; margin-bottom:9pt; text-align:left; page-break-before:always; page-break-inside:avoid; page-break-after:avoid; line-height:12.5pt; font-family:'Verdana'; font-size:16pt }\r\n.Tabell-Kolumnrubrik { margin-bottom:0pt; line-height:12pt; font-family:'Verdana'; font-size:8pt; font-weight:bold }\r\n.Tabell-Klla { margin-top:2pt; margin-bottom:0pt; line-height:8pt; font-family:'Verdana'; font-size:7pt }\r\n.Tabell-Radrubrik { margin-bottom:0pt; line-height:12pt; font-family:'Verdana'; font-size:8pt }\r\n.Tabell-Rubrik { margin-top:12pt; margin-bottom:3pt; text-align:left; page-break-inside:avoid; page-break-after:avoid; line-height:10pt; font-family:'Verdana'; font-size:9pt; font-weight:bold }\r\n.Tabell-Siffror { margin-bottom:0pt; text-align:right; line-height:12pt; font-family:'Verdana'; font-size:8pt }\r\n.Tabell-Text { margin-bottom:0pt; line-height:12pt; font-family:'Verdana'; font-size:8pt }\r\n.Tabell-Underrubrik { margin-top:0pt; margin-bottom:1pt; text-align:left; page-break-inside:avoid; page-break-after:avoid; line-height:8pt; font-family:'Verdana'; font-size:8pt; font-weight:normal; font-style:italic }\r\n.TableofFigures { margin-top:3.1pt; margin-bottom:0pt; text-align:justify; line-height:normal; font-family:'Verdana'; font-size:9.5pt }\r\n.TillX-utskottet { margin-top:0pt; margin-bottom:12pt; text-align:left; page-break-after:avoid; line-height:12.5pt; font-family:'Verdana'; font-size:16pt }\r\n.Title { margin-top:3.1pt; margin-bottom:1pt; text-align:left; line-height:12pt; font-family:'Verdana'; font-size:20pt; letter-spacing:-0.5pt }\r\n.Vapen { margin-top:0pt; margin-bottom:0pt; text-align:left; page-break-inside:avoid; page-break-after:avoid; line-height:12.5pt; font-family:'Verdana'; font-size:16pt }\r\n.Yrkandelista { margin-top:3.1pt; margin-left:28.35pt; margin-bottom:0pt; text-indent:-28.35pt; text-align:justify; line-height:12.5pt; font-family:'Verdana'; font-size:9.5pt }\r\n.YrkandelistaEtt { margin-top:3.1pt; margin-left:0pt; margin-bottom:0pt; text-indent:0pt; text-align:justify; line-height:12.5pt; font-family:'Verdana'; font-size:9.5pt }\r\nspan.BallongtextChar { font-family:Tahoma; font-size:8pt }\r\nspan.BilagaChar { font-family:'Verdana'; font-size:8pt; font-variant:small-caps; text-decoration:underline }\r\nspan.BrdtextChar { font-family:'Verdana'; font-size:9.5pt }\r\nspan.BrdtextChar1 { font-family:'Verdana'; font-size:9.5pt }\r\nspan.Brdtextmedindrag2Char { font-family:'Verdana'; font-size:9.5pt }\r\nspan.CitatChar { font-family:'Verdana'; font-size:9.5pt }\r\nspan.DokumentRubrikChar { font-family:'Verdana'; font-size:18pt }\r\nspan.FootnoteReference { vertical-align:super }\r\nspan.FotnotstextChar { font-family:'Verdana'; font-size:8pt }\r\nspan.FotnotstextindragChar { font-family:'Verdana'; font-size:8pt }\r\nspan.FrslagspunktChar { font-family:'Verdana'; font-size:9.5pt; font-weight:bold; font-style:normal }\r\nspan.Hyperlink { text-decoration:none; color:#000000 }\r\nspan.KommentarerChar { font-family:'Verdana'; font-size:10pt }\r\nspan.NormalkursivChar { font-family:'Verdana'; font-size:9.5pt; font-style:italic }\r\nspan.NormaltindragChar { font-family:'Verdana'; font-size:9.5pt }\r\nspan.OrdfrandenChar { font-family:'Verdana'; font-size:9.5pt; font-style:italic }\r\nspan.OrtochDatumChar { font-family:'Verdana'; font-size:9.5pt }\r\nspan.PlaceholderText { color:#808080 }\r\nspan.PVgnarChar { font-family:'Verdana'; font-size:9.5pt }\r\nspan.ReservationshnvisningChar { font-family:'Verdana'; font-size:9.5pt; font-style:italic }\r\nspan.Rubrik1Char { font-family:'Verdana'; font-size:16pt }\r\nspan.Rubrik1DokumentinformationChar { font-family:'Verdana'; font-size:16pt }\r\nspan.Rubrik2Char { font-family:'Verdana'; font-size:13.5pt }\r\nspan.Rubrik3Char { font-family:'Verdana'; font-size:10.5pt; font-weight:bold }\r\nspan.Rubrik4Char { font-family:'Verdana'; font-size:10.5pt; font-style:italic; color:#000000 }\r\nspan.Rubrik5Char { font-family:'Verdana'; font-size:9.5pt; font-weight:bold }\r\nspan.Rubrik6Char { font-family:'Verdana'; font-size:9.5pt; font-style:italic; color:#000000 }\r\nspan.Rubrik7Char { font-family:'Verdana'; font-size:9.5pt; font-style:italic; color:#243f60 }\r\nspan.Rubrik8Char { font-family:'Verdana'; font-size:9pt; color:#272727 }\r\nspan.Rubrik9Char { font-family:'Verdana'; font-size:9pt; font-style:italic; color:#272727 }\r\nspan.RubrikChar { font-family:'Verdana'; font-size:20pt; letter-spacing:-0.5pt }\r\nspan.SidfotChar { font-family:'Verdana'; font-size:9.5pt }\r\nspan.SidhuvudChar { font-family:'Verdana'; font-size:7.5pt; font-variant:small-caps }\r\nspan.Tabell-Upphjttecken { font-family:'Verdana'; font-variant:normal; text-decoration:none; text-transform:none; vertical-align:super; display:inline }\r\nspan.VapenChar { font-family:'Verdana'; font-size:16pt }\r\nspan.tBilagaJA { color:#000000 }\r\nspan.tSidrubrikJA { color:#000000 }\r\n.TableGrid {  }\r\n--></style>\r\n\r\n\t\t<div class=\"Section1\">\r\n\t\t\t<table cellspacing=\"0\" cellpadding=\"0\" style=\"border-collapse:collapse; margin-left:0pt\">\r\n\t\t\t\t<tr style=\"height:79.4pt\">\r\n\t\t\t\t\t<td style=\"vertical-align:top; width:297.7pt\">\r\n\t\t\t\t\t\t<p class=\"Rubrik1Dokumentinformation\" style=\"margin-top:0pt; margin-bottom:0pt; text-align:left; page-break-inside:avoid; page-break-after:avoid; line-height:16pt\">\r\n\t\t\t\t\t\t\t<span style=\"font-family:'Verdana'; font-size:16pt; -aw-sdt-tag:ccUtskott; -aw-sdt-title:'utskottsnamn Dokumentegenskap'\">Konstitutionsutskottet</span><span style=\"font-family:'Verdana'; font-size:16pt; -aw-sdt-tag:ccS; -aw-sdt-title:s\">s</span><span style=\"font-family:'Verdana'; font-size:16pt; -aw-sdt-tag:ccMellanslag; -aw-sdt-title:Mellanslag\"> </span><a name=\"Utlatande\"></a><span style=\"font-family:'Verdana'; font-size:16pt\">betänkande</span>\r\n\t\t\t\t\t\t</p>\r\n\t\t\t\t\t\t<p class=\"Dokumentbeteckning\" style=\"margin-top:0pt; margin-bottom:0pt; text-align:left; page-break-inside:avoid; page-break-after:avoid; line-height:16pt\">\r\n\t\t\t\t\t\t\t<span style=\"font-family:'Verdana'; font-size:16pt; -aw-sdt-tag:ccRiksmote; -aw-sdt-title:'riksmote Dokumentegenskap'\">2018/19</span><span style=\"font-family:'Verdana'; font-size:16pt; -aw-sdt-tag:ccKolon; -aw-sdt-title:Kolon\">:</span><a name=\"Utskottebeteckning\"></a><span style=\"font-family:'Verdana'; font-size:16pt\">KU4</span>\r\n\t\t\t\t\t\t</p>\r\n\t\t\t\t\t\t<p class=\"Rubrik1Dokumentinformation\" style=\"margin-top:0pt; margin-bottom:0pt; text-align:left; page-break-inside:avoid; page-break-after:avoid; line-height:16pt\">\r\n\t\t\t\t\t\t\t<span style=\"font-family:'Verdana'; font-size:16pt\"> </span>\r\n\t\t\t\t\t\t</p>\r\n\t\t\t\t\t</td>\r\n\t\t\t\t</tr>\r\n\t\t\t</table>\r\n\t\t\t<p class=\"DokumentRubrik\" style=\"-aw-sdt-tag:ccDokumentrubrik; -aw-sdt-title:'dokumentrubrik Dokumentegenskap'\">\r\n\t\t\t\t<span>Översyn av Riksrevisionen – grundlagsfrågor (vilande grundlagsbeslut, m.m.)</span>\r\n\t\t\t</p>\r\n\t\t\t<p class=\"Sammanfattning\">\r\n\t\t\t\t<span class=\"tSidrubrikJA\">Sammanfattning</span>\r\n\t\t\t</p>\r\n\t\t\t<p>\r\n\t\t\t\t<span>I betänkandet anmäls </span><span>för slutligt beslut vilande förslag till lag</span><span> </span><span>om ändring i regeringsformen och </span><span>lag om ändring i </span><span>riksdagsordningen. </span>\r\n\t\t\t</p>\r\n\t\t\t<p class=\"NormalIndent\">\r\n\t\t\t\t<span>De</span><span>t </span><span>vilande förslage</span><span>t </span><span>innebär bl.a. att bestämmelsen om riksrevisorernas antal flyttas från regeringsformen till riksdagsordningen för att antalet riksrevisorer lättare ska kunna ändras i framtiden. Det införs också krav på kvalificerad majoritet för ett beslut av riksdagen om att skilja en riksrevisor från uppdraget. </span><span>F</span><span>örslage</span><span>t</span><span> innebär vidare att konstitutionsutskottet får besluta om en särskild utredning som kan ligga till grund för att skilja en riksrevisor från uppdraget och ge </span><span>justitieombudsmännen (</span><span>JO</span><span>)</span><span> i uppdrag att biträda utskottet med en sådan särskild utredning. Därutöver föreslås att en bestämmelse om samverkans- och uppgiftsskyldighet flyttas från vanlig lag till regeringsformen och förtydligas på så sätt att Riksrevisionen har rätt till den information som myndigheten begär.</span>\r\n\t\t\t</p>\r\n\t\t\t<p class=\"NormalIndent\">\r\n\t\t\t\t<span>Lagändringarna föreslås träda i kraft den 1 januari 2019.</span>\r\n\t\t\t</p>\r\n\t\t\t<p class=\"NormalIndent\">\r\n\t\t\t\t<span>I betänkandet behandlar utskottet också riksdagsstyrelsens förslag i </span><span>f</span><span>ramställning </span><span>2017/18:RS4 om ändringar i lagen med instruktion för Riksdagens ombudsmän och lagen om revision av statlig verksamhet m.m.</span><span> De föreslagna ändring</span><span>arna </span><span>är följdändringar </span><span>med anledning av </span><span>de föreslagna </span><span>ändringarna </span><span>i </span><span>regeringsformen och riksdagsordningen. </span><span>Dessa </span><span>lagar föreslås också träda i kraft den 1 januari 2019.</span>\r\n\t\t\t</p>\r\n\t\t\t<p class=\"NormalIndent\">\r\n\t\t\t\t<span>Utskottet föreslår att </span><span>riksdagen slutligt antar det vilande förslaget till lagar om ändringar i regeringsformen och riksdagsordningen. </span>\r\n\t\t\t</p>\r\n\t\t\t<p class=\"NormalIndent\">\r\n\t\t\t\t<span>När det gäller övriga lagförslag ställer sig u</span><span>tskottet i huvudsak bakom riksdagsstyrelsens överväganden och förslag till ändringar i lagen med instruktion för Riksdagens ombudsmän</span><span> och lagen om revision av statlig verksamhet m.m. Därutöver lägger utskottet på eget initiativ fram </span><span>lag</span><span>förslag</span><span> </span><span>om </span><span>följd</span><span>ändring</span><span>ar</span><span> </span><span>i</span><span> </span><span>lagen</span><span> </span><span>om revision av statlig verksamhet m.m.</span><span> och </span><span>studiestödsdatalagen. </span><span>Konstitutionsutskottet föreslår att riksdagen antar </span><span>riksdagsstyrelsens och</span><span> </span><span>utskottets </span><span>lagförslag.</span>\r\n\t\t\t</p>\r\n\t\t\t<p class=\"NormalIndent\">\r\n\t\t\t\t<span>I betänkandet finns ett särskilt yttrande (SD).</span>\r\n\t\t\t</p>\r\n\t\t\t<p class=\"R4\">\r\n\t\t\t\t<span>Behandlade förslag</span>\r\n\t\t\t</p>\r\n\t\t\t<p>\r\n\t\t\t\t<span>Vilande förslag besluta</span><span>t</span><span> den 11 april 2018 </span><span>om </span><span>lag om ändring i regeringsformen och lag om ändring i riksdagsordningen </span><span>(</span><span>bet. 2017/18:KU15, rskr. 2017/18:211</span><span>–</span><span>212)</span><span>.</span>\r\n\t\t\t</p>\r\n\t\t\t<p>\r\n\t\t\t\t<span>Framställning 2017/18:RS4 Översyn av Riksrevisionen – grundlagsfrågor</span><span> punkterna 3 och 4</span><span>.</span>\r\n\t\t\t</p>\r\n\t\t\t<p class=\"Innehllsfrteckning\">\r\n\t\t\t\t<a name=\"Innehållsförteckning\"></a><span class=\"tSidrubrikJA\">Innehållsförteckning</span>\r\n\t\t\t</p>\r\n\t\t\t<p class=\"TOC1\">\r\n\t\t\t\t<a style=\"color:#000000\" href=\"#_Toc529363528\"><span class=\"Hyperlink\">Utskottets förslag till riksdagsbeslut</span></a>\r\n\t\t\t</p>\r\n\t\t\t<p class=\"TOC1\">\r\n\t\t\t\t<a style=\"color:#000000\" href=\"#_Toc529363529\"><span class=\"Hyperlink\">Redogörelse för ärendet</span></a>\r\n\t\t\t</p>\r\n\t\t\t<p class=\"TOC2\" style=\"margin-bottom:0pt\">\r\n\t\t\t\t<a style=\"color:#000000\" href=\"#_Toc529363530\"><span class=\"Hyperlink\">Bakgrund</span></a>\r\n\t\t\t</p>\r\n\t\t\t<p class=\"TOC2\" style=\"margin-top:0pt; margin-bottom:0pt\">\r\n\t\t\t\t<a style=\"color:#000000\" href=\"#_Toc529363531\"><span class=\"Hyperlink\">Vilande förslag</span></a>\r\n\t\t\t</p>\r\n\t\t\t<p class=\"TOC2\" style=\"margin-top:0pt\">\r\n\t\t\t\t<a style=\"color:#000000\" href=\"#_Toc529363532\"><span class=\"Hyperlink\">Övriga lagförslag</span></a>\r\n\t\t\t</p>\r\n\t\t\t<p class=\"TOC1\">\r\n\t\t\t\t<a style=\"color:#000000\" href=\"#_Toc529363533\"><span class=\"Hyperlink\">Utskottets överväganden</span></a>\r\n\t\t\t</p>\r\n\t\t\t<p class=\"TOC2\" style=\"margin-bottom:0pt\">\r\n\t\t\t\t<a style=\"color:#000000\" href=\"#_Toc529363534\"><span class=\"Hyperlink\">Vilande lagförslag till lag om ändring i regeringsformen och lag om ändring i riksdagsordningen</span></a>\r\n\t\t\t</p>\r\n\t\t\t<p class=\"TOC2\" style=\"margin-top:0pt\">\r\n\t\t\t\t<a style=\"color:#000000\" href=\"#_Toc529363535\"><span class=\"Hyperlink\">Övriga lagförslag</span></a>\r\n\t\t\t</p>\r\n\t\t\t<p class=\"TOC1\">\r\n\t\t\t\t<a style=\"color:#000000\" href=\"#_Toc529363536\"><span class=\"Hyperlink\">Särskilt yttrande</span></a>\r\n\t\t\t</p>\r\n\t\t\t<p class=\"TOC7\" style=\"margin-left:5.65pt\">\r\n\t\t\t\t<a style=\"color:#000000\" href=\"#_Toc529363537\"><span class=\"Hyperlink\">Vilande lagförslag, punkt 1 (SD)</span></a>\r\n\t\t\t</p>\r\n\t\t\t<p class=\"TOC8\">\r\n\t\t\t\t<span class=\"Hyperlink\" style=\"font-style:italic\">Bilaga 1</span><br /><a style=\"color:#000000\" href=\"#_Toc529363538\"><span class=\"Hyperlink\">Förteckning över behandlade förslag</span></a>\r\n\t\t\t</p>\r\n\t\t\t<p class=\"TOC2\">\r\n\t\t\t\t<a style=\"color:#000000\" href=\"#_Toc529363539\"><span class=\"Hyperlink\">Vilande förslag</span></a>\r\n\t\t\t</p>\r\n\t\t\t<p class=\"TOC9\">\r\n\t\t\t\t<a style=\"color:#000000\" href=\"#_Toc529363540\"><span class=\"Hyperlink\">Framställningen</span></a>\r\n\t\t\t</p>\r\n\t\t\t<p class=\"TOC8\">\r\n\t\t\t\t<span class=\"Hyperlink\" style=\"font-style:italic\">Bilaga 2</span><br /><a style=\"color:#000000\" href=\"#_Toc529363541\"><span class=\"Hyperlink\">Vilande lagförslag</span></a>\r\n\t\t\t</p>\r\n\t\t\t<p class=\"TOC8\">\r\n\t\t\t\t<span class=\"Hyperlink\" style=\"font-style:italic\">Bilaga 3</span><br /><a style=\"color:#000000\" href=\"#_Toc529363542\"><span class=\"Hyperlink\">Vilande lagförslag</span></a>\r\n\t\t\t</p>\r\n\t\t\t<p class=\"TOC8\">\r\n\t\t\t\t<span class=\"Hyperlink\" style=\"font-style:italic\">Bilaga 4</span><br /><a style=\"color:#000000\" href=\"#_Toc529363543\"><span class=\"Hyperlink\">Riksdagsstyrelsens lagförslag</span></a>\r\n\t\t\t</p>\r\n\t\t\t<p class=\"TOC8\">\r\n\t\t\t\t<span class=\"Hyperlink\" style=\"font-style:italic\">Bilaga 5</span><br /><a style=\"color:#000000\" href=\"#_Toc529363544\"><span class=\"Hyperlink\">Utskottets lagförslag</span></a>\r\n\t\t\t</p>\r\n\t\t\t<p>\r\n\t\t\t</p>\r\n\t\t\t<p>\r\n\t\t\t\t<span> </span>\r\n\t\t\t</p>\r\n\t\t\t<p class=\"NormalIndent\">\r\n\t\t\t\t<span> </span>\r\n\t\t\t</p>\r\n\t\t\t<p class=\"Avsnittsrubrik\">\r\n\t\t\t\t<a name=\"_Toc527034733\"></a><a name=\"_Toc529363528\"></a><a name=\"StopCC\"></a><span class=\"tSidrubrikJA\">Utskottets förslag till riksdagsbeslut</span><span style=\"-aw-bookmark-end:_Toc527034733\"></span><span style=\"-aw-bookmark-end:_Toc529363528\"></span>\r\n\t\t\t</p>\r\n\t\t\t<p class=\"Mellanrum\">\r\n\t\t\t\t<span> </span>\r\n\t\t\t</p>\r\n\t\t\t<p class=\"Mellanrum\">\r\n\t\t\t\t<span> </span>\r\n\t\t\t</p>\r\n\t\t\t<table cellspacing=\"0\" cellpadding=\"0\" style=\"border-collapse:collapse; margin-left:0pt; width:294.2pt\">\r\n\t\t\t\t<tr>\r\n\t\t\t\t\t<td style=\"vertical-align:top; width:22pt\">\r\n\t\t\t\t\t\t<p style=\"margin-top:3.1pt; margin-bottom:0pt; text-align:justify; page-break-inside:avoid; page-break-after:avoid; line-height:12.5pt\">\r\n\t\t\t\t\t\t\t<span style=\"font-family:'Verdana'; font-size:10.5pt; font-weight:bold\">1.</span>\r\n\t\t\t\t\t\t</p>\r\n\t\t\t\t\t</td>\r\n\t\t\t\t\t<td style=\"vertical-align:top; width:272.2pt\">\r\n\t\t\t\t\t\t<p style=\"margin-top:3.1pt; margin-bottom:0pt; text-align:justify; page-break-inside:avoid; page-break-after:avoid; line-height:12.5pt\">\r\n\t\t\t\t\t\t\t<span style=\"font-family:'Verdana'; font-size:10.5pt; font-weight:bold\">Vilande lagförslag</span>\r\n\t\t\t\t\t\t</p>\r\n\t\t\t\t\t</td>\r\n\t\t\t\t</tr>\r\n\t\t\t</table>\r\n\t\t\t<p class=\"Normalinskjuten\" style=\"-aw-sdt-tag:'dokumentavsnitt/utskottets förslag till riksdagsbeslut/1104963924/1541502122973'; -aw-sdt-title:'utskottets förslag till riksdagsbeslut'\">\r\n\t\t\t\t<span>Riksdagen antar slutligt</span><span> </span><span>det vilande förslaget i bilaga 2 och 3 till lag om ändring i regeringsformen och</span><span> </span><span>lag om ändring i riksdagsordningen.</span>\r\n\t\t\t</p>\r\n\t\t\t<table cellspacing=\"0\" cellpadding=\"0\" style=\"border-collapse:collapse; margin-left:0pt; width:294.2pt\">\r\n\t\t\t\t<tr>\r\n\t\t\t\t\t<td style=\"vertical-align:top; width:22pt\">\r\n\t\t\t\t\t\t<p style=\"margin-top:11pt; margin-bottom:0pt; text-align:justify; page-break-inside:avoid; page-break-after:avoid; line-height:12.5pt\">\r\n\t\t\t\t\t\t\t<span style=\"font-family:'Verdana'; font-size:10.5pt; font-weight:bold\">2.</span>\r\n\t\t\t\t\t\t</p>\r\n\t\t\t\t\t</td>\r\n\t\t\t\t\t<td style=\"vertical-align:top; width:272.2pt\">\r\n\t\t\t\t\t\t<p style=\"margin-top:11pt; margin-bottom:0pt; text-align:justify; page-break-inside:avoid; page-break-after:avoid; line-height:12.5pt\">\r\n\t\t\t\t\t\t\t<span style=\"font-family:'Verdana'; font-size:10.5pt; font-weight:bold\">Övriga lagförslag</span>\r\n\t\t\t\t\t\t</p>\r\n\t\t\t\t\t</td>\r\n\t\t\t\t</tr>\r\n\t\t\t</table>\r\n\t\t\t<p class=\"Normalinskjuten\" style=\"-aw-sdt-tag:'dokumentavsnitt/utskottets förslag till riksdagsbeslut/1104963924/1541502122973'; -aw-sdt-title:'utskottets förslag till riksdagsbeslut'\">\r\n\t\t\t\t<span>Riksdagen antar</span><span> </span>\r\n\t\t\t</p>\r\n\t\t\t<p class=\"Normalinskjutenindrag\" style=\"-aw-sdt-tag:'dokumentavsnitt/utskottets förslag till riksdagsbeslut/1104963924/1541502122973'; -aw-sdt-title:'utskottets förslag till riksdagsbeslut'\">\r\n\t\t\t\t<span>a) riksdagsstyrelsens förslag i bilaga 4 till </span>\r\n\t\t\t</p>\r\n\t\t\t<p class=\"Normalinskjutenindrag\" style=\"-aw-sdt-tag:'dokumentavsnitt/utskottets förslag till riksdagsbeslut/1104963924/1541502122973'; -aw-sdt-title:'utskottets förslag till riksdagsbeslut'\">\r\n\t\t\t\t<span>1. lag om ändring i lagen (1986:765) med instruktion för Riksdagens ombudsmän med den ändringen att 18 § ska ha den lydelse som utskottet föreslår i bilaga 5,</span>\r\n\t\t\t</p>\r\n\t\t\t<p class=\"Normalinskjutenindrag\" style=\"-aw-sdt-tag:'dokumentavsnitt/utskottets förslag till riksdagsbeslut/1104963924/1541502122973'; -aw-sdt-title:'utskottets förslag till riksdagsbeslut'\">\r\n\t\t\t\t<span>2. lag om ändring i lagen (2002:1022)</span><span> </span><span>om revision av statlig verksamhet m.m. med de ändringarna att</span><span> </span><span> </span><span> </span>\r\n\t\t\t</p>\r\n\t\t\t<p class=\"Normalinskjutenindrag\" style=\"-aw-sdt-tag:'dokumentavsnitt/utskottets förslag till riksdagsbeslut/1104963924/1541502122973'; -aw-sdt-title:'utskottets förslag till riksdagsbeslut'\">\r\n\t\t\t\t<span>–</span><span> </span><span> 7 § ska ha den lydelse som utskottet föreslår i bilaga 5,</span>\r\n\t\t\t</p>\r\n\t\t\t<p class=\"Normalinskjutenindrag\" style=\"-aw-sdt-tag:'dokumentavsnitt/utskottets förslag till riksdagsbeslut/1104963924/1541502122973'; -aw-sdt-title:'utskottets förslag till riksdagsbeslut'\">\r\n\t\t\t\t<span>–</span><span> </span><span> ingressen ska ha den lydelse som följer av detta,</span>\r\n\t\t\t</p>\r\n\t\t\t<p class=\"Normalinskjutenindrag\" style=\"-aw-sdt-tag:'dokumentavsnitt/utskottets förslag till riksdagsbeslut/1104963924/1541502122973'; -aw-sdt-title:'utskottets förslag till riksdagsbeslut'\">\r\n\t\t\t\t<span>b) utskottets förslag i bilaga 5 till lag om ändring i studiestödsdatalagen (2009:287).</span>\r\n\t\t\t</p>\r\n\t\t\t<p class=\"Normalinskjutenindrag\" style=\"text-indent:11.3pt; -aw-sdt-tag:'dokumentavsnitt/utskottets förslag till riksdagsbeslut/1104963924/1541502122973'; -aw-sdt-title:'utskottets förslag till riksdagsbeslut'\">\r\n\t\t\t\t<span>Därmed bifaller riksdagen delvis framställning 2017/18:RS4 punkterna 3 och 4.</span>\r\n\t\t\t</p>\r\n\t\t\t<p class=\"Mellanrum\" style=\"-aw-sdt-tag:'dokumentavsnitt/utskottets förslag till riksdagsbeslut/1104963924/1541502122973'; -aw-sdt-title:'utskottets förslag till riksdagsbeslut'\">\r\n\t\t\t\t<span> </span>\r\n\t\t\t</p>\r\n\t\t\t<p class=\"OrtochDatum\" style=\"-aw-sdt-tag:'dokumentavsnitt/utskottets förslag till riksdagsbeslut/1104963924/1541502122973'; -aw-sdt-title:'utskottets förslag till riksdagsbeslut'\">\r\n\t\t\t\t<span>Stockholm den 6 november 2018</span>\r\n\t\t\t</p>\r\n\t\t\t<p class=\"PVgnar\" style=\"-aw-sdt-tag:'dokumentavsnitt/utskottets förslag till riksdagsbeslut/1104963924/1541502122973'; -aw-sdt-title:'utskottets förslag till riksdagsbeslut'\">\r\n\t\t\t\t<span>På konstitutionsutskottets vägnar</span>\r\n\t\t\t</p>\r\n\t\t\t<p class=\"Ordfranden\" style=\"-aw-sdt-tag:'dokumentavsnitt/utskottets förslag till riksdagsbeslut/1104963924/1541502122973'; -aw-sdt-title:'utskottets förslag till riksdagsbeslut'\">\r\n\t\t\t\t<span>Marta Obminska</span>\r\n\t\t\t</p>\r\n\t\t\t<p class=\"Deltagare\" style=\"-aw-sdt-tag:'dokumentavsnitt/utskottets förslag till riksdagsbeslut/1104963924/1541502122973'; -aw-sdt-title:'utskottets förslag till riksdagsbeslut'\">\r\n\t\t\t\t<span>Följande ledamöter har deltagit i beslutet: Marta Obminska (M), Ida Karkiainen (S), Ida Drougge (M), Jonas Millard (SD), Per-Arne Håkansson (S), Linda Ylivainio (C), Mia Sydow Mölleby (V), Erik Ottoson (M), Matheus Enholm (SD), Laila Naraghi (S), Tuve Skånberg (KD), Erik Ezelius (S), Bengt Eliasson (L), Fredrik Lindahl (SD), Jonas Eriksson (MP), Louise Meijer (M) och Thomas Hammarberg (S).</span>\r\n\t\t\t</p>\r\n\t\t\t<p class=\"Mellanrum\" style=\"-aw-sdt-tag:'dokumentavsnitt/utskottets förslag till riksdagsbeslut/1104963924/1541502122973'; -aw-sdt-title:'utskottets förslag till riksdagsbeslut'\">\r\n\t\t\t\t<span> </span>\r\n\t\t\t</p>\r\n\t\t\t<p class=\"Mellanrum\" style=\"-aw-sdt-tag:'dokumentavsnitt/utskottets förslag till riksdagsbeslut/1104963924/1541502122973'; -aw-sdt-title:'utskottets förslag till riksdagsbeslut'\">\r\n\t\t\t\t<span> </span>\r\n\t\t\t</p>\r\n\t\t\t<p class=\"Mellanrum\" style=\"-aw-sdt-tag:'dokumentavsnitt/utskottets förslag till riksdagsbeslut/1104963924/1541502122973'; -aw-sdt-title:'utskottets förslag till riksdagsbeslut'\">\r\n\t\t\t\t<span style=\"font-size:9.5pt\"> </span>\r\n\t\t\t</p>\r\n\t\t\t<p>\r\n\t\t\t\t<span> </span>\r\n\t\t\t</p>\r\n\t\t\t<p class=\"Avsnittsrubrik\">\r\n\t\t\t\t<a name=\"_Toc527034734\"></a><a name=\"_Toc529363529\"></a><a name=\"SlutUtskottsForslag\"></a><span class=\"tSidrubrikJA\">Redogörelse för ärendet</span><span style=\"-aw-bookmark-end:_Toc527034734\"></span><span style=\"-aw-bookmark-end:_Toc529363529\"></span>\r\n\t\t\t</p>\r\n\t\t\t<h2>\r\n\t\t\t\t<a name=\"_Toc527034735\"></a><a name=\"_Toc529363530\"><span>Bakgrund</span><span style=\"-aw-bookmark-end:_Toc527034735\"></span></a>\r\n\t\t\t</h2>\r\n\t\t\t<p>\r\n\t\t\t\t<span>Grundlag stiftas genom två likalydande beslut (</span><span>8 kap. 1</span><span>4 </span><span>§ </span><span>re</span><span>geringsformen</span><span>). Genom det första beslutet antas grundlagsförslaget som vilande. Det andra beslutet </span><span>får inte fattas </span><span>tidigare än att d</span><span>et efter det första beslutet har hållits val till riksdagen i</span><span> </span><span>hela riket och den nyvalda riksdagen har samlats.</span><span> Genom d</span><span>et andra beslutet </span><span>antas grundlagsförslaget som slutligt.</span>\r\n\t\t\t</p>\r\n\t\t\t<p class=\"NormalIndent\">\r\n\t\t\t\t<span>Enligt 8 kap. 1</span><span>7</span><span> § regeringsformen stiftas riksdagsordningen på det</span><span> </span><span>sätt </span><span>som anges i 14 § </span><span>eller genom endast ett beslut</span><span>,</span><span> om minst tre fjärdedelar av de röstande</span><span> </span><span>och mer än hälften av riksdagens ledamöter </span><span>röstar för </span><span>beslutet. Tilläggsbestämmelse</span><span>r</span><span> </span><span>i riksdagsordningen </span><span>meddelas </span><span>dock i samma ordning som</span><span> </span><span>lag i allmänhet.</span>\r\n\t\t\t</p>\r\n\t\t\t<p class=\"NormalIndent\">\r\n\t\t\t\t<span>Konstitutionsutskottet ska </span><span>anmäla vilande beslut i ärenden som rör grundlag eller riksdagsordningen till kammaren för slutligt beslut (9 </span><span>kap. </span><span>2</span><span>4 § </span><span>första stycket </span><span>riksdagsordningen</span><span>).</span>\r\n\t\t\t</p>\r\n\t\t\t<p class=\"NormalIndent\">\r\n\t\t\t\t<span>Under riksmötet 2017/18 lade riksdagsstyrelsen fram förslag till ändringar i regeringsformen och riksdagsordningen (framställning 2017/18:RS4).</span>\r\n\t\t\t</p>\r\n\t\t\t<p class=\"NormalIndent\">\r\n\t\t\t\t<span>Vid konstitutionsutskottets behandling av riksdagsstyrelsens framställning delade utskottet inte riksdagsstyrelsens bedömning att en bestämmelse i regeringsformen om JO:s arbete behövde förtydligas med anledning av andra lagförslag (se bet. 2017/18:KU15 s. 27). I övriga delar ställde sig utskottet bakom riksdagsstyrelsens överväganden och förslag till ändringar i regeringsformen och riksdagsordningen. Med anledning av att utskottet till skillnad från riksdagsstyrelsen inte föreslog någon ändring av en bestämmelse i regeringsformen lade utskottet fram ett eget förslag till lag om ändring i regeringsformen. </span>\r\n\t\t\t</p>\r\n\t\t\t<h2>\r\n\t\t\t\t<a name=\"_Toc527034736\"></a><a name=\"_Toc529363531\"><span>Vilande förslag</span><span style=\"-aw-bookmark-end:_Toc527034736\"></span></a>\r\n\t\t\t</h2>\r\n\t\t\t<p>\r\n\t\t\t\t<span>Riksdagen beslutade d</span><span>en 11 april 2018 att som vilande anta dels utskottets förslag till lag om ändring i regeringsformen, dels riksdagsstyrelsens förslag till lag om ändring i riksdagsordningen (</span><span>bet. 20</span><span>17</span><span>/1</span><span>8</span><span>:KU1</span><span>5</span><span>, </span><span>rskr. 2017/18:211</span><span>–</span><span>212)</span><span>.</span><span> Riksdagen biföll därmed framställning 2017/18:</span><span>RS4 punkt 1 delvis</span><span> och punkt 2</span><span>.</span>\r\n\t\t\t</p>\r\n\t\t\t<p class=\"NormalIndent\">\r\n\t\t\t\t<span>D</span><span>et vilande förslaget till lagar om ändring i regeringsformen</span><span> och riksdagsordningen </span><span>finns förtecknad i </span><span>bilaga 1</span><span>,</span><span> </span><span>och </span><span>lagförslagen</span><span> </span><span>i sin helhet </span><span>finns</span><span> </span><span>intagna i </span><span>bilaga 2</span><span> och 3</span><span>. </span>\r\n\t\t\t</p>\r\n\t\t\t<h2>\r\n\t\t\t\t<a name=\"_Toc527034737\"></a><a name=\"_Toc529363532\"><span>Övriga lagförslag</span><span style=\"-aw-bookmark-end:_Toc527034737\"></span></a>\r\n\t\t\t</h2>\r\n\t\t\t<p>\r\n\t\t\t\t<span>I framställning 2017/18:RS4 </span><span>föreslog riksdagsstyrelsen även </span><span>att riksdagen </span><span>skulle </span><span>anta förslag </span><span>till </span><span>ändringar i lagen (1986:765) med instruktion för Riksdagens ombudsmän och lagen (2002:1022) om revision av statlig verksamhet m.m. </span><span>Utskottet bedömde att </span><span>lagförslag</span><span>en ha</span><span>r </span><span>ett sådant samband med de föreslagna ändringarna i regeringsformen och riksdagsordningen att de</span><span> </span><span>bör </span><span>behandlas av riksdagen </span><span>först i</span><span> </span><span>samband med att riksdagen slutligt </span><span>behandlar </span><span>lag</span><span>förslagen </span><span>o</span><span>m ändring i regeringsformen och riksdagsordningen. Riksdagen beslutade den </span><span>11 april </span><span>2018 att till 2018/19 års riksmöte skjuta upp behandlingen av riksdagsstyrelsens förslag till</span><span> </span><span>lag om ändring i </span><span>lagen med instruktion för Riksdagens ombudsmän </span><span>och </span><span>om ändring i </span><span>lagen om revision av statlig verksamhet m.m. </span><span>(</span><span>bet. 2017/18:KU15, rskr. 2017/18:211</span><span>–</span><span>212)</span><span>. </span><span>De</span><span> uppskjutna lagf</span><span>örslage</span><span>n </span><span>finns förtecknade i bilaga 1 och i sin helhet intagna i </span><span>bilaga </span><span>4</span><span>.</span>\r\n\t\t\t</p>\r\n\t\t\t<p class=\"NormalIndent\">\r\n\t\t\t\t<span>V</span><span>id </span><span>utskottets behandling av riksdagsstyrelsens framställning under 2017/18 års riksmöte uppmärksammade utskottet </span><span>att när det gäll</span><span>d</span><span>e 18 § första och andra styckena </span><span>lagen med instruktion för Riksdagens ombudsmän </span><span>redovisas inte gällande lydelse i framställningen</span><span> (bet. 2017/18:KU15 s. 29). I denna del framhöll utskottet att det a</span><span>v svensk författningssamling (SFS) framgår att bestämmelsens gällande lydelse utfärdades den 9 november 2017 (SFS 2017:1025) och att denna lydelse alltså har ersatt den lydelse som redovisas i framställningen (SFS 1997:561). Därutöver torde förslaget att flytta bestämmelsen om samverkans- och uppgiftsskyldighet vid Riksrevisionens granskning från vanlig lag till regeringsformen </span><span>enligt utskottet </span><span>medföra följdändringar i </span><span>lagen om revision av statlig verksamhet m.m. </span><span>och</span><span> studiestödsdatalagen </span><span>(2009:287).</span><span> I nämnda lagar finns nämligen hänvisningar till 6 § </span><span>lagen om revision av statlig verksamhet m.m.</span><span> </span>\r\n\t\t\t</p>\r\n\t\t\t<p class=\"NormalIndent\">\r\n\t\t\t\t<span>U</span><span>tskottets förslag till följdändring</span><span>ar i lagen </span><span>om revision av statlig verksamhet m.m. och studiestödsdatalagen är författningstekniskt och även i övrigt av sådan beskaffenhet att Lagrådets hörande skulle sakna betydelse. Utskottet har därför inte inhämtat Lagrådets yttrande över dessa förslag.</span><span> </span>\r\n\t\t\t</p>\r\n\t\t\t<p class=\"Avsnittsrubrik\">\r\n\t\t\t\t<a name=\"_Toc527034738\"></a><a name=\"_Toc529363533\"><span class=\"tSidrubrikJA\">Utskottets överväganden</span><span style=\"-aw-bookmark-end:_Toc527034738\"></span></a>\r\n\t\t\t</p>\r\n\t\t\t<h2>\r\n\t\t\t\t<a name=\"_Toc529363534\"><span>Vilande lagförslag till lag om ändring i regeringsformen och lag om ändring i riksdagsordningen</span></a>\r\n\t\t\t</h2>\r\n\t\t\t<div style=\"border-bottom-color:#000000; border-bottom-style:solid; border-bottom-width:0.75pt; border-left-color:#000000; border-left-style:solid; border-left-width:0.75pt; border-right-color:#000000; border-right-style:solid; border-right-width:0.75pt; border-top-color:#000000; border-top-style:solid; border-top-width:0.75pt; clear:both; margin:3.1pt 0.9pt 0pt\">\r\n\t\t\t\t<p class=\"Normalrutafet\" style=\"margin:0pt; padding-right:4pt; padding-left:4pt\">\r\n\t\t\t\t\t<span>Utskottets förslag i korthet</span>\r\n\t\t\t\t</p>\r\n\t\t\t\t<p class=\"Normalruta\" style=\"margin:0pt; padding-right:4pt; padding-left:4pt\">\r\n\t\t\t\t\t<span>Riksdagen </span><span>antar slutligt det vilande förslaget i bilaga 2 och 3 till lag om ändring i regeringsformen och lag om ändring i riksdagsordningen.</span>\r\n\t\t\t\t</p>\r\n\t\t\t\t<p class=\"Normalrutaindrag\" style=\"margin:0pt; padding-right:4pt; padding-left:4pt; padding-bottom:4pt\">\r\n\t\t\t\t\t<span>Jämför särskilt yttrande (SD)</span><span>.</span>\r\n\t\t\t\t</p>\r\n\t\t\t</div>\r\n\t\t\t<p class=\"R3\">\r\n\t\t\t\t<span>Förslagens innebörd i korthet</span>\r\n\t\t\t</p>\r\n\t\t\t<p>\r\n\t\t\t\t<span>Det vilande förslaget innebär ändringar i regeringsformen och riksdagsordningen. </span><span>De föreslagna lagändringarna innebär bl.a. att bestämmelsen om riksrevisorernas antal flyttas från regeringsformen till riksdagsordningen för att antalet riksrevisorer lättare ska kunna ändras i framtiden. Det införs också krav på kvalificerad majoritet för ett beslut av riksdagen om att skilja en riksrevisor från uppdraget. Lagförslagen innebär vidare att konstitutionsutskottet får besluta om en särskild utredning som kan ligga till grund för att skilja en riksrevisor från uppdraget och ge JO i uppdrag att biträda utskottet med en sådan särskild utredning. Därutöver föreslås att en bestämmelse om samverkans- och uppgiftsskyldighet flyttas från vanlig lag till regeringsformen och förtydligas på så sätt att Riksrevisionen har rätt till den information som myndigheten begär.</span><span> </span>\r\n\t\t\t</p>\r\n\t\t\t<p class=\"NormalIndent\">\r\n\t\t\t\t<span>Lagändringarna föreslås träda i kraft den 1 januari 2019.</span><span> </span>\r\n\t\t\t</p>\r\n\t\t\t<p class=\"R3\">\r\n\t\t\t\t<span>Utskottets anmälan och yttrande</span>\r\n\t\t\t</p>\r\n\t\t\t<p>\r\n\t\t\t\t<span>Under 2017/18 års riksmöte antog riksdagen som vilande det förslag till lag om ändring i regeringsformen och </span><span>lag om ändring i </span><span>riksdagsordningen som har redovisats i det föregående. Genom detta betänkande anmäler utskottet nu det vilande beslutet till kammaren för slutligt beslut.</span><span> </span><span>Med hänvisning till vad utskottet anförde vid ärendets första behandling </span><span>föreslår </span><span>utskottet </span><span>att riksdagen slutligt antar förslaget</span><span>.</span>\r\n\t\t\t</p>\r\n\t\t\t<p class=\"NormalIndent\">\r\n\t\t\t\t<span> </span>\r\n\t\t\t</p>\r\n\t\t\t<h2>\r\n\t\t\t\t<a name=\"_Toc529363535\"><span>Övrig</span><span>a</span><span> lag</span><span>förslag</span></a>\r\n\t\t\t</h2>\r\n\t\t\t<div style=\"border-bottom-color:#000000; border-bottom-style:solid; border-bottom-width:0.75pt; border-left-color:#000000; border-left-style:solid; border-left-width:0.75pt; border-right-color:#000000; border-right-style:solid; border-right-width:0.75pt; border-top-color:#000000; border-top-style:solid; border-top-width:0.75pt; clear:both; margin:3.1pt 0.9pt 0pt\">\r\n\t\t\t\t<p class=\"Normalrutafet\" style=\"margin:0pt; padding-right:4pt; padding-left:4pt\">\r\n\t\t\t\t\t<span>Utskottets förslag i korthet</span>\r\n\t\t\t\t</p>\r\n\t\t\t\t<p class=\"Normalruta\" style=\"margin:0pt; padding-right:4pt; padding-left:4pt; padding-bottom:4pt\">\r\n\t\t\t\t\t<span>Riksdagen </span><span>antar </span><span>de </span><span>lag</span><span>förslag</span><span> som </span><span>riksdagsstyrelsen och</span><span> </span><span>utskottet</span><span style=\"text-decoration:line-through\"> </span><span>lämnar </span><span>i bilaga</span><span> </span><span>4 och</span><span> </span><span>5 </span><span>om</span><span> ändring</span><span>ar</span><span> i lagen med instruktion för Riksdagens ombudsmän, lagen om revision av statlig verksamhet m.m. och studiestödsdatalagen.</span>\r\n\t\t\t\t</p>\r\n\t\t\t</div>\r\n\t\t\t<p class=\"R3\">\r\n\t\t\t\t<span>Riksdagsstyrelsens framställning</span>\r\n\t\t\t</p>\r\n\t\t\t<p>\r\n\t\t\t\t<span>Det vilande lagf</span><span>örslaget </span><span>om </span><span>möjligheten till </span><span>en utredning</span><span> som avser att klarlägga de omständigheter som kan läggas till grund för ett beslut att skilja en riksrevisor från uppdraget</span><span> medför följdändringar i lagen med instruktion för Riksdagens ombudsmän (JO-instruktionen). </span><span>Med anledning därav föreslår riksdagsstyrelsen </span><span>i framställningen </span><span>att 10 § andra stycket JO-instruktionen kompletteras med en bestämmelse om att JO även ska vara skyldig att biträda ett utskott (i praktiken konstitutionsutskottet) med en sådan utredning av omständigheter som kan ligga till grund för att skilja en riksrevisor från uppdraget som avses i 13 kap. 7 § andra stycket </span><span>riksdagsordningen </span><span>(framst</span><span>ällning </span><span>2017/18:RS4 s.</span><span> </span><span>42). Dessutom föreslås att 18 § JO-instruktionen ändras på så sätt att ett nytt tredje stycke tillförs med innebörden att JO inte har möjlighet att till en annan myndighet överlämna en sådan särskild utredning som JO är skyldig att biträda ett utskott med och som kan ligga till grund för att skilja en riksrevisor från uppdraget.</span>\r\n\t\t\t</p>\r\n\t\t\t<p class=\"NormalIndent\">\r\n\t\t\t\t<span>Slutligen föreslås att 6 § </span><span>lagen om revision av statlig verksamhet m.m.</span><span> (</span><span>revisionslagen</span><span>)</span><span> ska upphöra att gälla eftersom innehållet i bestämmelsen flyttas till regeringsformen.</span>\r\n\t\t\t</p>\r\n\t\t\t<p class=\"R3\">\r\n\t\t\t\t<span>Övrigt</span><span> </span>\r\n\t\t\t</p>\r\n\t\t\t<p>\r\n\t\t\t\t<span>Som har redovisats ovan </span><span>uppmärksammade </span><span>utskottet vid behandlingen av framställningen våren 2018 </span><span>att i delar av föreslagna ändringar i JO-instruktionen redovisas inte gällande lydelse och att förslaget att flytta bestämmelsen om samverkans- och uppgiftsskyldighet vid Riksrevisionens granskning från vanlig lag till regeringsformen torde medföra följdändringar i revisionslagen och studiestödsdatalagen</span><span> (bet</span><span>. </span><span>2017/18:KU15 s. 29 f.).</span>\r\n\t\t\t</p>\r\n\t\t\t<p class=\"NormalIndent\">\r\n\t\t\t\t<span>Den 16 oktober 2018 överlämnade riksdagsstyrelsen framställning</span><span>en</span><span> Översyn av Riksrevisionen – övriga lagändringar (framställning 2018/19:RS5) till riksdagen. </span><span>Framställningen kommer under hösten att beredas av konstitutionsutskottet i betänkande 2018/19:KU14. </span><span>I framställningen föreslås </span><span>bl.a. </span><span>att riksdagen ska anta </span><span>de nödvändiga följdändringar </span><span>i revisionslagen och studiestödsdatalagen</span><span> som konstitutionsutskottet i betänkande 2017/18:KU15</span><span> </span><span>uppmärksammade. </span>\r\n\t\t\t</p>\r\n\t\t\t<p class=\"R3\">\r\n\t\t\t\t<span>Utskottets ställningstagande</span>\r\n\t\t\t</p>\r\n\t\t\t<p>\r\n\t\t\t\t<span>Utskottet ställer sig </span><span>bakom r</span><span>iksdagsstyrelsens överväganden och förslag till ändringar i JO-instruktionen och revisionslagen. När det gäller del</span><span>ar</span><span> av föreslagna ändringar i JO-instruktionen redovisas dock, som utskottet tidigare har uppmärksammat, inte gällande lydelse. Med anledning av detta lägger utskottet fram ett eget lagförslag i denna del</span><span>.</span><span> </span><span>Utskottet föreslår att riksdagen antar </span><span>dessa </span><span>lagförslag.</span><span> </span>\r\n\t\t\t</p>\r\n\t\t\t<p class=\"NormalIndent\">\r\n\t\t\t\t<span>För</span><span>slaget att flytta bestämmelsen om samverkans- och uppgiftsskyldighet vid Riksrevisionens granskning från vanlig lag till regeringsformen </span><span>medför dessutom </span><span>följdändringar i revisionslagen och studiestödsdatalagen. I </span><span>de </span><span>lagar</span><span>na</span><span> finns </span><span>nämligen bestämmelser </span><span>med </span><span>hänvisningar till 6 § revisionslagen</span><span>, </span><span>och dessa bestämmelser bör ändras på så sätt att det </span><span>i stället finns en </span><span>hänvis</span><span>ning </span><span>till 13 kap. 7 § andra stycket regeringsformen. </span><span>Ändringarna hör ihop med övriga förslag i betänkandet och </span><span>bör träda i kraft den 1 januari 2019.</span><span> </span><span>Mot bakgrund av detta lägger utskottet på eget initiativ fram lagförslag i dessa delar och</span><span> </span><span>föreslår </span><span>att riksdagen ställer sig bakom </span><span>även dessa ändringar</span><span>.</span>\r\n\t\t\t</p>\r\n\t\t\t<p>\r\n\t\t\t\t<span> </span>\r\n\t\t\t</p>\r\n\t\t\t<p class=\"Avsnittsrubrik\">\r\n\t\t\t\t<a name=\"_Toc529363536\"><span class=\"tSidrubrikJA\">Särskilt yttrande</span></a>\r\n\t\t\t</p>\r\n\t\t\t<p class=\"Mellanrum\">\r\n\t\t\t\t<span> </span>\r\n\t\t\t</p>\r\n\t\t\t<table cellspacing=\"0\" cellpadding=\"0\" style=\"border-collapse:collapse; margin-left:0pt; width:294.2pt\">\r\n\t\t\t\t<tr>\r\n\t\t\t\t\t<td style=\"vertical-align:top\">\r\n\t\t\t\t\t\t<p class=\"Srskiltyttranderubrik\" style=\"margin-top:0pt; margin-bottom:3.1pt; text-align:left; page-break-inside:avoid; page-break-after:avoid; line-height:12.5pt\">\r\n\t\t\t\t\t\t\t<a name=\"_Toc529363537\"><span style=\"font-family:'Verdana'; font-size:10.5pt; font-weight:bold\">Vilande lagförslag, punkt 1 (SD)</span></a>\r\n\t\t\t\t\t\t</p>\r\n\t\t\t\t\t</td>\r\n\t\t\t\t</tr>\r\n\t\t\t</table>\r\n\t\t\t<p style=\"page-break-inside:avoid; page-break-after:avoid; -aw-sdt-tag:'a1e0c2ef-8df9-4763-90c7-d10df2353e58/särskilda yttranden/-729122471/1541502112987'; -aw-sdt-title:'särskilda yttranden'\">\r\n\t\t\t\t<span>Jonas Millard (SD), Matheus Enholm (SD) och Fredrik Lindahl (SD) anför:</span>\r\n\t\t\t</p>\r\n\t\t\t<p class=\"Mellanrum\" style=\"-aw-sdt-tag:'a1e0c2ef-8df9-4763-90c7-d10df2353e58/särskilda yttranden/-729122471/1541502112987'; -aw-sdt-title:'särskilda yttranden'\">\r\n\t\t\t\t<span> </span>\r\n\t\t\t</p>\r\n\t\t\t<p>\r\n\t\t\t\t<span>I samband med riksdagens beslut den 11 april 2018 att som vilande anta dels utskottets förslag till lag om ändring i regeringsformen, dels riksdagsstyrelsens förslag till lag om ändring i riksdagsordningen avslogs </span><span>ett antal motions</span><span>yrkanden</span><span> (</span><span>bet. 2017/18:KU15, rskr. 2017/18:211</span><span>–</span><span>212)</span><span>. </span><span>När det gäller dessa </span><span>motions</span><span>förslag </span><span>om behörighets- och kvalifikationskraven för en riksrevisor, </span><span>om </span><span>val av riksrevisor och deras självständighet och </span><span>om </span><span>grunderna och proceduren för att skilja en riksrevisor från uppdraget </span><span>hänvisar </span><span>vi </span><span>till </span><span>våra </span><span>ställningstaganden </span><span>i </span><span>betänkande </span><span>2</span><span>01</span><span>7</span><span>/1</span><span>8</span><span>:KU15</span><span> (reservation 1–4)</span><span>. </span><span>Vi</span><span> vidhåller</span><span> </span><span>dessa synpunkter men avstår från att i en reservation</span><span> avstyrka att riksdagen slutligt antar förslaget</span><span>.</span>\r\n\t\t\t</p>\r\n\t\t\t<p class=\"NormalIndent\">\r\n\t\t\t\t<span> </span>\r\n\t\t\t</p>\r\n\t\t\t<p class=\"Bilaga\">\r\n\t\t\t\t<span class=\"tBilagaJA\">Bilaga 1</span>\r\n\t\t\t</p>\r\n\t\t\t<p class=\"Bilagerubrik\">\r\n\t\t\t\t<a name=\"_Toc527034741\"></a><a name=\"_Toc529363538\"><span class=\"tSidrubrikJA\">Förteckning över behandlade förslag</span><span style=\"-aw-bookmark-end:_Toc527034741\"></span></a>\r\n\t\t\t</p>\r\n\t\t\t<h2>\r\n\t\t\t\t<a name=\"_Toc529363539\"><span>Vilande förslag</span></a>\r\n\t\t\t</h2>\r\n\t\t\t<p>\r\n\t\t\t\t<span>Riksdagen beslutade d</span><span>en 11 april 2018 </span><span>att som vilande anta dels konstitutionsutskottets förslag till lag om ändring i regeringsformen, dels riksdagsstyrelsens förslag till lag om ändring i riksdagsordningen </span><span>(</span><span>bet. 2017/18:KU15, rskr. 2017</span><span>/</span><span>18:211–212)</span><span>.</span><span> </span><span>Riksdagen biföll därmed framställning 2017/18:RS4 punkt 1 delvis och punkt 2.</span>\r\n\t\t\t</p>\r\n\t\t\t<p class=\"Rubrik2bilaga\" style=\"-aw-sdt-tag:'dokumentavsnitt/förteckning över behandlade förslag/1550185191/1539173621737'; -aw-sdt-title:'förteckning över behandlade förslag'\">\r\n\t\t\t\t<a name=\"_Toc529363540\"></a><a name=\"_Toc527034742\"><span>Framställningen</span></a><span style=\"-aw-bookmark-end:_Toc529363540\"></span><span> </span>\r\n\t\t\t</p>\r\n\t\t\t<h4 style=\"-aw-sdt-tag:'dokumentavsnitt/förteckning över behandlade förslag/1550185191/1539173621737'; -aw-sdt-title:'förteckning över behandlade förslag'\">\r\n\t\t\t\t<span>Framställning 2017/18:RS4 Översyn av Riksrevisionen – grundlagsfrågor:</span>\r\n\t\t\t</h4>\r\n\t\t\t<p class=\"Yrkandelista\" style=\"margin-bottom:0pt; -aw-sdt-tag:'dokumentavsnitt/förteckning över behandlade förslag/1550185191/1539173621737'; -aw-sdt-title:'förteckning över behandlade förslag'\">\r\n\t\t\t\t<span>3.</span><span style=\"width:21.22pt; text-indent:0pt; display:inline-block\"></span><span>Riksdagen antar riksdagsstyrelsens förslag till lag om ändring i lagen (1986:765) med instruktion för Riksdagens ombudsmän.</span>\r\n\t\t\t</p>\r\n\t\t\t<p class=\"Yrkandelista\" style=\"margin-top:0pt; -aw-sdt-tag:'dokumentavsnitt/förteckning över behandlade förslag/1550185191/1539173621737'; -aw-sdt-title:'förteckning över behandlade förslag'\">\r\n\t\t\t\t<span>4.</span><span style=\"width:21.22pt; text-indent:0pt; display:inline-block\"></span><span>Riksdagen antar riksdagsstyrelsens förslag till lag om ändring i lagen (2002:1022) om revision av statlig verksamhet m.m.</span>\r\n\t\t\t</p>\r\n\t\t\t<p class=\"Mellanrum\">\r\n\t\t\t\t<span> </span>\r\n\t\t\t</p>\r\n\t\t\t<p class=\"Mellanrum\" style=\"-aw-sdt-tag:'dokumentavsnitt/förteckning över behandlade förslag/1550185191/1539173621737'; -aw-sdt-title:'förteckning över behandlade förslag'\">\r\n\t\t\t\t<span> </span>\r\n\t\t\t</p>\r\n\t\t\t<p>\r\n\t\t\t\t<span> </span>\r\n\t\t\t</p>\r\n\t\t\t<p class=\"Bilaga\">\r\n\t\t\t\t<span class=\"tBilagaJA\">Bilaga 2</span>\r\n\t\t\t</p>\r\n\t\t\t<p class=\"Bilagerubrik\" style=\"margin-bottom:6pt\">\r\n\t\t\t\t<a name=\"_Toc527034743\"></a><a name=\"_Toc529363541\"><span class=\"tSidrubrikJA\">Vilande lagförslag</span><span style=\"-aw-bookmark-end:_Toc527034743\"></span></a>\r\n\t\t\t</p>\r\n\t\t\t<p>\r\n\t\t\t\t<span> </span>\r\n\t\t\t</p>\r\n\t\t\t<p>\r\n\t\t\t\t<img src=\"http://data.riksdagen.se/fil/h601ku4/Dokument.001.png\" width=\"394\" height=\"618\" alt=\"\" style=\"-aw-left-pos:0pt; -aw-rel-hpos:column; -aw-rel-vpos:paragraph; -aw-top-pos:0pt; -aw-wrap-type:inline\" />\r\n\t\t\t</p>\r\n\t\t\t<p style=\"page-break-before:always\">\r\n\t\t\t\t<img src=\"http://data.riksdagen.se/fil/h601ku4/Dokument.002.png\" width=\"394\" height=\"600\" alt=\"\" style=\"-aw-left-pos:0pt; -aw-rel-hpos:column; -aw-rel-vpos:paragraph; -aw-top-pos:0pt; -aw-wrap-type:inline\" />\r\n\t\t\t</p>\r\n\t\t\t<p>\r\n\t\t\t\t<span> </span>\r\n\t\t\t</p>\r\n\t\t\t<p class=\"Bilaga\">\r\n\t\t\t\t<span class=\"tBilagaJA\">Bilaga</span><span class=\"tBilagaJA\"> 3</span>\r\n\t\t\t</p>\r\n\t\t\t<p class=\"Bilagerubrik\" style=\"margin-bottom:6pt\">\r\n\t\t\t\t<a name=\"_Toc527034744\"></a><a name=\"_Toc529363542\"><span class=\"tSidrubrikJA\">Vilande lagförslag</span><span style=\"-aw-bookmark-end:_Toc527034744\"></span></a>\r\n\t\t\t</p>\r\n\t\t\t<p>\r\n\t\t\t\t<span> </span>\r\n\t\t\t</p>\r\n\t\t\t<p style=\"margin-top:6pt\">\r\n\t\t\t\t<img src=\"http://data.riksdagen.se/fil/h601ku4/Dokument.003.png\" width=\"394\" height=\"651\" alt=\"\" style=\"-aw-left-pos:0pt; -aw-rel-hpos:column; -aw-rel-vpos:paragraph; -aw-top-pos:0pt; -aw-wrap-type:inline\" />\r\n\t\t\t</p>\r\n\t\t\t<p class=\"Bilaga\">\r\n\t\t\t\t<span class=\"tBilagaJA\">Bilaga</span><span class=\"tBilagaJA\"> </span><span class=\"tBilagaJA\">4</span>\r\n\t\t\t</p>\r\n\t\t\t<p class=\"Bilagerubrik\" style=\"margin-bottom:12pt\">\r\n\t\t\t\t<a name=\"_Toc527034745\"></a><a name=\"_Toc529363543\"><span class=\"tSidrubrikJA\">R</span><span class=\"tSidrubrikJA\">iksdagsstyrelsens </span><span class=\"tSidrubrikJA\">lagförslag</span><span style=\"-aw-bookmark-end:_Toc527034745\"></span></a>\r\n\t\t\t</p>\r\n\t\t\t<p>\r\n\t\t\t\t<img src=\"http://data.riksdagen.se/fil/h601ku4/Dokument.004.png\" width=\"394\" height=\"678\" alt=\"\" style=\"-aw-left-pos:0pt; -aw-rel-hpos:column; -aw-rel-vpos:paragraph; -aw-top-pos:0pt; -aw-wrap-type:inline\" />\r\n\t\t\t</p>\r\n\t\t\t<p style=\"page-break-before:always\">\r\n\t\t\t\t<img src=\"http://data.riksdagen.se/fil/h601ku4/Dokument.005.png\" width=\"394\" height=\"508\" alt=\"\" style=\"-aw-left-pos:0pt; -aw-rel-hpos:column; -aw-rel-vpos:paragraph; -aw-top-pos:0pt; -aw-wrap-type:inline\" />\r\n\t\t\t</p>\r\n\t\t\t<p class=\"Bilaga\">\r\n\t\t\t\t<span class=\"tBilagaJA\">Bilaga</span><span class=\"tBilagaJA\"> 5</span>\r\n\t\t\t</p>\r\n\t\t\t<p class=\"Bilagerubrik\">\r\n\t\t\t\t<a name=\"_Toc529363544\"><span class=\"tSidrubrikJA\">Utskottets lagförslag</span></a>\r\n\t\t\t</p>\r\n\t\t\t<p class=\"R2\">\r\n\t\t\t\t<span>1</span><span>.</span><span> </span><span>Ändring i riksdagsstyrelsens förslag </span><span>till lag om ändring i lagen (1986:765) med instruktion för Riksdagens ombudsmän </span>\r\n\t\t\t</p>\r\n\t\t\t<p>\r\n\t\t\t\t<span> </span>\r\n\t\t\t</p>\r\n\t\t\t<table cellspacing=\"0\" cellpadding=\"0\" class=\"TableGrid\" style=\"border-collapse:collapse; margin-left:0pt; width:305pt\">\r\n\t\t\t\t<tr>\r\n\t\t\t\t\t<td style=\"padding-left:5.4pt; padding-right:5.4pt; vertical-align:top; width:141.7pt\">\r\n\t\t\t\t\t\t<p style=\"margin-top:3.1pt; margin-bottom:0pt; text-align:justify; line-height:12.5pt\">\r\n\t\t\t\t\t\t\t<span style=\"font-family:'Verdana'; font-size:9.5pt; font-style:italic\">Nuvarande lydelse</span>\r\n\t\t\t\t\t\t</p>\r\n\t\t\t\t\t</td>\r\n\t\t\t\t\t<td style=\"padding-left:5.4pt; padding-right:5.4pt; vertical-align:top; width:141.7pt\">\r\n\t\t\t\t\t\t<p style=\"margin-top:3.1pt; margin-bottom:0pt; text-align:justify; line-height:12.5pt\">\r\n\t\t\t\t\t\t\t<span style=\"font-family:'Verdana'; font-size:9.5pt; font-style:italic\">Utskottets förslag</span>\r\n\t\t\t\t\t\t</p>\r\n\t\t\t\t\t</td>\r\n\t\t\t\t</tr>\r\n\t\t\t</table>\r\n\t\t\t<p class=\"NormalIndent\">\r\n\t\t\t\t<span> </span>\r\n\t\t\t</p>\r\n\t\t\t<p class=\"NormalIndent\" style=\"text-indent:0pt; text-align:center\">\r\n\t\t\t\t<span>18 §</span><a name=\"_ftnref1\"></a><a href=\"#_ftn1\"><span class=\"FootnoteReference\" style=\"font-size:6.33pt\">[1]</span></a>\r\n\t\t\t</p>\r\n\t\t\t<p class=\"NormalIndent\">\r\n\t\t\t\t<span>Om ett ärende är av sådan beskaffenhet att det lämpligen kan utredas och prövas av någon annan myndighet än ombudsmännen och om myndigheten inte tidigare har prövat saken, får en ombudsman överlämna ärendet till denna myndighet för handläggning. Endast ett ärende som har väckts genom klagomål får överlämnas till Justitiekanslern och endast efter överenskommelse med denne.</span>\r\n\t\t\t</p>\r\n\t\t\t<p class=\"NormalIndent\">\r\n\t\t\t\t<span>Om ett klagomål avser en befattningshavare som är advokat och om frågan som har väckts genom klagomålet är sådan att den enligt 8 kap. 6 § första stycket rättegångsbalken kan prövas av något organ inom advokatsamfundet, får en ombudsman överlämna klagomålet till samfundet för handläggning.</span>\r\n\t\t\t</p>\r\n\t\t\t<table cellspacing=\"0\" cellpadding=\"0\" class=\"TableGrid\" style=\"border-collapse:collapse; margin-left:0pt; width:305pt\">\r\n\t\t\t\t<tr>\r\n\t\t\t\t\t<td style=\"padding-left:5.4pt; padding-right:5.4pt; vertical-align:top; width:141.7pt\">\r\n\t\t\t\t\t\t<p class=\"NormalIndent\" style=\"margin-top:0pt; margin-bottom:0pt; text-indent:11.35pt; text-align:justify; line-height:12.5pt\">\r\n\t\t\t\t\t\t\t<span style=\"font-family:'Verdana'; font-size:9.5pt\"> </span>\r\n\t\t\t\t\t\t</p>\r\n\t\t\t\t\t</td>\r\n\t\t\t\t\t<td style=\"padding-left:5.4pt; padding-right:5.4pt; vertical-align:top; width:141.7pt\">\r\n\t\t\t\t\t\t<p class=\"NormalIndent\" style=\"margin-top:0pt; margin-bottom:0pt; text-indent:11.35pt; text-align:justify; line-height:12.5pt\">\r\n\t\t\t\t\t\t\t<span style=\"font-family:'Verdana'; font-size:9.5pt; font-style:italic\">En sådan särskild utredning av omständigheter som kan ligga till grund för att skilja en riksrevisor från uppdraget som avses i 13 kap. 7 § andra stycket riksdagsordningen får inte överlämnas enligt första stycket.</span>\r\n\t\t\t\t\t\t</p>\r\n\t\t\t\t\t</td>\r\n\t\t\t\t</tr>\r\n\t\t\t</table>\r\n\t\t\t<p class=\"NormalIndent\">\r\n\t\t\t\t<span> </span>\r\n\t\t\t</p>\r\n\t\t\t<p style=\"margin-top:0pt; margin-bottom:10pt; text-align:left; line-height:115%; font-size:9.5pt\">\r\n\t\t\t\t<br style=\"page-break-before:always; clear:both\" />\r\n\t\t\t</p>\r\n\t\t\t<p class=\"NormalIndent\">\r\n\t\t\t\t<span> </span>\r\n\t\t\t</p>\r\n\t\t\t<p class=\"R2\">\r\n\t\t\t\t<span>2</span><span>.</span><span> </span><span>Ändring i riksdagsstyrelsens förslag </span><span>till lag om ändring i lagen (2002:1022) om revision av statlig verksamhet m.m. </span>\r\n\t\t\t</p>\r\n\t\t\t<p class=\"NormalIndent\">\r\n\t\t\t\t<span> </span>\r\n\t\t\t</p>\r\n\t\t\t<table cellspacing=\"0\" cellpadding=\"0\" class=\"TableGrid\" style=\"border-collapse:collapse; margin-left:0pt; width:305pt\">\r\n\t\t\t\t<tr>\r\n\t\t\t\t\t<td style=\"padding-left:5.4pt; padding-right:5.4pt; vertical-align:top; width:141.7pt\">\r\n\t\t\t\t\t\t<p style=\"margin-top:3.1pt; margin-bottom:0pt; text-align:justify; line-height:12.5pt\">\r\n\t\t\t\t\t\t\t<span style=\"font-family:'Verdana'; font-size:9.5pt; font-style:italic\">Nuvarande lydelse</span>\r\n\t\t\t\t\t\t</p>\r\n\t\t\t\t\t</td>\r\n\t\t\t\t\t<td style=\"padding-left:5.4pt; padding-right:5.4pt; vertical-align:top; width:141.7pt\">\r\n\t\t\t\t\t\t<p style=\"margin-top:3.1pt; margin-bottom:0pt; text-align:justify; line-height:12.5pt\">\r\n\t\t\t\t\t\t\t<span style=\"font-family:'Verdana'; font-size:9.5pt; font-style:italic\">Utskottets förslag</span>\r\n\t\t\t\t\t\t</p>\r\n\t\t\t\t\t</td>\r\n\t\t\t\t</tr>\r\n\t\t\t</table>\r\n\t\t\t<p class=\"NormalIndent\">\r\n\t\t\t\t<span> </span>\r\n\t\t\t</p>\r\n\t\t\t<p class=\"NormalIndent\" style=\"text-indent:0pt; text-align:center\">\r\n\t\t\t\t<span>7</span><span> §</span>\r\n\t\t\t</p>\r\n\t\t\t<table cellspacing=\"0\" cellpadding=\"0\" class=\"TableGrid\" style=\"border-collapse:collapse; margin-left:0pt; width:305pt\">\r\n\t\t\t\t<tr>\r\n\t\t\t\t\t<td style=\"padding-left:5.4pt; padding-right:5.4pt; vertical-align:top; width:141.7pt\">\r\n\t\t\t\t\t\t<p class=\"NormalIndent\" style=\"margin-top:0pt; margin-bottom:0pt; text-indent:11.35pt; text-align:justify; line-height:12.5pt\">\r\n\t\t\t\t\t\t\t<span style=\"font-family:'Verdana'; font-size:9.5pt\">Riksrevisionen får vid vite förelägga den som avses i 2 § 6 att full</span><span style=\"font-family:'Verdana'; font-size:9.5pt\">göra </span><span style=\"font-family:'Verdana'; font-size:9.5pt\">sin skyldighet enligt </span><span style=\"font-family:'Verdana'; font-size:9.5pt; font-style:italic\">6 §</span><span style=\"font-family:'Verdana'; font-size:9.5pt\">. Detta gäller dock inte kommuner och landsting.</span>\r\n\t\t\t\t\t\t</p>\r\n\t\t\t\t\t</td>\r\n\t\t\t\t\t<td style=\"padding-left:5.4pt; padding-right:5.4pt; vertical-align:top; width:141.7pt\">\r\n\t\t\t\t\t\t<p class=\"NormalIndent\" style=\"margin-top:0pt; margin-bottom:0pt; text-indent:11.35pt; text-align:justify; line-height:12.5pt\">\r\n\t\t\t\t\t\t\t<span style=\"font-family:'Verdana'; font-size:9.5pt\">Riksrevisionen får vid vite förelägga den som avses i 2 § 6 att full</span><span style=\"font-family:'Verdana'; font-size:9.5pt\">göra </span><span style=\"font-family:'Verdana'; font-size:9.5pt\">sin skyldighet enligt </span><span style=\"font-family:'Verdana'; font-size:9.5pt; font-style:italic\">13 kap. 7 § andra stycket regeringsformen</span><span style=\"font-family:'Verdana'; font-size:9.5pt\">. Detta gäller dock inte kommuner och landsting.</span><span style=\"font-family:'Verdana'; font-size:9.5pt; font-weight:bold\"> </span>\r\n\t\t\t\t\t\t</p>\r\n\t\t\t\t\t</td>\r\n\t\t\t\t</tr>\r\n\t\t\t</table>\r\n\t\t\t<p style=\"margin-top:0pt; margin-bottom:10pt; text-align:left; line-height:115%; font-size:9.5pt\">\r\n\t\t\t\t<br style=\"page-break-before:always; clear:both\" />\r\n\t\t\t</p>\r\n\t\t\t<p>\r\n\t\t\t\t<span> </span>\r\n\t\t\t</p>\r\n\t\t\t<p class=\"R2\">\r\n\t\t\t\t<span>3</span><span>.</span><span> Förslag till lag om ändring i studiestödsdatalagen (2009:287) </span>\r\n\t\t\t</p>\r\n\t\t\t<p class=\"NormalIndent\">\r\n\t\t\t\t<span>Härigenom föreskrivs att 14 § studiestödsdatalagen </span><span>(2009:287) </span><span>ska ha följande lydelse. </span>\r\n\t\t\t</p>\r\n\t\t\t<p class=\"NormalIndent\">\r\n\t\t\t\t<span> </span>\r\n\t\t\t</p>\r\n\t\t\t<table cellspacing=\"0\" cellpadding=\"0\" class=\"TableGrid\" style=\"border-collapse:collapse; margin-left:0pt; width:305pt\">\r\n\t\t\t\t<tr>\r\n\t\t\t\t\t<td style=\"padding-left:5.4pt; padding-right:5.4pt; vertical-align:top; width:141.7pt\">\r\n\t\t\t\t\t\t<p style=\"margin-top:3.1pt; margin-bottom:0pt; text-align:justify; line-height:12.5pt\">\r\n\t\t\t\t\t\t\t<span style=\"font-family:'Verdana'; font-size:9.5pt; font-style:italic\">Nuvarande lydelse</span>\r\n\t\t\t\t\t\t</p>\r\n\t\t\t\t\t</td>\r\n\t\t\t\t\t<td style=\"padding-left:5.4pt; padding-right:5.4pt; vertical-align:top; width:141.7pt\">\r\n\t\t\t\t\t\t<p style=\"margin-top:3.1pt; margin-bottom:0pt; text-align:justify; line-height:12.5pt\">\r\n\t\t\t\t\t\t\t<span style=\"font-family:'Verdana'; font-size:9.5pt; font-style:italic\">Utskottets f</span><span style=\"font-family:'Verdana'; font-size:9.5pt; font-style:italic\">örslag</span>\r\n\t\t\t\t\t\t</p>\r\n\t\t\t\t\t</td>\r\n\t\t\t\t</tr>\r\n\t\t\t</table>\r\n\t\t\t<p class=\"NormalIndent\">\r\n\t\t\t\t<span> </span>\r\n\t\t\t</p>\r\n\t\t\t<p class=\"NormalIndent\" style=\"text-indent:0pt; text-align:center\">\r\n\t\t\t\t<span>14 §</span>\r\n\t\t\t</p>\r\n\t\t\t<table cellspacing=\"0\" cellpadding=\"0\" class=\"TableGrid\" style=\"border-collapse:collapse; margin-left:0pt; width:305pt\">\r\n\t\t\t\t<tr>\r\n\t\t\t\t\t<td style=\"padding-left:5.4pt; padding-right:5.4pt; vertical-align:top; width:141.7pt\">\r\n\t\t\t\t\t\t<p class=\"NormalIndent\" style=\"margin-top:0pt; margin-bottom:0pt; text-indent:11.35pt; text-align:justify; line-height:12.5pt\">\r\n\t\t\t\t\t\t\t<span style=\"font-family:'Verdana'; font-size:9.5pt\">På begäran enligt </span><span style=\"font-family:'Verdana'; font-size:9.5pt; font-style:italic\">6 § lagen (2002:1022) om revision av statlig verksamhet m.m.</span><span style=\"font-family:'Verdana'; font-size:9.5pt\"> får personuppgifter lämnas ut till Riksrevisionen på medium för automatiserad behandling.</span>\r\n\t\t\t\t\t\t</p>\r\n\t\t\t\t\t</td>\r\n\t\t\t\t\t<td style=\"padding-left:5.4pt; padding-right:5.4pt; vertical-align:top; width:141.7pt\">\r\n\t\t\t\t\t\t<p class=\"NormalIndent\" style=\"margin-top:0pt; margin-bottom:0pt; text-indent:11.35pt; text-align:justify; line-height:12.5pt\">\r\n\t\t\t\t\t\t\t<span style=\"font-family:'Verdana'; font-size:9.5pt\">På begäran enligt </span><span style=\"font-family:'Verdana'; font-size:9.5pt; font-style:italic\">13 kap. 7 § andra stycket regeringsformen</span><span style=\"font-family:'Verdana'; font-size:9.5pt\"> får personuppgifter lämnas ut till Riksrevisionen på medium för automatiserad behandling.</span>\r\n\t\t\t\t\t\t</p>\r\n\t\t\t\t\t</td>\r\n\t\t\t\t</tr>\r\n\t\t\t</table>\r\n\t\t\t<p class=\"NormalIndent\" style=\"text-align:left\">\r\n\t\t\t\t<span> </span>\r\n\t\t\t</p>\r\n\t\t\t<p>\r\n\t\t\t\t<span style=\"text-decoration:underline\"> </span><span style=\"text-decoration:underline\"> </span><span style=\"text-decoration:underline\"> </span><span style=\"text-decoration:underline\"> </span><span style=\"text-decoration:underline\"> </span><span style=\"text-decoration:underline\"> </span><span style=\"text-decoration:underline\"> </span><span style=\"text-decoration:underline\"> </span><span style=\"text-decoration:underline\"> </span><span style=\"text-decoration:underline\"> </span><span style=\"text-decoration:underline\"> </span><span style=\"text-decoration:underline\"> </span><span style=\"text-decoration:underline\"> </span><span style=\"text-decoration:underline\"> </span><span style=\"text-decoration:underline\"> </span><span style=\"text-decoration:underline\"> </span><span style=\"text-decoration:underline\"> </span><span style=\"text-decoration:underline\"> </span><span style=\"text-decoration:underline\"> </span><span style=\"text-decoration:underline\"> </span><span style=\"text-decoration:underline\"> </span><span style=\"text-decoration:underline\"> </span><span style=\"text-decoration:underline\"> </span><span style=\"text-decoration:underline\"> </span><span style=\"text-decoration:underline\"> </span><span style=\"text-decoration:underline\"> </span><span style=\"text-decoration:underline\"> </span><span style=\"text-decoration:underline\"> </span><span style=\"text-decoration:underline\"> </span><span style=\"text-decoration:underline\"> </span><span style=\"text-decoration:underline\"> </span><span style=\"text-decoration:underline\"> </span><span style=\"text-decoration:underline\"> </span><span style=\"text-decoration:underline\"> </span><span style=\"text-decoration:underline\"> </span><span style=\"text-decoration:underline\"> </span><span style=\"text-decoration:underline\"> </span><span style=\"text-decoration:underline\"> </span>\r\n\t\t\t</p>\r\n\t\t\t<p class=\"NormalIndent\">\r\n\t\t\t\t<span>Denna lag träder i kraft den </span><span>1 januari 2019. </span>\r\n\t\t\t</p>\r\n\t\t</div>\r\n\t\t<hr style=\"width:33%; height:1px; text-align:left; -aw-footnote-numberstyle:0; -aw-footnote-startnumber:1; -aw-footnote-type:0\" />\r\n\t\t<div id=\"_ftn1\" style=\"-aw-footnote-isauto:1\">\r\n\t\t\t<p class=\"FootnoteText\">\r\n\t\t\t\t<a href=\"#_ftnref1\"><span class=\"FootnoteReference\" style=\"font-size:6.33pt\">[1]</span></a><span> Senaste lydelse 2017:1025.</span>\r\n\t\t\t</p>\r\n\t\t</div>\r\n\t"},"dokutskottsforslag":{"utskottsforslag":[{"punkt":"1","rubrik":"Vilande lagförslag","forslag":"Riksdagen antar slutligt&nbsp;det vilande förslaget i bilaga 2 och 3 till lag om ändring i regeringsformen och&nbsp;lag om ändring i riksdagsordningen.<BR/><BR/><BR/>","beslutstyp":"acklamation","motforslag_nummer":"0","motforslag_partier":null,"votering_id":null,"votering_sammanfattning_html":null,"votering_url_xml":null,"rm":"2018/19","bet":"KU4","vinnare":"utskottet"},{"punkt":"2","rubrik":"Övriga lagförslag","forslag":"Riksdagen antar&nbsp;<br>a) riksdagsstyrelsens förslag i bilaga 4 till <br>1. lag om ändring i lagen (1986:765) med instruktion för Riksdagens ombudsmän med den ändringen att 18 § ska ha den lydelse som utskottet föreslår i bilaga 5,<br>2. lag om ändring i lagen (2002:1022)&nbsp;om revision av statlig verksamhet m.m. med de ändringarna att&nbsp;&nbsp;&nbsp;<br>-&nbsp; 7 § ska ha den lydelse som utskottet föreslår i bilaga 5,<br>-&nbsp; ingressen ska ha den lydelse som följer av detta,<br>b) utskottets förslag i bilaga 5 till lag om ändring i studiestödsdatalagen (2009:287).<BR/>Därmed bifaller riksdagen delvis framställning 2017/18:RS4 punkterna 3 och 4.<BR/><BR/>","beslutstyp":"acklamation","motforslag_nummer":"0","motforslag_partier":null,"votering_id":null,"votering_sammanfattning_html":null,"votering_url_xml":null,"rm":"2018/19","bet":"KU4","vinnare":"utskottet"}]},"dokaktivitet":{"aktivitet":[{"kod":"UBE","namn":"Beredning","datum":"2018-10-18 00:00:00","status":"inträffat","ordning":"0","process":null},{"kod":"UBE","namn":"Beredning","datum":"2018-10-25 00:00:00","status":"inträffat","ordning":"0","process":null},{"kod":"JUS","namn":"Justering","datum":"2018-11-06 00:00:00","status":"inträffat","ordning":"0","process":null},{"kod":"TRY","namn":"Trycklov","datum":"2018-11-07 00:00:00","status":"inträffat","ordning":"0","process":null},{"kod":"B","namn":"Bordläggning","datum":"2018-11-13 00:00:00","status":"inträffat","ordning":"0","process":null},{"kod":"BEH","namn":"Behandling","datum":"2018-11-14 00:00:00","status":"inträffat","ordning":"0","process":null},{"kod":"BES","namn":"Beslut","datum":"2018-11-14 00:00:00","status":"inträffat","ordning":"0","process":null}]},"dokuppgift":{"uppgift":[{"kod":"beslutssammanfattningusk","namn":"Utskottets förslag till beslut","text":"Antar slutligt det vilande förslaget till lag om ändring i regeringsformen och lag om ändring i riksdagsordningen. Delvis bifall till framställningen punkterna 3 och 4.","dok_id":"H601KU4","systemdatum":"2018-11-07 17:08:56"},{"kod":"rdbeslut","namn":"Riksdagens beslut","text":"Kammaren biföll utskottets förslag.","dok_id":"H601KU4","systemdatum":"2018-11-14 16:31:13"},{"kod":"notis","namn":"Beslut i korthet","text":"                           <p>Riksdagen har&nbsp;slutligt antagit vilande förslag till lag om ändring i regeringsformen och lag om ändring i riksdagsordningen. Det handlar bland annat om att reglerna om hur många riksrevisorerna ska vara flyttas från regeringsformen till riksdagsordningen. Syftet är att antalet riksrevisorer, vid behov, ska kunna ändras snabbare.</p>\r\n<p>Förändringen innebär vidare att det införs krav på kvalificerad majoritet för att riksdagen ska kunna skilja en riksrevisor från sitt uppdrag. Konstitutionsutskottet får rätt att tillsätta en utredning som kan ligga till grund för att skilja en riksrevisor från uppdraget och att ge justitieombudsmännen, JO, i uppdrag att biträda utskottet med en sådan utredning. Vidare flyttas&nbsp;en bestämmelse om samverkans- och uppgiftsskyldighet från vanlig lag till regeringsformen och förtydligas på så sätt att Riksrevisionen har rätt till den information som myndigheten begär.</p>\r\n<p>För att ändra en grundlag krävs att riksdagen fattar två beslut med likadant innehåll och att det hålls val till riksdagen mellan de två besluten. Den 11 april 2018 antog riksdagen förslagen om grundlagsändringar som vilande. Nu har&nbsp;riksdagen slutligt antagit grundlagsändringarna. De nya reglerna börjar gälla den 1 januari 2019.</p>\r\n                                            ","dok_id":"H601KU4","systemdatum":"2018-11-14 16:41:49"},{"kod":"notisrubrik","namn":"Beslut","text":"Regler om Riksrevisionen ändras i grundlag (KU4)","dok_id":"H601KU4","systemdatum":"2018-11-14 16:41:49"},{"kod":"utsknotis","namn":"Utskottets förslag till beslut","text":"                           <p>Konstitutionsutskottet (KU) föreslår att riksdagen slutligt antar vilande förslag till lag om ändring i regeringsformen och lag om ändring i riksdagsordningen. Det handlar bland annat om att reglerna om hur många riksrevisorerna ska vara flyttas från regeringsformen till riksdagsordningen.Syftet är att antalet riksrevisorer, vid behov, ska kunna ändras snabbare.</p>\r\n<p>Förslaget innebär vidare att det införs krav på kvalificerad majoritet för att riksdagen ska kunna skilja en riksrevisor från sitt uppdrag. Konstitutionsutskottet får rätt att tillsätta en utredning som kan ligga till grund för att skilja en riksrevisor från uppdraget och att ge justitieombudsmännen, JO, i uppdrag att biträda utskottet med en sådan utredning. Vidare föreslås att en bestämmelse om samverkans- och uppgiftsskyldighet flyttas från vanlig lag till regeringsformen och förtydligas på så sätt att Riksrevisionen har rätt till den information som myndigheten begär.</p>\r\n<p>För att ändra en grundlag krävs att riksdagen fattar två beslut med likadant<br />innehåll och att det hålls val till riksdagen mellan de två besluten. Den 11<br />april 2018 antog riksdagen förslagen om grundlagsändringar som vilande. Nu<br />föreslår konstitutionsutskottet att riksdagen slutligt antar<br />grundlagsändringarna.&nbsp;De nya reglerna föreslås börja gälla den 1 januari 2019.</p>\r\n                                            ","dok_id":"H601KU4","systemdatum":"2018-11-14 16:41:49"},{"kod":"utsknotisrubrik","namn":"Utskottets förslag","text":"Regler om Riksrevisionen ändras i grundlag (KU4)","dok_id":"H601KU4","systemdatum":"2018-11-14 16:41:49"},{"kod":"statustext","namn":"statustext","text":"Ärendet är avslutat","dok_id":"H601KU4","systemdatum":"2018-11-15 13:29:29"},{"kod":"debattdatumtid","namn":"Datum och tid för debatten","text":"2018-11-14 00:00:00","dok_id":"H601KU4","systemdatum":"2018-11-14 16:41:49"},{"kod":"beslutdatumtid","namn":"Datum och tid för beslutet","text":"2018-11-14 00:00:00","dok_id":"H601KU4","systemdatum":"2018-11-14 16:41:49"}]},"dokbilaga":{"bilaga":{"dok_id":"H601KU4","titel":"Översyn av Riksrevisionen - grundlagsfrågor (vilande grundlagsbeslut, m.m.)","subtitel":null,"filnamn":"2018_19_KU4_20181107170816_Publicering.pdf","filstorlek":"868538","filtyp":"pdf","fil_url":"http://data.riksdagen.se/fil/84F885DE-8881-4A30-ADF8-229D2FEDCB4D"}},"dokreferens":{"referens":[{"referenstyp":"behandlar","uppgift":"Framställning 2017/18:RS4 Översyn av Riksrevisionen - grundlagsfrågor","ref_dok_id":"H504RS4","ref_dok_typ":"frsrdg","ref_dok_rm":"2017/18","ref_dok_bet":"RS4","ref_dok_titel":"Översyn av Riksrevisionen - grundlagsfrågor","ref_dok_subtitel":null,"ref_dok_subtyp":"framst","ref_dok_dokumentnamn":"Framställning"},{"referenstyp":"föredragningslista","uppgift":"föredragningslista 2018/19:16 Onsdag den 14 november 2018","ref_dok_id":"H60I16","ref_dok_typ":"f-lista","ref_dok_rm":"2018/19","ref_dok_bet":"16","ref_dok_titel":"Onsdag den 14 november 2018","ref_dok_subtitel":null,"ref_dok_subtyp":null,"ref_dok_dokumentnamn":"Föredragningslista"},{"referenstyp":"protokollbeslut","uppgift":"2018-11-14","ref_dok_id":"H60916","ref_dok_typ":"prot","ref_dok_rm":"2018/19","ref_dok_bet":"16","ref_dok_titel":"Protokoll 2018/19:16 Onsdagen den 14 november","ref_dok_subtitel":null,"ref_dok_subtyp":null,"ref_dok_dokumentnamn":"Protokoll"},{"referenstyp":"rskr","uppgift":null,"ref_dok_id":"H60K18","ref_dok_typ":"rskr","ref_dok_rm":"2018/19","ref_dok_bet":"18","ref_dok_titel":"Riksdagsskrivelse 2018/19:18","ref_dok_subtitel":null,"ref_dok_subtyp":"rskr","ref_dok_dokumentnamn":"Riksdagsskrivelse"},{"referenstyp":"rskr","uppgift":null,"ref_dok_id":"H60K19","ref_dok_typ":"rskr","ref_dok_rm":"2018/19","ref_dok_bet":"19","ref_dok_titel":"Riksdagsskrivelse 2018/19:19","ref_dok_subtitel":null,"ref_dok_subtyp":"rskr","ref_dok_dokumentnamn":"Riksdagsskrivelse"},{"referenstyp":"rskr","uppgift":null,"ref_dok_id":"H60K20","ref_dok_typ":"rskr","ref_dok_rm":"2018/19","ref_dok_bet":"20","ref_dok_titel":"Riksdagsskrivelse 2018/19:20","ref_dok_subtitel":null,"ref_dok_subtyp":"rskr","ref_dok_dokumentnamn":"Riksdagsskrivelse"},{"referenstyp":"rskr","uppgift":null,"ref_dok_id":"H60K21","ref_dok_typ":"rskr","ref_dok_rm":"2018/19","ref_dok_bet":"21","ref_dok_titel":"Riksdagsskrivelse 2018/19:21","ref_dok_subtitel":null,"ref_dok_subtyp":"rskr","ref_dok_dokumentnamn":"Riksdagsskrivelse"}]},"debatt":null}}