{"dokumentstatus":{"dokument":{"hangar_id":"5022754","dok_id":"H601CU19","rm":"2018/19","beteckning":"CU19","typ":"bet","subtyp":"bet","doktyp":"bet","typrubrik":"Betänkande 2018/19:CU19","dokumentnamn":"Betänkande","debattnamn":"Debatt om förslag","tempbeteckning":"","organ":"CU","mottagare":"","nummer":"19","slutnummer":"0","datum":"2019-05-28 00:00:00","systemdatum":"2019-06-25 16:01:10","publicerad":"2019-02-25 10:35:39","titel":"Större frihet att bygga altaner","subtitel":"","status":"Webbpublicering","htmlformat":"html","relaterat_id":"","source":"RIM","sourceid":"c4981bbc-88d5-441b-9dc6-fc2d8001a905","dokument_url_text":"http://data.riksdagen.se/dokument/H601CU19/text","dokument_url_html":"http://data.riksdagen.se/dokument/H601CU19","dokumentstatus_url_xml":"http://data.riksdagen.se/dokumentstatus/H601CU19","utskottsforslag_url_xml":"http://data.riksdagen.se/utskottsforslag/H601CU19","html":"<style><!--\r\n .w600px{width: 600px;font-family:Verdana, Geneva, sans-serif}\r\nh2.dtyp{font-size:1.5em !important;} \r\n/********************************************************************************************************/\r\n/* Styles for D:\\Logs\\DocumentConverter\\\\Output_52761191-ec92-404c-b499-dec5f54b0db7\\HTML\\Dokument.html */\r\n/* Generated by Aspose.Words for .NET 15.3.0.0                                                          */\r\n/********************************************************************************************************/\r\n\r\n@page Section1 { size:467.8pt 686.05pt; margin:45.35pt 102.05pt 73.7pt 70.85pt }\r\ndiv.Section1 { page:Section1 }\r\nzbody { text-align:justify; line-height:12.5pt; font-family:'Verdana'; font-size:9.5pt }\r\nzh1, h2, h3, h4, h5, h6, p { margin:3.1pt 0pt 0pt }\r\nzli, table { margin-top:3.1pt; margin-bottom:0pt }\r\nzh1 { margin-top:3.1pt; margin-bottom:12pt; text-align:left; page-break-after:avoid; line-height:12.5pt; font-family:'Verdana'; font-size:16pt; font-weight:normal }\r\nzh2 { margin-top:20pt; margin-bottom:6pt; text-align:left; page-break-inside:avoid; page-break-after:avoid; line-height:12.5pt; font-family:'Verdana'; font-size:13.5pt; font-weight:normal }\r\nzh3 { margin-top:20pt; margin-bottom:3.1pt; text-align:left; page-break-inside:avoid; page-break-after:avoid; line-height:12.5pt; font-family:'Verdana'; font-size:10.5pt; font-weight:bold }\r\nzh4 { margin-top:15pt; margin-bottom:3.1pt; text-align:left; page-break-inside:avoid; page-break-after:avoid; line-height:12.5pt; font-family:'Verdana'; font-size:10.5pt; font-weight:normal; font-style:italic; color:#000000 }\r\nzh5 { margin-top:6.25pt; margin-bottom:0pt; text-align:justify; page-break-inside:avoid; page-break-after:avoid; line-height:12.5pt; font-family:'Verdana'; font-size:9.5pt; font-weight:bold }\r\nzh6 { margin-top:6.25pt; margin-bottom:0pt; text-align:justify; page-break-inside:avoid; page-break-after:avoid; line-height:12.5pt; font-family:'Verdana'; font-size:9.5pt; font-weight:normal; font-style:italic; color:#000000 }\r\n.Heading7 { margin-top:2pt; margin-bottom:0pt; text-align:justify; page-break-inside:avoid; page-break-after:avoid; line-height:12.5pt; font-family:'Verdana'; font-size:9.5pt; font-weight:normal; font-style:italic; color:#243f60 }\r\n.Heading8 { margin-top:2pt; margin-bottom:0pt; text-align:justify; page-break-inside:avoid; page-break-after:avoid; line-height:12.5pt; font-family:'Verdana'; font-size:9pt; font-weight:normal; color:#272727 }\r\n.Heading9 { margin-top:2pt; margin-bottom:0pt; text-align:justify; page-break-inside:avoid; page-break-after:avoid; line-height:12.5pt; font-family:'Verdana'; font-size:9pt; font-weight:normal; font-style:italic; color:#272727 }\r\n.Avsnittsrubrik { margin-top:0pt; margin-bottom:27.7pt; text-align:left; page-break-before:always; page-break-after:avoid; line-height:normal; font-family:'Verdana'; font-size:16pt }\r\n.Avvikandemeningrubrik { margin-top:0pt; margin-bottom:3.1pt; text-align:left; page-break-inside:avoid; page-break-after:avoid; line-height:12.5pt; font-family:'Verdana'; font-size:10.5pt; font-weight:bold }\r\n.BalloonText { margin-top:3.1pt; margin-bottom:0pt; text-align:justify; line-height:normal; font-family:Tahoma; font-size:8pt }\r\n.Bilaga { margin-top:0pt; margin-bottom:0pt; text-align:left; page-break-before:always; page-break-after:avoid; line-height:normal; widows:0; orphans:0; font-family:'Verdana'; font-size:8pt; font-variant:small-caps; text-decoration:underline }\r\n.Bilagerubrik { margin-top:0pt; margin-bottom:17.7pt; text-align:left; page-break-after:auto; line-height:normal; widows:0; orphans:0; font-family:'Verdana'; font-size:16pt }\r\n.Bild-Rubrik { margin-top:8pt; margin-bottom:0pt; text-align:justify; page-break-inside:avoid; page-break-after:avoid; line-height:10pt; font-family:'Verdana'; font-size:9.5pt; font-weight:bold }\r\n.Bild-Underrubrik { margin-top:0pt; margin-bottom:1pt; text-align:left; page-break-inside:avoid; page-break-after:avoid; line-height:8pt; font-family:'Verdana'; font-size:8pt; font-weight:normal; font-style:italic }\r\n.BodyText { margin-top:3.1pt; margin-bottom:0pt; text-align:left; line-height:12.5pt; font-family:'Verdana'; font-size:9.5pt }\r\n.BodyTextIndent2 { margin-top:3.1pt; margin-left:14.15pt; margin-bottom:6pt; text-align:justify; line-height:200%; font-family:'Verdana'; font-size:9.5pt }\r\n.Citatindrag { margin-top:0pt; margin-left:14.2pt; margin-bottom:6.1pt; text-indent:14.2pt; text-align:justify; line-height:10pt; font-family:'Verdana'; font-size:9.5pt }\r\n.CommentText { margin-top:3.1pt; margin-bottom:0pt; text-align:justify; line-height:normal; font-family:'Verdana'; font-size:10pt }\r\n.Deltagare { margin-top:0pt; margin-bottom:0pt; text-align:justify; page-break-inside:avoid; page-break-after:avoid; line-height:9.5pt; font-family:'Verdana'; font-size:9.5pt }\r\n.Diagram-Rubrik { margin-top:8pt; margin-bottom:0pt; text-align:justify; page-break-inside:avoid; page-break-after:avoid; line-height:10pt; font-family:'Verdana'; font-size:9.5pt; font-weight:bold }\r\n.Diagram-Underrubrik { margin-top:0pt; margin-bottom:1pt; text-align:left; page-break-inside:avoid; page-break-after:avoid; line-height:8pt; font-family:'Verdana'; font-size:8pt; font-weight:normal; font-style:italic }\r\n.DokumentRubrik { margin-top:6pt; margin-bottom:24pt; text-align:left; line-height:normal; border-bottom-style:solid; border-bottom-width:0.75pt; border-bottom-color:#000000; padding-bottom:4pt; font-family:'Verdana'; font-size:18pt }\r\n.Dokumentbeteckning { margin-top:0pt; margin-bottom:0pt; text-align:left; page-break-inside:avoid; page-break-after:avoid; line-height:12.5pt; font-family:'Verdana'; font-size:16pt }\r\n.Footer { margin-top:3.1pt; margin-bottom:0pt; text-align:justify; line-height:normal; font-family:'Verdana'; font-size:9.5pt }\r\n.FootnoteText { margin-top:0pt; margin-bottom:0pt; text-align:justify; line-height:8pt; font-family:'Verdana'; font-size:8pt }\r\n.Fotnotstextindrag { margin-top:0pt; margin-left:5.65pt; margin-bottom:0pt; text-align:left; line-height:8pt; font-family:'Verdana'; font-size:8pt }\r\n.Frslagspunkt { margin-top:0pt; margin-bottom:0pt; text-align:left; page-break-inside:avoid; page-break-after:avoid; line-height:12.5pt; font-family:'Verdana'; font-size:9.5pt; font-weight:bold }\r\n.Frslagstext { margin-top:0pt; margin-bottom:0pt; text-align:justify; line-height:12.5pt; font-family:'Verdana'; font-size:9.5pt }\r\n.Frteckningsrubrik { margin-top:9.6pt; margin-bottom:3.1pt; text-align:left; page-break-inside:avoid; page-break-after:avoid; line-height:normal; font-family:'Verdana'; font-size:9.5pt; font-weight:normal; font-style:italic; color:#000000 }\r\n.Grupprubrik { margin-top:6pt; margin-bottom:0pt; text-align:left; page-break-inside:avoid; page-break-after:avoid; line-height:12.5pt; font-family:'Verdana'; font-size:9.5pt; font-style:italic }\r\n.Grupprubrikindrag { margin-top:6pt; margin-left:22.1pt; margin-bottom:0pt; text-align:left; page-break-inside:avoid; page-break-after:avoid; line-height:12.5pt; font-family:'Verdana'; font-size:9.5pt; font-style:italic }\r\n.Header { margin-top:0pt; margin-bottom:0pt; text-align:justify; line-height:normal; font-family:'Verdana'; font-size:7.5pt; font-variant:small-caps }\r\n.Innehllsfrteckning { margin-top:0pt; margin-bottom:17.7pt; text-align:left; page-break-before:always; page-break-after:auto; line-height:normal; font-family:'Verdana'; font-size:16pt }\r\n.Kantrubrik { margin-top:0pt; margin-bottom:0pt; text-align:justify; line-height:normal; font-family:'Verdana'; font-size:7.5pt }\r\n.ListBullet { margin-top:6.25pt; margin-left:17.85pt; margin-bottom:6.25pt; text-indent:-17.85pt; text-align:justify; line-height:12.5pt; font-family:'Verdana'; font-size:9.5pt }\r\n.ListParagraph { margin-top:3.1pt; margin-left:28.35pt; margin-bottom:0pt; text-align:justify; line-height:12.5pt; font-family:'Verdana'; font-size:9.5pt }\r\n.Litentext { margin-top:0pt; margin-bottom:0pt; text-align:justify; line-height:normal; font-family:'Verdana'; font-size:8pt }\r\n.Mellanrubrik { margin-top:11pt; margin-bottom:3.1pt; text-align:left; page-break-after:avoid; line-height:12.5pt; font-family:'Verdana'; font-size:9.5pt; font-style:italic }\r\n.Mellanrum { margin-top:0pt; margin-bottom:0pt; text-align:left; page-break-before:auto; page-break-after:auto; line-height:1pt; widows:0; orphans:0; font-family:'Verdana'; font-size:1pt; font-variant:small-caps; text-decoration:none; color:#ffffff }\r\n.NormalIndent { margin-top:0pt; margin-bottom:0pt; text-indent:11.35pt; text-align:justify; line-height:12.5pt; font-family:'Verdana'; font-size:9.5pt }\r\n.Normalinskjuten { margin-top:0pt; margin-left:22.1pt; margin-bottom:0pt; text-align:justify; line-height:12.5pt; font-family:'Verdana'; font-size:9.5pt }\r\n.Normalinskjutenindrag { margin-top:0pt; margin-left:22.1pt; margin-bottom:0pt; text-indent:11.35pt; text-align:justify; line-height:12.5pt; font-family:'Verdana'; font-size:9.5pt }\r\n.Normalinskjutenkursiv { margin-top:6pt; margin-bottom:0pt; line-height:normal; font-family:'Verdana'; font-size:10pt; font-style:italic }\r\n.Normalkursiv { margin-top:3.1pt; margin-bottom:0pt; text-align:left; line-height:12.5pt; font-family:'Verdana'; font-size:9.5pt; font-style:italic }\r\n.Normalruta { margin:3.1pt 5.65pt 0pt; text-align:justify; page-break-inside:avoid; page-break-after:avoid; line-height:12.5pt; border-top-style:solid; border-top-width:0.75pt; border-top-color:#000000; border-right-style:solid; border-right-width:0.75pt; border-right-color:#000000; border-left-style:solid; border-left-width:0.75pt; border-left-color:#000000; border-bottom-style:solid; border-bottom-width:0.75pt; border-bottom-color:#000000; padding-top:4pt; padding-right:4pt; padding-left:4pt; padding-bottom:4pt; font-family:'Verdana'; font-size:10.5pt }\r\n.Normalrutafet { margin:3.1pt 5.65pt 0pt; text-align:justify; page-break-inside:avoid; page-break-after:avoid; line-height:12.5pt; border-top-style:solid; border-top-width:0.75pt; border-top-color:#000000; border-right-style:solid; border-right-width:0.75pt; border-right-color:#000000; border-left-style:solid; border-left-width:0.75pt; border-left-color:#000000; border-bottom-style:solid; border-bottom-width:0.75pt; border-bottom-color:#000000; padding-top:4pt; padding-right:4pt; padding-left:4pt; padding-bottom:4pt; font-family:'Verdana'; font-size:10.5pt; font-weight:bold }\r\n.Normalrutaindrag { margin:0pt 5.65pt; text-indent:11.35pt; text-align:justify; page-break-inside:avoid; page-break-after:avoid; line-height:12.5pt; border-top-style:solid; border-top-width:0.75pt; border-top-color:#000000; border-right-style:solid; border-right-width:0.75pt; border-right-color:#000000; border-left-style:solid; border-left-width:0.75pt; border-left-color:#000000; border-bottom-style:solid; border-bottom-width:0.75pt; border-bottom-color:#000000; padding-top:4pt; padding-right:4pt; padding-left:4pt; padding-bottom:4pt; font-family:'Verdana'; font-size:10.5pt }\r\n.Normalutanluftfre { margin-top:0pt; margin-bottom:0pt; text-align:justify; line-height:12.5pt; font-family:'Verdana'; font-size:9.5pt }\r\n.NormalNoll { margin-top:0pt; margin-bottom:3.1pt; text-align:left; line-height:12.5pt; font-family:'Verdana'; font-size:10.5pt; font-weight:bold }\r\n.NumlistaTOC { margin:3.1pt 28.35pt 0pt 0pt; text-indent:0pt; text-align:left; line-height:normal; font-family:'Verdana'; font-size:9.5pt }\r\n.Ordfranden { margin-top:3.1pt; margin-bottom:22pt; text-align:left; page-break-inside:avoid; page-break-after:avoid; line-height:normal; font-family:'Verdana'; font-size:9.5pt; font-style:italic }\r\n.OrtochDatum { margin-top:18pt; margin-bottom:18pt; text-align:left; page-break-inside:avoid; page-break-after:avoid; line-height:normal; font-family:'Verdana'; font-size:9.5pt }\r\n.Punktlistabomb { margin-top:6.25pt; margin-left:14.2pt; margin-bottom:6.25pt; text-indent:-14.2pt; text-align:justify; line-height:12.5pt; font-family:'Verdana'; font-size:9.5pt }\r\n.Punktlistagemener { margin-top:6.25pt; margin-left:14.2pt; margin-bottom:6.25pt; text-indent:-14.2pt; text-align:justify; line-height:12.5pt; font-family:'Verdana'; font-size:9.5pt }\r\n.Punktlistalinje { margin-top:6.25pt; margin-left:14.2pt; margin-bottom:6.25pt; text-indent:-14.2pt; text-align:justify; line-height:12.5pt; font-family:'Verdana'; font-size:9.5pt }\r\n.Punktlistasiffra { margin-top:6.25pt; margin-left:14.2pt; margin-bottom:6.25pt; text-indent:-14.2pt; text-align:justify; line-height:12.5pt; font-family:'Verdana'; font-size:9.5pt }\r\n.PVgnar { margin-top:3.1pt; margin-bottom:26pt; text-align:left; page-break-inside:avoid; page-break-after:avoid; line-height:normal; font-family:'Verdana'; font-size:9.5pt }\r\n.Quote { margin-top:6.1pt; margin-left:14.2pt; margin-bottom:0pt; text-align:justify; line-height:10pt; font-family:'Verdana'; font-size:9.5pt }\r\n.R1 { margin-top:3.1pt; margin-bottom:12pt; text-align:left; page-break-after:avoid; line-height:12.5pt; font-family:'Verdana'; font-size:16pt }\r\n.R1bilaga { margin-top:3.1pt; margin-bottom:12pt; text-align:left; page-break-after:auto; line-height:12.5pt; font-family:'Verdana'; font-size:16pt }\r\n.R2 { margin-top:20pt; margin-bottom:6pt; text-align:left; page-break-inside:avoid; page-break-after:avoid; line-height:12.5pt; font-family:'Verdana'; font-size:13.5pt }\r\n.R3 { margin-top:20pt; margin-bottom:3.1pt; text-align:left; page-break-inside:avoid; page-break-after:avoid; line-height:12.5pt; font-family:'Verdana'; font-size:10.5pt; font-weight:bold }\r\n.R4 { margin-top:15pt; margin-bottom:3.1pt; text-align:left; page-break-inside:avoid; page-break-after:avoid; line-height:12.5pt; font-family:'Verdana'; font-size:10.5pt; font-weight:normal; font-style:italic; color:#000000 }\r\n.R5 { margin-top:6.25pt; margin-bottom:0pt; text-align:justify; page-break-inside:avoid; page-break-after:avoid; line-height:12.5pt; font-family:'Verdana'; font-size:9.5pt; font-weight:bold }\r\n.R6 { margin-top:6.25pt; margin-bottom:0pt; text-align:justify; page-break-inside:avoid; page-break-after:avoid; line-height:12.5pt; font-family:'Verdana'; font-size:9.5pt; font-weight:normal; font-style:italic; color:#000000 }\r\n.Reservationshnvisning { margin-top:0pt; margin-bottom:8pt; text-align:right; line-height:12.5pt; font-family:'Verdana'; font-size:9.5pt; font-style:italic }\r\n.Reservationsrubrik { margin-top:0pt; margin-bottom:3.1pt; text-align:left; page-break-inside:avoid; page-break-after:avoid; line-height:12.5pt; font-family:'Verdana'; font-size:10.5pt; font-weight:bold }\r\n.Rubrik1Dokumentinformation { margin-top:0pt; margin-bottom:0pt; text-align:left; page-break-inside:avoid; page-break-after:avoid; line-height:12.5pt; font-family:'Verdana'; font-size:16pt }\r\n.Rubrik1bilaga { margin-top:0pt; margin-bottom:27.7pt; text-align:left; page-break-after:auto; line-height:12.5pt; font-family:'Verdana'; font-size:16pt }\r\n.Rubrik1medsidhuvud { margin-top:3.1pt; margin-bottom:12pt; text-align:left; page-break-before:always; page-break-after:avoid; line-height:12.5pt; font-family:'Verdana'; font-size:16pt }\r\n.Rubrik1numrerat { margin-top:3.1pt; margin-left:0pt; margin-bottom:12pt; text-indent:0pt; text-align:left; page-break-after:avoid; line-height:12.5pt; font-family:'Verdana'; font-size:16pt }\r\n.Rubrik1numreratmedsidhuvud { margin-top:0pt; margin-left:0pt; margin-bottom:16pt; text-indent:0pt; text-align:left; page-break-before:always; page-break-after:avoid; line-height:normal; font-family:'Verdana'; font-size:16pt }\r\n.Rubrik2bilaga { margin-top:20pt; margin-bottom:6pt; text-align:left; page-break-inside:avoid; page-break-after:avoid; line-height:12.5pt; font-family:'Verdana'; font-size:13.5pt }\r\n.Rubrik2numrerat { margin-top:20pt; margin-left:0pt; margin-bottom:6pt; text-indent:0pt; text-align:left; page-break-inside:avoid; page-break-after:avoid; line-height:12.5pt; font-family:'Verdana'; font-size:13.5pt }\r\n.Rubrik3numrerat { margin-top:20pt; margin-left:0pt; margin-bottom:3.1pt; text-indent:0pt; text-align:left; page-break-inside:avoid; page-break-after:avoid; line-height:12.5pt; font-family:'Verdana'; font-size:10.5pt; font-weight:bold }\r\n.Sammanfattning { margin-top:3.1pt; margin-bottom:12pt; text-align:left; page-break-after:auto; line-height:12.5pt; font-family:'Verdana'; font-size:16pt }\r\n.Sidhuvudhgerstlld { margin-top:0pt; margin-bottom:0pt; text-align:right; line-height:normal; font-family:'Verdana'; font-size:7.5pt; font-variant:small-caps }\r\n.Sidhuvudvnsterstlld { margin-top:0pt; margin-bottom:0pt; text-align:left; line-height:normal; font-family:'Verdana'; font-size:7.5pt; font-variant:small-caps }\r\n.Stdrubrik { margin-top:12pt; margin-bottom:0pt; line-height:12pt; font-family:'Verdana'; font-size:9.5pt; font-weight:bold }\r\n.Srskiltyttranderubrik { margin-top:0pt; margin-bottom:3.1pt; text-align:left; page-break-inside:avoid; page-break-after:avoid; line-height:12.5pt; font-family:'Verdana'; font-size:10.5pt; font-weight:bold }\r\n.TOC1 { margin-top:0pt; margin-right:28.35pt; margin-bottom:0pt; text-align:left; line-height:normal; font-family:'Verdana'; font-size:9.5pt }\r\n.TOC2 { margin:0pt 28.35pt 0pt 5.65pt; text-align:left; line-height:normal; font-family:'Verdana'; font-size:9.5pt }\r\n.TOC3 { margin:0pt 28.35pt 0pt 11.35pt; text-align:left; line-height:normal; font-family:'Verdana'; font-size:9.5pt }\r\n.TOC4 { margin:0pt 28.35pt 0pt 17pt; text-align:left; line-height:normal; font-family:'Verdana'; font-size:9.5pt }\r\n.TOC5 { margin:0pt 28.35pt 0pt 22.7pt; text-align:left; line-height:normal; font-family:'Verdana'; font-size:9.5pt }\r\n.TOC6 { margin-top:0pt; margin-left:47.65pt; margin-bottom:0pt; text-align:left; line-height:normal; font-family:'Verdana'; font-size:9.5pt }\r\n.TOC7 { margin-top:0pt; margin-right:28.35pt; margin-bottom:0pt; text-align:left; line-height:normal; font-family:'Verdana'; font-size:9.5pt }\r\n.TOC8 { margin-top:0pt; margin-right:28.35pt; margin-bottom:0pt; text-align:left; line-height:normal; font-family:'Verdana'; font-size:9.5pt }\r\n.TOC9 { margin-top:0pt; margin-left:8.5pt; margin-bottom:0pt; text-align:left; line-height:normal; font-family:'Verdana'; font-size:9.5pt }\r\n.TOCHeading { margin-top:3.1pt; margin-bottom:9pt; text-align:left; page-break-before:always; page-break-inside:avoid; page-break-after:avoid; line-height:12.5pt; font-family:'Verdana'; font-size:16pt }\r\n.Tabell-Kolumnrubrik { margin-bottom:0pt; line-height:12pt; font-family:'Verdana'; font-size:8pt; font-weight:bold }\r\n.Tabell-Klla { margin-top:2pt; margin-bottom:0pt; line-height:8pt; font-family:'Verdana'; font-size:7pt }\r\n.Tabell-Radrubrik { margin-bottom:0pt; line-height:12pt; font-family:'Verdana'; font-size:8pt }\r\n.Tabell-Rubrik { margin-top:12pt; margin-bottom:3pt; text-align:left; page-break-inside:avoid; page-break-after:avoid; line-height:10pt; font-family:'Verdana'; font-size:9pt; font-weight:bold }\r\n.Tabell-Siffror { margin-bottom:0pt; text-align:right; line-height:12pt; font-family:'Verdana'; font-size:8pt }\r\n.Tabell-Text { margin-bottom:0pt; line-height:12pt; font-family:'Verdana'; font-size:8pt }\r\n.Tabell-Underrubrik { margin-top:0pt; margin-bottom:1pt; text-align:left; page-break-inside:avoid; page-break-after:avoid; line-height:8pt; font-family:'Verdana'; font-size:8pt; font-weight:normal; font-style:italic }\r\n.TableofFigures { margin-top:3.1pt; margin-bottom:0pt; text-align:justify; line-height:normal; font-family:'Verdana'; font-size:9.5pt }\r\n.TillX-utskottet { margin-top:0pt; margin-bottom:12pt; text-align:left; page-break-after:avoid; line-height:12.5pt; font-family:'Verdana'; font-size:16pt }\r\n.Title { margin-top:3.1pt; margin-bottom:1pt; text-align:left; line-height:12pt; font-family:'Verdana'; font-size:20pt; letter-spacing:-0.5pt }\r\n.Vapen { margin-top:0pt; margin-bottom:0pt; text-align:left; page-break-inside:avoid; page-break-after:avoid; line-height:12.5pt; font-family:'Verdana'; font-size:16pt }\r\n.Yrkandelista { margin-top:3.1pt; margin-left:28.35pt; margin-bottom:0pt; text-indent:-28.35pt; text-align:justify; line-height:12.5pt; font-family:'Verdana'; font-size:9.5pt }\r\n.YrkandelistaEtt { margin-top:3.1pt; margin-left:0pt; margin-bottom:0pt; text-indent:0pt; text-align:justify; line-height:12.5pt; font-family:'Verdana'; font-size:9.5pt }\r\nspan.BallongtextChar { font-family:Tahoma; font-size:8pt }\r\nspan.BilagaChar { font-family:'Verdana'; font-size:8pt; font-variant:small-caps; text-decoration:underline }\r\nspan.BrdtextChar { font-family:'Verdana'; font-size:9.5pt }\r\nspan.BrdtextChar1 { font-family:'Verdana'; font-size:9.5pt }\r\nspan.Brdtextmedindrag2Char { font-family:'Verdana'; font-size:9.5pt }\r\nspan.CitatChar { font-family:'Verdana'; font-size:9.5pt }\r\nspan.DokumentRubrikChar { font-family:'Verdana'; font-size:18pt }\r\nspan.FotnotstextChar { font-family:'Verdana'; font-size:8pt }\r\nspan.FotnotstextindragChar { font-family:'Verdana'; font-size:8pt }\r\nspan.FrslagspunktChar { font-family:'Verdana'; font-size:9.5pt; font-weight:bold; font-style:normal }\r\nspan.Hyperlink { text-decoration:none; color:#000000 }\r\nspan.KommentarerChar { font-family:'Verdana'; font-size:10pt }\r\nspan.NormalkursivChar { font-family:'Verdana'; font-size:9.5pt; font-style:italic }\r\nspan.NormaltindragChar { font-family:'Verdana'; font-size:9.5pt }\r\nspan.OrdfrandenChar { font-family:'Verdana'; font-size:9.5pt; font-style:italic }\r\nspan.OrtochDatumChar { font-family:'Verdana'; font-size:9.5pt }\r\nspan.PlaceholderText { color:#808080 }\r\nspan.PVgnarChar { font-family:'Verdana'; font-size:9.5pt }\r\nspan.ReservationshnvisningChar { font-family:'Verdana'; font-size:9.5pt; font-style:italic }\r\nspan.Rubrik1Char { font-family:'Verdana'; font-size:16pt }\r\nspan.Rubrik1DokumentinformationChar { font-family:'Verdana'; font-size:16pt }\r\nspan.Rubrik2Char { font-family:'Verdana'; font-size:13.5pt }\r\nspan.Rubrik3Char { font-family:'Verdana'; font-size:10.5pt; font-weight:bold }\r\nspan.Rubrik4Char { font-family:'Verdana'; font-size:10.5pt; font-style:italic; color:#000000 }\r\nspan.Rubrik5Char { font-family:'Verdana'; font-size:9.5pt; font-weight:bold }\r\nspan.Rubrik6Char { font-family:'Verdana'; font-size:9.5pt; font-style:italic; color:#000000 }\r\nspan.Rubrik7Char { font-family:'Verdana'; font-size:9.5pt; font-style:italic; color:#243f60 }\r\nspan.Rubrik8Char { font-family:'Verdana'; font-size:9pt; color:#272727 }\r\nspan.Rubrik9Char { font-family:'Verdana'; font-size:9pt; font-style:italic; color:#272727 }\r\nspan.RubrikChar { font-family:'Verdana'; font-size:20pt; letter-spacing:-0.5pt }\r\nspan.SidfotChar { font-family:'Verdana'; font-size:9.5pt }\r\nspan.SidhuvudChar { font-family:'Verdana'; font-size:7.5pt; font-variant:small-caps }\r\nspan.Tabell-Upphjttecken { font-family:'Verdana'; font-variant:normal; text-decoration:none; text-transform:none; vertical-align:super; display:inline }\r\nspan.VapenChar { font-family:'Verdana'; font-size:16pt }\r\nspan.tBilagaJA { color:#000000 }\r\nspan.tSidrubrikJA { color:#000000 }\r\n.TableGrid {  }\r\n--></style>\r\n\r\n\t\t<div class=\"Section1\">\r\n\t\t\t<table cellspacing=\"0\" cellpadding=\"0\" style=\"border-collapse:collapse; margin-left:0pt\">\r\n\t\t\t\t<tr style=\"height:79.4pt\">\r\n\t\t\t\t\t<td style=\"vertical-align:top; width:297.7pt\">\r\n\t\t\t\t\t\t<p class=\"Rubrik1Dokumentinformation\" style=\"margin-top:0pt; margin-bottom:0pt; text-align:left; page-break-inside:avoid; page-break-after:avoid; line-height:16pt\">\r\n\t\t\t\t\t\t\t<span style=\"font-family:'Verdana'; font-size:16pt; -aw-sdt-tag:ccUtskott; -aw-sdt-title:'utskottsnamn Dokumentegenskap'\">Civilutskottet</span><span style=\"font-family:'Verdana'; font-size:16pt; -aw-sdt-tag:ccS; -aw-sdt-title:s\">s</span><span style=\"font-family:'Verdana'; font-size:16pt; -aw-sdt-tag:ccMellanslag; -aw-sdt-title:Mellanslag\"> </span><a name=\"Utlatande\"></a><span style=\"font-family:'Verdana'; font-size:16pt\">betänkande</span>\r\n\t\t\t\t\t\t</p>\r\n\t\t\t\t\t\t<p class=\"Dokumentbeteckning\" style=\"margin-top:0pt; margin-bottom:0pt; text-align:left; page-break-inside:avoid; page-break-after:avoid; line-height:16pt\">\r\n\t\t\t\t\t\t\t<span style=\"font-family:'Verdana'; font-size:16pt; -aw-sdt-tag:ccRiksmote; -aw-sdt-title:'riksmote Dokumentegenskap'\">2018/19</span><span style=\"font-family:'Verdana'; font-size:16pt; -aw-sdt-tag:ccKolon; -aw-sdt-title:Kolon\">:</span><a name=\"Utskottebeteckning\"></a><span style=\"font-family:'Verdana'; font-size:16pt\">CU19</span>\r\n\t\t\t\t\t\t</p>\r\n\t\t\t\t\t\t<p class=\"Rubrik1Dokumentinformation\" style=\"margin-top:0pt; margin-bottom:0pt; text-align:left; page-break-inside:avoid; page-break-after:avoid; line-height:16pt\">\r\n\t\t\t\t\t\t\t<span style=\"font-family:'Verdana'; font-size:16pt\"> </span>\r\n\t\t\t\t\t\t</p>\r\n\t\t\t\t\t</td>\r\n\t\t\t\t</tr>\r\n\t\t\t</table>\r\n\t\t\t<p class=\"DokumentRubrik\" style=\"-aw-sdt-tag:ccDokumentrubrik; -aw-sdt-title:'dokumentrubrik Dokumentegenskap'\">\r\n\t\t\t\t<span>Större frihet att bygga altaner</span>\r\n\t\t\t</p>\r\n\t\t\t<p class=\"Sammanfattning\">\r\n\t\t\t\t<span class=\"tSidrubrikJA\">Sammanfattning</span>\r\n\t\t\t</p>\r\n\t\t\t<p>\r\n\t\t\t\t<span>Utskotte</span><span>t ställer sig bakom</span><span> regeringens förslag till lagändringar i plan- och </span><span>bygglagen</span><span>. </span>\r\n\t\t\t</p>\r\n\t\t\t<p class=\"NormalIndent\">\r\n\t\t\t\t<span>Förslaget bygger på en överenskommelse mellan regeringen, Centerpartiet och Liberalerna</span><span> och </span><span>medför </span><span>en större frihet för fastighetsägare att bygga altaner. </span><span>Förslaget </span><span>innebär </span><span>att </span><span>det i plan- och bygglagen </span><span>bl.a. </span><span>införs ett undantag från kravet på bygglov för att uppföra en altan vid ett en- eller tvåbostadshus eller tillhörande komplementbostadshus</span><span> under v</span><span>issa förutsättningar</span><span>, samt</span><span> att</span><span> mindre (</span><span>lovfria</span><span>) altaner får </span><span>strida mot planbestämmelser</span><span>. Förslaget</span><span> syftar till att genomföra </span><span>ytterligare </span><span>regel</span><span>förenklingar</span><span> i plan- och bygglagen</span><span>. </span>\r\n\t\t\t</p>\r\n\t\t\t<p class=\"NormalIndent\">\r\n\t\t\t\t<span>Lagändringarna </span><span>föreslås träda</span><span> i kraft den 1 juli 2019.</span>\r\n\t\t\t</p>\r\n\t\t\t<p class=\"R4\">\r\n\t\t\t\t<span>Behandlade förslag</span>\r\n\t\t\t</p>\r\n\t\t\t<p>\r\n\t\t\t\t<span>Proposition 2018/19:112 Större frihet att bygga altaner.</span>\r\n\t\t\t</p>\r\n\t\t\t<p class=\"NormalIndent\">\r\n\t\t\t\t<span> </span>\r\n\t\t\t</p>\r\n\t\t\t<p class=\"Innehllsfrteckning\">\r\n\t\t\t\t<a name=\"Innehållsförteckning\"></a><span class=\"tSidrubrikJA\">Innehållsförteckning</span>\r\n\t\t\t</p>\r\n\t\t\t<p class=\"TOC1\">\r\n\t\t\t\t<a style=\"color:#000000\" href=\"#_Toc9943182\"><span class=\"Hyperlink\">Utskottets förslag till riksdagsbeslut</span></a>\r\n\t\t\t</p>\r\n\t\t\t<p class=\"TOC1\">\r\n\t\t\t\t<a style=\"color:#000000\" href=\"#_Toc9943183\"><span class=\"Hyperlink\">Redogörelse för ärendet</span></a>\r\n\t\t\t</p>\r\n\t\t\t<p class=\"TOC1\">\r\n\t\t\t\t<a style=\"color:#000000\" href=\"#_Toc9943184\"><span class=\"Hyperlink\">Utskottets överväganden</span></a>\r\n\t\t\t</p>\r\n\t\t\t<p class=\"TOC2\">\r\n\t\t\t\t<a style=\"color:#000000\" href=\"#_Toc9943185\"><span class=\"Hyperlink\">Större frihet att bygga altaner</span></a>\r\n\t\t\t</p>\r\n\t\t\t<p class=\"TOC8\">\r\n\t\t\t\t<span class=\"Hyperlink\" style=\"font-style:italic\">Bilaga 1</span><br /><a style=\"color:#000000\" href=\"#_Toc9943186\"><span class=\"Hyperlink\">Förteckning över behandlade förslag</span></a>\r\n\t\t\t</p>\r\n\t\t\t<p class=\"TOC9\">\r\n\t\t\t\t<a style=\"color:#000000\" href=\"#_Toc9943187\"><span class=\"Hyperlink\">Propositionen</span></a>\r\n\t\t\t</p>\r\n\t\t\t<p class=\"TOC8\">\r\n\t\t\t\t<span class=\"Hyperlink\" style=\"font-style:italic\">Bilaga 2</span><br /><a style=\"color:#000000\" href=\"#_Toc9943188\"><span class=\"Hyperlink\">Regeringens lagförslag</span></a>\r\n\t\t\t</p>\r\n\t\t\t<p>\r\n\t\t\t</p>\r\n\t\t\t<p>\r\n\t\t\t\t<span> </span>\r\n\t\t\t</p>\r\n\t\t\t<p class=\"NormalIndent\">\r\n\t\t\t\t<span> </span>\r\n\t\t\t</p>\r\n\t\t\t<p class=\"Avsnittsrubrik\">\r\n\t\t\t\t<a name=\"_Toc9943182\"></a><a name=\"StopCC\"></a><span class=\"tSidrubrikJA\">Utskottets förslag till riksdagsbeslut</span><span style=\"-aw-bookmark-end:_Toc9943182\"></span>\r\n\t\t\t</p>\r\n\t\t\t<p class=\"Mellanrum\">\r\n\t\t\t\t<span> </span>\r\n\t\t\t</p>\r\n\t\t\t<p class=\"Mellanrum\">\r\n\t\t\t\t<span> </span>\r\n\t\t\t</p>\r\n\t\t\t<table cellspacing=\"0\" cellpadding=\"0\" style=\"border-collapse:collapse; margin-left:0pt; width:294.2pt\">\r\n\t\t\t\t<tr>\r\n\t\t\t\t\t<td style=\"vertical-align:top; width:22pt\">\r\n\t\t\t\t\t\t<p style=\"margin-top:3.1pt; margin-bottom:0pt; text-align:justify; page-break-inside:avoid; page-break-after:avoid; line-height:12.5pt\">\r\n\t\t\t\t\t\t\t<span style=\"font-family:'Verdana'; font-size:10.5pt; font-weight:bold\">Större frihet att bygga altaner</span>\r\n\t\t\t\t\t\t</p>\r\n\t\t\t\t\t</td>\r\n\t\t\t\t</tr>\r\n\t\t\t</table>\r\n\t\t\t<p class=\"Normalutanluftfre\" style=\"-aw-sdt-tag:'dokumentavsnitt/utskottets förslag till riksdagsbeslut/-910085684/1559035527213'; -aw-sdt-title:'utskottets förslag till riksdagsbeslut'\">\r\n\t\t\t\t<span>Riksdagen antar regeringens förslag till lag om ändring i plan- och bygglagen (2010:900).</span>\r\n\t\t\t</p>\r\n\t\t\t<p class=\"NormalIndent\" style=\"text-indent:11.3pt; -aw-sdt-tag:'dokumentavsnitt/utskottets förslag till riksdagsbeslut/-910085684/1559035527213'; -aw-sdt-title:'utskottets förslag till riksdagsbeslut'\">\r\n\t\t\t\t<span>Därmed bifaller riksdagen proposition 2018/19:112.</span>\r\n\t\t\t</p>\r\n\t\t\t<p class=\"Mellanrum\" style=\"-aw-sdt-tag:'dokumentavsnitt/utskottets förslag till riksdagsbeslut/-910085684/1559035527213'; -aw-sdt-title:'utskottets förslag till riksdagsbeslut'\">\r\n\t\t\t\t<span> </span>\r\n\t\t\t</p>\r\n\t\t\t<p class=\"OrtochDatum\" style=\"-aw-sdt-tag:'dokumentavsnitt/utskottets förslag till riksdagsbeslut/-910085684/1559035527213'; -aw-sdt-title:'utskottets förslag till riksdagsbeslut'\">\r\n\t\t\t\t<span>Stockholm den 28 maj 2019</span>\r\n\t\t\t</p>\r\n\t\t\t<p class=\"PVgnar\" style=\"-aw-sdt-tag:'dokumentavsnitt/utskottets förslag till riksdagsbeslut/-910085684/1559035527213'; -aw-sdt-title:'utskottets förslag till riksdagsbeslut'\">\r\n\t\t\t\t<span>På civilutskottets vägnar</span>\r\n\t\t\t</p>\r\n\t\t\t<p class=\"Ordfranden\" style=\"-aw-sdt-tag:'dokumentavsnitt/utskottets förslag till riksdagsbeslut/-910085684/1559035527213'; -aw-sdt-title:'utskottets förslag till riksdagsbeslut'\">\r\n\t\t\t\t<span>Emma Hult</span>\r\n\t\t\t</p>\r\n\t\t\t<p class=\"Deltagare\" style=\"-aw-sdt-tag:'dokumentavsnitt/utskottets förslag till riksdagsbeslut/-910085684/1559035527213'; -aw-sdt-title:'utskottets förslag till riksdagsbeslut'\">\r\n\t\t\t\t<span>Följande ledamöter har deltagit i beslutet: Emma Hult (MP), Larry Söder (KD), Johan Löfstrand (S), Carl-Oskar Bohlin (M), Elin Lundgren (S), Cecilie Tenfjord Toftby (M), Mikael Eskilandersson (SD), Leif Nysmed (S), Ola Johansson (C), Momodou Malcolm Jallow (V), Lars Beckman (M), Roger Hedlund (SD), Sanne Lennström (S), Joakim Järrebring (S), Robert Hannah (L), Angelica Lundberg (SD) och David Josefsson (M).</span>\r\n\t\t\t</p>\r\n\t\t\t<p class=\"Mellanrum\" style=\"-aw-sdt-tag:'dokumentavsnitt/utskottets förslag till riksdagsbeslut/-910085684/1559035527213'; -aw-sdt-title:'utskottets förslag till riksdagsbeslut'\">\r\n\t\t\t\t<span> </span>\r\n\t\t\t</p>\r\n\t\t\t<p class=\"Mellanrum\" style=\"-aw-sdt-tag:'dokumentavsnitt/utskottets förslag till riksdagsbeslut/-910085684/1559035527213'; -aw-sdt-title:'utskottets förslag till riksdagsbeslut'\">\r\n\t\t\t\t<span> </span>\r\n\t\t\t</p>\r\n\t\t\t<p class=\"Mellanrum\" style=\"-aw-sdt-tag:'dokumentavsnitt/utskottets förslag till riksdagsbeslut/-910085684/1559035527213'; -aw-sdt-title:'utskottets förslag till riksdagsbeslut'\">\r\n\t\t\t\t<span style=\"font-size:9.5pt\"> </span>\r\n\t\t\t</p>\r\n\t\t\t<p>\r\n\t\t\t\t<span> </span>\r\n\t\t\t</p>\r\n\t\t\t<p class=\"Avsnittsrubrik\">\r\n\t\t\t\t<a name=\"_Toc9943183\"></a><a name=\"SlutUtskottsForslag\"></a><span class=\"tSidrubrikJA\">Redogörelse för ärendet</span><span style=\"-aw-bookmark-end:_Toc9943183\"></span>\r\n\t\t\t</p>\r\n\t\t\t<p>\r\n\t\t\t\t<span>I betänkandet behandlar utskottet regeringens proposition 2018/19:112 Större frihet att bygga altaner. I propositionen lämnas för</span><span>s</span><span>lag till lagändringar i plan- och bygglagen </span><span>(2010:900), förkortad </span><span>PBL, </span><span>som syftar till att göra det enklare att bygga altaner utan bygglov.</span>\r\n\t\t\t</p>\r\n\t\t\t<p class=\"NormalIndent\">\r\n\t\t\t\t<span>Propositionen är ett resultat av en överenskommelse mellan regeringen, Centerpartiet och Liberalerna. </span>\r\n\t\t\t</p>\r\n\t\t\t<p class=\"NormalIndent\">\r\n\t\t\t\t<span>Lagrådet har yttrat sig över regeringens lagförslag</span><span>, förutom förslaget om ändring i 9 kap. 46 § </span><span>PBL</span><span>.</span><span> </span><span>Beträffande detta förslag ha</span><span>r</span><span> regeringen bedömt att </span><span>förslaget är av sådan karaktär att </span><span>lagrådets </span><span>gra</span><span>nskning skulle sakna betydelse.</span>\r\n\t\t\t</p>\r\n\t\t\t<p class=\"NormalIndent\">\r\n\t\t\t\t<span>Regeringens förslag till riksdagsbeslut finns i bilaga 1 och regeringens lagförslag i bilaga 2.</span>\r\n\t\t\t</p>\r\n\t\t\t<p class=\"NormalIndent\">\r\n\t\t\t\t<span>Ingen motion har väckts med anledning av propositionen.</span>\r\n\t\t\t</p>\r\n\t\t\t<p class=\"NormalIndent\">\r\n\t\t\t\t<span>I betänkandet behandlar utskottet</span><span> även </span><span>den redovisning av </span><span>åtgärder med anledning av riksdagens tillkännagivanden som </span><span>regeringen gör i propositio</span><span>­</span><span>nen. </span>\r\n\t\t\t</p>\r\n\t\t\t<p class=\"Avsnittsrubrik\">\r\n\t\t\t\t<a name=\"_Toc9943184\"><span class=\"tSidrubrikJA\">Utskottets överväganden</span></a>\r\n\t\t\t</p>\r\n\t\t\t<h2 style=\"-aw-sdt-tag:11e5da10-cba9-4854-afb2-439123ff8c25/förslagsrutor/-2132408808/1556168637681; -aw-sdt-title:förslagsrutor\">\r\n\t\t\t\t<a name=\"_Toc9943185\"><span>Större frihet att bygga altaner</span></a>\r\n\t\t\t</h2>\r\n\t\t\t<div style=\"border-bottom-color:#000000; border-bottom-style:solid; border-bottom-width:0.75pt; border-left-color:#000000; border-left-style:solid; border-left-width:0.75pt; border-right-color:#000000; border-right-style:solid; border-right-width:0.75pt; border-top-color:#000000; border-top-style:solid; border-top-width:0.75pt; clear:both; margin:3.1pt 0.9pt 0pt\">\r\n\t\t\t\t<p class=\"Normalrutafet\" style=\"margin:0pt; padding-right:4pt; padding-left:4pt\">\r\n\t\t\t\t\t<span style=\"-aw-bookmark-end:_Toc9943185\"></span><span>Utskottets förslag i korthet</span>\r\n\t\t\t\t</p>\r\n\t\t\t\t<p class=\"Normalruta\" style=\"margin:0pt; padding-right:4pt; padding-left:4pt; padding-bottom:4pt\">\r\n\t\t\t\t\t<span>Riksdagen </span><span>antar regeringens lagförslag.</span>\r\n\t\t\t\t</p>\r\n\t\t\t</div>\r\n\t\t\t<p class=\"Mellanrum\">\r\n\t\t\t\t<span> </span>\r\n\t\t\t</p>\r\n\t\t\t<p class=\"R3\" style=\"margin-bottom:0pt\">\r\n\t\t\t\t<span>Propositionen</span>\r\n\t\t\t</p>\r\n\t\t\t<p class=\"NormalIndent\" style=\"text-indent:0pt\">\r\n\t\t\t\t<span>Förslaget innebär att </span><span>det i </span><span>PBL</span><span> införs ett undantag från kravet på bygglov för att uppföra en altan vid ett en- eller tvåbostadshus eller tillhörande komplementbostadshus, om altanen byggs inom 3,6 meter från bostadshuset, inte är högre än 1,8 meter och inte placeras närmare gränsen än 4,5 meter. En sådan altan får strida mot den detaljplan eller de områdesbestämmelser som gäller för området. Även en lägre altan</span><span>,</span><span> som enligt rättspraxis inte omfattas </span><span>av </span><span>regler</span><span>na i PBL</span><span> om krav på bygglov</span><span>,</span><span> </span><span>ska enligt förslaget få</span><span> byggas i strid med den detaljplan eller de områdesbestämmelser som gäller för området, om altanen uppförs inom 3,6 meter från ett en- eller tvåbostadshus eller tillhörande komplementbostadshus. När det gäller byggnader och bebyggelseområden som är särskilt värdefulla från historisk, kulturhistorisk, miljömässig eller konstnärlig synpunkt ska kraven på bygglov och </span><span>på </span><span>att en altan ska följa den detaljplan eller de områdesbestämmelser som gäller </span><span>för området gälla oförändrade. </span><span>Regeringen bedömer att förslaget innebär en förenkling av reglerna om lov genom att en byggherre inte behöver tolka </span><span>en </span><span>gällande detaljplan eller områdesbestämmelse för att veta om</span><span> en</span><span> altan får uppföras eller inte</span><span>. Dessutom behöver inte byggherrar ansöka om lov i de fall som omfattas av </span><span>de </span><span>föreslagna lagändringar</span><span>na</span><span>.</span>\r\n\t\t\t</p>\r\n\t\t\t<p class=\"NormalIndent\">\r\n\t\t\t\t<span>Härutöver föreslår regeringen en ändring i 9 kap. 46 § PBL. Ändringen</span><span> är</span><span> av redaktionell karaktär och saknar betydelse i sak. </span>\r\n\t\t\t</p>\r\n\t\t\t<p class=\"NormalIndent\">\r\n\t\t\t\t<span>Lagändringarna föreslås träda</span><span> i kraft den 1 juli 2019.</span>\r\n\t\t\t</p>\r\n\t\t\t<p class=\"R3\">\r\n\t\t\t\t<span>Regeringens redovisning av riksdagens tillkännagivanden om förenklingar i plan- och bygglagen</span>\r\n\t\t\t</p>\r\n\t\t\t<p>\r\n\t\t\t\t<span>Riksdagen beslutade våren 2014 om ett tillkännagivande om behovet av en översyn av PBL för att modernisera, förenkla och förtydliga lagstiftningen (bet. 2013/14:CU10, rskr. 2013/14:187 och rskr. 2013/14:188). I betänkandet anförde utskottet bl.a. följande.  </span>\r\n\t\t\t</p>\r\n\t\t\t<p class=\"Quote\">\r\n\t\t\t\t<span>Det finns en omfattande kritik som innebär att den nya lagstiftningen inte har lett fram till den enklare och snabbare hantering av bl.a. plan- och bygglovsärenden som var avsikten. Detta är givetvis särskilt olyckligt i dagens situation när det skulle behövas ett regelsystem som kan underlätta en nödvändig ökning av bostadsbyggandet. Bristerna i lagstiftningen beror till stor del på att förslaget till den nya plan- och bygglagen inte var tillräcklig berett när det lades fram för riks</span><span>dagen. Reg</span><span>eringen hade inte heller tagit tillräcklig hänsyn till de önskemål och synpunkter om förenklingsåtgärder som hade framkommit under beredningsarbetet.  </span>\r\n\t\t\t</p>\r\n\t\t\t<p class=\"Citatindrag\" style=\"margin-bottom:0pt\">\r\n\t\t\t\t<span>Detta var bakgrunden till att riksdagen våren 2013 i ett tillkännagivande till regeringen framhöll att det finns behov av en bred reformering av plan- och bygglagstiftningen som kan leda till en snabbare och enklare plan- och byggprocess. Regeringens hittillsvarande hantering av reformbehovet tycks emellertid snarast ha resulterat i en splittrad och delvis forcerad beredning. Risken är därför uppenbar att nya problem skapas för dem som ska tillämpa lagens bestämmel</span><span>ser i plan- och byggprocessen. </span>\r\n\t\t\t</p>\r\n\t\t\t<p class=\"Citatindrag\" style=\"margin-top:0pt\">\r\n\t\t\t\t<span>Civilutskottet anser att det fortfarande finns ett omfattande reformbehov och att plan- och bygglagen behöver moderniseras, förenklas och förtydligas. Det handlar om att utveckla kommunernas verktyg för att påverka bebyggelseutvecklingen och att begränsa administrationen. Detaljplaneinstitutet måste utvecklas, och översiktsplaneringen måste bli enklare och mer strategisk.  </span>\r\n\t\t\t</p>\r\n\t\t\t<p>\r\n\t\t\t\t<span>Under hösten 2015 beslutade riksdagen, på utskottets förslag, </span><span>att rikta ett tillkännagivande till </span><span>regeringen</span><span> om att den</span><span> senast den 1 januari 2017 borde utreda åtgärder som sammantaget skulle kunna förkorta plan- och bygglovsprocessen med upp till ett år (bet. 2015/16:CU1, rskr. 2015/16:79). Utskottet anförde då i huvudsak följande.   </span>\r\n\t\t\t</p>\r\n\t\t\t<p class=\"Quote\">\r\n\t\t\t\t<span>En effektivare ordning för PBL-överprövning kan i vissa ärenden korta av tiden fram till byggstart. Inte minst mot bakgrund av den omfattande bostadsbristen i stora delar av landet finns det emellertid anledning för regeringen att nu skyndsamt fortsätta arbetet med regelförenklingar som kan leda till att tiden för ett byggprojekt fram till byggstart ytterligare kan kortas ned. Det är således önskvärt att regeringen lägger fram förslag om fler lagändringar som kan ge en snabbare handläggning av plan- och bygglovsärenden. Regeringen bör därför påskynda beredningen av utredningsförslag med denna inriktning och ge kompletterande utrednings- och myndighetsuppdrag i de frågor som behöver övervägas ytterligare. Inriktningen på arbetet bör vara att regeringen senast den 1 januari 2017 bör utreda åtgärder som sammantaget kan förkorta plan- och bygglovsprocessen fram till startbesked med upp till ett år. Utskottet vill i detta sammanhang påminna om att riksdagen såväl under riksmötet 2014/15 som tidigare under innevarande riksmöte genom tillkänna</span><span>­</span><span>givanden framhållit flera önskvärda förändringar i plan- och bygg</span><span>­</span><span>lagstiftningen.    </span>\r\n\t\t\t</p>\r\n\t\t\t<p>\r\n\t\t\t\t<span>Även under våren 2017 beslutade riksdagen, på utskottets förslag, </span><span>att rikta </span><span>ett tillkännagi</span><span>vande till r</span><span>egeringen </span><span>om att den </span><span>skulle fortsätta arbetet med att förenkla och förbättra PBL </span><span>(bet. 2016/17:CU15</span><span>, rskr. 2016/17:234</span><span>). </span><span>Utskottet anförde då i huvudsak följande.</span>\r\n\t\t\t</p>\r\n\t\t\t<p class=\"Quote\" style=\"margin-bottom:0pt\">\r\n\t\t\t\t<span>Sedan PBL trädde i kraft har ett antal utredningar behandlat olika frågor som regleras genom lagen, och riksdagen har fattat beslut om relativt omfattande lagändringar. Fortfarande återstår emellertid flera angelägna frågor som nu är föremål för överväganden i utredningar eller bereds i Regeringskansliet. Det gäller inte minst behovet av att utveckla en regional planering och nå en bättre samordning mellan beslut enligt plan- och bygglagen och övrig samhällsplanering som gäller bl.a. bostads</span><span>­</span><span>försörjning. Andra viktiga frågor är möjligheterna till en snabbare handläggning av de beslut som tas med stöd av plan- och bygglagen och behovet av effektivisering av bl.a. länsstyrelsernas medverkan i plan- och byggprocessen. Enligt utskottet är det en viktig uppgift för regeringen att fortsätta arbetet med att förbättra och förenkla plan- och byggreglerna. Detta bör riksdagen ställa sig bakom och tillkännage för regeringen.</span><span> </span>\r\n\t\t\t</p>\r\n\t\t\t<p class=\"Quote\" style=\"margin-top:0pt\">\r\n\t\t\t\t<span> </span>\r\n\t\t\t</p>\r\n\t\t\t<p>\r\n\t\t\t\t<span>Genom förslagen i den proposition som behandlas i detta betänkande anser regeringen att tillkännagivandena är delvis behandlade.</span>\r\n\t\t\t</p>\r\n\t\t\t<p class=\"R3\">\r\n\t\t\t\t<span>Utskottets ställningstagande</span>\r\n\t\t\t</p>\r\n\t\t\t<p>\r\n\t\t\t\t<span>Utskottet delar regeringens bedömning att det behöver bli enklare att bygga altaner utan bygglov. Detta minskar både hushållens och kommunernas regelbörda vid mindre byggärenden, och underlättar för småhusägare att kunna anpassa sitt hus och sin tomt efter egna önskemål. </span>\r\n\t\t\t</p>\r\n\t\t\t<p class=\"NormalIndent\">\r\n\t\t\t\t<span>Det har inte väckts någon motion med anledning av propositionen. Utskottet anser att riksdagen bör bifalla propositionen och anta regeringens lagförslag av de skäl som framförs i propositionen</span><span>.</span>\r\n\t\t\t</p>\r\n\t\t\t<p class=\"NormalIndent\">\r\n\t\t\t\t<span>När det gäller riksdagens tillkännagivanden om behov av lika reformer av PBL delar utskottet regeringens bedömning att tillkännagivandena är </span><span>delvis </span><span>tillgodosedda genom lagförslaget. </span>\r\n\t\t\t</p>\r\n\t\t\t<p>\r\n\t\t\t\t<span> </span>\r\n\t\t\t</p>\r\n\t\t\t<p>\r\n\t\t\t\t<span> </span>\r\n\t\t\t</p>\r\n\t\t\t<p>\r\n\t\t\t\t<span> </span>\r\n\t\t\t</p>\r\n\t\t\t<p class=\"Bilaga\">\r\n\t\t\t\t<span class=\"tBilagaJA\">Bilaga 1</span>\r\n\t\t\t</p>\r\n\t\t\t<p class=\"Bilagerubrik\">\r\n\t\t\t\t<a name=\"_Toc9943186\"><span class=\"tSidrubrikJA\">Förteckning över behandlade förslag</span></a>\r\n\t\t\t</p>\r\n\t\t\t<p class=\"Rubrik2bilaga\" style=\"-aw-sdt-tag:'dokumentavsnitt/förteckning över behandlade förslag/2081174945/1554982282469'; -aw-sdt-title:'förteckning över behandlade förslag'\">\r\n\t\t\t\t<a name=\"_Toc9943187\"><span>Propositionen</span></a><span> </span>\r\n\t\t\t</p>\r\n\t\t\t<h4 style=\"-aw-sdt-tag:'dokumentavsnitt/förteckning över behandlade förslag/2081174945/1554982282469'; -aw-sdt-title:'förteckning över behandlade förslag'\">\r\n\t\t\t\t<span>Proposition 2018/19:112 Större frihet att bygga altaner:</span>\r\n\t\t\t</h4>\r\n\t\t\t<p class=\"YrkandelistaEtt\" style=\"-aw-sdt-tag:'dokumentavsnitt/förteckning över behandlade förslag/2081174945/1554982282469'; -aw-sdt-title:'förteckning över behandlade förslag'\">\r\n\t\t\t\t<span>Riksdagen antar regeringens förslag till lag om ändring i plan- och bygglagen (2010:900).</span>\r\n\t\t\t</p>\r\n\t\t\t<p class=\"Mellanrum\">\r\n\t\t\t\t<span> </span>\r\n\t\t\t</p>\r\n\t\t\t<p class=\"Mellanrum\" style=\"-aw-sdt-tag:'dokumentavsnitt/förteckning över behandlade förslag/2081174945/1554982282469'; -aw-sdt-title:'förteckning över behandlade förslag'\">\r\n\t\t\t\t<span> </span>\r\n\t\t\t</p>\r\n\t\t\t<p>\r\n\t\t\t\t<span> </span>\r\n\t\t\t</p>\r\n\t\t\t<p class=\"Bilaga\">\r\n\t\t\t\t<span class=\"tBilagaJA\">Bilaga 2</span>\r\n\t\t\t</p>\r\n\t\t\t<p class=\"Bilagerubrik\" style=\"margin-bottom:12pt\">\r\n\t\t\t\t<a name=\"_Toc9943188\"><span class=\"tSidrubrikJA\">Regeringens lagförslag</span></a>\r\n\t\t\t</p>\r\n\t\t\t<p style=\"margin-top:0pt\">\r\n\t\t\t\t<img src=\"http://data.riksdagen.se/fil/h601cu19/Dokument.001.png\" width=\"394\" height=\"699\" alt=\"\" style=\"-aw-left-pos:0pt; -aw-rel-hpos:column; -aw-rel-vpos:paragraph; -aw-top-pos:0pt; -aw-wrap-type:inline\" />\r\n\t\t\t</p>\r\n\t\t\t<p>\r\n\t\t\t\t<img src=\"http://data.riksdagen.se/fil/h601cu19/Dokument.002.png\" width=\"386\" height=\"756\" alt=\"\" style=\"-aw-left-pos:0pt; -aw-rel-hpos:column; -aw-rel-vpos:paragraph; -aw-top-pos:0pt; -aw-wrap-type:inline\" />\r\n\t\t\t</p>\r\n\t\t</div>\r\n\t"},"dokutskottsforslag":{"utskottsforslag":{"punkt":"1","rubrik":"Större frihet att bygga altaner","forslag":"Riksdagen antar regeringens förslag till lag om ändring i plan- och bygglagen (2010:900).<BR/>Därmed bifaller riksdagen proposition 2018/19:112.<BR/><BR/>","beslutstyp":"acklamation","motforslag_nummer":"0","motforslag_partier":null,"votering_id":null,"votering_sammanfattning_html":null,"votering_url_xml":null,"rm":"2018/19","bet":"CU19","vinnare":"utskottet"}},"dokaktivitet":{"aktivitet":[{"kod":"UBE","namn":"Beredning","datum":"2019-05-16 00:00:00","status":"inträffat","ordning":"0","process":null},{"kod":"JUS","namn":"Justering","datum":"2019-05-28 00:00:00","status":"inträffat","ordning":"0","process":null},{"kod":"TRY","namn":"Trycklov","datum":"2019-05-28 00:00:00","status":"inträffat","ordning":"0","process":null},{"kod":"B","namn":"Bordläggning","datum":"2019-06-03 00:00:00","status":"inträffat","ordning":"0","process":null},{"kod":"BEH","namn":"Behandling","datum":"2019-06-04 00:00:00","status":"inträffat","ordning":"0","process":null},{"kod":"BES","namn":"Beslut","datum":"2019-06-04 00:00:00","status":"inträffat","ordning":"0","process":null}]},"dokuppgift":{"uppgift":[{"kod":"notis","namn":"Beslut i korthet","text":"                           <p>Riksdagen sa ja till regeringens förslag till lagändringar i plan- och bygglagen som medför en större frihet för fastighetsägare att bygga altaner. Förslaget bygger på en överenskommelse mellan regeringen, Centerpartiet och Liberalerna.</p>\r\n<p>Förslaget innebär bland annat att det införs ett undantag från kravet på bygglov för att uppföra en altan vid ett en- eller tvåbostadshus under vissa förutsättningar. Förslaget innebär också att mindre altaner, som inte omfattas av krav på bygglov, får strida mot detaljplanen i området.</p>\r\n<p>Riksdagen delar regeringens bedömning att det behöver bli enklare att bygga altaner utan bygglov. Detta minskar både hushållens och kommunernas regelbörda vid mindre byggärenden, och underlättar för småhusägare att kunna anpassa sitt hus och sin tomt efter egna önskemål.</p>\r\n<p>Regeländringarna börjar gälla den 1 juli 2019.</p>\r\n                                            ","dok_id":"H601CU19","systemdatum":"2019-06-04 15:46:47"},{"kod":"notisrubrik","namn":"Beslut","text":"Större frihet att bygga altaner (CU19)","dok_id":"H601CU19","systemdatum":"2019-06-04 15:46:47"},{"kod":"utsknotis","namn":"Utskottets förslag till beslut","text":"                           <p>Civilutskottet föreslår att riksdagen säger ja till regeringens förslag till lagändringar i plan- och bygglagen som medför en större frihet för fastighetsägare att bygga altaner. Förslaget bygger på en överenskommelse mellan regeringen, Centerpartiet och Liberalerna.</p>\r\n<p>Förslaget innebär bland annat att det införs ett undantag från kravet på bygglov för att uppföra en altan vid ett en- eller tvåbostadshus under vissa förutsättningar. Förslaget innebär också att mindre altaner, som inte omfattas av krav på bygglov, får strida mot detaljplanen i området.</p>\r\n<p>Utskottet delar regeringens bedömning att det behöver bli enklare att bygga altaner utan bygglov. Detta minskar både hushållens och kommunernas regelbörda vid mindre byggärenden, och underlättar för småhusägare att kunna anpassa sitt hus och sin tomt efter egna önskemål.</p>\r\n<p>Regeländringarna föreslås börja gälla den 1 juli 2019.</p>\r\n                                            ","dok_id":"H601CU19","systemdatum":"2019-06-04 15:46:47"},{"kod":"utsknotisrubrik","namn":"Utskottets förslag","text":"Större frihet att bygga altaner (CU19)","dok_id":"H601CU19","systemdatum":"2019-06-04 15:46:47"},{"kod":"rdbeslut","namn":"Riksdagens beslut","text":"Kammaren biföll utskottets förslag.","dok_id":"H601CU19","systemdatum":"2019-06-04 15:47:26"},{"kod":"statustext","namn":"statustext","text":"Ärendet är avslutat","dok_id":"H601CU19","systemdatum":"2019-06-05 00:24:40"},{"kod":"debattdatumtid","namn":"Datum och tid för debatten","text":"2019-06-04 00:00:00","dok_id":"H601CU19","systemdatum":"2019-06-04 15:46:47"},{"kod":"beslutdatumtid","namn":"Datum och tid för beslutet","text":"2019-06-04 00:00:00","dok_id":"H601CU19","systemdatum":"2019-06-04 15:46:47"}]},"dokbilaga":{"bilaga":{"dok_id":"H601CU19","titel":"Större frihet att bygga altaner","subtitel":null,"filnamn":"2018_19_CU19_20190528142335_Publicering.pdf","filstorlek":"525280","filtyp":"pdf","fil_url":"http://data.riksdagen.se/fil/2633FE7E-D5C6-47F4-B63E-8EE2C35695DA"}},"dokreferens":{"referens":[{"referenstyp":"behandlar","uppgift":"Proposition 2018/19:112 Större frihet att bygga altaner","ref_dok_id":"H603112","ref_dok_typ":"prop","ref_dok_rm":"2018/19","ref_dok_bet":"112","ref_dok_titel":"Större frihet att bygga altaner","ref_dok_subtitel":null,"ref_dok_subtyp":"prop","ref_dok_dokumentnamn":"Proposition"},{"referenstyp":"föredragningslista","uppgift":"föredragningslista 2018/19:99 Tisdag den 4 juni 2019","ref_dok_id":"H60I99","ref_dok_typ":"f-lista","ref_dok_rm":"2018/19","ref_dok_bet":"99","ref_dok_titel":"Tisdag den 4 juni 2019","ref_dok_subtitel":null,"ref_dok_subtyp":null,"ref_dok_dokumentnamn":"Föredragningslista"},{"referenstyp":"protokollbeslut","uppgift":"2019-06-04","ref_dok_id":"H60999","ref_dok_typ":"prot","ref_dok_rm":"2018/19","ref_dok_bet":"99","ref_dok_titel":"Protokoll 2018/19:99 Tisdagen den 4 juni","ref_dok_subtitel":null,"ref_dok_subtyp":null,"ref_dok_dokumentnamn":"Protokoll"},{"referenstyp":"protokolldebatt","uppgift":"2019-06-04","ref_dok_id":"H60999","ref_dok_typ":"prot","ref_dok_rm":"2018/19","ref_dok_bet":"99","ref_dok_titel":"Protokoll 2018/19:99 Tisdagen den 4 juni","ref_dok_subtitel":"Större frihet att bygga altaner","ref_dok_subtyp":null,"ref_dok_dokumentnamn":"Protokoll"},{"referenstyp":"rskr","uppgift":null,"ref_dok_id":"H60K250","ref_dok_typ":"rskr","ref_dok_rm":"2018/19","ref_dok_bet":"250","ref_dok_titel":"Riksdagsskrivelse 2018/19:250","ref_dok_subtitel":null,"ref_dok_subtyp":"rskr","ref_dok_dokumentnamn":"Riksdagsskrivelse"},{"referenstyp":"talarlista","uppgift":"talarlista 2018/19:20190604 Tisdag den 4 juni 2019 (preliminär)","ref_dok_id":"H60J20190604","ref_dok_typ":"t-lista","ref_dok_rm":"2018/19","ref_dok_bet":"20190604","ref_dok_titel":"Tisdag den 4 juni 2019 (preliminär)","ref_dok_subtitel":null,"ref_dok_subtyp":null,"ref_dok_dokumentnamn":"Talarlista"}]},"debatt":{"anforande":[{"video_id":"1100190604439517122","video_url":"1100190604439517122#pos=23","startpos":"23","tumnagel":["","//mhdownload.riksdagen.se/riksdagen/unrestricted/thumb/1100190604439517122_mid.jpg"],"tumnagel_stor":"//mhdownload.riksdagen.se/riksdagen/unrestricted/thumb/1100190604439517122_high.jpg","anf_video_id":"1100190604439517322","anf_hangar_id":"5035101","anf_sekunder":"210","anf_klockslag":"13:49","datumtid":"2019-06-04 13:49:06","anf_datum":"2019-06-04 00:00:00","anf_typ":"ap","anf_text":"<p>Fru talman! Jag vill börja med att yrka bifall till förslaget i civilutskottets betänkande CU19.</p><p>Förslaget är en första del av januariavtalet mellan oss socialdemokrater, miljöpartister, liberaler och centerpartister när det gäller regelförenklingar och innebär en större frihet för fastighetsägare att bygga altaner utan bygglov.</p><p>Många vill ha en möjlighet att vistas utomhus på en uteplats i anslutning till sin bostad, och det ses av många som en naturlig del av bostaden. En altan i anslutning till huset är ett alternativ då marken kan vara kuperad.</p><p>De som i dag vill bygga en egen altan i anslutning till sitt hus behöver göra kvalificerade bedömningar av bestämmelserna för att gissa sig till om det behövs bygglov eller inte. Exempelvis lyfter Boverket fram i sin rapport att det inte finns någon enhetlig tillämpning av reglerna i frågan om när en altan kräver bygglov. Svårtillgängliga och kanske till och med inkonsekventa regler som kan uppfattas som omotiverade kan medföra att legitimiteten för regelverket undergrävs och ifrågasätts. </p><p>Med förslagen till beslut i betänkandet vill vi få regelverket att stämma bättre överens med vad många tror sig och anser sig ha rätt att utföra på sin fastighet. Förslaget innebär att altaner får uppföras vid en- eller tvåbostadshus eller tillhörande komplementsbostadshus utan bygglov om altanen byggs inom 3,6 meter från bostadshuset, inte är högre än 1,8 meter och inte placeras närmare tomtgränsen än 4,5 meter, såvida inte grannen medger att altanen kan byggas närmare. En sådan altan får strida mot detaljplan och områdesbestämmelser. Detta gäller även en lägre altan som enligt rättspraxis inte omfattas av plan- och bygglagens regler om bygglov.</p><p>När det gäller byggnader och bebyggelseområden som är särskilt värdefulla från historisk, kulturhistorisk, miljömässig eller konstnärlig synpunkt ska kraven på bygglov och detaljplan och områdesbestämmelser fortfarande gälla oförändrat. </p><p>Förändringarna bedöms sammantaget innebära en sådan förenkling av regelverket för altaner att det inte är motiverat att se över regelverket för bygglov i sin helhet, vilket en del remissinstanser lyft fram. Snarare tydliggörs regelverket, och enligt Boverket innebär regelförändringen att den rättspraxis som utvecklats för altaner nu till stora delar kodifieras i lag.</p><p>Sammantaget innebär förslagen att möjligheterna att anordna en altan i anslutning till bostadshus underlättas, dels genom att regelverket för altaner förenklas på ett betydande sätt, dels genom att fler får möjlighet att uppföra en altan i anslutning till bostadshuset. Och återigen hävdar jag att regelverket för altaner bättre överensstämmer med vad många tror sig och anser sig ha rätt att utföra på sin fastighet med de nya bestämmelserna.</p><p>Fru talman! Jag vill återigen yrka bifall till utskottets förslag.</p><p>(Applåder)</p>","anf_beteckning":"2018/19:99-34","anf_nummer":"34","talare":"Leif Nysmed (S)","intressent_id":"0376353897112","parti":"S","anf_rm":"2018/19"},{"video_id":"1100190604439517122","video_url":"1100190604439517122#pos=241","startpos":"241","tumnagel":["","//mhdownload.riksdagen.se/riksdagen/unrestricted/thumb/1100190604439517122_mid.jpg"],"tumnagel_stor":"//mhdownload.riksdagen.se/riksdagen/unrestricted/thumb/1100190604439517122_high.jpg","anf_video_id":"1100190604439525522","anf_hangar_id":"5035102","anf_sekunder":"202","anf_klockslag":"13:52","datumtid":"2019-06-04 13:52:44","anf_datum":"2019-06-04 00:00:00","anf_typ":"ap","anf_text":"<p>Fru talman! Självklart finns det en bred politisk enighet i riksdagen om att underlätta och skapa större frihet när det gäller att bygga altaner. Här finns ingen politisk åsiktsskillnad.</p><p> STYLEREF Kantrubrik \\* MERGEFORMAT Större frihet att bygga altaner</p><p>Jag tänkte dock komplettera ledamotens brandtal för bygglovsfria altaner med att konstatera att riksdagen har riktat tre tillkännagivanden till regeringen i den här frågan - våren 2014, hösten 2015 och våren 2017. Man kan alltså säga att regeringen har tagit sex år på sig att komma fram med ett relativt enkelt ärende om att underlätta byggandet av altaner.</p><p>Precis som det står i betänkandet är det här en del av januariöverenskommelsen. Men jag kan lugna alla tittare med att även med en borgerlig regering skulle vi ha underlättat byggandet av altaner.</p><p>Det intressanta är möjligtvis att detta är det enda som regeringen har levererat under våren. Sverige har bostadskris. Ungdomar får inte boende. Vi kunde i förra veckan se en larmrapport från Stockholms Handelskammare om att ungdomar inte kan få bostäder i Stockholm. Och regeringen har samtidigt prioriterat altanbyggen!</p><p>Jag vet inte riktigt vilken koppling regeringen gör om man tror att fler unga ska få bostäder genom att altaner blir bygglovsfria. Det är naturligtvis väldigt märkligt att vi har en bostadsminister som är så frånvarande både i debatten och när det gäller att lägga fram förslag som gör att fler får bostäder.</p><p>Men vi moderater har sagt att vi kommer att stödja varje regelförenklingsförslag som är realistiskt. Naturligtvis stöder vi också att man underlättar bygge av altaner. Men jag hoppas verkligen inte att nästkommande riksdagsår blir lika tafatt från regeringens sida.</p><p>Bostadskrisen kräver konkreta åtgärder. Bostadskrisen kräver att regeringen kommer med en skarp bostadspolitik som gör att fler kan få någonstans att bo. Inte minst är det viktigt att fler unga får bo i ägt boende. Det kunde vi se i en rapport som kom för någon månad sedan. Jag hade en interpellationsdebatt med bostadsministern om detta i går, där jag efterfrågade vad regeringen har för politik för att även 40-talisternas barnbarn ska kunna flytta till ägt boende. Vi kunde konstatera att ministern var svarslös.</p><p>I det här ärendet är vi dock överens, och jag hoppas verkligen att det kommer fler förslag från regeringen för att underlätta bostadskrisen än att bara underlätta byggandet av altaner.</p><p>(Applåder)</p>","anf_beteckning":"2018/19:99-35","anf_nummer":"35","talare":"Lars Beckman (M)","intressent_id":"0588282566419","parti":"M","anf_rm":"2018/19"},{"video_id":"1100190604439517122","video_url":"1100190604439517122#pos=453","startpos":"453","tumnagel":["","//mhdownload.riksdagen.se/riksdagen/unrestricted/thumb/1100190604439517122_mid.jpg"],"tumnagel_stor":"//mhdownload.riksdagen.se/riksdagen/unrestricted/thumb/1100190604439517122_high.jpg","anf_video_id":"1100190604439525722","anf_hangar_id":"5035103","anf_sekunder":"127","anf_klockslag":"13:56","datumtid":"2019-06-04 13:56:16","anf_datum":"2019-06-04 00:00:00","anf_typ":"ap","anf_text":"<p>Fru talman! Lars Beckman anför att detta skulle vara ett bostadspolitiskt förslag, vilket jag ställer mig väldigt frågande till. Vi talar ju om altaner, och det är ingen som ska bo på altaner. Det här handlar om en regelförenkling för att underlätta för människor att skaffa sig en altan att vistas på utan att behöva begrunda dagens lagtolkningar och rättspraxis. Lars Beckmans inlägg är väldigt märkligt.</p><p>För det andra tycker jag att man i debatter i kammaren ska hålla sig till de ämnen som diskuteras. Det finns inget i propositionen som nämner bostadsbyggandet. Det handlar om ett underlättande av byggande av altaner, alltså att man får större frihet att bygga altaner, om nu någon har missuppfattat detta. Uppenbarligen behövs det en regelförenkling för att alla ska förstå att det är detta det handlar om och att det inte handlar om bostadspolitik.</p><p>Men vi är ändå inne på bostadspolitik, och jag tänkte ändå svara på de frågor som Lars Beckman ställde. </p><p> STYLEREF Kantrubrik \\* MERGEFORMAT Större frihet att bygga altaner</p><p>Jag upprepar vad jag sa om vad som byggdes under förra mandatperioden senast jag var uppe i talarstolen: Under 2015 tillkom 35 000 bostäder i flerfamiljshus, under 2016 var det 45 000, 2017 var det 50 000 och 2018 var det 45 000. Om man tittar på nybyggnationen av bostäder under första kvartalet i år kan man se att den ligger ungefär i linje med 2018. Det är alltså inga jättetapp, och det är betydligt fler än vad som byggdes under de åtta åren med alliansstyre. Man kan inte bara skylla på den kris som var under ett antal av de åren, utan det handlar också om politisk vilja. </p><p>Utöver de tusentals lägenheter jag räknat upp kan jag också nämna att det påbörjas ungefär 10 000-15 000 småhus per år. Det är en ambition som vi har och vill fortsätta med. Däremot måste man förstås se till att det byggs bostäder som människor kan efterfråga.</p>","anf_beteckning":"2018/19:99-36","anf_nummer":"36","talare":"Leif Nysmed (S)","intressent_id":"0376353897112","parti":"S","anf_rm":"2018/19"},{"video_id":"1100190604439517122","video_url":"1100190604439517122#pos=580","startpos":"580","tumnagel":["","//mhdownload.riksdagen.se/riksdagen/unrestricted/thumb/1100190604439517122_mid.jpg"],"tumnagel_stor":"//mhdownload.riksdagen.se/riksdagen/unrestricted/thumb/1100190604439517122_high.jpg","anf_video_id":"1100190604439525822","anf_hangar_id":"5035104","anf_sekunder":"113","anf_klockslag":"13:58","datumtid":"2019-06-04 13:58:23","anf_datum":"2019-06-04 00:00:00","anf_typ":"ap","anf_text":"<p>Fru talman! Det har alltså tagit sex år och tre tillkännagivanden från riksdagen för att få fram en enkel regelförenkling om bygglovsfria altaner, ett ärende där vi är överens. Det hade varit klädsamt om regeringen hade tagit fram fler förslag, för då hade Moderaterna haft fler förslag att bifalla.</p><p>Men jag kan naturligtvis gärna korrigera mig själv: Regeringen har inte lagt fram ett enda skarpt förslag för att underlätta bostadskrisen under mandatperiodens första år. Det var alltså vänligt av mig att säga att regeringen har lagt fram ett förslag, men jag kan korrigera mig och säga att regeringen har lagt fram noll förslag, om ledamoten tycker att det är bättre.</p><p>När man besöker hustillverkare får man höra att de verkligen efterlyser regelförenklingar. Det är därför som riksdagen har gett tre tillkännagivanden till regeringen. Ett enigt civilutskott har, tror jag, i ett av dessa tillkännagivanden sagt till regeringen att lägga fram regelförenklingsförslag. Då ska man naturligtvis jobba fram sådana. </p><p>Jag besökte nyligen en hustillverkare i Hudiksvall som sa: Problemet är att man i en kommun kan få bygglov för vårt hus medan man i en annan kommun inte får bygglov för ett exakt likadant hus.</p><p>Detta är givetvis otillständigt.</p><p>Jag hoppas att regeringen och Socialdemokraterna - ni har ju nära kontakter med regeringen - driver på så att vi får fram fler regelförenklingsförslag.</p><p>Att få fram detta förslag om att göra en relativt enkel justering för bygglovsfria altaner har alltså tagit sex år och tre tillkännagivanden. Det är väl få som kan vara nöjda med det tempot om man ska utveckla bostadspolitiken.</p>","anf_beteckning":"2018/19:99-38","anf_nummer":"38","talare":"Lars Beckman (M)","intressent_id":"0588282566419","parti":"M","anf_rm":"2018/19"},{"video_id":"1100190604439517122","video_url":"1100190604439517122#pos=693","startpos":"693","tumnagel":["","//mhdownload.riksdagen.se/riksdagen/unrestricted/thumb/1100190604439517122_mid.jpg"],"tumnagel_stor":"//mhdownload.riksdagen.se/riksdagen/unrestricted/thumb/1100190604439517122_high.jpg","anf_video_id":"1100190604439526022","anf_hangar_id":"5035105","anf_sekunder":"99","anf_klockslag":"14:00","datumtid":"2019-06-04 14:00:16","anf_datum":"2019-06-04 00:00:00","anf_typ":"ap","anf_text":"<p>Fru talman! Lars Beckman raljerar lite men missar en viktig del i bostadspolitiken. Vi har återinfört investeringsstödet, som gör det möjligt att få fram bostäder som människor har råd att efterfråga. Det är en förutsättning för att det över huvud taget ska byggas en enda bostad, oavsett om det är en hyresrätt, villa, bostadsrätt eller äganderätt. Finns det ingen efterfrågan på bostäderna och tillräckligt med människor som har råd att köpa dem kommer de inte att byggas. </p><p>Man måste ha klart för sig att taket för de dyra bostäderna är nått. Denna marknad är ganska mättad. Sveriges Byggindustrier konstaterade redan 2015 att vi skulle få detta resultat. Låt mig åter hänvisa till den rapport som lades fram då. På s. 30 har de räknat på detta. Det är Evidens och Veidekke som ligger bakom rapporten. Läs den och begrunda! När man ser hur många tusen bostäder som har byggts förstår man att vi är uppe i denna nivå.</p><p> STYLEREF Kantrubrik \\* MERGEFORMAT Större frihet att bygga altaner</p><p>Vi har också januariavtalet, där fyra partier tar ansvar för Sverige och går vidare med att genomföra omfattande regelförenklingar och förkorta planprocessen för att få fram bostäder snabbare. </p><p>Det gjordes även en hel del under föregående mandatperiod. Vi hade ett 22-punktsprogram som vi var överens om över blockgränserna och som det har jobbats med.</p><p>Att stå här och säga att det inte har skett något är därför inte med sanningen överensstämmande. Jag tycker att vi bör höja debattnivån lite grann i dessa talarstolar.</p>","anf_beteckning":"2018/19:99-39","anf_nummer":"39","talare":"Leif Nysmed (S)","intressent_id":"0376353897112","parti":"S","anf_rm":"2018/19"},{"video_id":"1100190604439517122","video_url":"1100190604439517122#pos=792","startpos":"792","tumnagel":["","//mhdownload.riksdagen.se/riksdagen/unrestricted/thumb/1100190604439517122_mid.jpg"],"tumnagel_stor":"//mhdownload.riksdagen.se/riksdagen/unrestricted/thumb/1100190604439517122_high.jpg","anf_video_id":"1100190604439526122","anf_hangar_id":"5035106","anf_sekunder":"86","anf_klockslag":"14:01","datumtid":"2019-06-04 14:01:55","anf_datum":"2019-06-04 00:00:00","anf_typ":"ap","anf_text":"<p>Fru talman! Jag ska korrigera min uppgift. Regeringen har alltså inte lagt fram ett enda förslag för att bygga mer utan bara detta förslag om de bygglovsfria altanerna, och det har tagit tre tillkännagivanden och sex år från första tillkännagivandet för att få fram detta beslut. Med detta reformtempo kommer det att ta väldigt lång tid.</p><p>Vad gäller januariöverenskommelsen kan jag lugna alla som lyssnar på detta. Med en borgerlig regering hade det inte tagit sex år att få fram en enkel regelförenkling om altaner. Det hade gått betydligt fortare, och det hade varit betydligt mer reformtätt.</p><p>Investeringsstödet är ett meningslöst stöd, som bland andra Centerpartiet har varit en kraftig motståndare till - med all rätt. I deras riksdagsmotion finns alla sakliga argument för varför investeringsstöd är fullkomligt bortkastat. Men framför allt är det ingen regelförenkling, och det bidrar inte till att fler ska få äga sitt boende.</p><p>Fru talman! Det kan låta som att vi är oense om att skapa större frihet att bygga altaner, men det är vi inte. Vi tycker att det är ett bra förslag, och Moderaterna står bakom det och yrkar bifall till det.</p><p>Det krävs dock betydligt fler reformer, högre tempo och mer bostadspolitik för att fler unga och andra ska få någonstans att bo i Sverige. Detta kommer vi tyvärr inte att lösa genom större frihet att bygga altaner.</p><p>(Applåder)</p><p>Överläggningen var härmed avslutad.</p><p>(Beslut fattades under § 10.)</p>","anf_beteckning":"2018/19:99-40","anf_nummer":"40","talare":"Lars Beckman (M)","intressent_id":"0588282566419","parti":"M","anf_rm":"2018/19"}]}}}