{"dokumentstatus":{"dokument":{"hangar_id":"5021534","dok_id":"H601FiU38","rm":"2018/19","beteckning":"FiU38","typ":"bet","subtyp":"bet","doktyp":"bet","typrubrik":"Betänkande 2018/19:FiU38","dokumentnamn":"Betänkande","debattnamn":"Debatt om förslag","tempbeteckning":"","organ":"FiU","mottagare":"","nummer":"38","slutnummer":"0","datum":"2019-05-16 00:00:00","systemdatum":"2019-05-28 23:06:53","publicerad":"2019-02-08 15:34:32","titel":"Vissa betaltjänstfrågor","subtitel":"","status":"Webbpublicering","htmlformat":"html","relaterat_id":"","source":"RIM","sourceid":"6f7fa88d-1432-4fa4-a3f6-06df9ae9174b","dokument_url_text":"http://data.riksdagen.se/dokument/H601FiU38/text","dokument_url_html":"http://data.riksdagen.se/dokument/H601FiU38","dokumentstatus_url_xml":"http://data.riksdagen.se/dokumentstatus/H601FiU38","utskottsforslag_url_xml":"http://data.riksdagen.se/utskottsforslag/H601FiU38","html":"<style><!--\r\n .w600px{width: 600px;font-family:Verdana, Geneva, sans-serif}\r\nh2.dtyp{font-size:1.5em !important;} \r\n/********************************************************************************************************/\r\n/* Styles for D:\\Logs\\DocumentConverter\\\\Output_d878efa3-1886-4a3d-a324-58e14b128fba\\HTML\\Dokument.html */\r\n/* Generated by Aspose.Words for .NET 15.3.0.0                                                          */\r\n/********************************************************************************************************/\r\n\r\n@page Section1 { size:467.8pt 686.05pt; margin:45.35pt 102.05pt 73.7pt 70.85pt }\r\ndiv.Section1 { page:Section1 }\r\nzbody { text-align:justify; line-height:12.5pt; font-family:'Verdana'; font-size:9.5pt }\r\nzh1, h2, h3, h4, h5, h6, p { margin:3.1pt 0pt 0pt }\r\nzli, table { margin-top:3.1pt; margin-bottom:0pt }\r\nzh1 { margin-top:3.1pt; margin-bottom:12pt; text-align:left; page-break-after:avoid; line-height:12.5pt; font-family:'Verdana'; font-size:16pt; font-weight:normal }\r\nzh2 { margin-top:20pt; margin-bottom:6pt; text-align:left; page-break-inside:avoid; page-break-after:avoid; line-height:12.5pt; font-family:'Verdana'; font-size:13.5pt; font-weight:normal }\r\nzh3 { margin-top:20pt; margin-bottom:3.1pt; text-align:left; page-break-inside:avoid; page-break-after:avoid; line-height:12.5pt; font-family:'Verdana'; font-size:10.5pt; font-weight:bold }\r\nzh4 { margin-top:15pt; margin-bottom:3.1pt; text-align:left; page-break-inside:avoid; page-break-after:avoid; line-height:12.5pt; font-family:'Verdana'; font-size:10.5pt; font-weight:normal; font-style:italic; color:#000000 }\r\nzh5 { margin-top:6.25pt; margin-bottom:0pt; text-align:justify; page-break-inside:avoid; page-break-after:avoid; line-height:12.5pt; font-family:'Verdana'; font-size:9.5pt; font-weight:bold }\r\nzh6 { margin-top:6.25pt; margin-bottom:0pt; text-align:justify; page-break-inside:avoid; page-break-after:avoid; line-height:12.5pt; font-family:'Verdana'; font-size:9.5pt; font-weight:normal; font-style:italic; color:#000000 }\r\n.Heading7 { margin-top:2pt; margin-bottom:0pt; text-align:justify; page-break-inside:avoid; page-break-after:avoid; line-height:12.5pt; font-family:'Verdana'; font-size:9.5pt; font-weight:normal; font-style:italic; color:#243f60 }\r\n.Heading8 { margin-top:2pt; margin-bottom:0pt; text-align:justify; page-break-inside:avoid; page-break-after:avoid; line-height:12.5pt; font-family:'Verdana'; font-size:9pt; font-weight:normal; color:#272727 }\r\n.Heading9 { margin-top:2pt; margin-bottom:0pt; text-align:justify; page-break-inside:avoid; page-break-after:avoid; line-height:12.5pt; font-family:'Verdana'; font-size:9pt; font-weight:normal; font-style:italic; color:#272727 }\r\n.Avsnittsrubrik { margin-top:0pt; margin-bottom:27.7pt; text-align:left; page-break-before:always; page-break-after:avoid; line-height:normal; font-family:'Verdana'; font-size:16pt }\r\n.Avvikandemeningrubrik { margin-top:0pt; margin-bottom:3.1pt; text-align:left; page-break-inside:avoid; page-break-after:avoid; line-height:12.5pt; font-family:'Verdana'; font-size:10.5pt; font-weight:bold }\r\n.BalloonText { margin-top:3.1pt; margin-bottom:0pt; text-align:justify; line-height:normal; font-family:Tahoma; font-size:8pt }\r\n.Bilaga { margin-top:0pt; margin-bottom:0pt; text-align:left; page-break-before:always; page-break-after:avoid; line-height:normal; widows:0; orphans:0; font-family:'Verdana'; font-size:8pt; font-variant:small-caps; text-decoration:underline }\r\n.Bilagerubrik { margin-top:0pt; margin-bottom:17.7pt; text-align:left; page-break-after:auto; line-height:normal; widows:0; orphans:0; font-family:'Verdana'; font-size:16pt }\r\n.Bild-Rubrik { margin-top:8pt; margin-bottom:0pt; text-align:justify; page-break-inside:avoid; page-break-after:avoid; line-height:10pt; font-family:'Verdana'; font-size:9.5pt; font-weight:bold }\r\n.Bild-Underrubrik { margin-top:0pt; margin-bottom:1pt; text-align:left; page-break-inside:avoid; page-break-after:avoid; line-height:8pt; font-family:'Verdana'; font-size:8pt; font-weight:normal; font-style:italic }\r\n.BodyText { margin-top:3.1pt; margin-bottom:0pt; text-align:left; line-height:12.5pt; font-family:'Verdana'; font-size:9.5pt }\r\n.BodyTextIndent2 { margin-top:3.1pt; margin-left:14.15pt; margin-bottom:6pt; text-align:justify; line-height:200%; font-family:'Verdana'; font-size:9.5pt }\r\n.Citatindrag { margin-top:0pt; margin-left:14.2pt; margin-bottom:6.1pt; text-indent:14.2pt; text-align:justify; line-height:10pt; font-family:'Verdana'; font-size:9.5pt }\r\n.CommentText { margin-top:3.1pt; margin-bottom:0pt; text-align:justify; line-height:normal; font-family:'Verdana'; font-size:10pt }\r\n.Deltagare { margin-top:0pt; margin-bottom:0pt; text-align:justify; page-break-inside:avoid; page-break-after:avoid; line-height:9.5pt; font-family:'Verdana'; font-size:9.5pt }\r\n.Diagram-Rubrik { margin-top:8pt; margin-bottom:0pt; text-align:justify; page-break-inside:avoid; page-break-after:avoid; line-height:10pt; font-family:'Verdana'; font-size:9.5pt; font-weight:bold }\r\n.Diagram-Underrubrik { margin-top:0pt; margin-bottom:1pt; text-align:left; page-break-inside:avoid; page-break-after:avoid; line-height:8pt; font-family:'Verdana'; font-size:8pt; font-weight:normal; font-style:italic }\r\n.DokumentRubrik { margin-top:6pt; margin-bottom:24pt; text-align:left; line-height:normal; border-bottom-style:solid; border-bottom-width:0.75pt; border-bottom-color:#000000; padding-bottom:4pt; font-family:'Verdana'; font-size:18pt }\r\n.Dokumentbeteckning { margin-top:0pt; margin-bottom:0pt; text-align:left; page-break-inside:avoid; page-break-after:avoid; line-height:12.5pt; font-family:'Verdana'; font-size:16pt }\r\n.Footer { margin-top:3.1pt; margin-bottom:0pt; text-align:justify; line-height:normal; font-family:'Verdana'; font-size:9.5pt }\r\n.FootnoteText { margin-top:0pt; margin-bottom:0pt; text-align:justify; line-height:8pt; font-family:'Verdana'; font-size:8pt }\r\n.Fotnotstextindrag { margin-top:0pt; margin-left:5.65pt; margin-bottom:0pt; text-align:left; line-height:8pt; font-family:'Verdana'; font-size:8pt }\r\n.Frslagspunkt { margin-top:0pt; margin-bottom:0pt; text-align:left; page-break-inside:avoid; page-break-after:avoid; line-height:12.5pt; font-family:'Verdana'; font-size:9.5pt; font-weight:bold }\r\n.Frslagstext { margin-top:0pt; margin-bottom:0pt; text-align:justify; line-height:12.5pt; font-family:'Verdana'; font-size:9.5pt }\r\n.Frteckningsrubrik { margin-top:9.6pt; margin-bottom:3.1pt; text-align:left; page-break-inside:avoid; page-break-after:avoid; line-height:normal; font-family:'Verdana'; font-size:9.5pt; font-weight:normal; font-style:italic; color:#000000 }\r\n.Grupprubrik { margin-top:6pt; margin-bottom:0pt; text-align:left; page-break-inside:avoid; page-break-after:avoid; line-height:12.5pt; font-family:'Verdana'; font-size:9.5pt; font-style:italic }\r\n.Grupprubrikindrag { margin-top:6pt; margin-left:22.1pt; margin-bottom:0pt; text-align:left; page-break-inside:avoid; page-break-after:avoid; line-height:12.5pt; font-family:'Verdana'; font-size:9.5pt; font-style:italic }\r\n.Header { margin-top:0pt; margin-bottom:0pt; text-align:justify; line-height:normal; font-family:'Verdana'; font-size:7.5pt; font-variant:small-caps }\r\n.Innehllsfrteckning { margin-top:0pt; margin-bottom:17.7pt; text-align:left; page-break-before:always; page-break-after:auto; line-height:normal; font-family:'Verdana'; font-size:16pt }\r\n.Kantrubrik { margin-top:0pt; margin-bottom:0pt; text-align:justify; line-height:normal; font-family:'Verdana'; font-size:7.5pt }\r\n.ListBullet { margin-top:6.25pt; margin-left:17.85pt; margin-bottom:6.25pt; text-indent:-17.85pt; text-align:justify; line-height:12.5pt; font-family:'Verdana'; font-size:9.5pt }\r\n.ListParagraph { margin-top:3.1pt; margin-left:28.35pt; margin-bottom:0pt; text-align:justify; line-height:12.5pt; font-family:'Verdana'; font-size:9.5pt }\r\n.Litentext { margin-top:0pt; margin-bottom:0pt; text-align:justify; line-height:normal; font-family:'Verdana'; font-size:8pt }\r\n.Mellanrubrik { margin-top:11pt; margin-bottom:3.1pt; text-align:left; page-break-after:avoid; line-height:12.5pt; font-family:'Verdana'; font-size:9.5pt; font-style:italic }\r\n.Mellanrum { margin-top:0pt; margin-bottom:0pt; text-align:left; page-break-before:auto; page-break-after:auto; line-height:1pt; widows:0; orphans:0; font-family:'Verdana'; font-size:1pt; font-variant:small-caps; text-decoration:none; color:#ffffff }\r\n.NormalIndent { margin-top:0pt; margin-bottom:0pt; text-indent:11.35pt; text-align:justify; line-height:12.5pt; font-family:'Verdana'; font-size:9.5pt }\r\n.Normalinskjuten { margin-top:0pt; margin-left:22.1pt; margin-bottom:0pt; text-align:justify; line-height:12.5pt; font-family:'Verdana'; font-size:9.5pt }\r\n.Normalinskjutenindrag { margin-top:0pt; margin-left:22.1pt; margin-bottom:0pt; text-indent:11.35pt; text-align:justify; line-height:12.5pt; font-family:'Verdana'; font-size:9.5pt }\r\n.Normalinskjutenkursiv { margin-top:6pt; margin-bottom:0pt; line-height:normal; font-family:'Verdana'; font-size:10pt; font-style:italic }\r\n.Normalkursiv { margin-top:3.1pt; margin-bottom:0pt; text-align:left; line-height:12.5pt; font-family:'Verdana'; font-size:9.5pt; font-style:italic }\r\n.Normalruta { margin:3.1pt 5.65pt 0pt; text-align:justify; page-break-inside:avoid; page-break-after:avoid; line-height:12.5pt; border-top-style:solid; border-top-width:0.75pt; border-top-color:#000000; border-right-style:solid; border-right-width:0.75pt; border-right-color:#000000; border-left-style:solid; border-left-width:0.75pt; border-left-color:#000000; border-bottom-style:solid; border-bottom-width:0.75pt; border-bottom-color:#000000; padding-top:4pt; padding-right:4pt; padding-left:4pt; padding-bottom:4pt; font-family:'Verdana'; font-size:10.5pt }\r\n.Normalrutafet { margin:3.1pt 5.65pt 0pt; text-align:justify; page-break-inside:avoid; page-break-after:avoid; line-height:12.5pt; border-top-style:solid; border-top-width:0.75pt; border-top-color:#000000; border-right-style:solid; border-right-width:0.75pt; border-right-color:#000000; border-left-style:solid; border-left-width:0.75pt; border-left-color:#000000; border-bottom-style:solid; border-bottom-width:0.75pt; border-bottom-color:#000000; padding-top:4pt; padding-right:4pt; padding-left:4pt; padding-bottom:4pt; font-family:'Verdana'; font-size:10.5pt; font-weight:bold }\r\n.Normalrutaindrag { margin:0pt 5.65pt; text-indent:11.35pt; text-align:justify; page-break-inside:avoid; page-break-after:avoid; line-height:12.5pt; border-top-style:solid; border-top-width:0.75pt; border-top-color:#000000; border-right-style:solid; border-right-width:0.75pt; border-right-color:#000000; border-left-style:solid; border-left-width:0.75pt; border-left-color:#000000; border-bottom-style:solid; border-bottom-width:0.75pt; border-bottom-color:#000000; padding-top:4pt; padding-right:4pt; padding-left:4pt; padding-bottom:4pt; font-family:'Verdana'; font-size:10.5pt }\r\n.Normalutanluftfre { margin-top:0pt; margin-bottom:0pt; text-align:justify; line-height:12.5pt; font-family:'Verdana'; font-size:9.5pt }\r\n.NormalNoll { margin-top:0pt; margin-bottom:3.1pt; text-align:left; line-height:12.5pt; font-family:'Verdana'; font-size:10.5pt; font-weight:bold }\r\n.NumlistaTOC { margin:3.1pt 28.35pt 0pt 0pt; text-indent:0pt; text-align:left; line-height:normal; font-family:'Verdana'; font-size:9.5pt }\r\n.Ordfranden { margin-top:3.1pt; margin-bottom:22pt; text-align:left; page-break-inside:avoid; page-break-after:avoid; line-height:normal; font-family:'Verdana'; font-size:9.5pt; font-style:italic }\r\n.OrtochDatum { margin-top:18pt; margin-bottom:18pt; text-align:left; page-break-inside:avoid; page-break-after:avoid; line-height:normal; font-family:'Verdana'; font-size:9.5pt }\r\n.Punktlistabomb { margin-top:6.25pt; margin-left:14.2pt; margin-bottom:6.25pt; text-indent:-14.2pt; text-align:justify; line-height:12.5pt; font-family:'Verdana'; font-size:9.5pt }\r\n.Punktlistagemener { margin-top:6.25pt; margin-left:14.2pt; margin-bottom:6.25pt; text-indent:-14.2pt; text-align:justify; line-height:12.5pt; font-family:'Verdana'; font-size:9.5pt }\r\n.Punktlistalinje { margin-top:6.25pt; margin-left:14.2pt; margin-bottom:6.25pt; text-indent:-14.2pt; text-align:justify; line-height:12.5pt; font-family:'Verdana'; font-size:9.5pt }\r\n.Punktlistasiffra { margin-top:6.25pt; margin-left:14.2pt; margin-bottom:6.25pt; text-indent:-14.2pt; text-align:justify; line-height:12.5pt; font-family:'Verdana'; font-size:9.5pt }\r\n.PVgnar { margin-top:3.1pt; margin-bottom:26pt; text-align:left; page-break-inside:avoid; page-break-after:avoid; line-height:normal; font-family:'Verdana'; font-size:9.5pt }\r\n.Quote { margin-top:6.1pt; margin-left:14.2pt; margin-bottom:0pt; text-align:justify; line-height:10pt; font-family:'Verdana'; font-size:9.5pt }\r\n.R1 { margin-top:3.1pt; margin-bottom:12pt; text-align:left; page-break-after:avoid; line-height:12.5pt; font-family:'Verdana'; font-size:16pt }\r\n.R1bilaga { margin-top:3.1pt; margin-bottom:12pt; text-align:left; page-break-after:auto; line-height:12.5pt; font-family:'Verdana'; font-size:16pt }\r\n.R2 { margin-top:20pt; margin-bottom:6pt; text-align:left; page-break-inside:avoid; page-break-after:avoid; line-height:12.5pt; font-family:'Verdana'; font-size:13.5pt }\r\n.R3 { margin-top:20pt; margin-bottom:3.1pt; text-align:left; page-break-inside:avoid; page-break-after:avoid; line-height:12.5pt; font-family:'Verdana'; font-size:10.5pt; font-weight:bold }\r\n.R4 { margin-top:15pt; margin-bottom:3.1pt; text-align:left; page-break-inside:avoid; page-break-after:avoid; line-height:12.5pt; font-family:'Verdana'; font-size:10.5pt; font-weight:normal; font-style:italic; color:#000000 }\r\n.R5 { margin-top:6.25pt; margin-bottom:0pt; text-align:justify; page-break-inside:avoid; page-break-after:avoid; line-height:12.5pt; font-family:'Verdana'; font-size:9.5pt; font-weight:bold }\r\n.R6 { margin-top:6.25pt; margin-bottom:0pt; text-align:justify; page-break-inside:avoid; page-break-after:avoid; line-height:12.5pt; font-family:'Verdana'; font-size:9.5pt; font-weight:normal; font-style:italic; color:#000000 }\r\n.Reservationshnvisning { margin-top:0pt; margin-bottom:8pt; text-align:right; line-height:12.5pt; font-family:'Verdana'; font-size:9.5pt; font-style:italic }\r\n.Reservationsrubrik { margin-top:0pt; margin-bottom:3.1pt; text-align:left; page-break-inside:avoid; page-break-after:avoid; line-height:12.5pt; font-family:'Verdana'; font-size:10.5pt; font-weight:bold }\r\n.Rubrik1Dokumentinformation { margin-top:0pt; margin-bottom:0pt; text-align:left; page-break-inside:avoid; page-break-after:avoid; line-height:12.5pt; font-family:'Verdana'; font-size:16pt }\r\n.Rubrik1bilaga { margin-top:0pt; margin-bottom:27.7pt; text-align:left; page-break-after:auto; line-height:12.5pt; font-family:'Verdana'; font-size:16pt }\r\n.Rubrik1medsidhuvud { margin-top:3.1pt; margin-bottom:12pt; text-align:left; page-break-before:always; page-break-after:avoid; line-height:12.5pt; font-family:'Verdana'; font-size:16pt }\r\n.Rubrik1numrerat { margin-top:3.1pt; margin-left:0pt; margin-bottom:12pt; text-indent:0pt; text-align:left; page-break-after:avoid; line-height:12.5pt; font-family:'Verdana'; font-size:16pt }\r\n.Rubrik1numreratmedsidhuvud { margin-top:0pt; margin-left:0pt; margin-bottom:16pt; text-indent:0pt; text-align:left; page-break-before:always; page-break-after:avoid; line-height:normal; font-family:'Verdana'; font-size:16pt }\r\n.Rubrik2bilaga { margin-top:20pt; margin-bottom:6pt; text-align:left; page-break-inside:avoid; page-break-after:avoid; line-height:12.5pt; font-family:'Verdana'; font-size:13.5pt }\r\n.Rubrik2numrerat { margin-top:20pt; margin-left:0pt; margin-bottom:6pt; text-indent:0pt; text-align:left; page-break-inside:avoid; page-break-after:avoid; line-height:12.5pt; font-family:'Verdana'; font-size:13.5pt }\r\n.Rubrik3numrerat { margin-top:20pt; margin-left:0pt; margin-bottom:3.1pt; text-indent:0pt; text-align:left; page-break-inside:avoid; page-break-after:avoid; line-height:12.5pt; font-family:'Verdana'; font-size:10.5pt; font-weight:bold }\r\n.Sammanfattning { margin-top:3.1pt; margin-bottom:12pt; text-align:left; page-break-after:auto; line-height:12.5pt; font-family:'Verdana'; font-size:16pt }\r\n.Sidhuvudhgerstlld { margin-top:0pt; margin-bottom:0pt; text-align:right; line-height:normal; font-family:'Verdana'; font-size:7.5pt; font-variant:small-caps }\r\n.Sidhuvudvnsterstlld { margin-top:0pt; margin-bottom:0pt; text-align:left; line-height:normal; font-family:'Verdana'; font-size:7.5pt; font-variant:small-caps }\r\n.Stdrubrik { margin-top:12pt; margin-bottom:0pt; line-height:12pt; font-family:'Verdana'; font-size:9.5pt; font-weight:bold }\r\n.Srskiltyttranderubrik { margin-top:0pt; margin-bottom:3.1pt; text-align:left; page-break-inside:avoid; page-break-after:avoid; line-height:12.5pt; font-family:'Verdana'; font-size:10.5pt; font-weight:bold }\r\n.TOC1 { margin-top:0pt; margin-right:28.35pt; margin-bottom:0pt; text-align:left; line-height:normal; font-family:'Verdana'; font-size:9.5pt }\r\n.TOC2 { margin:0pt 28.35pt 0pt 5.65pt; text-align:left; line-height:normal; font-family:'Verdana'; font-size:9.5pt }\r\n.TOC3 { margin:0pt 28.35pt 0pt 11.35pt; text-align:left; line-height:normal; font-family:'Verdana'; font-size:9.5pt }\r\n.TOC4 { margin:0pt 28.35pt 0pt 17pt; text-align:left; line-height:normal; font-family:'Verdana'; font-size:9.5pt }\r\n.TOC5 { margin:0pt 28.35pt 0pt 22.7pt; text-align:left; line-height:normal; font-family:'Verdana'; font-size:9.5pt }\r\n.TOC6 { margin-top:0pt; margin-left:47.65pt; margin-bottom:0pt; text-align:left; line-height:normal; font-family:'Verdana'; font-size:9.5pt }\r\n.TOC7 { margin-top:0pt; margin-right:28.35pt; margin-bottom:0pt; text-align:left; line-height:normal; font-family:'Verdana'; font-size:9.5pt }\r\n.TOC8 { margin-top:0pt; margin-right:28.35pt; margin-bottom:0pt; text-align:left; line-height:normal; font-family:'Verdana'; font-size:9.5pt }\r\n.TOC9 { margin-top:0pt; margin-left:8.5pt; margin-bottom:0pt; text-align:left; line-height:normal; font-family:'Verdana'; font-size:9.5pt }\r\n.TOCHeading { margin-top:3.1pt; margin-bottom:9pt; text-align:left; page-break-before:always; page-break-inside:avoid; page-break-after:avoid; line-height:12.5pt; font-family:'Verdana'; font-size:16pt }\r\n.Tabell-Kolumnrubrik { margin-bottom:0pt; line-height:12pt; font-family:'Verdana'; font-size:8pt; font-weight:bold }\r\n.Tabell-Klla { margin-top:2pt; margin-bottom:0pt; line-height:8pt; font-family:'Verdana'; font-size:7pt }\r\n.Tabell-Radrubrik { margin-bottom:0pt; line-height:12pt; font-family:'Verdana'; font-size:8pt }\r\n.Tabell-Rubrik { margin-top:12pt; margin-bottom:3pt; text-align:left; page-break-inside:avoid; page-break-after:avoid; line-height:10pt; font-family:'Verdana'; font-size:9pt; font-weight:bold }\r\n.Tabell-Siffror { margin-bottom:0pt; text-align:right; line-height:12pt; font-family:'Verdana'; font-size:8pt }\r\n.Tabell-Text { margin-bottom:0pt; line-height:12pt; font-family:'Verdana'; font-size:8pt }\r\n.Tabell-Underrubrik { margin-top:0pt; margin-bottom:1pt; text-align:left; page-break-inside:avoid; page-break-after:avoid; line-height:8pt; font-family:'Verdana'; font-size:8pt; font-weight:normal; font-style:italic }\r\n.TableofFigures { margin-top:3.1pt; margin-bottom:0pt; text-align:justify; line-height:normal; font-family:'Verdana'; font-size:9.5pt }\r\n.TillX-utskottet { margin-top:0pt; margin-bottom:12pt; text-align:left; page-break-after:avoid; line-height:12.5pt; font-family:'Verdana'; font-size:16pt }\r\n.Title { margin-top:3.1pt; margin-bottom:1pt; text-align:left; line-height:12pt; font-family:'Verdana'; font-size:20pt; letter-spacing:-0.5pt }\r\n.Vapen { margin-top:0pt; margin-bottom:0pt; text-align:left; page-break-inside:avoid; page-break-after:avoid; line-height:12.5pt; font-family:'Verdana'; font-size:16pt }\r\n.Yrkandelista { margin-top:3.1pt; margin-left:28.35pt; margin-bottom:0pt; text-indent:-28.35pt; text-align:justify; line-height:12.5pt; font-family:'Verdana'; font-size:9.5pt }\r\n.YrkandelistaEtt { margin-top:3.1pt; margin-left:0pt; margin-bottom:0pt; text-indent:0pt; text-align:justify; line-height:12.5pt; font-family:'Verdana'; font-size:9.5pt }\r\nspan.BallongtextChar { font-family:Tahoma; font-size:8pt }\r\nspan.BilagaChar { font-family:'Verdana'; font-size:8pt; font-variant:small-caps; text-decoration:underline }\r\nspan.BrdtextChar { font-family:'Verdana'; font-size:9.5pt }\r\nspan.BrdtextChar1 { font-family:'Verdana'; font-size:9.5pt }\r\nspan.Brdtextmedindrag2Char { font-family:'Verdana'; font-size:9.5pt }\r\nspan.CitatChar { font-family:'Verdana'; font-size:9.5pt }\r\nspan.DokumentRubrikChar { font-family:'Verdana'; font-size:18pt }\r\nspan.FotnotstextChar { font-family:'Verdana'; font-size:8pt }\r\nspan.FotnotstextindragChar { font-family:'Verdana'; font-size:8pt }\r\nspan.FrslagspunktChar { font-family:'Verdana'; font-size:9.5pt; font-weight:bold; font-style:normal }\r\nspan.Hyperlink { text-decoration:none; color:#000000 }\r\nspan.KommentarerChar { font-family:'Verdana'; font-size:10pt }\r\nspan.NormalkursivChar { font-family:'Verdana'; font-size:9.5pt; font-style:italic }\r\nspan.NormaltindragChar { font-family:'Verdana'; font-size:9.5pt }\r\nspan.OrdfrandenChar { font-family:'Verdana'; font-size:9.5pt; font-style:italic }\r\nspan.OrtochDatumChar { font-family:'Verdana'; font-size:9.5pt }\r\nspan.PlaceholderText { color:#808080 }\r\nspan.PVgnarChar { font-family:'Verdana'; font-size:9.5pt }\r\nspan.ReservationshnvisningChar { font-family:'Verdana'; font-size:9.5pt; font-style:italic }\r\nspan.Rubrik1Char { font-family:'Verdana'; font-size:16pt }\r\nspan.Rubrik1DokumentinformationChar { font-family:'Verdana'; font-size:16pt }\r\nspan.Rubrik2Char { font-family:'Verdana'; font-size:13.5pt }\r\nspan.Rubrik3Char { font-family:'Verdana'; font-size:10.5pt; font-weight:bold }\r\nspan.Rubrik4Char { font-family:'Verdana'; font-size:10.5pt; font-style:italic; color:#000000 }\r\nspan.Rubrik5Char { font-family:'Verdana'; font-size:9.5pt; font-weight:bold }\r\nspan.Rubrik6Char { font-family:'Verdana'; font-size:9.5pt; font-style:italic; color:#000000 }\r\nspan.Rubrik7Char { font-family:'Verdana'; font-size:9.5pt; font-style:italic; color:#243f60 }\r\nspan.Rubrik8Char { font-family:'Verdana'; font-size:9pt; color:#272727 }\r\nspan.Rubrik9Char { font-family:'Verdana'; font-size:9pt; font-style:italic; color:#272727 }\r\nspan.RubrikChar { font-family:'Verdana'; font-size:20pt; letter-spacing:-0.5pt }\r\nspan.SidfotChar { font-family:'Verdana'; font-size:9.5pt }\r\nspan.SidhuvudChar { font-family:'Verdana'; font-size:7.5pt; font-variant:small-caps }\r\nspan.Tabell-Upphjttecken { font-family:'Verdana'; font-variant:normal; text-decoration:none; text-transform:none; vertical-align:super; display:inline }\r\nspan.VapenChar { font-family:'Verdana'; font-size:16pt }\r\nspan.tBilagaJA { color:#000000 }\r\nspan.tSidrubrikJA { color:#000000 }\r\n.TableGrid {  }\r\n--></style>\r\n\r\n\t\t<div class=\"Section1\">\r\n\t\t\t<table cellspacing=\"0\" cellpadding=\"0\" style=\"border-collapse:collapse; margin-left:0pt\">\r\n\t\t\t\t<tr style=\"height:79.4pt\">\r\n\t\t\t\t\t<td style=\"vertical-align:top; width:297.7pt\">\r\n\t\t\t\t\t\t<p class=\"Rubrik1Dokumentinformation\" style=\"margin-top:0pt; margin-bottom:0pt; text-align:left; page-break-inside:avoid; page-break-after:avoid; line-height:16pt\">\r\n\t\t\t\t\t\t\t<span style=\"font-family:'Verdana'; font-size:16pt; -aw-sdt-tag:ccUtskott; -aw-sdt-title:'utskottsnamn Dokumentegenskap'\">Finansutskottet</span><span style=\"font-family:'Verdana'; font-size:16pt; -aw-sdt-tag:ccS; -aw-sdt-title:s\">s</span><span style=\"font-family:'Verdana'; font-size:16pt; -aw-sdt-tag:ccMellanslag; -aw-sdt-title:Mellanslag\"> </span><a name=\"Utlatande\"></a><span style=\"font-family:'Verdana'; font-size:16pt\">betänkande</span>\r\n\t\t\t\t\t\t</p>\r\n\t\t\t\t\t\t<p class=\"Dokumentbeteckning\" style=\"margin-top:0pt; margin-bottom:0pt; text-align:left; page-break-inside:avoid; page-break-after:avoid; line-height:16pt\">\r\n\t\t\t\t\t\t\t<span style=\"font-family:'Verdana'; font-size:16pt; -aw-sdt-tag:ccRiksmote; -aw-sdt-title:'riksmote Dokumentegenskap'\">2018/19</span><span style=\"font-family:'Verdana'; font-size:16pt; -aw-sdt-tag:ccKolon; -aw-sdt-title:Kolon\">:</span><a name=\"Utskottebeteckning\"></a><span style=\"font-family:'Verdana'; font-size:16pt\">FiU38</span>\r\n\t\t\t\t\t\t</p>\r\n\t\t\t\t\t\t<p class=\"Rubrik1Dokumentinformation\" style=\"margin-top:0pt; margin-bottom:0pt; text-align:left; page-break-inside:avoid; page-break-after:avoid; line-height:16pt\">\r\n\t\t\t\t\t\t\t<span style=\"font-family:'Verdana'; font-size:16pt\"> </span>\r\n\t\t\t\t\t\t</p>\r\n\t\t\t\t\t</td>\r\n\t\t\t\t</tr>\r\n\t\t\t</table>\r\n\t\t\t<p class=\"DokumentRubrik\" style=\"-aw-sdt-tag:ccDokumentrubrik; -aw-sdt-title:'dokumentrubrik Dokumentegenskap'\">\r\n\t\t\t\t<span>Vissa betaltjänstfrågor</span>\r\n\t\t\t</p>\r\n\t\t\t<p class=\"R1\">\r\n\t\t\t\t<span>Sammanfattning</span>\r\n\t\t\t</p>\r\n\t\t\t<p>\r\n\t\t\t\t<span>Utskottet tillstryker regeringens förslag. </span>\r\n\t\t\t</p>\r\n\t\t\t<p class=\"NormalIndent\">\r\n\t\t\t\t<span>I propositionen föreslår regeringen att det ska göras vissa förtydliganden i lagen (2010:751) om betaltjänster</span><span> (betaltjänstlagen)</span><span>. Anledningen till detta är</span><span> att Europeiska kommissionen har ifrågasatt om ett antal artiklar i </span><span>betalkontodirektivet</span><span> </span><span>har genomförts fullt ut</span><span> i svensk rätt.</span><span> </span>\r\n\t\t\t</p>\r\n\t\t\t<p class=\"NormalIndent\">\r\n\t\t\t\t<span>Förslagen innebär att det i betaltjänst</span><span>lagen</span><span> </span><span>bl.a. </span><span>ska förtydligas att information till konsumenter om tjänster</span><span>,</span><span> avgifter </span><span>och rutiner kring byte av betalkonto</span><span> </span><span>ska utformas på ett visst sätt. </span><span>Reg</span><span>lerna ökar transparensen </span><span>på betalkontomarknaden</span><span>,</span><span> vilket är positivt ur konsumentskyddssynpunkt. </span>\r\n\t\t\t</p>\r\n\t\t\t<p class=\"NormalIndent\">\r\n\t\t\t\t<span>Lagändringarna föreslås träda i kraft den 1 juli 2019.</span><span> </span>\r\n\t\t\t</p>\r\n\t\t\t<p class=\"R4\">\r\n\t\t\t\t<span>Behandlade förslag</span>\r\n\t\t\t</p>\r\n\t\t\t<p>\r\n\t\t\t\t<span>Proposition </span><span>2018/19:72 Vissa betaltjänstfrågor.</span>\r\n\t\t\t</p>\r\n\t\t\t<p class=\"Innehllsfrteckning\">\r\n\t\t\t\t<a name=\"Innehållsförteckning\"></a><span class=\"tSidrubrikJA\">Innehållsförteckning</span>\r\n\t\t\t</p>\r\n\t\t\t<p class=\"TOC1\">\r\n\t\t\t\t<a style=\"color:#000000\" href=\"#_Toc8738076\"><span class=\"Hyperlink\">Utskottets förslag till riksdagsbeslut</span></a>\r\n\t\t\t</p>\r\n\t\t\t<p class=\"TOC1\">\r\n\t\t\t\t<a style=\"color:#000000\" href=\"#_Toc8738077\"><span class=\"Hyperlink\">Redogörelse för ärendet</span></a>\r\n\t\t\t</p>\r\n\t\t\t<p class=\"TOC1\">\r\n\t\t\t\t<a style=\"color:#000000\" href=\"#_Toc8738078\"><span class=\"Hyperlink\">Utskottets överväganden</span></a>\r\n\t\t\t</p>\r\n\t\t\t<p class=\"TOC3\">\r\n\t\t\t\t<a style=\"color:#000000\" href=\"#_Toc8738079\"><span class=\"Hyperlink\">Utskottets ställningstagande</span></a>\r\n\t\t\t</p>\r\n\t\t\t<p class=\"TOC8\">\r\n\t\t\t\t<span class=\"Hyperlink\" style=\"font-style:italic\">Bilaga 1</span><br /><a style=\"color:#000000\" href=\"#_Toc8738080\"><span class=\"Hyperlink\">Förteckning över behandlade förslag</span></a>\r\n\t\t\t</p>\r\n\t\t\t<p class=\"TOC9\">\r\n\t\t\t\t<a style=\"color:#000000\" href=\"#_Toc8738081\"><span class=\"Hyperlink\">Propositionen</span></a>\r\n\t\t\t</p>\r\n\t\t\t<p class=\"TOC8\">\r\n\t\t\t\t<span class=\"Hyperlink\" style=\"font-style:italic\">Bilaga 2</span><br /><a style=\"color:#000000\" href=\"#_Toc8738082\"><span class=\"Hyperlink\">Regeringens lagförslag</span></a>\r\n\t\t\t</p>\r\n\t\t\t<p>\r\n\t\t\t</p>\r\n\t\t\t<p>\r\n\t\t\t\t<span> </span>\r\n\t\t\t</p>\r\n\t\t\t<p class=\"NormalIndent\">\r\n\t\t\t\t<span> </span>\r\n\t\t\t</p>\r\n\t\t\t<p class=\"Avsnittsrubrik\">\r\n\t\t\t\t<a name=\"StopCC\"></a><a name=\"_Toc8738076\"><span style=\"-aw-bookmark-end:StopCC\"></span><span class=\"tSidrubrikJA\">Utskottets förslag till riksdagsbeslut</span></a>\r\n\t\t\t</p>\r\n\t\t\t<p class=\"Mellanrum\">\r\n\t\t\t\t<span> </span>\r\n\t\t\t</p>\r\n\t\t\t<p class=\"Mellanrum\">\r\n\t\t\t\t<span> </span>\r\n\t\t\t</p>\r\n\t\t\t<table cellspacing=\"0\" cellpadding=\"0\" style=\"border-collapse:collapse; margin-left:0pt; width:294.2pt\">\r\n\t\t\t\t<tr>\r\n\t\t\t\t\t<td style=\"vertical-align:top; width:22pt\">\r\n\t\t\t\t\t\t<p style=\"margin-top:3.1pt; margin-bottom:0pt; text-align:justify; page-break-inside:avoid; page-break-after:avoid; line-height:12.5pt\">\r\n\t\t\t\t\t\t\t<span style=\"font-family:'Verdana'; font-size:10.5pt; font-weight:bold\">Vissa betaltjänstfrågor</span>\r\n\t\t\t\t\t\t</p>\r\n\t\t\t\t\t</td>\r\n\t\t\t\t</tr>\r\n\t\t\t</table>\r\n\t\t\t<p class=\"Normalutanluftfre\" style=\"-aw-sdt-tag:'dokumentavsnitt/utskottets förslag till riksdagsbeslut/-2116202732/1557838001194'; -aw-sdt-title:'utskottets förslag till riksdagsbeslut'\">\r\n\t\t\t\t<span>Riksdagen antar regeringens förslag till</span>\r\n\t\t\t</p>\r\n\t\t\t<p class=\"NormalIndent\" style=\"-aw-sdt-tag:'dokumentavsnitt/utskottets förslag till riksdagsbeslut/-2116202732/1557838001194'; -aw-sdt-title:'utskottets förslag till riksdagsbeslut'\">\r\n\t\t\t\t<span>lag om ändring i lagen (2010:751) om betaltjänster.</span>\r\n\t\t\t</p>\r\n\t\t\t<p class=\"NormalIndent\" style=\"text-indent:11.3pt; -aw-sdt-tag:'dokumentavsnitt/utskottets förslag till riksdagsbeslut/-2116202732/1557838001194'; -aw-sdt-title:'utskottets förslag till riksdagsbeslut'\">\r\n\t\t\t\t<span>Därmed bifaller riksdagen proposition 2018/19:72.</span>\r\n\t\t\t</p>\r\n\t\t\t<p class=\"Mellanrum\" style=\"-aw-sdt-tag:'dokumentavsnitt/utskottets förslag till riksdagsbeslut/-2116202732/1557838001194'; -aw-sdt-title:'utskottets förslag till riksdagsbeslut'\">\r\n\t\t\t\t<span> </span>\r\n\t\t\t</p>\r\n\t\t\t<p class=\"OrtochDatum\" style=\"-aw-sdt-tag:'dokumentavsnitt/utskottets förslag till riksdagsbeslut/-2116202732/1557838001194'; -aw-sdt-title:'utskottets förslag till riksdagsbeslut'\">\r\n\t\t\t\t<span>Stockholm den 14 maj 2019</span>\r\n\t\t\t</p>\r\n\t\t\t<p class=\"PVgnar\" style=\"-aw-sdt-tag:'dokumentavsnitt/utskottets förslag till riksdagsbeslut/-2116202732/1557838001194'; -aw-sdt-title:'utskottets förslag till riksdagsbeslut'\">\r\n\t\t\t\t<span>På finansutskottets vägnar</span>\r\n\t\t\t</p>\r\n\t\t\t<p class=\"Ordfranden\" style=\"-aw-sdt-tag:'dokumentavsnitt/utskottets förslag till riksdagsbeslut/-2116202732/1557838001194'; -aw-sdt-title:'utskottets förslag till riksdagsbeslut'\">\r\n\t\t\t\t<span>Fredrik Olovsson</span>\r\n\t\t\t</p>\r\n\t\t\t<p class=\"Deltagare\" style=\"-aw-sdt-tag:'dokumentavsnitt/utskottets förslag till riksdagsbeslut/-2116202732/1557838001194'; -aw-sdt-title:'utskottets förslag till riksdagsbeslut'\">\r\n\t\t\t\t<span>Följande ledamöter har deltagit i beslutet: Fredrik Olovsson (S), Gunilla Carlsson (S), Edward Riedl (M), Oscar Sjöstedt (SD), Ulla Andersson (V), Jan Ericson (M), Ingela Nylund Watz (S), Ingemar Nilsson (S), Sven-Olof Sällström (SD), Mattias Karlsson i Luleå (M), David Josefsson (M), Eva Lindh (S), Charlotte Quensel (SD), Rasmus Ling (MP) och Andreas Carlson (KD).</span>\r\n\t\t\t</p>\r\n\t\t\t<p class=\"Mellanrum\" style=\"-aw-sdt-tag:'dokumentavsnitt/utskottets förslag till riksdagsbeslut/-2116202732/1557838001194'; -aw-sdt-title:'utskottets förslag till riksdagsbeslut'\">\r\n\t\t\t\t<span> </span>\r\n\t\t\t</p>\r\n\t\t\t<p class=\"Mellanrum\" style=\"-aw-sdt-tag:'dokumentavsnitt/utskottets förslag till riksdagsbeslut/-2116202732/1557838001194'; -aw-sdt-title:'utskottets förslag till riksdagsbeslut'\">\r\n\t\t\t\t<span> </span>\r\n\t\t\t</p>\r\n\t\t\t<p class=\"Mellanrum\" style=\"-aw-sdt-tag:'dokumentavsnitt/utskottets förslag till riksdagsbeslut/-2116202732/1557838001194'; -aw-sdt-title:'utskottets förslag till riksdagsbeslut'\">\r\n\t\t\t\t<span style=\"font-size:9.5pt\"> </span>\r\n\t\t\t</p>\r\n\t\t\t<p>\r\n\t\t\t\t<span> </span>\r\n\t\t\t</p>\r\n\t\t\t<h1>\r\n\t\t\t\t<span> </span>\r\n\t\t\t</h1>\r\n\t\t\t<p>\r\n\t\t\t\t<br style=\"page-break-before:always; clear:both\" />\r\n\t\t\t</p>\r\n\t\t\t<h1>\r\n\t\t\t\t<a name=\"_Toc8738077\"><span>Redogörelse för ärendet</span></a>\r\n\t\t\t</h1>\r\n\t\t\t<p>\r\n\t\t\t\t<span>I detta ärende behandlas regeringens proposition 2018/19:72 Vissa betaltjänstfrågor.</span><span> </span>\r\n\t\t\t</p>\r\n\t\t\t<p class=\"NormalIndent\">\r\n\t\t\t\t<span>B</span><span>anker och andra kreditinstitut </span><span>är </span><span>under vissa förutsättningar skyldiga att tillhandahålla konsumenter som är lagligen bosatta i Europeiska ekonomiska samarbetsområdet (EES) betalkonton med </span><span>vissa </span><span>grundläggande funktioner</span><span>. </span><span>Bestämmelser</span><span> </span><span>om</span><span> detta </span><span>finns i 4 a kap. lagen (2010:751) om betaltj</span><span>änster</span><span>, betaltjänstlagen</span><span>. </span><span>Kapitlet</span><span> </span><span>genomför Europaparlamentets och rådets direktiv 2014/92/EU av den 23 juli 2014 om jämförbarhet för avgifter som avser betalkonto, byte av betalkonto och tillgång till betalkonto med grundläggande funktioner (betalkontodirektivet)</span><span> i svensk rätt</span><span>.</span><span> </span>\r\n\t\t\t</p>\r\n\t\t\t<p class=\"NormalIndent\">\r\n\t\t\t\t<span>Europeiska kommissionen har </span><span>i en skrivelse till regeringen</span><span> </span><span>ifrågasatt </span><span>om </span><span>artiklarna 6, 8, 12.2, 14 och 17.4 i betalkontodirektivet</span><span> verkligen </span><span>har </span><span>genomförts fullt ut</span><span> </span><span>i svensk rätt </span><span>(UD2019/01437)</span><span>. Regeringen </span><span>har därför tagit fram en proposition där de</span><span>n</span><span> </span><span>föreslår vissa</span><span> </span><span>förtydliganden </span><span>och kompletteringar </span><span>i </span><span>4 a kap. </span><span>betaltjänstlagen</span><span> för att på så sätt säkerställa att direktivet genomförs fullt ut</span><span>.</span><span> </span><span>Förslagen innebär att det i </span><span>betaltjänstlagen</span><span> </span><span>bl.a. </span><span>ska förtydligas att</span>\r\n\t\t\t</p>\r\n\t\t\t<p class=\"Punktlistabomb\" style=\"margin-left:14.2pt; margin-bottom:0pt; text-indent:-14.2pt\">\r\n\t\t\t\t<span style=\"font-family:'Verdana'; font-size:10pt\">•</span><span style=\"font:7.0pt 'Verdana'\">       </span><span>en </span><span>b</span><span>etaltjänstleverantör</span><span> inte kan begränsa användandet av tjänster som är knutna till ett betalkon</span><span>to med grundläggande funktioner</span>\r\n\t\t\t</p>\r\n\t\t\t<p class=\"Punktlistabomb\" style=\"margin-top:0pt; margin-left:14.2pt; margin-bottom:0pt; text-indent:-14.2pt\">\r\n\t\t\t\t<span style=\"font-family:'Verdana'; font-size:10pt\">•</span><span style=\"font:7.0pt 'Verdana'\">       </span><span>information till </span><span>konsumenter om tjänster och avgifter ska utformas på ett visst sätt, inbegripet</span><span> vissa</span><span> standardiserade begrepp oc</span><span>h termer</span>\r\n\t\t\t</p>\r\n\t\t\t<p class=\"Punktlistabomb\" style=\"margin-top:0pt; margin-left:14.2pt; margin-bottom:0pt; text-indent:-14.2pt\">\r\n\t\t\t\t<span style=\"font-family:'Verdana'; font-size:10pt\">•</span><span style=\"font:7.0pt 'Verdana'\">       </span><span>en betaltjänstleverantör</span><span> ska informera om rutinerna vid byte av betalkonto</span>\r\n\t\t\t</p>\r\n\t\t\t<p class=\"Punktlistabomb\" style=\"margin-top:0pt; margin-left:14.2pt; text-indent:-14.2pt\">\r\n\t\t\t\t<span style=\"font-family:'Verdana'; font-size:10pt\">•</span><span style=\"font:7.0pt 'Verdana'\">       </span><span>marknadsföringslagen </span><span>(2008:486) </span><span>ska tillämpas vid bristande information.</span>\r\n\t\t\t</p>\r\n\t\t\t<p>\r\n\t\t\t\t<span>Lagförslagen har granskats av Lagrådet, som lämnat förslage</span><span>n</span><span> utan erinran.</span>\r\n\t\t\t</p>\r\n\t\t\t<p class=\"NormalIndent\">\r\n\t\t\t\t<span>Regeringens förslag till riksdagsbeslut återges i bilaga 1. Regeringens lagförslag finns i bilaga 2.</span><span> </span>\r\n\t\t\t</p>\r\n\t\t\t<p class=\"R3\">\r\n\t\t\t\t<span>Bakgrund</span>\r\n\t\t\t</p>\r\n\t\t\t<p>\r\n\t\t\t\t<span>I april 2017 behandlade </span><span>finans</span><span>utskottet regeringens proposition 2016/17:129 </span><span>Tillgång till betalkonto med grundläggande funktioner</span><span>, </span><span>som innebar att betalkontodirektivet genomfördes i svensk rätt.</span><span> </span><span>Utskottet tillstyrkte </span><span>förslaget (bet. 2016/17:FiU33).</span><span> </span><span>I propositionen föreslogs regler på tre materiella områden: regler om avgiftsinformation, regler om byte av betaltjänst</span><span>-leverantör</span><span> och regler om konsumenters tillgång till betalkonto med grundläggande funktioner. </span><span>Bestämmelserna syftar</span><span> framför allt </span><span>till </span><span>att stärka konkurrensen på betalkontoområdet och </span><span>att underlätta konsumenters insyn i de avgifter som tas ut för betalkonton.</span>\r\n\t\t\t</p>\r\n\t\t\t<p class=\"NormalIndent\">\r\n\t\t\t\t<span>Det förslag som regeringen nu lagt fram </span><span>innebär förtydliganden på</span><span> främ</span><span>st det första och andra området –</span><span> dvs. </span><span>innehåll och utformning av den information som ska lämnas </span><span>om</span><span> produkter och avgifter samt</span><span> </span><span>rutiner </span><span>vid byte av betalkonto. </span>\r\n\t\t\t</p>\r\n\t\t\t<p class=\"Avsnittsrubrik\">\r\n\t\t\t\t<a name=\"SlutUtskottsForslag\"></a><a name=\"_Toc8738078\"><span style=\"-aw-bookmark-end:SlutUtskottsForslag\"></span><span class=\"tSidrubrikJA\">Utskottets överväganden</span></a>\r\n\t\t\t</p>\r\n\t\t\t<p class=\"R2\" style=\"margin-top:0pt\">\r\n\t\t\t\t<span>Vissa betaltjänstfrågor</span>\r\n\t\t\t</p>\r\n\t\t\t<div style=\"border-bottom-color:#000000; border-bottom-style:solid; border-bottom-width:0.75pt; border-left-color:#000000; border-left-style:solid; border-left-width:0.75pt; border-right-color:#000000; border-right-style:solid; border-right-width:0.75pt; border-top-color:#000000; border-top-style:solid; border-top-width:0.75pt; clear:both; margin:3.1pt 0.9pt 0pt\">\r\n\t\t\t\t<p class=\"Normalrutafet\" style=\"margin:0pt; padding-right:4pt; padding-left:4pt\">\r\n\t\t\t\t\t<span>Utskottets förslag i korthet</span>\r\n\t\t\t\t</p>\r\n\t\t\t\t<p class=\"Normalruta\" style=\"margin:0pt; padding-right:4pt; padding-left:4pt\">\r\n\t\t\t\t\t<span>Riksdagen </span><span>antar regeringens </span><span>lag</span><span>förslag. Förslaget innebär att </span><br /><span>4 a kap. </span><span>lagen (2010:751) om betaltjänster förtydligas</span><span> på </span><span>så </span><span>sätt </span><span>att artiklarna 6, 8, 12.2, 14 och 17.4 i betalkontodirektivet </span><span>genomför</span><span>s fullt ut i svensk rätt</span><span>. Betalkontodirektivet syftar bl</span><span>.a. till att öka transparensen </span><span>på den finansiella marknaden.</span>\r\n\t\t\t\t</p>\r\n\t\t\t\t<p class=\"Normalrutaindrag\" style=\"margin:0pt; padding-right:4pt; padding-left:4pt; padding-bottom:4pt\">\r\n\t\t\t\t\t<span>Det ska även framgå att </span><span>marknadsföringslagen </span><span>(</span><span>2008:486</span><span>) </span><span>ska tillämpas vid bristande information till konsumenter.</span><span> </span>\r\n\t\t\t\t</p>\r\n\t\t\t</div>\r\n\t\t\t<p class=\"R3\" style=\"margin-bottom:0pt\">\r\n\t\t\t\t<span>Propositionen</span>\r\n\t\t\t</p>\r\n\t\t\t<p class=\"R4\" style=\"margin-top:6pt\">\r\n\t\t\t\t<span>Förbud mot begränsningar av konsumenters användning </span><span>av tjänster </span>\r\n\t\t\t</p>\r\n\t\t\t<p>\r\n\t\t\t\t<span>Regeringen föreslår att 4 a kap. 2 § betaltjänstlagen ska förtydligas så att det framgår att ett kreditinstitut som tillhandahåller en konsument ett betalkonto med grundläggande funktioner inte får begränsa det antal gånger konsumenten får använda de tjänster som är knutna till betalkontot. Vad som avses med grundläggande funktioner framgår av 4 a kap. 2 § första stycket betaltjänst-lagen. </span>\r\n\t\t\t</p>\r\n\t\t\t<p class=\"NormalIndent\">\r\n\t\t\t\t<span>Enligt regeringen anses detta följa av gällande svensk rätt</span><span>,</span><span> men några uttryckliga bestämmelser finns inte i dagsläget. För tydlighets skull föreslår därför regeringen att betaltjänstlagen ska kompletteras med bestämmelser om </span><span>konsumenters rätt att använda</span><span> tjänster som är knutna till ett betalkonto med grundläggande funktioner. Bestämmelserna genomför artikel 17 i betalkonto-</span><span>direktivet.</span>\r\n\t\t\t</p>\r\n\t\t\t<p class=\"R4\">\r\n\t\t\t\t<span>Information om begrepp och termer</span>\r\n\t\t\t</p>\r\n\t\t\t<p class=\"NormalIndent\" style=\"text-indent:0pt\">\r\n\t\t\t\t<span>I propositionen föreslår regeringen att en bestämmelse som i dag finns i 7 § förordningen (2010:1008) om betaltjänster (betaltjänstförordningen) ska flyttas till 4 a kap. 4 a § betaltjänstlagen. Bestämmelsen går ut på att Finansinspektionen på sin webbplats ska publicera en uppdaterad förteckning över de mest representativa tjänsterna som är knutna till betalkonton i Sverige. I betaltjänstlagen ska det även förtydligas att de termer som har fastställts i enlighet med artikel 3.4 i betalkontodirektivet ska a</span><span>nvändas i förteckningen.</span>\r\n\t\t\t</p>\r\n\t\t\t<p class=\"NormalIndent\">\r\n\t\t\t\t<span>En betaltjänstleverantör ska använda dessa termer i sin information till konsumenter (4 a kap. 4 b §). Betaltjänstleverantören får använda namn på varumärken för att beteckna sina tjänster i informationen om leverantören tydligt anger motsvarande termer från förteckningen. </span>\r\n\t\t\t</p>\r\n\t\t\t<p class=\"NormalIndent\">\r\n\t\t\t\t<span>Enligt betalkontodirektivet ska medlemsstaterna upprätta och offentliggöra en förteckning över de mest representativa tjänsterna som är knutna till betalkonton (artikel 3.5). Förteckningen ska innehålla ”standardiserade termer och definitioner för var och en av de identifierade tjänsterna” (artikla</span><span>rna 3.1 och 3.5 i direktivet). </span><span>I direktivet finns regler om information till konsumenter (artikel 6):</span>\r\n\t\t\t</p>\r\n\t\t\t<p class=\"Punktlistabomb\" style=\"margin-left:14.2pt; margin-bottom:0pt; text-indent:-14.2pt\">\r\n\t\t\t\t<span style=\"font-family:'Verdana'; font-size:10pt\">•</span><span style=\"font:7.0pt 'Verdana'\">       </span><span>Medlemsstaterna ska se till att betaltjänstleverantörer i sin information (”avtalsinformation, kommersiella information och information i marknadsföring”) till konsumenter använder ”de standardiserade begreppen” som förteckningen innehåller (artikel 6.1 första meningen).</span>\r\n\t\t\t</p>\r\n\t\t\t<p class=\"Punktlistabomb\" style=\"margin-top:0pt; margin-left:14.2pt; margin-bottom:0pt; text-indent:-14.2pt\">\r\n\t\t\t\t<span style=\"font-family:'Verdana'; font-size:10pt\">•</span><span style=\"font:7.0pt 'Verdana'\">       </span><span>Betaltjänstleverantörer får använda namn på varumärken i dokumentet med avgiftsinformation och i redovisningen av avgifter, om sådana namn på varumärken används som tillägg till ”de standardiserade termerna” i förteckningen och fungerar som en sekundär beteckning på de tjänsterna (artikel 6.1 andra meningen). </span>\r\n\t\t\t</p>\r\n\t\t\t<p class=\"Punktlistabomb\" style=\"margin-top:0pt; margin-left:14.2pt; text-indent:-14.2pt\">\r\n\t\t\t\t<span style=\"font-family:'Verdana'; font-size:10pt\">•</span><span style=\"font:7.0pt 'Verdana'\">       </span><span>Betaltjänstleverantörer får använda namn på varumärken för att beteckna sina tjänster i sin information till konsumenter, om leverantörerna tydligt anger motsvarande ”standardiserade termer” som används i förteckningen (artikel 6.2). </span>\r\n\t\t\t</p>\r\n\t\t\t<p>\r\n\t\t\t\t<span>Uttrycket ”de standardiserade begreppen” (eller ”termerna”) i artikel 6 i direktivet motsvarar uttrycket ”standardiserade termer och definitioner” i artikel 3.</span>\r\n\t\t\t</p>\r\n\t\t\t<p class=\"NormalIndent\">\r\n\t\t\t\t<span>Enligt regeringen innebär artikel 6.1 första meningen i direktivet ett ovillkorligt krav på att dessa termer ska användas i betaltjänstleverantörernas information till konsumenter. Termen information ska alltså ha samma innebörd som uttrycket avtalsinformation, kommersiell information och information i marknadsföring i artiklarna 6.1 första meningen och 6.2 i direktivet. Den föreslagna ordningen förutsätter att den förteckning som i dag regleras i betaltjänstförordningen i stället regleras i betaltjänstlagen och att det i lagen förtydligas att de termer som har fastställts i enlighet med artikel 3.4 i direktivet (”den standardiserade unionsterminologin”) ska användas i förteckningen.</span>\r\n\t\t\t</p>\r\n\t\t\t<p class=\"R4\">\r\n\t\t\t\t<span>Information om tjänster och avgifter</span>\r\n\t\t\t</p>\r\n\t\t\t<p class=\"NormalIndent\" style=\"text-indent:0pt\">\r\n\t\t\t\t<span>Innan en betaltjänstleverantör ingår ett avtal om betalkonto ska </span><span>leverantören</span><span> ge konsumenten en förteckning över de mest representativa tjänsterna som är knutna till betalkonton i Sverige och, i den utsträckning betaltjänstleverantören tillhandhåller dessa tjänster, informera konsumenten om avgifterna för dem. Informationen ska lämnas i pappersform eller på</span><span> ett</span><span> annat varaktigt me</span><span>dium.</span>\r\n\t\t\t</p>\r\n\t\t\t<p class=\"NormalIndent\">\r\n\t\t\t\t<span>Betaltjänstleverantören ska också hålla förteckningen och en ordlista som förklarar de begrepp som används i förteckningen tillgängliga för konsumenten. Vidare ska betaltjänstleverantören minst en gång per år ge konsumenten kostnadsfri information om aktuella avgifter och räntesatser för </span><span>de tjänster som är knutna </span><span>till betalkontot. Betaltjänstleverantören och </span><span>konsumenten ska komma överens om på vilket sätt avgifterna ska redovisas. Redovisningen ska lämnas i pappersform om konsumenten begär det.</span>\r\n\t\t\t</p>\r\n\t\t\t<p class=\"NormalIndent\">\r\n\t\t\t\t<span>Regeringen föreslår att bestämmelserna i 4 a kap. 5 § betaltjänstlagen ska kompletteras så att detta framgår </span><span>tydligt </span><span>och genomför </span><span>på så sätt </span><span>artiklarna 1.3, 4–6 och 8 i betalkontodirektivet.</span>\r\n\t\t\t</p>\r\n\t\t\t<p class=\"R4\">\r\n\t\t\t\t<span>Information om pakettjänster</span>\r\n\t\t\t</p>\r\n\t\t\t<p>\r\n\t\t\t\t<span>Enligt betalkontodirektivet ska en betaltjänstleverantör som erbjuder ett betalkonto som en del av ett paket tillsammans med en annan produkt eller tjänst som </span><span>inte hör ihop med ett betalkonto informera konsumenten om det går att köpa betalkontot separat. Leverantören ska i så fall även tillhandahålla separat information om kostnaderna och avgifterna för var och en av de andra produkterna och tjänsterna som erbjuds i det paketet och som kan köpas separat (artikel 8).</span>\r\n\t\t\t</p>\r\n\t\t\t<p class=\"NormalIndent\">\r\n\t\t\t\t<span>Regeringen anser att det kravet följer av gällande svensk rätt</span><span>,</span><span> men några uttryckliga bestämmelser om detta </span><span>finns inte</span><span>. Regeringen föreslår därför att betaltjänstlagen ska förtydligas och att bestämmelser om sådan information till konsumenter tas in i betaltjänstlagen (4 a kap. 5 a §). Bestämmelsen genomför artikel 8 i betalkontodirektivet</span><span>.</span>\r\n\t\t\t</p>\r\n\t\t\t<p class=\"R4\">\r\n\t\t\t\t<span>Information vid byte av betalkonto</span>\r\n\t\t\t</p>\r\n\t\t\t<p>\r\n\t\t\t\t<span>En betaltjänstleverantör ska ha rutiner för </span><span>en konsuments byte av betalkonto </span><span>i samma valuta mellan betaltjänstleverantören och en annan betaltjänst</span><span>-</span><span>leverantör</span><span> </span><span>i Sverige. Rutinerna ska säkerställa att ett sådant byte kan</span><span> </span><span>genomföras snabbt och utan onödiga </span><span>besvär</span><span> för konsumenten. Artikel 14 i betaltjänstdirektivet reglerar vilken sorts information betaltjänstleverantören ska lämna.</span>\r\n\t\t\t</p>\r\n\t\t\t<p class=\"NormalIndent\">\r\n\t\t\t\t<span>Regeringen eller den myndighet som regeringen bestämmer får </span><span>utfärda</span><span> föreskrifter om rutiner för byte av betalkonto (4 a kap. 10 § 2 betaltjänstlagen). Sådana föreskrifter finns i betaltjänstförordningen (6 § 10) och Finansinspektionens föreskrifter (FFFS 2018:4) om verksamhet för betaltjänstleverantörer (4 kap.). Bestämmelserna i svensk rätt om rutiner vid byte av betalkonto avviker i fråga om utformning från reglerna i direktivet om hur byte av betalkonto ska gå till, och det finns i dag inte några uttryckliga bestämmelser om att konsumenter ska informeras om rutiner vid byte av betalkonto. </span>\r\n\t\t\t</p>\r\n\t\t\t<p class=\"NormalIndent\">\r\n\t\t\t\t<span>Regeringen föreslår därför att 4 a kap. 6 § förtydligas på så sätt att det tydligt framgår att en betaltjänstleverantör ska informera konsumenten om rutinerna vid byte av betalkonto. Det närmare innehållet i informationen och formerna för hur den ska lämnas bör enligt regeringen regleras i Finansinspektionens föreskrifter. Bestämmelsen genomför artikel 14 i betalkontodirektivet.</span>\r\n\t\t\t</p>\r\n\t\t\t<p class=\"R4\">\r\n\t\t\t\t<span>Information om avgifter vid byte</span>\r\n\t\t\t</p>\r\n\t\t\t<p class=\"NormalIndent\" style=\"text-indent:0pt\">\r\n\t\t\t\t<span>Avgifter för byte av betalkonto ska – med vissa undantag – vara rimliga och </span><span>motsvara faktiska kostnader (4 a kap. 7 § </span><span>betaltjänstlagen</span><span>). Regeringen föreslår att bestämmelsen ska kompletteras med en skrivning om att betaltjänstleverantörer gentemot sina egna kunder inte får ta ut någon avgift för information om betalningstransaktioner vid byte av betalkonto.</span>\r\n\t\t\t</p>\r\n\t\t\t<p class=\"NormalIndent\">\r\n\t\t\t\t<span>Reglerna i betalkontodirektivet om förbud mot att ta ut avgifter är kopplade till reglerna om hur byte av betalkonto ska gå till. Enligt betalkontodirektivet ska medlemsstaterna se till att den betaltjänstleverantör som konsumenten byter ifrån tillhandahåller information om vissa betalningstransaktioner till konsumenten eller den betaltjänstleverantör som konsumenten byter till, utan att ta ut avgifter för det (artiklarna 10.3 a och b, 10.4 a och 12.2). Det kravet får enligt regeringen anses följa även av gällande svensk rätt men bör komma till uttryck också i betaltjänstlagen. Bestämmelsen genomför betalkonto</span><span>-</span><span>direktivets artikel 12 i svensk rätt.</span>\r\n\t\t\t</p>\r\n\t\t\t<p class=\"R4\">\r\n\t\t\t\t<span>Hänvisning till marknadsföringslagen</span>\r\n\t\t\t</p>\r\n\t\t\t<p>\r\n\t\t\t\t<span>Slutligen föreslår regeringen att betaltjänstlagen ska kompletteras med en bestämmelse (4 a kap. 5 b §) om att marknadsföringslagen </span><span>(2008:486) </span><span>ska tillämpas vid bristande information till konsumenter. Informationskraven avser</span>\r\n\t\t\t</p>\r\n\t\t\t<p class=\"Punktlistabomb\" style=\"margin-left:14.2pt; margin-bottom:0pt; text-indent:-14.2pt\">\r\n\t\t\t\t<span style=\"font-family:'Verdana'; font-size:10pt\">•</span><span style=\"font:7.0pt 'Verdana'\">       </span><span>användning av de termer som har fastställts i förteckningen över de mest representativa tjänsterna som är knutna till betalkonton</span><span> i Sverige</span>\r\n\t\t\t</p>\r\n\t\t\t<p class=\"Punktlistabomb\" style=\"margin-top:0pt; margin-left:14.2pt; text-indent:-14.2pt\">\r\n\t\t\t\t<span style=\"font-family:'Verdana'; font-size:10pt\">•</span><span style=\"font:7.0pt 'Verdana'\">       </span><span>betalkonton som erbjuds tillsammans med annan produkt eller tjänst.</span>\r\n\t\t\t</p>\r\n\t\t\t<p class=\"NormalIndent\" style=\"text-indent:0pt\">\r\n\t\t\t\t<span>Enligt bestämmelsen, som har motsvarighet i flera lagar på det finansiella området (t.ex. 4 kap. 20 § lagen [2004:46] om värdepappersfonder), ska den information som lämnas till en konsument enligt 4 a kap</span><span>.</span><span> 5 § anses väsentlig</span><span> i marknadsföringslagens mening, </span><span>och underlåtenhet att lämna den aktuella informationen kan bedömas som ett otillbörligt vilseledande enligt samma lag.  </span>\r\n\t\t\t</p>\r\n\t\t\t<p class=\"R4\">\r\n\t\t\t\t<span>Ikraftträdande</span>\r\n\t\t\t</p>\r\n\t\t\t<p>\r\n\t\t\t\t<span>Förslagen i propositionen har lämnats med anledning av att kommissionen har ifrågasatt Sveriges </span><span>genomförande</span><span> av betalkontodirektivet. Regeringen anser därför att lagändringarna bör träda i kraft </span><span>snarast möjligt</span><span>, samtidigt som Finansinspektionen behöver tid att </span><span>utfärda</span><span> föreskrifter. Med hänsyn till detta </span><span>föreslås</span><span> att lagändringarna ska träda i kraft den 1 juli 2019.</span>\r\n\t\t\t</p>\r\n\t\t\t<p class=\"R4\">\r\n\t\t\t\t<span>Förslagets konsekvenser</span>\r\n\t\t\t</p>\r\n\t\t\t<p>\r\n\t\t\t\t<span>Regeringen gör bedömningen att förslagen inte har några offentligfinansiella eller samhällsekonomiska effekter. Förslagen medför inga ökade kostnader för kreditinstitut eller betaltjänstleverantörer och påverkar inte konkurrensen mellan företagen inom eller ut</span><span>anför </span><span>Sverige. </span>\r\n\t\t\t</p>\r\n\t\t\t<p class=\"NormalIndent\">\r\n\t\t\t\t<span>De ökade kostnader som förslagen medför för Finansinspektionen ska hanteras inom befintliga ekonomiska ramar. Förslagen </span><span>ska inte medföra några</span><span> merkostnader för de allmänna förvaltningsdomstolarna.</span>\r\n\t\t\t</p>\r\n\t\t\t<h3>\r\n\t\t\t\t<a name=\"_Toc8738079\"><span>Utskottets ställningstagande</span></a>\r\n\t\t\t</h3>\r\n\t\t\t<p>\r\n\t\t\t\t<span>Utskottet </span><span>tillstyrker propositionen.</span>\r\n\t\t\t</p>\r\n\t\t\t<p>\r\n\t\t\t\t<span> </span>\r\n\t\t\t</p>\r\n\t\t\t<p>\r\n\t\t\t\t<span> </span>\r\n\t\t\t</p>\r\n\t\t\t<p>\r\n\t\t\t\t<span> </span>\r\n\t\t\t</p>\r\n\t\t\t<p class=\"Bilaga\">\r\n\t\t\t\t<span class=\"tBilagaJA\">Bilaga 1</span>\r\n\t\t\t</p>\r\n\t\t\t<p class=\"Bilagerubrik\">\r\n\t\t\t\t<a name=\"_Toc8738080\"><span class=\"tSidrubrikJA\">Förteckning över behandlade förslag</span></a>\r\n\t\t\t</p>\r\n\t\t\t<p class=\"Rubrik2bilaga\" style=\"-aw-sdt-tag:'dokumentavsnitt/förteckning över behandlade förslag/1036645109/1553077166542'; -aw-sdt-title:'förteckning över behandlade förslag'\">\r\n\t\t\t\t<a name=\"_Toc8738081\"><span>Propositionen</span></a><span> </span>\r\n\t\t\t</p>\r\n\t\t\t<h4 style=\"-aw-sdt-tag:'dokumentavsnitt/förteckning över behandlade förslag/1036645109/1553077166542'; -aw-sdt-title:'förteckning över behandlade förslag'\">\r\n\t\t\t\t<span>Proposition 2018/19:72 Vissa betaltjänstfrågor:</span>\r\n\t\t\t</h4>\r\n\t\t\t<p class=\"YrkandelistaEtt\" style=\"-aw-sdt-tag:'dokumentavsnitt/förteckning över behandlade förslag/1036645109/1553077166542'; -aw-sdt-title:'förteckning över behandlade förslag'\">\r\n\t\t\t\t<span>Riksdagen antar regeringens förslag till lag om ändring i lagen (2010:751) om betaltjänster.</span>\r\n\t\t\t</p>\r\n\t\t\t<p class=\"Mellanrum\">\r\n\t\t\t\t<span> </span>\r\n\t\t\t</p>\r\n\t\t\t<p class=\"Mellanrum\" style=\"-aw-sdt-tag:'dokumentavsnitt/förteckning över behandlade förslag/1036645109/1553077166542'; -aw-sdt-title:'förteckning över behandlade förslag'\">\r\n\t\t\t\t<span> </span>\r\n\t\t\t</p>\r\n\t\t\t<p>\r\n\t\t\t\t<span> </span>\r\n\t\t\t</p>\r\n\t\t\t<p class=\"Bilaga\">\r\n\t\t\t\t<span class=\"tBilagaJA\">Bilaga 2</span>\r\n\t\t\t</p>\r\n\t\t\t<p class=\"Bilagerubrik\">\r\n\t\t\t\t<a name=\"_Toc8738082\"><span class=\"tSidrubrikJA\">Regeringens lagförslag</span></a>\r\n\t\t\t</p>\r\n\t\t\t<p>\r\n\t\t\t\t<img src=\"http://data.riksdagen.se/fil/h601fiu38/Dokument.001.png\" width=\"388\" height=\"693\" alt=\"\" style=\"-aw-left-pos:0pt; -aw-rel-hpos:column; -aw-rel-vpos:paragraph; -aw-top-pos:0pt; -aw-wrap-type:inline\" />\r\n\t\t\t</p>\r\n\t\t\t<p>\r\n\t\t\t\t<img src=\"http://data.riksdagen.se/fil/h601fiu38/Dokument.002.png\" width=\"388\" height=\"756\" alt=\"\" style=\"-aw-left-pos:0pt; -aw-rel-hpos:column; -aw-rel-vpos:paragraph; -aw-top-pos:0pt; -aw-wrap-type:inline\" />\r\n\t\t\t</p>\r\n\t\t\t<p>\r\n\t\t\t\t<img src=\"http://data.riksdagen.se/fil/h601fiu38/Dokument.003.png\" width=\"394\" height=\"742\" alt=\"\" style=\"-aw-left-pos:0pt; -aw-rel-hpos:column; -aw-rel-vpos:paragraph; -aw-top-pos:0pt; -aw-wrap-type:inline\" />\r\n\t\t\t</p>\r\n\t\t\t<p>\r\n\t\t\t\t<img src=\"http://data.riksdagen.se/fil/h601fiu38/Dokument.004.png\" width=\"385\" height=\"756\" alt=\"\" style=\"-aw-left-pos:0pt; -aw-rel-hpos:column; -aw-rel-vpos:paragraph; -aw-top-pos:0pt; -aw-wrap-type:inline\" />\r\n\t\t\t</p>\r\n\t\t</div>\r\n\t"},"dokutskottsforslag":{"utskottsforslag":{"punkt":"1","rubrik":"Vissa betaltjänstfrågor","forslag":"Riksdagen antar regeringens förslag till<br>lag om ändring i lagen (2010:751) om betaltjänster.<BR/>Därmed bifaller riksdagen proposition 2018/19:72.<BR/><BR/>","beslutstyp":"acklamation","motforslag_nummer":"0","motforslag_partier":null,"votering_id":null,"votering_sammanfattning_html":null,"votering_url_xml":null,"rm":"2018/19","bet":"FiU38","vinnare":"utskottet"}},"dokaktivitet":{"aktivitet":[{"kod":"UBE","namn":"Beredning","datum":"2019-05-02 00:00:00","status":"inträffat","ordning":"0","process":null},{"kod":"UBE","namn":"Beredning","datum":"2019-05-07 00:00:00","status":"inträffat","ordning":"0","process":null},{"kod":"JUS","namn":"Justering","datum":"2019-05-14 00:00:00","status":"inträffat","ordning":"0","process":null},{"kod":"TRY","namn":"Trycklov","datum":"2019-05-16 00:00:00","status":"inträffat","ordning":"0","process":null},{"kod":"B","namn":"Bordläggning","datum":"2019-05-27 00:00:00","status":"inträffat","ordning":"0","process":null},{"kod":"BEH","namn":"Behandling","datum":"2019-05-28 00:00:00","status":"inträffat","ordning":"0","process":null},{"kod":"BES","namn":"Beslut","datum":"2019-05-28 00:00:00","status":"inträffat","ordning":"0","process":null}]},"dokuppgift":{"uppgift":[{"kod":"beslutssammanfattningusk","namn":"Utskottets förslag till beslut","text":"Bifall till propositionen.","dok_id":"H601FiU38","systemdatum":"2019-05-16 14:48:37"},{"kod":"rdbeslut","namn":"Riksdagens beslut","text":"Kammaren biföll utskottets förslag.","dok_id":"H601FiU38","systemdatum":"2019-05-28 15:45:54"},{"kod":"notis","namn":"Beslut i korthet","text":"                           <p>Regeringen föreslår att det ska göras vissa förtydliganden i lagen om betaltjänster. Med betaltjänster menas tjänster som möjliggör överföring av pengar. Anledningen till detta är att EU-kommissionen har ifrågasatt om ett antal artiklar i betalkontodirektivet har genomförts fullt ut i svensk lag.</p>\r\n<p>Förslaget innebär bland annat att det tydligare ska framgå att information till konsumenter om tjänster, avgifter och rutiner kring byte av betalkonto ska utformas på ett visst sätt. Reglerna ökar transparensen på betalkontomarknaden, vilket är positivt ur konsumentskyddssynpunkt.</p>\r\n<p>Riksdagen sa ja till regeringens förslag. Lagändringarna börjar gälla den 1 juli 2019.</p>\r\n                                            ","dok_id":"H601FiU38","systemdatum":"2019-05-28 16:52:12"},{"kod":"notisrubrik","namn":"Beslut","text":"Reglerna om betaltjänster förtydligas (FiU38)","dok_id":"H601FiU38","systemdatum":"2019-05-28 16:52:12"},{"kod":"utsknotis","namn":"Utskottets förslag till beslut","text":"                           <p>Regeringen föreslår att det ska göras vissa förtydliganden i lagen om betaltjänster. Med betaltjänster menas tjänster som möjliggör överföring av pengar. Anledningen till detta är att EU-kommissionen har ifrågasatt om ett antal artiklar i betalkontodirektivet har genomförts fullt ut i svensk lag.</p>\r\n<p>Förslaget innebär bland annat att det tydligare ska framgå att information till konsumenter om tjänster, avgifter och rutiner kring byte av betalkonto ska utformas på ett visst sätt. Reglerna ökar transparensen på betalkontomarknaden, vilket är positivt ur konsumentskyddssynpunkt.</p>\r\n<p>Finansutskottet föreslår att riksdagen säger ja till regeringens förslag. Lagändringarna föreslås börja gälla den 1 juli 2019.</p>\r\n                                            ","dok_id":"H601FiU38","systemdatum":"2019-05-28 16:52:12"},{"kod":"utsknotisrubrik","namn":"Utskottets förslag","text":"Reglerna om betaltjänster förtydligas (FiU38)","dok_id":"H601FiU38","systemdatum":"2019-05-28 16:52:12"},{"kod":"statustext","namn":"statustext","text":"Ärendet är avslutat","dok_id":"H601FiU38","systemdatum":"2019-05-29 00:23:31"},{"kod":"debattdatumtid","namn":"Datum och tid för debatten","text":"2019-05-28 00:00:00","dok_id":"H601FiU38","systemdatum":"2019-05-28 16:52:12"},{"kod":"beslutdatumtid","namn":"Datum och tid för beslutet","text":"2019-05-28 00:00:00","dok_id":"H601FiU38","systemdatum":"2019-05-28 16:52:12"}]},"dokbilaga":{"bilaga":{"dok_id":"H601FiU38","titel":"Vissa betaltjänstfrågor","subtitel":null,"filnamn":"2018_19_FiU38_20190516144757_Publicering.pdf","filstorlek":"857699","filtyp":"pdf","fil_url":"http://data.riksdagen.se/fil/03F05CB2-DA38-44CA-8574-D83D631373DB"}},"dokreferens":{"referens":[{"referenstyp":"behandlar","uppgift":"Proposition 2018/19:72 Vissa betaltjänstfrågor","ref_dok_id":"H60372","ref_dok_typ":"prop","ref_dok_rm":"2018/19","ref_dok_bet":"72","ref_dok_titel":"Vissa betaltjänstfrågor","ref_dok_subtitel":null,"ref_dok_subtyp":"prop","ref_dok_dokumentnamn":"Proposition"},{"referenstyp":"föredragningslista","uppgift":"föredragningslista 2018/19:96 Tisdag den 28 maj 2019","ref_dok_id":"H60I96","ref_dok_typ":"f-lista","ref_dok_rm":"2018/19","ref_dok_bet":"96","ref_dok_titel":"Tisdag den 28 maj 2019","ref_dok_subtitel":null,"ref_dok_subtyp":null,"ref_dok_dokumentnamn":"Föredragningslista"},{"referenstyp":"protokollbeslut","uppgift":"2019-05-28","ref_dok_id":"H60996","ref_dok_typ":"prot","ref_dok_rm":"2018/19","ref_dok_bet":"96","ref_dok_titel":"Protokoll 2018/19:96 Tisdagen den 28 maj","ref_dok_subtitel":null,"ref_dok_subtyp":null,"ref_dok_dokumentnamn":"Protokoll"},{"referenstyp":"rskr","uppgift":null,"ref_dok_id":"H60K236","ref_dok_typ":"rskr","ref_dok_rm":"2018/19","ref_dok_bet":"236","ref_dok_titel":"Riksdagsskrivelse 2018/19:236","ref_dok_subtitel":null,"ref_dok_subtyp":"rskr","ref_dok_dokumentnamn":"Riksdagsskrivelse"},{"referenstyp":"talarlista","uppgift":"talarlista 2018/19:20190528 Tisdag den 28 maj 2019 (preliminär)","ref_dok_id":"H60J20190528","ref_dok_typ":"t-lista","ref_dok_rm":"2018/19","ref_dok_bet":"20190528","ref_dok_titel":"Tisdag den 28 maj 2019 (preliminär)","ref_dok_subtitel":null,"ref_dok_subtyp":null,"ref_dok_dokumentnamn":"Talarlista"}]},"debatt":null}}