{"dokumentstatus":{"dokument":{"hangar_id":"5021527","dok_id":"H601FiU42","rm":"2018/19","beteckning":"FiU42","typ":"bet","subtyp":"bet","doktyp":"bet","typrubrik":"Betänkande 2018/19:FiU42","dokumentnamn":"Betänkande","debattnamn":"Debatt om förslag","tempbeteckning":"","organ":"FiU","mottagare":"","nummer":"42","slutnummer":"0","datum":"2019-06-13 00:00:00","systemdatum":"2019-08-29 12:35:06","publicerad":"2019-06-11 13:49:00","titel":"Stärkta åtgärder mot penningtvätt","subtitel":"","status":"Webbpublicering","htmlformat":"html","relaterat_id":"","source":"RIM","sourceid":"db1a83b8-4439-4117-9926-41c412ee4432","dokument_url_text":"http://data.riksdagen.se/dokument/H601FiU42/text","dokument_url_html":"http://data.riksdagen.se/dokument/H601FiU42","dokumentstatus_url_xml":"http://data.riksdagen.se/dokumentstatus/H601FiU42","utskottsforslag_url_xml":"http://data.riksdagen.se/utskottsforslag/H601FiU42","html":"<style><!--\r\n .w600px{width: 600px;font-family:Verdana, Geneva, sans-serif}\r\nh2.dtyp{font-size:1.5em !important;} \r\n/********************************************************************************************************/\r\n/* Styles for D:\\Logs\\DocumentConverter\\\\Output_4a44aa23-fbfe-46e0-944c-e30a14d57847\\HTML\\Dokument.html */\r\n/* Generated by Aspose.Words for .NET 15.3.0.0                                                          */\r\n/********************************************************************************************************/\r\n\r\n@page Section1 { size:467.8pt 686.05pt; margin:45.35pt 102.05pt 73.7pt 70.85pt }\r\ndiv.Section1 { page:Section1 }\r\nzbody { text-align:justify; line-height:12.5pt; font-family:'Verdana'; font-size:9.5pt }\r\nzh1, h2, h3, h4, h5, h6, p { margin:3.1pt 0pt 0pt }\r\nzli, table { margin-top:3.1pt; margin-bottom:0pt }\r\nzh1 { margin-top:3.1pt; margin-bottom:12pt; text-align:left; page-break-after:avoid; line-height:12.5pt; font-family:'Verdana'; font-size:16pt; font-weight:normal }\r\nzh2 { margin-top:20pt; margin-bottom:6pt; text-align:left; page-break-inside:avoid; page-break-after:avoid; line-height:12.5pt; font-family:'Verdana'; font-size:13.5pt; font-weight:normal }\r\nzh3 { margin-top:20pt; margin-bottom:3.1pt; text-align:left; page-break-inside:avoid; page-break-after:avoid; line-height:12.5pt; font-family:'Verdana'; font-size:10.5pt; font-weight:bold }\r\nzh4 { margin-top:15pt; margin-bottom:3.1pt; text-align:left; page-break-inside:avoid; page-break-after:avoid; line-height:12.5pt; font-family:'Verdana'; font-size:10.5pt; font-weight:normal; font-style:italic; color:#000000 }\r\nzh5 { margin-top:6.25pt; margin-bottom:0pt; text-align:justify; page-break-inside:avoid; page-break-after:avoid; line-height:12.5pt; font-family:'Verdana'; font-size:9.5pt; font-weight:bold }\r\nzh6 { margin-top:6.25pt; margin-bottom:0pt; text-align:justify; page-break-inside:avoid; page-break-after:avoid; line-height:12.5pt; font-family:'Verdana'; font-size:9.5pt; font-weight:normal; font-style:italic; color:#000000 }\r\n.Heading7 { margin-top:2pt; margin-bottom:0pt; text-align:justify; page-break-inside:avoid; page-break-after:avoid; line-height:12.5pt; font-family:'Verdana'; font-size:9.5pt; font-weight:normal; font-style:italic; color:#243f60 }\r\n.Heading8 { margin-top:2pt; margin-bottom:0pt; text-align:justify; page-break-inside:avoid; page-break-after:avoid; line-height:12.5pt; font-family:'Verdana'; font-size:9pt; font-weight:normal; color:#272727 }\r\n.Heading9 { margin-top:2pt; margin-bottom:0pt; text-align:justify; page-break-inside:avoid; page-break-after:avoid; line-height:12.5pt; font-family:'Verdana'; font-size:9pt; font-weight:normal; font-style:italic; color:#272727 }\r\n.Avsnittsrubrik { margin-top:0pt; margin-bottom:27.7pt; text-align:left; page-break-before:always; page-break-after:avoid; line-height:normal; font-family:'Verdana'; font-size:16pt }\r\n.Avvikandemeningrubrik { margin-top:0pt; margin-bottom:3.1pt; text-align:left; page-break-inside:avoid; page-break-after:avoid; line-height:12.5pt; font-family:'Verdana'; font-size:10.5pt; font-weight:bold }\r\n.BalloonText { margin-top:3.1pt; margin-bottom:0pt; text-align:justify; line-height:normal; font-family:Tahoma; font-size:8pt }\r\n.Bilaga { margin-top:0pt; margin-bottom:0pt; text-align:left; page-break-before:always; page-break-after:avoid; line-height:normal; widows:0; orphans:0; font-family:'Verdana'; font-size:8pt; font-variant:small-caps; text-decoration:underline }\r\n.Bilagerubrik { margin-top:0pt; margin-bottom:17.7pt; text-align:left; page-break-after:auto; line-height:normal; widows:0; orphans:0; font-family:'Verdana'; font-size:16pt }\r\n.Bild-Rubrik { margin-top:8pt; margin-bottom:0pt; text-align:justify; page-break-inside:avoid; page-break-after:avoid; line-height:10pt; font-family:'Verdana'; font-size:9.5pt; font-weight:bold }\r\n.Bild-Underrubrik { margin-top:0pt; margin-bottom:1pt; text-align:left; page-break-inside:avoid; page-break-after:avoid; line-height:8pt; font-family:'Verdana'; font-size:8pt; font-weight:normal; font-style:italic }\r\n.BodyText { margin-top:3.1pt; margin-bottom:0pt; text-align:left; line-height:12.5pt; font-family:'Verdana'; font-size:9.5pt }\r\n.BodyTextIndent2 { margin-top:3.1pt; margin-left:14.15pt; margin-bottom:6pt; text-align:justify; line-height:200%; font-family:'Verdana'; font-size:9.5pt }\r\n.Citatindrag { margin-top:0pt; margin-left:14.2pt; margin-bottom:6.1pt; text-indent:14.2pt; text-align:justify; line-height:10pt; font-family:'Verdana'; font-size:9.5pt }\r\n.CommentText { margin-top:3.1pt; margin-bottom:0pt; text-align:justify; line-height:normal; font-family:'Verdana'; font-size:10pt }\r\n.Deltagare { margin-top:0pt; margin-bottom:0pt; text-align:justify; page-break-inside:avoid; page-break-after:avoid; line-height:9.5pt; font-family:'Verdana'; font-size:9.5pt }\r\n.Diagram-Rubrik { margin-top:8pt; margin-bottom:0pt; text-align:justify; page-break-inside:avoid; page-break-after:avoid; line-height:10pt; font-family:'Verdana'; font-size:9.5pt; font-weight:bold }\r\n.Diagram-Underrubrik { margin-top:0pt; margin-bottom:1pt; text-align:left; page-break-inside:avoid; page-break-after:avoid; line-height:8pt; font-family:'Verdana'; font-size:8pt; font-weight:normal; font-style:italic }\r\n.DokumentRubrik { margin-top:6pt; margin-bottom:24pt; text-align:left; line-height:normal; border-bottom-style:solid; border-bottom-width:0.75pt; border-bottom-color:#000000; padding-bottom:4pt; font-family:'Verdana'; font-size:18pt }\r\n.Dokumentbeteckning { margin-top:0pt; margin-bottom:0pt; text-align:left; page-break-inside:avoid; page-break-after:avoid; line-height:12.5pt; font-family:'Verdana'; font-size:16pt }\r\n.Footer { margin-top:3.1pt; margin-bottom:0pt; text-align:justify; line-height:normal; font-family:'Verdana'; font-size:9.5pt }\r\n.FootnoteText { margin-top:0pt; margin-bottom:0pt; text-align:justify; line-height:8pt; font-family:'Verdana'; font-size:8pt }\r\n.Fotnotstextindrag { margin-top:0pt; margin-left:5.65pt; margin-bottom:0pt; text-align:left; line-height:8pt; font-family:'Verdana'; font-size:8pt }\r\n.Frslagspunkt { margin-top:0pt; margin-bottom:0pt; text-align:left; page-break-inside:avoid; page-break-after:avoid; line-height:12.5pt; font-family:'Verdana'; font-size:9.5pt; font-weight:bold }\r\n.Frslagstext { margin-top:0pt; margin-bottom:0pt; text-align:justify; line-height:12.5pt; font-family:'Verdana'; font-size:9.5pt }\r\n.Frteckningsrubrik { margin-top:9.6pt; margin-bottom:3.1pt; text-align:left; page-break-inside:avoid; page-break-after:avoid; line-height:normal; font-family:'Verdana'; font-size:9.5pt; font-weight:normal; font-style:italic; color:#000000 }\r\n.Grupprubrik { margin-top:6pt; margin-bottom:0pt; text-align:left; page-break-inside:avoid; page-break-after:avoid; line-height:12.5pt; font-family:'Verdana'; font-size:9.5pt; font-style:italic }\r\n.Grupprubrikindrag { margin-top:6pt; margin-left:22.1pt; margin-bottom:0pt; text-align:left; page-break-inside:avoid; page-break-after:avoid; line-height:12.5pt; font-family:'Verdana'; font-size:9.5pt; font-style:italic }\r\n.Header { margin-top:0pt; margin-bottom:0pt; text-align:justify; line-height:normal; font-family:'Verdana'; font-size:7.5pt; font-variant:small-caps }\r\n.Innehllsfrteckning { margin-top:0pt; margin-bottom:17.7pt; text-align:left; page-break-before:always; page-break-after:auto; line-height:normal; font-family:'Verdana'; font-size:16pt }\r\n.Kantrubrik { margin-top:0pt; margin-bottom:0pt; text-align:justify; line-height:normal; font-family:'Verdana'; font-size:7.5pt }\r\n.ListBullet { margin-top:6.25pt; margin-left:17.85pt; margin-bottom:6.25pt; text-indent:-17.85pt; text-align:justify; line-height:12.5pt; font-family:'Verdana'; font-size:9.5pt }\r\n.ListParagraph { margin-top:3.1pt; margin-left:28.35pt; margin-bottom:0pt; text-align:justify; line-height:12.5pt; font-family:'Verdana'; font-size:9.5pt }\r\n.Litentext { margin-top:0pt; margin-bottom:0pt; text-align:justify; line-height:normal; font-family:'Verdana'; font-size:8pt }\r\n.Mellanrubrik { margin-top:11pt; margin-bottom:3.1pt; text-align:left; page-break-after:avoid; line-height:12.5pt; font-family:'Verdana'; font-size:9.5pt; font-style:italic }\r\n.Mellanrum { margin-top:0pt; margin-bottom:0pt; text-align:left; page-break-before:auto; page-break-after:auto; line-height:1pt; widows:0; orphans:0; font-family:'Verdana'; font-size:1pt; font-variant:small-caps; text-decoration:none; color:#ffffff }\r\n.NormalIndent { margin-top:0pt; margin-bottom:0pt; text-indent:11.35pt; text-align:justify; line-height:12.5pt; font-family:'Verdana'; font-size:9.5pt }\r\n.Normalinskjuten { margin-top:0pt; margin-left:22.1pt; margin-bottom:0pt; text-align:justify; line-height:12.5pt; font-family:'Verdana'; font-size:9.5pt }\r\n.Normalinskjutenindrag { margin-top:0pt; margin-left:22.1pt; margin-bottom:0pt; text-indent:11.35pt; text-align:justify; line-height:12.5pt; font-family:'Verdana'; font-size:9.5pt }\r\n.Normalinskjutenkursiv { margin-top:6pt; margin-bottom:0pt; line-height:normal; font-family:'Verdana'; font-size:10pt; font-style:italic }\r\n.Normalkursiv { margin-top:3.1pt; margin-bottom:0pt; text-align:left; line-height:12.5pt; font-family:'Verdana'; font-size:9.5pt; font-style:italic }\r\n.Normalruta { margin:3.1pt 5.65pt 0pt; text-align:justify; page-break-inside:avoid; page-break-after:avoid; line-height:12.5pt; border-top-style:solid; border-top-width:0.75pt; border-top-color:#000000; border-right-style:solid; border-right-width:0.75pt; border-right-color:#000000; border-left-style:solid; border-left-width:0.75pt; border-left-color:#000000; border-bottom-style:solid; border-bottom-width:0.75pt; border-bottom-color:#000000; padding-top:4pt; padding-right:4pt; padding-left:4pt; padding-bottom:4pt; font-family:'Verdana'; font-size:10.5pt }\r\n.Normalrutafet { margin:3.1pt 5.65pt 0pt; text-align:justify; page-break-inside:avoid; page-break-after:avoid; line-height:12.5pt; border-top-style:solid; border-top-width:0.75pt; border-top-color:#000000; border-right-style:solid; border-right-width:0.75pt; border-right-color:#000000; border-left-style:solid; border-left-width:0.75pt; border-left-color:#000000; border-bottom-style:solid; border-bottom-width:0.75pt; border-bottom-color:#000000; padding-top:4pt; padding-right:4pt; padding-left:4pt; padding-bottom:4pt; font-family:'Verdana'; font-size:10.5pt; font-weight:bold }\r\n.Normalrutaindrag { margin:0pt 5.65pt; text-indent:11.35pt; text-align:justify; page-break-inside:avoid; page-break-after:avoid; line-height:12.5pt; border-top-style:solid; border-top-width:0.75pt; border-top-color:#000000; border-right-style:solid; border-right-width:0.75pt; border-right-color:#000000; border-left-style:solid; border-left-width:0.75pt; border-left-color:#000000; border-bottom-style:solid; border-bottom-width:0.75pt; border-bottom-color:#000000; padding-top:4pt; padding-right:4pt; padding-left:4pt; padding-bottom:4pt; font-family:'Verdana'; font-size:10.5pt }\r\n.Normalutanluftfre { margin-top:0pt; margin-bottom:0pt; text-align:justify; line-height:12.5pt; font-family:'Verdana'; font-size:9.5pt }\r\n.NormalNoll { margin-top:0pt; margin-bottom:3.1pt; text-align:left; line-height:12.5pt; font-family:'Verdana'; font-size:10.5pt; font-weight:bold }\r\n.NumlistaTOC { margin:3.1pt 28.35pt 0pt 0pt; text-indent:0pt; text-align:left; line-height:normal; font-family:'Verdana'; font-size:9.5pt }\r\n.Ordfranden { margin-top:3.1pt; margin-bottom:22pt; text-align:left; page-break-inside:avoid; page-break-after:avoid; line-height:normal; font-family:'Verdana'; font-size:9.5pt; font-style:italic }\r\n.OrtochDatum { margin-top:18pt; margin-bottom:18pt; text-align:left; page-break-inside:avoid; page-break-after:avoid; line-height:normal; font-family:'Verdana'; font-size:9.5pt }\r\n.Punktlistabomb { margin-top:6.25pt; margin-left:14.2pt; margin-bottom:6.25pt; text-indent:-14.2pt; text-align:justify; line-height:12.5pt; font-family:'Verdana'; font-size:9.5pt }\r\n.Punktlistagemener { margin-top:6.25pt; margin-left:14.2pt; margin-bottom:6.25pt; text-indent:-14.2pt; text-align:justify; line-height:12.5pt; font-family:'Verdana'; font-size:9.5pt }\r\n.Punktlistalinje { margin-top:6.25pt; margin-left:14.2pt; margin-bottom:6.25pt; text-indent:-14.2pt; text-align:justify; line-height:12.5pt; font-family:'Verdana'; font-size:9.5pt }\r\n.Punktlistasiffra { margin-top:6.25pt; margin-left:14.2pt; margin-bottom:6.25pt; text-indent:-14.2pt; text-align:justify; line-height:12.5pt; font-family:'Verdana'; font-size:9.5pt }\r\n.PVgnar { margin-top:3.1pt; margin-bottom:26pt; text-align:left; page-break-inside:avoid; page-break-after:avoid; line-height:normal; font-family:'Verdana'; font-size:9.5pt }\r\n.Quote { margin-top:6.1pt; margin-left:14.2pt; margin-bottom:0pt; text-align:justify; line-height:10pt; font-family:'Verdana'; font-size:9.5pt }\r\n.R1 { margin-top:3.1pt; margin-bottom:12pt; text-align:left; page-break-after:avoid; line-height:12.5pt; font-family:'Verdana'; font-size:16pt }\r\n.R1bilaga { margin-top:3.1pt; margin-bottom:12pt; text-align:left; page-break-after:auto; line-height:12.5pt; font-family:'Verdana'; font-size:16pt }\r\n.R2 { margin-top:20pt; margin-bottom:6pt; text-align:left; page-break-inside:avoid; page-break-after:avoid; line-height:12.5pt; font-family:'Verdana'; font-size:13.5pt }\r\n.R3 { margin-top:20pt; margin-bottom:3.1pt; text-align:left; page-break-inside:avoid; page-break-after:avoid; line-height:12.5pt; font-family:'Verdana'; font-size:10.5pt; font-weight:bold }\r\n.R4 { margin-top:15pt; margin-bottom:3.1pt; text-align:left; page-break-inside:avoid; page-break-after:avoid; line-height:12.5pt; font-family:'Verdana'; font-size:10.5pt; font-weight:normal; font-style:italic; color:#000000 }\r\n.R5 { margin-top:6.25pt; margin-bottom:0pt; text-align:justify; page-break-inside:avoid; page-break-after:avoid; line-height:12.5pt; font-family:'Verdana'; font-size:9.5pt; font-weight:bold }\r\n.R6 { margin-top:6.25pt; margin-bottom:0pt; text-align:justify; page-break-inside:avoid; page-break-after:avoid; line-height:12.5pt; font-family:'Verdana'; font-size:9.5pt; font-weight:normal; font-style:italic; color:#000000 }\r\n.Reservationshnvisning { margin-top:0pt; margin-bottom:8pt; text-align:right; line-height:12.5pt; font-family:'Verdana'; font-size:9.5pt; font-style:italic }\r\n.Reservationsrubrik { margin-top:0pt; margin-bottom:3.1pt; text-align:left; page-break-inside:avoid; page-break-after:avoid; line-height:12.5pt; font-family:'Verdana'; font-size:10.5pt; font-weight:bold }\r\n.Rubrik1Dokumentinformation { margin-top:0pt; margin-bottom:0pt; text-align:left; page-break-inside:avoid; page-break-after:avoid; line-height:12.5pt; font-family:'Verdana'; font-size:16pt }\r\n.Rubrik1bilaga { margin-top:0pt; margin-bottom:27.7pt; text-align:left; page-break-after:auto; line-height:12.5pt; font-family:'Verdana'; font-size:16pt }\r\n.Rubrik1medsidhuvud { margin-top:3.1pt; margin-bottom:12pt; text-align:left; page-break-before:always; page-break-after:avoid; line-height:12.5pt; font-family:'Verdana'; font-size:16pt }\r\n.Rubrik1numrerat { margin-top:3.1pt; margin-left:0pt; margin-bottom:12pt; text-indent:0pt; text-align:left; page-break-after:avoid; line-height:12.5pt; font-family:'Verdana'; font-size:16pt }\r\n.Rubrik1numreratmedsidhuvud { margin-top:0pt; margin-left:0pt; margin-bottom:16pt; text-indent:0pt; text-align:left; page-break-before:always; page-break-after:avoid; line-height:normal; font-family:'Verdana'; font-size:16pt }\r\n.Rubrik2bilaga { margin-top:20pt; margin-bottom:6pt; text-align:left; page-break-inside:avoid; page-break-after:avoid; line-height:12.5pt; font-family:'Verdana'; font-size:13.5pt }\r\n.Rubrik2numrerat { margin-top:20pt; margin-left:0pt; margin-bottom:6pt; text-indent:0pt; text-align:left; page-break-inside:avoid; page-break-after:avoid; line-height:12.5pt; font-family:'Verdana'; font-size:13.5pt }\r\n.Rubrik3numrerat { margin-top:20pt; margin-left:0pt; margin-bottom:3.1pt; text-indent:0pt; text-align:left; page-break-inside:avoid; page-break-after:avoid; line-height:12.5pt; font-family:'Verdana'; font-size:10.5pt; font-weight:bold }\r\n.Sammanfattning { margin-top:3.1pt; margin-bottom:12pt; text-align:left; page-break-after:auto; line-height:12.5pt; font-family:'Verdana'; font-size:16pt }\r\n.Sidhuvudhgerstlld { margin-top:0pt; margin-bottom:0pt; text-align:right; line-height:normal; font-family:'Verdana'; font-size:7.5pt; font-variant:small-caps }\r\n.Sidhuvudvnsterstlld { margin-top:0pt; margin-bottom:0pt; text-align:left; line-height:normal; font-family:'Verdana'; font-size:7.5pt; font-variant:small-caps }\r\n.Stdrubrik { margin-top:12pt; margin-bottom:0pt; line-height:12pt; font-family:'Verdana'; font-size:9.5pt; font-weight:bold }\r\n.Srskiltyttranderubrik { margin-top:0pt; margin-bottom:3.1pt; text-align:left; page-break-inside:avoid; page-break-after:avoid; line-height:12.5pt; font-family:'Verdana'; font-size:10.5pt; font-weight:bold }\r\n.TOC1 { margin-top:0pt; margin-right:28.35pt; margin-bottom:0pt; text-align:left; line-height:normal; font-family:'Verdana'; font-size:9.5pt }\r\n.TOC2 { margin:0pt 28.35pt 0pt 5.65pt; text-align:left; line-height:normal; font-family:'Verdana'; font-size:9.5pt }\r\n.TOC3 { margin:0pt 28.35pt 0pt 11.35pt; text-align:left; line-height:normal; font-family:'Verdana'; font-size:9.5pt }\r\n.TOC4 { margin:0pt 28.35pt 0pt 17pt; text-align:left; line-height:normal; font-family:'Verdana'; font-size:9.5pt }\r\n.TOC5 { margin:0pt 28.35pt 0pt 22.7pt; text-align:left; line-height:normal; font-family:'Verdana'; font-size:9.5pt }\r\n.TOC6 { margin-top:0pt; margin-left:47.65pt; margin-bottom:0pt; text-align:left; line-height:normal; font-family:'Verdana'; font-size:9.5pt }\r\n.TOC7 { margin-top:0pt; margin-right:28.35pt; margin-bottom:0pt; text-align:left; line-height:normal; font-family:'Verdana'; font-size:9.5pt }\r\n.TOC8 { margin-top:0pt; margin-right:28.35pt; margin-bottom:0pt; text-align:left; line-height:normal; font-family:'Verdana'; font-size:9.5pt }\r\n.TOC9 { margin-top:0pt; margin-left:8.5pt; margin-bottom:0pt; text-align:left; line-height:normal; font-family:'Verdana'; font-size:9.5pt }\r\n.TOCHeading { margin-top:3.1pt; margin-bottom:9pt; text-align:left; page-break-before:always; page-break-inside:avoid; page-break-after:avoid; line-height:12.5pt; font-family:'Verdana'; font-size:16pt }\r\n.Tabell-Kolumnrubrik { margin-bottom:0pt; line-height:12pt; font-family:'Verdana'; font-size:8pt; font-weight:bold }\r\n.Tabell-Klla { margin-top:2pt; margin-bottom:0pt; line-height:8pt; font-family:'Verdana'; font-size:7pt }\r\n.Tabell-Radrubrik { margin-bottom:0pt; line-height:12pt; font-family:'Verdana'; font-size:8pt }\r\n.Tabell-Rubrik { margin-top:12pt; margin-bottom:3pt; text-align:left; page-break-inside:avoid; page-break-after:avoid; line-height:10pt; font-family:'Verdana'; font-size:9pt; font-weight:bold }\r\n.Tabell-Siffror { margin-bottom:0pt; text-align:right; line-height:12pt; font-family:'Verdana'; font-size:8pt }\r\n.Tabell-Text { margin-bottom:0pt; line-height:12pt; font-family:'Verdana'; font-size:8pt }\r\n.Tabell-Underrubrik { margin-top:0pt; margin-bottom:1pt; text-align:left; page-break-inside:avoid; page-break-after:avoid; line-height:8pt; font-family:'Verdana'; font-size:8pt; font-weight:normal; font-style:italic }\r\n.TableofFigures { margin-top:3.1pt; margin-bottom:0pt; text-align:justify; line-height:normal; font-family:'Verdana'; font-size:9.5pt }\r\n.TillX-utskottet { margin-top:0pt; margin-bottom:12pt; text-align:left; page-break-after:avoid; line-height:12.5pt; font-family:'Verdana'; font-size:16pt }\r\n.Title { margin-top:3.1pt; margin-bottom:1pt; text-align:left; line-height:12pt; font-family:'Verdana'; font-size:20pt; letter-spacing:-0.5pt }\r\n.Vapen { margin-top:0pt; margin-bottom:0pt; text-align:left; page-break-inside:avoid; page-break-after:avoid; line-height:12.5pt; font-family:'Verdana'; font-size:16pt }\r\n.Yrkandelista { margin-top:3.1pt; margin-left:28.35pt; margin-bottom:0pt; text-indent:-28.35pt; text-align:justify; line-height:12.5pt; font-family:'Verdana'; font-size:9.5pt }\r\n.YrkandelistaEtt { margin-top:3.1pt; margin-left:0pt; margin-bottom:0pt; text-indent:0pt; text-align:justify; line-height:12.5pt; font-family:'Verdana'; font-size:9.5pt }\r\nspan.BallongtextChar { font-family:Tahoma; font-size:8pt }\r\nspan.BilagaChar { font-family:'Verdana'; font-size:8pt; font-variant:small-caps; text-decoration:underline }\r\nspan.BrdtextChar { font-family:'Verdana'; font-size:9.5pt }\r\nspan.BrdtextChar1 { font-family:'Verdana'; font-size:9.5pt }\r\nspan.Brdtextmedindrag2Char { font-family:'Verdana'; font-size:9.5pt }\r\nspan.CitatChar { font-family:'Verdana'; font-size:9.5pt }\r\nspan.DokumentRubrikChar { font-family:'Verdana'; font-size:18pt }\r\nspan.FootnoteReference { vertical-align:super }\r\nspan.FotnotstextChar { font-family:'Verdana'; font-size:8pt }\r\nspan.FotnotstextindragChar { font-family:'Verdana'; font-size:8pt }\r\nspan.FrslagspunktChar { font-family:'Verdana'; font-size:9.5pt; font-weight:bold; font-style:normal }\r\nspan.Hyperlink { text-decoration:none; color:#000000 }\r\nspan.KommentarerChar { font-family:'Verdana'; font-size:10pt }\r\nspan.NormalkursivChar { font-family:'Verdana'; font-size:9.5pt; font-style:italic }\r\nspan.NormaltindragChar { font-family:'Verdana'; font-size:9.5pt }\r\nspan.OrdfrandenChar { font-family:'Verdana'; font-size:9.5pt; font-style:italic }\r\nspan.OrtochDatumChar { font-family:'Verdana'; font-size:9.5pt }\r\nspan.PlaceholderText { color:#808080 }\r\nspan.PVgnarChar { font-family:'Verdana'; font-size:9.5pt }\r\nspan.ReservationshnvisningChar { font-family:'Verdana'; font-size:9.5pt; font-style:italic }\r\nspan.Rubrik1Char { font-family:'Verdana'; font-size:16pt }\r\nspan.Rubrik1DokumentinformationChar { font-family:'Verdana'; font-size:16pt }\r\nspan.Rubrik2Char { font-family:'Verdana'; font-size:13.5pt }\r\nspan.Rubrik3Char { font-family:'Verdana'; font-size:10.5pt; font-weight:bold }\r\nspan.Rubrik4Char { font-family:'Verdana'; font-size:10.5pt; font-style:italic; color:#000000 }\r\nspan.Rubrik5Char { font-family:'Verdana'; font-size:9.5pt; font-weight:bold }\r\nspan.Rubrik6Char { font-family:'Verdana'; font-size:9.5pt; font-style:italic; color:#000000 }\r\nspan.Rubrik7Char { font-family:'Verdana'; font-size:9.5pt; font-style:italic; color:#243f60 }\r\nspan.Rubrik8Char { font-family:'Verdana'; font-size:9pt; color:#272727 }\r\nspan.Rubrik9Char { font-family:'Verdana'; font-size:9pt; font-style:italic; color:#272727 }\r\nspan.RubrikChar { font-family:'Verdana'; font-size:20pt; letter-spacing:-0.5pt }\r\nspan.SidfotChar { font-family:'Verdana'; font-size:9.5pt }\r\nspan.SidhuvudChar { font-family:'Verdana'; font-size:7.5pt; font-variant:small-caps }\r\nspan.Tabell-Upphjttecken { font-family:'Verdana'; font-variant:normal; text-decoration:none; text-transform:none; vertical-align:super; display:inline }\r\nspan.VapenChar { font-family:'Verdana'; font-size:16pt }\r\nspan.tBilagaJA { color:#000000 }\r\nspan.tSidrubrikJA { color:#000000 }\r\n.TableGrid {  }\r\n--></style>\r\n\r\n\t\t<div class=\"Section1\">\r\n\t\t\t<table cellspacing=\"0\" cellpadding=\"0\" style=\"border-collapse:collapse; margin-left:0pt\">\r\n\t\t\t\t<tr style=\"height:79.4pt\">\r\n\t\t\t\t\t<td style=\"vertical-align:top; width:297.7pt\">\r\n\t\t\t\t\t\t<p class=\"Rubrik1Dokumentinformation\" style=\"margin-top:0pt; margin-bottom:0pt; text-align:left; page-break-inside:avoid; page-break-after:avoid; line-height:16pt\">\r\n\t\t\t\t\t\t\t<span style=\"font-family:'Verdana'; font-size:16pt; -aw-sdt-tag:ccUtskott; -aw-sdt-title:'utskottsnamn Dokumentegenskap'\">Finansutskottet</span><span style=\"font-family:'Verdana'; font-size:16pt; -aw-sdt-tag:ccS; -aw-sdt-title:s\">s</span><span style=\"font-family:'Verdana'; font-size:16pt; -aw-sdt-tag:ccMellanslag; -aw-sdt-title:Mellanslag\"> </span><a name=\"Utlatande\"></a><span style=\"font-family:'Verdana'; font-size:16pt\">betänkande</span>\r\n\t\t\t\t\t\t</p>\r\n\t\t\t\t\t\t<p class=\"Dokumentbeteckning\" style=\"margin-top:0pt; margin-bottom:0pt; text-align:left; page-break-inside:avoid; page-break-after:avoid; line-height:16pt\">\r\n\t\t\t\t\t\t\t<span style=\"font-family:'Verdana'; font-size:16pt; -aw-sdt-tag:ccRiksmote; -aw-sdt-title:'riksmote Dokumentegenskap'\">2018/19</span><span style=\"font-family:'Verdana'; font-size:16pt; -aw-sdt-tag:ccKolon; -aw-sdt-title:Kolon\">:</span><a name=\"Utskottebeteckning\"></a><span style=\"font-family:'Verdana'; font-size:16pt\">FiU42</span>\r\n\t\t\t\t\t\t</p>\r\n\t\t\t\t\t\t<p class=\"Rubrik1Dokumentinformation\" style=\"margin-top:0pt; margin-bottom:0pt; text-align:left; page-break-inside:avoid; page-break-after:avoid; line-height:16pt\">\r\n\t\t\t\t\t\t\t<span style=\"font-family:'Verdana'; font-size:16pt\"> </span>\r\n\t\t\t\t\t\t</p>\r\n\t\t\t\t\t</td>\r\n\t\t\t\t</tr>\r\n\t\t\t</table>\r\n\t\t\t<p class=\"DokumentRubrik\" style=\"-aw-sdt-tag:ccDokumentrubrik; -aw-sdt-title:'dokumentrubrik Dokumentegenskap'\">\r\n\t\t\t\t<span>Stärkta åtgärder mot penningtvätt</span>\r\n\t\t\t</p>\r\n\t\t\t<p class=\"Sammanfattning\">\r\n\t\t\t\t<span class=\"tSidrubrikJA\">Sammanfattning</span>\r\n\t\t\t</p>\r\n\t\t\t<p>\r\n\t\t\t\t<span>I </span><span>betänkandet föreslår utskottet med stöd av sin initiativrätt i 9 kap. 16 § första stycket riksdagsordningen att riksdagen tillkännager för regeringen som sin mening att regeringen snarast ska </span><span>utreda vilka ytterligare åtgärder som kan vidtas för att stärka</span><span> </span><span>arbetet </span><span>mot pe</span><span>nningtvätt. </span><span>U</span><span>ppdraget </span><span>bör innefatta en noggrann </span><span>analys</span><span> </span><span>av</span><span> Finansinspektionens kapacitet att bedriva tillsyn </span><span>inom området</span><span> och av </span><span>berörda myndigheters befogenheter</span><span> </span><span>i förhållande till banker</span><span>na</span><span> och</span><span> bankernas befogenheter i förhållande till sina</span><span> kunder</span><span> samt </span><span>en granskning av </span><span>ändamålsenligheten i </span><span>befintlig myndighetsstruktur</span><span> och ansvars</span><span>fördelning</span><span>en</span><span> mellan de</span><span> penn</span><span>ingtvättsbekämpande myndigheterna</span><span>.</span>\r\n\t\t\t</p>\r\n\t\t\t<p class=\"NormalIndent\">\r\n\t\t\t\t<span> </span>\r\n\t\t\t</p>\r\n\t\t\t<p class=\"NormalIndent\">\r\n\t\t\t\t<span> </span>\r\n\t\t\t</p>\r\n\t\t\t<p>\r\n\t\t\t\t<span> </span>\r\n\t\t\t</p>\r\n\t\t\t<p class=\"Innehllsfrteckning\">\r\n\t\t\t\t<a name=\"Innehållsförteckning\"></a><span class=\"tSidrubrikJA\">Innehållsförteckning</span>\r\n\t\t\t</p>\r\n\t\t\t<p class=\"TOC1\">\r\n\t\t\t\t<a style=\"color:#000000\" href=\"#_Toc11158393\"><span class=\"Hyperlink\">Utskottets förslag till riksdagsbeslut</span></a>\r\n\t\t\t</p>\r\n\t\t\t<p class=\"TOC1\">\r\n\t\t\t\t<a style=\"color:#000000\" href=\"#_Toc11158394\"><span class=\"Hyperlink\">Redogörelse för ärendet</span></a>\r\n\t\t\t</p>\r\n\t\t\t<p class=\"TOC2\" style=\"margin-bottom:0pt\">\r\n\t\t\t\t<a style=\"color:#000000\" href=\"#_Toc11158395\"><span class=\"Hyperlink\">Ärendet och dess beredning</span></a>\r\n\t\t\t</p>\r\n\t\t\t<p class=\"TOC2\" style=\"margin-top:0pt\">\r\n\t\t\t\t<a style=\"color:#000000\" href=\"#_Toc11158396\"><span class=\"Hyperlink\">Bakgrund</span></a>\r\n\t\t\t</p>\r\n\t\t\t<p class=\"TOC1\">\r\n\t\t\t\t<a style=\"color:#000000\" href=\"#_Toc11158397\"><span class=\"Hyperlink\">Utskottets överväganden</span></a>\r\n\t\t\t</p>\r\n\t\t\t<p class=\"TOC2\">\r\n\t\t\t\t<a style=\"color:#000000\" href=\"#_Toc11158398\"><span class=\"Hyperlink\">Stärkta åtgärder mot penningtvätt</span></a>\r\n\t\t\t</p>\r\n\t\t\t<p>\r\n\t\t\t</p>\r\n\t\t\t<p>\r\n\t\t\t\t<span> </span>\r\n\t\t\t</p>\r\n\t\t\t<p class=\"NormalIndent\">\r\n\t\t\t\t<span> </span>\r\n\t\t\t</p>\r\n\t\t\t<p class=\"Avsnittsrubrik\">\r\n\t\t\t\t<a name=\"StopCC\"></a><a name=\"_Toc11158393\"><span style=\"-aw-bookmark-end:StopCC\"></span><span class=\"tSidrubrikJA\">Utskottets förslag till riksdagsbeslut</span></a>\r\n\t\t\t</p>\r\n\t\t\t<p class=\"Mellanrum\">\r\n\t\t\t\t<span> </span>\r\n\t\t\t</p>\r\n\t\t\t<p class=\"Mellanrum\">\r\n\t\t\t\t<span> </span>\r\n\t\t\t</p>\r\n\t\t\t<table cellspacing=\"0\" cellpadding=\"0\" style=\"border-collapse:collapse; margin-left:0pt; width:294.2pt\">\r\n\t\t\t\t<tr>\r\n\t\t\t\t\t<td style=\"vertical-align:top; width:22pt\">\r\n\t\t\t\t\t\t<p style=\"margin-top:3.1pt; margin-bottom:0pt; text-align:justify; page-break-inside:avoid; page-break-after:avoid; line-height:12.5pt\">\r\n\t\t\t\t\t\t\t<span style=\"font-family:'Verdana'; font-size:10.5pt; font-weight:bold\">Stärkta åtgärder mot penningtvätt</span>\r\n\t\t\t\t\t\t</p>\r\n\t\t\t\t\t</td>\r\n\t\t\t\t</tr>\r\n\t\t\t</table>\r\n\t\t\t<p class=\"Normalutanluftfre\" style=\"-aw-sdt-tag:'dokumentavsnitt/utskottets förslag till riksdagsbeslut/637324141/1560420266533'; -aw-sdt-title:'utskottets förslag till riksdagsbeslut'\">\r\n\t\t\t\t<span>Riksdagen ställer sig bakom det som utskottet anför om att regeringen snarast ska utreda vilka ytterligare åtgärder som kan vidtas för att stärka arbetet mot penningtvätt, och detta tillkännager riksdagen för regeringen.</span>\r\n\t\t\t</p>\r\n\t\t\t<p class=\"OrtochDatum\" style=\"-aw-sdt-tag:'dokumentavsnitt/utskottets förslag till riksdagsbeslut/637324141/1560420266533'; -aw-sdt-title:'utskottets förslag till riksdagsbeslut'\">\r\n\t\t\t\t<span>Stockholm den 13 juni 2019</span>\r\n\t\t\t</p>\r\n\t\t\t<p class=\"PVgnar\" style=\"-aw-sdt-tag:'dokumentavsnitt/utskottets förslag till riksdagsbeslut/637324141/1560420266533'; -aw-sdt-title:'utskottets förslag till riksdagsbeslut'\">\r\n\t\t\t\t<span>På finansutskottets vägnar</span>\r\n\t\t\t</p>\r\n\t\t\t<p class=\"Ordfranden\" style=\"-aw-sdt-tag:'dokumentavsnitt/utskottets förslag till riksdagsbeslut/637324141/1560420266533'; -aw-sdt-title:'utskottets förslag till riksdagsbeslut'\">\r\n\t\t\t\t<span>Fredrik Olovsson</span>\r\n\t\t\t</p>\r\n\t\t\t<p class=\"Deltagare\" style=\"-aw-sdt-tag:'dokumentavsnitt/utskottets förslag till riksdagsbeslut/637324141/1560420266533'; -aw-sdt-title:'utskottets förslag till riksdagsbeslut'\">\r\n\t\t\t\t<span>Följande ledamöter har deltagit i beslutet: Fredrik Olovsson (S), Edward Riedl (M), Adnan Dibrani (S), Emil Källström (C), Ulla Andersson (V), Jan Ericson (M), Dennis Dioukarev (SD), Jakob Forssmed (KD), Ingemar Nilsson (S), Sven-Olof Sällström (SD), Karolina Skog (MP), Mattias Karlsson i Luleå (M), Björn Wiechel (S), Eva Lindh (S), Cecilie Tenfjord Toftby (M) och Charlotte Quensel (SD).</span>\r\n\t\t\t</p>\r\n\t\t\t<p class=\"Mellanrum\" style=\"-aw-sdt-tag:'dokumentavsnitt/utskottets förslag till riksdagsbeslut/637324141/1560420266533'; -aw-sdt-title:'utskottets förslag till riksdagsbeslut'\">\r\n\t\t\t\t<span> </span>\r\n\t\t\t</p>\r\n\t\t\t<p class=\"Mellanrum\" style=\"-aw-sdt-tag:'dokumentavsnitt/utskottets förslag till riksdagsbeslut/637324141/1560420266533'; -aw-sdt-title:'utskottets förslag till riksdagsbeslut'\">\r\n\t\t\t\t<span> </span>\r\n\t\t\t</p>\r\n\t\t\t<p class=\"Mellanrum\" style=\"-aw-sdt-tag:'dokumentavsnitt/utskottets förslag till riksdagsbeslut/637324141/1560420266533'; -aw-sdt-title:'utskottets förslag till riksdagsbeslut'\">\r\n\t\t\t\t<span style=\"font-size:9.5pt\"> </span>\r\n\t\t\t</p>\r\n\t\t\t<p>\r\n\t\t\t\t<span> </span>\r\n\t\t\t</p>\r\n\t\t\t<p class=\"Avsnittsrubrik\">\r\n\t\t\t\t<a name=\"SlutUtskottsForslag\"></a><a name=\"_Toc11158394\"><span style=\"-aw-bookmark-end:SlutUtskottsForslag\"></span><span class=\"tSidrubrikJA\">Redogörelse för ärendet</span></a>\r\n\t\t\t</p>\r\n\t\t\t<h2>\r\n\t\t\t\t<a name=\"_Toc11158395\"><span>Ärendet och dess beredning</span></a>\r\n\t\t\t</h2>\r\n\t\t\t<p>\r\n\t\t\t\t<span>Enligt 9 kap. 16 § första stycket riksdagsordningen får ett utskott väcka förslag hos riksdagen i ett ämne som hör till dess beredningsområde (utskottsinitiativ). Med stöd av denna initiativrätt lägger </span><span>finans</span><span>utskottet fram förslag om ett tillkännagivande </span><span>om att </span><span>regeringen </span><span>snarast </span><span>ska utreda vilka ytterligare åtgärder som kan vidtas för att stärka</span><span> </span><span>arbetet mot penningtvätt.</span><span> Uppdraget bör innefatta </span><span>en noggrann analys av Finansinspektionens kapacitet att bedriva tillsyn </span><span>inom området</span><span> och av</span><span> berörda myndigheters befogenheter i förhållande till bankerna</span><span> och bankernas befogenheter i förhållande till sina</span><span> kunder</span><span> samt en granskning av </span><span>ändamålsenligheten i </span><span>befintlig myndighetsstruktur</span><span> och ansvarsfördelning</span><span>en</span><span> mellan de</span><span> penn</span><span>ingtvättsbekämpande myndigheterna</span><span>.</span><span> </span>\r\n\t\t\t</p>\r\n\t\t\t<p class=\"NormalIndent\">\r\n\t\t\t\t<span>Sedan </span><span>hösten 2018</span><span> har utskottet hållit utfrågningar med företrädare från regeringen, Finansinspektionen och Bankföreningen</span><span>.</span>\r\n\t\t\t</p>\r\n\t\t\t<h2 style=\"margin-bottom:0pt\">\r\n\t\t\t\t<a name=\"_Toc11158396\"><span>Bakgrund</span></a>\r\n\t\t\t</h2>\r\n\t\t\t<p class=\"R3\" style=\"margin-top:6pt\">\r\n\t\t\t\t<span>Penningtvätt</span>\r\n\t\t\t</p>\r\n\t\t\t<p>\r\n\t\t\t\t<span>Penningtvätt är ett sätt att föra in pengar från brott i det finansiella systemet och omvandla dem så att de </span><span>framstår som</span><span> legalt förtjänade pengar. Penningtvätt är </span><span>ofta</span><span> e</span><span>n gränsöverskridande verksamhet</span><span> </span><span>där skillnader i olika länders lagstiftning</span><span> utnyttjas,</span><span> </span><span>t.ex.</span><span> </span><span>genom användning av</span><span> </span><span>gräns</span><span>ö</span><span>verskridande betalningssystem</span><span>.</span><span> </span><span>Ansvaret för å</span><span>tgärder mot och bekämpnin</span><span>g av penningtvätt i Sverige om</span><span>fattar flera myndigheter och </span><span>omgärdas av </span><span>en reglering som består av de</span><span>ls administrativa</span><span>, dels straffrättsliga regler.</span><span> </span>\r\n\t\t\t</p>\r\n\t\t\t<p class=\"R3\">\r\n\t\t\t\t<span>Fjärde penningtvättsdirektivet</span>\r\n\t\t\t</p>\r\n\t\t\t<p class=\"NormalIndent\" style=\"text-indent:0pt\">\r\n\t\t\t\t<span>Åtgärder mot penningtvätt har funnits på EU:s agenda seda</span><span>n 1991</span><span> när det första penningtvättsdirektivet antogs. Regelverket har därefter reviderats flera </span><span>gånger</span><span>,</span><span> och </span><span>det </span><span>har</span><span> genom 2005 års penningtvättsdirektiv även kommit att inkludera åtgärder mot finansiering av terrorism. Lagändringar med anledning av </span><span>2015 års </span><span>penningtvättsdirektiv</span><span> – det fjärde i ordningen –</span><span> trädde i kraft den </span><br /><span>2 augusti 2017 (prop. 2016/17:</span><span>173, bet. 2016/17:FiU32, rskr. 2016/17:341). </span><span>EU-regelverket</span><span> ställer krav på att medlemsstaterna kriminaliserar penningtvätt och finansiering av terror</span><span>ism</span><span> och</span><span> inför sanktioner och administrativa regleringar.</span><span> </span>\r\n\t\t\t</p>\r\n\t\t\t<p class=\"NormalIndent\">\r\n\t\t\t\t<span>Det fjärde penningtvättsdirektivet </span><span>inkluderar en vidare krets av verksamhetsutövare än tidigare</span><span> bestämmelser</span><span> och </span><span>utgår från</span><span> principen om ett riskbaserat förhållningssätt. För verksamhetsutövarnas del innebär detta att omfattningen av åtgärder och kontroller m.m. ska utformas och anpassas efter </span><span>riskerna för penningtvätt i den specifika verksamheten. Således ska åtgärder främst sättas in där riskerna är som störst</span><span>. </span><span>Vidare ska v</span><span>erksamhetsutövarna vidta lämpliga åtgärder för </span><span>att uppnå god </span><span>kundkännedom</span><span>. </span><span>Tillräcklig kunskap om kunder är en grundläggand</span><span>e förutsättning för verksamhets</span><span>utövarnas möjligheter att förhindra penningtvätt och rapportera misstänkta aktiviteter och transaktioner till </span><span>Polismyndigheten</span><span>.</span><span> Direktivet</span><span> omfattar en katalog med administrativa</span><span> </span><span>sanktioner som medlemsstaterna bör genomföra om</span><span> det inte redan finns</span><span> en motsvarande</span><span> </span><span>straffrättslig reglering. Sanktionerna</span><span>, som höjdes kraftig</span><span>t</span><span> redan genom det tredje penningtvättsdirektivet,</span><span> ska kunna påföras</span><span> </span><span>verksamhetsutövarna och ska också kunna tillämpas på </span><span>berörda verksamhets-ledningar</span><span>.</span>\r\n\t\t\t</p>\r\n\t\t\t<p class=\"NormalIndent\">\r\n\t\t\t\t<span>Varje medlemsstat ska ha en särskilt inrättad samordningsfunkt</span><span>ion för arbetet med nationella riskbedömningar och för att etablera ett effektivt samarbete på nationell nivå</span><span>. </span><span>I Sverige är samordningsfunktionen </span><span>sedan den </span><br /><span>1 januari 2018 </span><span>placerad under Polismyndigheten</span><span> och </span><span>leds</span><span> av en stab </span><span>på</span><span> </span><span>fyra</span><span> personer. I s</span><span>amordningsfunktionen </span><span>är</span><span> 17 organisationer</span><span> med ansvar för arbetet mot penningtvätt</span><span> representerade</span><span>. </span><span>Samordningsfunktionen</span><span> kommer att publicera en nationell riskbedömning </span><span>i</span><span> juni 2019.</span>\r\n\t\t\t</p>\r\n\t\t\t<p class=\"NormalIndent\">\r\n\t\t\t\t<span>I och med d</span><span>et f</span><span>järde penningtvättsdirektivet förutsätt</span><span>s</span><span> också att </span><span>berörda myndigheter i </span><span>medlemsstater</span><span>na</span><span> samarbe</span><span>tar med varandra</span><span> </span><span>– </span><span>d</span><span>e europeiska finansunderrättelseenheterna ska bl.a. ha möjlighet att </span><span>utbyta relevanta upplysningar. De är även skyldiga att informera de europeiska tills</span><span>yns-myndigheterna</span><a name=\"_ftnref1\"></a><a href=\"#_ftn1\"><span class=\"FootnoteReference\" style=\"font-size:6.33pt\">[1]</span></a><span> </span><span>om administrativa sanktioner och åtgärder som påför</span><span>t</span><span>s kreditinstitut och finansiella institut.</span>\r\n\t\t\t</p>\r\n\t\t\t<p class=\"R3\">\r\n\t\t\t\t<span>Befintlig svensk reglering</span>\r\n\t\t\t</p>\r\n\t\t\t<p class=\"NormalIndent\" style=\"text-indent:0pt\">\r\n\t\t\t\t<span>Det svenska systemet för bekämpning av penningtvätt och finansiering av terrorism består av </span><span>följande </span><span>fyra huvudgruppe</span><span>r av aktörer</span><span>:</span>\r\n\t\t\t</p>\r\n\t\t\t<p class=\"Punktlistabomb\" style=\"margin-left:14.2pt; margin-bottom:0pt; text-indent:-14.2pt\">\r\n\t\t\t\t<span style=\"font-family:'Verdana'; font-size:10pt\">•</span><span style=\"font:7.0pt 'Verdana'\">       </span><span>tillsynsmyndigheter (Finansinspektionen, Fastighetsmäklarinspektionen, </span><span>Spelinspektionen</span><span>, Revis</span><span>ors</span><span>inspektionen</span><span> och </span><span>tre av landets l</span><span>änsstyrelser</span><span>)</span><span> </span>\r\n\t\t\t</p>\r\n\t\t\t<p class=\"Punktlistabomb\" style=\"margin-top:0pt; margin-left:14.2pt; margin-bottom:0pt; text-indent:-14.2pt\">\r\n\t\t\t\t<span style=\"font-family:'Verdana'; font-size:10pt\">•</span><span style=\"font:7.0pt 'Verdana'\">       </span><span>brottsbekämpande och kont</span><span>rollerande myndigheter (främst p</span><span>olis</span><span>en, Åklagarmyndigheten</span><span>, Skatteverket</span><span>,</span><span> Tullverket, Ekobrottsmyndigheten och Säpo)</span>\r\n\t\t\t</p>\r\n\t\t\t<p class=\"Punktlistabomb\" style=\"margin-top:0pt; margin-left:14.2pt; margin-bottom:0pt; text-indent:-14.2pt\">\r\n\t\t\t\t<span style=\"font-family:'Verdana'; font-size:10pt\">•</span><span style=\"font:7.0pt 'Verdana'\">       </span><span>verksamhetsutövare (finansiella</span><span> och icke-finansiella aktörer)</span>\r\n\t\t\t</p>\r\n\t\t\t<p class=\"Punktlistabomb\" style=\"margin-top:0pt; margin-left:14.2pt; text-indent:-14.2pt\">\r\n\t\t\t\t<span style=\"font-family:'Verdana'; font-size:10pt\">•</span><span style=\"font:7.0pt 'Verdana'\">       </span><span>självreglerande organ </span><span>med tillsynsansvar </span><span>(Sveriges</span><span> advokatsamfund).</span>\r\n\t\t\t</p>\r\n\t\t\t<p>\r\n\t\t\t\t<span>Den svenska administrativa regleringen på området finns främst i lagen (2017:630) om åtgärder mot penningtvätt och finansiering av terrorism</span><span> </span><span>, nedan penningtvättslagen</span><span>, </span><span>som </span><span>i huvudsak </span><span>genomför det fjärde penningtvätts</span><span>-</span><span>direktivet i svensk rätt</span><span>, </span><span>och lagen (2017:631) om registrering av verkliga huvudmän. </span><span>Regler om tillsyn på området för bekämpning av penningtvätt finns i en rad olika författningar. Genom bemyndiganden i penningtvättslagen, </span><span>förordningen (2009:92) om åtgärder mot penningtvätt och ett antal rörelse</span><span>-</span><span>lagar och till dessa anslutande förordningar ges vissa myndigheter behörighet att utfärda föreskrifter och utöva tillsyn över tillämpningen av regelverket </span><span>för</span><span> penningtvätt och finansiering av terrorism. Vidare har flera branschspecifika organ utarbetat egna riktlinjer för hur dessa krav kan uppfyllas. Penningtvätts</span><span>-</span><span>regleringen utgör också inslag i flera rörelselagar och andra författningar, t.ex. lagen (2004:297) om bank- och finansieringsrörelse.</span><span> </span>\r\n\t\t\t</p>\r\n\t\t\t<p class=\"NormalIndent\">\r\n\t\t\t\t<span>De centrala straffrättsliga reglerna finns i lagen (2014:307) om straff för penningtvättsbrott. När det gäller finansiering av terrorism finns straffrättsliga regler i lagen (2002:444) om straff för finansiering av särskilt allva</span><span>rlig brottslighet i vissa fall</span><span>.</span>\r\n\t\t\t</p>\r\n\t\t\t<p class=\"NormalIndent\">\r\n\t\t\t\t<span>Internationellt finns det flera aktörer som på något sätt arbetar med att bekämpa penningtvätt och finansiering av terrorism</span><span>, t.ex</span><span>.</span><span> </span><span>Internationella valutafonden (</span><span>IMF</span><span>)</span><span> och </span><span>F</span><span>inancial Action Task Force (FATF) som är</span><span> </span><span>ett mellanstatligt organ som tar fram internationella standarder</span><span>.</span><span> </span>\r\n\t\t\t</p>\r\n\t\t\t<p class=\"R4\">\r\n\t\t\t\t<span>Finanspolisen</span>\r\n\t\t\t</p>\r\n\t\t\t<p>\r\n\t\t\t\t<span>Enligt penningtvättslagen är verksamhetsutövare skyldiga att granska och rapportera misstänkt</span><span>a transaktioner och aktiviteter till </span><span>f</span><span>inanspolisen, som är </span><span>en del av underrättelseenheten vid Polismyndighetens nationella operativa avdelning (Noa)</span><span>. </span><span>Under 2018 inkom det totalt 19 306 styck</span><span>en penningtvättsrapporter till f</span><span>inanspolisen från anmälningspliktiga verksam</span><span>-</span><span>hetsutövare (</span><span>en öknin</span><span>g </span><span>med</span><span> 16</span><span>,7 procent från föregående år</span><span> </span><span>och</span><span> en ökning på 110 procent</span><span> över de senaste fem åren</span><span>)</span><a name=\"_ftnref2\"></a><a href=\"#_ftn2\"><span class=\"FootnoteReference\" style=\"font-size:6.33pt\">[2]</span></a><span>.</span><span> </span>\r\n\t\t\t</p>\r\n\t\t\t<p class=\"R4\" style=\"margin-bottom:0pt\">\r\n\t\t\t\t<span>F</span><span>inansinspektionen</span>\r\n\t\t\t</p>\r\n\t\t\t<p class=\"NormalIndent\" style=\"text-indent:0pt\">\r\n\t\t\t\t<span>Finansinspektionens penningtvättstillsyn syftar till att kontrollera att </span><span>finansiella </span><span>företag följer reglerna och att de fortlöpande utvecklar och förbättrar arbetet mot penningtvätt. Deras tillsyn är enligt gälland</span><span>e regelverk riskbaserad. Cirka </span><span>2 000 företag står under Finansinspektionens tillsyn vad gäl</span><span>ler penningtvätts</span><span>regelverket. För en svensk bank med verksamhet enbart i Sverige ligger hela tillsynsansvaret hos Finansinspektionen. Flera svenska banker bedriver dock verksamhet i andra länder via dotterbanker</span><span> eller filialer</span><span>. I sådana fall ligger huvudansvaret för tillsynen på myndigheten i det land där dotterbanken </span><span>eller filialen </span><span>är verksam, och det är </span><span>respektive lands </span><span>nationella regler som </span><span>ska </span><span>tillämpas.</span>\r\n\t\t\t</p>\r\n\t\t\t<p class=\"NormalIndent\">\r\n\t\t\t\t<span>Finansinspektionen finansieras via förvaltningsanslag i enlighet med riksdagens beslut om statens budget. För budgetåret 2019 ligger tilldelade anslag på 603 miljoner kronor. Verksamheten finansieras även via årliga tillsynsavgifter som ska täcka kostnader för bl.a. regelgivning och tillsyn</span><span> samt</span><span> tillståndsavgifter som ska täcka kostnader för prövning av tillstånd och anmälningar.</span><span> </span>\r\n\t\t\t</p>\r\n\t\t\t<p class=\"NormalIndent\">\r\n\t\t\t\t<span>Under 2018 skedde en förstärkning av </span><span>inspektionens</span><span> penningtvättstillsyn. Vid årets slut bestod avdelningen av </span><span>tolv</span><span> medarbetare, vilket kan jämföras med </span><br /><span>sex</span><span> medarbetare vid utgången av 2017. När det gäller Finansinspektionens tillsynsarbete över banker </span><span>omfattar det</span><span> ca 20 årsarbetskrafter per storbank. I en sammanställning från Europeiska bankmyndigheten (EBA) framgår att tillsynsintensiteten för en europeisk storbank i snitt motsvarar 43 årsarbetskrafter (FI Dnr 19-3192).</span>\r\n\t\t\t</p>\r\n\t\t\t<p class=\"R3\">\r\n\t\t\t\t<span>Misstänkt penningtvätt med koppling till svenska banker</span>\r\n\t\t\t</p>\r\n\t\t\t<p>\r\n\t\t\t\t<span>I februari 2019 sände </span><span>S</span><span>VT</span><span>-programmet </span><span>Uppdrag g</span><span>ranskning ett reportage där det </span><span>anges</span><span> </span><span>att </span><span>Swedbanks </span><span>filial</span><span> i Baltikum </span><span>kan ha </span><span>varit involverad</span><span> i</span><span> omfattande</span><span> </span><span>penningtvätt</span><span>stransaktioner</span><span> </span><span>mellan 2007 och 2015</span><span>. </span><span>Sedan dess har Swedbanks vd</span><span> </span><span>fått lämna sin tjänst </span><span>och </span><span>bankens </span><span>styrelseordförande </span><span>avgått, samtidigt som a</span><span>ktiekursen har fallit med nära 20 procent</span><span>.</span>\r\n\t\t\t</p>\r\n\t\t\t<p class=\"R4\">\r\n\t\t\t\t<span>Finansinspektionens åtgärder</span>\r\n\t\t\t</p>\r\n\t\t\t<p>\r\n\t\t\t\t<span>Finansinspektionen </span><span>tillsammans med de tre b</span><span>altiska tillsynsmyndigheterna (estniska och l</span><span>ettiska tills</span><span>yns</span><span>myndigheterna och Litauens centralbank) </span><span>genomför för närvarande</span><span> en undersökning för att klargöra vad som hänt och bedöma om Swedbank brustit i sin efterlevnad av penningtvättsregelverket. Undersökningen syftar till att bedöma regelefterlevnad och riskhantering </span><span>både under senare år och </span><span>före</span><span> 2016. De tre baltiska myndigheterna kommer att bedöma regelefterlevnad i respektive dotterbank</span><span>/filial</span><span>, medan Finans</span><span>-</span><span>inspektionen </span><span>frä</span><span>mst</span><span> </span><span>kommer </span><span>att bedöma moderbankens</span><span> hantering och kontroll av penningtvättsriskerna i sina baltiska verksamheter. Finansinspektionen räknar med att undersökningen </span><span>ska vara</span><span> genomförd i oktober</span><span> 2019</span><span> och kommer sedan att avgöra om ärendet ska gå vidare till </span><span>sanktion. </span>\r\n\t\t\t</p>\r\n\t\t\t<p class=\"NormalIndent\">\r\n\t\t\t\t<span>Med tanke på de uppmärksammade fallen av </span><span>både konstaterad och misstänkt </span><span>penningtvätt </span><span>i svenska och andra länders banker </span><span>gör Finans</span><span>-</span><span>inspektionen bedömningen att deras </span><span>tillsynskapacitet inom området behöver stärkas. </span><span>Enligt en promemoria från Finansinspektionen </span><span>kommer</span><span> myndigheten</span><span> under 2019 att </span><span>om</span><span>fördela resurser för att förs</span><span>tärka penningtvättstillsynen</span><span> </span><br /><span>(FI Dnr 19-1101)</span><span>. </span><span>Inspektionen</span><span> har </span><span>även</span><span> sedan tidigare begärt ytterligare </span><span>resurser</span><span> för att stärka penningtvättstillsynen från 2020 och framåt.</span><span> </span><span>R</span><span>egeringen</span><span> kommer att ta ställning till </span><span>Finansinspektionens</span><span> begäran </span><span>inom ramen för den ordinarie budgetprocessen, dvs. i beredningen av budget-propositionen för 2020.</span>\r\n\t\t\t</p>\r\n\t\t\t<p class=\"NormalIndent\">\r\n\t\t\t\t<span>Av Finansinspektionens regleringsbrev för 2019 framgår att myndigheten </span><span>i november </span><span>ska redovisa ett särskilt uppdrag om sina insatser mot penningtvätt och finansiering av terrorism. Detta uppdrag fick myndigheten innan uppgifterna om misstänkt penningtvätt i Swedbank var kända, och </span><span>det </span><span>beror snarare på de senaste årens förstärkta regelverk mot penningtvätt.</span>\r\n\t\t\t</p>\r\n\t\t\t<p class=\"R4\" style=\"margin-bottom:0pt\">\r\n\t\t\t\t<span>Regeringens åtgärder</span>\r\n\t\t\t</p>\r\n\t\t\t<p class=\"NormalIndent\" style=\"text-indent:0pt\">\r\n\t\t\t\t<span>Vid en intern utfrågning i utskottet</span><span> framh</span><span>öll företrädare för regeringen</span><span> att de transaktioner som nu är under granskning skedde mellan </span><span>2007 och</span><span> 2015, innan </span><span>det fjärde penningtvättsdirektivet </span><span>hade trätt</span><span> i kraft</span><span>. Sedan dess</span><span> har mycket </span><span>gjorts för att förstä</span><span>rka reglerna kring penningtvätt. Förutom </span><span>nya lagar</span><span> </span><span>som berör fler verksamhetsutövare och som ger myndigheter</span><span> ökade möjligheter</span><span> att utdöma kraftiga sanktioner</span><span> finns </span><span>sedan 2018 </span><span>den nya samordningsfunktionen på plats hos Polismyndigheten</span><span>. </span><span>Finansinspektionen </span><span>har </span><span>fått</span><span> f</span><span>örbättrade förutsättningar för ägar</span><span>-/ledningsprövning</span><span>. </span>\r\n\t\t\t</p>\r\n\t\t\t<p class=\"NormalIndent\">\r\n\t\t\t\t<span>I maj 2019 b</span><span>eslutade regeringen om en lagrådsremiss </span><span>med förslag om s</span><span>kärpta åtgärder mot </span><span>bl.a. penningtvätt som ska genomföra </span><span>delar av </span><span>det f</span><span>emte penningtvättsdirektivet i svensk rätt. Förslaget berör bl.a.</span><span> förstärkning av skyddet för visselblåsare </span><span>och</span><span> utökat utbyte av information mellan tillsyns</span><span>-</span><span>myndigheter</span><span>. Enligt förslaget ska lagändringarna i huvudsak träda i kraft den 1 januari 2020.</span><span> U</span><span>nder hösten </span><span>kommer</span><span> även </span><span>n</span><span>ya regler för finansiella företags uppgifter till brottsutredande myndigheter</span><span> att</span><span> </span><span>träda </span><span>i kraft</span><span> (</span><span>bet. </span><span>2</span><span>018/19:FiU2, rskr. 2018/19:114)</span><span>. </span><span>Slutligen har b</span><span>udgetförstärkningar föreslagits till </span><span>flera </span><span>mynd</span><span>igheter</span><span> –</span><span> för </span><span>Finansinspektionen</span><span> senast</span><span> i </span><span>budgetpropositionen </span><span>för </span><span>2018 (prop. 2017/18:1) </span><span>och för </span><span>länsstyrelserna i </span><span>V</span><span>årändringsbudgeten </span><span>för </span><span>20</span><span>19</span><span> (prop. 2018/19:99)</span><span>.</span><span> </span>\r\n\t\t\t</p>\r\n\t\t\t<p class=\"NormalIndent\">\r\n\t\t\t\t<span>På den internationella arenan syns viss aktivitet med anledning av den senaste tidens uppmärksammade fall av penningtvätt. EU-kommissionen </span><span>undersöker </span><span>tillsammans med den europeiska bankmyndigheten EBA </span><span>om </span><span>Finansinspektionen utfört en effektiv tillsyn av Swedbank i enlighet med kraven i det fjärde penningtvättsdirektivet. K</span><span>ommissionen analyserar </span><span>även </span><span>sedan 2015 ett anta</span><span>l olika penningtvättsfall (inklusive</span><span> </span><span>sanktionen som utfärdades mot </span><span>Nordea). </span><span>Ett antal medlemsländer inom EU driver </span><span>frågan om att centralisera tillsynen </span><span>av</span><span> penningtvätt och finansiering av terrorism</span><span>,</span><span> och förslag finns om att inrätta en särskild tillsynsmyndighet på EU-nivå. </span>\r\n\t\t\t</p>\r\n\t\t\t<p class=\"NormalIndent\">\r\n\t\t\t\t<span>Vidare väntas ett </span><span>flertal internationella rapporter </span><span>om</span><span> arbetet mot penningtvätt</span><span>. </span><span>I den n</span><span>ord</span><span>isk-b</span><span>altiska valkretsen i IMF driver regeringen</span><span> och Riksbanken</span><span> aktivt frågan om en utredning om samverkan i region</span><span>en</span><span> och </span><span>om </span><span>berörda</span><span> länders arbete mot penningtvätt</span><span>. Beslut </span><span>om en eventuell utredning är inte taget men väntas under hösten</span><span>. </span><span>Under 2020 kommer FATF att </span><span>göra en uppföljning av sin senaste granskning av Sverige</span><span>.</span><span> </span>\r\n\t\t\t</p>\r\n\t\t\t<p class=\"NormalIndent\">\r\n\t\t\t\t<span> </span>\r\n\t\t\t</p>\r\n\t\t\t<p class=\"Avsnittsrubrik\">\r\n\t\t\t\t<a name=\"_Toc11158397\"><span class=\"tSidrubrikJA\">Utskottets överväganden</span></a>\r\n\t\t\t</p>\r\n\t\t\t<h2>\r\n\t\t\t\t<a name=\"_Toc11158398\"><span>S</span><span>tärk</span><span>t</span><span>a </span><span>åtgärder</span><span> mot penningtvätt</span></a>\r\n\t\t\t</h2>\r\n\t\t\t<div style=\"border-bottom-color:#000000; border-bottom-style:solid; border-bottom-width:0.75pt; border-left-color:#000000; border-left-style:solid; border-left-width:0.75pt; border-right-color:#000000; border-right-style:solid; border-right-width:0.75pt; border-top-color:#000000; border-top-style:solid; border-top-width:0.75pt; clear:both; margin:3.1pt 0.9pt 0pt\">\r\n\t\t\t\t<p class=\"Normalrutafet\" style=\"margin:0pt; padding-right:4pt; padding-left:4pt\">\r\n\t\t\t\t\t<span>Utskottets förslag i korthet</span>\r\n\t\t\t\t</p>\r\n\t\t\t\t<p class=\"Normalruta\" style=\"margin:0pt; padding-right:4pt; padding-left:4pt; padding-bottom:4pt\">\r\n\t\t\t\t\t<span>Riksdagen tillkännager för regeringen som sin mening att regeringen snarast ska </span><span>utreda vilka ytterligare åtgärder som kan vidtas för att stärka</span><span> </span><span>arbetet mot penningtvätt </span><span>i enlighet med vad utskottet anför.</span>\r\n\t\t\t\t</p>\r\n\t\t\t</div>\r\n\t\t\t<p class=\"R3\">\r\n\t\t\t\t<span>Utskottets ställningstagande</span>\r\n\t\t\t</p>\r\n\t\t\t<p class=\"NormalIndent\" style=\"text-indent:0pt\">\r\n\t\t\t\t<span>Penningtvätt är </span><span>ett internationellt</span><span> problem som utgör </span><span>ett </span><span>hot mot det finansiella </span><span>systemet och dess institutioner</span><span>. Förtroendet för det finansiella systemet kan snabbt skadas om dess institutioner förknippas med illegala tillgångar och penningtvätt.</span><span> </span><span>Utskottet ser </span><span>mycket allvarligt på </span><span>de omfattande och återkommande </span><span>rapporteringarna</span><span> </span><span>om</span><span> misstänkt penningtvätt i det svenska banksystemet</span><span>,</span><span> </span><span>som undergräver allmänhetens tilltro</span><span> till systemet</span><span>. Utskottet välkomnar</span><span> Finansinspektionens granskning av Swedbank som </span><span>inspektionen</span><span> </span><span>nu </span><span>genomför tillsammans med sina baltiska kollegor, och ser fram emot de internationella granskningsrapporter som vänta</span><span>s komma</span><span>. </span><span>Utskottet finner</span><span> dessa utredningar </span><span>nödvändig</span><span>a</span><span> men </span><span>befarar också att mer behöver göras. </span><span>Ambitionsnivån i </span><span>arbete</span><span>t med att bekämpa penningtvätt behöver höjas markant</span><span> hos myndigheter och </span><span>i </span><span>näringslivet</span><span>, och det </span><span>är av stor vikt att detta sker skyndsamt.</span>\r\n\t\t\t</p>\r\n\t\t\t<p class=\"NormalIndent\">\r\n\t\t\t\t<span>Utskottet anser att </span><span>lagstiftar</span><span>na</span><span> behöver ta sitt ansvar för att säkerställa att </span><span>de problem</span><span> med penningtvätt som förekommit inte återupprepas. Utskottet har </span><span>sedan förra hösten hållit utfrågningar med företrädare från regeringen, myndigheter och organisationer</span><span> för att få deras syn på händelseutvecklingen och vilka åtgärder </span><span>som</span><span> vidtagit</span><span>s och planeras</span><span>. </span><span>Utskottet </span><span>noterar att </span><span>flera</span><span> </span><span>ansatser har gjorts</span><span> men saknar initiativ </span><span>i vissa enligt utskottet viktiga</span><span> frågor.</span><span> </span>\r\n\t\t\t</p>\r\n\t\t\t<p class=\"NormalIndent\">\r\n\t\t\t\t<span>U</span><span>tskottet </span><span>anser </span><span>därför </span><span>att</span><span> regeringen </span><span>snarast ska </span><span>utreda vilka ytterligare åtgärder som kan vidtas för att stärka</span><span> </span><span>arbetet </span><span>mot </span><span>penningtvätt. Uppdraget bör innefatta</span><span> en noggrann analys av</span>\r\n\t\t\t</p>\r\n\t\t\t<p class=\"Punktlistabomb\" style=\"margin-left:14.2pt; margin-bottom:0pt; text-indent:-14.2pt\">\r\n\t\t\t\t<span style=\"font-family:'Verdana'; font-size:10pt\">•</span><span style=\"font:7.0pt 'Verdana'\">       </span><span>Finansinspektion</span><span>ens</span><span> </span><span>kapacitet </span><span>att effektivt kunna </span><span>bedriva tillsyn </span><span>inom området, t.ex. fråg</span><span>or om förutsättningarna för myndighetens kompetens-försörjning och</span><span> </span><span>ändamålsenlighet</span><span>en</span><span> i dagens </span><span>tillsynsavgifter</span><span> och</span><span> sanktions</span><span>möjligheter</span>\r\n\t\t\t</p>\r\n\t\t\t<p class=\"Punktlistabomb\" style=\"margin-top:0pt; margin-left:14.2pt; margin-bottom:0pt; text-indent:-14.2pt\">\r\n\t\t\t\t<span style=\"font-family:'Verdana'; font-size:10pt\">•</span><span style=\"font:7.0pt 'Verdana'\">       </span><span>b</span><span>erörda myndigheters befogenheter i förhållande till banker</span><span>na</span><span> och bankernas </span><span>befogenheter i </span><span>förhållande till sina kunder</span><span> (</span><span>inklusive frågor om informationsutbyte</span><span> mellan myndigheter och banker</span><span>, </span><span>återkoppling </span><span>till uppgiftslämnare </span><span>och sekretess</span><span> vid informationsutbyte)</span>\r\n\t\t\t</p>\r\n\t\t\t<p class=\"Punktlistabomb\" style=\"margin-top:0pt; margin-left:14.2pt; text-indent:-14.2pt\">\r\n\t\t\t\t<span style=\"font-family:'Verdana'; font-size:10pt\">•</span><span style=\"font:7.0pt 'Verdana'\">       </span><span>ä</span><span>ndamålsenligheten i b</span><span>efintlig myndighetsstruktur</span><span> och ansvarsfördelning </span><span>mellan de</span><span> penningtvättsbekämpande myndigheter</span><span>na</span><span>,</span><span> såväl nationellt som internationellt</span><span>.</span>\r\n\t\t\t</p>\r\n\t\t\t<p>\r\n\t\t\t\t<span>Vad utskottet nu anfört bör riksdagen ställa sig bakom och tillkännage för regeringen</span><span>.</span>\r\n\t\t\t</p>\r\n\t\t\t<p class=\"NormalIndent\">\r\n\t\t\t\t<span> </span>\r\n\t\t\t</p>\r\n\t\t\t<p>\r\n\t\t\t\t<span> </span>\r\n\t\t\t</p>\r\n\t\t\t<p>\r\n\t\t\t\t<span> </span>\r\n\t\t\t</p>\r\n\t\t\t<p>\r\n\t\t\t\t<span> </span>\r\n\t\t\t</p>\r\n\t\t</div>\r\n\t\t<hr style=\"width:33%; height:1px; text-align:left; -aw-footnote-numberstyle:0; -aw-footnote-startnumber:1; -aw-footnote-type:0\" />\r\n\t\t<div id=\"_ftn1\" style=\"-aw-footnote-isauto:1\">\r\n\t\t\t<p class=\"FootnoteText\">\r\n\t\t\t\t<a href=\"#_ftnref1\"><span class=\"FootnoteReference\" style=\"font-size:6.33pt\">[1]</span></a><span> Europeiska bankmyndigheten (EBA), Europeiska försäkrings- och tjänstepensions (Eiopa) och Europeiska värdepappers- och marknadsmyndigheten (Esma).</span>\r\n\t\t\t</p>\r\n\t\t</div>\r\n\t\t<div id=\"_ftn2\" style=\"-aw-footnote-isauto:1\">\r\n\t\t\t<p class=\"FootnoteText\">\r\n\t\t\t\t<a href=\"#_ftnref2\"><span class=\"FootnoteReference\" style=\"font-size:6.33pt\">[2]</span></a><span> Finanspolisens rapport </span><span>Verksamheten i statistik </span><span>–</span><span> 2018</span><span>.</span>\r\n\t\t\t</p>\r\n\t\t</div>\r\n\t"},"dokutskottsforslag":{"utskottsforslag":{"punkt":"1","rubrik":"Stärkta åtgärder mot penningtvätt","forslag":"Riksdagen ställer sig bakom det som utskottet anför om att regeringen snarast ska utreda vilka ytterligare åtgärder som kan vidtas för att stärka arbetet mot penningtvätt, och detta tillkännager riksdagen för regeringen.<BR/><BR/><BR/>","beslutstyp":"acklamation","motforslag_nummer":"0","motforslag_partier":null,"votering_id":null,"votering_sammanfattning_html":null,"votering_url_xml":null,"rm":"2018/19","bet":"FiU42","vinnare":"utskottet"}},"dokaktivitet":{"aktivitet":[{"kod":"UBE","namn":"Beredning","datum":"2019-05-28 00:00:00","status":"inträffat","ordning":"0","process":null},{"kod":"UBE","namn":"Beredning","datum":"2019-06-11 00:00:00","status":"inträffat","ordning":"0","process":null},{"kod":"JUS","namn":"Justering","datum":"2019-06-13 00:00:00","status":"inträffat","ordning":"0","process":null},{"kod":"TRY","namn":"Trycklov","datum":"2019-06-13 00:00:00","status":"inträffat","ordning":"0","process":null},{"kod":"B","namn":"Bordläggning","datum":"2019-06-17 00:00:00","status":"inträffat","ordning":"0","process":null},{"kod":"BEH","namn":"Behandling","datum":"2019-06-18 00:00:00","status":"inträffat","ordning":"0","process":null},{"kod":"BES","namn":"Beslut","datum":"2019-06-18 00:00:00","status":"inträffat","ordning":"0","process":null}]},"dokuppgift":{"uppgift":[{"kod":"beslutssammanfattningusk","namn":"Utskottets förslag till beslut","text":"Riksdagen ställer sig bakom det som utskottet anför om stärkta åtgärder mot penningtvätt.","dok_id":"H601FiU42","systemdatum":"2019-06-13 14:38:13"},{"kod":"rdbeslut","namn":"Riksdagens beslut","text":"Kammaren biföll utskottets förslag.","dok_id":"H601FiU42","systemdatum":"2019-06-18 16:34:36"},{"kod":"notis","namn":"Beslut i korthet","text":"                           <p>Riksdagen ser mycket allvarligt på de omfattande rapporteringarna om misstänkt penningtvätt i det svenska banksystemet, nu senast uppgifterna om Swedbank. Regeringen bör därför utreda vad som kan göras ytterligare för att stärka arbetet mot penningtvätt. Det tycker riksdagen som riktade ett tillkännagivande, en uppmaning, till regeringen om att snarast göra en noggrann analys av</p>\r\n<ul>\r\n<li>Finansinspektionens kapacitet att bedriva tillsyn inom området,</li>\r\n<li>berörda myndigheters befogenheter i förhållande till bankerna och</li>\r\n<li>bankernas befogenheter i förhållande till sina kunder.</li>\r\n</ul>\r\n<p>Regeringen bör också granska ansvarsfördelningen mellan de myndigheter som bekämpar penningtvätt och även om befintlig myndighetsstruktur är funktionell.</p>\r\n<p>Förslaget om tillkännagivande har sin grund i ett så kallat utskottsinitiativ. Ett utskottsinitiativ betyder att förslaget har väckts i utskottet och inte bygger på ett regeringsförslag eller en riksdagsmotion.</p>\r\n                                            ","dok_id":"H601FiU42","systemdatum":"2019-07-08 15:52:18"},{"kod":"notisrubrik","namn":"Beslut","text":"Riksdagen vill se förstärkta åtgärder mot penningtvätt (FiU42)","dok_id":"H601FiU42","systemdatum":"2019-07-08 15:52:18"},{"kod":"utsknotis","namn":"Utskottets förslag till beslut","text":"                           <p>Finansutskottet ser mycket allvarligt på de omfattande rapporteringarna om misstänkt penningtvätt i det svenska banksystemet, nu senast uppgifterna om Swedbank. Regeringen bör därför utreda vad som kan göras ytterligare för att stärka arbetet mot penningtvätt. Det tycker utskottet som föreslår att riksdagen riktar ett tillkännagivande, en uppmaning, till regeringen om att snarast göra en noggrann analys av</p>\r\n<ul>\r\n<li>Finansinspektionens kapacitet att bedriva tillsyn inom området,</li>\r\n<li>berörda myndigheters befogenheter i förhållande till bankerna och</li>\r\n<li>bankernas befogenheter i förhållande till sina kunder.</li>\r\n</ul>\r\n<p>Regeringen bör också granska ansvarsfördelningen mellan de myndigheter som bekämpar penningtvätt och även om befintlig myndighetsstruktur är funktionell.</p>\r\n<p>Förslaget om tillkännagivande har sin grund i ett så kallat utskottsinitiativ. Ett utskottsinitiativ betyder att förslaget har väckts i utskottet och inte bygger på ett regeringsförslag eller en riksdagsmotion.</p>\r\n                                            ","dok_id":"H601FiU42","systemdatum":"2019-07-08 15:52:18"},{"kod":"utsknotisrubrik","namn":"Utskottets förslag","text":"Finansutskottet vill se förstärkta åtgärder mot penningtvätt (FiU42)","dok_id":"H601FiU42","systemdatum":"2019-07-08 15:52:18"},{"kod":"statustext","namn":"statustext","text":"Ärendet är avslutat","dok_id":"H601FiU42","systemdatum":"2019-06-19 00:25:17"},{"kod":"debattdatumtid","namn":"Datum och tid för debatten","text":"2019-06-18 00:00:00","dok_id":"H601FiU42","systemdatum":"2019-07-08 15:52:18"},{"kod":"beslutdatumtid","namn":"Datum och tid för beslutet","text":"2019-06-18 00:00:00","dok_id":"H601FiU42","systemdatum":"2019-07-08 15:52:18"}]},"dokbilaga":{"bilaga":{"dok_id":"H601FiU42","titel":"Stärkta åtgärder mot penningtvätt","subtitel":null,"filnamn":"2018_19_FiU42_20190613143733_Publicering.pdf","filstorlek":"306538","filtyp":"pdf","fil_url":"http://data.riksdagen.se/fil/976E9468-1F57-47A2-B634-A6B3D6827771"}},"dokreferens":{"referens":[{"referenstyp":"föredragningslista","uppgift":"föredragningslista 2018/19:107 Tisdag den 18 juni 2019","ref_dok_id":"H60I107","ref_dok_typ":"f-lista","ref_dok_rm":"2018/19","ref_dok_bet":"107","ref_dok_titel":"Tisdag den 18 juni 2019","ref_dok_subtitel":null,"ref_dok_subtyp":null,"ref_dok_dokumentnamn":"Föredragningslista"},{"referenstyp":"protokollbeslut","uppgift":"2019-06-18","ref_dok_id":"H609107","ref_dok_typ":"prot","ref_dok_rm":"2018/19","ref_dok_bet":"107","ref_dok_titel":"Protokoll 2018/19:107 Tisdagen den 18 juni","ref_dok_subtitel":null,"ref_dok_subtyp":null,"ref_dok_dokumentnamn":"Protokoll"},{"referenstyp":"protokolldebatt","uppgift":"2019-06-18","ref_dok_id":"H609107","ref_dok_typ":"prot","ref_dok_rm":"2018/19","ref_dok_bet":"107","ref_dok_titel":"Protokoll 2018/19:107 Tisdagen den 18 juni","ref_dok_subtitel":"Stärkta åtgärder mot penningtvätt","ref_dok_subtyp":null,"ref_dok_dokumentnamn":"Protokoll"},{"referenstyp":"rskr","uppgift":null,"ref_dok_id":"H60K291","ref_dok_typ":"rskr","ref_dok_rm":"2018/19","ref_dok_bet":"291","ref_dok_titel":"Riksdagsskrivelse 2018/19:291","ref_dok_subtitel":null,"ref_dok_subtyp":"rskr","ref_dok_dokumentnamn":"Riksdagsskrivelse"}]},"debatt":{"anforande":[{"video_id":"1100190618441073522","video_url":"1100190618441073522#pos=12","startpos":"12","tumnagel":["","//mhdownload.riksdagen.se/riksdagen/unrestricted/thumb/1100190618441073522_mid.jpg"],"tumnagel_stor":"//mhdownload.riksdagen.se/riksdagen/unrestricted/thumb/1100190618441073522_high.jpg","anf_video_id":"1100190618441073722","anf_hangar_id":"5036801","anf_sekunder":"357","anf_klockslag":"11:29","datumtid":"2019-06-18 11:29:27","anf_datum":"2019-06-18 00:00:00","anf_typ":"ap","anf_text":"<p>Fru talman! Finansutskottet har i dag att behandla ett betänkande som har påkallats av de graverande uppgifterna om misstänkt penningtvätt hos svenska banker i Baltikum.</p><p>Stärkta åtgärder mot penningtvätt</p><p>Betänkandet handlar om ett utskottsinitiativ, ursprungligen taget av Vänsterpartiet och Kristdemokraterna, vilket var bra gjort av dem, varefter samtliga partier i utskottet har diskuterat och enats om formuleringarna i uppdraget till regeringen, som är att utreda vilken samlad förmåga som finns för att upptäcka och bekämpa penningtvätt.</p><p>Penningtvätt är ett mycket allvarligt brott. Det är både brottsligt i sig och begås ofta för att dölja annan kriminell verksamhet. Inte sällan är det pengar som kommer ifrån olaglig handel eller korruption och som delas upp och placeras i olika verksamheter eller fastigheter som därefter säljs. Sedan delas pengarna upp igen. Därefter medger en bank någonstans i Europa att pengarna placeras på ett konto där, varpå de används i nya affärer och placeras vidare i andra banker. Till slut återfinns de på ett konto hos en ansedd och respekterad bank, tvättade.</p><p>Penningtvätt är nära kopplat till skattebrott och illegala marknader, till verksamheter som utnyttjar människor och skadar vår ekonomi och som undergräver våra välfärdssystem och fräter på tillit och sammanhållning.</p><p>I likhet med annan kriminalitet förfinas och utvecklas metoderna hos de kriminella, och samhället måste hela tiden arbeta för att hinna ifatt, komma åt, lagföra och förebygga - vilket också har gjorts och görs.</p><p> STYLEREF Kantrubrik \\* MERGEFORMAT Stärkta åtgärder mot penningtvätt</p><p>Under de senaste åren har riksdagen och regeringen ökat insatserna mot penningtvätt. År 2017 antogs en ny penningtvättslag. Det har även tillsats en ny samordningsfunktion hos polisen. I höst träder nya krav i kraft om hur finansiella företag ska lämna uppgifter till brottsutredande myndigheter. Utöver detta har Finansinspektionen fått ett resurstillskott på 80 miljoner kronor, bland annat för att stärka banktillsynen och penningtvättstillsynen. Härtill bereds ytterligare förslag, även i detta nu.</p><p>Men om det här ska bära hela vägen måste alla aktörer ta sitt ansvar. Det gäller förstås politiken och våra myndigheter men också bankerna. Penningtvätt ska inte löna sig, och det ska inte vara en konkurrensfördel. Det ska inte heller vara möjligt att se genom fingrarna eller vara flat.</p><p>Nu har ett enigt finansutskott presenterat ett initiativ till en utredning om penningtvätt. Uppdraget till regeringen innefattar en noggrann analys av Finansinspektionens kapacitet att effektivt bedriva tillsyn inom området, berörda myndigheters befogenheter i förhållande till bankerna och bankernas befogenheter i förhållande till sina kunder och ändamålsenligheten i befintlig myndighetsstruktur och ansvarsfördelning mellan de penningtvättsbekämpande myndigheterna såväl nationellt som internationellt.</p><p>Uppdraget innebär att utreda om det utifrån myndigheternas funktion och deras relation till bankerna och utifrån bankernas relation till kunderna finns system, struktur och kapacitet för att komma åt penningtvätt - helt enkelt en ordentlig genomlysning.</p><p>Fru talman! Två av våra styrkor i arbetet mot penningtvätt är upprördheten och enigheten - vår gemensamma upprördhet över att det sker och vår breda enighet i att bekämpa det.</p><p>Vi förstår att det är komplext. Penningtvätt rör sig över gränser. Svenska bankers verksamhet i Estland lyder under estnisk lag och estnisk tillsyn. Detta sätter fingret på behovet av samarbete och öppenhet och av att ständigt jobba med frågan.</p><p>Nu får regeringen uppdraget att hålla i arbetet och fortsätta att driva på - något som jag vet att den kommer att göra med hängivelse.</p><p>Från det demokratiska samhället och från det offentliga och det parlamentariska systemet tar vi vårt ansvar för att upprätthålla lagen och för att upprätthålla ett sunt och gott ekonomiskt och finansiellt system. I grunden handlar det om medborgarnas förtroende och om att samhällsintresset ska gå först.</p><p>Jag yrkar bifall till utskottets förslag.</p><p>(Applåder)</p><p>I detta anförande instämde Ingemar Nilsson och Ingela Nylund Watz (båda S).</p>","anf_beteckning":"2018/19:107-80","anf_nummer":"80","talare":"Björn Wiechel (S)","intressent_id":"0482689573825","parti":"S","anf_rm":"2018/19"},{"video_id":"1100190618441073522","video_url":"1100190618441073522#pos=376","startpos":"376","tumnagel":["","//mhdownload.riksdagen.se/riksdagen/unrestricted/thumb/1100190618441073522_mid.jpg"],"tumnagel_stor":"//mhdownload.riksdagen.se/riksdagen/unrestricted/thumb/1100190618441073522_high.jpg","anf_video_id":"1100190618441074122","anf_hangar_id":"5036802","anf_sekunder":"230","anf_klockslag":"11:35","datumtid":"2019-06-18 11:35:31","anf_datum":"2019-06-18 00:00:00","anf_typ":"ap","anf_text":"<p>Fru talman! Det är dags för riksdagen att ta ställning till initiativet att tillkännage för regeringen att man snarast ska utreda vilka ytterligare åtgärder som kan vidtas för att stärka arbetet mot penningtvätt. Jag föreslår att riksdagen godkänner utskottets förslag. Låt mig också uttrycka att det är en styrka att samtliga partier i finansutskottet har lyckats enas bakom detta utskottsinitiativ.</p><p>I takt med att kapitalmarknader liberaliseras och digitaliseras blir penningtvätt alltmer sofistikerad. Enligt FN omsätter penningtvätt årligen 2-5 procent av global bnp, vilket motsvarar Tysklands bnp. De flesta försök till penningtvätt som svenska banker utsätts för sker utomlands. Penningtvättsfrågan är komplex, och de kriminella nätverk som står bakom är välorganiserade.</p><p> STYLEREF Kantrubrik \\* MERGEFORMAT Stärkta åtgärder mot penningtvätt</p><p>Kampen mot penningtvätt och terrorismfinansiering har under 2000-talet blivit alltmer intensiv. År 2009 kom det nya riskbaserade regelverket i EU. Det ställer helt nya krav på de aktörer i samhället som ålagts att försöka hindra penningtvätt. Nästa steg kan vara att förbättra möjligheterna för samverkan mellan aktörerna. </p><p>Men låt oss inte vara naiva. Penningtvätt kommer att finnas så länge det går att tjäna pengar på denna brottslighet. Penningtvätt är dock ett rörligt mål där sätten att tvätta pengar förändras i takt med att möjligheter uppstår och täpps till. Samtidigt har regelverket ändrats gång på gång under de senaste tio åren och blivit allt mer detaljerat och komplext.</p><p>Medierapportering om misstänkta fall av penningtvätt prövar branschens förtroende hos allmänheten. De svenska bankernas djupa förtroendekris bland våra medborgare skapar inte bara stora bekymmer hos deras ägare och anställda, utan krisen är en nationell svensk angelägenhet eftersom bankerna är systemviktiga. Skulle ytterligare saker framkomma som fördjupar krisen riskerar det att skapa svallvågor i hela den svenska finanssektorn och hota den finansiella stabiliteten. Därför måste lagstiftarna ta sitt ansvar för att säkerställa att de problem med penningtvätt som förekommit inte upprepas.</p><p>Finansutskottet har sedan förra hösten hållit utfrågningar med företrädare från regering, myndigheter och organisationer för att få deras syn på händelseutvecklingen och vilka åtgärder som vidtagits och planeras.</p><p>Man kan notera att flera ansatser har gjorts, men jag saknar initiativ i vissa viktiga frågor. Därför är det viktigt att regeringen snarast utreder vilka ytterligare åtgärder som kan vidtas för att stärka det viktiga arbetet mot penningtvätt.</p><p>(Applåder)</p>","anf_beteckning":"2018/19:107-81","anf_nummer":"81","talare":"Mattias Karlsson i Luleå (M)","intressent_id":"0522054204918","parti":"M","anf_rm":"2018/19"},{"video_id":"1100190618441073522","video_url":"1100190618441073522#pos=616","startpos":"616","tumnagel":["","//mhdownload.riksdagen.se/riksdagen/unrestricted/thumb/1100190618441073522_mid.jpg"],"tumnagel_stor":"//mhdownload.riksdagen.se/riksdagen/unrestricted/thumb/1100190618441073522_high.jpg","anf_video_id":"1100190618441074322","anf_hangar_id":"5036820","anf_sekunder":"322","anf_klockslag":"11:39","datumtid":"2019-06-18 11:39:31","anf_datum":"2019-06-18 00:00:00","anf_typ":"ap","anf_text":"<p>Fru talman! Jag säger bara norrländska! Det är väl helt underbart? Jag kör med min hälsinge- och Gävledialekt, så får vi se hur det går.</p><p>Först av allt vill jag önska talmannen och kansliet en fin sommar. Finansutskottets kansli likaså - tack för allt arbete ni gör! Tack även till finansutskottets ledamöter.</p><p>Denna debatt handlar om penningtvätt; det har alla förstått. De omfattande och återkommande skandalerna kring misstänkt penningtvätt i det svenska banksystemet har kraftigt undergrävt bankernas förtroende från allmänheten. Ja, det kanske inte var så jättehögt förut heller, men det blev definitivt inte bättre av detta.</p><p>Penningtvätt har visat sig kunna ske trots att lagskärpningar gjorts, bötesbelopp höjts och Finansinspektionen fått utökade resurser. Den utredning som Finansinspektionen initierat om förekomst av penningtvätt inom Swedbank är bra och nödvändig men absolut inte tillräcklig.</p><p>Vi menar att politiken behöver ta sitt ansvar för att brett säkerställa att de problem med penningtvätt som förekommit inte upprepas och att ingen annan förtroendeskadlig verksamhet tillåts förekomma men också för att tydligt markera att det som skett i bankväsendet inte är acceptabelt. Det är av stor vikt att detta sker skyndsamt.</p><p> STYLEREF Kantrubrik \\* MERGEFORMAT Stärkta åtgärder mot penningtvätt</p><p>Så skrev vi i Vänsterpartiet och Kristdemokraterna i vårt gemensamma utskottsinitiativ i våras. Vi hade fått nog för länge sedan, och vi ansåg att regeringens agerande lämnade en del övrigt att önska.</p><p>Det är ju inte så att bankerna inte har råd att ha kontroll. De har under en rad år minskat antalet anställda, lagt ned lokalkontor efter lokalkontor och ökat sina vinster år efter år. De har råd med fungerande kontrollsystem, att utbilda sina anställda och att bygga upp välfungerande avdelningar för att bekämpa penningtvätt, skatteflykt och skattebrott. Men vinsten verkar ha varit viktigare än att bekämpa penningtvätt - ja, även viktigare än att bekämpa skatteflykt och skatteundandragande, som är en verksamhet som bankerna tjänat pengar på.</p><p>Folk har med rätta blivit rejält förbenade. Vanligt folk blir grundligt förhörda om man kommer in med kontanter och vill sätta in dem eller växla pengar, medan illegal verksamhet verkar ha passerat med lätthet år ut och år in.</p><p>Vi förväntade oss att regeringen skulle bjuda in till partiöverskridande samtal om hur vi skulle kunna agera tillsammans för att förhindra framtida penningtvätt och om vilka initiativ som behövde tas, vilka lagar som behövde ändras och vilka resurser som behövde tillföras. Men trots flera påstötningar från Vänsterpartiet men också från Kristdemokraterna, Centerpartiet och Moderaterna agerade inte regeringen.</p><p>Regeringen konstaterade att regelverk redan ändrats, att man träffat Swedbanks ledning och Finansinspektionen och att man jobbade på med EU:s direktiv om penningtvätt. Det var väl bra, men det var inte tillräckligt.</p><p>Regeringen tyckte också att de bötesnivåer som fanns nog var tillräckliga trots att det högsta bötesbeloppet som Swedbank kan dömas till är lika stort som bankens vinst för ett kvartal.</p><p>Därför är det mycket bra att ett enigt utskott nu tar ett gemensamt initiativ som utgår från vårt och Kristdemokraternas. Nu ska en utredning tillsättas, och det skyndsamt, i syfte att stärka arbetet mot penningtvätt. Utredningen ges utrymme att komma med förslag till regeländringar och skärpningar av sanktioner samt övriga ändringar som kan behöva genomföras.</p><p>Det som tas upp är bland annat Finansinspektionens kompetensförsörjning och om sanktionsmöjligheterna och tillsynsavgifterna är tillräckliga. Man ska också se över myndigheternas befogenheter i förhållande till bankerna. Det kan handla om sådant som informationsutbyte. Även myndighetsstrukturen behöver ses över, liksom ansvarsfördelningen. Det finns ganska mycket att säga om det, men det tror jag att vi väntar med till en annan gång.</p><p>Vänsterpartiets och Kristdemokraternas utskottsinitiativ om penningtvätt var säkert oväntat för många. Men vi hade många förslag som var gemensamma, och det bar frukt. Vårt initiativ lade frågan om penningtvätt mitt på finansutskottets bord. I dag har vi glädjande nog ett enigt utskottsinitiativ från finansutskottet. Det är både viktigt och bra att det blev så. Vi vill ju inte ha några fler avslöjanden om bankers penningtvätt.</p><p>Till Jakob Forssmed vill jag rikta ett särskilt tack för bra samarbete.</p><p> STYLEREF Kantrubrik \\* MERGEFORMAT Stärkta åtgärder mot penningtvätt</p><p>Till er på läktaren och till er alla runt om i landet som väntar på nästa debatt vill jag säga stort tack för att ni varje dag står upp för människovärdet. Det kan inte med ord beskrivas vilken betydelse det har. Tack ska ni ha! Ni är värda den största applåd som finns.</p><p>(Applåder)</p>","anf_beteckning":"2018/19:107-82","anf_nummer":"82","talare":"Ulla Andersson (V)","intressent_id":"0628190530410","parti":"V","anf_rm":"2018/19"},{"video_id":"1100190618441073522","video_url":"1100190618441073522#pos=944","startpos":"944","tumnagel":["","//mhdownload.riksdagen.se/riksdagen/unrestricted/thumb/1100190618441073522_mid.jpg"],"tumnagel_stor":"//mhdownload.riksdagen.se/riksdagen/unrestricted/thumb/1100190618441073522_high.jpg","anf_video_id":"1100190618441074422","anf_hangar_id":"5036821","anf_sekunder":"389","anf_klockslag":"11:44","datumtid":"2019-06-18 11:44:59","anf_datum":"2019-06-18 00:00:00","anf_typ":"ap","anf_text":"<p>Fru talman! Vad gör de egentligen på banken efter klockan tre? Frågan har ställts på sin spets rejält den senaste tiden.</p><p>Det är oerhört viktigt att kunder men också medborgare känner förtroende för bankerna och den verksamhet de bedriver. Bankerna är det viktigaste i det finansiella blodomloppet och centrala för stabiliteten i ett samhälle.</p><p>Denna uppgift gör dem till viktiga institutioner som på olika sätt skyddas från kollaps av det offentliga - av staten om man så vill. Annars skulle det finnas risk att miljontals kunder fick se sina pengar förlorade. Risken skulle också vara stor att fler banker drogs med i en enskild banks kollaps, vilket i värsta fall skulle kunna leda till en fullskalig finansiell kris.</p><p>Enskilda och företag är helt beroende av bankerna för vårt finansiella system - för våra pensioner och löner, vårt sparande och våra bostadslån, krediter, investeringar och affärer.</p><p>Banker och finansiella företag åtnjuter en särskild position med vilken det följer ett särskilt ansvar. Därför måste det också finnas tydliga regler som bankerna måste följa och utställda garantier från staten som bidrar till stabilitet.</p><p>Det är därför viktigt för hela samhället att bankerna agerar så att förtroendet för dem upprätthålls. Men bankväsendet är i förtroendekris efter upprepade misstankar om penningtvätt och lätt eller svårt ljusskygg verksamhet i utländska filialer. Därtill har bankerna - i alla fall vissa - visat oförmåga att hantera dessa misstankar på ett transparent, ansvarsfullt och förtroendeskapande sätt.</p><p>Fru talman! Penningtvätt är mycket allvarligt. Det underlättar kriminalitet och finansierar brottslighet. Det kan också finansiera terrorism.</p><p>För att bättre kunna stoppa penningtvätt och återskapa förtroendet för banksektorn presenterade jag i våras några förslag om hur man kan agera mot penningtvätt genom att stärka Finansinspektionens funktionssätt, mandat och styrka, finansierat av höjda tillsynsavgifter, så att vi bättre kan kontrollera att bankerna lever upp till högt ställda krav. Det är också bra för bankerna. Det stärker grunden och förtroendet för dem och deras möjligheter att bedriva sin verksamhet. Vi måste helt enkelt bygga en starkare finansinspektion - och bankerna ska betala för den.</p><p>IMF påpekar i en rapport från 2017 att Finansinspektionen inte har tillräckliga resurser för att kunna sköta tillsynen på ett tillfredsställande sätt. Vi måste också se över inspektionens befogenheter och i vilka skeden den ska kunna agera. Det måste gå att agera tidigt när en bank hamnar i ett läge där förtroendet är på upphällningen.</p><p>Därtill måste det internationella samarbetet öka och förbättras, personalomsättningen minska och kompetensförsörjningen stärkas kraftigt.</p><p>Inom just penningtvättsavdelningen på Finansinspektionen lämnade mellan sommaren 2017 och hösten 2018 sex av de sju anställda experterna avdelningen för andra jobb eller tjänstledighet. På den avdelningen, som alltså jobbar just med penningtvätt, motsvarar det en personalomsättning på 85 procent.</p><p> STYLEREF Kantrubrik \\* MERGEFORMAT Stärkta åtgärder mot penningtvätt</p><p>Efter att jag hade pratat om en del tankar kring reformer och ytterligare tryck i fråga om att bekämpa penningtvätt hörde Ulla Andersson av sig till mig och föreslog att vi med vår gemensamma syn på en rad av dessa frågor skulle lägga fram ett förslag om ett utskottsinitiativ. Jag är glad för det, för det har lett till att vi i dag har ett enigt utskott som faktiskt gör detta.</p><p>Vi konstaterade gemensamt, jag och Ulla Andersson, att regeringen inte hade gjort tillräckligt. Man hade utlovat en haverikommission mot penningtvätt. Någon sådan kom inte på plats. Det var ett högt tonläge mot bankerna, och statsråd lovade att agera tufft och resolut. Men det kom inte på plats på det sätt som vi menar krävs.</p><p>Vi konstaterade också att Finansinspektionen var för svag i förhållande till bankerna och att det måste utredas hur Finansinspektionens storlek och muskler kan förstärkas, hur kompetensförsörjningen kan fungera bättre och hur personalomsättningen kan minska.</p><p>Vi måste också se över sanktionsmöjligheterna mot bankerna. Vi måste se över informationsspridning och informationsgivning mellan myndigheter och till bankerna, så att också de kan samarbeta bättre när det gäller penningtvätt.</p><p>I dag är det en lång rad myndigheter som hanterar frågan om penningtvätt. Vi måste se över om den myndighetsstruktur vi i dag har är den mest effektiva.</p><p>Nu har ett enigt utskott tagit ställning i linje med vårt förslag. Det är mycket bra. Det finns en bred enighet och samsyn kring ett förstärkt arbete när det gäller penningtvätt. Utskottet kräver nu gemensamt att regeringen skyndsamt utreder Finansinspektionens kapacitet att bedriva effektiv tillsyn inklusive kompetensförsörjning, avgifter och sanktionsmöjligheter.</p><p>Även befogenheterna i förhållande till bankerna behöver ses över. Det gäller även bankernas befogenheter i förhållande till sina kunder och möjligheten att utbyta information mellan myndigheter och banker. Myndigheterna måste också bli bättre på att återkoppla till bankerna när de rapporterar misstänkta fall av penningtvätt. Hur gick det sedan? Hur agerade myndigheten? Det kommer att krävas ett omfattande samarbete med bankerna. Då är det viktigt att myndigheterna ser till att bankerna får återkoppling om vad som händer när man anmäler misstänkt penningtvätt.</p><p>Det här är mycket bra. När regeringen är passiv ska riksdagen agera. Nu sker det tack vare Kristdemokraternas och Vänsterpartiets gemensamma förslag. Det kommer att bidra till ett bättre arbete mot penningtvätt. Det är viktigt både i sak och för att stärka förtroendet för bankerna och det finansiella systemet. Kunder och medborgare ska kunna känna sig trygga med vad som sker i banken efter klockan tre.</p><p>(Applåder)</p><p>Överläggningen var härmed avslutad.</p><p>(Beslut fattades under § 18.)</p>","anf_beteckning":"2018/19:107-83","anf_nummer":"83","talare":"Jakob Forssmed (KD)","intressent_id":"0982795248728","parti":"KD","anf_rm":"2018/19"}]}}}