{"dokumentstatus":{"dokument":{"hangar_id":"5010941","dok_id":"H601AU5","rm":"2018/19","beteckning":"AU5","typ":"bet","subtyp":"bet","doktyp":"bet","typrubrik":"Betänkande 2018/19:AU5","dokumentnamn":"Betänkande","debattnamn":"Debatt om förslag","tempbeteckning":"","organ":"AU","mottagare":"","nummer":"5","slutnummer":"0","datum":"2019-02-21 00:00:00","systemdatum":"2019-03-26 17:10:02","publicerad":"2018-11-28 13:35:24","titel":"Riksrevisionens rapport om uppföljning av deltagare i Förberedande och orienterande utbildning inom etableringsuppdraget","subtitel":"","status":"Webbpublicering","htmlformat":"html","relaterat_id":"","source":"RIM","sourceid":"8780aa5e-e05f-4712-8ab9-ba7c2fa03136","dokument_url_text":"http://data.riksdagen.se/dokument/H601AU5/text","dokument_url_html":"http://data.riksdagen.se/dokument/H601AU5","dokumentstatus_url_xml":"http://data.riksdagen.se/dokumentstatus/H601AU5","utskottsforslag_url_xml":"http://data.riksdagen.se/utskottsforslag/H601AU5","html":"<style><!--\r\n .w600px{width: 600px;font-family:Verdana, Geneva, sans-serif}\r\nh2.dtyp{font-size:1.5em !important;} \r\n/********************************************************************************************************/\r\n/* Styles for D:\\Logs\\DocumentConverter\\\\Output_28195241-216c-4d38-9dba-1d0925db4b8b\\HTML\\Dokument.html */\r\n/* Generated by Aspose.Words for .NET 15.3.0.0                                                          */\r\n/********************************************************************************************************/\r\n\r\n@page Section1 { size:467.8pt 686.05pt; margin:45.35pt 102.05pt 73.7pt 70.85pt }\r\ndiv.Section1 { page:Section1 }\r\nzbody { text-align:justify; line-height:12.5pt; font-family:'Verdana'; font-size:9.5pt }\r\nzh1, h2, h3, h4, h5, h6, p { margin:3.1pt 0pt 0pt }\r\nzli, table { margin-top:3.1pt; margin-bottom:0pt }\r\nzh1 { margin-top:3.1pt; margin-bottom:12pt; text-align:left; page-break-after:avoid; line-height:12.5pt; font-family:'Verdana'; font-size:16pt; font-weight:normal }\r\nzh2 { margin-top:20pt; margin-bottom:6pt; text-align:left; page-break-inside:avoid; page-break-after:avoid; line-height:12.5pt; font-family:'Verdana'; font-size:13.5pt; font-weight:normal }\r\nzh3 { margin-top:20pt; margin-bottom:3.1pt; text-align:left; page-break-inside:avoid; page-break-after:avoid; line-height:12.5pt; font-family:'Verdana'; font-size:10.5pt; font-weight:bold }\r\nzh4 { margin-top:15pt; margin-bottom:3.1pt; text-align:left; page-break-inside:avoid; page-break-after:avoid; line-height:12.5pt; font-family:'Verdana'; font-size:10.5pt; font-weight:normal; font-style:italic; color:#000000 }\r\nzh5 { margin-top:6.25pt; margin-bottom:0pt; text-align:justify; page-break-inside:avoid; page-break-after:avoid; line-height:12.5pt; font-family:'Verdana'; font-size:9.5pt; font-weight:bold }\r\nzh6 { margin-top:6.25pt; margin-bottom:0pt; text-align:justify; page-break-inside:avoid; page-break-after:avoid; line-height:12.5pt; font-family:'Verdana'; font-size:9.5pt; font-weight:normal; font-style:italic; color:#000000 }\r\n.Heading7 { margin-top:2pt; margin-bottom:0pt; text-align:justify; page-break-inside:avoid; page-break-after:avoid; line-height:12.5pt; font-family:'Verdana'; font-size:9.5pt; font-weight:normal; font-style:italic; color:#243f60 }\r\n.Heading8 { margin-top:2pt; margin-bottom:0pt; text-align:justify; page-break-inside:avoid; page-break-after:avoid; line-height:12.5pt; font-family:'Verdana'; font-size:9pt; font-weight:normal; color:#272727 }\r\n.Heading9 { margin-top:2pt; margin-bottom:0pt; text-align:justify; page-break-inside:avoid; page-break-after:avoid; line-height:12.5pt; font-family:'Verdana'; font-size:9pt; font-weight:normal; font-style:italic; color:#272727 }\r\n.Avsnittsrubrik { margin-top:0pt; margin-bottom:27.7pt; text-align:left; page-break-before:always; page-break-after:avoid; line-height:normal; font-family:'Verdana'; font-size:16pt }\r\n.Avvikandemeningrubrik { margin-top:0pt; margin-bottom:3.1pt; text-align:left; page-break-inside:avoid; page-break-after:avoid; line-height:12.5pt; font-family:'Verdana'; font-size:10.5pt; font-weight:bold }\r\n.BalloonText { margin-top:3.1pt; margin-bottom:0pt; text-align:justify; line-height:normal; font-family:Tahoma; font-size:8pt }\r\n.Bilaga { margin-top:0pt; margin-bottom:0pt; text-align:left; page-break-before:always; page-break-after:avoid; line-height:normal; widows:0; orphans:0; font-family:'Verdana'; font-size:8pt; font-variant:small-caps; text-decoration:underline }\r\n.Bilagerubrik { margin-top:0pt; margin-bottom:17.7pt; text-align:left; page-break-after:auto; line-height:normal; widows:0; orphans:0; font-family:'Verdana'; font-size:16pt }\r\n.Bild-Rubrik { margin-top:8pt; margin-bottom:0pt; text-align:justify; page-break-inside:avoid; page-break-after:avoid; line-height:10pt; font-family:'Verdana'; font-size:9.5pt; font-weight:bold }\r\n.Bild-Underrubrik { margin-top:0pt; margin-bottom:1pt; text-align:left; page-break-inside:avoid; page-break-after:avoid; line-height:8pt; font-family:'Verdana'; font-size:8pt; font-weight:normal; font-style:italic }\r\n.BodyText { margin-top:3.1pt; margin-bottom:0pt; text-align:left; line-height:12.5pt; font-family:'Verdana'; font-size:9.5pt }\r\n.BodyTextIndent2 { margin-top:3.1pt; margin-left:14.15pt; margin-bottom:6pt; text-align:justify; line-height:200%; font-family:'Verdana'; font-size:9.5pt }\r\n.Citatindrag { margin-top:0pt; margin-left:14.2pt; margin-bottom:6.1pt; text-indent:14.2pt; text-align:justify; line-height:10pt; font-family:'Verdana'; font-size:9.5pt }\r\n.CommentText { margin-top:3.1pt; margin-bottom:0pt; text-align:justify; line-height:normal; font-family:'Verdana'; font-size:10pt }\r\n.Deltagare { margin-top:0pt; margin-bottom:0pt; text-align:justify; page-break-inside:avoid; page-break-after:avoid; line-height:9.5pt; font-family:'Verdana'; font-size:9.5pt }\r\n.Diagram-Rubrik { margin-top:8pt; margin-bottom:0pt; text-align:justify; page-break-inside:avoid; page-break-after:avoid; line-height:10pt; font-family:'Verdana'; font-size:9.5pt; font-weight:bold }\r\n.Diagram-Underrubrik { margin-top:0pt; margin-bottom:1pt; text-align:left; page-break-inside:avoid; page-break-after:avoid; line-height:8pt; font-family:'Verdana'; font-size:8pt; font-weight:normal; font-style:italic }\r\n.DokumentRubrik { margin-top:6pt; margin-bottom:24pt; text-align:left; line-height:normal; border-bottom-style:solid; border-bottom-width:0.75pt; border-bottom-color:#000000; padding-bottom:4pt; font-family:'Verdana'; font-size:18pt }\r\n.Dokumentbeteckning { margin-top:0pt; margin-bottom:0pt; text-align:left; page-break-inside:avoid; page-break-after:avoid; line-height:12.5pt; font-family:'Verdana'; font-size:16pt }\r\n.Footer { margin-top:3.1pt; margin-bottom:0pt; text-align:justify; line-height:normal; font-family:'Verdana'; font-size:9.5pt }\r\n.FootnoteText { margin-top:0pt; margin-bottom:0pt; text-align:justify; line-height:8pt; font-family:'Verdana'; font-size:8pt }\r\n.Fotnotstextindrag { margin-top:0pt; margin-left:5.65pt; margin-bottom:0pt; text-align:left; line-height:8pt; font-family:'Verdana'; font-size:8pt }\r\n.Frslagspunkt { margin-top:0pt; margin-bottom:0pt; text-align:left; page-break-inside:avoid; page-break-after:avoid; line-height:12.5pt; font-family:'Verdana'; font-size:9.5pt; font-weight:bold }\r\n.Frslagstext { margin-top:0pt; margin-bottom:0pt; text-align:justify; line-height:12.5pt; font-family:'Verdana'; font-size:9.5pt }\r\n.Frteckningsrubrik { margin-top:9.6pt; margin-bottom:3.1pt; text-align:left; page-break-inside:avoid; page-break-after:avoid; line-height:normal; font-family:'Verdana'; font-size:9.5pt; font-weight:normal; font-style:italic; color:#000000 }\r\n.Grupprubrik { margin-top:6pt; margin-bottom:0pt; text-align:left; page-break-inside:avoid; page-break-after:avoid; line-height:12.5pt; font-family:'Verdana'; font-size:9.5pt; font-style:italic }\r\n.Grupprubrikindrag { margin-top:6pt; margin-left:22.1pt; margin-bottom:0pt; text-align:left; page-break-inside:avoid; page-break-after:avoid; line-height:12.5pt; font-family:'Verdana'; font-size:9.5pt; font-style:italic }\r\n.Header { margin-top:0pt; margin-bottom:0pt; text-align:justify; line-height:normal; font-family:'Verdana'; font-size:7.5pt; font-variant:small-caps }\r\n.Innehllsfrteckning { margin-top:0pt; margin-bottom:17.7pt; text-align:left; page-break-before:always; page-break-after:auto; line-height:normal; font-family:'Verdana'; font-size:16pt }\r\n.Kantrubrik { margin-top:0pt; margin-bottom:0pt; text-align:justify; line-height:normal; font-family:'Verdana'; font-size:7.5pt }\r\n.ListBullet { margin-top:6.25pt; margin-left:17.85pt; margin-bottom:6.25pt; text-indent:-17.85pt; text-align:justify; line-height:12.5pt; font-family:'Verdana'; font-size:9.5pt }\r\n.ListParagraph { margin-top:3.1pt; margin-left:28.35pt; margin-bottom:0pt; text-align:justify; line-height:12.5pt; font-family:'Verdana'; font-size:9.5pt }\r\n.Litentext { margin-top:0pt; margin-bottom:0pt; text-align:justify; line-height:normal; font-family:'Verdana'; font-size:8pt }\r\n.Mellanrubrik { margin-top:11pt; margin-bottom:3.1pt; text-align:left; page-break-after:avoid; line-height:12.5pt; font-family:'Verdana'; font-size:9.5pt; font-style:italic }\r\n.Mellanrum { margin-top:0pt; margin-bottom:0pt; text-align:left; page-break-before:auto; page-break-after:auto; line-height:1pt; widows:0; orphans:0; font-family:'Verdana'; font-size:1pt; font-variant:small-caps; text-decoration:none; color:#ffffff }\r\n.NormalIndent { margin-top:0pt; margin-bottom:0pt; text-indent:11.35pt; text-align:justify; line-height:12.5pt; font-family:'Verdana'; font-size:9.5pt }\r\n.Normalinskjuten { margin-top:0pt; margin-left:22.1pt; margin-bottom:0pt; text-align:justify; line-height:12.5pt; font-family:'Verdana'; font-size:9.5pt }\r\n.Normalinskjutenindrag { margin-top:0pt; margin-left:22.1pt; margin-bottom:0pt; text-indent:11.35pt; text-align:justify; line-height:12.5pt; font-family:'Verdana'; font-size:9.5pt }\r\n.Normalinskjutenkursiv { margin-top:6pt; margin-bottom:0pt; line-height:normal; font-family:'Verdana'; font-size:10pt; font-style:italic }\r\n.Normalkursiv { margin-top:3.1pt; margin-bottom:0pt; text-align:left; line-height:12.5pt; font-family:'Verdana'; font-size:9.5pt; font-style:italic }\r\n.Normalruta { margin:3.1pt 5.65pt 0pt; text-align:justify; page-break-inside:avoid; page-break-after:avoid; line-height:12.5pt; border-top-style:solid; border-top-width:0.75pt; border-top-color:#000000; border-right-style:solid; border-right-width:0.75pt; border-right-color:#000000; border-left-style:solid; border-left-width:0.75pt; border-left-color:#000000; border-bottom-style:solid; border-bottom-width:0.75pt; border-bottom-color:#000000; padding-top:4pt; padding-right:4pt; padding-left:4pt; padding-bottom:4pt; font-family:'Verdana'; font-size:10.5pt }\r\n.Normalrutafet { margin:3.1pt 5.65pt 0pt; text-align:justify; page-break-inside:avoid; page-break-after:avoid; line-height:12.5pt; border-top-style:solid; border-top-width:0.75pt; border-top-color:#000000; border-right-style:solid; border-right-width:0.75pt; border-right-color:#000000; border-left-style:solid; border-left-width:0.75pt; border-left-color:#000000; border-bottom-style:solid; border-bottom-width:0.75pt; border-bottom-color:#000000; padding-top:4pt; padding-right:4pt; padding-left:4pt; padding-bottom:4pt; font-family:'Verdana'; font-size:10.5pt; font-weight:bold }\r\n.Normalrutaindrag { margin:0pt 5.65pt; text-indent:11.35pt; text-align:justify; page-break-inside:avoid; page-break-after:avoid; line-height:12.5pt; border-top-style:solid; border-top-width:0.75pt; border-top-color:#000000; border-right-style:solid; border-right-width:0.75pt; border-right-color:#000000; border-left-style:solid; border-left-width:0.75pt; border-left-color:#000000; border-bottom-style:solid; border-bottom-width:0.75pt; border-bottom-color:#000000; padding-top:4pt; padding-right:4pt; padding-left:4pt; padding-bottom:4pt; font-family:'Verdana'; font-size:10.5pt }\r\n.Normalutanluftfre { margin-top:0pt; margin-bottom:0pt; text-align:justify; line-height:12.5pt; font-family:'Verdana'; font-size:9.5pt }\r\n.NormalNoll { margin-top:0pt; margin-bottom:3.1pt; text-align:left; line-height:12.5pt; font-family:'Verdana'; font-size:10.5pt; font-weight:bold }\r\n.NumlistaTOC { margin:3.1pt 28.35pt 0pt 0pt; text-indent:0pt; text-align:left; line-height:normal; font-family:'Verdana'; font-size:9.5pt }\r\n.Ordfranden { margin-top:3.1pt; margin-bottom:22pt; text-align:left; page-break-inside:avoid; page-break-after:avoid; line-height:normal; font-family:'Verdana'; font-size:9.5pt; font-style:italic }\r\n.OrtochDatum { margin-top:18pt; margin-bottom:18pt; text-align:left; page-break-inside:avoid; page-break-after:avoid; line-height:normal; font-family:'Verdana'; font-size:9.5pt }\r\n.Punktlistabomb { margin-top:6.25pt; margin-left:14.2pt; margin-bottom:6.25pt; text-indent:-14.2pt; text-align:justify; line-height:12.5pt; font-family:'Verdana'; font-size:9.5pt }\r\n.Punktlistagemener { margin-top:6.25pt; margin-left:14.2pt; margin-bottom:6.25pt; text-indent:-14.2pt; text-align:justify; line-height:12.5pt; font-family:'Verdana'; font-size:9.5pt }\r\n.Punktlistalinje { margin-top:6.25pt; margin-left:14.2pt; margin-bottom:6.25pt; text-indent:-14.2pt; text-align:justify; line-height:12.5pt; font-family:'Verdana'; font-size:9.5pt }\r\n.Punktlistasiffra { margin-top:6.25pt; margin-left:14.2pt; margin-bottom:6.25pt; text-indent:-14.2pt; text-align:justify; line-height:12.5pt; font-family:'Verdana'; font-size:9.5pt }\r\n.PVgnar { margin-top:3.1pt; margin-bottom:26pt; text-align:left; page-break-inside:avoid; page-break-after:avoid; line-height:normal; font-family:'Verdana'; font-size:9.5pt }\r\n.Quote { margin-top:6.1pt; margin-left:14.2pt; margin-bottom:0pt; text-align:justify; line-height:10pt; font-family:'Verdana'; font-size:9.5pt }\r\n.R1 { margin-top:3.1pt; margin-bottom:12pt; text-align:left; page-break-after:avoid; line-height:12.5pt; font-family:'Verdana'; font-size:16pt }\r\n.R1bilaga { margin-top:3.1pt; margin-bottom:12pt; text-align:left; page-break-after:auto; line-height:12.5pt; font-family:'Verdana'; font-size:16pt }\r\n.R2 { margin-top:20pt; margin-bottom:6pt; text-align:left; page-break-inside:avoid; page-break-after:avoid; line-height:12.5pt; font-family:'Verdana'; font-size:13.5pt }\r\n.R3 { margin-top:20pt; margin-bottom:3.1pt; text-align:left; page-break-inside:avoid; page-break-after:avoid; line-height:12.5pt; font-family:'Verdana'; font-size:10.5pt; font-weight:bold }\r\n.R4 { margin-top:15pt; margin-bottom:3.1pt; text-align:left; page-break-inside:avoid; page-break-after:avoid; line-height:12.5pt; font-family:'Verdana'; font-size:10.5pt; font-weight:normal; font-style:italic; color:#000000 }\r\n.R5 { margin-top:6.25pt; margin-bottom:0pt; text-align:justify; page-break-inside:avoid; page-break-after:avoid; line-height:12.5pt; font-family:'Verdana'; font-size:9.5pt; font-weight:bold }\r\n.R6 { margin-top:6.25pt; margin-bottom:0pt; text-align:justify; page-break-inside:avoid; page-break-after:avoid; line-height:12.5pt; font-family:'Verdana'; font-size:9.5pt; font-weight:normal; font-style:italic; color:#000000 }\r\n.Reservationshnvisning { margin-top:0pt; margin-bottom:8pt; text-align:right; line-height:12.5pt; font-family:'Verdana'; font-size:9.5pt; font-style:italic }\r\n.Reservationsrubrik { margin-top:0pt; margin-bottom:3.1pt; text-align:left; page-break-inside:avoid; page-break-after:avoid; line-height:12.5pt; font-family:'Verdana'; font-size:10.5pt; font-weight:bold }\r\n.Rubrik1Dokumentinformation { margin-top:0pt; margin-bottom:0pt; text-align:left; page-break-inside:avoid; page-break-after:avoid; line-height:12.5pt; font-family:'Verdana'; font-size:16pt }\r\n.Rubrik1bilaga { margin-top:0pt; margin-bottom:27.7pt; text-align:left; page-break-after:auto; line-height:12.5pt; font-family:'Verdana'; font-size:16pt }\r\n.Rubrik1medsidhuvud { margin-top:3.1pt; margin-bottom:12pt; text-align:left; page-break-before:always; page-break-after:avoid; line-height:12.5pt; font-family:'Verdana'; font-size:16pt }\r\n.Rubrik1numrerat { margin-top:3.1pt; margin-left:0pt; margin-bottom:12pt; text-indent:0pt; text-align:left; page-break-after:avoid; line-height:12.5pt; font-family:'Verdana'; font-size:16pt }\r\n.Rubrik1numreratmedsidhuvud { margin-top:0pt; margin-left:0pt; margin-bottom:16pt; text-indent:0pt; text-align:left; page-break-before:always; page-break-after:avoid; line-height:normal; font-family:'Verdana'; font-size:16pt }\r\n.Rubrik2bilaga { margin-top:20pt; margin-bottom:6pt; text-align:left; page-break-inside:avoid; page-break-after:avoid; line-height:12.5pt; font-family:'Verdana'; font-size:13.5pt }\r\n.Rubrik2numrerat { margin-top:20pt; margin-left:0pt; margin-bottom:6pt; text-indent:0pt; text-align:left; page-break-inside:avoid; page-break-after:avoid; line-height:12.5pt; font-family:'Verdana'; font-size:13.5pt }\r\n.Rubrik3numrerat { margin-top:20pt; margin-left:0pt; margin-bottom:3.1pt; text-indent:0pt; text-align:left; page-break-inside:avoid; page-break-after:avoid; line-height:12.5pt; font-family:'Verdana'; font-size:10.5pt; font-weight:bold }\r\n.Sammanfattning { margin-top:3.1pt; margin-bottom:12pt; text-align:left; page-break-after:auto; line-height:12.5pt; font-family:'Verdana'; font-size:16pt }\r\n.Sidhuvudhgerstlld { margin-top:0pt; margin-bottom:0pt; text-align:right; line-height:normal; font-family:'Verdana'; font-size:7.5pt; font-variant:small-caps }\r\n.Sidhuvudvnsterstlld { margin-top:0pt; margin-bottom:0pt; text-align:left; line-height:normal; font-family:'Verdana'; font-size:7.5pt; font-variant:small-caps }\r\n.Stdrubrik { margin-top:12pt; margin-bottom:0pt; line-height:12pt; font-family:'Verdana'; font-size:9.5pt; font-weight:bold }\r\n.Srskiltyttranderubrik { margin-top:0pt; margin-bottom:3.1pt; text-align:left; page-break-inside:avoid; page-break-after:avoid; line-height:12.5pt; font-family:'Verdana'; font-size:10.5pt; font-weight:bold }\r\n.TOC1 { margin-top:0pt; margin-right:28.35pt; margin-bottom:0pt; text-align:left; line-height:normal; font-family:'Verdana'; font-size:9.5pt }\r\n.TOC2 { margin:0pt 28.35pt 0pt 5.65pt; text-align:left; line-height:normal; font-family:'Verdana'; font-size:9.5pt }\r\n.TOC3 { margin:0pt 28.35pt 0pt 11.35pt; text-align:left; line-height:normal; font-family:'Verdana'; font-size:9.5pt }\r\n.TOC4 { margin:0pt 28.35pt 0pt 17pt; text-align:left; line-height:normal; font-family:'Verdana'; font-size:9.5pt }\r\n.TOC5 { margin:0pt 28.35pt 0pt 22.7pt; text-align:left; line-height:normal; font-family:'Verdana'; font-size:9.5pt }\r\n.TOC6 { margin-top:0pt; margin-left:47.65pt; margin-bottom:0pt; text-align:left; line-height:normal; font-family:'Verdana'; font-size:9.5pt }\r\n.TOC7 { margin-top:0pt; margin-right:28.35pt; margin-bottom:0pt; text-align:left; line-height:normal; font-family:'Verdana'; font-size:9.5pt }\r\n.TOC8 { margin-top:0pt; margin-right:28.35pt; margin-bottom:0pt; text-align:left; line-height:normal; font-family:'Verdana'; font-size:9.5pt }\r\n.TOC9 { margin-top:0pt; margin-left:8.5pt; margin-bottom:0pt; text-align:left; line-height:normal; font-family:'Verdana'; font-size:9.5pt }\r\n.TOCHeading { margin-top:3.1pt; margin-bottom:9pt; text-align:left; page-break-before:always; page-break-inside:avoid; page-break-after:avoid; line-height:12.5pt; font-family:'Verdana'; font-size:16pt }\r\n.Tabell-Kolumnrubrik { margin-bottom:0pt; line-height:12pt; font-family:'Verdana'; font-size:8pt; font-weight:bold }\r\n.Tabell-Klla { margin-top:2pt; margin-bottom:0pt; line-height:8pt; font-family:'Verdana'; font-size:7pt }\r\n.Tabell-Radrubrik { margin-bottom:0pt; line-height:12pt; font-family:'Verdana'; font-size:8pt }\r\n.Tabell-Rubrik { margin-top:12pt; margin-bottom:3pt; text-align:left; page-break-inside:avoid; page-break-after:avoid; line-height:10pt; font-family:'Verdana'; font-size:9pt; font-weight:bold }\r\n.Tabell-Siffror { margin-bottom:0pt; text-align:right; line-height:12pt; font-family:'Verdana'; font-size:8pt }\r\n.Tabell-Text { margin-bottom:0pt; line-height:12pt; font-family:'Verdana'; font-size:8pt }\r\n.Tabell-Underrubrik { margin-top:0pt; margin-bottom:1pt; text-align:left; page-break-inside:avoid; page-break-after:avoid; line-height:8pt; font-family:'Verdana'; font-size:8pt; font-weight:normal; font-style:italic }\r\n.TableofFigures { margin-top:3.1pt; margin-bottom:0pt; text-align:justify; line-height:normal; font-family:'Verdana'; font-size:9.5pt }\r\n.TillX-utskottet { margin-top:0pt; margin-bottom:12pt; text-align:left; page-break-after:avoid; line-height:12.5pt; font-family:'Verdana'; font-size:16pt }\r\n.Title { margin-top:3.1pt; margin-bottom:1pt; text-align:left; line-height:12pt; font-family:'Verdana'; font-size:20pt; letter-spacing:-0.5pt }\r\n.Vapen { margin-top:0pt; margin-bottom:0pt; text-align:left; page-break-inside:avoid; page-break-after:avoid; line-height:12.5pt; font-family:'Verdana'; font-size:16pt }\r\n.Yrkandelista { margin-top:3.1pt; margin-left:28.35pt; margin-bottom:0pt; text-indent:-28.35pt; text-align:justify; line-height:12.5pt; font-family:'Verdana'; font-size:9.5pt }\r\n.YrkandelistaEtt { margin-top:3.1pt; margin-left:0pt; margin-bottom:0pt; text-indent:0pt; text-align:justify; line-height:12.5pt; font-family:'Verdana'; font-size:9.5pt }\r\nspan.BallongtextChar { font-family:Tahoma; font-size:8pt }\r\nspan.BilagaChar { font-family:'Verdana'; font-size:8pt; font-variant:small-caps; text-decoration:underline }\r\nspan.BrdtextChar { font-family:'Verdana'; font-size:9.5pt }\r\nspan.BrdtextChar1 { font-family:'Verdana'; font-size:9.5pt }\r\nspan.Brdtextmedindrag2Char { font-family:'Verdana'; font-size:9.5pt }\r\nspan.CitatChar { font-family:'Verdana'; font-size:9.5pt }\r\nspan.DokumentRubrikChar { font-family:'Verdana'; font-size:18pt }\r\nspan.FotnotstextChar { font-family:'Verdana'; font-size:8pt }\r\nspan.FotnotstextindragChar { font-family:'Verdana'; font-size:8pt }\r\nspan.FrslagspunktChar { font-family:'Verdana'; font-size:9.5pt; font-weight:bold; font-style:normal }\r\nspan.Hyperlink { text-decoration:none; color:#000000 }\r\nspan.KommentarerChar { font-family:'Verdana'; font-size:10pt }\r\nspan.NormalkursivChar { font-family:'Verdana'; font-size:9.5pt; font-style:italic }\r\nspan.NormaltindragChar { font-family:'Verdana'; font-size:9.5pt }\r\nspan.OrdfrandenChar { font-family:'Verdana'; font-size:9.5pt; font-style:italic }\r\nspan.OrtochDatumChar { font-family:'Verdana'; font-size:9.5pt }\r\nspan.PlaceholderText { color:#808080 }\r\nspan.PVgnarChar { font-family:'Verdana'; font-size:9.5pt }\r\nspan.ReservationshnvisningChar { font-family:'Verdana'; font-size:9.5pt; font-style:italic }\r\nspan.Rubrik1Char { font-family:'Verdana'; font-size:16pt }\r\nspan.Rubrik1DokumentinformationChar { font-family:'Verdana'; font-size:16pt }\r\nspan.Rubrik2Char { font-family:'Verdana'; font-size:13.5pt }\r\nspan.Rubrik3Char { font-family:'Verdana'; font-size:10.5pt; font-weight:bold }\r\nspan.Rubrik4Char { font-family:'Verdana'; font-size:10.5pt; font-style:italic; color:#000000 }\r\nspan.Rubrik5Char { font-family:'Verdana'; font-size:9.5pt; font-weight:bold }\r\nspan.Rubrik6Char { font-family:'Verdana'; font-size:9.5pt; font-style:italic; color:#000000 }\r\nspan.Rubrik7Char { font-family:'Verdana'; font-size:9.5pt; font-style:italic; color:#243f60 }\r\nspan.Rubrik8Char { font-family:'Verdana'; font-size:9pt; color:#272727 }\r\nspan.Rubrik9Char { font-family:'Verdana'; font-size:9pt; font-style:italic; color:#272727 }\r\nspan.RubrikChar { font-family:'Verdana'; font-size:20pt; letter-spacing:-0.5pt }\r\nspan.SidfotChar { font-family:'Verdana'; font-size:9.5pt }\r\nspan.SidhuvudChar { font-family:'Verdana'; font-size:7.5pt; font-variant:small-caps }\r\nspan.Tabell-Upphjttecken { font-family:'Verdana'; font-variant:normal; text-decoration:none; text-transform:none; vertical-align:super; display:inline }\r\nspan.VapenChar { font-family:'Verdana'; font-size:16pt }\r\nspan.tBilagaJA { color:#000000 }\r\nspan.tSidrubrikJA { color:#000000 }\r\n.TableGrid {  }\r\n--></style>\r\n\r\n\t\t<div class=\"Section1\">\r\n\t\t\t<table cellspacing=\"0\" cellpadding=\"0\" style=\"border-collapse:collapse; margin-left:0pt\">\r\n\t\t\t\t<tr style=\"height:79.4pt\">\r\n\t\t\t\t\t<td style=\"vertical-align:top; width:297.7pt\">\r\n\t\t\t\t\t\t<p class=\"Rubrik1Dokumentinformation\" style=\"margin-top:0pt; margin-bottom:0pt; text-align:left; page-break-inside:avoid; page-break-after:avoid; line-height:16pt\">\r\n\t\t\t\t\t\t\t<span style=\"font-family:'Verdana'; font-size:16pt; -aw-sdt-tag:ccUtskott; -aw-sdt-title:'utskottsnamn Dokumentegenskap'\">Arbetsmarknadsutskottet</span><span style=\"font-family:'Verdana'; font-size:16pt; -aw-sdt-tag:ccS; -aw-sdt-title:s\">s</span><span style=\"font-family:'Verdana'; font-size:16pt; -aw-sdt-tag:ccMellanslag; -aw-sdt-title:Mellanslag\"> </span><a name=\"Utlatande\"></a><span style=\"font-family:'Verdana'; font-size:16pt\">betänkande</span>\r\n\t\t\t\t\t\t</p>\r\n\t\t\t\t\t\t<p class=\"Dokumentbeteckning\" style=\"margin-top:0pt; margin-bottom:0pt; text-align:left; page-break-inside:avoid; page-break-after:avoid; line-height:16pt\">\r\n\t\t\t\t\t\t\t<span style=\"font-family:'Verdana'; font-size:16pt; -aw-sdt-tag:ccRiksmote; -aw-sdt-title:'riksmote Dokumentegenskap'\">2018/19</span><span style=\"font-family:'Verdana'; font-size:16pt; -aw-sdt-tag:ccKolon; -aw-sdt-title:Kolon\">:</span><a name=\"Utskottebeteckning\"></a><span style=\"font-family:'Verdana'; font-size:16pt\">AU5</span>\r\n\t\t\t\t\t\t</p>\r\n\t\t\t\t\t\t<p class=\"Rubrik1Dokumentinformation\" style=\"margin-top:0pt; margin-bottom:0pt; text-align:left; page-break-inside:avoid; page-break-after:avoid; line-height:16pt\">\r\n\t\t\t\t\t\t\t<span style=\"font-family:'Verdana'; font-size:16pt\"> </span>\r\n\t\t\t\t\t\t</p>\r\n\t\t\t\t\t</td>\r\n\t\t\t\t</tr>\r\n\t\t\t</table>\r\n\t\t\t<p class=\"DokumentRubrik\" style=\"-aw-sdt-tag:ccDokumentrubrik; -aw-sdt-title:'dokumentrubrik Dokumentegenskap'\">\r\n\t\t\t\t<span>Riksrevisionens rapport om uppföljning av deltagare i Förberedande och orienterande utbildning inom etableringsuppdraget</span>\r\n\t\t\t</p>\r\n\t\t\t<p class=\"Sammanfattning\">\r\n\t\t\t\t<span class=\"tSidrubrikJA\">Sammanfattning</span>\r\n\t\t\t</p>\r\n\t\t\t<p>\r\n\t\t\t\t<span>Utskottet</span><span> </span><span>föreslår att riksdagen </span><span>avslår de</span><span>n</span><span> motion som väckts med anledning av skrivelsen </span><span>och </span><span>lägger skrivelse</span><span>n</span><span> till handlingarna</span><span>.</span>\r\n\t\t\t</p>\r\n\t\t\t<p class=\"NormalIndent\">\r\n\t\t\t\t<span>Riksrevisionen har granskat Arbetsförmedlingens Förberedande och orienterande utbildning inom etableringsuppdraget</span><span> (RiR 2018:12)</span><span>.</span><span> Mot bakgrund</span><span> av</span><span> att </span><span>För</span><span>­</span><span>beredande och orienterande utbildning är en omfattande och kostsam insats och </span><span>att </span><span>majoriteten av deltagarna finns inom etablerings</span><span>­</span><span>uppdraget</span><span> gör</span><span> </span><span>Riks</span><span>­</span><span>revisionen </span><span>bedöm</span><span>ningen att det är </span><span>av stor vikt att så långt som möjligt följa upp hur det går för deltagarna.</span><span> </span><span>Riksrevisionen </span><span>lämnar inga rekommendationer, men hänvisar däremot till tidigare rekommendationer</span><span> till Arbetsförmedlingen, bl.a. om att skapa bättre förutsättningar för </span><span>att kunna </span><span>utvärder</span><span>a</span><span> </span><span>Förberedande och orienterande utbildning</span><span>.</span>\r\n\t\t\t</p>\r\n\t\t\t<p class=\"NormalIndent\">\r\n\t\t\t\t<span>Utskottet anser </span><span>liksom regeringen </span><span>att </span><span>g</span><span>ranskning</span><span>en</span><span> är ett viktigt bidrag till den samlade kunskapen om de arbetsmarknadspolitiska insatserna.</span>\r\n\t\t\t</p>\r\n\t\t\t<p class=\"NormalIndent\">\r\n\t\t\t\t<span>I betänkandet finns en reservation (</span><span>V</span><span>).</span>\r\n\t\t\t</p>\r\n\t\t\t<p class=\"R4\">\r\n\t\t\t\t<span>Behandlade förslag</span>\r\n\t\t\t</p>\r\n\t\t\t<p>\r\n\t\t\t\t<span>Skrivelse 2018/19:13 Riksrevisionens rapport om uppföljning av deltagare i </span><span>F</span><span>örberedande och orienterande utbildning inom etableringsuppdraget</span><span>.</span>\r\n\t\t\t</p>\r\n\t\t\t<p>\r\n\t\t\t\t<span>Ett yrkande i en följdmotion.</span>\r\n\t\t\t</p>\r\n\t\t\t<p class=\"Innehllsfrteckning\">\r\n\t\t\t\t<a name=\"Innehållsförteckning\"></a><span class=\"tSidrubrikJA\">Innehållsförteckning</span>\r\n\t\t\t</p>\r\n\t\t\t<p class=\"TOC1\">\r\n\t\t\t\t<a style=\"color:#000000\" href=\"#_Toc1634932\"><span class=\"Hyperlink\">Utskottets förslag till riksdagsbeslut</span></a>\r\n\t\t\t</p>\r\n\t\t\t<p class=\"TOC1\">\r\n\t\t\t\t<a style=\"color:#000000\" href=\"#_Toc1634933\"><span class=\"Hyperlink\">Redogörelse för ärendet</span></a>\r\n\t\t\t</p>\r\n\t\t\t<p class=\"TOC1\">\r\n\t\t\t\t<a style=\"color:#000000\" href=\"#_Toc1634934\"><span class=\"Hyperlink\">Utskottets överväganden</span></a>\r\n\t\t\t</p>\r\n\t\t\t<p class=\"TOC2\">\r\n\t\t\t\t<a style=\"color:#000000\" href=\"#_Toc1634935\"><span class=\"Hyperlink\">Riksrevisionens rapport om uppföljning av deltagare i Förberedande och orienterande utbildning inom etableringsuppdraget</span></a>\r\n\t\t\t</p>\r\n\t\t\t<p class=\"TOC1\">\r\n\t\t\t\t<a style=\"color:#000000\" href=\"#_Toc1634936\"><span class=\"Hyperlink\">Reservation</span></a>\r\n\t\t\t</p>\r\n\t\t\t<p class=\"TOC6\" style=\"margin-right:17pt; margin-left:5.65pt\">\r\n\t\t\t\t<a style=\"color:#000000\" href=\"#_Toc1634937\"><span class=\"Hyperlink\">Riksrevisionens rapport om uppföljning av deltagare i Förberedande och orienterande utbildning inom etableringsuppdraget (V)</span></a>\r\n\t\t\t</p>\r\n\t\t\t<p class=\"TOC8\">\r\n\t\t\t\t<span class=\"Hyperlink\" style=\"font-style:italic\">Bilaga</span><br /><a style=\"color:#000000\" href=\"#_Toc1634938\"><span class=\"Hyperlink\">Förteckning över behandlade förslag</span></a>\r\n\t\t\t</p>\r\n\t\t\t<p class=\"TOC9\">\r\n\t\t\t\t<a style=\"color:#000000\" href=\"#_Toc1634939\"><span class=\"Hyperlink\">Skrivelsen</span></a>\r\n\t\t\t</p>\r\n\t\t\t<p class=\"TOC9\">\r\n\t\t\t\t<a style=\"color:#000000\" href=\"#_Toc1634940\"><span class=\"Hyperlink\">Följdmotionen</span></a>\r\n\t\t\t</p>\r\n\t\t\t<p>\r\n\t\t\t</p>\r\n\t\t\t<p>\r\n\t\t\t\t<span> </span>\r\n\t\t\t</p>\r\n\t\t\t<p class=\"NormalIndent\">\r\n\t\t\t\t<span> </span>\r\n\t\t\t</p>\r\n\t\t\t<p class=\"Avsnittsrubrik\">\r\n\t\t\t\t<a name=\"StopCC\"></a><a name=\"_Toc1634932\"><span style=\"-aw-bookmark-end:StopCC\"></span><span class=\"tSidrubrikJA\">Utskottets förslag till riksdagsbeslut</span></a>\r\n\t\t\t</p>\r\n\t\t\t<p class=\"Mellanrum\">\r\n\t\t\t\t<span> </span>\r\n\t\t\t</p>\r\n\t\t\t<p class=\"Mellanrum\">\r\n\t\t\t\t<span> </span>\r\n\t\t\t</p>\r\n\t\t\t<table cellspacing=\"0\" cellpadding=\"0\" style=\"border-collapse:collapse; margin-left:0pt; width:294.2pt\">\r\n\t\t\t\t<tr>\r\n\t\t\t\t\t<td style=\"vertical-align:top; width:22pt\">\r\n\t\t\t\t\t\t<p style=\"margin-top:3.1pt; margin-bottom:0pt; text-align:justify; page-break-inside:avoid; page-break-after:avoid; line-height:12.5pt\">\r\n\t\t\t\t\t\t\t<span style=\"font-family:'Verdana'; font-size:10.5pt; font-weight:bold\">Riksrevisionens rapport om uppföljning av deltagare i Förberedande och orienterande utbildning inom etableringsuppdraget</span>\r\n\t\t\t\t\t\t</p>\r\n\t\t\t\t\t</td>\r\n\t\t\t\t</tr>\r\n\t\t\t</table>\r\n\t\t\t<p class=\"Normalutanluftfre\" style=\"-aw-sdt-tag:'dokumentavsnitt/utskottets förslag till riksdagsbeslut/1910767833/1549536292061'; -aw-sdt-title:'utskottets förslag till riksdagsbeslut'\">\r\n\t\t\t\t<span>Riksdagen avslår motion </span>\r\n\t\t\t</p>\r\n\t\t\t<p class=\"Normalutanluftfre\" style=\"-aw-sdt-tag:'dokumentavsnitt/utskottets förslag till riksdagsbeslut/1910767833/1549536292061'; -aw-sdt-title:'utskottets förslag till riksdagsbeslut'\">\r\n\t\t\t\t<span>2018/19:2998 av Ali Esbati m.fl. (V) och </span>\r\n\t\t\t</p>\r\n\t\t\t<p class=\"Normalutanluftfre\" style=\"-aw-sdt-tag:'dokumentavsnitt/utskottets förslag till riksdagsbeslut/1910767833/1549536292061'; -aw-sdt-title:'utskottets förslag till riksdagsbeslut'\">\r\n\t\t\t\t<span>lägger skrivelse 2018/19:13 till handlingarna.</span>\r\n\t\t\t</p>\r\n\t\t\t<p class=\"Mellanrum\" style=\"-aw-sdt-tag:'dokumentavsnitt/utskottets förslag till riksdagsbeslut/1910767833/1549536292061'; -aw-sdt-title:'utskottets förslag till riksdagsbeslut'\">\r\n\t\t\t\t<span> </span>\r\n\t\t\t</p>\r\n\t\t\t<p class=\"Reservationshnvisning\" style=\"-aw-sdt-tag:'dokumentavsnitt/utskottets förslag till riksdagsbeslut/1910767833/1549536292061'; -aw-sdt-title:'utskottets förslag till riksdagsbeslut'\">\r\n\t\t\t\t<span>Reservation (V)</span>\r\n\t\t\t</p>\r\n\t\t\t<p class=\"OrtochDatum\" style=\"-aw-sdt-tag:'dokumentavsnitt/utskottets förslag till riksdagsbeslut/1910767833/1549536292061'; -aw-sdt-title:'utskottets förslag till riksdagsbeslut'\">\r\n\t\t\t\t<span>Stockholm den 7 februari 2019</span>\r\n\t\t\t</p>\r\n\t\t\t<p class=\"PVgnar\" style=\"-aw-sdt-tag:'dokumentavsnitt/utskottets förslag till riksdagsbeslut/1910767833/1549536292061'; -aw-sdt-title:'utskottets förslag till riksdagsbeslut'\">\r\n\t\t\t\t<span>På arbetsmarknadsutskottets vägnar</span>\r\n\t\t\t</p>\r\n\t\t\t<p class=\"Ordfranden\" style=\"-aw-sdt-tag:'dokumentavsnitt/utskottets förslag till riksdagsbeslut/1910767833/1549536292061'; -aw-sdt-title:'utskottets förslag till riksdagsbeslut'\">\r\n\t\t\t\t<span>Anna Johansson</span>\r\n\t\t\t</p>\r\n\t\t\t<p class=\"Deltagare\" style=\"-aw-sdt-tag:'dokumentavsnitt/utskottets förslag till riksdagsbeslut/1910767833/1549536292061'; -aw-sdt-title:'utskottets förslag till riksdagsbeslut'\">\r\n\t\t\t\t<span>Följande ledamöter har deltagit i beslutet: Anna Johansson (S), Jessica Polfjärd (M), Patrik Björck (S), Saila Quicklund (M), Magnus Persson (SD), Ali Esbati (V), Ebba Hermansson (SD), Johan Andersson (S), Sofia Damm (KD), Alexander Christiansson (SD), Leila Ali-Elmi (MP), Serkan Köse (S), Hanif Bali (M) och Johanna Haraldsson (S).</span>\r\n\t\t\t</p>\r\n\t\t\t<p class=\"Mellanrum\" style=\"-aw-sdt-tag:'dokumentavsnitt/utskottets förslag till riksdagsbeslut/1910767833/1549536292061'; -aw-sdt-title:'utskottets förslag till riksdagsbeslut'\">\r\n\t\t\t\t<span> </span>\r\n\t\t\t</p>\r\n\t\t\t<p class=\"Mellanrum\" style=\"-aw-sdt-tag:'dokumentavsnitt/utskottets förslag till riksdagsbeslut/1910767833/1549536292061'; -aw-sdt-title:'utskottets förslag till riksdagsbeslut'\">\r\n\t\t\t\t<span> </span>\r\n\t\t\t</p>\r\n\t\t\t<p class=\"Mellanrum\" style=\"-aw-sdt-tag:'dokumentavsnitt/utskottets förslag till riksdagsbeslut/1910767833/1549536292061'; -aw-sdt-title:'utskottets förslag till riksdagsbeslut'\">\r\n\t\t\t\t<span style=\"font-size:9.5pt\"> </span>\r\n\t\t\t</p>\r\n\t\t\t<p>\r\n\t\t\t\t<span> </span>\r\n\t\t\t</p>\r\n\t\t\t<p class=\"Avsnittsrubrik\">\r\n\t\t\t\t<a name=\"SlutUtskottsForslag\"></a><a name=\"_Toc1634933\"><span style=\"-aw-bookmark-end:SlutUtskottsForslag\"></span><span class=\"tSidrubrikJA\">Redogörelse för ärendet</span></a>\r\n\t\t\t</p>\r\n\t\t\t<p>\r\n\t\t\t\t<span>Utskottet behandlar i detta betänkande regeringens skrivelse </span><span>201</span><span>8</span><span>/1</span><span>9</span><span>:</span><span>13 </span><span>Riksrevisionens rapport om uppföljning av deltagare i </span><span>F</span><span>örberedande och orien</span><span>­</span><span>terande utbildning inom etableringsuppdraget </span><span>och </span><span>en</span><span> motion som har väckts med anledning av skrivelsen. </span><span>Förslaget i motionen finns i bilagan</span><span>.</span>\r\n\t\t\t</p>\r\n\t\t\t<p class=\"NormalIndent\">\r\n\t\t\t\t<span>Enligt riksdagsordningen </span><span>ska </span><span>Riksrevisionen </span><span>lämna </span><span>sina granskningsrapporter över effektivitetsrevisionen till riksdagen. Riksdagen </span><span>ska </span><span>överlämna rapporterna till regeringen som inom fyra månader ska återkomma i en skrivelse till riksdagen med en redovisning av vilka åtgärder regeringen vidtagit eller avse</span><span>r</span><span> </span><span>att </span><span>vidta med anledning av iakttagelserna i rapporten. </span>\r\n\t\t\t</p>\r\n\t\t\t<p class=\"NormalIndent\">\r\n\t\t\t\t<span>Riksrevisionen överlämnade våren 2018 granskningsrapporten För</span><span>­</span><span>beredande och orienterande utbildning – uppföljning av deltagare inom etablerings</span><span>­</span><span>uppdraget (RiR 2018:12) till riksdagen. I november 2018 informerade företrädare för Riksrevisionen utskottet om gransknings</span><span>­</span><span>rapporten</span><span>,</span><span> och regeringen överlämnade skrivelse 2018/19:13 till riksdagen.</span>\r\n\t\t\t</p>\r\n\t\t\t<p class=\"Avsnittsrubrik\">\r\n\t\t\t\t<a name=\"_Toc1634934\"><span class=\"tSidrubrikJA\">Utskottets överväganden</span></a>\r\n\t\t\t</p>\r\n\t\t\t<h2 style=\"-aw-sdt-tag:773ce129-ecda-4c50-83f6-d85882989a1f/förslagsrutor/-1881573349/1549372760237; -aw-sdt-title:förslagsrutor\">\r\n\t\t\t\t<a name=\"_Toc1634935\"><span>Riksrevisionens rapport om uppföljning av deltagare i Förberedande och orienterande utbildning inom etableringsuppdraget</span></a>\r\n\t\t\t</h2>\r\n\t\t\t<div style=\"border-bottom-color:#000000; border-bottom-style:solid; border-bottom-width:0.75pt; border-left-color:#000000; border-left-style:solid; border-left-width:0.75pt; border-right-color:#000000; border-right-style:solid; border-right-width:0.75pt; border-top-color:#000000; border-top-style:solid; border-top-width:0.75pt; clear:both; margin:3.1pt 0.9pt 0pt\">\r\n\t\t\t\t<p class=\"Normalrutafet\" style=\"margin:0pt; padding-right:4pt; padding-left:4pt\">\r\n\t\t\t\t\t<span style=\"-aw-bookmark-end:_Toc1634935\"></span><span>Utskottets förslag i korthet</span>\r\n\t\t\t\t</p>\r\n\t\t\t\t<p class=\"Normalruta\" style=\"margin:0pt; padding-right:4pt; padding-left:4pt\">\r\n\t\t\t\t\t<span>Riksdagen </span><span>avslår </span><span>ett </span><span>motion</span><span>syrkande om att regeringen bör tillsätta en utredning med uppdrag att bl.a. se över Arbets</span><span>­</span><span>förmedlingens samtliga inriktningar av Förberedande och orienterande utbildning och </span><span>lägger</span><span> </span><span>regeringens skrivelse</span><span> </span><span>till handlingarna.</span>\r\n\t\t\t\t</p>\r\n\t\t\t\t<p class=\"Normalrutaindrag\" style=\"margin:0pt; padding-right:4pt; padding-left:4pt; padding-bottom:4pt; -aw-sdt-tag:'773ce129-ecda-4c50-83f6-d85882989a1f/förslagsrutor reservations text/-1808551953/1548429599907'; -aw-sdt-title:'förslagsrutor reservations text'\">\r\n\t\t\t\t\t<span>Jämför reservationen (V).</span>\r\n\t\t\t\t</p>\r\n\t\t\t</div>\r\n\t\t\t<p class=\"R3\">\r\n\t\t\t\t<span>Riksrevisionens granskning </span>\r\n\t\t\t</p>\r\n\t\t\t<p>\r\n\t\t\t\t<span>Riksrevisionen har granskat Arbetsförmedlingens Förberedande och orienterande utbildning inom etableringsuppdraget. Resultatet av gransk</span><span>­</span><span>ningen redovisas i rapporten</span><span> Förberedande och orienterande utbildning – uppföljning av deltagare inom etableringsuppdraget (RiR 2018:12).</span>\r\n\t\t\t</p>\r\n\t\t\t<p class=\"R4\" style=\"margin-bottom:0pt\">\r\n\t\t\t\t<span>Bakgrund och metod</span>\r\n\t\t\t</p>\r\n\t\t\t<p>\r\n\t\t\t\t<span>Riksrevisionen har tidigare granskat </span><span>Förberedande och orienterande utbildning</span><span>. I en första rapport (</span><span>RiR</span><span> </span><span>2016:21) granskades A</span><span>rbets</span><span>­</span><span>förmedlingens </span><span>styrning, användning och uppföljning av insatsen. I en andra rapport (</span><span>RiR</span><span> </span><span>2017:20) </span><span>som omfattade deltagare utanför etableringsuppdraget </span><span>undersöktes </span><span>hur </span><span>väl </span><span>Förberedande och orienterande utbildning</span><span> fungerar för att förbättra deltagarnas arbetsmarknadsutfall</span><span>. </span><span>Den </span><span>föreliggande </span><span>rapporten kompletterar den tidigare rapporten </span><span>(</span><span>RiR</span><span> </span><span>2017:20)</span><span> </span><span>eftersom </span><span>den omfattar just deltagare inom etableringsuppdraget</span><span>,</span><span> </span><span>och </span><span>den </span><span>ingår inom ramen för samma granskning.</span>\r\n\t\t\t</p>\r\n\t\t\t<p class=\"NormalIndent\">\r\n\t\t\t\t<span>Riksrevisionen konstaterar att </span><span>Förberedande och orienterande utbildning</span><span> är en omfattande och kostsam insats och </span><span>att </span><span>majoriteten av deltagarna finns inom etableringsuppdraget. </span><span>Riksrevisionen gör </span><span>bedöm</span><span>ningen att det är </span><span>av stor vikt att så långt som möjligt följa upp hur det går för deltagarna. </span><span>Riksrevisionen framhåller att </span><span>k</span><span>unskap om hur insatser fungerar är en förutsättning för att A</span><span>rbetsförmedlingen </span><span>ska kunna bedriva en effektiv verksamhet som på bästa sätt främjar målet att påskynda målgruppens etablering i arbetslivet.</span>\r\n\t\t\t</p>\r\n\t\t\t<p class=\"NormalIndent\">\r\n\t\t\t\t<span>Granskningen baseras i huvudsak på registerdata, och deltagarnas arbetsmarknadsutfall följs t</span><span>.o.m. </span><span>2015. </span><span>I </span><span>granskningen redovisas resultat även för personer som deltagit i </span><span>Arbetspraktik </span><span>som första aktivitet, eller som inte deltagit i någon aktivitet som motsvarar ett arbetsmarknadspolitiskt program inom etableringsuppdraget.</span>\r\n\t\t\t</p>\r\n\t\t\t<p class=\"R4\">\r\n\t\t\t\t<span>Iakttagelser och rekommendationer</span>\r\n\t\t\t</p>\r\n\t\t\t<p>\r\n\t\t\t\t<span>Granskningen visar att </span><span>37 procent</span><span> av de</span><span> som deltog i </span><span>Förberedande och orienterande utbildning</span><span> </span><span>har </span><span>lämnat </span><span>Arbetsförmedlingen </span><span>fyra år efter påbörjat etableringsuppdrag. Motsvarande siffra för de som deltog i A</span><span>rbetspraktik</span><span> är 41 procent.</span><span> </span>\r\n\t\t\t</p>\r\n\t\t\t<p class=\"NormalIndent\">\r\n\t\t\t\t<span>A</span><span>v de som deltagit i </span><span>Förberedande och orienterande utbildning</span><span> och som lämnat A</span><span>rbetsförmedlingen</span><span> har knappt 30 procent lämnat för ett jobb. Knappt hälften, 45 procent, har lämnat på grund av </span><span>”</span><span>okänd orsak</span><span>”</span><span> eller </span><span>”</span><span>annan känd orsak</span><span>”</span><span>. Okänd orsak innebär att A</span><span>rbetsförmedlingen</span><span> inte fått kännedom om anledningen till att personerna inte längre söker jobb genom A</span><span>rbetsförmedlingen</span><span>. Annan känd orsak kan innebära att den arbetssökande övergår till annan myndighet, </span><span>t.ex. </span><span>Försäkringskassan. Av deltagarna i </span><span>Förberedande och orienterande utbildning</span><span> som lämnade av okänd eller annan känd orsak har upp till 70 procent lämnat arbetskraften, och upp till 20 procent har sysselsättning.</span><span> </span>\r\n\t\t\t</p>\r\n\t\t\t<p class=\"NormalIndent\">\r\n\t\t\t\t<span>Av </span><span>deltagarna i A</span><span>rbetspraktik</span><span> </span><span>som lämnat A</span><span>rbetsförmedlingen</span><span> </span><span>har knappt 40 procent lämnat för ett jobb, och knappt 35 procent har lämnat av okänd orsak eller annan känd orsak. </span><span>Av </span><span>de som inte deltog i någon aktivitet (som tillhör gruppen arbetsmarknadspolitiska program) har 62 procent lämnat A</span><span>rbetsförmedlingen</span><span>. </span>\r\n\t\t\t</p>\r\n\t\t\t<p class=\"NormalIndent\">\r\n\t\t\t\t<span>När det gäller könsskillnader visar granskningen att </span><span>bland män </span><span>som deltagit i </span><span>Förberedande och orienterande utbildning</span><span> </span><span>är den vanligaste orsaken till att de </span><span>lämnat A</span><span>rbets</span><span>­</span><span>förmedlingen</span><span> </span><span>inom </span><span>fyra år efter påbörjat etableringsuppdrag </span><span>att </span><span>de hittat ett jobb</span><span>.</span><span> </span><span>Bland </span><span>kvinnor som lämnat A</span><span>rbetsförmedlingen</span><span> är den vanligaste orsaken att de lämnat </span><span>av </span><span>annan känd orsak (och ofta har de lämnat arbetskraften)</span><span>.</span>\r\n\t\t\t</p>\r\n\t\t\t<p class=\"NormalIndent\">\r\n\t\t\t\t<span>Riksrevisionen</span><span> </span><span>konstaterar att u</span><span>ppföljning</span><span>en</span><span> och utvärdering</span><span>en</span><span> av </span><span>Förbe</span><span>­</span><span>redande och orienterande utbildning</span><span> inom etabl</span><span>eringsuppdraget är bristfällig, trots att insatsen är både </span><span>omfattande och kostsam</span><span>. I sammanhanget påpekas bl.a. att Arbetsförmedlingen enligt sin instruktion </span><span>ska analysera, följa upp och utvärdera hur myndighetens verksamhet och de arbetsmarknads</span><span>­</span><span>politiska åtgärderna påverkar arbetsmarknadens funktionssätt.</span>\r\n\t\t\t</p>\r\n\t\t\t<p class=\"NormalIndent\">\r\n\t\t\t\t<span>Resultatet av g</span><span>ranskningen </span><span>leder </span><span>Riksrevisionen </span><span>till </span><span>slutsatsen att </span><span>det tar </span><span>lång tid för många av deltagarna i etableringsuppdraget att hitta ett jobb</span><span>,</span><span> och många lämnar arbetskraften</span><span>. </span><span>Även om granskningen visar att möjligheterna att hitta jobb varierar inom etableringsuppdraget går det </span><span>inte att fastställa om detta beror på vilken aktivitet de nyanlända </span><span>deltagit i</span><span> eller att individer som deltar i olika aktiviteter skiljer sig åt på andra sätt.</span><span> </span><span>Riksrevisionen beskriver det som att brist på </span><span>kunskap om hur insatser fungerar kan få flera konsekvenser</span><span>, bl.a. </span><span>att personer är utan arbete längre tid än nödvändigt och att resurser inte används på bästa sätt.</span>\r\n\t\t\t</p>\r\n\t\t\t<p class=\"NormalIndent\">\r\n\t\t\t\t<span>Avslutningsvis </span><span>drar Riksrevisionen slutsatsen att d</span><span>et är viktigt att ytterligare öka kunskapen om varför vissa deltagare lämnar arbetskraften. </span><span>Riksrevisionen </span><span>framhåller att ur </span><span>ett samhällsekonomiskt perspektiv är det </span><span>viktigt att så många som möjligt deltar i arbetskraften. Det kan </span><span>enligt myndigheten </span><span>också vara viktigt ur ett jämställdhetsperspektiv.</span>\r\n\t\t\t</p>\r\n\t\t\t<p class=\"NormalIndent\">\r\n\t\t\t\t<span>Riksrevisionen lämnar inga rekommendationer, men hänvisa</span><span>r däremot</span><span> till tidigare rekommendationer till A</span><span>rbetsförmedlingen</span><span>, bl.a. om att skapa bättre förutsättningar för utvärdering av </span><span>Förberedande och orienterande utbildning</span><span>.</span>\r\n\t\t\t</p>\r\n\t\t\t<p class=\"R3\">\r\n\t\t\t\t<span>Regeringens s</span><span>krivelse</span>\r\n\t\t\t</p>\r\n\t\t\t<p>\r\n\t\t\t\t<span>I </span><span>skrivelse 2018/19:13 Riksrevisionens rapport om uppföljning av deltagare i </span><span>F</span><span>örberedande och orienterande utbildning inom etablerings</span><span>­</span><span>uppdraget konstaterar regeringen att </span><span>Förberedande och orienterande utbildning</span><span> </span><span>som en del av arbetsmarknadspolitiken </span><span>syftar till att den arbetssökande ska förbereda sig för </span><span>att </span><span>delta i ett annat arbetsmarknads</span><span>­</span><span>politiskt program, i en utbildning eller för arbete.</span><span> R</span><span>egeringen </span><span>gör </span><span>bedömningen att </span><span>Förberedande och orienterande utbildning</span><span> behöver kompletteras med andra insatser </span><span>som </span><span>också påverkar de nyanländas etableringsmöjligheter. </span><span>Regeringen </span><span>anför </span><span>att </span><span>R</span><span>iksrevisionens granskning bidrar till att öka den samlade kunskapen om de arbetsmarknadspolitiska insatserna.</span>\r\n\t\t\t</p>\r\n\t\t\t<p class=\"NormalIndent\">\r\n\t\t\t\t<span>Regeringen anser att Riksrevisionens rapport i och med skrivelsen är slutbehandlad.</span>\r\n\t\t\t</p>\r\n\t\t\t<p class=\"R3\">\r\n\t\t\t\t<span>Motionen</span>\r\n\t\t\t</p>\r\n\t\t\t<p>\r\n\t\t\t\t<span>Mot bakgrund av Riksrevisionens granskning konstaterar Vänsterpartiet i </span><span>kommitté</span><span>motion </span><span>2018/19:2998</span><span> av Ali Esbati m.fl.</span><span> att det finns brister </span><span>när det gäller t</span><span>.</span><span>ex</span><span>.</span><span> </span><span>uppföljning och utvärdering</span><span>.</span><span> Det </span><span>finns </span><span>därmed </span><span>ett stort utrymme för förbättringar.</span><span> </span><span>Men till problemet hör också en kvarvarande föreställning om att arbetslösa som står långt från arbetsmarknaden behöver ”aktiveras” genom åtgärder som kan ha ett tveksamt värde för den arbetslöse och som många gånger framför allt tycks ha till syfte att kontrollera den arbetslöses tid och vardag. </span><span>Enligt Vänsterpartiet </span><span>gäller</span><span> </span><span>detta i många fall </span><span>Förberedande och orienterande utbildning</span><span>, samtidigt som externa leverantörer </span><span>här </span><span>ser </span><span>en</span><span> möjlighet att organisera ett program och få betalt för det.</span>\r\n\t\t\t</p>\r\n\t\t\t<p class=\"NormalIndent\">\r\n\t\t\t\t<span>Mot denna bakgrund anser Vänsterpartiet att regeringen bör tillsätta en utredning med uppdrag att se över Arbetsförmedlingens samtliga inriktningar av </span><span>F</span><span>örberedande och orienterande utbildning, analysera de drivande idéerna bakom inriktningarna samt se över möjligheterna att i större utsträckning genomföra sådana åtgärder i Arbetsförmedlingens regi i stället för att upphandla dem.</span>\r\n\t\t\t</p>\r\n\t\t\t<p class=\"R3\">\r\n\t\t\t\t<span>Utskottets ställningstagande</span>\r\n\t\t\t</p>\r\n\t\t\t<p>\r\n\t\t\t\t<span>Utskottet noterar att Riksrevisionen i två tidigare rapporter granskat För</span><span>­</span><span>beredande och orienterande utbildning. Utskottet anser </span><span>liksom regeringen </span><span>att </span><span>denna granskning </span><span>tillsammans med</span><span> de tidigare </span><span>granskningarna </span><span>är ett viktigt bidrag till den samlade kunskapen om de arbetsmarknadspolitiska insatserna. </span>\r\n\t\t\t</p>\r\n\t\t\t<p class=\"NormalIndent\">\r\n\t\t\t\t<span>Det bör i sammanhanget </span><span>uppmärksamma</span><span>s</span><span> </span><span>att </span><span>ett enhälligt </span><span>utskott under förra mandatperioden </span><span>tillstyrkt</span><span>e</span><span> </span><span>ett </span><span>tillkännagivande om att regeringen bör vidta åtgärder för att insatsen Förberedande och orienterande utbildning ska kunna följas upp på ett bättre sätt (bet. 2016/17:AU13, rskr. 2016/17:308). Utskottet noterar att Arbetsförmedlingen genom regleringsbrev fått i uppdrag att senast den 22 februari 2019 redogöra för </span><span>vad man gör </span><span>för att förbättra möjligheterna att följa upp </span><span>F</span><span>örberedande och orienterande utbildning.</span><span> Utskottet kommer </span><span>att fortsätta att </span><span>följa frågan</span><span> noggrant</span><span>.</span>\r\n\t\t\t</p>\r\n\t\t\t<p class=\"NormalIndent\">\r\n\t\t\t\t<span>När det gäller Vänsterpartiets yrkande håller utskottet visserligen med om att det inte finns något värde i att anvisa personer till program enbart för att de ska aktiveras, vilket </span><span>enligt </span><span>granskningen </span><span>verkar ha varit fallet </span><span>inom delar av </span><span>Förberedande och orienterande utbildning</span><span>.</span><span> Enligt utskottet är det självklart av</span><span> största vikt att rätt stöd ges utifrån individens behov och förutsättningarna på arbetsmarknaden.</span>\r\n\t\t\t</p>\r\n\t\t\t<p class=\"NormalIndent\">\r\n\t\t\t\t<span>När det gäller vilka aktörer som ska </span><span>genomföra insatsen </span><span>Förberedande och orienterande utbildning </span><span>håller utskottet dock inte med Vänsterpartiet</span><span> om att det är </span><span>Arbetsförmedlingen </span><span>som i större utsträckning borde vara </span><span>utförare.</span><span> </span><span>Utskottet konstaterar att enligt den sakpolitiska överenskommelsen som nyligen ingick</span><span>s</span><span> mellan Socialdemokraterna, Centerpartiet, Liberalerna och Miljö</span><span>­</span><span>partiet ska Arbetsförmedlingen </span><span>reformeras i grunden. Arbets</span><span>­</span><span>förmedlingen ska </span><span>fortsätta att </span><span>ha ett myndighetsansvar för arbetsmarknads</span><span>­</span><span>politiken men det är fristående aktörer som ska matcha och rusta arbetssökande för de lediga jobben. </span>\r\n\t\t\t</p>\r\n\t\t\t<p class=\"NormalIndent\">\r\n\t\t\t\t<span>Utskottet </span><span>noterar också </span><span>Arbetsmarknads</span><span>­</span><span>utredningen</span><span>s slutbetänkande som nyligen </span><span>överlämnats till regeringen och föredragits </span><span>för utskottet (</span><span>SOU 2019:3</span><span>). Utskottet </span><span>bedömer</span><span> att utredningens förslag </span><span>kan vara e</span><span>tt </span><span>viktigt kunskaps</span><span>­</span><span>underlag i den fortsatta diskussionen </span><span>om reformeringen av</span><span> Arbets</span><span>­</span><span>förmedlingens uppdrag. </span>\r\n\t\t\t</p>\r\n\t\t\t<p class=\"NormalIndent\">\r\n\t\t\t\t<span>Sammanfattningsvis föreslår utskottet att riksdagen avslår motionsyrkande</span><span>t</span><span> och lägger regeringens skrivelse till handlingarna.</span>\r\n\t\t\t</p>\r\n\t\t\t<p class=\"Avsnittsrubrik\">\r\n\t\t\t\t<a name=\"_Toc1634936\"><span class=\"tSidrubrikJA\">Reservation</span></a>\r\n\t\t\t</p>\r\n\t\t\t<p class=\"Mellanrum\" style=\"-aw-sdt-tag:67600ce9-5965-4a1d-8852-e7b3f59005bd/reservationer/-1890713538/1549536294500; -aw-sdt-title:reservationer\">\r\n\t\t\t\t<span> </span>\r\n\t\t\t</p>\r\n\t\t\t<table cellspacing=\"0\" cellpadding=\"0\" style=\"border-collapse:collapse; margin-left:0pt; width:294.2pt\">\r\n\t\t\t\t<tr>\r\n\t\t\t\t\t<td style=\"vertical-align:top\">\r\n\t\t\t\t\t\t<p class=\"Reservationsrubrik\" style=\"margin-top:0pt; margin-bottom:3.1pt; text-align:left; page-break-inside:avoid; page-break-after:avoid; line-height:12.5pt\">\r\n\t\t\t\t\t\t\t<a name=\"_Toc1634937\"><span style=\"font-family:'Verdana'; font-size:10.5pt; font-weight:bold\">Riksrevisionens rapport om uppföljning av deltagare i Förberedande och orienterande utbildning inom etableringsuppdraget (V)</span></a>\r\n\t\t\t\t\t\t</p>\r\n\t\t\t\t\t</td>\r\n\t\t\t\t</tr>\r\n\t\t\t</table>\r\n\t\t\t<p class=\"Normalutanluftfre\" style=\"-aw-sdt-tag:67600ce9-5965-4a1d-8852-e7b3f59005bd/reservationer/-1890713538/1549536294500; -aw-sdt-title:reservationer\">\r\n\t\t\t\t<span>av Ali Esbati (V).</span>\r\n\t\t\t</p>\r\n\t\t\t<p class=\"R4\" style=\"-aw-sdt-tag:67600ce9-5965-4a1d-8852-e7b3f59005bd/reservationer/-1890713538/1549536294500; -aw-sdt-title:reservationer\">\r\n\t\t\t\t<span>Förslag till riksdagsbeslut</span>\r\n\t\t\t</p>\r\n\t\t\t<p style=\"margin-bottom:3.1pt; -aw-sdt-tag:67600ce9-5965-4a1d-8852-e7b3f59005bd/reservationer/-1890713538/1549536294500; -aw-sdt-title:reservationer\">\r\n\t\t\t\t<span>Jag anser att förslaget till riksdagsbeslut borde ha följande lydelse:</span>\r\n\t\t\t</p>\r\n\t\t\t<p class=\"Normalutanluftfre\" style=\"-aw-sdt-tag:67600ce9-5965-4a1d-8852-e7b3f59005bd/reservationer/-1890713538/1549536294500; -aw-sdt-title:reservationer\">\r\n\t\t\t\t<span>Riksdagen ställer sig bakom det som anförs i reservationen och tillkännager detta för regeringen.</span>\r\n\t\t\t</p>\r\n\t\t\t<p class=\"Normalutanluftfre\" style=\"text-indent:11.3pt; -aw-sdt-tag:67600ce9-5965-4a1d-8852-e7b3f59005bd/reservationer/-1890713538/1549536294500; -aw-sdt-title:reservationer\">\r\n\t\t\t\t<span>Därmed bifaller riksdagen motion </span>\r\n\t\t\t</p>\r\n\t\t\t<p class=\"Normalutanluftfre\" style=\"-aw-sdt-tag:67600ce9-5965-4a1d-8852-e7b3f59005bd/reservationer/-1890713538/1549536294500; -aw-sdt-title:reservationer\">\r\n\t\t\t\t<span>2018/19:2998 av Ali Esbati m.fl. (V) och </span>\r\n\t\t\t</p>\r\n\t\t\t<p class=\"Normalutanluftfre\" style=\"-aw-sdt-tag:67600ce9-5965-4a1d-8852-e7b3f59005bd/reservationer/-1890713538/1549536294500; -aw-sdt-title:reservationer\">\r\n\t\t\t\t<span>lägger skrivelse 2018/19:13 till handlingarna.</span>\r\n\t\t\t</p>\r\n\t\t\t<p class=\"Mellanrum\" style=\"-aw-sdt-tag:67600ce9-5965-4a1d-8852-e7b3f59005bd/reservationer/-1890713538/1549536294500; -aw-sdt-title:reservationer\">\r\n\t\t\t\t<span> </span>\r\n\t\t\t</p>\r\n\t\t\t<p class=\"Mellanrum\" style=\"-aw-sdt-tag:67600ce9-5965-4a1d-8852-e7b3f59005bd/reservationer/-1890713538/1549536294500; -aw-sdt-title:reservationer\">\r\n\t\t\t\t<span> </span>\r\n\t\t\t</p>\r\n\t\t\t<p class=\"R4\">\r\n\t\t\t\t<span>Ställningstagande</span>\r\n\t\t\t</p>\r\n\t\t\t<p>\r\n\t\t\t\t<span>Mot bakgrund av Riksrevisionens granskning </span><span>av </span><span>Förberedande och orienterande utbildning</span><span> anser </span><span>Vänsterpartiet </span><span>att det </span><span>finns ett stort utrymme för förbättringar. Till skillnad från utskottet anser jag att de problem som uppdagats i form av åtgärder av tveksamt värde för den arbetslöse är en indikation på att Arbetsförmedlingen i större utsträckning än vad som nu är fallet bör ansvara för </span><span>att </span><span>utföra</span><span> </span><span>insatser av typen Förberedande och orienterande utbildning. Jag anser därför att regeringen bör tillsätta en utredning med uppdrag att se över Arbetsförmedlingens samtliga inriktningar av Förberedande och orienterande utbildning, analysera de drivande idéerna bakom inriktningarna samt se över möjligheterna att i större utsträckning genomföra sådana åtgärder i Arbetsförmedlingens regi i stället för att upphandla dem.</span><span> Jag vidhåller därmed den uppfattning som </span><span>Vänsterpartiet </span><span>framför</span><span>de</span><span> när utskottet </span><span>under den förra mandatperioden</span><span> behandlade en skrivelse </span><span>från regeringen </span><span>med anledning av en tidigare granskning av </span><span>Förberedande och orienterande utbildning</span><span>.</span>\r\n\t\t\t</p>\r\n\t\t\t<p class=\"NormalIndent\">\r\n\t\t\t\t<span>När det gäller utskottets hänvisning till</span><span> det s.k.</span><span> januariavtalet vänder jag mig mot </span><span>den dominerande roll som ges till </span><span>fristående aktörer </span><span>i fråga om att matcha och rusta </span><span>arbetssökande för de lediga jobben</span><span>. </span><span>Förutom vad jag </span><span>anfört ovan noterar </span><span>jag</span><span> </span><span>att Arbetsmarknads</span><span>­</span><span>utredningen</span><span>, som presenterades nyligen,</span><span> </span><span>slår fast </span><span>att </span><span>forskning</span><span>en</span><span> inte ger stöd för att privata utförare av arbetsmarknadstjänster uppnår bättre resultat än offentliga</span><span>.</span><span> </span><span>I</span><span> </span><span>stället för att utifrån kunskaper och erfarenheter metodiskt och seriöst försöka förbättra </span><span>A</span><span>rbetsförmedlingens insatser, riskerar den väg som regeringen nu slår in på med </span><span>januariavtalet</span><span> att okontrollerat mångfaldiga de problem som vi har pekat på i vår motion</span><span>.</span>\r\n\t\t\t</p>\r\n\t\t\t<p class=\"Bilaga\">\r\n\t\t\t\t<span class=\"tBilagaJA\">Bilaga</span>\r\n\t\t\t</p>\r\n\t\t\t<p class=\"Bilagerubrik\">\r\n\t\t\t\t<a name=\"_Toc1634938\"><span class=\"tSidrubrikJA\">Förteckning över behandlade förslag</span></a>\r\n\t\t\t</p>\r\n\t\t\t<p class=\"Rubrik2bilaga\" style=\"-aw-sdt-tag:'dokumentavsnitt/förteckning över behandlade förslag/-73272221/1546847679796'; -aw-sdt-title:'förteckning över behandlade förslag'\">\r\n\t\t\t\t<a name=\"_Toc1634939\"><span>Skrivelsen</span></a><span> </span>\r\n\t\t\t</p>\r\n\t\t\t<p style=\"-aw-sdt-tag:'dokumentavsnitt/förteckning över behandlade förslag/-73272221/1546847679796'; -aw-sdt-title:'förteckning över behandlade förslag'\">\r\n\t\t\t\t<span>Regeringens skrivelse 2018/19:13 Riksrevisionens rapport om uppföljning av deltagare i förberedande och orienterande utbildning inom etableringsuppdraget.</span>\r\n\t\t\t</p>\r\n\t\t\t<p class=\"Rubrik2bilaga\" style=\"-aw-sdt-tag:'dokumentavsnitt/förteckning över behandlade förslag/-73272221/1546847679796'; -aw-sdt-title:'förteckning över behandlade förslag'\">\r\n\t\t\t\t<a name=\"_Toc1634940\"><span>Följdmotionen</span></a>\r\n\t\t\t</p>\r\n\t\t\t<h4 style=\"-aw-sdt-tag:'dokumentavsnitt/förteckning över behandlade förslag/-73272221/1546847679796'; -aw-sdt-title:'förteckning över behandlade förslag'\">\r\n\t\t\t\t<span>2018/19:2998 av Ali Esbati m.fl. (V):</span>\r\n\t\t\t</h4>\r\n\t\t\t<p class=\"YrkandelistaEtt\" style=\"-aw-sdt-tag:'dokumentavsnitt/förteckning över behandlade förslag/-73272221/1546847679796'; -aw-sdt-title:'förteckning över behandlade förslag'\">\r\n\t\t\t\t<span>Riksdagen ställer sig bakom det som anförs i motionen om att regeringen bör tillsätta en utredning med uppdrag att se över Arbetsförmedlingens samtliga inriktningar av förberedande och orienterande utbildning, analysera de drivande idéerna bakom inriktningarna samt se över möjligheterna att i större utsträckning genomföra sådana åtgärder i Arbetsförmedlingens regi i stället för att upphandla dem, och detta tillkännager riksdagen för regeringen.</span>\r\n\t\t\t</p>\r\n\t\t\t<p class=\"Mellanrum\">\r\n\t\t\t\t<span> </span>\r\n\t\t\t</p>\r\n\t\t\t<p class=\"Mellanrum\" style=\"-aw-sdt-tag:'dokumentavsnitt/förteckning över behandlade förslag/-73272221/1546847679796'; -aw-sdt-title:'förteckning över behandlade förslag'\">\r\n\t\t\t\t<span> </span>\r\n\t\t\t</p>\r\n\t\t</div>\r\n\t"},"dokutskottsforslag":{"utskottsforslag":{"punkt":"1","rubrik":"Riksrevisionens rapport om uppföljning av deltagare i Förberedande och orienterande utbildning inom etableringsuppdraget","forslag":"<BR/>Riksdagen avslår motion \r\n\r\n2018/19:2998 av Ali Esbati m.fl. (V) och \r\n\r\nlägger skrivelse 2018/19:13 till handlingarna.<BR/><BR/>","beslutstyp":"röstning","motforslag_nummer":"1","motforslag_partier":"\"V\"","votering_id":"facd069e-7b7d-4a51-bb7c-89009951be79","votering_sammanfattning_html":{"table":{"tr":[{"td":{"h4":"Omröstning i sakfrågan","p":"Utskottets förslag mot reservation 1 (V)"}},{"th":["Parti","Ja","Nej","Avstående","Frånvarande"]},{"td":["S","85","0","0","15"]},{"td":["M","58","0","0","12"]},{"td":["SD","56","0","0","6"]},{"td":["C","27","0","0","4"]},{"td":["V","0","23","0","5"]},{"td":["KD","19","0","0","3"]},{"td":["L","16","0","0","4"]},{"td":["MP","13","0","0","3"]},{"td":["Totalt","274","23","0","52"]},{"td":{"h4":null}}]},"br":null},"votering_url_xml":"http://data.riksdagen.se/votering/FACD069E-7B7D-4A51-BB7C-89009951BE79","rm":"2018/19","bet":"AU5","vinnare":"utskottet"}},"dokmotforslag":{"motforslag":{"nummer":"1","rubrik":null,"partier":"\"V\"","typ":"reservation","utskottsforslag_punkt":"1"}},"dokaktivitet":{"aktivitet":[{"kod":"UBE","namn":"Beredning","datum":"2019-01-24 00:00:00","status":"inträffat","ordning":"0","process":null},{"kod":"JUS","namn":"Justering","datum":"2019-02-07 00:00:00","status":"inträffat","ordning":"0","process":null},{"kod":"TRY","namn":"Trycklov","datum":"2019-02-21 00:00:00","status":"inträffat","ordning":"0","process":null},{"kod":"B","namn":"Bordläggning","datum":"2019-02-27 00:00:00","status":"inträffat","ordning":"0","process":null},{"kod":"BEH","namn":"Behandling","datum":"2019-02-28 00:00:00","status":"inträffat","ordning":"0","process":null},{"kod":"BES","namn":"Beslut","datum":"2019-02-28 00:00:00","status":"inträffat","ordning":"0","process":null}]},"dokuppgift":{"uppgift":[{"kod":"notis","namn":"Beslut i korthet","text":"                           <p>Riksdagen har granskat en skrivelse från regeringen. Den handlar om Riksrevisionens rapport om uppföljningen av Arbetsförmedlingens insats Förberedande och orienterande utbildning. Rapporten omfattar deltagare inom etableringsuppdraget, det vill säga nyanlända invandrare.</p>\r\n<p>Riksrevisionen konstaterar att Arbetsförmedlingens utvärdering av insatsen har brister. Insatsen är omfattande och kostsam, därför bedömer revisionen att det är av stor vikt att kunna följa upp hur det går för deltagarna. Brist på kunskap om hur satsningen fungerar kan bland annat leda till att personer är utan arbete längre tid än nödvändigt och att resurser inte används på bästa sätt.</p>\r\n<p>Enligt regeringen är den här och tidigare liknande granskningar av Riksrevisionen ett viktigt bidrag till den samlade kunskapen på området.</p>\r\n<p>Riksdagen delar regeringens bedömning av rapporten. Med det&nbsp;lade riksdagen skrivelsen till handlingarna, det vill säga avslutade ärendet.</p>\r\n                                            ","dok_id":"H601AU5","systemdatum":"2019-02-28 16:19:42"},{"kod":"notisrubrik","namn":"Beslut","text":"Arbetsförmedlingens insats förberedande och orienterande utbildning har granskats (AU5)","dok_id":"H601AU5","systemdatum":"2019-02-28 16:19:42"},{"kod":"utsknotis","namn":"Utskottets förslag till beslut","text":"                           <p>Arbetsmarknadsutskottet har granskat en skrivelse från regeringen. Den handlar om Riksrevisionens rapport om uppföljningen av Arbetsförmedlingens insats Förberedande och orienterande utbildning. Rapporten omfattar deltagare inom etableringsuppdraget, det vill säga nyanlända invandrare.</p>\r\n<p>Riksrevisionen konstaterar att Arbetsförmedlingens utvärdering av insatsen har brister. Insatsen är omfattande och kostsam, därför bedömer revisionen att det är av stor vikt att kunna följa upp hur det går för deltagarna. Brist på kunskap om hur satsningen fungerar kan bland annat leda till att personer är utan arbete längre tid än nödvändigt och att resurser inte används på bästa sätt.</p>\r\n<p>Enligt regeringen är den här och tidigare liknande granskningar av Riksrevisionen ett viktigt bidrag till den samlade kunskapen på området.</p>\r\n<p>Arbetsmarknadsutskottet delar regeringens bedömning av rapporten. Med det föreslår utskottet att riksdagen lägger skrivelsen till handlingarna, det vill säga avslutar ärendet.</p>\r\n                                            ","dok_id":"H601AU5","systemdatum":"2019-02-28 16:19:42"},{"kod":"utsknotisrubrik","namn":"Utskottets förslag","text":"Arbetsförmedlingens insats förberedande och orienterande utbildning har granskats (AU5)","dok_id":"H601AU5","systemdatum":"2019-02-28 16:19:42"},{"kod":"rdbeslut","namn":"Riksdagens beslut","text":"Kammaren biföll utskottets förslag.","dok_id":"H601AU5","systemdatum":"2019-02-28 16:29:40"},{"kod":"beslutssammanfattningusk","namn":"Utskottets förslag till beslut","text":"Avslag på motionen. Skrivelsen läggs till handlingarna.","dok_id":"H601AU5","systemdatum":"2019-02-21 11:49:38"},{"kod":"debattdatumtid","namn":"Datum och tid för debatten","text":"2019-02-28 00:00:00","dok_id":"H601AU5","systemdatum":"2019-02-28 16:19:42"},{"kod":"beslutdatumtid","namn":"Datum och tid för beslutet","text":"2019-02-28 00:00:00","dok_id":"H601AU5","systemdatum":"2019-02-28 16:19:42"},{"kod":"statustext","namn":"statustext","text":"Ärendet är avslutat","dok_id":"H601AU5","systemdatum":"2019-03-01 14:11:30"}]},"dokbilaga":{"bilaga":{"dok_id":"H601AU5","titel":"Riksrevisionens rapport om uppföljning av deltagare i Förberedande och orienterande utbildning inom etableringsuppdraget","subtitel":null,"filnamn":"2018_19_AU5_20190221114854_Publicering.pdf","filstorlek":"335303","filtyp":"pdf","fil_url":"http://data.riksdagen.se/fil/5CE4FC17-7385-4985-9AE4-DC70C13DD71A"}},"dokreferens":{"referens":[{"referenstyp":"behandlar","uppgift":"motion 2018/19:2998 med anledning av skr. 2018/19:13 Riksrevisionens rapport om uppföljning av deltagare i förberedande och orienterande utbildning inom etableringsuppdraget","ref_dok_id":"H6022998","ref_dok_typ":"mot","ref_dok_rm":"2018/19","ref_dok_bet":"2998","ref_dok_titel":"med anledning av skr. 2018/19:13 Riksrevisionens rapport om uppföljning av deltagare i förberedande och orienterande utbildning inom etableringsuppdraget","ref_dok_subtitel":null,"ref_dok_subtyp":"mot","ref_dok_dokumentnamn":"Motion"},{"referenstyp":"behandlar","uppgift":"Skrivelse 2018/19:13 Riksrevisionens rapport om uppföljning av deltagare i förberedande och orienterande utbildning inom etableringsuppdraget","ref_dok_id":"H60313","ref_dok_typ":"prop","ref_dok_rm":"2018/19","ref_dok_bet":"13","ref_dok_titel":"Riksrevisionens rapport om uppföljning av deltagare i förberedande och orienterande utbildning inom etableringsuppdraget","ref_dok_subtitel":null,"ref_dok_subtyp":"skr","ref_dok_dokumentnamn":"Skrivelse"},{"referenstyp":"föredragningslista","uppgift":"föredragningslista 2018/19:57 Torsdag den 28 februari 2019","ref_dok_id":"H60I57","ref_dok_typ":"f-lista","ref_dok_rm":"2018/19","ref_dok_bet":"57","ref_dok_titel":"Torsdag den 28 februari 2019","ref_dok_subtitel":null,"ref_dok_subtyp":null,"ref_dok_dokumentnamn":"Föredragningslista"},{"referenstyp":"protokollbeslut","uppgift":"2019-02-28","ref_dok_id":"H60957","ref_dok_typ":"prot","ref_dok_rm":"2018/19","ref_dok_bet":"57","ref_dok_titel":"Protokoll 2018/19:57 Torsdagen den 28 februari","ref_dok_subtitel":null,"ref_dok_subtyp":null,"ref_dok_dokumentnamn":"Protokoll"},{"referenstyp":"protokolldebatt","uppgift":"2019-02-28","ref_dok_id":"H60957","ref_dok_typ":"prot","ref_dok_rm":"2018/19","ref_dok_bet":"57","ref_dok_titel":"Protokoll 2018/19:57 Torsdagen den 28 februari","ref_dok_subtitel":"Riksrevisionens rapport om uppföljning av deltagare i Förberedande och orienterande utbildning inom etableringsuppdraget","ref_dok_subtyp":null,"ref_dok_dokumentnamn":"Protokoll"},{"referenstyp":"rskr","uppgift":null,"ref_dok_id":"H60K142","ref_dok_typ":"rskr","ref_dok_rm":"2018/19","ref_dok_bet":"142","ref_dok_titel":"Riksdagsskrivelse 2018/19:142","ref_dok_subtitel":null,"ref_dok_subtyp":"rskr","ref_dok_dokumentnamn":"Riksdagsskrivelse"},{"referenstyp":"talarlista","uppgift":"talarlista 2018/19:20190228 Torsdag den 28 februari 2019 (preliminär)","ref_dok_id":"H60J20190228","ref_dok_typ":"t-lista","ref_dok_rm":"2018/19","ref_dok_bet":"20190228","ref_dok_titel":"Torsdag den 28 februari 2019 (preliminär)","ref_dok_subtitel":null,"ref_dok_subtyp":null,"ref_dok_dokumentnamn":"Talarlista"}]},"debatt":{"anforande":[{"video_id":"1100190228434651222","video_url":"1100190228434651222#pos=19","startpos":"19","tumnagel":["","//mhdownload.riksdagen.se/riksdagen/unrestricted/thumb/1100190228434651222_mid.jpg"],"tumnagel_stor":"//mhdownload.riksdagen.se/riksdagen/unrestricted/thumb/1100190228434651222_high.jpg","anf_video_id":"1100190228434651422","anf_hangar_id":"5023265","anf_sekunder":"428","anf_klockslag":"12:16","datumtid":"2019-02-28 12:16:06","anf_datum":"2019-02-28 00:00:00","anf_typ":"ap","anf_text":"<p>Herr talman! Det kan ju verka lite i överkant petigt att vilja debattera denna produkt, <em>Riksrevisionens rapport om uppföljning av deltagare i Förberedande och orienterande utbildning inom etableringsuppdraget</em>. Av talarlistan att döma blir detta kanske inte heller årets hetaste debatt om arbetsmarknadspolitik. Men jag tycker ändå att det finns skäl att ta upp en del saker med anledning av detta betänkande. Det är saker som annars sällan blir föremål för diskussion utan så där lite rituellt brukar tas för givna.</p><p>Vi är ju alla eniga, både i utskottet och med regeringen, om att Riksrevisionen i flera rapporter har gjort en del rimliga och vettiga påpekanden om denna stora insats - alltså Förberedande och orienterande utbildning, som är den vanligaste aktiviteten inom etableringsuppdraget. Det är en insats som riktar sig till arbetssökande som behöver förbereda sig inför något annat arbetsmarknadspolitiskt program, utbildning eller arbete.</p><p>I en tidigare rapport konstaterades det att det kunde finnas negativa effekter av att delta i insatsen som första insats jämfört med att inte delta i något program alls eller jämfört med att delta i arbetspraktik. Nu handlar det om att uppföljning och utvärdering anses vara bristfällig och att anvisningen till insatsen inte alltid verkar utgå från behovet hos den som är arbetslös. Detta alltså i en verksamhet som till största delen upphandlas - under 2017 för totalt 2,2 miljarder kronor, varav 1,6 miljarder gällde etableringsuppdraget.</p><p> STYLEREF Kantrubrik \\* MERGEFORMAT Riksrevisionens rapport om uppfölj-ning av deltagare i Förberedande och orienterande utbild-ning inom etablerings-uppdraget</p><p>Det finns alltså ett stort utrymme för förbättringar. Men min och Vänsterpartiets poäng är att man måste se på detta i ett bredare perspektiv för att komma någon vart, och det görs tyvärr inte i vare sig Riksrevisionens rapport eller regeringens svar på den.</p><p>Vänsterpartiet förespråkar en aktiv arbetsmarknadspolitik. Den som är arbetslös ska erbjudas aktiva insatser för att bli bättre rustad att ta sig in på eller återkomma till en arbetsmarknad som hela tiden utvecklas. För att den politiken ska vara verksam behöver insatserna vara konkreta, varierade och utformade med de arbetslösas och arbetsmarknadens behov i åtanke.</p><p>Men under senare decennier, och då särskilt efter högerregeringens tillträde 2006, har svensk arbetsmarknadspolitik på flera sätt försämrats och försvagats. Jag skulle vilja hävda att det är en sorts individualiserad bestraffningsfilosofi som har kommit att prägla delar av arbetsmarknadspolitiken. Det har tagit sig uttryck i sänkningar av ersättningar och försämrade inträdesvillkor i arbetslöshetsförsäkringen - försämringar som Vänsterpartiet i budgetsamarbetet med den förra regeringen delvis har reparerat.</p><p>Också de arbetsmarknadspolitiska åtgärdernas innehåll har förändrats. Till exempel drog Reinfeldtregeringen kraftigt ned på de yrkesinriktade arbetsmarknadsutbildningarna och lät i stället den så kallade fas 3 växa. Även här har inriktningen på politiken mödosamt vänts. Men det finns tyvärr en kvarvarande idé om att arbetslösa, särskilt de som har en komplex situation och står långt från arbetsmarknaden, behöver \"aktiveras\" genom åtgärder som kan ha ett tveksamt värde för den som är arbetslös. Många gånger tycks de framför allt ha till syfte att kontrollera individens tid och vardag. Det är detta som vi menar även kommer till uttryck i de brister som präglar Förberedande och orienterande utbildning.</p><p>Jag noterar att utskottet håller med om det som vi från Vänsterpartiet har framfört, nämligen att man utan någon vidare tanke verkar ha anvisat en del personer till program bara för att de ska aktiveras och att det inte är bra. Det är fint, men utskottet vill inte kännas vid den andra delen av vår kritik, nämligen att detta borde föranleda lite reflektion över systemen och över att så mycket av dem upphandlas externt.</p><p>De här sakerna hänger ihop, för det här sättet att använda Förebyggande och orienterande utbildning gör att många externa leverantörer ser en möjlighet att organisera ett program och få betalt för det. Detta för också med sig svårigheter med och kostnader för kontroll i ett läge där leverantörer, myndigheten och arbetslösa kan ha väldigt olika incitament. Det kan helt enkelt finnas ett incitament för den som erbjuder eller säljer in den här tjänsten att bara fylla på volymerna.</p><p>De samhällsekonomiska kostnaderna för en sådan regim är dessutom högre än bara de utbetalda ersättningarna som inte fyller sitt syfte och inkluderar också kostnaden för förlorat förtroende för arbetsmarknadspolitiken liksom förlorade möjligheter för personer som är arbetslösa på grund av olika typer av problem eller kompetensbrister. Dessa borde få ett adekvat stöd från samhället som de inte får.</p><p> STYLEREF Kantrubrik \\* MERGEFORMAT Riksrevisionens rapport om uppfölj-ning av deltagare i Förberedande och orienterande utbild-ning inom etablerings-uppdraget</p><p>Det förefaller rimligt att förbättra uppföljning och utvärdering av enskilda insatser, men man ska komma ihåg att det också innebär kostnader och byråkrati att göra detta. Då är det viktigt att utvärderingen inte bara är noggrann utan även relevant.</p><p>Mot bakgrund av den kritik som vi har tagit upp här menar jag att det finns problem som ligger utanför effektiviteten hos de enskilda åtgärderna eller enskilda utförarna. Man skulle behöva ta ett helhetsgrepp som tydligare inkluderar samspelet med andra myndigheter och även med det reguljära utbildningssystemet, vilket uttryckligen har legat utanför området för Riksrevisionens granskning.</p><p>Vänsterpartiet har under den förra mandatperioden föreslagit för riksdagen att regeringen bör tillsätta en utredning med uppdrag att se över Arbetsförmedlingens samtliga inriktningar av Förberedande och orienterande utbildning, analysera de drivande idéerna bakom inriktningen samt se över möjligheterna att i större utsträckning vidta sådana åtgärder i Arbetsförmedlingens regi i stället för att upphandla dem.</p><p>Jag menar att detta är någonting som visat sig vara fortsatt aktuellt, och därför har vi föreslagit det på nytt i detta betänkande. Detta föreslår dock övriga partier avslag på.</p><p>Snarare ser vi hur man i och med överenskommelsen mellan regeringen, Centern och Liberalerna ska öppna upp för mer av fullskalig okynnesprivatisering, vilket förstås är beklagligt. Det är extra pikant att det ska ske under en S-ledd regering, dessutom just när vi har fått den stora arbetsmarknadsutredningens betänkande som slår fast att forskningen inte ger stöd för att privata utförare generellt uppnår bättre resultat än offentliga när det gäller arbetsmarknadstjänster.</p><p>I stället för att utifrån kunskaper, erfarenheter och metoder seriöst försöka förbättra Arbetsförmedlingens insatser riskerar den väg som regeringen nu slår in på med januariavtalet att på ett okontrollerat sätt mångfaldiga de problem som vi har pekat på i vår motion. Det menar jag är ett trist och oansvarigt sätt att hantera den viktiga fråga som är arbetsmarknadspolitik.</p><p>Jag yrkar bifall till Vänsterpartiets reservation.</p>","anf_beteckning":"2018/19:57-3","anf_nummer":"3","talare":"Ali Esbati (V)","intressent_id":"014386615025","parti":"V","anf_rm":"2018/19"},{"video_id":"1100190228434651222","video_url":"1100190228434651222#pos=459","startpos":"459","tumnagel":["","//mhdownload.riksdagen.se/riksdagen/unrestricted/thumb/1100190228434651222_mid.jpg"],"tumnagel_stor":"//mhdownload.riksdagen.se/riksdagen/unrestricted/thumb/1100190228434651222_high.jpg","anf_video_id":"1100190228434651522","anf_hangar_id":"5023266","anf_sekunder":"339","anf_klockslag":"12:23","datumtid":"2019-02-28 12:23:26","anf_datum":"2019-02-28 00:00:00","anf_typ":"ap","anf_text":"<p>Herr talman! Sedan Stefan Löfven blev statsminister har över 360 000 fler möjlighet att gå till jobbet på morgonen, eller för delen på eftermiddagen.</p><p>Arbetslösheten sjunker i Sverige även bland nyanlända. Tiden till dess att hälften av de nyanlända är etablerade har kortats rejält. Fler är i arbete 90 dagar efter avslutad etableringsplan. Både andelen av befolkningen och antalet som är en del av arbetskraften har ökat inom alla grupper.</p><p>Detta är en oerhört positiv bild som jag tycker är viktig att ha med sig när vi nu ska prata om någonting som vi faktiskt är ganska bra på, även om vi behöver bli ännu bättre.</p><p>För tredje gången har Riksrevisionen granskat Förberedande och orienterande utbildning. Det är en av Arbetsförmedlingens största insatser, mätt i både antal deltagare och kostnad. Insatserna ska vara individuellt anpassade, vägledande, rehabiliterande eller orienterande. Verksamheten riktar sig till personer som behöver förbereda sig inför ett annat arbetsmarknadspolitiskt program, utbildning eller arbete.</p><p> STYLEREF Kantrubrik \\* MERGEFORMAT Riksrevisionens rapport om uppfölj-ning av deltagare i Förberedande och orienterande utbild-ning inom etablerings-uppdraget</p><p>Den här gången har Riksrevisionen fokuserat på Förberedande och orienterande utbildning inom etableringsuppdraget.</p><p>Redan tidigare har Riksrevisionens kritik handlat om att Arbetsförmedlingen inte använder insatsen på ett tillräckligt träffsäkert sätt. De uppmanar Arbetsförmedlingen att bli bättre på att styra så att insatsen används där den bäst behövs. En förutsättning är att Arbetsförmedlingen följer upp och analyserar insatserna.</p><p>Förberedande och orienterande utbildning är flera olika insatser, och det är ofta de första insatserna i en kedja av flera som den nyanlände deltar i för att stärka möjligheterna till framtida jobb och egenförsörjning.</p><p>Personer som deltar i Förberedande och orienterande utbildning inom etableringen är ingen homogen grupp. Det är individer med olika bakgrund och erfarenheter och olika utbildnings- och yrkesbakgrund. Även de insatser som erbjuds är oerhört olika och handlar om allt från insatser för arbetssökande som har kortare skolgång än sex år till utlandsfödda akademiker och till starta-eget-utbildning.</p><p>Både individernas förutsättningar och insatserna skiljer sig stort åt, vilket är en av anledningarna till att det inte går att dra några speciella slutsatser av hur effektiv insatsen är för individer i etableringsuppdraget.</p><p>Den nya granskningen ger inga rekommendationer, men Riksrevisionen lyfter återigen hur viktigt det är att Arbetsförmedlingen blir bättre på att följa upp och utvärdera utbildningsinsatserna och se hur det går för deltagarna.</p><p>Med anledning av rekommendationerna i de tidigare granskningarna gav regeringen Arbetsförmedlingen i uppdrag att senast den 22 februari i år redogöra för hur man ska bli bättre på att följa upp, utvärdera och analysera Förberedande och orienterande utbildning. I Arbetsförmedlingens rapport som lämnades i fredags kan man läsa hur man har gjort och kommer att göra för att möta kritiken och bli bättre på att anvisa till rätt stöd i rätt tid.</p><p>Bland annat ska Arbetsförmedlingen tydligare definiera syftena med insatserna. Den arbetsmarknadspolitiska bedömningen behöver bli bättre och tydligare vara grunden för den plan som Arbetsförmedlingen tillsammans med den arbetssökande sätter upp, där målsättningar blir tydliga och kan kopplas till vilka insatser som den arbetssökande ska delta i. Detta ökar möjligheten till att rätt insats sätts in. Arbetsmarknadsinsatser som Förberedande och orienterande utbildning måste vara flexibla och förändras över tid för att möta förändringarna på arbetsmarknaden. Stöd ska givetvis ges utifrån individens behov.</p><p>Herr talman! Jag hyser en stark förhoppning om att de åtgärder som Arbetsförmedlingen nu avser att vidta kommer att motverka risken att arbetssökande anvisas till program enbart för att aktiveras, något som Vänsterpartiet lyfter fram i sin motion.</p><p>Om Arbetsförmedlingen blir bättre på att följa upp och analysera olika åtgärder så att vi får rätt stöd till rätt person i rätt tid ser jag inget behov av att utreda hela utbudet av Förberedande och orienterande utbildning. Däremot anser jag att utbudet kontinuerligt ska anpassas till individers behov och till arbetsmarknadens förutsättningar och att vi ska fasa ut de åtgärder som inte ger de resultat som förväntas.</p><p>Riksrevisionens rapport om uppfölj-ning av deltagare i Förberedande och orienterande utbild-ning inom etablerings-uppdraget</p><p>Målet för etableringsinsatserna är att människor ska kunna försörja sig själva och förstå och delta i samhällslivet. Huvudsaken är att vi bygger bästa möjliga stöd för dem som står utan jobb. Därtill ska vi alltid använda våra skattemedel på ett effektivt sätt. Därför är dessa granskningar viktiga och kan ge oss ett bra underlag för framtida beslut och, som i detta fall, starta ett förbättringsarbete hos myndigheterna.</p><p>Jag inledde med att beskriva arbetsmarknadsläget som oerhört positivt. Men vi har stora utmaningar, inte minst när det gäller att få fler utrikes födda kvinnor i arbete. Alltför många står alldeles för långt bort från ett jobb. Fler behöver utbilda sig för att möta framtidens behov på arbetsmarknaden. När de arbetsmarknadspolitiska bedömningarna och insatserna blir bättre och mer träffsäkra är jag övertygad om att det kommer bidra till att fler kommer att ha lättare att få och behålla ett arbete.</p><p>Avslutningsvis, herr talman, vill jag yrka avslag på motionen och bifall till utskottets förslag i betänkandet.</p><p>(Applåder)</p><p>Överläggningen var härmed avslutad.</p><p>(Beslut fattades under § 15.)</p><p>Kultur och fritid för barn och unga</p>","anf_beteckning":"2018/19:57-4","anf_nummer":"4","talare":"Johanna Haraldsson (S)","intressent_id":"0652497579621","parti":"S","anf_rm":"2018/19"}]}}}