{"dokumentstatus":{"dokument":{"hangar_id":"5012733","dok_id":"H601JuU8","rm":"2018/19","beteckning":"JuU8","typ":"bet","subtyp":"bet","doktyp":"bet","typrubrik":"Betänkande 2018/19:JuU8","dokumentnamn":"Betänkande","debattnamn":"Debatt om förslag","tempbeteckning":"","organ":"JuU","mottagare":"","nummer":"8","slutnummer":"0","datum":"2019-02-05 00:00:00","systemdatum":"2019-02-28 01:17:15","publicerad":"2018-12-01 11:00:00","titel":"2018 års redogörelse för tillämpningen av lagen om särskild utlänningskontroll","subtitel":"","status":"Webbpublicering","htmlformat":"html","relaterat_id":"","source":"RIM","sourceid":"7526816e-dd8e-4ecd-966d-b87015a816df","dokument_url_text":"http://data.riksdagen.se/dokument/H601JuU8/text","dokument_url_html":"http://data.riksdagen.se/dokument/H601JuU8","dokumentstatus_url_xml":"http://data.riksdagen.se/dokumentstatus/H601JuU8","utskottsforslag_url_xml":"http://data.riksdagen.se/utskottsforslag/H601JuU8","html":"<style><!--\r\n .w600px{width: 600px;font-family:Verdana, Geneva, sans-serif}\r\nh2.dtyp{font-size:1.5em !important;} \r\n/********************************************************************************************************/\r\n/* Styles for D:\\Logs\\DocumentConverter\\\\Output_516895c5-ca48-46e5-9f77-1cd3a6060fa9\\HTML\\Dokument.html */\r\n/* Generated by Aspose.Words for .NET 15.3.0.0                                                          */\r\n/********************************************************************************************************/\r\n\r\n@page Section1 { size:467.8pt 686.05pt; margin:45.35pt 102.05pt 73.7pt 70.85pt }\r\ndiv.Section1 { page:Section1 }\r\nzbody { text-align:justify; line-height:12.5pt; font-family:'Verdana'; font-size:9.5pt }\r\nzh1, h2, h3, h4, h5, h6, p { margin:3.1pt 0pt 0pt }\r\nzli, table { margin-top:3.1pt; margin-bottom:0pt }\r\nzh1 { margin-top:3.1pt; margin-bottom:12pt; text-align:left; page-break-after:avoid; line-height:12.5pt; font-family:'Verdana'; font-size:16pt; font-weight:normal }\r\nzh2 { margin-top:20pt; margin-bottom:6pt; text-align:left; page-break-inside:avoid; page-break-after:avoid; line-height:12.5pt; font-family:'Verdana'; font-size:13.5pt; font-weight:normal }\r\nzh3 { margin-top:20pt; margin-bottom:3.1pt; text-align:left; page-break-inside:avoid; page-break-after:avoid; line-height:12.5pt; font-family:'Verdana'; font-size:10.5pt; font-weight:bold }\r\nzh4 { margin-top:15pt; margin-bottom:3.1pt; text-align:left; page-break-inside:avoid; page-break-after:avoid; line-height:12.5pt; font-family:'Verdana'; font-size:10.5pt; font-weight:normal; font-style:italic; color:#000000 }\r\nzh5 { margin-top:6.25pt; margin-bottom:0pt; text-align:justify; page-break-inside:avoid; page-break-after:avoid; line-height:12.5pt; font-family:'Verdana'; font-size:9.5pt; font-weight:bold }\r\nzh6 { margin-top:6.25pt; margin-bottom:0pt; text-align:justify; page-break-inside:avoid; page-break-after:avoid; line-height:12.5pt; font-family:'Verdana'; font-size:9.5pt; font-weight:normal; font-style:italic; color:#000000 }\r\n.Heading7 { margin-top:2pt; margin-bottom:0pt; text-align:justify; page-break-inside:avoid; page-break-after:avoid; line-height:12.5pt; font-family:'Verdana'; font-size:9.5pt; font-weight:normal; font-style:italic; color:#243f60 }\r\n.Heading8 { margin-top:2pt; margin-bottom:0pt; text-align:justify; page-break-inside:avoid; page-break-after:avoid; line-height:12.5pt; font-family:'Verdana'; font-size:9pt; font-weight:normal; color:#272727 }\r\n.Heading9 { margin-top:2pt; margin-bottom:0pt; text-align:justify; page-break-inside:avoid; page-break-after:avoid; line-height:12.5pt; font-family:'Verdana'; font-size:9pt; font-weight:normal; font-style:italic; color:#272727 }\r\n.Avsnittsrubrik { margin-top:0pt; margin-bottom:27.7pt; text-align:left; page-break-before:always; page-break-after:avoid; line-height:normal; font-family:'Verdana'; font-size:16pt }\r\n.Avvikandemeningrubrik { margin-top:0pt; margin-bottom:3.1pt; text-align:left; page-break-inside:avoid; page-break-after:avoid; line-height:12.5pt; font-family:'Verdana'; font-size:10.5pt; font-weight:bold }\r\n.BalloonText { margin-top:3.1pt; margin-bottom:0pt; text-align:justify; line-height:normal; font-family:Tahoma; font-size:8pt }\r\n.Bilaga { margin-top:0pt; margin-bottom:0pt; text-align:left; page-break-before:always; page-break-after:avoid; line-height:normal; widows:0; orphans:0; font-family:'Verdana'; font-size:8pt; font-variant:small-caps; text-decoration:underline }\r\n.Bilagerubrik { margin-top:0pt; margin-bottom:17.7pt; text-align:left; page-break-after:auto; line-height:normal; widows:0; orphans:0; font-family:'Verdana'; font-size:16pt }\r\n.Bild-Rubrik { margin-top:8pt; margin-bottom:0pt; text-align:justify; page-break-inside:avoid; page-break-after:avoid; line-height:10pt; font-family:'Verdana'; font-size:9.5pt; font-weight:bold }\r\n.Bild-Underrubrik { margin-top:0pt; margin-bottom:1pt; text-align:left; page-break-inside:avoid; page-break-after:avoid; line-height:8pt; font-family:'Verdana'; font-size:8pt; font-weight:normal; font-style:italic }\r\n.BodyText { margin-top:3.1pt; margin-bottom:0pt; text-align:left; line-height:12.5pt; font-family:'Verdana'; font-size:9.5pt }\r\n.BodyTextIndent2 { margin-top:3.1pt; margin-left:14.15pt; margin-bottom:6pt; text-align:justify; line-height:200%; font-family:'Verdana'; font-size:9.5pt }\r\n.Citatindrag { margin-top:0pt; margin-left:14.2pt; margin-bottom:6.1pt; text-indent:14.2pt; text-align:justify; line-height:10pt; font-family:'Verdana'; font-size:9.5pt }\r\n.CommentText { margin-top:3.1pt; margin-bottom:0pt; text-align:justify; line-height:normal; font-family:'Verdana'; font-size:10pt }\r\n.Deltagare { margin-top:0pt; margin-bottom:0pt; text-align:justify; page-break-inside:avoid; page-break-after:avoid; line-height:9.5pt; font-family:'Verdana'; font-size:9.5pt }\r\n.Diagram-Rubrik { margin-top:8pt; margin-bottom:0pt; text-align:justify; page-break-inside:avoid; page-break-after:avoid; line-height:10pt; font-family:'Verdana'; font-size:9.5pt; font-weight:bold }\r\n.Diagram-Underrubrik { margin-top:0pt; margin-bottom:1pt; text-align:left; page-break-inside:avoid; page-break-after:avoid; line-height:8pt; font-family:'Verdana'; font-size:8pt; font-weight:normal; font-style:italic }\r\n.DokumentRubrik { margin-top:6pt; margin-bottom:24pt; text-align:left; line-height:normal; border-bottom-style:solid; border-bottom-width:0.75pt; border-bottom-color:#000000; padding-bottom:4pt; font-family:'Verdana'; font-size:18pt }\r\n.Dokumentbeteckning { margin-top:0pt; margin-bottom:0pt; text-align:left; page-break-inside:avoid; page-break-after:avoid; line-height:12.5pt; font-family:'Verdana'; font-size:16pt }\r\n.Footer { margin-top:3.1pt; margin-bottom:0pt; text-align:justify; line-height:normal; font-family:'Verdana'; font-size:9.5pt }\r\n.FootnoteText { margin-top:0pt; margin-bottom:0pt; text-align:justify; line-height:8pt; font-family:'Verdana'; font-size:8pt }\r\n.Fotnotstextindrag { margin-top:0pt; margin-left:5.65pt; margin-bottom:0pt; text-align:left; line-height:8pt; font-family:'Verdana'; font-size:8pt }\r\n.Frslagspunkt { margin-top:0pt; margin-bottom:0pt; text-align:left; page-break-inside:avoid; page-break-after:avoid; line-height:12.5pt; font-family:'Verdana'; font-size:9.5pt; font-weight:bold }\r\n.Frslagstext { margin-top:0pt; margin-bottom:0pt; text-align:justify; line-height:12.5pt; font-family:'Verdana'; font-size:9.5pt }\r\n.Frteckningsrubrik { margin-top:9.6pt; margin-bottom:3.1pt; text-align:left; page-break-inside:avoid; page-break-after:avoid; line-height:normal; font-family:'Verdana'; font-size:9.5pt; font-weight:normal; font-style:italic; color:#000000 }\r\n.Grupprubrik { margin-top:6pt; margin-bottom:0pt; text-align:left; page-break-inside:avoid; page-break-after:avoid; line-height:12.5pt; font-family:'Verdana'; font-size:9.5pt; font-style:italic }\r\n.Grupprubrikindrag { margin-top:6pt; margin-left:22.1pt; margin-bottom:0pt; text-align:left; page-break-inside:avoid; page-break-after:avoid; line-height:12.5pt; font-family:'Verdana'; font-size:9.5pt; font-style:italic }\r\n.Header { margin-top:0pt; margin-bottom:0pt; text-align:justify; line-height:normal; font-family:'Verdana'; font-size:7.5pt; font-variant:small-caps }\r\n.Innehllsfrteckning { margin-top:0pt; margin-bottom:17.7pt; text-align:left; page-break-before:always; page-break-after:auto; line-height:normal; font-family:'Verdana'; font-size:16pt }\r\n.Kantrubrik { margin-top:0pt; margin-bottom:0pt; text-align:justify; line-height:normal; font-family:'Verdana'; font-size:7.5pt }\r\n.ListBullet { margin-top:6.25pt; margin-left:17.85pt; margin-bottom:6.25pt; text-indent:-17.85pt; text-align:justify; line-height:12.5pt; font-family:'Verdana'; font-size:9.5pt }\r\n.ListParagraph { margin-top:3.1pt; margin-left:28.35pt; margin-bottom:0pt; text-align:justify; line-height:12.5pt; font-family:'Verdana'; font-size:9.5pt }\r\n.Litentext { margin-top:0pt; margin-bottom:0pt; text-align:justify; line-height:normal; font-family:'Verdana'; font-size:8pt }\r\n.Mellanrubrik { margin-top:11pt; margin-bottom:3.1pt; text-align:left; page-break-after:avoid; line-height:12.5pt; font-family:'Verdana'; font-size:9.5pt; font-style:italic }\r\n.Mellanrum { margin-top:0pt; margin-bottom:0pt; text-align:left; page-break-before:auto; page-break-after:auto; line-height:1pt; widows:0; orphans:0; font-family:'Verdana'; font-size:1pt; font-variant:small-caps; text-decoration:none; color:#ffffff }\r\n.NormalIndent { margin-top:0pt; margin-bottom:0pt; text-indent:11.35pt; text-align:justify; line-height:12.5pt; font-family:'Verdana'; font-size:9.5pt }\r\n.Normalinskjuten { margin-top:0pt; margin-left:22.1pt; margin-bottom:0pt; text-align:justify; line-height:12.5pt; font-family:'Verdana'; font-size:9.5pt }\r\n.Normalinskjutenindrag { margin-top:0pt; margin-left:22.1pt; margin-bottom:0pt; text-indent:11.35pt; text-align:justify; line-height:12.5pt; font-family:'Verdana'; font-size:9.5pt }\r\n.Normalinskjutenkursiv { margin-top:6pt; margin-bottom:0pt; line-height:normal; font-family:'Verdana'; font-size:10pt; font-style:italic }\r\n.Normalkursiv { margin-top:3.1pt; margin-bottom:0pt; text-align:left; line-height:12.5pt; font-family:'Verdana'; font-size:9.5pt; font-style:italic }\r\n.Normalruta { margin:3.1pt 5.65pt 0pt; text-align:justify; page-break-inside:avoid; page-break-after:avoid; line-height:12.5pt; border-top-style:solid; border-top-width:0.75pt; border-top-color:#000000; border-right-style:solid; border-right-width:0.75pt; border-right-color:#000000; border-left-style:solid; border-left-width:0.75pt; border-left-color:#000000; border-bottom-style:solid; border-bottom-width:0.75pt; border-bottom-color:#000000; padding-top:4pt; padding-right:4pt; padding-left:4pt; padding-bottom:4pt; font-family:'Verdana'; font-size:10.5pt }\r\n.Normalrutafet { margin:3.1pt 5.65pt 0pt; text-align:justify; page-break-inside:avoid; page-break-after:avoid; line-height:12.5pt; border-top-style:solid; border-top-width:0.75pt; border-top-color:#000000; border-right-style:solid; border-right-width:0.75pt; border-right-color:#000000; border-left-style:solid; border-left-width:0.75pt; border-left-color:#000000; border-bottom-style:solid; border-bottom-width:0.75pt; border-bottom-color:#000000; padding-top:4pt; padding-right:4pt; padding-left:4pt; padding-bottom:4pt; font-family:'Verdana'; font-size:10.5pt; font-weight:bold }\r\n.Normalrutaindrag { margin:0pt 5.65pt; text-indent:11.35pt; text-align:justify; page-break-inside:avoid; page-break-after:avoid; line-height:12.5pt; border-top-style:solid; border-top-width:0.75pt; border-top-color:#000000; border-right-style:solid; border-right-width:0.75pt; border-right-color:#000000; border-left-style:solid; border-left-width:0.75pt; border-left-color:#000000; border-bottom-style:solid; border-bottom-width:0.75pt; border-bottom-color:#000000; padding-top:4pt; padding-right:4pt; padding-left:4pt; padding-bottom:4pt; font-family:'Verdana'; font-size:10.5pt }\r\n.Normalutanluftfre { margin-top:0pt; margin-bottom:0pt; text-align:justify; line-height:12.5pt; font-family:'Verdana'; font-size:9.5pt }\r\n.NormalNoll { margin-top:0pt; margin-bottom:3.1pt; text-align:left; line-height:12.5pt; font-family:'Verdana'; font-size:10.5pt; font-weight:bold }\r\n.NumlistaTOC { margin:3.1pt 28.35pt 0pt 0pt; text-indent:0pt; text-align:left; line-height:normal; font-family:'Verdana'; font-size:9.5pt }\r\n.Ordfranden { margin-top:3.1pt; margin-bottom:22pt; text-align:left; page-break-inside:avoid; page-break-after:avoid; line-height:normal; font-family:'Verdana'; font-size:9.5pt; font-style:italic }\r\n.OrtochDatum { margin-top:18pt; margin-bottom:18pt; text-align:left; page-break-inside:avoid; page-break-after:avoid; line-height:normal; font-family:'Verdana'; font-size:9.5pt }\r\n.Punktlistabomb { margin-top:6.25pt; margin-left:14.2pt; margin-bottom:6.25pt; text-indent:-14.2pt; text-align:justify; line-height:12.5pt; font-family:'Verdana'; font-size:9.5pt }\r\n.Punktlistagemener { margin-top:6.25pt; margin-left:14.2pt; margin-bottom:6.25pt; text-indent:-14.2pt; text-align:justify; line-height:12.5pt; font-family:'Verdana'; font-size:9.5pt }\r\n.Punktlistalinje { margin-top:6.25pt; margin-left:14.2pt; margin-bottom:6.25pt; text-indent:-14.2pt; text-align:justify; line-height:12.5pt; font-family:'Verdana'; font-size:9.5pt }\r\n.Punktlistasiffra { margin-top:6.25pt; margin-left:14.2pt; margin-bottom:6.25pt; text-indent:-14.2pt; text-align:justify; line-height:12.5pt; font-family:'Verdana'; font-size:9.5pt }\r\n.PVgnar { margin-top:3.1pt; margin-bottom:26pt; text-align:left; page-break-inside:avoid; page-break-after:avoid; line-height:normal; font-family:'Verdana'; font-size:9.5pt }\r\n.Quote { margin-top:6.1pt; margin-left:14.2pt; margin-bottom:0pt; text-align:justify; line-height:10pt; font-family:'Verdana'; font-size:9.5pt }\r\n.R1 { margin-top:3.1pt; margin-bottom:12pt; text-align:left; page-break-after:avoid; line-height:12.5pt; font-family:'Verdana'; font-size:16pt }\r\n.R1bilaga { margin-top:3.1pt; margin-bottom:12pt; text-align:left; page-break-after:auto; line-height:12.5pt; font-family:'Verdana'; font-size:16pt }\r\n.R2 { margin-top:20pt; margin-bottom:6pt; text-align:left; page-break-inside:avoid; page-break-after:avoid; line-height:12.5pt; font-family:'Verdana'; font-size:13.5pt }\r\n.R3 { margin-top:20pt; margin-bottom:3.1pt; text-align:left; page-break-inside:avoid; page-break-after:avoid; line-height:12.5pt; font-family:'Verdana'; font-size:10.5pt; font-weight:bold }\r\n.R4 { margin-top:15pt; margin-bottom:3.1pt; text-align:left; page-break-inside:avoid; page-break-after:avoid; line-height:12.5pt; font-family:'Verdana'; font-size:10.5pt; font-weight:normal; font-style:italic; color:#000000 }\r\n.R5 { margin-top:6.25pt; margin-bottom:0pt; text-align:justify; page-break-inside:avoid; page-break-after:avoid; line-height:12.5pt; font-family:'Verdana'; font-size:9.5pt; font-weight:bold }\r\n.R6 { margin-top:6.25pt; margin-bottom:0pt; text-align:justify; page-break-inside:avoid; page-break-after:avoid; line-height:12.5pt; font-family:'Verdana'; font-size:9.5pt; font-weight:normal; font-style:italic; color:#000000 }\r\n.Reservationshnvisning { margin-top:0pt; margin-bottom:8pt; text-align:right; line-height:12.5pt; font-family:'Verdana'; font-size:9.5pt; font-style:italic }\r\n.Reservationsrubrik { margin-top:0pt; margin-bottom:3.1pt; text-align:left; page-break-inside:avoid; page-break-after:avoid; line-height:12.5pt; font-family:'Verdana'; font-size:10.5pt; font-weight:bold }\r\n.Rubrik1Dokumentinformation { margin-top:0pt; margin-bottom:0pt; text-align:left; page-break-inside:avoid; page-break-after:avoid; line-height:12.5pt; font-family:'Verdana'; font-size:16pt }\r\n.Rubrik1bilaga { margin-top:0pt; margin-bottom:27.7pt; text-align:left; page-break-after:auto; line-height:12.5pt; font-family:'Verdana'; font-size:16pt }\r\n.Rubrik1medsidhuvud { margin-top:3.1pt; margin-bottom:12pt; text-align:left; page-break-before:always; page-break-after:avoid; line-height:12.5pt; font-family:'Verdana'; font-size:16pt }\r\n.Rubrik1numrerat { margin-top:3.1pt; margin-left:0pt; margin-bottom:12pt; text-indent:0pt; text-align:left; page-break-after:avoid; line-height:12.5pt; font-family:'Verdana'; font-size:16pt }\r\n.Rubrik1numreratmedsidhuvud { margin-top:0pt; margin-left:0pt; margin-bottom:16pt; text-indent:0pt; text-align:left; page-break-before:always; page-break-after:avoid; line-height:normal; font-family:'Verdana'; font-size:16pt }\r\n.Rubrik2bilaga { margin-top:20pt; margin-bottom:6pt; text-align:left; page-break-inside:avoid; page-break-after:avoid; line-height:12.5pt; font-family:'Verdana'; font-size:13.5pt }\r\n.Rubrik2numrerat { margin-top:20pt; margin-left:0pt; margin-bottom:6pt; text-indent:0pt; text-align:left; page-break-inside:avoid; page-break-after:avoid; line-height:12.5pt; font-family:'Verdana'; font-size:13.5pt }\r\n.Rubrik3numrerat { margin-top:20pt; margin-left:0pt; margin-bottom:3.1pt; text-indent:0pt; text-align:left; page-break-inside:avoid; page-break-after:avoid; line-height:12.5pt; font-family:'Verdana'; font-size:10.5pt; font-weight:bold }\r\n.Sammanfattning { margin-top:3.1pt; margin-bottom:12pt; text-align:left; page-break-after:auto; line-height:12.5pt; font-family:'Verdana'; font-size:16pt }\r\n.Sidhuvudhgerstlld { margin-top:0pt; margin-bottom:0pt; text-align:right; line-height:normal; font-family:'Verdana'; font-size:7.5pt; font-variant:small-caps }\r\n.Sidhuvudvnsterstlld { margin-top:0pt; margin-bottom:0pt; text-align:left; line-height:normal; font-family:'Verdana'; font-size:7.5pt; font-variant:small-caps }\r\n.Stdrubrik { margin-top:12pt; margin-bottom:0pt; line-height:12pt; font-family:'Verdana'; font-size:9.5pt; font-weight:bold }\r\n.Srskiltyttranderubrik { margin-top:0pt; margin-bottom:3.1pt; text-align:left; page-break-inside:avoid; page-break-after:avoid; line-height:12.5pt; font-family:'Verdana'; font-size:10.5pt; font-weight:bold }\r\n.TOC1 { margin-top:0pt; margin-right:28.35pt; margin-bottom:0pt; text-align:left; line-height:normal; font-family:'Verdana'; font-size:9.5pt }\r\n.TOC2 { margin:0pt 28.35pt 0pt 5.65pt; text-align:left; line-height:normal; font-family:'Verdana'; font-size:9.5pt }\r\n.TOC3 { margin:0pt 28.35pt 0pt 11.35pt; text-align:left; line-height:normal; font-family:'Verdana'; font-size:9.5pt }\r\n.TOC4 { margin:0pt 28.35pt 0pt 17pt; text-align:left; line-height:normal; font-family:'Verdana'; font-size:9.5pt }\r\n.TOC5 { margin:0pt 28.35pt 0pt 22.7pt; text-align:left; line-height:normal; font-family:'Verdana'; font-size:9.5pt }\r\n.TOC6 { margin-top:0pt; margin-left:47.65pt; margin-bottom:0pt; text-align:left; line-height:normal; font-family:'Verdana'; font-size:9.5pt }\r\n.TOC7 { margin-top:0pt; margin-right:28.35pt; margin-bottom:0pt; text-align:left; line-height:normal; font-family:'Verdana'; font-size:9.5pt }\r\n.TOC8 { margin-top:0pt; margin-right:28.35pt; margin-bottom:0pt; text-align:left; line-height:normal; font-family:'Verdana'; font-size:9.5pt }\r\n.TOC9 { margin-top:0pt; margin-left:8.5pt; margin-bottom:0pt; text-align:left; line-height:normal; font-family:'Verdana'; font-size:9.5pt }\r\n.TOCHeading { margin-top:3.1pt; margin-bottom:9pt; text-align:left; page-break-before:always; page-break-inside:avoid; page-break-after:avoid; line-height:12.5pt; font-family:'Verdana'; font-size:16pt }\r\n.Tabell-Kolumnrubrik { margin-bottom:0pt; line-height:12pt; font-family:'Verdana'; font-size:8pt; font-weight:bold }\r\n.Tabell-Klla { margin-top:2pt; margin-bottom:0pt; line-height:8pt; font-family:'Verdana'; font-size:7pt }\r\n.Tabell-Radrubrik { margin-bottom:0pt; line-height:12pt; font-family:'Verdana'; font-size:8pt }\r\n.Tabell-Rubrik { margin-top:12pt; margin-bottom:3pt; text-align:left; page-break-inside:avoid; page-break-after:avoid; line-height:10pt; font-family:'Verdana'; font-size:9pt; font-weight:bold }\r\n.Tabell-Siffror { margin-bottom:0pt; text-align:right; line-height:12pt; font-family:'Verdana'; font-size:8pt }\r\n.Tabell-Text { margin-bottom:0pt; line-height:12pt; font-family:'Verdana'; font-size:8pt }\r\n.Tabell-Underrubrik { margin-top:0pt; margin-bottom:1pt; text-align:left; page-break-inside:avoid; page-break-after:avoid; line-height:8pt; font-family:'Verdana'; font-size:8pt; font-weight:normal; font-style:italic }\r\n.TableofFigures { margin-top:3.1pt; margin-bottom:0pt; text-align:justify; line-height:normal; font-family:'Verdana'; font-size:9.5pt }\r\n.TillX-utskottet { margin-top:0pt; margin-bottom:12pt; text-align:left; page-break-after:avoid; line-height:12.5pt; font-family:'Verdana'; font-size:16pt }\r\n.Title { margin-top:3.1pt; margin-bottom:1pt; text-align:left; line-height:12pt; font-family:'Verdana'; font-size:20pt; letter-spacing:-0.5pt }\r\n.Vapen { margin-top:0pt; margin-bottom:0pt; text-align:left; page-break-inside:avoid; page-break-after:avoid; line-height:12.5pt; font-family:'Verdana'; font-size:16pt }\r\n.Yrkandelista { margin-top:3.1pt; margin-left:28.35pt; margin-bottom:0pt; text-indent:-28.35pt; text-align:justify; line-height:12.5pt; font-family:'Verdana'; font-size:9.5pt }\r\n.YrkandelistaEtt { margin-top:3.1pt; margin-left:0pt; margin-bottom:0pt; text-indent:0pt; text-align:justify; line-height:12.5pt; font-family:'Verdana'; font-size:9.5pt }\r\nspan.BallongtextChar { font-family:Tahoma; font-size:8pt }\r\nspan.BilagaChar { font-family:'Verdana'; font-size:8pt; font-variant:small-caps; text-decoration:underline }\r\nspan.BrdtextChar { font-family:'Verdana'; font-size:9.5pt }\r\nspan.BrdtextChar1 { font-family:'Verdana'; font-size:9.5pt }\r\nspan.Brdtextmedindrag2Char { font-family:'Verdana'; font-size:9.5pt }\r\nspan.CitatChar { font-family:'Verdana'; font-size:9.5pt }\r\nspan.DokumentRubrikChar { font-family:'Verdana'; font-size:18pt }\r\nspan.FotnotstextChar { font-family:'Verdana'; font-size:8pt }\r\nspan.FotnotstextindragChar { font-family:'Verdana'; font-size:8pt }\r\nspan.FrslagspunktChar { font-family:'Verdana'; font-size:9.5pt; font-weight:bold; font-style:normal }\r\nspan.Hyperlink { text-decoration:none; color:#000000 }\r\nspan.KommentarerChar { font-family:'Verdana'; font-size:10pt }\r\nspan.NormalkursivChar { font-family:'Verdana'; font-size:9.5pt; font-style:italic }\r\nspan.NormaltindragChar { font-family:'Verdana'; font-size:9.5pt }\r\nspan.OrdfrandenChar { font-family:'Verdana'; font-size:9.5pt; font-style:italic }\r\nspan.OrtochDatumChar { font-family:'Verdana'; font-size:9.5pt }\r\nspan.PlaceholderText { color:#808080 }\r\nspan.PVgnarChar { font-family:'Verdana'; font-size:9.5pt }\r\nspan.ReservationshnvisningChar { font-family:'Verdana'; font-size:9.5pt; font-style:italic }\r\nspan.Rubrik1Char { font-family:'Verdana'; font-size:16pt }\r\nspan.Rubrik1DokumentinformationChar { font-family:'Verdana'; font-size:16pt }\r\nspan.Rubrik2Char { font-family:'Verdana'; font-size:13.5pt }\r\nspan.Rubrik3Char { font-family:'Verdana'; font-size:10.5pt; font-weight:bold }\r\nspan.Rubrik4Char { font-family:'Verdana'; font-size:10.5pt; font-style:italic; color:#000000 }\r\nspan.Rubrik5Char { font-family:'Verdana'; font-size:9.5pt; font-weight:bold }\r\nspan.Rubrik6Char { font-family:'Verdana'; font-size:9.5pt; font-style:italic; color:#000000 }\r\nspan.Rubrik7Char { font-family:'Verdana'; font-size:9.5pt; font-style:italic; color:#243f60 }\r\nspan.Rubrik8Char { font-family:'Verdana'; font-size:9pt; color:#272727 }\r\nspan.Rubrik9Char { font-family:'Verdana'; font-size:9pt; font-style:italic; color:#272727 }\r\nspan.RubrikChar { font-family:'Verdana'; font-size:20pt; letter-spacing:-0.5pt }\r\nspan.SidfotChar { font-family:'Verdana'; font-size:9.5pt }\r\nspan.SidhuvudChar { font-family:'Verdana'; font-size:7.5pt; font-variant:small-caps }\r\nspan.Tabell-Upphjttecken { font-family:'Verdana'; font-variant:normal; text-decoration:none; text-transform:none; vertical-align:super; display:inline }\r\nspan.VapenChar { font-family:'Verdana'; font-size:16pt }\r\nspan.tBilagaJA { color:#000000 }\r\nspan.tSidrubrikJA { color:#000000 }\r\n.TableGrid {  }\r\n--></style>\r\n\r\n\t\t<div class=\"Section1\">\r\n\t\t\t<table cellspacing=\"0\" cellpadding=\"0\" style=\"border-collapse:collapse; margin-left:0pt\">\r\n\t\t\t\t<tr style=\"height:79.4pt\">\r\n\t\t\t\t\t<td style=\"vertical-align:top; width:297.7pt\">\r\n\t\t\t\t\t\t<p class=\"Rubrik1Dokumentinformation\" style=\"margin-top:0pt; margin-bottom:0pt; text-align:left; page-break-inside:avoid; page-break-after:avoid; line-height:16pt\">\r\n\t\t\t\t\t\t\t<span style=\"font-family:'Verdana'; font-size:16pt; -aw-sdt-tag:ccUtskott; -aw-sdt-title:'utskottsnamn Dokumentegenskap'\">Justitieutskottet</span><span style=\"font-family:'Verdana'; font-size:16pt; -aw-sdt-tag:ccS; -aw-sdt-title:s\">s</span><span style=\"font-family:'Verdana'; font-size:16pt; -aw-sdt-tag:ccMellanslag; -aw-sdt-title:Mellanslag\"> </span><a name=\"Utlatande\"></a><span style=\"font-family:'Verdana'; font-size:16pt\">betänkande</span>\r\n\t\t\t\t\t\t</p>\r\n\t\t\t\t\t\t<p class=\"Dokumentbeteckning\" style=\"margin-top:0pt; margin-bottom:0pt; text-align:left; page-break-inside:avoid; page-break-after:avoid; line-height:16pt\">\r\n\t\t\t\t\t\t\t<span style=\"font-family:'Verdana'; font-size:16pt; -aw-sdt-tag:ccRiksmote; -aw-sdt-title:'riksmote Dokumentegenskap'\">2018/19</span><span style=\"font-family:'Verdana'; font-size:16pt; -aw-sdt-tag:ccKolon; -aw-sdt-title:Kolon\">:</span><a name=\"Utskottebeteckning\"></a><span style=\"font-family:'Verdana'; font-size:16pt\">JuU8</span>\r\n\t\t\t\t\t\t</p>\r\n\t\t\t\t\t\t<p class=\"Rubrik1Dokumentinformation\" style=\"margin-top:0pt; margin-bottom:0pt; text-align:left; page-break-inside:avoid; page-break-after:avoid; line-height:16pt\">\r\n\t\t\t\t\t\t\t<span style=\"font-family:'Verdana'; font-size:16pt\"> </span>\r\n\t\t\t\t\t\t</p>\r\n\t\t\t\t\t</td>\r\n\t\t\t\t</tr>\r\n\t\t\t</table>\r\n\t\t\t<p class=\"DokumentRubrik\" style=\"-aw-sdt-tag:ccDokumentrubrik; -aw-sdt-title:'dokumentrubrik Dokumentegenskap'\">\r\n\t\t\t\t<span>2018 års redogörelse för tillämpningen av lagen om särskild utlänningskontroll</span>\r\n\t\t\t</p>\r\n\t\t\t<p class=\"Sammanfattning\">\r\n\t\t\t\t<span class=\"tSidrubrikJA\">Sammanfattning</span>\r\n\t\t\t</p>\r\n\t\t\t<p>\r\n\t\t\t\t<span>Utskottet </span><span>föreslår att riksdagen </span><span>lägger </span><span>regeringens </span><span>skrivelse till handlingarna.</span>\r\n\t\t\t</p>\r\n\t\t\t<p class=\"NormalIndent\">\r\n\t\t\t\t<span> </span>\r\n\t\t\t</p>\r\n\t\t\t<p class=\"NormalIndent\">\r\n\t\t\t\t<span> </span>\r\n\t\t\t</p>\r\n\t\t\t<p class=\"NormalIndent\">\r\n\t\t\t\t<span> </span>\r\n\t\t\t</p>\r\n\t\t\t<p class=\"R4\">\r\n\t\t\t\t<span>Behandlade förslag</span>\r\n\t\t\t</p>\r\n\t\t\t<p>\r\n\t\t\t\t<span>Skrivelse 2018/19:17 201</span><span>8</span><span> års redogörelse för tillämpningen av lagen om särskild utlänningskontroll.</span>\r\n\t\t\t</p>\r\n\t\t\t<p>\r\n\t\t\t\t<span> </span>\r\n\t\t\t</p>\r\n\t\t\t<p class=\"Innehllsfrteckning\">\r\n\t\t\t\t<a name=\"Innehållsförteckning\"></a><span class=\"tSidrubrikJA\">Innehållsförteckning</span>\r\n\t\t\t</p>\r\n\t\t\t<p class=\"TOC1\">\r\n\t\t\t\t<a style=\"color:#000000\" href=\"#_Toc536537460\"><span class=\"Hyperlink\">Utskottets förslag till riksdagsbeslut</span></a>\r\n\t\t\t</p>\r\n\t\t\t<p class=\"TOC1\">\r\n\t\t\t\t<a style=\"color:#000000\" href=\"#_Toc536537461\"><span class=\"Hyperlink\">Redogörelse för ärendet</span></a>\r\n\t\t\t</p>\r\n\t\t\t<p class=\"TOC1\">\r\n\t\t\t\t<a style=\"color:#000000\" href=\"#_Toc536537462\"><span class=\"Hyperlink\">Utskottets överväganden</span></a>\r\n\t\t\t</p>\r\n\t\t\t<p class=\"TOC2\">\r\n\t\t\t\t<a style=\"color:#000000\" href=\"#_Toc536537463\"><span class=\"Hyperlink\">2018 års redogörelse för tillämpningen av lagen om särskild utlänningskontroll</span></a>\r\n\t\t\t</p>\r\n\t\t\t<p class=\"TOC8\">\r\n\t\t\t\t<span class=\"Hyperlink\" style=\"font-style:italic\">Bilaga</span><br /><a style=\"color:#000000\" href=\"#_Toc536537464\"><span class=\"Hyperlink\">Förteckning över behandlade förslag</span></a>\r\n\t\t\t</p>\r\n\t\t\t<p class=\"TOC9\">\r\n\t\t\t\t<a style=\"color:#000000\" href=\"#_Toc536537465\"><span class=\"Hyperlink\">Skrivelsen</span></a>\r\n\t\t\t</p>\r\n\t\t\t<p>\r\n\t\t\t</p>\r\n\t\t\t<p>\r\n\t\t\t\t<span> </span>\r\n\t\t\t</p>\r\n\t\t\t<p class=\"NormalIndent\">\r\n\t\t\t\t<span> </span>\r\n\t\t\t</p>\r\n\t\t\t<p class=\"Avsnittsrubrik\">\r\n\t\t\t\t<a name=\"StopCC\"></a><a name=\"_Toc536537460\"><span style=\"-aw-bookmark-end:StopCC\"></span><span class=\"tSidrubrikJA\">Utskottets förslag till riksdagsbeslut</span></a>\r\n\t\t\t</p>\r\n\t\t\t<p class=\"Mellanrum\">\r\n\t\t\t\t<span> </span>\r\n\t\t\t</p>\r\n\t\t\t<p class=\"Mellanrum\">\r\n\t\t\t\t<span> </span>\r\n\t\t\t</p>\r\n\t\t\t<table cellspacing=\"0\" cellpadding=\"0\" style=\"border-collapse:collapse; margin-left:0pt; width:294.2pt\">\r\n\t\t\t\t<tr>\r\n\t\t\t\t\t<td style=\"vertical-align:top; width:22pt\">\r\n\t\t\t\t\t\t<p style=\"margin-top:3.1pt; margin-bottom:0pt; text-align:justify; page-break-inside:avoid; page-break-after:avoid; line-height:12.5pt\">\r\n\t\t\t\t\t\t\t<span style=\"font-family:'Verdana'; font-size:10.5pt; font-weight:bold\">2018 års redogörelse för tillämpningen av lagen om särskild utlänningskontroll</span>\r\n\t\t\t\t\t\t</p>\r\n\t\t\t\t\t</td>\r\n\t\t\t\t</tr>\r\n\t\t\t</table>\r\n\t\t\t<p class=\"Normalutanluftfre\" style=\"-aw-sdt-tag:'dokumentavsnitt/utskottets förslag till riksdagsbeslut/-101616209/1549372539895'; -aw-sdt-title:'utskottets förslag till riksdagsbeslut'\">\r\n\t\t\t\t<span>Riksdagen lägger skrivelse 2018/19:17 till handlingarna.</span>\r\n\t\t\t</p>\r\n\t\t\t<p class=\"Mellanrum\" style=\"-aw-sdt-tag:'dokumentavsnitt/utskottets förslag till riksdagsbeslut/-101616209/1549372539895'; -aw-sdt-title:'utskottets förslag till riksdagsbeslut'\">\r\n\t\t\t\t<span> </span>\r\n\t\t\t</p>\r\n\t\t\t<p class=\"OrtochDatum\" style=\"-aw-sdt-tag:'dokumentavsnitt/utskottets förslag till riksdagsbeslut/-101616209/1549372539895'; -aw-sdt-title:'utskottets förslag till riksdagsbeslut'\">\r\n\t\t\t\t<span>Stockholm den 5 februari 2019</span>\r\n\t\t\t</p>\r\n\t\t\t<p class=\"PVgnar\" style=\"-aw-sdt-tag:'dokumentavsnitt/utskottets förslag till riksdagsbeslut/-101616209/1549372539895'; -aw-sdt-title:'utskottets förslag till riksdagsbeslut'\">\r\n\t\t\t\t<span>På justitieutskottets vägnar</span>\r\n\t\t\t</p>\r\n\t\t\t<p class=\"Ordfranden\" style=\"-aw-sdt-tag:'dokumentavsnitt/utskottets förslag till riksdagsbeslut/-101616209/1549372539895'; -aw-sdt-title:'utskottets förslag till riksdagsbeslut'\">\r\n\t\t\t\t<span>Fredrik Lundh Sammeli</span>\r\n\t\t\t</p>\r\n\t\t\t<p class=\"Deltagare\" style=\"-aw-sdt-tag:'dokumentavsnitt/utskottets förslag till riksdagsbeslut/-101616209/1549372539895'; -aw-sdt-title:'utskottets förslag till riksdagsbeslut'\">\r\n\t\t\t\t<span>Följande ledamöter har deltagit i beslutet: Fredrik Lundh Sammeli (S), Andreas Carlson (KD), Tomas Tobé (M), Petter Löberg (S), Carl-Oskar Bohlin (M), Adam Marttinen (SD), Maria Strömkvist (S), Linda Westerlund Snecker (V), Kristina Axén Olin (M), Katja Nyberg (SD), Joakim Sandell (S), Carina Ödebrink (S), Johan Pehrson (L), Henrik Vinge (SD), Rasmus Ling (MP), Ingemar Kihlström (KD) och Jonny Cato Hansson (C).</span>\r\n\t\t\t</p>\r\n\t\t\t<p class=\"Mellanrum\" style=\"-aw-sdt-tag:'dokumentavsnitt/utskottets förslag till riksdagsbeslut/-101616209/1549372539895'; -aw-sdt-title:'utskottets förslag till riksdagsbeslut'\">\r\n\t\t\t\t<span> </span>\r\n\t\t\t</p>\r\n\t\t\t<p class=\"Mellanrum\" style=\"-aw-sdt-tag:'dokumentavsnitt/utskottets förslag till riksdagsbeslut/-101616209/1549372539895'; -aw-sdt-title:'utskottets förslag till riksdagsbeslut'\">\r\n\t\t\t\t<span> </span>\r\n\t\t\t</p>\r\n\t\t\t<p class=\"Mellanrum\" style=\"-aw-sdt-tag:'dokumentavsnitt/utskottets förslag till riksdagsbeslut/-101616209/1549372539895'; -aw-sdt-title:'utskottets förslag till riksdagsbeslut'\">\r\n\t\t\t\t<span style=\"font-size:9.5pt\"> </span>\r\n\t\t\t</p>\r\n\t\t\t<p>\r\n\t\t\t\t<span> </span>\r\n\t\t\t</p>\r\n\t\t\t<p class=\"Avsnittsrubrik\">\r\n\t\t\t\t<a name=\"SlutUtskottsForslag\"></a><a name=\"_Toc536537461\"><span style=\"-aw-bookmark-end:SlutUtskottsForslag\"></span><span class=\"tSidrubrikJA\">Redogörelse för ärendet</span></a>\r\n\t\t\t</p>\r\n\t\t\t<p>\r\n\t\t\t\t<span>Särskilda bestämmelser som syftar till att bekämpa terrorism infördes i svensk lagstiftning genom lagen (1973:162) om särskilda åtgärder till förebyggande av vissa våldsdåd med internationell bakgrund. Bestämmelserna har ändrats vid flera tillfällen. Sedan den 1 juli 1991 återfinns de i lagen (1991:572) om särskild utlänningskontroll.</span>\r\n\t\t\t</p>\r\n\t\t\t<p class=\"NormalIndent\">\r\n\t\t\t\t<span>Parlamentarisk kontroll av regeringens tillämpning av bestämmelserna utövas genom att regeringen varje år lämnar en skrivelse till riksdagen.</span>\r\n\t\t\t</p>\r\n\t\t\t<p class=\"NormalIndent\">\r\n\t\t\t\t<span>I skrivelsen 2018</span><span> års redogörelse för tillämpningen av lagen om särski</span><span>ld utlänningskontroll (</span><span>skr</span><span>. 2018</span><span>/1</span><span>9</span><span>:</span><span>1</span><span>7) redogör regeringen för tillämpningen av lagen under perioden fr.o.m. den 1 juli </span><span>2017</span><span> t.o.m. den 30 juni 201</span><span>8</span><span> och för utvecklingen av den internationella terrorismen under samma period.</span>\r\n\t\t\t</p>\r\n\t\t\t<p class=\"NormalIndent\">\r\n\t\t\t\t<span>Det har inte väckts någon motion med anledning av skrivelsen.</span>\r\n\t\t\t</p>\r\n\t\t\t<p class=\"Avsnittsrubrik\">\r\n\t\t\t\t<a name=\"_Toc536537462\"><span class=\"tSidrubrikJA\">Utskottets överväganden</span></a>\r\n\t\t\t</p>\r\n\t\t\t<h2 style=\"-aw-sdt-tag:ea10f9cb-ff79-43d0-b351-b8b51889d7a7/förslagsrutor/337297807/1548084622547; -aw-sdt-title:förslagsrutor\">\r\n\t\t\t\t<a name=\"_Toc536537463\"><span>2018 års redogörelse för tillämpningen av lagen om särskild utlänningskontroll</span></a>\r\n\t\t\t</h2>\r\n\t\t\t<div style=\"border-bottom-color:#000000; border-bottom-style:solid; border-bottom-width:0.75pt; border-left-color:#000000; border-left-style:solid; border-left-width:0.75pt; border-right-color:#000000; border-right-style:solid; border-right-width:0.75pt; border-top-color:#000000; border-top-style:solid; border-top-width:0.75pt; clear:both; margin:3.1pt 0.9pt 0pt\">\r\n\t\t\t\t<p class=\"Normalrutafet\" style=\"margin:0pt; padding-right:4pt; padding-left:4pt\">\r\n\t\t\t\t\t<span style=\"-aw-bookmark-end:_Toc536537463\"></span><span>Utskottets förslag i korthet</span>\r\n\t\t\t\t</p>\r\n\t\t\t\t<p class=\"Normalruta\" style=\"margin:0pt; padding-right:4pt; padding-left:4pt; padding-bottom:4pt\">\r\n\t\t\t\t\t<span>Riksdagen lägger skrivelsen till handlingarna.</span>\r\n\t\t\t\t</p>\r\n\t\t\t</div>\r\n\t\t\t<p class=\"Mellanrum\">\r\n\t\t\t\t<span> </span>\r\n\t\t\t</p>\r\n\t\t\t<p class=\"R3\">\r\n\t\t\t\t<span>Skrivelsen</span>\r\n\t\t\t</p>\r\n\t\t\t<p>\r\n\t\t\t\t<span>I betänkandet</span><span> behandlar utsk</span><span>ottet regeringens skrivelse 2018</span><span> års redogörelse för tillämpningen av lagen om s</span><span>ärskild utlänningskontroll (</span><span>skr</span><span>. </span><span>2018</span><span>/1</span><span>9:17</span><span>). Skrivelsen omfattar </span><span>perioden fr.o.m. den 1 juli 2017</span><span> t.o.m. den 30 juni 201</span><span>8</span><span>. Till grund för skrivelsen ligger ett underlag f</span><span>rån Säkerhetspolisen (dnr Ju2018/03123</span><span>/L4).</span>\r\n\t\t\t</p>\r\n\t\t\t<p class=\"R4\">\r\n\t\t\t\t<span>Tillämpningen av lage</span><span>n under perioden den 1 juli 2017</span><span>–30 juni 201</span><span>8</span>\r\n\t\t\t</p>\r\n\t\t\t<p>\r\n\t\t\t\t<span>Av skrivelsen framgår att regeringen under de</span><span>n aktuella perioden fattade två</span><span> beslut med stöd av lagen. </span><span>Ett</span><span> av besluten innebar avslag på </span><span>ett </span><span>överklagande av Migrationsverkets beslut om utvisning. </span><span>Genom d</span><span>e</span><span>t</span><span> </span><span>andra</span><span> beslute</span><span>t</span><span> inhib</span><span>erades</span><span> ett tidigare meddelat beslut om utvisning</span><span>,</span><span> </span><span>och samtidigt beslutades</span><span> </span><span>det </span><span>om anmälningsplikt.</span>\r\n\t\t\t</p>\r\n\t\t\t<p class=\"R4\">\r\n\t\t\t\t<span>Utvecklingen av den internationella terrorismen</span>\r\n\t\t\t</p>\r\n\t\t\t<p>\r\n\t\t\t\t<span>I skrivelsen redovisar regeringen även utvecklingen av den internationella terrorismen och Sveriges medverkan i det internationella arbetet mot terrorism.</span>\r\n\t\t\t</p>\r\n\t\t\t<p class=\"NormalIndent\">\r\n\t\t\t\t<span>Det framgår att terrorhotet, såväl internationellt som mot svenska intressen, främst kommer från aktörer motiverade av våldsbejakande islamistiska ideologier. Dessa aktörer utgörs av större organisationer, t.ex. </span><span>Daish</span><span> och al-Qaida samt deras lokala och regionala grenar, mindre terroristgrupper samt av ensamagerande gärningspersoner. Sammantaget bedöms hotet från vålds</span><span>­</span><span>bejakande islamister mot Sverige vara förhöjt.</span>\r\n\t\t\t</p>\r\n\t\t\t<p class=\"NormalIndent\">\r\n\t\t\t\t<span>Den ökade pressen från</span><span> den globala koalitionen mot </span><span>Dai</span><span>sh</span><span> och andra</span><span> </span><span>stridande parter i Syrien och Irak har drivit </span><span>D</span><span>ai</span><span>sh</span><span>, al-Qaida och andra</span><span> </span><span>terroristorganisationer in</span><span> i ett trängt militärt läge. </span><span>Dai</span><span>shs</span><span> propaganda har</span><span> </span><span>försämrats i kvalitet och fått </span><span>minskad spridning, trots att </span><span>Daish</span><span> p</span><span>å grund av</span><span> motgångarna</span><span> ökat sina ansträngningar att inspirera</span><span> </span><span>anhängare i västvärlden att utföra terrorattentat i sina respektive hemländer.</span><span> </span><span>Denna </span><span>utveckling minskar sannolikt </span><span>Dai</span><span>shs</span><span> attraktionskraft och</span><span> </span><span>kan på sikt leda till färre attentat som har ett inspirerande syfte.</span>\r\n\t\t\t</p>\r\n\t\t\t<p class=\"NormalIndent\">\r\n\t\t\t\t<span>Dai</span><span>sh</span><span>, al-Qaida och liknande grupper prioriterar för närvarande sannolikt</span><span> </span><span>lokala och regionala strider mot meningsmotståndare, framför planering</span><span> </span><span>och genomförande av attentat mot västerländska intressen. I de flesta</span><span> </span><span>områden där dessa grupper verkar är detta en nödvändig prioritering till</span><span> </span><span>följd av ett ansträngt militärt läge. De lokala och regionala striderna</span><span> </span><span>utspelas i svaga stater eller konfliktområden där terroristorganisationerna</span><span> </span><span>har förmåga att underminera staten och skapa lokal förankring. På sikt är</span><span> </span><span>dessa konfliktområden sannolikt en grogrund för radikalisering och</span><span> </span><span>rekrytering, vilket innebär att terroristorganisationerna kan samla resurser</span><span> </span><span>för att på nytt genomföra attentat mot västvärlden.</span>\r\n\t\t\t</p>\r\n\t\t\t<p class=\"NormalIndent\">\r\n\t\t\t\t<span>Det finns i nuläget ett stort antal svenska individer som är anslutna till</span><span> </span><span>våldsbejakande islamistiska grupper utomlands. Jämfört med perioden</span><span> </span><span>2014–2016 reser nu endast ett fåtal européer, och nästintill inga svenskar,</span><span> </span><span>till och från terroristgrupper i Syrien och Irak. Detta är dels en konsekvens</span><span> </span><span>av svårigheterna att ta sig in i och ut ur konfliktområdet, t.ex. på</span><span> </span><span>grund av skärpta gränskontroller, dels en följd av bättre internationellt</span><span> </span><span>samarbete. Därutöver har såväl andra oppositionella grupper som statsmakten</span><span> </span><span>återtagit kontroll</span><span>en</span><span> över territorier i Syrien och Irak som tidigare</span><span> </span><span>kunde utnyttjas av terroristgrupperna.</span>\r\n\t\t\t</p>\r\n\t\t\t<p class=\"NormalIndent\">\r\n\t\t\t\t<span>Det finns sannolikt ett</span><span> </span><span>intresse bland västerländska våldsbejakande islamister att resa till andra</span><span> </span><span>konfliktområden än Syrien och Irak. I jämförelse med den stora mängd</span><span> </span><span>utländska resenärer som reste ti</span><span>ll Syrien och Irak efter att </span><span>Dai</span><span>sh</span><span> hade</span><span> </span><span>utropat sitt s.k.</span><span> kalifat, saknar dock andra potentiella konfliktområden</span><span> </span><span>sannolikt attraktionskraft och logistiska förutsättningar att ta</span><span> </span><span>emot mer än ett mindre antal stridande under de närmast kommande</span><span> </span><span>åren.</span>\r\n\t\t\t</p>\r\n\t\t\t<p class=\"NormalIndent\">\r\n\t\t\t\t<span>Gärningspersoner som är födda, uppvuxna eller bosatta i det land där de planerar och utför attentat utgör en betydande majoritet av samtliga gärningspersoner bakom terroristdåd i västvärlden. Detta pekar på att radikaliseringen av våldsbejakande islamistiska individer inom det egna landet är ett allvarligt hot. Även individer </span><span>som har radikaliserats</span><span> antingen före eller efter att de har lyckats ta sig till västvärlden utgör ett potentiellt hot. Denna typ av aktörer har under de senaste åren stått för en lägre andel av utförda och avvärjda attentat i västvärlden, men det finns sentida exempel från både Sverige och andra länder i Europa som visar på hotet från våldsbejakande individer inom gruppen asylsökande. Bland såväl nyanlända som personer uppvuxna i Europa har det under den senaste tiden identifierats flera aktörer som genomgått en snabb radikalisering, vilket även innefattat individer utan tidigare känd koppling till våldsbejakande terrorism.</span>\r\n\t\t\t</p>\r\n\t\t\t<p class=\"NormalIndent\">\r\n\t\t\t\t<span>Terrorhotet från de politiskt motiverade extremistmiljöerna i Sverige, dvs. högerextremistiska våldsbejakande grupper, den s.k.</span><span> </span><span>vit</span><span> </span><span>maktmiljön</span><span>, och vänsterextremistiska våldsbejakande grupper, den s.k. autonoma miljön, bedöms sammantaget vara lågt.</span>\r\n\t\t\t</p>\r\n\t\t\t<p class=\"R4\">\r\n\t\t\t\t<span>Sveriges medverkan i det internationella arbetet mot terrorism</span>\r\n\t\t\t</p>\r\n\t\t\t<p>\r\n\t\t\t\t<span>Terrorismen </span><span>är ett globalt hot som kräver internationellt samarbete baserat på multilaterala ramverk och lösningar. I augusti 2017 beslutade regeringen, i en ny strategi för hållbar fred 2017–2022, att förebyggandet av våldsbejakande extremism ska ingå i Sidas ansats för freds- och statsbyggnad. Det globala såväl som det nationella och lokala arbetet med att uppfylla FN:s agenda 2030 (</span><span>Transforming</span><span> </span><span>our</span><span> </span><span>world</span><span>: The 2030 Agenda for </span><span>Sustainable</span><span> </span><span>Development</span><span>, A/RES/70/1) och de 17 globala må</span><span>len för hållbar utveckling</span><span>, är också avgörande för att förebygga våldsbejakande extremism.</span>\r\n\t\t\t</p>\r\n\t\t\t<p class=\"NormalIndent\">\r\n\t\t\t\t<span>FN:s generalförsamling antog 2006 en övergripande FN-strategi mot terrorism (A/RES/60/288). En översyn av och rapportering om genomförandet av strategin görs vartannat år. Den senaste översynen antogs i juni 2018. </span><span>Sedan juni 2017 finns också ett särskilt FN-kontor, United Nations Office </span><span>of</span><span> </span><span>Counter</span><span>-Terrorism (</span><span>U</span><span>noct</span><span>), som leds av en biträdande generalsekreterare och som samordnar FN:s insatser mot terrorism. </span><span>Sedan länge pågår e</span><span>tt arbete inom FN med att ta fram en övergripande FN-konvention mot terrorism. Sverige arbetar aktivt genom EU för att nå en överenskommelse om en sådan konvention. Vidare har en handlingsplan </span><span>om att förebygga våldsbejakande extremism </span><span>lagts fram inom FN. Sverige arbetar aktivt för genomförandet av FN-strategin och handlingsplanen samt för en bredare förebyggande ansats.</span>\r\n\t\t\t</p>\r\n\t\t\t<p class=\"NormalIndent\">\r\n\t\t\t\t<span>Under 2014 antog FN:s säkerhetsråd två resolutioner (2170 och 2178) mot terrorism med fokus på hotet från utländska terroriststridande som bl.a. ansluter sig till </span><span>Daish</span><span>. Under 2015 antog rådet bl.a. </span><span>resolutioner</span><span> om finansieringen av terrorism (2199) och </span><span>ändringar</span><span> av sanktionsregimen mot al-Qaida </span><span>m</span><span>.</span><span>fl</span><span>.</span><span>, mot bakgrund av bl.a.</span><span> </span><span>Daish</span><span>s</span><span> roll i </span><span>terrorismsammanhang</span><span> (2253). Vidare antog säkerhetsrådet under 2016 resolutioner om civilt flyg och terroristhot (2309), stärkt juridiskt samarbete mot ter</span><span>rorism (2322) och </span><span>mot trafficking i relation till väpnad konflikt, inklusive terrorism (2331).</span>\r\n\t\t\t</p>\r\n\t\t\t<p class=\"NormalIndent\">\r\n\t\t\t\t<span>Sverige valdes 2016 in i säkerhetsrådet för perioden 2017–2018 och</span><span> fick</span><span> därigenom en bredare plattform för att kunna påverka FN:s anti-terrorismsamarbete. </span><span>Under Sveriges tid</span><span> i säkerhetsrådet ant</span><span>ogs</span><span> ett antal resolutioner med bäring på kampen mot terrorism där Sverige </span><span>deltog </span><span>aktivt i förhandlingarna. Som exempel kan nämnas resolutioner om det hot som terrorism utgör mot kritisk infrastruktur (2341), motbudskap för a</span><span>tt bekämpa terrorism (2354), </span><span>ökat samarbete för att förhindra terrororganisationers tillgång till vapen (2370)</span><span> och </span><span>internationell samverkan för att förhindra flödet av utländska terrorstridande (2396). </span><span>Sverige deltog under tiden i säkerhetsrådet även i </span><span>en rad </span><span>sanktionskommittéer, däribland S</span><span>anktionskommittén för </span><span>regimen rörande </span><span>I</span><span>sil</span><span> (</span><span>Daish</span><span>)</span><span> och al-Qaida (1267).</span>\r\n\t\t\t</p>\r\n\t\t\t<p class=\"NormalIndent\">\r\n\t\t\t\t<span>Europarådets ministerkommitté antog i maj 2015 ett t</span><span>illäggsprotokoll </span><span>till konventionen om förebyggande av terrorism.</span><span> </span><span>Tilläggsprotokollet bidrar till att komplettera bestämmelserna</span><span> </span><span>i konventionen med ytterligare</span><span> </span><span>kriminaliserings</span><span>­</span><span>åtaganden och ställer bl.a. krav på kriminalisering av</span><span> </span><span>res</span><span>or</span><span> utomlands i terrorismsyfte. Sverige tillträdde konventionen 2010</span><span> </span><span>och tilläggsprotokollet 2018. Den 1 september 2018 trädde ny lagstiftning</span><span> </span><span>i kraft </span><span>som syftar till att</span><span> </span><span>Sverige ska </span><span>leva upp till åtagandena i tilläggsprotokollet</span><span> </span><span>(prop. 2017/18:174, bet. 2017/18:JuU35 och rskr. 2017/18:390). Även</span><span> </span><span>EU har tillträtt konventionen och tilläggs</span><span>­</span><span>protokollet. Ikraftträdandedatum</span><span> </span><span>för EU:s del var den 1 oktober 2018.</span>\r\n\t\t\t</p>\r\n\t\t\t<p class=\"NormalIndent\">\r\n\t\t\t\t<span>Sverige deltar vidare aktivt i samarbetet inom EU för att möta hotet från terrorism</span><span> och för att utveckla det förebyggande</span><span> arbetet mot våldsbejakande extremism. </span><span>I mars 2017 antogs ett nytt straffrättsligt direktiv om bekämpande av terrorism som skulle vara genomfört av medlemsstaterna senast i september 2018. Sverige har genomfört direktivet</span><span>,</span><span> och lagändringarna trädde i kraft den 1 september 2018 (prop. 2017/18:174, bet. 2017/18:JuU35 och rskr. 2017/18:390).</span>\r\n\t\t\t</p>\r\n\t\t\t<p class=\"NormalIndent\">\r\n\t\t\t\t<span>Säkerhetspolisens arbete mot terrorism har under perioden i hög grad fokuserat på resande till och från våldsbejakande islamistiska grupper i utlandet. Säkerhetspolisens arbete har bidragit till att förhindra terroristbrott i Sverige och utomlands. I arbetet med att förhindra terroristbrott deltar Säkerhetspolisen i ett omfattande internationellt samarbete.</span>\r\n\t\t\t</p>\r\n\t\t\t<p class=\"R3\">\r\n\t\t\t\t<span>Utskottets ställningstagande</span>\r\n\t\t\t</p>\r\n\t\t\t<p>\r\n\t\t\t\t<span>Utskottet föreslår att riksdagen lägger skrivelsen till handlingarna.</span>\r\n\t\t\t</p>\r\n\t\t\t<p>\r\n\t\t\t\t<span> </span>\r\n\t\t\t</p>\r\n\t\t\t<p>\r\n\t\t\t\t<span> </span>\r\n\t\t\t</p>\r\n\t\t\t<p class=\"Bilaga\">\r\n\t\t\t\t<span class=\"tBilagaJA\">Bilaga</span>\r\n\t\t\t</p>\r\n\t\t\t<p class=\"Bilagerubrik\">\r\n\t\t\t\t<a name=\"_Toc536537464\"><span class=\"tSidrubrikJA\">Förteckning över behandlade förslag</span></a>\r\n\t\t\t</p>\r\n\t\t\t<p class=\"Rubrik2bilaga\" style=\"-aw-sdt-tag:'dokumentavsnitt/förteckning över behandlade förslag/231551347/1547127984155'; -aw-sdt-title:'förteckning över behandlade förslag'\">\r\n\t\t\t\t<a name=\"_Toc536537465\"><span>Skrivelsen</span></a><span> </span>\r\n\t\t\t</p>\r\n\t\t\t<p style=\"-aw-sdt-tag:'dokumentavsnitt/förteckning över behandlade förslag/231551347/1547127984155'; -aw-sdt-title:'förteckning över behandlade förslag'\">\r\n\t\t\t\t<span>Regeringens skrivelse 2018/19:17 2018 års redogörelse för tillämpningen av lagen om särskild utlänningskontroll.</span>\r\n\t\t\t</p>\r\n\t\t\t<p class=\"Mellanrum\">\r\n\t\t\t\t<span> </span>\r\n\t\t\t</p>\r\n\t\t\t<p class=\"Mellanrum\" style=\"-aw-sdt-tag:'dokumentavsnitt/förteckning över behandlade förslag/231551347/1547127984155'; -aw-sdt-title:'förteckning över behandlade förslag'\">\r\n\t\t\t\t<span> </span>\r\n\t\t\t</p>\r\n\t\t\t<p>\r\n\t\t\t\t<span> </span>\r\n\t\t\t</p>\r\n\t\t\t<p>\r\n\t\t\t\t<span> </span>\r\n\t\t\t</p>\r\n\t\t\t<p>\r\n\t\t\t\t<span> </span>\r\n\t\t\t</p>\r\n\t\t\t<p>\r\n\t\t\t\t<span> </span>\r\n\t\t\t</p>\r\n\t\t</div>\r\n\t"},"dokutskottsforslag":{"utskottsforslag":{"punkt":"1","rubrik":"2018 års redogörelse för tillämpningen av lagen om särskild utlänningskontroll","forslag":"<BR/>Riksdagen lägger skrivelse 2018/19:17 till handlingarna.<BR/><BR/>","beslutstyp":"acklamation","motforslag_nummer":"0","motforslag_partier":null,"votering_id":null,"votering_sammanfattning_html":null,"votering_url_xml":null,"rm":"2018/19","bet":"JuU8","vinnare":"utskottet"}},"dokaktivitet":{"aktivitet":[{"kod":"UBE","namn":"Beredning","datum":"2019-01-24 00:00:00","status":"inträffat","ordning":"0","process":null},{"kod":"JUS","namn":"Justering","datum":"2019-02-05 00:00:00","status":"inträffat","ordning":"0","process":null},{"kod":"TRY","namn":"Trycklov","datum":"2019-02-05 00:00:00","status":"inträffat","ordning":"0","process":null},{"kod":"B","namn":"Bordläggning","datum":"2019-02-26 00:00:00","status":"inträffat","ordning":"0","process":null},{"kod":"BEH","namn":"Behandling","datum":"2019-02-27 00:00:00","status":"inträffat","ordning":"0","process":null},{"kod":"BES","namn":"Beslut","datum":"2019-02-27 00:00:00","status":"inträffat","ordning":"0","process":null}]},"dokuppgift":{"uppgift":[{"kod":"beslutssammanfattningusk","namn":"Utskottets förslag till beslut","text":"Skrivelsen läggs till handlingarna.","dok_id":"H601JuU8","systemdatum":"2019-02-05 16:18:23"},{"kod":"rdbeslut","namn":"Riksdagens beslut","text":"Kammaren biföll utskottets förslag.","dok_id":"H601JuU8","systemdatum":"2019-02-27 16:39:46"},{"kod":"notis","namn":"Beslut i korthet","text":"                           <p>Riksdagen har behandlat en redogörelse från regeringen om hur lagen om särskild utlänningskontroll har tillämpats under perioden 1 juli 2017 till 30 juni 2018. Regeringen redogör också för utvecklingen av den internationella terrorismen under samma period.</p>\r\n<p>Under perioden fattade regeringen två beslut med stöd av lagen. Ett beslut innebar avslag på ett överklagande av Migrationsverkets beslut om utvisning. Det andra beslutet innebar att ett tidigare beslut om utvisning ställdes in, samtidigt som regeringen beslutade om anmälningsplikt.</p>\r\n<p>Terrorhot kommer framför allt från personer och grupper som motiveras av våldsbejakande islamistiska ideologier. Den här typen av hot mot Sverige bedöms vara förhöjt.</p>\r\n<p>Riksdagen lade skrivelsen till handlingarna, det vill säga avslutade ärendet.</p>\r\n                                            ","dok_id":"H601JuU8","systemdatum":"2019-02-27 16:58:17"},{"kod":"notisrubrik","namn":"Beslut","text":"Regeringen har redogjort för hur lagen om särskild utlänningskontroll används (JuU8)","dok_id":"H601JuU8","systemdatum":"2019-02-27 16:58:17"},{"kod":"utsknotis","namn":"Utskottets förslag till beslut","text":"                           <p>Justitieutskottet har behandlat en redogörelse från regeringen om hur lagen om särskild utlänningskontroll har tillämpats under perioden 1 juli 2017 till 30 juni 2018. Regeringen redogör också för utvecklingen av den internationella terrorismen under samma period.</p>\r\n<p>Under perioden fattade regeringen två beslut med stöd av lagen. Ett beslut innebar avslag på ett överklagande av Migrationsverkets beslut om utvisning. Det andra beslutet innebar att ett tidigare beslut om utvisning ställdes in, samtidigt som regeringen beslutade om anmälningsplikt.</p>\r\n<p>Terrorhot kommer framför allt från personer och grupper som motiveras av våldsbejakande islamistiska ideologier. Den här typen av hot mot Sverige bedöms vara förhöjt.</p>\r\n<p>Justitieutskottet föreslår att riksdagen lägger skrivelsen till handlingarna, det vill säga avslutar ärendet.</p>\r\n                                            ","dok_id":"H601JuU8","systemdatum":"2019-02-27 16:58:17"},{"kod":"utsknotisrubrik","namn":"Utskottets förslag","text":"Regeringen har redogjort för hur lagen om särskild utlänningskontroll används (JuU8)","dok_id":"H601JuU8","systemdatum":"2019-02-27 16:58:17"},{"kod":"statustext","namn":"statustext","text":"Ärendet är avslutat","dok_id":"H601JuU8","systemdatum":"2019-02-28 14:11:02"},{"kod":"debattdatumtid","namn":"Datum och tid för debatten","text":"2019-02-27 00:00:00","dok_id":"H601JuU8","systemdatum":"2019-02-27 16:58:17"},{"kod":"beslutdatumtid","namn":"Datum och tid för beslutet","text":"2019-02-27 00:00:00","dok_id":"H601JuU8","systemdatum":"2019-02-27 16:58:17"}]},"dokbilaga":{"bilaga":{"dok_id":"H601JuU8","titel":"2018 års redogörelse för tillämpningen av lagen om särskild utlänningskontroll","subtitel":null,"filnamn":"2018_19_JuU8_20190205161743_Publicering.pdf","filstorlek":"411644","filtyp":"pdf","fil_url":"http://data.riksdagen.se/fil/8CD097E5-0EDC-4182-B914-E82DF0123089"}},"dokreferens":{"referens":[{"referenstyp":"behandlar","uppgift":"Skrivelse 2018/19:17 2018 års redogörelse för tillämpningen av lagen om särskild utlänningskontroll","ref_dok_id":"H60317","ref_dok_typ":"prop","ref_dok_rm":"2018/19","ref_dok_bet":"17","ref_dok_titel":"2018 års redogörelse för tillämpningen av lagen om särskild utlänningskontroll","ref_dok_subtitel":null,"ref_dok_subtyp":"skr","ref_dok_dokumentnamn":"Skrivelse"},{"referenstyp":"föredragningslista","uppgift":"föredragningslista 2018/19:56 Onsdag den 27 februari 2019","ref_dok_id":"H60I56","ref_dok_typ":"f-lista","ref_dok_rm":"2018/19","ref_dok_bet":"56","ref_dok_titel":"Onsdag den 27 februari 2019","ref_dok_subtitel":null,"ref_dok_subtyp":null,"ref_dok_dokumentnamn":"Föredragningslista"},{"referenstyp":"protokollbeslut","uppgift":"2019-02-27","ref_dok_id":"H60956","ref_dok_typ":"prot","ref_dok_rm":"2018/19","ref_dok_bet":"56","ref_dok_titel":"Protokoll 2018/19:56 Onsdagen den 27 februari","ref_dok_subtitel":null,"ref_dok_subtyp":null,"ref_dok_dokumentnamn":"Protokoll"},{"referenstyp":"rskr","uppgift":null,"ref_dok_id":"H60K134","ref_dok_typ":"rskr","ref_dok_rm":"2018/19","ref_dok_bet":"134","ref_dok_titel":"Riksdagsskrivelse 2018/19:134","ref_dok_subtitel":null,"ref_dok_subtyp":"rskr","ref_dok_dokumentnamn":"Riksdagsskrivelse"},{"referenstyp":"talarlista","uppgift":"talarlista 2018/19:20190227 Onsdag den 27 februari 2019 (preliminär)","ref_dok_id":"H60J20190227","ref_dok_typ":"t-lista","ref_dok_rm":"2018/19","ref_dok_bet":"20190227","ref_dok_titel":"Onsdag den 27 februari 2019 (preliminär)","ref_dok_subtitel":null,"ref_dok_subtyp":null,"ref_dok_dokumentnamn":"Talarlista"}]},"debatt":null}}