{"dokumentstatus":{"dokument":{"hangar_id":"5022733","dok_id":"H601MJU16","rm":"2018/19","beteckning":"MJU16","typ":"bet","subtyp":"bet","doktyp":"bet","typrubrik":"Betänkande 2018/19:MJU16","dokumentnamn":"Betänkande","debattnamn":"Debatt om förslag","tempbeteckning":"","organ":"MJU","mottagare":"","nummer":"16","slutnummer":"0","datum":"2019-05-29 00:00:00","systemdatum":"2019-08-29 12:08:42","publicerad":"2019-03-29 11:14:14","titel":"Ändamålsenliga sanktioner mot otillåtna avfallstransporter","subtitel":"","status":"Webbpublicering","htmlformat":"html","relaterat_id":"","source":"RIM","sourceid":"afc8fc53-5c07-42b2-8931-c087709bf3bb","dokument_url_text":"http://data.riksdagen.se/dokument/H601MJU16/text","dokument_url_html":"http://data.riksdagen.se/dokument/H601MJU16","dokumentstatus_url_xml":"http://data.riksdagen.se/dokumentstatus/H601MJU16","utskottsforslag_url_xml":"http://data.riksdagen.se/utskottsforslag/H601MJU16","html":"<style><!--\r\n .w600px{width: 600px;font-family:Verdana, Geneva, sans-serif}\r\nh2.dtyp{font-size:1.5em !important;} \r\n/********************************************************************************************************/\r\n/* Styles for D:\\Logs\\DocumentConverter\\\\Output_24c6d926-7cb7-406f-8715-9b33f11fd7a6\\HTML\\Dokument.html */\r\n/* Generated by Aspose.Words for .NET 15.3.0.0                                                          */\r\n/********************************************************************************************************/\r\n\r\n@page Section1 { size:467.8pt 686.05pt; margin:45.35pt 102.05pt 73.7pt 70.85pt }\r\ndiv.Section1 { page:Section1 }\r\nzbody { text-align:justify; line-height:12.5pt; font-family:'Verdana'; font-size:9.5pt }\r\nzh1, h2, h3, h4, h5, h6, p { margin:3.1pt 0pt 0pt }\r\nzli, table { margin-top:3.1pt; margin-bottom:0pt }\r\nzh1 { margin-top:3.1pt; margin-bottom:12pt; text-align:left; page-break-after:avoid; line-height:12.5pt; font-family:'Verdana'; font-size:16pt; font-weight:normal }\r\nzh2 { margin-top:20pt; margin-bottom:6pt; text-align:left; page-break-inside:avoid; page-break-after:avoid; line-height:12.5pt; font-family:'Verdana'; font-size:13.5pt; font-weight:normal }\r\nzh3 { margin-top:20pt; margin-bottom:3.1pt; text-align:left; page-break-inside:avoid; page-break-after:avoid; line-height:12.5pt; font-family:'Verdana'; font-size:10.5pt; font-weight:bold }\r\nzh4 { margin-top:15pt; margin-bottom:3.1pt; text-align:left; page-break-inside:avoid; page-break-after:avoid; line-height:12.5pt; font-family:'Verdana'; font-size:10.5pt; font-weight:normal; font-style:italic; color:#000000 }\r\nzh5 { margin-top:6.25pt; margin-bottom:0pt; text-align:justify; page-break-inside:avoid; page-break-after:avoid; line-height:12.5pt; font-family:'Verdana'; font-size:9.5pt; font-weight:bold }\r\nzh6 { margin-top:6.25pt; margin-bottom:0pt; text-align:justify; page-break-inside:avoid; page-break-after:avoid; line-height:12.5pt; font-family:'Verdana'; font-size:9.5pt; font-weight:normal; font-style:italic; color:#000000 }\r\n.Heading7 { margin-top:2pt; margin-bottom:0pt; text-align:justify; page-break-inside:avoid; page-break-after:avoid; line-height:12.5pt; font-family:'Verdana'; font-size:9.5pt; font-weight:normal; font-style:italic; color:#243f60 }\r\n.Heading8 { margin-top:2pt; margin-bottom:0pt; text-align:justify; page-break-inside:avoid; page-break-after:avoid; line-height:12.5pt; font-family:'Verdana'; font-size:9pt; font-weight:normal; color:#272727 }\r\n.Heading9 { margin-top:2pt; margin-bottom:0pt; text-align:justify; page-break-inside:avoid; page-break-after:avoid; line-height:12.5pt; font-family:'Verdana'; font-size:9pt; font-weight:normal; font-style:italic; color:#272727 }\r\n.Avsnittsrubrik { margin-top:0pt; margin-bottom:27.7pt; text-align:left; page-break-before:always; page-break-after:avoid; line-height:normal; font-family:'Verdana'; font-size:16pt }\r\n.Avvikandemeningrubrik { margin-top:0pt; margin-bottom:3.1pt; text-align:left; page-break-inside:avoid; page-break-after:avoid; line-height:12.5pt; font-family:'Verdana'; font-size:10.5pt; font-weight:bold }\r\n.BalloonText { margin-top:3.1pt; margin-bottom:0pt; text-align:justify; line-height:normal; font-family:Tahoma; font-size:8pt }\r\n.Bilaga { margin-top:0pt; margin-bottom:0pt; text-align:left; page-break-before:always; page-break-after:avoid; line-height:normal; widows:0; orphans:0; font-family:'Verdana'; font-size:8pt; font-variant:small-caps; text-decoration:underline }\r\n.Bilagerubrik { margin-top:0pt; margin-bottom:17.7pt; text-align:left; page-break-after:auto; line-height:normal; widows:0; orphans:0; font-family:'Verdana'; font-size:16pt }\r\n.Bild-Rubrik { margin-top:8pt; margin-bottom:0pt; text-align:justify; page-break-inside:avoid; page-break-after:avoid; line-height:10pt; font-family:'Verdana'; font-size:9.5pt; font-weight:bold }\r\n.Bild-Underrubrik { margin-top:0pt; margin-bottom:1pt; text-align:left; page-break-inside:avoid; page-break-after:avoid; line-height:8pt; font-family:'Verdana'; font-size:8pt; font-weight:normal; font-style:italic }\r\n.BodyText { margin-top:3.1pt; margin-bottom:0pt; text-align:left; line-height:12.5pt; font-family:'Verdana'; font-size:9.5pt }\r\n.BodyTextIndent2 { margin-top:3.1pt; margin-left:14.15pt; margin-bottom:6pt; text-align:justify; line-height:200%; font-family:'Verdana'; font-size:9.5pt }\r\n.Citatindrag { margin-top:0pt; margin-left:14.2pt; margin-bottom:6.1pt; text-indent:14.2pt; text-align:justify; line-height:10pt; font-family:'Verdana'; font-size:9.5pt }\r\n.CommentSubject { margin-top:3.1pt; margin-bottom:0pt; text-align:justify; line-height:normal; font-family:'Verdana'; font-size:10pt; font-weight:bold }\r\n.CommentText { margin-top:3.1pt; margin-bottom:0pt; text-align:justify; line-height:normal; font-family:'Verdana'; font-size:10pt }\r\n.Deltagare { margin-top:0pt; margin-bottom:0pt; text-align:justify; page-break-inside:avoid; page-break-after:avoid; line-height:9.5pt; font-family:'Verdana'; font-size:9.5pt }\r\n.Diagram-Rubrik { margin-top:8pt; margin-bottom:0pt; text-align:justify; page-break-inside:avoid; page-break-after:avoid; line-height:10pt; font-family:'Verdana'; font-size:9.5pt; font-weight:bold }\r\n.Diagram-Underrubrik { margin-top:0pt; margin-bottom:1pt; text-align:left; page-break-inside:avoid; page-break-after:avoid; line-height:8pt; font-family:'Verdana'; font-size:8pt; font-weight:normal; font-style:italic }\r\n.DokumentRubrik { margin-top:6pt; margin-bottom:24pt; text-align:left; line-height:normal; border-bottom-style:solid; border-bottom-width:0.75pt; border-bottom-color:#000000; padding-bottom:4pt; font-family:'Verdana'; font-size:18pt }\r\n.Dokumentbeteckning { margin-top:0pt; margin-bottom:0pt; text-align:left; page-break-inside:avoid; page-break-after:avoid; line-height:12.5pt; font-family:'Verdana'; font-size:16pt }\r\n.Footer { margin-top:3.1pt; margin-bottom:0pt; text-align:justify; line-height:normal; font-family:'Verdana'; font-size:9.5pt }\r\n.FootnoteText { margin-top:0pt; margin-bottom:0pt; text-align:justify; line-height:8pt; font-family:'Verdana'; font-size:8pt }\r\n.Fotnotstextindrag { margin-top:0pt; margin-left:5.65pt; margin-bottom:0pt; text-align:left; line-height:8pt; font-family:'Verdana'; font-size:8pt }\r\n.Frslagspunkt { margin-top:0pt; margin-bottom:0pt; text-align:left; page-break-inside:avoid; page-break-after:avoid; line-height:12.5pt; font-family:'Verdana'; font-size:9.5pt; font-weight:bold }\r\n.Frslagstext { margin-top:0pt; margin-bottom:0pt; text-align:justify; line-height:12.5pt; font-family:'Verdana'; font-size:9.5pt }\r\n.Frteckningsrubrik { margin-top:9.6pt; margin-bottom:3.1pt; text-align:left; page-break-inside:avoid; page-break-after:avoid; line-height:normal; font-family:'Verdana'; font-size:9.5pt; font-weight:normal; font-style:italic; color:#000000 }\r\n.Grupprubrik { margin-top:6pt; margin-bottom:0pt; text-align:left; page-break-inside:avoid; page-break-after:avoid; line-height:12.5pt; font-family:'Verdana'; font-size:9.5pt; font-style:italic }\r\n.Grupprubrikindrag { margin-top:6pt; margin-left:22.1pt; margin-bottom:0pt; text-align:left; page-break-inside:avoid; page-break-after:avoid; line-height:12.5pt; font-family:'Verdana'; font-size:9.5pt; font-style:italic }\r\n.Header { margin-top:0pt; margin-bottom:0pt; text-align:justify; line-height:normal; font-family:'Verdana'; font-size:7.5pt; font-variant:small-caps }\r\n.Innehllsfrteckning { margin-top:0pt; margin-bottom:17.7pt; text-align:left; page-break-before:always; page-break-after:auto; line-height:normal; font-family:'Verdana'; font-size:16pt }\r\n.Kantrubrik { margin-top:0pt; margin-bottom:0pt; text-align:justify; line-height:normal; font-family:'Verdana'; font-size:7.5pt }\r\n.ListBullet { margin-top:6.25pt; margin-left:17.85pt; margin-bottom:6.25pt; text-indent:-17.85pt; text-align:justify; line-height:12.5pt; font-family:'Verdana'; font-size:9.5pt }\r\n.ListParagraph { margin-top:3.1pt; margin-left:28.35pt; margin-bottom:0pt; text-align:justify; line-height:12.5pt; font-family:'Verdana'; font-size:9.5pt }\r\n.Litentext { margin-top:0pt; margin-bottom:0pt; text-align:justify; line-height:normal; font-family:'Verdana'; font-size:8pt }\r\n.Mellanrubrik { margin-top:11pt; margin-bottom:3.1pt; text-align:left; page-break-after:avoid; line-height:12.5pt; font-family:'Verdana'; font-size:9.5pt; font-style:italic }\r\n.Mellanrum { margin-top:0pt; margin-bottom:0pt; text-align:left; page-break-before:auto; page-break-after:auto; line-height:1pt; widows:0; orphans:0; font-family:'Verdana'; font-size:1pt; font-variant:small-caps; text-decoration:none; color:#ffffff }\r\n.NormalIndent { margin-top:0pt; margin-bottom:0pt; text-indent:11.35pt; text-align:justify; line-height:12.5pt; font-family:'Verdana'; font-size:9.5pt }\r\n.Normalinskjuten { margin-top:0pt; margin-left:22.1pt; margin-bottom:0pt; text-align:justify; line-height:12.5pt; font-family:'Verdana'; font-size:9.5pt }\r\n.Normalinskjutenindrag { margin-top:0pt; margin-left:22.1pt; margin-bottom:0pt; text-indent:11.35pt; text-align:justify; line-height:12.5pt; font-family:'Verdana'; font-size:9.5pt }\r\n.Normalinskjutenkursiv { margin-top:6pt; margin-bottom:0pt; line-height:normal; font-family:'Verdana'; font-size:10pt; font-style:italic }\r\n.Normalkursiv { margin-top:3.1pt; margin-bottom:0pt; text-align:left; line-height:12.5pt; font-family:'Verdana'; font-size:9.5pt; font-style:italic }\r\n.Normalruta { margin:3.1pt 5.65pt 0pt; text-align:justify; page-break-inside:avoid; page-break-after:avoid; line-height:12.5pt; border-top-style:solid; border-top-width:0.75pt; border-top-color:#000000; border-right-style:solid; border-right-width:0.75pt; border-right-color:#000000; border-left-style:solid; border-left-width:0.75pt; border-left-color:#000000; border-bottom-style:solid; border-bottom-width:0.75pt; border-bottom-color:#000000; padding-top:4pt; padding-right:4pt; padding-left:4pt; padding-bottom:4pt; font-family:'Verdana'; font-size:10.5pt }\r\n.Normalrutafet { margin:3.1pt 5.65pt 0pt; text-align:justify; page-break-inside:avoid; page-break-after:avoid; line-height:12.5pt; border-top-style:solid; border-top-width:0.75pt; border-top-color:#000000; border-right-style:solid; border-right-width:0.75pt; border-right-color:#000000; border-left-style:solid; border-left-width:0.75pt; border-left-color:#000000; border-bottom-style:solid; border-bottom-width:0.75pt; border-bottom-color:#000000; padding-top:4pt; padding-right:4pt; padding-left:4pt; padding-bottom:4pt; font-family:'Verdana'; font-size:10.5pt; font-weight:bold }\r\n.Normalrutaindrag { margin:0pt 5.65pt; text-indent:11.35pt; text-align:justify; page-break-inside:avoid; page-break-after:avoid; line-height:12.5pt; border-top-style:solid; border-top-width:0.75pt; border-top-color:#000000; border-right-style:solid; border-right-width:0.75pt; border-right-color:#000000; border-left-style:solid; border-left-width:0.75pt; border-left-color:#000000; border-bottom-style:solid; border-bottom-width:0.75pt; border-bottom-color:#000000; padding-top:4pt; padding-right:4pt; padding-left:4pt; padding-bottom:4pt; font-family:'Verdana'; font-size:10.5pt }\r\n.Normalutanluftfre { margin-top:0pt; margin-bottom:0pt; text-align:justify; line-height:12.5pt; font-family:'Verdana'; font-size:9.5pt }\r\n.NormalNoll { margin-top:0pt; margin-bottom:3.1pt; text-align:left; line-height:12.5pt; font-family:'Verdana'; font-size:10.5pt; font-weight:bold }\r\n.NumlistaTOC { margin:3.1pt 28.35pt 0pt 0pt; text-indent:0pt; text-align:left; line-height:normal; font-family:'Verdana'; font-size:9.5pt }\r\n.Ordfranden { margin-top:3.1pt; margin-bottom:22pt; text-align:left; page-break-inside:avoid; page-break-after:avoid; line-height:normal; font-family:'Verdana'; font-size:9.5pt; font-style:italic }\r\n.OrtochDatum { margin-top:18pt; margin-bottom:18pt; text-align:left; page-break-inside:avoid; page-break-after:avoid; line-height:normal; font-family:'Verdana'; font-size:9.5pt }\r\n.Punktlistabomb { margin-top:6.25pt; margin-left:14.2pt; margin-bottom:6.25pt; text-indent:-14.2pt; text-align:justify; line-height:12.5pt; font-family:'Verdana'; font-size:9.5pt }\r\n.Punktlistagemener { margin-top:6.25pt; margin-left:14.2pt; margin-bottom:6.25pt; text-indent:-14.2pt; text-align:justify; line-height:12.5pt; font-family:'Verdana'; font-size:9.5pt }\r\n.Punktlistalinje { margin-top:6.25pt; margin-left:14.2pt; margin-bottom:6.25pt; text-indent:-14.2pt; text-align:justify; line-height:12.5pt; font-family:'Verdana'; font-size:9.5pt }\r\n.Punktlistasiffra { margin-top:6.25pt; margin-left:14.2pt; margin-bottom:6.25pt; text-indent:-14.2pt; text-align:justify; line-height:12.5pt; font-family:'Verdana'; font-size:9.5pt }\r\n.PVgnar { margin-top:3.1pt; margin-bottom:26pt; text-align:left; page-break-inside:avoid; page-break-after:avoid; line-height:normal; font-family:'Verdana'; font-size:9.5pt }\r\n.Quote { margin-top:6.1pt; margin-left:14.2pt; margin-bottom:0pt; text-align:justify; line-height:10pt; font-family:'Verdana'; font-size:9.5pt }\r\n.R1 { margin-top:3.1pt; margin-bottom:12pt; text-align:left; page-break-after:avoid; line-height:12.5pt; font-family:'Verdana'; font-size:16pt }\r\n.R1bilaga { margin-top:3.1pt; margin-bottom:12pt; text-align:left; page-break-after:auto; line-height:12.5pt; font-family:'Verdana'; font-size:16pt }\r\n.R2 { margin-top:20pt; margin-bottom:6pt; text-align:left; page-break-inside:avoid; page-break-after:avoid; line-height:12.5pt; font-family:'Verdana'; font-size:13.5pt }\r\n.R3 { margin-top:20pt; margin-bottom:3.1pt; text-align:left; page-break-inside:avoid; page-break-after:avoid; line-height:12.5pt; font-family:'Verdana'; font-size:10.5pt; font-weight:bold }\r\n.R4 { margin-top:15pt; margin-bottom:3.1pt; text-align:left; page-break-inside:avoid; page-break-after:avoid; line-height:12.5pt; font-family:'Verdana'; font-size:10.5pt; font-weight:normal; font-style:italic; color:#000000 }\r\n.R5 { margin-top:6.25pt; margin-bottom:0pt; text-align:justify; page-break-inside:avoid; page-break-after:avoid; line-height:12.5pt; font-family:'Verdana'; font-size:9.5pt; font-weight:bold }\r\n.R6 { margin-top:6.25pt; margin-bottom:0pt; text-align:justify; page-break-inside:avoid; page-break-after:avoid; line-height:12.5pt; font-family:'Verdana'; font-size:9.5pt; font-weight:normal; font-style:italic; color:#000000 }\r\n.Reservationshnvisning { margin-top:0pt; margin-bottom:8pt; text-align:right; line-height:12.5pt; font-family:'Verdana'; font-size:9.5pt; font-style:italic }\r\n.Reservationsrubrik { margin-top:0pt; margin-bottom:3.1pt; text-align:left; page-break-inside:avoid; page-break-after:avoid; line-height:12.5pt; font-family:'Verdana'; font-size:10.5pt; font-weight:bold }\r\n.Rubrik1Dokumentinformation { margin-top:0pt; margin-bottom:0pt; text-align:left; page-break-inside:avoid; page-break-after:avoid; line-height:12.5pt; font-family:'Verdana'; font-size:16pt }\r\n.Rubrik1bilaga { margin-top:0pt; margin-bottom:27.7pt; text-align:left; page-break-after:auto; line-height:12.5pt; font-family:'Verdana'; font-size:16pt }\r\n.Rubrik1medsidhuvud { margin-top:3.1pt; margin-bottom:12pt; text-align:left; page-break-before:always; page-break-after:avoid; line-height:12.5pt; font-family:'Verdana'; font-size:16pt }\r\n.Rubrik1numrerat { margin-top:3.1pt; margin-left:0pt; margin-bottom:12pt; text-indent:0pt; text-align:left; page-break-after:avoid; line-height:12.5pt; font-family:'Verdana'; font-size:16pt }\r\n.Rubrik1numreratmedsidhuvud { margin-top:0pt; margin-left:0pt; margin-bottom:16pt; text-indent:0pt; text-align:left; page-break-before:always; page-break-after:avoid; line-height:normal; font-family:'Verdana'; font-size:16pt }\r\n.Rubrik2bilaga { margin-top:20pt; margin-bottom:6pt; text-align:left; page-break-inside:avoid; page-break-after:avoid; line-height:12.5pt; font-family:'Verdana'; font-size:13.5pt }\r\n.Rubrik2numrerat { margin-top:20pt; margin-left:0pt; margin-bottom:6pt; text-indent:0pt; text-align:left; page-break-inside:avoid; page-break-after:avoid; line-height:12.5pt; font-family:'Verdana'; font-size:13.5pt }\r\n.Rubrik3numrerat { margin-top:20pt; margin-left:0pt; margin-bottom:3.1pt; text-indent:0pt; text-align:left; page-break-inside:avoid; page-break-after:avoid; line-height:12.5pt; font-family:'Verdana'; font-size:10.5pt; font-weight:bold }\r\n.Sammanfattning { margin-top:3.1pt; margin-bottom:12pt; text-align:left; page-break-after:auto; line-height:12.5pt; font-family:'Verdana'; font-size:16pt }\r\n.Sidhuvudhgerstlld { margin-top:0pt; margin-bottom:0pt; text-align:right; line-height:normal; font-family:'Verdana'; font-size:7.5pt; font-variant:small-caps }\r\n.Sidhuvudvnsterstlld { margin-top:0pt; margin-bottom:0pt; text-align:left; line-height:normal; font-family:'Verdana'; font-size:7.5pt; font-variant:small-caps }\r\n.Stdrubrik { margin-top:12pt; margin-bottom:0pt; line-height:12pt; font-family:'Verdana'; font-size:9.5pt; font-weight:bold }\r\n.Srskiltyttranderubrik { margin-top:0pt; margin-bottom:3.1pt; text-align:left; page-break-inside:avoid; page-break-after:avoid; line-height:12.5pt; font-family:'Verdana'; font-size:10.5pt; font-weight:bold }\r\n.TOC1 { margin-top:0pt; margin-right:28.35pt; margin-bottom:0pt; text-align:left; line-height:normal; font-family:'Verdana'; font-size:9.5pt }\r\n.TOC2 { margin:0pt 28.35pt 0pt 5.65pt; text-align:left; line-height:normal; font-family:'Verdana'; font-size:9.5pt }\r\n.TOC3 { margin:0pt 28.35pt 0pt 11.35pt; text-align:left; line-height:normal; font-family:'Verdana'; font-size:9.5pt }\r\n.TOC4 { margin:0pt 28.35pt 0pt 17pt; text-align:left; line-height:normal; font-family:'Verdana'; font-size:9.5pt }\r\n.TOC5 { margin:0pt 28.35pt 0pt 22.7pt; text-align:left; line-height:normal; font-family:'Verdana'; font-size:9.5pt }\r\n.TOC6 { margin-top:0pt; margin-left:47.65pt; margin-bottom:0pt; text-align:left; line-height:normal; font-family:'Verdana'; font-size:9.5pt }\r\n.TOC7 { margin-top:0pt; margin-right:28.35pt; margin-bottom:0pt; text-align:left; line-height:normal; font-family:'Verdana'; font-size:9.5pt }\r\n.TOC8 { margin-top:0pt; margin-right:28.35pt; margin-bottom:0pt; text-align:left; line-height:normal; font-family:'Verdana'; font-size:9.5pt }\r\n.TOC9 { margin-top:0pt; margin-left:8.5pt; margin-bottom:0pt; text-align:left; line-height:normal; font-family:'Verdana'; font-size:9.5pt }\r\n.TOCHeading { margin-top:3.1pt; margin-bottom:9pt; text-align:left; page-break-before:always; page-break-inside:avoid; page-break-after:avoid; line-height:12.5pt; font-family:'Verdana'; font-size:16pt }\r\n.Tabell-Kolumnrubrik { margin-bottom:0pt; line-height:12pt; font-family:'Verdana'; font-size:8pt; font-weight:bold }\r\n.Tabell-Klla { margin-top:2pt; margin-bottom:0pt; line-height:8pt; font-family:'Verdana'; font-size:7pt }\r\n.Tabell-Radrubrik { margin-bottom:0pt; line-height:12pt; font-family:'Verdana'; font-size:8pt }\r\n.Tabell-Rubrik { margin-top:12pt; margin-bottom:3pt; text-align:left; page-break-inside:avoid; page-break-after:avoid; line-height:10pt; font-family:'Verdana'; font-size:9pt; font-weight:bold }\r\n.Tabell-Siffror { margin-bottom:0pt; text-align:right; line-height:12pt; font-family:'Verdana'; font-size:8pt }\r\n.Tabell-Text { margin-bottom:0pt; line-height:12pt; font-family:'Verdana'; font-size:8pt }\r\n.Tabell-Underrubrik { margin-top:0pt; margin-bottom:1pt; text-align:left; page-break-inside:avoid; page-break-after:avoid; line-height:8pt; font-family:'Verdana'; font-size:8pt; font-weight:normal; font-style:italic }\r\n.TableofFigures { margin-top:3.1pt; margin-bottom:0pt; text-align:justify; line-height:normal; font-family:'Verdana'; font-size:9.5pt }\r\n.TillX-utskottet { margin-top:0pt; margin-bottom:12pt; text-align:left; page-break-after:avoid; line-height:12.5pt; font-family:'Verdana'; font-size:16pt }\r\n.Title { margin-top:3.1pt; margin-bottom:1pt; text-align:left; line-height:12pt; font-family:'Verdana'; font-size:20pt; letter-spacing:-0.5pt }\r\n.Vapen { margin-top:0pt; margin-bottom:0pt; text-align:left; page-break-inside:avoid; page-break-after:avoid; line-height:12.5pt; font-family:'Verdana'; font-size:16pt }\r\n.Yrkandelista { margin-top:3.1pt; margin-left:28.35pt; margin-bottom:0pt; text-indent:-28.35pt; text-align:justify; line-height:12.5pt; font-family:'Verdana'; font-size:9.5pt }\r\n.YrkandelistaEtt { margin-top:3.1pt; margin-left:0pt; margin-bottom:0pt; text-indent:0pt; text-align:justify; line-height:12.5pt; font-family:'Verdana'; font-size:9.5pt }\r\nspan.BallongtextChar { font-family:Tahoma; font-size:8pt }\r\nspan.BilagaChar { font-family:'Verdana'; font-size:8pt; font-variant:small-caps; text-decoration:underline }\r\nspan.BrdtextChar { font-family:'Verdana'; font-size:9.5pt }\r\nspan.BrdtextChar1 { font-family:'Verdana'; font-size:9.5pt }\r\nspan.Brdtextmedindrag2Char { font-family:'Verdana'; font-size:9.5pt }\r\nspan.CitatChar { font-family:'Verdana'; font-size:9.5pt }\r\nspan.CommentReference { font-size:8pt }\r\nspan.DokumentRubrikChar { font-family:'Verdana'; font-size:18pt }\r\nspan.FotnotstextChar { font-family:'Verdana'; font-size:8pt }\r\nspan.FotnotstextindragChar { font-family:'Verdana'; font-size:8pt }\r\nspan.FrslagspunktChar { font-family:'Verdana'; font-size:9.5pt; font-weight:bold; font-style:normal }\r\nspan.Hyperlink { text-decoration:none; color:#000000 }\r\nspan.KommentarerChar { font-family:'Verdana'; font-size:10pt }\r\nspan.KommentarsmneChar { font-family:'Verdana'; font-size:10pt; font-weight:bold }\r\nspan.NormalkursivChar { font-family:'Verdana'; font-size:9.5pt; font-style:italic }\r\nspan.NormaltindragChar { font-family:'Verdana'; font-size:9.5pt }\r\nspan.OrdfrandenChar { font-family:'Verdana'; font-size:9.5pt; font-style:italic }\r\nspan.OrtochDatumChar { font-family:'Verdana'; font-size:9.5pt }\r\nspan.PlaceholderText { color:#808080 }\r\nspan.PVgnarChar { font-family:'Verdana'; font-size:9.5pt }\r\nspan.ReservationshnvisningChar { font-family:'Verdana'; font-size:9.5pt; font-style:italic }\r\nspan.Rubrik1Char { font-family:'Verdana'; font-size:16pt }\r\nspan.Rubrik1DokumentinformationChar { font-family:'Verdana'; font-size:16pt }\r\nspan.Rubrik2Char { font-family:'Verdana'; font-size:13.5pt }\r\nspan.Rubrik3Char { font-family:'Verdana'; font-size:10.5pt; font-weight:bold }\r\nspan.Rubrik4Char { font-family:'Verdana'; font-size:10.5pt; font-style:italic; color:#000000 }\r\nspan.Rubrik5Char { font-family:'Verdana'; font-size:9.5pt; font-weight:bold }\r\nspan.Rubrik6Char { font-family:'Verdana'; font-size:9.5pt; font-style:italic; color:#000000 }\r\nspan.Rubrik7Char { font-family:'Verdana'; font-size:9.5pt; font-style:italic; color:#243f60 }\r\nspan.Rubrik8Char { font-family:'Verdana'; font-size:9pt; color:#272727 }\r\nspan.Rubrik9Char { font-family:'Verdana'; font-size:9pt; font-style:italic; color:#272727 }\r\nspan.RubrikChar { font-family:'Verdana'; font-size:20pt; letter-spacing:-0.5pt }\r\nspan.SidfotChar { font-family:'Verdana'; font-size:9.5pt }\r\nspan.SidhuvudChar { font-family:'Verdana'; font-size:7.5pt; font-variant:small-caps }\r\nspan.Tabell-Upphjttecken { font-family:'Verdana'; font-variant:normal; text-decoration:none; text-transform:none; vertical-align:super; display:inline }\r\nspan.VapenChar { font-family:'Verdana'; font-size:16pt }\r\nspan.tBilagaJA { color:#000000 }\r\nspan.tSidrubrikJA { color:#000000 }\r\n.TableGrid {  }\r\n--></style>\r\n\r\n\t\t<div class=\"Section1\">\r\n\t\t\t<table cellspacing=\"0\" cellpadding=\"0\" style=\"border-collapse:collapse; margin-left:0pt\">\r\n\t\t\t\t<tr style=\"height:79.4pt\">\r\n\t\t\t\t\t<td style=\"vertical-align:top; width:297.7pt\">\r\n\t\t\t\t\t\t<p class=\"Rubrik1Dokumentinformation\" style=\"margin-top:0pt; margin-bottom:0pt; text-align:left; page-break-inside:avoid; page-break-after:avoid; line-height:16pt\">\r\n\t\t\t\t\t\t\t<span style=\"font-family:'Verdana'; font-size:16pt; -aw-sdt-tag:ccUtskott; -aw-sdt-title:'utskottsnamn Dokumentegenskap'\">Miljö- och jordbruksutskottet</span><span style=\"font-family:'Verdana'; font-size:16pt; -aw-sdt-tag:ccS; -aw-sdt-title:s\">s</span><span style=\"font-family:'Verdana'; font-size:16pt; -aw-sdt-tag:ccMellanslag; -aw-sdt-title:Mellanslag\"> </span><a name=\"Utlatande\"></a><span style=\"font-family:'Verdana'; font-size:16pt\">betänkande</span>\r\n\t\t\t\t\t\t</p>\r\n\t\t\t\t\t\t<p class=\"Dokumentbeteckning\" style=\"margin-top:0pt; margin-bottom:0pt; text-align:left; page-break-inside:avoid; page-break-after:avoid; line-height:16pt\">\r\n\t\t\t\t\t\t\t<span style=\"font-family:'Verdana'; font-size:16pt; -aw-sdt-tag:ccRiksmote; -aw-sdt-title:'riksmote Dokumentegenskap'\">2018/19</span><span style=\"font-family:'Verdana'; font-size:16pt; -aw-sdt-tag:ccKolon; -aw-sdt-title:Kolon\">:</span><a name=\"Utskottebeteckning\"></a><span style=\"font-family:'Verdana'; font-size:16pt\">MJU16</span>\r\n\t\t\t\t\t\t</p>\r\n\t\t\t\t\t\t<p class=\"Rubrik1Dokumentinformation\" style=\"margin-top:0pt; margin-bottom:0pt; text-align:left; page-break-inside:avoid; page-break-after:avoid; line-height:16pt\">\r\n\t\t\t\t\t\t\t<span style=\"font-family:'Verdana'; font-size:16pt\"> </span>\r\n\t\t\t\t\t\t</p>\r\n\t\t\t\t\t</td>\r\n\t\t\t\t</tr>\r\n\t\t\t</table>\r\n\t\t\t<p class=\"DokumentRubrik\" style=\"-aw-sdt-tag:ccDokumentrubrik; -aw-sdt-title:'dokumentrubrik Dokumentegenskap'\">\r\n\t\t\t\t<span>Ändamålsenliga sanktioner mot otillåtna avfallstransporter</span>\r\n\t\t\t</p>\r\n\t\t\t<p class=\"Sammanfattning\">\r\n\t\t\t\t<span class=\"tSidrubrikJA\">Sammanfattning</span>\r\n\t\t\t</p>\r\n\t\t\t<p>\r\n\t\t\t\t<span>Utskottet föreslår att riksdagen antar regeringens förslag till ändringar i miljöbalken. </span>\r\n\t\t\t</p>\r\n\t\t\t<p class=\"NormalIndent\">\r\n\t\t\t\t<span>Lagförslaget innebär ändringar i miljöbalkens</span><span> straffbestämmelser om otillåtna</span><span> avfallstranspo</span><span>r</span><span>ter. Straffansvaret för otillåten</span><span> avfallstransport ska omfatta den som anordnar eller genomför en transport av avfall som är avsedd att gå till ett land utanför EU i strid med Europaparlamentets och rådets </span><span>förordning (EG) nr 1013/2006 av den 14 juni 2006 om transport av avfall</span><span> (avfallstransportförordningen)</span><span>.</span>\r\n\t\t\t</p>\r\n\t\t\t<p class=\"NormalIndent\">\r\n\t\t\t\t<span>Förslaget innebär att brottet anses fullbordat på ett tidigare stadium ä</span><span>n enligt nuvarande bestämmelser</span><span>. Vidare ska</span><span> </span><span>straff</span><span> </span><span>kunna dömas ut även när en transport har anmälts eller godkänts, om anmälan eller godkännandet bygger på oriktiga uppgifter. </span><span>Otillåten</span><span> avfallstransport ska inte längre vara straffbar</span><span>t</span><span> på försöksstadiet.</span><span> </span><span>Det införs</span><span> en s</span><span>ärskild brottsrubricering för grova fa</span><span>l</span><span>l av otillåtna</span><span> avfallstransport</span><span>er</span><span>. Det ska inte dömas till ansvar i ringa fall eller om den som anordnat transporten frivilligt vidtagit en åtgärd som lett till att transporten inte genomförts</span><span>.</span><span> </span><span>V</span><span>ad gäller begreppet frivillighet</span><span> i det avseendet anser utskotte</span><span>t </span><span>att ett tillbakaträdande efter </span><span>det </span><span>att en tillsynsm</span><span>yndighet inlett </span><span>en kontroll </span><span>inte ska kunna</span><span> betraktas som frivilligt.</span><span style=\"font-style:italic\"> </span>\r\n\t\t\t</p>\r\n\t\t\t<p class=\"NormalIndent\">\r\n\t\t\t\t<span>Straffansvaret för försvårande av miljökontroll utvidgas till att </span><span>även omfatta </span><span>bestämmelser i avfallstransportförordningen.</span><span> </span><span>Det införs en möjlighet att hålla kvar och omhänderta avfall om det behövs för att säkerställa att ett föreläggande eller förbud med koppling till avfallstransportförordningen följs. Vidare ska avfall som varit föremål för brott kunna förverkas. </span>\r\n\t\t\t</p>\r\n\t\t\t<p class=\"NormalIndent\">\r\n\t\t\t\t<span>Lagändringarna föreslås träda i kraft den 1 augusti 2019.</span>\r\n\t\t\t</p>\r\n\t\t\t<p class=\"R4\">\r\n\t\t\t\t<span>B</span><span>ehandlade förslag</span>\r\n\t\t\t</p>\r\n\t\t\t<p>\r\n\t\t\t\t<span>Proposition 2018/19:79 Ändamålsenliga sanktioner mot otillåtna avfallstransporter.</span>\r\n\t\t\t</p>\r\n\t\t\t<p class=\"Innehllsfrteckning\">\r\n\t\t\t\t<a name=\"Innehållsförteckning\"></a><span class=\"tSidrubrikJA\">I</span><span class=\"tSidrubrikJA\">nnehållsförteckning</span>\r\n\t\t\t</p>\r\n\t\t\t<p class=\"TOC1\">\r\n\t\t\t\t<a style=\"color:#000000\" href=\"#_Toc10035306\"><span class=\"Hyperlink\">Utskottets förslag till riksdagsbeslut</span></a>\r\n\t\t\t</p>\r\n\t\t\t<p class=\"TOC1\">\r\n\t\t\t\t<a style=\"color:#000000\" href=\"#_Toc10035307\"><span class=\"Hyperlink\">Redogörelse för ärendet</span></a>\r\n\t\t\t</p>\r\n\t\t\t<p class=\"TOC2\" style=\"margin-bottom:0pt\">\r\n\t\t\t\t<a style=\"color:#000000\" href=\"#_Toc10035308\"><span class=\"Hyperlink\">Ärendet och dess beredning</span></a>\r\n\t\t\t</p>\r\n\t\t\t<p class=\"TOC2\" style=\"margin-top:0pt\">\r\n\t\t\t\t<a style=\"color:#000000\" href=\"#_Toc10035309\"><span class=\"Hyperlink\">Propositionens huvudsakliga innehåll</span></a>\r\n\t\t\t</p>\r\n\t\t\t<p class=\"TOC1\">\r\n\t\t\t\t<a style=\"color:#000000\" href=\"#_Toc10035310\"><span class=\"Hyperlink\">Utskottets överväganden</span></a>\r\n\t\t\t</p>\r\n\t\t\t<p class=\"TOC2\">\r\n\t\t\t\t<a style=\"color:#000000\" href=\"#_Toc10035311\"><span class=\"Hyperlink\">Ändamålsenliga sanktioner mot otillåtna avfallstransporter</span></a>\r\n\t\t\t</p>\r\n\t\t\t<p class=\"TOC8\">\r\n\t\t\t\t<span class=\"Hyperlink\" style=\"font-style:italic\">Bilaga 1</span><br /><a style=\"color:#000000\" href=\"#_Toc10035312\"><span class=\"Hyperlink\">Förteckning över behandlade förslag</span></a>\r\n\t\t\t</p>\r\n\t\t\t<p class=\"TOC9\">\r\n\t\t\t\t<a style=\"color:#000000\" href=\"#_Toc10035313\"><span class=\"Hyperlink\">Propositionen</span></a>\r\n\t\t\t</p>\r\n\t\t\t<p class=\"TOC8\">\r\n\t\t\t\t<span class=\"Hyperlink\" style=\"font-style:italic\">Bilaga 2</span><br /><a style=\"color:#000000\" href=\"#_Toc10035314\"><span class=\"Hyperlink\">Regeringens lagförslag</span></a>\r\n\t\t\t</p>\r\n\t\t\t<p>\r\n\t\t\t</p>\r\n\t\t\t<p class=\"Avsnittsrubrik\">\r\n\t\t\t\t<a name=\"_Toc10035306\"></a><a name=\"StopCC\"></a><span class=\"tSidrubrikJA\">Utskottets förslag till riksdagsbeslut</span><span style=\"-aw-bookmark-end:_Toc10035306\"></span>\r\n\t\t\t</p>\r\n\t\t\t<p class=\"Mellanrum\">\r\n\t\t\t\t<span> </span>\r\n\t\t\t</p>\r\n\t\t\t<p class=\"Mellanrum\">\r\n\t\t\t\t<span> </span>\r\n\t\t\t</p>\r\n\t\t\t<table cellspacing=\"0\" cellpadding=\"0\" style=\"border-collapse:collapse; margin-left:0pt; width:294.2pt\">\r\n\t\t\t\t<tr>\r\n\t\t\t\t\t<td style=\"vertical-align:top; width:22pt\">\r\n\t\t\t\t\t\t<p style=\"margin-top:3.1pt; margin-bottom:0pt; text-align:justify; page-break-inside:avoid; page-break-after:avoid; line-height:12.5pt\">\r\n\t\t\t\t\t\t\t<span style=\"font-family:'Verdana'; font-size:10.5pt; font-weight:bold\">Ändamålsenliga sanktioner mot otillåtna avfallstransporter</span>\r\n\t\t\t\t\t\t</p>\r\n\t\t\t\t\t</td>\r\n\t\t\t\t</tr>\r\n\t\t\t</table>\r\n\t\t\t<p class=\"Normalutanluftfre\" style=\"-aw-sdt-tag:'dokumentavsnitt/utskottets förslag till riksdagsbeslut/784300191/1559049805824'; -aw-sdt-title:'utskottets förslag till riksdagsbeslut'\">\r\n\t\t\t\t<span>Riksdagen antar regeringens förslag till lag om ändring i miljöbalken.</span>\r\n\t\t\t</p>\r\n\t\t\t<p class=\"NormalIndent\" style=\"-aw-sdt-tag:'dokumentavsnitt/utskottets förslag till riksdagsbeslut/784300191/1559049805824'; -aw-sdt-title:'utskottets förslag till riksdagsbeslut'\">\r\n\t\t\t\t<span>Därmed bifaller riksdagen proposition 2018/19:79.</span>\r\n\t\t\t</p>\r\n\t\t\t<p class=\"OrtochDatum\" style=\"-aw-sdt-tag:'dokumentavsnitt/utskottets förslag till riksdagsbeslut/784300191/1559049805824'; -aw-sdt-title:'utskottets förslag till riksdagsbeslut'\">\r\n\t\t\t\t<span>Stockholm den 28 maj 2019</span>\r\n\t\t\t</p>\r\n\t\t\t<p class=\"PVgnar\" style=\"-aw-sdt-tag:'dokumentavsnitt/utskottets förslag till riksdagsbeslut/784300191/1559049805824'; -aw-sdt-title:'utskottets förslag till riksdagsbeslut'\">\r\n\t\t\t\t<span>På miljö- och jordbruksutskottets vägnar</span>\r\n\t\t\t</p>\r\n\t\t\t<p class=\"Ordfranden\" style=\"-aw-sdt-tag:'dokumentavsnitt/utskottets förslag till riksdagsbeslut/784300191/1559049805824'; -aw-sdt-title:'utskottets förslag till riksdagsbeslut'\">\r\n\t\t\t\t<span>Kristina Yngwe</span>\r\n\t\t\t</p>\r\n\t\t\t<p class=\"Deltagare\" style=\"-aw-sdt-tag:'dokumentavsnitt/utskottets förslag till riksdagsbeslut/784300191/1559049805824'; -aw-sdt-title:'utskottets förslag till riksdagsbeslut'\">\r\n\t\t\t\t<span>Följande ledamöter har deltagit i beslutet: Kristina Yngwe (C), Maria Gardfjell (MP), Jessica Rosencrantz (M), Hanna Westerén (S), Isak From (S), John Widegren (M), Magnus Manhammar (S), Elin Segerlind (V), Betty Malmberg (M), Martin Kinnunen (SD), Malin Larsson (S), Magnus Oscarsson (KD), Marlene Burwick (S), Tina Acketoft (L), Mats Nordberg (SD), Staffan Eklöf (SD) och Magnus Ek (C).</span>\r\n\t\t\t</p>\r\n\t\t\t<p class=\"Mellanrum\" style=\"-aw-sdt-tag:'dokumentavsnitt/utskottets förslag till riksdagsbeslut/784300191/1559049805824'; -aw-sdt-title:'utskottets förslag till riksdagsbeslut'\">\r\n\t\t\t\t<span> </span>\r\n\t\t\t</p>\r\n\t\t\t<p class=\"Mellanrum\" style=\"-aw-sdt-tag:'dokumentavsnitt/utskottets förslag till riksdagsbeslut/784300191/1559049805824'; -aw-sdt-title:'utskottets förslag till riksdagsbeslut'\">\r\n\t\t\t\t<span> </span>\r\n\t\t\t</p>\r\n\t\t\t<p class=\"Mellanrum\" style=\"-aw-sdt-tag:'dokumentavsnitt/utskottets förslag till riksdagsbeslut/784300191/1559049805824'; -aw-sdt-title:'utskottets förslag till riksdagsbeslut'\">\r\n\t\t\t\t<span style=\"font-size:9.5pt\"> </span>\r\n\t\t\t</p>\r\n\t\t\t<p>\r\n\t\t\t\t<span> </span>\r\n\t\t\t</p>\r\n\t\t\t<h1 style=\"margin-bottom:0pt\">\r\n\t\t\t\t<span> </span>\r\n\t\t\t</h1>\r\n\t\t\t<h1 style=\"margin-bottom:0pt\">\r\n\t\t\t\t<span> </span>\r\n\t\t\t</h1>\r\n\t\t\t<h1 style=\"margin-bottom:0pt\">\r\n\t\t\t\t<span> </span>\r\n\t\t\t</h1>\r\n\t\t\t<h1 style=\"margin-bottom:0pt\">\r\n\t\t\t\t<span> </span>\r\n\t\t\t</h1>\r\n\t\t\t<p>\r\n\t\t\t\t<span> </span>\r\n\t\t\t</p>\r\n\t\t\t<p class=\"Avsnittsrubrik\">\r\n\t\t\t\t<a name=\"_Toc10035307\"></a><a name=\"SlutUtskottsForslag\"></a><span class=\"tSidrubrikJA\">Redogörelse för ärendet</span><span style=\"-aw-bookmark-end:_Toc10035307\"></span>\r\n\t\t\t</p>\r\n\t\t\t<h2>\r\n\t\t\t\t<a name=\"_Toc10035308\"><span>Ärendet och dess beredning</span></a>\r\n\t\t\t</h2>\r\n\t\t\t<p>\r\n\t\t\t\t<span>I detta </span><span>betänkande</span><span> behandlar utskottet regeringens proposition 2018/19:79 Ändamålsenliga sanktioner mot otillåtna avfallstransporter.</span>\r\n\t\t\t</p>\r\n\t\t\t<p class=\"NormalIndent\">\r\n\t\t\t\t<span>Regeringens förslag till riksdagsbeslut redovisas i bilaga 1, och regeringens lagförslag redovisas i bilaga 2.</span>\r\n\t\t\t</p>\r\n\t\t\t<p class=\"NormalIndent\">\r\n\t\t\t\t<span>Lagförslaget har granskats av Lagrådet. </span>\r\n\t\t\t</p>\r\n\t\t\t<p class=\"NormalIndent\">\r\n\t\t\t\t<span>I samband med beredningen av detta ärende bjöd utskottet in företrädare för Polismyndigheten, </span><span>Länsstyrelsen i Gävleborgs län samt Malmö stad </span><span>till sitt sammanträde den 14 maj 2019 för att få information om arbetet med otillåtna avfallstransporter.</span>\r\n\t\t\t</p>\r\n\t\t\t<h2>\r\n\t\t\t\t<a name=\"_Toc10035309\"><span>Propositionens huvudsakliga innehåll</span></a>\r\n\t\t\t</h2>\r\n\t\t\t<p>\r\n\t\t\t\t<span>I propositionen föreslås ändringar i miljöbalkens</span><span> straffbestämmelser om otillåtna</span><span> avfallstransport</span><span>er</span><span> som kompletterar Europaparlamentets och rådets förordning (EG) nr 1013/2006 av den 14 juni 2006 om transport av avfall (avfallstransportförordningen). </span>\r\n\t\t\t</p>\r\n\t\t\t<p class=\"NormalIndent\">\r\n\t\t\t\t<span>Straffansvaret för </span><span>otillåten</span><span> avfallstransport ska omfatta den som anordnar eller genomför en transport av avfall som är avsedd att gå till ett land utanför EU i strid med avfallstransportförordningen. Förslaget innebär att brottet anses fullbordat på ett tidigare stadium än enligt nuvarande bestämmelser. Dessutom ska straff kunna dömas ut även när en transport har anmälts eller godkänts, om anmälan eller godkännandet bygger på oriktiga uppgifter. </span>\r\n\t\t\t</p>\r\n\t\t\t<p class=\"NormalIndent\">\r\n\t\t\t\t<span>En särskild brottsrubrice</span><span>ring för grova fall av otillåten</span><span> avfallstransport med en strängare straffskala föreslås. Det ska inte dömas till ansvar i ringa fall eller om den som anordnat transporten frivilligt vidtagit en åtgärd som lett till att transporten inte genomförts i s</span><span>trid med bl.a. avfallstransport</span><span>förordningen.</span>\r\n\t\t\t</p>\r\n\t\t\t<p class=\"NormalIndent\">\r\n\t\t\t\t<span>Otillåten avfallstransport ska inte längre vara straffbart på försöksstadiet. Straffansvaret för försvårande av miljökontroll utvidgas till att omfatta också bestämmelser i avfallstransportförordningen.</span>\r\n\t\t\t</p>\r\n\t\t\t<p class=\"NormalIndent\">\r\n\t\t\t\t<span>Det införs en möjlighet att hålla kvar och omhänderta avfall om det behövs för att säkerställa att ett föreläggande eller förbud med koppling till avfallstransportförordningen följs. Vidare ska avfall som varit föremål för brott kunna förverkas. Avfall som tagits i beslag ska också få säljas eller förstöras, om det skäligen kan antas att avfallet kommer att förverkas. </span>\r\n\t\t\t</p>\r\n\t\t\t<p class=\"NormalIndent\">\r\n\t\t\t\t<span>Lagändringarna föreslås träda i kraft den 1 augusti 2019.</span>\r\n\t\t\t</p>\r\n\t\t\t<p>\r\n\t\t\t\t<span style=\"font-size:14pt; font-weight:bold\"> </span>\r\n\t\t\t</p>\r\n\t\t\t<p>\r\n\t\t\t\t<span> </span>\r\n\t\t\t</p>\r\n\t\t\t<p class=\"Avsnittsrubrik\">\r\n\t\t\t\t<a name=\"_Toc10035310\"><span class=\"tSidrubrikJA\">Utskottets överväganden</span></a>\r\n\t\t\t</p>\r\n\t\t\t<h2 style=\"-aw-sdt-tag:34e16ec8-ac06-4457-bf66-beb7cb438967/förslagsrutor/-1149834795/1558354534775; -aw-sdt-title:förslagsrutor\">\r\n\t\t\t\t<a name=\"_Toc10035311\"><span>Ändamålsenliga sanktioner mot otillåtna avfallstransporter</span></a>\r\n\t\t\t</h2>\r\n\t\t\t<div style=\"border-bottom-color:#000000; border-bottom-style:solid; border-bottom-width:0.75pt; border-left-color:#000000; border-left-style:solid; border-left-width:0.75pt; border-right-color:#000000; border-right-style:solid; border-right-width:0.75pt; border-top-color:#000000; border-top-style:solid; border-top-width:0.75pt; clear:both; margin:3.1pt 0.9pt 0pt\">\r\n\t\t\t\t<p class=\"Normalrutafet\" style=\"margin:0pt; padding-right:4pt; padding-left:4pt\">\r\n\t\t\t\t\t<span style=\"-aw-bookmark-end:_Toc10035311\"></span><span>Utskottets förslag i korthet</span>\r\n\t\t\t\t</p>\r\n\t\t\t\t<p class=\"Normalruta\" style=\"margin:0pt; padding-right:4pt; padding-left:4pt; padding-bottom:4pt\">\r\n\t\t\t\t\t<span>Riksdagen </span><span>antar regeringens lagförslag</span><span>. </span><span>Vad </span><span>gäller </span><span>tolkningen </span><span>av begreppet </span><span>frivilligt </span><span>i 29 kap. 15 § miljöbalken </span><span>bör en sådan åtgärd som vidtas efter </span><span>det </span><span>att en tillsynsmyndighet inlett e</span><span>n kontroll inte</span><span> vara att betrakta som frivillig </span><span>i den föreslagna bestämmelsens mening</span><span>.</span>\r\n\t\t\t\t</p>\r\n\t\t\t</div>\r\n\t\t\t<p class=\"Mellanrum\">\r\n\t\t\t\t<span> </span>\r\n\t\t\t</p>\r\n\t\t\t<p class=\"R3\">\r\n\t\t\t\t<span>Bakgrund</span>\r\n\t\t\t</p>\r\n\t\t\t<p>\r\n\t\t\t\t<span>Den i</span><span>llegal</span><span>a</span><span> avfallsexport</span><span>en</span><span> påverkar </span><span>miljön och människors hälsa</span><span> eftersom de mottagande länderna ofta saknar kapacitet att ta hand om avfallet på ett säkert sätt. Den främsta drivkraften bakom illegala avfallstransporter är stora förtjänster i kombination med låg upptäcktsrisk och låga straff. Det finns kopplingar till annan grov brottslighet, exempelvis bedrägerier, skattebrott, stölder, penningtvätt samt narkotika- och människosmuggling. Det är viktigt att avfallstransporter noga övervakas och kon</span><span>troller</span><span>as så att avfallet inte dumpas i länder där avfallslagstiftningen eller kontrollen </span><span>av</span><span> avfallet är brist</span><span>­</span><span>fällig. Illegala avfallstransporter till utvecklingsländer är ett stort problem</span><span>,</span><span> och det är därför angeläget att regelverken följs. Det har dock visat sig att det varit svårt att tillämpa de i Sverige nu gällande straffbestämmelserna. Straffbestämmelserna bör därför ändras så att de går att tillämpa på ett mer ändamålsenligt och effektivt sätt.</span>\r\n\t\t\t</p>\r\n\t\t\t<h4>\r\n\t\t\t\t<span>Gränsöverskridande transporter av avfall</span><span> </span>\r\n\t\t\t</h4>\r\n\t\t\t<p>\r\n\t\t\t\t<span>Gränsöverskridande transporter av avfall kan ske genom export av avfall till länder utanför EU men även genom transporter av avfall inom EU och genom import av avfall till EU. </span>\r\n\t\t\t</p>\r\n\t\t\t<p class=\"NormalIndent\">\r\n\t\t\t\t<span>Europaparlamentets och rådets förordning (EG) nr 1013/2006 av den 14 juni 2006 om transport av avfall (avfallstransportförordningen) begränsar och reglerar gränsöverskridande avfallstransporter för att transporterna ska ske på ett sätt som säkerställer en hög skyddsnivå för miljön och människors hälsa. Förordningen genomför konventionen om kontroll av gränsöverskridande transporter och om slutligt omhändertagande av farligt avfall (Basel</span><span>-</span><span>konventionen). Artikel 50.1 i förordningen kräver att medlemsstaterna ska fastställa bestämmelser om sanktioner vid överträdelser av förordningen. Sanktionerna ska vara effektiva, proportionerliga och avskräckande. </span><span>De nu </span><span>föreslagna ändringarna i straffbestä</span><span>mmelserna gäller främst export</span><span> av avfall från ett land i EU till länder utanför EU. </span>\r\n\t\t\t</p>\r\n\t\t\t<p class=\"NormalIndent\">\r\n\t\t\t\t<span>Avfallstransportförordningen ställer olika krav beroende på till vilket land avfallet ska exporteras, vad det är för typ av avfall som ska exporteras och om avfallet ska bortskaffa</span><span>s eller återvinnas. Att exportera </span><span>avfall för </span><span>att </span><span>bortskaffa</span><span> det</span><span> är förbjudet till alla länder utanför EU utom de länder som är </span><span>med i </span><span>Efta och som är parter i Baselkonventionen. För avfall som exporteras för återvinning till länder som är med i </span><span>Organisationen för ekonomiskt samarbete och utveckling (</span><span>OECD</span><span>)</span><span> gäller samma regler som för transporter inom EU, såsom krav på skriftlig förhandsanmälan och godkännande. Om avfallet ska exporteras för att återvinnas i ett land som inte är med i OECD är exporten förbjuden för vissa avfallsslag, exempelvis farligt avfall. När det gäller export av vissa andra avfallsslag till länder utanför OECD får mottagarländerna själva bestämma att transporten ska vara förbjuden, att det ska krävas skriftlig förhandsanmälan eller att det inte ska vara någon kontroll. Om mottagarländerna inte har bestämt vad som gäller krävs </span><span>en </span><span>skriftlig förhandsanmälan.</span>\r\n\t\t\t</p>\r\n\t\t\t<p class=\"R5\">\r\n\t\t\t\t<span>Kontrollen av gränsöverskridande avfallstransporter</span>\r\n\t\t\t</p>\r\n\t\t\t<p>\r\n\t\t\t\t<span>Kontrollen av de gränsöverskridande avfallstransporterna</span><span> involverar flera myndigheter. </span><span>Naturvårdsverket</span><span> har ansvar för tillsynsvägled</span><span>ningen </span><span>och har ett begränsat operativt tillsynsansvar för frågor som Naturvårdsverket är behörig myndighet för</span><span>. Fem särskilt utpekade länsstyrelser</span><span> har ett regionalt operativt tillsynsansvar</span><span>. </span><span>Tullverket</span><span> kontrollerar gods som ska exporteras och kan i dessa kontroller upptäcka förbjudna avfallstransporter. </span><span>Polismyndigheten</span><span> genomför fordonskontroller och kan i samband med dem upptäcka förbjudna avfallstransporter som omfattas av straffbestämmelserna i 29 kap. miljöbal</span><span>ken och därmed utgör ett brott. </span><span>Även kommunerna och de övriga länsstyrelserna </span><span>har operativt tillsynsansvar </span><span>för</span><span> gränsöverskridande avfallstransporter men endast när det gäller att miljöbalken följs och inte när det gäller att avfallstransportförordningen</span><span> </span><span>följs. </span><span>Kustbevakningen</span><span> kontrollerar gräns</span><span>-</span><span>överskridande avfallstransporter eftersom </span><span>myndigheten</span><span> ansvarar för tillsyn av farligt gods och lastsäkring i hamnars landområden. </span>\r\n\t\t\t</p>\r\n\t\t\t<p class=\"NormalIndent\">\r\n\t\t\t\t<span>Avfallstransporter som utförs i strid med avfallstransportförordningen upptäcks således främst </span><span>v</span><span>i</span><span>d</span><span> länsstyrelsernas tillsynsarbete, vid Tullverkets kontroll</span><span>er</span><span> av gods som ska exporteras, vid Kustbevakningens tillsynsarbete i hamnarnas landområden och vid Polismyndighetens kontroll</span><span>er</span><span> av fordon och deras last.</span>\r\n\t\t\t</p>\r\n\t\t\t<p style=\"margin-top:0pt; margin-bottom:10pt; text-align:left; line-height:115%; font-size:9.5pt\">\r\n\t\t\t\t<br style=\"page-break-before:always; clear:both\" />\r\n\t\t\t</p>\r\n\t\t\t<p class=\"R4\" style=\"margin-bottom:0pt\">\r\n\t\t\t\t<span>Nuvarande sanktioner för överträdelser av avfallstransportförordningens bestämmelser om export </span>\r\n\t\t\t</p>\r\n\t\t\t<p class=\"R5\" style=\"margin-top:6pt\">\r\n\t\t\t\t<span>Miljöbalken</span><span>s straffbestämmelser om otillåtna</span><span> avfallstransport</span><span>er</span>\r\n\t\t\t</p>\r\n\t\t\t<p>\r\n\t\t\t\t<span>Sverige har infört sanktioner för överträdelser av avfallstransportförordningen genom straffbestämmelserna om otillåten avfallstransport i 29 kap. 4 a § miljöbalken. Där regleras straffansvar för den som uppsåtligen eller av oaktsamhet hanterar avfall i strid med avfallstransportförordningens bestämmelser om export. </span><span>Dessa bestämmelser är även kriminaliserade på försöksstadiet</span><span>.</span>\r\n\t\t\t</p>\r\n\t\t\t<p class=\"R5\">\r\n\t\t\t\t<span>Smugglingslagens straffbestämmelser</span>\r\n\t\t\t</p>\r\n\t\t\t<p>\r\n\t\t\t\t<span>En person ska inte dömas till ansvar enligt 29 kap. miljöbalken om gärningen är belagd med samma eller strängare straff i brottsbalken eller om ansvar för gärningen kan dömas ut enligt lagen (2000:1225) om straff för smuggling</span><span> (</span><span>smugglingslagen</span><span>)</span><span>. För avfall som exporteras och transporteras i strid med avfallstransportförordningen ska det därför i första hand dömas till ansvar enligt smugglingslagen. </span>\r\n\t\t\t</p>\r\n\t\t\t<p class=\"NormalIndent\">\r\n\t\t\t\t<span>En gärning kan uppfylla rekvisiten för otillåten avfallstransport i miljöbalken och brotten i smugglingslagen samtidigt. Det är först i de situationer där det inte går att döma till ansvar enligt smugglingslagen som straff enligt miljöbalken kan bli aktuellt. Ett exempel på en sådan situation är </span><span>när</span><span> gärningar som </span><span>begåtts</span><span> av oaktsamhet inte är straffbelagda i smugglingslagen men i miljöbalken. Det kan aldrig bli fråga om straff enligt både miljöbalken och smugglingslagen för samma gärning</span><span>. Bestämmelsen om förhållandet mellan smugglingslagen och miljöbalken har betydelse även för andra bestämmelser i miljöbalken, exempelvis artskyddsbrott i 29 kap. 2 b § miljöbalken.</span><span> </span>\r\n\t\t\t</p>\r\n\t\t\t<p class=\"NormalIndent\">\r\n\t\t\t\t<span>För att dömas för smuggling enligt 3 § tredje stycket 1 smugglingslagen krävs att någon för ut en vara från landet i strid med ett särskilt föreskrivet förbud mot eller villkor för utförsel eller efter utförseln förfogar över varan i strid med förbudet eller villkoret. Det kan t.ex. gälla export av avfall i strid med avfallstransportförordningen. Export av avfall i strid med avfallstransportförordningen kan även utgöra olovlig utförsel enligt 7 § smugglingslagen. Smuggling kräver uppsåt. För fall av grov oaktsamhet kan straff för olovlig utförsel utdömas. Enligt 14 § smugglingslagen är försök till smuggling straffbart</span><span>,</span><span> men inte försök till olovlig utförsel.</span>\r\n\t\t\t</p>\r\n\t\t\t<p class=\"R3\">\r\n\t\t\t\t<span>Propositionen</span>\r\n\t\t\t</p>\r\n\t\t\t<p>\r\n\t\t\t\t<span>I propositionen föreslår regeringen att d</span><span>et</span><span> </span><span>f</span><span>ör brottet otillåten avfallstransport inte längre </span><span>ska </span><span>krävas att en export har skett. Straffansvaret ska i stället omfatta den som med uppsåt eller av oaktsamhet anordnar eller genomför en transport av avfall som är avsedd att gå från EU till ett land eller territorium utanför EU i strid med </span><span>Europaparlamentets och rådets förordning (EG) nr 1013/2006 av den 14 juni 2006 om transport av avfall (avfallstransportförordningen)</span><span>. </span><span>Otillåten avfallstransport ska inte längre vara straffbart på försöksstadiet. </span><span>Det föreslås även att d</span><span>en som har anordnat en transport av avfall och som innan transporten påbörjats frivilligt har vidtagit en åtgärd som lett till att transporten inte genomförts i strid med bl.a. avfallstransportförordningen inte </span><span>ska </span><span>dömas till ansvar för otillåten avfallstransport.</span>\r\n\t\t\t</p>\r\n\t\t\t<p class=\"NormalIndent\">\r\n\t\t\t\t<span>Vidare föreslår regeringen att s</span><span>traffbestämmelsen för otillåten avfallstransport utvidgas så att den omfattar även den som anordnar eller genomför en transport av avfall som är avsedd att gå till ett land eller territorium utanför EU i strid med exportförbuden i artikel 39 (export av avfall till Antarktis) och artikel 40.2 (export av avfall för återvinning till de utomeuropeiska länderna och territorierna) i avfallstransportförordningen.</span><span> Likaså före</span><span>slås </span><span>s</span><span>traffbestämmelsen om otillåten avfallstransport utvidgas</span><span> </span><span>så att den gäller även den som anordnar eller genomför en transport av avfall som är avsedd att gå till ett land eller territorium utanför Europeiska unionen utan en skriftlig förhandsanmälan och ett godkännande som krävs enligt artikel 40.3 jämförd med artiklarna 4 och 9.6 i avfallstransportförordningen.</span>\r\n\t\t\t</p>\r\n\t\t\t<p class=\"NormalIndent\">\r\n\t\t\t\t<span>Regeringen föreslår </span><span>även </span><span>att s</span><span>traffbestämmelsen för otillåten avfallstransport utvidgas så att även den döms som anordnar eller genomför en transport av avfall som är avsedd att gå mellan länder utanför EU men genom ett land i EU utan en skriftlig förhandsanmälan och ett godkännande som krävs enligt artiklarna 47 och 48, jämförda med artiklarna 4, 9.6, 42 och 44 i avfallstransportförordningen.</span>\r\n\t\t\t</p>\r\n\t\t\t<p class=\"NormalIndent\">\r\n\t\t\t\t<span>Det föreslås att s</span><span>ärskilt allvarliga fall av otillåten avfallstransport ska ha en särskild brottsrubricering med en egen straffskala.</span><span> Vidare föreslår regeringen att det i</span><span> ringa fall av otillåten avfallstransport </span><span>inte </span><span>ska dömas till ansvar.</span><span> </span><span>Ansvar för otillåten avfallstransport ska dömas ut endast om ansvar för miljöbrott inte kan dömas ut.</span>\r\n\t\t\t</p>\r\n\t\t\t<p class=\"NormalIndent\">\r\n\t\t\t\t<span>I propositionen föreslår r</span><span>egeringen</span><span> att s</span><span>traffbestämmelsen om otillåten avfallstransport utvidgas så att det även kan dömas till ansvar om en skriftlig förhandsanmälan innehåller oriktiga uppgifter eller om någon fått ett godkännande </span><span>till följd</span><span> av att någon lämnat en oriktig uppgift. </span><span>Det föreslås att b</span><span>estämmelsen om försvårande av miljökontroll ändras så att den även omfattar uppgifter i handlingar som visas upp för en myndighet</span><span> </span><span>och oriktiga uppgifter som lämnas i de dokument som krävs enligt artiklarna 16 b, 16 d, 16 e, 18.1</span><span>, 18.2, </span><span>18.3</span><span>, 50.4</span><span> </span><span>a eller 50.4</span><span> </span><span>c i avfallstransportförordningen.                                                                                                                                                                                                                                                                                                                                                                                                                                                                                                                                                                                                                                                                                                                                                                                                                                                                                                                                                                                                                                                                                                                                                                                                                                                                                                                                                                                                                                                                                                                                                                                                                                                                                                                                                                                                                                                                                                                                                                                                                                                                                                                                                                                                                                                                                                                                                                                                                                                                                                                                                                                                                                                                                                                                </span>\r\n\t\t\t</p>\r\n\t\t\t<p class=\"NormalIndent\">\r\n\t\t\t\t<span>Vidare föreslår regeringen att b</span><span>estämmelsen i miljöbalken om förhållandet mellan straffbestämmelserna i miljöbalken och smugglingslagen </span><span>behåll</span><span>s men förtydligas så att det framgår att smugglingslagen ska tillämpas i första hand och att miljöbalken ska tillämpas i de fall det inte går att döma till ansvar enligt smugglingslagen.</span>\r\n\t\t\t</p>\r\n\t\t\t<p class=\"NormalIndent\">\r\n\t\t\t\t<span>Regeringen</span><span> föreslår att a</span><span>vfall som varit föremål för brott ska kunna förverkas. Straffbestämmelsen om otillåtna avfallstransporter ska läggas till i uppräkningen av de brott som förverkandet kan grunda sig på.</span><span> Regeringen för</span><span>e</span><span>slår även att a</span><span>vfall som tagits i beslag och skäligen kan antas bli förverkat ska kunna säljas eller förstöras. Om avfall som sålts eller förstörts inte </span><span>förverkas ska ersättning </span><span>betalas ut</span><span> till ägaren eller annan rättsinnehavare av avfallet.</span>\r\n\t\t\t</p>\r\n\t\t\t<p class=\"NormalIndent\">\r\n\t\t\t\t<span>Regeringen </span><span>för</span><span>e</span><span>slår slutligen att t</span><span>illsynsmyndigheten ska få besluta att hål</span><span>la kvar eller omhänderta avfall</span><span> om det behövs för att säkerställa att ett förbud i avfallstransportförordningen följs eller att ett föreläggande som beslutats med anledning av förordningen följs.</span>\r\n\t\t\t</p>\r\n\t\t\t<p class=\"NormalIndent\">\r\n\t\t\t\t<span>Bestämmelserna </span><span>föreslås </span><span>träda i kraft den 1 augusti 2019.</span>\r\n\t\t\t</p>\r\n\t\t\t<p class=\"R3\">\r\n\t\t\t\t<span>Utskottets ställningstagande</span>\r\n\t\t\t</p>\r\n\t\t\t<p class=\"NormalIndent\" style=\"text-indent:0pt\">\r\n\t\t\t\t<span>Det har inte väckts någ</span><span>ra</span><span> motion</span><span>er</span><span> med anledning av propositionen. </span>\r\n\t\t\t</p>\r\n\t\t\t<p class=\"NormalIndent\">\r\n\t\t\t\t<span>Utskottet har under beredning</span><span>sarbetet med</span><span> propositionen uppmärksammats på </span><span>att </span><span>det</span><span> kan finnas risk för oklarheter vid tillämpningen av den föreslagna 29 kap. 15 §</span><span> </span><span>miljöbalken. De</span><span>nna bestämmelse</span><span> innebär ansvarsfrihet för den som frivilligt avbryter förfarandet så att en </span><span>transpor</span><span>t i strid med avfallstransportförordningen </span><span>inte kommer till stånd. </span><span>Enligt utskottet finns b</span><span>eh</span><span>ov</span><span> av ett förtydligande </span><span>som </span><span>avser hur begreppet frivilligt ska tolkas i förhållande till en inledd myndighetskontroll</span><span>. Ansvarsfrihet förutsätter att avbrytandet är frivilligt. I propositionen anförs att om avbrytande åtgärder vidtas efter det att myndigheterna genomfört en kontroll har åtgärderna inte vidtagits frivilligt. </span><span>Utskottet anser att avbrytande åtgärder som </span><span>vidtas först efter det att myndi</span><span>gheterna inlett en kontroll </span><span>inte heller </span><span>ska</span><span> betraktas som frivilliga. Detta </span><span>ställningstagande innebär</span><span> att om en transport är uttagen för kontroll av en myndighet </span><span>ska </span><span>det inte längre vara möjligt att frivilligt tillbakaträd</span><span>a.</span>\r\n\t\t\t</p>\r\n\t\t\t<p class=\"NormalIndent\">\r\n\t\t\t\t<span>Utskottet anser </span><span>mot </span><span>bakgrund </span><span>av det anförda </span><span>och </span><span>det som i övrigt</span><span> anförs i propositionen </span><span>att riksdagen </span><span>bör anta regeringens lagförslag</span><span>.</span>\r\n\t\t\t</p>\r\n\t\t\t<p class=\"Bilaga\">\r\n\t\t\t\t<span class=\"tBilagaJA\">Bilaga 1</span>\r\n\t\t\t</p>\r\n\t\t\t<p class=\"Bilagerubrik\">\r\n\t\t\t\t<a name=\"_Toc10035312\"><span class=\"tSidrubrikJA\">Förteckning över behandlade förslag</span></a>\r\n\t\t\t</p>\r\n\t\t\t<p class=\"Rubrik2bilaga\" style=\"-aw-sdt-tag:'dokumentavsnitt/förteckning över behandlade förslag/2062301322/1556459821153'; -aw-sdt-title:'förteckning över behandlade förslag'\">\r\n\t\t\t\t<a name=\"_Toc10035313\"><span>Propositionen</span></a><span> </span>\r\n\t\t\t</p>\r\n\t\t\t<h4 style=\"-aw-sdt-tag:'dokumentavsnitt/förteckning över behandlade förslag/2062301322/1556459821153'; -aw-sdt-title:'förteckning över behandlade förslag'\">\r\n\t\t\t\t<span>Proposition 2018/19:79 Ändamålsenliga sanktioner mot otillåtna avfallstransporter:</span>\r\n\t\t\t</h4>\r\n\t\t\t<p class=\"YrkandelistaEtt\" style=\"-aw-sdt-tag:'dokumentavsnitt/förteckning över behandlade förslag/2062301322/1556459821153'; -aw-sdt-title:'förteckning över behandlade förslag'\">\r\n\t\t\t\t<span>Riksdagen antar regeringens förslag till lag om ändring i miljöbalken.</span>\r\n\t\t\t</p>\r\n\t\t\t<p class=\"Mellanrum\">\r\n\t\t\t\t<span> </span>\r\n\t\t\t</p>\r\n\t\t\t<p class=\"Mellanrum\" style=\"-aw-sdt-tag:'dokumentavsnitt/förteckning över behandlade förslag/2062301322/1556459821153'; -aw-sdt-title:'förteckning över behandlade förslag'\">\r\n\t\t\t\t<span> </span>\r\n\t\t\t</p>\r\n\t\t\t<p>\r\n\t\t\t\t<span> </span>\r\n\t\t\t</p>\r\n\t\t\t<p class=\"Bilaga\">\r\n\t\t\t\t<span class=\"tBilagaJA\">Bilaga 2</span>\r\n\t\t\t</p>\r\n\t\t\t<p class=\"Bilagerubrik\" style=\"margin-bottom:6pt\">\r\n\t\t\t\t<a name=\"_Toc10035314\"><span class=\"tSidrubrikJA\">Regeringens lagförslag</span></a>\r\n\t\t\t</p>\r\n\t\t\t<p>\r\n\t\t\t\t<img src=\"http://data.riksdagen.se/fil/h601mju16/Dokument.001.png\" width=\"394\" height=\"650\" alt=\"\" style=\"-aw-left-pos:0pt; -aw-rel-hpos:column; -aw-rel-vpos:paragraph; -aw-top-pos:0pt; -aw-wrap-type:inline\" />\r\n\t\t\t</p>\r\n\t\t\t<p>\r\n\t\t\t\t<img src=\"http://data.riksdagen.se/fil/h601mju16/Dokument.002.png\" width=\"388\" height=\"756\" alt=\"\" style=\"-aw-left-pos:0pt; -aw-rel-hpos:column; -aw-rel-vpos:paragraph; -aw-top-pos:0pt; -aw-wrap-type:inline\" />\r\n\t\t\t</p>\r\n\t\t\t<p>\r\n\t\t\t\t<img src=\"http://data.riksdagen.se/fil/h601mju16/Dokument.003.png\" width=\"394\" height=\"736\" alt=\"\" style=\"-aw-left-pos:0pt; -aw-rel-hpos:column; -aw-rel-vpos:paragraph; -aw-top-pos:0pt; -aw-wrap-type:inline\" />\r\n\t\t\t</p>\r\n\t\t\t<p>\r\n\t\t\t\t<img src=\"http://data.riksdagen.se/fil/h601mju16/Dokument.004.png\" width=\"387\" height=\"756\" alt=\"\" style=\"-aw-left-pos:0pt; -aw-rel-hpos:column; -aw-rel-vpos:paragraph; -aw-top-pos:0pt; -aw-wrap-type:inline\" />\r\n\t\t\t</p>\r\n\t\t\t<p>\r\n\t\t\t\t<img src=\"http://data.riksdagen.se/fil/h601mju16/Dokument.005.png\" width=\"389\" height=\"756\" alt=\"\" style=\"-aw-left-pos:0pt; -aw-rel-hpos:column; -aw-rel-vpos:paragraph; -aw-top-pos:0pt; -aw-wrap-type:inline\" />\r\n\t\t\t</p>\r\n\t\t\t<p>\r\n\t\t\t\t<img src=\"http://data.riksdagen.se/fil/h601mju16/Dokument.006.png\" width=\"392\" height=\"756\" alt=\"\" style=\"-aw-left-pos:0pt; -aw-rel-hpos:column; -aw-rel-vpos:paragraph; -aw-top-pos:0pt; -aw-wrap-type:inline\" />\r\n\t\t\t</p>\r\n\t\t\t<p>\r\n\t\t\t\t<img src=\"http://data.riksdagen.se/fil/h601mju16/Dokument.007.png\" width=\"394\" height=\"734\" alt=\"\" style=\"-aw-left-pos:0pt; -aw-rel-hpos:column; -aw-rel-vpos:paragraph; -aw-top-pos:0pt; -aw-wrap-type:inline\" />\r\n\t\t\t</p>\r\n\t\t\t<p>\r\n\t\t\t\t<img src=\"http://data.riksdagen.se/fil/h601mju16/Dokument.008.png\" width=\"394\" height=\"625\" alt=\"\" style=\"-aw-left-pos:0pt; -aw-rel-hpos:column; -aw-rel-vpos:paragraph; -aw-top-pos:0pt; -aw-wrap-type:inline\" />\r\n\t\t\t</p>\r\n\t\t\t<p class=\"NormalIndent\">\r\n\t\t\t\t<span> </span>\r\n\t\t\t</p>\r\n\t\t\t<p class=\"NormalIndent\">\r\n\t\t\t\t<span> </span>\r\n\t\t\t</p>\r\n\t\t</div>\r\n\t"},"dokutskottsforslag":{"utskottsforslag":{"punkt":"1","rubrik":"Ändamålsenliga sanktioner mot otillåtna avfallstransporter","forslag":"Riksdagen antar regeringens förslag till lag om ändring i miljöbalken.<br>Därmed bifaller riksdagen proposition 2018/19:79.<BR/><BR/><BR/>","beslutstyp":"acklamation","motforslag_nummer":"0","motforslag_partier":null,"votering_id":null,"votering_sammanfattning_html":null,"votering_url_xml":null,"rm":"2018/19","bet":"MJU16","vinnare":"utskottet"}},"dokaktivitet":{"aktivitet":[{"kod":"UBE","namn":"Beredning","datum":"2019-05-16 00:00:00","status":"inträffat","ordning":"0","process":null},{"kod":"JUS","namn":"Justering","datum":"2019-05-28 00:00:00","status":"inträffat","ordning":"0","process":null},{"kod":"TRY","namn":"Trycklov","datum":"2019-05-29 00:00:00","status":"inträffat","ordning":"0","process":null},{"kod":"B","namn":"Bordläggning","datum":"2019-06-04 00:00:00","status":"inträffat","ordning":"0","process":null},{"kod":"BEH","namn":"Behandling","datum":"2019-06-05 00:00:00","status":"inträffat","ordning":"0","process":null},{"kod":"BES","namn":"Beslut","datum":"2019-06-12 00:00:00","status":"inträffat","ordning":"0","process":null}]},"dokuppgift":{"uppgift":[{"kod":"notis","namn":"Beslut i korthet","text":"                           <p>Riksdagen sa ja till regeringens förslag till ändringar i miljöbalken om otillåtna avfallstransporter.</p>\r\n<p>Riksdagen konstaterar att den illegala avfallsexporten påverkar miljön och människors hälsa eftersom de mottagande länderna ofta saknar kapacitet att ta hand om avfallet på ett säkert sätt. Den främsta drivkraften bakom illegala avfallstransporter är stora förtjänster i kombination med låg upptäcktsrisk och låga straff. Det har visat sig vara svårt att tillämpa det nuvarande regelverket, och straffbestämmelserna bör därför ändras så att de går att tillämpa på ett mer ändamålsenligt och effektivt vis.</p>\r\n<p>Lagförslaget innebär bland annat att det för brottet otillåten avfallstransport inte längre ska krävas att en export har skett. Straffansvaret ska omfatta den som med uppsåt eller av oaktsamhet anordnar eller genomför en transport av avfall som är avsedd att gå från EU till ett land eller territorium utanför EU. Förslaget innebär också att brottet ska anses vara fullbordat på ett tidigare stadium än idag.</p>\r\n<p>Lagändringarna börjar gälla den 1 augusti 2019.</p>\r\n                                            ","dok_id":"H601MJU16","systemdatum":"2019-06-12 16:38:02"},{"kod":"notisrubrik","namn":"Beslut","text":"Ja till mer ändamålsenliga sanktioner mot otillåtna avfallstransporter (MjU16) ","dok_id":"H601MJU16","systemdatum":"2019-06-12 16:38:02"},{"kod":"utsknotis","namn":"Utskottets förslag till beslut","text":"                           <p>Miljö- och jordbruksutskottet föreslår att riksdagen säger ja till regeringens förslag till ändringar i miljöbalken om otillåtna avfallstransporter.</p>\r\n<p>Utskottet konstaterar att den illegala avfallsexporten påverkar miljön och människors hälsa eftersom de mottagande länderna ofta saknar kapacitet att ta hand om avfallet på ett säkert sätt. Den främsta drivkraften bakom illegala avfallstransporter är stora förtjänster i kombination med låg upptäcktsrisk och låga straff. Det har visat sig vara svårt att tillämpa det nuvarande regelverket, och straffbestämmelserna bör därför ändras så att de går att tillämpa på ett mer ändamålsenligt och effektivt vis, enligt utskottet.</p>\r\n<p>Lagförslaget innebär bland annat att det för brottet otillåten avfallstransport inte längre ska krävas att en export har skett. Straffansvaret ska omfatta den som med uppsåt eller av oaktsamhet anordnar eller genomför en transport av avfall som är avsedd att gå från EU till ett land eller territorium utanför EU. Förslaget innebär också att brottet ska anses vara fullbordat på ett tidigare stadium än idag.</p>\r\n<p>Lagändringarna föreslås börja gälla den 1 augusti 2019.</p>\r\n                                            ","dok_id":"H601MJU16","systemdatum":"2019-06-12 16:38:02"},{"kod":"utsknotisrubrik","namn":"Utskottets förslag","text":"Ja till mer ändamålsenliga sanktioner mot otillåtna avfallstransporter (MjU16)","dok_id":"H601MJU16","systemdatum":"2019-06-12 16:38:02"},{"kod":"rdbeslut","namn":"Riksdagens beslut","text":"Kammaren biföll utskottets förslag.","dok_id":"H601MJU16","systemdatum":"2019-06-12 17:15:21"},{"kod":"beslutssammanfattningusk","namn":"Utskottets förslag till beslut","text":"Bifall till propositionen.","dok_id":"H601MJU16","systemdatum":"2019-05-29 15:29:47"},{"kod":"debattdatumtid","namn":"Datum och tid för debatten","text":"2019-06-05 00:00:00","dok_id":"H601MJU16","systemdatum":"2019-06-12 16:38:02"},{"kod":"beslutdatumtid","namn":"Datum och tid för beslutet","text":"2019-06-12 00:00:00","dok_id":"H601MJU16","systemdatum":"2019-06-12 16:38:02"},{"kod":"statustext","namn":"statustext","text":"Ärendet är avslutat","dok_id":"H601MJU16","systemdatum":"2019-06-13 00:34:40"}]},"dokbilaga":{"bilaga":{"dok_id":"H601MJU16","titel":"Ändamålsenliga sanktioner mot otillåtna avfallstransporter","subtitel":null,"filnamn":"2018_19_MJU16_20190529152907_Publicering.pdf","filstorlek":"1678349","filtyp":"pdf","fil_url":"http://data.riksdagen.se/fil/440C0812-163B-4C16-8F78-A6FE5A07FBA1"}},"dokreferens":{"referens":[{"referenstyp":"behandlar","uppgift":"Proposition 2018/19:79 Ändamålsenliga sanktioner mot otillåtna avfallstransporter","ref_dok_id":"H60379","ref_dok_typ":"prop","ref_dok_rm":"2018/19","ref_dok_bet":"79","ref_dok_titel":"Ändamålsenliga sanktioner mot otillåtna avfallstransporter","ref_dok_subtitel":null,"ref_dok_subtyp":"prop","ref_dok_dokumentnamn":"Proposition"},{"referenstyp":"föredragningslista","uppgift":"föredragningslista 2018/19:100 Onsdag den 5 juni 2019","ref_dok_id":"H60I100","ref_dok_typ":"f-lista","ref_dok_rm":"2018/19","ref_dok_bet":"100","ref_dok_titel":"Onsdag den 5 juni 2019","ref_dok_subtitel":null,"ref_dok_subtyp":null,"ref_dok_dokumentnamn":"Föredragningslista"},{"referenstyp":"protokollbeslut","uppgift":"2019-06-12","ref_dok_id":"H609103","ref_dok_typ":"prot","ref_dok_rm":"2018/19","ref_dok_bet":"103","ref_dok_titel":"Protokoll 2018/19:103 Onsdagen den 12 juni","ref_dok_subtitel":"Ändamålsenliga sanktioner mot otillåtna avfallstransporter","ref_dok_subtyp":null,"ref_dok_dokumentnamn":"Protokoll"},{"referenstyp":"protokolldebatt","uppgift":"2019-06-05","ref_dok_id":"H609100","ref_dok_typ":"prot","ref_dok_rm":"2018/19","ref_dok_bet":"100","ref_dok_titel":"Protokoll 2018/19:100 Onsdagen den 5 juni","ref_dok_subtitel":"Ändamålsenliga sanktioner mot otillåtna avfallstransporter","ref_dok_subtyp":null,"ref_dok_dokumentnamn":"Protokoll"},{"referenstyp":"rskr","uppgift":null,"ref_dok_id":"H60K254","ref_dok_typ":"rskr","ref_dok_rm":"2018/19","ref_dok_bet":"254","ref_dok_titel":"Riksdagsskrivelse 2018/19:254","ref_dok_subtitel":null,"ref_dok_subtyp":"rskr","ref_dok_dokumentnamn":"Riksdagsskrivelse"},{"referenstyp":"talarlista","uppgift":"talarlista 2018/19:20190605 Onsdag den 5 juni 2019 (preliminär)","ref_dok_id":"H60J20190605","ref_dok_typ":"t-lista","ref_dok_rm":"2018/19","ref_dok_bet":"20190605","ref_dok_titel":"Onsdag den 5 juni 2019 (preliminär)","ref_dok_subtitel":null,"ref_dok_subtyp":null,"ref_dok_dokumentnamn":"Talarlista"}]},"debatt":{"anforande":{"video_id":"1100190605439593522","video_url":"1100190605439593522#pos=18","startpos":"18","tumnagel":["","//mhdownload.riksdagen.se/riksdagen/unrestricted/thumb/1100190605439593522_mid.jpg"],"tumnagel_stor":"//mhdownload.riksdagen.se/riksdagen/unrestricted/thumb/1100190605439593522_high.jpg","anf_video_id":"1100190605439593722","anf_hangar_id":"5035235","anf_sekunder":"294","anf_klockslag":"09:01","datumtid":"2019-06-05 09:01:47","anf_datum":"2019-06-05 00:00:00","anf_typ":"ap","anf_text":"<p>Fru talman! Frågan om avfall och hur det påverkar oss människor och naturen blir mer och mer aktuell. Inte minst är det tydligt i våra hav och längs våra stränder eller när vi ser de stora avfallsdeponier som finns runt om på vår jord.</p><p>Något som kanske inte är lika allmänt känt är den illegala verksamhet som uppstår i avfallets spår. Den illegala avfallsexporten påverkar miljö och människors hälsa eftersom de mottagande länderna ofta saknar kapacitet att ta hand om avfallet på ett säkert sätt. Den främsta drivkraften bakom illegala avfallstransporter är stora förtjänster i kombination med låg upptäcktsrisk. Det finns kopplingar till annan grov brottslighet, exempelvis bedrägerier, skattebrott, stölder, penningtvätt och narkotika- och människosmuggling.</p><p>Det är viktigt att avfallstransporter noga övervakas och kontrolleras så att avfallet inte dumpas i länder där avfallslagstiftningen eller kontrollen av avfallet är bristfällig. Illegala avfallstransporter till utvecklingsländer är ett stort problem, och det är därför angeläget att regelverken följs. </p><p>Det har dock visat sig vara svårt att tillämpa de i Sverige nu gällande straffbestämmelserna. De bör därför ändras så att de går att tillämpa på ett mer ändamålsenligt och effektivt sätt, och det är det som regeringen nu föreslår.</p><p>Gränsöverskridande transporter av avfall kan ske genom export av avfall till länder utanför EU men även genom transporter av avfall inom EU och genom import av avfall till EU. EU:s avfallstransportförordning begränsar och reglerar gränsöverskridande avfallstransporter för att transporterna ska ske på ett sätt som säkerställer en hög skyddsnivå för miljö och människors hälsa.</p><p> STYLEREF Kantrubrik \\* MERGEFORMAT Ändamålsenliga sanktioner mot otillåtna avfalls-transporter</p><p>Medlemsstaterna ska i sin tur fastställa bestämmelser om sanktioner vid överträdelser av förordningen. Sanktionerna ska vara effektiva, proportionerliga och avskräckande.</p><p>De nu föreslagna ändringarna i straffbestämmelserna gäller främst export av avfall från ett land i EU till länder utanför EU.</p><p>Fru talman! Ett enigt miljö- och jordbruksutskott föreslår att riksdagen antar regeringens förslag till ändringar i miljöbalkens straffbestämmelser om otillåtna avfallstransporter. Straffansvaret för otillåten avfallstransport ska omfatta den som anordnar eller genomför en transport av avfall som är avsedd att gå till ett land utanför EU i strid med EU:s avfallstransportförordning.</p><p>Förslaget innebär att brottet anses fullbordat på ett tidigare stadium än enligt nuvarande bestämmelser. Vidare ska straff kunna dömas ut även när en transport har anmälts eller godkänts om anmälan eller godkännandet bygger på oriktiga uppgifter.</p><p>Det införs en särskild brottsrubricering för grova fall av otillåtna avfallstransporter. Det ska inte dömas till ansvar i ringa fall eller om den som anordnat transporten frivilligt vidtagit en åtgärd som lett till att transporten inte genomförts. Vad gäller begreppet frivillighet i det avseendet anser utskottet att ett tillbakaträdande efter det att en tillsynsmyndighet inlett en kontroll inte ska kunna betraktas som frivilligt.</p><p>Straffansvaret för försvårande av miljökontroll utvidgas till att även omfatta bestämmelser i avfallstransportförordningen. Det införs en möjlighet att hålla kvar och omhänderta avfall om det behövs för att säkerställa att ett föreläggande eller förbud med koppling till avfallstransportförordningen följs. Vidare ska avfall som varit föremål för brott kunna förverkas.</p><p>(Applåder)</p><p>Överläggningen var härmed avslutad.</p><p>(Beslut skulle fattas den 12 juni.)</p>","anf_beteckning":"2018/19:100-1","anf_nummer":"1","talare":"Marlene Burwick (S)","intressent_id":"0853204119514","parti":"S","anf_rm":"2018/19"}}}}