{"dokumentstatus":{"dokument":{"hangar_id":"5022737","dok_id":"H601MJU19","rm":"2018/19","beteckning":"MJU19","typ":"bet","subtyp":"bet","doktyp":"bet","typrubrik":"Betänkande 2018/19:MJU19","dokumentnamn":"Betänkande","debattnamn":"Debatt om förslag","tempbeteckning":"","organ":"MJU","mottagare":"","nummer":"19","slutnummer":"0","datum":"2019-02-25 00:00:00","systemdatum":"2019-02-25 11:10:47","publicerad":"2019-02-25 11:10:46","titel":"Miljömålen - med sikte på framtiden","subtitel":"","status":"planerat","htmlformat":"","relaterat_id":"","source":"Brus","sourceid":"1c1060e3-0b21-4ca6-8381-b1d17299df99","dokument_url_text":"http://data.riksdagen.se/dokument/H601MJU19/text","dokument_url_html":"http://data.riksdagen.se/dokument/H601MJU19","dokumentstatus_url_xml":"http://data.riksdagen.se/dokumentstatus/H601MJU19","utskottsforslag_url_xml":"http://data.riksdagen.se/utskottsforslag/H601MJU19","html":"<h2>Miljömålen - med sikte på framtiden</h2>\r\nDokumentet är inte publicerat"},"dokaktivitet":{"aktivitet":[{"kod":"UBE","namn":"Beredning","datum":"2019-05-07 00:00:00","status":"planerat","ordning":"0","process":null},{"kod":"JUS","namn":"Justering","datum":"2019-05-28 00:00:00","status":"planerat","ordning":"0","process":null},{"kod":"TRY","namn":"Trycklov","datum":"2019-06-10 00:00:00","status":"planerat","ordning":"0","process":null},{"kod":"B","namn":"Bordläggning","datum":"2019-06-12 00:00:00","status":"planerat","ordning":"0","process":null},{"kod":"BEH","namn":"Behandling","datum":"2019-06-13 00:00:00","status":"planerat","ordning":"0","process":null},{"kod":"BES","namn":"Beslut","datum":"2019-06-13 00:00:00","status":"planerat","ordning":"0","process":null}]},"dokreferens":{"referens":[{"referenstyp":"behandlar","uppgift":"motion 2018/19:2753 Standardisera naturvårdsbedömningar","ref_dok_id":"H6022753","ref_dok_typ":"mot","ref_dok_rm":"2018/19","ref_dok_bet":"2753","ref_dok_titel":"Standardisera naturvårdsbedömningar","ref_dok_subtitel":null,"ref_dok_subtyp":"mot","ref_dok_dokumentnamn":"Motion"},{"referenstyp":"behandlar","uppgift":"motion 2018/19:1946 Krafttag för helhetssyn vid tillståndsprövning","ref_dok_id":"H6021946","ref_dok_typ":"mot","ref_dok_rm":"2018/19","ref_dok_bet":"1946","ref_dok_titel":"Krafttag för helhetssyn vid tillståndsprövning","ref_dok_subtitel":null,"ref_dok_subtyp":"mot","ref_dok_dokumentnamn":"Motion"},{"referenstyp":"behandlar","uppgift":"motion 2018/19:169 En hållbar energipolitik","ref_dok_id":"H602169","ref_dok_typ":"mot","ref_dok_rm":"2018/19","ref_dok_bet":"169","ref_dok_titel":"En hållbar energipolitik","ref_dok_subtitel":null,"ref_dok_subtyp":"mot","ref_dok_dokumentnamn":"Motion"},{"referenstyp":"behandlar","uppgift":"motion 2018/19:2315 En kraftfull naturpolitik ","ref_dok_id":"H6022315","ref_dok_typ":"mot","ref_dok_rm":"2018/19","ref_dok_bet":"2315","ref_dok_titel":"En kraftfull naturpolitik ","ref_dok_subtitel":null,"ref_dok_subtyp":"mot","ref_dok_dokumentnamn":"Motion"},{"referenstyp":"behandlar","uppgift":"motion 2018/19:2426 Miljö och grön tillväxt","ref_dok_id":"H6022426","ref_dok_typ":"mot","ref_dok_rm":"2018/19","ref_dok_bet":"2426","ref_dok_titel":"Miljö och grön tillväxt","ref_dok_subtitel":null,"ref_dok_subtyp":"mot","ref_dok_dokumentnamn":"Motion"},{"referenstyp":"behandlar","uppgift":"motion 2018/19:2726 Utgiftsområde 20 Allmän miljö- och naturvård","ref_dok_id":"H6022726","ref_dok_typ":"mot","ref_dok_rm":"2018/19","ref_dok_bet":"2726","ref_dok_titel":"Utgiftsområde 20 Allmän miljö- och naturvård","ref_dok_subtitel":null,"ref_dok_subtyp":"mot","ref_dok_dokumentnamn":"Motion"},{"referenstyp":"behandlar","uppgift":"motion 2018/19:2562 Äganderätt","ref_dok_id":"H6022562","ref_dok_typ":"mot","ref_dok_rm":"2018/19","ref_dok_bet":"2562","ref_dok_titel":"Äganderätt","ref_dok_subtitel":null,"ref_dok_subtyp":"mot","ref_dok_dokumentnamn":"Motion"},{"referenstyp":"behandlar","uppgift":"motion 2018/19:2890 Jakt och viltvård","ref_dok_id":"H6022890","ref_dok_typ":"mot","ref_dok_rm":"2018/19","ref_dok_bet":"2890","ref_dok_titel":"Jakt och viltvård","ref_dok_subtitel":null,"ref_dok_subtyp":"mot","ref_dok_dokumentnamn":"Motion"},{"referenstyp":"behandlar","uppgift":"motion 2018/19:2891 Sverige som ett resurseffektivt samhälle","ref_dok_id":"H6022891","ref_dok_typ":"mot","ref_dok_rm":"2018/19","ref_dok_bet":"2891","ref_dok_titel":"Sverige som ett resurseffektivt samhälle","ref_dok_subtitel":null,"ref_dok_subtyp":"mot","ref_dok_dokumentnamn":"Motion"},{"referenstyp":"behandlar","uppgift":"motion 2018/19:2260 Stärk äganderätten","ref_dok_id":"H6022260","ref_dok_typ":"mot","ref_dok_rm":"2018/19","ref_dok_bet":"2260","ref_dok_titel":"Stärk äganderätten","ref_dok_subtitel":null,"ref_dok_subtyp":"mot","ref_dok_dokumentnamn":"Motion"},{"referenstyp":"behandlar","uppgift":"motion 2018/19:900 Krafttag mot allvarligare miljöbrott","ref_dok_id":"H602900","ref_dok_typ":"mot","ref_dok_rm":"2018/19","ref_dok_bet":"900","ref_dok_titel":"Krafttag mot allvarligare miljöbrott","ref_dok_subtitel":null,"ref_dok_subtyp":"mot","ref_dok_dokumentnamn":"Motion"},{"referenstyp":"behandlar","uppgift":"motion 2018/19:2907 Finsk-svenska gränsälvskommissionens betydelse","ref_dok_id":"H6022907","ref_dok_typ":"mot","ref_dok_rm":"2018/19","ref_dok_bet":"2907","ref_dok_titel":"Finsk-svenska gränsälvskommissionens betydelse","ref_dok_subtitel":null,"ref_dok_subtyp":"mot","ref_dok_dokumentnamn":"Motion"},{"referenstyp":"behandlar","uppgift":"motion 2018/19:2896 Bättre förutsättningar för svenskt jordbruk och svensk livsmedelsproduktion","ref_dok_id":"H6022896","ref_dok_typ":"mot","ref_dok_rm":"2018/19","ref_dok_bet":"2896","ref_dok_titel":"Bättre förutsättningar för svenskt jordbruk och svensk livsmedelsproduktion","ref_dok_subtitel":null,"ref_dok_subtyp":"mot","ref_dok_dokumentnamn":"Motion"},{"referenstyp":"behandlar","uppgift":"motion 2018/19:2819 Reformagenda för Sverige ","ref_dok_id":"H6022819","ref_dok_typ":"mot","ref_dok_rm":"2018/19","ref_dok_bet":"2819","ref_dok_titel":"Reformagenda för Sverige ","ref_dok_subtitel":null,"ref_dok_subtyp":"mot","ref_dok_dokumentnamn":"Motion"},{"referenstyp":"behandlar","uppgift":"motion 2018/19:164 En tillväxtorienterad politik för industrilandet Sverige","ref_dok_id":"H602164","ref_dok_typ":"mot","ref_dok_rm":"2018/19","ref_dok_bet":"164","ref_dok_titel":"En tillväxtorienterad politik för industrilandet Sverige","ref_dok_subtitel":null,"ref_dok_subtyp":"mot","ref_dok_dokumentnamn":"Motion"},{"referenstyp":"behandlar","uppgift":"motion 2018/19:557 Förbättrat miljöarbete på kommunal nivå","ref_dok_id":"H602557","ref_dok_typ":"mot","ref_dok_rm":"2018/19","ref_dok_bet":"557","ref_dok_titel":"Förbättrat miljöarbete på kommunal nivå","ref_dok_subtitel":null,"ref_dok_subtyp":"mot","ref_dok_dokumentnamn":"Motion"},{"referenstyp":"behandlar","uppgift":"motion 2018/19:2736 Utgiftsområde 23 Areella näringar, landsbygd och livsmedel","ref_dok_id":"H6022736","ref_dok_typ":"mot","ref_dok_rm":"2018/19","ref_dok_bet":"2736","ref_dok_titel":"Utgiftsområde 23 Areella näringar, landsbygd och livsmedel","ref_dok_subtitel":null,"ref_dok_subtyp":"mot","ref_dok_dokumentnamn":"Motion"},{"referenstyp":"behandlar","uppgift":"motion 2018/19:2073 Svenskt lantbruk är samhällsviktig verksamhet","ref_dok_id":"H6022073","ref_dok_typ":"mot","ref_dok_rm":"2018/19","ref_dok_bet":"2073","ref_dok_titel":"Svenskt lantbruk är samhällsviktig verksamhet","ref_dok_subtitel":null,"ref_dok_subtyp":"mot","ref_dok_dokumentnamn":"Motion"},{"referenstyp":"behandlar","uppgift":"motion 2018/19:2382 Skapa enhetlig myndighetssyn på risker","ref_dok_id":"H6022382","ref_dok_typ":"mot","ref_dok_rm":"2018/19","ref_dok_bet":"2382","ref_dok_titel":"Skapa enhetlig myndighetssyn på risker","ref_dok_subtitel":null,"ref_dok_subtyp":"mot","ref_dok_dokumentnamn":"Motion"},{"referenstyp":"behandlar","uppgift":"motion 2018/19:1067 Effektiva tillståndsprocesser","ref_dok_id":"H6021067","ref_dok_typ":"mot","ref_dok_rm":"2018/19","ref_dok_bet":"1067","ref_dok_titel":"Effektiva tillståndsprocesser","ref_dok_subtitel":null,"ref_dok_subtyp":"mot","ref_dok_dokumentnamn":"Motion"},{"referenstyp":"behandlar","uppgift":"motion 2018/19:2603 Vindkraft i fjällvärlden","ref_dok_id":"H6022603","ref_dok_typ":"mot","ref_dok_rm":"2018/19","ref_dok_bet":"2603","ref_dok_titel":"Vindkraft i fjällvärlden","ref_dok_subtitel":null,"ref_dok_subtyp":"mot","ref_dok_dokumentnamn":"Motion"},{"referenstyp":"behandlar","uppgift":"motion 2018/19:1293 Äganderätt i Sverige","ref_dok_id":"H6021293","ref_dok_typ":"mot","ref_dok_rm":"2018/19","ref_dok_bet":"1293","ref_dok_titel":"Äganderätt i Sverige","ref_dok_subtitel":null,"ref_dok_subtyp":"mot","ref_dok_dokumentnamn":"Motion"},{"referenstyp":"behandlar","uppgift":"motion 2018/19:2067 Hållbarhetskrav i vindkraftsplanering","ref_dok_id":"H6022067","ref_dok_typ":"mot","ref_dok_rm":"2018/19","ref_dok_bet":"2067","ref_dok_titel":"Hållbarhetskrav i vindkraftsplanering","ref_dok_subtitel":null,"ref_dok_subtyp":"mot","ref_dok_dokumentnamn":"Motion"},{"referenstyp":"behandlar","uppgift":"motion 2018/19:2425 Landsbygd och regional utveckling","ref_dok_id":"H6022425","ref_dok_typ":"mot","ref_dok_rm":"2018/19","ref_dok_bet":"2425","ref_dok_titel":"Landsbygd och regional utveckling","ref_dok_subtitel":null,"ref_dok_subtyp":"mot","ref_dok_dokumentnamn":"Motion"},{"referenstyp":"behandlar","uppgift":"motion 2018/19:1291 Jakt och vilt","ref_dok_id":"H6021291","ref_dok_typ":"mot","ref_dok_rm":"2018/19","ref_dok_bet":"1291","ref_dok_titel":"Jakt och vilt","ref_dok_subtitel":null,"ref_dok_subtyp":"mot","ref_dok_dokumentnamn":"Motion"},{"referenstyp":"behandlar","uppgift":"motion 2018/19:1328 Stärk äganderätten","ref_dok_id":"H6021328","ref_dok_typ":"mot","ref_dok_rm":"2018/19","ref_dok_bet":"1328","ref_dok_titel":"Stärk äganderätten","ref_dok_subtitel":null,"ref_dok_subtyp":"mot","ref_dok_dokumentnamn":"Motion"},{"referenstyp":"behandlar","uppgift":"motion 2018/19:1287 Det svenska jordbruket","ref_dok_id":"H6021287","ref_dok_typ":"mot","ref_dok_rm":"2018/19","ref_dok_bet":"1287","ref_dok_titel":"Det svenska jordbruket","ref_dok_subtitel":null,"ref_dok_subtyp":"mot","ref_dok_dokumentnamn":"Motion"},{"referenstyp":"behandlar","uppgift":"motion 2018/19:2005 Frys grön infrastruktur tills det utretts hur brukanderätten påverkas ","ref_dok_id":"H6022005","ref_dok_typ":"mot","ref_dok_rm":"2018/19","ref_dok_bet":"2005","ref_dok_titel":"Frys grön infrastruktur tills det utretts hur brukanderätten påverkas ","ref_dok_subtitel":null,"ref_dok_subtyp":"mot","ref_dok_dokumentnamn":"Motion"},{"referenstyp":"behandlar","uppgift":"motion 2018/19:1702 Byggnation av djurstallar","ref_dok_id":"H6021702","ref_dok_typ":"mot","ref_dok_rm":"2018/19","ref_dok_bet":"1702","ref_dok_titel":"Byggnation av djurstallar","ref_dok_subtitel":null,"ref_dok_subtyp":"mot","ref_dok_dokumentnamn":"Motion"},{"referenstyp":"behandlar","uppgift":"motion 2018/19:1333 Jakten på privat ägande","ref_dok_id":"H6021333","ref_dok_typ":"mot","ref_dok_rm":"2018/19","ref_dok_bet":"1333","ref_dok_titel":"Jakten på privat ägande","ref_dok_subtitel":null,"ref_dok_subtyp":"mot","ref_dok_dokumentnamn":"Motion"},{"referenstyp":"behandlar","uppgift":"Skrivelse 2017/18:265 Miljömålen - med sikte på framtiden","ref_dok_id":"H503265","ref_dok_typ":"prop","ref_dok_rm":"2017/18","ref_dok_bet":"265","ref_dok_titel":"Miljömålen - med sikte på framtiden","ref_dok_subtitel":null,"ref_dok_subtyp":"skr","ref_dok_dokumentnamn":"Skrivelse"}]},"debatt":null}}