{"dokumentstatus":{"dokument":{"hangar_id":"5023262","dok_id":"H601JuU34","rm":"2018/19","beteckning":"JuU34","typ":"bet","subtyp":"bet","doktyp":"bet","typrubrik":"Betänkande 2018/19:JuU34","dokumentnamn":"Betänkande","debattnamn":"Debatt om förslag","tempbeteckning":"","organ":"JuU","mottagare":"","nummer":"34","slutnummer":"0","datum":"2019-02-28 00:00:00","systemdatum":"2019-03-06 11:34:09","publicerad":"2019-02-28 13:53:13","titel":"Polisens tillgång till uppgifter från signalspaning","subtitel":"","status":"planerat","htmlformat":"","relaterat_id":"","source":"Brus","sourceid":"5b756fff-48c1-4250-8f56-ea7b8bf3eaaa","dokument_url_text":"http://data.riksdagen.se/dokument/H601JuU34/text","dokument_url_html":"http://data.riksdagen.se/dokument/H601JuU34","dokumentstatus_url_xml":"http://data.riksdagen.se/dokumentstatus/H601JuU34","utskottsforslag_url_xml":"http://data.riksdagen.se/utskottsforslag/H601JuU34","html":"<h2>Polisens tillgång till uppgifter från signalspaning</h2>\r\nDokumentet är inte publicerat"},"dokaktivitet":{"aktivitet":[{"kod":"UBE","namn":"Beredning","datum":"2019-05-02 00:00:00","status":"planerat","ordning":"0","process":null},{"kod":"UBE","namn":"Beredning","datum":"2019-05-16 00:00:00","status":"planerat","ordning":"0","process":null},{"kod":"JUS","namn":"Justering","datum":"2019-06-11 00:00:00","status":"planerat","ordning":"0","process":null},{"kod":"TRY","namn":"Trycklov","datum":"2019-06-12 00:00:00","status":"planerat","ordning":"0","process":null},{"kod":"B","namn":"Bordläggning","datum":"2019-06-17 00:00:00","status":"planerat","ordning":"0","process":null},{"kod":"BES","namn":"Beslut","datum":"2019-06-18 00:00:00","status":"planerat","ordning":"0","process":null},{"kod":"BEH","namn":"Behandling","datum":"2019-06-18 00:00:00","status":"planerat","ordning":"0","process":null}]},"dokreferens":{"referens":{"referenstyp":"behandlar","uppgift":"motion 2018/19:134 Krafttag mot radikalism, extremism och terrorism","ref_dok_id":"H602134","ref_dok_typ":"mot","ref_dok_rm":"2018/19","ref_dok_bet":"134","ref_dok_titel":"Krafttag mot radikalism, extremism och terrorism","ref_dok_subtitel":null,"ref_dok_subtyp":"mot","ref_dok_dokumentnamn":"Motion"}},"debatt":null}}