{"dokumentstatus":{"dokument":{"hangar_id":"0","dok_id":"H601KU20d2","rm":"2018/19","beteckning":"KU20","typ":"bet","subtyp":"","doktyp":"bet","typrubrik":"Betänkande 2018/19:KU20","dokumentnamn":"Betänkande","debattnamn":"Debatt om förslag","tempbeteckning":"d2","organ":"KU","mottagare":"","nummer":"20","slutnummer":"0","datum":"2019-01-01 00:00:00","systemdatum":"2019-06-10 13:58:23","publicerad":"2019-01-01 00:00:00","titel":"bet 2018/19 KU20 d2","subtitel":"","status":"","htmlformat":"DokTextExtraktor","relaterat_id":"H601KU20","source":"","sourceid":"","dokument_url_text":"http://data.riksdagen.se/dokument/H601KU20d2/text","dokument_url_html":"http://data.riksdagen.se/dokument/H601KU20d2","dokumentstatus_url_xml":"http://data.riksdagen.se/dokumentstatus/H601KU20d2","utskottsforslag_url_xml":"http://data.riksdagen.se/utskottsforslag/H601KU20d2","html":"<div style=\"white-space:nowrap;font-size:85%;\"><h1>bet 2018/19 KU20 d2</h1>\r\n<br> </div>"},"dokuppgift":{"uppgift":[{"kod":"sidantal","namn":"Antal sidor","text":"719","dok_id":"ER40Job1","systemdatum":"2018-03-01 18:01:35"},{"kod":"riksdag","namn":"riksdag","text":"tvåkammaren","dok_id":"ER40Job1","systemdatum":"2018-03-01 18:01:35"},{"kod":"kammare","namn":"kammare","text":null,"dok_id":"ER40Job1","systemdatum":"2018-03-01 18:01:35"},{"kod":"session","namn":"session","text":"lagtima","dok_id":"ER40Job1","systemdatum":"2018-03-01 18:01:35"}]},"dokbilaga":{"bilaga":[{"dok_id":"H601KU20","titel":"Granskningsbetänkande","subtitel":null,"filnamn":"2018_19_KU20_20190610134526_Publicering.pdf","filstorlek":"1640416","filtyp":"pdf","fil_url":"http://data.riksdagen.se/fil/D2B306A7-2502-4E47-B8B5-6D9829CD7B6D"},{"dok_id":"H601KU20d2","titel":"bet 2018/19 KU20 d2","subtitel":null,"filnamn":"bet_201819_KU_20_d2.pdf","filstorlek":"35775215","filtyp":"pdf","fil_url":"http://data.riksdagen.se/fil/C0BFCD93-6D8D-4BBF-B91C-B43BBE9E2138"}]},"debatt":null}}