{"dokumentstatus":{"dokument":{"hangar_id":"4992538","dok_id":"H601FiU7","rm":"2018/19","beteckning":"FiU7","typ":"bet","subtyp":"bet","doktyp":"bet","typrubrik":"Betänkande 2018/19:FiU7","dokumentnamn":"Betänkande","debattnamn":"Debatt om förslag","tempbeteckning":"","organ":"FiU","mottagare":"","nummer":"7","slutnummer":"0","datum":"2018-10-19 00:00:00","systemdatum":"2018-10-24 17:08:49","publicerad":"2018-08-02 13:44:03","titel":"Skyldighet för vissa offentliga funktionärer att anmäla innehav av finansiella instrument","subtitel":"","status":"Webbpublicering","htmlformat":"html","relaterat_id":"","source":"RIM","sourceid":"4b1f56f7-c96f-4964-a44c-2f3a0032471e","dokument_url_text":"http://data.riksdagen.se/dokument/H601FiU7/text","dokument_url_html":"http://data.riksdagen.se/dokument/H601FiU7","dokumentstatus_url_xml":"http://data.riksdagen.se/dokumentstatus/H601FiU7","utskottsforslag_url_xml":"http://data.riksdagen.se/utskottsforslag/H601FiU7","html":"<style><!--\r\n .w600px{width: 600px;font-family:Verdana, Geneva, sans-serif}\r\nh2.dtyp{font-size:1.5em !important;} \r\n/********************************************************************************************************/\r\n/* Styles for D:\\Logs\\DocumentConverter\\\\Output_90bb6e70-bc20-4543-8394-26c6f5d2dde7\\HTML\\Dokument.html */\r\n/* Generated by Aspose.Words for .NET 15.3.0.0                                                          */\r\n/********************************************************************************************************/\r\n\r\n@page Section1 { size:467.8pt 686.05pt; margin:45.35pt 102.05pt 73.7pt 70.85pt }\r\ndiv.Section1 { page:Section1 }\r\nzbody { text-align:justify; line-height:12.5pt; font-family:'Verdana'; font-size:9.5pt }\r\nzh1, h2, h3, h4, h5, h6, p { margin:3.1pt 0pt 0pt }\r\nzli, table { margin-top:3.1pt; margin-bottom:0pt }\r\nzh1 { margin-top:3.1pt; margin-bottom:12pt; text-align:left; page-break-after:avoid; line-height:12.5pt; font-family:'Verdana'; font-size:16pt; font-weight:normal }\r\nzh2 { margin-top:20pt; margin-bottom:6pt; text-align:left; page-break-inside:avoid; page-break-after:avoid; line-height:12.5pt; font-family:'Verdana'; font-size:13.5pt; font-weight:normal }\r\nzh3 { margin-top:20pt; margin-bottom:3.1pt; text-align:left; page-break-inside:avoid; page-break-after:avoid; line-height:12.5pt; font-family:'Verdana'; font-size:10.5pt; font-weight:bold }\r\nzh4 { margin-top:15pt; margin-bottom:3.1pt; text-align:left; page-break-inside:avoid; page-break-after:avoid; line-height:12.5pt; font-family:'Verdana'; font-size:10.5pt; font-weight:normal; font-style:italic; color:#000000 }\r\nzh5 { margin-top:6.25pt; margin-bottom:0pt; text-align:justify; page-break-inside:avoid; page-break-after:avoid; line-height:12.5pt; font-family:'Verdana'; font-size:9.5pt; font-weight:bold }\r\nzh6 { margin-top:6.25pt; margin-bottom:0pt; text-align:justify; page-break-inside:avoid; page-break-after:avoid; line-height:12.5pt; font-family:'Verdana'; font-size:9.5pt; font-weight:normal; font-style:italic; color:#000000 }\r\n.Heading7 { margin-top:2pt; margin-bottom:0pt; text-align:justify; page-break-inside:avoid; page-break-after:avoid; line-height:12.5pt; font-family:'Verdana'; font-size:9.5pt; font-weight:normal; font-style:italic; color:#243f60 }\r\n.Heading8 { margin-top:2pt; margin-bottom:0pt; text-align:justify; page-break-inside:avoid; page-break-after:avoid; line-height:12.5pt; font-family:'Verdana'; font-size:9pt; font-weight:normal; color:#272727 }\r\n.Heading9 { margin-top:2pt; margin-bottom:0pt; text-align:justify; page-break-inside:avoid; page-break-after:avoid; line-height:12.5pt; font-family:'Verdana'; font-size:9pt; font-weight:normal; font-style:italic; color:#272727 }\r\n.Avsnittsrubrik { margin-top:0pt; margin-bottom:27.7pt; text-align:left; page-break-before:always; page-break-after:avoid; line-height:normal; font-family:'Verdana'; font-size:16pt }\r\n.Avvikandemeningrubrik { margin-top:0pt; margin-bottom:3.1pt; text-align:left; page-break-inside:avoid; page-break-after:avoid; line-height:12.5pt; font-family:'Verdana'; font-size:10.5pt; font-weight:bold }\r\n.BalloonText { margin-top:3.1pt; margin-bottom:0pt; text-align:justify; line-height:normal; font-family:Tahoma; font-size:8pt }\r\n.Bilaga { margin-top:0pt; margin-bottom:0pt; text-align:left; page-break-before:always; page-break-after:avoid; line-height:normal; widows:0; orphans:0; font-family:'Verdana'; font-size:8pt; font-variant:small-caps; text-decoration:underline }\r\n.Bilagerubrik { margin-top:0pt; margin-bottom:17.7pt; text-align:left; page-break-after:auto; line-height:normal; widows:0; orphans:0; font-family:'Verdana'; font-size:16pt }\r\n.Bild-Rubrik { margin-top:8pt; margin-bottom:0pt; text-align:justify; page-break-inside:avoid; page-break-after:avoid; line-height:10pt; font-family:'Verdana'; font-size:9.5pt; font-weight:bold }\r\n.Bild-Underrubrik { margin-top:0pt; margin-bottom:1pt; text-align:left; page-break-inside:avoid; page-break-after:avoid; line-height:8pt; font-family:'Verdana'; font-size:8pt; font-weight:normal; font-style:italic }\r\n.BodyText { margin-top:3.1pt; margin-bottom:0pt; text-align:left; line-height:12.5pt; font-family:'Verdana'; font-size:9.5pt }\r\n.BodyTextIndent2 { margin-top:3.1pt; margin-left:14.15pt; margin-bottom:6pt; text-align:justify; line-height:200%; font-family:'Verdana'; font-size:9.5pt }\r\n.Citatindrag { margin-top:0pt; margin-left:14.2pt; margin-bottom:6.1pt; text-indent:14.2pt; text-align:justify; line-height:10pt; font-family:'Verdana'; font-size:9.5pt }\r\n.CommentText { margin-top:3.1pt; margin-bottom:0pt; text-align:justify; line-height:normal; font-family:'Verdana'; font-size:10pt }\r\n.Deltagare { margin-top:0pt; margin-bottom:0pt; text-align:justify; page-break-inside:avoid; page-break-after:avoid; line-height:9.5pt; font-family:'Verdana'; font-size:9.5pt }\r\n.Diagram-Rubrik { margin-top:8pt; margin-bottom:0pt; text-align:justify; page-break-inside:avoid; page-break-after:avoid; line-height:10pt; font-family:'Verdana'; font-size:9.5pt; font-weight:bold }\r\n.Diagram-Underrubrik { margin-top:0pt; margin-bottom:1pt; text-align:left; page-break-inside:avoid; page-break-after:avoid; line-height:8pt; font-family:'Verdana'; font-size:8pt; font-weight:normal; font-style:italic }\r\n.DokumentRubrik { margin-top:6pt; margin-bottom:24pt; text-align:left; line-height:normal; border-bottom-style:solid; border-bottom-width:0.75pt; border-bottom-color:#000000; padding-bottom:4pt; font-family:'Verdana'; font-size:18pt }\r\n.Dokumentbeteckning { margin-top:0pt; margin-bottom:0pt; text-align:left; page-break-inside:avoid; page-break-after:avoid; line-height:12.5pt; font-family:'Verdana'; font-size:16pt }\r\n.Footer { margin-top:3.1pt; margin-bottom:0pt; text-align:justify; line-height:normal; font-family:'Verdana'; font-size:9.5pt }\r\n.FootnoteText { margin-top:0pt; margin-bottom:0pt; text-align:justify; line-height:8pt; font-family:'Verdana'; font-size:8pt }\r\n.Fotnotstextindrag { margin-top:0pt; margin-left:5.65pt; margin-bottom:0pt; text-align:left; line-height:8pt; font-family:'Verdana'; font-size:8pt }\r\n.Frslagspunkt { margin-top:0pt; margin-bottom:0pt; text-align:left; page-break-inside:avoid; page-break-after:avoid; line-height:12.5pt; font-family:'Verdana'; font-size:9.5pt; font-weight:bold }\r\n.Frslagstext { margin-top:0pt; margin-bottom:0pt; text-align:justify; line-height:12.5pt; font-family:'Verdana'; font-size:9.5pt }\r\n.Frteckningsrubrik { margin-top:9.6pt; margin-bottom:3.1pt; text-align:left; page-break-inside:avoid; page-break-after:avoid; line-height:normal; font-family:'Verdana'; font-size:9.5pt; font-weight:normal; font-style:italic; color:#000000 }\r\n.Grupprubrik { margin-top:6pt; margin-bottom:0pt; text-align:left; page-break-inside:avoid; page-break-after:avoid; line-height:12.5pt; font-family:'Verdana'; font-size:9.5pt; font-style:italic }\r\n.Grupprubrikindrag { margin-top:6pt; margin-left:22.1pt; margin-bottom:0pt; text-align:left; page-break-inside:avoid; page-break-after:avoid; line-height:12.5pt; font-family:'Verdana'; font-size:9.5pt; font-style:italic }\r\n.Header { margin-top:0pt; margin-bottom:0pt; text-align:justify; line-height:normal; font-family:'Verdana'; font-size:7.5pt; font-variant:small-caps }\r\n.Innehllsfrteckning { margin-top:0pt; margin-bottom:17.7pt; text-align:left; page-break-before:always; page-break-after:auto; line-height:normal; font-family:'Verdana'; font-size:16pt }\r\n.Kantrubrik { margin-top:0pt; margin-bottom:0pt; text-align:justify; line-height:normal; font-family:'Verdana'; font-size:7.5pt }\r\n.ListBullet { margin-top:6.25pt; margin-left:17.85pt; margin-bottom:6.25pt; text-indent:-17.85pt; text-align:justify; line-height:12.5pt; font-family:'Verdana'; font-size:9.5pt }\r\n.ListParagraph { margin-top:3.1pt; margin-left:28.35pt; margin-bottom:0pt; text-align:justify; line-height:12.5pt; font-family:'Verdana'; font-size:9.5pt }\r\n.Litentext { margin-top:0pt; margin-bottom:0pt; text-align:justify; line-height:normal; font-family:'Verdana'; font-size:8pt }\r\n.Mellanrubrik { margin-top:11pt; margin-bottom:3.1pt; text-align:left; page-break-after:avoid; line-height:12.5pt; font-family:'Verdana'; font-size:9.5pt; font-style:italic }\r\n.Mellanrum { margin-top:0pt; margin-bottom:0pt; text-align:left; page-break-before:auto; page-break-after:auto; line-height:1pt; widows:0; orphans:0; font-family:'Verdana'; font-size:1pt; font-variant:small-caps; text-decoration:none; color:#ffffff }\r\n.NormalIndent { margin-top:0pt; margin-bottom:0pt; text-indent:11.35pt; text-align:justify; line-height:12.5pt; font-family:'Verdana'; font-size:9.5pt }\r\n.Normalinskjuten { margin-top:0pt; margin-left:22.1pt; margin-bottom:0pt; text-align:justify; line-height:12.5pt; font-family:'Verdana'; font-size:9.5pt }\r\n.Normalinskjutenindrag { margin-top:0pt; margin-left:22.1pt; margin-bottom:0pt; text-indent:11.35pt; text-align:justify; line-height:12.5pt; font-family:'Verdana'; font-size:9.5pt }\r\n.Normalinskjutenkursiv { margin-top:6pt; margin-bottom:0pt; line-height:normal; font-family:'Verdana'; font-size:10pt; font-style:italic }\r\n.Normalkursiv { margin-top:3.1pt; margin-bottom:0pt; text-align:left; line-height:12.5pt; font-family:'Verdana'; font-size:9.5pt; font-style:italic }\r\n.Normalruta { margin:3.1pt 5.65pt 0pt; text-align:justify; page-break-inside:avoid; page-break-after:avoid; line-height:12.5pt; border-top-style:solid; border-top-width:0.75pt; border-top-color:#000000; border-right-style:solid; border-right-width:0.75pt; border-right-color:#000000; border-left-style:solid; border-left-width:0.75pt; border-left-color:#000000; border-bottom-style:solid; border-bottom-width:0.75pt; border-bottom-color:#000000; padding-top:4pt; padding-right:4pt; padding-left:4pt; padding-bottom:4pt; font-family:'Verdana'; font-size:10.5pt }\r\n.Normalrutafet { margin:3.1pt 5.65pt 0pt; text-align:justify; page-break-inside:avoid; page-break-after:avoid; line-height:12.5pt; border-top-style:solid; border-top-width:0.75pt; border-top-color:#000000; border-right-style:solid; border-right-width:0.75pt; border-right-color:#000000; border-left-style:solid; border-left-width:0.75pt; border-left-color:#000000; border-bottom-style:solid; border-bottom-width:0.75pt; border-bottom-color:#000000; padding-top:4pt; padding-right:4pt; padding-left:4pt; padding-bottom:4pt; font-family:'Verdana'; font-size:10.5pt; font-weight:bold }\r\n.Normalrutaindrag { margin:0pt 5.65pt; text-indent:11.35pt; text-align:justify; page-break-inside:avoid; page-break-after:avoid; line-height:12.5pt; border-top-style:solid; border-top-width:0.75pt; border-top-color:#000000; border-right-style:solid; border-right-width:0.75pt; border-right-color:#000000; border-left-style:solid; border-left-width:0.75pt; border-left-color:#000000; border-bottom-style:solid; border-bottom-width:0.75pt; border-bottom-color:#000000; padding-top:4pt; padding-right:4pt; padding-left:4pt; padding-bottom:4pt; font-family:'Verdana'; font-size:10.5pt }\r\n.Normalutanluftfre { margin-top:0pt; margin-bottom:0pt; text-align:justify; line-height:12.5pt; font-family:'Verdana'; font-size:9.5pt }\r\n.NormalNoll { margin-top:0pt; margin-bottom:3.1pt; text-align:left; line-height:12.5pt; font-family:'Verdana'; font-size:10.5pt; font-weight:bold }\r\n.NumlistaTOC { margin:3.1pt 28.35pt 0pt 0pt; text-indent:0pt; text-align:left; line-height:normal; font-family:'Verdana'; font-size:9.5pt }\r\n.Ordfranden { margin-top:3.1pt; margin-bottom:22pt; text-align:left; page-break-inside:avoid; page-break-after:avoid; line-height:normal; font-family:'Verdana'; font-size:9.5pt; font-style:italic }\r\n.OrtochDatum { margin-top:18pt; margin-bottom:18pt; text-align:left; page-break-inside:avoid; page-break-after:avoid; line-height:normal; font-family:'Verdana'; font-size:9.5pt }\r\n.Punktlistabomb { margin-top:6.25pt; margin-left:14.2pt; margin-bottom:6.25pt; text-indent:-14.2pt; text-align:justify; line-height:12.5pt; font-family:'Verdana'; font-size:9.5pt }\r\n.Punktlistagemener { margin-top:6.25pt; margin-left:14.2pt; margin-bottom:6.25pt; text-indent:-14.2pt; text-align:justify; line-height:12.5pt; font-family:'Verdana'; font-size:9.5pt }\r\n.Punktlistalinje { margin-top:6.25pt; margin-left:14.2pt; margin-bottom:6.25pt; text-indent:-14.2pt; text-align:justify; line-height:12.5pt; font-family:'Verdana'; font-size:9.5pt }\r\n.Punktlistasiffra { margin-top:6.25pt; margin-left:14.2pt; margin-bottom:6.25pt; text-indent:-14.2pt; text-align:justify; line-height:12.5pt; font-family:'Verdana'; font-size:9.5pt }\r\n.PVgnar { margin-top:3.1pt; margin-bottom:26pt; text-align:left; page-break-inside:avoid; page-break-after:avoid; line-height:normal; font-family:'Verdana'; font-size:9.5pt }\r\n.Quote { margin-top:6.1pt; margin-left:14.2pt; margin-bottom:0pt; text-align:justify; line-height:10pt; font-family:'Verdana'; font-size:9.5pt }\r\n.R1 { margin-top:3.1pt; margin-bottom:12pt; text-align:left; page-break-after:avoid; line-height:12.5pt; font-family:'Verdana'; font-size:16pt }\r\n.R1bilaga { margin-top:3.1pt; margin-bottom:12pt; text-align:left; page-break-after:auto; line-height:12.5pt; font-family:'Verdana'; font-size:16pt }\r\n.R2 { margin-top:20pt; margin-bottom:6pt; text-align:left; page-break-inside:avoid; page-break-after:avoid; line-height:12.5pt; font-family:'Verdana'; font-size:13.5pt }\r\n.R3 { margin-top:20pt; margin-bottom:3.1pt; text-align:left; page-break-inside:avoid; page-break-after:avoid; line-height:12.5pt; font-family:'Verdana'; font-size:10.5pt; font-weight:bold }\r\n.R4 { margin-top:15pt; margin-bottom:3.1pt; text-align:left; page-break-inside:avoid; page-break-after:avoid; line-height:12.5pt; font-family:'Verdana'; font-size:10.5pt; font-weight:normal; font-style:italic; color:#000000 }\r\n.R5 { margin-top:6.25pt; margin-bottom:0pt; text-align:justify; page-break-inside:avoid; page-break-after:avoid; line-height:12.5pt; font-family:'Verdana'; font-size:9.5pt; font-weight:bold }\r\n.R6 { margin-top:6.25pt; margin-bottom:0pt; text-align:justify; page-break-inside:avoid; page-break-after:avoid; line-height:12.5pt; font-family:'Verdana'; font-size:9.5pt; font-weight:normal; font-style:italic; color:#000000 }\r\n.Reservationshnvisning { margin-top:0pt; margin-bottom:8pt; text-align:right; line-height:12.5pt; font-family:'Verdana'; font-size:9.5pt; font-style:italic }\r\n.Reservationsrubrik { margin-top:0pt; margin-bottom:3.1pt; text-align:left; page-break-inside:avoid; page-break-after:avoid; line-height:12.5pt; font-family:'Verdana'; font-size:10.5pt; font-weight:bold }\r\n.Rubrik1Dokumentinformation { margin-top:0pt; margin-bottom:0pt; text-align:left; page-break-inside:avoid; page-break-after:avoid; line-height:12.5pt; font-family:'Verdana'; font-size:16pt }\r\n.Rubrik1bilaga { margin-top:0pt; margin-bottom:27.7pt; text-align:left; page-break-after:auto; line-height:12.5pt; font-family:'Verdana'; font-size:16pt }\r\n.Rubrik1medsidhuvud { margin-top:3.1pt; margin-bottom:12pt; text-align:left; page-break-before:always; page-break-after:avoid; line-height:12.5pt; font-family:'Verdana'; font-size:16pt }\r\n.Rubrik1numrerat { margin-top:3.1pt; margin-left:0pt; margin-bottom:12pt; text-indent:0pt; text-align:left; page-break-after:avoid; line-height:12.5pt; font-family:'Verdana'; font-size:16pt }\r\n.Rubrik1numreratmedsidhuvud { margin-top:0pt; margin-left:0pt; margin-bottom:16pt; text-indent:0pt; text-align:left; page-break-before:always; page-break-after:avoid; line-height:normal; font-family:'Verdana'; font-size:16pt }\r\n.Rubrik2bilaga { margin-top:20pt; margin-bottom:6pt; text-align:left; page-break-inside:avoid; page-break-after:avoid; line-height:12.5pt; font-family:'Verdana'; font-size:13.5pt }\r\n.Rubrik2numrerat { margin-top:20pt; margin-left:0pt; margin-bottom:6pt; text-indent:0pt; text-align:left; page-break-inside:avoid; page-break-after:avoid; line-height:12.5pt; font-family:'Verdana'; font-size:13.5pt }\r\n.Rubrik3numrerat { margin-top:20pt; margin-left:0pt; margin-bottom:3.1pt; text-indent:0pt; text-align:left; page-break-inside:avoid; page-break-after:avoid; line-height:12.5pt; font-family:'Verdana'; font-size:10.5pt; font-weight:bold }\r\n.Sammanfattning { margin-top:3.1pt; margin-bottom:12pt; text-align:left; page-break-after:auto; line-height:12.5pt; font-family:'Verdana'; font-size:16pt }\r\n.Sidhuvudhgerstlld { margin-top:0pt; margin-bottom:0pt; text-align:right; line-height:normal; font-family:'Verdana'; font-size:7.5pt; font-variant:small-caps }\r\n.Sidhuvudvnsterstlld { margin-top:0pt; margin-bottom:0pt; text-align:left; line-height:normal; font-family:'Verdana'; font-size:7.5pt; font-variant:small-caps }\r\n.Stdrubrik { margin-top:12pt; margin-bottom:0pt; line-height:12pt; font-family:'Verdana'; font-size:9.5pt; font-weight:bold }\r\n.Srskiltyttranderubrik { margin-top:0pt; margin-bottom:3.1pt; text-align:left; page-break-inside:avoid; page-break-after:avoid; line-height:12.5pt; font-family:'Verdana'; font-size:10.5pt; font-weight:bold }\r\n.TOC1 { margin-top:0pt; margin-right:28.35pt; margin-bottom:0pt; text-align:left; line-height:normal; font-family:'Verdana'; font-size:9.5pt }\r\n.TOC2 { margin:0pt 28.35pt 0pt 5.65pt; text-align:left; line-height:normal; font-family:'Verdana'; font-size:9.5pt }\r\n.TOC3 { margin:0pt 28.35pt 0pt 11.35pt; text-align:left; line-height:normal; font-family:'Verdana'; font-size:9.5pt }\r\n.TOC4 { margin:0pt 28.35pt 0pt 17pt; text-align:left; line-height:normal; font-family:'Verdana'; font-size:9.5pt }\r\n.TOC5 { margin:0pt 28.35pt 0pt 22.7pt; text-align:left; line-height:normal; font-family:'Verdana'; font-size:9.5pt }\r\n.TOC6 { margin-top:0pt; margin-left:47.65pt; margin-bottom:0pt; text-align:left; line-height:normal; font-family:'Verdana'; font-size:9.5pt }\r\n.TOC7 { margin-top:0pt; margin-right:28.35pt; margin-bottom:0pt; text-align:left; line-height:normal; font-family:'Verdana'; font-size:9.5pt }\r\n.TOC8 { margin-top:0pt; margin-right:28.35pt; margin-bottom:0pt; text-align:left; line-height:normal; font-family:'Verdana'; font-size:9.5pt }\r\n.TOC9 { margin-top:0pt; margin-left:8.5pt; margin-bottom:0pt; text-align:left; line-height:normal; font-family:'Verdana'; font-size:9.5pt }\r\n.TOCHeading { margin-top:3.1pt; margin-bottom:9pt; text-align:left; page-break-before:always; page-break-inside:avoid; page-break-after:avoid; line-height:12.5pt; font-family:'Verdana'; font-size:16pt }\r\n.Tabell-Kolumnrubrik { margin-bottom:0pt; line-height:12pt; font-family:'Verdana'; font-size:8pt; font-weight:bold }\r\n.Tabell-Klla { margin-top:2pt; margin-bottom:0pt; line-height:8pt; font-family:'Verdana'; font-size:7pt }\r\n.Tabell-Radrubrik { margin-bottom:0pt; line-height:12pt; font-family:'Verdana'; font-size:8pt }\r\n.Tabell-Rubrik { margin-top:12pt; margin-bottom:3pt; text-align:left; page-break-inside:avoid; page-break-after:avoid; line-height:10pt; font-family:'Verdana'; font-size:9pt; font-weight:bold }\r\n.Tabell-Siffror { margin-bottom:0pt; text-align:right; line-height:12pt; font-family:'Verdana'; font-size:8pt }\r\n.Tabell-Text { margin-bottom:0pt; line-height:12pt; font-family:'Verdana'; font-size:8pt }\r\n.Tabell-Underrubrik { margin-top:0pt; margin-bottom:1pt; text-align:left; page-break-inside:avoid; page-break-after:avoid; line-height:8pt; font-family:'Verdana'; font-size:8pt; font-weight:normal; font-style:italic }\r\n.TableofFigures { margin-top:3.1pt; margin-bottom:0pt; text-align:justify; line-height:normal; font-family:'Verdana'; font-size:9.5pt }\r\n.TillX-utskottet { margin-top:0pt; margin-bottom:12pt; text-align:left; page-break-after:avoid; line-height:12.5pt; font-family:'Verdana'; font-size:16pt }\r\n.Title { margin-top:3.1pt; margin-bottom:1pt; text-align:left; line-height:12pt; font-family:'Verdana'; font-size:20pt; letter-spacing:-0.5pt }\r\n.Vapen { margin-top:0pt; margin-bottom:0pt; text-align:left; page-break-inside:avoid; page-break-after:avoid; line-height:12.5pt; font-family:'Verdana'; font-size:16pt }\r\n.Yrkandelista { margin-top:3.1pt; margin-left:28.35pt; margin-bottom:0pt; text-indent:-28.35pt; text-align:justify; line-height:12.5pt; font-family:'Verdana'; font-size:9.5pt }\r\n.YrkandelistaEtt { margin-top:3.1pt; margin-left:0pt; margin-bottom:0pt; text-indent:0pt; text-align:justify; line-height:12.5pt; font-family:'Verdana'; font-size:9.5pt }\r\nspan.BallongtextChar { font-family:Tahoma; font-size:8pt }\r\nspan.BilagaChar { font-family:'Verdana'; font-size:8pt; font-variant:small-caps; text-decoration:underline }\r\nspan.BrdtextChar { font-family:'Verdana'; font-size:9.5pt }\r\nspan.BrdtextChar1 { font-family:'Verdana'; font-size:9.5pt }\r\nspan.Brdtextmedindrag2Char { font-family:'Verdana'; font-size:9.5pt }\r\nspan.CitatChar { font-family:'Verdana'; font-size:9.5pt }\r\nspan.DokumentRubrikChar { font-family:'Verdana'; font-size:18pt }\r\nspan.FootnoteReference { vertical-align:super }\r\nspan.FotnotstextChar { font-family:'Verdana'; font-size:8pt }\r\nspan.FotnotstextindragChar { font-family:'Verdana'; font-size:8pt }\r\nspan.FrslagspunktChar { font-family:'Verdana'; font-size:9.5pt; font-weight:bold; font-style:normal }\r\nspan.Hyperlink { text-decoration:none; color:#000000 }\r\nspan.KommentarerChar { font-family:'Verdana'; font-size:10pt }\r\nspan.NormalkursivChar { font-family:'Verdana'; font-size:9.5pt; font-style:italic }\r\nspan.NormaltindragChar { font-family:'Verdana'; font-size:9.5pt }\r\nspan.OrdfrandenChar { font-family:'Verdana'; font-size:9.5pt; font-style:italic }\r\nspan.OrtochDatumChar { font-family:'Verdana'; font-size:9.5pt }\r\nspan.PlaceholderText { color:#808080 }\r\nspan.PVgnarChar { font-family:'Verdana'; font-size:9.5pt }\r\nspan.ReservationshnvisningChar { font-family:'Verdana'; font-size:9.5pt; font-style:italic }\r\nspan.Rubrik1Char { font-family:'Verdana'; font-size:16pt }\r\nspan.Rubrik1DokumentinformationChar { font-family:'Verdana'; font-size:16pt }\r\nspan.Rubrik2Char { font-family:'Verdana'; font-size:13.5pt }\r\nspan.Rubrik3Char { font-family:'Verdana'; font-size:10.5pt; font-weight:bold }\r\nspan.Rubrik4Char { font-family:'Verdana'; font-size:10.5pt; font-style:italic; color:#000000 }\r\nspan.Rubrik5Char { font-family:'Verdana'; font-size:9.5pt; font-weight:bold }\r\nspan.Rubrik6Char { font-family:'Verdana'; font-size:9.5pt; font-style:italic; color:#000000 }\r\nspan.Rubrik7Char { font-family:'Verdana'; font-size:9.5pt; font-style:italic; color:#243f60 }\r\nspan.Rubrik8Char { font-family:'Verdana'; font-size:9pt; color:#272727 }\r\nspan.Rubrik9Char { font-family:'Verdana'; font-size:9pt; font-style:italic; color:#272727 }\r\nspan.RubrikChar { font-family:'Verdana'; font-size:20pt; letter-spacing:-0.5pt }\r\nspan.SidfotChar { font-family:'Verdana'; font-size:9.5pt }\r\nspan.SidhuvudChar { font-family:'Verdana'; font-size:7.5pt; font-variant:small-caps }\r\nspan.Tabell-Upphjttecken { font-family:'Verdana'; font-variant:normal; text-decoration:none; text-transform:none; vertical-align:super; display:inline }\r\nspan.VapenChar { font-family:'Verdana'; font-size:16pt }\r\nspan.tBilagaJA { color:#000000 }\r\nspan.tSidrubrikJA { color:#000000 }\r\n.TableGrid {  }\r\n--></style>\r\n\r\n\t\t<div class=\"Section1\">\r\n\t\t\t<table cellspacing=\"0\" cellpadding=\"0\" style=\"border-collapse:collapse; margin-left:0pt\">\r\n\t\t\t\t<tr style=\"height:79.4pt\">\r\n\t\t\t\t\t<td style=\"vertical-align:top; width:297.7pt\">\r\n\t\t\t\t\t\t<p class=\"Rubrik1Dokumentinformation\" style=\"margin-top:0pt; margin-bottom:0pt; text-align:left; page-break-inside:avoid; page-break-after:avoid; line-height:16pt\">\r\n\t\t\t\t\t\t\t<span style=\"font-family:'Verdana'; font-size:16pt; -aw-sdt-tag:ccUtskott; -aw-sdt-title:'utskottsnamn Dokumentegenskap'\">Finansutskottet</span><span style=\"font-family:'Verdana'; font-size:16pt; -aw-sdt-tag:ccS; -aw-sdt-title:s\">s</span><span style=\"font-family:'Verdana'; font-size:16pt; -aw-sdt-tag:ccMellanslag; -aw-sdt-title:Mellanslag\"> </span><a name=\"Utlatande\"></a><span style=\"font-family:'Verdana'; font-size:16pt\">betänkande</span>\r\n\t\t\t\t\t\t</p>\r\n\t\t\t\t\t\t<p class=\"Dokumentbeteckning\" style=\"margin-top:0pt; margin-bottom:0pt; text-align:left; page-break-inside:avoid; page-break-after:avoid; line-height:16pt\">\r\n\t\t\t\t\t\t\t<span style=\"font-family:'Verdana'; font-size:16pt; -aw-sdt-tag:ccRiksmote; -aw-sdt-title:'riksmote Dokumentegenskap'\">2018/19</span><span style=\"font-family:'Verdana'; font-size:16pt; -aw-sdt-tag:ccKolon; -aw-sdt-title:Kolon\">:</span><a name=\"Utskottebeteckning\"></a><span style=\"font-family:'Verdana'; font-size:16pt\">FiU7</span>\r\n\t\t\t\t\t\t</p>\r\n\t\t\t\t\t\t<p class=\"Rubrik1Dokumentinformation\" style=\"margin-top:0pt; margin-bottom:0pt; text-align:left; page-break-inside:avoid; page-break-after:avoid; line-height:16pt\">\r\n\t\t\t\t\t\t\t<span style=\"font-family:'Verdana'; font-size:16pt\"> </span>\r\n\t\t\t\t\t\t</p>\r\n\t\t\t\t\t</td>\r\n\t\t\t\t</tr>\r\n\t\t\t</table>\r\n\t\t\t<p class=\"DokumentRubrik\" style=\"-aw-sdt-tag:ccDokumentrubrik; -aw-sdt-title:'dokumentrubrik Dokumentegenskap'\">\r\n\t\t\t\t<span>Skyldighet för vissa offentliga funktionärer att anmäla innehav av finansiella instrument</span>\r\n\t\t\t</p>\r\n\t\t\t<p class=\"R1\">\r\n\t\t\t\t<span>Sammanfattning</span>\r\n\t\t\t</p>\r\n\t\t\t<p>\r\n\t\t\t\t<span>Utskottet ställer sig bakom regeringens </span><span>lag</span><span>förslag</span><span>, vilket innebär att en ny</span><span> lag </span><span>antas </span><span>om skyldighet för vissa offentliga funktionärer att anmäla inn</span><span>ehav av finansiella instrument. Utskottet ställer sig också bakom regeringens förslag om</span><span> att den nuvarande lagen om anmälningsskyldighet för vissa </span><span>innehav av finansiella instrument </span><span>upphä</span><span>vs</span><span>,</span><span> </span><span>att bestämmelserna i den lagen </span><span>om</span><span> </span><span>anmälningsskyldighet för anställda och uppdragstagare vid börser förs över till lagen om värdepappersmarknaden</span><span> och att </span><span>nödvändiga</span><span> ändringa</span><span>r görs i </span><span>lagen om handel med finansiella instrument och </span><span>offentlighets- och sek</span><span>retesslagen.</span>\r\n\t\t\t</p>\r\n\t\t\t<p class=\"NormalIndent\">\r\n\t\t\t\t<span>Förslagen innebär </span><span>i huvudsak </span><span>att regeringen, liksom i dag, ska avgöra vilka statliga myndigheter som ska omfattas av bestämmelserna. Det ska förtydligas dels att de som ingår i ledningen för en sådan myndighet är anmälningsskyldiga, dels vilka av myndigheternas övriga anställda och uppdragstagare som ska anmäla innehav av finansiella instrument. Vidare ska statsrådens anmälningsskyldighet lagfästas. Liksom i dag ska direkt innehav av alla typer av finansiella instrument omfattas av anmälningsskyldighet. Kommuner och landsting ska även i fortsättningen få besluta om anmälningsskyldighet för sina anställda och uppdragstagare.</span>\r\n\t\t\t</p>\r\n\t\t\t<p class=\"NormalIndent\">\r\n\t\t\t\t<span>Lagändringarna föreslås träda i kraft den 1 januari 2019.</span><span> När det gäller ändringarna i offentlighets- och sekretesslagen ska äldre bestämmelser gälla för uppgifter som har lämnats före ikraftträdandet.</span>\r\n\t\t\t</p>\r\n\t\t\t<p class=\"NormalIndent\">\r\n\t\t\t\t<span> </span>\r\n\t\t\t</p>\r\n\t\t\t<p class=\"R4\">\r\n\t\t\t\t<span>Behandlade förslag</span>\r\n\t\t\t</p>\r\n\t\t\t<p>\r\n\t\t\t\t<span>Proposition 2017/18:263 Skyldighet för vissa offentliga funktionärer att anmäla innehav av finansiella instrument.</span>\r\n\t\t\t</p>\r\n\t\t\t<p class=\"Innehllsfrteckning\">\r\n\t\t\t\t<a name=\"Innehållsförteckning\"></a><span class=\"tSidrubrikJA\">Innehållsförteckning</span>\r\n\t\t\t</p>\r\n\t\t\t<p class=\"TOC1\">\r\n\t\t\t\t<a style=\"color:#000000\" href=\"#_Toc527620148\"><span class=\"Hyperlink\">Utskottets förslag till riksdagsbeslut</span></a>\r\n\t\t\t</p>\r\n\t\t\t<p class=\"TOC1\">\r\n\t\t\t\t<a style=\"color:#000000\" href=\"#_Toc527620149\"><span class=\"Hyperlink\">Redogörelse för ärendet</span></a>\r\n\t\t\t</p>\r\n\t\t\t<p class=\"TOC2\" style=\"margin-bottom:0pt\">\r\n\t\t\t\t<a style=\"color:#000000\" href=\"#_Toc527620150\"><span class=\"Hyperlink\">Ärendet och dess beredning</span></a>\r\n\t\t\t</p>\r\n\t\t\t<p class=\"TOC2\" style=\"margin-top:0pt\">\r\n\t\t\t\t<a style=\"color:#000000\" href=\"#_Toc527620151\"><span class=\"Hyperlink\">Bakgrund</span></a>\r\n\t\t\t</p>\r\n\t\t\t<p class=\"TOC1\">\r\n\t\t\t\t<a style=\"color:#000000\" href=\"#_Toc527620152\"><span class=\"Hyperlink\">Utskottets överväganden</span></a>\r\n\t\t\t</p>\r\n\t\t\t<p class=\"TOC2\">\r\n\t\t\t\t<a style=\"color:#000000\" href=\"#_Toc527620153\"><span class=\"Hyperlink\">Skyldighet för vissa offentliga funktionärer att anmäla innehav av finansiella instrument</span></a>\r\n\t\t\t</p>\r\n\t\t\t<p class=\"TOC8\">\r\n\t\t\t\t<span class=\"Hyperlink\" style=\"font-style:italic\">Bilaga 1</span><br /><a style=\"color:#000000\" href=\"#_Toc527620154\"><span class=\"Hyperlink\">Förteckning över behandlade förslag</span></a>\r\n\t\t\t</p>\r\n\t\t\t<p class=\"TOC9\">\r\n\t\t\t\t<a style=\"color:#000000\" href=\"#_Toc527620155\"><span class=\"Hyperlink\">Propositionen</span></a>\r\n\t\t\t</p>\r\n\t\t\t<p class=\"TOC8\">\r\n\t\t\t\t<span class=\"Hyperlink\" style=\"font-style:italic\">Bilaga 2</span><br /><a style=\"color:#000000\" href=\"#_Toc527620156\"><span class=\"Hyperlink\">Regeringens lagförslag</span></a>\r\n\t\t\t</p>\r\n\t\t\t<p>\r\n\t\t\t</p>\r\n\t\t\t<p>\r\n\t\t\t\t<span> </span>\r\n\t\t\t</p>\r\n\t\t\t<p class=\"NormalIndent\">\r\n\t\t\t\t<span> </span>\r\n\t\t\t</p>\r\n\t\t\t<p class=\"Avsnittsrubrik\">\r\n\t\t\t\t<a name=\"StopCC\"></a><a name=\"_Toc527620148\"><span style=\"-aw-bookmark-end:StopCC\"></span><span class=\"tSidrubrikJA\">Utskottets förslag till riksdagsbeslut</span></a>\r\n\t\t\t</p>\r\n\t\t\t<p class=\"Mellanrum\">\r\n\t\t\t\t<span> </span>\r\n\t\t\t</p>\r\n\t\t\t<p class=\"Mellanrum\">\r\n\t\t\t\t<span> </span>\r\n\t\t\t</p>\r\n\t\t\t<table cellspacing=\"0\" cellpadding=\"0\" style=\"border-collapse:collapse; margin-left:0pt; width:294.2pt\">\r\n\t\t\t\t<tr>\r\n\t\t\t\t\t<td style=\"vertical-align:top; width:22pt\">\r\n\t\t\t\t\t\t<p style=\"margin-top:3.1pt; margin-bottom:0pt; text-align:justify; page-break-inside:avoid; page-break-after:avoid; line-height:12.5pt\">\r\n\t\t\t\t\t\t\t<span style=\"font-family:'Verdana'; font-size:10.5pt; font-weight:bold\">Skyldighet för vissa offentliga funktionärer att anmäla innehav av finansiella instrument</span>\r\n\t\t\t\t\t\t</p>\r\n\t\t\t\t\t</td>\r\n\t\t\t\t</tr>\r\n\t\t\t</table>\r\n\t\t\t<p class=\"Normalutanluftfre\" style=\"-aw-sdt-tag:'dokumentavsnitt/utskottets förslag till riksdagsbeslut/-1794989380/1539858347103'; -aw-sdt-title:'utskottets förslag till riksdagsbeslut'\">\r\n\t\t\t\t<span>Riksdagen antar regeringens förslag till </span>\r\n\t\t\t</p>\r\n\t\t\t<p class=\"NormalIndent\" style=\"-aw-sdt-tag:'dokumentavsnitt/utskottets förslag till riksdagsbeslut/-1794989380/1539858347103'; -aw-sdt-title:'utskottets förslag till riksdagsbeslut'\">\r\n\t\t\t\t<span>1. lag om skyldighet för vissa offentliga funktionärer att anmäla innehav av finansiella instrument,</span>\r\n\t\t\t</p>\r\n\t\t\t<p class=\"NormalIndent\" style=\"-aw-sdt-tag:'dokumentavsnitt/utskottets förslag till riksdagsbeslut/-1794989380/1539858347103'; -aw-sdt-title:'utskottets förslag till riksdagsbeslut'\">\r\n\t\t\t\t<span>2. lag om ändring i lagen (1991:980) om handel med finansiella instrument,</span>\r\n\t\t\t</p>\r\n\t\t\t<p class=\"NormalIndent\" style=\"-aw-sdt-tag:'dokumentavsnitt/utskottets förslag till riksdagsbeslut/-1794989380/1539858347103'; -aw-sdt-title:'utskottets förslag till riksdagsbeslut'\">\r\n\t\t\t\t<span>3. lag om ändring i lagen (2007:528) om värdepappersmarknaden,</span>\r\n\t\t\t</p>\r\n\t\t\t<p class=\"NormalIndent\" style=\"-aw-sdt-tag:'dokumentavsnitt/utskottets förslag till riksdagsbeslut/-1794989380/1539858347103'; -aw-sdt-title:'utskottets förslag till riksdagsbeslut'\">\r\n\t\t\t\t<span>4. lag om ändring i offentlighets- och sekretesslagen (2009:400).</span>\r\n\t\t\t</p>\r\n\t\t\t<p class=\"NormalIndent\" style=\"text-indent:11.3pt; -aw-sdt-tag:'dokumentavsnitt/utskottets förslag till riksdagsbeslut/-1794989380/1539858347103'; -aw-sdt-title:'utskottets förslag till riksdagsbeslut'\">\r\n\t\t\t\t<span>Därmed bifaller riksdagen proposition 2017/18:263 punkterna 1–4.</span>\r\n\t\t\t</p>\r\n\t\t\t<p class=\"Mellanrum\" style=\"-aw-sdt-tag:'dokumentavsnitt/utskottets förslag till riksdagsbeslut/-1794989380/1539858347103'; -aw-sdt-title:'utskottets förslag till riksdagsbeslut'\">\r\n\t\t\t\t<span> </span>\r\n\t\t\t</p>\r\n\t\t\t<p class=\"OrtochDatum\" style=\"-aw-sdt-tag:'dokumentavsnitt/utskottets förslag till riksdagsbeslut/-1794989380/1539858347103'; -aw-sdt-title:'utskottets förslag till riksdagsbeslut'\">\r\n\t\t\t\t<span>Stockholm den 18 oktober 2018</span>\r\n\t\t\t</p>\r\n\t\t\t<p class=\"PVgnar\" style=\"-aw-sdt-tag:'dokumentavsnitt/utskottets förslag till riksdagsbeslut/-1794989380/1539858347103'; -aw-sdt-title:'utskottets förslag till riksdagsbeslut'\">\r\n\t\t\t\t<span>På finansutskottets vägnar</span>\r\n\t\t\t</p>\r\n\t\t\t<p class=\"Ordfranden\" style=\"-aw-sdt-tag:'dokumentavsnitt/utskottets förslag till riksdagsbeslut/-1794989380/1539858347103'; -aw-sdt-title:'utskottets förslag till riksdagsbeslut'\">\r\n\t\t\t\t<span>Elisabeth Svantesson</span>\r\n\t\t\t</p>\r\n\t\t\t<p class=\"Deltagare\" style=\"-aw-sdt-tag:'dokumentavsnitt/utskottets förslag till riksdagsbeslut/-1794989380/1539858347103'; -aw-sdt-title:'utskottets förslag till riksdagsbeslut'\">\r\n\t\t\t\t<span>Följande ledamöter har deltagit i beslutet: Elisabeth Svantesson (M), Fredrik Olovsson (S), Gunilla Carlsson (S), Oscar Sjöstedt (SD), Adnan Dibrani (S), Emil Källström (C), Jessika Roswall (M), Dennis Dioukarev (SD), Ingemar Nilsson (S), Mats Persson (L), Sven-Olof Sällström (SD), Janine Alm Ericson (MP), Jan Ericson (M), Björn Wiechel (S), Mattias Karlsson i Luleå (M), Ida Gabrielsson (V) och Christian Carlsson (KD).</span>\r\n\t\t\t</p>\r\n\t\t\t<p class=\"Mellanrum\" style=\"-aw-sdt-tag:'dokumentavsnitt/utskottets förslag till riksdagsbeslut/-1794989380/1539858347103'; -aw-sdt-title:'utskottets förslag till riksdagsbeslut'\">\r\n\t\t\t\t<span> </span>\r\n\t\t\t</p>\r\n\t\t\t<p class=\"Mellanrum\" style=\"-aw-sdt-tag:'dokumentavsnitt/utskottets förslag till riksdagsbeslut/-1794989380/1539858347103'; -aw-sdt-title:'utskottets förslag till riksdagsbeslut'\">\r\n\t\t\t\t<span> </span>\r\n\t\t\t</p>\r\n\t\t\t<p class=\"Mellanrum\" style=\"-aw-sdt-tag:'dokumentavsnitt/utskottets förslag till riksdagsbeslut/-1794989380/1539858347103'; -aw-sdt-title:'utskottets förslag till riksdagsbeslut'\">\r\n\t\t\t\t<span style=\"font-size:9.5pt\"> </span>\r\n\t\t\t</p>\r\n\t\t\t<p>\r\n\t\t\t\t<span> </span>\r\n\t\t\t</p>\r\n\t\t\t<p class=\"Avsnittsrubrik\">\r\n\t\t\t\t<a name=\"SlutUtskottsForslag\"></a><a name=\"_Toc527620149\"><span style=\"-aw-bookmark-end:SlutUtskottsForslag\"></span><span class=\"tSidrubrikJA\">Redogörelse för ärendet</span></a>\r\n\t\t\t</p>\r\n\t\t\t<h2>\r\n\t\t\t\t<a name=\"_Toc527620150\"><span>Ärendet och dess beredning</span></a>\r\n\t\t\t</h2>\r\n\t\t\t<p>\r\n\t\t\t\t<span>I proposition 2017/18:263 Skyldighet för vissa offentliga funktionärer att anmäla innehav av finansiella instr</span><span>ument föreslår re</span><span>geringen att riksdagen antar ett</span><span> förslag till ny lag om skyldighet för vissa offentliga funktionärer att anmäla innehav av finansiella instrument och ändringar i lagen (1991:980) om handel med finansiella instrument, lagen (2007:528) om värdepappers</span><span>-</span><span>marknaden </span><span>samt</span><span> offentlighets- och sekretesslagen (2009:400).</span>\r\n\t\t\t</p>\r\n\t\t\t<p class=\"NormalIndent\">\r\n\t\t\t\t<span>Regeringens förslag till ri</span><span>ksdagsbeslut återges i bilaga 1, och r</span><span>egeringens lagförslag finns i bilaga 2. Lagförs</span><span>lagen har granskats av Lagrådet</span><span>, som</span><span> anser att det bör framgå direkt av lagbestämmelsen i 4 § förslaget till lag om skyldighet för vissa offentliga funktionärer att anmäla innehav av finansiella instrument</span><span> </span><span>vilken personkret</span><span>s</span><span> i en myndighets ledning som omfattas av anmälningsskyldigheten.</span><span> Regeringen har inte följt Lagrådets förslag.</span>\r\n\t\t\t</p>\r\n\t\t\t<p class=\"NormalIndent\">\r\n\t\t\t\t<span>Ingen följd</span><span>motion har väckts med anledning av propositionen.</span>\r\n\t\t\t</p>\r\n\t\t\t<h2>\r\n\t\t\t\t<a name=\"_Toc527620151\"><span>Bakgrund</span></a>\r\n\t\t\t</h2>\r\n\t\t\t<p>\r\n\t\t\t\t<span>Med marknadsmissbruk avses </span><span>vissa olagliga beteenden på finansmarknaderna som </span><span>insiderhandel, marknadsmanipulation och obehörigt röjande av insiderinformation. Bestämmelserna om marknadsmissbruk består </span><span>av </span><span>regler </span><span>både </span><span>på EU-nivå</span><span> och</span><span> </span><span>på </span><span>nationell nivå. Reglerna har ändrats flera gånger.</span>\r\n\t\t\t</p>\r\n\t\t\t<p class=\"NormalIndent\">\r\n\t\t\t\t<span>Den 1 februari 1991 infördes skyldigheter för vissa offentliga funktionärer att anmäla innehav av finansiella instrument genom insiderlagen. År 2001 upphävdes insiderlagen</span><span>,</span><span> och regleringen fördes över till lagen om anmälningsskyldighet för vissa innehav av finansi</span><span>ella instrument. R</span><span>egelverket för att bekämpa marknadsmissbruk har sedan dess utvecklats och ändrats, senast genom EU:s marknadsmissbruksförordning och </span><span>genom </span><span>ny svensk lagstiftning. Formerna för ledning och styrning av statliga myndigheter har också ändrats </span><span>genom att</span><span> regler om anmälningsskyldighet infört</span><span>s.</span>\r\n\t\t\t</p>\r\n\t\t\t<p class=\"Avsnittsrubrik\">\r\n\t\t\t\t<a name=\"_Toc527620152\"><span class=\"tSidrubrikJA\">Utskottets överväganden</span></a>\r\n\t\t\t</p>\r\n\t\t\t<h2 style=\"-aw-sdt-tag:d9239e8c-e089-4f2b-bf0c-01df1ba93d2f/förslagsrutor/-843368535/1533294812733; -aw-sdt-title:förslagsrutor\">\r\n\t\t\t\t<a name=\"_Toc527620153\"><span>Skyldighet för vissa offentliga funktionärer att anmäla innehav av finansiella instrument</span></a>\r\n\t\t\t</h2>\r\n\t\t\t<div style=\"border-bottom-color:#000000; border-bottom-style:solid; border-bottom-width:0.75pt; border-left-color:#000000; border-left-style:solid; border-left-width:0.75pt; border-right-color:#000000; border-right-style:solid; border-right-width:0.75pt; border-top-color:#000000; border-top-style:solid; border-top-width:0.75pt; clear:both; margin:3.1pt 0.9pt 0pt\">\r\n\t\t\t\t<p class=\"Normalrutafet\" style=\"margin:0pt; padding-right:4pt; padding-left:4pt\">\r\n\t\t\t\t\t<span style=\"-aw-bookmark-end:_Toc527620153\"></span><span>Utskottets förslag i korthet</span>\r\n\t\t\t\t</p>\r\n\t\t\t\t<p class=\"Normalruta\" style=\"margin:0pt; padding-right:4pt; padding-left:4pt; padding-bottom:4pt\">\r\n\t\t\t\t\t<span>Riksdagen </span><span>antar regeringens förslag till en ny lag om skyldighet för vissa offentliga funktionärer att anmäla innehav av finansiella instrument och ändringar i lagen om handel med finansiella instrument, lagen om värdepappersmarknaden </span><span>samt</span><span> offentlighets- och sekretesslagen. </span><span>Lagen om anmälningsskyldighet för vissa innehav av finansiella instrument upphävs. </span><span>Förslagen innebär att regelverket för offentliga funktionärers skyldighet att anmäla innehav av finansiella instrument förtydligas.</span>\r\n\t\t\t\t</p>\r\n\t\t\t</div>\r\n\t\t\t<p class=\"R3\">\r\n\t\t\t\t<span>Propositionen</span>\r\n\t\t\t</p>\r\n\t\t\t<p class=\"R4\" style=\"margin-top:6pt; margin-bottom:0pt\">\r\n\t\t\t\t<span>Allmänt</span>\r\n\t\t\t</p>\r\n\t\t\t<p>\r\n\t\t\t\t<span>Flera myndigheter har </span><span>uppmärksammat regeringen</span><span> på problem </span><span>som finns </span><span>vid tillämpning</span><span>en</span><span> av regelverket </span><span>om</span><span> att bekämpa marknadsmissbruk, </span><span>och efterlyst klarlägganden och förtydliganden. </span><span>Regeringen konstaterar att det inte har gjorts någon </span><span>övergripande bedömning av hur väl det nuvarande regelverket uppfyller</span><span> sina syften i förhållande </span><span>dels </span><span>till </span><span>den administrativa börda</span><span> som regelverket medför för myndigheter och enskilda, dels </span><span>till </span><span>ingreppet i den personliga integriteten för de enskilda som omfattas av anmälningsskyldigheten. Regeringen </span><span>bedömer </span><span>därför att det finns skäl att göra en översyn av regelverket för offentliga funktionärers skyldighet att anmäla innehav av finansiella instrument. Regelverket bör </span><span>enligt regeringen </span><span>utformas så att det </span><span>blir</span><span> en rimlig avvägning mellan möjligheterna att uppnå syftet och samtidigt begränsa både integritetsintrånget för den enskilde och den administrativa bördan för den enskilde och myndigheten.</span>\r\n\t\t\t</p>\r\n\t\t\t<p class=\"NormalIndent\" style=\"text-indent:0pt\">\r\n\t\t\t\t<span> </span>\r\n\t\t\t</p>\r\n\t\t\t<p class=\"R4\" style=\"margin-top:6pt; margin-bottom:0pt\">\r\n\t\t\t\t<span>Ett nytt regelverk</span>\r\n\t\t\t</p>\r\n\t\t\t<p>\r\n\t\t\t\t<span>Sedan </span><span>anmälningsskyldigheten infördes</span><span> </span><span>1991 </span><span>har frågan om att statliga myndigheter och de som arbetar inom dem har ett högt förtroende hos allmänheten fått ökad tyngd, dels genom Värdegrund</span><span>s</span><span>delegationens slutrapport Att säkerställa en god statsförvaltning (S2012/09080/ESA), dels genom en dom från Arbetsdomstolen om förtroendeskadliga bisysslor </span><span>(</span><span>AD</span><span> </span><span> 1991 nr 99</span><span>)</span><span>.</span>\r\n\t\t\t</p>\r\n\t\t\t<p class=\"NormalIndent\">\r\n\t\t\t\t<span>Anmälningsskyldighetens främsta funktion</span><span> </span><span>är att göra den anmälningsskyldige uppmärksam på </span><span>hur viktigt det är </span><span>att tillämpliga regler </span><span>följs och </span><span>att </span><span>minska </span><span>benägenheten till</span><span> </span><span>eventuellt förtroendeskadlig </span><span>handel med finansiella instrument.</span><span> </span><span>D</span><span>et övergripande syftet med anmälningsskyldigheten </span><span>bör enligt regeringen vara</span><span> att </span><span>bidra till att stärka allmänhetens förtroende för de myndigheter och offentliga funktionärer som omfattas. </span><span>Regeringen föreslår att b</span><span>estämmelser om anmälningsskyldighet inom myndigheter för vissa innehav av finansiella instrument tas in i en ny lag om skyldighet för vissa offentliga funktionärer att anmäla innehav av finansiella instrument</span><span>.</span>\r\n\t\t\t</p>\r\n\t\t\t<p class=\"NormalIndent\">\r\n\t\t\t\t<span>Regeringen skriver att b</span><span>estämmelser om anmälningsskyldighet för innehav av finansiella instrument får anses vara av grundläggande natur när det gäller statligt anställdas rättsställning (12 kap. 7 § regeringsformen). Det innebär att förutsättningarna för att ålägga någon en sådan anmälningsskyldighet måste framgå i lag (prop. 1990/91:42 s. 48). Grunderna för anmälningsskyldigheten bör därför framgå i lag. I den mån bestämmelserna inte gäller statligt anställda utan uppdragstagare eller kommunanställda finns det i stället ett krav på lagform när det gäller skyldigheter för enskilda (8 kap. 2 § först</span><span>a stycket regeringsformen)</span><span>. Riksdagen kan dock bemyndiga regeringen att </span><span>utfärda</span><span> föreskrifter på området (8 kap. 3 § regeringsformen).</span>\r\n\t\t\t</p>\r\n\t\t\t<p class=\"NormalIndent\">\r\n\t\t\t\t<span>Finansinspektionen anser att frågan om lån för anställda </span><span>också </span><span>borde regleras i samma lag. Regeringen konstaterar </span><span>dock </span><span>att det finns en lagreglering om bisysslor i </span><span>lagen (1994:260) om offentlig anställning</span><span>. Enligt den regleringen är det inte tillåtet att ha någon förtroendeskadlig bisyssla. En sådan bisyssla kan </span><span>det </span><span>t.ex. </span><span>röra sig</span><span> om </span><span>ifall </span><span>en tjänsteman skuldsätter sig eller på ett annat sätt gör sig beroende av n</span><span>ågon</span><span> över vars verksamhet han eller hon i sin tjänst utövar tillsyn (se SOU 1969:6 s. 77 och rättsfallet AD 1991 nr 99). Regeringen anser inte att det finns anledning a</span><span>tt i den nya lagen</span><span> äve</span><span>n reglera andra skyldigheter än de som föreslås.</span>\r\n\t\t\t</p>\r\n\t\t\t<p class=\"NormalIndent\">\r\n\t\t\t\t<span>Regeringen anser </span><span>vidare </span><span>att h</span><span>änvisningen till EU:s marknadsmissbruksförordning i den nya lagen </span><span>bör</span><span> vara dynamisk, dvs. avse förordningen i den vid varje tidpunkt gällande lydelsen.</span>\r\n\t\t\t</p>\r\n\t\t\t<p class=\"R5\">\r\n\t\t\t\t<span>Omfattningen och utformningen av anmälningsskyldigheten</span>\r\n\t\t\t</p>\r\n\t\t\t<p class=\"R6\" style=\"margin-top:6pt\">\r\n\t\t\t\t<span>Vilka offentliga funktionärer bör vara anmälningsskyldiga?</span>\r\n\t\t\t</p>\r\n\t\t\t<p class=\"NormalIndent\" style=\"text-indent:0pt\">\r\n\t\t\t\t<span>Regeringen föreslår att o</span><span>m det behövs med hänsyn till förekomsten av insiderinformation inom en statlig myndighet, ska de som ingår i myndighetens</span><span> </span><span>lednin</span><span>g</span><span> vara skyldiga att anmäla sina innehav av fina</span><span>n</span><span>siella instrument. Regeringen ska få </span><span>utfärda</span><span> föreskrifter om eller besluta vid vilka myndigheter en sådan anmälningsskyldighet ska gälla. </span><span>En myn</span><span>dighet som omfattas av sådana föreskrifter eller ett sådant beslut ska besluta att även andra arbetstagare och uppdragstagare vid myndigheten ska vara anmäl</span><span>ningssky</span><span>ldiga, om det behövs med hänsyn till deras tillgång till insiderinformati</span><span>on. Statsråden ska vara skyldig</span><span>a att anmäla sina innehav av finansiella instrument. Regeringsk</span><span>ansliet ska besluta att anställ</span><span>da och uppdragstagare vid myndigheten ska vara anmälningsskyldiga, om det behövs med hänsyn till deras tillgång till insiderinformation. Med insiderinformation ska i lagen om skyldighet för vi</span><span>ssa offentlig</span><span>a</span><span> funktionärer att anmä</span><span>la innehav </span><span>av finansiella instrument avses detsamma som i EU:s marknadsmissbruksförordning.</span>\r\n\t\t\t</p>\r\n\t\t\t<p class=\"NormalIndent\">\r\n\t\t\t\t<span>Enligt förslaget är det</span><span> </span><span>regeringen </span><span>som </span><span>prövar v</span><span>ilka myndigheter</span><span> som ska omfattas av anmälningsskyld</span><span>igheten</span><span>. När en myndighet beslutar om vilka personer utöver myndighetens ledning som ska omfattas av anmälningsskyldigheten, bör myndigheten noga överväga om behovet av anmälningsskyldighet är så stort </span><span>att det uppväger integritetsint</span><span>rånget för den enskilde och den administrativa bördan för den enskilde och myndigheten. I första hand bör det vara beslutsfattare inom myndigheten som åläggs anmälningsskyldighet. Arbetstagare och uppdragstagare som inte har beslutsfattande ställning bör omfattas av anmälningsskyldighet endast om det finns särskilda skäl för det. Om det inom myndigheten finns tydliga och väl genomarbetade etiska riktlinjer som behandlar frågan om innehav och handel med finansiella instrument</span><span>, kan antalet personer som omfattas av a</span><span>nmälningsskyldigheten begränsas</span><span> och myndigheten t.ex. i stället se till att de anställda skriftligen </span><span>bekräftar till myndigheten</span><span> att de tagit del av de etiska riktlinjerna.</span>\r\n\t\t\t</p>\r\n\t\t\t<p class=\"NormalIndent\">\r\n\t\t\t\t<span>Lagrådet föreslår att </span><span>det</span><span> </span><span>ska </span><span>framgå direkt av lagtexten</span><span> i den ny</span><span>a lagen vilken personkrets i en myndighets ledning som omfattas av anmälningsskyldigheten. Regeringen konstaterar </span><span>visserligen att alla</span><span> myndigheter som i dag omfattas av bestämmelserna om anmälningsskyldighet</span><span> i och för sig är enrådighetsmyndigheter, styrelsemyndigheter eller nämndmyndigheter men att det även finns myndigheter med andra ledningsformer. Dessa myndigheter är helt eller delvis undantagna från myndighetsförordningens tillämpningsområde. Enligt regeringen kan d</span><span>et</span><span> dock inte uteslutas att det i framtiden kan bli aktuellt för regeringen att besluta att en myndighet med en annan ledningsform ska omfattas av bestämmelserna om anmälningsskyldighet. För att täcka in alla tänkbara fall anser regeringen därför att lagtexten bör vara generellt utformad och att det i bestämmelsen i den nya lagen endast bör anges att de som ingår i myndighetens ledning ska vara anmälningsskyldiga.</span>\r\n\t\t\t</p>\r\n\t\t\t<p class=\"R6\">\r\n\t\t\t\t<span>Vilka finansiella instrument bör omfattas?</span>\r\n\t\t\t</p>\r\n\t\t\t<p>\r\n\t\t\t\t<span>Regeringen föreslår att anmälningsskyldighet enligt lagen om skyldighet för vissa offentliga funktionärer att anmäla innehav av finansiella instrument ska omfatta alla typer av finansiella instrument. Med finansiella instrument ska avses detsamma som i lagen om värdepappersmarknaden. I förekommande fall ska en anmälningsskyldig anmäla </span><span>a</span><span>tt han eller hon inte innehar några finansiella instrument. Finansiella instrument som den anmälningsskyldige förfogar över indirekt ska, i den utsträckning det följer av föreskrifter som regeringen har </span><span>utfärdat</span><span>, likställas med sådana som den anmälningsskyldige innehar. Regeringen ska även få </span><span>utfärda</span><span> föreskrifter om undantag från anmälningsskyldigheten.</span>\r\n\t\t\t</p>\r\n\t\t\t<p class=\"R6\">\r\n\t\t\t\t<span>Hur bör anmälningsskyldigheten fullgöras?</span>\r\n\t\t\t</p>\r\n\t\t\t<p>\r\n\t\t\t\t<span>Regeringen </span><span>föreslås få</span><span> </span><span>utfärda</span><span> verkställighetsföreskrifter om hur anmälningsskyldigheten ska fullgöras.</span>\r\n\t\t\t</p>\r\n\t\t\t<p class=\"R6\">\r\n\t\t\t\t<span>Hur bör myndigheterna hantera anmälningarna?</span>\r\n\t\t\t</p>\r\n\t\t\t<p>\r\n\t\t\t\t<span>Enligt regeringens förslag ska</span><span> en </span><span>myndighet som tar emot anmälningar om inneh</span><span>av av finansiella instrument</span><span> föra en förteckning över anmälningarna.</span><span> Regeringen kan </span><span>utfärda</span><span> verkställighetsföreskrifter om hur en myndighet ska fatta beslut om och hantera de anmälningar som görs.</span>\r\n\t\t\t</p>\r\n\t\t\t<p class=\"R6\">\r\n\t\t\t\t<span>Kommuner och landsting</span>\r\n\t\t\t</p>\r\n\t\t\t<p>\r\n\t\t\t\t<span>Om det behövs med hänsyn till förekomsten av inside</span><span>rinformation inom en kommun, föreslås</span><span> kommunen få besluta att de arbetstagare eller uppdragstagare som kommunen bestämmer ska vara anmälningsskyldiga för sina innehav av finansiella instrument. Den anmälningsskyldige ska anmäla sitt innehav till kommunen, och kommunen ska föra en förteckning över anmälningarna. Detsamma ska gälla landsting. Bemyndigandet för regeringen att </span><span>utfärda</span><span> föreskrifter ska omfatta även kommuner och landsting.</span>\r\n\t\t\t</p>\r\n\t\t\t<p class=\"R5\">\r\n\t\t\t\t<span>Tillsyn och uppföljning av anmälningsskyldigheten för offentliganställda</span>\r\n\t\t\t</p>\r\n\t\t\t<p>\r\n\t\t\t\t<span>Regeringen föreslår att Finansinspektionen inte längre ska ha befogenhet att begära uppgifter m.m. för övervakningen av att bestämmelserna om anmälningsskyldi</span><span>ghet följs. Som motivering anges</span><span> att det inte är nödvändigt med en särskild tillsyn över myndigheternas, kommunernas och landstingens hanterin</span><span>g av anmälningsskyldigheten. Tillsynen</span><span> bör i</span><span> </span><span>stället följas upp inom ramen för regeringens löpande myndighetsstyrning. För de offentliga funktionärer som omfattas av anmälningsskyldighet kan, liksom i dag, disciplinära påföljder eller avskedande komma i</span><span> </span><span>fråga.</span><span> Svenska Fondhandlareföreningen och Svenska Bankföreningen anser dock att det för förtroendet för systemet bör finnas ett kontrollsystem och att det i en kommande proposition bör anges vilka konsekvenser som kan komma i fråga om reglerna inte följs. Regeringen anför dock att den redan när anmälningsskyldigheten för offentliga funktionärer infördes påpekade att bestämmelserna ska ses som en ordningsregel, men att reglerna om disciplinansvar eller avskedande kan komma i fråga för arbetstagare som inte fullgör anmälningsskyldigheten (prop. 1990/91:42 s. 98). De disciplinpåföljder som finns att tillgå enligt lagen om </span><span>offentlig anställning</span><span> är varning och löneavdrag (15 §). För kommunalt anställda finns motsvarande regler i stadgar eller kollektivavtal. Genom förslagen i denna proposit</span><span>i</span><span>on inskärps enligt regeringe</span><span>n</span><span> vikten</span><span> av att de myndigheter som omfattas av regleringen hanterar anmälningsskyldigheten på ett ändamålsenlig</span><span>t sätt och ges bättre föruts</span><span>ättningar för en enhetlig reglering.</span><span> Det finns därför inte skäl att införa bestämmelser om någon särskild form av tillsyn över tillämpningen av de nya bestämmelser om anmälningsskyldighet för innehav av finansiella instrument som föreslås i proposition</span><span>en</span><span>.</span>\r\n\t\t\t</p>\r\n\t\t\t<p class=\"R5\">\r\n\t\t\t\t<span>Övriga lagändringar</span>\r\n\t\t\t</p>\r\n\t\t\t<p class=\"R6\" style=\"margin-top:6pt\">\r\n\t\t\t\t<span>Anmälningsskyldighet för anställda och uppdragstagare i värdepappers</span><span>-</span><span>institut och börser</span>\r\n\t\t\t</p>\r\n\t\t\t<p>\r\n\t\t\t\t<span>Regeringen föreslår att lagen om anmälningsskyldighet för vissa inneh</span><span>av av finansiella instrument upphäv</span><span>s. </span><span>Vidare föreslås att b</span><span>estämmelserna i lagen om anmälningsskyldighet för arbetstagare</span><span> och uppdragstagare i börser </span><span>överförs</span><span> till lagen om värdepapp</span><span>ersmarknaden. Följdändringar behöver också</span><span> göras i offentlighets- och sekretesslagen.</span><span> Regeringen föreslår också att b</span><span>estämmelserna i lagen om anmälningsskyldighet för vissa innehav av finansiella instrument som rör anmälningsskyldighet för arbetstagare och uppdragstagare i värdepappersinstitut </span><span>utmönstras.</span>\r\n\t\t\t</p>\r\n\t\t\t<p class=\"NormalIndent\">\r\n\t\t\t\t<span>Som skäl anför regeringen att lagen om anmälningsskyldighet för vissa innehav av finansiella instrument sedan den 1 februari 2017 endast innehåller ett fåtal bestämmelser</span><span>. Bestämmelserna </span><span>avser anställda och uppdragstagare i värdepappersinstitut och börser. Regeringen konstaterar att kommissionens förordning om organisatoriska krav för värdepappersföretag</span><a name=\"_ftnref1\"></a><a href=\"#_ftn1\"><span class=\"FootnoteReference\" style=\"font-size:6.33pt\">[1]</span></a><span> innehåller bestämmelser om anmälningsskyldighet när det gäller innehav av finansiella instrument för anställda och uppdragstagare i värdepappersinstitut. Bestämmelserna i förordningen gäller som svensk lag och motsvarar i stort sett nuvarande bestämmelser i lagen om anmälningsskyldighet för vissa innehav av finansiella instrument och går i vissa fall längre än dessa. </span><span>Mot bakgrund av detta bör bestämmelserna om värdepappersinstitut inte föras över till lagen om värdepappersmarknaden, något som utredningen föreslog. När det gäller bestämmelserna om anmälningsskyldighet för anställda och uppdragstagare i börser finns inte några motsvarande EU-rättsliga regler eller annat EU-rättsligt hinder mot att behålla bestämmelserna. Regeringen föreslår därför att de förs över till lagen om värdepappersmarknaden. Finansinspektionens möjligheter att utöva tillsyn över att bestämmelserna om anmälningsskyldighet för anställda och uppdragstagare i värdepappersinstitut och börser följs påverkas inte av förslagen i propositionen</span><span>. Finansinspektionens föreskrifter och allmänna råd om förteckning över vissa innehav av finansiella instrument förs över till lagen om värdepappersmarknaden när det gäller börser. </span><span>I fråga om</span><span> värdepappersinstitut framgår det av kommissionens förordning om organisatoriska krav för värdepappersföretag vilka arbetstagare och uppdragstagare som är anmälningsskyldiga. Några föreskrifter är enligt regeringen därför inte nödvändiga i den delen.</span>\r\n\t\t\t</p>\r\n\t\t\t<p class=\"R6\">\r\n\t\t\t\t<span>Sekretess</span>\r\n\t\t\t</p>\r\n\t\t\t<p>\r\n\t\t\t\t<span>Nuvarande sekretessbestämmelse (32 kap. 6 § offentlighets- och sekretesslagen) bör enligt regeringen justeras med anledning av att </span><span>bestämmelserna om anmälningsskyldighet kommer att finnas i en ny lag. Gotlands kommun anser att det är tveksamt om en strängt sekretesskyddad intern förteckning över anmälda innehav tillgodoser behovet av förtroendeskapande åtgärder </span><span>i fråga om </span><span>att offentliga funktionärer inte missbrukar insiderinformation. Regeringen menar dock att förteckningen över innehav av finansiella instrument tillgodoser det behovet även om uppgifterna omfattas av sekretess och därför inte är fritt tillgängliga för alla.</span>\r\n\t\t\t</p>\r\n\t\t\t<p class=\"NormalIndent\">\r\n\t\t\t\t<span>När anmälningsskyldig</span><span>h</span><span>eten för anställda och uppdragstagare i värdepappersinstitut och börser infördes 2001 bedömde </span><span>man </span><span>att de anmälda uppgifterna inte skulle offentliggöras på det sätt som </span><span>görs</span><span> när det gäller det s.k. insiderregistret (prop. 1999/2000:109 s. 75).</span><span> Finansinspektionen kommer att ha möjlighet att utöva tillsyn över värdepappersinstitutens och börsernas hantering av anmälningsskyldigheteten även efter att lagen om anmälningsskyldighet för vissa innehav av finansiella instrument har upphävts. Nämnda sekretessbestämmelse kommer inte att kunna tillämpas på uppgifter som lämnas efter att lagen om anmälningsskyldighet för vissa innehav av finansiella instrument</span><span> </span><span>har upphävts. Utöver uppgifter som Finansinspektionen </span><span>begär</span><span> som ett led i övervakningen av regleringen om marknadsmissbruk kommer det inte att finnas någon sekretessbestämmelse som tar sikte på anställda</span><span>s</span><span> och uppdragstagares personliga och ekonomiska förhållanden. Regeringen avser att återkomma till den frågan i ett annat sammanhang.</span>\r\n\t\t\t</p>\r\n\t\t\t<p class=\"R5\" style=\"margin-top:6pt\">\r\n\t\t\t\t<span>Ikraftträdande- och övergångsbestämmelser</span>\r\n\t\t\t</p>\r\n\t\t\t<p>\r\n\t\t\t\t<span>Regeringen föreslår att lagen om skyldighet för vissa offentliga funktionärer att anmäla innehav av finansiella instrument ska träda i kraft den 1 januari 2019. Lagen om anmälningsskyldighet för vissa innehav av finansiella instrument ska upphävas vid samma tidpunkt. Äldre bestämmelser om sekretess ska gälla för uppgifter som har lämnats före ikraftträdandet. Några särskilda övergångsbestämmelser när det gäller anmälningsskyldigheten är enligt regeringens bedömning inte nödvändiga. Däremot anser regeringen att det bör införas en övergångsbestämmelse till de ändringar i offentlighets- och sekretesslagen som föreslås </span><span>för</span><span> att säkerställa att sekretessen även i fortsättningen gäller för uppgifter som har lämnats före ikraftträdandet.</span>\r\n\t\t\t</p>\r\n\t\t\t<p class=\"NormalIndent\" style=\"text-indent:0pt\">\r\n\t\t\t\t<span> </span>\r\n\t\t\t</p>\r\n\t\t\t<p class=\"R4\" style=\"margin-top:6pt; margin-bottom:0pt\">\r\n\t\t\t\t<span>Förslagens konsekvenser</span>\r\n\t\t\t</p>\r\n\t\t\t<p class=\"R5\" style=\"margin-top:6pt\">\r\n\t\t\t\t<span>Förslagens syfte</span>\r\n\t\t\t</p>\r\n\t\t\t<p>\r\n\t\t\t\t<span>F</span><span>örslagen i propositionen </span><span>medför enligt regeringen att det nuvarande regelverket </span><span>moderniseras och förtydligas. Genom att regeringen ska få </span><span>utfärda</span><span> föreskrifter ökar möjligheterna att smidigt anpassa regelverket till ändrade förhållanden på finansmarknaderna och den statliga myndighetsstyrningen.</span>\r\n\t\t\t</p>\r\n\t\t\t<p class=\"R5\" style=\"margin-top:6pt\">\r\n\t\t\t\t<span>Konsekvenser för myndigheter och anmälningsskyldiga</span>\r\n\t\t\t</p>\r\n\t\t\t<p>\r\n\t\t\t\t<span>Regeringen konstaterar att den administration som anmälningsskyldigheten innebär för myndigheternas del främst består i att ha system för att ta emot och hantera anmälningar samt att bedöma vilka som ska omfattas av anmälningsskyldighet. Det arbetet </span><span>påverkas enligt regeringen</span><span> inte </span><span>i någon nämnvärd utsträ</span><span>ckning av att</span><span> finansiella instrument som den anmälningsskyldige indirekt förfogar över i vissa fall ska anmälas. För den enskilde innebär det dock mer administration. Regeringen anser dock att det uppvägs av att anmälningsskyldigheten bättre uppfyller sitt syfte. </span><span>Försla</span><span>gen har enligt regeringen inte några st</span><span>a</span><span>tsfinansiella konsekvenser.</span>\r\n\t\t\t</p>\r\n\t\t\t<p class=\"R5\" style=\"margin-top:6pt\">\r\n\t\t\t\t<span>Konsekvenser för den kommunala självstyrelsen</span>\r\n\t\t\t</p>\r\n\t\t\t<p>\r\n\t\t\t\t<span>Enligt regeringsformen bör en inskränkning i den kommunala självstyrelsen inte gå utöver vad som är nödvändigt med hänsyn till de ändamål som har </span><span>motiverat</span><span> den (14 kap. 3 §</span><span> regeringsformen</span><span>). Regeringen konstaterar att anmälningsskyldigheten av integritets- </span><span>och kostnadsskäl inte</span><span> bör vara mer omfattande än </span><span>vad </span><span>som är </span><span>nödvändigt och att det därför är viktigt att införa en möjlighet att föreskriva om undantag från anmälningsskyldigheten. När det gäller föreskrifter om hur anmälningsskyldigheten ska fullgöras och vad anmälningsskyldigheten ska omfatta anser regeringen att tydliga regl</span><span>er om hur </span><span>skyldigheten ska fullgöras förenklar kommunernas och landstingens hantering av anmälningsskyldigheten. Regeringen anser därför att den inskränkning i den kommunala självstyrelsen som de aktuella förslagen skulle kunna få inte går utöver vad som är nödvändigt med hänsyn till de ändamål som har </span><span>motiverat</span><span> dem.</span>\r\n\t\t\t</p>\r\n\t\t\t<p class=\"R5\" style=\"margin-top:6pt\">\r\n\t\t\t\t<span>Övr</span><span>iga konsekvenser</span>\r\n\t\t\t</p>\r\n\t\t\t<p>\r\n\t\t\t\t<span>Enligt regeringens bedömning får</span><span> förslagen</span><span> inte några andra konsekvenser som avses i 6 och 7 §§ förordningen (2007:1244) om konsekvensutredning vid regelgivning. Regeringen konstaterar att det är omöjligt att mäta i vilken </span><span>utsträckning</span><span> ett regelverk </span><span>för</span><span> anmälningsskyldighet för offentliga funktionärer faktiskt hindrar marknadsmissbruk. </span><span>Enligt regeringen är anmälningsskyldigheten </span><span>både ändamålsenlig och kostnadsmässigt motiverad.</span>\r\n\t\t\t</p>\r\n\t\t\t<p class=\"R3\">\r\n\t\t\t\t<span>Utskottets ställningstagande</span>\r\n\t\t\t</p>\r\n\t\t\t<p>\r\n\t\t\t\t<span>Det har inte väckts någon motion med anledning av propositionen. Utskottet anser att riksdagen av de skäl som anförs i propositionen bör anta regeringens lagförslag.</span>\r\n\t\t\t</p>\r\n\t\t\t<p>\r\n\t\t\t\t<span> </span>\r\n\t\t\t</p>\r\n\t\t\t<p>\r\n\t\t\t\t<span> </span>\r\n\t\t\t</p>\r\n\t\t\t<p class=\"Bilaga\">\r\n\t\t\t\t<span class=\"tBilagaJA\">Bilaga 1</span>\r\n\t\t\t</p>\r\n\t\t\t<p class=\"Bilagerubrik\">\r\n\t\t\t\t<a name=\"_Toc527620154\"><span class=\"tSidrubrikJA\">Förteckning över behandlade förslag</span></a>\r\n\t\t\t</p>\r\n\t\t\t<p class=\"Rubrik2bilaga\" style=\"-aw-sdt-tag:'dokumentavsnitt/förteckning över behandlade förslag/1518390870/1533292673242'; -aw-sdt-title:'förteckning över behandlade förslag'\">\r\n\t\t\t\t<a name=\"_Toc527620155\"><span>Propositionen</span></a><span> </span>\r\n\t\t\t</p>\r\n\t\t\t<h4 style=\"-aw-sdt-tag:'dokumentavsnitt/förteckning över behandlade förslag/1518390870/1533292673242'; -aw-sdt-title:'förteckning över behandlade förslag'\">\r\n\t\t\t\t<span>Proposition 2017/18:263 Skyldighet för vissa offentliga funktionärer att anmäla innehav av finansiella instrument:</span>\r\n\t\t\t</h4>\r\n\t\t\t<p class=\"Yrkandelista\" style=\"margin-bottom:0pt; -aw-sdt-tag:'dokumentavsnitt/förteckning över behandlade förslag/1518390870/1533292673242'; -aw-sdt-title:'förteckning över behandlade förslag'\">\r\n\t\t\t\t<span>1.</span><span style=\"width:21.22pt; text-indent:0pt; display:inline-block\"></span><span>Riksdagen antar regeringens förslag till lag om skyldighet för vissa offentliga funktionärer att anmäla innehav av finansiella instrument.</span>\r\n\t\t\t</p>\r\n\t\t\t<p class=\"Yrkandelista\" style=\"margin-top:0pt; margin-bottom:0pt; -aw-sdt-tag:'dokumentavsnitt/förteckning över behandlade förslag/1518390870/1533292673242'; -aw-sdt-title:'förteckning över behandlade förslag'\">\r\n\t\t\t\t<span>2.</span><span style=\"width:21.22pt; text-indent:0pt; display:inline-block\"></span><span>Riksdagen antar regeringens förslag till lag om ändring i lagen (1991:980) om handel med finansiella instrument.</span>\r\n\t\t\t</p>\r\n\t\t\t<p class=\"Yrkandelista\" style=\"margin-top:0pt; margin-bottom:0pt; -aw-sdt-tag:'dokumentavsnitt/förteckning över behandlade förslag/1518390870/1533292673242'; -aw-sdt-title:'förteckning över behandlade förslag'\">\r\n\t\t\t\t<span>3.</span><span style=\"width:21.22pt; text-indent:0pt; display:inline-block\"></span><span>Riksdagen antar regeringens förslag till lag om ändring i lagen (2007:528) om värdepappersmarknaden.</span>\r\n\t\t\t</p>\r\n\t\t\t<p class=\"Yrkandelista\" style=\"margin-top:0pt; -aw-sdt-tag:'dokumentavsnitt/förteckning över behandlade förslag/1518390870/1533292673242'; -aw-sdt-title:'förteckning över behandlade förslag'\">\r\n\t\t\t\t<span>4.</span><span style=\"width:21.22pt; text-indent:0pt; display:inline-block\"></span><span>Riksdagen antar regeringens förslag till lag om ändring i offentlighets- och sekretesslagen (2009:400).</span>\r\n\t\t\t</p>\r\n\t\t\t<p class=\"Mellanrum\">\r\n\t\t\t\t<span> </span>\r\n\t\t\t</p>\r\n\t\t\t<p class=\"Mellanrum\" style=\"-aw-sdt-tag:'dokumentavsnitt/förteckning över behandlade förslag/1518390870/1533292673242'; -aw-sdt-title:'förteckning över behandlade förslag'\">\r\n\t\t\t\t<span> </span>\r\n\t\t\t</p>\r\n\t\t\t<p class=\"Mellanrum\" style=\"-aw-sdt-tag:'dokumentavsnitt/förteckning över behandlade förslag/1518390870/1533292673242'; -aw-sdt-title:'förteckning över behandlade förslag'\">\r\n\t\t\t\t<span> </span>\r\n\t\t\t</p>\r\n\t\t\t<p>\r\n\t\t\t\t<span> </span>\r\n\t\t\t</p>\r\n\t\t\t<p class=\"Bilaga\">\r\n\t\t\t\t<span class=\"tBilagaJA\">Bilaga 2</span>\r\n\t\t\t</p>\r\n\t\t\t<p class=\"Bilagerubrik\">\r\n\t\t\t\t<a name=\"_Toc527620156\"><span class=\"tSidrubrikJA\">Regeringens lagförslag</span></a>\r\n\t\t\t</p>\r\n\t\t\t<p>\r\n\t\t\t\t<img src=\"http://data.riksdagen.se/fil/h601fiu7/Dokument.001.png\" width=\"394\" height=\"676\" alt=\"\" style=\"-aw-left-pos:0pt; -aw-rel-hpos:column; -aw-rel-vpos:paragraph; -aw-top-pos:0pt; -aw-wrap-type:inline\" />\r\n\t\t\t</p>\r\n\t\t\t<p>\r\n\t\t\t\t<img src=\"http://data.riksdagen.se/fil/h601fiu7/Dokument.002.png\" width=\"394\" height=\"577\" alt=\"\" style=\"-aw-left-pos:0pt; -aw-rel-hpos:column; -aw-rel-vpos:paragraph; -aw-top-pos:0pt; -aw-wrap-type:inline\" />\r\n\t\t\t</p>\r\n\t\t\t<p>\r\n\t\t\t\t<img src=\"http://data.riksdagen.se/fil/h601fiu7/Dokument.003.png\" width=\"394\" height=\"753\" alt=\"\" style=\"-aw-left-pos:0pt; -aw-rel-hpos:column; -aw-rel-vpos:paragraph; -aw-top-pos:0pt; -aw-wrap-type:inline\" />\r\n\t\t\t</p>\r\n\t\t\t<p>\r\n\t\t\t\t<img src=\"http://data.riksdagen.se/fil/h601fiu7/Dokument.004.png\" width=\"393\" height=\"756\" alt=\"\" style=\"-aw-left-pos:0pt; -aw-rel-hpos:column; -aw-rel-vpos:paragraph; -aw-top-pos:0pt; -aw-wrap-type:inline\" />\r\n\t\t\t</p>\r\n\t\t\t<p>\r\n\t\t\t\t<img src=\"http://data.riksdagen.se/fil/h601fiu7/Dokument.005.png\" width=\"394\" height=\"486\" alt=\"\" style=\"-aw-left-pos:0pt; -aw-rel-hpos:column; -aw-rel-vpos:paragraph; -aw-top-pos:0pt; -aw-wrap-type:inline\" />\r\n\t\t\t</p>\r\n\t\t\t<p>\r\n\t\t\t\t<img src=\"http://data.riksdagen.se/fil/h601fiu7/Dokument.006.png\" width=\"394\" height=\"742\" alt=\"\" style=\"-aw-left-pos:0pt; -aw-rel-hpos:column; -aw-rel-vpos:paragraph; -aw-top-pos:0pt; -aw-wrap-type:inline\" /><img src=\"http://data.riksdagen.se/fil/h601fiu7/Dokument.007.png\" width=\"394\" height=\"570\" alt=\"\" style=\"-aw-left-pos:0pt; -aw-rel-hpos:column; -aw-rel-vpos:paragraph; -aw-top-pos:0pt; -aw-wrap-type:inline\" />\r\n\t\t\t</p>\r\n\t\t\t<p>\r\n\t\t\t\t<span> </span>\r\n\t\t\t</p>\r\n\t\t</div>\r\n\t\t<hr style=\"width:33%; height:1px; text-align:left; -aw-footnote-numberstyle:0; -aw-footnote-startnumber:1; -aw-footnote-type:0\" />\r\n\t\t<div id=\"_ftn1\" style=\"-aw-footnote-isauto:1\">\r\n\t\t\t<p class=\"FootnoteText\">\r\n\t\t\t\t<a href=\"#_ftnref1\"><span class=\"FootnoteReference\" style=\"font-size:6.33pt\">[1]</span></a><span> Kommissionens delegerade förordning (EU) 2017/565 av den 25 april 2016 om komplettering av Europaparlamentets och rådets direktiv 2014/65/EU vad gäller organisatoriska krav och villkor för verksamheten i värdepappersföretag, och definitioner för tillämpning av </span><span>det </span><span>direktivet.</span>\r\n\t\t\t</p>\r\n\t\t</div>\r\n\t"},"dokutskottsforslag":{"utskottsforslag":{"punkt":"1","rubrik":"Skyldighet för vissa offentliga funktionärer att anmäla innehav av finansiella instrument","forslag":"Riksdagen antar regeringens förslag till <br>1. lag om skyldighet för vissa offentliga funktionärer att anmäla innehav av finansiella instrument,<br>2. lag om ändring i lagen (1991:980) om handel med finansiella instrument,<br>3. lag om ändring i lagen (2007:528) om värdepappersmarknaden,<br>4. lag om ändring i offentlighets- och sekretesslagen (2009:400).<BR/>Därmed bifaller riksdagen proposition 2017/18:263 punkterna 1-4.<BR/><BR/>","beslutstyp":"acklamation","motforslag_nummer":"0","motforslag_partier":null,"votering_id":null,"votering_sammanfattning_html":null,"votering_url_xml":null,"rm":"2018/19","bet":"FiU7","vinnare":"utskottet"}},"dokaktivitet":{"aktivitet":[{"kod":"UBE","namn":"Beredning","datum":"2018-10-09 00:00:00","status":"inträffat","ordning":"0","process":null},{"kod":"JUS","namn":"Justering","datum":"2018-10-18 00:00:00","status":"inträffat","ordning":"0","process":null},{"kod":"TRY","namn":"Trycklov","datum":"2018-10-19 00:00:00","status":"inträffat","ordning":"0","process":null},{"kod":"B","namn":"Bordläggning","datum":"2018-10-23 00:00:00","status":"inträffat","ordning":"0","process":null},{"kod":"BEH","namn":"Behandling","datum":"2018-10-24 00:00:00","status":"inträffat","ordning":"0","process":null},{"kod":"BES","namn":"Beslut","datum":"2018-10-24 00:00:00","status":"inträffat","ordning":"0","process":null}]},"dokuppgift":{"uppgift":[{"kod":"notis","namn":"Beslut i korthet","text":"                           <p>En lag införs som innebär att vissa offentliga funktionärer måste anmäla om de har så kallade finansiella instrument. Samtidigt slutar en äldre lag om anmälningsskyldighet för finansiella instrument att gälla. Bestämmelserna i den sistnämnda lagen om skyldighet för anställda och uppdragstagare vid börser att anmäla innehav förs över till lagen om värdepappersmarknaden. Följdändringar görs också i lagen om handel med finansiella instrument samt offentlighets- och sekretesslagen.</p>\r\n<p>Regeringen ska, som i dag, avgöra vilka statliga myndigheter som ska omfattas av bestämmelserna och vilka av de anställda och uppdragstagare som ska omfattas, vid sidan om ledningen. Det görs tydligt att ledningen för myndigheter måste anmäla att de innehar finansiella instrument. Ministrar i regeringen måste anmäla innehav av alla typer av finansiella instrument. Kommuner och landsting får även i fortsättningen besluta om anmälningsskyldighet för sina anställda och uppdragstagare.</p>\r\n<p>De ändrade reglerna börjar gälla den 1 januari 2019. Riksdagen sa ja till regeringens förslag.</p>\r\n                                            ","dok_id":"H601FiU7","systemdatum":"2018-10-24 16:13:15"},{"kod":"notisrubrik","namn":"Beslut","text":"Vissa offentliga tjänstemän måste anmäla finansiella instrument (FiU7)","dok_id":"H601FiU7","systemdatum":"2018-10-24 16:13:15"},{"kod":"utsknotis","namn":"Utskottets förslag till beslut","text":"                           <p>En lag införs som innebär att vissa offentliga funktionärer måste anmäla om de har så kallade finansiella instrument. Samtidigt slutar en äldre lag om anmälningsskyldighet för finansiella instrument att gälla. Bestämmelserna i den sistnämnda lagen om skyldighet för anställda och uppdragstagare vid börser att anmäla innehav förs över till lagen om värdepappersmarknaden. Följdändringar görs också i lagen om handel med finansiella instrument samt offentlighets- och sekretesslagen.</p>\r\n<p>Regeringen ska, som i dag, avgöra vilka statliga myndigheter som ska omfattas av bestämmelserna och vilka av de anställda och uppdragstagare som ska omfattas, vid sidan om ledningen. Det görs tydligt att ledningen för myndigheter måste anmäla att de innehar finansiella instrument. Ministrar i regeringen måste anmäla innehav av alla typer av finansiella instrument. Kommuner och landsting får även i fortsättningen besluta om anmälningsskyldighet för sina anställda och uppdragstagare.</p>\r\n<p>De ändrade reglerna börjar gälla den 1 januari 2019. Finansutskottet föreslår att riksdagen säger ja till regeringens förslag.</p>\r\n                                            ","dok_id":"H601FiU7","systemdatum":"2018-10-24 16:13:15"},{"kod":"utsknotisrubrik","namn":"Utskottets förslag","text":"Vissa offentliga tjänstemän måste anmäla finansiella instrument (FiU7)","dok_id":"H601FiU7","systemdatum":"2018-10-24 16:13:15"},{"kod":"rdbeslut","namn":"Riksdagens beslut","text":"Kammaren biföll utskottets förslag.","dok_id":"H601FiU7","systemdatum":"2018-10-24 16:42:22"},{"kod":"statustext","namn":"statustext","text":"Ärendet är klart för debatt","dok_id":"H601FiU7","systemdatum":"2018-10-19 13:23:41"},{"kod":"debattdatumtid","namn":"Datum och tid för debatten","text":"2018-10-24 00:00:00","dok_id":"H601FiU7","systemdatum":"2018-10-24 16:13:15"},{"kod":"beslutdatumtid","namn":"Datum och tid för beslutet","text":"2018-10-24 00:00:00","dok_id":"H601FiU7","systemdatum":"2018-10-24 16:13:15"}]},"dokbilaga":{"bilaga":{"dok_id":"H601FiU7","titel":"Skyldighet för vissa offentliga funktionärer att anmäla innehav av finansiella instrument","subtitel":null,"filnamn":"2018_19_FiU7_20181019113000_Publicering.pdf","filstorlek":"1072540","filtyp":"pdf","fil_url":"http://data.riksdagen.se/fil/151ED2E8-066D-4B3E-B0A0-FD698376B02D"}},"dokreferens":{"referens":[{"referenstyp":"behandlar","uppgift":"Proposition 2017/18:263 Skyldighet för vissa offentliga funktionärer att anmäla innehav av finansiella instrument","ref_dok_id":"H503263","ref_dok_typ":"prop","ref_dok_rm":"2017/18","ref_dok_bet":"263","ref_dok_titel":"Skyldighet för vissa offentliga funktionärer att anmäla innehav av finansiella instrument","ref_dok_subtitel":null,"ref_dok_subtyp":"prop","ref_dok_dokumentnamn":"Proposition"},{"referenstyp":"föredragningslista","uppgift":"föredragningslista 2018/19:11 Onsdag den 24 oktober 2018","ref_dok_id":"H60I11","ref_dok_typ":"f-lista","ref_dok_rm":"2018/19","ref_dok_bet":"11","ref_dok_titel":"Onsdag den 24 oktober 2018","ref_dok_subtitel":null,"ref_dok_subtyp":null,"ref_dok_dokumentnamn":"Föredragningslista"},{"referenstyp":"protokollbeslut","uppgift":"2018-10-24","ref_dok_id":"H60911","ref_dok_typ":"prot","ref_dok_rm":"2018/19","ref_dok_bet":"11","ref_dok_titel":"Protokoll 2018/19:11 Onsdagen den 24 oktober","ref_dok_subtitel":null,"ref_dok_subtyp":null,"ref_dok_dokumentnamn":"Protokoll"},{"referenstyp":"rskr","uppgift":null,"ref_dok_id":"H60K1","ref_dok_typ":"rskr","ref_dok_rm":"2018/19","ref_dok_bet":"1","ref_dok_titel":"Riksdagsskrivelse 2018/19:1","ref_dok_subtitel":null,"ref_dok_subtyp":"rskr","ref_dok_dokumentnamn":"Riksdagsskrivelse"},{"referenstyp":"talarlista","uppgift":"talarlista 2018/19:20181024 Onsdag den 24 oktober 2018 (preliminär)","ref_dok_id":"H60J20181024","ref_dok_typ":"t-lista","ref_dok_rm":"2018/19","ref_dok_bet":"20181024","ref_dok_titel":"Onsdag den 24 oktober 2018 (preliminär)","ref_dok_subtitel":null,"ref_dok_subtyp":null,"ref_dok_dokumentnamn":"Talarlista"}]},"debatt":null}}