{"dokumentstatus":{"dokument":{"hangar_id":"5023261","dok_id":"H601JuU33","rm":"2018/19","beteckning":"JuU33","typ":"bet","subtyp":"bet","doktyp":"bet","typrubrik":"Betänkande 2018/19:JuU33","dokumentnamn":"Betänkande","debattnamn":"Debatt om förslag","tempbeteckning":"","organ":"JuU","mottagare":"","nummer":"33","slutnummer":"0","datum":"2019-02-28 00:00:00","systemdatum":"2019-02-28 13:52:58","publicerad":"2019-02-28 13:52:57","titel":"Datalagring – brottsbekämpning och integritet","subtitel":"","status":"planerat","htmlformat":"","relaterat_id":"","source":"Brus","sourceid":"f41f30c1-fc9b-4ca3-a02b-10ca484db147","dokument_url_text":"http://data.riksdagen.se/dokument/H601JuU33/text","dokument_url_html":"http://data.riksdagen.se/dokument/H601JuU33","dokumentstatus_url_xml":"http://data.riksdagen.se/dokumentstatus/H601JuU33","utskottsforslag_url_xml":"http://data.riksdagen.se/utskottsforslag/H601JuU33","html":"<h2>Datalagring – brottsbekämpning och integritet</h2>\r\nDokumentet är inte publicerat"},"dokaktivitet":{"aktivitet":[{"kod":"UBE","namn":"Beredning","datum":"2019-05-02 00:00:00","status":"planerat","ordning":"0","process":null},{"kod":"UBE","namn":"Beredning","datum":"2019-05-16 00:00:00","status":"planerat","ordning":"0","process":null},{"kod":"JUS","namn":"Justering","datum":"2019-06-11 00:00:00","status":"planerat","ordning":"0","process":null},{"kod":"TRY","namn":"Trycklov","datum":"2019-06-12 00:00:00","status":"planerat","ordning":"0","process":null},{"kod":"B","namn":"Bordläggning","datum":"2019-06-17 00:00:00","status":"planerat","ordning":"0","process":null},{"kod":"BEH","namn":"Behandling","datum":"2019-06-18 00:00:00","status":"planerat","ordning":"0","process":null},{"kod":"BES","namn":"Beslut","datum":"2019-06-18 00:00:00","status":"planerat","ordning":"0","process":null}]},"debatt":null}}