{"dokumentstatus":{"dokument":{"hangar_id":"5023269","dok_id":"H601JuU35","rm":"2018/19","beteckning":"JuU35","typ":"bet","subtyp":"bet","doktyp":"bet","typrubrik":"Betänkande 2018/19:JuU35","dokumentnamn":"Betänkande","debattnamn":"Debatt om förslag","tempbeteckning":"","organ":"JuU","mottagare":"","nummer":"35","slutnummer":"0","datum":"2019-02-28 00:00:00","systemdatum":"2019-02-28 14:01:54","publicerad":"2019-02-28 14:01:53","titel":"Genomförande av 2017 års ändringsdirektiv till EU:s vapendirektiv","subtitel":"","status":"planerat","htmlformat":"","relaterat_id":"","source":"Brus","sourceid":"766c2789-dc48-4fb1-9b0c-57db6c4db31a","dokument_url_text":"http://data.riksdagen.se/dokument/H601JuU35/text","dokument_url_html":"http://data.riksdagen.se/dokument/H601JuU35","dokumentstatus_url_xml":"http://data.riksdagen.se/dokumentstatus/H601JuU35","utskottsforslag_url_xml":"http://data.riksdagen.se/utskottsforslag/H601JuU35","html":"<h2>Genomförande av 2017 års ändringsdirektiv till EU:s vapendirektiv</h2>\r\nDokumentet är inte publicerat"},"dokaktivitet":{"aktivitet":[{"kod":"UBE","namn":"Beredning","datum":"2019-05-16 00:00:00","status":"planerat","ordning":"0","process":null},{"kod":"JUS","namn":"Justering","datum":"2019-06-11 00:00:00","status":"planerat","ordning":"0","process":null},{"kod":"TRY","namn":"Trycklov","datum":"2019-06-12 00:00:00","status":"planerat","ordning":"0","process":null},{"kod":"B","namn":"Bordläggning","datum":"2019-06-17 00:00:00","status":"planerat","ordning":"0","process":null},{"kod":"BEH","namn":"Behandling","datum":"2019-06-18 00:00:00","status":"planerat","ordning":"0","process":null},{"kod":"BES","namn":"Beslut","datum":"2019-06-18 00:00:00","status":"planerat","ordning":"0","process":null}]},"debatt":null}}