{"dokumentstatus":{"dokument":{"hangar_id":"5009963","dok_id":"H601FöU3","rm":"2018/19","beteckning":"FöU3","typ":"bet","subtyp":"bet","doktyp":"bet","typrubrik":"Betänkande 2018/19:FöU3","dokumentnamn":"Betänkande","debattnamn":"Debatt om förslag","tempbeteckning":"","organ":"FöU","mottagare":"","nummer":"3","slutnummer":"0","datum":"2018-12-13 00:00:00","systemdatum":"2018-12-19 02:13:02","publicerad":"2018-11-22 13:31:28","titel":"Inrättande av försvarsgrensstaber","subtitel":"","status":"Webbpublicering","htmlformat":"html","relaterat_id":"","source":"RIM","sourceid":"2b9200ea-6c0e-4295-b958-d6fa2fdedc6b","dokument_url_text":"http://data.riksdagen.se/dokument/H601FöU3/text","dokument_url_html":"http://data.riksdagen.se/dokument/H601FöU3","dokumentstatus_url_xml":"http://data.riksdagen.se/dokumentstatus/H601FöU3","utskottsforslag_url_xml":"http://data.riksdagen.se/utskottsforslag/H601FöU3","html":"<style><!--\r\n .w600px{width: 600px;font-family:Verdana, Geneva, sans-serif}\r\nh2.dtyp{font-size:1.5em !important;} \r\n/********************************************************************************************************/\r\n/* Styles for D:\\Logs\\DocumentConverter\\\\Output_e5dcea5b-216a-458c-8355-d4ae74a51fb9\\HTML\\Dokument.html */\r\n/* Generated by Aspose.Words for .NET 15.3.0.0                                                          */\r\n/********************************************************************************************************/\r\n\r\n@page Section1 { size:467.8pt 686.05pt; margin:45.35pt 102.05pt 73.7pt 70.85pt }\r\ndiv.Section1 { page:Section1 }\r\nzbody { text-align:justify; line-height:12.5pt; font-family:'Verdana'; font-size:9.5pt }\r\nzh1, h2, h3, h4, h5, h6, p { margin:3.1pt 0pt 0pt }\r\nzli, table { margin-top:3.1pt; margin-bottom:0pt }\r\nzh1 { margin-top:3.1pt; margin-bottom:12pt; text-align:left; page-break-after:avoid; line-height:12.5pt; font-family:'Verdana'; font-size:16pt; font-weight:normal }\r\nzh2 { margin-top:20pt; margin-bottom:6pt; text-align:left; page-break-inside:avoid; page-break-after:avoid; line-height:12.5pt; font-family:'Verdana'; font-size:13.5pt; font-weight:normal }\r\nzh3 { margin-top:20pt; margin-bottom:3.1pt; text-align:left; page-break-inside:avoid; page-break-after:avoid; line-height:12.5pt; font-family:'Verdana'; font-size:10.5pt; font-weight:bold }\r\nzh4 { margin-top:15pt; margin-bottom:3.1pt; text-align:left; page-break-inside:avoid; page-break-after:avoid; line-height:12.5pt; font-family:'Verdana'; font-size:10.5pt; font-weight:normal; font-style:italic; color:#000000 }\r\nzh5 { margin-top:6.25pt; margin-bottom:0pt; text-align:justify; page-break-inside:avoid; page-break-after:avoid; line-height:12.5pt; font-family:'Verdana'; font-size:9.5pt; font-weight:bold }\r\nzh6 { margin-top:6.25pt; margin-bottom:0pt; text-align:justify; page-break-inside:avoid; page-break-after:avoid; line-height:12.5pt; font-family:'Verdana'; font-size:9.5pt; font-weight:normal; font-style:italic; color:#000000 }\r\n.Heading7 { margin-top:2pt; margin-bottom:0pt; text-align:justify; page-break-inside:avoid; page-break-after:avoid; line-height:12.5pt; font-family:'Verdana'; font-size:9.5pt; font-weight:normal; font-style:italic; color:#243f60 }\r\n.Heading8 { margin-top:2pt; margin-bottom:0pt; text-align:justify; page-break-inside:avoid; page-break-after:avoid; line-height:12.5pt; font-family:'Verdana'; font-size:9pt; font-weight:normal; color:#272727 }\r\n.Heading9 { margin-top:2pt; margin-bottom:0pt; text-align:justify; page-break-inside:avoid; page-break-after:avoid; line-height:12.5pt; font-family:'Verdana'; font-size:9pt; font-weight:normal; font-style:italic; color:#272727 }\r\n.Avsnittsrubrik { margin-top:0pt; margin-bottom:27.7pt; text-align:left; page-break-before:always; page-break-after:avoid; line-height:normal; font-family:'Verdana'; font-size:16pt }\r\n.Avvikandemeningrubrik { margin-top:0pt; margin-bottom:3.1pt; text-align:left; page-break-inside:avoid; page-break-after:avoid; line-height:12.5pt; font-family:'Verdana'; font-size:10.5pt; font-weight:bold }\r\n.BalloonText { margin-top:3.1pt; margin-bottom:0pt; text-align:justify; line-height:normal; font-family:Tahoma; font-size:8pt }\r\n.Bilaga { margin-top:0pt; margin-bottom:0pt; text-align:left; page-break-before:always; page-break-after:avoid; line-height:normal; widows:0; orphans:0; font-family:'Verdana'; font-size:8pt; font-variant:small-caps; text-decoration:underline }\r\n.Bilagerubrik { margin-top:0pt; margin-bottom:17.7pt; text-align:left; page-break-after:auto; line-height:normal; widows:0; orphans:0; font-family:'Verdana'; font-size:16pt }\r\n.Bild-Rubrik { margin-top:8pt; margin-bottom:0pt; text-align:justify; page-break-inside:avoid; page-break-after:avoid; line-height:10pt; font-family:'Verdana'; font-size:9.5pt; font-weight:bold }\r\n.Bild-Underrubrik { margin-top:0pt; margin-bottom:1pt; text-align:left; page-break-inside:avoid; page-break-after:avoid; line-height:8pt; font-family:'Verdana'; font-size:8pt; font-weight:normal; font-style:italic }\r\n.BodyText { margin-top:3.1pt; margin-bottom:0pt; text-align:left; line-height:12.5pt; font-family:'Verdana'; font-size:9.5pt }\r\n.BodyTextIndent2 { margin-top:3.1pt; margin-left:14.15pt; margin-bottom:6pt; text-align:justify; line-height:200%; font-family:'Verdana'; font-size:9.5pt }\r\n.Citatindrag { margin-top:0pt; margin-left:14.2pt; margin-bottom:6.1pt; text-indent:14.2pt; text-align:justify; line-height:10pt; font-family:'Verdana'; font-size:9.5pt }\r\n.CommentText { margin-top:3.1pt; margin-bottom:0pt; text-align:justify; line-height:normal; font-family:'Verdana'; font-size:10pt }\r\n.Deltagare { margin-top:0pt; margin-bottom:0pt; text-align:justify; page-break-inside:avoid; page-break-after:avoid; line-height:9.5pt; font-family:'Verdana'; font-size:9.5pt }\r\n.Diagram-Rubrik { margin-top:8pt; margin-bottom:0pt; text-align:justify; page-break-inside:avoid; page-break-after:avoid; line-height:10pt; font-family:'Verdana'; font-size:9.5pt; font-weight:bold }\r\n.Diagram-Underrubrik { margin-top:0pt; margin-bottom:1pt; text-align:left; page-break-inside:avoid; page-break-after:avoid; line-height:8pt; font-family:'Verdana'; font-size:8pt; font-weight:normal; font-style:italic }\r\n.DokumentRubrik { margin-top:6pt; margin-bottom:24pt; text-align:left; line-height:normal; border-bottom-style:solid; border-bottom-width:0.75pt; border-bottom-color:#000000; padding-bottom:4pt; font-family:'Verdana'; font-size:18pt }\r\n.Dokumentbeteckning { margin-top:0pt; margin-bottom:0pt; text-align:left; page-break-inside:avoid; page-break-after:avoid; line-height:12.5pt; font-family:'Verdana'; font-size:16pt }\r\n.Footer { margin-top:3.1pt; margin-bottom:0pt; text-align:justify; line-height:normal; font-family:'Verdana'; font-size:9.5pt }\r\n.FootnoteText { margin-top:0pt; margin-bottom:0pt; text-align:justify; line-height:8pt; font-family:'Verdana'; font-size:8pt }\r\n.Fotnotstextindrag { margin-top:0pt; margin-left:5.65pt; margin-bottom:0pt; text-align:left; line-height:8pt; font-family:'Verdana'; font-size:8pt }\r\n.Frslagspunkt { margin-top:0pt; margin-bottom:0pt; text-align:left; page-break-inside:avoid; page-break-after:avoid; line-height:12.5pt; font-family:'Verdana'; font-size:9.5pt; font-weight:bold }\r\n.Frslagstext { margin-top:0pt; margin-bottom:0pt; text-align:justify; line-height:12.5pt; font-family:'Verdana'; font-size:9.5pt }\r\n.Frteckningsrubrik { margin-top:9.6pt; margin-bottom:3.1pt; text-align:left; page-break-inside:avoid; page-break-after:avoid; line-height:normal; font-family:'Verdana'; font-size:9.5pt; font-weight:normal; font-style:italic; color:#000000 }\r\n.Grupprubrik { margin-top:6pt; margin-bottom:0pt; text-align:left; page-break-inside:avoid; page-break-after:avoid; line-height:12.5pt; font-family:'Verdana'; font-size:9.5pt; font-style:italic }\r\n.Grupprubrikindrag { margin-top:6pt; margin-left:22.1pt; margin-bottom:0pt; text-align:left; page-break-inside:avoid; page-break-after:avoid; line-height:12.5pt; font-family:'Verdana'; font-size:9.5pt; font-style:italic }\r\n.Header { margin-top:0pt; margin-bottom:0pt; text-align:justify; line-height:normal; font-family:'Verdana'; font-size:7.5pt; font-variant:small-caps }\r\n.Innehllsfrteckning { margin-top:0pt; margin-bottom:17.7pt; text-align:left; page-break-before:always; page-break-after:auto; line-height:normal; font-family:'Verdana'; font-size:16pt }\r\n.Kantrubrik { margin-top:0pt; margin-bottom:0pt; text-align:justify; line-height:normal; font-family:'Verdana'; font-size:7.5pt }\r\n.ListBullet { margin-top:6.25pt; margin-left:17.85pt; margin-bottom:6.25pt; text-indent:-17.85pt; text-align:justify; line-height:12.5pt; font-family:'Verdana'; font-size:9.5pt }\r\n.ListParagraph { margin-top:3.1pt; margin-left:28.35pt; margin-bottom:0pt; text-align:justify; line-height:12.5pt; font-family:'Verdana'; font-size:9.5pt }\r\n.Litentext { margin-top:0pt; margin-bottom:0pt; text-align:justify; line-height:normal; font-family:'Verdana'; font-size:8pt }\r\n.Mellanrubrik { margin-top:11pt; margin-bottom:3.1pt; text-align:left; page-break-after:avoid; line-height:12.5pt; font-family:'Verdana'; font-size:9.5pt; font-style:italic }\r\n.Mellanrum { margin-top:0pt; margin-bottom:0pt; text-align:left; page-break-before:auto; page-break-after:auto; line-height:1pt; widows:0; orphans:0; font-family:'Verdana'; font-size:1pt; font-variant:small-caps; text-decoration:none; color:#ffffff }\r\n.NormalIndent { margin-top:0pt; margin-bottom:0pt; text-indent:11.35pt; text-align:justify; line-height:12.5pt; font-family:'Verdana'; font-size:9.5pt }\r\n.Normalinskjuten { margin-top:0pt; margin-left:22.1pt; margin-bottom:0pt; text-align:justify; line-height:12.5pt; font-family:'Verdana'; font-size:9.5pt }\r\n.Normalinskjutenindrag { margin-top:0pt; margin-left:22.1pt; margin-bottom:0pt; text-indent:11.35pt; text-align:justify; line-height:12.5pt; font-family:'Verdana'; font-size:9.5pt }\r\n.Normalinskjutenkursiv { margin-top:6pt; margin-bottom:0pt; line-height:normal; font-family:'Verdana'; font-size:10pt; font-style:italic }\r\n.Normalkursiv { margin-top:3.1pt; margin-bottom:0pt; text-align:left; line-height:12.5pt; font-family:'Verdana'; font-size:9.5pt; font-style:italic }\r\n.Normalruta { margin:3.1pt 5.65pt 0pt; text-align:justify; page-break-inside:avoid; page-break-after:avoid; line-height:12.5pt; border-top-style:solid; border-top-width:0.75pt; border-top-color:#000000; border-right-style:solid; border-right-width:0.75pt; border-right-color:#000000; border-left-style:solid; border-left-width:0.75pt; border-left-color:#000000; border-bottom-style:solid; border-bottom-width:0.75pt; border-bottom-color:#000000; padding-top:4pt; padding-right:4pt; padding-left:4pt; padding-bottom:4pt; font-family:'Verdana'; font-size:10.5pt }\r\n.Normalrutafet { margin:3.1pt 5.65pt 0pt; text-align:justify; page-break-inside:avoid; page-break-after:avoid; line-height:12.5pt; border-top-style:solid; border-top-width:0.75pt; border-top-color:#000000; border-right-style:solid; border-right-width:0.75pt; border-right-color:#000000; border-left-style:solid; border-left-width:0.75pt; border-left-color:#000000; border-bottom-style:solid; border-bottom-width:0.75pt; border-bottom-color:#000000; padding-top:4pt; padding-right:4pt; padding-left:4pt; padding-bottom:4pt; font-family:'Verdana'; font-size:10.5pt; font-weight:bold }\r\n.Normalrutaindrag { margin:0pt 5.65pt; text-indent:11.35pt; text-align:justify; page-break-inside:avoid; page-break-after:avoid; line-height:12.5pt; border-top-style:solid; border-top-width:0.75pt; border-top-color:#000000; border-right-style:solid; border-right-width:0.75pt; border-right-color:#000000; border-left-style:solid; border-left-width:0.75pt; border-left-color:#000000; border-bottom-style:solid; border-bottom-width:0.75pt; border-bottom-color:#000000; padding-top:4pt; padding-right:4pt; padding-left:4pt; padding-bottom:4pt; font-family:'Verdana'; font-size:10.5pt }\r\n.Normalutanluftfre { margin-top:0pt; margin-bottom:0pt; text-align:justify; line-height:12.5pt; font-family:'Verdana'; font-size:9.5pt }\r\n.NormalNoll { margin-top:0pt; margin-bottom:3.1pt; text-align:left; line-height:12.5pt; font-family:'Verdana'; font-size:10.5pt; font-weight:bold }\r\n.NumlistaTOC { margin:3.1pt 28.35pt 0pt 0pt; text-indent:0pt; text-align:left; line-height:normal; font-family:'Verdana'; font-size:9.5pt }\r\n.Ordfranden { margin-top:3.1pt; margin-bottom:22pt; text-align:left; page-break-inside:avoid; page-break-after:avoid; line-height:normal; font-family:'Verdana'; font-size:9.5pt; font-style:italic }\r\n.OrtochDatum { margin-top:18pt; margin-bottom:18pt; text-align:left; page-break-inside:avoid; page-break-after:avoid; line-height:normal; font-family:'Verdana'; font-size:9.5pt }\r\n.Punktlistabomb { margin-top:6.25pt; margin-left:14.2pt; margin-bottom:6.25pt; text-indent:-14.2pt; text-align:justify; line-height:12.5pt; font-family:'Verdana'; font-size:9.5pt }\r\n.Punktlistagemener { margin-top:6.25pt; margin-left:14.2pt; margin-bottom:6.25pt; text-indent:-14.2pt; text-align:justify; line-height:12.5pt; font-family:'Verdana'; font-size:9.5pt }\r\n.Punktlistalinje { margin-top:6.25pt; margin-left:14.2pt; margin-bottom:6.25pt; text-indent:-14.2pt; text-align:justify; line-height:12.5pt; font-family:'Verdana'; font-size:9.5pt }\r\n.Punktlistasiffra { margin-top:6.25pt; margin-left:14.2pt; margin-bottom:6.25pt; text-indent:-14.2pt; text-align:justify; line-height:12.5pt; font-family:'Verdana'; font-size:9.5pt }\r\n.PVgnar { margin-top:3.1pt; margin-bottom:26pt; text-align:left; page-break-inside:avoid; page-break-after:avoid; line-height:normal; font-family:'Verdana'; font-size:9.5pt }\r\n.Quote { margin-top:6.1pt; margin-left:14.2pt; margin-bottom:0pt; text-align:justify; line-height:10pt; font-family:'Verdana'; font-size:9.5pt }\r\n.R1 { margin-top:3.1pt; margin-bottom:12pt; text-align:left; page-break-after:avoid; line-height:12.5pt; font-family:'Verdana'; font-size:16pt }\r\n.R1bilaga { margin-top:3.1pt; margin-bottom:12pt; text-align:left; page-break-after:auto; line-height:12.5pt; font-family:'Verdana'; font-size:16pt }\r\n.R2 { margin-top:20pt; margin-bottom:6pt; text-align:left; page-break-inside:avoid; page-break-after:avoid; line-height:12.5pt; font-family:'Verdana'; font-size:13.5pt }\r\n.R3 { margin-top:20pt; margin-bottom:3.1pt; text-align:left; page-break-inside:avoid; page-break-after:avoid; line-height:12.5pt; font-family:'Verdana'; font-size:10.5pt; font-weight:bold }\r\n.R4 { margin-top:15pt; margin-bottom:3.1pt; text-align:left; page-break-inside:avoid; page-break-after:avoid; line-height:12.5pt; font-family:'Verdana'; font-size:10.5pt; font-weight:normal; font-style:italic; color:#000000 }\r\n.R5 { margin-top:6.25pt; margin-bottom:0pt; text-align:justify; page-break-inside:avoid; page-break-after:avoid; line-height:12.5pt; font-family:'Verdana'; font-size:9.5pt; font-weight:bold }\r\n.R6 { margin-top:6.25pt; margin-bottom:0pt; text-align:justify; page-break-inside:avoid; page-break-after:avoid; line-height:12.5pt; font-family:'Verdana'; font-size:9.5pt; font-weight:normal; font-style:italic; color:#000000 }\r\n.Reservationshnvisning { margin-top:0pt; margin-bottom:8pt; text-align:right; line-height:12.5pt; font-family:'Verdana'; font-size:9.5pt; font-style:italic }\r\n.Reservationsrubrik { margin-top:0pt; margin-bottom:3.1pt; text-align:left; page-break-inside:avoid; page-break-after:avoid; line-height:12.5pt; font-family:'Verdana'; font-size:10.5pt; font-weight:bold }\r\n.Rubrik1Dokumentinformation { margin-top:0pt; margin-bottom:0pt; text-align:left; page-break-inside:avoid; page-break-after:avoid; line-height:12.5pt; font-family:'Verdana'; font-size:16pt }\r\n.Rubrik1bilaga { margin-top:0pt; margin-bottom:27.7pt; text-align:left; page-break-after:auto; line-height:12.5pt; font-family:'Verdana'; font-size:16pt }\r\n.Rubrik1medsidhuvud { margin-top:3.1pt; margin-bottom:12pt; text-align:left; page-break-before:always; page-break-after:avoid; line-height:12.5pt; font-family:'Verdana'; font-size:16pt }\r\n.Rubrik1numrerat { margin-top:3.1pt; margin-left:0pt; margin-bottom:12pt; text-indent:0pt; text-align:left; page-break-after:avoid; line-height:12.5pt; font-family:'Verdana'; font-size:16pt }\r\n.Rubrik1numreratmedsidhuvud { margin-top:0pt; margin-left:0pt; margin-bottom:16pt; text-indent:0pt; text-align:left; page-break-before:always; page-break-after:avoid; line-height:normal; font-family:'Verdana'; font-size:16pt }\r\n.Rubrik2bilaga { margin-top:20pt; margin-bottom:6pt; text-align:left; page-break-inside:avoid; page-break-after:avoid; line-height:12.5pt; font-family:'Verdana'; font-size:13.5pt }\r\n.Rubrik2numrerat { margin-top:20pt; margin-left:0pt; margin-bottom:6pt; text-indent:0pt; text-align:left; page-break-inside:avoid; page-break-after:avoid; line-height:12.5pt; font-family:'Verdana'; font-size:13.5pt }\r\n.Rubrik3numrerat { margin-top:20pt; margin-left:0pt; margin-bottom:3.1pt; text-indent:0pt; text-align:left; page-break-inside:avoid; page-break-after:avoid; line-height:12.5pt; font-family:'Verdana'; font-size:10.5pt; font-weight:bold }\r\n.Sammanfattning { margin-top:3.1pt; margin-bottom:12pt; text-align:left; page-break-after:auto; line-height:12.5pt; font-family:'Verdana'; font-size:16pt }\r\n.Sidhuvudhgerstlld { margin-top:0pt; margin-bottom:0pt; text-align:right; line-height:normal; font-family:'Verdana'; font-size:7.5pt; font-variant:small-caps }\r\n.Sidhuvudvnsterstlld { margin-top:0pt; margin-bottom:0pt; text-align:left; line-height:normal; font-family:'Verdana'; font-size:7.5pt; font-variant:small-caps }\r\n.Stdrubrik { margin-top:12pt; margin-bottom:0pt; line-height:12pt; font-family:'Verdana'; font-size:9.5pt; font-weight:bold }\r\n.Srskiltyttranderubrik { margin-top:0pt; margin-bottom:3.1pt; text-align:left; page-break-inside:avoid; page-break-after:avoid; line-height:12.5pt; font-family:'Verdana'; font-size:10.5pt; font-weight:bold }\r\n.TOC1 { margin-top:0pt; margin-right:28.35pt; margin-bottom:0pt; text-align:left; line-height:normal; font-family:'Verdana'; font-size:9.5pt }\r\n.TOC2 { margin:0pt 28.35pt 0pt 5.65pt; text-align:left; line-height:normal; font-family:'Verdana'; font-size:9.5pt }\r\n.TOC3 { margin:0pt 28.35pt 0pt 11.35pt; text-align:left; line-height:normal; font-family:'Verdana'; font-size:9.5pt }\r\n.TOC4 { margin:0pt 28.35pt 0pt 17pt; text-align:left; line-height:normal; font-family:'Verdana'; font-size:9.5pt }\r\n.TOC5 { margin:0pt 28.35pt 0pt 22.7pt; text-align:left; line-height:normal; font-family:'Verdana'; font-size:9.5pt }\r\n.TOC6 { margin-top:0pt; margin-left:47.65pt; margin-bottom:0pt; text-align:left; line-height:normal; font-family:'Verdana'; font-size:9.5pt }\r\n.TOC7 { margin-top:0pt; margin-right:28.35pt; margin-bottom:0pt; text-align:left; line-height:normal; font-family:'Verdana'; font-size:9.5pt }\r\n.TOC8 { margin-top:0pt; margin-right:28.35pt; margin-bottom:0pt; text-align:left; line-height:normal; font-family:'Verdana'; font-size:9.5pt }\r\n.TOC9 { margin-top:0pt; margin-left:8.5pt; margin-bottom:0pt; text-align:left; line-height:normal; font-family:'Verdana'; font-size:9.5pt }\r\n.TOCHeading { margin-top:3.1pt; margin-bottom:9pt; text-align:left; page-break-before:always; page-break-inside:avoid; page-break-after:avoid; line-height:12.5pt; font-family:'Verdana'; font-size:16pt }\r\n.Tabell-Kolumnrubrik { margin-bottom:0pt; line-height:12pt; font-family:'Verdana'; font-size:8pt; font-weight:bold }\r\n.Tabell-Klla { margin-top:2pt; margin-bottom:0pt; line-height:8pt; font-family:'Verdana'; font-size:7pt }\r\n.Tabell-Radrubrik { margin-bottom:0pt; line-height:12pt; font-family:'Verdana'; font-size:8pt }\r\n.Tabell-Rubrik { margin-top:12pt; margin-bottom:3pt; text-align:left; page-break-inside:avoid; page-break-after:avoid; line-height:10pt; font-family:'Verdana'; font-size:9pt; font-weight:bold }\r\n.Tabell-Siffror { margin-bottom:0pt; text-align:right; line-height:12pt; font-family:'Verdana'; font-size:8pt }\r\n.Tabell-Text { margin-bottom:0pt; line-height:12pt; font-family:'Verdana'; font-size:8pt }\r\n.Tabell-Underrubrik { margin-top:0pt; margin-bottom:1pt; text-align:left; page-break-inside:avoid; page-break-after:avoid; line-height:8pt; font-family:'Verdana'; font-size:8pt; font-weight:normal; font-style:italic }\r\n.TableofFigures { margin-top:3.1pt; margin-bottom:0pt; text-align:justify; line-height:normal; font-family:'Verdana'; font-size:9.5pt }\r\n.TillX-utskottet { margin-top:0pt; margin-bottom:12pt; text-align:left; page-break-after:avoid; line-height:12.5pt; font-family:'Verdana'; font-size:16pt }\r\n.Title { margin-top:3.1pt; margin-bottom:1pt; text-align:left; line-height:12pt; font-family:'Verdana'; font-size:20pt; letter-spacing:-0.5pt }\r\n.Vapen { margin-top:0pt; margin-bottom:0pt; text-align:left; page-break-inside:avoid; page-break-after:avoid; line-height:12.5pt; font-family:'Verdana'; font-size:16pt }\r\n.Yrkandelista { margin-top:3.1pt; margin-left:28.35pt; margin-bottom:0pt; text-indent:-28.35pt; text-align:justify; line-height:12.5pt; font-family:'Verdana'; font-size:9.5pt }\r\n.YrkandelistaEtt { margin-top:3.1pt; margin-left:0pt; margin-bottom:0pt; text-indent:0pt; text-align:justify; line-height:12.5pt; font-family:'Verdana'; font-size:9.5pt }\r\nspan.BallongtextChar { font-family:Tahoma; font-size:8pt }\r\nspan.BilagaChar { font-family:'Verdana'; font-size:8pt; font-variant:small-caps; text-decoration:underline }\r\nspan.BrdtextChar { font-family:'Verdana'; font-size:9.5pt }\r\nspan.BrdtextChar1 { font-family:'Verdana'; font-size:9.5pt }\r\nspan.Brdtextmedindrag2Char { font-family:'Verdana'; font-size:9.5pt }\r\nspan.CitatChar { font-family:'Verdana'; font-size:9.5pt }\r\nspan.DokumentRubrikChar { font-family:'Verdana'; font-size:18pt }\r\nspan.FotnotstextChar { font-family:'Verdana'; font-size:8pt }\r\nspan.FotnotstextindragChar { font-family:'Verdana'; font-size:8pt }\r\nspan.FrslagspunktChar { font-family:'Verdana'; font-size:9.5pt; font-weight:bold; font-style:normal }\r\nspan.Hyperlink { text-decoration:none; color:#000000 }\r\nspan.KommentarerChar { font-family:'Verdana'; font-size:10pt }\r\nspan.NormalkursivChar { font-family:'Verdana'; font-size:9.5pt; font-style:italic }\r\nspan.NormaltindragChar { font-family:'Verdana'; font-size:9.5pt }\r\nspan.OrdfrandenChar { font-family:'Verdana'; font-size:9.5pt; font-style:italic }\r\nspan.OrtochDatumChar { font-family:'Verdana'; font-size:9.5pt }\r\nspan.PlaceholderText { color:#808080 }\r\nspan.PVgnarChar { font-family:'Verdana'; font-size:9.5pt }\r\nspan.ReservationshnvisningChar { font-family:'Verdana'; font-size:9.5pt; font-style:italic }\r\nspan.Rubrik1Char { font-family:'Verdana'; font-size:16pt }\r\nspan.Rubrik1DokumentinformationChar { font-family:'Verdana'; font-size:16pt }\r\nspan.Rubrik2Char { font-family:'Verdana'; font-size:13.5pt }\r\nspan.Rubrik3Char { font-family:'Verdana'; font-size:10.5pt; font-weight:bold }\r\nspan.Rubrik4Char { font-family:'Verdana'; font-size:10.5pt; font-style:italic; color:#000000 }\r\nspan.Rubrik5Char { font-family:'Verdana'; font-size:9.5pt; font-weight:bold }\r\nspan.Rubrik6Char { font-family:'Verdana'; font-size:9.5pt; font-style:italic; color:#000000 }\r\nspan.Rubrik7Char { font-family:'Verdana'; font-size:9.5pt; font-style:italic; color:#243f60 }\r\nspan.Rubrik8Char { font-family:'Verdana'; font-size:9pt; color:#272727 }\r\nspan.Rubrik9Char { font-family:'Verdana'; font-size:9pt; font-style:italic; color:#272727 }\r\nspan.RubrikChar { font-family:'Verdana'; font-size:20pt; letter-spacing:-0.5pt }\r\nspan.SidfotChar { font-family:'Verdana'; font-size:9.5pt }\r\nspan.SidhuvudChar { font-family:'Verdana'; font-size:7.5pt; font-variant:small-caps }\r\nspan.Tabell-Upphjttecken { font-family:'Verdana'; font-variant:normal; text-decoration:none; text-transform:none; vertical-align:super; display:inline }\r\nspan.VapenChar { font-family:'Verdana'; font-size:16pt }\r\nspan.tBilagaJA { color:#000000 }\r\nspan.tSidrubrikJA { color:#000000 }\r\n.TableGrid {  }\r\n--></style>\r\n\r\n\t\t<div class=\"Section1\">\r\n\t\t\t<table cellspacing=\"0\" cellpadding=\"0\" style=\"border-collapse:collapse; margin-left:0pt\">\r\n\t\t\t\t<tr style=\"height:79.4pt\">\r\n\t\t\t\t\t<td style=\"vertical-align:top; width:297.7pt\">\r\n\t\t\t\t\t\t<p class=\"Rubrik1Dokumentinformation\" style=\"margin-top:0pt; margin-bottom:0pt; text-align:left; page-break-inside:avoid; page-break-after:avoid; line-height:16pt\">\r\n\t\t\t\t\t\t\t<span style=\"font-family:'Verdana'; font-size:16pt; -aw-sdt-tag:ccUtskott; -aw-sdt-title:'utskottsnamn Dokumentegenskap'\">Försvarsutskottet</span><span style=\"font-family:'Verdana'; font-size:16pt; -aw-sdt-tag:ccS; -aw-sdt-title:s\">s</span><span style=\"font-family:'Verdana'; font-size:16pt; -aw-sdt-tag:ccMellanslag; -aw-sdt-title:Mellanslag\"> </span><a name=\"Utlatande\"></a><span style=\"font-family:'Verdana'; font-size:16pt\">betänkande</span>\r\n\t\t\t\t\t\t</p>\r\n\t\t\t\t\t\t<p class=\"Dokumentbeteckning\" style=\"margin-top:0pt; margin-bottom:0pt; text-align:left; page-break-inside:avoid; page-break-after:avoid; line-height:16pt\">\r\n\t\t\t\t\t\t\t<span style=\"font-family:'Verdana'; font-size:16pt; -aw-sdt-tag:ccRiksmote; -aw-sdt-title:'riksmote Dokumentegenskap'\">2018/19</span><span style=\"font-family:'Verdana'; font-size:16pt; -aw-sdt-tag:ccKolon; -aw-sdt-title:Kolon\">:</span><a name=\"Utskottebeteckning\"></a><span style=\"font-family:'Verdana'; font-size:16pt\">FöU3</span>\r\n\t\t\t\t\t\t</p>\r\n\t\t\t\t\t\t<p class=\"Rubrik1Dokumentinformation\" style=\"margin-top:0pt; margin-bottom:0pt; text-align:left; page-break-inside:avoid; page-break-after:avoid; line-height:16pt\">\r\n\t\t\t\t\t\t\t<span style=\"font-family:'Verdana'; font-size:16pt\"> </span>\r\n\t\t\t\t\t\t</p>\r\n\t\t\t\t\t</td>\r\n\t\t\t\t</tr>\r\n\t\t\t</table>\r\n\t\t\t<p class=\"DokumentRubrik\" style=\"-aw-sdt-tag:ccDokumentrubrik; -aw-sdt-title:'dokumentrubrik Dokumentegenskap'\">\r\n\t\t\t\t<span>Inrättande av försvarsgrensstaber</span>\r\n\t\t\t</p>\r\n\t\t\t<p class=\"R1\">\r\n\t\t\t\t<span>Sammanfattning</span>\r\n\t\t\t</p>\r\n\t\t\t<p>\r\n\t\t\t\t<span>Utskottet ställer sig </span><span>bakom</span><span> </span><span>förslaget i propositionen om att bemyndiga</span><span> rege</span><span>ringen att inrätta organisationsenheter i form av en arméstab, en marinstab och en flygstab i Försvarsmakten samt lokalisera dessa till Enköping, Haninge/Muskö respektive Uppsala.</span>\r\n\t\t\t</p>\r\n\t\t\t<p class=\"NormalIndent\">\r\n\t\t\t\t<span>En följdmotion</span><span> har väckts med anledning av propositionen.</span><span> </span><span>Utskottet </span><span>avstyrker denna.</span>\r\n\t\t\t</p>\r\n\t\t\t<p class=\"NormalIndent\">\r\n\t\t\t\t<span>I betänkandet finns en reservation (M, C, KD, L).</span>\r\n\t\t\t</p>\r\n\t\t\t<p class=\"R4\">\r\n\t\t\t\t<span>Behandlade förslag</span>\r\n\t\t\t</p>\r\n\t\t\t<p>\r\n\t\t\t\t<span>Proposition 2018/19:18 Inrättande av försvarsgrensstaber.</span>\r\n\t\t\t</p>\r\n\t\t\t<p class=\"NormalIndent\" style=\"text-indent:0pt\">\r\n\t\t\t\t<span>Ett</span><span> yrkande</span><span> i</span><span> en följdmotion</span><span>.</span>\r\n\t\t\t</p>\r\n\t\t\t<p>\r\n\t\t\t\t<span> </span>\r\n\t\t\t</p>\r\n\t\t\t<p class=\"Innehllsfrteckning\">\r\n\t\t\t\t<a name=\"Innehållsförteckning\"></a><span class=\"tSidrubrikJA\">Innehållsförteckning</span>\r\n\t\t\t</p>\r\n\t\t\t<p class=\"TOC1\">\r\n\t\t\t\t<a style=\"color:#000000\" href=\"#_Toc532478469\"><span class=\"Hyperlink\">Utskottets förslag till riksdagsbeslut</span></a>\r\n\t\t\t</p>\r\n\t\t\t<p class=\"TOC1\">\r\n\t\t\t\t<a style=\"color:#000000\" href=\"#_Toc532478470\"><span class=\"Hyperlink\">Redogörelse för ärendet</span></a>\r\n\t\t\t</p>\r\n\t\t\t<p class=\"TOC2\" style=\"margin-bottom:0pt\">\r\n\t\t\t\t<a style=\"color:#000000\" href=\"#_Toc532478471\"><span class=\"Hyperlink\">Ärendet och dess beredning</span></a>\r\n\t\t\t</p>\r\n\t\t\t<p class=\"TOC2\" style=\"margin-top:0pt; margin-bottom:0pt\">\r\n\t\t\t\t<a style=\"color:#000000\" href=\"#_Toc532478472\"><span class=\"Hyperlink\">Bakgrund</span></a>\r\n\t\t\t</p>\r\n\t\t\t<p class=\"TOC2\" style=\"margin-top:0pt\">\r\n\t\t\t\t<a style=\"color:#000000\" href=\"#_Toc532478473\"><span class=\"Hyperlink\">Propositionens huvudsakliga innehåll</span></a>\r\n\t\t\t</p>\r\n\t\t\t<p class=\"TOC1\">\r\n\t\t\t\t<a style=\"color:#000000\" href=\"#_Toc532478474\"><span class=\"Hyperlink\">Utskottets överväganden</span></a>\r\n\t\t\t</p>\r\n\t\t\t<p class=\"TOC2\">\r\n\t\t\t\t<a style=\"color:#000000\" href=\"#_Toc532478475\"><span class=\"Hyperlink\">Inrättande av försvarsgrensstaber</span></a>\r\n\t\t\t</p>\r\n\t\t\t<p class=\"TOC1\">\r\n\t\t\t\t<a style=\"color:#000000\" href=\"#_Toc532478476\"><span class=\"Hyperlink\">Reservation</span></a>\r\n\t\t\t</p>\r\n\t\t\t<p class=\"TOC6\" style=\"margin-right:17pt; margin-left:5.65pt\">\r\n\t\t\t\t<a style=\"color:#000000\" href=\"#_Toc532478477\"><span class=\"Hyperlink\">Löpande rådgivning och utvärdering inför och under Försvarsmaktens omorganisation och utlokalisering, punkt 2 (M, C, KD, L)</span></a>\r\n\t\t\t</p>\r\n\t\t\t<p class=\"TOC8\">\r\n\t\t\t\t<span class=\"Hyperlink\" style=\"font-style:italic\">Bilaga</span><br /><a style=\"color:#000000\" href=\"#_Toc532478478\"><span class=\"Hyperlink\">Förteckning över behandlade förslag</span></a>\r\n\t\t\t</p>\r\n\t\t\t<p class=\"TOC9\">\r\n\t\t\t\t<a style=\"color:#000000\" href=\"#_Toc532478479\"><span class=\"Hyperlink\">Propositionen</span></a>\r\n\t\t\t</p>\r\n\t\t\t<p class=\"TOC9\">\r\n\t\t\t\t<a style=\"color:#000000\" href=\"#_Toc532478480\"><span class=\"Hyperlink\">Följdmotionen</span></a>\r\n\t\t\t</p>\r\n\t\t\t<p>\r\n\t\t\t</p>\r\n\t\t\t<p>\r\n\t\t\t\t<span> </span>\r\n\t\t\t</p>\r\n\t\t\t<p class=\"NormalIndent\">\r\n\t\t\t\t<span> </span>\r\n\t\t\t</p>\r\n\t\t\t<p class=\"Avsnittsrubrik\">\r\n\t\t\t\t<a name=\"_Toc532478469\"></a><a name=\"StopCC\"></a><span class=\"tSidrubrikJA\">Utskottets förslag till riksdagsbeslut</span><span style=\"-aw-bookmark-end:_Toc532478469\"></span>\r\n\t\t\t</p>\r\n\t\t\t<p class=\"Mellanrum\">\r\n\t\t\t\t<span> </span>\r\n\t\t\t</p>\r\n\t\t\t<p class=\"Mellanrum\">\r\n\t\t\t\t<span> </span>\r\n\t\t\t</p>\r\n\t\t\t<table cellspacing=\"0\" cellpadding=\"0\" style=\"border-collapse:collapse; margin-left:0pt; width:294.2pt\">\r\n\t\t\t\t<tr>\r\n\t\t\t\t\t<td style=\"vertical-align:top; width:22pt\">\r\n\t\t\t\t\t\t<p style=\"margin-top:3.1pt; margin-bottom:0pt; text-align:justify; page-break-inside:avoid; page-break-after:avoid; line-height:12.5pt\">\r\n\t\t\t\t\t\t\t<span style=\"font-family:'Verdana'; font-size:10.5pt; font-weight:bold\">1.</span>\r\n\t\t\t\t\t\t</p>\r\n\t\t\t\t\t</td>\r\n\t\t\t\t\t<td style=\"vertical-align:top; width:272.2pt\">\r\n\t\t\t\t\t\t<p style=\"margin-top:3.1pt; margin-bottom:0pt; text-align:justify; page-break-inside:avoid; page-break-after:avoid; line-height:12.5pt\">\r\n\t\t\t\t\t\t\t<span style=\"font-family:'Verdana'; font-size:10.5pt; font-weight:bold\">Inrättande av försvarsgrensstaber</span>\r\n\t\t\t\t\t\t</p>\r\n\t\t\t\t\t</td>\r\n\t\t\t\t</tr>\r\n\t\t\t</table>\r\n\t\t\t<p class=\"Normalinskjuten\" style=\"-aw-sdt-tag:'dokumentavsnitt/utskottets förslag till riksdagsbeslut/514846562/1544692541797'; -aw-sdt-title:'utskottets förslag till riksdagsbeslut'\">\r\n\t\t\t\t<span>Riksdagen bemyndigar regeringen att inrätta organisationsenheter i form av en arméstab, en marinstab och en flygstab i Försvarsmakten samt lokalisera dessa till Enköping, Haninge/Muskö respektive Uppsala.</span>\r\n\t\t\t</p>\r\n\t\t\t<p class=\"Normalinskjutenindrag\" style=\"text-indent:11.3pt; -aw-sdt-tag:'dokumentavsnitt/utskottets förslag till riksdagsbeslut/514846562/1544692541797'; -aw-sdt-title:'utskottets förslag till riksdagsbeslut'\">\r\n\t\t\t\t<span>Därmed bifaller riksdagen proposition 2018/19:18.</span>\r\n\t\t\t</p>\r\n\t\t\t<p class=\"Mellanrum\" style=\"-aw-sdt-tag:'dokumentavsnitt/utskottets förslag till riksdagsbeslut/514846562/1544692541797'; -aw-sdt-title:'utskottets förslag till riksdagsbeslut'\">\r\n\t\t\t\t<span> </span>\r\n\t\t\t</p>\r\n\t\t\t<table cellspacing=\"0\" cellpadding=\"0\" style=\"border-collapse:collapse; margin-left:0pt; width:294.2pt\">\r\n\t\t\t\t<tr>\r\n\t\t\t\t\t<td style=\"vertical-align:top; width:22pt\">\r\n\t\t\t\t\t\t<p style=\"margin-top:11pt; margin-bottom:0pt; text-align:justify; page-break-inside:avoid; page-break-after:avoid; line-height:12.5pt\">\r\n\t\t\t\t\t\t\t<span style=\"font-family:'Verdana'; font-size:10.5pt; font-weight:bold\">2.</span>\r\n\t\t\t\t\t\t</p>\r\n\t\t\t\t\t</td>\r\n\t\t\t\t\t<td style=\"vertical-align:top; width:272.2pt\">\r\n\t\t\t\t\t\t<p style=\"margin-top:11pt; margin-bottom:0pt; text-align:justify; page-break-inside:avoid; page-break-after:avoid; line-height:12.5pt\">\r\n\t\t\t\t\t\t\t<span style=\"font-family:'Verdana'; font-size:10.5pt; font-weight:bold\">Löpande rådgivning och utvärdering inför och under Försvarsmaktens omorganisation och utlokalisering</span>\r\n\t\t\t\t\t\t</p>\r\n\t\t\t\t\t</td>\r\n\t\t\t\t</tr>\r\n\t\t\t</table>\r\n\t\t\t<p class=\"Normalinskjuten\" style=\"-aw-sdt-tag:'dokumentavsnitt/utskottets förslag till riksdagsbeslut/514846562/1544692541797'; -aw-sdt-title:'utskottets förslag till riksdagsbeslut'\">\r\n\t\t\t\t<span>Riksdagen avslår motion </span>\r\n\t\t\t</p>\r\n\t\t\t<p class=\"Normalinskjuten\" style=\"-aw-sdt-tag:'dokumentavsnitt/utskottets förslag till riksdagsbeslut/514846562/1544692541797'; -aw-sdt-title:'utskottets förslag till riksdagsbeslut'\">\r\n\t\t\t\t<span>2018/19:2999 av Allan Widman m.fl. (L).</span>\r\n\t\t\t</p>\r\n\t\t\t<p class=\"Mellanrum\" style=\"-aw-sdt-tag:'dokumentavsnitt/utskottets förslag till riksdagsbeslut/514846562/1544692541797'; -aw-sdt-title:'utskottets förslag till riksdagsbeslut'\">\r\n\t\t\t\t<span> </span>\r\n\t\t\t</p>\r\n\t\t\t<p class=\"Reservationshnvisning\" style=\"-aw-sdt-tag:'dokumentavsnitt/utskottets förslag till riksdagsbeslut/514846562/1544692541797'; -aw-sdt-title:'utskottets förslag till riksdagsbeslut'\">\r\n\t\t\t\t<span>Reservation (M, C, KD, L)</span>\r\n\t\t\t</p>\r\n\t\t\t<p style=\"margin-top:18pt; margin-bottom:18pt; -aw-sdt-tag:'dokumentavsnitt/utskottets förslag till riksdagsbeslut/514846562/1544692541797'; -aw-sdt-title:'utskottets förslag till riksdagsbeslut'\">\r\n\t\t\t\t<span>Utskottet föreslår att ärendet avgörs trots att det har varit tillgängligt kortare tid än två vardagar före den dag då det behandlas.</span>\r\n\t\t\t</p>\r\n\t\t\t<p class=\"OrtochDatum\" style=\"-aw-sdt-tag:'dokumentavsnitt/utskottets förslag till riksdagsbeslut/514846562/1544692541797'; -aw-sdt-title:'utskottets förslag till riksdagsbeslut'\">\r\n\t\t\t\t<span>Stockholm den 13 december 2018</span>\r\n\t\t\t</p>\r\n\t\t\t<p class=\"PVgnar\" style=\"-aw-sdt-tag:'dokumentavsnitt/utskottets förslag till riksdagsbeslut/514846562/1544692541797'; -aw-sdt-title:'utskottets förslag till riksdagsbeslut'\">\r\n\t\t\t\t<span>På försvarsutskottets vägnar</span>\r\n\t\t\t</p>\r\n\t\t\t<p class=\"Ordfranden\" style=\"-aw-sdt-tag:'dokumentavsnitt/utskottets förslag till riksdagsbeslut/514846562/1544692541797'; -aw-sdt-title:'utskottets förslag till riksdagsbeslut'\">\r\n\t\t\t\t<span>Niklas Karlsson</span>\r\n\t\t\t</p>\r\n\t\t\t<p class=\"Deltagare\" style=\"-aw-sdt-tag:'dokumentavsnitt/utskottets förslag till riksdagsbeslut/514846562/1544692541797'; -aw-sdt-title:'utskottets förslag till riksdagsbeslut'\">\r\n\t\t\t\t<span>Följande ledamöter har deltagit i beslutet: Niklas Karlsson (S), Paula Holmqvist (S), Jan R Andersson (M), Roger Richtoff (SD), Mattias Ottosson (S), Daniel Bäckström (C), Hanna Gunnarsson (V), Pål Jonson (M), Josef Fransson (SD), Mikael Oscarsson (KD), Allan Widman (L), Caroline Nordengrip (SD), Elisabeth Falkhaven (MP), Alexandra Anstrell (M), ClasGöran Carlsson (S), Lars Püss (M) och Heléne Björklund (S).</span>\r\n\t\t\t</p>\r\n\t\t\t<p class=\"Mellanrum\" style=\"-aw-sdt-tag:'dokumentavsnitt/utskottets förslag till riksdagsbeslut/514846562/1544692541797'; -aw-sdt-title:'utskottets förslag till riksdagsbeslut'\">\r\n\t\t\t\t<span> </span>\r\n\t\t\t</p>\r\n\t\t\t<p class=\"Mellanrum\" style=\"-aw-sdt-tag:'dokumentavsnitt/utskottets förslag till riksdagsbeslut/514846562/1544692541797'; -aw-sdt-title:'utskottets förslag till riksdagsbeslut'\">\r\n\t\t\t\t<span> </span>\r\n\t\t\t</p>\r\n\t\t\t<p class=\"Mellanrum\" style=\"-aw-sdt-tag:'dokumentavsnitt/utskottets förslag till riksdagsbeslut/514846562/1544692541797'; -aw-sdt-title:'utskottets förslag till riksdagsbeslut'\">\r\n\t\t\t\t<span style=\"font-size:9.5pt\"> </span>\r\n\t\t\t</p>\r\n\t\t\t<p>\r\n\t\t\t\t<span> </span>\r\n\t\t\t</p>\r\n\t\t\t<p class=\"Avsnittsrubrik\">\r\n\t\t\t\t<a name=\"_Toc532478470\"></a><a name=\"SlutUtskottsForslag\"></a><span class=\"tSidrubrikJA\">Redogörelse för ärendet</span><span style=\"-aw-bookmark-end:_Toc532478470\"></span>\r\n\t\t\t</p>\r\n\t\t\t<h2>\r\n\t\t\t\t<a name=\"_Toc532478471\"><span>Ärendet och dess beredning</span></a>\r\n\t\t\t</h2>\r\n\t\t\t<p>\r\n\t\t\t\t<span>I budgetunderlaget för 2019 (Fö2</span><span>018/00323/MFI) begärde Försvars</span><span>makten att få att inrätta försvarsgrensstaber med lokalisering till Enköping (armén), Haninge/Muskö (marinen) och Uppsala (flygvapnet).</span>\r\n\t\t\t</p>\r\n\t\t\t<h2>\r\n\t\t\t\t<a name=\"_Toc532478472\"><span>Bakgrund</span></a>\r\n\t\t\t</h2>\r\n\t\t\t<p>\r\n\t\t\t\t<span>Inrättandet och lokaliseringen av försvarsgrensstaberna motiveras enligt Försvarsmakten bl.a. av den försämrade omvärldsutvecklingen. Syftet med att inrätta staberna är att öka robustheten i ledningsorganisationen genom en ökad geografisk spridning.</span>\r\n\t\t\t</p>\r\n\t\t\t<h2>\r\n\t\t\t\t<a name=\"_Toc532478473\"><span>Propositionens huvudsakliga innehåll</span></a>\r\n\t\t\t</h2>\r\n\t\t\t<p>\r\n\t\t\t\t<span>I propositionen föreslås att riksdagen bemyndigar regeringen att inrätta organisationsenheter i form av en arméstab, en marinstab och en flygstab i Försvarsmakten samt lokalisera dessa till Enköping, Haninge/Muskö respektive Uppsala.</span>\r\n\t\t\t</p>\r\n\t\t\t<p class=\"Avsnittsrubrik\">\r\n\t\t\t\t<a name=\"_Toc532478474\"><span class=\"tSidrubrikJA\">Utskottets överväganden</span></a>\r\n\t\t\t</p>\r\n\t\t\t<h2 style=\"-aw-sdt-tag:a808418c-1568-4096-9927-992adb70a8a8/förslagsrutor/-569366879/1544523677338; -aw-sdt-title:förslagsrutor\">\r\n\t\t\t\t<a name=\"_Toc532478475\"><span>Inrättande av försvarsgrensstaber</span></a>\r\n\t\t\t</h2>\r\n\t\t\t<div style=\"border-bottom-color:#000000; border-bottom-style:solid; border-bottom-width:0.75pt; border-left-color:#000000; border-left-style:solid; border-left-width:0.75pt; border-right-color:#000000; border-right-style:solid; border-right-width:0.75pt; border-top-color:#000000; border-top-style:solid; border-top-width:0.75pt; clear:both; margin:3.1pt 0.9pt 0pt\">\r\n\t\t\t\t<p class=\"Normalrutafet\" style=\"margin:0pt; padding-right:4pt; padding-left:4pt\">\r\n\t\t\t\t\t<span style=\"-aw-bookmark-end:_Toc532478475\"></span><span>Utskottets förslag i korthet</span>\r\n\t\t\t\t</p>\r\n\t\t\t\t<p class=\"Normalruta\" style=\"margin:0pt; padding-right:4pt; padding-left:4pt\">\r\n\t\t\t\t\t<span>Riksdagen </span><span>bemyndigar regeringen att inrätta organisationsenheter i form av en arméstab, en marinstab och en flygstab i Försvarsmakten samt lokalisera dessa till Enköping, Haninge/Muskö respektive Uppsala. Följdmotionen avstyrks.</span>\r\n\t\t\t\t</p>\r\n\t\t\t\t<p class=\"Normalrutaindrag\" style=\"margin:0pt; padding-right:4pt; padding-left:4pt; padding-bottom:4pt; -aw-sdt-tag:'a808418c-1568-4096-9927-992adb70a8a8/förslagsrutor reservations text/1966713378/1544523677344'; -aw-sdt-title:'förslagsrutor reservations text'\">\r\n\t\t\t\t\t<span>Jämför reservationen (M, C, KD, L).</span>\r\n\t\t\t\t</p>\r\n\t\t\t</div>\r\n\t\t\t<p class=\"R3\">\r\n\t\t\t\t<span>Propositionen</span>\r\n\t\t\t</p>\r\n\t\t\t<p>\r\n\t\t\t\t<span>I propositione</span><span>n Försvarspolitisk inriktning –</span><span> Sveriges försvar 2016–2020 (prop. 2014/15:109) angav regeringen att den säkerhetspolitiska situati</span><span>onen försämrats</span><span> och att detta innebär förändrade krav på den svenska försvarsförmågan. I propositionen bedömde regeringen att det en</span><span>skilt viktigaste under försvars</span><span>inriktningsperioden 2016</span><span>–</span><span>2020 är att öka den operativa förmågan i krigsförbanden och att säkerställa den samlade förmågan i totalförsvaret. Försvarsutskottet delade regeringens bedömning (bet. 2014/15:FöU11 s. 16, rskr. 2014/15:251). I propositionen anförde regeringen vidare att utformningen av försvaret i första hand bör bygga på förmå</span><span>gan att möta ett väpnat angrepp</span><span> och att den måste medge politisk och militär handlingsfrihet och ha en inneboende flexibilitet för att kunna hantera föränderligheten i utmaningar och hot</span><span>.</span>\r\n\t\t\t</p>\r\n\t\t\t<p class=\"NormalIndent\">\r\n\t\t\t\t<span>Den nuvarande ledningen av Försvarsmakten har sedan länge utgått från en centraliserad styrning av myndighetens uppgifter. Centraliseringen av ledningskapaciteten till Stockholms innerstad skapar i det förändrade omvärldsläget en ökad sårbarhet. Som ett led i arbetet </span><span>för </span><span>att stärka den svenska försvarsförmågan och öka den operativa förmågan har Försvarsmakten förordat att tre nya organisationsenheter (fö</span><span>rsvarsgrensstaber) ska inrättas:</span><span> en arméstab i Enköping, en marinstab i Haninge/Muskö och en flygstab i Uppsala.</span>\r\n\t\t\t</p>\r\n\t\t\t<p class=\"NormalIndent\">\r\n\t\t\t\t<span>Regeringen delar Försvarsmaktens bedömning att nämnda organisationsenheter bör inrättas och anser det angeläget att detta kan ske så snart som möjligt.</span>\r\n\t\t\t</p>\r\n\t\t\t<p class=\"R3\">\r\n\t\t\t\t<span>Motione</span><span>n</span>\r\n\t\t\t</p>\r\n\t\t\t<p class=\"NormalIndent\" style=\"text-indent:0pt\">\r\n\t\t\t\t<span>I kommittémotion 2018/19:2999 av Allan Widman m.fl. (L)</span><span> understryker mo</span><span>-</span><span>tionärerna att de i grunden delar regeringens förslag att inrätta och utlokalisera försvarsgrensstaberna. Samtidigt lyfter motionärerna fram att en större omorganisati</span><span>on och omlokalisering är förenad</span><span> med risker</span><span>. D</span><span>et kan uppstå kompetensförluster genom avhopp när avståndet till arbetsplatsen ökar</span><span>,</span><span> och ledningsförmågan kan </span><span>minska</span><span> under en tid i samb</span><span>and med den faktiska omflytten. </span><span>Det kan även krävas prioriteringar till följd av o</span><span>förutsedda eller underskattade </span><span>kostnader</span><span>,</span><span> och det kan inte uteslutas att den förmågeskapande verksamheten drabbas. </span><span>Motionärerna föreslår därför att regeringen </span><span>i särskild ordning föranstalta</span><span>r</span><span> om löpande rådgivning och utvärdering inför och under Försvarsmaktens omorganisation och utlokalisering. </span>\r\n\t\t\t</p>\r\n\t\t\t<p class=\"R3\">\r\n\t\t\t\t<span>Utskottets ställningstagande</span>\r\n\t\t\t</p>\r\n\t\t\t<p>\r\n\t\t\t\t<span>U</span><span>tskottet tillstyrker förslaget</span><span> </span><span>av</span><span> de </span><span>skäl som anförs i propositionen</span><span>.</span>\r\n\t\t\t</p>\r\n\t\t\t<p class=\"NormalIndent\">\r\n\t\t\t\t<span>När det gäller de risker som beskrivs i följdmotionen förutsätter utskottet att regeringen på lämpligt sätt följer upp arbetet med, och resultatet av, omorganisationen. Utskottet ser därför inget behov av att vidta några åtgärder med anledning av motionen, vilken avstyrks.</span>\r\n\t\t\t</p>\r\n\t\t\t<p class=\"Avsnittsrubrik\">\r\n\t\t\t\t<a name=\"_Toc532478476\"><span class=\"tSidrubrikJA\">Reservation</span></a>\r\n\t\t\t</p>\r\n\t\t\t<p class=\"Mellanrum\" style=\"-aw-sdt-tag:733a015c-1fdf-47e9-9ba9-c4df5ab9cba4/reservationer/1397724590/1544692541755; -aw-sdt-title:reservationer\">\r\n\t\t\t\t<span> </span>\r\n\t\t\t</p>\r\n\t\t\t<table cellspacing=\"0\" cellpadding=\"0\" style=\"border-collapse:collapse; margin-left:0pt; width:294.2pt\">\r\n\t\t\t\t<tr>\r\n\t\t\t\t\t<td style=\"vertical-align:top\">\r\n\t\t\t\t\t\t<p class=\"Reservationsrubrik\" style=\"margin-top:0pt; margin-bottom:3.1pt; text-align:left; page-break-inside:avoid; page-break-after:avoid; line-height:12.5pt\">\r\n\t\t\t\t\t\t\t<a name=\"_Toc532478477\"><span style=\"font-family:'Verdana'; font-size:10.5pt; font-weight:bold\">Löpande rådgivning och utvärdering inför och under Försvarsmaktens omorganisation och utlokalisering, punkt 2 (M, C, KD, L)</span></a>\r\n\t\t\t\t\t\t</p>\r\n\t\t\t\t\t</td>\r\n\t\t\t\t</tr>\r\n\t\t\t</table>\r\n\t\t\t<p class=\"Normalutanluftfre\" style=\"-aw-sdt-tag:733a015c-1fdf-47e9-9ba9-c4df5ab9cba4/reservationer/1397724590/1544692541755; -aw-sdt-title:reservationer\">\r\n\t\t\t\t<span>av Jan R Andersson (M), Daniel Bäckström (C), Pål Jonson (M), Mikael Oscarsson (KD), Allan Widman (L), Alexandra Anstrell (M) och Lars Püss (M).</span>\r\n\t\t\t</p>\r\n\t\t\t<p class=\"R4\" style=\"-aw-sdt-tag:733a015c-1fdf-47e9-9ba9-c4df5ab9cba4/reservationer/1397724590/1544692541755; -aw-sdt-title:reservationer\">\r\n\t\t\t\t<span>Förslag till riksdagsbeslut</span>\r\n\t\t\t</p>\r\n\t\t\t<p style=\"margin-bottom:3.1pt; -aw-sdt-tag:733a015c-1fdf-47e9-9ba9-c4df5ab9cba4/reservationer/1397724590/1544692541755; -aw-sdt-title:reservationer\">\r\n\t\t\t\t<span>Vi anser att förslaget till riksdagsbeslut under punkt 2 borde ha följande lydelse:</span>\r\n\t\t\t</p>\r\n\t\t\t<p class=\"Normalutanluftfre\" style=\"-aw-sdt-tag:733a015c-1fdf-47e9-9ba9-c4df5ab9cba4/reservationer/1397724590/1544692541755; -aw-sdt-title:reservationer\">\r\n\t\t\t\t<span>Riksdagen ställer sig bakom det som anförs i reservationen och tillkännager detta för regeringen.</span>\r\n\t\t\t</p>\r\n\t\t\t<p class=\"Normalutanluftfre\" style=\"text-indent:11.3pt; -aw-sdt-tag:733a015c-1fdf-47e9-9ba9-c4df5ab9cba4/reservationer/1397724590/1544692541755; -aw-sdt-title:reservationer\">\r\n\t\t\t\t<span>Därmed bifaller riksdagen motion </span>\r\n\t\t\t</p>\r\n\t\t\t<p class=\"Normalutanluftfre\" style=\"-aw-sdt-tag:733a015c-1fdf-47e9-9ba9-c4df5ab9cba4/reservationer/1397724590/1544692541755; -aw-sdt-title:reservationer\">\r\n\t\t\t\t<span>2018/19:2999 av Allan Widman m.fl. (L).</span>\r\n\t\t\t</p>\r\n\t\t\t<p class=\"Mellanrum\" style=\"-aw-sdt-tag:733a015c-1fdf-47e9-9ba9-c4df5ab9cba4/reservationer/1397724590/1544692541755; -aw-sdt-title:reservationer\">\r\n\t\t\t\t<span> </span>\r\n\t\t\t</p>\r\n\t\t\t<p class=\"Mellanrum\" style=\"-aw-sdt-tag:733a015c-1fdf-47e9-9ba9-c4df5ab9cba4/reservationer/1397724590/1544692541755; -aw-sdt-title:reservationer\">\r\n\t\t\t\t<span> </span>\r\n\t\t\t</p>\r\n\t\t\t<p class=\"R4\">\r\n\t\t\t\t<span>Ställningstagande</span>\r\n\t\t\t</p>\r\n\t\t\t<p>\r\n\t\t\t\t<span>Vi delar i grunden regeringens förslag att inrätta och utlokalisera försvarsgrensstaberna på det sätt som anges i propositionen. Det innebär en något tydligare ansvarsfördelning än den tidigare organisationen och ökar motståndskraften i Försvarsmaktens högre ledning.</span><span> </span><span>Samtidigt är en större omorganis</span><span>a</span><span>-</span><span>tion och omlokalisering förenad</span><span> med beaktansvärda risker. Propositionen redovisar heller inte vilka ekonomiska konsekvenser som fö</span><span>ljer av omorganisa</span><span>-</span><span>tionen.</span>\r\n\t\t\t</p>\r\n\t\t\t<p class=\"NormalIndent\">\r\n\t\t\t\t<span>Enligt nu gällande inriktningsbeslut är det enskilt viktigaste att öka den operativa förmågan i krigsförbanden och att säkerställa den samlade förmågan i totalf</span><span>örsvaret. Oaktat upprepade till</span><span>skott finns det, även inom myndigheten, farhågor om denna måluppfyllnad, på kort och lite längre sikt. När en större omorganisation och utlokalisering genomförs kan oförutsedda eller underskattade kostnader komma att kräva prioriteringar. Det kan heller inte uteslutas att detta drabbar förmågeskapande verksamhet.</span>\r\n\t\t\t</p>\r\n\t\t\t<p class=\"NormalIndent\">\r\n\t\t\t\t<span>För att säkerställa att fördyringar och förseningar inte uppstår samt att detta sker utan onödig kompetensförlust eller nedgång i ledningsförmågan behöver hela denna process följas upp i särskild ordning. </span><span>Stat</span><span>skontoret har under det senaste året, med biträde av Ekonomistyrningsverket, stöttat Försvarsmakten när det gäller ändamålsenligheten i Försvarsmaktens ekonomiska underlag. Dessa eller andra från myndigheten fristående instanser skulle fortlöpande kunna </span><span>ge råd</span><span> och utvärdera omorganisationen och utlokaliseringen. Ett liknande förfarande användes i början av 2000-talet då Försvarsmakten påbörjade utvecklingen av nätverksbaserat försvar (NBF).</span>\r\n\t\t\t</p>\r\n\t\t\t<p class=\"NormalIndent\">\r\n\t\t\t\t<span>Vi föreslår därför att det i särskild ordning bör föranstaltas om löpande rådgivning och utvärdering inför och under Försvarsmaktens omorganisation och utlokalisering. Riksdagen bör ställa sig bakom det som anförs i reservationen och tillkännage detta för regeringen.</span>\r\n\t\t\t</p>\r\n\t\t\t<p class=\"Bilaga\">\r\n\t\t\t\t<span class=\"tBilagaJA\">Bilaga</span>\r\n\t\t\t</p>\r\n\t\t\t<p class=\"Bilagerubrik\">\r\n\t\t\t\t<a name=\"_Toc532478478\"><span class=\"tSidrubrikJA\">Förteckning över behandlade förslag</span></a>\r\n\t\t\t</p>\r\n\t\t\t<p class=\"Rubrik2bilaga\" style=\"-aw-sdt-tag:'dokumentavsnitt/förteckning över behandlade förslag/-554336642/1544523464062'; -aw-sdt-title:'förteckning över behandlade förslag'\">\r\n\t\t\t\t<a name=\"_Toc532478479\"><span>Propositionen</span></a><span> </span>\r\n\t\t\t</p>\r\n\t\t\t<h4 style=\"-aw-sdt-tag:'dokumentavsnitt/förteckning över behandlade förslag/-554336642/1544523464062'; -aw-sdt-title:'förteckning över behandlade förslag'\">\r\n\t\t\t\t<span>Proposition 2018/19:18 Inrättande av försvarsgrensstaber:</span>\r\n\t\t\t</h4>\r\n\t\t\t<p class=\"YrkandelistaEtt\" style=\"-aw-sdt-tag:'dokumentavsnitt/förteckning över behandlade förslag/-554336642/1544523464062'; -aw-sdt-title:'förteckning över behandlade förslag'\">\r\n\t\t\t\t<span>Riksdagen bemyndigar regeringen att inrätta organisationsenheter i form av en arméstab, en marinstab och en flygstab i Försvarsmakten samt lokalisera dessa till Enköping, Haninge/Muskö respektive Uppsala.</span>\r\n\t\t\t</p>\r\n\t\t\t<p class=\"Rubrik2bilaga\" style=\"-aw-sdt-tag:'dokumentavsnitt/förteckning över behandlade förslag/-554336642/1544523464062'; -aw-sdt-title:'förteckning över behandlade förslag'\">\r\n\t\t\t\t<a name=\"_Toc532478480\"><span>Följdmotionen</span></a>\r\n\t\t\t</p>\r\n\t\t\t<h4 style=\"-aw-sdt-tag:'dokumentavsnitt/förteckning över behandlade förslag/-554336642/1544523464062'; -aw-sdt-title:'förteckning över behandlade förslag'\">\r\n\t\t\t\t<span>2018/19:2999 av Allan Widman m.fl. (L):</span>\r\n\t\t\t</h4>\r\n\t\t\t<p class=\"YrkandelistaEtt\" style=\"-aw-sdt-tag:'dokumentavsnitt/förteckning över behandlade förslag/-554336642/1544523464062'; -aw-sdt-title:'förteckning över behandlade förslag'\">\r\n\t\t\t\t<span>Riksdagen ställer sig bakom det som anförs i motionen om att i särskild ordning föranstalta om löpande rådgivning och utvärdering inför och under Försvarsmaktens omorganisation och utlokalisering och tillkännager detta för regeringen.</span>\r\n\t\t\t</p>\r\n\t\t\t<p class=\"Mellanrum\">\r\n\t\t\t\t<span> </span>\r\n\t\t\t</p>\r\n\t\t\t<p class=\"Mellanrum\" style=\"-aw-sdt-tag:'dokumentavsnitt/förteckning över behandlade förslag/-554336642/1544523464062'; -aw-sdt-title:'förteckning över behandlade förslag'\">\r\n\t\t\t\t<span> </span>\r\n\t\t\t</p>\r\n\t\t\t<p>\r\n\t\t\t\t<span> </span>\r\n\t\t\t</p>\r\n\t\t\t<p>\r\n\t\t\t\t<span> </span>\r\n\t\t\t</p>\r\n\t\t</div>\r\n\t"},"dokutskottsforslag":{"utskottsforslag":[{"punkt":"1","rubrik":"Inrättande av försvarsgrensstaber","forslag":"<span>\r\nRiksdagen bemyndigar regeringen att inrätta organisationsenheter i form av en arméstab, en marinstab och en flygstab i Försvarsmakten samt lokalisera dessa till Enköping, Haninge/Muskö respektive Uppsala.</span><BR/>Därmed bifaller riksdagen proposition 2018/19:18.<BR/><BR/>","beslutstyp":"acklamation","motforslag_nummer":"0","motforslag_partier":null,"votering_id":null,"votering_sammanfattning_html":null,"votering_url_xml":null,"rm":"2018/19","bet":"FöU3","vinnare":"utskottet"},{"punkt":"2","rubrik":"Löpande rådgivning och utvärdering inför och under Försvarsmaktens omorganisation och utlokalisering","forslag":"<BR/>Riksdagen avslår motion \r\n\r\n2018/19:2999 av Allan Widman m.fl. (L).<BR/><BR/>","beslutstyp":"röstning","motforslag_nummer":"1","motforslag_partier":"\"M\",\"C\",\"KD\",\"L\"","votering_id":"c14541f9-f0e8-47dc-a270-06c92e6c7d29","votering_sammanfattning_html":{"table":{"tr":[{"td":{"h4":"Omröstning i sakfrågan","p":"Utskottets förslag mot reservation 1 (M, C, KD, L)"}},{"th":["Parti","Ja","Nej","Avstående","Frånvarande"]},{"td":["S","95","0","0","5"]},{"td":["M","0","65","0","5"]},{"td":["SD","56","0","0","6"]},{"td":["C","0","29","0","2"]},{"td":["V","27","0","0","1"]},{"td":["KD","0","21","0","1"]},{"td":["L","0","20","0","0"]},{"td":["MP","15","0","0","1"]},{"td":["Totalt","193","135","0","21"]},{"td":{"h4":null}}]},"br":null},"votering_url_xml":"http://data.riksdagen.se/votering/C14541F9-F0E8-47DC-A270-06C92E6C7D29","rm":"2018/19","bet":"FöU3","vinnare":"utskottet"}]},"dokmotforslag":{"motforslag":{"nummer":"1","rubrik":null,"partier":"\"M\",\"C\",\"KD\",\"L\"","typ":"reservation","utskottsforslag_punkt":"2"}},"dokaktivitet":{"aktivitet":[{"kod":"UBE","namn":"Beredning","datum":"2018-12-11 00:00:00","status":"inträffat","ordning":"0","process":null},{"kod":"JUS","namn":"Justering","datum":"2018-12-13 00:00:00","status":"inträffat","ordning":"0","process":null},{"kod":"TRY","namn":"Trycklov","datum":"2018-12-13 00:00:00","status":"inträffat","ordning":"0","process":null},{"kod":"B","namn":"Bordläggning","datum":"2018-12-15 00:00:00","status":"inträffat","ordning":"0","process":null},{"kod":"BEH","namn":"Behandling","datum":"2018-12-17 00:00:00","status":"inträffat","ordning":"0","process":null},{"kod":"BES","namn":"Beslut","datum":"2018-12-18 00:00:00","status":"inträffat","ordning":"0","process":null}]},"dokuppgift":{"uppgift":[{"kod":"beslutssammanfattningusk","namn":"Utskottets förslag till beslut","text":"Bifall till propositionen. Avslag på motionen.","dok_id":"H601FöU3","systemdatum":"2018-12-17 15:30:24"},{"kod":"rdbeslut","namn":"Riksdagens beslut","text":"Kammaren biföll utskottets förslag.","dok_id":"H601FöU3","systemdatum":"2018-12-18 15:52:16"},{"kod":"notis","namn":"Beslut i korthet","text":"                           <p>Regeringen får möjlighet att inrätta tre nya organisationsenheter, så kallade försvarsgrensstaber, inom Försvarsmakten. Det handlar om en arméstab, en marinstab och en flygstab som ska placeras i Enköping, Haninge/Muskö respektive Uppsala. Riksdagen sa ja till regeringens förslag.</p>\r\n<p>En motivering för att ändra försvarets organisation är att säkerhetsläget i omvärlden har försämrats. De nya staberna ska öka robustheten och minska riskerna i försvarsledningens organisation genom att öka den geografiska spridningen.</p>\r\n                                            ","dok_id":"H601FöU3","systemdatum":"2018-12-18 16:49:41"},{"kod":"notisrubrik","namn":"Beslut","text":"Ja till förslag om nya staber inom försvaret (FöU3)","dok_id":"H601FöU3","systemdatum":"2018-12-18 16:49:41"},{"kod":"utsknotis","namn":"Utskottets förslag till beslut","text":"                           <p>Regeringen vill få möjlighet att inrätta tre nya organisationsenheter, så kallade försvarsgrensstaber, inom Försvarsmakten. Det handlar om en arméstab, en marinstab och en flygstab som ska placeras i Enköping, Haninge/Muskö respektive Uppsala. Försvarsutskottet föreslår att riksdagen säger ja till regeringens förslag.</p>\r\n<p>En motivering för att ändra försvarets organisation är att säkerhetsläget i omvärlden har försämrats. De nya staberna ska öka robustheten och minska riskerna i försvarsledningens organisation genom att öka den geografiska spridningen.</p>\r\n                                            ","dok_id":"H601FöU3","systemdatum":"2018-12-18 16:49:41"},{"kod":"utsknotisrubrik","namn":"Utskottets förslag","text":"Ja till förslag om nya staber inom försvaret (FöU3)","dok_id":"H601FöU3","systemdatum":"2018-12-18 16:49:41"},{"kod":"debattdatumtid","namn":"Datum och tid för debatten","text":"2018-12-17 00:00:00","dok_id":"H601FöU3","systemdatum":"2018-12-18 16:49:41"},{"kod":"beslutdatumtid","namn":"Datum och tid för beslutet","text":"2018-12-18 00:00:00","dok_id":"H601FöU3","systemdatum":"2018-12-18 16:49:41"},{"kod":"statustext","namn":"statustext","text":"Ärendet är avslutat","dok_id":"H601FöU3","systemdatum":"2018-12-19 13:44:09"}]},"dokbilaga":{"bilaga":{"dok_id":"H601FöU3","titel":"Inrättande av försvarsgrensstaber","subtitel":null,"filnamn":"2018_19_FöU3_20181213160008_Publicering.pdf","filstorlek":"326050","filtyp":"pdf","fil_url":"http://data.riksdagen.se/fil/6C2851AB-A4B0-468D-A946-D7F7B59A40EE"}},"dokreferens":{"referens":[{"referenstyp":"behandlar","uppgift":"motion 2018/19:2999 med anledning av prop. 2018/19:18 Inrättande av försvarsgrensstaber ","ref_dok_id":"H6022999","ref_dok_typ":"mot","ref_dok_rm":"2018/19","ref_dok_bet":"2999","ref_dok_titel":"med anledning av prop. 2018/19:18 Inrättande av försvarsgrensstaber ","ref_dok_subtitel":null,"ref_dok_subtyp":"mot","ref_dok_dokumentnamn":"Motion"},{"referenstyp":"behandlar","uppgift":"Proposition 2018/19:18 Inrättande av försvarsgrensstaber","ref_dok_id":"H60318","ref_dok_typ":"prop","ref_dok_rm":"2018/19","ref_dok_bet":"18","ref_dok_titel":"Inrättande av försvarsgrensstaber","ref_dok_subtitel":null,"ref_dok_subtyp":"prop","ref_dok_dokumentnamn":"Proposition"},{"referenstyp":"föredragningslista","uppgift":"föredragningslista 2018/19:31 Måndag den 17 december 2018","ref_dok_id":"H60I31","ref_dok_typ":"f-lista","ref_dok_rm":"2018/19","ref_dok_bet":"31","ref_dok_titel":"Måndag den 17 december 2018","ref_dok_subtitel":null,"ref_dok_subtyp":null,"ref_dok_dokumentnamn":"Föredragningslista"},{"referenstyp":"protokollbeslut","uppgift":"2018-12-18","ref_dok_id":"H60932","ref_dok_typ":"prot","ref_dok_rm":"2018/19","ref_dok_bet":"32","ref_dok_titel":"Protokoll 2018/19:32 Tisdagen den 18 december","ref_dok_subtitel":null,"ref_dok_subtyp":null,"ref_dok_dokumentnamn":"Protokoll"},{"referenstyp":"rskr","uppgift":null,"ref_dok_id":"H60K91","ref_dok_typ":"rskr","ref_dok_rm":"2018/19","ref_dok_bet":"91","ref_dok_titel":"Riksdagsskrivelse 2018/19:91","ref_dok_subtitel":null,"ref_dok_subtyp":"rskr","ref_dok_dokumentnamn":"Riksdagsskrivelse"}]},"debatt":{"anforande":[{"video_id":"1100181217432140222","video_url":"1100181217432140222#pos=16","startpos":"16","tumnagel":["","//mhdownload.riksdagen.se/riksdagen/unrestricted/thumb/1100181217432140222_mid.jpg"],"tumnagel_stor":"//mhdownload.riksdagen.se/riksdagen/unrestricted/thumb/1100181217432140222_high.jpg","anf_video_id":"1100181217432140422","anf_hangar_id":"5016242","anf_sekunder":"274","anf_klockslag":"17:19","datumtid":"2018-12-17 17:19:57","anf_datum":"2018-12-17 00:00:00","anf_typ":"ap","anf_text":"<p>Fru talman! I dag debatterar vi försvarsutskottets betänkande nr 3, <em>Inrättande av försvarsgrensstaber</em>.</p><p>Det här tycker vi moderater är ett förslag i helt rätt riktning. Genom det ges inte bara ett stärkt ansvarstagande i försvarsorganisationen, utan det ökar också robustheten i vår försvarsförmåga. Det skapar även bättre förutsättningar att kunna skala upp vår förmåga på sikt.</p><p>Det är i dag tydligt att organisation, styrning och uppföljning inom Försvarsdepartementet och inom försvarsmyndigheterna inte fungerar optimalt. En rad problem har lyfts fram från olika håll. Det gäller till exempel en asymmetrisk relation och en bristande dialog mellan departement och myndighet samt mellan myndighet och myndighet, alltför stor detaljstyrning av myndigheten i mindre viktiga frågor, bristande spårbarhet i beslut och i vissa fall undermåliga underlag. Utifrån att försvaret kommer att växa och försvarsanslaget öka måste dessa brister åtgärdas.</p><p>Att i det sammanhanget inrätta försvarsgrensstaber är som sagt ett förslag i rätt riktning, men det behövs fler förändringar. Försvarsberedningen föreslår att den avdelning som nu finns på Justitiedepartementet och som har ansvar för civilt försvar ska föras över till Försvarsdepartementet och där bilda en egen avdelning som har samlat ansvar för totalförsvarsplanering.</p><p>Moderaterna anser att även Fortifikationsverket bör överföras till Försvarsdepartementet för att det verkligen ska bli ett totalförsvarsdepartement. I Alliansens gemensamma förslag för en stärkt civil beredskap finns även ett förslag om att Kustbevakningen ska föras över till Försvarsdepartementet.</p><p>När det gäller Försvarsmakten finns det ett behov av att stärka generaldirektörens och den ekonomiska styrfunktionens roll. Försvarsberedningens förslag om en självständig myndighet för uppföljning och utvärdering av totalförsvaret är ett viktigt steg för att förbättra långsiktigt byggande av förmåga och kostnadskontroll.</p><p>I föregående ärende, gällande utgiftsområde 6, var det ett enigt utskott som ställde sig bakom både det moderata förslaget om att revidera investeringsplanen för Försvarsmakten och Liberalernas förslag om redovisning av livscykelkostnaderna för medelräckviddigt luftvärn. Båda dessa förslag handlar om att få en bättre kostnadskontroll men också att säkerställa Försvarsmaktens förmåga.</p><p>Vi tog förra veckan beslut om att öka ramarna för Försvarsmakten med över 3 miljarder. Det är väldigt mycket pengar. Problemet är att det långt ifrån räcker. Det kommer att behöva skjutas till betydligt mer om vi ska stärka vår försvarsförmåga. I det sammanhanget är det vällovligt att försvarsministern för tio månader sedan gav Ekonomistyrningsverket i uppdrag att \"analysera och bedöma om de ekonomiska underlagen från Försvarsmakten är ändamålsenliga som underlag för budgetprocessen\". ESV:s slutsatser är att det finns betydande brister inte bara inom Försvarsmakten och FMV utan också i Regeringskansliet.</p><p> STYLEREF Kantrubrik \\* MERGEFORMAT Inrättande av för-svarsgrensstaber</p><p>Kvarstår de här bristerna riskerar vi bokstavligen att kasta pengarna i sjön. Därför borde det från riksdagens sida finnas ett tydligt fokus på att rätta till bristerna och i varje beslut vi fattar säkerställa att åtgärder kontinuerligt vidtas för att se till att bristerna försvinner. Att då inte hela utskottet ställer sig bakom Liberalernas motion i detta ärende tycker jag är ganska anmärkningsvärt.</p><p>Vi moderater yrkar självklart bifall till reservationen under punkt 2.</p><p>(Applåder)</p>","anf_beteckning":"2018/19:31-175","anf_nummer":"175","talare":"Lars Püss (M)","intressent_id":"0227531635413","parti":"M","anf_rm":"2018/19"},{"video_id":"1100181217432140222","video_url":"1100181217432140222#pos=302","startpos":"302","tumnagel":["","//mhdownload.riksdagen.se/riksdagen/unrestricted/thumb/1100181217432140222_mid.jpg"],"tumnagel_stor":"//mhdownload.riksdagen.se/riksdagen/unrestricted/thumb/1100181217432140222_high.jpg","anf_video_id":"1100181217432140622","anf_hangar_id":"5016243","anf_sekunder":"104","anf_klockslag":"17:24","datumtid":"2018-12-17 17:24:43","anf_datum":"2018-12-17 00:00:00","anf_typ":"ap","anf_text":"<p>Fru talman! Vi debatterar nu inrättande av försvarsgrensstaber. Jag vill inledningsvis yrka bifall till reservationen under punkt 2. Den handlar om löpande rådgivning och utvärdering inför och under Försvarsmaktens omorganisation och utlokalisering. Motionen har väckts av Allan Widman.</p><p>Utlokaliseringen är någonting väldigt bra. Armén kommer att ledas från Enköping, marinen från Muskö i Haninge och flygvapnet från Uppsala. Det här är någonting som i grunden är bra och positivt. Men precis som det står i den motion som Allan Widman väckt och som vi stöder behöver man ju säkerställa att fördyring och försening inte uppstår. Statskontoret har under det senaste året med biträde av Ekonomistyrningsverket stöttat Försvarsmakten när det gäller ändamålsenligheten i Försvarsmaktens ekonomiska underlag. Det gäller att se till att det här följs när man gör omorganisationen. Vi föreslår en särskild ordning med löpande rådgivning och utvärdering under omorganisationen för att man på det viset ska ha kontroll över att kostnaderna inte drar iväg.</p>","anf_beteckning":"2018/19:31-176","anf_nummer":"176","talare":"Mikael Oscarsson (KD)","intressent_id":"0973782197017","parti":"KD","anf_rm":"2018/19"},{"video_id":"1100181217432140222","video_url":"1100181217432140222#pos=417","startpos":"417","tumnagel":["","//mhdownload.riksdagen.se/riksdagen/unrestricted/thumb/1100181217432140222_mid.jpg"],"tumnagel_stor":"//mhdownload.riksdagen.se/riksdagen/unrestricted/thumb/1100181217432140222_high.jpg","anf_video_id":"1100181217432140822","anf_hangar_id":"5016244","anf_sekunder":"218","anf_klockslag":"17:26","datumtid":"2018-12-17 17:26:38","anf_datum":"2018-12-17 00:00:00","anf_typ":"ap","anf_text":"<p>Fru talman! Jag misstänker att avsikten med det uppdrag som i våras gavs till ESV och Statskontoret när det gällde att kontrollera ändamålsenligheten i Försvarsmaktens ekonomiska planering kanske inte var att ESV skulle komma tillbaka och säga att det saknas ytterligare 29 miljarder i den nu liggande materielplanen. Men vem vet. Det kanske var syftet. Man ska i politiken vara noga när man bestämmer sig för vad man önskar. Det är nämligen mycket möjligt att man får det.</p><p>Det som vi i dag har på bordet är resultatet av det som ÖB uttalade för snart tre år sedan, nämligen att det inte är så klokt att ha alla ägg i en och samma korg. Vi har tidigare diskuterade både ballistiska missiler och kryssningsrobotar och de enorma räckvidder de har, liksom den höga precision dessa vapen också besitter. Det är viktigt att vi inte blir ett lätt mål för en eventuell motståndare, och genom att utlokalisera våra försvarsgrensstaber minskar den risken påtagligt.</p><p>Liberalerna har därför alls inga problem med den grundläggande tanken bakom det här förslaget. Vi måste dock även erkänna att det finns en lång rad risker förenat med en sådan här omorganisation. En viktig sådan risk handlar om att många medarbetare i Försvarsmakten nu inom kort kommer att byta arbetsplats. Det innebär inte att man byter från ett kvarter till ett annat kvarter på Östermalm, utan det kan plötsligt bli 50, 60 eller 70 kilometer till arbetsplatsen. När sådant genomförs vet vi av erfarenhet att det finns risk för kompetensförluster, det vill säga avhopp.</p><p> STYLEREF Kantrubrik \\* MERGEFORMAT Inrättande av för-svarsgrensstaber</p><p>Man kan inte heller bortse från att när man rumsterar om i den centrala försvarsmaktsledningen finns det, åtminstone under själva omflytten och kanske en tid därefter, risk för att också ledningsförmågan nedgår. Beroende på omvärldssituationen är det mer eller mindre dåligt.</p><p>Fru talman! Det som slår en när man läser propositionen är framför allt de ekonomiska riskerna. Regeringen har inte bemödat sig om att göra någon som helst ekonomisk bedömning av kostnaderna i det här fallet, utan man nöjer sig med att säga att initialt blir det höga kostnader och att, som man säger, \"över tid ska det vara självfinansierande\".</p><p>Hur lång den tiden är vet inte Sveriges riksdag och inte heller regeringen. Vi vet heller inte hur höga de initiala kostnaderna blir.</p><p>Det här kan i bästa fall liknas vid förhoppningar, och det duger inte, fru talman. Vi talar nämligen om en omorganisation och en omflyttning som enligt min bedömning handlar om rätt många hundra miljoner kronor. Det är inte en tvårummare på Södermalm som man ska flytta, utan vi talar om ledningsstruktur, infrastruktur, tekniska lösningar och system - och ett stort antal medarbetare. Av det skälet föreslog vi att man ska ha en särskild löpande rådgivning och utvärdering under det att omflyttningen genomförs. Erfarenheten har visat att det kan vara mycket klokt, fru talman. </p><p>Jag yrkar bifall till reservationen.</p>","anf_beteckning":"2018/19:31-177","anf_nummer":"177","talare":"Allan Widman (L)","intressent_id":"0446541913415","parti":"L","anf_rm":"2018/19"},{"video_id":"1100181217432140222","video_url":"1100181217432140222#pos=646","startpos":"646","tumnagel":["","//mhdownload.riksdagen.se/riksdagen/unrestricted/thumb/1100181217432140222_mid.jpg"],"tumnagel_stor":"//mhdownload.riksdagen.se/riksdagen/unrestricted/thumb/1100181217432140222_high.jpg","anf_video_id":"1100181217432140922","anf_hangar_id":"5016245","anf_sekunder":"222","anf_klockslag":"17:30","datumtid":"2018-12-17 17:30:27","anf_datum":"2018-12-17 00:00:00","anf_typ":"ap","anf_text":"<p>Fru talman! I dag är det en stor dag. Den 17 december 1918 togs ett historiskt beslut om att även kvinnor skulle få rösträtt i Sverige. Det firas även här i riksdagen i dag; invigningen av riksdagens demokratijubileum pågår. Vi har haft 100 år av demokrati, och dagen till ära har det införts en tillfällig allmän flaggdag just för att uppmärksamma denna dag och detta viktiga beslut. Därför känns det faktiskt extra högtidligt att stå i denna talarstol i dag.</p><p>Fru talman! Det är en viktig fråga som vi nu debatterar i betänkandet - inrättandet av försvarsgrensstaber. En viktig del i Försvarsmaktens roll är att skydda och värna vår demokrati. Det är ytterst viktigt då vårt säkerhetsläge och omvärldsutvecklingen har försämrats över tid.</p><p>Fru talman! Riksdagen har beslutat att målet för det militära försvaret från och med 2016 ska vara att enskilt och tillsammans med andra, inom och utom landet, försvara Sverige och främja vår säkerhet genom att </p><p>hävda Sveriges suveränitet och värna suveräna rättigheter och nationella intressen</p><p>förebygga och hantera konflikter och krig</p><p>skydda Sveriges handlingsfrihet vid politisk, militär eller annan påtryckning och om det krävs försvara Sverige mot incidenter och väpnat angrepp</p><p> STYLEREF Kantrubrik \\* MERGEFORMAT Inrättande av för-svarsgrensstaber</p><p>skydda samhället och dess funktionalitet i form av stöd till civila myndigheter.</p><p>Fru talman! Det enskilt viktigaste under försvarsinriktningsperioden 2016-2020 är att öka den operativa förmågan i krigsförbanden och säkerställa den samlade förmågan i totalförsvaret. I budgetunderlaget för 2019 begärde Försvarsmakten att få inrätta försvarsgrensstaber med lokalisering till Enköping, Haninge och Uppsala. Utformningen av försvaret bör i första hand bygga på förmågan att möta ett väpnat angrepp, och den måste medge politisk och militär handlingsfrihet samt ha en inneboende flexibilitet för att kunna hantera föränderligheten i utmaningar och hot.</p><p>Den nuvarande ledningen av Försvarsmakten har sedan länge utgått från en centraliserad styrning av myndighetens uppgifter. Centraliseringen av ledningskapaciteten till Stockholms innerstad skapar i det förändrade omvärldsläget en ökad sårbarhet, vilket många har varit inne på. Därför är det nu viktigt att inrättandet och lokaliseringen av försvarsgrensstaberna sker, vilket enligt Försvarsmakten motiveras bland annat av just den försämrade omvärldsutvecklingen. Syftet med att inrätta staberna är, precis som ni andra har varit inne på, att öka robustheten i ledningsorganisationen genom en ökad geografisk spridning.</p><p>Regeringen delar Försvarsmaktens bedömning att nämnda organisationsenheter bör inrättas och anser det angeläget att detta kan ske så snart som möjligt.</p><p>Med detta sagt, fru talman, yrkar jag bifall till förslaget i betänkandet.</p>","anf_beteckning":"2018/19:31-178","anf_nummer":"178","talare":"Paula Holmqvist (S)","intressent_id":"0974061238314","parti":"S","anf_rm":"2018/19"},{"video_id":"1100181217432140222","video_url":"1100181217432140222#pos=876","startpos":"876","tumnagel":["","//mhdownload.riksdagen.se/riksdagen/unrestricted/thumb/1100181217432140222_mid.jpg"],"tumnagel_stor":"//mhdownload.riksdagen.se/riksdagen/unrestricted/thumb/1100181217432140222_high.jpg","anf_video_id":"1100181217432141022","anf_hangar_id":"5016246","anf_sekunder":"211","anf_klockslag":"17:34","datumtid":"2018-12-17 17:34:17","anf_datum":"2018-12-17 00:00:00","anf_typ":"ap","anf_text":"<p>Fru talman! Vi är positiva till detta. Det har vi varit länge - i flera år. Vi anser att det är absolut nödvändigt att göra detta. </p><p>Efter att ha hört ledamoten Widman från Liberalerna kan jag säga att jag delar uppfattningen att detta kommer att kosta pengar. Det kommer att bli riktigt dyrt, tror jag - betydligt dyrare än vad man säger. Trots detta tycker vi att det är bråttom och motiverat. Det finns en hel del byggda säkerhetssystem på de baser man har valt. Muskö och Enköping har uppbyggt via signalregementet, och det finns även i Uppsala. De riktigt stora kostnaderna bör därför kunna begränsas.</p><p>Jag tror inte heller att man räknar på rätt sätt om man tänker att kostnaderna minskar när man flyttar ut från ett högkvarter. Nej, det gör de inte. Hyreskostnaden är ju kvar. Det är lite kallställda rum, om man inte fyller dem med annan personal. Men så länge man sitter kvar i denna byggnad, som kostar jättemycket pengar, samtidigt som regeringen tyvärr har ställt krav på att i praktiken ta ut högre hyror - man ska öka kraven på hyressättningen, och det landade på Försvarsmakten med ökade hyror - kommer det att bli dyrare. </p><p>Trots detta är det jätteviktigt att man flyttar ut staberna, av säkerhetsskäl. Det går inte att lägga alla äggen i en korg. Om Försvarsmakten sedan kommer tillbaka och tycker att det kostade 100 miljoner eller 200 miljoner - ja, då är det så. Det ska bli intressant att se vad det landar på, men jag tror att det landar på runt 200 miljoner i slutändan. Det tror jag. Jag hoppas att jag har fel. Vi har hört siffran 50 miljoner - bra! Men jag tycker ändå att detta ska göras. Vi kan inte ha den samlade försvarsförmågans ledningar sittande på ett ställe, framför allt inte om de ska skyddas av ett Patriotsystem. </p><p> STYLEREF Kantrubrik \\* MERGEFORMAT Inrättande av för-svarsgrensstaber</p><p>Någon nämnde här att kompetens kan tappas och att officerare slutar. I dag tappar vi ungefär 25-30 procent av dem som går ut från Karlberg. Varför? Ja, man läser ju den akademiska delen, och det kostar inga pengar. Man läser även andra akademiska utbildningar. Jag tror att kompetensförsörjningen börjar tidigt. Som vi har sagt börjar det med värnplikten, och sedan går det uppåt hela tiden: truppslagsvis utbildning från regementet, tillbaka till regementet, och där övar man. Då får man en känsla för truppförbandet. Nu kommer man in från många olika ställen, utan den förbandskänsla som behövs. </p><p>De officerare som sitter i Stockholm och jobbar med de här delarna - om det man själv har undersökt nu stämmer - kommer i allt väsentligt att vara kvar. Om det stämmer eller inte vet vi ju inte, men det är de signalerna vi får. Ett visst kompetenstapp tror jag också kommer att ske, men det övergripande är att flytta ut staberna. Jag tycker att regeringen gör helt rätt, och vi stöder detta. </p>","anf_beteckning":"2018/19:31-179","anf_nummer":"179","talare":"Roger Richtoff (SD)","intressent_id":"0145294944502","parti":"SD","anf_rm":"2018/19"},{"video_id":"1100181217432140222","video_url":"1100181217432140222#pos=1100","startpos":"1100","tumnagel":["","//mhdownload.riksdagen.se/riksdagen/unrestricted/thumb/1100181217432140222_mid.jpg"],"tumnagel_stor":"//mhdownload.riksdagen.se/riksdagen/unrestricted/thumb/1100181217432140222_high.jpg","anf_video_id":"1100181217432141122","anf_hangar_id":"5016247","anf_sekunder":"85","anf_klockslag":"17:38","datumtid":"2018-12-17 17:38:01","anf_datum":"2018-12-17 00:00:00","anf_typ":"ap","anf_text":"<p>Fru talman! När jag lyssnar på Roger Richtoff undrar jag om han har förstått vad som föreslås i Liberalernas motion. Vi instämmer till fullo i att man ska genomföra den här flytten, men vi är oroade över att Försvarsmakten kan behöva stöd - inte bara i ekonomiska beräkningar utan också av expertmyndigheter för att begränsa de risker som finns med detta. När det gäller grundförslaget verkar alltså alla i den här salen vara helt överens.</p><p>Jag blir dock lite konsternerad när jag hör Roger Richtoff säga: Ja, det kommer förmodligen att kosta långt mycket mer pengar än vad man har planerat, och det kommer att ta mycket längre tid. Det ska vi tydligen acceptera utan att på något sätt försöka begränsa sådana skadliga konsekvenser. Det är för mig svårt att förstå att vi här inne, som faktiskt har rätten att anslå samtliga medel till staten, kan resonera på ett så lättvindigt sätt - ja, det blir förmodligen dyrare och tar längre tid, och kanske förlorar vi dessutom kompetensen - men inte på något sätt vara beredda att förhålla sig till den risken eller agera för att den ska minska.</p>","anf_beteckning":"2018/19:31-180","anf_nummer":"180","talare":"Allan Widman (L)","intressent_id":"0446541913415","parti":"L","anf_rm":"2018/19"},{"video_id":"1100181217432140222","video_url":"1100181217432140222#pos=1185","startpos":"1185","tumnagel":["","//mhdownload.riksdagen.se/riksdagen/unrestricted/thumb/1100181217432140222_mid.jpg"],"tumnagel_stor":"//mhdownload.riksdagen.se/riksdagen/unrestricted/thumb/1100181217432140222_high.jpg","anf_video_id":"1100181217432141222","anf_hangar_id":"5016248","anf_sekunder":"73","anf_klockslag":"17:39","datumtid":"2018-12-17 17:39:26","anf_datum":"2018-12-17 00:00:00","anf_typ":"ap","anf_text":"<p>Fru talman! Vi har, som ledamoten Caroline nyss framförde, som princip att tilldela Försvarsmakten uppgifter som den genomför. Sedan talar man om vad det kostar, men man kommer att genomföra dem.</p><p>Ni har en helt annan princip. Först ska ni tilldela en påse pengar och diskutera om de ska flytta. Men Försvarsmakten jobbar ju med detta nu, och med kostnaderna. Den uppgift som ska lösas är att utlokalisera detta, och det jobbar man med. Sedan kommer man tillbaka, och kommer vi att säga nej? Nej, det kommer vi inte att göra.</p><p>Det är skillnad om Försvarsmakten säger: Det här sköter vi själva; vi kommer inte att återkoppla med hur mycket det kostar. Så gör man ju inte. Så vad är poängen med att säga detta? Ska vi sätta dem i mer arbete och skicka ytterligare signaler till Försvarsmakten? Sitt nu ned och börja planera igen! De är skyldiga att - och säger att de ska - återkomma med vilka pengar som krävs för att lösa den uppgift som vi säger åt dem att lösa.</p>","anf_beteckning":"2018/19:31-181","anf_nummer":"181","talare":"Roger Richtoff (SD)","intressent_id":"0145294944502","parti":"SD","anf_rm":"2018/19"},{"video_id":"1100181217432140222","video_url":"1100181217432140222#pos=1259","startpos":"1259","tumnagel":["","//mhdownload.riksdagen.se/riksdagen/unrestricted/thumb/1100181217432140222_mid.jpg"],"tumnagel_stor":"//mhdownload.riksdagen.se/riksdagen/unrestricted/thumb/1100181217432140222_high.jpg","anf_video_id":"1100181217432141322","anf_hangar_id":"5016249","anf_sekunder":"36","anf_klockslag":"17:40","datumtid":"2018-12-17 17:40:40","anf_datum":"2018-12-17 00:00:00","anf_typ":"ap","anf_text":"<p> STYLEREF Kantrubrik \\* MERGEFORMAT Inrättande av för-svarsgrensstaber</p><p>Fru talman! Jag börjar ana att Sverigedemokraterna är inne på en ny, revolutionerande budgetteknik, som innebär att vi delar ut uppgifter i denna kammare och sedan i efterhand, när de återkopplar, som ledamoten Richtoff säger, får se vad det har kostat och vad man har åstadkommit för den kostnaden.</p><p>Fru talman! Jag är, som engelsmännen säger, still confused but on a higher level. Jag förstår inte varför man inte ska agera för att minimera de ekonomiska och andra risker som man ser redan på förhand, utan vänta in smällen efteråt.</p>","anf_beteckning":"2018/19:31-182","anf_nummer":"182","talare":"Allan Widman (L)","intressent_id":"0446541913415","parti":"L","anf_rm":"2018/19"},{"video_id":"1100181217432140222","video_url":"1100181217432140222#pos=1295","startpos":"1295","tumnagel":["","//mhdownload.riksdagen.se/riksdagen/unrestricted/thumb/1100181217432140222_mid.jpg"],"tumnagel_stor":"//mhdownload.riksdagen.se/riksdagen/unrestricted/thumb/1100181217432140222_high.jpg","anf_video_id":"1100181217432141422","anf_hangar_id":"5016250","anf_sekunder":"108","anf_klockslag":"17:41","datumtid":"2018-12-17 17:41:16","anf_datum":"2018-12-17 00:00:00","anf_typ":"ap","anf_text":"<p>Fru talman! Om jag tolkar Liberalerna rätt räknar ni med en besparing på utflyttningen. Redan förra året räknade ni med besparingar. Stämmer inte det?</p><p>I vilket fall som helst skiljer vi oss åt. Vi i Sverigedemokraterna anser att man har en uppgift - vi ska till exempel ha tre, fyra eller fem brigader, som ska utplaceras enligt Försvarsmaktens direktiv. Sedan kommer man tillbaka till oss och talar om att de här målen, att försvara hela landet, kostar så här många miljarder. Vi behöver ubåtar för att göra detta, och vi behöver ett luftvärnssystem. Vi säger åt dem att skaffa ett luftvärnssystem, och de begär pengar för detta.</p><p>Liberalernas tankar och idéer är att vi först ska dela ut uppgifter till dem. Sedan ska vi över åren föra en dialog, och sedan får de en påse pengar. Det är precis så ni har gjort förut. Sedan börjar man att hela tiden dra ned på detta, och då måste vi ändra på målsättningarna för försvaret. Vi måste bestämma oss för om vi ska ställa krav på Försvarsmakten att kunna göra vissa saker. Ska man försvara hela landet? Återkom då och tala om vilka resurser som behövs.</p><p>Antingen delar vi ut pengar för de mål vi sätter, eller också måste vi ändra målsättningarna för försvaret. Nu ska ni flytta ut! Ja, säger de, och så sitter de och räknar och återkommer med var de behöver förstärka budgeten. Då ska vi ge dem de pengarna, efter en noggrann redovisning. Är det någon här som vill backa, om de nu säger 50 miljoner? Vill ni då backa och säga att de ska sitta kvar? Det är Liberalernas idé, men den idén har inte vi. Så där skiljer vi oss.</p><p>Överläggningen var härmed avslutad.</p><p>(Beslut skulle fattas den 18 december.)</p>","anf_beteckning":"2018/19:31-183","anf_nummer":"183","talare":"Roger Richtoff (SD)","intressent_id":"0145294944502","parti":"SD","anf_rm":"2018/19"}]}}}