{"dokumentstatus":{"dokument":{"hangar_id":"5020692","dok_id":"H601JuU32","rm":"2018/19","beteckning":"JuU32","typ":"bet","subtyp":"bet","doktyp":"bet","typrubrik":"Betänkande 2018/19:JuU32","dokumentnamn":"Betänkande","debattnamn":"Debatt om förslag","tempbeteckning":"","organ":"JuU","mottagare":"","nummer":"32","slutnummer":"0","datum":"2019-01-29 00:00:00","systemdatum":"2019-01-29 18:01:24","publicerad":"2019-01-29 18:01:23","titel":"Färre i häkte och minskad isolering","subtitel":"","status":"planerat","htmlformat":"","relaterat_id":"","source":"Brus","sourceid":"e2268642-1f3b-4baa-99ce-4e95101d35a9","dokument_url_text":"http://data.riksdagen.se/dokument/H601JuU32/text","dokument_url_html":"http://data.riksdagen.se/dokument/H601JuU32","dokumentstatus_url_xml":"http://data.riksdagen.se/dokumentstatus/H601JuU32","utskottsforslag_url_xml":"http://data.riksdagen.se/utskottsforslag/H601JuU32","html":"<h2>Färre i häkte och minskad isolering</h2>\r\nDokumentet är inte publicerat"},"dokaktivitet":{"aktivitet":[{"kod":"UBE","namn":"Beredning","datum":"2019-05-09 00:00:00","status":"planerat","ordning":"0","process":null},{"kod":"JUS","namn":"Justering","datum":"2019-05-28 00:00:00","status":"planerat","ordning":"0","process":null},{"kod":"TRY","namn":"Trycklov","datum":"2019-05-29 00:00:00","status":"planerat","ordning":"0","process":null}]},"debatt":null}}