<dokumentstatus>
  <dokument>
    <hangar_id datatype="int32">5010989</hangar_id>
    <dok_id datatype="string">H6021435</dok_id>
    <rm datatype="string">2018/19</rm>
    <beteckning datatype="string">1435</beteckning>
    <typ datatype="string">mot</typ>
    <subtyp datatype="string">Enskild motion</subtyp>
    <doktyp datatype="string">mot</doktyp>
    <typrubrik datatype="string">Motion 2018/19:1435 av Josefin Malmqvist (M)</typrubrik>
    <dokumentnamn datatype="string">Motion</dokumentnamn>
    <debattnamn datatype="string">Motion</debattnamn>
    <tempbeteckning datatype="string">M1885</tempbeteckning>
    <organ datatype="string">CU</organ>
    <mottagare datatype="string"></mottagare>
    <nummer datatype="int32">1435</nummer>
    <slutnummer datatype="int32">0</slutnummer>
    <datum datatype="datetime">2018-11-28 00:00:00</datum>
    <systemdatum datatype="datetime">2019-05-22 12:58:32</systemdatum>
    <publicerad datatype="datetime">2018-11-28 00:00:00</publicerad>
    <titel datatype="string">Modernisering av familjerätten</titel>
    <subtitel datatype="string">av Josefin Malmqvist (M)</subtitel>
    <status datatype="string">Klar</status>
    <htmlformat datatype="string">html</htmlformat>
    <relaterat_id datatype="string"></relaterat_id>
    <source datatype="string">Filur</source>
    <sourceid datatype="string">1114d777-05bb-41a5-a53b-ccac86f76114</sourceid>
    <dokument_url_text datatype="stext">http://data.riksdagen.se/dokument/H6021435/text</dokument_url_text>
    <dokument_url_html datatype="stext">http://data.riksdagen.se/dokument/H6021435</dokument_url_html>
    <dokumentstatus_url_xml datatype="stext">http://data.riksdagen.se/dokumentstatus/H6021435</dokumentstatus_url_xml>
    <html datatype="text">&lt;style&gt;&lt;!-- 
 /********************************************************************************************************/
/* Styles for D:\Logs\DocumentConverter\\Output_d8069243-f3a4-48a1-8bf1-d22c7550fe0e\HTML\Dokument.html */
/* Generated by Aspose.Words for .NET 15.3.0.0                                                          */
/********************************************************************************************************/

@page Section1 { size:595.3pt 841.9pt; margin:35.45pt 85.05pt }
div.Section1 { page:Section1 }
div.pconf body { t-i:17pt; line-height:15pt; font-family:'Verdana'; font-size: 0.90em }
div.pconf h1, h2, h3, h4, h5, h6, p { margin:0pt }
div.pconf li, table { margin-top:0pt; margin-bottom:0pt }
div.pconf h1 { margin-top:41pt; margin-bottom:0pt; t-i:0pt; page-break-inside:avoid; page-break-after:avoid; line-height:19.5pt; font-family:'Verdana'; font-size: 1.05em; font-weight:normal }
div.pconf h2 { margin-top:30pt; margin-bottom:0pt; t-i:0pt; page-break-inside:avoid; page-break-after:avoid; line-height:15pt; font-family:'Verdana'; font-size: 1.00em; font-weight:normal }
div.pconf h3 { margin-top:18pt; margin-bottom:0pt; t-i:0pt; page-break-inside:avoid; page-break-after:avoid; line-height:15pt; font-family:'Verdana'; font-size: 0.90em; font-weight:bold }
div.pconf h4 { margin-top:18pt; margin-bottom:0pt; t-i:0pt; page-break-inside:avoid; page-break-after:avoid; line-height:15pt; font-family:'Verdana'; font-size: 0.90em; font-weight:normal; font-style:italic }
div.pconf h5 { margin-top:15pt; margin-bottom:0pt; t-i:0pt; page-break-inside:avoid; page-break-after:avoid; line-height:15pt; font-family:'Verdana'; font-size: 0.90em; font-weight:bold; font-style:normal }
div.pconf h6 { margin-top:15pt; margin-bottom:0pt; t-i:0pt; page-break-inside:avoid; page-break-after:avoid; line-height:15pt; font-family:'Verdana'; font-size: 0.90em; font-weight:normal; font-style:italic }
.Heading7 { margin-top:15pt; margin-bottom:0pt; t-i:0pt; page-break-inside:avoid; page-break-after:avoid; line-height:15pt; font-family:'Verdana'; font-size: 0.90em; font-weight:normal; font-style:italic }
.Heading8 { margin-top:15pt; margin-bottom:0pt; t-i:0pt; page-break-inside:avoid; page-break-after:avoid; line-height:15pt; font-family:'Verdana'; font-size: 0.90em; font-weight:normal; font-style:italic }
.Heading9 { margin-top:0pt; margin-bottom:0pt; t-i:0pt; page-break-inside:avoid; page-break-after:avoid; line-height:15pt; font-family:'Verdana'; font-size: 0.90em; font-weight:normal; font-style:italic }
.BalloonText { margin-bottom:0pt; t-i:17pt; line-height:normal; font-family:'Segoe UI'; font-size: 0.90em }
.Beteckning { margin-top:18pt; margin-bottom:0pt; t-i:14.2pt; page-break-inside:auto; page-break-after:auto; line-height:19.5pt; font-size: 1.05em }
.BlockText, .Inramatstycke { margin-right:56.7pt; margin-left:56.7pt; margin-bottom:0pt; t-i:0pt; text-align:nojustify; line-height:15pt; border-top-style:solid; border-top-width:0.75pt; border-top-color:#000000; border-right-style:solid; border-right-width:0.75pt; border-right-color:#000000; border-left-style:solid; border-left-width:0.75pt; border-left-color:#000000; border-bottom-style:solid; border-bottom-width:0.75pt; border-bottom-color:#000000; padding-top:10pt; padding-right:10pt; padding-left:10pt; padding-bottom:10pt; font-size: 0.90em; font-style:italic }
.Citaticitat { margin-top:7.5pt; margin-left:34pt; margin-bottom:0pt; t-i:0pt; line-height:12pt; font-size: 0.90em }
.Citaticitatmedindrag { margin-top:0pt; margin-left:34pt; margin-bottom:7.5pt; t-i:17pt; line-height:12pt; font-size: 0.90em }
.Citatmedindrag { margin-top:0pt; margin-left:17pt; margin-bottom:0pt; t-i:17pt; line-height:12pt; font-size: 0.90em }
.CommentSubject { margin-bottom:0pt; t-i:17pt; line-height:normal; font-size: 0.90em; font-weight:bold }
.CommentText { margin-bottom:0pt; t-i:17pt; line-height:normal; font-size: 0.90em }
.FSHTitel, .Dokumentrubrik { margin-top:4pt; margin-bottom:4pt; t-i:0pt; page-break-inside:avoid; page-break-after:avoid; line-height:20pt; border-bottom-style:solid; border-bottom-width:0.75pt; border-bottom-color:#000000; padding-bottom:3pt; font-size: 1.05em }
.FSHLogo { margin-top:4pt; margin-bottom:0pt; t-i:0pt; line-height:normal; font-size: 0.90em }
.FSHNormL { margin-top:4pt; margin-bottom:0pt; t-i:0pt; line-height:15pt; border-top-style:solid; border-top-width:1.5pt; border-top-color:#000000; padding-top:3pt; font-size: 0.90em }
.FSHNormal { margin-top:4pt; margin-bottom:0pt; t-i:0pt; line-height:15pt; font-size: 0.90em }
.FSHNormalS5 { margin-top:11.5pt; margin-bottom:26pt; t-i:0pt; page-break-inside:avoid; page-break-after:avoid; line-height:12.5pt; font-size: 0.95em; font-weight:bold }
.FSHRub1, .Rubrik1S5 { margin-top:135pt; margin-bottom:0pt; t-i:0pt; page-break-inside:avoid; page-break-after:avoid; line-height:16pt; font-size: 1.00em }
.FSHRub2, .Rubrik1A4 { margin-top:50pt; margin-bottom:5pt; t-i:0pt; page-break-inside:avoid; page-break-after:avoid; line-height:24pt; font-size: 1.05em }
.Footer { margin-top:4pt; margin-bottom:0pt; t-i:0pt; text-align:center; line-height:normal; font-size: 0.90em }
.FootnoteText { margin-top:0pt; margin-bottom:0pt; t-i:0pt; line-height:12pt; font-size: 0.90em }
.Yrkandehnv, .Frslagspunkthnv { margin-bottom:0pt; t-i:0pt; page-break-inside:avoid; page-break-after:avoid; font-size: 0.90em }
.Frslagsrubrik { margin-top:41pt; margin-bottom:0pt; t-i:0pt; page-break-inside:avoid; page-break-after:avoid; line-height:19.5pt; font-family:'Verdana'; font-size: 1.05em }
.Frslagstext, .Hemstlatt, .Yrkande { margin-top:4pt; margin-left:19.85pt; margin-bottom:0pt; t-i:-19.85pt; line-height:15pt; font-size: 0.90em }
.Header { margin-top:4pt; margin-bottom:0pt; t-i:0pt; line-height:normal; font-size: 0.90em }
.KantRubrikS5H { margin-top:6pt; margin-right:2.85pt; margin-bottom:0pt; t-i:0pt; text-align:right; line-height:8pt; font-size: 0.90em }
.KantRubrikS5Hrad2 { margin-top:0pt; margin-right:2.85pt; margin-bottom:0pt; t-i:0pt; text-align:right; line-height:10pt; font-size: 0.90em }
.KantRubrikS5V { margin-top:6pt; margin-right:0pt; margin-bottom:0pt; t-i:0pt; text-align:left; line-height:8pt; font-size: 0.90em }
.KantRubrikS5Vrad2 { margin-top:0pt; margin-right:0pt; margin-bottom:0pt; t-i:0pt; text-align:left; line-height:10pt; font-size: 0.90em }
.KantrubrikH { margin-top:4pt; margin-right:0pt; margin-bottom:0pt; t-i:0pt; text-align:right; line-height:15pt; font-size: 0.90em }
.KantrubrikV { margin-top:4pt; margin-left:0pt; margin-bottom:0pt; t-i:0pt; line-height:normal; font-size: 0.90em }
.Klla { margin-top:0pt; margin-bottom:0pt; t-i:0pt; line-height:12pt; font-size: 0.90em }
.Lagtext { margin-top:4pt; margin-bottom:0pt; t-i:0pt; line-height:normal; font-size: 0.90em }
.Lagtextindrag { margin-top:4pt; margin-bottom:0pt; t-i:14.2pt; line-height:normal; font-size: 0.90em }
.Lagtextrubrik { margin-top:4pt; margin-bottom:0pt; t-i:0pt; line-height:normal; font-size: 0.90em; font-style:italic; letter-spacing:1pt }
.List { margin-top:7.5pt; margin-left:17pt; margin-bottom:7.5pt; t-i:-17pt; line-height:15pt; font-size: 0.90em }
.ListBullet, .PunktlistaBomb { margin-top:4pt; margin-left:14.2pt; margin-bottom:0pt; t-i:-14.2pt; line-height:15pt; font-size: 0.90em }
.ListNumber, .PunktlistaNummer { margin-top:4pt; margin-left:14.2pt; margin-bottom:0pt; t-i:-14.2pt; line-height:15pt; font-size: 0.90em }
.ListParagraph { margin-left:36pt; margin-bottom:0pt; t-i:17pt; line-height:15pt; font-size: 0.90em }
.ListaGemener { margin-top:7.5pt; margin-left:17pt; margin-bottom:7.5pt; t-i:-17pt; line-height:15pt; font-size: 0.90em }
.ListaLinje { margin-top:7.5pt; margin-left:17pt; margin-bottom:7.5pt; t-i:-17pt; line-height:15pt; font-size: 0.90em }
.ListaNummer { margin-top:7.5pt; margin-left:17pt; margin-bottom:7.5pt; t-i:-17pt; line-height:15pt; font-size: 0.90em }
.ListaPunkt { margin-top:7.5pt; margin-left:17pt; margin-bottom:7.5pt; t-i:-17pt; line-height:15pt; font-size: 0.90em }
.MotionTIllRiksdagen { margin-top:18pt; margin-bottom:0pt; t-i:0pt; page-break-inside:avoid; page-break-after:avoid; line-height:19.5pt; font-size: 1.05em }
.Motionr { margin-top:14pt; margin-bottom:31.5pt; t-i:0pt; page-break-inside:avoid; line-height:15pt; font-size: 1.00em; font-weight:bold; font-style:normal }
.NormalIndent { margin-left:65.2pt; margin-bottom:0pt; t-i:17pt; line-height:15pt; font-size: 0.90em }
.Normalutanindragellerluft { margin-top:4pt; margin-bottom:0pt; t-i:0pt; line-height:15pt; font-size: 0.90em }
.Normal00 { margin-top:4pt; margin-bottom:0pt; t-i:0pt; line-height:normal; font-size: 0.90em }
.NormalA4fot { margin-top:12pt; margin-bottom:0pt; t-i:0pt; text-align:center; line-height:normal; font-size: 0.90em }
.NormalA4sidnr { margin-top:4pt; margin-bottom:12pt; t-i:0pt; text-align:center; line-height:normal; font-size: 0.90em }
.NormalS5sidnrH { margin-top:4pt; margin-right:2.85pt; margin-bottom:0pt; t-i:0pt; text-align:right; line-height:normal; font-size: 0.90em }
.NormalS5sidnrV { margin-top:4pt; margin-right:0pt; margin-bottom:0pt; t-i:0pt; text-align:left; line-height:normal; font-size: 0.90em }
.PlainText { margin-bottom:0pt; t-i:0pt; line-height:12pt; font-family:'Verdana'; font-size: 0.90em }
.Strecklista, .PunktlistaTankstreck { margin-top:4pt; margin-left:14.2pt; margin-bottom:0pt; t-i:-14.2pt; line-height:15pt; font-size: 0.90em }
.Quote { margin-top:7.5pt; margin-left:17pt; margin-bottom:0pt; t-i:0pt; line-height:12pt; font-size: 0.90em }
.R1 { margin-top:41pt; margin-bottom:0pt; t-i:0pt; page-break-inside:avoid; page-break-after:avoid; line-height:19.5pt; font-family:'Verdana'; font-size: 1.05em }
.R2 { margin-top:30pt; margin-bottom:0pt; t-i:0pt; page-break-inside:avoid; page-break-after:avoid; line-height:15pt; font-family:'Verdana'; font-size: 1.00em }
.R3 { margin-top:18pt; margin-bottom:0pt; t-i:0pt; page-break-inside:avoid; page-break-after:avoid; line-height:15pt; font-family:'Verdana'; font-size: 0.90em; font-weight:bold }
.Rubrik1numrerat { margin-top:41pt; margin-left:18pt; margin-bottom:0pt; t-i:-18pt; page-break-inside:auto; page-break-after:avoid; line-height:19.5pt; font-family:'Verdana'; font-size: 1.05em }
.Rubrik2numrerat { margin-top:30pt; margin-left:39.6pt; margin-bottom:0pt; t-i:-39.6pt; page-break-inside:avoid; page-break-after:avoid; line-height:15pt; font-family:'Verdana'; font-size: 1.00em }
.Rubrik3numrerat { margin-top:18pt; margin-left:61.2pt; margin-bottom:0pt; t-i:-61.2pt; page-break-inside:avoid; page-break-after:avoid; line-height:15pt; font-family:'Verdana'; font-size: 0.90em; font-weight:bold }
.Rubrik4numrerat { margin-top:18pt; margin-left:82.2pt; margin-bottom:0pt; t-i:-82.2pt; page-break-inside:avoid; page-break-after:avoid; line-height:15pt; font-family:'Verdana'; font-size: 0.90em; font-weight:normal; font-style:italic }
.RubrikFrslagTIllRiksdagsbeslut { margin-top:41pt; margin-bottom:15pt; t-i:0pt; page-break-inside:avoid; page-break-after:avoid; line-height:19.5pt; font-family:'Verdana'; font-size: 1.05em }
.RubrikInnehllsf { margin-top:41pt; margin-bottom:0pt; t-i:0pt; page-break-inside:avoid; page-break-after:avoid; line-height:19.5pt; font-family:'Verdana'; font-size: 1.05em }
.RubrikSammanf { margin-top:41pt; margin-bottom:0pt; t-i:0pt; page-break-inside:avoid; page-break-after:avoid; line-height:19.5pt; font-family:'Verdana'; font-size: 1.05em }
.Salutation { margin-top:41pt; margin-bottom:0pt; t-i:0pt; page-break-inside:avoid; page-break-after:avoid; line-height:19.5pt; font-family:'Verdana'; font-size: 1.05em }
.Streckkod { margin-top:12pt; margin-bottom:0pt; t-i:0pt; text-align:center; line-height:normal; font-family:IDAutomationHC39S; font-size: 1.00em }
.Subtitle { margin-top:4pt; margin-bottom:0pt; t-i:0pt; line-height:15pt; font-family:'Verdana'; font-size: 0.90em; font-weight:bold }
.TOC1 { margin-top:4pt; margin-bottom:0pt; t-i:0pt; line-height:15pt; font-size: 0.90em }
.TOC2 { margin-top:4pt; margin-left:14.2pt; margin-bottom:0pt; t-i:0pt; line-height:15pt; font-size: 0.90em }
.TOC3 { margin-top:4pt; margin-left:28.35pt; margin-bottom:0pt; t-i:0pt; line-height:15pt; font-size: 0.90em }
.TOC4 { margin-top:4pt; margin-left:42.55pt; margin-bottom:0pt; t-i:0pt; line-height:15pt; font-size: 0.90em }
.TOC5 { margin-top:4pt; margin-left:56.7pt; margin-bottom:0pt; t-i:0pt; line-height:15pt; font-size: 0.90em }
.TOC6 { margin-top:4pt; margin-left:56.7pt; margin-bottom:0pt; t-i:0pt; line-height:15pt; font-size: 0.90em }
.TOC7 { margin-top:15pt; margin-left:56.7pt; margin-bottom:0pt; t-i:14.2pt; page-break-inside:avoid; page-break-after:avoid; line-height:normal; font-family:'Verdana'; font-size: 0.90em; font-weight:normal; font-style:italic }
.TOC8 { margin-top:15pt; margin-left:56.7pt; margin-bottom:0pt; t-i:14.2pt; page-break-inside:avoid; page-break-after:avoid; line-height:normal; font-family:'Verdana'; font-size: 0.90em; font-weight:normal; font-style:italic }
.TOC9 { margin-top:15pt; margin-left:56.7pt; margin-bottom:0pt; t-i:14.2pt; page-break-inside:avoid; page-break-after:avoid; line-height:normal; font-family:'Verdana'; font-size: 0.90em; font-weight:normal; font-style:italic }
.TOCHeading { margin-top:41pt; margin-bottom:0pt; t-i:0pt; page-break-inside:avoid; page-break-after:avoid; line-height:19.5pt; font-family:'Verdana'; font-size: 1.05em }
.Tabellunderrubrik { margin-top:0pt; margin-bottom:0pt; t-i:0pt; line-height:15pt; font-size: 0.90em; font-weight:normal; font-style:italic }
.Tabellrubrik { margin-top:7.5pt; margin-bottom:0pt; t-i:0pt; line-height:15pt; font-size: 0.90em; font-weight:bold }
.Title { margin-top:41pt; margin-bottom:0pt; t-i:0pt; page-break-inside:avoid; page-break-after:avoid; line-height:19.5pt; font-family:'Verdana'; font-size: 1.05em }
.Underskriftdatum { margin-top:24pt; margin-bottom:3pt; t-i:0pt; page-break-inside:avoid; line-height:15pt; font-size: 0.90em; font-style:normal }
.Underskrifter { margin-top:15pt; margin-bottom:3pt; t-i:0pt; page-break-inside:avoid; line-height:15pt; font-size: 0.90em; font-style:italic }
span.BallongtextChar { font-family:'Segoe UI'; font-size: 0.90em }
span.BeteckningChar { font-size:19.5pt }
span.CommentReference { font-size:8pt }
span.FSHRub2Char, span.Rubrik1A4Char { font-size:24pt }
span.FotnotstextChar { font-size:10pt }
span.InledningChar { font-family:'Verdana'; font-size: 1.00em; font-weight:bold }
span.IntenseReference { font-weight:normal; font-style:normal; font-variant:normal; text-decoration:none; text-transform:none; letter-spacing:0pt; vertical-align:0pt; color:#000000; display:inline }
span.KommentarerChar { font-size:10pt }
span.KommentarsmneChar { font-size:10pt; font-weight:bold }
span.MotionTIllRiksdagenChar { font-size:19.5pt }
span.OformateradtextChar { font-family:'Verdana'; font-size: 0.90em }
span.PlaceholderText { color:#f4b083 }
span.Rubrik1Char { font-family:'Verdana'; font-size: 1.05em }
span.Rubrik2Char { font-family:'Verdana'; font-size: 1.00em; font-weight:bold }
span.Rubrik3Char { font-family:'Verdana'; font-size: 0.90em; font-weight:bold }
span.Rubrik4Char { font-family:'Verdana'; font-size: 0.90em; font-style:italic }
span.Rubrik5Char { font-family:'Verdana'; font-weight:bold }
span.Rubrik6Char { font-family:'Verdana'; font-style:italic }
span.Rubrik7Char { font-family:'Verdana'; font-size: 0.90em; font-weight:bold }
span.Rubrik8Char { font-family:'Verdana'; font-size: 0.90em; font-weight:bold }
span.Rubrik9Char { font-family:'Verdana'; font-size: 0.90em; font-weight:bold }
span.RubrikChar { font-family:'Verdana'; font-size: 1.00em; font-weight:bold }
span.SidfotChar { font-size:11.5pt }
span.UnderrubrikChar { font-family:'Verdana'; font-size: 0.90em; font-weight:bold }
.TableGrid {  }

.pconf{width: 450px;margin-left:5px;overflow:visable;font-family:Verdana, Geneva, sans-serif;} 
 .sidhuvud_publikation, .sidhuvud_beteckning{font-size:133%}
.MotionarLista {font-size:122%}

--&gt;&lt;/style&gt;&lt;div class="pconf"&gt;&lt;span class="sidhuvud_publikation"&gt;Motion till riksdagen&lt;/span&gt;&lt;br/&gt;
&lt;span class="sidhuvud_beteckning"&gt;2018/19:1435&lt;/span&gt;&lt;br/&gt;
&lt;span class="MotionarLista"&gt;av Josefin Malmqvist (M)&lt;/span&gt;&lt;br/&gt;
&lt;h1&gt;Modernisering av familjerätten&lt;/h1&gt;
&lt;hr class="sidhuvud_linje"/&gt;


		&lt;div class="Section1"&gt;
			&lt;h1 style="margin-bottom:15pt; -aw-sdt-tag:CC_Boilerplate_4; -aw-sdt-title:CC_Boilerplate_4"&gt;
				&lt;span&gt;Förslag till riksdagsbeslut&lt;/span&gt;
			&lt;/h1&gt;
			&lt;ol type="1" style="margin:0pt; padding-left:0pt"&gt;
				&lt;li class="Frslagstext" style="margin-left:14pt; t-i:0pt; padding-left:5.85pt; font-family:'Verdana'; font-size: 0.90em"&gt;
					&lt;span style="font-family:'Verdana'; font-size: 0.90em"&gt;Riksdagen ställer sig bakom det som anförs i motionen om att införa en könsneutral lag om föräldraskapspresumtion och tillkännager detta för regeringen.&lt;/span&gt;
				&lt;/li&gt;
				&lt;li class="Frslagstext" style="margin-left:14pt; t-i:0pt; padding-left:5.85pt; font-family:'Verdana'; font-size: 0.90em"&gt;
					&lt;span style="font-family:'Verdana'; font-size: 0.90em"&gt;Riksdagen ställer sig bakom det som anförs i motionen om föräldraskapspresumtion för barn i samboskap, om annat inte anmäls till socialnämnden, och tillkännager detta för regeringen.&lt;/span&gt;
				&lt;/li&gt;
				&lt;li class="Frslagstext" style="margin-left:14pt; t-i:0pt; padding-left:5.85pt; font-family:'Verdana'; font-size: 0.90em"&gt;
					&lt;span style="font-family:'Verdana'; font-size: 0.90em"&gt;Riksdagen ställer sig bakom det som anförs i motionen om att erkänna föräldraskap för utländska assisterade befruktningar inom äktenskap eller samboskap, om annat inte anmäls till socialnämnden, och tillkännager detta för regeringen.&lt;/span&gt;
				&lt;/li&gt;
				&lt;li class="Frslagstext" style="margin-left:14pt; t-i:0pt; padding-left:5.85pt; font-family:'Verdana'; font-size: 0.90em"&gt;
					&lt;span style="font-family:'Verdana'; font-size: 0.90em"&gt;Riksdagen ställer sig bakom det som anförs i motionen om att se över socialtjänstlagen avseende familjehem, så att anhörig eller annan närstående inte behöver övervägas i första hand och att förutsättningar för etablering i stället blir vägledande och tillkännager detta för regeringen.&lt;/span&gt;
				&lt;/li&gt;
				&lt;li class="Frslagstext" style="margin-left:14pt; t-i:0pt; padding-left:5.85pt; font-family:'Verdana'; font-size: 0.90em"&gt;
					&lt;span style="font-family:'Verdana'; font-size: 0.90em"&gt;Riksdagen ställer sig bakom det som anförs i motionen om att ge möjlighet att fastställa fler vårdnadshavare än två och tillkännager detta för regeringen.&lt;/span&gt;
				&lt;/li&gt;
				&lt;li class="Frslagstext" style="margin-left:14pt; t-i:0pt; padding-left:5.85pt; font-family:'Verdana'; font-size: 0.90em"&gt;
					&lt;span style="font-family:'Verdana'; font-size: 0.90em"&gt;Riksdagen ställer sig bakom det som anförs i motionen om att barnets rätt till fungerande vårdnadshavare ska vara större än föräldrars rätt till vårdnaden om sina biologiska barn och tillkännager detta för regeringen.&lt;/span&gt;
				&lt;/li&gt;
			&lt;/ol&gt;
			&lt;h1 style="-aw-sdt-tag:CC_Motivering_Rubrik; -aw-sdt-title:CC_Motivering_Rubrik"&gt;
				&lt;a name="MotionsStart"&gt;&lt;/a&gt;&lt;span&gt;Motivering&lt;/span&gt;
			&lt;/h1&gt;
			&lt;p class="Normalutanindragellerluft"&gt;
				&lt;span&gt;Socialtjänstens resurser bör gå till familjer som inte fungerar och att säkra alla barns möjligheter att bli sitt bästa. Dagens lagstiftning tvingar istället socialtjänsten att ägna resurser åt att ut&lt;/span&gt;&lt;span&gt;reda fullt fungerande föräldrar&lt;/span&gt;&lt;span&gt;, vilket inte gynnar någon.&lt;/span&gt;
			&lt;/p&gt;
			&lt;p&gt;
				&lt;span&gt;I takt med att familjebildning blir vanligare utan äktenskap, har andelen faderskapsutredningar i förhål&lt;/span&gt;&lt;span&gt;lande till antalet nyfödda ökat&lt;/span&gt;&lt;span&gt;. Ogifta föräldrar behöver genomgå myndighetshandläggning för att fastställa fadern. Beslutet ska fattas av socialnämnden i kommunen. För gifta, olikkönade par gäller den så kallade lagen om faderskapspresumtion, som förutsätter att gifta skaffar barn med varandra.&lt;/span&gt;
			&lt;/p&gt;
			&lt;p&gt;
				&lt;span&gt;Barn till samkönade par behandlas orättvist av en omodern lagstiftning. Även om föräldrarna är gifta, ska föräldraskapet fastställas av socialnämnden för samkönade par. Från kommunen mottar man som samkönat, gift par en blankett försedd med en rubrik i stil med ”faderskapsutredning för ogifta”. För två nyblivna föräldrar där det saknas såväl fader som någon ogift i hushållet, kan denna behandling på goda grunder upplevas diskriminerande eller kränkande.&lt;/span&gt;
			&lt;/p&gt;
			&lt;p&gt;
				&lt;span&gt;Barn till två kvinnor som genomgått assister&lt;/span&gt;&lt;span&gt;ad befruktning i ett annat land&lt;/span&gt;&lt;span&gt; utsätts för ytterligare diskriminering. Barnet behöver adopteras, i så kallad närståendeadoption, av den förälder som inte burit barnet. En sådan behandling av nyblivna föräldrar eller nyfödda barn hör inte hemma i ett modernt samhälle.&lt;/span&gt;
			&lt;/p&gt;
			&lt;p&gt;
				&lt;span&gt;Dagens regler om assisterad befruktning likställer tillgången för samkönade och olikkönade par, men föräldrabalkens bestämmelser om det juridiska föräldraskapet gör samtidigt skillnad. Statens offentliga utredning&lt;/span&gt;&lt;span&gt; (&lt;/span&gt;&lt;span&gt;SOU&lt;/span&gt;&lt;span&gt;)&lt;/span&gt;&lt;span&gt; 2007:3 om föräldraskap vid assisterad befruktning föreslår en könsneutral lag om föräldraskapspresumtion, och erkännande av föräldraskap efter assisterad befruktning utomlands. &lt;/span&gt;&lt;span&gt;Även SOU 2018:68, som i skrivande stund är ute på remiss, föreslår att en föräl&lt;/span&gt;&lt;span&gt;draskapspresumtion ska införas.&lt;/span&gt;&lt;span&gt; Detta bör skyndsamt bli lag. &lt;/span&gt;
			&lt;/p&gt;
			&lt;p&gt;
				&lt;span&gt;Vårdnadshavande är en annan del av familjerätten som behöver moderniseras. Barn har rätt till vårdnadshavare som är det bästa för dem, och det kan förekomma att det är både en, två eller flera personer som antingen är eller inte är biologiska föräldrar till barnet. Barnets bästa bör vara i centrum, men bör inte sammanblandas med varken genetik eller antal.&lt;/span&gt;
			&lt;/p&gt;
			&lt;p&gt;
				&lt;span&gt;Barn kan enligt lag inte ha fler än två vårdnadshavare och vårdnadshavarna är, om inte särskilda skäl föreligger, lika med barnets biologiska föräldrar. Om vårdnads&lt;/span&gt;&lt;span&gt;­&lt;/span&gt;&lt;span&gt;havaren inte är biologisk förälder kan det exempelvis bero på att barnet varit familjehemsplacerad under hela eller merparten av uppväxten i ett hushåll som i samförstånd sedermera önskar bli juridisk vårdnadshavare. Socialnämnden kan då ansöka om att föra över vårdnaden till familjehemmet.&lt;/span&gt;
			&lt;/p&gt;
			&lt;p&gt;
				&lt;span&gt;Reglerna kring familjehemsplaceringar behöver i &lt;/span&gt;&lt;span&gt;större &lt;/span&gt;&lt;span&gt;utsträckning ta sikte på barnets förutsättningar, inte minst vad gäller ensamkommande barn och unga. Familjehemmen gör en betydelsefull insats för barn som på grund av en rad olika orsaker behöver stöd och en trygg uppväxtmiljö.&lt;/span&gt;&lt;span&gt; &lt;/span&gt;&lt;span&gt;En stor andel ensamkommande barn och unga &lt;/span&gt;&lt;span&gt;är placerade i familjehem&lt;/span&gt;&lt;span&gt;, inte minst de som kommer till Sverige i yngre åldrar&lt;/span&gt;&lt;span&gt;. Vid bedömning av familjehem har ”anhörig eller annan närstående” företräde enligt Socialtjänstlagen. Det kan vara det bästa, men kan i andra fall försvåra etableringen i Sverige. Ensamkommande som själva saknar nätverk och språkkunskaper kan riskera sämre förutsättningar att klara skolan och få sitt första jobb om de placeras i familjer som själva inte är etablerade. Det riskerar att försvåra integrationsutmaningen. Förutsättningar för etablering bör vara vägledande i bedömningen.&lt;/span&gt;
			&lt;/p&gt;
			&lt;p&gt;
				&lt;span&gt;Frågan om vårdnad är inte okomplicerad. Med fler vårdnadshavare kan också risken för konflikter om barnets bästa växa. Regeringen bör därför utreda frågan noga, men i syfte att få till en mer modern inriktning och säkerställa att barns rätt till fungerande vårdnadshavare blir större än föräldrars rätt till vårdnaden om sina biologiska barn.&lt;/span&gt;
			&lt;/p&gt;
			&lt;p&gt;
				&lt;span&gt;Barn som växer upp i familjekonstellationer där en icke-biologisk förälder, exempelvis en biologisk förälders nya partner, har fått en lika eller mer föräldralik roll än en biologisk förälder, bör också kunna få denne som juridisk vårdnadshavare. På samma sätt behöver vårdnad kunna ges till samtliga föräldrar när exempelvis två homosexuella par gemensamt skaffar barn.&lt;/span&gt;
			&lt;/p&gt;
			&lt;p&gt;
				&lt;span&gt;Lagstiftningen är omodern och ineffektiv. Det är hög tid för en bred modernisering av familjerätten.&lt;/span&gt;
			&lt;/p&gt;
			&lt;p style="-aw-sdt-tag:CC_Underskrifter; -aw-sdt-title:CC_Underskrifter"&gt;
				&lt;span&gt; &lt;/span&gt;
			&lt;/p&gt;
			&lt;p style="-aw-sdt-tag:CC_Underskrifter; -aw-sdt-title:CC_Underskrifter"&gt;
				&lt;span&gt; &lt;/span&gt;
			&lt;/p&gt;
			&lt;table cellspacing="0" cellpadding="0" style="border-collapse:collapse; margin-left:0pt; width:100%"&gt;
				&lt;tr&gt;
					&lt;td style="padding-left:5.4pt; padding-right:5.4pt; vertical-align:bottom; width:1%"&gt;
						&lt;p class="Underskrifter" style="margin-top:15pt; margin-bottom:3pt; t-i:0pt; page-break-inside:avoid; line-height:15pt"&gt;
							&lt;span style="font-style:italic"&gt;Josefin Malmqvist (M)&lt;/span&gt;
						&lt;/p&gt;
					&lt;/td&gt;
					&lt;td style="padding-left:5.4pt; padding-right:5.4pt; vertical-align:bottom; width:1%"&gt;
						&lt;p class="Underskrifter" style="margin-top:15pt; margin-bottom:3pt; t-i:0pt; page-break-inside:avoid; line-height:15pt"&gt;
							&lt;span style="font-style:italic"&gt; &lt;/span&gt;
						&lt;/p&gt;
					&lt;/td&gt;
				&lt;/tr&gt;
			&lt;/table&gt;
			&lt;p&gt;
				&lt;span&gt; &lt;/span&gt;
			&lt;/p&gt;
		&lt;/div&gt;
	&lt;/div&gt;</html>
  </dokument>
<dokforslag>
<forslag>
<nummer datatype="int32">1</nummer>
<beteckning datatype="string" />
<lydelse datatype="string">Riksdagen ställer sig bakom det som anförs i motionen om att införa en könsneutral lag om föräldraskapspresumtion och tillkännager detta för regeringen.</lydelse>
<lydelse2 datatype="string" />
<utskottet datatype="string">Avslag</utskottet>
<kammaren datatype="string">Avslag</kammaren>
<behandlas_i datatype="string">2018/19:CU7</behandlas_i>
<behandlas_i_punkt datatype="string" />
<kammarbeslutstyp datatype="string" />
<intressent datatype="string">CU</intressent>
<avsnitt datatype="string" />
<grundforfattning datatype="string" />
<andringsforfattning datatype="string" />
</forslag>
<forslag>
<nummer datatype="int32">2</nummer>
<beteckning datatype="string" />
<lydelse datatype="string">Riksdagen ställer sig bakom det som anförs i motionen om föräldraskapspresumtion för barn i samboskap, om annat inte anmäls till socialnämnden, och tillkännager detta för regeringen.</lydelse>
<lydelse2 datatype="string" />
<utskottet datatype="string">Avslag</utskottet>
<kammaren datatype="string">Avslag</kammaren>
<behandlas_i datatype="string">2018/19:CU7</behandlas_i>
<behandlas_i_punkt datatype="string" />
<kammarbeslutstyp datatype="string" />
<intressent datatype="string">CU</intressent>
<avsnitt datatype="string" />
<grundforfattning datatype="string" />
<andringsforfattning datatype="string" />
</forslag>
<forslag>
<nummer datatype="int32">3</nummer>
<beteckning datatype="string" />
<lydelse datatype="string">Riksdagen ställer sig bakom det som anförs i motionen om att erkänna föräldraskap för utländska assisterade befruktningar inom äktenskap eller samboskap, om annat inte anmäls till socialnämnden, och tillkännager detta för regeringen.</lydelse>
<lydelse2 datatype="string" />
<utskottet datatype="string">Avslag</utskottet>
<kammaren datatype="string">Avslag</kammaren>
<behandlas_i datatype="string">2018/19:CU7</behandlas_i>
<behandlas_i_punkt datatype="string" />
<kammarbeslutstyp datatype="string" />
<intressent datatype="string">CU</intressent>
<avsnitt datatype="string" />
<grundforfattning datatype="string" />
<andringsforfattning datatype="string" />
</forslag>
<forslag>
<nummer datatype="int32">4</nummer>
<beteckning datatype="string" />
<lydelse datatype="string">Riksdagen ställer sig bakom det som anförs i motionen om att se över socialtjänstlagen avseende familjehem, så att anhörig eller annan närstående inte behöver övervägas i första hand och att förutsättningar för etablering i stället blir vägledande och tillkännager detta för regeringen.</lydelse>
<lydelse2 datatype="string" />
<utskottet datatype="string">Avslag</utskottet>
<kammaren datatype="string">Avslag</kammaren>
<behandlas_i datatype="string">2018/19:SoU9</behandlas_i>
<behandlas_i_punkt datatype="string" />
<kammarbeslutstyp datatype="string" />
<intressent datatype="string">SoU</intressent>
<avsnitt datatype="string" />
<grundforfattning datatype="string" />
<andringsforfattning datatype="string" />
</forslag>
<forslag>
<nummer datatype="int32">5</nummer>
<beteckning datatype="string" />
<lydelse datatype="string">Riksdagen ställer sig bakom det som anförs i motionen om att ge möjlighet att fastställa fler vårdnadshavare än två och tillkännager detta för regeringen.</lydelse>
<lydelse2 datatype="string" />
<utskottet datatype="string">Avslag</utskottet>
<kammaren datatype="string">Avslag</kammaren>
<behandlas_i datatype="string">2018/19:CU7</behandlas_i>
<behandlas_i_punkt datatype="string" />
<kammarbeslutstyp datatype="string" />
<intressent datatype="string">CU</intressent>
<avsnitt datatype="string" />
<grundforfattning datatype="string" />
<andringsforfattning datatype="string" />
</forslag>
<forslag>
<nummer datatype="int32">6</nummer>
<beteckning datatype="string" />
<lydelse datatype="string">Riksdagen ställer sig bakom det som anförs i motionen om att barnets rätt till fungerande vårdnadshavare ska vara större än föräldrars rätt till vårdnaden om sina biologiska barn och tillkännager detta för regeringen.</lydelse>
<lydelse2 datatype="string" />
<utskottet datatype="string">Avslag</utskottet>
<kammaren datatype="string">Avslag</kammaren>
<behandlas_i datatype="string">2018/19:CU7</behandlas_i>
<behandlas_i_punkt datatype="string" />
<kammarbeslutstyp datatype="string" />
<intressent datatype="string">CU</intressent>
<avsnitt datatype="string" />
<grundforfattning datatype="string" />
<andringsforfattning datatype="string" />
</forslag>
</dokforslag>
<dokaktivitet>
<aktivitet>
<kod datatype="string">INL</kod>
<namn datatype="string">Inlämnad</namn>
<datum datatype="datetime">2018-11-28 14:44:31</datum>
<status datatype="string">inträffat</status>
<ordning datatype="int32">0</ordning>
<process datatype="string">behandling</process>
</aktivitet>
<aktivitet>
<kod datatype="string">Granskad</kod>
<namn datatype="string">Granskad</namn>
<datum datatype="datetime">2018-11-28 14:52:17</datum>
<status datatype="string">inträffat</status>
<ordning datatype="int32">0</ordning>
<process datatype="string">behandling</process>
</aktivitet>
<aktivitet>
<kod datatype="string">HÄN</kod>
<namn datatype="string">Hänvisad</namn>
<datum datatype="datetime">2018-12-05 00:00:00</datum>
<status datatype="string">inträffat</status>
<ordning datatype="int32">0</ordning>
<process datatype="string">behandling</process>
</aktivitet>
</dokaktivitet>
<dokintressent>
<intressent>
<intressent_id datatype="string">019430605328</intressent_id>
<namn datatype="string">Josefin Malmqvist</namn>
<partibet datatype="string">M</partibet>
<ordning datatype="int16">1</ordning>
<roll datatype="string">undertecknare</roll>
</intressent>
</dokintressent>
<dokuppgift>
<uppgift>
<kod datatype="string">motkat</kod>
<namn datatype="string">Motionskategori</namn>
<text datatype="string">Fristående motion</text>
<dok_id datatype="string">H6021435</dok_id>
<systemdatum datatype="datetime">2019-05-22 12:57:31</systemdatum>
</uppgift>
<uppgift>
<kod datatype="string">tilldelat</kod>
<namn datatype="string">Tilldelat</namn>
<text datatype="string">Civilutskottet</text>
<dok_id datatype="string">H6021435</dok_id>
<systemdatum datatype="datetime">2019-05-22 12:57:31</systemdatum>
</uppgift>
<uppgift>
<kod datatype="string">statustext</kod>
<namn datatype="string">statustext</namn>
<text datatype="string">Ärendet är avslutat</text>
<dok_id datatype="string">H6021435</dok_id>
<systemdatum datatype="datetime">2019-04-25 17:53:15</systemdatum>
</uppgift>
</dokuppgift>
<dokbilaga>
<bilaga>
<dok_id datatype="string">H6021435</dok_id>
<titel datatype="string">Modernisering av familjerätten</titel>
<subtitel datatype="string">av Josefin Malmqvist (M)</subtitel>
<filnamn datatype="string">mot_201819__1435.docx</filnamn>
<filstorlek datatype="int32">71559</filstorlek>
<filtyp datatype="string">docx</filtyp>
<fil_url datatype="string">http://data.riksdagen.se/fil/ED6A9293-0D44-4C50-9118-7F75F96A6BC3</fil_url>
</bilaga>
<bilaga>
<dok_id datatype="string">H6021435</dok_id>
<titel datatype="string">Modernisering av familjerätten</titel>
<subtitel datatype="string">av Josefin Malmqvist (M)</subtitel>
<filnamn datatype="string">mot_201819__1435.pdf</filnamn>
<filstorlek datatype="int32">79799</filstorlek>
<filtyp datatype="string">pdf</filtyp>
<fil_url datatype="string">http://data.riksdagen.se/fil/2AFEC0A5-EB4F-4D49-BECD-361156983902</fil_url>
</bilaga>
</dokbilaga>
<dokreferens>
<referens>
<referenstyp datatype="string">behandlas_i</referenstyp>
<uppgift datatype="string">2018/19:CU7</uppgift>
<ref_dok_id datatype="string">H601CU7</ref_dok_id>
<ref_dok_typ datatype="string">bet</ref_dok_typ>
<ref_dok_rm datatype="string">2018/19</ref_dok_rm>
<ref_dok_bet datatype="string">CU7</ref_dok_bet>
<ref_dok_titel datatype="string">Familjerätt</ref_dok_titel>
<ref_dok_subtitel datatype="string" />
<ref_dok_subtyp datatype="string">bet</ref_dok_subtyp>
<ref_dok_dokumentnamn datatype="string">Betänkande</ref_dok_dokumentnamn>
</referens>
<referens>
<referenstyp datatype="string">behandlas_i</referenstyp>
<uppgift datatype="string">2018/19:SoU9</uppgift>
<ref_dok_id datatype="string">H601SoU9</ref_dok_id>
<ref_dok_typ datatype="string">bet</ref_dok_typ>
<ref_dok_rm datatype="string">2018/19</ref_dok_rm>
<ref_dok_bet datatype="string">SoU9</ref_dok_bet>
<ref_dok_titel datatype="string">Socialtjänst- och barnfrågor</ref_dok_titel>
<ref_dok_subtitel datatype="string" />
<ref_dok_subtyp datatype="string">bet</ref_dok_subtyp>
<ref_dok_dokumentnamn datatype="string">Betänkande</ref_dok_dokumentnamn>
</referens>
</dokreferens>
<debatt /></dokumentstatus>