<dokumentstatus>
  <dokument>
    <hangar_id datatype="int32">5010638</hangar_id>
    <dok_id datatype="string">H6021169</dok_id>
    <rm datatype="string">2018/19</rm>
    <beteckning datatype="string">1169</beteckning>
    <typ datatype="string">mot</typ>
    <subtyp datatype="string">Enskild motion</subtyp>
    <doktyp datatype="string">mot</doktyp>
    <typrubrik datatype="string">Motion 2018/19:1169 av Lawen Redar m.fl. (S)</typrubrik>
    <dokumentnamn datatype="string">Motion</dokumentnamn>
    <debattnamn datatype="string">Motion</debattnamn>
    <tempbeteckning datatype="string">S2208</tempbeteckning>
    <organ datatype="string">UU</organ>
    <mottagare datatype="string"></mottagare>
    <nummer datatype="int32">1169</nummer>
    <slutnummer datatype="int32">0</slutnummer>
    <datum datatype="datetime">2018-11-27 00:00:00</datum>
    <systemdatum datatype="datetime">2019-08-30 15:39:45</systemdatum>
    <publicerad datatype="datetime">2018-11-27 00:00:00</publicerad>
    <titel datatype="string">Erkänn det kurdiska folkets rätt till självbestämmande</titel>
    <subtitel datatype="string">av Lawen Redar m.fl. (S)</subtitel>
    <status datatype="string">Klar</status>
    <htmlformat datatype="string">html</htmlformat>
    <relaterat_id datatype="string"></relaterat_id>
    <source datatype="string">Filur</source>
    <sourceid datatype="string">b73633d2-a316-4541-a9f7-1d0150a3e170</sourceid>
    <dokument_url_text datatype="stext">http://data.riksdagen.se/dokument/H6021169/text</dokument_url_text>
    <dokument_url_html datatype="stext">http://data.riksdagen.se/dokument/H6021169</dokument_url_html>
    <dokumentstatus_url_xml datatype="stext">http://data.riksdagen.se/dokumentstatus/H6021169</dokumentstatus_url_xml>
    <html datatype="text">&lt;style&gt;&lt;!-- 
 /********************************************************************************************************/
/* Styles for D:\Logs\DocumentConverter\\Output_285e7785-d698-427a-a736-0e1a08b7f784\HTML\Dokument.html */
/* Generated by Aspose.Words for .NET 15.3.0.0                                                          */
/********************************************************************************************************/

@page Section1 { size:595.3pt 841.9pt; margin:35.45pt 85.05pt }
div.Section1 { page:Section1 }
div.pconf body { t-i:17pt; line-height:15pt; font-family:'Verdana'; font-size: 0.90em }
div.pconf h1, h2, h3, h4, h5, h6, p { margin:0pt }
div.pconf li, table { margin-top:0pt; margin-bottom:0pt }
div.pconf h1 { margin-top:41pt; margin-bottom:0pt; t-i:0pt; page-break-inside:avoid; page-break-after:avoid; line-height:19.5pt; font-family:'Verdana'; font-size: 1.05em; font-weight:normal }
div.pconf h2 { margin-top:30pt; margin-bottom:0pt; t-i:0pt; page-break-inside:avoid; page-break-after:avoid; line-height:15pt; font-family:'Verdana'; font-size: 1.00em; font-weight:normal }
div.pconf h3 { margin-top:18pt; margin-bottom:0pt; t-i:0pt; page-break-inside:avoid; page-break-after:avoid; line-height:15pt; font-family:'Verdana'; font-size: 0.90em; font-weight:bold }
div.pconf h4 { margin-top:18pt; margin-bottom:0pt; t-i:0pt; page-break-inside:avoid; page-break-after:avoid; line-height:15pt; font-family:'Verdana'; font-size: 0.90em; font-weight:normal; font-style:italic }
div.pconf h5 { margin-top:15pt; margin-bottom:0pt; t-i:0pt; page-break-inside:avoid; page-break-after:avoid; line-height:15pt; font-family:'Verdana'; font-size: 0.90em; font-weight:bold; font-style:normal }
div.pconf h6 { margin-top:15pt; margin-bottom:0pt; t-i:0pt; page-break-inside:avoid; page-break-after:avoid; line-height:15pt; font-family:'Verdana'; font-size: 0.90em; font-weight:normal; font-style:italic }
.Heading7 { margin-top:15pt; margin-bottom:0pt; t-i:0pt; page-break-inside:avoid; page-break-after:avoid; line-height:15pt; font-family:'Verdana'; font-size: 0.90em; font-weight:normal; font-style:italic }
.Heading8 { margin-top:15pt; margin-bottom:0pt; t-i:0pt; page-break-inside:avoid; page-break-after:avoid; line-height:15pt; font-family:'Verdana'; font-size: 0.90em; font-weight:normal; font-style:italic }
.Heading9 { margin-top:0pt; margin-bottom:0pt; t-i:0pt; page-break-inside:avoid; page-break-after:avoid; line-height:15pt; font-family:'Verdana'; font-size: 0.90em; font-weight:normal; font-style:italic }
.BalloonText { margin-bottom:0pt; t-i:17pt; line-height:normal; font-family:'Segoe UI'; font-size: 0.90em }
.Beteckning { margin-top:18pt; margin-bottom:0pt; t-i:14.2pt; page-break-inside:auto; page-break-after:auto; line-height:19.5pt; font-size: 1.05em }
.BlockText, .Inramatstycke { margin-right:56.7pt; margin-left:56.7pt; margin-bottom:0pt; t-i:0pt; text-align:nojustify; line-height:15pt; border-top-style:solid; border-top-width:0.75pt; border-top-color:#000000; border-right-style:solid; border-right-width:0.75pt; border-right-color:#000000; border-left-style:solid; border-left-width:0.75pt; border-left-color:#000000; border-bottom-style:solid; border-bottom-width:0.75pt; border-bottom-color:#000000; padding-top:10pt; padding-right:10pt; padding-left:10pt; padding-bottom:10pt; font-size: 0.90em; font-style:italic }
.Citaticitat { margin-top:7.5pt; margin-left:34pt; margin-bottom:0pt; t-i:0pt; line-height:12pt; font-size: 0.90em }
.Citaticitatmedindrag { margin-top:0pt; margin-left:34pt; margin-bottom:7.5pt; t-i:17pt; line-height:12pt; font-size: 0.90em }
.Citatmedindrag { margin-top:0pt; margin-left:17pt; margin-bottom:0pt; t-i:17pt; line-height:12pt; font-size: 0.90em }
.CommentSubject { margin-bottom:0pt; t-i:17pt; line-height:normal; font-size: 0.90em; font-weight:bold }
.CommentText { margin-bottom:0pt; t-i:17pt; line-height:normal; font-size: 0.90em }
.FSHTitel, .Dokumentrubrik { margin-top:4pt; margin-bottom:4pt; t-i:0pt; page-break-inside:avoid; page-break-after:avoid; line-height:20pt; border-bottom-style:solid; border-bottom-width:0.75pt; border-bottom-color:#000000; padding-bottom:3pt; font-size: 1.05em }
.FSHLogo { margin-top:4pt; margin-bottom:0pt; t-i:0pt; line-height:normal; font-size: 0.90em }
.FSHNormL { margin-top:4pt; margin-bottom:0pt; t-i:0pt; line-height:15pt; border-top-style:solid; border-top-width:1.5pt; border-top-color:#000000; padding-top:3pt; font-size: 0.90em }
.FSHNormal { margin-top:4pt; margin-bottom:0pt; t-i:0pt; line-height:15pt; font-size: 0.90em }
.FSHNormalS5 { margin-top:11.5pt; margin-bottom:26pt; t-i:0pt; page-break-inside:avoid; page-break-after:avoid; line-height:12.5pt; font-size: 0.95em; font-weight:bold }
.FSHRub1, .Rubrik1S5 { margin-top:135pt; margin-bottom:0pt; t-i:0pt; page-break-inside:avoid; page-break-after:avoid; line-height:16pt; font-size: 1.00em }
.FSHRub2, .Rubrik1A4 { margin-top:50pt; margin-bottom:5pt; t-i:0pt; page-break-inside:avoid; page-break-after:avoid; line-height:24pt; font-size: 1.05em }
.Footer { margin-top:4pt; margin-bottom:0pt; t-i:0pt; text-align:center; line-height:normal; font-size: 0.90em }
.FootnoteText { margin-top:0pt; margin-bottom:0pt; t-i:0pt; line-height:12pt; font-size: 0.90em }
.Yrkandehnv, .Frslagspunkthnv { margin-bottom:0pt; t-i:0pt; page-break-inside:avoid; page-break-after:avoid; font-size: 0.90em }
.Frslagsrubrik { margin-top:41pt; margin-bottom:0pt; t-i:0pt; page-break-inside:avoid; page-break-after:avoid; line-height:19.5pt; font-family:'Verdana'; font-size: 1.05em }
.Frslagstext, .Hemstlatt, .Yrkande { margin-top:4pt; margin-left:19.85pt; margin-bottom:0pt; t-i:-19.85pt; line-height:15pt; font-size: 0.90em }
.Header { margin-top:4pt; margin-bottom:0pt; t-i:0pt; line-height:normal; font-size: 0.90em }
.KantRubrikS5H { margin-top:6pt; margin-right:2.85pt; margin-bottom:0pt; t-i:0pt; text-align:right; line-height:8pt; font-size: 0.90em }
.KantRubrikS5Hrad2 { margin-top:0pt; margin-right:2.85pt; margin-bottom:0pt; t-i:0pt; text-align:right; line-height:10pt; font-size: 0.90em }
.KantRubrikS5V { margin-top:6pt; margin-right:0pt; margin-bottom:0pt; t-i:0pt; text-align:left; line-height:8pt; font-size: 0.90em }
.KantRubrikS5Vrad2 { margin-top:0pt; margin-right:0pt; margin-bottom:0pt; t-i:0pt; text-align:left; line-height:10pt; font-size: 0.90em }
.KantrubrikH { margin-top:4pt; margin-right:0pt; margin-bottom:0pt; t-i:0pt; text-align:right; line-height:15pt; font-size: 0.90em }
.KantrubrikV { margin-top:4pt; margin-left:0pt; margin-bottom:0pt; t-i:0pt; line-height:normal; font-size: 0.90em }
.Klla { margin-top:0pt; margin-bottom:0pt; t-i:0pt; line-height:12pt; font-size: 0.90em }
.Lagtext { margin-top:4pt; margin-bottom:0pt; t-i:0pt; line-height:normal; font-size: 0.90em }
.Lagtextindrag { margin-top:4pt; margin-bottom:0pt; t-i:14.2pt; line-height:normal; font-size: 0.90em }
.Lagtextrubrik { margin-top:4pt; margin-bottom:0pt; t-i:0pt; line-height:normal; font-size: 0.90em; font-style:italic; letter-spacing:1pt }
.List { margin-top:7.5pt; margin-left:17pt; margin-bottom:7.5pt; t-i:-17pt; line-height:15pt; font-size: 0.90em }
.ListBullet, .PunktlistaBomb { margin-top:4pt; margin-left:14.2pt; margin-bottom:0pt; t-i:-14.2pt; line-height:15pt; font-size: 0.90em }
.ListNumber, .PunktlistaNummer { margin-top:4pt; margin-left:14.2pt; margin-bottom:0pt; t-i:-14.2pt; line-height:15pt; font-size: 0.90em }
.ListParagraph { margin-left:36pt; margin-bottom:0pt; t-i:17pt; line-height:15pt; font-size: 0.90em }
.ListaGemener { margin-top:7.5pt; margin-left:17pt; margin-bottom:7.5pt; t-i:-17pt; line-height:15pt; font-size: 0.90em }
.ListaLinje { margin-top:7.5pt; margin-left:17pt; margin-bottom:7.5pt; t-i:-17pt; line-height:15pt; font-size: 0.90em }
.ListaNummer { margin-top:7.5pt; margin-left:17pt; margin-bottom:7.5pt; t-i:-17pt; line-height:15pt; font-size: 0.90em }
.ListaPunkt { margin-top:7.5pt; margin-left:17pt; margin-bottom:7.5pt; t-i:-17pt; line-height:15pt; font-size: 0.90em }
.MotionTIllRiksdagen { margin-top:18pt; margin-bottom:0pt; t-i:0pt; page-break-inside:avoid; page-break-after:avoid; line-height:19.5pt; font-size: 1.05em }
.Motionr { margin-top:14pt; margin-bottom:31.5pt; t-i:0pt; page-break-inside:avoid; line-height:15pt; font-size: 1.00em; font-weight:bold; font-style:normal }
.NormalIndent { margin-left:65.2pt; margin-bottom:0pt; t-i:17pt; line-height:15pt; font-size: 0.90em }
.Normalutanindragellerluft { margin-top:4pt; margin-bottom:0pt; t-i:0pt; line-height:15pt; font-size: 0.90em }
.Normal00 { margin-top:4pt; margin-bottom:0pt; t-i:0pt; line-height:normal; font-size: 0.90em }
.NormalA4fot { margin-top:12pt; margin-bottom:0pt; t-i:0pt; text-align:center; line-height:normal; font-size: 0.90em }
.NormalA4sidnr { margin-top:4pt; margin-bottom:12pt; t-i:0pt; text-align:center; line-height:normal; font-size: 0.90em }
.NormalS5sidnrH { margin-top:4pt; margin-right:2.85pt; margin-bottom:0pt; t-i:0pt; text-align:right; line-height:normal; font-size: 0.90em }
.NormalS5sidnrV { margin-top:4pt; margin-right:0pt; margin-bottom:0pt; t-i:0pt; text-align:left; line-height:normal; font-size: 0.90em }
.PlainText { margin-bottom:0pt; t-i:0pt; line-height:12pt; font-family:'Verdana'; font-size: 0.90em }
.Strecklista, .PunktlistaTankstreck { margin-top:4pt; margin-left:14.2pt; margin-bottom:0pt; t-i:-14.2pt; line-height:15pt; font-size: 0.90em }
.Quote { margin-top:7.5pt; margin-left:17pt; margin-bottom:0pt; t-i:0pt; line-height:12pt; font-size: 0.90em }
.R1 { margin-top:41pt; margin-bottom:0pt; t-i:0pt; page-break-inside:avoid; page-break-after:avoid; line-height:19.5pt; font-family:'Verdana'; font-size: 1.05em }
.R2 { margin-top:30pt; margin-bottom:0pt; t-i:0pt; page-break-inside:avoid; page-break-after:avoid; line-height:15pt; font-family:'Verdana'; font-size: 1.00em }
.R3 { margin-top:18pt; margin-bottom:0pt; t-i:0pt; page-break-inside:avoid; page-break-after:avoid; line-height:15pt; font-family:'Verdana'; font-size: 0.90em; font-weight:bold }
.Rubrik1numrerat { margin-top:41pt; margin-left:18pt; margin-bottom:0pt; t-i:-18pt; page-break-inside:auto; page-break-after:avoid; line-height:19.5pt; font-family:'Verdana'; font-size: 1.05em }
.Rubrik2numrerat { margin-top:30pt; margin-left:39.6pt; margin-bottom:0pt; t-i:-39.6pt; page-break-inside:avoid; page-break-after:avoid; line-height:15pt; font-family:'Verdana'; font-size: 1.00em }
.Rubrik3numrerat { margin-top:18pt; margin-left:61.2pt; margin-bottom:0pt; t-i:-61.2pt; page-break-inside:avoid; page-break-after:avoid; line-height:15pt; font-family:'Verdana'; font-size: 0.90em; font-weight:bold }
.Rubrik4numrerat { margin-top:18pt; margin-left:82.2pt; margin-bottom:0pt; t-i:-82.2pt; page-break-inside:avoid; page-break-after:avoid; line-height:15pt; font-family:'Verdana'; font-size: 0.90em; font-weight:normal; font-style:italic }
.RubrikFrslagTIllRiksdagsbeslut { margin-top:41pt; margin-bottom:15pt; t-i:0pt; page-break-inside:avoid; page-break-after:avoid; line-height:19.5pt; font-family:'Verdana'; font-size: 1.05em }
.RubrikInnehllsf { margin-top:41pt; margin-bottom:0pt; t-i:0pt; page-break-inside:avoid; page-break-after:avoid; line-height:19.5pt; font-family:'Verdana'; font-size: 1.05em }
.RubrikSammanf { margin-top:41pt; margin-bottom:0pt; t-i:0pt; page-break-inside:avoid; page-break-after:avoid; line-height:19.5pt; font-family:'Verdana'; font-size: 1.05em }
.Salutation { margin-top:41pt; margin-bottom:0pt; t-i:0pt; page-break-inside:avoid; page-break-after:avoid; line-height:19.5pt; font-family:'Verdana'; font-size: 1.05em }
.Streckkod { margin-top:12pt; margin-bottom:0pt; t-i:0pt; text-align:center; line-height:normal; font-family:IDAutomationHC39S; font-size: 1.00em }
.Subtitle { margin-top:4pt; margin-bottom:0pt; t-i:0pt; line-height:15pt; font-family:'Verdana'; font-size: 0.90em; font-weight:bold }
.TOC1 { margin-top:4pt; margin-bottom:0pt; t-i:0pt; line-height:15pt; font-size: 0.90em }
.TOC2 { margin-top:4pt; margin-left:14.2pt; margin-bottom:0pt; t-i:0pt; line-height:15pt; font-size: 0.90em }
.TOC3 { margin-top:4pt; margin-left:28.35pt; margin-bottom:0pt; t-i:0pt; line-height:15pt; font-size: 0.90em }
.TOC4 { margin-top:4pt; margin-left:42.55pt; margin-bottom:0pt; t-i:0pt; line-height:15pt; font-size: 0.90em }
.TOC5 { margin-top:4pt; margin-left:56.7pt; margin-bottom:0pt; t-i:0pt; line-height:15pt; font-size: 0.90em }
.TOC6 { margin-top:4pt; margin-left:56.7pt; margin-bottom:0pt; t-i:0pt; line-height:15pt; font-size: 0.90em }
.TOC7 { margin-top:15pt; margin-left:56.7pt; margin-bottom:0pt; t-i:14.2pt; page-break-inside:avoid; page-break-after:avoid; line-height:normal; font-family:'Verdana'; font-size: 0.90em; font-weight:normal; font-style:italic }
.TOC8 { margin-top:15pt; margin-left:56.7pt; margin-bottom:0pt; t-i:14.2pt; page-break-inside:avoid; page-break-after:avoid; line-height:normal; font-family:'Verdana'; font-size: 0.90em; font-weight:normal; font-style:italic }
.TOC9 { margin-top:15pt; margin-left:56.7pt; margin-bottom:0pt; t-i:14.2pt; page-break-inside:avoid; page-break-after:avoid; line-height:normal; font-family:'Verdana'; font-size: 0.90em; font-weight:normal; font-style:italic }
.TOCHeading { margin-top:41pt; margin-bottom:0pt; t-i:0pt; page-break-inside:avoid; page-break-after:avoid; line-height:19.5pt; font-family:'Verdana'; font-size: 1.05em }
.Tabellunderrubrik { margin-top:0pt; margin-bottom:0pt; t-i:0pt; line-height:15pt; font-size: 0.90em; font-weight:normal; font-style:italic }
.Tabellrubrik { margin-top:7.5pt; margin-bottom:0pt; t-i:0pt; line-height:15pt; font-size: 0.90em; font-weight:bold }
.Title { margin-top:41pt; margin-bottom:0pt; t-i:0pt; page-break-inside:avoid; page-break-after:avoid; line-height:19.5pt; font-family:'Verdana'; font-size: 1.05em }
.Underskriftdatum { margin-top:24pt; margin-bottom:3pt; t-i:0pt; page-break-inside:avoid; line-height:15pt; font-size: 0.90em; font-style:normal }
.Underskrifter { margin-top:15pt; margin-bottom:3pt; t-i:0pt; page-break-inside:avoid; line-height:15pt; font-size: 0.90em; font-style:italic }
span.BallongtextChar { font-family:'Segoe UI'; font-size: 0.90em }
span.BeteckningChar { font-size:19.5pt }
span.CommentReference { font-size:8pt }
span.FSHRub2Char, span.Rubrik1A4Char { font-size:24pt }
span.FotnotstextChar { font-size:10pt }
span.InledningChar { font-family:'Verdana'; font-size: 1.00em; font-weight:bold }
span.IntenseReference { font-weight:normal; font-style:normal; font-variant:normal; text-decoration:none; text-transform:none; letter-spacing:0pt; vertical-align:0pt; color:#000000; display:inline }
span.KommentarerChar { font-size:10pt }
span.KommentarsmneChar { font-size:10pt; font-weight:bold }
span.MotionTIllRiksdagenChar { font-size:19.5pt }
span.OformateradtextChar { font-family:'Verdana'; font-size: 0.90em }
span.PlaceholderText { color:#f4b083 }
span.Rubrik1Char { font-family:'Verdana'; font-size: 1.05em }
span.Rubrik2Char { font-family:'Verdana'; font-size: 1.00em; font-weight:bold }
span.Rubrik3Char { font-family:'Verdana'; font-size: 0.90em; font-weight:bold }
span.Rubrik4Char { font-family:'Verdana'; font-size: 0.90em; font-style:italic }
span.Rubrik5Char { font-family:'Verdana'; font-weight:bold }
span.Rubrik6Char { font-family:'Verdana'; font-style:italic }
span.Rubrik7Char { font-family:'Verdana'; font-size: 0.90em; font-weight:bold }
span.Rubrik8Char { font-family:'Verdana'; font-size: 0.90em; font-weight:bold }
span.Rubrik9Char { font-family:'Verdana'; font-size: 0.90em; font-weight:bold }
span.RubrikChar { font-family:'Verdana'; font-size: 1.00em; font-weight:bold }
span.SidfotChar { font-size:11.5pt }
span.UnderrubrikChar { font-family:'Verdana'; font-size: 0.90em; font-weight:bold }
.TableGrid {  }

.pconf{width: 450px;margin-left:5px;overflow:visable;font-family:Verdana, Geneva, sans-serif;} 
 .sidhuvud_publikation, .sidhuvud_beteckning{font-size:133%}
.MotionarLista {font-size:122%}

--&gt;&lt;/style&gt;&lt;div class="pconf"&gt;&lt;span class="sidhuvud_publikation"&gt;Motion till riksdagen&lt;/span&gt;&lt;br/&gt;
&lt;span class="sidhuvud_beteckning"&gt;2018/19:1169&lt;/span&gt;&lt;br/&gt;
&lt;span class="MotionarLista"&gt;av Lawen Redar m.fl. (S)&lt;/span&gt;&lt;br/&gt;
&lt;h1&gt;Erkänn det kurdiska folkets rätt till självbestämmande&lt;/h1&gt;
&lt;hr class="sidhuvud_linje"/&gt;


		&lt;div class="Section1"&gt;
			&lt;h1 style="margin-bottom:15pt; -aw-sdt-tag:CC_Boilerplate_4; -aw-sdt-title:CC_Boilerplate_4"&gt;
				&lt;span&gt;Förslag till riksdagsbeslut&lt;/span&gt;
			&lt;/h1&gt;
			&lt;p class="Frslagstext" style="-aw-sdt-tag:9662e870-59e1-489e-b277-bf665ffd59a3; -aw-sdt-title:'Yrkande 1'"&gt;
				&lt;span&gt;Riksdagen ställer sig bakom det som anförs i motionen om att regeringen ska erkänna det kurdiska folkets rätt till självbestämmande och tillkännager detta för regeringen.&lt;/span&gt;
			&lt;/p&gt;
			&lt;h1 style="-aw-sdt-tag:CC_Motivering_Rubrik; -aw-sdt-title:CC_Motivering_Rubrik"&gt;
				&lt;a name="MotionsStart"&gt;&lt;/a&gt;&lt;span&gt;Kurder och Kurdistan&lt;/span&gt;
			&lt;/h1&gt;
			&lt;p class="Normalutanindragellerluft"&gt;
				&lt;span&gt;Kurder utgör idag Mellanösterns fjärde största folkgrupp. Av olika anledningar råder stor osäkerhet kring befolkningsstatistiken. Enligt Minority Rights Group anges kurder i Turkiet uppskattas till &lt;/span&gt;&lt;span&gt;15 miljoner, Iran 7&lt;/span&gt;&lt;span&gt; &lt;/span&gt;&lt;span&gt;miljoner, Irak 6–&lt;/span&gt;&lt;span&gt;7 miljoner samt Syrien 1,5 miljoner. &lt;/span&gt;&lt;span&gt;Därutöver finns ca&lt;/span&gt;&lt;span&gt; &lt;/span&gt;&lt;span&gt;2&lt;/span&gt;&lt;span&gt; &lt;/span&gt;&lt;span&gt;miljoner i Centralasien och cirka 35 miljoner utanför det geografiska området Kurdistan. &lt;/span&gt;
			&lt;/p&gt;
			&lt;p&gt;
				&lt;span&gt;Det kurdiska språket tillhör d&lt;/span&gt;&lt;span&gt;en iranska grenen inom den indo&lt;/span&gt;&lt;span&gt;europeiska språk&lt;/span&gt;&lt;span&gt;­&lt;/span&gt;&lt;span&gt;familjen men saknar släktskap med &lt;/span&gt;&lt;span&gt;både&lt;/span&gt;&lt;span&gt; turkiska &lt;/span&gt;&lt;span&gt;och&lt;/span&gt;&lt;span&gt; arabiska. Frånvaron av en gemensam statsapparat har lett till avsaknaden av ett standardiserat kurdiskt språk, &lt;/span&gt;&lt;span&gt;och &lt;/span&gt;&lt;span&gt;istället talas &lt;/span&gt;&lt;span&gt;ett &lt;/span&gt;&lt;span&gt;flertal dialekter. Kurdiskans huvuddialekter är sorani som huvudsakligen talas av kurder i Iran och Irak och kurmanji som är dominerande &lt;/span&gt;&lt;span&gt;bland kurder som bor i Turkiet och &lt;/span&gt;&lt;span&gt;Syrien. Det finns även mindre dialekter som zaza och gurani. Skriftspråket är olika av historiska skäl. Kurder i Irak och Iran använder, liksom perserna, modifierade arabiska bokstäver och kurder i Turkiet och Syrien bokstäver på latin. &lt;/span&gt;
			&lt;/p&gt;
			&lt;p&gt;
				&lt;span&gt;Det sammanhängande landområde i Mellanöstern som bebo&lt;/span&gt;&lt;span&gt;s av kurder utgör en yta på 500&lt;/span&gt;&lt;span&gt; &lt;/span&gt;&lt;span&gt;000 kvadratkilometer. Det omfattar norra och nordöstra Irak, nordvästra Iran, sydöstra Turkiet samt nordligaste Syrien. Området har sedan lång tid gått under&lt;/span&gt;&lt;span&gt; &lt;/span&gt;&lt;span&gt;benämningen Kurdistan (kurdernas land). I området bor också andra religiösa och etniska grupper som assyrier, kaldéer, syrianer, armenier, turkmener, araber, azerier, turkar och perser.&lt;/span&gt;
			&lt;/p&gt;
			&lt;h1&gt;
				&lt;span&gt;Historisk överblick &lt;/span&gt;
			&lt;/h1&gt;
			&lt;h2 style="margin-top:18pt"&gt;
				&lt;span&gt;Kurdistan – &lt;/span&gt;&lt;span&gt;landet som aldrig blev&lt;/span&gt;
			&lt;/h2&gt;
			&lt;p class="Normalutanindragellerluft"&gt;
				&lt;span&gt;Efter första v&lt;/span&gt;&lt;span&gt;ärldskriget och det o&lt;/span&gt;&lt;span&gt;smanska rikets nederlag initierade den amerikanska presidenten Wilson ett 14-punktsprogram om självbestämmande för lydfolken i Osmanska riket. Syftet var att riket skulle delas upp i nya stater som antingen var självständiga eller under fransk eller britti&lt;/span&gt;&lt;span&gt;sk kontroll, vilket även Sykes–&lt;/span&gt;&lt;span&gt;Picot&lt;/span&gt;&lt;span&gt;-&lt;/span&gt;&lt;span&gt;avtalet mellan Storbritannien och Frankrike år 1916 syftade till. Övergången från imperier till nationalstater ändrade den politiska dagordningen och ideologierna i Mellanöstern. Den första begäran om kurdisk självständighet tillkännagavs till fredskonferensen som sed&lt;/span&gt;&lt;span&gt;er&lt;/span&gt;&lt;span&gt;mera undertecknades i augusti år 1920 under fredsfördraget i Sèvres i Frankrike. Kurderna erkändes rätten att bilda en egen stat. &lt;/span&gt;
			&lt;/p&gt;
			&lt;p&gt;
				&lt;span&gt;Fördraget kom dessvärre aldrig att ratificeras. De allierades geopolitiska avväg&lt;/span&gt;&lt;span&gt;­&lt;/span&gt;&lt;span&gt;ningar stod till nackdel för kurderna liksom de förändrade styrkeförhållandena. I det nya Lausannefördraget från år 1923 nämndes varken kurdernas rättigheter eller Kurdistan. Lausannefördraget delade istället det geografiska området mellan den nya staten Turkiet och de nybildade staterna Irak och Syrien som kontrollerades av britterna och frans&lt;/span&gt;&lt;span&gt;­&lt;/span&gt;&lt;span&gt;männen. Kurderna i Iran förblev&lt;/span&gt;&lt;span&gt; under iranskt styre vilket var&lt;/span&gt;&lt;span&gt; den andra delningen av Kurdistan. &lt;/span&gt;
			&lt;/p&gt;
			&lt;p&gt;
				&lt;span&gt;Det första försöket till självstyre och egen stat, sedan 1900-talets början, har varit det kortlivade kungarik&lt;/span&gt;&lt;span&gt;et Kurdistan i Irak mellan 1922 och 1924 styrt av shejk Mahm&lt;/span&gt;&lt;span&gt;ud B&lt;/span&gt;&lt;span&gt;arza&lt;/span&gt;&lt;span&gt;nji samt Kurdistans demokratiska republik i Mahabad i Iran som skedde i samband med maktvakuumet som uppstod efter andra världskriget. Republiken överlevde i elva månader. &lt;/span&gt;
			&lt;/p&gt;
			&lt;h2&gt;
				&lt;span&gt;Bakur –&lt;/span&gt;&lt;span&gt; kurderna i Turkiet&lt;/span&gt;
			&lt;/h2&gt;
			&lt;p class="Normalutanindragellerluft"&gt;
				&lt;span&gt;Lausannefreden ledde till det internationella er&lt;/span&gt;&lt;span&gt;kännandet av ”&lt;/span&gt;&lt;span&gt;Republiken Turkiet&lt;/span&gt;&lt;span&gt;”&lt;/span&gt;&lt;span&gt; som Osmanska rikets efterföljarstat. Republiken utropades officiellt 29 oktober 1923 i den nya huvudstaden Ankara och Mustafa Kemal blev republikens första president. Den nya staten var baserad på en stark centralmakt, urbant fokuserad på ekonomisk moder&lt;/span&gt;&lt;span&gt;­&lt;/span&gt;&lt;span&gt;nisering och etnonationalistisk enighet. ”En st&lt;/span&gt;&lt;span&gt;at, ett folk och ett språk” var&lt;/span&gt;&lt;span&gt; ledorden för moderniseringsprojektet. Kemalismen infördes som officiell statsideologi år 1931 och blev en d&lt;/span&gt;&lt;span&gt;el av konstitutionen år 1937.&lt;/span&gt;
			&lt;/p&gt;
			&lt;p&gt;
				&lt;span&gt;Den etnonationalistiska politiken kom att innebära decennier av militariserad assimileringspolitik i form av deportationer, massak&lt;/span&gt;&lt;span&gt;r&lt;/span&gt;&lt;span&gt;er, f&lt;/span&gt;&lt;span&gt;örtryck och&lt;/span&gt;&lt;span&gt; förbud att tala det kurdiska språket. Kurdiska barn tvingades gå i turkisktalande skolor. Den officiella benämningen av kurder blev ”bergsturkar” och staten bytte ut namnen på de kurdiska städerna och byarna. Militariseringen och assimileringspolitiken frambringade tre uppr&lt;/span&gt;&lt;span&gt;or under åren 1925, 1927 och det&lt;/span&gt;&lt;span&gt; mest kända från år 1936, Dersimupproret, som slogs ner. &lt;/span&gt;
			&lt;/p&gt;
			&lt;p&gt;
				&lt;span&gt;Militäroperationerna år 1971 och år 1980 riktades huvudsakligen mot kurderna och vänsteroppositionen i Turkiet. Tusentals människor arresterades, avrättades och fördrevs i exil vilket &lt;/span&gt;&lt;span&gt;blev&lt;/span&gt;&lt;span&gt; grogrunden för folkliga demonstrationer och motstånd i de kurdisk&lt;/span&gt;&lt;span&gt;­&lt;/span&gt;&lt;span&gt;talande städerna. Regeringen fortsatte sina militära aktioner och begick allvarliga kränkningar av mänskliga fri- och rättigheter. Under samma tidsepok påbörjade PKK sin väpnade strid mot den turkiska militären och staten. &lt;/span&gt;
			&lt;/p&gt;
			&lt;p&gt;
				&lt;span&gt;I&lt;/span&gt;&lt;span&gt;nbördeskriget pågick från 1984 till &lt;/span&gt;&lt;span&gt;1999 och kostad&lt;/span&gt;&lt;span&gt;e tiotusentals människor livet. 1&lt;/span&gt;&lt;span&gt; &lt;/span&gt;&lt;span&gt;miljon kurder deporterades från över 7&lt;/span&gt;&lt;span&gt; &lt;/span&gt;&lt;span&gt;000 byar, de politiskt engagerade tillfångatogs, t&lt;/span&gt;&lt;span&gt;orterades och&lt;/span&gt;&lt;span&gt; avrättades och rapporter påvisar systematiska övergrepp mot kvinnor. Sydöstra Turkiet/Bakur, som redan tidigare var ekonomiskt eftersatt, kom på grund av kriget än mer på efterkälken jämfört med resten av landet. När Abdulla&lt;/span&gt;&lt;span&gt;h&lt;/span&gt;&lt;span&gt; Öcalan greps år 1999 gav han order om eldupphör. Kriget och den militära upptrappningen &lt;/span&gt;&lt;span&gt;ökade och minskade i perioder.&lt;/span&gt;
			&lt;/p&gt;
			&lt;p&gt;
				&lt;span&gt;Sedan 1971 har varje politiskt initiativ som försökt uppmärksamma kurdfrågan förbjudits. Under 1990-talet har sammantaget åtta politiska partier förbjudits.&lt;/span&gt;
			&lt;/p&gt;
			&lt;h2&gt;
				&lt;span&gt;Rojava – kurderna i Syrien&lt;/span&gt;
			&lt;/h2&gt;
			&lt;p class="Normalutanindragellerluft"&gt;
				&lt;span&gt;Unionen mel&lt;/span&gt;&lt;span&gt;lan Syrien och Egypten år 1958–&lt;/span&gt;&lt;span&gt;1961 medförde en kraftig försämring för kurderna. Kurdiska ledare arresterades och dömdes till långa fängelsestraff. Den nya regimen efter unionens upplösning inledde en omfattande arabisering av kurdiska områden genom att tömma gränsområdet mot Turkiet och Irak på kurdiska byar och flytta in araber i deras ställe. Hundratusentals kurder berövades sitt syriska medbor&lt;/span&gt;&lt;span&gt;­&lt;/span&gt;&lt;span&gt;garskap. Istället fick de flyktingstatus och nekades alla medborgerliga fri- och rättigheter.&lt;/span&gt;
			&lt;/p&gt;
			&lt;p&gt;
				&lt;span&gt;Med president Hafez al-Assad förändrades läget kortvarigt för kurderna. Syriens konflikt med Irak och Turkiet bidrog till att erkänna viss tolereras för kurdisk verksamhet. Arabiseringspolitiken stoppades, kurdiska ledare släpptes ur fängelset och en del kurder återfick sitt medborgarskap. &lt;/span&gt;
			&lt;/p&gt;
			&lt;p&gt;
				&lt;span&gt;1980-talets krig i Turkiet fick många konsekvenser för kurderna i Syrien. Städerna belägrades av militären som genomförde massarresteringar. &lt;/span&gt;
			&lt;/p&gt;
			&lt;h2&gt;
				&lt;span&gt;Rojhelat – kurderna i Iran&lt;/span&gt;
			&lt;/h2&gt;
			&lt;p class="Normalutanindragellerluft"&gt;
				&lt;span&gt;Upproret mellan år 1920 och &lt;/span&gt;&lt;span&gt;1925 som fördes för kurdiskt självstyre i Iran misslyckades men &lt;/span&gt;&lt;span&gt;blev&lt;/span&gt;&lt;span&gt; grogrunden för den kurdiska motståndsrörelsen som sed&lt;/span&gt;&lt;span&gt;er&lt;/span&gt;&lt;span&gt;mera utmynnade i bildandet av det marxist-lenin&lt;/span&gt;&lt;span&gt;i&lt;/span&gt;&lt;span&gt;stiska partiet Komeley Jiyanewey Kurdistan i Mehabad år 1943. Partiet förvandlades sedan&lt;/span&gt;&lt;span&gt; till Kurdistans d&lt;/span&gt;&lt;span&gt;emokratiska &lt;/span&gt;&lt;span&gt;p&lt;/span&gt;&lt;span&gt;arti Iran, KDPI, år 1945 och grundade den kurdiska republiken i Mehabad som varade från januari till december år 1946. Efter en re&lt;/span&gt;&lt;span&gt;pressiv militärinsats lyckades s&lt;/span&gt;&lt;span&gt;hahens styrkor återta kontrollen. Kurdiska förbjöds som undervisningsspråk och anhängare a&lt;/span&gt;&lt;span&gt;v KDPI hamnade på dödslistor.&lt;/span&gt;
			&lt;/p&gt;
			&lt;p&gt;
				&lt;span&gt;Under den nationalistiska premiärministern Mossadeqs regering&lt;/span&gt;&lt;span&gt;speriod år 1951–&lt;/span&gt;&lt;span&gt;1953 skedde en viss återhämtning för &lt;/span&gt;&lt;span&gt;kurderna. Värre blev det under s&lt;/span&gt;&lt;span&gt;hahens hårda förföl&lt;/span&gt;&lt;span&gt;­&lt;/span&gt;&lt;span&gt;jelse av all opposition. Organisationer, politiskt aktiva och andra som uttryckt&lt;/span&gt;&lt;span&gt; sig&lt;/span&gt;&lt;span&gt; oppositionellt mot regeringen drevs i praktiken i exil, främst till irakiska Kurdistan men även till Europa. &lt;/span&gt;
			&lt;/p&gt;
			&lt;p&gt;
				&lt;span&gt;Efter revolutionen år 1979 bojkottade kurderna folkomröstningen som grundlade det teokratiska system som sedan dess har existerat i Iran. Regimen fängslade, torterade och avrättade systematiskt medlemmarna av PDKI och stora delar av civilbefolkningen. Därefter pågick ett tioårigt krig mellan PDKI-gerillan och den iranska militären. Parti&lt;/span&gt;&lt;span&gt;­&lt;/span&gt;&lt;span&gt;ordförande G&lt;/span&gt;&lt;span&gt;hassemlou&lt;/span&gt;&lt;span&gt; mördades i Wien år 1989 liksom efterträdaren, Sharafkandi, i Berlin år 1992. &lt;/span&gt;
			&lt;/p&gt;
			&lt;h2&gt;
				&lt;span&gt;Bashur – kurderna i Irak&lt;/span&gt;
			&lt;/h2&gt;
			&lt;p class="Normalutanindragellerluft"&gt;
				&lt;span&gt;Shejk M&lt;/span&gt;&lt;span&gt;ahmud Barza&lt;/span&gt;&lt;span&gt;nji utropade sig till kung över Kurdistan i november år 1922. Detta ledde till en militär konflikt med britterna som sommaren år 1924 återtog norra Irak och gjorde slut på den kurdiska regimen. Det brittisk-irakiska avtalet om Iraks självstän&lt;/span&gt;&lt;span&gt;­&lt;/span&gt;&lt;span&gt;dighet uteslöt kurdernas rättigheter vilket ledde till protester och revolter. &lt;/span&gt;
			&lt;/p&gt;
			&lt;p&gt;
				&lt;span&gt;Irak blev självständigt år 1932. Som förkämpe för kurderna framträdde ungefär samtidigt Mustafa Barzani, tidigare militärbefälhavare i den kurdiska Mahabad&lt;/span&gt;&lt;span&gt;­&lt;/span&gt;&lt;span&gt;republiken i Iran. Från år 1946 var Mustafa Barzani ledare för det nybildade KDP (Kurdistans demokratiska parti)&lt;/span&gt;&lt;span&gt;,&lt;/span&gt;&lt;span&gt; och sedan han återvänt till Irak ledde han under stora delar av 1960-talet ett gerillakrig mot regimen i Bagdad. Sedan Baathpartiets makt&lt;/span&gt;&lt;span&gt;­&lt;/span&gt;&lt;span&gt;övertagande år 1968 har den irakiska s&lt;/span&gt;&lt;span&gt;tatsmaktens strategi varit krig&lt;/span&gt;&lt;span&gt;föring eller splittring av motståndet för att vinna tid och återkomma med nya offensiver. År 1970 ingick de irakiska kurderna ett fredsavtal med Bagdad som gav dem begränsat självstyre i tre provinser. Många kurder bodde dock utanför dessa provinser och den oljerika staden Kirkuk omfattades inte. &lt;/span&gt;
			&lt;/p&gt;
			&lt;p&gt;
				&lt;span&gt;Den irakiska regimen bedrev en aktiv folkförflyttning för att komma åt den oljerika staden Kirkuk. Saddamregimen tvång&lt;/span&gt;&lt;span&gt;s&lt;/span&gt;&lt;span&gt;deporterade över en miljon kurder, turkmener och assyrier från sin hemstad. Bosättarpolitiken innebar även att kurdiska ortnamn ändrades till arabiska samtidigt som hundratusentals människor fördrevs från byarna vid gränstrakterna till Iran och Turkiet. Under krige&lt;/span&gt;&lt;span&gt;t mellan Iran och Irak, år 1980–&lt;/span&gt;&lt;span&gt;1988, inledde Saddam Husseins regim offensiven Anfal mot kurderna. Giftattacken mot de 5&lt;/span&gt;&lt;span&gt; &lt;/span&gt;&lt;span&gt;500 kurderna i staden Halabja blev sed&lt;/span&gt;&lt;span&gt;er&lt;/span&gt;&lt;span&gt;mera erkän&lt;/span&gt;&lt;span&gt;d&lt;/span&gt;&lt;span&gt; som ett folkmord mot kurder och hela operatio&lt;/span&gt;&lt;span&gt;nen anges ha mördat uppemot 182&lt;/span&gt;&lt;span&gt; &lt;/span&gt;&lt;span&gt;000 kurder. Många försvann spårlöst och en halv miljon människor tvång&lt;/span&gt;&lt;span&gt;s&lt;/span&gt;&lt;span&gt;deporterades. Organisationen Human Rights Watch/Middle East (HRW) slutsats över händelser&lt;/span&gt;&lt;span&gt;na&lt;/span&gt;&lt;span&gt; är att Saddam Husseins regering avsiktligen, genom massmord, ville tillintetgöra den kurdiska minoriteten. &lt;/span&gt;
			&lt;/p&gt;
			&lt;p&gt;
				&lt;span&gt;I slutskedet av Kuwaitkriget reste sig kurderna och shiamuslimerna mot Saddam Hussein men misslyckades. Konsekvensen &lt;/span&gt;&lt;span&gt;blev&lt;/span&gt;&lt;span&gt; att cirka två miljoner kurder flydde till gränsen mot Turkiet och Iran. För att hjälpa kurderna att återvända inrättade USA och Storbritannien i samförstånd med säkerhetsrådet en resolution (688) om att sända allierade trupper och FN-vakter till irakiska Kurdistan för att där etablera en frizon. &lt;/span&gt;
			&lt;/p&gt;
			&lt;p&gt;
				&lt;span&gt;Invasionen av Irak år 2003 störtade Saddam Hussein. Den kurdiska skyddszonen upphörde därmed att existera&lt;/span&gt;&lt;span&gt;,&lt;/span&gt;&lt;span&gt; men kvar fanns det kurdiska regionala självstyret. Kurdistan har framstått som Iraks lugna hörn, med en ekonomisk tillväxt baserad på oljeutvinning. Särskilt i provinshuvudstaden Hawler/Arbil har det pågått en livlig byggverksamhet och hundratals kurder har återvänt från exilen i Sverige, Tyskland eller USA. &lt;/span&gt;
			&lt;/p&gt;
			&lt;h1&gt;
				&lt;span&gt;Den kurdiska frågan idag &lt;/span&gt;
			&lt;/h1&gt;
			&lt;h2 style="margin-top:18pt"&gt;
				&lt;span&gt;Bakur – &lt;/span&gt;&lt;span&gt;kurderna i Turkiet&lt;/span&gt;
			&lt;/h2&gt;
			&lt;p class="Normalutanindragellerluft"&gt;
				&lt;span&gt;Efter den omfattande hungerstrejken i fängelserna under hösten 2012 gick den turkiska regeringen kurderna till mötes genom att driva igenom lagar om att kurder ska få använda sitt eget språk i domstolar och att politiska partier får använda andra språk än turkiska i sin offentliga verksamhet. &lt;/span&gt;
			&lt;/p&gt;
			&lt;p&gt;
				&lt;span&gt;I mars 2013 utropade PKK:s ledare Abdullah Öcalan vapenvila och initiativet ledde till en fredsprocess som väckte stora förhoppningar. Regeringen gavs en frist till åtgärder och föreslog ökade språkliga rättigheter samt att skolbarnens trohetsed till turkiska nationen skulle slopas. Det kurdiska nyåret firades historiskt fritt i sydöstra Turkiet våren 2013 men dessvärre varade inte den fredsfrämjande processen. I slutet på 2013 då gerillarörelsen YPG stärkte sina positioner runt omkring staden Kobane i Rojava, ändrades kursen i den turkiska utrikes-&lt;/span&gt;&lt;span&gt; &lt;/span&gt;&lt;span&gt;och inrikespolitiken. &lt;/span&gt;
			&lt;/p&gt;
			&lt;p&gt;
				&lt;span&gt;President Erdo&lt;/span&gt;&lt;span&gt;ğ&lt;/span&gt;&lt;span&gt;ans planer att byta ut landets parlamentarism mot auktoritärt presidentämbete i valet 2015 stoppades av nybildade prokurdiska HDP som lyckades passera den parlamentariska 10-procentsspärren. Enligt Amnesty Internationals rapporter år 2015 och 2016 anges situationen för mänskliga rättigheter kraftigt ha försämrats i Turkiet sedan parlamentsvalet i juni 2015 och upphörandet av vap&lt;/span&gt;&lt;span&gt;envilan mellan staten och PKK. &lt;/span&gt;&lt;span&gt;Förekomsten av godtyckliga frihetsberövanden har ökat och utfärdandet av politiskt motiverade påföljder har rikta&lt;/span&gt;&lt;span&gt;t&lt;/span&gt;&lt;span&gt;s mot särskilt utpekade grupper. Tillämpningen av terrorlagstiftningen i landet sker godtyckligt och uppenbart diskrimi&lt;/span&gt;&lt;span&gt;­&lt;/span&gt;&lt;span&gt;nerande där bristen på oberoende och opartisk domstol innebär att viss&lt;/span&gt;&lt;span&gt;a grupper förföljs genom åtal.&lt;/span&gt;&lt;span&gt; &lt;/span&gt;
			&lt;/p&gt;
			&lt;p&gt;
				&lt;span&gt;Enligt Amnesty International förföljs regimkritiker såsom journalister, advokater, politiskt aktiva och andra inom det turkiska civilsamhället. Beträffande situa&lt;/span&gt;&lt;span&gt;tionen för flyktingar har flera&lt;/span&gt;&lt;span&gt; som försökt ta sig&lt;/span&gt;&lt;span&gt; till Grekland i september 2015&lt;/span&gt;&lt;span&gt; hållits i isole&lt;/span&gt;&lt;span&gt;­&lt;/span&gt;&lt;span&gt;ringshäkte eller skickats till hemligt förvar på olika platser i Turkiet. Många har också pressats till att frivilligt återvända till Syrien och Irak. &lt;/span&gt;
			&lt;/p&gt;
			&lt;p&gt;
				&lt;span&gt;Human Rights Watch anger i rapporten Turkey: Mounting Security Operation Death&lt;/span&gt;&lt;span&gt;s&lt;/span&gt;&lt;span&gt; att det upptrappade våldet inneburit mi&lt;/span&gt;&lt;span&gt;litära övergrepp särskilt riktade&lt;/span&gt;&lt;span&gt; mot den kurdiska minoriteten i den sydöstra delen av landet. Systematisk förföljelse av regimkritiker har dokumenterats liksom åtal riktade mot journalister som r&lt;/span&gt;&lt;span&gt;epresenterar den fria pressen. &lt;/span&gt;
			&lt;/p&gt;
			&lt;p&gt;
				&lt;span&gt;President Recep Tayyip Erdoğan meddelade, efter försöket till militärkupp den 1&lt;/span&gt;&lt;span&gt;5–&lt;/span&gt;&lt;span&gt;16 juli 2016, att undantagstillstånd ska införas i tre månader. Human Rights Watch anger att soldater, statsanställda, lärare, domare, åklagare och andra verksamma inom rätts&lt;/span&gt;&lt;span&gt;­&lt;/span&gt;&lt;span&gt;väsendet riskerar godtycklig arrestering, suspendering eller fängelse. Sedan militär&lt;/span&gt;&lt;span&gt;­&lt;/span&gt;&lt;span&gt;kuppen har hundratusentals mist försörjning och inkomst och godtyckliga arresteringar är en återkommande varning som görs av Europadomstolen &lt;/span&gt;&lt;span&gt;för&lt;/span&gt;&lt;span&gt; mänskliga rättigheter. Idag kan vi se att företrädare för det prokurdiska vänsterpartiet HDP fängslas och genomgår godtyckliga rättegångsprocesser. &lt;/span&gt;
			&lt;/p&gt;
			&lt;p&gt;
				&lt;span&gt;I januari 2017 lämnade den turkiska konstitutionskommittén över sitt förslag om grundlagsändring till det turkiska parlamentet. Medan&lt;/span&gt;&lt;span&gt; ledamöter för det styrande AKP-&lt;/span&gt;&lt;span&gt;partiet anger att det nya presidentsystemet skulle föra Turkiet i linje med effektiv presidentmakt som Frankrike och USA, menar den fängslade&lt;/span&gt;&lt;span&gt; HDP-ledaren Selahattin Demirta&lt;/span&gt;&lt;span&gt;ş&lt;/span&gt;&lt;span&gt; att arresteringarna av honom och andra HDP-ledamöter beror på att de annars hade kunnat utmana förslaget till konstitution. Frågan om ändring av den turkiska konstitutionen inne&lt;/span&gt;&lt;span&gt;bär ökade befogenheter för Erdo&lt;/span&gt;&lt;span&gt;ğ&lt;/span&gt;&lt;span&gt;an. Förslaget gick igenom, trots massiv internationell kritik och stark opposition, med knapp majoritet i april 2017. De ökade maktbefogenheterna innebär att presidenten på eget bevåg kan styra med dekret och utse viktiga domare, upplösa parlamentet och på egen hand införa undantags&lt;/span&gt;&lt;span&gt;­&lt;/span&gt;&lt;span&gt;tillstånd.&lt;/span&gt;
			&lt;/p&gt;
			&lt;p&gt;
				&lt;span&gt;I &lt;/span&gt;&lt;span&gt;november&lt;/span&gt;&lt;span&gt;,&lt;/span&gt;&lt;span&gt; &lt;/span&gt;&lt;span&gt;december 2018 har Europadomstolen för mänskliga rättigheter slagit fast att den kurdiske politikern Selahattin Demirta&lt;/span&gt;&lt;span&gt;ş&lt;/span&gt;&lt;span&gt; bör släppas ur turkiskt fä&lt;/span&gt;&lt;span&gt;ngelse. Turkiets president Erdo&lt;/span&gt;&lt;span&gt;ğ&lt;/span&gt;&lt;span&gt;an menar dock att domen inte är bindande för landet. &lt;/span&gt;
			&lt;/p&gt;
			&lt;h2&gt;
				&lt;span&gt;Rojava –&lt;/span&gt;&lt;span&gt; kurderna i Syrien&lt;/span&gt;
			&lt;/h2&gt;
			&lt;p class="Normalutanindragellerluft"&gt;
				&lt;span&gt;Sedan upproret i Syrien utvecklats till ett fullskaligt inbördeskrig började de syriska kurderna organisera sig. I oktober 2011 slöt sig elva organisationer samman i &lt;/span&gt;&lt;span&gt;Kurdiska&lt;/span&gt;&lt;span&gt; nationella rådet i syfte att verka för kurdiskt självstyre i norr och nordost. Det nationella rådet ingick samarbete med gerillarörelsen Demokratiska unionspartiet PYD formellt i juni 2012. I praktiken har kurderna under PYD:s ledning uppnått en hög grad av självstyre i delar av nordöstra Syrien. &lt;/span&gt;
			&lt;/p&gt;
			&lt;p&gt;
				&lt;span&gt;Daesh&lt;/span&gt;&lt;span&gt;s&lt;/span&gt;&lt;span&gt; frammarsch drabbade under 2013&lt;/span&gt;&lt;span&gt;–&lt;/span&gt;&lt;span&gt;2014 flertalet byar i närheten av Kobane och staden var under daglig attack. Daesh använder sig av tungt artilleri, bland annat i form av pansarvagnar och kemiska vapen, främst riktade mot civila. Situationen är fortfarande mycket allvarlig, med brist på mat, rent vatten, medicin, livsmedel, el med mera trots att kriget mot Daesh närmar sig ett slut. Här behövs aktivt humanitärt stöd för återuppbyggnad, bistånd &lt;/span&gt;&lt;span&gt;i termer av mat, vatten och sjuk&lt;/span&gt;&lt;span&gt;vård och utbildningsinsatser för de barn som hamnat på flykt och ä&lt;/span&gt;&lt;span&gt;nnu inte har kunnat återvända.&lt;/span&gt;&lt;span&gt; &lt;/span&gt;
			&lt;/p&gt;
			&lt;h2&gt;
				&lt;span&gt;Rojhelat – kurderna i Iran&lt;/span&gt;
			&lt;/h2&gt;
			&lt;p class="Normalutanindragellerluft"&gt;
				&lt;span&gt;Det ekonomiska tillståndet i Rojhelat är värre än&lt;/span&gt;&lt;span&gt; i&lt;/span&gt;&lt;span&gt; landet i övrigt med koncentrerad arbetslöshet och fattigdom. Många flyttar därifrån, och bara en tredjedel av Irans kurder uppges i dag leva inom det traditionellt kurdiska området. Systematiska avrättningar och fängslanden av regimmotståndare, politiker och journalister sker på daglig basis. Trumps sanktioner har därtill bidragit till att mat&lt;/span&gt;&lt;span&gt;-&lt;/span&gt;&lt;span&gt;, bensin&lt;/span&gt;&lt;span&gt;-&lt;/span&gt;&lt;span&gt; och&lt;/span&gt;&lt;span&gt; energipriser kraftigt stigit.&lt;/span&gt;&lt;span&gt; &lt;/span&gt;
			&lt;/p&gt;
			&lt;h2&gt;
				&lt;span&gt;Bashur – kurderna i Irak&lt;/span&gt;
			&lt;/h2&gt;
			&lt;p class="Normalutanindragellerluft"&gt;
				&lt;span&gt;De skärpta motsättningarna mellan Kurdistans regionala regering och centralregeringen i Bagdad har cementerats under en lång tid. Motsättningarna har varit geopolitiska, ekonomiska och kopplade till självbestämmandet. Kravet på självständighet och folkomröstning nekades av den för&lt;/span&gt;&lt;span&gt;e detta premiärministern Nouri a&lt;/span&gt;&lt;span&gt;l-Maliki som dessutom nekade utbetalning av den federala budgeten relaterat till kurderna&lt;/span&gt;&lt;span&gt;s fortsatta utveckling av KRG. &lt;/span&gt;
			&lt;/p&gt;
			&lt;p&gt;
				&lt;span&gt;Läget försämrades dramatiskt under 2014 då den sekteristiska &lt;/span&gt;&lt;span&gt;terror&lt;/span&gt;&lt;span&gt;organisationen Daesh på kort tid tog kontroll över centrala delar av Irak samt betydande områden i östra Syrien. När irakiska armén retirerade i &lt;/span&gt;&lt;span&gt;nordvästra Irak fick kurdiska peshmerga&lt;/span&gt;&lt;span&gt;­&lt;/span&gt;&lt;span&gt;förband pressa fram sina positioner. Under sommaren 2014 utbrö&lt;/span&gt;&lt;span&gt;t&lt;/span&gt;&lt;span&gt; hårda strider där peshmerga drevs på reträtt men försökte gå till motoffensiv med hjälp av den syrisk-kurdiska gerillarörelsen YPG. Daesh&lt;/span&gt;&lt;span&gt;s&lt;/span&gt;&lt;span&gt; framryckning föranledde hundratusentals människor på flykt. Tusentals har mördats och kurdiska &lt;/span&gt;&lt;span&gt;y&lt;/span&gt;&lt;span&gt;azidier&lt;/span&gt;&lt;span&gt; har utsatts för det generalförsamlingen betecknar som folkmord.&lt;/span&gt;
			&lt;/p&gt;
			&lt;p&gt;
				&lt;span&gt;Sedan Daesh&lt;/span&gt;&lt;span&gt;s&lt;/span&gt;&lt;span&gt; tillbakaträtt har diskussionen om Iraks framtid tagit fart. Central&lt;/span&gt;&lt;span&gt;­&lt;/span&gt;&lt;span&gt;regeringen&lt;/span&gt;&lt;span&gt;s&lt;/span&gt;&lt;span&gt; och KRG:s försök till samarbete har försämrats och kurderna strävar allt &lt;/span&gt;&lt;span&gt;mer åt att gå självbestämmandet till mötes. Efter samtal mellan de största partierna inom KRG:s territorium, PDK och PUK, har en folkomröstning om självbestämmande slagits fast. Denna genomfördes den 25 september 2017 &lt;/span&gt;&lt;span&gt;och&lt;/span&gt;&lt;span&gt; innebar en överväldigande majo&lt;/span&gt;&lt;span&gt;­&lt;/span&gt;&lt;span&gt;ritet för självständighet.&lt;/span&gt;
			&lt;/p&gt;
			&lt;p&gt;
				&lt;span&gt;Sedan folkomröstningen har relationen mellan Kurdistans regionala regering och centralregeringen i Bagdad försämrats. Kirkuk har, efter en militär konfrontation, tagits över av centralregeringens militär och kurdiska peshmergastyrkor har fått dra sig tillbaka. Det senaste irakis&lt;/span&gt;&lt;span&gt;ka parlamentsvalet genererade &lt;/span&gt;&lt;span&gt;ett lågt valdeltagande i Bashur. Cirka 50 procent deltog och röst&lt;/span&gt;&lt;span&gt;ade för prokurdiska partier.&lt;/span&gt;
			&lt;/p&gt;
			&lt;h2&gt;
				&lt;span&gt;Rätten till självbestämmande &lt;/span&gt;
			&lt;/h2&gt;
			&lt;p class="Normalutanindragellerluft"&gt;
				&lt;span&gt;Självbestämmande är en central princip i internationell rätt till följd av internationell sedvanerätt, men är också erkänd som en allmän rättsprincip och inskriven i ett antal internationella fördrag. Efter första världskriget betonades rätten till självbestämmande i syfte att förhindra statliga övergrepp på folk utanför den egna nationalstaten, men sedan andra världskriget utgör rätten till självbestämmande inte bara en princip utan en rättighet för alla folk. Rättigheten uttrycks i &lt;/span&gt;&lt;span&gt;FN- stadgans&lt;/span&gt;&lt;span&gt; artikel 1(2), artikel 76 om förvaltarskapssystemet samt artikel 55. &lt;/span&gt;
			&lt;/p&gt;
			&lt;p&gt;
				&lt;span&gt;Tre resolutioner uttrycker rätten till självbestämmande och är antagna av FN&lt;/span&gt;&lt;span&gt;:&lt;/span&gt;&lt;span&gt;s generalförsamling. Det är 1960 års deklaration om självständighet för kolonierna och deras folk, 1960 års resolution 1541 samt 1970 års deklaration om vänlig samverkan mellan stater. I två konventioner framgår även alla folks rätt till självbestämmande som ett människorättsinstrument. Det är konventionen om medborgerliga och politiska rättigheter (ICCPR) samt konventionen om ekonomiska, sociala och kulturella rättigheter (ICESCR). I båda konventionerna anges att alla folk har rätten till självbestämmande och att folken i kraft av den rätten ska få råda över sin polit&lt;/span&gt;&lt;span&gt;iska status samt sin ekonomiska&lt;/span&gt;&lt;span&gt;, sociala och kulturella utveckling. &lt;/span&gt;
			&lt;/p&gt;
			&lt;p&gt;
				&lt;span&gt;Självbestämmanderätten betecknar den lagliga rätten för människor att bestämma över sitt eget öde i den internationella ordningen. Omfattningen &lt;/span&gt;&lt;span&gt;av &lt;/span&gt;&lt;span&gt;och syftet med principen om självbestämmande har utvecklats mycket på 2000-talet. I början av 1900-talet gavs ett internationellt stöd för rätten för alla människor till självbestämmande. Detta ledde till framgångsrika förehavanden unde&lt;/span&gt;&lt;span&gt;r och efter första världskriget och&lt;/span&gt;&lt;span&gt; andra världskriget och lade grunden för avkoloniseringen på 1960-talet. &lt;/span&gt;
			&lt;/p&gt;
			&lt;p&gt;
				&lt;span&gt;Man bru&lt;/span&gt;&lt;span&gt;kar skilja mellan ”&lt;/span&gt;&lt;span&gt;interna&lt;/span&gt;&lt;span&gt;” och ”externa”&lt;/span&gt;&lt;span&gt; självbestämmande&lt;/span&gt;&lt;span&gt;n&lt;/span&gt;&lt;span&gt;. Internt självbestämmande utgör olika politiska och sociala rättigheter, däremot avser extern&lt;/span&gt;&lt;span&gt;t&lt;/span&gt;&lt;span&gt; självbestämmande ett fullständigt rättsligt oberoende.&lt;/span&gt;
			&lt;/p&gt;
			&lt;h2&gt;
				&lt;span&gt;Förslag&lt;/span&gt;
			&lt;/h2&gt;
			&lt;p class="Normalutanindragellerluft"&gt;
				&lt;span&gt;Riksdagen bör därför tillkännage för regeringen som sin mening vad som anförts i motionen om att tillerkänna det kurdiska folket rätten till självbestämmande. &lt;/span&gt;
			&lt;/p&gt;
			&lt;p style="margin-bottom:12pt; t-i:14.2pt; line-height:normal; font-size: 0.90em"&gt;
				&lt;br style="page-break-before:always; clear:both" /&gt;
			&lt;/p&gt;
			&lt;p style="-aw-sdt-tag:CC_Underskrifter; -aw-sdt-title:CC_Underskrifter"&gt;
				&lt;span&gt; &lt;/span&gt;
			&lt;/p&gt;
			&lt;p style="-aw-sdt-tag:CC_Underskrifter; -aw-sdt-title:CC_Underskrifter"&gt;
				&lt;span&gt; &lt;/span&gt;
			&lt;/p&gt;
			&lt;table cellspacing="0" cellpadding="0" style="border-collapse:collapse; margin-left:0pt; width:100%"&gt;
				&lt;tr&gt;
					&lt;td style="padding-left:5.4pt; padding-right:5.4pt; vertical-align:bottom; width:1%"&gt;
						&lt;p class="Underskrifter" style="margin-top:15pt; margin-bottom:3pt; t-i:0pt; page-break-inside:avoid; line-height:15pt"&gt;
							&lt;span style="font-style:italic"&gt;Lawen Redar (S)&lt;/span&gt;
						&lt;/p&gt;
					&lt;/td&gt;
					&lt;td style="padding-left:5.4pt; padding-right:5.4pt; vertical-align:bottom; width:1%"&gt;
						&lt;p class="Underskrifter" style="margin-top:15pt; margin-bottom:3pt; t-i:0pt; page-break-inside:avoid; line-height:15pt"&gt;
							&lt;span style="font-style:italic"&gt; &lt;/span&gt;
						&lt;/p&gt;
					&lt;/td&gt;
				&lt;/tr&gt;
				&lt;tr&gt;
					&lt;td style="padding-left:5.4pt; padding-right:5.4pt; vertical-align:bottom; width:1%"&gt;
						&lt;p class="Underskrifter" style="margin-top:15pt; margin-bottom:0pt; t-i:0pt; page-break-inside:avoid; line-height:15pt"&gt;
							&lt;span style="font-style:italic"&gt;Johan Büser (S)&lt;/span&gt;
						&lt;/p&gt;
					&lt;/td&gt;
					&lt;td style="padding-left:5.4pt; padding-right:5.4pt; vertical-align:bottom; width:1%"&gt;
						&lt;p class="Underskrifter" style="margin-top:15pt; margin-bottom:0pt; t-i:0pt; page-break-inside:avoid; line-height:15pt"&gt;
							&lt;span style="font-style:italic"&gt;Kadir Kasirga (S)&lt;/span&gt;
						&lt;/p&gt;
					&lt;/td&gt;
				&lt;/tr&gt;
				&lt;tr&gt;
					&lt;td style="padding-left:5.4pt; padding-right:5.4pt; vertical-align:bottom; width:1%"&gt;
						&lt;p class="Underskrifter" style="margin-top:15pt; margin-bottom:0pt; t-i:0pt; page-break-inside:avoid; line-height:15pt"&gt;
							&lt;span style="font-style:italic"&gt;Laila Naraghi (S)&lt;/span&gt;
						&lt;/p&gt;
					&lt;/td&gt;
					&lt;td style="padding-left:5.4pt; padding-right:5.4pt; vertical-align:bottom; width:1%"&gt;
						&lt;p class="Underskrifter" style="margin-top:15pt; margin-bottom:0pt; t-i:0pt; page-break-inside:avoid; line-height:15pt"&gt;
							&lt;span style="font-style:italic"&gt;Leif Nysmed (S)&lt;/span&gt;
						&lt;/p&gt;
					&lt;/td&gt;
				&lt;/tr&gt;
				&lt;tr&gt;
					&lt;td style="padding-left:5.4pt; padding-right:5.4pt; vertical-align:bottom; width:1%"&gt;
						&lt;p class="Underskrifter" style="margin-top:15pt; margin-bottom:0pt; t-i:0pt; page-break-inside:avoid; line-height:15pt"&gt;
							&lt;span style="font-style:italic"&gt;Magnus Manhammar (S)&lt;/span&gt;
						&lt;/p&gt;
					&lt;/td&gt;
					&lt;td style="padding-left:5.4pt; padding-right:5.4pt; vertical-align:bottom; width:1%"&gt;
						&lt;p class="Underskrifter" style="margin-top:15pt; margin-bottom:0pt; t-i:0pt; page-break-inside:avoid; line-height:15pt"&gt;
							&lt;span style="font-style:italic"&gt;Mathias Tegnér (S)&lt;/span&gt;
						&lt;/p&gt;
					&lt;/td&gt;
				&lt;/tr&gt;
				&lt;tr&gt;
					&lt;td style="padding-left:5.4pt; padding-right:5.4pt; vertical-align:bottom; width:1%"&gt;
						&lt;p class="Underskrifter" style="margin-top:15pt; margin-bottom:0pt; t-i:0pt; page-break-inside:avoid; line-height:15pt"&gt;
							&lt;span style="font-style:italic"&gt;Serkan Köse (S)&lt;/span&gt;
						&lt;/p&gt;
					&lt;/td&gt;
					&lt;td style="padding-left:5.4pt; padding-right:5.4pt; vertical-align:bottom; width:1%"&gt;
						&lt;p class="Underskrifter" style="margin-top:15pt; margin-bottom:3pt; t-i:0pt; page-break-inside:avoid; line-height:15pt"&gt;
							&lt;span style="font-style:italic"&gt; &lt;/span&gt;
						&lt;/p&gt;
					&lt;/td&gt;
				&lt;/tr&gt;
			&lt;/table&gt;
			&lt;p&gt;
				&lt;span&gt; &lt;/span&gt;
			&lt;/p&gt;
		&lt;/div&gt;
	&lt;/div&gt;</html>
  </dokument>
<dokforslag>
<forslag>
<nummer datatype="int32">1</nummer>
<beteckning datatype="string" />
<lydelse datatype="string">Riksdagen ställer sig bakom det som anförs i motionen om att regeringen ska erkänna det kurdiska folkets rätt till självbestämmande och tillkännager detta för regeringen.</lydelse>
<lydelse2 datatype="string" />
<utskottet datatype="string">Avslag</utskottet>
<kammaren datatype="string">Avslag</kammaren>
<behandlas_i datatype="string">2018/19:UU8</behandlas_i>
<behandlas_i_punkt datatype="string" />
<kammarbeslutstyp datatype="string" />
<intressent datatype="string">UU</intressent>
<avsnitt datatype="string" />
<grundforfattning datatype="string" />
<andringsforfattning datatype="string" />
</forslag>
</dokforslag>
<dokaktivitet>
<aktivitet>
<kod datatype="string">INL</kod>
<namn datatype="string">Inlämnad</namn>
<datum datatype="datetime">2018-11-27 13:32:14</datum>
<status datatype="string">inträffat</status>
<ordning datatype="int32">0</ordning>
<process datatype="string">behandling</process>
</aktivitet>
<aktivitet>
<kod datatype="string">Granskad</kod>
<namn datatype="string">Granskad</namn>
<datum datatype="datetime">2018-11-27 14:05:54</datum>
<status datatype="string">inträffat</status>
<ordning datatype="int32">0</ordning>
<process datatype="string">behandling</process>
</aktivitet>
<aktivitet>
<kod datatype="string">HÄN</kod>
<namn datatype="string">Hänvisad</namn>
<datum datatype="datetime">2018-12-05 00:00:00</datum>
<status datatype="string">inträffat</status>
<ordning datatype="int32">0</ordning>
<process datatype="string">behandling</process>
</aktivitet>
</dokaktivitet>
<dokintressent>
<intressent>
<intressent_id datatype="string">037561614928</intressent_id>
<namn datatype="string">Lawen Redar</namn>
<partibet datatype="string">S</partibet>
<ordning datatype="int16">1</ordning>
<roll datatype="string">undertecknare</roll>
</intressent>
<intressent>
<intressent_id datatype="string">0877778793323</intressent_id>
<namn datatype="string">Johan Büser</namn>
<partibet datatype="string">S</partibet>
<ordning datatype="int16">2</ordning>
<roll datatype="string">undertecknare</roll>
</intressent>
<intressent>
<intressent_id datatype="string">0425115010020</intressent_id>
<namn datatype="string">Kadir Kasirga</namn>
<partibet datatype="string">S</partibet>
<ordning datatype="int16">3</ordning>
<roll datatype="string">undertecknare</roll>
</intressent>
<intressent>
<intressent_id datatype="string">0619928872229</intressent_id>
<namn datatype="string">Laila Naraghi</namn>
<partibet datatype="string">S</partibet>
<ordning datatype="int16">4</ordning>
<roll datatype="string">undertecknare</roll>
</intressent>
<intressent>
<intressent_id datatype="string">0376353897112</intressent_id>
<namn datatype="string">Leif Nysmed</namn>
<partibet datatype="string">S</partibet>
<ordning datatype="int16">5</ordning>
<roll datatype="string">undertecknare</roll>
</intressent>
<intressent>
<intressent_id datatype="string">025967059622</intressent_id>
<namn datatype="string">Magnus Manhammar</namn>
<partibet datatype="string">S</partibet>
<ordning datatype="int16">6</ordning>
<roll datatype="string">undertecknare</roll>
</intressent>
<intressent>
<intressent_id datatype="string">0613297818326</intressent_id>
<namn datatype="string">Mathias Tegnér</namn>
<partibet datatype="string">S</partibet>
<ordning datatype="int16">7</ordning>
<roll datatype="string">undertecknare</roll>
</intressent>
<intressent>
<intressent_id datatype="string">0256716955026</intressent_id>
<namn datatype="string">Serkan Köse</namn>
<partibet datatype="string">S</partibet>
<ordning datatype="int16">8</ordning>
<roll datatype="string">undertecknare</roll>
</intressent>
</dokintressent>
<dokuppgift>
<uppgift>
<kod datatype="string">motkat</kod>
<namn datatype="string">Motionskategori</namn>
<text datatype="string">Fristående motion</text>
<dok_id datatype="string">H6021169</dok_id>
<systemdatum datatype="datetime">2019-08-30 15:38:46</systemdatum>
</uppgift>
<uppgift>
<kod datatype="string">tilldelat</kod>
<namn datatype="string">Tilldelat</namn>
<text datatype="string">Utrikesutskottet</text>
<dok_id datatype="string">H6021169</dok_id>
<systemdatum datatype="datetime">2019-08-30 15:38:46</systemdatum>
</uppgift>
<uppgift>
<kod datatype="string">statustext</kod>
<namn datatype="string">statustext</namn>
<text datatype="string">Ärendet är avslutat</text>
<dok_id datatype="string">H6021169</dok_id>
<systemdatum datatype="datetime">2019-06-19 13:26:49</systemdatum>
</uppgift>
</dokuppgift>
<dokbilaga>
<bilaga>
<dok_id datatype="string">H6021169</dok_id>
<titel datatype="string">Erkänn det kurdiska folkets rätt till självbestämmande</titel>
<subtitel datatype="string">av Lawen Redar m.fl. (S)</subtitel>
<filnamn datatype="string">mot_201819__1169.docx</filnamn>
<filstorlek datatype="int32">81169</filstorlek>
<filtyp datatype="string">docx</filtyp>
<fil_url datatype="string">http://data.riksdagen.se/fil/6A8FA24D-C239-4D86-BFBA-8E55EF6740F4</fil_url>
</bilaga>
<bilaga>
<dok_id datatype="string">H6021169</dok_id>
<titel datatype="string">Erkänn det kurdiska folkets rätt till självbestämmande</titel>
<subtitel datatype="string">av Lawen Redar m.fl. (S)</subtitel>
<filnamn datatype="string">mot_201819__1169.pdf</filnamn>
<filstorlek datatype="int32">113216</filstorlek>
<filtyp datatype="string">pdf</filtyp>
<fil_url datatype="string">http://data.riksdagen.se/fil/19ADC8D8-59CD-4765-AF58-D7E853BBDD97</fil_url>
</bilaga>
</dokbilaga>
<dokreferens>
<referens>
<referenstyp datatype="string">behandlas_i</referenstyp>
<uppgift datatype="string">2018/19:UU8</uppgift>
<ref_dok_id datatype="string">H601UU8</ref_dok_id>
<ref_dok_typ datatype="string">bet</ref_dok_typ>
<ref_dok_rm datatype="string">2018/19</ref_dok_rm>
<ref_dok_bet datatype="string">UU8</ref_dok_bet>
<ref_dok_titel datatype="string">Sveriges medlemskap i FN:s säkerhetsråd 2017-2018</ref_dok_titel>
<ref_dok_subtitel datatype="string" />
<ref_dok_subtyp datatype="string">bet</ref_dok_subtyp>
<ref_dok_dokumentnamn datatype="string">Betänkande</ref_dok_dokumentnamn>
</referens>
</dokreferens>
<debatt /></dokumentstatus>