<dokumentstatus>
  <dokument>
    <hangar_id datatype="int32">5010671</hangar_id>
    <dok_id datatype="string">H6021202</dok_id>
    <rm datatype="string">2018/19</rm>
    <beteckning datatype="string">1202</beteckning>
    <typ datatype="string">mot</typ>
    <subtyp datatype="string">Enskild motion</subtyp>
    <doktyp datatype="string">mot</doktyp>
    <typrubrik datatype="string">Motion 2018/19:1202 av Marléne Lund Kopparklint (M)</typrubrik>
    <dokumentnamn datatype="string">Motion</dokumentnamn>
    <debattnamn datatype="string">Motion</debattnamn>
    <tempbeteckning datatype="string">M1239</tempbeteckning>
    <organ datatype="string">SoU</organ>
    <mottagare datatype="string"></mottagare>
    <nummer datatype="int32">1202</nummer>
    <slutnummer datatype="int32">0</slutnummer>
    <datum datatype="datetime">2018-11-27 00:00:00</datum>
    <systemdatum datatype="datetime">2019-05-16 16:25:20</systemdatum>
    <publicerad datatype="datetime">2018-11-27 00:00:00</publicerad>
    <titel datatype="string">Skyddsnät för brottsutsatta barn</titel>
    <subtitel datatype="string">av Marléne Lund Kopparklint (M)</subtitel>
    <status datatype="string">Klar</status>
    <htmlformat datatype="string">html</htmlformat>
    <relaterat_id datatype="string"></relaterat_id>
    <source datatype="string">Filur</source>
    <sourceid datatype="string">5196238e-0676-4bc7-be65-44ec2f3f4cb7</sourceid>
    <dokument_url_text datatype="stext">http://data.riksdagen.se/dokument/H6021202/text</dokument_url_text>
    <dokument_url_html datatype="stext">http://data.riksdagen.se/dokument/H6021202</dokument_url_html>
    <dokumentstatus_url_xml datatype="stext">http://data.riksdagen.se/dokumentstatus/H6021202</dokumentstatus_url_xml>
    <html datatype="text">&lt;style&gt;&lt;!-- 
 /********************************************************************************************************/
/* Styles for D:\Logs\DocumentConverter\\Output_26d9026b-4553-4fe2-a4ea-1117a091a5f1\HTML\Dokument.html */
/* Generated by Aspose.Words for .NET 15.3.0.0                                                          */
/********************************************************************************************************/

@page Section1 { size:595.3pt 841.9pt; margin:35.45pt 85.05pt }
div.Section1 { page:Section1 }
div.pconf body { t-i:17pt; line-height:15pt; font-family:'Verdana'; font-size: 0.90em }
div.pconf h1, h2, h3, h4, h5, h6, p { margin:0pt }
div.pconf li, table { margin-top:0pt; margin-bottom:0pt }
div.pconf h1 { margin-top:41pt; margin-bottom:0pt; t-i:0pt; page-break-inside:avoid; page-break-after:avoid; line-height:19.5pt; font-family:'Verdana'; font-size: 1.05em; font-weight:normal }
div.pconf h2 { margin-top:30pt; margin-bottom:0pt; t-i:0pt; page-break-inside:avoid; page-break-after:avoid; line-height:15pt; font-family:'Verdana'; font-size: 1.00em; font-weight:normal }
div.pconf h3 { margin-top:18pt; margin-bottom:0pt; t-i:0pt; page-break-inside:avoid; page-break-after:avoid; line-height:15pt; font-family:'Verdana'; font-size: 0.90em; font-weight:bold }
div.pconf h4 { margin-top:18pt; margin-bottom:0pt; t-i:0pt; page-break-inside:avoid; page-break-after:avoid; line-height:15pt; font-family:'Verdana'; font-size: 0.90em; font-weight:normal; font-style:italic }
div.pconf h5 { margin-top:15pt; margin-bottom:0pt; t-i:0pt; page-break-inside:avoid; page-break-after:avoid; line-height:15pt; font-family:'Verdana'; font-size: 0.90em; font-weight:bold; font-style:normal }
div.pconf h6 { margin-top:15pt; margin-bottom:0pt; t-i:0pt; page-break-inside:avoid; page-break-after:avoid; line-height:15pt; font-family:'Verdana'; font-size: 0.90em; font-weight:normal; font-style:italic }
.Heading7 { margin-top:15pt; margin-bottom:0pt; t-i:0pt; page-break-inside:avoid; page-break-after:avoid; line-height:15pt; font-family:'Verdana'; font-size: 0.90em; font-weight:normal; font-style:italic }
.Heading8 { margin-top:15pt; margin-bottom:0pt; t-i:0pt; page-break-inside:avoid; page-break-after:avoid; line-height:15pt; font-family:'Verdana'; font-size: 0.90em; font-weight:normal; font-style:italic }
.Heading9 { margin-top:0pt; margin-bottom:0pt; t-i:0pt; page-break-inside:avoid; page-break-after:avoid; line-height:15pt; font-family:'Verdana'; font-size: 0.90em; font-weight:normal; font-style:italic }
.BalloonText { margin-bottom:0pt; t-i:17pt; line-height:normal; font-family:'Segoe UI'; font-size: 0.90em }
.Beteckning { margin-top:18pt; margin-bottom:0pt; t-i:14.2pt; page-break-inside:auto; page-break-after:auto; line-height:19.5pt; font-size: 1.05em }
.BlockText, .Inramatstycke { margin-right:56.7pt; margin-left:56.7pt; margin-bottom:0pt; t-i:0pt; text-align:nojustify; line-height:15pt; border-top-style:solid; border-top-width:0.75pt; border-top-color:#000000; border-right-style:solid; border-right-width:0.75pt; border-right-color:#000000; border-left-style:solid; border-left-width:0.75pt; border-left-color:#000000; border-bottom-style:solid; border-bottom-width:0.75pt; border-bottom-color:#000000; padding-top:10pt; padding-right:10pt; padding-left:10pt; padding-bottom:10pt; font-size: 0.90em; font-style:italic }
.Citaticitat { margin-top:7.5pt; margin-left:34pt; margin-bottom:0pt; t-i:0pt; line-height:12pt; font-size: 0.90em }
.Citaticitatmedindrag { margin-top:0pt; margin-left:34pt; margin-bottom:7.5pt; t-i:17pt; line-height:12pt; font-size: 0.90em }
.Citatmedindrag { margin-top:0pt; margin-left:17pt; margin-bottom:0pt; t-i:17pt; line-height:12pt; font-size: 0.90em }
.CommentSubject { margin-bottom:0pt; t-i:17pt; line-height:normal; font-size: 0.90em; font-weight:bold }
.CommentText { margin-bottom:0pt; t-i:17pt; line-height:normal; font-size: 0.90em }
.FSHTitel, .Dokumentrubrik { margin-top:4pt; margin-bottom:4pt; t-i:0pt; page-break-inside:avoid; page-break-after:avoid; line-height:20pt; border-bottom-style:solid; border-bottom-width:0.75pt; border-bottom-color:#000000; padding-bottom:3pt; font-size: 1.05em }
.FSHLogo { margin-top:4pt; margin-bottom:0pt; t-i:0pt; line-height:normal; font-size: 0.90em }
.FSHNormL { margin-top:4pt; margin-bottom:0pt; t-i:0pt; line-height:15pt; border-top-style:solid; border-top-width:1.5pt; border-top-color:#000000; padding-top:3pt; font-size: 0.90em }
.FSHNormal { margin-top:4pt; margin-bottom:0pt; t-i:0pt; line-height:15pt; font-size: 0.90em }
.FSHNormalS5 { margin-top:11.5pt; margin-bottom:26pt; t-i:0pt; page-break-inside:avoid; page-break-after:avoid; line-height:12.5pt; font-size: 0.95em; font-weight:bold }
.FSHRub1, .Rubrik1S5 { margin-top:135pt; margin-bottom:0pt; t-i:0pt; page-break-inside:avoid; page-break-after:avoid; line-height:16pt; font-size: 1.00em }
.FSHRub2, .Rubrik1A4 { margin-top:50pt; margin-bottom:5pt; t-i:0pt; page-break-inside:avoid; page-break-after:avoid; line-height:24pt; font-size: 1.05em }
.Footer { margin-top:4pt; margin-bottom:0pt; t-i:0pt; text-align:center; line-height:normal; font-size: 0.90em }
.FootnoteText { margin-top:0pt; margin-bottom:0pt; t-i:0pt; line-height:12pt; font-size: 0.90em }
.Yrkandehnv, .Frslagspunkthnv { margin-bottom:0pt; t-i:0pt; page-break-inside:avoid; page-break-after:avoid; font-size: 0.90em }
.Frslagsrubrik { margin-top:41pt; margin-bottom:0pt; t-i:0pt; page-break-inside:avoid; page-break-after:avoid; line-height:19.5pt; font-family:'Verdana'; font-size: 1.05em }
.Frslagstext, .Hemstlatt, .Yrkande { margin-top:4pt; margin-left:19.85pt; margin-bottom:0pt; t-i:-19.85pt; line-height:15pt; font-size: 0.90em }
.Header { margin-top:4pt; margin-bottom:0pt; t-i:0pt; line-height:normal; font-size: 0.90em }
.KantRubrikS5H { margin-top:6pt; margin-right:2.85pt; margin-bottom:0pt; t-i:0pt; text-align:right; line-height:8pt; font-size: 0.90em }
.KantRubrikS5Hrad2 { margin-top:0pt; margin-right:2.85pt; margin-bottom:0pt; t-i:0pt; text-align:right; line-height:10pt; font-size: 0.90em }
.KantRubrikS5V { margin-top:6pt; margin-right:0pt; margin-bottom:0pt; t-i:0pt; text-align:left; line-height:8pt; font-size: 0.90em }
.KantRubrikS5Vrad2 { margin-top:0pt; margin-right:0pt; margin-bottom:0pt; t-i:0pt; text-align:left; line-height:10pt; font-size: 0.90em }
.KantrubrikH { margin-top:4pt; margin-right:0pt; margin-bottom:0pt; t-i:0pt; text-align:right; line-height:15pt; font-size: 0.90em }
.KantrubrikV { margin-top:4pt; margin-left:0pt; margin-bottom:0pt; t-i:0pt; line-height:normal; font-size: 0.90em }
.Klla { margin-top:0pt; margin-bottom:0pt; t-i:0pt; line-height:12pt; font-size: 0.90em }
.Lagtext { margin-top:4pt; margin-bottom:0pt; t-i:0pt; line-height:normal; font-size: 0.90em }
.Lagtextindrag { margin-top:4pt; margin-bottom:0pt; t-i:14.2pt; line-height:normal; font-size: 0.90em }
.Lagtextrubrik { margin-top:4pt; margin-bottom:0pt; t-i:0pt; line-height:normal; font-size: 0.90em; font-style:italic; letter-spacing:1pt }
.List { margin-top:7.5pt; margin-left:17pt; margin-bottom:7.5pt; t-i:-17pt; line-height:15pt; font-size: 0.90em }
.ListBullet, .PunktlistaBomb { margin-top:4pt; margin-left:14.2pt; margin-bottom:0pt; t-i:-14.2pt; line-height:15pt; font-size: 0.90em }
.ListNumber, .PunktlistaNummer { margin-top:4pt; margin-left:14.2pt; margin-bottom:0pt; t-i:-14.2pt; line-height:15pt; font-size: 0.90em }
.ListParagraph { margin-left:36pt; margin-bottom:0pt; t-i:17pt; line-height:15pt; font-size: 0.90em }
.ListaGemener { margin-top:7.5pt; margin-left:17pt; margin-bottom:7.5pt; t-i:-17pt; line-height:15pt; font-size: 0.90em }
.ListaLinje { margin-top:7.5pt; margin-left:17pt; margin-bottom:7.5pt; t-i:-17pt; line-height:15pt; font-size: 0.90em }
.ListaNummer { margin-top:7.5pt; margin-left:17pt; margin-bottom:7.5pt; t-i:-17pt; line-height:15pt; font-size: 0.90em }
.ListaPunkt { margin-top:7.5pt; margin-left:17pt; margin-bottom:7.5pt; t-i:-17pt; line-height:15pt; font-size: 0.90em }
.MotionTIllRiksdagen { margin-top:18pt; margin-bottom:0pt; t-i:0pt; page-break-inside:avoid; page-break-after:avoid; line-height:19.5pt; font-size: 1.05em }
.Motionr { margin-top:14pt; margin-bottom:31.5pt; t-i:0pt; page-break-inside:avoid; line-height:15pt; font-size: 1.00em; font-weight:bold; font-style:normal }
.NormalIndent { margin-left:65.2pt; margin-bottom:0pt; t-i:17pt; line-height:15pt; font-size: 0.90em }
.Normalutanindragellerluft { margin-top:4pt; margin-bottom:0pt; t-i:0pt; line-height:15pt; font-size: 0.90em }
.Normal00 { margin-top:4pt; margin-bottom:0pt; t-i:0pt; line-height:normal; font-size: 0.90em }
.NormalA4fot { margin-top:12pt; margin-bottom:0pt; t-i:0pt; text-align:center; line-height:normal; font-size: 0.90em }
.NormalA4sidnr { margin-top:4pt; margin-bottom:12pt; t-i:0pt; text-align:center; line-height:normal; font-size: 0.90em }
.NormalS5sidnrH { margin-top:4pt; margin-right:2.85pt; margin-bottom:0pt; t-i:0pt; text-align:right; line-height:normal; font-size: 0.90em }
.NormalS5sidnrV { margin-top:4pt; margin-right:0pt; margin-bottom:0pt; t-i:0pt; text-align:left; line-height:normal; font-size: 0.90em }
.PlainText { margin-bottom:0pt; t-i:0pt; line-height:12pt; font-family:'Verdana'; font-size: 0.90em }
.Strecklista, .PunktlistaTankstreck { margin-top:4pt; margin-left:14.2pt; margin-bottom:0pt; t-i:-14.2pt; line-height:15pt; font-size: 0.90em }
.Quote { margin-top:7.5pt; margin-left:17pt; margin-bottom:0pt; t-i:0pt; line-height:12pt; font-size: 0.90em }
.R1 { margin-top:41pt; margin-bottom:0pt; t-i:0pt; page-break-inside:avoid; page-break-after:avoid; line-height:19.5pt; font-family:'Verdana'; font-size: 1.05em }
.R2 { margin-top:30pt; margin-bottom:0pt; t-i:0pt; page-break-inside:avoid; page-break-after:avoid; line-height:15pt; font-family:'Verdana'; font-size: 1.00em }
.R3 { margin-top:18pt; margin-bottom:0pt; t-i:0pt; page-break-inside:avoid; page-break-after:avoid; line-height:15pt; font-family:'Verdana'; font-size: 0.90em; font-weight:bold }
.Rubrik1numrerat { margin-top:41pt; margin-left:18pt; margin-bottom:0pt; t-i:-18pt; page-break-inside:auto; page-break-after:avoid; line-height:19.5pt; font-family:'Verdana'; font-size: 1.05em }
.Rubrik2numrerat { margin-top:30pt; margin-left:39.6pt; margin-bottom:0pt; t-i:-39.6pt; page-break-inside:avoid; page-break-after:avoid; line-height:15pt; font-family:'Verdana'; font-size: 1.00em }
.Rubrik3numrerat { margin-top:18pt; margin-left:61.2pt; margin-bottom:0pt; t-i:-61.2pt; page-break-inside:avoid; page-break-after:avoid; line-height:15pt; font-family:'Verdana'; font-size: 0.90em; font-weight:bold }
.Rubrik4numrerat { margin-top:18pt; margin-left:82.2pt; margin-bottom:0pt; t-i:-82.2pt; page-break-inside:avoid; page-break-after:avoid; line-height:15pt; font-family:'Verdana'; font-size: 0.90em; font-weight:normal; font-style:italic }
.RubrikFrslagTIllRiksdagsbeslut { margin-top:41pt; margin-bottom:15pt; t-i:0pt; page-break-inside:avoid; page-break-after:avoid; line-height:19.5pt; font-family:'Verdana'; font-size: 1.05em }
.RubrikInnehllsf { margin-top:41pt; margin-bottom:0pt; t-i:0pt; page-break-inside:avoid; page-break-after:avoid; line-height:19.5pt; font-family:'Verdana'; font-size: 1.05em }
.RubrikSammanf { margin-top:41pt; margin-bottom:0pt; t-i:0pt; page-break-inside:avoid; page-break-after:avoid; line-height:19.5pt; font-family:'Verdana'; font-size: 1.05em }
.Salutation { margin-top:41pt; margin-bottom:0pt; t-i:0pt; page-break-inside:avoid; page-break-after:avoid; line-height:19.5pt; font-family:'Verdana'; font-size: 1.05em }
.Streckkod { margin-top:12pt; margin-bottom:0pt; t-i:0pt; text-align:center; line-height:normal; font-family:IDAutomationHC39S; font-size: 1.00em }
.Subtitle { margin-top:4pt; margin-bottom:0pt; t-i:0pt; line-height:15pt; font-family:'Verdana'; font-size: 0.90em; font-weight:bold }
.TOC1 { margin-top:4pt; margin-bottom:0pt; t-i:0pt; line-height:15pt; font-size: 0.90em }
.TOC2 { margin-top:4pt; margin-left:14.2pt; margin-bottom:0pt; t-i:0pt; line-height:15pt; font-size: 0.90em }
.TOC3 { margin-top:4pt; margin-left:28.35pt; margin-bottom:0pt; t-i:0pt; line-height:15pt; font-size: 0.90em }
.TOC4 { margin-top:4pt; margin-left:42.55pt; margin-bottom:0pt; t-i:0pt; line-height:15pt; font-size: 0.90em }
.TOC5 { margin-top:4pt; margin-left:56.7pt; margin-bottom:0pt; t-i:0pt; line-height:15pt; font-size: 0.90em }
.TOC6 { margin-top:4pt; margin-left:56.7pt; margin-bottom:0pt; t-i:0pt; line-height:15pt; font-size: 0.90em }
.TOC7 { margin-top:15pt; margin-left:56.7pt; margin-bottom:0pt; t-i:14.2pt; page-break-inside:avoid; page-break-after:avoid; line-height:normal; font-family:'Verdana'; font-size: 0.90em; font-weight:normal; font-style:italic }
.TOC8 { margin-top:15pt; margin-left:56.7pt; margin-bottom:0pt; t-i:14.2pt; page-break-inside:avoid; page-break-after:avoid; line-height:normal; font-family:'Verdana'; font-size: 0.90em; font-weight:normal; font-style:italic }
.TOC9 { margin-top:15pt; margin-left:56.7pt; margin-bottom:0pt; t-i:14.2pt; page-break-inside:avoid; page-break-after:avoid; line-height:normal; font-family:'Verdana'; font-size: 0.90em; font-weight:normal; font-style:italic }
.TOCHeading { margin-top:41pt; margin-bottom:0pt; t-i:0pt; page-break-inside:avoid; page-break-after:avoid; line-height:19.5pt; font-family:'Verdana'; font-size: 1.05em }
.Tabellunderrubrik { margin-top:0pt; margin-bottom:0pt; t-i:0pt; line-height:15pt; font-size: 0.90em; font-weight:normal; font-style:italic }
.Tabellrubrik { margin-top:7.5pt; margin-bottom:0pt; t-i:0pt; line-height:15pt; font-size: 0.90em; font-weight:bold }
.Title { margin-top:41pt; margin-bottom:0pt; t-i:0pt; page-break-inside:avoid; page-break-after:avoid; line-height:19.5pt; font-family:'Verdana'; font-size: 1.05em }
.Underskriftdatum { margin-top:24pt; margin-bottom:3pt; t-i:0pt; page-break-inside:avoid; line-height:15pt; font-size: 0.90em; font-style:normal }
.Underskrifter { margin-top:15pt; margin-bottom:3pt; t-i:0pt; page-break-inside:avoid; line-height:15pt; font-size: 0.90em; font-style:italic }
span.BallongtextChar { font-family:'Segoe UI'; font-size: 0.90em }
span.BeteckningChar { font-size:19.5pt }
span.CommentReference { font-size:8pt }
span.FSHRub2Char, span.Rubrik1A4Char { font-size:24pt }
span.FotnotstextChar { font-size:10pt }
span.InledningChar { font-family:'Verdana'; font-size: 1.00em; font-weight:bold }
span.IntenseReference { font-weight:normal; font-style:normal; font-variant:normal; text-decoration:none; text-transform:none; letter-spacing:0pt; vertical-align:0pt; color:#000000; display:inline }
span.KommentarerChar { font-size:10pt }
span.KommentarsmneChar { font-size:10pt; font-weight:bold }
span.MotionTIllRiksdagenChar { font-size:19.5pt }
span.OformateradtextChar { font-family:'Verdana'; font-size: 0.90em }
span.PlaceholderText { color:#f4b083 }
span.Rubrik1Char { font-family:'Verdana'; font-size: 1.05em }
span.Rubrik2Char { font-family:'Verdana'; font-size: 1.00em; font-weight:bold }
span.Rubrik3Char { font-family:'Verdana'; font-size: 0.90em; font-weight:bold }
span.Rubrik4Char { font-family:'Verdana'; font-size: 0.90em; font-style:italic }
span.Rubrik5Char { font-family:'Verdana'; font-weight:bold }
span.Rubrik6Char { font-family:'Verdana'; font-style:italic }
span.Rubrik7Char { font-family:'Verdana'; font-size: 0.90em; font-weight:bold }
span.Rubrik8Char { font-family:'Verdana'; font-size: 0.90em; font-weight:bold }
span.Rubrik9Char { font-family:'Verdana'; font-size: 0.90em; font-weight:bold }
span.RubrikChar { font-family:'Verdana'; font-size: 1.00em; font-weight:bold }
span.SidfotChar { font-size:11.5pt }
span.UnderrubrikChar { font-family:'Verdana'; font-size: 0.90em; font-weight:bold }
.TableGrid {  }

.pconf{width: 450px;margin-left:5px;overflow:visable;font-family:Verdana, Geneva, sans-serif;} 
 .sidhuvud_publikation, .sidhuvud_beteckning{font-size:133%}
.MotionarLista {font-size:122%}

--&gt;&lt;/style&gt;&lt;div class="pconf"&gt;&lt;span class="sidhuvud_publikation"&gt;Motion till riksdagen&lt;/span&gt;&lt;br/&gt;
&lt;span class="sidhuvud_beteckning"&gt;2018/19:1202&lt;/span&gt;&lt;br/&gt;
&lt;span class="MotionarLista"&gt;av Marléne Lund Kopparklint (M)&lt;/span&gt;&lt;br/&gt;
&lt;h1&gt;Skyddsnät för brottsutsatta barn&lt;/h1&gt;
&lt;hr class="sidhuvud_linje"/&gt;


		&lt;div class="Section1"&gt;
			&lt;h1 style="margin-bottom:15pt; -aw-sdt-tag:CC_Boilerplate_4; -aw-sdt-title:CC_Boilerplate_4"&gt;
				&lt;span&gt;Förslag till riksdagsbeslut&lt;/span&gt;
			&lt;/h1&gt;
			&lt;p class="Frslagstext" style="-aw-sdt-tag:ff0e108d-c745-4123-a599-3bb9f91707f6; -aw-sdt-title:'Yrkande 1'"&gt;
				&lt;span&gt;Riksdagen ställer sig bakom det som anförs i motionen om säkerställda rutiner när det kommer in patienter som utsatts för våld i nära relation och det finns hemmavarande barn samt tillkännager detta för regeringen.&lt;/span&gt;
			&lt;/p&gt;
			&lt;h1 style="-aw-sdt-tag:CC_Motivering_Rubrik; -aw-sdt-title:CC_Motivering_Rubrik"&gt;
				&lt;a name="MotionsStart"&gt;&lt;/a&gt;&lt;span&gt;Motivering&lt;/span&gt;
			&lt;/h1&gt;
			&lt;p class="Normalutanindragellerluft"&gt;
				&lt;span style="letter-spacing:-0.3pt"&gt;Vi måste kunna garantera att alla barn som växer upp under otrygga omständigheter upptäcks och får hjälp i tid. Det kräver mod att våga ställa obekväma frågor, det kräver att samhället tar sig tid att undersöka om det finns barn i olika riskmiljöer, som riskerar att fara illa. &lt;/span&gt;
			&lt;/p&gt;
			&lt;p&gt;
				&lt;span style="letter-spacing:-0.3pt"&gt;Hälso- och s&lt;/span&gt;&lt;span style="letter-spacing:-0.3pt"&gt;jukvården har trots allt samma skyldighet som polisen att rapportera misstanke om att ett barn far illa till socialtjänsten men vad händer om de inte tar sitt ansvar &lt;/span&gt;&lt;span style="letter-spacing:-0.3pt"&gt;eller blundar för problemen? Hur säkerställs det att första linjens personal inom sjukvården gör en orosanmälan när de kommer i kontakt med eller får vetskap om att det finns minderåriga barn med i bilden och som är anhöriga till föräldrar som blivit utsatta för våld i nära relation. &lt;/span&gt;
			&lt;/p&gt;
			&lt;p&gt;
				&lt;span style="letter-spacing:-0.3pt"&gt;Idag är det godtycklig&lt;/span&gt;&lt;span style="letter-spacing:-0.3pt"&gt;t&lt;/span&gt;&lt;span style="letter-spacing:-0.3pt"&gt; inom landets olika landsting att ha säkerställda rutiner för att ställa frågan om det finns barn med i bilden och därefter följa upp med en orosanmälan enligt SOL paragraf 14, när det kommer in personer som blivit utsatta för våld i hemmet, finns inte överallt. Det finns statistik på hur många kvinnor som kommer i kontakt med vården på grund av våld i nära relation. Det går också att ta fram statistik på hur många av dem som har hemmavarande barn under 18 år. Om man jämför dessa siffror med varandra och ser på hur många orosanmälningar som inkommit till socialtjänsten, kan man enkelt misstänka att det finns ett &lt;/span&gt;&lt;span style="letter-spacing:-0.3pt"&gt;mörkertal på barn som kan misstänkas fara illa för att de lever under destruktiva hemförhållanden.&lt;/span&gt;
			&lt;/p&gt;
			&lt;p style="-aw-sdt-tag:CC_Underskrifter; -aw-sdt-title:CC_Underskrifter"&gt;
				&lt;span&gt; &lt;/span&gt;
			&lt;/p&gt;
			&lt;p style="-aw-sdt-tag:CC_Underskrifter; -aw-sdt-title:CC_Underskrifter"&gt;
				&lt;span&gt; &lt;/span&gt;
			&lt;/p&gt;
			&lt;table cellspacing="0" cellpadding="0" style="border-collapse:collapse; margin-left:0pt; width:100%"&gt;
				&lt;tr&gt;
					&lt;td style="padding-left:5.4pt; padding-right:5.4pt; vertical-align:bottom; width:1%"&gt;
						&lt;p class="Underskrifter" style="margin-top:15pt; margin-bottom:3pt; t-i:0pt; page-break-inside:avoid; line-height:15pt"&gt;
							&lt;span style="font-style:italic"&gt;Marléne Lund Kopparklint (M)&lt;/span&gt;
						&lt;/p&gt;
					&lt;/td&gt;
					&lt;td style="padding-left:5.4pt; padding-right:5.4pt; vertical-align:bottom; width:1%"&gt;
						&lt;p class="Underskrifter" style="margin-top:15pt; margin-bottom:3pt; t-i:0pt; page-break-inside:avoid; line-height:15pt"&gt;
							&lt;span style="font-style:italic"&gt; &lt;/span&gt;
						&lt;/p&gt;
					&lt;/td&gt;
				&lt;/tr&gt;
			&lt;/table&gt;
			&lt;p&gt;
				&lt;span&gt; &lt;/span&gt;
			&lt;/p&gt;
		&lt;/div&gt;
	&lt;/div&gt;</html>
  </dokument>
<dokforslag>
<forslag>
<nummer datatype="int32">1</nummer>
<beteckning datatype="string" />
<lydelse datatype="string">Riksdagen ställer sig bakom det som anförs i motionen om säkerställda rutiner när det kommer in patienter som utsatts för våld i nära relation och det finns hemmavarande barn samt tillkännager detta för regeringen.</lydelse>
<lydelse2 datatype="string" />
<utskottet datatype="string">Avslag</utskottet>
<kammaren datatype="string">Avslag</kammaren>
<behandlas_i datatype="string">2018/19:SoU8</behandlas_i>
<behandlas_i_punkt datatype="string" />
<kammarbeslutstyp datatype="string" />
<intressent datatype="string">SoU</intressent>
<avsnitt datatype="string" />
<grundforfattning datatype="string" />
<andringsforfattning datatype="string" />
</forslag>
</dokforslag>
<dokaktivitet>
<aktivitet>
<kod datatype="string">INL</kod>
<namn datatype="string">Inlämnad</namn>
<datum datatype="datetime">2018-11-27 14:24:34</datum>
<status datatype="string">inträffat</status>
<ordning datatype="int32">0</ordning>
<process datatype="string">behandling</process>
</aktivitet>
<aktivitet>
<kod datatype="string">Granskad</kod>
<namn datatype="string">Granskad</namn>
<datum datatype="datetime">2018-11-27 14:38:34</datum>
<status datatype="string">inträffat</status>
<ordning datatype="int32">0</ordning>
<process datatype="string">behandling</process>
</aktivitet>
<aktivitet>
<kod datatype="string">HÄN</kod>
<namn datatype="string">Hänvisad</namn>
<datum datatype="datetime">2018-12-05 00:00:00</datum>
<status datatype="string">inträffat</status>
<ordning datatype="int32">0</ordning>
<process datatype="string">behandling</process>
</aktivitet>
</dokaktivitet>
<dokintressent>
<intressent>
<intressent_id datatype="string">0358514648113</intressent_id>
<namn datatype="string">Marléne Lund Kopparklint</namn>
<partibet datatype="string">M</partibet>
<ordning datatype="int16">1</ordning>
<roll datatype="string">undertecknare</roll>
</intressent>
</dokintressent>
<dokuppgift>
<uppgift>
<kod datatype="string">motkat</kod>
<namn datatype="string">Motionskategori</namn>
<text datatype="string">Fristående motion</text>
<dok_id datatype="string">H6021202</dok_id>
<systemdatum datatype="datetime">2019-05-16 16:24:18</systemdatum>
</uppgift>
<uppgift>
<kod datatype="string">tilldelat</kod>
<namn datatype="string">Tilldelat</namn>
<text datatype="string">Socialutskottet</text>
<dok_id datatype="string">H6021202</dok_id>
<systemdatum datatype="datetime">2019-05-16 16:24:18</systemdatum>
</uppgift>
<uppgift>
<kod datatype="string">statustext</kod>
<namn datatype="string">statustext</namn>
<text datatype="string">Motionen bereds i utskott</text>
<dok_id datatype="string">H6021202</dok_id>
<systemdatum datatype="datetime">2019-05-10 08:18:28</systemdatum>
</uppgift>
</dokuppgift>
<dokbilaga>
<bilaga>
<dok_id datatype="string">H6021202</dok_id>
<titel datatype="string">Skyddsnät för brottsutsatta barn</titel>
<subtitel datatype="string">av Marléne Lund Kopparklint (M)</subtitel>
<filnamn datatype="string">mot_201819__1202.docx</filnamn>
<filstorlek datatype="int32">69666</filstorlek>
<filtyp datatype="string">docx</filtyp>
<fil_url datatype="string">http://data.riksdagen.se/fil/03E4E405-3E02-4B25-9114-3F3D46371C53</fil_url>
</bilaga>
<bilaga>
<dok_id datatype="string">H6021202</dok_id>
<titel datatype="string">Skyddsnät för brottsutsatta barn</titel>
<subtitel datatype="string">av Marléne Lund Kopparklint (M)</subtitel>
<filnamn datatype="string">mot_201819__1202.pdf</filnamn>
<filstorlek datatype="int32">77110</filstorlek>
<filtyp datatype="string">pdf</filtyp>
<fil_url datatype="string">http://data.riksdagen.se/fil/E6FCC564-1499-4D10-8D7E-C6C0B399C506</fil_url>
</bilaga>
</dokbilaga>
<dokreferens>
<referens>
<referenstyp datatype="string">behandlas_i</referenstyp>
<uppgift datatype="string">2018/19:SoU8</uppgift>
<ref_dok_id datatype="string">H601SoU8</ref_dok_id>
<ref_dok_typ datatype="string">bet</ref_dok_typ>
<ref_dok_rm datatype="string">2018/19</ref_dok_rm>
<ref_dok_bet datatype="string">SoU8</ref_dok_bet>
<ref_dok_titel datatype="string">Hälso- och sjukvårdsfrågor</ref_dok_titel>
<ref_dok_subtitel datatype="string" />
<ref_dok_subtyp datatype="string">bet</ref_dok_subtyp>
<ref_dok_dokumentnamn datatype="string">Betänkande</ref_dok_dokumentnamn>
</referens>
</dokreferens>
<debatt /></dokumentstatus>