<dokumentstatus>
  <dokument>
    <hangar_id datatype="int32">5010619</hangar_id>
    <dok_id datatype="string">H6021151</dok_id>
    <rm datatype="string">2018/19</rm>
    <beteckning datatype="string">1151</beteckning>
    <typ datatype="string">mot</typ>
    <subtyp datatype="string">Enskild motion</subtyp>
    <doktyp datatype="string">mot</doktyp>
    <typrubrik datatype="string">Motion 2018/19:1151 av Pia Nilsson (S)</typrubrik>
    <dokumentnamn datatype="string">Motion</dokumentnamn>
    <debattnamn datatype="string">Motion</debattnamn>
    <tempbeteckning datatype="string">S2059</tempbeteckning>
    <organ datatype="string">JuU</organ>
    <mottagare datatype="string"></mottagare>
    <nummer datatype="int32">1151</nummer>
    <slutnummer datatype="int32">0</slutnummer>
    <datum datatype="datetime">2018-11-27 00:00:00</datum>
    <systemdatum datatype="datetime">2019-05-13 17:20:03</systemdatum>
    <publicerad datatype="datetime">2018-11-27 00:00:00</publicerad>
    <titel datatype="string">Ändamålsenlig organisation för trafikpolisen</titel>
    <subtitel datatype="string">av Pia Nilsson (S)</subtitel>
    <status datatype="string">Klar</status>
    <htmlformat datatype="string">html</htmlformat>
    <relaterat_id datatype="string"></relaterat_id>
    <source datatype="string">Filur</source>
    <sourceid datatype="string">fcdeba7c-7b8a-4e14-ae6b-573d6143fde3</sourceid>
    <dokument_url_text datatype="stext">http://data.riksdagen.se/dokument/H6021151/text</dokument_url_text>
    <dokument_url_html datatype="stext">http://data.riksdagen.se/dokument/H6021151</dokument_url_html>
    <dokumentstatus_url_xml datatype="stext">http://data.riksdagen.se/dokumentstatus/H6021151</dokumentstatus_url_xml>
    <html datatype="text">&lt;style&gt;&lt;!-- 
 /********************************************************************************************************/
/* Styles for D:\Logs\DocumentConverter\\Output_9e883c6a-0377-41b1-8823-884fdfd63c0f\HTML\Dokument.html */
/* Generated by Aspose.Words for .NET 15.3.0.0                                                          */
/********************************************************************************************************/

@page Section1 { size:595.3pt 841.9pt; margin:35.45pt 85.05pt }
div.Section1 { page:Section1 }
div.pconf body { t-i:17pt; line-height:15pt; font-family:'Verdana'; font-size: 0.90em }
div.pconf h1, h2, h3, h4, h5, h6, p { margin:0pt }
div.pconf li, table { margin-top:0pt; margin-bottom:0pt }
div.pconf h1 { margin-top:41pt; margin-bottom:0pt; t-i:0pt; page-break-inside:avoid; page-break-after:avoid; line-height:19.5pt; font-family:'Verdana'; font-size: 1.05em; font-weight:normal }
div.pconf h2 { margin-top:30pt; margin-bottom:0pt; t-i:0pt; page-break-inside:avoid; page-break-after:avoid; line-height:15pt; font-family:'Verdana'; font-size: 1.00em; font-weight:normal }
div.pconf h3 { margin-top:18pt; margin-bottom:0pt; t-i:0pt; page-break-inside:avoid; page-break-after:avoid; line-height:15pt; font-family:'Verdana'; font-size: 0.90em; font-weight:bold }
div.pconf h4 { margin-top:18pt; margin-bottom:0pt; t-i:0pt; page-break-inside:avoid; page-break-after:avoid; line-height:15pt; font-family:'Verdana'; font-size: 0.90em; font-weight:normal; font-style:italic }
div.pconf h5 { margin-top:15pt; margin-bottom:0pt; t-i:0pt; page-break-inside:avoid; page-break-after:avoid; line-height:15pt; font-family:'Verdana'; font-size: 0.90em; font-weight:bold; font-style:normal }
div.pconf h6 { margin-top:15pt; margin-bottom:0pt; t-i:0pt; page-break-inside:avoid; page-break-after:avoid; line-height:15pt; font-family:'Verdana'; font-size: 0.90em; font-weight:normal; font-style:italic }
.Heading7 { margin-top:15pt; margin-bottom:0pt; t-i:0pt; page-break-inside:avoid; page-break-after:avoid; line-height:15pt; font-family:'Verdana'; font-size: 0.90em; font-weight:normal; font-style:italic }
.Heading8 { margin-top:15pt; margin-bottom:0pt; t-i:0pt; page-break-inside:avoid; page-break-after:avoid; line-height:15pt; font-family:'Verdana'; font-size: 0.90em; font-weight:normal; font-style:italic }
.Heading9 { margin-top:0pt; margin-bottom:0pt; t-i:0pt; page-break-inside:avoid; page-break-after:avoid; line-height:15pt; font-family:'Verdana'; font-size: 0.90em; font-weight:normal; font-style:italic }
.BalloonText { margin-bottom:0pt; t-i:17pt; line-height:normal; font-family:'Segoe UI'; font-size: 0.90em }
.Beteckning { margin-top:18pt; margin-bottom:0pt; t-i:14.2pt; page-break-inside:auto; page-break-after:auto; line-height:19.5pt; font-size: 1.05em }
.BlockText, .Inramatstycke { margin-right:56.7pt; margin-left:56.7pt; margin-bottom:0pt; t-i:0pt; text-align:nojustify; line-height:15pt; border-top-style:solid; border-top-width:0.75pt; border-top-color:#000000; border-right-style:solid; border-right-width:0.75pt; border-right-color:#000000; border-left-style:solid; border-left-width:0.75pt; border-left-color:#000000; border-bottom-style:solid; border-bottom-width:0.75pt; border-bottom-color:#000000; padding-top:10pt; padding-right:10pt; padding-left:10pt; padding-bottom:10pt; font-size: 0.90em; font-style:italic }
.Citaticitat { margin-top:7.5pt; margin-left:34pt; margin-bottom:0pt; t-i:0pt; line-height:12pt; font-size: 0.90em }
.Citaticitatmedindrag { margin-top:0pt; margin-left:34pt; margin-bottom:7.5pt; t-i:17pt; line-height:12pt; font-size: 0.90em }
.Citatmedindrag { margin-top:0pt; margin-left:17pt; margin-bottom:0pt; t-i:17pt; line-height:12pt; font-size: 0.90em }
.CommentSubject { margin-bottom:0pt; t-i:17pt; line-height:normal; font-size: 0.90em; font-weight:bold }
.CommentText { margin-bottom:0pt; t-i:17pt; line-height:normal; font-size: 0.90em }
.FSHTitel, .Dokumentrubrik { margin-top:4pt; margin-bottom:4pt; t-i:0pt; page-break-inside:avoid; page-break-after:avoid; line-height:20pt; border-bottom-style:solid; border-bottom-width:0.75pt; border-bottom-color:#000000; padding-bottom:3pt; font-size: 1.05em }
.FSHLogo { margin-top:4pt; margin-bottom:0pt; t-i:0pt; line-height:normal; font-size: 0.90em }
.FSHNormL { margin-top:4pt; margin-bottom:0pt; t-i:0pt; line-height:15pt; border-top-style:solid; border-top-width:1.5pt; border-top-color:#000000; padding-top:3pt; font-size: 0.90em }
.FSHNormal { margin-top:4pt; margin-bottom:0pt; t-i:0pt; line-height:15pt; font-size: 0.90em }
.FSHNormalS5 { margin-top:11.5pt; margin-bottom:26pt; t-i:0pt; page-break-inside:avoid; page-break-after:avoid; line-height:12.5pt; font-size: 0.95em; font-weight:bold }
.FSHRub1, .Rubrik1S5 { margin-top:135pt; margin-bottom:0pt; t-i:0pt; page-break-inside:avoid; page-break-after:avoid; line-height:16pt; font-size: 1.00em }
.FSHRub2, .Rubrik1A4 { margin-top:50pt; margin-bottom:5pt; t-i:0pt; page-break-inside:avoid; page-break-after:avoid; line-height:24pt; font-size: 1.05em }
.Footer { margin-top:4pt; margin-bottom:0pt; t-i:0pt; text-align:center; line-height:normal; font-size: 0.90em }
.FootnoteText { margin-top:0pt; margin-bottom:0pt; t-i:0pt; line-height:12pt; font-size: 0.90em }
.Yrkandehnv, .Frslagspunkthnv { margin-bottom:0pt; t-i:0pt; page-break-inside:avoid; page-break-after:avoid; font-size: 0.90em }
.Frslagsrubrik { margin-top:41pt; margin-bottom:0pt; t-i:0pt; page-break-inside:avoid; page-break-after:avoid; line-height:19.5pt; font-family:'Verdana'; font-size: 1.05em }
.Frslagstext, .Hemstlatt, .Yrkande { margin-top:4pt; margin-left:19.85pt; margin-bottom:0pt; t-i:-19.85pt; line-height:15pt; font-size: 0.90em }
.Header { margin-top:4pt; margin-bottom:0pt; t-i:0pt; line-height:normal; font-size: 0.90em }
.KantRubrikS5H { margin-top:6pt; margin-right:2.85pt; margin-bottom:0pt; t-i:0pt; text-align:right; line-height:8pt; font-size: 0.90em }
.KantRubrikS5Hrad2 { margin-top:0pt; margin-right:2.85pt; margin-bottom:0pt; t-i:0pt; text-align:right; line-height:10pt; font-size: 0.90em }
.KantRubrikS5V { margin-top:6pt; margin-right:0pt; margin-bottom:0pt; t-i:0pt; text-align:left; line-height:8pt; font-size: 0.90em }
.KantRubrikS5Vrad2 { margin-top:0pt; margin-right:0pt; margin-bottom:0pt; t-i:0pt; text-align:left; line-height:10pt; font-size: 0.90em }
.KantrubrikH { margin-top:4pt; margin-right:0pt; margin-bottom:0pt; t-i:0pt; text-align:right; line-height:15pt; font-size: 0.90em }
.KantrubrikV { margin-top:4pt; margin-left:0pt; margin-bottom:0pt; t-i:0pt; line-height:normal; font-size: 0.90em }
.Klla { margin-top:0pt; margin-bottom:0pt; t-i:0pt; line-height:12pt; font-size: 0.90em }
.Lagtext { margin-top:4pt; margin-bottom:0pt; t-i:0pt; line-height:normal; font-size: 0.90em }
.Lagtextindrag { margin-top:4pt; margin-bottom:0pt; t-i:14.2pt; line-height:normal; font-size: 0.90em }
.Lagtextrubrik { margin-top:4pt; margin-bottom:0pt; t-i:0pt; line-height:normal; font-size: 0.90em; font-style:italic; letter-spacing:1pt }
.List { margin-top:7.5pt; margin-left:17pt; margin-bottom:7.5pt; t-i:-17pt; line-height:15pt; font-size: 0.90em }
.ListBullet, .PunktlistaBomb { margin-top:4pt; margin-left:14.2pt; margin-bottom:0pt; t-i:-14.2pt; line-height:15pt; font-size: 0.90em }
.ListNumber, .PunktlistaNummer { margin-top:4pt; margin-left:14.2pt; margin-bottom:0pt; t-i:-14.2pt; line-height:15pt; font-size: 0.90em }
.ListParagraph { margin-left:36pt; margin-bottom:0pt; t-i:17pt; line-height:15pt; font-size: 0.90em }
.ListaGemener { margin-top:7.5pt; margin-left:17pt; margin-bottom:7.5pt; t-i:-17pt; line-height:15pt; font-size: 0.90em }
.ListaLinje { margin-top:7.5pt; margin-left:17pt; margin-bottom:7.5pt; t-i:-17pt; line-height:15pt; font-size: 0.90em }
.ListaNummer { margin-top:7.5pt; margin-left:17pt; margin-bottom:7.5pt; t-i:-17pt; line-height:15pt; font-size: 0.90em }
.ListaPunkt { margin-top:7.5pt; margin-left:17pt; margin-bottom:7.5pt; t-i:-17pt; line-height:15pt; font-size: 0.90em }
.MotionTIllRiksdagen { margin-top:18pt; margin-bottom:0pt; t-i:0pt; page-break-inside:avoid; page-break-after:avoid; line-height:19.5pt; font-size: 1.05em }
.Motionr { margin-top:14pt; margin-bottom:31.5pt; t-i:0pt; page-break-inside:avoid; line-height:15pt; font-size: 1.00em; font-weight:bold; font-style:normal }
.NormalIndent { margin-left:65.2pt; margin-bottom:0pt; t-i:17pt; line-height:15pt; font-size: 0.90em }
.Normalutanindragellerluft { margin-top:4pt; margin-bottom:0pt; t-i:0pt; line-height:15pt; font-size: 0.90em }
.Normal00 { margin-top:4pt; margin-bottom:0pt; t-i:0pt; line-height:normal; font-size: 0.90em }
.NormalA4fot { margin-top:12pt; margin-bottom:0pt; t-i:0pt; text-align:center; line-height:normal; font-size: 0.90em }
.NormalA4sidnr { margin-top:4pt; margin-bottom:12pt; t-i:0pt; text-align:center; line-height:normal; font-size: 0.90em }
.NormalS5sidnrH { margin-top:4pt; margin-right:2.85pt; margin-bottom:0pt; t-i:0pt; text-align:right; line-height:normal; font-size: 0.90em }
.NormalS5sidnrV { margin-top:4pt; margin-right:0pt; margin-bottom:0pt; t-i:0pt; text-align:left; line-height:normal; font-size: 0.90em }
.PlainText { margin-bottom:0pt; t-i:0pt; line-height:12pt; font-family:'Verdana'; font-size: 0.90em }
.Strecklista, .PunktlistaTankstreck { margin-top:4pt; margin-left:14.2pt; margin-bottom:0pt; t-i:-14.2pt; line-height:15pt; font-size: 0.90em }
.Quote { margin-top:7.5pt; margin-left:17pt; margin-bottom:0pt; t-i:0pt; line-height:12pt; font-size: 0.90em }
.R1 { margin-top:41pt; margin-bottom:0pt; t-i:0pt; page-break-inside:avoid; page-break-after:avoid; line-height:19.5pt; font-family:'Verdana'; font-size: 1.05em }
.R2 { margin-top:30pt; margin-bottom:0pt; t-i:0pt; page-break-inside:avoid; page-break-after:avoid; line-height:15pt; font-family:'Verdana'; font-size: 1.00em }
.R3 { margin-top:18pt; margin-bottom:0pt; t-i:0pt; page-break-inside:avoid; page-break-after:avoid; line-height:15pt; font-family:'Verdana'; font-size: 0.90em; font-weight:bold }
.Rubrik1numrerat { margin-top:41pt; margin-left:18pt; margin-bottom:0pt; t-i:-18pt; page-break-inside:auto; page-break-after:avoid; line-height:19.5pt; font-family:'Verdana'; font-size: 1.05em }
.Rubrik2numrerat { margin-top:30pt; margin-left:39.6pt; margin-bottom:0pt; t-i:-39.6pt; page-break-inside:avoid; page-break-after:avoid; line-height:15pt; font-family:'Verdana'; font-size: 1.00em }
.Rubrik3numrerat { margin-top:18pt; margin-left:61.2pt; margin-bottom:0pt; t-i:-61.2pt; page-break-inside:avoid; page-break-after:avoid; line-height:15pt; font-family:'Verdana'; font-size: 0.90em; font-weight:bold }
.Rubrik4numrerat { margin-top:18pt; margin-left:82.2pt; margin-bottom:0pt; t-i:-82.2pt; page-break-inside:avoid; page-break-after:avoid; line-height:15pt; font-family:'Verdana'; font-size: 0.90em; font-weight:normal; font-style:italic }
.RubrikFrslagTIllRiksdagsbeslut { margin-top:41pt; margin-bottom:15pt; t-i:0pt; page-break-inside:avoid; page-break-after:avoid; line-height:19.5pt; font-family:'Verdana'; font-size: 1.05em }
.RubrikInnehllsf { margin-top:41pt; margin-bottom:0pt; t-i:0pt; page-break-inside:avoid; page-break-after:avoid; line-height:19.5pt; font-family:'Verdana'; font-size: 1.05em }
.RubrikSammanf { margin-top:41pt; margin-bottom:0pt; t-i:0pt; page-break-inside:avoid; page-break-after:avoid; line-height:19.5pt; font-family:'Verdana'; font-size: 1.05em }
.Salutation { margin-top:41pt; margin-bottom:0pt; t-i:0pt; page-break-inside:avoid; page-break-after:avoid; line-height:19.5pt; font-family:'Verdana'; font-size: 1.05em }
.Streckkod { margin-top:12pt; margin-bottom:0pt; t-i:0pt; text-align:center; line-height:normal; font-family:IDAutomationHC39S; font-size: 1.00em }
.Subtitle { margin-top:4pt; margin-bottom:0pt; t-i:0pt; line-height:15pt; font-family:'Verdana'; font-size: 0.90em; font-weight:bold }
.TOC1 { margin-top:4pt; margin-bottom:0pt; t-i:0pt; line-height:15pt; font-size: 0.90em }
.TOC2 { margin-top:4pt; margin-left:14.2pt; margin-bottom:0pt; t-i:0pt; line-height:15pt; font-size: 0.90em }
.TOC3 { margin-top:4pt; margin-left:28.35pt; margin-bottom:0pt; t-i:0pt; line-height:15pt; font-size: 0.90em }
.TOC4 { margin-top:4pt; margin-left:42.55pt; margin-bottom:0pt; t-i:0pt; line-height:15pt; font-size: 0.90em }
.TOC5 { margin-top:4pt; margin-left:56.7pt; margin-bottom:0pt; t-i:0pt; line-height:15pt; font-size: 0.90em }
.TOC6 { margin-top:4pt; margin-left:56.7pt; margin-bottom:0pt; t-i:0pt; line-height:15pt; font-size: 0.90em }
.TOC7 { margin-top:15pt; margin-left:56.7pt; margin-bottom:0pt; t-i:14.2pt; page-break-inside:avoid; page-break-after:avoid; line-height:normal; font-family:'Verdana'; font-size: 0.90em; font-weight:normal; font-style:italic }
.TOC8 { margin-top:15pt; margin-left:56.7pt; margin-bottom:0pt; t-i:14.2pt; page-break-inside:avoid; page-break-after:avoid; line-height:normal; font-family:'Verdana'; font-size: 0.90em; font-weight:normal; font-style:italic }
.TOC9 { margin-top:15pt; margin-left:56.7pt; margin-bottom:0pt; t-i:14.2pt; page-break-inside:avoid; page-break-after:avoid; line-height:normal; font-family:'Verdana'; font-size: 0.90em; font-weight:normal; font-style:italic }
.TOCHeading { margin-top:41pt; margin-bottom:0pt; t-i:0pt; page-break-inside:avoid; page-break-after:avoid; line-height:19.5pt; font-family:'Verdana'; font-size: 1.05em }
.Tabellunderrubrik { margin-top:0pt; margin-bottom:0pt; t-i:0pt; line-height:15pt; font-size: 0.90em; font-weight:normal; font-style:italic }
.Tabellrubrik { margin-top:7.5pt; margin-bottom:0pt; t-i:0pt; line-height:15pt; font-size: 0.90em; font-weight:bold }
.Title { margin-top:41pt; margin-bottom:0pt; t-i:0pt; page-break-inside:avoid; page-break-after:avoid; line-height:19.5pt; font-family:'Verdana'; font-size: 1.05em }
.Underskriftdatum { margin-top:24pt; margin-bottom:3pt; t-i:0pt; page-break-inside:avoid; line-height:15pt; font-size: 0.90em; font-style:normal }
.Underskrifter { margin-top:15pt; margin-bottom:3pt; t-i:0pt; page-break-inside:avoid; line-height:15pt; font-size: 0.90em; font-style:italic }
span.BallongtextChar { font-family:'Segoe UI'; font-size: 0.90em }
span.BeteckningChar { font-size:19.5pt }
span.CommentReference { font-size:8pt }
span.FSHRub2Char, span.Rubrik1A4Char { font-size:24pt }
span.FotnotstextChar { font-size:10pt }
span.InledningChar { font-family:'Verdana'; font-size: 1.00em; font-weight:bold }
span.IntenseReference { font-weight:normal; font-style:normal; font-variant:normal; text-decoration:none; text-transform:none; letter-spacing:0pt; vertical-align:0pt; color:#000000; display:inline }
span.KommentarerChar { font-size:10pt }
span.KommentarsmneChar { font-size:10pt; font-weight:bold }
span.MotionTIllRiksdagenChar { font-size:19.5pt }
span.OformateradtextChar { font-family:'Verdana'; font-size: 0.90em }
span.PlaceholderText { color:#f4b083 }
span.Rubrik1Char { font-family:'Verdana'; font-size: 1.05em }
span.Rubrik2Char { font-family:'Verdana'; font-size: 1.00em; font-weight:bold }
span.Rubrik3Char { font-family:'Verdana'; font-size: 0.90em; font-weight:bold }
span.Rubrik4Char { font-family:'Verdana'; font-size: 0.90em; font-style:italic }
span.Rubrik5Char { font-family:'Verdana'; font-weight:bold }
span.Rubrik6Char { font-family:'Verdana'; font-style:italic }
span.Rubrik7Char { font-family:'Verdana'; font-size: 0.90em; font-weight:bold }
span.Rubrik8Char { font-family:'Verdana'; font-size: 0.90em; font-weight:bold }
span.Rubrik9Char { font-family:'Verdana'; font-size: 0.90em; font-weight:bold }
span.RubrikChar { font-family:'Verdana'; font-size: 1.00em; font-weight:bold }
span.SidfotChar { font-size:11.5pt }
span.UnderrubrikChar { font-family:'Verdana'; font-size: 0.90em; font-weight:bold }
.TableGrid {  }

.pconf{width: 450px;margin-left:5px;overflow:visable;font-family:Verdana, Geneva, sans-serif;} 
 .sidhuvud_publikation, .sidhuvud_beteckning{font-size:133%}
.MotionarLista {font-size:122%}

--&gt;&lt;/style&gt;&lt;div class="pconf"&gt;&lt;span class="sidhuvud_publikation"&gt;Motion till riksdagen&lt;/span&gt;&lt;br/&gt;
&lt;span class="sidhuvud_beteckning"&gt;2018/19:1151&lt;/span&gt;&lt;br/&gt;
&lt;span class="MotionarLista"&gt;av Pia Nilsson (S)&lt;/span&gt;&lt;br/&gt;
&lt;h1&gt;Ändamålsenlig organisation för trafikpolisen&lt;/h1&gt;
&lt;hr class="sidhuvud_linje"/&gt;


		&lt;div class="Section1"&gt;
			&lt;h1 style="margin-bottom:15pt; -aw-sdt-tag:CC_Boilerplate_4; -aw-sdt-title:CC_Boilerplate_4"&gt;
				&lt;span&gt;Förslag till riksdagsbeslut&lt;/span&gt;
			&lt;/h1&gt;
			&lt;p class="Frslagstext" style="-aw-sdt-tag:cda53c48-d2c0-4ae2-947d-48f4434a9797; -aw-sdt-title:'Yrkande 1'"&gt;
				&lt;span&gt;Riksdagen ställer sig bakom det som anförs i motionen om vikten av att polisen har en ändamålsenlig organisation för trafikpolisen och tillkännager detta för regeringen.&lt;/span&gt;
			&lt;/p&gt;
			&lt;h1 style="-aw-sdt-tag:CC_Motivering_Rubrik; -aw-sdt-title:CC_Motivering_Rubrik"&gt;
				&lt;a name="MotionsStart"&gt;&lt;/a&gt;&lt;span&gt;Motivering&lt;/span&gt;
			&lt;/h1&gt;
			&lt;p class="Normalutanindragellerluft"&gt;
				&lt;span&gt;Trafikpolisen fyller en central funktion för att skapa ordning och reda på våra svenska vägar. Att vara trafikpolis är en komplicerad och krävande tjänst som kräver bred ämneskunskap som vanligtvis tar flera år att arbeta upp. Inom trafikpolisens område ryms&lt;/span&gt;&lt;span&gt; alltifrån att säkerställa att n&lt;/span&gt;&lt;span&gt;ollvisionens delmål nås till att kontrollera att den lastbilstrafik som rullar på våra vägar uppfyller EU-reglerna om cabotage. &lt;/span&gt;
			&lt;/p&gt;
			&lt;p&gt;
				&lt;span&gt;Antalet trafikpoliser har under de senaste decennierna minskat. I börj&lt;/span&gt;&lt;span&gt;an av 1980-talet fanns det ca&lt;/span&gt;&lt;span&gt; &lt;/span&gt;&lt;span&gt;1&lt;/span&gt;&lt;span&gt; &lt;/span&gt;&lt;span&gt;500 trafikpoliser. Ida&lt;/span&gt;&lt;span&gt;g är antalet ca&lt;/span&gt;&lt;span&gt; &lt;/span&gt;&lt;span&gt;350 och ett 50-tal bilinspektörer&lt;/span&gt;&lt;span&gt;,&lt;/span&gt;&lt;span&gt; och nedgången fortsätter till följd av pensionsavgångar. Vi konstaterar att antalet trafik&lt;/span&gt;&lt;span&gt;­&lt;/span&gt;&lt;span&gt;poliser även i Västmanland följer denna negativa trend. &lt;/span&gt;
			&lt;/p&gt;
			&lt;p&gt;
				&lt;span&gt;Ett lyckat effektiviseringsarbete, genom exempelvis införandet av fartkameror, har gjort att vi har kunnat ha fortsatt säkra vägar i Sverige fast med mindre antal trafik&lt;/span&gt;&lt;span&gt;­&lt;/span&gt;&lt;span&gt;poliser. &lt;/span&gt;
			&lt;/p&gt;
			&lt;p&gt;
				&lt;span&gt;Men hastighetskameror kan inte ersätta trafikpolisernas kontroll av den tunga yrkestrafiken och efterlevnaden av EU:s cabotageregler och kör- och vilotider. &lt;/span&gt;
			&lt;/p&gt;
			&lt;p&gt;
				&lt;span&gt;Inom åkeribranschen finns en mängd oseriö&lt;/span&gt;&lt;span&gt;sa företag som struntar i schys&lt;/span&gt;&lt;span&gt;ta villkor och en säker arbetsmiljö men som konkurrerar på samma marknad som seriösa åkeri&lt;/span&gt;&lt;span&gt;­&lt;/span&gt;&lt;span&gt;företag där goda villkor och ett stort säkerhetstänk är norm. Vi ser hur chaufförer kör till svältlöner och hur regler bryts. Detta är både en trafikfara och en arbetsmiljöfara. &lt;/span&gt;
			&lt;/p&gt;
			&lt;p&gt;
				&lt;span&gt;Den s&lt;/span&gt;&lt;span&gt;ocialdemokratiskt ledda regeringen har sedan den tillträdde 2014 gett polisen ökade befogenheter inom yrkestrafikområdet. Möjligheter till klampning och införandet av en hög sanktionsavgift mot de som bryter m&lt;/span&gt;&lt;span&gt;ot våra lagar och regler har bl&lt;/span&gt;&lt;span&gt; &lt;/span&gt;&lt;span&gt;a införts. &lt;/span&gt;
			&lt;/p&gt;
			&lt;p&gt;
				&lt;span&gt;I budgetpropositionen 2017 tillfördes extra medel till Polismyndigheten för att bland annat förbättra insatserna när det gäller kontroller av cabotagetransporter och flygande inspektioner av nyttofordon. &lt;/span&gt;
			&lt;/p&gt;
			&lt;p&gt;
				&lt;span&gt;Att skapa bättre ordning och reda i yrkestrafiken ä&lt;/span&gt;&lt;span&gt;r en prioriterad fråga för oss s&lt;/span&gt;&lt;span&gt;ocialdemokrater. Den osunda konkurrensen ska bort&lt;/span&gt;&lt;span&gt;, för i Sverige ska schy&lt;/span&gt;&lt;span&gt;sta villkor och ordning och reda gälla, s&lt;/span&gt;&lt;span&gt;å&lt;/span&gt;&lt;span&gt;väl på vägarna som i resten av samhället. &lt;/span&gt;
			&lt;/p&gt;
			&lt;p style="-aw-sdt-tag:CC_Underskrifter; -aw-sdt-title:CC_Underskrifter"&gt;
				&lt;span&gt; &lt;/span&gt;
			&lt;/p&gt;
			&lt;p style="-aw-sdt-tag:CC_Underskrifter; -aw-sdt-title:CC_Underskrifter"&gt;
				&lt;span&gt; &lt;/span&gt;
			&lt;/p&gt;
			&lt;table cellspacing="0" cellpadding="0" style="border-collapse:collapse; margin-left:0pt; width:100%"&gt;
				&lt;tr&gt;
					&lt;td style="padding-left:5.4pt; padding-right:5.4pt; vertical-align:bottom; width:1%"&gt;
						&lt;p class="Underskrifter" style="margin-top:15pt; margin-bottom:3pt; t-i:0pt; page-break-inside:avoid; line-height:15pt"&gt;
							&lt;span style="font-style:italic"&gt;Pia Nilsson (S)&lt;/span&gt;
						&lt;/p&gt;
					&lt;/td&gt;
					&lt;td style="padding-left:5.4pt; padding-right:5.4pt; vertical-align:bottom; width:1%"&gt;
						&lt;p class="Underskrifter" style="margin-top:15pt; margin-bottom:3pt; t-i:0pt; page-break-inside:avoid; line-height:15pt"&gt;
							&lt;span style="font-style:italic"&gt; &lt;/span&gt;
						&lt;/p&gt;
					&lt;/td&gt;
				&lt;/tr&gt;
			&lt;/table&gt;
			&lt;p&gt;
				&lt;span&gt; &lt;/span&gt;
			&lt;/p&gt;
		&lt;/div&gt;
	&lt;/div&gt;</html>
  </dokument>
<dokforslag>
<forslag>
<nummer datatype="int32">1</nummer>
<beteckning datatype="string" />
<lydelse datatype="string">Riksdagen ställer sig bakom det som anförs i motionen om vikten av att polisen har en ändamålsenlig organisation för trafikpolisen och tillkännager detta för regeringen.</lydelse>
<lydelse2 datatype="string" />
<utskottet datatype="string">Avslag</utskottet>
<kammaren datatype="string">Avslag</kammaren>
<behandlas_i datatype="string">2018/19:JuU10</behandlas_i>
<behandlas_i_punkt datatype="string" />
<kammarbeslutstyp datatype="string" />
<intressent datatype="string">JuU</intressent>
<avsnitt datatype="string" />
<grundforfattning datatype="string" />
<andringsforfattning datatype="string" />
</forslag>
</dokforslag>
<dokaktivitet>
<aktivitet>
<kod datatype="string">INL</kod>
<namn datatype="string">Inlämnad</namn>
<datum datatype="datetime">2018-11-27 13:27:56</datum>
<status datatype="string">inträffat</status>
<ordning datatype="int32">0</ordning>
<process datatype="string">behandling</process>
</aktivitet>
<aktivitet>
<kod datatype="string">Granskad</kod>
<namn datatype="string">Granskad</namn>
<datum datatype="datetime">2018-11-27 13:57:15</datum>
<status datatype="string">inträffat</status>
<ordning datatype="int32">0</ordning>
<process datatype="string">behandling</process>
</aktivitet>
<aktivitet>
<kod datatype="string">HÄN</kod>
<namn datatype="string">Hänvisad</namn>
<datum datatype="datetime">2018-12-05 00:00:00</datum>
<status datatype="string">inträffat</status>
<ordning datatype="int32">0</ordning>
<process datatype="string">behandling</process>
</aktivitet>
</dokaktivitet>
<dokintressent>
<intressent>
<intressent_id datatype="string">0460690753617</intressent_id>
<namn datatype="string">Pia Nilsson</namn>
<partibet datatype="string">S</partibet>
<ordning datatype="int16">1</ordning>
<roll datatype="string">undertecknare</roll>
</intressent>
</dokintressent>
<dokuppgift>
<uppgift>
<kod datatype="string">motkat</kod>
<namn datatype="string">Motionskategori</namn>
<text datatype="string">Fristående motion</text>
<dok_id datatype="string">H6021151</dok_id>
<systemdatum datatype="datetime">2019-05-13 17:19:02</systemdatum>
</uppgift>
<uppgift>
<kod datatype="string">tilldelat</kod>
<namn datatype="string">Tilldelat</namn>
<text datatype="string">Justitieutskottet</text>
<dok_id datatype="string">H6021151</dok_id>
<systemdatum datatype="datetime">2019-05-13 17:19:02</systemdatum>
</uppgift>
<uppgift>
<kod datatype="string">statustext</kod>
<namn datatype="string">statustext</namn>
<text datatype="string">Ärendet är avslutat</text>
<dok_id datatype="string">H6021151</dok_id>
<systemdatum datatype="datetime">2019-04-25 17:53:13</systemdatum>
</uppgift>
</dokuppgift>
<dokbilaga>
<bilaga>
<dok_id datatype="string">H6021151</dok_id>
<titel datatype="string">Ändamålsenlig organisation för trafikpolisen</titel>
<subtitel datatype="string">av Pia Nilsson (S)</subtitel>
<filnamn datatype="string">mot_201819__1151.docx</filnamn>
<filstorlek datatype="int32">69970</filstorlek>
<filtyp datatype="string">docx</filtyp>
<fil_url datatype="string">http://data.riksdagen.se/fil/4A2C8063-2072-4D17-BC36-C9AF6FAB1D0F</fil_url>
</bilaga>
<bilaga>
<dok_id datatype="string">H6021151</dok_id>
<titel datatype="string">Ändamålsenlig organisation för trafikpolisen</titel>
<subtitel datatype="string">av Pia Nilsson (S)</subtitel>
<filnamn datatype="string">mot_201819__1151.pdf</filnamn>
<filstorlek datatype="int32">71293</filstorlek>
<filtyp datatype="string">pdf</filtyp>
<fil_url datatype="string">http://data.riksdagen.se/fil/CD8A6A00-CC91-449A-838F-35FE8B808071</fil_url>
</bilaga>
</dokbilaga>
<dokreferens>
<referens>
<referenstyp datatype="string">behandlas_i</referenstyp>
<uppgift datatype="string">2018/19:JuU10</uppgift>
<ref_dok_id datatype="string">H601JuU10</ref_dok_id>
<ref_dok_typ datatype="string">bet</ref_dok_typ>
<ref_dok_rm datatype="string">2018/19</ref_dok_rm>
<ref_dok_bet datatype="string">JuU10</ref_dok_bet>
<ref_dok_titel datatype="string">Polisfrågor</ref_dok_titel>
<ref_dok_subtitel datatype="string" />
<ref_dok_subtyp datatype="string">bet</ref_dok_subtyp>
<ref_dok_dokumentnamn datatype="string">Betänkande</ref_dok_dokumentnamn>
</referens>
</dokreferens>
<debatt /></dokumentstatus>