<dokumentstatus>
  <dokument>
    <hangar_id datatype="int32">5010919</hangar_id>
    <dok_id datatype="string">H6021379</dok_id>
    <rm datatype="string">2018/19</rm>
    <beteckning datatype="string">1379</beteckning>
    <typ datatype="string">mot</typ>
    <subtyp datatype="string">Kommittémotion</subtyp>
    <doktyp datatype="string">mot</doktyp>
    <typrubrik datatype="string">Motion 2018/19:1379 av Markus Wiechel m.fl. (SD)</typrubrik>
    <dokumentnamn datatype="string">Motion</dokumentnamn>
    <debattnamn datatype="string">Motion</debattnamn>
    <tempbeteckning datatype="string">SD337</tempbeteckning>
    <organ datatype="string">UU</organ>
    <mottagare datatype="string"></mottagare>
    <nummer datatype="int32">1379</nummer>
    <slutnummer datatype="int32">0</slutnummer>
    <datum datatype="datetime">2018-11-28 00:00:00</datum>
    <systemdatum datatype="datetime">2019-06-19 13:17:00</systemdatum>
    <publicerad datatype="datetime">2018-11-28 00:00:00</publicerad>
    <titel datatype="string">Myanmar</titel>
    <subtitel datatype="string">av Markus Wiechel m.fl. (SD)</subtitel>
    <status datatype="string">Klar</status>
    <htmlformat datatype="string">html</htmlformat>
    <relaterat_id datatype="string"></relaterat_id>
    <source datatype="string">Filur</source>
    <sourceid datatype="string">1b2f93fd-f839-4e12-911b-bea45fcd2f7c</sourceid>
    <dokument_url_text datatype="stext">http://data.riksdagen.se/dokument/H6021379/text</dokument_url_text>
    <dokument_url_html datatype="stext">http://data.riksdagen.se/dokument/H6021379</dokument_url_html>
    <dokumentstatus_url_xml datatype="stext">http://data.riksdagen.se/dokumentstatus/H6021379</dokumentstatus_url_xml>
    <html datatype="text">&lt;style&gt;&lt;!-- 
 /********************************************************************************************************/
/* Styles for D:\Logs\DocumentConverter\\Output_9a3e6105-3cb2-4ed4-827b-aac12742f86c\HTML\Dokument.html */
/* Generated by Aspose.Words for .NET 15.3.0.0                                                          */
/********************************************************************************************************/

@page Section1 { size:595.3pt 841.9pt; margin:35.45pt 85.05pt }
div.Section1 { page:Section1 }
div.pconf body { t-i:17pt; line-height:15pt; font-family:'Verdana'; font-size: 0.90em }
div.pconf h1, h2, h3, h4, h5, h6, p { margin:0pt }
div.pconf li, table { margin-top:0pt; margin-bottom:0pt }
div.pconf h1 { margin-top:41pt; margin-bottom:0pt; page-break-inside:avoid; page-break-after:avoid; line-height:19.5pt; font-family:'Verdana'; font-size: 1.05em; font-weight:normal }
div.pconf h2 { margin-top:30pt; margin-bottom:0pt; page-break-inside:avoid; page-break-after:avoid; line-height:15pt; font-family:'Verdana'; font-size: 1.00em; font-weight:normal }
div.pconf h3 { margin-top:18pt; margin-bottom:0pt; page-break-inside:avoid; page-break-after:avoid; line-height:15pt; font-family:'Verdana'; font-size: 0.90em; font-weight:bold }
div.pconf h4 { margin-top:18pt; margin-bottom:0pt; page-break-inside:avoid; page-break-after:avoid; line-height:15pt; font-family:'Verdana'; font-size: 0.90em; font-weight:normal; font-style:italic }
div.pconf h5 { margin-top:15pt; margin-bottom:0pt; page-break-inside:avoid; page-break-after:avoid; line-height:15pt; font-family:'Verdana'; font-size: 0.90em; font-weight:bold; font-style:normal }
div.pconf h6 { margin-top:15pt; margin-bottom:0pt; page-break-inside:avoid; page-break-after:avoid; line-height:15pt; font-family:'Verdana'; font-size: 0.90em; font-weight:normal; font-style:italic }
.Heading7 { margin-top:15pt; margin-bottom:0pt; page-break-inside:avoid; page-break-after:avoid; line-height:15pt; font-family:'Verdana'; font-size: 0.90em; font-weight:normal; font-style:italic }
.Heading8 { margin-top:15pt; margin-bottom:0pt; page-break-inside:avoid; page-break-after:avoid; line-height:15pt; font-family:'Verdana'; font-size: 0.90em; font-weight:normal; font-style:italic }
.Heading9 { margin-top:0pt; margin-bottom:0pt; page-break-inside:avoid; page-break-after:avoid; line-height:15pt; font-family:'Verdana'; font-size: 0.90em; font-weight:normal; font-style:italic }
.BalloonText { margin-top:0pt; margin-bottom:0pt; t-i:17pt; line-height:normal; font-family:'Segoe UI'; font-size: 0.90em }
.Beteckning { margin-top:18pt; margin-bottom:0pt; t-i:14.2pt; page-break-inside:auto; page-break-after:auto; line-height:19.5pt; font-size: 1.05em }
.BlockText, .Inramatstycke { margin:0pt 56.7pt; t-i:0pt; text-align:nojustify; line-height:15pt; border-top-style:solid; border-top-width:0.75pt; border-top-color:#000000; border-right-style:solid; border-right-width:0.75pt; border-right-color:#000000; border-left-style:solid; border-left-width:0.75pt; border-left-color:#000000; border-bottom-style:solid; border-bottom-width:0.75pt; border-bottom-color:#000000; padding-top:10pt; padding-right:10pt; padding-left:10pt; padding-bottom:10pt; font-size: 0.90em; font-style:italic }
.Caption { margin-top:0pt; margin-bottom:0pt; t-i:17pt; line-height:15pt; font-size: 0.90em; font-weight:bold; color:#2e74b5 }
.Citaticitat { margin-top:7.5pt; margin-left:34pt; margin-bottom:0pt; line-height:12pt; font-size: 0.90em }
.Citaticitatmedindrag { margin-top:0pt; margin-left:34pt; margin-bottom:7.5pt; t-i:17pt; line-height:12pt; font-size: 0.90em }
.Citatmedindrag { margin-top:0pt; margin-left:17pt; margin-bottom:0pt; t-i:17pt; line-height:12pt; font-size: 0.90em }
.CommentSubject { margin-top:0pt; margin-bottom:0pt; t-i:17pt; line-height:normal; font-size: 0.90em; font-weight:bold }
.CommentText { margin-top:0pt; margin-bottom:0pt; t-i:17pt; line-height:normal; font-size: 0.90em }
.FSHTitel, .Dokumentrubrik { margin-top:4pt; margin-bottom:4pt; page-break-inside:avoid; page-break-after:avoid; line-height:20pt; border-bottom-style:solid; border-bottom-width:0.75pt; border-bottom-color:#000000; padding-bottom:3pt; font-size: 1.05em }
.FSHLogo { margin-top:4pt; margin-bottom:0pt; line-height:normal; font-size: 0.90em }
.FSHNormL { margin-top:4pt; margin-bottom:0pt; line-height:15pt; border-top-style:solid; border-top-width:1.5pt; border-top-color:#000000; padding-top:3pt; font-size: 0.90em }
.FSHNormal { margin-top:4pt; margin-bottom:0pt; line-height:15pt; font-size: 0.90em }
.FSHNormalS5 { margin-top:11.5pt; margin-bottom:26pt; page-break-inside:avoid; page-break-after:avoid; line-height:12.5pt; font-size: 0.95em; font-weight:bold }
.FSHRub1, .Rubrik1S5 { margin-top:135pt; margin-bottom:0pt; page-break-inside:avoid; page-break-after:avoid; line-height:16pt; font-size: 1.00em }
.FSHRub2, .Rubrik1A4 { margin-top:50pt; margin-bottom:5pt; page-break-inside:avoid; page-break-after:avoid; line-height:24pt; font-size: 1.05em }
.Footer { margin-top:4pt; margin-bottom:0pt; text-align:center; line-height:normal; font-size: 0.90em }
.FootnoteText { margin-top:0pt; margin-bottom:0pt; line-height:12pt; font-size: 0.90em }
.Yrkandehnv, .Frslagspunkthnv { margin-top:0pt; margin-bottom:0pt; page-break-inside:avoid; page-break-after:avoid; line-height:normal; font-size: 0.90em }
.Frslagsrubrik { margin-top:41pt; margin-bottom:0pt; page-break-inside:avoid; page-break-after:avoid; line-height:19.5pt; font-family:'Verdana'; font-size: 1.05em }
.Frslagstext, .Hemstlatt, .Yrkande { margin-top:4pt; margin-left:18pt; margin-bottom:0pt; t-i:-18pt; line-height:15pt; font-size: 0.90em }
.Header { margin-top:4pt; margin-bottom:0pt; line-height:normal; font-size: 0.90em }
.IntenseQuote { margin:12pt 54pt; t-i:17pt; text-align:center; line-height:normal; font-size: 0.90em; color:#5b9bd5 }
.KantRubrikS5H { margin-top:6pt; margin-right:2.85pt; margin-bottom:0pt; text-align:right; line-height:8pt; font-size: 0.90em }
.KantRubrikS5Hrad2 { margin-top:0pt; margin-right:2.85pt; margin-bottom:0pt; text-align:right; line-height:10pt; font-size: 0.90em }
.KantRubrikS5V { margin-top:6pt; margin-right:0pt; margin-bottom:0pt; text-align:left; line-height:8pt; font-size: 0.90em }
.KantRubrikS5Vrad2 { margin-top:0pt; margin-right:0pt; margin-bottom:0pt; text-align:left; line-height:10pt; font-size: 0.90em }
.KantrubrikH { margin-top:4pt; margin-right:0pt; margin-bottom:0pt; text-align:right; line-height:15pt; font-size: 0.90em }
.KantrubrikV { margin-top:4pt; margin-left:0pt; margin-bottom:0pt; line-height:normal; font-size: 0.90em }
.Klla { margin-top:0pt; margin-bottom:0pt; line-height:12pt; font-size: 0.90em }
.Lagtext { margin-top:4pt; margin-bottom:0pt; t-i:0pt; line-height:normal; font-size: 0.90em }
.Lagtextindrag { margin-top:4pt; margin-bottom:0pt; t-i:14.2pt; line-height:normal; font-size: 0.90em }
.Lagtextrubrik { margin-top:4pt; margin-bottom:0pt; t-i:0pt; line-height:normal; font-size: 0.90em; font-style:italic; letter-spacing:1pt }
.List { margin-top:7.5pt; margin-left:17pt; margin-bottom:7.5pt; t-i:-17pt; line-height:15pt; font-size: 0.90em }
.ListBullet, .PunktlistaBomb { margin-top:4pt; margin-left:18pt; margin-bottom:0pt; t-i:-18pt; line-height:15pt; font-size: 0.90em }
.ListNumber, .PunktlistaNummer { margin-top:4pt; margin-left:18pt; margin-bottom:0pt; t-i:-18pt; line-height:15pt; font-size: 0.90em }
.ListParagraph { margin-top:0pt; margin-left:36pt; margin-bottom:0pt; t-i:17pt; line-height:15pt; font-size: 0.90em }
.ListaGemener { margin-top:7.5pt; margin-left:36pt; margin-bottom:7.5pt; t-i:-19pt; line-height:15pt; font-size: 0.90em }
.ListaLinje { margin-top:7.5pt; margin-left:36pt; margin-bottom:7.5pt; t-i:-19pt; line-height:15pt; font-size: 0.90em }
.ListaNummer { margin-top:7.5pt; margin-left:36pt; margin-bottom:7.5pt; t-i:-19pt; line-height:15pt; font-size: 0.90em }
.ListaPunkt { margin-top:7.5pt; margin-left:36pt; margin-bottom:7.5pt; t-i:-19pt; line-height:15pt; font-size: 0.90em }
.MotionTIllRiksdagen { margin-top:18pt; margin-bottom:0pt; page-break-inside:avoid; page-break-after:avoid; line-height:19.5pt; font-size: 1.05em }
.Motionr { margin-top:14pt; margin-bottom:31.5pt; page-break-inside:avoid; line-height:15pt; font-size: 1.00em; font-weight:bold; font-style:normal }
.NoSpacing { margin-top:5pt; margin-bottom:0pt; line-height:normal }
.NormalIndent { margin-top:0pt; margin-left:65.2pt; margin-bottom:0pt; t-i:17pt; line-height:15pt; font-size: 0.90em }
.Normalutanindragellerluft { margin-top:4pt; margin-bottom:0pt; line-height:15pt; font-size: 0.90em }
.Normal00 { margin-top:4pt; margin-bottom:0pt; line-height:normal; font-size: 0.90em }
.NormalA4fot { margin-top:12pt; margin-bottom:0pt; text-align:center; line-height:normal; font-size: 0.90em }
.NormalA4sidnr { margin-top:4pt; margin-bottom:12pt; text-align:center; line-height:normal; font-size: 0.90em }
.NormalS5sidnrH { margin-top:4pt; margin-right:2.85pt; margin-bottom:0pt; text-align:right; line-height:normal; font-size: 0.90em }
.NormalS5sidnrV { margin-top:4pt; margin-right:0pt; margin-bottom:0pt; text-align:left; line-height:normal; font-size: 0.90em }
.PlainText { margin-top:0pt; margin-bottom:0pt; t-i:0pt; line-height:12pt; font-family:'Verdana'; font-size: 0.90em }
.Strecklista, .PunktlistaTankstreck { margin-top:4pt; margin-left:36pt; margin-bottom:0pt; t-i:-18pt; line-height:15pt; font-size: 0.90em }
.Quote { margin-top:7.5pt; margin-left:17pt; margin-bottom:0pt; line-height:12pt; font-size: 0.90em }
.R1 { margin-top:41pt; margin-bottom:0pt; page-break-inside:avoid; page-break-after:avoid; line-height:19.5pt; font-family:'Verdana'; font-size: 1.05em }
.R2 { margin-top:30pt; margin-bottom:0pt; page-break-inside:avoid; page-break-after:avoid; line-height:15pt; font-family:'Verdana'; font-size: 1.00em }
.R3 { margin-top:18pt; margin-bottom:0pt; page-break-inside:avoid; page-break-after:avoid; line-height:15pt; font-family:'Verdana'; font-size: 0.90em; font-weight:bold }
.Rubrik1numrerat { margin-top:41pt; margin-left:18pt; margin-bottom:0pt; t-i:-18pt; page-break-inside:auto; page-break-after:avoid; line-height:19.5pt; font-family:'Verdana'; font-size: 1.05em }
.Rubrik2numrerat { margin-top:30pt; margin-left:39.6pt; margin-bottom:0pt; t-i:-39.6pt; page-break-inside:avoid; page-break-after:avoid; line-height:15pt; font-family:'Verdana'; font-size: 1.00em }
.Rubrik3numrerat { margin-top:18pt; margin-left:61.2pt; margin-bottom:0pt; t-i:-61.2pt; page-break-inside:avoid; page-break-after:avoid; line-height:15pt; font-family:'Verdana'; font-size: 0.90em; font-weight:bold }
.Rubrik4numrerat { margin-top:18pt; margin-left:82.2pt; margin-bottom:0pt; t-i:-82.2pt; page-break-inside:avoid; page-break-after:avoid; line-height:15pt; font-family:'Verdana'; font-size: 0.90em; font-weight:normal; font-style:italic }
.RubrikFrslagTIllRiksdagsbeslut { margin-top:41pt; margin-bottom:15pt; page-break-inside:avoid; page-break-after:avoid; line-height:19.5pt; font-family:'Verdana'; font-size: 1.05em }
.RubrikInnehllsf { margin-top:41pt; margin-bottom:0pt; page-break-inside:avoid; page-break-after:avoid; line-height:19.5pt; font-family:'Verdana'; font-size: 1.05em }
.RubrikSammanf { margin-top:41pt; margin-bottom:0pt; page-break-inside:avoid; page-break-after:avoid; line-height:19.5pt; font-family:'Verdana'; font-size: 1.05em }
.Salutation { margin-top:41pt; margin-bottom:0pt; page-break-inside:avoid; page-break-after:avoid; line-height:19.5pt; font-family:'Verdana'; font-size: 1.05em }
.Streckkod { margin-top:12pt; margin-bottom:0pt; text-align:center; line-height:normal; font-family:IDAutomationHC39S; font-size: 1.00em }
.Subtitle { margin-top:4pt; margin-bottom:0pt; line-height:15pt; font-family:'Verdana'; font-size: 0.90em; font-weight:bold }
.TOC1 { margin-top:4pt; margin-bottom:0pt; line-height:15pt; font-size: 0.90em }
.TOC2 { margin-top:4pt; margin-left:14.2pt; margin-bottom:0pt; line-height:15pt; font-size: 0.90em }
.TOC3 { margin-top:4pt; margin-left:28.35pt; margin-bottom:0pt; line-height:15pt; font-size: 0.90em }
.TOC4 { margin-top:4pt; margin-left:42.55pt; margin-bottom:0pt; line-height:15pt; font-size: 0.90em }
.TOC5 { margin-top:4pt; margin-left:56.7pt; margin-bottom:0pt; line-height:15pt; font-size: 0.90em }
.TOC6 { margin-top:4pt; margin-left:56.7pt; margin-bottom:0pt; line-height:15pt; font-size: 0.90em }
.TOC7 { margin-top:15pt; margin-left:56.7pt; margin-bottom:0pt; t-i:14.2pt; page-break-inside:avoid; page-break-after:avoid; line-height:normal; font-family:'Verdana'; font-size: 0.90em; font-weight:normal; font-style:italic }
.TOC8 { margin-top:15pt; margin-left:56.7pt; margin-bottom:0pt; t-i:14.2pt; page-break-inside:avoid; page-break-after:avoid; line-height:normal; font-family:'Verdana'; font-size: 0.90em; font-weight:normal; font-style:italic }
.TOC9 { margin-top:15pt; margin-left:56.7pt; margin-bottom:0pt; t-i:14.2pt; page-break-inside:avoid; page-break-after:avoid; line-height:normal; font-family:'Verdana'; font-size: 0.90em; font-weight:normal; font-style:italic }
.TOCHeading { margin-top:41pt; margin-bottom:0pt; page-break-inside:avoid; page-break-after:avoid; line-height:19.5pt; font-family:'Verdana'; font-size: 1.05em }
.Tabellunderrubrik { margin-top:0pt; margin-bottom:0pt; line-height:15pt; font-size: 0.90em; font-weight:normal; font-style:italic }
.Tabellrubrik { margin-top:7.5pt; margin-bottom:0pt; line-height:15pt; font-size: 0.90em; font-weight:bold }
.Title { margin-top:41pt; margin-bottom:0pt; page-break-inside:avoid; page-break-after:avoid; line-height:19.5pt; font-family:'Verdana'; font-size: 1.05em }
.Underskriftdatum { margin-top:24pt; margin-bottom:3pt; page-break-inside:avoid; line-height:15pt; font-size: 0.90em; font-style:normal }
.Underskrifter { margin-top:15pt; margin-bottom:3pt; page-break-inside:avoid; line-height:15pt; font-size: 0.90em; font-style:italic }
span.BallongtextChar { font-family:'Segoe UI'; font-size: 0.90em }
span.BeteckningChar { font-size:19.5pt }
span.BookTitle { font-weight:bold; font-style:italic; letter-spacing:0pt }
span.CitatChar { font-size:12pt }
span.CommentReference { font-size:8pt }
span.Emphasis { text-transform:uppercase; letter-spacing:0.25pt; color:#1f4d78 }
span.FSHNormalChar { font-size:12pt }
span.FSHRub2Char, span.Rubrik1A4Char { font-size:24pt }
span.FootnoteReference { vertical-align:super }
span.FrslagstextChar, span.HemstlattChar, span.YrkandeChar { font-size:12pt }
span.Hyperlink { text-decoration:underline; color:#0563c1 }
span.InledningChar { font-family:'Verdana'; font-size: 1.05em }
span.IntenseEmphasis { font-weight:bold; text-transform:uppercase; letter-spacing:0.5pt; color:#1f4d78 }
span.IntenseReference { font-weight:normal; font-style:normal; font-variant:normal; text-decoration:none; text-transform:none; letter-spacing:0pt; vertical-align:0pt; color:#000000; display:inline }
span.KommentarsmneChar { font-weight:bold }
span.MotionTIllRiksdagenChar { font-size:19.5pt }
span.NormalutanindragellerluftChar { font-size:12pt }
span.OformateradtextChar { font-family:'Verdana' }
span.PlaceholderText { color:#f4b083 }
span.Rubrik1Char { font-family:'Verdana'; font-size: 1.05em }
span.Rubrik2Char { font-family:'Verdana'; font-size: 1.00em }
span.Rubrik3Char { font-family:'Verdana'; font-size: 0.90em; font-weight:bold }
span.Rubrik4Char { font-family:'Verdana'; font-size: 0.90em; font-style:italic }
span.Rubrik5Char { font-family:'Verdana'; font-size: 0.90em; font-weight:bold }
span.Rubrik6Char { font-family:'Verdana'; font-size: 0.90em; font-style:italic }
span.Rubrik7Char { font-family:'Verdana'; font-size: 0.90em; font-style:italic }
span.Rubrik8Char { font-family:'Verdana'; font-size: 0.90em; font-style:italic }
span.Rubrik9Char { font-family:'Verdana'; font-size: 0.90em; font-style:italic }
span.RubrikChar { font-family:'Verdana'; font-size: 1.05em }
span.SidfotChar { font-size:11.5pt }
span.SidhuvudChar { font-size:12pt }
span.StarktcitatChar { font-size:12pt; color:#5b9bd5 }
span.Strong { font-weight:bold }
span.SubtleEmphasis { font-style:italic; color:#1f4d78 }
span.SubtleReference { font-weight:bold; color:#5b9bd5 }
span.UnderrubrikChar { font-family:'Verdana'; font-size: 0.90em; font-weight:bold }
.TableGrid {  }

.pconf{width: 450px;margin-left:5px;overflow:visable;font-family:Verdana, Geneva, sans-serif;} 
 .sidhuvud_publikation, .sidhuvud_beteckning{font-size:133%}
.MotionarLista {font-size:122%}

--&gt;&lt;/style&gt;&lt;div class="pconf"&gt;&lt;span class="sidhuvud_publikation"&gt;Motion till riksdagen&lt;/span&gt;&lt;br/&gt;
&lt;span class="sidhuvud_beteckning"&gt;2018/19:1379&lt;/span&gt;&lt;br/&gt;
&lt;span class="MotionarLista"&gt;av Markus Wiechel m.fl. (SD)&lt;/span&gt;&lt;br/&gt;
&lt;h1&gt;Myanmar&lt;/h1&gt;
&lt;hr class="sidhuvud_linje"/&gt;


		&lt;div class="Section1"&gt;
			&lt;h1 style="margin-bottom:15pt; -aw-sdt-tag:CC_Boilerplate_4; -aw-sdt-title:CC_Boilerplate_4"&gt;
				&lt;span&gt;Förslag till riksdagsbeslut&lt;/span&gt;
			&lt;/h1&gt;
			&lt;ol type="1" style="margin:0pt; padding-left:0pt"&gt;
				&lt;li class="Frslagstext" style="margin-left:14pt; t-i:0pt; padding-left:4pt; font-family:'Verdana'; font-size: 0.90em"&gt;
					&lt;span style="font-family:'Verdana'; font-size: 0.90em"&gt;Riksdagen ställer sig bakom det som anförs i motionen om att Sverige och omvärlden inte bör vara för naiva i bedömningen av situationen i Myanmar och tillkännager detta för regeringen.&lt;/span&gt;
				&lt;/li&gt;
				&lt;li class="Frslagstext" style="margin-left:14pt; t-i:0pt; padding-left:4pt; font-family:'Verdana'; font-size: 0.90em"&gt;
					&lt;span style="font-family:'Verdana'; font-size: 0.90em"&gt;Riksdagen ställer sig bakom det som anförs i motionen om att Sverige bör verka för att det ställs tydliga krav på Myanmar vad gäller efterföljande av FN-resolutioner, mänskliga rättigheter, politiska fångar, etniska konflikter och minoriteters ställning och tillkännager detta för regeringen.&lt;/span&gt;
				&lt;/li&gt;
				&lt;li class="Frslagstext" style="margin-left:14pt; t-i:0pt; padding-left:4pt; font-family:'Verdana'; font-size: 0.90em"&gt;
					&lt;span style="font-family:'Verdana'; font-size: 0.90em"&gt;Riksdagen ställer sig bakom det som anförs i motionen om att regeringen bör intensifiera sina ansträngningar i syfte att stödja karenfolkets strävanden efter ökad autonomi och mänskliga rättigheter samt för att fästa världssamfundets uppmärksamhet på karenfolkets utsatta situation och tillkännager detta för regeringen.&lt;/span&gt;
				&lt;/li&gt;
				&lt;li class="Frslagstext" style="margin-left:14pt; t-i:0pt; padding-left:4pt; font-family:'Verdana'; font-size: 0.90em"&gt;
					&lt;span style="font-family:'Verdana'; font-size: 0.90em"&gt;Riksdagen ställer sig bakom det som anförs i motionen om att regeringen bör verka för att uppmärksamma den utsatta situationen för muslimska minoriteter i Myanmar inom ramen för sitt utrikespolitiska arbete och tillkännager detta för regeringen.&lt;/span&gt;
				&lt;/li&gt;
				&lt;li class="Frslagstext" style="margin-left:14pt; t-i:0pt; padding-left:4pt; font-family:'Verdana'; font-size: 0.90em"&gt;
					&lt;span style="font-family:'Verdana'; font-size: 0.90em"&gt;Riksdagen ställer sig bakom det som anförs i motionen om att regeringen ska verka för att hjälpa vissa bönder inom UNODC:s skördeutbytesprogram att lättare kunna sälja sina produkter i Europa och tillkännager detta för regeringen.&lt;/span&gt;
				&lt;/li&gt;
			&lt;/ol&gt;
			&lt;h1 style="-aw-sdt-tag:CC_Motivering_Rubrik; -aw-sdt-title:CC_Motivering_Rubrik"&gt;
				&lt;a name="MotionsStart"&gt;&lt;/a&gt;&lt;span&gt;1&lt;/span&gt;&lt;span&gt; Inledning&lt;/span&gt;
			&lt;/h1&gt;
			&lt;p class="Normalutanindragellerluft"&gt;
				&lt;span&gt;Under flera år gick militärdiktaturen i Myanmar i en demokratisk riktning och man har genomfört vissa viktiga reformer. År 2010 släpptes exempelvis oppositionsledare Aung San Suu Kyi fri i samband med att allmänna val hölls för första gången på 20 år. År 2011 var ytterligare en milstolpe då en civil regering valdes och 2012 valdes även många medlemmar av oppositionen in i parlamentet. Det är dock en lång väg kvar till fullvär&lt;/span&gt;&lt;span&gt;­&lt;/span&gt;&lt;span&gt;dig demokrati. Grundlagen från 2008 förbjöd fortfarande Suu Kyi från att kandidera till presidentposten i valet 2015, militären besitter en fjärdedel av platserna i båda kamrarna och det pågår fortfarande allvarliga brott mot mänskliga rättigheter i landet. Landets minoriteter saknar fortfarande verklig politisk representation och våldsamma övergrepp &lt;/span&gt;&lt;span&gt;mot&lt;/span&gt;&lt;span&gt; olika folkgrupper&lt;/span&gt;&lt;span&gt; förekommer.&lt;/span&gt;
			&lt;/p&gt;
			&lt;p&gt;
				&lt;span&gt;Enligt Human Rights Watch har Burmas demokratisering övergått till en massiv människorätts&lt;/span&gt;&lt;span&gt;kris&lt;/span&gt;&lt;span&gt; och humanitär kris. &lt;/span&gt;&lt;span&gt;Sedan a&lt;/span&gt;&lt;span&gt;ugusti 2017 har militären begått massmord, sexuellt våld och stors&lt;/span&gt;&lt;span&gt;kaliga mordbränder mot Rohingya&lt;/span&gt;&lt;span&gt;minoriteten i Rakhine, handlingar som Human Rights Watch bedöme&lt;/span&gt;&lt;span&gt;r som brott mot mänskligheten. &lt;/span&gt;&lt;span&gt;Den interna k&lt;/span&gt;&lt;span&gt;onflikten&lt;/span&gt;&lt;span&gt; mellan militären och vissa etniska minoriteter i landets norra delar har intensifierats och under Aung San Suu Kyis ledarskap har förföljelsen av &lt;/span&gt;&lt;span&gt;journalister, aktivister och regimkritiker öka&lt;/span&gt;&lt;span&gt;t&lt;/span&gt;&lt;span&gt;. Militären fortsätter &lt;/span&gt;&lt;span&gt;att &lt;/span&gt;&lt;span&gt;vara landets mäktigaste institution och står utanför det civila styrets kontroll&lt;/span&gt;&lt;span&gt;.&lt;/span&gt;&lt;a name="_ftnref1"&gt;&lt;/a&gt;&lt;a href="#_ftn1"&gt;&lt;span class="FootnoteReference" style="font-size:8pt"&gt;[1]&lt;/span&gt;&lt;/a&gt;
			&lt;/p&gt;
			&lt;p&gt;
				&lt;span&gt;Sverigedemokraterna ser naturligtvis positivt på de reformer som genomförts i &lt;/span&gt;&lt;span&gt;Myanmar, men mot bakgrund av &lt;/span&gt;&lt;span&gt;situationen i landet anser vi att man varit för naiv i bedömningen av det politiska läget i Myanmar. Gällande beslutet den 22 april 2013 att häva merparten av sanktionerna menar vi att man borde ha ställt tydligare krav vad gäller mänskliga rättigheter, politiska fångar, etniska konflikter och minoriteters rättigheter och ställning. &lt;/span&gt;
			&lt;/p&gt;
			&lt;p&gt;
				&lt;span&gt;I den fortsatta kontakten med Myanmar från Sveriges, FN:s och EU:s sida är det av stor vikt att Sverige verkar för att det ställs tydliga krav på Myanmar vad gäller fortsatta reformer innan ytterligare förmåner ges. Det internationella samfundet bör även vara tydligt med att nuvarande regering måste leva upp till de krav som ställs i FN:s resolutioner mot landet. &lt;/span&gt;&lt;span&gt;V&lt;/span&gt;&lt;span&gt;ad gäller respekt för mänskliga rättigheter behöver &lt;/span&gt;&lt;span&gt;kraftiga förbättringar genomf&lt;/span&gt;&lt;span&gt;öras och politiska fångar friges. För att motverka etniska konflikter och få ett slut på det väpnade våld som råder behöver en politisk dialog inledas. Övergrepp från militärjuntan på minoritetsbefolkningar måste få ett slut och minoriteters rättigheter och ställning behöver säkerställas.&lt;/span&gt;
			&lt;/p&gt;
			&lt;h1&gt;
				&lt;span&gt;2&lt;/span&gt;&lt;span&gt; &lt;/span&gt;&lt;span&gt;Karenfolket&lt;/span&gt;
			&lt;/h1&gt;
			&lt;p class="Normalutanindragellerluft"&gt;
				&lt;span&gt;Karenfolket är en buddhistisk och kristen minoritet med hemvist i sydöstra Myanmar. Sedan självständigheten från den brittiska kolonialmakten 1948 har karenfolket varit utsatt för allvarliga förföljelser. Karenerna har vägrat att ge upp sitt språk, sin kultur och sina religiösa traditioner och för sedan flera decennier en väpnad motståndskamp mot den burmesiska diktaturen med syftet att skydda civila och vinna ökad autonomi inom den burmesiska statens ramar.&lt;/span&gt;
			&lt;/p&gt;
			&lt;p&gt;
				&lt;span&gt;I syfte att demoralisera den karenska gerillan har regeringstrupperna inriktat sig på att attackera civila mål. Under regeringsoffensiverna, som ofta antagit formen av etnisk rensning, har tortyr och våldtäkter riktade mot karenfolket varit vanligt förekommande. Cirka en miljon karener beräknas idag leva som internflyktingar inom Myanmars gränser och mer än 100&lt;/span&gt;&lt;span&gt; &lt;/span&gt;&lt;span&gt;000 karener har tagit sin tillflykt till flyktingläger i Thailand. Strider mellan karenska miliser och regeringens säkerhetsstyrkor fortsatte under 2016 och 2017.&lt;/span&gt;
			&lt;/p&gt;
			&lt;p&gt;
				&lt;span&gt;Trots att övergreppen mot karenfolket ännu är pågående och trots att inbördeskriget mellan karenerna och den burmesiska regimen är en av världen&lt;/span&gt;&lt;span&gt;s äldsta pågående konflikter,&lt;/span&gt;&lt;span&gt; har frågan rönt liten internationell och medial uppmärksamhet. &lt;/span&gt;
			&lt;/p&gt;
			&lt;p&gt;
				&lt;span&gt;Sverigedemokraterna&lt;/span&gt;&lt;span&gt; menar att det är av stor vikt att regeringen intensifierar sina ansträngningar i syfte att fästa uppmärksamhet på karenfolkets utsatta situation samt intensifierar stödet för karenfolkets strävanden efter ökad autonomi, demokrati och mänskliga rättigheter.&lt;/span&gt;
			&lt;/p&gt;
			&lt;h1&gt;
				&lt;span&gt;3&lt;/span&gt;&lt;span&gt; &lt;/span&gt;&lt;span&gt;Förtryck av muslimska minoriteter&lt;/span&gt;
			&lt;/h1&gt;
			&lt;p class="Normalutanindragellerluft"&gt;
				&lt;span&gt;Myanmar är ett la&lt;/span&gt;&lt;span&gt;nd som bär på en rik och mångfas&lt;/span&gt;&lt;span&gt;etterad kulturhistoria. Rent befolk&lt;/span&gt;&lt;span&gt;­&lt;/span&gt;&lt;span&gt;ningsmässigt består landet endast till ca 70&lt;/span&gt;&lt;span&gt; &lt;/span&gt;&lt;span&gt;% av den dominerande nati&lt;/span&gt;&lt;span&gt;onaliteten buddhistiska myanmari&lt;/span&gt;&lt;span&gt;er, medan den övriga andelen om ca 30&lt;/span&gt;&lt;span&gt; &lt;/span&gt;&lt;span&gt;% utgörs av landets över hundra minoriteter. &lt;/span&gt;
			&lt;/p&gt;
			&lt;p&gt;
				&lt;span&gt;Tyvärr finns det i landet även en historia av att förfölja de muslimska minoriteterna. Två relativt stora såda&lt;/span&gt;&lt;span&gt;na folkgrupper är de muslimska rohingya och r&lt;/span&gt;&lt;span&gt;akhin. Rohingya&lt;/span&gt;&lt;span&gt;­&lt;/span&gt;&lt;span&gt;minoriteten är främst bosatt i Arakanområdet på gränsen mot Bangladesh, och utmärker sig, vid sidan av religionen, genom att de talar ett bengaliskt språk som bär likheter med Cittagoniandialekten som talas i Bangladesh. Inte sällan refereras de också till som just bengaler. &lt;/span&gt;
			&lt;/p&gt;
			&lt;p&gt;
				&lt;span&gt;Rakhinminoriteten bor längs kustremsan i väster, men även nära gränsen till Bangladesh. Rakhin erkänner sig till islam, men talar till skil&lt;/span&gt;&lt;span&gt;lnad &lt;/span&gt;&lt;span&gt;från &lt;/span&gt;&lt;span&gt;r&lt;/span&gt;&lt;span&gt;ohingya&lt;/span&gt;&lt;span&gt; burmesiska och ses ofta som burmesiska muslimer.&lt;/span&gt;
			&lt;/p&gt;
			&lt;p&gt;
				&lt;span&gt;Tillsammans med andra mindre muslimska minoriteter utgör de&lt;/span&gt;&lt;span&gt; ca 4&lt;/span&gt;&lt;span&gt; &lt;/span&gt;&lt;span&gt;% av landets befolkning. Sedan militärkuppen 1962&lt;/span&gt;&lt;span&gt; har&lt;/span&gt;&lt;span&gt; &lt;/span&gt;&lt;span&gt;juntan gradvis infört&lt;/span&gt;&lt;span&gt; &lt;/span&gt;&lt;span&gt;bestämmelser som tagit&lt;/span&gt;&lt;span&gt; ifrån muslimerna deras medborgerliga rättigheter. Exempelvis kräver en lagstiftning från 1982 att Myanmars medborgare &lt;/span&gt;&lt;span&gt;ska &lt;/span&gt;&lt;span&gt;tillhör&lt;/span&gt;&lt;span&gt;a&lt;/span&gt;&lt;span&gt; en nationellt godkänd minoritet. Resultatet av denna lagstiftning blev att en stor del av landets muslimer med rötter i Indien eller Bangladesh – men även barn till burmesiska medborgare om de fötts utomlands och varit muslimer – har förnekats medborgarskap och gjorts statslösa. Detta har medfört att många muslimer i Myanmar blivit utestängda från offentliga anställ&lt;/span&gt;&lt;span&gt;­&lt;/span&gt;&lt;span&gt;ningar, utbildning och sjukvård samt att de till och med kan ställas inför rätta om de ingår äktenskap utan det tillst&lt;/span&gt;&lt;span&gt;ånd som bara medborgare kan få.&lt;/span&gt;
			&lt;/p&gt;
			&lt;p&gt;
				&lt;span&gt;Vid sidan av diskriminerande lagstiftning har även betydande våldsamheter mot de muslimska minoriteterna förekommit på senare år.&lt;/span&gt;&lt;span&gt; &lt;/span&gt;
			&lt;/p&gt;
			&lt;p&gt;
				&lt;span&gt;2015 tog regeringen ytterligare ett steg i den institutionella diskrimineringe&lt;/span&gt;&lt;span&gt;n av i första hand de muslimska&lt;/span&gt;&lt;span&gt; men även andra minoriteter i och med ett domstolsbeslut&lt;/span&gt;&lt;span&gt;,&lt;/span&gt;&lt;span&gt; enligt vilket de som innehar så kallade vitkort inte längre kommer kunna rösta i allmänna val. Regeringen har även beslutat att alla &lt;/span&gt;&lt;span&gt;r&lt;/span&gt;&lt;span&gt;ohingya&lt;/span&gt;&lt;span&gt; kommer att registreras som bengaler i &lt;/span&gt;&lt;span&gt;folkräkningen&lt;/span&gt;&lt;span&gt;, ett epitet som används för att utmåla folket som invandrare från Bangladesh. &lt;/span&gt;&lt;span&gt;Regeringen har även redovisat&lt;/span&gt;&lt;span&gt; en ny politisk plan för delstaten Rakhine vilken enligt bedömare syftar till att ytterligare fördjupa minoriteternas utsatthet. Planens offentliggörande var en bidragande utlösande faktor till storskaliga flyktingströmmar via havet mot Thailand och Malaysia. &lt;/span&gt;
			&lt;/p&gt;
			&lt;p&gt;
				&lt;span&gt;I en rapport som lämnades till UNHCR 2018 beskrivs hu&lt;/span&gt;&lt;span&gt;r 25&lt;/span&gt;&lt;span&gt; &lt;/span&gt;&lt;span&gt;000 människor ur rohingya&lt;/span&gt;&lt;span&gt;minoriteten har dödats av Myanmars militär, samtidigt som över 700&lt;/span&gt;&lt;span&gt; &lt;/span&gt;&lt;span&gt;000 människor flytt över gränsen till Bangladesh.&lt;/span&gt;
			&lt;/p&gt;
			&lt;h1&gt;
				&lt;span&gt;4&lt;/span&gt;&lt;span&gt; Den &lt;/span&gt;&lt;span&gt;a&lt;/span&gt;&lt;span&gt;llmän&lt;/span&gt;&lt;span&gt;n&lt;/span&gt;&lt;span&gt;a&lt;/span&gt;&lt;span&gt; utveckling&lt;/span&gt;&lt;span&gt;en i landet&lt;/span&gt;
			&lt;/h1&gt;
			&lt;p class="Normalutanindragellerluft"&gt;
				&lt;span&gt;Sverigedemokraterna ser förvisso positivt på Myanmars generella&lt;/span&gt;&lt;span&gt; långsiktiga&lt;/span&gt;&lt;span&gt; utvecklingsbana och den demokratiseringsprocess landet &lt;/span&gt;&lt;span&gt;påbörjat&lt;/span&gt;&lt;span&gt;,&lt;/span&gt;&lt;span&gt; men&lt;/span&gt;&lt;span&gt; däremot oroas vi av att det läggs nya lagförslag som går i motsatt riktning. Vi anser det viktigt att situationen för de olika minoriteterna i Myanmar &lt;/span&gt;&lt;span&gt;inte glöms bort i samband med &lt;/span&gt;&lt;span&gt;fokus på demokratiseringsprocessen. Inte minst då många av våldsamheterna tycks härröra ifrån antimuslimska uppfattningar bland den buddhistiska majoritetsbefolkningen och därmed även riskerar att fortskrida trots att&lt;/span&gt;&lt;span&gt; den forna militärjuntans inflytande minskar. Vi anser därför att det är viktigt att regeringen verkar för att uppmärksamma den utsatta situationen för samtliga minoriteter i Myanmar inom ramen för sitt utrikespolitiska arbete.&lt;/span&gt;
			&lt;/p&gt;
			&lt;h1 style="margin-left:14.2pt; t-i:-14.2pt"&gt;
				&lt;span&gt;5&lt;/span&gt;&lt;span&gt; &lt;/span&gt;&lt;span&gt;Stöd till jordbrukare som ingår i UNODC:s skördeutbytesprogram i Shanstaten&lt;/span&gt;
			&lt;/h1&gt;
			&lt;p class="Normalutanindragellerluft"&gt;
				&lt;span&gt;Myanmar har länge varit drabbat av ett inbördeskrig i vilket flera etniska minoriteter kämpat för etablerandet av oberoende republiker. Den absolut viktigaste inkomstkä&lt;/span&gt;&lt;span&gt;llan för utbrytarrepubliken Sha&lt;/span&gt;&lt;span&gt;nstaten har varit, och är fortfarande, opium och heroin. Det finns inga tillförlitliga siffror på hur mycket som produceras men under 2015 beslagtog den burmesiska regeringen 1,5 ton opium som man hävdar &lt;/span&gt;&lt;span&gt;hade &lt;/span&gt;&lt;span&gt;producerats i området. I tillägg till detta beslagtogs nästan 50 miljoner amfetamintabletter, vilket tyder på att storskalig produktion pågår. Narkotikaproduktionen har varit en viktig finansierings&lt;/span&gt;&lt;span&gt;­&lt;/span&gt;&lt;span&gt;källa för utbrytarrepublikens arméer, men är också en stoppkloss i fredsprocessen eftersom ett fredsavtal med Myanmars regering skulle innebära ett slut på den mycket lukrativa handeln. &lt;/span&gt;
			&lt;/p&gt;
			&lt;p&gt;
				&lt;span&gt;Som en del av ett långsiktigt projekt mot inhemsk produktion och handel med narkotika skrev regeringen år 2014 på ett fyraårigt avtal med FN:s organ mot brott och narkotika (UNODC) som syftar till att hjälpa bönder i Shanstaten att byta ut opium mot kaffe&lt;/span&gt;&lt;span&gt;-&lt;/span&gt;&lt;span&gt; och gummipalmproduktion. Enligt avtalet ska regeringen också stötta utveck&lt;/span&gt;&lt;span&gt;­&lt;/span&gt;&lt;span&gt;lingen av sjukvård, utbildning och infrastruktur i området.&lt;/span&gt;&lt;span&gt; Programmet har &lt;/span&gt;&lt;span&gt;rön&lt;/span&gt;&lt;span&gt;t viss framgång men vissa in&lt;/span&gt;&lt;span&gt;om den etniska minoriteten i Sh&lt;/span&gt;&lt;span&gt;anstaten är tveksamma till samarbete med regeringen, med vilken regionen fortfarande ligger i krig. Det finns också rapporter om att narkotikahandlare använt påtryckningar mot bönder för att tvinga dessa att fortsätta med opiumproduktion.&lt;/span&gt;&lt;span&gt; &lt;/span&gt;
			&lt;/p&gt;
			&lt;p&gt;
				&lt;span&gt;Den 12&lt;/span&gt;&lt;span&gt; oktober 2018&lt;/span&gt;&lt;span&gt; utgjorde &lt;/span&gt;&lt;span&gt;dock &lt;/span&gt;&lt;span&gt;en m&lt;/span&gt;&lt;span&gt;ilstolpe för odlarna i södra Sh&lt;/span&gt;&lt;span&gt;anstaten – denna dag exporterades den första sändningen av kaffe till Europa. En skörd som kom från ett område bestående av sextio byar i området. Enligt företrädare för UNODC var detta ”dagen man väntat på i tre år”.&lt;/span&gt;
			&lt;/p&gt;
			&lt;p&gt;
				&lt;span&gt;Sverigedemokraterna ser hoppfullt på utvecklingen&lt;/span&gt;&lt;span&gt; i landet och hoppas att&lt;/span&gt;&lt;span&gt; reger&lt;/span&gt;&lt;span&gt;­&lt;/span&gt;&lt;span&gt;ingen ska kunna slutföra fredsförhandlingarna i samtliga landets oroliga regioner. En viktig pusselbit i detta är att stödja jordbrukare som väljer att sluta med opiumproduk&lt;/span&gt;&lt;span&gt;­&lt;/span&gt;&lt;span&gt;tionen, eftersom denna underblåser konflikten. &lt;/span&gt;
			&lt;/p&gt;
			&lt;p&gt;
				&lt;span&gt;Sverigedemokraterna föreslår därför att regeringen, så länge Sverige kvarstår som medlem i EU, inom EU tar initiativ till ett projekt för att hjälpa bönder som ingår i skördeutbytesprogrammet att sälja sina produkter i EU. Bönderna befinner sig ofta i otillgängliga bergstrakter med dålig infrastruktur och arbetar dessutom ofta i relativt liten skala, varför lönsamheten uppenbarligen blir ett problem. Ett sätt att stödja dessa bönder skulle kunna vara att införa viss produktmärkning. Vi vill &lt;/span&gt;&lt;span&gt;också att regeringen tar initiativ till reform av GSP-systemet för att minska &lt;/span&gt;&lt;span&gt;tarifferna på sådana produkter&lt;/span&gt;&lt;span&gt;. Om metoden slår väl ut bör den kunna expanderas till att omfatta alla UNODC:s skördeutbytesverksamheter.&lt;/span&gt;
			&lt;/p&gt;
			&lt;p style="-aw-sdt-tag:CC_Underskrifter; -aw-sdt-title:CC_Underskrifter"&gt;
				&lt;span&gt; &lt;/span&gt;
			&lt;/p&gt;
			&lt;p style="-aw-sdt-tag:CC_Underskrifter; -aw-sdt-title:CC_Underskrifter"&gt;
				&lt;span&gt; &lt;/span&gt;
			&lt;/p&gt;
			&lt;table cellspacing="0" cellpadding="0" style="border-collapse:collapse; margin-left:0pt; width:100%"&gt;
				&lt;tr&gt;
					&lt;td style="padding-left:5.4pt; padding-right:5.4pt; vertical-align:bottom; width:1%"&gt;
						&lt;p class="Underskrifter" style="margin-top:15pt; margin-bottom:3pt; page-break-inside:avoid; line-height:15pt"&gt;
							&lt;span style="font-size:12pt; font-style:italic"&gt;Markus Wiechel (SD)&lt;/span&gt;
						&lt;/p&gt;
					&lt;/td&gt;
					&lt;td style="padding-left:5.4pt; padding-right:5.4pt; vertical-align:bottom; width:1%"&gt;
						&lt;p class="Underskrifter" style="margin-top:15pt; margin-bottom:3pt; page-break-inside:avoid; line-height:15pt"&gt;
							&lt;span style="font-size:12pt; font-style:italic"&gt; &lt;/span&gt;
						&lt;/p&gt;
					&lt;/td&gt;
				&lt;/tr&gt;
				&lt;tr&gt;
					&lt;td style="padding-left:5.4pt; padding-right:5.4pt; vertical-align:bottom; width:1%"&gt;
						&lt;p class="Underskrifter" style="margin-top:15pt; margin-bottom:0pt; page-break-inside:avoid; line-height:15pt"&gt;
							&lt;span style="font-size:12pt; font-style:italic"&gt;Björn Söder (SD)&lt;/span&gt;
						&lt;/p&gt;
					&lt;/td&gt;
					&lt;td style="padding-left:5.4pt; padding-right:5.4pt; vertical-align:bottom; width:1%"&gt;
						&lt;p class="Underskrifter" style="margin-top:15pt; margin-bottom:0pt; page-break-inside:avoid; line-height:15pt"&gt;
							&lt;span style="font-size:12pt; font-style:italic"&gt;Ludvig Aspling (SD)&lt;/span&gt;
						&lt;/p&gt;
					&lt;/td&gt;
				&lt;/tr&gt;
				&lt;tr&gt;
					&lt;td style="padding-left:5.4pt; padding-right:5.4pt; vertical-align:bottom; width:1%"&gt;
						&lt;p class="Underskrifter" style="margin-top:15pt; margin-bottom:0pt; page-break-inside:avoid; line-height:15pt"&gt;
							&lt;span style="font-size:12pt; font-style:italic"&gt;Lars Andersson (SD)&lt;/span&gt;
						&lt;/p&gt;
					&lt;/td&gt;
					&lt;td style="padding-left:5.4pt; padding-right:5.4pt; vertical-align:bottom; width:1%"&gt;
						&lt;p class="Underskrifter" style="margin-top:15pt; margin-bottom:0pt; page-break-inside:avoid; line-height:15pt"&gt;
							&lt;span style="font-size:12pt; font-style:italic"&gt;Tobias Andersson (SD)&lt;/span&gt;
						&lt;/p&gt;
					&lt;/td&gt;
				&lt;/tr&gt;
				&lt;tr&gt;
					&lt;td style="padding-left:5.4pt; padding-right:5.4pt; vertical-align:bottom; width:1%"&gt;
						&lt;p class="Underskrifter" style="margin-top:15pt; margin-bottom:0pt; page-break-inside:avoid; line-height:15pt"&gt;
							&lt;span style="font-size:12pt; font-style:italic"&gt;Sara Seppälä (SD)&lt;/span&gt;
						&lt;/p&gt;
					&lt;/td&gt;
					&lt;td style="padding-left:5.4pt; padding-right:5.4pt; vertical-align:bottom; width:1%"&gt;
						&lt;p class="Underskrifter" style="margin-top:15pt; margin-bottom:3pt; page-break-inside:avoid; line-height:15pt"&gt;
							&lt;span style="font-size:12pt; font-style:italic"&gt; &lt;/span&gt;
						&lt;/p&gt;
					&lt;/td&gt;
				&lt;/tr&gt;
			&lt;/table&gt;
			&lt;p&gt;
				&lt;span&gt; &lt;/span&gt;
			&lt;/p&gt;
		&lt;/div&gt;
		&lt;hr style="width:33%; height:1px; text-align:left; -aw-footnote-numberstyle:0; -aw-footnote-startnumber:1; -aw-footnote-type:0" /&gt;
		&lt;div id="_ftn1" style="-aw-footnote-isauto:1"&gt;
			&lt;p class="FootnoteText"&gt;
				&lt;a href="#_ftnref1"&gt;&lt;span class="FootnoteReference" style="font-size:8pt"&gt;[1]&lt;/span&gt;&lt;/a&gt;&lt;span&gt; &lt;/span&gt;&lt;span&gt;https://www.hrw.org/asia/burma&lt;/span&gt;&lt;span&gt;.&lt;/span&gt;
			&lt;/p&gt;
			&lt;p class="Normalutanindragellerluft"&gt;
				&lt;span&gt; &lt;/span&gt;
			&lt;/p&gt;
		&lt;/div&gt;
	&lt;/div&gt;</html>
  </dokument>
<dokforslag>
<forslag>
<nummer datatype="int32">1</nummer>
<beteckning datatype="string" />
<lydelse datatype="string">Riksdagen ställer sig bakom det som anförs i motionen om att Sverige och omvärlden inte bör vara för naiva i bedömningen av situationen i Myanmar och tillkännager detta för regeringen.</lydelse>
<lydelse2 datatype="string" />
<utskottet datatype="string">Avslag</utskottet>
<kammaren datatype="string">Avslag</kammaren>
<behandlas_i datatype="string">2018/19:UU8</behandlas_i>
<behandlas_i_punkt datatype="string" />
<kammarbeslutstyp datatype="string" />
<intressent datatype="string">UU</intressent>
<avsnitt datatype="string" />
<grundforfattning datatype="string" />
<andringsforfattning datatype="string" />
</forslag>
<forslag>
<nummer datatype="int32">2</nummer>
<beteckning datatype="string" />
<lydelse datatype="string">Riksdagen ställer sig bakom det som anförs i motionen om att Sverige bör verka för att det ställs tydliga krav på Myanmar vad gäller efterföljande av FN-resolutioner, mänskliga rättigheter, politiska fångar, etniska konflikter och minoriteters ställning och tillkännager detta för regeringen.</lydelse>
<lydelse2 datatype="string" />
<utskottet datatype="string">Avslag</utskottet>
<kammaren datatype="string">Avslag</kammaren>
<behandlas_i datatype="string">2018/19:UU8</behandlas_i>
<behandlas_i_punkt datatype="string" />
<kammarbeslutstyp datatype="string" />
<intressent datatype="string">UU</intressent>
<avsnitt datatype="string" />
<grundforfattning datatype="string" />
<andringsforfattning datatype="string" />
</forslag>
<forslag>
<nummer datatype="int32">3</nummer>
<beteckning datatype="string" />
<lydelse datatype="string">Riksdagen ställer sig bakom det som anförs i motionen om att regeringen bör intensifiera sina ansträngningar i syfte att stödja karenfolkets strävanden efter ökad autonomi och mänskliga rättigheter samt för att fästa världssamfundets uppmärksamhet på karenfolkets utsatta situation och tillkännager detta för regeringen.</lydelse>
<lydelse2 datatype="string" />
<utskottet datatype="string">Avslag</utskottet>
<kammaren datatype="string">Avslag</kammaren>
<behandlas_i datatype="string">2018/19:UU8</behandlas_i>
<behandlas_i_punkt datatype="string" />
<kammarbeslutstyp datatype="string" />
<intressent datatype="string">UU</intressent>
<avsnitt datatype="string" />
<grundforfattning datatype="string" />
<andringsforfattning datatype="string" />
</forslag>
<forslag>
<nummer datatype="int32">4</nummer>
<beteckning datatype="string" />
<lydelse datatype="string">Riksdagen ställer sig bakom det som anförs i motionen om att regeringen bör verka för att uppmärksamma den utsatta situationen för muslimska minoriteter i Myanmar inom ramen för sitt utrikespolitiska arbete och tillkännager detta för regeringen.</lydelse>
<lydelse2 datatype="string" />
<utskottet datatype="string">Avslag</utskottet>
<kammaren datatype="string">Avslag</kammaren>
<behandlas_i datatype="string">2018/19:UU8</behandlas_i>
<behandlas_i_punkt datatype="string" />
<kammarbeslutstyp datatype="string" />
<intressent datatype="string">UU</intressent>
<avsnitt datatype="string" />
<grundforfattning datatype="string" />
<andringsforfattning datatype="string" />
</forslag>
<forslag>
<nummer datatype="int32">5</nummer>
<beteckning datatype="string" />
<lydelse datatype="string">Riksdagen ställer sig bakom det som anförs i motionen om att regeringen ska verka för att hjälpa vissa bönder inom UNODC:s skördeutbytesprogram att lättare kunna sälja sina produkter i Europa och tillkännager detta för regeringen.</lydelse>
<lydelse2 datatype="string" />
<utskottet datatype="string">Avslag</utskottet>
<kammaren datatype="string">Avslag</kammaren>
<behandlas_i datatype="string">2018/19:UU10</behandlas_i>
<behandlas_i_punkt datatype="string" />
<kammarbeslutstyp datatype="string" />
<intressent datatype="string">UU</intressent>
<avsnitt datatype="string" />
<grundforfattning datatype="string" />
<andringsforfattning datatype="string" />
</forslag>
</dokforslag>
<dokaktivitet>
<aktivitet>
<kod datatype="string">INL</kod>
<namn datatype="string">Inlämnad</namn>
<datum datatype="datetime">2018-11-28 12:11:59</datum>
<status datatype="string">inträffat</status>
<ordning datatype="int32">0</ordning>
<process datatype="string">behandling</process>
</aktivitet>
<aktivitet>
<kod datatype="string">Granskad</kod>
<namn datatype="string">Granskad</namn>
<datum datatype="datetime">2018-11-28 13:45:10</datum>
<status datatype="string">inträffat</status>
<ordning datatype="int32">0</ordning>
<process datatype="string">behandling</process>
</aktivitet>
<aktivitet>
<kod datatype="string">HÄN</kod>
<namn datatype="string">Hänvisad</namn>
<datum datatype="datetime">2018-12-05 00:00:00</datum>
<status datatype="string">inträffat</status>
<ordning datatype="int32">0</ordning>
<process datatype="string">behandling</process>
</aktivitet>
</dokaktivitet>
<dokintressent>
<intressent>
<intressent_id datatype="string">0204240926023</intressent_id>
<namn datatype="string">Markus Wiechel</namn>
<partibet datatype="string">SD</partibet>
<ordning datatype="int16">1</ordning>
<roll datatype="string">undertecknare</roll>
</intressent>
<intressent>
<intressent_id datatype="string">0452755722723</intressent_id>
<namn datatype="string">Björn Söder</namn>
<partibet datatype="string">SD</partibet>
<ordning datatype="int16">2</ordning>
<roll datatype="string">undertecknare</roll>
</intressent>
<intressent>
<intressent_id datatype="string">0526748040023</intressent_id>
<namn datatype="string">Ludvig Aspling</namn>
<partibet datatype="string">SD</partibet>
<ordning datatype="int16">3</ordning>
<roll datatype="string">undertecknare</roll>
</intressent>
<intressent>
<intressent_id datatype="string">0254021157518</intressent_id>
<namn datatype="string">Lars Andersson</namn>
<partibet datatype="string">SD</partibet>
<ordning datatype="int16">4</ordning>
<roll datatype="string">undertecknare</roll>
</intressent>
<intressent>
<intressent_id datatype="string">086684470825</intressent_id>
<namn datatype="string">Tobias Andersson</namn>
<partibet datatype="string">SD</partibet>
<ordning datatype="int16">5</ordning>
<roll datatype="string">undertecknare</roll>
</intressent>
<intressent>
<intressent_id datatype="string">0338088431726</intressent_id>
<namn datatype="string">Sara Seppälä</namn>
<partibet datatype="string">SD</partibet>
<ordning datatype="int16">6</ordning>
<roll datatype="string">undertecknare</roll>
</intressent>
</dokintressent>
<dokuppgift>
<uppgift>
<kod datatype="string">motkat</kod>
<namn datatype="string">Motionskategori</namn>
<text datatype="string">Fristående motion</text>
<dok_id datatype="string">H6021379</dok_id>
<systemdatum datatype="datetime">2019-06-19 13:15:59</systemdatum>
</uppgift>
<uppgift>
<kod datatype="string">tilldelat</kod>
<namn datatype="string">Tilldelat</namn>
<text datatype="string">Utrikesutskottet</text>
<dok_id datatype="string">H6021379</dok_id>
<systemdatum datatype="datetime">2019-06-19 13:15:59</systemdatum>
</uppgift>
<uppgift>
<kod datatype="string">statustext</kod>
<namn datatype="string">statustext</namn>
<text datatype="string">Motionen bereds i utskott</text>
<dok_id datatype="string">H6021379</dok_id>
<systemdatum datatype="datetime">2019-02-04 14:01:29</systemdatum>
</uppgift>
</dokuppgift>
<dokbilaga>
<bilaga>
<dok_id datatype="string">H6021379</dok_id>
<titel datatype="string">Myanmar</titel>
<subtitel datatype="string">av Markus Wiechel m.fl. (SD)</subtitel>
<filnamn datatype="string">mot_201819__1379.docx</filnamn>
<filstorlek datatype="int32">75866</filstorlek>
<filtyp datatype="string">docx</filtyp>
<fil_url datatype="string">http://data.riksdagen.se/fil/C7136BA5-255C-4FB4-806A-BF94E847FBB4</fil_url>
</bilaga>
<bilaga>
<dok_id datatype="string">H6021379</dok_id>
<titel datatype="string">Myanmar</titel>
<subtitel datatype="string">av Markus Wiechel m.fl. (SD)</subtitel>
<filnamn datatype="string">mot_201819__1379.pdf</filnamn>
<filstorlek datatype="int32">98934</filstorlek>
<filtyp datatype="string">pdf</filtyp>
<fil_url datatype="string">http://data.riksdagen.se/fil/224C4DC2-42FE-46A7-8F28-C0D65A368087</fil_url>
</bilaga>
</dokbilaga>
<dokreferens>
<referens>
<referenstyp datatype="string">behandlas_i</referenstyp>
<uppgift datatype="string">2018/19:UU10</uppgift>
<ref_dok_id datatype="string">H601UU10</ref_dok_id>
<ref_dok_typ datatype="string">bet</ref_dok_typ>
<ref_dok_rm datatype="string">2018/19</ref_dok_rm>
<ref_dok_bet datatype="string">UU10</ref_dok_bet>
<ref_dok_titel datatype="string">Verksamheten i Europeiska unionen under 2018</ref_dok_titel>
<ref_dok_subtitel datatype="string" />
<ref_dok_subtyp datatype="string">bet</ref_dok_subtyp>
<ref_dok_dokumentnamn datatype="string">Betänkande</ref_dok_dokumentnamn>
</referens>
<referens>
<referenstyp datatype="string">behandlas_i</referenstyp>
<uppgift datatype="string">2018/19:UU8</uppgift>
<ref_dok_id datatype="string">H601UU8</ref_dok_id>
<ref_dok_typ datatype="string">bet</ref_dok_typ>
<ref_dok_rm datatype="string">2018/19</ref_dok_rm>
<ref_dok_bet datatype="string">UU8</ref_dok_bet>
<ref_dok_titel datatype="string">Sveriges medlemskap i FN:s säkerhetsråd 2017-2018</ref_dok_titel>
<ref_dok_subtitel datatype="string" />
<ref_dok_subtyp datatype="string">bet</ref_dok_subtyp>
<ref_dok_dokumentnamn datatype="string">Betänkande</ref_dok_dokumentnamn>
</referens>
</dokreferens>
<debatt /></dokumentstatus>