<dokumentstatus>
  <dokument>
    <hangar_id datatype="int32">5007143</hangar_id>
    <dok_id datatype="string">H602125</dok_id>
    <rm datatype="string">2018/19</rm>
    <beteckning datatype="string">125</beteckning>
    <typ datatype="string">mot</typ>
    <subtyp datatype="string">Kommittémotion</subtyp>
    <doktyp datatype="string">mot</doktyp>
    <typrubrik datatype="string">Motion 2018/19:125 av Jonas Millard m.fl. (SD)</typrubrik>
    <dokumentnamn datatype="string">Motion</dokumentnamn>
    <debattnamn datatype="string">Motion</debattnamn>
    <tempbeteckning datatype="string">SD63</tempbeteckning>
    <organ datatype="string">KU</organ>
    <mottagare datatype="string"></mottagare>
    <nummer datatype="int32">125</nummer>
    <slutnummer datatype="int32">0</slutnummer>
    <datum datatype="datetime">2018-10-19 00:00:00</datum>
    <systemdatum datatype="datetime">2019-04-26 11:33:07</systemdatum>
    <publicerad datatype="datetime">2018-10-19 00:00:00</publicerad>
    <titel datatype="string">Vissa kommunalrättsliga frågor</titel>
    <subtitel datatype="string">av Jonas Millard m.fl. (SD)</subtitel>
    <status datatype="string">Klar</status>
    <htmlformat datatype="string">html</htmlformat>
    <relaterat_id datatype="string"></relaterat_id>
    <source datatype="string">Filur</source>
    <sourceid datatype="string">de0091e6-ac96-4e76-a545-8e24637db9ce</sourceid>
    <dokument_url_text datatype="stext">http://data.riksdagen.se/dokument/H602125/text</dokument_url_text>
    <dokument_url_html datatype="stext">http://data.riksdagen.se/dokument/H602125</dokument_url_html>
    <dokumentstatus_url_xml datatype="stext">http://data.riksdagen.se/dokumentstatus/H602125</dokumentstatus_url_xml>
    <html datatype="text">&lt;style&gt;&lt;!-- 
 /********************************************************************************************************/
/* Styles for D:\Logs\DocumentConverter\\Output_6a4a4f03-9a4d-4e8a-8063-39b4b8449d35\HTML\Dokument.html */
/* Generated by Aspose.Words for .NET 15.3.0.0                                                          */
/********************************************************************************************************/

@page Section1 { size:595.3pt 841.9pt; margin:35.45pt 85.05pt }
div.Section1 { page:Section1 }
div.pconf body { t-i:17pt; line-height:15pt; font-family:'Verdana'; font-size: 0.90em }
div.pconf h1, h2, h3, h4, h5, h6, p { margin:0pt }
div.pconf li, table { margin-top:0pt; margin-bottom:0pt }
div.pconf h1 { margin-top:41pt; margin-bottom:0pt; t-i:0pt; page-break-inside:avoid; page-break-after:avoid; line-height:19.5pt; font-family:'Verdana'; font-size: 1.05em; font-weight:normal }
div.pconf h2 { margin-top:30pt; margin-bottom:0pt; t-i:0pt; page-break-inside:avoid; page-break-after:avoid; line-height:15pt; font-family:'Verdana'; font-size: 1.00em; font-weight:normal }
div.pconf h3 { margin-top:18pt; margin-bottom:0pt; t-i:0pt; page-break-inside:avoid; page-break-after:avoid; line-height:15pt; font-family:'Verdana'; font-size: 0.90em; font-weight:bold }
div.pconf h4 { margin-top:18pt; margin-bottom:0pt; t-i:0pt; page-break-inside:avoid; page-break-after:avoid; line-height:15pt; font-family:'Verdana'; font-size: 0.90em; font-weight:normal; font-style:italic }
div.pconf h5 { margin-top:15pt; margin-bottom:0pt; t-i:0pt; page-break-inside:avoid; page-break-after:avoid; line-height:15pt; font-family:'Verdana'; font-size: 0.90em; font-weight:bold; font-style:normal }
div.pconf h6 { margin-top:15pt; margin-bottom:0pt; t-i:0pt; page-break-inside:avoid; page-break-after:avoid; line-height:15pt; font-family:'Verdana'; font-size: 0.90em; font-weight:normal; font-style:italic }
.Heading7 { margin-top:15pt; margin-bottom:0pt; t-i:0pt; page-break-inside:avoid; page-break-after:avoid; line-height:15pt; font-family:'Verdana'; font-size: 0.90em; font-weight:normal; font-style:italic }
.Heading8 { margin-top:15pt; margin-bottom:0pt; t-i:0pt; page-break-inside:avoid; page-break-after:avoid; line-height:15pt; font-family:'Verdana'; font-size: 0.90em; font-weight:normal; font-style:italic }
.Heading9 { margin-top:0pt; margin-bottom:0pt; t-i:0pt; page-break-inside:avoid; page-break-after:avoid; line-height:15pt; font-family:'Verdana'; font-size: 0.90em; font-weight:normal; font-style:italic }
.BalloonText { margin-bottom:0pt; t-i:17pt; line-height:normal; font-family:'Segoe UI'; font-size: 0.90em }
.Beteckning { margin-top:18pt; margin-bottom:0pt; t-i:14.2pt; page-break-inside:auto; page-break-after:auto; line-height:19.5pt; font-size: 1.05em }
.BlockText, .Inramatstycke { margin-right:56.7pt; margin-left:56.7pt; margin-bottom:0pt; t-i:0pt; text-align:nojustify; line-height:15pt; border-top-style:solid; border-top-width:0.75pt; border-top-color:#000000; border-right-style:solid; border-right-width:0.75pt; border-right-color:#000000; border-left-style:solid; border-left-width:0.75pt; border-left-color:#000000; border-bottom-style:solid; border-bottom-width:0.75pt; border-bottom-color:#000000; padding-top:10pt; padding-right:10pt; padding-left:10pt; padding-bottom:10pt; font-size: 0.90em; font-style:italic }
.Citaticitat { margin-top:7.5pt; margin-left:34pt; margin-bottom:0pt; t-i:0pt; line-height:12pt; font-size: 0.90em }
.Citaticitatmedindrag { margin-top:0pt; margin-left:34pt; margin-bottom:7.5pt; t-i:17pt; line-height:12pt; font-size: 0.90em }
.Citatmedindrag { margin-top:0pt; margin-left:17pt; margin-bottom:0pt; t-i:17pt; line-height:12pt; font-size: 0.90em }
.CommentSubject { margin-bottom:0pt; t-i:17pt; line-height:normal; font-size: 0.90em; font-weight:bold }
.CommentText { margin-bottom:0pt; t-i:17pt; line-height:normal; font-size: 0.90em }
.FSHTitel, .Dokumentrubrik { margin-top:4pt; margin-bottom:4pt; t-i:0pt; page-break-inside:avoid; page-break-after:avoid; line-height:20pt; border-bottom-style:solid; border-bottom-width:0.75pt; border-bottom-color:#000000; padding-bottom:3pt; font-size: 1.05em }
.FSHLogo { margin-top:4pt; margin-bottom:0pt; t-i:0pt; line-height:normal; font-size: 0.90em }
.FSHNormL { margin-top:4pt; margin-bottom:0pt; t-i:0pt; line-height:15pt; border-top-style:solid; border-top-width:1.5pt; border-top-color:#000000; padding-top:3pt; font-size: 0.90em }
.FSHNormal { margin-top:4pt; margin-bottom:0pt; t-i:0pt; line-height:15pt; font-size: 0.90em }
.FSHNormalS5 { margin-top:11.5pt; margin-bottom:26pt; t-i:0pt; page-break-inside:avoid; page-break-after:avoid; line-height:12.5pt; font-size: 0.95em; font-weight:bold }
.FSHRub1, .Rubrik1S5 { margin-top:135pt; margin-bottom:0pt; t-i:0pt; page-break-inside:avoid; page-break-after:avoid; line-height:16pt; font-size: 1.00em }
.FSHRub2, .Rubrik1A4 { margin-top:50pt; margin-bottom:5pt; t-i:0pt; page-break-inside:avoid; page-break-after:avoid; line-height:24pt; font-size: 1.05em }
.Footer { margin-top:4pt; margin-bottom:0pt; t-i:0pt; text-align:center; line-height:normal; font-size: 0.90em }
.FootnoteText { margin-top:0pt; margin-bottom:0pt; t-i:0pt; line-height:12pt; font-size: 0.90em }
.Yrkandehnv, .Frslagspunkthnv { margin-bottom:0pt; t-i:0pt; page-break-inside:avoid; page-break-after:avoid; font-size: 0.90em }
.Frslagsrubrik { margin-top:41pt; margin-bottom:0pt; t-i:0pt; page-break-inside:avoid; page-break-after:avoid; line-height:19.5pt; font-family:'Verdana'; font-size: 1.05em }
.Frslagstext, .Hemstlatt, .Yrkande { margin-top:4pt; margin-left:19.85pt; margin-bottom:0pt; t-i:-19.85pt; line-height:15pt; font-size: 0.90em }
.Header { margin-top:4pt; margin-bottom:0pt; t-i:0pt; line-height:normal; font-size: 0.90em }
.KantRubrikS5H { margin-top:6pt; margin-right:2.85pt; margin-bottom:0pt; t-i:0pt; text-align:right; line-height:8pt; font-size: 0.90em }
.KantRubrikS5Hrad2 { margin-top:0pt; margin-right:2.85pt; margin-bottom:0pt; t-i:0pt; text-align:right; line-height:10pt; font-size: 0.90em }
.KantRubrikS5V { margin-top:6pt; margin-right:0pt; margin-bottom:0pt; t-i:0pt; text-align:left; line-height:8pt; font-size: 0.90em }
.KantRubrikS5Vrad2 { margin-top:0pt; margin-right:0pt; margin-bottom:0pt; t-i:0pt; text-align:left; line-height:10pt; font-size: 0.90em }
.KantrubrikH { margin-top:4pt; margin-right:0pt; margin-bottom:0pt; t-i:0pt; text-align:right; line-height:15pt; font-size: 0.90em }
.KantrubrikV { margin-top:4pt; margin-left:0pt; margin-bottom:0pt; t-i:0pt; line-height:normal; font-size: 0.90em }
.Klla { margin-top:0pt; margin-bottom:0pt; t-i:0pt; line-height:12pt; font-size: 0.90em }
.Lagtext { margin-top:4pt; margin-bottom:0pt; t-i:0pt; line-height:normal; font-size: 0.90em }
.Lagtextindrag { margin-top:4pt; margin-bottom:0pt; t-i:14.2pt; line-height:normal; font-size: 0.90em }
.Lagtextrubrik { margin-top:4pt; margin-bottom:0pt; t-i:0pt; line-height:normal; font-size: 0.90em; font-style:italic; letter-spacing:1pt }
.List { margin-top:7.5pt; margin-left:17pt; margin-bottom:7.5pt; t-i:-17pt; line-height:15pt; font-size: 0.90em }
.ListBullet, .PunktlistaBomb { margin-top:4pt; margin-left:14.2pt; margin-bottom:0pt; t-i:-14.2pt; line-height:15pt; font-size: 0.90em }
.ListNumber, .PunktlistaNummer { margin-top:4pt; margin-left:14.2pt; margin-bottom:0pt; t-i:-14.2pt; line-height:15pt; font-size: 0.90em }
.ListParagraph { margin-left:36pt; margin-bottom:0pt; t-i:17pt; line-height:15pt; font-size: 0.90em }
.ListaGemener { margin-top:7.5pt; margin-left:17pt; margin-bottom:7.5pt; t-i:-17pt; line-height:15pt; font-size: 0.90em }
.ListaLinje { margin-top:7.5pt; margin-left:17pt; margin-bottom:7.5pt; t-i:-17pt; line-height:15pt; font-size: 0.90em }
.ListaNummer { margin-top:7.5pt; margin-left:17pt; margin-bottom:7.5pt; t-i:-17pt; line-height:15pt; font-size: 0.90em }
.ListaPunkt { margin-top:7.5pt; margin-left:17pt; margin-bottom:7.5pt; t-i:-17pt; line-height:15pt; font-size: 0.90em }
.MotionTIllRiksdagen { margin-top:18pt; margin-bottom:0pt; t-i:0pt; page-break-inside:avoid; page-break-after:avoid; line-height:19.5pt; font-size: 1.05em }
.Motionr { margin-top:14pt; margin-bottom:31.5pt; t-i:0pt; page-break-inside:avoid; line-height:15pt; font-size: 1.00em; font-weight:bold; font-style:normal }
.NormalIndent { margin-left:65.2pt; margin-bottom:0pt; t-i:17pt; line-height:15pt; font-size: 0.90em }
.Normalutanindragellerluft { margin-top:4pt; margin-bottom:0pt; t-i:0pt; line-height:15pt; font-size: 0.90em }
.Normal00 { margin-top:4pt; margin-bottom:0pt; t-i:0pt; line-height:normal; font-size: 0.90em }
.NormalA4fot { margin-top:12pt; margin-bottom:0pt; t-i:0pt; text-align:center; line-height:normal; font-size: 0.90em }
.NormalA4sidnr { margin-top:4pt; margin-bottom:12pt; t-i:0pt; text-align:center; line-height:normal; font-size: 0.90em }
.NormalS5sidnrH { margin-top:4pt; margin-right:2.85pt; margin-bottom:0pt; t-i:0pt; text-align:right; line-height:normal; font-size: 0.90em }
.NormalS5sidnrV { margin-top:4pt; margin-right:0pt; margin-bottom:0pt; t-i:0pt; text-align:left; line-height:normal; font-size: 0.90em }
.PlainText { margin-bottom:0pt; t-i:0pt; line-height:12pt; font-family:'Verdana'; font-size: 0.90em }
.Strecklista, .PunktlistaTankstreck { margin-top:4pt; margin-left:14.2pt; margin-bottom:0pt; t-i:-14.2pt; line-height:15pt; font-size: 0.90em }
.Quote { margin-top:7.5pt; margin-left:17pt; margin-bottom:0pt; t-i:0pt; line-height:12pt; font-size: 0.90em }
.R1 { margin-top:41pt; margin-bottom:0pt; t-i:0pt; page-break-inside:avoid; page-break-after:avoid; line-height:19.5pt; font-family:'Verdana'; font-size: 1.05em }
.R2 { margin-top:30pt; margin-bottom:0pt; t-i:0pt; page-break-inside:avoid; page-break-after:avoid; line-height:15pt; font-family:'Verdana'; font-size: 1.00em }
.R3 { margin-top:18pt; margin-bottom:0pt; t-i:0pt; page-break-inside:avoid; page-break-after:avoid; line-height:15pt; font-family:'Verdana'; font-size: 0.90em; font-weight:bold }
.Rubrik1numrerat { margin-top:41pt; margin-left:18pt; margin-bottom:0pt; t-i:-18pt; page-break-inside:auto; page-break-after:avoid; line-height:19.5pt; font-family:'Verdana'; font-size: 1.05em }
.Rubrik2numrerat { margin-top:30pt; margin-left:39.6pt; margin-bottom:0pt; t-i:-39.6pt; page-break-inside:avoid; page-break-after:avoid; line-height:15pt; font-family:'Verdana'; font-size: 1.00em }
.Rubrik3numrerat { margin-top:18pt; margin-left:61.2pt; margin-bottom:0pt; t-i:-61.2pt; page-break-inside:avoid; page-break-after:avoid; line-height:15pt; font-family:'Verdana'; font-size: 0.90em; font-weight:bold }
.Rubrik4numrerat { margin-top:18pt; margin-left:82.2pt; margin-bottom:0pt; t-i:-82.2pt; page-break-inside:avoid; page-break-after:avoid; line-height:15pt; font-family:'Verdana'; font-size: 0.90em; font-weight:normal; font-style:italic }
.RubrikFrslagTIllRiksdagsbeslut { margin-top:41pt; margin-bottom:15pt; t-i:0pt; page-break-inside:avoid; page-break-after:avoid; line-height:19.5pt; font-family:'Verdana'; font-size: 1.05em }
.RubrikInnehllsf { margin-top:41pt; margin-bottom:0pt; t-i:0pt; page-break-inside:avoid; page-break-after:avoid; line-height:19.5pt; font-family:'Verdana'; font-size: 1.05em }
.RubrikSammanf { margin-top:41pt; margin-bottom:0pt; t-i:0pt; page-break-inside:avoid; page-break-after:avoid; line-height:19.5pt; font-family:'Verdana'; font-size: 1.05em }
.Salutation { margin-top:41pt; margin-bottom:0pt; t-i:0pt; page-break-inside:avoid; page-break-after:avoid; line-height:19.5pt; font-family:'Verdana'; font-size: 1.05em }
.Streckkod { margin-top:12pt; margin-bottom:0pt; t-i:0pt; text-align:center; line-height:normal; font-family:IDAutomationHC39S; font-size: 1.00em }
.Subtitle { margin-top:4pt; margin-bottom:0pt; t-i:0pt; line-height:15pt; font-family:'Verdana'; font-size: 0.90em; font-weight:bold }
.TOC1 { margin-top:4pt; margin-bottom:0pt; t-i:0pt; line-height:15pt; font-size: 0.90em }
.TOC2 { margin-top:4pt; margin-left:14.2pt; margin-bottom:0pt; t-i:0pt; line-height:15pt; font-size: 0.90em }
.TOC3 { margin-top:4pt; margin-left:28.35pt; margin-bottom:0pt; t-i:0pt; line-height:15pt; font-size: 0.90em }
.TOC4 { margin-top:4pt; margin-left:42.55pt; margin-bottom:0pt; t-i:0pt; line-height:15pt; font-size: 0.90em }
.TOC5 { margin-top:4pt; margin-left:56.7pt; margin-bottom:0pt; t-i:0pt; line-height:15pt; font-size: 0.90em }
.TOC6 { margin-top:4pt; margin-left:56.7pt; margin-bottom:0pt; t-i:0pt; line-height:15pt; font-size: 0.90em }
.TOC7 { margin-top:15pt; margin-left:56.7pt; margin-bottom:0pt; t-i:14.2pt; page-break-inside:avoid; page-break-after:avoid; line-height:normal; font-family:'Verdana'; font-size: 0.90em; font-weight:normal; font-style:italic }
.TOC8 { margin-top:15pt; margin-left:56.7pt; margin-bottom:0pt; t-i:14.2pt; page-break-inside:avoid; page-break-after:avoid; line-height:normal; font-family:'Verdana'; font-size: 0.90em; font-weight:normal; font-style:italic }
.TOC9 { margin-top:15pt; margin-left:56.7pt; margin-bottom:0pt; t-i:14.2pt; page-break-inside:avoid; page-break-after:avoid; line-height:normal; font-family:'Verdana'; font-size: 0.90em; font-weight:normal; font-style:italic }
.TOCHeading { margin-top:41pt; margin-bottom:0pt; t-i:0pt; page-break-inside:avoid; page-break-after:avoid; line-height:19.5pt; font-family:'Verdana'; font-size: 1.05em }
.Tabellunderrubrik { margin-top:0pt; margin-bottom:0pt; t-i:0pt; line-height:15pt; font-size: 0.90em; font-weight:normal; font-style:italic }
.Tabellrubrik { margin-top:7.5pt; margin-bottom:0pt; t-i:0pt; line-height:15pt; font-size: 0.90em; font-weight:bold }
.Title { margin-top:41pt; margin-bottom:0pt; t-i:0pt; page-break-inside:avoid; page-break-after:avoid; line-height:19.5pt; font-family:'Verdana'; font-size: 1.05em }
.Underskriftdatum { margin-top:24pt; margin-bottom:3pt; t-i:0pt; page-break-inside:avoid; line-height:15pt; font-size: 0.90em; font-style:normal }
.Underskrifter { margin-top:15pt; margin-bottom:3pt; t-i:0pt; page-break-inside:avoid; line-height:15pt; font-size: 0.90em; font-style:italic }
span.BallongtextChar { font-family:'Segoe UI'; font-size: 0.90em }
span.BeteckningChar { font-size:19.5pt }
span.CommentReference { font-size:8pt }
span.FSHRub2Char, span.Rubrik1A4Char { font-size:24pt }
span.FotnotstextChar { font-size:10pt }
span.InledningChar { font-family:'Verdana'; font-size: 1.00em; font-weight:bold }
span.IntenseReference { font-weight:normal; font-style:normal; font-variant:normal; text-decoration:none; text-transform:none; letter-spacing:0pt; vertical-align:0pt; color:#000000; display:inline }
span.KommentarerChar { font-size:10pt }
span.KommentarsmneChar { font-size:10pt; font-weight:bold }
span.MotionTIllRiksdagenChar { font-size:19.5pt }
span.OformateradtextChar { font-family:'Verdana'; font-size: 0.90em }
span.PlaceholderText { color:#f4b083 }
span.Rubrik1Char { font-family:'Verdana'; font-size: 1.05em }
span.Rubrik2Char { font-family:'Verdana'; font-size: 1.00em; font-weight:bold }
span.Rubrik3Char { font-family:'Verdana'; font-size: 0.90em; font-weight:bold }
span.Rubrik4Char { font-family:'Verdana'; font-size: 0.90em; font-style:italic }
span.Rubrik5Char { font-family:'Verdana'; font-weight:bold }
span.Rubrik6Char { font-family:'Verdana'; font-style:italic }
span.Rubrik7Char { font-family:'Verdana'; font-size: 0.90em; font-weight:bold }
span.Rubrik8Char { font-family:'Verdana'; font-size: 0.90em; font-weight:bold }
span.Rubrik9Char { font-family:'Verdana'; font-size: 0.90em; font-weight:bold }
span.RubrikChar { font-family:'Verdana'; font-size: 1.00em; font-weight:bold }
span.SidfotChar { font-size:11.5pt }
span.UnderrubrikChar { font-family:'Verdana'; font-size: 0.90em; font-weight:bold }
.TableGrid {  }

.pconf{width: 450px;margin-left:5px;overflow:visable;font-family:Verdana, Geneva, sans-serif;} 
 .sidhuvud_publikation, .sidhuvud_beteckning{font-size:133%}
.MotionarLista {font-size:122%}

--&gt;&lt;/style&gt;&lt;div class="pconf"&gt;&lt;span class="sidhuvud_publikation"&gt;Motion till riksdagen&lt;/span&gt;&lt;br/&gt;
&lt;span class="sidhuvud_beteckning"&gt;2018/19:125&lt;/span&gt;&lt;br/&gt;
&lt;span class="MotionarLista"&gt;av Jonas Millard m.fl. (SD)&lt;/span&gt;&lt;br/&gt;
&lt;h1&gt;Vissa kommunalrättsliga frågor&lt;/h1&gt;
&lt;hr class="sidhuvud_linje"/&gt;


		&lt;div class="Section1"&gt;
			&lt;h1 style="margin-bottom:15pt; -aw-sdt-tag:CC_Boilerplate_4; -aw-sdt-title:CC_Boilerplate_4"&gt;
				&lt;span&gt;Förslag till riksdagsbeslut&lt;/span&gt;
			&lt;/h1&gt;
			&lt;ol type="1" style="margin:0pt; padding-left:0pt"&gt;
				&lt;li class="Frslagstext" style="margin-left:14pt; t-i:0pt; padding-left:5.85pt; font-family:'Verdana'; font-size: 0.90em"&gt;
					&lt;span style="font-family:'Verdana'; font-size: 0.90em"&gt;Riksdagen ställer sig bakom det som anförs i motionen om att återta den kommunala självstyrelsen och tillkännager detta för regeringen.&lt;/span&gt;
				&lt;/li&gt;
				&lt;li class="Frslagstext" style="margin-left:14pt; t-i:0pt; padding-left:5.85pt; font-family:'Verdana'; font-size: 0.90em"&gt;
					&lt;span style="font-family:'Verdana'; font-size: 0.90em"&gt;Riksdagen ställer sig bakom det som anförs i motionen om kommunal verksamhet och tillkännager detta för regeringen.&lt;/span&gt;
				&lt;/li&gt;
				&lt;li class="Frslagstext" style="margin-left:14pt; t-i:0pt; padding-left:5.85pt; font-family:'Verdana'; font-size: 0.90em"&gt;
					&lt;span style="font-family:'Verdana'; font-size: 0.90em"&gt;Riksdagen ställer sig bakom det som anförs i motionen om oppositionens inflytande och insyn i den ekonomiska förvaltningen och tillkännager detta för regeringen.&lt;/span&gt;
				&lt;/li&gt;
				&lt;li class="Frslagstext" style="margin-left:14pt; t-i:0pt; padding-left:5.85pt; font-family:'Verdana'; font-size: 0.90em"&gt;
					&lt;span style="font-family:'Verdana'; font-size: 0.90em"&gt;Riksdagen ställer sig bakom det som anförs i motionen om insyn i kommunala och regionala bolag och tillkännager detta för regeringen.&lt;/span&gt;
				&lt;/li&gt;
				&lt;li class="Frslagstext" style="margin-left:14pt; t-i:0pt; padding-left:5.85pt; font-family:'Verdana'; font-size: 0.90em"&gt;
					&lt;span style="font-family:'Verdana'; font-size: 0.90em"&gt;Riksdagen ställer sig bakom det som anförs i motionen om tomma stolar och politiska vildar och tillkännager detta för regeringen.&lt;/span&gt;
				&lt;/li&gt;
				&lt;li class="Frslagstext" style="margin-left:14pt; t-i:0pt; padding-left:5.85pt; font-family:'Verdana'; font-size: 0.90em"&gt;
					&lt;span style="font-family:'Verdana'; font-size: 0.90em"&gt;Riksdagen ställer sig bakom det som anförs i motionen om antalet ledamöter och ersättare i fullmäktige och tillkännager detta för regeringen.&lt;/span&gt;
				&lt;/li&gt;
				&lt;li class="Frslagstext" style="margin-left:14pt; t-i:0pt; padding-left:5.85pt; font-family:'Verdana'; font-size: 0.90em"&gt;
					&lt;span style="font-family:'Verdana'; font-size: 0.90em"&gt;Riksdagen ställer sig bakom det som anförs i motionen om en rättvisare fördelning av partistöd och politiska tjänster och tillkännager detta för regeringen.&lt;/span&gt;
				&lt;/li&gt;
				&lt;li class="Frslagstext" style="margin-left:14pt; t-i:0pt; padding-left:5.85pt; font-family:'Verdana'; font-size: 0.90em"&gt;
					&lt;span style="font-family:'Verdana'; font-size: 0.90em"&gt;Riksdagen ställer sig bakom det som anförs i motionen om att stärka minoritetsskyddet och tillkännager detta för regeringen.&lt;/span&gt;
				&lt;/li&gt;
				&lt;li class="Frslagstext" style="margin-left:14pt; t-i:0pt; padding-left:5.85pt; font-family:'Verdana'; font-size: 0.90em"&gt;
					&lt;span style="font-family:'Verdana'; font-size: 0.90em"&gt;Riksdagen ställer sig bakom det som anförs i motionen om kommunala och regionala misstroendeförklaringar och tillkännager detta för regeringen.&lt;/span&gt;
				&lt;/li&gt;
				&lt;li class="Frslagstext" style="margin-left:19.85pt; t-i:0pt; font-family:'Verdana'; font-size: 0.90em"&gt;
					&lt;span style="font-family:'Verdana'; font-size: 0.90em"&gt;Riksdagen ställer sig bakom det som anförs i motionen om kommunala folkomröstningar och tillkännager detta för regeringen.&lt;/span&gt;
				&lt;/li&gt;
				&lt;li class="Frslagstext" style="margin-left:19.85pt; t-i:0pt; font-family:'Verdana'; font-size: 0.90em"&gt;
					&lt;span style="font-family:'Verdana'; font-size: 0.90em"&gt;Riksdagen ställer sig bakom det som anförs i motionen om styrelsernas och nämndernas ansvarsfördelning och tillkännager detta för regeringen.&lt;/span&gt;
				&lt;/li&gt;
				&lt;li class="Frslagstext" style="margin-left:19.85pt; t-i:0pt; font-family:'Verdana'; font-size: 0.90em"&gt;
					&lt;span style="font-family:'Verdana'; font-size: 0.90em"&gt;Riksdagen ställer sig bakom det som anförs i motionen om förtroendevaldas rätt till insyn och tillkännager detta för regeringen.&lt;/span&gt;
				&lt;/li&gt;
				&lt;li class="Frslagstext" style="margin-left:19.85pt; t-i:0pt; font-family:'Verdana'; font-size: 0.90em"&gt;
					&lt;span style="font-family:'Verdana'; font-size: 0.90em"&gt;Riksdagen ställer sig bakom det som anförs i motionen om redovisning av partistöd och tillkännager detta för regeringen.&lt;/span&gt;
				&lt;/li&gt;
			&lt;/ol&gt;
			&lt;h1 style="-aw-sdt-tag:CC_Motivering_Rubrik; -aw-sdt-title:CC_Motivering_Rubrik"&gt;
				&lt;a name="MotionsStart"&gt;&lt;/a&gt;&lt;span&gt;Återta den kommunala självstyrelsen&lt;/span&gt;
			&lt;/h1&gt;
			&lt;p class="Normalutanindragellerluft"&gt;
				&lt;span&gt;För Sverigedemokraterna är den kommunala självstyrelsen en central och viktig princip. Genom Sveriges medlemskap i Europeiska unionen, EU, har kommunernas självstyre dessvärre urholkats.&lt;/span&gt;
			&lt;/p&gt;
			&lt;p&gt;
				&lt;span&gt;Detta sker genom tvingande lagstiftning som varken kommunernas, regionernas eller riksdagens politiker kan påverka. Enda utvägen är en omförhandling av medlemskapet&lt;/span&gt;&lt;span&gt;, alternativt utträde ur unionen&lt;/span&gt;&lt;span&gt;. Tydliga exempel på EU&lt;/span&gt;&lt;span&gt;:&lt;/span&gt;&lt;span&gt;s överstatlighet finns till exempel &lt;/span&gt;&lt;span&gt;i &lt;/span&gt;&lt;span&gt;kommunallagens regler om vem och vilka som är valbara till kommunen och vilka som har rösträtt.&lt;/span&gt;
			&lt;/p&gt;
			&lt;p&gt;
				&lt;span&gt;Genom Lissabonfördraget är Sveriges kommuner och regioner tvingade att upplåta rösträtt, såväl som rätt att ställa upp i &lt;/span&gt;&lt;span&gt;val&lt;/span&gt;&lt;span&gt;,&lt;/span&gt;&lt;span&gt; åt personer som helt saknar&lt;/span&gt;&lt;span&gt; och aldrig har innehaft något svenskt medborgarskap. Sverigedemokraterna&lt;/span&gt;&lt;span&gt;s uppfattning är att rösträtten&lt;/span&gt;&lt;span&gt; &lt;/span&gt;&lt;span&gt;liksom&lt;/span&gt;&lt;span&gt; rätten att stäl&lt;/span&gt;&lt;span&gt;la upp i val ska vara förbehåll&lt;/span&gt;&lt;span&gt;n&lt;/span&gt;&lt;span&gt;a&lt;/span&gt;&lt;span&gt; pers&lt;/span&gt;&lt;span&gt;oner med svenskt medborgarskap.&lt;/span&gt;
			&lt;/p&gt;
			&lt;p&gt;
				&lt;span&gt;När det gäller principen om den kommunala självstyrelsen i övrigt bör kommunerna återfå makt som tidigare tagits ifrån dem genom till exempel den så kallade anvisningslagen&lt;/span&gt;&lt;span&gt;, som påtvinga&lt;/span&gt;&lt;span&gt;de kommunerna ett orimligt flyktingmottagande. Det bör enl&lt;/span&gt;&lt;span&gt;igt vår mening stå varje kommun&lt;/span&gt;&lt;span&gt; fritt att avgöra hur stort inflödet av så kallade ensamkommande och flyktingar skall vara. &lt;/span&gt;
			&lt;/p&gt;
			&lt;p&gt;
				&lt;span&gt;Genom lagstiftning&lt;/span&gt;&lt;span&gt;,&lt;/span&gt;&lt;span&gt; som tvingar kommuner att ta emot ett stort antal flyktingar eller ensakommande&lt;/span&gt;&lt;span&gt;,&lt;/span&gt;&lt;span&gt; binder staten kommunerna vid långsiktiga ekonomiska och sociala åtaganden som på sikt medför stora negativa konsekvenser. &lt;/span&gt;
			&lt;/p&gt;
			&lt;p&gt;
				&lt;span&gt;Av den anledningen bör regeringen inleda en process med att omförhandla de svenska villkoren för Sveriges medlemskap i EU. Regeringen bör även återkomma till riksdagen med konkreta förslag på hur den kommunala självstyrelsen kan stärkas i de avseenden som nämnts ovan&lt;/span&gt;
			&lt;/p&gt;
			&lt;h1&gt;
				&lt;span&gt;Kommunal verksamhet med ansvar för de gemensamma resurserna&lt;/span&gt;
			&lt;/h1&gt;
			&lt;p class="Normalutanindragellerluft"&gt;
				&lt;span&gt;För Sverigedemokraterna är det helt grundläggande att de gemensamma kommunala och regionala resurserna i första hand går till kärnverksamhete&lt;/span&gt;&lt;span&gt;r&lt;/span&gt;&lt;span&gt;n&lt;/span&gt;&lt;span&gt;a&lt;/span&gt;&lt;span&gt;. Kommunens skattebetalare ska aldrig förvandlas till ofrivilliga riskkapitalister genom att politiker investerar pengar i osäkra ekonomiska projekt som sedan riskerar att bli förlustaffärer. Under senare &lt;/span&gt;&lt;span&gt;år finns det många exempel på kommuner som investerat pengar i exempelvis vindkraftsparker, biogasanläggningar och andra typer av verksamhet som ur ett ekonomiskt perspektiv är &lt;/span&gt;&lt;span&gt;allt&lt;/span&gt;&lt;span&gt;för riskfyllda. &lt;/span&gt;
			&lt;/p&gt;
			&lt;p&gt;
				&lt;span&gt;Vår mening är att i de fall kommuner eller regioner önskar göra investeringar i verksamheter eller kommunala bolag&lt;/span&gt;&lt;span&gt;,&lt;/span&gt;&lt;span&gt; som ligger utanför kärnverksamhete&lt;/span&gt;&lt;span&gt;r&lt;/span&gt;&lt;span&gt;n&lt;/span&gt;&lt;span&gt;a,&lt;/span&gt;&lt;span&gt; bör utgångspunkten vara att det inte ska bli någon ekonomisk förlust för kommunen eller regionens invånare. &lt;/span&gt;
			&lt;/p&gt;
			&lt;p&gt;
				&lt;span&gt;När det gäller kommunallagens krav på en ekonomi i balans, menar vi att detta ansvar behöver tydliggöras. Det bör finnas tydligare krav på kommunerna och färre möjligheter att göra undantag från balanskravet. &lt;/span&gt;
			&lt;/p&gt;
			&lt;h1&gt;
				&lt;span&gt;Oppositionen&lt;/span&gt;&lt;span&gt;s&lt;/span&gt;&lt;span&gt; inflytande och insyn i den ekonomiska förvaltningen &lt;/span&gt;
			&lt;/h1&gt;
			&lt;p class="Normalutanindragellerluft"&gt;
				&lt;span&gt;Vissa kommuner har genom att låta oppositionen i kommunfullmäktige utse lekmannarevisorer bidragit till bättre ekonomisk öppenhet och transparens. På så sätt undviker man risken att majoriteten utser granskande revisorer från de egna politiska leden, som således riskerar bli mer förlåtande i sin granskning. En annan möjlighet är &lt;/span&gt;&lt;span&gt;att &lt;/span&gt;&lt;span&gt;lagfästa oppositionen&lt;/span&gt;&lt;span&gt;s&lt;/span&gt;&lt;span&gt; rätt att tillsätta majoriteten av revisionen. Vilken ordning som är lämpligast bör utredas, men utgångspunkten ska vara att säkerställa och stärka oppositionens granskande roll. Det blir då en garanti för att de partier som inte sitter i det politiska styret ges ökad insyn i den löpande ekonomin&lt;/span&gt;&lt;span&gt;,&lt;/span&gt;&lt;span&gt; utöver de professionella revisorerna. &lt;/span&gt;
			&lt;/p&gt;
			&lt;h1&gt;
				&lt;span&gt;Insyn i kommunalt&lt;/span&gt;&lt;span&gt; och regionalt ägda bolag. &lt;/span&gt;
			&lt;/h1&gt;
			&lt;p class="Normalutanindragellerluft"&gt;
				&lt;span&gt;I Sveriges kommuner och regioner finns olika typer av kommunala och regionalt ägda bolag. Eftersom offentlighetsprincipen inte bara är grundlagsstadgad utan även en viktig offentligrättslig princip är det viktigt att insynen i praktiken f&lt;/span&gt;&lt;span&gt;ungerar lika bra i de kommunalt&lt;/span&gt;&lt;span&gt; och regionalt ägda bolagen som den gör i den övriga kommunala och regionala verksamheten. Det bör inte ha någon betydelse om bolagen är helt eller delvis ägda av kommunen eller regionen. Tillgången &lt;/span&gt;&lt;span&gt;till&lt;/span&gt;&lt;span&gt; allmänna och offentliga handlingar måste kunna garanteras. Eftersom det finns återkommande exempel på hur insynen i dessa bolag varit eftersatt bör regeringen tydligare se till att medborgarnas rätt och möjlighet till insyn i kommuners och regioners olika bolag kan säkerställas. &lt;/span&gt;
			&lt;/p&gt;
			&lt;h1&gt;
				&lt;span&gt;Tomma stolar och politiska vildar&lt;/span&gt;
			&lt;/h1&gt;
			&lt;p class="Normalutanindragellerluft"&gt;
				&lt;span&gt;Nuvarande regler medför ingen möjlighet för partierna att efter ett val tillföra kandidater som inte tidigare funnits med på partiets valsedel. Detta är en ordning som riskerar att leda till tomma stolar. &lt;/span&gt;
			&lt;/p&gt;
			&lt;p&gt;
				&lt;span&gt;Tomma stolar är inte bara en förlust för det politiska partiet utan även för väljarna&lt;/span&gt;&lt;span&gt;,&lt;/span&gt;&lt;span&gt; som i praktiken inte får utdelning för sina röster. Argumentet mot att låta partierna tillföra kandidater efter ett val på sina erhållna mandat är ofta att det är partiernas ansvar att se till att det finns ersättare som är beredda att träda in. Det är dock knappast någon hemlighet att detta inte är möjligt i alla situationer. Samtidigt är det ett samhällsproblem att intresset för att engagera sig i politiska partier under lång tid varit dalande. Genom att öppna fö&lt;/span&gt;&lt;span&gt;r att låta partierna mellan val&lt;/span&gt;&lt;span&gt; tillföra ledamöter till fullmäktige skulle riskerna med tomma stolar minskas avsevärt samtidigt som väljarna skulle garanteras att deras röster räknades och inte &lt;/span&gt;&lt;span&gt;resulterade i&lt;/span&gt;&lt;span&gt; tomma stolar. &lt;/span&gt;
			&lt;/p&gt;
			&lt;p&gt;
				&lt;span&gt;Sverigedemokraterna&lt;/span&gt;&lt;span&gt; vill också knyta mandaten tydligare till de politiska partierna. Politiska vildar ska därför, under förutsättning att de inte är personkryssade&lt;/span&gt;&lt;span&gt;,&lt;/span&gt;&lt;span&gt; kunna bli av med sitt uppdrag i fullmäktige såväl som nämnder, styrelser, bolag och stiftelser. De ska inte heller kunna sitta mandatperioden ut med arvode. Personer som blivit tillsatta som råd, eller givits uppdrag i nämnder, styrelser och bolag, i praktiken av sin fullmäktigegrupp&lt;/span&gt;&lt;span&gt;,&lt;/span&gt;&lt;span&gt; ska också kunna avsättas om vederbörande inte längre åtnjuter partigruppen&lt;/span&gt;&lt;span&gt;s&lt;/span&gt;&lt;span&gt; förtroende. &lt;/span&gt;
			&lt;/p&gt;
			&lt;p&gt;
				&lt;span&gt;När det gäller ersättare i kommunfullmäktige bör partierna få större möjlighet att själv&lt;/span&gt;&lt;span&gt;a&lt;/span&gt;&lt;span&gt; avgöra vem som skall träda in som tjänstgörande och när. En fullmäktigegrupp består som regel av personer med olika bakgrunder, erfarenheter och kunskaper. I riksdagens utskott har partierna möjlighet att ha flera ersättare som i princip fritt får avlösa varandra. Genom att tillåta en friare möjlighet för partierna att avgöra vilken ersättare som ska tjänstgöra och under vilket ärende&lt;/span&gt;&lt;span&gt;,&lt;/span&gt;&lt;span&gt; ökas möjligheten för en fullmäktigegrupp att kunna bredda kompetensen och sprida ansvarsfördelningen mellan ersättarna&lt;/span&gt;&lt;span&gt;,&lt;/span&gt;&lt;span&gt; vilket i för&lt;/span&gt;&lt;span&gt;längningen också kan innebära&lt;/span&gt;&lt;span&gt; öka&lt;/span&gt;&lt;span&gt;d&lt;/span&gt;&lt;span&gt; politisk delaktighet, oavsett om en förtroendevald står långt ned på ersättarlistan eller ej. &lt;/span&gt;
			&lt;/p&gt;
			&lt;p&gt;
				&lt;span&gt;En rimlig ingång kan vara att det är upp till gruppledaren att avgöra vilke&lt;/span&gt;&lt;span&gt;n&lt;/span&gt;&lt;span&gt; ersättare som ska få tjänstgöra vid ett aktuellt ärende. Regeringen bör dock återkomma till riksdagen med &lt;/span&gt;&lt;span&gt;hur en lösning för att på ett friare sätt kunna reglera och byta mellan ersättarna ska möjliggöras. &lt;/span&gt;
			&lt;/p&gt;
			&lt;h1&gt;
				&lt;span&gt;Antalet ledamöter och ersättare i fullmäktige&lt;/span&gt;
			&lt;/h1&gt;
			&lt;p class="Normalutanindragellerluft"&gt;
				&lt;span&gt;I såväl den tidigare som den nu aktuella kommunallagen finns bestämmelser som reglerar antalet ledamöter och ersättare i fullmäktige. Reglerna anger det minsta tillåtna antalet och medför således en allt för begränsad flexibilitet i dessa avseenden. Vår mening är att dessa regler bör ses över med utgångspunkten att öka såväl små som stora kommuner&lt;/span&gt;&lt;span&gt;s&lt;/span&gt;&lt;span&gt; och regioners handlingsutrymme i detta avseende&lt;/span&gt;&lt;span&gt;,&lt;/span&gt;&lt;span&gt; samtidigt som en god medborglig förankring garanteras. &lt;/span&gt;
			&lt;/p&gt;
			&lt;h1&gt;
				&lt;span&gt;En rättvisare fördelning av partistöd och politiska tjänster&lt;/span&gt;
			&lt;/h1&gt;
			&lt;p class="Normalutanindragellerluft"&gt;
				&lt;span&gt;I praktiken har lydelsen ”Stödet får inte utformas så att det otillbörligt gynnar eller missgynnar ett parti” fått ringa betydelse för det praktiska utf&lt;/span&gt;&lt;span&gt;allet. I den numera förändrade k&lt;/span&gt;&lt;span&gt;ommunallagen står att hänsyn även ska tas till tillhandahållande av fria lokaler och annan kostnadsservice, samtidigt som det inte medför något krav att sätta prislapp på dessa förmåner. Utgångspunkten måste vara att det ekonomiska partist&lt;/span&gt;&lt;span&gt;ödet är så rättvist som möjligt&lt;/span&gt;&lt;span&gt; och eventuellt också i större grad kopplat till såväl politiska tjänster som kontorslokaler och dylikt. Om ett parti exempelvis har tillgång till både rådstjänst, politisk &lt;/span&gt;&lt;span&gt;sekreterare samt kontorslokaler&lt;/span&gt;&lt;span&gt; borde samma parti rimligtvis inte erhålla lika högt kontant partibidrag som det parti som inte erhållit samma förmåner. &lt;/span&gt;
			&lt;/p&gt;
			&lt;p&gt;
				&lt;span&gt;När det gäller de politiska tjänsterna har det tyvärr blivit en handelsvara i de olika kommun- och regionfullmäktigeförsamlingarna. Reglerna bör därför utformas så att det inte heller i praktiken ska vara möjligt att missgynna eller gynna något parti. Exempelvis skulle politiska tjänster kunna fördelas mer rättvist genom att striktare knyta det till det enskilda partiets mandat, samtidigt som man tog bort höga trösklar som kan medföra oproportionerligt stora skillnader mellan partier, vars antal mandat skiljer sig markant. &lt;/span&gt;
			&lt;/p&gt;
			&lt;h1&gt;
				&lt;span&gt;Ett stärkt minoritetsskydd&lt;/span&gt;
			&lt;/h1&gt;
			&lt;p class="Normalutanindragellerluft"&gt;
				&lt;span&gt;En viktig princip är att de politiska partier som blivit invalda i fu&lt;/span&gt;&lt;span&gt;llmäktige måste få så god insyn&lt;/span&gt;&lt;span&gt; och kunna vara så delaktiga i det politiska arbetet som möjligt. I praktiken handlar det utöver partistöd och politiska tjänster också om att kunna deltaga i nämndernas och styrelsens arbete. &lt;/span&gt;
			&lt;/p&gt;
			&lt;p&gt;
				&lt;span&gt;Tyvärr finns det exempel på kommuner som efter att valresultatet är klarlagt minskat antalet platser i såväl nämnder som styrelser enbart för att hålla vissa partier borta från insyn. Ett sådant agerande är i grunden odemokratiskt och orättvist. De politiska partierna behöver ha spelreglerna klara för sig innan ett val. Genom nuvarande kommunallag finns det fortsatt risk för att en majoritet, genom ändringar av antalet platser i nämnder och styrelse efter ett val, minimera inflytande från ett eller några partier. Det bör även i detta avseende finnas någon form av minoritetsskydd för att säkerställa en så &lt;/span&gt;&lt;span&gt;god&lt;/span&gt;&lt;span&gt; insyn som möjligt&lt;/span&gt;&lt;span&gt;,&lt;/span&gt;&lt;span&gt; även för de partier som hamnar utanför valteknisk samverkan. &lt;/span&gt;
			&lt;/p&gt;
			&lt;p&gt;
				&lt;span&gt;För att driva igenom extra val krävs att minst två tredjedelar av de närvarande ledamöterna röstar för det. Detta&lt;/span&gt;&lt;span&gt;,&lt;/span&gt;&lt;span&gt; menar vi&lt;/span&gt;&lt;span&gt;,&lt;/span&gt;&lt;span&gt; bör ändras så att det räcker med att en enkel majoritet av ledamöterna, d.v.s. minst hälften av de närvarande röstberättigande. Det är en rimlig utgångspunkt att det är den styrande politiska ledningen som själva måste ansvara för att samtala och förhandla med de övriga partierna&lt;/span&gt;&lt;span&gt;,&lt;/span&gt;&lt;span&gt; så att de i vart fall tolereras av majoriteten.&lt;/span&gt;
			&lt;/p&gt;
			&lt;p&gt;
				&lt;span&gt;Ett verktyg som kan användas av en opposition som anser att ett ärende borde utredas ytterligare är återremiss. &lt;/span&gt;
			&lt;/p&gt;
			&lt;p&gt;
				&lt;span&gt;Ett vanligt förekommande problem vid återremiss har varit att ärendet skickas tillbaka till fullmäktige utan att några ytterligare konkreta beredningsåtgärder vidtas, vilket knappast varit syftet. Som regel följer tydliga uppmaningar/instruktioner med en återremiss om vilka ytterligare utredningsåtgärder oppositionen vill ska vidtas. Enligt förarbetena till nuvarande kommunallag förtydligades att ”Återremiss innebär att ärendet kompletteras med ytterligare beslutsunderlag innan beslutet kan fattas. Ärendet skickas då tillbaka till beredande organ, som kan vara en nämnd, en fullmäktigeberedning, eller styrelsen&lt;/span&gt;&lt;span&gt;.&lt;/span&gt;&lt;span&gt;” &lt;/span&gt;
			&lt;/p&gt;
			&lt;p&gt;
				&lt;span&gt;Ett exempel på vanligt förekommande krav från oppositionen är att ett ärende saknar konsekvensanalys. Det bör således införas ett starkare minoritetsskydd, exempelvis genom &lt;/span&gt;&lt;span&gt;att införa någon form av minimi&lt;/span&gt;&lt;span&gt;regler för hur de instruktioner som ges vid en återremiss skall åtlydas innan ärendet får skickas tillbaka till fullmäktige för avgörande, samtidigt som regelverket inte får bli för strikt och långtgående&lt;/span&gt;&lt;span&gt;,&lt;/span&gt;&lt;span&gt; så att det riskerar leda till oproportionerlig&lt;/span&gt;&lt;span&gt;t&lt;/span&gt;&lt;span&gt; öka&lt;/span&gt;&lt;span&gt;d&lt;/span&gt;&lt;span&gt; arbetsbelastning och byråkrati för kommuner och regioner. &lt;/span&gt;
			&lt;/p&gt;
			&lt;p&gt;
				&lt;span&gt;Gällande &lt;/span&gt;&lt;span&gt;interpellationsinstrumentet&lt;/span&gt;&lt;span&gt; ska det betraktas som ett verktyg för minoriteten att kunna ställa frågor och söka svar av den styrande politiska ledningen. Därför bör det säkerställas att det finns ett mycket starkt minoritetsskydd gällande interpellationer. En möjlighet kan vara att det bör krävas att fem sjättedelar av fullmäktige röstar emot att en interpellation ska få ställas för att så ska bli fallet. &lt;/span&gt;
			&lt;/p&gt;
			&lt;h1&gt;
				&lt;span&gt;En lokalpolitisk misstroendeförklaring&lt;/span&gt;
			&lt;/h1&gt;
			&lt;p class="Normalutanindragellerluft"&gt;
				&lt;span&gt;Om ett statsråd inte längre åtnjuter riksdagsmajoritetens förtroende kan kammaren som en sista utväg tillgripa ett misstroendevotum. En liknande funktion bör finnas på regional och kommunal nivå såväl som i nämnder och i kommunala bolag. Regeringen bör få i uppdrag att u&lt;/span&gt;&lt;span&gt;treda detta och återkomma till r&lt;/span&gt;&lt;span&gt;iksdagen med ett &lt;/span&gt;&lt;span&gt;skarpt&lt;/span&gt;&lt;span&gt; &lt;/span&gt;&lt;span&gt;förslag.&lt;/span&gt;
			&lt;/p&gt;
			&lt;h1&gt;
				&lt;span&gt;Förutsättningar för kommunala folkomröstningar&lt;/span&gt;
			&lt;/h1&gt;
			&lt;p class="Normalutanindragellerluft"&gt;
				&lt;span&gt;Kraven för att få till stånd en kommunal folkomröstning är för högt ställda. Det är&lt;/span&gt;&lt;span&gt;,&lt;/span&gt;&lt;span&gt; enligt vår mening&lt;/span&gt;&lt;span&gt;,&lt;/span&gt;&lt;span&gt; rimligt att sänka gränsen för hur stor andel av en kommun eller en regions invånare som behöver underteckna för att få till stånd ett folkinitiativ. Det vore samtidigt rimligt att utreda andra möjligheter än de som föreskrivs idag och som i praktiken innebär att namninsamlingen måste ske manuellt på papper. Exempelvis skulle kommunerna kunna upplåta en teknisk plattform för att möjliggöra digitala namninsamlingar där legitimering med hjälp av Bank-&lt;/span&gt;&lt;span&gt;id&lt;/span&gt;&lt;span&gt; är möjlig. &lt;/span&gt;
			&lt;/p&gt;
			&lt;h1&gt;
				&lt;span&gt;Styrelsernas och nämndernas ansvarsfördelning&lt;/span&gt;
			&lt;/h1&gt;
			&lt;p class="Normalutanindragellerluft"&gt;
				&lt;span&gt;Den nya kommunallagen föreskriver att fullmäktige skall få en möjlighet att bestämma att styrelsen skall kunna fatta beslut om särskilt angivna förhållanden som rör andra nämnders verksamhet. Vi menar&lt;/span&gt;&lt;span&gt;,&lt;/span&gt;&lt;span&gt; i likhet med vad ett flertal remissinstanser &lt;/span&gt;&lt;span&gt;har &lt;/span&gt;&lt;span&gt;anför&lt;/span&gt;&lt;span&gt;t,&lt;/span&gt;&lt;span&gt; att en sådan förändring av tidigare regler medförde ett otydligt ansvarsutkrävande. Vi vill också framhålla att nämnderna i flertalet fall besitter bättre kunskap inom sina respektive ansvarsområden än styrelsen som har ett mer övergripande ansvar. Således riskerar dessa förslag &lt;/span&gt;&lt;span&gt;att &lt;/span&gt;&lt;span&gt;leda till att beslut fattas på illa underbyggd grund. Sverigedemokraterna vill därför att denna ändring reverseras. &lt;/span&gt;
			&lt;/p&gt;
			&lt;h1&gt;
				&lt;span&gt;Förtroendevaldas rätt till insyn &lt;/span&gt;
			&lt;/h1&gt;
			&lt;p class="Normalutanindragellerluft"&gt;
				&lt;span&gt;Många av de beslut som idag fattas i en kommun sker på delegation. Med ett delegationsbeslut bör det&lt;/span&gt;&lt;span&gt;,&lt;/span&gt;&lt;span&gt; enligt vår mening&lt;/span&gt;&lt;span&gt;,&lt;/span&gt;&lt;span&gt; alltid följa en plikt för återrapportering till nämndens ledamöter samt regler som säkerställer förbättrad tydlighet. Det finns flera skäl till detta. Ett sådant skäl är att flera kommuner valt att delegera politiskt känsli&lt;/span&gt;&lt;span&gt;ga beslut om exempelvis HVB-hem&lt;/span&gt;&lt;span&gt; och dylikt till ordförande, presidium eller tjänstemän samtidigt som man varit väldigt sparsam med att redogöra för ärendets hantering i nämnden. Detta agerande riskerar att en ledamot av en kommunal nämnd blir ove&lt;/span&gt;&lt;span&gt;tande om beslut som har fattats&lt;/span&gt;&lt;span&gt; och när vederbörande ifrågasätter hur och med vilket stöd beslutet fattats över nämndens huvud hänvisas ofta till något relativt otydligt delegationsbeslut som vid en snabb genomläsning kunde tolkas som harmlöst.&lt;/span&gt;
			&lt;/p&gt;
			&lt;h1&gt;
				&lt;span&gt;Redovisning av partistöd&lt;/span&gt;
			&lt;/h1&gt;
			&lt;p class="Normalutanindragellerluft"&gt;
				&lt;span&gt;Nuvarande ordning gällande partistöd omfattas inte av några tydliga formkrav av hur detta skall redovisas. För att underlätta redovisningen för såväl de politiska partierna som fullmäktige och allmänheten bör en standardiserad mall utarbetas. Detta medför även att det blir lättare att jämföra partiernas användning av partistödet. &lt;/span&gt;
			&lt;/p&gt;
			&lt;p style="-aw-sdt-tag:CC_Underskrifter; -aw-sdt-title:CC_Underskrifter"&gt;
				&lt;span&gt; &lt;/span&gt;
			&lt;/p&gt;
			&lt;p style="-aw-sdt-tag:CC_Underskrifter; -aw-sdt-title:CC_Underskrifter"&gt;
				&lt;span&gt; &lt;/span&gt;
			&lt;/p&gt;
			&lt;table cellspacing="0" cellpadding="0" style="border-collapse:collapse; margin-left:0pt; width:100%"&gt;
				&lt;tr&gt;
					&lt;td style="padding-left:5.4pt; padding-right:5.4pt; vertical-align:bottom; width:1%"&gt;
						&lt;p class="Underskrifter" style="margin-top:15pt; margin-bottom:3pt; t-i:0pt; page-break-inside:avoid; line-height:15pt"&gt;
							&lt;span style="font-style:italic"&gt;Jonas Millard (SD)&lt;/span&gt;
						&lt;/p&gt;
					&lt;/td&gt;
					&lt;td style="padding-left:5.4pt; padding-right:5.4pt; vertical-align:bottom; width:1%"&gt;
						&lt;p class="Underskrifter" style="margin-top:15pt; margin-bottom:3pt; t-i:0pt; page-break-inside:avoid; line-height:15pt"&gt;
							&lt;span style="font-style:italic"&gt; &lt;/span&gt;
						&lt;/p&gt;
					&lt;/td&gt;
				&lt;/tr&gt;
				&lt;tr&gt;
					&lt;td style="padding-left:5.4pt; padding-right:5.4pt; vertical-align:bottom; width:1%"&gt;
						&lt;p class="Underskrifter" style="margin-top:15pt; margin-bottom:0pt; t-i:0pt; page-break-inside:avoid; line-height:15pt"&gt;
							&lt;span style="font-style:italic"&gt;Matheus Enholm (SD)&lt;/span&gt;
						&lt;/p&gt;
					&lt;/td&gt;
					&lt;td style="padding-left:5.4pt; padding-right:5.4pt; vertical-align:bottom; width:1%"&gt;
						&lt;p class="Underskrifter" style="margin-top:15pt; margin-bottom:0pt; t-i:0pt; page-break-inside:avoid; line-height:15pt"&gt;
							&lt;span style="font-style:italic"&gt;Fredrik Lindahl (SD)&lt;/span&gt;
						&lt;/p&gt;
					&lt;/td&gt;
				&lt;/tr&gt;
				&lt;tr&gt;
					&lt;td style="padding-left:5.4pt; padding-right:5.4pt; vertical-align:bottom; width:1%"&gt;
						&lt;p class="Underskrifter" style="margin-top:15pt; margin-bottom:0pt; t-i:0pt; page-break-inside:avoid; line-height:15pt"&gt;
							&lt;span style="font-style:italic"&gt;Lars Andersson (SD)&lt;/span&gt;
						&lt;/p&gt;
					&lt;/td&gt;
					&lt;td style="padding-left:5.4pt; padding-right:5.4pt; vertical-align:bottom; width:1%"&gt;
						&lt;p class="Underskrifter" style="margin-top:15pt; margin-bottom:0pt; t-i:0pt; page-break-inside:avoid; line-height:15pt"&gt;
							&lt;span style="font-style:italic"&gt;Mikael Strandman (SD)&lt;/span&gt;
						&lt;/p&gt;
					&lt;/td&gt;
				&lt;/tr&gt;
			&lt;/table&gt;
			&lt;p&gt;
				&lt;span&gt; &lt;/span&gt;
			&lt;/p&gt;
		&lt;/div&gt;
	&lt;/div&gt;</html>
  </dokument>
<dokforslag>
<forslag>
<nummer datatype="int32">1</nummer>
<beteckning datatype="string" />
<lydelse datatype="string">Riksdagen ställer sig bakom det som anförs i motionen om att återta den kommunala självstyrelsen och tillkännager detta för regeringen.</lydelse>
<lydelse2 datatype="string" />
<utskottet datatype="string">Avslag</utskottet>
<kammaren datatype="string">Avslag</kammaren>
<behandlas_i datatype="string">2018/19:KU31</behandlas_i>
<behandlas_i_punkt datatype="string" />
<kammarbeslutstyp datatype="string" />
<intressent datatype="string">KU</intressent>
<avsnitt datatype="string" />
<grundforfattning datatype="string" />
<andringsforfattning datatype="string" />
</forslag>
<forslag>
<nummer datatype="int32">2</nummer>
<beteckning datatype="string" />
<lydelse datatype="string">Riksdagen ställer sig bakom det som anförs i motionen om kommunal verksamhet och tillkännager detta för regeringen.</lydelse>
<lydelse2 datatype="string" />
<utskottet datatype="string">Avslag</utskottet>
<kammaren datatype="string">Avslag</kammaren>
<behandlas_i datatype="string">2018/19:KU31</behandlas_i>
<behandlas_i_punkt datatype="string" />
<kammarbeslutstyp datatype="string" />
<intressent datatype="string">KU</intressent>
<avsnitt datatype="string" />
<grundforfattning datatype="string" />
<andringsforfattning datatype="string" />
</forslag>
<forslag>
<nummer datatype="int32">3</nummer>
<beteckning datatype="string" />
<lydelse datatype="string">Riksdagen ställer sig bakom det som anförs i motionen om oppositionens inflytande och insyn i den ekonomiska förvaltningen och tillkännager detta för regeringen.</lydelse>
<lydelse2 datatype="string" />
<utskottet datatype="string">Avslag</utskottet>
<kammaren datatype="string">Avslag</kammaren>
<behandlas_i datatype="string">2018/19:KU31</behandlas_i>
<behandlas_i_punkt datatype="string" />
<kammarbeslutstyp datatype="string" />
<intressent datatype="string">KU</intressent>
<avsnitt datatype="string" />
<grundforfattning datatype="string" />
<andringsforfattning datatype="string" />
</forslag>
<forslag>
<nummer datatype="int32">4</nummer>
<beteckning datatype="string" />
<lydelse datatype="string">Riksdagen ställer sig bakom det som anförs i motionen om insyn i kommunala och regionala bolag och tillkännager detta för regeringen.</lydelse>
<lydelse2 datatype="string" />
<utskottet datatype="string">Avslag</utskottet>
<kammaren datatype="string">Avslag</kammaren>
<behandlas_i datatype="string">2018/19:KU31</behandlas_i>
<behandlas_i_punkt datatype="string" />
<kammarbeslutstyp datatype="string" />
<intressent datatype="string">KU</intressent>
<avsnitt datatype="string" />
<grundforfattning datatype="string" />
<andringsforfattning datatype="string" />
</forslag>
<forslag>
<nummer datatype="int32">5</nummer>
<beteckning datatype="string" />
<lydelse datatype="string">Riksdagen ställer sig bakom det som anförs i motionen om tomma stolar och politiska vildar och tillkännager detta för regeringen.</lydelse>
<lydelse2 datatype="string" />
<utskottet datatype="string">Avslag</utskottet>
<kammaren datatype="string">Avslag</kammaren>
<behandlas_i datatype="string">2018/19:KU31</behandlas_i>
<behandlas_i_punkt datatype="string" />
<kammarbeslutstyp datatype="string" />
<intressent datatype="string">KU</intressent>
<avsnitt datatype="string" />
<grundforfattning datatype="string" />
<andringsforfattning datatype="string" />
</forslag>
<forslag>
<nummer datatype="int32">6</nummer>
<beteckning datatype="string" />
<lydelse datatype="string">Riksdagen ställer sig bakom det som anförs i motionen om antalet ledamöter och ersättare i fullmäktige och tillkännager detta för regeringen.</lydelse>
<lydelse2 datatype="string" />
<utskottet datatype="string">Avslag</utskottet>
<kammaren datatype="string">Avslag</kammaren>
<behandlas_i datatype="string">2018/19:KU31</behandlas_i>
<behandlas_i_punkt datatype="string" />
<kammarbeslutstyp datatype="string" />
<intressent datatype="string">KU</intressent>
<avsnitt datatype="string" />
<grundforfattning datatype="string" />
<andringsforfattning datatype="string" />
</forslag>
<forslag>
<nummer datatype="int32">7</nummer>
<beteckning datatype="string" />
<lydelse datatype="string">Riksdagen ställer sig bakom det som anförs i motionen om en rättvisare fördelning av partistöd och politiska tjänster och tillkännager detta för regeringen.</lydelse>
<lydelse2 datatype="string" />
<utskottet datatype="string">Avslag</utskottet>
<kammaren datatype="string">Avslag</kammaren>
<behandlas_i datatype="string">2018/19:KU31</behandlas_i>
<behandlas_i_punkt datatype="string" />
<kammarbeslutstyp datatype="string" />
<intressent datatype="string">KU</intressent>
<avsnitt datatype="string" />
<grundforfattning datatype="string" />
<andringsforfattning datatype="string" />
</forslag>
<forslag>
<nummer datatype="int32">8</nummer>
<beteckning datatype="string" />
<lydelse datatype="string">Riksdagen ställer sig bakom det som anförs i motionen om att stärka minoritetsskyddet och tillkännager detta för regeringen.</lydelse>
<lydelse2 datatype="string" />
<utskottet datatype="string">Avslag</utskottet>
<kammaren datatype="string">Avslag</kammaren>
<behandlas_i datatype="string">2018/19:KU31</behandlas_i>
<behandlas_i_punkt datatype="string" />
<kammarbeslutstyp datatype="string" />
<intressent datatype="string">KU</intressent>
<avsnitt datatype="string" />
<grundforfattning datatype="string" />
<andringsforfattning datatype="string" />
</forslag>
<forslag>
<nummer datatype="int32">9</nummer>
<beteckning datatype="string" />
<lydelse datatype="string">Riksdagen ställer sig bakom det som anförs i motionen om kommunala och regionala misstroendeförklaringar och tillkännager detta för regeringen.</lydelse>
<lydelse2 datatype="string" />
<utskottet datatype="string">Avslag</utskottet>
<kammaren datatype="string">Avslag</kammaren>
<behandlas_i datatype="string">2018/19:KU31</behandlas_i>
<behandlas_i_punkt datatype="string" />
<kammarbeslutstyp datatype="string" />
<intressent datatype="string">KU</intressent>
<avsnitt datatype="string" />
<grundforfattning datatype="string" />
<andringsforfattning datatype="string" />
</forslag>
<forslag>
<nummer datatype="int32">10</nummer>
<beteckning datatype="string" />
<lydelse datatype="string">Riksdagen ställer sig bakom det som anförs i motionen om kommunala folkomröstningar och tillkännager detta för regeringen.</lydelse>
<lydelse2 datatype="string" />
<utskottet datatype="string">Avslag</utskottet>
<kammaren datatype="string">Avslag</kammaren>
<behandlas_i datatype="string">2018/19:KU31</behandlas_i>
<behandlas_i_punkt datatype="string" />
<kammarbeslutstyp datatype="string" />
<intressent datatype="string">KU</intressent>
<avsnitt datatype="string" />
<grundforfattning datatype="string" />
<andringsforfattning datatype="string" />
</forslag>
<forslag>
<nummer datatype="int32">11</nummer>
<beteckning datatype="string" />
<lydelse datatype="string">Riksdagen ställer sig bakom det som anförs i motionen om styrelsernas och nämndernas ansvarsfördelning och tillkännager detta för regeringen.</lydelse>
<lydelse2 datatype="string" />
<utskottet datatype="string">Avslag</utskottet>
<kammaren datatype="string">Avslag</kammaren>
<behandlas_i datatype="string">2018/19:KU31</behandlas_i>
<behandlas_i_punkt datatype="string" />
<kammarbeslutstyp datatype="string" />
<intressent datatype="string">KU</intressent>
<avsnitt datatype="string" />
<grundforfattning datatype="string" />
<andringsforfattning datatype="string" />
</forslag>
<forslag>
<nummer datatype="int32">12</nummer>
<beteckning datatype="string" />
<lydelse datatype="string">Riksdagen ställer sig bakom det som anförs i motionen om förtroendevaldas rätt till insyn och tillkännager detta för regeringen.</lydelse>
<lydelse2 datatype="string" />
<utskottet datatype="string">Avslag</utskottet>
<kammaren datatype="string">Avslag</kammaren>
<behandlas_i datatype="string">2018/19:KU31</behandlas_i>
<behandlas_i_punkt datatype="string" />
<kammarbeslutstyp datatype="string" />
<intressent datatype="string">KU</intressent>
<avsnitt datatype="string" />
<grundforfattning datatype="string" />
<andringsforfattning datatype="string" />
</forslag>
<forslag>
<nummer datatype="int32">13</nummer>
<beteckning datatype="string" />
<lydelse datatype="string">Riksdagen ställer sig bakom det som anförs i motionen om redovisning av partistöd och tillkännager detta för regeringen.</lydelse>
<lydelse2 datatype="string" />
<utskottet datatype="string">Avslag</utskottet>
<kammaren datatype="string">Avslag</kammaren>
<behandlas_i datatype="string">2018/19:KU31</behandlas_i>
<behandlas_i_punkt datatype="string" />
<kammarbeslutstyp datatype="string" />
<intressent datatype="string">KU</intressent>
<avsnitt datatype="string" />
<grundforfattning datatype="string" />
<andringsforfattning datatype="string" />
</forslag>
</dokforslag>
<dokaktivitet>
<aktivitet>
<kod datatype="string">INL</kod>
<namn datatype="string">Inlämnad</namn>
<datum datatype="datetime">2018-10-19 13:19:54</datum>
<status datatype="string">inträffat</status>
<ordning datatype="int32">0</ordning>
<process datatype="string">behandling</process>
</aktivitet>
<aktivitet>
<kod datatype="string">Granskad</kod>
<namn datatype="string">Granskad</namn>
<datum datatype="datetime">2018-10-22 10:00:48</datum>
<status datatype="string">inträffat</status>
<ordning datatype="int32">0</ordning>
<process datatype="string">behandling</process>
</aktivitet>
<aktivitet>
<kod datatype="string">HÄN</kod>
<namn datatype="string">Hänvisad</namn>
<datum datatype="datetime">2018-12-05 00:00:00</datum>
<status datatype="string">inträffat</status>
<ordning datatype="int32">0</ordning>
<process datatype="string">behandling</process>
</aktivitet>
</dokaktivitet>
<dokintressent>
<intressent>
<intressent_id datatype="string">0387358739126</intressent_id>
<namn datatype="string">Jonas Millard</namn>
<partibet datatype="string">SD</partibet>
<ordning datatype="int16">1</ordning>
<roll datatype="string">undertecknare</roll>
</intressent>
<intressent>
<intressent_id datatype="string">0202577142527</intressent_id>
<namn datatype="string">Matheus Enholm</namn>
<partibet datatype="string">SD</partibet>
<ordning datatype="int16">2</ordning>
<roll datatype="string">undertecknare</roll>
</intressent>
<intressent>
<intressent_id datatype="string">0557180142229</intressent_id>
<namn datatype="string">Fredrik Lindahl</namn>
<partibet datatype="string">SD</partibet>
<ordning datatype="int16">3</ordning>
<roll datatype="string">undertecknare</roll>
</intressent>
<intressent>
<intressent_id datatype="string">0254021157518</intressent_id>
<namn datatype="string">Lars Andersson</namn>
<partibet datatype="string">SD</partibet>
<ordning datatype="int16">4</ordning>
<roll datatype="string">undertecknare</roll>
</intressent>
<intressent>
<intressent_id datatype="string">0194021108712</intressent_id>
<namn datatype="string">Mikael Strandman</namn>
<partibet datatype="string">SD</partibet>
<ordning datatype="int16">5</ordning>
<roll datatype="string">undertecknare</roll>
</intressent>
</dokintressent>
<dokuppgift>
<uppgift>
<kod datatype="string">motkat</kod>
<namn datatype="string">Motionskategori</namn>
<text datatype="string">Fristående motion</text>
<dok_id datatype="string">H602125</dok_id>
<systemdatum datatype="datetime">2019-04-26 11:32:04</systemdatum>
</uppgift>
<uppgift>
<kod datatype="string">tilldelat</kod>
<namn datatype="string">Tilldelat</namn>
<text datatype="string">Konstitutionsutskottet</text>
<dok_id datatype="string">H602125</dok_id>
<systemdatum datatype="datetime">2019-04-26 11:32:04</systemdatum>
</uppgift>
<uppgift>
<kod datatype="string">statustext</kod>
<namn datatype="string">statustext</namn>
<text datatype="string">Motionen bereds i utskott</text>
<dok_id datatype="string">H602125</dok_id>
<systemdatum datatype="datetime">2019-01-04 13:50:08</systemdatum>
</uppgift>
</dokuppgift>
<dokbilaga>
<bilaga>
<dok_id datatype="string">H602125</dok_id>
<titel datatype="string">Vissa kommunalrättsliga frågor</titel>
<subtitel datatype="string">av Jonas Millard m.fl. (SD)</subtitel>
<filnamn datatype="string">mot_201819__125.docx</filnamn>
<filstorlek datatype="int32">77738</filstorlek>
<filtyp datatype="string">docx</filtyp>
<fil_url datatype="string">http://data.riksdagen.se/fil/40B21665-730B-4370-927D-F7C68DD16E0F</fil_url>
</bilaga>
<bilaga>
<dok_id datatype="string">H602125</dok_id>
<titel datatype="string">Vissa kommunalrättsliga frågor</titel>
<subtitel datatype="string">av Jonas Millard m.fl. (SD)</subtitel>
<filnamn datatype="string">mot_201819__125.pdf</filnamn>
<filstorlek datatype="int32">97525</filstorlek>
<filtyp datatype="string">pdf</filtyp>
<fil_url datatype="string">http://data.riksdagen.se/fil/38E6B138-E77B-4F0B-88D2-C114C9D913FC</fil_url>
</bilaga>
</dokbilaga>
<dokreferens>
<referens>
<referenstyp datatype="string">behandlas_i</referenstyp>
<uppgift datatype="string">2018/19:KU31</uppgift>
<ref_dok_id datatype="string">H601KU31</ref_dok_id>
<ref_dok_typ datatype="string">bet</ref_dok_typ>
<ref_dok_rm datatype="string">2018/19</ref_dok_rm>
<ref_dok_bet datatype="string">KU31</ref_dok_bet>
<ref_dok_titel datatype="string">Kommunala och regionala frågor</ref_dok_titel>
<ref_dok_subtitel datatype="string" />
<ref_dok_subtyp datatype="string">bet</ref_dok_subtyp>
<ref_dok_dokumentnamn datatype="string">Betänkande</ref_dok_dokumentnamn>
</referens>
</dokreferens>
<debatt /></dokumentstatus>