<dokumentstatus>
  <dokument>
    <hangar_id datatype="int32">5010795</hangar_id>
    <dok_id datatype="string">H6021311</dok_id>
    <rm datatype="string">2018/19</rm>
    <beteckning datatype="string">1311</beteckning>
    <typ datatype="string">mot</typ>
    <subtyp datatype="string">Enskild motion</subtyp>
    <doktyp datatype="string">mot</doktyp>
    <typrubrik datatype="string">Motion 2018/19:1311 av Mathias Tegnér och Serkan Köse (båda S)</typrubrik>
    <dokumentnamn datatype="string">Motion</dokumentnamn>
    <debattnamn datatype="string">Motion</debattnamn>
    <tempbeteckning datatype="string">S2229</tempbeteckning>
    <organ datatype="string">MJU</organ>
    <mottagare datatype="string"></mottagare>
    <nummer datatype="int32">1311</nummer>
    <slutnummer datatype="int32">0</slutnummer>
    <datum datatype="datetime">2018-11-28 00:00:00</datum>
    <systemdatum datatype="datetime">2019-05-15 10:39:56</systemdatum>
    <publicerad datatype="datetime">2018-11-28 00:00:00</publicerad>
    <titel datatype="string">Om att minska utsläppen från EU:s utsläppshandel</titel>
    <subtitel datatype="string">av Mathias Tegnér och Serkan Köse (båda S)</subtitel>
    <status datatype="string">Klar</status>
    <htmlformat datatype="string">html</htmlformat>
    <relaterat_id datatype="string"></relaterat_id>
    <source datatype="string">Filur</source>
    <sourceid datatype="string">cc3a047c-c164-4a4c-a332-83aff865cdaa</sourceid>
    <dokument_url_text datatype="stext">http://data.riksdagen.se/dokument/H6021311/text</dokument_url_text>
    <dokument_url_html datatype="stext">http://data.riksdagen.se/dokument/H6021311</dokument_url_html>
    <dokumentstatus_url_xml datatype="stext">http://data.riksdagen.se/dokumentstatus/H6021311</dokumentstatus_url_xml>
    <html datatype="text">&lt;style&gt;&lt;!-- 
 /********************************************************************************************************/
/* Styles for D:\Logs\DocumentConverter\\Output_9be98c2d-92ef-4c99-bd62-863c4d1daa31\HTML\Dokument.html */
/* Generated by Aspose.Words for .NET 15.3.0.0                                                          */
/********************************************************************************************************/

@page Section1 { size:595.3pt 841.9pt; margin:35.45pt 85.05pt }
div.Section1 { page:Section1 }
div.pconf body { t-i:17pt; line-height:15pt; font-family:'Verdana'; font-size: 0.90em }
div.pconf h1, h2, h3, h4, h5, h6, p { margin:0pt }
div.pconf li, table { margin-top:0pt; margin-bottom:0pt }
div.pconf h1 { margin-top:41pt; margin-bottom:0pt; t-i:0pt; page-break-inside:avoid; page-break-after:avoid; line-height:19.5pt; font-family:'Verdana'; font-size: 1.05em; font-weight:normal }
div.pconf h2 { margin-top:30pt; margin-bottom:0pt; t-i:0pt; page-break-inside:avoid; page-break-after:avoid; line-height:15pt; font-family:'Verdana'; font-size: 1.00em; font-weight:normal }
div.pconf h3 { margin-top:18pt; margin-bottom:0pt; t-i:0pt; page-break-inside:avoid; page-break-after:avoid; line-height:15pt; font-family:'Verdana'; font-size: 0.90em; font-weight:bold }
div.pconf h4 { margin-top:18pt; margin-bottom:0pt; t-i:0pt; page-break-inside:avoid; page-break-after:avoid; line-height:15pt; font-family:'Verdana'; font-size: 0.90em; font-weight:normal; font-style:italic }
div.pconf h5 { margin-top:15pt; margin-bottom:0pt; t-i:0pt; page-break-inside:avoid; page-break-after:avoid; line-height:15pt; font-family:'Verdana'; font-size: 0.90em; font-weight:bold; font-style:normal }
div.pconf h6 { margin-top:15pt; margin-bottom:0pt; t-i:0pt; page-break-inside:avoid; page-break-after:avoid; line-height:15pt; font-family:'Verdana'; font-size: 0.90em; font-weight:normal; font-style:italic }
.Heading7 { margin-top:15pt; margin-bottom:0pt; t-i:0pt; page-break-inside:avoid; page-break-after:avoid; line-height:15pt; font-family:'Verdana'; font-size: 0.90em; font-weight:normal; font-style:italic }
.Heading8 { margin-top:15pt; margin-bottom:0pt; t-i:0pt; page-break-inside:avoid; page-break-after:avoid; line-height:15pt; font-family:'Verdana'; font-size: 0.90em; font-weight:normal; font-style:italic }
.Heading9 { margin-top:0pt; margin-bottom:0pt; t-i:0pt; page-break-inside:avoid; page-break-after:avoid; line-height:15pt; font-family:'Verdana'; font-size: 0.90em; font-weight:normal; font-style:italic }
.BalloonText { margin-bottom:0pt; t-i:17pt; line-height:normal; font-family:'Segoe UI'; font-size: 0.90em }
.Beteckning { margin-top:18pt; margin-bottom:0pt; t-i:14.2pt; page-break-inside:auto; page-break-after:auto; line-height:19.5pt; font-size: 1.05em }
.BlockText, .Inramatstycke { margin-right:56.7pt; margin-left:56.7pt; margin-bottom:0pt; t-i:0pt; text-align:nojustify; line-height:15pt; border-top-style:solid; border-top-width:0.75pt; border-top-color:#000000; border-right-style:solid; border-right-width:0.75pt; border-right-color:#000000; border-left-style:solid; border-left-width:0.75pt; border-left-color:#000000; border-bottom-style:solid; border-bottom-width:0.75pt; border-bottom-color:#000000; padding-top:10pt; padding-right:10pt; padding-left:10pt; padding-bottom:10pt; font-size: 0.90em; font-style:italic }
.Citaticitat { margin-top:7.5pt; margin-left:34pt; margin-bottom:0pt; t-i:0pt; line-height:12pt; font-size: 0.90em }
.Citaticitatmedindrag { margin-top:0pt; margin-left:34pt; margin-bottom:7.5pt; t-i:17pt; line-height:12pt; font-size: 0.90em }
.Citatmedindrag { margin-top:0pt; margin-left:17pt; margin-bottom:0pt; t-i:17pt; line-height:12pt; font-size: 0.90em }
.CommentSubject { margin-bottom:0pt; t-i:17pt; line-height:normal; font-size: 0.90em; font-weight:bold }
.CommentText { margin-bottom:0pt; t-i:17pt; line-height:normal; font-size: 0.90em }
.FSHTitel, .Dokumentrubrik { margin-top:4pt; margin-bottom:4pt; t-i:0pt; page-break-inside:avoid; page-break-after:avoid; line-height:20pt; border-bottom-style:solid; border-bottom-width:0.75pt; border-bottom-color:#000000; padding-bottom:3pt; font-size: 1.05em }
.FSHLogo { margin-top:4pt; margin-bottom:0pt; t-i:0pt; line-height:normal; font-size: 0.90em }
.FSHNormL { margin-top:4pt; margin-bottom:0pt; t-i:0pt; line-height:15pt; border-top-style:solid; border-top-width:1.5pt; border-top-color:#000000; padding-top:3pt; font-size: 0.90em }
.FSHNormal { margin-top:4pt; margin-bottom:0pt; t-i:0pt; line-height:15pt; font-size: 0.90em }
.FSHNormalS5 { margin-top:11.5pt; margin-bottom:26pt; t-i:0pt; page-break-inside:avoid; page-break-after:avoid; line-height:12.5pt; font-size: 0.95em; font-weight:bold }
.FSHRub1, .Rubrik1S5 { margin-top:135pt; margin-bottom:0pt; t-i:0pt; page-break-inside:avoid; page-break-after:avoid; line-height:16pt; font-size: 1.00em }
.FSHRub2, .Rubrik1A4 { margin-top:50pt; margin-bottom:5pt; t-i:0pt; page-break-inside:avoid; page-break-after:avoid; line-height:24pt; font-size: 1.05em }
.Footer { margin-top:4pt; margin-bottom:0pt; t-i:0pt; text-align:center; line-height:normal; font-size: 0.90em }
.FootnoteText { margin-top:0pt; margin-bottom:0pt; t-i:0pt; line-height:12pt; font-size: 0.90em }
.Yrkandehnv, .Frslagspunkthnv { margin-bottom:0pt; t-i:0pt; page-break-inside:avoid; page-break-after:avoid; font-size: 0.90em }
.Frslagsrubrik { margin-top:41pt; margin-bottom:0pt; t-i:0pt; page-break-inside:avoid; page-break-after:avoid; line-height:19.5pt; font-family:'Verdana'; font-size: 1.05em }
.Frslagstext, .Hemstlatt, .Yrkande { margin-top:4pt; margin-left:19.85pt; margin-bottom:0pt; t-i:-19.85pt; line-height:15pt; font-size: 0.90em }
.Header { margin-top:4pt; margin-bottom:0pt; t-i:0pt; line-height:normal; font-size: 0.90em }
.KantRubrikS5H { margin-top:6pt; margin-right:2.85pt; margin-bottom:0pt; t-i:0pt; text-align:right; line-height:8pt; font-size: 0.90em }
.KantRubrikS5Hrad2 { margin-top:0pt; margin-right:2.85pt; margin-bottom:0pt; t-i:0pt; text-align:right; line-height:10pt; font-size: 0.90em }
.KantRubrikS5V { margin-top:6pt; margin-right:0pt; margin-bottom:0pt; t-i:0pt; text-align:left; line-height:8pt; font-size: 0.90em }
.KantRubrikS5Vrad2 { margin-top:0pt; margin-right:0pt; margin-bottom:0pt; t-i:0pt; text-align:left; line-height:10pt; font-size: 0.90em }
.KantrubrikH { margin-top:4pt; margin-right:0pt; margin-bottom:0pt; t-i:0pt; text-align:right; line-height:15pt; font-size: 0.90em }
.KantrubrikV { margin-top:4pt; margin-left:0pt; margin-bottom:0pt; t-i:0pt; line-height:normal; font-size: 0.90em }
.Klla { margin-top:0pt; margin-bottom:0pt; t-i:0pt; line-height:12pt; font-size: 0.90em }
.Lagtext { margin-top:4pt; margin-bottom:0pt; t-i:0pt; line-height:normal; font-size: 0.90em }
.Lagtextindrag { margin-top:4pt; margin-bottom:0pt; t-i:14.2pt; line-height:normal; font-size: 0.90em }
.Lagtextrubrik { margin-top:4pt; margin-bottom:0pt; t-i:0pt; line-height:normal; font-size: 0.90em; font-style:italic; letter-spacing:1pt }
.List { margin-top:7.5pt; margin-left:17pt; margin-bottom:7.5pt; t-i:-17pt; line-height:15pt; font-size: 0.90em }
.ListBullet, .PunktlistaBomb { margin-top:4pt; margin-left:14.2pt; margin-bottom:0pt; t-i:-14.2pt; line-height:15pt; font-size: 0.90em }
.ListNumber, .PunktlistaNummer { margin-top:4pt; margin-left:14.2pt; margin-bottom:0pt; t-i:-14.2pt; line-height:15pt; font-size: 0.90em }
.ListParagraph { margin-left:36pt; margin-bottom:0pt; t-i:17pt; line-height:15pt; font-size: 0.90em }
.ListaGemener { margin-top:7.5pt; margin-left:17pt; margin-bottom:7.5pt; t-i:-17pt; line-height:15pt; font-size: 0.90em }
.ListaLinje { margin-top:7.5pt; margin-left:17pt; margin-bottom:7.5pt; t-i:-17pt; line-height:15pt; font-size: 0.90em }
.ListaNummer { margin-top:7.5pt; margin-left:17pt; margin-bottom:7.5pt; t-i:-17pt; line-height:15pt; font-size: 0.90em }
.ListaPunkt { margin-top:7.5pt; margin-left:17pt; margin-bottom:7.5pt; t-i:-17pt; line-height:15pt; font-size: 0.90em }
.MotionTIllRiksdagen { margin-top:18pt; margin-bottom:0pt; t-i:0pt; page-break-inside:avoid; page-break-after:avoid; line-height:19.5pt; font-size: 1.05em }
.Motionr { margin-top:14pt; margin-bottom:31.5pt; t-i:0pt; page-break-inside:avoid; line-height:15pt; font-size: 1.00em; font-weight:bold; font-style:normal }
.NormalIndent { margin-left:65.2pt; margin-bottom:0pt; t-i:17pt; line-height:15pt; font-size: 0.90em }
.Normalutanindragellerluft { margin-top:4pt; margin-bottom:0pt; t-i:0pt; line-height:15pt; font-size: 0.90em }
.Normal00 { margin-top:4pt; margin-bottom:0pt; t-i:0pt; line-height:normal; font-size: 0.90em }
.NormalA4fot { margin-top:12pt; margin-bottom:0pt; t-i:0pt; text-align:center; line-height:normal; font-size: 0.90em }
.NormalA4sidnr { margin-top:4pt; margin-bottom:12pt; t-i:0pt; text-align:center; line-height:normal; font-size: 0.90em }
.NormalS5sidnrH { margin-top:4pt; margin-right:2.85pt; margin-bottom:0pt; t-i:0pt; text-align:right; line-height:normal; font-size: 0.90em }
.NormalS5sidnrV { margin-top:4pt; margin-right:0pt; margin-bottom:0pt; t-i:0pt; text-align:left; line-height:normal; font-size: 0.90em }
.PlainText { margin-bottom:0pt; t-i:0pt; line-height:12pt; font-family:'Verdana'; font-size: 0.90em }
.Strecklista, .PunktlistaTankstreck { margin-top:4pt; margin-left:14.2pt; margin-bottom:0pt; t-i:-14.2pt; line-height:15pt; font-size: 0.90em }
.Quote { margin-top:7.5pt; margin-left:17pt; margin-bottom:0pt; t-i:0pt; line-height:12pt; font-size: 0.90em }
.R1 { margin-top:41pt; margin-bottom:0pt; t-i:0pt; page-break-inside:avoid; page-break-after:avoid; line-height:19.5pt; font-family:'Verdana'; font-size: 1.05em }
.R2 { margin-top:30pt; margin-bottom:0pt; t-i:0pt; page-break-inside:avoid; page-break-after:avoid; line-height:15pt; font-family:'Verdana'; font-size: 1.00em }
.R3 { margin-top:18pt; margin-bottom:0pt; t-i:0pt; page-break-inside:avoid; page-break-after:avoid; line-height:15pt; font-family:'Verdana'; font-size: 0.90em; font-weight:bold }
.Rubrik1numrerat { margin-top:41pt; margin-left:18pt; margin-bottom:0pt; t-i:-18pt; page-break-inside:auto; page-break-after:avoid; line-height:19.5pt; font-family:'Verdana'; font-size: 1.05em }
.Rubrik2numrerat { margin-top:30pt; margin-left:39.6pt; margin-bottom:0pt; t-i:-39.6pt; page-break-inside:avoid; page-break-after:avoid; line-height:15pt; font-family:'Verdana'; font-size: 1.00em }
.Rubrik3numrerat { margin-top:18pt; margin-left:61.2pt; margin-bottom:0pt; t-i:-61.2pt; page-break-inside:avoid; page-break-after:avoid; line-height:15pt; font-family:'Verdana'; font-size: 0.90em; font-weight:bold }
.Rubrik4numrerat { margin-top:18pt; margin-left:82.2pt; margin-bottom:0pt; t-i:-82.2pt; page-break-inside:avoid; page-break-after:avoid; line-height:15pt; font-family:'Verdana'; font-size: 0.90em; font-weight:normal; font-style:italic }
.RubrikFrslagTIllRiksdagsbeslut { margin-top:41pt; margin-bottom:15pt; t-i:0pt; page-break-inside:avoid; page-break-after:avoid; line-height:19.5pt; font-family:'Verdana'; font-size: 1.05em }
.RubrikInnehllsf { margin-top:41pt; margin-bottom:0pt; t-i:0pt; page-break-inside:avoid; page-break-after:avoid; line-height:19.5pt; font-family:'Verdana'; font-size: 1.05em }
.RubrikSammanf { margin-top:41pt; margin-bottom:0pt; t-i:0pt; page-break-inside:avoid; page-break-after:avoid; line-height:19.5pt; font-family:'Verdana'; font-size: 1.05em }
.Salutation { margin-top:41pt; margin-bottom:0pt; t-i:0pt; page-break-inside:avoid; page-break-after:avoid; line-height:19.5pt; font-family:'Verdana'; font-size: 1.05em }
.Streckkod { margin-top:12pt; margin-bottom:0pt; t-i:0pt; text-align:center; line-height:normal; font-family:IDAutomationHC39S; font-size: 1.00em }
.Subtitle { margin-top:4pt; margin-bottom:0pt; t-i:0pt; line-height:15pt; font-family:'Verdana'; font-size: 0.90em; font-weight:bold }
.TOC1 { margin-top:4pt; margin-bottom:0pt; t-i:0pt; line-height:15pt; font-size: 0.90em }
.TOC2 { margin-top:4pt; margin-left:14.2pt; margin-bottom:0pt; t-i:0pt; line-height:15pt; font-size: 0.90em }
.TOC3 { margin-top:4pt; margin-left:28.35pt; margin-bottom:0pt; t-i:0pt; line-height:15pt; font-size: 0.90em }
.TOC4 { margin-top:4pt; margin-left:42.55pt; margin-bottom:0pt; t-i:0pt; line-height:15pt; font-size: 0.90em }
.TOC5 { margin-top:4pt; margin-left:56.7pt; margin-bottom:0pt; t-i:0pt; line-height:15pt; font-size: 0.90em }
.TOC6 { margin-top:4pt; margin-left:56.7pt; margin-bottom:0pt; t-i:0pt; line-height:15pt; font-size: 0.90em }
.TOC7 { margin-top:15pt; margin-left:56.7pt; margin-bottom:0pt; t-i:14.2pt; page-break-inside:avoid; page-break-after:avoid; line-height:normal; font-family:'Verdana'; font-size: 0.90em; font-weight:normal; font-style:italic }
.TOC8 { margin-top:15pt; margin-left:56.7pt; margin-bottom:0pt; t-i:14.2pt; page-break-inside:avoid; page-break-after:avoid; line-height:normal; font-family:'Verdana'; font-size: 0.90em; font-weight:normal; font-style:italic }
.TOC9 { margin-top:15pt; margin-left:56.7pt; margin-bottom:0pt; t-i:14.2pt; page-break-inside:avoid; page-break-after:avoid; line-height:normal; font-family:'Verdana'; font-size: 0.90em; font-weight:normal; font-style:italic }
.TOCHeading { margin-top:41pt; margin-bottom:0pt; t-i:0pt; page-break-inside:avoid; page-break-after:avoid; line-height:19.5pt; font-family:'Verdana'; font-size: 1.05em }
.Tabellunderrubrik { margin-top:0pt; margin-bottom:0pt; t-i:0pt; line-height:15pt; font-size: 0.90em; font-weight:normal; font-style:italic }
.Tabellrubrik { margin-top:7.5pt; margin-bottom:0pt; t-i:0pt; line-height:15pt; font-size: 0.90em; font-weight:bold }
.Title { margin-top:41pt; margin-bottom:0pt; t-i:0pt; page-break-inside:avoid; page-break-after:avoid; line-height:19.5pt; font-family:'Verdana'; font-size: 1.05em }
.Underskriftdatum { margin-top:24pt; margin-bottom:3pt; t-i:0pt; page-break-inside:avoid; line-height:15pt; font-size: 0.90em; font-style:normal }
.Underskrifter { margin-top:15pt; margin-bottom:3pt; t-i:0pt; page-break-inside:avoid; line-height:15pt; font-size: 0.90em; font-style:italic }
span.BallongtextChar { font-family:'Segoe UI'; font-size: 0.90em }
span.BeteckningChar { font-size:19.5pt }
span.CommentReference { font-size:8pt }
span.FSHRub2Char, span.Rubrik1A4Char { font-size:24pt }
span.FootnoteReference { vertical-align:super }
span.FotnotstextChar { font-size:10pt }
span.InledningChar { font-family:'Verdana'; font-size: 1.00em; font-weight:bold }
span.IntenseReference { font-weight:normal; font-style:normal; font-variant:normal; text-decoration:none; text-transform:none; letter-spacing:0pt; vertical-align:0pt; color:#000000; display:inline }
span.KommentarerChar { font-size:10pt }
span.KommentarsmneChar { font-size:10pt; font-weight:bold }
span.MotionTIllRiksdagenChar { font-size:19.5pt }
span.OformateradtextChar { font-family:'Verdana'; font-size: 0.90em }
span.PlaceholderText { color:#f4b083 }
span.Rubrik1Char { font-family:'Verdana'; font-size: 1.05em }
span.Rubrik2Char { font-family:'Verdana'; font-size: 1.00em; font-weight:bold }
span.Rubrik3Char { font-family:'Verdana'; font-size: 0.90em; font-weight:bold }
span.Rubrik4Char { font-family:'Verdana'; font-size: 0.90em; font-style:italic }
span.Rubrik5Char { font-family:'Verdana'; font-weight:bold }
span.Rubrik6Char { font-family:'Verdana'; font-style:italic }
span.Rubrik7Char { font-family:'Verdana'; font-size: 0.90em; font-weight:bold }
span.Rubrik8Char { font-family:'Verdana'; font-size: 0.90em; font-weight:bold }
span.Rubrik9Char { font-family:'Verdana'; font-size: 0.90em; font-weight:bold }
span.RubrikChar { font-family:'Verdana'; font-size: 1.00em; font-weight:bold }
span.SidfotChar { font-size:11.5pt }
span.UnderrubrikChar { font-family:'Verdana'; font-size: 0.90em; font-weight:bold }
.TableGrid {  }

.pconf{width: 450px;margin-left:5px;overflow:visable;font-family:Verdana, Geneva, sans-serif;} 
 .sidhuvud_publikation, .sidhuvud_beteckning{font-size:133%}
.MotionarLista {font-size:122%}

--&gt;&lt;/style&gt;&lt;div class="pconf"&gt;&lt;span class="sidhuvud_publikation"&gt;Motion till riksdagen&lt;/span&gt;&lt;br/&gt;
&lt;span class="sidhuvud_beteckning"&gt;2018/19:1311&lt;/span&gt;&lt;br/&gt;
&lt;span class="MotionarLista"&gt;av Mathias Tegnér och Serkan Köse (båda S)&lt;/span&gt;&lt;br/&gt;
&lt;h1&gt;Om att minska utsläppen från EU:s utsläppshandel&lt;/h1&gt;
&lt;hr class="sidhuvud_linje"/&gt;


		&lt;div class="Section1"&gt;
			&lt;h1 style="margin-bottom:15pt; -aw-sdt-tag:CC_Boilerplate_4; -aw-sdt-title:CC_Boilerplate_4"&gt;
				&lt;span&gt;Förslag till riksdagsbeslut&lt;/span&gt;
			&lt;/h1&gt;
			&lt;ol type="1" style="margin:0pt; padding-left:0pt"&gt;
				&lt;li class="Frslagstext" style="margin-left:14pt; t-i:0pt; padding-left:5.85pt; font-family:'Verdana'; font-size: 0.90em"&gt;
					&lt;span style="font-family:'Verdana'; font-size: 0.90em"&gt;Riksdagen ställer sig bakom det som anförs i motionen om behovet av långsiktiga och kraftfulla åtgärder för att minska utsläppsrätterna i EU:s utsläppshandelssystem och tillkännager detta för regeringen.&lt;/span&gt;
				&lt;/li&gt;
				&lt;li class="Frslagstext" style="margin-left:14pt; t-i:0pt; padding-left:5.85pt; font-family:'Verdana'; font-size: 0.90em"&gt;
					&lt;span style="font-family:'Verdana'; font-size: 0.90em"&gt;Riksdagen ställer sig bakom det som anförs i motionen om avdragsrätt för skrotande av utsläppsrätter och tillkännager detta för regeringen.&lt;/span&gt;
				&lt;/li&gt;
			&lt;/ol&gt;
			&lt;h1 style="-aw-sdt-tag:CC_Motivering_Rubrik; -aw-sdt-title:CC_Motivering_Rubrik"&gt;
				&lt;a name="MotionsStart"&gt;&lt;/a&gt;&lt;span&gt;Motivering&lt;/span&gt;
			&lt;/h1&gt;
			&lt;p class="Normalutanindragellerluft"&gt;
				&lt;span&gt;Världen står inför en stor mänsklig och miljömässig katastrof på grund av jordens temperaturhöjning. Länge har det fört&lt;/span&gt;&lt;span&gt;s&lt;/span&gt;&lt;span&gt; en diskussion kring i vilken mån temperaturhöjningen är människoskapt, men under de senaste åren har &lt;/span&gt;&lt;span&gt;antalet&lt;/span&gt;&lt;span&gt; personer som ifrågasätter det faktum att temperaturhöjningen är människoskapt minskat.&lt;/span&gt;
			&lt;/p&gt;
			&lt;p&gt;
				&lt;span&gt;Länge har debatten i till exempel USA präglats av skepsis mot att växthuseffekten är människoskapad. Även på andra sidan Atlanten verkar dock klimatet skifta, vil&lt;/span&gt;&lt;span&gt;ket bland annat har tagit sig &lt;/span&gt;&lt;span&gt;uttryck under den amerikanska valrörelsen. Som svar på att republikanska politiker ihärdigt sagt att de inte är forskare med syfte att inte behöva ta beslut kring den globala uppvärmningen har presidentkandidat Hillary Clinton &lt;/span&gt;&lt;span&gt;bland annat sagt: ”&lt;/span&gt;&lt;span&gt;I'm not a scientist, I'm just a grandmother with two eyes and a brain&lt;/span&gt;&lt;span&gt;.”&lt;/span&gt;
			&lt;/p&gt;
			&lt;p&gt;
				&lt;span&gt;När världens länder träffades i Paris i december 2015 enades de om ett globalt klimatavtal. Avtalet stipulerar att den globala temperaturhöj&lt;/span&gt;&lt;span&gt;ningen skall hållas väl under 2&lt;/span&gt;&lt;span&gt; &lt;/span&gt;&lt;span&gt;grader förindustriell nivå med 1,5 grad&lt;/span&gt;&lt;span&gt;er&lt;/span&gt;&lt;span&gt; som mål, vilket bland &lt;/span&gt;&lt;span&gt;annat kan läsas i artikel&lt;/span&gt;&lt;span&gt; &lt;/span&gt;&lt;span&gt;2.1&lt;/span&gt;&lt;span&gt; &lt;/span&gt;&lt;span&gt;a.&lt;/span&gt;&lt;a name="_ftnref1"&gt;&lt;/a&gt;&lt;a href="#_ftn1"&gt;&lt;span style="font-size:8pt; vertical-align:super"&gt;[1]&lt;/span&gt;&lt;/a&gt;
			&lt;/p&gt;
			&lt;p&gt;
				&lt;span&gt;I Paris&lt;/span&gt;&lt;span&gt;avtalet åtog sig EU att minska sina u&lt;/span&gt;&lt;span&gt;tsläpp med 40&lt;/span&gt;&lt;span&gt; &lt;/span&gt;&lt;span&gt;% till 2030, vilket är ett ambitiöst mål som kräver ett handfast agerande på många plan.&lt;/span&gt;&lt;a name="_ftnref2"&gt;&lt;/a&gt;&lt;a href="#_ftn2"&gt;&lt;span style="font-size:8pt; vertical-align:super"&gt;[2]&lt;/span&gt;&lt;/a&gt;&lt;span&gt; Under de närmsta åren kommer Sverige behöva ta snabba steg mot att minska och sedan helt ta bort våra utslä&lt;/span&gt;&lt;span&gt;pp. Riksdagen har beslutat att &lt;/span&gt;&lt;span&gt;Sverige 2045 inte ska ha några nettoutsläpp av växthusgaser. Om det målet ska kunna bli verklighet måste vi arbeta på alla fronter. &lt;/span&gt;
			&lt;/p&gt;
			&lt;p&gt;
				&lt;span&gt;Det inom EU rådande regelverket för handel med utsläppsrätter har både för&lt;/span&gt;&lt;span&gt;-&lt;/span&gt;&lt;span&gt; och nackdelar. S&lt;/span&gt;&lt;span&gt;ystemet, som kallas EU ETS (EU e&lt;/span&gt;&lt;span&gt;missions trading system)&lt;/span&gt;&lt;span&gt;,&lt;/span&gt;&lt;span&gt; infördes 2005 och har sedan dess verkat för att minska koldioxidutsläppen. Handeln med utsläppsrätter (EUA) var ett led i EU:s strävan att efterleva Kyotoprotokollet.&lt;/span&gt;&lt;a name="_ftnref3"&gt;&lt;/a&gt;&lt;a href="#_ftn3"&gt;&lt;span style="font-size:8pt; vertical-align:super"&gt;[3]&lt;/span&gt;&lt;/a&gt;&lt;span style="font-size:8pt; vertical-align:super"&gt; &lt;/span&gt;&lt;span&gt;En av fördelarna är att EU har skapat en relativt väl fungerande marknadsmekanism för utsläpp. En av nackdelarna är att minskningen av utsläppsrätter sker väldigt långsamt. Det nuvarande utsläppstaket kommer minska utsläppen med 20 procent, där 2005 är startår. Nuvarande handels&lt;/span&gt;&lt;span&gt;period sträcker sig mellan 2013 och &lt;/span&gt;&lt;span&gt;2020. 2017 beslutade det europeiska rådet om reformeringar av syst&lt;/span&gt;&lt;span&gt;emet i nästa handelsperiod 2021–&lt;/span&gt;&lt;span&gt;2030. En av de avgörande frågorna under denna fjärde period är hur de stora överskott av utsläpp&lt;/span&gt;&lt;span&gt;srätter som har uppstått&lt;/span&gt;&lt;span&gt; ska hanteras. Sedan 2009 &lt;/span&gt;&lt;span&gt;har systemet &lt;/span&gt;&lt;span&gt;haft ganska stora överskott till följd av den ekonomiska krisen.&lt;/span&gt;&lt;a name="_ftnref4"&gt;&lt;/a&gt;&lt;a href="#_ftn4"&gt;&lt;span style="font-size:8pt; vertical-align:super"&gt;[4]&lt;/span&gt;&lt;/a&gt;&lt;span style="font-size:8pt; vertical-align:super"&gt; &lt;/span&gt;&lt;span&gt;Om dessa överskott inte reduceras innebär det att systemets effektivitet minskar och att utsläppen inte minskas enligt plan.&lt;/span&gt;&lt;a name="_ftnref5"&gt;&lt;/a&gt;&lt;a href="#_ftn5"&gt;&lt;span style="font-size:8pt; vertical-align:super"&gt;[5]&lt;/span&gt;&lt;/a&gt;&lt;span style="font-size:8pt; vertical-align:super"&gt; &lt;/span&gt;&lt;span&gt;För att förbättra systemet och komma åt överskottet görs redan idag ett antal saker inom ramen för EU, men saker kan också göras i Sverige. Det är viktigt att se till att system&lt;/span&gt;&lt;span&gt;et är funktionellt och någonting medborgare förstår och litar på. Ett förslag som synts i debatten är att införa avdragsrätt för den som skrotar utsläppsrätter. Det skulle vara en möjlighet för att öka incitamenten att göra miljöinsatser och för medborgarna &lt;/span&gt;&lt;span&gt;att &lt;/span&gt;&lt;span&gt;närma sig detta komplicerade system.&lt;/span&gt;
			&lt;/p&gt;
			&lt;p&gt;
				&lt;span&gt;Sverige måste följa utvecklingen av utsläppsrätter i EU ETS&lt;/span&gt;&lt;span&gt;,&lt;/span&gt;&lt;span&gt; och om överskotten inte försvinner och priserna på utsläppsr&lt;/span&gt;&lt;span&gt;ätter ökar &lt;/span&gt;&lt;span&gt;så måste ytterligare åtgärder vidtas, redan under den fjärde handelsperioden.&lt;/span&gt;
			&lt;/p&gt;
			&lt;p style="-aw-sdt-tag:CC_Underskrifter; -aw-sdt-title:CC_Underskrifter"&gt;
				&lt;span&gt; &lt;/span&gt;
			&lt;/p&gt;
			&lt;p style="-aw-sdt-tag:CC_Underskrifter; -aw-sdt-title:CC_Underskrifter"&gt;
				&lt;span&gt; &lt;/span&gt;
			&lt;/p&gt;
			&lt;table cellspacing="0" cellpadding="0" style="border-collapse:collapse; margin-left:0pt; width:100%"&gt;
				&lt;tr&gt;
					&lt;td style="padding-left:5.4pt; padding-right:5.4pt; vertical-align:bottom; width:1%"&gt;
						&lt;p class="Underskrifter" style="margin-top:15pt; margin-bottom:3pt; t-i:0pt; page-break-inside:avoid; line-height:15pt"&gt;
							&lt;span style="font-style:italic"&gt;Mathias Tegnér (S)&lt;/span&gt;
						&lt;/p&gt;
					&lt;/td&gt;
					&lt;td style="padding-left:5.4pt; padding-right:5.4pt; vertical-align:bottom; width:1%"&gt;
						&lt;p class="Underskrifter" style="margin-top:15pt; margin-bottom:3pt; t-i:0pt; page-break-inside:avoid; line-height:15pt"&gt;
							&lt;span style="font-style:italic"&gt;Serkan Köse (S)&lt;/span&gt;
						&lt;/p&gt;
					&lt;/td&gt;
				&lt;/tr&gt;
			&lt;/table&gt;
			&lt;p&gt;
				&lt;span&gt; &lt;/span&gt;
			&lt;/p&gt;
		&lt;/div&gt;
		&lt;hr style="width:33%; height:1px; text-align:left; -aw-footnote-numberstyle:0; -aw-footnote-startnumber:1; -aw-footnote-type:0" /&gt;
		&lt;div id="_ftn1" style="-aw-footnote-isauto:1"&gt;
			&lt;p class="FootnoteText"&gt;
				&lt;a href="#_ftnref1"&gt;&lt;span style="font-size:8pt; vertical-align:super"&gt;[1]&lt;/span&gt;&lt;/a&gt;&lt;span&gt; &lt;/span&gt;&lt;span&gt;Förenta nationerna, Parisavtalet (2015), s.&lt;/span&gt;&lt;span&gt; &lt;/span&gt;&lt;span&gt;3&lt;/span&gt;&lt;span&gt;.&lt;/span&gt;
			&lt;/p&gt;
		&lt;/div&gt;
		&lt;div id="_ftn2" style="-aw-footnote-isauto:1"&gt;
			&lt;p class="FootnoteText"&gt;
				&lt;a href="#_ftnref2"&gt;&lt;span style="font-size:8pt; vertical-align:super"&gt;[2]&lt;/span&gt;&lt;/a&gt;&lt;span&gt; &lt;/span&gt;&lt;span&gt;http://www.regeringen.se/sveriges-regering/miljo--och-energidepartementet/klimatmotet-cop21-i-paris/sveriges-syn-pa-det-nya-klimatavtalet&lt;/span&gt;&lt;span&gt;.&lt;/span&gt;
			&lt;/p&gt;
		&lt;/div&gt;
		&lt;div id="_ftn3" style="-aw-footnote-isauto:1"&gt;
			&lt;p class="FootnoteText"&gt;
				&lt;a href="#_ftnref3"&gt;&lt;span style="font-size:8pt; vertical-align:super"&gt;[3]&lt;/span&gt;&lt;/a&gt;&lt;span&gt; &lt;/span&gt;&lt;span&gt;http://www.utslappsratt.se/vad-ar-en-utslappsratt&lt;/span&gt;&lt;span&gt;.&lt;/span&gt;
			&lt;/p&gt;
		&lt;/div&gt;
		&lt;div id="_ftn4" style="-aw-footnote-isauto:1"&gt;
			&lt;p class="FootnoteText"&gt;
				&lt;a href="#_ftnref4"&gt;&lt;span style="font-size:8pt; vertical-align:super"&gt;[4]&lt;/span&gt;&lt;/a&gt;&lt;span&gt; &lt;/span&gt;&lt;span&gt;https://ec.europa.eu/clima/policies/ets/reform_en&lt;/span&gt;&lt;span&gt;.&lt;/span&gt;
			&lt;/p&gt;
		&lt;/div&gt;
		&lt;div id="_ftn5" style="-aw-footnote-isauto:1"&gt;
			&lt;p class="FootnoteText"&gt;
				&lt;a href="#_ftnref5"&gt;&lt;span style="font-size:8pt; vertical-align:super"&gt;[5]&lt;/span&gt;&lt;/a&gt;&lt;span&gt; &lt;/span&gt;&lt;span&gt;http://www.naturvardsverket.se/Miljoarbete-i-samhallet/Miljoarbete-i-Sverige/Uppdelat-efter-omrade/Utslappshandel&lt;/span&gt;&lt;span&gt;.&lt;/span&gt;
			&lt;/p&gt;
		&lt;/div&gt;
	&lt;/div&gt;</html>
  </dokument>
<dokforslag>
<forslag>
<nummer datatype="int32">1</nummer>
<beteckning datatype="string" />
<lydelse datatype="string">Riksdagen ställer sig bakom det som anförs i motionen om behovet av långsiktiga och kraftfulla åtgärder för att minska utsläppsrätterna i EU:s utsläppshandelssystem och tillkännager detta för regeringen.</lydelse>
<lydelse2 datatype="string" />
<utskottet datatype="string">Avslag</utskottet>
<kammaren datatype="string">Avslag</kammaren>
<behandlas_i datatype="string">2018/19:MJU4</behandlas_i>
<behandlas_i_punkt datatype="string" />
<kammarbeslutstyp datatype="string" />
<intressent datatype="string">MJU</intressent>
<avsnitt datatype="string" />
<grundforfattning datatype="string" />
<andringsforfattning datatype="string" />
</forslag>
<forslag>
<nummer datatype="int32">2</nummer>
<beteckning datatype="string" />
<lydelse datatype="string">Riksdagen ställer sig bakom det som anförs i motionen om avdragsrätt för skrotande av utsläppsrätter och tillkännager detta för regeringen.</lydelse>
<lydelse2 datatype="string" />
<utskottet datatype="string">Avslag</utskottet>
<kammaren datatype="string">Avslag</kammaren>
<behandlas_i datatype="string">2018/19:MJU4</behandlas_i>
<behandlas_i_punkt datatype="string" />
<kammarbeslutstyp datatype="string" />
<intressent datatype="string">MJU</intressent>
<avsnitt datatype="string" />
<grundforfattning datatype="string" />
<andringsforfattning datatype="string" />
</forslag>
</dokforslag>
<dokaktivitet>
<aktivitet>
<kod datatype="string">INL</kod>
<namn datatype="string">Inlämnad</namn>
<datum datatype="datetime">2018-11-28 10:17:54</datum>
<status datatype="string">inträffat</status>
<ordning datatype="int32">0</ordning>
<process datatype="string">behandling</process>
</aktivitet>
<aktivitet>
<kod datatype="string">Granskad</kod>
<namn datatype="string">Granskad</namn>
<datum datatype="datetime">2018-11-28 12:22:34</datum>
<status datatype="string">inträffat</status>
<ordning datatype="int32">0</ordning>
<process datatype="string">behandling</process>
</aktivitet>
<aktivitet>
<kod datatype="string">HÄN</kod>
<namn datatype="string">Hänvisad</namn>
<datum datatype="datetime">2018-12-05 00:00:00</datum>
<status datatype="string">inträffat</status>
<ordning datatype="int32">0</ordning>
<process datatype="string">behandling</process>
</aktivitet>
</dokaktivitet>
<dokintressent>
<intressent>
<intressent_id datatype="string">0613297818326</intressent_id>
<namn datatype="string">Mathias Tegnér</namn>
<partibet datatype="string">S</partibet>
<ordning datatype="int16">1</ordning>
<roll datatype="string">undertecknare</roll>
</intressent>
<intressent>
<intressent_id datatype="string">0256716955026</intressent_id>
<namn datatype="string">Serkan Köse</namn>
<partibet datatype="string">S</partibet>
<ordning datatype="int16">2</ordning>
<roll datatype="string">undertecknare</roll>
</intressent>
</dokintressent>
<dokuppgift>
<uppgift>
<kod datatype="string">motkat</kod>
<namn datatype="string">Motionskategori</namn>
<text datatype="string">Fristående motion</text>
<dok_id datatype="string">H6021311</dok_id>
<systemdatum datatype="datetime">2019-05-15 10:38:56</systemdatum>
</uppgift>
<uppgift>
<kod datatype="string">tilldelat</kod>
<namn datatype="string">Tilldelat</namn>
<text datatype="string">Miljö- och jordbruksutskottet</text>
<dok_id datatype="string">H6021311</dok_id>
<systemdatum datatype="datetime">2019-05-15 10:38:56</systemdatum>
</uppgift>
<uppgift>
<kod datatype="string">statustext</kod>
<namn datatype="string">statustext</namn>
<text datatype="string">Ärendet är avslutat</text>
<dok_id datatype="string">H6021311</dok_id>
<systemdatum datatype="datetime">2019-02-28 14:11:20</systemdatum>
</uppgift>
</dokuppgift>
<dokbilaga>
<bilaga>
<dok_id datatype="string">H6021311</dok_id>
<titel datatype="string">Om att minska utsläppen från EU:s utsläppshandel</titel>
<subtitel datatype="string">av Mathias Tegnér och Serkan Köse (båda S)</subtitel>
<filnamn datatype="string">mot_201819__1311.docx</filnamn>
<filstorlek datatype="int32">70338</filstorlek>
<filtyp datatype="string">docx</filtyp>
<fil_url datatype="string">http://data.riksdagen.se/fil/EC1FEAB4-4914-446C-AAC0-CE6587EA384F</fil_url>
</bilaga>
<bilaga>
<dok_id datatype="string">H6021311</dok_id>
<titel datatype="string">Om att minska utsläppen från EU:s utsläppshandel</titel>
<subtitel datatype="string">av Mathias Tegnér och Serkan Köse (båda S)</subtitel>
<filnamn datatype="string">mot_201819__1311.pdf</filnamn>
<filstorlek datatype="int32">85383</filstorlek>
<filtyp datatype="string">pdf</filtyp>
<fil_url datatype="string">http://data.riksdagen.se/fil/6FB791AC-E953-467C-81D7-44141E0448AC</fil_url>
</bilaga>
</dokbilaga>
<dokreferens>
<referens>
<referenstyp datatype="string">behandlas_i</referenstyp>
<uppgift datatype="string">2018/19:MJU4</uppgift>
<ref_dok_id datatype="string">H601MJU4</ref_dok_id>
<ref_dok_typ datatype="string">bet</ref_dok_typ>
<ref_dok_rm datatype="string">2018/19</ref_dok_rm>
<ref_dok_bet datatype="string">MJU4</ref_dok_bet>
<ref_dok_titel datatype="string">Klimatpolitik</ref_dok_titel>
<ref_dok_subtitel datatype="string" />
<ref_dok_subtyp datatype="string">bet</ref_dok_subtyp>
<ref_dok_dokumentnamn datatype="string">Betänkande</ref_dok_dokumentnamn>
</referens>
</dokreferens>
<debatt /></dokumentstatus>