{"dokumentstatus":{"dokument":{"hangar_id":"5010910","dok_id":"H6021371","rm":"2018/19","beteckning":"1371","typ":"mot","subtyp":"Kommittémotion","doktyp":"mot","typrubrik":"Motion 2018/19:1371 av Ludvig Aspling m.fl. (SD)","dokumentnamn":"Motion","debattnamn":"Motion","tempbeteckning":"SD327","organ":"UU","mottagare":"","nummer":"1371","slutnummer":"0","datum":"2018-11-28 00:00:00","systemdatum":"2019-12-11 17:20:07","publicerad":"2018-11-28 00:00:00","titel":"Avtalsstyrning, kontroll och frysta betalningar inom det multilaterala biståndet","subtitel":"av Ludvig Aspling m.fl. (SD)","status":"Klar","htmlformat":"html","relaterat_id":"","source":"Filur","sourceid":"7e5f909d-5432-49d3-bd75-3140ab0b03c7","dokument_url_text":"http://data.riksdagen.se/dokument/H6021371/text","dokument_url_html":"http://data.riksdagen.se/dokument/H6021371","dokumentstatus_url_xml":"http://data.riksdagen.se/dokumentstatus/H6021371","html":"<style><!-- \r\n /********************************************************************************************************/\r\n/* Styles for D:\\Logs\\DocumentConverter\\\\Output_d3e7f833-5f22-45f8-864b-bdcb818f9428\\HTML\\Dokument.html */\r\n/* Generated by Aspose.Words for .NET 15.3.0.0                                                          */\r\n/********************************************************************************************************/\r\n\r\n@page Section1 { size:595.3pt 841.9pt; margin:35.45pt 85.05pt }\r\ndiv.Section1 { page:Section1 }\r\ndiv.pconf body { t-i:17pt; line-height:15pt; font-family:'Verdana'; font-size: 0.90em }\r\ndiv.pconf h1, h2, h3, h4, h5, h6, p { margin:0pt }\r\ndiv.pconf li, table { margin-top:0pt; margin-bottom:0pt }\r\ndiv.pconf h1 { margin-top:41pt; margin-bottom:0pt; page-break-inside:avoid; page-break-after:avoid; line-height:19.5pt; font-family:'Verdana'; font-size: 1.05em; font-weight:normal }\r\ndiv.pconf h2 { margin-top:30pt; margin-bottom:0pt; page-break-inside:avoid; page-break-after:avoid; line-height:15pt; font-family:'Verdana'; font-size: 1.00em; font-weight:normal }\r\ndiv.pconf h3 { margin-top:18pt; margin-bottom:0pt; page-break-inside:avoid; page-break-after:avoid; line-height:15pt; font-family:'Verdana'; font-size: 0.90em; font-weight:bold }\r\ndiv.pconf h4 { margin-top:18pt; margin-bottom:0pt; page-break-inside:avoid; page-break-after:avoid; line-height:15pt; font-family:'Verdana'; font-size: 0.90em; font-weight:normal; font-style:italic }\r\ndiv.pconf h5 { margin-top:15pt; margin-bottom:0pt; page-break-inside:avoid; page-break-after:avoid; line-height:15pt; font-family:'Verdana'; font-size: 0.90em; font-weight:bold; font-style:normal }\r\ndiv.pconf h6 { margin-top:15pt; margin-bottom:0pt; page-break-inside:avoid; page-break-after:avoid; line-height:15pt; font-family:'Verdana'; font-size: 0.90em; font-weight:normal; font-style:italic }\r\n.Heading7 { margin-top:15pt; margin-bottom:0pt; page-break-inside:avoid; page-break-after:avoid; line-height:15pt; font-family:'Verdana'; font-size: 0.90em; font-weight:normal; font-style:italic }\r\n.Heading8 { margin-top:15pt; margin-bottom:0pt; page-break-inside:avoid; page-break-after:avoid; line-height:15pt; font-family:'Verdana'; font-size: 0.90em; font-weight:normal; font-style:italic }\r\n.Heading9 { margin-top:0pt; margin-bottom:0pt; page-break-inside:avoid; page-break-after:avoid; line-height:15pt; font-family:'Verdana'; font-size: 0.90em; font-weight:normal; font-style:italic }\r\n.BalloonText { margin-top:0pt; margin-bottom:0pt; t-i:17pt; line-height:normal; font-family:'Segoe UI'; font-size: 0.90em }\r\n.Beteckning { margin-top:18pt; margin-bottom:0pt; t-i:14.2pt; page-break-inside:auto; page-break-after:auto; line-height:19.5pt; font-size: 1.05em }\r\n.BlockText, .Inramatstycke { margin:0pt 56.7pt; t-i:0pt; text-align:nojustify; line-height:15pt; border-top-style:solid; border-top-width:0.75pt; border-top-color:#000000; border-right-style:solid; border-right-width:0.75pt; border-right-color:#000000; border-left-style:solid; border-left-width:0.75pt; border-left-color:#000000; border-bottom-style:solid; border-bottom-width:0.75pt; border-bottom-color:#000000; padding-top:10pt; padding-right:10pt; padding-left:10pt; padding-bottom:10pt; font-size: 0.90em; font-style:italic }\r\n.Caption { margin-top:0pt; margin-bottom:0pt; t-i:17pt; line-height:15pt; font-size: 0.90em; font-weight:bold; color:#2e74b5 }\r\n.Citaticitat { margin-top:7.5pt; margin-left:34pt; margin-bottom:0pt; line-height:12pt; font-size: 0.90em }\r\n.Citaticitatmedindrag { margin-top:0pt; margin-left:34pt; margin-bottom:7.5pt; t-i:17pt; line-height:12pt; font-size: 0.90em }\r\n.Citatmedindrag { margin-top:0pt; margin-left:17pt; margin-bottom:0pt; t-i:17pt; line-height:12pt; font-size: 0.90em }\r\n.CommentSubject { margin-top:0pt; margin-bottom:0pt; t-i:17pt; line-height:normal; font-size: 0.90em; font-weight:bold }\r\n.CommentText { margin-top:0pt; margin-bottom:0pt; t-i:17pt; line-height:normal; font-size: 0.90em }\r\n.FSHTitel, .Dokumentrubrik { margin-top:4pt; margin-bottom:4pt; page-break-inside:avoid; page-break-after:avoid; line-height:20pt; border-bottom-style:solid; border-bottom-width:0.75pt; border-bottom-color:#000000; padding-bottom:3pt; font-size: 1.05em }\r\n.FSHLogo { margin-top:4pt; margin-bottom:0pt; line-height:normal; font-size: 0.90em }\r\n.FSHNormL { margin-top:4pt; margin-bottom:0pt; line-height:15pt; border-top-style:solid; border-top-width:1.5pt; border-top-color:#000000; padding-top:3pt; font-size: 0.90em }\r\n.FSHNormal { margin-top:4pt; margin-bottom:0pt; line-height:15pt; font-size: 0.90em }\r\n.FSHNormalS5 { margin-top:11.5pt; margin-bottom:26pt; page-break-inside:avoid; page-break-after:avoid; line-height:12.5pt; font-size: 0.95em; font-weight:bold }\r\n.FSHRub1, .Rubrik1S5 { margin-top:135pt; margin-bottom:0pt; page-break-inside:avoid; page-break-after:avoid; line-height:16pt; font-size: 1.00em }\r\n.FSHRub2, .Rubrik1A4 { margin-top:50pt; margin-bottom:5pt; page-break-inside:avoid; page-break-after:avoid; line-height:24pt; font-size: 1.05em }\r\n.Footer { margin-top:4pt; margin-bottom:0pt; text-align:center; line-height:normal; font-size: 0.90em }\r\n.FootnoteText { margin-top:0pt; margin-bottom:0pt; line-height:12pt; font-size: 0.90em }\r\n.Yrkandehnv, .Frslagspunkthnv { margin-top:0pt; margin-bottom:0pt; page-break-inside:avoid; page-break-after:avoid; line-height:normal; font-size: 0.90em }\r\n.Frslagsrubrik { margin-top:41pt; margin-bottom:0pt; page-break-inside:avoid; page-break-after:avoid; line-height:19.5pt; font-family:'Verdana'; font-size: 1.05em }\r\n.Frslagstext, .Hemstlatt, .Yrkande { margin-top:4pt; margin-left:36pt; margin-bottom:0pt; t-i:-18pt; line-height:15pt; font-size: 0.90em }\r\n.Header { margin-top:4pt; margin-bottom:0pt; line-height:normal; font-size: 0.90em }\r\n.IntenseQuote { margin:12pt 54pt; t-i:17pt; text-align:center; line-height:normal; font-size: 0.90em; color:#5b9bd5 }\r\n.KantRubrikS5H { margin-top:6pt; margin-right:2.85pt; margin-bottom:0pt; text-align:right; line-height:8pt; font-size: 0.90em }\r\n.KantRubrikS5Hrad2 { margin-top:0pt; margin-right:2.85pt; margin-bottom:0pt; text-align:right; line-height:10pt; font-size: 0.90em }\r\n.KantRubrikS5V { margin-top:6pt; margin-right:0pt; margin-bottom:0pt; text-align:left; line-height:8pt; font-size: 0.90em }\r\n.KantRubrikS5Vrad2 { margin-top:0pt; margin-right:0pt; margin-bottom:0pt; text-align:left; line-height:10pt; font-size: 0.90em }\r\n.KantrubrikH { margin-top:4pt; margin-right:0pt; margin-bottom:0pt; text-align:right; line-height:15pt; font-size: 0.90em }\r\n.KantrubrikV { margin-top:4pt; margin-left:0pt; margin-bottom:0pt; line-height:normal; font-size: 0.90em }\r\n.Klla { margin-top:0pt; margin-bottom:0pt; line-height:12pt; font-size: 0.90em }\r\n.Lagtext { margin-top:4pt; margin-bottom:0pt; t-i:0pt; line-height:normal; font-size: 0.90em }\r\n.Lagtextindrag { margin-top:4pt; margin-bottom:0pt; t-i:14.2pt; line-height:normal; font-size: 0.90em }\r\n.Lagtextrubrik { margin-top:4pt; margin-bottom:0pt; t-i:0pt; line-height:normal; font-size: 0.90em; font-style:italic; letter-spacing:1pt }\r\n.List { margin-top:7.5pt; margin-left:17pt; margin-bottom:7.5pt; t-i:-17pt; line-height:15pt; font-size: 0.90em }\r\n.ListBullet, .PunktlistaBomb { margin-top:4pt; margin-left:18pt; margin-bottom:0pt; t-i:-18pt; line-height:15pt; font-size: 0.90em }\r\n.ListNumber, .PunktlistaNummer { margin-top:4pt; margin-left:18pt; margin-bottom:0pt; t-i:-18pt; line-height:15pt; font-size: 0.90em }\r\n.ListParagraph { margin-top:0pt; margin-left:36pt; margin-bottom:0pt; t-i:17pt; line-height:15pt; font-size: 0.90em }\r\n.ListaGemener { margin-top:7.5pt; margin-left:36pt; margin-bottom:7.5pt; t-i:-19pt; line-height:15pt; font-size: 0.90em }\r\n.ListaLinje { margin-top:7.5pt; margin-left:36pt; margin-bottom:7.5pt; t-i:-19pt; line-height:15pt; font-size: 0.90em }\r\n.ListaNummer { margin-top:7.5pt; margin-left:19pt; margin-bottom:7.5pt; t-i:-19pt; line-height:15pt; font-size: 0.90em }\r\n.ListaPunkt { margin-top:7.5pt; margin-left:19pt; margin-bottom:7.5pt; t-i:-19pt; line-height:15pt; font-size: 0.90em }\r\n.MotionTIllRiksdagen { margin-top:18pt; margin-bottom:0pt; page-break-inside:avoid; page-break-after:avoid; line-height:19.5pt; font-size: 1.05em }\r\n.Motionr { margin-top:14pt; margin-bottom:31.5pt; page-break-inside:avoid; line-height:15pt; font-size: 1.00em; font-weight:bold; font-style:normal }\r\n.NoSpacing { margin-top:5pt; margin-bottom:0pt; line-height:normal }\r\n.NormalIndent { margin-top:0pt; margin-left:65.2pt; margin-bottom:0pt; t-i:17pt; line-height:15pt; font-size: 0.90em }\r\n.Normalutanindragellerluft { margin-top:4pt; margin-bottom:0pt; line-height:15pt; font-size: 0.90em }\r\n.Normal00 { margin-top:4pt; margin-bottom:0pt; line-height:normal; font-size: 0.90em }\r\n.NormalA4fot { margin-top:12pt; margin-bottom:0pt; text-align:center; line-height:normal; font-size: 0.90em }\r\n.NormalA4sidnr { margin-top:4pt; margin-bottom:12pt; text-align:center; line-height:normal; font-size: 0.90em }\r\n.NormalS5sidnrH { margin-top:4pt; margin-right:2.85pt; margin-bottom:0pt; text-align:right; line-height:normal; font-size: 0.90em }\r\n.NormalS5sidnrV { margin-top:4pt; margin-right:0pt; margin-bottom:0pt; text-align:left; line-height:normal; font-size: 0.90em }\r\n.PlainText { margin-top:0pt; margin-bottom:0pt; t-i:0pt; line-height:12pt; font-family:'Verdana'; font-size: 0.90em }\r\n.Strecklista, .PunktlistaTankstreck { margin-top:4pt; margin-left:36pt; margin-bottom:0pt; t-i:-18pt; line-height:15pt; font-size: 0.90em }\r\n.Quote { margin-top:7.5pt; margin-left:17pt; margin-bottom:0pt; line-height:12pt; font-size: 0.90em }\r\n.R1 { margin-top:41pt; margin-bottom:0pt; page-break-inside:avoid; page-break-after:avoid; line-height:19.5pt; font-family:'Verdana'; font-size: 1.05em }\r\n.R2 { margin-top:30pt; margin-bottom:0pt; page-break-inside:avoid; page-break-after:avoid; line-height:15pt; font-family:'Verdana'; font-size: 1.00em }\r\n.R3 { margin-top:18pt; margin-bottom:0pt; page-break-inside:avoid; page-break-after:avoid; line-height:15pt; font-family:'Verdana'; font-size: 0.90em; font-weight:bold }\r\n.Rubrik1numrerat { margin-top:41pt; margin-left:18pt; margin-bottom:0pt; t-i:-18pt; page-break-inside:auto; page-break-after:avoid; line-height:19.5pt; font-family:'Verdana'; font-size: 1.05em }\r\n.Rubrik2numrerat { margin-top:30pt; margin-left:39.6pt; margin-bottom:0pt; t-i:-39.6pt; page-break-inside:avoid; page-break-after:avoid; line-height:15pt; font-family:'Verdana'; font-size: 1.00em }\r\n.Rubrik3numrerat { margin-top:18pt; margin-left:61.2pt; margin-bottom:0pt; t-i:-61.2pt; page-break-inside:avoid; page-break-after:avoid; line-height:15pt; font-family:'Verdana'; font-size: 0.90em; font-weight:bold }\r\n.Rubrik4numrerat { margin-top:18pt; margin-left:82.2pt; margin-bottom:0pt; t-i:-82.2pt; page-break-inside:avoid; page-break-after:avoid; line-height:15pt; font-family:'Verdana'; font-size: 0.90em; font-weight:normal; font-style:italic }\r\n.RubrikFrslagTIllRiksdagsbeslut { margin-top:41pt; margin-bottom:15pt; page-break-inside:avoid; page-break-after:avoid; line-height:19.5pt; font-family:'Verdana'; font-size: 1.05em }\r\n.RubrikInnehllsf { margin-top:41pt; margin-bottom:0pt; page-break-inside:avoid; page-break-after:avoid; line-height:19.5pt; font-family:'Verdana'; font-size: 1.05em }\r\n.RubrikSammanf { margin-top:41pt; margin-bottom:0pt; page-break-inside:avoid; page-break-after:avoid; line-height:19.5pt; font-family:'Verdana'; font-size: 1.05em }\r\n.Salutation { margin-top:41pt; margin-bottom:0pt; page-break-inside:avoid; page-break-after:avoid; line-height:19.5pt; font-family:'Verdana'; font-size: 1.05em }\r\n.Streckkod { margin-top:12pt; margin-bottom:0pt; text-align:center; line-height:normal; font-family:IDAutomationHC39S; font-size: 1.00em }\r\n.Subtitle { margin-top:4pt; margin-bottom:0pt; line-height:15pt; font-family:'Verdana'; font-size: 0.90em; font-weight:bold }\r\n.TOC1 { margin-top:4pt; margin-bottom:0pt; line-height:15pt; font-size: 0.90em }\r\n.TOC2 { margin-top:4pt; margin-left:14.2pt; margin-bottom:0pt; line-height:15pt; font-size: 0.90em }\r\n.TOC3 { margin-top:4pt; margin-left:28.35pt; margin-bottom:0pt; line-height:15pt; font-size: 0.90em }\r\n.TOC4 { margin-top:4pt; margin-left:42.55pt; margin-bottom:0pt; line-height:15pt; font-size: 0.90em }\r\n.TOC5 { margin-top:4pt; margin-left:56.7pt; margin-bottom:0pt; line-height:15pt; font-size: 0.90em }\r\n.TOC6 { margin-top:4pt; margin-left:56.7pt; margin-bottom:0pt; line-height:15pt; font-size: 0.90em }\r\n.TOC7 { margin-top:15pt; margin-left:56.7pt; margin-bottom:0pt; t-i:14.2pt; page-break-inside:avoid; page-break-after:avoid; line-height:normal; font-family:'Verdana'; font-size: 0.90em; font-weight:normal; font-style:italic }\r\n.TOC8 { margin-top:15pt; margin-left:56.7pt; margin-bottom:0pt; t-i:14.2pt; page-break-inside:avoid; page-break-after:avoid; line-height:normal; font-family:'Verdana'; font-size: 0.90em; font-weight:normal; font-style:italic }\r\n.TOC9 { margin-top:15pt; margin-left:56.7pt; margin-bottom:0pt; t-i:14.2pt; page-break-inside:avoid; page-break-after:avoid; line-height:normal; font-family:'Verdana'; font-size: 0.90em; font-weight:normal; font-style:italic }\r\n.TOCHeading { margin-top:41pt; margin-bottom:0pt; page-break-inside:avoid; page-break-after:avoid; line-height:19.5pt; font-family:'Verdana'; font-size: 1.05em }\r\n.Tabellunderrubrik { margin-top:0pt; margin-bottom:0pt; line-height:15pt; font-size: 0.90em; font-weight:normal; font-style:italic }\r\n.Tabellrubrik { margin-top:7.5pt; margin-bottom:0pt; line-height:15pt; font-size: 0.90em; font-weight:bold }\r\n.Title { margin-top:41pt; margin-bottom:0pt; page-break-inside:avoid; page-break-after:avoid; line-height:19.5pt; font-family:'Verdana'; font-size: 1.05em }\r\n.Underskriftdatum { margin-top:24pt; margin-bottom:3pt; page-break-inside:avoid; line-height:15pt; font-size: 0.90em; font-style:normal }\r\n.Underskrifter { margin-top:15pt; margin-bottom:3pt; page-break-inside:avoid; line-height:15pt; font-size: 0.90em; font-style:italic }\r\nspan.BallongtextChar { font-family:'Segoe UI'; font-size: 0.90em }\r\nspan.BeteckningChar { font-size:19.5pt }\r\nspan.BookTitle { font-weight:bold; font-style:italic; letter-spacing:0pt }\r\nspan.CitatChar { font-size:12pt }\r\nspan.CommentReference { font-size:8pt }\r\nspan.Emphasis { text-transform:uppercase; letter-spacing:0.25pt; color:#1f4d78 }\r\nspan.FSHNormalChar { font-size:12pt }\r\nspan.FSHRub2Char, span.Rubrik1A4Char { font-size:24pt }\r\nspan.FollowedHyperlink { text-decoration:underline; color:#954f72 }\r\nspan.FootnoteReference { vertical-align:super }\r\nspan.FrslagstextChar, span.HemstlattChar, span.YrkandeChar { font-size:12pt }\r\nspan.Hyperlink { text-decoration:underline; color:#0563c1 }\r\nspan.InledningChar { font-family:'Verdana'; font-size: 1.05em }\r\nspan.IntenseEmphasis { font-weight:bold; text-transform:uppercase; letter-spacing:0.5pt; color:#1f4d78 }\r\nspan.IntenseReference { font-weight:normal; font-style:normal; font-variant:normal; text-decoration:none; text-transform:none; letter-spacing:0pt; vertical-align:0pt; color:#000000; display:inline }\r\nspan.KommentarsmneChar { font-weight:bold }\r\nspan.MotionTIllRiksdagenChar { font-size:19.5pt }\r\nspan.NormalutanindragellerluftChar { font-size:12pt }\r\nspan.OformateradtextChar { font-family:'Verdana' }\r\nspan.PlaceholderText { color:#f4b083 }\r\nspan.Rubrik1Char { font-family:'Verdana'; font-size: 1.05em }\r\nspan.Rubrik2Char { font-family:'Verdana'; font-size: 1.00em }\r\nspan.Rubrik3Char { font-family:'Verdana'; font-size: 0.90em; font-weight:bold }\r\nspan.Rubrik4Char { font-family:'Verdana'; font-size: 0.90em; font-style:italic }\r\nspan.Rubrik5Char { font-family:'Verdana'; font-size: 0.90em; font-weight:bold }\r\nspan.Rubrik6Char { font-family:'Verdana'; font-size: 0.90em; font-style:italic }\r\nspan.Rubrik7Char { font-family:'Verdana'; font-size: 0.90em; font-style:italic }\r\nspan.Rubrik8Char { font-family:'Verdana'; font-size: 0.90em; font-style:italic }\r\nspan.Rubrik9Char { font-family:'Verdana'; font-size: 0.90em; font-style:italic }\r\nspan.RubrikChar { font-family:'Verdana'; font-size: 1.05em }\r\nspan.SidfotChar { font-size:11.5pt }\r\nspan.SidhuvudChar { font-size:12pt }\r\nspan.StarktcitatChar { font-size:12pt; color:#5b9bd5 }\r\nspan.Strong { font-weight:bold }\r\nspan.SubtleEmphasis { font-style:italic; color:#1f4d78 }\r\nspan.SubtleReference { font-weight:bold; color:#5b9bd5 }\r\nspan.UnderrubrikChar { font-family:'Verdana'; font-size: 0.90em; font-weight:bold }\r\n.TableGrid {  }\r\n\r\n.pconf{width: 450px;margin-left:5px;overflow:visable;font-family:Verdana, Geneva, sans-serif;} \r\n .sidhuvud_publikation, .sidhuvud_beteckning{font-size:133%}\r\n.MotionarLista {font-size:122%}\r\n\r\n--></style><div class=\"pconf\"><span class=\"sidhuvud_publikation\">Motion till riksdagen</span><br/>\r\n<span class=\"sidhuvud_beteckning\">2018/19:1371</span><br/>\r\n<span class=\"MotionarLista\">av Ludvig Aspling m.fl. (SD)</span><br/>\r\n<h1>Avtalsstyrning, kontroll och frysta betalningar inom det multilaterala biståndet</h1>\r\n<hr class=\"sidhuvud_linje\"/>\r\n\r\n\r\n\t\t<div class=\"Section1\">\r\n\t\t\t<p class=\"RubrikFrslagTIllRiksdagsbeslut\" style=\"-aw-sdt-tag:CC_Boilerplate_4; -aw-sdt-title:CC_Boilerplate_4\">\r\n\t\t\t\t<span>Förslag till riksdagsbeslut</span>\r\n\t\t\t</p>\r\n\t\t\t<ol type=\"1\" style=\"margin:0pt; padding-left:0pt\">\r\n\t\t\t\t<li class=\"Frslagstext\" style=\"margin-left:14pt; t-i:0pt; padding-left:3.85pt; font-family:'Verdana'; font-size: 0.90em\">\r\n\t\t\t\t\t<span style=\"font-family:'Verdana'; font-size: 0.90em\">Riksdagen ställer sig bakom det som anförs i motionen om att Sida och UD ska avtala om att kunna begära in kontrolluppgifter från betalningsmottagare och få del av uppföljningsrapporter och andra dokument och tillkännager detta för regeringen.</span>\r\n\t\t\t\t</li>\r\n\t\t\t\t<li class=\"Frslagstext\" style=\"margin-left:14pt; t-i:0pt; padding-left:3.85pt; font-family:'Verdana'; font-size: 0.90em\">\r\n\t\t\t\t\t<span style=\"font-family:'Verdana'; font-size: 0.90em\">Riksdagen ställer sig bakom det som anförs i motionen om avsteg från reglerna om uppföljning och kontroll och tillkännager detta för regeringen.</span>\r\n\t\t\t\t</li>\r\n\t\t\t\t<li class=\"Frslagstext\" style=\"margin-left:14pt; t-i:0pt; padding-left:3.85pt; font-family:'Verdana'; font-size: 0.90em\">\r\n\t\t\t\t\t<span style=\"font-family:'Verdana'; font-size: 0.90em\">Riksdagen ställer sig bakom det som anförs i motionen om rätt att frysa fonders utbetalningar och tillkännager detta för regeringen.</span>\r\n\t\t\t\t</li>\r\n\t\t\t\t<li class=\"Frslagstext\" style=\"margin-left:14pt; t-i:0pt; padding-left:3.85pt; font-family:'Verdana'; font-size: 0.90em\">\r\n\t\t\t\t\t<span style=\"font-family:'Verdana'; font-size: 0.90em\">Riksdagen ställer sig bakom det som anförs i motionen om ett regelverk som tvingar Sida och UD att omedelbart frysa vissa betalningar och tillkännager detta för regeringen.</span>\r\n\t\t\t\t</li>\r\n\t\t\t</ol>\r\n\t\t\t<h1>\r\n\t\t\t\t<a name=\"MotionsStart\"></a><span>1 Bakgrund</span>\r\n\t\t\t</h1>\r\n\t\t\t<p class=\"Normalutanindragellerluft\">\r\n\t\t\t\t<span>Mellan 2014 och 2020 har Sverige förbundit sig att investera </span><span>över en halv miljard kronor i utvecklingsfonden </span><span style=\"font-style:italic\">Afghan Reconstruction Trust Fund</span><span>. Fonden upprättades efter invasionen av Afghanistan,</span><span> förvaltas av V</span><span>ärldsbanken och fungerar som instrument för finansiering av ett brett spektrum av projekt vilka syftar till att återuppbygga Afghanistans infrastruktur, myndigheter och statsförvaltning. Fonden ger även budgetstöd till landet. </span>\r\n\t\t\t</p>\r\n\t\t\t<h1>\r\n\t\t\t\t<span>2 Vad revisionen fann m</span><span> </span><span>m</span>\r\n\t\t\t</h1>\r\n\t\t\t<p class=\"Normalutanindragellerluft\">\r\n\t\t\t\t<span>Den amerikanska generalinspektionen för Afghanistans återuppbyggnad (</span><span>Sigar</span><span>)</span><span> publicerade i april 2018 en revisionsrapport</span><a name=\"_ftnref1\"></a><a href=\"#_ftn1\"><span class=\"FootnoteReference\" style=\"font-size:8pt\">[1]</span></a><span> i vilken man granskat AR</span><span>T</span><span>F</span><span> ur ett brett perspektiv.</span><span> </span><span>Sigar</span><span> fann</span><span> att Vä</span><span>rldsbanken och den a</span><span>fgha</span><span>nska regeringen genom sin bristfälliga</span><span> tillsyn och transparens har riskerat</span><span> att amerikanska skattemedel hamnat i orätta händer. </span><span>Revisionen fann i kort följande.</span>\r\n\t\t\t</p>\r\n\t\t\t<ul type=\"disc\" style=\"margin:0pt; padding-left:0pt\">\r\n\t\t\t\t<li class=\"ListaPunkt\" style=\"margin-left:19pt; margin-bottom:0pt; t-i:-19pt; font-family:serif; font-size: 0.90em; list-style-position:inside\">\r\n\t\t\t\t\t<span style=\"font:7.0pt 'Verdana'\">    </span><span style=\"font-family:'Verdana'; font-size: 0.90em\">Avse</span><span style=\"font-family:'Verdana'; font-size: 0.90em\">ende uppgifter som lämnas till V</span><span style=\"font-family:'Verdana'; font-size: 0.90em\">ärldsbanken av betalningsmottagare har ingen </span><span style=\"font-family:'Verdana'; font-size: 0.90em\">kontroll skett </span><span style=\"font-family:'Verdana'; font-size: 0.90em\">före</span><span style=\"font-family:'Verdana'; font-size: 0.90em\"> utbetalningar, ingen</span><span style=\"font-family:'Verdana'; font-size: 0.90em\"> återkommande kontroll</span><span style=\"font-family:'Verdana'; font-size: 0.90em\"> har heller</span><span style=\"font-family:'Verdana'; font-size: 0.90em\"> genom</span><span style=\"font-family:'Verdana'; font-size: 0.90em\">­</span><span style=\"font-family:'Verdana'; font-size: 0.90em\">förts. Det finns heller ingen </span><span style=\"font-family:'Verdana'; font-size: 0.90em\">mekanism för att ge biståndsgivare information om</span><span style=\"font-family:'Verdana'; font-size: 0.90em\"> ifall</span><span style=\"font-family:'Verdana'; font-size: 0.90em\">, när och hur kontroller skett.</span><span style=\"font-family:'Verdana'; font-size: 0.90em\"> Detta trot</span><span style=\"font-family:'Verdana'; font-size: 0.90em\">s att det funnits avtal som särskilt reglerat kontroll av bidragsmottagare. </span>\r\n\t\t\t\t</li>\r\n\t\t\t\t<li class=\"ListaPunkt\" style=\"margin-top:0pt; margin-left:19pt; margin-bottom:0pt; t-i:-19pt; font-family:serif; font-size: 0.90em; list-style-position:inside\">\r\n\t\t\t\t\t<span style=\"font:7.0pt 'Verdana'\">    </span><span style=\"font-family:'Verdana'; font-size: 0.90em\">Sedan 2011 har effektiviteten hos de afghaniska myndigheterna gradvis försämrats</span><span style=\"font-family:'Verdana'; font-size: 0.90em\">,</span><span style=\"font-family:'Verdana'; font-size: 0.90em\"> vilket </span><span style=\"font-family:'Verdana'; font-size: 0.90em\">har </span><span style=\"font-family:'Verdana'; font-size: 0.90em\">lett till att de inte klarat att avlägga korrekta rapporter </span><span style=\"font-family:'Verdana'; font-size: 0.90em\">om fondens betalningsmottagare. Ett konkret exempel är det faktum att fonden rutinmässigt betalar ut löner till offentliganställda, utan att kontrollera att de anställda faktiskt finns</span><span style=\"font-family:'Verdana'; font-size: 0.90em\">.</span><a name=\"_ftnref2\"></a><a href=\"#_ftn2\"><span class=\"FootnoteReference\" style=\"font-size:8pt\">[2]</span></a>\r\n\t\t\t\t</li>\r\n\t\t\t\t<li class=\"ListaPunkt\" style=\"margin-top:0pt; margin-left:19pt; margin-bottom:0pt; t-i:-19pt; font-family:serif; font-size: 0.90em; list-style-position:inside\">\r\n\t\t\t\t\t<span style=\"font:7.0pt 'Verdana'\">    </span><span style=\"font-family:'Verdana'; font-size: 0.90em\">Det finns tydliga svårigheter att hålla </span><span style=\"font-family:'Verdana'; font-size: 0.90em\">a</span><span style=\"font-family:'Verdana'; font-size: 0.90em\">fghanska myndigheter</span><span style=\"font-family:'Verdana'; font-size: 0.90em\"> ansvariga. </span><span style=\"font-family:'Verdana'; font-size: 0.90em\">Alldeles</span><span style=\"font-family:'Verdana'; font-size: 0.90em\"> för stor flexibilitet i hur myndigheterna får använda </span><span style=\"font-family:'Verdana'; font-size: 0.90em\">fondens medel</span><span style=\"font-family:'Verdana'; font-size: 0.90em\"> och det faktum att varken givarna eller Världsbanken, </span><span style=\"font-family:'Verdana'; font-size: 0.90em\">utan</span><span style=\"font-family:'Verdana'; font-size: 0.90em\"> afghanska myndigheters</span><span style=\"font-family:'Verdana'; font-size: 0.90em\"> godkännande</span><span style=\"font-family:'Verdana'; font-size: 0.90em\">,</span><span style=\"font-family:'Verdana'; font-size: 0.90em\"> </span><span style=\"font-family:'Verdana'; font-size: 0.90em\">kan </span><span style=\"font-family:'Verdana'; font-size: 0.90em\">ändra eller sto</span><span style=\"font-family:'Verdana'; font-size: 0.90em\">ppa</span><span style=\"font-family:'Verdana'; font-size: 0.90em\"> pågående projekt</span><span style=\"font-family:'Verdana'; font-size: 0.90em\"> bidrar till den bristfälliga styrningen</span><span style=\"font-family:'Verdana'; font-size: 0.90em\">.</span>\r\n\t\t\t\t</li>\r\n\t\t\t\t<li class=\"ListaPunkt\" style=\"margin-top:0pt; margin-left:19pt; t-i:-19pt; font-family:serif; font-size: 0.90em; list-style-position:inside\">\r\n\t\t\t\t\t<span style=\"font:7.0pt 'Verdana'\">    </span><span style=\"font-family:'Verdana'; font-size: 0.90em\">I många fall när biståndet gått </span><span style=\"font-family:'Verdana'; font-size: 0.90em\">via en mellanhand</span><span style=\"font-family:'Verdana'; font-size: 0.90em\">,</span><span style=\"font-family:'Verdana'; font-size: 0.90em\"> som exempelvis Vär</span><span style=\"font-family:'Verdana'; font-size: 0.90em\">ldsbanken, är insynen i stort se</span><span style=\"font-family:'Verdana'; font-size: 0.90em\">tt</span><span style=\"font-family:'Verdana'; font-size: 0.90em\"> också</span><span style=\"font-family:'Verdana'; font-size: 0.90em\"> obefintlig och någon möjlighet till korrekt uppföljning finns inte.</span><span style=\"font-family:'Verdana'; font-size: 0.90em\"> Bristen på ansvar finns även på givarsida</span><span style=\"font-family:'Verdana'; font-size: 0.90em\">n</span><span style=\"font-family:'Verdana'; font-size: 0.90em\">. G</span><span style=\"font-family:'Verdana'; font-size: 0.90em\">ivarna har </span><span style=\"font-family:'Verdana'; font-size: 0.90em\">exempelvis inte </span><span style=\"font-family:'Verdana'; font-size: 0.90em\">klarat att ge riktlinjer om vart</span><span style=\"font-family:'Verdana'; font-size: 0.90em\"> medlen ska förmedlas demografiskt, vilket lett till a</span><span style=\"font-family:'Verdana'; font-size: 0.90em\">tt fonden finansierat projek</span><span style=\"font-family:'Verdana'; font-size: 0.90em\">t i områden som kontrolleras av talibaner och andra rebellgrupper</span><span style=\"font-family:'Verdana'; font-size: 0.90em\">.</span><a name=\"_ftnref3\"></a><a href=\"#_ftn3\"><span class=\"FootnoteReference\" style=\"font-size:8pt\">[3]</span></a>\r\n\t\t\t\t</li>\r\n\t\t\t</ul>\r\n\t\t\t<p class=\"Normalutanindragellerluft\" style=\"margin-top:7.5pt\">\r\n\t\t\t\t<span>Enligt anställda på Världsbanken är huvudsyftet med fonden att ta alla möjligheter att förmedla pengar till</span><span> afghanska myndigheter</span><span>,</span><span> och allt</span><span>för strama r</span><span>egler skulle göra detta svårt.</span><span> </span>\r\n\t\t\t</p>\r\n\t\t\t<p>\r\n\t\t\t\t<span>Den amerikanska riksrevisorn John Sopko drar slutsatsen att givarkollektivet bidragit till korruptionen genom att skjuta till för mycket pengar, för snabbt, i ett för litet land med alldeles för lite kontroll. Riksrevisorn medger att givarkollektivet medvetet sett mellan fingrarna </span><span>med</span><span> korruption, förskingring och det faktum att fonden finansierade regelrätta krigsherrar. Riksrevisorn drar också slutsatsen att givar</span><span>­</span><span>kollektivets agerande förvärrat den militära konflikten genom att </span><span>erodera</span><span> allmänhetens förtroende för den afghanska regeringen och bryta ner moralen hos dess militär</span><span>.</span><a name=\"_ftnref4\"></a><a href=\"#_ftn4\"><span style=\"font-size:8pt; vertical-align:super\">[4]</span></a>\r\n\t\t\t</p>\r\n\t\t\t<p>\r\n\t\t\t\t<span>Givarkollektivets agerande i detta fall är ett svek mot alla inblandade parter, den afg</span><span>h</span><span>anska staten genom a</span><span>tt göda</span><span> ko</span><span>rruption och belöna</span><span> dess värsta medarbetare, </span><span>men även mot </span><span>den a</span><span>fghanska militären genom att underminera</span><span> målet som d</span><span>eras soldater</span><span> slåss och dör för, d</span><span>et </span><span>v</span><span>ill </span><span>s</span><span>äga</span><span> en fung</span><span>erande stat</span><span>. Det är också ett svek mot</span><span> </span><span>Afghanistans</span><span> folk</span><span>,</span><span> genom </span><span>att man låter</span><span> pengar som är ämna</span><span>de för deras välfärd</span><span> gå till </span><span>kriminell</span><span> verksamhet och </span><span>inte minst</span><span> ett svek</span><span> </span><span>mot </span><span>den svenska skattebetalaren som tvingas </span><span>betala för</span><span> internationell gangsterverksamhet.</span>\r\n\t\t\t</p>\r\n\t\t\t<p>\r\n\t\t\t\t<span>Sida</span><span> känner till dessa brister men fortsätter göra utbetalningar eftersom givare, </span><span>V</span><span>ärlds</span><span>banken och </span><span>den afghanska</span><span> </span><span>regeringen har kommit</span><span> överens om att sjösätta en antik</span><span>orruptionsplan </span><span>(ART</span><span>F</span><span> Anti-Corruption and Results Monitoring Action Plan).</span><span> Sverigedemokraterna ser det som </span><span>o</span><span>acceptabelt att fortsätta utbetalninga</span><span>rna under sådana förhållanden. D</span><span>essa borde i stället frysas till dess att en sådan plan fått bevisad effekt.</span>\r\n\t\t\t</p>\r\n\t\t\t<h1>\r\n\t\t\t\t<span>3 Åtgärder</span><span> </span>\r\n\t\t\t</h1>\r\n\t\t\t<p class=\"Normalutanindragellerluft\">\r\n\t\t\t\t<span>Misslyckanden är också chanser till förbättring. Fallet med ART</span><span>F</span><span> belyser ett skriande behov av skärpta krav på styrning, kontroll och uppföljning inom det multilaterala biståndet.</span><span> Vi föreslår därför följande</span><span>:</span>\r\n\t\t\t</p>\r\n\t\t\t<ol type=\"1\" style=\"margin:0pt; padding-left:0pt\">\r\n\t\t\t\t<li class=\"ListaNummer\" style=\"margin-left:19pt; margin-bottom:0pt; t-i:-19pt; font-family:'Verdana'; font-size: 0.90em; list-style-position:inside\">\r\n\t\t\t\t\t<span style=\"font:7.0pt 'Verdana'\">  </span><span style=\"font-family:'Verdana'; font-size: 0.90em\">S</span><span style=\"font-family:'Verdana'; font-size: 0.90em\">amarbetet med fonder som ARTF</span><span style=\"font-family:'Verdana'; font-size: 0.90em\"> ska regleras i avtal me</span><span style=\"font-family:'Verdana'; font-size: 0.90em\">d vissa minimiklausuler som Sida</span><span style=\"font-family:'Verdana'; font-size: 0.90em\"> och UD inte får avvika från. D</span><span style=\"font-family:'Verdana'; font-size: 0.90em\">essa regler ska stadga att svensk myndighet alltid ska ha en oberoend</span><span style=\"font-family:'Verdana'; font-size: 0.90em\">e rätt att utföra kontroller,</span><span style=\"font-family:'Verdana'; font-size: 0.90em\"> begära in kontrolluppgifter från betalningsmottagare</span><span style=\"font-family:'Verdana'; font-size: 0.90em\"> och få del av uppföljningsrapporter och andra dokument.</span>\r\n\t\t\t\t</li>\r\n\t\t\t\t<li class=\"ListaNummer\" style=\"margin-top:0pt; margin-left:19pt; margin-bottom:0pt; t-i:-19pt; font-family:'Verdana'; font-size: 0.90em; list-style-position:inside\">\r\n\t\t\t\t\t<span style=\"font:7.0pt 'Verdana'\">  </span><span style=\"font-family:'Verdana'; font-size: 0.90em\">Fonden ska inte tillåtas göra avsteg från reglerna om uppföljning och kontroll på grund av att situationen på marken gör sådana kontroller svåra eller omöjliga. I en sådan situation är det bättre att inte betala ut några medel alls eftersom utbetalningar riskerar att hamna i fiendens händer eller försvinna i korruption. Både dessa scenarier riskerar </span><span style=\"font-family:'Verdana'; font-size: 0.90em\">att </span><span style=\"font-family:'Verdana'; font-size: 0.90em\">allvarligt förvärra konflikten i fråga. </span>\r\n\t\t\t\t</li>\r\n\t\t\t\t<li class=\"ListaNummer\" style=\"margin-top:0pt; margin-left:19pt; margin-bottom:0pt; t-i:-19pt; font-family:'Verdana'; font-size: 0.90em; list-style-position:inside\">\r\n\t\t\t\t\t<span style=\"font:7.0pt 'Verdana'\">  </span><span style=\"font-family:'Verdana'; font-size: 0.90em\">I avtalet ska regleras att </span><span style=\"font-family:'Verdana'; font-size: 0.90em\">Sida och UD ska ha rätt att, i</span><span style=\"font-family:'Verdana'; font-size: 0.90em\">fall det finns sannolika skäl att misstänka oegentligheter, frysa fon</span><span style=\"font-family:'Verdana'; font-size: 0.90em\">dens utbetalningar till de projekten eller mottagarna</span><span style=\"font-family:'Verdana'; font-size: 0.90em\">. </span>\r\n\t\t\t\t</li>\r\n\t\t\t\t<li class=\"ListaNummer\" style=\"margin-top:0pt; margin-left:19pt; t-i:-19pt; font-family:'Verdana'; font-size: 0.90em; list-style-position:inside\">\r\n\t\t\t\t\t<span style=\"font:7.0pt 'Verdana'\">  </span><span style=\"font-family:'Verdana'; font-size: 0.90em\">Regeringen bör också snarast </span><span style=\"font-family:'Verdana'; font-size: 0.90em\">upprätt</span><span style=\"font-family:'Verdana'; font-size: 0.90em\">a ett regelverk som tvingar Sida</span><span style=\"font-family:'Verdana'; font-size: 0.90em\"> och UD att omedelbart frysa betalningar till fonder ifall det finns skäl att misstänk</span><span style=\"font-family:'Verdana'; font-size: 0.90em\">a att fonden brister i kontroll eller</span><span style=\"font-family:'Verdana'; font-size: 0.90em\"> uppföljning eller har problem med korruption.</span>\r\n\t\t\t\t</li>\r\n\t\t\t</ol>\r\n\t\t\t<p style=\"-aw-sdt-tag:CC_Underskrifter; -aw-sdt-title:CC_Underskrifter\">\r\n\t\t\t\t<span> </span>\r\n\t\t\t</p>\r\n\t\t\t<p style=\"-aw-sdt-tag:CC_Underskrifter; -aw-sdt-title:CC_Underskrifter\">\r\n\t\t\t\t<span> </span>\r\n\t\t\t</p>\r\n\t\t\t<table cellspacing=\"0\" cellpadding=\"0\" style=\"border-collapse:collapse; margin-left:0pt; width:100%\">\r\n\t\t\t\t<tr>\r\n\t\t\t\t\t<td style=\"padding-left:5.4pt; padding-right:5.4pt; vertical-align:bottom; width:1%\">\r\n\t\t\t\t\t\t<p class=\"Underskrifter\" style=\"margin-top:15pt; margin-bottom:3pt; page-break-inside:avoid; line-height:15pt\">\r\n\t\t\t\t\t\t\t<span style=\"font-size:12pt; font-style:italic\">Ludvig Aspling (SD)</span>\r\n\t\t\t\t\t\t</p>\r\n\t\t\t\t\t</td>\r\n\t\t\t\t\t<td style=\"padding-left:5.4pt; padding-right:5.4pt; vertical-align:bottom; width:1%\">\r\n\t\t\t\t\t\t<p class=\"Underskrifter\" style=\"margin-top:15pt; margin-bottom:3pt; page-break-inside:avoid; line-height:15pt\">\r\n\t\t\t\t\t\t\t<span style=\"font-size:12pt; font-style:italic\"> </span>\r\n\t\t\t\t\t\t</p>\r\n\t\t\t\t\t</td>\r\n\t\t\t\t</tr>\r\n\t\t\t\t<tr>\r\n\t\t\t\t\t<td style=\"padding-left:5.4pt; padding-right:5.4pt; vertical-align:bottom; width:1%\">\r\n\t\t\t\t\t\t<p class=\"Underskrifter\" style=\"margin-top:15pt; margin-bottom:0pt; page-break-inside:avoid; line-height:15pt\">\r\n\t\t\t\t\t\t\t<span style=\"font-size:12pt; font-style:italic\">Björn Söder (SD)</span>\r\n\t\t\t\t\t\t</p>\r\n\t\t\t\t\t</td>\r\n\t\t\t\t\t<td style=\"padding-left:5.4pt; padding-right:5.4pt; vertical-align:bottom; width:1%\">\r\n\t\t\t\t\t\t<p class=\"Underskrifter\" style=\"margin-top:15pt; margin-bottom:0pt; page-break-inside:avoid; line-height:15pt\">\r\n\t\t\t\t\t\t\t<span style=\"font-size:12pt; font-style:italic\">Markus Wiechel (SD)</span>\r\n\t\t\t\t\t\t</p>\r\n\t\t\t\t\t</td>\r\n\t\t\t\t</tr>\r\n\t\t\t</table>\r\n\t\t\t<p>\r\n\t\t\t\t<span> </span>\r\n\t\t\t</p>\r\n\t\t</div>\r\n\t\t<hr style=\"width:33%; height:1px; text-align:left; -aw-footnote-numberstyle:0; -aw-footnote-startnumber:1; -aw-footnote-type:0\" />\r\n\t\t<div id=\"_ftn1\" style=\"-aw-footnote-isauto:1\">\r\n\t\t\t<p class=\"FootnoteText\">\r\n\t\t\t\t<a href=\"#_ftnref1\"><span class=\"FootnoteReference\" style=\"font-size:8pt\">[1]</span></a><span> </span><span>Sigar</span><span> 18-42-AR/Afghanistan Reconstruction Trust Fund</span><span>.</span>\r\n\t\t\t</p>\r\n\t\t</div>\r\n\t\t<div id=\"_ftn2\" style=\"-aw-footnote-isauto:1\">\r\n\t\t\t<p class=\"FootnoteText\">\r\n\t\t\t\t<a href=\"#_ftnref2\"><span class=\"FootnoteReference\" style=\"font-size:8pt\">[2]</span></a><span> </span><span>https://www.france24.com/en/20180425-lack-oversight-afghan-donations-us-watchdog</span><span>.</span>\r\n\t\t\t</p>\r\n\t\t</div>\r\n\t\t<div id=\"_ftn3\" style=\"-aw-footnote-isauto:1\">\r\n\t\t\t<p class=\"FootnoteText\">\r\n\t\t\t\t<a href=\"#_ftnref3\"><span class=\"FootnoteReference\" style=\"font-size:8pt\">[3]</span></a><span> Ff</span><span>.</span>\r\n\t\t\t</p>\r\n\t\t</div>\r\n\t\t<div id=\"_ftn4\" style=\"-aw-footnote-isauto:1\">\r\n\t\t\t<p class=\"FootnoteText\">\r\n\t\t\t\t<a href=\"#_ftnref4\"><span style=\"font-size:8pt; vertical-align:super\">[4]</span></a><span> </span><span>https://www.france24.com/en/20180507-foreign-donors-afghanistan-fuelling-corruption-us-watchdog</span><span class=\"Hyperlink\" style=\"text-decoration:none; color:#000000\">.</span>\r\n\t\t\t</p>\r\n\t\t\t<p class=\"Normalutanindragellerluft\">\r\n\t\t\t\t<span> </span>\r\n\t\t\t</p>\r\n\t\t\t<p class=\"Normalutanindragellerluft\">\r\n\t\t\t\t<span> </span>\r\n\t\t\t</p>\r\n\t\t</div>\r\n\t</div>"},"dokforslag":{"forslag":[{"nummer":"1","beteckning":null,"lydelse":"Riksdagen ställer sig bakom det som anförs i motionen om att Sida och UD ska avtala om att kunna begära in kontrolluppgifter från betalningsmottagare och få del av uppföljningsrapporter och andra dokument och tillkännager detta för regeringen.","lydelse2":null,"utskottet":"Avslag","kammaren":"Avslag","behandlas_i":"2019/20:UU2","behandlas_i_punkt":null,"kammarbeslutstyp":null,"intressent":"UU","avsnitt":null,"grundforfattning":null,"andringsforfattning":null},{"nummer":"2","beteckning":null,"lydelse":"Riksdagen ställer sig bakom det som anförs i motionen om avsteg från reglerna om uppföljning och kontroll och tillkännager detta för regeringen.","lydelse2":null,"utskottet":"Avslag","kammaren":"Avslag","behandlas_i":"2019/20:UU2","behandlas_i_punkt":null,"kammarbeslutstyp":null,"intressent":"UU","avsnitt":null,"grundforfattning":null,"andringsforfattning":null},{"nummer":"3","beteckning":null,"lydelse":"Riksdagen ställer sig bakom det som anförs i motionen om rätt att frysa fonders utbetalningar och tillkännager detta för regeringen.","lydelse2":null,"utskottet":"Avslag","kammaren":"Avslag","behandlas_i":"2019/20:UU2","behandlas_i_punkt":null,"kammarbeslutstyp":null,"intressent":"UU","avsnitt":null,"grundforfattning":null,"andringsforfattning":null},{"nummer":"4","beteckning":null,"lydelse":"Riksdagen ställer sig bakom det som anförs i motionen om ett regelverk som tvingar Sida och UD att omedelbart frysa vissa betalningar och tillkännager detta för regeringen.","lydelse2":null,"utskottet":"Avslag","kammaren":"Avslag","behandlas_i":"2019/20:UU2","behandlas_i_punkt":null,"kammarbeslutstyp":null,"intressent":"UU","avsnitt":null,"grundforfattning":null,"andringsforfattning":null}]},"dokaktivitet":{"aktivitet":[{"kod":"INL","namn":"Inlämnad","datum":"2018-11-28 12:10:40","status":"inträffat","ordning":"0","process":"behandling"},{"kod":"Granskad","namn":"Granskad","datum":"2018-11-28 14:03:10","status":"inträffat","ordning":"0","process":"behandling"},{"kod":"HÄN","namn":"Hänvisad","datum":"2018-12-05 00:00:00","status":"inträffat","ordning":"0","process":"behandling"}]},"dokintressent":{"intressent":[{"intressent_id":"0526748040023","namn":"Ludvig Aspling","partibet":"SD","ordning":"1","roll":"undertecknare"},{"intressent_id":"0452755722723","namn":"Björn Söder","partibet":"SD","ordning":"2","roll":"undertecknare"},{"intressent_id":"0204240926023","namn":"Markus Wiechel","partibet":"SD","ordning":"3","roll":"undertecknare"}]},"dokuppgift":{"uppgift":[{"kod":"motkat","namn":"Motionskategori","text":"Fristående motion","dok_id":"H6021371","systemdatum":"2019-12-11 17:19:02"},{"kod":"tilldelat","namn":"Tilldelat","text":"Utrikesutskottet","dok_id":"H6021371","systemdatum":"2019-12-11 17:19:02"},{"kod":"statustext","namn":"statustext","text":"Motionen bereds i utskott","dok_id":"H6021371","systemdatum":"2019-02-04 14:01:29"}]},"dokbilaga":{"bilaga":[{"dok_id":"H6021371","titel":"Avtalsstyrning, kontroll och frysta betalningar inom det multilaterala biståndet","subtitel":"av Ludvig Aspling m.fl. (SD)","filnamn":"mot_201819__1371.docx","filstorlek":"74139","filtyp":"docx","fil_url":"http://data.riksdagen.se/fil/C07D3658-20E5-4889-974F-4D0FCF6CEDED"},{"dok_id":"H6021371","titel":"Avtalsstyrning, kontroll och frysta betalningar inom det multilaterala biståndet","subtitel":"av Ludvig Aspling m.fl. (SD)","filnamn":"mot_201819__1371.pdf","filstorlek":"95533","filtyp":"pdf","fil_url":"http://data.riksdagen.se/fil/83FE74E2-154C-40C1-8CE9-94E163981A32"}]},"dokreferens":{"referens":[{"referenstyp":"behandlas_i","uppgift":"2018/19:UU2","ref_dok_id":"H601UU2","ref_dok_typ":"bet","ref_dok_rm":"2018/19","ref_dok_bet":"UU2","ref_dok_titel":"Utgiftsområde 7 Internationellt bistånd","ref_dok_subtitel":null,"ref_dok_subtyp":"bet","ref_dok_dokumentnamn":"Betänkande"},{"referenstyp":"behandlas_i","uppgift":"2018/19:UU10","ref_dok_id":"H601UU10","ref_dok_typ":"bet","ref_dok_rm":"2018/19","ref_dok_bet":"UU10","ref_dok_titel":"Verksamheten i Europeiska unionen under 2018","ref_dok_subtitel":null,"ref_dok_subtyp":"bet","ref_dok_dokumentnamn":"Betänkande"},{"referenstyp":"behandlas_i","uppgift":"2019/20:UU2","ref_dok_id":"H701UU2","ref_dok_typ":"bet","ref_dok_rm":"2019/20","ref_dok_bet":"UU2","ref_dok_titel":"Utgiftsområde 7 Internationellt bistånd","ref_dok_subtitel":null,"ref_dok_subtyp":"bet","ref_dok_dokumentnamn":"Betänkande"}]},"debatt":null}}