{"dokumentstatus":{"dokument":{"hangar_id":"5010956","dok_id":"H6021403","rm":"2018/19","beteckning":"1403","typ":"mot","subtyp":"Enskild motion","doktyp":"mot","typrubrik":"Motion 2018/19:1403 av Annika Hirvonen Falk (MP)","dokumentnamn":"Motion","debattnamn":"Motion","tempbeteckning":"MP1806","organ":"UbU","mottagare":"","nummer":"1403","slutnummer":"0","datum":"2018-11-28 00:00:00","systemdatum":"2019-05-17 16:05:50","publicerad":"2018-11-28 00:00:00","titel":"Situationen för elever med neuropsykiatriska funktionsnedsättningar ","subtitel":"av Annika Hirvonen Falk (MP)","status":"Klar","htmlformat":"html","relaterat_id":"","source":"Filur","sourceid":"9d64f8b4-86dd-4c58-ab47-4757455e9ab2","dokument_url_text":"http://data.riksdagen.se/dokument/H6021403/text","dokument_url_html":"http://data.riksdagen.se/dokument/H6021403","dokumentstatus_url_xml":"http://data.riksdagen.se/dokumentstatus/H6021403","html":"<style><!-- \r\n /********************************************************************************************************/\r\n/* Styles for D:\\Logs\\DocumentConverter\\\\Output_807429d5-a2b6-425e-93e0-9696ab6403dc\\HTML\\Dokument.html */\r\n/* Generated by Aspose.Words for .NET 15.3.0.0                                                          */\r\n/********************************************************************************************************/\r\n\r\n@page Section1 { size:595.3pt 841.9pt; margin:35.45pt 85.05pt }\r\ndiv.Section1 { page:Section1 }\r\ndiv.pconf body { t-i:17pt; line-height:15pt; font-family:'Verdana'; font-size: 0.90em }\r\ndiv.pconf h1, h2, h3, h4, h5, h6, p { margin:0pt }\r\ndiv.pconf li, table { margin-top:0pt; margin-bottom:0pt }\r\ndiv.pconf h1 { margin-top:41pt; margin-bottom:0pt; t-i:0pt; page-break-inside:avoid; page-break-after:avoid; line-height:19.5pt; font-family:'Verdana'; font-size: 1.05em; font-weight:normal }\r\ndiv.pconf h2 { margin-top:30pt; margin-bottom:0pt; t-i:0pt; page-break-inside:avoid; page-break-after:avoid; line-height:15pt; font-family:'Verdana'; font-size: 1.00em; font-weight:normal }\r\ndiv.pconf h3 { margin-top:18pt; margin-bottom:0pt; t-i:0pt; page-break-inside:avoid; page-break-after:avoid; line-height:15pt; font-family:'Verdana'; font-size: 0.90em; font-weight:bold }\r\ndiv.pconf h4 { margin-top:18pt; margin-bottom:0pt; t-i:0pt; page-break-inside:avoid; page-break-after:avoid; line-height:15pt; font-family:'Verdana'; font-size: 0.90em; font-weight:normal; font-style:italic }\r\ndiv.pconf h5 { margin-top:15pt; margin-bottom:0pt; t-i:0pt; page-break-inside:avoid; page-break-after:avoid; line-height:15pt; font-family:'Verdana'; font-size: 0.90em; font-weight:bold; font-style:normal }\r\ndiv.pconf h6 { margin-top:15pt; margin-bottom:0pt; t-i:0pt; page-break-inside:avoid; page-break-after:avoid; line-height:15pt; font-family:'Verdana'; font-size: 0.90em; font-weight:normal; font-style:italic }\r\n.Heading7 { margin-top:15pt; margin-bottom:0pt; t-i:0pt; page-break-inside:avoid; page-break-after:avoid; line-height:15pt; font-family:'Verdana'; font-size: 0.90em; font-weight:normal; font-style:italic }\r\n.Heading8 { margin-top:15pt; margin-bottom:0pt; t-i:0pt; page-break-inside:avoid; page-break-after:avoid; line-height:15pt; font-family:'Verdana'; font-size: 0.90em; font-weight:normal; font-style:italic }\r\n.Heading9 { margin-top:0pt; margin-bottom:0pt; t-i:0pt; page-break-inside:avoid; page-break-after:avoid; line-height:15pt; font-family:'Verdana'; font-size: 0.90em; font-weight:normal; font-style:italic }\r\n.BalloonText { margin-bottom:0pt; t-i:17pt; line-height:normal; font-family:'Segoe UI'; font-size: 0.90em }\r\n.Beteckning { margin-top:18pt; margin-bottom:0pt; t-i:14.2pt; page-break-inside:auto; page-break-after:auto; line-height:19.5pt; font-size: 1.05em }\r\n.BlockText, .Inramatstycke { margin-right:56.7pt; margin-left:56.7pt; margin-bottom:0pt; t-i:0pt; text-align:nojustify; line-height:15pt; border-top-style:solid; border-top-width:0.75pt; border-top-color:#000000; border-right-style:solid; border-right-width:0.75pt; border-right-color:#000000; border-left-style:solid; border-left-width:0.75pt; border-left-color:#000000; border-bottom-style:solid; border-bottom-width:0.75pt; border-bottom-color:#000000; padding-top:10pt; padding-right:10pt; padding-left:10pt; padding-bottom:10pt; font-size: 0.90em; font-style:italic }\r\n.Citaticitat { margin-top:7.5pt; margin-left:34pt; margin-bottom:0pt; t-i:0pt; line-height:12pt; font-size: 0.90em }\r\n.Citaticitatmedindrag { margin-top:0pt; margin-left:34pt; margin-bottom:7.5pt; t-i:17pt; line-height:12pt; font-size: 0.90em }\r\n.Citatmedindrag { margin-top:0pt; margin-left:17pt; margin-bottom:0pt; t-i:17pt; line-height:12pt; font-size: 0.90em }\r\n.CommentSubject { margin-bottom:0pt; t-i:17pt; line-height:normal; font-size: 0.90em; font-weight:bold }\r\n.CommentText { margin-bottom:0pt; t-i:17pt; line-height:normal; font-size: 0.90em }\r\n.FSHTitel, .Dokumentrubrik { margin-top:4pt; margin-bottom:4pt; t-i:0pt; page-break-inside:avoid; page-break-after:avoid; line-height:20pt; border-bottom-style:solid; border-bottom-width:0.75pt; border-bottom-color:#000000; padding-bottom:3pt; font-size: 1.05em }\r\n.FSHLogo { margin-top:4pt; margin-bottom:0pt; t-i:0pt; line-height:normal; font-size: 0.90em }\r\n.FSHNormL { margin-top:4pt; margin-bottom:0pt; t-i:0pt; line-height:15pt; border-top-style:solid; border-top-width:1.5pt; border-top-color:#000000; padding-top:3pt; font-size: 0.90em }\r\n.FSHNormal { margin-top:4pt; margin-bottom:0pt; t-i:0pt; line-height:15pt; font-size: 0.90em }\r\n.FSHNormalS5 { margin-top:11.5pt; margin-bottom:26pt; t-i:0pt; page-break-inside:avoid; page-break-after:avoid; line-height:12.5pt; font-size: 0.95em; font-weight:bold }\r\n.FSHRub1, .Rubrik1S5 { margin-top:135pt; margin-bottom:0pt; t-i:0pt; page-break-inside:avoid; page-break-after:avoid; line-height:16pt; font-size: 1.00em }\r\n.FSHRub2, .Rubrik1A4 { margin-top:50pt; margin-bottom:5pt; t-i:0pt; page-break-inside:avoid; page-break-after:avoid; line-height:24pt; font-size: 1.05em }\r\n.Footer { margin-top:4pt; margin-bottom:0pt; t-i:0pt; text-align:center; line-height:normal; font-size: 0.90em }\r\n.FootnoteText { margin-top:0pt; margin-bottom:0pt; t-i:0pt; line-height:12pt; font-size: 0.90em }\r\n.Yrkandehnv, .Frslagspunkthnv { margin-bottom:0pt; t-i:0pt; page-break-inside:avoid; page-break-after:avoid; font-size: 0.90em }\r\n.Frslagsrubrik { margin-top:41pt; margin-bottom:0pt; t-i:0pt; page-break-inside:avoid; page-break-after:avoid; line-height:19.5pt; font-family:'Verdana'; font-size: 1.05em }\r\n.Frslagstext, .Hemstlatt, .Yrkande { margin-top:4pt; margin-left:19.85pt; margin-bottom:0pt; t-i:-19.85pt; line-height:15pt; font-size: 0.90em }\r\n.Header { margin-top:4pt; margin-bottom:0pt; t-i:0pt; line-height:normal; font-size: 0.90em }\r\n.KantRubrikS5H { margin-top:6pt; margin-right:2.85pt; margin-bottom:0pt; t-i:0pt; text-align:right; line-height:8pt; font-size: 0.90em }\r\n.KantRubrikS5Hrad2 { margin-top:0pt; margin-right:2.85pt; margin-bottom:0pt; t-i:0pt; text-align:right; line-height:10pt; font-size: 0.90em }\r\n.KantRubrikS5V { margin-top:6pt; margin-right:0pt; margin-bottom:0pt; t-i:0pt; text-align:left; line-height:8pt; font-size: 0.90em }\r\n.KantRubrikS5Vrad2 { margin-top:0pt; margin-right:0pt; margin-bottom:0pt; t-i:0pt; text-align:left; line-height:10pt; font-size: 0.90em }\r\n.KantrubrikH { margin-top:4pt; margin-right:0pt; margin-bottom:0pt; t-i:0pt; text-align:right; line-height:15pt; font-size: 0.90em }\r\n.KantrubrikV { margin-top:4pt; margin-left:0pt; margin-bottom:0pt; t-i:0pt; line-height:normal; font-size: 0.90em }\r\n.Klla { margin-top:0pt; margin-bottom:0pt; t-i:0pt; line-height:12pt; font-size: 0.90em }\r\n.Lagtext { margin-top:4pt; margin-bottom:0pt; t-i:0pt; line-height:normal; font-size: 0.90em }\r\n.Lagtextindrag { margin-top:4pt; margin-bottom:0pt; t-i:14.2pt; line-height:normal; font-size: 0.90em }\r\n.Lagtextrubrik { margin-top:4pt; margin-bottom:0pt; t-i:0pt; line-height:normal; font-size: 0.90em; font-style:italic; letter-spacing:1pt }\r\n.List { margin-top:7.5pt; margin-left:17pt; margin-bottom:7.5pt; t-i:-17pt; line-height:15pt; font-size: 0.90em }\r\n.ListBullet, .PunktlistaBomb { margin-top:4pt; margin-left:14.2pt; margin-bottom:0pt; t-i:-14.2pt; line-height:15pt; font-size: 0.90em }\r\n.ListNumber, .PunktlistaNummer { margin-top:4pt; margin-left:14.2pt; margin-bottom:0pt; t-i:-14.2pt; line-height:15pt; font-size: 0.90em }\r\n.ListParagraph { margin-left:36pt; margin-bottom:0pt; t-i:17pt; line-height:15pt; font-size: 0.90em }\r\n.ListaGemener { margin-top:7.5pt; margin-left:17pt; margin-bottom:7.5pt; t-i:-17pt; line-height:15pt; font-size: 0.90em }\r\n.ListaLinje { margin-top:7.5pt; margin-left:17pt; margin-bottom:7.5pt; t-i:-17pt; line-height:15pt; font-size: 0.90em }\r\n.ListaNummer { margin-top:7.5pt; margin-left:17pt; margin-bottom:7.5pt; t-i:-17pt; line-height:15pt; font-size: 0.90em }\r\n.ListaPunkt { margin-top:7.5pt; margin-left:17pt; margin-bottom:7.5pt; t-i:-17pt; line-height:15pt; font-size: 0.90em }\r\n.MotionTIllRiksdagen { margin-top:18pt; margin-bottom:0pt; t-i:0pt; page-break-inside:avoid; page-break-after:avoid; line-height:19.5pt; font-size: 1.05em }\r\n.Motionr { margin-top:14pt; margin-bottom:31.5pt; t-i:0pt; page-break-inside:avoid; line-height:15pt; font-size: 1.00em; font-weight:bold; font-style:normal }\r\n.NormalIndent { margin-left:65.2pt; margin-bottom:0pt; t-i:17pt; line-height:15pt; font-size: 0.90em }\r\n.Normalutanindragellerluft { margin-top:4pt; margin-bottom:0pt; t-i:0pt; line-height:15pt; font-size: 0.90em }\r\n.Normal00 { margin-top:4pt; margin-bottom:0pt; t-i:0pt; line-height:normal; font-size: 0.90em }\r\n.NormalA4fot { margin-top:12pt; margin-bottom:0pt; t-i:0pt; text-align:center; line-height:normal; font-size: 0.90em }\r\n.NormalA4sidnr { margin-top:4pt; margin-bottom:12pt; t-i:0pt; text-align:center; line-height:normal; font-size: 0.90em }\r\n.NormalS5sidnrH { margin-top:4pt; margin-right:2.85pt; margin-bottom:0pt; t-i:0pt; text-align:right; line-height:normal; font-size: 0.90em }\r\n.NormalS5sidnrV { margin-top:4pt; margin-right:0pt; margin-bottom:0pt; t-i:0pt; text-align:left; line-height:normal; font-size: 0.90em }\r\n.PlainText { margin-bottom:0pt; t-i:0pt; line-height:12pt; font-family:'Verdana'; font-size: 0.90em }\r\n.Strecklista, .PunktlistaTankstreck { margin-top:4pt; margin-left:14.2pt; margin-bottom:0pt; t-i:-14.2pt; line-height:15pt; font-size: 0.90em }\r\n.Quote { margin-top:7.5pt; margin-left:17pt; margin-bottom:0pt; t-i:0pt; line-height:12pt; font-size: 0.90em }\r\n.R1 { margin-top:41pt; margin-bottom:0pt; t-i:0pt; page-break-inside:avoid; page-break-after:avoid; line-height:19.5pt; font-family:'Verdana'; font-size: 1.05em }\r\n.R2 { margin-top:30pt; margin-bottom:0pt; t-i:0pt; page-break-inside:avoid; page-break-after:avoid; line-height:15pt; font-family:'Verdana'; font-size: 1.00em }\r\n.R3 { margin-top:18pt; margin-bottom:0pt; t-i:0pt; page-break-inside:avoid; page-break-after:avoid; line-height:15pt; font-family:'Verdana'; font-size: 0.90em; font-weight:bold }\r\n.Rubrik1numrerat { margin-top:41pt; margin-left:18pt; margin-bottom:0pt; t-i:-18pt; page-break-inside:auto; page-break-after:avoid; line-height:19.5pt; font-family:'Verdana'; font-size: 1.05em }\r\n.Rubrik2numrerat { margin-top:30pt; margin-left:39.6pt; margin-bottom:0pt; t-i:-39.6pt; page-break-inside:avoid; page-break-after:avoid; line-height:15pt; font-family:'Verdana'; font-size: 1.00em }\r\n.Rubrik3numrerat { margin-top:18pt; margin-left:61.2pt; margin-bottom:0pt; t-i:-61.2pt; page-break-inside:avoid; page-break-after:avoid; line-height:15pt; font-family:'Verdana'; font-size: 0.90em; font-weight:bold }\r\n.Rubrik4numrerat { margin-top:18pt; margin-left:82.2pt; margin-bottom:0pt; t-i:-82.2pt; page-break-inside:avoid; page-break-after:avoid; line-height:15pt; font-family:'Verdana'; font-size: 0.90em; font-weight:normal; font-style:italic }\r\n.RubrikFrslagTIllRiksdagsbeslut { margin-top:41pt; margin-bottom:15pt; t-i:0pt; page-break-inside:avoid; page-break-after:avoid; line-height:19.5pt; font-family:'Verdana'; font-size: 1.05em }\r\n.RubrikInnehllsf { margin-top:41pt; margin-bottom:0pt; t-i:0pt; page-break-inside:avoid; page-break-after:avoid; line-height:19.5pt; font-family:'Verdana'; font-size: 1.05em }\r\n.RubrikSammanf { margin-top:41pt; margin-bottom:0pt; t-i:0pt; page-break-inside:avoid; page-break-after:avoid; line-height:19.5pt; font-family:'Verdana'; font-size: 1.05em }\r\n.Salutation { margin-top:41pt; margin-bottom:0pt; t-i:0pt; page-break-inside:avoid; page-break-after:avoid; line-height:19.5pt; font-family:'Verdana'; font-size: 1.05em }\r\n.Streckkod { margin-top:12pt; margin-bottom:0pt; t-i:0pt; text-align:center; line-height:normal; font-family:IDAutomationHC39S; font-size: 1.00em }\r\n.Subtitle { margin-top:4pt; margin-bottom:0pt; t-i:0pt; line-height:15pt; font-family:'Verdana'; font-size: 0.90em; font-weight:bold }\r\n.TOC1 { margin-top:4pt; margin-bottom:0pt; t-i:0pt; line-height:15pt; font-size: 0.90em }\r\n.TOC2 { margin-top:4pt; margin-left:14.2pt; margin-bottom:0pt; t-i:0pt; line-height:15pt; font-size: 0.90em }\r\n.TOC3 { margin-top:4pt; margin-left:28.35pt; margin-bottom:0pt; t-i:0pt; line-height:15pt; font-size: 0.90em }\r\n.TOC4 { margin-top:4pt; margin-left:42.55pt; margin-bottom:0pt; t-i:0pt; line-height:15pt; font-size: 0.90em }\r\n.TOC5 { margin-top:4pt; margin-left:56.7pt; margin-bottom:0pt; t-i:0pt; line-height:15pt; font-size: 0.90em }\r\n.TOC6 { margin-top:4pt; margin-left:56.7pt; margin-bottom:0pt; t-i:0pt; line-height:15pt; font-size: 0.90em }\r\n.TOC7 { margin-top:15pt; margin-left:56.7pt; margin-bottom:0pt; t-i:14.2pt; page-break-inside:avoid; page-break-after:avoid; line-height:normal; font-family:'Verdana'; font-size: 0.90em; font-weight:normal; font-style:italic }\r\n.TOC8 { margin-top:15pt; margin-left:56.7pt; margin-bottom:0pt; t-i:14.2pt; page-break-inside:avoid; page-break-after:avoid; line-height:normal; font-family:'Verdana'; font-size: 0.90em; font-weight:normal; font-style:italic }\r\n.TOC9 { margin-top:15pt; margin-left:56.7pt; margin-bottom:0pt; t-i:14.2pt; page-break-inside:avoid; page-break-after:avoid; line-height:normal; font-family:'Verdana'; font-size: 0.90em; font-weight:normal; font-style:italic }\r\n.TOCHeading { margin-top:41pt; margin-bottom:0pt; t-i:0pt; page-break-inside:avoid; page-break-after:avoid; line-height:19.5pt; font-family:'Verdana'; font-size: 1.05em }\r\n.Tabellunderrubrik { margin-top:0pt; margin-bottom:0pt; t-i:0pt; line-height:15pt; font-size: 0.90em; font-weight:normal; font-style:italic }\r\n.Tabellrubrik { margin-top:7.5pt; margin-bottom:0pt; t-i:0pt; line-height:15pt; font-size: 0.90em; font-weight:bold }\r\n.Title { margin-top:41pt; margin-bottom:0pt; t-i:0pt; page-break-inside:avoid; page-break-after:avoid; line-height:19.5pt; font-family:'Verdana'; font-size: 1.05em }\r\n.Underskriftdatum { margin-top:24pt; margin-bottom:3pt; t-i:0pt; page-break-inside:avoid; line-height:15pt; font-size: 0.90em; font-style:normal }\r\n.Underskrifter { margin-top:15pt; margin-bottom:3pt; t-i:0pt; page-break-inside:avoid; line-height:15pt; font-size: 0.90em; font-style:italic }\r\nspan.BallongtextChar { font-family:'Segoe UI'; font-size: 0.90em }\r\nspan.BeteckningChar { font-size:19.5pt }\r\nspan.CommentReference { font-size:8pt }\r\nspan.FSHRub2Char, span.Rubrik1A4Char { font-size:24pt }\r\nspan.FotnotstextChar { font-size:10pt }\r\nspan.InledningChar { font-family:'Verdana'; font-size: 1.00em; font-weight:bold }\r\nspan.IntenseReference { font-weight:normal; font-style:normal; font-variant:normal; text-decoration:none; text-transform:none; letter-spacing:0pt; vertical-align:0pt; color:#000000; display:inline }\r\nspan.KommentarerChar { font-size:10pt }\r\nspan.KommentarsmneChar { font-size:10pt; font-weight:bold }\r\nspan.MotionTIllRiksdagenChar { font-size:19.5pt }\r\nspan.OformateradtextChar { font-family:'Verdana'; font-size: 0.90em }\r\nspan.PlaceholderText { color:#f4b083 }\r\nspan.Rubrik1Char { font-family:'Verdana'; font-size: 1.05em }\r\nspan.Rubrik2Char { font-family:'Verdana'; font-size: 1.00em; font-weight:bold }\r\nspan.Rubrik3Char { font-family:'Verdana'; font-size: 0.90em; font-weight:bold }\r\nspan.Rubrik4Char { font-family:'Verdana'; font-size: 0.90em; font-style:italic }\r\nspan.Rubrik5Char { font-family:'Verdana'; font-weight:bold }\r\nspan.Rubrik6Char { font-family:'Verdana'; font-style:italic }\r\nspan.Rubrik7Char { font-family:'Verdana'; font-size: 0.90em; font-weight:bold }\r\nspan.Rubrik8Char { font-family:'Verdana'; font-size: 0.90em; font-weight:bold }\r\nspan.Rubrik9Char { font-family:'Verdana'; font-size: 0.90em; font-weight:bold }\r\nspan.RubrikChar { font-family:'Verdana'; font-size: 1.00em; font-weight:bold }\r\nspan.SidfotChar { font-size:11.5pt }\r\nspan.UnderrubrikChar { font-family:'Verdana'; font-size: 0.90em; font-weight:bold }\r\n.TableGrid {  }\r\n\r\n.pconf{width: 450px;margin-left:5px;overflow:visable;font-family:Verdana, Geneva, sans-serif;} \r\n .sidhuvud_publikation, .sidhuvud_beteckning{font-size:133%}\r\n.MotionarLista {font-size:122%}\r\n\r\n--></style><div class=\"pconf\"><span class=\"sidhuvud_publikation\">Motion till riksdagen</span><br/>\r\n<span class=\"sidhuvud_beteckning\">2018/19:1403</span><br/>\r\n<span class=\"MotionarLista\">av Annika Hirvonen Falk (MP)</span><br/>\r\n<h1>Situationen för elever med neuropsykiatriska funktionsnedsättningar </h1>\r\n<hr class=\"sidhuvud_linje\"/>\r\n\r\n\r\n\t\t<div class=\"Section1\">\r\n\t\t\t<h1 style=\"margin-bottom:15pt; -aw-sdt-tag:CC_Boilerplate_4; -aw-sdt-title:CC_Boilerplate_4\">\r\n\t\t\t\t<span>Förslag till riksdagsbeslut</span>\r\n\t\t\t</h1>\r\n\t\t\t<ol type=\"1\" style=\"margin:0pt; padding-left:0pt\">\r\n\t\t\t\t<li class=\"Frslagstext\" style=\"margin-left:14pt; t-i:0pt; padding-left:5.85pt; font-family:'Verdana'; font-size: 0.90em\">\r\n\t\t\t\t\t<span style=\"font-family:'Verdana'; font-size: 0.90em\">Riksdagen ställer sig bakom det som anförs i motionen om att anpassa undervisningen till vad som är bäst för varje enskild elev och tillkännager detta för regeringen.</span>\r\n\t\t\t\t</li>\r\n\t\t\t\t<li class=\"Frslagstext\" style=\"margin-left:14pt; t-i:0pt; padding-left:5.85pt; font-family:'Verdana'; font-size: 0.90em\">\r\n\t\t\t\t\t<span style=\"font-family:'Verdana'; font-size: 0.90em\">Riksdagen ställer sig bakom det som anförs i motionen om att kunskap om NPF bör införas på alla rektors-, förskollärar- och lärarutbildningar och tillkännager detta för regeringen.</span>\r\n\t\t\t\t</li>\r\n\t\t\t\t<li class=\"Frslagstext\" style=\"margin-left:14pt; t-i:0pt; padding-left:5.85pt; font-family:'Verdana'; font-size: 0.90em\">\r\n\t\t\t\t\t<span style=\"font-family:'Verdana'; font-size: 0.90em\">Riksdagen ställer sig bakom det som anförs i motionen om utbyggnad av kompetensutvecklingsinsatsen Specialpedagogik för lärande och tillkännager detta för regeringen.</span>\r\n\t\t\t\t</li>\r\n\t\t\t\t<li class=\"Frslagstext\" style=\"margin-left:14pt; t-i:0pt; padding-left:5.85pt; font-family:'Verdana'; font-size: 0.90em\">\r\n\t\t\t\t\t<span style=\"font-family:'Verdana'; font-size: 0.90em\">Riksdagen ställer sig bakom det som anförs i motionen om att förbättra uppföljningen av elever med neuropsykiatriska funktionsnedsättningar och tillkännager detta för regeringen.</span>\r\n\t\t\t\t</li>\r\n\t\t\t</ol>\r\n\t\t\t<h1 style=\"-aw-sdt-tag:CC_Motivering_Rubrik; -aw-sdt-title:CC_Motivering_Rubrik\">\r\n\t\t\t\t<a name=\"MotionsStart\"></a><span>Sammanfattning</span>\r\n\t\t\t</h1>\r\n\t\t\t<p class=\"Normalutanindragellerluft\">\r\n\t\t\t\t<span>”Barn och elever ska ges stöd och stimulans så att de utvecklas så långt som möjligt.” Det är skollagens kanske viktigaste skrivning. Den gör tydligt att utbildningen ska ta hänsyn till barns och elevers olika behov. Skolan ska arbeta för att uppväga skillnader i barn</span><span>s</span><span> och elevers förutsättningar att tillgodogöra sig utbildningen. Det anger uppdraget för varje kommun och friskola – och andra krav eller prioriteringar får inte komma före. Men vi är inte där idag. Elever med neuropsykiatriska funktionsnedsättningar (NPF) möter fler hinder än andra elever för att de behöver andra förutsättningar för att kunna utveckla sin fulla potential. Det kan handla om anpassade lokaler, hjälpmedel, varierande gruppstorlekar, personal med rätt kompetens och arbetssätt som utgår från de enskilda barnens behov. Det är också stor skillnad mellan stödet beroende på kön, pojkar får mer stöd än flickor. </span>\r\n\t\t\t</p>\r\n\t\t\t<p>\r\n\t\t\t\t<span>Miljöpartiet i</span><span> regering </span><span>har </span><span>gjort en lång rad insatser men fortfarande är situationen för många elever med neuropsykiatriska funktionsnedsättningar oacceptabel och mer måste göras. Därför föreslår Miljöpartiet i den här motionen att undervisningen anpassas till vad som är bäst för varje enskild elev, att NPF införs på alla rektors-, förskollärar- och lärarutbildningar, at</span><span>t Specialpedagogik för lärande </span><span>byggs ut och att uppföljningen av elever med neuropsykiatriska funktionsnedsättningar förbättras. </span>\r\n\t\t\t</p>\r\n\t\t\t<h1>\r\n\t\t\t\t<span>Miljöpartiet i regering har gjort</span><span> en lång rad viktiga insatser </span>\r\n\t\t\t</h1>\r\n\t\t\t<h2 style=\"margin-top:18pt\">\r\n\t\t\t\t<span>Infört l</span><span>ä</span><span>sa-skriva-</span><span>räkna-garanti</span><span> </span>\r\n\t\t\t</h2>\r\n\t\t\t<p class=\"Normalutanindragellerluft\">\r\n\t\t\t\t<span>Det får inte bero på var en elev går i skola om han eller hon får stöd eller inte. Tidiga insatser är viktiga för elevernas självkänsla och kan i fråga om grundläggande färdig</span><span>­</span><span>heter, som exempelvis läsa och skriva, även motverka svårigheter i andra ämn</span><span>en. Miljöpartiet i regering har</span><span> därför</span><span> drivit igenom</span><span> en läsa-skriva-räkna-garanti. Garantin innebär en stärkt rätt för elever att få de stödinsatser de har behov av tidigt i sin skol</span><span>­</span><span>gång och på så sätt få en ökad möjlighet att nå kunskapskraven. När garantin nu ska förverkligas är det positivt och viktigt att den beslutades med bred förankring i riksdagen och efter en nära dialog med organisationer för funktionsrättsrörelsen. Ytterst är det huvudmännens ansvar att garantin uppfylls och nu är det därför avgörande att kommuner och andra huvudmän aktivt säkerställer att rektorer, lärare och special</span><span>­</span><span>pedagoger har tillgång till de resurser och den organisation som krävs för att förverkliga garantin när den träder i kraft 1 juli 201</span><span>9.</span>\r\n\t\t\t</p>\r\n\t\t\t<h2>\r\n\t\t\t\t<span>Fler platser på specialpedagog- och speciallärarutbildningarna</span>\r\n\t\t\t</h2>\r\n\t\t\t<p class=\"Normalutanindragellerluft\">\r\n\t\t\t\t<span>Miljöpartiet i regering lyckades vända kurvan så att den nu går uppåt, både vad gäller hur många specialpedagoger och speciallärare vi har ute på skolorna och hur många som utbildar sig. Vi har också infört fler inriktningar på utbildningen. </span><span>E</span><span>ftersom detta område har varit eftersatt under lång tid krävs det även ett stort arbete framåt. Att vi lyckas få fler specialpedagoger och speciallärare har stor </span><span>betydelse för genomförandet av l</span><span>äsa</span><span>-</span><span>skriva</span><span>-</span><span>räkna-garantin, där specialpedagogisk kompetens ska användas vid bedömningarna.</span>\r\n\t\t\t</p>\r\n\t\t\t<h2>\r\n\t\t\t\t<span>Pågående utredning om</span><span> arbetet med stöd och elevhälsa</span>\r\n\t\t\t</h2>\r\n\t\t\t<p class=\"Normalutanindragellerluft\">\r\n\t\t\t\t<span>Miljöpartiet i regering tillsatte en utredning om arbetet med stöd och elevhälsa som ska lämna förslag i syfte att skapa bättre förutsättningar för elever, såväl flickor som pojkar, att nå de kunskapskrav som minst ska uppnås. Skolinspektionens tillsyn visar att det är vanligt att huvudmän inte tillgodoser elevernas rätt till extra anpassningar och särskilt stöd. Tillsynen visar också att det är vanligt att detta är kopplat till brister i elevhälso</span><span>­</span><span>arbetet. En uppföljning från Skolverket konstaterade att drygt hälften av eleverna som saknade godkänt betyg i både sjätte och nionde klass ändå inte hade fått särskilt stöd i åttan eller nian. Utredningen är fri att komma fram till att det behövs en starkare reglering om vilken tillgång som behövs av speciallärare, alltså ett större krav på huvudmännen än i dag.</span>\r\n\t\t\t</p>\r\n\t\t\t<h2>\r\n\t\t\t\t<span>Specialpedagogik för lärande</span>\r\n\t\t\t</h2>\r\n\t\t\t<p class=\"Normalutanindragellerluft\">\r\n\t\t\t\t<span>Kompetenslyftet Specialpedagogik för lärande har genomförts, där specialpedagoger handleder lärare för att öka den generella kompetensen bland alla lärare om hur de möter elever med olika förutsättningar. Det har ett särskilt fokus på NPF.</span>\r\n\t\t\t</p>\r\n\t\t\t<h2>\r\n\t\t\t\t<span>Fler anställda i elevhälsan och fortbildning för speciallärare</span>\r\n\t\t\t</h2>\r\n\t\t\t<p class=\"Normalutanindragellerluft\">\r\n\t\t\t\t<span>Statsbidrag för fler anställda i elevhälsan och fortbildning av befintlig personal till specialpedagog/speciallärare. 900 fler specialpedagoger och speciallärare har anställts. </span>\r\n\t\t\t</p>\r\n\t\t\t<p>\r\n\t\t\t\t<span>Studiepaket om NPF tillgängligt för alla lärare</span><span>. </span><span>Specialpedagogiska skolmyndig</span><span>­</span><span>heten (SPSM) erbjuder nu studiepaket om NPF som riktar sig till enskilda lärare och arbetslag. Studiepaketen innebär moduler för kollegialt lärande tillgängliga för alla lärare, från förskola till gymnasium.</span>\r\n\t\t\t</p>\r\n\t\t\t<h2>\r\n\t\t\t\t<span>NPF har införts i examensmålen på specialpedagog</span><span>utbildningarna</span>\r\n\t\t\t</h2>\r\n\t\t\t<p class=\"Normalutanindragellerluft\">\r\n\t\t\t\t<span>Reglerna för tilläggsbelopp för särskilt stöd till barn och elever har förtydligats</span><span>.</span>\r\n\t\t\t</p>\r\n\t\t\t<p>\r\n\t\t\t\t<span>Miljöpartiet i regering såg till att reglerna i skollag och förordningar förtydligades för tilläggsbelopp för särskilt stöd till barn och elever. Förändringarna gjordes med syftet att säkerställa att enskilda förskole- och skolhuvudmän får de resurser som behövs för att tillgodose varje barns och elevs behov av särskilt stöd. Bakgrunden till ändringarna är att lagstiftningen har varit otydlig, vilket har medfört att tillämpningen blivit mer restriktiv än vad som varit meningen.</span><span> </span><span>Skolverket ser öv</span><span>er kunskapskraven i dialog med </span><span>professioner som är experter på elevers kognitiva utveckling</span><span>.</span>\r\n\t\t\t</p>\r\n\t\t\t<p>\r\n\t\t\t\t<span>Men för att möta utmaningarna för elever med neuropsykiatriska funktio</span><span>nsnedsättningar </span><span>krävs det mer.</span>\r\n\t\t\t</p>\r\n\t\t\t<h1>\r\n\t\t\t\t<span>Skolsituationen för elever med NPF oacceptabel</span>\r\n\t\t\t</h1>\r\n\t\t\t<p class=\"Normalutanindragellerluft\">\r\n\t\t\t\t<span>Skolsituationen för många elever med autism och andra neuropsykiatriska funktions</span><span>­</span><span>nedsättningar är oacceptabel. </span><span>Autism- och Aspergerförbundets </span><span>skolenkät 2018 visar bland annat att:</span>\r\n\t\t\t</p>\r\n\t\t\t<ul type=\"disc\" style=\"margin:0pt; padding-left:0pt\">\r\n\t\t\t\t<li class=\"ListaPunkt\" style=\"margin-left:10.52pt; margin-bottom:0pt; t-i:0pt; padding-left:6.48pt; font-family:serif; font-size: 0.90em\">\r\n\t\t\t\t\t<span style=\"font-family:'Verdana'; font-size: 0.90em\">måluppfyllelsen för ämnena svenska, engelska och matematik för </span><span style=\"font-family:'Verdana'; font-size: 0.90em\">elever med autism är låg, 44</span><span style=\"font-family:'Verdana'; font-size: 0.90em\"> </span><span style=\"font-family:'Verdana'; font-size: 0.90em\">%. F</span><span style=\"font-family:'Verdana'; font-size: 0.90em\">ör grundsärskolan så låg som 32</span><span style=\"font-family:'Verdana'; font-size: 0.90em\"> </span><span style=\"font-family:'Verdana'; font-size: 0.90em\">%.</span>\r\n\t\t\t\t</li>\r\n\t\t\t\t<li class=\"ListaPunkt\" style=\"margin-top:0pt; margin-left:10.52pt; margin-bottom:0pt; t-i:0pt; padding-left:6.48pt; font-family:serif; font-size: 0.90em\">\r\n\t\t\t\t\t<span style=\"font-family:'Verdana'; font-size: 0.90em\">frånvaron har ökat till 52</span><span style=\"font-family:'Verdana'; font-size: 0.90em\"> </span><span style=\"font-family:'Verdana'; font-size: 0.90em\">%, jämfört med 46</span><span style=\"font-family:'Verdana'; font-size: 0.90em\"> </span><span style=\"font-family:'Verdana'; font-size: 0.90em\">% i förbundets skolenkät 2016. Det är i grundskolan och grundsärskolan som frånvaron har ökat sedan förra enkäten.</span>\r\n\t\t\t\t</li>\r\n\t\t\t\t<li class=\"ListaPunkt\" style=\"margin-top:0pt; margin-left:10.52pt; margin-bottom:0pt; t-i:0pt; padding-left:6.48pt; font-family:serif; font-size: 0.90em\">\r\n\t\t\t\t\t<span style=\"font-family:'Verdana'; font-size: 0.90em\">många barn, 55</span><span style=\"font-family:'Verdana'; font-size: 0.90em\"> </span><span style=\"font-family:'Verdana'; font-size: 0.90em\">%, har frånvaro</span><span style=\"font-family:'Verdana'; font-size: 0.90em\"> redan i grundskolans årskurs 1–</span><span style=\"font-family:'Verdana'; font-size: 0.90em\">3, vilket är en tydlig försämring sedan förra enkäten.</span>\r\n\t\t\t\t</li>\r\n\t\t\t\t<li class=\"ListaPunkt\" style=\"margin-top:0pt; margin-left:10.52pt; t-i:0pt; padding-left:6.48pt; font-family:serif; font-size: 0.90em\">\r\n\t\t\t\t\t<span style=\"font-family:'Verdana'; font-size: 0.90em\">flickor har betydligt högre</span><span style=\"font-family:'Verdana'; font-size: 0.90em\"> frånvaro än pojkar i årskurs 7–</span><span style=\"font-family:'Verdana'; font-size: 0.90em\">9, både i gr</span><span style=\"font-family:'Verdana'; font-size: 0.90em\">undskolan och i grundsärskolan.</span>\r\n\t\t\t\t</li>\r\n\t\t\t</ul>\r\n\t\t\t<h1>\r\n\t\t\t\t<span>Anpassa undervisningen till vad som är bäst för varje enskild elev</span>\r\n\t\t\t</h1>\r\n\t\t\t<p class=\"Normalutanindragellerluft\">\r\n\t\t\t\t<span>Miljöpartiet vill att alla förskolor och skolor organiseras så att det möjliggör flexibla lösningar med större och mindre undervisningsgrupper, anpassade efter vad som är bäst för den enskilda eleven. För Miljöpartiet är det också självklart att det är profession och forskning som gör de pedagogiska avvägningarna utifrån varje barns behov. Politikens uppgift är att ge förutsättningar för den individanpassning som professionen bedöm</span><span>er behövs. </span><span>Resursskolor och särskilda undervisningsgrupper fyller ett vik</span><span>tigt behov.</span>\r\n\t\t\t</p>\r\n\t\t\t<h1>\r\n\t\t\t\t<span>Ge alla lärare och rektorer kunskap om NPF</span>\r\n\t\t\t</h1>\r\n\t\t\t<p class=\"Normalutanindragellerluft\">\r\n\t\t\t\t<span>Såväl undersökningar som flera intresseorganisationer har lyft fram behovet </span><span>av </span><span>ökad kunskap om neuropsykiatriska funktionsnedsättningar i förskola och skola. Miljöpartiet i regering införde den kunskapen på speciallärar- och specialpedagogutbildningen. Särskilda studiepaket som erbjuder fortbildning för de som idag är lärare finns på plats. Men kunskap om NPF behöver också införas på alla förskollärar- och lärarutbildningar. Med sådan förstärkt specialpedagogisk kunskap rustas skolan långsiktigt för ett mer medvetet och proaktivt förhållningssätt till elever med NPF.</span><span> </span><span>Vi vet också att under</span><span>­</span><span>visning som håller god kvalitet för elever med NPF ofta också fungerar bra för andra elever. Därmed skulle en sådan ökad specialpedagogisk kompetens sannolikt ha en positiv effekt även för andra elevgrupper. </span>\r\n\t\t\t</p>\r\n\t\t\t<p>\r\n\t\t\t\t<span>Dessutom krävs kunskaper även hos rektorer så att de får förutsättningar att ta helhetsansvaret och organisera arbetet så att undervisningen verkligen kan individanpassas. Det kan handla om lokalfrågor, utredningar inför särskilt stöd, förläggning av arbetstid, arbetslagens sammansättning och mycket annat som är avgörande för hur väl skollagens skrivningar om en undervisning anpassad efter varje enskild elev kan förv</span><span>erkligas. </span><span>Därför behöver också det statliga rektorsprogrammet innehålla delar som ger re</span><span>ktorerna nödvändig kunskap och </span><span>verktyg för att arbeta strategiskt</span><span> och målmedvetet för att skapa en undervisning som är anpassad för varje enskild elev.</span>\r\n\t\t\t</p>\r\n\t\t\t<h1>\r\n\t\t\t\t<span>Bygg ut Specialpedagogik för lärande</span>\r\n\t\t\t</h1>\r\n\t\t\t<p class=\"Normalutanindragellerluft\">\r\n\t\t\t\t<span>Att alla lärare har tillgång till specialpedagogiska metoder och arbetssätt har stor betydelse för att elever ska få rätt stöd i sin kunskapsutveckling. Det är särskilt viktig</span><span>t</span><span> för elever med neuropsykiatriska funktionsnedsättningar. Satsningen Specialpedagogik för lärande som Miljöpartiet i regering införde syftar just till att genom kollegialt lärande utveckla alla grundskollärares specialpedagogiska kompetens för att på så sätt kunna möta elevers olika behov. </span><span>Miljöpartiet vill nu att regeringen tar fram ett förslag på hur denna kompetensutvecklingsinsats kan byggas ut så at</span><span>t den får samma omfattning som M</span><span>atematiklyftet har idag.</span>\r\n\t\t\t</p>\r\n\t\t\t<h1>\r\n\t\t\t\t<span>Förbättra upp</span><span>följningen av elever med NPF</span>\r\n\t\t\t</h1>\r\n\t\t\t<p class=\"Normalutanindragellerluft\">\r\n\t\t\t\t<span>Idag saknas uppföljning av elever med neuropsykiatriska funktionsnedsättningar när det gäller både skolresultat och deltagande på arbetsmarknaden efter skolgång, eftersom det inte förs statistik som belyser läget. För att på ett bättre sätt kunna lära för att utveckla arbetet behöver det finnas statistik för dessa elevers skolresultat och deltagande på arbetsmarknaden. Miljöpartiet vill därför att en utredning tillsätts som analyserar hur uppföljning genom statistik över elever med NPF kan utvecklas på ett sätt som inte medför en ökad administrativ arbetsbörda för lärare och rektore</span><span>r.</span>\r\n\t\t\t</p>\r\n\t\t\t<p style=\"-aw-sdt-tag:CC_Underskrifter; -aw-sdt-title:CC_Underskrifter\">\r\n\t\t\t\t<span> </span>\r\n\t\t\t</p>\r\n\t\t\t<p style=\"-aw-sdt-tag:CC_Underskrifter; -aw-sdt-title:CC_Underskrifter\">\r\n\t\t\t\t<span> </span>\r\n\t\t\t</p>\r\n\t\t\t<table cellspacing=\"0\" cellpadding=\"0\" style=\"border-collapse:collapse; margin-left:0pt; width:100%\">\r\n\t\t\t\t<tr>\r\n\t\t\t\t\t<td style=\"padding-left:5.4pt; padding-right:5.4pt; vertical-align:bottom; width:1%\">\r\n\t\t\t\t\t\t<p class=\"Underskrifter\" style=\"margin-top:15pt; margin-bottom:3pt; t-i:0pt; page-break-inside:avoid; line-height:15pt\">\r\n\t\t\t\t\t\t\t<span style=\"font-style:italic\">Annika Hirvonen Falk (MP)</span>\r\n\t\t\t\t\t\t</p>\r\n\t\t\t\t\t</td>\r\n\t\t\t\t\t<td style=\"padding-left:5.4pt; padding-right:5.4pt; vertical-align:bottom; width:1%\">\r\n\t\t\t\t\t\t<p class=\"Underskrifter\" style=\"margin-top:15pt; margin-bottom:3pt; t-i:0pt; page-break-inside:avoid; line-height:15pt\">\r\n\t\t\t\t\t\t\t<span style=\"font-style:italic\"> </span>\r\n\t\t\t\t\t\t</p>\r\n\t\t\t\t\t</td>\r\n\t\t\t\t</tr>\r\n\t\t\t</table>\r\n\t\t\t<p>\r\n\t\t\t\t<span> </span>\r\n\t\t\t</p>\r\n\t\t</div>\r\n\t</div>"},"dokforslag":{"forslag":[{"nummer":"1","beteckning":null,"lydelse":"Riksdagen ställer sig bakom det som anförs i motionen om att anpassa undervisningen till vad som är bäst för varje enskild elev och tillkännager detta för regeringen.","lydelse2":null,"utskottet":"Avslag","kammaren":"Avslag","behandlas_i":"2018/19:UbU9","behandlas_i_punkt":null,"kammarbeslutstyp":null,"intressent":"UbU","avsnitt":null,"grundforfattning":null,"andringsforfattning":null},{"nummer":"2","beteckning":null,"lydelse":"Riksdagen ställer sig bakom det som anförs i motionen om att kunskap om NPF bör införas på alla rektors-, förskollärar- och lärarutbildningar och tillkännager detta för regeringen.","lydelse2":null,"utskottet":"Avslag","kammaren":"Avslag","behandlas_i":"2018/19:UbU13","behandlas_i_punkt":null,"kammarbeslutstyp":null,"intressent":"UbU","avsnitt":null,"grundforfattning":null,"andringsforfattning":null},{"nummer":"3","beteckning":null,"lydelse":"Riksdagen ställer sig bakom det som anförs i motionen om utbyggnad av kompetensutvecklingsinsatsen Specialpedagogik för lärande och tillkännager detta för regeringen.","lydelse2":null,"utskottet":"Avslag","kammaren":"Avslag","behandlas_i":"2018/19:UbU9","behandlas_i_punkt":null,"kammarbeslutstyp":null,"intressent":"UbU","avsnitt":null,"grundforfattning":null,"andringsforfattning":null},{"nummer":"4","beteckning":null,"lydelse":"Riksdagen ställer sig bakom det som anförs i motionen om att förbättra uppföljningen av elever med neuropsykiatriska funktionsnedsättningar och tillkännager detta för regeringen.","lydelse2":null,"utskottet":"Avslag","kammaren":"Avslag","behandlas_i":"2018/19:UbU9","behandlas_i_punkt":null,"kammarbeslutstyp":null,"intressent":"UbU","avsnitt":null,"grundforfattning":null,"andringsforfattning":null}]},"dokaktivitet":{"aktivitet":[{"kod":"INL","namn":"Inlämnad","datum":"2018-11-28 13:39:06","status":"inträffat","ordning":"0","process":"behandling"},{"kod":"Granskad","namn":"Granskad","datum":"2018-11-28 14:11:51","status":"inträffat","ordning":"0","process":"behandling"},{"kod":"HÄN","namn":"Hänvisad","datum":"2018-12-05 00:00:00","status":"inträffat","ordning":"0","process":"behandling"}]},"dokintressent":{"intressent":{"intressent_id":"0819601620927","namn":"Annika Hirvonen Falk","partibet":"MP","ordning":"1","roll":"undertecknare"}},"dokuppgift":{"uppgift":[{"kod":"motkat","namn":"Motionskategori","text":"Fristående motion","dok_id":"H6021403","systemdatum":"2019-05-17 16:04:50"},{"kod":"tilldelat","namn":"Tilldelat","text":"Utbildningsutskottet","dok_id":"H6021403","systemdatum":"2019-05-17 16:04:50"},{"kod":"statustext","namn":"statustext","text":"Ärendet är avslutat","dok_id":"H6021403","systemdatum":"2019-05-09 17:11:52"}]},"dokbilaga":{"bilaga":[{"dok_id":"H6021403","titel":"Situationen för elever med neuropsykiatriska funktionsnedsättningar ","subtitel":"av Annika Hirvonen Falk (MP)","filnamn":"mot_201819__1403.docx","filstorlek":"74835","filtyp":"docx","fil_url":"http://data.riksdagen.se/fil/813CC3CE-36A8-4E20-AB04-2426FEA931D4"},{"dok_id":"H6021403","titel":"Situationen för elever med neuropsykiatriska funktionsnedsättningar ","subtitel":"av Annika Hirvonen Falk (MP)","filnamn":"mot_201819__1403.pdf","filstorlek":"93268","filtyp":"pdf","fil_url":"http://data.riksdagen.se/fil/0BA8D8C1-1476-49CA-A914-9090E1D9B9FC"}]},"dokreferens":{"referens":[{"referenstyp":"behandlas_i","uppgift":"2018/19:UbU9","ref_dok_id":"H601UbU9","ref_dok_typ":"bet","ref_dok_rm":"2018/19","ref_dok_bet":"UbU9","ref_dok_titel":"Lärare och elever","ref_dok_subtitel":null,"ref_dok_subtyp":"bet","ref_dok_dokumentnamn":"Betänkande"},{"referenstyp":"behandlas_i","uppgift":"2018/19:UbU13","ref_dok_id":"H601UbU13","ref_dok_typ":"bet","ref_dok_rm":"2018/19","ref_dok_bet":"UbU13","ref_dok_titel":"Högskolan","ref_dok_subtitel":null,"ref_dok_subtyp":"bet","ref_dok_dokumentnamn":"Betänkande"}]},"debatt":null}}