{"dokumentstatus":{"dokument":{"hangar_id":"5010904","dok_id":"H6021366","rm":"2018/19","beteckning":"1366","typ":"mot","subtyp":"Kommittémotion","doktyp":"mot","typrubrik":"Motion 2018/19:1366 av Markus Wiechel m.fl. (SD)","dokumentnamn":"Motion","debattnamn":"Motion","tempbeteckning":"SD333","organ":"UU","mottagare":"","nummer":"1366","slutnummer":"0","datum":"2018-11-28 00:00:00","systemdatum":"2020-01-31 14:59:11","publicerad":"2018-11-28 00:00:00","titel":"Förenta nationerna","subtitel":"av Markus Wiechel m.fl. (SD)","status":"Hänvisad","htmlformat":"html","relaterat_id":"","source":"Filur","sourceid":"8cd6eea0-7c9c-4a62-86cd-304311cf108c","dokument_url_text":"http://data.riksdagen.se/dokument/H6021366/text","dokument_url_html":"http://data.riksdagen.se/dokument/H6021366","dokumentstatus_url_xml":"http://data.riksdagen.se/dokumentstatus/H6021366","html":"<style><!-- \r\n /********************************************************************************************************/\r\n/* Styles for D:\\Logs\\DocumentConverter\\\\Output_10b9a477-f7b5-4427-96b3-abed98e379ea\\HTML\\Dokument.html */\r\n/* Generated by Aspose.Words for .NET 15.3.0.0                                                          */\r\n/********************************************************************************************************/\r\n\r\n@page Section1 { size:595.3pt 841.9pt; margin:35.45pt 85.05pt }\r\ndiv.Section1 { page:Section1 }\r\ndiv.pconf body { t-i:17pt; line-height:15pt; font-family:'Verdana'; font-size: 0.90em }\r\ndiv.pconf h1, h2, h3, h4, h5, h6, p { margin:0pt }\r\ndiv.pconf li, table { margin-top:0pt; margin-bottom:0pt }\r\ndiv.pconf h1 { margin-top:41pt; margin-bottom:0pt; page-break-inside:avoid; page-break-after:avoid; line-height:19.5pt; font-family:'Verdana'; font-size: 1.05em; font-weight:normal }\r\ndiv.pconf h2 { margin-top:30pt; margin-bottom:0pt; page-break-inside:avoid; page-break-after:avoid; line-height:15pt; font-family:'Verdana'; font-size: 1.00em; font-weight:normal }\r\ndiv.pconf h3 { margin-top:18pt; margin-bottom:0pt; page-break-inside:avoid; page-break-after:avoid; line-height:15pt; font-family:'Verdana'; font-size: 0.90em; font-weight:bold }\r\ndiv.pconf h4 { margin-top:18pt; margin-bottom:0pt; page-break-inside:avoid; page-break-after:avoid; line-height:15pt; font-family:'Verdana'; font-size: 0.90em; font-weight:normal; font-style:italic }\r\ndiv.pconf h5 { margin-top:15pt; margin-bottom:0pt; page-break-inside:avoid; page-break-after:avoid; line-height:15pt; font-family:'Verdana'; font-size: 0.90em; font-weight:bold; font-style:normal }\r\ndiv.pconf h6 { margin-top:15pt; margin-bottom:0pt; page-break-inside:avoid; page-break-after:avoid; line-height:15pt; font-family:'Verdana'; font-size: 0.90em; font-weight:normal; font-style:italic }\r\n.Heading7 { margin-top:15pt; margin-bottom:0pt; page-break-inside:avoid; page-break-after:avoid; line-height:15pt; font-family:'Verdana'; font-size: 0.90em; font-weight:normal; font-style:italic }\r\n.Heading8 { margin-top:15pt; margin-bottom:0pt; page-break-inside:avoid; page-break-after:avoid; line-height:15pt; font-family:'Verdana'; font-size: 0.90em; font-weight:normal; font-style:italic }\r\n.Heading9 { margin-top:0pt; margin-bottom:0pt; page-break-inside:avoid; page-break-after:avoid; line-height:15pt; font-family:'Verdana'; font-size: 0.90em; font-weight:normal; font-style:italic }\r\n.BalloonText { margin-top:0pt; margin-bottom:0pt; t-i:17pt; line-height:normal; font-family:'Segoe UI'; font-size: 0.90em }\r\n.Beteckning { margin-top:18pt; margin-bottom:0pt; t-i:14.2pt; page-break-inside:auto; page-break-after:auto; line-height:19.5pt; font-size: 1.05em }\r\n.BlockText, .Inramatstycke { margin:0pt 56.7pt; t-i:0pt; text-align:nojustify; line-height:15pt; border-top-style:solid; border-top-width:0.75pt; border-top-color:#000000; border-right-style:solid; border-right-width:0.75pt; border-right-color:#000000; border-left-style:solid; border-left-width:0.75pt; border-left-color:#000000; border-bottom-style:solid; border-bottom-width:0.75pt; border-bottom-color:#000000; padding-top:10pt; padding-right:10pt; padding-left:10pt; padding-bottom:10pt; font-size: 0.90em; font-style:italic }\r\n.Caption { margin-top:0pt; margin-bottom:0pt; t-i:17pt; line-height:15pt; font-size: 0.90em; font-weight:bold; color:#2e74b5 }\r\n.Citaticitat { margin-top:7.5pt; margin-left:34pt; margin-bottom:0pt; line-height:12pt; font-size: 0.90em }\r\n.Citaticitatmedindrag { margin-top:0pt; margin-left:34pt; margin-bottom:7.5pt; t-i:17pt; line-height:12pt; font-size: 0.90em }\r\n.Citatmedindrag { margin-top:0pt; margin-left:17pt; margin-bottom:0pt; t-i:17pt; line-height:12pt; font-size: 0.90em }\r\n.CommentSubject { margin-top:0pt; margin-bottom:0pt; t-i:17pt; line-height:normal; font-size: 0.90em; font-weight:bold }\r\n.CommentText { margin-top:0pt; margin-bottom:0pt; t-i:17pt; line-height:normal; font-size: 0.90em }\r\n.FSHTitel, .Dokumentrubrik { margin-top:4pt; margin-bottom:4pt; page-break-inside:avoid; page-break-after:avoid; line-height:20pt; border-bottom-style:solid; border-bottom-width:0.75pt; border-bottom-color:#000000; padding-bottom:3pt; font-size: 1.05em }\r\n.FSHLogo { margin-top:4pt; margin-bottom:0pt; line-height:normal; font-size: 0.90em }\r\n.FSHNormL { margin-top:4pt; margin-bottom:0pt; line-height:15pt; border-top-style:solid; border-top-width:1.5pt; border-top-color:#000000; padding-top:3pt; font-size: 0.90em }\r\n.FSHNormal { margin-top:4pt; margin-bottom:0pt; line-height:15pt; font-size: 0.90em }\r\n.FSHNormalS5 { margin-top:11.5pt; margin-bottom:26pt; page-break-inside:avoid; page-break-after:avoid; line-height:12.5pt; font-size: 0.95em; font-weight:bold }\r\n.FSHRub1, .Rubrik1S5 { margin-top:135pt; margin-bottom:0pt; page-break-inside:avoid; page-break-after:avoid; line-height:16pt; font-size: 1.00em }\r\n.FSHRub2, .Rubrik1A4 { margin-top:50pt; margin-bottom:5pt; page-break-inside:avoid; page-break-after:avoid; line-height:24pt; font-size: 1.05em }\r\n.Footer { margin-top:4pt; margin-bottom:0pt; text-align:center; line-height:normal; font-size: 0.90em }\r\n.FootnoteText { margin-top:0pt; margin-bottom:0pt; line-height:12pt; font-size: 0.90em }\r\n.Yrkandehnv, .Frslagspunkthnv { margin-top:0pt; margin-bottom:0pt; page-break-inside:avoid; page-break-after:avoid; line-height:normal; font-size: 0.90em }\r\n.Frslagsrubrik { margin-top:41pt; margin-bottom:0pt; page-break-inside:avoid; page-break-after:avoid; line-height:19.5pt; font-family:'Verdana'; font-size: 1.05em }\r\n.Frslagstext, .Hemstlatt, .Yrkande { margin-top:4pt; margin-left:18pt; margin-bottom:0pt; t-i:-18pt; line-height:15pt; font-size: 0.90em }\r\n.Header { margin-top:4pt; margin-bottom:0pt; line-height:normal; font-size: 0.90em }\r\n.IntenseQuote { margin:12pt 54pt; t-i:17pt; text-align:center; line-height:normal; font-size: 0.90em; color:#5b9bd5 }\r\n.KantRubrikS5H { margin-top:6pt; margin-right:2.85pt; margin-bottom:0pt; text-align:right; line-height:8pt; font-size: 0.90em }\r\n.KantRubrikS5Hrad2 { margin-top:0pt; margin-right:2.85pt; margin-bottom:0pt; text-align:right; line-height:10pt; font-size: 0.90em }\r\n.KantRubrikS5V { margin-top:6pt; margin-right:0pt; margin-bottom:0pt; text-align:left; line-height:8pt; font-size: 0.90em }\r\n.KantRubrikS5Vrad2 { margin-top:0pt; margin-right:0pt; margin-bottom:0pt; text-align:left; line-height:10pt; font-size: 0.90em }\r\n.KantrubrikH { margin-top:4pt; margin-right:0pt; margin-bottom:0pt; text-align:right; line-height:15pt; font-size: 0.90em }\r\n.KantrubrikV { margin-top:4pt; margin-left:0pt; margin-bottom:0pt; line-height:normal; font-size: 0.90em }\r\n.Klla { margin-top:0pt; margin-bottom:0pt; line-height:12pt; font-size: 0.90em }\r\n.Lagtext { margin-top:4pt; margin-bottom:0pt; t-i:0pt; line-height:normal; font-size: 0.90em }\r\n.Lagtextindrag { margin-top:4pt; margin-bottom:0pt; t-i:14.2pt; line-height:normal; font-size: 0.90em }\r\n.Lagtextrubrik { margin-top:4pt; margin-bottom:0pt; t-i:0pt; line-height:normal; font-size: 0.90em; font-style:italic; letter-spacing:1pt }\r\n.List { margin-top:7.5pt; margin-left:17pt; margin-bottom:7.5pt; t-i:-17pt; line-height:15pt; font-size: 0.90em }\r\n.ListBullet, .PunktlistaBomb { margin-top:4pt; margin-left:18pt; margin-bottom:0pt; t-i:-18pt; line-height:15pt; font-size: 0.90em }\r\n.ListNumber, .PunktlistaNummer { margin-top:4pt; margin-left:18pt; margin-bottom:0pt; t-i:-18pt; line-height:15pt; font-size: 0.90em }\r\n.ListParagraph { margin-top:0pt; margin-left:36pt; margin-bottom:0pt; t-i:17pt; line-height:15pt; font-size: 0.90em }\r\n.ListaGemener { margin-top:7.5pt; margin-left:36pt; margin-bottom:7.5pt; t-i:-19pt; line-height:15pt; font-size: 0.90em }\r\n.ListaLinje { margin-top:7.5pt; margin-left:36pt; margin-bottom:7.5pt; t-i:-19pt; line-height:15pt; font-size: 0.90em }\r\n.ListaNummer { margin-top:7.5pt; margin-left:36pt; margin-bottom:7.5pt; t-i:-19pt; line-height:15pt; font-size: 0.90em }\r\n.ListaPunkt { margin-top:7.5pt; margin-left:36pt; margin-bottom:7.5pt; t-i:-19pt; line-height:15pt; font-size: 0.90em }\r\n.MotionTIllRiksdagen { margin-top:18pt; margin-bottom:0pt; page-break-inside:avoid; page-break-after:avoid; line-height:19.5pt; font-size: 1.05em }\r\n.Motionr { margin-top:14pt; margin-bottom:31.5pt; page-break-inside:avoid; line-height:15pt; font-size: 1.00em; font-weight:bold; font-style:normal }\r\n.NoSpacing { margin-top:5pt; margin-bottom:0pt; line-height:normal }\r\n.NormalIndent { margin-top:0pt; margin-left:65.2pt; margin-bottom:0pt; t-i:17pt; line-height:15pt; font-size: 0.90em }\r\n.Normalutanindragellerluft { margin-top:4pt; margin-bottom:0pt; line-height:15pt; font-size: 0.90em }\r\n.Normal00 { margin-top:4pt; margin-bottom:0pt; line-height:normal; font-size: 0.90em }\r\n.NormalA4fot { margin-top:12pt; margin-bottom:0pt; text-align:center; line-height:normal; font-size: 0.90em }\r\n.NormalA4sidnr { margin-top:4pt; margin-bottom:12pt; text-align:center; line-height:normal; font-size: 0.90em }\r\n.NormalS5sidnrH { margin-top:4pt; margin-right:2.85pt; margin-bottom:0pt; text-align:right; line-height:normal; font-size: 0.90em }\r\n.NormalS5sidnrV { margin-top:4pt; margin-right:0pt; margin-bottom:0pt; text-align:left; line-height:normal; font-size: 0.90em }\r\n.PlainText { margin-top:0pt; margin-bottom:0pt; t-i:0pt; line-height:12pt; font-family:'Verdana'; font-size: 0.90em }\r\n.Strecklista, .PunktlistaTankstreck { margin-top:4pt; margin-left:36pt; margin-bottom:0pt; t-i:-18pt; line-height:15pt; font-size: 0.90em }\r\n.Quote { margin-top:7.5pt; margin-left:17pt; margin-bottom:0pt; line-height:12pt; font-size: 0.90em }\r\n.R1 { margin-top:41pt; margin-bottom:0pt; page-break-inside:avoid; page-break-after:avoid; line-height:19.5pt; font-family:'Verdana'; font-size: 1.05em }\r\n.R2 { margin-top:30pt; margin-bottom:0pt; page-break-inside:avoid; page-break-after:avoid; line-height:15pt; font-family:'Verdana'; font-size: 1.00em }\r\n.R3 { margin-top:18pt; margin-bottom:0pt; page-break-inside:avoid; page-break-after:avoid; line-height:15pt; font-family:'Verdana'; font-size: 0.90em; font-weight:bold }\r\n.Rubrik1numrerat { margin-top:41pt; margin-left:18pt; margin-bottom:0pt; t-i:-18pt; page-break-inside:auto; page-break-after:avoid; line-height:19.5pt; font-family:'Verdana'; font-size: 1.05em }\r\n.Rubrik2numrerat { margin-top:30pt; margin-left:39.6pt; margin-bottom:0pt; t-i:-39.6pt; page-break-inside:avoid; page-break-after:avoid; line-height:15pt; font-family:'Verdana'; font-size: 1.00em }\r\n.Rubrik3numrerat { margin-top:18pt; margin-left:61.2pt; margin-bottom:0pt; t-i:-61.2pt; page-break-inside:avoid; page-break-after:avoid; line-height:15pt; font-family:'Verdana'; font-size: 0.90em; font-weight:bold }\r\n.Rubrik4numrerat { margin-top:18pt; margin-left:82.2pt; margin-bottom:0pt; t-i:-82.2pt; page-break-inside:avoid; page-break-after:avoid; line-height:15pt; font-family:'Verdana'; font-size: 0.90em; font-weight:normal; font-style:italic }\r\n.RubrikFrslagTIllRiksdagsbeslut { margin-top:41pt; margin-bottom:15pt; page-break-inside:avoid; page-break-after:avoid; line-height:19.5pt; font-family:'Verdana'; font-size: 1.05em }\r\n.RubrikInnehllsf { margin-top:41pt; margin-bottom:0pt; page-break-inside:avoid; page-break-after:avoid; line-height:19.5pt; font-family:'Verdana'; font-size: 1.05em }\r\n.RubrikSammanf { margin-top:41pt; margin-bottom:0pt; page-break-inside:avoid; page-break-after:avoid; line-height:19.5pt; font-family:'Verdana'; font-size: 1.05em }\r\n.Salutation { margin-top:41pt; margin-bottom:0pt; page-break-inside:avoid; page-break-after:avoid; line-height:19.5pt; font-family:'Verdana'; font-size: 1.05em }\r\n.Streckkod { margin-top:12pt; margin-bottom:0pt; text-align:center; line-height:normal; font-family:IDAutomationHC39S; font-size: 1.00em }\r\n.Subtitle { margin-top:4pt; margin-bottom:0pt; line-height:15pt; font-family:'Verdana'; font-size: 0.90em; font-weight:bold }\r\n.TOC1 { margin-top:4pt; margin-bottom:0pt; line-height:15pt; font-size: 0.90em }\r\n.TOC2 { margin-top:4pt; margin-left:14.2pt; margin-bottom:0pt; line-height:15pt; font-size: 0.90em }\r\n.TOC3 { margin-top:4pt; margin-left:28.35pt; margin-bottom:0pt; line-height:15pt; font-size: 0.90em }\r\n.TOC4 { margin-top:4pt; margin-left:42.55pt; margin-bottom:0pt; line-height:15pt; font-size: 0.90em }\r\n.TOC5 { margin-top:4pt; margin-left:56.7pt; margin-bottom:0pt; line-height:15pt; font-size: 0.90em }\r\n.TOC6 { margin-top:4pt; margin-left:56.7pt; margin-bottom:0pt; line-height:15pt; font-size: 0.90em }\r\n.TOC7 { margin-top:15pt; margin-left:56.7pt; margin-bottom:0pt; t-i:14.2pt; page-break-inside:avoid; page-break-after:avoid; line-height:normal; font-family:'Verdana'; font-size: 0.90em; font-weight:normal; font-style:italic }\r\n.TOC8 { margin-top:15pt; margin-left:56.7pt; margin-bottom:0pt; t-i:14.2pt; page-break-inside:avoid; page-break-after:avoid; line-height:normal; font-family:'Verdana'; font-size: 0.90em; font-weight:normal; font-style:italic }\r\n.TOC9 { margin-top:15pt; margin-left:56.7pt; margin-bottom:0pt; t-i:14.2pt; page-break-inside:avoid; page-break-after:avoid; line-height:normal; font-family:'Verdana'; font-size: 0.90em; font-weight:normal; font-style:italic }\r\n.TOCHeading { margin-top:41pt; margin-bottom:0pt; page-break-inside:avoid; page-break-after:avoid; line-height:19.5pt; font-family:'Verdana'; font-size: 1.05em }\r\n.Tabellunderrubrik { margin-top:0pt; margin-bottom:0pt; line-height:15pt; font-size: 0.90em; font-weight:normal; font-style:italic }\r\n.Tabellrubrik { margin-top:7.5pt; margin-bottom:0pt; line-height:15pt; font-size: 0.90em; font-weight:bold }\r\n.Title { margin-top:41pt; margin-bottom:0pt; page-break-inside:avoid; page-break-after:avoid; line-height:19.5pt; font-family:'Verdana'; font-size: 1.05em }\r\n.Underskriftdatum { margin-top:24pt; margin-bottom:3pt; page-break-inside:avoid; line-height:15pt; font-size: 0.90em; font-style:normal }\r\n.Underskrifter { margin-top:15pt; margin-bottom:3pt; page-break-inside:avoid; line-height:15pt; font-size: 0.90em; font-style:italic }\r\nspan.BallongtextChar { font-family:'Segoe UI'; font-size: 0.90em }\r\nspan.BeteckningChar { font-size:19.5pt }\r\nspan.BookTitle { font-weight:bold; font-style:italic; letter-spacing:0pt }\r\nspan.CitatChar { font-size:12pt }\r\nspan.CommentReference { font-size:8pt }\r\nspan.Emphasis { text-transform:uppercase; letter-spacing:0.25pt; color:#1f4d78 }\r\nspan.FSHNormalChar { font-size:12pt }\r\nspan.FSHRub2Char, span.Rubrik1A4Char { font-size:24pt }\r\nspan.FootnoteReference { vertical-align:super }\r\nspan.FrslagstextChar, span.HemstlattChar, span.YrkandeChar { font-size:12pt }\r\nspan.InledningChar { font-family:'Verdana'; font-size: 1.05em }\r\nspan.IntenseEmphasis { font-weight:bold; text-transform:uppercase; letter-spacing:0.5pt; color:#1f4d78 }\r\nspan.IntenseReference { font-weight:normal; font-style:normal; font-variant:normal; text-decoration:none; text-transform:none; letter-spacing:0pt; vertical-align:0pt; color:#000000; display:inline }\r\nspan.KommentarsmneChar { font-weight:bold }\r\nspan.MotionTIllRiksdagenChar { font-size:19.5pt }\r\nspan.NormalutanindragellerluftChar { font-size:12pt }\r\nspan.OformateradtextChar { font-family:'Verdana' }\r\nspan.PlaceholderText { color:#f4b083 }\r\nspan.Rubrik1Char { font-family:'Verdana'; font-size: 1.05em }\r\nspan.Rubrik2Char { font-family:'Verdana'; font-size: 1.00em }\r\nspan.Rubrik3Char { font-family:'Verdana'; font-size: 0.90em; font-weight:bold }\r\nspan.Rubrik4Char { font-family:'Verdana'; font-size: 0.90em; font-style:italic }\r\nspan.Rubrik5Char { font-family:'Verdana'; font-size: 0.90em; font-weight:bold }\r\nspan.Rubrik6Char { font-family:'Verdana'; font-size: 0.90em; font-style:italic }\r\nspan.Rubrik7Char { font-family:'Verdana'; font-size: 0.90em; font-style:italic }\r\nspan.Rubrik8Char { font-family:'Verdana'; font-size: 0.90em; font-style:italic }\r\nspan.Rubrik9Char { font-family:'Verdana'; font-size: 0.90em; font-style:italic }\r\nspan.RubrikChar { font-family:'Verdana'; font-size: 1.05em }\r\nspan.SidfotChar { font-size:11.5pt }\r\nspan.SidhuvudChar { font-size:12pt }\r\nspan.StarktcitatChar { font-size:12pt; color:#5b9bd5 }\r\nspan.Strong { font-weight:bold }\r\nspan.SubtleEmphasis { font-style:italic; color:#1f4d78 }\r\nspan.SubtleReference { font-weight:bold; color:#5b9bd5 }\r\nspan.UnderrubrikChar { font-family:'Verdana'; font-size: 0.90em; font-weight:bold }\r\n.TableGrid {  }\r\n\r\n.pconf{width: 450px;margin-left:5px;overflow:visable;font-family:Verdana, Geneva, sans-serif;} \r\n .sidhuvud_publikation, .sidhuvud_beteckning{font-size:133%}\r\n.MotionarLista {font-size:122%}\r\n\r\n--></style><div class=\"pconf\"><span class=\"sidhuvud_publikation\">Motion till riksdagen</span><br/>\r\n<span class=\"sidhuvud_beteckning\">2018/19:1366</span><br/>\r\n<span class=\"MotionarLista\">av Markus Wiechel m.fl. (SD)</span><br/>\r\n<h1>Förenta nationerna</h1>\r\n<hr class=\"sidhuvud_linje\"/>\r\n\r\n\r\n\t\t<div class=\"Section1\">\r\n\t\t\t<h1 style=\"margin-bottom:15pt; -aw-sdt-tag:CC_Boilerplate_4; -aw-sdt-title:CC_Boilerplate_4\">\r\n\t\t\t\t<span>Förslag till riksdagsbeslut</span>\r\n\t\t\t</h1>\r\n\t\t\t<ol type=\"1\" style=\"margin:0pt; padding-left:0pt\">\r\n\t\t\t\t<li class=\"Frslagstext\" style=\"margin-left:14pt; t-i:0pt; padding-left:4pt; font-family:'Verdana'; font-size: 0.90em\">\r\n\t\t\t\t\t<span style=\"font-family:'Verdana'; font-size: 0.90em\">Riksdagen ställer sig bakom det som anförs i motionen om att FN ska inta en central plats i Sveriges utrikespolitik och tillkännager detta för regeringen.</span>\r\n\t\t\t\t</li>\r\n\t\t\t\t<li class=\"Frslagstext\" style=\"margin-left:14pt; t-i:0pt; padding-left:4pt; font-family:'Verdana'; font-size: 0.90em\">\r\n\t\t\t\t\t<span style=\"font-family:'Verdana'; font-size: 0.90em\">Riksdagen ställer sig bakom det som anförs i motionen om att Sverige bör verka för högre krav på de länder som leder FN-arbetet, och detta tillkännager riksdagen för regeringen.</span>\r\n\t\t\t\t</li>\r\n\t\t\t\t<li class=\"Frslagstext\" style=\"margin-left:14pt; t-i:0pt; padding-left:4pt; font-family:'Verdana'; font-size: 0.90em\">\r\n\t\t\t\t\t<span style=\"font-family:'Verdana'; font-size: 0.90em\">Riksdagen ställer sig bakom det som anförs i motionen om att Sverige inom FN bör verka för ett utökat arbete mot korruption såväl internt som externt och tillkännager detta för regeringen.</span>\r\n\t\t\t\t</li>\r\n\t\t\t\t<li class=\"Frslagstext\" style=\"margin-left:14pt; t-i:0pt; padding-left:4pt; font-family:'Verdana'; font-size: 0.90em\">\r\n\t\t\t\t\t<span style=\"font-family:'Verdana'; font-size: 0.90em\">Riksdagen ställer sig bakom det som anförs i motionen om att EU:s institutioner inte ska ha behörighet att föra Sveriges talan inom FN och tillkännager detta för regeringen.</span>\r\n\t\t\t\t</li>\r\n\t\t\t\t<li class=\"Frslagstext\" style=\"margin-left:14pt; t-i:0pt; padding-left:4pt; font-family:'Verdana'; font-size: 0.90em\">\r\n\t\t\t\t\t<span style=\"font-family:'Verdana'; font-size: 0.90em\">Riksdagen ställer sig bakom det som anförs i motionen om att regeringen, under den period som Sverige sitter i säkerhetsrådet, bör ta initiativ till en reform av FN:s interna regler om skydd för visselblåsare, tvistlösningsmekanismen mellan FN och dess personal, systemet för utvärdering och revision och möjligheterna att lagföra personer som begår brott under FN-tjänstgöring, och detta tillkännager riksdagen för regeringen.</span>\r\n\t\t\t\t</li>\r\n\t\t\t</ol>\r\n\t\t\t<h1 style=\"-aw-sdt-tag:CC_Motivering_Rubrik; -aw-sdt-title:CC_Motivering_Rubrik\">\r\n\t\t\t\t<a name=\"MotionsStart\"></a><span>1 Inledning</span>\r\n\t\t\t</h1>\r\n\t\t\t<p class=\"Normalutanindragellerluft\">\r\n\t\t\t\t<span>Sverigedemokraterna ser FN som den primära mekanismen för internationellt samarbete vad gäller fred och säkerhet samt samverkan för demokrati och mänskliga fri- och rättigheter. FN har sedan organisationen grundades 1945 varit mellanstatlig och en nationernas förening, baserad på den grundläggande principen att alla dess medlemmar är fria och likvärdiga. Det är en princip som Sverigedemokraterna vill slå vakt om. Samtidigt är de grundläggande mänskliga rättigheterna som de definieras i FN:s allmänna förklaring från 1948 den minsta gemensamma nämnaren</span><span>,</span><span> vilken vi anser att alla stater i alla situationer bör leva upp till. När dessa allvarligt kränks finner vi försvaret av mänskliga fri- och rättigheter överordnat suveränitetsprincipen. Historien har lärt oss att stater, inte ens demokratiska sådana, kan tillåtas obegränsat handlings</span><span>­</span><span>utrymme. Därför behövs FN-samarbetet för att garantera individens säkerhet mot övergrepp från repressiva regimer och verka för en positiv utveckling i fler länder. Säkerhetsrådet har därtill en viktig funktion att verka för fred och säkerhet och när så krävs utifrån ett brett mandat kunna besluta om fredsskapande och fredsbevarande insatser, även om det ska göras med stor försiktighet.</span>\r\n\t\t\t</p>\r\n\t\t\t<h1>\r\n\t\t\t\t<span>2 </span><span>Högre krav</span><span> på ledarskap</span>\r\n\t\t\t</h1>\r\n\t\t\t<p class=\"Normalutanindragellerluft\">\r\n\t\t\t\t<span>Sverigedemokraterna ser FN:s konventioner om de mänskliga rättigheterna som vägledande dokument för världssamfundets välfärd. Konventionerna bör ratificeras av alla medlemsstater och praktiskt efterlevas i så stor utsträckning som möjligt. Eftersom det finns stora tveksamheter i många staters efterlevnad spelar konventionskommittéerna en nyckelroll då de övervakar och kritiserar stater som inte lever upp till sina åtaganden. </span>\r\n\t\t\t</p>\r\n\t\t\t<p>\r\n\t\t\t\t<span>Sverigedemokraterna ser en uppenbar risk för att förtroendet för FN:s institutioner urholkas om dess organ leds eller dess ledare tillsätts av stater som uppenbarligen inte lever upp till de mest grundläggande kraven på respekt för mänskliga rättigheter. Vi vill därför att Sverige arbetar för hårdare krav på att de som leder FN-arbete själva föregår med gott exempel. Vi anser exempelvis inte att Saudiarabien är lämpliga att arbeta i FN:s kvinnokommission. </span>\r\n\t\t\t</p>\r\n\t\t\t<h1>\r\n\t\t\t\t<span>3 </span><span>EU:s institutioner i FN</span>\r\n\t\t\t</h1>\r\n\t\t\t<p class=\"Normalutanindragellerluft\">\r\n\t\t\t\t<span>EU:s deltagande i FN-samarbetet regleras av resolution 65/276 vilken i sin tur bygger på FN:s resolution 3208. Den senare ger den europeiska ekonomiska gemenskapen observatörsstatus i FN. Den förra ger också EU:s institutioner – även då den understryker att EU inte är medlemsstat – långtgående rätt att agera som en sådan. </span>\r\n\t\t\t</p>\r\n\t\t\t<p>\r\n\t\t\t\t<span>Att EU:s institutioner tillåts representera samtliga av EU:s medlemsländer i FN är ett tydligt steg mot en federal europeisk stat, något som Sverigedemokraterna kraftigt motsätter sig och till vilket det svenska folket aldrig gett sitt medgivande. Vi befarar dessutom att det slutgiltiga målet är att helt ersätta medlemsländernas representation i FN. Sverigedemokraterna är av den uppfattningen att FN, i och med det viktiga arbete Sverige historiskt bidragit med, kommer att gå miste om en betydelsefull röst om den här utvecklingen tillåts</span><span> att</span><span> fortsätta.</span><span> Vi anser därför att regeringen bör verka för att EU:s institutioner avslutar sin representation i FN.</span>\r\n\t\t\t</p>\r\n\t\t\t<h1 style=\"margin-left:14.2pt; t-i:-14.2pt\">\r\n\t\t\t\t<span>4 </span><span>Åtgärder mot korruption och för visselblåsares rättigheter inom FN</span>\r\n\t\t\t</h1>\r\n\t\t\t<p class=\"Normalutanindragellerluft\">\r\n\t\t\t\t<span>Inget land i världen är skyddat från korruption men vi vet idag att Sverige rankas som ett av världens minst korrupta länder. Det ska vi vara stolta över, även om vi måste komma ihåg att detta på intet sätt gör att vi är befriade från detta problem. Vi har dock en god möjlighet att bistå andra länder i arbetet med att förhindra korruption</span><span>,</span><span> då det både försvårar för rättvisa och demokrati. Korruption lär globalt sett vara dyrare än samtliga handelstullar och det skadar ekonomier i hela världen, varför det är ett allt viktigare fenomen att ta hänsyn till i en mer globaliserad värld. Redan idag finns det flera positiva krafter som kämpar emot k</span><span>orruption, inte minst genom V</span><span>ärldsbankens arbete men även arbetet med Agenda 2030 och diverse satsningar på fri</span><span>a</span><span> media och genom OECD och UNDP:s Tax Inspectors without borders (TIWB). </span>\r\n\t\t\t</p>\r\n\t\t\t<p>\r\n\t\t\t\t<span>FN är en stor organisation med ett trettiotal olika fonder, myndigheter och andra institutioner med en gemensam budget på runt 30 miljarder USD/år. Dess personal har dessutom en längre gående diplomatisk immunitet jämfört med det skydd som förses genom Wienkonventionen. </span>\r\n\t\t\t</p>\r\n\t\t\t<p>\r\n\t\t\t\t<span>Till skillnad från ”vanliga” diplomater kan FN-personal normalt inte åtalas eller slita tvister med FN i hemlandets domstolar</span><span>,</span><span> utan dispyter och påstådda lagbrott hanteras exklusivt genom interna mekanismer (så länge inte immuniteten hävs av general</span><span>­</span><span>sekreteraren). Detta oavsett om saken gäller tvist mellan FN som arbetsgivare och dess arbetstagare eller påstådda oegentligheter begångna av pers</span><span>onal i organisationens tjänst.</span>\r\n\t\t\t</p>\r\n\t\t\t<p>\r\n\t\t\t\t<span>FN har haft och har betydande problem med korruption och brottslighet. </span><span>Detta är ett enormt problem då detta dels innebär minskad trovärdighet för organisationen och dels innebär att organisationen uppenbarligen inte lever upp till förväntningarna. </span><span>De mest omtalade och iögonfallande fallen är dels ”olja för mat-programmet”, vilket efter Saddam Husseins avsättande 2003 avslöjades som en gigantisk korruptionshärva, dels den serie anklagelser om sexuella utnyttjanden av minderåriga, begångna av freds</span><span>­</span><span>bevarande trupper under FN-mandat.</span>\r\n\t\t\t</p>\r\n\t\t\t<p>\r\n\t\t\t\t<span>På grund av FN:s oberoende av nationella rättssystem, är information från dess egen personal särskilt viktig. Samtidigt ser vi med stor oro på hur visselblåsare behandlas. Fall av vedergällningar mot dessa är väldokumenterade. </span>\r\n\t\t\t</p>\r\n\t\t\t<p>\r\n\t\t\t\t<span>År 2005 meddelade generalsekreteraren i bulletin nr 21 nya åtgärder för att stödja visselblåsare. Året därefter startades FN:s etikkontor (UNEO) i bland annat samma syfte. Dessa åtgärder är dock otillräckliga, vilket blev mycket tydligt i Shkurtaj</span><span>-</span><span>fallet. Enligt officiell policy från 2007 tillåts myndigheter inom FN att undandra sig från UNEO:s ”jurisdiktion” och i stället hantera visselblåsare internt, vilket skapar uppen</span><span>­</span><span>bara jävsituationer. Sedan 2009 löses tvister inom FN via dispyttribunalen (UNDT) vilken överprövas av överklagandetribunalen (UNAT). Ingen av instanserna har dock jurisdiktion över UNEO:s beslut angående stöd till visselblåsare, vilket slogs fast i Wasserstromfallet. Mellan 2006 och 2009 beslutade etikkontoret at</span><span>t avfärda 96</span><span> </span><span>% av runt 400 påstådda visselblåsare. Kontorets beslut kan inte överprövas. I de fall saken prövas präglas systemet av krånglig byråkrati och förhalanden vilket gör att processer ofta löses långt efter att den klagande försvunnit från organisationen och saken förlorat sin betydelse. </span>\r\n\t\t\t</p>\r\n\t\t\t<p>\r\n\t\t\t\t<span>Under 2012 och 2014 års budgetprocesser antog den amerikanska senaten en policy för att tvinga FN att implementera en vedertagen standard för skydd för visselblåsare (best practices for whistleblower protection). Detta har tyvärr inte haft avsedd effekt, mycket </span><span>på grund av</span><span> bristande tillsyn.</span>\r\n\t\t\t</p>\r\n\t\t\t<p>\r\n\t\t\t\t<span>Antikorruptionsåtgärder med vassa och starka tänder och ett robust skydd för visselblåsare är avgörande för FN:s förtroende hos allmänheten och framtid som institution. Därför anser vi att Sverige bör ta initiativ till en utredning inom FN</span><span>,</span><span> vars mål </span><span>ska vara</span><span> att lägga skarpa förslag på reform</span><span>er</span><span> av både immunitetsfrågan, tvist</span><span>­</span><span>lösningsmekanismerna och visselblåsarskyddet, utöver ett i övrigt skärpt internationellt arbete mot korruption.</span><span> </span>\r\n\t\t\t</p>\r\n\t\t\t<h1 style=\"margin-left:14.2pt; t-i:-14.2pt\">\r\n\t\t\t\t<span>5 </span><span>Fråga om hämndaktioner mot visselblåsare bör slitas i skiljenämnd</span>\r\n\t\t\t</h1>\r\n\t\t\t<p class=\"Normalutanindragellerluft\">\r\n\t\t\t\t<span>FN har idag regler om skydd för visselblåsare. Sverigedemokraterna gör bedömningen att problemets kärna ligger i den intressekonflikt som uppstår när anklagelser om vedergällningar hanteras inom FN, oavsett vilken enhet inom organisationen som sliter tvisten.</span>\r\n\t\t\t</p>\r\n\t\t\t<p>\r\n\t\t\t\t<span>Därför föreslår vi att anklagelser om hämndaktioner mot visselblåsare i stället ska slitas i en ordinarie, förbestämd skiljenämnd. Detta för att saken ska kunna utredas och avgöras relativt snabbt men med stor rättssäkerhet. Skiljenämnden </span><span>bör</span><span> sammansättas genom konsensus (ömsesidig avvisning) och processkostnaderna </span><span>bör</span><span> betalas av FN i fall FN förlorar och annars delas lika. Förhandlingar och avgörande </span><span>bör</span><span> vara offentliga och i övrigt bör ordinarie regler för internationella skiljeförfaranden användas. För att und</span><span>­</span><span>vika otillbörlig påverkan bör varje anställd inom FN, vid anställningstillfället, slumpvis tilldelas ett forum för slitande av eventuell framtida tvist.</span>\r\n\t\t\t</p>\r\n\t\t\t<p>\r\n\t\t\t\t<span>Den här typen av lösning ser Sverigedemokraterna som betydligt säkrare än alternativet, vilket är att upprätta en helt ny, extern rättsvårdande myndighet för att slita tvister mellan FN och dess anställda. Tanken bakom UNEO, UNDT och UNAT var att utgöra just sådana myndigheter, men detta har inte fungerat på grund av att de beman</span><span>­</span><span>nas av personer med kopp</span><span>ling till FN. Samma sak riskerar</span><span> ske vid upprättande av ny extern myndighet. Därför föredrar vi att FN använder de skiljenämnder som redan finns.</span>\r\n\t\t\t</p>\r\n\t\t\t<h1>\r\n\t\t\t\t<span>6</span><span> </span><span>Oberoende utvärdering och revision</span>\r\n\t\t\t</h1>\r\n\t\t\t<p class=\"Normalutanindragellerluft\">\r\n\t\t\t\t<span>De flesta enheter inom FN saknar fungerande system för revision och kontroll av finansieringen. Likaså saknas ofta mekanismer för uppföljning och utvärdering av myndigheters och projekts resultat. Detta öppnar för förskingring och förfalskande av resultat</span><a name=\"_ftnref1\"></a><a href=\"#_ftn1\"><span class=\"FootnoteReference\" style=\"font-size:8pt\">[1]</span></a><span>. </span>\r\n\t\t\t</p>\r\n\t\t\t<p>\r\n\t\t\t\t<span>Ansvaret för utvärdering av projekt bör ligga på de medlemsstater som finansierar projektet i fråga. I de fall projektet finansieras inom FN:s ordinarie budget bör utvärdering ske genom utomstående revisorer</span><span> som arbetar under samma</span><span> straffansvar som revisorer inom näringslivet.</span>\r\n\t\t\t</p>\r\n\t\t\t<h1>\r\n\t\t\t\t<span>7</span><span> </span><span>Kriminalitet, immunitet och jurisdiktion</span>\r\n\t\t\t</h1>\r\n\t\t\t<p class=\"Normalutanindragellerluft\">\r\n\t\t\t\t<span>Den myndighet som har huvudansvaret för att utreda missförhållanden inom FN är kontoret för internrevision (OIOS). I en utvärdering av FN:s interna hantering av korruption slog joint investigations unit (JIU, en förment oberoende granskningsenhet) fast att delar av FN befinner sig ”nära ett tillstånd av förnekelse” av problemet. Passivitet inför utredningar</span><span>,</span><span> som tydligt visat hur medel systematiskt förskingrats från bland annat återuppbyggnadsprojekt i Afghanistan och Irak, indikerar att intern</span><span>­</span><span>kontrollen inte fungerar tillfredsställande</span><a name=\"_ftnref2\"></a><a href=\"#_ftn2\"><span class=\"FootnoteReference\" style=\"font-size:8pt\">[2]</span></a><span>. Vid ett seminarium i riksdagen den 14 september 2016 beskrev Inga-Britt Ahlenius, tidigare undergeneralsekreterare för OIOS, FN som en ”organisation i förfall”.</span>\r\n\t\t\t</p>\r\n\t\t\t<p>\r\n\t\t\t\t<span>På samma sätt som angående skydd för visselblåsare anser Sverigedemokraterna att problemets kärna li</span><span>gger i att OIOS är en del av FN</span><span> och att dess personal är anställd av FN, vilket leder till uppenbara jäv</span><span>s</span><span>situationer. JIU, som på pappret </span><span>är </span><span>utomstående granskningsenhet</span><span>,</span><span> har funnits sedan 1976 och har inte varit tillräckligt</span><span> effektiv</span><span> för att åtgärda de mycket stora problemen. En uppenbar brist är JIU:s storlek. Dels har de en stab på 20 personer och en budget på dryga 50 mkr, dels finansieras </span><span>verksamheten</span><span> inom FN:s ordinarie budget.</span>\r\n\t\t\t</p>\r\n\t\t\t<p>\r\n\t\t\t\t<span>Vad som behövs är i stället en speciell utredande myndighet</span><span>,</span><span> som tar upp fall om påstådd brottslighet som begås av utstationerad FN-personal, både inom och utom tjänst. Frågan om hur en sådan myndighet ska utformas och finansieras måste utredas noggrant. Sverigedemokraterna ser som lämpligt alternativ att en speciell utredande myndighet upprättas i New York under ledning av den amerikanska federala polisen (FBI). FBI är antagligen den polisstyrka i världen som har störst erfarenhet av utredningar utomlands. Organisationen har också bevisad skicklighet och erfarenhet vad gäller att </span><span>utreda organiserad brottslighet. Den nya myndigheten bör finansieras genom donationer från FN:s medlemsstater som står i proportion till medlemsstaternas ordinarie bidrag.</span>\r\n\t\t\t</p>\r\n\t\t\t<p>\r\n\t\t\t\t<span>Den diplomatiska garantin gentemot landet i vilket FN-arbetare stationeras, och personens hemland, behöver inte brytas. I stället bör en domstol, till exempel den inom vilkens domsaga FN:s högkvarter i New York ligger, få ansvaret att ta upp mål mot personer i FN-tjänst i en speciell avdelning. Straffrättsliga mål i vilka FN-personal anklagas för brott mot enskild i annat land bör tas upp enligt det </span><span>aktuella </span><span>landets lagstiftning så länge gärningen är straffbar i det landet, den misstänktes hemland och i USA. Brottmål där FN är målsägande bör tas upp enligt amerikansk lag. FN bör dessutom svara strikt för skador som dess personal vållar i samband med brott i tjänst. En sådan ordning skulle ge en oberoende prövning av fall, hjälpa till att återskapa förtroendet för FN som organisation och ge upprättelse för de som utsatts för brott av FN-personal.</span>\r\n\t\t\t</p>\r\n\t\t\t<p style=\"-aw-sdt-tag:CC_Underskrifter; -aw-sdt-title:CC_Underskrifter\">\r\n\t\t\t\t<span> </span>\r\n\t\t\t</p>\r\n\t\t\t<p style=\"-aw-sdt-tag:CC_Underskrifter; -aw-sdt-title:CC_Underskrifter\">\r\n\t\t\t\t<span> </span>\r\n\t\t\t</p>\r\n\t\t\t<table cellspacing=\"0\" cellpadding=\"0\" style=\"border-collapse:collapse; margin-left:0pt; width:100%\">\r\n\t\t\t\t<tr>\r\n\t\t\t\t\t<td style=\"padding-left:5.4pt; padding-right:5.4pt; vertical-align:bottom; width:1%\">\r\n\t\t\t\t\t\t<p class=\"Underskrifter\" style=\"margin-top:15pt; margin-bottom:3pt; page-break-inside:avoid; line-height:15pt\">\r\n\t\t\t\t\t\t\t<span style=\"font-size:12pt; font-style:italic\">Markus Wiechel (SD)</span>\r\n\t\t\t\t\t\t</p>\r\n\t\t\t\t\t</td>\r\n\t\t\t\t\t<td style=\"padding-left:5.4pt; padding-right:5.4pt; vertical-align:bottom; width:1%\">\r\n\t\t\t\t\t\t<p class=\"Underskrifter\" style=\"margin-top:15pt; margin-bottom:3pt; page-break-inside:avoid; line-height:15pt\">\r\n\t\t\t\t\t\t\t<span style=\"font-size:12pt; font-style:italic\"> </span>\r\n\t\t\t\t\t\t</p>\r\n\t\t\t\t\t</td>\r\n\t\t\t\t</tr>\r\n\t\t\t\t<tr>\r\n\t\t\t\t\t<td style=\"padding-left:5.4pt; padding-right:5.4pt; vertical-align:bottom; width:1%\">\r\n\t\t\t\t\t\t<p class=\"Underskrifter\" style=\"margin-top:15pt; margin-bottom:0pt; page-break-inside:avoid; line-height:15pt\">\r\n\t\t\t\t\t\t\t<span style=\"font-size:12pt; font-style:italic\">Björn Söder (SD)</span>\r\n\t\t\t\t\t\t</p>\r\n\t\t\t\t\t</td>\r\n\t\t\t\t\t<td style=\"padding-left:5.4pt; padding-right:5.4pt; vertical-align:bottom; width:1%\">\r\n\t\t\t\t\t\t<p class=\"Underskrifter\" style=\"margin-top:15pt; margin-bottom:0pt; page-break-inside:avoid; line-height:15pt\">\r\n\t\t\t\t\t\t\t<span style=\"font-size:12pt; font-style:italic\">Ludvig Aspling (SD)</span>\r\n\t\t\t\t\t\t</p>\r\n\t\t\t\t\t</td>\r\n\t\t\t\t</tr>\r\n\t\t\t\t<tr>\r\n\t\t\t\t\t<td style=\"padding-left:5.4pt; padding-right:5.4pt; vertical-align:bottom; width:1%\">\r\n\t\t\t\t\t\t<p class=\"Underskrifter\" style=\"margin-top:15pt; margin-bottom:0pt; page-break-inside:avoid; line-height:15pt\">\r\n\t\t\t\t\t\t\t<span style=\"font-size:12pt; font-style:italic\">Lars Andersson (SD)</span>\r\n\t\t\t\t\t\t</p>\r\n\t\t\t\t\t</td>\r\n\t\t\t\t\t<td style=\"padding-left:5.4pt; padding-right:5.4pt; vertical-align:bottom; width:1%\">\r\n\t\t\t\t\t\t<p class=\"Underskrifter\" style=\"margin-top:15pt; margin-bottom:0pt; page-break-inside:avoid; line-height:15pt\">\r\n\t\t\t\t\t\t\t<span style=\"font-size:12pt; font-style:italic\">Tobias Andersson (SD)</span>\r\n\t\t\t\t\t\t</p>\r\n\t\t\t\t\t</td>\r\n\t\t\t\t</tr>\r\n\t\t\t\t<tr>\r\n\t\t\t\t\t<td style=\"padding-left:5.4pt; padding-right:5.4pt; vertical-align:bottom; width:1%\">\r\n\t\t\t\t\t\t<p class=\"Underskrifter\" style=\"margin-top:15pt; margin-bottom:0pt; page-break-inside:avoid; line-height:15pt\">\r\n\t\t\t\t\t\t\t<span style=\"font-size:12pt; font-style:italic\">Sara Seppälä (SD)</span>\r\n\t\t\t\t\t\t</p>\r\n\t\t\t\t\t</td>\r\n\t\t\t\t\t<td style=\"padding-left:5.4pt; padding-right:5.4pt; vertical-align:bottom; width:1%\">\r\n\t\t\t\t\t\t<p class=\"Underskrifter\" style=\"margin-top:15pt; margin-bottom:3pt; page-break-inside:avoid; line-height:15pt\">\r\n\t\t\t\t\t\t\t<span style=\"font-size:12pt; font-style:italic\"> </span>\r\n\t\t\t\t\t\t</p>\r\n\t\t\t\t\t</td>\r\n\t\t\t\t</tr>\r\n\t\t\t</table>\r\n\t\t\t<p>\r\n\t\t\t\t<span> </span>\r\n\t\t\t</p>\r\n\t\t</div>\r\n\t\t<hr style=\"width:33%; height:1px; text-align:left; -aw-footnote-numberstyle:0; -aw-footnote-startnumber:1; -aw-footnote-type:0\" />\r\n\t\t<div id=\"_ftn1\" style=\"-aw-footnote-isauto:1\">\r\n\t\t\t<p class=\"FootnoteText\">\r\n\t\t\t\t<a href=\"#_ftnref1\"><span class=\"FootnoteReference\" style=\"font-size:8pt\">[1]</span></a><span> </span><span>Whara, U</span><span>nsilenced: Unmasking the United Nations</span><span style=\"font-family:'Verdana'\"> </span><span>Culture of Cover-ups, Corruption and Impunity</span><span> s.</span><span> </span><span>63</span><span>.</span><span> </span>\r\n\t\t\t</p>\r\n\t\t</div>\r\n\t\t<div id=\"_ftn2\" style=\"-aw-footnote-isauto:1\">\r\n\t\t\t<p class=\"FootnoteText\">\r\n\t\t\t\t<a href=\"#_ftnref2\"><span class=\"FootnoteReference\" style=\"font-size:8pt\">[2]</span></a><span> ff s.</span><span> </span><span>69</span><span>.</span><span> </span>\r\n\t\t\t</p>\r\n\t\t</div>\r\n\t</div>"},"dokforslag":{"forslag":[{"nummer":"1","beteckning":null,"lydelse":"Riksdagen ställer sig bakom det som anförs i motionen om att FN ska inta en central plats i Sveriges utrikespolitik och tillkännager detta för regeringen.","lydelse2":null,"utskottet":"Avslag","kammaren":"Avslag","behandlas_i":"2018/19:UU8","behandlas_i_punkt":null,"kammarbeslutstyp":null,"intressent":"UU","avsnitt":null,"grundforfattning":null,"andringsforfattning":null},{"nummer":"2","beteckning":null,"lydelse":"Riksdagen ställer sig bakom det som anförs i motionen om att Sverige bör verka för högre krav på de länder som leder FN-arbetet, och detta tillkännager riksdagen för regeringen.","lydelse2":null,"utskottet":null,"kammaren":null,"behandlas_i":"2019/20:UU15","behandlas_i_punkt":null,"kammarbeslutstyp":null,"intressent":"UU","avsnitt":null,"grundforfattning":null,"andringsforfattning":null},{"nummer":"3","beteckning":null,"lydelse":"Riksdagen ställer sig bakom det som anförs i motionen om att Sverige inom FN bör verka för ett utökat arbete mot korruption såväl internt som externt och tillkännager detta för regeringen.","lydelse2":null,"utskottet":null,"kammaren":null,"behandlas_i":"2019/20:UU15","behandlas_i_punkt":null,"kammarbeslutstyp":null,"intressent":"UU","avsnitt":null,"grundforfattning":null,"andringsforfattning":null},{"nummer":"4","beteckning":null,"lydelse":"Riksdagen ställer sig bakom det som anförs i motionen om att EU:s institutioner inte ska ha behörighet att föra Sveriges talan inom FN och tillkännager detta för regeringen.","lydelse2":null,"utskottet":"Avslag","kammaren":"Avslag","behandlas_i":"2018/19:UU10","behandlas_i_punkt":null,"kammarbeslutstyp":null,"intressent":"UU","avsnitt":null,"grundforfattning":null,"andringsforfattning":null},{"nummer":"5","beteckning":null,"lydelse":"Riksdagen ställer sig bakom det som anförs i motionen om att regeringen, under den period som Sverige sitter i säkerhetsrådet, bör ta initiativ till en reform av FN:s interna regler om skydd för visselblåsare, tvistlösningsmekanismen mellan FN och dess personal, systemet för utvärdering och revision och möjligheterna att lagföra personer som begår brott under FN-tjänstgöring, och detta tillkännager riksdagen för regeringen.","lydelse2":null,"utskottet":"Avslag","kammaren":"Avslag","behandlas_i":"2018/19:UU8","behandlas_i_punkt":null,"kammarbeslutstyp":null,"intressent":"UU","avsnitt":null,"grundforfattning":null,"andringsforfattning":null}]},"dokaktivitet":{"aktivitet":[{"kod":"INL","namn":"Inlämnad","datum":"2018-11-28 12:10:32","status":"inträffat","ordning":"0","process":"behandling"},{"kod":"Granskad","namn":"Granskad","datum":"2018-11-28 13:40:32","status":"inträffat","ordning":"0","process":"behandling"},{"kod":"HÄN","namn":"Hänvisad","datum":"2018-12-05 00:00:00","status":"inträffat","ordning":"0","process":"behandling"}]},"dokintressent":{"intressent":[{"intressent_id":"0204240926023","namn":"Markus Wiechel","partibet":"SD","ordning":"1","roll":"undertecknare"},{"intressent_id":"0452755722723","namn":"Björn Söder","partibet":"SD","ordning":"2","roll":"undertecknare"},{"intressent_id":"0526748040023","namn":"Ludvig Aspling","partibet":"SD","ordning":"3","roll":"undertecknare"},{"intressent_id":"0254021157518","namn":"Lars Andersson","partibet":"SD","ordning":"4","roll":"undertecknare"},{"intressent_id":"086684470825","namn":"Tobias Andersson","partibet":"SD","ordning":"5","roll":"undertecknare"},{"intressent_id":"0338088431726","namn":"Sara Gille","partibet":"SD","ordning":"6","roll":"undertecknare"}]},"dokuppgift":{"uppgift":[{"kod":"motkat","namn":"Motionskategori","text":"Fristående motion","dok_id":"H6021366","systemdatum":"2020-01-31 14:58:08"},{"kod":"tilldelat","namn":"Tilldelat","text":"Utrikesutskottet","dok_id":"H6021366","systemdatum":"2020-01-31 14:58:08"},{"kod":"statustext","namn":"statustext","text":"Motionen bereds i utskott","dok_id":"H6021366","systemdatum":"2019-01-10 13:52:25"}]},"dokbilaga":{"bilaga":[{"dok_id":"H6021366","titel":"Förenta nationerna","subtitel":"av Markus Wiechel m.fl. (SD)","filnamn":"mot_201819__1366.docx","filstorlek":"76184","filtyp":"docx","fil_url":"http://data.riksdagen.se/fil/3DE4D7EA-3572-4B3E-934D-9C84E519BFDE"},{"dok_id":"H6021366","titel":"Förenta nationerna","subtitel":"av Markus Wiechel m.fl. (SD)","filnamn":"mot_201819__1366.pdf","filstorlek":"100867","filtyp":"pdf","fil_url":"http://data.riksdagen.se/fil/54C7021F-469D-4B83-8E05-A5C024F07DDE"}]},"dokreferens":{"referens":[{"referenstyp":"behandlas_i","uppgift":"2018/19:UU12","ref_dok_id":"H601UU12","ref_dok_typ":"bet","ref_dok_rm":"2018/19","ref_dok_bet":"UU12","ref_dok_titel":"Säkerhetspolitik","ref_dok_subtitel":null,"ref_dok_subtyp":"bet","ref_dok_dokumentnamn":"Betänkande"},{"referenstyp":"behandlas_i","uppgift":"2018/19:UU10","ref_dok_id":"H601UU10","ref_dok_typ":"bet","ref_dok_rm":"2018/19","ref_dok_bet":"UU10","ref_dok_titel":"Verksamheten i Europeiska unionen under 2018","ref_dok_subtitel":null,"ref_dok_subtyp":"bet","ref_dok_dokumentnamn":"Betänkande"},{"referenstyp":"behandlas_i","uppgift":"2018/19:UU8","ref_dok_id":"H601UU8","ref_dok_typ":"bet","ref_dok_rm":"2018/19","ref_dok_bet":"UU8","ref_dok_titel":"Sveriges medlemskap i FN:s säkerhetsråd 2017-2018","ref_dok_subtitel":null,"ref_dok_subtyp":"bet","ref_dok_dokumentnamn":"Betänkande"},{"referenstyp":"behandlas_i","uppgift":"2019/20:UU15","ref_dok_id":"H701UU15","ref_dok_typ":"bet","ref_dok_rm":"2019/20","ref_dok_bet":"UU15","ref_dok_titel":"Mänskliga rättigheter","ref_dok_subtitel":null,"ref_dok_subtyp":"bet","ref_dok_dokumentnamn":"Betänkande"}]},"debatt":null}}