{"dokumentstatus":{"dokument":{"hangar_id":"5007642","dok_id":"H602133","rm":"2018/19","beteckning":"133","typ":"mot","subtyp":"Kommittémotion","doktyp":"mot","typrubrik":"Motion 2018/19:133 av Adam Marttinen m.fl. (SD)","dokumentnamn":"Motion","debattnamn":"Motion","tempbeteckning":"SD105","organ":"JuU","mottagare":"","nummer":"133","slutnummer":"0","datum":"2018-10-22 00:00:00","systemdatum":"2019-06-19 13:17:08","publicerad":"2018-10-22 00:00:00","titel":"Krafttag mot brottslighet","subtitel":"av Adam Marttinen m.fl. (SD)","status":"Klar","htmlformat":"html","relaterat_id":"","source":"Filur","sourceid":"d537a214-fa23-474f-a055-cf8e31287dc1","dokument_url_text":"http://data.riksdagen.se/dokument/H602133/text","dokument_url_html":"http://data.riksdagen.se/dokument/H602133","dokumentstatus_url_xml":"http://data.riksdagen.se/dokumentstatus/H602133","html":"<style><!-- \r\n /********************************************************************************************************/\r\n/* Styles for D:\\Logs\\DocumentConverter\\\\Output_fc9d9ab6-94b2-4b63-aa56-3e5efef1acbc\\HTML\\Dokument.html */\r\n/* Generated by Aspose.Words for .NET 15.3.0.0                                                          */\r\n/********************************************************************************************************/\r\n\r\n@page Section1 { size:595.3pt 841.9pt; margin:35.45pt 85.05pt }\r\ndiv.Section1 { page:Section1 }\r\ndiv.pconf body { t-i:17pt; line-height:15pt; font-family:'Verdana'; font-size: 0.90em }\r\ndiv.pconf h1, h2, h3, h4, h5, h6, p { margin:0pt }\r\ndiv.pconf li, table { margin-top:0pt; margin-bottom:0pt }\r\ndiv.pconf h1 { margin-top:41pt; margin-bottom:0pt; t-i:0pt; page-break-inside:avoid; page-break-after:avoid; line-height:19.5pt; font-family:'Verdana'; font-size: 1.05em; font-weight:normal }\r\ndiv.pconf h2 { margin-top:30pt; margin-bottom:0pt; t-i:0pt; page-break-inside:avoid; page-break-after:avoid; line-height:15pt; font-family:'Verdana'; font-size: 1.00em; font-weight:normal }\r\ndiv.pconf h3 { margin-top:18pt; margin-bottom:0pt; t-i:0pt; page-break-inside:avoid; page-break-after:avoid; line-height:15pt; font-family:'Verdana'; font-size: 0.90em; font-weight:bold }\r\ndiv.pconf h4 { margin-top:18pt; margin-bottom:0pt; t-i:0pt; page-break-inside:avoid; page-break-after:avoid; line-height:15pt; font-family:'Verdana'; font-size: 0.90em; font-weight:normal; font-style:italic }\r\ndiv.pconf h5 { margin-top:15pt; margin-bottom:0pt; t-i:0pt; page-break-inside:avoid; page-break-after:avoid; line-height:15pt; font-family:'Verdana'; font-size: 0.90em; font-weight:bold; font-style:normal }\r\ndiv.pconf h6 { margin-top:15pt; margin-bottom:0pt; t-i:0pt; page-break-inside:avoid; page-break-after:avoid; line-height:15pt; font-family:'Verdana'; font-size: 0.90em; font-weight:normal; font-style:italic }\r\n.Heading7 { margin-top:15pt; margin-bottom:0pt; t-i:0pt; page-break-inside:avoid; page-break-after:avoid; line-height:15pt; font-family:'Verdana'; font-size: 0.90em; font-weight:normal; font-style:italic }\r\n.Heading8 { margin-top:15pt; margin-bottom:0pt; t-i:0pt; page-break-inside:avoid; page-break-after:avoid; line-height:15pt; font-family:'Verdana'; font-size: 0.90em; font-weight:normal; font-style:italic }\r\n.Heading9 { margin-top:0pt; margin-bottom:0pt; t-i:0pt; page-break-inside:avoid; page-break-after:avoid; line-height:15pt; font-family:'Verdana'; font-size: 0.90em; font-weight:normal; font-style:italic }\r\n.BalloonText { margin-bottom:0pt; t-i:17pt; line-height:normal; font-family:'Segoe UI'; font-size: 0.90em }\r\n.Beteckning { margin-top:18pt; margin-bottom:0pt; t-i:14.2pt; page-break-inside:auto; page-break-after:auto; line-height:19.5pt; font-size: 1.05em }\r\n.BlockText, .Inramatstycke { margin-right:56.7pt; margin-left:56.7pt; margin-bottom:0pt; t-i:0pt; text-align:nojustify; line-height:15pt; border-top-style:solid; border-top-width:0.75pt; border-top-color:#000000; border-right-style:solid; border-right-width:0.75pt; border-right-color:#000000; border-left-style:solid; border-left-width:0.75pt; border-left-color:#000000; border-bottom-style:solid; border-bottom-width:0.75pt; border-bottom-color:#000000; padding-top:10pt; padding-right:10pt; padding-left:10pt; padding-bottom:10pt; font-size: 0.90em; font-style:italic }\r\n.Citaticitat { margin-top:7.5pt; margin-left:34pt; margin-bottom:0pt; t-i:0pt; line-height:12pt; font-size: 0.90em }\r\n.Citaticitatmedindrag { margin-top:0pt; margin-left:34pt; margin-bottom:7.5pt; t-i:17pt; line-height:12pt; font-size: 0.90em }\r\n.Citatmedindrag { margin-top:0pt; margin-left:17pt; margin-bottom:0pt; t-i:17pt; line-height:12pt; font-size: 0.90em }\r\n.CommentSubject { margin-bottom:0pt; t-i:17pt; line-height:normal; font-size: 0.90em; font-weight:bold }\r\n.CommentText { margin-bottom:0pt; t-i:17pt; line-height:normal; font-size: 0.90em }\r\n.FSHTitel, .Dokumentrubrik { margin-top:4pt; margin-bottom:4pt; t-i:0pt; page-break-inside:avoid; page-break-after:avoid; line-height:20pt; border-bottom-style:solid; border-bottom-width:0.75pt; border-bottom-color:#000000; padding-bottom:3pt; font-size: 1.05em }\r\n.FSHLogo { margin-top:4pt; margin-bottom:0pt; t-i:0pt; line-height:normal; font-size: 0.90em }\r\n.FSHNormL { margin-top:4pt; margin-bottom:0pt; t-i:0pt; line-height:15pt; border-top-style:solid; border-top-width:1.5pt; border-top-color:#000000; padding-top:3pt; font-size: 0.90em }\r\n.FSHNormal { margin-top:4pt; margin-bottom:0pt; t-i:0pt; line-height:15pt; font-size: 0.90em }\r\n.FSHNormalS5 { margin-top:11.5pt; margin-bottom:26pt; t-i:0pt; page-break-inside:avoid; page-break-after:avoid; line-height:12.5pt; font-size: 0.95em; font-weight:bold }\r\n.FSHRub1, .Rubrik1S5 { margin-top:135pt; margin-bottom:0pt; t-i:0pt; page-break-inside:avoid; page-break-after:avoid; line-height:16pt; font-size: 1.00em }\r\n.FSHRub2, .Rubrik1A4 { margin-top:50pt; margin-bottom:5pt; t-i:0pt; page-break-inside:avoid; page-break-after:avoid; line-height:24pt; font-size: 1.05em }\r\n.Footer { margin-top:4pt; margin-bottom:0pt; t-i:0pt; text-align:center; line-height:normal; font-size: 0.90em }\r\n.FootnoteText { margin-top:0pt; margin-bottom:0pt; t-i:0pt; line-height:12pt; font-size: 0.90em }\r\n.Yrkandehnv, .Frslagspunkthnv { margin-bottom:0pt; t-i:0pt; page-break-inside:avoid; page-break-after:avoid; font-size: 0.90em }\r\n.Frslagsrubrik { margin-top:41pt; margin-bottom:0pt; t-i:0pt; page-break-inside:avoid; page-break-after:avoid; line-height:19.5pt; font-family:'Verdana'; font-size: 1.05em }\r\n.Frslagstext, .Hemstlatt, .Yrkande { margin-top:4pt; margin-left:19.85pt; margin-bottom:0pt; t-i:-19.85pt; line-height:15pt; font-size: 0.90em }\r\n.Header { margin-top:4pt; margin-bottom:0pt; t-i:0pt; line-height:normal; font-size: 0.90em }\r\n.KantRubrikS5H { margin-top:6pt; margin-right:2.85pt; margin-bottom:0pt; t-i:0pt; text-align:right; line-height:8pt; font-size: 0.90em }\r\n.KantRubrikS5Hrad2 { margin-top:0pt; margin-right:2.85pt; margin-bottom:0pt; t-i:0pt; text-align:right; line-height:10pt; font-size: 0.90em }\r\n.KantRubrikS5V { margin-top:6pt; margin-right:0pt; margin-bottom:0pt; t-i:0pt; text-align:left; line-height:8pt; font-size: 0.90em }\r\n.KantRubrikS5Vrad2 { margin-top:0pt; margin-right:0pt; margin-bottom:0pt; t-i:0pt; text-align:left; line-height:10pt; font-size: 0.90em }\r\n.KantrubrikH { margin-top:4pt; margin-right:0pt; margin-bottom:0pt; t-i:0pt; text-align:right; line-height:15pt; font-size: 0.90em }\r\n.KantrubrikV { margin-top:4pt; margin-left:0pt; margin-bottom:0pt; t-i:0pt; line-height:normal; font-size: 0.90em }\r\n.Klla { margin-top:0pt; margin-bottom:0pt; t-i:0pt; line-height:12pt; font-size: 0.90em }\r\n.Lagtext { margin-top:4pt; margin-bottom:0pt; t-i:0pt; line-height:normal; font-size: 0.90em }\r\n.Lagtextindrag { margin-top:4pt; margin-bottom:0pt; t-i:14.2pt; line-height:normal; font-size: 0.90em }\r\n.Lagtextrubrik { margin-top:4pt; margin-bottom:0pt; t-i:0pt; line-height:normal; font-size: 0.90em; font-style:italic; letter-spacing:1pt }\r\n.List { margin-top:7.5pt; margin-left:17pt; margin-bottom:7.5pt; t-i:-17pt; line-height:15pt; font-size: 0.90em }\r\n.ListBullet, .PunktlistaBomb { margin-top:4pt; margin-left:14.2pt; margin-bottom:0pt; t-i:-14.2pt; line-height:15pt; font-size: 0.90em }\r\n.ListNumber, .PunktlistaNummer { margin-top:4pt; margin-left:14.2pt; margin-bottom:0pt; t-i:-14.2pt; line-height:15pt; font-size: 0.90em }\r\n.ListParagraph { margin-left:36pt; margin-bottom:0pt; t-i:17pt; line-height:15pt; font-size: 0.90em }\r\n.ListaGemener { margin-top:7.5pt; margin-left:17pt; margin-bottom:7.5pt; t-i:-17pt; line-height:15pt; font-size: 0.90em }\r\n.ListaLinje { margin-top:7.5pt; margin-left:17pt; margin-bottom:7.5pt; t-i:-17pt; line-height:15pt; font-size: 0.90em }\r\n.ListaNummer { margin-top:7.5pt; margin-left:17pt; margin-bottom:7.5pt; t-i:-17pt; line-height:15pt; font-size: 0.90em }\r\n.ListaPunkt { margin-top:7.5pt; margin-left:17pt; margin-bottom:7.5pt; t-i:-17pt; line-height:15pt; font-size: 0.90em }\r\n.MotionTIllRiksdagen { margin-top:18pt; margin-bottom:0pt; t-i:0pt; page-break-inside:avoid; page-break-after:avoid; line-height:19.5pt; font-size: 1.05em }\r\n.Motionr { margin-top:14pt; margin-bottom:31.5pt; t-i:0pt; page-break-inside:avoid; line-height:15pt; font-size: 1.00em; font-weight:bold; font-style:normal }\r\n.NormalIndent { margin-left:65.2pt; margin-bottom:0pt; t-i:17pt; line-height:15pt; font-size: 0.90em }\r\n.Normalutanindragellerluft { margin-top:4pt; margin-bottom:0pt; t-i:0pt; line-height:15pt; font-size: 0.90em }\r\n.Normal00 { margin-top:4pt; margin-bottom:0pt; t-i:0pt; line-height:normal; font-size: 0.90em }\r\n.NormalA4fot { margin-top:12pt; margin-bottom:0pt; t-i:0pt; text-align:center; line-height:normal; font-size: 0.90em }\r\n.NormalA4sidnr { margin-top:4pt; margin-bottom:12pt; t-i:0pt; text-align:center; line-height:normal; font-size: 0.90em }\r\n.NormalS5sidnrH { margin-top:4pt; margin-right:2.85pt; margin-bottom:0pt; t-i:0pt; text-align:right; line-height:normal; font-size: 0.90em }\r\n.NormalS5sidnrV { margin-top:4pt; margin-right:0pt; margin-bottom:0pt; t-i:0pt; text-align:left; line-height:normal; font-size: 0.90em }\r\n.PlainText { margin-bottom:0pt; t-i:0pt; line-height:12pt; font-family:'Verdana'; font-size: 0.90em }\r\n.Strecklista, .PunktlistaTankstreck { margin-top:4pt; margin-left:14.2pt; margin-bottom:0pt; t-i:-14.2pt; line-height:15pt; font-size: 0.90em }\r\n.Quote { margin-top:7.5pt; margin-left:17pt; margin-bottom:0pt; t-i:0pt; line-height:12pt; font-size: 0.90em }\r\n.R1 { margin-top:41pt; margin-bottom:0pt; t-i:0pt; page-break-inside:avoid; page-break-after:avoid; line-height:19.5pt; font-family:'Verdana'; font-size: 1.05em }\r\n.R2 { margin-top:30pt; margin-bottom:0pt; t-i:0pt; page-break-inside:avoid; page-break-after:avoid; line-height:15pt; font-family:'Verdana'; font-size: 1.00em }\r\n.R3 { margin-top:18pt; margin-bottom:0pt; t-i:0pt; page-break-inside:avoid; page-break-after:avoid; line-height:15pt; font-family:'Verdana'; font-size: 0.90em; font-weight:bold }\r\n.Rubrik1numrerat { margin-top:41pt; margin-left:18pt; margin-bottom:0pt; t-i:-18pt; page-break-inside:auto; page-break-after:avoid; line-height:19.5pt; font-family:'Verdana'; font-size: 1.05em }\r\n.Rubrik2numrerat { margin-top:30pt; margin-left:39.6pt; margin-bottom:0pt; t-i:-39.6pt; page-break-inside:avoid; page-break-after:avoid; line-height:15pt; font-family:'Verdana'; font-size: 1.00em }\r\n.Rubrik3numrerat { margin-top:18pt; margin-left:61.2pt; margin-bottom:0pt; t-i:-61.2pt; page-break-inside:avoid; page-break-after:avoid; line-height:15pt; font-family:'Verdana'; font-size: 0.90em; font-weight:bold }\r\n.Rubrik4numrerat { margin-top:18pt; margin-left:82.2pt; margin-bottom:0pt; t-i:-82.2pt; page-break-inside:avoid; page-break-after:avoid; line-height:15pt; font-family:'Verdana'; font-size: 0.90em; font-weight:normal; font-style:italic }\r\n.RubrikFrslagTIllRiksdagsbeslut { margin-top:41pt; margin-bottom:15pt; t-i:0pt; page-break-inside:avoid; page-break-after:avoid; line-height:19.5pt; font-family:'Verdana'; font-size: 1.05em }\r\n.RubrikInnehllsf { margin-top:41pt; margin-bottom:0pt; t-i:0pt; page-break-inside:avoid; page-break-after:avoid; line-height:19.5pt; font-family:'Verdana'; font-size: 1.05em }\r\n.RubrikSammanf { margin-top:41pt; margin-bottom:0pt; t-i:0pt; page-break-inside:avoid; page-break-after:avoid; line-height:19.5pt; font-family:'Verdana'; font-size: 1.05em }\r\n.Salutation { margin-top:41pt; margin-bottom:0pt; t-i:0pt; page-break-inside:avoid; page-break-after:avoid; line-height:19.5pt; font-family:'Verdana'; font-size: 1.05em }\r\n.Streckkod { margin-top:12pt; margin-bottom:0pt; t-i:0pt; text-align:center; line-height:normal; font-family:IDAutomationHC39S; font-size: 1.00em }\r\n.Subtitle { margin-top:4pt; margin-bottom:0pt; t-i:0pt; line-height:15pt; font-family:'Verdana'; font-size: 0.90em; font-weight:bold }\r\n.TOC1 { margin-top:4pt; margin-bottom:0pt; t-i:0pt; line-height:15pt; font-size: 0.90em }\r\n.TOC2 { margin-top:4pt; margin-left:14.2pt; margin-bottom:0pt; t-i:0pt; line-height:15pt; font-size: 0.90em }\r\n.TOC3 { margin-top:4pt; margin-left:28.35pt; margin-bottom:0pt; t-i:0pt; line-height:15pt; font-size: 0.90em }\r\n.TOC4 { margin-top:4pt; margin-left:42.55pt; margin-bottom:0pt; t-i:0pt; line-height:15pt; font-size: 0.90em }\r\n.TOC5 { margin-top:4pt; margin-left:56.7pt; margin-bottom:0pt; t-i:0pt; line-height:15pt; font-size: 0.90em }\r\n.TOC6 { margin-top:4pt; margin-left:56.7pt; margin-bottom:0pt; t-i:0pt; line-height:15pt; font-size: 0.90em }\r\n.TOC7 { margin-top:15pt; margin-left:56.7pt; margin-bottom:0pt; t-i:14.2pt; page-break-inside:avoid; page-break-after:avoid; line-height:normal; font-family:'Verdana'; font-size: 0.90em; font-weight:normal; font-style:italic }\r\n.TOC8 { margin-top:15pt; margin-left:56.7pt; margin-bottom:0pt; t-i:14.2pt; page-break-inside:avoid; page-break-after:avoid; line-height:normal; font-family:'Verdana'; font-size: 0.90em; font-weight:normal; font-style:italic }\r\n.TOC9 { margin-top:15pt; margin-left:56.7pt; margin-bottom:0pt; t-i:14.2pt; page-break-inside:avoid; page-break-after:avoid; line-height:normal; font-family:'Verdana'; font-size: 0.90em; font-weight:normal; font-style:italic }\r\n.TOCHeading { margin-top:41pt; margin-bottom:0pt; t-i:0pt; page-break-inside:avoid; page-break-after:avoid; line-height:19.5pt; font-family:'Verdana'; font-size: 1.05em }\r\n.Tabellunderrubrik { margin-top:0pt; margin-bottom:0pt; t-i:0pt; line-height:15pt; font-size: 0.90em; font-weight:normal; font-style:italic }\r\n.Tabellrubrik { margin-top:7.5pt; margin-bottom:0pt; t-i:0pt; line-height:15pt; font-size: 0.90em; font-weight:bold }\r\n.Title { margin-top:41pt; margin-bottom:0pt; t-i:0pt; page-break-inside:avoid; page-break-after:avoid; line-height:19.5pt; font-family:'Verdana'; font-size: 1.05em }\r\n.Underskriftdatum { margin-top:24pt; margin-bottom:3pt; t-i:0pt; page-break-inside:avoid; line-height:15pt; font-size: 0.90em; font-style:normal }\r\n.Underskrifter { margin-top:15pt; margin-bottom:3pt; t-i:0pt; page-break-inside:avoid; line-height:15pt; font-size: 0.90em; font-style:italic }\r\nspan.BallongtextChar { font-family:'Segoe UI'; font-size: 0.90em }\r\nspan.BeteckningChar { font-size:19.5pt }\r\nspan.CommentReference { font-size:8pt }\r\nspan.FSHRub2Char, span.Rubrik1A4Char { font-size:24pt }\r\nspan.FootnoteReference { vertical-align:super }\r\nspan.FotnotstextChar { font-size:10pt }\r\nspan.InledningChar { font-family:'Verdana'; font-size: 1.00em; font-weight:bold }\r\nspan.IntenseReference { font-weight:normal; font-style:normal; font-variant:normal; text-decoration:none; text-transform:none; letter-spacing:0pt; vertical-align:0pt; color:#000000; display:inline }\r\nspan.KommentarerChar { font-size:10pt }\r\nspan.KommentarsmneChar { font-size:10pt; font-weight:bold }\r\nspan.MotionTIllRiksdagenChar { font-size:19.5pt }\r\nspan.OformateradtextChar { font-family:'Verdana'; font-size: 0.90em }\r\nspan.PlaceholderText { color:#f4b083 }\r\nspan.Rubrik1Char { font-family:'Verdana'; font-size: 1.05em }\r\nspan.Rubrik2Char { font-family:'Verdana'; font-size: 1.00em; font-weight:bold }\r\nspan.Rubrik3Char { font-family:'Verdana'; font-size: 0.90em; font-weight:bold }\r\nspan.Rubrik4Char { font-family:'Verdana'; font-size: 0.90em; font-style:italic }\r\nspan.Rubrik5Char { font-family:'Verdana'; font-weight:bold }\r\nspan.Rubrik6Char { font-family:'Verdana'; font-style:italic }\r\nspan.Rubrik7Char { font-family:'Verdana'; font-size: 0.90em; font-weight:bold }\r\nspan.Rubrik8Char { font-family:'Verdana'; font-size: 0.90em; font-weight:bold }\r\nspan.Rubrik9Char { font-family:'Verdana'; font-size: 0.90em; font-weight:bold }\r\nspan.RubrikChar { font-family:'Verdana'; font-size: 1.00em; font-weight:bold }\r\nspan.SidfotChar { font-size:11.5pt }\r\nspan.UnderrubrikChar { font-family:'Verdana'; font-size: 0.90em; font-weight:bold }\r\n.TableGrid {  }\r\n\r\n.pconf{width: 450px;margin-left:5px;overflow:visable;font-family:Verdana, Geneva, sans-serif;} \r\n .sidhuvud_publikation, .sidhuvud_beteckning{font-size:133%}\r\n.MotionarLista {font-size:122%}\r\n\r\n--></style><div class=\"pconf\"><span class=\"sidhuvud_publikation\">Motion till riksdagen</span><br/>\r\n<span class=\"sidhuvud_beteckning\">2018/19:133</span><br/>\r\n<span class=\"MotionarLista\">av Adam Marttinen m.fl. (SD)</span><br/>\r\n<h1>Krafttag mot brottslighet</h1>\r\n<hr class=\"sidhuvud_linje\"/>\r\n\r\n\r\n\t\t<div class=\"Section1\">\r\n\t\t\t<h1 style=\"margin-bottom:15pt; -aw-sdt-tag:CC_Boilerplate_4; -aw-sdt-title:CC_Boilerplate_4\">\r\n\t\t\t\t<span>Förslag till riksdagsbeslut</span>\r\n\t\t\t</h1>\r\n\t\t\t<ol type=\"1\" style=\"margin:0pt; padding-left:0pt\">\r\n\t\t\t\t<li class=\"Frslagstext\" style=\"margin-left:14pt; t-i:0pt; padding-left:5.85pt; font-family:'Verdana'; font-size: 0.90em\">\r\n\t\t\t\t\t<span style=\"font-family:'Verdana'; font-size: 0.90em\">Riksdagen ställer sig bakom det som anförs i motionen om nolltolerans mot övergrepp i rättssak och tillkännager detta för regeringen.</span>\r\n\t\t\t\t</li>\r\n\t\t\t\t<li class=\"Frslagstext\" style=\"margin-left:14pt; t-i:0pt; padding-left:5.85pt; font-family:'Verdana'; font-size: 0.90em\">\r\n\t\t\t\t\t<span style=\"font-family:'Verdana'; font-size: 0.90em\">Riksdagen ställer sig bakom det som anförs i motionen om ett nationellt ansvar och tillkännager detta för regeringen.</span>\r\n\t\t\t\t</li>\r\n\t\t\t\t<li class=\"Frslagstext\" style=\"margin-left:14pt; t-i:0pt; padding-left:5.85pt; font-family:'Verdana'; font-size: 0.90em\">\r\n\t\t\t\t\t<span style=\"font-family:'Verdana'; font-size: 0.90em\">Riksdagen ställer sig bakom det som anförs i motionen om större möjligheter för polis att beslagta och förverka dyrbara tillgångar från grovt kriminella och tillkännager detta för regeringen.</span>\r\n\t\t\t\t</li>\r\n\t\t\t\t<li class=\"Frslagstext\" style=\"margin-left:14pt; t-i:0pt; padding-left:5.85pt; font-family:'Verdana'; font-size: 0.90em\">\r\n\t\t\t\t\t<span style=\"font-family:'Verdana'; font-size: 0.90em\">Riksdagen ställer sig bakom det som anförs i motionen om en ny brottskategori, DIKO, och tillkännager detta för regeringen.</span>\r\n\t\t\t\t</li>\r\n\t\t\t\t<li class=\"Frslagstext\" style=\"margin-left:14pt; t-i:0pt; padding-left:5.85pt; font-family:'Verdana'; font-size: 0.90em\">\r\n\t\t\t\t\t<span style=\"font-family:'Verdana'; font-size: 0.90em\">Riksdagen ställer sig bakom det som anförs i motionen om kronvittnen och tillkännager detta för regeringen.</span>\r\n\t\t\t\t</li>\r\n\t\t\t\t<li class=\"Frslagstext\" style=\"margin-left:14pt; t-i:0pt; padding-left:5.85pt; font-family:'Verdana'; font-size: 0.90em\">\r\n\t\t\t\t\t<span style=\"font-family:'Verdana'; font-size: 0.90em\">Riksdagen ställer sig bakom det som anförs i motionen om utökat vittnesskydd och tillkännager detta för regeringen.</span>\r\n\t\t\t\t</li>\r\n\t\t\t\t<li class=\"Frslagstext\" style=\"margin-left:14pt; t-i:0pt; padding-left:5.85pt; font-family:'Verdana'; font-size: 0.90em\">\r\n\t\t\t\t\t<span style=\"font-family:'Verdana'; font-size: 0.90em\">Riksdagen ställer sig bakom det som anförs i motionen om att utreda möjligheten att vittna anonymt och tillkännager detta för regeringen.</span>\r\n\t\t\t\t</li>\r\n\t\t\t\t<li class=\"Frslagstext\" style=\"margin-left:14pt; t-i:0pt; padding-left:5.85pt; font-family:'Verdana'; font-size: 0.90em\">\r\n\t\t\t\t\t<span style=\"font-family:'Verdana'; font-size: 0.90em\">Riksdagen ställer sig bakom det som anförs i motionen om skärpta straff vid gränsöverskridande brottslighet och tillkännager detta för regeringen.</span>\r\n\t\t\t\t</li>\r\n\t\t\t\t<li class=\"Frslagstext\" style=\"margin-left:14pt; t-i:0pt; padding-left:5.85pt; font-family:'Verdana'; font-size: 0.90em\">\r\n\t\t\t\t\t<span style=\"font-family:'Verdana'; font-size: 0.90em\">Riksdagen ställer sig bakom det som anförs i motionen om skärpt straff för vapensmuggling och tillkännager detta för regeringen.</span>\r\n\t\t\t\t</li>\r\n\t\t\t\t<li class=\"Frslagstext\" style=\"margin-left:19.85pt; t-i:0pt; font-family:'Verdana'; font-size: 0.90em\">\r\n\t\t\t\t\t<span style=\"font-family:'Verdana'; font-size: 0.90em\">Riksdagen ställer sig bakom det som anförs i motionen om beväpning av tulltjänstemän och tillkännager detta för regeringen.</span>\r\n\t\t\t\t</li>\r\n\t\t\t\t<li class=\"Frslagstext\" style=\"margin-left:19.85pt; t-i:0pt; font-family:'Verdana'; font-size: 0.90em\">\r\n\t\t\t\t\t<span style=\"font-family:'Verdana'; font-size: 0.90em\">Riksdagen ställer sig bakom det som anförs i motionen om förlängd tid för sparat kameramaterial och tillkännager detta för regeringen.</span>\r\n\t\t\t\t</li>\r\n\t\t\t\t<li class=\"Frslagstext\" style=\"margin-left:19.85pt; t-i:0pt; font-family:'Verdana'; font-size: 0.90em\">\r\n\t\t\t\t\t<span style=\"font-family:'Verdana'; font-size: 0.90em\">Riksdagen ställer sig bakom det som anförs i motionen om befogenheter att kvarhålla gods i väntan på polis och tillkännager detta för regeringen.</span>\r\n\t\t\t\t</li>\r\n\t\t\t\t<li class=\"Frslagstext\" style=\"margin-left:19.85pt; t-i:0pt; font-family:'Verdana'; font-size: 0.90em\">\r\n\t\t\t\t\t<span style=\"font-family:'Verdana'; font-size: 0.90em\">Riksdagen ställer sig bakom det som anförs i motionen om </span><span class=\"FrslagstextChar\" style=\"font-family:'Verdana'; font-size: 0.90em\">befogenheter att kvarhålla transportör i väntan på polis</span><span style=\"font-family:'Verdana'; font-size: 0.90em\"> och tillkännager detta för regeringen</span><span style=\"font-family:'Verdana'; font-size: 0.90em\">.</span>\r\n\t\t\t\t</li>\r\n\t\t\t\t<li class=\"Frslagstext\" style=\"margin-left:19.85pt; t-i:0pt; font-family:'Verdana'; font-size: 0.90em\">\r\n\t\t\t\t\t<span style=\"font-family:'Verdana'; font-size: 0.90em\">Riksdagen ställer sig bakom det som anförs i motionen om befogenheter att ingripa mot läkemedelsinförsel och tillkännager detta för regeringen.</span>\r\n\t\t\t\t</li>\r\n\t\t\t\t<li class=\"Frslagstext\" style=\"margin-left:19.85pt; t-i:0pt; font-family:'Verdana'; font-size: 0.90em\">\r\n\t\t\t\t\t<span style=\"font-family:'Verdana'; font-size: 0.90em\">Riksdagen ställer sig bakom det som anförs i motionen om att förbättra personskyddet och säkerheten för tullpersonal och tillkännager detta för regeringen.</span>\r\n\t\t\t\t</li>\r\n\t\t\t\t<li class=\"Frslagstext\" style=\"margin-left:19.85pt; t-i:0pt; font-family:'Verdana'; font-size: 0.90em\">\r\n\t\t\t\t\t<span style=\"font-family:'Verdana'; font-size: 0.90em\">Riksdagen ställer sig bakom det som anförs i motionen om ökad förmåga att eftersöka och hantera illegal utförsel och tillkännager detta för regeringen.</span>\r\n\t\t\t\t</li>\r\n\t\t\t\t<li class=\"Frslagstext\" style=\"margin-left:19.85pt; t-i:0pt; font-family:'Verdana'; font-size: 0.90em\">\r\n\t\t\t\t\t<span style=\"font-family:'Verdana'; font-size: 0.90em\">Riksdagen ställer sig bakom det som anförs i motionen om Tullverkets samverkan med andra myndigheter och tillkännager detta för regeringen.</span>\r\n\t\t\t\t</li>\r\n\t\t\t\t<li class=\"Frslagstext\" style=\"margin-left:19.85pt; t-i:0pt; font-family:'Verdana'; font-size: 0.90em\">\r\n\t\t\t\t\t<span style=\"font-family:'Verdana'; font-size: 0.90em\">Riksdagen ställer sig bakom det som anförs i motionen om återinförd möjlighet att använda kräkmedel mot misstänkta narkotikalangare och tillkännager detta för regeringen.</span>\r\n\t\t\t\t</li>\r\n\t\t\t\t<li class=\"Frslagstext\" style=\"margin-left:19.85pt; t-i:0pt; font-family:'Verdana'; font-size: 0.90em\">\r\n\t\t\t\t\t<span style=\"font-family:'Verdana'; font-size: 0.90em\">Riksdagen ställer sig bakom det som anförs i motionen om ett nationellt förbud mot tiggeri och tillkännager detta för regeringen.</span>\r\n\t\t\t\t</li>\r\n\t\t\t\t<li class=\"Frslagstext\" style=\"margin-left:19.85pt; t-i:0pt; font-family:'Verdana'; font-size: 0.90em\">\r\n\t\t\t\t\t<span style=\"font-family:'Verdana'; font-size: 0.90em\">Riksdagen ställer sig bakom det som anförs i motionen om förenklade regler för avhysning och tillkännager detta för regeringen.</span>\r\n\t\t\t\t</li>\r\n\t\t\t\t<li class=\"Frslagstext\" style=\"margin-left:19.85pt; t-i:0pt; font-family:'Verdana'; font-size: 0.90em\">\r\n\t\t\t\t\t<span style=\"font-family:'Verdana'; font-size: 0.90em\">Riksdagen ställer sig bakom det som anförs i motionen om ytterligare verktyg för att bekämpa trafficking och tillkännager detta för regeringen.</span>\r\n\t\t\t\t</li>\r\n\t\t\t\t<li class=\"Frslagstext\" style=\"margin-left:19.85pt; t-i:0pt; font-family:'Verdana'; font-size: 0.90em\">\r\n\t\t\t\t\t<span style=\"font-family:'Verdana'; font-size: 0.90em\">Riksdagen ställer sig bakom det som anförs i motionen om skärpta straff för människosmuggling och tillkännager detta för regeringen.</span>\r\n\t\t\t\t</li>\r\n\t\t\t\t<li class=\"Frslagstext\" style=\"margin-left:19.85pt; t-i:0pt; font-family:'Verdana'; font-size: 0.90em\">\r\n\t\t\t\t\t<span style=\"font-family:'Verdana'; font-size: 0.90em\">Riksdagen ställer sig bakom det som anförs i motionen om säkrare, tryggare och ökad polisiär närvaro och tillkännager detta för regeringen.</span>\r\n\t\t\t\t</li>\r\n\t\t\t\t<li class=\"Frslagstext\" style=\"margin-left:19.85pt; t-i:0pt; font-family:'Verdana'; font-size: 0.90em\">\r\n\t\t\t\t\t<span style=\"font-family:'Verdana'; font-size: 0.90em\">Riksdagen ställer sig bakom det som anförs i motionen om en nationell handlingsplan för kommuner och tillkännager detta för regeringen.</span>\r\n\t\t\t\t</li>\r\n\t\t\t\t<li class=\"Frslagstext\" style=\"margin-left:19.85pt; t-i:0pt; font-family:'Verdana'; font-size: 0.90em\">\r\n\t\t\t\t\t<span style=\"font-family:'Verdana'; font-size: 0.90em\">Riksdagen ställer sig bakom det som anförs i motionen om en handlingsplan för Polismyndigheten och tillkännager detta för regeringen.</span>\r\n\t\t\t\t</li>\r\n\t\t\t\t<li class=\"Frslagstext\" style=\"margin-left:19.85pt; t-i:0pt; font-family:'Verdana'; font-size: 0.90em\">\r\n\t\t\t\t\t<span style=\"font-family:'Verdana'; font-size: 0.90em\">Riksdagen ställer sig bakom det som anförs i motionen om militära resurser till stöd för polisens arbete och tillkännager detta för regeringen.</span>\r\n\t\t\t\t</li>\r\n\t\t\t</ol>\r\n\t\t\t<h1 style=\"-aw-sdt-tag:CC_Motivering_Rubrik; -aw-sdt-title:CC_Motivering_Rubrik\">\r\n\t\t\t\t<a name=\"MotionsStart\"></a><span>Motivering</span>\r\n\t\t\t</h1>\r\n\t\t\t<p class=\"Normalutanindragellerluft\">\r\n\t\t\t\t<span>Människor ska kunna känna sig säkra – oavsett om det är under en promenad en mörk novemberkväll eller på en konsert en varm junidag. Flickor ska våga gå på festivaler utan att behöva oroa sig för sexuella övergrepp. Unga ska kunna gå hem från skolan utan att behöva oroa sig för att bli rånade, gamla ska kunna öppna sin dörr utan att oroa sig för att en främling </span><span>tränger sig in i deras hem. Det allmänna rummet ska vara ett komp</span><span>lement till det privata hemmet –</span><span> inte ett privilegium för de</span><span>m</span><span> som, genom att sprida rädsla, håller andra inomhus.</span>\r\n\t\t\t</p>\r\n\t\t\t<p>\r\n\t\t\t\t<span>Gängkriminalitet utgör ett särskilt hot mot samhället och inte minst mot de områden där gängmedlemmar bor och verkar. Vi vill att gängrelaterad brottslighet ska ges ett särskilt fokus där särskilda lagar gör det enklare för polis och åklagare att samla in bevis och väcka åtal.</span>\r\n\t\t\t</p>\r\n\t\t\t<h1>\r\n\t\t\t\t<span>Organiserad brottslighet</span>\r\n\t\t\t</h1>\r\n\t\t\t<p class=\"Normalutanindragellerluft\">\r\n\t\t\t\t<span>För att komma tillrätta med en eskalerande organiserad brottslighet föreslår vi nytänkande och långtgående åtgärder som utökar rättsväsendets befogenheter att komma åt denna typ av brottslighet med kännbara straff som följd.</span>\r\n\t\t\t</p>\r\n\t\t\t<h2>\r\n\t\t\t\t<span>Ny brottskategori, DIKO</span>\r\n\t\t\t</h2>\r\n\t\t\t<p class=\"Normalutanindragellerluft\">\r\n\t\t\t\t<span>I dag är det ofta det så kallade fotfolket som fälls i domstol medan de drivande bakom ett kriminellt nätverk ofta slipper undan eftersom domstolen inte kan binda personerna vid något specifikt brott. För att ta krafttag mot den organiserade brottsligheten behöver vi införa nya möjligheter att komma åt ledande personer och nyckelpersoner i den kriminella världen, och ovanstående åtgärd är ett led i detta.</span>\r\n\t\t\t</p>\r\n\t\t\t<p>\r\n\t\t\t\t<span>En ny lagstiftning mot deltagande i kriminell organisation (DI</span><span>KO) bör</span><span> därför</span><span> införas. Denna ska inne</span><span>fatta deltagande i kriminell organisation eller nätverk samt uppvisande av kriminellt mönster. Miniminivån på straffvärdet ska vara högt och maxstraffet för grovt DIKO ska kunna ge riktigt livstidsstraff. Vidare ska inte villkorlig frigivning tillämpas. Utvisning efter avtjänat straff ska göras obligatoriskt om den dömde är utländsk medborgare. </span>\r\n\t\t\t</p>\r\n\t\t\t<p>\r\n\t\t\t\t<span>Det centrala i </span><span>förslag</span><span>et</span><span> handlar om att införa möjligheten att åtala och fälla en person utan att denna behöver bindas vid ett specifikt brott. I</span><span> </span><span>stället ska det, i fall av organiserad brottslighet, kunna räcka med att personen i fråga uppvisar ett kriminellt mönster av deltagande i en kriminell organisation eller nätverk (DIKO-brott).</span>\r\n\t\t\t</p>\r\n\t\t\t<p>\r\n\t\t\t\t<span>Med vårt förslag blir det således olagligt att vara medlem i en kriminell organisation såväl som att vara en del av dess verksamhet eller aktiv i ett kriminellt nätverk. Denna typ av lagstiftning finns sedan 70-talet i bland annat USA och går där under beteckningen </span><span style=\"font-style:italic\">Racketeer Influenced and Corrupt Organizations</span><span> (RICO). RICO-lagar har bland ann</span><span>at använt</span><span>s effektivt för att be</span><span>kämpa de kriminella nätverk som tidigare härjade i New </span><span>York. Enligt uppgifter som fram</span><span>kommit från den amerikanska kongressens utredningstjänst utgör RICO den enskilt viktigaste lagen i USA rörande bekämpande av organiserad brottslighet.</span>\r\n\t\t\t</p>\r\n\t\t\t<p>\r\n\t\t\t\t<span>Förslaget måste utredas och på vilket sätt mönstret av deltagande i organiserad kriminalitet ska definieras måste noga framgå av lagstiftningen.</span>\r\n\t\t\t</p>\r\n\t\t\t<h2>\r\n\t\t\t\t<span>Nolltolerans för övergrepp i rättssak</span>\r\n\t\t\t</h2>\r\n\t\t\t<p class=\"Normalutanindragellerluft\">\r\n\t\t\t\t<span>Antalet anmälda övergrepp i rättssak har ökat markant under 2000-talet. Samtidigt, såsom Åklagarmyndigheten</span><span> har framhållit, är det en grund</span><span>läggande förutsättning för en effektiv brottsbekämpning och lagföring att målsägande och vittnen inte drar sig för att i</span><span>nfinna sig till för</span><span>handling. </span>\r\n\t\t\t</p>\r\n\t\t\t<p>\r\n\t\t\t\t<span>Övergrepp i rättssak bör</span><span>,</span><span> när det handlar om organiserad brottslighet</span><span>,</span><span> i ännu högre utsträckning klassas som allvarligt än vad som nu är fallet.  Detta eftersom kriminella nätverk och organisationer har, eller kan uppfattas ha, större möjligheter att </span><span>sätta sina hot i verket och där</span><span>med också större möjlighet att påverka viljan att polisanmäla brott, avlägga vittnesmål och liknande. </span>\r\n\t\t\t</p>\r\n\t\t\t<p>\r\n\t\t\t\t<span>För att öka tryggheten för brottsoffer och vittnen, samt för att markera skarpt mot dem som överväger att begå övergrepp i rättssak, bör lagstiftningen modifieras angående straffpåföljden. Lagändringens bet</span><span>ydelse bör göra gällande att</span><span> övergrepp i rättssak </span><span>för brott av normalgraden ska resultera i ett straff på minst ett års fängelse.</span>\r\n\t\t\t</p>\r\n\t\t\t<h2>\r\n\t\t\t\t<span>Ett nationellt ansvar</span>\r\n\t\t\t</h2>\r\n\t\t\t<p class=\"Normalutanindragellerluft\">\r\n\t\t\t\t<span>Organiserad brottslighet som dels är internationell, dels är landsomfattande inom Sverige bekämpas bäst av en del inom polisen som har ett övergripande nationellt ansvar för bekämpande av organiserad brottslighet. Det får ankomma på den nya Polismyndigheten att avgöra detta, men exempelvis kan huvudansvaret ligga under den nya Nationella operativa avdelningen. </span>\r\n\t\t\t</p>\r\n\t\t\t<p>\r\n\t\t\t\t<span>För att underlätta och effektivisera ska den sekretess som ibland finns mellan myndigheter ej gälla när NOA efterfrågar information i fall kopplade till organiserad brottslighet.</span>\r\n\t\t\t</p>\r\n\t\t\t<h2>\r\n\t\t\t\t<span>Större möjligheter för polis att beslagta och förverka dyrbara tillgångar från grovt kriminella</span>\r\n\t\t\t</h2>\r\n\t\t\t<p class=\"Normalutanindragellerluft\">\r\n\t\t\t\t<span>Det är vedertaget att man i arbetet mot den organiserade brottsligheten just ska slå mot de ekonomiska tillgångar verksamheten ger upphov till. Detta för att göra verksamheten mindre lönsam och därmed mindre intressant att engagera sig.</span>\r\n\t\t\t</p>\r\n\t\t\t<p>\r\n\t\t\t\t<span>I</span><span> </span><span>dag krävs det vidare att polisen har tillgångarna i sin besit</span><span>tning för att kunna beslagta dem</span><span> på uppdrag av kronofogden. Detta innebär att om polisen påträffar en kriminell person med skulder måste bes</span><span>laget av tillgångarna ske i sam</span><span>band med att personen grips eller på annat sätt frihetsberövas. Det räcker alltså inte med att en skuldsatt gängkriminell stoppas i en vanli</span><span>g rutin</span><span>kontroll och innehar dyra lyxartiklar eller kontanter.</span>\r\n\t\t\t</p>\r\n\t\t\t<p>\r\n\t\t\t\t<span>Sverigedemokraterna vill ändra lagen så att polisen ska kunna beslagta kontanter och lyxtillgångar från grovt kriminella även om de inte frihetsberövas vid tillfället. Detta om tillgångarna är orimligt dyrbara eller misstänkta i förhållande till personens taxerade inkomst. Vid krav på återlämnan</span><span>de av sådana tillgångar ska per</span><span>sonen kunna ge en förklaring styrkt bortom rimligt tvivel till hur de förvärvats lagligt. Om så inte sker ska de beslagtagna tillgångarna förverkas av staten.</span>\r\n\t\t\t</p>\r\n\t\t\t<h2>\r\n\t\t\t\t<span>Kronvittnen</span>\r\n\t\t\t</h2>\r\n\t\t\t<p class=\"Normalutanindragellerluft\">\r\n\t\t\t\t<span>Danmark har en sådan ordning där det ska även beaktas om gärningsmannen lämnat upplysningar som är avgörande för utredningen av andras brott. Även Norge har antagit en liknande lag som beaktar om den tilltalade i väsentlig grad bidragit till uppklarandet av andra brott. </span>\r\n\t\t\t</p>\r\n\t\t\t<p>\r\n\t\t\t\t<span>Uppgifter som ett kronvittne lämnar måste vara verifierbara, konkreta och av väsentlig betydelse för utredningen. Exempelvis kan det handla om uppgifter om var stöldgods, vapen som använts vid brott, möten, telefonnummer eller personer befinner sig eller andra uppgifter som på olika sätt kan verifieras. Precis som regeringen anser att det bör finnas goda förutsättningar </span><span>att upptäcka eventuella felaktigheter för medverkan till utredning av egen brottslighet anser vi att det även finns goda förutsättningar att upptäcka eventuella felaktigheter med ett kronvittnes uppgifter.</span>\r\n\t\t\t</p>\r\n\t\t\t<p>\r\n\t\t\t\t<span>Efter samtal med flera personer inom rättsväsendet och brottsbekämpningen framgår det att det finns en efterfrågan på att införa ett kronvittnessystem i Sverige. Hur stor strafflindring någon ska kunna få får utredas närmare. Med beaktande av att argumenten emot kronvittnessystem enligt oss är rätt svaga menar vi att fördelarna överväger:</span>\r\n\t\t\t</p>\r\n\t\t\t<ul type=\"disc\" style=\"margin:0pt; padding-left:0pt\">\r\n\t\t\t\t<li class=\"ListaPunkt\" style=\"margin-left:10.52pt; margin-bottom:0pt; t-i:0pt; padding-left:6.48pt; font-family:serif; font-size: 0.90em\">\r\n\t\t\t\t\t<span style=\"font-family:'Verdana'; font-size: 0.90em\">snabbare handläggningstider, speciellt i mindre komplicerade ärenden</span>\r\n\t\t\t\t</li>\r\n\t\t\t\t<li class=\"ListaPunkt\" style=\"margin-top:0pt; margin-left:10.52pt; margin-bottom:0pt; t-i:0pt; padding-left:6.48pt; font-family:serif; font-size: 0.90em\">\r\n\t\t\t\t\t<span style=\"font-family:'Verdana'; font-size: 0.90em\">kortare häktningstider och färre</span><span style=\"font-family:'Verdana'; font-size: 0.90em\"> häktningar med restriktioner, vilket ä</span><span style=\"font-family:'Verdana'; font-size: 0.90em\">r bra ekonomiskt och mer humant</span>\r\n\t\t\t\t</li>\r\n\t\t\t\t<li class=\"ListaPunkt\" style=\"margin-top:0pt; margin-left:10.52pt; t-i:0pt; padding-left:6.48pt; font-family:serif; font-size: 0.90em\">\r\n\t\t\t\t\t<span style=\"font-family:'Verdana'; font-size: 0.90em\">incitament för misstänkta att berätta om sin egen brottslighet och andras, vilket ökar chanserna att lagföra personer högre upp i hierarkin och andra inblandade.</span>\r\n\t\t\t\t</li>\r\n\t\t\t</ul>\r\n\t\t\t<p class=\"Normalutanindragellerluft\">\r\n\t\t\t\t<span>Det är med andra ord flera fördelar, inte minst ekonomiskt men även resursmässigt kan det hjälpa brottsbekämpande myndigheter. Man kan också se det ur </span><span>ett </span><span>morali</span><span>skt/rättsvårdande perspektiv där</span><span> det ger oss större möjligheter att lagföra de människor som tjänar mycket pengar på brottslighet, som utnyttjar och skadar andra människor och staten. </span>\r\n\t\t\t</p>\r\n\t\t\t<p>\r\n\t\t\t\t<span>Med ett kronvittnessystem ökar möjligheterna att åtala och fälla ledande personer inom d</span><span>en organiserade brottsligheten. </span><span>Sverige bör därför införa ett system med så kallade kronvittnen, d.v.s. där strafflindring även kan ges när en tilltalad medverkar till utredningen av andras brott, inte bara ens egna. </span>\r\n\t\t\t</p>\r\n\t\t\t<h2>\r\n\t\t\t\t<span>Utökat vittnesskydd</span>\r\n\t\t\t</h2>\r\n\t\t\t<p class=\"Normalutanindragellerluft\">\r\n\t\t\t\t<span>Med ett införande av kronvittnessystem kommer det också ställas högre krav på vittnesskydd. Vi anser därmed att det bör tillsä</span><span>ttas en utredning över hur</span><span> </span><span>vittnesskyddet</span><span> kan förbättras samt en tydlig budgetering för att hantera de extrakostnader ett utbyggt vittnesskydd medför. Det bör finnas en grupp inom den del av polisen som är inriktad mot grov organiserad brottslighet som är specialut</span><span>bildad för just vittnesskydd som</span><span> får ett helhetsansvar i en sådan process. </span>\r\n\t\t\t</p>\r\n\t\t\t<h2>\r\n\t\t\t\t<span>Utred användning av anonyma vittnen</span>\r\n\t\t\t</h2>\r\n\t\t\t<p class=\"Normalutanindragellerluft\">\r\n\t\t\t\t<span>Målsägande och vittnen har alltid haft en utsatt position i rättsprocessen. De uppgifter de lämnar är inte sällan förenade med obehag och rädsla över den egna säkerheten. Vittnesmål utgör också ett av de viktigaste bevismedlen för domstolarna. Anonyma vittnen syftar till att skydda vittnet från negativa konsekvenser av vittnesmålet, t.ex. hämndaktioner från den tilltalade eller personer knutna till denne. Möjligheten att avge ett vittnesmål anonymt antas påverka ett potentiellt vittne positivt och kan innebära att en person som annars inte vågat vittna lämnar viktig information i målet. Samtidigt kan användningen av anonyma vittnen innebära att försvarets möjlighet att granska de bevis som läggs fram emot den tilltalade blir kringskurna. </span>\r\n\t\t\t</p>\r\n\t\t\t<p>\r\n\t\t\t\t<span>Europakonventionen ställer inte upp något absolut förbud mot användningen av uppgifter från anonyma vittnen. Sådana vittnen kan tillåtas undantagsvis. Det förutsätter ett konstaterat behov av skydd. Uppgifterna från ett anonymt vittne får inte heller läggas till grund för en fällande dom om det är den enda/avgörande bevisningen i målet. Om försvaret inte har möjlighet att höra ett anonymt vittne någon gång under processen skulle detta förfarande strida mot Europakonventionen. I fall där uppgifter från anonyma vittnen används krävs därför stöd för uppgifterna i övrig bevisning. </span>\r\n\t\t\t</p>\r\n\t\t\t<p>\r\n\t\t\t\t<span>Av fyra länder som till RUT inkom med svar, närmare bestä</span><span>mt Finland, Storbritannien, Dan</span><span>mark och Nederländerna, var det endast Finland som svarade att de inte tillåter anonyma vittnen. I övriga länder som inkommit med svar tillåts anonyma vittnesmål under vissa förutsättningar. </span>\r\n\t\t\t</p>\r\n\t\t\t<p>\r\n\t\t\t\t<span>Som ett led i k</span><span>ampen mot organiserad brottslig</span><span>het vill vi att regeringen utreder om och i så fall hur anonyma vittnen i vissa fall kan användas i Sverige.</span>\r\n\t\t\t</p>\r\n\t\t\t<h1>\r\n\t\t\t\t<span>Gränsöverskridande kriminalitet</span>\r\n\t\t\t</h1>\r\n\t\t\t<p class=\"Normalutanindragellerluft\">\r\n\t\t\t\t<span>Till följd av fri rörlighet och bristande gränskontroller har Sverige fått ett ständigt ökande problem med gränsöverskridande kriminalitet. I vissa fall handlar det om internationella stöldligor som riktar sig mot svenska hem, väl medvetna om att straffet är lågt och upptäcktsrisken är försvinnande liten, i andra fall handlar det om smuggling av vapen som sedan</span><span> används vid rån och mord</span><span>.</span>\r\n\t\t\t</p>\r\n\t\t\t<h2>\r\n\t\t\t\t<span>Skärpta straff vid gränsöverskridande brottslighet</span>\r\n\t\t\t</h2>\r\n\t\t\t<p class=\"Normalutanindragellerluft\">\r\n\t\t\t\t<span>Förra året anmäldes 22</span><span> 600 bostadsinbrott i Sverige. V</span><span>illaägare är särskilt utsatta – sex av tio bostadsinbrott är mot villor.</span><span> Hälften av alla bostadsinbrott och majoriteten av stölder av båtmotorer, bildelar och jordbruksmaskiner begås av internationella stöldligor. Då handlingen, att resa till ett annat land och stjäla av det landets medborgare, måste anses vara mer klandervärd än reguljär stöld varpå detta även bör återspeglas i straffet. Vi föreslår därför att straffet ska skärpas för stöldbrott där gärningsmannen eller gärningsmännen har rest till Sverige i syfte att stjäla eller där stöldgods förs ut över den svenska gränsen.</span>\r\n\t\t\t</p>\r\n\t\t\t<h2>\r\n\t\t\t\t<span>Skärpt straff för vapensmuggling</span>\r\n\t\t\t</h2>\r\n\t\t\t<p class=\"Normalutanindragellerluft\">\r\n\t\t\t\t<span>Både Polismyndigheten</span><span> och </span><span>Tullverket har en uppfattning att tillgången till</span><span> vapen ökar i samhället. Trots det medför den nuvarande lagstiftningen att Tullverket inte har möjlighet att använda hemliga tvångsmedel som till exempel telefonavlyssning och inhämtning av elektronisk kommunikation i jakten på smuggelvapen.</span>\r\n\t\t\t</p>\r\n\t\t\t<p>\r\n\t\t\t\t<span>Vi föreslår därför att vapensmugglingslagen ska skärpas på samma sätt som va</span><span>penlagen för att misstänkta ska</span><span> häktas </span><span>automatiskt</span><span> och</span><span> för</span><span> </span><span>att </span><span>öppna upp fö</span><span>r större spaningsmöjligheter</span><span> att förebygga brottslig verksamhet.</span>\r\n\t\t\t</p>\r\n\t\t\t<h2>\r\n\t\t\t\t<span>Beväpning av tulltjänstemän</span>\r\n\t\t\t</h2>\r\n\t\t\t<p class=\"Normalutanindragellerluft\">\r\n\t\t\t\t<span>Tullverkets inspektörer ska jobba mot grov organiserad brottslighet. Deras uppgift inkluderar att l</span><span>eta efter vapen och narkotika, m</span><span>en enligt uppgift till media och enligt egna konversationer med tullpersonal drar de sig för att leta efter dem. En anledning är att de själva inte har skjutvapen att skydda sig med. Tullpersonal menar att de inte har möjlighet att hantera de</span><span>m som börjar bråka vid kontroll</span><span>.</span>\r\n\t\t\t</p>\r\n\t\t\t<p>\r\n\t\t\t\t<span>I en medlemsenkät bland tjänstemännen i Stockholm, Arlanda och Skavsta svarade 89 procent av de tillfrågade att de ville bära skjutvapen till sin uniform. Sverigedemokraterna anser att Tullverket ska läggas under utgiftsområde 4, d.v.s. Rättsväsendet, då vi ser Tullverket som främst en brottsbekämpande organisation. Med dessa utgångspunkter blir det därmed helt naturligt att även tillåta att Tullverkets personal får ha tjänstevapen. Vi vill därmed ge Tullverket tillåtelse att utbilda och utrusta sin personal med tjänstevapen</span>\r\n\t\t\t</p>\r\n\t\t\t<h2>\r\n\t\t\t\t<span>Förlängd tid för sparat kameramaterial</span>\r\n\t\t\t</h2>\r\n\t\t\t<p class=\"Normalutanindragellerluft\">\r\n\t\t\t\t<span>Mot bakgrund av utvecklingen är det positivt att Tullverket tillämpar kamera</span><span>bevakning</span><span> i syfte att bekämpa såväl införseln av explosiva varor som all form av smuggling. Dessvärre finns en begränsning i att Tullen lagrar data för den trafik som övervakas endast kortfristigt momentant. Därför föreslår Sverigedemokraterna att lagringstiden utökas till </span><span>sex</span><span> månader så att även andra brottsutredningar kan ta del av eventuell koppling till smuggling. </span>\r\n\t\t\t</p>\r\n\t\t\t<h2>\r\n\t\t\t\t<span>Befogenhet att kvarhålla gods eller transportör i väntan på polis</span>\r\n\t\t\t</h2>\r\n\t\t\t<p class=\"Normalutanindragellerluft\">\r\n\t\t\t\t<span>Vi anser att Tullverkets främsta uppgift är brottsbekämpning, vilket även deras verksamhet i</span><span> </span><span>dag indikerar där en majoritet av dess resurser ägnas åt brottsbekämpning.</span>\r\n\t\t\t</p>\r\n\t\t\t<p>\r\n\t\t\t\t<span>Tullverket ska därmed få befogenheter att stoppa, beslagta och hålla kvar gods eller transportörer i väntan på överlämnande till polis. Regeringen ska skyndsamt återkomma med ett lagförslag för detta ändamål.</span>\r\n\t\t\t</p>\r\n\t\t\t<h2>\r\n\t\t\t\t<span>Befogenheter att ingripa mot läkemedelsinförsel</span>\r\n\t\t\t</h2>\r\n\t\t\t<p class=\"Normalutanindragellerluft\">\r\n\t\t\t\t<span>Insmugglingen av substanser och preparat som är olagliga eller belagda med olika restriktioner i Sverige är en mycket allvarlig företeelse. Det kan handla </span><span>om</span><span> farliga dopningspreparat, narkotikaklassade läkem</span><span>edel eller </span><span>piratkopierade mediciner som allvarligt riskerar </span><span>att </span><span>skada brukare.</span>\r\n\t\t\t</p>\r\n\t\t\t<p>\r\n\t\t\t\t<span>Den typ av organiserad brottslighet som står bakom handeln med sådana preparat är organisationer som tillhandahåller varor och tjänster på en svart marknad och som drivs av ett vinstintresse precis som legala företag. De är därför inte sena med att utnyttja luckor i lagar för att finna nya effektiva leverans- och försäljningsmetoder.</span>\r\n\t\t\t</p>\r\n\t\t\t<p>\r\n\t\t\t\t<span>Tullverket har larmat om hur myndigheten står maktlös inför just en ny kreativ smugglingsmetod. Enligt myndighetens uppgifter har antalet beslag av olagligt insmugglade läkemedel minskat drastiskt under senare år eftersom smugglarna lärt sig att paketera in gods i paket som ser ut att komma från andra EU-länder. Tullen får vid sådan paketering endast ingripa om de misstänker att medicinerna kan komma att använda i missbrukssammanhang.</span>\r\n\t\t\t</p>\r\n\t\t\t<p>\r\n\t\t\t\t<span>I dag regleras t</span><span>ullens befogenheter att kontrollera varor ifrån annat EU-medlemsland i lag 1996:701 – den s.k. inregränslagen. I listan över vilka varor som får</span><span> kontrolleras inkluderas dock inte</span><span> läkemedel. För att täppa till luckan i lagen som Tullverket beskrivit anser vi att regeringen ska återkomma med ett lagförslag som ger Tullverket befogenheten att ingripa adekvat mot läkemedelsinförsel tillsynes härrörande ifrån annat EU-medlemsland.</span>\r\n\t\t\t</p>\r\n\t\t\t<h2>\r\n\t\t\t\t<span>Ökade insatser för att förbättra personskyddet och säkerheten för tullpersonal</span>\r\n\t\t\t</h2>\r\n\t\t\t<p class=\"Normalutanindragellerluft\">\r\n\t\t\t\t<span>De yrkeskriminella aktiviteterna har påvisats öka i avseende på illegal införsel av såväl vapen som tobak, alkohol och narkotika. Tullen har i detta läge inte kunnat utveckla säkerheten för personalen vid gränskontrollstationerna i tillräcklig omfattning. I</span><span> </span><span>stället har vi sett situationer då tullen inte har kunnat utföra kontroller på grund av underbemanning och de ökade risker som en mer våldsam kriminalitet utsätter verksamhetens personal för. </span>\r\n\t\t\t</p>\r\n\t\t\t<p>\r\n\t\t\t\t<span>Personalens säkerhet är en viktig fråga som bör prioriteras inom Tullverket, främst inom gränsskyddet och övrig brottsbekämpning. Samtidigt måste man möta det ökade trycket från kriminellas verksamhet och öka ambitionsnivån för såväl kvantitet som kvalitet i verksamheten. </span>\r\n\t\t\t</p>\r\n\t\t\t<h2>\r\n\t\t\t\t<span>Ökad förmåga att eftersöka och hantera illegal utförsel</span>\r\n\t\t\t</h2>\r\n\t\t\t<p class=\"Normalutanindragellerluft\">\r\n\t\t\t\t<span>Befogenheterna i samband med kontroller vid såväl yttre som inre gräns behöver utökas. Arbetet med att utföra kontroller för att upptäcka utförsel av stöldgods och annan kriminell utförsel måste intensifieras och ges de förutsättningar som krävs för att kunna beivra denna typ av brott effektivt. Gränsskyddet behöver också expandera för att kunna fungera dygnet runt, året runt.</span>\r\n\t\t\t</p>\r\n\t\t\t<h2>\r\n\t\t\t\t<span>Tullverkets samverkan med andra myndigheter</span>\r\n\t\t\t</h2>\r\n\t\t\t<p class=\"Normalutanindragellerluft\">\r\n\t\t\t\t<span>Genom samverkan mellan olika myndigheter skapar vi optimala förutsättningar för att kunna upptäcka och beivra organiserad och annan grov brottslighet. Det är en ödesfråga för Sverige att vi lyckas ta tillbaka initiativet och se till att avveckla så stor andel som möjligt av de kriminella verksamheter som infekterar vårt samhälle. </span>\r\n\t\t\t</p>\r\n\t\t\t<p>\r\n\t\t\t\t<span>Tullverket och andra myndigheter bedriver sedan 2009 en organiserad samverkan inom ramen för projektet Myndigheter i samverkan mot den organiserade brottsligheten. Detta är ett mycket framgångsrikt samarbete som vi menar bör intensifieras och utvecklas på olika sätt. </span>\r\n\t\t\t</p>\r\n\t\t\t<p>\r\n\t\t\t\t<span>Lagstiftningen behöver dock ses över ur olika perspektiv för att ytterligare öppna samverk</span><span>ansvägar, inte minst genom att </span><span>nyttja datoriserade hjälpmedel och samkörning av relevanta data som finns tillgängliga hos olika myndigheter, i väsentligt mycket högre utsträckning än vad som är möjligt i</span><span> </span><span>dag. Sverige har varit naivt ifråga om att inte använda den information som finns, för att upp</span><span>täcka och beivra kriminell verk</span><span>samhet. V</span><span>anliga hederliga människor ska</span><span> inte behöva stå tillbaka för att kriminella kommer undan straff, därför att myndigheter inte använder den information om den kriminella verksamheten som finns tillgänglig.</span>\r\n\t\t\t</p>\r\n\t\t\t<h2>\r\n\t\t\t\t<span>Återinförd möjlighet att använda kräkmedel mot misstänkta narkotikalangare</span>\r\n\t\t\t</h2>\r\n\t\t\t<p class=\"Normalutanindragellerluft\">\r\n\t\t\t\t<span>Historiskt sett har det funnits möjlighet att använda kräkmedel som metod för att snabbt och effektivt få fram bevisning när en knarklangare svalt narkotikan. Efter ett beslut från riksåklagaren, som ansåg att syftet inte stod i proportion till metoden, är detta inte längre tillåtet.</span>\r\n\t\t\t</p>\r\n\t\t\t<p>\r\n\t\t\t\t<span>De nya rutinerna har lett</span><span> till en mer omständlig process.</span><span> </span><span>E</span><span>fter gripande måste beslut fattas om att den som misstänkts ha svalt narkotika ska röntgas på sjukhus för bevisning av kapslar i magen, sedan måste beslut fattas om att den misstänkte ska förvaras under ständig bevakning tills denne uträttat sina behov, häktespersonal får sedan rota runt i avföring för att hitta kapslarna och ta narkotikan i beslag.</span>\r\n\t\t\t</p>\r\n\t\t\t<p>\r\n\t\t\t\t<span>Sverigedemokratern</span><span>a ser kräkmedel som ett billigt,</span><span> effektivt verktyg, både som metod för polisen men även som en avskräckande åtgärd, och avser därför </span><span>att </span><span>återinföra möjligheten att använda det.</span>\r\n\t\t\t</p>\r\n\t\t\t<h2>\r\n\t\t\t\t<span>Koppleri och trafficking</span>\r\n\t\t\t</h2>\r\n\t\t\t<p class=\"Normalutanindragellerluft\">\r\n\t\t\t\t<span>Det krävs åtgärder för att stoppa den hänsynslösa människohandel som följt i spåren av organiserat tiggeri. Sett till människohandel ur ett bredare perspektiv finns det stor anledning att oroa sig. Andelen fall av misstänkt människohandel har fyrdubblats under de senaste tre åren, och i drygt hälften av fallen rör det sig om människohandel för sexuella ändamål. Även människohandeln med barn har ökat, och majoriteten av de offer som utnyttjas för sexuella ändamål och för tiggeri är flickor</span><span>.</span><span> </span>\r\n\t\t\t</p>\r\n\t\t\t<p>\r\n\t\t\t\t<span>Människohandel är vidare ett svårutrett brott, dels på grund av begränsningar gällande hemliga tvångsmedel, dels eftersom det mer ofta än sällan handlar om gränsöverskridande brottslighet som kräver samverkan</span><span> med andra länders myndigheter.</span>\r\n\t\t\t</p>\r\n\t\t\t<p>\r\n\t\t\t\t<span>Sammantaget anser Sverigedemokraterna att det krävs mer långtgående åtgärder för att vända trenden. Genom utökade befogenheter för polisen och skärpt lagstiftning kan vi återställa den trygghet som ett land ska vara skyldigt att erbjuda. </span>\r\n\t\t\t</p>\r\n\t\t\t<h2>\r\n\t\t\t\t<span>Nationellt förbud mot tiggeri</span>\r\n\t\t\t</h2>\r\n\t\t\t<p class=\"Normalutanindragellerluft\">\r\n\t\t\t\t<span>Tiggeri är inte vägen ur fattigdom, i</span><span> </span><span>stället medför det en risk att cementera fattigdom och utanförskap</span><span>,</span><span> där barn växer upp utan att gå i skolan. Tiggeriet är även starkt kopplat till människohandel där organiserade ligor utnyttjar utsatta människor</span><span> till</span><span> att tigga i Sverige.</span>\r\n\t\t\t</p>\r\n\t\t\t<p>\r\n\t\t\t\t<span>Argumentet mot att förbjuda tiggeri har sedan en lång tid varit att det inte går att förbjuda fattigdom eller att tiggarna kommer fortsätta även om de riskerar ett fängelsestraff. Detta motbevisas dock av exempelvis Danmark där förbudet, och</span><span> framförallt den senaste straff</span><span>skärpning</span><span>en</span><span>, resulterat i färre tiggare på danska gator.</span>\r\n\t\t\t</p>\r\n\t\t\t<p>\r\n\t\t\t\t<span>Sverigedemokraterna vill </span><span>se införandet av ett nationellt tiggeriförbud, både för att minska människohandeln men även för att förbättra miljön i Sveriges offentliga utrymmen.</span>\r\n\t\t\t</p>\r\n\t\t\t<h2>\r\n\t\t\t\t<span>Förenklade regler för avhysning</span>\r\n\t\t\t</h2>\r\n\t\t\t<p class=\"Normalutanindragellerluft\">\r\n\t\t\t\t<span>Polismyndigheten får förelägga en person att ta bort anordningar som placerats på offentlig plats utan tillstånd eller i strid med kommunala ordningsföreskrifter. En offentlig plats är en väg, gata, trottoar, p</span><span>ark eller liknande som är upplå</span><span>ten för allmänheten, det vill säga en plats som ofta används. Platsen ägs ofta av kommunen. Följs inte föreläggandet får Polismyndigheten vidta åtgärde</span><span>n. Polismyndigheten får även in</span><span>gripa för att avvärja en straffbelagd handling.</span>\r\n\t\t\t</p>\r\n\t\t\t<p>\r\n\t\t\t\t<span>Det första problemet är att polisen inte ingriper i de fall EU-tiggarna utnyttjar offentlig plats som bostadsändamål. Det sker regelbundet och kan bevittnas runt om i våra st</span><span>äder.</span>\r\n\t\t\t</p>\r\n\t\t\t<p>\r\n\t\t\t\t<span>Gäller det däremot en otillåten bosättning på en plats som inte är offentlig är ordningslagen inte tillämplig och markägaren får i stället vända sig till Kronofogdemyndigheten för att ansöka om särskild handräckning. Men för att kronofogden ska a</span><span>vhysa dem tvingas markägaren</span><span> dokumentera deras boende. Utöver det måste markägaren identifiera de boende och för att göra detta ber man om polisens hjälp, vilket ofta tar lång tid. Sedan kostar det 600 kronor per person som ska förmås flytta och betalningsansvaret hamnar ofta på sökanden. Utgångspunkten är också att svaranden ska delges ansökan, få tillfälle att yttra sig och kunna överklaga Kronofogdemyndighetens beslut. Hela denna process är långdragen, ineffektiv och leder till att EU-migranterna ges tid att skräpa ner och ockupera allmänna omr</span><span>åden. Ett sådant exempel är kåk</span><span>staden i M</span><span>almö. Dessutom måste hela proces</span><span>sen upprepas om lägren bara flyttas några meter. Vi föreslår därför att kronofogden inte ska ha med dessa frågor att göra, att någon så kallad besittningsrätt inte ska föreligga i dessa fall samt att polisen när som helst ska kunna avlägsna boende i illegala kåkstäder utan något specifikt krav på identifikation eller dokumentation.</span>\r\n\t\t\t</p>\r\n\t\t\t<h2>\r\n\t\t\t\t<span>Ytterligare verktyg för att bekämpa trafficking</span>\r\n\t\t\t</h2>\r\n\t\t\t<p class=\"Normalutanindragellerluft\">\r\n\t\t\t\t<span>Varje år kidnappas eller luras tusentals barn, kvinnor och män in i olika former av modernt slaveri, lockade med pengar och löften om en bättre framtid. Många tror sig ha kommit till en bättre del av världen med möjlighet till jobb, vård och att vara en del av ett fungerande samhälle. Men i</span><span> </span><span>stället för en ljus framtid möts man av den organiserade brottsligheten som hanterar en som en han</span><span>delsvara. Prostitution, bordell</span><span>verksamhet, organförsäljning, slavarbete, tvångsäktenskap och kriminalitet blir en del av verkligheten. Denna organiserade verksamhet finns i varje land, och det är i</span><span> </span><span>dag väldigt svårt att lagföra förövarna.</span>\r\n\t\t\t</p>\r\n\t\t\t<p>\r\n\t\t\t\t<span>Det finns ingen statistik på exakt hur många som drabbas. I Sverige uppskattar man att det är mellan 400 och 600 kvinnor årligen, men antalet personer som döms för människohandel är försumbart.</span>\r\n\t\t\t</p>\r\n\t\t\t<p>\r\n\t\t\t\t<span>Människan kan, till skillnad från ”andra varor”, säljas om och om igen. Det är en lukrativ verksamhet och den sträcker sig över hela Europa. FN beräknar att kriminella nätverk tjänar cirka sju miljarder dollar varje år på människohandel. Det innebär att trafficking i</span><span> </span><span>dag kan anses vara världens tredje största form av organiserad brottslighet, efter narkotika och vapen.</span>\r\n\t\t\t</p>\r\n\t\t\t<p>\r\n\t\t\t\t<span>De som bedriver denna verksamhet blir allt skickligare och mer erfarna och företeelsen tycks bli allt vanligare.</span>\r\n\t\t\t</p>\r\n\t\t\t<p>\r\n\t\t\t\t<span>Ett stort problem för det svenska rättsväsendet är att det är svårt att få människohandlare dömda och ännu svårare att få dem dömda med stränga straffpåföljder. Regeringen bör därför se över möjligheterna att genom lagstiftning göra det lättare att utdöma hårdare straf</span><span>f för människohandel. Man kan t.</span><span>ex</span><span>.</span><span> göra det lättare att döma baserat på helhetsmönster som påvisar människohandel.</span>\r\n\t\t\t</p>\r\n\t\t\t<h2>\r\n\t\t\t\t<span>Skärpta straff för människosmuggling</span>\r\n\t\t\t</h2>\r\n\t\t\t<p class=\"Normalutanindragellerluft\">\r\n\t\t\t\t<span>En person som uppsåtligen hjälper en utlänning att olagligt ta sig in i eller passera genom Sverige, en annan EU-stat eller Island, Norge, Schweiz eller Liechtenstein gör sig skyldig till brottet människosmuggling. En person som planlägger eller organiserar för utlänningar att ta sig in illegalt till Sverige utan pass eller tillstånd som krävs gör sig skyldig till brottet organiserande av människosmuggling.</span>\r\n\t\t\t</p>\r\n\t\t\t<p>\r\n\t\t\t\t<span>Dessa brott regleras i</span><span> </span><span>dag i utlänningslagen 20 kap. 8 och 9 </span><span>§</span><span>. För både människosmuggling och organiserande av människosmuggli</span><span>ng döms</span><span> till fängelse i högst två år. Något minimi</span><span>fängelsestraff stadgas inte</span><span>. Om brotten anses</span><span> vara grova döm</span><span>s </span><span>till fängelse i lägst sex</span><span> månader och högst sex år. Om brotten anses</span><span> vara</span><span> ringa</span><span> döms</span><span> till böter eller fängelse i högst sex månader. </span>\r\n\t\t\t</p>\r\n\t\t\t<p>\r\n\t\t\t\t<span>Människosmugglingen till Sverige är en mycket allvarlig förseelse. Den kränker Sveriges nationella suveränitet – lagar och normer om statsgränser och medborgarskap. Den är vidare en inkomstkälla för organiserad brottslighet som bedriver handel med svenska passhandlingar och tar betalt för att smuggla människor, vapen och narkotika. Den bidrar till lönedumpning genom svart arbetskraft. Den riskerar insmugglades liv vid farliga transporter. Den kan vara ett led i transport av terrorister eller krigsförbrytare på flykt från rättvisan. Den kan slutlig</span><span>en också vara en del i ett icke-</span><span>upptäckt led av organiserad människohandel och sexuellt utnyttjande av utsatta kvinnor och barn ifrån fattiga länder.</span>\r\n\t\t\t</p>\r\n\t\t\t<p>\r\n\t\t\t\t<span>För att delvis stävja människosmugglingen till Sverige bör den som smugglats hit som huvudregel nekas att få asyl här i detta land. Att smugglas genom hela Schengen eller andra länder för att söka asyl just här är ett oetiskt sätt att kringgå Dublinförordningen som måste motverkas. Om den insmugglade därför ansöker om att få asyl eller uppehållstillstånd just i Sverige ska huvudregeln vara avslag.</span>\r\n\t\t\t</p>\r\n\t\t\t<p>\r\n\t\t\t\t<span>Vidare åter</span><span>speglas inte människosmugglings</span><span>brottens allvar i dagens straffrätt. För att stärka arbetet mot människosmugglingen och ge Sveriges domstolar större utrymme att utdöma straff som ger en proportionerlig reaktion bör straffen justeras.</span>\r\n\t\t\t</p>\r\n\t\t\t<p>\r\n\t\t\t\t<span>För både människosmuggling och organiserande av människosmuggling bör det för ringa brott anges minimifängelsestraff om 6 månaders fängelse och maximist</span><span>raff bör höjas till fängelse i två</span><span> år. För normalgraden bör minimistraff höjas till ett år och maxstraffet dubbleras till </span><span>fyra</span><span> år. För grov människosmug</span><span>gling höjs minimistraffet från sex månader till två år och maxstraffet från sex år till åtta</span><span> år. </span>\r\n\t\t\t</p>\r\n\t\t\t<p>\r\n\t\t\t\t<span>Höjda straff medför även att det blir lättare att använda hemlig övervakning. Detta är enligt källor något polisen behöver i kampen mot människosmuggling, och får sedermera genom dessa höjda straff.</span>\r\n\t\t\t</p>\r\n\t\t\t<p>\r\n\t\t\t\t<span>Dessutom bör det tydliggöras att människosmuggling, mot betalning eller utan betalning, oavsett ”det humanitära undantaget” enligt NJA 2009 s. 424, ska vara straffbart.</span>\r\n\t\t\t</p>\r\n\t\t\t<h1>\r\n\t\t\t\t<span>Utsatta områden</span>\r\n\t\t\t</h1>\r\n\t\t\t<p class=\"Normalutanindragellerluft\">\r\n\t\t\t\t<span>Sverige har 61 stycken områden som Polismyndigheten klassar som utsatta. Det är områden som präglas av kriminell påverkan på lok</span><span>alsa</span><span>mhället och otrygghet. I Brottsförebyggande rådets</span><span> nationella trygghetsundersökning uppgav hälften av kvinnorna i dessa områden</span><span> att de</span><span> helst inte vistas utomhus på kvällarna. 23 av områdena klassas som särskilt utsatta där polisen har svårt att fullfölja sina uppdrag, där det förekommer parallella samhällsstrukturer och våldsbejakande religiös extremism och där invånarna är obenägna att delta i rättsprocessen.</span>\r\n\t\t\t</p>\r\n\t\t\t<h2>\r\n\t\t\t\t<span>Säkrare, tryggare och ökad polisiär närvaro</span>\r\n\t\t\t</h2>\r\n\t\t\t<p class=\"Normalutanindragellerluft\">\r\n\t\t\t\t<span>Utformningen av miljonprogramsområdena, vilka är en betydande andel av de utsatta områdena, gör det svårt för polisen att närvara utan att samtidigt utsättas för stora risker. Placering av centrum, skolor, parkeringar m.m. är utformat på ett sätt som försvårar spaning och närvaro för polisen och reträttvägar kan enkelt blockeras. Närvaron från polisen försvåras vid polisingripanden då de ofta leder till våldsamma upplopp med bilbränder och stenkastning som följd.</span>\r\n\t\t\t</p>\r\n\t\t\t<p>\r\n\t\t\t\t<span>Här föreslår vi att regeringen utreder hur kommunerna kan arbeta med att förändra områdesplaneringen för att möjliggöra en tryggare samt säkrare och därmed ökad närvaro i förorterna för polisen.</span>\r\n\t\t\t</p>\r\n\t\t\t<h2>\r\n\t\t\t\t<span>Nationell handlingsplan för kommuner</span>\r\n\t\t\t</h2>\r\n\t\t\t<p class=\"Normalutanindragellerluft\">\r\n\t\t\t\t<span>Trygghet kan skapas dels genom ökad trivsel i bostadsområdena men även genom upplevd trygghet. Om fler vågar sig ut efter mörkrets inbrott kan det i sin tur leda till en ökad social kontroll och i slutändan också en ökad faktiskt trygghet genom minskad brottslighet.</span>\r\n\t\t\t</p>\r\n\t\t\t<p>\r\n\t\t\t\t<span>Här föreslår vi att en nationell handlingsplan tas fram som en handbok för landets kommuner för att identifiera otrygga områden i alla landets tätorter och tillgodose deras behov av åtgärder för ökad trygghet. Trygghetsgiva</span><span>nde belysning och utökad kamerabevakning</span><span> är två exempel på åtgärder som kan ingå i handlingsplanen. </span>\r\n\t\t\t</p>\r\n\t\t\t<h2>\r\n\t\t\t\t<span>Handlingsplan för Polismyndigheten</span>\r\n\t\t\t</h2>\r\n\t\t\t<p class=\"Normalutanindragellerluft\">\r\n\t\t\t\t<span>Inom vissa polisregioner har arbetet i de utsatta områdena gett resultat. För att säkerställa att detta</span><span> sker</span><span> i alla utsatta områden anser vi att P</span><span>olismyndigheten ska upprätta en konkret</span><span>, nationell</span><span> handlingsplan för hur de ämnar upprätthålla lag och ordning i de områden som benämns som utsatta eller särskilt utsatta.</span><span> Detta kommer även att förbättra uppföljningsmöjligheterna och framtida resursfördelning.</span>\r\n\t\t\t</p>\r\n\t\t\t<h2>\r\n\t\t\t\t<span>Militära resurser till stöd för polisens arbete</span>\r\n\t\t\t</h2>\r\n\t\t\t<p class=\"Normalutanindragellerluft\">\r\n\t\t\t\t<span>Till följd a</span><span>v bland annat gängkriminalitet och det växande antalet utanförskapsområden, parallellt med en otillräcklig ekonomi under en längre period är situationen för Polismyndigheten ansträngd. Då krävs det möjligheter att avlasta Polismyndigheten så att de kan ägna sig åt kärnuppdraget.</span>\r\n\t\t\t</p>\r\n\t\t\t<p>\r\n\t\t\t\t<span>Sverigedemokraterna vill därför stärka Polismyndighetens möjlighet att samarbeta med Försvarsmakten så att det, vid särskilda tillfällen, ska vara möjligt att använda militära r</span><span>esurser vid gränskontroller</span><span> för att frigöra polisiära resurser till brottsbekämpande verksamhet. Vi vill även se över möjligheterna att använda militära resurser för att bevaka utsatta polisstationer och för att ge understöd till Tullverket så att de kan agera mot införsel av illegala vapen i större utsträckning.</span>\r\n\t\t\t</p>\r\n\t\t\t<p style=\"-aw-sdt-tag:CC_Underskrifter; -aw-sdt-title:CC_Underskrifter\">\r\n\t\t\t\t<span> </span>\r\n\t\t\t</p>\r\n\t\t\t<p style=\"-aw-sdt-tag:CC_Underskrifter; -aw-sdt-title:CC_Underskrifter\">\r\n\t\t\t\t<span> </span>\r\n\t\t\t</p>\r\n\t\t\t<table cellspacing=\"0\" cellpadding=\"0\" style=\"border-collapse:collapse; margin-left:0pt; width:100%\">\r\n\t\t\t\t<tr>\r\n\t\t\t\t\t<td style=\"padding-left:5.4pt; padding-right:5.4pt; vertical-align:bottom; width:1%\">\r\n\t\t\t\t\t\t<p class=\"Underskrifter\" style=\"margin-top:15pt; margin-bottom:3pt; t-i:0pt; page-break-inside:avoid; line-height:15pt\">\r\n\t\t\t\t\t\t\t<span style=\"font-style:italic\">Adam Marttinen (SD)</span>\r\n\t\t\t\t\t\t</p>\r\n\t\t\t\t\t</td>\r\n\t\t\t\t\t<td style=\"padding-left:5.4pt; padding-right:5.4pt; vertical-align:bottom; width:1%\">\r\n\t\t\t\t\t\t<p class=\"Underskrifter\" style=\"margin-top:15pt; margin-bottom:3pt; t-i:0pt; page-break-inside:avoid; line-height:15pt\">\r\n\t\t\t\t\t\t\t<span style=\"font-style:italic\"> </span>\r\n\t\t\t\t\t\t</p>\r\n\t\t\t\t\t</td>\r\n\t\t\t\t</tr>\r\n\t\t\t\t<tr>\r\n\t\t\t\t\t<td style=\"padding-left:5.4pt; padding-right:5.4pt; vertical-align:bottom; width:1%\">\r\n\t\t\t\t\t\t<p class=\"Underskrifter\" style=\"margin-top:15pt; margin-bottom:0pt; t-i:0pt; page-break-inside:avoid; line-height:15pt\">\r\n\t\t\t\t\t\t\t<span style=\"font-style:italic\">Katja Nyberg (SD)</span>\r\n\t\t\t\t\t\t</p>\r\n\t\t\t\t\t</td>\r\n\t\t\t\t\t<td style=\"padding-left:5.4pt; padding-right:5.4pt; vertical-align:bottom; width:1%\">\r\n\t\t\t\t\t\t<p class=\"Underskrifter\" style=\"margin-top:15pt; margin-bottom:0pt; t-i:0pt; page-break-inside:avoid; line-height:15pt\">\r\n\t\t\t\t\t\t\t<span style=\"font-style:italic\">Henrik Vinge (SD)</span>\r\n\t\t\t\t\t\t</p>\r\n\t\t\t\t\t</td>\r\n\t\t\t\t</tr>\r\n\t\t\t</table>\r\n\t\t\t<p>\r\n\t\t\t\t<span> </span>\r\n\t\t\t</p>\r\n\t\t</div>\r\n\t</div>"},"dokforslag":{"forslag":[{"nummer":"1","beteckning":null,"lydelse":"Riksdagen ställer sig bakom det som anförs i motionen om nolltolerans mot övergrepp i rättssak och tillkännager detta för regeringen.","lydelse2":null,"utskottet":"Delvis bifall","kammaren":"Delvis bifall","behandlas_i":"2018/19:JuU11","behandlas_i_punkt":null,"kammarbeslutstyp":null,"intressent":"JuU","avsnitt":null,"grundforfattning":null,"andringsforfattning":null},{"nummer":"2","beteckning":null,"lydelse":"Riksdagen ställer sig bakom det som anförs i motionen om ett nationellt ansvar och tillkännager detta för regeringen.","lydelse2":null,"utskottet":"Avslag","kammaren":"Avslag","behandlas_i":"2018/19:JuU10","behandlas_i_punkt":null,"kammarbeslutstyp":null,"intressent":"JuU","avsnitt":null,"grundforfattning":null,"andringsforfattning":null},{"nummer":"3","beteckning":null,"lydelse":"Riksdagen ställer sig bakom det som anförs i motionen om större möjligheter för polis att beslagta och förverka dyrbara tillgångar från grovt kriminella och tillkännager detta för regeringen.","lydelse2":null,"utskottet":"Avslag","kammaren":"Avslag","behandlas_i":"2018/19:JuU11","behandlas_i_punkt":null,"kammarbeslutstyp":null,"intressent":"JuU","avsnitt":null,"grundforfattning":null,"andringsforfattning":null},{"nummer":"4","beteckning":null,"lydelse":"Riksdagen ställer sig bakom det som anförs i motionen om en ny brottskategori, DIKO, och tillkännager detta för regeringen.","lydelse2":null,"utskottet":"Avslag","kammaren":"Avslag","behandlas_i":"2018/19:JuU11","behandlas_i_punkt":null,"kammarbeslutstyp":null,"intressent":"JuU","avsnitt":null,"grundforfattning":null,"andringsforfattning":null},{"nummer":"5","beteckning":null,"lydelse":"Riksdagen ställer sig bakom det som anförs i motionen om kronvittnen och tillkännager detta för regeringen.","lydelse2":null,"utskottet":"Delvis bifall","kammaren":"Delvis bifall","behandlas_i":"2018/19:JuU12","behandlas_i_punkt":null,"kammarbeslutstyp":null,"intressent":"JuU","avsnitt":null,"grundforfattning":null,"andringsforfattning":null},{"nummer":"6","beteckning":null,"lydelse":"Riksdagen ställer sig bakom det som anförs i motionen om utökat vittnesskydd och tillkännager detta för regeringen.","lydelse2":null,"utskottet":"Delvis bifall","kammaren":"Delvis bifall","behandlas_i":"2018/19:JuU12","behandlas_i_punkt":null,"kammarbeslutstyp":null,"intressent":"JuU","avsnitt":null,"grundforfattning":null,"andringsforfattning":null},{"nummer":"7","beteckning":null,"lydelse":"Riksdagen ställer sig bakom det som anförs i motionen om att utreda möjligheten att vittna anonymt och tillkännager detta för regeringen.","lydelse2":null,"utskottet":"Bifall","kammaren":"Bifall","behandlas_i":"2018/19:JuU12","behandlas_i_punkt":null,"kammarbeslutstyp":null,"intressent":"JuU","avsnitt":null,"grundforfattning":null,"andringsforfattning":null},{"nummer":"8","beteckning":null,"lydelse":"Riksdagen ställer sig bakom det som anförs i motionen om skärpta straff vid gränsöverskridande brottslighet och tillkännager detta för regeringen.","lydelse2":null,"utskottet":"Avslag","kammaren":"Avslag","behandlas_i":"2018/19:JuU11","behandlas_i_punkt":null,"kammarbeslutstyp":null,"intressent":"JuU","avsnitt":null,"grundforfattning":null,"andringsforfattning":null},{"nummer":"9","beteckning":null,"lydelse":"Riksdagen ställer sig bakom det som anförs i motionen om skärpt straff för vapensmuggling och tillkännager detta för regeringen.","lydelse2":null,"utskottet":"Delvis bifall","kammaren":"Delvis bifall","behandlas_i":"2018/19:JuU29","behandlas_i_punkt":null,"kammarbeslutstyp":null,"intressent":"JuU","avsnitt":null,"grundforfattning":null,"andringsforfattning":null},{"nummer":"10","beteckning":null,"lydelse":"Riksdagen ställer sig bakom det som anförs i motionen om beväpning av tulltjänstemän och tillkännager detta för regeringen.","lydelse2":null,"utskottet":"Avslag","kammaren":"Avslag","behandlas_i":"2018/19:SkU1","behandlas_i_punkt":null,"kammarbeslutstyp":null,"intressent":"SkU","avsnitt":null,"grundforfattning":null,"andringsforfattning":null},{"nummer":"11","beteckning":null,"lydelse":"Riksdagen ställer sig bakom det som anförs i motionen om förlängd tid för sparat kameramaterial och tillkännager detta för regeringen.","lydelse2":null,"utskottet":"Avslag","kammaren":"Avslag","behandlas_i":"2018/19:JuU12","behandlas_i_punkt":null,"kammarbeslutstyp":null,"intressent":"JuU","avsnitt":null,"grundforfattning":null,"andringsforfattning":null},{"nummer":"12","beteckning":null,"lydelse":"Riksdagen ställer sig bakom det som anförs i motionen om befogenheter att kvarhålla gods i väntan på polis och tillkännager detta för regeringen.","lydelse2":null,"utskottet":"Avslag","kammaren":"Avslag","behandlas_i":"2018/19:SkU1","behandlas_i_punkt":null,"kammarbeslutstyp":null,"intressent":"SkU","avsnitt":null,"grundforfattning":null,"andringsforfattning":null},{"nummer":"14","beteckning":null,"lydelse":"Riksdagen ställer sig bakom det som anförs i motionen om befogenheter att ingripa mot läkemedelsinförsel och tillkännager detta för regeringen.","lydelse2":null,"utskottet":"Avslag","kammaren":"Avslag","behandlas_i":"2018/19:SkU1","behandlas_i_punkt":null,"kammarbeslutstyp":null,"intressent":"SkU","avsnitt":null,"grundforfattning":null,"andringsforfattning":null},{"nummer":"15","beteckning":null,"lydelse":"Riksdagen ställer sig bakom det som anförs i motionen om att förbättra personskyddet och säkerheten för tullpersonal och tillkännager detta för regeringen.","lydelse2":null,"utskottet":"Avslag","kammaren":"Avslag","behandlas_i":"2018/19:SkU1","behandlas_i_punkt":null,"kammarbeslutstyp":null,"intressent":"SkU","avsnitt":null,"grundforfattning":null,"andringsforfattning":null},{"nummer":"16","beteckning":null,"lydelse":"Riksdagen ställer sig bakom det som anförs i motionen om ökad förmåga att eftersöka och hantera illegal utförsel och tillkännager detta för regeringen.","lydelse2":null,"utskottet":"Avslag","kammaren":"Avslag","behandlas_i":"2018/19:SkU1","behandlas_i_punkt":null,"kammarbeslutstyp":null,"intressent":"SkU","avsnitt":null,"grundforfattning":null,"andringsforfattning":null},{"nummer":"17","beteckning":null,"lydelse":"Riksdagen ställer sig bakom det som anförs i motionen om Tullverkets samverkan med andra myndigheter och tillkännager detta för regeringen.","lydelse2":null,"utskottet":"Avslag","kammaren":"Avslag","behandlas_i":"2018/19:JuU10","behandlas_i_punkt":null,"kammarbeslutstyp":null,"intressent":"JuU","avsnitt":null,"grundforfattning":null,"andringsforfattning":null},{"nummer":"18","beteckning":null,"lydelse":"Riksdagen ställer sig bakom det som anförs i motionen om återinförd möjlighet att använda kräkmedel mot misstänkta narkotikalangare och tillkännager detta för regeringen.","lydelse2":null,"utskottet":"Avslag","kammaren":"Avslag","behandlas_i":"2018/19:JuU10","behandlas_i_punkt":null,"kammarbeslutstyp":null,"intressent":"JuU","avsnitt":null,"grundforfattning":null,"andringsforfattning":null},{"nummer":"19","beteckning":null,"lydelse":"Riksdagen ställer sig bakom det som anförs i motionen om ett nationellt förbud mot tiggeri och tillkännager detta för regeringen.","lydelse2":null,"utskottet":"Avslag","kammaren":"Avslag","behandlas_i":"2018/19:JuU10","behandlas_i_punkt":null,"kammarbeslutstyp":null,"intressent":"JuU","avsnitt":null,"grundforfattning":null,"andringsforfattning":null},{"nummer":"20","beteckning":null,"lydelse":"Riksdagen ställer sig bakom det som anförs i motionen om förenklade regler för avhysning och tillkännager detta för regeringen.","lydelse2":null,"utskottet":"Avslag","kammaren":"Avslag","behandlas_i":"2018/19:JuU10","behandlas_i_punkt":null,"kammarbeslutstyp":null,"intressent":"JuU","avsnitt":null,"grundforfattning":null,"andringsforfattning":null},{"nummer":"21","beteckning":null,"lydelse":"Riksdagen ställer sig bakom det som anförs i motionen om ytterligare verktyg för att bekämpa trafficking och tillkännager detta för regeringen.","lydelse2":null,"utskottet":"Avslag","kammaren":"Avslag","behandlas_i":"2018/19:JuU14","behandlas_i_punkt":null,"kammarbeslutstyp":null,"intressent":"JuU","avsnitt":null,"grundforfattning":null,"andringsforfattning":null},{"nummer":"22","beteckning":null,"lydelse":"Riksdagen ställer sig bakom det som anförs i motionen om skärpta straff för människosmuggling och tillkännager detta för regeringen.","lydelse2":null,"utskottet":"Avslag","kammaren":"Avslag","behandlas_i":"2018/19:SfU16","behandlas_i_punkt":null,"kammarbeslutstyp":null,"intressent":"SfU","avsnitt":null,"grundforfattning":null,"andringsforfattning":null},{"nummer":"23","beteckning":null,"lydelse":"Riksdagen ställer sig bakom det som anförs i motionen om säkrare, tryggare och ökad polisiär närvaro och tillkännager detta för regeringen.","lydelse2":null,"utskottet":"Avslag","kammaren":"Avslag","behandlas_i":"2018/19:CU11","behandlas_i_punkt":null,"kammarbeslutstyp":null,"intressent":"CU","avsnitt":null,"grundforfattning":null,"andringsforfattning":null},{"nummer":"24","beteckning":null,"lydelse":"Riksdagen ställer sig bakom det som anförs i motionen om en nationell handlingsplan för kommuner och tillkännager detta för regeringen.","lydelse2":null,"utskottet":"Avslag","kammaren":"Avslag","behandlas_i":"2018/19:CU11","behandlas_i_punkt":null,"kammarbeslutstyp":null,"intressent":"CU","avsnitt":null,"grundforfattning":null,"andringsforfattning":null},{"nummer":"25","beteckning":null,"lydelse":"Riksdagen ställer sig bakom det som anförs i motionen om en handlingsplan för Polismyndigheten och tillkännager detta för regeringen.","lydelse2":null,"utskottet":"Avslag","kammaren":"Avslag","behandlas_i":"2018/19:JuU10","behandlas_i_punkt":null,"kammarbeslutstyp":null,"intressent":"JuU","avsnitt":null,"grundforfattning":null,"andringsforfattning":null},{"nummer":"26","beteckning":null,"lydelse":"Riksdagen ställer sig bakom det som anförs i motionen om militära resurser till stöd för polisens arbete och tillkännager detta för regeringen.","lydelse2":null,"utskottet":"Avslag","kammaren":"Avslag","behandlas_i":"2018/19:JuU10","behandlas_i_punkt":null,"kammarbeslutstyp":null,"intressent":"JuU","avsnitt":null,"grundforfattning":null,"andringsforfattning":null},{"nummer":"13","beteckning":null,"lydelse":"Riksdagen ställer sig bakom det som anförs i motionen om befogenheter att kvarhålla transportör i väntan på polis och tillkännager detta för regeringen.","lydelse2":null,"utskottet":"Avslag","kammaren":"Avslag","behandlas_i":"2018/19:JuU10","behandlas_i_punkt":null,"kammarbeslutstyp":null,"intressent":"JuU","avsnitt":null,"grundforfattning":null,"andringsforfattning":null}]},"dokaktivitet":{"aktivitet":[{"kod":"INL","namn":"Inlämnad","datum":"2018-10-22 15:10:26","status":"inträffat","ordning":"0","process":"behandling"},{"kod":"Granskad","namn":"Granskad","datum":"2018-10-23 09:20:09","status":"inträffat","ordning":"0","process":"behandling"},{"kod":"HÄN","namn":"Hänvisad","datum":"2018-12-05 00:00:00","status":"inträffat","ordning":"0","process":"behandling"}]},"dokintressent":{"intressent":[{"intressent_id":"0831039938224","namn":"Adam Marttinen","partibet":"SD","ordning":"1","roll":"undertecknare"},{"intressent_id":"0768554866215","namn":"Katja Nyberg","partibet":"SD","ordning":"2","roll":"undertecknare"},{"intressent_id":"0406831930624","namn":"Henrik Vinge","partibet":"SD","ordning":"3","roll":"undertecknare"}]},"dokuppgift":{"uppgift":[{"kod":"motkat","namn":"Motionskategori","text":"Fristående motion","dok_id":"H602133","systemdatum":"2019-06-19 13:16:05"},{"kod":"tilldelat","namn":"Tilldelat","text":"Justitieutskottet","dok_id":"H602133","systemdatum":"2019-06-19 13:16:05"},{"kod":"statustext","namn":"statustext","text":"Motionen bereds i utskott","dok_id":"H602133","systemdatum":"2018-12-18 13:43:42"}]},"dokbilaga":{"bilaga":[{"dok_id":"H602133","titel":"Krafttag mot brottslighet","subtitel":"av Adam Marttinen m.fl. (SD)","filnamn":"mot_201819__133.docx","filstorlek":"86304","filtyp":"docx","fil_url":"http://data.riksdagen.se/fil/EA0F0506-7311-4E21-A88F-B465DA685A49"},{"dok_id":"H602133","titel":"Krafttag mot brottslighet","subtitel":"av Adam Marttinen m.fl. (SD)","filnamn":"mot_201819__133.pdf","filstorlek":"131319","filtyp":"pdf","fil_url":"http://data.riksdagen.se/fil/556F0210-CF86-4798-8483-1E872B729C93"}]},"dokreferens":{"referens":[{"referenstyp":"behandlas_i","uppgift":"2018/19:SkU1","ref_dok_id":"H601SkU1","ref_dok_typ":"bet","ref_dok_rm":"2018/19","ref_dok_bet":"SkU1","ref_dok_titel":"Utgiftsområde 3 Skatt, tull och exekution","ref_dok_subtitel":null,"ref_dok_subtyp":"bet","ref_dok_dokumentnamn":"Betänkande"},{"referenstyp":"behandlas_i","uppgift":"2018/19:JuU17","ref_dok_id":"H601JuU17","ref_dok_typ":"bet","ref_dok_rm":"2018/19","ref_dok_bet":"JuU17","ref_dok_titel":"Vapenfrågor","ref_dok_subtitel":null,"ref_dok_subtyp":"bet","ref_dok_dokumentnamn":"Betänkande"},{"referenstyp":"behandlas_i","uppgift":"2018/19:JuU12","ref_dok_id":"H601JuU12","ref_dok_typ":"bet","ref_dok_rm":"2018/19","ref_dok_bet":"JuU12","ref_dok_titel":"Processrättsliga frågor","ref_dok_subtitel":null,"ref_dok_subtyp":"bet","ref_dok_dokumentnamn":"Betänkande"},{"referenstyp":"behandlas_i","uppgift":"2018/19:SfU16","ref_dok_id":"H601SfU16","ref_dok_typ":"bet","ref_dok_rm":"2018/19","ref_dok_bet":"SfU16","ref_dok_titel":"Migration och asylpolitik","ref_dok_subtitel":null,"ref_dok_subtyp":"bet","ref_dok_dokumentnamn":"Betänkande"},{"referenstyp":"behandlas_i","uppgift":"2018/19:CU11","ref_dok_id":"H601CU11","ref_dok_typ":"bet","ref_dok_rm":"2018/19","ref_dok_bet":"CU11","ref_dok_titel":"Bostadspolitik","ref_dok_subtitel":null,"ref_dok_subtyp":"bet","ref_dok_dokumentnamn":"Betänkande"},{"referenstyp":"behandlas_i","uppgift":"2018/19:JuU14","ref_dok_id":"H601JuU14","ref_dok_typ":"bet","ref_dok_rm":"2018/19","ref_dok_bet":"JuU14","ref_dok_titel":"Våldsbrott och brottsoffer","ref_dok_subtitel":null,"ref_dok_subtyp":"bet","ref_dok_dokumentnamn":"Betänkande"},{"referenstyp":"behandlas_i","uppgift":"2018/19:JuU11","ref_dok_id":"H601JuU11","ref_dok_typ":"bet","ref_dok_rm":"2018/19","ref_dok_bet":"JuU11","ref_dok_titel":"Straffrättsliga frågor","ref_dok_subtitel":null,"ref_dok_subtyp":"bet","ref_dok_dokumentnamn":"Betänkande"},{"referenstyp":"behandlas_i","uppgift":"2018/19:JuU10","ref_dok_id":"H601JuU10","ref_dok_typ":"bet","ref_dok_rm":"2018/19","ref_dok_bet":"JuU10","ref_dok_titel":"Polisfrågor","ref_dok_subtitel":null,"ref_dok_subtyp":"bet","ref_dok_dokumentnamn":"Betänkande"},{"referenstyp":"behandlas_i","uppgift":"2018/19:JuU29","ref_dok_id":"H601JuU29","ref_dok_typ":"bet","ref_dok_rm":"2018/19","ref_dok_bet":"JuU29","ref_dok_titel":"Vapenfrågor","ref_dok_subtitel":null,"ref_dok_subtyp":"bet","ref_dok_dokumentnamn":"Betänkande"}]},"debatt":null}}