{"dokumentstatus":{"dokument":{"hangar_id":"5010907","dok_id":"H6021365","rm":"2018/19","beteckning":"1365","typ":"mot","subtyp":"Kommittémotion","doktyp":"mot","typrubrik":"Motion 2018/19:1365 av Markus Wiechel m.fl. (SD)","dokumentnamn":"Motion","debattnamn":"Motion","tempbeteckning":"SD334","organ":"UU","mottagare":"","nummer":"1365","slutnummer":"0","datum":"2018-11-28 00:00:00","systemdatum":"2020-01-27 10:24:15","publicerad":"2018-11-28 00:00:00","titel":"Internationellt demokratiarbete","subtitel":"av Markus Wiechel m.fl. (SD)","status":"Hänvisad","htmlformat":"html","relaterat_id":"","source":"Filur","sourceid":"71f6c2b3-afe7-4479-baa9-c803a04d667e","dokument_url_text":"http://data.riksdagen.se/dokument/H6021365/text","dokument_url_html":"http://data.riksdagen.se/dokument/H6021365","dokumentstatus_url_xml":"http://data.riksdagen.se/dokumentstatus/H6021365","html":"<style><!-- \r\n /********************************************************************************************************/\r\n/* Styles for D:\\Logs\\DocumentConverter\\\\Output_17dad806-2f00-49e5-8ed0-be6227fe5dc4\\HTML\\Dokument.html */\r\n/* Generated by Aspose.Words for .NET 15.3.0.0                                                          */\r\n/********************************************************************************************************/\r\n\r\n@page Section1 { size:595.3pt 841.9pt; margin:35.45pt 85.05pt }\r\ndiv.Section1 { page:Section1 }\r\ndiv.pconf body { t-i:17pt; line-height:15pt; font-family:'Verdana'; font-size: 0.90em }\r\ndiv.pconf h1, h2, h3, h4, h5, h6, p { margin:0pt }\r\ndiv.pconf li, table { margin-top:0pt; margin-bottom:0pt }\r\ndiv.pconf h1 { margin-top:41pt; margin-bottom:0pt; page-break-inside:avoid; page-break-after:avoid; line-height:19.5pt; font-family:'Verdana'; font-size: 1.05em; font-weight:normal }\r\ndiv.pconf h2 { margin-top:30pt; margin-bottom:0pt; page-break-inside:avoid; page-break-after:avoid; line-height:15pt; font-family:'Verdana'; font-size: 1.00em; font-weight:normal }\r\ndiv.pconf h3 { margin-top:18pt; margin-bottom:0pt; page-break-inside:avoid; page-break-after:avoid; line-height:15pt; font-family:'Verdana'; font-size: 0.90em; font-weight:bold }\r\ndiv.pconf h4 { margin-top:18pt; margin-bottom:0pt; page-break-inside:avoid; page-break-after:avoid; line-height:15pt; font-family:'Verdana'; font-size: 0.90em; font-weight:normal; font-style:italic }\r\ndiv.pconf h5 { margin-top:15pt; margin-bottom:0pt; page-break-inside:avoid; page-break-after:avoid; line-height:15pt; font-family:'Verdana'; font-size: 0.90em; font-weight:bold; font-style:normal }\r\ndiv.pconf h6 { margin-top:15pt; margin-bottom:0pt; page-break-inside:avoid; page-break-after:avoid; line-height:15pt; font-family:'Verdana'; font-size: 0.90em; font-weight:normal; font-style:italic }\r\n.Heading7 { margin-top:15pt; margin-bottom:0pt; page-break-inside:avoid; page-break-after:avoid; line-height:15pt; font-family:'Verdana'; font-size: 0.90em; font-weight:normal; font-style:italic }\r\n.Heading8 { margin-top:15pt; margin-bottom:0pt; page-break-inside:avoid; page-break-after:avoid; line-height:15pt; font-family:'Verdana'; font-size: 0.90em; font-weight:normal; font-style:italic }\r\n.Heading9 { margin-top:0pt; margin-bottom:0pt; page-break-inside:avoid; page-break-after:avoid; line-height:15pt; font-family:'Verdana'; font-size: 0.90em; font-weight:normal; font-style:italic }\r\n.BalloonText { margin-top:0pt; margin-bottom:0pt; t-i:17pt; line-height:normal; font-family:'Segoe UI'; font-size: 0.90em }\r\n.Beteckning { margin-top:18pt; margin-bottom:0pt; t-i:14.2pt; page-break-inside:auto; page-break-after:auto; line-height:19.5pt; font-size: 1.05em }\r\n.BlockText, .Inramatstycke { margin:0pt 56.7pt; t-i:0pt; text-align:nojustify; line-height:15pt; border-top-style:solid; border-top-width:0.75pt; border-top-color:#000000; border-right-style:solid; border-right-width:0.75pt; border-right-color:#000000; border-left-style:solid; border-left-width:0.75pt; border-left-color:#000000; border-bottom-style:solid; border-bottom-width:0.75pt; border-bottom-color:#000000; padding-top:10pt; padding-right:10pt; padding-left:10pt; padding-bottom:10pt; font-size: 0.90em; font-style:italic }\r\n.Caption { margin-top:0pt; margin-bottom:0pt; t-i:17pt; line-height:15pt; font-size: 0.90em; font-weight:bold; color:#2e74b5 }\r\n.Citaticitat { margin-top:7.5pt; margin-left:34pt; margin-bottom:0pt; line-height:12pt; font-size: 0.90em }\r\n.Citaticitatmedindrag { margin-top:0pt; margin-left:34pt; margin-bottom:7.5pt; t-i:17pt; line-height:12pt; font-size: 0.90em }\r\n.Citatmedindrag { margin-top:0pt; margin-left:17pt; margin-bottom:0pt; t-i:17pt; line-height:12pt; font-size: 0.90em }\r\n.CommentSubject { margin-top:0pt; margin-bottom:0pt; t-i:17pt; line-height:normal; font-size: 0.90em; font-weight:bold }\r\n.CommentText { margin-top:0pt; margin-bottom:0pt; t-i:17pt; line-height:normal; font-size: 0.90em }\r\n.FSHTitel, .Dokumentrubrik { margin-top:4pt; margin-bottom:4pt; page-break-inside:avoid; page-break-after:avoid; line-height:20pt; border-bottom-style:solid; border-bottom-width:0.75pt; border-bottom-color:#000000; padding-bottom:3pt; font-size: 1.05em }\r\n.FSHLogo { margin-top:4pt; margin-bottom:0pt; line-height:normal; font-size: 0.90em }\r\n.FSHNormL { margin-top:4pt; margin-bottom:0pt; line-height:15pt; border-top-style:solid; border-top-width:1.5pt; border-top-color:#000000; padding-top:3pt; font-size: 0.90em }\r\n.FSHNormal { margin-top:4pt; margin-bottom:0pt; line-height:15pt; font-size: 0.90em }\r\n.FSHNormalS5 { margin-top:11.5pt; margin-bottom:26pt; page-break-inside:avoid; page-break-after:avoid; line-height:12.5pt; font-size: 0.95em; font-weight:bold }\r\n.FSHRub1, .Rubrik1S5 { margin-top:135pt; margin-bottom:0pt; page-break-inside:avoid; page-break-after:avoid; line-height:16pt; font-size: 1.00em }\r\n.FSHRub2, .Rubrik1A4 { margin-top:50pt; margin-bottom:5pt; page-break-inside:avoid; page-break-after:avoid; line-height:24pt; font-size: 1.05em }\r\n.Footer { margin-top:4pt; margin-bottom:0pt; text-align:center; line-height:normal; font-size: 0.90em }\r\n.FootnoteText { margin-top:0pt; margin-bottom:0pt; line-height:12pt; font-size: 0.90em }\r\n.Yrkandehnv, .Frslagspunkthnv { margin-top:0pt; margin-bottom:0pt; page-break-inside:avoid; page-break-after:avoid; line-height:normal; font-size: 0.90em }\r\n.Frslagsrubrik { margin-top:41pt; margin-bottom:0pt; page-break-inside:avoid; page-break-after:avoid; line-height:19.5pt; font-family:'Verdana'; font-size: 1.05em }\r\n.Frslagstext, .Hemstlatt, .Yrkande { margin-top:4pt; margin-left:18pt; margin-bottom:0pt; t-i:-18pt; line-height:15pt; font-size: 0.90em }\r\n.Header { margin-top:4pt; margin-bottom:0pt; line-height:normal; font-size: 0.90em }\r\n.IntenseQuote { margin:12pt 54pt; t-i:17pt; text-align:center; line-height:normal; font-size: 0.90em; color:#5b9bd5 }\r\n.KantRubrikS5H { margin-top:6pt; margin-right:2.85pt; margin-bottom:0pt; text-align:right; line-height:8pt; font-size: 0.90em }\r\n.KantRubrikS5Hrad2 { margin-top:0pt; margin-right:2.85pt; margin-bottom:0pt; text-align:right; line-height:10pt; font-size: 0.90em }\r\n.KantRubrikS5V { margin-top:6pt; margin-right:0pt; margin-bottom:0pt; text-align:left; line-height:8pt; font-size: 0.90em }\r\n.KantRubrikS5Vrad2 { margin-top:0pt; margin-right:0pt; margin-bottom:0pt; text-align:left; line-height:10pt; font-size: 0.90em }\r\n.KantrubrikH { margin-top:4pt; margin-right:0pt; margin-bottom:0pt; text-align:right; line-height:15pt; font-size: 0.90em }\r\n.KantrubrikV { margin-top:4pt; margin-left:0pt; margin-bottom:0pt; line-height:normal; font-size: 0.90em }\r\n.Klla { margin-top:0pt; margin-bottom:0pt; line-height:12pt; font-size: 0.90em }\r\n.Lagtext { margin-top:4pt; margin-bottom:0pt; t-i:0pt; line-height:normal; font-size: 0.90em }\r\n.Lagtextindrag { margin-top:4pt; margin-bottom:0pt; t-i:14.2pt; line-height:normal; font-size: 0.90em }\r\n.Lagtextrubrik { margin-top:4pt; margin-bottom:0pt; t-i:0pt; line-height:normal; font-size: 0.90em; font-style:italic; letter-spacing:1pt }\r\n.List { margin-top:7.5pt; margin-left:17pt; margin-bottom:7.5pt; t-i:-17pt; line-height:15pt; font-size: 0.90em }\r\n.ListBullet, .PunktlistaBomb { margin-top:4pt; margin-left:18pt; margin-bottom:0pt; t-i:-18pt; line-height:15pt; font-size: 0.90em }\r\n.ListNumber, .PunktlistaNummer { margin-top:4pt; margin-left:18pt; margin-bottom:0pt; t-i:-18pt; line-height:15pt; font-size: 0.90em }\r\n.ListParagraph { margin-top:0pt; margin-left:36pt; margin-bottom:0pt; t-i:17pt; line-height:15pt; font-size: 0.90em }\r\n.ListaGemener { margin-top:7.5pt; margin-left:36pt; margin-bottom:7.5pt; t-i:-19pt; line-height:15pt; font-size: 0.90em }\r\n.ListaLinje { margin-top:7.5pt; margin-left:36pt; margin-bottom:7.5pt; t-i:-19pt; line-height:15pt; font-size: 0.90em }\r\n.ListaNummer { margin-top:7.5pt; margin-left:36pt; margin-bottom:7.5pt; t-i:-19pt; line-height:15pt; font-size: 0.90em }\r\n.ListaPunkt { margin-top:7.5pt; margin-left:36pt; margin-bottom:7.5pt; t-i:-19pt; line-height:15pt; font-size: 0.90em }\r\n.MotionTIllRiksdagen { margin-top:18pt; margin-bottom:0pt; page-break-inside:avoid; page-break-after:avoid; line-height:19.5pt; font-size: 1.05em }\r\n.Motionr { margin-top:14pt; margin-bottom:31.5pt; page-break-inside:avoid; line-height:15pt; font-size: 1.00em; font-weight:bold; font-style:normal }\r\n.NoSpacing { margin-top:5pt; margin-bottom:0pt; line-height:normal }\r\n.NormalIndent { margin-top:0pt; margin-left:65.2pt; margin-bottom:0pt; t-i:17pt; line-height:15pt; font-size: 0.90em }\r\n.Normalutanindragellerluft { margin-top:4pt; margin-bottom:0pt; line-height:15pt; font-size: 0.90em }\r\n.Normal00 { margin-top:4pt; margin-bottom:0pt; line-height:normal; font-size: 0.90em }\r\n.NormalA4fot { margin-top:12pt; margin-bottom:0pt; text-align:center; line-height:normal; font-size: 0.90em }\r\n.NormalA4sidnr { margin-top:4pt; margin-bottom:12pt; text-align:center; line-height:normal; font-size: 0.90em }\r\n.NormalS5sidnrH { margin-top:4pt; margin-right:2.85pt; margin-bottom:0pt; text-align:right; line-height:normal; font-size: 0.90em }\r\n.NormalS5sidnrV { margin-top:4pt; margin-right:0pt; margin-bottom:0pt; text-align:left; line-height:normal; font-size: 0.90em }\r\n.PlainText { margin-top:0pt; margin-bottom:0pt; t-i:0pt; line-height:12pt; font-family:'Verdana'; font-size: 0.90em }\r\n.Strecklista, .PunktlistaTankstreck { margin-top:4pt; margin-left:36pt; margin-bottom:0pt; t-i:-18pt; line-height:15pt; font-size: 0.90em }\r\n.Quote { margin-top:7.5pt; margin-left:17pt; margin-bottom:0pt; line-height:12pt; font-size: 0.90em }\r\n.R1 { margin-top:41pt; margin-bottom:0pt; page-break-inside:avoid; page-break-after:avoid; line-height:19.5pt; font-family:'Verdana'; font-size: 1.05em }\r\n.R2 { margin-top:30pt; margin-bottom:0pt; page-break-inside:avoid; page-break-after:avoid; line-height:15pt; font-family:'Verdana'; font-size: 1.00em }\r\n.R3 { margin-top:18pt; margin-bottom:0pt; page-break-inside:avoid; page-break-after:avoid; line-height:15pt; font-family:'Verdana'; font-size: 0.90em; font-weight:bold }\r\n.Rubrik1numrerat { margin-top:41pt; margin-left:18pt; margin-bottom:0pt; t-i:-18pt; page-break-inside:auto; page-break-after:avoid; line-height:19.5pt; font-family:'Verdana'; font-size: 1.05em }\r\n.Rubrik2numrerat { margin-top:30pt; margin-left:39.6pt; margin-bottom:0pt; t-i:-39.6pt; page-break-inside:avoid; page-break-after:avoid; line-height:15pt; font-family:'Verdana'; font-size: 1.00em }\r\n.Rubrik3numrerat { margin-top:18pt; margin-left:61.2pt; margin-bottom:0pt; t-i:-61.2pt; page-break-inside:avoid; page-break-after:avoid; line-height:15pt; font-family:'Verdana'; font-size: 0.90em; font-weight:bold }\r\n.Rubrik4numrerat { margin-top:18pt; margin-left:82.2pt; margin-bottom:0pt; t-i:-82.2pt; page-break-inside:avoid; page-break-after:avoid; line-height:15pt; font-family:'Verdana'; font-size: 0.90em; font-weight:normal; font-style:italic }\r\n.RubrikFrslagTIllRiksdagsbeslut { margin-top:41pt; margin-bottom:15pt; page-break-inside:avoid; page-break-after:avoid; line-height:19.5pt; font-family:'Verdana'; font-size: 1.05em }\r\n.RubrikInnehllsf { margin-top:41pt; margin-bottom:0pt; page-break-inside:avoid; page-break-after:avoid; line-height:19.5pt; font-family:'Verdana'; font-size: 1.05em }\r\n.RubrikSammanf { margin-top:41pt; margin-bottom:0pt; page-break-inside:avoid; page-break-after:avoid; line-height:19.5pt; font-family:'Verdana'; font-size: 1.05em }\r\n.Salutation { margin-top:41pt; margin-bottom:0pt; page-break-inside:avoid; page-break-after:avoid; line-height:19.5pt; font-family:'Verdana'; font-size: 1.05em }\r\n.Streckkod { margin-top:12pt; margin-bottom:0pt; text-align:center; line-height:normal; font-family:IDAutomationHC39S; font-size: 1.00em }\r\n.Subtitle { margin-top:4pt; margin-bottom:0pt; line-height:15pt; font-family:'Verdana'; font-size: 0.90em; font-weight:bold }\r\n.TOC1 { margin-top:4pt; margin-bottom:0pt; line-height:15pt; font-size: 0.90em }\r\n.TOC2 { margin-top:4pt; margin-left:14.2pt; margin-bottom:0pt; line-height:15pt; font-size: 0.90em }\r\n.TOC3 { margin-top:4pt; margin-left:28.35pt; margin-bottom:0pt; line-height:15pt; font-size: 0.90em }\r\n.TOC4 { margin-top:4pt; margin-left:42.55pt; margin-bottom:0pt; line-height:15pt; font-size: 0.90em }\r\n.TOC5 { margin-top:4pt; margin-left:56.7pt; margin-bottom:0pt; line-height:15pt; font-size: 0.90em }\r\n.TOC6 { margin-top:4pt; margin-left:56.7pt; margin-bottom:0pt; line-height:15pt; font-size: 0.90em }\r\n.TOC7 { margin-top:15pt; margin-left:56.7pt; margin-bottom:0pt; t-i:14.2pt; page-break-inside:avoid; page-break-after:avoid; line-height:normal; font-family:'Verdana'; font-size: 0.90em; font-weight:normal; font-style:italic }\r\n.TOC8 { margin-top:15pt; margin-left:56.7pt; margin-bottom:0pt; t-i:14.2pt; page-break-inside:avoid; page-break-after:avoid; line-height:normal; font-family:'Verdana'; font-size: 0.90em; font-weight:normal; font-style:italic }\r\n.TOC9 { margin-top:15pt; margin-left:56.7pt; margin-bottom:0pt; t-i:14.2pt; page-break-inside:avoid; page-break-after:avoid; line-height:normal; font-family:'Verdana'; font-size: 0.90em; font-weight:normal; font-style:italic }\r\n.TOCHeading { margin-top:41pt; margin-bottom:0pt; page-break-inside:avoid; page-break-after:avoid; line-height:19.5pt; font-family:'Verdana'; font-size: 1.05em }\r\n.Tabellunderrubrik { margin-top:0pt; margin-bottom:0pt; line-height:15pt; font-size: 0.90em; font-weight:normal; font-style:italic }\r\n.Tabellrubrik { margin-top:7.5pt; margin-bottom:0pt; line-height:15pt; font-size: 0.90em; font-weight:bold }\r\n.Title { margin-top:41pt; margin-bottom:0pt; page-break-inside:avoid; page-break-after:avoid; line-height:19.5pt; font-family:'Verdana'; font-size: 1.05em }\r\n.Underskriftdatum { margin-top:24pt; margin-bottom:3pt; page-break-inside:avoid; line-height:15pt; font-size: 0.90em; font-style:normal }\r\n.Underskrifter { margin-top:15pt; margin-bottom:3pt; page-break-inside:avoid; line-height:15pt; font-size: 0.90em; font-style:italic }\r\nspan.BallongtextChar { font-family:'Segoe UI'; font-size: 0.90em }\r\nspan.BeteckningChar { font-size:19.5pt }\r\nspan.BookTitle { font-weight:bold; font-style:italic; letter-spacing:0pt }\r\nspan.CitatChar { font-size:12pt }\r\nspan.CommentReference { font-size:8pt }\r\nspan.Emphasis { text-transform:uppercase; letter-spacing:0.25pt; color:#1f4d78 }\r\nspan.FSHNormalChar { font-size:12pt }\r\nspan.FSHRub2Char, span.Rubrik1A4Char { font-size:24pt }\r\nspan.FootnoteReference { vertical-align:super }\r\nspan.FrslagstextChar, span.HemstlattChar, span.YrkandeChar { font-size:12pt }\r\nspan.InledningChar { font-family:'Verdana'; font-size: 1.05em }\r\nspan.IntenseEmphasis { font-weight:bold; text-transform:uppercase; letter-spacing:0.5pt; color:#1f4d78 }\r\nspan.IntenseReference { font-weight:normal; font-style:normal; font-variant:normal; text-decoration:none; text-transform:none; letter-spacing:0pt; vertical-align:0pt; color:#000000; display:inline }\r\nspan.KommentarsmneChar { font-weight:bold }\r\nspan.MotionTIllRiksdagenChar { font-size:19.5pt }\r\nspan.NormalutanindragellerluftChar { font-size:12pt }\r\nspan.OformateradtextChar { font-family:'Verdana' }\r\nspan.PlaceholderText { color:#f4b083 }\r\nspan.Rubrik1Char { font-family:'Verdana'; font-size: 1.05em }\r\nspan.Rubrik2Char { font-family:'Verdana'; font-size: 1.00em }\r\nspan.Rubrik3Char { font-family:'Verdana'; font-size: 0.90em; font-weight:bold }\r\nspan.Rubrik4Char { font-family:'Verdana'; font-size: 0.90em; font-style:italic }\r\nspan.Rubrik5Char { font-family:'Verdana'; font-size: 0.90em; font-weight:bold }\r\nspan.Rubrik6Char { font-family:'Verdana'; font-size: 0.90em; font-style:italic }\r\nspan.Rubrik7Char { font-family:'Verdana'; font-size: 0.90em; font-style:italic }\r\nspan.Rubrik8Char { font-family:'Verdana'; font-size: 0.90em; font-style:italic }\r\nspan.Rubrik9Char { font-family:'Verdana'; font-size: 0.90em; font-style:italic }\r\nspan.RubrikChar { font-family:'Verdana'; font-size: 1.05em }\r\nspan.SidfotChar { font-size:11.5pt }\r\nspan.SidhuvudChar { font-size:12pt }\r\nspan.StarktcitatChar { font-size:12pt; color:#5b9bd5 }\r\nspan.Strong { font-weight:bold }\r\nspan.SubtleEmphasis { font-style:italic; color:#1f4d78 }\r\nspan.SubtleReference { font-weight:bold; color:#5b9bd5 }\r\nspan.UnderrubrikChar { font-family:'Verdana'; font-size: 0.90em; font-weight:bold }\r\n.TableGrid {  }\r\n\r\n.pconf{width: 450px;margin-left:5px;overflow:visable;font-family:Verdana, Geneva, sans-serif;} \r\n .sidhuvud_publikation, .sidhuvud_beteckning{font-size:133%}\r\n.MotionarLista {font-size:122%}\r\n\r\n--></style><div class=\"pconf\"><span class=\"sidhuvud_publikation\">Motion till riksdagen</span><br/>\r\n<span class=\"sidhuvud_beteckning\">2018/19:1365</span><br/>\r\n<span class=\"MotionarLista\">av Markus Wiechel m.fl. (SD)</span><br/>\r\n<h1>Internationellt demokratiarbete</h1>\r\n<hr class=\"sidhuvud_linje\"/>\r\n\r\n\r\n\t\t<div class=\"Section1\">\r\n\t\t\t<h1 style=\"margin-bottom:15pt; -aw-sdt-tag:CC_Boilerplate_4; -aw-sdt-title:CC_Boilerplate_4\">\r\n\t\t\t\t<span>Förslag till riksdagsbeslut</span>\r\n\t\t\t</h1>\r\n\t\t\t<ol type=\"1\" style=\"margin:0pt; padding-left:0pt\">\r\n\t\t\t\t<li class=\"Frslagstext\" style=\"margin-left:14pt; t-i:0pt; padding-left:4pt; font-family:'Verdana'; font-size: 0.90em\">\r\n\t\t\t\t\t<span style=\"font-family:'Verdana'; font-size: 0.90em\">Riksdagen ställer sig bakom det som anförs i motionen om att regeringen ska verka för upprättandet av en checklista med kriterier som ska uppfyllas och utgöra grund för om det internationella samfundet ska erkänna valet som fullt ut demokratiskt eller inte och tillkännager detta för regeringen.</span>\r\n\t\t\t\t</li>\r\n\t\t\t\t<li class=\"Frslagstext\" style=\"margin-left:14pt; t-i:0pt; padding-left:4pt; font-family:'Verdana'; font-size: 0.90em\">\r\n\t\t\t\t\t<span style=\"font-family:'Verdana'; font-size: 0.90em\">Riksdagen ställer sig bakom det som anförs i motionen om att regeringen i demokratiseringsarbetet avseende länder som inte uppnår kriterierna i checklistan ska verka för att kriterierna uppfylls och tillkännager detta för regeringen.</span>\r\n\t\t\t\t</li>\r\n\t\t\t\t<li class=\"Frslagstext\" style=\"margin-left:14pt; t-i:0pt; padding-left:4pt; font-family:'Verdana'; font-size: 0.90em\">\r\n\t\t\t\t\t<span style=\"font-family:'Verdana'; font-size: 0.90em\">Riksdagen ställer sig bakom det som anförs i motionen om att arbeta för bildandet av ett förbund mellan världens alla demokratiska länder och tillkännager detta för regeringen.</span>\r\n\t\t\t\t</li>\r\n\t\t\t</ol>\r\n\t\t\t<h1 style=\"-aw-sdt-tag:CC_Motivering_Rubrik; -aw-sdt-title:CC_Motivering_Rubrik\">\r\n\t\t\t\t<a name=\"MotionsStart\"></a><span>1 Checklista med kriterier</span>\r\n\t\t\t</h1>\r\n\t\t\t<p class=\"Normalutanindragellerluft\">\r\n\t\t\t\t<span>Vårt närområde består av världens mest framgångsrika länder, varför svensk och euro</span><span>­</span><span>peisk utvecklingspolitik alltid ämnat emulera mottagarländerna efter oss själva. Den rådande metoden för att minska interna spänningar och bygga legitimitet för regerings</span><span>­</span><span>makten är och har alltid varit hållande av allmänna val. </span>\r\n\t\t\t</p>\r\n\t\t\t<p>\r\n\t\t\t\t<span>I utvecklade länder och medelinkomstländer ger allmänna val legitimitet, de skapar ansvarstagande och rensar ut olämpliga politiska alternativ. Tyvärr visar forskning från värld</span><span>ens främsta experter </span><span>att allmänna val alltför ofta inte har samma effekt i de minst utvecklade länderna. Faktum är att i stället för att framtvinga bättre policy, orsakar valrörelser i dessa länder </span><span>snarare försämringar</span><a name=\"_ftnref1\"></a><a href=\"#_ftn1\"><span class=\"FootnoteReference\" style=\"font-size:8pt\">[1]</span></a><span>.</span>\r\n\t\t\t</p>\r\n\t\t\t<p>\r\n\t\t\t\t<span>Det finns flera anledningar till den här effekten. Den absolut vanligaste grunden för politiska partier i de minst utvecklade länderna är inte politisk ideologi, utan etnisk tillhörighet. Detta gör att graden av framgång h</span><span>os en viss regerings reformagenda</span><span> inte påverkar röstningsmönster, väljarna tenderar att rösta i lin</span><span>je med sin etniska tillhörighet</span><span>.</span><span> </span><span>P</span><span>olitik så som begreppet är bekant för personer i västv</span><span>ärlden är ofta en icke-fråga.</span>\r\n\t\t\t</p>\r\n\t\t\t<p>\r\n\t\t\t\t<span>Väljarna i de minst utvecklade länderna har också ofta mycket dålig tillgång till information, utbildning och bristande ku</span><span>nskaper om hur en stat fungerar</span><span> och ekonomin i länderna är ofta så skör att konjunk</span><span>turförändringar har lite med ekonomisk</span><span> policy att göra. Dessutom är avregleringar och antikorruptionsåtgärder ofta mycket svåra att genomföra</span><span>,</span><span> eftersom politiska partier måste ge den egna etniska gruppen ekonomiska fördelar för att undvika att gruppen i stället väljer andra företrädare. </span>\r\n\t\t\t</p>\r\n\t\t\t<p>\r\n\t\t\t\t<span>Om ärlighet och reformvilja inte lönar sig politiskt kommer oärliga och korrupta personer att ges en systematisk fördel inom den politiska sfären. Politik i de minst utvecklade länd</span><span>erna attraherar därför skurkar</span><span>.</span>\r\n\t\t\t</p>\r\n\t\t\t<p>\r\n\t\t\t\t<span>Att regeringar i de m</span><span>inst utvecklade länderna inte hålls </span><span>ansvar</span><span>iga</span><span> för sina reformer framgår också tydligt av återvalsfrekvensen i dessa länder. Det mest använda vetenskapliga måttet på demokrati som styrelseskick är ett index som kallas Polity IV, vilket mäter hur väl fungerande en demokrati är </span><span>på en 20-gradig skala från –10 till +10. Bland de minst utvecklade länderna som ligger mellan –10 och 0 har regeringar en återvalsfrekvens </span><span>på 88</span><span> </span><span>% medan</span><span> snittet i OECD är 45</span><span> </span><span>%</span><a name=\"_ftnref2\"></a><a href=\"#_ftn2\"><span class=\"FootnoteReference\" style=\"font-size:8pt\">[2]</span></a><span>.</span>\r\n\t\t\t</p>\r\n\t\t\t<p>\r\n\t\t\t\t<span>Val i länder som saknar effektiv maktdelning och ett oberoende rättssystem och där de ledande deltagarna inte är de bäst lämpade blir också en fråga om liv och död</span><span>,</span><span> eftersom vinnaren efter valet de facto har fria händer att straffa den tidigare regimen</span><span>,</span><span> eller andra partier, vilket leder till de</span><span>sperata metoder i valkampanjer.</span>\r\n\t\t\t</p>\r\n\t\t\t<p>\r\n\t\t\t\t<span>I stället för att </span><span>skapa legitimitet och avspännin</span><span>g</span><span>, leder därför valkampanjer till ökad risk för politiskt våld i de minst utvecklade länderna. Brytpunkten för den här effekten låg 2009 på en medelinkom</span><span>st på 2</span><span> </span><span>700 USD/år</span><a name=\"_ftnref3\"></a><a href=\"#_ftn3\"><span class=\"FootnoteReference\" style=\"font-size:8pt\">[3]</span></a><span class=\"FootnoteReference\" style=\"font-size:8pt\">.</span><span> Det är viktigt att förstå att den siffran inte är en exakt fingervisning</span><span>,</span><span> som avgör risken för länder i det enskilda fallet, men </span><span>den </span><span>pekar tydligt på att effekten finns där.</span>\r\n\t\t\t</p>\r\n\t\t\t<p>\r\n\t\t\t\t<span>Sverigedemokraterna ser demokrati som det enda sättet för de minst utvecklade länderna att nå utveckling och framgång, men fungerande demokrati är mer än allmänna val. Vi ser stora brister i hur givarländer och det internationella samfundet hanterar frågan om valrörelser i mottagarländer. Afghanistan och Irak är exempel på samhällen där allmänna val lett till splittring och försämrad fysisk säkerhet för befolkningen och mycket lite i form av förbättrad policy.</span>\r\n\t\t\t</p>\r\n\t\t\t<p>\r\n\t\t\t\t<span>Sverigedemokraterna anser därför att det internationella samfundet måste anta ett strikt vetenskapligt förankrat synsätt på frågan om val och politiska kampanjer i fattiga och instabila länder, i stället för att använda allmänna val som en quick-fix för mycket komplicerade problem. Dels för lokalbefolkningens säkerhet, dels för att inte urholka förtroendet för demokrati som statsskick. </span>\r\n\t\t\t</p>\r\n\t\t\t<p>\r\n\t\t\t\t<span>Ett steg i rätt riktning är att sammanställa en checklista med ett minimum av kriterier som måste uppfyllas. Hur dessa kriterier uppfyllts ska utgöra grund för om det inter</span><span>­</span><span>nationella samfundet ska erkänna valet som fullt ut demokratiskt eller inte. Innan dessa kriterier är uppfyllda bör samfundet arbeta för att kriterierna uppnås, så att de val som hålls leder till ökad demokratisering snarare än oroligheter och splittring. Kriterier som bör tas i beaktande vid utformandet av en sådan checklista bör vara öppenhet och deltagande i allmänna val, kapacitet att hålla val, rättsväsendets oberoende, juridiska begränsningar i statens befogenhet, kapacitet att behålla och övervaka säkerheten i landet, storleken på etniskt baserade politiska partier och befintliga motsättningar mellan dessa.</span>\r\n\t\t\t</p>\r\n\t\t\t<h1>\r\n\t\t\t\t<span>2 </span><span>Internationellt demokratiförbund</span>\r\n\t\t\t</h1>\r\n\t\t\t<p class=\"Normalutanindragellerluft\">\r\n\t\t\t\t<span>Sverige är en av världens äldsta demokratier och det är vi värda att vara stolta över. Vi har genom åren sett hur fler och fler länder demokratiserats och hur människor i förtryckarstater kämpat för mer frihet och mer demokrati. Att svenskt internationellt arbete då också ska främja en demokratisk utveckling bör med andra ord också vara naturligt, varför ett internationellt samarbete mellan välfungerande demokratier är värt att vårda. Demokrati kanske inte bara bör ses som grundläggande för att säkerställa mänskliga rättigheter, utan även som en del av arbetet för att främja en positiv samhällsutveckling. Det är de demokratiska staterna som har den bästa ekonomiska utvecklingen, </span><span>de </span><span>bästa </span><span>utbildningarna och störst politiskt inflytande. Sist me</span><span>n inte minst är </span><span>risk</span><span>en</span><span> för att två demokratiska länder hamnar i krig med varandra</span><span> mycket låg</span><span>.</span>\r\n\t\t\t</p>\r\n\t\t\t<p>\r\n\t\t\t\t<span>Världssamfundet vi idag känner till formades i mångt och mycket efter andra världskriget, och då inte minst i samband med att Förenta nationerna (FN) bildades. Samarbetet genom FN syftade främst till att förhindra ett tredje världskrig, varför det var viktigt att såväl demokratier som diktaturer ingick. Idag vet vi att de demokratiska staterna inte alls utgör stommen i samarbetet, även om utvecklingen för medlemsländerna har gått i rätt riktning.</span>\r\n\t\t\t</p>\r\n\t\t\t<p>\r\n\t\t\t\t<span>I </span><span>Europa finns</span><span> idag ett mellanstatligt samarbete genom Europarådet. Europarådet skapades under en instabil period i världshistorien och arbetar i huvudsak med att främja demokrati, mänskliga rättigheter och rättsstatsutveckling. Samarbetet kan i många fall ses som ett positivt föredöme</span><span>,</span><span> där länder tillsammans</span><span> arbetar för en sund värdegrund</span><span> och formellt accepteras inte heller diktatur. Sverigedemokraterna ser detta som en sund bas för att utveckla något större och mer slagkraftigt</span><span>,</span><span> som kan påverka demokrati</span><span>arbetet i andra länder,</span><span> nämligen ett internationellt förbund mellan alla världens demokratiska länder. Förbundet kan framöver ha en avgörande roll för att hela tiden såväl utvärdera som utveckla demokratin, men även sprida kunskap om demokrati. Förbundets medlemsländer skulle även, i och med detta samarbete, kunna bli en starkare röst inom FN, som idag bland annat arbetar med grundläggande mänskliga rättigheter. Regeringen bör arbeta för att möjliggöra ett sådant förbund.</span>\r\n\t\t\t</p>\r\n\t\t\t<p style=\"-aw-sdt-tag:CC_Underskrifter; -aw-sdt-title:CC_Underskrifter\">\r\n\t\t\t\t<span> </span>\r\n\t\t\t</p>\r\n\t\t\t<p style=\"-aw-sdt-tag:CC_Underskrifter; -aw-sdt-title:CC_Underskrifter\">\r\n\t\t\t\t<span> </span>\r\n\t\t\t</p>\r\n\t\t\t<table cellspacing=\"0\" cellpadding=\"0\" style=\"border-collapse:collapse; margin-left:0pt; width:100%\">\r\n\t\t\t\t<tr>\r\n\t\t\t\t\t<td style=\"padding-left:5.4pt; padding-right:5.4pt; vertical-align:bottom; width:1%\">\r\n\t\t\t\t\t\t<p class=\"Underskrifter\" style=\"margin-top:15pt; margin-bottom:3pt; page-break-inside:avoid; line-height:15pt\">\r\n\t\t\t\t\t\t\t<span style=\"font-size:12pt; font-style:italic\">Markus Wiechel (SD)</span>\r\n\t\t\t\t\t\t</p>\r\n\t\t\t\t\t</td>\r\n\t\t\t\t\t<td style=\"padding-left:5.4pt; padding-right:5.4pt; vertical-align:bottom; width:1%\">\r\n\t\t\t\t\t\t<p class=\"Underskrifter\" style=\"margin-top:15pt; margin-bottom:3pt; page-break-inside:avoid; line-height:15pt\">\r\n\t\t\t\t\t\t\t<span style=\"font-size:12pt; font-style:italic\"> </span>\r\n\t\t\t\t\t\t</p>\r\n\t\t\t\t\t</td>\r\n\t\t\t\t</tr>\r\n\t\t\t\t<tr>\r\n\t\t\t\t\t<td style=\"padding-left:5.4pt; padding-right:5.4pt; vertical-align:bottom; width:1%\">\r\n\t\t\t\t\t\t<p class=\"Underskrifter\" style=\"margin-top:15pt; margin-bottom:0pt; page-break-inside:avoid; line-height:15pt\">\r\n\t\t\t\t\t\t\t<span style=\"font-size:12pt; font-style:italic\">Björn Söder (SD)</span>\r\n\t\t\t\t\t\t</p>\r\n\t\t\t\t\t</td>\r\n\t\t\t\t\t<td style=\"padding-left:5.4pt; padding-right:5.4pt; vertical-align:bottom; width:1%\">\r\n\t\t\t\t\t\t<p class=\"Underskrifter\" style=\"margin-top:15pt; margin-bottom:0pt; page-break-inside:avoid; line-height:15pt\">\r\n\t\t\t\t\t\t\t<span style=\"font-size:12pt; font-style:italic\">Ludvig Aspling (SD)</span>\r\n\t\t\t\t\t\t</p>\r\n\t\t\t\t\t</td>\r\n\t\t\t\t</tr>\r\n\t\t\t\t<tr>\r\n\t\t\t\t\t<td style=\"padding-left:5.4pt; padding-right:5.4pt; vertical-align:bottom; width:1%\">\r\n\t\t\t\t\t\t<p class=\"Underskrifter\" style=\"margin-top:15pt; margin-bottom:0pt; page-break-inside:avoid; line-height:15pt\">\r\n\t\t\t\t\t\t\t<span style=\"font-size:12pt; font-style:italic\">Lars Andersson (SD)</span>\r\n\t\t\t\t\t\t</p>\r\n\t\t\t\t\t</td>\r\n\t\t\t\t\t<td style=\"padding-left:5.4pt; padding-right:5.4pt; vertical-align:bottom; width:1%\">\r\n\t\t\t\t\t\t<p class=\"Underskrifter\" style=\"margin-top:15pt; margin-bottom:0pt; page-break-inside:avoid; line-height:15pt\">\r\n\t\t\t\t\t\t\t<span style=\"font-size:12pt; font-style:italic\">Sara Seppälä (SD)</span>\r\n\t\t\t\t\t\t</p>\r\n\t\t\t\t\t</td>\r\n\t\t\t\t</tr>\r\n\t\t\t\t<tr>\r\n\t\t\t\t\t<td style=\"padding-left:5.4pt; padding-right:5.4pt; vertical-align:bottom; width:1%\">\r\n\t\t\t\t\t\t<p class=\"Underskrifter\" style=\"margin-top:15pt; margin-bottom:0pt; page-break-inside:avoid; line-height:15pt\">\r\n\t\t\t\t\t\t\t<span style=\"font-size:12pt; font-style:italic\">Tobias Andersson (SD)</span>\r\n\t\t\t\t\t\t</p>\r\n\t\t\t\t\t</td>\r\n\t\t\t\t\t<td style=\"padding-left:5.4pt; padding-right:5.4pt; vertical-align:bottom; width:1%\">\r\n\t\t\t\t\t\t<p class=\"Underskrifter\" style=\"margin-top:15pt; margin-bottom:3pt; page-break-inside:avoid; line-height:15pt\">\r\n\t\t\t\t\t\t\t<span style=\"font-size:12pt; font-style:italic\"> </span>\r\n\t\t\t\t\t\t</p>\r\n\t\t\t\t\t</td>\r\n\t\t\t\t</tr>\r\n\t\t\t</table>\r\n\t\t\t<p>\r\n\t\t\t\t<span> </span>\r\n\t\t\t</p>\r\n\t\t</div>\r\n\t\t<hr style=\"width:33%; height:1px; text-align:left; -aw-footnote-numberstyle:0; -aw-footnote-startnumber:1; -aw-footnote-type:0\" />\r\n\t\t<div id=\"_ftn1\" style=\"-aw-footnote-isauto:1\">\r\n\t\t\t<p class=\"FootnoteText\">\r\n\t\t\t\t<a href=\"#_ftnref1\"><span class=\"FootnoteReference\" style=\"font-size:8pt\">[1]</span></a><span> Collier, Wars guns and votes, s.</span><span> </span><span>40</span><span>.</span>\r\n\t\t\t</p>\r\n\t\t</div>\r\n\t\t<div id=\"_ftn2\" style=\"-aw-footnote-isauto:1\">\r\n\t\t\t<p class=\"FootnoteText\">\r\n\t\t\t\t<a href=\"#_ftnref2\"><span class=\"FootnoteReference\" style=\"font-size:8pt\">[2]</span></a><span> ff s.</span><span> </span><span>36</span><span>.</span>\r\n\t\t\t</p>\r\n\t\t</div>\r\n\t\t<div id=\"_ftn3\" style=\"-aw-footnote-isauto:1\">\r\n\t\t\t<p class=\"FootnoteText\">\r\n\t\t\t\t<a href=\"#_ftnref3\"><span class=\"FootnoteReference\" style=\"font-size:8pt\">[3]</span></a><span> f</span><span>f s.</span><span> </span><span>21</span><span>.</span>\r\n\t\t\t</p>\r\n\t\t</div>\r\n\t</div>"},"dokforslag":{"forslag":[{"nummer":"1","beteckning":null,"lydelse":"Riksdagen ställer sig bakom det som anförs i motionen om att regeringen ska verka för upprättandet av en checklista med kriterier som ska uppfyllas och utgöra grund för om det internationella samfundet ska erkänna valet som fullt ut demokratiskt eller inte och tillkännager detta för regeringen.","lydelse2":null,"utskottet":null,"kammaren":null,"behandlas_i":"2019/20:UU15","behandlas_i_punkt":null,"kammarbeslutstyp":null,"intressent":"UU","avsnitt":null,"grundforfattning":null,"andringsforfattning":null},{"nummer":"2","beteckning":null,"lydelse":"Riksdagen ställer sig bakom det som anförs i motionen om att regeringen i demokratiseringsarbetet avseende länder som inte uppnår kriterierna i checklistan ska verka för att kriterierna uppfylls och tillkännager detta för regeringen.","lydelse2":null,"utskottet":null,"kammaren":null,"behandlas_i":"2019/20:UU15","behandlas_i_punkt":null,"kammarbeslutstyp":null,"intressent":"UU","avsnitt":null,"grundforfattning":null,"andringsforfattning":null},{"nummer":"3","beteckning":null,"lydelse":"Riksdagen ställer sig bakom det som anförs i motionen om att arbeta för bildandet av ett förbund mellan världens alla demokratiska länder och tillkännager detta för regeringen.","lydelse2":null,"utskottet":null,"kammaren":null,"behandlas_i":"2019/20:UU15","behandlas_i_punkt":null,"kammarbeslutstyp":null,"intressent":"UU","avsnitt":null,"grundforfattning":null,"andringsforfattning":null}]},"dokaktivitet":{"aktivitet":[{"kod":"INL","namn":"Inlämnad","datum":"2018-11-28 12:10:31","status":"inträffat","ordning":"0","process":"behandling"},{"kod":"Granskad","namn":"Granskad","datum":"2018-11-28 13:44:27","status":"inträffat","ordning":"0","process":"behandling"},{"kod":"HÄN","namn":"Hänvisad","datum":"2018-12-05 00:00:00","status":"inträffat","ordning":"0","process":"behandling"}]},"dokintressent":{"intressent":[{"intressent_id":"0204240926023","namn":"Markus Wiechel","partibet":"SD","ordning":"1","roll":"undertecknare"},{"intressent_id":"0452755722723","namn":"Björn Söder","partibet":"SD","ordning":"2","roll":"undertecknare"},{"intressent_id":"0526748040023","namn":"Ludvig Aspling","partibet":"SD","ordning":"3","roll":"undertecknare"},{"intressent_id":"0254021157518","namn":"Lars Andersson","partibet":"SD","ordning":"4","roll":"undertecknare"},{"intressent_id":"0338088431726","namn":"Sara Gille","partibet":"SD","ordning":"5","roll":"undertecknare"},{"intressent_id":"086684470825","namn":"Tobias Andersson","partibet":"SD","ordning":"6","roll":"undertecknare"}]},"dokuppgift":{"uppgift":[{"kod":"motkat","namn":"Motionskategori","text":"Fristående motion","dok_id":"H6021365","systemdatum":"2020-01-27 10:23:12"},{"kod":"tilldelat","namn":"Tilldelat","text":"Utrikesutskottet","dok_id":"H6021365","systemdatum":"2020-01-27 10:23:12"},{"kod":"statustext","namn":"statustext","text":"Motionen bereds i utskott","dok_id":"H6021365","systemdatum":"2019-05-17 11:32:39"}]},"dokbilaga":{"bilaga":[{"dok_id":"H6021365","titel":"Internationellt demokratiarbete","subtitel":"av Markus Wiechel m.fl. (SD)","filnamn":"mot_201819__1365.docx","filstorlek":"73421","filtyp":"docx","fil_url":"http://data.riksdagen.se/fil/BAF9C421-E74D-488E-98DD-B2BB304EF0BF"},{"dok_id":"H6021365","titel":"Internationellt demokratiarbete","subtitel":"av Markus Wiechel m.fl. (SD)","filnamn":"mot_201819__1365.pdf","filstorlek":"92508","filtyp":"pdf","fil_url":"http://data.riksdagen.se/fil/34C93291-373D-4E40-98C0-6B570DCE6249"}]},"dokreferens":{"referens":{"referenstyp":"behandlas_i","uppgift":"2019/20:UU15","ref_dok_id":"H701UU15","ref_dok_typ":"bet","ref_dok_rm":"2019/20","ref_dok_bet":"UU15","ref_dok_titel":"Mänskliga rättigheter","ref_dok_subtitel":null,"ref_dok_subtyp":"bet","ref_dok_dokumentnamn":"Betänkande"}},"debatt":null}}