{"dokumentstatus":{"dokument":{"hangar_id":"5010917","dok_id":"H6021378","rm":"2018/19","beteckning":"1378","typ":"mot","subtyp":"Kommittémotion","doktyp":"mot","typrubrik":"Motion 2018/19:1378 av Markus Wiechel m.fl. (SD)","dokumentnamn":"Motion","debattnamn":"Motion","tempbeteckning":"SD338","organ":"UU","mottagare":"","nummer":"1378","slutnummer":"0","datum":"2018-11-28 00:00:00","systemdatum":"2020-01-31 14:59:08","publicerad":"2018-11-28 00:00:00","titel":"Mänskliga rättigheter i utrikespolitiken","subtitel":"av Markus Wiechel m.fl. (SD)","status":"Hänvisad","htmlformat":"html","relaterat_id":"","source":"Filur","sourceid":"e956d5c4-ac4b-4688-896b-d86b6276cf6b","dokument_url_text":"http://data.riksdagen.se/dokument/H6021378/text","dokument_url_html":"http://data.riksdagen.se/dokument/H6021378","dokumentstatus_url_xml":"http://data.riksdagen.se/dokumentstatus/H6021378","html":"<style><!-- \r\n /********************************************************************************************************/\r\n/* Styles for D:\\Logs\\DocumentConverter\\\\Output_2bccfe14-c90b-4666-b07d-7ad1a0ec2018\\HTML\\Dokument.html */\r\n/* Generated by Aspose.Words for .NET 15.3.0.0                                                          */\r\n/********************************************************************************************************/\r\n\r\n@page Section1 { size:595.3pt 841.9pt; margin:35.45pt 85.05pt }\r\ndiv.Section1 { page:Section1 }\r\ndiv.pconf body { t-i:17pt; line-height:15pt; font-family:'Verdana'; font-size: 0.90em }\r\ndiv.pconf h1, h2, h3, h4, h5, h6, p { margin:0pt }\r\ndiv.pconf li, table { margin-top:0pt; margin-bottom:0pt }\r\ndiv.pconf h1 { margin-top:41pt; margin-bottom:0pt; page-break-inside:avoid; page-break-after:avoid; line-height:19.5pt; font-family:'Verdana'; font-size: 1.05em; font-weight:normal }\r\ndiv.pconf h2 { margin-top:30pt; margin-bottom:0pt; page-break-inside:avoid; page-break-after:avoid; line-height:15pt; font-family:'Verdana'; font-size: 1.00em; font-weight:normal }\r\ndiv.pconf h3 { margin-top:18pt; margin-bottom:0pt; page-break-inside:avoid; page-break-after:avoid; line-height:15pt; font-family:'Verdana'; font-size: 0.90em; font-weight:bold }\r\ndiv.pconf h4 { margin-top:18pt; margin-bottom:0pt; page-break-inside:avoid; page-break-after:avoid; line-height:15pt; font-family:'Verdana'; font-size: 0.90em; font-weight:normal; font-style:italic }\r\ndiv.pconf h5 { margin-top:15pt; margin-bottom:0pt; page-break-inside:avoid; page-break-after:avoid; line-height:15pt; font-family:'Verdana'; font-size: 0.90em; font-weight:bold; font-style:normal }\r\ndiv.pconf h6 { margin-top:15pt; margin-bottom:0pt; page-break-inside:avoid; page-break-after:avoid; line-height:15pt; font-family:'Verdana'; font-size: 0.90em; font-weight:normal; font-style:italic }\r\n.Heading7 { margin-top:15pt; margin-bottom:0pt; page-break-inside:avoid; page-break-after:avoid; line-height:15pt; font-family:'Verdana'; font-size: 0.90em; font-weight:normal; font-style:italic }\r\n.Heading8 { margin-top:15pt; margin-bottom:0pt; page-break-inside:avoid; page-break-after:avoid; line-height:15pt; font-family:'Verdana'; font-size: 0.90em; font-weight:normal; font-style:italic }\r\n.Heading9 { margin-top:0pt; margin-bottom:0pt; page-break-inside:avoid; page-break-after:avoid; line-height:15pt; font-family:'Verdana'; font-size: 0.90em; font-weight:normal; font-style:italic }\r\n.BalloonText { margin-top:0pt; margin-bottom:0pt; t-i:17pt; line-height:normal; font-family:'Segoe UI'; font-size: 0.90em }\r\n.Beteckning { margin-top:18pt; margin-bottom:0pt; t-i:14.2pt; page-break-inside:auto; page-break-after:auto; line-height:19.5pt; font-size: 1.05em }\r\n.BlockText, .Inramatstycke { margin:0pt 56.7pt; t-i:0pt; text-align:nojustify; line-height:15pt; border-top-style:solid; border-top-width:0.75pt; border-top-color:#000000; border-right-style:solid; border-right-width:0.75pt; border-right-color:#000000; border-left-style:solid; border-left-width:0.75pt; border-left-color:#000000; border-bottom-style:solid; border-bottom-width:0.75pt; border-bottom-color:#000000; padding-top:10pt; padding-right:10pt; padding-left:10pt; padding-bottom:10pt; font-size: 0.90em; font-style:italic }\r\n.Caption { margin-top:0pt; margin-bottom:0pt; t-i:17pt; line-height:15pt; font-size: 0.90em; font-weight:bold; color:#2e74b5 }\r\n.Citaticitat { margin-top:7.5pt; margin-left:34pt; margin-bottom:0pt; line-height:12pt; font-size: 0.90em }\r\n.Citaticitatmedindrag { margin-top:0pt; margin-left:34pt; margin-bottom:7.5pt; t-i:17pt; line-height:12pt; font-size: 0.90em }\r\n.Citatmedindrag { margin-top:0pt; margin-left:17pt; margin-bottom:0pt; t-i:17pt; line-height:12pt; font-size: 0.90em }\r\n.CommentSubject { margin-top:0pt; margin-bottom:0pt; t-i:17pt; line-height:normal; font-size: 0.90em; font-weight:bold }\r\n.CommentText { margin-top:0pt; margin-bottom:0pt; t-i:17pt; line-height:normal; font-size: 0.90em }\r\n.FSHTitel, .Dokumentrubrik { margin-top:4pt; margin-bottom:4pt; page-break-inside:avoid; page-break-after:avoid; line-height:20pt; border-bottom-style:solid; border-bottom-width:0.75pt; border-bottom-color:#000000; padding-bottom:3pt; font-size: 1.05em }\r\n.FSHLogo { margin-top:4pt; margin-bottom:0pt; line-height:normal; font-size: 0.90em }\r\n.FSHNormL { margin-top:4pt; margin-bottom:0pt; line-height:15pt; border-top-style:solid; border-top-width:1.5pt; border-top-color:#000000; padding-top:3pt; font-size: 0.90em }\r\n.FSHNormal { margin-top:4pt; margin-bottom:0pt; line-height:15pt; font-size: 0.90em }\r\n.FSHNormalS5 { margin-top:11.5pt; margin-bottom:26pt; page-break-inside:avoid; page-break-after:avoid; line-height:12.5pt; font-size: 0.95em; font-weight:bold }\r\n.FSHRub1, .Rubrik1S5 { margin-top:135pt; margin-bottom:0pt; page-break-inside:avoid; page-break-after:avoid; line-height:16pt; font-size: 1.00em }\r\n.FSHRub2, .Rubrik1A4 { margin-top:50pt; margin-bottom:5pt; page-break-inside:avoid; page-break-after:avoid; line-height:24pt; font-size: 1.05em }\r\n.Footer { margin-top:4pt; margin-bottom:0pt; text-align:center; line-height:normal; font-size: 0.90em }\r\n.FootnoteText { margin-top:0pt; margin-bottom:0pt; line-height:12pt; font-size: 0.90em }\r\n.Yrkandehnv, .Frslagspunkthnv { margin-top:0pt; margin-bottom:0pt; page-break-inside:avoid; page-break-after:avoid; line-height:normal; font-size: 0.90em }\r\n.Frslagsrubrik { margin-top:41pt; margin-bottom:0pt; page-break-inside:avoid; page-break-after:avoid; line-height:19.5pt; font-family:'Verdana'; font-size: 1.05em }\r\n.Frslagstext, .Hemstlatt, .Yrkande { margin-top:4pt; margin-left:36pt; margin-bottom:0pt; t-i:-18pt; line-height:15pt; font-size: 0.90em }\r\n.Header { margin-top:4pt; margin-bottom:0pt; line-height:normal; font-size: 0.90em }\r\n.IntenseQuote { margin:12pt 54pt; t-i:17pt; text-align:center; line-height:normal; font-size: 0.90em; color:#5b9bd5 }\r\n.KantRubrikS5H { margin-top:6pt; margin-right:2.85pt; margin-bottom:0pt; text-align:right; line-height:8pt; font-size: 0.90em }\r\n.KantRubrikS5Hrad2 { margin-top:0pt; margin-right:2.85pt; margin-bottom:0pt; text-align:right; line-height:10pt; font-size: 0.90em }\r\n.KantRubrikS5V { margin-top:6pt; margin-right:0pt; margin-bottom:0pt; text-align:left; line-height:8pt; font-size: 0.90em }\r\n.KantRubrikS5Vrad2 { margin-top:0pt; margin-right:0pt; margin-bottom:0pt; text-align:left; line-height:10pt; font-size: 0.90em }\r\n.KantrubrikH { margin-top:4pt; margin-right:0pt; margin-bottom:0pt; text-align:right; line-height:15pt; font-size: 0.90em }\r\n.KantrubrikV { margin-top:4pt; margin-left:0pt; margin-bottom:0pt; line-height:normal; font-size: 0.90em }\r\n.Klla { margin-top:0pt; margin-bottom:0pt; line-height:12pt; font-size: 0.90em }\r\n.Lagtext { margin-top:4pt; margin-bottom:0pt; t-i:0pt; line-height:normal; font-size: 0.90em }\r\n.Lagtextindrag { margin-top:4pt; margin-bottom:0pt; t-i:14.2pt; line-height:normal; font-size: 0.90em }\r\n.Lagtextrubrik { margin-top:4pt; margin-bottom:0pt; t-i:0pt; line-height:normal; font-size: 0.90em; font-style:italic; letter-spacing:1pt }\r\n.List { margin-top:7.5pt; margin-left:17pt; margin-bottom:7.5pt; t-i:-17pt; line-height:15pt; font-size: 0.90em }\r\n.ListBullet, .PunktlistaBomb { margin-top:4pt; margin-left:18pt; margin-bottom:0pt; t-i:-18pt; line-height:15pt; font-size: 0.90em }\r\n.ListNumber, .PunktlistaNummer { margin-top:4pt; margin-left:18pt; margin-bottom:0pt; t-i:-18pt; line-height:15pt; font-size: 0.90em }\r\n.ListParagraph { margin-top:0pt; margin-left:36pt; margin-bottom:0pt; t-i:17pt; line-height:15pt; font-size: 0.90em }\r\n.ListaGemener { margin-top:7.5pt; margin-left:36pt; margin-bottom:7.5pt; t-i:-19pt; line-height:15pt; font-size: 0.90em }\r\n.ListaLinje { margin-top:7.5pt; margin-left:36pt; margin-bottom:7.5pt; t-i:-19pt; line-height:15pt; font-size: 0.90em }\r\n.ListaNummer { margin-top:7.5pt; margin-left:36pt; margin-bottom:7.5pt; t-i:-19pt; line-height:15pt; font-size: 0.90em }\r\n.ListaPunkt { margin-top:7.5pt; margin-left:36pt; margin-bottom:7.5pt; t-i:-19pt; line-height:15pt; font-size: 0.90em }\r\n.MotionTIllRiksdagen { margin-top:18pt; margin-bottom:0pt; page-break-inside:avoid; page-break-after:avoid; line-height:19.5pt; font-size: 1.05em }\r\n.Motionr { margin-top:14pt; margin-bottom:31.5pt; page-break-inside:avoid; line-height:15pt; font-size: 1.00em; font-weight:bold; font-style:normal }\r\n.NoSpacing { margin-top:5pt; margin-bottom:0pt; line-height:normal }\r\n.NormalIndent { margin-top:0pt; margin-left:65.2pt; margin-bottom:0pt; t-i:17pt; line-height:15pt; font-size: 0.90em }\r\n.Normalutanindragellerluft { margin-top:4pt; margin-bottom:0pt; line-height:15pt; font-size: 0.90em }\r\n.Normal00 { margin-top:4pt; margin-bottom:0pt; line-height:normal; font-size: 0.90em }\r\n.NormalA4fot { margin-top:12pt; margin-bottom:0pt; text-align:center; line-height:normal; font-size: 0.90em }\r\n.NormalA4sidnr { margin-top:4pt; margin-bottom:12pt; text-align:center; line-height:normal; font-size: 0.90em }\r\n.NormalS5sidnrH { margin-top:4pt; margin-right:2.85pt; margin-bottom:0pt; text-align:right; line-height:normal; font-size: 0.90em }\r\n.NormalS5sidnrV { margin-top:4pt; margin-right:0pt; margin-bottom:0pt; text-align:left; line-height:normal; font-size: 0.90em }\r\n.PlainText { margin-top:0pt; margin-bottom:0pt; t-i:0pt; line-height:12pt; font-family:'Verdana'; font-size: 0.90em }\r\n.Strecklista, .PunktlistaTankstreck { margin-top:4pt; margin-left:36pt; margin-bottom:0pt; t-i:-18pt; line-height:15pt; font-size: 0.90em }\r\n.Quote { margin-top:7.5pt; margin-left:17pt; margin-bottom:0pt; line-height:12pt; font-size: 0.90em }\r\n.R1 { margin-top:41pt; margin-bottom:0pt; page-break-inside:avoid; page-break-after:avoid; line-height:19.5pt; font-family:'Verdana'; font-size: 1.05em }\r\n.R2 { margin-top:30pt; margin-bottom:0pt; page-break-inside:avoid; page-break-after:avoid; line-height:15pt; font-family:'Verdana'; font-size: 1.00em }\r\n.R3 { margin-top:18pt; margin-bottom:0pt; page-break-inside:avoid; page-break-after:avoid; line-height:15pt; font-family:'Verdana'; font-size: 0.90em; font-weight:bold }\r\n.Rubrik1numrerat { margin-top:41pt; margin-left:18pt; margin-bottom:0pt; t-i:-18pt; page-break-inside:auto; page-break-after:avoid; line-height:19.5pt; font-family:'Verdana'; font-size: 1.05em }\r\n.Rubrik2numrerat { margin-top:30pt; margin-left:39.6pt; margin-bottom:0pt; t-i:-39.6pt; page-break-inside:avoid; page-break-after:avoid; line-height:15pt; font-family:'Verdana'; font-size: 1.00em }\r\n.Rubrik3numrerat { margin-top:18pt; margin-left:61.2pt; margin-bottom:0pt; t-i:-61.2pt; page-break-inside:avoid; page-break-after:avoid; line-height:15pt; font-family:'Verdana'; font-size: 0.90em; font-weight:bold }\r\n.Rubrik4numrerat { margin-top:18pt; margin-left:82.2pt; margin-bottom:0pt; t-i:-82.2pt; page-break-inside:avoid; page-break-after:avoid; line-height:15pt; font-family:'Verdana'; font-size: 0.90em; font-weight:normal; font-style:italic }\r\n.RubrikFrslagTIllRiksdagsbeslut { margin-top:41pt; margin-bottom:15pt; page-break-inside:avoid; page-break-after:avoid; line-height:19.5pt; font-family:'Verdana'; font-size: 1.05em }\r\n.RubrikInnehllsf { margin-top:41pt; margin-bottom:0pt; page-break-inside:avoid; page-break-after:avoid; line-height:19.5pt; font-family:'Verdana'; font-size: 1.05em }\r\n.RubrikSammanf { margin-top:41pt; margin-bottom:0pt; page-break-inside:avoid; page-break-after:avoid; line-height:19.5pt; font-family:'Verdana'; font-size: 1.05em }\r\n.Salutation { margin-top:41pt; margin-bottom:0pt; page-break-inside:avoid; page-break-after:avoid; line-height:19.5pt; font-family:'Verdana'; font-size: 1.05em }\r\n.Streckkod { margin-top:12pt; margin-bottom:0pt; text-align:center; line-height:normal; font-family:IDAutomationHC39S; font-size: 1.00em }\r\n.Subtitle { margin-top:4pt; margin-bottom:0pt; line-height:15pt; font-family:'Verdana'; font-size: 0.90em; font-weight:bold }\r\n.TOC1 { margin-top:4pt; margin-bottom:0pt; line-height:15pt; font-size: 0.90em }\r\n.TOC2 { margin-top:4pt; margin-left:14.2pt; margin-bottom:0pt; line-height:15pt; font-size: 0.90em }\r\n.TOC3 { margin-top:4pt; margin-left:28.35pt; margin-bottom:0pt; line-height:15pt; font-size: 0.90em }\r\n.TOC4 { margin-top:4pt; margin-left:42.55pt; margin-bottom:0pt; line-height:15pt; font-size: 0.90em }\r\n.TOC5 { margin-top:4pt; margin-left:56.7pt; margin-bottom:0pt; line-height:15pt; font-size: 0.90em }\r\n.TOC6 { margin-top:4pt; margin-left:56.7pt; margin-bottom:0pt; line-height:15pt; font-size: 0.90em }\r\n.TOC7 { margin-top:15pt; margin-left:56.7pt; margin-bottom:0pt; t-i:14.2pt; page-break-inside:avoid; page-break-after:avoid; line-height:normal; font-family:'Verdana'; font-size: 0.90em; font-weight:normal; font-style:italic }\r\n.TOC8 { margin-top:15pt; margin-left:56.7pt; margin-bottom:0pt; t-i:14.2pt; page-break-inside:avoid; page-break-after:avoid; line-height:normal; font-family:'Verdana'; font-size: 0.90em; font-weight:normal; font-style:italic }\r\n.TOC9 { margin-top:15pt; margin-left:56.7pt; margin-bottom:0pt; t-i:14.2pt; page-break-inside:avoid; page-break-after:avoid; line-height:normal; font-family:'Verdana'; font-size: 0.90em; font-weight:normal; font-style:italic }\r\n.TOCHeading { margin-top:41pt; margin-bottom:0pt; page-break-inside:avoid; page-break-after:avoid; line-height:19.5pt; font-family:'Verdana'; font-size: 1.05em }\r\n.Tabellunderrubrik { margin-top:0pt; margin-bottom:0pt; line-height:15pt; font-size: 0.90em; font-weight:normal; font-style:italic }\r\n.Tabellrubrik { margin-top:7.5pt; margin-bottom:0pt; line-height:15pt; font-size: 0.90em; font-weight:bold }\r\n.Title { margin-top:41pt; margin-bottom:0pt; page-break-inside:avoid; page-break-after:avoid; line-height:19.5pt; font-family:'Verdana'; font-size: 1.05em }\r\n.Underskriftdatum { margin-top:24pt; margin-bottom:3pt; page-break-inside:avoid; line-height:15pt; font-size: 0.90em; font-style:normal }\r\n.Underskrifter { margin-top:15pt; margin-bottom:3pt; page-break-inside:avoid; line-height:15pt; font-size: 0.90em; font-style:italic }\r\nspan.BallongtextChar { font-family:'Segoe UI'; font-size: 0.90em }\r\nspan.BeteckningChar { font-size:19.5pt }\r\nspan.BookTitle { font-weight:bold; font-style:italic; letter-spacing:0pt }\r\nspan.CitatChar { font-size:12pt }\r\nspan.CommentReference { font-size:8pt }\r\nspan.Emphasis { text-transform:uppercase; letter-spacing:0.25pt; color:#1f4d78 }\r\nspan.FSHNormalChar { font-size:12pt }\r\nspan.FSHRub2Char, span.Rubrik1A4Char { font-size:24pt }\r\nspan.FrslagstextChar, span.HemstlattChar, span.YrkandeChar { font-size:12pt }\r\nspan.Hyperlink { text-decoration:underline; color:#0563c1 }\r\nspan.InledningChar { font-family:'Verdana'; font-size: 1.05em }\r\nspan.IntenseEmphasis { font-weight:bold; text-transform:uppercase; letter-spacing:0.5pt; color:#1f4d78 }\r\nspan.IntenseReference { font-weight:normal; font-style:normal; font-variant:normal; text-decoration:none; text-transform:none; letter-spacing:0pt; vertical-align:0pt; color:#000000; display:inline }\r\nspan.KommentarsmneChar { font-weight:bold }\r\nspan.MotionTIllRiksdagenChar { font-size:19.5pt }\r\nspan.NormalutanindragellerluftChar { font-size:12pt }\r\nspan.OformateradtextChar { font-family:'Verdana' }\r\nspan.PlaceholderText { color:#f4b083 }\r\nspan.Rubrik1Char { font-family:'Verdana'; font-size: 1.05em }\r\nspan.Rubrik2Char { font-family:'Verdana'; font-size: 1.00em }\r\nspan.Rubrik3Char { font-family:'Verdana'; font-size: 0.90em; font-weight:bold }\r\nspan.Rubrik4Char { font-family:'Verdana'; font-size: 0.90em; font-style:italic }\r\nspan.Rubrik5Char { font-family:'Verdana'; font-size: 0.90em; font-weight:bold }\r\nspan.Rubrik6Char { font-family:'Verdana'; font-size: 0.90em; font-style:italic }\r\nspan.Rubrik7Char { font-family:'Verdana'; font-size: 0.90em; font-style:italic }\r\nspan.Rubrik8Char { font-family:'Verdana'; font-size: 0.90em; font-style:italic }\r\nspan.Rubrik9Char { font-family:'Verdana'; font-size: 0.90em; font-style:italic }\r\nspan.RubrikChar { font-family:'Verdana'; font-size: 1.05em }\r\nspan.SidfotChar { font-size:11.5pt }\r\nspan.SidhuvudChar { font-size:12pt }\r\nspan.StarktcitatChar { font-size:12pt; color:#5b9bd5 }\r\nspan.Strong { font-weight:bold }\r\nspan.SubtleEmphasis { font-style:italic; color:#1f4d78 }\r\nspan.SubtleReference { font-weight:bold; color:#5b9bd5 }\r\nspan.UnderrubrikChar { font-family:'Verdana'; font-size: 0.90em; font-weight:bold }\r\n.TableGrid {  }\r\n\r\n.pconf{width: 450px;margin-left:5px;overflow:visable;font-family:Verdana, Geneva, sans-serif;} \r\n .sidhuvud_publikation, .sidhuvud_beteckning{font-size:133%}\r\n.MotionarLista {font-size:122%}\r\n\r\n--></style><div class=\"pconf\"><span class=\"sidhuvud_publikation\">Motion till riksdagen</span><br/>\r\n<span class=\"sidhuvud_beteckning\">2018/19:1378</span><br/>\r\n<span class=\"MotionarLista\">av Markus Wiechel m.fl. (SD)</span><br/>\r\n<h1>Mänskliga rättigheter i utrikespolitiken</h1>\r\n<hr class=\"sidhuvud_linje\"/>\r\n\r\n\r\n\t\t<div class=\"Section1\">\r\n\t\t\t<h1 style=\"margin-bottom:15pt; -aw-sdt-tag:CC_Boilerplate_4; -aw-sdt-title:CC_Boilerplate_4\">\r\n\t\t\t\t<span>Förslag till riksdagsbeslut</span>\r\n\t\t\t</h1>\r\n\t\t\t<ol type=\"1\" style=\"margin:0pt; padding-left:0pt\">\r\n\t\t\t\t<li class=\"Frslagstext\" style=\"margin-left:32pt; t-i:0pt; padding-left:4pt; font-family:'Verdana'; font-size: 0.90em\">\r\n\t\t\t\t\t<span style=\"font-family:'Verdana'; font-size: 0.90em\">Riksdagen ställer sig bakom det som anförs i motionen om att arbetet med mänskliga rättigheter i utvecklingsländer i högre grad ska prioritera de sociala och ekonomiska rättigheterna och tillkännager detta för regeringen.</span>\r\n\t\t\t\t</li>\r\n\t\t\t\t<li class=\"Frslagstext\" style=\"margin-left:32pt; t-i:0pt; padding-left:4pt; font-family:'Verdana'; font-size: 0.90em\">\r\n\t\t\t\t\t<span style=\"font-family:'Verdana'; font-size: 0.90em\">Riksdagen ställer sig bakom det som anförs i motionen om att verka för att fler stater lever upp till FN:s allmänna förklaring om mänskliga rättigheter, och detta tillkännager riksdagen för regeringen.</span>\r\n\t\t\t\t</li>\r\n\t\t\t\t<li class=\"Frslagstext\" style=\"margin-left:32pt; t-i:0pt; padding-left:4pt; font-family:'Verdana'; font-size: 0.90em\">\r\n\t\t\t\t\t<span style=\"font-family:'Verdana'; font-size: 0.90em\">Riksdagen ställer sig bakom det som anförs i motionen om att i arbetet för jämställdhet i högre grad verka för och lyfta upp sambandet mellan att skapa grundläggande förutsättningar för kvinnor och deras möjlighet till utveckling och tillkännager detta för regeringen.</span>\r\n\t\t\t\t</li>\r\n\t\t\t\t<li class=\"Frslagstext\" style=\"margin-left:32pt; t-i:0pt; padding-left:4pt; font-family:'Verdana'; font-size: 0.90em\">\r\n\t\t\t\t\t<span style=\"font-family:'Verdana'; font-size: 0.90em\">Riksdagen ställer sig bakom det som anförs i motionen om att i arbetet för jämställdhet ge högre prioritet åt satsningar för att bekämpa könsrelaterat och hedersrelaterat våld samt människohandel och tillkännager detta för regeringen.</span>\r\n\t\t\t\t</li>\r\n\t\t\t\t<li class=\"Frslagstext\" style=\"margin-left:32pt; t-i:0pt; padding-left:4pt; font-family:'Verdana'; font-size: 0.90em\">\r\n\t\t\t\t\t<span style=\"font-family:'Verdana'; font-size: 0.90em\">Riksdagen ställer sig bakom det som anförs i motionen om att Sverige i arbetet för flickors rättigheter i högre grad bör stödja insatser för att minska antalet flickaborter och tillkännager detta för regeringen.</span>\r\n\t\t\t\t</li>\r\n\t\t\t\t<li class=\"Frslagstext\" style=\"margin-left:32pt; t-i:0pt; padding-left:4pt; font-family:'Verdana'; font-size: 0.90em\">\r\n\t\t\t\t\t<span style=\"font-family:'Verdana'; font-size: 0.90em\">Riksdagen ställer sig bakom det som anförs i motionen om att bevara tyngden i begreppet mänskliga fri- och rättigheter och tillkännager detta för regeringen.</span>\r\n\t\t\t\t</li>\r\n\t\t\t\t<li class=\"Frslagstext\" style=\"margin-left:32pt; t-i:0pt; padding-left:4pt; font-family:'Verdana'; font-size: 0.90em\">\r\n\t\t\t\t\t<span style=\"font-family:'Verdana'; font-size: 0.90em\">Riksdagen ställer sig bakom det som anförs i motionen om att i högre grad uppmärksamma och verka för barns rättigheter och tillkännager detta för regeringen.</span>\r\n\t\t\t\t</li>\r\n\t\t\t\t<li class=\"Frslagstext\" style=\"margin-left:32pt; t-i:0pt; padding-left:4pt; font-family:'Verdana'; font-size: 0.90em\">\r\n\t\t\t\t\t<span style=\"font-family:'Verdana'; font-size: 0.90em\">Riksdagen ställer sig bakom det som anförs i motionen om att visa tydligt stöd för utsatta minoriteter och tillkännager detta för regeringen.</span>\r\n\t\t\t\t</li>\r\n\t\t\t\t<li class=\"Frslagstext\" style=\"margin-left:32pt; t-i:0pt; padding-left:4pt; font-family:'Verdana'; font-size: 0.90em\">\r\n\t\t\t\t\t<span style=\"font-family:'Verdana'; font-size: 0.90em\">Riksdagen ställer sig bakom det som anförs i motionen om att särskilt beakta bistånd och stöd till minoriteter och tillkännager detta för regeringen.</span>\r\n\t\t\t\t</li>\r\n\t\t\t</ol>\r\n\t\t\t<h1>\r\n\t\t\t\t<a name=\"MotionsStart\"></a><span>1 </span><span>Sociala och ekonomiska rättigheter </span>\r\n\t\t\t</h1>\r\n\t\t\t<p class=\"Normalutanindragellerluft\">\r\n\t\t\t\t<span>I regeringens arbete med mänskliga rättigheter finns ett tydligt fokus på medborger</span><span>liga och politiska rättigheter, </span><span>ett viktigt och bra arbete som </span><span>Sverigedemokraterna</span><span> stödjer. När det handlar om mänskliga rättigheter för människor i de minst utvecklade länderna menar vi dock att det är viktigt att verka för att ge människor grundläggande förutsättningar att över huvud taget ha möjlighet att förändra sin livssituation på andra områden. </span>\r\n\t\t\t</p>\r\n\t\t\t<p>\r\n\t\t\t\t<span>Flertalet fattiga människor lever på landsbygden där tillgång till livsmedel, rent vatten och säker sanitet kan vara avgörande för att nå en utveckling på andra områden och själv kunna kämpa för andra viktiga mänskliga rättigheter. Vi anser det därför viktigt att komma ihåg att även rätten till en skälig levnadsstandard, rätten till utbildning och rätten till hälsa är grundläggande mänskliga rättigheter enligt såväl FN:s allmänna förklaring av mänskliga rättigheter som den internationella konventionen om ekonomiska, sociala och kulturella rättigheter. Insatser för till exempel jordbruksutveckling för ökad livsmedelssäkerhet, rent vatten, grundläggande sanitet, utbildning och hälsa är också viktiga delar av arbetet för at</span><span>t främja mänskliga rättigheter.</span>\r\n\t\t\t</p>\r\n\t\t\t<h1>\r\n\t\t\t\t<span>2 </span><span>Universella mänskliga fri- och rättigheter och upprätthållande av begreppet </span>\r\n\t\t\t</h1>\r\n\t\t\t<p class=\"Normalutanindragellerluft\">\r\n\t\t\t\t<span>Vi anser att grundläggande mänskliga fri- och rättigheter är universella, lika viktiga och gällande för alla människor oavsett var de bor. Med den utgångspunkten vill vi exempelvis verka för att fler länder lever upp till hela FN:s deklaration om mänskliga rättigheter i stället för att med hänvisning till islam begränsa dessa i enlighet med Kairodeklarationen som år 1990 antogs av ett antal muslimska länder. I ett mer svenskt sammanhang ser Sverigedemokraterna däremot risken att begreppet mänskliga rättigheter urvattnas när det flitigt används för att beskriva rättigheter som svenska politiska partier ser som i och för sig önskvärda, men vilka saknar grund i internationell rätt. Vi vill därför reservera det här begreppet för rättigheter som faktiskt är internationellt erkända. </span>\r\n\t\t\t</p>\r\n\t\t\t<h1>\r\n\t\t\t\t<span>3 </span><span>Förutsättningar för jämställdhet </span>\r\n\t\t\t</h1>\r\n\t\t\t<p class=\"Normalutanindragellerluft\">\r\n\t\t\t\t<span>I regeringens jämställdhetsarbete framhålls kvinnors deltagande på den formella arbetsmarknaden och utmaningen i att motverka ekonomiskt utanförskap. I jämställdhetsarbetet i utvecklingsländer anser vi det viktigt att ge kvinnor de förutsättningar som behövs för att de över huvud taget ska ha en möjlighet att delta i utbildning och bli tillgängliga för den formella arbetsmarknaden. Idag ägnar många kvinnor i utvecklingsländer en stor del av sin tid åt överlevnad i form av att exempelvis hämta vatten och trygga livsmedelsförsörjningen för familjen, något som ofta sker under bristande sanitetsförhållanden som bidrar till ohälsa. Allt detta hindrar utvecklingen för kvinnor. Flickor väljer till exempel hellre att stanna hemma än att gå till skolan på grund av avsaknad av grundläggande sanitet på skolan. Flickor måste </span><span>stanna hemma för att hjälpa till med hushållsarbete istället för att gå till skolan och många barn blir sjuka och dör på grund av förorenat vatten. Regeringen bör i det svenska jämställdhetsarbetet och i internationella sammanhang tydligare lyfta fram detta samband i arbetet </span><span>för </span><span>att skapa förutsättningar för kvinnor att kunna förbättra sina levnadsvillkor och utvecklas på samma villkor som män. </span>\r\n\t\t\t</p>\r\n\t\t\t<h1>\r\n\t\t\t\t<span>4 </span><span>Våld mot kvinnor </span>\r\n\t\t\t</h1>\r\n\t\t\t<p class=\"Normalutanindragellerluft\">\r\n\t\t\t\t<span>I många länder har kvinnor en särskilt utsatt situation och utsätts för sexuella övergrepp och andra former av våldsyttringar samtidigt som de ofta har dålig tillgång till rättsväsendet. Att kvinnor riskerar att utsättas för hedersmord, lynchning eller offentlig avrättning på grund av våldtäkt eller sex utanför äktenskapet är oacceptabelt och något som vi i Sverige bör ta starkt avstånd ifrån och rikta insatser för att bekämpa. Att det dessutom saknas skydd och rättssäkerhet för kvinnor när de utsätts för dylika övergrepp gör naturligtvis saken ännu </span><span>värre</span><span>. Människohandel för sexuella ändamål innebär en grov kränkning av de drabbade. Att kvinnor och även män genom människohandel utnyttjas för sexuella ändamål är något som måste motverkas bl.a. genom internationell samverkan. Därför är detta insatser som i än högre grad bör prioriteras inom jämställdhetsarbetet. </span>\r\n\t\t\t</p>\r\n\t\t\t<h1>\r\n\t\t\t\t<span>5 </span><span>Flickaborter </span>\r\n\t\t\t</h1>\r\n\t\t\t<p class=\"Normalutanindragellerluft\">\r\n\t\t\t\t<span>Enligt de grundläggande principerna i FN:s barnkonvention ska barnets rätt till liv och utveckling och barnets bästa vara vägledande i alla beslut som rör barn. I flera länder i världen, bland annat Kina och Indien, </span><span>är det dock vanligt </span><span>förekomm</span><span>ande</span><span> </span><span>att</span><span> flickor väljs bort genom aborter. Könsselektiva aborter är fenomen som har sina rötter i ett klimat av diskriminering av kvinnor som strider mot grundläggande jämställdhetsvärderingar. Det kan också skapa obalans i antalet flickar och pojkar i de länder där könsselektion är vanligt förekommande. Kina har </span><span>som bekant stora problem med detta.</span><span> Situationen kommer förhoppningsvis för</span><span>bättras efter att Kina slopat ett</span><span>barnsregeln men preferensen för pojkar är fortfarande djupt kulturellt rotad. Sverigedemokraterna anser att Sverige i dialog med länder som exempelvis Kina samt internationella aktörer som Unicef bör verka för att minska antalet flickaborter. Sverigedemokraterna anser att det är en oacceptabel könsdiskriminering att flickor aborteras på grund av att de är just flickor och att detta ska motverkas. I arbetet för mänskliga rättigheter och barnens rättigheter för flickor borde det vara en mänsklig rättighet att inte aborteras för att man är av fel kön. </span>\r\n\t\t\t</p>\r\n\t\t\t<h1>\r\n\t\t\t\t<span>6 </span><span>Barnens rättigheter </span>\r\n\t\t\t</h1>\r\n\t\t\t<p class=\"Normalutanindragellerluft\">\r\n\t\t\t\t<span>Sverigedemokraterna anser även att barnens rättigheter bör få ta en mycket större plats i utrikespolitiken än vad de </span><span>gör</span><span> idag. Enligt organisationen Water</span><span>a</span><span>id </span><span>dör n</span><span>ästan 290</span><span> </span><span>000 barn under fem år varje år av diarrésjukdomar orsakade av smutsigt vatten och dålig sanitet. Det är runt 800</span><span> barn per dag, 33 barn i timman och</span><span> ett barn varannan minut</span><span>. </span><span>Många barn är offer för de värsta formerna av barnarbete, sexuellt utnyttjande, olika former av våld och diskriminering, barnäktenskap och könsstympning. Att barn ska behöva utsättas för sådan behandling är ofattbart och något som måste motverkas. De grundläggande principerna i FN:s barnkonvention om barne</span><span>ts rätt till liv och utveckling</span><span> och att barnets bästa ska vara vägledande i alla beslut som rör barn, ska vara centralt i arbetet för mänskliga rättigheter i andra länder.</span>\r\n\t\t\t</p>\r\n\t\t\t<h1>\r\n\t\t\t\t<span>7 </span><span>Minoriteter</span>\r\n\t\t\t</h1>\r\n\t\t\t<p class=\"Normalutanindragellerluft\">\r\n\t\t\t\t<span>Ofta lyckas människor överleva svåra situationer för att de håller ihop. Det handlar om att de med gemensamma intressen väljer att samverka för sin egen, sin familjs och sitt folks skull. Det är inte heller särskilt konstigt, då samarbete i alla tider gjort att människor har lyckats komma längre. Det finns dock ett betydande</span><span> problem för minoriteter, då de</span><span> inte minst i länder med en stor etnisk, religiös eller kulturell mångfald </span><span>är betydligt </span><span>färre</span><span> till antalet </span><span>jämfört med</span><span> majoritetsfolket och därför ibland betraktas som något annat än tillhörande det aktuella landet. </span>\r\n\t\t\t</p>\r\n\t\t\t<p>\r\n\t\t\t\t<span>Som exempel på utsatta minoriteter som är betydlig</span><span>t färre till antalet än andra </span><span>grupper i sitt land kan nämnas exempelvis yezidier, mandéer, turkmener, armenier, syrianer, judar, romer och shabaker i Irak och Syrien som idag tvingas utstå fruktansvärt förtryck. Kristna kan i många fall tillfälligt klara sig undan flykt, död eller att konvertera genom att betala ”jizya”, den muslimska skatt som exempelvis Islamiska </span><span>s</span><span>taten inrättade när de erövrat olika områden. Exempelvis yezidier är inte fullt så lyckliga, då de ses som djävulsdyrkare</span><span>,</span><span> vilket legitimerar de mest fanatiska islamisterna att använda unga flickor och kvinnor som sexslavar och småpojkar som barnsoldater. I grund och botten har yezidier</span><span>, enligt Islamiska staten,</span><span> inte rätt att leva. Just minoriteter har </span><span>det </span><span>därför, oavsett vilket land de kommer ifrån, i många fall extra svårt</span><span>,</span><span> när extremistgr</span><span>upper far fram eller när landet</span><span> styrs av totalitära, intoleranta och hänsynslösa ledare. Regeringen bör därför visa sitt tydliga stöd för utsatta minoriteter och särskilt beakta bistånd (och annat stöd) till minoriteter.</span>\r\n\t\t\t</p>\r\n\t\t\t<p style=\"-aw-sdt-tag:CC_Underskrifter; -aw-sdt-title:CC_Underskrifter\">\r\n\t\t\t\t<span> </span>\r\n\t\t\t</p>\r\n\t\t\t<p style=\"-aw-sdt-tag:CC_Underskrifter; -aw-sdt-title:CC_Underskrifter\">\r\n\t\t\t\t<span> </span>\r\n\t\t\t</p>\r\n\t\t\t<table cellspacing=\"0\" cellpadding=\"0\" style=\"border-collapse:collapse; margin-left:0pt; width:100%\">\r\n\t\t\t\t<tr>\r\n\t\t\t\t\t<td style=\"padding-left:5.4pt; padding-right:5.4pt; vertical-align:bottom; width:1%\">\r\n\t\t\t\t\t\t<p class=\"Underskrifter\" style=\"margin-top:15pt; margin-bottom:3pt; page-break-inside:avoid; line-height:15pt\">\r\n\t\t\t\t\t\t\t<span style=\"font-size:12pt; font-style:italic\">Markus Wiechel (SD)</span>\r\n\t\t\t\t\t\t</p>\r\n\t\t\t\t\t</td>\r\n\t\t\t\t\t<td style=\"padding-left:5.4pt; padding-right:5.4pt; vertical-align:bottom; width:1%\">\r\n\t\t\t\t\t\t<p class=\"Underskrifter\" style=\"margin-top:15pt; margin-bottom:3pt; page-break-inside:avoid; line-height:15pt\">\r\n\t\t\t\t\t\t\t<span style=\"font-size:12pt; font-style:italic\"> </span>\r\n\t\t\t\t\t\t</p>\r\n\t\t\t\t\t</td>\r\n\t\t\t\t</tr>\r\n\t\t\t\t<tr>\r\n\t\t\t\t\t<td style=\"padding-left:5.4pt; padding-right:5.4pt; vertical-align:bottom; width:1%\">\r\n\t\t\t\t\t\t<p class=\"Underskrifter\" style=\"margin-top:15pt; margin-bottom:0pt; page-break-inside:avoid; line-height:15pt\">\r\n\t\t\t\t\t\t\t<span style=\"font-size:12pt; font-style:italic\">Ludvig Aspling (SD)</span>\r\n\t\t\t\t\t\t</p>\r\n\t\t\t\t\t</td>\r\n\t\t\t\t\t<td style=\"padding-left:5.4pt; padding-right:5.4pt; vertical-align:bottom; width:1%\">\r\n\t\t\t\t\t\t<p class=\"Underskrifter\" style=\"margin-top:15pt; margin-bottom:0pt; page-break-inside:avoid; line-height:15pt\">\r\n\t\t\t\t\t\t\t<span style=\"font-size:12pt; font-style:italic\">Björn Söder (SD)</span>\r\n\t\t\t\t\t\t</p>\r\n\t\t\t\t\t</td>\r\n\t\t\t\t</tr>\r\n\t\t\t\t<tr>\r\n\t\t\t\t\t<td style=\"padding-left:5.4pt; padding-right:5.4pt; vertical-align:bottom; width:1%\">\r\n\t\t\t\t\t\t<p class=\"Underskrifter\" style=\"margin-top:15pt; margin-bottom:0pt; page-break-inside:avoid; line-height:15pt\">\r\n\t\t\t\t\t\t\t<span style=\"font-size:12pt; font-style:italic\">Lars Andersson (SD)</span>\r\n\t\t\t\t\t\t</p>\r\n\t\t\t\t\t</td>\r\n\t\t\t\t\t<td style=\"padding-left:5.4pt; padding-right:5.4pt; vertical-align:bottom; width:1%\">\r\n\t\t\t\t\t\t<p class=\"Underskrifter\" style=\"margin-top:15pt; margin-bottom:0pt; page-break-inside:avoid; line-height:15pt\">\r\n\t\t\t\t\t\t\t<span style=\"font-size:12pt; font-style:italic\">Tobias Andersson (SD)</span>\r\n\t\t\t\t\t\t</p>\r\n\t\t\t\t\t</td>\r\n\t\t\t\t</tr>\r\n\t\t\t\t<tr>\r\n\t\t\t\t\t<td style=\"padding-left:5.4pt; padding-right:5.4pt; vertical-align:bottom; width:1%\">\r\n\t\t\t\t\t\t<p class=\"Underskrifter\" style=\"margin-top:15pt; margin-bottom:0pt; page-break-inside:avoid; line-height:15pt\">\r\n\t\t\t\t\t\t\t<span style=\"font-size:12pt; font-style:italic\">Sara Seppälä (SD)</span>\r\n\t\t\t\t\t\t</p>\r\n\t\t\t\t\t</td>\r\n\t\t\t\t\t<td style=\"padding-left:5.4pt; padding-right:5.4pt; vertical-align:bottom; width:1%\">\r\n\t\t\t\t\t\t<p class=\"Underskrifter\" style=\"margin-top:15pt; margin-bottom:3pt; page-break-inside:avoid; line-height:15pt\">\r\n\t\t\t\t\t\t\t<span style=\"font-size:12pt; font-style:italic\"> </span>\r\n\t\t\t\t\t\t</p>\r\n\t\t\t\t\t</td>\r\n\t\t\t\t</tr>\r\n\t\t\t</table>\r\n\t\t\t<p>\r\n\t\t\t\t<span> </span>\r\n\t\t\t</p>\r\n\t\t</div>\r\n\t</div>"},"dokforslag":{"forslag":[{"nummer":"1","beteckning":null,"lydelse":"Riksdagen ställer sig bakom det som anförs i motionen om att arbetet med mänskliga rättigheter i utvecklingsländer i högre grad ska prioritera de sociala och ekonomiska rättigheterna och tillkännager detta för regeringen.","lydelse2":null,"utskottet":"Avslag","kammaren":"Avslag","behandlas_i":"2019/20:UU2","behandlas_i_punkt":null,"kammarbeslutstyp":null,"intressent":"UU","avsnitt":null,"grundforfattning":null,"andringsforfattning":null},{"nummer":"2","beteckning":null,"lydelse":"Riksdagen ställer sig bakom det som anförs i motionen om att verka för att fler stater lever upp till FN:s allmänna förklaring om mänskliga rättigheter, och detta tillkännager riksdagen för regeringen.","lydelse2":null,"utskottet":null,"kammaren":null,"behandlas_i":"2019/20:UU15","behandlas_i_punkt":null,"kammarbeslutstyp":null,"intressent":"UU","avsnitt":null,"grundforfattning":null,"andringsforfattning":null},{"nummer":"3","beteckning":null,"lydelse":"Riksdagen ställer sig bakom det som anförs i motionen om att i arbetet för jämställdhet i högre grad verka för och lyfta upp sambandet mellan att skapa grundläggande förutsättningar för kvinnor och deras möjlighet till utveckling och tillkännager detta för regeringen.","lydelse2":null,"utskottet":"Avslag","kammaren":"Avslag","behandlas_i":"2019/20:UU2","behandlas_i_punkt":null,"kammarbeslutstyp":null,"intressent":"UU","avsnitt":null,"grundforfattning":null,"andringsforfattning":null},{"nummer":"4","beteckning":null,"lydelse":"Riksdagen ställer sig bakom det som anförs i motionen om att i arbetet för jämställdhet ge högre prioritet åt satsningar för att bekämpa könsrelaterat och hedersrelaterat våld samt människohandel och tillkännager detta för regeringen.","lydelse2":null,"utskottet":"Avslag","kammaren":"Avslag","behandlas_i":"2019/20:UU2","behandlas_i_punkt":null,"kammarbeslutstyp":null,"intressent":"UU","avsnitt":null,"grundforfattning":null,"andringsforfattning":null},{"nummer":"5","beteckning":null,"lydelse":"Riksdagen ställer sig bakom det som anförs i motionen om att Sverige i arbetet för flickors rättigheter i högre grad bör stödja insatser för att minska antalet flickaborter och tillkännager detta för regeringen.","lydelse2":null,"utskottet":"Avslag","kammaren":"Avslag","behandlas_i":"2019/20:UU2","behandlas_i_punkt":null,"kammarbeslutstyp":null,"intressent":"UU","avsnitt":null,"grundforfattning":null,"andringsforfattning":null},{"nummer":"6","beteckning":null,"lydelse":"Riksdagen ställer sig bakom det som anförs i motionen om att bevara tyngden i begreppet mänskliga fri- och rättigheter och tillkännager detta för regeringen.","lydelse2":null,"utskottet":null,"kammaren":null,"behandlas_i":"2019/20:UU15","behandlas_i_punkt":null,"kammarbeslutstyp":null,"intressent":"UU","avsnitt":null,"grundforfattning":null,"andringsforfattning":null},{"nummer":"7","beteckning":null,"lydelse":"Riksdagen ställer sig bakom det som anförs i motionen om att i högre grad uppmärksamma och verka för barns rättigheter och tillkännager detta för regeringen.","lydelse2":null,"utskottet":null,"kammaren":null,"behandlas_i":"2019/20:UU15","behandlas_i_punkt":null,"kammarbeslutstyp":null,"intressent":"UU","avsnitt":null,"grundforfattning":null,"andringsforfattning":null},{"nummer":"8","beteckning":null,"lydelse":"Riksdagen ställer sig bakom det som anförs i motionen om att visa tydligt stöd för utsatta minoriteter och tillkännager detta för regeringen.","lydelse2":null,"utskottet":null,"kammaren":null,"behandlas_i":"2019/20:UU15","behandlas_i_punkt":null,"kammarbeslutstyp":null,"intressent":"UU","avsnitt":null,"grundforfattning":null,"andringsforfattning":null},{"nummer":"9","beteckning":null,"lydelse":"Riksdagen ställer sig bakom det som anförs i motionen om att särskilt beakta bistånd och stöd till minoriteter och tillkännager detta för regeringen.","lydelse2":null,"utskottet":"Avslag","kammaren":"Avslag","behandlas_i":"2019/20:UU2","behandlas_i_punkt":null,"kammarbeslutstyp":null,"intressent":"UU","avsnitt":null,"grundforfattning":null,"andringsforfattning":null}]},"dokaktivitet":{"aktivitet":[{"kod":"INL","namn":"Inlämnad","datum":"2018-11-28 12:11:57","status":"inträffat","ordning":"0","process":"behandling"},{"kod":"Granskad","namn":"Granskad","datum":"2018-11-28 13:55:30","status":"inträffat","ordning":"0","process":"behandling"},{"kod":"HÄN","namn":"Hänvisad","datum":"2018-12-05 00:00:00","status":"inträffat","ordning":"0","process":"behandling"}]},"dokintressent":{"intressent":[{"intressent_id":"0204240926023","namn":"Markus Wiechel","partibet":"SD","ordning":"1","roll":"undertecknare"},{"intressent_id":"0526748040023","namn":"Ludvig Aspling","partibet":"SD","ordning":"2","roll":"undertecknare"},{"intressent_id":"0452755722723","namn":"Björn Söder","partibet":"SD","ordning":"3","roll":"undertecknare"},{"intressent_id":"0254021157518","namn":"Lars Andersson","partibet":"SD","ordning":"4","roll":"undertecknare"},{"intressent_id":"086684470825","namn":"Tobias Andersson","partibet":"SD","ordning":"5","roll":"undertecknare"},{"intressent_id":"0338088431726","namn":"Sara Gille","partibet":"SD","ordning":"6","roll":"undertecknare"}]},"dokuppgift":{"uppgift":[{"kod":"motkat","namn":"Motionskategori","text":"Fristående motion","dok_id":"H6021378","systemdatum":"2020-01-31 14:58:05"},{"kod":"tilldelat","namn":"Tilldelat","text":"Utrikesutskottet","dok_id":"H6021378","systemdatum":"2020-01-31 14:58:05"},{"kod":"statustext","namn":"statustext","text":"Motionen bereds i utskott","dok_id":"H6021378","systemdatum":"2019-05-16 15:23:55"}]},"dokbilaga":{"bilaga":[{"dok_id":"H6021378","titel":"Mänskliga rättigheter i utrikespolitiken","subtitel":"av Markus Wiechel m.fl. (SD)","filnamn":"mot_201819__1378.docx","filstorlek":"72429","filtyp":"docx","fil_url":"http://data.riksdagen.se/fil/35E42FDD-573D-46CB-AA7F-73192DC340A1"},{"dok_id":"H6021378","titel":"Mänskliga rättigheter i utrikespolitiken","subtitel":"av Markus Wiechel m.fl. (SD)","filnamn":"mot_201819__1378.pdf","filstorlek":"92587","filtyp":"pdf","fil_url":"http://data.riksdagen.se/fil/30AFEA7D-8A5F-43BB-BE7B-3BD0A125916E"}]},"dokreferens":{"referens":[{"referenstyp":"behandlas_i","uppgift":"2018/19:UU2","ref_dok_id":"H601UU2","ref_dok_typ":"bet","ref_dok_rm":"2018/19","ref_dok_bet":"UU2","ref_dok_titel":"Utgiftsområde 7 Internationellt bistånd","ref_dok_subtitel":null,"ref_dok_subtyp":"bet","ref_dok_dokumentnamn":"Betänkande"},{"referenstyp":"behandlas_i","uppgift":"2019/20:UU2","ref_dok_id":"H701UU2","ref_dok_typ":"bet","ref_dok_rm":"2019/20","ref_dok_bet":"UU2","ref_dok_titel":"Utgiftsområde 7 Internationellt bistånd","ref_dok_subtitel":null,"ref_dok_subtyp":"bet","ref_dok_dokumentnamn":"Betänkande"},{"referenstyp":"behandlas_i","uppgift":"2019/20:UU15","ref_dok_id":"H701UU15","ref_dok_typ":"bet","ref_dok_rm":"2019/20","ref_dok_bet":"UU15","ref_dok_titel":"Mänskliga rättigheter","ref_dok_subtitel":null,"ref_dok_subtyp":"bet","ref_dok_dokumentnamn":"Betänkande"}]},"debatt":null}}