{"dokumentstatus":{"dokument":{"hangar_id":"5007635","dok_id":"H602128","rm":"2018/19","beteckning":"128","typ":"mot","subtyp":"Kommittémotion","doktyp":"mot","typrubrik":"Motion 2018/19:128 av Birger Lahti m.fl. (V)","dokumentnamn":"Motion","debattnamn":"Motion","tempbeteckning":"V280","organ":"NU","mottagare":"","nummer":"128","slutnummer":"0","datum":"2018-10-22 00:00:00","systemdatum":"2019-05-09 16:46:41","publicerad":"2018-10-22 00:00:00","titel":"Förbud mot brytning av alunskiffer","subtitel":"av Birger Lahti m.fl. (V)","status":"Klar","htmlformat":"html","relaterat_id":"","source":"Filur","sourceid":"c067965e-8798-479b-8b38-37cf1a3684b5","dokument_url_text":"http://data.riksdagen.se/dokument/H602128/text","dokument_url_html":"http://data.riksdagen.se/dokument/H602128","dokumentstatus_url_xml":"http://data.riksdagen.se/dokumentstatus/H602128","html":"<style><!-- \r\n /********************************************************************************************************/\r\n/* Styles for D:\\Logs\\DocumentConverter\\\\Output_bc1b238b-5fc4-4602-96d4-a130fc027122\\HTML\\Dokument.html */\r\n/* Generated by Aspose.Words for .NET 15.3.0.0                                                          */\r\n/********************************************************************************************************/\r\n\r\n@page Section1 { size:595.3pt 841.9pt; margin:35.45pt 85.05pt }\r\ndiv.Section1 { page:Section1 }\r\ndiv.pconf body { t-i:17pt; line-height:15pt; font-family:'Verdana'; font-size: 0.90em }\r\ndiv.pconf h1, h2, h3, h4, h5, h6, p { margin:0pt }\r\ndiv.pconf li, table { margin-top:0pt; margin-bottom:0pt }\r\ndiv.pconf h1 { margin-top:41pt; margin-left:21.6pt; margin-bottom:0pt; t-i:14.2pt; page-break-inside:avoid; page-break-after:avoid; line-height:19.5pt; font-family:'Verdana'; font-size: 1.05em; font-weight:normal }\r\ndiv.pconf h2 { margin-top:30pt; margin-left:28.8pt; margin-bottom:0pt; t-i:-28.8pt; page-break-inside:avoid; page-break-after:avoid; line-height:15pt; font-family:'Verdana'; font-size: 1.00em; font-weight:normal }\r\ndiv.pconf h3 { margin-top:18pt; margin-left:36pt; margin-bottom:0pt; t-i:-36pt; page-break-inside:avoid; page-break-after:avoid; line-height:15pt; font-family:'Verdana'; font-size: 0.90em; font-weight:bold }\r\ndiv.pconf h4 { margin-top:18pt; margin-left:43.2pt; margin-bottom:0pt; t-i:-43.2pt; page-break-inside:avoid; page-break-after:avoid; line-height:15pt; font-family:'Verdana'; font-size: 0.90em; font-weight:normal; font-style:italic }\r\ndiv.pconf h5 { margin-top:15pt; margin-left:50.4pt; margin-bottom:0pt; t-i:-50.4pt; page-break-inside:avoid; page-break-after:avoid; line-height:15pt; font-family:'Verdana'; font-size: 0.90em; font-weight:bold; font-style:normal }\r\ndiv.pconf h6 { margin-top:15pt; margin-left:57.6pt; margin-bottom:0pt; t-i:-57.6pt; page-break-inside:avoid; page-break-after:avoid; line-height:15pt; font-family:'Verdana'; font-size: 0.90em; font-weight:normal; font-style:italic }\r\n.Heading7 { margin-top:15pt; margin-left:64.8pt; margin-bottom:0pt; t-i:-64.8pt; page-break-inside:avoid; page-break-after:avoid; line-height:15pt; font-family:'Verdana'; font-size: 0.90em; font-weight:normal; font-style:italic }\r\n.Heading8 { margin-top:15pt; margin-left:72pt; margin-bottom:0pt; t-i:-72pt; page-break-inside:avoid; page-break-after:avoid; line-height:15pt; font-family:'Verdana'; font-size: 0.90em; font-weight:normal; font-style:italic }\r\n.Heading9 { margin-top:0pt; margin-left:79.2pt; margin-bottom:0pt; t-i:-79.2pt; page-break-inside:avoid; page-break-after:avoid; line-height:15pt; font-family:'Verdana'; font-size: 0.90em; font-weight:normal; font-style:italic }\r\n.BalloonText { margin-bottom:0pt; t-i:17pt; line-height:normal; font-family:'Segoe UI'; font-size: 0.90em }\r\n.Beteckning { margin-top:18pt; margin-bottom:0pt; t-i:14.2pt; page-break-inside:auto; page-break-after:auto; line-height:19.5pt; font-size: 1.05em }\r\n.BlockText, .Inramatstycke { margin-right:56.7pt; margin-left:56.7pt; margin-bottom:0pt; t-i:0pt; text-align:nojustify; line-height:15pt; border-top-style:solid; border-top-width:0.75pt; border-top-color:#000000; border-right-style:solid; border-right-width:0.75pt; border-right-color:#000000; border-left-style:solid; border-left-width:0.75pt; border-left-color:#000000; border-bottom-style:solid; border-bottom-width:0.75pt; border-bottom-color:#000000; padding-top:10pt; padding-right:10pt; padding-left:10pt; padding-bottom:10pt; font-size: 0.90em; font-style:italic }\r\n.Citaticitat { margin-top:7.5pt; margin-left:34pt; margin-bottom:0pt; t-i:0pt; line-height:12pt; font-size: 0.90em }\r\n.Citaticitatmedindrag { margin-top:0pt; margin-left:34pt; margin-bottom:7.5pt; t-i:17pt; line-height:12pt; font-size: 0.90em }\r\n.Citatmedindrag { margin-top:0pt; margin-left:17pt; margin-bottom:0pt; t-i:17pt; line-height:12pt; font-size: 0.90em }\r\n.CommentSubject { margin-bottom:0pt; t-i:17pt; line-height:normal; font-size: 0.90em; font-weight:bold }\r\n.CommentText { margin-bottom:0pt; t-i:17pt; line-height:normal; font-size: 0.90em }\r\n.FSHTitel, .Dokumentrubrik { margin-top:4pt; margin-bottom:4pt; t-i:0pt; page-break-inside:avoid; page-break-after:avoid; line-height:20pt; border-bottom-style:solid; border-bottom-width:0.75pt; border-bottom-color:#000000; padding-bottom:3pt; font-size: 1.05em }\r\n.FSHLogo { margin-top:4pt; margin-bottom:0pt; t-i:0pt; line-height:normal; font-size: 0.90em }\r\n.FSHNormL { margin-top:4pt; margin-bottom:0pt; t-i:0pt; line-height:15pt; border-top-style:solid; border-top-width:1.5pt; border-top-color:#000000; padding-top:3pt; font-size: 0.90em }\r\n.FSHNormal { margin-top:4pt; margin-bottom:0pt; t-i:0pt; line-height:15pt; font-size: 0.90em }\r\n.FSHNormalS5 { margin-top:11.5pt; margin-bottom:26pt; t-i:0pt; page-break-inside:avoid; page-break-after:avoid; line-height:12.5pt; font-size: 0.95em; font-weight:bold }\r\n.FSHRub1, .Rubrik1S5 { margin-top:135pt; margin-bottom:0pt; t-i:0pt; page-break-inside:avoid; page-break-after:avoid; line-height:16pt; font-size: 1.00em }\r\n.FSHRub2, .Rubrik1A4 { margin-top:50pt; margin-bottom:5pt; t-i:0pt; page-break-inside:avoid; page-break-after:avoid; line-height:24pt; font-size: 1.05em }\r\n.Footer { margin-top:4pt; margin-bottom:0pt; t-i:0pt; text-align:center; line-height:normal; font-size: 0.90em }\r\n.FootnoteText { margin-top:0pt; margin-bottom:0pt; t-i:0pt; line-height:12pt; font-size: 0.90em }\r\n.Yrkandehnv, .Frslagspunkthnv { margin-bottom:0pt; t-i:0pt; page-break-inside:avoid; page-break-after:avoid; font-size: 0.90em }\r\n.Frslagsrubrik { margin-top:41pt; margin-left:0pt; margin-bottom:0pt; t-i:0pt; page-break-inside:avoid; page-break-after:avoid; line-height:19.5pt; font-family:'Verdana'; font-size: 1.05em }\r\n.Frslagstext, .Hemstlatt, .Yrkande { margin-top:4pt; margin-left:19.85pt; margin-bottom:0pt; t-i:-19.85pt; line-height:15pt; font-size: 0.90em }\r\n.Header { margin-top:4pt; margin-bottom:0pt; t-i:0pt; line-height:normal; font-size: 0.90em }\r\n.KantRubrikS5H { margin-top:6pt; margin-right:2.85pt; margin-bottom:0pt; t-i:0pt; text-align:right; line-height:8pt; font-size: 0.90em }\r\n.KantRubrikS5Hrad2 { margin-top:0pt; margin-right:2.85pt; margin-bottom:0pt; t-i:0pt; text-align:right; line-height:10pt; font-size: 0.90em }\r\n.KantRubrikS5V { margin-top:6pt; margin-right:0pt; margin-bottom:0pt; t-i:0pt; text-align:left; line-height:8pt; font-size: 0.90em }\r\n.KantRubrikS5Vrad2 { margin-top:0pt; margin-right:0pt; margin-bottom:0pt; t-i:0pt; text-align:left; line-height:10pt; font-size: 0.90em }\r\n.KantrubrikH { margin-top:4pt; margin-right:0pt; margin-bottom:0pt; t-i:0pt; text-align:right; line-height:15pt; font-size: 0.90em }\r\n.KantrubrikV { margin-top:4pt; margin-left:0pt; margin-bottom:0pt; t-i:0pt; line-height:normal; font-size: 0.90em }\r\n.Klla { margin-top:0pt; margin-bottom:0pt; t-i:0pt; line-height:12pt; font-size: 0.90em }\r\n.Lagtext { margin-top:4pt; margin-bottom:0pt; t-i:0pt; line-height:normal; font-size: 0.90em }\r\n.Lagtextindrag { margin-top:4pt; margin-bottom:0pt; t-i:14.2pt; line-height:normal; font-size: 0.90em }\r\n.Lagtextrubrik { margin-top:4pt; margin-bottom:0pt; t-i:0pt; line-height:normal; font-size: 0.90em; font-style:italic; letter-spacing:1pt }\r\n.List { margin-top:7.5pt; margin-left:17pt; margin-bottom:7.5pt; t-i:-17pt; line-height:15pt; font-size: 0.90em }\r\n.ListBullet, .PunktlistaBomb { margin-top:4pt; margin-left:14.2pt; margin-bottom:0pt; t-i:-14.2pt; line-height:15pt; font-size: 0.90em }\r\n.ListNumber, .PunktlistaNummer { margin-top:4pt; margin-left:14.2pt; margin-bottom:0pt; t-i:-14.2pt; line-height:15pt; font-size: 0.90em }\r\n.ListParagraph { margin-left:36pt; margin-bottom:0pt; t-i:17pt; line-height:15pt; font-size: 0.90em }\r\n.ListaGemener { margin-top:7.5pt; margin-left:17pt; margin-bottom:7.5pt; t-i:-17pt; line-height:15pt; font-size: 0.90em }\r\n.ListaLinje { margin-top:7.5pt; margin-left:17pt; margin-bottom:7.5pt; t-i:-17pt; line-height:15pt; font-size: 0.90em }\r\n.ListaNummer { margin-top:7.5pt; margin-left:17pt; margin-bottom:7.5pt; t-i:-17pt; line-height:15pt; font-size: 0.90em }\r\n.ListaPunkt { margin-top:7.5pt; margin-left:17pt; margin-bottom:7.5pt; t-i:-17pt; line-height:15pt; font-size: 0.90em }\r\n.MotionTIllRiksdagen { margin-top:18pt; margin-bottom:0pt; t-i:0pt; page-break-inside:avoid; page-break-after:avoid; line-height:19.5pt; font-size: 1.05em }\r\n.Motionr { margin-top:14pt; margin-bottom:31.5pt; t-i:0pt; page-break-inside:avoid; line-height:15pt; font-size: 1.00em; font-weight:bold; font-style:normal }\r\n.NormalIndent { margin-left:65.2pt; margin-bottom:0pt; t-i:17pt; line-height:15pt; font-size: 0.90em }\r\n.Normalutanindragellerluft { margin-top:4pt; margin-bottom:0pt; t-i:0pt; line-height:15pt; font-size: 0.90em }\r\n.Normal00 { margin-top:4pt; margin-bottom:0pt; t-i:0pt; line-height:normal; font-size: 0.90em }\r\n.NormalA4fot { margin-top:12pt; margin-bottom:0pt; t-i:0pt; text-align:center; line-height:normal; font-size: 0.90em }\r\n.NormalA4sidnr { margin-top:4pt; margin-bottom:12pt; t-i:0pt; text-align:center; line-height:normal; font-size: 0.90em }\r\n.NormalS5sidnrH { margin-top:4pt; margin-right:2.85pt; margin-bottom:0pt; t-i:0pt; text-align:right; line-height:normal; font-size: 0.90em }\r\n.NormalS5sidnrV { margin-top:4pt; margin-right:0pt; margin-bottom:0pt; t-i:0pt; text-align:left; line-height:normal; font-size: 0.90em }\r\n.PlainText { margin-bottom:0pt; t-i:0pt; line-height:12pt; font-family:'Verdana'; font-size: 0.90em }\r\n.Strecklista, .PunktlistaTankstreck { margin-top:4pt; margin-left:14.2pt; margin-bottom:0pt; t-i:-14.2pt; line-height:15pt; font-size: 0.90em }\r\n.Quote { margin-top:7.5pt; margin-left:17pt; margin-bottom:0pt; t-i:0pt; line-height:12pt; font-size: 0.90em }\r\n.R1 { margin-top:41pt; margin-left:0pt; margin-bottom:0pt; t-i:0pt; page-break-inside:avoid; page-break-after:avoid; line-height:19.5pt; font-family:'Verdana'; font-size: 1.05em }\r\n.R2 { margin-top:30pt; margin-left:0pt; margin-bottom:0pt; t-i:0pt; page-break-inside:avoid; page-break-after:avoid; line-height:15pt; font-family:'Verdana'; font-size: 1.00em }\r\n.R3 { margin-top:18pt; margin-left:0pt; margin-bottom:0pt; t-i:0pt; page-break-inside:avoid; page-break-after:avoid; line-height:15pt; font-family:'Verdana'; font-size: 0.90em; font-weight:bold }\r\n.Rubrik1numrerat { margin-top:41pt; margin-left:18pt; margin-bottom:0pt; t-i:-18pt; page-break-inside:auto; page-break-after:avoid; line-height:19.5pt; font-family:'Verdana'; font-size: 1.05em }\r\n.Rubrik2numrerat { margin-top:30pt; margin-left:39.6pt; margin-bottom:0pt; t-i:-39.6pt; page-break-inside:avoid; page-break-after:avoid; line-height:15pt; font-family:'Verdana'; font-size: 1.00em }\r\n.Rubrik3numrerat { margin-top:18pt; margin-left:61.2pt; margin-bottom:0pt; t-i:-61.2pt; page-break-inside:avoid; page-break-after:avoid; line-height:15pt; font-family:'Verdana'; font-size: 0.90em; font-weight:bold }\r\n.Rubrik4numrerat { margin-top:18pt; margin-left:82.2pt; margin-bottom:0pt; t-i:-82.2pt; page-break-inside:avoid; page-break-after:avoid; line-height:15pt; font-family:'Verdana'; font-size: 0.90em; font-weight:normal; font-style:italic }\r\n.RubrikFrslagTIllRiksdagsbeslut { margin-top:41pt; margin-left:0pt; margin-bottom:15pt; t-i:0pt; page-break-inside:avoid; page-break-after:avoid; line-height:19.5pt; font-family:'Verdana'; font-size: 1.05em }\r\n.RubrikInnehllsf { margin-top:41pt; margin-left:0pt; margin-bottom:0pt; t-i:0pt; page-break-inside:avoid; page-break-after:avoid; line-height:19.5pt; font-family:'Verdana'; font-size: 1.05em }\r\n.RubrikSammanf { margin-top:41pt; margin-left:0pt; margin-bottom:0pt; t-i:0pt; page-break-inside:avoid; page-break-after:avoid; line-height:19.5pt; font-family:'Verdana'; font-size: 1.05em }\r\n.Salutation { margin-top:41pt; margin-left:0pt; margin-bottom:0pt; t-i:0pt; page-break-inside:avoid; page-break-after:avoid; line-height:19.5pt; font-family:'Verdana'; font-size: 1.05em }\r\n.Streckkod { margin-top:12pt; margin-bottom:0pt; t-i:0pt; text-align:center; line-height:normal; font-family:IDAutomationHC39S; font-size: 1.00em }\r\n.Subtitle { margin-top:4pt; margin-bottom:0pt; t-i:0pt; line-height:15pt; font-family:'Verdana'; font-size: 0.90em; font-weight:bold }\r\n.TOC1 { margin-top:4pt; margin-bottom:0pt; t-i:0pt; line-height:15pt; font-size: 0.90em }\r\n.TOC2 { margin-top:4pt; margin-left:14.2pt; margin-bottom:0pt; t-i:0pt; line-height:15pt; font-size: 0.90em }\r\n.TOC3 { margin-top:4pt; margin-left:28.35pt; margin-bottom:0pt; t-i:0pt; line-height:15pt; font-size: 0.90em }\r\n.TOC4 { margin-top:4pt; margin-left:42.55pt; margin-bottom:0pt; t-i:0pt; line-height:15pt; font-size: 0.90em }\r\n.TOC5 { margin-top:4pt; margin-left:56.7pt; margin-bottom:0pt; t-i:0pt; line-height:15pt; font-size: 0.90em }\r\n.TOC6 { margin-top:4pt; margin-left:56.7pt; margin-bottom:0pt; t-i:0pt; line-height:15pt; font-size: 0.90em }\r\n.TOC7 { margin-top:15pt; margin-left:56.7pt; margin-bottom:0pt; t-i:14.2pt; page-break-inside:avoid; page-break-after:avoid; line-height:normal; font-family:'Verdana'; font-size: 0.90em; font-weight:normal; font-style:italic }\r\n.TOC8 { margin-top:15pt; margin-left:56.7pt; margin-bottom:0pt; t-i:14.2pt; page-break-inside:avoid; page-break-after:avoid; line-height:normal; font-family:'Verdana'; font-size: 0.90em; font-weight:normal; font-style:italic }\r\n.TOC9 { margin-top:15pt; margin-left:56.7pt; margin-bottom:0pt; t-i:14.2pt; page-break-inside:avoid; page-break-after:avoid; line-height:normal; font-family:'Verdana'; font-size: 0.90em; font-weight:normal; font-style:italic }\r\n.TOCHeading { margin-top:41pt; margin-left:0pt; margin-bottom:0pt; t-i:0pt; page-break-inside:avoid; page-break-after:avoid; line-height:19.5pt; font-family:'Verdana'; font-size: 1.05em }\r\n.Tabellunderrubrik { margin-top:0pt; margin-bottom:0pt; t-i:0pt; line-height:15pt; font-size: 0.90em; font-weight:normal; font-style:italic }\r\n.Tabellrubrik { margin-top:7.5pt; margin-bottom:0pt; t-i:0pt; line-height:15pt; font-size: 0.90em; font-weight:bold }\r\n.Title { margin-top:41pt; margin-left:0pt; margin-bottom:0pt; t-i:0pt; page-break-inside:avoid; page-break-after:avoid; line-height:19.5pt; font-family:'Verdana'; font-size: 1.05em }\r\n.Underskriftdatum { margin-top:24pt; margin-bottom:3pt; t-i:0pt; page-break-inside:avoid; line-height:15pt; font-size: 0.90em; font-style:normal }\r\n.Underskrifter { margin-top:15pt; margin-bottom:3pt; t-i:0pt; page-break-inside:avoid; line-height:15pt; font-size: 0.90em; font-style:italic }\r\nspan.BallongtextChar { font-family:'Segoe UI'; font-size: 0.90em }\r\nspan.BeteckningChar { font-size:19.5pt }\r\nspan.CommentReference { font-size:8pt }\r\nspan.FSHRub2Char, span.Rubrik1A4Char { font-size:24pt }\r\nspan.FotnotstextChar { font-size:10pt }\r\nspan.InledningChar { font-family:'Verdana'; font-size: 1.00em; font-weight:bold }\r\nspan.IntenseReference { font-weight:normal; font-style:normal; font-variant:normal; text-decoration:none; text-transform:none; letter-spacing:0pt; vertical-align:0pt; color:#000000; display:inline }\r\nspan.KommentarerChar { font-size:10pt }\r\nspan.KommentarsmneChar { font-size:10pt; font-weight:bold }\r\nspan.MotionTIllRiksdagenChar { font-size:19.5pt }\r\nspan.OformateradtextChar { font-family:'Verdana'; font-size: 0.90em }\r\nspan.PlaceholderText { color:#f4b083 }\r\nspan.Rubrik1Char { font-family:'Verdana'; font-size: 1.05em }\r\nspan.Rubrik2Char { font-family:'Verdana'; font-size: 1.00em; font-weight:bold }\r\nspan.Rubrik3Char { font-family:'Verdana'; font-size: 0.90em; font-weight:bold }\r\nspan.Rubrik4Char { font-family:'Verdana'; font-size: 0.90em; font-style:italic }\r\nspan.Rubrik5Char { font-family:'Verdana'; font-weight:bold }\r\nspan.Rubrik6Char { font-family:'Verdana'; font-style:italic }\r\nspan.Rubrik7Char { font-family:'Verdana'; font-size: 0.90em; font-weight:bold }\r\nspan.Rubrik8Char { font-family:'Verdana'; font-size: 0.90em; font-weight:bold }\r\nspan.Rubrik9Char { font-family:'Verdana'; font-size: 0.90em; font-weight:bold }\r\nspan.RubrikChar { font-family:'Verdana'; font-size: 1.00em; font-weight:bold }\r\nspan.SidfotChar { font-size:11.5pt }\r\nspan.UnderrubrikChar { font-family:'Verdana'; font-size: 0.90em; font-weight:bold }\r\n.TableGrid {  }\r\n\r\n.pconf{width: 450px;margin-left:5px;overflow:visable;font-family:Verdana, Geneva, sans-serif;} \r\n .sidhuvud_publikation, .sidhuvud_beteckning{font-size:133%}\r\n.MotionarLista {font-size:122%}\r\n\r\n--></style><div class=\"pconf\"><span class=\"sidhuvud_publikation\">Motion till riksdagen</span><br/>\r\n<span class=\"sidhuvud_beteckning\">2018/19:128</span><br/>\r\n<span class=\"MotionarLista\">av Birger Lahti m.fl. (V)</span><br/>\r\n<h1>Förbud mot brytning av alunskiffer</h1>\r\n<hr class=\"sidhuvud_linje\"/>\r\n\r\n\r\n\t\t<div class=\"Section1\">\r\n\t\t\t<h1 style=\"margin-left:21.6pt; t-i:14.2pt\">\r\n\t\t\t\t<span>1</span><span style=\"font:7.0pt 'Verdana'\">        </span><span>Förslag till riksdagsbeslut</span>\r\n\t\t\t</h1>\r\n\t\t\t<ol type=\"1\" style=\"margin:0pt; padding-left:0pt\">\r\n\t\t\t\t<li class=\"Frslagstext\" style=\"margin-left:14pt; t-i:0pt; padding-left:5.85pt; font-family:'Verdana'; font-size: 0.90em\">\r\n\t\t\t\t\t<span style=\"font-family:'Verdana'; font-size: 0.90em\">Riksdagen ställer sig bakom det som anförs i motionen om att minerallagen bör ändras så att ett nationellt förbud mot brytning av alunskiffer införs och tillkännager detta för regeringen.</span>\r\n\t\t\t\t</li>\r\n\t\t\t\t<li class=\"Frslagstext\" style=\"margin-left:14pt; t-i:0pt; padding-left:5.85pt; font-family:'Verdana'; font-size: 0.90em\">\r\n\t\t\t\t\t<span style=\"font-family:'Verdana'; font-size: 0.90em\">Riksdagen ställer sig bakom det som anförs i motionen om att ett förbud mot frackning i syfte att bryta fossila bränslen snarast bör inrättas och tillkännager detta för regeringen.</span>\r\n\t\t\t\t</li>\r\n\t\t\t</ol>\r\n\t\t\t<h1 style=\"margin-left:21.6pt; t-i:14.2pt\">\r\n\t\t\t\t<span>2</span><span style=\"font:7.0pt 'Verdana'\">        </span><a name=\"MotionsStart\"></a><span>Vikten av en långsiktig </span><span>gruvnäring</span>\r\n\t\t\t</h1>\r\n\t\t\t<p class=\"Normalutanindragellerluft\">\r\n\t\t\t\t<span>Gruvindustrin är en strategiskt viktig näring för Sverige. Inte minst i regioner som tidigare drabbats av hög arbetslöshet och utflyttning. En modernisering av det svenska samhället, där vi möter de miljö- och klimatutmaningar vi står inför, måste innebära att även gruvnäringen utvecklas i samklang med övriga delar av samhället. </span>\r\n\t\t\t</p>\r\n\t\t\t<p>\r\n\t\t\t\t<span>Behovet av att ställa om till ett hållbart samhälle kommer att kräva nya ämnen och material. Sverige har med sin gruvindustri goda chanser att gå före i den utvecklingen, inte minst vad gäller ny teknik för energilagring. Samtidigt har gruvbrytning en mycket stor påverkan på miljö och omgivande samhällen. Det innebär att samhällsnyttan även måste omfatta klimat- och miljöåtgärder för att minska miljöskadlig påverkan på omgivningen. </span>\r\n\t\t\t</p>\r\n\t\t\t<p>\r\n\t\t\t\t<span>Den svenska gruvnäringen har i en interna</span><span>tionell jämförelse låga utsläpp. Det är</span><span> dock </span><span>angeläget att de</span><span> fortsatt </span><span>minskar i </span><span>snabb </span><span>takt</span><span>. En ökad gruvbrytning får inte heller minska våra ansträngningar för att skapa ett mer resurssnålt samhälle. För att nå klimatmålen måste de flesta av de globalt sett kända fyndigheterna av fo</span><span>ssila bränslen stanna i marken.</span>\r\n\t\t\t</p>\r\n\t\t\t<h2 style=\"margin-left:28.8pt; t-i:-28.8pt\">\r\n\t\t\t\t<span>2.1</span><span style=\"font:7.0pt 'Verdana'\">      </span><span>Stora risker med brytning i alunskiffer</span>\r\n\t\t\t</h2>\r\n\t\t\t<p class=\"Normalutanindragellerluft\">\r\n\t\t\t\t<span>Ett särskilt känsligt område är brytning i alunskiffer. Alunskiffer är </span><span>en </span><span>bergart som åte</span><span>rfinns i stora delar av Sverige –</span><span> i Skåne, Västergötland, Östergötland, Närke och Öland, men även i fjällkedjan och södra Östersjön. Alunskiffer innehåller en hög halt av organiskt material och ett antal ämnen och metaller som betraktas som särskilt nödvändiga för samhället, s.k. koncessi</span><span>onsmineraler, så</span><span>som molybden och nickel. Även viss möjlighet till utvinning av skiffergas kan göra marken intressant för exploatering. Dessutom skapar det ökade behovet av elektrifiering av bl.a. transportsektorn och industrin ett nytt intresse för metall</span><span>er </span><span>som </span><span>kan användas för tillverkning av flödesbatterier</span><span>, t.ex. vanadin</span><span>.</span>\r\n\t\t\t</p>\r\n\t\t\t<p>\r\n\t\t\t\t<span>Samtidigt medför brytning i alunskiffer stora miljörisker. Bl.a. kan tungmetaller och radioaktiva ämnen frigöras vilket utgör ett al</span><span>l</span><span>varligt hot mot både grund- och ytvatten. Ett stort antal kommuner och flertalet miljöorganisationer har under lång tid varnat för brytning i just alunskiffer. Ett återkommande exempel på vad en storskalig brytning kan medföra är den finska nickelgruvan Talvivaara – en av landets värsta miljökatastrofer genom tiderna.</span>\r\n\t\t\t</p>\r\n\t\t\t<p>\r\n\t\t\t\t<span>Talvivaara var aktiv mellan åren 2008 och 2016. Driften var planerad att pågå betydligt längre, men </span><span>p.g.a.</span><span> omfattande miljöskador och ekonomiska problem tvingades man stänga i förtid. Genom att utvinna uran som biprodukt utgjorde Talvivaara under sin livstid dessutom i praktiken Europas största urangruva. Exploateringen medförde dock enorma skador på omgivningen. Stora läckage från en s.k. gipssedimentbassäng ledde 2012 till att stora mängder tungmetaller oc</span><span>h giftiga ämnen spreds i både </span><span>v</span><span>attendrag och</span><span> mark. Skadorna sträcker </span><span>sig långt utanför gruvområdet.</span>\r\n\t\t\t</p>\r\n\t\t\t<p>\r\n\t\t\t\t<span>Riskerna med brytning i alunskiffer </span><span>är stora</span><span> oavsett v</span><span>ilka naturresurser man utvinner:</span><span> nickel, zink, uran, skiffergas eller andra tillgångar. Alunskiffer är dessutom en kalkrik bergart vilket gör att den ofta återfinns i områden med särskilt bördig jordbruksmark. Tillgången på just jordbruksmark är en viktig komponent för svensk livsmedelsförsörjning, inte minst med tanke på behovet av en ökad självförsörjnings</span><span>­</span><span>grad.</span><span> </span><span>Sommarens torka gör också behovet av att värna både grund- och ytvatten</span><span>­</span><span>tillgångar särskilt tydligt. </span><span>Med tanke på de överhängande riskerna vad gäller läckage och föroreningar i närområdet är det</span><span> </span><span>anmärkningsvärt att Bergsstaten beviljat provborrning efter naturgas i en så käns</span><span>lig omgivning som Vättern –</span><span> ett Natura 2000-område och en sjö som i</span><span> </span><span>dag utgör dricksvatte</span><span>ntäkt för ca</span><span> 280</span><span> </span><span>000 personer.</span>\r\n\t\t\t</p>\r\n\t\t\t<p>\r\n\t\t\t\t<span>Ett flertal kommuner som berörs av en eventuell brytning har gått samman och krävt möjlighet till ett kommunalt veto mot all typ av brytning i alunskiffer. Vi menar dock att detta är en angelägenhet för hela landet och vill därför se en lagstiftning som sätter stopp för sådan brytning oavsett var i Sverige man befinner sig. Därför bör </span><span>minerallagen ändras så att ett</span><span> nationellt förbud m</span><span>ot brytning i alunskiffer inför</span><span>s. Detta bör riksdagen ställa sig bakom och ge regeringen till känna.</span>\r\n\t\t\t</p>\r\n\t\t\t<h2 style=\"margin-left:28.8pt; t-i:-28.8pt\">\r\n\t\t\t\t<span>2.2</span><span style=\"font:7.0pt 'Verdana'\">      </span><span>E</span><span>tt s</span><span>venskt förbud mot fracking</span>\r\n\t\t\t</h2>\r\n\t\t\t<p class=\"Normalutanindragellerluft\">\r\n\t\t\t\t<span>Skiffergas består av metan och är en typ av naturgas som återfinns i berggrund som består av skiffer. I många länder utvinns skiffergas ur alunskiffer med hjälp av hydraulisk spräckning, s.k. fracking. Det är en mycket miljöskadlig metod där man </span><span>med hjälp av kemikalier </span><span>skapar sprickor i marken och delar av berggrunden sprängs sönder med riskabla utsläpp som följd. Utvinningen kräver också stora mängder vatten. Skiffergas är dessutom ett fossilt energislag som i sig medför påfrestande växthusutsläpp.</span>\r\n\t\t\t</p>\r\n\t\t\t<p>\r\n\t\t\t\t<span>Protesterna mot fracking är omfattande, inte minst i USA där metoden är utbredd. Men även här i Europa har människor protesterat mot företagens rovdrift. Flera EU-länder har redan infört förbud mot fracking, däribland Frankrike och Tyskland. Också Europaparlamentet har tagit ställning mot fracking när </span><span>man 2015 röstade för ett moratorium till dess </span><span>att </span><span>metoden bevisats </span><span>vara </span><span>säker för m</span><span>iljö</span><span>, medborgare och arbetare.</span>\r\n\t\t\t</p>\r\n\t\t\t<p>\r\n\t\t\t\t<span>Sveriges geologiska undersökning (SGU) konstaterar i sin rapport Skiffergas och biogen gas i alunskiffern i Sverige, förekomst och geologiska förutsättningar – en översikt (2014:19) att förutsättningarna för att utvinna skiffergas i Sverige är mycket begränsade. Även om alunskiffer förekommer i olika delar av landet uppnår den inte den kvalitet som krävs för att det ska vara möjligt att utvinna varken termiskt bildad skiffergas eller biogen gas i någon högre utsträckning. Vänsterpartiet menar emellertid att lagstiftningen ska omfatta alla eventualiteter. Vid ett ökat intresse för skiffergas är det möjligt att även svenska tillgångar kan komma i fråga för exploatering</span><span>.</span>\r\n\t\t\t</p>\r\n\t\t\t<p>\r\n\t\t\t\t<span>Det finns </span><span>ett fåtal </span><span>undantagsfall när fracking </span><span>skulle kunna</span><span> vara motiverat. T.ex. har LKAB testat en </span><span>kemikaliefri </span><span>variant av metoden</span><span> </span><span>i syfte att stabilisera och öka säkerheten i redan befintliga gruvor och den kan även användas för att </span><span>underlätta vid borrning av brunnar</span><span>.</span><span> D</span><span>etta bör naturligtvis utvärderas ur miljösynpunkt</span><span> av oberoende instanser</span><span>.</span><span> </span><span>Ett förbud mot fracking</span><span> i syfte att bryta </span><span>fossila bränslen</span><span> bör </span><span>dock snarast </span><span>inrättas. Detta bör riksdagen ställa sig bakom och ge regeringen till känna.</span>\r\n\t\t\t</p>\r\n\t\t\t<p>\r\n\t\t\t\t<span>Med tanke på CETA och andra </span><span>framtida </span><span>internationella handelsavtal där enskilda länders </span><span>miljörestriktioner </span><span>kan utgöra grund för stämning av multinationella företag är det särskilt viktigt att Sverige redan från början har en otvetydig lagstiftning som inte lämnar utrymme för några tolkningar. En lagstiftning i enlighet med ov</span><span>anstående är därför angelägen.</span>\r\n\t\t\t</p>\r\n\t\t\t<h2 style=\"margin-left:28.8pt; t-i:-28.8pt\">\r\n\t\t\t\t<span>2.3</span><span style=\"font:7.0pt 'Verdana'\">      </span><span>Ett viktigt förbu</span><span>d mot att bryta uran</span>\r\n\t\t\t</h2>\r\n\t\t\t<p class=\"Normalutanindragellerluft\">\r\n\t\t\t\t<span>I Sverige återfinns fyndigheterna av uran förutom i urberget i just alunskiffer. Alunskiffer med höga halter av uran förekommer på vitt skilda platser i landet. Enligt Sveriges geologiska undersökning kan halterna av uran i denna a</span><span>lunskiffer ligga så högt som 50–</span><span>400 gram per ton. Det ska jämföras med vanliga halter i uranrika graniter som ligger på 15</span><span>–</span><span>40 gram per ton. </span>\r\n\t\t\t</p>\r\n\t\t\t<p>\r\n\t\t\t\t<span>Det var länge sedan det fanns någon aktiv brytning av uran i Sverige. Mellan 1965 och 1969 pågick dock provbrytning i Ranstad i Västergötland och under </span><span>19</span><span>70-talet pågick en omfattande prospektering av uran i Sverige. Ser man till hela världens urantillgångar står Sverige för en mycket liten del – 0,2 procent. Men tittar man i</span><span> </span><span>stället på Europa blir bilden en annan. I dagsläget bedömer man att Sverige står för 27 procent av Europas urantillgångar. SGU slår i sin rapport Mineralmarknaden 2015, Tema: energimetaller (2016:2) fast att ”några av världens största tillgångar av uran finns i Sverige”. Det innebär att ett ökat intresse för uranbrytning i Europa även skulle kunna innebära ett större intresse för att exploatera svensk mark. Även om en brytning hittills inte betraktats som tillräckligt lönsam är det inte otroligt att världens förändrade energibehov kan komma att ändra på det. Den svenska minerallagen är dessutom exceptionellt </span><span>förmånlig fö</span><span>r gruv- och prospekteringsbolag, n</span><span>ågonting som ytterligare kan öka intresset för exploaterin</span><span>g på en internationell marknad.</span>\r\n\t\t\t</p>\r\n\t\t\t<p>\r\n\t\t\t\t<span>Från och med </span><span>den 1</span><span> augusti </span><span>2018</span><span> är det förbjudet att bryta uran i Sverige. Även möjligheterna till provbrytning stoppas. Företag kan inte längre söka undersökningstillstånd eller bearbetningskoncession för uranbrytning. Centralt är att förbudet även gäller för gruvverksamhet med utvinning av uran som biprodukt och återvinning av utvinningsavfall. Det är en viktig lagstiftning för att värna vårt klimat och vår miljö som dessutom dömer ut kärnkraften till förmån för förnybara energislag. Vänsterpartiet värnar ett starkt för</span><span>bud mot uranbrytning i Sverige.</span>\r\n\t\t\t</p>\r\n\t\t\t<h2 style=\"margin-left:28.8pt; t-i:-28.8pt\">\r\n\t\t\t\t<span>2.4</span><span style=\"font:7.0pt 'Verdana'\">      </span><span>En hållbar mineralpolitik</span>\r\n\t\t\t</h2>\r\n\t\t\t<p class=\"Normalutanindragellerluft\">\r\n\t\t\t\t<span>Den svenska minerallagen är exceptionellt förmånlig för gruv- och prospekteringsbolag men alltför lite hänsyn tas till dem som påverkas av verksamheten. Både de människor och den natur som påverkas av gruvindustrin måste ges en större vikt i processen, där miljöfrågorna behandlas grundligare och i ett tidigare skede än i dag. All verksamhet inom gruv- och mineralindustrin ska, som för annan industri, ske med största möjliga miljöhänsyn. En ökad andel av vinsterna från gruvnäringen ska också återföras till de regioner där de skapats.</span>\r\n\t\t\t</p>\r\n\t\t\t<p>\r\n\t\t\t\t<span>Sverige är ett attraktivt land för mineralprospektörer. I Sverige är dock ersättningen till staten och fastighetsägare mycket liten i internationell jämförelse vid eventuell gruvdrift. Den uppgår till endast 2 promille av det beräknade värdet av de mineral som omfattas av koncessionen (dvs. av staten tilldelad rätt att bedriva verksamhet) och som har brutits. Sveriges gruvnäring har enligt statistik från Världsbanken lägst beskattning av samtliga gruvländer i världen. Den effektiva skattesatsen uppgår enligt statistiken till ca 28 procent. I ytterst få länder understiger skattesatsen 40 procent.</span>\r\n\t\t\t</p>\r\n\t\t\t<p>\r\n\t\t\t\t<span>Vänsterpartiet menar att Sveriges mineralpolitik måste vila på andra premisser. Vi vill se en gruvnäring som utgår från ett långsiktigt perspektiv, där </span><span>både social</span><span> och ekologisk hållbarhet är grunden. För vidare läsning om Vänsterpartiets mineralpolitik, se vår motion En aktiv industripolitik (2016/17:1737).</span>\r\n\t\t\t</p>\r\n\t\t\t<p style=\"-aw-sdt-tag:CC_Underskrifter; -aw-sdt-title:CC_Underskrifter\">\r\n\t\t\t\t<span> </span>\r\n\t\t\t</p>\r\n\t\t\t<p style=\"-aw-sdt-tag:CC_Underskrifter; -aw-sdt-title:CC_Underskrifter\">\r\n\t\t\t\t<span> </span>\r\n\t\t\t</p>\r\n\t\t\t<table cellspacing=\"0\" cellpadding=\"0\" style=\"border-collapse:collapse; margin-left:0pt; width:100%\">\r\n\t\t\t\t<tr>\r\n\t\t\t\t\t<td style=\"padding-left:5.4pt; padding-right:5.4pt; vertical-align:bottom; width:1%\">\r\n\t\t\t\t\t\t<p class=\"Underskrifter\" style=\"margin-top:15pt; margin-bottom:3pt; t-i:0pt; page-break-inside:avoid; line-height:15pt\">\r\n\t\t\t\t\t\t\t<span style=\"font-style:italic\">Birger Lahti (V)</span>\r\n\t\t\t\t\t\t</p>\r\n\t\t\t\t\t</td>\r\n\t\t\t\t\t<td style=\"padding-left:5.4pt; padding-right:5.4pt; vertical-align:bottom; width:1%\">\r\n\t\t\t\t\t\t<p class=\"Underskrifter\" style=\"margin-top:15pt; margin-bottom:3pt; t-i:0pt; page-break-inside:avoid; line-height:15pt\">\r\n\t\t\t\t\t\t\t<span style=\"font-style:italic\"> </span>\r\n\t\t\t\t\t\t</p>\r\n\t\t\t\t\t</td>\r\n\t\t\t\t</tr>\r\n\t\t\t\t<tr>\r\n\t\t\t\t\t<td style=\"padding-left:5.4pt; padding-right:5.4pt; vertical-align:bottom; width:1%\">\r\n\t\t\t\t\t\t<p class=\"Underskrifter\" style=\"margin-top:15pt; margin-bottom:0pt; t-i:0pt; page-break-inside:avoid; line-height:15pt\">\r\n\t\t\t\t\t\t\t<span style=\"font-style:italic\">Lorena Delgado Varas (V)</span>\r\n\t\t\t\t\t\t</p>\r\n\t\t\t\t\t</td>\r\n\t\t\t\t\t<td style=\"padding-left:5.4pt; padding-right:5.4pt; vertical-align:bottom; width:1%\">\r\n\t\t\t\t\t\t<p class=\"Underskrifter\" style=\"margin-top:15pt; margin-bottom:0pt; t-i:0pt; page-break-inside:avoid; line-height:15pt\">\r\n\t\t\t\t\t\t\t<span style=\"font-style:italic\">Hanna Gunnarsson (V)</span>\r\n\t\t\t\t\t\t</p>\r\n\t\t\t\t\t</td>\r\n\t\t\t\t</tr>\r\n\t\t\t\t<tr>\r\n\t\t\t\t\t<td style=\"padding-left:5.4pt; padding-right:5.4pt; vertical-align:bottom; width:1%\">\r\n\t\t\t\t\t\t<p class=\"Underskrifter\" style=\"margin-top:15pt; margin-bottom:0pt; t-i:0pt; page-break-inside:avoid; line-height:15pt\">\r\n\t\t\t\t\t\t\t<span style=\"font-style:italic\">Jens Holm (V)</span>\r\n\t\t\t\t\t\t</p>\r\n\t\t\t\t\t</td>\r\n\t\t\t\t\t<td style=\"padding-left:5.4pt; padding-right:5.4pt; vertical-align:bottom; width:1%\">\r\n\t\t\t\t\t\t<p class=\"Underskrifter\" style=\"margin-top:15pt; margin-bottom:0pt; t-i:0pt; page-break-inside:avoid; line-height:15pt\">\r\n\t\t\t\t\t\t\t<span style=\"font-style:italic\">Lotta Johnsson Fornarve (V)</span>\r\n\t\t\t\t\t\t</p>\r\n\t\t\t\t\t</td>\r\n\t\t\t\t</tr>\r\n\t\t\t\t<tr>\r\n\t\t\t\t\t<td style=\"padding-left:5.4pt; padding-right:5.4pt; vertical-align:bottom; width:1%\">\r\n\t\t\t\t\t\t<p class=\"Underskrifter\" style=\"margin-top:15pt; margin-bottom:0pt; t-i:0pt; page-break-inside:avoid; line-height:15pt\">\r\n\t\t\t\t\t\t\t<span style=\"font-style:italic\">Amineh Kakabaveh (V)</span>\r\n\t\t\t\t\t\t</p>\r\n\t\t\t\t\t</td>\r\n\t\t\t\t\t<td style=\"padding-left:5.4pt; padding-right:5.4pt; vertical-align:bottom; width:1%\">\r\n\t\t\t\t\t\t<p class=\"Underskrifter\" style=\"margin-top:15pt; margin-bottom:0pt; t-i:0pt; page-break-inside:avoid; line-height:15pt\">\r\n\t\t\t\t\t\t\t<span style=\"font-style:italic\">Yasmine Posio (V)</span>\r\n\t\t\t\t\t\t</p>\r\n\t\t\t\t\t</td>\r\n\t\t\t\t</tr>\r\n\t\t\t\t<tr>\r\n\t\t\t\t\t<td style=\"padding-left:5.4pt; padding-right:5.4pt; vertical-align:bottom; width:1%\">\r\n\t\t\t\t\t\t<p class=\"Underskrifter\" style=\"margin-top:15pt; margin-bottom:0pt; t-i:0pt; page-break-inside:avoid; line-height:15pt\">\r\n\t\t\t\t\t\t\t<span style=\"font-style:italic\">Elin Segerlind (V)</span>\r\n\t\t\t\t\t\t</p>\r\n\t\t\t\t\t</td>\r\n\t\t\t\t\t<td style=\"padding-left:5.4pt; padding-right:5.4pt; vertical-align:bottom; width:1%\">\r\n\t\t\t\t\t\t<p class=\"Underskrifter\" style=\"margin-top:15pt; margin-bottom:0pt; t-i:0pt; page-break-inside:avoid; line-height:15pt\">\r\n\t\t\t\t\t\t\t<span style=\"font-style:italic\">Håkan Svenneling (V)</span>\r\n\t\t\t\t\t\t</p>\r\n\t\t\t\t\t</td>\r\n\t\t\t\t</tr>\r\n\t\t\t</table>\r\n\t\t\t<p>\r\n\t\t\t\t<span> </span>\r\n\t\t\t</p>\r\n\t\t</div>\r\n\t</div>"},"dokforslag":{"forslag":[{"nummer":"1","beteckning":null,"lydelse":"Riksdagen ställer sig bakom det som anförs i motionen om att minerallagen bör ändras så att ett nationellt förbud mot brytning av alunskiffer införs och tillkännager detta för regeringen.","lydelse2":null,"utskottet":"Avslag","kammaren":"Avslag","behandlas_i":"2018/19:NU11","behandlas_i_punkt":null,"kammarbeslutstyp":null,"intressent":"NU","avsnitt":null,"grundforfattning":null,"andringsforfattning":null},{"nummer":"2","beteckning":null,"lydelse":"Riksdagen ställer sig bakom det som anförs i motionen om att ett förbud mot frackning i syfte att bryta fossila bränslen snarast bör inrättas och tillkännager detta för regeringen.","lydelse2":null,"utskottet":"Avslag","kammaren":"Avslag","behandlas_i":"2018/19:NU11","behandlas_i_punkt":null,"kammarbeslutstyp":null,"intressent":"NU","avsnitt":null,"grundforfattning":null,"andringsforfattning":null}]},"dokaktivitet":{"aktivitet":[{"kod":"INL","namn":"Inlämnad","datum":"2018-10-22 13:11:41","status":"inträffat","ordning":"0","process":"behandling"},{"kod":"Granskad","namn":"Granskad","datum":"2018-10-22 14:27:20","status":"inträffat","ordning":"0","process":"behandling"},{"kod":"HÄN","namn":"Hänvisad","datum":"2018-12-05 00:00:00","status":"inträffat","ordning":"0","process":"behandling"}]},"dokintressent":{"intressent":[{"intressent_id":"0825441263617","namn":"Birger Lahti","partibet":"V","ordning":"1","roll":"undertecknare"},{"intressent_id":"0852475703226","namn":"Lorena Delgado Varas","partibet":"V","ordning":"2","roll":"undertecknare"},{"intressent_id":"0411459873625","namn":"Hanna Gunnarsson","partibet":"V","ordning":"3","roll":"undertecknare"},{"intressent_id":"0216534495014","namn":"Jens Holm","partibet":"V","ordning":"4","roll":"undertecknare"},{"intressent_id":"0122987223112","namn":"Lotta Johnsson Fornarve","partibet":"V","ordning":"5","roll":"undertecknare"},{"intressent_id":"0545353563812","namn":"Amineh Kakabaveh","partibet":"V","ordning":"6","roll":"undertecknare"},{"intressent_id":"0468765214727","namn":"Yasmine Posio","partibet":"V","ordning":"7","roll":"undertecknare"},{"intressent_id":"0952789103522","namn":"Elin Segerlind","partibet":"V","ordning":"8","roll":"undertecknare"},{"intressent_id":"0682989845822","namn":"Håkan Svenneling","partibet":"V","ordning":"9","roll":"undertecknare"}]},"dokuppgift":{"uppgift":[{"kod":"motkat","namn":"Motionskategori","text":"Fristående motion","dok_id":"H602128","systemdatum":"2019-05-09 16:45:39"},{"kod":"tilldelat","namn":"Tilldelat","text":"Näringsutskottet","dok_id":"H602128","systemdatum":"2019-05-09 16:45:39"},{"kod":"statustext","namn":"statustext","text":"Motionen bereds i utskott","dok_id":"H602128","systemdatum":"2018-12-20 13:44:33"}]},"dokbilaga":{"bilaga":[{"dok_id":"H602128","titel":"Förbud mot brytning av alunskiffer","subtitel":"av Birger Lahti m.fl. (V)","filnamn":"mot_201819__128.docx","filstorlek":"75001","filtyp":"docx","fil_url":"http://data.riksdagen.se/fil/E15E523B-A854-42E7-A342-843113EE2829"},{"dok_id":"H602128","titel":"Förbud mot brytning av alunskiffer","subtitel":"av Birger Lahti m.fl. (V)","filnamn":"mot_201819__128.pdf","filstorlek":"95412","filtyp":"pdf","fil_url":"http://data.riksdagen.se/fil/A8BD407A-9CAC-4721-A797-6852623FDBD7"}]},"dokreferens":{"referens":{"referenstyp":"behandlas_i","uppgift":"2018/19:NU11","ref_dok_id":"H601NU11","ref_dok_typ":"bet","ref_dok_rm":"2018/19","ref_dok_bet":"NU11","ref_dok_titel":"Mineralpolitik","ref_dok_subtitel":null,"ref_dok_subtyp":"bet","ref_dok_dokumentnamn":"Betänkande"}},"debatt":null}}