{"dokumentstatus":{"dokument":{"hangar_id":"5010923","dok_id":"H6021383","rm":"2018/19","beteckning":"1383","typ":"mot","subtyp":"Kommittémotion","doktyp":"mot","typrubrik":"Motion 2018/19:1383 av Markus Wiechel m.fl. (SD)","dokumentnamn":"Motion","debattnamn":"Motion","tempbeteckning":"SD343","organ":"UU","mottagare":"","nummer":"1383","slutnummer":"0","datum":"2018-11-28 00:00:00","systemdatum":"2019-12-11 17:20:14","publicerad":"2018-11-28 00:00:00","titel":"Somalia och Somaliland","subtitel":"av Markus Wiechel m.fl. (SD)","status":"Hänvisad","htmlformat":"html","relaterat_id":"","source":"Filur","sourceid":"c11e9f9a-4e42-4389-8fb5-2d405a6244b2","dokument_url_text":"http://data.riksdagen.se/dokument/H6021383/text","dokument_url_html":"http://data.riksdagen.se/dokument/H6021383","dokumentstatus_url_xml":"http://data.riksdagen.se/dokumentstatus/H6021383","html":"<style><!-- \r\n /********************************************************************************************************/\r\n/* Styles for D:\\Logs\\DocumentConverter\\\\Output_724998a8-b9f7-475b-ae70-a63886bebf18\\HTML\\Dokument.html */\r\n/* Generated by Aspose.Words for .NET 15.3.0.0                                                          */\r\n/********************************************************************************************************/\r\n\r\n@page Section1 { size:595.3pt 841.9pt; margin:35.45pt 85.05pt }\r\ndiv.Section1 { page:Section1 }\r\ndiv.pconf body { t-i:17pt; line-height:15pt; font-family:'Verdana'; font-size: 0.90em }\r\ndiv.pconf h1, h2, h3, h4, h5, h6, p { margin:0pt }\r\ndiv.pconf li, table { margin-top:0pt; margin-bottom:0pt }\r\ndiv.pconf h1 { margin-top:41pt; margin-bottom:0pt; page-break-inside:avoid; page-break-after:avoid; line-height:19.5pt; font-family:'Verdana'; font-size: 1.05em; font-weight:normal }\r\ndiv.pconf h2 { margin-top:30pt; margin-bottom:0pt; page-break-inside:avoid; page-break-after:avoid; line-height:15pt; font-family:'Verdana'; font-size: 1.00em; font-weight:normal }\r\ndiv.pconf h3 { margin-top:18pt; margin-bottom:0pt; page-break-inside:avoid; page-break-after:avoid; line-height:15pt; font-family:'Verdana'; font-size: 0.90em; font-weight:bold }\r\ndiv.pconf h4 { margin-top:18pt; margin-bottom:0pt; page-break-inside:avoid; page-break-after:avoid; line-height:15pt; font-family:'Verdana'; font-size: 0.90em; font-weight:normal; font-style:italic }\r\ndiv.pconf h5 { margin-top:15pt; margin-bottom:0pt; page-break-inside:avoid; page-break-after:avoid; line-height:15pt; font-family:'Verdana'; font-size: 0.90em; font-weight:bold; font-style:normal }\r\ndiv.pconf h6 { margin-top:15pt; margin-bottom:0pt; page-break-inside:avoid; page-break-after:avoid; line-height:15pt; font-family:'Verdana'; font-size: 0.90em; font-weight:normal; font-style:italic }\r\n.Heading7 { margin-top:15pt; margin-bottom:0pt; page-break-inside:avoid; page-break-after:avoid; line-height:15pt; font-family:'Verdana'; font-size: 0.90em; font-weight:normal; font-style:italic }\r\n.Heading8 { margin-top:15pt; margin-bottom:0pt; page-break-inside:avoid; page-break-after:avoid; line-height:15pt; font-family:'Verdana'; font-size: 0.90em; font-weight:normal; font-style:italic }\r\n.Heading9 { margin-top:0pt; margin-bottom:0pt; page-break-inside:avoid; page-break-after:avoid; line-height:15pt; font-family:'Verdana'; font-size: 0.90em; font-weight:normal; font-style:italic }\r\n.BalloonText { margin-top:0pt; margin-bottom:0pt; t-i:17pt; line-height:normal; font-family:'Segoe UI'; font-size: 0.90em }\r\n.Beteckning { margin-top:18pt; margin-bottom:0pt; t-i:14.2pt; page-break-inside:auto; page-break-after:auto; line-height:19.5pt; font-size: 1.05em }\r\n.BlockText, .Inramatstycke { margin:0pt 56.7pt; t-i:0pt; text-align:nojustify; line-height:15pt; border-top-style:solid; border-top-width:0.75pt; border-top-color:#000000; border-right-style:solid; border-right-width:0.75pt; border-right-color:#000000; border-left-style:solid; border-left-width:0.75pt; border-left-color:#000000; border-bottom-style:solid; border-bottom-width:0.75pt; border-bottom-color:#000000; padding-top:10pt; padding-right:10pt; padding-left:10pt; padding-bottom:10pt; font-size: 0.90em; font-style:italic }\r\n.Caption { margin-top:0pt; margin-bottom:0pt; t-i:17pt; line-height:15pt; font-size: 0.90em; font-weight:bold; color:#2e74b5 }\r\n.Citaticitat { margin-top:7.5pt; margin-left:34pt; margin-bottom:0pt; line-height:12pt; font-size: 0.90em }\r\n.Citaticitatmedindrag { margin-top:0pt; margin-left:34pt; margin-bottom:7.5pt; t-i:17pt; line-height:12pt; font-size: 0.90em }\r\n.Citatmedindrag { margin-top:0pt; margin-left:17pt; margin-bottom:0pt; t-i:17pt; line-height:12pt; font-size: 0.90em }\r\n.CommentSubject { margin-top:0pt; margin-bottom:0pt; t-i:17pt; line-height:normal; font-size: 0.90em; font-weight:bold }\r\n.CommentText { margin-top:0pt; margin-bottom:0pt; t-i:17pt; line-height:normal; font-size: 0.90em }\r\n.FSHTitel, .Dokumentrubrik { margin-top:4pt; margin-bottom:4pt; page-break-inside:avoid; page-break-after:avoid; line-height:20pt; border-bottom-style:solid; border-bottom-width:0.75pt; border-bottom-color:#000000; padding-bottom:3pt; font-size: 1.05em }\r\n.FSHLogo { margin-top:4pt; margin-bottom:0pt; line-height:normal; font-size: 0.90em }\r\n.FSHNormL { margin-top:4pt; margin-bottom:0pt; line-height:15pt; border-top-style:solid; border-top-width:1.5pt; border-top-color:#000000; padding-top:3pt; font-size: 0.90em }\r\n.FSHNormal { margin-top:4pt; margin-bottom:0pt; line-height:15pt; font-size: 0.90em }\r\n.FSHNormalS5 { margin-top:11.5pt; margin-bottom:26pt; page-break-inside:avoid; page-break-after:avoid; line-height:12.5pt; font-size: 0.95em; font-weight:bold }\r\n.FSHRub1, .Rubrik1S5 { margin-top:135pt; margin-bottom:0pt; page-break-inside:avoid; page-break-after:avoid; line-height:16pt; font-size: 1.00em }\r\n.FSHRub2, .Rubrik1A4 { margin-top:50pt; margin-bottom:5pt; page-break-inside:avoid; page-break-after:avoid; line-height:24pt; font-size: 1.05em }\r\n.Footer { margin-top:4pt; margin-bottom:0pt; text-align:center; line-height:normal; font-size: 0.90em }\r\n.FootnoteText { margin-top:0pt; margin-bottom:0pt; line-height:12pt; font-size: 0.90em }\r\n.Yrkandehnv, .Frslagspunkthnv { margin-top:0pt; margin-bottom:0pt; page-break-inside:avoid; page-break-after:avoid; line-height:normal; font-size: 0.90em }\r\n.Frslagsrubrik { margin-top:41pt; margin-bottom:0pt; page-break-inside:avoid; page-break-after:avoid; line-height:19.5pt; font-family:'Verdana'; font-size: 1.05em }\r\n.Frslagstext, .Hemstlatt, .Yrkande { margin-top:4pt; margin-left:18pt; margin-bottom:0pt; t-i:-18pt; line-height:15pt; font-size: 0.90em }\r\n.Header { margin-top:4pt; margin-bottom:0pt; line-height:normal; font-size: 0.90em }\r\n.IntenseQuote { margin:12pt 54pt; t-i:17pt; text-align:center; line-height:normal; font-size: 0.90em; color:#5b9bd5 }\r\n.KantRubrikS5H { margin-top:6pt; margin-right:2.85pt; margin-bottom:0pt; text-align:right; line-height:8pt; font-size: 0.90em }\r\n.KantRubrikS5Hrad2 { margin-top:0pt; margin-right:2.85pt; margin-bottom:0pt; text-align:right; line-height:10pt; font-size: 0.90em }\r\n.KantRubrikS5V { margin-top:6pt; margin-right:0pt; margin-bottom:0pt; text-align:left; line-height:8pt; font-size: 0.90em }\r\n.KantRubrikS5Vrad2 { margin-top:0pt; margin-right:0pt; margin-bottom:0pt; text-align:left; line-height:10pt; font-size: 0.90em }\r\n.KantrubrikH { margin-top:4pt; margin-right:0pt; margin-bottom:0pt; text-align:right; line-height:15pt; font-size: 0.90em }\r\n.KantrubrikV { margin-top:4pt; margin-left:0pt; margin-bottom:0pt; line-height:normal; font-size: 0.90em }\r\n.Klla { margin-top:0pt; margin-bottom:0pt; line-height:12pt; font-size: 0.90em }\r\n.Lagtext { margin-top:4pt; margin-bottom:0pt; t-i:0pt; line-height:normal; font-size: 0.90em }\r\n.Lagtextindrag { margin-top:4pt; margin-bottom:0pt; t-i:14.2pt; line-height:normal; font-size: 0.90em }\r\n.Lagtextrubrik { margin-top:4pt; margin-bottom:0pt; t-i:0pt; line-height:normal; font-size: 0.90em; font-style:italic; letter-spacing:1pt }\r\n.List { margin-top:7.5pt; margin-left:17pt; margin-bottom:7.5pt; t-i:-17pt; line-height:15pt; font-size: 0.90em }\r\n.ListBullet, .PunktlistaBomb { margin-top:4pt; margin-left:18pt; margin-bottom:0pt; t-i:-18pt; line-height:15pt; font-size: 0.90em }\r\n.ListNumber, .PunktlistaNummer { margin-top:4pt; margin-left:18pt; margin-bottom:0pt; t-i:-18pt; line-height:15pt; font-size: 0.90em }\r\n.ListParagraph { margin-top:0pt; margin-left:36pt; margin-bottom:0pt; t-i:17pt; line-height:15pt; font-size: 0.90em }\r\n.ListaGemener { margin-top:7.5pt; margin-left:36pt; margin-bottom:7.5pt; t-i:-19pt; line-height:15pt; font-size: 0.90em }\r\n.ListaLinje { margin-top:7.5pt; margin-left:36pt; margin-bottom:7.5pt; t-i:-19pt; line-height:15pt; font-size: 0.90em }\r\n.ListaNummer { margin-top:7.5pt; margin-left:36pt; margin-bottom:7.5pt; t-i:-19pt; line-height:15pt; font-size: 0.90em }\r\n.ListaPunkt { margin-top:7.5pt; margin-left:36pt; margin-bottom:7.5pt; t-i:-19pt; line-height:15pt; font-size: 0.90em }\r\n.MotionTIllRiksdagen { margin-top:18pt; margin-bottom:0pt; page-break-inside:avoid; page-break-after:avoid; line-height:19.5pt; font-size: 1.05em }\r\n.Motionr { margin-top:14pt; margin-bottom:31.5pt; page-break-inside:avoid; line-height:15pt; font-size: 1.00em; font-weight:bold; font-style:normal }\r\n.NoSpacing { margin-top:5pt; margin-bottom:0pt; line-height:normal }\r\n.NormalIndent { margin-top:0pt; margin-left:65.2pt; margin-bottom:0pt; t-i:17pt; line-height:15pt; font-size: 0.90em }\r\n.Normalutanindragellerluft { margin-top:4pt; margin-bottom:0pt; line-height:15pt; font-size: 0.90em }\r\n.Normal00 { margin-top:4pt; margin-bottom:0pt; line-height:normal; font-size: 0.90em }\r\n.NormalA4fot { margin-top:12pt; margin-bottom:0pt; text-align:center; line-height:normal; font-size: 0.90em }\r\n.NormalA4sidnr { margin-top:4pt; margin-bottom:12pt; text-align:center; line-height:normal; font-size: 0.90em }\r\n.NormalS5sidnrH { margin-top:4pt; margin-right:2.85pt; margin-bottom:0pt; text-align:right; line-height:normal; font-size: 0.90em }\r\n.NormalS5sidnrV { margin-top:4pt; margin-right:0pt; margin-bottom:0pt; text-align:left; line-height:normal; font-size: 0.90em }\r\n.PlainText { margin-top:0pt; margin-bottom:0pt; t-i:0pt; line-height:12pt; font-family:'Verdana'; font-size: 0.90em }\r\n.Strecklista, .PunktlistaTankstreck { margin-top:4pt; margin-left:36pt; margin-bottom:0pt; t-i:-18pt; line-height:15pt; font-size: 0.90em }\r\n.Quote { margin-top:7.5pt; margin-left:17pt; margin-bottom:0pt; line-height:12pt; font-size: 0.90em }\r\n.R1 { margin-top:41pt; margin-bottom:0pt; page-break-inside:avoid; page-break-after:avoid; line-height:19.5pt; font-family:'Verdana'; font-size: 1.05em }\r\n.R2 { margin-top:30pt; margin-bottom:0pt; page-break-inside:avoid; page-break-after:avoid; line-height:15pt; font-family:'Verdana'; font-size: 1.00em }\r\n.R3 { margin-top:18pt; margin-bottom:0pt; page-break-inside:avoid; page-break-after:avoid; line-height:15pt; font-family:'Verdana'; font-size: 0.90em; font-weight:bold }\r\n.Rubrik1numrerat { margin-top:41pt; margin-left:18pt; margin-bottom:0pt; t-i:-18pt; page-break-inside:auto; page-break-after:avoid; line-height:19.5pt; font-family:'Verdana'; font-size: 1.05em }\r\n.Rubrik2numrerat { margin-top:30pt; margin-left:39.6pt; margin-bottom:0pt; t-i:-39.6pt; page-break-inside:avoid; page-break-after:avoid; line-height:15pt; font-family:'Verdana'; font-size: 1.00em }\r\n.Rubrik3numrerat { margin-top:18pt; margin-left:61.2pt; margin-bottom:0pt; t-i:-61.2pt; page-break-inside:avoid; page-break-after:avoid; line-height:15pt; font-family:'Verdana'; font-size: 0.90em; font-weight:bold }\r\n.Rubrik4numrerat { margin-top:18pt; margin-left:82.2pt; margin-bottom:0pt; t-i:-82.2pt; page-break-inside:avoid; page-break-after:avoid; line-height:15pt; font-family:'Verdana'; font-size: 0.90em; font-weight:normal; font-style:italic }\r\n.RubrikFrslagTIllRiksdagsbeslut { margin-top:41pt; margin-bottom:15pt; page-break-inside:avoid; page-break-after:avoid; line-height:19.5pt; font-family:'Verdana'; font-size: 1.05em }\r\n.RubrikInnehllsf { margin-top:41pt; margin-bottom:0pt; page-break-inside:avoid; page-break-after:avoid; line-height:19.5pt; font-family:'Verdana'; font-size: 1.05em }\r\n.RubrikSammanf { margin-top:41pt; margin-bottom:0pt; page-break-inside:avoid; page-break-after:avoid; line-height:19.5pt; font-family:'Verdana'; font-size: 1.05em }\r\n.Salutation { margin-top:41pt; margin-bottom:0pt; page-break-inside:avoid; page-break-after:avoid; line-height:19.5pt; font-family:'Verdana'; font-size: 1.05em }\r\n.Streckkod { margin-top:12pt; margin-bottom:0pt; text-align:center; line-height:normal; font-family:IDAutomationHC39S; font-size: 1.00em }\r\n.Subtitle { margin-top:4pt; margin-bottom:0pt; line-height:15pt; font-family:'Verdana'; font-size: 0.90em; font-weight:bold }\r\n.TOC1 { margin-top:4pt; margin-bottom:0pt; line-height:15pt; font-size: 0.90em }\r\n.TOC2 { margin-top:4pt; margin-left:14.2pt; margin-bottom:0pt; line-height:15pt; font-size: 0.90em }\r\n.TOC3 { margin-top:4pt; margin-left:28.35pt; margin-bottom:0pt; line-height:15pt; font-size: 0.90em }\r\n.TOC4 { margin-top:4pt; margin-left:42.55pt; margin-bottom:0pt; line-height:15pt; font-size: 0.90em }\r\n.TOC5 { margin-top:4pt; margin-left:56.7pt; margin-bottom:0pt; line-height:15pt; font-size: 0.90em }\r\n.TOC6 { margin-top:4pt; margin-left:56.7pt; margin-bottom:0pt; line-height:15pt; font-size: 0.90em }\r\n.TOC7 { margin-top:15pt; margin-left:56.7pt; margin-bottom:0pt; t-i:14.2pt; page-break-inside:avoid; page-break-after:avoid; line-height:normal; font-family:'Verdana'; font-size: 0.90em; font-weight:normal; font-style:italic }\r\n.TOC8 { margin-top:15pt; margin-left:56.7pt; margin-bottom:0pt; t-i:14.2pt; page-break-inside:avoid; page-break-after:avoid; line-height:normal; font-family:'Verdana'; font-size: 0.90em; font-weight:normal; font-style:italic }\r\n.TOC9 { margin-top:15pt; margin-left:56.7pt; margin-bottom:0pt; t-i:14.2pt; page-break-inside:avoid; page-break-after:avoid; line-height:normal; font-family:'Verdana'; font-size: 0.90em; font-weight:normal; font-style:italic }\r\n.TOCHeading { margin-top:41pt; margin-bottom:0pt; page-break-inside:avoid; page-break-after:avoid; line-height:19.5pt; font-family:'Verdana'; font-size: 1.05em }\r\n.Tabellunderrubrik { margin-top:0pt; margin-bottom:0pt; line-height:15pt; font-size: 0.90em; font-weight:normal; font-style:italic }\r\n.Tabellrubrik { margin-top:7.5pt; margin-bottom:0pt; line-height:15pt; font-size: 0.90em; font-weight:bold }\r\n.Title { margin-top:41pt; margin-bottom:0pt; page-break-inside:avoid; page-break-after:avoid; line-height:19.5pt; font-family:'Verdana'; font-size: 1.05em }\r\n.Underskriftdatum { margin-top:24pt; margin-bottom:3pt; page-break-inside:avoid; line-height:15pt; font-size: 0.90em; font-style:normal }\r\n.Underskrifter { margin-top:15pt; margin-bottom:3pt; page-break-inside:avoid; line-height:15pt; font-size: 0.90em; font-style:italic }\r\nspan.BallongtextChar { font-family:'Segoe UI'; font-size: 0.90em }\r\nspan.BeteckningChar { font-size:19.5pt }\r\nspan.BookTitle { font-weight:bold; font-style:italic; letter-spacing:0pt }\r\nspan.CitatChar { font-size:12pt }\r\nspan.CommentReference { font-size:8pt }\r\nspan.Emphasis { text-transform:uppercase; letter-spacing:0.25pt; color:#1f4d78 }\r\nspan.FSHNormalChar { font-size:12pt }\r\nspan.FSHRub2Char, span.Rubrik1A4Char { font-size:24pt }\r\nspan.FrslagstextChar, span.HemstlattChar, span.YrkandeChar { font-size:12pt }\r\nspan.InledningChar { font-family:'Verdana'; font-size: 1.05em }\r\nspan.IntenseEmphasis { font-weight:bold; text-transform:uppercase; letter-spacing:0.5pt; color:#1f4d78 }\r\nspan.IntenseReference { font-weight:normal; font-style:normal; font-variant:normal; text-decoration:none; text-transform:none; letter-spacing:0pt; vertical-align:0pt; color:#000000; display:inline }\r\nspan.KommentarsmneChar { font-weight:bold }\r\nspan.MotionTIllRiksdagenChar { font-size:19.5pt }\r\nspan.NormalutanindragellerluftChar { font-size:12pt }\r\nspan.OformateradtextChar { font-family:'Verdana' }\r\nspan.PlaceholderText { color:#f4b083 }\r\nspan.Rubrik1Char { font-family:'Verdana'; font-size: 1.05em }\r\nspan.Rubrik2Char { font-family:'Verdana'; font-size: 1.00em }\r\nspan.Rubrik3Char { font-family:'Verdana'; font-size: 0.90em; font-weight:bold }\r\nspan.Rubrik4Char { font-family:'Verdana'; font-size: 0.90em; font-style:italic }\r\nspan.Rubrik5Char { font-family:'Verdana'; font-size: 0.90em; font-weight:bold }\r\nspan.Rubrik6Char { font-family:'Verdana'; font-size: 0.90em; font-style:italic }\r\nspan.Rubrik7Char { font-family:'Verdana'; font-size: 0.90em; font-style:italic }\r\nspan.Rubrik8Char { font-family:'Verdana'; font-size: 0.90em; font-style:italic }\r\nspan.Rubrik9Char { font-family:'Verdana'; font-size: 0.90em; font-style:italic }\r\nspan.RubrikChar { font-family:'Verdana'; font-size: 1.05em }\r\nspan.SidfotChar { font-size:11.5pt }\r\nspan.SidhuvudChar { font-size:12pt }\r\nspan.StarktcitatChar { font-size:12pt; color:#5b9bd5 }\r\nspan.Strong { font-weight:bold }\r\nspan.SubtleEmphasis { font-style:italic; color:#1f4d78 }\r\nspan.SubtleReference { font-weight:bold; color:#5b9bd5 }\r\nspan.UnderrubrikChar { font-family:'Verdana'; font-size: 0.90em; font-weight:bold }\r\n.TableGrid {  }\r\n\r\n.pconf{width: 450px;margin-left:5px;overflow:visable;font-family:Verdana, Geneva, sans-serif;} \r\n .sidhuvud_publikation, .sidhuvud_beteckning{font-size:133%}\r\n.MotionarLista {font-size:122%}\r\n\r\n--></style><div class=\"pconf\"><span class=\"sidhuvud_publikation\">Motion till riksdagen</span><br/>\r\n<span class=\"sidhuvud_beteckning\">2018/19:1383</span><br/>\r\n<span class=\"MotionarLista\">av Markus Wiechel m.fl. (SD)</span><br/>\r\n<h1>Somalia och Somaliland</h1>\r\n<hr class=\"sidhuvud_linje\"/>\r\n\r\n\r\n\t\t<div class=\"Section1\">\r\n\t\t\t<h1 style=\"margin-bottom:15pt; -aw-sdt-tag:CC_Boilerplate_4; -aw-sdt-title:CC_Boilerplate_4\">\r\n\t\t\t\t<span>Förslag till riksdagsbeslut</span>\r\n\t\t\t</h1>\r\n\t\t\t<ol type=\"1\" style=\"margin:0pt; padding-left:0pt\">\r\n\t\t\t\t<li class=\"Frslagstext\" style=\"margin-left:14pt; t-i:0pt; padding-left:4pt; font-family:'Verdana'; font-size: 0.90em\">\r\n\t\t\t\t\t<span style=\"font-family:'Verdana'; font-size: 0.90em\">Riksdagen ställer sig bakom det som anförs i motionen om att erkänna Somaliland som självständig stat och tillkännager detta för regeringen.</span>\r\n\t\t\t\t</li>\r\n\t\t\t\t<li class=\"Frslagstext\" style=\"margin-left:14pt; t-i:0pt; padding-left:4pt; font-family:'Verdana'; font-size: 0.90em\">\r\n\t\t\t\t\t<span style=\"font-family:'Verdana'; font-size: 0.90em\">Riksdagen ställer sig bakom det som anförs i motionen om att upprätta en ambassad i Somalilands huvudstad Hargeysa med ansvar för såväl Somalia som Somaliland och tillkännager detta för regeringen.</span>\r\n\t\t\t\t</li>\r\n\t\t\t\t<li class=\"Frslagstext\" style=\"margin-left:14pt; t-i:0pt; padding-left:4pt; font-family:'Verdana'; font-size: 0.90em\">\r\n\t\t\t\t\t<span style=\"font-family:'Verdana'; font-size: 0.90em\">Riksdagen ställer sig bakom det som anförs i motionen om att upprätta samverkan mellan svenska och somaliländska myndigheter och tillkännager detta för regeringen.</span>\r\n\t\t\t\t</li>\r\n\t\t\t\t<li class=\"Frslagstext\" style=\"margin-left:14pt; t-i:0pt; padding-left:4pt; font-family:'Verdana'; font-size: 0.90em\">\r\n\t\t\t\t\t<span style=\"font-family:'Verdana'; font-size: 0.90em\">Riksdagen ställer sig bakom det som anförs i motionen om att uppmana Utrikesdepartementet att se över sin säkerhetsklassning av Somaliland och tillkännager detta för regeringen.</span>\r\n\t\t\t\t</li>\r\n\t\t\t\t<li class=\"Frslagstext\" style=\"margin-left:14pt; t-i:0pt; padding-left:4pt; font-family:'Verdana'; font-size: 0.90em\">\r\n\t\t\t\t\t<span style=\"font-family:'Verdana'; font-size: 0.90em\">Riksdagen ställer sig bakom det som anförs i motionen om att Business Sweden ska ge Somaliland ökad prioritet och tillkännager detta för regeringen.</span>\r\n\t\t\t\t</li>\r\n\t\t\t\t<li class=\"Frslagstext\" style=\"margin-left:14pt; t-i:0pt; padding-left:4pt; font-family:'Verdana'; font-size: 0.90em\">\r\n\t\t\t\t\t<span style=\"font-family:'Verdana'; font-size: 0.90em\">Riksdagen ställer sig bakom det som anförs i motionen om att främja stöd till Somaliland Development Fund och tillkännager detta för regeringen.</span>\r\n\t\t\t\t</li>\r\n\t\t\t\t<li class=\"Frslagstext\" style=\"margin-left:14pt; t-i:0pt; padding-left:4pt; font-family:'Verdana'; font-size: 0.90em\">\r\n\t\t\t\t\t<span style=\"font-family:'Verdana'; font-size: 0.90em\">Riksdagen ställer sig bakom det som anförs i motionen om att se över ett tillfälligt stöd till områdena Puntland och Galmudug och tillkännager detta för regeringen.</span>\r\n\t\t\t\t</li>\r\n\t\t\t\t<li class=\"Frslagstext\" style=\"margin-left:14pt; t-i:0pt; padding-left:4pt; font-family:'Verdana'; font-size: 0.90em\">\r\n\t\t\t\t\t<span style=\"font-family:'Verdana'; font-size: 0.90em\">Riksdagen ställer sig bakom det som anförs i motionen om att regeringen, inom världssamfundet, för att finna en långsiktigt hållbar lösning på landets styre bör verka för att Somalias demokratiska modell i så stor utsträckning som möjligt anpassas till landets traditionella klanstruktur och tillkännager detta för regeringen.</span>\r\n\t\t\t\t</li>\r\n\t\t\t\t<li class=\"Frslagstext\" style=\"margin-left:14pt; t-i:0pt; padding-left:4pt; font-family:'Verdana'; font-size: 0.90em\">\r\n\t\t\t\t\t<span style=\"font-family:'Verdana'; font-size: 0.90em\">Riksdagen ställer sig bakom det som anförs i motionen om att regeringen bör arbeta för att givarsamfundet upprättar oberoende tjänstemyndigheter som mellanhänder mellan givarsamfundet och den somaliska staten å ena sidan och de organisationer som tillhandahåller tjänster å andra sidan, och detta tillkännager riksdagen för regeringen.</span>\r\n\t\t\t\t</li>\r\n\t\t\t\t<li class=\"Frslagstext\" style=\"margin-left:18pt; t-i:0pt; font-family:'Verdana'; font-size: 0.90em\">\r\n\t\t\t\t\t<span style=\"font-family:'Verdana'; font-size: 0.90em\">Riksdagen ställer sig bakom det som anförs i motionen om att regeringen bör verka för att Unsom utarbetar en plan för att reglera de företag som tillhandahåller säkerhetstjänster i landet i syfte att hålla kostnader nere, hålla intäkterna borta från potentiella terrorister och krigsherrar och stödja uppbyggnaden av en beskattad, vit ekonomi i landet och tillkännager detta för regeringen.</span>\r\n\t\t\t\t</li>\r\n\t\t\t</ol>\r\n\t\t\t<h1 style=\"-aw-sdt-tag:CC_Motivering_Rubrik; -aw-sdt-title:CC_Motivering_Rubrik\">\r\n\t\t\t\t<a name=\"MotionsStart\"></a><span>1 Bakgrund Somalia</span>\r\n\t\t\t</h1>\r\n\t\t\t<p class=\"Normalutanindragellerluft\">\r\n\t\t\t\t<span>Förbindelserna mellan Sverige och Somalia är breda. Sverige har </span><span>i</span><span> många år bidragit med stora summor i internationellt bistånd och vi har sedan länge </span><span>ett stort politiskt engagemang när det gäller</span><span> att stödja fredsprocesserna i </span><span>landet</span><span>. Den stora somaliska diasporan i Sverige ökar </span><span>synnerligen</span><span> </span><span>också </span><span>de starka banden mellan Sverige och Somalia. Somalias historia visar dock på ett behov av ordentliga förändringar för att framöver lyckas </span><span>vända landets utveckling i en positiv riktning</span><span>.</span>\r\n\t\t\t</p>\r\n\t\t\t<p>\r\n\t\t\t\t<span>Fram till den 1</span><span> </span><span>juli 1960 bestod det vi idag kallar för Somalia främst av två kolonier</span><span> –</span><span> en brittisk del (Somaliland) och en</span><span> italiensk del (övriga Somalia) –</span><span> men området har även varit koloniserat av Frankrike. 1960 bildades unionen mellan Somalia och Somaliland. Dock undertecknades detta aldrig av parlamenten i de två länderna, vilket var en förutsättning för avtalets giltighet</span><span>,</span><span> vilket betyder att Somalilands folk de facto har berövats sitt eget land.</span>\r\n\t\t\t</p>\r\n\t\t\t<p>\r\n\t\t\t\t<span>Somalia är idag klassat som ett av de mest krigsdrabbade länderna i Afrika, och dess regering har </span><span>till</span><span> följd av inbördeskrig sedan 1991 saknat full kontroll över landet. I början på 2015 låg Soma</span><span>lia på fjärde plats på listan över</span><span> länder med flest flyktingar, med runt 2,2 miljoner flyktingar (varav 1,2 miljoner flytt till ett annat land). Fattigdom, svält och misär hör dess</span><span>värre till vanligheterna</span><span> i regionen, varför bland annat FN h</span><span>ar bidragit med mycket stöd. Till</span><span> följd av det klanbaserade samhället och de pågående konflikterna har landet delats</span><span> upp</span><span> och särskilt tydligt märker tre områden ut sig</span><span>:</span><span> Somaliland, Galmudug och Puntland.</span>\r\n\t\t\t</p>\r\n\t\t\t<h1>\r\n\t\t\t\t<span>2 </span><span>Självständighet för Somaliland</span>\r\n\t\t\t</h1>\r\n\t\t\t<p class=\"Normalutanindragellerluft\">\r\n\t\t\t\t<span>Somaliland kallas en del av norra Somalia som tidigare varit ett brittiskt protektorat</span><span>,</span><span> och historiskt saknar </span><span>området</span><span> starka band till övriga Somalia. Idag har landet ungefär 3,5 miljoner invånare och är sedan 2008 uppdelat i 13 regioner.</span>\r\n\t\t\t</p>\r\n\t\t\t<p>\r\n\t\t\t\t<span>Den 18 maj 1991 utropades självständighet och området har sedan dess i praktiken också varit självstyrande där samtliga barn har rätt till en kostnadsfri utbildning. Somaliland har en egen huvudstad, egna institutioner, en egen president, egna ministrar, egna politiska partier, egna pass, ett eget parlament, en egen valuta och till och med ett eget landslag i fotboll. I kontrast till övriga Somalia har man även haft en fredlig och stabil utveckling och därför saknat de problem som varit vanligt förekommande i andra delar av Somalia</span><span>,</span><span> som </span><span>drabbats</span><span> av inbördeskrig och religiös fanatism. </span>\r\n\t\t\t</p>\r\n\t\t\t<p>\r\n\t\t\t\t<span>Sedan 2003 har det hållits regelbundna demokratiska val, som av utländska val</span><span>­</span><span>observatörer bedömts vara fullt legitima, helt i enlighet med konstitutionen. Landet har ett tvåkammarsystem, där äldsterådet består av representanter för de olika klanerna och representanthuset av folkvalda ledamöter. Trots politiska olikheter partierna emellan h</span><span>ar fredliga maktskiften ägt rum</span><span> och förloraren har gratulerat vinnaren för att sedan utan komplikationer fortsätta det politiska arbetet i opposition. Att upprätta tätare diplo</span><span>­</span><span>matiska förbindelser med Somaliland bör därför vara eftersträvansvärt för att följa den positiva utvecklingen.</span><span> </span>\r\n\t\t\t</p>\r\n\t\t\t<p>\r\n\t\t\t\t<span>Somalilands utveckling, i en av världens mest våldsamma regioner, bör fungera som föredöme för andra regioner runt om i världen som önskar mer självstyre och ett erkän</span><span>­</span><span>nande av den fria världen. På grund av att Afrikanska unionen, som främst styrs av diktaturer, inte vill erkänna Somaliland som stat går utvecklingen långsamt. Det är således </span><span>inte </span><span>troligt att Somalilands grannländer skul</span><span>le erkänna dess självständighet</span><span>,</span><span> och då bör den demokratiska världen visa sitt stöd. Somaliland har inte vunnit sin frihet genom separatism, våld eller </span><span>genom att </span><span>på något sätt bryta mot internationella regler</span><span>­</span><span>ingar. Det var snarare kaoset i Somalia som lämna</span><span>de just denna region utan styre</span><span> och då valde Somalilands folk att ta styret i egna händer.</span>\r\n\t\t\t</p>\r\n\t\t\t<p>\r\n\t\t\t\t<span>Sverige har idag tre uttalade kriterier </span><span>som ska</span><span> uppfylla</span><span>s</span><span> </span><span>för att erkännas som </span><span>ett självst</span><span>ändigt land:</span><span> det ska finnas ett folk, det ska finnas ett territorium och det ska finnas en regering som kan utöva kontroll över territoriet. Det bör inte finnas några tvivel om att Sveriges tre uttalade kriterier för att erkänna </span><span>ett självständigt land uppfylls</span><span> och många utöver dem.</span>\r\n\t\t\t</p>\r\n\t\t\t<p>\r\n\t\t\t\t<span>Somalilands folk bör själva få rita kartan över sitt land. Det är därför dags att Sverige tar sitt ansvar och erkänner Somaliland som ett självständigt land vilket riksdagen bör tillkännage för regeringen. </span>\r\n\t\t\t</p>\r\n\t\t\t<h1 style=\"margin-left:14.2pt; t-i:-14.2pt\">\r\n\t\t\t\t<span>3 </span><span>Ambassad i </span><span>Hargey</span><span>sa</span><span> och u</span><span>tökade diplomatiska förbindelser</span>\r\n\t\t\t</h1>\r\n\t\t\t<p class=\"Normalutanindragellerluft\">\r\n\t\t\t\t<span>Att den svenska ambassaden som täcker Somalia idag ligger i Kenyas huvudstad Nairobi är förståeligt, givet säkerhetsläget i Mogadishu. I Somalilands huvudstad </span><span>Hargey</span><span>sa</span><span> finns dock goda möjligheter att upprätta en mer närliggande ambassad</span><span> med förhållandevis goda kommunikationer</span><span>. </span><span>Sverige bör se över möjligheten till ytterligare diplomatiska förbindelser med Somalilands regering och ta ett första steg genom upprättandet av en ambassad i Somaliland. </span><span>En sådan flytt skulle öka såväl Somalias som Somalilands legitimitet</span><span>,</span><span> samtidigt som det skulle effektivisera arbetet och möjliggöra för Sverige att bistå i arbetet med </span><span>förbättrade relationer mellan Somalia och Somaliland. </span><span>Riksdagen bör därför tillkännage för regeringen att </span><span>det bör </span><span>upprätta</span><span>s</span><span> en ny ambassad i </span><span>Hargey</span><span>sa</span><span> med ansvar för Somalia och Somaliland</span><span>.</span><span> </span>\r\n\t\t\t</p>\r\n\t\t\t<h1 style=\"margin-left:14.2pt; t-i:-14.2pt\">\r\n\t\t\t\t<span>4 </span><span>Samverkan mellan svenska och somaliländska myndigheter</span>\r\n\t\t\t</h1>\r\n\t\t\t<p class=\"Normalutanindragellerluft\">\r\n\t\t\t\t<span>Somaliland har som bekant ett flertal olika myndigheter som idag fungerar precis som i stater med jämförbara förhållanden. Trots detta finns idag inga direkta förbindelser mellan svenska myndigheter och deras somaliländska motsvarigheter. Istället sker myndighetskontakten främst med motsvarigheterna i Somalia. Sätet för dessa ligger i Mogadishu, långt ifrån Somaliland, och dessa lider idag av stora problem </span><span>till</span><span> följd av inbördeskriget i och kring staden. Riksdagen bör tillkännage för regeringen att </span><span>man bör </span><span>verka för att skapa samarbeten mellan svenska myndigheter och </span><span>deras</span><span> motsvarigheter i Somaliland. Om så sker skulle även förutsättningarna för myndigheterna i Mogadishu att fungera bättre förbättras avsevärt, då de avlastas genom mindre ansvar. </span>\r\n\t\t\t</p>\r\n\t\t\t<h1>\r\n\t\t\t\t<span>5 </span><span>UD:s s</span><span>äkerhetsklassning av Somaliland</span>\r\n\t\t\t</h1>\r\n\t\t\t<p class=\"Normalutanindragellerluft\">\r\n\t\t\t\t<span>En av de största utmaningarna med den framtida utvecklingen av Somaliland är att få känner till att regionen ens existerar och ännu färre vet att det är förhållandevis fredligt, demokratiskt och stabilt i området. Som</span><span> en</span><span> följd av detta är det svårt för </span><span>Somaliland</span><span> att locka till sig utländska besökare, och när informationen om läget i just denna region inte skiljer sig från situationen kring exempelvis Somalias huvudstad Mogadishu, är det inte konstigt om turister eller handelsmän inte besöker landet. Detta är således också ett problem som drabbat förtroendevalda som på grund av Utrikesdepartementets säker</span><span>­</span><span>hetskl</span><span>assning av hela Somalia</span><span> rekommenderas att inte åka dit. Riksdagen bö</span><span>r därför ge regeringen till</span><span>känna att UD:s säkerhetsklassning av Somaliland ska uppdateras för att avdramatisera säkerhetsläget.</span>\r\n\t\t\t</p>\r\n\t\t\t<h1>\r\n\t\t\t\t<span>6 </span><span>Somaliland bör få ökad prioritet för Business </span><span>Sweden</span>\r\n\t\t\t</h1>\r\n\t\t\t<p class=\"Normalutanindragellerluft\">\r\n\t\t\t\t<span>Stommen i Somalilands ekonomi är idag boskapsskötsel, vilken också är en viktig inkomstkälla för staten. Utöver boskap är de största produktionssektorerna i landet fiske, jordbruk och </span><span>produktion av </span><span>träkol. Samtidigt har handel i alla tider fungerat som ett bra sätt att främja en positiv ekonomisk utveckling och förbättrad kunskap olika länder emellan. Genom ett utbyte av varor och </span><span>tjänster samt ökad sysselsättning kan ett bättre samhälle för samtliga inblandade</span><span> främjas.</span>\r\n\t\t\t</p>\r\n\t\t\t<p>\r\n\t\t\t\t<span>Somaliland är rikt på naturtillgångar och nationen är positivt inställd till utländska investeringar, då ambitionen är att minska arbetslösheten och behålla den yngre arbetskraften i landet. </span><span>Exempelvis fiskeindustrin är kraftigt underutvecklad i Somali</span><span>­</span><span>land, trots en enorm potential. Vid samtal med företrädare tycks det bland annat ha att göra med brist på exempelvis kylskåp, vilket krävs för att kunna förvara den fisk som fiskas. Med s</span><span>må medel kan rätt satsningar i Somaliland</span><span> generera </span><span>arbetstillfällen och </span><span>stärk</span><span>a</span><span> ekonomi</span><span>n</span><span>. </span><span>Att Somaliland inte är internationellt erkänt skadar dessvärre möjligheten för dem att få utländska investerare, då de </span><span>till</span><span> följd av problemen i övriga Somalia inte vågar investera i landet. Idag bedriver Forum Syd verksamhet i Somalia med stöd av Business Sweden för att öka företagande i landet</span><span>. F</span><span>ör just svenska företagare finns en enorm potential då Sverige har ett gott rykte och förtroendet för svenska företag och svenska produkter är högt</span><span>. Vi vill därför att Business Sweden ska ge Somaliland ökad prioritet för att främja svenska investeringar. Detta skulle gynna såväl Somaliland som svenska företag</span><span>,</span><span> samtidigt som det underlättar för att erkänna Somalilands framgångar. Detta skulle kunna leda till ett minskat beroende av bistånd i området, samtidigt som tillväxten ökar. Genom att produktionen av olika varor sker där, möjliggörs samtidigt en billigare import av varor till Sverige.</span>\r\n\t\t\t</p>\r\n\t\t\t<h1>\r\n\t\t\t\t<span>7 </span><span>Somaliland Development Fund</span>\r\n\t\t\t</h1>\r\n\t\t\t<p class=\"Normalutanindragellerluft\">\r\n\t\t\t\t<span>Somaliland Development Fund har som syfte att stödja Somalilands utvecklingsmål genom särskilt stöd till den folkvalda regeringen i Somaliland. Fonden har likaså som mål att bygga ansvarsskyldighet och öppenhet i regionen. Dessutom arbetar man med att stärka banden mellan politiken i Somaliland och dess medborgare, för att främja inre tillväxt och stabilitet. Detta är en fond som i nuläget är i behov av fler större bidrags</span><span>­</span><span>givare för att kunna förverkliga sitt mål om en stark region i den kanske fredligaste och bäst fungerande delen av det vi idag kallar Somalia. Om handeln, stabiliteten och den positiva utvecklingen av Somaliland fortsätter, ökar chanserna till fred och välstånd i hela regionen. Regeringen bör av den anledningen påbörja ett arbete för att främja stöd till Somaliland Development Fund.</span>\r\n\t\t\t</p>\r\n\t\t\t<h1 style=\"margin-left:14.2pt; t-i:-14.2pt\">\r\n\t\t\t\t<span>8 </span><span>Tillfälligt stöd till själv</span><span>styre i Galmudug och Puntland</span>\r\n\t\t\t</h1>\r\n\t\t\t<p class=\"Normalutanindragellerluft\">\r\n\t\t\t\t<span>Puntland är ett område i norra Somalia och var tidigare, till skillnad från Somaliland, en italiensk koloni vid namn Italienska Somaliland. Sedan 1998 är det en själv</span><span>styrande region av Somalia, till </span><span>följd av det r</span><span>ådande inbördeskriget i Somalia</span><span>,</span><span> och området är uppdelat i åtta olika regioner. Ungefär två tredjedelar av befolk</span><span>ningen är nomader</span><span> och samhället har idag stora svårigheter med den egna försörjningen. Detta har delvis lett till ökad piratverksamhet, </span><span>vilket</span><span> också blivit internationellt uppmärksammat. </span>\r\n\t\t\t</p>\r\n\t\t\t<p>\r\n\t\t\t\t<span>Galmudug är ett område söder om Puntland, bestående av två somaliska regioner. Området präglades av krig och laglöshet fram till 2006, då det i praktiken blev en autonom region med en egen president, parlament, domstol och armé. </span>\r\n\t\t\t</p>\r\n\t\t\t<p>\r\n\t\t\t\t<span>I framtiden önskar både Puntland och Galmudug vara delrepubliker av en federal somalisk stat och strävar inte efter självständighet. Under det rådande inbördeskriget har de båda områdena dock själva agerat som autonoma regioner, vilket har varit positivt för att minska spänningarna och förhindra ytterligare konflikter i Somalia. Så länge inbördeskrig råder i landet bör riksdagen ge regeringen till känna att </span><span>man bör </span><span>se över hur dessa områden kan stöttas för att förhindra en eventuell eskalering av våldet i Somalia.</span>\r\n\t\t\t</p>\r\n\t\t\t<h1 style=\"margin-left:14.2pt; t-i:-14.2pt\">\r\n\t\t\t\t<span>9 </span><span>Demokratisk modell anpassad till lan</span><span>dets traditionella klanstruktur</span>\r\n\t\t\t</h1>\r\n\t\t\t<p class=\"Normalutanindragellerluft\">\r\n\t\t\t\t<span>Somalia kommer hålla ett val till parlamentets underhus i oktober 2016 och enligt FIEIT (valkommissionen) kommer valet, trots ryktesspridning och osäkerhet, att hållas som planerat. Valet i Somalia är, med svenska mått mätt, </span><span>en </span><span>något udda affär. Valkom</span><span>­</span><span>missionen kommer i ett första steg att välja ut 135 klanäldste, vilka i sin tu</span><span>r upprättar en lista på runt 14</span><span> </span><span>000 delegater, vilka i sin tur väljer de 275 platserna i underhuset. Även om processen knappast kan kallas en folkomröstning välkomnar Sverigedemokraterna alla steg mot en demokratisering. Vi ser det inte heller som problematiskt att Somalia väljer en egen väg, baserad på landets klanstruktur och säkerhetssituation, i stället för att kopiera den västerländska modellen. Forskning och erfarenhet visar tydligt att när världssamfundet påtvingar </span><span>mångkulturella och dåligt utvecklade stater </span><span>den väster</span><span>­</span><span>ländska demokratiska mallen, kan resultatet bli katastrofalt. Vi vill därför att regeringen inom världssamfundet, för att finna en långsiktigt hållbar lösning på landets styre, verkar för att en demokratisk modell i så stor utsträckning som möjligt anpassas till landets traditionella klanstruktur.</span>\r\n\t\t\t</p>\r\n\t\t\t<h1 style=\"margin-left:22.7pt; t-i:-22.7pt\">\r\n\t\t\t\t<span>10 </span><span>Långsiktig uppbyggnad </span><span>av den offentliga förvaltningen</span>\r\n\t\t\t</h1>\r\n\t\t\t<p class=\"Normalutanindragellerluft\">\r\n\t\t\t\t<span>Tidigare erkända somaliska regeringar, både den transitionella och </span><span>den </span><span>ordinarie federala, har ur förvaltningssynpunkt fungerat katastrofalt dåligt. Visselblåsaren</span><span> Abdirizak Fa</span><span>rt</span><span>a</span><span>ag har i flera sammanhang öppet vittnat om det s.k. Fadlansystemet genom vilket somaliska regeringsföreträdare genomfört enorma transaktioner från landets centralbank kontant, ofta helt utan att lämna några kvitton på vad pengarna används till. Företrädare för Som</span><span>alias regering agerar enligt Fa</span><span>rt</span><span>a</span><span>ag som om landets tillgångar var deras egna, och endast en bråkdel av internationella donationer ämnade för statskassan hamnade faktiskt på dess konton. </span>\r\n\t\t\t</p>\r\n\t\t\t<p>\r\n\t\t\t\t<span>Situationen på intäktssidan var tyvärr lika </span><span>dålig</span><span>. En av somaliska statens största inkomstkällor är tullar från hamnen i Mogadishu. 2010 beräknades hamnen ha intäkter på 30 miljoner dollar. Av dessa rapporterades</span><span> 12 till staten varav 6</span><span> </span><span>gick direkt till presidentens egna utgifter, vilka inte redovisas offentligt. Experter räknar med att den somaliska staten skulle kunna inbringa stora skatte</span><span>tillgångar, t.ex. från landets t</span><span>ele</span><span>k</span><span>omindustri, men att så inte sker därför att viljan saknas. Delar av den somaliska staten har även enligt rapporter varit involverade i organiserad brottslighet, till exempel vapen</span><span>försäljning till terrorgruppen a</span><span>l-Shabaab som man själv ligger i krig med. Ingenting tyder heller på att situationen kommer att förbättras under överskådlig tid. Sverigedemokraterna drar slutsatsen att Somalias offentliga förvaltning inte är en fungerande samarbetspartner. Samtidigt drabbar den somaliska korruptionen oundvikligen hjälpinsatserna i landet. </span>\r\n\t\t\t</p>\r\n\t\t\t<p>\r\n\t\t\t\t<span>Därför vill vi att Sveriges regering arbetar för att minimera beroendet av den somalis</span><span>ka staten som tjänsteleverantör</span><span> och i stället arbetar för att det internationella samfundet, för att förhindra korruption och på sikt bygga upp fungerande offentliga institutioner, upprättar oberoende tjänstemy</span><span>ndigheter (Independent Service A</span><span>uthorities) som mellanhänder mellan givarsamfundet och d</span><span>en somaliska staten å ena sidan</span><span> och de organisationer som tillhandahåller tjänster å den andra.</span>\r\n\t\t\t</p>\r\n\t\t\t<h1>\r\n\t\t\t\t<span>11 </span><span>CSO:er och säkerhet</span>\r\n\t\t\t</h1>\r\n\t\t\t<p class=\"Normalutanindragellerluft\">\r\n\t\t\t\t<span>Ett stort antal CSO:er </span><span>(</span><span>civil s</span><span>ociety </span><span>o</span><span>rganisations)</span><span>är verksamma på marken i Somalia. Det är inte ovanligt a</span><span>tt CSO:er spenderar upp till 50</span><span> </span><span>% av sina budgetar på säkerhet i Somalia. Det är inte heller ovanligt att säkerheten tillhandahålls av</span><span> parter som är mycket olämpliga</span><span>, vilket leder till en stor marknad för krigsherrar och ett</span><span> stort ekonomiskt incitament</span><span> att kontrollera vissa territorier. Det har också funnits tecken på en kartelli</span><span>­</span><span>sering av dessa s.k. implementerande parter</span><span>,</span><span> som på olika sätt utför arbete åt CSO:er i Somalia. Sammantaget leder detta till en försämrad säkerhetssituation.</span>\r\n\t\t\t</p>\r\n\t\t\t<p>\r\n\t\t\t\t<span>Sverigedemokraterna vill därför att regeringen verkar för att Unsom utarbetar en plan för att reglera de företag som tillhandahåller säkerhetstjänster i landet, i syfte att hålla kostnader nere, hålla intäkterna borta från potentiella terrorister och krigsherrar samt stödja uppbyggnaden av en beskattad, vit ekonomi i landet.</span>\r\n\t\t\t</p>\r\n\t\t\t<p style=\"-aw-sdt-tag:CC_Underskrifter; -aw-sdt-title:CC_Underskrifter\">\r\n\t\t\t\t<span> </span>\r\n\t\t\t</p>\r\n\t\t\t<p style=\"-aw-sdt-tag:CC_Underskrifter; -aw-sdt-title:CC_Underskrifter\">\r\n\t\t\t\t<span> </span>\r\n\t\t\t</p>\r\n\t\t\t<table cellspacing=\"0\" cellpadding=\"0\" style=\"border-collapse:collapse; margin-left:0pt; width:100%\">\r\n\t\t\t\t<tr>\r\n\t\t\t\t\t<td style=\"padding-left:5.4pt; padding-right:5.4pt; vertical-align:bottom; width:1%\">\r\n\t\t\t\t\t\t<p class=\"Underskrifter\" style=\"margin-top:15pt; margin-bottom:3pt; page-break-inside:avoid; line-height:15pt\">\r\n\t\t\t\t\t\t\t<span style=\"font-size:12pt; font-style:italic\">Markus Wiechel (SD)</span>\r\n\t\t\t\t\t\t</p>\r\n\t\t\t\t\t</td>\r\n\t\t\t\t\t<td style=\"padding-left:5.4pt; padding-right:5.4pt; vertical-align:bottom; width:1%\">\r\n\t\t\t\t\t\t<p class=\"Underskrifter\" style=\"margin-top:15pt; margin-bottom:3pt; page-break-inside:avoid; line-height:15pt\">\r\n\t\t\t\t\t\t\t<span style=\"font-size:12pt; font-style:italic\"> </span>\r\n\t\t\t\t\t\t</p>\r\n\t\t\t\t\t</td>\r\n\t\t\t\t</tr>\r\n\t\t\t\t<tr>\r\n\t\t\t\t\t<td style=\"padding-left:5.4pt; padding-right:5.4pt; vertical-align:bottom; width:1%\">\r\n\t\t\t\t\t\t<p class=\"Underskrifter\" style=\"margin-top:15pt; margin-bottom:0pt; page-break-inside:avoid; line-height:15pt\">\r\n\t\t\t\t\t\t\t<span style=\"font-size:12pt; font-style:italic\">Björn Söder (SD)</span>\r\n\t\t\t\t\t\t</p>\r\n\t\t\t\t\t</td>\r\n\t\t\t\t\t<td style=\"padding-left:5.4pt; padding-right:5.4pt; vertical-align:bottom; width:1%\">\r\n\t\t\t\t\t\t<p class=\"Underskrifter\" style=\"margin-top:15pt; margin-bottom:0pt; page-break-inside:avoid; line-height:15pt\">\r\n\t\t\t\t\t\t\t<span style=\"font-size:12pt; font-style:italic\">Ludvig Aspling (SD)</span>\r\n\t\t\t\t\t\t</p>\r\n\t\t\t\t\t</td>\r\n\t\t\t\t</tr>\r\n\t\t\t\t<tr>\r\n\t\t\t\t\t<td style=\"padding-left:5.4pt; padding-right:5.4pt; vertical-align:bottom; width:1%\">\r\n\t\t\t\t\t\t<p class=\"Underskrifter\" style=\"margin-top:15pt; margin-bottom:0pt; page-break-inside:avoid; line-height:15pt\">\r\n\t\t\t\t\t\t\t<span style=\"font-size:12pt; font-style:italic\">Lars Andersson (SD)</span>\r\n\t\t\t\t\t\t</p>\r\n\t\t\t\t\t</td>\r\n\t\t\t\t\t<td style=\"padding-left:5.4pt; padding-right:5.4pt; vertical-align:bottom; width:1%\">\r\n\t\t\t\t\t\t<p class=\"Underskrifter\" style=\"margin-top:15pt; margin-bottom:0pt; page-break-inside:avoid; line-height:15pt\">\r\n\t\t\t\t\t\t\t<span style=\"font-size:12pt; font-style:italic\">Tobias Andersson (SD)</span>\r\n\t\t\t\t\t\t</p>\r\n\t\t\t\t\t</td>\r\n\t\t\t\t</tr>\r\n\t\t\t\t<tr>\r\n\t\t\t\t\t<td style=\"padding-left:5.4pt; padding-right:5.4pt; vertical-align:bottom; width:1%\">\r\n\t\t\t\t\t\t<p class=\"Underskrifter\" style=\"margin-top:15pt; margin-bottom:0pt; page-break-inside:avoid; line-height:15pt\">\r\n\t\t\t\t\t\t\t<span style=\"font-size:12pt; font-style:italic\">Sara Seppälä (SD)</span>\r\n\t\t\t\t\t\t</p>\r\n\t\t\t\t\t</td>\r\n\t\t\t\t\t<td style=\"padding-left:5.4pt; padding-right:5.4pt; vertical-align:bottom; width:1%\">\r\n\t\t\t\t\t\t<p class=\"Underskrifter\" style=\"margin-top:15pt; margin-bottom:3pt; page-break-inside:avoid; line-height:15pt\">\r\n\t\t\t\t\t\t\t<span style=\"font-size:12pt; font-style:italic\"> </span>\r\n\t\t\t\t\t\t</p>\r\n\t\t\t\t\t</td>\r\n\t\t\t\t</tr>\r\n\t\t\t</table>\r\n\t\t\t<p>\r\n\t\t\t\t<span> </span>\r\n\t\t\t</p>\r\n\t\t</div>\r\n\t</div>"},"dokforslag":{"forslag":[{"nummer":"1","beteckning":null,"lydelse":"Riksdagen ställer sig bakom det som anförs i motionen om att erkänna Somaliland som självständig stat och tillkännager detta för regeringen.","lydelse2":null,"utskottet":null,"kammaren":null,"behandlas_i":null,"behandlas_i_punkt":null,"kammarbeslutstyp":null,"intressent":"UU","avsnitt":null,"grundforfattning":null,"andringsforfattning":null},{"nummer":"2","beteckning":null,"lydelse":"Riksdagen ställer sig bakom det som anförs i motionen om att upprätta en ambassad i Somalilands huvudstad Hargeysa med ansvar för såväl Somalia som Somaliland och tillkännager detta för regeringen.","lydelse2":null,"utskottet":"Avslag","kammaren":"Avslag","behandlas_i":"2018/19:KU28","behandlas_i_punkt":null,"kammarbeslutstyp":null,"intressent":"KU","avsnitt":null,"grundforfattning":null,"andringsforfattning":null},{"nummer":"3","beteckning":null,"lydelse":"Riksdagen ställer sig bakom det som anförs i motionen om att upprätta samverkan mellan svenska och somaliländska myndigheter och tillkännager detta för regeringen.","lydelse2":null,"utskottet":null,"kammaren":null,"behandlas_i":null,"behandlas_i_punkt":null,"kammarbeslutstyp":null,"intressent":"UU","avsnitt":null,"grundforfattning":null,"andringsforfattning":null},{"nummer":"4","beteckning":null,"lydelse":"Riksdagen ställer sig bakom det som anförs i motionen om att uppmana Utrikesdepartementet att se över sin säkerhetsklassning av Somaliland och tillkännager detta för regeringen.","lydelse2":null,"utskottet":null,"kammaren":null,"behandlas_i":null,"behandlas_i_punkt":null,"kammarbeslutstyp":null,"intressent":"UU","avsnitt":null,"grundforfattning":null,"andringsforfattning":null},{"nummer":"5","beteckning":null,"lydelse":"Riksdagen ställer sig bakom det som anförs i motionen om att Business Sweden ska ge Somaliland ökad prioritet och tillkännager detta för regeringen.","lydelse2":null,"utskottet":"Avslag","kammaren":"Avslag","behandlas_i":"2018/19:NU13","behandlas_i_punkt":null,"kammarbeslutstyp":null,"intressent":"NU","avsnitt":null,"grundforfattning":null,"andringsforfattning":null},{"nummer":"6","beteckning":null,"lydelse":"Riksdagen ställer sig bakom det som anförs i motionen om att främja stöd till Somaliland Development Fund och tillkännager detta för regeringen.","lydelse2":null,"utskottet":"Avslag","kammaren":"Avslag","behandlas_i":"2019/20:UU2","behandlas_i_punkt":null,"kammarbeslutstyp":null,"intressent":"UU","avsnitt":null,"grundforfattning":null,"andringsforfattning":null},{"nummer":"7","beteckning":null,"lydelse":"Riksdagen ställer sig bakom det som anförs i motionen om att se över ett tillfälligt stöd till områdena Puntland och Galmudug och tillkännager detta för regeringen.","lydelse2":null,"utskottet":null,"kammaren":null,"behandlas_i":null,"behandlas_i_punkt":null,"kammarbeslutstyp":null,"intressent":"UU","avsnitt":null,"grundforfattning":null,"andringsforfattning":null},{"nummer":"8","beteckning":null,"lydelse":"Riksdagen ställer sig bakom det som anförs i motionen om att regeringen, inom världssamfundet, för att finna en långsiktigt hållbar lösning på landets styre bör verka för att Somalias demokratiska modell i så stor utsträckning som möjligt anpassas till landets traditionella klanstruktur och tillkännager detta för regeringen.","lydelse2":null,"utskottet":null,"kammaren":null,"behandlas_i":null,"behandlas_i_punkt":null,"kammarbeslutstyp":null,"intressent":"UU","avsnitt":null,"grundforfattning":null,"andringsforfattning":null},{"nummer":"9","beteckning":null,"lydelse":"Riksdagen ställer sig bakom det som anförs i motionen om att regeringen bör arbeta för att givarsamfundet upprättar oberoende tjänstemyndigheter som mellanhänder mellan givarsamfundet och den somaliska staten å ena sidan och de organisationer som tillhandahåller tjänster å andra sidan, och detta tillkännager riksdagen för regeringen.","lydelse2":null,"utskottet":"Avslag","kammaren":"Avslag","behandlas_i":"2019/20:UU2","behandlas_i_punkt":null,"kammarbeslutstyp":null,"intressent":"UU","avsnitt":null,"grundforfattning":null,"andringsforfattning":null},{"nummer":"10","beteckning":null,"lydelse":"Riksdagen ställer sig bakom det som anförs i motionen om att regeringen bör verka för att Unsom utarbetar en plan för att reglera de företag som tillhandahåller säkerhetstjänster i landet i syfte att hålla kostnader nere, hålla intäkterna borta från potentiella terrorister och krigsherrar och stödja uppbyggnaden av en beskattad, vit ekonomi i landet och tillkännager detta för regeringen.","lydelse2":null,"utskottet":null,"kammaren":null,"behandlas_i":null,"behandlas_i_punkt":null,"kammarbeslutstyp":null,"intressent":"UU","avsnitt":null,"grundforfattning":null,"andringsforfattning":null}]},"dokaktivitet":{"aktivitet":[{"kod":"INL","namn":"Inlämnad","datum":"2018-11-28 12:12:11","status":"inträffat","ordning":"0","process":"behandling"},{"kod":"Granskad","namn":"Granskad","datum":"2018-11-28 13:32:32","status":"inträffat","ordning":"0","process":"behandling"},{"kod":"HÄN","namn":"Hänvisad","datum":"2018-12-05 00:00:00","status":"inträffat","ordning":"0","process":"behandling"}]},"dokintressent":{"intressent":[{"intressent_id":"0204240926023","namn":"Markus Wiechel","partibet":"SD","ordning":"1","roll":"undertecknare"},{"intressent_id":"0452755722723","namn":"Björn Söder","partibet":"SD","ordning":"2","roll":"undertecknare"},{"intressent_id":"0526748040023","namn":"Ludvig Aspling","partibet":"SD","ordning":"3","roll":"undertecknare"},{"intressent_id":"0254021157518","namn":"Lars Andersson","partibet":"SD","ordning":"4","roll":"undertecknare"},{"intressent_id":"086684470825","namn":"Tobias Andersson","partibet":"SD","ordning":"5","roll":"undertecknare"},{"intressent_id":"0338088431726","namn":"Sara Gille","partibet":"SD","ordning":"6","roll":"undertecknare"}]},"dokuppgift":{"uppgift":[{"kod":"motkat","namn":"Motionskategori","text":"Fristående motion","dok_id":"H6021383","systemdatum":"2019-12-11 17:19:12"},{"kod":"tilldelat","namn":"Tilldelat","text":"Utrikesutskottet","dok_id":"H6021383","systemdatum":"2019-12-11 17:19:12"},{"kod":"statustext","namn":"statustext","text":"Motionen bereds i utskott","dok_id":"H6021383","systemdatum":"2019-01-10 13:52:25"}]},"dokbilaga":{"bilaga":[{"dok_id":"H6021383","titel":"Somalia och Somaliland","subtitel":"av Markus Wiechel m.fl. (SD)","filnamn":"mot_201819__1383.docx","filstorlek":"78556","filtyp":"docx","fil_url":"http://data.riksdagen.se/fil/3A942CB9-3F52-4E78-9CC0-D2FD3F0C0BAF"},{"dok_id":"H6021383","titel":"Somalia och Somaliland","subtitel":"av Markus Wiechel m.fl. (SD)","filnamn":"mot_201819__1383.pdf","filstorlek":"104222","filtyp":"pdf","fil_url":"http://data.riksdagen.se/fil/5809D26F-B0C6-43F8-B9F5-6AABFFF24EFE"}]},"dokreferens":{"referens":[{"referenstyp":"behandlas_i","uppgift":"2018/19:UU2","ref_dok_id":"H601UU2","ref_dok_typ":"bet","ref_dok_rm":"2018/19","ref_dok_bet":"UU2","ref_dok_titel":"Utgiftsområde 7 Internationellt bistånd","ref_dok_subtitel":null,"ref_dok_subtyp":"bet","ref_dok_dokumentnamn":"Betänkande"},{"referenstyp":"behandlas_i","uppgift":"2018/19:UU10","ref_dok_id":"H601UU10","ref_dok_typ":"bet","ref_dok_rm":"2018/19","ref_dok_bet":"UU10","ref_dok_titel":"Verksamheten i Europeiska unionen under 2018","ref_dok_subtitel":null,"ref_dok_subtyp":"bet","ref_dok_dokumentnamn":"Betänkande"},{"referenstyp":"behandlas_i","uppgift":"2018/19:UU8","ref_dok_id":"H601UU8","ref_dok_typ":"bet","ref_dok_rm":"2018/19","ref_dok_bet":"UU8","ref_dok_titel":"Sveriges medlemskap i FN:s säkerhetsråd 2017-2018","ref_dok_subtitel":null,"ref_dok_subtyp":"bet","ref_dok_dokumentnamn":"Betänkande"},{"referenstyp":"behandlas_i","uppgift":"2018/19:KU28","ref_dok_id":"H601KU28","ref_dok_typ":"bet","ref_dok_rm":"2018/19","ref_dok_bet":"KU28","ref_dok_titel":"Offentlig förvaltning","ref_dok_subtitel":null,"ref_dok_subtyp":"bet","ref_dok_dokumentnamn":"Betänkande"},{"referenstyp":"behandlas_i","uppgift":"2018/19:NU13","ref_dok_id":"H601NU13","ref_dok_typ":"bet","ref_dok_rm":"2018/19","ref_dok_bet":"NU13","ref_dok_titel":"Handelspolitik","ref_dok_subtitel":null,"ref_dok_subtyp":"bet","ref_dok_dokumentnamn":"Betänkande"},{"referenstyp":"behandlas_i","uppgift":"2019/20:UU2","ref_dok_id":"H701UU2","ref_dok_typ":"bet","ref_dok_rm":"2019/20","ref_dok_bet":"UU2","ref_dok_titel":"Utgiftsområde 7 Internationellt bistånd","ref_dok_subtitel":null,"ref_dok_subtyp":"bet","ref_dok_dokumentnamn":"Betänkande"}]},"debatt":null}}