{"dokumentstatus":{"dokument":{"hangar_id":"5007639","dok_id":"H602131","rm":"2018/19","beteckning":"131","typ":"mot","subtyp":"Kommittémotion","doktyp":"mot","typrubrik":"Motion 2018/19:131 av Adam Marttinen m.fl. (SD)","dokumentnamn":"Motion","debattnamn":"Motion","tempbeteckning":"SD107","organ":"JuU","mottagare":"","nummer":"131","slutnummer":"0","datum":"2018-10-22 00:00:00","systemdatum":"2019-04-25 17:33:53","publicerad":"2018-10-22 00:00:00","titel":"En mer effektiv kriminalvård","subtitel":"av Adam Marttinen m.fl. (SD)","status":"Klar","htmlformat":"html","relaterat_id":"","source":"Filur","sourceid":"9b5f4b23-38d8-4165-97ce-925d395b9e62","dokument_url_text":"http://data.riksdagen.se/dokument/H602131/text","dokument_url_html":"http://data.riksdagen.se/dokument/H602131","dokumentstatus_url_xml":"http://data.riksdagen.se/dokumentstatus/H602131","html":"<style><!-- \r\n /********************************************************************************************************/\r\n/* Styles for D:\\Logs\\DocumentConverter\\\\Output_3036d6e0-5132-463e-beb1-abc7dce2e2df\\HTML\\Dokument.html */\r\n/* Generated by Aspose.Words for .NET 15.3.0.0                                                          */\r\n/********************************************************************************************************/\r\n\r\n@page Section1 { size:595.3pt 841.9pt; margin:35.45pt 85.05pt }\r\ndiv.Section1 { page:Section1 }\r\ndiv.pconf body { t-i:17pt; line-height:15pt; font-family:'Verdana'; font-size: 0.90em }\r\ndiv.pconf h1, h2, h3, h4, h5, h6, p { margin:0pt }\r\ndiv.pconf li, table { margin-top:0pt; margin-bottom:0pt }\r\ndiv.pconf h1 { margin-top:41pt; margin-bottom:0pt; t-i:0pt; page-break-inside:avoid; page-break-after:avoid; line-height:19.5pt; font-family:'Verdana'; font-size: 1.05em; font-weight:normal }\r\ndiv.pconf h2 { margin-top:30pt; margin-bottom:0pt; t-i:0pt; page-break-inside:avoid; page-break-after:avoid; line-height:15pt; font-family:'Verdana'; font-size: 1.00em; font-weight:normal }\r\ndiv.pconf h3 { margin-top:18pt; margin-bottom:0pt; t-i:0pt; page-break-inside:avoid; page-break-after:avoid; line-height:15pt; font-family:'Verdana'; font-size: 0.90em; font-weight:bold }\r\ndiv.pconf h4 { margin-top:18pt; margin-bottom:0pt; t-i:0pt; page-break-inside:avoid; page-break-after:avoid; line-height:15pt; font-family:'Verdana'; font-size: 0.90em; font-weight:normal; font-style:italic }\r\ndiv.pconf h5 { margin-top:15pt; margin-bottom:0pt; t-i:0pt; page-break-inside:avoid; page-break-after:avoid; line-height:15pt; font-family:'Verdana'; font-size: 0.90em; font-weight:bold; font-style:normal }\r\ndiv.pconf h6 { margin-top:15pt; margin-bottom:0pt; t-i:0pt; page-break-inside:avoid; page-break-after:avoid; line-height:15pt; font-family:'Verdana'; font-size: 0.90em; font-weight:normal; font-style:italic }\r\n.Heading7 { margin-top:15pt; margin-bottom:0pt; t-i:0pt; page-break-inside:avoid; page-break-after:avoid; line-height:15pt; font-family:'Verdana'; font-size: 0.90em; font-weight:normal; font-style:italic }\r\n.Heading8 { margin-top:15pt; margin-bottom:0pt; t-i:0pt; page-break-inside:avoid; page-break-after:avoid; line-height:15pt; font-family:'Verdana'; font-size: 0.90em; font-weight:normal; font-style:italic }\r\n.Heading9 { margin-top:0pt; margin-bottom:0pt; t-i:0pt; page-break-inside:avoid; page-break-after:avoid; line-height:15pt; font-family:'Verdana'; font-size: 0.90em; font-weight:normal; font-style:italic }\r\n.BalloonText { margin-bottom:0pt; t-i:17pt; line-height:normal; font-family:'Segoe UI'; font-size: 0.90em }\r\n.Beteckning { margin-top:18pt; margin-bottom:0pt; t-i:14.2pt; page-break-inside:auto; page-break-after:auto; line-height:19.5pt; font-size: 1.05em }\r\n.BlockText, .Inramatstycke { margin-right:56.7pt; margin-left:56.7pt; margin-bottom:0pt; t-i:0pt; text-align:nojustify; line-height:15pt; border-top-style:solid; border-top-width:0.75pt; border-top-color:#000000; border-right-style:solid; border-right-width:0.75pt; border-right-color:#000000; border-left-style:solid; border-left-width:0.75pt; border-left-color:#000000; border-bottom-style:solid; border-bottom-width:0.75pt; border-bottom-color:#000000; padding-top:10pt; padding-right:10pt; padding-left:10pt; padding-bottom:10pt; font-size: 0.90em; font-style:italic }\r\n.Citaticitat { margin-top:7.5pt; margin-left:34pt; margin-bottom:0pt; t-i:0pt; line-height:12pt; font-size: 0.90em }\r\n.Citaticitatmedindrag { margin-top:0pt; margin-left:34pt; margin-bottom:7.5pt; t-i:17pt; line-height:12pt; font-size: 0.90em }\r\n.Citatmedindrag { margin-top:0pt; margin-left:17pt; margin-bottom:0pt; t-i:17pt; line-height:12pt; font-size: 0.90em }\r\n.CommentSubject { margin-bottom:0pt; t-i:17pt; line-height:normal; font-size: 0.90em; font-weight:bold }\r\n.CommentText { margin-bottom:0pt; t-i:17pt; line-height:normal; font-size: 0.90em }\r\n.FSHTitel, .Dokumentrubrik { margin-top:4pt; margin-bottom:4pt; t-i:0pt; page-break-inside:avoid; page-break-after:avoid; line-height:20pt; border-bottom-style:solid; border-bottom-width:0.75pt; border-bottom-color:#000000; padding-bottom:3pt; font-size: 1.05em }\r\n.FSHLogo { margin-top:4pt; margin-bottom:0pt; t-i:0pt; line-height:normal; font-size: 0.90em }\r\n.FSHNormL { margin-top:4pt; margin-bottom:0pt; t-i:0pt; line-height:15pt; border-top-style:solid; border-top-width:1.5pt; border-top-color:#000000; padding-top:3pt; font-size: 0.90em }\r\n.FSHNormal { margin-top:4pt; margin-bottom:0pt; t-i:0pt; line-height:15pt; font-size: 0.90em }\r\n.FSHNormalS5 { margin-top:11.5pt; margin-bottom:26pt; t-i:0pt; page-break-inside:avoid; page-break-after:avoid; line-height:12.5pt; font-size: 0.95em; font-weight:bold }\r\n.FSHRub1, .Rubrik1S5 { margin-top:135pt; margin-bottom:0pt; t-i:0pt; page-break-inside:avoid; page-break-after:avoid; line-height:16pt; font-size: 1.00em }\r\n.FSHRub2, .Rubrik1A4 { margin-top:50pt; margin-bottom:5pt; t-i:0pt; page-break-inside:avoid; page-break-after:avoid; line-height:24pt; font-size: 1.05em }\r\n.Footer { margin-top:4pt; margin-bottom:0pt; t-i:0pt; text-align:center; line-height:normal; font-size: 0.90em }\r\n.FootnoteText { margin-top:0pt; margin-bottom:0pt; t-i:0pt; line-height:12pt; font-size: 0.90em }\r\n.Yrkandehnv, .Frslagspunkthnv { margin-bottom:0pt; t-i:0pt; page-break-inside:avoid; page-break-after:avoid; font-size: 0.90em }\r\n.Frslagsrubrik { margin-top:41pt; margin-bottom:0pt; t-i:0pt; page-break-inside:avoid; page-break-after:avoid; line-height:19.5pt; font-family:'Verdana'; font-size: 1.05em }\r\n.Frslagstext, .Hemstlatt, .Yrkande { margin-top:4pt; margin-left:19.85pt; margin-bottom:0pt; t-i:-19.85pt; line-height:15pt; font-size: 0.90em }\r\n.Header { margin-top:4pt; margin-bottom:0pt; t-i:0pt; line-height:normal; font-size: 0.90em }\r\n.KantRubrikS5H { margin-top:6pt; margin-right:2.85pt; margin-bottom:0pt; t-i:0pt; text-align:right; line-height:8pt; font-size: 0.90em }\r\n.KantRubrikS5Hrad2 { margin-top:0pt; margin-right:2.85pt; margin-bottom:0pt; t-i:0pt; text-align:right; line-height:10pt; font-size: 0.90em }\r\n.KantRubrikS5V { margin-top:6pt; margin-right:0pt; margin-bottom:0pt; t-i:0pt; text-align:left; line-height:8pt; font-size: 0.90em }\r\n.KantRubrikS5Vrad2 { margin-top:0pt; margin-right:0pt; margin-bottom:0pt; t-i:0pt; text-align:left; line-height:10pt; font-size: 0.90em }\r\n.KantrubrikH { margin-top:4pt; margin-right:0pt; margin-bottom:0pt; t-i:0pt; text-align:right; line-height:15pt; font-size: 0.90em }\r\n.KantrubrikV { margin-top:4pt; margin-left:0pt; margin-bottom:0pt; t-i:0pt; line-height:normal; font-size: 0.90em }\r\n.Klla { margin-top:0pt; margin-bottom:0pt; t-i:0pt; line-height:12pt; font-size: 0.90em }\r\n.Lagtext { margin-top:4pt; margin-bottom:0pt; t-i:0pt; line-height:normal; font-size: 0.90em }\r\n.Lagtextindrag { margin-top:4pt; margin-bottom:0pt; t-i:14.2pt; line-height:normal; font-size: 0.90em }\r\n.Lagtextrubrik { margin-top:4pt; margin-bottom:0pt; t-i:0pt; line-height:normal; font-size: 0.90em; font-style:italic; letter-spacing:1pt }\r\n.List { margin-top:7.5pt; margin-left:17pt; margin-bottom:7.5pt; t-i:-17pt; line-height:15pt; font-size: 0.90em }\r\n.ListBullet, .PunktlistaBomb { margin-top:4pt; margin-left:14.2pt; margin-bottom:0pt; t-i:-14.2pt; line-height:15pt; font-size: 0.90em }\r\n.ListNumber, .PunktlistaNummer { margin-top:4pt; margin-left:14.2pt; margin-bottom:0pt; t-i:-14.2pt; line-height:15pt; font-size: 0.90em }\r\n.ListParagraph { margin-left:36pt; margin-bottom:0pt; t-i:17pt; line-height:15pt; font-size: 0.90em }\r\n.ListaGemener { margin-top:7.5pt; margin-left:17pt; margin-bottom:7.5pt; t-i:-17pt; line-height:15pt; font-size: 0.90em }\r\n.ListaLinje { margin-top:7.5pt; margin-left:17pt; margin-bottom:7.5pt; t-i:-17pt; line-height:15pt; font-size: 0.90em }\r\n.ListaNummer { margin-top:7.5pt; margin-left:17pt; margin-bottom:7.5pt; t-i:-17pt; line-height:15pt; font-size: 0.90em }\r\n.ListaPunkt { margin-top:7.5pt; margin-left:17pt; margin-bottom:7.5pt; t-i:-17pt; line-height:15pt; font-size: 0.90em }\r\n.MotionTIllRiksdagen { margin-top:18pt; margin-bottom:0pt; t-i:0pt; page-break-inside:avoid; page-break-after:avoid; line-height:19.5pt; font-size: 1.05em }\r\n.Motionr { margin-top:14pt; margin-bottom:31.5pt; t-i:0pt; page-break-inside:avoid; line-height:15pt; font-size: 1.00em; font-weight:bold; font-style:normal }\r\n.NormalIndent { margin-left:65.2pt; margin-bottom:0pt; t-i:17pt; line-height:15pt; font-size: 0.90em }\r\n.Normalutanindragellerluft { margin-top:4pt; margin-bottom:0pt; t-i:0pt; line-height:15pt; font-size: 0.90em }\r\n.Normal00 { margin-top:4pt; margin-bottom:0pt; t-i:0pt; line-height:normal; font-size: 0.90em }\r\n.NormalA4fot { margin-top:12pt; margin-bottom:0pt; t-i:0pt; text-align:center; line-height:normal; font-size: 0.90em }\r\n.NormalA4sidnr { margin-top:4pt; margin-bottom:12pt; t-i:0pt; text-align:center; line-height:normal; font-size: 0.90em }\r\n.NormalS5sidnrH { margin-top:4pt; margin-right:2.85pt; margin-bottom:0pt; t-i:0pt; text-align:right; line-height:normal; font-size: 0.90em }\r\n.NormalS5sidnrV { margin-top:4pt; margin-right:0pt; margin-bottom:0pt; t-i:0pt; text-align:left; line-height:normal; font-size: 0.90em }\r\n.PlainText { margin-bottom:0pt; t-i:0pt; line-height:12pt; font-family:'Verdana'; font-size: 0.90em }\r\n.Strecklista, .PunktlistaTankstreck { margin-top:4pt; margin-left:14.2pt; margin-bottom:0pt; t-i:-14.2pt; line-height:15pt; font-size: 0.90em }\r\n.Quote { margin-top:7.5pt; margin-left:17pt; margin-bottom:0pt; t-i:0pt; line-height:12pt; font-size: 0.90em }\r\n.R1 { margin-top:41pt; margin-bottom:0pt; t-i:0pt; page-break-inside:avoid; page-break-after:avoid; line-height:19.5pt; font-family:'Verdana'; font-size: 1.05em }\r\n.R2 { margin-top:30pt; margin-bottom:0pt; t-i:0pt; page-break-inside:avoid; page-break-after:avoid; line-height:15pt; font-family:'Verdana'; font-size: 1.00em }\r\n.R3 { margin-top:18pt; margin-bottom:0pt; t-i:0pt; page-break-inside:avoid; page-break-after:avoid; line-height:15pt; font-family:'Verdana'; font-size: 0.90em; font-weight:bold }\r\n.Rubrik1numrerat { margin-top:41pt; margin-left:18pt; margin-bottom:0pt; t-i:-18pt; page-break-inside:auto; page-break-after:avoid; line-height:19.5pt; font-family:'Verdana'; font-size: 1.05em }\r\n.Rubrik2numrerat { margin-top:30pt; margin-left:39.6pt; margin-bottom:0pt; t-i:-39.6pt; page-break-inside:avoid; page-break-after:avoid; line-height:15pt; font-family:'Verdana'; font-size: 1.00em }\r\n.Rubrik3numrerat { margin-top:18pt; margin-left:61.2pt; margin-bottom:0pt; t-i:-61.2pt; page-break-inside:avoid; page-break-after:avoid; line-height:15pt; font-family:'Verdana'; font-size: 0.90em; font-weight:bold }\r\n.Rubrik4numrerat { margin-top:18pt; margin-left:82.2pt; margin-bottom:0pt; t-i:-82.2pt; page-break-inside:avoid; page-break-after:avoid; line-height:15pt; font-family:'Verdana'; font-size: 0.90em; font-weight:normal; font-style:italic }\r\n.RubrikFrslagTIllRiksdagsbeslut { margin-top:41pt; margin-bottom:15pt; t-i:0pt; page-break-inside:avoid; page-break-after:avoid; line-height:19.5pt; font-family:'Verdana'; font-size: 1.05em }\r\n.RubrikInnehllsf { margin-top:41pt; margin-bottom:0pt; t-i:0pt; page-break-inside:avoid; page-break-after:avoid; line-height:19.5pt; font-family:'Verdana'; font-size: 1.05em }\r\n.RubrikSammanf { margin-top:41pt; margin-bottom:0pt; t-i:0pt; page-break-inside:avoid; page-break-after:avoid; line-height:19.5pt; font-family:'Verdana'; font-size: 1.05em }\r\n.Salutation { margin-top:41pt; margin-bottom:0pt; t-i:0pt; page-break-inside:avoid; page-break-after:avoid; line-height:19.5pt; font-family:'Verdana'; font-size: 1.05em }\r\n.Streckkod { margin-top:12pt; margin-bottom:0pt; t-i:0pt; text-align:center; line-height:normal; font-family:IDAutomationHC39S; font-size: 1.00em }\r\n.Subtitle { margin-top:4pt; margin-bottom:0pt; t-i:0pt; line-height:15pt; font-family:'Verdana'; font-size: 0.90em; font-weight:bold }\r\n.TOC1 { margin-top:4pt; margin-bottom:0pt; t-i:0pt; line-height:15pt; font-size: 0.90em }\r\n.TOC2 { margin-top:4pt; margin-left:14.2pt; margin-bottom:0pt; t-i:0pt; line-height:15pt; font-size: 0.90em }\r\n.TOC3 { margin-top:4pt; margin-left:28.35pt; margin-bottom:0pt; t-i:0pt; line-height:15pt; font-size: 0.90em }\r\n.TOC4 { margin-top:4pt; margin-left:42.55pt; margin-bottom:0pt; t-i:0pt; line-height:15pt; font-size: 0.90em }\r\n.TOC5 { margin-top:4pt; margin-left:56.7pt; margin-bottom:0pt; t-i:0pt; line-height:15pt; font-size: 0.90em }\r\n.TOC6 { margin-top:4pt; margin-left:56.7pt; margin-bottom:0pt; t-i:0pt; line-height:15pt; font-size: 0.90em }\r\n.TOC7 { margin-top:15pt; margin-left:56.7pt; margin-bottom:0pt; t-i:14.2pt; page-break-inside:avoid; page-break-after:avoid; line-height:normal; font-family:'Verdana'; font-size: 0.90em; font-weight:normal; font-style:italic }\r\n.TOC8 { margin-top:15pt; margin-left:56.7pt; margin-bottom:0pt; t-i:14.2pt; page-break-inside:avoid; page-break-after:avoid; line-height:normal; font-family:'Verdana'; font-size: 0.90em; font-weight:normal; font-style:italic }\r\n.TOC9 { margin-top:15pt; margin-left:56.7pt; margin-bottom:0pt; t-i:14.2pt; page-break-inside:avoid; page-break-after:avoid; line-height:normal; font-family:'Verdana'; font-size: 0.90em; font-weight:normal; font-style:italic }\r\n.TOCHeading { margin-top:41pt; margin-bottom:0pt; t-i:0pt; page-break-inside:avoid; page-break-after:avoid; line-height:19.5pt; font-family:'Verdana'; font-size: 1.05em }\r\n.Tabellunderrubrik { margin-top:0pt; margin-bottom:0pt; t-i:0pt; line-height:15pt; font-size: 0.90em; font-weight:normal; font-style:italic }\r\n.Tabellrubrik { margin-top:7.5pt; margin-bottom:0pt; t-i:0pt; line-height:15pt; font-size: 0.90em; font-weight:bold }\r\n.Title { margin-top:41pt; margin-bottom:0pt; t-i:0pt; page-break-inside:avoid; page-break-after:avoid; line-height:19.5pt; font-family:'Verdana'; font-size: 1.05em }\r\n.Underskriftdatum { margin-top:24pt; margin-bottom:3pt; t-i:0pt; page-break-inside:avoid; line-height:15pt; font-size: 0.90em; font-style:normal }\r\n.Underskrifter { margin-top:15pt; margin-bottom:3pt; t-i:0pt; page-break-inside:avoid; line-height:15pt; font-size: 0.90em; font-style:italic }\r\nspan.BallongtextChar { font-family:'Segoe UI'; font-size: 0.90em }\r\nspan.BeteckningChar { font-size:19.5pt }\r\nspan.CommentReference { font-size:8pt }\r\nspan.FSHRub2Char, span.Rubrik1A4Char { font-size:24pt }\r\nspan.FotnotstextChar { font-size:10pt }\r\nspan.InledningChar { font-family:'Verdana'; font-size: 1.00em; font-weight:bold }\r\nspan.IntenseReference { font-weight:normal; font-style:normal; font-variant:normal; text-decoration:none; text-transform:none; letter-spacing:0pt; vertical-align:0pt; color:#000000; display:inline }\r\nspan.KommentarerChar { font-size:10pt }\r\nspan.KommentarsmneChar { font-size:10pt; font-weight:bold }\r\nspan.MotionTIllRiksdagenChar { font-size:19.5pt }\r\nspan.OformateradtextChar { font-family:'Verdana'; font-size: 0.90em }\r\nspan.PlaceholderText { color:#f4b083 }\r\nspan.Rubrik1Char { font-family:'Verdana'; font-size: 1.05em }\r\nspan.Rubrik2Char { font-family:'Verdana'; font-size: 1.00em; font-weight:bold }\r\nspan.Rubrik3Char { font-family:'Verdana'; font-size: 0.90em; font-weight:bold }\r\nspan.Rubrik4Char { font-family:'Verdana'; font-size: 0.90em; font-style:italic }\r\nspan.Rubrik5Char { font-family:'Verdana'; font-weight:bold }\r\nspan.Rubrik6Char { font-family:'Verdana'; font-style:italic }\r\nspan.Rubrik7Char { font-family:'Verdana'; font-size: 0.90em; font-weight:bold }\r\nspan.Rubrik8Char { font-family:'Verdana'; font-size: 0.90em; font-weight:bold }\r\nspan.Rubrik9Char { font-family:'Verdana'; font-size: 0.90em; font-weight:bold }\r\nspan.RubrikChar { font-family:'Verdana'; font-size: 1.00em; font-weight:bold }\r\nspan.SidfotChar { font-size:11.5pt }\r\nspan.UnderrubrikChar { font-family:'Verdana'; font-size: 0.90em; font-weight:bold }\r\n.TableGrid {  }\r\n\r\n.pconf{width: 450px;margin-left:5px;overflow:visable;font-family:Verdana, Geneva, sans-serif;} \r\n .sidhuvud_publikation, .sidhuvud_beteckning{font-size:133%}\r\n.MotionarLista {font-size:122%}\r\n\r\n--></style><div class=\"pconf\"><span class=\"sidhuvud_publikation\">Motion till riksdagen</span><br/>\r\n<span class=\"sidhuvud_beteckning\">2018/19:131</span><br/>\r\n<span class=\"MotionarLista\">av Adam Marttinen m.fl. (SD)</span><br/>\r\n<h1>En mer effektiv kriminalvård</h1>\r\n<hr class=\"sidhuvud_linje\"/>\r\n\r\n\r\n\t\t<div class=\"Section1\">\r\n\t\t\t<h1 style=\"margin-bottom:15pt; -aw-sdt-tag:CC_Boilerplate_4; -aw-sdt-title:CC_Boilerplate_4\">\r\n\t\t\t\t<span>Förslag till riksdagsbeslut</span>\r\n\t\t\t</h1>\r\n\t\t\t<ol type=\"1\" style=\"margin:0pt; padding-left:0pt\">\r\n\t\t\t\t<li class=\"Frslagstext\" style=\"margin-left:14pt; t-i:0pt; padding-left:5.85pt; font-family:'Verdana'; font-size: 0.90em\">\r\n\t\t\t\t\t<span style=\"font-family:'Verdana'; font-size: 0.90em\">Riksdagen ställer sig bakom det som anförs i motionen om fler anstalts- och häktesplatser och tillkännager detta för regeringen.</span>\r\n\t\t\t\t</li>\r\n\t\t\t\t<li class=\"Frslagstext\" style=\"margin-left:14pt; t-i:0pt; padding-left:5.85pt; font-family:'Verdana'; font-size: 0.90em\">\r\n\t\t\t\t\t<span style=\"font-family:'Verdana'; font-size: 0.90em\">Riksdagen ställer sig bakom det som anförs i motionen om att utreda möjligheten att hyra fängelseplatser utomlands och tillkännager detta för regeringen.</span>\r\n\t\t\t\t</li>\r\n\t\t\t\t<li class=\"Frslagstext\" style=\"margin-left:14pt; t-i:0pt; padding-left:5.85pt; font-family:'Verdana'; font-size: 0.90em\">\r\n\t\t\t\t\t<span style=\"font-family:'Verdana'; font-size: 0.90em\">Riksdagen ställer sig bakom det som anförs i motionen om fängelser anpassade för dem som ska av- eller utvisas samt för livstidsdömda och tillkännager detta för regeringen.</span>\r\n\t\t\t\t</li>\r\n\t\t\t\t<li class=\"Frslagstext\" style=\"margin-left:14pt; t-i:0pt; padding-left:5.85pt; font-family:'Verdana'; font-size: 0.90em\">\r\n\t\t\t\t\t<span style=\"font-family:'Verdana'; font-size: 0.90em\">Riksdagen ställer sig bakom det som anförs i motionen om förvaring av samhällsfarliga brottslingar och tillkännager detta för regeringen.</span>\r\n\t\t\t\t</li>\r\n\t\t\t\t<li class=\"Frslagstext\" style=\"margin-left:14pt; t-i:0pt; padding-left:5.85pt; font-family:'Verdana'; font-size: 0.90em\">\r\n\t\t\t\t\t<span style=\"font-family:'Verdana'; font-size: 0.90em\">Riksdagen ställer sig bakom det som anförs i motionen om oövervakade besök på anstalter och tillkännager detta för regeringen.</span>\r\n\t\t\t\t</li>\r\n\t\t\t\t<li class=\"Frslagstext\" style=\"margin-left:14pt; t-i:0pt; padding-left:5.85pt; font-family:'Verdana'; font-size: 0.90em\">\r\n\t\t\t\t\t<span style=\"font-family:'Verdana'; font-size: 0.90em\">Riksdagen ställer sig bakom det som anförs i motionen om kameraövervakning i cellen och tillkännager detta för regeringen.</span>\r\n\t\t\t\t</li>\r\n\t\t\t\t<li class=\"Frslagstext\" style=\"margin-left:14pt; t-i:0pt; padding-left:5.85pt; font-family:'Verdana'; font-size: 0.90em\">\r\n\t\t\t\t\t<span style=\"font-family:'Verdana'; font-size: 0.90em\">Riksdagen ställer sig bakom det som anförs i motionen om skärpta regler för när permission ska kunna beviljas och tillkännager detta för regeringen.</span>\r\n\t\t\t\t</li>\r\n\t\t\t\t<li class=\"Frslagstext\" style=\"margin-left:14pt; t-i:0pt; padding-left:5.85pt; font-family:'Verdana'; font-size: 0.90em\">\r\n\t\t\t\t\t<span style=\"font-family:'Verdana'; font-size: 0.90em\">Riksdagen ställer sig bakom det som anförs i motionen om större inflytande för målsägande vid permission och tillkännager detta för regeringen.</span>\r\n\t\t\t\t</li>\r\n\t\t\t\t<li class=\"Frslagstext\" style=\"margin-left:14pt; t-i:0pt; padding-left:5.85pt; font-family:'Verdana'; font-size: 0.90em\">\r\n\t\t\t\t\t<span style=\"font-family:'Verdana'; font-size: 0.90em\">Riksdagen ställer sig bakom det som anförs i motionen om skadestånd vid beviljad permission utan delgivning till målsägande och tillkännager detta för regeringen.</span>\r\n\t\t\t\t</li>\r\n\t\t\t\t<li class=\"Frslagstext\" style=\"margin-left:19.85pt; t-i:0pt; font-family:'Verdana'; font-size: 0.90em\">\r\n\t\t\t\t\t<span style=\"font-family:'Verdana'; font-size: 0.90em\">Riksdagen ställer sig bakom det som anförs i motionen om skärpta regler för permission för intagna i klass 1- eller klass 2-anstalt och tillkännager detta för regeringen.</span>\r\n\t\t\t\t</li>\r\n\t\t\t\t<li class=\"Frslagstext\" style=\"margin-left:19.85pt; t-i:0pt; font-family:'Verdana'; font-size: 0.90em\">\r\n\t\t\t\t\t<span style=\"font-family:'Verdana'; font-size: 0.90em\">Riksdagen ställer sig bakom det som anförs i motionen om förbättrad statistik inom Kriminalvården och tillkännager detta för regeringen.</span>\r\n\t\t\t\t</li>\r\n\t\t\t</ol>\r\n\t\t\t<h1 style=\"-aw-sdt-tag:CC_Motivering_Rubrik; -aw-sdt-title:CC_Motivering_Rubrik\">\r\n\t\t\t\t<a name=\"MotionsStart\"></a><span>Motivering</span>\r\n\t\t\t</h1>\r\n\t\t\t<p class=\"Normalutanindragellerluft\">\r\n\t\t\t\t<span>Under den senaste tiden har problemet med platsbrist i svenska fängelser uppmärksammats. Den höga beläggningen äventyrar personalens säkerhet, ökar risken för incidenter mellan intagna och försämrar möjligheten för rehabilitering. Problemet är dock på intet sätt nytt, eller oväntat. Kriminalvården har under flera år pekat på att olika straffskärpningar och satsningar på andra delar av rättsväsendet även innebär högre </span><span>krav på </span><span>K</span><span>riminalvår</span><span>dens verksamhet. Trots det har K</span><span>riminalvården prioriterats ner av </span><span>rödgröna regeringar och alliansregeringar</span><span>.</span>\r\n\t\t\t</p>\r\n\t\t\t<h2>\r\n\t\t\t\t<span>Fler anstalts- och häktesplatser</span>\r\n\t\t\t</h2>\r\n\t\t\t<p class=\"Normalutanindragellerluft\">\r\n\t\t\t\t<span>Sverigedemokraterna har föreslagit flertalet straffskärpningar, bland annat ett borttagande av ungdomsrabatten, mängdrabatten, skärpt straff för sexualbrott, vapenbrott, människohandel och så vidare. Detta, tillsammans med våra satsningar för en mer effektiv poliskår, kommer att leda till att fler människor kommer att spendera en längre tid på anstalt, vilket kommer kräva att stängda anstalter, där det är möjligt, öppnas. Det kommer även kräva en större utbyggnad av kapaciteten</span><span> på befintliga anstalter</span><span>.</span>\r\n\t\t\t</p>\r\n\t\t\t<p>\r\n\t\t\t\t<span>Under den gånga mandatperioden har de andra partierna tagit efter delar av Sverigedemokraternas politik, gällande både skärpta straff, mer resurser till Polismyndigheten och en minskning av vissa av de s.k. straffrabatterna. Detta kommer oundvikligen resultera i en högre belastning på svenska häkten och anstalter.</span>\r\n\t\t\t</p>\r\n\t\t\t<p>\r\n\t\t\t\t<span>Vi</span><span> föreslår därför att regeringen ska upprätta en handlingsplan för hur kapaciteten kraftigt ska utökas på sikt.</span>\r\n\t\t\t</p>\r\n\t\t\t<h2>\r\n\t\t\t\t<span>Fängelseplatser utomlands</span>\r\n\t\t\t</h2>\r\n\t\t\t<p class=\"Normalutanindragellerluft\">\r\n\t\t\t\t<span>Svensk kriminalvård är dyrast i EU. Enligt Europeiska rådets årliga straffrättsliga statistik kostar en fånge i ett svenskt fängelse i snitt 359 euro per dygn medan länder som Estland, Lettland och Polen ligger under 50 euro per dygn. Samtidigt är Sverige i en situation där en allt större del av fängelsepopulationen utgörs av utländska medborgare.</span>\r\n\t\t\t</p>\r\n\t\t\t<p>\r\n\t\t\t\t<span>För att </span><span>kunna genomföra framtida kostnadsbesparingar</span><span> för svensk kriminalvård vill vi därför utreda möjligheterna att hyra fä</span><span>ngelseplatser i andra länder. De</span><span> ska delvis ku</span><span>nna användas för livstidsdömda, </span><span>långtidsdömda</span><span> eller utländska medborgare där det inte är möjligt att placera dem i ett fängelse i deras hemland,</span><span> för att hålla nere kostnaderna, men även för att hantera tillfällig överbeläggning.</span>\r\n\t\t\t</p>\r\n\t\t\t<p>\r\n\t\t\t\t<span>Genom att säkerställa att det finns etablerade möjligheter att på kort sikt hyra platser i andra länder får vi möjligheten att parera tillfälliga toppar med överbeläggning i svenska fängelser – vilket ger en mer hälsosam arbetsmiljö för personalen och en bättre rehabiliteringsmiljö för de intagna</span>\r\n\t\t\t</p>\r\n\t\t\t<h2>\r\n\t\t\t\t<span>Fängelser anpassade för dem som ska av- eller utvisas samt för livstidsdömda</span>\r\n\t\t\t</h2>\r\n\t\t\t<p class=\"Normalutanindragellerluft\">\r\n\t\t\t\t<span>Sverigedemokraterna anser att den svenska kriminalvården ska vara human, men anpassad efter verkligheten. Vi vill därför att regeringen återkommer med ett förslag om att upprätta en ny form av kriminalvårdsanstalt för utländska medborgare som ska utvisas, avvisas eller väntar på beslut om en sådan åtgärd. Denna nya form av kriminalvård ska vara av enklare standard baserad på basala behov i form av mat och </span><span>husrum och inte innehålla några rehabiliteringsåtgärder, med samma krav på säkerhet som övriga anstalter. Även de som dömts till riktiga livstidsstraff i enlighet med Sverigedemokraternas förslag bör hänvisas till denna kriminalvård.</span>\r\n\t\t\t</p>\r\n\t\t\t<h2>\r\n\t\t\t\t<span>Förvaring av samhällsfarliga brottslingar</span>\r\n\t\t\t</h2>\r\n\t\t\t<p class=\"Normalutanindragellerluft\">\r\n\t\t\t\t<span>Sverigedemokraterna anser att ett straff ska stå i proportion till brottets allvar och överensstämma med det allmänna rättsmedvetandet. Detta för att skipa rättvisa och ge brottsoffer upprättelse, men även för att uppfylla kravet om allmänprevention och individualprevention – att straffet ska verka i avskräckande syfte och förhindra återfall. Straffet bör vidare sättas i relation till den dömdes rehabilitering eller resocialisering. Med detta som grund finns det fog att ifrågasätta det svenska rättssystemets möjlighet att skydda befolkningen från uppenbart farliga brottslingar, efter att dessa avtjänat sitt straff. </span>\r\n\t\t\t</p>\r\n\t\t\t<p>\r\n\t\t\t\t<span>Med rådande system finns det ingen möjlighet att hålla kvar dömda brottslingar inom kriminalvården efter det att de avtjänat sitt fängelsestraff vilket resulterar i att bl.a. grova sexualbrottslingar med hög återfallsrisk och terrorister släpps ut i samhället. </span>\r\n\t\t\t</p>\r\n\t\t\t<p>\r\n\t\t\t\t<span>I Norge har detta problem åtgärdats genom påföljde</span><span>n förvaring: Ett ej tidsbegränsat </span><span>straff som kan utdömas när det föreligger fara för återfall och om brottslingen är farlig för samhället när han ska släppas ut. Förvaring har en kortaste och längsta tid med en återkommande bedömning av brottslingens eventuella farlighet. När längstatiden gått ut gör domstolen en bedömning av återfallsfaran där tiden kan förlängas med fem år, följt av ytterligare fem år och så vidare. </span>\r\n\t\t\t</p>\r\n\t\t\t<p>\r\n\t\t\t\t<span>Sverigedemokraterna ser stora fördelar med införandet av ett liknande system i Sverige och anser därför att det ska tillsättas en utredning kring vilka brott som skulle kunna innefattas samt om det skall vara en separat påföljd med en minimitid och en maximitid eller om bedömning och eventuell förlängning av fängelsestraff skall ske i samband med det att brottslingen avtjänat det utdömda straffet. </span>\r\n\t\t\t</p>\r\n\t\t\t<h2>\r\n\t\t\t\t<span>Oövervakade besök på anstalter</span>\r\n\t\t\t</h2>\r\n\t\t\t<p class=\"Normalutanindragellerluft\">\r\n\t\t\t\t<span>Trots nolltolerans och ett kontinuerligt arbete mot narkotika inne på anstalt så är det inte o</span><span>vanligt med beslag av narkotika;</span><span> enligt journalistiska granskningar förekommer det betydligt mer narkotika än vad som framkommit genom beslag. Enligt intagna själva så beskrivs tillgången till narkotika som obegränsad. Drogmissbruk inne på anstalter utgör både ett säkerhetsproblem för personal och intagna och det utgör ett problem för arbetet med rehabilitering och motivering för drogfrihet. </span>\r\n\t\t\t</p>\r\n\t\t\t<p>\r\n\t\t\t\t<span>Samtidigt som vi gläds över att beslag av narkotika ökat vill vi gärna medverka till att minska förekomsten av droger på våra anstalter ytterligare. I strävan att få ner drogmissbruk och kriminalitet i landet måste man därför ta detta problem med våra fängelser på största allvar. </span>\r\n\t\t\t</p>\r\n\t\t\t<p>\r\n\t\t\t\t<span>Besöksrummen är en av de uppenbara vägarna där narkotika och andra otillåtna varor kan lämnas över till den intagne. Vi anser därför </span><span>att restriktionerna för</span><span> när</span><span> Kriminalvården </span><span>får förbjuda oövervakade besök</span><span> måste lättas</span><span> upp</span><span>.</span>\r\n\t\t\t</p>\r\n\t\t\t<h2>\r\n\t\t\t\t<span>Kameraövervakning i cellen</span>\r\n\t\t\t</h2>\r\n\t\t\t<p class=\"Normalutanindragellerluft\">\r\n\t\t\t\t<span>Mycket av kriminaliteten sker i cellerna, där kameror i</span><span> </span><span>dag inte tillåts. Till exempel är det i cellen som nyttjande av narkotika huvudsakligen sker eller hot och misshandel. </span>\r\n\t\t\t</p>\r\n\t\t\t<p>\r\n\t\t\t\t<span>I klass 1- och klass 2-anstalter ska kameraövervakning med ljudupptagning tillåtas som ett medel för att stävja brott i anstalter. Den intagnes integritet får anses väga lättare än behovet av säkerhet. </span>\r\n\t\t\t</p>\r\n\t\t\t<h2>\r\n\t\t\t\t<span>Skärpta regler för </span><span>när permission kan beviljas</span>\r\n\t\t\t</h2>\r\n\t\t\t<p class=\"Normalutanindragellerluft\">\r\n\t\t\t\t<span>I dag kan permission tillåtas relativt kort tid efter att någon begått ett väldigt allvarligt brott. Vid mord har permission beviljats inom tidsramen av ett års avtjänat straff. Det är ett förhållningssätt som inte tar hänsyn till brottsofferperspektivet utan snarare utgår blint från brottslingens situation. </span><span>Vi föreslår därför att den så kallade kvalifikationstiden</span><span>, </span><span>hur långt av strafftiden som ska ha avtjänats för att permission ska kunna beviljas, utökas.</span>\r\n\t\t\t</p>\r\n\t\t\t<h2>\r\n\t\t\t\t<span>Större inflytande för målsägande vid permission</span>\r\n\t\t\t</h2>\r\n\t\t\t<p class=\"Normalutanindragellerluft\">\r\n\t\t\t\t<span>Om målsägande uppgett till Kriminalvården att de vill bli meddelade när gärningsmannen har permission så är det av yttersta vikt att Kriminalvården också gör det. Brottsoffren ska kunna känna sig säkra på att de inte riskerar att stöta på sin gärningsman bara för att de inte fått den underrättelse som de har begärt. Målsägande ska därför ha ett större inflytande över när permissioner planeras och kunna neka datum som för målsägande kan vara viktiga.</span>\r\n\t\t\t</p>\r\n\t\t\t<h2>\r\n\t\t\t\t<span>Skadestånd vid beviljad permission utan delgivning till målsägande</span>\r\n\t\t\t</h2>\r\n\t\t\t<p class=\"Normalutanindragellerluft\">\r\n\t\t\t\t<span>I det fall målsägande har uppgett att han eller hon vill bli meddelad när gärningsmannen har permission ska permission endast kun</span><span>na genomföras</span><span> efter att informationen delgivits. Om permission genomförs utan delgivning ska målsägande ha rätt till skadestånd.</span>\r\n\t\t\t</p>\r\n\t\t\t<h2>\r\n\t\t\t\t<span>Skärp</span><span>ta regler för permission för intagna</span><span> i</span><span> klass 1- eller klass 2-anstalt</span>\r\n\t\t\t</h2>\r\n\t\t\t<p class=\"Normalutanindragellerluft\">\r\n\t\t\t\t<span>Reglerna för permissioner måste ses över och göras mycket strängare för brott av sådan grad att de resulterar i straff som förläggs i en klass 1- eller </span><span>klass </span><span>2-anstalt. Oövervakade permissioner bör där i princip </span><span>utgå. Permissioner ska antingen ske övervakat eller genom användning av elektronisk fotboja. Det får ankomma på regeringen att till riksdagen inkomma med förslag på hur användningen av permissioner ska bli mer strikt. </span><span>För livstidsdömda ska permission aldrig beviljas.</span>\r\n\t\t\t</p>\r\n\t\t\t<h2>\r\n\t\t\t\t<span>Förbättrad statistik inom Kriminalvården</span>\r\n\t\t\t</h2>\r\n\t\t\t<p class=\"Normalutanindragellerluft\">\r\n\t\t\t\t<span>I Sverige är runt en tredjedel av landets intagna i anstalt utländska medborgare, för nyintagna under 2017 var 35 procent utländska medborgare vilket är en ökning med sex procentenheter jämfört med 2009. Sett till de som invandrat och fått svenskt medborgarskap är andelen med utländsk bakgrund givetvis högre, en exakt siffra går dock inte att få fram.</span>\r\n\t\t\t</p>\r\n\t\t\t<p>\r\n\t\t\t\t<span>Kriminalvården är i dag förbjuden i lag att registrera intagnas ursprungliga nationalitet eller om de har invandrarbakgrund. Det går med andra ord inte att titta närmare på intagna i gruppen svenska medborgare trots att den gruppen i dag, på grund av hög invandring, är allt mer heterogen. Därmed skapas ett hinder för att få förståelse för utvecklingen i samhället.</span>\r\n\t\t\t</p>\r\n\t\t\t<p>\r\n\t\t\t\t<span>Vi vill därför </span><span>att regeringen återkommer med ett förslag som ser till att Kriminalvården tillåts föra statistik och även ge uppdrag att föra statistik även i</span><span>nom gruppen svenska medborgare. </span>\r\n\t\t\t</p>\r\n\t\t\t<p style=\"-aw-sdt-tag:CC_Underskrifter; -aw-sdt-title:CC_Underskrifter\">\r\n\t\t\t\t<span> </span>\r\n\t\t\t</p>\r\n\t\t\t<p style=\"-aw-sdt-tag:CC_Underskrifter; -aw-sdt-title:CC_Underskrifter\">\r\n\t\t\t\t<span> </span>\r\n\t\t\t</p>\r\n\t\t\t<table cellspacing=\"0\" cellpadding=\"0\" style=\"border-collapse:collapse; margin-left:0pt; width:100%\">\r\n\t\t\t\t<tr>\r\n\t\t\t\t\t<td style=\"padding-left:5.4pt; padding-right:5.4pt; vertical-align:bottom; width:1%\">\r\n\t\t\t\t\t\t<p class=\"Underskrifter\" style=\"margin-top:15pt; margin-bottom:3pt; t-i:0pt; page-break-inside:avoid; line-height:15pt\">\r\n\t\t\t\t\t\t\t<span style=\"font-style:italic\">Adam Marttinen (SD)</span>\r\n\t\t\t\t\t\t</p>\r\n\t\t\t\t\t</td>\r\n\t\t\t\t\t<td style=\"padding-left:5.4pt; padding-right:5.4pt; vertical-align:bottom; width:1%\">\r\n\t\t\t\t\t\t<p class=\"Underskrifter\" style=\"margin-top:15pt; margin-bottom:3pt; t-i:0pt; page-break-inside:avoid; line-height:15pt\">\r\n\t\t\t\t\t\t\t<span style=\"font-style:italic\"> </span>\r\n\t\t\t\t\t\t</p>\r\n\t\t\t\t\t</td>\r\n\t\t\t\t</tr>\r\n\t\t\t\t<tr>\r\n\t\t\t\t\t<td style=\"padding-left:5.4pt; padding-right:5.4pt; vertical-align:bottom; width:1%\">\r\n\t\t\t\t\t\t<p class=\"Underskrifter\" style=\"margin-top:15pt; margin-bottom:0pt; t-i:0pt; page-break-inside:avoid; line-height:15pt\">\r\n\t\t\t\t\t\t\t<span style=\"font-style:italic\">Katja Nyberg (SD)</span>\r\n\t\t\t\t\t\t</p>\r\n\t\t\t\t\t</td>\r\n\t\t\t\t\t<td style=\"padding-left:5.4pt; padding-right:5.4pt; vertical-align:bottom; width:1%\">\r\n\t\t\t\t\t\t<p class=\"Underskrifter\" style=\"margin-top:15pt; margin-bottom:0pt; t-i:0pt; page-break-inside:avoid; line-height:15pt\">\r\n\t\t\t\t\t\t\t<span style=\"font-style:italic\">Henrik Vinge (SD)</span>\r\n\t\t\t\t\t\t</p>\r\n\t\t\t\t\t</td>\r\n\t\t\t\t</tr>\r\n\t\t\t</table>\r\n\t\t\t<p>\r\n\t\t\t\t<span> </span>\r\n\t\t\t</p>\r\n\t\t</div>\r\n\t</div>"},"dokforslag":{"forslag":[{"nummer":"1","beteckning":null,"lydelse":"Riksdagen ställer sig bakom det som anförs i motionen om fler anstalts- och häktesplatser och tillkännager detta för regeringen.","lydelse2":null,"utskottet":"Avslag","kammaren":"Avslag","behandlas_i":"2018/19:JuU13","behandlas_i_punkt":null,"kammarbeslutstyp":null,"intressent":"JuU","avsnitt":null,"grundforfattning":null,"andringsforfattning":null},{"nummer":"2","beteckning":null,"lydelse":"Riksdagen ställer sig bakom det som anförs i motionen om att utreda möjligheten att hyra fängelseplatser utomlands och tillkännager detta för regeringen.","lydelse2":null,"utskottet":"Avslag","kammaren":"Avslag","behandlas_i":"2018/19:JuU13","behandlas_i_punkt":null,"kammarbeslutstyp":null,"intressent":"JuU","avsnitt":null,"grundforfattning":null,"andringsforfattning":null},{"nummer":"3","beteckning":null,"lydelse":"Riksdagen ställer sig bakom det som anförs i motionen om fängelser anpassade för dem som ska av- eller utvisas samt för livstidsdömda och tillkännager detta för regeringen.","lydelse2":null,"utskottet":"Avslag","kammaren":"Avslag","behandlas_i":"2018/19:JuU13","behandlas_i_punkt":null,"kammarbeslutstyp":null,"intressent":"JuU","avsnitt":null,"grundforfattning":null,"andringsforfattning":null},{"nummer":"4","beteckning":null,"lydelse":"Riksdagen ställer sig bakom det som anförs i motionen om förvaring av samhällsfarliga brottslingar och tillkännager detta för regeringen.","lydelse2":null,"utskottet":"Avslag","kammaren":"Avslag","behandlas_i":"2018/19:JuU11","behandlas_i_punkt":null,"kammarbeslutstyp":null,"intressent":"JuU","avsnitt":null,"grundforfattning":null,"andringsforfattning":null},{"nummer":"5","beteckning":null,"lydelse":"Riksdagen ställer sig bakom det som anförs i motionen om oövervakade besök på anstalter och tillkännager detta för regeringen.","lydelse2":null,"utskottet":"Avslag","kammaren":"Avslag","behandlas_i":"2018/19:JuU13","behandlas_i_punkt":null,"kammarbeslutstyp":null,"intressent":"JuU","avsnitt":null,"grundforfattning":null,"andringsforfattning":null},{"nummer":"6","beteckning":null,"lydelse":"Riksdagen ställer sig bakom det som anförs i motionen om kameraövervakning i cellen och tillkännager detta för regeringen.","lydelse2":null,"utskottet":"Avslag","kammaren":"Avslag","behandlas_i":"2018/19:JuU13","behandlas_i_punkt":null,"kammarbeslutstyp":null,"intressent":"JuU","avsnitt":null,"grundforfattning":null,"andringsforfattning":null},{"nummer":"7","beteckning":null,"lydelse":"Riksdagen ställer sig bakom det som anförs i motionen om skärpta regler för när permission ska kunna beviljas och tillkännager detta för regeringen.","lydelse2":null,"utskottet":"Avslag","kammaren":"Avslag","behandlas_i":"2018/19:JuU13","behandlas_i_punkt":null,"kammarbeslutstyp":null,"intressent":"JuU","avsnitt":null,"grundforfattning":null,"andringsforfattning":null},{"nummer":"8","beteckning":null,"lydelse":"Riksdagen ställer sig bakom det som anförs i motionen om större inflytande för målsägande vid permission och tillkännager detta för regeringen.","lydelse2":null,"utskottet":"Avslag","kammaren":"Avslag","behandlas_i":"2018/19:JuU13","behandlas_i_punkt":null,"kammarbeslutstyp":null,"intressent":"JuU","avsnitt":null,"grundforfattning":null,"andringsforfattning":null},{"nummer":"9","beteckning":null,"lydelse":"Riksdagen ställer sig bakom det som anförs i motionen om skadestånd vid beviljad permission utan delgivning till målsägande och tillkännager detta för regeringen.","lydelse2":null,"utskottet":"Avslag","kammaren":"Avslag","behandlas_i":"2018/19:JuU13","behandlas_i_punkt":null,"kammarbeslutstyp":null,"intressent":"JuU","avsnitt":null,"grundforfattning":null,"andringsforfattning":null},{"nummer":"10","beteckning":null,"lydelse":"Riksdagen ställer sig bakom det som anförs i motionen om skärpta regler för permission för intagna i klass 1- eller klass 2-anstalt och tillkännager detta för regeringen.","lydelse2":null,"utskottet":"Avslag","kammaren":"Avslag","behandlas_i":"2018/19:JuU13","behandlas_i_punkt":null,"kammarbeslutstyp":null,"intressent":"JuU","avsnitt":null,"grundforfattning":null,"andringsforfattning":null},{"nummer":"11","beteckning":null,"lydelse":"Riksdagen ställer sig bakom det som anförs i motionen om förbättrad statistik inom Kriminalvården och tillkännager detta för regeringen.","lydelse2":null,"utskottet":"Avslag","kammaren":"Avslag","behandlas_i":"2018/19:JuU13","behandlas_i_punkt":null,"kammarbeslutstyp":null,"intressent":"JuU","avsnitt":null,"grundforfattning":null,"andringsforfattning":null}]},"dokaktivitet":{"aktivitet":[{"kod":"INL","namn":"Inlämnad","datum":"2018-10-22 15:10:17","status":"inträffat","ordning":"0","process":"behandling"},{"kod":"Granskad","namn":"Granskad","datum":"2018-10-23 09:12:24","status":"inträffat","ordning":"0","process":"behandling"},{"kod":"HÄN","namn":"Hänvisad","datum":"2018-12-05 00:00:00","status":"inträffat","ordning":"0","process":"behandling"}]},"dokintressent":{"intressent":[{"intressent_id":"0831039938224","namn":"Adam Marttinen","partibet":"SD","ordning":"1","roll":"undertecknare"},{"intressent_id":"0768554866215","namn":"Katja Nyberg","partibet":"SD","ordning":"2","roll":"undertecknare"},{"intressent_id":"0406831930624","namn":"Henrik Vinge","partibet":"SD","ordning":"3","roll":"undertecknare"}]},"dokuppgift":{"uppgift":[{"kod":"motkat","namn":"Motionskategori","text":"Fristående motion","dok_id":"H602131","systemdatum":"2019-04-25 17:32:49"},{"kod":"tilldelat","namn":"Tilldelat","text":"Justitieutskottet","dok_id":"H602131","systemdatum":"2019-04-25 17:32:49"},{"kod":"statustext","namn":"statustext","text":"Motionen bereds i utskott","dok_id":"H602131","systemdatum":"2018-12-18 13:43:42"}]},"dokbilaga":{"bilaga":[{"dok_id":"H602131","titel":"En mer effektiv kriminalvård","subtitel":"av Adam Marttinen m.fl. (SD)","filnamn":"mot_201819__131.docx","filstorlek":"74451","filtyp":"docx","fil_url":"http://data.riksdagen.se/fil/606A08C9-921C-4827-B0FC-6101C3783DE9"},{"dok_id":"H602131","titel":"En mer effektiv kriminalvård","subtitel":"av Adam Marttinen m.fl. (SD)","filnamn":"mot_201819__131.pdf","filstorlek":"90326","filtyp":"pdf","fil_url":"http://data.riksdagen.se/fil/0589B06B-6DA6-4FEE-9F0C-6FA53BC76D44"}]},"dokreferens":{"referens":[{"referenstyp":"behandlas_i","uppgift":"2018/19:JuU11","ref_dok_id":"H601JuU11","ref_dok_typ":"bet","ref_dok_rm":"2018/19","ref_dok_bet":"JuU11","ref_dok_titel":"Straffrättsliga frågor","ref_dok_subtitel":null,"ref_dok_subtyp":"bet","ref_dok_dokumentnamn":"Betänkande"},{"referenstyp":"behandlas_i","uppgift":"2018/19:JuU13","ref_dok_id":"H601JuU13","ref_dok_typ":"bet","ref_dok_rm":"2018/19","ref_dok_bet":"JuU13","ref_dok_titel":"Kriminalvårdsfrågor","ref_dok_subtitel":null,"ref_dok_subtyp":"bet","ref_dok_dokumentnamn":"Betänkande"}]},"debatt":null}}