{"dokumentstatus":{"dokument":{"hangar_id":"5010652","dok_id":"H6021185","rm":"2018/19","beteckning":"1185","typ":"mot","subtyp":"Enskild motion","doktyp":"mot","typrubrik":"Motion 2018/19:1185 av Caroline Helmersson Olsson och Fredrik Olovsson (båda S)","dokumentnamn":"Motion","debattnamn":"Motion","tempbeteckning":"S2199","organ":"AU","mottagare":"","nummer":"1185","slutnummer":"0","datum":"2018-11-27 00:00:00","systemdatum":"2019-05-15 10:40:35","publicerad":"2018-11-27 00:00:00","titel":"Nolltolerans mot döden på jobbet – oavsett arbetsolycka eller arbetssjukdom","subtitel":"av Caroline Helmersson Olsson och Fredrik Olovsson (båda S)","status":"Klar","htmlformat":"html","relaterat_id":"","source":"Filur","sourceid":"1c466f12-9fd4-4ecc-8bff-6b8c0cf60439","dokument_url_text":"http://data.riksdagen.se/dokument/H6021185/text","dokument_url_html":"http://data.riksdagen.se/dokument/H6021185","dokumentstatus_url_xml":"http://data.riksdagen.se/dokumentstatus/H6021185","html":"<style><!-- \r\n /********************************************************************************************************/\r\n/* Styles for D:\\Logs\\DocumentConverter\\\\Output_9bb27c28-0d95-435a-a293-22571f22a2c2\\HTML\\Dokument.html */\r\n/* Generated by Aspose.Words for .NET 15.3.0.0                                                          */\r\n/********************************************************************************************************/\r\n\r\n@page Section1 { size:595.3pt 841.9pt; margin:35.45pt 85.05pt }\r\ndiv.Section1 { page:Section1 }\r\ndiv.pconf body { t-i:17pt; line-height:15pt; font-family:'Verdana'; font-size: 0.90em }\r\ndiv.pconf h1, h2, h3, h4, h5, h6, p { margin:0pt }\r\ndiv.pconf li, table { margin-top:0pt; margin-bottom:0pt }\r\ndiv.pconf h1 { margin-top:41pt; margin-bottom:0pt; t-i:0pt; page-break-inside:avoid; page-break-after:avoid; line-height:19.5pt; font-family:'Verdana'; font-size: 1.05em; font-weight:normal }\r\ndiv.pconf h2 { margin-top:30pt; margin-bottom:0pt; t-i:0pt; page-break-inside:avoid; page-break-after:avoid; line-height:15pt; font-family:'Verdana'; font-size: 1.00em; font-weight:normal }\r\ndiv.pconf h3 { margin-top:18pt; margin-bottom:0pt; t-i:0pt; page-break-inside:avoid; page-break-after:avoid; line-height:15pt; font-family:'Verdana'; font-size: 0.90em; font-weight:bold }\r\ndiv.pconf h4 { margin-top:18pt; margin-bottom:0pt; t-i:0pt; page-break-inside:avoid; page-break-after:avoid; line-height:15pt; font-family:'Verdana'; font-size: 0.90em; font-weight:normal; font-style:italic }\r\ndiv.pconf h5 { margin-top:15pt; margin-bottom:0pt; t-i:0pt; page-break-inside:avoid; page-break-after:avoid; line-height:15pt; font-family:'Verdana'; font-size: 0.90em; font-weight:bold; font-style:normal }\r\ndiv.pconf h6 { margin-top:15pt; margin-bottom:0pt; t-i:0pt; page-break-inside:avoid; page-break-after:avoid; line-height:15pt; font-family:'Verdana'; font-size: 0.90em; font-weight:normal; font-style:italic }\r\n.Heading7 { margin-top:15pt; margin-bottom:0pt; t-i:0pt; page-break-inside:avoid; page-break-after:avoid; line-height:15pt; font-family:'Verdana'; font-size: 0.90em; font-weight:normal; font-style:italic }\r\n.Heading8 { margin-top:15pt; margin-bottom:0pt; t-i:0pt; page-break-inside:avoid; page-break-after:avoid; line-height:15pt; font-family:'Verdana'; font-size: 0.90em; font-weight:normal; font-style:italic }\r\n.Heading9 { margin-top:0pt; margin-bottom:0pt; t-i:0pt; page-break-inside:avoid; page-break-after:avoid; line-height:15pt; font-family:'Verdana'; font-size: 0.90em; font-weight:normal; font-style:italic }\r\n.BalloonText { margin-bottom:0pt; t-i:17pt; line-height:normal; font-family:'Segoe UI'; font-size: 0.90em }\r\n.Beteckning { margin-top:18pt; margin-bottom:0pt; t-i:14.2pt; page-break-inside:auto; page-break-after:auto; line-height:19.5pt; font-size: 1.05em }\r\n.BlockText, .Inramatstycke { margin-right:56.7pt; margin-left:56.7pt; margin-bottom:0pt; t-i:0pt; text-align:nojustify; line-height:15pt; border-top-style:solid; border-top-width:0.75pt; border-top-color:#000000; border-right-style:solid; border-right-width:0.75pt; border-right-color:#000000; border-left-style:solid; border-left-width:0.75pt; border-left-color:#000000; border-bottom-style:solid; border-bottom-width:0.75pt; border-bottom-color:#000000; padding-top:10pt; padding-right:10pt; padding-left:10pt; padding-bottom:10pt; font-size: 0.90em; font-style:italic }\r\n.Citaticitat { margin-top:7.5pt; margin-left:34pt; margin-bottom:0pt; t-i:0pt; line-height:12pt; font-size: 0.90em }\r\n.Citaticitatmedindrag { margin-top:0pt; margin-left:34pt; margin-bottom:7.5pt; t-i:17pt; line-height:12pt; font-size: 0.90em }\r\n.Citatmedindrag { margin-top:0pt; margin-left:17pt; margin-bottom:0pt; t-i:17pt; line-height:12pt; font-size: 0.90em }\r\n.CommentSubject { margin-bottom:0pt; t-i:17pt; line-height:normal; font-size: 0.90em; font-weight:bold }\r\n.CommentText { margin-bottom:0pt; t-i:17pt; line-height:normal; font-size: 0.90em }\r\n.FSHTitel, .Dokumentrubrik { margin-top:4pt; margin-bottom:4pt; t-i:0pt; page-break-inside:avoid; page-break-after:avoid; line-height:20pt; border-bottom-style:solid; border-bottom-width:0.75pt; border-bottom-color:#000000; padding-bottom:3pt; font-size: 1.05em }\r\n.FSHLogo { margin-top:4pt; margin-bottom:0pt; t-i:0pt; line-height:normal; font-size: 0.90em }\r\n.FSHNormL { margin-top:4pt; margin-bottom:0pt; t-i:0pt; line-height:15pt; border-top-style:solid; border-top-width:1.5pt; border-top-color:#000000; padding-top:3pt; font-size: 0.90em }\r\n.FSHNormal { margin-top:4pt; margin-bottom:0pt; t-i:0pt; line-height:15pt; font-size: 0.90em }\r\n.FSHNormalS5 { margin-top:11.5pt; margin-bottom:26pt; t-i:0pt; page-break-inside:avoid; page-break-after:avoid; line-height:12.5pt; font-size: 0.95em; font-weight:bold }\r\n.FSHRub1, .Rubrik1S5 { margin-top:135pt; margin-bottom:0pt; t-i:0pt; page-break-inside:avoid; page-break-after:avoid; line-height:16pt; font-size: 1.00em }\r\n.FSHRub2, .Rubrik1A4 { margin-top:50pt; margin-bottom:5pt; t-i:0pt; page-break-inside:avoid; page-break-after:avoid; line-height:24pt; font-size: 1.05em }\r\n.Footer { margin-top:4pt; margin-bottom:0pt; t-i:0pt; text-align:center; line-height:normal; font-size: 0.90em }\r\n.FootnoteText { margin-top:0pt; margin-bottom:0pt; t-i:0pt; line-height:12pt; font-size: 0.90em }\r\n.Yrkandehnv, .Frslagspunkthnv { margin-bottom:0pt; t-i:0pt; page-break-inside:avoid; page-break-after:avoid; font-size: 0.90em }\r\n.Frslagsrubrik { margin-top:41pt; margin-bottom:0pt; t-i:0pt; page-break-inside:avoid; page-break-after:avoid; line-height:19.5pt; font-family:'Verdana'; font-size: 1.05em }\r\n.Frslagstext, .Hemstlatt, .Yrkande { margin-top:4pt; margin-left:19.85pt; margin-bottom:0pt; t-i:-19.85pt; line-height:15pt; font-size: 0.90em }\r\n.Header { margin-top:4pt; margin-bottom:0pt; t-i:0pt; line-height:normal; font-size: 0.90em }\r\n.KantRubrikS5H { margin-top:6pt; margin-right:2.85pt; margin-bottom:0pt; t-i:0pt; text-align:right; line-height:8pt; font-size: 0.90em }\r\n.KantRubrikS5Hrad2 { margin-top:0pt; margin-right:2.85pt; margin-bottom:0pt; t-i:0pt; text-align:right; line-height:10pt; font-size: 0.90em }\r\n.KantRubrikS5V { margin-top:6pt; margin-right:0pt; margin-bottom:0pt; t-i:0pt; text-align:left; line-height:8pt; font-size: 0.90em }\r\n.KantRubrikS5Vrad2 { margin-top:0pt; margin-right:0pt; margin-bottom:0pt; t-i:0pt; text-align:left; line-height:10pt; font-size: 0.90em }\r\n.KantrubrikH { margin-top:4pt; margin-right:0pt; margin-bottom:0pt; t-i:0pt; text-align:right; line-height:15pt; font-size: 0.90em }\r\n.KantrubrikV { margin-top:4pt; margin-left:0pt; margin-bottom:0pt; t-i:0pt; line-height:normal; font-size: 0.90em }\r\n.Klla { margin-top:0pt; margin-bottom:0pt; t-i:0pt; line-height:12pt; font-size: 0.90em }\r\n.Lagtext { margin-top:4pt; margin-bottom:0pt; t-i:0pt; line-height:normal; font-size: 0.90em }\r\n.Lagtextindrag { margin-top:4pt; margin-bottom:0pt; t-i:14.2pt; line-height:normal; font-size: 0.90em }\r\n.Lagtextrubrik { margin-top:4pt; margin-bottom:0pt; t-i:0pt; line-height:normal; font-size: 0.90em; font-style:italic; letter-spacing:1pt }\r\n.List { margin-top:7.5pt; margin-left:17pt; margin-bottom:7.5pt; t-i:-17pt; line-height:15pt; font-size: 0.90em }\r\n.ListBullet, .PunktlistaBomb { margin-top:4pt; margin-left:14.2pt; margin-bottom:0pt; t-i:-14.2pt; line-height:15pt; font-size: 0.90em }\r\n.ListNumber, .PunktlistaNummer { margin-top:4pt; margin-left:14.2pt; margin-bottom:0pt; t-i:-14.2pt; line-height:15pt; font-size: 0.90em }\r\n.ListParagraph { margin-left:36pt; margin-bottom:0pt; t-i:17pt; line-height:15pt; font-size: 0.90em }\r\n.ListaGemener { margin-top:7.5pt; margin-left:17pt; margin-bottom:7.5pt; t-i:-17pt; line-height:15pt; font-size: 0.90em }\r\n.ListaLinje { margin-top:7.5pt; margin-left:17pt; margin-bottom:7.5pt; t-i:-17pt; line-height:15pt; font-size: 0.90em }\r\n.ListaNummer { margin-top:7.5pt; margin-left:17pt; margin-bottom:7.5pt; t-i:-17pt; line-height:15pt; font-size: 0.90em }\r\n.ListaPunkt { margin-top:7.5pt; margin-left:17pt; margin-bottom:7.5pt; t-i:-17pt; line-height:15pt; font-size: 0.90em }\r\n.MotionTIllRiksdagen { margin-top:18pt; margin-bottom:0pt; t-i:0pt; page-break-inside:avoid; page-break-after:avoid; line-height:19.5pt; font-size: 1.05em }\r\n.Motionr { margin-top:14pt; margin-bottom:31.5pt; t-i:0pt; page-break-inside:avoid; line-height:15pt; font-size: 1.00em; font-weight:bold; font-style:normal }\r\n.NormalIndent { margin-left:65.2pt; margin-bottom:0pt; t-i:17pt; line-height:15pt; font-size: 0.90em }\r\n.Normalutanindragellerluft { margin-top:4pt; margin-bottom:0pt; t-i:0pt; line-height:15pt; font-size: 0.90em }\r\n.Normal00 { margin-top:4pt; margin-bottom:0pt; t-i:0pt; line-height:normal; font-size: 0.90em }\r\n.NormalA4fot { margin-top:12pt; margin-bottom:0pt; t-i:0pt; text-align:center; line-height:normal; font-size: 0.90em }\r\n.NormalA4sidnr { margin-top:4pt; margin-bottom:12pt; t-i:0pt; text-align:center; line-height:normal; font-size: 0.90em }\r\n.NormalS5sidnrH { margin-top:4pt; margin-right:2.85pt; margin-bottom:0pt; t-i:0pt; text-align:right; line-height:normal; font-size: 0.90em }\r\n.NormalS5sidnrV { margin-top:4pt; margin-right:0pt; margin-bottom:0pt; t-i:0pt; text-align:left; line-height:normal; font-size: 0.90em }\r\n.PlainText { margin-bottom:0pt; t-i:0pt; line-height:12pt; font-family:'Verdana'; font-size: 0.90em }\r\n.Strecklista, .PunktlistaTankstreck { margin-top:4pt; margin-left:14.2pt; margin-bottom:0pt; t-i:-14.2pt; line-height:15pt; font-size: 0.90em }\r\n.Quote { margin-top:7.5pt; margin-left:17pt; margin-bottom:0pt; t-i:0pt; line-height:12pt; font-size: 0.90em }\r\n.R1 { margin-top:41pt; margin-bottom:0pt; t-i:0pt; page-break-inside:avoid; page-break-after:avoid; line-height:19.5pt; font-family:'Verdana'; font-size: 1.05em }\r\n.R2 { margin-top:30pt; margin-bottom:0pt; t-i:0pt; page-break-inside:avoid; page-break-after:avoid; line-height:15pt; font-family:'Verdana'; font-size: 1.00em }\r\n.R3 { margin-top:18pt; margin-bottom:0pt; t-i:0pt; page-break-inside:avoid; page-break-after:avoid; line-height:15pt; font-family:'Verdana'; font-size: 0.90em; font-weight:bold }\r\n.Rubrik1numrerat { margin-top:41pt; margin-left:18pt; margin-bottom:0pt; t-i:-18pt; page-break-inside:auto; page-break-after:avoid; line-height:19.5pt; font-family:'Verdana'; font-size: 1.05em }\r\n.Rubrik2numrerat { margin-top:30pt; margin-left:39.6pt; margin-bottom:0pt; t-i:-39.6pt; page-break-inside:avoid; page-break-after:avoid; line-height:15pt; font-family:'Verdana'; font-size: 1.00em }\r\n.Rubrik3numrerat { margin-top:18pt; margin-left:61.2pt; margin-bottom:0pt; t-i:-61.2pt; page-break-inside:avoid; page-break-after:avoid; line-height:15pt; font-family:'Verdana'; font-size: 0.90em; font-weight:bold }\r\n.Rubrik4numrerat { margin-top:18pt; margin-left:82.2pt; margin-bottom:0pt; t-i:-82.2pt; page-break-inside:avoid; page-break-after:avoid; line-height:15pt; font-family:'Verdana'; font-size: 0.90em; font-weight:normal; font-style:italic }\r\n.RubrikFrslagTIllRiksdagsbeslut { margin-top:41pt; margin-bottom:15pt; t-i:0pt; page-break-inside:avoid; page-break-after:avoid; line-height:19.5pt; font-family:'Verdana'; font-size: 1.05em }\r\n.RubrikInnehllsf { margin-top:41pt; margin-bottom:0pt; t-i:0pt; page-break-inside:avoid; page-break-after:avoid; line-height:19.5pt; font-family:'Verdana'; font-size: 1.05em }\r\n.RubrikSammanf { margin-top:41pt; margin-bottom:0pt; t-i:0pt; page-break-inside:avoid; page-break-after:avoid; line-height:19.5pt; font-family:'Verdana'; font-size: 1.05em }\r\n.Salutation { margin-top:41pt; margin-bottom:0pt; t-i:0pt; page-break-inside:avoid; page-break-after:avoid; line-height:19.5pt; font-family:'Verdana'; font-size: 1.05em }\r\n.Streckkod { margin-top:12pt; margin-bottom:0pt; t-i:0pt; text-align:center; line-height:normal; font-family:IDAutomationHC39S; font-size: 1.00em }\r\n.Subtitle { margin-top:4pt; margin-bottom:0pt; t-i:0pt; line-height:15pt; font-family:'Verdana'; font-size: 0.90em; font-weight:bold }\r\n.TOC1 { margin-top:4pt; margin-bottom:0pt; t-i:0pt; line-height:15pt; font-size: 0.90em }\r\n.TOC2 { margin-top:4pt; margin-left:14.2pt; margin-bottom:0pt; t-i:0pt; line-height:15pt; font-size: 0.90em }\r\n.TOC3 { margin-top:4pt; margin-left:28.35pt; margin-bottom:0pt; t-i:0pt; line-height:15pt; font-size: 0.90em }\r\n.TOC4 { margin-top:4pt; margin-left:42.55pt; margin-bottom:0pt; t-i:0pt; line-height:15pt; font-size: 0.90em }\r\n.TOC5 { margin-top:4pt; margin-left:56.7pt; margin-bottom:0pt; t-i:0pt; line-height:15pt; font-size: 0.90em }\r\n.TOC6 { margin-top:4pt; margin-left:56.7pt; margin-bottom:0pt; t-i:0pt; line-height:15pt; font-size: 0.90em }\r\n.TOC7 { margin-top:15pt; margin-left:56.7pt; margin-bottom:0pt; t-i:14.2pt; page-break-inside:avoid; page-break-after:avoid; line-height:normal; font-family:'Verdana'; font-size: 0.90em; font-weight:normal; font-style:italic }\r\n.TOC8 { margin-top:15pt; margin-left:56.7pt; margin-bottom:0pt; t-i:14.2pt; page-break-inside:avoid; page-break-after:avoid; line-height:normal; font-family:'Verdana'; font-size: 0.90em; font-weight:normal; font-style:italic }\r\n.TOC9 { margin-top:15pt; margin-left:56.7pt; margin-bottom:0pt; t-i:14.2pt; page-break-inside:avoid; page-break-after:avoid; line-height:normal; font-family:'Verdana'; font-size: 0.90em; font-weight:normal; font-style:italic }\r\n.TOCHeading { margin-top:41pt; margin-bottom:0pt; t-i:0pt; page-break-inside:avoid; page-break-after:avoid; line-height:19.5pt; font-family:'Verdana'; font-size: 1.05em }\r\n.Tabellunderrubrik { margin-top:0pt; margin-bottom:0pt; t-i:0pt; line-height:15pt; font-size: 0.90em; font-weight:normal; font-style:italic }\r\n.Tabellrubrik { margin-top:7.5pt; margin-bottom:0pt; t-i:0pt; line-height:15pt; font-size: 0.90em; font-weight:bold }\r\n.Title { margin-top:41pt; margin-bottom:0pt; t-i:0pt; page-break-inside:avoid; page-break-after:avoid; line-height:19.5pt; font-family:'Verdana'; font-size: 1.05em }\r\n.Underskriftdatum { margin-top:24pt; margin-bottom:3pt; t-i:0pt; page-break-inside:avoid; line-height:15pt; font-size: 0.90em; font-style:normal }\r\n.Underskrifter { margin-top:15pt; margin-bottom:3pt; t-i:0pt; page-break-inside:avoid; line-height:15pt; font-size: 0.90em; font-style:italic }\r\nspan.BallongtextChar { font-family:'Segoe UI'; font-size: 0.90em }\r\nspan.BeteckningChar { font-size:19.5pt }\r\nspan.CommentReference { font-size:8pt }\r\nspan.FSHRub2Char, span.Rubrik1A4Char { font-size:24pt }\r\nspan.FotnotstextChar { font-size:10pt }\r\nspan.InledningChar { font-family:'Verdana'; font-size: 1.00em; font-weight:bold }\r\nspan.IntenseReference { font-weight:normal; font-style:normal; font-variant:normal; text-decoration:none; text-transform:none; letter-spacing:0pt; vertical-align:0pt; color:#000000; display:inline }\r\nspan.KommentarerChar { font-size:10pt }\r\nspan.KommentarsmneChar { font-size:10pt; font-weight:bold }\r\nspan.MotionTIllRiksdagenChar { font-size:19.5pt }\r\nspan.OformateradtextChar { font-family:'Verdana'; font-size: 0.90em }\r\nspan.PlaceholderText { color:#f4b083 }\r\nspan.Rubrik1Char { font-family:'Verdana'; font-size: 1.05em }\r\nspan.Rubrik2Char { font-family:'Verdana'; font-size: 1.00em; font-weight:bold }\r\nspan.Rubrik3Char { font-family:'Verdana'; font-size: 0.90em; font-weight:bold }\r\nspan.Rubrik4Char { font-family:'Verdana'; font-size: 0.90em; font-style:italic }\r\nspan.Rubrik5Char { font-family:'Verdana'; font-weight:bold }\r\nspan.Rubrik6Char { font-family:'Verdana'; font-style:italic }\r\nspan.Rubrik7Char { font-family:'Verdana'; font-size: 0.90em; font-weight:bold }\r\nspan.Rubrik8Char { font-family:'Verdana'; font-size: 0.90em; font-weight:bold }\r\nspan.Rubrik9Char { font-family:'Verdana'; font-size: 0.90em; font-weight:bold }\r\nspan.RubrikChar { font-family:'Verdana'; font-size: 1.00em; font-weight:bold }\r\nspan.SidfotChar { font-size:11.5pt }\r\nspan.UnderrubrikChar { font-family:'Verdana'; font-size: 0.90em; font-weight:bold }\r\n.TableGrid {  }\r\n\r\n.pconf{width: 450px;margin-left:5px;overflow:visable;font-family:Verdana, Geneva, sans-serif;} \r\n .sidhuvud_publikation, .sidhuvud_beteckning{font-size:133%}\r\n.MotionarLista {font-size:122%}\r\n\r\n--></style><div class=\"pconf\"><span class=\"sidhuvud_publikation\">Motion till riksdagen</span><br/>\r\n<span class=\"sidhuvud_beteckning\">2018/19:1185</span><br/>\r\n<span class=\"MotionarLista\">av Caroline Helmersson Olsson och Fredrik Olovsson (båda S)</span><br/>\r\n<h1>Nolltolerans mot döden på jobbet – oavsett arbetsolycka eller arbetssjukdom</h1>\r\n<hr class=\"sidhuvud_linje\"/>\r\n\r\n\r\n\t\t<div class=\"Section1\">\r\n\t\t\t<h1 style=\"margin-bottom:15pt; -aw-sdt-tag:CC_Boilerplate_4; -aw-sdt-title:CC_Boilerplate_4\">\r\n\t\t\t\t<span>Förslag till riksdagsbeslut</span>\r\n\t\t\t</h1>\r\n\t\t\t<p class=\"Frslagstext\" style=\"-aw-sdt-tag:13c052f8-29ea-4147-8373-53abfee7f370; -aw-sdt-title:'Yrkande 1'\">\r\n\t\t\t\t<span>Riksdagen ställer sig bakom det som anförs i motionen om nolltolerans mot döden på jobbet – oavsett arbetsolycka eller arbetssjukdom – och tillkännager detta för regeringen.</span>\r\n\t\t\t</p>\r\n\t\t\t<h1 style=\"-aw-sdt-tag:CC_Motivering_Rubrik; -aw-sdt-title:CC_Motivering_Rubrik\">\r\n\t\t\t\t<a name=\"MotionsStart\"></a><span>Motivering</span>\r\n\t\t\t</h1>\r\n\t\t\t<p class=\"Normalutanindragellerluft\">\r\n\t\t\t\t<span>Den psykiska ohälsan ökar i Sverige och bör hanteras som det stora folkhälsoproblem det är. Psykisk ohälsa orsakad av arbete är också ett växande problem. </span>\r\n\t\t\t</p>\r\n\t\t\t<p>\r\n\t\t\t\t<span>Detta arbetsmiljöproblem, ofta beroende på stress, drabbar i stor utsträckning lågavlönade kvinnor i offentlig och privat sektor. Problemet är vanligare på arbets</span><span>­</span><span>platser där organisation och social arbetsmiljö innebär arbetsuppgifter där det förväntas att arbetstagaren konstant högprestera</span><span>r och är</span><span> tillgänglig samtidigt som vederbörande har litet eller inget inflytande över arbetssituationen vilket skapar en känsla av otillräcklighet. Dessa arbetsplatser kan liknas vid det gränslösa arbetet då det saknas gräns för arbetsuppgiftens storlek.</span>\r\n\t\t\t</p>\r\n\t\t\t<p>\r\n\t\t\t\t<span>Stress orsakar arbetsförhållanden vilket kan påverka den mentala hälsan. Stress ökar risken att drabbas av hjärt- och kä</span><span>rlsjukdomar, diabetes, övervikt och</span><span> infektioner och leder till sömnbrist. Sömnbrist kan orsaka stora negativa konsekvenser för</span><span> det mänskliga psyket. S</span><span>tress och psykisk ohälsa behöver därför synliggöras mer. Det gäller int</span><span>e minst</span><span> i branscher där organisation, ledarskap och kultur negativt påverkar den psykosociala arbetsmiljön.</span>\r\n\t\t\t</p>\r\n\t\t\t<p>\r\n\t\t\t\t<span>Människor dör av sjukdomar de fått på grund av jobbet. Här finns stora mörkertal avseende de som väljer att avsluta sina liv på grund av psykisk ohälsa orsakad av arbetet.</span>\r\n\t\t\t</p>\r\n\t\t\t<p>\r\n\t\t\t\t<span>I en arbetsmiljö som möjliggör att chefer och medarbetare regelbundet pratar om arbetsbelastning, arbetstider och kränkande särbehandling är det centralt att för</span><span>e</span><span>bygga risker för ohälsa på arbetet. Det skapar en bättre arbetsmiljö.</span>\r\n\t\t\t</p>\r\n\t\t\t<p>\r\n\t\t\t\t<span>De svåra konsekvenserna av den sjuka jobbstressen är ett stort folkhälso- och samhällsproblem som kräver förändring. En modern välfärdsstat bör verka för att ingen </span><span>ska avlida</span><span> på grund av sitt jobb. Införandet </span><span>av</span><span> en nollvision mot dödsfall på jobbet – oavsett om det är en arbetsolycka eller en arbetssjukdom – skulle innebära ett förändrat synsätt och visa att samhället menar allvar.</span>\r\n\t\t\t</p>\r\n\t\t\t<p style=\"-aw-sdt-tag:CC_Underskrifter; -aw-sdt-title:CC_Underskrifter\">\r\n\t\t\t\t<span> </span>\r\n\t\t\t</p>\r\n\t\t\t<p style=\"-aw-sdt-tag:CC_Underskrifter; -aw-sdt-title:CC_Underskrifter\">\r\n\t\t\t\t<span> </span>\r\n\t\t\t</p>\r\n\t\t\t<table cellspacing=\"0\" cellpadding=\"0\" style=\"border-collapse:collapse; margin-left:0pt; width:100%\">\r\n\t\t\t\t<tr>\r\n\t\t\t\t\t<td style=\"padding-left:5.4pt; padding-right:5.4pt; vertical-align:bottom; width:1%\">\r\n\t\t\t\t\t\t<p class=\"Underskrifter\" style=\"margin-top:15pt; margin-bottom:3pt; t-i:0pt; page-break-inside:avoid; line-height:15pt\">\r\n\t\t\t\t\t\t\t<span style=\"font-style:italic\">Caroline Helmersson Olsson (S)</span>\r\n\t\t\t\t\t\t</p>\r\n\t\t\t\t\t</td>\r\n\t\t\t\t\t<td style=\"padding-left:5.4pt; padding-right:5.4pt; vertical-align:bottom; width:1%\">\r\n\t\t\t\t\t\t<p class=\"Underskrifter\" style=\"margin-top:15pt; margin-bottom:3pt; t-i:0pt; page-break-inside:avoid; line-height:15pt\">\r\n\t\t\t\t\t\t\t<span style=\"font-style:italic\">Fredrik Olovsson (S)</span>\r\n\t\t\t\t\t\t</p>\r\n\t\t\t\t\t</td>\r\n\t\t\t\t</tr>\r\n\t\t\t</table>\r\n\t\t\t<p>\r\n\t\t\t\t<span> </span>\r\n\t\t\t</p>\r\n\t\t</div>\r\n\t</div>"},"dokforslag":{"forslag":{"nummer":"1","beteckning":null,"lydelse":"Riksdagen ställer sig bakom det som anförs i motionen om nolltolerans mot döden på jobbet - oavsett arbetsolycka eller arbetssjukdom - och tillkännager detta för regeringen.","lydelse2":null,"utskottet":"Avslag","kammaren":"Avslag","behandlas_i":"2018/19:AU10","behandlas_i_punkt":null,"kammarbeslutstyp":null,"intressent":"AU","avsnitt":null,"grundforfattning":null,"andringsforfattning":null}},"dokaktivitet":{"aktivitet":[{"kod":"INL","namn":"Inlämnad","datum":"2018-11-27 13:35:46","status":"inträffat","ordning":"0","process":"behandling"},{"kod":"Granskad","namn":"Granskad","datum":"2018-11-27 13:50:11","status":"inträffat","ordning":"0","process":"behandling"},{"kod":"HÄN","namn":"Hänvisad","datum":"2018-12-05 00:00:00","status":"inträffat","ordning":"0","process":"behandling"}]},"dokintressent":{"intressent":[{"intressent_id":"0537400268911","namn":"Caroline Helmersson Olsson","partibet":"S","ordning":"1","roll":"undertecknare"},{"intressent_id":"0653904370212","namn":"Fredrik Olovsson","partibet":"S","ordning":"2","roll":"undertecknare"}]},"dokuppgift":{"uppgift":[{"kod":"motkat","namn":"Motionskategori","text":"Fristående motion","dok_id":"H6021185","systemdatum":"2019-05-15 10:39:34"},{"kod":"tilldelat","namn":"Tilldelat","text":"Arbetsmarknadsutskottet","dok_id":"H6021185","systemdatum":"2019-05-15 10:39:34"},{"kod":"statustext","namn":"statustext","text":"Ärendet är avslutat","dok_id":"H6021185","systemdatum":"2019-05-08 17:01:20"}]},"dokbilaga":{"bilaga":[{"dok_id":"H6021185","titel":"Nolltolerans mot döden på jobbet – oavsett arbetsolycka eller arbetssjukdom","subtitel":"av Caroline Helmersson Olsson och Fredrik Olovsson (båda S)","filnamn":"mot_201819__1185.docx","filstorlek":"69864","filtyp":"docx","fil_url":"http://data.riksdagen.se/fil/79DF6A54-1A56-4F94-8675-2F0729674B80"},{"dok_id":"H6021185","titel":"Nolltolerans mot döden på jobbet – oavsett arbetsolycka eller arbetssjukdom","subtitel":"av Caroline Helmersson Olsson och Fredrik Olovsson (båda S)","filnamn":"mot_201819__1185.pdf","filstorlek":"77634","filtyp":"pdf","fil_url":"http://data.riksdagen.se/fil/D3D89632-B742-4F29-8E4A-7CF512C5F846"}]},"dokreferens":{"referens":{"referenstyp":"behandlas_i","uppgift":"2018/19:AU10","ref_dok_id":"H601AU10","ref_dok_typ":"bet","ref_dok_rm":"2018/19","ref_dok_bet":"AU10","ref_dok_titel":"Arbetsmiljö och arbetstid","ref_dok_subtitel":null,"ref_dok_subtyp":"bet","ref_dok_dokumentnamn":"Betänkande"}},"debatt":null}}