<dokumentstatus>
  <dokument>
    <hangar_id datatype="int32">5003610</hangar_id>
    <dok_id datatype="string">H601FiU9</dok_id>
    <rm datatype="string">2018/19</rm>
    <beteckning datatype="string">FiU9</beteckning>
    <typ datatype="string">bet</typ>
    <subtyp datatype="string">bet</subtyp>
    <doktyp datatype="string">bet</doktyp>
    <typrubrik datatype="string">Betänkande 2018/19:FiU9</typrubrik>
    <dokumentnamn datatype="string">Betänkande</dokumentnamn>
    <debattnamn datatype="string">Debatt om förslag</debattnamn>
    <tempbeteckning datatype="string"></tempbeteckning>
    <organ datatype="string">FiU</organ>
    <mottagare datatype="string"></mottagare>
    <nummer datatype="int32">9</nummer>
    <slutnummer datatype="int32">0</slutnummer>
    <datum datatype="datetime">2018-10-29 00:00:00</datum>
    <systemdatum datatype="datetime">2018-11-07 18:03:13</systemdatum>
    <publicerad datatype="datetime">2018-09-24 13:33:34</publicerad>
    <titel datatype="string">Riksrevisorernas årliga rapport 2018</titel>
    <subtitel datatype="string"></subtitel>
    <status datatype="string">Webbpublicering</status>
    <htmlformat datatype="string">html</htmlformat>
    <relaterat_id datatype="string"></relaterat_id>
    <source datatype="string">RIM</source>
    <sourceid datatype="string">06fd234b-6cb0-41f8-a693-d1ae835fa016</sourceid>
    <dokument_url_text datatype="stext">http://data.riksdagen.se/dokument/H601FiU9/text</dokument_url_text>
    <dokument_url_html datatype="stext">http://data.riksdagen.se/dokument/H601FiU9</dokument_url_html>
    <dokumentstatus_url_xml datatype="stext">http://data.riksdagen.se/dokumentstatus/H601FiU9</dokumentstatus_url_xml>
    <utskottsforslag_url_xml datatype="stext">http://data.riksdagen.se/utskottsforslag/H601FiU9</utskottsforslag_url_xml>
    <html datatype="text">&lt;style&gt;&lt;!--
 .w600px{width: 600px;font-family:Verdana, Geneva, sans-serif}
h2.dtyp{font-size:1.5em !important;} 
/********************************************************************************************************/
/* Styles for D:\Logs\DocumentConverter\\Output_2352e113-dbbb-4c96-9eda-1660f099db00\HTML\Dokument.html */
/* Generated by Aspose.Words for .NET 15.3.0.0                                                          */
/********************************************************************************************************/

@page Section1 { size:467.8pt 686.05pt; margin:45.35pt 102.05pt 73.7pt 70.85pt }
div.Section1 { page:Section1 }
zbody { text-align:justify; line-height:12.5pt; font-family:'Verdana'; font-size:9.5pt }
zh1, h2, h3, h4, h5, h6, p { margin:3.1pt 0pt 0pt }
zli, table { margin-top:3.1pt; margin-bottom:0pt }
zh1 { margin-top:3.1pt; margin-bottom:12pt; text-align:left; page-break-after:avoid; line-height:12.5pt; font-family:'Verdana'; font-size:16pt; font-weight:normal }
zh2 { margin-top:20pt; margin-bottom:6pt; text-align:left; page-break-inside:avoid; page-break-after:avoid; line-height:12.5pt; font-family:'Verdana'; font-size:13.5pt; font-weight:normal }
zh3 { margin-top:20pt; margin-bottom:3.1pt; text-align:left; page-break-inside:avoid; page-break-after:avoid; line-height:12.5pt; font-family:'Verdana'; font-size:10.5pt; font-weight:bold }
zh4 { margin-top:15pt; margin-bottom:3.1pt; text-align:left; page-break-inside:avoid; page-break-after:avoid; line-height:12.5pt; font-family:'Verdana'; font-size:10.5pt; font-weight:normal; font-style:italic; color:#000000 }
zh5 { margin-top:6.25pt; margin-bottom:0pt; text-align:justify; page-break-inside:avoid; page-break-after:avoid; line-height:12.5pt; font-family:'Verdana'; font-size:9.5pt; font-weight:bold }
zh6 { margin-top:6.25pt; margin-bottom:0pt; text-align:justify; page-break-inside:avoid; page-break-after:avoid; line-height:12.5pt; font-family:'Verdana'; font-size:9.5pt; font-weight:normal; font-style:italic; color:#000000 }
.Heading7 { margin-top:2pt; margin-bottom:0pt; text-align:justify; page-break-inside:avoid; page-break-after:avoid; line-height:12.5pt; font-family:'Verdana'; font-size:9.5pt; font-weight:normal; font-style:italic; color:#243f60 }
.Heading8 { margin-top:2pt; margin-bottom:0pt; text-align:justify; page-break-inside:avoid; page-break-after:avoid; line-height:12.5pt; font-family:'Verdana'; font-size:9pt; font-weight:normal; color:#272727 }
.Heading9 { margin-top:2pt; margin-bottom:0pt; text-align:justify; page-break-inside:avoid; page-break-after:avoid; line-height:12.5pt; font-family:'Verdana'; font-size:9pt; font-weight:normal; font-style:italic; color:#272727 }
.Avsnittsrubrik { margin-top:0pt; margin-bottom:27.7pt; text-align:left; page-break-before:always; page-break-after:avoid; line-height:normal; font-family:'Verdana'; font-size:16pt }
.Avvikandemeningrubrik { margin-top:0pt; margin-bottom:3.1pt; text-align:left; page-break-inside:avoid; page-break-after:avoid; line-height:12.5pt; font-family:'Verdana'; font-size:10.5pt; font-weight:bold }
.BalloonText { margin-top:3.1pt; margin-bottom:0pt; text-align:justify; line-height:normal; font-family:Tahoma; font-size:8pt }
.Bilaga { margin-top:0pt; margin-bottom:0pt; text-align:left; page-break-before:always; page-break-after:avoid; line-height:normal; widows:0; orphans:0; font-family:'Verdana'; font-size:8pt; font-variant:small-caps; text-decoration:underline }
.Bilagerubrik { margin-top:0pt; margin-bottom:17.7pt; text-align:left; page-break-after:auto; line-height:normal; widows:0; orphans:0; font-family:'Verdana'; font-size:16pt }
.Bild-Rubrik { margin-top:8pt; margin-bottom:0pt; text-align:justify; page-break-inside:avoid; page-break-after:avoid; line-height:10pt; font-family:'Verdana'; font-size:9.5pt; font-weight:bold }
.Bild-Underrubrik { margin-top:0pt; margin-bottom:1pt; text-align:left; page-break-inside:avoid; page-break-after:avoid; line-height:8pt; font-family:'Verdana'; font-size:8pt; font-weight:normal; font-style:italic }
.BodyText { margin-top:3.1pt; margin-bottom:0pt; text-align:left; line-height:12.5pt; font-family:'Verdana'; font-size:9.5pt }
.BodyTextIndent2 { margin-top:3.1pt; margin-left:14.15pt; margin-bottom:6pt; text-align:justify; line-height:200%; font-family:'Verdana'; font-size:9.5pt }
.Citatindrag { margin-top:0pt; margin-left:14.2pt; margin-bottom:6.1pt; text-indent:14.2pt; text-align:justify; line-height:10pt; font-family:'Verdana'; font-size:9.5pt }
.CommentText { margin-top:3.1pt; margin-bottom:0pt; text-align:justify; line-height:normal; font-family:'Verdana'; font-size:10pt }
.Deltagare { margin-top:0pt; margin-bottom:0pt; text-align:justify; page-break-inside:avoid; page-break-after:avoid; line-height:9.5pt; font-family:'Verdana'; font-size:9.5pt }
.Diagram-Rubrik { margin-top:8pt; margin-bottom:0pt; text-align:justify; page-break-inside:avoid; page-break-after:avoid; line-height:10pt; font-family:'Verdana'; font-size:9.5pt; font-weight:bold }
.Diagram-Underrubrik { margin-top:0pt; margin-bottom:1pt; text-align:left; page-break-inside:avoid; page-break-after:avoid; line-height:8pt; font-family:'Verdana'; font-size:8pt; font-weight:normal; font-style:italic }
.DokumentRubrik { margin-top:6pt; margin-bottom:24pt; text-align:left; line-height:normal; border-bottom-style:solid; border-bottom-width:0.75pt; border-bottom-color:#000000; padding-bottom:4pt; font-family:'Verdana'; font-size:18pt }
.Dokumentbeteckning { margin-top:0pt; margin-bottom:0pt; text-align:left; page-break-inside:avoid; page-break-after:avoid; line-height:12.5pt; font-family:'Verdana'; font-size:16pt }
.Footer { margin-top:3.1pt; margin-bottom:0pt; text-align:justify; line-height:normal; font-family:'Verdana'; font-size:9.5pt }
.FootnoteText { margin-top:0pt; margin-bottom:0pt; text-align:justify; line-height:8pt; font-family:'Verdana'; font-size:8pt }
.Fotnotstextindrag { margin-top:0pt; margin-left:5.65pt; margin-bottom:0pt; text-align:left; line-height:8pt; font-family:'Verdana'; font-size:8pt }
.Frslagspunkt { margin-top:0pt; margin-bottom:0pt; text-align:left; page-break-inside:avoid; page-break-after:avoid; line-height:12.5pt; font-family:'Verdana'; font-size:9.5pt; font-weight:bold }
.Frslagstext { margin-top:0pt; margin-bottom:0pt; text-align:justify; line-height:12.5pt; font-family:'Verdana'; font-size:9.5pt }
.Frteckningsrubrik { margin-top:9.6pt; margin-bottom:3.1pt; text-align:left; page-break-inside:avoid; page-break-after:avoid; line-height:normal; font-family:'Verdana'; font-size:9.5pt; font-weight:normal; font-style:italic; color:#000000 }
.Grupprubrik { margin-top:6pt; margin-bottom:0pt; text-align:left; page-break-inside:avoid; page-break-after:avoid; line-height:12.5pt; font-family:'Verdana'; font-size:9.5pt; font-style:italic }
.Grupprubrikindrag { margin-top:6pt; margin-left:22.1pt; margin-bottom:0pt; text-align:left; page-break-inside:avoid; page-break-after:avoid; line-height:12.5pt; font-family:'Verdana'; font-size:9.5pt; font-style:italic }
.Header { margin-top:0pt; margin-bottom:0pt; text-align:justify; line-height:normal; font-family:'Verdana'; font-size:7.5pt; font-variant:small-caps }
.Innehllsfrteckning { margin-top:0pt; margin-bottom:17.7pt; text-align:left; page-break-before:always; page-break-after:auto; line-height:normal; font-family:'Verdana'; font-size:16pt }
.Kantrubrik { margin-top:0pt; margin-bottom:0pt; text-align:justify; line-height:normal; font-family:'Verdana'; font-size:7.5pt }
.ListBullet { margin-top:6.25pt; margin-left:17.85pt; margin-bottom:6.25pt; text-indent:-17.85pt; text-align:justify; line-height:12.5pt; font-family:'Verdana'; font-size:9.5pt }
.ListParagraph { margin-top:3.1pt; margin-left:28.35pt; margin-bottom:0pt; text-align:justify; line-height:12.5pt; font-family:'Verdana'; font-size:9.5pt }
.Litentext { margin-top:0pt; margin-bottom:0pt; text-align:justify; line-height:normal; font-family:'Verdana'; font-size:8pt }
.Mellanrubrik { margin-top:11pt; margin-bottom:3.1pt; text-align:left; page-break-after:avoid; line-height:12.5pt; font-family:'Verdana'; font-size:9.5pt; font-style:italic }
.Mellanrum { margin-top:0pt; margin-bottom:0pt; text-align:left; page-break-before:auto; page-break-after:auto; line-height:1pt; widows:0; orphans:0; font-family:'Verdana'; font-size:1pt; font-variant:small-caps; text-decoration:none; color:#ffffff }
.NormalIndent { margin-top:0pt; margin-bottom:0pt; text-indent:11.35pt; text-align:justify; line-height:12.5pt; font-family:'Verdana'; font-size:9.5pt }
.Normalinskjuten { margin-top:0pt; margin-left:22.1pt; margin-bottom:0pt; text-align:justify; line-height:12.5pt; font-family:'Verdana'; font-size:9.5pt }
.Normalinskjutenindrag { margin-top:0pt; margin-left:22.1pt; margin-bottom:0pt; text-indent:11.35pt; text-align:justify; line-height:12.5pt; font-family:'Verdana'; font-size:9.5pt }
.Normalinskjutenkursiv { margin-top:6pt; margin-bottom:0pt; line-height:normal; font-family:'Verdana'; font-size:10pt; font-style:italic }
.Normalkursiv { margin-top:3.1pt; margin-bottom:0pt; text-align:left; line-height:12.5pt; font-family:'Verdana'; font-size:9.5pt; font-style:italic }
.Normalruta { margin:3.1pt 5.65pt 0pt; text-align:justify; page-break-inside:avoid; page-break-after:avoid; line-height:12.5pt; border-top-style:solid; border-top-width:0.75pt; border-top-color:#000000; border-right-style:solid; border-right-width:0.75pt; border-right-color:#000000; border-left-style:solid; border-left-width:0.75pt; border-left-color:#000000; border-bottom-style:solid; border-bottom-width:0.75pt; border-bottom-color:#000000; padding-top:4pt; padding-right:4pt; padding-left:4pt; padding-bottom:4pt; font-family:'Verdana'; font-size:10.5pt }
.Normalrutafet { margin:3.1pt 5.65pt 0pt; text-align:justify; page-break-inside:avoid; page-break-after:avoid; line-height:12.5pt; border-top-style:solid; border-top-width:0.75pt; border-top-color:#000000; border-right-style:solid; border-right-width:0.75pt; border-right-color:#000000; border-left-style:solid; border-left-width:0.75pt; border-left-color:#000000; border-bottom-style:solid; border-bottom-width:0.75pt; border-bottom-color:#000000; padding-top:4pt; padding-right:4pt; padding-left:4pt; padding-bottom:4pt; font-family:'Verdana'; font-size:10.5pt; font-weight:bold }
.Normalrutaindrag { margin:0pt 5.65pt; text-indent:11.35pt; text-align:justify; page-break-inside:avoid; page-break-after:avoid; line-height:12.5pt; border-top-style:solid; border-top-width:0.75pt; border-top-color:#000000; border-right-style:solid; border-right-width:0.75pt; border-right-color:#000000; border-left-style:solid; border-left-width:0.75pt; border-left-color:#000000; border-bottom-style:solid; border-bottom-width:0.75pt; border-bottom-color:#000000; padding-top:4pt; padding-right:4pt; padding-left:4pt; padding-bottom:4pt; font-family:'Verdana'; font-size:10.5pt }
.Normalutanluftfre { margin-top:0pt; margin-bottom:0pt; text-align:justify; line-height:12.5pt; font-family:'Verdana'; font-size:9.5pt }
.NormalNoll { margin-top:0pt; margin-bottom:3.1pt; text-align:left; line-height:12.5pt; font-family:'Verdana'; font-size:10.5pt; font-weight:bold }
.NumlistaTOC { margin:3.1pt 28.35pt 0pt 0pt; text-indent:0pt; text-align:left; line-height:normal; font-family:'Verdana'; font-size:9.5pt }
.Ordfranden { margin-top:3.1pt; margin-bottom:22pt; text-align:left; page-break-inside:avoid; page-break-after:avoid; line-height:normal; font-family:'Verdana'; font-size:9.5pt; font-style:italic }
.OrtochDatum { margin-top:18pt; margin-bottom:18pt; text-align:left; page-break-inside:avoid; page-break-after:avoid; line-height:normal; font-family:'Verdana'; font-size:9.5pt }
.Punktlistabomb { margin-top:6.25pt; margin-left:14.2pt; margin-bottom:6.25pt; text-indent:-14.2pt; text-align:justify; line-height:12.5pt; font-family:'Verdana'; font-size:9.5pt }
.Punktlistagemener { margin-top:6.25pt; margin-left:14.2pt; margin-bottom:6.25pt; text-indent:-14.2pt; text-align:justify; line-height:12.5pt; font-family:'Verdana'; font-size:9.5pt }
.Punktlistalinje { margin-top:6.25pt; margin-left:14.2pt; margin-bottom:6.25pt; text-indent:-14.2pt; text-align:justify; line-height:12.5pt; font-family:'Verdana'; font-size:9.5pt }
.Punktlistasiffra { margin-top:6.25pt; margin-left:14.2pt; margin-bottom:6.25pt; text-indent:-14.2pt; text-align:justify; line-height:12.5pt; font-family:'Verdana'; font-size:9.5pt }
.PVgnar { margin-top:3.1pt; margin-bottom:26pt; text-align:left; page-break-inside:avoid; page-break-after:avoid; line-height:normal; font-family:'Verdana'; font-size:9.5pt }
.Quote { margin-top:6.1pt; margin-left:14.2pt; margin-bottom:0pt; text-align:justify; line-height:10pt; font-family:'Verdana'; font-size:9.5pt }
.R1 { margin-top:3.1pt; margin-bottom:12pt; text-align:left; page-break-after:avoid; line-height:12.5pt; font-family:'Verdana'; font-size:16pt }
.R1bilaga { margin-top:3.1pt; margin-bottom:12pt; text-align:left; page-break-after:auto; line-height:12.5pt; font-family:'Verdana'; font-size:16pt }
.R2 { margin-top:20pt; margin-bottom:6pt; text-align:left; page-break-inside:avoid; page-break-after:avoid; line-height:12.5pt; font-family:'Verdana'; font-size:13.5pt }
.R3 { margin-top:20pt; margin-bottom:3.1pt; text-align:left; page-break-inside:avoid; page-break-after:avoid; line-height:12.5pt; font-family:'Verdana'; font-size:10.5pt; font-weight:bold }
.R4 { margin-top:15pt; margin-bottom:3.1pt; text-align:left; page-break-inside:avoid; page-break-after:avoid; line-height:12.5pt; font-family:'Verdana'; font-size:10.5pt; font-weight:normal; font-style:italic; color:#000000 }
.R5 { margin-top:6.25pt; margin-bottom:0pt; text-align:justify; page-break-inside:avoid; page-break-after:avoid; line-height:12.5pt; font-family:'Verdana'; font-size:9.5pt; font-weight:bold }
.R6 { margin-top:6.25pt; margin-bottom:0pt; text-align:justify; page-break-inside:avoid; page-break-after:avoid; line-height:12.5pt; font-family:'Verdana'; font-size:9.5pt; font-weight:normal; font-style:italic; color:#000000 }
.Reservationshnvisning { margin-top:0pt; margin-bottom:8pt; text-align:right; line-height:12.5pt; font-family:'Verdana'; font-size:9.5pt; font-style:italic }
.Reservationsrubrik { margin-top:0pt; margin-bottom:3.1pt; text-align:left; page-break-inside:avoid; page-break-after:avoid; line-height:12.5pt; font-family:'Verdana'; font-size:10.5pt; font-weight:bold }
.Rubrik1Dokumentinformation { margin-top:0pt; margin-bottom:0pt; text-align:left; page-break-inside:avoid; page-break-after:avoid; line-height:12.5pt; font-family:'Verdana'; font-size:16pt }
.Rubrik1bilaga { margin-top:0pt; margin-bottom:27.7pt; text-align:left; page-break-after:auto; line-height:12.5pt; font-family:'Verdana'; font-size:16pt }
.Rubrik1medsidhuvud { margin-top:3.1pt; margin-bottom:12pt; text-align:left; page-break-before:always; page-break-after:avoid; line-height:12.5pt; font-family:'Verdana'; font-size:16pt }
.Rubrik1numrerat { margin-top:3.1pt; margin-left:0pt; margin-bottom:12pt; text-indent:0pt; text-align:left; page-break-after:avoid; line-height:12.5pt; font-family:'Verdana'; font-size:16pt }
.Rubrik1numreratmedsidhuvud { margin-top:0pt; margin-left:0pt; margin-bottom:16pt; text-indent:0pt; text-align:left; page-break-before:always; page-break-after:avoid; line-height:normal; font-family:'Verdana'; font-size:16pt }
.Rubrik2bilaga { margin-top:20pt; margin-bottom:6pt; text-align:left; page-break-inside:avoid; page-break-after:avoid; line-height:12.5pt; font-family:'Verdana'; font-size:13.5pt }
.Rubrik2numrerat { margin-top:20pt; margin-left:0pt; margin-bottom:6pt; text-indent:0pt; text-align:left; page-break-inside:avoid; page-break-after:avoid; line-height:12.5pt; font-family:'Verdana'; font-size:13.5pt }
.Rubrik3numrerat { margin-top:20pt; margin-left:0pt; margin-bottom:3.1pt; text-indent:0pt; text-align:left; page-break-inside:avoid; page-break-after:avoid; line-height:12.5pt; font-family:'Verdana'; font-size:10.5pt; font-weight:bold }
.Sammanfattning { margin-top:3.1pt; margin-bottom:12pt; text-align:left; page-break-after:auto; line-height:12.5pt; font-family:'Verdana'; font-size:16pt }
.Sidhuvudhgerstlld { margin-top:0pt; margin-bottom:0pt; text-align:right; line-height:normal; font-family:'Verdana'; font-size:7.5pt; font-variant:small-caps }
.Sidhuvudvnsterstlld { margin-top:0pt; margin-bottom:0pt; text-align:left; line-height:normal; font-family:'Verdana'; font-size:7.5pt; font-variant:small-caps }
.Stdrubrik { margin-top:12pt; margin-bottom:0pt; line-height:12pt; font-family:'Verdana'; font-size:9.5pt; font-weight:bold }
.Srskiltyttranderubrik { margin-top:0pt; margin-bottom:3.1pt; text-align:left; page-break-inside:avoid; page-break-after:avoid; line-height:12.5pt; font-family:'Verdana'; font-size:10.5pt; font-weight:bold }
.TOC1 { margin-top:0pt; margin-right:28.35pt; margin-bottom:0pt; text-align:left; line-height:normal; font-family:'Verdana'; font-size:9.5pt }
.TOC2 { margin:0pt 28.35pt 0pt 5.65pt; text-align:left; line-height:normal; font-family:'Verdana'; font-size:9.5pt }
.TOC3 { margin:0pt 28.35pt 0pt 11.35pt; text-align:left; line-height:normal; font-family:'Verdana'; font-size:9.5pt }
.TOC4 { margin:0pt 28.35pt 0pt 17pt; text-align:left; line-height:normal; font-family:'Verdana'; font-size:9.5pt }
.TOC5 { margin:0pt 28.35pt 0pt 22.7pt; text-align:left; line-height:normal; font-family:'Verdana'; font-size:9.5pt }
.TOC6 { margin-top:0pt; margin-left:47.65pt; margin-bottom:0pt; text-align:left; line-height:normal; font-family:'Verdana'; font-size:9.5pt }
.TOC7 { margin-top:0pt; margin-right:28.35pt; margin-bottom:0pt; text-align:left; line-height:normal; font-family:'Verdana'; font-size:9.5pt }
.TOC8 { margin-top:0pt; margin-right:28.35pt; margin-bottom:0pt; text-align:left; line-height:normal; font-family:'Verdana'; font-size:9.5pt }
.TOC9 { margin-top:0pt; margin-left:8.5pt; margin-bottom:0pt; text-align:left; line-height:normal; font-family:'Verdana'; font-size:9.5pt }
.TOCHeading { margin-top:3.1pt; margin-bottom:9pt; text-align:left; page-break-before:always; page-break-inside:avoid; page-break-after:avoid; line-height:12.5pt; font-family:'Verdana'; font-size:16pt }
.Tabell-Kolumnrubrik { margin-bottom:0pt; line-height:12pt; font-family:'Verdana'; font-size:8pt; font-weight:bold }
.Tabell-Klla { margin-top:2pt; margin-bottom:0pt; line-height:8pt; font-family:'Verdana'; font-size:7pt }
.Tabell-Radrubrik { margin-bottom:0pt; line-height:12pt; font-family:'Verdana'; font-size:8pt }
.Tabell-Rubrik { margin-top:12pt; margin-bottom:3pt; text-align:left; page-break-inside:avoid; page-break-after:avoid; line-height:10pt; font-family:'Verdana'; font-size:9pt; font-weight:bold }
.Tabell-Siffror { margin-bottom:0pt; text-align:right; line-height:12pt; font-family:'Verdana'; font-size:8pt }
.Tabell-Text { margin-bottom:0pt; line-height:12pt; font-family:'Verdana'; font-size:8pt }
.Tabell-Underrubrik { margin-top:0pt; margin-bottom:1pt; text-align:left; page-break-inside:avoid; page-break-after:avoid; line-height:8pt; font-family:'Verdana'; font-size:8pt; font-weight:normal; font-style:italic }
.TableofFigures { margin-top:3.1pt; margin-bottom:0pt; text-align:justify; line-height:normal; font-family:'Verdana'; font-size:9.5pt }
.TillX-utskottet { margin-top:0pt; margin-bottom:12pt; text-align:left; page-break-after:avoid; line-height:12.5pt; font-family:'Verdana'; font-size:16pt }
.Title { margin-top:3.1pt; margin-bottom:1pt; text-align:left; line-height:12pt; font-family:'Verdana'; font-size:20pt; letter-spacing:-0.5pt }
.Vapen { margin-top:0pt; margin-bottom:0pt; text-align:left; page-break-inside:avoid; page-break-after:avoid; line-height:12.5pt; font-family:'Verdana'; font-size:16pt }
.Yrkandelista { margin-top:3.1pt; margin-left:28.35pt; margin-bottom:0pt; text-indent:-28.35pt; text-align:justify; line-height:12.5pt; font-family:'Verdana'; font-size:9.5pt }
.YrkandelistaEtt { margin-top:3.1pt; margin-left:0pt; margin-bottom:0pt; text-indent:0pt; text-align:justify; line-height:12.5pt; font-family:'Verdana'; font-size:9.5pt }
span.BallongtextChar { font-family:Tahoma; font-size:8pt }
span.BilagaChar { font-family:'Verdana'; font-size:8pt; font-variant:small-caps; text-decoration:underline }
span.BrdtextChar { font-family:'Verdana'; font-size:9.5pt }
span.BrdtextChar1 { font-family:'Verdana'; font-size:9.5pt }
span.Brdtextmedindrag2Char { font-family:'Verdana'; font-size:9.5pt }
span.CitatChar { font-family:'Verdana'; font-size:9.5pt }
span.DokumentRubrikChar { font-family:'Verdana'; font-size:18pt }
span.FotnotstextChar { font-family:'Verdana'; font-size:8pt }
span.FotnotstextindragChar { font-family:'Verdana'; font-size:8pt }
span.FrslagspunktChar { font-family:'Verdana'; font-size:9.5pt; font-weight:bold; font-style:normal }
span.Hyperlink { text-decoration:none; color:#000000 }
span.KommentarerChar { font-family:'Verdana'; font-size:10pt }
span.NormalkursivChar { font-family:'Verdana'; font-size:9.5pt; font-style:italic }
span.NormaltindragChar { font-family:'Verdana'; font-size:9.5pt }
span.OrdfrandenChar { font-family:'Verdana'; font-size:9.5pt; font-style:italic }
span.OrtochDatumChar { font-family:'Verdana'; font-size:9.5pt }
span.PlaceholderText { color:#808080 }
span.PVgnarChar { font-family:'Verdana'; font-size:9.5pt }
span.ReservationshnvisningChar { font-family:'Verdana'; font-size:9.5pt; font-style:italic }
span.Rubrik1Char { font-family:'Verdana'; font-size:16pt }
span.Rubrik1DokumentinformationChar { font-family:'Verdana'; font-size:16pt }
span.Rubrik2Char { font-family:'Verdana'; font-size:13.5pt }
span.Rubrik3Char { font-family:'Verdana'; font-size:10.5pt; font-weight:bold }
span.Rubrik4Char { font-family:'Verdana'; font-size:10.5pt; font-style:italic; color:#000000 }
span.Rubrik5Char { font-family:'Verdana'; font-size:9.5pt; font-weight:bold }
span.Rubrik6Char { font-family:'Verdana'; font-size:9.5pt; font-style:italic; color:#000000 }
span.Rubrik7Char { font-family:'Verdana'; font-size:9.5pt; font-style:italic; color:#243f60 }
span.Rubrik8Char { font-family:'Verdana'; font-size:9pt; color:#272727 }
span.Rubrik9Char { font-family:'Verdana'; font-size:9pt; font-style:italic; color:#272727 }
span.RubrikChar { font-family:'Verdana'; font-size:20pt; letter-spacing:-0.5pt }
span.SidfotChar { font-family:'Verdana'; font-size:9.5pt }
span.SidhuvudChar { font-family:'Verdana'; font-size:7.5pt; font-variant:small-caps }
span.Tabell-Upphjttecken { font-family:'Verdana'; font-variant:normal; text-decoration:none; text-transform:none; vertical-align:super; display:inline }
span.VapenChar { font-family:'Verdana'; font-size:16pt }
span.tBilagaJA { color:#000000 }
span.tSidrubrikJA { color:#000000 }
.TableGrid {  }
--&gt;&lt;/style&gt;

		&lt;div class="Section1"&gt;
			&lt;table cellspacing="0" cellpadding="0" style="border-collapse:collapse; margin-left:0pt"&gt;
				&lt;tr style="height:79.4pt"&gt;
					&lt;td style="vertical-align:top; width:297.7pt"&gt;
						&lt;p class="Rubrik1Dokumentinformation" style="margin-top:0pt; margin-bottom:0pt; text-align:left; page-break-inside:avoid; page-break-after:avoid; line-height:16pt"&gt;
							&lt;span style="font-family:'Verdana'; font-size:16pt; -aw-sdt-tag:ccUtskott; -aw-sdt-title:'utskottsnamn Dokumentegenskap'"&gt;Finansutskottet&lt;/span&gt;&lt;span style="font-family:'Verdana'; font-size:16pt; -aw-sdt-tag:ccS; -aw-sdt-title:s"&gt;s&lt;/span&gt;&lt;span style="font-family:'Verdana'; font-size:16pt; -aw-sdt-tag:ccMellanslag; -aw-sdt-title:Mellanslag"&gt; &lt;/span&gt;&lt;a name="Utlatande"&gt;&lt;/a&gt;&lt;span style="font-family:'Verdana'; font-size:16pt"&gt;betänkande&lt;/span&gt;
						&lt;/p&gt;
						&lt;p class="Dokumentbeteckning" style="margin-top:0pt; margin-bottom:0pt; text-align:left; page-break-inside:avoid; page-break-after:avoid; line-height:16pt"&gt;
							&lt;span style="font-family:'Verdana'; font-size:16pt; -aw-sdt-tag:ccRiksmote; -aw-sdt-title:'riksmote Dokumentegenskap'"&gt;2018/19&lt;/span&gt;&lt;span style="font-family:'Verdana'; font-size:16pt; -aw-sdt-tag:ccKolon; -aw-sdt-title:Kolon"&gt;:&lt;/span&gt;&lt;a name="Utskottebeteckning"&gt;&lt;/a&gt;&lt;span style="font-family:'Verdana'; font-size:16pt"&gt;FiU9&lt;/span&gt;
						&lt;/p&gt;
						&lt;p class="Rubrik1Dokumentinformation" style="margin-top:0pt; margin-bottom:0pt; text-align:left; page-break-inside:avoid; page-break-after:avoid; line-height:16pt"&gt;
							&lt;span style="font-family:'Verdana'; font-size:16pt"&gt; &lt;/span&gt;
						&lt;/p&gt;
					&lt;/td&gt;
				&lt;/tr&gt;
			&lt;/table&gt;
			&lt;p class="DokumentRubrik" style="-aw-sdt-tag:ccDokumentrubrik; -aw-sdt-title:'dokumentrubrik Dokumentegenskap'"&gt;
				&lt;span&gt;Riksrevisorernas årliga rapport 2018&lt;/span&gt;
			&lt;/p&gt;
			&lt;p class="Sammanfattning"&gt;
				&lt;span class="tSidrubrikJA"&gt;Sammanfattning&lt;/span&gt;
			&lt;/p&gt;
			&lt;p&gt;
				&lt;span&gt;Utskottet föreslår att redogörelse 2017/18:RR5 Riksrevisorernas årliga rapport &lt;/span&gt;&lt;span&gt;2018 läggs till handlingarna.&lt;/span&gt;
			&lt;/p&gt;
			&lt;p class="NormalIndent"&gt;
				&lt;span&gt;Den årliga &lt;/span&gt;&lt;span&gt;rapporten fyller en viktig funktion för riksdagen&lt;/span&gt;&lt;span&gt;;&lt;/span&gt;&lt;span&gt; t.ex. &lt;/span&gt;&lt;span&gt;presenteras inte de viktigaste iakttagelserna från den årliga revisionen som avser brister och problem som berör flera myndigheter, politikområden och verksamheter för riksdagen annat än i den årliga rapporten&lt;/span&gt;&lt;span&gt;. &lt;/span&gt;&lt;span&gt;För att &lt;/span&gt;&lt;span&gt;ytterligare förbättra förutsättningarna att i riksdagen belysa revisionens &lt;/span&gt;&lt;span&gt;samlade &lt;/span&gt;&lt;span&gt;iakttagelser och resultat, anordnade utskottet en öppen utfrågning med riksrevisorerna i slutet av maj 2018&lt;/span&gt;&lt;span&gt; med grund i den årliga rapporten och Riksrevisionens uppföljningsrapport. I&lt;/span&gt;&lt;span&gt; förlängningen bidrar öppenhet och transparens om effekten av de statliga verksamheterna till att bevara ett högt förtroende för de statliga myndigheterna och samhällets institutioner.&lt;/span&gt;
			&lt;/p&gt;
			&lt;p class="R4"&gt;
				&lt;span&gt;Behandlade förslag&lt;/span&gt;
			&lt;/p&gt;
			&lt;p&gt;
				&lt;span&gt;Redogörelse 2017/18:RR5 Riksrevisorernas årliga rapport 2018.&lt;/span&gt;
			&lt;/p&gt;
			&lt;p class="Innehllsfrteckning"&gt;
				&lt;a name="Innehållsförteckning"&gt;&lt;/a&gt;&lt;span class="tSidrubrikJA"&gt;Innehållsförteckning&lt;/span&gt;
			&lt;/p&gt;
			&lt;p class="TOC1"&gt;
				&lt;a style="color:#000000" href="#_Toc528573807"&gt;&lt;span class="Hyperlink"&gt;Utskottets förslag till riksdagsbeslut&lt;/span&gt;&lt;/a&gt;
			&lt;/p&gt;
			&lt;p class="TOC1"&gt;
				&lt;a style="color:#000000" href="#_Toc528573808"&gt;&lt;span class="Hyperlink"&gt;Redogörelse för ärendet&lt;/span&gt;&lt;/a&gt;
			&lt;/p&gt;
			&lt;p class="TOC1"&gt;
				&lt;a style="color:#000000" href="#_Toc528573809"&gt;&lt;span class="Hyperlink"&gt;Utskottets överväganden&lt;/span&gt;&lt;/a&gt;
			&lt;/p&gt;
			&lt;p class="TOC2"&gt;
				&lt;a style="color:#000000" href="#_Toc528573810"&gt;&lt;span class="Hyperlink"&gt;Riksrevisorernas årliga rapport 2018&lt;/span&gt;&lt;/a&gt;
			&lt;/p&gt;
			&lt;p class="TOC8"&gt;
				&lt;span class="Hyperlink" style="font-style:italic"&gt;Bilaga 1&lt;/span&gt;&lt;br /&gt;&lt;a style="color:#000000" href="#_Toc528573811"&gt;&lt;span class="Hyperlink"&gt;Förteckning över behandlade förslag&lt;/span&gt;&lt;/a&gt;
			&lt;/p&gt;
			&lt;p class="TOC9"&gt;
				&lt;a style="color:#000000" href="#_Toc528573812"&gt;&lt;span class="Hyperlink"&gt;Redogörelsen&lt;/span&gt;&lt;/a&gt;
			&lt;/p&gt;
			&lt;p class="TOC8"&gt;
				&lt;span class="Hyperlink" style="font-style:italic"&gt;Bilaga 2&lt;/span&gt;&lt;br /&gt;&lt;a style="color:#000000" href="#_Toc528573813"&gt;&lt;span class="Hyperlink"&gt;Öppen utfrågning med riksrevisorerna&lt;/span&gt;&lt;/a&gt;
			&lt;/p&gt;
			&lt;p&gt;
			&lt;/p&gt;
			&lt;p&gt;
				&lt;span&gt; &lt;/span&gt;
			&lt;/p&gt;
			&lt;p class="NormalIndent"&gt;
				&lt;span&gt; &lt;/span&gt;
			&lt;/p&gt;
			&lt;p class="Avsnittsrubrik"&gt;
				&lt;a name="_Toc528573807"&gt;&lt;/a&gt;&lt;a name="StopCC"&gt;&lt;/a&gt;&lt;span class="tSidrubrikJA"&gt;Utskottets förslag till riksdagsbeslut&lt;/span&gt;&lt;span style="-aw-bookmark-end:_Toc528573807"&gt;&lt;/span&gt;
			&lt;/p&gt;
			&lt;p class="Mellanrum"&gt;
				&lt;span&gt; &lt;/span&gt;
			&lt;/p&gt;
			&lt;p class="Mellanrum"&gt;
				&lt;span&gt; &lt;/span&gt;
			&lt;/p&gt;
			&lt;table cellspacing="0" cellpadding="0" style="border-collapse:collapse; margin-left:0pt; width:294.2pt"&gt;
				&lt;tr&gt;
					&lt;td style="vertical-align:top; width:22pt"&gt;
						&lt;p style="margin-top:3.1pt; margin-bottom:0pt; text-align:justify; page-break-inside:avoid; page-break-after:avoid; line-height:12.5pt"&gt;
							&lt;span style="font-family:'Verdana'; font-size:10.5pt; font-weight:bold"&gt;Riksrevisorernas årliga rapport 2018&lt;/span&gt;
						&lt;/p&gt;
					&lt;/td&gt;
				&lt;/tr&gt;
			&lt;/table&gt;
			&lt;p class="Normalutanluftfre" style="-aw-sdt-tag:'dokumentavsnitt/utskottets förslag till riksdagsbeslut/-248691068/1540465307695'; -aw-sdt-title:'utskottets förslag till riksdagsbeslut'"&gt;
				&lt;span&gt;Riksdagen lägger redogörelse 2017/18:RR5 till handlingarna.&lt;/span&gt;
			&lt;/p&gt;
			&lt;p class="Mellanrum" style="-aw-sdt-tag:'dokumentavsnitt/utskottets förslag till riksdagsbeslut/-248691068/1540465307695'; -aw-sdt-title:'utskottets förslag till riksdagsbeslut'"&gt;
				&lt;span&gt; &lt;/span&gt;
			&lt;/p&gt;
			&lt;p class="OrtochDatum" style="-aw-sdt-tag:'dokumentavsnitt/utskottets förslag till riksdagsbeslut/-248691068/1540465307695'; -aw-sdt-title:'utskottets förslag till riksdagsbeslut'"&gt;
				&lt;span&gt;Stockholm den 25 oktober 2018&lt;/span&gt;
			&lt;/p&gt;
			&lt;p class="PVgnar" style="-aw-sdt-tag:'dokumentavsnitt/utskottets förslag till riksdagsbeslut/-248691068/1540465307695'; -aw-sdt-title:'utskottets förslag till riksdagsbeslut'"&gt;
				&lt;span&gt;På finansutskottets vägnar&lt;/span&gt;
			&lt;/p&gt;
			&lt;p class="Ordfranden" style="-aw-sdt-tag:'dokumentavsnitt/utskottets förslag till riksdagsbeslut/-248691068/1540465307695'; -aw-sdt-title:'utskottets förslag till riksdagsbeslut'"&gt;
				&lt;span&gt;Elisabeth Svantesson&lt;/span&gt;
			&lt;/p&gt;
			&lt;p class="Deltagare" style="-aw-sdt-tag:'dokumentavsnitt/utskottets förslag till riksdagsbeslut/-248691068/1540465307695'; -aw-sdt-title:'utskottets förslag till riksdagsbeslut'"&gt;
				&lt;span&gt;Följande ledamöter har deltagit i beslutet: Elisabeth Svantesson (M), Fredrik Olovsson (S), Gunilla Carlsson (S), Niklas Wykman (M), Oscar Sjöstedt (SD), Adnan Dibrani (S), Emil Källström (C), Ulla Andersson (V), Jessika Roswall (M), Dennis Dioukarev (SD), Ingela Nylund Watz (S), Jakob Forssmed (KD), Ingemar Nilsson (S), Mats Persson (L), Sven-Olof Sällström (SD), Janine Alm Ericson (MP) och Jan Ericson (M).&lt;/span&gt;
			&lt;/p&gt;
			&lt;p class="Mellanrum" style="-aw-sdt-tag:'dokumentavsnitt/utskottets förslag till riksdagsbeslut/-248691068/1540465307695'; -aw-sdt-title:'utskottets förslag till riksdagsbeslut'"&gt;
				&lt;span&gt; &lt;/span&gt;
			&lt;/p&gt;
			&lt;p class="Mellanrum" style="-aw-sdt-tag:'dokumentavsnitt/utskottets förslag till riksdagsbeslut/-248691068/1540465307695'; -aw-sdt-title:'utskottets förslag till riksdagsbeslut'"&gt;
				&lt;span&gt; &lt;/span&gt;
			&lt;/p&gt;
			&lt;p class="Mellanrum" style="-aw-sdt-tag:'dokumentavsnitt/utskottets förslag till riksdagsbeslut/-248691068/1540465307695'; -aw-sdt-title:'utskottets förslag till riksdagsbeslut'"&gt;
				&lt;span style="font-size:9.5pt"&gt; &lt;/span&gt;
			&lt;/p&gt;
			&lt;p&gt;
				&lt;span&gt; &lt;/span&gt;
			&lt;/p&gt;
			&lt;p class="Avsnittsrubrik"&gt;
				&lt;a name="_Toc528573808"&gt;&lt;/a&gt;&lt;a name="SlutUtskottsForslag"&gt;&lt;/a&gt;&lt;span class="tSidrubrikJA"&gt;Redogörelse för ärendet&lt;/span&gt;&lt;span style="-aw-bookmark-end:_Toc528573808"&gt;&lt;/span&gt;
			&lt;/p&gt;
			&lt;p&gt;
				&lt;span&gt;Enligt 12&lt;/span&gt;&lt;span&gt; &lt;/span&gt;&lt;span&gt;§ lagen (2002:1022) om revision av statlig verksamhet m.m. ska riksrevisorerna samla de viktigaste iakttagelserna från effektivitetsrevisionen och den årliga revisionen i en årlig rapport och överlämna den till riksdagen. Den årliga rapporten 2018 överlämnades den 29 maj 2018.&lt;/span&gt;&lt;span&gt; Enligt 9&lt;/span&gt;&lt;span&gt; &lt;/span&gt;&lt;span&gt;kap. 18&lt;/span&gt;&lt;span&gt; &lt;/span&gt;&lt;span&gt;§ &lt;/span&gt;&lt;span&gt;riksdagsordningen &lt;/span&gt;&lt;span&gt;lämnas den som en redogörelse till riksdagen &lt;/span&gt;&lt;span&gt;(redog. 2017/18:RR5)&lt;/span&gt;&lt;span&gt;.&lt;/span&gt;
			&lt;/p&gt;
			&lt;p class="NormalIndent"&gt;
				&lt;span&gt;Till skillnad från hanteringen av Riksrevisionens rapporter från effektivitetsrevisionen krävs det ingen svarsskrivelse om den årliga rapporten från regeringen. Inte heller finns det något krav på återrapportering från regeringen i budgetpropositionen eller årsredovisningen för staten.&lt;/span&gt;
			&lt;/p&gt;
			&lt;p class="NormalIndent"&gt;
				&lt;span&gt;Den 31 maj 2018 höll utskottet en öppen utfrågning med anledning av riksrevisorernas årliga rapport &lt;/span&gt;&lt;span&gt;2018&lt;/span&gt;&lt;span&gt; &lt;/span&gt;&lt;span&gt;och Riksrevisionens uppföljningsrapport&lt;/span&gt;&lt;span&gt; 2018&lt;/span&gt;&lt;span&gt;. Syftet var att vid ett samlat tillfälle uppmärksamma och belysa Riksrevisionens iakttagelser och resultat utifrån de publicerade rapporterna. Medverkande var riksrevisorerna Stefan Lundgren, Helena Lindberg och Ingvar Mattson.&lt;/span&gt;&lt;span&gt; Protokollet från den öppna utfrågningen finns i bilaga 2 och har också presenterats i en rapport från riksdagen (2017/18:RFR22)&lt;/span&gt;&lt;span&gt;.&lt;/span&gt;
			&lt;/p&gt;
			&lt;p class="NormalIndent"&gt;
				&lt;span&gt;Inga motioner har väckts med anledning av den årliga rapporten.&lt;/span&gt;
			&lt;/p&gt;
			&lt;p class="Avsnittsrubrik"&gt;
				&lt;a name="_Toc528573809"&gt;&lt;span class="tSidrubrikJA"&gt;Utskottets överväganden&lt;/span&gt;&lt;/a&gt;
			&lt;/p&gt;
			&lt;h2 style="-aw-sdt-tag:1737b60d-01de-4b75-83d6-ecec27d791df/förslagsrutor/-371115519/1537869387038; -aw-sdt-title:förslagsrutor"&gt;
				&lt;a name="_Toc528573810"&gt;&lt;span&gt;Riksrevisorernas årliga rapport 2018&lt;/span&gt;&lt;/a&gt;
			&lt;/h2&gt;
			&lt;div style="border-bottom-color:#000000; border-bottom-style:solid; border-bottom-width:0.75pt; border-left-color:#000000; border-left-style:solid; border-left-width:0.75pt; border-right-color:#000000; border-right-style:solid; border-right-width:0.75pt; border-top-color:#000000; border-top-style:solid; border-top-width:0.75pt; clear:both; margin:3.1pt 0.9pt 0pt"&gt;
				&lt;p class="Normalrutafet" style="margin:0pt; padding-right:4pt; padding-left:4pt"&gt;
					&lt;span style="-aw-bookmark-end:_Toc528573810"&gt;&lt;/span&gt;&lt;span&gt;Utskottets förslag i korthet&lt;/span&gt;
				&lt;/p&gt;
				&lt;p class="Normalruta" style="margin:0pt; padding-right:4pt; padding-left:4pt; padding-bottom:4pt"&gt;
					&lt;span&gt;Riksdagen &lt;/span&gt;&lt;span&gt;lägger redogörelsen Riksrevisorernas årliga rapport 2018 till handlingarna.&lt;/span&gt;
				&lt;/p&gt;
			&lt;/div&gt;
			&lt;p class="Mellanrum"&gt;
				&lt;span&gt; &lt;/span&gt;
			&lt;/p&gt;
			&lt;p class="R3"&gt;
				&lt;span&gt;Den årliga rapporten i sammandrag&lt;/span&gt;
			&lt;/p&gt;
			&lt;p&gt;
				&lt;span&gt;Riksrevisorernas årliga rapport består av ett avsnitt med de viktigaste iakttagelserna inom effektivitetsrevisionen, vilka baserar sig på de 3&lt;/span&gt;&lt;span&gt;3&lt;/span&gt;&lt;span&gt; &lt;/span&gt;&lt;span&gt;granskningsrapporter som publicerats sedan den förra årliga rapporten, och ett avsnitt med de viktigaste iakttagelserna inom &lt;/span&gt;&lt;span&gt;den &lt;/span&gt;&lt;span&gt;årlig&lt;/span&gt;&lt;span&gt;a&lt;/span&gt;&lt;span&gt; revision&lt;/span&gt;&lt;span&gt;en under samma period&lt;/span&gt;&lt;span&gt;.&lt;/span&gt;
			&lt;/p&gt;
			&lt;p class="NormalIndent"&gt;
				&lt;span&gt;De viktigaste iakttagelserna inom effektivitetsrevisionen grupperas i &lt;/span&gt;&lt;span&gt;åtta &lt;/span&gt;&lt;span&gt;tvärgående teman, som&lt;/span&gt;&lt;span&gt; enligt riksrevisorerna &lt;/span&gt;&lt;span&gt;avspeglar viktiga aspekter av den statliga förvaltni&lt;/span&gt;&lt;span&gt;ngen:&lt;/span&gt;
			&lt;/p&gt;
			&lt;p class="Punktlistabomb" style="margin-left:14.2pt; margin-bottom:0pt; text-indent:-14.2pt"&gt;
				&lt;span style="font-family:'Verdana'; font-size:10pt"&gt;•&lt;/span&gt;&lt;span style="font:7.0pt 'Verdana'"&gt;       &lt;/span&gt;&lt;span&gt;Effektivitet och måluppfyllelse&lt;/span&gt;
			&lt;/p&gt;
			&lt;p class="Punktlistabomb" style="margin-top:0pt; margin-left:14.2pt; margin-bottom:0pt; text-indent:-14.2pt"&gt;
				&lt;span style="font-family:'Verdana'; font-size:10pt"&gt;•&lt;/span&gt;&lt;span style="font:7.0pt 'Verdana'"&gt;       &lt;/span&gt;&lt;span&gt;Oönskade effekter&lt;/span&gt;
			&lt;/p&gt;
			&lt;p class="Punktlistabomb" style="margin-top:0pt; margin-left:14.2pt; margin-bottom:0pt; text-indent:-14.2pt"&gt;
				&lt;span style="font-family:'Verdana'; font-size:10pt"&gt;•&lt;/span&gt;&lt;span style="font:7.0pt 'Verdana'"&gt;       &lt;/span&gt;&lt;span&gt;Målkonflikter och ansvarsfördelning&lt;/span&gt;
			&lt;/p&gt;
			&lt;p class="Punktlistabomb" style="margin-top:0pt; margin-left:14.2pt; margin-bottom:0pt; text-indent:-14.2pt"&gt;
				&lt;span style="font-family:'Verdana'; font-size:10pt"&gt;•&lt;/span&gt;&lt;span style="font:7.0pt 'Verdana'"&gt;       &lt;/span&gt;&lt;span&gt;Samarbete och samverkan&lt;/span&gt;
			&lt;/p&gt;
			&lt;p class="Punktlistabomb" style="margin-top:0pt; margin-left:14.2pt; margin-bottom:0pt; text-indent:-14.2pt"&gt;
				&lt;span style="font-family:'Verdana'; font-size:10pt"&gt;•&lt;/span&gt;&lt;span style="font:7.0pt 'Verdana'"&gt;       &lt;/span&gt;&lt;span&gt;Underlag för insyn, beslut och uppföljning&lt;/span&gt;
			&lt;/p&gt;
			&lt;p class="Punktlistabomb" style="margin-top:0pt; margin-left:14.2pt; margin-bottom:0pt; text-indent:-14.2pt"&gt;
				&lt;span style="font-family:'Verdana'; font-size:10pt"&gt;•&lt;/span&gt;&lt;span style="font:7.0pt 'Verdana'"&gt;       &lt;/span&gt;&lt;span&gt;Tillsyn och kontroll&lt;/span&gt;
			&lt;/p&gt;
			&lt;p class="Punktlistabomb" style="margin-top:0pt; margin-left:14.2pt; margin-bottom:0pt; text-indent:-14.2pt"&gt;
				&lt;span style="font-family:'Verdana'; font-size:10pt"&gt;•&lt;/span&gt;&lt;span style="font:7.0pt 'Verdana'"&gt;       &lt;/span&gt;&lt;span&gt;Staten och kommunerna&lt;/span&gt;
			&lt;/p&gt;
			&lt;p class="Punktlistabomb" style="margin-top:0pt; margin-left:14.2pt; text-indent:-14.2pt"&gt;
				&lt;span style="font-family:'Verdana'; font-size:10pt"&gt;•&lt;/span&gt;&lt;span style="font:7.0pt 'Verdana'"&gt;       &lt;/span&gt;&lt;span&gt;Staten och marknaden&lt;/span&gt;&lt;span&gt;.&lt;/span&gt;
			&lt;/p&gt;
			&lt;p&gt;
				&lt;span&gt;De viktigaste iakttagelserna från den årliga revisionen avser brister och problem som förekommer inom flera myndigheter. &lt;/span&gt;&lt;span&gt;I flera fall &lt;/span&gt;&lt;span&gt;har bristerna &lt;/span&gt;&lt;span&gt;påpekats av Riksrevisionen under flera år, men &lt;/span&gt;&lt;span&gt;förbättrande åtgärder &lt;/span&gt;&lt;span&gt;har &lt;/span&gt;&lt;span&gt;ännu inte genomförts eller &lt;/span&gt;&lt;span&gt;inte &lt;/span&gt;&lt;span&gt;fått tillräckligt genomslag.&lt;/span&gt;&lt;span&gt; &lt;/span&gt;&lt;span&gt;Redovisningen görs under &lt;/span&gt;&lt;span&gt;följande&lt;/span&gt;&lt;span&gt; sex rubriker:&lt;/span&gt;
			&lt;/p&gt;
			&lt;p class="Punktlistabomb" style="margin-left:14.2pt; margin-bottom:0pt; text-indent:-14.2pt"&gt;
				&lt;span style="font-family:'Verdana'; font-size:10pt"&gt;•&lt;/span&gt;&lt;span style="font:7.0pt 'Verdana'"&gt;       &lt;/span&gt;&lt;span&gt;Det ekonomiadministrativa regelverket för statlig redovisning&lt;/span&gt;
			&lt;/p&gt;
			&lt;p class="Punktlistabomb" style="margin-top:0pt; margin-left:14.2pt; margin-bottom:0pt; text-indent:-14.2pt"&gt;
				&lt;span style="font-family:'Verdana'; font-size:10pt"&gt;•&lt;/span&gt;&lt;span style="font:7.0pt 'Verdana'"&gt;       &lt;/span&gt;&lt;span&gt;Reglerna för avgiftsfinansiering&lt;/span&gt;
			&lt;/p&gt;
			&lt;p class="Punktlistabomb" style="margin-top:0pt; margin-left:14.2pt; margin-bottom:0pt; text-indent:-14.2pt"&gt;
				&lt;span style="font-family:'Verdana'; font-size:10pt"&gt;•&lt;/span&gt;&lt;span style="font:7.0pt 'Verdana'"&gt;       &lt;/span&gt;&lt;span&gt;Redovisningen av intern styrning och kontroll&lt;/span&gt;
			&lt;/p&gt;
			&lt;p class="Punktlistabomb" style="margin-top:0pt; margin-left:14.2pt; margin-bottom:0pt; text-indent:-14.2pt"&gt;
				&lt;span style="font-family:'Verdana'; font-size:10pt"&gt;•&lt;/span&gt;&lt;span style="font:7.0pt 'Verdana'"&gt;       &lt;/span&gt;&lt;span&gt;Uppföljning och kontroll av forskningsbidrag&lt;/span&gt;
			&lt;/p&gt;
			&lt;p class="Punktlistabomb" style="margin-top:0pt; margin-left:14.2pt; margin-bottom:0pt; text-indent:-14.2pt"&gt;
				&lt;span style="font-family:'Verdana'; font-size:10pt"&gt;•&lt;/span&gt;&lt;span style="font:7.0pt 'Verdana'"&gt;       &lt;/span&gt;&lt;span&gt;Bemyndiganden&lt;/span&gt;
			&lt;/p&gt;
			&lt;p class="Punktlistabomb" style="margin-top:0pt; margin-left:14.2pt; text-indent:-14.2pt"&gt;
				&lt;span style="font-family:'Verdana'; font-size:10pt"&gt;•&lt;/span&gt;&lt;span style="font:7.0pt 'Verdana'"&gt;       &lt;/span&gt;&lt;span&gt;Myndigheternas åtgärder för att motverka förekomst av oegentligheter&lt;/span&gt;&lt;span&gt;.&lt;/span&gt;
			&lt;/p&gt;
			&lt;p&gt;
				&lt;span&gt;I två bilagor redovisas sedan dels en förteckning över publicerade granskningsrapporter under det senaste året, dels en redovisning av samtliga my&lt;/span&gt;&lt;span&gt;n&lt;/span&gt;&lt;span&gt;digheter med modifieringar och upplysningar i revisionsberättelsen för 2017.&lt;/span&gt;
			&lt;/p&gt;
			&lt;p class="R3" style="margin-bottom:0pt"&gt;
				&lt;span&gt;De viktigaste iakttagelserna inom effektivitetsrevisionen&lt;/span&gt;
			&lt;/p&gt;
			&lt;p class="R4" style="margin-top:6pt"&gt;
				&lt;span&gt;Effektivitet och måluppfyllelse&lt;/span&gt;
			&lt;/p&gt;
			&lt;p&gt;
				&lt;span&gt;En central fråga för effektivitetsrevisionen är på vilket sätt &lt;/span&gt;&lt;span&gt;man ska uppnå &lt;/span&gt;&lt;span&gt;hög effektivitet i den statliga verksamheten&lt;/span&gt;&lt;span&gt;. I&lt;/span&gt;&lt;span&gt; den årliga rapporten konstateras att granskningen av Polismyndighetens forensiska organisation visar att det forensiska arbetet håller hög kvalitet men att resursanvändningen är ineffektiv&lt;/span&gt;&lt;span&gt; och att detta försvårar arbetet med att klara upp brott (RiR 2017:16).&lt;/span&gt;&lt;span&gt; &lt;/span&gt;&lt;span&gt;Riksrevisionen har också funnit långvariga och omfattande brister i Sameskolstyrelsens verksamhet&lt;/span&gt;&lt;span&gt; &lt;/span&gt;&lt;span&gt;där myndigheten inte genomfört eller bristfälligt genomfört flera av sina uppgifter, &lt;/span&gt;&lt;span&gt;vilket&lt;/span&gt;&lt;span&gt; innebär att samiska elever i sameskolan riskerar att inte få tillräckligt bra &lt;/span&gt;&lt;span&gt;förutsättningar för att nå u&lt;/span&gt;&lt;span&gt;tbildningens mål (RiR 2017:15).&lt;/span&gt;&lt;span&gt; &lt;/span&gt;&lt;span&gt;Även &lt;/span&gt;&lt;span&gt;Skatteverkets arbete med att upprätthålla kvaliteten i folkbokföringen &lt;/span&gt;&lt;span&gt;skulle kunna effektiviseras, och i den årliga rapporten konstateras att viktiga delar av statens verksamheter är beroende av folkbokföringen&lt;/span&gt;&lt;span&gt;,&lt;/span&gt;&lt;span&gt; t.ex. Försäkringskassan&lt;/span&gt;&lt;span&gt; (RiR 2017:23)&lt;/span&gt;&lt;span&gt;.&lt;/span&gt;&lt;span&gt; &lt;/span&gt;&lt;span&gt;Avslutningsvis har Riksrevisionen funnit att lärosäten inte fullt ut har kunnat omsätta tilldelade medel i forskning och utbildning, bl.a. &lt;/span&gt;&lt;span&gt;därför att det varit svårt &lt;/span&gt;&lt;span&gt;att anpassa verksamheten personalmässigt i den takt &lt;/span&gt;&lt;span&gt;och&lt;/span&gt;&lt;span&gt; omfattning medlen&lt;/span&gt;&lt;span&gt; tilldelats&lt;/span&gt;&lt;span&gt;. Det samlade myndighetskapitalet har ökat med 7 miljarder kronor under de senaste tio åren till ca 12 miljarder kronor&lt;/span&gt;&lt;span&gt; (RiR 2017:28).&lt;/span&gt;
			&lt;/p&gt;
			&lt;p class="R4"&gt;
				&lt;span&gt;O&lt;/span&gt;&lt;span&gt;önskade effekter&lt;/span&gt;
			&lt;/p&gt;
			&lt;p&gt;
				&lt;span&gt;Riksrevisionen har kunnat konstatera att statliga insatser i vissa fall har fått oönskade konsekvenser. &lt;/span&gt;&lt;span&gt;Granskningen av systemet med ett stort antal riktade statsbidrag till skolan är ett exempel på att statliga åtgärder kan få oönskade effekter, t.ex. att insatser ibland görs där det finns statsbidrag att söka eller att specifika lokala utvecklingsbehov får stå tillbaka (RiR 2017:30). I en tidigare granskning av vården har Riksrevisionen gjort motsvarande iakttagelser (RiR 2016:29).&lt;/span&gt;&lt;span&gt; &lt;/span&gt;&lt;span&gt;Riksrevisionens granskning av den avskaffade revisionsplikten för små aktiebolag visar att de fördelar som förväntades i stort sett &lt;/span&gt;&lt;span&gt;har &lt;/span&gt;&lt;span&gt;uteblivit och att flera av de negativa farhågor som uttrycktes före reformen har besannats (RiR 2017:35). Vidare visar Riksrevisionens granskning av Karriärstegsreformen och Lärarlönelyftet att regeringens lönemässiga målsättningar till stor del uppnåtts, men att reformerna haft en negativ påverkan på sammanhållningen mellan lärare (RiR 2017:18). &lt;/span&gt;&lt;span&gt;Även granskningen av Arbetsförmedlingens insats Förberedande och orienterande utbildning visar på en oönskad effekt där de som deltar får lägre framtida arbetsinkomster jämfört med andra arbetssökande&lt;/span&gt;&lt;span&gt; (RiR 2017:20)&lt;/span&gt;&lt;span&gt;. Effekte&lt;/span&gt;&lt;span&gt;rna&lt;/span&gt;&lt;span&gt; är dock positiv&lt;/span&gt;&lt;span&gt;a&lt;/span&gt;&lt;span&gt; för de &lt;/span&gt;&lt;span&gt;som har&lt;/span&gt;&lt;span&gt; högst en förgymnasial utbildning &lt;/span&gt;&lt;span&gt;eller &lt;/span&gt;&lt;span&gt;de som &lt;/span&gt;&lt;span&gt;är utomeuropeiskt födda.&lt;/span&gt;
			&lt;/p&gt;
			&lt;p class="R4"&gt;
				&lt;span&gt;Målkonflikter och ansvarsfördelning&lt;/span&gt;
			&lt;/p&gt;
			&lt;p&gt;
				&lt;span&gt;Det offentliga åtagandet karaktäriseras inte sällan av en komplexitet med flera aktörer med olika roller på olika nivåer. I vissa fall kan målen vara otydliga eller stå i konflikt med varandra. Ett exempel där målkonflikter uppmärksammats är granskningen av regeringens styrning av bolag med samhällsuppdrag, där Riksrevisionen bedömer att den systematiska styrningen och uppföljningen av samhällsuppdragen behöver utvecklas (RiR 2017:37). En iakttagelse i granskningen av planeringen av den nationella transportinfra&lt;/span&gt;&lt;span&gt;­&lt;/span&gt;&lt;span&gt;strukturen är att varken regeringen eller Trafikverket har prioriterat EU-perspektivet i planeringen och att det därmed finns en risk att EU-målen inte nås i tid (RiR 2017:27). &lt;/span&gt;&lt;span&gt;Ibland delas ansvaret mellan myndigheter och det civila samhället&lt;/span&gt;&lt;span&gt;, vilket kan fungera väl men i vissa fall riskerar att skapa otydliga roller och leda till brister i rättssäkerhet. Riksrevisionens granskning av systemet med gode män och förvaltare visar att systemet har omfattande brister. Riksrevisionen &lt;/span&gt;&lt;span&gt;menar &lt;/span&gt;&lt;span&gt;att det &lt;/span&gt;&lt;span&gt;till stor del &lt;/span&gt;&lt;span&gt;beror på att det inte finns en myndighet med ansvar för frågan på central nivå (RiR&lt;/span&gt;&lt;span&gt; &lt;/span&gt;&lt;span&gt;2017:33). Otydliga mål och ansvarsförhållanden framkommer även i granskningen av livsmedels- och läkemedelsförsörjningen i krissituationer (RiR 2018:6)&lt;/span&gt;&lt;span&gt;,&lt;/span&gt;&lt;span&gt; och i den årliga rapporten konstateras att tillgång till livsmedel och läkemedel är exempel på samhällsviktiga funktioner.&lt;/span&gt;
			&lt;/p&gt;
			&lt;p class="R4"&gt;
				&lt;span&gt;Samarbete och samverkan&lt;/span&gt;
			&lt;/p&gt;
			&lt;p&gt;
				&lt;span&gt;Den svenska förvaltningsstrukturen är starkt präglad av de fristående myndig&lt;/span&gt;&lt;span&gt;­&lt;/span&gt;&lt;span&gt;heterna. &lt;/span&gt;&lt;span&gt;Dessa har på förhand definierade ansvarsområden, men det finns ofta behov av att myndigheterna samarbetar och samordnar sig i arbetet med viktiga samhällsfrågor. Riksrevisionens granskning av Polismyndighetens och Säkerhetspolisens samverkan kring terrorism och våldsbejakande extremism visar att vissa förbättr&lt;/span&gt;&lt;span&gt;ingar&lt;/span&gt;&lt;span&gt; bör kunna göras framför allt på regional nivå där graden av samverkan varier och rutinerna skiljer sig åt&lt;/span&gt;&lt;span&gt; (RiR 2018:3)&lt;/span&gt;&lt;span&gt;.&lt;/span&gt;&lt;span&gt; I den årliga rapporten nämns också &lt;/span&gt;&lt;span&gt;att den samverkan som finns mellan berörda myndigheter &lt;/span&gt;&lt;span&gt;när det gäller&lt;/span&gt;&lt;span&gt; sårbarheter och risker för den finansiella stabiliteten fungerar väl (RiR 2018:2). &lt;/span&gt;
			&lt;/p&gt;
			&lt;p class="R4"&gt;
				&lt;span&gt;Underlag för insyn, beslut och uppföljning&lt;/span&gt;
			&lt;/p&gt;
			&lt;p&gt;
				&lt;span&gt;I den årliga rapporten konstateras att det är viktigt att riksdagen har bra underlag för sina beslut. &lt;/span&gt;&lt;span&gt;Det ska t.ex. så långt&lt;/span&gt;&lt;span&gt; möjligt gå att förstå för- och nackdelar med olika beslutsalternativ. &lt;/span&gt;&lt;span&gt;Resultaten av Riksrevisionens granskning av tillämpningen av det finanspolitiska ramverket visar att transparensen har &lt;/span&gt;&lt;span&gt;förbättrats&lt;/span&gt;&lt;span&gt; men att det finns möjligheter till större tydlighet. Diskussionen om nödvändiga prioriteringar och skattepolitikens inriktning skulle t.ex. främjas av en större tydlighet&lt;/span&gt;&lt;span&gt; (RiR 2017:32)&lt;/span&gt;&lt;span&gt;.&lt;/span&gt;&lt;span&gt; Riksrevisionen har också iakttagit betydande skillnader mellan prognoser från regeringen och från expertmyndigheterna (RiR 2017:11). Ytterligare exempel på bristfälliga beslutsunderlag finns i granskningen av samhällsomvandlingen i Kiruna och &lt;/span&gt;&lt;span&gt;Malmberget i samband med LKAB:s brytning i nya gruvnivåer, där regering&lt;/span&gt;&lt;span&gt;­&lt;/span&gt;&lt;span&gt;ens beslutsunderlag saknade de samhällsekonomiska analyser som behövdes för att identifiera brytningens effekter på det omgivande samhället (RiR&lt;/span&gt;&lt;span&gt; &lt;/span&gt;&lt;span&gt;2017:34).&lt;/span&gt;&lt;span&gt; Granskningen av konsekvensanalyser inför migrationspoli&lt;/span&gt;&lt;span&gt;­&lt;/span&gt;&lt;span&gt;tiska beslut visar att heltäckande och långsiktiga analyser av ekonomiska effekter endast undantagsvis redovisas i de underlag som legat till grund för propositionerna (RiR 2017:25).&lt;/span&gt;&lt;span&gt; I granskningen av det samlade stödet till solel konstaterar Riksrevisionen att riksdagen inte har fått tillräcklig information inför beslut om stödåtgärder eftersom det saknas en samhällsekonomisk och statsfinansiell anal&lt;/span&gt;&lt;span&gt;y&lt;/span&gt;&lt;span&gt;s av det samlade stödet till solel (RiR 2017:29).&lt;/span&gt;
			&lt;/p&gt;
			&lt;p class="R4"&gt;
				&lt;span&gt;Tillsyn och kontroll&lt;/span&gt;
			&lt;/p&gt;
			&lt;p&gt;
				&lt;span&gt;Den offentliga tillsynen ska bidra till att upprätthålla grundläggande värden i samhället såsom rättssäkerhet, effektivitet och demokrati. Riksrevisionen har dock funnit att statens tillsyn inte alltid fungerar på ett tillfredsställande sätt. I granskningen av tillsynen av gode män och förvaltare konstateras att statens insatser på området är eftersatt&lt;/span&gt;&lt;span&gt;a&lt;/span&gt;&lt;span&gt; – både jämfört med andra tillsynsområden och jämfört med motsvarande system i andra länder (RiR 2017:33). Granskningen av det statliga tandvårdsstödet visar att stödet överutnyttjas till följd av &lt;/span&gt;&lt;span&gt;överbehandling bland tandläkare&lt;/span&gt;&lt;span&gt; och att det finns tecken på att Försäkringskassan underskattar det potentiella problemet med överutnyttjande (RiR 2017:19).&lt;/span&gt;
			&lt;/p&gt;
			&lt;p class="R4"&gt;
				&lt;span&gt;Staten och kommunerna&lt;/span&gt;
			&lt;/p&gt;
			&lt;p&gt;
				&lt;span&gt;Sverige har i jämförelse med andra länder ett långtgående kommunalt självstyre. Riksrevisionen har i flera granskningar gjort iakttagelser om statens relation till kommunerna. &lt;/span&gt;&lt;span&gt;En granskning av tillämpningen av finansieringsprincipen vid tre beloppsmässigt större reformer visar att regeringen i flera delar inte har tillämpat finansieringsprincipen som det var tänkt (RiR 2018:8). Granskningen illustrera&lt;/span&gt;&lt;span&gt;r&lt;/span&gt;&lt;span&gt; även andra problem i beredningsprocessen, såsom uteblivna överläggningar med kommunerna och snäva tid&lt;/span&gt;&lt;span&gt;s&lt;/span&gt;&lt;span&gt;planer. En konsekvens av bristerna är att riksdagen fattat beslut på ett underlag som i flera delar är otydligt och otillräckligt.&lt;/span&gt;&lt;span&gt; Riksrevisionen konstaterar i två granskningar att de riktade statsbidragen till skolan och vården har vuxit de senaste åren&lt;/span&gt;&lt;span&gt;. Den stora mängden statsbidrag till skolan och vården är inte ändamålsenlig utan står i vägen för en långsiktig planering av verksamhete&lt;/span&gt;&lt;span&gt;rna&lt;/span&gt;&lt;span&gt; (RiR 2017:30 och 2016:29). Vidare har Riksrevisionen visat att kommuner inte kan redovisa verksamhetsgemensamma kostnader på ett konsekvent sätt oberoende av hur verksamheten är fördelad mellan olika driftsformer och att SCB:s normering på området är otydlig&lt;/span&gt;&lt;span&gt; (RiR 2018:7)&lt;/span&gt;&lt;span&gt;. Konsekvensen blir enligt Riksrevisionen sämre tillförlitlighet vid jämförelser av kostnadseffektiviteten i kommuner och i den offentliga statistiken om kostnader för verksamheter i olika driftsformer.&lt;/span&gt;
			&lt;/p&gt;
			&lt;p class="R4"&gt;
				&lt;span&gt;Staten och marknaden&lt;/span&gt;
			&lt;/p&gt;
			&lt;p&gt;
				&lt;span&gt;Riksrevisionen har i flera granskningar berört statens agerande i förhållande till privata aktörer. Statens roll handlar i dessa fall ofta om att skapa ändamålsenliga och stabila spelregler för marknader och privata aktörer. En granskning av regeringens insatser för att uppfylla det bredbandspolitiska målet visar att statens stöd har utformats på ett sätt som gör&lt;/span&gt;&lt;span&gt; &lt;/span&gt;&lt;span&gt;att &lt;/span&gt;&lt;span&gt;stö&lt;/span&gt;&lt;span&gt;det riskerar att tillfalla kommersiellt attraktiva områden i&lt;/span&gt;&lt;span&gt; &lt;/span&gt;&lt;span&gt;stället för att underlätta utbyggnad i områden där det saknas kommersiella förutsättningar (RiR 2017:13). Att skapa förutsättningar för fungerande marknader handlar också om en transparent fördelning av ansvar och risk mellan staten och privata aktörer. Riksrevisionen bedömer t.ex. att finansieringssystemet för kärnavfallsavgifter med stor sannolikhet är underfinansierat, vilket innebär en ekonomisk risk för staten (2017:31). I granskningen av statens agerande på solelmarknaden konstateras att aktörerna gynnas av långsiktiga spelregler och god framförhållning vid eventuella förändringar av stöden (RiR 2017:29).&lt;/span&gt;
			&lt;/p&gt;
			&lt;p class="R3" style="margin-bottom:0pt"&gt;
				&lt;span&gt;De viktigaste iakttagelserna inom årlig revision&lt;/span&gt;
			&lt;/p&gt;
			&lt;p class="R4" style="margin-top:6pt"&gt;
				&lt;span&gt;Det ekonomiadministrativa regelverket för statlig redovisning&lt;/span&gt;
			&lt;/p&gt;
			&lt;p&gt;
				&lt;span&gt;Årsredovisningen för staten är i huvudsak upprättad enligt budgetlagen, även om redovisningsprinciper också har hämtats från förordningen om årsredovisning för staten, förordningen om årsredovisning och budgetunderlag samt tillkommande principer som anges i årsredovisningen. Budgetlagen ger ett större utrymme för regeringen att bestämma vad som ska ingå i redovisningen än vad som skulle vara fallet om&lt;/span&gt;&lt;span&gt; man hade tillämpat&lt;/span&gt;&lt;span&gt; ett allmänt vedertaget ramverk för finansiell rapportering. I den årliga rapporten konstateras att en tillämpning av olika sammantagna redovisningsprinciper från olika regelverk inte utgör ett ramverk&lt;/span&gt;&lt;span&gt; för&lt;/span&gt;&lt;span&gt; att uppnå en rättvisande bild, vilket är syftet med Riksrevisionens revision av årsredovisningen för staten&lt;/span&gt;&lt;span&gt;. Riksre&lt;/span&gt;&lt;span&gt;visionen ser det &lt;/span&gt;&lt;span&gt;därför &lt;/span&gt;&lt;span&gt;som angeläget att &lt;/span&gt;&lt;span&gt;det &lt;/span&gt;&lt;span&gt;utveckla&lt;/span&gt;&lt;span&gt;s&lt;/span&gt;&lt;span&gt; eller tillämpa&lt;/span&gt;&lt;span&gt;s&lt;/span&gt;&lt;span&gt; ett regelverk för årsredovisningen för staten som är utformat för att ge en rättvisande bild.&lt;/span&gt;
			&lt;/p&gt;
			&lt;p class="NormalIndent"&gt;
				&lt;span&gt;Sedan 2012 har Riksrevisionen i den årliga rapporten lyft fram de risker som uppstår vid delat ansvar mellan myndigheter. Problemen kvarstår även för 2017. En oklar ansvarsfördelning riskerar att få negativa konsekvenser för redovisning, styrning och uppföljning. I den årliga rapporten konstateras att riskerna blir särskilt påtagliga &lt;/span&gt;&lt;span&gt;när&lt;/span&gt;&lt;span&gt; ansvaret är uppdelat mellan en myndighet och regeringen eller Regeringskansliet eftersom var&lt;/span&gt;&lt;span&gt;k&lt;/span&gt;&lt;span&gt;e&lt;/span&gt;&lt;span&gt;n&lt;/span&gt;&lt;span&gt; regeringen eller Regeringskansliet omfattas av myndighetsförordningen och förordningen om intern styrning och kontroll.&lt;/span&gt;
			&lt;/p&gt;
			&lt;p class="NormalIndent"&gt;
				&lt;span&gt;I den årliga rapporten tas också upp &lt;/span&gt;&lt;span&gt;iakttagelser &lt;/span&gt;&lt;span&gt;som gäller&lt;/span&gt;&lt;span&gt; redovisning av andelar i statligt hel- eller delägda företag respektive redovisning av s.k. finansieringsinstrument. &lt;/span&gt;&lt;span&gt;När det gäller redovisningen av &lt;/span&gt;&lt;span&gt;andelar i &lt;/span&gt;&lt;span&gt;statliga hel- &lt;/span&gt;&lt;span&gt;eller&lt;/span&gt;&lt;span&gt; delägda&lt;/span&gt;&lt;span&gt; företag understryks vikten av att de berörda bolagen lämnar &lt;/span&gt;&lt;span&gt;reviderade underlag i tid för att säkerställa en enhetlig rapportering såväl i de statliga myndigheterna som i årsredovisning&lt;/span&gt;&lt;span&gt;en&lt;/span&gt;&lt;span&gt; för staten.&lt;/span&gt;&lt;span&gt; &lt;/span&gt;&lt;span&gt;När det gäller finansieringsinstrumenten anser man att det finns skäl att se över vilka redovisningsprinciper som ska tillämpas, både för myndigheterna och i årsredovisning&lt;/span&gt;&lt;span&gt;en&lt;/span&gt;&lt;span&gt; för staten så att de redovisas på ett enhetligt och objektivt sätt som uppfyller redovisningsmässiga kriterier.&lt;/span&gt;
			&lt;/p&gt;
			&lt;p class="R4"&gt;
				&lt;span&gt;Reglerna för avgiftsfinansiering&lt;/span&gt;
			&lt;/p&gt;
			&lt;p&gt;
				&lt;span&gt;Många myndigheter finansierar delar av sina verksamheter med avgifter och ska då uppnå full kostnadstäckning på ett eller några års sikt, om inte riksdagen eller regeringen beslutat något annat. &lt;/span&gt;&lt;span&gt;Det finns dock otydligheter i regleringen och motstridigheter i styrningen av hur myndigheter får ta ut avgifter och hur verksamheten ska finansieras. Det gäller också &lt;/span&gt;&lt;span&gt;hur över- eller underskott ska hanteras. För 2017 har tio revisionsberättelser lämnats med upplysningar som handlar om sådana otydligheter eller motstridigheter.&lt;/span&gt;
			&lt;/p&gt;
			&lt;p class="NormalIndent"&gt;
				&lt;span&gt;Vissa myndigheter har under längre tid inte uppfyllt kostnadstä&lt;/span&gt;&lt;span&gt;ckningskra&lt;/span&gt;&lt;span&gt;­&lt;/span&gt;&lt;span&gt;vet i sin avgiftsfinansierade verksamhet. &lt;/span&gt;&lt;span&gt;Ett exempel är Etikprövningsnämn&lt;/span&gt;&lt;span&gt;­&lt;/span&gt;&lt;span&gt;derna vars avgifter är fastställda i förordning, och myndigheterna har inte uppnått full kostnadstäckning på flera år trots att detta är et&lt;/span&gt;&lt;span&gt;t krav enligt regleringsbrevet. Det finns även myndigheter där regeringen på ett motstridigt sätt anger hur verksamheten ska finansieras. När det gäller t.ex. Skolverket anger regeringen att full kostnadstäckning ska gälla, samtidigt som myndigheten har rätt att använda anslagsmedel för verksamheten.&lt;/span&gt;
			&lt;/p&gt;
			&lt;p class="R4"&gt;
				&lt;span&gt;Redovisningen av intern styrning och kontroll&lt;/span&gt;
			&lt;/p&gt;
			&lt;p&gt;
				&lt;span&gt;Med intern styrning och kontroll avses den process som syftar till att myndigheten med rimlig säkerhet uppfyller krav på att verksamheten bl.a. bedrivs effektivt och enligt gällande rätt. I den årliga rapporten konstateras att det i dag saknas krav på att myndigheterna i sin årsredovisning redovisar en tydlig bild av hur ledningen lever upp till sitt förvaltningsansvar. Det pågående arbetet med att utveckla den interna styrningen och kontrollen kan vara ett steg mot ett sådant krav. Riksrevisionen anser att de berörda myndigheterna i &lt;/span&gt;&lt;span&gt;sina &lt;/span&gt;&lt;span&gt;årsredovisning&lt;/span&gt;&lt;span&gt;ar&lt;/span&gt;&lt;span&gt; bör redovisa konsekvenser av eventuella brister i kontrollen.&lt;/span&gt;
			&lt;/p&gt;
			&lt;p class="R4"&gt;
				&lt;span&gt;Uppföljning och kontroll av forskningsbidrag&lt;/span&gt;
			&lt;/p&gt;
			&lt;p&gt;
				&lt;span&gt;Riksrevisionen bedömde i den årliga rapporten för 2017 att det fanns bris&lt;/span&gt;&lt;span&gt;t&lt;/span&gt;&lt;span&gt;er i de statliga forskningsfinansiärernas uppföljning av lämnade bidrag. Under 2017 har Riksrevisionen bl.a. granskat Forskningsrådet för hälsa, arbetsliv och välfärds (Forte) ekonomiska uppföljning av forskningsprojekt och noterat ett antal brister som visar på fortsatta svagheter i kontrollen av forskningsbidrag. Riksrevisionen ser det som viktigt att kontrollen av forskningsbidrag stärks&lt;/span&gt;&lt;span&gt; &lt;/span&gt;&lt;span&gt;och ser positivt på att några av de berörda myndigheterna i regleringsbrev för 2018 fått i uppgift att utveckla den interna styrningen och kontrollen för forskningsbidrag.&lt;/span&gt;
			&lt;/p&gt;
			&lt;p class="R4"&gt;
				&lt;span&gt;Bemyndiganden&lt;/span&gt;
			&lt;/p&gt;
			&lt;p&gt;
				&lt;span&gt;Regeringen har för ett stort antal myndigheter tilldelat en s.k. bemyndiganderam. Under 2017 har endast en myndighet överskridit sin bemyndiganderam, vilket enligt den årliga rapporten är en väsentlig minskning från tidigare år. Minskningen kan tyda på att myndigheterna har stärkt den interna styrningen och kontrollen &lt;/span&gt;&lt;span&gt;när det gäller &lt;/span&gt;&lt;span&gt;bemyndiganden. I den årliga rapporten konstateras vidare att ansvaret för bemyndiganden &lt;/span&gt;&lt;span&gt;ofta är &lt;/span&gt;&lt;span&gt;delat mellan myndigheter, vilket kan försvåra en rättvisande redovisning.&lt;/span&gt;
			&lt;/p&gt;
			&lt;p class="NormalIndent"&gt;
				&lt;span&gt;Riksrevisionen konstaterar också att det saknas en tydlig process för hantering av åtaganden &lt;/span&gt;&lt;span&gt;i&lt;/span&gt;&lt;span&gt; internationella organisationer och hur dessa ska redovisas i enskilda myndigheters årsredovisningar och årsredovisningen för staten.&lt;/span&gt;
			&lt;/p&gt;
			&lt;p class="R4"&gt;
				&lt;span&gt;Myndigheternas åtgärder för att motverka oegentligheter&lt;/span&gt;
			&lt;/p&gt;
			&lt;p&gt;
				&lt;span&gt;Under 2017 gjorde Riksrevisionen en kartläggning av åtgärder mot otillåtna bisysslor inom myndigheterna. Otillåtna bisysslor i verksamhet med nära samröre med annan verksamhet kan leda till risk för otillbörlig påverkan och exempelvis felaktiga grunder för upphandlingar. I den mån kartläggningen har bedömts leda till ökad risk för väsentliga felaktigheter i enskilda myndigheter har detta påverkat Riksrevisionens riskbedömning.&lt;/span&gt;
			&lt;/p&gt;
			&lt;p class="NormalIndent"&gt;
				&lt;span&gt;Utifrån kartläggningen har Riksrevisionen noterat att skyddet mot otillåtna bisysslor behöver stärkas ytterligare i ett stort antal myndigheter. &lt;/span&gt;&lt;span&gt;En tredjedel av myndigheterna saknade eller hade bristfälliga interna regelverk för att uppmärksamma sådana företeelser. Knappt hälften av myndigheterna behöver dessutom förbättra hur reglerna &lt;/span&gt;&lt;span&gt;förmedlas&lt;/span&gt;&lt;span&gt; till de anställda. För ca 30&lt;/span&gt;&lt;span&gt; &lt;/span&gt;&lt;span&gt;procent av myndigheterna fanns det behov av att förbättra rutinerna för prövning av rapporterade bisysslor. I den årliga rapporten konstateras att det återstår arbete inom myndigheterna för att stärka &lt;/span&gt;&lt;span&gt;medvetenheten om och skyddet av oegentligheter av olika slag.&lt;/span&gt;
			&lt;/p&gt;
			&lt;p class="R3" style="margin-bottom:0pt"&gt;
				&lt;span&gt;Utskottets tidigare behandling&lt;/span&gt;
			&lt;/p&gt;
			&lt;p class="R4" style="margin-top:6pt"&gt;
				&lt;span&gt;Riksdagens förutsättningar att diskutera revisionsfrågor&lt;/span&gt;
			&lt;/p&gt;
			&lt;p&gt;
				&lt;span&gt;Utskottet har tidigare konstaterat att sedan Riksrevisionen bildades 2003 har riksdagens förutsättningar att diskutera revisionsfrågor förbättrats (t.ex. bet. 2014/15:FiU). Utskottet har också framhållit att frågor om revision är aktuella i riksdagen året runt eftersom granskni&lt;/span&gt;&lt;span&gt;ngs&lt;/span&gt;&lt;span&gt;rapporter från effektivitetsrevisionen behandlas av utskotten under hela riksdagsåret. I förra årets betänkande framhöll utskottet att den årliga rapporten fyller en viktig funktion och ger förutsättningar för riksdagen att diskutera de viktigaste iakttagelserna från revisionen under det senaste året (bet. 2017/18:FiU9). U&lt;/span&gt;&lt;span&gt;tskottet såg liksom tidigare &lt;/span&gt;&lt;span&gt;positivt på de generella slutsatser som riksrevisorerna drar i den årliga rapporten&lt;/span&gt;&lt;span&gt; och som baseras på mer specifika iakttagelser från den årliga revisionen av de statliga myndigheterna. &lt;/span&gt;&lt;span&gt;Utskottet &lt;/span&gt;&lt;span&gt;konstaterade att d&lt;/span&gt;&lt;span&gt;en typen av rapportering inte &lt;/span&gt;&lt;span&gt;presenteras &lt;/span&gt;&lt;span&gt;för riksdagen annat än i den årliga rapporten.&lt;/span&gt;
			&lt;/p&gt;
			&lt;p class="R4"&gt;
				&lt;span&gt;Regeringens styrning av avgiftsfinansierad verksamhet&lt;/span&gt;
			&lt;/p&gt;
			&lt;p&gt;
				&lt;span&gt;Utskottet noterade i förra årets betänkande att vissa iakttagelser som riksrevisorerna gjort tidigare år &lt;/span&gt;&lt;span&gt;inom ramen för den årliga revisionen &lt;/span&gt;&lt;span&gt;även &lt;/span&gt;&lt;span&gt;rapporterades i den årlig&lt;/span&gt;&lt;span&gt;a rapporten 2017. &lt;/span&gt;&lt;span&gt;Fortfarande förekom t.ex. brister och otydligheter i styrningen av avgiftsfinansierad verksamhet (2017/18:FiU&lt;/span&gt;&lt;span&gt;9&lt;/span&gt;&lt;span&gt;).&lt;/span&gt;&lt;span&gt; &lt;/span&gt;&lt;span&gt;När det gäller regeringens styrning av avgiftsfinansierad verksamhet har utskottet uttryckt att även om det finns en skillnad i hur avgiftsfinansierad verksamhet följs upp och prövas jämfört med anslagsfinansierad verksamhet får det inte gå ut över riksdagens beslut om anslag för bestämda ändamål&lt;/span&gt;&lt;span&gt; (bet. 2015/16:FiU9). Underskott i avgiftsfinansierad verksamhet som i praktiken finansieras genom att anslag tas i anspråk kan &lt;/span&gt;&lt;span&gt;enligt utskottet &lt;/span&gt;&lt;span&gt;påverka möjligheten att uppnå ändamålet med anslaget. Oreglerade underskott i avgiftsfinansierad verksamhet innebär också att det skapas behov av att finansiera dem med framtida medel.&lt;/span&gt;&lt;span&gt; Utskottet konstaterade att en sådan prioritering behöver vara transparent och instämde i riksreviso&lt;/span&gt;&lt;span&gt;rernas bedömning att det behöv&lt;/span&gt;&lt;span&gt;s åtgärder för att se till att ofinansierade underskott bl&lt;/span&gt;&lt;span&gt;ir&lt;/span&gt;&lt;span&gt; föremål för regeringens hantering.&lt;/span&gt;
			&lt;/p&gt;
			&lt;p class="R4"&gt;
				&lt;span&gt;Strukturen&lt;/span&gt;&lt;span&gt; på den årliga rapporten&lt;/span&gt;
			&lt;/p&gt;
			&lt;p&gt;
				&lt;span&gt;Mot bakgrund av de synpunkter u&lt;/span&gt;&lt;span&gt;tskottet har haft på strukturen på den årliga rapporten, t.ex. att den inte i tillräcklig utsträckning lämnat utrymme för det fokus på de viktigaste iakttagelserna som är meningen med rapporten&lt;/span&gt;&lt;span&gt;, välkomnade utskottet i&lt;/span&gt;&lt;span&gt; förra årets betänkande att &lt;/span&gt;&lt;span&gt;strukturen förbättrats i enlighet med de önskemål som utskottet framfört (2017/18:FiU9).&lt;/span&gt;
			&lt;/p&gt;
			&lt;p class="R3" style="margin-bottom:0pt"&gt;
				&lt;span&gt;Kompletterande information&lt;/span&gt;
			&lt;/p&gt;
			&lt;p class="R4" style="margin-top:6pt"&gt;
				&lt;span&gt;Riksdagens behandling av granskningsrapporter som den årliga rapporten baserar sig på&lt;/span&gt;
			&lt;/p&gt;
			&lt;p&gt;
				&lt;span&gt;Riksrevisionen har enligt bilaga 1 i den årliga rapporten&lt;/span&gt;&lt;span&gt; 2018&lt;/span&gt;&lt;span&gt; publicerat 33 granskningsrapporter från effektivitetsrevisionen sedan förra årets årliga rapport. Riksdagen har hittills behandlat 25 av de tillhörande skrivelserna från regeringen och fattat beslut med anledning av dem. I samtliga fall har riksdagens beslut varit att lägga skrivelserna till handlingarna. Några tillkännagivanden till regeringen med anledning av granskningsrapporterna har inte riksdagen beslutat om.&lt;/span&gt;
			&lt;/p&gt;
			&lt;p class="R3"&gt;
				&lt;span&gt;Utskottets ställningstagande&lt;/span&gt;
			&lt;/p&gt;
			&lt;p&gt;
				&lt;span&gt;I den årliga rapporten samlar riksrevisorerna de viktigaste iakttagelserna från effektivitetsrevisionen och den årliga revisionen. Liksom utskottet&lt;/span&gt;&lt;span&gt; har&lt;/span&gt;&lt;span&gt; uttryckt &lt;/span&gt;&lt;span&gt;vid flera tillfällen tidigare fyller rapporten en viktig funktion för riksdagen&lt;/span&gt;&lt;span&gt;;&lt;/span&gt;&lt;span&gt; t.ex. presenteras inte de viktigaste iakttagelserna från den årliga revisionen som avser brister och problem som berör flera myndigheter, politikområden och verksamheter för riksdagen annat än i den årliga rapporten.&lt;/span&gt;
			&lt;/p&gt;
			&lt;p class="NormalIndent"&gt;
				&lt;span&gt;För att &lt;/span&gt;&lt;span&gt;ytterligare förbättra förutsättningarna att i riksdagen belysa revisionens &lt;/span&gt;&lt;span&gt;samlade &lt;/span&gt;&lt;span&gt;iakttagelser och resultat, anordnade utskottet en öppen utfrågning med riksrevisorerna i slutet av maj 2018 i anslutning till att den årliga rapporten publicerades. Förutom den årliga rapporten låg också Riksrevisionens uppföljningsrapport 2018 till grund för den öppna utfrågningen. I förlängningen bidrar öppenhet och transparens om effekten av de statliga verksamheterna till att bevara ett högt förtroende för de statliga myndigheterna och samhällets institutioner.&lt;/span&gt;
			&lt;/p&gt;
			&lt;p class="NormalIndent"&gt;
				&lt;span&gt;Liksom tidigare år kan utskot&lt;/span&gt;&lt;span&gt;tet konstatera&lt;/span&gt;&lt;span&gt; att vissa iakttagelser inom ramen för den årliga revisionen återkommer år från år. Det finns t.ex. fortfarande brister i verksamheter där ansvaret är delat mellan myndigheter och brister i de statliga forskningsfinansiärernas uppföljning av lämnade bidrag. Fortfarande finns det också otydligheter och motstridigheter i reglerna för avgiftsfinansiering, vilket föranleder utskottet att hänvisa till sina tidigare ställningstaganden om regeringens styrning av avgiftsfinansierad verksamhet (bet. 2015/16:FiU9). Utskottet noterar att riksrevisorerna &lt;/span&gt;&lt;span&gt;även&lt;/span&gt;&lt;span&gt; lyfter fram positiva iakttagelser i den årliga rapporten, t.ex. med anledning av Riksrevisionens granskning av makrotillsynen av det finansiella systemet (RiR 2018:22). &lt;/span&gt;&lt;span&gt;Vidare avser n&lt;/span&gt;&lt;span&gt;ågra av iakttagelserna i den årliga rapporten i första hand regeringens kompetensområde, t.ex. förordningar på det ekonomiadministrativa området. Med anledning av detta &lt;/span&gt;&lt;span&gt;på&lt;/span&gt;&lt;span&gt;minn&lt;/span&gt;&lt;span&gt;er&lt;/span&gt;&lt;span&gt; &lt;/span&gt;&lt;span&gt;utskottet &lt;/span&gt;&lt;span&gt;om att det är av central betydelse att myndigheternas årsredovisningar är rättvisande för att regeringen ska kunna fullgöra sin redovisningsskyldighet gentemot riksdagen enligt 10 kap. 1 § budgetlagen.&lt;/span&gt;
			&lt;/p&gt;
			&lt;p class="NormalIndent"&gt;
				&lt;span&gt;Avslutningsvis välkomnar utskottet det &lt;/span&gt;&lt;span&gt;arbete för att &lt;/span&gt;&lt;span&gt;utveckl&lt;/span&gt;&lt;span&gt;a&lt;/span&gt;&lt;span&gt; den årliga rapporten som initierades förra året. Den årliga rapporten 2018 har koncentrerats ytterligare&lt;/span&gt;&lt;span&gt;,&lt;/span&gt;&lt;span&gt; vilket gagnat redovisningen, som nu lyfter fram de viktigaste iakttagelserna på ett tydligare sätt än tidigare.&lt;/span&gt;
			&lt;/p&gt;
			&lt;p class="NormalIndent"&gt;
				&lt;span&gt;Utskottet föreslår att riksdagen lägger redogörelsen Riksrevisorernas årliga rapport 2018 (2017/18:RR5) till handlingarna.&lt;/span&gt;
			&lt;/p&gt;
			&lt;p class="Bilaga"&gt;
				&lt;span class="tBilagaJA"&gt;Bilaga 1&lt;/span&gt;
			&lt;/p&gt;
			&lt;p class="Bilagerubrik"&gt;
				&lt;a name="_Toc528573811"&gt;&lt;span class="tSidrubrikJA"&gt;Förteckning över behandlade förslag&lt;/span&gt;&lt;/a&gt;
			&lt;/p&gt;
			&lt;p class="Rubrik2bilaga" style="-aw-sdt-tag:'dokumentavsnitt/förteckning över behandlade förslag/1344235125/1537793204126'; -aw-sdt-title:'förteckning över behandlade förslag'"&gt;
				&lt;a name="_Toc528573812"&gt;&lt;span&gt;Redogörelsen&lt;/span&gt;&lt;/a&gt;&lt;span&gt; &lt;/span&gt;
			&lt;/p&gt;
			&lt;p style="-aw-sdt-tag:'dokumentavsnitt/förteckning över behandlade förslag/1344235125/1537793204126'; -aw-sdt-title:'förteckning över behandlade förslag'"&gt;
				&lt;span&gt;Redogörelse 2017/18:RR5 Riksrevisorernas årliga rapport 2018.&lt;/span&gt;
			&lt;/p&gt;
			&lt;p class="Mellanrum"&gt;
				&lt;span&gt; &lt;/span&gt;
			&lt;/p&gt;
			&lt;p class="Mellanrum" style="-aw-sdt-tag:'dokumentavsnitt/förteckning över behandlade förslag/1344235125/1537793204126'; -aw-sdt-title:'förteckning över behandlade förslag'"&gt;
				&lt;span&gt; &lt;/span&gt;
			&lt;/p&gt;
			&lt;p&gt;
				&lt;span&gt; &lt;/span&gt;
			&lt;/p&gt;
			&lt;p class="Bilaga"&gt;
				&lt;span class="tBilagaJA"&gt;Bilaga&lt;/span&gt;&lt;span class="tBilagaJA"&gt; 2&lt;/span&gt;
			&lt;/p&gt;
			&lt;p class="Bilagerubrik" style="margin-bottom:6pt"&gt;
				&lt;span class="tSidrubrikJA" style="font-size:12pt"&gt; &lt;/span&gt;
			&lt;/p&gt;
			&lt;p class="Bilagerubrik" style="margin-bottom:6pt"&gt;
				&lt;a name="_Toc528573813"&gt;&lt;span class="tSidrubrikJA"&gt;Öppen utfrågning med riksrevisorerna&lt;/span&gt;&lt;/a&gt;
			&lt;/p&gt;
			&lt;p&gt;
				&lt;span&gt;Torsdagen den 31 maj 2018 kl. 10.00&lt;/span&gt;&lt;span&gt;‑&lt;/span&gt;&lt;span&gt;1&lt;/span&gt;&lt;span&gt;1.30&lt;/span&gt;
			&lt;/p&gt;
			&lt;p&gt;
				&lt;span&gt;Plats: Förstakammarsalen&lt;/span&gt;
			&lt;/p&gt;
			&lt;p style="margin-left:0pt"&gt;
				&lt;img src="http://data.riksdagen.se/fil/h601fiu9/Dokument.001.png" width="394" height="625" alt="" style="-aw-left-pos:0pt; -aw-rel-hpos:column; -aw-rel-vpos:paragraph; -aw-top-pos:0pt; -aw-wrap-type:inline" /&gt;
			&lt;/p&gt;
			&lt;p style="page-break-before:always"&gt;
				&lt;img src="http://data.riksdagen.se/fil/h601fiu9/Dokument.002.png" width="394" height="739" alt="" style="-aw-left-pos:0pt; -aw-rel-hpos:column; -aw-rel-vpos:paragraph; -aw-top-pos:0pt; -aw-wrap-type:inline" /&gt;
			&lt;/p&gt;
			&lt;p style="page-break-before:always"&gt;
				&lt;img src="http://data.riksdagen.se/fil/h601fiu9/Dokument.003.png" width="394" height="739" alt="" style="-aw-left-pos:0pt; -aw-rel-hpos:column; -aw-rel-vpos:paragraph; -aw-top-pos:0pt; -aw-wrap-type:inline" /&gt;
			&lt;/p&gt;
			&lt;p style="page-break-before:always"&gt;
				&lt;img src="http://data.riksdagen.se/fil/h601fiu9/Dokument.004.png" width="394" height="739" alt="" style="-aw-left-pos:0pt; -aw-rel-hpos:column; -aw-rel-vpos:paragraph; -aw-top-pos:0pt; -aw-wrap-type:inline" /&gt;
			&lt;/p&gt;
			&lt;p style="page-break-before:always"&gt;
				&lt;img src="http://data.riksdagen.se/fil/h601fiu9/Dokument.005.png" width="394" height="739" alt="" style="-aw-left-pos:0pt; -aw-rel-hpos:column; -aw-rel-vpos:paragraph; -aw-top-pos:0pt; -aw-wrap-type:inline" /&gt;
			&lt;/p&gt;
			&lt;p style="page-break-before:always"&gt;
				&lt;img src="http://data.riksdagen.se/fil/h601fiu9/Dokument.006.png" width="394" height="739" alt="" style="-aw-left-pos:0pt; -aw-rel-hpos:column; -aw-rel-vpos:paragraph; -aw-top-pos:0pt; -aw-wrap-type:inline" /&gt;
			&lt;/p&gt;
			&lt;p style="page-break-before:always"&gt;
				&lt;img src="http://data.riksdagen.se/fil/h601fiu9/Dokument.007.png" width="394" height="739" alt="" style="-aw-left-pos:0pt; -aw-rel-hpos:column; -aw-rel-vpos:paragraph; -aw-top-pos:0pt; -aw-wrap-type:inline" /&gt;
			&lt;/p&gt;
			&lt;p style="page-break-before:always"&gt;
				&lt;img src="http://data.riksdagen.se/fil/h601fiu9/Dokument.008.png" width="394" height="739" alt="" style="-aw-left-pos:0pt; -aw-rel-hpos:column; -aw-rel-vpos:paragraph; -aw-top-pos:0pt; -aw-wrap-type:inline" /&gt;
			&lt;/p&gt;
			&lt;p style="page-break-before:always"&gt;
				&lt;img src="http://data.riksdagen.se/fil/h601fiu9/Dokument.009.png" width="394" height="739" alt="" style="-aw-left-pos:0pt; -aw-rel-hpos:column; -aw-rel-vpos:paragraph; -aw-top-pos:0pt; -aw-wrap-type:inline" /&gt;
			&lt;/p&gt;
			&lt;p style="page-break-before:always"&gt;
				&lt;img src="http://data.riksdagen.se/fil/h601fiu9/Dokument.010.png" width="394" height="739" alt="" style="-aw-left-pos:0pt; -aw-rel-hpos:column; -aw-rel-vpos:paragraph; -aw-top-pos:0pt; -aw-wrap-type:inline" /&gt;
			&lt;/p&gt;
			&lt;p style="page-break-before:always"&gt;
				&lt;img src="http://data.riksdagen.se/fil/h601fiu9/Dokument.011.png" width="394" height="739" alt="" style="-aw-left-pos:0pt; -aw-rel-hpos:column; -aw-rel-vpos:paragraph; -aw-top-pos:0pt; -aw-wrap-type:inline" /&gt;
			&lt;/p&gt;
			&lt;p style="page-break-before:always"&gt;
				&lt;img src="http://data.riksdagen.se/fil/h601fiu9/Dokument.012.png" width="394" height="739" alt="" style="-aw-left-pos:0pt; -aw-rel-hpos:column; -aw-rel-vpos:paragraph; -aw-top-pos:0pt; -aw-wrap-type:inline" /&gt;
			&lt;/p&gt;
			&lt;p style="page-break-before:always"&gt;
				&lt;img src="http://data.riksdagen.se/fil/h601fiu9/Dokument.013.png" width="394" height="739" alt="" style="-aw-left-pos:0pt; -aw-rel-hpos:column; -aw-rel-vpos:paragraph; -aw-top-pos:0pt; -aw-wrap-type:inline" /&gt;
			&lt;/p&gt;
			&lt;p style="page-break-before:always"&gt;
				&lt;img src="http://data.riksdagen.se/fil/h601fiu9/Dokument.014.png" width="394" height="739" alt="" style="-aw-left-pos:0pt; -aw-rel-hpos:column; -aw-rel-vpos:paragraph; -aw-top-pos:0pt; -aw-wrap-type:inline" /&gt;
			&lt;/p&gt;
			&lt;p style="page-break-before:always"&gt;
				&lt;img src="http://data.riksdagen.se/fil/h601fiu9/Dokument.015.png" width="394" height="739" alt="" style="-aw-left-pos:0pt; -aw-rel-hpos:column; -aw-rel-vpos:paragraph; -aw-top-pos:0pt; -aw-wrap-type:inline" /&gt;
			&lt;/p&gt;
			&lt;p style="page-break-before:always"&gt;
				&lt;img src="http://data.riksdagen.se/fil/h601fiu9/Dokument.016.png" width="394" height="739" alt="" style="-aw-left-pos:0pt; -aw-rel-hpos:column; -aw-rel-vpos:paragraph; -aw-top-pos:0pt; -aw-wrap-type:inline" /&gt;
			&lt;/p&gt;
			&lt;p style="page-break-before:always"&gt;
				&lt;img src="http://data.riksdagen.se/fil/h601fiu9/Dokument.017.png" width="394" height="739" alt="" style="-aw-left-pos:0pt; -aw-rel-hpos:column; -aw-rel-vpos:paragraph; -aw-top-pos:0pt; -aw-wrap-type:inline" /&gt;
			&lt;/p&gt;
			&lt;p style="page-break-before:always"&gt;
				&lt;img src="http://data.riksdagen.se/fil/h601fiu9/Dokument.018.png" width="394" height="739" alt="" style="-aw-left-pos:0pt; -aw-rel-hpos:column; -aw-rel-vpos:paragraph; -aw-top-pos:0pt; -aw-wrap-type:inline" /&gt;
			&lt;/p&gt;
		&lt;/div&gt;
	</html>
  </dokument>
<dokutskottsforslag>
<utskottsforslag>
<punkt datatype="int32">1</punkt>
<rubrik datatype="string">Riksrevisorernas årliga rapport 2018</rubrik>
<forslag datatype="string">&lt;BR/&gt;Riksdagen lägger redogörelse 2017/18:RR5 till handlingarna.&lt;BR/&gt;&lt;BR/&gt;</forslag>
<beslutstyp datatype="string">acklamation</beslutstyp>
<motforslag_nummer datatype="int32">0</motforslag_nummer>
<motforslag_partier datatype="string" />
<votering_id datatype="string" />
<votering_sammanfattning_html datatype="string" />
<votering_url_xml datatype="string" />
<rm datatype="string">2018/19</rm>
<bet datatype="string">FiU9</bet>
<vinnare datatype="string">utskottet</vinnare>
</utskottsforslag>
</dokutskottsforslag>
<dokaktivitet>
<aktivitet>
<kod datatype="string">UBE</kod>
<namn datatype="string">Beredning</namn>
<datum datatype="datetime">2018-10-16 00:00:00</datum>
<status datatype="string">inträffat</status>
<ordning datatype="int32">0</ordning>
<process datatype="string" />
</aktivitet>
<aktivitet>
<kod datatype="string">JUS</kod>
<namn datatype="string">Justering</namn>
<datum datatype="datetime">2018-10-25 00:00:00</datum>
<status datatype="string">inträffat</status>
<ordning datatype="int32">0</ordning>
<process datatype="string" />
</aktivitet>
<aktivitet>
<kod datatype="string">TRY</kod>
<namn datatype="string">Trycklov</namn>
<datum datatype="datetime">2018-10-29 00:00:00</datum>
<status datatype="string">inträffat</status>
<ordning datatype="int32">0</ordning>
<process datatype="string" />
</aktivitet>
<aktivitet>
<kod datatype="string">B</kod>
<namn datatype="string">Bordläggning</namn>
<datum datatype="datetime">2018-11-06 00:00:00</datum>
<status datatype="string">inträffat</status>
<ordning datatype="int32">0</ordning>
<process datatype="string" />
</aktivitet>
<aktivitet>
<kod datatype="string">BEH</kod>
<namn datatype="string">Behandling</namn>
<datum datatype="datetime">2018-11-07 00:00:00</datum>
<status datatype="string">inträffat</status>
<ordning datatype="int32">0</ordning>
<process datatype="string" />
</aktivitet>
<aktivitet>
<kod datatype="string">BES</kod>
<namn datatype="string">Beslut</namn>
<datum datatype="datetime">2018-11-07 00:00:00</datum>
<status datatype="string">inträffat</status>
<ordning datatype="int32">0</ordning>
<process datatype="string" />
</aktivitet>
</dokaktivitet>
<dokuppgift>
<uppgift>
<kod datatype="string">notis</kod>
<namn datatype="string">Beslut i korthet</namn>
<text datatype="string">                           &lt;p&gt;Riksdagen har granskat Riksrevisionens årliga rapport för 2018. Den årliga rapporten bygger bland annat på de 33 granskningsrapporter som publicerats under 2017.&lt;/p&gt;
&lt;p&gt;Riksdagen konstaterar att vissa iakttagelser återkommer år från år i Riksrevisionens årliga rapport. Riksdagen noterar också att riksrevisorerna även lyfter fram positiva iakttagelser, till exempel vad gäller makrotillsynen i det finansiella systemet. Riksdagen välkomnar den omgörning av den årliga rapporten som gjorts sedan förra året, rapporten lyfter numera fram de viktigaste iakttagelserna på ett tydligare sätt än tidigare.&lt;/p&gt;
&lt;p&gt;Riksdagen lade&amp;nbsp;redogörelsen till handlingarna, det vill säga avslutade ärendet.&lt;/p&gt;
                                            </text>
<dok_id datatype="string">H601FiU9</dok_id>
<systemdatum datatype="datetime">2018-11-07 16:11:22</systemdatum>
</uppgift>
<uppgift>
<kod datatype="string">notisrubrik</kod>
<namn datatype="string">Beslut</namn>
<text datatype="string">Riksrevisionens årliga rapport har granskats (FiU9)</text>
<dok_id datatype="string">H601FiU9</dok_id>
<systemdatum datatype="datetime">2018-11-07 16:11:22</systemdatum>
</uppgift>
<uppgift>
<kod datatype="string">utsknotis</kod>
<namn datatype="string">Utskottets förslag till beslut</namn>
<text datatype="string">                           &lt;p&gt;Finansutskottet har granskat Riksrevisionens årliga rapport för 2018. Den årliga rapporten bygger bland annat på de 33 granskningsrapporter som publicerats under 2017.&lt;/p&gt;
&lt;p&gt;Finansutskottet konstaterar att vissa iakttagelser återkommer år från år i Riksrevisionens årliga rapport. Utskottet noterar också att riksrevisorerna även lyfter fram positiva iakttagelser, till exempel vad gäller makrotillsynen i det finansiella systemet. Utskottet välkomnar den omgörning av den årliga rapporten som gjorts sedan förra året, rapporten lyfter numera fram de viktigaste iakttagelserna på ett tydligare sätt än tidigare.&lt;/p&gt;
&lt;p&gt;Med det föreslår utskottet att riksdagen lägger redogörelsen till handlingarna, det vill säga avslutar ärendet.&lt;/p&gt;
                                            </text>
<dok_id datatype="string">H601FiU9</dok_id>
<systemdatum datatype="datetime">2018-11-07 16:11:22</systemdatum>
</uppgift>
<uppgift>
<kod datatype="string">utsknotisrubrik</kod>
<namn datatype="string">Utskottets förslag</namn>
<text datatype="string">Riksrevisionens årliga rapport har granskats (FiU9)</text>
<dok_id datatype="string">H601FiU9</dok_id>
<systemdatum datatype="datetime">2018-11-07 16:11:22</systemdatum>
</uppgift>
<uppgift>
<kod datatype="string">rdbeslut</kod>
<namn datatype="string">Riksdagens beslut</namn>
<text datatype="string">Kammaren biföll utskottets förslag.</text>
<dok_id datatype="string">H601FiU9</dok_id>
<systemdatum datatype="datetime">2018-11-07 16:20:09</systemdatum>
</uppgift>
<uppgift>
<kod datatype="string">beslutssammanfattningusk</kod>
<namn datatype="string">Utskottets förslag till beslut</namn>
<text datatype="string">Redogörelsen läggs till handlingarna.</text>
<dok_id datatype="string">H601FiU9</dok_id>
<systemdatum datatype="datetime">2018-10-29 11:41:07</systemdatum>
</uppgift>
<uppgift>
<kod datatype="string">debattdatumtid</kod>
<namn datatype="string">Datum och tid för debatten</namn>
<text datatype="string">2018-11-07 00:00:00</text>
<dok_id datatype="string">H601FiU9</dok_id>
<systemdatum datatype="datetime">2018-11-07 16:11:22</systemdatum>
</uppgift>
<uppgift>
<kod datatype="string">beslutdatumtid</kod>
<namn datatype="string">Datum och tid för beslutet</namn>
<text datatype="string">2018-11-07 00:00:00</text>
<dok_id datatype="string">H601FiU9</dok_id>
<systemdatum datatype="datetime">2018-11-07 16:11:22</systemdatum>
</uppgift>
<uppgift>
<kod datatype="string">statustext</kod>
<namn datatype="string">statustext</namn>
<text datatype="string">Ärendet är avslutat</text>
<dok_id datatype="string">H601FiU9</dok_id>
<systemdatum datatype="datetime">2018-11-08 13:28:09</systemdatum>
</uppgift>
</dokuppgift>
<dokbilaga>
<bilaga>
<dok_id datatype="string">H601FiU9</dok_id>
<titel datatype="string">Riksrevisorernas årliga rapport 2018</titel>
<subtitel datatype="string" />
<filnamn datatype="string">2018_19_FiU9_20181029114025_Publicering.pdf</filnamn>
<filstorlek datatype="int32">3774385</filstorlek>
<filtyp datatype="string">pdf</filtyp>
<fil_url datatype="string">http://data.riksdagen.se/fil/2256371E-B19F-41AB-A411-7D0721522761</fil_url>
</bilaga>
</dokbilaga>
<dokreferens>
<referens>
<referenstyp datatype="string">behandlar</referenstyp>
<uppgift datatype="string">Redogörelse 2017/18:RR5 Riksrevisorernas årliga rapport 2018</uppgift>
<ref_dok_id datatype="string">H504RR5</ref_dok_id>
<ref_dok_typ datatype="string">frsrdg</ref_dok_typ>
<ref_dok_rm datatype="string">2017/18</ref_dok_rm>
<ref_dok_bet datatype="string">RR5</ref_dok_bet>
<ref_dok_titel datatype="string">Riksrevisorernas årliga rapport 2018</ref_dok_titel>
<ref_dok_subtitel datatype="string" />
<ref_dok_subtyp datatype="string">Redogorelse</ref_dok_subtyp>
<ref_dok_dokumentnamn datatype="string">Framställning / redogörelse</ref_dok_dokumentnamn>
</referens>
<referens>
<referenstyp datatype="string">föredragningslista</referenstyp>
<uppgift datatype="string">föredragningslista 2018/19:13 Onsdag den 7 november 2018</uppgift>
<ref_dok_id datatype="string">H60I13</ref_dok_id>
<ref_dok_typ datatype="string">f-lista</ref_dok_typ>
<ref_dok_rm datatype="string">2018/19</ref_dok_rm>
<ref_dok_bet datatype="string">13</ref_dok_bet>
<ref_dok_titel datatype="string">Onsdag den 7 november 2018</ref_dok_titel>
<ref_dok_subtitel datatype="string" />
<ref_dok_subtyp datatype="string" />
<ref_dok_dokumentnamn datatype="string">Föredragningslista</ref_dok_dokumentnamn>
</referens>
<referens>
<referenstyp datatype="string">protokollbeslut</referenstyp>
<uppgift datatype="string">2018-11-07</uppgift>
<ref_dok_id datatype="string">H60913</ref_dok_id>
<ref_dok_typ datatype="string">prot</ref_dok_typ>
<ref_dok_rm datatype="string">2018/19</ref_dok_rm>
<ref_dok_bet datatype="string">13</ref_dok_bet>
<ref_dok_titel datatype="string">Protokoll 2018/19:13 Onsdagen den 7 november</ref_dok_titel>
<ref_dok_subtitel datatype="string" />
<ref_dok_subtyp datatype="string" />
<ref_dok_dokumentnamn datatype="string">Protokoll</ref_dok_dokumentnamn>
</referens>
<referens>
<referenstyp datatype="string">rskr</referenstyp>
<uppgift datatype="string" />
<ref_dok_id datatype="string">H60K9</ref_dok_id>
<ref_dok_typ datatype="string">rskr</ref_dok_typ>
<ref_dok_rm datatype="string">2018/19</ref_dok_rm>
<ref_dok_bet datatype="string">9</ref_dok_bet>
<ref_dok_titel datatype="string">Riksdagsskrivelse 2018/19:9</ref_dok_titel>
<ref_dok_subtitel datatype="string" />
<ref_dok_subtyp datatype="string">rskr</ref_dok_subtyp>
<ref_dok_dokumentnamn datatype="string">Riksdagsskrivelse</ref_dok_dokumentnamn>
</referens>
<referens>
<referenstyp datatype="string">talarlista</referenstyp>
<uppgift datatype="string">talarlista 2018/19:20181107 Onsdag den 7 november 2018 (preliminär)</uppgift>
<ref_dok_id datatype="string">H60J20181107</ref_dok_id>
<ref_dok_typ datatype="string">t-lista</ref_dok_typ>
<ref_dok_rm datatype="string">2018/19</ref_dok_rm>
<ref_dok_bet datatype="string">20181107</ref_dok_bet>
<ref_dok_titel datatype="string">Onsdag den 7 november 2018 (preliminär)</ref_dok_titel>
<ref_dok_subtitel datatype="string" />
<ref_dok_subtyp datatype="string" />
<ref_dok_dokumentnamn datatype="string">Talarlista</ref_dok_dokumentnamn>
</referens>
</dokreferens>
<debatt /></dokumentstatus>