<dokumentstatus>
  <dokument>
    <hangar_id datatype="int32">5020185</hangar_id>
    <dok_id datatype="string">H601MJU15</dok_id>
    <rm datatype="string">2018/19</rm>
    <beteckning datatype="string">MJU15</beteckning>
    <typ datatype="string">bet</typ>
    <subtyp datatype="string">bet</subtyp>
    <doktyp datatype="string">bet</doktyp>
    <typrubrik datatype="string">Betänkande 2018/19:MJU15</typrubrik>
    <dokumentnamn datatype="string">Betänkande</dokumentnamn>
    <debattnamn datatype="string">Debatt om förslag</debattnamn>
    <tempbeteckning datatype="string"></tempbeteckning>
    <organ datatype="string">MJU</organ>
    <mottagare datatype="string"></mottagare>
    <nummer datatype="int32">15</nummer>
    <slutnummer datatype="int32">0</slutnummer>
    <datum datatype="datetime">2019-05-20 00:00:00</datum>
    <systemdatum datatype="datetime">2019-06-18 18:26:29</systemdatum>
    <publicerad datatype="datetime">2019-03-29 11:13:43</publicerad>
    <titel datatype="string">Ansvar för miljöskador i Sveriges ekonomiska zon</titel>
    <subtitel datatype="string"></subtitel>
    <status datatype="string">Webbpublicering</status>
    <htmlformat datatype="string">html</htmlformat>
    <relaterat_id datatype="string"></relaterat_id>
    <source datatype="string">RIM</source>
    <sourceid datatype="string">45315655-4396-4771-b0e7-38d2fa017d32</sourceid>
    <dokument_url_text datatype="stext">http://data.riksdagen.se/dokument/H601MJU15/text</dokument_url_text>
    <dokument_url_html datatype="stext">http://data.riksdagen.se/dokument/H601MJU15</dokument_url_html>
    <dokumentstatus_url_xml datatype="stext">http://data.riksdagen.se/dokumentstatus/H601MJU15</dokumentstatus_url_xml>
    <utskottsforslag_url_xml datatype="stext">http://data.riksdagen.se/utskottsforslag/H601MJU15</utskottsforslag_url_xml>
    <html datatype="text">&lt;style&gt;&lt;!--
 .w600px{width: 600px;font-family:Verdana, Geneva, sans-serif}
h2.dtyp{font-size:1.5em !important;} 
/********************************************************************************************************/
/* Styles for D:\Logs\DocumentConverter\\Output_025f7dd7-f5c1-4c67-9839-7a6330b2032e\HTML\Dokument.html */
/* Generated by Aspose.Words for .NET 15.3.0.0                                                          */
/********************************************************************************************************/

@page Section1 { size:467.8pt 686.05pt; margin:45.35pt 102.05pt 73.7pt 70.85pt }
div.Section1 { page:Section1 }
zbody { text-align:justify; line-height:12.5pt; font-family:'Verdana'; font-size:9.5pt }
zh1, h2, h3, h4, h5, h6, p { margin:3.1pt 0pt 0pt }
zli, table { margin-top:3.1pt; margin-bottom:0pt }
zh1 { margin-top:3.1pt; margin-bottom:12pt; text-align:left; page-break-after:avoid; line-height:12.5pt; font-family:'Verdana'; font-size:16pt; font-weight:normal }
zh2 { margin-top:20pt; margin-bottom:6pt; text-align:left; page-break-inside:avoid; page-break-after:avoid; line-height:12.5pt; font-family:'Verdana'; font-size:13.5pt; font-weight:normal }
zh3 { margin-top:20pt; margin-bottom:3.1pt; text-align:left; page-break-inside:avoid; page-break-after:avoid; line-height:12.5pt; font-family:'Verdana'; font-size:10.5pt; font-weight:bold }
zh4 { margin-top:15pt; margin-bottom:3.1pt; text-align:left; page-break-inside:avoid; page-break-after:avoid; line-height:12.5pt; font-family:'Verdana'; font-size:10.5pt; font-weight:normal; font-style:italic; color:#000000 }
zh5 { margin-top:6.25pt; margin-bottom:0pt; text-align:justify; page-break-inside:avoid; page-break-after:avoid; line-height:12.5pt; font-family:'Verdana'; font-size:9.5pt; font-weight:bold }
zh6 { margin-top:6.25pt; margin-bottom:0pt; text-align:justify; page-break-inside:avoid; page-break-after:avoid; line-height:12.5pt; font-family:'Verdana'; font-size:9.5pt; font-weight:normal; font-style:italic; color:#000000 }
.Heading7 { margin-top:2pt; margin-bottom:0pt; text-align:justify; page-break-inside:avoid; page-break-after:avoid; line-height:12.5pt; font-family:'Verdana'; font-size:9.5pt; font-weight:normal; font-style:italic; color:#243f60 }
.Heading8 { margin-top:2pt; margin-bottom:0pt; text-align:justify; page-break-inside:avoid; page-break-after:avoid; line-height:12.5pt; font-family:'Verdana'; font-size:9pt; font-weight:normal; color:#272727 }
.Heading9 { margin-top:2pt; margin-bottom:0pt; text-align:justify; page-break-inside:avoid; page-break-after:avoid; line-height:12.5pt; font-family:'Verdana'; font-size:9pt; font-weight:normal; font-style:italic; color:#272727 }
.Avsnittsrubrik { margin-top:0pt; margin-bottom:27.7pt; text-align:left; page-break-before:always; page-break-after:avoid; line-height:normal; font-family:'Verdana'; font-size:16pt }
.Avvikandemeningrubrik { margin-top:0pt; margin-bottom:3.1pt; text-align:left; page-break-inside:avoid; page-break-after:avoid; line-height:12.5pt; font-family:'Verdana'; font-size:10.5pt; font-weight:bold }
.BalloonText { margin-top:3.1pt; margin-bottom:0pt; text-align:justify; line-height:normal; font-family:Tahoma; font-size:8pt }
.Bilaga { margin-top:0pt; margin-bottom:0pt; text-align:left; page-break-before:always; page-break-after:avoid; line-height:normal; widows:0; orphans:0; font-family:'Verdana'; font-size:8pt; font-variant:small-caps; text-decoration:underline }
.Bilagerubrik { margin-top:0pt; margin-bottom:17.7pt; text-align:left; page-break-after:auto; line-height:normal; widows:0; orphans:0; font-family:'Verdana'; font-size:16pt }
.Bild-Rubrik { margin-top:8pt; margin-bottom:0pt; text-align:justify; page-break-inside:avoid; page-break-after:avoid; line-height:10pt; font-family:'Verdana'; font-size:9.5pt; font-weight:bold }
.Bild-Underrubrik { margin-top:0pt; margin-bottom:1pt; text-align:left; page-break-inside:avoid; page-break-after:avoid; line-height:8pt; font-family:'Verdana'; font-size:8pt; font-weight:normal; font-style:italic }
.BodyText { margin-top:3.1pt; margin-bottom:0pt; text-align:left; line-height:12.5pt; font-family:'Verdana'; font-size:9.5pt }
.BodyTextIndent2 { margin-top:3.1pt; margin-left:14.15pt; margin-bottom:6pt; text-align:justify; line-height:200%; font-family:'Verdana'; font-size:9.5pt }
.Citatindrag { margin-top:0pt; margin-left:14.2pt; margin-bottom:6.1pt; text-indent:14.2pt; text-align:justify; line-height:10pt; font-family:'Verdana'; font-size:9.5pt }
.CommentText { margin-top:3.1pt; margin-bottom:0pt; text-align:justify; line-height:normal; font-family:'Verdana'; font-size:10pt }
.Deltagare { margin-top:0pt; margin-bottom:0pt; text-align:justify; page-break-inside:avoid; page-break-after:avoid; line-height:9.5pt; font-family:'Verdana'; font-size:9.5pt }
.Diagram-Rubrik { margin-top:8pt; margin-bottom:0pt; text-align:justify; page-break-inside:avoid; page-break-after:avoid; line-height:10pt; font-family:'Verdana'; font-size:9.5pt; font-weight:bold }
.Diagram-Underrubrik { margin-top:0pt; margin-bottom:1pt; text-align:left; page-break-inside:avoid; page-break-after:avoid; line-height:8pt; font-family:'Verdana'; font-size:8pt; font-weight:normal; font-style:italic }
.DokumentRubrik { margin-top:6pt; margin-bottom:24pt; text-align:left; line-height:normal; border-bottom-style:solid; border-bottom-width:0.75pt; border-bottom-color:#000000; padding-bottom:4pt; font-family:'Verdana'; font-size:18pt }
.Dokumentbeteckning { margin-top:0pt; margin-bottom:0pt; text-align:left; page-break-inside:avoid; page-break-after:avoid; line-height:12.5pt; font-family:'Verdana'; font-size:16pt }
.Footer { margin-top:3.1pt; margin-bottom:0pt; text-align:justify; line-height:normal; font-family:'Verdana'; font-size:9.5pt }
.FootnoteText { margin-top:0pt; margin-bottom:0pt; text-align:justify; line-height:8pt; font-family:'Verdana'; font-size:8pt }
.Fotnotstextindrag { margin-top:0pt; margin-left:5.65pt; margin-bottom:0pt; text-align:left; line-height:8pt; font-family:'Verdana'; font-size:8pt }
.Frslagspunkt { margin-top:0pt; margin-bottom:0pt; text-align:left; page-break-inside:avoid; page-break-after:avoid; line-height:12.5pt; font-family:'Verdana'; font-size:9.5pt; font-weight:bold }
.Frslagstext { margin-top:0pt; margin-bottom:0pt; text-align:justify; line-height:12.5pt; font-family:'Verdana'; font-size:9.5pt }
.Frteckningsrubrik { margin-top:9.6pt; margin-bottom:3.1pt; text-align:left; page-break-inside:avoid; page-break-after:avoid; line-height:normal; font-family:'Verdana'; font-size:9.5pt; font-weight:normal; font-style:italic; color:#000000 }
.Grupprubrik { margin-top:6pt; margin-bottom:0pt; text-align:left; page-break-inside:avoid; page-break-after:avoid; line-height:12.5pt; font-family:'Verdana'; font-size:9.5pt; font-style:italic }
.Grupprubrikindrag { margin-top:6pt; margin-left:22.1pt; margin-bottom:0pt; text-align:left; page-break-inside:avoid; page-break-after:avoid; line-height:12.5pt; font-family:'Verdana'; font-size:9.5pt; font-style:italic }
.Header { margin-top:0pt; margin-bottom:0pt; text-align:justify; line-height:normal; font-family:'Verdana'; font-size:7.5pt; font-variant:small-caps }
.Innehllsfrteckning { margin-top:0pt; margin-bottom:17.7pt; text-align:left; page-break-before:always; page-break-after:auto; line-height:normal; font-family:'Verdana'; font-size:16pt }
.Kantrubrik { margin-top:0pt; margin-bottom:0pt; text-align:justify; line-height:normal; font-family:'Verdana'; font-size:7.5pt }
.ListBullet { margin-top:6.25pt; margin-left:17.85pt; margin-bottom:6.25pt; text-indent:-17.85pt; text-align:justify; line-height:12.5pt; font-family:'Verdana'; font-size:9.5pt }
.ListParagraph { margin-top:3.1pt; margin-left:28.35pt; margin-bottom:0pt; text-align:justify; line-height:12.5pt; font-family:'Verdana'; font-size:9.5pt }
.Litentext { margin-top:0pt; margin-bottom:0pt; text-align:justify; line-height:normal; font-family:'Verdana'; font-size:8pt }
.Mellanrubrik { margin-top:11pt; margin-bottom:3.1pt; text-align:left; page-break-after:avoid; line-height:12.5pt; font-family:'Verdana'; font-size:9.5pt; font-style:italic }
.Mellanrum { margin-top:0pt; margin-bottom:0pt; text-align:left; page-break-before:auto; page-break-after:auto; line-height:1pt; widows:0; orphans:0; font-family:'Verdana'; font-size:1pt; font-variant:small-caps; text-decoration:none; color:#ffffff }
.NormalIndent { margin-top:0pt; margin-bottom:0pt; text-indent:11.35pt; text-align:justify; line-height:12.5pt; font-family:'Verdana'; font-size:9.5pt }
.Normalinskjuten { margin-top:0pt; margin-left:22.1pt; margin-bottom:0pt; text-align:justify; line-height:12.5pt; font-family:'Verdana'; font-size:9.5pt }
.Normalinskjutenindrag { margin-top:0pt; margin-left:22.1pt; margin-bottom:0pt; text-indent:11.35pt; text-align:justify; line-height:12.5pt; font-family:'Verdana'; font-size:9.5pt }
.Normalinskjutenkursiv { margin-top:6pt; margin-bottom:0pt; line-height:normal; font-family:'Verdana'; font-size:10pt; font-style:italic }
.Normalkursiv { margin-top:3.1pt; margin-bottom:0pt; text-align:left; line-height:12.5pt; font-family:'Verdana'; font-size:9.5pt; font-style:italic }
.Normalruta { margin:3.1pt 5.65pt 0pt; text-align:justify; page-break-inside:avoid; page-break-after:avoid; line-height:12.5pt; border-top-style:solid; border-top-width:0.75pt; border-top-color:#000000; border-right-style:solid; border-right-width:0.75pt; border-right-color:#000000; border-left-style:solid; border-left-width:0.75pt; border-left-color:#000000; border-bottom-style:solid; border-bottom-width:0.75pt; border-bottom-color:#000000; padding-top:4pt; padding-right:4pt; padding-left:4pt; padding-bottom:4pt; font-family:'Verdana'; font-size:10.5pt }
.Normalrutafet { margin:3.1pt 5.65pt 0pt; text-align:justify; page-break-inside:avoid; page-break-after:avoid; line-height:12.5pt; border-top-style:solid; border-top-width:0.75pt; border-top-color:#000000; border-right-style:solid; border-right-width:0.75pt; border-right-color:#000000; border-left-style:solid; border-left-width:0.75pt; border-left-color:#000000; border-bottom-style:solid; border-bottom-width:0.75pt; border-bottom-color:#000000; padding-top:4pt; padding-right:4pt; padding-left:4pt; padding-bottom:4pt; font-family:'Verdana'; font-size:10.5pt; font-weight:bold }
.Normalrutaindrag { margin:0pt 5.65pt; text-indent:11.35pt; text-align:justify; page-break-inside:avoid; page-break-after:avoid; line-height:12.5pt; border-top-style:solid; border-top-width:0.75pt; border-top-color:#000000; border-right-style:solid; border-right-width:0.75pt; border-right-color:#000000; border-left-style:solid; border-left-width:0.75pt; border-left-color:#000000; border-bottom-style:solid; border-bottom-width:0.75pt; border-bottom-color:#000000; padding-top:4pt; padding-right:4pt; padding-left:4pt; padding-bottom:4pt; font-family:'Verdana'; font-size:10.5pt }
.Normalutanluftfre { margin-top:0pt; margin-bottom:0pt; text-align:justify; line-height:12.5pt; font-family:'Verdana'; font-size:9.5pt }
.NormalNoll { margin-top:0pt; margin-bottom:3.1pt; text-align:left; line-height:12.5pt; font-family:'Verdana'; font-size:10.5pt; font-weight:bold }
.NumlistaTOC { margin:3.1pt 28.35pt 0pt 0pt; text-indent:0pt; text-align:left; line-height:normal; font-family:'Verdana'; font-size:9.5pt }
.Ordfranden { margin-top:3.1pt; margin-bottom:22pt; text-align:left; page-break-inside:avoid; page-break-after:avoid; line-height:normal; font-family:'Verdana'; font-size:9.5pt; font-style:italic }
.OrtochDatum { margin-top:18pt; margin-bottom:18pt; text-align:left; page-break-inside:avoid; page-break-after:avoid; line-height:normal; font-family:'Verdana'; font-size:9.5pt }
.Punktlistabomb { margin-top:6.25pt; margin-left:14.2pt; margin-bottom:6.25pt; text-indent:-14.2pt; text-align:justify; line-height:12.5pt; font-family:'Verdana'; font-size:9.5pt }
.Punktlistagemener { margin-top:6.25pt; margin-left:14.2pt; margin-bottom:6.25pt; text-indent:-14.2pt; text-align:justify; line-height:12.5pt; font-family:'Verdana'; font-size:9.5pt }
.Punktlistalinje { margin-top:6.25pt; margin-left:14.2pt; margin-bottom:6.25pt; text-indent:-14.2pt; text-align:justify; line-height:12.5pt; font-family:'Verdana'; font-size:9.5pt }
.Punktlistasiffra { margin-top:6.25pt; margin-left:14.2pt; margin-bottom:6.25pt; text-indent:-14.2pt; text-align:justify; line-height:12.5pt; font-family:'Verdana'; font-size:9.5pt }
.PVgnar { margin-top:3.1pt; margin-bottom:26pt; text-align:left; page-break-inside:avoid; page-break-after:avoid; line-height:normal; font-family:'Verdana'; font-size:9.5pt }
.Quote { margin-top:6.1pt; margin-left:14.2pt; margin-bottom:0pt; text-align:justify; line-height:10pt; font-family:'Verdana'; font-size:9.5pt }
.R1 { margin-top:3.1pt; margin-bottom:12pt; text-align:left; page-break-after:avoid; line-height:12.5pt; font-family:'Verdana'; font-size:16pt }
.R1bilaga { margin-top:3.1pt; margin-bottom:12pt; text-align:left; page-break-after:auto; line-height:12.5pt; font-family:'Verdana'; font-size:16pt }
.R2 { margin-top:20pt; margin-bottom:6pt; text-align:left; page-break-inside:avoid; page-break-after:avoid; line-height:12.5pt; font-family:'Verdana'; font-size:13.5pt }
.R3 { margin-top:20pt; margin-bottom:3.1pt; text-align:left; page-break-inside:avoid; page-break-after:avoid; line-height:12.5pt; font-family:'Verdana'; font-size:10.5pt; font-weight:bold }
.R4 { margin-top:15pt; margin-bottom:3.1pt; text-align:left; page-break-inside:avoid; page-break-after:avoid; line-height:12.5pt; font-family:'Verdana'; font-size:10.5pt; font-weight:normal; font-style:italic; color:#000000 }
.R5 { margin-top:6.25pt; margin-bottom:0pt; text-align:justify; page-break-inside:avoid; page-break-after:avoid; line-height:12.5pt; font-family:'Verdana'; font-size:9.5pt; font-weight:bold }
.R6 { margin-top:6.25pt; margin-bottom:0pt; text-align:justify; page-break-inside:avoid; page-break-after:avoid; line-height:12.5pt; font-family:'Verdana'; font-size:9.5pt; font-weight:normal; font-style:italic; color:#000000 }
.Reservationshnvisning { margin-top:0pt; margin-bottom:8pt; text-align:right; line-height:12.5pt; font-family:'Verdana'; font-size:9.5pt; font-style:italic }
.Reservationsrubrik { margin-top:0pt; margin-bottom:3.1pt; text-align:left; page-break-inside:avoid; page-break-after:avoid; line-height:12.5pt; font-family:'Verdana'; font-size:10.5pt; font-weight:bold }
.Rubrik1Dokumentinformation { margin-top:0pt; margin-bottom:0pt; text-align:left; page-break-inside:avoid; page-break-after:avoid; line-height:12.5pt; font-family:'Verdana'; font-size:16pt }
.Rubrik1bilaga { margin-top:0pt; margin-bottom:27.7pt; text-align:left; page-break-after:auto; line-height:12.5pt; font-family:'Verdana'; font-size:16pt }
.Rubrik1medsidhuvud { margin-top:3.1pt; margin-bottom:12pt; text-align:left; page-break-before:always; page-break-after:avoid; line-height:12.5pt; font-family:'Verdana'; font-size:16pt }
.Rubrik1numrerat { margin-top:3.1pt; margin-left:0pt; margin-bottom:12pt; text-indent:0pt; text-align:left; page-break-after:avoid; line-height:12.5pt; font-family:'Verdana'; font-size:16pt }
.Rubrik1numreratmedsidhuvud { margin-top:0pt; margin-left:0pt; margin-bottom:16pt; text-indent:0pt; text-align:left; page-break-before:always; page-break-after:avoid; line-height:normal; font-family:'Verdana'; font-size:16pt }
.Rubrik2bilaga { margin-top:20pt; margin-bottom:6pt; text-align:left; page-break-inside:avoid; page-break-after:avoid; line-height:12.5pt; font-family:'Verdana'; font-size:13.5pt }
.Rubrik2numrerat { margin-top:20pt; margin-left:0pt; margin-bottom:6pt; text-indent:0pt; text-align:left; page-break-inside:avoid; page-break-after:avoid; line-height:12.5pt; font-family:'Verdana'; font-size:13.5pt }
.Rubrik3numrerat { margin-top:20pt; margin-left:0pt; margin-bottom:3.1pt; text-indent:0pt; text-align:left; page-break-inside:avoid; page-break-after:avoid; line-height:12.5pt; font-family:'Verdana'; font-size:10.5pt; font-weight:bold }
.Sammanfattning { margin-top:3.1pt; margin-bottom:12pt; text-align:left; page-break-after:auto; line-height:12.5pt; font-family:'Verdana'; font-size:16pt }
.Sidhuvudhgerstlld { margin-top:0pt; margin-bottom:0pt; text-align:right; line-height:normal; font-family:'Verdana'; font-size:7.5pt; font-variant:small-caps }
.Sidhuvudvnsterstlld { margin-top:0pt; margin-bottom:0pt; text-align:left; line-height:normal; font-family:'Verdana'; font-size:7.5pt; font-variant:small-caps }
.Stdrubrik { margin-top:12pt; margin-bottom:0pt; line-height:12pt; font-family:'Verdana'; font-size:9.5pt; font-weight:bold }
.Srskiltyttranderubrik { margin-top:0pt; margin-bottom:3.1pt; text-align:left; page-break-inside:avoid; page-break-after:avoid; line-height:12.5pt; font-family:'Verdana'; font-size:10.5pt; font-weight:bold }
.TOC1 { margin-top:0pt; margin-right:28.35pt; margin-bottom:0pt; text-align:left; line-height:normal; font-family:'Verdana'; font-size:9.5pt }
.TOC2 { margin:0pt 28.35pt 0pt 5.65pt; text-align:left; line-height:normal; font-family:'Verdana'; font-size:9.5pt }
.TOC3 { margin:0pt 28.35pt 0pt 11.35pt; text-align:left; line-height:normal; font-family:'Verdana'; font-size:9.5pt }
.TOC4 { margin:0pt 28.35pt 0pt 17pt; text-align:left; line-height:normal; font-family:'Verdana'; font-size:9.5pt }
.TOC5 { margin:0pt 28.35pt 0pt 22.7pt; text-align:left; line-height:normal; font-family:'Verdana'; font-size:9.5pt }
.TOC6 { margin-top:0pt; margin-left:47.65pt; margin-bottom:0pt; text-align:left; line-height:normal; font-family:'Verdana'; font-size:9.5pt }
.TOC7 { margin-top:0pt; margin-right:28.35pt; margin-bottom:0pt; text-align:left; line-height:normal; font-family:'Verdana'; font-size:9.5pt }
.TOC8 { margin-top:0pt; margin-right:28.35pt; margin-bottom:0pt; text-align:left; line-height:normal; font-family:'Verdana'; font-size:9.5pt }
.TOC9 { margin-top:0pt; margin-left:8.5pt; margin-bottom:0pt; text-align:left; line-height:normal; font-family:'Verdana'; font-size:9.5pt }
.TOCHeading { margin-top:3.1pt; margin-bottom:9pt; text-align:left; page-break-before:always; page-break-inside:avoid; page-break-after:avoid; line-height:12.5pt; font-family:'Verdana'; font-size:16pt }
.Tabell-Kolumnrubrik { margin-bottom:0pt; line-height:12pt; font-family:'Verdana'; font-size:8pt; font-weight:bold }
.Tabell-Klla { margin-top:2pt; margin-bottom:0pt; line-height:8pt; font-family:'Verdana'; font-size:7pt }
.Tabell-Radrubrik { margin-bottom:0pt; line-height:12pt; font-family:'Verdana'; font-size:8pt }
.Tabell-Rubrik { margin-top:12pt; margin-bottom:3pt; text-align:left; page-break-inside:avoid; page-break-after:avoid; line-height:10pt; font-family:'Verdana'; font-size:9pt; font-weight:bold }
.Tabell-Siffror { margin-bottom:0pt; text-align:right; line-height:12pt; font-family:'Verdana'; font-size:8pt }
.Tabell-Text { margin-bottom:0pt; line-height:12pt; font-family:'Verdana'; font-size:8pt }
.Tabell-Underrubrik { margin-top:0pt; margin-bottom:1pt; text-align:left; page-break-inside:avoid; page-break-after:avoid; line-height:8pt; font-family:'Verdana'; font-size:8pt; font-weight:normal; font-style:italic }
.TableofFigures { margin-top:3.1pt; margin-bottom:0pt; text-align:justify; line-height:normal; font-family:'Verdana'; font-size:9.5pt }
.TillX-utskottet { margin-top:0pt; margin-bottom:12pt; text-align:left; page-break-after:avoid; line-height:12.5pt; font-family:'Verdana'; font-size:16pt }
.Title { margin-top:3.1pt; margin-bottom:1pt; text-align:left; line-height:12pt; font-family:'Verdana'; font-size:20pt; letter-spacing:-0.5pt }
.Vapen { margin-top:0pt; margin-bottom:0pt; text-align:left; page-break-inside:avoid; page-break-after:avoid; line-height:12.5pt; font-family:'Verdana'; font-size:16pt }
.Yrkandelista { margin-top:3.1pt; margin-left:28.35pt; margin-bottom:0pt; text-indent:-28.35pt; text-align:justify; line-height:12.5pt; font-family:'Verdana'; font-size:9.5pt }
.YrkandelistaEtt { margin-top:3.1pt; margin-left:0pt; margin-bottom:0pt; text-indent:0pt; text-align:justify; line-height:12.5pt; font-family:'Verdana'; font-size:9.5pt }
span.BallongtextChar { font-family:Tahoma; font-size:8pt }
span.BilagaChar { font-family:'Verdana'; font-size:8pt; font-variant:small-caps; text-decoration:underline }
span.BrdtextChar { font-family:'Verdana'; font-size:9.5pt }
span.BrdtextChar1 { font-family:'Verdana'; font-size:9.5pt }
span.Brdtextmedindrag2Char { font-family:'Verdana'; font-size:9.5pt }
span.CitatChar { font-family:'Verdana'; font-size:9.5pt }
span.DokumentRubrikChar { font-family:'Verdana'; font-size:18pt }
span.FootnoteReference { vertical-align:super }
span.FotnotstextChar { font-family:'Verdana'; font-size:8pt }
span.FotnotstextindragChar { font-family:'Verdana'; font-size:8pt }
span.FrslagspunktChar { font-family:'Verdana'; font-size:9.5pt; font-weight:bold; font-style:normal }
span.Hyperlink { text-decoration:none; color:#000000 }
span.KommentarerChar { font-family:'Verdana'; font-size:10pt }
span.NormalkursivChar { font-family:'Verdana'; font-size:9.5pt; font-style:italic }
span.NormaltindragChar { font-family:'Verdana'; font-size:9.5pt }
span.OrdfrandenChar { font-family:'Verdana'; font-size:9.5pt; font-style:italic }
span.OrtochDatumChar { font-family:'Verdana'; font-size:9.5pt }
span.PlaceholderText { color:#808080 }
span.PVgnarChar { font-family:'Verdana'; font-size:9.5pt }
span.ReservationshnvisningChar { font-family:'Verdana'; font-size:9.5pt; font-style:italic }
span.Rubrik1Char { font-family:'Verdana'; font-size:16pt }
span.Rubrik1DokumentinformationChar { font-family:'Verdana'; font-size:16pt }
span.Rubrik2Char { font-family:'Verdana'; font-size:13.5pt }
span.Rubrik3Char { font-family:'Verdana'; font-size:10.5pt; font-weight:bold }
span.Rubrik4Char { font-family:'Verdana'; font-size:10.5pt; font-style:italic; color:#000000 }
span.Rubrik5Char { font-family:'Verdana'; font-size:9.5pt; font-weight:bold }
span.Rubrik6Char { font-family:'Verdana'; font-size:9.5pt; font-style:italic; color:#000000 }
span.Rubrik7Char { font-family:'Verdana'; font-size:9.5pt; font-style:italic; color:#243f60 }
span.Rubrik8Char { font-family:'Verdana'; font-size:9pt; color:#272727 }
span.Rubrik9Char { font-family:'Verdana'; font-size:9pt; font-style:italic; color:#272727 }
span.RubrikChar { font-family:'Verdana'; font-size:20pt; letter-spacing:-0.5pt }
span.SidfotChar { font-family:'Verdana'; font-size:9.5pt }
span.SidhuvudChar { font-family:'Verdana'; font-size:7.5pt; font-variant:small-caps }
span.Tabell-Upphjttecken { font-family:'Verdana'; font-variant:normal; text-decoration:none; text-transform:none; vertical-align:super; display:inline }
span.VapenChar { font-family:'Verdana'; font-size:16pt }
span.tBilagaJA { color:#000000 }
span.tSidrubrikJA { color:#000000 }
.TableGrid {  }
--&gt;&lt;/style&gt;

		&lt;div class="Section1"&gt;
			&lt;table cellspacing="0" cellpadding="0" style="border-collapse:collapse; margin-left:0pt"&gt;
				&lt;tr style="height:79.4pt"&gt;
					&lt;td style="vertical-align:top; width:297.7pt"&gt;
						&lt;p class="Rubrik1Dokumentinformation" style="margin-top:0pt; margin-bottom:0pt; text-align:left; page-break-inside:avoid; page-break-after:avoid; line-height:16pt"&gt;
							&lt;span style="font-family:'Verdana'; font-size:16pt; -aw-sdt-tag:ccUtskott; -aw-sdt-title:'utskottsnamn Dokumentegenskap'"&gt;Miljö- och jordbruksutskottet&lt;/span&gt;&lt;span style="font-family:'Verdana'; font-size:16pt; -aw-sdt-tag:ccS; -aw-sdt-title:s"&gt;s&lt;/span&gt;&lt;span style="font-family:'Verdana'; font-size:16pt; -aw-sdt-tag:ccMellanslag; -aw-sdt-title:Mellanslag"&gt; &lt;/span&gt;&lt;a name="Utlatande"&gt;&lt;/a&gt;&lt;span style="font-family:'Verdana'; font-size:16pt"&gt;betänkande&lt;/span&gt;
						&lt;/p&gt;
						&lt;p class="Dokumentbeteckning" style="margin-top:0pt; margin-bottom:0pt; text-align:left; page-break-inside:avoid; page-break-after:avoid; line-height:16pt"&gt;
							&lt;span style="font-family:'Verdana'; font-size:16pt; -aw-sdt-tag:ccRiksmote; -aw-sdt-title:'riksmote Dokumentegenskap'"&gt;2018/19&lt;/span&gt;&lt;span style="font-family:'Verdana'; font-size:16pt; -aw-sdt-tag:ccKolon; -aw-sdt-title:Kolon"&gt;:&lt;/span&gt;&lt;a name="Utskottebeteckning"&gt;&lt;/a&gt;&lt;span style="font-family:'Verdana'; font-size:16pt"&gt;MJU15&lt;/span&gt;
						&lt;/p&gt;
						&lt;p class="Rubrik1Dokumentinformation" style="margin-top:0pt; margin-bottom:0pt; text-align:left; page-break-inside:avoid; page-break-after:avoid; line-height:16pt"&gt;
							&lt;span style="font-family:'Verdana'; font-size:16pt"&gt; &lt;/span&gt;
						&lt;/p&gt;
					&lt;/td&gt;
				&lt;/tr&gt;
			&lt;/table&gt;
			&lt;p class="DokumentRubrik" style="-aw-sdt-tag:ccDokumentrubrik; -aw-sdt-title:'dokumentrubrik Dokumentegenskap'"&gt;
				&lt;span&gt;Ansvar för miljöskador i Sveriges ekonomiska zon&lt;/span&gt;
			&lt;/p&gt;
			&lt;p class="Sammanfattning"&gt;
				&lt;span class="tSidrubrikJA"&gt;Sammanfattning&lt;/span&gt;
			&lt;/p&gt;
			&lt;p&gt;
				&lt;span&gt;Utskottet föreslår att riksdagen antar regeringens förslag till ändringar i miljöbalken och &lt;/span&gt;&lt;span&gt;lagen om Sveriges ekonomiska zon&lt;/span&gt;&lt;span&gt;.&lt;/span&gt;
			&lt;/p&gt;
			&lt;p class="NormalIndent"&gt;
				&lt;span&gt;Lagförslaget innebär att &lt;/span&gt;&lt;span&gt;miljöbalken ska tillämpas även i fråga om allvarliga miljösk&lt;/span&gt;&lt;span&gt;ador i Sveriges ekonomiska zon. Lagförslaget innebär även att &lt;/span&gt;&lt;span&gt;den som &lt;/span&gt;&lt;span&gt;ska vidta en åtgärd &lt;/span&gt;&lt;span&gt;på en fastighet, byggnad eller anläggning för att enligt 10 kap. miljöbalken avhjälpa en miljöskada ska ha rätt till tillträde till fastigheten, byggnaden eller anläggningen under en viss tid.&lt;/span&gt;&lt;span&gt; &lt;/span&gt;&lt;span&gt;Vidare&lt;/span&gt;&lt;span&gt; innebär lagförslaget att en hänvisning i &lt;/span&gt;&lt;span&gt;5 kap. &lt;/span&gt;&lt;span&gt;13 § &lt;/span&gt;&lt;span&gt;miljöbalken uppdateras&lt;/span&gt;&lt;span&gt;.&lt;/span&gt;
			&lt;/p&gt;
			&lt;p class="NormalIndent"&gt;
				&lt;span&gt;Lagändringarna föreslås träda i kraft den 1 augusti 2019.&lt;/span&gt;
			&lt;/p&gt;
			&lt;p class="NormalIndent"&gt;
				&lt;span&gt;Ingen motion har väckts med anledning av propositionen. &lt;/span&gt;
			&lt;/p&gt;
			&lt;p class="R4"&gt;
				&lt;span&gt;Behandlade förslag&lt;/span&gt;
			&lt;/p&gt;
			&lt;p&gt;
				&lt;span&gt;Proposition &lt;/span&gt;&lt;span&gt;2018/19:95 Ansvar för miljöskador i Sveriges ekonomiska zon&lt;/span&gt;&lt;span&gt;.&lt;/span&gt;
			&lt;/p&gt;
			&lt;p&gt;
				&lt;span&gt; &lt;/span&gt;
			&lt;/p&gt;
			&lt;p class="Innehllsfrteckning"&gt;
				&lt;a name="Innehållsförteckning"&gt;&lt;/a&gt;&lt;span class="tSidrubrikJA"&gt;Innehållsförteckning&lt;/span&gt;
			&lt;/p&gt;
			&lt;p class="TOC1"&gt;
				&lt;a style="color:#000000" href="#_Toc8125263"&gt;&lt;span class="Hyperlink"&gt;Utskottets förslag till riksdagsbeslut&lt;/span&gt;&lt;/a&gt;
			&lt;/p&gt;
			&lt;p class="TOC1"&gt;
				&lt;a style="color:#000000" href="#_Toc8125264"&gt;&lt;span class="Hyperlink"&gt;Redogörelse för ärendet&lt;/span&gt;&lt;/a&gt;
			&lt;/p&gt;
			&lt;p class="TOC2" style="margin-bottom:0pt"&gt;
				&lt;a style="color:#000000" href="#_Toc8125265"&gt;&lt;span class="Hyperlink"&gt;Ärendet och dess beredning&lt;/span&gt;&lt;/a&gt;
			&lt;/p&gt;
			&lt;p class="TOC2" style="margin-top:0pt"&gt;
				&lt;a style="color:#000000" href="#_Toc8125266"&gt;&lt;span class="Hyperlink"&gt;Propositionens huvudsakliga innehåll&lt;/span&gt;&lt;/a&gt;
			&lt;/p&gt;
			&lt;p class="TOC1"&gt;
				&lt;a style="color:#000000" href="#_Toc8125267"&gt;&lt;span class="Hyperlink"&gt;Utskottets överväganden&lt;/span&gt;&lt;/a&gt;
			&lt;/p&gt;
			&lt;p class="TOC2"&gt;
				&lt;a style="color:#000000" href="#_Toc8125268"&gt;&lt;span class="Hyperlink"&gt;Ansvar för miljöskador i Sveriges ekonomiska zon&lt;/span&gt;&lt;/a&gt;
			&lt;/p&gt;
			&lt;p class="TOC8"&gt;
				&lt;span class="Hyperlink" style="font-style:italic"&gt;Bilaga 1&lt;/span&gt;&lt;br /&gt;&lt;a style="color:#000000" href="#_Toc8125269"&gt;&lt;span class="Hyperlink"&gt;Förteckning över behandlade förslag&lt;/span&gt;&lt;/a&gt;
			&lt;/p&gt;
			&lt;p class="TOC9"&gt;
				&lt;a style="color:#000000" href="#_Toc8125270"&gt;&lt;span class="Hyperlink"&gt;Propositionen&lt;/span&gt;&lt;/a&gt;
			&lt;/p&gt;
			&lt;p class="TOC8"&gt;
				&lt;span class="Hyperlink" style="font-style:italic"&gt;Bilaga 2&lt;/span&gt;&lt;br /&gt;&lt;a style="color:#000000" href="#_Toc8125271"&gt;&lt;span class="Hyperlink"&gt;Regeringens lagförslag&lt;/span&gt;&lt;/a&gt;
			&lt;/p&gt;
			&lt;p&gt;
			&lt;/p&gt;
			&lt;p&gt;
				&lt;span&gt; &lt;/span&gt;
			&lt;/p&gt;
			&lt;p class="NormalIndent"&gt;
				&lt;span&gt; &lt;/span&gt;
			&lt;/p&gt;
			&lt;p class="Avsnittsrubrik"&gt;
				&lt;a name="StopCC"&gt;&lt;/a&gt;&lt;a name="_Toc8125263"&gt;&lt;span style="-aw-bookmark-end:StopCC"&gt;&lt;/span&gt;&lt;span class="tSidrubrikJA"&gt;Utskottets förslag till riksdagsbeslut&lt;/span&gt;&lt;/a&gt;
			&lt;/p&gt;
			&lt;p class="Mellanrum"&gt;
				&lt;span&gt; &lt;/span&gt;
			&lt;/p&gt;
			&lt;p class="Mellanrum"&gt;
				&lt;span&gt; &lt;/span&gt;
			&lt;/p&gt;
			&lt;table cellspacing="0" cellpadding="0" style="border-collapse:collapse; margin-left:0pt; width:294.2pt"&gt;
				&lt;tr&gt;
					&lt;td style="vertical-align:top; width:22pt"&gt;
						&lt;p style="margin-top:3.1pt; margin-bottom:0pt; text-align:justify; page-break-inside:avoid; page-break-after:avoid; line-height:12.5pt"&gt;
							&lt;span style="font-family:'Verdana'; font-size:10.5pt; font-weight:bold"&gt;Ansvar för miljöskador i Sveriges ekonomiska zon&lt;/span&gt;
						&lt;/p&gt;
					&lt;/td&gt;
				&lt;/tr&gt;
			&lt;/table&gt;
			&lt;p class="Normalutanluftfre" style="-aw-sdt-tag:'dokumentavsnitt/utskottets förslag till riksdagsbeslut/1178077892/1558002908878'; -aw-sdt-title:'utskottets förslag till riksdagsbeslut'"&gt;
				&lt;span&gt;Riksdagen antar regeringens förslag till&lt;/span&gt;
			&lt;/p&gt;
			&lt;p class="NormalIndent" style="-aw-sdt-tag:'dokumentavsnitt/utskottets förslag till riksdagsbeslut/1178077892/1558002908878'; -aw-sdt-title:'utskottets förslag till riksdagsbeslut'"&gt;
				&lt;span&gt;1. lag om ändring i miljöbalken,&lt;/span&gt;
			&lt;/p&gt;
			&lt;p class="NormalIndent" style="-aw-sdt-tag:'dokumentavsnitt/utskottets förslag till riksdagsbeslut/1178077892/1558002908878'; -aw-sdt-title:'utskottets förslag till riksdagsbeslut'"&gt;
				&lt;span&gt;2. lag om ändring i lagen (1992:1140) om Sveriges ekonomiska zon.&lt;/span&gt;
			&lt;/p&gt;
			&lt;p class="NormalIndent" style="text-indent:11.3pt; -aw-sdt-tag:'dokumentavsnitt/utskottets förslag till riksdagsbeslut/1178077892/1558002908878'; -aw-sdt-title:'utskottets förslag till riksdagsbeslut'"&gt;
				&lt;span&gt;Därmed bifaller riksdagen proposition 2018/19:95 punkterna 1 och 2.&lt;/span&gt;
			&lt;/p&gt;
			&lt;p class="Mellanrum" style="-aw-sdt-tag:'dokumentavsnitt/utskottets förslag till riksdagsbeslut/1178077892/1558002908878'; -aw-sdt-title:'utskottets förslag till riksdagsbeslut'"&gt;
				&lt;span&gt; &lt;/span&gt;
			&lt;/p&gt;
			&lt;p class="OrtochDatum" style="-aw-sdt-tag:'dokumentavsnitt/utskottets förslag till riksdagsbeslut/1178077892/1558002908878'; -aw-sdt-title:'utskottets förslag till riksdagsbeslut'"&gt;
				&lt;span&gt;Stockholm den 16 maj 2019&lt;/span&gt;
			&lt;/p&gt;
			&lt;p class="PVgnar" style="-aw-sdt-tag:'dokumentavsnitt/utskottets förslag till riksdagsbeslut/1178077892/1558002908878'; -aw-sdt-title:'utskottets förslag till riksdagsbeslut'"&gt;
				&lt;span&gt;På miljö- och jordbruksutskottets vägnar&lt;/span&gt;
			&lt;/p&gt;
			&lt;p class="Ordfranden" style="-aw-sdt-tag:'dokumentavsnitt/utskottets förslag till riksdagsbeslut/1178077892/1558002908878'; -aw-sdt-title:'utskottets förslag till riksdagsbeslut'"&gt;
				&lt;span&gt;Kristina Yngwe&lt;/span&gt;
			&lt;/p&gt;
			&lt;p class="Deltagare" style="-aw-sdt-tag:'dokumentavsnitt/utskottets förslag till riksdagsbeslut/1178077892/1558002908878'; -aw-sdt-title:'utskottets förslag till riksdagsbeslut'"&gt;
				&lt;span&gt;Följande ledamöter har deltagit i beslutet: Kristina Yngwe (C), Maria Gardfjell (MP), Jessica Rosencrantz (M), Hanna Westerén (S), Isak From (S), John Widegren (M), Runar Filper (SD), Magnus Manhammar (S), Elin Segerlind (V), Betty Malmberg (M), Martin Kinnunen (SD), Malin Larsson (S), Magnus Oscarsson (KD), Marlene Burwick (S), Tina Acketoft (L), Mats Nordberg (SD) och Ulrika Heie (C).&lt;/span&gt;
			&lt;/p&gt;
			&lt;p class="Mellanrum" style="-aw-sdt-tag:'dokumentavsnitt/utskottets förslag till riksdagsbeslut/1178077892/1558002908878'; -aw-sdt-title:'utskottets förslag till riksdagsbeslut'"&gt;
				&lt;span&gt; &lt;/span&gt;
			&lt;/p&gt;
			&lt;p class="Mellanrum" style="-aw-sdt-tag:'dokumentavsnitt/utskottets förslag till riksdagsbeslut/1178077892/1558002908878'; -aw-sdt-title:'utskottets förslag till riksdagsbeslut'"&gt;
				&lt;span&gt; &lt;/span&gt;
			&lt;/p&gt;
			&lt;p class="Mellanrum" style="-aw-sdt-tag:'dokumentavsnitt/utskottets förslag till riksdagsbeslut/1178077892/1558002908878'; -aw-sdt-title:'utskottets förslag till riksdagsbeslut'"&gt;
				&lt;span style="font-size:9.5pt"&gt; &lt;/span&gt;
			&lt;/p&gt;
			&lt;p&gt;
				&lt;span&gt; &lt;/span&gt;
			&lt;/p&gt;
			&lt;p class="Avsnittsrubrik"&gt;
				&lt;a name="SlutUtskottsForslag"&gt;&lt;/a&gt;&lt;a name="_Toc8125264"&gt;&lt;span style="-aw-bookmark-end:SlutUtskottsForslag"&gt;&lt;/span&gt;&lt;span class="tSidrubrikJA"&gt;Redogörelse för ärendet&lt;/span&gt;&lt;/a&gt;
			&lt;/p&gt;
			&lt;h2&gt;
				&lt;a name="_Toc8125265"&gt;&lt;span&gt;Ärendet och dess beredning&lt;/span&gt;&lt;/a&gt;
			&lt;/h2&gt;
			&lt;p&gt;
				&lt;span&gt;I detta ärende behandlar utskottet regeringens proposition &lt;/span&gt;&lt;span&gt;2018/19:95 Ansvar för miljöskador i Sveriges ekonomiska zon&lt;/span&gt;&lt;span&gt;.&lt;/span&gt;
			&lt;/p&gt;
			&lt;p class="NormalIndent"&gt;
				&lt;span&gt;Regeringens förslag till riksdagsbeslut redovisas i bilaga 1, och regeringens lagförslag redovisas i bilaga 2. &lt;/span&gt;
			&lt;/p&gt;
			&lt;p class="NormalIndent"&gt;
				&lt;span&gt;Lagförslaget har granskats av Lagrådet. &lt;/span&gt;
			&lt;/p&gt;
			&lt;h2&gt;
				&lt;a name="_Toc8125266"&gt;&lt;span&gt;Propositionens huvudsakliga innehåll&lt;/span&gt;&lt;/a&gt;
			&lt;/h2&gt;
			&lt;p&gt;
				&lt;span&gt;I propositionen föreslås ändringar i miljöbalken och lagen &lt;/span&gt;&lt;span&gt;(1992:1140) &lt;/span&gt;&lt;span&gt;om Sveriges ekonomiska zon. Ändringarna innebär att miljöbalken ska tillämpas även i fråga om allvarliga miljöskador i Sveriges ekonomiska zon. Det görs också en ändring i miljöbalken som innebär att den som &lt;/span&gt;&lt;span&gt;ska vidta en åtgärd &lt;/span&gt;&lt;span&gt;på en fastighet, byggnad eller anläggning för att enligt 10 kap. miljöbalken avhjälpa en miljöskada ska ha rätt till tillträde till fastigheten, byggnaden eller anläggningen under en viss tid.&lt;/span&gt;
			&lt;/p&gt;
			&lt;p class="NormalIndent"&gt;
				&lt;span&gt;Lagändringarna föreslås träda i kraft den 1 augusti 2019.&lt;/span&gt;
			&lt;/p&gt;
			&lt;p class="Avsnittsrubrik"&gt;
				&lt;a name="_Toc8125267"&gt;&lt;span class="tSidrubrikJA"&gt;Utskottets överväganden&lt;/span&gt;&lt;/a&gt;
			&lt;/p&gt;
			&lt;h2 style="-aw-sdt-tag:be111173-b4d8-41b6-9c87-5dbf7b0bf36e/förslagsrutor/809544550/1556280235567; -aw-sdt-title:förslagsrutor"&gt;
				&lt;a name="_Toc8125268"&gt;&lt;span&gt;Ansvar för miljöskador i Sveriges ekonomiska zon&lt;/span&gt;&lt;/a&gt;
			&lt;/h2&gt;
			&lt;div style="border-bottom-color:#000000; border-bottom-style:solid; border-bottom-width:0.75pt; border-left-color:#000000; border-left-style:solid; border-left-width:0.75pt; border-right-color:#000000; border-right-style:solid; border-right-width:0.75pt; border-top-color:#000000; border-top-style:solid; border-top-width:0.75pt; clear:both; margin:3.1pt 0.9pt 0pt"&gt;
				&lt;p class="Normalrutafet" style="margin:0pt; padding-right:4pt; padding-left:4pt"&gt;
					&lt;span style="-aw-bookmark-end:_Toc8125268"&gt;&lt;/span&gt;&lt;span&gt;Utskottets förslag i korthet&lt;/span&gt;
				&lt;/p&gt;
				&lt;p class="Normalruta" style="margin:0pt; padding-right:4pt; padding-left:4pt; padding-bottom:4pt"&gt;
					&lt;span&gt;Riksdagen antar regeringens förslag till ändringar i miljöbalken och&lt;/span&gt;&lt;span&gt; lagen (1992:1140) om Sveriges ekonomiska zon&lt;/span&gt;&lt;span&gt;. &lt;/span&gt;
				&lt;/p&gt;
			&lt;/div&gt;
			&lt;p class="Mellanrum"&gt;
				&lt;span&gt; &lt;/span&gt;
			&lt;/p&gt;
			&lt;p class="R3"&gt;
				&lt;span&gt;Bakgrund&lt;/span&gt;
			&lt;/p&gt;
			&lt;p&gt;
				&lt;span&gt;I det s.k. offshoredirektivet&lt;/span&gt;&lt;a name="_ftnref1"&gt;&lt;/a&gt;&lt;a href="#_ftn1"&gt;&lt;span class="FootnoteReference" style="font-size:6.33pt"&gt;[1]&lt;/span&gt;&lt;/a&gt;&lt;span&gt; &lt;/span&gt;&lt;span&gt;fastställs minimikrav för att förebygga allvarliga olyckor vid olje- och gasverksamhet till havs och för att begränsa konsekvenserna av sådana olyckor. Genom offshoredirektivet görs änd&lt;/span&gt;&lt;span&gt;ringar i miljöansvarsdirektivet&lt;/span&gt;&lt;a name="_ftnref2"&gt;&lt;/a&gt;&lt;a href="#_ftn2"&gt;&lt;span class="FootnoteReference" style="font-size:6.33pt"&gt;[2]&lt;/span&gt;&lt;/a&gt;&lt;span&gt;. Detta direktiv har genomförts i svensk lagstiftning bl.a. med bestämmelser i 10 kap. miljöbalken och förordningen (2007:667) om allvarliga miljöskador. Europeiska kommissionen har granskat &lt;/span&gt;&lt;span&gt;hur&lt;/span&gt;&lt;span&gt; offshoredirektivet&lt;/span&gt;&lt;span&gt; har genomförts i svensk lagstiftning&lt;/span&gt;&lt;span&gt; i den del det avser ändringen i miljöansvarsdirektivet och bedömt att det behövs ändringar i den svenska lagstiftningen.&lt;/span&gt;
			&lt;/p&gt;
			&lt;p class="NormalIndent"&gt;
				&lt;span&gt;Statens geotekniska institut (SGI) har i sin rapport Juridiska flaskhalsar i efterbehandlingsarbetet redovisat ett antal förslag i syfte att förbättra arbetet med sanering av förorenade områden. SGI har bl.a. lämnat förslag om att ändra tillträdesreglerna i 28 kap. miljöbalken så att huvudmannen vid statligt medfinansierad efterbehandling kan garanteras tillträde mot fastighetsägarens vilja.&lt;/span&gt;
			&lt;/p&gt;
			&lt;p class="NormalIndent"&gt;
				&lt;span&gt;Havs- och vattenmyndigheten har uppmärksammat regeringen på att en hänvisning behöver uppdateras i 5 kap. 13 § miljöbalken. &lt;/span&gt;
			&lt;/p&gt;
			&lt;p class="NormalIndent"&gt;
				&lt;span&gt;Med anledning av detta har Regeringskansliet tagit fram promemorian Förbättrat genomförande av miljöansvarsdirektivet med förslag till ändringar för att &lt;/span&gt;&lt;span&gt;bl.a.&lt;/span&gt;&lt;span&gt; förtydliga och förstärka genomförandet av direktivet. Promemorian innehåller bl.a. de förslag till lagändringar som behandlas i detta betänkande.&lt;/span&gt;
			&lt;/p&gt;
			&lt;p class="NormalIndent"&gt;
				&lt;span&gt;Lagförslaget har granskats av Lagrådet. Regeringen har följt Lagrådets förslag.&lt;/span&gt;
			&lt;/p&gt;
			&lt;p class="R3" style="margin-bottom:0pt"&gt;
				&lt;span&gt;Propositionen&lt;/span&gt;
			&lt;/p&gt;
			&lt;p&gt;
				&lt;span&gt;I propositionen före&lt;/span&gt;&lt;span&gt;slår regeringen att miljöbalken &lt;/span&gt;&lt;span&gt;ska tillämpas även &lt;/span&gt;&lt;span&gt;i&lt;/span&gt;&lt;span&gt; &lt;/span&gt;&lt;span&gt;fråga om allvarliga miljöskador på ett vattenområde eller grundvatten i Sveriges ekonomiska zon. &lt;/span&gt;&lt;span&gt;Vidare föreslår regeringen&lt;/span&gt;&lt;span&gt; att det &lt;/span&gt;&lt;span&gt;ska införas&lt;/span&gt;&lt;span&gt; en upplysning &lt;/span&gt;&lt;span&gt;i &lt;/span&gt;&lt;span&gt;lagen om Sveriges ekonomiska zon om att det enligt 10 kap. 18 a § miljöbalken finns bestämmelser i balken om allvarliga miljöskador i Sveriges ekonomiska zon som ska tillämpas till skydd för den marina miljön.&lt;/span&gt;
			&lt;/p&gt;
			&lt;p class="NormalIndent"&gt;
				&lt;span&gt;Regeringen föreslår även att &lt;/span&gt;&lt;span&gt;l&lt;/span&gt;&lt;span&gt;änsstyrelsen &lt;/span&gt;&lt;span&gt;ska få&lt;/span&gt;&lt;span&gt; besluta att den som &lt;/span&gt;&lt;span&gt;ska vidta en åtgärd &lt;/span&gt;&lt;span&gt;på en fastighet, byggnad eller anläggning för att enligt 10 kap. miljöbalken avhjälpa en miljöskada ska ha rätt till tillträde till fastigheten, byggnaden eller anläggningen under en viss tid.&lt;/span&gt;
			&lt;/p&gt;
			&lt;p class="NormalIndent"&gt;
				&lt;span&gt;Vidare föreslår regeringen att e&lt;/span&gt;&lt;span&gt;n hänvisning i miljöbalken till vattendistriktens geografiska omfattning &lt;/span&gt;&lt;span&gt;ska &lt;/span&gt;&lt;span&gt;justeras så att rätt uttryck används och hänvisningen görs till rätt bestämmelser.&lt;/span&gt;
			&lt;/p&gt;
			&lt;p class="NormalIndent"&gt;
				&lt;span&gt;Lagändringarna &lt;/span&gt;&lt;span&gt;föreslås&lt;/span&gt;&lt;span&gt; träda i kraft den 1 augusti 2019.&lt;/span&gt;
			&lt;/p&gt;
			&lt;p class="R3"&gt;
				&lt;span&gt;Utskottets ställningstagande&lt;/span&gt;
			&lt;/p&gt;
			&lt;p&gt;
				&lt;span&gt;Det har inte väckts någon motion med anledning av propositionen. Utskottet anser att riksdagen av de skäl som anförs i propositionen bör anta regeringens lagförslag.&lt;/span&gt;
			&lt;/p&gt;
			&lt;p class="Bilaga"&gt;
				&lt;span class="tBilagaJA"&gt;Bilaga 1&lt;/span&gt;
			&lt;/p&gt;
			&lt;p class="Bilagerubrik"&gt;
				&lt;a name="_Toc8125269"&gt;&lt;span class="tSidrubrikJA"&gt;Förteckning över behandlade förslag&lt;/span&gt;&lt;/a&gt;
			&lt;/p&gt;
			&lt;p class="Rubrik2bilaga" style="-aw-sdt-tag:'dokumentavsnitt/förteckning över behandlade förslag/1503506351/1556112431558'; -aw-sdt-title:'förteckning över behandlade förslag'"&gt;
				&lt;a name="_Toc8125270"&gt;&lt;span&gt;Propositionen&lt;/span&gt;&lt;/a&gt;&lt;span&gt; &lt;/span&gt;
			&lt;/p&gt;
			&lt;h4 style="-aw-sdt-tag:'dokumentavsnitt/förteckning över behandlade förslag/1503506351/1556112431558'; -aw-sdt-title:'förteckning över behandlade förslag'"&gt;
				&lt;span&gt;Proposition 2018/19:95 Ansvar för miljöskador i Sveriges ekonomiska zon:&lt;/span&gt;
			&lt;/h4&gt;
			&lt;p class="Yrkandelista" style="margin-bottom:0pt; -aw-sdt-tag:'dokumentavsnitt/förteckning över behandlade förslag/1503506351/1556112431558'; -aw-sdt-title:'förteckning över behandlade förslag'"&gt;
				&lt;span&gt;1.&lt;/span&gt;&lt;span style="width:21.22pt; text-indent:0pt; display:inline-block"&gt;&lt;/span&gt;&lt;span&gt;Riksdagen antar regeringens förslag till lag om ändring i miljöbalken.&lt;/span&gt;
			&lt;/p&gt;
			&lt;p class="Yrkandelista" style="margin-top:0pt; -aw-sdt-tag:'dokumentavsnitt/förteckning över behandlade förslag/1503506351/1556112431558'; -aw-sdt-title:'förteckning över behandlade förslag'"&gt;
				&lt;span&gt;2.&lt;/span&gt;&lt;span style="width:21.22pt; text-indent:0pt; display:inline-block"&gt;&lt;/span&gt;&lt;span&gt;Riksdagen antar regeringens förslag till lag om ändring i lagen (1992:1140) om Sveriges ekonomiska zon.&lt;/span&gt;
			&lt;/p&gt;
			&lt;p class="Mellanrum"&gt;
				&lt;span&gt; &lt;/span&gt;
			&lt;/p&gt;
			&lt;p class="Mellanrum" style="-aw-sdt-tag:'dokumentavsnitt/förteckning över behandlade förslag/1503506351/1556112431558'; -aw-sdt-title:'förteckning över behandlade förslag'"&gt;
				&lt;span&gt; &lt;/span&gt;
			&lt;/p&gt;
			&lt;p&gt;
				&lt;span&gt; &lt;/span&gt;
			&lt;/p&gt;
			&lt;p class="Bilaga"&gt;
				&lt;span class="tBilagaJA"&gt;Bilaga 2&lt;/span&gt;
			&lt;/p&gt;
			&lt;p class="Bilagerubrik"&gt;
				&lt;a name="_Toc8125271"&gt;&lt;span class="tSidrubrikJA"&gt;Regeringens lagförslag&lt;/span&gt;&lt;/a&gt;
			&lt;/p&gt;
			&lt;p&gt;
				&lt;img src="http://data.riksdagen.se/fil/h601mju15/Dokument.001.png" width="394" height="631" alt="" style="-aw-left-pos:0pt; -aw-rel-hpos:column; -aw-rel-vpos:paragraph; -aw-top-pos:0pt; -aw-wrap-type:inline" /&gt;
			&lt;/p&gt;
			&lt;p&gt;
				&lt;img src="http://data.riksdagen.se/fil/h601mju15/Dokument.002.png" width="394" height="750" alt="" style="-aw-left-pos:0pt; -aw-rel-hpos:column; -aw-rel-vpos:paragraph; -aw-top-pos:0pt; -aw-wrap-type:inline" /&gt;
			&lt;/p&gt;
			&lt;p&gt;
				&lt;img src="http://data.riksdagen.se/fil/h601mju15/Dokument.003.png" width="387" height="756" alt="" style="-aw-left-pos:0pt; -aw-rel-hpos:column; -aw-rel-vpos:paragraph; -aw-top-pos:0pt; -aw-wrap-type:inline" /&gt;
			&lt;/p&gt;
			&lt;p&gt;
				&lt;img src="http://data.riksdagen.se/fil/h601mju15/Dokument.004.png" width="394" height="717" alt="" style="-aw-left-pos:0pt; -aw-rel-hpos:column; -aw-rel-vpos:paragraph; -aw-top-pos:0pt; -aw-wrap-type:inline" /&gt;
			&lt;/p&gt;
		&lt;/div&gt;
		&lt;hr style="width:33%; height:1px; text-align:left; -aw-footnote-numberstyle:0; -aw-footnote-startnumber:1; -aw-footnote-type:0" /&gt;
		&lt;div id="_ftn1" style="-aw-footnote-isauto:1"&gt;
			&lt;p class="FootnoteText"&gt;
				&lt;a href="#_ftnref1"&gt;&lt;span class="FootnoteReference" style="font-size:6.33pt"&gt;[1]&lt;/span&gt;&lt;/a&gt;&lt;span&gt; &lt;/span&gt;&lt;span&gt;Europaparlamentets och rådets direktiv 2013/30/EU av den 12 juni 2013 om säkerhet för olje- och gasverksamhet till havs och om ändring av direktiv 2004/35/EG&lt;/span&gt;&lt;span&gt;.&lt;/span&gt;
			&lt;/p&gt;
		&lt;/div&gt;
		&lt;div id="_ftn2" style="-aw-footnote-isauto:1"&gt;
			&lt;p class="FootnoteText"&gt;
				&lt;a href="#_ftnref2"&gt;&lt;span class="FootnoteReference" style="font-size:6.33pt"&gt;[2]&lt;/span&gt;&lt;/a&gt;&lt;span&gt; &lt;/span&gt;&lt;span&gt;Europaparlamentets och rådets direktiv 2004/35/EG av den 21 april 2004 om miljöansvar för att förebygga och avhjälpa miljöskador&lt;/span&gt;&lt;span&gt;.&lt;/span&gt;
			&lt;/p&gt;
		&lt;/div&gt;
	</html>
  </dokument>
<dokutskottsforslag>
<utskottsforslag>
<punkt datatype="int32">1</punkt>
<rubrik datatype="string">Ansvar för miljöskador i Sveriges ekonomiska zon</rubrik>
<forslag datatype="string">Riksdagen antar regeringens förslag till&lt;br&gt;1. lag om ändring i miljöbalken,&lt;br&gt;2. lag om ändring i lagen (1992:1140) om Sveriges ekonomiska zon.&lt;BR/&gt;Därmed bifaller riksdagen proposition 2018/19:95 punkterna 1 och 2.&lt;BR/&gt;&lt;BR/&gt;</forslag>
<beslutstyp datatype="string">acklamation</beslutstyp>
<motforslag_nummer datatype="int32">0</motforslag_nummer>
<motforslag_partier datatype="string" />
<votering_id datatype="string" />
<votering_sammanfattning_html datatype="string" />
<votering_url_xml datatype="string" />
<rm datatype="string">2018/19</rm>
<bet datatype="string">MJU15</bet>
<vinnare datatype="string">utskottet</vinnare>
</utskottsforslag>
</dokutskottsforslag>
<dokaktivitet>
<aktivitet>
<kod datatype="string">UBE</kod>
<namn datatype="string">Beredning</namn>
<datum datatype="datetime">2019-05-07 00:00:00</datum>
<status datatype="string">inträffat</status>
<ordning datatype="int32">0</ordning>
<process datatype="string" />
</aktivitet>
<aktivitet>
<kod datatype="string">JUS</kod>
<namn datatype="string">Justering</namn>
<datum datatype="datetime">2019-05-16 00:00:00</datum>
<status datatype="string">inträffat</status>
<ordning datatype="int32">0</ordning>
<process datatype="string" />
</aktivitet>
<aktivitet>
<kod datatype="string">TRY</kod>
<namn datatype="string">Trycklov</namn>
<datum datatype="datetime">2019-05-17 00:00:00</datum>
<status datatype="string">inträffat</status>
<ordning datatype="int32">0</ordning>
<process datatype="string" />
</aktivitet>
<aktivitet>
<kod datatype="string">B</kod>
<namn datatype="string">Bordläggning</namn>
<datum datatype="datetime">2019-05-27 00:00:00</datum>
<status datatype="string">inträffat</status>
<ordning datatype="int32">0</ordning>
<process datatype="string" />
</aktivitet>
<aktivitet>
<kod datatype="string">BEH</kod>
<namn datatype="string">Behandling</namn>
<datum datatype="datetime">2019-05-28 00:00:00</datum>
<status datatype="string">inträffat</status>
<ordning datatype="int32">0</ordning>
<process datatype="string" />
</aktivitet>
<aktivitet>
<kod datatype="string">BES</kod>
<namn datatype="string">Beslut</namn>
<datum datatype="datetime">2019-06-04 00:00:00</datum>
<status datatype="string">inträffat</status>
<ordning datatype="int32">0</ordning>
<process datatype="string" />
</aktivitet>
</dokaktivitet>
<dokuppgift>
<uppgift>
<kod datatype="string">beslutssammanfattningusk</kod>
<namn datatype="string">Utskottets förslag till beslut</namn>
<text datatype="string">Bifall till propositionen.</text>
<dok_id datatype="string">H601MJU15</dok_id>
<systemdatum datatype="datetime">2019-05-28 15:31:23</systemdatum>
</uppgift>
<uppgift>
<kod datatype="string">rdbeslut</kod>
<namn datatype="string">Riksdagens beslut</namn>
<text datatype="string">Kammaren biföll utskottets förslag.</text>
<dok_id datatype="string">H601MJU15</dok_id>
<systemdatum datatype="datetime">2019-06-04 15:46:04</systemdatum>
</uppgift>
<uppgift>
<kod datatype="string">notis</kod>
<namn datatype="string">Beslut i korthet</namn>
<text datatype="string">                           &lt;p&gt;Bestämmelserna i miljöbalken och lagen om Sveriges ekonomiska zon ändras. Framöver ska miljöbalken tillämpas även när det gäller allvarliga miljöskador i Sveriges ekonomiska zon. Den som ska vidta en åtgärd på en fastighet, byggnad eller anläggning för att avhjälpa en miljöskada enligt miljöbalken ska ha rätt till tillträde till fastigheten, byggnaden eller anläggningen under en viss tid.&lt;/p&gt;
&lt;p&gt;De nya reglerna börjar gälla den 1 augusti 2019. Riksdagen sa ja till regeringens förslag.&lt;/p&gt;
                                            </text>
<dok_id datatype="string">H601MJU15</dok_id>
<systemdatum datatype="datetime">2019-06-04 15:46:48</systemdatum>
</uppgift>
<uppgift>
<kod datatype="string">notisrubrik</kod>
<namn datatype="string">Beslut</namn>
<text datatype="string">Ändrade regler om ansvar för miljöskador i Sveriges ekonomiska zon (MJU15)</text>
<dok_id datatype="string">H601MJU15</dok_id>
<systemdatum datatype="datetime">2019-06-04 15:46:48</systemdatum>
</uppgift>
<uppgift>
<kod datatype="string">utsknotis</kod>
<namn datatype="string">Utskottets förslag till beslut</namn>
<text datatype="string">                           &lt;p&gt;Bestämmelserna i miljöbalken och lagen om Sveriges ekonomiska zon ändras. Framöver ska miljöbalken tillämpas även när det gäller allvarliga miljöskador i Sveriges ekonomiska zon. Den som ska vidta en åtgärd på en fastighet, byggnad eller anläggning för att avhjälpa en miljöskada enligt miljöbalken ska ha rätt till tillträde till fastigheten, byggnaden eller anläggningen under en viss tid.&lt;/p&gt;
&lt;p&gt;De nya reglerna börjar gälla den 1 augusti 2019. Miljö- och jordbruksutskottet föreslår att riksdagen säger ja till regeringens förslag.&lt;/p&gt;
                                            </text>
<dok_id datatype="string">H601MJU15</dok_id>
<systemdatum datatype="datetime">2019-06-04 15:46:48</systemdatum>
</uppgift>
<uppgift>
<kod datatype="string">utsknotisrubrik</kod>
<namn datatype="string">Utskottets förslag</namn>
<text datatype="string">Ändrade regler om ansvar för miljöskador i Sveriges ekonomiska zon (MJU15)</text>
<dok_id datatype="string">H601MJU15</dok_id>
<systemdatum datatype="datetime">2019-06-04 15:46:48</systemdatum>
</uppgift>
<uppgift>
<kod datatype="string">debattdatumtid</kod>
<namn datatype="string">Datum och tid för debatten</namn>
<text datatype="string">2019-05-28 00:00:00</text>
<dok_id datatype="string">H601MJU15</dok_id>
<systemdatum datatype="datetime">2019-06-04 15:46:48</systemdatum>
</uppgift>
<uppgift>
<kod datatype="string">beslutdatumtid</kod>
<namn datatype="string">Datum och tid för beslutet</namn>
<text datatype="string">2019-06-04 00:00:00</text>
<dok_id datatype="string">H601MJU15</dok_id>
<systemdatum datatype="datetime">2019-06-04 15:46:48</systemdatum>
</uppgift>
<uppgift>
<kod datatype="string">statustext</kod>
<namn datatype="string">statustext</namn>
<text datatype="string">Ärendet är avslutat</text>
<dok_id datatype="string">H601MJU15</dok_id>
<systemdatum datatype="datetime">2019-06-05 00:24:40</systemdatum>
</uppgift>
</dokuppgift>
<dokbilaga>
<bilaga>
<dok_id datatype="string">H601MJU15</dok_id>
<titel datatype="string">Ansvar för miljöskador i Sveriges ekonomiska zon</titel>
<subtitel datatype="string" />
<filnamn datatype="string">2018_19_MJU15_20190520083927_Publicering.pdf</filnamn>
<filstorlek datatype="int32">783074</filstorlek>
<filtyp datatype="string">pdf</filtyp>
<fil_url datatype="string">http://data.riksdagen.se/fil/6B088EEF-9A65-4B44-A041-4381203C01D0</fil_url>
</bilaga>
</dokbilaga>
<dokreferens>
<referens>
<referenstyp datatype="string">behandlar</referenstyp>
<uppgift datatype="string">Proposition 2018/19:95 Ansvar för miljöskador i Sveriges ekonomiska zon</uppgift>
<ref_dok_id datatype="string">H60395</ref_dok_id>
<ref_dok_typ datatype="string">prop</ref_dok_typ>
<ref_dok_rm datatype="string">2018/19</ref_dok_rm>
<ref_dok_bet datatype="string">95</ref_dok_bet>
<ref_dok_titel datatype="string">Ansvar för miljöskador i Sveriges ekonomiska zon</ref_dok_titel>
<ref_dok_subtitel datatype="string" />
<ref_dok_subtyp datatype="string">prop</ref_dok_subtyp>
<ref_dok_dokumentnamn datatype="string">Proposition</ref_dok_dokumentnamn>
</referens>
<referens>
<referenstyp datatype="string">föredragningslista</referenstyp>
<uppgift datatype="string">föredragningslista 2018/19:96 Tisdag den 28 maj 2019</uppgift>
<ref_dok_id datatype="string">H60I96</ref_dok_id>
<ref_dok_typ datatype="string">f-lista</ref_dok_typ>
<ref_dok_rm datatype="string">2018/19</ref_dok_rm>
<ref_dok_bet datatype="string">96</ref_dok_bet>
<ref_dok_titel datatype="string">Tisdag den 28 maj 2019</ref_dok_titel>
<ref_dok_subtitel datatype="string" />
<ref_dok_subtyp datatype="string" />
<ref_dok_dokumentnamn datatype="string">Föredragningslista</ref_dok_dokumentnamn>
</referens>
<referens>
<referenstyp datatype="string">protokollbeslut</referenstyp>
<uppgift datatype="string">2019-06-04</uppgift>
<ref_dok_id datatype="string">H60999</ref_dok_id>
<ref_dok_typ datatype="string">prot</ref_dok_typ>
<ref_dok_rm datatype="string">2018/19</ref_dok_rm>
<ref_dok_bet datatype="string">99</ref_dok_bet>
<ref_dok_titel datatype="string">Protokoll 2018/19:99 Tisdagen den 4 juni</ref_dok_titel>
<ref_dok_subtitel datatype="string">Ansvar för miljöskador i Sveriges ekonomiska zon</ref_dok_subtitel>
<ref_dok_subtyp datatype="string" />
<ref_dok_dokumentnamn datatype="string">Protokoll</ref_dok_dokumentnamn>
</referens>
<referens>
<referenstyp datatype="string">protokolldebatt</referenstyp>
<uppgift datatype="string">2019-05-28</uppgift>
<ref_dok_id datatype="string">H60996</ref_dok_id>
<ref_dok_typ datatype="string">prot</ref_dok_typ>
<ref_dok_rm datatype="string">2018/19</ref_dok_rm>
<ref_dok_bet datatype="string">96</ref_dok_bet>
<ref_dok_titel datatype="string">Protokoll 2018/19:96 Tisdagen den 28 maj</ref_dok_titel>
<ref_dok_subtitel datatype="string">Ansvar för miljöskador i Sveriges ekonomiska zon</ref_dok_subtitel>
<ref_dok_subtyp datatype="string" />
<ref_dok_dokumentnamn datatype="string">Protokoll</ref_dok_dokumentnamn>
</referens>
<referens>
<referenstyp datatype="string">rskr</referenstyp>
<uppgift datatype="string" />
<ref_dok_id datatype="string">H60K244</ref_dok_id>
<ref_dok_typ datatype="string">rskr</ref_dok_typ>
<ref_dok_rm datatype="string">2018/19</ref_dok_rm>
<ref_dok_bet datatype="string">244</ref_dok_bet>
<ref_dok_titel datatype="string">Riksdagsskrivelse 2018/19:244</ref_dok_titel>
<ref_dok_subtitel datatype="string" />
<ref_dok_subtyp datatype="string">rskr</ref_dok_subtyp>
<ref_dok_dokumentnamn datatype="string">Riksdagsskrivelse</ref_dok_dokumentnamn>
</referens>
<referens>
<referenstyp datatype="string">talarlista</referenstyp>
<uppgift datatype="string">talarlista 2018/19:20190528 Tisdag den 28 maj 2019 (preliminär)</uppgift>
<ref_dok_id datatype="string">H60J20190528</ref_dok_id>
<ref_dok_typ datatype="string">t-lista</ref_dok_typ>
<ref_dok_rm datatype="string">2018/19</ref_dok_rm>
<ref_dok_bet datatype="string">20190528</ref_dok_bet>
<ref_dok_titel datatype="string">Tisdag den 28 maj 2019 (preliminär)</ref_dok_titel>
<ref_dok_subtitel datatype="string" />
<ref_dok_subtyp datatype="string" />
<ref_dok_dokumentnamn datatype="string">Talarlista</ref_dok_dokumentnamn>
</referens>
</dokreferens>
<debatt><anforande><video_id datatype="string">1100190528439299222</video_id><video_url datatype="string">1100190528439299222#pos=11</video_url><startpos datatype="string">11</startpos><tumnagel datatype="string"></tumnagel><tumnagel datatype="string">//mhdownload.riksdagen.se/riksdagen/unrestricted/thumb/1100190528439299222_mid.jpg</tumnagel><tumnagel_stor datatype="string">//mhdownload.riksdagen.se/riksdagen/unrestricted/thumb/1100190528439299222_high.jpg</tumnagel_stor><anf_video_id datatype="string">1100190528439299422</anf_video_id><anf_hangar_id datatype="int32">5034763</anf_hangar_id><anf_sekunder datatype="int32">160</anf_sekunder><anf_klockslag datatype="string">15:47</anf_klockslag><datumtid datatype="datetime">2019-05-28 15:47:57</datumtid><anf_datum datatype="datetime">2019-05-28 00:00:00</anf_datum><anf_typ datatype="string">ap</anf_typ><anf_text datatype="string">&lt;p&gt;Ansvar för miljö-skador i Sveriges ekonomiska zon&lt;/p&gt;&lt;p&gt;Fru talman! Jag misstänker att jag är enda talare under denna punkt och att det inte kommer att bli någon debatt. Det handlar om att det är ett enigt utskott som står bakom propositionen.&lt;/p&gt;&lt;p&gt;Fru talman! Ansvaret vilar tungt på oss som är förtroendevalda i dag att vidta nödvändiga åtgärder och mått och steg för att skydda såväl människor som land och vatten mot skadlig påverkan. Somligt beslutas här i Sverige, och somligt beslutas i EU för att sedan införlivas i svensk lagstiftning. Det jag talar om i dag tar avstamp i ett EU-direktiv och ska därför omgående börja gälla i Sverige.&lt;/p&gt;&lt;p&gt;Ett enigt miljö- och jordbruksutskott står bakom regeringens proposition 2018/19:95 &lt;em&gt;Ansvar för miljöskador i Sveriges ekonomiska zon&lt;/em&gt;, och det har heller inte väckts några motioner med anledning av propositionen. Lagändringarna föreslås träda i kraft den 1 augusti 2019.&lt;/p&gt;&lt;p&gt;I propositionen föreslås ändringar i miljöbalken och lagen om Sveriges ekonomiska zon. Ändringarna innebär att miljöbalken ska tillämpas även i fråga om allvarliga miljöskador i Sveriges ekonomiska zon. Det görs också en ändring i miljöbalken som innebär att den som på en fastighet, byggnad eller anläggning ska vidta en åtgärd för att enligt 10 kap. miljöbalken avhjälpa en miljöskada ska ha rätt till tillträde till fastigheten, byggnaden eller anläggningen under en viss tid.&lt;/p&gt;&lt;p&gt;Fru talman! Jag vill särskilt uppehålla mig vid det senare för att tydliggöra vilken typ av förändringar det är vi talar om här i dag. Från och med den 1 augusti 2019 blir det alltså lättare för den aktör som har ansvar för till exempel efterbehandling av en fastighet att de facto få tillträde till den och tillåtelse från länsstyrelsen att utföra sitt uppdrag i det fall fastighetsägaren sätter sig på tvären. Det kan te sig självklart i en rättsstat som Sverige sett till vad som faktiskt står på spel i dessa ärenden. Men i och med de föreslagna förändringarna ges ansvariga myndigheter ett mycket tydligare mandat i fråga om miljöskador. &lt;/p&gt;&lt;p&gt;I korthet är de föreslagna förändringarna ett adekvat svar på de lagändringar som har efterfrågats för att ansvariga myndigheter så långt det är möjligt ska kunna verka effektivt för att skydda oss människor men också vår värdefulla natur från skadlig påverkan. Det är såklart också viktigt att kunna mota sådan när skadan redan är skedd. &lt;/p&gt;&lt;p&gt;De föreslagna ändringarna är viktiga steg i ett ännu bättre skydd av våra ovärderliga gemensamma livsmiljöer. &lt;/p&gt;&lt;p&gt;Överläggningen var härmed avslutad. &lt;/p&gt;&lt;p&gt;(Beslut skulle fattas den 4 juni.)&lt;/p&gt;</anf_text><anf_beteckning datatype="string">2018/19:96-69</anf_beteckning><anf_nummer datatype="string">69</anf_nummer><talare datatype="string">Hanna Westerén (S)</talare><intressent_id datatype="string">0412148992926</intressent_id><parti datatype="string">S</parti><anf_rm datatype="string">2018/19</anf_rm></anforande>
</debatt></dokumentstatus>