<dokumentstatus>
  <dokument>
    <hangar_id datatype="int32">5017186</hangar_id>
    <dok_id datatype="string">H601JuU18</dok_id>
    <rm datatype="string">2018/19</rm>
    <beteckning datatype="string">JuU18</beteckning>
    <typ datatype="string">bet</typ>
    <subtyp datatype="string">bet</subtyp>
    <doktyp datatype="string">bet</doktyp>
    <typrubrik datatype="string">Betänkande 2018/19:JuU18</typrubrik>
    <dokumentnamn datatype="string">Betänkande</dokumentnamn>
    <debattnamn datatype="string">Debatt om förslag</debattnamn>
    <tempbeteckning datatype="string"></tempbeteckning>
    <organ datatype="string">JuU</organ>
    <mottagare datatype="string"></mottagare>
    <nummer datatype="int32">18</nummer>
    <slutnummer datatype="int32">0</slutnummer>
    <datum datatype="datetime">2019-03-14 00:00:00</datum>
    <systemdatum datatype="datetime">2019-04-23 18:23:17</systemdatum>
    <publicerad datatype="datetime">2019-01-28 15:35:29</publicerad>
    <titel datatype="string">Anpassning av lagen om passagerarregister till EU:s dataskyddsreform</titel>
    <subtitel datatype="string"></subtitel>
    <status datatype="string">Webbpublicering</status>
    <htmlformat datatype="string">html</htmlformat>
    <relaterat_id datatype="string"></relaterat_id>
    <source datatype="string">RIM</source>
    <sourceid datatype="string">8f4d18d3-e2c6-4e67-bd41-8d2f7fac1f25</sourceid>
    <dokument_url_text datatype="stext">http://data.riksdagen.se/dokument/H601JuU18/text</dokument_url_text>
    <dokument_url_html datatype="stext">http://data.riksdagen.se/dokument/H601JuU18</dokument_url_html>
    <dokumentstatus_url_xml datatype="stext">http://data.riksdagen.se/dokumentstatus/H601JuU18</dokumentstatus_url_xml>
    <utskottsforslag_url_xml datatype="stext">http://data.riksdagen.se/utskottsforslag/H601JuU18</utskottsforslag_url_xml>
    <html datatype="text">&lt;style&gt;&lt;!--
 .w600px{width: 600px;font-family:Verdana, Geneva, sans-serif}
h2.dtyp{font-size:1.5em !important;} 
/********************************************************************************************************/
/* Styles for D:\Logs\DocumentConverter\\Output_f7f05743-a92d-457b-b096-7a5a56b7cb95\HTML\Dokument.html */
/* Generated by Aspose.Words for .NET 15.3.0.0                                                          */
/********************************************************************************************************/

@page Section1 { size:467.8pt 686.05pt; margin:45.35pt 102.05pt 73.7pt 70.85pt }
div.Section1 { page:Section1 }
zbody { text-align:justify; line-height:12.5pt; font-family:'Verdana'; font-size:9.5pt }
zh1, h2, h3, h4, h5, h6, p { margin:3.1pt 0pt 0pt }
zli, table { margin-top:3.1pt; margin-bottom:0pt }
zh1 { margin-top:3.1pt; margin-bottom:12pt; text-align:left; page-break-after:avoid; line-height:12.5pt; font-family:'Verdana'; font-size:16pt; font-weight:normal }
zh2 { margin-top:20pt; margin-bottom:6pt; text-align:left; page-break-inside:avoid; page-break-after:avoid; line-height:12.5pt; font-family:'Verdana'; font-size:13.5pt; font-weight:normal }
zh3 { margin-top:20pt; margin-bottom:3.1pt; text-align:left; page-break-inside:avoid; page-break-after:avoid; line-height:12.5pt; font-family:'Verdana'; font-size:10.5pt; font-weight:bold }
zh4 { margin-top:15pt; margin-bottom:3.1pt; text-align:left; page-break-inside:avoid; page-break-after:avoid; line-height:12.5pt; font-family:'Verdana'; font-size:10.5pt; font-weight:normal; font-style:italic; color:#000000 }
zh5 { margin-top:6.25pt; margin-bottom:0pt; text-align:justify; page-break-inside:avoid; page-break-after:avoid; line-height:12.5pt; font-family:'Verdana'; font-size:9.5pt; font-weight:bold }
zh6 { margin-top:6.25pt; margin-bottom:0pt; text-align:justify; page-break-inside:avoid; page-break-after:avoid; line-height:12.5pt; font-family:'Verdana'; font-size:9.5pt; font-weight:normal; font-style:italic; color:#000000 }
.Heading7 { margin-top:2pt; margin-bottom:0pt; text-align:justify; page-break-inside:avoid; page-break-after:avoid; line-height:12.5pt; font-family:'Verdana'; font-size:9.5pt; font-weight:normal; font-style:italic; color:#243f60 }
.Heading8 { margin-top:2pt; margin-bottom:0pt; text-align:justify; page-break-inside:avoid; page-break-after:avoid; line-height:12.5pt; font-family:'Verdana'; font-size:9pt; font-weight:normal; color:#272727 }
.Heading9 { margin-top:2pt; margin-bottom:0pt; text-align:justify; page-break-inside:avoid; page-break-after:avoid; line-height:12.5pt; font-family:'Verdana'; font-size:9pt; font-weight:normal; font-style:italic; color:#272727 }
.Avsnittsrubrik { margin-top:0pt; margin-bottom:27.7pt; text-align:left; page-break-before:always; page-break-after:avoid; line-height:normal; font-family:'Verdana'; font-size:16pt }
.Avvikandemeningrubrik { margin-top:0pt; margin-bottom:3.1pt; text-align:left; page-break-inside:avoid; page-break-after:avoid; line-height:12.5pt; font-family:'Verdana'; font-size:10.5pt; font-weight:bold }
.BalloonText { margin-top:3.1pt; margin-bottom:0pt; text-align:justify; line-height:normal; font-family:Tahoma; font-size:8pt }
.Bilaga { margin-top:0pt; margin-bottom:0pt; text-align:left; page-break-before:always; page-break-after:avoid; line-height:normal; widows:0; orphans:0; font-family:'Verdana'; font-size:8pt; font-variant:small-caps; text-decoration:underline }
.Bilagerubrik { margin-top:0pt; margin-bottom:17.7pt; text-align:left; page-break-after:auto; line-height:normal; widows:0; orphans:0; font-family:'Verdana'; font-size:16pt }
.Bild-Rubrik { margin-top:8pt; margin-bottom:0pt; text-align:justify; page-break-inside:avoid; page-break-after:avoid; line-height:10pt; font-family:'Verdana'; font-size:9.5pt; font-weight:bold }
.Bild-Underrubrik { margin-top:0pt; margin-bottom:1pt; text-align:left; page-break-inside:avoid; page-break-after:avoid; line-height:8pt; font-family:'Verdana'; font-size:8pt; font-weight:normal; font-style:italic }
.BodyText { margin-top:3.1pt; margin-bottom:0pt; text-align:left; line-height:12.5pt; font-family:'Verdana'; font-size:9.5pt }
.BodyTextIndent2 { margin-top:3.1pt; margin-left:14.15pt; margin-bottom:6pt; text-align:justify; line-height:200%; font-family:'Verdana'; font-size:9.5pt }
.Citatindrag { margin-top:0pt; margin-left:14.2pt; margin-bottom:6.1pt; text-indent:14.2pt; text-align:justify; line-height:10pt; font-family:'Verdana'; font-size:9.5pt }
.CommentText { margin-top:3.1pt; margin-bottom:0pt; text-align:justify; line-height:normal; font-family:'Verdana'; font-size:10pt }
.Deltagare { margin-top:0pt; margin-bottom:0pt; text-align:justify; page-break-inside:avoid; page-break-after:avoid; line-height:9.5pt; font-family:'Verdana'; font-size:9.5pt }
.Diagram-Rubrik { margin-top:8pt; margin-bottom:0pt; text-align:justify; page-break-inside:avoid; page-break-after:avoid; line-height:10pt; font-family:'Verdana'; font-size:9.5pt; font-weight:bold }
.Diagram-Underrubrik { margin-top:0pt; margin-bottom:1pt; text-align:left; page-break-inside:avoid; page-break-after:avoid; line-height:8pt; font-family:'Verdana'; font-size:8pt; font-weight:normal; font-style:italic }
.DokumentRubrik { margin-top:6pt; margin-bottom:24pt; text-align:left; line-height:normal; border-bottom-style:solid; border-bottom-width:0.75pt; border-bottom-color:#000000; padding-bottom:4pt; font-family:'Verdana'; font-size:18pt }
.Dokumentbeteckning { margin-top:0pt; margin-bottom:0pt; text-align:left; page-break-inside:avoid; page-break-after:avoid; line-height:12.5pt; font-family:'Verdana'; font-size:16pt }
.Footer { margin-top:3.1pt; margin-bottom:0pt; text-align:justify; line-height:normal; font-family:'Verdana'; font-size:9.5pt }
.FootnoteText { margin-top:0pt; margin-bottom:0pt; text-align:justify; line-height:8pt; font-family:'Verdana'; font-size:8pt }
.Fotnotstextindrag { margin-top:0pt; margin-left:5.65pt; margin-bottom:0pt; text-align:left; line-height:8pt; font-family:'Verdana'; font-size:8pt }
.Frslagspunkt { margin-top:0pt; margin-bottom:0pt; text-align:left; page-break-inside:avoid; page-break-after:avoid; line-height:12.5pt; font-family:'Verdana'; font-size:9.5pt; font-weight:bold }
.Frslagstext { margin-top:0pt; margin-bottom:0pt; text-align:justify; line-height:12.5pt; font-family:'Verdana'; font-size:9.5pt }
.Frteckningsrubrik { margin-top:9.6pt; margin-bottom:3.1pt; text-align:left; page-break-inside:avoid; page-break-after:avoid; line-height:normal; font-family:'Verdana'; font-size:9.5pt; font-weight:normal; font-style:italic; color:#000000 }
.Grupprubrik { margin-top:6pt; margin-bottom:0pt; text-align:left; page-break-inside:avoid; page-break-after:avoid; line-height:12.5pt; font-family:'Verdana'; font-size:9.5pt; font-style:italic }
.Grupprubrikindrag { margin-top:6pt; margin-left:22.1pt; margin-bottom:0pt; text-align:left; page-break-inside:avoid; page-break-after:avoid; line-height:12.5pt; font-family:'Verdana'; font-size:9.5pt; font-style:italic }
.Header { margin-top:0pt; margin-bottom:0pt; text-align:justify; line-height:normal; font-family:'Verdana'; font-size:7.5pt; font-variant:small-caps }
.Innehllsfrteckning { margin-top:0pt; margin-bottom:17.7pt; text-align:left; page-break-before:always; page-break-after:auto; line-height:normal; font-family:'Verdana'; font-size:16pt }
.Kantrubrik { margin-top:0pt; margin-bottom:0pt; text-align:justify; line-height:normal; font-family:'Verdana'; font-size:7.5pt }
.ListBullet { margin-top:6.25pt; margin-left:17.85pt; margin-bottom:6.25pt; text-indent:-17.85pt; text-align:justify; line-height:12.5pt; font-family:'Verdana'; font-size:9.5pt }
.ListParagraph { margin-top:3.1pt; margin-left:28.35pt; margin-bottom:0pt; text-align:justify; line-height:12.5pt; font-family:'Verdana'; font-size:9.5pt }
.Litentext { margin-top:0pt; margin-bottom:0pt; text-align:justify; line-height:normal; font-family:'Verdana'; font-size:8pt }
.Mellanrubrik { margin-top:11pt; margin-bottom:3.1pt; text-align:left; page-break-after:avoid; line-height:12.5pt; font-family:'Verdana'; font-size:9.5pt; font-style:italic }
.Mellanrum { margin-top:0pt; margin-bottom:0pt; text-align:left; page-break-before:auto; page-break-after:auto; line-height:1pt; widows:0; orphans:0; font-family:'Verdana'; font-size:1pt; font-variant:small-caps; text-decoration:none; color:#ffffff }
.NormalIndent { margin-top:0pt; margin-bottom:0pt; text-indent:11.35pt; text-align:justify; line-height:12.5pt; font-family:'Verdana'; font-size:9.5pt }
.Normalinskjuten { margin-top:0pt; margin-left:22.1pt; margin-bottom:0pt; text-align:justify; line-height:12.5pt; font-family:'Verdana'; font-size:9.5pt }
.Normalinskjutenindrag { margin-top:0pt; margin-left:22.1pt; margin-bottom:0pt; text-indent:11.35pt; text-align:justify; line-height:12.5pt; font-family:'Verdana'; font-size:9.5pt }
.Normalinskjutenkursiv { margin-top:6pt; margin-bottom:0pt; line-height:normal; font-family:'Verdana'; font-size:10pt; font-style:italic }
.Normalkursiv { margin-top:3.1pt; margin-bottom:0pt; text-align:left; line-height:12.5pt; font-family:'Verdana'; font-size:9.5pt; font-style:italic }
.Normalruta { margin:3.1pt 5.65pt 0pt; text-align:justify; page-break-inside:avoid; page-break-after:avoid; line-height:12.5pt; border-top-style:solid; border-top-width:0.75pt; border-top-color:#000000; border-right-style:solid; border-right-width:0.75pt; border-right-color:#000000; border-left-style:solid; border-left-width:0.75pt; border-left-color:#000000; border-bottom-style:solid; border-bottom-width:0.75pt; border-bottom-color:#000000; padding-top:4pt; padding-right:4pt; padding-left:4pt; padding-bottom:4pt; font-family:'Verdana'; font-size:10.5pt }
.Normalrutafet { margin:3.1pt 5.65pt 0pt; text-align:justify; page-break-inside:avoid; page-break-after:avoid; line-height:12.5pt; border-top-style:solid; border-top-width:0.75pt; border-top-color:#000000; border-right-style:solid; border-right-width:0.75pt; border-right-color:#000000; border-left-style:solid; border-left-width:0.75pt; border-left-color:#000000; border-bottom-style:solid; border-bottom-width:0.75pt; border-bottom-color:#000000; padding-top:4pt; padding-right:4pt; padding-left:4pt; padding-bottom:4pt; font-family:'Verdana'; font-size:10.5pt; font-weight:bold }
.Normalrutaindrag { margin:0pt 5.65pt; text-indent:11.35pt; text-align:justify; page-break-inside:avoid; page-break-after:avoid; line-height:12.5pt; border-top-style:solid; border-top-width:0.75pt; border-top-color:#000000; border-right-style:solid; border-right-width:0.75pt; border-right-color:#000000; border-left-style:solid; border-left-width:0.75pt; border-left-color:#000000; border-bottom-style:solid; border-bottom-width:0.75pt; border-bottom-color:#000000; padding-top:4pt; padding-right:4pt; padding-left:4pt; padding-bottom:4pt; font-family:'Verdana'; font-size:10.5pt }
.Normalutanluftfre { margin-top:0pt; margin-bottom:0pt; text-align:justify; line-height:12.5pt; font-family:'Verdana'; font-size:9.5pt }
.NormalNoll { margin-top:0pt; margin-bottom:3.1pt; text-align:left; line-height:12.5pt; font-family:'Verdana'; font-size:10.5pt; font-weight:bold }
.NumlistaTOC { margin:3.1pt 28.35pt 0pt 0pt; text-indent:0pt; text-align:left; line-height:normal; font-family:'Verdana'; font-size:9.5pt }
.Ordfranden { margin-top:3.1pt; margin-bottom:22pt; text-align:left; page-break-inside:avoid; page-break-after:avoid; line-height:normal; font-family:'Verdana'; font-size:9.5pt; font-style:italic }
.OrtochDatum { margin-top:18pt; margin-bottom:18pt; text-align:left; page-break-inside:avoid; page-break-after:avoid; line-height:normal; font-family:'Verdana'; font-size:9.5pt }
.Punktlistabomb { margin-top:6.25pt; margin-left:14.2pt; margin-bottom:6.25pt; text-indent:-14.2pt; text-align:justify; line-height:12.5pt; font-family:'Verdana'; font-size:9.5pt }
.Punktlistagemener { margin-top:6.25pt; margin-left:14.2pt; margin-bottom:6.25pt; text-indent:-14.2pt; text-align:justify; line-height:12.5pt; font-family:'Verdana'; font-size:9.5pt }
.Punktlistalinje { margin-top:6.25pt; margin-left:14.2pt; margin-bottom:6.25pt; text-indent:-14.2pt; text-align:justify; line-height:12.5pt; font-family:'Verdana'; font-size:9.5pt }
.Punktlistasiffra { margin-top:6.25pt; margin-left:14.2pt; margin-bottom:6.25pt; text-indent:-14.2pt; text-align:justify; line-height:12.5pt; font-family:'Verdana'; font-size:9.5pt }
.PVgnar { margin-top:3.1pt; margin-bottom:26pt; text-align:left; page-break-inside:avoid; page-break-after:avoid; line-height:normal; font-family:'Verdana'; font-size:9.5pt }
.Quote { margin-top:6.1pt; margin-left:14.2pt; margin-bottom:0pt; text-align:justify; line-height:10pt; font-family:'Verdana'; font-size:9.5pt }
.R1 { margin-top:3.1pt; margin-bottom:12pt; text-align:left; page-break-after:avoid; line-height:12.5pt; font-family:'Verdana'; font-size:16pt }
.R1bilaga { margin-top:3.1pt; margin-bottom:12pt; text-align:left; page-break-after:auto; line-height:12.5pt; font-family:'Verdana'; font-size:16pt }
.R2 { margin-top:20pt; margin-bottom:6pt; text-align:left; page-break-inside:avoid; page-break-after:avoid; line-height:12.5pt; font-family:'Verdana'; font-size:13.5pt }
.R3 { margin-top:20pt; margin-bottom:3.1pt; text-align:left; page-break-inside:avoid; page-break-after:avoid; line-height:12.5pt; font-family:'Verdana'; font-size:10.5pt; font-weight:bold }
.R4 { margin-top:15pt; margin-bottom:3.1pt; text-align:left; page-break-inside:avoid; page-break-after:avoid; line-height:12.5pt; font-family:'Verdana'; font-size:10.5pt; font-weight:normal; font-style:italic; color:#000000 }
.R5 { margin-top:6.25pt; margin-bottom:0pt; text-align:justify; page-break-inside:avoid; page-break-after:avoid; line-height:12.5pt; font-family:'Verdana'; font-size:9.5pt; font-weight:bold }
.R6 { margin-top:6.25pt; margin-bottom:0pt; text-align:justify; page-break-inside:avoid; page-break-after:avoid; line-height:12.5pt; font-family:'Verdana'; font-size:9.5pt; font-weight:normal; font-style:italic; color:#000000 }
.Reservationshnvisning { margin-top:0pt; margin-bottom:8pt; text-align:right; line-height:12.5pt; font-family:'Verdana'; font-size:9.5pt; font-style:italic }
.Reservationsrubrik { margin-top:0pt; margin-bottom:3.1pt; text-align:left; page-break-inside:avoid; page-break-after:avoid; line-height:12.5pt; font-family:'Verdana'; font-size:10.5pt; font-weight:bold }
.Rubrik1Dokumentinformation { margin-top:0pt; margin-bottom:0pt; text-align:left; page-break-inside:avoid; page-break-after:avoid; line-height:12.5pt; font-family:'Verdana'; font-size:16pt }
.Rubrik1bilaga { margin-top:0pt; margin-bottom:27.7pt; text-align:left; page-break-after:auto; line-height:12.5pt; font-family:'Verdana'; font-size:16pt }
.Rubrik1medsidhuvud { margin-top:3.1pt; margin-bottom:12pt; text-align:left; page-break-before:always; page-break-after:avoid; line-height:12.5pt; font-family:'Verdana'; font-size:16pt }
.Rubrik1numrerat { margin-top:3.1pt; margin-left:0pt; margin-bottom:12pt; text-indent:0pt; text-align:left; page-break-after:avoid; line-height:12.5pt; font-family:'Verdana'; font-size:16pt }
.Rubrik1numreratmedsidhuvud { margin-top:0pt; margin-left:0pt; margin-bottom:16pt; text-indent:0pt; text-align:left; page-break-before:always; page-break-after:avoid; line-height:normal; font-family:'Verdana'; font-size:16pt }
.Rubrik2bilaga { margin-top:20pt; margin-bottom:6pt; text-align:left; page-break-inside:avoid; page-break-after:avoid; line-height:12.5pt; font-family:'Verdana'; font-size:13.5pt }
.Rubrik2numrerat { margin-top:20pt; margin-left:0pt; margin-bottom:6pt; text-indent:0pt; text-align:left; page-break-inside:avoid; page-break-after:avoid; line-height:12.5pt; font-family:'Verdana'; font-size:13.5pt }
.Rubrik3numrerat { margin-top:20pt; margin-left:0pt; margin-bottom:3.1pt; text-indent:0pt; text-align:left; page-break-inside:avoid; page-break-after:avoid; line-height:12.5pt; font-family:'Verdana'; font-size:10.5pt; font-weight:bold }
.Sammanfattning { margin-top:3.1pt; margin-bottom:12pt; text-align:left; page-break-after:auto; line-height:12.5pt; font-family:'Verdana'; font-size:16pt }
.Sidhuvudhgerstlld { margin-top:0pt; margin-bottom:0pt; text-align:right; line-height:normal; font-family:'Verdana'; font-size:7.5pt; font-variant:small-caps }
.Sidhuvudvnsterstlld { margin-top:0pt; margin-bottom:0pt; text-align:left; line-height:normal; font-family:'Verdana'; font-size:7.5pt; font-variant:small-caps }
.Stdrubrik { margin-top:12pt; margin-bottom:0pt; line-height:12pt; font-family:'Verdana'; font-size:9.5pt; font-weight:bold }
.Srskiltyttranderubrik { margin-top:0pt; margin-bottom:3.1pt; text-align:left; page-break-inside:avoid; page-break-after:avoid; line-height:12.5pt; font-family:'Verdana'; font-size:10.5pt; font-weight:bold }
.TOC1 { margin-top:0pt; margin-right:28.35pt; margin-bottom:0pt; text-align:left; line-height:normal; font-family:'Verdana'; font-size:9.5pt }
.TOC2 { margin:0pt 28.35pt 0pt 5.65pt; text-align:left; line-height:normal; font-family:'Verdana'; font-size:9.5pt }
.TOC3 { margin:0pt 28.35pt 0pt 11.35pt; text-align:left; line-height:normal; font-family:'Verdana'; font-size:9.5pt }
.TOC4 { margin:0pt 28.35pt 0pt 17pt; text-align:left; line-height:normal; font-family:'Verdana'; font-size:9.5pt }
.TOC5 { margin:0pt 28.35pt 0pt 22.7pt; text-align:left; line-height:normal; font-family:'Verdana'; font-size:9.5pt }
.TOC6 { margin-top:0pt; margin-left:47.65pt; margin-bottom:0pt; text-align:left; line-height:normal; font-family:'Verdana'; font-size:9.5pt }
.TOC7 { margin-top:0pt; margin-right:28.35pt; margin-bottom:0pt; text-align:left; line-height:normal; font-family:'Verdana'; font-size:9.5pt }
.TOC8 { margin-top:0pt; margin-right:28.35pt; margin-bottom:0pt; text-align:left; line-height:normal; font-family:'Verdana'; font-size:9.5pt }
.TOC9 { margin-top:0pt; margin-left:8.5pt; margin-bottom:0pt; text-align:left; line-height:normal; font-family:'Verdana'; font-size:9.5pt }
.TOCHeading { margin-top:3.1pt; margin-bottom:9pt; text-align:left; page-break-before:always; page-break-inside:avoid; page-break-after:avoid; line-height:12.5pt; font-family:'Verdana'; font-size:16pt }
.Tabell-Kolumnrubrik { margin-bottom:0pt; line-height:12pt; font-family:'Verdana'; font-size:8pt; font-weight:bold }
.Tabell-Klla { margin-top:2pt; margin-bottom:0pt; line-height:8pt; font-family:'Verdana'; font-size:7pt }
.Tabell-Radrubrik { margin-bottom:0pt; line-height:12pt; font-family:'Verdana'; font-size:8pt }
.Tabell-Rubrik { margin-top:12pt; margin-bottom:3pt; text-align:left; page-break-inside:avoid; page-break-after:avoid; line-height:10pt; font-family:'Verdana'; font-size:9pt; font-weight:bold }
.Tabell-Siffror { margin-bottom:0pt; text-align:right; line-height:12pt; font-family:'Verdana'; font-size:8pt }
.Tabell-Text { margin-bottom:0pt; line-height:12pt; font-family:'Verdana'; font-size:8pt }
.Tabell-Underrubrik { margin-top:0pt; margin-bottom:1pt; text-align:left; page-break-inside:avoid; page-break-after:avoid; line-height:8pt; font-family:'Verdana'; font-size:8pt; font-weight:normal; font-style:italic }
.TableofFigures { margin-top:3.1pt; margin-bottom:0pt; text-align:justify; line-height:normal; font-family:'Verdana'; font-size:9.5pt }
.TillX-utskottet { margin-top:0pt; margin-bottom:12pt; text-align:left; page-break-after:avoid; line-height:12.5pt; font-family:'Verdana'; font-size:16pt }
.Title { margin-top:3.1pt; margin-bottom:1pt; text-align:left; line-height:12pt; font-family:'Verdana'; font-size:20pt; letter-spacing:-0.5pt }
.Vapen { margin-top:0pt; margin-bottom:0pt; text-align:left; page-break-inside:avoid; page-break-after:avoid; line-height:12.5pt; font-family:'Verdana'; font-size:16pt }
.Yrkandelista { margin-top:3.1pt; margin-left:28.35pt; margin-bottom:0pt; text-indent:-28.35pt; text-align:justify; line-height:12.5pt; font-family:'Verdana'; font-size:9.5pt }
.YrkandelistaEtt { margin-top:3.1pt; margin-left:0pt; margin-bottom:0pt; text-indent:0pt; text-align:justify; line-height:12.5pt; font-family:'Verdana'; font-size:9.5pt }
span.BallongtextChar { font-family:Tahoma; font-size:8pt }
span.BilagaChar { font-family:'Verdana'; font-size:8pt; font-variant:small-caps; text-decoration:underline }
span.BrdtextChar { font-family:'Verdana'; font-size:9.5pt }
span.BrdtextChar1 { font-family:'Verdana'; font-size:9.5pt }
span.Brdtextmedindrag2Char { font-family:'Verdana'; font-size:9.5pt }
span.CitatChar { font-family:'Verdana'; font-size:9.5pt }
span.DokumentRubrikChar { font-family:'Verdana'; font-size:18pt }
span.FootnoteReference { vertical-align:super }
span.FotnotstextChar { font-family:'Verdana'; font-size:8pt }
span.FotnotstextindragChar { font-family:'Verdana'; font-size:8pt }
span.FrslagspunktChar { font-family:'Verdana'; font-size:9.5pt; font-weight:bold; font-style:normal }
span.Hyperlink { text-decoration:none; color:#000000 }
span.KommentarerChar { font-family:'Verdana'; font-size:10pt }
span.NormalkursivChar { font-family:'Verdana'; font-size:9.5pt; font-style:italic }
span.NormaltindragChar { font-family:'Verdana'; font-size:9.5pt }
span.OrdfrandenChar { font-family:'Verdana'; font-size:9.5pt; font-style:italic }
span.OrtochDatumChar { font-family:'Verdana'; font-size:9.5pt }
span.PlaceholderText { color:#808080 }
span.PVgnarChar { font-family:'Verdana'; font-size:9.5pt }
span.ReservationshnvisningChar { font-family:'Verdana'; font-size:9.5pt; font-style:italic }
span.Rubrik1Char { font-family:'Verdana'; font-size:16pt }
span.Rubrik1DokumentinformationChar { font-family:'Verdana'; font-size:16pt }
span.Rubrik2Char { font-family:'Verdana'; font-size:13.5pt }
span.Rubrik3Char { font-family:'Verdana'; font-size:10.5pt; font-weight:bold }
span.Rubrik4Char { font-family:'Verdana'; font-size:10.5pt; font-style:italic; color:#000000 }
span.Rubrik5Char { font-family:'Verdana'; font-size:9.5pt; font-weight:bold }
span.Rubrik6Char { font-family:'Verdana'; font-size:9.5pt; font-style:italic; color:#000000 }
span.Rubrik7Char { font-family:'Verdana'; font-size:9.5pt; font-style:italic; color:#243f60 }
span.Rubrik8Char { font-family:'Verdana'; font-size:9pt; color:#272727 }
span.Rubrik9Char { font-family:'Verdana'; font-size:9pt; font-style:italic; color:#272727 }
span.RubrikChar { font-family:'Verdana'; font-size:20pt; letter-spacing:-0.5pt }
span.SidfotChar { font-family:'Verdana'; font-size:9.5pt }
span.SidhuvudChar { font-family:'Verdana'; font-size:7.5pt; font-variant:small-caps }
span.Tabell-Upphjttecken { font-family:'Verdana'; font-variant:normal; text-decoration:none; text-transform:none; vertical-align:super; display:inline }
span.VapenChar { font-family:'Verdana'; font-size:16pt }
span.tBilagaJA { color:#000000 }
span.tSidrubrikJA { color:#000000 }
.TableGrid {  }
--&gt;&lt;/style&gt;

		&lt;div class="Section1"&gt;
			&lt;table cellspacing="0" cellpadding="0" style="border-collapse:collapse; margin-left:0pt"&gt;
				&lt;tr style="height:79.4pt"&gt;
					&lt;td style="vertical-align:top; width:297.7pt"&gt;
						&lt;p class="Rubrik1Dokumentinformation" style="margin-top:0pt; margin-bottom:0pt; text-align:left; page-break-inside:avoid; page-break-after:avoid; line-height:16pt"&gt;
							&lt;span style="font-family:'Verdana'; font-size:16pt; -aw-sdt-tag:ccUtskott; -aw-sdt-title:'utskottsnamn Dokumentegenskap'"&gt;Justitieutskottet&lt;/span&gt;&lt;span style="font-family:'Verdana'; font-size:16pt; -aw-sdt-tag:ccS; -aw-sdt-title:s"&gt;s&lt;/span&gt;&lt;span style="font-family:'Verdana'; font-size:16pt; -aw-sdt-tag:ccMellanslag; -aw-sdt-title:Mellanslag"&gt; &lt;/span&gt;&lt;a name="Utlatande"&gt;&lt;/a&gt;&lt;span style="font-family:'Verdana'; font-size:16pt"&gt;betänkande&lt;/span&gt;
						&lt;/p&gt;
						&lt;p class="Dokumentbeteckning" style="margin-top:0pt; margin-bottom:0pt; text-align:left; page-break-inside:avoid; page-break-after:avoid; line-height:16pt"&gt;
							&lt;span style="font-family:'Verdana'; font-size:16pt; -aw-sdt-tag:ccRiksmote; -aw-sdt-title:'riksmote Dokumentegenskap'"&gt;2018/19&lt;/span&gt;&lt;span style="font-family:'Verdana'; font-size:16pt; -aw-sdt-tag:ccKolon; -aw-sdt-title:Kolon"&gt;:&lt;/span&gt;&lt;a name="Utskottebeteckning"&gt;&lt;/a&gt;&lt;span style="font-family:'Verdana'; font-size:16pt"&gt;JuU18&lt;/span&gt;
						&lt;/p&gt;
						&lt;p class="Rubrik1Dokumentinformation" style="margin-top:0pt; margin-bottom:0pt; text-align:left; page-break-inside:avoid; page-break-after:avoid; line-height:16pt"&gt;
							&lt;span style="font-family:'Verdana'; font-size:16pt"&gt; &lt;/span&gt;
						&lt;/p&gt;
					&lt;/td&gt;
				&lt;/tr&gt;
			&lt;/table&gt;
			&lt;p class="DokumentRubrik" style="-aw-sdt-tag:ccDokumentrubrik; -aw-sdt-title:'dokumentrubrik Dokumentegenskap'"&gt;
				&lt;span&gt;Anpassning av lagen om passagerarregister till EU:s dataskyddsreform&lt;/span&gt;
			&lt;/p&gt;
			&lt;p class="Sammanfattning"&gt;
				&lt;span class="tSidrubrikJA"&gt;Sammanfattning&lt;/span&gt;
			&lt;/p&gt;
			&lt;p&gt;
				&lt;span&gt;Utskottet&lt;/span&gt;&lt;span&gt; &lt;/span&gt;&lt;span&gt;ställer sig bakom regeringens förslag till &lt;/span&gt;&lt;span&gt;ändringar i lagen om passagerarregiste&lt;/span&gt;&lt;span&gt;r och utlänningslagen&lt;/span&gt;&lt;span&gt;.&lt;/span&gt;&lt;span&gt; Lagändringarna syftar till att dels anpassa lagstiftningen till EU:s dataskyddsreform, dels göra regleringen mer ändamålsenlig. Lagändringarna föreslås träda i kraft den 1 maj 2019.&lt;/span&gt;
			&lt;/p&gt;
			&lt;p class="NormalIndent"&gt;
				&lt;span&gt;Utskottet föreslår även ett tillkännagivande med anledning av ett motionsyrkande. Enligt utskottet bör &lt;/span&gt;&lt;span&gt;regeringen &lt;/span&gt;&lt;span&gt;vidta åtgärder för att ge &lt;/span&gt;&lt;span&gt;Tullverket direktåtkomst till personuppgifter&lt;/span&gt;&lt;span&gt;na&lt;/span&gt;&lt;span&gt; i passagerar&lt;/span&gt;&lt;span&gt;r&lt;/span&gt;&lt;span&gt;egist&lt;/span&gt;&lt;span&gt;ret&lt;/span&gt;&lt;span&gt;.&lt;/span&gt;
			&lt;/p&gt;
			&lt;p class="NormalIndent"&gt;
				&lt;span&gt;I ärendet finns ett särskilt yttrande (V).&lt;/span&gt;
			&lt;/p&gt;
			&lt;p class="R4"&gt;
				&lt;span&gt;Behandlade förslag&lt;/span&gt;
			&lt;/p&gt;
			&lt;p&gt;
				&lt;span&gt;Proposition 2018/19:37 Anpassning av lagen om passagerarregister till EU:s dataskyddsreform.&lt;/span&gt;
			&lt;/p&gt;
			&lt;p class="NormalIndent" style="text-indent:0pt"&gt;
				&lt;span&gt;Ett yrkande i en följdmotion.&lt;/span&gt;
			&lt;/p&gt;
			&lt;p&gt;
				&lt;span&gt; &lt;/span&gt;
			&lt;/p&gt;
			&lt;p class="Innehllsfrteckning"&gt;
				&lt;a name="Innehållsförteckning"&gt;&lt;/a&gt;&lt;span class="tSidrubrikJA"&gt;Innehållsförteckning&lt;/span&gt;
			&lt;/p&gt;
			&lt;p class="TOC1"&gt;
				&lt;a style="color:#000000" href="#_Toc3457680"&gt;&lt;span class="Hyperlink"&gt;Utskottets förslag till riksdagsbeslut&lt;/span&gt;&lt;/a&gt;
			&lt;/p&gt;
			&lt;p class="TOC1"&gt;
				&lt;a style="color:#000000" href="#_Toc3457681"&gt;&lt;span class="Hyperlink"&gt;Redogörelse för ärendet&lt;/span&gt;&lt;/a&gt;
			&lt;/p&gt;
			&lt;p class="TOC1"&gt;
				&lt;a style="color:#000000" href="#_Toc3457682"&gt;&lt;span class="Hyperlink"&gt;Utskottets överväganden&lt;/span&gt;&lt;/a&gt;
			&lt;/p&gt;
			&lt;p class="TOC2"&gt;
				&lt;a style="color:#000000" href="#_Toc3457683"&gt;&lt;span class="Hyperlink"&gt;Anpassning av lagen om passagerarregister till EU:s dataskyddsreform&lt;/span&gt;&lt;/a&gt;
			&lt;/p&gt;
			&lt;p class="TOC1"&gt;
				&lt;a style="color:#000000" href="#_Toc3457684"&gt;&lt;span class="Hyperlink"&gt;Särskilt yttrande&lt;/span&gt;&lt;/a&gt;
			&lt;/p&gt;
			&lt;p class="TOC7" style="margin-left:5.65pt"&gt;
				&lt;a style="color:#000000" href="#_Toc3457685"&gt;&lt;span class="Hyperlink"&gt;Anpassning av lagen om passagerarregister till EU:s dataskyddsreform, punkt 1 (V)&lt;/span&gt;&lt;/a&gt;
			&lt;/p&gt;
			&lt;p class="TOC8"&gt;
				&lt;span class="Hyperlink" style="font-style:italic"&gt;Bilaga 1&lt;/span&gt;&lt;br /&gt;&lt;a style="color:#000000" href="#_Toc3457686"&gt;&lt;span class="Hyperlink"&gt;Förteckning över behandlade förslag&lt;/span&gt;&lt;/a&gt;
			&lt;/p&gt;
			&lt;p class="TOC9"&gt;
				&lt;a style="color:#000000" href="#_Toc3457687"&gt;&lt;span class="Hyperlink"&gt;Propositionen&lt;/span&gt;&lt;/a&gt;
			&lt;/p&gt;
			&lt;p class="TOC9"&gt;
				&lt;a style="color:#000000" href="#_Toc3457688"&gt;&lt;span class="Hyperlink"&gt;Följdmotionen&lt;/span&gt;&lt;/a&gt;
			&lt;/p&gt;
			&lt;p class="TOC8"&gt;
				&lt;span class="Hyperlink" style="font-style:italic"&gt;Bilaga 2&lt;/span&gt;&lt;br /&gt;&lt;a style="color:#000000" href="#_Toc3457689"&gt;&lt;span class="Hyperlink"&gt;Regeringens lagförslag&lt;/span&gt;&lt;/a&gt;
			&lt;/p&gt;
			&lt;p&gt;
			&lt;/p&gt;
			&lt;p&gt;
				&lt;span&gt; &lt;/span&gt;
			&lt;/p&gt;
			&lt;p class="NormalIndent"&gt;
				&lt;span&gt; &lt;/span&gt;
			&lt;/p&gt;
			&lt;p class="Avsnittsrubrik"&gt;
				&lt;a name="StopCC"&gt;&lt;/a&gt;&lt;a name="_Toc3457680"&gt;&lt;span style="-aw-bookmark-end:StopCC"&gt;&lt;/span&gt;&lt;span class="tSidrubrikJA"&gt;Utskottets förslag till riksdagsbeslut&lt;/span&gt;&lt;/a&gt;
			&lt;/p&gt;
			&lt;p class="Mellanrum"&gt;
				&lt;span&gt; &lt;/span&gt;
			&lt;/p&gt;
			&lt;p class="Mellanrum"&gt;
				&lt;span&gt; &lt;/span&gt;
			&lt;/p&gt;
			&lt;table cellspacing="0" cellpadding="0" style="border-collapse:collapse; margin-left:0pt; width:294.2pt"&gt;
				&lt;tr&gt;
					&lt;td style="vertical-align:top; width:22pt"&gt;
						&lt;p style="margin-top:3.1pt; margin-bottom:0pt; text-align:justify; page-break-inside:avoid; page-break-after:avoid; line-height:12.5pt"&gt;
							&lt;span style="font-family:'Verdana'; font-size:10.5pt; font-weight:bold"&gt;1.&lt;/span&gt;
						&lt;/p&gt;
					&lt;/td&gt;
					&lt;td style="vertical-align:top; width:272.2pt"&gt;
						&lt;p style="margin-top:3.1pt; margin-bottom:0pt; text-align:justify; page-break-inside:avoid; page-break-after:avoid; line-height:12.5pt"&gt;
							&lt;span style="font-family:'Verdana'; font-size:10.5pt; font-weight:bold"&gt;Anpassning av lagen om passagerarregister till EU:s dataskyddsreform&lt;/span&gt;
						&lt;/p&gt;
					&lt;/td&gt;
				&lt;/tr&gt;
			&lt;/table&gt;
			&lt;p class="Normalinskjuten" style="-aw-sdt-tag:'dokumentavsnitt/utskottets förslag till riksdagsbeslut/-2094522646/1552560852130'; -aw-sdt-title:'utskottets förslag till riksdagsbeslut'"&gt;
				&lt;span&gt;Riksdagen antar regeringens förslag till&lt;/span&gt;
			&lt;/p&gt;
			&lt;p class="Normalinskjutenindrag" style="-aw-sdt-tag:'dokumentavsnitt/utskottets förslag till riksdagsbeslut/-2094522646/1552560852130'; -aw-sdt-title:'utskottets förslag till riksdagsbeslut'"&gt;
				&lt;span&gt;1. lag om ändring i lagen (2006:444) om passagerarregister,&lt;/span&gt;
			&lt;/p&gt;
			&lt;p class="Normalinskjutenindrag" style="-aw-sdt-tag:'dokumentavsnitt/utskottets förslag till riksdagsbeslut/-2094522646/1552560852130'; -aw-sdt-title:'utskottets förslag till riksdagsbeslut'"&gt;
				&lt;span&gt;2. lag om ändring i utlänningslagen (2005:716).&lt;/span&gt;
			&lt;/p&gt;
			&lt;p class="Normalinskjutenindrag" style="text-indent:11.3pt; -aw-sdt-tag:'dokumentavsnitt/utskottets förslag till riksdagsbeslut/-2094522646/1552560852130'; -aw-sdt-title:'utskottets förslag till riksdagsbeslut'"&gt;
				&lt;span&gt;Därmed bifaller riksdagen proposition 2018/19:37 punkterna 1 och 2.&lt;/span&gt;
			&lt;/p&gt;
			&lt;p class="Mellanrum" style="-aw-sdt-tag:'dokumentavsnitt/utskottets förslag till riksdagsbeslut/-2094522646/1552560852130'; -aw-sdt-title:'utskottets förslag till riksdagsbeslut'"&gt;
				&lt;span&gt; &lt;/span&gt;
			&lt;/p&gt;
			&lt;table cellspacing="0" cellpadding="0" style="border-collapse:collapse; margin-left:0pt; width:294.2pt"&gt;
				&lt;tr&gt;
					&lt;td style="vertical-align:top; width:22pt"&gt;
						&lt;p style="margin-top:11pt; margin-bottom:0pt; text-align:justify; page-break-inside:avoid; page-break-after:avoid; line-height:12.5pt"&gt;
							&lt;span style="font-family:'Verdana'; font-size:10.5pt; font-weight:bold"&gt;2.&lt;/span&gt;
						&lt;/p&gt;
					&lt;/td&gt;
					&lt;td style="vertical-align:top; width:272.2pt"&gt;
						&lt;p style="margin-top:11pt; margin-bottom:0pt; text-align:justify; page-break-inside:avoid; page-break-after:avoid; line-height:12.5pt"&gt;
							&lt;span style="font-family:'Verdana'; font-size:10.5pt; font-weight:bold"&gt;Direktåtkomst för Tullverket&lt;/span&gt;
						&lt;/p&gt;
					&lt;/td&gt;
				&lt;/tr&gt;
			&lt;/table&gt;
			&lt;p class="Normalinskjuten" style="-aw-sdt-tag:'dokumentavsnitt/utskottets förslag till riksdagsbeslut/-2094522646/1552560852130'; -aw-sdt-title:'utskottets förslag till riksdagsbeslut'"&gt;
				&lt;span&gt;Riksdagen ställer sig bakom det som utskottet anför om att ge Tullverket&lt;/span&gt;&lt;span&gt; &lt;/span&gt;&lt;span&gt;direktåtkomst till personuppgifterna i passagerarregistret och tillkännager detta för regeringen.&lt;/span&gt;
			&lt;/p&gt;
			&lt;p class="Normalinskjutenindrag" style="text-indent:11.3pt; -aw-sdt-tag:'dokumentavsnitt/utskottets förslag till riksdagsbeslut/-2094522646/1552560852130'; -aw-sdt-title:'utskottets förslag till riksdagsbeslut'"&gt;
				&lt;span&gt;Därmed bifaller riksdagen motion &lt;/span&gt;
			&lt;/p&gt;
			&lt;p class="Normalinskjuten" style="-aw-sdt-tag:'dokumentavsnitt/utskottets förslag till riksdagsbeslut/-2094522646/1552560852130'; -aw-sdt-title:'utskottets förslag till riksdagsbeslut'"&gt;
				&lt;span&gt;2018/19:3024 av Johan Pehrson och Jonny Cato Hansson (L, C).&lt;/span&gt;
			&lt;/p&gt;
			&lt;p class="Mellanrum" style="-aw-sdt-tag:'dokumentavsnitt/utskottets förslag till riksdagsbeslut/-2094522646/1552560852130'; -aw-sdt-title:'utskottets förslag till riksdagsbeslut'"&gt;
				&lt;span&gt; &lt;/span&gt;
			&lt;/p&gt;
			&lt;p class="OrtochDatum" style="-aw-sdt-tag:'dokumentavsnitt/utskottets förslag till riksdagsbeslut/-2094522646/1552560852130'; -aw-sdt-title:'utskottets förslag till riksdagsbeslut'"&gt;
				&lt;span&gt;Stockholm den 14 mars 2019&lt;/span&gt;
			&lt;/p&gt;
			&lt;p class="PVgnar" style="-aw-sdt-tag:'dokumentavsnitt/utskottets förslag till riksdagsbeslut/-2094522646/1552560852130'; -aw-sdt-title:'utskottets förslag till riksdagsbeslut'"&gt;
				&lt;span&gt;På justitieutskottets vägnar&lt;/span&gt;
			&lt;/p&gt;
			&lt;p class="Ordfranden" style="-aw-sdt-tag:'dokumentavsnitt/utskottets förslag till riksdagsbeslut/-2094522646/1552560852130'; -aw-sdt-title:'utskottets förslag till riksdagsbeslut'"&gt;
				&lt;span&gt;Fredrik Lundh Sammeli&lt;/span&gt;
			&lt;/p&gt;
			&lt;p class="Deltagare" style="-aw-sdt-tag:'dokumentavsnitt/utskottets förslag till riksdagsbeslut/-2094522646/1552560852130'; -aw-sdt-title:'utskottets förslag till riksdagsbeslut'"&gt;
				&lt;span&gt;Följande ledamöter har deltagit i beslutet: Fredrik Lundh Sammeli (S), Andreas Carlson (KD), Johan Forssell (M), Petter Löberg (S), Adam Marttinen (SD), Maria Strömkvist (S), Linda Westerlund Snecker (V), Louise Meijer (M), Katja Nyberg (SD), Joakim Sandell (S), Carina Ödebrink (S), Juno Blom (L), Rasmus Ling (MP), Ingemar Kihlström (KD), Josefin Malmqvist (M), Jonny Cato Hansson (C) och Lars Andersson (SD).&lt;/span&gt;
			&lt;/p&gt;
			&lt;p class="Mellanrum" style="-aw-sdt-tag:'dokumentavsnitt/utskottets förslag till riksdagsbeslut/-2094522646/1552560852130'; -aw-sdt-title:'utskottets förslag till riksdagsbeslut'"&gt;
				&lt;span&gt; &lt;/span&gt;
			&lt;/p&gt;
			&lt;p class="Mellanrum" style="-aw-sdt-tag:'dokumentavsnitt/utskottets förslag till riksdagsbeslut/-2094522646/1552560852130'; -aw-sdt-title:'utskottets förslag till riksdagsbeslut'"&gt;
				&lt;span&gt; &lt;/span&gt;
			&lt;/p&gt;
			&lt;p class="Mellanrum" style="-aw-sdt-tag:'dokumentavsnitt/utskottets förslag till riksdagsbeslut/-2094522646/1552560852130'; -aw-sdt-title:'utskottets förslag till riksdagsbeslut'"&gt;
				&lt;span style="font-size:9.5pt"&gt; &lt;/span&gt;
			&lt;/p&gt;
			&lt;p&gt;
				&lt;span&gt; &lt;/span&gt;
			&lt;/p&gt;
			&lt;p class="Avsnittsrubrik"&gt;
				&lt;a name="SlutUtskottsForslag"&gt;&lt;/a&gt;&lt;a name="_Toc3457681"&gt;&lt;span style="-aw-bookmark-end:SlutUtskottsForslag"&gt;&lt;/span&gt;&lt;span class="tSidrubrikJA"&gt;Redogörelse för ärendet&lt;/span&gt;&lt;/a&gt;
			&lt;/p&gt;
			&lt;p&gt;
				&lt;span&gt;I betänkandet behandlar utskottet proposition 2018/19:37 &lt;/span&gt;&lt;span&gt;Anpassning av lagen om passagerarregister till EU:s dataskyddsreform&lt;/span&gt;&lt;span&gt;. &lt;/span&gt;&lt;span&gt;Regeringen föreslår vissa &lt;/span&gt;&lt;span&gt;ändringar i lagen (2006:444) om passagerarregister och utlänningslagen (2005:716). &lt;/span&gt;&lt;span&gt;Lagändringarna syftar till att dels anpassa lagstiftningen till EU:s dataskyddsreform, dels göra regleringen mer ändamålsenlig.&lt;/span&gt;&lt;span&gt; &lt;/span&gt;&lt;span&gt;Regeringens förslag till riksdagsbeslut återges i bilaga 1. &lt;/span&gt;&lt;span&gt;Regeringens lagförslag finns i bilaga 2.&lt;/span&gt;
			&lt;/p&gt;
			&lt;p class="NormalIndent"&gt;
				&lt;span&gt;En &lt;/span&gt;&lt;span&gt;motion&lt;/span&gt;&lt;span&gt; har väckts med anledning av propositionen. Förslaget i motionen finns i bilaga 1.&lt;/span&gt;
			&lt;/p&gt;
			&lt;p&gt;
				&lt;span&gt; &lt;/span&gt;
			&lt;/p&gt;
			&lt;p&gt;
				&lt;span&gt; &lt;/span&gt;
			&lt;/p&gt;
			&lt;p class="Avsnittsrubrik"&gt;
				&lt;a name="_Toc3457682"&gt;&lt;span class="tSidrubrikJA"&gt;Utskottets överväganden&lt;/span&gt;&lt;/a&gt;
			&lt;/p&gt;
			&lt;h2 style="-aw-sdt-tag:5a86a2b8-1bef-495e-89fd-a4b2145ce1c8/förslagsrutor/-1599172761/1550153202033; -aw-sdt-title:förslagsrutor"&gt;
				&lt;a name="_Toc3457683"&gt;&lt;span&gt;Anpassning av lagen om passagerarregister till EU:s dataskyddsreform&lt;/span&gt;&lt;/a&gt;
			&lt;/h2&gt;
			&lt;div style="border-bottom-color:#000000; border-bottom-style:solid; border-bottom-width:0.75pt; border-left-color:#000000; border-left-style:solid; border-left-width:0.75pt; border-right-color:#000000; border-right-style:solid; border-right-width:0.75pt; border-top-color:#000000; border-top-style:solid; border-top-width:0.75pt; clear:both; margin:3.1pt 0.9pt 0pt"&gt;
				&lt;p class="Normalrutafet" style="margin:0pt; padding-right:4pt; padding-left:4pt"&gt;
					&lt;span style="-aw-bookmark-end:_Toc3457683"&gt;&lt;/span&gt;&lt;span&gt;Utskottets förslag i korthet&lt;/span&gt;
				&lt;/p&gt;
				&lt;p class="Normalruta" style="margin:0pt; padding-right:4pt; padding-left:4pt"&gt;
					&lt;span&gt;Riksdagen &lt;/span&gt;&lt;span&gt;antar regeringens förslag &lt;/span&gt;&lt;span&gt;till ändringar i lagen om passagerarregister och utlänningslagen. Lagändringarna syftar till att dels anpassa lagstiftningen till EU:s dataskyddsreform, dels göra regleringen mer ändamålsenlig.&lt;/span&gt;
				&lt;/p&gt;
				&lt;p class="Normalrutaindrag" style="margin:0pt; padding-right:4pt; padding-left:4pt"&gt;
					&lt;span&gt;Riksdagen gör vidare ett &lt;/span&gt;&lt;span&gt;tillkännagivande &lt;/span&gt;&lt;span&gt;om att regeringen bör&lt;/span&gt;&lt;span&gt; &lt;/span&gt;&lt;span&gt;vidta åtgärder för att &lt;/span&gt;&lt;span&gt;ge T&lt;/span&gt;&lt;span&gt;ullverket direktåtkomst till personuppgifterna i passagera&lt;/span&gt;&lt;span&gt;r&lt;/span&gt;&lt;span&gt;registret.&lt;/span&gt;
				&lt;/p&gt;
				&lt;p class="Normalrutaindrag" style="margin:0pt; padding-right:4pt; padding-left:4pt; padding-bottom:4pt"&gt;
					&lt;span style="-aw-sdt-tag:'5a86a2b8-1bef-495e-89fd-a4b2145ce1c8/förslagsrutor reservations text/-463941173/1552311739361'; -aw-sdt-title:'förslagsrutor reservations text'"&gt;Jämför det särskilda yttrandet (V).&lt;/span&gt;&lt;span style="-aw-sdt-tag:'5a86a2b8-1bef-495e-89fd-a4b2145ce1c8/förslagsrutor reservations text/-463941173/1552311739361'; -aw-sdt-title:'förslagsrutor reservations text'"&gt; &lt;/span&gt;
				&lt;/p&gt;
			&lt;/div&gt;
			&lt;p class="R3"&gt;
				&lt;span&gt;Bakgrund&lt;/span&gt;
			&lt;/p&gt;
			&lt;p class="R4" style="margin-top:6pt"&gt;
				&lt;span&gt;EU:s dataskyddsreform&lt;/span&gt;
			&lt;/p&gt;
			&lt;p&gt;
				&lt;span&gt;Europeiska unionens &lt;/span&gt;&lt;span&gt;(EU) &lt;/span&gt;&lt;span&gt;nya dataskyddsreglering består huvudsakligen av två rättsliga instrument. Det ena är dataskyddsförordningen&lt;/span&gt;&lt;a name="_ftnref1"&gt;&lt;/a&gt;&lt;a href="#_ftn1"&gt;&lt;span class="FootnoteReference" style="font-size:6.33pt"&gt;[1]&lt;/span&gt;&lt;/a&gt;&lt;span&gt; och det andra är dataskyddsdirektivet&lt;/span&gt;&lt;a name="_ftnref2"&gt;&lt;/a&gt;&lt;a href="#_ftn2"&gt;&lt;span class="FootnoteReference" style="font-size:6.33pt"&gt;[2]&lt;/span&gt;&lt;/a&gt;&lt;span&gt;. &lt;/span&gt;&lt;span&gt;Detta innebär bl.a. att &lt;/span&gt;&lt;span&gt;reglerna om personuppgiftsbehandling finns i två parallella regelverk.&lt;/span&gt;
			&lt;/p&gt;
			&lt;p class="NormalIndent"&gt;
				&lt;span&gt;D&lt;/span&gt;&lt;span&gt;ataskyddsförordningen utgör från och med den 25 maj 2018 grunden för generell personuppgiftsbehandling inom EU. Förordningen är direkt tillämplig i alla EU:s medlemsstater men förutsätter och möjliggör samtidigt kompletterande och specificerade nationella bestämmelser av olika slag. &lt;/span&gt;&lt;span&gt;I dataskyddslagen (2018:218) finns bestämmelser som kompletterar dataskyddsförordningen på ett generellt plan i svensk rätt. &lt;/span&gt;
			&lt;/p&gt;
			&lt;p class="NormalIndent"&gt;
				&lt;span&gt;Dataskyddsdirektivet innehåller bestämmelser om skydd för fysiska personer &lt;/span&gt;&lt;span&gt;när det gäller&lt;/span&gt;&lt;span&gt; behöriga myndigheters behandling av personuppgifter för att förebygga, förhindra, utreda, avslöja eller lagföra brott eller verkställa straffrättsliga påföljder. Även&lt;/span&gt;&lt;span&gt; en&lt;/span&gt;&lt;span&gt; sådan personuppgiftsbehandling som utförs av behöriga myndigheter för att skydda mot, förebygga och förhindra hot mot den allmänna säkerheten ingår i tillämpningsområdet. &lt;/span&gt;&lt;span&gt;D&lt;/span&gt;&lt;span&gt;ataskyddsdirektiv&lt;/span&gt;&lt;span&gt;et&lt;/span&gt;&lt;span&gt; genomför&lt;/span&gt;&lt;span&gt;de&lt;/span&gt;&lt;span&gt;s i huvudsak genom brottsdatalagen (2018:1177) som trädde i kraft den 1 augusti 2018. Brottsdatalagen är generellt tillämplig inom det &lt;/span&gt;&lt;span&gt;område som direktivet reglerar men subsidiär i förhå&lt;/span&gt;&lt;span&gt;llande till annan författning.&lt;/span&gt;
			&lt;/p&gt;
			&lt;p class="R4"&gt;
				&lt;span&gt;Lagen om passagerarregister&lt;/span&gt;
			&lt;/p&gt;
			&lt;p&gt;
				&lt;span&gt;Europeiska unionens råd antog den 29 april 2004 direktiv 2004/82/EG om skyldighet för transportörer att lämna uppgifter om passagerare, det s.k. API-direktivet&lt;/span&gt;&lt;span&gt; (API, &lt;/span&gt;&lt;span&gt;Advance&lt;/span&gt;&lt;span&gt; Passager Information, förhandsinformation om passagerare)&lt;/span&gt;&lt;span&gt;. I direktivet regleras flygtransportörers skyldighet att översända förhandsinformation om passagerare (API-uppgifter) till behöriga nationella myndigheter. Syftet med direktivet är att förbättra gränskontrollerna och att bekämpa olaglig invandring. Direktivet utgör också ett led i kampen mot terrorism. &lt;/span&gt;
			&lt;/p&gt;
			&lt;p class="NormalIndent"&gt;
				&lt;span&gt;API-direktivets bestämmelser om transportörers uppgiftsskyldighet har i Sverige genomförts genom bestämmelserna i 9 kap. 3 a–f §§ utlänningslagen (2005:716). Bestämmelserna innebär att en transportör som luftvägen transporterar passagerare till Sverige&lt;/span&gt;&lt;span&gt; ska &lt;/span&gt;&lt;span&gt;på begäran av Polismyndigheten överföra uppgifter om de ankommande passagerarna&lt;/span&gt;&lt;span&gt; &lt;/span&gt;&lt;span&gt;så snart incheckningen avslutats &lt;/span&gt;&lt;span&gt;om passagerarna kommer &lt;/span&gt;&lt;span&gt;direkt från en stat som inte tillhör Europeiska unionen och inte heller har slutit avtal om samarbete enligt Schengenkonventionen med konventionsstaterna&lt;/span&gt;&lt;span&gt;.&lt;/span&gt;&lt;span&gt; Informationen ska föras över till Polismyndigheten som ska spara uppgifterna i ett passagerarregister. Uppgiftsskyldigheten omfattar bl.a. namn, födelsedatum, medborgarskap, avgångs- och ankomsttid för transporten samt det totala antalet passagerare vid transporten. &lt;/span&gt;
			&lt;/p&gt;
			&lt;p class="NormalIndent"&gt;
				&lt;span&gt;Lagen om passagerarregister (2006:444) är en registerförfattning som reglerar hur API-uppgifterna som har förts över till Polismyndigheten får behandlas. &lt;/span&gt;&lt;span&gt;Av lagen framgår bl.a. att ändamålet med registret är att &lt;/span&gt;&lt;span&gt;underlätta verkställandet av personkontroller vid Sveriges gräns mot stater som inte tillhör Europeiska unionen och inte heller har träffat avtal om samarbete enligt Schengenkonventionen med konventionsstaterna&lt;/span&gt;&lt;span&gt; (4 §)&lt;/span&gt;&lt;span&gt;.&lt;/span&gt;&lt;span&gt; &lt;/span&gt;&lt;span&gt;Lagen innehåller &lt;/span&gt;&lt;span&gt;vidare &lt;/span&gt;&lt;span&gt;bestämmelser om utlämnande av uppgifter, direktåtkomst, rättelse och skadestånd. Lagen gäller i dag utöver personuppgiftslagen&lt;/span&gt;&lt;span&gt; (1998:204). &lt;/span&gt;&lt;span&gt;Om bestämmelserna i lagen om passagerarregister avviker från bestämmelserna i personuppgiftslagen ska alltså bestämmelserna i lagen om passagerarregister tillämpas.&lt;/span&gt;
			&lt;/p&gt;
			&lt;p class="R3"&gt;
				&lt;span&gt;Propositionen&lt;/span&gt;
			&lt;/p&gt;
			&lt;p&gt;
				&lt;span&gt;Behandlingen av personuppgifter enligt lagen om passagerarregister faller &lt;/span&gt;&lt;span&gt;enligt regeringen &lt;/span&gt;&lt;span&gt;inom både dataskyddsförordningens och brottsdatalagens tillämpningsområde&lt;/span&gt;&lt;span&gt;, eftersom syftet med personkontrollen kan vara såväl &lt;/span&gt;&lt;span&gt;att förbättra gränskontrollerna &lt;/span&gt;&lt;span&gt;som att &lt;/span&gt;&lt;span&gt;bekämpa olaglig invandring&lt;/span&gt;&lt;span&gt;.&lt;/span&gt;&lt;span&gt; &lt;/span&gt;&lt;span&gt;I det enskilda fallet blir det myndigheten och den handläggande tjänstemannen som får avgöra vilken lagstiftning som är tillämplig. &lt;/span&gt;&lt;span&gt;Det finns därför behov av att se &lt;/span&gt;&lt;span&gt;över vilka anpassningar av lagens bestämmelser som krävs i förhållande till båda regelverken&lt;/span&gt;&lt;span&gt;.&lt;/span&gt;
			&lt;/p&gt;
			&lt;p class="NormalIndent"&gt;
				&lt;span&gt;Inledningsvis konstaterar regeringen att &lt;/span&gt;&lt;span&gt;d&lt;/span&gt;&lt;span&gt;ataskyddsförordningen och brottsdatalagen ger utrymme för en sådan särskild reglering om behandling av personuppgifter som finns i lagen om passagerarregister.&lt;/span&gt;&lt;span&gt; &lt;/span&gt;&lt;span&gt;Många av bestämmelserna i &lt;/span&gt;&lt;span&gt;lagen om passagerarregister &lt;/span&gt;&lt;span&gt;är också förenliga med &lt;/span&gt;&lt;span&gt;dataskyddsförordningen och brottsdatalagen&lt;/span&gt;&lt;span&gt;. I några fall krävs dock &lt;/span&gt;&lt;span&gt;vissa&lt;/span&gt;&lt;span&gt; mindre lagändringar.&lt;/span&gt;
			&lt;/p&gt;
			&lt;p class="NormalIndent"&gt;
				&lt;span&gt;Bestämmelsen i lagen om passagerarregister om hur lagen förhåller sig till personuppgiftslagen ska upphävas&lt;/span&gt;&lt;span&gt;,&lt;/span&gt;&lt;span&gt; och alla hänvisningar till personuppgiftslagen ska tas bort&lt;/span&gt;&lt;span&gt; och i stället i&lt;/span&gt;&lt;span&gt;nförs en bestämmelse som klargör att lagen kompletterar EU:s dataskyddsförordning. Det införs också en bestämmelse som anger att dataskyddslagen och föreskrifter som har meddelats i anslutning till den lagen gäller, om inte annat följer av lagen om passagerarregister eller föreskrifter som har meddelats i anslutning till lagen.&lt;/span&gt;
			&lt;/p&gt;
			&lt;p class="NormalIndent"&gt;
				&lt;span&gt;Vidare införs en bestämmelse om att &lt;/span&gt;&lt;span&gt;brottsdatalagen och föreskrifter som har meddelats i anslutning till den lagen &lt;/span&gt;&lt;span&gt;ska &lt;/span&gt;&lt;span&gt;gäll&lt;/span&gt;&lt;span&gt;a &lt;/span&gt;&lt;span&gt;när &lt;/span&gt;&lt;span&gt;en behörig myndighet behandlar personuppgifter enligt lagen om passagerarregister för syften som faller inom brottsdatalagens tillämpningsområde, om inte annat följer av lagen om passagerarregister eller föreskrifter som har meddelats i anslutning till lagen.&lt;/span&gt;
			&lt;/p&gt;
			&lt;p class="NormalIndent"&gt;
				&lt;span&gt;När det gäller enskildas rättigheter upphävs b&lt;/span&gt;&lt;span&gt;estämmelsen om rättelse i lagen om passagerarregister&lt;/span&gt;&lt;span&gt; eftersom&lt;/span&gt;&lt;span&gt; bestämmelser om rättelse i dataskyddsförordningen och brottsdatalagen kommer att bli direkt tillämpliga.&lt;/span&gt;&lt;span&gt; &lt;/span&gt;&lt;span&gt;I lagens&lt;/span&gt;&lt;span&gt; &lt;/span&gt;&lt;span&gt;bestämmelse om skadestånd införs en hänvisning till brottsdatalagens bestämmelse om skadestånd. &lt;/span&gt;
			&lt;/p&gt;
			&lt;p class="NormalIndent"&gt;
				&lt;span&gt;Det införs en möjlighet att lämna ut personuppgifter ur passagerarregistret elektroniskt på annat sätt än genom direktåtkomst, om det inte är olämpligt. Regeringen ska genom föreskrifter kunna begränsa möjligheten att tillhandahålla personuppgifter på detta sätt. &lt;/span&gt;
			&lt;/p&gt;
			&lt;p class="NormalIndent"&gt;
				&lt;span&gt;Slutligen ska be&lt;/span&gt;&lt;span&gt;stämmelsen i utlänningslagen om transportörers skyldighet att informera passagerare enligt personuppgiftslagen upphävas&lt;/span&gt;&lt;span&gt;. Det finns inte längre något behov av dessa bestämmelser eftersom b&lt;/span&gt;&lt;span&gt;estämmelserna i dataskyddsförordningen om information och tillgång till personuppgifter är direkt tillämpliga.&lt;/span&gt;
			&lt;/p&gt;
			&lt;p class="NormalIndent"&gt;
				&lt;span&gt;De &lt;/span&gt;&lt;span&gt;förslag som är a&lt;/span&gt;&lt;span&gt;ktuella &lt;/span&gt;&lt;span&gt;innebär &lt;/span&gt;&lt;span&gt;enligt regeringen &lt;/span&gt;&lt;span&gt;en viss förstärkning av enskildas skydd för den personliga integriteten. Förslaget om att personuppgifter &lt;/span&gt;&lt;span&gt;i&lt;/span&gt;&lt;span&gt; passagerarregistret ska få lämnas ut elektroniskt på annat sätt än genom direktåtkomst om det inte är olämpligt ger möjlighet till ökat informationsutbyte mellan brottsbekämpande myndigheter, vilket är positivt för det brottsbekämpande arbetet. Förslagen förväntas inte få några andra konsekvenser.&lt;/span&gt;
			&lt;/p&gt;
			&lt;p class="NormalIndent"&gt;
				&lt;span&gt;Lagändringarna &lt;/span&gt;&lt;span&gt;föreslås&lt;/span&gt;&lt;span&gt; träda i kraft den 1 maj 2019.&lt;/span&gt;
			&lt;/p&gt;
			&lt;p class="R4"&gt;
				&lt;span&gt;Direktåtkomst&lt;/span&gt;
			&lt;/p&gt;
			&lt;p class="NormalIndent" style="text-indent:0pt"&gt;
				&lt;span&gt;Med direktåtkomst avses vanligtvis att någon har direkt tillgång till någon annans register eller databas och på egen hand kan söka efter information, dock utan att kunna påverka innehållet i registret eller databasen. Enligt Informationshanteringsutredningen bör direktåtkomst anses föreligga om en myndighet hos en annan myndighet har&lt;/span&gt;&lt;span&gt; en&lt;/span&gt;&lt;span&gt; sådan teknisk tillgång till upptagningar som avses i 2 kap. 3 § andra stycket tryckfrihetsförordningen, dvs. om upptagningen är tillgänglig för myndigheten med tekniskt hjälpmedel som myndigheten själv utnyttjar för överföring i sådan form att den kan läsas, avlyssnas eller på annat sätt uppfattas (SOU 2015:39 s. 390 f.).&lt;/span&gt;
			&lt;/p&gt;
			&lt;p class="NormalIndent"&gt;
				&lt;span&gt;I begreppet direktåtkomst ligger också att den som är personuppgiftsansvarig för &lt;/span&gt;&lt;span&gt;ett &lt;/span&gt;&lt;span&gt;regist&lt;/span&gt;&lt;span&gt;e&lt;/span&gt;&lt;span&gt;r eller &lt;/span&gt;&lt;span&gt;en &lt;/span&gt;&lt;span&gt;databas&lt;/span&gt;&lt;span&gt; &lt;/span&gt;&lt;span&gt;saknar kontroll över vilka uppgifter som den som har direktåtkomst vid ett visst tillfälle tar del av. Från integritetssynpunkt har det därför ansetts viktigt att frågor om tillgång till uppgifter genom direktåtkomst regleras särskilt i registerlagstiftningarna (se t.ex. prop. 2000/01:129 s. 73 f. och prop. 2001/02:144 s. 35 f.).&lt;/span&gt;
			&lt;/p&gt;
			&lt;p class="NormalIndent"&gt;
				&lt;span&gt;I 8 § lagen om passagerarregister anges att Säkerhetspolisen får ha direktåtkomst till personuppgifterna i passagerarregistret för &lt;/span&gt;&lt;span&gt;en &lt;/span&gt;&lt;span&gt;sådan verksamhet som avses i ändamålsbestämmelsen i 4 §. Regeringen får meddela föreskrifter om att även &lt;/span&gt;&lt;span&gt;en &lt;/span&gt;&lt;span&gt;annan myndighet får ha direktåtkomst till registret för &lt;/span&gt;&lt;span&gt;en &lt;/span&gt;&lt;span&gt;sådan verksamhet. Regeringen har inte utnyttjat sin föreskriftsrätt.&lt;/span&gt;
			&lt;/p&gt;
			&lt;p class="NormalIndent"&gt;
				&lt;span&gt;Av propositionen framgår att Tullverket i en skrivelse till regeringen har begärt att få direktåtkomst till personuppgifterna i passagera&lt;/span&gt;&lt;span&gt;r&lt;/span&gt;&lt;span&gt;regist&lt;/span&gt;&lt;span&gt;ret&lt;/span&gt;&lt;span&gt; på samma sätt som Säkerhetspolisen &lt;/span&gt;&lt;span&gt;har &lt;/span&gt;&lt;span&gt;i dag.&lt;/span&gt;&lt;span&gt; &lt;/span&gt;&lt;span&gt;Dessutom har &lt;/span&gt;&lt;span&gt;Polismyndigheten &lt;/span&gt;&lt;span&gt;i sitt remissvar anfört att det finns skäl att &lt;/span&gt;&lt;span&gt;bevilja&lt;/span&gt;&lt;span&gt; Tullverket direktåtkomst. Enligt Polismyndigheten kan &lt;/span&gt;&lt;span&gt;en &lt;/span&gt;&lt;span&gt;sådan åtkomst stärka Tullverkets möjligheter att bidra till att identifiera och ingripa mot internationella stöldligor&lt;/span&gt;&lt;span&gt;.&lt;/span&gt;
			&lt;/p&gt;
			&lt;p class="NormalIndent"&gt;
				&lt;span&gt;Regeringen konstaterar att&lt;/span&gt;&lt;span&gt; man &lt;/span&gt;&lt;span&gt;när &lt;/span&gt;&lt;span&gt;lagen om passagerarregister &lt;/span&gt;&lt;span&gt;infördes &lt;/span&gt;&lt;span&gt;resonerade &lt;/span&gt;&lt;span&gt;k&lt;/span&gt;&lt;span&gt;ring frågan om någon annan myndighet än polismyndigheterna, t.ex. Tullverket, borde kunna begära in passageraruppgifter från transportörerna samt ges direktåtkomst till registret (prop. 2005/06:129 s. 37 f. och s. 79). Det anfördes &lt;/span&gt;&lt;span&gt;då &lt;/span&gt;&lt;span&gt;bl.a. att polisen och Tullverket hade träffat en central överenskommelse om samverkan när det gäller person- och tullkontroll vid yttre gräns. Samtidigt påpekades att Tullverket inte helt hade övertagit ansvaret för personkontroll vid någon flygplats. Om Tullverket eller någon annan myndighet i framtiden skulle få ett sådant ansvar borde de enligt regeringen dock få samma befogenheter som polisen när det gäller möjligheten att begära in uppgifter samt ges direktåtkomst till registret. Regeringen gavs därför föreskrif&lt;/span&gt;&lt;span&gt;tsrätt om bl.a. direktåtkomst.&lt;/span&gt;
			&lt;/p&gt;
			&lt;p class="NormalIndent"&gt;
				&lt;span&gt;Vidare konstateras &lt;/span&gt;&lt;span&gt;proposition&lt;/span&gt;&lt;span&gt;en som är aktuell nu&lt;/span&gt;&lt;span&gt; &lt;/span&gt;&lt;span&gt;att det är Polismyndigheten som ansvarar för personkontrollen vid Sveriges yttre gräns. För närvarande bistår Tullverket Polismyndigheten endast i mycket begränsad omfattning vid personkontroller. Tullverket har inte heller övertagit ansvaret för personkontroll vid någon flygplats. &lt;/span&gt;
			&lt;/p&gt;
			&lt;p class="NormalIndent"&gt;
				&lt;span&gt;Mot denna bakgrund anser regeringen att &lt;/span&gt;&lt;span&gt;det för närvarande saknas skäl att frångå den bedömning som regeringen gjorde &lt;/span&gt;&lt;span&gt;när &lt;/span&gt;&lt;span&gt;lagen om passagerarregister&lt;/span&gt;&lt;span&gt; infördes&lt;/span&gt;&lt;span&gt; när det gäller Tullverkets möjlighet till direktåtkomst. För det fall Tullverket framöver i större utsträckning skulle bistå Polismyndigheten vid personkontroller finns &lt;/span&gt;&lt;span&gt;det &lt;/span&gt;&lt;span&gt;dock möjlighet att, enligt 8 § andra stycket&lt;/span&gt;&lt;span&gt; lagen om passagerarregister&lt;/span&gt;&lt;span&gt;,&lt;/span&gt;&lt;span&gt; &lt;/span&gt;&lt;span&gt;föreskriva i en &lt;/span&gt;&lt;span&gt;förordning att Tullverket får ha direktåtkomst till personuppgifterna i passagerarregistret. Det bör&lt;/span&gt;&lt;span&gt; dock enligt regeringen&lt;/span&gt;&lt;span&gt;, med anledning av Polismyndighetens remissvar, påpekas att &lt;/span&gt;&lt;span&gt;det &lt;/span&gt;&lt;span&gt;enligt lagens bestämmelser &lt;/span&gt;&lt;span&gt;inte är möjligt att använda &lt;/span&gt;&lt;span&gt;personuppgifterna för andra ändamål än för att underlätta verkställandet av personkontroller&lt;/span&gt;&lt;span&gt;. &lt;/span&gt;&lt;span&gt;En ändring av denna begränsning &lt;/span&gt;&lt;span&gt;kräver en större översyn som inte kan tas om hand inom ramen för denna anpassning av lagens bestämmel&lt;/span&gt;&lt;span&gt;ser till EU:s dataskyddsreform.&lt;/span&gt;
			&lt;/p&gt;
			&lt;p class="R3"&gt;
				&lt;span&gt;Motion&lt;/span&gt;&lt;span&gt;en&lt;/span&gt;
			&lt;/p&gt;
			&lt;p&gt;
				&lt;span&gt;I kommittémotion 2018/19:3024 av Johan Pehrson och Jonny Cato Hansson (L,&lt;/span&gt;&lt;span&gt; &lt;/span&gt;&lt;span&gt;C) begärs att Tullverket ska få direktåtkomst till personuppgifterna i passagerarregistret. Enligt motionärerna finns det ett påtagligt behov av att vidta åtgärder för att försvåra för bl.a. internationella stöldligor att bedriva brottslighet i Sverige. Genom att Tullverket får direktåtkomst till passagera&lt;/span&gt;&lt;span&gt;r&lt;/span&gt;&lt;span&gt;registret ges myndigheten bättre förutsättningar för sin brottsbekämpande verksamhet.&lt;/span&gt;
			&lt;/p&gt;
			&lt;p class="R3"&gt;
				&lt;span&gt;Utskottets ställningstagande&lt;/span&gt;
			&lt;/p&gt;
			&lt;p&gt;
				&lt;span&gt;Utskottet &lt;/span&gt;&lt;span&gt;konstaterar&lt;/span&gt;&lt;span&gt; &lt;/span&gt;&lt;span&gt;att det &lt;/span&gt;&lt;span&gt;i dag &lt;/span&gt;&lt;span&gt;endast är Säkerhetspolisen som har direktåtkomst till personuppgifterna i passage&lt;/span&gt;&lt;span&gt;r&lt;/span&gt;&lt;span&gt;ar&lt;/span&gt;&lt;span&gt;r&lt;/span&gt;&lt;span&gt;egistret. Regeringen har &lt;/span&gt;&lt;span&gt;visserligen &lt;/span&gt;&lt;span&gt;möjlighet att föreskriva att &lt;/span&gt;&lt;span&gt;även andra myndigheter &lt;/span&gt;&lt;span&gt;ska ha &lt;/span&gt;&lt;span&gt;rätt till direktåtkomst, men denna befogenhet har &lt;/span&gt;&lt;span&gt;man &lt;/span&gt;&lt;span&gt;hittills inte utnyttjat. &lt;/span&gt;&lt;span&gt;Som framkommer&lt;/span&gt;&lt;span&gt; ovan&lt;/span&gt;&lt;span&gt; har Tullverket begärt att få direktåtkomst till personuppgifterna i passagera&lt;/span&gt;&lt;span&gt;r&lt;/span&gt;&lt;span&gt;regist&lt;/span&gt;&lt;span&gt;ret&lt;/span&gt;&lt;span&gt; på samma sätt som Säkerhetspolisen&lt;/span&gt;&lt;span&gt; har&lt;/span&gt;&lt;span&gt; i dag. Vidare har Polismyndigheten i sitt remissvar anfört att det finns skäl att &lt;/span&gt;&lt;span&gt;bevilja&lt;/span&gt;&lt;span&gt; Tullverket &lt;/span&gt;&lt;span&gt;en &lt;/span&gt;&lt;span&gt;sådan &lt;/span&gt;&lt;span&gt;direktåtkomst.&lt;/span&gt;
			&lt;/p&gt;
			&lt;p class="NormalIndent"&gt;
				&lt;span&gt;Det finns inte minst av integritetsskäl anledning att vara restriktiv med att utöka myndigheters rätt till direktåtkomst till personuppgifter hos andra myndigheter. &lt;/span&gt;&lt;span&gt;Samtidigt konstaterar utskottet &lt;/span&gt;&lt;span&gt;att Tullverket &lt;/span&gt;&lt;span&gt;genom de lagändringar som nu föreslås&lt;/span&gt;&lt;span&gt; i normalfallet kommer att kunna få ut personuppgifter i passagerarregistret elektroniskt.&lt;/span&gt;&lt;span&gt; &lt;/span&gt;&lt;span&gt;D&lt;/span&gt;&lt;span&gt;en mest påtagliga effekten av &lt;/span&gt;&lt;span&gt;att inte ha rätt &lt;/span&gt;&lt;span&gt;till direktåtkomst blir därför att det tar längre tid för Tullverket att få tillgång till uppgifterna. Mot denna bakgrund anser utskottet att Tullverket bör ges &lt;/span&gt;&lt;span&gt;direktåtkomst till personuppgifterna i passagerarregistret&lt;/span&gt;&lt;span&gt;. Utskottet bedömer att detta, även med hänsyn tagen till ändamålsbestämmelsen i 4 § lagen om pasageraregister, ger Tullverket bättre förutsättningar att bekämpa bl.a. stöldligor. Utskottet föreslår att riksdagen &lt;/span&gt;&lt;span&gt;tillkännager detta för regeringen. Därmed tillstyrker utskottet motion 2018/19:3024 (L, C). &lt;/span&gt;
			&lt;/p&gt;
			&lt;p class="NormalIndent"&gt;
				&lt;span&gt;I övrigt anser u&lt;/span&gt;&lt;span&gt;tskottet&lt;/span&gt;&lt;span&gt; &lt;/span&gt;&lt;span&gt;att regeringens lagförslag &lt;/span&gt;&lt;span&gt;ä&lt;/span&gt;&lt;span&gt;r ändamålsenligt utformade&lt;/span&gt;&lt;span&gt; och att de bör antas. Utskottet tillstyrker således propositionen i sin helhet.&lt;/span&gt;&lt;span&gt; &lt;/span&gt;
			&lt;/p&gt;
			&lt;p class="NormalIndent"&gt;
				&lt;span&gt; &lt;/span&gt;
			&lt;/p&gt;
			&lt;p class="Avsnittsrubrik"&gt;
				&lt;a name="_Toc3457684"&gt;&lt;span class="tSidrubrikJA"&gt;Särskil&lt;/span&gt;&lt;span class="tSidrubrikJA"&gt;t&lt;/span&gt;&lt;span class="tSidrubrikJA"&gt; yttrande&lt;/span&gt;&lt;/a&gt;
			&lt;/p&gt;
			&lt;p class="Mellanrum"&gt;
				&lt;span&gt; &lt;/span&gt;
			&lt;/p&gt;
			&lt;table cellspacing="0" cellpadding="0" style="border-collapse:collapse; margin-left:0pt; width:294.2pt"&gt;
				&lt;tr&gt;
					&lt;td style="vertical-align:top"&gt;
						&lt;p class="Srskiltyttranderubrik" style="margin-top:0pt; margin-bottom:3.1pt; text-align:left; page-break-inside:avoid; page-break-after:avoid; line-height:12.5pt"&gt;
							&lt;a name="_Toc3457685"&gt;&lt;span style="font-family:'Verdana'; font-size:10.5pt; font-weight:bold"&gt;Anpassning av lagen om passagerarregister till EU:s dataskyddsreform, punkt 1 (V)&lt;/span&gt;&lt;/a&gt;
						&lt;/p&gt;
					&lt;/td&gt;
				&lt;/tr&gt;
			&lt;/table&gt;
			&lt;p style="page-break-inside:avoid; page-break-after:avoid; -aw-sdt-tag:'a4451463-c8c9-4b79-934c-10eb0ebbec80/särskilda yttranden/939796363/1552560852067'; -aw-sdt-title:'särskilda yttranden'"&gt;
				&lt;span&gt;Linda Westerlund Snecker (V) anför:&lt;/span&gt;
			&lt;/p&gt;
			&lt;p class="Mellanrum" style="-aw-sdt-tag:'a4451463-c8c9-4b79-934c-10eb0ebbec80/särskilda yttranden/939796363/1552560852067'; -aw-sdt-title:'särskilda yttranden'"&gt;
				&lt;span&gt; &lt;/span&gt;
			&lt;/p&gt;
			&lt;p&gt;
				&lt;span&gt; &lt;/span&gt;
			&lt;/p&gt;
			&lt;p&gt;
				&lt;span&gt;Vänsterpartiet var kritiskt till &lt;/span&gt;&lt;span&gt;att anta &lt;/span&gt;&lt;span&gt;API-direktivet och menade att&lt;/span&gt;&lt;span&gt; &lt;/span&gt;&lt;span&gt;det &lt;/span&gt;&lt;span&gt;innebär&lt;/span&gt;&lt;span&gt; &lt;/span&gt;&lt;span&gt;en skärpning av det s.k. transportöransvaret som kortsluter Genèvekonventionen och driver tran&lt;/span&gt;&lt;span&gt;s&lt;/span&gt;&lt;span&gt;portörerna till diskriminering på grund av ras och hudfärg.&lt;/span&gt;&lt;span&gt; Denna kritik kvarstår än i dag.&lt;/span&gt;
			&lt;/p&gt;
			&lt;p class="NormalIndent"&gt;
				&lt;span&gt;T&lt;/span&gt;&lt;span&gt;errorism är ett hot som måste tas på allvar, oavsett var i världen det sker. När terrorn visar sig i all sin grymhet och omänsklighet är det naturligt att det höjs rop på snabba åtgärder. En framstressad symbolpolitik som innebär långtgående inskränkningar av fri- och rättigheter, utan att ge intryck av att uppnå syftet som är att motverka terrorism, framstår dock inte som rätt väg att gå. Metoderna för att bekämpa och motverka terrorism måste vara effektiva, rättssäkra och väl avvägda.&lt;/span&gt;&lt;span&gt; &lt;/span&gt;&lt;span&gt;Jag anser att den form av massregistrering &lt;/span&gt;&lt;span&gt;av uppgifter om personer som inte är misstänkta för brott som &lt;/span&gt;&lt;span&gt;API-direktivet innebär inte &lt;/span&gt;&lt;span&gt;uppfyller dessa krav.&lt;/span&gt;
			&lt;/p&gt;
			&lt;p class="NormalIndent"&gt;
				&lt;span&gt;Även om jag således är kritisk till direktivet i sig konstaterar jag att det huvudsakliga syftet med de lagändringarna &lt;/span&gt;&lt;span&gt;som föreslås nu &lt;/span&gt;&lt;span&gt;är att genomföra de anpassningar som är nödvändiga med anledning av den nya dataskyddsregleringen. Jag har inget att erinra mot detta och kan därför ställa mig bakom regeringens&lt;/span&gt;&lt;span&gt; förslag till lagändringar.&lt;/span&gt;
			&lt;/p&gt;
			&lt;p class="NormalIndent"&gt;
				&lt;span&gt; &lt;/span&gt;
			&lt;/p&gt;
			&lt;p&gt;
				&lt;span&gt;.&lt;/span&gt;
			&lt;/p&gt;
			&lt;p&gt;
				&lt;span&gt; &lt;/span&gt;
			&lt;/p&gt;
			&lt;p class="Bilaga"&gt;
				&lt;span class="tBilagaJA"&gt;Bilaga 1&lt;/span&gt;
			&lt;/p&gt;
			&lt;p class="Bilagerubrik"&gt;
				&lt;a name="_Toc3457686"&gt;&lt;span class="tSidrubrikJA"&gt;Förteckning över behandlade förslag&lt;/span&gt;&lt;/a&gt;
			&lt;/p&gt;
			&lt;p class="Rubrik2bilaga" style="-aw-sdt-tag:'dokumentavsnitt/förteckning över behandlade förslag/-885639929/1550153000548'; -aw-sdt-title:'förteckning över behandlade förslag'"&gt;
				&lt;a name="_Toc3457687"&gt;&lt;span&gt;Propositionen&lt;/span&gt;&lt;/a&gt;&lt;span&gt; &lt;/span&gt;
			&lt;/p&gt;
			&lt;h4 style="-aw-sdt-tag:'dokumentavsnitt/förteckning över behandlade förslag/-885639929/1550153000548'; -aw-sdt-title:'förteckning över behandlade förslag'"&gt;
				&lt;span&gt;Proposition 2018/19:37 Anpassning av lagen om passagerarregister till EU:s dataskyddsreform:&lt;/span&gt;
			&lt;/h4&gt;
			&lt;p class="Yrkandelista" style="margin-bottom:0pt; -aw-sdt-tag:'dokumentavsnitt/förteckning över behandlade förslag/-885639929/1550153000548'; -aw-sdt-title:'förteckning över behandlade förslag'"&gt;
				&lt;span&gt;1.&lt;/span&gt;&lt;span style="width:21.22pt; text-indent:0pt; display:inline-block"&gt;&lt;/span&gt;&lt;span&gt;Riksdagen antar regeringens förslag till lag om ändring i lagen (2006:444) om passagerarregister.&lt;/span&gt;
			&lt;/p&gt;
			&lt;p class="Yrkandelista" style="margin-top:0pt; -aw-sdt-tag:'dokumentavsnitt/förteckning över behandlade förslag/-885639929/1550153000548'; -aw-sdt-title:'förteckning över behandlade förslag'"&gt;
				&lt;span&gt;2.&lt;/span&gt;&lt;span style="width:21.22pt; text-indent:0pt; display:inline-block"&gt;&lt;/span&gt;&lt;span&gt;Riksdagen antar regeringens förslag till lag om ändring i utlänningslagen (2005:716).&lt;/span&gt;
			&lt;/p&gt;
			&lt;p class="Rubrik2bilaga" style="-aw-sdt-tag:'dokumentavsnitt/förteckning över behandlade förslag/-885639929/1550153000548'; -aw-sdt-title:'förteckning över behandlade förslag'"&gt;
				&lt;a name="_Toc3457688"&gt;&lt;span&gt;Följdmotionen&lt;/span&gt;&lt;/a&gt;
			&lt;/p&gt;
			&lt;h4 style="-aw-sdt-tag:'dokumentavsnitt/förteckning över behandlade förslag/-885639929/1550153000548'; -aw-sdt-title:'förteckning över behandlade förslag'"&gt;
				&lt;span&gt;2018/19:3024 av Johan Pehrson och Jonny Cato Hansson (L, C):&lt;/span&gt;
			&lt;/h4&gt;
			&lt;p class="YrkandelistaEtt" style="-aw-sdt-tag:'dokumentavsnitt/förteckning över behandlade förslag/-885639929/1550153000548'; -aw-sdt-title:'förteckning över behandlade förslag'"&gt;
				&lt;span&gt;Riksdagen ställer sig bakom det som anförs i motionen om direktåtkomst för Tullverket till personuppgifterna i passagerarregistret och tillkännager detta för regeringen.&lt;/span&gt;
			&lt;/p&gt;
			&lt;p class="Mellanrum"&gt;
				&lt;span&gt; &lt;/span&gt;
			&lt;/p&gt;
			&lt;p class="Mellanrum" style="-aw-sdt-tag:'dokumentavsnitt/förteckning över behandlade förslag/-885639929/1550153000548'; -aw-sdt-title:'förteckning över behandlade förslag'"&gt;
				&lt;span&gt; &lt;/span&gt;
			&lt;/p&gt;
			&lt;p&gt;
				&lt;span&gt; &lt;/span&gt;
			&lt;/p&gt;
			&lt;p class="Bilaga"&gt;
				&lt;span class="tBilagaJA"&gt;Bilaga 2&lt;/span&gt;
			&lt;/p&gt;
			&lt;p class="Bilagerubrik"&gt;
				&lt;a name="_Toc3457689"&gt;&lt;span class="tSidrubrikJA"&gt;Regeringens lagförslag&lt;/span&gt;&lt;/a&gt;
			&lt;/p&gt;
			&lt;p&gt;
				&lt;img src="http://data.riksdagen.se/fil/h601juu18/Dokument.001.png" width="394" height="650" alt="" style="-aw-left-pos:0pt; -aw-rel-hpos:column; -aw-rel-vpos:paragraph; -aw-top-pos:0pt; -aw-wrap-type:inline" /&gt;
			&lt;/p&gt;
			&lt;p&gt;
				&lt;img src="http://data.riksdagen.se/fil/h601juu18/Dokument.002.png" width="393" height="756" alt="" style="-aw-left-pos:0pt; -aw-rel-hpos:column; -aw-rel-vpos:paragraph; -aw-top-pos:0pt; -aw-wrap-type:inline" /&gt;
			&lt;/p&gt;
			&lt;p&gt;
				&lt;img src="http://data.riksdagen.se/fil/h601juu18/Dokument.003.png" width="390" height="756" alt="" style="-aw-left-pos:0pt; -aw-rel-hpos:column; -aw-rel-vpos:paragraph; -aw-top-pos:0pt; -aw-wrap-type:inline" /&gt;
			&lt;/p&gt;
			&lt;p&gt;
				&lt;img src="http://data.riksdagen.se/fil/h601juu18/Dokument.004.png" width="393" height="756" alt="" style="-aw-left-pos:0pt; -aw-rel-hpos:column; -aw-rel-vpos:paragraph; -aw-top-pos:0pt; -aw-wrap-type:inline" /&gt;
			&lt;/p&gt;
			&lt;p&gt;
				&lt;img src="http://data.riksdagen.se/fil/h601juu18/Dokument.005.png" width="390" height="756" alt="" style="-aw-left-pos:0pt; -aw-rel-hpos:column; -aw-rel-vpos:paragraph; -aw-top-pos:0pt; -aw-wrap-type:inline" /&gt;
			&lt;/p&gt;
		&lt;/div&gt;
		&lt;hr style="width:33%; height:1px; text-align:left; -aw-footnote-numberstyle:0; -aw-footnote-startnumber:1; -aw-footnote-type:0" /&gt;
		&lt;div id="_ftn1" style="-aw-footnote-isauto:1"&gt;
			&lt;p class="FootnoteText"&gt;
				&lt;a href="#_ftnref1"&gt;&lt;span class="FootnoteReference" style="font-size:6.33pt"&gt;[1]&lt;/span&gt;&lt;/a&gt;&lt;span&gt; &lt;/span&gt;&lt;span&gt;Europaparlamentets och rådets förordning (EU) 2016/679 av den 27 april 2016 om skydd för fysiska personer med avseende på behandling av personuppgifter och om det fria flödet av sådana uppgifter och om upphävande av direktiv 95/46/EG&lt;/span&gt;&lt;span&gt;.&lt;/span&gt;
			&lt;/p&gt;
		&lt;/div&gt;
		&lt;div id="_ftn2" style="-aw-footnote-isauto:1"&gt;
			&lt;p class="FootnoteText"&gt;
				&lt;a href="#_ftnref2"&gt;&lt;span class="FootnoteReference" style="font-size:6.33pt"&gt;[2]&lt;/span&gt;&lt;/a&gt;&lt;span&gt; &lt;/span&gt;&lt;span&gt;Europaparlamentets och rådets direktiv (EU) 2016/680 av den 27 april 2016 om skydd för fysiska personer med avseende på behöriga myndigheters behandling av personuppgifter för att förebygga, förhindra, utreda, avslöja eller lagföra brott eller verkställa straffrättsliga påföljder, och det fria flödet av sådana uppgifter och om upphävande av rådets rambeslut 2008/977/RIF&lt;/span&gt;&lt;span&gt;.&lt;/span&gt;
			&lt;/p&gt;
		&lt;/div&gt;
	</html>
  </dokument>
<dokutskottsforslag>
<utskottsforslag>
<punkt datatype="int32">1</punkt>
<rubrik datatype="string">Anpassning av lagen om passagerarregister till EU:s dataskyddsreform</rubrik>
<forslag datatype="string">Riksdagen antar regeringens förslag till&lt;br&gt;1. lag om ändring i lagen (2006:444) om passagerarregister,&lt;br&gt;2. lag om ändring i utlänningslagen (2005:716).&lt;BR/&gt;Därmed bifaller riksdagen proposition 2018/19:37 punkterna 1 och 2.&lt;BR/&gt;&lt;BR/&gt;</forslag>
<beslutstyp datatype="string">acklamation</beslutstyp>
<motforslag_nummer datatype="int32">0</motforslag_nummer>
<motforslag_partier datatype="string" />
<votering_id datatype="string" />
<votering_sammanfattning_html datatype="string" />
<votering_url_xml datatype="string" />
<rm datatype="string">2018/19</rm>
<bet datatype="string">JuU18</bet>
<vinnare datatype="string">utskottet</vinnare>
</utskottsforslag>
<utskottsforslag>
<punkt datatype="int32">2</punkt>
<rubrik datatype="string">Direktåtkomst för Tullverket</rubrik>
<forslag datatype="string">Riksdagen ställer sig bakom det som utskottet anför om att ge Tullverket&amp;nbsp;direktåtkomst till personuppgifterna i passagerarregistret och tillkännager detta för regeringen.&lt;BR/&gt;Därmed bifaller riksdagen motion 

2018/19:3024 av Johan Pehrson och Jonny Cato Hansson (L, C).&lt;BR/&gt;&lt;BR/&gt;</forslag>
<beslutstyp datatype="string">acklamation</beslutstyp>
<motforslag_nummer datatype="int32">0</motforslag_nummer>
<motforslag_partier datatype="string" />
<votering_id datatype="string" />
<votering_sammanfattning_html datatype="string" />
<votering_url_xml datatype="string" />
<rm datatype="string">2018/19</rm>
<bet datatype="string">JuU18</bet>
<vinnare datatype="string">utskottet</vinnare>
</utskottsforslag>
</dokutskottsforslag>
<dokaktivitet>
<aktivitet>
<kod datatype="string">UBE</kod>
<namn datatype="string">Beredning</namn>
<datum datatype="datetime">2019-02-28 00:00:00</datum>
<status datatype="string">inträffat</status>
<ordning datatype="int32">0</ordning>
<process datatype="string" />
</aktivitet>
<aktivitet>
<kod datatype="string">JUS</kod>
<namn datatype="string">Justering</namn>
<datum datatype="datetime">2019-03-14 00:00:00</datum>
<status datatype="string">inträffat</status>
<ordning datatype="int32">0</ordning>
<process datatype="string" />
</aktivitet>
<aktivitet>
<kod datatype="string">TRY</kod>
<namn datatype="string">Trycklov</namn>
<datum datatype="datetime">2019-03-14 00:00:00</datum>
<status datatype="string">inträffat</status>
<ordning datatype="int32">0</ordning>
<process datatype="string" />
</aktivitet>
<aktivitet>
<kod datatype="string">B</kod>
<namn datatype="string">Bordläggning</namn>
<datum datatype="datetime">2019-03-26 00:00:00</datum>
<status datatype="string">inträffat</status>
<ordning datatype="int32">0</ordning>
<process datatype="string" />
</aktivitet>
<aktivitet>
<kod datatype="string">BEH</kod>
<namn datatype="string">Behandling</namn>
<datum datatype="datetime">2019-03-27 00:00:00</datum>
<status datatype="string">inträffat</status>
<ordning datatype="int32">0</ordning>
<process datatype="string" />
</aktivitet>
<aktivitet>
<kod datatype="string">BES</kod>
<namn datatype="string">Beslut</namn>
<datum datatype="datetime">2019-03-27 00:00:00</datum>
<status datatype="string">inträffat</status>
<ordning datatype="int32">0</ordning>
<process datatype="string" />
</aktivitet>
</dokaktivitet>
<dokuppgift>
<uppgift>
<kod datatype="string">beslutssammanfattningusk</kod>
<namn datatype="string">Utskottets förslag till beslut</namn>
<text datatype="string">Bifall till propositionen.
Bifall till motion med tillkännagivande om att regeringen bör vidta åtgärder för att ge Tullverket direktåtkomst till personuppgifter i passagerarregistret.</text>
<dok_id datatype="string">H601JuU18</dok_id>
<systemdatum datatype="datetime">2019-03-14 14:10:58</systemdatum>
</uppgift>
<uppgift>
<kod datatype="string">rdbeslut</kod>
<namn datatype="string">Riksdagens beslut</namn>
<text datatype="string">Kammaren biföll utskottets förslag.</text>
<dok_id datatype="string">H601JuU18</dok_id>
<systemdatum datatype="datetime">2019-03-27 16:42:58</systemdatum>
</uppgift>
<uppgift>
<kod datatype="string">notis</kod>
<namn datatype="string">Beslut i korthet</namn>
<text datatype="string">                           &lt;p&gt;Regeringen har föreslagit vissa ändringar i lagen om passagerarregister och utlänningslagen. I passagerarregistret finns uppgifter om passagerare som rest till Sverige med flyg från ett land som inte tillhör EU och som inte har samarbetsavtal enligt Schengenkonventionen. Det är Polismyndigheten som har hand om passagerarregistret.&lt;/p&gt;
&lt;p&gt;Anledningen till lagändringarna är att anpassa lagarna till EU:s dataskyddsreform och att göra reglerna mer lämpade för sina ändamål. Bland annat ska det bli möjligt för Polismyndigheten att elektroniskt lämna ut personuppgifter ur passagerarregister på annat sätt än genom direktåtkomst, om det inte är olämpligt.&lt;/p&gt;
&lt;p&gt;Riksdagen sa ja till regeringens förslag. Lagändringarna börjar gälla den 1 maj 2019.&lt;/p&gt;
&lt;p&gt;Riksdagen sa även ja till en motion om att Tullverket ska få direktåtkomst till personuppgifterna i passagerarregistret på samma sätt som Säkerhetspolisen har i dag. Genom direktåtkomst får Tullverket bättre förutsättningar att bekämpa bland annat stöldligor. Riksdagen riktade en uppmaning, ett tillkännagivande, till regeringen om detta.&lt;/p&gt;
                                            </text>
<dok_id datatype="string">H601JuU18</dok_id>
<systemdatum datatype="datetime">2019-03-27 16:50:14</systemdatum>
</uppgift>
<uppgift>
<kod datatype="string">notisrubrik</kod>
<namn datatype="string">Beslut</namn>
<text datatype="string">Lagen om passagerarregister och utlänningslagen ändras (JuU18)</text>
<dok_id datatype="string">H601JuU18</dok_id>
<systemdatum datatype="datetime">2019-03-27 16:50:14</systemdatum>
</uppgift>
<uppgift>
<kod datatype="string">utsknotis</kod>
<namn datatype="string">Utskottets förslag till beslut</namn>
<text datatype="string">                           &lt;p&gt;Regeringen har föreslagit vissa ändringar i lagen om passagerarregister och utlänningslagen. I passagerarregistret finns uppgifter om passagerare som rest till Sverige med flyg från ett land som inte tillhör EU och som inte har samarbetsavtal enligt Schengenkonventionen. Det är Polismyndigheten som har hand om passagerarregistret.&lt;/p&gt;
&lt;p&gt;Anledningen till lagändringarna är att anpassa lagarna till EU:s dataskyddsreform och att göra reglerna mer lämpade för sina ändamål. Bland annat ska det bli möjligt för Polismyndigheten att elektroniskt lämna ut personuppgifter ur passagerarregister på annat sätt än genom direktåtkomst, om det inte är olämpligt.&lt;/p&gt;
&lt;p&gt;Justitieutskottet föreslår att riksdagen säger ja till regeringens förslag. Lagändringarna föreslås börja gälla den 1 maj 2019.&lt;/p&gt;
&lt;p&gt;Justitieutskottet föreslår även att riksdagen säger ja till en motion om att Tullverket ska få direktåtkomst till personuppgifterna i passagerarregistret på samma sätt som Säkerhetspolisen har i dag. Genom direktåtkomst får Tullverket bättre förutsättningar att bekämpa bland annat stöldligor. Utskottet föreslår att riksdagen riktar en uppmaning, ett tillkännagivande, till regeringen om detta.&lt;/p&gt;
                                            </text>
<dok_id datatype="string">H601JuU18</dok_id>
<systemdatum datatype="datetime">2019-03-27 16:50:14</systemdatum>
</uppgift>
<uppgift>
<kod datatype="string">utsknotisrubrik</kod>
<namn datatype="string">Utskottets förslag</namn>
<text datatype="string">Lagen om passagerarregister och utlänningslagen ändras (JuU18)</text>
<dok_id datatype="string">H601JuU18</dok_id>
<systemdatum datatype="datetime">2019-03-27 16:50:14</systemdatum>
</uppgift>
<uppgift>
<kod datatype="string">statustext</kod>
<namn datatype="string">statustext</namn>
<text datatype="string">Ärendet är avslutat</text>
<dok_id datatype="string">H601JuU18</dok_id>
<systemdatum datatype="datetime">2019-03-28 14:22:54</systemdatum>
</uppgift>
<uppgift>
<kod datatype="string">debattdatumtid</kod>
<namn datatype="string">Datum och tid för debatten</namn>
<text datatype="string">2019-03-27 00:00:00</text>
<dok_id datatype="string">H601JuU18</dok_id>
<systemdatum datatype="datetime">2019-03-27 16:50:14</systemdatum>
</uppgift>
<uppgift>
<kod datatype="string">beslutdatumtid</kod>
<namn datatype="string">Datum och tid för beslutet</namn>
<text datatype="string">2019-03-27 00:00:00</text>
<dok_id datatype="string">H601JuU18</dok_id>
<systemdatum datatype="datetime">2019-03-27 16:50:14</systemdatum>
</uppgift>
</dokuppgift>
<dokbilaga>
<bilaga>
<dok_id datatype="string">H601JuU18</dok_id>
<titel datatype="string">Anpassning av lagen om passagerarregister till EU:s dataskyddsreform</titel>
<subtitel datatype="string" />
<filnamn datatype="string">2018_19_JuU18_20190314141020_Publicering.pdf</filnamn>
<filstorlek datatype="int32">873092</filstorlek>
<filtyp datatype="string">pdf</filtyp>
<fil_url datatype="string">http://data.riksdagen.se/fil/A956085F-A78A-4A3E-ABB8-91AEBE9085AD</fil_url>
</bilaga>
</dokbilaga>
<dokreferens>
<referens>
<referenstyp datatype="string">behandlar</referenstyp>
<uppgift datatype="string">motion 2018/19:3024 med anledning av prop. 2018/19:37 Anpassning av lagen om passagerarregister till EU:s dataskyddsreform</uppgift>
<ref_dok_id datatype="string">H6023024</ref_dok_id>
<ref_dok_typ datatype="string">mot</ref_dok_typ>
<ref_dok_rm datatype="string">2018/19</ref_dok_rm>
<ref_dok_bet datatype="string">3024</ref_dok_bet>
<ref_dok_titel datatype="string">med anledning av prop. 2018/19:37 Anpassning av lagen om passagerarregister till EU:s dataskyddsreform</ref_dok_titel>
<ref_dok_subtitel datatype="string" />
<ref_dok_subtyp datatype="string">mot</ref_dok_subtyp>
<ref_dok_dokumentnamn datatype="string">Motion</ref_dok_dokumentnamn>
</referens>
<referens>
<referenstyp datatype="string">behandlar</referenstyp>
<uppgift datatype="string">Proposition 2018/19:37 Anpassning av lagen om passagerarregister till EU:s dataskyddsreform</uppgift>
<ref_dok_id datatype="string">H60337</ref_dok_id>
<ref_dok_typ datatype="string">prop</ref_dok_typ>
<ref_dok_rm datatype="string">2018/19</ref_dok_rm>
<ref_dok_bet datatype="string">37</ref_dok_bet>
<ref_dok_titel datatype="string">Anpassning av lagen om passagerarregister till EU:s dataskyddsreform</ref_dok_titel>
<ref_dok_subtitel datatype="string" />
<ref_dok_subtyp datatype="string">prop</ref_dok_subtyp>
<ref_dok_dokumentnamn datatype="string">Proposition</ref_dok_dokumentnamn>
</referens>
<referens>
<referenstyp datatype="string">protokollbeslut</referenstyp>
<uppgift datatype="string">2019-03-27</uppgift>
<ref_dok_id datatype="string">H60968</ref_dok_id>
<ref_dok_typ datatype="string">prot</ref_dok_typ>
<ref_dok_rm datatype="string">2018/19</ref_dok_rm>
<ref_dok_bet datatype="string">68</ref_dok_bet>
<ref_dok_titel datatype="string">Protokoll 2018/19:68 Onsdagen den 27 mars</ref_dok_titel>
<ref_dok_subtitel datatype="string">Anpassning av lagen om passagerarregister till EU:s dataskyddsreform</ref_dok_subtitel>
<ref_dok_subtyp datatype="string" />
<ref_dok_dokumentnamn datatype="string">Protokoll</ref_dok_dokumentnamn>
</referens>
<referens>
<referenstyp datatype="string">protokolldebatt</referenstyp>
<uppgift datatype="string">2019-03-27</uppgift>
<ref_dok_id datatype="string">H60968</ref_dok_id>
<ref_dok_typ datatype="string">prot</ref_dok_typ>
<ref_dok_rm datatype="string">2018/19</ref_dok_rm>
<ref_dok_bet datatype="string">68</ref_dok_bet>
<ref_dok_titel datatype="string">Protokoll 2018/19:68 Onsdagen den 27 mars</ref_dok_titel>
<ref_dok_subtitel datatype="string">Anpassning av lagen om passagerarregister till EU:s dataskyddsreform</ref_dok_subtitel>
<ref_dok_subtyp datatype="string" />
<ref_dok_dokumentnamn datatype="string">Protokoll</ref_dok_dokumentnamn>
</referens>
<referens>
<referenstyp datatype="string">rskr</referenstyp>
<uppgift datatype="string" />
<ref_dok_id datatype="string">H60K159</ref_dok_id>
<ref_dok_typ datatype="string">rskr</ref_dok_typ>
<ref_dok_rm datatype="string">2018/19</ref_dok_rm>
<ref_dok_bet datatype="string">159</ref_dok_bet>
<ref_dok_titel datatype="string">Riksdagsskrivelse 2018/19:159</ref_dok_titel>
<ref_dok_subtitel datatype="string" />
<ref_dok_subtyp datatype="string">rskr</ref_dok_subtyp>
<ref_dok_dokumentnamn datatype="string">Riksdagsskrivelse</ref_dok_dokumentnamn>
</referens>
<referens>
<referenstyp datatype="string">talarlista</referenstyp>
<uppgift datatype="string">talarlista 2018/19:20190327 Onsdag den 27 mars 2019 (preliminär)</uppgift>
<ref_dok_id datatype="string">H60J20190327</ref_dok_id>
<ref_dok_typ datatype="string">t-lista</ref_dok_typ>
<ref_dok_rm datatype="string">2018/19</ref_dok_rm>
<ref_dok_bet datatype="string">20190327</ref_dok_bet>
<ref_dok_titel datatype="string">Onsdag den 27 mars 2019 (preliminär)</ref_dok_titel>
<ref_dok_subtitel datatype="string" />
<ref_dok_subtyp datatype="string" />
<ref_dok_dokumentnamn datatype="string">Talarlista</ref_dok_dokumentnamn>
</referens>
</dokreferens>
<debatt><anforande><video_id datatype="string">1100190327435590422</video_id><video_url datatype="string">1100190327435590422#pos=16</video_url><startpos datatype="string">16</startpos><tumnagel datatype="string"></tumnagel><tumnagel datatype="string">//mhdownload.riksdagen.se/riksdagen/unrestricted/thumb/1100190327435590422_mid.jpg</tumnagel><tumnagel_stor datatype="string">//mhdownload.riksdagen.se/riksdagen/unrestricted/thumb/1100190327435590422_high.jpg</tumnagel_stor><anf_video_id datatype="string">1100190327435590622</anf_video_id><anf_hangar_id datatype="int32">5028226</anf_hangar_id><anf_sekunder datatype="int32">118</anf_sekunder><anf_klockslag datatype="string">10:09</anf_klockslag><datumtid datatype="datetime">2019-03-27 10:09:42</datumtid><anf_datum datatype="datetime">2019-03-27 00:00:00</anf_datum><anf_typ datatype="string">ap</anf_typ><anf_text datatype="string">&lt;p&gt;Herr talman! De utländska stöldligorna ökar sin aktivitet i Sverige. Hälften av alla bostadsinbrott i Sverige i dag begås av internationella stöldligor. Den typiske brottslingen är mellan 20 och 30 år och begår samma brott i flera olika EU-länder. De här personerna tar sig i regel till Sverige med hjälp av passagerarfärjor.&lt;/p&gt;&lt;p&gt;Vi menar att tullen behöver få ytterligare resurser för att kunna öka antalet tulltjänstemän med 500 under den kommande mandatperioden. Tack vare Moderaternas och Kristdemokraternas budget som antogs här i kammaren i december tar vi de första stegen mot denna utökning.&lt;/p&gt;&lt;p&gt;Tullen behöver också få utökade befogenheter att stoppa och undersöka fordon med stöldgods som är på väg ut ur landet. Man behöver också få befogenhet att kvarhålla personer som har påträffats med misstänkt stöldgods. Vi ser dessutom att samarbetet inom EU behöver öka.&lt;/p&gt;&lt;p&gt;Genom dagens tillkännagivande till regeringen tas ett litet steg i rätt riktning genom att Tullverket får direktåtkomst till personuppgifter i passagerarregister. Det är ett beslut som Tullverket och Polismyndigheten menar skulle underlätta myndighetens arbete. Det är dessutom välkommet att regeringspartierna har vikt ned sig i den här frågan, men jag noterar att de gjorde det först när det stod klart att en majoritet i utskottet hade kört över dem i denna fråga.&lt;/p&gt;&lt;p&gt;Herr talman! Jag vill yrka bifall till utskottets förslag och därmed såväl till propositionen som till motionen från Centerpartiet och Liberalerna.&lt;/p&gt;</anf_text><anf_beteckning datatype="string">2018/19:68-17</anf_beteckning><anf_nummer datatype="string">17</anf_nummer><talare datatype="string">Josefin Malmqvist (M)</talare><intressent_id datatype="string">019430605328</intressent_id><parti datatype="string">M</parti><anf_rm datatype="string">2018/19</anf_rm></anforande>
<anforande><video_id datatype="string">1100190327435590422</video_id><video_url datatype="string">1100190327435590422#pos=139</video_url><startpos datatype="string">139</startpos><tumnagel datatype="string"></tumnagel><tumnagel datatype="string">//mhdownload.riksdagen.se/riksdagen/unrestricted/thumb/1100190327435590422_mid.jpg</tumnagel><tumnagel_stor datatype="string">//mhdownload.riksdagen.se/riksdagen/unrestricted/thumb/1100190327435590422_high.jpg</tumnagel_stor><anf_video_id datatype="string">1100190327435590722</anf_video_id><anf_hangar_id datatype="int32">5028227</anf_hangar_id><anf_sekunder datatype="int32">176</anf_sekunder><anf_klockslag datatype="string">10:11</anf_klockslag><datumtid datatype="datetime">2019-03-27 10:11:45</datumtid><anf_datum datatype="datetime">2019-03-27 00:00:00</anf_datum><anf_typ datatype="string">ap</anf_typ><anf_text datatype="string">&lt;p&gt;Herr talman! EU:s dataskyddsreform, dataskyddsförordning och dataskyddsdirektiv innebär skydd för individen och den digitala integriteten. Det är bra. Men för att underlätta bland annat brottsbekämpning finns en lag om passageraregister som säger att transportörer har skyldighet att lämna uppgifter till Polismyndigheten om vilka som transporterar sig. Vad är syftet? Jo, det är att underlätta gränskontrollen för att bekämpa kriminalitet och terrorism.&lt;/p&gt;&lt;p&gt;Som det är i dag är polisen ansvarig för det här registret. Ärendet handlar just om direktåtkomst till registret i stället för att regeringen, som den ursprungligen föreslog, ska meddela föreskrifter för vilka som ska ha tillgång till registret - i dag är det Säpo och ingen annan myndighet. Tullverket utryckte, som vi har hört, i sin remiss en vilja att ha direktåtkomst till registret. Polismyndigheten tillstyrkte det och menar att syftet är att stärka Tullverkets möjligheter att bidra till att identifiera och ingripa mot internationella stöldligor.&lt;/p&gt;&lt;p&gt;Jag tycker, precis som föregående talare, att det är konstigt att regeringen inte tillskrev Tullverket direktåtkomst i propositionen från början. Bedömningen att det fungerar lika bra med att besluta om en särskild förordning gjordes ursprungligen när lagen om passagerarregistret instiftades 2004-2005. Det är 14 år sedan. Det ser lite annorlunda ut i dag. Terrorsituationen är annorlunda och kriminalitet och stöldligor tar andra vägar och jobbar på andra sätt i dag. Därför ska Tullverket, när det kan, kunna bidra och det snabbt. Det menar vi att det kan genom den här direktåtkomsten.&lt;/p&gt;&lt;p&gt;Även om det handlar om att enbart underlätta för personkontroll är det här tillräckligt nödvändigt för att Tullverket ska kunna göra det viktiga arbetet när det gäller brottsbekämpning tillsammans med andra myndigheter. Andra åtgärder får vi återkomma till, till exempel att ändra Tullverkets befogenheter.&lt;/p&gt;&lt;p&gt; STYLEREF Kantrubrik \* MERGEFORMAT Anpassning av lagen om passagerarregister till EU:s dataskydds-reform&lt;/p&gt;&lt;p&gt;Jag är glad att utskottet i sin helhet ställer sig bakom den motion som Centerpartiet och Liberalerna skrev och ser fram emot att förslaget genomförs av regeringen.&lt;/p&gt;&lt;p&gt;Herr talman! Jag yrkar bifall till utskottets förslag.&lt;/p&gt;</anf_text><anf_beteckning datatype="string">2018/19:68-18</anf_beteckning><anf_nummer datatype="string">18</anf_nummer><talare datatype="string">Helena Vilhelmsson (C)</talare><intressent_id datatype="string">0903081277919</intressent_id><parti datatype="string">C</parti><anf_rm datatype="string">2018/19</anf_rm></anforande>
<anforande><video_id datatype="string">1100190327435590422</video_id><video_url datatype="string">1100190327435590422#pos=328</video_url><startpos datatype="string">328</startpos><tumnagel datatype="string"></tumnagel><tumnagel datatype="string">//mhdownload.riksdagen.se/riksdagen/unrestricted/thumb/1100190327435590422_mid.jpg</tumnagel><tumnagel_stor datatype="string">//mhdownload.riksdagen.se/riksdagen/unrestricted/thumb/1100190327435590422_high.jpg</tumnagel_stor><anf_video_id datatype="string">1100190327435591122</anf_video_id><anf_hangar_id datatype="int32">5028228</anf_hangar_id><anf_sekunder datatype="int32">176</anf_sekunder><anf_klockslag datatype="string">10:14</anf_klockslag><datumtid datatype="datetime">2019-03-27 10:14:54</datumtid><anf_datum datatype="datetime">2019-03-27 00:00:00</anf_datum><anf_typ datatype="string">ap</anf_typ><anf_text datatype="string">&lt;p&gt;Herr talman! Detta handlar ytterst om de svåra avvägningar som vi gör tillsammans med andra länder inom den europeiska unionen, EU, det vill säga hur vi avväger integritet och effektivitet mot varandra. Det finns ett antal olika intressen och förordningar som är till för att dels skydda den integritet som är viktig för oss människor, det vill säga att staten ska ha ett behov, ett ändamål, och det ska finnas en proportionalitet om den ska ingripa, dels för att brottsbekämpande myndigheter ska kunna ingripa.&lt;/p&gt;&lt;p&gt;Den härliga öppenhet som vi har i Europa och som är så värd att försvara, tycker vi liberaler, måste följas av att det finns en effektivitet i brottsbekämpningen. Har vi fria gränser inom ramen för Europeiska unionen, vilket skapar möjlighet att resa, utbilda sig och jobba överallt i Europa, måste vi tyvärr jaga kriminella som tar sig runt och utnyttjar denna frihet på ett negativt sätt.&lt;/p&gt;&lt;p&gt;I det här specifika fallet handlar det om att vi i Sverige ska se till att ha ett effektivt gränsskydd för vår del. Då är det centralt så som vi här motionerar om från Liberalerna och Centerpartiet att gränsskyddet också kan upprätthållas av tullen. Den svenska gränsen skyddas av polisen, tullen och delvis Kustbevakningen. Men framför allt kan tullen på vissa håll komma att få en förstärkt möjlighet att undersöka passagerarregistren och se vad som finns där.&lt;/p&gt;&lt;p&gt;En annan fråga, herr talman, som vi har debatterat många gånger här är vad passagerarregistren får innehålla och vilka markörer som ska få finnas med för att vi i tid ska kunna upptäcka till exempel internationella stöldligor, som nämndes här tidigare och som kan vara ett enormt gissel, eller terrorister varifrån som helst i världen som vill spränga något i Sverige och döda oss för att vi står för västerländsk demokrati. Vad ska man få registrera, vad ska få skickas vidare och vem ska få titta?&lt;/p&gt;&lt;p&gt;Herr talman! Jag kan konstatera att hela utskottet står bakom Liberalernas och Centerpartiets motion. Detta är sedelärande också för kammaren. Jag tror att det är i utskotten frågor kommer att avgöras under mandatperioden. Det spelar roll vilka motioner vi skriver i partierna och att vi finner breda lösningar. Jag är glad att Socialdemokraterna, Miljöpartiet och Vänsterpartiet har anpassat sig och att man snabbt anslöt sig från Moderaterna och Kristdemokraterna.&lt;/p&gt;&lt;p&gt;Jag yrkar bifall till förslaget i betänkandet, herr talman.&lt;/p&gt;&lt;p&gt;Överläggningen var härmed avslutad.&lt;/p&gt;&lt;p&gt;(Beslut fattades under § 15.)&lt;/p&gt;&lt;p&gt;Genomförande av rättshjälpsdirektivet&lt;/p&gt;</anf_text><anf_beteckning datatype="string">2018/19:68-19</anf_beteckning><anf_nummer datatype="string">19</anf_nummer><talare datatype="string">Johan Pehrson (L)</talare><intressent_id datatype="string">0224712677012</intressent_id><parti datatype="string">L</parti><anf_rm datatype="string">2018/19</anf_rm></anforande>
</debatt></dokumentstatus>