<dokumentstatus>
  <dokument>
    <hangar_id datatype="int32">5022737</hangar_id>
    <dok_id datatype="string">H601MJU19</dok_id>
    <rm datatype="string">2018/19</rm>
    <beteckning datatype="string">MJU19</beteckning>
    <typ datatype="string">bet</typ>
    <subtyp datatype="string">bet</subtyp>
    <doktyp datatype="string">bet</doktyp>
    <typrubrik datatype="string">Betänkande 2018/19:MJU19</typrubrik>
    <dokumentnamn datatype="string">Betänkande</dokumentnamn>
    <debattnamn datatype="string">Debatt om förslag</debattnamn>
    <tempbeteckning datatype="string"></tempbeteckning>
    <organ datatype="string">MJU</organ>
    <mottagare datatype="string"></mottagare>
    <nummer datatype="int32">19</nummer>
    <slutnummer datatype="int32">0</slutnummer>
    <datum datatype="datetime">2019-02-25 00:00:00</datum>
    <systemdatum datatype="datetime">2019-02-25 11:10:47</systemdatum>
    <publicerad datatype="datetime">2019-02-25 11:10:46</publicerad>
    <titel datatype="string">Miljömålen - med sikte på framtiden</titel>
    <subtitel datatype="string"></subtitel>
    <status datatype="string">planerat</status>
    <htmlformat datatype="string"></htmlformat>
    <relaterat_id datatype="string"></relaterat_id>
    <source datatype="string">Brus</source>
    <sourceid datatype="string">1c1060e3-0b21-4ca6-8381-b1d17299df99</sourceid>
    <dokument_url_text datatype="stext">http://data.riksdagen.se/dokument/H601MJU19/text</dokument_url_text>
    <dokument_url_html datatype="stext">http://data.riksdagen.se/dokument/H601MJU19</dokument_url_html>
    <dokumentstatus_url_xml datatype="stext">http://data.riksdagen.se/dokumentstatus/H601MJU19</dokumentstatus_url_xml>
    <utskottsforslag_url_xml datatype="stext">http://data.riksdagen.se/utskottsforslag/H601MJU19</utskottsforslag_url_xml>
    <html datatype="text">&lt;h2&gt;Miljömålen - med sikte på framtiden&lt;/h2&gt;
Dokumentet är inte publicerat</html>
  </dokument>
<dokaktivitet>
<aktivitet>
<kod datatype="string">UBE</kod>
<namn datatype="string">Beredning</namn>
<datum datatype="datetime">2019-05-07 00:00:00</datum>
<status datatype="string">planerat</status>
<ordning datatype="int32">0</ordning>
<process datatype="string" />
</aktivitet>
<aktivitet>
<kod datatype="string">JUS</kod>
<namn datatype="string">Justering</namn>
<datum datatype="datetime">2019-05-28 00:00:00</datum>
<status datatype="string">planerat</status>
<ordning datatype="int32">0</ordning>
<process datatype="string" />
</aktivitet>
<aktivitet>
<kod datatype="string">TRY</kod>
<namn datatype="string">Trycklov</namn>
<datum datatype="datetime">2019-06-10 00:00:00</datum>
<status datatype="string">planerat</status>
<ordning datatype="int32">0</ordning>
<process datatype="string" />
</aktivitet>
<aktivitet>
<kod datatype="string">B</kod>
<namn datatype="string">Bordläggning</namn>
<datum datatype="datetime">2019-06-12 00:00:00</datum>
<status datatype="string">planerat</status>
<ordning datatype="int32">0</ordning>
<process datatype="string" />
</aktivitet>
<aktivitet>
<kod datatype="string">BEH</kod>
<namn datatype="string">Behandling</namn>
<datum datatype="datetime">2019-06-13 00:00:00</datum>
<status datatype="string">planerat</status>
<ordning datatype="int32">0</ordning>
<process datatype="string" />
</aktivitet>
<aktivitet>
<kod datatype="string">BES</kod>
<namn datatype="string">Beslut</namn>
<datum datatype="datetime">2019-06-13 00:00:00</datum>
<status datatype="string">planerat</status>
<ordning datatype="int32">0</ordning>
<process datatype="string" />
</aktivitet>
</dokaktivitet>
<dokreferens>
<referens>
<referenstyp datatype="string">behandlar</referenstyp>
<uppgift datatype="string">motion 2018/19:2753 Standardisera naturvårdsbedömningar</uppgift>
<ref_dok_id datatype="string">H6022753</ref_dok_id>
<ref_dok_typ datatype="string">mot</ref_dok_typ>
<ref_dok_rm datatype="string">2018/19</ref_dok_rm>
<ref_dok_bet datatype="string">2753</ref_dok_bet>
<ref_dok_titel datatype="string">Standardisera naturvårdsbedömningar</ref_dok_titel>
<ref_dok_subtitel datatype="string" />
<ref_dok_subtyp datatype="string">mot</ref_dok_subtyp>
<ref_dok_dokumentnamn datatype="string">Motion</ref_dok_dokumentnamn>
</referens>
<referens>
<referenstyp datatype="string">behandlar</referenstyp>
<uppgift datatype="string">motion 2018/19:1946 Krafttag för helhetssyn vid tillståndsprövning</uppgift>
<ref_dok_id datatype="string">H6021946</ref_dok_id>
<ref_dok_typ datatype="string">mot</ref_dok_typ>
<ref_dok_rm datatype="string">2018/19</ref_dok_rm>
<ref_dok_bet datatype="string">1946</ref_dok_bet>
<ref_dok_titel datatype="string">Krafttag för helhetssyn vid tillståndsprövning</ref_dok_titel>
<ref_dok_subtitel datatype="string" />
<ref_dok_subtyp datatype="string">mot</ref_dok_subtyp>
<ref_dok_dokumentnamn datatype="string">Motion</ref_dok_dokumentnamn>
</referens>
<referens>
<referenstyp datatype="string">behandlar</referenstyp>
<uppgift datatype="string">motion 2018/19:169 En hållbar energipolitik</uppgift>
<ref_dok_id datatype="string">H602169</ref_dok_id>
<ref_dok_typ datatype="string">mot</ref_dok_typ>
<ref_dok_rm datatype="string">2018/19</ref_dok_rm>
<ref_dok_bet datatype="string">169</ref_dok_bet>
<ref_dok_titel datatype="string">En hållbar energipolitik</ref_dok_titel>
<ref_dok_subtitel datatype="string" />
<ref_dok_subtyp datatype="string">mot</ref_dok_subtyp>
<ref_dok_dokumentnamn datatype="string">Motion</ref_dok_dokumentnamn>
</referens>
<referens>
<referenstyp datatype="string">behandlar</referenstyp>
<uppgift datatype="string">motion 2018/19:2315 En kraftfull naturpolitik </uppgift>
<ref_dok_id datatype="string">H6022315</ref_dok_id>
<ref_dok_typ datatype="string">mot</ref_dok_typ>
<ref_dok_rm datatype="string">2018/19</ref_dok_rm>
<ref_dok_bet datatype="string">2315</ref_dok_bet>
<ref_dok_titel datatype="string">En kraftfull naturpolitik </ref_dok_titel>
<ref_dok_subtitel datatype="string" />
<ref_dok_subtyp datatype="string">mot</ref_dok_subtyp>
<ref_dok_dokumentnamn datatype="string">Motion</ref_dok_dokumentnamn>
</referens>
<referens>
<referenstyp datatype="string">behandlar</referenstyp>
<uppgift datatype="string">motion 2018/19:2426 Miljö och grön tillväxt</uppgift>
<ref_dok_id datatype="string">H6022426</ref_dok_id>
<ref_dok_typ datatype="string">mot</ref_dok_typ>
<ref_dok_rm datatype="string">2018/19</ref_dok_rm>
<ref_dok_bet datatype="string">2426</ref_dok_bet>
<ref_dok_titel datatype="string">Miljö och grön tillväxt</ref_dok_titel>
<ref_dok_subtitel datatype="string" />
<ref_dok_subtyp datatype="string">mot</ref_dok_subtyp>
<ref_dok_dokumentnamn datatype="string">Motion</ref_dok_dokumentnamn>
</referens>
<referens>
<referenstyp datatype="string">behandlar</referenstyp>
<uppgift datatype="string">motion 2018/19:2726 Utgiftsområde 20 Allmän miljö- och naturvård</uppgift>
<ref_dok_id datatype="string">H6022726</ref_dok_id>
<ref_dok_typ datatype="string">mot</ref_dok_typ>
<ref_dok_rm datatype="string">2018/19</ref_dok_rm>
<ref_dok_bet datatype="string">2726</ref_dok_bet>
<ref_dok_titel datatype="string">Utgiftsområde 20 Allmän miljö- och naturvård</ref_dok_titel>
<ref_dok_subtitel datatype="string" />
<ref_dok_subtyp datatype="string">mot</ref_dok_subtyp>
<ref_dok_dokumentnamn datatype="string">Motion</ref_dok_dokumentnamn>
</referens>
<referens>
<referenstyp datatype="string">behandlar</referenstyp>
<uppgift datatype="string">motion 2018/19:2562 Äganderätt</uppgift>
<ref_dok_id datatype="string">H6022562</ref_dok_id>
<ref_dok_typ datatype="string">mot</ref_dok_typ>
<ref_dok_rm datatype="string">2018/19</ref_dok_rm>
<ref_dok_bet datatype="string">2562</ref_dok_bet>
<ref_dok_titel datatype="string">Äganderätt</ref_dok_titel>
<ref_dok_subtitel datatype="string" />
<ref_dok_subtyp datatype="string">mot</ref_dok_subtyp>
<ref_dok_dokumentnamn datatype="string">Motion</ref_dok_dokumentnamn>
</referens>
<referens>
<referenstyp datatype="string">behandlar</referenstyp>
<uppgift datatype="string">motion 2018/19:2890 Jakt och viltvård</uppgift>
<ref_dok_id datatype="string">H6022890</ref_dok_id>
<ref_dok_typ datatype="string">mot</ref_dok_typ>
<ref_dok_rm datatype="string">2018/19</ref_dok_rm>
<ref_dok_bet datatype="string">2890</ref_dok_bet>
<ref_dok_titel datatype="string">Jakt och viltvård</ref_dok_titel>
<ref_dok_subtitel datatype="string" />
<ref_dok_subtyp datatype="string">mot</ref_dok_subtyp>
<ref_dok_dokumentnamn datatype="string">Motion</ref_dok_dokumentnamn>
</referens>
<referens>
<referenstyp datatype="string">behandlar</referenstyp>
<uppgift datatype="string">motion 2018/19:2891 Sverige som ett resurseffektivt samhälle</uppgift>
<ref_dok_id datatype="string">H6022891</ref_dok_id>
<ref_dok_typ datatype="string">mot</ref_dok_typ>
<ref_dok_rm datatype="string">2018/19</ref_dok_rm>
<ref_dok_bet datatype="string">2891</ref_dok_bet>
<ref_dok_titel datatype="string">Sverige som ett resurseffektivt samhälle</ref_dok_titel>
<ref_dok_subtitel datatype="string" />
<ref_dok_subtyp datatype="string">mot</ref_dok_subtyp>
<ref_dok_dokumentnamn datatype="string">Motion</ref_dok_dokumentnamn>
</referens>
<referens>
<referenstyp datatype="string">behandlar</referenstyp>
<uppgift datatype="string">motion 2018/19:2260 Stärk äganderätten</uppgift>
<ref_dok_id datatype="string">H6022260</ref_dok_id>
<ref_dok_typ datatype="string">mot</ref_dok_typ>
<ref_dok_rm datatype="string">2018/19</ref_dok_rm>
<ref_dok_bet datatype="string">2260</ref_dok_bet>
<ref_dok_titel datatype="string">Stärk äganderätten</ref_dok_titel>
<ref_dok_subtitel datatype="string" />
<ref_dok_subtyp datatype="string">mot</ref_dok_subtyp>
<ref_dok_dokumentnamn datatype="string">Motion</ref_dok_dokumentnamn>
</referens>
<referens>
<referenstyp datatype="string">behandlar</referenstyp>
<uppgift datatype="string">motion 2018/19:900 Krafttag mot allvarligare miljöbrott</uppgift>
<ref_dok_id datatype="string">H602900</ref_dok_id>
<ref_dok_typ datatype="string">mot</ref_dok_typ>
<ref_dok_rm datatype="string">2018/19</ref_dok_rm>
<ref_dok_bet datatype="string">900</ref_dok_bet>
<ref_dok_titel datatype="string">Krafttag mot allvarligare miljöbrott</ref_dok_titel>
<ref_dok_subtitel datatype="string" />
<ref_dok_subtyp datatype="string">mot</ref_dok_subtyp>
<ref_dok_dokumentnamn datatype="string">Motion</ref_dok_dokumentnamn>
</referens>
<referens>
<referenstyp datatype="string">behandlar</referenstyp>
<uppgift datatype="string">motion 2018/19:2907 Finsk-svenska gränsälvskommissionens betydelse</uppgift>
<ref_dok_id datatype="string">H6022907</ref_dok_id>
<ref_dok_typ datatype="string">mot</ref_dok_typ>
<ref_dok_rm datatype="string">2018/19</ref_dok_rm>
<ref_dok_bet datatype="string">2907</ref_dok_bet>
<ref_dok_titel datatype="string">Finsk-svenska gränsälvskommissionens betydelse</ref_dok_titel>
<ref_dok_subtitel datatype="string" />
<ref_dok_subtyp datatype="string">mot</ref_dok_subtyp>
<ref_dok_dokumentnamn datatype="string">Motion</ref_dok_dokumentnamn>
</referens>
<referens>
<referenstyp datatype="string">behandlar</referenstyp>
<uppgift datatype="string">motion 2018/19:2896 Bättre förutsättningar för svenskt jordbruk och svensk livsmedelsproduktion</uppgift>
<ref_dok_id datatype="string">H6022896</ref_dok_id>
<ref_dok_typ datatype="string">mot</ref_dok_typ>
<ref_dok_rm datatype="string">2018/19</ref_dok_rm>
<ref_dok_bet datatype="string">2896</ref_dok_bet>
<ref_dok_titel datatype="string">Bättre förutsättningar för svenskt jordbruk och svensk livsmedelsproduktion</ref_dok_titel>
<ref_dok_subtitel datatype="string" />
<ref_dok_subtyp datatype="string">mot</ref_dok_subtyp>
<ref_dok_dokumentnamn datatype="string">Motion</ref_dok_dokumentnamn>
</referens>
<referens>
<referenstyp datatype="string">behandlar</referenstyp>
<uppgift datatype="string">motion 2018/19:2819 Reformagenda för Sverige </uppgift>
<ref_dok_id datatype="string">H6022819</ref_dok_id>
<ref_dok_typ datatype="string">mot</ref_dok_typ>
<ref_dok_rm datatype="string">2018/19</ref_dok_rm>
<ref_dok_bet datatype="string">2819</ref_dok_bet>
<ref_dok_titel datatype="string">Reformagenda för Sverige </ref_dok_titel>
<ref_dok_subtitel datatype="string" />
<ref_dok_subtyp datatype="string">mot</ref_dok_subtyp>
<ref_dok_dokumentnamn datatype="string">Motion</ref_dok_dokumentnamn>
</referens>
<referens>
<referenstyp datatype="string">behandlar</referenstyp>
<uppgift datatype="string">motion 2018/19:164 En tillväxtorienterad politik för industrilandet Sverige</uppgift>
<ref_dok_id datatype="string">H602164</ref_dok_id>
<ref_dok_typ datatype="string">mot</ref_dok_typ>
<ref_dok_rm datatype="string">2018/19</ref_dok_rm>
<ref_dok_bet datatype="string">164</ref_dok_bet>
<ref_dok_titel datatype="string">En tillväxtorienterad politik för industrilandet Sverige</ref_dok_titel>
<ref_dok_subtitel datatype="string" />
<ref_dok_subtyp datatype="string">mot</ref_dok_subtyp>
<ref_dok_dokumentnamn datatype="string">Motion</ref_dok_dokumentnamn>
</referens>
<referens>
<referenstyp datatype="string">behandlar</referenstyp>
<uppgift datatype="string">motion 2018/19:557 Förbättrat miljöarbete på kommunal nivå</uppgift>
<ref_dok_id datatype="string">H602557</ref_dok_id>
<ref_dok_typ datatype="string">mot</ref_dok_typ>
<ref_dok_rm datatype="string">2018/19</ref_dok_rm>
<ref_dok_bet datatype="string">557</ref_dok_bet>
<ref_dok_titel datatype="string">Förbättrat miljöarbete på kommunal nivå</ref_dok_titel>
<ref_dok_subtitel datatype="string" />
<ref_dok_subtyp datatype="string">mot</ref_dok_subtyp>
<ref_dok_dokumentnamn datatype="string">Motion</ref_dok_dokumentnamn>
</referens>
<referens>
<referenstyp datatype="string">behandlar</referenstyp>
<uppgift datatype="string">motion 2018/19:2736 Utgiftsområde 23 Areella näringar, landsbygd och livsmedel</uppgift>
<ref_dok_id datatype="string">H6022736</ref_dok_id>
<ref_dok_typ datatype="string">mot</ref_dok_typ>
<ref_dok_rm datatype="string">2018/19</ref_dok_rm>
<ref_dok_bet datatype="string">2736</ref_dok_bet>
<ref_dok_titel datatype="string">Utgiftsområde 23 Areella näringar, landsbygd och livsmedel</ref_dok_titel>
<ref_dok_subtitel datatype="string" />
<ref_dok_subtyp datatype="string">mot</ref_dok_subtyp>
<ref_dok_dokumentnamn datatype="string">Motion</ref_dok_dokumentnamn>
</referens>
<referens>
<referenstyp datatype="string">behandlar</referenstyp>
<uppgift datatype="string">motion 2018/19:2073 Svenskt lantbruk är samhällsviktig verksamhet</uppgift>
<ref_dok_id datatype="string">H6022073</ref_dok_id>
<ref_dok_typ datatype="string">mot</ref_dok_typ>
<ref_dok_rm datatype="string">2018/19</ref_dok_rm>
<ref_dok_bet datatype="string">2073</ref_dok_bet>
<ref_dok_titel datatype="string">Svenskt lantbruk är samhällsviktig verksamhet</ref_dok_titel>
<ref_dok_subtitel datatype="string" />
<ref_dok_subtyp datatype="string">mot</ref_dok_subtyp>
<ref_dok_dokumentnamn datatype="string">Motion</ref_dok_dokumentnamn>
</referens>
<referens>
<referenstyp datatype="string">behandlar</referenstyp>
<uppgift datatype="string">motion 2018/19:2382 Skapa enhetlig myndighetssyn på risker</uppgift>
<ref_dok_id datatype="string">H6022382</ref_dok_id>
<ref_dok_typ datatype="string">mot</ref_dok_typ>
<ref_dok_rm datatype="string">2018/19</ref_dok_rm>
<ref_dok_bet datatype="string">2382</ref_dok_bet>
<ref_dok_titel datatype="string">Skapa enhetlig myndighetssyn på risker</ref_dok_titel>
<ref_dok_subtitel datatype="string" />
<ref_dok_subtyp datatype="string">mot</ref_dok_subtyp>
<ref_dok_dokumentnamn datatype="string">Motion</ref_dok_dokumentnamn>
</referens>
<referens>
<referenstyp datatype="string">behandlar</referenstyp>
<uppgift datatype="string">motion 2018/19:1067 Effektiva tillståndsprocesser</uppgift>
<ref_dok_id datatype="string">H6021067</ref_dok_id>
<ref_dok_typ datatype="string">mot</ref_dok_typ>
<ref_dok_rm datatype="string">2018/19</ref_dok_rm>
<ref_dok_bet datatype="string">1067</ref_dok_bet>
<ref_dok_titel datatype="string">Effektiva tillståndsprocesser</ref_dok_titel>
<ref_dok_subtitel datatype="string" />
<ref_dok_subtyp datatype="string">mot</ref_dok_subtyp>
<ref_dok_dokumentnamn datatype="string">Motion</ref_dok_dokumentnamn>
</referens>
<referens>
<referenstyp datatype="string">behandlar</referenstyp>
<uppgift datatype="string">motion 2018/19:2603 Vindkraft i fjällvärlden</uppgift>
<ref_dok_id datatype="string">H6022603</ref_dok_id>
<ref_dok_typ datatype="string">mot</ref_dok_typ>
<ref_dok_rm datatype="string">2018/19</ref_dok_rm>
<ref_dok_bet datatype="string">2603</ref_dok_bet>
<ref_dok_titel datatype="string">Vindkraft i fjällvärlden</ref_dok_titel>
<ref_dok_subtitel datatype="string" />
<ref_dok_subtyp datatype="string">mot</ref_dok_subtyp>
<ref_dok_dokumentnamn datatype="string">Motion</ref_dok_dokumentnamn>
</referens>
<referens>
<referenstyp datatype="string">behandlar</referenstyp>
<uppgift datatype="string">motion 2018/19:1293 Äganderätt i Sverige</uppgift>
<ref_dok_id datatype="string">H6021293</ref_dok_id>
<ref_dok_typ datatype="string">mot</ref_dok_typ>
<ref_dok_rm datatype="string">2018/19</ref_dok_rm>
<ref_dok_bet datatype="string">1293</ref_dok_bet>
<ref_dok_titel datatype="string">Äganderätt i Sverige</ref_dok_titel>
<ref_dok_subtitel datatype="string" />
<ref_dok_subtyp datatype="string">mot</ref_dok_subtyp>
<ref_dok_dokumentnamn datatype="string">Motion</ref_dok_dokumentnamn>
</referens>
<referens>
<referenstyp datatype="string">behandlar</referenstyp>
<uppgift datatype="string">motion 2018/19:2067 Hållbarhetskrav i vindkraftsplanering</uppgift>
<ref_dok_id datatype="string">H6022067</ref_dok_id>
<ref_dok_typ datatype="string">mot</ref_dok_typ>
<ref_dok_rm datatype="string">2018/19</ref_dok_rm>
<ref_dok_bet datatype="string">2067</ref_dok_bet>
<ref_dok_titel datatype="string">Hållbarhetskrav i vindkraftsplanering</ref_dok_titel>
<ref_dok_subtitel datatype="string" />
<ref_dok_subtyp datatype="string">mot</ref_dok_subtyp>
<ref_dok_dokumentnamn datatype="string">Motion</ref_dok_dokumentnamn>
</referens>
<referens>
<referenstyp datatype="string">behandlar</referenstyp>
<uppgift datatype="string">motion 2018/19:2425 Landsbygd och regional utveckling</uppgift>
<ref_dok_id datatype="string">H6022425</ref_dok_id>
<ref_dok_typ datatype="string">mot</ref_dok_typ>
<ref_dok_rm datatype="string">2018/19</ref_dok_rm>
<ref_dok_bet datatype="string">2425</ref_dok_bet>
<ref_dok_titel datatype="string">Landsbygd och regional utveckling</ref_dok_titel>
<ref_dok_subtitel datatype="string" />
<ref_dok_subtyp datatype="string">mot</ref_dok_subtyp>
<ref_dok_dokumentnamn datatype="string">Motion</ref_dok_dokumentnamn>
</referens>
<referens>
<referenstyp datatype="string">behandlar</referenstyp>
<uppgift datatype="string">motion 2018/19:1291 Jakt och vilt</uppgift>
<ref_dok_id datatype="string">H6021291</ref_dok_id>
<ref_dok_typ datatype="string">mot</ref_dok_typ>
<ref_dok_rm datatype="string">2018/19</ref_dok_rm>
<ref_dok_bet datatype="string">1291</ref_dok_bet>
<ref_dok_titel datatype="string">Jakt och vilt</ref_dok_titel>
<ref_dok_subtitel datatype="string" />
<ref_dok_subtyp datatype="string">mot</ref_dok_subtyp>
<ref_dok_dokumentnamn datatype="string">Motion</ref_dok_dokumentnamn>
</referens>
<referens>
<referenstyp datatype="string">behandlar</referenstyp>
<uppgift datatype="string">motion 2018/19:1328 Stärk äganderätten</uppgift>
<ref_dok_id datatype="string">H6021328</ref_dok_id>
<ref_dok_typ datatype="string">mot</ref_dok_typ>
<ref_dok_rm datatype="string">2018/19</ref_dok_rm>
<ref_dok_bet datatype="string">1328</ref_dok_bet>
<ref_dok_titel datatype="string">Stärk äganderätten</ref_dok_titel>
<ref_dok_subtitel datatype="string" />
<ref_dok_subtyp datatype="string">mot</ref_dok_subtyp>
<ref_dok_dokumentnamn datatype="string">Motion</ref_dok_dokumentnamn>
</referens>
<referens>
<referenstyp datatype="string">behandlar</referenstyp>
<uppgift datatype="string">motion 2018/19:1287 Det svenska jordbruket</uppgift>
<ref_dok_id datatype="string">H6021287</ref_dok_id>
<ref_dok_typ datatype="string">mot</ref_dok_typ>
<ref_dok_rm datatype="string">2018/19</ref_dok_rm>
<ref_dok_bet datatype="string">1287</ref_dok_bet>
<ref_dok_titel datatype="string">Det svenska jordbruket</ref_dok_titel>
<ref_dok_subtitel datatype="string" />
<ref_dok_subtyp datatype="string">mot</ref_dok_subtyp>
<ref_dok_dokumentnamn datatype="string">Motion</ref_dok_dokumentnamn>
</referens>
<referens>
<referenstyp datatype="string">behandlar</referenstyp>
<uppgift datatype="string">motion 2018/19:2005 Frys grön infrastruktur tills det utretts hur brukanderätten påverkas </uppgift>
<ref_dok_id datatype="string">H6022005</ref_dok_id>
<ref_dok_typ datatype="string">mot</ref_dok_typ>
<ref_dok_rm datatype="string">2018/19</ref_dok_rm>
<ref_dok_bet datatype="string">2005</ref_dok_bet>
<ref_dok_titel datatype="string">Frys grön infrastruktur tills det utretts hur brukanderätten påverkas </ref_dok_titel>
<ref_dok_subtitel datatype="string" />
<ref_dok_subtyp datatype="string">mot</ref_dok_subtyp>
<ref_dok_dokumentnamn datatype="string">Motion</ref_dok_dokumentnamn>
</referens>
<referens>
<referenstyp datatype="string">behandlar</referenstyp>
<uppgift datatype="string">motion 2018/19:1702 Byggnation av djurstallar</uppgift>
<ref_dok_id datatype="string">H6021702</ref_dok_id>
<ref_dok_typ datatype="string">mot</ref_dok_typ>
<ref_dok_rm datatype="string">2018/19</ref_dok_rm>
<ref_dok_bet datatype="string">1702</ref_dok_bet>
<ref_dok_titel datatype="string">Byggnation av djurstallar</ref_dok_titel>
<ref_dok_subtitel datatype="string" />
<ref_dok_subtyp datatype="string">mot</ref_dok_subtyp>
<ref_dok_dokumentnamn datatype="string">Motion</ref_dok_dokumentnamn>
</referens>
<referens>
<referenstyp datatype="string">behandlar</referenstyp>
<uppgift datatype="string">motion 2018/19:1333 Jakten på privat ägande</uppgift>
<ref_dok_id datatype="string">H6021333</ref_dok_id>
<ref_dok_typ datatype="string">mot</ref_dok_typ>
<ref_dok_rm datatype="string">2018/19</ref_dok_rm>
<ref_dok_bet datatype="string">1333</ref_dok_bet>
<ref_dok_titel datatype="string">Jakten på privat ägande</ref_dok_titel>
<ref_dok_subtitel datatype="string" />
<ref_dok_subtyp datatype="string">mot</ref_dok_subtyp>
<ref_dok_dokumentnamn datatype="string">Motion</ref_dok_dokumentnamn>
</referens>
<referens>
<referenstyp datatype="string">behandlar</referenstyp>
<uppgift datatype="string">Skrivelse 2017/18:265 Miljömålen - med sikte på framtiden</uppgift>
<ref_dok_id datatype="string">H503265</ref_dok_id>
<ref_dok_typ datatype="string">prop</ref_dok_typ>
<ref_dok_rm datatype="string">2017/18</ref_dok_rm>
<ref_dok_bet datatype="string">265</ref_dok_bet>
<ref_dok_titel datatype="string">Miljömålen - med sikte på framtiden</ref_dok_titel>
<ref_dok_subtitel datatype="string" />
<ref_dok_subtyp datatype="string">skr</ref_dok_subtyp>
<ref_dok_dokumentnamn datatype="string">Skrivelse</ref_dok_dokumentnamn>
</referens>
</dokreferens>
<debatt /></dokumentstatus>