<dokumentstatus>
  <dokument>
    <hangar_id datatype="int32">5020692</hangar_id>
    <dok_id datatype="string">H601JuU32</dok_id>
    <rm datatype="string">2018/19</rm>
    <beteckning datatype="string">JuU32</beteckning>
    <typ datatype="string">bet</typ>
    <subtyp datatype="string">bet</subtyp>
    <doktyp datatype="string">bet</doktyp>
    <typrubrik datatype="string">Betänkande 2018/19:JuU32</typrubrik>
    <dokumentnamn datatype="string">Betänkande</dokumentnamn>
    <debattnamn datatype="string">Debatt om förslag</debattnamn>
    <tempbeteckning datatype="string"></tempbeteckning>
    <organ datatype="string">JuU</organ>
    <mottagare datatype="string"></mottagare>
    <nummer datatype="int32">32</nummer>
    <slutnummer datatype="int32">0</slutnummer>
    <datum datatype="datetime">2019-01-29 00:00:00</datum>
    <systemdatum datatype="datetime">2019-01-29 18:01:24</systemdatum>
    <publicerad datatype="datetime">2019-01-29 18:01:23</publicerad>
    <titel datatype="string">Färre i häkte och minskad isolering</titel>
    <subtitel datatype="string"></subtitel>
    <status datatype="string">planerat</status>
    <htmlformat datatype="string"></htmlformat>
    <relaterat_id datatype="string"></relaterat_id>
    <source datatype="string">Brus</source>
    <sourceid datatype="string">e2268642-1f3b-4baa-99ce-4e95101d35a9</sourceid>
    <dokument_url_text datatype="stext">http://data.riksdagen.se/dokument/H601JuU32/text</dokument_url_text>
    <dokument_url_html datatype="stext">http://data.riksdagen.se/dokument/H601JuU32</dokument_url_html>
    <dokumentstatus_url_xml datatype="stext">http://data.riksdagen.se/dokumentstatus/H601JuU32</dokumentstatus_url_xml>
    <utskottsforslag_url_xml datatype="stext">http://data.riksdagen.se/utskottsforslag/H601JuU32</utskottsforslag_url_xml>
    <html datatype="text">&lt;h2&gt;Färre i häkte och minskad isolering&lt;/h2&gt;
Dokumentet är inte publicerat</html>
  </dokument>
<dokaktivitet>
<aktivitet>
<kod datatype="string">UBE</kod>
<namn datatype="string">Beredning</namn>
<datum datatype="datetime">2019-05-09 00:00:00</datum>
<status datatype="string">planerat</status>
<ordning datatype="int32">0</ordning>
<process datatype="string" />
</aktivitet>
<aktivitet>
<kod datatype="string">JUS</kod>
<namn datatype="string">Justering</namn>
<datum datatype="datetime">2019-05-28 00:00:00</datum>
<status datatype="string">planerat</status>
<ordning datatype="int32">0</ordning>
<process datatype="string" />
</aktivitet>
<aktivitet>
<kod datatype="string">TRY</kod>
<namn datatype="string">Trycklov</namn>
<datum datatype="datetime">2019-05-29 00:00:00</datum>
<status datatype="string">planerat</status>
<ordning datatype="int32">0</ordning>
<process datatype="string" />
</aktivitet>
</dokaktivitet>
<debatt /></dokumentstatus>