<dokumentstatus>
  <dokument>
    <hangar_id datatype="int32">5003617</hangar_id>
    <dok_id datatype="string">H601FiU15</dok_id>
    <rm datatype="string">2018/19</rm>
    <beteckning datatype="string">FiU15</beteckning>
    <typ datatype="string">bet</typ>
    <subtyp datatype="string">bet</subtyp>
    <doktyp datatype="string">bet</doktyp>
    <typrubrik datatype="string">Betänkande 2018/19:FiU15</typrubrik>
    <dokumentnamn datatype="string">Betänkande</dokumentnamn>
    <debattnamn datatype="string">Debatt om förslag</debattnamn>
    <tempbeteckning datatype="string"></tempbeteckning>
    <organ datatype="string">FiU</organ>
    <mottagare datatype="string"></mottagare>
    <nummer datatype="int32">15</nummer>
    <slutnummer datatype="int32">0</slutnummer>
    <datum datatype="datetime">2018-11-07 00:00:00</datum>
    <systemdatum datatype="datetime">2018-11-14 18:00:41</systemdatum>
    <publicerad datatype="datetime">2018-09-24 13:55:50</publicerad>
    <titel datatype="string">Finansiella företags uppgifter till brottsutredande myndigheter</titel>
    <subtitel datatype="string"></subtitel>
    <status datatype="string">Webbpublicering</status>
    <htmlformat datatype="string">html</htmlformat>
    <relaterat_id datatype="string"></relaterat_id>
    <source datatype="string">RIM</source>
    <sourceid datatype="string">9f0fa3a6-44cb-45e7-b495-f26c05db6026</sourceid>
    <dokument_url_text datatype="stext">http://data.riksdagen.se/dokument/H601FiU15/text</dokument_url_text>
    <dokument_url_html datatype="stext">http://data.riksdagen.se/dokument/H601FiU15</dokument_url_html>
    <dokumentstatus_url_xml datatype="stext">http://data.riksdagen.se/dokumentstatus/H601FiU15</dokumentstatus_url_xml>
    <utskottsforslag_url_xml datatype="stext">http://data.riksdagen.se/utskottsforslag/H601FiU15</utskottsforslag_url_xml>
    <html datatype="text">&lt;style&gt;&lt;!--
 .w600px{width: 600px;font-family:Verdana, Geneva, sans-serif}
h2.dtyp{font-size:1.5em !important;} 
/********************************************************************************************************/
/* Styles for D:\Logs\DocumentConverter\\Output_bebd877d-8bdf-4890-acfc-12884f44b169\HTML\Dokument.html */
/* Generated by Aspose.Words for .NET 15.3.0.0                                                          */
/********************************************************************************************************/

@page Section1 { size:467.8pt 686.05pt; margin:45.35pt 102.05pt 73.7pt 70.85pt }
div.Section1 { page:Section1 }
zbody { text-align:justify; line-height:12.5pt; font-family:'Verdana'; font-size:9.5pt }
zh1, h2, h3, h4, h5, h6, p { margin:3.1pt 0pt 0pt }
zli, table { margin-top:3.1pt; margin-bottom:0pt }
zh1 { margin-top:3.1pt; margin-bottom:12pt; text-align:left; page-break-after:avoid; line-height:12.5pt; font-family:'Verdana'; font-size:16pt; font-weight:normal }
zh2 { margin-top:20pt; margin-bottom:6pt; text-align:left; page-break-inside:avoid; page-break-after:avoid; line-height:12.5pt; font-family:'Verdana'; font-size:13.5pt; font-weight:normal }
zh3 { margin-top:20pt; margin-bottom:3.1pt; text-align:left; page-break-inside:avoid; page-break-after:avoid; line-height:12.5pt; font-family:'Verdana'; font-size:10.5pt; font-weight:bold }
zh4 { margin-top:15pt; margin-bottom:3.1pt; text-align:left; page-break-inside:avoid; page-break-after:avoid; line-height:12.5pt; font-family:'Verdana'; font-size:10.5pt; font-weight:normal; font-style:italic; color:#000000 }
zh5 { margin-top:6.25pt; margin-bottom:0pt; text-align:justify; page-break-inside:avoid; page-break-after:avoid; line-height:12.5pt; font-family:'Verdana'; font-size:9.5pt; font-weight:bold }
zh6 { margin-top:6.25pt; margin-bottom:0pt; text-align:justify; page-break-inside:avoid; page-break-after:avoid; line-height:12.5pt; font-family:'Verdana'; font-size:9.5pt; font-weight:normal; font-style:italic; color:#000000 }
.Heading7 { margin-top:2pt; margin-bottom:0pt; text-align:justify; page-break-inside:avoid; page-break-after:avoid; line-height:12.5pt; font-family:'Verdana'; font-size:9.5pt; font-weight:normal; font-style:italic; color:#243f60 }
.Heading8 { margin-top:2pt; margin-bottom:0pt; text-align:justify; page-break-inside:avoid; page-break-after:avoid; line-height:12.5pt; font-family:'Verdana'; font-size:9pt; font-weight:normal; color:#272727 }
.Heading9 { margin-top:2pt; margin-bottom:0pt; text-align:justify; page-break-inside:avoid; page-break-after:avoid; line-height:12.5pt; font-family:'Verdana'; font-size:9pt; font-weight:normal; font-style:italic; color:#272727 }
.Avsnittsrubrik { margin-top:0pt; margin-bottom:27.7pt; text-align:left; page-break-before:always; page-break-after:avoid; line-height:normal; font-family:'Verdana'; font-size:16pt }
.Avvikandemeningrubrik { margin-top:0pt; margin-bottom:3.1pt; text-align:left; page-break-inside:avoid; page-break-after:avoid; line-height:12.5pt; font-family:'Verdana'; font-size:10.5pt; font-weight:bold }
.BalloonText { margin-top:3.1pt; margin-bottom:0pt; text-align:justify; line-height:normal; font-family:Tahoma; font-size:8pt }
.Bilaga { margin-top:0pt; margin-bottom:0pt; text-align:left; page-break-before:always; page-break-after:avoid; line-height:normal; widows:0; orphans:0; font-family:'Verdana'; font-size:8pt; font-variant:small-caps; text-decoration:underline }
.Bilagerubrik { margin-top:0pt; margin-bottom:17.7pt; text-align:left; page-break-after:auto; line-height:normal; widows:0; orphans:0; font-family:'Verdana'; font-size:16pt }
.Bild-Rubrik { margin-top:8pt; margin-bottom:0pt; text-align:justify; page-break-inside:avoid; page-break-after:avoid; line-height:10pt; font-family:'Verdana'; font-size:9.5pt; font-weight:bold }
.Bild-Underrubrik { margin-top:0pt; margin-bottom:1pt; text-align:left; page-break-inside:avoid; page-break-after:avoid; line-height:8pt; font-family:'Verdana'; font-size:8pt; font-weight:normal; font-style:italic }
.BodyText { margin-top:3.1pt; margin-bottom:0pt; text-align:left; line-height:12.5pt; font-family:'Verdana'; font-size:9.5pt }
.BodyTextIndent2 { margin-top:3.1pt; margin-left:14.15pt; margin-bottom:6pt; text-align:justify; line-height:200%; font-family:'Verdana'; font-size:9.5pt }
.Citatindrag { margin-top:0pt; margin-left:14.2pt; margin-bottom:6.1pt; text-indent:14.2pt; text-align:justify; line-height:10pt; font-family:'Verdana'; font-size:9.5pt }
.CommentText { margin-top:3.1pt; margin-bottom:0pt; text-align:justify; line-height:normal; font-family:'Verdana'; font-size:10pt }
.Deltagare { margin-top:0pt; margin-bottom:0pt; text-align:justify; page-break-inside:avoid; page-break-after:avoid; line-height:9.5pt; font-family:'Verdana'; font-size:9.5pt }
.Diagram-Rubrik { margin-top:8pt; margin-bottom:0pt; text-align:justify; page-break-inside:avoid; page-break-after:avoid; line-height:10pt; font-family:'Verdana'; font-size:9.5pt; font-weight:bold }
.Diagram-Underrubrik { margin-top:0pt; margin-bottom:1pt; text-align:left; page-break-inside:avoid; page-break-after:avoid; line-height:8pt; font-family:'Verdana'; font-size:8pt; font-weight:normal; font-style:italic }
.DokumentRubrik { margin-top:6pt; margin-bottom:24pt; text-align:left; line-height:normal; border-bottom-style:solid; border-bottom-width:0.75pt; border-bottom-color:#000000; padding-bottom:4pt; font-family:'Verdana'; font-size:18pt }
.Dokumentbeteckning { margin-top:0pt; margin-bottom:0pt; text-align:left; page-break-inside:avoid; page-break-after:avoid; line-height:12.5pt; font-family:'Verdana'; font-size:16pt }
.Footer { margin-top:3.1pt; margin-bottom:0pt; text-align:justify; line-height:normal; font-family:'Verdana'; font-size:9.5pt }
.FootnoteText { margin-top:0pt; margin-bottom:0pt; text-align:justify; line-height:8pt; font-family:'Verdana'; font-size:8pt }
.Fotnotstextindrag { margin-top:0pt; margin-left:5.65pt; margin-bottom:0pt; text-align:left; line-height:8pt; font-family:'Verdana'; font-size:8pt }
.Frslagspunkt { margin-top:0pt; margin-bottom:0pt; text-align:left; page-break-inside:avoid; page-break-after:avoid; line-height:12.5pt; font-family:'Verdana'; font-size:9.5pt; font-weight:bold }
.Frslagstext { margin-top:0pt; margin-bottom:0pt; text-align:justify; line-height:12.5pt; font-family:'Verdana'; font-size:9.5pt }
.Frteckningsrubrik { margin-top:9.6pt; margin-bottom:3.1pt; text-align:left; page-break-inside:avoid; page-break-after:avoid; line-height:normal; font-family:'Verdana'; font-size:9.5pt; font-weight:normal; font-style:italic; color:#000000 }
.Grupprubrik { margin-top:6pt; margin-bottom:0pt; text-align:left; page-break-inside:avoid; page-break-after:avoid; line-height:12.5pt; font-family:'Verdana'; font-size:9.5pt; font-style:italic }
.Grupprubrikindrag { margin-top:6pt; margin-left:22.1pt; margin-bottom:0pt; text-align:left; page-break-inside:avoid; page-break-after:avoid; line-height:12.5pt; font-family:'Verdana'; font-size:9.5pt; font-style:italic }
.Header { margin-top:0pt; margin-bottom:0pt; text-align:justify; line-height:normal; font-family:'Verdana'; font-size:7.5pt; font-variant:small-caps }
.Innehllsfrteckning { margin-top:0pt; margin-bottom:17.7pt; text-align:left; page-break-before:always; page-break-after:auto; line-height:normal; font-family:'Verdana'; font-size:16pt }
.Kantrubrik { margin-top:0pt; margin-bottom:0pt; text-align:justify; line-height:normal; font-family:'Verdana'; font-size:7.5pt }
.ListBullet { margin-top:6.25pt; margin-left:17.85pt; margin-bottom:6.25pt; text-indent:-17.85pt; text-align:justify; line-height:12.5pt; font-family:'Verdana'; font-size:9.5pt }
.ListParagraph { margin-top:3.1pt; margin-left:28.35pt; margin-bottom:0pt; text-align:justify; line-height:12.5pt; font-family:'Verdana'; font-size:9.5pt }
.Litentext { margin-top:0pt; margin-bottom:0pt; text-align:justify; line-height:normal; font-family:'Verdana'; font-size:8pt }
.Mellanrubrik { margin-top:11pt; margin-bottom:3.1pt; text-align:left; page-break-after:avoid; line-height:12.5pt; font-family:'Verdana'; font-size:9.5pt; font-style:italic }
.Mellanrum { margin-top:0pt; margin-bottom:0pt; text-align:left; page-break-before:auto; page-break-after:auto; line-height:1pt; widows:0; orphans:0; font-family:'Verdana'; font-size:1pt; font-variant:small-caps; text-decoration:none; color:#ffffff }
.NormalIndent { margin-top:0pt; margin-bottom:0pt; text-indent:11.35pt; text-align:justify; line-height:12.5pt; font-family:'Verdana'; font-size:9.5pt }
.Normalinskjuten { margin-top:0pt; margin-left:22.1pt; margin-bottom:0pt; text-align:justify; line-height:12.5pt; font-family:'Verdana'; font-size:9.5pt }
.Normalinskjutenindrag { margin-top:0pt; margin-left:22.1pt; margin-bottom:0pt; text-indent:11.35pt; text-align:justify; line-height:12.5pt; font-family:'Verdana'; font-size:9.5pt }
.Normalinskjutenkursiv { margin-top:6pt; margin-bottom:0pt; line-height:normal; font-family:'Verdana'; font-size:10pt; font-style:italic }
.Normalkursiv { margin-top:3.1pt; margin-bottom:0pt; text-align:left; line-height:12.5pt; font-family:'Verdana'; font-size:9.5pt; font-style:italic }
.Normalruta { margin:3.1pt 5.65pt 0pt; text-align:justify; page-break-inside:avoid; page-break-after:avoid; line-height:12.5pt; border-top-style:solid; border-top-width:0.75pt; border-top-color:#000000; border-right-style:solid; border-right-width:0.75pt; border-right-color:#000000; border-left-style:solid; border-left-width:0.75pt; border-left-color:#000000; border-bottom-style:solid; border-bottom-width:0.75pt; border-bottom-color:#000000; padding-top:4pt; padding-right:4pt; padding-left:4pt; padding-bottom:4pt; font-family:'Verdana'; font-size:10.5pt }
.Normalrutafet { margin:3.1pt 5.65pt 0pt; text-align:justify; page-break-inside:avoid; page-break-after:avoid; line-height:12.5pt; border-top-style:solid; border-top-width:0.75pt; border-top-color:#000000; border-right-style:solid; border-right-width:0.75pt; border-right-color:#000000; border-left-style:solid; border-left-width:0.75pt; border-left-color:#000000; border-bottom-style:solid; border-bottom-width:0.75pt; border-bottom-color:#000000; padding-top:4pt; padding-right:4pt; padding-left:4pt; padding-bottom:4pt; font-family:'Verdana'; font-size:10.5pt; font-weight:bold }
.Normalrutaindrag { margin:0pt 5.65pt; text-indent:11.35pt; text-align:justify; page-break-inside:avoid; page-break-after:avoid; line-height:12.5pt; border-top-style:solid; border-top-width:0.75pt; border-top-color:#000000; border-right-style:solid; border-right-width:0.75pt; border-right-color:#000000; border-left-style:solid; border-left-width:0.75pt; border-left-color:#000000; border-bottom-style:solid; border-bottom-width:0.75pt; border-bottom-color:#000000; padding-top:4pt; padding-right:4pt; padding-left:4pt; padding-bottom:4pt; font-family:'Verdana'; font-size:10.5pt }
.Normalutanluftfre { margin-top:0pt; margin-bottom:0pt; text-align:justify; line-height:12.5pt; font-family:'Verdana'; font-size:9.5pt }
.NormalNoll { margin-top:0pt; margin-bottom:3.1pt; text-align:left; line-height:12.5pt; font-family:'Verdana'; font-size:10.5pt; font-weight:bold }
.NumlistaTOC { margin:3.1pt 28.35pt 0pt 0pt; text-indent:0pt; text-align:left; line-height:normal; font-family:'Verdana'; font-size:9.5pt }
.Ordfranden { margin-top:3.1pt; margin-bottom:22pt; text-align:left; page-break-inside:avoid; page-break-after:avoid; line-height:normal; font-family:'Verdana'; font-size:9.5pt; font-style:italic }
.OrtochDatum { margin-top:18pt; margin-bottom:18pt; text-align:left; page-break-inside:avoid; page-break-after:avoid; line-height:normal; font-family:'Verdana'; font-size:9.5pt }
.Punktlistabomb { margin-top:6.25pt; margin-left:14.2pt; margin-bottom:6.25pt; text-indent:-14.2pt; text-align:justify; line-height:12.5pt; font-family:'Verdana'; font-size:9.5pt }
.Punktlistagemener { margin-top:6.25pt; margin-left:14.2pt; margin-bottom:6.25pt; text-indent:-14.2pt; text-align:justify; line-height:12.5pt; font-family:'Verdana'; font-size:9.5pt }
.Punktlistalinje { margin-top:6.25pt; margin-left:14.2pt; margin-bottom:6.25pt; text-indent:-14.2pt; text-align:justify; line-height:12.5pt; font-family:'Verdana'; font-size:9.5pt }
.Punktlistasiffra { margin-top:6.25pt; margin-left:14.2pt; margin-bottom:6.25pt; text-indent:-14.2pt; text-align:justify; line-height:12.5pt; font-family:'Verdana'; font-size:9.5pt }
.PVgnar { margin-top:3.1pt; margin-bottom:26pt; text-align:left; page-break-inside:avoid; page-break-after:avoid; line-height:normal; font-family:'Verdana'; font-size:9.5pt }
.Quote { margin-top:6.1pt; margin-left:14.2pt; margin-bottom:0pt; text-align:justify; line-height:10pt; font-family:'Verdana'; font-size:9.5pt }
.R1 { margin-top:3.1pt; margin-bottom:12pt; text-align:left; page-break-after:avoid; line-height:12.5pt; font-family:'Verdana'; font-size:16pt }
.R1bilaga { margin-top:3.1pt; margin-bottom:12pt; text-align:left; page-break-after:auto; line-height:12.5pt; font-family:'Verdana'; font-size:16pt }
.R2 { margin-top:20pt; margin-bottom:6pt; text-align:left; page-break-inside:avoid; page-break-after:avoid; line-height:12.5pt; font-family:'Verdana'; font-size:13.5pt }
.R3 { margin-top:20pt; margin-bottom:3.1pt; text-align:left; page-break-inside:avoid; page-break-after:avoid; line-height:12.5pt; font-family:'Verdana'; font-size:10.5pt; font-weight:bold }
.R4 { margin-top:15pt; margin-bottom:3.1pt; text-align:left; page-break-inside:avoid; page-break-after:avoid; line-height:12.5pt; font-family:'Verdana'; font-size:10.5pt; font-weight:normal; font-style:italic; color:#000000 }
.R5 { margin-top:6.25pt; margin-bottom:0pt; text-align:justify; page-break-inside:avoid; page-break-after:avoid; line-height:12.5pt; font-family:'Verdana'; font-size:9.5pt; font-weight:bold }
.R6 { margin-top:6.25pt; margin-bottom:0pt; text-align:justify; page-break-inside:avoid; page-break-after:avoid; line-height:12.5pt; font-family:'Verdana'; font-size:9.5pt; font-weight:normal; font-style:italic; color:#000000 }
.Reservationshnvisning { margin-top:0pt; margin-bottom:8pt; text-align:right; line-height:12.5pt; font-family:'Verdana'; font-size:9.5pt; font-style:italic }
.Reservationsrubrik { margin-top:0pt; margin-bottom:3.1pt; text-align:left; page-break-inside:avoid; page-break-after:avoid; line-height:12.5pt; font-family:'Verdana'; font-size:10.5pt; font-weight:bold }
.Rubrik1Dokumentinformation { margin-top:0pt; margin-bottom:0pt; text-align:left; page-break-inside:avoid; page-break-after:avoid; line-height:12.5pt; font-family:'Verdana'; font-size:16pt }
.Rubrik1bilaga { margin-top:0pt; margin-bottom:27.7pt; text-align:left; page-break-after:auto; line-height:12.5pt; font-family:'Verdana'; font-size:16pt }
.Rubrik1medsidhuvud { margin-top:3.1pt; margin-bottom:12pt; text-align:left; page-break-before:always; page-break-after:avoid; line-height:12.5pt; font-family:'Verdana'; font-size:16pt }
.Rubrik1numrerat { margin-top:3.1pt; margin-left:0pt; margin-bottom:12pt; text-indent:0pt; text-align:left; page-break-after:avoid; line-height:12.5pt; font-family:'Verdana'; font-size:16pt }
.Rubrik1numreratmedsidhuvud { margin-top:0pt; margin-left:0pt; margin-bottom:16pt; text-indent:0pt; text-align:left; page-break-before:always; page-break-after:avoid; line-height:normal; font-family:'Verdana'; font-size:16pt }
.Rubrik2bilaga { margin-top:20pt; margin-bottom:6pt; text-align:left; page-break-inside:avoid; page-break-after:avoid; line-height:12.5pt; font-family:'Verdana'; font-size:13.5pt }
.Rubrik2numrerat { margin-top:20pt; margin-left:0pt; margin-bottom:6pt; text-indent:0pt; text-align:left; page-break-inside:avoid; page-break-after:avoid; line-height:12.5pt; font-family:'Verdana'; font-size:13.5pt }
.Rubrik3numrerat { margin-top:20pt; margin-left:0pt; margin-bottom:3.1pt; text-indent:0pt; text-align:left; page-break-inside:avoid; page-break-after:avoid; line-height:12.5pt; font-family:'Verdana'; font-size:10.5pt; font-weight:bold }
.Sammanfattning { margin-top:3.1pt; margin-bottom:12pt; text-align:left; page-break-after:auto; line-height:12.5pt; font-family:'Verdana'; font-size:16pt }
.Sidhuvudhgerstlld { margin-top:0pt; margin-bottom:0pt; text-align:right; line-height:normal; font-family:'Verdana'; font-size:7.5pt; font-variant:small-caps }
.Sidhuvudvnsterstlld { margin-top:0pt; margin-bottom:0pt; text-align:left; line-height:normal; font-family:'Verdana'; font-size:7.5pt; font-variant:small-caps }
.Stdrubrik { margin-top:12pt; margin-bottom:0pt; line-height:12pt; font-family:'Verdana'; font-size:9.5pt; font-weight:bold }
.Srskiltyttranderubrik { margin-top:0pt; margin-bottom:3.1pt; text-align:left; page-break-inside:avoid; page-break-after:avoid; line-height:12.5pt; font-family:'Verdana'; font-size:10.5pt; font-weight:bold }
.TOC1 { margin-top:0pt; margin-right:28.35pt; margin-bottom:0pt; text-align:left; line-height:normal; font-family:'Verdana'; font-size:9.5pt }
.TOC2 { margin:0pt 28.35pt 0pt 5.65pt; text-align:left; line-height:normal; font-family:'Verdana'; font-size:9.5pt }
.TOC3 { margin:0pt 28.35pt 0pt 11.35pt; text-align:left; line-height:normal; font-family:'Verdana'; font-size:9.5pt }
.TOC4 { margin:0pt 28.35pt 0pt 17pt; text-align:left; line-height:normal; font-family:'Verdana'; font-size:9.5pt }
.TOC5 { margin:0pt 28.35pt 0pt 22.7pt; text-align:left; line-height:normal; font-family:'Verdana'; font-size:9.5pt }
.TOC6 { margin-top:0pt; margin-left:47.65pt; margin-bottom:0pt; text-align:left; line-height:normal; font-family:'Verdana'; font-size:9.5pt }
.TOC7 { margin-top:0pt; margin-right:28.35pt; margin-bottom:0pt; text-align:left; line-height:normal; font-family:'Verdana'; font-size:9.5pt }
.TOC8 { margin-top:0pt; margin-right:28.35pt; margin-bottom:0pt; text-align:left; line-height:normal; font-family:'Verdana'; font-size:9.5pt }
.TOC9 { margin-top:0pt; margin-left:8.5pt; margin-bottom:0pt; text-align:left; line-height:normal; font-family:'Verdana'; font-size:9.5pt }
.TOCHeading { margin-top:3.1pt; margin-bottom:9pt; text-align:left; page-break-before:always; page-break-inside:avoid; page-break-after:avoid; line-height:12.5pt; font-family:'Verdana'; font-size:16pt }
.Tabell-Kolumnrubrik { margin-bottom:0pt; line-height:12pt; font-family:'Verdana'; font-size:8pt; font-weight:bold }
.Tabell-Klla { margin-top:2pt; margin-bottom:0pt; line-height:8pt; font-family:'Verdana'; font-size:7pt }
.Tabell-Radrubrik { margin-bottom:0pt; line-height:12pt; font-family:'Verdana'; font-size:8pt }
.Tabell-Rubrik { margin-top:12pt; margin-bottom:3pt; text-align:left; page-break-inside:avoid; page-break-after:avoid; line-height:10pt; font-family:'Verdana'; font-size:9pt; font-weight:bold }
.Tabell-Siffror { margin-bottom:0pt; text-align:right; line-height:12pt; font-family:'Verdana'; font-size:8pt }
.Tabell-Text { margin-bottom:0pt; line-height:12pt; font-family:'Verdana'; font-size:8pt }
.Tabell-Underrubrik { margin-top:0pt; margin-bottom:1pt; text-align:left; page-break-inside:avoid; page-break-after:avoid; line-height:8pt; font-family:'Verdana'; font-size:8pt; font-weight:normal; font-style:italic }
.TableofFigures { margin-top:3.1pt; margin-bottom:0pt; text-align:justify; line-height:normal; font-family:'Verdana'; font-size:9.5pt }
.TillX-utskottet { margin-top:0pt; margin-bottom:12pt; text-align:left; page-break-after:avoid; line-height:12.5pt; font-family:'Verdana'; font-size:16pt }
.Title { margin-top:3.1pt; margin-bottom:1pt; text-align:left; line-height:12pt; font-family:'Verdana'; font-size:20pt; letter-spacing:-0.5pt }
.Vapen { margin-top:0pt; margin-bottom:0pt; text-align:left; page-break-inside:avoid; page-break-after:avoid; line-height:12.5pt; font-family:'Verdana'; font-size:16pt }
.Yrkandelista { margin-top:3.1pt; margin-left:28.35pt; margin-bottom:0pt; text-indent:-28.35pt; text-align:justify; line-height:12.5pt; font-family:'Verdana'; font-size:9.5pt }
.YrkandelistaEtt { margin-top:3.1pt; margin-left:0pt; margin-bottom:0pt; text-indent:0pt; text-align:justify; line-height:12.5pt; font-family:'Verdana'; font-size:9.5pt }
span.BallongtextChar { font-family:Tahoma; font-size:8pt }
span.BilagaChar { font-family:'Verdana'; font-size:8pt; font-variant:small-caps; text-decoration:underline }
span.BrdtextChar { font-family:'Verdana'; font-size:9.5pt }
span.BrdtextChar1 { font-family:'Verdana'; font-size:9.5pt }
span.Brdtextmedindrag2Char { font-family:'Verdana'; font-size:9.5pt }
span.CitatChar { font-family:'Verdana'; font-size:9.5pt }
span.DokumentRubrikChar { font-family:'Verdana'; font-size:18pt }
span.FootnoteReference { vertical-align:super }
span.FotnotstextChar { font-family:'Verdana'; font-size:8pt }
span.FotnotstextindragChar { font-family:'Verdana'; font-size:8pt }
span.FrslagspunktChar { font-family:'Verdana'; font-size:9.5pt; font-weight:bold; font-style:normal }
span.Hyperlink { text-decoration:none; color:#000000 }
span.KommentarerChar { font-family:'Verdana'; font-size:10pt }
span.NormalkursivChar { font-family:'Verdana'; font-size:9.5pt; font-style:italic }
span.NormaltindragChar { font-family:'Verdana'; font-size:9.5pt }
span.OrdfrandenChar { font-family:'Verdana'; font-size:9.5pt; font-style:italic }
span.OrtochDatumChar { font-family:'Verdana'; font-size:9.5pt }
span.PlaceholderText { color:#808080 }
span.PVgnarChar { font-family:'Verdana'; font-size:9.5pt }
span.ReservationshnvisningChar { font-family:'Verdana'; font-size:9.5pt; font-style:italic }
span.Rubrik1Char { font-family:'Verdana'; font-size:16pt }
span.Rubrik1DokumentinformationChar { font-family:'Verdana'; font-size:16pt }
span.Rubrik2Char { font-family:'Verdana'; font-size:13.5pt }
span.Rubrik3Char { font-family:'Verdana'; font-size:10.5pt; font-weight:bold }
span.Rubrik4Char { font-family:'Verdana'; font-size:10.5pt; font-style:italic; color:#000000 }
span.Rubrik5Char { font-family:'Verdana'; font-size:9.5pt; font-weight:bold }
span.Rubrik6Char { font-family:'Verdana'; font-size:9.5pt; font-style:italic; color:#000000 }
span.Rubrik7Char { font-family:'Verdana'; font-size:9.5pt; font-style:italic; color:#243f60 }
span.Rubrik8Char { font-family:'Verdana'; font-size:9pt; color:#272727 }
span.Rubrik9Char { font-family:'Verdana'; font-size:9pt; font-style:italic; color:#272727 }
span.RubrikChar { font-family:'Verdana'; font-size:20pt; letter-spacing:-0.5pt }
span.SidfotChar { font-family:'Verdana'; font-size:9.5pt }
span.SidhuvudChar { font-family:'Verdana'; font-size:7.5pt; font-variant:small-caps }
span.Tabell-Upphjttecken { font-family:'Verdana'; font-variant:normal; text-decoration:none; text-transform:none; vertical-align:super; display:inline }
span.VapenChar { font-family:'Verdana'; font-size:16pt }
span.tBilagaJA { color:#000000 }
span.tSidrubrikJA { color:#000000 }
.TableGrid {  }
.TableGrid0 {  }
--&gt;&lt;/style&gt;

		&lt;div class="Section1"&gt;
			&lt;table cellspacing="0" cellpadding="0" style="border-collapse:collapse; margin-left:0pt"&gt;
				&lt;tr style="height:79.4pt"&gt;
					&lt;td style="vertical-align:top; width:297.7pt"&gt;
						&lt;p class="Rubrik1Dokumentinformation" style="margin-top:0pt; margin-bottom:0pt; text-align:left; page-break-inside:avoid; page-break-after:avoid; line-height:16pt"&gt;
							&lt;span style="font-family:'Verdana'; font-size:16pt; -aw-sdt-tag:ccUtskott; -aw-sdt-title:'utskottsnamn Dokumentegenskap'"&gt;Finansutskottet&lt;/span&gt;&lt;span style="font-family:'Verdana'; font-size:16pt; -aw-sdt-tag:ccS; -aw-sdt-title:s"&gt;s&lt;/span&gt;&lt;span style="font-family:'Verdana'; font-size:16pt; -aw-sdt-tag:ccMellanslag; -aw-sdt-title:Mellanslag"&gt; &lt;/span&gt;&lt;a name="Utlatande"&gt;&lt;/a&gt;&lt;span style="font-family:'Verdana'; font-size:16pt"&gt;betänkande&lt;/span&gt;
						&lt;/p&gt;
						&lt;p class="Dokumentbeteckning" style="margin-top:0pt; margin-bottom:0pt; text-align:left; page-break-inside:avoid; page-break-after:avoid; line-height:16pt"&gt;
							&lt;span style="font-family:'Verdana'; font-size:16pt; -aw-sdt-tag:ccRiksmote; -aw-sdt-title:'riksmote Dokumentegenskap'"&gt;2018/19&lt;/span&gt;&lt;span style="font-family:'Verdana'; font-size:16pt; -aw-sdt-tag:ccKolon; -aw-sdt-title:Kolon"&gt;:&lt;/span&gt;&lt;a name="Utskottebeteckning"&gt;&lt;/a&gt;&lt;span style="font-family:'Verdana'; font-size:16pt"&gt;FiU15&lt;/span&gt;
						&lt;/p&gt;
						&lt;p class="Rubrik1Dokumentinformation" style="margin-top:0pt; margin-bottom:0pt; text-align:left; page-break-inside:avoid; page-break-after:avoid; line-height:16pt"&gt;
							&lt;span style="font-family:'Verdana'; font-size:16pt"&gt; &lt;/span&gt;
						&lt;/p&gt;
					&lt;/td&gt;
				&lt;/tr&gt;
			&lt;/table&gt;
			&lt;p class="DokumentRubrik" style="-aw-sdt-tag:ccDokumentrubrik; -aw-sdt-title:'dokumentrubrik Dokumentegenskap'"&gt;
				&lt;span&gt;Finansiella företags uppgifter till brottsutredande myndigheter&lt;/span&gt;
			&lt;/p&gt;
			&lt;p class="Sammanfattning"&gt;
				&lt;span class="tSidrubrikJA"&gt;Sammanfattning&lt;/span&gt;
			&lt;/p&gt;
			&lt;p&gt;
				&lt;span&gt;Utskottet ställer sig bakom &lt;/span&gt;&lt;span&gt;regeringens förslag om att de uppgifter som finansiella företag enligt gällande lag är skyldiga att lämna till brottsutredande myndigheter ska lämnas utan dröjsmål och i elektronisk form. Förslaget innebär ändringar i ett antal rörelselagar på finansmarknadsområdet.&lt;/span&gt;&lt;span&gt; &lt;/span&gt;&lt;span&gt;De lagar som berörs är&lt;/span&gt;&lt;span&gt; lagen om värdepapperscentraler och kontoföring av finansiella instrument, lagen om värdepappersfonder, lagen om bank- och finansieringsrörelse, lagen om särskild tillsyn över finansiella konglomerat, lagen&lt;/span&gt;&lt;span&gt; &lt;/span&gt;&lt;span&gt;om värdepappersmarknaden, lagen om betaltjänster, försäkringsrörelselagen, lagen om elektroniska pengar, lagen om förvaltare av alternativa investeringsfonder och lagen om särskild tillsyn över kreditinstitut och värdepappersbolag.&lt;/span&gt;
			&lt;/p&gt;
			&lt;p class="NormalIndent"&gt;
				&lt;span&gt;Utskottet ställer sig även bakom regeringens förslag som innebär att det i lag kommer till uttryck att 2009 års förordning om gränsöverskridande betalningar i gemenskapen – i stället för 2001 års förordning&lt;/span&gt;&lt;span&gt;,&lt;/span&gt;&lt;span&gt; som upphävts – också ska tillämpas på gränsöverskridande betalningar i svenska kronor.&lt;/span&gt;&lt;span&gt; Sistnämnda f&lt;/span&gt;&lt;span&gt;örslag innebär ingen förändring i sak, utan endast att det tydliggörs i lagtexten vad som tidigare uttalats i lagens förarbeten. &lt;/span&gt;&lt;span&gt;Den lag som berörs är&lt;/span&gt;&lt;span&gt; lagen om avgifter för vissa gränsöverskridande betalningar.&lt;/span&gt;
			&lt;/p&gt;
			&lt;p class="NormalIndent"&gt;
				&lt;span&gt;Ing&lt;/span&gt;&lt;span&gt;a&lt;/span&gt;&lt;span&gt; följdmotion&lt;/span&gt;&lt;span&gt;er&lt;/span&gt;&lt;span&gt; har lämnats i ärendet.&lt;/span&gt;
			&lt;/p&gt;
			&lt;p class="NormalIndent"&gt;
				&lt;span&gt;Lagändringarna i fråga om finansiella företags uppgifter till brottsutredande myndigheter ska träda i kraft den 1 september 2019. Övriga lagändringar ska träda i kraft den 1 januari 2019.&lt;/span&gt;
			&lt;/p&gt;
			&lt;p class="R4"&gt;
				&lt;span&gt;Behandlade förslag&lt;/span&gt;
			&lt;/p&gt;
			&lt;p&gt;
				&lt;span&gt;P&lt;/span&gt;&lt;span&gt;roposition 2017/18:291 Finansiella företags uppgifter till brottsutredande myndigheter.&lt;/span&gt;
			&lt;/p&gt;
			&lt;p class="Innehllsfrteckning"&gt;
				&lt;a name="Innehållsförteckning"&gt;&lt;/a&gt;&lt;span class="tSidrubrikJA"&gt;Innehållsförteckning&lt;/span&gt;
			&lt;/p&gt;
			&lt;p class="TOC1"&gt;
				&lt;a style="color:#000000" href="#_Toc529278469"&gt;&lt;span class="Hyperlink"&gt;Utskottets förslag till riksdagsbeslut&lt;/span&gt;&lt;/a&gt;
			&lt;/p&gt;
			&lt;p class="TOC1"&gt;
				&lt;a style="color:#000000" href="#_Toc529278470"&gt;&lt;span class="Hyperlink"&gt;Redogörelse för ärendet&lt;/span&gt;&lt;/a&gt;
			&lt;/p&gt;
			&lt;p class="TOC1"&gt;
				&lt;a style="color:#000000" href="#_Toc529278471"&gt;&lt;span class="Hyperlink"&gt;Utskottets överväganden&lt;/span&gt;&lt;/a&gt;
			&lt;/p&gt;
			&lt;p class="TOC2" style="margin-bottom:0pt"&gt;
				&lt;a style="color:#000000" href="#_Toc529278472"&gt;&lt;span class="Hyperlink"&gt;Finansiella företags uppgifter till brottsutredande myndigheter&lt;/span&gt;&lt;/a&gt;
			&lt;/p&gt;
			&lt;p class="TOC2" style="margin-top:0pt"&gt;
				&lt;a style="color:#000000" href="#_Toc529278473"&gt;&lt;span class="Hyperlink"&gt;Gränsöverskridande betalningar i svenska kronor&lt;/span&gt;&lt;/a&gt;
			&lt;/p&gt;
			&lt;p class="TOC8"&gt;
				&lt;span class="Hyperlink" style="font-style:italic"&gt;Bilaga 1&lt;/span&gt;&lt;br /&gt;&lt;a style="color:#000000" href="#_Toc529278474"&gt;&lt;span class="Hyperlink"&gt;Förteckning över behandlade förslag&lt;/span&gt;&lt;/a&gt;
			&lt;/p&gt;
			&lt;p class="TOC9"&gt;
				&lt;a style="color:#000000" href="#_Toc529278475"&gt;&lt;span class="Hyperlink"&gt;Propositionen&lt;/span&gt;&lt;/a&gt;
			&lt;/p&gt;
			&lt;p class="TOC8"&gt;
				&lt;span class="Hyperlink" style="font-style:italic"&gt;Bilaga 2&lt;/span&gt;&lt;br /&gt;&lt;a style="color:#000000" href="#_Toc529278476"&gt;&lt;span class="Hyperlink"&gt;Regeringens lagförslag&lt;/span&gt;&lt;/a&gt;
			&lt;/p&gt;
			&lt;p&gt;
			&lt;/p&gt;
			&lt;p&gt;
				&lt;span&gt; &lt;/span&gt;
			&lt;/p&gt;
			&lt;p class="NormalIndent"&gt;
				&lt;span&gt; &lt;/span&gt;
			&lt;/p&gt;
			&lt;p class="Avsnittsrubrik"&gt;
				&lt;a name="StopCC"&gt;&lt;/a&gt;&lt;a name="_Toc529278469"&gt;&lt;span style="-aw-bookmark-end:StopCC"&gt;&lt;/span&gt;&lt;span class="tSidrubrikJA"&gt;Utskottets förslag till riksdagsbeslut&lt;/span&gt;&lt;/a&gt;
			&lt;/p&gt;
			&lt;p class="Mellanrum"&gt;
				&lt;span&gt; &lt;/span&gt;
			&lt;/p&gt;
			&lt;p class="Mellanrum"&gt;
				&lt;span&gt; &lt;/span&gt;
			&lt;/p&gt;
			&lt;table cellspacing="0" cellpadding="0" style="border-collapse:collapse; margin-left:0pt; width:294.2pt"&gt;
				&lt;tr&gt;
					&lt;td style="vertical-align:top; width:22pt"&gt;
						&lt;p style="margin-top:3.1pt; margin-bottom:0pt; text-align:justify; page-break-inside:avoid; page-break-after:avoid; line-height:12.5pt"&gt;
							&lt;span style="font-family:'Verdana'; font-size:10.5pt; font-weight:bold"&gt;1.&lt;/span&gt;
						&lt;/p&gt;
					&lt;/td&gt;
					&lt;td style="vertical-align:top; width:272.2pt"&gt;
						&lt;p style="margin-top:3.1pt; margin-bottom:0pt; text-align:justify; page-break-inside:avoid; page-break-after:avoid; line-height:12.5pt"&gt;
							&lt;span style="font-family:'Verdana'; font-size:10.5pt; font-weight:bold"&gt;Finansiella företags uppgifter till brottsutredande myndigheter&lt;/span&gt;
						&lt;/p&gt;
					&lt;/td&gt;
				&lt;/tr&gt;
			&lt;/table&gt;
			&lt;p class="Normalinskjuten" style="-aw-sdt-tag:'dokumentavsnitt/utskottets förslag till riksdagsbeslut/1097355039/1541511515553'; -aw-sdt-title:'utskottets förslag till riksdagsbeslut'"&gt;
				&lt;span&gt;Riksdagen antar&lt;/span&gt;&lt;span&gt; &lt;/span&gt;&lt;span&gt;regeringens förslag till&lt;/span&gt;
			&lt;/p&gt;
			&lt;p class="Normalinskjutenindrag" style="-aw-sdt-tag:'dokumentavsnitt/utskottets förslag till riksdagsbeslut/1097355039/1541511515553'; -aw-sdt-title:'utskottets förslag till riksdagsbeslut'"&gt;
				&lt;span&gt;1. lag om ändring i lagen (1998:1479) om värdepapperscentraler och kontoföring av finansiella instrument,&lt;/span&gt;
			&lt;/p&gt;
			&lt;p class="Normalinskjutenindrag" style="-aw-sdt-tag:'dokumentavsnitt/utskottets förslag till riksdagsbeslut/1097355039/1541511515553'; -aw-sdt-title:'utskottets förslag till riksdagsbeslut'"&gt;
				&lt;span&gt;2. lag om ändring i lagen (2004:46) om värdepappersfonder,&lt;/span&gt;
			&lt;/p&gt;
			&lt;p class="Normalinskjutenindrag" style="-aw-sdt-tag:'dokumentavsnitt/utskottets förslag till riksdagsbeslut/1097355039/1541511515553'; -aw-sdt-title:'utskottets förslag till riksdagsbeslut'"&gt;
				&lt;span&gt;3. lag om ändring i lagen (2004:297) om bank- och finansieringsrörelse, med den ändringen att&lt;/span&gt;&lt;span&gt; &lt;/span&gt;&lt;span&gt;16 kap. 1 § första stycket 13 ska avslutas med ett&lt;/span&gt;&lt;span&gt; &lt;/span&gt;&lt;span&gt;kommatecken,&lt;/span&gt;&lt;span&gt; &lt;/span&gt;
			&lt;/p&gt;
			&lt;p class="Normalinskjutenindrag" style="-aw-sdt-tag:'dokumentavsnitt/utskottets förslag till riksdagsbeslut/1097355039/1541511515553'; -aw-sdt-title:'utskottets förslag till riksdagsbeslut'"&gt;
				&lt;span&gt;4. lag om ändring i lagen (2006:531) om särskild tillsyn över finansiella konglomerat,&lt;/span&gt;
			&lt;/p&gt;
			&lt;p class="Normalinskjutenindrag" style="-aw-sdt-tag:'dokumentavsnitt/utskottets förslag till riksdagsbeslut/1097355039/1541511515553'; -aw-sdt-title:'utskottets förslag till riksdagsbeslut'"&gt;
				&lt;span&gt;5. lag om ändring i lagen (2007:528) om värdepappersmarknaden,&lt;/span&gt;
			&lt;/p&gt;
			&lt;p class="Normalinskjutenindrag" style="-aw-sdt-tag:'dokumentavsnitt/utskottets förslag till riksdagsbeslut/1097355039/1541511515553'; -aw-sdt-title:'utskottets förslag till riksdagsbeslut'"&gt;
				&lt;span&gt;6. lag om ändring i lagen (2010:751) om betaltjänster,&lt;/span&gt;
			&lt;/p&gt;
			&lt;p class="Normalinskjutenindrag" style="-aw-sdt-tag:'dokumentavsnitt/utskottets förslag till riksdagsbeslut/1097355039/1541511515553'; -aw-sdt-title:'utskottets förslag till riksdagsbeslut'"&gt;
				&lt;span&gt;7. lag om ändring i försäkringsrörelselagen (2010:2043),&lt;/span&gt;
			&lt;/p&gt;
			&lt;p class="Normalinskjutenindrag" style="-aw-sdt-tag:'dokumentavsnitt/utskottets förslag till riksdagsbeslut/1097355039/1541511515553'; -aw-sdt-title:'utskottets förslag till riksdagsbeslut'"&gt;
				&lt;span&gt;8. lag om ändring i lagen (2011:755) om elektroniska pengar,&lt;/span&gt;
			&lt;/p&gt;
			&lt;p class="Normalinskjutenindrag" style="-aw-sdt-tag:'dokumentavsnitt/utskottets förslag till riksdagsbeslut/1097355039/1541511515553'; -aw-sdt-title:'utskottets förslag till riksdagsbeslut'"&gt;
				&lt;span&gt;9. lag om ändring i lagen (2013:561) om förvaltare av alternativa investeringsfonder,&lt;/span&gt;
			&lt;/p&gt;
			&lt;p class="Normalinskjutenindrag" style="-aw-sdt-tag:'dokumentavsnitt/utskottets förslag till riksdagsbeslut/1097355039/1541511515553'; -aw-sdt-title:'utskottets förslag till riksdagsbeslut'"&gt;
				&lt;span&gt;10. lag om ändring i lagen (2018:000) om ändring i lagen (2017:1148) om ändring i lagen (2014:797) om ändring i lagen (2013:561) om förvaltare av alternativa investeringsfonder,&lt;/span&gt;
			&lt;/p&gt;
			&lt;p class="Normalinskjutenindrag" style="-aw-sdt-tag:'dokumentavsnitt/utskottets förslag till riksdagsbeslut/1097355039/1541511515553'; -aw-sdt-title:'utskottets förslag till riksdagsbeslut'"&gt;
				&lt;span&gt;11. lag om ändring i lagen (2018:000) om ändring i lagen (2017:1149) om ändring i lagen (2014:798) om ändring i lagen (2013:561) om förvaltare av alternativa investeringsfonder,&lt;/span&gt;
			&lt;/p&gt;
			&lt;p class="Normalinskjutenindrag" style="-aw-sdt-tag:'dokumentavsnitt/utskottets förslag till riksdagsbeslut/1097355039/1541511515553'; -aw-sdt-title:'utskottets förslag till riksdagsbeslut'"&gt;
				&lt;span&gt;12. lag om ändring i lagen (2014:968) om särskild tillsyn över kreditinstitut och värdepappersbolag.&lt;/span&gt;
			&lt;/p&gt;
			&lt;p class="Normalinskjutenindrag" style="text-indent:11.3pt; -aw-sdt-tag:'dokumentavsnitt/utskottets förslag till riksdagsbeslut/1097355039/1541511515553'; -aw-sdt-title:'utskottets förslag till riksdagsbeslut'"&gt;
				&lt;span&gt;Därmed bifaller riksdagen proposition 2017/18:291 punkterna 1 och 3–13.&lt;/span&gt;
			&lt;/p&gt;
			&lt;p class="Mellanrum" style="-aw-sdt-tag:'dokumentavsnitt/utskottets förslag till riksdagsbeslut/1097355039/1541511515553'; -aw-sdt-title:'utskottets förslag till riksdagsbeslut'"&gt;
				&lt;span&gt; &lt;/span&gt;
			&lt;/p&gt;
			&lt;table cellspacing="0" cellpadding="0" style="border-collapse:collapse; margin-left:0pt; width:294.2pt"&gt;
				&lt;tr&gt;
					&lt;td style="vertical-align:top; width:22pt"&gt;
						&lt;p style="margin-top:11pt; margin-bottom:0pt; text-align:justify; page-break-inside:avoid; page-break-after:avoid; line-height:12.5pt"&gt;
							&lt;span style="font-family:'Verdana'; font-size:10.5pt; font-weight:bold"&gt;2.&lt;/span&gt;
						&lt;/p&gt;
					&lt;/td&gt;
					&lt;td style="vertical-align:top; width:272.2pt"&gt;
						&lt;p style="margin-top:11pt; margin-bottom:0pt; text-align:justify; page-break-inside:avoid; page-break-after:avoid; line-height:12.5pt"&gt;
							&lt;span style="font-family:'Verdana'; font-size:10.5pt; font-weight:bold"&gt;Gränsöverskridande betalningar i svenska kronor&lt;/span&gt;
						&lt;/p&gt;
					&lt;/td&gt;
				&lt;/tr&gt;
			&lt;/table&gt;
			&lt;p class="Normalinskjuten" style="-aw-sdt-tag:'dokumentavsnitt/utskottets förslag till riksdagsbeslut/1097355039/1541511515553'; -aw-sdt-title:'utskottets förslag till riksdagsbeslut'"&gt;
				&lt;span&gt;Riksdagen antar regeringens förslag till lag om ändring i lagen (2002:598) om avgifter för vissa gränsöverskridande betalningar.&lt;/span&gt;
			&lt;/p&gt;
			&lt;p class="Normalinskjutenindrag" style="text-indent:11.3pt; -aw-sdt-tag:'dokumentavsnitt/utskottets förslag till riksdagsbeslut/1097355039/1541511515553'; -aw-sdt-title:'utskottets förslag till riksdagsbeslut'"&gt;
				&lt;span&gt;Därmed bifaller riksdagen proposition 2017/18:291 punkt 2.&lt;/span&gt;
			&lt;/p&gt;
			&lt;p class="Mellanrum" style="-aw-sdt-tag:'dokumentavsnitt/utskottets förslag till riksdagsbeslut/1097355039/1541511515553'; -aw-sdt-title:'utskottets förslag till riksdagsbeslut'"&gt;
				&lt;span&gt; &lt;/span&gt;
			&lt;/p&gt;
			&lt;p class="OrtochDatum" style="-aw-sdt-tag:'dokumentavsnitt/utskottets förslag till riksdagsbeslut/1097355039/1541511515553'; -aw-sdt-title:'utskottets förslag till riksdagsbeslut'"&gt;
				&lt;span&gt;Stockholm den 6 november 2018&lt;/span&gt;
			&lt;/p&gt;
			&lt;p class="PVgnar" style="-aw-sdt-tag:'dokumentavsnitt/utskottets förslag till riksdagsbeslut/1097355039/1541511515553'; -aw-sdt-title:'utskottets förslag till riksdagsbeslut'"&gt;
				&lt;span&gt;På finansutskottets vägnar&lt;/span&gt;
			&lt;/p&gt;
			&lt;p class="Ordfranden" style="-aw-sdt-tag:'dokumentavsnitt/utskottets förslag till riksdagsbeslut/1097355039/1541511515553'; -aw-sdt-title:'utskottets förslag till riksdagsbeslut'"&gt;
				&lt;span&gt;Elisabeth Svantesson&lt;/span&gt;
			&lt;/p&gt;
			&lt;p class="Deltagare" style="-aw-sdt-tag:'dokumentavsnitt/utskottets förslag till riksdagsbeslut/1097355039/1541511515553'; -aw-sdt-title:'utskottets förslag till riksdagsbeslut'"&gt;
				&lt;span&gt;Följande ledamöter har deltagit i beslutet: Elisabeth Svantesson (M), Fredrik Olovsson (S), Gunilla Carlsson (S), Niklas Wykman (M), Adnan Dibrani (S), Emil Källström (C), Ulla Andersson (V), Dennis Dioukarev (SD), Ingela Nylund Watz (S), Ingemar Nilsson (S), Mats Persson (L), Sven-Olof Sällström (SD), Janine Alm Ericson (MP), Jan Ericson (M) och Mattias Karlsson i Luleå (M).&lt;/span&gt;
			&lt;/p&gt;
			&lt;p class="Mellanrum" style="-aw-sdt-tag:'dokumentavsnitt/utskottets förslag till riksdagsbeslut/1097355039/1541511515553'; -aw-sdt-title:'utskottets förslag till riksdagsbeslut'"&gt;
				&lt;span&gt; &lt;/span&gt;
			&lt;/p&gt;
			&lt;p class="Mellanrum" style="-aw-sdt-tag:'dokumentavsnitt/utskottets förslag till riksdagsbeslut/1097355039/1541511515553'; -aw-sdt-title:'utskottets förslag till riksdagsbeslut'"&gt;
				&lt;span&gt; &lt;/span&gt;
			&lt;/p&gt;
			&lt;p class="Mellanrum" style="-aw-sdt-tag:'dokumentavsnitt/utskottets förslag till riksdagsbeslut/1097355039/1541511515553'; -aw-sdt-title:'utskottets förslag till riksdagsbeslut'"&gt;
				&lt;span style="font-size:9.5pt"&gt; &lt;/span&gt;
			&lt;/p&gt;
			&lt;p&gt;
				&lt;span&gt; &lt;/span&gt;
			&lt;/p&gt;
			&lt;p class="Avsnittsrubrik"&gt;
				&lt;a name="SlutUtskottsForslag"&gt;&lt;/a&gt;&lt;a name="_Toc529278470"&gt;&lt;span style="-aw-bookmark-end:SlutUtskottsForslag"&gt;&lt;/span&gt;&lt;span class="tSidrubrikJA"&gt;Redogörelse för ärendet&lt;/span&gt;&lt;/a&gt;
			&lt;/p&gt;
			&lt;p&gt;
				&lt;span&gt;I proposition 201&lt;/span&gt;&lt;span&gt;7&lt;/span&gt;&lt;span&gt;/1&lt;/span&gt;&lt;span&gt;8&lt;/span&gt;&lt;span&gt;:291 Finansiella företags uppgifter till brottsutredande myndigheter föreslår regeringen att de uppgifter som finansiella företag enligt rörelselagstiftningen lämnar till brottsutredande myndigheter ska lämnas utan dröjsmål och i elektronisk form. &lt;/span&gt;&lt;span&gt;Lagförslaget är ett led i arbetet med att motverka penningtvätt och finansiering av terrorism.&lt;/span&gt;
			&lt;/p&gt;
			&lt;p class="NormalIndent"&gt;
				&lt;span&gt;Det föreslås dessutom att det i lag kommer till uttryck att 2009 års förordning&lt;/span&gt;&lt;a name="_ftnref1"&gt;&lt;/a&gt;&lt;a href="#_ftn1"&gt;&lt;span class="FootnoteReference" style="font-size:6.33pt"&gt;[1]&lt;/span&gt;&lt;/a&gt;&lt;span&gt; &lt;/span&gt;&lt;span&gt;om gränsöverskridande betalningar i gemenskapen &lt;/span&gt;&lt;span&gt;– i stället för 2001 års förordning&lt;/span&gt;&lt;a name="_ftnref2"&gt;&lt;/a&gt;&lt;a href="#_ftn2"&gt;&lt;span class="FootnoteReference" style="font-size:6.33pt"&gt;[2]&lt;/span&gt;&lt;/a&gt;&lt;span&gt;,&lt;/span&gt;&lt;span&gt; &lt;/span&gt;&lt;span&gt;som upphävts&lt;/span&gt;&lt;span&gt; &lt;/span&gt;&lt;span&gt;–&lt;/span&gt;&lt;span&gt; också ska tillämpas &lt;/span&gt;&lt;span&gt;på gränsöverskridande betalningar i svenska kronor. &lt;/span&gt;&lt;span&gt;              &lt;/span&gt;
			&lt;/p&gt;
			&lt;p class="NormalIndent"&gt;
				&lt;span&gt;Lagförslagen har granskats av Lagrådet.&lt;/span&gt;&lt;span&gt; Regeringen har i propositionen följt Lagrådets förslag.&lt;/span&gt;&lt;span&gt; &lt;/span&gt;
			&lt;/p&gt;
			&lt;p class="NormalIndent"&gt;
				&lt;span&gt;Regeringens förslag till riksdagsbeslut återges i bilaga 1. Regeringens &lt;/span&gt;&lt;span&gt;lagförslag finns i bilaga 2. &lt;/span&gt;
			&lt;/p&gt;
			&lt;p class="NormalIndent"&gt;
				&lt;span&gt;Utskottet föreslår en mindre&lt;/span&gt;&lt;span&gt; språklig rättelse &lt;/span&gt;&lt;span&gt;i regeringens förslag&lt;/span&gt;&lt;span&gt; &lt;/span&gt;&lt;span&gt;till&lt;/span&gt;&lt;span&gt; &lt;/span&gt;&lt;span&gt;lag om ändring i lagen (2004:297) om bank- och finansieringsrörelse&lt;/span&gt;&lt;span&gt;, med&lt;/span&gt;&lt;span&gt; innebörden att &lt;/span&gt;&lt;span&gt;16 kap. 1 § första stycket 1&lt;/span&gt;&lt;span&gt;3&lt;/span&gt;&lt;span&gt; ska avslutas med ett kommatecken&lt;/span&gt;&lt;span&gt;.&lt;/span&gt;
			&lt;/p&gt;
			&lt;p class="NormalIndent"&gt;
				&lt;span&gt;Ing&lt;/span&gt;&lt;span&gt;a&lt;/span&gt;&lt;span&gt; motion&lt;/span&gt;&lt;span&gt;er&lt;/span&gt;&lt;span&gt; har väckts med anledning av propositionen.&lt;/span&gt;
			&lt;/p&gt;
			&lt;p class="Avsnittsrubrik"&gt;
				&lt;a name="_Toc529278471"&gt;&lt;span class="tSidrubrikJA"&gt;Utskottets överväganden&lt;/span&gt;&lt;/a&gt;
			&lt;/p&gt;
			&lt;h2 style="-aw-sdt-tag:52fa8f5e-1af8-4e33-85bc-17958e9548d4/förslagsrutor/386016897/1539867706071; -aw-sdt-title:förslagsrutor"&gt;
				&lt;a name="_Toc529278472"&gt;&lt;span&gt;Finansiella företags uppgifter till brottsutredande myndigheter&lt;/span&gt;&lt;/a&gt;
			&lt;/h2&gt;
			&lt;div style="border-bottom-color:#000000; border-bottom-style:solid; border-bottom-width:0.75pt; border-left-color:#000000; border-left-style:solid; border-left-width:0.75pt; border-right-color:#000000; border-right-style:solid; border-right-width:0.75pt; border-top-color:#000000; border-top-style:solid; border-top-width:0.75pt; clear:both; margin:3.1pt 0.9pt 0pt"&gt;
				&lt;p class="Normalrutafet" style="margin:0pt; padding-right:4pt; padding-left:4pt"&gt;
					&lt;span style="-aw-bookmark-end:_Toc529278472"&gt;&lt;/span&gt;&lt;span&gt;Utskottets förslag i korthet&lt;/span&gt;
				&lt;/p&gt;
				&lt;p class="Normalruta" style="margin:0pt; padding-right:4pt; padding-left:4pt; padding-bottom:4pt"&gt;
					&lt;span&gt;Riksdagen &lt;/span&gt;&lt;span&gt;antar regeringens förslag om att de uppgifter som finansiella företag enligt gällande lag är skyldiga att lämna till brottsutredande myndigheter ska lämnas utan dröjsmål och i elektronisk form. Förslaget innebär ändringar i ett antal rörelselagar på finansmarknadsområdet.&lt;/span&gt;
				&lt;/p&gt;
			&lt;/div&gt;
			&lt;p class="Mellanrum"&gt;
				&lt;span&gt; &lt;/span&gt;
			&lt;/p&gt;
			&lt;p class="R3"&gt;
				&lt;span&gt;Propositionen&lt;/span&gt;
			&lt;/p&gt;
			&lt;p&gt;
				&lt;span&gt;Regeringen föreslår att de uppgifter som finansiella företag ska lämna till brottsutredande myndigheter enligt &lt;/span&gt;&lt;span&gt;gällande &lt;/span&gt;&lt;span&gt;rörelselagstiftning ska lämnas utan dröjsmål och i elektronisk form. Vidare ska regeringen eller den myndighet som regeringen bestämmer få &lt;/span&gt;&lt;span&gt;utfärda&lt;/span&gt;&lt;span&gt; föreskrifter om hur uppgifterna ska lämnas.&lt;/span&gt;
			&lt;/p&gt;
			&lt;p class="NormalIndent"&gt;
				&lt;span&gt;Uppgifter från finansiella företag om enskildas förhållanden till företagen är ofta av stor betydelse för utredningar om brottslighet i allmänhet och om ekonomisk brottslighet i synnerhet. Banker och andra kreditinstitut har därför en skyldighet att lämna ut uppgifter om enskildas förhållanden till institutet&lt;/span&gt;&lt;span&gt; i följande fall:&lt;/span&gt;
			&lt;/p&gt;
			&lt;p class="Punktlistabomb" style="margin-left:14.2pt; margin-bottom:0pt; text-indent:-14.2pt"&gt;
				&lt;span style="font-family:'Verdana'; font-size:10pt"&gt;•&lt;/span&gt;&lt;span style="font:7.0pt 'Verdana'"&gt;       &lt;/span&gt;&lt;span&gt;om &lt;/span&gt;&lt;span&gt;det under en utredning enligt bestämmelserna om förundersökning i brottmål begärs av undersökningsledare &lt;/span&gt;
			&lt;/p&gt;
			&lt;p class="Punktlistabomb" style="margin-top:0pt; margin-left:14.2pt; margin-bottom:0pt; text-indent:-14.2pt"&gt;
				&lt;span style="font-family:'Verdana'; font-size:10pt"&gt;•&lt;/span&gt;&lt;span style="font:7.0pt 'Verdana'"&gt;       &lt;/span&gt;&lt;span&gt;om &lt;/span&gt;&lt;span&gt;det i ett ärende om rättslig hjälp i brottmål på framställning av en annan stat eller mellanfolklig domstol begärs av åklagare &lt;/span&gt;
			&lt;/p&gt;
			&lt;p class="Punktlistabomb" style="margin-top:0pt; margin-left:14.2pt; text-indent:-14.2pt"&gt;
				&lt;span style="font-family:'Verdana'; font-size:10pt"&gt;•&lt;/span&gt;&lt;span style="font:7.0pt 'Verdana'"&gt;       &lt;/span&gt;&lt;span&gt;i ett ärende om erkännande och verkställighet av en europeisk utredningsorder. &lt;/span&gt;
			&lt;/p&gt;
			&lt;p&gt;
				&lt;span&gt;Motsvarande gäller också för andra finansiella företag.&lt;/span&gt;
			&lt;/p&gt;
			&lt;p class="NormalIndent"&gt;
				&lt;span&gt;Enligt uppgift från de brottsutredande myndigheterna görs varje år ca 50&lt;/span&gt;&lt;span&gt; &lt;/span&gt;&lt;span&gt;000 framställningar till finansiella företag om utlämnande av uppgifter av det aktuella slaget. Det finns för närvarande inte något enhetligt sätt vare sig för de brottsutredande myndigheterna att begära in uppgifterna eller för de finansiella företagen att lämna desamma.&lt;/span&gt;&lt;span&gt; Enligt uppgift från de brottsutredande myndigheterna är svarstider på över två månader inte ovanliga. Oregelbundenheten i svarstider försvårar för de brottsutredande myndigheterna att bedriva utredningar på ett effektivt sätt.&lt;/span&gt;
			&lt;/p&gt;
			&lt;p class="NormalIndent"&gt;
				&lt;span&gt;För att de brottsutredande myndigheterna ska kunna genomföra utredningar på ett effektivt sätt bör&lt;/span&gt;&lt;span&gt; därför &lt;/span&gt;&lt;span&gt;enligt regeringen bestämmelser om att de &lt;/span&gt;&lt;span&gt;aktuella uppgifterna&lt;/span&gt;&lt;span&gt; &lt;/span&gt;&lt;span&gt;ska lämnas utan dröjsmål och i elektronisk form införas i rörelselagstiftningen.&lt;/span&gt;&lt;span&gt; &lt;/span&gt;&lt;span&gt;Skyndsamhetskravet understryker&lt;/span&gt;&lt;span&gt; &lt;/span&gt;&lt;span&gt;det angelägna i att de finansiella företagen prioriterar uppgiftslämnandet till de brottsutredande myndigheterna.&lt;/span&gt;
			&lt;/p&gt;
			&lt;p class="NormalIndent"&gt;
				&lt;span&gt;Att uppgifterna ska lämnas ut i elektronisk form innebär inte att de alltid bör överföras på elektronisk väg. I vissa fall kan omständigheterna, exempelvis &lt;/span&gt;&lt;span&gt;när&lt;/span&gt;&lt;span&gt; det rör sig om säkerhetskänslig information, vara sådana att uppgifterna bör lämnas ut på annat sätt, t.ex. genom ett &lt;/span&gt;&lt;span&gt;usb&lt;/span&gt;&lt;span&gt;-minne. Den mer detaljerade regleringen av kravet bör &lt;/span&gt;&lt;span&gt;enligt regeringen &lt;/span&gt;&lt;span&gt;emellertid ske i föreskrifter på lägre nivå än lag. Föreskriftsrätten gäller således formerna för uppgiftslämnandet. Vilka uppgifter som ska lämnas framgår av&lt;/span&gt;&lt;span&gt; gällande&lt;/span&gt;&lt;span&gt; lag. Föreskriftsrätten bör enligt regeringen &lt;/span&gt;&lt;span&gt;ges&lt;/span&gt;&lt;span&gt; till Polismyndigheten &lt;/span&gt;&lt;span&gt;(Finanspolisen).&lt;/span&gt;
			&lt;/p&gt;
			&lt;p class="NormalIndent"&gt;
				&lt;span&gt;Förslagen medför ändringar i lagen (1998:1479) om värdepapperscentraler och kontoföring av finansiella instrument, lagen (2004:46) om värdepappersfonder, lagen (2004:297) om bank- och finansieringsrörelse, lagen (2006:531) om särskild tillsyn över finansiella konglomerat, lagen (2007:528) om värdepappersmarknaden, lagen (2010:751) om betaltjänster, försäkringsrörelselagen (2010:2043), lagen (2011:755) om elektroniska pengar, lagen (2013:561) om förvaltare av alternativa investeringsfonder och lagen (2014:968) om särskild tillsyn över kreditinstitut och värdepappersbolag.&lt;/span&gt;
			&lt;/p&gt;
			&lt;p class="R4"&gt;
				&lt;span&gt;Lagändring av rättelsekaraktär&lt;/span&gt;
			&lt;/p&gt;
			&lt;p&gt;
				&lt;span&gt;Regeringen föreslår också en lagändring av &lt;/span&gt;&lt;span&gt;ren &lt;/span&gt;&lt;span&gt;rättelsekaraktär. Det handlar om &lt;/span&gt;&lt;span&gt;två &lt;/span&gt;&lt;span&gt;hänvisningar i lagen (2014:968) om särskild tillsyn över kreditinstitut och värdepappersbolag. Av förbiseende har en följdändring inte gjorts i det lagstiftningsärende där den aktuella bestämmelsen gavs en ny beteckning (prop. 2016/17:162).&lt;/span&gt;&lt;a name="_ftnref3"&gt;&lt;/a&gt;&lt;a href="#_ftn3"&gt;&lt;span class="FootnoteReference" style="font-size:6.33pt"&gt;[3]&lt;/span&gt;&lt;/a&gt;
			&lt;/p&gt;
			&lt;p class="R4"&gt;
				&lt;span&gt;Konsekvensanalys&lt;/span&gt;
			&lt;/p&gt;
			&lt;p&gt;
				&lt;span&gt;Lagf&lt;/span&gt;&lt;span&gt;örslagen &lt;/span&gt;&lt;span&gt;har &lt;/span&gt;&lt;span&gt;inga offentligfinansiella eller samhällsekonomiska effekter.&lt;/span&gt;&lt;span&gt; &lt;/span&gt;
			&lt;/p&gt;
			&lt;p class="NormalIndent"&gt;
				&lt;span&gt;Förslaget om finansiella företags uppgifter till de brottsutredande myndigheterna träffar ca 1&lt;/span&gt;&lt;span&gt; &lt;/span&gt;&lt;span&gt;300 finansiella företag av varierande storlek, bl.a. banker och andra kreditinstitut. Regeringen bedömer att förslaget medför en begränsad ökning &lt;/span&gt;&lt;span&gt;sett över tid &lt;/span&gt;&lt;span&gt;av de administrativa kostnaderna för de företag som träffas av förslaget. Förslaget innebär också en utökad föreskriftsrätt för Polismyndigheten,&lt;/span&gt;&lt;span&gt; &lt;/span&gt;&lt;span&gt;vilket leder&lt;/span&gt;&lt;span&gt; till&lt;/span&gt;&lt;span&gt; vissa merkostnader för myndigheten. Merkostnaderna ska enligt regeringen hanteras inom befintliga ekonomiska ramar.&lt;/span&gt;
			&lt;/p&gt;
			&lt;p class="R4"&gt;
				&lt;span&gt;Ikraftträdande&lt;/span&gt;
			&lt;/p&gt;
			&lt;p&gt;
				&lt;span&gt;Regeringen föreslår att lagändringarna i fråga om finansiella företags uppgifter till brottsutredande myndigheter ska träda i kraft den 1 september 2019. Övriga lagändringar (av rättelsekaraktär) ska träda i kraft den 1 januari 2019.&lt;/span&gt;
			&lt;/p&gt;
			&lt;p class="R3"&gt;
				&lt;span&gt;Utskottets ställningstagande&lt;/span&gt;
			&lt;/p&gt;
			&lt;p&gt;
				&lt;span&gt;Det har inte väckts någon motion med anledning av regeringens lagförslag. Utskottet anser att riksdagen av de skäl som anförs i propositionen bör anta regeringens här aktuella lagförslag.&lt;/span&gt;
			&lt;/p&gt;
			&lt;p class="NormalIndent"&gt;
				&lt;span&gt;E&lt;/span&gt;&lt;span&gt;n mindre språklig rättelse&lt;/span&gt;&lt;span&gt; bör göras&lt;/span&gt;&lt;span&gt; i regeringens förslag till lag om ändring i lagen (2004:297) om bank- och finansieringsrörelse, med innebörden att 16 kap. 1 § första stycket 12 ska avslutas med ett kommatecken.&lt;/span&gt;&lt;span&gt; Denna ändring har beaktats i utskottets förslag till riksdagsbeslut.&lt;/span&gt;
			&lt;/p&gt;
			&lt;h2 style="-aw-sdt-tag:0e23f073-de4f-4378-924e-329f56c9cd54/förslagsrutor/-714403734/1539867722475; -aw-sdt-title:förslagsrutor"&gt;
				&lt;a name="_Toc529278473"&gt;&lt;span&gt;Gränsöverskridande betalningar i svenska kronor&lt;/span&gt;&lt;/a&gt;
			&lt;/h2&gt;
			&lt;div style="border-bottom-color:#000000; border-bottom-style:solid; border-bottom-width:0.75pt; border-left-color:#000000; border-left-style:solid; border-left-width:0.75pt; border-right-color:#000000; border-right-style:solid; border-right-width:0.75pt; border-top-color:#000000; border-top-style:solid; border-top-width:0.75pt; clear:both; margin:3.1pt 0.9pt 0pt"&gt;
				&lt;p class="Normalrutafet" style="margin:0pt; padding-right:4pt; padding-left:4pt"&gt;
					&lt;span style="-aw-bookmark-end:_Toc529278473"&gt;&lt;/span&gt;&lt;span&gt;Utskottets förslag i korthet&lt;/span&gt;
				&lt;/p&gt;
				&lt;p class="Normalruta" style="margin:0pt; padding-right:4pt; padding-left:4pt; padding-bottom:4pt"&gt;
					&lt;span&gt;Riksdagen &lt;/span&gt;&lt;span&gt;antar regeringens lagförslag som innebär&lt;/span&gt;&lt;span&gt; att det i lag kommer till uttryck att 2009 års förordning om gränsöverskridande betalningar i gemenskapen – i stället för 2001 års förordning&lt;/span&gt;&lt;span&gt;,&lt;/span&gt;&lt;span&gt; som upphävts – också ska tillämpas på gränsöverskridande betalningar i svenska kronor.&lt;/span&gt;
				&lt;/p&gt;
			&lt;/div&gt;
			&lt;p class="Mellanrum"&gt;
				&lt;span&gt; &lt;/span&gt;
			&lt;/p&gt;
			&lt;p class="R3"&gt;
				&lt;span&gt;Propositionen&lt;/span&gt;
			&lt;/p&gt;
			&lt;p&gt;
				&lt;span&gt;Regeringen föreslår &lt;/span&gt;&lt;span&gt;vidare &lt;/span&gt;&lt;span&gt;att det i lag kommer till uttryck att 2009 års förordning om gränsöverskridande betalningar i gemenskapen&lt;/span&gt;&lt;a name="_ftnref4"&gt;&lt;/a&gt;&lt;a href="#_ftn4"&gt;&lt;span class="FootnoteReference" style="font-size:6.33pt"&gt;[4]&lt;/span&gt;&lt;/a&gt;&lt;span&gt; – i stället för 2001 års förordning&lt;/span&gt;&lt;a name="_ftnref5"&gt;&lt;/a&gt;&lt;a href="#_ftn5"&gt;&lt;span class="FootnoteReference" style="font-size:6.33pt"&gt;[5]&lt;/span&gt;&lt;/a&gt;&lt;span&gt;,&lt;/span&gt;&lt;span&gt; som upphävts &lt;/span&gt;&lt;span&gt;– också ska tillämpas på gränsöverskridande betalningar i svenska kronor. Det gäller inte artiklarna &lt;/span&gt;&lt;span&gt;6–&lt;/span&gt;&lt;span&gt;8 i nämnda förordningar&lt;/span&gt;&lt;a name="_ftnref6"&gt;&lt;/a&gt;&lt;a href="#_ftn6"&gt;&lt;span class="FootnoteReference" style="font-size:6.33pt"&gt;[6]&lt;/span&gt;&lt;/a&gt;&lt;span&gt;.&lt;/span&gt;&lt;span&gt; Förslaget innebär en ändring i &lt;/span&gt;&lt;span&gt;lagen (2002:598) om avgifter för vissa &lt;/span&gt;&lt;span&gt;gränsöverskridande betalningar&lt;/span&gt;&lt;span&gt;.&lt;/span&gt;&lt;span&gt; Förslaget innebär ingen ändring i sak, utan endast att det tydliggörs i lag&lt;/span&gt;&lt;span&gt;texten&lt;/span&gt;&lt;span&gt; vad som &lt;/span&gt;&lt;span&gt;tidigare uttalats &lt;/span&gt;&lt;span&gt;i &lt;/span&gt;&lt;span&gt;lagens &lt;/span&gt;&lt;span&gt;förarbeten. &lt;/span&gt;
			&lt;/p&gt;
			&lt;p class="NormalIndent"&gt;
				&lt;span&gt;I korthet innebär &lt;/span&gt;&lt;span&gt;2009 års förordning att lika avgifter ska tas ut för nationella och gränsöverskridande betalningar i euro. I förordningen finns&lt;/span&gt;&lt;span&gt; bl.a.&lt;/span&gt;&lt;span&gt; bestämmelser om viss information som ska lämnas för att underlätta vissa betalningar, rapporteringskrav för betaltjänstleverantörer&lt;/span&gt;&lt;span&gt;, &lt;/span&gt;&lt;span&gt;samarbete över gränserna&lt;/span&gt;&lt;span&gt; och sanktioner&lt;/span&gt;&lt;span&gt;.&lt;/span&gt;&lt;span&gt; &lt;/span&gt;&lt;span&gt;F&lt;/span&gt;&lt;span&gt;örordning&lt;/span&gt;&lt;span&gt;en&lt;/span&gt;&lt;span&gt; gäller på betaltjänstområdet och är &lt;/span&gt;&lt;span&gt;direkt tillämplig i Sverige. Bestämmelser som kompletterar 2009 års förordning finns i lagen (2010:751) om betaltjänster. Bestämmelserna i 2009 års förordning motsvarar i huvudsak bestämmelserna &lt;/span&gt;&lt;span&gt;i 2001 års förordning&lt;/span&gt;&lt;span&gt;.&lt;/span&gt;&lt;span&gt; &lt;/span&gt;&lt;span&gt;Precis som &lt;/span&gt;&lt;span&gt;är fallet när det gäller&lt;/span&gt;&lt;span&gt; 2001 års förordning har medlemsstaterna rätt att tillämpa &lt;/span&gt;&lt;span&gt;2009 års &lt;/span&gt;&lt;span&gt;förordning&lt;/span&gt;&lt;span&gt; &lt;/span&gt;&lt;span&gt;på de nationella valutorna. &lt;/span&gt;
			&lt;/p&gt;
			&lt;p class="NormalIndent"&gt;
				&lt;span&gt;För att säkerställa att ändringar &lt;/span&gt;&lt;span&gt;i&lt;/span&gt;&lt;span&gt; 2009 års förordning får omedelbart genomslag bör &lt;/span&gt;&lt;span&gt;enligt regeringen &lt;/span&gt;&lt;span&gt;hänvisningen till den – &lt;/span&gt;&lt;span&gt;liksom&lt;/span&gt;&lt;span&gt; hänvisningen till 2001 års förordning – vara dynamisk.&lt;/span&gt;
			&lt;/p&gt;
			&lt;p class="R4"&gt;
				&lt;span&gt;Ikraftträdande&lt;/span&gt;
			&lt;/p&gt;
			&lt;p&gt;
				&lt;span&gt;L&lt;/span&gt;&lt;span&gt;agändringar&lt;/span&gt;&lt;span&gt;na&lt;/span&gt;&lt;span&gt; ska träda i kraft den 1 januari 2019.&lt;/span&gt;
			&lt;/p&gt;
			&lt;p class="R4"&gt;
				&lt;span&gt;Konsekvensanalys&lt;/span&gt;
			&lt;/p&gt;
			&lt;p&gt;
				&lt;span&gt;Lagförslaget innebär i sak ingen förändring i förhållande till vad som gäller i dag. Därmed har förslaget &lt;/span&gt;&lt;span&gt;heller &lt;/span&gt;&lt;span&gt;inga&lt;/span&gt;&lt;span&gt; offentligfinansiella&lt;/span&gt;&lt;span&gt;,&lt;/span&gt;&lt;span&gt; samhällsekonomiska &lt;/span&gt;&lt;span&gt;eller andra effekter&lt;/span&gt;&lt;span&gt;.&lt;/span&gt;&lt;span&gt; &lt;/span&gt;
			&lt;/p&gt;
			&lt;p class="R3"&gt;
				&lt;span&gt;Utskottets ställningstagande&lt;/span&gt;
			&lt;/p&gt;
			&lt;p&gt;
				&lt;span&gt;Det har inte väckts någon motion med anledning av regeringens lagförslag. Utskottet anser att riksdagen av de skäl som anförs i propositionen bör anta regeringens här aktuella lagförslag.&lt;/span&gt;
			&lt;/p&gt;
			&lt;p class="Bilaga"&gt;
				&lt;span class="tBilagaJA"&gt;Bilaga 1&lt;/span&gt;
			&lt;/p&gt;
			&lt;p class="Bilagerubrik"&gt;
				&lt;a name="_Toc529278474"&gt;&lt;span class="tSidrubrikJA"&gt;Förteckning över behandlade förslag&lt;/span&gt;&lt;/a&gt;
			&lt;/p&gt;
			&lt;p class="Rubrik2bilaga" style="-aw-sdt-tag:'dokumentavsnitt/förteckning över behandlade förslag/-2015339448/1538144334402'; -aw-sdt-title:'förteckning över behandlade förslag'"&gt;
				&lt;a name="_Toc529278475"&gt;&lt;span&gt;Propositionen&lt;/span&gt;&lt;/a&gt;&lt;span&gt; &lt;/span&gt;
			&lt;/p&gt;
			&lt;h4 style="-aw-sdt-tag:'dokumentavsnitt/förteckning över behandlade förslag/-2015339448/1538144334402'; -aw-sdt-title:'förteckning över behandlade förslag'"&gt;
				&lt;span&gt;Proposition 2017/18:291 Finansiella företags uppgifter till brottsutredande myndigheter:&lt;/span&gt;
			&lt;/h4&gt;
			&lt;p class="Yrkandelista" style="margin-bottom:0pt; -aw-sdt-tag:'dokumentavsnitt/förteckning över behandlade förslag/-2015339448/1538144334402'; -aw-sdt-title:'förteckning över behandlade förslag'"&gt;
				&lt;span&gt;1.&lt;/span&gt;&lt;span style="width:21.22pt; text-indent:0pt; display:inline-block"&gt;&lt;/span&gt;&lt;span&gt;Riksdagen antar regeringens förslag till lag om ändring i lagen (1998:1479) om värdepapperscentraler och kontoföring av finansiella instrument.&lt;/span&gt;
			&lt;/p&gt;
			&lt;p class="Yrkandelista" style="margin-top:0pt; margin-bottom:0pt; -aw-sdt-tag:'dokumentavsnitt/förteckning över behandlade förslag/-2015339448/1538144334402'; -aw-sdt-title:'förteckning över behandlade förslag'"&gt;
				&lt;span&gt;2.&lt;/span&gt;&lt;span style="width:21.22pt; text-indent:0pt; display:inline-block"&gt;&lt;/span&gt;&lt;span&gt;Riksdagen antar regeringens förslag till lag om ändring i lagen (2002:598) om avgifter för vissa gränsöverskridande betalningar.&lt;/span&gt;
			&lt;/p&gt;
			&lt;p class="Yrkandelista" style="margin-top:0pt; margin-bottom:0pt; -aw-sdt-tag:'dokumentavsnitt/förteckning över behandlade förslag/-2015339448/1538144334402'; -aw-sdt-title:'förteckning över behandlade förslag'"&gt;
				&lt;span&gt;3.&lt;/span&gt;&lt;span style="width:21.22pt; text-indent:0pt; display:inline-block"&gt;&lt;/span&gt;&lt;span&gt;Riksdagen antar regeringens förslag till lag om ändring i lagen (2004:46) om värdepappersfonder.&lt;/span&gt;
			&lt;/p&gt;
			&lt;p class="Yrkandelista" style="margin-top:0pt; margin-bottom:0pt; -aw-sdt-tag:'dokumentavsnitt/förteckning över behandlade förslag/-2015339448/1538144334402'; -aw-sdt-title:'förteckning över behandlade förslag'"&gt;
				&lt;span&gt;4.&lt;/span&gt;&lt;span style="width:21.22pt; text-indent:0pt; display:inline-block"&gt;&lt;/span&gt;&lt;span&gt; Riksdagen antar regeringens förslag till lag om ändring i lagen (2004:297) om bank- och finansieringsrörelse.&lt;/span&gt;
			&lt;/p&gt;
			&lt;p class="Yrkandelista" style="margin-top:0pt; margin-bottom:0pt; -aw-sdt-tag:'dokumentavsnitt/förteckning över behandlade förslag/-2015339448/1538144334402'; -aw-sdt-title:'förteckning över behandlade förslag'"&gt;
				&lt;span&gt;5.&lt;/span&gt;&lt;span style="width:21.22pt; text-indent:0pt; display:inline-block"&gt;&lt;/span&gt;&lt;span&gt; Riksdagen antar regeringens förslag till lag om ändring i lagen (2006:531) om särskild tillsyn över finansiella konglomerat.&lt;/span&gt;
			&lt;/p&gt;
			&lt;p class="Yrkandelista" style="margin-top:0pt; margin-bottom:0pt; -aw-sdt-tag:'dokumentavsnitt/förteckning över behandlade förslag/-2015339448/1538144334402'; -aw-sdt-title:'förteckning över behandlade förslag'"&gt;
				&lt;span&gt;6.&lt;/span&gt;&lt;span style="width:21.22pt; text-indent:0pt; display:inline-block"&gt;&lt;/span&gt;&lt;span&gt; Riksdagen antar regeringens förslag till lag om ändring i lagen (2007:528) om värdepappersmarknaden.&lt;/span&gt;
			&lt;/p&gt;
			&lt;p class="Yrkandelista" style="margin-top:0pt; margin-bottom:0pt; -aw-sdt-tag:'dokumentavsnitt/förteckning över behandlade förslag/-2015339448/1538144334402'; -aw-sdt-title:'förteckning över behandlade förslag'"&gt;
				&lt;span&gt;7.&lt;/span&gt;&lt;span style="width:21.22pt; text-indent:0pt; display:inline-block"&gt;&lt;/span&gt;&lt;span&gt;Riksdagen antar regeringens förslag till lag om ändring i lagen (2010:751) om betaltjänster.&lt;/span&gt;
			&lt;/p&gt;
			&lt;p class="Yrkandelista" style="margin-top:0pt; margin-bottom:0pt; -aw-sdt-tag:'dokumentavsnitt/förteckning över behandlade förslag/-2015339448/1538144334402'; -aw-sdt-title:'förteckning över behandlade förslag'"&gt;
				&lt;span&gt;8.&lt;/span&gt;&lt;span style="width:21.22pt; text-indent:0pt; display:inline-block"&gt;&lt;/span&gt;&lt;span&gt; Riksdagen antar regeringens förslag till lag om ändring i försäkringsrörelselagen (2010:2043).&lt;/span&gt;
			&lt;/p&gt;
			&lt;p class="Yrkandelista" style="margin-top:0pt; margin-bottom:0pt; -aw-sdt-tag:'dokumentavsnitt/förteckning över behandlade förslag/-2015339448/1538144334402'; -aw-sdt-title:'förteckning över behandlade förslag'"&gt;
				&lt;span&gt;9.&lt;/span&gt;&lt;span style="width:21.22pt; text-indent:0pt; display:inline-block"&gt;&lt;/span&gt;&lt;span&gt;Riksdagen antar regeringens förslag till lag om ändring i lagen (2011:755) om elektroniska pengar.&lt;/span&gt;
			&lt;/p&gt;
			&lt;p class="Yrkandelista" style="margin-top:0pt; margin-bottom:0pt; -aw-sdt-tag:'dokumentavsnitt/förteckning över behandlade förslag/-2015339448/1538144334402'; -aw-sdt-title:'förteckning över behandlade förslag'"&gt;
				&lt;span&gt;10.&lt;/span&gt;&lt;span style="width:16.48pt; text-indent:0pt; display:inline-block"&gt;&lt;/span&gt;&lt;span&gt;Riksdagen antar regeringens förslag till lag om ändring i lagen (2013:561) om förvaltare av alternativa investeringsfonder.&lt;/span&gt;
			&lt;/p&gt;
			&lt;p class="Yrkandelista" style="margin-top:0pt; margin-bottom:0pt; -aw-sdt-tag:'dokumentavsnitt/förteckning över behandlade förslag/-2015339448/1538144334402'; -aw-sdt-title:'förteckning över behandlade förslag'"&gt;
				&lt;span&gt;11.&lt;/span&gt;&lt;span style="width:16.48pt; text-indent:0pt; display:inline-block"&gt;&lt;/span&gt;&lt;span&gt;Riksdagen antar regeringens förslag till lag om ändring i lagen (2018:000) om ändring i lagen (2017:1148) om ändring i lagen (2014:797) om ändring i lagen (2013:561) om förvaltare av alternativa investeringsfonder.&lt;/span&gt;
			&lt;/p&gt;
			&lt;p class="Yrkandelista" style="margin-top:0pt; margin-bottom:0pt; -aw-sdt-tag:'dokumentavsnitt/förteckning över behandlade förslag/-2015339448/1538144334402'; -aw-sdt-title:'förteckning över behandlade förslag'"&gt;
				&lt;span&gt;12.&lt;/span&gt;&lt;span style="width:16.48pt; text-indent:0pt; display:inline-block"&gt;&lt;/span&gt;&lt;span&gt;Riksdagen antar regeringens förslag till lag om ändring i lagen (2018:000) om ändring i lagen (2017:1149) om ändring i lagen (2014:798) om ändring i lagen (2013:561) om förvaltare av alternativa investeringsfonder.&lt;/span&gt;
			&lt;/p&gt;
			&lt;p class="Yrkandelista" style="margin-top:0pt; -aw-sdt-tag:'dokumentavsnitt/förteckning över behandlade förslag/-2015339448/1538144334402'; -aw-sdt-title:'förteckning över behandlade förslag'"&gt;
				&lt;span&gt;13.&lt;/span&gt;&lt;span style="width:16.48pt; text-indent:0pt; display:inline-block"&gt;&lt;/span&gt;&lt;span&gt;Riksdagen antar regeringens förslag till lag om ändring i lagen (2014:968) om särskild tillsyn över kreditinstitut och värdepappersbolag.&lt;/span&gt;
			&lt;/p&gt;
			&lt;p class="Mellanrum"&gt;
				&lt;span&gt; &lt;/span&gt;
			&lt;/p&gt;
			&lt;p class="Mellanrum" style="-aw-sdt-tag:'dokumentavsnitt/förteckning över behandlade förslag/-2015339448/1538144334402'; -aw-sdt-title:'förteckning över behandlade förslag'"&gt;
				&lt;span&gt; &lt;/span&gt;
			&lt;/p&gt;
			&lt;p&gt;
				&lt;span&gt; &lt;/span&gt;
			&lt;/p&gt;
			&lt;p class="Bilaga"&gt;
				&lt;span class="tBilagaJA"&gt;Bilaga 2&lt;/span&gt;
			&lt;/p&gt;
			&lt;p class="Bilagerubrik"&gt;
				&lt;a name="_Toc529278476"&gt;&lt;span class="tSidrubrikJA"&gt;Regeringens lagförslag&lt;/span&gt;&lt;/a&gt;
			&lt;/p&gt;
			&lt;p&gt;
				&lt;img src="http://data.riksdagen.se/fil/h601fiu15/Dokument.001.png" width="394" height="669" alt="" style="-aw-left-pos:0pt; -aw-rel-hpos:column; -aw-rel-vpos:paragraph; -aw-top-pos:0pt; -aw-wrap-type:inline" /&gt;
			&lt;/p&gt;
			&lt;p style="page-break-before:always"&gt;
				&lt;img src="http://data.riksdagen.se/fil/h601fiu15/Dokument.002.png" width="394" height="747" alt="" style="-aw-left-pos:0pt; -aw-rel-hpos:column; -aw-rel-vpos:paragraph; -aw-top-pos:0pt; -aw-wrap-type:inline" /&gt;
			&lt;/p&gt;
			&lt;p style="page-break-before:always"&gt;
				&lt;img src="http://data.riksdagen.se/fil/h601fiu15/Dokument.003.png" width="389" height="756" alt="" style="-aw-left-pos:0pt; -aw-rel-hpos:column; -aw-rel-vpos:paragraph; -aw-top-pos:0pt; -aw-wrap-type:inline" /&gt;
			&lt;/p&gt;
			&lt;p style="page-break-before:always"&gt;
				&lt;img src="http://data.riksdagen.se/fil/h601fiu15/Dokument.004.png" width="389" height="756" alt="" style="-aw-left-pos:0pt; -aw-rel-hpos:column; -aw-rel-vpos:paragraph; -aw-top-pos:0pt; -aw-wrap-type:inline" /&gt;
			&lt;/p&gt;
			&lt;p style="page-break-before:always"&gt;
				&lt;img src="http://data.riksdagen.se/fil/h601fiu15/Dokument.005.png" width="389" height="756" alt="" style="-aw-left-pos:0pt; -aw-rel-hpos:column; -aw-rel-vpos:paragraph; -aw-top-pos:0pt; -aw-wrap-type:inline" /&gt;
			&lt;/p&gt;
			&lt;p style="page-break-before:always"&gt;
				&lt;img src="http://data.riksdagen.se/fil/h601fiu15/Dokument.006.png" width="389" height="756" alt="" style="-aw-left-pos:0pt; -aw-rel-hpos:column; -aw-rel-vpos:paragraph; -aw-top-pos:0pt; -aw-wrap-type:inline" /&gt;
			&lt;/p&gt;
			&lt;p style="page-break-before:always"&gt;
				&lt;img src="http://data.riksdagen.se/fil/h601fiu15/Dokument.007.png" width="389" height="756" alt="" style="-aw-left-pos:0pt; -aw-rel-hpos:column; -aw-rel-vpos:paragraph; -aw-top-pos:0pt; -aw-wrap-type:inline" /&gt;
			&lt;/p&gt;
			&lt;p style="page-break-before:always"&gt;
				&lt;img src="http://data.riksdagen.se/fil/h601fiu15/Dokument.008.png" width="389" height="756" alt="" style="-aw-left-pos:0pt; -aw-rel-hpos:column; -aw-rel-vpos:paragraph; -aw-top-pos:0pt; -aw-wrap-type:inline" /&gt;
			&lt;/p&gt;
			&lt;p style="page-break-before:always"&gt;
				&lt;img src="http://data.riksdagen.se/fil/h601fiu15/Dokument.009.png" width="389" height="756" alt="" style="-aw-left-pos:0pt; -aw-rel-hpos:column; -aw-rel-vpos:paragraph; -aw-top-pos:0pt; -aw-wrap-type:inline" /&gt;
			&lt;/p&gt;
			&lt;p style="page-break-before:always"&gt;
				&lt;img src="http://data.riksdagen.se/fil/h601fiu15/Dokument.010.png" width="389" height="756" alt="" style="-aw-left-pos:0pt; -aw-rel-hpos:column; -aw-rel-vpos:paragraph; -aw-top-pos:0pt; -aw-wrap-type:inline" /&gt;
			&lt;/p&gt;
			&lt;p style="page-break-before:always"&gt;
				&lt;img src="http://data.riksdagen.se/fil/h601fiu15/Dokument.011.png" width="389" height="756" alt="" style="-aw-left-pos:0pt; -aw-rel-hpos:column; -aw-rel-vpos:paragraph; -aw-top-pos:0pt; -aw-wrap-type:inline" /&gt;
			&lt;/p&gt;
			&lt;p style="page-break-before:always"&gt;
				&lt;img src="http://data.riksdagen.se/fil/h601fiu15/Dokument.012.png" width="394" height="747" alt="" style="-aw-left-pos:0pt; -aw-rel-hpos:column; -aw-rel-vpos:paragraph; -aw-top-pos:0pt; -aw-wrap-type:inline" /&gt;
			&lt;/p&gt;
			&lt;p style="page-break-before:always"&gt;
				&lt;img src="http://data.riksdagen.se/fil/h601fiu15/Dokument.013.png" width="389" height="756" alt="" style="-aw-left-pos:0pt; -aw-rel-hpos:column; -aw-rel-vpos:paragraph; -aw-top-pos:0pt; -aw-wrap-type:inline" /&gt;
			&lt;/p&gt;
			&lt;p style="page-break-before:always"&gt;
				&lt;img src="http://data.riksdagen.se/fil/h601fiu15/Dokument.014.png" width="394" height="747" alt="" style="-aw-left-pos:0pt; -aw-rel-hpos:column; -aw-rel-vpos:paragraph; -aw-top-pos:0pt; -aw-wrap-type:inline" /&gt;
			&lt;/p&gt;
			&lt;p style="page-break-before:always"&gt;
				&lt;img src="http://data.riksdagen.se/fil/h601fiu15/Dokument.015.png" width="389" height="756" alt="" style="-aw-left-pos:0pt; -aw-rel-hpos:column; -aw-rel-vpos:paragraph; -aw-top-pos:0pt; -aw-wrap-type:inline" /&gt;
			&lt;/p&gt;
			&lt;p style="page-break-before:always"&gt;
				&lt;img src="http://data.riksdagen.se/fil/h601fiu15/Dokument.016.png" width="389" height="756" alt="" style="-aw-left-pos:0pt; -aw-rel-hpos:column; -aw-rel-vpos:paragraph; -aw-top-pos:0pt; -aw-wrap-type:inline" /&gt;
			&lt;/p&gt;
			&lt;p style="page-break-before:always"&gt;
				&lt;img src="http://data.riksdagen.se/fil/h601fiu15/Dokument.017.png" width="389" height="756" alt="" style="-aw-left-pos:0pt; -aw-rel-hpos:column; -aw-rel-vpos:paragraph; -aw-top-pos:0pt; -aw-wrap-type:inline" /&gt;
			&lt;/p&gt;
			&lt;p style="page-break-before:always"&gt;
				&lt;img src="http://data.riksdagen.se/fil/h601fiu15/Dokument.018.png" width="389" height="756" alt="" style="-aw-left-pos:0pt; -aw-rel-hpos:column; -aw-rel-vpos:paragraph; -aw-top-pos:0pt; -aw-wrap-type:inline" /&gt;
			&lt;/p&gt;
			&lt;p style="page-break-before:always"&gt;
				&lt;img src="http://data.riksdagen.se/fil/h601fiu15/Dokument.019.png" width="389" height="756" alt="" style="-aw-left-pos:0pt; -aw-rel-hpos:column; -aw-rel-vpos:paragraph; -aw-top-pos:0pt; -aw-wrap-type:inline" /&gt;
			&lt;/p&gt;
			&lt;p style="page-break-before:always"&gt;
				&lt;img src="http://data.riksdagen.se/fil/h601fiu15/Dokument.020.png" width="389" height="756" alt="" style="-aw-left-pos:0pt; -aw-rel-hpos:column; -aw-rel-vpos:paragraph; -aw-top-pos:0pt; -aw-wrap-type:inline" /&gt;
			&lt;/p&gt;
			&lt;p style="page-break-before:always"&gt;
				&lt;img src="http://data.riksdagen.se/fil/h601fiu15/Dokument.021.png" width="389" height="756" alt="" style="-aw-left-pos:0pt; -aw-rel-hpos:column; -aw-rel-vpos:paragraph; -aw-top-pos:0pt; -aw-wrap-type:inline" /&gt;
			&lt;/p&gt;
			&lt;p style="page-break-before:always"&gt;
				&lt;img src="http://data.riksdagen.se/fil/h601fiu15/Dokument.022.png" width="389" height="756" alt="" style="-aw-left-pos:0pt; -aw-rel-hpos:column; -aw-rel-vpos:paragraph; -aw-top-pos:0pt; -aw-wrap-type:inline" /&gt;
			&lt;/p&gt;
			&lt;p style="page-break-before:always"&gt;
				&lt;img src="http://data.riksdagen.se/fil/h601fiu15/Dokument.023.png" width="389" height="756" alt="" style="-aw-left-pos:0pt; -aw-rel-hpos:column; -aw-rel-vpos:paragraph; -aw-top-pos:0pt; -aw-wrap-type:inline" /&gt;
			&lt;/p&gt;
			&lt;p style="page-break-before:always"&gt;
				&lt;img src="http://data.riksdagen.se/fil/h601fiu15/Dokument.024.png" width="394" height="747" alt="" style="-aw-left-pos:0pt; -aw-rel-hpos:column; -aw-rel-vpos:paragraph; -aw-top-pos:0pt; -aw-wrap-type:inline" /&gt;
			&lt;/p&gt;
			&lt;p style="page-break-before:always"&gt;
				&lt;img src="http://data.riksdagen.se/fil/h601fiu15/Dokument.025.png" width="389" height="756" alt="" style="-aw-left-pos:0pt; -aw-rel-hpos:column; -aw-rel-vpos:paragraph; -aw-top-pos:0pt; -aw-wrap-type:inline" /&gt;
			&lt;/p&gt;
			&lt;p style="page-break-before:always"&gt;
				&lt;img src="http://data.riksdagen.se/fil/h601fiu15/Dokument.026.png" width="394" height="747" alt="" style="-aw-left-pos:0pt; -aw-rel-hpos:column; -aw-rel-vpos:paragraph; -aw-top-pos:0pt; -aw-wrap-type:inline" /&gt;
			&lt;/p&gt;
			&lt;p style="page-break-before:always"&gt;
				&lt;img src="http://data.riksdagen.se/fil/h601fiu15/Dokument.027.png" width="389" height="756" alt="" style="-aw-left-pos:0pt; -aw-rel-hpos:column; -aw-rel-vpos:paragraph; -aw-top-pos:0pt; -aw-wrap-type:inline" /&gt;
			&lt;/p&gt;
			&lt;p style="page-break-before:always"&gt;
				&lt;img src="http://data.riksdagen.se/fil/h601fiu15/Dokument.028.png" width="394" height="747" alt="" style="-aw-left-pos:0pt; -aw-rel-hpos:column; -aw-rel-vpos:paragraph; -aw-top-pos:0pt; -aw-wrap-type:inline" /&gt;
			&lt;/p&gt;
			&lt;p style="page-break-before:always"&gt;
				&lt;img src="http://data.riksdagen.se/fil/h601fiu15/Dokument.029.png" width="389" height="756" alt="" style="-aw-left-pos:0pt; -aw-rel-hpos:column; -aw-rel-vpos:paragraph; -aw-top-pos:0pt; -aw-wrap-type:inline" /&gt;
			&lt;/p&gt;
			&lt;p style="page-break-before:always"&gt;
				&lt;img src="http://data.riksdagen.se/fil/h601fiu15/Dokument.030.png" width="394" height="747" alt="" style="-aw-left-pos:0pt; -aw-rel-hpos:column; -aw-rel-vpos:paragraph; -aw-top-pos:0pt; -aw-wrap-type:inline" /&gt;
			&lt;/p&gt;
		&lt;/div&gt;
		&lt;hr style="width:33%; height:1px; text-align:left; -aw-footnote-numberstyle:0; -aw-footnote-startnumber:1; -aw-footnote-type:0" /&gt;
		&lt;div id="_ftn1" style="-aw-footnote-isauto:1"&gt;
			&lt;p class="FootnoteText"&gt;
				&lt;a href="#_ftnref1"&gt;&lt;span class="FootnoteReference" style="font-size:6.33pt"&gt;[1]&lt;/span&gt;&lt;/a&gt;&lt;span&gt; &lt;/span&gt;&lt;span&gt;Europaparlamentets och rådets förordning (EG) nr 924/2009 av den 16 september 2009 om gränsöverskridande betalningar i gemenskapen och om upphävande av förordning (EG) nr 2560/2001.&lt;/span&gt;
			&lt;/p&gt;
		&lt;/div&gt;
		&lt;div id="_ftn2" style="-aw-footnote-isauto:1"&gt;
			&lt;p class="FootnoteText"&gt;
				&lt;a href="#_ftnref2"&gt;&lt;span class="FootnoteReference" style="font-size:6.33pt"&gt;[2]&lt;/span&gt;&lt;/a&gt;&lt;span&gt; &lt;/span&gt;&lt;span&gt;Förordning (EG) nr 2560/2001&lt;/span&gt;&lt;span&gt;.&lt;/span&gt;
			&lt;/p&gt;
		&lt;/div&gt;
		&lt;div id="_ftn3" style="-aw-footnote-isauto:1"&gt;
			&lt;p class="FootnoteText"&gt;
				&lt;a href="#_ftnref3"&gt;&lt;span class="FootnoteReference" style="font-size:6.33pt"&gt;[3]&lt;/span&gt;&lt;/a&gt;&lt;span&gt; &lt;/span&gt;&lt;span&gt;I propositionen hänvisas till att det var i prop. 2016/17 som den aktuella bestämmelsen gavs en ny beteckning, men korrekt&lt;/span&gt;&lt;span&gt; hänvisning&lt;/span&gt;&lt;span&gt; är prop. 2016/17:162.&lt;/span&gt;
			&lt;/p&gt;
		&lt;/div&gt;
		&lt;div id="_ftn4" style="-aw-footnote-isauto:1"&gt;
			&lt;p class="FootnoteText"&gt;
				&lt;a href="#_ftnref4"&gt;&lt;span class="FootnoteReference" style="font-size:6.33pt"&gt;[4]&lt;/span&gt;&lt;/a&gt;&lt;span&gt; &lt;/span&gt;&lt;span&gt;Europaparlamentets och rådets f&lt;/span&gt;&lt;span&gt;örordning (EG) nr 924/2009&lt;/span&gt;&lt;span&gt; &lt;/span&gt;&lt;span&gt;av den 16 september 2009 om gränsöverskridande betalningar i gemenskapen och om upphävande av förordning (EG) nr 2560/2001&lt;/span&gt;&lt;span&gt;. &lt;/span&gt;
			&lt;/p&gt;
		&lt;/div&gt;
		&lt;div id="_ftn5" style="-aw-footnote-isauto:1"&gt;
			&lt;p class="FootnoteText"&gt;
				&lt;a href="#_ftnref5"&gt;&lt;span class="FootnoteReference" style="font-size:6.33pt"&gt;[5]&lt;/span&gt;&lt;/a&gt;&lt;span&gt; F&lt;/span&gt;&lt;span&gt;örordning (EG) nr 2560/2001&lt;/span&gt;&lt;span&gt;.&lt;/span&gt;
			&lt;/p&gt;
		&lt;/div&gt;
		&lt;div id="_ftn6" style="-aw-footnote-isauto:1"&gt;
			&lt;p class="FootnoteText"&gt;
				&lt;a href="#_ftnref6"&gt;&lt;span class="FootnoteReference" style="font-size:6.33pt"&gt;[6]&lt;/span&gt;&lt;/a&gt;&lt;span&gt; &lt;/span&gt;&lt;span&gt;Artiklarna 6&lt;/span&gt;&lt;span&gt;–&lt;/span&gt;&lt;span&gt;8 innehåller &lt;/span&gt;&lt;span&gt;bestämmelser om avgiftsuttag och nåbarhet vid genomförande av gränsöverskridande autogireringar i euro.&lt;/span&gt;
			&lt;/p&gt;
		&lt;/div&gt;
	</html>
  </dokument>
<dokutskottsforslag>
<utskottsforslag>
<punkt datatype="int32">1</punkt>
<rubrik datatype="string">Finansiella företags uppgifter till brottsutredande myndigheter</rubrik>
<forslag datatype="string">Riksdagen antar&amp;nbsp;regeringens förslag till&lt;br&gt;1. lag om ändring i lagen (1998:1479) om värdepapperscentraler och kontoföring av finansiella instrument,&lt;br&gt;2. lag om ändring i lagen (2004:46) om värdepappersfonder,&lt;br&gt;3. lag om ändring i lagen (2004:297) om bank- och finansieringsrörelse, med den ändringen att&amp;nbsp;16 kap. 1 § första stycket 13 ska avslutas med ett&amp;nbsp;kommatecken,&amp;nbsp;&lt;br&gt;4. lag om ändring i lagen (2006:531) om särskild tillsyn över finansiella konglomerat,&lt;br&gt;5. lag om ändring i lagen (2007:528) om värdepappersmarknaden,&lt;br&gt;6. lag om ändring i lagen (2010:751) om betaltjänster,&lt;br&gt;7. lag om ändring i försäkringsrörelselagen (2010:2043),&lt;br&gt;8. lag om ändring i lagen (2011:755) om elektroniska pengar,&lt;br&gt;9. lag om ändring i lagen (2013:561) om förvaltare av alternativa investeringsfonder,&lt;br&gt;10. lag om ändring i lagen (2018:000) om ändring i lagen (2017:1148) om ändring i lagen (2014:797) om ändring i lagen (2013:561) om förvaltare av alternativa investeringsfonder,&lt;br&gt;11. lag om ändring i lagen (2018:000) om ändring i lagen (2017:1149) om ändring i lagen (2014:798) om ändring i lagen (2013:561) om förvaltare av alternativa investeringsfonder,&lt;br&gt;12. lag om ändring i lagen (2014:968) om särskild tillsyn över kreditinstitut och värdepappersbolag.&lt;BR/&gt;Därmed bifaller riksdagen proposition 2017/18:291 punkterna 1 och 3-13.&lt;BR/&gt;&lt;BR/&gt;</forslag>
<beslutstyp datatype="string">acklamation</beslutstyp>
<motforslag_nummer datatype="int32">0</motforslag_nummer>
<motforslag_partier datatype="string" />
<votering_id datatype="string" />
<votering_sammanfattning_html datatype="string" />
<votering_url_xml datatype="string" />
<rm datatype="string">2018/19</rm>
<bet datatype="string">FiU15</bet>
<vinnare datatype="string">utskottet</vinnare>
</utskottsforslag>
<utskottsforslag>
<punkt datatype="int32">2</punkt>
<rubrik datatype="string">Gränsöverskridande betalningar i svenska kronor</rubrik>
<forslag datatype="string">Riksdagen antar regeringens förslag till lag om ändring i lagen (2002:598) om avgifter för vissa gränsöverskridande betalningar.&lt;BR/&gt;Därmed bifaller riksdagen proposition 2017/18:291 punkt 2.&lt;BR/&gt;&lt;BR/&gt;</forslag>
<beslutstyp datatype="string">acklamation</beslutstyp>
<motforslag_nummer datatype="int32">0</motforslag_nummer>
<motforslag_partier datatype="string" />
<votering_id datatype="string" />
<votering_sammanfattning_html datatype="string" />
<votering_url_xml datatype="string" />
<rm datatype="string">2018/19</rm>
<bet datatype="string">FiU15</bet>
<vinnare datatype="string">utskottet</vinnare>
</utskottsforslag>
</dokutskottsforslag>
<dokaktivitet>
<aktivitet>
<kod datatype="string">UBE</kod>
<namn datatype="string">Beredning</namn>
<datum datatype="datetime">2018-10-23 00:00:00</datum>
<status datatype="string">inträffat</status>
<ordning datatype="int32">0</ordning>
<process datatype="string" />
</aktivitet>
<aktivitet>
<kod datatype="string">UBE</kod>
<namn datatype="string">Beredning</namn>
<datum datatype="datetime">2018-10-25 00:00:00</datum>
<status datatype="string">inträffat</status>
<ordning datatype="int32">0</ordning>
<process datatype="string" />
</aktivitet>
<aktivitet>
<kod datatype="string">JUS</kod>
<namn datatype="string">Justering</namn>
<datum datatype="datetime">2018-11-06 00:00:00</datum>
<status datatype="string">inträffat</status>
<ordning datatype="int32">0</ordning>
<process datatype="string" />
</aktivitet>
<aktivitet>
<kod datatype="string">TRY</kod>
<namn datatype="string">Trycklov</namn>
<datum datatype="datetime">2018-11-07 00:00:00</datum>
<status datatype="string">inträffat</status>
<ordning datatype="int32">0</ordning>
<process datatype="string" />
</aktivitet>
<aktivitet>
<kod datatype="string">B</kod>
<namn datatype="string">Bordläggning</namn>
<datum datatype="datetime">2018-11-13 00:00:00</datum>
<status datatype="string">inträffat</status>
<ordning datatype="int32">0</ordning>
<process datatype="string" />
</aktivitet>
<aktivitet>
<kod datatype="string">BEH</kod>
<namn datatype="string">Behandling</namn>
<datum datatype="datetime">2018-11-14 00:00:00</datum>
<status datatype="string">inträffat</status>
<ordning datatype="int32">0</ordning>
<process datatype="string" />
</aktivitet>
<aktivitet>
<kod datatype="string">BES</kod>
<namn datatype="string">Beslut</namn>
<datum datatype="datetime">2018-11-14 00:00:00</datum>
<status datatype="string">inträffat</status>
<ordning datatype="int32">0</ordning>
<process datatype="string" />
</aktivitet>
</dokaktivitet>
<dokuppgift>
<uppgift>
<kod datatype="string">notis</kod>
<namn datatype="string">Beslut i korthet</namn>
<text datatype="string">                           &lt;p&gt;Riksdagen sa ja till regeringens förslag om större krav på finansiella företags överlämning av uppgifter till myndigheter som utreder brott. De här uppgifterna ska framöver lämnas skyndsamt och i elektronisk form. Regeringens förslag berör många olika lagar på finansmarknadsområdet som därför behöver ändras.&lt;/p&gt;
&lt;p&gt;Riksdagen sa också ja till regeringens förslag att lagen om avgifter för vissa gränsöverskridande betalningar ska tydliggöras.&lt;/p&gt;
&lt;p&gt;Lagändringarna om finansiella företags uppgifter börjar gälla den 1 september 2019. Övriga lagändringar börjar gälla den 1 januari 2019.&lt;/p&gt;
                                            </text>
<dok_id datatype="string">H601FiU15</dok_id>
<systemdatum datatype="datetime">2018-11-14 16:26:16</systemdatum>
</uppgift>
<uppgift>
<kod datatype="string">notisrubrik</kod>
<namn datatype="string">Beslut</namn>
<text datatype="string">Ändringar i flera lagar vad gäller finansiella företags uppgiftslämnande till brottsutredande myndigheter (FiU15)</text>
<dok_id datatype="string">H601FiU15</dok_id>
<systemdatum datatype="datetime">2018-11-14 16:26:16</systemdatum>
</uppgift>
<uppgift>
<kod datatype="string">utsknotis</kod>
<namn datatype="string">Utskottets förslag till beslut</namn>
<text datatype="string">                           &lt;p&gt;Regeringen föreslår större krav på finansiella företags överlämning av uppgifter till myndigheter som utreder brott. De här uppgifterna ska enligt förslaget framöver lämnas skyndsamt och i elektronisk form. Regeringens förslag berör många olika lagar på finansmarknadsområdet som därför behöver ändras.&lt;/p&gt;
&lt;p&gt;Regeringen föreslår också att lagen om avgifter för vissa gränsöverskridande betalningar ska tydliggöras.&lt;/p&gt;
&lt;p&gt;Finansutskottet föreslår att riksdagen säger ja till regeringens förslag. Lagändringarna om finansiella företags uppgifter föreslås börja gälla den 1 september 2019. Övriga lagändringar föreslås börja gälla den 1 januari 2019.&lt;/p&gt;
                                            </text>
<dok_id datatype="string">H601FiU15</dok_id>
<systemdatum datatype="datetime">2018-11-14 16:26:17</systemdatum>
</uppgift>
<uppgift>
<kod datatype="string">utsknotisrubrik</kod>
<namn datatype="string">Utskottets förslag</namn>
<text datatype="string">Ändringar i flera lagar vad gäller finansiella företags uppgiftslämnande till brottsutredande myndigheter (FiU15)</text>
<dok_id datatype="string">H601FiU15</dok_id>
<systemdatum datatype="datetime">2018-11-14 16:26:17</systemdatum>
</uppgift>
<uppgift>
<kod datatype="string">rdbeslut</kod>
<namn datatype="string">Riksdagens beslut</namn>
<text datatype="string">Kammaren biföll utskottets förslag.</text>
<dok_id datatype="string">H601FiU15</dok_id>
<systemdatum datatype="datetime">2018-11-14 16:32:22</systemdatum>
</uppgift>
<uppgift>
<kod datatype="string">beslutssammanfattningusk</kod>
<namn datatype="string">Utskottets förslag till beslut</namn>
<text datatype="string">Bifall till propositionen.</text>
<dok_id datatype="string">H601FiU15</dok_id>
<systemdatum datatype="datetime">2018-11-13 08:15:39</systemdatum>
</uppgift>
<uppgift>
<kod datatype="string">debattdatumtid</kod>
<namn datatype="string">Datum och tid för debatten</namn>
<text datatype="string">2018-11-14 00:00:00</text>
<dok_id datatype="string">H601FiU15</dok_id>
<systemdatum datatype="datetime">2018-11-14 16:26:16</systemdatum>
</uppgift>
<uppgift>
<kod datatype="string">beslutdatumtid</kod>
<namn datatype="string">Datum och tid för beslutet</namn>
<text datatype="string">2018-11-14 00:00:00</text>
<dok_id datatype="string">H601FiU15</dok_id>
<systemdatum datatype="datetime">2018-11-14 16:26:16</systemdatum>
</uppgift>
<uppgift>
<kod datatype="string">statustext</kod>
<namn datatype="string">statustext</namn>
<text datatype="string">Ärendet är avslutat</text>
<dok_id datatype="string">H601FiU15</dok_id>
<systemdatum datatype="datetime">2018-11-15 13:29:30</systemdatum>
</uppgift>
</dokuppgift>
<dokbilaga>
<bilaga>
<dok_id datatype="string">H601FiU15</dok_id>
<titel datatype="string">Finansiella företags uppgifter till brottsutredande myndigheter</titel>
<subtitel datatype="string" />
<filnamn datatype="string">2018_19_FiU15_20181107131356_Publicering.pdf</filnamn>
<filstorlek datatype="int32">4557863</filstorlek>
<filtyp datatype="string">pdf</filtyp>
<fil_url datatype="string">http://data.riksdagen.se/fil/5C061F10-D783-4C82-BE67-17DC591A85EF</fil_url>
</bilaga>
</dokbilaga>
<dokreferens>
<referens>
<referenstyp datatype="string">behandlar</referenstyp>
<uppgift datatype="string">Proposition 2017/18:291 Finansiella företags uppgifter till brottsutredande myndigheter</uppgift>
<ref_dok_id datatype="string">H503291</ref_dok_id>
<ref_dok_typ datatype="string">prop</ref_dok_typ>
<ref_dok_rm datatype="string">2017/18</ref_dok_rm>
<ref_dok_bet datatype="string">291</ref_dok_bet>
<ref_dok_titel datatype="string">Finansiella företags uppgifter till brottsutredande myndigheter</ref_dok_titel>
<ref_dok_subtitel datatype="string" />
<ref_dok_subtyp datatype="string">prop</ref_dok_subtyp>
<ref_dok_dokumentnamn datatype="string">Proposition</ref_dok_dokumentnamn>
</referens>
<referens>
<referenstyp datatype="string">föredragningslista</referenstyp>
<uppgift datatype="string">föredragningslista 2018/19:16 Onsdag den 14 november 2018</uppgift>
<ref_dok_id datatype="string">H60I16</ref_dok_id>
<ref_dok_typ datatype="string">f-lista</ref_dok_typ>
<ref_dok_rm datatype="string">2018/19</ref_dok_rm>
<ref_dok_bet datatype="string">16</ref_dok_bet>
<ref_dok_titel datatype="string">Onsdag den 14 november 2018</ref_dok_titel>
<ref_dok_subtitel datatype="string" />
<ref_dok_subtyp datatype="string" />
<ref_dok_dokumentnamn datatype="string">Föredragningslista</ref_dok_dokumentnamn>
</referens>
<referens>
<referenstyp datatype="string">protokollbeslut</referenstyp>
<uppgift datatype="string">2018-11-14</uppgift>
<ref_dok_id datatype="string">H60916</ref_dok_id>
<ref_dok_typ datatype="string">prot</ref_dok_typ>
<ref_dok_rm datatype="string">2018/19</ref_dok_rm>
<ref_dok_bet datatype="string">16</ref_dok_bet>
<ref_dok_titel datatype="string">Protokoll 2018/19:16 Onsdagen den 14 november</ref_dok_titel>
<ref_dok_subtitel datatype="string" />
<ref_dok_subtyp datatype="string" />
<ref_dok_dokumentnamn datatype="string">Protokoll</ref_dok_dokumentnamn>
</referens>
<referens>
<referenstyp datatype="string">rskr</referenstyp>
<uppgift datatype="string" />
<ref_dok_id datatype="string">H60K25</ref_dok_id>
<ref_dok_typ datatype="string">rskr</ref_dok_typ>
<ref_dok_rm datatype="string">2018/19</ref_dok_rm>
<ref_dok_bet datatype="string">25</ref_dok_bet>
<ref_dok_titel datatype="string">Riksdagsskrivelse 2018/19:25</ref_dok_titel>
<ref_dok_subtitel datatype="string" />
<ref_dok_subtyp datatype="string">rskr</ref_dok_subtyp>
<ref_dok_dokumentnamn datatype="string">Riksdagsskrivelse</ref_dok_dokumentnamn>
</referens>
</dokreferens>
<debatt /></dokumentstatus>