<dokumentstatus>
  <dokument>
    <hangar_id datatype="int32">5017258</hangar_id>
    <dok_id datatype="string">H601FiU32</dok_id>
    <rm datatype="string">2018/19</rm>
    <beteckning datatype="string">FiU32</beteckning>
    <typ datatype="string">bet</typ>
    <subtyp datatype="string">bet</subtyp>
    <doktyp datatype="string">bet</doktyp>
    <typrubrik datatype="string">Betänkande 2018/19:FiU32</typrubrik>
    <dokumentnamn datatype="string">Betänkande</dokumentnamn>
    <debattnamn datatype="string">Debatt om förslag</debattnamn>
    <tempbeteckning datatype="string"></tempbeteckning>
    <organ datatype="string">FiU</organ>
    <mottagare datatype="string"></mottagare>
    <nummer datatype="int32">32</nummer>
    <slutnummer datatype="int32">0</slutnummer>
    <datum datatype="datetime">2019-02-18 00:00:00</datum>
    <systemdatum datatype="datetime">2019-03-06 22:53:12</systemdatum>
    <publicerad datatype="datetime">2019-01-14 13:31:53</publicerad>
    <titel datatype="string">Riksrevisionens rapport om Riksgäldskontorets användning av ränteswappar</titel>
    <subtitel datatype="string"></subtitel>
    <status datatype="string">Webbpublicering</status>
    <htmlformat datatype="string">html</htmlformat>
    <relaterat_id datatype="string"></relaterat_id>
    <source datatype="string">RIM</source>
    <sourceid datatype="string">20ac5dc0-e532-4811-8700-158ed2bb5f5c</sourceid>
    <dokument_url_text datatype="stext">http://data.riksdagen.se/dokument/H601FiU32/text</dokument_url_text>
    <dokument_url_html datatype="stext">http://data.riksdagen.se/dokument/H601FiU32</dokument_url_html>
    <dokumentstatus_url_xml datatype="stext">http://data.riksdagen.se/dokumentstatus/H601FiU32</dokumentstatus_url_xml>
    <utskottsforslag_url_xml datatype="stext">http://data.riksdagen.se/utskottsforslag/H601FiU32</utskottsforslag_url_xml>
    <html datatype="text">&lt;style&gt;&lt;!--
 .w600px{width: 600px;font-family:Verdana, Geneva, sans-serif}
h2.dtyp{font-size:1.5em !important;} 
/********************************************************************************************************/
/* Styles for D:\Logs\DocumentConverter\\Output_534356f7-7386-452b-bfc2-c7d56b258f10\HTML\Dokument.html */
/* Generated by Aspose.Words for .NET 15.3.0.0                                                          */
/********************************************************************************************************/

@page Section1 { size:467.8pt 686.05pt; margin:45.35pt 102.05pt 73.7pt 70.85pt }
div.Section1 { page:Section1 }
zbody { text-align:justify; line-height:12.5pt; font-family:'Verdana'; font-size:9.5pt }
zh1, h2, h3, h4, h5, h6, p { margin:3.1pt 0pt 0pt }
zli, table { margin-top:3.1pt; margin-bottom:0pt }
zh1 { margin-top:3.1pt; margin-bottom:12pt; text-align:left; page-break-after:avoid; line-height:12.5pt; font-family:'Verdana'; font-size:16pt; font-weight:normal }
zh2 { margin-top:20pt; margin-bottom:6pt; text-align:left; page-break-inside:avoid; page-break-after:avoid; line-height:12.5pt; font-family:'Verdana'; font-size:13.5pt; font-weight:normal }
zh3 { margin-top:20pt; margin-bottom:3.1pt; text-align:left; page-break-inside:avoid; page-break-after:avoid; line-height:12.5pt; font-family:'Verdana'; font-size:10.5pt; font-weight:bold }
zh4 { margin-top:15pt; margin-bottom:3.1pt; text-align:left; page-break-inside:avoid; page-break-after:avoid; line-height:12.5pt; font-family:'Verdana'; font-size:10.5pt; font-weight:normal; font-style:italic; color:#000000 }
zh5 { margin-top:6.25pt; margin-bottom:0pt; text-align:justify; page-break-inside:avoid; page-break-after:avoid; line-height:12.5pt; font-family:'Verdana'; font-size:9.5pt; font-weight:bold }
zh6 { margin-top:6.25pt; margin-bottom:0pt; text-align:justify; page-break-inside:avoid; page-break-after:avoid; line-height:12.5pt; font-family:'Verdana'; font-size:9.5pt; font-weight:normal; font-style:italic; color:#000000 }
.Heading7 { margin-top:2pt; margin-bottom:0pt; text-align:justify; page-break-inside:avoid; page-break-after:avoid; line-height:12.5pt; font-family:'Verdana'; font-size:9.5pt; font-weight:normal; font-style:italic; color:#243f60 }
.Heading8 { margin-top:2pt; margin-bottom:0pt; text-align:justify; page-break-inside:avoid; page-break-after:avoid; line-height:12.5pt; font-family:'Verdana'; font-size:9pt; font-weight:normal; color:#272727 }
.Heading9 { margin-top:2pt; margin-bottom:0pt; text-align:justify; page-break-inside:avoid; page-break-after:avoid; line-height:12.5pt; font-family:'Verdana'; font-size:9pt; font-weight:normal; font-style:italic; color:#272727 }
.Avsnittsrubrik { margin-top:0pt; margin-bottom:27.7pt; text-align:left; page-break-before:always; page-break-after:avoid; line-height:normal; font-family:'Verdana'; font-size:16pt }
.Avvikandemeningrubrik { margin-top:0pt; margin-bottom:3.1pt; text-align:left; page-break-inside:avoid; page-break-after:avoid; line-height:12.5pt; font-family:'Verdana'; font-size:10.5pt; font-weight:bold }
.BalloonText { margin-top:3.1pt; margin-bottom:0pt; text-align:justify; line-height:normal; font-family:Tahoma; font-size:8pt }
.Bilaga { margin-top:0pt; margin-bottom:0pt; text-align:left; page-break-before:always; page-break-after:avoid; line-height:normal; widows:0; orphans:0; font-family:'Verdana'; font-size:8pt; font-variant:small-caps; text-decoration:underline }
.Bilagerubrik { margin-top:0pt; margin-bottom:17.7pt; text-align:left; page-break-after:auto; line-height:normal; widows:0; orphans:0; font-family:'Verdana'; font-size:16pt }
.Bild-Rubrik { margin-top:8pt; margin-bottom:0pt; text-align:justify; page-break-inside:avoid; page-break-after:avoid; line-height:10pt; font-family:'Verdana'; font-size:9.5pt; font-weight:bold }
.Bild-Underrubrik { margin-top:0pt; margin-bottom:1pt; text-align:left; page-break-inside:avoid; page-break-after:avoid; line-height:8pt; font-family:'Verdana'; font-size:8pt; font-weight:normal; font-style:italic }
.BodyText { margin-top:3.1pt; margin-bottom:0pt; text-align:left; line-height:12.5pt; font-family:'Verdana'; font-size:9.5pt }
.BodyTextIndent2 { margin-top:3.1pt; margin-left:14.15pt; margin-bottom:6pt; text-align:justify; line-height:200%; font-family:'Verdana'; font-size:9.5pt }
.Citatindrag { margin-top:0pt; margin-left:14.2pt; margin-bottom:6.1pt; text-indent:14.2pt; text-align:justify; line-height:10pt; font-family:'Verdana'; font-size:9.5pt }
.CommentText { margin-top:3.1pt; margin-bottom:0pt; text-align:justify; line-height:normal; font-family:'Verdana'; font-size:10pt }
.Deltagare { margin-top:0pt; margin-bottom:0pt; text-align:justify; page-break-inside:avoid; page-break-after:avoid; line-height:9.5pt; font-family:'Verdana'; font-size:9.5pt }
.Diagram-Rubrik { margin-top:8pt; margin-bottom:0pt; text-align:justify; page-break-inside:avoid; page-break-after:avoid; line-height:10pt; font-family:'Verdana'; font-size:9.5pt; font-weight:bold }
.Diagram-Underrubrik { margin-top:0pt; margin-bottom:1pt; text-align:left; page-break-inside:avoid; page-break-after:avoid; line-height:8pt; font-family:'Verdana'; font-size:8pt; font-weight:normal; font-style:italic }
.DokumentRubrik { margin-top:6pt; margin-bottom:24pt; text-align:left; line-height:normal; border-bottom-style:solid; border-bottom-width:0.75pt; border-bottom-color:#000000; padding-bottom:4pt; font-family:'Verdana'; font-size:18pt }
.Dokumentbeteckning { margin-top:0pt; margin-bottom:0pt; text-align:left; page-break-inside:avoid; page-break-after:avoid; line-height:12.5pt; font-family:'Verdana'; font-size:16pt }
.Footer { margin-top:3.1pt; margin-bottom:0pt; text-align:justify; line-height:normal; font-family:'Verdana'; font-size:9.5pt }
.FootnoteText { margin-top:0pt; margin-bottom:0pt; text-align:justify; line-height:8pt; font-family:'Verdana'; font-size:8pt }
.Fotnotstextindrag { margin-top:0pt; margin-left:5.65pt; margin-bottom:0pt; text-align:left; line-height:8pt; font-family:'Verdana'; font-size:8pt }
.Frslagspunkt { margin-top:0pt; margin-bottom:0pt; text-align:left; page-break-inside:avoid; page-break-after:avoid; line-height:12.5pt; font-family:'Verdana'; font-size:9.5pt; font-weight:bold }
.Frslagstext { margin-top:0pt; margin-bottom:0pt; text-align:justify; line-height:12.5pt; font-family:'Verdana'; font-size:9.5pt }
.Frteckningsrubrik { margin-top:9.6pt; margin-bottom:3.1pt; text-align:left; page-break-inside:avoid; page-break-after:avoid; line-height:normal; font-family:'Verdana'; font-size:9.5pt; font-weight:normal; font-style:italic; color:#000000 }
.Grupprubrik { margin-top:6pt; margin-bottom:0pt; text-align:left; page-break-inside:avoid; page-break-after:avoid; line-height:12.5pt; font-family:'Verdana'; font-size:9.5pt; font-style:italic }
.Grupprubrikindrag { margin-top:6pt; margin-left:22.1pt; margin-bottom:0pt; text-align:left; page-break-inside:avoid; page-break-after:avoid; line-height:12.5pt; font-family:'Verdana'; font-size:9.5pt; font-style:italic }
.Header { margin-top:0pt; margin-bottom:0pt; text-align:justify; line-height:normal; font-family:'Verdana'; font-size:7.5pt; font-variant:small-caps }
.Innehllsfrteckning { margin-top:0pt; margin-bottom:17.7pt; text-align:left; page-break-before:always; page-break-after:auto; line-height:normal; font-family:'Verdana'; font-size:16pt }
.Kantrubrik { margin-top:0pt; margin-bottom:0pt; text-align:justify; line-height:normal; font-family:'Verdana'; font-size:7.5pt }
.ListBullet { margin-top:6.25pt; margin-left:17.85pt; margin-bottom:6.25pt; text-indent:-17.85pt; text-align:justify; line-height:12.5pt; font-family:'Verdana'; font-size:9.5pt }
.ListParagraph { margin-top:3.1pt; margin-left:28.35pt; margin-bottom:0pt; text-align:justify; line-height:12.5pt; font-family:'Verdana'; font-size:9.5pt }
.Litentext { margin-top:0pt; margin-bottom:0pt; text-align:justify; line-height:normal; font-family:'Verdana'; font-size:8pt }
.Mellanrubrik { margin-top:11pt; margin-bottom:3.1pt; text-align:left; page-break-after:avoid; line-height:12.5pt; font-family:'Verdana'; font-size:9.5pt; font-style:italic }
.Mellanrum { margin-top:0pt; margin-bottom:0pt; text-align:left; page-break-before:auto; page-break-after:auto; line-height:1pt; widows:0; orphans:0; font-family:'Verdana'; font-size:1pt; font-variant:small-caps; text-decoration:none; color:#ffffff }
.NormalIndent { margin-top:0pt; margin-bottom:0pt; text-indent:11.35pt; text-align:justify; line-height:12.5pt; font-family:'Verdana'; font-size:9.5pt }
.Normalinskjuten { margin-top:0pt; margin-left:22.1pt; margin-bottom:0pt; text-align:justify; line-height:12.5pt; font-family:'Verdana'; font-size:9.5pt }
.Normalinskjutenindrag { margin-top:0pt; margin-left:22.1pt; margin-bottom:0pt; text-indent:11.35pt; text-align:justify; line-height:12.5pt; font-family:'Verdana'; font-size:9.5pt }
.Normalinskjutenkursiv { margin-top:6pt; margin-bottom:0pt; line-height:normal; font-family:'Verdana'; font-size:10pt; font-style:italic }
.Normalkursiv { margin-top:3.1pt; margin-bottom:0pt; text-align:left; line-height:12.5pt; font-family:'Verdana'; font-size:9.5pt; font-style:italic }
.Normalruta { margin:3.1pt 5.65pt 0pt; text-align:justify; page-break-inside:avoid; page-break-after:avoid; line-height:12.5pt; border-top-style:solid; border-top-width:0.75pt; border-top-color:#000000; border-right-style:solid; border-right-width:0.75pt; border-right-color:#000000; border-left-style:solid; border-left-width:0.75pt; border-left-color:#000000; border-bottom-style:solid; border-bottom-width:0.75pt; border-bottom-color:#000000; padding-top:4pt; padding-right:4pt; padding-left:4pt; padding-bottom:4pt; font-family:'Verdana'; font-size:10.5pt }
.Normalrutafet { margin:3.1pt 5.65pt 0pt; text-align:justify; page-break-inside:avoid; page-break-after:avoid; line-height:12.5pt; border-top-style:solid; border-top-width:0.75pt; border-top-color:#000000; border-right-style:solid; border-right-width:0.75pt; border-right-color:#000000; border-left-style:solid; border-left-width:0.75pt; border-left-color:#000000; border-bottom-style:solid; border-bottom-width:0.75pt; border-bottom-color:#000000; padding-top:4pt; padding-right:4pt; padding-left:4pt; padding-bottom:4pt; font-family:'Verdana'; font-size:10.5pt; font-weight:bold }
.Normalrutaindrag { margin:0pt 5.65pt; text-indent:11.35pt; text-align:justify; page-break-inside:avoid; page-break-after:avoid; line-height:12.5pt; border-top-style:solid; border-top-width:0.75pt; border-top-color:#000000; border-right-style:solid; border-right-width:0.75pt; border-right-color:#000000; border-left-style:solid; border-left-width:0.75pt; border-left-color:#000000; border-bottom-style:solid; border-bottom-width:0.75pt; border-bottom-color:#000000; padding-top:4pt; padding-right:4pt; padding-left:4pt; padding-bottom:4pt; font-family:'Verdana'; font-size:10.5pt }
.Normalutanluftfre { margin-top:0pt; margin-bottom:0pt; text-align:justify; line-height:12.5pt; font-family:'Verdana'; font-size:9.5pt }
.NormalNoll { margin-top:0pt; margin-bottom:3.1pt; text-align:left; line-height:12.5pt; font-family:'Verdana'; font-size:10.5pt; font-weight:bold }
.NumlistaTOC { margin:3.1pt 28.35pt 0pt 0pt; text-indent:0pt; text-align:left; line-height:normal; font-family:'Verdana'; font-size:9.5pt }
.Ordfranden { margin-top:3.1pt; margin-bottom:22pt; text-align:left; page-break-inside:avoid; page-break-after:avoid; line-height:normal; font-family:'Verdana'; font-size:9.5pt; font-style:italic }
.OrtochDatum { margin-top:18pt; margin-bottom:18pt; text-align:left; page-break-inside:avoid; page-break-after:avoid; line-height:normal; font-family:'Verdana'; font-size:9.5pt }
.Punktlistabomb { margin-top:6.25pt; margin-left:14.2pt; margin-bottom:6.25pt; text-indent:-14.2pt; text-align:justify; line-height:12.5pt; font-family:'Verdana'; font-size:9.5pt }
.Punktlistagemener { margin-top:6.25pt; margin-left:14.2pt; margin-bottom:6.25pt; text-indent:-14.2pt; text-align:justify; line-height:12.5pt; font-family:'Verdana'; font-size:9.5pt }
.Punktlistalinje { margin-top:6.25pt; margin-left:14.2pt; margin-bottom:6.25pt; text-indent:-14.2pt; text-align:justify; line-height:12.5pt; font-family:'Verdana'; font-size:9.5pt }
.Punktlistasiffra { margin-top:6.25pt; margin-left:14.2pt; margin-bottom:6.25pt; text-indent:-14.2pt; text-align:justify; line-height:12.5pt; font-family:'Verdana'; font-size:9.5pt }
.PVgnar { margin-top:3.1pt; margin-bottom:26pt; text-align:left; page-break-inside:avoid; page-break-after:avoid; line-height:normal; font-family:'Verdana'; font-size:9.5pt }
.Quote { margin-top:6.1pt; margin-left:14.2pt; margin-bottom:0pt; text-align:justify; line-height:10pt; font-family:'Verdana'; font-size:9.5pt }
.R1 { margin-top:3.1pt; margin-bottom:12pt; text-align:left; page-break-after:avoid; line-height:12.5pt; font-family:'Verdana'; font-size:16pt }
.R1bilaga { margin-top:3.1pt; margin-bottom:12pt; text-align:left; page-break-after:auto; line-height:12.5pt; font-family:'Verdana'; font-size:16pt }
.R2 { margin-top:20pt; margin-bottom:6pt; text-align:left; page-break-inside:avoid; page-break-after:avoid; line-height:12.5pt; font-family:'Verdana'; font-size:13.5pt }
.R3 { margin-top:20pt; margin-bottom:3.1pt; text-align:left; page-break-inside:avoid; page-break-after:avoid; line-height:12.5pt; font-family:'Verdana'; font-size:10.5pt; font-weight:bold }
.R4 { margin-top:15pt; margin-bottom:3.1pt; text-align:left; page-break-inside:avoid; page-break-after:avoid; line-height:12.5pt; font-family:'Verdana'; font-size:10.5pt; font-weight:normal; font-style:italic; color:#000000 }
.R5 { margin-top:6.25pt; margin-bottom:0pt; text-align:justify; page-break-inside:avoid; page-break-after:avoid; line-height:12.5pt; font-family:'Verdana'; font-size:9.5pt; font-weight:bold }
.R6 { margin-top:6.25pt; margin-bottom:0pt; text-align:justify; page-break-inside:avoid; page-break-after:avoid; line-height:12.5pt; font-family:'Verdana'; font-size:9.5pt; font-weight:normal; font-style:italic; color:#000000 }
.Reservationshnvisning { margin-top:0pt; margin-bottom:8pt; text-align:right; line-height:12.5pt; font-family:'Verdana'; font-size:9.5pt; font-style:italic }
.Reservationsrubrik { margin-top:0pt; margin-bottom:3.1pt; text-align:left; page-break-inside:avoid; page-break-after:avoid; line-height:12.5pt; font-family:'Verdana'; font-size:10.5pt; font-weight:bold }
.Rubrik1Dokumentinformation { margin-top:0pt; margin-bottom:0pt; text-align:left; page-break-inside:avoid; page-break-after:avoid; line-height:12.5pt; font-family:'Verdana'; font-size:16pt }
.Rubrik1bilaga { margin-top:0pt; margin-bottom:27.7pt; text-align:left; page-break-after:auto; line-height:12.5pt; font-family:'Verdana'; font-size:16pt }
.Rubrik1medsidhuvud { margin-top:3.1pt; margin-bottom:12pt; text-align:left; page-break-before:always; page-break-after:avoid; line-height:12.5pt; font-family:'Verdana'; font-size:16pt }
.Rubrik1numrerat { margin-top:3.1pt; margin-left:0pt; margin-bottom:12pt; text-indent:0pt; text-align:left; page-break-after:avoid; line-height:12.5pt; font-family:'Verdana'; font-size:16pt }
.Rubrik1numreratmedsidhuvud { margin-top:0pt; margin-left:0pt; margin-bottom:16pt; text-indent:0pt; text-align:left; page-break-before:always; page-break-after:avoid; line-height:normal; font-family:'Verdana'; font-size:16pt }
.Rubrik2bilaga { margin-top:20pt; margin-bottom:6pt; text-align:left; page-break-inside:avoid; page-break-after:avoid; line-height:12.5pt; font-family:'Verdana'; font-size:13.5pt }
.Rubrik2numrerat { margin-top:20pt; margin-left:0pt; margin-bottom:6pt; text-indent:0pt; text-align:left; page-break-inside:avoid; page-break-after:avoid; line-height:12.5pt; font-family:'Verdana'; font-size:13.5pt }
.Rubrik3numrerat { margin-top:20pt; margin-left:0pt; margin-bottom:3.1pt; text-indent:0pt; text-align:left; page-break-inside:avoid; page-break-after:avoid; line-height:12.5pt; font-family:'Verdana'; font-size:10.5pt; font-weight:bold }
.Sammanfattning { margin-top:3.1pt; margin-bottom:12pt; text-align:left; page-break-after:auto; line-height:12.5pt; font-family:'Verdana'; font-size:16pt }
.Sidhuvudhgerstlld { margin-top:0pt; margin-bottom:0pt; text-align:right; line-height:normal; font-family:'Verdana'; font-size:7.5pt; font-variant:small-caps }
.Sidhuvudvnsterstlld { margin-top:0pt; margin-bottom:0pt; text-align:left; line-height:normal; font-family:'Verdana'; font-size:7.5pt; font-variant:small-caps }
.Stdrubrik { margin-top:12pt; margin-bottom:0pt; line-height:12pt; font-family:'Verdana'; font-size:9.5pt; font-weight:bold }
.Srskiltyttranderubrik { margin-top:0pt; margin-bottom:3.1pt; text-align:left; page-break-inside:avoid; page-break-after:avoid; line-height:12.5pt; font-family:'Verdana'; font-size:10.5pt; font-weight:bold }
.TOC1 { margin-top:0pt; margin-right:28.35pt; margin-bottom:0pt; text-align:left; line-height:normal; font-family:'Verdana'; font-size:9.5pt }
.TOC2 { margin:0pt 28.35pt 0pt 5.65pt; text-align:left; line-height:normal; font-family:'Verdana'; font-size:9.5pt }
.TOC3 { margin:0pt 28.35pt 0pt 11.35pt; text-align:left; line-height:normal; font-family:'Verdana'; font-size:9.5pt }
.TOC4 { margin:0pt 28.35pt 0pt 17pt; text-align:left; line-height:normal; font-family:'Verdana'; font-size:9.5pt }
.TOC5 { margin:0pt 28.35pt 0pt 22.7pt; text-align:left; line-height:normal; font-family:'Verdana'; font-size:9.5pt }
.TOC6 { margin-top:0pt; margin-left:47.65pt; margin-bottom:0pt; text-align:left; line-height:normal; font-family:'Verdana'; font-size:9.5pt }
.TOC7 { margin-top:0pt; margin-right:28.35pt; margin-bottom:0pt; text-align:left; line-height:normal; font-family:'Verdana'; font-size:9.5pt }
.TOC8 { margin-top:0pt; margin-right:28.35pt; margin-bottom:0pt; text-align:left; line-height:normal; font-family:'Verdana'; font-size:9.5pt }
.TOC9 { margin-top:0pt; margin-left:8.5pt; margin-bottom:0pt; text-align:left; line-height:normal; font-family:'Verdana'; font-size:9.5pt }
.TOCHeading { margin-top:3.1pt; margin-bottom:9pt; text-align:left; page-break-before:always; page-break-inside:avoid; page-break-after:avoid; line-height:12.5pt; font-family:'Verdana'; font-size:16pt }
.Tabell-Kolumnrubrik { margin-bottom:0pt; line-height:12pt; font-family:'Verdana'; font-size:8pt; font-weight:bold }
.Tabell-Klla { margin-top:2pt; margin-bottom:0pt; line-height:8pt; font-family:'Verdana'; font-size:7pt }
.Tabell-Radrubrik { margin-bottom:0pt; line-height:12pt; font-family:'Verdana'; font-size:8pt }
.Tabell-Rubrik { margin-top:12pt; margin-bottom:3pt; text-align:left; page-break-inside:avoid; page-break-after:avoid; line-height:10pt; font-family:'Verdana'; font-size:9pt; font-weight:bold }
.Tabell-Siffror { margin-bottom:0pt; text-align:right; line-height:12pt; font-family:'Verdana'; font-size:8pt }
.Tabell-Text { margin-bottom:0pt; line-height:12pt; font-family:'Verdana'; font-size:8pt }
.Tabell-Underrubrik { margin-top:0pt; margin-bottom:1pt; text-align:left; page-break-inside:avoid; page-break-after:avoid; line-height:8pt; font-family:'Verdana'; font-size:8pt; font-weight:normal; font-style:italic }
.TableofFigures { margin-top:3.1pt; margin-bottom:0pt; text-align:justify; line-height:normal; font-family:'Verdana'; font-size:9.5pt }
.TillX-utskottet { margin-top:0pt; margin-bottom:12pt; text-align:left; page-break-after:avoid; line-height:12.5pt; font-family:'Verdana'; font-size:16pt }
.Title { margin-top:3.1pt; margin-bottom:1pt; text-align:left; line-height:12pt; font-family:'Verdana'; font-size:20pt; letter-spacing:-0.5pt }
.Vapen { margin-top:0pt; margin-bottom:0pt; text-align:left; page-break-inside:avoid; page-break-after:avoid; line-height:12.5pt; font-family:'Verdana'; font-size:16pt }
.Yrkandelista { margin-top:3.1pt; margin-left:28.35pt; margin-bottom:0pt; text-indent:-28.35pt; text-align:justify; line-height:12.5pt; font-family:'Verdana'; font-size:9.5pt }
.YrkandelistaEtt { margin-top:3.1pt; margin-left:0pt; margin-bottom:0pt; text-indent:0pt; text-align:justify; line-height:12.5pt; font-family:'Verdana'; font-size:9.5pt }
span.BallongtextChar { font-family:Tahoma; font-size:8pt }
span.BilagaChar { font-family:'Verdana'; font-size:8pt; font-variant:small-caps; text-decoration:underline }
span.BrdtextChar { font-family:'Verdana'; font-size:9.5pt }
span.BrdtextChar1 { font-family:'Verdana'; font-size:9.5pt }
span.Brdtextmedindrag2Char { font-family:'Verdana'; font-size:9.5pt }
span.CitatChar { font-family:'Verdana'; font-size:9.5pt }
span.DokumentRubrikChar { font-family:'Verdana'; font-size:18pt }
span.FotnotstextChar { font-family:'Verdana'; font-size:8pt }
span.FotnotstextindragChar { font-family:'Verdana'; font-size:8pt }
span.FrslagspunktChar { font-family:'Verdana'; font-size:9.5pt; font-weight:bold; font-style:normal }
span.Hyperlink { text-decoration:none; color:#000000 }
span.KommentarerChar { font-family:'Verdana'; font-size:10pt }
span.NormalkursivChar { font-family:'Verdana'; font-size:9.5pt; font-style:italic }
span.NormaltindragChar { font-family:'Verdana'; font-size:9.5pt }
span.OrdfrandenChar { font-family:'Verdana'; font-size:9.5pt; font-style:italic }
span.OrtochDatumChar { font-family:'Verdana'; font-size:9.5pt }
span.PlaceholderText { color:#808080 }
span.PVgnarChar { font-family:'Verdana'; font-size:9.5pt }
span.ReservationshnvisningChar { font-family:'Verdana'; font-size:9.5pt; font-style:italic }
span.Rubrik1Char { font-family:'Verdana'; font-size:16pt }
span.Rubrik1DokumentinformationChar { font-family:'Verdana'; font-size:16pt }
span.Rubrik2Char { font-family:'Verdana'; font-size:13.5pt }
span.Rubrik3Char { font-family:'Verdana'; font-size:10.5pt; font-weight:bold }
span.Rubrik4Char { font-family:'Verdana'; font-size:10.5pt; font-style:italic; color:#000000 }
span.Rubrik5Char { font-family:'Verdana'; font-size:9.5pt; font-weight:bold }
span.Rubrik6Char { font-family:'Verdana'; font-size:9.5pt; font-style:italic; color:#000000 }
span.Rubrik7Char { font-family:'Verdana'; font-size:9.5pt; font-style:italic; color:#243f60 }
span.Rubrik8Char { font-family:'Verdana'; font-size:9pt; color:#272727 }
span.Rubrik9Char { font-family:'Verdana'; font-size:9pt; font-style:italic; color:#272727 }
span.RubrikChar { font-family:'Verdana'; font-size:20pt; letter-spacing:-0.5pt }
span.SidfotChar { font-family:'Verdana'; font-size:9.5pt }
span.SidhuvudChar { font-family:'Verdana'; font-size:7.5pt; font-variant:small-caps }
span.Tabell-Upphjttecken { font-family:'Verdana'; font-variant:normal; text-decoration:none; text-transform:none; vertical-align:super; display:inline }
span.VapenChar { font-family:'Verdana'; font-size:16pt }
span.tBilagaJA { color:#000000 }
span.tSidrubrikJA { color:#000000 }
.TableGrid {  }
--&gt;&lt;/style&gt;

		&lt;div class="Section1"&gt;
			&lt;table cellspacing="0" cellpadding="0" style="border-collapse:collapse; margin-left:0pt"&gt;
				&lt;tr style="height:79.4pt"&gt;
					&lt;td style="vertical-align:top; width:297.7pt"&gt;
						&lt;p class="Rubrik1Dokumentinformation" style="margin-top:0pt; margin-bottom:0pt; text-align:left; page-break-inside:avoid; page-break-after:avoid; line-height:16pt"&gt;
							&lt;span style="font-family:'Verdana'; font-size:16pt; -aw-sdt-tag:ccUtskott; -aw-sdt-title:'utskottsnamn Dokumentegenskap'"&gt;Finansutskottet&lt;/span&gt;&lt;span style="font-family:'Verdana'; font-size:16pt; -aw-sdt-tag:ccS; -aw-sdt-title:s"&gt;s&lt;/span&gt;&lt;span style="font-family:'Verdana'; font-size:16pt; -aw-sdt-tag:ccMellanslag; -aw-sdt-title:Mellanslag"&gt; &lt;/span&gt;&lt;a name="Utlatande"&gt;&lt;/a&gt;&lt;span style="font-family:'Verdana'; font-size:16pt"&gt;betänkande&lt;/span&gt;
						&lt;/p&gt;
						&lt;p class="Dokumentbeteckning" style="margin-top:0pt; margin-bottom:0pt; text-align:left; page-break-inside:avoid; page-break-after:avoid; line-height:16pt"&gt;
							&lt;span style="font-family:'Verdana'; font-size:16pt; -aw-sdt-tag:ccRiksmote; -aw-sdt-title:'riksmote Dokumentegenskap'"&gt;2018/19&lt;/span&gt;&lt;span style="font-family:'Verdana'; font-size:16pt; -aw-sdt-tag:ccKolon; -aw-sdt-title:Kolon"&gt;:&lt;/span&gt;&lt;a name="Utskottebeteckning"&gt;&lt;/a&gt;&lt;span style="font-family:'Verdana'; font-size:16pt"&gt;FiU32&lt;/span&gt;
						&lt;/p&gt;
						&lt;p class="Rubrik1Dokumentinformation" style="margin-top:0pt; margin-bottom:0pt; text-align:left; page-break-inside:avoid; page-break-after:avoid; line-height:16pt"&gt;
							&lt;span style="font-family:'Verdana'; font-size:16pt"&gt; &lt;/span&gt;
						&lt;/p&gt;
					&lt;/td&gt;
				&lt;/tr&gt;
			&lt;/table&gt;
			&lt;p class="DokumentRubrik" style="-aw-sdt-tag:ccDokumentrubrik; -aw-sdt-title:'dokumentrubrik Dokumentegenskap'"&gt;
				&lt;span&gt;Riksrevisionens rapport om Riksgäldskontorets användning av ränteswappar&lt;/span&gt;
			&lt;/p&gt;
			&lt;h2&gt;
				&lt;a name="_Toc1370882"&gt;&lt;span&gt;Sammanfattning&lt;/span&gt;&lt;/a&gt;
			&lt;/h2&gt;
			&lt;p&gt;
				&lt;span&gt;Utskottet föreslår att riksdagen lägger skrivelsen till handlingarna. &lt;/span&gt;
			&lt;/p&gt;
			&lt;p class="NormalIndent"&gt;
				&lt;span&gt;Riksgäldskontoret har sedan 2003 &lt;/span&gt;&lt;span&gt;utnyttjat&lt;/span&gt;&lt;span&gt; s.k. &lt;/span&gt;&lt;span&gt;ränteswappar&lt;/span&gt;&lt;span&gt; för att förändra löptiden i statsskulden och bl.a. sänka kostnaderna för statsskuldsförvaltningen. Riksrevisionen har granskat Riksgäldskontorets användning. &lt;/span&gt;&lt;span&gt;Enligt &lt;/span&gt;&lt;span&gt;Riksrevisionen &lt;/span&gt;&lt;span&gt;har&lt;/span&gt;&lt;span&gt; användningen av &lt;/span&gt;&lt;span&gt;ränteswappar&lt;/span&gt;&lt;span&gt; sammantaget varit effektiv inom ramen för regeringens riktlinjer för statsskuldspolitiken&lt;/span&gt;&lt;span&gt;. Ri&lt;/span&gt;&lt;span&gt;ksrevisionen är däremot kritisk&lt;/span&gt;&lt;span&gt; &lt;/span&gt;&lt;span&gt;till hur resultatet &lt;/span&gt;&lt;span&gt;av &lt;/span&gt;&lt;span&gt;ränteswappar&lt;/span&gt;&lt;span&gt; &lt;/span&gt;&lt;span&gt;redovisas. Nuvarande redovisningsmodell ger &lt;/span&gt;&lt;span&gt;bl.a. &lt;/span&gt;&lt;span&gt;en &lt;/span&gt;&lt;span&gt;alltför&lt;/span&gt;&lt;span&gt; positiv bild av resultatet&lt;/span&gt;&lt;span&gt;.&lt;/span&gt;
			&lt;/p&gt;
			&lt;p class="NormalIndent"&gt;
				&lt;span&gt;Utskottet konstaterar att Riksgäldskontoret i huvudsak delar Riksrevisionens bedömningar och att Riksgäldskontoret avser att delvis förändra redovisningen i linje med Riksrevisionens rekommendationer.&lt;/span&gt;&lt;span&gt; Riksrevisionen har inte lämnat några rekommendationer till regeringen.&lt;/span&gt;
			&lt;/p&gt;
			&lt;p class="R4"&gt;
				&lt;span&gt;Behandlade förslag&lt;/span&gt;
			&lt;/p&gt;
			&lt;p&gt;
				&lt;span&gt;Skrivelse 2018/19:22 Riksrevisionens rapport om Riksgäldskontorets användning av &lt;/span&gt;&lt;span&gt;ränteswappar&lt;/span&gt;&lt;span&gt;.&lt;/span&gt;
			&lt;/p&gt;
			&lt;p class="Innehllsfrteckning"&gt;
				&lt;a name="Innehållsförteckning"&gt;&lt;/a&gt;&lt;span class="tSidrubrikJA"&gt;Innehållsförteckning&lt;/span&gt;
			&lt;/p&gt;
			&lt;p class="TOC2"&gt;
				&lt;a style="color:#000000" href="#_Toc1370882"&gt;&lt;span class="Hyperlink"&gt;Sammanfattning&lt;/span&gt;&lt;/a&gt;
			&lt;/p&gt;
			&lt;p class="TOC1"&gt;
				&lt;a style="color:#000000" href="#_Toc1370883"&gt;&lt;span class="Hyperlink"&gt;Utskottets förslag till riksdagsbeslut&lt;/span&gt;&lt;/a&gt;
			&lt;/p&gt;
			&lt;p class="TOC1"&gt;
				&lt;a style="color:#000000" href="#_Toc1370884"&gt;&lt;span class="Hyperlink"&gt;Redogörelse för ärendet&lt;/span&gt;&lt;/a&gt;
			&lt;/p&gt;
			&lt;p class="TOC2"&gt;
				&lt;a style="color:#000000" href="#_Toc1370885"&gt;&lt;span class="Hyperlink"&gt;Ärendet och dess beredning&lt;/span&gt;&lt;/a&gt;
			&lt;/p&gt;
			&lt;p class="TOC1"&gt;
				&lt;a style="color:#000000" href="#_Toc1370886"&gt;&lt;span class="Hyperlink"&gt;Utskottets överväganden&lt;/span&gt;&lt;/a&gt;
			&lt;/p&gt;
			&lt;p class="TOC2"&gt;
				&lt;a style="color:#000000" href="#_Toc1370887"&gt;&lt;span class="Hyperlink"&gt;Riksrevisionens rapport om Riksgäldskontorets användning av ränteswappar&lt;/span&gt;&lt;/a&gt;
			&lt;/p&gt;
			&lt;p class="TOC8"&gt;
				&lt;span class="Hyperlink" style="font-style:italic"&gt;Bilaga&lt;/span&gt;&lt;br /&gt;&lt;a style="color:#000000" href="#_Toc1370888"&gt;&lt;span class="Hyperlink"&gt;Förteckning över behandlade förslag&lt;/span&gt;&lt;/a&gt;
			&lt;/p&gt;
			&lt;p class="TOC9"&gt;
				&lt;a style="color:#000000" href="#_Toc1370889"&gt;&lt;span class="Hyperlink"&gt;Skrivelsen&lt;/span&gt;&lt;/a&gt;
			&lt;/p&gt;
			&lt;p&gt;
			&lt;/p&gt;
			&lt;p&gt;
				&lt;span&gt; &lt;/span&gt;
			&lt;/p&gt;
			&lt;p class="NormalIndent"&gt;
				&lt;span&gt; &lt;/span&gt;
			&lt;/p&gt;
			&lt;p class="Avsnittsrubrik"&gt;
				&lt;a name="StopCC"&gt;&lt;/a&gt;&lt;a name="_Toc1370883"&gt;&lt;span style="-aw-bookmark-end:StopCC"&gt;&lt;/span&gt;&lt;span class="tSidrubrikJA"&gt;Utskottets förslag till riksdagsbeslut&lt;/span&gt;&lt;/a&gt;
			&lt;/p&gt;
			&lt;p class="Mellanrum"&gt;
				&lt;span&gt; &lt;/span&gt;
			&lt;/p&gt;
			&lt;p class="Mellanrum"&gt;
				&lt;span&gt; &lt;/span&gt;
			&lt;/p&gt;
			&lt;table cellspacing="0" cellpadding="0" style="border-collapse:collapse; margin-left:0pt; width:294.2pt"&gt;
				&lt;tr&gt;
					&lt;td style="vertical-align:top; width:22pt"&gt;
						&lt;p style="margin-top:3.1pt; margin-bottom:0pt; text-align:justify; page-break-inside:avoid; page-break-after:avoid; line-height:12.5pt"&gt;
							&lt;span style="font-family:'Verdana'; font-size:10.5pt; font-weight:bold"&gt;Riksrevisionens rapport om Riksgäldskontorets användning av ränteswappar&lt;/span&gt;
						&lt;/p&gt;
					&lt;/td&gt;
				&lt;/tr&gt;
			&lt;/table&gt;
			&lt;p class="Normalutanluftfre" style="-aw-sdt-tag:'dokumentavsnitt/utskottets förslag till riksdagsbeslut/1391514112/1550144138540'; -aw-sdt-title:'utskottets förslag till riksdagsbeslut'"&gt;
				&lt;span&gt;Riksdagen lägger skrivelse 2018/19:22 till handlingarna.&lt;/span&gt;
			&lt;/p&gt;
			&lt;p class="Mellanrum" style="-aw-sdt-tag:'dokumentavsnitt/utskottets förslag till riksdagsbeslut/1391514112/1550144138540'; -aw-sdt-title:'utskottets förslag till riksdagsbeslut'"&gt;
				&lt;span&gt; &lt;/span&gt;
			&lt;/p&gt;
			&lt;p class="OrtochDatum" style="-aw-sdt-tag:'dokumentavsnitt/utskottets förslag till riksdagsbeslut/1391514112/1550144138540'; -aw-sdt-title:'utskottets förslag till riksdagsbeslut'"&gt;
				&lt;span&gt;Stockholm den 14 februari 2019&lt;/span&gt;
			&lt;/p&gt;
			&lt;p class="PVgnar" style="-aw-sdt-tag:'dokumentavsnitt/utskottets förslag till riksdagsbeslut/1391514112/1550144138540'; -aw-sdt-title:'utskottets förslag till riksdagsbeslut'"&gt;
				&lt;span&gt;På finansutskottets vägnar&lt;/span&gt;
			&lt;/p&gt;
			&lt;p class="Ordfranden" style="-aw-sdt-tag:'dokumentavsnitt/utskottets förslag till riksdagsbeslut/1391514112/1550144138540'; -aw-sdt-title:'utskottets förslag till riksdagsbeslut'"&gt;
				&lt;span&gt;Elisabeth Svantesson&lt;/span&gt;
			&lt;/p&gt;
			&lt;p class="Deltagare" style="-aw-sdt-tag:'dokumentavsnitt/utskottets förslag till riksdagsbeslut/1391514112/1550144138540'; -aw-sdt-title:'utskottets förslag till riksdagsbeslut'"&gt;
				&lt;span&gt;Följande ledamöter har deltagit i beslutet: Elisabeth Svantesson (M), Fredrik Olovsson (S), Gunilla Carlsson (S), Edward Riedl (M), Oscar Sjöstedt (SD), Adnan Dibrani (S), Ulla Andersson (V), Dennis Dioukarev (SD), Ingela Nylund Watz (S), Ingemar Nilsson (S), Mats Persson (L), Sven-Olof Sällström (SD), Karolina Skog (MP), David Josefsson (M), Cecilie Tenfjord Toftby (M), Lars Thomsson (C) och Larry Söder (KD).&lt;/span&gt;
			&lt;/p&gt;
			&lt;p class="Mellanrum" style="-aw-sdt-tag:'dokumentavsnitt/utskottets förslag till riksdagsbeslut/1391514112/1550144138540'; -aw-sdt-title:'utskottets förslag till riksdagsbeslut'"&gt;
				&lt;span&gt; &lt;/span&gt;
			&lt;/p&gt;
			&lt;p class="Mellanrum" style="-aw-sdt-tag:'dokumentavsnitt/utskottets förslag till riksdagsbeslut/1391514112/1550144138540'; -aw-sdt-title:'utskottets förslag till riksdagsbeslut'"&gt;
				&lt;span&gt; &lt;/span&gt;
			&lt;/p&gt;
			&lt;p class="Mellanrum" style="-aw-sdt-tag:'dokumentavsnitt/utskottets förslag till riksdagsbeslut/1391514112/1550144138540'; -aw-sdt-title:'utskottets förslag till riksdagsbeslut'"&gt;
				&lt;span style="font-size:9.5pt"&gt; &lt;/span&gt;
			&lt;/p&gt;
			&lt;p&gt;
				&lt;span&gt; &lt;/span&gt;
			&lt;/p&gt;
			&lt;p class="Avsnittsrubrik"&gt;
				&lt;a name="SlutUtskottsForslag"&gt;&lt;/a&gt;&lt;a name="_Toc1370884"&gt;&lt;span style="-aw-bookmark-end:SlutUtskottsForslag"&gt;&lt;/span&gt;&lt;span class="tSidrubrikJA"&gt;Redogörelse för ärendet&lt;/span&gt;&lt;/a&gt;
			&lt;/p&gt;
			&lt;h2&gt;
				&lt;a name="_Toc1370885"&gt;&lt;span&gt;Ärendet och dess beredning&lt;/span&gt;&lt;/a&gt;
			&lt;/h2&gt;
			&lt;p&gt;
				&lt;span&gt;Riksgäldskontoret tar upp lån till staten och förvaltar statsskulden. Det övergripande målet för statsskuldsförvaltningen är att långsiktigt minimera kostnaden för skulden samtidigt som risken i förvaltningen beaktas.&lt;/span&gt;
			&lt;/p&gt;
			&lt;p class="NormalIndent"&gt;
				&lt;span&gt;Regeringen beslutar varje år vilken sammansättning av skuldslag statsskulden ska ha och vilken löptid de olika delarna &lt;/span&gt;&lt;span&gt;i&lt;/span&gt;&lt;span&gt; skulden ska ha. &lt;/span&gt;&lt;span&gt;Riksgäldskontoret styr &lt;/span&gt;&lt;span&gt;statsskuldens löptid genom att välja fördelning mellan &lt;/span&gt;&lt;span&gt;rörlig&lt;/span&gt;&lt;span&gt; respektive &lt;/span&gt;&lt;span&gt;fast&lt;/span&gt;&lt;span&gt; ränta.&lt;/span&gt;&lt;span&gt; &lt;/span&gt;&lt;span&gt;Ett sätt att göra det på är att fördela upplåningen mellan statsskuldsväxlar (rörlig eller kort ränta) och obligationer (fast eller lång ränta).&lt;/span&gt;
			&lt;/p&gt;
			&lt;p class="NormalIndent"&gt;
				&lt;span&gt;Sedan 2003 använder sig Riksgäldskontoret av s.k. &lt;/span&gt;&lt;span&gt;ränteswappar&lt;/span&gt;&lt;span&gt; för att &lt;/span&gt;&lt;span&gt;få &lt;/span&gt;&lt;span&gt;en lämplig fördelning&lt;/span&gt;&lt;span&gt; och sänka kostnaderna för statsskuldsförvaltningen&lt;/span&gt;&lt;span&gt;. En &lt;/span&gt;&lt;span&gt;ränteswap&lt;/span&gt;&lt;span&gt; &lt;/span&gt;&lt;span&gt;innebär att två parter byter ränteströmmar med varandra. &lt;/span&gt;&lt;span&gt;I sin roll som svenska statens upplåningsmyndighet får &lt;/span&gt;&lt;span&gt;Riksgäldskontoret förmånligare lånevillkor &lt;/span&gt;&lt;span&gt;än &lt;/span&gt;&lt;span&gt;många andra aktörer på marknaden, en konkurrensfördel som normalt blir större ju längre löptid upplåningen har. Riksgäldskontoret &lt;/span&gt;&lt;span&gt;utnyttjar&lt;/span&gt;&lt;span&gt; denna fördel genom att låna långt till fast ränta och &lt;/span&gt;&lt;span&gt;byta&lt;/span&gt;&lt;span&gt; räntor med &lt;/span&gt;&lt;span&gt;en annan aktör för att få en rörlig ränta.&lt;/span&gt;
			&lt;/p&gt;
			&lt;p class="NormalIndent"&gt;
				&lt;span&gt;Riksgäldskontoret&lt;/span&gt;&lt;span&gt; &lt;/span&gt;&lt;span&gt;har utnyttjat &lt;/span&gt;&lt;span&gt;ränteswappar&lt;/span&gt;&lt;span&gt; &lt;/span&gt;&lt;span&gt;i &lt;/span&gt;&lt;span&gt;en &lt;/span&gt;&lt;span&gt;relativt stor &lt;/span&gt;&lt;span&gt;omfattning&lt;/span&gt;&lt;span&gt;. &lt;/span&gt;&lt;span&gt;Under perioden &lt;/span&gt;&lt;span&gt;2003&lt;/span&gt;&lt;span&gt;–&lt;/span&gt;&lt;span&gt;2017 &lt;/span&gt;&lt;span&gt;slöt Riksgäl&lt;/span&gt;&lt;span&gt;dskontoret &lt;/span&gt;&lt;span&gt;ränteswap&lt;/span&gt;&lt;span&gt;p&lt;/span&gt;&lt;span&gt;avtal&lt;/span&gt;&lt;span&gt; för statsobligationer &lt;/span&gt;&lt;span&gt;på &lt;/span&gt;&lt;span&gt;nästan 300 miljarder kronor. Under &lt;/span&gt;&lt;span&gt;den &lt;/span&gt;&lt;span&gt;perioden &lt;/span&gt;&lt;span&gt;ändrade&lt;/span&gt;&lt;span&gt; Riksgäldskontoret &lt;/span&gt;&lt;span&gt;både&lt;/span&gt;&lt;span&gt; &lt;/span&gt;&lt;span&gt;redovisningen &lt;/span&gt;&lt;span&gt;av &lt;/span&gt;&lt;span&gt;swapparna&lt;/span&gt;&lt;span&gt;s&lt;/span&gt;&lt;span&gt; resultat&lt;/span&gt;&lt;span&gt; &lt;/span&gt;&lt;span&gt;och&lt;/span&gt;&lt;span&gt; motiven till &lt;/span&gt;&lt;span&gt;att &lt;/span&gt;&lt;span&gt;man använder &lt;/span&gt;&lt;span&gt;ränteswappar&lt;/span&gt;&lt;span&gt;.&lt;/span&gt;
			&lt;/p&gt;
			&lt;p class="NormalIndent"&gt;
				&lt;span&gt;I juni 2018 &lt;/span&gt;&lt;span&gt;lämnad&lt;/span&gt;&lt;span&gt;e&lt;/span&gt;&lt;span&gt; Riksrevisionen rapporten Riksgäldskontoret&lt;/span&gt;&lt;span&gt;s användning av &lt;/span&gt;&lt;span&gt;ränteswappar&lt;/span&gt;&lt;span&gt; (&lt;/span&gt;&lt;span&gt;Ri&lt;/span&gt;&lt;span&gt;R&lt;/span&gt;&lt;span&gt; 2018:18)&lt;/span&gt;&lt;span&gt; till riksdagen&lt;/span&gt;&lt;span&gt;. Motivet till granskning&lt;/span&gt;&lt;span&gt;en&lt;/span&gt;&lt;span&gt; &lt;/span&gt;&lt;span&gt;är&lt;/span&gt;&lt;span&gt; den &lt;/span&gt;&lt;span&gt;stora &lt;/span&gt;&lt;span&gt;användning&lt;/span&gt;&lt;span&gt;en av &lt;/span&gt;&lt;span&gt;ränteswappar&lt;/span&gt;&lt;span&gt; samt de ändrade motiven till användningen och &lt;/span&gt;&lt;span&gt;den ändrade&lt;/span&gt;&lt;span&gt; resultatredovisningen. Riksrevisionen &lt;/span&gt;&lt;span&gt;granskar&lt;/span&gt;&lt;span&gt; hur användningen av &lt;/span&gt;&lt;span&gt;ränteswappar&lt;/span&gt;&lt;span&gt; svarar mot det övergripande målet för statsskuldsförvaltningen. &lt;/span&gt;&lt;span&gt;Granskning&lt;/span&gt;&lt;span&gt;en&lt;/span&gt;&lt;span&gt; är avgränsad till förvaltningen av den nominella skulden i svenska kronor.&lt;/span&gt;
			&lt;/p&gt;
			&lt;p class="NormalIndent"&gt;
				&lt;span&gt;Riksrevisionen lämnar &lt;/span&gt;&lt;span&gt;två rekommendationer till Riksgäldskontoret och försöker i rapporten besvara följande två frågor:&lt;/span&gt;
			&lt;/p&gt;
			&lt;ol type="1" style="margin:0pt; padding-left:0pt"&gt;
				&lt;li class="Punktlistasiffra" style="margin-left:12.12pt; margin-bottom:0pt; text-indent:0pt; padding-left:2.03pt; font-family:'Verdana'; font-size:9.5pt"&gt;
					&lt;span style="font-family:'Verdana'; font-size:9.5pt"&gt;Har användningen av &lt;/span&gt;&lt;span style="font-family:'Verdana'; font-size:9.5pt"&gt;ränteswappar&lt;/span&gt;&lt;span style="font-family:'Verdana'; font-size:9.5pt"&gt; varit effektiv?&lt;/span&gt;
				&lt;/li&gt;
				&lt;li class="Punktlistasiffra" style="margin-top:0pt; margin-left:12.12pt; text-indent:0pt; padding-left:2.03pt; font-family:'Verdana'; font-size:9.5pt"&gt;
					&lt;span style="font-family:'Verdana'; font-size:9.5pt"&gt;Är redovisningen av &lt;/span&gt;&lt;span style="font-family:'Verdana'; font-size:9.5pt"&gt;ränteswappar&lt;/span&gt;&lt;span style="font-family:'Verdana'; font-size:9.5pt"&gt; tillfredsställande?&lt;/span&gt;
				&lt;/li&gt;
			&lt;/ol&gt;
			&lt;p&gt;
				&lt;span&gt;Ri&lt;/span&gt;&lt;span&gt;ksdagen lämnade över rapporten till regeringen&lt;/span&gt;&lt;span&gt;,&lt;/span&gt;&lt;span&gt; och d&lt;/span&gt;&lt;span&gt;en 24 oktober 2018 informerade r&lt;/span&gt;&lt;span&gt;iksrevisor Helena Lindberg utskottet om rapportens slutsatser. I &lt;/span&gt;&lt;span&gt;december 2018 lämnade regeringen skrivelse 2018/19:22 Riksrevisionens rapport om Riksgäldskontorets användning av &lt;/span&gt;&lt;span&gt;ränteswappar&lt;/span&gt;&lt;span&gt; till riksdagen.&lt;/span&gt;
			&lt;/p&gt;
			&lt;p class="NormalIndent"&gt;
				&lt;span&gt;Ingen motion&lt;/span&gt;&lt;span&gt; har väckts med anledning av &lt;/span&gt;&lt;span&gt;regeringens skrivelse&lt;/span&gt;&lt;span&gt;.&lt;/span&gt;
			&lt;/p&gt;
			&lt;p class="Avsnittsrubrik"&gt;
				&lt;a name="_Toc1370886"&gt;&lt;span class="tSidrubrikJA"&gt;Utskottets överväganden&lt;/span&gt;&lt;/a&gt;
			&lt;/p&gt;
			&lt;h2 style="-aw-sdt-tag:ca42d325-9ece-4be0-acde-0575c1b01a56/förslagsrutor/-1067311291/1548244702650; -aw-sdt-title:förslagsrutor"&gt;
				&lt;a name="_Toc1370887"&gt;&lt;span&gt;Riksrevisionens rapport om Riksgäldskontorets användning av ränteswappar&lt;/span&gt;&lt;/a&gt;
			&lt;/h2&gt;
			&lt;div style="border-bottom-color:#000000; border-bottom-style:solid; border-bottom-width:0.75pt; border-left-color:#000000; border-left-style:solid; border-left-width:0.75pt; border-right-color:#000000; border-right-style:solid; border-right-width:0.75pt; border-top-color:#000000; border-top-style:solid; border-top-width:0.75pt; clear:both; margin:3.1pt 0.9pt 0pt"&gt;
				&lt;p class="Normalrutafet" style="margin:0pt; padding-right:4pt; padding-left:4pt"&gt;
					&lt;span style="-aw-bookmark-end:_Toc1370887"&gt;&lt;/span&gt;&lt;span&gt;Utskottets förslag i korthet&lt;/span&gt;
				&lt;/p&gt;
				&lt;p class="Normalruta" style="margin:0pt; padding-right:4pt; padding-left:4pt; padding-bottom:4pt"&gt;
					&lt;span&gt;Riksdagen lägger regeringens skrivelse Riksrevisionens rapport om Riksgäldskontorets användning av &lt;/span&gt;&lt;span&gt;ränteswappar&lt;/span&gt;&lt;span&gt; till handlingarna.  &lt;/span&gt;
				&lt;/p&gt;
			&lt;/div&gt;
			&lt;p class="Mellanrum"&gt;
				&lt;span&gt; &lt;/span&gt;
			&lt;/p&gt;
			&lt;p class="R3" style="margin-bottom:0pt"&gt;
				&lt;span&gt;Sammanfattning av Riksrevisionens rapport&lt;/span&gt;
			&lt;/p&gt;
			&lt;p class="R4" style="margin-top:6pt"&gt;
				&lt;span&gt;Motiv och redovisning&lt;/span&gt;
			&lt;/p&gt;
			&lt;p&gt;
				&lt;span&gt;Riksgäldskontoret började använda &lt;/span&gt;&lt;span&gt;ränteswappar&lt;/span&gt;&lt;span&gt; &lt;/span&gt;&lt;span&gt;i statsskuldsförvaltningen &lt;/span&gt;&lt;span&gt;2003. Riksgäldskontoret&lt;/span&gt;&lt;span&gt;s&lt;/span&gt;&lt;span&gt; ursprungliga motiv &lt;/span&gt;&lt;span&gt;till&lt;/span&gt;&lt;span&gt; att använda &lt;/span&gt;&lt;span&gt;ränteswappar&lt;/span&gt;&lt;span&gt; (byte av&lt;/span&gt;&lt;span&gt; räntebetalningar) i&lt;/span&gt;&lt;span&gt; &lt;/span&gt;&lt;span&gt;stället för &lt;/span&gt;&lt;span&gt;upplåning i statsskuldsväxlar &lt;/span&gt;&lt;span&gt;var att sänka kostnaderna för förvaltningen av statsskulden.&lt;/span&gt;&lt;span&gt; Genom att utnyttja sin konkurrensfördel vid obligationsupplåning (lån med fast ränta) och sedan &lt;/span&gt;&lt;span&gt;byta&lt;/span&gt;&lt;span&gt; till rörlig ränta &lt;/span&gt;&lt;span&gt;kunde&lt;/span&gt;&lt;span&gt; man uppnå &lt;/span&gt;&lt;span&gt;regeringens riktlinjer om löptid i statsskulden till &lt;/span&gt;&lt;span&gt;en&lt;/span&gt;&lt;span&gt; totalt sett&lt;/span&gt;&lt;span&gt; lägre kostnad&lt;/span&gt;&lt;span&gt;.&lt;/span&gt;
			&lt;/p&gt;
			&lt;p class="NormalIndent"&gt;
				&lt;span&gt;Från starten 2003 &lt;/span&gt;&lt;span&gt;fram till 2006 redovisade Riksgäldskontoret &lt;/span&gt;&lt;span&gt;ackumulerade &lt;/span&gt;&lt;span&gt;kostnadsbesparingar på 123 miljoner kronor till följd av användningen av &lt;/span&gt;&lt;span&gt;ränteswappar&lt;/span&gt;&lt;span&gt;. &lt;/span&gt;&lt;span&gt;R&lt;/span&gt;&lt;span&gt;esultatet &lt;/span&gt;&lt;span&gt;räknades fram genom att man jämförde kostnaden för att låna i statsskuldsväxlar med kostnaden för &lt;/span&gt;&lt;span&gt;ränteswappen&lt;/span&gt;&lt;span&gt; och obligationsupplåningen (för &lt;/span&gt;&lt;span&gt;en&lt;/span&gt;&lt;span&gt; teknisk beskrivning av redovisningsmetoderna se &lt;/span&gt;&lt;span&gt;skrivelsen s&lt;/span&gt;&lt;span&gt;. 33)&lt;/span&gt;&lt;span&gt;. &lt;/span&gt;&lt;span&gt;Redovisningen &lt;/span&gt;&lt;span&gt;innebar&lt;/span&gt;&lt;span&gt; enligt Riksrevisionen att man jämförde två alternativa sätt &lt;/span&gt;&lt;span&gt;att &lt;/span&gt;&lt;span&gt;finansiera statsskulden som båda uppfyllde regeringens löptidskrav. Redovisningen visade också hur Riksgäldskontorets egna beslut att använda &lt;/span&gt;&lt;span&gt;ränteswappar&lt;/span&gt;&lt;span&gt; bidrog till &lt;/span&gt;&lt;span&gt;att minska kostnaden.&lt;/span&gt;
			&lt;/p&gt;
			&lt;p class="NormalIndent"&gt;
				&lt;span&gt;I samband med finanskrisen förändrades förhållanden&lt;/span&gt;&lt;span&gt;a på finansmarknaden. Under &lt;/span&gt;&lt;span&gt;2008–2012 tredubblades &lt;/span&gt;&lt;span&gt;skillnaden i kostnad mellan upplåning via &lt;/span&gt;&lt;span&gt;ränteswappar&lt;/span&gt;&lt;span&gt; och upplåning i statsskuldsväxlar. Användandet av &lt;/span&gt;&lt;span&gt;ränteswappar&lt;/span&gt;&lt;span&gt; var &lt;/span&gt;&lt;span&gt;därmed &lt;/span&gt;&lt;span&gt;inte längre det billigaste alternativet &lt;/span&gt;&lt;span&gt;för Riksgäldskontoret &lt;/span&gt;&lt;span&gt;att låna till rörlig ränta&lt;/span&gt;&lt;span&gt;. Det redovisade resultatet av &lt;/span&gt;&lt;span&gt;ränteswapparna&lt;/span&gt;&lt;span&gt; (enligt dåvarande redovisningsmodell) svängde från positivt till negativt.&lt;/span&gt;
			&lt;/p&gt;
			&lt;p class="NormalIndent"&gt;
				&lt;span&gt;Trots de negativa&lt;/span&gt;&lt;span&gt; resultaten fortsatte Riksgäldskontoret&lt;/span&gt;&lt;span&gt; att använda &lt;/span&gt;&lt;span&gt;ränteswappar&lt;/span&gt;&lt;span&gt; men ändrade både motiven till användning&lt;/span&gt;&lt;span&gt;en&lt;/span&gt;&lt;span&gt; och &lt;/span&gt;&lt;span&gt;redovisning&lt;/span&gt;&lt;span&gt;en&lt;/span&gt;&lt;span&gt; &lt;/span&gt;&lt;span&gt;av&lt;/span&gt;&lt;span&gt; resultaten. De nya motiven som infördes var att &lt;/span&gt;&lt;span&gt;räntswappar&lt;/span&gt;&lt;span&gt; sänkte kostnaden genom att statsskuldens löptid &lt;/span&gt;&lt;span&gt;för&lt;/span&gt;&lt;span&gt;kortades, att likviditeten i marknaden för svenska obligationer förbättrades, att den s.k. refinansieringsrisken minskade samt att alternativet att låna via &lt;/span&gt;&lt;span&gt;statsskuldsväxlar inte var möjlig&lt;/span&gt;&lt;span&gt;t&lt;/span&gt;&lt;span&gt; eftersom efterfrågan&lt;/span&gt;&lt;span&gt; på statsskuldsväxlar&lt;/span&gt;&lt;span&gt; &lt;/span&gt;&lt;span&gt;var&lt;/span&gt;&lt;span&gt; begränsad. &lt;/span&gt;
			&lt;/p&gt;
			&lt;p class="NormalIndent"&gt;
				&lt;span&gt;Den nya redovisningsmodellen, som infördes 2010, bygger på en jämförelse mellan de&lt;/span&gt;&lt;span&gt;n&lt;/span&gt;&lt;span&gt; fasta obligationsräntan &lt;/span&gt;&lt;span&gt;och&lt;/span&gt;&lt;span&gt; den rörliga räntan i &lt;/span&gt;&lt;span&gt;ränteswapavtalet&lt;/span&gt;&lt;span&gt;, dvs. netto&lt;/span&gt;&lt;span&gt;betalningen av avtalet. Enligt Riksrevisionen innebär den nya redovisningsmodellen att man jämför kostnaden för lång obligationsupplåning (normalt &lt;/span&gt;&lt;span&gt;sju till tio&lt;/span&gt;&lt;span&gt; år) med kostnaden för kort växelupplåning (&lt;/span&gt;&lt;span&gt;tre&lt;/span&gt;&lt;span&gt; månader), i&lt;/span&gt;&lt;span&gt; &lt;/span&gt;&lt;span&gt;stället för &lt;/span&gt;&lt;span&gt;att &lt;/span&gt;&lt;span&gt;som tidigare jämföra kostnaden för två korta upplåningsalternativ.&lt;/span&gt;
			&lt;/p&gt;
			&lt;p class="NormalIndent"&gt;
				&lt;span&gt;Den nya modellen &lt;/span&gt;&lt;span&gt;innebar &lt;/span&gt;&lt;span&gt;att det redovisade resultatet av &lt;/span&gt;&lt;span&gt;ränteswapparna&lt;/span&gt;&lt;span&gt; återigen blev positiv&lt;/span&gt;&lt;span&gt;t&lt;/span&gt;&lt;span&gt; eftersom det i normala fall är dyrare att låna långt än kort. Det faktum att räntorna &lt;/span&gt;&lt;span&gt;sedan modellen infördes har sjunkit till rekordlåga nivåer – räntan på tremånaderslån har varit negativ sedan våren 2014 – har dessutom bidragit till att &lt;/span&gt;&lt;span&gt;ränt&lt;/span&gt;&lt;span&gt;e&lt;/span&gt;&lt;span&gt;swappar&lt;/span&gt;&lt;span&gt;na&lt;/span&gt;&lt;span&gt; visat&lt;/span&gt;&lt;span&gt; på en mycket stor kostnadsbesparing i statsskuldsförvaltningen, sammantaget 36 miljarder kronor &lt;/span&gt;&lt;span&gt;under perioden 2003–2017 &lt;/span&gt;&lt;span&gt;enligt den nya&lt;/span&gt;&lt;span&gt; redovisningsmodellen.&lt;/span&gt;
			&lt;/p&gt;
			&lt;p class="R4"&gt;
				&lt;span&gt;Slutsatser och iakttagelser&lt;/span&gt;
			&lt;/p&gt;
			&lt;p class="R5" style="margin-top:6pt"&gt;
				&lt;span&gt;Användningen av &lt;/span&gt;&lt;span&gt;ränteswappar&lt;/span&gt;&lt;span&gt; har varit effektiv&lt;/span&gt;
			&lt;/p&gt;
			&lt;p&gt;
				&lt;span&gt;Riksrevisionen har räknat på resultatet av Riksgäldskontorets användning av &lt;/span&gt;&lt;span&gt;ränteswappar&lt;/span&gt;&lt;span&gt; under perioden 2003–2017 enligt den redovisningsmodell som Riksgäldskontoret ursprungligen använde. Enligt Riksrevisionen har &lt;/span&gt;&lt;span&gt;ränteswapparna&lt;/span&gt;&lt;span&gt; gett en kostnadsbesparing på sammanlagt drygt 1 miljard kronor under perioden jämfört med en alternativ upplåning via statsskuldsväxlar. Det innebär enligt Riksrevisionen att finansieringen via &lt;/span&gt;&lt;span&gt;ränteswappar&lt;/span&gt;&lt;span&gt; varit effektiv&lt;/span&gt;&lt;span&gt; inom de riktlinjer som regeringen ställt upp&lt;/span&gt;&lt;span&gt;.&lt;/span&gt;
			&lt;/p&gt;
			&lt;p class="NormalIndent"&gt;
				&lt;span&gt;Riksrevisionen tycker också &lt;/span&gt;&lt;span&gt;att det var &lt;/span&gt;&lt;span&gt;rätt av Riksgäldskontoret att &lt;/span&gt;&lt;span&gt;fortsätta att &lt;/span&gt;&lt;span&gt;använda &lt;/span&gt;&lt;span&gt;ränteswappar&lt;/span&gt;&lt;span&gt; under 2008–2012 &lt;/span&gt;&lt;span&gt;trots att&lt;/span&gt;&lt;span&gt; resultatet av &lt;/span&gt;&lt;span&gt;swapparna&lt;/span&gt;&lt;span&gt; var negativt. Enligt den ursprungliga beräkningsmetoden &lt;/span&gt;&lt;span&gt;blev &lt;/span&gt;&lt;span&gt;resultatet återigen positivt fr.o&lt;/span&gt;&lt;span&gt;.&lt;/span&gt;&lt;span&gt;m. 2013, &lt;/span&gt;&lt;span&gt;men&lt;/span&gt;&lt;span&gt; det dröjde till &lt;/span&gt;&lt;span&gt;2015 innan resultatet för hela &lt;/span&gt;&lt;span&gt;swapinnehavet&lt;/span&gt;&lt;span&gt; blev positivt.&lt;/span&gt;
			&lt;/p&gt;
			&lt;p class="NormalIndent"&gt;
				&lt;span&gt;Enligt Riksrevisionen har an&lt;/span&gt;&lt;span&gt;vändningen av &lt;/span&gt;&lt;span&gt;ränteswappar&lt;/span&gt;&lt;span&gt; även gett två andra positiva effekter – likviditeten på obligationsmarknaden har förbättrats och refinansieringsrisken har minskat. &lt;/span&gt;
			&lt;/p&gt;
			&lt;p class="R5"&gt;
				&lt;span&gt;Redovisningen av &lt;/span&gt;&lt;span&gt;ränteswappar&lt;/span&gt;&lt;span&gt; är otillfredsställande&lt;/span&gt;
			&lt;/p&gt;
			&lt;p&gt;
				&lt;span&gt;Riksrevisionen anser att Riksgäldskontorets nuvarande redovisning av &lt;/span&gt;&lt;span&gt;ränteswapparna&lt;/span&gt;&lt;span&gt; är otillfredsställande och lätt kan misstolkas. Den nuvarande beräkningsmetoden innebär att Riksgäldskontoret jämför räntekostnaden för upplåning med två olika löptider. Den jämförelsepunkt som Riksgäldskontoret använder vid uträkning av det s.k. kalkylmässiga resultatet är inte &lt;/span&gt;&lt;span&gt;heller &lt;/span&gt;&lt;span&gt;förenlig med riktlinjerna för statsskuldens förvaltning. Någon jämförelse med alternativa sätt att finansiera statsskulden, givet regeringens beslut om skuldens löptid, görs inte. Riksgäldskontorets bidrag till det övergripande &lt;/span&gt;&lt;span&gt;målet att långsiktigt minimera kostnaden inom ramen för regeringens löptidskrav framgår därmed inte &lt;/span&gt;&lt;span&gt;heller &lt;/span&gt;&lt;span&gt;av redovisningen.&lt;/span&gt;
			&lt;/p&gt;
			&lt;p class="NormalIndent"&gt;
				&lt;span&gt;Enligt Riksrevisionen beror &lt;/span&gt;&lt;span&gt;Riksgäldskontorets redovisade &lt;/span&gt;&lt;span&gt;besparing på 36 miljarder kronor under&lt;/span&gt;&lt;span&gt; perioden 2003–2017 till största delen (ca 97 procent) på en förväntad löptidspremie (eftersom man lånar långt och &lt;/span&gt;&lt;span&gt;swa&lt;/span&gt;&lt;span&gt;p&lt;/span&gt;&lt;span&gt;par&lt;/span&gt;&lt;span&gt; kort) och oväntade men fördelaktiga ränteförändringar under perioden. Dessa effekter är kopplade till regeringens riktlinjebeslut och hade uppkommit även om upplåningen skett via statsskuldsväxlar.&lt;/span&gt;
			&lt;/p&gt;
			&lt;p class="NormalIndent"&gt;
				&lt;span&gt;Enligt Riksrevisionen bör det &lt;/span&gt;&lt;span&gt;av&lt;/span&gt;&lt;span&gt; redovisningen av &lt;/span&gt;&lt;span&gt;ränteswapparna&lt;/span&gt;&lt;span&gt; framgå vilka effekter som beror på Ri&lt;/span&gt;&lt;span&gt;ksgäldskontorets egna beslut,&lt;/span&gt;&lt;span&gt; vad som beror på &lt;/span&gt;&lt;span&gt;förväntade besparingar till följd av att löptiden förkortas och oväntade besparingar (eller förluster) till följd av &lt;/span&gt;&lt;span&gt;att&lt;/span&gt;&lt;span&gt; ränteomsättningsrisk&lt;/span&gt;&lt;span&gt;en ökar när löptiden förkortas&lt;/span&gt;&lt;span&gt;. En tydligare analys av sambanden mellan löptid, kostnad och risk är önskvärd enligt Riksrevisionen. En sådan redovisning skulle kunna bidra till en fruktbar diskussion inför regeringens framtid&lt;/span&gt;&lt;span&gt;a&lt;/span&gt;&lt;span&gt; riktlinjebeslut.&lt;/span&gt;
			&lt;/p&gt;
			&lt;p class="NormalIndent"&gt;
				&lt;span&gt;Enligt Riksrevisionen talar även det nuvarande ränteläget för att en mer fullständig redovisning är nödvändig. &lt;/span&gt;&lt;span&gt;Sannolikheten för att räntan framöver blir mycket lägre än förväntat är mindre än motsatsen. Det finns därför en risk att resultatet av &lt;/span&gt;&lt;span&gt;ränteswapparna&lt;/span&gt;&lt;span&gt; enligt &lt;/span&gt;&lt;span&gt;den &lt;/span&gt;&lt;span&gt;nuvarande redovisningsmodell&lt;/span&gt;&lt;span&gt;en&lt;/span&gt;&lt;span&gt; blir påtagligt svagare än vad det varit under de senaste åren. Ett negativt resultat kan inte uteslutas&lt;/span&gt;&lt;span&gt;,&lt;/span&gt;&lt;span&gt; och &lt;/span&gt;&lt;span&gt;det&lt;/span&gt;&lt;span&gt; skulle kunna tolkas som att Riksgäldskontoret borde sluta att använda &lt;/span&gt;&lt;span&gt;ränteswappar&lt;/span&gt;&lt;span&gt;,&lt;/span&gt;&lt;span&gt; vilket&lt;/span&gt;&lt;span&gt;,&lt;/span&gt;&lt;span&gt; e&lt;/span&gt;&lt;span&gt;nligt &lt;/span&gt;&lt;span&gt;Riksrevisionen&lt;/span&gt;&lt;span&gt;,&lt;/span&gt;&lt;span&gt; &lt;/span&gt;&lt;span&gt;i så fall &lt;/span&gt;&lt;span&gt;skulle vara en felaktig tolkning.&lt;/span&gt;
			&lt;/p&gt;
			&lt;p class="R4"&gt;
				&lt;span&gt;Rekommendationer&lt;/span&gt;
			&lt;/p&gt;
			&lt;p&gt;
				&lt;span&gt;Riksrevisionen ger två rekommendationer till Riksgäldskontoret. Riksgäldskontoret bör vid redovisningen av utfallet av &lt;/span&gt;&lt;span&gt;ränteswappar&lt;/span&gt;
			&lt;/p&gt;
			&lt;p class="Punktlistabomb" style="margin-left:14.2pt; margin-bottom:0pt; text-indent:-14.2pt"&gt;
				&lt;span style="font-family:'Verdana'; font-size:10pt"&gt;•&lt;/span&gt;&lt;span style="font:7.0pt 'Verdana'"&gt;       &lt;/span&gt;&lt;span&gt;tydliggöra vilken effekt som beror på myndighetens egna beslut inom den ram som ges av regeringens riktlinjer av löpti&lt;/span&gt;&lt;span&gt;den i den nominella kronskulden&lt;/span&gt;
			&lt;/p&gt;
			&lt;p class="Punktlistabomb" style="margin-top:0pt; margin-left:14.2pt; text-indent:-14.2pt"&gt;
				&lt;span style="font-family:'Verdana'; font-size:10pt"&gt;•&lt;/span&gt;&lt;span style="font:7.0pt 'Verdana'"&gt;       &lt;/span&gt;&lt;span&gt;överväga om den nuvarande definitionen av det kalkylmässiga resultatet av att använda &lt;/span&gt;&lt;span&gt;ränteswappar&lt;/span&gt;&lt;span&gt; ska redovisas även framgent&lt;/span&gt;&lt;span&gt;,&lt;/span&gt;&lt;span&gt; och om så är fallet: 1) dela upp utfallet i dess&lt;/span&gt;&lt;span&gt; olika beståndsdelar, såsom &lt;/span&gt;&lt;span&gt;swa&lt;/span&gt;&lt;span&gt;p&lt;/span&gt;&lt;span&gt;resultat&lt;/span&gt;&lt;span&gt;, löptidspremie och oväntade marknadsrörelser&lt;/span&gt;&lt;span&gt; och&lt;/span&gt;&lt;span&gt; 2) tydliggöra sambandet mellan löptid, kostnad och risk.&lt;/span&gt;
			&lt;/p&gt;
			&lt;p class="R3"&gt;
				&lt;span&gt;Sammanfattning av Riksgäldskontorets bedömning av Riksrevisionens rapport och rekommendationer&lt;/span&gt;
			&lt;/p&gt;
			&lt;p&gt;
				&lt;span&gt;Riksgäldskontoret delar i allt väsentligt Riksrevisionens bedömning i rapporten när det gäller redovisningen av &lt;/span&gt;&lt;span&gt;ränteswappar&lt;/span&gt;&lt;span&gt;. Däremot anser Riksgäldskontoret att slutsatserna bör nyanseras. Riksrevisionens granskning är avgränsad till att titta på resultatet av tekniken att använda &lt;/span&gt;&lt;span&gt;ränteswappar&lt;/span&gt;&lt;span&gt; för att uppnå löptidsmålet för&lt;/span&gt;&lt;span&gt; statsskulden. Enligt Riksgäldskontoret&lt;/span&gt;&lt;span&gt; är det även &lt;/span&gt;&lt;span&gt;relevant att redovisa effekten av strategin att förkorta löptiden, oavsett val av teknik. Båda dessa aspekter bör därför enligt Riksgäldskontoret redovisas i nästa underlag för utvärdering av statsskuldsförvaltningen.&lt;/span&gt;
			&lt;/p&gt;
			&lt;p class="NormalIndent"&gt;
				&lt;span&gt;När marknaderna förändrades och stocken statsskuldsväxlar minskade i samband med finanskrisen 2007–2009 ändrade Riksgäldskontoret redovisningen av &lt;/span&gt;&lt;span&gt;ränteswappar&lt;/span&gt;&lt;span&gt;. Den tidigare redovisningen bedömdes ge en missvisande bild&lt;/span&gt;&lt;span&gt;.&lt;/span&gt;
			&lt;/p&gt;
			&lt;p class="NormalIndent"&gt;
				&lt;span&gt;Riksgäldskontoret gick i&lt;/span&gt;&lt;span&gt; &lt;/span&gt;&lt;span&gt;stället över till att redovisa utfallet av &lt;/span&gt;&lt;span&gt;swapparna&lt;/span&gt;&lt;span&gt; som skillnaden mellan den rörliga ränta som betalats och den fast&lt;/span&gt;&lt;span&gt;a&lt;/span&gt;&lt;span&gt; ränta som erhållits i &lt;/span&gt;&lt;span&gt;swapparna&lt;/span&gt;&lt;span&gt;, dvs. nettokassaflödet. Riksgäldskontoret delar Riksrevisionens kritik att den nya redovisningsmodellen ger en överdrivet positiv bild av resultatet av &lt;/span&gt;&lt;span&gt;ränteswapparna&lt;/span&gt;&lt;span&gt; och att den inte visar resultatet av tekniken att använda &lt;/span&gt;&lt;span&gt;ränteswappar&lt;/span&gt;&lt;span&gt;. Men det var enligt Riksgäldskontoret inte heller syftet med den nya redovisningen.&lt;/span&gt;
			&lt;/p&gt;
			&lt;p class="NormalIndent"&gt;
				&lt;span&gt;Riksgäld&lt;/span&gt;&lt;span&gt;skontorets&lt;/span&gt;&lt;span&gt; redovisning &lt;/span&gt;&lt;span&gt;ska inte enbart vara ett underlag för utvärdering av den operativ&lt;/span&gt;&lt;span&gt;a förvaltningen av statsskulden&lt;/span&gt;&lt;span&gt; utan också ett underlag för utvärdering av den övergripande strategin i riktlinjerna.&lt;/span&gt;&lt;span&gt; &lt;/span&gt;&lt;span&gt;I det senare fallet&lt;/span&gt;&lt;span&gt; är den totala effekten av att förkorta löptiden relevant, oavsett val av teknik. Syftet med att redovisa nettokassaflödet har, enligt Riksgäldskontoret, inte varit att utvärdera tekniken att använda &lt;/span&gt;&lt;span&gt;swappar&lt;/span&gt;&lt;span&gt;, utan att visa på kassaeffekten av att förkorta löptiden med &lt;/span&gt;&lt;span&gt;swappar&lt;/span&gt;&lt;span&gt; om den underliggande upplåningen är oförändrad. Detta framgår också &lt;/span&gt;&lt;span&gt;av&lt;/span&gt;&lt;span&gt; det årliga underlaget för utvärdering.&lt;/span&gt;
			&lt;/p&gt;
			&lt;p class="NormalIndent"&gt;
				&lt;span&gt;Riksgäldskontoret&lt;/span&gt;&lt;span&gt; anger att &lt;/span&gt;&lt;span&gt;man&lt;/span&gt;&lt;span&gt; tänker fortsätta att redovisa nettokassaflödet. Däremot kommer myndigheten, i linje med Riksrevisionens rekommendationer,&lt;/span&gt;&lt;span&gt; att &lt;/span&gt;&lt;span&gt;i framtida underlag även redogöra för hur olika faktorer påverkat kassaflödet.&lt;/span&gt;
			&lt;/p&gt;
			&lt;p class="R3"&gt;
				&lt;span&gt;Regeringens &lt;/span&gt;&lt;span&gt;åtgärder med anledning &lt;/span&gt;&lt;span&gt;av Riksrevisionens iakttagelser&lt;/span&gt;
			&lt;/p&gt;
			&lt;p&gt;
				&lt;span&gt;Regeringen konstaterar i skrivelsen att Riksrevisionen inte lämnar några rekommendationer till regeringen. Däremot kan det i samband med utvärderingen av Riksgäldskontorets statsskuldsförvaltning finnas anledning för regeringen att följa upp hur redovisningen av &lt;/span&gt;&lt;span&gt;ränteswappar&lt;/span&gt;&lt;span&gt; utvecklas och &lt;/span&gt;&lt;span&gt;att &lt;/span&gt;&lt;span&gt;vid behov &lt;/span&gt;&lt;span&gt;ta&lt;/span&gt;&lt;span&gt; ytterligare initiativ för att förbättra redovisningen. Med detta anser regeringen att Riksrevisionens rapport är slutbehandlad.&lt;/span&gt;
			&lt;/p&gt;
			&lt;p class="R3"&gt;
				&lt;span&gt;Utskottets ställningstagande&lt;/span&gt;
			&lt;/p&gt;
			&lt;p&gt;
				&lt;span&gt;Utskottet har granskat regeringens skrivelse om Riksrevi&lt;/span&gt;&lt;span&gt;si&lt;/span&gt;&lt;span&gt;onens rapport om Riksgäldskontorets utnyttjande av &lt;/span&gt;&lt;span&gt;ränteswappar&lt;/span&gt;&lt;span&gt; under perioden 2003–2017&lt;/span&gt;&lt;span&gt;.&lt;/span&gt;
			&lt;/p&gt;
			&lt;p class="NormalIndent"&gt;
				&lt;span&gt;Riksrevisionen&lt;/span&gt;&lt;span&gt; anser i sin rapport att användningen av &lt;/span&gt;&lt;span&gt;ränteswappar&lt;/span&gt;&lt;span&gt; sammantaget varit effektiv&lt;/span&gt;&lt;span&gt; inom ramen för regeringens riktlinjer för statsskuldspolitiken&lt;/span&gt;&lt;span&gt;. S&lt;/span&gt;&lt;span&gt;amtidigt &lt;/span&gt;&lt;span&gt;är&lt;/span&gt;&lt;span&gt; myndigheten kritisk till hur resultatet &lt;/span&gt;&lt;span&gt;redovisas. Nuvarande redovisningsmodell ger&lt;/span&gt;&lt;span&gt;, enligt Riksrevisionen, en&lt;/span&gt;&lt;span&gt; &lt;/span&gt;&lt;span&gt;alltför&lt;/span&gt;&lt;span&gt; positiv bild av resultatet&lt;/span&gt;&lt;span&gt;,&lt;/span&gt;&lt;span&gt; &lt;/span&gt;&lt;span&gt;och av redovisningen framgår inte vilket bidrag Riksgäldskontorets &lt;/span&gt;&lt;span&gt;operativa &lt;/span&gt;&lt;span&gt;förvaltning &lt;/span&gt;&lt;span&gt;gett till det övergripande målet &lt;/span&gt;&lt;span&gt;att långsiktigt minimera kostnaden för skulden inom ramen för regeringens krav på skuldens löptid.&lt;/span&gt;
			&lt;/p&gt;
			&lt;p class="NormalIndent"&gt;
				&lt;span&gt;Utskottet &lt;/span&gt;&lt;span&gt;noterar&lt;/span&gt;&lt;span&gt; att &lt;/span&gt;&lt;span&gt;Riksgäldskontoret&lt;/span&gt;&lt;span&gt; &lt;/span&gt;&lt;span&gt;i huvudsak delar Riksrevisionens bedömningar&lt;/span&gt;&lt;span&gt; i rapporten&lt;/span&gt;&lt;span&gt;, att den nuvarande redovisningen kan ge en överdriven bild &lt;/span&gt;&lt;span&gt;av &lt;/span&gt;&lt;span&gt;swapparnas&lt;/span&gt;&lt;span&gt; resultat och att den inte visar på resultatet av tekniken att använda &lt;/span&gt;&lt;span&gt;ränteswappar&lt;/span&gt;&lt;span&gt;. Enligt Riksgäldskontoret har &lt;/span&gt;&lt;span&gt;det heller &lt;/span&gt;&lt;span&gt;inte varit syftet&lt;/span&gt;&lt;span&gt;, &lt;/span&gt;&lt;span&gt;utan syftet med den nuvarande redovisningen &lt;/span&gt;&lt;span&gt;av nettokassaflödet av &lt;/span&gt;&lt;span&gt;ränteswapparna&lt;/span&gt;&lt;span&gt; har i stället varit att visa på kassaeffekten av att ha förkortat löptiden i statsskulden med &lt;/span&gt;&lt;span&gt;ränteswappar&lt;/span&gt;&lt;span&gt; givet den underliggande upplåningen.&lt;/span&gt;
			&lt;/p&gt;
			&lt;p class="NormalIndent"&gt;
				&lt;span&gt;Utskottet konstaterar att &lt;/span&gt;&lt;span&gt;Riksgäldskontoret &lt;/span&gt;&lt;span&gt;anser att &lt;/span&gt;&lt;span&gt;båda dessa aspekter &lt;/span&gt;&lt;span&gt;bör &lt;/span&gt;&lt;span&gt;framgå av redovisningen. Riksgäldskontoret &lt;/span&gt;&lt;span&gt;anger därför att &lt;/span&gt;&lt;span&gt;man&lt;/span&gt;&lt;span&gt; &lt;/span&gt;&lt;span&gt;kommer att fortsätta att redovisa &lt;/span&gt;&lt;span&gt;nettokassaflödet i kommande underlag för utvärdering av statsskuldspolitiken&lt;/span&gt;&lt;span&gt;,&lt;/span&gt;&lt;span&gt; men &lt;/span&gt;&lt;span&gt;att myndigheten samtidigt &lt;/span&gt;&lt;span&gt;kommer &lt;/span&gt;&lt;span&gt;att&lt;/span&gt;&lt;span&gt; redovisa hur olika faktorer &lt;/span&gt;&lt;span&gt;har &lt;/span&gt;&lt;span&gt;påverkat kassaflödet&lt;/span&gt;&lt;span&gt;, vilket ligger i linje med Riksrevisionens rekommendationer&lt;/span&gt;&lt;span&gt;.&lt;/span&gt;
			&lt;/p&gt;
			&lt;p class="NormalIndent"&gt;
				&lt;span&gt;Riksrevisionen lämnar inte några rekommendationer till regeringen i sin rapport.&lt;/span&gt;
			&lt;/p&gt;
			&lt;p class="NormalIndent"&gt;
				&lt;span&gt;Med detta föreslår utskottet att regeringens skrivelse 2018/19:22 läggs till handlingarna.&lt;/span&gt;
			&lt;/p&gt;
			&lt;p&gt;
				&lt;span&gt; &lt;/span&gt;
			&lt;/p&gt;
			&lt;p class="Bilaga"&gt;
				&lt;span class="tBilagaJA"&gt;Bilaga &lt;/span&gt;
			&lt;/p&gt;
			&lt;p class="Bilagerubrik"&gt;
				&lt;a name="_Toc1370888"&gt;&lt;span class="tSidrubrikJA"&gt;Förteckning över behandlade förslag&lt;/span&gt;&lt;/a&gt;
			&lt;/p&gt;
			&lt;p class="Rubrik2bilaga" style="-aw-sdt-tag:'dokumentavsnitt/förteckning över behandlade förslag/173020119/1547805630655'; -aw-sdt-title:'förteckning över behandlade förslag'"&gt;
				&lt;a name="_Toc1370889"&gt;&lt;span&gt;Skrivelsen&lt;/span&gt;&lt;/a&gt;&lt;span&gt; &lt;/span&gt;
			&lt;/p&gt;
			&lt;p style="-aw-sdt-tag:'dokumentavsnitt/förteckning över behandlade förslag/173020119/1547805630655'; -aw-sdt-title:'förteckning över behandlade förslag'"&gt;
				&lt;span&gt;Regeringens skrivelse 2018/19:22 Riksrevisionens rapport om Riksgäldskontorets användning av ränteswappar.&lt;/span&gt;
			&lt;/p&gt;
			&lt;p class="Mellanrum"&gt;
				&lt;span&gt; &lt;/span&gt;
			&lt;/p&gt;
			&lt;p class="Mellanrum" style="-aw-sdt-tag:'dokumentavsnitt/förteckning över behandlade förslag/173020119/1547805630655'; -aw-sdt-title:'förteckning över behandlade förslag'"&gt;
				&lt;span&gt; &lt;/span&gt;
			&lt;/p&gt;
			&lt;p&gt;
				&lt;span&gt; &lt;/span&gt;
			&lt;/p&gt;
			&lt;p&gt;
				&lt;span&gt; &lt;/span&gt;
			&lt;/p&gt;
			&lt;p&gt;
				&lt;span&gt; &lt;/span&gt;
			&lt;/p&gt;
			&lt;p&gt;
				&lt;span&gt; &lt;/span&gt;
			&lt;/p&gt;
		&lt;/div&gt;
	</html>
  </dokument>
<dokutskottsforslag>
<utskottsforslag>
<punkt datatype="int32">1</punkt>
<rubrik datatype="string">Riksrevisionens rapport om Riksgäldskontorets användning av ränteswappar</rubrik>
<forslag datatype="string">&lt;BR/&gt;Riksdagen lägger skrivelse 2018/19:22 till handlingarna.&lt;BR/&gt;&lt;BR/&gt;</forslag>
<beslutstyp datatype="string">acklamation</beslutstyp>
<motforslag_nummer datatype="int32">0</motforslag_nummer>
<motforslag_partier datatype="string" />
<votering_id datatype="string" />
<votering_sammanfattning_html datatype="string" />
<votering_url_xml datatype="string" />
<rm datatype="string">2018/19</rm>
<bet datatype="string">FiU32</bet>
<vinnare datatype="string">utskottet</vinnare>
</utskottsforslag>
</dokutskottsforslag>
<dokaktivitet>
<aktivitet>
<kod datatype="string">UBE</kod>
<namn datatype="string">Beredning</namn>
<datum datatype="datetime">2019-01-31 00:00:00</datum>
<status datatype="string">inträffat</status>
<ordning datatype="int32">0</ordning>
<process datatype="string" />
</aktivitet>
<aktivitet>
<kod datatype="string">UBE</kod>
<namn datatype="string">Beredning</namn>
<datum datatype="datetime">2019-02-12 00:00:00</datum>
<status datatype="string">inträffat</status>
<ordning datatype="int32">0</ordning>
<process datatype="string" />
</aktivitet>
<aktivitet>
<kod datatype="string">JUS</kod>
<namn datatype="string">Justering</namn>
<datum datatype="datetime">2019-02-14 00:00:00</datum>
<status datatype="string">inträffat</status>
<ordning datatype="int32">0</ordning>
<process datatype="string" />
</aktivitet>
<aktivitet>
<kod datatype="string">TRY</kod>
<namn datatype="string">Trycklov</namn>
<datum datatype="datetime">2019-02-18 00:00:00</datum>
<status datatype="string">inträffat</status>
<ordning datatype="int32">0</ordning>
<process datatype="string" />
</aktivitet>
<aktivitet>
<kod datatype="string">B</kod>
<namn datatype="string">Bordläggning</namn>
<datum datatype="datetime">2019-03-05 00:00:00</datum>
<status datatype="string">inträffat</status>
<ordning datatype="int32">0</ordning>
<process datatype="string" />
</aktivitet>
<aktivitet>
<kod datatype="string">BEH</kod>
<namn datatype="string">Behandling</namn>
<datum datatype="datetime">2019-03-06 00:00:00</datum>
<status datatype="string">inträffat</status>
<ordning datatype="int32">0</ordning>
<process datatype="string" />
</aktivitet>
<aktivitet>
<kod datatype="string">BES</kod>
<namn datatype="string">Beslut</namn>
<datum datatype="datetime">2019-03-06 00:00:00</datum>
<status datatype="string">inträffat</status>
<ordning datatype="int32">0</ordning>
<process datatype="string" />
</aktivitet>
</dokaktivitet>
<dokuppgift>
<uppgift>
<kod datatype="string">beslutssammanfattningusk</kod>
<namn datatype="string">Utskottets förslag till beslut</namn>
<text datatype="string">Skrivelsen läggs till handlingarna.</text>
<dok_id datatype="string">H601FiU32</dok_id>
<systemdatum datatype="datetime">2019-02-18 09:14:17</systemdatum>
</uppgift>
<uppgift>
<kod datatype="string">rdbeslut</kod>
<namn datatype="string">Riksdagens beslut</namn>
<text datatype="string">Kammaren biföll utskottets förslag.</text>
<dok_id datatype="string">H601FiU32</dok_id>
<systemdatum datatype="datetime">2019-03-06 16:55:13</systemdatum>
</uppgift>
<uppgift>
<kod datatype="string">notis</kod>
<namn datatype="string">Beslut i korthet</namn>
<text datatype="string">                           &lt;p&gt;Riksdagen har granskat en skrivelse från regeringen. Den handlar om Riksrevisionens rapport om Riksgäldskontorets användning av så kallade ränteswappar. En ränteswap är ett avtal mellan två parter där exempelvis den ena parten med fast ränta byter med den andra som har en rörlig ränta.&lt;/p&gt;
&lt;p&gt;Riksgäldskontoret har utnyttjat ränteswappar sedan 2003, bland annat för att sänka kostnaderna för statsskuldsförvaltningen. Enligt Riksrevisionen har användningen av ränteswappar i stort varit effektiv. Däremot är revisionen kritisk till den nuvarande redovisningsmodellen. Den ger bland annat en för positiv bild av resultatet av swapparna.&lt;/p&gt;
&lt;p&gt;Riksdagen&amp;nbsp;konstaterar att Riksgäldskontoret i huvudsak delar Riksrevisionens bedömningar och därför planerar att delvis ändra redovisningen i linje med revisionens rekommendationer. Riksrevisionen har inte lämnat några rekommendationer till regeringen. Däremot tycker regeringen att det kan finans anledning att följa upp hur redovisningen utvecklas. Riksdagen lade skrivelsen till handlingarna, det vill säga avslutade ärendet.&lt;/p&gt;
                                            </text>
<dok_id datatype="string">H601FiU32</dok_id>
<systemdatum datatype="datetime">2019-03-06 17:22:55</systemdatum>
</uppgift>
<uppgift>
<kod datatype="string">notisrubrik</kod>
<namn datatype="string">Beslut</namn>
<text datatype="string">Riksgäldens användning av ränteswappar har granskats (FiU32)</text>
<dok_id datatype="string">H601FiU32</dok_id>
<systemdatum datatype="datetime">2019-03-06 17:22:55</systemdatum>
</uppgift>
<uppgift>
<kod datatype="string">utsknotis</kod>
<namn datatype="string">Utskottets förslag till beslut</namn>
<text datatype="string">                           &lt;p&gt;Finansutskottet har granskat en skrivelse från regeringen. Den handlar om Riksrevisionens rapport om Riksgäldskontorets användning av så kallade ränteswappar. En ränteswap är ett avtal mellan två parter där exempelvis den ena parten med fast ränta byter med den andra som har en rörlig ränta.&lt;/p&gt;
&lt;p&gt;Riksgäldskontoret har utnyttjat ränteswappar sedan 2003, bland annat för att sänka kostnaderna för statsskuldsförvaltningen. Enligt Riksrevisionen har användningen av ränteswappar i stort varit effektiv. Däremot är revisionen kritisk till den nuvarande redovisningsmodellen. Den ger bland annat en för positiv bild av resultatet av swapparna.&lt;/p&gt;
&lt;p&gt;Utskottet konstaterar att Riksgäldskontoret i huvudsak delar Riksrevisionens bedömningar och därför planerar att delvis ändra redovisningen i linje med revisionens rekommendationer. Revisionen har inte lämnat några rekommendationer till regeringen. Däremot tycker regeringen att det kan finans anledning att följa upp hur redovisningen utvecklas.&lt;/p&gt;
&lt;p&gt;Med det föreslår utskottet att riksdagen lägger skrivelsen till handlingarna, det vill säga avslutar ärendet.&lt;/p&gt;
                                            </text>
<dok_id datatype="string">H601FiU32</dok_id>
<systemdatum datatype="datetime">2019-03-06 17:22:55</systemdatum>
</uppgift>
<uppgift>
<kod datatype="string">utsknotisrubrik</kod>
<namn datatype="string">Utskottets förslag</namn>
<text datatype="string">Riksgäldens användning av ränteswappar har granskats (FiU32)</text>
<dok_id datatype="string">H601FiU32</dok_id>
<systemdatum datatype="datetime">2019-03-06 17:22:55</systemdatum>
</uppgift>
<uppgift>
<kod datatype="string">statustext</kod>
<namn datatype="string">statustext</namn>
<text datatype="string">Ärendet är avslutat</text>
<dok_id datatype="string">H601FiU32</dok_id>
<systemdatum datatype="datetime">2019-03-07 14:13:55</systemdatum>
</uppgift>
<uppgift>
<kod datatype="string">debattdatumtid</kod>
<namn datatype="string">Datum och tid för debatten</namn>
<text datatype="string">2019-03-06 00:00:00</text>
<dok_id datatype="string">H601FiU32</dok_id>
<systemdatum datatype="datetime">2019-03-06 17:22:55</systemdatum>
</uppgift>
<uppgift>
<kod datatype="string">beslutdatumtid</kod>
<namn datatype="string">Datum och tid för beslutet</namn>
<text datatype="string">2019-03-06 00:00:00</text>
<dok_id datatype="string">H601FiU32</dok_id>
<systemdatum datatype="datetime">2019-03-06 17:22:55</systemdatum>
</uppgift>
</dokuppgift>
<dokbilaga>
<bilaga>
<dok_id datatype="string">H601FiU32</dok_id>
<titel datatype="string">Riksrevisionens rapport om Riksgäldskontorets användning av ränteswappar</titel>
<subtitel datatype="string" />
<filnamn datatype="string">2018_19_FiU32_20190218091336_Publicering.pdf</filnamn>
<filstorlek datatype="int32">303720</filstorlek>
<filtyp datatype="string">pdf</filtyp>
<fil_url datatype="string">http://data.riksdagen.se/fil/DE485D7C-BFE2-4300-B437-8E9EC29DC25B</fil_url>
</bilaga>
</dokbilaga>
<dokreferens>
<referens>
<referenstyp datatype="string">behandlar</referenstyp>
<uppgift datatype="string">Skrivelse 2018/19:22 Riksrevisionens rapport om Riksgäldskontorets användning av ränteswappar</uppgift>
<ref_dok_id datatype="string">H60322</ref_dok_id>
<ref_dok_typ datatype="string">prop</ref_dok_typ>
<ref_dok_rm datatype="string">2018/19</ref_dok_rm>
<ref_dok_bet datatype="string">22</ref_dok_bet>
<ref_dok_titel datatype="string">Riksrevisionens rapport om Riksgäldskontorets användning av ränteswappar</ref_dok_titel>
<ref_dok_subtitel datatype="string" />
<ref_dok_subtyp datatype="string">skr</ref_dok_subtyp>
<ref_dok_dokumentnamn datatype="string">Skrivelse</ref_dok_dokumentnamn>
</referens>
<referens>
<referenstyp datatype="string">föredragningslista</referenstyp>
<uppgift datatype="string">föredragningslista 2018/19:60 Onsdag den 6 mars 2019</uppgift>
<ref_dok_id datatype="string">H60I60</ref_dok_id>
<ref_dok_typ datatype="string">f-lista</ref_dok_typ>
<ref_dok_rm datatype="string">2018/19</ref_dok_rm>
<ref_dok_bet datatype="string">60</ref_dok_bet>
<ref_dok_titel datatype="string">Onsdag den 6 mars 2019</ref_dok_titel>
<ref_dok_subtitel datatype="string" />
<ref_dok_subtyp datatype="string" />
<ref_dok_dokumentnamn datatype="string">Föredragningslista</ref_dok_dokumentnamn>
</referens>
<referens>
<referenstyp datatype="string">protokollbeslut</referenstyp>
<uppgift datatype="string">2019-03-06</uppgift>
<ref_dok_id datatype="string">H60960</ref_dok_id>
<ref_dok_typ datatype="string">prot</ref_dok_typ>
<ref_dok_rm datatype="string">2018/19</ref_dok_rm>
<ref_dok_bet datatype="string">60</ref_dok_bet>
<ref_dok_titel datatype="string">Protokoll 2018/19:60 Onsdagen den 6 mars</ref_dok_titel>
<ref_dok_subtitel datatype="string" />
<ref_dok_subtyp datatype="string" />
<ref_dok_dokumentnamn datatype="string">Protokoll</ref_dok_dokumentnamn>
</referens>
<referens>
<referenstyp datatype="string">rskr</referenstyp>
<uppgift datatype="string" />
<ref_dok_id datatype="string">H60K144</ref_dok_id>
<ref_dok_typ datatype="string">rskr</ref_dok_typ>
<ref_dok_rm datatype="string">2018/19</ref_dok_rm>
<ref_dok_bet datatype="string">144</ref_dok_bet>
<ref_dok_titel datatype="string">Riksdagsskrivelse 2018/19:144</ref_dok_titel>
<ref_dok_subtitel datatype="string" />
<ref_dok_subtyp datatype="string">rskr</ref_dok_subtyp>
<ref_dok_dokumentnamn datatype="string">Riksdagsskrivelse</ref_dok_dokumentnamn>
</referens>
<referens>
<referenstyp datatype="string">talarlista</referenstyp>
<uppgift datatype="string">talarlista 2018/19:20190306 Onsdag den 6 mars 2019 (preliminär)</uppgift>
<ref_dok_id datatype="string">H60J20190306</ref_dok_id>
<ref_dok_typ datatype="string">t-lista</ref_dok_typ>
<ref_dok_rm datatype="string">2018/19</ref_dok_rm>
<ref_dok_bet datatype="string">20190306</ref_dok_bet>
<ref_dok_titel datatype="string">Onsdag den 6 mars 2019 (preliminär)</ref_dok_titel>
<ref_dok_subtitel datatype="string" />
<ref_dok_subtyp datatype="string" />
<ref_dok_dokumentnamn datatype="string">Talarlista</ref_dok_dokumentnamn>
</referens>
</dokreferens>
<debatt /></dokumentstatus>