<dokumentstatus>
  <dokument>
    <hangar_id datatype="int32">0</hangar_id>
    <dok_id datatype="string">H601KU20d2</dok_id>
    <rm datatype="string">2018/19</rm>
    <beteckning datatype="string">KU20</beteckning>
    <typ datatype="string">bet</typ>
    <subtyp datatype="string"></subtyp>
    <doktyp datatype="string">bet</doktyp>
    <typrubrik datatype="string">Betänkande 2018/19:KU20</typrubrik>
    <dokumentnamn datatype="string">Betänkande</dokumentnamn>
    <debattnamn datatype="string">Debatt om förslag</debattnamn>
    <tempbeteckning datatype="string">d2</tempbeteckning>
    <organ datatype="string">KU</organ>
    <mottagare datatype="string"></mottagare>
    <nummer datatype="int32">20</nummer>
    <slutnummer datatype="int32">0</slutnummer>
    <datum datatype="datetime">2019-01-01 00:00:00</datum>
    <systemdatum datatype="datetime">2019-06-10 13:58:23</systemdatum>
    <publicerad datatype="datetime">2019-01-01 00:00:00</publicerad>
    <titel datatype="string">bet 2018/19 KU20 d2</titel>
    <subtitel datatype="string"></subtitel>
    <status datatype="string"></status>
    <htmlformat datatype="string">DokTextExtraktor</htmlformat>
    <relaterat_id datatype="string">H601KU20</relaterat_id>
    <source datatype="string"></source>
    <sourceid datatype="string"></sourceid>
    <dokument_url_text datatype="stext">http://data.riksdagen.se/dokument/H601KU20d2/text</dokument_url_text>
    <dokument_url_html datatype="stext">http://data.riksdagen.se/dokument/H601KU20d2</dokument_url_html>
    <dokumentstatus_url_xml datatype="stext">http://data.riksdagen.se/dokumentstatus/H601KU20d2</dokumentstatus_url_xml>
    <utskottsforslag_url_xml datatype="stext">http://data.riksdagen.se/utskottsforslag/H601KU20d2</utskottsforslag_url_xml>
    <html datatype="text">&lt;div style="white-space:nowrap;font-size:85%;"&gt;&lt;h1&gt;bet 2018/19 KU20 d2&lt;/h1&gt;
&lt;br&gt; &lt;/div&gt;</html>
  </dokument>
<dokuppgift>
<uppgift>
<kod datatype="string">sidantal</kod>
<namn datatype="string">Antal sidor</namn>
<text datatype="string">719</text>
<dok_id datatype="string">ER40Job1</dok_id>
<systemdatum datatype="datetime">2018-03-01 18:01:35</systemdatum>
</uppgift>
<uppgift>
<kod datatype="string">riksdag</kod>
<namn datatype="string">riksdag</namn>
<text datatype="string">tvåkammaren</text>
<dok_id datatype="string">ER40Job1</dok_id>
<systemdatum datatype="datetime">2018-03-01 18:01:35</systemdatum>
</uppgift>
<uppgift>
<kod datatype="string">kammare</kod>
<namn datatype="string">kammare</namn>
<text datatype="string" />
<dok_id datatype="string">ER40Job1</dok_id>
<systemdatum datatype="datetime">2018-03-01 18:01:35</systemdatum>
</uppgift>
<uppgift>
<kod datatype="string">session</kod>
<namn datatype="string">session</namn>
<text datatype="string">lagtima</text>
<dok_id datatype="string">ER40Job1</dok_id>
<systemdatum datatype="datetime">2018-03-01 18:01:35</systemdatum>
</uppgift>
</dokuppgift>
<dokbilaga>
<bilaga>
<dok_id datatype="string">H601KU20</dok_id>
<titel datatype="string">Granskningsbetänkande</titel>
<subtitel datatype="string" />
<filnamn datatype="string">2018_19_KU20_20190610134526_Publicering.pdf</filnamn>
<filstorlek datatype="int32">1640416</filstorlek>
<filtyp datatype="string">pdf</filtyp>
<fil_url datatype="string">http://data.riksdagen.se/fil/D2B306A7-2502-4E47-B8B5-6D9829CD7B6D</fil_url>
</bilaga>
<bilaga>
<dok_id datatype="string">H601KU20d2</dok_id>
<titel datatype="string">bet 2018/19 KU20 d2</titel>
<subtitel datatype="string" />
<filnamn datatype="string">bet_201819_KU_20_d2.pdf</filnamn>
<filstorlek datatype="int32">35775215</filstorlek>
<filtyp datatype="string">pdf</filtyp>
<fil_url datatype="string">http://data.riksdagen.se/fil/C0BFCD93-6D8D-4BBF-B91C-B43BBE9E2138</fil_url>
</bilaga>
</dokbilaga>
<debatt /></dokumentstatus>