<dokumentstatus>
  <dokument>
    <hangar_id datatype="int32">5023261</hangar_id>
    <dok_id datatype="string">H601JuU33</dok_id>
    <rm datatype="string">2018/19</rm>
    <beteckning datatype="string">JuU33</beteckning>
    <typ datatype="string">bet</typ>
    <subtyp datatype="string">bet</subtyp>
    <doktyp datatype="string">bet</doktyp>
    <typrubrik datatype="string">Betänkande 2018/19:JuU33</typrubrik>
    <dokumentnamn datatype="string">Betänkande</dokumentnamn>
    <debattnamn datatype="string">Debatt om förslag</debattnamn>
    <tempbeteckning datatype="string"></tempbeteckning>
    <organ datatype="string">JuU</organ>
    <mottagare datatype="string"></mottagare>
    <nummer datatype="int32">33</nummer>
    <slutnummer datatype="int32">0</slutnummer>
    <datum datatype="datetime">2019-02-28 00:00:00</datum>
    <systemdatum datatype="datetime">2019-02-28 13:52:58</systemdatum>
    <publicerad datatype="datetime">2019-02-28 13:52:57</publicerad>
    <titel datatype="string">Datalagring – brottsbekämpning och integritet</titel>
    <subtitel datatype="string"></subtitel>
    <status datatype="string">planerat</status>
    <htmlformat datatype="string"></htmlformat>
    <relaterat_id datatype="string"></relaterat_id>
    <source datatype="string">Brus</source>
    <sourceid datatype="string">f41f30c1-fc9b-4ca3-a02b-10ca484db147</sourceid>
    <dokument_url_text datatype="stext">http://data.riksdagen.se/dokument/H601JuU33/text</dokument_url_text>
    <dokument_url_html datatype="stext">http://data.riksdagen.se/dokument/H601JuU33</dokument_url_html>
    <dokumentstatus_url_xml datatype="stext">http://data.riksdagen.se/dokumentstatus/H601JuU33</dokumentstatus_url_xml>
    <utskottsforslag_url_xml datatype="stext">http://data.riksdagen.se/utskottsforslag/H601JuU33</utskottsforslag_url_xml>
    <html datatype="text">&lt;h2&gt;Datalagring – brottsbekämpning och integritet&lt;/h2&gt;
Dokumentet är inte publicerat</html>
  </dokument>
<dokaktivitet>
<aktivitet>
<kod datatype="string">UBE</kod>
<namn datatype="string">Beredning</namn>
<datum datatype="datetime">2019-05-02 00:00:00</datum>
<status datatype="string">planerat</status>
<ordning datatype="int32">0</ordning>
<process datatype="string" />
</aktivitet>
<aktivitet>
<kod datatype="string">UBE</kod>
<namn datatype="string">Beredning</namn>
<datum datatype="datetime">2019-05-16 00:00:00</datum>
<status datatype="string">planerat</status>
<ordning datatype="int32">0</ordning>
<process datatype="string" />
</aktivitet>
<aktivitet>
<kod datatype="string">JUS</kod>
<namn datatype="string">Justering</namn>
<datum datatype="datetime">2019-06-11 00:00:00</datum>
<status datatype="string">planerat</status>
<ordning datatype="int32">0</ordning>
<process datatype="string" />
</aktivitet>
<aktivitet>
<kod datatype="string">TRY</kod>
<namn datatype="string">Trycklov</namn>
<datum datatype="datetime">2019-06-12 00:00:00</datum>
<status datatype="string">planerat</status>
<ordning datatype="int32">0</ordning>
<process datatype="string" />
</aktivitet>
<aktivitet>
<kod datatype="string">B</kod>
<namn datatype="string">Bordläggning</namn>
<datum datatype="datetime">2019-06-17 00:00:00</datum>
<status datatype="string">planerat</status>
<ordning datatype="int32">0</ordning>
<process datatype="string" />
</aktivitet>
<aktivitet>
<kod datatype="string">BEH</kod>
<namn datatype="string">Behandling</namn>
<datum datatype="datetime">2019-06-18 00:00:00</datum>
<status datatype="string">planerat</status>
<ordning datatype="int32">0</ordning>
<process datatype="string" />
</aktivitet>
<aktivitet>
<kod datatype="string">BES</kod>
<namn datatype="string">Beslut</namn>
<datum datatype="datetime">2019-06-18 00:00:00</datum>
<status datatype="string">planerat</status>
<ordning datatype="int32">0</ordning>
<process datatype="string" />
</aktivitet>
</dokaktivitet>
<debatt /></dokumentstatus>