<dokumentstatus>
  <dokument>
    <hangar_id datatype="int32">5012733</hangar_id>
    <dok_id datatype="string">H601JuU8</dok_id>
    <rm datatype="string">2018/19</rm>
    <beteckning datatype="string">JuU8</beteckning>
    <typ datatype="string">bet</typ>
    <subtyp datatype="string">bet</subtyp>
    <doktyp datatype="string">bet</doktyp>
    <typrubrik datatype="string">Betänkande 2018/19:JuU8</typrubrik>
    <dokumentnamn datatype="string">Betänkande</dokumentnamn>
    <debattnamn datatype="string">Debatt om förslag</debattnamn>
    <tempbeteckning datatype="string"></tempbeteckning>
    <organ datatype="string">JuU</organ>
    <mottagare datatype="string"></mottagare>
    <nummer datatype="int32">8</nummer>
    <slutnummer datatype="int32">0</slutnummer>
    <datum datatype="datetime">2019-02-05 00:00:00</datum>
    <systemdatum datatype="datetime">2019-02-28 01:17:15</systemdatum>
    <publicerad datatype="datetime">2018-12-01 11:00:00</publicerad>
    <titel datatype="string">2018 års redogörelse för tillämpningen av lagen om särskild utlänningskontroll</titel>
    <subtitel datatype="string"></subtitel>
    <status datatype="string">Webbpublicering</status>
    <htmlformat datatype="string">html</htmlformat>
    <relaterat_id datatype="string"></relaterat_id>
    <source datatype="string">RIM</source>
    <sourceid datatype="string">7526816e-dd8e-4ecd-966d-b87015a816df</sourceid>
    <dokument_url_text datatype="stext">http://data.riksdagen.se/dokument/H601JuU8/text</dokument_url_text>
    <dokument_url_html datatype="stext">http://data.riksdagen.se/dokument/H601JuU8</dokument_url_html>
    <dokumentstatus_url_xml datatype="stext">http://data.riksdagen.se/dokumentstatus/H601JuU8</dokumentstatus_url_xml>
    <utskottsforslag_url_xml datatype="stext">http://data.riksdagen.se/utskottsforslag/H601JuU8</utskottsforslag_url_xml>
    <html datatype="text">&lt;style&gt;&lt;!--
 .w600px{width: 600px;font-family:Verdana, Geneva, sans-serif}
h2.dtyp{font-size:1.5em !important;} 
/********************************************************************************************************/
/* Styles for D:\Logs\DocumentConverter\\Output_516895c5-ca48-46e5-9f77-1cd3a6060fa9\HTML\Dokument.html */
/* Generated by Aspose.Words for .NET 15.3.0.0                                                          */
/********************************************************************************************************/

@page Section1 { size:467.8pt 686.05pt; margin:45.35pt 102.05pt 73.7pt 70.85pt }
div.Section1 { page:Section1 }
zbody { text-align:justify; line-height:12.5pt; font-family:'Verdana'; font-size:9.5pt }
zh1, h2, h3, h4, h5, h6, p { margin:3.1pt 0pt 0pt }
zli, table { margin-top:3.1pt; margin-bottom:0pt }
zh1 { margin-top:3.1pt; margin-bottom:12pt; text-align:left; page-break-after:avoid; line-height:12.5pt; font-family:'Verdana'; font-size:16pt; font-weight:normal }
zh2 { margin-top:20pt; margin-bottom:6pt; text-align:left; page-break-inside:avoid; page-break-after:avoid; line-height:12.5pt; font-family:'Verdana'; font-size:13.5pt; font-weight:normal }
zh3 { margin-top:20pt; margin-bottom:3.1pt; text-align:left; page-break-inside:avoid; page-break-after:avoid; line-height:12.5pt; font-family:'Verdana'; font-size:10.5pt; font-weight:bold }
zh4 { margin-top:15pt; margin-bottom:3.1pt; text-align:left; page-break-inside:avoid; page-break-after:avoid; line-height:12.5pt; font-family:'Verdana'; font-size:10.5pt; font-weight:normal; font-style:italic; color:#000000 }
zh5 { margin-top:6.25pt; margin-bottom:0pt; text-align:justify; page-break-inside:avoid; page-break-after:avoid; line-height:12.5pt; font-family:'Verdana'; font-size:9.5pt; font-weight:bold }
zh6 { margin-top:6.25pt; margin-bottom:0pt; text-align:justify; page-break-inside:avoid; page-break-after:avoid; line-height:12.5pt; font-family:'Verdana'; font-size:9.5pt; font-weight:normal; font-style:italic; color:#000000 }
.Heading7 { margin-top:2pt; margin-bottom:0pt; text-align:justify; page-break-inside:avoid; page-break-after:avoid; line-height:12.5pt; font-family:'Verdana'; font-size:9.5pt; font-weight:normal; font-style:italic; color:#243f60 }
.Heading8 { margin-top:2pt; margin-bottom:0pt; text-align:justify; page-break-inside:avoid; page-break-after:avoid; line-height:12.5pt; font-family:'Verdana'; font-size:9pt; font-weight:normal; color:#272727 }
.Heading9 { margin-top:2pt; margin-bottom:0pt; text-align:justify; page-break-inside:avoid; page-break-after:avoid; line-height:12.5pt; font-family:'Verdana'; font-size:9pt; font-weight:normal; font-style:italic; color:#272727 }
.Avsnittsrubrik { margin-top:0pt; margin-bottom:27.7pt; text-align:left; page-break-before:always; page-break-after:avoid; line-height:normal; font-family:'Verdana'; font-size:16pt }
.Avvikandemeningrubrik { margin-top:0pt; margin-bottom:3.1pt; text-align:left; page-break-inside:avoid; page-break-after:avoid; line-height:12.5pt; font-family:'Verdana'; font-size:10.5pt; font-weight:bold }
.BalloonText { margin-top:3.1pt; margin-bottom:0pt; text-align:justify; line-height:normal; font-family:Tahoma; font-size:8pt }
.Bilaga { margin-top:0pt; margin-bottom:0pt; text-align:left; page-break-before:always; page-break-after:avoid; line-height:normal; widows:0; orphans:0; font-family:'Verdana'; font-size:8pt; font-variant:small-caps; text-decoration:underline }
.Bilagerubrik { margin-top:0pt; margin-bottom:17.7pt; text-align:left; page-break-after:auto; line-height:normal; widows:0; orphans:0; font-family:'Verdana'; font-size:16pt }
.Bild-Rubrik { margin-top:8pt; margin-bottom:0pt; text-align:justify; page-break-inside:avoid; page-break-after:avoid; line-height:10pt; font-family:'Verdana'; font-size:9.5pt; font-weight:bold }
.Bild-Underrubrik { margin-top:0pt; margin-bottom:1pt; text-align:left; page-break-inside:avoid; page-break-after:avoid; line-height:8pt; font-family:'Verdana'; font-size:8pt; font-weight:normal; font-style:italic }
.BodyText { margin-top:3.1pt; margin-bottom:0pt; text-align:left; line-height:12.5pt; font-family:'Verdana'; font-size:9.5pt }
.BodyTextIndent2 { margin-top:3.1pt; margin-left:14.15pt; margin-bottom:6pt; text-align:justify; line-height:200%; font-family:'Verdana'; font-size:9.5pt }
.Citatindrag { margin-top:0pt; margin-left:14.2pt; margin-bottom:6.1pt; text-indent:14.2pt; text-align:justify; line-height:10pt; font-family:'Verdana'; font-size:9.5pt }
.CommentText { margin-top:3.1pt; margin-bottom:0pt; text-align:justify; line-height:normal; font-family:'Verdana'; font-size:10pt }
.Deltagare { margin-top:0pt; margin-bottom:0pt; text-align:justify; page-break-inside:avoid; page-break-after:avoid; line-height:9.5pt; font-family:'Verdana'; font-size:9.5pt }
.Diagram-Rubrik { margin-top:8pt; margin-bottom:0pt; text-align:justify; page-break-inside:avoid; page-break-after:avoid; line-height:10pt; font-family:'Verdana'; font-size:9.5pt; font-weight:bold }
.Diagram-Underrubrik { margin-top:0pt; margin-bottom:1pt; text-align:left; page-break-inside:avoid; page-break-after:avoid; line-height:8pt; font-family:'Verdana'; font-size:8pt; font-weight:normal; font-style:italic }
.DokumentRubrik { margin-top:6pt; margin-bottom:24pt; text-align:left; line-height:normal; border-bottom-style:solid; border-bottom-width:0.75pt; border-bottom-color:#000000; padding-bottom:4pt; font-family:'Verdana'; font-size:18pt }
.Dokumentbeteckning { margin-top:0pt; margin-bottom:0pt; text-align:left; page-break-inside:avoid; page-break-after:avoid; line-height:12.5pt; font-family:'Verdana'; font-size:16pt }
.Footer { margin-top:3.1pt; margin-bottom:0pt; text-align:justify; line-height:normal; font-family:'Verdana'; font-size:9.5pt }
.FootnoteText { margin-top:0pt; margin-bottom:0pt; text-align:justify; line-height:8pt; font-family:'Verdana'; font-size:8pt }
.Fotnotstextindrag { margin-top:0pt; margin-left:5.65pt; margin-bottom:0pt; text-align:left; line-height:8pt; font-family:'Verdana'; font-size:8pt }
.Frslagspunkt { margin-top:0pt; margin-bottom:0pt; text-align:left; page-break-inside:avoid; page-break-after:avoid; line-height:12.5pt; font-family:'Verdana'; font-size:9.5pt; font-weight:bold }
.Frslagstext { margin-top:0pt; margin-bottom:0pt; text-align:justify; line-height:12.5pt; font-family:'Verdana'; font-size:9.5pt }
.Frteckningsrubrik { margin-top:9.6pt; margin-bottom:3.1pt; text-align:left; page-break-inside:avoid; page-break-after:avoid; line-height:normal; font-family:'Verdana'; font-size:9.5pt; font-weight:normal; font-style:italic; color:#000000 }
.Grupprubrik { margin-top:6pt; margin-bottom:0pt; text-align:left; page-break-inside:avoid; page-break-after:avoid; line-height:12.5pt; font-family:'Verdana'; font-size:9.5pt; font-style:italic }
.Grupprubrikindrag { margin-top:6pt; margin-left:22.1pt; margin-bottom:0pt; text-align:left; page-break-inside:avoid; page-break-after:avoid; line-height:12.5pt; font-family:'Verdana'; font-size:9.5pt; font-style:italic }
.Header { margin-top:0pt; margin-bottom:0pt; text-align:justify; line-height:normal; font-family:'Verdana'; font-size:7.5pt; font-variant:small-caps }
.Innehllsfrteckning { margin-top:0pt; margin-bottom:17.7pt; text-align:left; page-break-before:always; page-break-after:auto; line-height:normal; font-family:'Verdana'; font-size:16pt }
.Kantrubrik { margin-top:0pt; margin-bottom:0pt; text-align:justify; line-height:normal; font-family:'Verdana'; font-size:7.5pt }
.ListBullet { margin-top:6.25pt; margin-left:17.85pt; margin-bottom:6.25pt; text-indent:-17.85pt; text-align:justify; line-height:12.5pt; font-family:'Verdana'; font-size:9.5pt }
.ListParagraph { margin-top:3.1pt; margin-left:28.35pt; margin-bottom:0pt; text-align:justify; line-height:12.5pt; font-family:'Verdana'; font-size:9.5pt }
.Litentext { margin-top:0pt; margin-bottom:0pt; text-align:justify; line-height:normal; font-family:'Verdana'; font-size:8pt }
.Mellanrubrik { margin-top:11pt; margin-bottom:3.1pt; text-align:left; page-break-after:avoid; line-height:12.5pt; font-family:'Verdana'; font-size:9.5pt; font-style:italic }
.Mellanrum { margin-top:0pt; margin-bottom:0pt; text-align:left; page-break-before:auto; page-break-after:auto; line-height:1pt; widows:0; orphans:0; font-family:'Verdana'; font-size:1pt; font-variant:small-caps; text-decoration:none; color:#ffffff }
.NormalIndent { margin-top:0pt; margin-bottom:0pt; text-indent:11.35pt; text-align:justify; line-height:12.5pt; font-family:'Verdana'; font-size:9.5pt }
.Normalinskjuten { margin-top:0pt; margin-left:22.1pt; margin-bottom:0pt; text-align:justify; line-height:12.5pt; font-family:'Verdana'; font-size:9.5pt }
.Normalinskjutenindrag { margin-top:0pt; margin-left:22.1pt; margin-bottom:0pt; text-indent:11.35pt; text-align:justify; line-height:12.5pt; font-family:'Verdana'; font-size:9.5pt }
.Normalinskjutenkursiv { margin-top:6pt; margin-bottom:0pt; line-height:normal; font-family:'Verdana'; font-size:10pt; font-style:italic }
.Normalkursiv { margin-top:3.1pt; margin-bottom:0pt; text-align:left; line-height:12.5pt; font-family:'Verdana'; font-size:9.5pt; font-style:italic }
.Normalruta { margin:3.1pt 5.65pt 0pt; text-align:justify; page-break-inside:avoid; page-break-after:avoid; line-height:12.5pt; border-top-style:solid; border-top-width:0.75pt; border-top-color:#000000; border-right-style:solid; border-right-width:0.75pt; border-right-color:#000000; border-left-style:solid; border-left-width:0.75pt; border-left-color:#000000; border-bottom-style:solid; border-bottom-width:0.75pt; border-bottom-color:#000000; padding-top:4pt; padding-right:4pt; padding-left:4pt; padding-bottom:4pt; font-family:'Verdana'; font-size:10.5pt }
.Normalrutafet { margin:3.1pt 5.65pt 0pt; text-align:justify; page-break-inside:avoid; page-break-after:avoid; line-height:12.5pt; border-top-style:solid; border-top-width:0.75pt; border-top-color:#000000; border-right-style:solid; border-right-width:0.75pt; border-right-color:#000000; border-left-style:solid; border-left-width:0.75pt; border-left-color:#000000; border-bottom-style:solid; border-bottom-width:0.75pt; border-bottom-color:#000000; padding-top:4pt; padding-right:4pt; padding-left:4pt; padding-bottom:4pt; font-family:'Verdana'; font-size:10.5pt; font-weight:bold }
.Normalrutaindrag { margin:0pt 5.65pt; text-indent:11.35pt; text-align:justify; page-break-inside:avoid; page-break-after:avoid; line-height:12.5pt; border-top-style:solid; border-top-width:0.75pt; border-top-color:#000000; border-right-style:solid; border-right-width:0.75pt; border-right-color:#000000; border-left-style:solid; border-left-width:0.75pt; border-left-color:#000000; border-bottom-style:solid; border-bottom-width:0.75pt; border-bottom-color:#000000; padding-top:4pt; padding-right:4pt; padding-left:4pt; padding-bottom:4pt; font-family:'Verdana'; font-size:10.5pt }
.Normalutanluftfre { margin-top:0pt; margin-bottom:0pt; text-align:justify; line-height:12.5pt; font-family:'Verdana'; font-size:9.5pt }
.NormalNoll { margin-top:0pt; margin-bottom:3.1pt; text-align:left; line-height:12.5pt; font-family:'Verdana'; font-size:10.5pt; font-weight:bold }
.NumlistaTOC { margin:3.1pt 28.35pt 0pt 0pt; text-indent:0pt; text-align:left; line-height:normal; font-family:'Verdana'; font-size:9.5pt }
.Ordfranden { margin-top:3.1pt; margin-bottom:22pt; text-align:left; page-break-inside:avoid; page-break-after:avoid; line-height:normal; font-family:'Verdana'; font-size:9.5pt; font-style:italic }
.OrtochDatum { margin-top:18pt; margin-bottom:18pt; text-align:left; page-break-inside:avoid; page-break-after:avoid; line-height:normal; font-family:'Verdana'; font-size:9.5pt }
.Punktlistabomb { margin-top:6.25pt; margin-left:14.2pt; margin-bottom:6.25pt; text-indent:-14.2pt; text-align:justify; line-height:12.5pt; font-family:'Verdana'; font-size:9.5pt }
.Punktlistagemener { margin-top:6.25pt; margin-left:14.2pt; margin-bottom:6.25pt; text-indent:-14.2pt; text-align:justify; line-height:12.5pt; font-family:'Verdana'; font-size:9.5pt }
.Punktlistalinje { margin-top:6.25pt; margin-left:14.2pt; margin-bottom:6.25pt; text-indent:-14.2pt; text-align:justify; line-height:12.5pt; font-family:'Verdana'; font-size:9.5pt }
.Punktlistasiffra { margin-top:6.25pt; margin-left:14.2pt; margin-bottom:6.25pt; text-indent:-14.2pt; text-align:justify; line-height:12.5pt; font-family:'Verdana'; font-size:9.5pt }
.PVgnar { margin-top:3.1pt; margin-bottom:26pt; text-align:left; page-break-inside:avoid; page-break-after:avoid; line-height:normal; font-family:'Verdana'; font-size:9.5pt }
.Quote { margin-top:6.1pt; margin-left:14.2pt; margin-bottom:0pt; text-align:justify; line-height:10pt; font-family:'Verdana'; font-size:9.5pt }
.R1 { margin-top:3.1pt; margin-bottom:12pt; text-align:left; page-break-after:avoid; line-height:12.5pt; font-family:'Verdana'; font-size:16pt }
.R1bilaga { margin-top:3.1pt; margin-bottom:12pt; text-align:left; page-break-after:auto; line-height:12.5pt; font-family:'Verdana'; font-size:16pt }
.R2 { margin-top:20pt; margin-bottom:6pt; text-align:left; page-break-inside:avoid; page-break-after:avoid; line-height:12.5pt; font-family:'Verdana'; font-size:13.5pt }
.R3 { margin-top:20pt; margin-bottom:3.1pt; text-align:left; page-break-inside:avoid; page-break-after:avoid; line-height:12.5pt; font-family:'Verdana'; font-size:10.5pt; font-weight:bold }
.R4 { margin-top:15pt; margin-bottom:3.1pt; text-align:left; page-break-inside:avoid; page-break-after:avoid; line-height:12.5pt; font-family:'Verdana'; font-size:10.5pt; font-weight:normal; font-style:italic; color:#000000 }
.R5 { margin-top:6.25pt; margin-bottom:0pt; text-align:justify; page-break-inside:avoid; page-break-after:avoid; line-height:12.5pt; font-family:'Verdana'; font-size:9.5pt; font-weight:bold }
.R6 { margin-top:6.25pt; margin-bottom:0pt; text-align:justify; page-break-inside:avoid; page-break-after:avoid; line-height:12.5pt; font-family:'Verdana'; font-size:9.5pt; font-weight:normal; font-style:italic; color:#000000 }
.Reservationshnvisning { margin-top:0pt; margin-bottom:8pt; text-align:right; line-height:12.5pt; font-family:'Verdana'; font-size:9.5pt; font-style:italic }
.Reservationsrubrik { margin-top:0pt; margin-bottom:3.1pt; text-align:left; page-break-inside:avoid; page-break-after:avoid; line-height:12.5pt; font-family:'Verdana'; font-size:10.5pt; font-weight:bold }
.Rubrik1Dokumentinformation { margin-top:0pt; margin-bottom:0pt; text-align:left; page-break-inside:avoid; page-break-after:avoid; line-height:12.5pt; font-family:'Verdana'; font-size:16pt }
.Rubrik1bilaga { margin-top:0pt; margin-bottom:27.7pt; text-align:left; page-break-after:auto; line-height:12.5pt; font-family:'Verdana'; font-size:16pt }
.Rubrik1medsidhuvud { margin-top:3.1pt; margin-bottom:12pt; text-align:left; page-break-before:always; page-break-after:avoid; line-height:12.5pt; font-family:'Verdana'; font-size:16pt }
.Rubrik1numrerat { margin-top:3.1pt; margin-left:0pt; margin-bottom:12pt; text-indent:0pt; text-align:left; page-break-after:avoid; line-height:12.5pt; font-family:'Verdana'; font-size:16pt }
.Rubrik1numreratmedsidhuvud { margin-top:0pt; margin-left:0pt; margin-bottom:16pt; text-indent:0pt; text-align:left; page-break-before:always; page-break-after:avoid; line-height:normal; font-family:'Verdana'; font-size:16pt }
.Rubrik2bilaga { margin-top:20pt; margin-bottom:6pt; text-align:left; page-break-inside:avoid; page-break-after:avoid; line-height:12.5pt; font-family:'Verdana'; font-size:13.5pt }
.Rubrik2numrerat { margin-top:20pt; margin-left:0pt; margin-bottom:6pt; text-indent:0pt; text-align:left; page-break-inside:avoid; page-break-after:avoid; line-height:12.5pt; font-family:'Verdana'; font-size:13.5pt }
.Rubrik3numrerat { margin-top:20pt; margin-left:0pt; margin-bottom:3.1pt; text-indent:0pt; text-align:left; page-break-inside:avoid; page-break-after:avoid; line-height:12.5pt; font-family:'Verdana'; font-size:10.5pt; font-weight:bold }
.Sammanfattning { margin-top:3.1pt; margin-bottom:12pt; text-align:left; page-break-after:auto; line-height:12.5pt; font-family:'Verdana'; font-size:16pt }
.Sidhuvudhgerstlld { margin-top:0pt; margin-bottom:0pt; text-align:right; line-height:normal; font-family:'Verdana'; font-size:7.5pt; font-variant:small-caps }
.Sidhuvudvnsterstlld { margin-top:0pt; margin-bottom:0pt; text-align:left; line-height:normal; font-family:'Verdana'; font-size:7.5pt; font-variant:small-caps }
.Stdrubrik { margin-top:12pt; margin-bottom:0pt; line-height:12pt; font-family:'Verdana'; font-size:9.5pt; font-weight:bold }
.Srskiltyttranderubrik { margin-top:0pt; margin-bottom:3.1pt; text-align:left; page-break-inside:avoid; page-break-after:avoid; line-height:12.5pt; font-family:'Verdana'; font-size:10.5pt; font-weight:bold }
.TOC1 { margin-top:0pt; margin-right:28.35pt; margin-bottom:0pt; text-align:left; line-height:normal; font-family:'Verdana'; font-size:9.5pt }
.TOC2 { margin:0pt 28.35pt 0pt 5.65pt; text-align:left; line-height:normal; font-family:'Verdana'; font-size:9.5pt }
.TOC3 { margin:0pt 28.35pt 0pt 11.35pt; text-align:left; line-height:normal; font-family:'Verdana'; font-size:9.5pt }
.TOC4 { margin:0pt 28.35pt 0pt 17pt; text-align:left; line-height:normal; font-family:'Verdana'; font-size:9.5pt }
.TOC5 { margin:0pt 28.35pt 0pt 22.7pt; text-align:left; line-height:normal; font-family:'Verdana'; font-size:9.5pt }
.TOC6 { margin-top:0pt; margin-left:47.65pt; margin-bottom:0pt; text-align:left; line-height:normal; font-family:'Verdana'; font-size:9.5pt }
.TOC7 { margin-top:0pt; margin-right:28.35pt; margin-bottom:0pt; text-align:left; line-height:normal; font-family:'Verdana'; font-size:9.5pt }
.TOC8 { margin-top:0pt; margin-right:28.35pt; margin-bottom:0pt; text-align:left; line-height:normal; font-family:'Verdana'; font-size:9.5pt }
.TOC9 { margin-top:0pt; margin-left:8.5pt; margin-bottom:0pt; text-align:left; line-height:normal; font-family:'Verdana'; font-size:9.5pt }
.TOCHeading { margin-top:3.1pt; margin-bottom:9pt; text-align:left; page-break-before:always; page-break-inside:avoid; page-break-after:avoid; line-height:12.5pt; font-family:'Verdana'; font-size:16pt }
.Tabell-Kolumnrubrik { margin-bottom:0pt; line-height:12pt; font-family:'Verdana'; font-size:8pt; font-weight:bold }
.Tabell-Klla { margin-top:2pt; margin-bottom:0pt; line-height:8pt; font-family:'Verdana'; font-size:7pt }
.Tabell-Radrubrik { margin-bottom:0pt; line-height:12pt; font-family:'Verdana'; font-size:8pt }
.Tabell-Rubrik { margin-top:12pt; margin-bottom:3pt; text-align:left; page-break-inside:avoid; page-break-after:avoid; line-height:10pt; font-family:'Verdana'; font-size:9pt; font-weight:bold }
.Tabell-Siffror { margin-bottom:0pt; text-align:right; line-height:12pt; font-family:'Verdana'; font-size:8pt }
.Tabell-Text { margin-bottom:0pt; line-height:12pt; font-family:'Verdana'; font-size:8pt }
.Tabell-Underrubrik { margin-top:0pt; margin-bottom:1pt; text-align:left; page-break-inside:avoid; page-break-after:avoid; line-height:8pt; font-family:'Verdana'; font-size:8pt; font-weight:normal; font-style:italic }
.TableofFigures { margin-top:3.1pt; margin-bottom:0pt; text-align:justify; line-height:normal; font-family:'Verdana'; font-size:9.5pt }
.TillX-utskottet { margin-top:0pt; margin-bottom:12pt; text-align:left; page-break-after:avoid; line-height:12.5pt; font-family:'Verdana'; font-size:16pt }
.Title { margin-top:3.1pt; margin-bottom:1pt; text-align:left; line-height:12pt; font-family:'Verdana'; font-size:20pt; letter-spacing:-0.5pt }
.Vapen { margin-top:0pt; margin-bottom:0pt; text-align:left; page-break-inside:avoid; page-break-after:avoid; line-height:12.5pt; font-family:'Verdana'; font-size:16pt }
.Yrkandelista { margin-top:3.1pt; margin-left:28.35pt; margin-bottom:0pt; text-indent:-28.35pt; text-align:justify; line-height:12.5pt; font-family:'Verdana'; font-size:9.5pt }
.YrkandelistaEtt { margin-top:3.1pt; margin-left:0pt; margin-bottom:0pt; text-indent:0pt; text-align:justify; line-height:12.5pt; font-family:'Verdana'; font-size:9.5pt }
span.BallongtextChar { font-family:Tahoma; font-size:8pt }
span.BilagaChar { font-family:'Verdana'; font-size:8pt; font-variant:small-caps; text-decoration:underline }
span.BrdtextChar { font-family:'Verdana'; font-size:9.5pt }
span.BrdtextChar1 { font-family:'Verdana'; font-size:9.5pt }
span.Brdtextmedindrag2Char { font-family:'Verdana'; font-size:9.5pt }
span.CitatChar { font-family:'Verdana'; font-size:9.5pt }
span.DokumentRubrikChar { font-family:'Verdana'; font-size:18pt }
span.FotnotstextChar { font-family:'Verdana'; font-size:8pt }
span.FotnotstextindragChar { font-family:'Verdana'; font-size:8pt }
span.FrslagspunktChar { font-family:'Verdana'; font-size:9.5pt; font-weight:bold; font-style:normal }
span.Hyperlink { text-decoration:none; color:#000000 }
span.KommentarerChar { font-family:'Verdana'; font-size:10pt }
span.NormalkursivChar { font-family:'Verdana'; font-size:9.5pt; font-style:italic }
span.NormaltindragChar { font-family:'Verdana'; font-size:9.5pt }
span.OrdfrandenChar { font-family:'Verdana'; font-size:9.5pt; font-style:italic }
span.OrtochDatumChar { font-family:'Verdana'; font-size:9.5pt }
span.PlaceholderText { color:#808080 }
span.PVgnarChar { font-family:'Verdana'; font-size:9.5pt }
span.ReservationshnvisningChar { font-family:'Verdana'; font-size:9.5pt; font-style:italic }
span.Rubrik1Char { font-family:'Verdana'; font-size:16pt }
span.Rubrik1DokumentinformationChar { font-family:'Verdana'; font-size:16pt }
span.Rubrik2Char { font-family:'Verdana'; font-size:13.5pt }
span.Rubrik3Char { font-family:'Verdana'; font-size:10.5pt; font-weight:bold }
span.Rubrik4Char { font-family:'Verdana'; font-size:10.5pt; font-style:italic; color:#000000 }
span.Rubrik5Char { font-family:'Verdana'; font-size:9.5pt; font-weight:bold }
span.Rubrik6Char { font-family:'Verdana'; font-size:9.5pt; font-style:italic; color:#000000 }
span.Rubrik7Char { font-family:'Verdana'; font-size:9.5pt; font-style:italic; color:#243f60 }
span.Rubrik8Char { font-family:'Verdana'; font-size:9pt; color:#272727 }
span.Rubrik9Char { font-family:'Verdana'; font-size:9pt; font-style:italic; color:#272727 }
span.RubrikChar { font-family:'Verdana'; font-size:20pt; letter-spacing:-0.5pt }
span.SidfotChar { font-family:'Verdana'; font-size:9.5pt }
span.SidhuvudChar { font-family:'Verdana'; font-size:7.5pt; font-variant:small-caps }
span.Tabell-Upphjttecken { font-family:'Verdana'; font-variant:normal; text-decoration:none; text-transform:none; vertical-align:super; display:inline }
span.VapenChar { font-family:'Verdana'; font-size:16pt }
span.tBilagaJA { color:#000000 }
span.tSidrubrikJA { color:#000000 }
.TableGrid {  }
--&gt;&lt;/style&gt;

		&lt;div class="Section1"&gt;
			&lt;table cellspacing="0" cellpadding="0" style="border-collapse:collapse; margin-left:0pt"&gt;
				&lt;tr style="height:79.4pt"&gt;
					&lt;td style="vertical-align:top; width:297.7pt"&gt;
						&lt;p class="Rubrik1Dokumentinformation" style="margin-top:0pt; margin-bottom:0pt; text-align:left; page-break-inside:avoid; page-break-after:avoid; line-height:16pt"&gt;
							&lt;span style="font-family:'Verdana'; font-size:16pt; -aw-sdt-tag:ccUtskott; -aw-sdt-title:'utskottsnamn Dokumentegenskap'"&gt;Justitieutskottet&lt;/span&gt;&lt;span style="font-family:'Verdana'; font-size:16pt; -aw-sdt-tag:ccS; -aw-sdt-title:s"&gt;s&lt;/span&gt;&lt;span style="font-family:'Verdana'; font-size:16pt; -aw-sdt-tag:ccMellanslag; -aw-sdt-title:Mellanslag"&gt; &lt;/span&gt;&lt;a name="Utlatande"&gt;&lt;/a&gt;&lt;span style="font-family:'Verdana'; font-size:16pt"&gt;betänkande&lt;/span&gt;
						&lt;/p&gt;
						&lt;p class="Dokumentbeteckning" style="margin-top:0pt; margin-bottom:0pt; text-align:left; page-break-inside:avoid; page-break-after:avoid; line-height:16pt"&gt;
							&lt;span style="font-family:'Verdana'; font-size:16pt; -aw-sdt-tag:ccRiksmote; -aw-sdt-title:'riksmote Dokumentegenskap'"&gt;2018/19&lt;/span&gt;&lt;span style="font-family:'Verdana'; font-size:16pt; -aw-sdt-tag:ccKolon; -aw-sdt-title:Kolon"&gt;:&lt;/span&gt;&lt;a name="Utskottebeteckning"&gt;&lt;/a&gt;&lt;span style="font-family:'Verdana'; font-size:16pt"&gt;JuU8&lt;/span&gt;
						&lt;/p&gt;
						&lt;p class="Rubrik1Dokumentinformation" style="margin-top:0pt; margin-bottom:0pt; text-align:left; page-break-inside:avoid; page-break-after:avoid; line-height:16pt"&gt;
							&lt;span style="font-family:'Verdana'; font-size:16pt"&gt; &lt;/span&gt;
						&lt;/p&gt;
					&lt;/td&gt;
				&lt;/tr&gt;
			&lt;/table&gt;
			&lt;p class="DokumentRubrik" style="-aw-sdt-tag:ccDokumentrubrik; -aw-sdt-title:'dokumentrubrik Dokumentegenskap'"&gt;
				&lt;span&gt;2018 års redogörelse för tillämpningen av lagen om särskild utlänningskontroll&lt;/span&gt;
			&lt;/p&gt;
			&lt;p class="Sammanfattning"&gt;
				&lt;span class="tSidrubrikJA"&gt;Sammanfattning&lt;/span&gt;
			&lt;/p&gt;
			&lt;p&gt;
				&lt;span&gt;Utskottet &lt;/span&gt;&lt;span&gt;föreslår att riksdagen &lt;/span&gt;&lt;span&gt;lägger &lt;/span&gt;&lt;span&gt;regeringens &lt;/span&gt;&lt;span&gt;skrivelse till handlingarna.&lt;/span&gt;
			&lt;/p&gt;
			&lt;p class="NormalIndent"&gt;
				&lt;span&gt; &lt;/span&gt;
			&lt;/p&gt;
			&lt;p class="NormalIndent"&gt;
				&lt;span&gt; &lt;/span&gt;
			&lt;/p&gt;
			&lt;p class="NormalIndent"&gt;
				&lt;span&gt; &lt;/span&gt;
			&lt;/p&gt;
			&lt;p class="R4"&gt;
				&lt;span&gt;Behandlade förslag&lt;/span&gt;
			&lt;/p&gt;
			&lt;p&gt;
				&lt;span&gt;Skrivelse 2018/19:17 201&lt;/span&gt;&lt;span&gt;8&lt;/span&gt;&lt;span&gt; års redogörelse för tillämpningen av lagen om särskild utlänningskontroll.&lt;/span&gt;
			&lt;/p&gt;
			&lt;p&gt;
				&lt;span&gt; &lt;/span&gt;
			&lt;/p&gt;
			&lt;p class="Innehllsfrteckning"&gt;
				&lt;a name="Innehållsförteckning"&gt;&lt;/a&gt;&lt;span class="tSidrubrikJA"&gt;Innehållsförteckning&lt;/span&gt;
			&lt;/p&gt;
			&lt;p class="TOC1"&gt;
				&lt;a style="color:#000000" href="#_Toc536537460"&gt;&lt;span class="Hyperlink"&gt;Utskottets förslag till riksdagsbeslut&lt;/span&gt;&lt;/a&gt;
			&lt;/p&gt;
			&lt;p class="TOC1"&gt;
				&lt;a style="color:#000000" href="#_Toc536537461"&gt;&lt;span class="Hyperlink"&gt;Redogörelse för ärendet&lt;/span&gt;&lt;/a&gt;
			&lt;/p&gt;
			&lt;p class="TOC1"&gt;
				&lt;a style="color:#000000" href="#_Toc536537462"&gt;&lt;span class="Hyperlink"&gt;Utskottets överväganden&lt;/span&gt;&lt;/a&gt;
			&lt;/p&gt;
			&lt;p class="TOC2"&gt;
				&lt;a style="color:#000000" href="#_Toc536537463"&gt;&lt;span class="Hyperlink"&gt;2018 års redogörelse för tillämpningen av lagen om särskild utlänningskontroll&lt;/span&gt;&lt;/a&gt;
			&lt;/p&gt;
			&lt;p class="TOC8"&gt;
				&lt;span class="Hyperlink" style="font-style:italic"&gt;Bilaga&lt;/span&gt;&lt;br /&gt;&lt;a style="color:#000000" href="#_Toc536537464"&gt;&lt;span class="Hyperlink"&gt;Förteckning över behandlade förslag&lt;/span&gt;&lt;/a&gt;
			&lt;/p&gt;
			&lt;p class="TOC9"&gt;
				&lt;a style="color:#000000" href="#_Toc536537465"&gt;&lt;span class="Hyperlink"&gt;Skrivelsen&lt;/span&gt;&lt;/a&gt;
			&lt;/p&gt;
			&lt;p&gt;
			&lt;/p&gt;
			&lt;p&gt;
				&lt;span&gt; &lt;/span&gt;
			&lt;/p&gt;
			&lt;p class="NormalIndent"&gt;
				&lt;span&gt; &lt;/span&gt;
			&lt;/p&gt;
			&lt;p class="Avsnittsrubrik"&gt;
				&lt;a name="StopCC"&gt;&lt;/a&gt;&lt;a name="_Toc536537460"&gt;&lt;span style="-aw-bookmark-end:StopCC"&gt;&lt;/span&gt;&lt;span class="tSidrubrikJA"&gt;Utskottets förslag till riksdagsbeslut&lt;/span&gt;&lt;/a&gt;
			&lt;/p&gt;
			&lt;p class="Mellanrum"&gt;
				&lt;span&gt; &lt;/span&gt;
			&lt;/p&gt;
			&lt;p class="Mellanrum"&gt;
				&lt;span&gt; &lt;/span&gt;
			&lt;/p&gt;
			&lt;table cellspacing="0" cellpadding="0" style="border-collapse:collapse; margin-left:0pt; width:294.2pt"&gt;
				&lt;tr&gt;
					&lt;td style="vertical-align:top; width:22pt"&gt;
						&lt;p style="margin-top:3.1pt; margin-bottom:0pt; text-align:justify; page-break-inside:avoid; page-break-after:avoid; line-height:12.5pt"&gt;
							&lt;span style="font-family:'Verdana'; font-size:10.5pt; font-weight:bold"&gt;2018 års redogörelse för tillämpningen av lagen om särskild utlänningskontroll&lt;/span&gt;
						&lt;/p&gt;
					&lt;/td&gt;
				&lt;/tr&gt;
			&lt;/table&gt;
			&lt;p class="Normalutanluftfre" style="-aw-sdt-tag:'dokumentavsnitt/utskottets förslag till riksdagsbeslut/-101616209/1549372539895'; -aw-sdt-title:'utskottets förslag till riksdagsbeslut'"&gt;
				&lt;span&gt;Riksdagen lägger skrivelse 2018/19:17 till handlingarna.&lt;/span&gt;
			&lt;/p&gt;
			&lt;p class="Mellanrum" style="-aw-sdt-tag:'dokumentavsnitt/utskottets förslag till riksdagsbeslut/-101616209/1549372539895'; -aw-sdt-title:'utskottets förslag till riksdagsbeslut'"&gt;
				&lt;span&gt; &lt;/span&gt;
			&lt;/p&gt;
			&lt;p class="OrtochDatum" style="-aw-sdt-tag:'dokumentavsnitt/utskottets förslag till riksdagsbeslut/-101616209/1549372539895'; -aw-sdt-title:'utskottets förslag till riksdagsbeslut'"&gt;
				&lt;span&gt;Stockholm den 5 februari 2019&lt;/span&gt;
			&lt;/p&gt;
			&lt;p class="PVgnar" style="-aw-sdt-tag:'dokumentavsnitt/utskottets förslag till riksdagsbeslut/-101616209/1549372539895'; -aw-sdt-title:'utskottets förslag till riksdagsbeslut'"&gt;
				&lt;span&gt;På justitieutskottets vägnar&lt;/span&gt;
			&lt;/p&gt;
			&lt;p class="Ordfranden" style="-aw-sdt-tag:'dokumentavsnitt/utskottets förslag till riksdagsbeslut/-101616209/1549372539895'; -aw-sdt-title:'utskottets förslag till riksdagsbeslut'"&gt;
				&lt;span&gt;Fredrik Lundh Sammeli&lt;/span&gt;
			&lt;/p&gt;
			&lt;p class="Deltagare" style="-aw-sdt-tag:'dokumentavsnitt/utskottets förslag till riksdagsbeslut/-101616209/1549372539895'; -aw-sdt-title:'utskottets förslag till riksdagsbeslut'"&gt;
				&lt;span&gt;Följande ledamöter har deltagit i beslutet: Fredrik Lundh Sammeli (S), Andreas Carlson (KD), Tomas Tobé (M), Petter Löberg (S), Carl-Oskar Bohlin (M), Adam Marttinen (SD), Maria Strömkvist (S), Linda Westerlund Snecker (V), Kristina Axén Olin (M), Katja Nyberg (SD), Joakim Sandell (S), Carina Ödebrink (S), Johan Pehrson (L), Henrik Vinge (SD), Rasmus Ling (MP), Ingemar Kihlström (KD) och Jonny Cato Hansson (C).&lt;/span&gt;
			&lt;/p&gt;
			&lt;p class="Mellanrum" style="-aw-sdt-tag:'dokumentavsnitt/utskottets förslag till riksdagsbeslut/-101616209/1549372539895'; -aw-sdt-title:'utskottets förslag till riksdagsbeslut'"&gt;
				&lt;span&gt; &lt;/span&gt;
			&lt;/p&gt;
			&lt;p class="Mellanrum" style="-aw-sdt-tag:'dokumentavsnitt/utskottets förslag till riksdagsbeslut/-101616209/1549372539895'; -aw-sdt-title:'utskottets förslag till riksdagsbeslut'"&gt;
				&lt;span&gt; &lt;/span&gt;
			&lt;/p&gt;
			&lt;p class="Mellanrum" style="-aw-sdt-tag:'dokumentavsnitt/utskottets förslag till riksdagsbeslut/-101616209/1549372539895'; -aw-sdt-title:'utskottets förslag till riksdagsbeslut'"&gt;
				&lt;span style="font-size:9.5pt"&gt; &lt;/span&gt;
			&lt;/p&gt;
			&lt;p&gt;
				&lt;span&gt; &lt;/span&gt;
			&lt;/p&gt;
			&lt;p class="Avsnittsrubrik"&gt;
				&lt;a name="SlutUtskottsForslag"&gt;&lt;/a&gt;&lt;a name="_Toc536537461"&gt;&lt;span style="-aw-bookmark-end:SlutUtskottsForslag"&gt;&lt;/span&gt;&lt;span class="tSidrubrikJA"&gt;Redogörelse för ärendet&lt;/span&gt;&lt;/a&gt;
			&lt;/p&gt;
			&lt;p&gt;
				&lt;span&gt;Särskilda bestämmelser som syftar till att bekämpa terrorism infördes i svensk lagstiftning genom lagen (1973:162) om särskilda åtgärder till förebyggande av vissa våldsdåd med internationell bakgrund. Bestämmelserna har ändrats vid flera tillfällen. Sedan den 1 juli 1991 återfinns de i lagen (1991:572) om särskild utlänningskontroll.&lt;/span&gt;
			&lt;/p&gt;
			&lt;p class="NormalIndent"&gt;
				&lt;span&gt;Parlamentarisk kontroll av regeringens tillämpning av bestämmelserna utövas genom att regeringen varje år lämnar en skrivelse till riksdagen.&lt;/span&gt;
			&lt;/p&gt;
			&lt;p class="NormalIndent"&gt;
				&lt;span&gt;I skrivelsen 2018&lt;/span&gt;&lt;span&gt; års redogörelse för tillämpningen av lagen om särski&lt;/span&gt;&lt;span&gt;ld utlänningskontroll (&lt;/span&gt;&lt;span&gt;skr&lt;/span&gt;&lt;span&gt;. 2018&lt;/span&gt;&lt;span&gt;/1&lt;/span&gt;&lt;span&gt;9&lt;/span&gt;&lt;span&gt;:&lt;/span&gt;&lt;span&gt;1&lt;/span&gt;&lt;span&gt;7) redogör regeringen för tillämpningen av lagen under perioden fr.o.m. den 1 juli &lt;/span&gt;&lt;span&gt;2017&lt;/span&gt;&lt;span&gt; t.o.m. den 30 juni 201&lt;/span&gt;&lt;span&gt;8&lt;/span&gt;&lt;span&gt; och för utvecklingen av den internationella terrorismen under samma period.&lt;/span&gt;
			&lt;/p&gt;
			&lt;p class="NormalIndent"&gt;
				&lt;span&gt;Det har inte väckts någon motion med anledning av skrivelsen.&lt;/span&gt;
			&lt;/p&gt;
			&lt;p class="Avsnittsrubrik"&gt;
				&lt;a name="_Toc536537462"&gt;&lt;span class="tSidrubrikJA"&gt;Utskottets överväganden&lt;/span&gt;&lt;/a&gt;
			&lt;/p&gt;
			&lt;h2 style="-aw-sdt-tag:ea10f9cb-ff79-43d0-b351-b8b51889d7a7/förslagsrutor/337297807/1548084622547; -aw-sdt-title:förslagsrutor"&gt;
				&lt;a name="_Toc536537463"&gt;&lt;span&gt;2018 års redogörelse för tillämpningen av lagen om särskild utlänningskontroll&lt;/span&gt;&lt;/a&gt;
			&lt;/h2&gt;
			&lt;div style="border-bottom-color:#000000; border-bottom-style:solid; border-bottom-width:0.75pt; border-left-color:#000000; border-left-style:solid; border-left-width:0.75pt; border-right-color:#000000; border-right-style:solid; border-right-width:0.75pt; border-top-color:#000000; border-top-style:solid; border-top-width:0.75pt; clear:both; margin:3.1pt 0.9pt 0pt"&gt;
				&lt;p class="Normalrutafet" style="margin:0pt; padding-right:4pt; padding-left:4pt"&gt;
					&lt;span style="-aw-bookmark-end:_Toc536537463"&gt;&lt;/span&gt;&lt;span&gt;Utskottets förslag i korthet&lt;/span&gt;
				&lt;/p&gt;
				&lt;p class="Normalruta" style="margin:0pt; padding-right:4pt; padding-left:4pt; padding-bottom:4pt"&gt;
					&lt;span&gt;Riksdagen lägger skrivelsen till handlingarna.&lt;/span&gt;
				&lt;/p&gt;
			&lt;/div&gt;
			&lt;p class="Mellanrum"&gt;
				&lt;span&gt; &lt;/span&gt;
			&lt;/p&gt;
			&lt;p class="R3"&gt;
				&lt;span&gt;Skrivelsen&lt;/span&gt;
			&lt;/p&gt;
			&lt;p&gt;
				&lt;span&gt;I betänkandet&lt;/span&gt;&lt;span&gt; behandlar utsk&lt;/span&gt;&lt;span&gt;ottet regeringens skrivelse 2018&lt;/span&gt;&lt;span&gt; års redogörelse för tillämpningen av lagen om s&lt;/span&gt;&lt;span&gt;ärskild utlänningskontroll (&lt;/span&gt;&lt;span&gt;skr&lt;/span&gt;&lt;span&gt;. &lt;/span&gt;&lt;span&gt;2018&lt;/span&gt;&lt;span&gt;/1&lt;/span&gt;&lt;span&gt;9:17&lt;/span&gt;&lt;span&gt;). Skrivelsen omfattar &lt;/span&gt;&lt;span&gt;perioden fr.o.m. den 1 juli 2017&lt;/span&gt;&lt;span&gt; t.o.m. den 30 juni 201&lt;/span&gt;&lt;span&gt;8&lt;/span&gt;&lt;span&gt;. Till grund för skrivelsen ligger ett underlag f&lt;/span&gt;&lt;span&gt;rån Säkerhetspolisen (dnr Ju2018/03123&lt;/span&gt;&lt;span&gt;/L4).&lt;/span&gt;
			&lt;/p&gt;
			&lt;p class="R4"&gt;
				&lt;span&gt;Tillämpningen av lage&lt;/span&gt;&lt;span&gt;n under perioden den 1 juli 2017&lt;/span&gt;&lt;span&gt;–30 juni 201&lt;/span&gt;&lt;span&gt;8&lt;/span&gt;
			&lt;/p&gt;
			&lt;p&gt;
				&lt;span&gt;Av skrivelsen framgår att regeringen under de&lt;/span&gt;&lt;span&gt;n aktuella perioden fattade två&lt;/span&gt;&lt;span&gt; beslut med stöd av lagen. &lt;/span&gt;&lt;span&gt;Ett&lt;/span&gt;&lt;span&gt; av besluten innebar avslag på &lt;/span&gt;&lt;span&gt;ett &lt;/span&gt;&lt;span&gt;överklagande av Migrationsverkets beslut om utvisning. &lt;/span&gt;&lt;span&gt;Genom d&lt;/span&gt;&lt;span&gt;e&lt;/span&gt;&lt;span&gt;t&lt;/span&gt;&lt;span&gt; &lt;/span&gt;&lt;span&gt;andra&lt;/span&gt;&lt;span&gt; beslute&lt;/span&gt;&lt;span&gt;t&lt;/span&gt;&lt;span&gt; inhib&lt;/span&gt;&lt;span&gt;erades&lt;/span&gt;&lt;span&gt; ett tidigare meddelat beslut om utvisning&lt;/span&gt;&lt;span&gt;,&lt;/span&gt;&lt;span&gt; &lt;/span&gt;&lt;span&gt;och samtidigt beslutades&lt;/span&gt;&lt;span&gt; &lt;/span&gt;&lt;span&gt;det &lt;/span&gt;&lt;span&gt;om anmälningsplikt.&lt;/span&gt;
			&lt;/p&gt;
			&lt;p class="R4"&gt;
				&lt;span&gt;Utvecklingen av den internationella terrorismen&lt;/span&gt;
			&lt;/p&gt;
			&lt;p&gt;
				&lt;span&gt;I skrivelsen redovisar regeringen även utvecklingen av den internationella terrorismen och Sveriges medverkan i det internationella arbetet mot terrorism.&lt;/span&gt;
			&lt;/p&gt;
			&lt;p class="NormalIndent"&gt;
				&lt;span&gt;Det framgår att terrorhotet, såväl internationellt som mot svenska intressen, främst kommer från aktörer motiverade av våldsbejakande islamistiska ideologier. Dessa aktörer utgörs av större organisationer, t.ex. &lt;/span&gt;&lt;span&gt;Daish&lt;/span&gt;&lt;span&gt; och al-Qaida samt deras lokala och regionala grenar, mindre terroristgrupper samt av ensamagerande gärningspersoner. Sammantaget bedöms hotet från vålds&lt;/span&gt;&lt;span&gt;­&lt;/span&gt;&lt;span&gt;bejakande islamister mot Sverige vara förhöjt.&lt;/span&gt;
			&lt;/p&gt;
			&lt;p class="NormalIndent"&gt;
				&lt;span&gt;Den ökade pressen från&lt;/span&gt;&lt;span&gt; den globala koalitionen mot &lt;/span&gt;&lt;span&gt;Dai&lt;/span&gt;&lt;span&gt;sh&lt;/span&gt;&lt;span&gt; och andra&lt;/span&gt;&lt;span&gt; &lt;/span&gt;&lt;span&gt;stridande parter i Syrien och Irak har drivit &lt;/span&gt;&lt;span&gt;D&lt;/span&gt;&lt;span&gt;ai&lt;/span&gt;&lt;span&gt;sh&lt;/span&gt;&lt;span&gt;, al-Qaida och andra&lt;/span&gt;&lt;span&gt; &lt;/span&gt;&lt;span&gt;terroristorganisationer in&lt;/span&gt;&lt;span&gt; i ett trängt militärt läge. &lt;/span&gt;&lt;span&gt;Dai&lt;/span&gt;&lt;span&gt;shs&lt;/span&gt;&lt;span&gt; propaganda har&lt;/span&gt;&lt;span&gt; &lt;/span&gt;&lt;span&gt;försämrats i kvalitet och fått &lt;/span&gt;&lt;span&gt;minskad spridning, trots att &lt;/span&gt;&lt;span&gt;Daish&lt;/span&gt;&lt;span&gt; p&lt;/span&gt;&lt;span&gt;å grund av&lt;/span&gt;&lt;span&gt; motgångarna&lt;/span&gt;&lt;span&gt; ökat sina ansträngningar att inspirera&lt;/span&gt;&lt;span&gt; &lt;/span&gt;&lt;span&gt;anhängare i västvärlden att utföra terrorattentat i sina respektive hemländer.&lt;/span&gt;&lt;span&gt; &lt;/span&gt;&lt;span&gt;Denna &lt;/span&gt;&lt;span&gt;utveckling minskar sannolikt &lt;/span&gt;&lt;span&gt;Dai&lt;/span&gt;&lt;span&gt;shs&lt;/span&gt;&lt;span&gt; attraktionskraft och&lt;/span&gt;&lt;span&gt; &lt;/span&gt;&lt;span&gt;kan på sikt leda till färre attentat som har ett inspirerande syfte.&lt;/span&gt;
			&lt;/p&gt;
			&lt;p class="NormalIndent"&gt;
				&lt;span&gt;Dai&lt;/span&gt;&lt;span&gt;sh&lt;/span&gt;&lt;span&gt;, al-Qaida och liknande grupper prioriterar för närvarande sannolikt&lt;/span&gt;&lt;span&gt; &lt;/span&gt;&lt;span&gt;lokala och regionala strider mot meningsmotståndare, framför planering&lt;/span&gt;&lt;span&gt; &lt;/span&gt;&lt;span&gt;och genomförande av attentat mot västerländska intressen. I de flesta&lt;/span&gt;&lt;span&gt; &lt;/span&gt;&lt;span&gt;områden där dessa grupper verkar är detta en nödvändig prioritering till&lt;/span&gt;&lt;span&gt; &lt;/span&gt;&lt;span&gt;följd av ett ansträngt militärt läge. De lokala och regionala striderna&lt;/span&gt;&lt;span&gt; &lt;/span&gt;&lt;span&gt;utspelas i svaga stater eller konfliktområden där terroristorganisationerna&lt;/span&gt;&lt;span&gt; &lt;/span&gt;&lt;span&gt;har förmåga att underminera staten och skapa lokal förankring. På sikt är&lt;/span&gt;&lt;span&gt; &lt;/span&gt;&lt;span&gt;dessa konfliktområden sannolikt en grogrund för radikalisering och&lt;/span&gt;&lt;span&gt; &lt;/span&gt;&lt;span&gt;rekrytering, vilket innebär att terroristorganisationerna kan samla resurser&lt;/span&gt;&lt;span&gt; &lt;/span&gt;&lt;span&gt;för att på nytt genomföra attentat mot västvärlden.&lt;/span&gt;
			&lt;/p&gt;
			&lt;p class="NormalIndent"&gt;
				&lt;span&gt;Det finns i nuläget ett stort antal svenska individer som är anslutna till&lt;/span&gt;&lt;span&gt; &lt;/span&gt;&lt;span&gt;våldsbejakande islamistiska grupper utomlands. Jämfört med perioden&lt;/span&gt;&lt;span&gt; &lt;/span&gt;&lt;span&gt;2014–2016 reser nu endast ett fåtal européer, och nästintill inga svenskar,&lt;/span&gt;&lt;span&gt; &lt;/span&gt;&lt;span&gt;till och från terroristgrupper i Syrien och Irak. Detta är dels en konsekvens&lt;/span&gt;&lt;span&gt; &lt;/span&gt;&lt;span&gt;av svårigheterna att ta sig in i och ut ur konfliktområdet, t.ex. på&lt;/span&gt;&lt;span&gt; &lt;/span&gt;&lt;span&gt;grund av skärpta gränskontroller, dels en följd av bättre internationellt&lt;/span&gt;&lt;span&gt; &lt;/span&gt;&lt;span&gt;samarbete. Därutöver har såväl andra oppositionella grupper som statsmakten&lt;/span&gt;&lt;span&gt; &lt;/span&gt;&lt;span&gt;återtagit kontroll&lt;/span&gt;&lt;span&gt;en&lt;/span&gt;&lt;span&gt; över territorier i Syrien och Irak som tidigare&lt;/span&gt;&lt;span&gt; &lt;/span&gt;&lt;span&gt;kunde utnyttjas av terroristgrupperna.&lt;/span&gt;
			&lt;/p&gt;
			&lt;p class="NormalIndent"&gt;
				&lt;span&gt;Det finns sannolikt ett&lt;/span&gt;&lt;span&gt; &lt;/span&gt;&lt;span&gt;intresse bland västerländska våldsbejakande islamister att resa till andra&lt;/span&gt;&lt;span&gt; &lt;/span&gt;&lt;span&gt;konfliktområden än Syrien och Irak. I jämförelse med den stora mängd&lt;/span&gt;&lt;span&gt; &lt;/span&gt;&lt;span&gt;utländska resenärer som reste ti&lt;/span&gt;&lt;span&gt;ll Syrien och Irak efter att &lt;/span&gt;&lt;span&gt;Dai&lt;/span&gt;&lt;span&gt;sh&lt;/span&gt;&lt;span&gt; hade&lt;/span&gt;&lt;span&gt; &lt;/span&gt;&lt;span&gt;utropat sitt s.k.&lt;/span&gt;&lt;span&gt; kalifat, saknar dock andra potentiella konfliktområden&lt;/span&gt;&lt;span&gt; &lt;/span&gt;&lt;span&gt;sannolikt attraktionskraft och logistiska förutsättningar att ta&lt;/span&gt;&lt;span&gt; &lt;/span&gt;&lt;span&gt;emot mer än ett mindre antal stridande under de närmast kommande&lt;/span&gt;&lt;span&gt; &lt;/span&gt;&lt;span&gt;åren.&lt;/span&gt;
			&lt;/p&gt;
			&lt;p class="NormalIndent"&gt;
				&lt;span&gt;Gärningspersoner som är födda, uppvuxna eller bosatta i det land där de planerar och utför attentat utgör en betydande majoritet av samtliga gärningspersoner bakom terroristdåd i västvärlden. Detta pekar på att radikaliseringen av våldsbejakande islamistiska individer inom det egna landet är ett allvarligt hot. Även individer &lt;/span&gt;&lt;span&gt;som har radikaliserats&lt;/span&gt;&lt;span&gt; antingen före eller efter att de har lyckats ta sig till västvärlden utgör ett potentiellt hot. Denna typ av aktörer har under de senaste åren stått för en lägre andel av utförda och avvärjda attentat i västvärlden, men det finns sentida exempel från både Sverige och andra länder i Europa som visar på hotet från våldsbejakande individer inom gruppen asylsökande. Bland såväl nyanlända som personer uppvuxna i Europa har det under den senaste tiden identifierats flera aktörer som genomgått en snabb radikalisering, vilket även innefattat individer utan tidigare känd koppling till våldsbejakande terrorism.&lt;/span&gt;
			&lt;/p&gt;
			&lt;p class="NormalIndent"&gt;
				&lt;span&gt;Terrorhotet från de politiskt motiverade extremistmiljöerna i Sverige, dvs. högerextremistiska våldsbejakande grupper, den s.k.&lt;/span&gt;&lt;span&gt; &lt;/span&gt;&lt;span&gt;vit&lt;/span&gt;&lt;span&gt; &lt;/span&gt;&lt;span&gt;maktmiljön&lt;/span&gt;&lt;span&gt;, och vänsterextremistiska våldsbejakande grupper, den s.k. autonoma miljön, bedöms sammantaget vara lågt.&lt;/span&gt;
			&lt;/p&gt;
			&lt;p class="R4"&gt;
				&lt;span&gt;Sveriges medverkan i det internationella arbetet mot terrorism&lt;/span&gt;
			&lt;/p&gt;
			&lt;p&gt;
				&lt;span&gt;Terrorismen &lt;/span&gt;&lt;span&gt;är ett globalt hot som kräver internationellt samarbete baserat på multilaterala ramverk och lösningar. I augusti 2017 beslutade regeringen, i en ny strategi för hållbar fred 2017–2022, att förebyggandet av våldsbejakande extremism ska ingå i Sidas ansats för freds- och statsbyggnad. Det globala såväl som det nationella och lokala arbetet med att uppfylla FN:s agenda 2030 (&lt;/span&gt;&lt;span&gt;Transforming&lt;/span&gt;&lt;span&gt; &lt;/span&gt;&lt;span&gt;our&lt;/span&gt;&lt;span&gt; &lt;/span&gt;&lt;span&gt;world&lt;/span&gt;&lt;span&gt;: The 2030 Agenda for &lt;/span&gt;&lt;span&gt;Sustainable&lt;/span&gt;&lt;span&gt; &lt;/span&gt;&lt;span&gt;Development&lt;/span&gt;&lt;span&gt;, A/RES/70/1) och de 17 globala må&lt;/span&gt;&lt;span&gt;len för hållbar utveckling&lt;/span&gt;&lt;span&gt;, är också avgörande för att förebygga våldsbejakande extremism.&lt;/span&gt;
			&lt;/p&gt;
			&lt;p class="NormalIndent"&gt;
				&lt;span&gt;FN:s generalförsamling antog 2006 en övergripande FN-strategi mot terrorism (A/RES/60/288). En översyn av och rapportering om genomförandet av strategin görs vartannat år. Den senaste översynen antogs i juni 2018. &lt;/span&gt;&lt;span&gt;Sedan juni 2017 finns också ett särskilt FN-kontor, United Nations Office &lt;/span&gt;&lt;span&gt;of&lt;/span&gt;&lt;span&gt; &lt;/span&gt;&lt;span&gt;Counter&lt;/span&gt;&lt;span&gt;-Terrorism (&lt;/span&gt;&lt;span&gt;U&lt;/span&gt;&lt;span&gt;noct&lt;/span&gt;&lt;span&gt;), som leds av en biträdande generalsekreterare och som samordnar FN:s insatser mot terrorism. &lt;/span&gt;&lt;span&gt;Sedan länge pågår e&lt;/span&gt;&lt;span&gt;tt arbete inom FN med att ta fram en övergripande FN-konvention mot terrorism. Sverige arbetar aktivt genom EU för att nå en överenskommelse om en sådan konvention. Vidare har en handlingsplan &lt;/span&gt;&lt;span&gt;om att förebygga våldsbejakande extremism &lt;/span&gt;&lt;span&gt;lagts fram inom FN. Sverige arbetar aktivt för genomförandet av FN-strategin och handlingsplanen samt för en bredare förebyggande ansats.&lt;/span&gt;
			&lt;/p&gt;
			&lt;p class="NormalIndent"&gt;
				&lt;span&gt;Under 2014 antog FN:s säkerhetsråd två resolutioner (2170 och 2178) mot terrorism med fokus på hotet från utländska terroriststridande som bl.a. ansluter sig till &lt;/span&gt;&lt;span&gt;Daish&lt;/span&gt;&lt;span&gt;. Under 2015 antog rådet bl.a. &lt;/span&gt;&lt;span&gt;resolutioner&lt;/span&gt;&lt;span&gt; om finansieringen av terrorism (2199) och &lt;/span&gt;&lt;span&gt;ändringar&lt;/span&gt;&lt;span&gt; av sanktionsregimen mot al-Qaida &lt;/span&gt;&lt;span&gt;m&lt;/span&gt;&lt;span&gt;.&lt;/span&gt;&lt;span&gt;fl&lt;/span&gt;&lt;span&gt;.&lt;/span&gt;&lt;span&gt;, mot bakgrund av bl.a.&lt;/span&gt;&lt;span&gt; &lt;/span&gt;&lt;span&gt;Daish&lt;/span&gt;&lt;span&gt;s&lt;/span&gt;&lt;span&gt; roll i &lt;/span&gt;&lt;span&gt;terrorismsammanhang&lt;/span&gt;&lt;span&gt; (2253). Vidare antog säkerhetsrådet under 2016 resolutioner om civilt flyg och terroristhot (2309), stärkt juridiskt samarbete mot ter&lt;/span&gt;&lt;span&gt;rorism (2322) och &lt;/span&gt;&lt;span&gt;mot trafficking i relation till väpnad konflikt, inklusive terrorism (2331).&lt;/span&gt;
			&lt;/p&gt;
			&lt;p class="NormalIndent"&gt;
				&lt;span&gt;Sverige valdes 2016 in i säkerhetsrådet för perioden 2017–2018 och&lt;/span&gt;&lt;span&gt; fick&lt;/span&gt;&lt;span&gt; därigenom en bredare plattform för att kunna påverka FN:s anti-terrorismsamarbete. &lt;/span&gt;&lt;span&gt;Under Sveriges tid&lt;/span&gt;&lt;span&gt; i säkerhetsrådet ant&lt;/span&gt;&lt;span&gt;ogs&lt;/span&gt;&lt;span&gt; ett antal resolutioner med bäring på kampen mot terrorism där Sverige &lt;/span&gt;&lt;span&gt;deltog &lt;/span&gt;&lt;span&gt;aktivt i förhandlingarna. Som exempel kan nämnas resolutioner om det hot som terrorism utgör mot kritisk infrastruktur (2341), motbudskap för a&lt;/span&gt;&lt;span&gt;tt bekämpa terrorism (2354), &lt;/span&gt;&lt;span&gt;ökat samarbete för att förhindra terrororganisationers tillgång till vapen (2370)&lt;/span&gt;&lt;span&gt; och &lt;/span&gt;&lt;span&gt;internationell samverkan för att förhindra flödet av utländska terrorstridande (2396). &lt;/span&gt;&lt;span&gt;Sverige deltog under tiden i säkerhetsrådet även i &lt;/span&gt;&lt;span&gt;en rad &lt;/span&gt;&lt;span&gt;sanktionskommittéer, däribland S&lt;/span&gt;&lt;span&gt;anktionskommittén för &lt;/span&gt;&lt;span&gt;regimen rörande &lt;/span&gt;&lt;span&gt;I&lt;/span&gt;&lt;span&gt;sil&lt;/span&gt;&lt;span&gt; (&lt;/span&gt;&lt;span&gt;Daish&lt;/span&gt;&lt;span&gt;)&lt;/span&gt;&lt;span&gt; och al-Qaida (1267).&lt;/span&gt;
			&lt;/p&gt;
			&lt;p class="NormalIndent"&gt;
				&lt;span&gt;Europarådets ministerkommitté antog i maj 2015 ett t&lt;/span&gt;&lt;span&gt;illäggsprotokoll &lt;/span&gt;&lt;span&gt;till konventionen om förebyggande av terrorism.&lt;/span&gt;&lt;span&gt; &lt;/span&gt;&lt;span&gt;Tilläggsprotokollet bidrar till att komplettera bestämmelserna&lt;/span&gt;&lt;span&gt; &lt;/span&gt;&lt;span&gt;i konventionen med ytterligare&lt;/span&gt;&lt;span&gt; &lt;/span&gt;&lt;span&gt;kriminaliserings&lt;/span&gt;&lt;span&gt;­&lt;/span&gt;&lt;span&gt;åtaganden och ställer bl.a. krav på kriminalisering av&lt;/span&gt;&lt;span&gt; &lt;/span&gt;&lt;span&gt;res&lt;/span&gt;&lt;span&gt;or&lt;/span&gt;&lt;span&gt; utomlands i terrorismsyfte. Sverige tillträdde konventionen 2010&lt;/span&gt;&lt;span&gt; &lt;/span&gt;&lt;span&gt;och tilläggsprotokollet 2018. Den 1 september 2018 trädde ny lagstiftning&lt;/span&gt;&lt;span&gt; &lt;/span&gt;&lt;span&gt;i kraft &lt;/span&gt;&lt;span&gt;som syftar till att&lt;/span&gt;&lt;span&gt; &lt;/span&gt;&lt;span&gt;Sverige ska &lt;/span&gt;&lt;span&gt;leva upp till åtagandena i tilläggsprotokollet&lt;/span&gt;&lt;span&gt; &lt;/span&gt;&lt;span&gt;(prop. 2017/18:174, bet. 2017/18:JuU35 och rskr. 2017/18:390). Även&lt;/span&gt;&lt;span&gt; &lt;/span&gt;&lt;span&gt;EU har tillträtt konventionen och tilläggs&lt;/span&gt;&lt;span&gt;­&lt;/span&gt;&lt;span&gt;protokollet. Ikraftträdandedatum&lt;/span&gt;&lt;span&gt; &lt;/span&gt;&lt;span&gt;för EU:s del var den 1 oktober 2018.&lt;/span&gt;
			&lt;/p&gt;
			&lt;p class="NormalIndent"&gt;
				&lt;span&gt;Sverige deltar vidare aktivt i samarbetet inom EU för att möta hotet från terrorism&lt;/span&gt;&lt;span&gt; och för att utveckla det förebyggande&lt;/span&gt;&lt;span&gt; arbetet mot våldsbejakande extremism. &lt;/span&gt;&lt;span&gt;I mars 2017 antogs ett nytt straffrättsligt direktiv om bekämpande av terrorism som skulle vara genomfört av medlemsstaterna senast i september 2018. Sverige har genomfört direktivet&lt;/span&gt;&lt;span&gt;,&lt;/span&gt;&lt;span&gt; och lagändringarna trädde i kraft den 1 september 2018 (prop. 2017/18:174, bet. 2017/18:JuU35 och rskr. 2017/18:390).&lt;/span&gt;
			&lt;/p&gt;
			&lt;p class="NormalIndent"&gt;
				&lt;span&gt;Säkerhetspolisens arbete mot terrorism har under perioden i hög grad fokuserat på resande till och från våldsbejakande islamistiska grupper i utlandet. Säkerhetspolisens arbete har bidragit till att förhindra terroristbrott i Sverige och utomlands. I arbetet med att förhindra terroristbrott deltar Säkerhetspolisen i ett omfattande internationellt samarbete.&lt;/span&gt;
			&lt;/p&gt;
			&lt;p class="R3"&gt;
				&lt;span&gt;Utskottets ställningstagande&lt;/span&gt;
			&lt;/p&gt;
			&lt;p&gt;
				&lt;span&gt;Utskottet föreslår att riksdagen lägger skrivelsen till handlingarna.&lt;/span&gt;
			&lt;/p&gt;
			&lt;p&gt;
				&lt;span&gt; &lt;/span&gt;
			&lt;/p&gt;
			&lt;p&gt;
				&lt;span&gt; &lt;/span&gt;
			&lt;/p&gt;
			&lt;p class="Bilaga"&gt;
				&lt;span class="tBilagaJA"&gt;Bilaga&lt;/span&gt;
			&lt;/p&gt;
			&lt;p class="Bilagerubrik"&gt;
				&lt;a name="_Toc536537464"&gt;&lt;span class="tSidrubrikJA"&gt;Förteckning över behandlade förslag&lt;/span&gt;&lt;/a&gt;
			&lt;/p&gt;
			&lt;p class="Rubrik2bilaga" style="-aw-sdt-tag:'dokumentavsnitt/förteckning över behandlade förslag/231551347/1547127984155'; -aw-sdt-title:'förteckning över behandlade förslag'"&gt;
				&lt;a name="_Toc536537465"&gt;&lt;span&gt;Skrivelsen&lt;/span&gt;&lt;/a&gt;&lt;span&gt; &lt;/span&gt;
			&lt;/p&gt;
			&lt;p style="-aw-sdt-tag:'dokumentavsnitt/förteckning över behandlade förslag/231551347/1547127984155'; -aw-sdt-title:'förteckning över behandlade förslag'"&gt;
				&lt;span&gt;Regeringens skrivelse 2018/19:17 2018 års redogörelse för tillämpningen av lagen om särskild utlänningskontroll.&lt;/span&gt;
			&lt;/p&gt;
			&lt;p class="Mellanrum"&gt;
				&lt;span&gt; &lt;/span&gt;
			&lt;/p&gt;
			&lt;p class="Mellanrum" style="-aw-sdt-tag:'dokumentavsnitt/förteckning över behandlade förslag/231551347/1547127984155'; -aw-sdt-title:'förteckning över behandlade förslag'"&gt;
				&lt;span&gt; &lt;/span&gt;
			&lt;/p&gt;
			&lt;p&gt;
				&lt;span&gt; &lt;/span&gt;
			&lt;/p&gt;
			&lt;p&gt;
				&lt;span&gt; &lt;/span&gt;
			&lt;/p&gt;
			&lt;p&gt;
				&lt;span&gt; &lt;/span&gt;
			&lt;/p&gt;
			&lt;p&gt;
				&lt;span&gt; &lt;/span&gt;
			&lt;/p&gt;
		&lt;/div&gt;
	</html>
  </dokument>
<dokutskottsforslag>
<utskottsforslag>
<punkt datatype="int32">1</punkt>
<rubrik datatype="string">2018 års redogörelse för tillämpningen av lagen om särskild utlänningskontroll</rubrik>
<forslag datatype="string">&lt;BR/&gt;Riksdagen lägger skrivelse 2018/19:17 till handlingarna.&lt;BR/&gt;&lt;BR/&gt;</forslag>
<beslutstyp datatype="string">acklamation</beslutstyp>
<motforslag_nummer datatype="int32">0</motforslag_nummer>
<motforslag_partier datatype="string" />
<votering_id datatype="string" />
<votering_sammanfattning_html datatype="string" />
<votering_url_xml datatype="string" />
<rm datatype="string">2018/19</rm>
<bet datatype="string">JuU8</bet>
<vinnare datatype="string">utskottet</vinnare>
</utskottsforslag>
</dokutskottsforslag>
<dokaktivitet>
<aktivitet>
<kod datatype="string">UBE</kod>
<namn datatype="string">Beredning</namn>
<datum datatype="datetime">2019-01-24 00:00:00</datum>
<status datatype="string">inträffat</status>
<ordning datatype="int32">0</ordning>
<process datatype="string" />
</aktivitet>
<aktivitet>
<kod datatype="string">JUS</kod>
<namn datatype="string">Justering</namn>
<datum datatype="datetime">2019-02-05 00:00:00</datum>
<status datatype="string">inträffat</status>
<ordning datatype="int32">0</ordning>
<process datatype="string" />
</aktivitet>
<aktivitet>
<kod datatype="string">TRY</kod>
<namn datatype="string">Trycklov</namn>
<datum datatype="datetime">2019-02-05 00:00:00</datum>
<status datatype="string">inträffat</status>
<ordning datatype="int32">0</ordning>
<process datatype="string" />
</aktivitet>
<aktivitet>
<kod datatype="string">B</kod>
<namn datatype="string">Bordläggning</namn>
<datum datatype="datetime">2019-02-26 00:00:00</datum>
<status datatype="string">inträffat</status>
<ordning datatype="int32">0</ordning>
<process datatype="string" />
</aktivitet>
<aktivitet>
<kod datatype="string">BEH</kod>
<namn datatype="string">Behandling</namn>
<datum datatype="datetime">2019-02-27 00:00:00</datum>
<status datatype="string">inträffat</status>
<ordning datatype="int32">0</ordning>
<process datatype="string" />
</aktivitet>
<aktivitet>
<kod datatype="string">BES</kod>
<namn datatype="string">Beslut</namn>
<datum datatype="datetime">2019-02-27 00:00:00</datum>
<status datatype="string">inträffat</status>
<ordning datatype="int32">0</ordning>
<process datatype="string" />
</aktivitet>
</dokaktivitet>
<dokuppgift>
<uppgift>
<kod datatype="string">beslutssammanfattningusk</kod>
<namn datatype="string">Utskottets förslag till beslut</namn>
<text datatype="string">Skrivelsen läggs till handlingarna.</text>
<dok_id datatype="string">H601JuU8</dok_id>
<systemdatum datatype="datetime">2019-02-05 16:18:23</systemdatum>
</uppgift>
<uppgift>
<kod datatype="string">rdbeslut</kod>
<namn datatype="string">Riksdagens beslut</namn>
<text datatype="string">Kammaren biföll utskottets förslag.</text>
<dok_id datatype="string">H601JuU8</dok_id>
<systemdatum datatype="datetime">2019-02-27 16:39:46</systemdatum>
</uppgift>
<uppgift>
<kod datatype="string">notis</kod>
<namn datatype="string">Beslut i korthet</namn>
<text datatype="string">                           &lt;p&gt;Riksdagen har behandlat en redogörelse från regeringen om hur lagen om särskild utlänningskontroll har tillämpats under perioden 1 juli 2017 till 30 juni 2018. Regeringen redogör också för utvecklingen av den internationella terrorismen under samma period.&lt;/p&gt;
&lt;p&gt;Under perioden fattade regeringen två beslut med stöd av lagen. Ett beslut innebar avslag på ett överklagande av Migrationsverkets beslut om utvisning. Det andra beslutet innebar att ett tidigare beslut om utvisning ställdes in, samtidigt som regeringen beslutade om anmälningsplikt.&lt;/p&gt;
&lt;p&gt;Terrorhot kommer framför allt från personer och grupper som motiveras av våldsbejakande islamistiska ideologier. Den här typen av hot mot Sverige bedöms vara förhöjt.&lt;/p&gt;
&lt;p&gt;Riksdagen lade skrivelsen till handlingarna, det vill säga avslutade ärendet.&lt;/p&gt;
                                            </text>
<dok_id datatype="string">H601JuU8</dok_id>
<systemdatum datatype="datetime">2019-02-27 16:58:17</systemdatum>
</uppgift>
<uppgift>
<kod datatype="string">notisrubrik</kod>
<namn datatype="string">Beslut</namn>
<text datatype="string">Regeringen har redogjort för hur lagen om särskild utlänningskontroll används (JuU8)</text>
<dok_id datatype="string">H601JuU8</dok_id>
<systemdatum datatype="datetime">2019-02-27 16:58:17</systemdatum>
</uppgift>
<uppgift>
<kod datatype="string">utsknotis</kod>
<namn datatype="string">Utskottets förslag till beslut</namn>
<text datatype="string">                           &lt;p&gt;Justitieutskottet har behandlat en redogörelse från regeringen om hur lagen om särskild utlänningskontroll har tillämpats under perioden 1 juli 2017 till 30 juni 2018. Regeringen redogör också för utvecklingen av den internationella terrorismen under samma period.&lt;/p&gt;
&lt;p&gt;Under perioden fattade regeringen två beslut med stöd av lagen. Ett beslut innebar avslag på ett överklagande av Migrationsverkets beslut om utvisning. Det andra beslutet innebar att ett tidigare beslut om utvisning ställdes in, samtidigt som regeringen beslutade om anmälningsplikt.&lt;/p&gt;
&lt;p&gt;Terrorhot kommer framför allt från personer och grupper som motiveras av våldsbejakande islamistiska ideologier. Den här typen av hot mot Sverige bedöms vara förhöjt.&lt;/p&gt;
&lt;p&gt;Justitieutskottet föreslår att riksdagen lägger skrivelsen till handlingarna, det vill säga avslutar ärendet.&lt;/p&gt;
                                            </text>
<dok_id datatype="string">H601JuU8</dok_id>
<systemdatum datatype="datetime">2019-02-27 16:58:17</systemdatum>
</uppgift>
<uppgift>
<kod datatype="string">utsknotisrubrik</kod>
<namn datatype="string">Utskottets förslag</namn>
<text datatype="string">Regeringen har redogjort för hur lagen om särskild utlänningskontroll används (JuU8)</text>
<dok_id datatype="string">H601JuU8</dok_id>
<systemdatum datatype="datetime">2019-02-27 16:58:17</systemdatum>
</uppgift>
<uppgift>
<kod datatype="string">statustext</kod>
<namn datatype="string">statustext</namn>
<text datatype="string">Ärendet är avslutat</text>
<dok_id datatype="string">H601JuU8</dok_id>
<systemdatum datatype="datetime">2019-02-28 14:11:02</systemdatum>
</uppgift>
<uppgift>
<kod datatype="string">debattdatumtid</kod>
<namn datatype="string">Datum och tid för debatten</namn>
<text datatype="string">2019-02-27 00:00:00</text>
<dok_id datatype="string">H601JuU8</dok_id>
<systemdatum datatype="datetime">2019-02-27 16:58:17</systemdatum>
</uppgift>
<uppgift>
<kod datatype="string">beslutdatumtid</kod>
<namn datatype="string">Datum och tid för beslutet</namn>
<text datatype="string">2019-02-27 00:00:00</text>
<dok_id datatype="string">H601JuU8</dok_id>
<systemdatum datatype="datetime">2019-02-27 16:58:17</systemdatum>
</uppgift>
</dokuppgift>
<dokbilaga>
<bilaga>
<dok_id datatype="string">H601JuU8</dok_id>
<titel datatype="string">2018 års redogörelse för tillämpningen av lagen om särskild utlänningskontroll</titel>
<subtitel datatype="string" />
<filnamn datatype="string">2018_19_JuU8_20190205161743_Publicering.pdf</filnamn>
<filstorlek datatype="int32">411644</filstorlek>
<filtyp datatype="string">pdf</filtyp>
<fil_url datatype="string">http://data.riksdagen.se/fil/8CD097E5-0EDC-4182-B914-E82DF0123089</fil_url>
</bilaga>
</dokbilaga>
<dokreferens>
<referens>
<referenstyp datatype="string">behandlar</referenstyp>
<uppgift datatype="string">Skrivelse 2018/19:17 2018 års redogörelse för tillämpningen av lagen om särskild utlänningskontroll</uppgift>
<ref_dok_id datatype="string">H60317</ref_dok_id>
<ref_dok_typ datatype="string">prop</ref_dok_typ>
<ref_dok_rm datatype="string">2018/19</ref_dok_rm>
<ref_dok_bet datatype="string">17</ref_dok_bet>
<ref_dok_titel datatype="string">2018 års redogörelse för tillämpningen av lagen om särskild utlänningskontroll</ref_dok_titel>
<ref_dok_subtitel datatype="string" />
<ref_dok_subtyp datatype="string">skr</ref_dok_subtyp>
<ref_dok_dokumentnamn datatype="string">Skrivelse</ref_dok_dokumentnamn>
</referens>
<referens>
<referenstyp datatype="string">föredragningslista</referenstyp>
<uppgift datatype="string">föredragningslista 2018/19:56 Onsdag den 27 februari 2019</uppgift>
<ref_dok_id datatype="string">H60I56</ref_dok_id>
<ref_dok_typ datatype="string">f-lista</ref_dok_typ>
<ref_dok_rm datatype="string">2018/19</ref_dok_rm>
<ref_dok_bet datatype="string">56</ref_dok_bet>
<ref_dok_titel datatype="string">Onsdag den 27 februari 2019</ref_dok_titel>
<ref_dok_subtitel datatype="string" />
<ref_dok_subtyp datatype="string" />
<ref_dok_dokumentnamn datatype="string">Föredragningslista</ref_dok_dokumentnamn>
</referens>
<referens>
<referenstyp datatype="string">protokollbeslut</referenstyp>
<uppgift datatype="string">2019-02-27</uppgift>
<ref_dok_id datatype="string">H60956</ref_dok_id>
<ref_dok_typ datatype="string">prot</ref_dok_typ>
<ref_dok_rm datatype="string">2018/19</ref_dok_rm>
<ref_dok_bet datatype="string">56</ref_dok_bet>
<ref_dok_titel datatype="string">Protokoll 2018/19:56 Onsdagen den 27 februari</ref_dok_titel>
<ref_dok_subtitel datatype="string" />
<ref_dok_subtyp datatype="string" />
<ref_dok_dokumentnamn datatype="string">Protokoll</ref_dok_dokumentnamn>
</referens>
<referens>
<referenstyp datatype="string">rskr</referenstyp>
<uppgift datatype="string" />
<ref_dok_id datatype="string">H60K134</ref_dok_id>
<ref_dok_typ datatype="string">rskr</ref_dok_typ>
<ref_dok_rm datatype="string">2018/19</ref_dok_rm>
<ref_dok_bet datatype="string">134</ref_dok_bet>
<ref_dok_titel datatype="string">Riksdagsskrivelse 2018/19:134</ref_dok_titel>
<ref_dok_subtitel datatype="string" />
<ref_dok_subtyp datatype="string">rskr</ref_dok_subtyp>
<ref_dok_dokumentnamn datatype="string">Riksdagsskrivelse</ref_dok_dokumentnamn>
</referens>
<referens>
<referenstyp datatype="string">talarlista</referenstyp>
<uppgift datatype="string">talarlista 2018/19:20190227 Onsdag den 27 februari 2019 (preliminär)</uppgift>
<ref_dok_id datatype="string">H60J20190227</ref_dok_id>
<ref_dok_typ datatype="string">t-lista</ref_dok_typ>
<ref_dok_rm datatype="string">2018/19</ref_dok_rm>
<ref_dok_bet datatype="string">20190227</ref_dok_bet>
<ref_dok_titel datatype="string">Onsdag den 27 februari 2019 (preliminär)</ref_dok_titel>
<ref_dok_subtitel datatype="string" />
<ref_dok_subtyp datatype="string" />
<ref_dok_dokumentnamn datatype="string">Talarlista</ref_dok_dokumentnamn>
</referens>
</dokreferens>
<debatt /></dokumentstatus>