<dokumentstatus>
  <dokument>
    <hangar_id datatype="int32">5021348</hangar_id>
    <dok_id datatype="string">H601FiU41</dok_id>
    <rm datatype="string">2018/19</rm>
    <beteckning datatype="string">FiU41</beteckning>
    <typ datatype="string">bet</typ>
    <subtyp datatype="string">bet</subtyp>
    <doktyp datatype="string">bet</doktyp>
    <typrubrik datatype="string">Betänkande 2018/19:FiU41</typrubrik>
    <dokumentnamn datatype="string">Betänkande</dokumentnamn>
    <debattnamn datatype="string">Debatt om förslag</debattnamn>
    <tempbeteckning datatype="string"></tempbeteckning>
    <organ datatype="string">FiU</organ>
    <mottagare datatype="string"></mottagare>
    <nummer datatype="int32">41</nummer>
    <slutnummer datatype="int32">0</slutnummer>
    <datum datatype="datetime">2019-03-27 00:00:00</datum>
    <systemdatum datatype="datetime">2019-04-04 21:54:33</systemdatum>
    <publicerad datatype="datetime">2019-02-15 09:57:15</publicerad>
    <titel datatype="string">Riksrevisionens rapporter om räkenskapssammandragets tillförlitlighet och räkenskapssammandraget som underlag för kommunjämförelser</titel>
    <subtitel datatype="string"></subtitel>
    <status datatype="string">Webbpublicering</status>
    <htmlformat datatype="string">html</htmlformat>
    <relaterat_id datatype="string"></relaterat_id>
    <source datatype="string">RIM</source>
    <sourceid datatype="string">591d4391-9006-4bcb-b42a-8e790a26f1dd</sourceid>
    <dokument_url_text datatype="stext">http://data.riksdagen.se/dokument/H601FiU41/text</dokument_url_text>
    <dokument_url_html datatype="stext">http://data.riksdagen.se/dokument/H601FiU41</dokument_url_html>
    <dokumentstatus_url_xml datatype="stext">http://data.riksdagen.se/dokumentstatus/H601FiU41</dokumentstatus_url_xml>
    <utskottsforslag_url_xml datatype="stext">http://data.riksdagen.se/utskottsforslag/H601FiU41</utskottsforslag_url_xml>
    <html datatype="text">&lt;style&gt;&lt;!--
 .w600px{width: 600px;font-family:Verdana, Geneva, sans-serif}
h2.dtyp{font-size:1.5em !important;} 
/********************************************************************************************************/
/* Styles for D:\Logs\DocumentConverter\\Output_988b9af7-37c7-41f1-b407-a4086a3b5d12\HTML\Dokument.html */
/* Generated by Aspose.Words for .NET 15.3.0.0                                                          */
/********************************************************************************************************/

@page Section1 { size:467.8pt 686.05pt; margin:45.35pt 102.05pt 73.7pt 70.85pt }
div.Section1 { page:Section1 }
zbody { text-align:justify; line-height:12.5pt; font-family:'Verdana'; font-size:9.5pt }
zh1, h2, h3, h4, h5, h6, p { margin:3.1pt 0pt 0pt }
zli, table { margin-top:3.1pt; margin-bottom:0pt }
zh1 { margin-top:3.1pt; margin-bottom:12pt; text-align:left; page-break-after:avoid; line-height:12.5pt; font-family:'Verdana'; font-size:16pt; font-weight:normal }
zh2 { margin-top:20pt; margin-bottom:6pt; text-align:left; page-break-inside:avoid; page-break-after:avoid; line-height:12.5pt; font-family:'Verdana'; font-size:13.5pt; font-weight:normal }
zh3 { margin-top:20pt; margin-bottom:3.1pt; text-align:left; page-break-inside:avoid; page-break-after:avoid; line-height:12.5pt; font-family:'Verdana'; font-size:10.5pt; font-weight:bold }
zh4 { margin-top:15pt; margin-bottom:3.1pt; text-align:left; page-break-inside:avoid; page-break-after:avoid; line-height:12.5pt; font-family:'Verdana'; font-size:10.5pt; font-weight:normal; font-style:italic; color:#000000 }
zh5 { margin-top:6.25pt; margin-bottom:0pt; text-align:justify; page-break-inside:avoid; page-break-after:avoid; line-height:12.5pt; font-family:'Verdana'; font-size:9.5pt; font-weight:bold }
zh6 { margin-top:6.25pt; margin-bottom:0pt; text-align:justify; page-break-inside:avoid; page-break-after:avoid; line-height:12.5pt; font-family:'Verdana'; font-size:9.5pt; font-weight:normal; font-style:italic; color:#000000 }
.Heading7 { margin-top:2pt; margin-bottom:0pt; text-align:justify; page-break-inside:avoid; page-break-after:avoid; line-height:12.5pt; font-family:'Verdana'; font-size:9.5pt; font-weight:normal; font-style:italic; color:#243f60 }
.Heading8 { margin-top:2pt; margin-bottom:0pt; text-align:justify; page-break-inside:avoid; page-break-after:avoid; line-height:12.5pt; font-family:'Verdana'; font-size:9pt; font-weight:normal; color:#272727 }
.Heading9 { margin-top:2pt; margin-bottom:0pt; text-align:justify; page-break-inside:avoid; page-break-after:avoid; line-height:12.5pt; font-family:'Verdana'; font-size:9pt; font-weight:normal; font-style:italic; color:#272727 }
.Avsnittsrubrik { margin-top:0pt; margin-bottom:27.7pt; text-align:left; page-break-before:always; page-break-after:avoid; line-height:normal; font-family:'Verdana'; font-size:16pt }
.Avvikandemeningrubrik { margin-top:0pt; margin-bottom:3.1pt; text-align:left; page-break-inside:avoid; page-break-after:avoid; line-height:12.5pt; font-family:'Verdana'; font-size:10.5pt; font-weight:bold }
.BalloonText { margin-top:3.1pt; margin-bottom:0pt; text-align:justify; line-height:normal; font-family:Tahoma; font-size:8pt }
.Bilaga { margin-top:0pt; margin-bottom:0pt; text-align:left; page-break-before:always; page-break-after:avoid; line-height:normal; widows:0; orphans:0; font-family:'Verdana'; font-size:8pt; font-variant:small-caps; text-decoration:underline }
.Bilagerubrik { margin-top:0pt; margin-bottom:17.7pt; text-align:left; page-break-after:auto; line-height:normal; widows:0; orphans:0; font-family:'Verdana'; font-size:16pt }
.Bild-Rubrik { margin-top:8pt; margin-bottom:0pt; text-align:justify; page-break-inside:avoid; page-break-after:avoid; line-height:10pt; font-family:'Verdana'; font-size:9.5pt; font-weight:bold }
.Bild-Underrubrik { margin-top:0pt; margin-bottom:1pt; text-align:left; page-break-inside:avoid; page-break-after:avoid; line-height:8pt; font-family:'Verdana'; font-size:8pt; font-weight:normal; font-style:italic }
.BodyText { margin-top:3.1pt; margin-bottom:0pt; text-align:left; line-height:12.5pt; font-family:'Verdana'; font-size:9.5pt }
.BodyTextIndent2 { margin-top:3.1pt; margin-left:14.15pt; margin-bottom:6pt; text-align:justify; line-height:200%; font-family:'Verdana'; font-size:9.5pt }
.Citatindrag { margin-top:0pt; margin-left:14.2pt; margin-bottom:6.1pt; text-indent:14.2pt; text-align:justify; line-height:10pt; font-family:'Verdana'; font-size:9.5pt }
.CommentText { margin-top:3.1pt; margin-bottom:0pt; text-align:justify; line-height:normal; font-family:'Verdana'; font-size:10pt }
.Deltagare { margin-top:0pt; margin-bottom:0pt; text-align:justify; page-break-inside:avoid; page-break-after:avoid; line-height:9.5pt; font-family:'Verdana'; font-size:9.5pt }
.Diagram-Rubrik { margin-top:8pt; margin-bottom:0pt; text-align:justify; page-break-inside:avoid; page-break-after:avoid; line-height:10pt; font-family:'Verdana'; font-size:9.5pt; font-weight:bold }
.Diagram-Underrubrik { margin-top:0pt; margin-bottom:1pt; text-align:left; page-break-inside:avoid; page-break-after:avoid; line-height:8pt; font-family:'Verdana'; font-size:8pt; font-weight:normal; font-style:italic }
.DokumentRubrik { margin-top:6pt; margin-bottom:24pt; text-align:left; line-height:normal; border-bottom-style:solid; border-bottom-width:0.75pt; border-bottom-color:#000000; padding-bottom:4pt; font-family:'Verdana'; font-size:18pt }
.Dokumentbeteckning { margin-top:0pt; margin-bottom:0pt; text-align:left; page-break-inside:avoid; page-break-after:avoid; line-height:12.5pt; font-family:'Verdana'; font-size:16pt }
.Footer { margin-top:3.1pt; margin-bottom:0pt; text-align:justify; line-height:normal; font-family:'Verdana'; font-size:9.5pt }
.FootnoteText { margin-top:0pt; margin-bottom:0pt; text-align:justify; line-height:8pt; font-family:'Verdana'; font-size:8pt }
.Fotnotstextindrag { margin-top:0pt; margin-left:5.65pt; margin-bottom:0pt; text-align:left; line-height:8pt; font-family:'Verdana'; font-size:8pt }
.Frslagspunkt { margin-top:0pt; margin-bottom:0pt; text-align:left; page-break-inside:avoid; page-break-after:avoid; line-height:12.5pt; font-family:'Verdana'; font-size:9.5pt; font-weight:bold }
.Frslagstext { margin-top:0pt; margin-bottom:0pt; text-align:justify; line-height:12.5pt; font-family:'Verdana'; font-size:9.5pt }
.Frteckningsrubrik { margin-top:9.6pt; margin-bottom:3.1pt; text-align:left; page-break-inside:avoid; page-break-after:avoid; line-height:normal; font-family:'Verdana'; font-size:9.5pt; font-weight:normal; font-style:italic; color:#000000 }
.Grupprubrik { margin-top:6pt; margin-bottom:0pt; text-align:left; page-break-inside:avoid; page-break-after:avoid; line-height:12.5pt; font-family:'Verdana'; font-size:9.5pt; font-style:italic }
.Grupprubrikindrag { margin-top:6pt; margin-left:22.1pt; margin-bottom:0pt; text-align:left; page-break-inside:avoid; page-break-after:avoid; line-height:12.5pt; font-family:'Verdana'; font-size:9.5pt; font-style:italic }
.Header { margin-top:0pt; margin-bottom:0pt; text-align:justify; line-height:normal; font-family:'Verdana'; font-size:7.5pt; font-variant:small-caps }
.Innehllsfrteckning { margin-top:0pt; margin-bottom:17.7pt; text-align:left; page-break-before:always; page-break-after:auto; line-height:normal; font-family:'Verdana'; font-size:16pt }
.Kantrubrik { margin-top:0pt; margin-bottom:0pt; text-align:justify; line-height:normal; font-family:'Verdana'; font-size:7.5pt }
.ListBullet { margin-top:6.25pt; margin-left:17.85pt; margin-bottom:6.25pt; text-indent:-17.85pt; text-align:justify; line-height:12.5pt; font-family:'Verdana'; font-size:9.5pt }
.ListParagraph { margin-top:3.1pt; margin-left:28.35pt; margin-bottom:0pt; text-align:justify; line-height:12.5pt; font-family:'Verdana'; font-size:9.5pt }
.Litentext { margin-top:0pt; margin-bottom:0pt; text-align:justify; line-height:normal; font-family:'Verdana'; font-size:8pt }
.Mellanrubrik { margin-top:11pt; margin-bottom:3.1pt; text-align:left; page-break-after:avoid; line-height:12.5pt; font-family:'Verdana'; font-size:9.5pt; font-style:italic }
.Mellanrum { margin-top:0pt; margin-bottom:0pt; text-align:left; page-break-before:auto; page-break-after:auto; line-height:1pt; widows:0; orphans:0; font-family:'Verdana'; font-size:1pt; font-variant:small-caps; text-decoration:none; color:#ffffff }
.NormalIndent { margin-top:0pt; margin-bottom:0pt; text-indent:11.35pt; text-align:justify; line-height:12.5pt; font-family:'Verdana'; font-size:9.5pt }
.Normalinskjuten { margin-top:0pt; margin-left:22.1pt; margin-bottom:0pt; text-align:justify; line-height:12.5pt; font-family:'Verdana'; font-size:9.5pt }
.Normalinskjutenindrag { margin-top:0pt; margin-left:22.1pt; margin-bottom:0pt; text-indent:11.35pt; text-align:justify; line-height:12.5pt; font-family:'Verdana'; font-size:9.5pt }
.Normalinskjutenkursiv { margin-top:6pt; margin-bottom:0pt; line-height:normal; font-family:'Verdana'; font-size:10pt; font-style:italic }
.Normalkursiv { margin-top:3.1pt; margin-bottom:0pt; text-align:left; line-height:12.5pt; font-family:'Verdana'; font-size:9.5pt; font-style:italic }
.Normalruta { margin:3.1pt 5.65pt 0pt; text-align:justify; page-break-inside:avoid; page-break-after:avoid; line-height:12.5pt; border-top-style:solid; border-top-width:0.75pt; border-top-color:#000000; border-right-style:solid; border-right-width:0.75pt; border-right-color:#000000; border-left-style:solid; border-left-width:0.75pt; border-left-color:#000000; border-bottom-style:solid; border-bottom-width:0.75pt; border-bottom-color:#000000; padding-top:4pt; padding-right:4pt; padding-left:4pt; padding-bottom:4pt; font-family:'Verdana'; font-size:10.5pt }
.Normalrutafet { margin:3.1pt 5.65pt 0pt; text-align:justify; page-break-inside:avoid; page-break-after:avoid; line-height:12.5pt; border-top-style:solid; border-top-width:0.75pt; border-top-color:#000000; border-right-style:solid; border-right-width:0.75pt; border-right-color:#000000; border-left-style:solid; border-left-width:0.75pt; border-left-color:#000000; border-bottom-style:solid; border-bottom-width:0.75pt; border-bottom-color:#000000; padding-top:4pt; padding-right:4pt; padding-left:4pt; padding-bottom:4pt; font-family:'Verdana'; font-size:10.5pt; font-weight:bold }
.Normalrutaindrag { margin:0pt 5.65pt; text-indent:11.35pt; text-align:justify; page-break-inside:avoid; page-break-after:avoid; line-height:12.5pt; border-top-style:solid; border-top-width:0.75pt; border-top-color:#000000; border-right-style:solid; border-right-width:0.75pt; border-right-color:#000000; border-left-style:solid; border-left-width:0.75pt; border-left-color:#000000; border-bottom-style:solid; border-bottom-width:0.75pt; border-bottom-color:#000000; padding-top:4pt; padding-right:4pt; padding-left:4pt; padding-bottom:4pt; font-family:'Verdana'; font-size:10.5pt }
.Normalutanluftfre { margin-top:0pt; margin-bottom:0pt; text-align:justify; line-height:12.5pt; font-family:'Verdana'; font-size:9.5pt }
.NormalNoll { margin-top:0pt; margin-bottom:3.1pt; text-align:left; line-height:12.5pt; font-family:'Verdana'; font-size:10.5pt; font-weight:bold }
.NumlistaTOC { margin:3.1pt 28.35pt 0pt 0pt; text-indent:0pt; text-align:left; line-height:normal; font-family:'Verdana'; font-size:9.5pt }
.Ordfranden { margin-top:3.1pt; margin-bottom:22pt; text-align:left; page-break-inside:avoid; page-break-after:avoid; line-height:normal; font-family:'Verdana'; font-size:9.5pt; font-style:italic }
.OrtochDatum { margin-top:18pt; margin-bottom:18pt; text-align:left; page-break-inside:avoid; page-break-after:avoid; line-height:normal; font-family:'Verdana'; font-size:9.5pt }
.Punktlistabomb { margin-top:6.25pt; margin-left:14.2pt; margin-bottom:6.25pt; text-indent:-14.2pt; text-align:justify; line-height:12.5pt; font-family:'Verdana'; font-size:9.5pt }
.Punktlistagemener { margin-top:6.25pt; margin-left:14.2pt; margin-bottom:6.25pt; text-indent:-14.2pt; text-align:justify; line-height:12.5pt; font-family:'Verdana'; font-size:9.5pt }
.Punktlistalinje { margin-top:6.25pt; margin-left:14.2pt; margin-bottom:6.25pt; text-indent:-14.2pt; text-align:justify; line-height:12.5pt; font-family:'Verdana'; font-size:9.5pt }
.Punktlistasiffra { margin-top:6.25pt; margin-left:14.2pt; margin-bottom:6.25pt; text-indent:-14.2pt; text-align:justify; line-height:12.5pt; font-family:'Verdana'; font-size:9.5pt }
.PVgnar { margin-top:3.1pt; margin-bottom:26pt; text-align:left; page-break-inside:avoid; page-break-after:avoid; line-height:normal; font-family:'Verdana'; font-size:9.5pt }
.Quote { margin-top:6.1pt; margin-left:14.2pt; margin-bottom:0pt; text-align:justify; line-height:10pt; font-family:'Verdana'; font-size:9.5pt }
.R1 { margin-top:3.1pt; margin-bottom:12pt; text-align:left; page-break-after:avoid; line-height:12.5pt; font-family:'Verdana'; font-size:16pt }
.R1bilaga { margin-top:3.1pt; margin-bottom:12pt; text-align:left; page-break-after:auto; line-height:12.5pt; font-family:'Verdana'; font-size:16pt }
.R2 { margin-top:20pt; margin-bottom:6pt; text-align:left; page-break-inside:avoid; page-break-after:avoid; line-height:12.5pt; font-family:'Verdana'; font-size:13.5pt }
.R3 { margin-top:20pt; margin-bottom:3.1pt; text-align:left; page-break-inside:avoid; page-break-after:avoid; line-height:12.5pt; font-family:'Verdana'; font-size:10.5pt; font-weight:bold }
.R4 { margin-top:15pt; margin-bottom:3.1pt; text-align:left; page-break-inside:avoid; page-break-after:avoid; line-height:12.5pt; font-family:'Verdana'; font-size:10.5pt; font-weight:normal; font-style:italic; color:#000000 }
.R5 { margin-top:6.25pt; margin-bottom:0pt; text-align:justify; page-break-inside:avoid; page-break-after:avoid; line-height:12.5pt; font-family:'Verdana'; font-size:9.5pt; font-weight:bold }
.R6 { margin-top:6.25pt; margin-bottom:0pt; text-align:justify; page-break-inside:avoid; page-break-after:avoid; line-height:12.5pt; font-family:'Verdana'; font-size:9.5pt; font-weight:normal; font-style:italic; color:#000000 }
.Reservationshnvisning { margin-top:0pt; margin-bottom:8pt; text-align:right; line-height:12.5pt; font-family:'Verdana'; font-size:9.5pt; font-style:italic }
.Reservationsrubrik { margin-top:0pt; margin-bottom:3.1pt; text-align:left; page-break-inside:avoid; page-break-after:avoid; line-height:12.5pt; font-family:'Verdana'; font-size:10.5pt; font-weight:bold }
.Rubrik1Dokumentinformation { margin-top:0pt; margin-bottom:0pt; text-align:left; page-break-inside:avoid; page-break-after:avoid; line-height:12.5pt; font-family:'Verdana'; font-size:16pt }
.Rubrik1bilaga { margin-top:0pt; margin-bottom:27.7pt; text-align:left; page-break-after:auto; line-height:12.5pt; font-family:'Verdana'; font-size:16pt }
.Rubrik1medsidhuvud { margin-top:3.1pt; margin-bottom:12pt; text-align:left; page-break-before:always; page-break-after:avoid; line-height:12.5pt; font-family:'Verdana'; font-size:16pt }
.Rubrik1numrerat { margin-top:3.1pt; margin-left:0pt; margin-bottom:12pt; text-indent:0pt; text-align:left; page-break-after:avoid; line-height:12.5pt; font-family:'Verdana'; font-size:16pt }
.Rubrik1numreratmedsidhuvud { margin-top:0pt; margin-left:0pt; margin-bottom:16pt; text-indent:0pt; text-align:left; page-break-before:always; page-break-after:avoid; line-height:normal; font-family:'Verdana'; font-size:16pt }
.Rubrik2bilaga { margin-top:20pt; margin-bottom:6pt; text-align:left; page-break-inside:avoid; page-break-after:avoid; line-height:12.5pt; font-family:'Verdana'; font-size:13.5pt }
.Rubrik2numrerat { margin-top:20pt; margin-left:0pt; margin-bottom:6pt; text-indent:0pt; text-align:left; page-break-inside:avoid; page-break-after:avoid; line-height:12.5pt; font-family:'Verdana'; font-size:13.5pt }
.Rubrik3numrerat { margin-top:20pt; margin-left:0pt; margin-bottom:3.1pt; text-indent:0pt; text-align:left; page-break-inside:avoid; page-break-after:avoid; line-height:12.5pt; font-family:'Verdana'; font-size:10.5pt; font-weight:bold }
.Sammanfattning { margin-top:3.1pt; margin-bottom:12pt; text-align:left; page-break-after:auto; line-height:12.5pt; font-family:'Verdana'; font-size:16pt }
.Sidhuvudhgerstlld { margin-top:0pt; margin-bottom:0pt; text-align:right; line-height:normal; font-family:'Verdana'; font-size:7.5pt; font-variant:small-caps }
.Sidhuvudvnsterstlld { margin-top:0pt; margin-bottom:0pt; text-align:left; line-height:normal; font-family:'Verdana'; font-size:7.5pt; font-variant:small-caps }
.Stdrubrik { margin-top:12pt; margin-bottom:0pt; line-height:12pt; font-family:'Verdana'; font-size:9.5pt; font-weight:bold }
.Srskiltyttranderubrik { margin-top:0pt; margin-bottom:3.1pt; text-align:left; page-break-inside:avoid; page-break-after:avoid; line-height:12.5pt; font-family:'Verdana'; font-size:10.5pt; font-weight:bold }
.TOC1 { margin-top:0pt; margin-right:28.35pt; margin-bottom:0pt; text-align:left; line-height:normal; font-family:'Verdana'; font-size:9.5pt }
.TOC2 { margin:0pt 28.35pt 0pt 5.65pt; text-align:left; line-height:normal; font-family:'Verdana'; font-size:9.5pt }
.TOC3 { margin:0pt 28.35pt 0pt 11.35pt; text-align:left; line-height:normal; font-family:'Verdana'; font-size:9.5pt }
.TOC4 { margin:0pt 28.35pt 0pt 17pt; text-align:left; line-height:normal; font-family:'Verdana'; font-size:9.5pt }
.TOC5 { margin:0pt 28.35pt 0pt 22.7pt; text-align:left; line-height:normal; font-family:'Verdana'; font-size:9.5pt }
.TOC6 { margin-top:0pt; margin-left:47.65pt; margin-bottom:0pt; text-align:left; line-height:normal; font-family:'Verdana'; font-size:9.5pt }
.TOC7 { margin-top:0pt; margin-right:28.35pt; margin-bottom:0pt; text-align:left; line-height:normal; font-family:'Verdana'; font-size:9.5pt }
.TOC8 { margin-top:0pt; margin-right:28.35pt; margin-bottom:0pt; text-align:left; line-height:normal; font-family:'Verdana'; font-size:9.5pt }
.TOC9 { margin-top:0pt; margin-left:8.5pt; margin-bottom:0pt; text-align:left; line-height:normal; font-family:'Verdana'; font-size:9.5pt }
.TOCHeading { margin-top:3.1pt; margin-bottom:9pt; text-align:left; page-break-before:always; page-break-inside:avoid; page-break-after:avoid; line-height:12.5pt; font-family:'Verdana'; font-size:16pt }
.Tabell-Kolumnrubrik { margin-bottom:0pt; line-height:12pt; font-family:'Verdana'; font-size:8pt; font-weight:bold }
.Tabell-Klla { margin-top:2pt; margin-bottom:0pt; line-height:8pt; font-family:'Verdana'; font-size:7pt }
.Tabell-Radrubrik { margin-bottom:0pt; line-height:12pt; font-family:'Verdana'; font-size:8pt }
.Tabell-Rubrik { margin-top:12pt; margin-bottom:3pt; text-align:left; page-break-inside:avoid; page-break-after:avoid; line-height:10pt; font-family:'Verdana'; font-size:9pt; font-weight:bold }
.Tabell-Siffror { margin-bottom:0pt; text-align:right; line-height:12pt; font-family:'Verdana'; font-size:8pt }
.Tabell-Text { margin-bottom:0pt; line-height:12pt; font-family:'Verdana'; font-size:8pt }
.Tabell-Underrubrik { margin-top:0pt; margin-bottom:1pt; text-align:left; page-break-inside:avoid; page-break-after:avoid; line-height:8pt; font-family:'Verdana'; font-size:8pt; font-weight:normal; font-style:italic }
.TableofFigures { margin-top:3.1pt; margin-bottom:0pt; text-align:justify; line-height:normal; font-family:'Verdana'; font-size:9.5pt }
.TillX-utskottet { margin-top:0pt; margin-bottom:12pt; text-align:left; page-break-after:avoid; line-height:12.5pt; font-family:'Verdana'; font-size:16pt }
.Title { margin-top:3.1pt; margin-bottom:1pt; text-align:left; line-height:12pt; font-family:'Verdana'; font-size:20pt; letter-spacing:-0.5pt }
.Vapen { margin-top:0pt; margin-bottom:0pt; text-align:left; page-break-inside:avoid; page-break-after:avoid; line-height:12.5pt; font-family:'Verdana'; font-size:16pt }
.Yrkandelista { margin-top:3.1pt; margin-left:28.35pt; margin-bottom:0pt; text-indent:-28.35pt; text-align:justify; line-height:12.5pt; font-family:'Verdana'; font-size:9.5pt }
.YrkandelistaEtt { margin-top:3.1pt; margin-left:0pt; margin-bottom:0pt; text-indent:0pt; text-align:justify; line-height:12.5pt; font-family:'Verdana'; font-size:9.5pt }
span.BallongtextChar { font-family:Tahoma; font-size:8pt }
span.BilagaChar { font-family:'Verdana'; font-size:8pt; font-variant:small-caps; text-decoration:underline }
span.BrdtextChar { font-family:'Verdana'; font-size:9.5pt }
span.BrdtextChar1 { font-family:'Verdana'; font-size:9.5pt }
span.Brdtextmedindrag2Char { font-family:'Verdana'; font-size:9.5pt }
span.CitatChar { font-family:'Verdana'; font-size:9.5pt }
span.DokumentRubrikChar { font-family:'Verdana'; font-size:18pt }
span.FotnotstextChar { font-family:'Verdana'; font-size:8pt }
span.FotnotstextindragChar { font-family:'Verdana'; font-size:8pt }
span.FrslagspunktChar { font-family:'Verdana'; font-size:9.5pt; font-weight:bold; font-style:normal }
span.Hyperlink { text-decoration:none; color:#000000 }
span.KommentarerChar { font-family:'Verdana'; font-size:10pt }
span.NormalkursivChar { font-family:'Verdana'; font-size:9.5pt; font-style:italic }
span.NormaltindragChar { font-family:'Verdana'; font-size:9.5pt }
span.OrdfrandenChar { font-family:'Verdana'; font-size:9.5pt; font-style:italic }
span.OrtochDatumChar { font-family:'Verdana'; font-size:9.5pt }
span.PlaceholderText { color:#808080 }
span.PVgnarChar { font-family:'Verdana'; font-size:9.5pt }
span.ReservationshnvisningChar { font-family:'Verdana'; font-size:9.5pt; font-style:italic }
span.Rubrik1Char { font-family:'Verdana'; font-size:16pt }
span.Rubrik1DokumentinformationChar { font-family:'Verdana'; font-size:16pt }
span.Rubrik2Char { font-family:'Verdana'; font-size:13.5pt }
span.Rubrik3Char { font-family:'Verdana'; font-size:10.5pt; font-weight:bold }
span.Rubrik4Char { font-family:'Verdana'; font-size:10.5pt; font-style:italic; color:#000000 }
span.Rubrik5Char { font-family:'Verdana'; font-size:9.5pt; font-weight:bold }
span.Rubrik6Char { font-family:'Verdana'; font-size:9.5pt; font-style:italic; color:#000000 }
span.Rubrik7Char { font-family:'Verdana'; font-size:9.5pt; font-style:italic; color:#243f60 }
span.Rubrik8Char { font-family:'Verdana'; font-size:9pt; color:#272727 }
span.Rubrik9Char { font-family:'Verdana'; font-size:9pt; font-style:italic; color:#272727 }
span.RubrikChar { font-family:'Verdana'; font-size:20pt; letter-spacing:-0.5pt }
span.SidfotChar { font-family:'Verdana'; font-size:9.5pt }
span.SidhuvudChar { font-family:'Verdana'; font-size:7.5pt; font-variant:small-caps }
span.Tabell-Upphjttecken { font-family:'Verdana'; font-variant:normal; text-decoration:none; text-transform:none; vertical-align:super; display:inline }
span.VapenChar { font-family:'Verdana'; font-size:16pt }
span.tBilagaJA { color:#000000 }
span.tSidrubrikJA { color:#000000 }
.TableGrid {  }
--&gt;&lt;/style&gt;

		&lt;div class="Section1"&gt;
			&lt;table cellspacing="0" cellpadding="0" style="border-collapse:collapse; margin-left:0pt"&gt;
				&lt;tr style="height:79.4pt"&gt;
					&lt;td style="vertical-align:top; width:297.7pt"&gt;
						&lt;p class="Rubrik1Dokumentinformation" style="margin-top:0pt; margin-bottom:0pt; text-align:left; page-break-inside:avoid; page-break-after:avoid; line-height:16pt"&gt;
							&lt;span style="font-family:'Verdana'; font-size:16pt; -aw-sdt-tag:ccUtskott; -aw-sdt-title:'utskottsnamn Dokumentegenskap'"&gt;Finansutskottet&lt;/span&gt;&lt;span style="font-family:'Verdana'; font-size:16pt; -aw-sdt-tag:ccS; -aw-sdt-title:s"&gt;s&lt;/span&gt;&lt;span style="font-family:'Verdana'; font-size:16pt; -aw-sdt-tag:ccMellanslag; -aw-sdt-title:Mellanslag"&gt; &lt;/span&gt;&lt;a name="Utlatande"&gt;&lt;/a&gt;&lt;span style="font-family:'Verdana'; font-size:16pt"&gt;betänkande&lt;/span&gt;
						&lt;/p&gt;
						&lt;p class="Dokumentbeteckning" style="margin-top:0pt; margin-bottom:0pt; text-align:left; page-break-inside:avoid; page-break-after:avoid; line-height:16pt"&gt;
							&lt;span style="font-family:'Verdana'; font-size:16pt; -aw-sdt-tag:ccRiksmote; -aw-sdt-title:'riksmote Dokumentegenskap'"&gt;2018/19&lt;/span&gt;&lt;span style="font-family:'Verdana'; font-size:16pt; -aw-sdt-tag:ccKolon; -aw-sdt-title:Kolon"&gt;:&lt;/span&gt;&lt;a name="Utskottebeteckning"&gt;&lt;/a&gt;&lt;span style="font-family:'Verdana'; font-size:16pt"&gt;FiU41&lt;/span&gt;
						&lt;/p&gt;
						&lt;p class="Rubrik1Dokumentinformation" style="margin-top:0pt; margin-bottom:0pt; text-align:left; page-break-inside:avoid; page-break-after:avoid; line-height:16pt"&gt;
							&lt;span style="font-family:'Verdana'; font-size:16pt"&gt; &lt;/span&gt;
						&lt;/p&gt;
					&lt;/td&gt;
				&lt;/tr&gt;
			&lt;/table&gt;
			&lt;p class="DokumentRubrik" style="-aw-sdt-tag:ccDokumentrubrik; -aw-sdt-title:'dokumentrubrik Dokumentegenskap'"&gt;
				&lt;span&gt;Riksrevisionens rapporter om räkenskapssammandragets tillförlitlighet och räkenskapssammandraget som underlag för kommunjämförelser&lt;/span&gt;
			&lt;/p&gt;
			&lt;p class="R2"&gt;
				&lt;span&gt;Sammanfattning &lt;/span&gt;
			&lt;/p&gt;
			&lt;p&gt;
				&lt;span&gt;Utskottet föreslår att riksdagen lägger regeringens skrivelser till handlingarna.&lt;/span&gt;
			&lt;/p&gt;
			&lt;p class="NormalIndent"&gt;
				&lt;span&gt;Utskottet delar regeringens bedömning att det överordnade syftet med räkenskapssammandraget är att det ska vara ett statistiskt underlag för nationalräkenskaperna. &lt;/span&gt;
			&lt;/p&gt;
			&lt;p class="NormalIndent"&gt;
				&lt;span&gt;I likhet med regeringen anser utskottet att det är viktigt att uppgifterna i räkenskapssammandraget är tillförlitliga och transparenta. Utskottet konstatera&lt;/span&gt;&lt;span&gt;r&lt;/span&gt;&lt;span&gt; att det &lt;/span&gt;&lt;span&gt;pågår&lt;/span&gt;&lt;span&gt; ett omfattande arbete för att säkerställa räkenskapssammandragets tillförlitlighet och att regeringen följer utvecklingen för att vid behov vidta ytterligare åtgärder &lt;/span&gt;&lt;span&gt;för&lt;/span&gt;&lt;span&gt; att säkerställa att uppgifterna är tillförlitliga och transparenta&lt;/span&gt;&lt;span&gt;.&lt;/span&gt;&lt;span&gt; &lt;/span&gt;
			&lt;/p&gt;
			&lt;p class="NormalIndent"&gt;
				&lt;span&gt;Utskottet &lt;/span&gt;&lt;span&gt;konstatera&lt;/span&gt;&lt;span&gt;r också &lt;/span&gt;&lt;span&gt;att &lt;/span&gt;&lt;span&gt;den nya &lt;/span&gt;&lt;span&gt;lagen (2018:597) om kommunal bokföring och redovisning trädde i kraft den 1 januari 2019. &lt;/span&gt;&lt;span&gt;Lagen&lt;/span&gt;&lt;span&gt; bedöms leda till en mer välfungerande kommunal bokföring och en mer rättvisande redovisning.&lt;/span&gt;
			&lt;/p&gt;
			&lt;p class="R4"&gt;
				&lt;span&gt;Behandlade förslag&lt;/span&gt;
			&lt;/p&gt;
			&lt;p&gt;
				&lt;span&gt;S&lt;/span&gt;&lt;span&gt;krivelse &lt;/span&gt;&lt;span&gt;2&lt;/span&gt;&lt;span&gt;017/18:293 Riksrevisionens rapport om räkenskapssammandraget som underlag för kommunjämförelser&lt;/span&gt;&lt;span&gt;.&lt;/span&gt;&lt;span&gt; &lt;/span&gt;
			&lt;/p&gt;
			&lt;p&gt;
				&lt;span&gt;Skrivelse &lt;/span&gt;&lt;span&gt;2018/19:20 Riksrevisionens rapport om räkenskapssammandragets tillförlitlighet.&lt;/span&gt;
			&lt;/p&gt;
			&lt;p class="Innehllsfrteckning"&gt;
				&lt;a name="Innehållsförteckning"&gt;&lt;/a&gt;&lt;span class="tSidrubrikJA"&gt;Innehållsförteckning&lt;/span&gt;
			&lt;/p&gt;
			&lt;p class="TOC1"&gt;
				&lt;a style="color:#000000" href="#_Toc4494662"&gt;&lt;span class="Hyperlink"&gt;Utskottets förslag till riksdagsbeslut&lt;/span&gt;&lt;/a&gt;
			&lt;/p&gt;
			&lt;p class="TOC1"&gt;
				&lt;a style="color:#000000" href="#_Toc4494663"&gt;&lt;span class="Hyperlink"&gt;Redogörelse för ärendet&lt;/span&gt;&lt;/a&gt;
			&lt;/p&gt;
			&lt;p class="TOC2"&gt;
				&lt;a style="color:#000000" href="#_Toc4494664"&gt;&lt;span class="Hyperlink"&gt;Ärendet och dess beredning&lt;/span&gt;&lt;/a&gt;
			&lt;/p&gt;
			&lt;p class="TOC1"&gt;
				&lt;a style="color:#000000" href="#_Toc4494665"&gt;&lt;span class="Hyperlink"&gt;Utskottets överväganden&lt;/span&gt;&lt;/a&gt;
			&lt;/p&gt;
			&lt;p class="TOC2" style="margin-bottom:0pt"&gt;
				&lt;a style="color:#000000" href="#_Toc4494666"&gt;&lt;span class="Hyperlink"&gt;Riksrevisionens rapport om räkenskapssammandraget som underlag för kommunjämförelser&lt;/span&gt;&lt;/a&gt;
			&lt;/p&gt;
			&lt;p class="TOC2" style="margin-top:0pt"&gt;
				&lt;a style="color:#000000" href="#_Toc4494667"&gt;&lt;span class="Hyperlink"&gt;Riksrevisionens rapport om räkenskapssammandragets tillförlitlighet&lt;/span&gt;&lt;/a&gt;
			&lt;/p&gt;
			&lt;p class="TOC8"&gt;
				&lt;span class="Hyperlink" style="font-style:italic"&gt;Bilaga&lt;/span&gt;&lt;br /&gt;&lt;a style="color:#000000" href="#_Toc4494668"&gt;&lt;span class="Hyperlink"&gt;Förteckning över behandlade förslag&lt;/span&gt;&lt;/a&gt;
			&lt;/p&gt;
			&lt;p class="TOC9"&gt;
				&lt;a style="color:#000000" href="#_Toc4494669"&gt;&lt;span class="Hyperlink"&gt;Skrivelse 2017/18:293&lt;/span&gt;&lt;/a&gt;
			&lt;/p&gt;
			&lt;p class="TOC9"&gt;
				&lt;a style="color:#000000" href="#_Toc4494670"&gt;&lt;span class="Hyperlink"&gt;Skrivelse 2018/19:20&lt;/span&gt;&lt;/a&gt;
			&lt;/p&gt;
			&lt;p&gt;
			&lt;/p&gt;
			&lt;p&gt;
				&lt;span&gt; &lt;/span&gt;
			&lt;/p&gt;
			&lt;p class="NormalIndent"&gt;
				&lt;span&gt; &lt;/span&gt;
			&lt;/p&gt;
			&lt;p class="Avsnittsrubrik"&gt;
				&lt;a name="StopCC"&gt;&lt;/a&gt;&lt;a name="_Toc4494662"&gt;&lt;span style="-aw-bookmark-end:StopCC"&gt;&lt;/span&gt;&lt;span class="tSidrubrikJA"&gt;Utskottets förslag till riksdagsbeslut&lt;/span&gt;&lt;/a&gt;
			&lt;/p&gt;
			&lt;p class="Mellanrum"&gt;
				&lt;span&gt; &lt;/span&gt;
			&lt;/p&gt;
			&lt;p class="Mellanrum"&gt;
				&lt;span&gt; &lt;/span&gt;
			&lt;/p&gt;
			&lt;table cellspacing="0" cellpadding="0" style="border-collapse:collapse; margin-left:0pt; width:294.2pt"&gt;
				&lt;tr&gt;
					&lt;td style="vertical-align:top; width:22pt"&gt;
						&lt;p style="margin-top:3.1pt; margin-bottom:0pt; text-align:justify; page-break-inside:avoid; page-break-after:avoid; line-height:12.5pt"&gt;
							&lt;span style="font-family:'Verdana'; font-size:10.5pt; font-weight:bold"&gt;1.&lt;/span&gt;
						&lt;/p&gt;
					&lt;/td&gt;
					&lt;td style="vertical-align:top; width:272.2pt"&gt;
						&lt;p style="margin-top:3.1pt; margin-bottom:0pt; text-align:justify; page-break-inside:avoid; page-break-after:avoid; line-height:12.5pt"&gt;
							&lt;span style="font-family:'Verdana'; font-size:10.5pt; font-weight:bold"&gt;Riksrevisionens rapport om räkenskapssammandraget som underlag för kommunjämförelser&lt;/span&gt;
						&lt;/p&gt;
					&lt;/td&gt;
				&lt;/tr&gt;
			&lt;/table&gt;
			&lt;p class="Normalinskjuten" style="-aw-sdt-tag:'dokumentavsnitt/utskottets förslag till riksdagsbeslut/1468171309/1553598631054'; -aw-sdt-title:'utskottets förslag till riksdagsbeslut'"&gt;
				&lt;span&gt;Riksdagen lägger skrivelse 2017/18:293 till handlingarna.&lt;/span&gt;
			&lt;/p&gt;
			&lt;p class="Mellanrum" style="-aw-sdt-tag:'dokumentavsnitt/utskottets förslag till riksdagsbeslut/1468171309/1553598631054'; -aw-sdt-title:'utskottets förslag till riksdagsbeslut'"&gt;
				&lt;span&gt; &lt;/span&gt;
			&lt;/p&gt;
			&lt;table cellspacing="0" cellpadding="0" style="border-collapse:collapse; margin-left:0pt; width:294.2pt"&gt;
				&lt;tr&gt;
					&lt;td style="vertical-align:top; width:22pt"&gt;
						&lt;p style="margin-top:11pt; margin-bottom:0pt; text-align:justify; page-break-inside:avoid; page-break-after:avoid; line-height:12.5pt"&gt;
							&lt;span style="font-family:'Verdana'; font-size:10.5pt; font-weight:bold"&gt;2.&lt;/span&gt;
						&lt;/p&gt;
					&lt;/td&gt;
					&lt;td style="vertical-align:top; width:272.2pt"&gt;
						&lt;p style="margin-top:11pt; margin-bottom:0pt; text-align:justify; page-break-inside:avoid; page-break-after:avoid; line-height:12.5pt"&gt;
							&lt;span style="font-family:'Verdana'; font-size:10.5pt; font-weight:bold"&gt;Riksrevisionens rapport om räkenskapssammandragets tillförlitlighet&lt;/span&gt;
						&lt;/p&gt;
					&lt;/td&gt;
				&lt;/tr&gt;
			&lt;/table&gt;
			&lt;p class="Normalinskjuten" style="-aw-sdt-tag:'dokumentavsnitt/utskottets förslag till riksdagsbeslut/1468171309/1553598631054'; -aw-sdt-title:'utskottets förslag till riksdagsbeslut'"&gt;
				&lt;span&gt;Riksdagen lägger skrivelse 2018/19:20 till handlingarna.&lt;/span&gt;
			&lt;/p&gt;
			&lt;p class="Mellanrum" style="-aw-sdt-tag:'dokumentavsnitt/utskottets förslag till riksdagsbeslut/1468171309/1553598631054'; -aw-sdt-title:'utskottets förslag till riksdagsbeslut'"&gt;
				&lt;span&gt; &lt;/span&gt;
			&lt;/p&gt;
			&lt;p class="OrtochDatum" style="-aw-sdt-tag:'dokumentavsnitt/utskottets förslag till riksdagsbeslut/1468171309/1553598631054'; -aw-sdt-title:'utskottets förslag till riksdagsbeslut'"&gt;
				&lt;span&gt;Stockholm den 26 mars 2019&lt;/span&gt;
			&lt;/p&gt;
			&lt;p class="PVgnar" style="-aw-sdt-tag:'dokumentavsnitt/utskottets förslag till riksdagsbeslut/1468171309/1553598631054'; -aw-sdt-title:'utskottets förslag till riksdagsbeslut'"&gt;
				&lt;span&gt;På finansutskottets vägnar&lt;/span&gt;
			&lt;/p&gt;
			&lt;p class="Ordfranden" style="-aw-sdt-tag:'dokumentavsnitt/utskottets förslag till riksdagsbeslut/1468171309/1553598631054'; -aw-sdt-title:'utskottets förslag till riksdagsbeslut'"&gt;
				&lt;span&gt;Fredrik Olovsson&lt;/span&gt;
			&lt;/p&gt;
			&lt;p class="Deltagare" style="-aw-sdt-tag:'dokumentavsnitt/utskottets förslag till riksdagsbeslut/1468171309/1553598631054'; -aw-sdt-title:'utskottets förslag till riksdagsbeslut'"&gt;
				&lt;span&gt;Följande ledamöter har deltagit i beslutet: Fredrik Olovsson (S), Elisabeth Svantesson (M), Gunilla Carlsson (S), Edward Riedl (M), Oscar Sjöstedt (SD), Adnan Dibrani (S), Jan Ericson (M), Dennis Dioukarev (SD), Ingela Nylund Watz (S), Jakob Forssmed (KD), Ingemar Nilsson (S), Johan Pehrson (L), Sven-Olof Sällström (SD), Karolina Skog (MP), Mattias Karlsson i Luleå (M), Lars Thomsson (C) och Ida Gabrielsson (V).&lt;/span&gt;
			&lt;/p&gt;
			&lt;p class="Mellanrum" style="-aw-sdt-tag:'dokumentavsnitt/utskottets förslag till riksdagsbeslut/1468171309/1553598631054'; -aw-sdt-title:'utskottets förslag till riksdagsbeslut'"&gt;
				&lt;span&gt; &lt;/span&gt;
			&lt;/p&gt;
			&lt;p class="Mellanrum" style="-aw-sdt-tag:'dokumentavsnitt/utskottets förslag till riksdagsbeslut/1468171309/1553598631054'; -aw-sdt-title:'utskottets förslag till riksdagsbeslut'"&gt;
				&lt;span&gt; &lt;/span&gt;
			&lt;/p&gt;
			&lt;p class="Mellanrum" style="-aw-sdt-tag:'dokumentavsnitt/utskottets förslag till riksdagsbeslut/1468171309/1553598631054'; -aw-sdt-title:'utskottets förslag till riksdagsbeslut'"&gt;
				&lt;span style="font-size:9.5pt"&gt; &lt;/span&gt;
			&lt;/p&gt;
			&lt;p&gt;
				&lt;span&gt; &lt;/span&gt;
			&lt;/p&gt;
			&lt;p class="Avsnittsrubrik"&gt;
				&lt;a name="SlutUtskottsForslag"&gt;&lt;/a&gt;&lt;a name="_Toc4494663"&gt;&lt;span style="-aw-bookmark-end:SlutUtskottsForslag"&gt;&lt;/span&gt;&lt;span class="tSidrubrikJA"&gt;Redogörelse för ärendet&lt;/span&gt;&lt;/a&gt;
			&lt;/p&gt;
			&lt;h2&gt;
				&lt;a name="_Toc4494664"&gt;&lt;span&gt;Ärendet och dess beredning&lt;/span&gt;&lt;/a&gt;
			&lt;/h2&gt;
			&lt;p&gt;
				&lt;span&gt;I regeringens skrivelse 2017/18:293 Riksrevisionens rapport om &lt;/span&gt;&lt;span&gt;r&lt;/span&gt;&lt;span&gt;äkenskapssammandraget som underlag för kommunjämförelser behandlas Riksrevisionens granskningsrapport &lt;/span&gt;&lt;span&gt;RiR&lt;/span&gt;&lt;span&gt; 2018:7 Räkenskapssammandraget som underlag för kommunjämförelser – är kostnadsmåtten tillförlitliga? Riksdagen överlämnade Riksrevisionens granskningsrapport till regeringen&lt;/span&gt;&lt;span&gt; &lt;/span&gt;&lt;span&gt;den 20 mars 2018&lt;/span&gt;&lt;span&gt;. Regeringen lämnade sin svarsskrivelse &lt;/span&gt;&lt;span&gt;på granskningsrapporten &lt;/span&gt;&lt;span&gt;till riksdagen den 12 september 2018. &lt;/span&gt;
			&lt;/p&gt;
			&lt;p class="NormalIndent"&gt;
				&lt;span&gt;I regeringens skrivelse 2018/19:20 Riksrevisionens rapport om &lt;/span&gt;&lt;span&gt;r&lt;/span&gt;&lt;span&gt;äkenskapssammandragets tillförlitlighet behandlas Riksrevisionens granskningsrapport &lt;/span&gt;&lt;span&gt;RiR&lt;/span&gt;&lt;span&gt; 2018:23 Räkenskapssammandraget – är resultat- och balansräkningen tillförlitlig? Riksdagen överlämnade Riksrevisionens granskningsrapport till regeringen&lt;/span&gt;&lt;span&gt; &lt;/span&gt;&lt;span&gt;den 4 september 2018&lt;/span&gt;&lt;span&gt;. Regeringen lämnade sin svarsskrivelse på granskningsrapporten till riksdagen den 20 december 2018.&lt;/span&gt;
			&lt;/p&gt;
			&lt;p class="NormalIndent"&gt;
				&lt;span&gt;Den 23 oktober 2018 informerade riksrevisor Helena Lindberg med medarbetare finansutskottet om de aktuella granskningsrapporterna.&lt;/span&gt;
			&lt;/p&gt;
			&lt;p class="NormalIndent"&gt;
				&lt;span&gt;Ingen motion har väckts med anledning av skrivelserna.&lt;/span&gt;
			&lt;/p&gt;
			&lt;p class="Avsnittsrubrik"&gt;
				&lt;a name="_Toc4494665"&gt;&lt;span class="tSidrubrikJA"&gt;Utskottets överväganden&lt;/span&gt;&lt;/a&gt;
			&lt;/p&gt;
			&lt;h2 style="-aw-sdt-tag:aeb2a3f1-100e-4614-a7c2-ea3ccb1ba21c/förslagsrutor/-1384275652/1548767687603; -aw-sdt-title:förslagsrutor"&gt;
				&lt;a name="_Toc4494666"&gt;&lt;span&gt;Riksrevisionens rapport om räkenskapssammandraget som underlag för kommunjämförelser&lt;/span&gt;&lt;/a&gt;
			&lt;/h2&gt;
			&lt;div style="border-bottom-color:#000000; border-bottom-style:solid; border-bottom-width:0.75pt; border-left-color:#000000; border-left-style:solid; border-left-width:0.75pt; border-right-color:#000000; border-right-style:solid; border-right-width:0.75pt; border-top-color:#000000; border-top-style:solid; border-top-width:0.75pt; clear:both; margin:3.1pt 0.9pt 0pt"&gt;
				&lt;p class="Normalrutafet" style="margin:0pt; padding-right:4pt; padding-left:4pt"&gt;
					&lt;span style="-aw-bookmark-end:_Toc4494666"&gt;&lt;/span&gt;&lt;span&gt;Utskottets förslag i korthet&lt;/span&gt;
				&lt;/p&gt;
				&lt;p class="Normalruta" style="margin:0pt; padding-right:4pt; padding-left:4pt; padding-bottom:4pt"&gt;
					&lt;span&gt;Riksdagen&lt;/span&gt;&lt;span&gt; lägger &lt;/span&gt;&lt;span&gt;regeringens &lt;/span&gt;&lt;span&gt;skrivels&lt;/span&gt;&lt;span&gt;e Riksrevisionens rapport om räkenskapssammandraget som underlag för kommunjämförelser&lt;/span&gt;&lt;span&gt; till handlingarna.&lt;/span&gt;&lt;span style="-aw-sdt-tag:'aeb2a3f1-100e-4614-a7c2-ea3ccb1ba21c/förslagsrutor reservations text/0/1548767687732'; -aw-sdt-title:'förslagsrutor reservations text'"&gt; &lt;/span&gt;
				&lt;/p&gt;
			&lt;/div&gt;
			&lt;p class="R3"&gt;
				&lt;span&gt;Riksrevisionens granskningsrapport&lt;/span&gt;
			&lt;/p&gt;
			&lt;p&gt;
				&lt;span&gt;I granskningsrapporten undersök&lt;/span&gt;&lt;span&gt;er Riksrevisionen&lt;/span&gt;&lt;span&gt; om staten har skapat &lt;/span&gt;&lt;span&gt;rimliga &lt;/span&gt;&lt;span&gt;förutsättningar för kommuner&lt;/span&gt;&lt;span&gt;na&lt;/span&gt;&lt;span&gt; att redovisa sina overheadkostnader&lt;/span&gt;&lt;span&gt; (&lt;/span&gt;&lt;span&gt;OH-kostnader&lt;/span&gt;&lt;span&gt;), &lt;/span&gt;&lt;span&gt;dvs. kostnader för gemensamma aktiviteter som t.ex. kommun- och förvaltningsledning, central administration, juridik, arkiv och telefonväxel&lt;/span&gt;&lt;span&gt;,&lt;/span&gt;&lt;span&gt; så att räkenskapssammandraget blir ett tillförlitligt underlag för kommunjämförelser. &lt;/span&gt;
			&lt;/p&gt;
			&lt;p class="NormalIndent"&gt;
				&lt;span&gt;Enligt Riksrevisionen är inrapporteringen av OH-kostnader en utmanande uppgift för kommunerna. På kommunnivå uppgick dessa kostnader till 44,62 miljarder kronor 2016&lt;/span&gt;&lt;span&gt;,&lt;/span&gt;&lt;span&gt; medan de på &lt;/span&gt;&lt;span&gt;förvaltningsnivå är okända till sin storlek. &lt;/span&gt;
			&lt;/p&gt;
			&lt;p class="NormalIndent"&gt;
				&lt;span&gt;OH-kostnader &lt;/span&gt;&lt;span&gt;rapporteras in&lt;/span&gt;&lt;span&gt; genom att varje kommun laddar ne&lt;/span&gt;&lt;span&gt;d&lt;/span&gt;&lt;span&gt; en Excelblankett från SCB, fyller i uppgifter om intäkter och kostnader och skickar filen till SCB. Denna inrapportering resulterar i det s.k. &lt;/span&gt;&lt;span&gt;r&lt;/span&gt;&lt;span&gt;äkenskapssammandraget som är statens viktigaste källa till information om kommunernas ekonomiska situation och utveckling. Räkenskaps&lt;/span&gt;&lt;span&gt;-&lt;/span&gt;&lt;span&gt;sammandraget&lt;/span&gt;&lt;span&gt;,&lt;/span&gt;&lt;span&gt; som huvudsakligen utgör underlag för nationalräkenskaperna&lt;/span&gt;&lt;span&gt;,&lt;/span&gt;&lt;span&gt; har enligt Riksrevisionen också kommit att utgöra det huvudsakliga underlaget för &lt;/span&gt;&lt;span&gt;jämförelser av kostnadseffektivitet mellan &lt;/span&gt;&lt;span&gt;kommun&lt;/span&gt;&lt;span&gt;er&lt;/span&gt;&lt;span&gt;. För att underlaget ska tjäna detta syfte krävs enligt Riksrevisionen att principerna för inrapporteringen till &lt;/span&gt;&lt;span&gt;räkenskapssammandraget&lt;/span&gt;&lt;span&gt; blir rättvisande även då kommunerna är olika organiserade.&lt;/span&gt;
			&lt;/p&gt;
			&lt;p class="NormalIndent"&gt;
				&lt;span&gt;I den granskning som görs &lt;/span&gt;&lt;span&gt;fokuserar &lt;/span&gt;&lt;span&gt;Riksrevisionen &lt;/span&gt;&lt;span&gt;på &lt;/span&gt;&lt;span&gt;följande &lt;/span&gt;&lt;span&gt;tre områden: &lt;/span&gt;
			&lt;/p&gt;
			&lt;p class="Punktlistabomb" style="margin-left:14.2pt; margin-bottom:0pt; text-indent:-14.2pt"&gt;
				&lt;span style="font-family:'Verdana'; font-size:10pt"&gt;•&lt;/span&gt;&lt;span style="font:7.0pt 'Verdana'"&gt;       &lt;/span&gt;&lt;span&gt;k&lt;/span&gt;&lt;span&gt;ommunernas generella förutsättningar att fördela OH-kostnader &lt;/span&gt;
			&lt;/p&gt;
			&lt;p class="Punktlistabomb" style="margin-top:0pt; margin-left:14.2pt; margin-bottom:0pt; text-indent:-14.2pt"&gt;
				&lt;span style="font-family:'Verdana'; font-size:10pt"&gt;•&lt;/span&gt;&lt;span style="font:7.0pt 'Verdana'"&gt;       &lt;/span&gt;&lt;span&gt;k&lt;/span&gt;&lt;span&gt;ommunernas förutsättningar att redovisa OH-kostnader för insatser enligt lagen (1993:387) om stöd och service till vissa funktionshindrade&lt;/span&gt;&lt;span&gt;, förkortad &lt;/span&gt;&lt;span&gt;(LSS) &lt;/span&gt;
			&lt;/p&gt;
			&lt;p class="Punktlistabomb" style="margin-top:0pt; margin-left:14.2pt; text-indent:-14.2pt"&gt;
				&lt;span style="font-family:'Verdana'; font-size:10pt"&gt;•&lt;/span&gt;&lt;span style="font:7.0pt 'Verdana'"&gt;       &lt;/span&gt;&lt;span&gt;k&lt;/span&gt;&lt;span&gt;ommunernas förutsättningar att fördela OH-kostnader så att kommunjämförelser blir tillförlitliga oavsett hur verksamheten fördelas mellan egen och alternativ regi. &lt;/span&gt;
			&lt;/p&gt;
			&lt;p class="R4"&gt;
				&lt;span&gt;Granskningens resultat och Riksrevisionens rekommendationer till regeringen och SCB&lt;/span&gt;
			&lt;/p&gt;
			&lt;p&gt;
				&lt;span&gt;Riksrevisionen konstaterar att flera kommuner väljer att fördela OH-kostnader efter lokala fördelningsprinciper trots att SCB erbjuder kommunerna en fördelningsnyckel vid fördelning av OH-kostnader på kommunnivå. Enligt Riksrevisionen har det inte fått någon betydande inverkan på kostnadsutfallet i redovisningen. Däremot kan det ha påverkat tilltron till jämförbarheten i data från RS, vilket också indikerats i bl.a. rapporter av internationella experter och i svaren från Riksrevisionens enkät till kommuner&lt;/span&gt;&lt;span&gt;na&lt;/span&gt;&lt;span&gt;. &lt;/span&gt;
			&lt;/p&gt;
			&lt;p class="NormalIndent"&gt;
				&lt;span&gt;N&lt;/span&gt;&lt;span&gt;är det gäller fördelning av OH-kostnader på förvaltningsnivå&lt;/span&gt;&lt;span&gt; erbjuder SCB inte någon &lt;/span&gt;&lt;span&gt;fördelningsnyckel&lt;/span&gt;&lt;span&gt;, vilket betyder att kommunerna måste konstruera egna nycklar. Riksrevisionen menar att det skapar en risk för omotiverade skillnader i redovisningen och att kommunerna får en onödigt stor redovisningsbörda.&lt;/span&gt;
			&lt;/p&gt;
			&lt;p class="NormalIndent"&gt;
				&lt;span&gt;Riksrevisionen&lt;/span&gt;&lt;span&gt; gör vidare bedömningen att en &lt;/span&gt;&lt;span&gt;kommun avsiktligt eller oavsiktligt &lt;/span&gt;&lt;span&gt;kan &lt;/span&gt;&lt;span&gt;påverka sitt utfall i LSS-utjämningen genom fördelningen av OH-kostnader. Statens utjämningssystem för kommunernas kostnader för LSS innebär att kommuner med lägre LSS-kostnader delvis kompenserar de&lt;/span&gt;&lt;span&gt;m&lt;/span&gt;&lt;span&gt; som har högre LSS-kostnader. Riksrevisionen menar att det finns en risk att kommunerna redovisar oskäligt höga OH-kostnader för LSS &lt;/span&gt;&lt;span&gt;för&lt;/span&gt;&lt;span&gt; att få ett bättre utfall i LSS-utjämningen.&lt;/span&gt;
			&lt;/p&gt;
			&lt;p class="NormalIndent"&gt;
				&lt;span&gt;Enligt Riksrevisionen är SCB:s normering för hur OH-kostnader ska redovisas för verksamhet som köps av alternativa utförare delvis motstridig. För de 239 kommuner som använder SCB-nyckeln för fördelning av OH-kostnader får verksamheter i egen regi även bära den administrationskostnad som genererats av verksamhet som köpts av alternativa utförare. På kommunnivå kan kommuner undvika detta problem genom att använda egna fördelningsnycklar. Enligt Riksrevisionen är SCB:s uppfattning att kostnadsredovisningen av köp endast ska inkludera själva köpbeloppet och inte OH-kostnaden för köpet oavsett om &lt;/span&gt;&lt;span&gt;köpet &lt;/span&gt;&lt;span&gt;administr&lt;/span&gt;&lt;span&gt;eras &lt;/span&gt;&lt;span&gt;på kommun- eller förvaltningsnivå. Detta innebär att kommunerna inte kan föra OH-kostnaderna till den driftsform som gett upphov till dem.&lt;/span&gt;
			&lt;/p&gt;
			&lt;p class="NormalIndent"&gt;
				&lt;span&gt;Med anledning av granskningen lämnar Riksrevisionen följande fyra rekommendationer till regeringen och SCB:&lt;/span&gt;
			&lt;/p&gt;
			&lt;p class="Punktlistabomb" style="margin-left:14.2pt; margin-bottom:0pt; text-indent:-14.2pt"&gt;
				&lt;span style="font-family:'Verdana'; font-size:10pt"&gt;•&lt;/span&gt;&lt;span style="font:7.0pt 'Verdana'"&gt;       &lt;/span&gt;&lt;span&gt;Regeringen bör ge SCB i uppdrag att utveckla &lt;/span&gt;&lt;span&gt;räkenskapssammandraget&lt;/span&gt;&lt;span&gt; så att OH-kostnaderna på förvaltningsnivå i ett första steg kan särredovisas och i ett andra steg kan fördelas med en riksgemensam fördelningsnyckel.&lt;/span&gt;
			&lt;/p&gt;
			&lt;p class="Punktlistabomb" style="margin-top:0pt; margin-left:14.2pt; margin-bottom:0pt; text-indent:-14.2pt"&gt;
				&lt;span style="font-family:'Verdana'; font-size:10pt"&gt;•&lt;/span&gt;&lt;span style="font:7.0pt 'Verdana'"&gt;       &lt;/span&gt;&lt;span&gt;Regeringen bör ge SCB i uppdrag att se över principerna för redovisning av OH-kostnader för köp av verksamhet, så att myndigheternas normering följer den övergripande redovisningsprincipen för &lt;/span&gt;&lt;span&gt;räkenskapssammandraget&lt;/span&gt;&lt;span&gt;.&lt;/span&gt;
			&lt;/p&gt;
			&lt;p class="Punktlistabomb" style="margin-top:0pt; margin-left:14.2pt; margin-bottom:0pt; text-indent:-14.2pt"&gt;
				&lt;span style="font-family:'Verdana'; font-size:10pt"&gt;•&lt;/span&gt;&lt;span style="font:7.0pt 'Verdana'"&gt;       &lt;/span&gt;&lt;span&gt;SCB bör verka för att samtliga kommuner går över till SCB-nyckeln.&lt;/span&gt;
			&lt;/p&gt;
			&lt;p class="Punktlistabomb" style="margin-top:0pt; margin-left:14.2pt; text-indent:-14.2pt"&gt;
				&lt;span style="font-family:'Verdana'; font-size:10pt"&gt;•&lt;/span&gt;&lt;span style="font:7.0pt 'Verdana'"&gt;       &lt;/span&gt;&lt;span&gt;SCB bör så länge SCB-nyckeln &lt;/span&gt;&lt;span&gt;är&lt;/span&gt;&lt;span&gt; valbar göra särskilda uppföljningar av hur OH-kostnader på kommunnivå fördelas på LSS-verksamheter.&lt;/span&gt;
			&lt;/p&gt;
			&lt;p class="R3"&gt;
				&lt;span&gt;Regeringens svarsskrivelse&lt;/span&gt;
			&lt;/p&gt;
			&lt;p&gt;
				&lt;span&gt;Regeringen instämmer i huvudsak i Riksrevisionens bedömningar.&lt;/span&gt;
			&lt;/p&gt;
			&lt;p class="NormalIndent"&gt;
				&lt;span&gt;Enligt regeringen har staten ett övergripande ansvar för hela den offentliga sektorn och därmed för &lt;/span&gt;&lt;span&gt;att &lt;/span&gt;&lt;span&gt;relevant statistik om förhållanden som rör ekonomi och verksamhet i kommuner och landsting finns tillgänglig.&lt;/span&gt;
			&lt;/p&gt;
			&lt;p class="NormalIndent"&gt;
				&lt;span&gt;När det gäller räkenskapssammandraget är r&lt;/span&gt;&lt;span&gt;egeringens uppfattning att det överordnade syftet &lt;/span&gt;&lt;span&gt;är att det ska &lt;/span&gt;&lt;span&gt;vara ett statistiskt underlag för nationalräkenskaperna.&lt;/span&gt;&lt;span&gt; &lt;/span&gt;
			&lt;/p&gt;
			&lt;p class="NormalIndent"&gt;
				&lt;span&gt;Enligt regeringen har SCB under senare år&lt;/span&gt;&lt;span&gt; &lt;/span&gt;&lt;span&gt;vidtagit flera åtgärder för att förbättra räkenskapssammandragets tillförlitlighet&lt;/span&gt;&lt;span&gt;, &lt;/span&gt;&lt;span&gt;bl.a. &lt;/span&gt;&lt;span&gt;när det gäller u&lt;/span&gt;&lt;span&gt;ppgiftslämnarbördan och tidigareläggning av publicering. &lt;/span&gt;
			&lt;/p&gt;
			&lt;p class="NormalIndent"&gt;
				&lt;span&gt;Regeringen instämmer i Riksrevisionens bedömning att kommunernas &lt;/span&gt;&lt;span&gt;möjlighet&lt;/span&gt;&lt;span&gt; att fördela gemensamma kostnader på olika organisatoriska nivåer gör att det finns viss osäkerhet i jämförbarheten mellan kommunernas kostnadsuppgifter för olika verksamheter i räkenskapssammandraget.&lt;/span&gt;&lt;span&gt; &lt;/span&gt;&lt;span&gt;Osäkerheten i jämförbarhet uppstår till följd av att kommunerna kan bedriva sin verksamhet på olika sätt, antingen i egen förvaltning eller i bolag. Möjligheten att organisera verksamheten på ett sätt som kommunen finner ändamålsenligt &lt;/span&gt;&lt;span&gt;är&lt;/span&gt;&lt;span&gt; enligt regeringen en del av det kommunala självstyret som regleras i regeringsformen. Regeringen anser att kommunernas interna redovisningar främst ska vara anpassade till de egna lokala förutsättningarna, där fullmäktiges och kommunstyrelsens möjligheter att följa upp och styra verksamheten är överordnad&lt;/span&gt;&lt;span&gt;e&lt;/span&gt;&lt;span&gt;.&lt;/span&gt;
			&lt;/p&gt;
			&lt;p class="NormalIndent"&gt;
				&lt;span&gt;Regeringen instämmer inte i Riksrevisionens bedömning att &lt;/span&gt;&lt;span&gt;SCB bör få i &lt;/span&gt;&lt;span&gt;uppdrag att utveckla räkenskapssammandraget så att OH-kostnader på förvaltningsnivå i ett första steg kan särredovisas och i ett andra steg kan fördelas med en riksgemensam fördelningsnyckel. &lt;/span&gt;
			&lt;/p&gt;
			&lt;p class="NormalIndent"&gt;
				&lt;span&gt;Regeringen instämmer inte heller i Riksrevisionens bedömning att &lt;/span&gt;&lt;span&gt;SCB bör få i &lt;/span&gt;&lt;span&gt;uppdrag att se över principerna för redovisning av OH-kostnader för köp av verksamhet så att myndighetens normering följer den övergripande redovisningsprincipen för räkenskapssammandraget.&lt;/span&gt;
			&lt;/p&gt;
			&lt;p class="NormalIndent"&gt;
				&lt;span&gt;I skrivelsen framhåller regeringen &lt;/span&gt;&lt;span&gt;SCB:s regleringsbrev för budgetåret 2018&lt;/span&gt;&lt;span&gt;, &lt;/span&gt;&lt;span&gt;av&lt;/span&gt;&lt;span&gt; vilket det framgår att &lt;/span&gt;&lt;span&gt;myndigheten bl.a. &lt;/span&gt;&lt;span&gt;ska &lt;/span&gt;&lt;span&gt;m&lt;/span&gt;&lt;span&gt;inska &lt;/span&gt;&lt;span&gt;kostnaderna för uppgiftslämnandet till statistiken. Myndigheten ska också samråda med viktiga användare innan väsentliga förändringar av statistikens innehåll och omfattning genomförs. Utifrån användarnas behov utvecklar SCB undersökningen löpande. Om SCB efter utredning bedömer att det är lämpligt att gå vidare, kan SCB göra det utan något ytterligare uppdrag från regeringen.&lt;/span&gt;
			&lt;/p&gt;
			&lt;p class="NormalIndent"&gt;
				&lt;span&gt;Eftersom räkenskapssammandraget används för kommunjämförelser och det &lt;/span&gt;&lt;span&gt;råder&lt;/span&gt;&lt;span&gt; viss osäkerhet &lt;/span&gt;&lt;span&gt;om&lt;/span&gt;&lt;span&gt; jämförbarhet mellan uppgifterna i detta är det regeringens uppfattning att det är viktigt att vid jämförelser ta hänsyn till på vilket sätt kommunerna valt att organisera sin&lt;/span&gt;&lt;span&gt;a&lt;/span&gt;&lt;span&gt; verksamhet&lt;/span&gt;&lt;span&gt;er&lt;/span&gt;&lt;span&gt;. Regeringen anser dock att det överordnade syftet med räkenskapssammandraget är att utgöra ett underlag för nationalräkenskaperna och inte &lt;/span&gt;&lt;span&gt;att &lt;/span&gt;&lt;span&gt;använd&lt;/span&gt;&lt;span&gt;as&lt;/span&gt;&lt;span&gt; för kommunjämförelser. Regeringen avser mot den bakgrunden samt mot &lt;/span&gt;&lt;span&gt;bakgrund av det pågående arbetet inom SCB för närvarande inte &lt;/span&gt;&lt;span&gt;att &lt;/span&gt;&lt;span&gt;vidta någon åtgärd med anledning av Riksrevisionens iakttagelser. Regeringen kommer dock &lt;/span&gt;&lt;span&gt;att &lt;/span&gt;&lt;span&gt;fortsätta att följa utvecklingen av räkenskapssammandraget och vid behov vidta ytterligare åtgärder &lt;/span&gt;&lt;span&gt;för att&lt;/span&gt;&lt;span&gt; säkerställa att uppgifterna är tillförlitliga och transparenta.&lt;/span&gt;
			&lt;/p&gt;
			&lt;p class="NormalIndent"&gt;
				&lt;span&gt;I och med skrivelsen anser regeringen att granskningsrapporten är slutbehandlad.&lt;/span&gt;
			&lt;/p&gt;
			&lt;p class="R3"&gt;
				&lt;span&gt;Utskottets ställningstagande&lt;/span&gt;
			&lt;/p&gt;
			&lt;p&gt;
				&lt;span&gt;Utskottet delar regeringens bedömning att det överordnade syftet med räkenskapssammandraget är att det ska &lt;/span&gt;&lt;span&gt;vara ett statistiskt underlag för nationalräkenskaperna&lt;/span&gt;&lt;span&gt;. Utskottet konstaterar att SCB på uppdrag &lt;/span&gt;&lt;span&gt;av&lt;/span&gt;&lt;span&gt; regeringen har vidtagit flera åtgärder för att förbättra räkenskaps&lt;/span&gt;&lt;span&gt;-&lt;/span&gt;&lt;span&gt;sammandragets tillförlitlighet. &lt;/span&gt;&lt;span&gt;SCB &lt;/span&gt;&lt;span&gt;har också &lt;/span&gt;&lt;span&gt;fått i uppdrag att samråda med viktiga användare innan förändringar av statistikens innehåll och omfattning genomförs. &lt;/span&gt;&lt;span&gt;O&lt;/span&gt;&lt;span&gt;m SCB därefter finner det lämpligt att gå vidare, kan myndigheten göra det utan ytterligare uppdrag från regeringen. &lt;/span&gt;
			&lt;/p&gt;
			&lt;p class="NormalIndent"&gt;
				&lt;span&gt;Utskottet välkomnar regeringens avsikt att fortsätta följa utvecklingen av räkenskapssammandraget och vid behov vidta ytterligare åtgärder för att säkerställa att uppgifterna är tillförlitliga och transparenta.&lt;/span&gt;
			&lt;/p&gt;
			&lt;p class="NormalIndent"&gt;
				&lt;span&gt;Med det anförda &lt;/span&gt;&lt;span&gt;föreslår &lt;/span&gt;&lt;span&gt;utskottet &lt;/span&gt;&lt;span&gt;att regeringens &lt;/span&gt;&lt;span&gt;skrivelse &lt;/span&gt;&lt;span&gt;2017/18:293 läggs till &lt;/span&gt;&lt;span&gt;handlingarna.&lt;/span&gt;
			&lt;/p&gt;
			&lt;h2 style="-aw-sdt-tag:a1fe21eb-397b-45ff-baed-0bd669e3bdd2/förslagsrutor/1994502944/1549542486182; -aw-sdt-title:förslagsrutor"&gt;
				&lt;a name="_Toc4494667"&gt;&lt;span&gt;Riksrevisionens rapport om räkenskapssammandragets tillförlitlighet&lt;/span&gt;&lt;/a&gt;
			&lt;/h2&gt;
			&lt;div style="border-bottom-color:#000000; border-bottom-style:solid; border-bottom-width:0.75pt; border-left-color:#000000; border-left-style:solid; border-left-width:0.75pt; border-right-color:#000000; border-right-style:solid; border-right-width:0.75pt; border-top-color:#000000; border-top-style:solid; border-top-width:0.75pt; clear:both; margin:3.1pt 0.9pt 0pt"&gt;
				&lt;p class="Normalrutafet" style="margin:0pt; padding-right:4pt; padding-left:4pt"&gt;
					&lt;span style="-aw-bookmark-end:_Toc4494667"&gt;&lt;/span&gt;&lt;span&gt;Utskottets förslag i korthet&lt;/span&gt;
				&lt;/p&gt;
				&lt;p class="Normalruta" style="margin:0pt; padding-right:4pt; padding-left:4pt; padding-bottom:4pt"&gt;
					&lt;span&gt;Riksdagen&lt;/span&gt;&lt;span&gt; lägger &lt;/span&gt;&lt;span&gt;regeringens &lt;/span&gt;&lt;span&gt;skrivelse&lt;/span&gt;&lt;span&gt; Riksrevisionens rapport om räkenskapssammandragets tillförlitlighet &lt;/span&gt;&lt;span&gt;till handlingarna.&lt;/span&gt;
				&lt;/p&gt;
			&lt;/div&gt;
			&lt;p class="Mellanrum"&gt;
				&lt;span&gt; &lt;/span&gt;
			&lt;/p&gt;
			&lt;p class="R3"&gt;
				&lt;span&gt;R&lt;/span&gt;&lt;span&gt;iksrevisionens granskningsrapport&lt;/span&gt;
			&lt;/p&gt;
			&lt;p&gt;
				&lt;span&gt;I r&lt;/span&gt;&lt;span&gt;äkenskapssammandraget är det resultat- och balansräkningen som utgör det viktigaste underlaget för beräkningen av nationalräkenskaperna, som i sin tur utgör ett centralt underlag för regering&lt;/span&gt;&lt;span&gt;ens&lt;/span&gt;&lt;span&gt; finanspolitik. Uppgifterna används i regeringens budgetpropositioner men även för finansiella nyckeltal och inrapportering till EU:s statistikorgan Eurostat. Det bedöms därför som viktigt att uppgifterna är tillförlitliga. &lt;/span&gt;&lt;span&gt;I granskningsrapporte&lt;/span&gt;&lt;span&gt;n&lt;/span&gt;&lt;span&gt; undersöker Riksrevisionen tillförlitligheten i &lt;/span&gt;&lt;span&gt;räkenskapssammandraget&lt;/span&gt;&lt;span&gt; för kommuner. &lt;/span&gt;
			&lt;/p&gt;
			&lt;p class="NormalIndent"&gt;
				&lt;span&gt;Motivet till granskningen är att det saknas kunskap om risken för fel vid inrapporteringen av uppgifter till &lt;/span&gt;&lt;span&gt;räkenskapssammandraget&lt;/span&gt;&lt;span&gt; då överensstämmelsen mellan &lt;/span&gt;&lt;span&gt;kommunernas årsredovisning &lt;/span&gt;&lt;span&gt;och &lt;/span&gt;&lt;span&gt;räkenskapssammandraget&lt;/span&gt;&lt;span&gt; aldrig kontrollerats systematiskt&lt;/span&gt;&lt;span&gt;. Det bedöms också &lt;/span&gt;&lt;span&gt;finnas skäl &lt;/span&gt;&lt;span&gt;att ifrågasätta hur tillförlitliga &lt;/span&gt;&lt;span&gt;årsredovisning&lt;/span&gt;&lt;span&gt;en&lt;/span&gt;&lt;span&gt; är som källa &lt;/span&gt;&lt;span&gt;för resultat- och balansräkningen i &lt;/span&gt;&lt;span&gt;räkenskapssammandraget&lt;/span&gt;&lt;span&gt;,&lt;/span&gt;&lt;span&gt; bl.a. mot bakgrund av att det saknas sanktionsmöjligheter när redovisningsskyldiga trotsar gällande lag och normering. Vidare bedöms justering av underliggande resultat&lt;/span&gt;&lt;span&gt;,&lt;/span&gt;&lt;span&gt; s.k. resultatjustering&lt;/span&gt;&lt;span&gt;,&lt;/span&gt;&lt;span&gt; kunna utgöra en felkälla i &lt;/span&gt;&lt;span&gt;räkenskapssammandraget&lt;/span&gt;&lt;span&gt;.&lt;/span&gt;
			&lt;/p&gt;
			&lt;p class="NormalIndent"&gt;
				&lt;span&gt;SCB:s bedömning är att uppgifterna i &lt;/span&gt;&lt;span&gt;räkenskapssammandraget&lt;/span&gt;&lt;span&gt;s&lt;/span&gt;&lt;span&gt; balans- och resultaträkning har hög tillförlitlighet&lt;/span&gt;&lt;span&gt;,&lt;/span&gt;&lt;span&gt; &lt;/span&gt;&lt;span&gt;d&lt;/span&gt;&lt;span&gt;etta som en följd av att uppgifterna är en summering av motsvarande uppgifter i &lt;/span&gt;&lt;span&gt;årsredovisningen&lt;/span&gt;&lt;span&gt; och att kommunernas &lt;/span&gt;&lt;span&gt;årsredovisningar&lt;/span&gt;&lt;span&gt; enligt SCB är tillförlitliga. Riksrevisionen anser att grunden för dessa antaganden varit otillräckligt belyst&lt;/span&gt;&lt;span&gt;,&lt;/span&gt;&lt;span&gt; och &lt;/span&gt;&lt;span&gt;revisionen &lt;/span&gt;&lt;span&gt;har därför undersökt om staten vidtagit tillräckliga åtgärder för att säkerställa att resultat- och balansräkningen i &lt;/span&gt;&lt;span&gt;räkenskapssammandraget&lt;/span&gt;&lt;span&gt; är tillförlitlig. De två huvudsakliga frågeställningarna är&lt;/span&gt;&lt;span&gt;:&lt;/span&gt;
			&lt;/p&gt;
			&lt;p class="Punktlistabomb" style="margin-left:14.2pt; margin-bottom:0pt; text-indent:-14.2pt"&gt;
				&lt;span style="font-family:'Verdana'; font-size:10pt"&gt;•&lt;/span&gt;&lt;span style="font:7.0pt 'Verdana'"&gt;       &lt;/span&gt;&lt;span&gt;Har &lt;/span&gt;&lt;span&gt;SCB gjort tillräckligt för att validera överensstämmelsen mellan &lt;/span&gt;&lt;span&gt;årsredovisningen&lt;/span&gt;&lt;span&gt; och &lt;/span&gt;&lt;span&gt;räkenskapssammandraget&lt;/span&gt;&lt;span&gt;?&lt;/span&gt;&lt;span&gt; &lt;/span&gt;
			&lt;/p&gt;
			&lt;p class="Punktlistabomb" style="margin-top:0pt; margin-left:14.2pt; text-indent:-14.2pt"&gt;
				&lt;span style="font-family:'Verdana'; font-size:10pt"&gt;•&lt;/span&gt;&lt;span style="font:7.0pt 'Verdana'"&gt;       &lt;/span&gt;&lt;span&gt;Har &lt;/span&gt;&lt;span&gt;staten har gjort tillräckligt för att begränsa kommunal resultat&lt;/span&gt;&lt;span&gt;justering&lt;/span&gt;&lt;span&gt;?&lt;/span&gt;&lt;span&gt; &lt;/span&gt;
			&lt;/p&gt;
			&lt;p class="R4"&gt;
				&lt;span&gt;Granskningens resultat och Riksrevisionens rekommendationer till regeringen och SCB&lt;/span&gt;
			&lt;/p&gt;
			&lt;p&gt;
				&lt;span&gt;Riksrevisionen konstaterar att &lt;/span&gt;&lt;span&gt;det finns &lt;/span&gt;&lt;span&gt;påtagliga avvikelser mellan &lt;/span&gt;&lt;span&gt;årsredovisningen&lt;/span&gt;&lt;span&gt; och &lt;/span&gt;&lt;span&gt;räkenskapssammandraget&lt;/span&gt;&lt;span&gt; vissa år och för vissa poster,&lt;/span&gt;&lt;span&gt; &lt;/span&gt;&lt;span&gt;t.ex&lt;/span&gt;&lt;span&gt;.&lt;/span&gt;&lt;span&gt; &lt;/span&gt;&lt;span&gt;poster som &lt;/span&gt;&lt;span&gt;årets resultat före extraordinära poster, av- och nedskrivningar samt årets resultat&lt;/span&gt;&lt;span&gt;, d&lt;/span&gt;&lt;span&gt;etta trots att uppgifterna i &lt;/span&gt;&lt;span&gt;räkenskapssammandraget&lt;/span&gt;&lt;span&gt; handlar om att föra över uppgifter som redan är framtagna inom ramen för kommunernas bokslutsarbete. &lt;/span&gt;&lt;span&gt;Avvikelserna bedöms vara så omfattande att man inte kan utesluta negativa konsekvenser för de aktörer som använder uppgifterna från resultat- och balansräkningen i &lt;/span&gt;&lt;span&gt;räkenskapssammandraget&lt;/span&gt;&lt;span&gt;.&lt;/span&gt;
			&lt;/p&gt;
			&lt;p class="NormalIndent"&gt;
				&lt;span&gt;Riksrevisionen konstaterar också att m&lt;/span&gt;&lt;span&gt;ånga kommuner &lt;/span&gt;&lt;span&gt;inte ställer upp &lt;/span&gt;&lt;span&gt;sin årsredovisning som lagen &lt;/span&gt;&lt;span&gt;(1997:614) &lt;/span&gt;&lt;span&gt;om kommunal redovis&lt;/span&gt;&lt;span&gt;ning&lt;/span&gt;&lt;span&gt;, förkortad&lt;/span&gt;&lt;span&gt; &lt;/span&gt;&lt;span&gt;(KRL)&lt;/span&gt;&lt;span&gt;,&lt;/span&gt;&lt;span&gt; &lt;/span&gt;&lt;span&gt;föreskriver&lt;/span&gt;&lt;span&gt;.&lt;/span&gt;
			&lt;/p&gt;
			&lt;p class="NormalIndent"&gt;
				&lt;span&gt;Enligt &lt;/span&gt;&lt;span&gt;Eurostats riktlinjer &lt;/span&gt;&lt;span&gt;ska källdata &lt;/span&gt;&lt;span&gt;validera&lt;/span&gt;&lt;span&gt;s&lt;/span&gt;&lt;span&gt; regelbundet&lt;/span&gt;&lt;span&gt;, men SCB har aldrig validerat överensstämmelsen mellan &lt;/span&gt;&lt;span&gt;årsredovisningar&lt;/span&gt;&lt;span&gt; och &lt;/span&gt;&lt;span&gt;räkenskapssammandraget&lt;/span&gt;&lt;span&gt;. &lt;/span&gt;&lt;span&gt;SCB menar att det ligger i myndighetens roll att kontrollera den interna samstämmigheten &lt;/span&gt;&lt;span&gt;i inrapporterade uppgifter och att på olika sätt underlätta för kommuner att rapportera in korrekta uppgifter. &lt;/span&gt;&lt;span&gt;Kommunernas revisorer har möjlighet att granska inrapporteringen&lt;/span&gt;&lt;span&gt;,&lt;/span&gt;&lt;span&gt; men i praktiken är sådan granskning sällsynt.&lt;/span&gt;&lt;span&gt; Eftersom SCB utgått från att överensstämmelsen är god har heller inga särskilda åtgärder vidtagits för att stärka &lt;/span&gt;&lt;span&gt;den&lt;/span&gt;&lt;span&gt;.&lt;/span&gt;&lt;span&gt; En&lt;/span&gt;&lt;span&gt;ligt Riksrevisionen skulle en &lt;/span&gt;&lt;span&gt;lämplig metod &lt;/span&gt;&lt;span&gt;kunna vara att införa revisorsintyg.&lt;/span&gt;
			&lt;/p&gt;
			&lt;p class="NormalIndent"&gt;
				&lt;span&gt;N&lt;/span&gt;&lt;span&gt;är det gäller frågan om staten &lt;/span&gt;&lt;span&gt;har &lt;/span&gt;&lt;span&gt;gjort tillräckligt för att begränsa kommunal&lt;/span&gt;&lt;span&gt;a&lt;/span&gt;&lt;span&gt; resultatjustering&lt;/span&gt;&lt;span&gt;ar, dvs. att kommuner&lt;/span&gt;&lt;span&gt;na&lt;/span&gt;&lt;span&gt; &lt;/span&gt;&lt;span&gt;justerar upp eller ne&lt;/span&gt;&lt;span&gt;d&lt;/span&gt;&lt;span&gt; &lt;/span&gt;&lt;span&gt;sina resultat genom att i redovisningen justera överskott och underskott&lt;/span&gt;&lt;span&gt;, &lt;/span&gt;&lt;span&gt;bekräftar undersökningen enligt Riksrevisionen resultat från tidigare studier. Resultatjustering har förekommit varje år under perioden 2012–2016. Trots att konjunkturen varit stark har relativt många kommuner ökat sina resultat i redovisningen. En något mindre andel kommuner har i stället minskat sina resultat. Enligt Riksrevisionen neutraliserar de två strategierna delvis varandra i den riksövergripande statistiken.&lt;/span&gt;
			&lt;/p&gt;
			&lt;p class="NormalIndent"&gt;
				&lt;span&gt;Den resultatjustering som har identifierats tyder enligt Riksrevisionen på att justering&lt;/span&gt;&lt;span&gt;en&lt;/span&gt;&lt;span&gt; har försvagat tillförlitligheten i &lt;/span&gt;&lt;span&gt;räkenskapssammandragets&lt;/span&gt;&lt;span&gt; resultat- och balansräkning. &lt;/span&gt;&lt;span&gt;Det bedöms däremot inte som &lt;/span&gt;&lt;span&gt;troligt att den har förändrat den övergripande bilden av den ekonomiska situationen i kommunsektorn.&lt;/span&gt;
			&lt;/p&gt;
			&lt;p class="NormalIndent"&gt;
				&lt;span&gt;Enligt Riksrevisionen är det svårt att följa upp hur möjligheten att reservera medel i s.k. resultatutjämningsreserver (RUR) har tillämpats. Detta beror enligt revisionen dels på att uppgifter i &lt;/span&gt;&lt;span&gt;räkenskapssammandragets&lt;/span&gt;&lt;span&gt; resultaträkning inte överensstämmer med uppgifter i &lt;/span&gt;&lt;span&gt;räkenskapssammandragets&lt;/span&gt;&lt;span&gt; balansräkning, dels på att uppgifter i kommunernas &lt;/span&gt;&lt;span&gt;årsredovisningar&lt;/span&gt;&lt;span&gt; ibland avviker från båda dessa delar av &lt;/span&gt;&lt;span&gt;räkenskapssammandraget&lt;/span&gt;&lt;span&gt;.&lt;/span&gt;
			&lt;/p&gt;
			&lt;p class="NormalIndent"&gt;
				&lt;span&gt;Enligt Riksrevisionen har RUR fått brett genomslag hos kommunerna men tycks inte ha minskat resultatjusteringens omfattning. Kommuner som infört RUR har förvisso justerat resultaten i mindre utsträckning, men detta tycks bero på andra faktorer än RUR, enligt Riksrevisionen.&lt;/span&gt;
			&lt;/p&gt;
			&lt;p class="NormalIndent"&gt;
				&lt;span&gt;Med anledning av granskningen lämnar Riksrevisionen följande rekommendationer till SCB:&lt;/span&gt;
			&lt;/p&gt;
			&lt;p class="Punktlistabomb" style="margin-left:14.2pt; margin-bottom:0pt; text-indent:-14.2pt"&gt;
				&lt;span style="font-family:'Verdana'; font-size:10pt"&gt;•&lt;/span&gt;&lt;span style="font:7.0pt 'Verdana'"&gt;       &lt;/span&gt;&lt;span&gt;SCB bör vidta åtgärder för att regelbundet validera överensstämmelsen mellan &lt;/span&gt;&lt;span&gt;årsredovisning&lt;/span&gt;&lt;span&gt;en&lt;/span&gt;&lt;span&gt; och &lt;/span&gt;&lt;span&gt;räkenskapssammandrag&lt;/span&gt;&lt;span&gt;. Revisorsintyg kan enligt Riksrevisionen vara en lämplig åtgärd.&lt;/span&gt;
			&lt;/p&gt;
			&lt;p class="Punktlistabomb" style="margin-top:0pt; margin-left:14.2pt; margin-bottom:0pt; text-indent:-14.2pt"&gt;
				&lt;span style="font-family:'Verdana'; font-size:10pt"&gt;•&lt;/span&gt;&lt;span style="font:7.0pt 'Verdana'"&gt;       &lt;/span&gt;&lt;span&gt;SCB bör införa automatiska kontroller för att säkerställa att uppgifterna om RUR är samstämmiga mellan resultat- och balansräkningen i &lt;/span&gt;&lt;span&gt;räkenskapssammandraget&lt;/span&gt;&lt;span&gt;.&lt;/span&gt;
			&lt;/p&gt;
			&lt;p class="Punktlistabomb" style="margin-top:0pt; margin-left:14.2pt; text-indent:-14.2pt"&gt;
				&lt;span style="font-family:'Verdana'; font-size:10pt"&gt;•&lt;/span&gt;&lt;span style="font:7.0pt 'Verdana'"&gt;       &lt;/span&gt;&lt;span&gt;SCB bör återinföra kassaflödesanalyser i &lt;/span&gt;&lt;span&gt;räkenskapssammandraget&lt;/span&gt;&lt;span&gt;. Kassaflödesanalysen bör omfatta både kommunala verksamheter och de sammanställda räkenskaperna. &lt;/span&gt;
			&lt;/p&gt;
			&lt;p class="R3"&gt;
				&lt;span&gt;Regeringens svarsskrivelse&lt;/span&gt;
			&lt;/p&gt;
			&lt;p&gt;
				&lt;span&gt;Regeringen konstaterar att SCB regelbundet ska validera källdata för sina statistikprodukter och anser att det som nu framkommit i Riksrevisionens rapport om överensstämmelsen mellan &lt;/span&gt;&lt;span&gt;räkenskapssammandraget&lt;/span&gt;&lt;span&gt; och &lt;/span&gt;&lt;span&gt;årsredovisning&lt;/span&gt;&lt;span&gt; kan utgöra ett värdefullt underlag för detta arbete.&lt;/span&gt;
			&lt;/p&gt;
			&lt;p class="NormalIndent"&gt;
				&lt;span&gt;När det gäller &lt;/span&gt;&lt;span&gt;Riksrevisionens syn på att införa revisorsintyg noterar regeringen att ett krav på detta tidigare övervägts i betänkandet Samordnad kommunstatistik för styrning och uppföljning (SOU 2009:25) och att &lt;/span&gt;&lt;span&gt;bedömning&lt;/span&gt;&lt;span&gt;en&lt;/span&gt;&lt;span&gt; då var att insatser från revisorer inte i tillräcklig grad skulle kunna öka tillförlitligheten och förbättra aktualiteten i inlämnade uppgifter.&lt;/span&gt;
			&lt;/p&gt;
			&lt;p class="NormalIndent"&gt;
				&lt;span&gt;När det gäller kommunal resultatjustering framhåller regeringen att riksdagen under 2018 besluta&lt;/span&gt;&lt;span&gt;de&lt;/span&gt;&lt;span&gt; att lagen (2018:597) om kommunal bokföring och redovisning sk&lt;/span&gt;&lt;span&gt;ulle&lt;/span&gt;&lt;span&gt; träda i kraft den 1 januari 2019. Lagen innebär en utökad reglering av den kommunala redovisningen. Regeringens bedömning är att lagen kommer att leda till en mer välfungerande kommunal bokföring och till en mer rättvisande redovisning&lt;/span&gt;&lt;span&gt; som möjliggör ökad insyn och jämförbarhet&lt;/span&gt;&lt;span&gt;. &lt;/span&gt;
			&lt;/p&gt;
			&lt;p class="NormalIndent"&gt;
				&lt;span&gt;Dessutom bedriv&lt;/span&gt;&lt;span&gt;er SCB&lt;/span&gt;&lt;span&gt; enligt regeringen ett arbete i samråd med viktiga användare av myndighetens statistik för att se över uppgiftslämnandet till statistiken. I detta arbete har enligt regeringen flera av de frågor som Riksrevisionen uppmärksammat aktualiserats&lt;/span&gt;&lt;span&gt;,&lt;/span&gt;&lt;span&gt; som t.ex. frågan om att återinföra kassflödesanalysen i &lt;/span&gt;&lt;span&gt;räkenskapssammandraget&lt;/span&gt;&lt;span&gt;.&lt;/span&gt;
			&lt;/p&gt;
			&lt;p class="NormalIndent"&gt;
				&lt;span&gt;U&lt;/span&gt;&lt;span&gt;nder senare år &lt;/span&gt;&lt;span&gt;har &lt;/span&gt;&lt;span&gt;SCB på uppdrag av regeringen &lt;/span&gt;&lt;span&gt;vidtagit flera åtgärder för att förbättra räkenskapssammandragets tillförlitlighet. Uppdragen har bl.a. gällt uppgiftslämnarbördan och tidigareläggning av publicering&lt;/span&gt;&lt;span&gt;en&lt;/span&gt;&lt;span&gt;. Att lämna uppgifter till räkenskapssammandraget är &lt;/span&gt;&lt;span&gt;redan i dag &lt;/span&gt;&lt;span&gt;en stor uppgift &lt;/span&gt;&lt;span&gt;f&lt;/span&gt;&lt;span&gt;ör kommunerna&lt;/span&gt;&lt;span&gt;,&lt;/span&gt;&lt;span&gt; och tendensen är att antalet efterfrågade uppgifter stadigt ökar. Det ställer höga krav på uppgiftslämnarna. Många kommuner &lt;/span&gt;&lt;span&gt;bedöms &lt;/span&gt;&lt;span&gt;redan i dag &lt;/span&gt;&lt;span&gt;ha &lt;/span&gt;&lt;span&gt;svårt att leverera uppgifterna till SCB &lt;/span&gt;&lt;span&gt;på&lt;/span&gt;&lt;span&gt; utsatt tid. Alla förslag om förändringar måste därför vägas mot den ökade produktionskostnaden och även ställas i relation till den tid det tar för kommunerna att uppfylla de förändrade eller ökade kraven. Om SCB efter övervägande bedömer att det är lämpligt att gå vidare med åtgärder för förändringar av statistikens innehåll och omfattning, kan SCB göra det utan något ytterligare uppdrag från regeringen.&lt;/span&gt;
			&lt;/p&gt;
			&lt;p class="NormalIndent"&gt;
				&lt;span&gt;Regeringen avser mot den bakgrunden för närvarande inte &lt;/span&gt;&lt;span&gt;att &lt;/span&gt;&lt;span&gt;vidta någon åtgärd med anledning av Riksrevisionens iakttagelser. Regeringen kommer dock &lt;/span&gt;&lt;span&gt;att &lt;/span&gt;&lt;span&gt;fortsätta att följa utvecklingen av räkenskapssammandraget och vid behov vidta ytterligare åtgärder &lt;/span&gt;&lt;span&gt;för&lt;/span&gt;&lt;span&gt; att säkerställa att uppgifterna är tillförlitliga och transparenta. &lt;/span&gt;
			&lt;/p&gt;
			&lt;p class="NormalIndent"&gt;
				&lt;span&gt;I och med skrivelsen anser regeringen att granskningsrapporten är slutbehandlad.&lt;/span&gt;
			&lt;/p&gt;
			&lt;p class="R3"&gt;
				&lt;span&gt;Utskottets ställningstagande&lt;/span&gt;
			&lt;/p&gt;
			&lt;p&gt;
				&lt;span&gt;I likhet med regeringen anser utskottet att det är viktigt att uppgifterna i räkenskapssammandraget är tillförlitliga och transparenta&lt;/span&gt;&lt;span&gt;. Utskottet konstatera&lt;/span&gt;&lt;span&gt;r&lt;/span&gt;&lt;span&gt; att det &lt;/span&gt;&lt;span&gt;pågår&lt;/span&gt;&lt;span&gt; ett omfattande arbete för att säkerställa räkenskapssammandragets tillförlitlighet och att regeringen följer utvecklingen för att vid behov vidta ytterligare åtgärder &lt;/span&gt;&lt;span&gt;för &lt;/span&gt;&lt;span&gt;att säkerställa att uppgifterna är tillförlitliga och transparenta&lt;/span&gt;&lt;span&gt;.&lt;/span&gt;&lt;span&gt; &lt;/span&gt;
			&lt;/p&gt;
			&lt;p class="NormalIndent"&gt;
				&lt;span&gt;Utskottet &lt;/span&gt;&lt;span&gt;konstatera&lt;/span&gt;&lt;span&gt;r också&lt;/span&gt;&lt;span&gt; att &lt;/span&gt;&lt;span&gt;den nya &lt;/span&gt;&lt;span&gt;lagen (2018:597) om kommunal bokföring och redovisning trädde i kraft den 1 januari 2019. &lt;/span&gt;&lt;span&gt;L&lt;/span&gt;&lt;span&gt;ag&lt;/span&gt;&lt;span&gt;en&lt;/span&gt;&lt;span&gt; bedöms &lt;/span&gt;&lt;span&gt;leda till en mer välfungerande kommunal bokföring och en mer rättvisande redovisning.&lt;/span&gt;
			&lt;/p&gt;
			&lt;p class="NormalIndent"&gt;
				&lt;span&gt;Med det anförda &lt;/span&gt;&lt;span&gt;föreslår &lt;/span&gt;&lt;span&gt;utskottet &lt;/span&gt;&lt;span&gt;att regeringens &lt;/span&gt;&lt;span&gt;skrivelse&lt;/span&gt;&lt;span&gt; 2018/19:20&lt;/span&gt;&lt;span&gt; &lt;/span&gt;&lt;span&gt;läggs &lt;/span&gt;&lt;span&gt;till handlingarna&lt;/span&gt;&lt;span&gt;.&lt;/span&gt;
			&lt;/p&gt;
			&lt;p class="Bilaga"&gt;
				&lt;span class="tBilagaJA"&gt;Bilaga&lt;/span&gt;
			&lt;/p&gt;
			&lt;p class="Bilagerubrik"&gt;
				&lt;a name="_Toc4494668"&gt;&lt;span class="tSidrubrikJA"&gt;Förteckning över behandlade förslag&lt;/span&gt;&lt;/a&gt;
			&lt;/p&gt;
			&lt;p class="Rubrik2bilaga" style="-aw-sdt-tag:'dokumentavsnitt/förteckning över behandlade förslag/64187640/1549542294574'; -aw-sdt-title:'förteckning över behandlade förslag'"&gt;
				&lt;a name="_Toc4494669"&gt;&lt;span&gt;Skrivelse 2017/18:293&lt;/span&gt;&lt;/a&gt;
			&lt;/p&gt;
			&lt;p style="-aw-sdt-tag:'dokumentavsnitt/förteckning över behandlade förslag/64187640/1549542294574'; -aw-sdt-title:'förteckning över behandlade förslag'"&gt;
				&lt;span&gt;Regeringens skrivelse 2017/18:293 Riksrevisionens rapport om räkenskapssammandraget som underlag för kommunjämförelser.&lt;/span&gt;
			&lt;/p&gt;
			&lt;p class="Rubrik2bilaga" style="-aw-sdt-tag:'dokumentavsnitt/förteckning över behandlade förslag/64187640/1549542294574'; -aw-sdt-title:'förteckning över behandlade förslag'"&gt;
				&lt;a name="_Toc4494670"&gt;&lt;span&gt;Skrivelse 2018/19:20&lt;/span&gt;&lt;/a&gt;
			&lt;/p&gt;
			&lt;p style="-aw-sdt-tag:'dokumentavsnitt/förteckning över behandlade förslag/64187640/1549542294574'; -aw-sdt-title:'förteckning över behandlade förslag'"&gt;
				&lt;span&gt;Regeringens skrivelse 2018/19:20 Riksrevisionens rapport om räkenskapssammandragets tillförlitlighet.&lt;/span&gt;
			&lt;/p&gt;
			&lt;p class="Mellanrum"&gt;
				&lt;span&gt; &lt;/span&gt;
			&lt;/p&gt;
			&lt;p class="Mellanrum" style="-aw-sdt-tag:'dokumentavsnitt/förteckning över behandlade förslag/64187640/1549542294574'; -aw-sdt-title:'förteckning över behandlade förslag'"&gt;
				&lt;span&gt; &lt;/span&gt;
			&lt;/p&gt;
			&lt;p&gt;
				&lt;span&gt; &lt;/span&gt;
			&lt;/p&gt;
		&lt;/div&gt;
	</html>
  </dokument>
<dokutskottsforslag>
<utskottsforslag>
<punkt datatype="int32">1</punkt>
<rubrik datatype="string">Riksrevisionens rapport om räkenskapssammandraget som underlag för kommunjämförelser</rubrik>
<forslag datatype="string">&lt;BR/&gt;Riksdagen lägger skrivelse 2017/18:293 till handlingarna.&lt;BR/&gt;&lt;BR/&gt;</forslag>
<beslutstyp datatype="string">acklamation</beslutstyp>
<motforslag_nummer datatype="int32">0</motforslag_nummer>
<motforslag_partier datatype="string" />
<votering_id datatype="string" />
<votering_sammanfattning_html datatype="string" />
<votering_url_xml datatype="string" />
<rm datatype="string">2018/19</rm>
<bet datatype="string">FiU41</bet>
<vinnare datatype="string">utskottet</vinnare>
</utskottsforslag>
<utskottsforslag>
<punkt datatype="int32">2</punkt>
<rubrik datatype="string">Riksrevisionens rapport om räkenskapssammandragets tillförlitlighet</rubrik>
<forslag datatype="string">&lt;BR/&gt;Riksdagen lägger skrivelse 2018/19:20 till handlingarna.&lt;BR/&gt;&lt;BR/&gt;</forslag>
<beslutstyp datatype="string">acklamation</beslutstyp>
<motforslag_nummer datatype="int32">0</motforslag_nummer>
<motforslag_partier datatype="string" />
<votering_id datatype="string" />
<votering_sammanfattning_html datatype="string" />
<votering_url_xml datatype="string" />
<rm datatype="string">2018/19</rm>
<bet datatype="string">FiU41</bet>
<vinnare datatype="string">utskottet</vinnare>
</utskottsforslag>
</dokutskottsforslag>
<dokaktivitet>
<aktivitet>
<kod datatype="string">UBE</kod>
<namn datatype="string">Beredning</namn>
<datum datatype="datetime">2019-03-05 00:00:00</datum>
<status datatype="string">inträffat</status>
<ordning datatype="int32">0</ordning>
<process datatype="string" />
</aktivitet>
<aktivitet>
<kod datatype="string">UBE</kod>
<namn datatype="string">Beredning</namn>
<datum datatype="datetime">2019-03-12 00:00:00</datum>
<status datatype="string">inträffat</status>
<ordning datatype="int32">0</ordning>
<process datatype="string" />
</aktivitet>
<aktivitet>
<kod datatype="string">JUS</kod>
<namn datatype="string">Justering</namn>
<datum datatype="datetime">2019-03-26 00:00:00</datum>
<status datatype="string">inträffat</status>
<ordning datatype="int32">0</ordning>
<process datatype="string" />
</aktivitet>
<aktivitet>
<kod datatype="string">TRY</kod>
<namn datatype="string">Trycklov</namn>
<datum datatype="datetime">2019-03-27 00:00:00</datum>
<status datatype="string">inträffat</status>
<ordning datatype="int32">0</ordning>
<process datatype="string" />
</aktivitet>
<aktivitet>
<kod datatype="string">B</kod>
<namn datatype="string">Bordläggning</namn>
<datum datatype="datetime">2019-04-03 00:00:00</datum>
<status datatype="string">inträffat</status>
<ordning datatype="int32">0</ordning>
<process datatype="string" />
</aktivitet>
<aktivitet>
<kod datatype="string">BEH</kod>
<namn datatype="string">Behandling</namn>
<datum datatype="datetime">2019-04-04 00:00:00</datum>
<status datatype="string">inträffat</status>
<ordning datatype="int32">0</ordning>
<process datatype="string" />
</aktivitet>
<aktivitet>
<kod datatype="string">BES</kod>
<namn datatype="string">Beslut</namn>
<datum datatype="datetime">2019-04-04 00:00:00</datum>
<status datatype="string">inträffat</status>
<ordning datatype="int32">0</ordning>
<process datatype="string" />
</aktivitet>
</dokaktivitet>
<dokuppgift>
<uppgift>
<kod datatype="string">notis</kod>
<namn datatype="string">Beslut i korthet</namn>
<text datatype="string">                           &lt;p&gt;Riksdagen har behandlat två skrivelser från regeringen. De handlar om Riksrevisionens granskningar om räkenskapssammandragets tillförlitlighet och räkenskapssammandraget som underlag för kommunjämförelser. Räkenskapssammandraget är en årlig insamling av kommunernas ekonomiska uppgifter och är statens viktigaste källa till information om kommunernas ekonomiska situation och utveckling.&lt;/p&gt;
&lt;p&gt;Enligt Riksrevisionens granskning är det bland annat en utmanande uppgift för kommunerna att rapportera in kostnaderna för de gemensamma aktiviteterna, kommunens så kallade overheadkostnader (OH-kostnader). OH-kostnaderna utgör en av flera uppgifter i räkenskapssammandraget. Riksrevisionen konstaterar också att det finns avvikelse mellan uppgifterna i kommunernas årsredovisningar och i räkenskapssammandraget.&amp;nbsp;&amp;nbsp;&amp;nbsp;&amp;nbsp;&lt;/p&gt;
&lt;p&gt;Regeringen instämmer i huvudsak med Riksrevisionen, men håller till exempel inte med om att Statistiska centralbyrån ska få i uppdrag att utveckla räkenskapssammandraget.&lt;/p&gt;
&lt;p&gt;Riksdagen delar regeringens bedömning och välkomnar avsikten att fortsätta följa utvecklingen av räkenskapssammandraget och dess tillförlitlighet. Riksdagen konstaterar också att den nya lagen om kommunal bokföring och redovisning från 1 januari 2019, bedöms leda till en mer välfungerande kommunal bokföring och en mer rättvisande redovisning. Med det lade Riksdagen skrivelserna till handlingarna, det vill säga avslutade ärendena.&lt;/p&gt;
&lt;p&gt;&amp;nbsp;&lt;/p&gt;
                                            </text>
<dok_id datatype="string">H601FiU41</dok_id>
<systemdatum datatype="datetime">2019-04-04 16:24:17</systemdatum>
</uppgift>
<uppgift>
<kod datatype="string">notisrubrik</kod>
<namn datatype="string">Beslut</namn>
<text datatype="string">Tillförlitligheten och underlaget i kommuners ekonomiska sammandrag har granskats (FiU41)</text>
<dok_id datatype="string">H601FiU41</dok_id>
<systemdatum datatype="datetime">2019-04-04 16:24:17</systemdatum>
</uppgift>
<uppgift>
<kod datatype="string">utsknotis</kod>
<namn datatype="string">Utskottets förslag till beslut</namn>
<text datatype="string">                           &lt;p&gt;Finansutskottet har behandlat två skrivelser från regeringen. De handlar om Riksrevisionens granskningar om räkenskapssammandragets tillförlitlighet och räkenskapssammandraget som underlag för kommunjämförelser. Räkenskapssammandraget är en årlig insamling av kommunernas ekonomiska uppgifter och är statens viktigaste källa till information om kommunernas ekonomiska situation och utveckling.&lt;/p&gt;
&lt;p&gt;Enligt Riksrevisionens granskning är det bland annat en utmanande uppgift för kommunerna att rapportera in kostnaderna för de gemensamma aktiviteterna, kommunens så kallade overheadkostnader (OH-kostnader). OH-kostnaderna utgör en av flera uppgifter i räkenskapssammandraget. Riksrevisionen konstaterar också att det finns avvikelse mellan uppgifterna i kommunernas årsredovisningar och i räkenskapssammandraget.&amp;nbsp;&amp;nbsp;&amp;nbsp;&lt;/p&gt;
&lt;p&gt;Regeringen instämmer i huvudsak med Riksrevisionen, men håller till exempel inte med om att Statistiska centralbyrån ska få i uppdrag att utveckla räkenskapssammandraget.&lt;/p&gt;
&lt;p&gt;Utskottet delar regeringens bedömning och välkomnar avsikten att fortsätta följa utvecklingen av räkenskapssammandraget och dess tillförlitlighet. Utskottet konstaterar också att den nya lagen om kommunal bokföring och redovisning från 1 januari 2019, bedöms leda till en mer välfungerande kommunal bokföring och en mer rättvisande redovisning. Med det föreslår utskottet att riksdagen lägger skrivelserna till handlingarna, det vill säga avslutar ärendena.&lt;/p&gt;
                                            </text>
<dok_id datatype="string">H601FiU41</dok_id>
<systemdatum datatype="datetime">2019-04-04 16:24:17</systemdatum>
</uppgift>
<uppgift>
<kod datatype="string">utsknotisrubrik</kod>
<namn datatype="string">Utskottets förslag</namn>
<text datatype="string">Tillförlitligheten och underlaget i kommuners ekonomiska sammandrag har granskats (FiU41)</text>
<dok_id datatype="string">H601FiU41</dok_id>
<systemdatum datatype="datetime">2019-04-04 16:24:17</systemdatum>
</uppgift>
<uppgift>
<kod datatype="string">rdbeslut</kod>
<namn datatype="string">Riksdagens beslut</namn>
<text datatype="string">Kammaren biföll utskottets förslag.</text>
<dok_id datatype="string">H601FiU41</dok_id>
<systemdatum datatype="datetime">2019-04-04 16:25:12</systemdatum>
</uppgift>
<uppgift>
<kod datatype="string">beslutssammanfattningusk</kod>
<namn datatype="string">Utskottets förslag till beslut</namn>
<text datatype="string">Skrivelserna läggs till handlingarna</text>
<dok_id datatype="string">H601FiU41</dok_id>
<systemdatum datatype="datetime">2019-03-27 12:54:53</systemdatum>
</uppgift>
<uppgift>
<kod datatype="string">debattdatumtid</kod>
<namn datatype="string">Datum och tid för debatten</namn>
<text datatype="string">2019-04-04 00:00:00</text>
<dok_id datatype="string">H601FiU41</dok_id>
<systemdatum datatype="datetime">2019-04-04 16:24:17</systemdatum>
</uppgift>
<uppgift>
<kod datatype="string">beslutdatumtid</kod>
<namn datatype="string">Datum och tid för beslutet</namn>
<text datatype="string">2019-04-04 00:00:00</text>
<dok_id datatype="string">H601FiU41</dok_id>
<systemdatum datatype="datetime">2019-04-04 16:24:17</systemdatum>
</uppgift>
<uppgift>
<kod datatype="string">statustext</kod>
<namn datatype="string">statustext</namn>
<text datatype="string">Ärendet är avslutat</text>
<dok_id datatype="string">H601FiU41</dok_id>
<systemdatum datatype="datetime">2019-04-05 00:36:34</systemdatum>
</uppgift>
</dokuppgift>
<dokbilaga>
<bilaga>
<dok_id datatype="string">H601FiU41</dok_id>
<titel datatype="string">Riksrevisionens rapporter om räkenskapssammandragets tillförlitlighet och räkenskapssammandraget som underlag för kommunjämförelser</titel>
<subtitel datatype="string" />
<filnamn datatype="string">2018_19_FiU41_20190327125410_Publicering.pdf</filnamn>
<filstorlek datatype="int32">317310</filstorlek>
<filtyp datatype="string">pdf</filtyp>
<fil_url datatype="string">http://data.riksdagen.se/fil/7D29A45C-AEAE-404D-BD76-4198D71E60EA</fil_url>
</bilaga>
</dokbilaga>
<dokreferens>
<referens>
<referenstyp datatype="string">behandlar</referenstyp>
<uppgift datatype="string">Skrivelse 2018/19:20 Riksrevisionens rapport om räkenskapssammandragets tillförlitlighet</uppgift>
<ref_dok_id datatype="string">H60320</ref_dok_id>
<ref_dok_typ datatype="string">prop</ref_dok_typ>
<ref_dok_rm datatype="string">2018/19</ref_dok_rm>
<ref_dok_bet datatype="string">20</ref_dok_bet>
<ref_dok_titel datatype="string">Riksrevisionens rapport om räkenskapssammandragets tillförlitlighet</ref_dok_titel>
<ref_dok_subtitel datatype="string" />
<ref_dok_subtyp datatype="string">skr</ref_dok_subtyp>
<ref_dok_dokumentnamn datatype="string">Skrivelse</ref_dok_dokumentnamn>
</referens>
<referens>
<referenstyp datatype="string">behandlar</referenstyp>
<uppgift datatype="string">Skrivelse 2017/18:293 Riksrevisionens rapport om räkenskapssammandraget som underlag för kommunjämförelser</uppgift>
<ref_dok_id datatype="string">H503293</ref_dok_id>
<ref_dok_typ datatype="string">prop</ref_dok_typ>
<ref_dok_rm datatype="string">2017/18</ref_dok_rm>
<ref_dok_bet datatype="string">293</ref_dok_bet>
<ref_dok_titel datatype="string">Riksrevisionens rapport om räkenskapssammandraget som underlag för kommunjämförelser</ref_dok_titel>
<ref_dok_subtitel datatype="string" />
<ref_dok_subtyp datatype="string">skr</ref_dok_subtyp>
<ref_dok_dokumentnamn datatype="string">Skrivelse</ref_dok_dokumentnamn>
</referens>
<referens>
<referenstyp datatype="string">föredragningslista</referenstyp>
<uppgift datatype="string">föredragningslista 2018/19:73 Torsdag den 4 april 2019</uppgift>
<ref_dok_id datatype="string">H60I73</ref_dok_id>
<ref_dok_typ datatype="string">f-lista</ref_dok_typ>
<ref_dok_rm datatype="string">2018/19</ref_dok_rm>
<ref_dok_bet datatype="string">73</ref_dok_bet>
<ref_dok_titel datatype="string">Torsdag den 4 april 2019</ref_dok_titel>
<ref_dok_subtitel datatype="string" />
<ref_dok_subtyp datatype="string" />
<ref_dok_dokumentnamn datatype="string">Föredragningslista</ref_dok_dokumentnamn>
</referens>
<referens>
<referenstyp datatype="string">protokollbeslut</referenstyp>
<uppgift datatype="string">2019-04-04</uppgift>
<ref_dok_id datatype="string">H60973</ref_dok_id>
<ref_dok_typ datatype="string">prot</ref_dok_typ>
<ref_dok_rm datatype="string">2018/19</ref_dok_rm>
<ref_dok_bet datatype="string">73</ref_dok_bet>
<ref_dok_titel datatype="string">Protokoll 2018/19:73 Torsdagen den 4 april</ref_dok_titel>
<ref_dok_subtitel datatype="string" />
<ref_dok_subtyp datatype="string" />
<ref_dok_dokumentnamn datatype="string">Protokoll</ref_dok_dokumentnamn>
</referens>
<referens>
<referenstyp datatype="string">rskr</referenstyp>
<uppgift datatype="string" />
<ref_dok_id datatype="string">H60K175</ref_dok_id>
<ref_dok_typ datatype="string">rskr</ref_dok_typ>
<ref_dok_rm datatype="string">2018/19</ref_dok_rm>
<ref_dok_bet datatype="string">175</ref_dok_bet>
<ref_dok_titel datatype="string">Riksdagsskrivelse 2018/19:175</ref_dok_titel>
<ref_dok_subtitel datatype="string" />
<ref_dok_subtyp datatype="string">rskr</ref_dok_subtyp>
<ref_dok_dokumentnamn datatype="string">Riksdagsskrivelse</ref_dok_dokumentnamn>
</referens>
<referens>
<referenstyp datatype="string">talarlista</referenstyp>
<uppgift datatype="string">talarlista 2018/19:20190404 Torsdag den 4 april 2019 (preliminär)</uppgift>
<ref_dok_id datatype="string">H60J20190404</ref_dok_id>
<ref_dok_typ datatype="string">t-lista</ref_dok_typ>
<ref_dok_rm datatype="string">2018/19</ref_dok_rm>
<ref_dok_bet datatype="string">20190404</ref_dok_bet>
<ref_dok_titel datatype="string">Torsdag den 4 april 2019 (preliminär)</ref_dok_titel>
<ref_dok_subtitel datatype="string" />
<ref_dok_subtyp datatype="string" />
<ref_dok_dokumentnamn datatype="string">Talarlista</ref_dok_dokumentnamn>
</referens>
</dokreferens>
<debatt /></dokumentstatus>