<dokumentstatus>
  <dokument>
    <hangar_id datatype="int32">5022668</hangar_id>
    <dok_id datatype="string">H601AU15</dok_id>
    <rm datatype="string">2018/19</rm>
    <beteckning datatype="string">AU15</beteckning>
    <typ datatype="string">bet</typ>
    <subtyp datatype="string">bet</subtyp>
    <doktyp datatype="string">bet</doktyp>
    <typrubrik datatype="string">Betänkande 2018/19:AU15</typrubrik>
    <dokumentnamn datatype="string">Betänkande</dokumentnamn>
    <debattnamn datatype="string">Debatt om förslag</debattnamn>
    <tempbeteckning datatype="string"></tempbeteckning>
    <organ datatype="string">AU</organ>
    <mottagare datatype="string"></mottagare>
    <nummer datatype="int32">15</nummer>
    <slutnummer datatype="int32">0</slutnummer>
    <datum datatype="datetime">2019-06-14 00:00:00</datum>
    <systemdatum datatype="datetime">2019-06-19 18:14:40</systemdatum>
    <publicerad datatype="datetime">2019-02-21 09:09:08</publicerad>
    <titel datatype="string">ILO:s rekommendation om sysselsättning och anständigt arbete för fred och motståndskraft</titel>
    <subtitel datatype="string"></subtitel>
    <status datatype="string">Webbpublicering</status>
    <htmlformat datatype="string">html</htmlformat>
    <relaterat_id datatype="string"></relaterat_id>
    <source datatype="string">RIM</source>
    <sourceid datatype="string">e08d5d0a-a20a-4854-bd0d-e6a31a71bea9</sourceid>
    <dokument_url_text datatype="stext">http://data.riksdagen.se/dokument/H601AU15/text</dokument_url_text>
    <dokument_url_html datatype="stext">http://data.riksdagen.se/dokument/H601AU15</dokument_url_html>
    <dokumentstatus_url_xml datatype="stext">http://data.riksdagen.se/dokumentstatus/H601AU15</dokumentstatus_url_xml>
    <utskottsforslag_url_xml datatype="stext">http://data.riksdagen.se/utskottsforslag/H601AU15</utskottsforslag_url_xml>
    <html datatype="text">&lt;style&gt;&lt;!--
 .w600px{width: 600px;font-family:Verdana, Geneva, sans-serif}
h2.dtyp{font-size:1.5em !important;} 
/********************************************************************************************************/
/* Styles for D:\Logs\DocumentConverter\\Output_2c7e75ff-18a7-4b47-a6cf-2251b5832d31\HTML\Dokument.html */
/* Generated by Aspose.Words for .NET 15.3.0.0                                                          */
/********************************************************************************************************/

@page Section1 { size:467.8pt 686.05pt; margin:45.35pt 102.05pt 73.7pt 70.85pt }
div.Section1 { page:Section1 }
zbody { text-align:justify; line-height:12.5pt; font-family:'Verdana'; font-size:9.5pt }
zh1, h2, h3, h4, h5, h6, p { margin:3.1pt 0pt 0pt }
zli, table { margin-top:3.1pt; margin-bottom:0pt }
zh1 { margin-top:3.1pt; margin-bottom:12pt; text-align:left; page-break-after:avoid; line-height:12.5pt; font-family:'Verdana'; font-size:16pt; font-weight:normal }
zh2 { margin-top:20pt; margin-bottom:6pt; text-align:left; page-break-inside:avoid; page-break-after:avoid; line-height:12.5pt; font-family:'Verdana'; font-size:13.5pt; font-weight:normal }
zh3 { margin-top:20pt; margin-bottom:3.1pt; text-align:left; page-break-inside:avoid; page-break-after:avoid; line-height:12.5pt; font-family:'Verdana'; font-size:10.5pt; font-weight:bold }
zh4 { margin-top:15pt; margin-bottom:3.1pt; text-align:left; page-break-inside:avoid; page-break-after:avoid; line-height:12.5pt; font-family:'Verdana'; font-size:10.5pt; font-weight:normal; font-style:italic; color:#000000 }
zh5 { margin-top:6.25pt; margin-bottom:0pt; text-align:justify; page-break-inside:avoid; page-break-after:avoid; line-height:12.5pt; font-family:'Verdana'; font-size:9.5pt; font-weight:bold }
zh6 { margin-top:6.25pt; margin-bottom:0pt; text-align:justify; page-break-inside:avoid; page-break-after:avoid; line-height:12.5pt; font-family:'Verdana'; font-size:9.5pt; font-weight:normal; font-style:italic; color:#000000 }
.Heading7 { margin-top:2pt; margin-bottom:0pt; text-align:justify; page-break-inside:avoid; page-break-after:avoid; line-height:12.5pt; font-family:'Verdana'; font-size:9.5pt; font-weight:normal; font-style:italic; color:#243f60 }
.Heading8 { margin-top:2pt; margin-bottom:0pt; text-align:justify; page-break-inside:avoid; page-break-after:avoid; line-height:12.5pt; font-family:'Verdana'; font-size:9pt; font-weight:normal; color:#272727 }
.Heading9 { margin-top:2pt; margin-bottom:0pt; text-align:justify; page-break-inside:avoid; page-break-after:avoid; line-height:12.5pt; font-family:'Verdana'; font-size:9pt; font-weight:normal; font-style:italic; color:#272727 }
.Avsnittsrubrik { margin-top:0pt; margin-bottom:27.7pt; text-align:left; page-break-before:always; page-break-after:avoid; line-height:normal; font-family:'Verdana'; font-size:16pt }
.Avvikandemeningrubrik { margin-top:0pt; margin-bottom:3.1pt; text-align:left; page-break-inside:avoid; page-break-after:avoid; line-height:12.5pt; font-family:'Verdana'; font-size:10.5pt; font-weight:bold }
.BalloonText { margin-top:3.1pt; margin-bottom:0pt; text-align:justify; line-height:normal; font-family:Tahoma; font-size:8pt }
.Bilaga { margin-top:0pt; margin-bottom:0pt; text-align:left; page-break-before:always; page-break-after:avoid; line-height:normal; widows:0; orphans:0; font-family:'Verdana'; font-size:8pt; font-variant:small-caps; text-decoration:underline }
.Bilagerubrik { margin-top:0pt; margin-bottom:17.7pt; text-align:left; page-break-after:auto; line-height:normal; widows:0; orphans:0; font-family:'Verdana'; font-size:16pt }
.Bild-Rubrik { margin-top:8pt; margin-bottom:0pt; text-align:justify; page-break-inside:avoid; page-break-after:avoid; line-height:10pt; font-family:'Verdana'; font-size:9.5pt; font-weight:bold }
.Bild-Underrubrik { margin-top:0pt; margin-bottom:1pt; text-align:left; page-break-inside:avoid; page-break-after:avoid; line-height:8pt; font-family:'Verdana'; font-size:8pt; font-weight:normal; font-style:italic }
.BodyText { margin-top:3.1pt; margin-bottom:0pt; text-align:left; line-height:12.5pt; font-family:'Verdana'; font-size:9.5pt }
.BodyTextIndent2 { margin-top:3.1pt; margin-left:14.15pt; margin-bottom:6pt; text-align:justify; line-height:200%; font-family:'Verdana'; font-size:9.5pt }
.Citatindrag { margin-top:0pt; margin-left:14.2pt; margin-bottom:6.1pt; text-indent:14.2pt; text-align:justify; line-height:10pt; font-family:'Verdana'; font-size:9.5pt }
.CommentSubject { margin-top:3.1pt; margin-bottom:0pt; text-align:justify; line-height:normal; font-family:'Verdana'; font-size:10pt; font-weight:bold }
.CommentText { margin-top:3.1pt; margin-bottom:0pt; text-align:justify; line-height:normal; font-family:'Verdana'; font-size:10pt }
.Deltagare { margin-top:0pt; margin-bottom:0pt; text-align:justify; page-break-inside:avoid; page-break-after:avoid; line-height:9.5pt; font-family:'Verdana'; font-size:9.5pt }
.Diagram-Rubrik { margin-top:8pt; margin-bottom:0pt; text-align:justify; page-break-inside:avoid; page-break-after:avoid; line-height:10pt; font-family:'Verdana'; font-size:9.5pt; font-weight:bold }
.Diagram-Underrubrik { margin-top:0pt; margin-bottom:1pt; text-align:left; page-break-inside:avoid; page-break-after:avoid; line-height:8pt; font-family:'Verdana'; font-size:8pt; font-weight:normal; font-style:italic }
.DokumentRubrik { margin-top:6pt; margin-bottom:24pt; text-align:left; line-height:normal; border-bottom-style:solid; border-bottom-width:0.75pt; border-bottom-color:#000000; padding-bottom:4pt; font-family:'Verdana'; font-size:18pt }
.Dokumentbeteckning { margin-top:0pt; margin-bottom:0pt; text-align:left; page-break-inside:avoid; page-break-after:avoid; line-height:12.5pt; font-family:'Verdana'; font-size:16pt }
.Footer { margin-top:3.1pt; margin-bottom:0pt; text-align:justify; line-height:normal; font-family:'Verdana'; font-size:9.5pt }
.FootnoteText { margin-top:0pt; margin-bottom:0pt; text-align:justify; line-height:8pt; font-family:'Verdana'; font-size:8pt }
.Fotnotstextindrag { margin-top:0pt; margin-left:5.65pt; margin-bottom:0pt; text-align:left; line-height:8pt; font-family:'Verdana'; font-size:8pt }
.Frslagspunkt { margin-top:0pt; margin-bottom:0pt; text-align:left; page-break-inside:avoid; page-break-after:avoid; line-height:12.5pt; font-family:'Verdana'; font-size:9.5pt; font-weight:bold }
.Frslagstext { margin-top:0pt; margin-bottom:0pt; text-align:justify; line-height:12.5pt; font-family:'Verdana'; font-size:9.5pt }
.Frteckningsrubrik { margin-top:9.6pt; margin-bottom:3.1pt; text-align:left; page-break-inside:avoid; page-break-after:avoid; line-height:normal; font-family:'Verdana'; font-size:9.5pt; font-weight:normal; font-style:italic; color:#000000 }
.Grupprubrik { margin-top:6pt; margin-bottom:0pt; text-align:left; page-break-inside:avoid; page-break-after:avoid; line-height:12.5pt; font-family:'Verdana'; font-size:9.5pt; font-style:italic }
.Grupprubrikindrag { margin-top:6pt; margin-left:22.1pt; margin-bottom:0pt; text-align:left; page-break-inside:avoid; page-break-after:avoid; line-height:12.5pt; font-family:'Verdana'; font-size:9.5pt; font-style:italic }
.Header { margin-top:0pt; margin-bottom:0pt; text-align:justify; line-height:normal; font-family:'Verdana'; font-size:7.5pt; font-variant:small-caps }
.Innehllsfrteckning { margin-top:0pt; margin-bottom:17.7pt; text-align:left; page-break-before:always; page-break-after:auto; line-height:normal; font-family:'Verdana'; font-size:16pt }
.Kantrubrik { margin-top:0pt; margin-bottom:0pt; text-align:justify; line-height:normal; font-family:'Verdana'; font-size:7.5pt }
.ListBullet { margin-top:6.25pt; margin-left:17.85pt; margin-bottom:6.25pt; text-indent:-17.85pt; text-align:justify; line-height:12.5pt; font-family:'Verdana'; font-size:9.5pt }
.ListParagraph { margin-top:3.1pt; margin-left:28.35pt; margin-bottom:0pt; text-align:justify; line-height:12.5pt; font-family:'Verdana'; font-size:9.5pt }
.Litentext { margin-top:0pt; margin-bottom:0pt; text-align:justify; line-height:normal; font-family:'Verdana'; font-size:8pt }
.Mellanrubrik { margin-top:11pt; margin-bottom:3.1pt; text-align:left; page-break-after:avoid; line-height:12.5pt; font-family:'Verdana'; font-size:9.5pt; font-style:italic }
.Mellanrum { margin-top:0pt; margin-bottom:0pt; text-align:left; page-break-before:auto; page-break-after:auto; line-height:1pt; widows:0; orphans:0; font-family:'Verdana'; font-size:1pt; font-variant:small-caps; text-decoration:none; color:#ffffff }
.NormalIndent { margin-top:0pt; margin-bottom:0pt; text-indent:11.35pt; text-align:justify; line-height:12.5pt; font-family:'Verdana'; font-size:9.5pt }
.Normalinskjuten { margin-top:0pt; margin-left:22.1pt; margin-bottom:0pt; text-align:justify; line-height:12.5pt; font-family:'Verdana'; font-size:9.5pt }
.Normalinskjutenindrag { margin-top:0pt; margin-left:22.1pt; margin-bottom:0pt; text-indent:11.35pt; text-align:justify; line-height:12.5pt; font-family:'Verdana'; font-size:9.5pt }
.Normalinskjutenkursiv { margin-top:6pt; margin-bottom:0pt; line-height:normal; font-family:'Verdana'; font-size:10pt; font-style:italic }
.Normalkursiv { margin-top:3.1pt; margin-bottom:0pt; text-align:left; line-height:12.5pt; font-family:'Verdana'; font-size:9.5pt; font-style:italic }
.Normalruta { margin:3.1pt 5.65pt 0pt; text-align:justify; page-break-inside:avoid; page-break-after:avoid; line-height:12.5pt; border-top-style:solid; border-top-width:0.75pt; border-top-color:#000000; border-right-style:solid; border-right-width:0.75pt; border-right-color:#000000; border-left-style:solid; border-left-width:0.75pt; border-left-color:#000000; border-bottom-style:solid; border-bottom-width:0.75pt; border-bottom-color:#000000; padding-top:4pt; padding-right:4pt; padding-left:4pt; padding-bottom:4pt; font-family:'Verdana'; font-size:10.5pt }
.Normalrutafet { margin:3.1pt 5.65pt 0pt; text-align:justify; page-break-inside:avoid; page-break-after:avoid; line-height:12.5pt; border-top-style:solid; border-top-width:0.75pt; border-top-color:#000000; border-right-style:solid; border-right-width:0.75pt; border-right-color:#000000; border-left-style:solid; border-left-width:0.75pt; border-left-color:#000000; border-bottom-style:solid; border-bottom-width:0.75pt; border-bottom-color:#000000; padding-top:4pt; padding-right:4pt; padding-left:4pt; padding-bottom:4pt; font-family:'Verdana'; font-size:10.5pt; font-weight:bold }
.Normalrutaindrag { margin:0pt 5.65pt; text-indent:11.35pt; text-align:justify; page-break-inside:avoid; page-break-after:avoid; line-height:12.5pt; border-top-style:solid; border-top-width:0.75pt; border-top-color:#000000; border-right-style:solid; border-right-width:0.75pt; border-right-color:#000000; border-left-style:solid; border-left-width:0.75pt; border-left-color:#000000; border-bottom-style:solid; border-bottom-width:0.75pt; border-bottom-color:#000000; padding-top:4pt; padding-right:4pt; padding-left:4pt; padding-bottom:4pt; font-family:'Verdana'; font-size:10.5pt }
.Normalutanluftfre { margin-top:0pt; margin-bottom:0pt; text-align:justify; line-height:12.5pt; font-family:'Verdana'; font-size:9.5pt }
.NormalNoll { margin-top:0pt; margin-bottom:3.1pt; text-align:left; line-height:12.5pt; font-family:'Verdana'; font-size:10.5pt; font-weight:bold }
.NumlistaTOC { margin:3.1pt 28.35pt 0pt 0pt; text-indent:0pt; text-align:left; line-height:normal; font-family:'Verdana'; font-size:9.5pt }
.Ordfranden { margin-top:3.1pt; margin-bottom:22pt; text-align:left; page-break-inside:avoid; page-break-after:avoid; line-height:normal; font-family:'Verdana'; font-size:9.5pt; font-style:italic }
.OrtochDatum { margin-top:18pt; margin-bottom:18pt; text-align:left; page-break-inside:avoid; page-break-after:avoid; line-height:normal; font-family:'Verdana'; font-size:9.5pt }
.Punktlistabomb { margin-top:6.25pt; margin-left:14.2pt; margin-bottom:6.25pt; text-indent:-14.2pt; text-align:justify; line-height:12.5pt; font-family:'Verdana'; font-size:9.5pt }
.Punktlistagemener { margin-top:6.25pt; margin-left:14.2pt; margin-bottom:6.25pt; text-indent:-14.2pt; text-align:justify; line-height:12.5pt; font-family:'Verdana'; font-size:9.5pt }
.Punktlistalinje { margin-top:6.25pt; margin-left:14.2pt; margin-bottom:6.25pt; text-indent:-14.2pt; text-align:justify; line-height:12.5pt; font-family:'Verdana'; font-size:9.5pt }
.Punktlistasiffra { margin-top:6.25pt; margin-left:14.2pt; margin-bottom:6.25pt; text-indent:-14.2pt; text-align:justify; line-height:12.5pt; font-family:'Verdana'; font-size:9.5pt }
.PVgnar { margin-top:3.1pt; margin-bottom:26pt; text-align:left; page-break-inside:avoid; page-break-after:avoid; line-height:normal; font-family:'Verdana'; font-size:9.5pt }
.Quote { margin-top:6.1pt; margin-left:14.2pt; margin-bottom:0pt; text-align:justify; line-height:10pt; font-family:'Verdana'; font-size:9.5pt }
.R1 { margin-top:3.1pt; margin-bottom:12pt; text-align:left; page-break-after:avoid; line-height:12.5pt; font-family:'Verdana'; font-size:16pt }
.R1bilaga { margin-top:3.1pt; margin-bottom:12pt; text-align:left; page-break-after:auto; line-height:12.5pt; font-family:'Verdana'; font-size:16pt }
.R2 { margin-top:20pt; margin-bottom:6pt; text-align:left; page-break-inside:avoid; page-break-after:avoid; line-height:12.5pt; font-family:'Verdana'; font-size:13.5pt }
.R3 { margin-top:20pt; margin-bottom:3.1pt; text-align:left; page-break-inside:avoid; page-break-after:avoid; line-height:12.5pt; font-family:'Verdana'; font-size:10.5pt; font-weight:bold }
.R4 { margin-top:15pt; margin-bottom:3.1pt; text-align:left; page-break-inside:avoid; page-break-after:avoid; line-height:12.5pt; font-family:'Verdana'; font-size:10.5pt; font-weight:normal; font-style:italic; color:#000000 }
.R5 { margin-top:6.25pt; margin-bottom:0pt; text-align:justify; page-break-inside:avoid; page-break-after:avoid; line-height:12.5pt; font-family:'Verdana'; font-size:9.5pt; font-weight:bold }
.R6 { margin-top:6.25pt; margin-bottom:0pt; text-align:justify; page-break-inside:avoid; page-break-after:avoid; line-height:12.5pt; font-family:'Verdana'; font-size:9.5pt; font-weight:normal; font-style:italic; color:#000000 }
.Reservationshnvisning { margin-top:0pt; margin-bottom:8pt; text-align:right; line-height:12.5pt; font-family:'Verdana'; font-size:9.5pt; font-style:italic }
.Reservationsrubrik { margin-top:0pt; margin-bottom:3.1pt; text-align:left; page-break-inside:avoid; page-break-after:avoid; line-height:12.5pt; font-family:'Verdana'; font-size:10.5pt; font-weight:bold }
.Rubrik1Dokumentinformation { margin-top:0pt; margin-bottom:0pt; text-align:left; page-break-inside:avoid; page-break-after:avoid; line-height:12.5pt; font-family:'Verdana'; font-size:16pt }
.Rubrik1bilaga { margin-top:0pt; margin-bottom:27.7pt; text-align:left; page-break-after:auto; line-height:12.5pt; font-family:'Verdana'; font-size:16pt }
.Rubrik1medsidhuvud { margin-top:3.1pt; margin-bottom:12pt; text-align:left; page-break-before:always; page-break-after:avoid; line-height:12.5pt; font-family:'Verdana'; font-size:16pt }
.Rubrik1numrerat { margin-top:3.1pt; margin-left:0pt; margin-bottom:12pt; text-indent:0pt; text-align:left; page-break-after:avoid; line-height:12.5pt; font-family:'Verdana'; font-size:16pt }
.Rubrik1numreratmedsidhuvud { margin-top:0pt; margin-left:0pt; margin-bottom:16pt; text-indent:0pt; text-align:left; page-break-before:always; page-break-after:avoid; line-height:normal; font-family:'Verdana'; font-size:16pt }
.Rubrik2bilaga { margin-top:20pt; margin-bottom:6pt; text-align:left; page-break-inside:avoid; page-break-after:avoid; line-height:12.5pt; font-family:'Verdana'; font-size:13.5pt }
.Rubrik2numrerat { margin-top:20pt; margin-left:0pt; margin-bottom:6pt; text-indent:0pt; text-align:left; page-break-inside:avoid; page-break-after:avoid; line-height:12.5pt; font-family:'Verdana'; font-size:13.5pt }
.Rubrik3numrerat { margin-top:20pt; margin-left:0pt; margin-bottom:3.1pt; text-indent:0pt; text-align:left; page-break-inside:avoid; page-break-after:avoid; line-height:12.5pt; font-family:'Verdana'; font-size:10.5pt; font-weight:bold }
.Sammanfattning { margin-top:3.1pt; margin-bottom:12pt; text-align:left; page-break-after:auto; line-height:12.5pt; font-family:'Verdana'; font-size:16pt }
.Sidhuvudhgerstlld { margin-top:0pt; margin-bottom:0pt; text-align:right; line-height:normal; font-family:'Verdana'; font-size:7.5pt; font-variant:small-caps }
.Sidhuvudvnsterstlld { margin-top:0pt; margin-bottom:0pt; text-align:left; line-height:normal; font-family:'Verdana'; font-size:7.5pt; font-variant:small-caps }
.Stdrubrik { margin-top:12pt; margin-bottom:0pt; line-height:12pt; font-family:'Verdana'; font-size:9.5pt; font-weight:bold }
.Srskiltyttranderubrik { margin-top:0pt; margin-bottom:3.1pt; text-align:left; page-break-inside:avoid; page-break-after:avoid; line-height:12.5pt; font-family:'Verdana'; font-size:10.5pt; font-weight:bold }
.TOC1 { margin-top:0pt; margin-right:28.35pt; margin-bottom:0pt; text-align:left; line-height:normal; font-family:'Verdana'; font-size:9.5pt }
.TOC2 { margin:0pt 28.35pt 0pt 5.65pt; text-align:left; line-height:normal; font-family:'Verdana'; font-size:9.5pt }
.TOC3 { margin:0pt 28.35pt 0pt 11.35pt; text-align:left; line-height:normal; font-family:'Verdana'; font-size:9.5pt }
.TOC4 { margin:0pt 28.35pt 0pt 17pt; text-align:left; line-height:normal; font-family:'Verdana'; font-size:9.5pt }
.TOC5 { margin:0pt 28.35pt 0pt 22.7pt; text-align:left; line-height:normal; font-family:'Verdana'; font-size:9.5pt }
.TOC6 { margin-top:0pt; margin-left:47.65pt; margin-bottom:0pt; text-align:left; line-height:normal; font-family:'Verdana'; font-size:9.5pt }
.TOC7 { margin-top:0pt; margin-right:28.35pt; margin-bottom:0pt; text-align:left; line-height:normal; font-family:'Verdana'; font-size:9.5pt }
.TOC8 { margin-top:0pt; margin-right:28.35pt; margin-bottom:0pt; text-align:left; line-height:normal; font-family:'Verdana'; font-size:9.5pt }
.TOC9 { margin-top:0pt; margin-left:8.5pt; margin-bottom:0pt; text-align:left; line-height:normal; font-family:'Verdana'; font-size:9.5pt }
.TOCHeading { margin-top:3.1pt; margin-bottom:9pt; text-align:left; page-break-before:always; page-break-inside:avoid; page-break-after:avoid; line-height:12.5pt; font-family:'Verdana'; font-size:16pt }
.Tabell-Kolumnrubrik { margin-bottom:0pt; line-height:12pt; font-family:'Verdana'; font-size:8pt; font-weight:bold }
.Tabell-Klla { margin-top:2pt; margin-bottom:0pt; line-height:8pt; font-family:'Verdana'; font-size:7pt }
.Tabell-Radrubrik { margin-bottom:0pt; line-height:12pt; font-family:'Verdana'; font-size:8pt }
.Tabell-Rubrik { margin-top:12pt; margin-bottom:3pt; text-align:left; page-break-inside:avoid; page-break-after:avoid; line-height:10pt; font-family:'Verdana'; font-size:9pt; font-weight:bold }
.Tabell-Siffror { margin-bottom:0pt; text-align:right; line-height:12pt; font-family:'Verdana'; font-size:8pt }
.Tabell-Text { margin-bottom:0pt; line-height:12pt; font-family:'Verdana'; font-size:8pt }
.Tabell-Underrubrik { margin-top:0pt; margin-bottom:1pt; text-align:left; page-break-inside:avoid; page-break-after:avoid; line-height:8pt; font-family:'Verdana'; font-size:8pt; font-weight:normal; font-style:italic }
.TableofFigures { margin-top:3.1pt; margin-bottom:0pt; text-align:justify; line-height:normal; font-family:'Verdana'; font-size:9.5pt }
.TillX-utskottet { margin-top:0pt; margin-bottom:12pt; text-align:left; page-break-after:avoid; line-height:12.5pt; font-family:'Verdana'; font-size:16pt }
.Title { margin-top:3.1pt; margin-bottom:1pt; text-align:left; line-height:12pt; font-family:'Verdana'; font-size:20pt; letter-spacing:-0.5pt }
.Vapen { margin-top:0pt; margin-bottom:0pt; text-align:left; page-break-inside:avoid; page-break-after:avoid; line-height:12.5pt; font-family:'Verdana'; font-size:16pt }
.Yrkandelista { margin-top:3.1pt; margin-left:28.35pt; margin-bottom:0pt; text-indent:-28.35pt; text-align:justify; line-height:12.5pt; font-family:'Verdana'; font-size:9.5pt }
.YrkandelistaEtt { margin-top:3.1pt; margin-left:0pt; margin-bottom:0pt; text-indent:0pt; text-align:justify; line-height:12.5pt; font-family:'Verdana'; font-size:9.5pt }
span.BallongtextChar { font-family:Tahoma; font-size:8pt }
span.BilagaChar { font-family:'Verdana'; font-size:8pt; font-variant:small-caps; text-decoration:underline }
span.BrdtextChar { font-family:'Verdana'; font-size:9.5pt }
span.BrdtextChar1 { font-family:'Verdana'; font-size:9.5pt }
span.Brdtextmedindrag2Char { font-family:'Verdana'; font-size:9.5pt }
span.CitatChar { font-family:'Verdana'; font-size:9.5pt }
span.CommentReference { font-size:8pt }
span.DokumentRubrikChar { font-family:'Verdana'; font-size:18pt }
span.FootnoteReference { vertical-align:super }
span.FotnotstextChar { font-family:'Verdana'; font-size:8pt }
span.FotnotstextindragChar { font-family:'Verdana'; font-size:8pt }
span.FrslagspunktChar { font-family:'Verdana'; font-size:9.5pt; font-weight:bold; font-style:normal }
span.Hyperlink { text-decoration:none; color:#000000 }
span.KommentarerChar { font-family:'Verdana'; font-size:10pt }
span.KommentarsmneChar { font-family:'Verdana'; font-size:10pt; font-weight:bold }
span.NormalkursivChar { font-family:'Verdana'; font-size:9.5pt; font-style:italic }
span.NormaltindragChar { font-family:'Verdana'; font-size:9.5pt }
span.OrdfrandenChar { font-family:'Verdana'; font-size:9.5pt; font-style:italic }
span.OrtochDatumChar { font-family:'Verdana'; font-size:9.5pt }
span.PlaceholderText { color:#808080 }
span.PVgnarChar { font-family:'Verdana'; font-size:9.5pt }
span.ReservationshnvisningChar { font-family:'Verdana'; font-size:9.5pt; font-style:italic }
span.Rubrik1Char { font-family:'Verdana'; font-size:16pt }
span.Rubrik1DokumentinformationChar { font-family:'Verdana'; font-size:16pt }
span.Rubrik2Char { font-family:'Verdana'; font-size:13.5pt }
span.Rubrik3Char { font-family:'Verdana'; font-size:10.5pt; font-weight:bold }
span.Rubrik4Char { font-family:'Verdana'; font-size:10.5pt; font-style:italic; color:#000000 }
span.Rubrik5Char { font-family:'Verdana'; font-size:9.5pt; font-weight:bold }
span.Rubrik6Char { font-family:'Verdana'; font-size:9.5pt; font-style:italic; color:#000000 }
span.Rubrik7Char { font-family:'Verdana'; font-size:9.5pt; font-style:italic; color:#243f60 }
span.Rubrik8Char { font-family:'Verdana'; font-size:9pt; color:#272727 }
span.Rubrik9Char { font-family:'Verdana'; font-size:9pt; font-style:italic; color:#272727 }
span.RubrikChar { font-family:'Verdana'; font-size:20pt; letter-spacing:-0.5pt }
span.SidfotChar { font-family:'Verdana'; font-size:9.5pt }
span.SidhuvudChar { font-family:'Verdana'; font-size:7.5pt; font-variant:small-caps }
span.Tabell-Upphjttecken { font-family:'Verdana'; font-variant:normal; text-decoration:none; text-transform:none; vertical-align:super; display:inline }
span.VapenChar { font-family:'Verdana'; font-size:16pt }
span.tBilagaJA { color:#000000 }
span.tSidrubrikJA { color:#000000 }
.TableGrid {  }
--&gt;&lt;/style&gt;

		&lt;div class="Section1"&gt;
			&lt;table cellspacing="0" cellpadding="0" style="border-collapse:collapse; margin-left:0pt"&gt;
				&lt;tr style="height:79.4pt"&gt;
					&lt;td style="vertical-align:top; width:297.7pt"&gt;
						&lt;p class="Rubrik1Dokumentinformation" style="margin-top:0pt; margin-bottom:0pt; text-align:left; page-break-inside:avoid; page-break-after:avoid; line-height:16pt"&gt;
							&lt;span style="font-family:'Verdana'; font-size:16pt; -aw-sdt-tag:ccUtskott; -aw-sdt-title:'utskottsnamn Dokumentegenskap'"&gt;Arbetsmarknadsutskottet&lt;/span&gt;&lt;span style="font-family:'Verdana'; font-size:16pt; -aw-sdt-tag:ccS; -aw-sdt-title:s"&gt;s&lt;/span&gt;&lt;span style="font-family:'Verdana'; font-size:16pt; -aw-sdt-tag:ccMellanslag; -aw-sdt-title:Mellanslag"&gt; &lt;/span&gt;&lt;a name="Utlatande"&gt;&lt;/a&gt;&lt;span style="font-family:'Verdana'; font-size:16pt"&gt;betänkande&lt;/span&gt;
						&lt;/p&gt;
						&lt;p class="Dokumentbeteckning" style="margin-top:0pt; margin-bottom:0pt; text-align:left; page-break-inside:avoid; page-break-after:avoid; line-height:16pt"&gt;
							&lt;span style="font-family:'Verdana'; font-size:16pt; -aw-sdt-tag:ccRiksmote; -aw-sdt-title:'riksmote Dokumentegenskap'"&gt;2018/19&lt;/span&gt;&lt;span style="font-family:'Verdana'; font-size:16pt; -aw-sdt-tag:ccKolon; -aw-sdt-title:Kolon"&gt;:&lt;/span&gt;&lt;a name="Utskottebeteckning"&gt;&lt;/a&gt;&lt;span style="font-family:'Verdana'; font-size:16pt"&gt;AU15&lt;/span&gt;
						&lt;/p&gt;
						&lt;p class="Rubrik1Dokumentinformation" style="margin-top:0pt; margin-bottom:0pt; text-align:left; page-break-inside:avoid; page-break-after:avoid; line-height:16pt"&gt;
							&lt;span style="font-family:'Verdana'; font-size:16pt"&gt; &lt;/span&gt;
						&lt;/p&gt;
					&lt;/td&gt;
				&lt;/tr&gt;
			&lt;/table&gt;
			&lt;p class="DokumentRubrik" style="-aw-sdt-tag:ccDokumentrubrik; -aw-sdt-title:'dokumentrubrik Dokumentegenskap'"&gt;
				&lt;span&gt;ILO:s rekommendation om sysselsättning och anständigt arbete för fred och motståndskraft&lt;/span&gt;
			&lt;/p&gt;
			&lt;p class="Sammanfattning"&gt;
				&lt;span class="tSidrubrikJA"&gt;Sammanfattning&lt;/span&gt;
			&lt;/p&gt;
			&lt;p&gt;
				&lt;span&gt;Utskottet föreslår att riksdagen lägger &lt;/span&gt;&lt;span&gt;regeringens skrivelse&lt;/span&gt;&lt;span&gt; till handlingarna.&lt;/span&gt;
			&lt;/p&gt;
			&lt;p class="NormalIndent"&gt;
				&lt;span&gt;I &lt;/span&gt;&lt;span&gt;skrivelsen informeras riksdagen om Internationella&lt;/span&gt;&lt;span&gt; arbetsorganisationens (ILO) rekommendation nr 205 om sysselsättning och anständigt arbete för fred och motståndskraft. S&lt;/span&gt;&lt;span&gt;yftet med rekommendationen är att ge medlemsstaterna vägledning om hur de kan skapa sysselsättning och anständigt arbete för förebyggande, återhämtning, fred och motståndskraft i samband med krissituationer som uppstår till följd av konflikter och katastrofer.&lt;/span&gt;
			&lt;/p&gt;
			&lt;p class="NormalIndent"&gt;
				&lt;span&gt;Utskottet ansluter sig&lt;/span&gt;&lt;span&gt; till regeringens bedömning att rekommendationen inte bör leda till några författningsändringar eller andra åtgärder i Sverige.&lt;/span&gt;
			&lt;/p&gt;
			&lt;p class="R4"&gt;
				&lt;span&gt;Behandlade förslag&lt;/span&gt;
			&lt;/p&gt;
			&lt;p&gt;
				&lt;span&gt;S&lt;/span&gt;&lt;span&gt;krivelse&lt;/span&gt;&lt;span&gt; 2018/19:84 ILO:s rekommendation om sysselsättning och anständigt arbete för fred och motståndskraft.&lt;/span&gt;
			&lt;/p&gt;
			&lt;p class="Innehllsfrteckning"&gt;
				&lt;a name="Innehållsförteckning"&gt;&lt;/a&gt;&lt;span class="tSidrubrikJA"&gt;Innehållsförteckning&lt;/span&gt;
			&lt;/p&gt;
			&lt;p class="TOC1"&gt;
				&lt;a style="color:#000000" href="#_Toc11343549"&gt;&lt;span class="Hyperlink"&gt;Utskottets förslag till riksdagsbeslut&lt;/span&gt;&lt;/a&gt;
			&lt;/p&gt;
			&lt;p class="TOC1"&gt;
				&lt;a style="color:#000000" href="#_Toc11343550"&gt;&lt;span class="Hyperlink"&gt;Redogörelse för ärendet&lt;/span&gt;&lt;/a&gt;
			&lt;/p&gt;
			&lt;p class="TOC1"&gt;
				&lt;a style="color:#000000" href="#_Toc11343551"&gt;&lt;span class="Hyperlink"&gt;Utskottets överväganden&lt;/span&gt;&lt;/a&gt;
			&lt;/p&gt;
			&lt;p class="TOC2"&gt;
				&lt;a style="color:#000000" href="#_Toc11343552"&gt;&lt;span class="Hyperlink"&gt;ILO:s rekommendation om sysselsättning och anständigt arbete för fred och motståndskraft&lt;/span&gt;&lt;/a&gt;
			&lt;/p&gt;
			&lt;p class="TOC8"&gt;
				&lt;span class="Hyperlink" style="font-style:italic"&gt;Bilaga&lt;/span&gt;&lt;br /&gt;&lt;a style="color:#000000" href="#_Toc11343553"&gt;&lt;span class="Hyperlink"&gt;Förteckning över behandlade förslag&lt;/span&gt;&lt;/a&gt;
			&lt;/p&gt;
			&lt;p class="TOC9"&gt;
				&lt;a style="color:#000000" href="#_Toc11343554"&gt;&lt;span class="Hyperlink"&gt;Skrivelsen&lt;/span&gt;&lt;/a&gt;
			&lt;/p&gt;
			&lt;p&gt;
			&lt;/p&gt;
			&lt;p&gt;
				&lt;span&gt; &lt;/span&gt;
			&lt;/p&gt;
			&lt;p class="NormalIndent"&gt;
				&lt;span&gt; &lt;/span&gt;
			&lt;/p&gt;
			&lt;p class="Avsnittsrubrik"&gt;
				&lt;a name="_Toc11343549"&gt;&lt;/a&gt;&lt;a name="StopCC"&gt;&lt;/a&gt;&lt;span class="tSidrubrikJA"&gt;Utskottets förslag till riksdagsbeslut&lt;/span&gt;&lt;span style="-aw-bookmark-end:_Toc11343549"&gt;&lt;/span&gt;
			&lt;/p&gt;
			&lt;p class="Mellanrum"&gt;
				&lt;span&gt; &lt;/span&gt;
			&lt;/p&gt;
			&lt;p class="Mellanrum"&gt;
				&lt;span&gt; &lt;/span&gt;
			&lt;/p&gt;
			&lt;table cellspacing="0" cellpadding="0" style="border-collapse:collapse; margin-left:0pt; width:294.2pt"&gt;
				&lt;tr&gt;
					&lt;td style="vertical-align:top; width:22pt"&gt;
						&lt;p style="margin-top:3.1pt; margin-bottom:0pt; text-align:justify; page-break-inside:avoid; page-break-after:avoid; line-height:12.5pt"&gt;
							&lt;span style="font-family:'Verdana'; font-size:10.5pt; font-weight:bold"&gt;ILO:s rekommendation om sysselsättning och anständigt arbete för fred och motståndskraft&lt;/span&gt;
						&lt;/p&gt;
					&lt;/td&gt;
				&lt;/tr&gt;
			&lt;/table&gt;
			&lt;p class="Normalutanluftfre" style="-aw-sdt-tag:'dokumentavsnitt/utskottets förslag till riksdagsbeslut/1141280343/1560421957871'; -aw-sdt-title:'utskottets förslag till riksdagsbeslut'"&gt;
				&lt;span&gt;Riksdagen lägger skrivelse 2018/19:84 till handlingarna.&lt;/span&gt;
			&lt;/p&gt;
			&lt;p class="OrtochDatum" style="-aw-sdt-tag:'dokumentavsnitt/utskottets förslag till riksdagsbeslut/1141280343/1560421957871'; -aw-sdt-title:'utskottets förslag till riksdagsbeslut'"&gt;
				&lt;span&gt;Stockholm den 13 juni 2019&lt;/span&gt;
			&lt;/p&gt;
			&lt;p class="PVgnar" style="-aw-sdt-tag:'dokumentavsnitt/utskottets förslag till riksdagsbeslut/1141280343/1560421957871'; -aw-sdt-title:'utskottets förslag till riksdagsbeslut'"&gt;
				&lt;span&gt;På arbetsmarknadsutskottets vägnar&lt;/span&gt;
			&lt;/p&gt;
			&lt;p class="Ordfranden" style="-aw-sdt-tag:'dokumentavsnitt/utskottets förslag till riksdagsbeslut/1141280343/1560421957871'; -aw-sdt-title:'utskottets förslag till riksdagsbeslut'"&gt;
				&lt;span&gt;Anna Johansson&lt;/span&gt;
			&lt;/p&gt;
			&lt;p class="Deltagare" style="-aw-sdt-tag:'dokumentavsnitt/utskottets förslag till riksdagsbeslut/1141280343/1560421957871'; -aw-sdt-title:'utskottets förslag till riksdagsbeslut'"&gt;
				&lt;span&gt;Följande ledamöter har deltagit i beslutet: Anna Johansson (S), Gulan Avci (L), Mats Green (M), Patrik Björck (S), Saila Quicklund (M), Magnus Persson (SD), Helén Pettersson (S), Josefin Malmqvist (M), Ebba Hermansson (SD), Johan Andersson (S), Sofia Damm (KD), Alexander Christiansson (SD), Leila Ali-Elmi (MP), Maria Nilsson (L), Johanna Haraldsson (S), Ciczie Weidby (V) och Annika Qarlsson (C).&lt;/span&gt;
			&lt;/p&gt;
			&lt;p class="Mellanrum" style="-aw-sdt-tag:'dokumentavsnitt/utskottets förslag till riksdagsbeslut/1141280343/1560421957871'; -aw-sdt-title:'utskottets förslag till riksdagsbeslut'"&gt;
				&lt;span&gt; &lt;/span&gt;
			&lt;/p&gt;
			&lt;p class="Mellanrum" style="-aw-sdt-tag:'dokumentavsnitt/utskottets förslag till riksdagsbeslut/1141280343/1560421957871'; -aw-sdt-title:'utskottets förslag till riksdagsbeslut'"&gt;
				&lt;span&gt; &lt;/span&gt;
			&lt;/p&gt;
			&lt;p class="Mellanrum" style="-aw-sdt-tag:'dokumentavsnitt/utskottets förslag till riksdagsbeslut/1141280343/1560421957871'; -aw-sdt-title:'utskottets förslag till riksdagsbeslut'"&gt;
				&lt;span style="font-size:9.5pt"&gt; &lt;/span&gt;
			&lt;/p&gt;
			&lt;p&gt;
				&lt;span&gt; &lt;/span&gt;
			&lt;/p&gt;
			&lt;p class="Avsnittsrubrik"&gt;
				&lt;a name="_Toc11343550"&gt;&lt;/a&gt;&lt;a name="SlutUtskottsForslag"&gt;&lt;/a&gt;&lt;span class="tSidrubrikJA"&gt;Redogörelse för ärendet&lt;/span&gt;&lt;span style="-aw-bookmark-end:_Toc11343550"&gt;&lt;/span&gt;
			&lt;/p&gt;
			&lt;p&gt;
				&lt;span&gt;I betänkandet behandlar utskottet regeringens skrivelse 2018/19:84 ILO:s rekommendation om sysselsättning och anständigt arbete för fred o&lt;/span&gt;&lt;span&gt;ch motståndskraft. Det&lt;/span&gt;&lt;span&gt; har &lt;/span&gt;&lt;span&gt;inte &lt;/span&gt;&lt;span&gt;väckts &lt;/span&gt;&lt;span&gt;någon motion &lt;/span&gt;&lt;span&gt;med anledning av skrivelsen.&lt;/span&gt;
			&lt;/p&gt;
			&lt;p class="NormalIndent"&gt;
				&lt;span&gt;Internationella arbets&lt;/span&gt;&lt;span&gt;organisationens (ILO) beslutande församling, Internationella arbetskonferensen, antog den 16 juni 2017&lt;/span&gt;&lt;span&gt; vid sitt 106:e möte &lt;/span&gt;&lt;span&gt;i Genève&lt;/span&gt;&lt;span&gt; &lt;/span&gt;&lt;span&gt;rekommendation nr&lt;/span&gt;&lt;span&gt; &lt;/span&gt;&lt;span&gt;205 om sysselsättning och anständigt arbete för fred och motståndskraft. Rekommendationen är en revidering och uppdatering av&lt;/span&gt;&lt;span&gt; en&lt;/span&gt;&lt;span&gt; tidigare rekommendation (nr 71) från 1944 om reglering av sysselsättning vid övergången från krig till fred.&lt;/span&gt;
			&lt;/p&gt;
			&lt;p class="NormalIndent"&gt;
				&lt;span&gt;Rekommendationen har enligt bestämmelserna i ILO-konventionen nr 144 om samråd på trepartsbasis för att främja ILO:s normer remitterats till svenska ILO-kommittén, som i sin tur&lt;/span&gt;&lt;span&gt; har&lt;/span&gt;&lt;span&gt; inhämtat remissyttranden&lt;/span&gt;&lt;span&gt;. &lt;/span&gt;
			&lt;/p&gt;
			&lt;p class="NormalIndent"&gt;
				&lt;span&gt;Enligt &lt;/span&gt;&lt;span&gt;artikel 19 i ILO:s stadga&lt;/span&gt;&lt;span&gt; är medlemsstaterna skyldiga att inom högst 18 månader &lt;/span&gt;&lt;span&gt;efter &lt;/span&gt;&lt;span&gt;Internationella &lt;/span&gt;&lt;span&gt;arbetskonferensens session för landets lagstiftande församling lägga fram antagna konventioner och rekommendationer för lagstiftning eller andra åtgärder.&lt;/span&gt;&lt;span&gt; &lt;/span&gt;&lt;span&gt;I enlighet med dessa best&lt;/span&gt;&lt;span&gt;ämmelser&lt;/span&gt;&lt;span&gt; lämnar regeringen i skrivelsen en redogörelse för ILO:s rekommendation nr&lt;/span&gt;&lt;span&gt; &lt;/span&gt;&lt;span&gt;205 om sysselsättning och anständigt arbete för fred och motståndskraft&lt;/span&gt;&lt;span&gt; och en bedömning av eventuella åtgärder för Sveriges del. &lt;/span&gt;
			&lt;/p&gt;
			&lt;p class="Avsnittsrubrik"&gt;
				&lt;a name="_Toc11343551"&gt;&lt;span class="tSidrubrikJA"&gt;Utskottets överväganden&lt;/span&gt;&lt;/a&gt;
			&lt;/p&gt;
			&lt;h2 style="-aw-sdt-tag:4a433e31-1878-41e1-941d-22be3172165a/förslagsrutor/-1373983121/1559488601615; -aw-sdt-title:förslagsrutor"&gt;
				&lt;a name="_Toc11343552"&gt;&lt;span&gt;ILO:s rekommendation om sysselsättning och anständigt arbete för fred och motståndskraft&lt;/span&gt;&lt;/a&gt;
			&lt;/h2&gt;
			&lt;div style="border-bottom-color:#000000; border-bottom-style:solid; border-bottom-width:0.75pt; border-left-color:#000000; border-left-style:solid; border-left-width:0.75pt; border-right-color:#000000; border-right-style:solid; border-right-width:0.75pt; border-top-color:#000000; border-top-style:solid; border-top-width:0.75pt; clear:both; margin:3.1pt 0.9pt 0pt"&gt;
				&lt;p class="Normalrutafet" style="margin:0pt; padding-right:4pt; padding-left:4pt"&gt;
					&lt;span style="-aw-bookmark-end:_Toc11343552"&gt;&lt;/span&gt;&lt;span&gt;Utskottets förslag i korthet&lt;/span&gt;
				&lt;/p&gt;
				&lt;p class="Normalruta" style="margin:0pt; padding-right:4pt; padding-left:4pt; padding-bottom:4pt"&gt;
					&lt;span&gt;Riksdagen lägger regeringens skrivelse till handlingarna.&lt;/span&gt;
				&lt;/p&gt;
			&lt;/div&gt;
			&lt;p class="Mellanrum"&gt;
				&lt;span&gt; &lt;/span&gt;
			&lt;/p&gt;
			&lt;p class="R3"&gt;
				&lt;span&gt;Skrivelsen&lt;/span&gt;
			&lt;/p&gt;
			&lt;p class="R4" style="margin-top:6pt"&gt;
				&lt;span&gt;ILO:s rekommendation&lt;/span&gt;&lt;span&gt; nr 205&lt;/span&gt;&lt;span&gt; om sysselsättning och anständigt arbete för fred och motståndskraft&lt;/span&gt;
			&lt;/p&gt;
			&lt;p&gt;
				&lt;span&gt;ILO:s rekommendation &lt;/span&gt;&lt;span&gt;nr 205 &lt;/span&gt;&lt;span&gt;om &lt;/span&gt;&lt;span&gt;sysselsättning och anständigt arbete för fred och motståndskraft&lt;/span&gt;&lt;span&gt; ersätter &lt;/span&gt;&lt;span&gt;rekommendation nr&lt;/span&gt;&lt;span&gt; &lt;/span&gt;&lt;span&gt;71 &lt;/span&gt;&lt;span&gt;angående reglering av&lt;/span&gt;&lt;span&gt; &lt;/span&gt;&lt;span&gt;sysselsättning vid övergången från krig till fred&lt;/span&gt;&lt;span&gt; som antogs i samband med andra världskrigets slut&lt;/span&gt;&lt;span&gt;. &lt;/span&gt;&lt;span&gt;Mot bakgrund av a&lt;/span&gt;&lt;span&gt;tt s&lt;/span&gt;&lt;span&gt;ituationen har förändrats sedan rekommendati&lt;/span&gt;&lt;span&gt;on nr 71 &lt;/span&gt;&lt;span&gt;antogs med många både interna och internationella konflikter och ett ökat antal kata&lt;/span&gt;&lt;span&gt;strofer orsakade av t.ex.&lt;/span&gt;&lt;span&gt; klimatf&lt;/span&gt;&lt;span&gt;örändringar och miljöförstöring &lt;/span&gt;&lt;span&gt;g&lt;/span&gt;&lt;span&gt;jorde&lt;/span&gt;&lt;span&gt; ILO bedömningen att &lt;/span&gt;&lt;span&gt;rekommendationen&lt;/span&gt;&lt;span&gt; behövde uppdateras&lt;/span&gt;&lt;span&gt;. Avsikten med revideringen är att &lt;/span&gt;&lt;span&gt;utöka tillämpningsområdet&lt;/span&gt;&lt;span&gt; och ge en uppdaterad vägledning om betydelsen av sysselsättning och anständigt arbete för förebyggande, återhämtning, fred och motståndskraft i samband med krissituationer som uppstår till följd av konflikter och katastrofer.&lt;/span&gt;&lt;span&gt; Avsikten är vidare&lt;/span&gt;&lt;span&gt; att vidga tidigare f&lt;/span&gt;&lt;span&gt;okus från uppbyggnad till att&lt;/span&gt;&lt;span&gt; även inkludera förebyggande arbete för att öka länders beredskap och motståndskraft om de drabbas av konflikter och kriser.&lt;/span&gt;&lt;span&gt; &lt;/span&gt;
			&lt;/p&gt;
			&lt;p class="NormalIndent"&gt;
				&lt;span&gt;I&lt;/span&gt;&lt;span&gt; &lt;/span&gt;&lt;span&gt;ILO:s rekommendation nr 205&lt;/span&gt;&lt;span&gt; anges&lt;/span&gt;&lt;span&gt; &lt;/span&gt;&lt;span&gt;14 vägledande principer som medlemsstaterna bör ta hänsyn till när de vidtar åtgärder för sysselsättning och anständigt arbete i förebyggande syfte och på grund av krissituationer som uppstår till följd av konflikter och katastrofer. &lt;/span&gt;&lt;span&gt;E&lt;/span&gt;&lt;span&gt;xempelvis bör&lt;/span&gt;&lt;span&gt; &lt;/span&gt;&lt;span&gt;de&lt;/span&gt;&lt;span&gt; &lt;/span&gt;&lt;span&gt;beakta&lt;/span&gt;&lt;span&gt; att främjandet av full, produktiv, fritt vald sysselsättning och anständigt arbete är avgörande för arbetet med att främja fred, förebygga&lt;/span&gt;&lt;span&gt; kriser, skapa förut&lt;/span&gt;&lt;span&gt;-&lt;/span&gt;&lt;span&gt;sättningar för återhämtning och bygga upp motståndskraft.&lt;/span&gt;&lt;span&gt; &lt;/span&gt;&lt;span&gt;I &lt;/span&gt;&lt;span&gt;rekommenda&lt;/span&gt;&lt;span&gt;-&lt;/span&gt;&lt;span&gt;tionen&lt;/span&gt;&lt;span&gt; framhålls vidare&lt;/span&gt;&lt;span&gt; behovet av att respektera, främja och förverkliga grundläggande principer och rättigheter i arbetslivet, andra mänskliga rättigheter och and&lt;/span&gt;&lt;span&gt;ra internationella arbetsregler&lt;/span&gt;&lt;span&gt; och av att beakta eventuella andra tillämpliga internationella instrument och dokument. Bland principerna anges även respekt, främjande och förverkligande av lika möjligheter och lika&lt;/span&gt;&lt;span&gt; behandling för kvinnor och män&lt;/span&gt;&lt;span&gt; och av att bekämpa diskriminering. Vikten av social dialog och god samhällsstyrning lyfts också fram.&lt;/span&gt;
			&lt;/p&gt;
			&lt;p class="NormalIndent"&gt;
				&lt;span&gt;I &lt;/span&gt;&lt;span&gt;rekommendationens avsnitt III&lt;/span&gt;&lt;span&gt; &lt;/span&gt;&lt;span&gt;om strat&lt;/span&gt;&lt;span&gt;egiska förhållningssätt anges att medlemsstaterna bör&lt;/span&gt;&lt;span&gt; anta ett brett förhållningssätt för att stegvis&lt;/span&gt;&lt;span style="font-size:10pt"&gt; &lt;/span&gt;&lt;span&gt;genomföra &lt;/span&gt;&lt;span&gt;sammanhängande och heltäckande strategier för att främja fred, förebygga kriser, skapa förutsättningar för återhämtning och bygga upp motståndskraft. Det handlar bl.a. om att &lt;/span&gt;&lt;span&gt;främja hållbar sysselsättning och anständigt arbete, socialt skydd och social inkludering, hållbar utveckling, skapande av hållbara företag (särskilt små och medelstora företag), tillämpa ett jämställdhetsperspekti&lt;/span&gt;&lt;span&gt;v vid all planering av krisföre&lt;/span&gt;&lt;span&gt;bygga&lt;/span&gt;&lt;span&gt;nde insatser och krishantering &lt;/span&gt;&lt;span&gt;samt främja en social dia&lt;/span&gt;&lt;span&gt;log och kollektiva förhandlingar&lt;/span&gt;&lt;span&gt;.&lt;/span&gt;
			&lt;/p&gt;
			&lt;p class="NormalIndent"&gt;
				&lt;span&gt;I avsnittet ges också vägledning för vad krishantering omedelbart efter en konflikt eller katastrof i förekommande fall bör omfatta, bl.a. en samordnad och fullständig behovsbedömning med ett tydligt jämställdhetsperspektiv och en snabb krishantering för att tillgodose grundläggande behov och tillhandahålla service, inklusive socialt skydd, försörjningsstöd m.m.&lt;/span&gt;
			&lt;/p&gt;
			&lt;p class="NormalIndent"&gt;
				&lt;span&gt;I rekommendationen anges &lt;/span&gt;&lt;span&gt;även &lt;/span&gt;&lt;span&gt;vad me&lt;/span&gt;&lt;span&gt;dlemsstaterna&lt;/span&gt;&lt;span&gt; i linje med angivna principer och förhålln&lt;/span&gt;&lt;span&gt;ingssätt&lt;/span&gt;&lt;span&gt; bör göra inom ett antal&lt;/span&gt;&lt;span&gt; sakområden&lt;/span&gt;&lt;span&gt;. O&lt;/span&gt;&lt;span&gt;mrådena omfattar bl.a.&lt;/span&gt;&lt;span&gt; sysselsättnings- och&lt;/span&gt;&lt;span&gt; inkomstmöjligheter&lt;/span&gt;&lt;span&gt;, &lt;/span&gt;&lt;span&gt;rättigheter, &lt;/span&gt;&lt;span&gt;jämlikhet och icke&lt;/span&gt;&lt;span&gt;-&lt;/span&gt;&lt;span&gt;diskriminering, &lt;/span&gt;&lt;span&gt;arbetsrätt, arbetsmarknadsmyndig&lt;/span&gt;&lt;span&gt;heter och arbets&lt;/span&gt;&lt;span&gt;-&lt;/span&gt;&lt;span&gt;marknadsinforma&lt;/span&gt;&lt;span&gt;tion&lt;/span&gt;&lt;span&gt;, &lt;/span&gt;&lt;span&gt;social dialog och arbetsgivar- och arbetstagar&lt;/span&gt;&lt;span&gt;-&lt;/span&gt;&lt;span&gt;organisationernas roll&lt;/span&gt;&lt;span&gt;, &lt;/span&gt;&lt;span&gt;migranter som påverkas av krissituationer&lt;/span&gt;&lt;span&gt;, &lt;/span&gt;&lt;span&gt;flyktingar&lt;/span&gt;&lt;span&gt;s tillträde till arbetsmarknaden&lt;/span&gt;&lt;span&gt; och återvändande&lt;/span&gt;&lt;span&gt; samt förebyggande &lt;/span&gt;&lt;span&gt;åtgärder &lt;/span&gt;&lt;span&gt;och beredskap. &lt;/span&gt;
			&lt;/p&gt;
			&lt;p class="NormalIndent"&gt;
				&lt;span&gt;Rekommen&lt;/span&gt;&lt;span&gt;dationen gäller alla&lt;/span&gt;&lt;span&gt; arbetstagare, arbetssökande och arbetsgivare i alla sektorer i ekonomin som påverkas av krissituationer&lt;/span&gt;&lt;span&gt; som uppstår till följd av konflikter och katastrofer&lt;/span&gt;&lt;span&gt;.&lt;/span&gt;&lt;span&gt; &lt;/span&gt;
			&lt;/p&gt;
			&lt;p class="R4"&gt;
				&lt;span&gt;Regeringens överväganden&lt;/span&gt;
			&lt;/p&gt;
			&lt;p&gt;
				&lt;span&gt;Regeringen välkomnar rekommendationen &lt;/span&gt;&lt;span&gt;och anser&lt;/span&gt;&lt;span&gt; att den&lt;/span&gt;&lt;span&gt; kan ge betydelsefull vägledning i arbetet i konflikt- och krisdrabbade &lt;/span&gt;&lt;span&gt;länder &lt;/span&gt;&lt;span&gt;f&lt;/span&gt;&lt;span&gt;ör såväl medlemsstaterna som&lt;/span&gt;&lt;span&gt; ILO. Den bör även kunna utgöra ett viktigt instrument för andra FN-organ, som t.ex. FN:s flyktingorgan (UNHCR) och Internationella migrationsorganisationen (IOM).&lt;/span&gt;&lt;span&gt; &lt;/span&gt;&lt;span style="font-size:10pt"&gt;B&lt;/span&gt;&lt;span&gt;ehandlingen av rekommendat&lt;/span&gt;&lt;span&gt;ionen vid Internationella arbets&lt;/span&gt;&lt;span&gt;konferensen visade &lt;/span&gt;&lt;span&gt;enligt regeringen &lt;/span&gt;&lt;span&gt;att rekommendationen&lt;/span&gt;&lt;span&gt; har ett mycket brett trepartiskt stöd.&lt;/span&gt;&lt;span&gt; &lt;/span&gt;
			&lt;/p&gt;
			&lt;p class="NormalIndent"&gt;
				&lt;span&gt;Regeri&lt;/span&gt;&lt;span&gt;ngen anför&lt;/span&gt;&lt;span&gt; &lt;/span&gt;&lt;span&gt;i skrivelsen &lt;/span&gt;&lt;span&gt;att den arbetar aktivt för att främja ett mer hållbart arbetsliv och förbättrade förutsättningar för produktiv sysselsättning med anständiga arbetsvillkor. &lt;/span&gt;&lt;span&gt;I regeringens&lt;/span&gt;&lt;span&gt; strategi för samarbetet med ILO (2017–2020) framhålls att ILO:s roll som en ledande internationell organisation på sysselsättnings-, arbetsmarknads- och arbetslivsområdet ska befästas och synliggöras.&lt;/span&gt;&lt;span&gt; &lt;/span&gt;&lt;span&gt;I strategin anges t.ex. att Sverige ska stödja en bred diskussion om mänskliga rättigheter i arbetslivet och hur dessa samverkar med handel och utveckling.&lt;/span&gt;&lt;span&gt; &lt;/span&gt;&lt;span&gt;P&lt;/span&gt;&lt;span&gt;å global nivå &lt;/span&gt;&lt;span&gt;har &lt;/span&gt;&lt;span&gt;sysselsättnings- och arbetslivs&lt;/span&gt;&lt;span&gt;-&lt;/span&gt;&lt;span&gt;frågornas roll i kampen mot fattigdom stärkts genom FN:s Agenda 2030 för hållbar utveckling.&lt;/span&gt;&lt;span&gt; &lt;/span&gt;
			&lt;/p&gt;
			&lt;p class="NormalIndent"&gt;
				&lt;span&gt;Regeringen uppger att en nyckelfråga för regeringen i arbetet med FN:s globala flyktingramverk är att återställa flyktingars självständighet genom en &lt;/span&gt;&lt;span&gt;ökad tillgång till självförsörjning i värdländer. Regeringen verkar även i arbetet med FN:s globala migrationsramverk för att skydda migranters mänskliga rättigheter och att underlätta en säker och reglerad rörlighet av migrantarbetare med anständiga villkor, framför&lt;/span&gt;&lt;span&gt; &lt;/span&gt;&lt;span&gt;allt migrantarbetande kvinnor (&lt;/span&gt;&lt;span&gt;skr&lt;/span&gt;&lt;span&gt;. 2017/18:146). &lt;/span&gt;
			&lt;/p&gt;
			&lt;p class="NormalIndent"&gt;
				&lt;span&gt;Vidare uppger regeringen &lt;/span&gt;&lt;span&gt;att k&lt;/span&gt;&lt;span&gt;onfliktf&lt;/span&gt;&lt;span&gt;örebyggande &lt;/span&gt;&lt;span&gt;och &lt;/span&gt;&lt;span&gt;resiliens&lt;/span&gt;&lt;span&gt; &lt;/span&gt;&lt;span&gt;under de&lt;/span&gt;&lt;span&gt; senaste &lt;/span&gt;&lt;span&gt;åren&lt;/span&gt;&lt;span&gt; &lt;/span&gt;&lt;span&gt;har &lt;/span&gt;&lt;span&gt;kommit att ta allt större plats i Sveriges utrikes- och säkerhetspolitik. &lt;/span&gt;&lt;span&gt;Klimatförändringar, vattenbrist och hot mot den globala hälsan bidrar till att förvärra konflikter och kriser och driver allt fler människor på flykt. &lt;/span&gt;&lt;span&gt;Sveriges arbete inriktas mot förebyggande insatser och kapacitetsuppbyggnad, men även utbildningsinsatser. Insatser för fred och säkerhet är en viktig del av utvecklingssamarbetet (Handlingsplan Agenda 2030, Fi 2018:3). I detta&lt;/span&gt;&lt;span&gt; &lt;/span&gt;&lt;span&gt;arbete ingår också att synliggöra och stärka kvinnors inflytande och meningsfulla deltagande som aktörer för fred och&lt;/span&gt;&lt;span&gt; &lt;/span&gt;&lt;span&gt;säkerhet (Sveriges nationella handlingsplan för genomförande av FN:s &lt;/span&gt;&lt;span&gt;säkerhets&lt;/span&gt;&lt;span&gt;-&lt;/span&gt;&lt;span&gt;resolutioner&lt;/span&gt;&lt;span&gt; om kvinnor,&lt;/span&gt;&lt;span&gt; fred och säkerhet &lt;/span&gt;&lt;span&gt;2016–2020).&lt;/span&gt;&lt;span&gt; &lt;/span&gt;&lt;span&gt;I regeringens skrivelse Policyramverk för svenskt utvecklingssamarbete och humanitärt bistånd&lt;/span&gt;&lt;span&gt; (&lt;/span&gt;&lt;span&gt;skr&lt;/span&gt;&lt;span&gt;. 2016/17:60) lyfts&lt;/span&gt;&lt;span&gt; bl.a. s&lt;/span&gt;&lt;span&gt;ysselsättning och utbildning som grundläggande för att förebygga konflikter och att minska risken för återfall i konflikt.&lt;/span&gt;&lt;span&gt; &lt;/span&gt;&lt;span&gt;Även&lt;/span&gt;&lt;span&gt; i &lt;/span&gt;&lt;span&gt;regeringens stra&lt;/span&gt;&lt;span&gt;tegi för hållbar fred 2017–2022&lt;/span&gt;&lt;span&gt; anges att produktiv sysselsättning med anständiga arbetsvillkor och utbildning är grundläggande för att förebygga konflikter och att minska risken för återfall i väpnad konflikt.&lt;/span&gt;&lt;span&gt; &lt;/span&gt;&lt;span&gt;Regeringen har nyligen också antagit tre nya strategier för &lt;/span&gt;&lt;span&gt;globalt utvecklingssamarbete &lt;/span&gt;&lt;span&gt;som täcker period&lt;/span&gt;&lt;span&gt;en 2018–202&lt;/span&gt;&lt;span&gt;2&lt;/span&gt;&lt;span&gt; där bl.a. &lt;/span&gt;&lt;span&gt;f&lt;/span&gt;&lt;span&gt;rågan om stärkt ekonomisk egenmakt för kvinnor särskilt &lt;/span&gt;&lt;span&gt;lyfts &lt;/span&gt;&lt;span&gt;fram&lt;/span&gt;&lt;span&gt;.&lt;/span&gt;
			&lt;/p&gt;
			&lt;p class="NormalIndent"&gt;
				&lt;span&gt;Regeringe&lt;/span&gt;&lt;span&gt;n anser att de&lt;/span&gt;&lt;span&gt; frågor som behandlas i rekommendationen ligger i linje med regeringens politik och insatser. &lt;/span&gt;&lt;span&gt;LO och TCO föreslår i sitt&lt;/span&gt;&lt;span&gt; gemensamma&lt;/span&gt;&lt;span&gt; remissvar till svenska ILO-kommittén att &lt;/span&gt;&lt;span&gt;en analys bör göras&lt;/span&gt;&lt;span&gt; som om det bedöms nödvändigt bör leda till &lt;/span&gt;&lt;span&gt;att en handlingsplan tas fram för att underlätta Sveriges arbete med anledning av rekommendationen. Enligt regeringen&lt;/span&gt;&lt;span&gt;s bedömning &lt;/span&gt;&lt;span&gt;behövs inte någon ytterligare analys.&lt;/span&gt;&lt;span&gt; &lt;/span&gt;&lt;span&gt;Regeringen &lt;/span&gt;&lt;span&gt;anser&lt;/span&gt;&lt;span&gt; att rekommendationen inte bör leda till några författningsändringar eller andra åtgärder i Sverige. &lt;/span&gt;&lt;span&gt;Vidare gör regeringen bedömningen att rekommendationens bestämmelser inte påverkar systemen på den svenska arbetsmarknaden.&lt;/span&gt;
			&lt;/p&gt;
			&lt;p class="R3"&gt;
				&lt;span&gt;Utskottets ställningstagande&lt;/span&gt;
			&lt;/p&gt;
			&lt;p&gt;
				&lt;span&gt;Utskottet noterar inledningsvis vad regeringen anför om att r&lt;/span&gt;&lt;span&gt;ekommendationen rör viktiga områden och ger ett nytt, uppdaterat, normativt ramverk, som fokuserar på hur sysselsättning kan bidra till &lt;/span&gt;&lt;span&gt;resiliens&lt;/span&gt;&lt;span&gt; och mildra krisers effekter på ekonomier och samhällen. Den lyfter även behovet av att integrera flyktingar på arbetsmarknaden. &lt;/span&gt;&lt;span&gt;Vidare &lt;/span&gt;&lt;span&gt;uppdaterar och vidgar &lt;/span&gt;&lt;span&gt;rekommendationen&lt;/span&gt;&lt;span&gt; tillämpningsområdet från postkonfliktsituationer till att&lt;/span&gt;&lt;span&gt; även omfatta naturkatastrofer samt &lt;/span&gt;&lt;span&gt;miljö- och klimatförändringar. &lt;/span&gt;&lt;span&gt;Rekommendationen vidgar också tidigare fokus från uppbyggnad till att äve&lt;/span&gt;&lt;span&gt;n inkludera förebyggande arbete&lt;/span&gt;&lt;span&gt; med att öka länders beredskap för och motståndskraft mot att drabbas av konflikt och kriser. &lt;/span&gt;
			&lt;/p&gt;
			&lt;p class="NormalIndent"&gt;
				&lt;span&gt;Utskottet anser i likhet med regeringen att rekommendationen kan &lt;/span&gt;&lt;span&gt;ge betydelsefull vägledning i arbetet i konflikt- och krisdrabbade länder, för såväl medlem&lt;/span&gt;&lt;span&gt;sstaterna som&lt;/span&gt;&lt;span&gt; ILO. &lt;/span&gt;&lt;span&gt;Som regeringen anför&lt;/span&gt;&lt;span&gt; bör &lt;/span&gt;&lt;span&gt;den &lt;/span&gt;&lt;span&gt;även kunna utgöra ett viktigt instrument för andra FN-organ, som t.ex. FN:s flyktingorgan (UNHCR) och Internationella migrationsorganisationen (IOM).&lt;/span&gt;
			&lt;/p&gt;
			&lt;p class="NormalIndent"&gt;
				&lt;span&gt;Regeringen &lt;/span&gt;&lt;span&gt;anser&lt;/span&gt;&lt;span&gt; att rekommendationen inte &lt;/span&gt;&lt;span&gt;bör leda till några författningsändringar eller andra åtgärder i S&lt;/span&gt;&lt;span&gt;verige. Utskottet gör ingen&lt;/span&gt;&lt;span&gt; annan bedömning.&lt;/span&gt;
			&lt;/p&gt;
			&lt;p class="NormalIndent"&gt;
				&lt;span&gt;Med det anförda föreslår utskottet att riksdagen lägger regeringens skrivelse till handlingarna.&lt;/span&gt;
			&lt;/p&gt;
			&lt;p class="NormalIndent"&gt;
				&lt;span&gt; &lt;/span&gt;
			&lt;/p&gt;
			&lt;p class="Bilaga"&gt;
				&lt;span class="tBilagaJA"&gt;Bilaga &lt;/span&gt;
			&lt;/p&gt;
			&lt;p class="Bilagerubrik"&gt;
				&lt;a name="_Toc11343553"&gt;&lt;span class="tSidrubrikJA"&gt;Förteckning över behandlade förslag&lt;/span&gt;&lt;/a&gt;
			&lt;/p&gt;
			&lt;p class="Rubrik2bilaga" style="-aw-sdt-tag:'dokumentavsnitt/förteckning över behandlade förslag/-1738820183/1556283007117'; -aw-sdt-title:'förteckning över behandlade förslag'"&gt;
				&lt;a name="_Toc11343554"&gt;&lt;span&gt;Skrivelsen&lt;/span&gt;&lt;/a&gt;&lt;span&gt; &lt;/span&gt;
			&lt;/p&gt;
			&lt;p style="-aw-sdt-tag:'dokumentavsnitt/förteckning över behandlade förslag/-1738820183/1556283007117'; -aw-sdt-title:'förteckning över behandlade förslag'"&gt;
				&lt;span&gt;Regeringens skrivelse 2018/19:84 ILO:s rekommendation om sysselsättning och anständigt arbete för fred och motståndskraft.&lt;/span&gt;
			&lt;/p&gt;
			&lt;p class="Mellanrum"&gt;
				&lt;span&gt; &lt;/span&gt;
			&lt;/p&gt;
			&lt;p class="Mellanrum" style="-aw-sdt-tag:'dokumentavsnitt/förteckning över behandlade förslag/-1738820183/1556283007117'; -aw-sdt-title:'förteckning över behandlade förslag'"&gt;
				&lt;span&gt; &lt;/span&gt;
			&lt;/p&gt;
			&lt;p&gt;
				&lt;span&gt; &lt;/span&gt;
			&lt;/p&gt;
		&lt;/div&gt;
	</html>
  </dokument>
<dokutskottsforslag>
<utskottsforslag>
<punkt datatype="int32">1</punkt>
<rubrik datatype="string">ILO:s rekommendation om sysselsättning och anständigt arbete för fred och motståndskraft</rubrik>
<forslag datatype="string">Riksdagen lägger skrivelse 2018/19:84 till handlingarna.&lt;BR/&gt;&lt;BR/&gt;&lt;BR/&gt;</forslag>
<beslutstyp datatype="string">acklamation</beslutstyp>
<motforslag_nummer datatype="int32">0</motforslag_nummer>
<motforslag_partier datatype="string" />
<votering_id datatype="string" />
<votering_sammanfattning_html datatype="string" />
<votering_url_xml datatype="string" />
<rm datatype="string">2018/19</rm>
<bet datatype="string">AU15</bet>
<vinnare datatype="string">utskottet</vinnare>
</utskottsforslag>
</dokutskottsforslag>
<dokaktivitet>
<aktivitet>
<kod datatype="string">UBE</kod>
<namn datatype="string">Beredning</namn>
<datum datatype="datetime">2019-05-28 00:00:00</datum>
<status datatype="string">inträffat</status>
<ordning datatype="int32">0</ordning>
<process datatype="string" />
</aktivitet>
<aktivitet>
<kod datatype="string">JUS</kod>
<namn datatype="string">Justering</namn>
<datum datatype="datetime">2019-06-13 00:00:00</datum>
<status datatype="string">inträffat</status>
<ordning datatype="int32">0</ordning>
<process datatype="string" />
</aktivitet>
<aktivitet>
<kod datatype="string">TRY</kod>
<namn datatype="string">Trycklov</namn>
<datum datatype="datetime">2019-06-13 00:00:00</datum>
<status datatype="string">inträffat</status>
<ordning datatype="int32">0</ordning>
<process datatype="string" />
</aktivitet>
<aktivitet>
<kod datatype="string">B</kod>
<namn datatype="string">Bordläggning</namn>
<datum datatype="datetime">2019-06-18 00:00:00</datum>
<status datatype="string">inträffat</status>
<ordning datatype="int32">0</ordning>
<process datatype="string" />
</aktivitet>
<aktivitet>
<kod datatype="string">BEH</kod>
<namn datatype="string">Behandling</namn>
<datum datatype="datetime">2019-06-19 00:00:00</datum>
<status datatype="string">inträffat</status>
<ordning datatype="int32">0</ordning>
<process datatype="string" />
</aktivitet>
<aktivitet>
<kod datatype="string">BES</kod>
<namn datatype="string">Beslut</namn>
<datum datatype="datetime">2019-06-19 00:00:00</datum>
<status datatype="string">inträffat</status>
<ordning datatype="int32">0</ordning>
<process datatype="string" />
</aktivitet>
</dokaktivitet>
<dokuppgift>
<uppgift>
<kod datatype="string">beslutssammanfattningusk</kod>
<namn datatype="string">Utskottets förslag till beslut</namn>
<text datatype="string">Skrivelsen läggs till handlingarna.</text>
<dok_id datatype="string">H601AU15</dok_id>
<systemdatum datatype="datetime">2019-06-14 07:50:50</systemdatum>
</uppgift>
<uppgift>
<kod datatype="string">rdbeslut</kod>
<namn datatype="string">Riksdagens beslut</namn>
<text datatype="string">Kammaren biföll utskottets förslag.</text>
<dok_id datatype="string">H601AU15</dok_id>
<systemdatum datatype="datetime">2019-06-19 13:14:10</systemdatum>
</uppgift>
<uppgift>
<kod datatype="string">notis</kod>
<namn datatype="string">Beslut i korthet</namn>
<text datatype="string">                           &lt;p&gt;FN:s internationella arbetsorganisation, ILO, har beslutat om en rekommendation om sysselsättning och anständigt arbete för fred och motståndskraft. Syftet med rekommendationen är att ge medlemsstaterna vägledning om hur de kan skapa sysselsättning och anständigt arbete för förebyggande, återhämtning, fred och motståndskraft i samband med krissituationer som uppstår till följd av konflikter och katastrofer.&lt;/p&gt;
&lt;p&gt;Riksdagen har behandlat en skrivelse från regeringen om ILO:s rekommendation. Regeringen skriver att rekommendationen kan ge betydelsefull vägledning i arbetet i konflikt- och krisdrabbade länder och riksdagen håller med regeringen om det. Riksdagen håller också med regeringen om att rekommendationen inte bör leda till några författningsändringar eller andra åtgärder i Sverige.&lt;/p&gt;
&lt;p&gt;Riksdagen lade skrivelsen till handlingarna, det vill säga avslutade ärendet.&lt;/p&gt;
                                            </text>
<dok_id datatype="string">H601AU15</dok_id>
<systemdatum datatype="datetime">2019-07-08 15:51:09</systemdatum>
</uppgift>
<uppgift>
<kod datatype="string">notisrubrik</kod>
<namn datatype="string">Beslut</namn>
<text datatype="string">Skrivelse om ILO:s rekommendation om sysselsättning och anständigt arbete för fred och motståndskraft har behandlats (AU15)</text>
<dok_id datatype="string">H601AU15</dok_id>
<systemdatum datatype="datetime">2019-07-08 15:51:09</systemdatum>
</uppgift>
<uppgift>
<kod datatype="string">utsknotis</kod>
<namn datatype="string">Utskottets förslag till beslut</namn>
<text datatype="string">                           &lt;p&gt;FN:s internationella arbetsorganisation, ILO, har beslutat om en rekommendation om sysselsättning och anständigt arbete för fred och motståndskraft. Syftet med rekommendationen är att ge medlemsstaterna vägledning om hur de kan skapa sysselsättning och anständigt arbete för förebyggande, återhämtning, fred och motståndskraft i samband med krissituationer som uppstår till följd av konflikter och katastrofer.&lt;/p&gt;
&lt;p&gt;Arbetsmarknadsutskottet har behandlat en skrivelse från regeringen om ILO:s rekommendation. Regeringen skriver att rekommendationen kan ge betydelsefull vägledning i arbetet i konflikt- och krisdrabbade länder och Arbetsmarknadsutskottet håller med regeringen om det. Utskottet håller också med regeringen om att rekommendationen inte bör leda till några författningsändringar eller andra åtgärder i Sverige.&lt;/p&gt;
&lt;p&gt;Utskottet föreslår att riksdagen lägger skrivelsen till handlingarna, det vill säga avslutar ärendet.&lt;/p&gt;
                                            </text>
<dok_id datatype="string">H601AU15</dok_id>
<systemdatum datatype="datetime">2019-07-08 15:51:09</systemdatum>
</uppgift>
<uppgift>
<kod datatype="string">utsknotisrubrik</kod>
<namn datatype="string">Utskottets förslag</namn>
<text datatype="string">Skrivelse om ILO:s rekommendation om sysselsättning och anständigt arbete för fred och motståndskraft har behandlats (AU15)</text>
<dok_id datatype="string">H601AU15</dok_id>
<systemdatum datatype="datetime">2019-07-08 15:51:09</systemdatum>
</uppgift>
<uppgift>
<kod datatype="string">statustext</kod>
<namn datatype="string">statustext</namn>
<text datatype="string">Ärendet är avslutat</text>
<dok_id datatype="string">H601AU15</dok_id>
<systemdatum datatype="datetime">2019-06-20 00:28:03</systemdatum>
</uppgift>
<uppgift>
<kod datatype="string">debattdatumtid</kod>
<namn datatype="string">Datum och tid för debatten</namn>
<text datatype="string">2019-06-19 00:00:00</text>
<dok_id datatype="string">H601AU15</dok_id>
<systemdatum datatype="datetime">2019-07-08 15:51:09</systemdatum>
</uppgift>
<uppgift>
<kod datatype="string">beslutdatumtid</kod>
<namn datatype="string">Datum och tid för beslutet</namn>
<text datatype="string">2019-06-19 00:00:00</text>
<dok_id datatype="string">H601AU15</dok_id>
<systemdatum datatype="datetime">2019-07-08 15:51:09</systemdatum>
</uppgift>
</dokuppgift>
<dokbilaga>
<bilaga>
<dok_id datatype="string">H601AU15</dok_id>
<titel datatype="string">ILO:s rekommendation om sysselsättning och anständigt arbete för fred och motståndskraft</titel>
<subtitel datatype="string" />
<filnamn datatype="string">2018_19_AU15_20190614075012_Publicering.pdf</filnamn>
<filstorlek datatype="int32">327695</filstorlek>
<filtyp datatype="string">pdf</filtyp>
<fil_url datatype="string">http://data.riksdagen.se/fil/367CCE40-568B-4246-91E6-E7B10BE405E9</fil_url>
</bilaga>
</dokbilaga>
<dokreferens>
<referens>
<referenstyp datatype="string">behandlar</referenstyp>
<uppgift datatype="string">Skrivelse 2018/19:84 ILO:s rekommendation om sysselsättning och anständigt arbete för fred och motståndskraft</uppgift>
<ref_dok_id datatype="string">H60384</ref_dok_id>
<ref_dok_typ datatype="string">prop</ref_dok_typ>
<ref_dok_rm datatype="string">2018/19</ref_dok_rm>
<ref_dok_bet datatype="string">84</ref_dok_bet>
<ref_dok_titel datatype="string">ILO:s rekommendation om sysselsättning och anständigt arbete för fred och motståndskraft</ref_dok_titel>
<ref_dok_subtitel datatype="string" />
<ref_dok_subtyp datatype="string">skr</ref_dok_subtyp>
<ref_dok_dokumentnamn datatype="string">Skrivelse</ref_dok_dokumentnamn>
</referens>
<referens>
<referenstyp datatype="string">föredragningslista</referenstyp>
<uppgift datatype="string">föredragningslista 2018/19:108 Onsdag den 19 juni 2019</uppgift>
<ref_dok_id datatype="string">H60I108</ref_dok_id>
<ref_dok_typ datatype="string">f-lista</ref_dok_typ>
<ref_dok_rm datatype="string">2018/19</ref_dok_rm>
<ref_dok_bet datatype="string">108</ref_dok_bet>
<ref_dok_titel datatype="string">Onsdag den 19 juni 2019</ref_dok_titel>
<ref_dok_subtitel datatype="string" />
<ref_dok_subtyp datatype="string" />
<ref_dok_dokumentnamn datatype="string">Föredragningslista</ref_dok_dokumentnamn>
</referens>
<referens>
<referenstyp datatype="string">protokollbeslut</referenstyp>
<uppgift datatype="string">2019-06-19</uppgift>
<ref_dok_id datatype="string">H609108</ref_dok_id>
<ref_dok_typ datatype="string">prot</ref_dok_typ>
<ref_dok_rm datatype="string">2018/19</ref_dok_rm>
<ref_dok_bet datatype="string">108</ref_dok_bet>
<ref_dok_titel datatype="string">Protokoll 2018/19:108 Onsdagen den 19 juni</ref_dok_titel>
<ref_dok_subtitel datatype="string" />
<ref_dok_subtyp datatype="string" />
<ref_dok_dokumentnamn datatype="string">Protokoll</ref_dok_dokumentnamn>
</referens>
<referens>
<referenstyp datatype="string">rskr</referenstyp>
<uppgift datatype="string" />
<ref_dok_id datatype="string">H60K301</ref_dok_id>
<ref_dok_typ datatype="string">rskr</ref_dok_typ>
<ref_dok_rm datatype="string">2018/19</ref_dok_rm>
<ref_dok_bet datatype="string">301</ref_dok_bet>
<ref_dok_titel datatype="string">Riksdagsskrivelse 2018/19:301</ref_dok_titel>
<ref_dok_subtitel datatype="string" />
<ref_dok_subtyp datatype="string">rskr</ref_dok_subtyp>
<ref_dok_dokumentnamn datatype="string">Riksdagsskrivelse</ref_dok_dokumentnamn>
</referens>
</dokreferens>
<debatt /></dokumentstatus>