<dokumentstatus>
  <dokument>
    <hangar_id datatype="int32">5008028</hangar_id>
    <dok_id datatype="string">H601KU13</dok_id>
    <rm datatype="string">2018/19</rm>
    <beteckning datatype="string">KU13</beteckning>
    <typ datatype="string">bet</typ>
    <subtyp datatype="string">bet</subtyp>
    <doktyp datatype="string">bet</doktyp>
    <typrubrik datatype="string">Betänkande 2018/19:KU13</typrubrik>
    <dokumentnamn datatype="string">Betänkande</dokumentnamn>
    <debattnamn datatype="string">Debatt om förslag</debattnamn>
    <tempbeteckning datatype="string"></tempbeteckning>
    <organ datatype="string">KU</organ>
    <mottagare datatype="string"></mottagare>
    <nummer datatype="int32">13</nummer>
    <slutnummer datatype="int32">0</slutnummer>
    <datum datatype="datetime">2019-01-18 00:00:00</datum>
    <systemdatum datatype="datetime">2019-02-13 15:44:07</systemdatum>
    <publicerad datatype="datetime">2018-10-24 16:00:09</publicerad>
    <titel datatype="string">Nystart för en stärkt minoritetspolitik</titel>
    <subtitel datatype="string"></subtitel>
    <status datatype="string">Webbpublicering</status>
    <htmlformat datatype="string">html</htmlformat>
    <relaterat_id datatype="string"></relaterat_id>
    <source datatype="string">RIM</source>
    <sourceid datatype="string">03a23465-dfc9-4ed4-962e-1a579107b892</sourceid>
    <dokument_url_text datatype="stext">http://data.riksdagen.se/dokument/H601KU13/text</dokument_url_text>
    <dokument_url_html datatype="stext">http://data.riksdagen.se/dokument/H601KU13</dokument_url_html>
    <dokumentstatus_url_xml datatype="stext">http://data.riksdagen.se/dokumentstatus/H601KU13</dokumentstatus_url_xml>
    <utskottsforslag_url_xml datatype="stext">http://data.riksdagen.se/utskottsforslag/H601KU13</utskottsforslag_url_xml>
    <html datatype="text">&lt;style&gt;&lt;!--
 .w600px{width: 600px;font-family:Verdana, Geneva, sans-serif}
h2.dtyp{font-size:1.5em !important;} 
/********************************************************************************************************/
/* Styles for D:\Logs\DocumentConverter\\Output_5a470abb-195c-44ba-873e-1f71a8ff3e32\HTML\Dokument.html */
/* Generated by Aspose.Words for .NET 15.3.0.0                                                          */
/********************************************************************************************************/

@page Section1 { size:467.8pt 686.05pt; margin:45.35pt 102.05pt 73.7pt 70.85pt }
div.Section1 { page:Section1 }
zbody { text-align:justify; line-height:12.5pt; font-family:'Verdana'; font-size:9.5pt }
zh1, h2, h3, h4, h5, h6, p { margin:3.1pt 0pt 0pt }
zli, table { margin-top:3.1pt; margin-bottom:0pt }
zh1 { margin-top:3.1pt; margin-bottom:12pt; text-align:left; page-break-after:avoid; line-height:12.5pt; font-family:'Verdana'; font-size:16pt; font-weight:normal }
zh2 { margin-top:20pt; margin-bottom:6pt; text-align:left; page-break-inside:avoid; page-break-after:avoid; line-height:12.5pt; font-family:'Verdana'; font-size:13.5pt; font-weight:normal }
zh3 { margin-top:20pt; margin-bottom:3.1pt; text-align:left; page-break-inside:avoid; page-break-after:avoid; line-height:12.5pt; font-family:'Verdana'; font-size:10.5pt; font-weight:bold }
zh4 { margin-top:15pt; margin-bottom:3.1pt; text-align:left; page-break-inside:avoid; page-break-after:avoid; line-height:12.5pt; font-family:'Verdana'; font-size:10.5pt; font-weight:normal; font-style:italic; color:#000000 }
zh5 { margin-top:6.25pt; margin-bottom:0pt; text-align:justify; page-break-inside:avoid; page-break-after:avoid; line-height:12.5pt; font-family:'Verdana'; font-size:9.5pt; font-weight:bold }
zh6 { margin-top:6.25pt; margin-bottom:0pt; text-align:justify; page-break-inside:avoid; page-break-after:avoid; line-height:12.5pt; font-family:'Verdana'; font-size:9.5pt; font-weight:normal; font-style:italic; color:#000000 }
.Heading7 { margin-top:2pt; margin-bottom:0pt; text-align:justify; page-break-inside:avoid; page-break-after:avoid; line-height:12.5pt; font-family:'Verdana'; font-size:9.5pt; font-weight:normal; font-style:italic; color:#243f60 }
.Heading8 { margin-top:2pt; margin-bottom:0pt; text-align:justify; page-break-inside:avoid; page-break-after:avoid; line-height:12.5pt; font-family:'Verdana'; font-size:9pt; font-weight:normal; color:#272727 }
.Heading9 { margin-top:2pt; margin-bottom:0pt; text-align:justify; page-break-inside:avoid; page-break-after:avoid; line-height:12.5pt; font-family:'Verdana'; font-size:9pt; font-weight:normal; font-style:italic; color:#272727 }
.Avsnittsrubrik { margin-top:0pt; margin-bottom:27.7pt; text-align:left; page-break-before:always; page-break-after:avoid; line-height:normal; font-family:'Verdana'; font-size:16pt }
.Avvikandemeningrubrik { margin-top:0pt; margin-bottom:3.1pt; text-align:left; page-break-inside:avoid; page-break-after:avoid; line-height:12.5pt; font-family:'Verdana'; font-size:10.5pt; font-weight:bold }
.BalloonText { margin-top:3.1pt; margin-bottom:0pt; text-align:justify; line-height:normal; font-family:Tahoma; font-size:8pt }
.Bilaga { margin-top:0pt; margin-bottom:0pt; text-align:left; page-break-before:always; page-break-after:avoid; line-height:normal; widows:0; orphans:0; font-family:'Verdana'; font-size:8pt; font-variant:small-caps; text-decoration:underline }
.Bilagerubrik { margin-top:0pt; margin-bottom:17.7pt; text-align:left; page-break-after:auto; line-height:normal; widows:0; orphans:0; font-family:'Verdana'; font-size:16pt }
.Bild-Rubrik { margin-top:8pt; margin-bottom:0pt; text-align:justify; page-break-inside:avoid; page-break-after:avoid; line-height:10pt; font-family:'Verdana'; font-size:9.5pt; font-weight:bold }
.Bild-Underrubrik { margin-top:0pt; margin-bottom:1pt; text-align:left; page-break-inside:avoid; page-break-after:avoid; line-height:8pt; font-family:'Verdana'; font-size:8pt; font-weight:normal; font-style:italic }
.BodyText { margin-top:3.1pt; margin-bottom:0pt; text-align:left; line-height:12.5pt; font-family:'Verdana'; font-size:9.5pt }
.BodyTextIndent2 { margin-top:3.1pt; margin-left:14.15pt; margin-bottom:6pt; text-align:justify; line-height:200%; font-family:'Verdana'; font-size:9.5pt }
.Citatindrag { margin-top:0pt; margin-left:14.2pt; margin-bottom:6.1pt; text-indent:14.2pt; text-align:justify; line-height:10pt; font-family:'Verdana'; font-size:9.5pt }
.CommentText { margin-top:3.1pt; margin-bottom:0pt; text-align:justify; line-height:normal; font-family:'Verdana'; font-size:10pt }
.Deltagare { margin-top:0pt; margin-bottom:0pt; text-align:justify; page-break-inside:avoid; page-break-after:avoid; line-height:9.5pt; font-family:'Verdana'; font-size:9.5pt }
.Diagram-Rubrik { margin-top:8pt; margin-bottom:0pt; text-align:justify; page-break-inside:avoid; page-break-after:avoid; line-height:10pt; font-family:'Verdana'; font-size:9.5pt; font-weight:bold }
.Diagram-Underrubrik { margin-top:0pt; margin-bottom:1pt; text-align:left; page-break-inside:avoid; page-break-after:avoid; line-height:8pt; font-family:'Verdana'; font-size:8pt; font-weight:normal; font-style:italic }
.DokumentRubrik { margin-top:6pt; margin-bottom:24pt; text-align:left; line-height:normal; border-bottom-style:solid; border-bottom-width:0.75pt; border-bottom-color:#000000; padding-bottom:4pt; font-family:'Verdana'; font-size:18pt }
.Dokumentbeteckning { margin-top:0pt; margin-bottom:0pt; text-align:left; page-break-inside:avoid; page-break-after:avoid; line-height:12.5pt; font-family:'Verdana'; font-size:16pt }
.Footer { margin-top:3.1pt; margin-bottom:0pt; text-align:justify; line-height:normal; font-family:'Verdana'; font-size:9.5pt }
.FootnoteText { margin-top:0pt; margin-bottom:0pt; text-align:justify; line-height:8pt; font-family:'Verdana'; font-size:8pt }
.Fotnotstextindrag { margin-top:0pt; margin-left:5.65pt; margin-bottom:0pt; text-align:left; line-height:8pt; font-family:'Verdana'; font-size:8pt }
.Frslagspunkt { margin-top:0pt; margin-bottom:0pt; text-align:left; page-break-inside:avoid; page-break-after:avoid; line-height:12.5pt; font-family:'Verdana'; font-size:9.5pt; font-weight:bold }
.Frslagstext { margin-top:0pt; margin-bottom:0pt; text-align:justify; line-height:12.5pt; font-family:'Verdana'; font-size:9.5pt }
.Frteckningsrubrik { margin-top:9.6pt; margin-bottom:3.1pt; text-align:left; page-break-inside:avoid; page-break-after:avoid; line-height:normal; font-family:'Verdana'; font-size:9.5pt; font-weight:normal; font-style:italic; color:#000000 }
.Grupprubrik { margin-top:6pt; margin-bottom:0pt; text-align:left; page-break-inside:avoid; page-break-after:avoid; line-height:12.5pt; font-family:'Verdana'; font-size:9.5pt; font-style:italic }
.Grupprubrikindrag { margin-top:6pt; margin-left:22.1pt; margin-bottom:0pt; text-align:left; page-break-inside:avoid; page-break-after:avoid; line-height:12.5pt; font-family:'Verdana'; font-size:9.5pt; font-style:italic }
.Header { margin-top:0pt; margin-bottom:0pt; text-align:justify; line-height:normal; font-family:'Verdana'; font-size:7.5pt; font-variant:small-caps }
.Innehllsfrteckning { margin-top:0pt; margin-bottom:17.7pt; text-align:left; page-break-before:always; page-break-after:auto; line-height:normal; font-family:'Verdana'; font-size:16pt }
.Kantrubrik { margin-top:0pt; margin-bottom:0pt; text-align:justify; line-height:normal; font-family:'Verdana'; font-size:7.5pt }
.ListBullet { margin-top:6.25pt; margin-left:17.85pt; margin-bottom:6.25pt; text-indent:-17.85pt; text-align:justify; line-height:12.5pt; font-family:'Verdana'; font-size:9.5pt }
.ListParagraph { margin-top:3.1pt; margin-left:28.35pt; margin-bottom:0pt; text-align:justify; line-height:12.5pt; font-family:'Verdana'; font-size:9.5pt }
.Litentext { margin-top:0pt; margin-bottom:0pt; text-align:justify; line-height:normal; font-family:'Verdana'; font-size:8pt }
.Mellanrubrik { margin-top:11pt; margin-bottom:3.1pt; text-align:left; page-break-after:avoid; line-height:12.5pt; font-family:'Verdana'; font-size:9.5pt; font-style:italic }
.Mellanrum { margin-top:0pt; margin-bottom:0pt; text-align:left; page-break-before:auto; page-break-after:auto; line-height:1pt; widows:0; orphans:0; font-family:'Verdana'; font-size:1pt; font-variant:small-caps; text-decoration:none; color:#ffffff }
.NormalIndent { margin-top:0pt; margin-bottom:0pt; text-indent:11.35pt; text-align:justify; line-height:12.5pt; font-family:'Verdana'; font-size:9.5pt }
.Normalinskjuten { margin-top:0pt; margin-left:22.1pt; margin-bottom:0pt; text-align:justify; line-height:12.5pt; font-family:'Verdana'; font-size:9.5pt }
.Normalinskjutenindrag { margin-top:0pt; margin-left:22.1pt; margin-bottom:0pt; text-indent:11.35pt; text-align:justify; line-height:12.5pt; font-family:'Verdana'; font-size:9.5pt }
.Normalinskjutenkursiv { margin-top:6pt; margin-bottom:0pt; line-height:normal; font-family:'Verdana'; font-size:10pt; font-style:italic }
.Normalkursiv { margin-top:3.1pt; margin-bottom:0pt; text-align:left; line-height:12.5pt; font-family:'Verdana'; font-size:9.5pt; font-style:italic }
.Normalruta { margin:3.1pt 5.65pt 0pt; text-align:justify; page-break-inside:avoid; page-break-after:avoid; line-height:12.5pt; border-top-style:solid; border-top-width:0.75pt; border-top-color:#000000; border-right-style:solid; border-right-width:0.75pt; border-right-color:#000000; border-left-style:solid; border-left-width:0.75pt; border-left-color:#000000; border-bottom-style:solid; border-bottom-width:0.75pt; border-bottom-color:#000000; padding-top:4pt; padding-right:4pt; padding-left:4pt; padding-bottom:4pt; font-family:'Verdana'; font-size:10.5pt }
.Normalrutafet { margin:3.1pt 5.65pt 0pt; text-align:justify; page-break-inside:avoid; page-break-after:avoid; line-height:12.5pt; border-top-style:solid; border-top-width:0.75pt; border-top-color:#000000; border-right-style:solid; border-right-width:0.75pt; border-right-color:#000000; border-left-style:solid; border-left-width:0.75pt; border-left-color:#000000; border-bottom-style:solid; border-bottom-width:0.75pt; border-bottom-color:#000000; padding-top:4pt; padding-right:4pt; padding-left:4pt; padding-bottom:4pt; font-family:'Verdana'; font-size:10.5pt; font-weight:bold }
.Normalrutaindrag { margin:0pt 5.65pt; text-indent:11.35pt; text-align:justify; page-break-inside:avoid; page-break-after:avoid; line-height:12.5pt; border-top-style:solid; border-top-width:0.75pt; border-top-color:#000000; border-right-style:solid; border-right-width:0.75pt; border-right-color:#000000; border-left-style:solid; border-left-width:0.75pt; border-left-color:#000000; border-bottom-style:solid; border-bottom-width:0.75pt; border-bottom-color:#000000; padding-top:4pt; padding-right:4pt; padding-left:4pt; padding-bottom:4pt; font-family:'Verdana'; font-size:10.5pt }
.Normalutanluftfre { margin-top:0pt; margin-bottom:0pt; text-align:justify; line-height:12.5pt; font-family:'Verdana'; font-size:9.5pt }
.NormalNoll { margin-top:0pt; margin-bottom:3.1pt; text-align:left; line-height:12.5pt; font-family:'Verdana'; font-size:10.5pt; font-weight:bold }
.NumlistaTOC { margin:3.1pt 28.35pt 0pt 0pt; text-indent:0pt; text-align:left; line-height:normal; font-family:'Verdana'; font-size:9.5pt }
.Ordfranden { margin-top:3.1pt; margin-bottom:22pt; text-align:left; page-break-inside:avoid; page-break-after:avoid; line-height:normal; font-family:'Verdana'; font-size:9.5pt; font-style:italic }
.OrtochDatum { margin-top:18pt; margin-bottom:18pt; text-align:left; page-break-inside:avoid; page-break-after:avoid; line-height:normal; font-family:'Verdana'; font-size:9.5pt }
.Punktlistabomb { margin-top:6.25pt; margin-left:14.2pt; margin-bottom:6.25pt; text-indent:-14.2pt; text-align:justify; line-height:12.5pt; font-family:'Verdana'; font-size:9.5pt }
.Punktlistagemener { margin-top:6.25pt; margin-left:14.2pt; margin-bottom:6.25pt; text-indent:-14.2pt; text-align:justify; line-height:12.5pt; font-family:'Verdana'; font-size:9.5pt }
.Punktlistalinje { margin-top:6.25pt; margin-left:14.2pt; margin-bottom:6.25pt; text-indent:-14.2pt; text-align:justify; line-height:12.5pt; font-family:'Verdana'; font-size:9.5pt }
.Punktlistasiffra { margin-top:6.25pt; margin-left:14.2pt; margin-bottom:6.25pt; text-indent:-14.2pt; text-align:justify; line-height:12.5pt; font-family:'Verdana'; font-size:9.5pt }
.PVgnar { margin-top:3.1pt; margin-bottom:26pt; text-align:left; page-break-inside:avoid; page-break-after:avoid; line-height:normal; font-family:'Verdana'; font-size:9.5pt }
.Quote { margin-top:6.1pt; margin-left:14.2pt; margin-bottom:0pt; text-align:justify; line-height:10pt; font-family:'Verdana'; font-size:9.5pt }
.R1 { margin-top:3.1pt; margin-bottom:12pt; text-align:left; page-break-after:avoid; line-height:12.5pt; font-family:'Verdana'; font-size:16pt }
.R1bilaga { margin-top:3.1pt; margin-bottom:12pt; text-align:left; page-break-after:auto; line-height:12.5pt; font-family:'Verdana'; font-size:16pt }
.R2 { margin-top:20pt; margin-bottom:6pt; text-align:left; page-break-inside:avoid; page-break-after:avoid; line-height:12.5pt; font-family:'Verdana'; font-size:13.5pt }
.R3 { margin-top:20pt; margin-bottom:3.1pt; text-align:left; page-break-inside:avoid; page-break-after:avoid; line-height:12.5pt; font-family:'Verdana'; font-size:10.5pt; font-weight:bold }
.R4 { margin-top:15pt; margin-bottom:3.1pt; text-align:left; page-break-inside:avoid; page-break-after:avoid; line-height:12.5pt; font-family:'Verdana'; font-size:10.5pt; font-weight:normal; font-style:italic; color:#000000 }
.R5 { margin-top:6.25pt; margin-bottom:0pt; text-align:justify; page-break-inside:avoid; page-break-after:avoid; line-height:12.5pt; font-family:'Verdana'; font-size:9.5pt; font-weight:bold }
.R6 { margin-top:6.25pt; margin-bottom:0pt; text-align:justify; page-break-inside:avoid; page-break-after:avoid; line-height:12.5pt; font-family:'Verdana'; font-size:9.5pt; font-weight:normal; font-style:italic; color:#000000 }
.Reservationshnvisning { margin-top:0pt; margin-bottom:8pt; text-align:right; line-height:12.5pt; font-family:'Verdana'; font-size:9.5pt; font-style:italic }
.Reservationsrubrik { margin-top:0pt; margin-bottom:3.1pt; text-align:left; page-break-inside:avoid; page-break-after:avoid; line-height:12.5pt; font-family:'Verdana'; font-size:10.5pt; font-weight:bold }
.Rubrik1Dokumentinformation { margin-top:0pt; margin-bottom:0pt; text-align:left; page-break-inside:avoid; page-break-after:avoid; line-height:12.5pt; font-family:'Verdana'; font-size:16pt }
.Rubrik1bilaga { margin-top:0pt; margin-bottom:27.7pt; text-align:left; page-break-after:auto; line-height:12.5pt; font-family:'Verdana'; font-size:16pt }
.Rubrik1medsidhuvud { margin-top:3.1pt; margin-bottom:12pt; text-align:left; page-break-before:always; page-break-after:avoid; line-height:12.5pt; font-family:'Verdana'; font-size:16pt }
.Rubrik1numrerat { margin-top:3.1pt; margin-left:0pt; margin-bottom:12pt; text-indent:0pt; text-align:left; page-break-after:avoid; line-height:12.5pt; font-family:'Verdana'; font-size:16pt }
.Rubrik1numreratmedsidhuvud { margin-top:0pt; margin-left:0pt; margin-bottom:16pt; text-indent:0pt; text-align:left; page-break-before:always; page-break-after:avoid; line-height:normal; font-family:'Verdana'; font-size:16pt }
.Rubrik2bilaga { margin-top:20pt; margin-bottom:6pt; text-align:left; page-break-inside:avoid; page-break-after:avoid; line-height:12.5pt; font-family:'Verdana'; font-size:13.5pt }
.Rubrik2numrerat { margin-top:20pt; margin-left:0pt; margin-bottom:6pt; text-indent:0pt; text-align:left; page-break-inside:avoid; page-break-after:avoid; line-height:12.5pt; font-family:'Verdana'; font-size:13.5pt }
.Rubrik3numrerat { margin-top:20pt; margin-left:0pt; margin-bottom:3.1pt; text-indent:0pt; text-align:left; page-break-inside:avoid; page-break-after:avoid; line-height:12.5pt; font-family:'Verdana'; font-size:10.5pt; font-weight:bold }
.Sammanfattning { margin-top:3.1pt; margin-bottom:12pt; text-align:left; page-break-after:auto; line-height:12.5pt; font-family:'Verdana'; font-size:16pt }
.Sidhuvudhgerstlld { margin-top:0pt; margin-bottom:0pt; text-align:right; line-height:normal; font-family:'Verdana'; font-size:7.5pt; font-variant:small-caps }
.Sidhuvudvnsterstlld { margin-top:0pt; margin-bottom:0pt; text-align:left; line-height:normal; font-family:'Verdana'; font-size:7.5pt; font-variant:small-caps }
.Stdrubrik { margin-top:12pt; margin-bottom:0pt; line-height:12pt; font-family:'Verdana'; font-size:9.5pt; font-weight:bold }
.Srskiltyttranderubrik { margin-top:0pt; margin-bottom:3.1pt; text-align:left; page-break-inside:avoid; page-break-after:avoid; line-height:12.5pt; font-family:'Verdana'; font-size:10.5pt; font-weight:bold }
.TOC1 { margin-top:0pt; margin-right:28.35pt; margin-bottom:0pt; text-align:left; line-height:normal; font-family:'Verdana'; font-size:9.5pt }
.TOC2 { margin:0pt 28.35pt 0pt 5.65pt; text-align:left; line-height:normal; font-family:'Verdana'; font-size:9.5pt }
.TOC3 { margin:0pt 28.35pt 0pt 11.35pt; text-align:left; line-height:normal; font-family:'Verdana'; font-size:9.5pt }
.TOC4 { margin:0pt 28.35pt 0pt 17pt; text-align:left; line-height:normal; font-family:'Verdana'; font-size:9.5pt }
.TOC5 { margin:0pt 28.35pt 0pt 22.7pt; text-align:left; line-height:normal; font-family:'Verdana'; font-size:9.5pt }
.TOC6 { margin-top:0pt; margin-left:47.65pt; margin-bottom:0pt; text-align:left; line-height:normal; font-family:'Verdana'; font-size:9.5pt }
.TOC7 { margin-top:0pt; margin-right:28.35pt; margin-bottom:0pt; text-align:left; line-height:normal; font-family:'Verdana'; font-size:9.5pt }
.TOC8 { margin-top:0pt; margin-right:28.35pt; margin-bottom:0pt; text-align:left; line-height:normal; font-family:'Verdana'; font-size:9.5pt }
.TOC9 { margin-top:0pt; margin-left:8.5pt; margin-bottom:0pt; text-align:left; line-height:normal; font-family:'Verdana'; font-size:9.5pt }
.TOCHeading { margin-top:3.1pt; margin-bottom:9pt; text-align:left; page-break-before:always; page-break-inside:avoid; page-break-after:avoid; line-height:12.5pt; font-family:'Verdana'; font-size:16pt }
.Tabell-Kolumnrubrik { margin-bottom:0pt; line-height:12pt; font-family:'Verdana'; font-size:8pt; font-weight:bold }
.Tabell-Klla { margin-top:2pt; margin-bottom:0pt; line-height:8pt; font-family:'Verdana'; font-size:7pt }
.Tabell-Radrubrik { margin-bottom:0pt; line-height:12pt; font-family:'Verdana'; font-size:8pt }
.Tabell-Rubrik { margin-top:12pt; margin-bottom:3pt; text-align:left; page-break-inside:avoid; page-break-after:avoid; line-height:10pt; font-family:'Verdana'; font-size:9pt; font-weight:bold }
.Tabell-Siffror { margin-bottom:0pt; text-align:right; line-height:12pt; font-family:'Verdana'; font-size:8pt }
.Tabell-Text { margin-bottom:0pt; line-height:12pt; font-family:'Verdana'; font-size:8pt }
.Tabell-Underrubrik { margin-top:0pt; margin-bottom:1pt; text-align:left; page-break-inside:avoid; page-break-after:avoid; line-height:8pt; font-family:'Verdana'; font-size:8pt; font-weight:normal; font-style:italic }
.TableofFigures { margin-top:3.1pt; margin-bottom:0pt; text-align:justify; line-height:normal; font-family:'Verdana'; font-size:9.5pt }
.TillX-utskottet { margin-top:0pt; margin-bottom:12pt; text-align:left; page-break-after:avoid; line-height:12.5pt; font-family:'Verdana'; font-size:16pt }
.Title { margin-top:3.1pt; margin-bottom:1pt; text-align:left; line-height:12pt; font-family:'Verdana'; font-size:20pt; letter-spacing:-0.5pt }
.Vapen { margin-top:0pt; margin-bottom:0pt; text-align:left; page-break-inside:avoid; page-break-after:avoid; line-height:12.5pt; font-family:'Verdana'; font-size:16pt }
.Yrkandelista { margin-top:3.1pt; margin-left:28.35pt; margin-bottom:0pt; text-indent:-28.35pt; text-align:justify; line-height:12.5pt; font-family:'Verdana'; font-size:9.5pt }
.YrkandelistaEtt { margin-top:3.1pt; margin-left:0pt; margin-bottom:0pt; text-indent:0pt; text-align:justify; line-height:12.5pt; font-family:'Verdana'; font-size:9.5pt }
span.BallongtextChar { font-family:Tahoma; font-size:8pt }
span.BilagaChar { font-family:'Verdana'; font-size:8pt; font-variant:small-caps; text-decoration:underline }
span.BrdtextChar { font-family:'Verdana'; font-size:9.5pt }
span.BrdtextChar1 { font-family:'Verdana'; font-size:9.5pt }
span.Brdtextmedindrag2Char { font-family:'Verdana'; font-size:9.5pt }
span.CitatChar { font-family:'Verdana'; font-size:9.5pt }
span.DokumentRubrikChar { font-family:'Verdana'; font-size:18pt }
span.FotnotstextChar { font-family:'Verdana'; font-size:8pt }
span.FotnotstextindragChar { font-family:'Verdana'; font-size:8pt }
span.FrslagspunktChar { font-family:'Verdana'; font-size:9.5pt; font-weight:bold; font-style:normal }
span.Hyperlink { text-decoration:none; color:#000000 }
span.KommentarerChar { font-family:'Verdana'; font-size:10pt }
span.NormalkursivChar { font-family:'Verdana'; font-size:9.5pt; font-style:italic }
span.NormaltindragChar { font-family:'Verdana'; font-size:9.5pt }
span.OrdfrandenChar { font-family:'Verdana'; font-size:9.5pt; font-style:italic }
span.OrtochDatumChar { font-family:'Verdana'; font-size:9.5pt }
span.PlaceholderText { color:#808080 }
span.PVgnarChar { font-family:'Verdana'; font-size:9.5pt }
span.ReservationshnvisningChar { font-family:'Verdana'; font-size:9.5pt; font-style:italic }
span.Rubrik1Char { font-family:'Verdana'; font-size:16pt }
span.Rubrik1DokumentinformationChar { font-family:'Verdana'; font-size:16pt }
span.Rubrik2Char { font-family:'Verdana'; font-size:13.5pt }
span.Rubrik3Char { font-family:'Verdana'; font-size:10.5pt; font-weight:bold }
span.Rubrik4Char { font-family:'Verdana'; font-size:10.5pt; font-style:italic; color:#000000 }
span.Rubrik5Char { font-family:'Verdana'; font-size:9.5pt; font-weight:bold }
span.Rubrik6Char { font-family:'Verdana'; font-size:9.5pt; font-style:italic; color:#000000 }
span.Rubrik7Char { font-family:'Verdana'; font-size:9.5pt; font-style:italic; color:#243f60 }
span.Rubrik8Char { font-family:'Verdana'; font-size:9pt; color:#272727 }
span.Rubrik9Char { font-family:'Verdana'; font-size:9pt; font-style:italic; color:#272727 }
span.RubrikChar { font-family:'Verdana'; font-size:20pt; letter-spacing:-0.5pt }
span.SidfotChar { font-family:'Verdana'; font-size:9.5pt }
span.SidhuvudChar { font-family:'Verdana'; font-size:7.5pt; font-variant:small-caps }
span.Tabell-Upphjttecken { font-family:'Verdana'; font-variant:normal; text-decoration:none; text-transform:none; vertical-align:super; display:inline }
span.VapenChar { font-family:'Verdana'; font-size:16pt }
span.tBilagaJA { color:#000000 }
span.tSidrubrikJA { color:#000000 }
.TableGrid {  }
--&gt;&lt;/style&gt;

		&lt;div class="Section1"&gt;
			&lt;table cellspacing="0" cellpadding="0" style="border-collapse:collapse; margin-left:0pt"&gt;
				&lt;tr style="height:79.4pt"&gt;
					&lt;td style="vertical-align:top; width:297.7pt"&gt;
						&lt;p class="Rubrik1Dokumentinformation" style="margin-top:0pt; margin-bottom:0pt; text-align:left; page-break-inside:avoid; page-break-after:avoid; line-height:16pt"&gt;
							&lt;span style="font-family:'Verdana'; font-size:16pt; -aw-sdt-tag:ccUtskott; -aw-sdt-title:'utskottsnamn Dokumentegenskap'"&gt;Konstitutionsutskottet&lt;/span&gt;&lt;span style="font-family:'Verdana'; font-size:16pt; -aw-sdt-tag:ccS; -aw-sdt-title:s"&gt;s&lt;/span&gt;&lt;span style="font-family:'Verdana'; font-size:16pt; -aw-sdt-tag:ccMellanslag; -aw-sdt-title:Mellanslag"&gt; &lt;/span&gt;&lt;a name="Utlatande"&gt;&lt;/a&gt;&lt;span style="font-family:'Verdana'; font-size:16pt"&gt;betänkande&lt;/span&gt;
						&lt;/p&gt;
						&lt;p class="Dokumentbeteckning" style="margin-top:0pt; margin-bottom:0pt; text-align:left; page-break-inside:avoid; page-break-after:avoid; line-height:16pt"&gt;
							&lt;span style="font-family:'Verdana'; font-size:16pt; -aw-sdt-tag:ccRiksmote; -aw-sdt-title:'riksmote Dokumentegenskap'"&gt;2018/19&lt;/span&gt;&lt;span style="font-family:'Verdana'; font-size:16pt; -aw-sdt-tag:ccKolon; -aw-sdt-title:Kolon"&gt;:&lt;/span&gt;&lt;a name="Utskottebeteckning"&gt;&lt;/a&gt;&lt;span style="font-family:'Verdana'; font-size:16pt"&gt;KU13&lt;/span&gt;
						&lt;/p&gt;
						&lt;p class="Rubrik1Dokumentinformation" style="margin-top:0pt; margin-bottom:0pt; text-align:left; page-break-inside:avoid; page-break-after:avoid; line-height:16pt"&gt;
							&lt;span style="font-family:'Verdana'; font-size:16pt"&gt; &lt;/span&gt;
						&lt;/p&gt;
					&lt;/td&gt;
				&lt;/tr&gt;
			&lt;/table&gt;
			&lt;p class="DokumentRubrik" style="-aw-sdt-tag:ccDokumentrubrik; -aw-sdt-title:'dokumentrubrik Dokumentegenskap'"&gt;
				&lt;span&gt;Nystart för en stärkt minoritetspolitik&lt;/span&gt;
			&lt;/p&gt;
			&lt;p class="Sammanfattning"&gt;
				&lt;span class="tSidrubrikJA"&gt;Sammanfattning&lt;/span&gt;
			&lt;/p&gt;
			&lt;p&gt;
				&lt;span&gt;Utskottet föreslår &lt;/span&gt;&lt;span&gt;att riksdagen lägger regeringens skrivelse till handlingarna&lt;/span&gt;&lt;span&gt;.&lt;/span&gt;
			&lt;/p&gt;
			&lt;p class="NormalIndent"&gt;
				&lt;span&gt;I skrivelsen redogör regeringen översiktligt för nuläget inom minoritets&lt;/span&gt;&lt;span&gt;­&lt;/span&gt;&lt;span&gt;politiken och bedömer att arbete återstår för att efterlevnaden av de&lt;/span&gt;&lt;span&gt; nationella minoriteternas rättigheter ska kunna säkerställas. Regeringen beskriver nästa steg för en stärkt minoritetspolitik, inklusive innebörden av ett helhetsgrepp om utmaningar och möjligheter på området. Det redogörs för behovet av en nystart av politikområdets styrkedja, inklusive att myndighets&lt;/span&gt;&lt;span&gt;­&lt;/span&gt;&lt;span&gt;strukturen för samordning, utveckling och uppföljning av minoritetspolitiken bör utredas och analyseras närmare samt att uppföljningssystemet bör förbättras. Regeringen anför vidare att det krävs ett långsiktigt arbete för de nationella minoriteternas språk och kultur, bl.a. genom ett handlingsprogram för bevarande av språken och genom att organiseringen av språkcentrum eller motsvarande funktioner utreds. &lt;/span&gt;
			&lt;/p&gt;
			&lt;p class="NormalIndent"&gt;
				&lt;span&gt;Regeringen beskriver kopplingen mellan hälso- och sjukvården och minoritets&lt;/span&gt;&lt;span&gt;­&lt;/span&gt;&lt;span&gt;politiken samt behovet av kunskap om de nationella minoriteternas hälsosituation. Det bedöms även att ett långsiktigt och strategiskt arbete med kompetensförsörjning är nödvändigt för att komma tillrätta med bristen på utbildad personal. Slutligen bedömer regeringen att kunskapen om och synligheten för de nationella minoriteterna behöver öka i samhället och beskriver de olika aktörernas roller och ansvar.&lt;/span&gt;
			&lt;/p&gt;
			&lt;p class="R4"&gt;
				&lt;span&gt;Behandlade förslag&lt;/span&gt;
			&lt;/p&gt;
			&lt;p&gt;
				&lt;span&gt;Regeringens skrivelse 2017/18:282 Nystar&lt;/span&gt;&lt;span&gt;t&lt;/span&gt;&lt;span&gt; för en stärkt minoritetspolitik.&lt;/span&gt;
			&lt;/p&gt;
			&lt;p class="Innehllsfrteckning"&gt;
				&lt;a name="Innehållsförteckning"&gt;&lt;/a&gt;&lt;span class="tSidrubrikJA"&gt;Innehållsförteckning&lt;/span&gt;
			&lt;/p&gt;
			&lt;p class="TOC1"&gt;
				&lt;a style="color:#000000" href="#_Toc535573008"&gt;&lt;span class="Hyperlink"&gt;Utskottets förslag till riksdagsbeslut&lt;/span&gt;&lt;/a&gt;
			&lt;/p&gt;
			&lt;p class="TOC1"&gt;
				&lt;a style="color:#000000" href="#_Toc535573009"&gt;&lt;span class="Hyperlink"&gt;Redogörelse för ärendet&lt;/span&gt;&lt;/a&gt;
			&lt;/p&gt;
			&lt;p class="TOC2" style="margin-bottom:0pt"&gt;
				&lt;a style="color:#000000" href="#_Toc535573010"&gt;&lt;span class="Hyperlink"&gt;Ärendet och dess beredning&lt;/span&gt;&lt;/a&gt;
			&lt;/p&gt;
			&lt;p class="TOC2" style="margin-top:0pt"&gt;
				&lt;a style="color:#000000" href="#_Toc535573011"&gt;&lt;span class="Hyperlink"&gt;Bakgrund&lt;/span&gt;&lt;/a&gt;
			&lt;/p&gt;
			&lt;p class="TOC1"&gt;
				&lt;a style="color:#000000" href="#_Toc535573012"&gt;&lt;span class="Hyperlink"&gt;Utskottets överväganden&lt;/span&gt;&lt;/a&gt;
			&lt;/p&gt;
			&lt;p class="TOC2"&gt;
				&lt;a style="color:#000000" href="#_Toc535573013"&gt;&lt;span class="Hyperlink"&gt;Nystart för en stärkt minoritetspolitik&lt;/span&gt;&lt;/a&gt;
			&lt;/p&gt;
			&lt;p class="TOC8"&gt;
				&lt;span class="Hyperlink" style="font-style:italic"&gt;Bilaga&lt;/span&gt;&lt;br /&gt;&lt;a style="color:#000000" href="#_Toc535573014"&gt;&lt;span class="Hyperlink"&gt;Förteckning över behandlade förslag&lt;/span&gt;&lt;/a&gt;
			&lt;/p&gt;
			&lt;p class="TOC9"&gt;
				&lt;a style="color:#000000" href="#_Toc535573015"&gt;&lt;span class="Hyperlink"&gt;Skrivelsen&lt;/span&gt;&lt;/a&gt;
			&lt;/p&gt;
			&lt;p&gt;
			&lt;/p&gt;
			&lt;p&gt;
				&lt;span&gt; &lt;/span&gt;
			&lt;/p&gt;
			&lt;p class="NormalIndent"&gt;
				&lt;span&gt; &lt;/span&gt;
			&lt;/p&gt;
			&lt;p class="Avsnittsrubrik"&gt;
				&lt;a name="_Toc535573008"&gt;&lt;/a&gt;&lt;a name="StopCC"&gt;&lt;/a&gt;&lt;span class="tSidrubrikJA"&gt;Utskottets förslag till riksdagsbeslut&lt;/span&gt;&lt;span style="-aw-bookmark-end:_Toc535573008"&gt;&lt;/span&gt;
			&lt;/p&gt;
			&lt;p class="Mellanrum"&gt;
				&lt;span&gt; &lt;/span&gt;
			&lt;/p&gt;
			&lt;p class="Mellanrum"&gt;
				&lt;span&gt; &lt;/span&gt;
			&lt;/p&gt;
			&lt;table cellspacing="0" cellpadding="0" style="border-collapse:collapse; margin-left:0pt; width:294.2pt"&gt;
				&lt;tr&gt;
					&lt;td style="vertical-align:top; width:22pt"&gt;
						&lt;p style="margin-top:3.1pt; margin-bottom:0pt; text-align:justify; page-break-inside:avoid; page-break-after:avoid; line-height:12.5pt"&gt;
							&lt;span style="font-family:'Verdana'; font-size:10.5pt; font-weight:bold"&gt;Nystart för en stärkt minoritetspolitik&lt;/span&gt;
						&lt;/p&gt;
					&lt;/td&gt;
				&lt;/tr&gt;
			&lt;/table&gt;
			&lt;p class="Normalutanluftfre" style="-aw-sdt-tag:'dokumentavsnitt/utskottets förslag till riksdagsbeslut/2059464628/1547716570789'; -aw-sdt-title:'utskottets förslag till riksdagsbeslut'"&gt;
				&lt;span&gt;Riksdagen lägger skrivelse 2017/18:282 till handlingarna.&lt;/span&gt;
			&lt;/p&gt;
			&lt;p class="Mellanrum" style="-aw-sdt-tag:'dokumentavsnitt/utskottets förslag till riksdagsbeslut/2059464628/1547716570789'; -aw-sdt-title:'utskottets förslag till riksdagsbeslut'"&gt;
				&lt;span&gt; &lt;/span&gt;
			&lt;/p&gt;
			&lt;p class="OrtochDatum" style="-aw-sdt-tag:'dokumentavsnitt/utskottets förslag till riksdagsbeslut/2059464628/1547716570789'; -aw-sdt-title:'utskottets förslag till riksdagsbeslut'"&gt;
				&lt;span&gt;Stockholm den 17 januari 2019&lt;/span&gt;
			&lt;/p&gt;
			&lt;p class="PVgnar" style="-aw-sdt-tag:'dokumentavsnitt/utskottets förslag till riksdagsbeslut/2059464628/1547716570789'; -aw-sdt-title:'utskottets förslag till riksdagsbeslut'"&gt;
				&lt;span&gt;På konstitutionsutskottets vägnar&lt;/span&gt;
			&lt;/p&gt;
			&lt;p class="Ordfranden" style="-aw-sdt-tag:'dokumentavsnitt/utskottets förslag till riksdagsbeslut/2059464628/1547716570789'; -aw-sdt-title:'utskottets förslag till riksdagsbeslut'"&gt;
				&lt;span&gt;Hans Ekström&lt;/span&gt;
			&lt;/p&gt;
			&lt;p class="Deltagare" style="-aw-sdt-tag:'dokumentavsnitt/utskottets förslag till riksdagsbeslut/2059464628/1547716570789'; -aw-sdt-title:'utskottets förslag till riksdagsbeslut'"&gt;
				&lt;span&gt;Följande ledamöter har deltagit i beslutet: Hans Ekström (S), Marta Obminska (M), Ida Karkiainen (S), Ida Drougge (M), Per-Arne Håkansson (S), Linda Ylivainio (C), Erik Ottoson (M), Matheus Enholm (SD), Laila Naraghi (S), Tuve Skånberg (KD), Erik Ezelius (S), Bengt Eliasson (L), Fredrik Lindahl (SD), Jonas Eriksson (MP), Louise Meijer (M), Mikael Strandman (SD) och Jessica Wetterling (V).&lt;/span&gt;
			&lt;/p&gt;
			&lt;p class="Mellanrum" style="-aw-sdt-tag:'dokumentavsnitt/utskottets förslag till riksdagsbeslut/2059464628/1547716570789'; -aw-sdt-title:'utskottets förslag till riksdagsbeslut'"&gt;
				&lt;span&gt; &lt;/span&gt;
			&lt;/p&gt;
			&lt;p class="Mellanrum" style="-aw-sdt-tag:'dokumentavsnitt/utskottets förslag till riksdagsbeslut/2059464628/1547716570789'; -aw-sdt-title:'utskottets förslag till riksdagsbeslut'"&gt;
				&lt;span&gt; &lt;/span&gt;
			&lt;/p&gt;
			&lt;p class="Mellanrum" style="-aw-sdt-tag:'dokumentavsnitt/utskottets förslag till riksdagsbeslut/2059464628/1547716570789'; -aw-sdt-title:'utskottets förslag till riksdagsbeslut'"&gt;
				&lt;span style="font-size:9.5pt"&gt; &lt;/span&gt;
			&lt;/p&gt;
			&lt;p&gt;
				&lt;span&gt; &lt;/span&gt;
			&lt;/p&gt;
			&lt;p class="Avsnittsrubrik"&gt;
				&lt;a name="_Toc535573009"&gt;&lt;/a&gt;&lt;a name="SlutUtskottsForslag"&gt;&lt;/a&gt;&lt;span class="tSidrubrikJA"&gt;Redogörelse för ärendet&lt;/span&gt;&lt;span style="-aw-bookmark-end:_Toc535573009"&gt;&lt;/span&gt;
			&lt;/p&gt;
			&lt;h2&gt;
				&lt;a name="_Toc535573010"&gt;&lt;span&gt;Ärendet och dess beredning&lt;/span&gt;&lt;/a&gt;
			&lt;/h2&gt;
			&lt;p&gt;
				&lt;span&gt;Regeringen beslutade den 1 september 2016 att ge en särskild utredare i uppdrag att göra en översyn och analys av lagen (2009:724) om nationella minoriteter och minoritetsspråk samt angränsande frågor &lt;/span&gt;&lt;span&gt;och &lt;/span&gt;&lt;span&gt;föreslå åtgärder i syfte att säkra efterlevnaden av de nationella m&lt;/span&gt;&lt;span&gt;inoriteternas rättigheter (dir.&lt;/span&gt;&lt;span&gt; &lt;/span&gt;&lt;span&gt;2016:73). Utredningen antog namnet Utredningen om en stärkt minoritetspolitik (&lt;/span&gt;&lt;span&gt;Ku&lt;/span&gt;&lt;span&gt; 2016:02). Enligt tilläggs&lt;/span&gt;&lt;span&gt;­&lt;/span&gt;&lt;span&gt;direktiv som beslutades den 15 juni 2017 fick utredningen även i uppdrag att analysera vad den finlandssvenska gruppen i Sverige har för ställning och överväga om den ska erkännas som nationell minoritet (dir. 2017:64). Utredningstiden förlängdes samtidigt.&lt;/span&gt;
			&lt;/p&gt;
			&lt;p class="NormalIndent"&gt;
				&lt;span&gt;I juni 2017 överlämnade utredningen delbetänkandet Nästa steg? Förslag för en stärkt minoritetspolitik (SOU 2017:60).&lt;/span&gt;&lt;span&gt; &lt;/span&gt;
			&lt;/p&gt;
			&lt;p class="NormalIndent"&gt;
				&lt;span&gt;Regeringen beslutade den 21 mars 2018 propositionen En stärkt minoritetspolitik (prop. 2017/18:199, bet. 2017/18:KU44, rskr. 2017/18:409). Propositionen utgör en del i arbetet med att säkerställa efterlevnaden av de nationella minoriteternas rättigheter. I propositionen aviseras att regeringen avser att återkomma med ytterligare delar av den reviderade inriktningen för minoritetspolitiken.&lt;/span&gt;
			&lt;/p&gt;
			&lt;p class="NormalIndent"&gt;
				&lt;span&gt;Kulturdepartementet höll den 22 maj 2018 ett samrådsmöte med ett antal organisationer som företräder de nationella minoriteterna för att föra en dialog om den fortsatta inrikt&lt;/span&gt;&lt;span&gt;ningen för minoritetspolitiken.&lt;/span&gt;
			&lt;/p&gt;
			&lt;p class="NormalIndent"&gt;
				&lt;span&gt;Övriga&lt;/span&gt;&lt;span&gt; delar i uppdraget till Utredningen om en stärkt minoritetspolitik&lt;/span&gt;&lt;span&gt; (&lt;/span&gt;&lt;span&gt;Ku&lt;/span&gt;&lt;span&gt; &lt;/span&gt;&lt;span&gt;2016:02)&lt;/span&gt;&lt;span&gt; har &lt;/span&gt;&lt;span&gt;redovisats&lt;/span&gt;&lt;span&gt; i slut&lt;/span&gt;&lt;span&gt;betänkandet Nästa steg? Del 2. Förslag för en stärkt minoritetspolitik&lt;/span&gt;&lt;span&gt; (SOU 2017:88)&lt;/span&gt;&lt;span&gt;. Betänkandet har remissbehandlats och bereds för närvarande inom Regeringskansliet.&lt;/span&gt;
			&lt;/p&gt;
			&lt;h2&gt;
				&lt;a name="_Toc535573011"&gt;&lt;span&gt;Bakgrund&lt;/span&gt;&lt;/a&gt;
			&lt;/h2&gt;
			&lt;p&gt;
				&lt;span&gt;Målet för minoritetspolitiken&lt;/span&gt;&lt;span&gt; &lt;/span&gt;&lt;span&gt;är att ge skydd för de nationella minoriteterna och att stärka deras möjlighet till inflytande, samt att stödja de historiska minoritetsspråken så att de hålls levande&lt;/span&gt;&lt;span&gt; (prop. 2008/09:1 &lt;/span&gt;&lt;span&gt;utg.omr&lt;/span&gt;&lt;span&gt;. 1, bet. 2008/09:KU1, rskr. 2008/09:272)&lt;/span&gt;&lt;span&gt;. Det övergripande mål&lt;/span&gt;&lt;span&gt;et bröts genom reformen 2010 ned&lt;/span&gt;&lt;span&gt; i tre delområden: diskriminering och utsatthet, inflytande och delaktighet samt språk och kulturell identitet (prop. 2008/09:158 s. 45–46). De insatser och åtgärder som vidtas inom politikområdet hänför sig till de tre delområdena&lt;/span&gt;&lt;span&gt;,&lt;/span&gt;&lt;span&gt; och uppföljningen av utvecklingen genomförs och redovisas också inom dessa.&lt;/span&gt;
			&lt;/p&gt;
			&lt;p class="Avsnittsrubrik"&gt;
				&lt;a name="_Toc535573012"&gt;&lt;span class="tSidrubrikJA"&gt;Utskottets överväganden&lt;/span&gt;&lt;/a&gt;
			&lt;/p&gt;
			&lt;h2 style="-aw-sdt-tag:bc6d8c34-c65d-41dd-a4ca-310c5bef87dd/förslagsrutor/-1752406690/1539879335994; -aw-sdt-title:förslagsrutor"&gt;
				&lt;a name="_Toc535573013"&gt;&lt;span&gt;Nystart för en stärkt minoritetspolitik&lt;/span&gt;&lt;/a&gt;
			&lt;/h2&gt;
			&lt;div style="border-bottom-color:#000000; border-bottom-style:solid; border-bottom-width:0.75pt; border-left-color:#000000; border-left-style:solid; border-left-width:0.75pt; border-right-color:#000000; border-right-style:solid; border-right-width:0.75pt; border-top-color:#000000; border-top-style:solid; border-top-width:0.75pt; clear:both; margin:3.1pt 0.9pt 0pt"&gt;
				&lt;p class="Normalrutafet" style="margin:0pt; padding-right:4pt; padding-left:4pt"&gt;
					&lt;span style="-aw-bookmark-end:_Toc535573013"&gt;&lt;/span&gt;&lt;span&gt;Utskottets förslag i korthet&lt;/span&gt;
				&lt;/p&gt;
				&lt;p class="Normalruta" style="margin:0pt; padding-right:4pt; padding-left:4pt; padding-bottom:4pt"&gt;
					&lt;span&gt;Riksdagen&lt;/span&gt;&lt;span&gt; lägger regeringens skrivelse till handlingarna.&lt;/span&gt;
				&lt;/p&gt;
			&lt;/div&gt;
			&lt;p class="Mellanrum"&gt;
				&lt;span&gt; &lt;/span&gt;
			&lt;/p&gt;
			&lt;p class="R3" style="margin-bottom:0pt"&gt;
				&lt;span&gt;Skrivelsen&lt;/span&gt;
			&lt;/p&gt;
			&lt;p class="R4" style="margin-top:6pt"&gt;
				&lt;span&gt;Nuläget inom minoritetspolitiken&lt;/span&gt;
			&lt;/p&gt;
			&lt;p class="NormalIndent" style="text-indent:0pt"&gt;
				&lt;span&gt;Regeringen redovisar en nulägesbeskrivning inom minoritetspolitikens tre delområde&lt;/span&gt;&lt;span&gt;n: diskriminering och utsatthet,&lt;/span&gt;&lt;span&gt; inflytande oc&lt;/span&gt;&lt;span&gt;h delaktighet samt&lt;/span&gt;&lt;span&gt; språk och kulturell identitet. Beskrivningen grundar sig &lt;/span&gt;&lt;span&gt;främst &lt;/span&gt;&lt;span&gt;på löpande rapportering från samordnings- och uppföljnings&lt;/span&gt;&lt;span&gt;­&lt;/span&gt;&lt;span&gt;myndigheterna Länsstyrelsen i Stockholms län och Sametinget samt på Sveriges rapporter om efterlevnaden av Europarådets ramkonvention om skydd för nationella minoriteter (SÖ 2000:2, ramkonventionen) och den europeiska stadgan om landsdels- eller minoritetsspråk (SÖ 2000:3, språkstadgan) vilka överlämnades till Europarådet i juni 2016 (Ku2016/00845/DISK).&lt;/span&gt;
			&lt;/p&gt;
			&lt;p class="NormalIndent"&gt;
				&lt;span&gt;Regeringen konstaterar bl.a. att det skett &lt;/span&gt;&lt;span&gt;en positiv utveckling&lt;/span&gt;&lt;span&gt; på en övergripande nivå&lt;/span&gt;&lt;span&gt; för efterlevnaden av de nationella minoriteternas rättigheter sedan lagen (2009:724) om nationella minorite&lt;/span&gt;&lt;span&gt;ter och minoritetsspråk (minori&lt;/span&gt;&lt;span&gt;tetslagen) trädde i kraft den 1 januari 2010. Det återstår dock utmaningar, vilket är anledningen till att regeringen beslutat propositionen En stärkt minoritetspolitik (prop. 2017/18:99).&lt;/span&gt;&lt;span&gt; &lt;/span&gt;
			&lt;/p&gt;
			&lt;p class="NormalIndent"&gt;
				&lt;span&gt;Vidare konstaterar regeringen att det finns stora skillnader mellan kommuner och landsting inom respektive &lt;/span&gt;&lt;span&gt;utanför &lt;/span&gt;&lt;span&gt;för&lt;/span&gt;&lt;span&gt;valtningsområdena. &lt;/span&gt;&lt;span&gt;Aktivitetsnivån varierar även mellan de tre olika delområdena. Det mest aktiva arbetet bedrivs inom delområdet språk och kulturell identitet, dock med varierande effektivitet och kvalitet. Delområdet diskriminering och utsatthet har däremot inte prioriterats på samma sätt i den offentliga verksamheten och här finns det brister såväl vad gäller kunskapsnivån som aktivitetsnivån. Inom delområdet inflytande och delaktighet har olika delar av det allmänna varierande grad av måluppfyllelse och det kan konstateras att tydliga styr&lt;/span&gt;&lt;span&gt;­&lt;/span&gt;&lt;span&gt;dokument och en öppen dialog har varit framgångsfaktorer&lt;/span&gt;&lt;span&gt; för de kommuner, landsting och statliga myndigheter som har kommit längre i sitt arbete.&lt;/span&gt;
			&lt;/p&gt;
			&lt;p class="NormalIndent"&gt;
				&lt;span&gt;Den centrala samordningen och uppföljningen av politikområdet har varit betydande för den positiva utvecklingen. Samtidigt pekar utredningen och remissutfallet på att den nuvarande ordningen har brister.&lt;/span&gt;
			&lt;/p&gt;
			&lt;p class="NormalIndent"&gt;
				&lt;span&gt; &lt;/span&gt;
			&lt;/p&gt;
			&lt;p class="NormalIndent"&gt;
				&lt;span&gt;Regeringen gör bedömningen att det återstår arbete inom minoritetspolitiken för att efterlevnaden av de nationella minoriteternas rättigheter ska kunna säkerställas.&lt;/span&gt;&lt;span&gt; &lt;/span&gt;
			&lt;/p&gt;
			&lt;p class="R4" style="margin-top:6pt; margin-bottom:0pt"&gt;
				&lt;span&gt;Nästa steg för en stärkt minoritetspolitik&lt;/span&gt;
			&lt;/p&gt;
			&lt;p&gt;
				&lt;span&gt;Regeringen gör bedömningen att det är nödvändigt med ett helhetsgrepp om minoritetspolitiken. Detta bör bestå av tre övergripande beståndsdelar:&lt;/span&gt;
			&lt;/p&gt;
			&lt;ol type="1" style="margin:0pt; padding-left:0pt"&gt;
				&lt;li class="Punktlistasiffra" style="margin-left:12.12pt; margin-bottom:0pt; text-indent:0pt; padding-left:2.03pt; font-family:'Verdana'; font-size:9.5pt"&gt;
					&lt;span style="font-family:'Verdana'; font-size:9.5pt"&gt;ramverk&lt;/span&gt;
				&lt;/li&gt;
				&lt;li class="Punktlistasiffra" style="margin-top:0pt; margin-left:12.12pt; margin-bottom:0pt; text-indent:0pt; padding-left:2.03pt; font-family:'Verdana'; font-size:9.5pt"&gt;
					&lt;span style="font-family:'Verdana'; font-size:9.5pt"&gt;samordning,&lt;/span&gt;&lt;span style="font-family:'Verdana'; font-size:9.5pt"&gt; utveckling och uppföljning&lt;/span&gt;
				&lt;/li&gt;
				&lt;li class="Punktlistasiffra" style="margin-top:0pt; margin-left:12.12pt; text-indent:0pt; padding-left:2.03pt; font-family:'Verdana'; font-size:9.5pt"&gt;
					&lt;span style="font-family:'Verdana'; font-size:9.5pt"&gt;åtgärder.&lt;/span&gt;
				&lt;/li&gt;
			&lt;/ol&gt;
			&lt;p&gt;
				&lt;span&gt;Ett kontinuerligt utvecklingsarbete bör bedrivas för att löpande justera genom&lt;/span&gt;&lt;span&gt;­&lt;/span&gt;&lt;span&gt;förandet av minoritetspolitiken.&lt;/span&gt;
			&lt;/p&gt;
			&lt;p class="NormalIndent"&gt;
				&lt;span&gt;Vidare gör regeringen bedömningen att ansvarsfördelningen inom minoritetspolitiken bör förtydligas för att åstadkomma ökad effektivitet, systematik och långsiktighet.&lt;/span&gt;
			&lt;/p&gt;
			&lt;p class="NormalIndent"&gt;
				&lt;span&gt;D&lt;/span&gt;&lt;span&gt;e nationella minoriteternas organisationer har stor betydelse&lt;/span&gt;&lt;span&gt;, enligt regeringens bedömning,&lt;/span&gt;&lt;span&gt; för genomförandet av minoritetspolitiken, både som experter på den egna situationen och som viktiga företrädare för minoriteterna.&lt;/span&gt;&lt;span&gt; &lt;/span&gt;&lt;span&gt;Organisationsstödet till riksorganisationer som företräder de nationella minoriteterna bör höjas. Ett sådant organisationsstöd bör även införas för riksorganisationer som företräder samer i arbetet med minoritets&lt;/span&gt;&lt;span&gt;­&lt;/span&gt;&lt;span&gt;politiken.&lt;/span&gt;&lt;span&gt; &lt;/span&gt;&lt;span&gt; &lt;/span&gt;&lt;span&gt;Samordnings- och uppföljningsmyndigheterna bör vidta kapacitets- och kunskapshöjande åtgärder för att stödja organisationerna.&lt;/span&gt;
			&lt;/p&gt;
			&lt;p class="R4" style="margin-top:6pt; margin-bottom:0pt"&gt;
				&lt;span&gt;Effektiv styrning, samordning och uppföljning för fortsatt utveckling&lt;/span&gt;
			&lt;/p&gt;
			&lt;p&gt;
				&lt;span&gt;För att säkerställa efterlevnaden av de nationella minoriteternas rättigheter och måluppfyllelsen på politikområdet gör regeringen bedömningen att styrkedjan bör förbättras, tydliggöras och effektiviseras.&lt;/span&gt;&lt;span&gt; &lt;/span&gt;&lt;span&gt;Styrningen av politikområdet bör utgå från den fortsatta inriktningen för minoritetspolitiken och behovet av ökad tydlighet och transparens.&lt;/span&gt;
			&lt;/p&gt;
			&lt;p class="NormalIndent"&gt;
				&lt;span&gt;Vidare&lt;/span&gt;&lt;span&gt; gör&lt;/span&gt;&lt;span&gt; regeringen&lt;/span&gt;&lt;span&gt; bedömningen att s&lt;/span&gt;&lt;span&gt;amverkan mellan statliga myndigheter, kommuner och landsting på det minoritetspolitiska området bör förbättras.&lt;/span&gt;
			&lt;/p&gt;
			&lt;p class="NormalIndent"&gt;
				&lt;span&gt;S&lt;/span&gt;&lt;span&gt;tatliga myndigheter har stor betydelse för genomförandet av minoritetspolitiken. Därför bör ett mer strategiskt förhållningssätt till myndighetsstyrning tillämpas inom minoritetspolitiken.&lt;/span&gt;
			&lt;/p&gt;
			&lt;p class="NormalIndent"&gt;
				&lt;span&gt;Vidare bör u&lt;/span&gt;&lt;span&gt;ppföljningssystemet &lt;/span&gt;&lt;span&gt;enligt regeringens bedömning&lt;/span&gt;&lt;span&gt; utvecklas och möjligheten att på ett systematiskt och långsiktigt sätt följa och analysera utvecklingen inom alla berörda sektorer bör förbättras.&lt;/span&gt;&lt;span&gt; &lt;/span&gt;&lt;span&gt;De myndigheter som har uppföljningsansvar inom olika sektorer bör förbättra sin kapacitet att följa och analysera utvecklingen i förhållande till det minoritetspolitiska målet.&lt;/span&gt;
			&lt;/p&gt;
			&lt;p class="NormalIndent"&gt;
				&lt;span&gt;Regeringen gör även bedömningen att samordningen, utvecklingen och uppföljningen av minoritetspolitiken bör stärkas.&lt;/span&gt;
			&lt;/p&gt;
			&lt;p class="NormalIndent"&gt;
				&lt;span&gt;Myndighetsstrukturen för samordning, utveckling och uppföljning av minoritetspolitiken bör utredas och analyseras närmare.&lt;/span&gt;
			&lt;/p&gt;
			&lt;p class="NormalIndent"&gt;
				&lt;span&gt;Sametinget bör &lt;/span&gt;&lt;span&gt;även i fortsättningen&lt;/span&gt;&lt;span&gt; vara ansvarig myndighet för samiska frågor inom minoritetspolitiken.&lt;/span&gt;
			&lt;/p&gt;
			&lt;p class="R4" style="margin-top:6pt; margin-bottom:0pt"&gt;
				&lt;span&gt;Ett långsiktigt arbete för de nationella minoriteternas språk och kultur&lt;/span&gt;
			&lt;/p&gt;
			&lt;p&gt;
				&lt;span&gt;Om de nationella minoritetsspråken ska kunna bestå och utvecklas som levande språk i Sverige, är det &lt;/span&gt;&lt;span&gt;enligt regeringens bedömning &lt;/span&gt;&lt;span&gt;nödvändigt att &lt;/span&gt;&lt;span&gt;även i fortsättningen&lt;/span&gt;&lt;span&gt; vidta åtgärder för att bryta den pågående språkbytes&lt;/span&gt;&lt;span&gt;­&lt;/span&gt;&lt;span&gt;processen.&lt;/span&gt;
			&lt;/p&gt;
			&lt;p class="NormalIndent"&gt;
				&lt;span&gt;E&lt;/span&gt;&lt;span&gt;tt långsiktigt och samlat handlings&lt;/span&gt;&lt;span&gt;­&lt;/span&gt;&lt;span&gt;program för bevarande av de nationella minoritetsspråken bör&lt;/span&gt;&lt;span&gt; enligt regeringens bedömning&lt;/span&gt;&lt;span&gt; utarbetas och antas. Programmet bör innehålla såväl övergripande som specifika åtgärder och en tydlig ansvarsfördelning.&lt;/span&gt;&lt;span&gt; &lt;/span&gt;&lt;span&gt;Organiseringen av språkcentrum eller motsvarande funktioner för att främja de nationella minoritetsspråken bör utredas för att kunna ingå i handlingsprogrammet.&lt;/span&gt;
			&lt;/p&gt;
			&lt;p class="NormalIndent"&gt;
				&lt;span&gt;Vidare gör regeringen bedömningen att d&lt;/span&gt;&lt;span&gt;e nationella minoriteternas kultur utgör en viktig del av såväl det gemensamma kulturarvet som det samtida kult&lt;/span&gt;&lt;span&gt;urlivet och bör f&lt;/span&gt;&lt;span&gt;ortsätta att stödjas&lt;/span&gt;&lt;span&gt; av det allmänna. Utgångspunkten för detta bör vara att de nationella minoriteterna ska ges möjlighet att utveckla och bibehålla ett levande kulturliv.&lt;/span&gt;
			&lt;/p&gt;
			&lt;p class="R4" style="margin-top:6pt; margin-bottom:0pt"&gt;
				&lt;span&gt;Hälso- och sjukvård för de nationella minoriteterna&lt;/span&gt;
			&lt;/p&gt;
			&lt;p&gt;
				&lt;span&gt;Regeringen följer det arbete som pågår inom kunskapsnätverket för samisk hälsa. Resultatet av detta arbete bör inväntas innan regeringen tar ytterligare ställning i frågan om ett centrum för samisk hälsa.&lt;/span&gt;
			&lt;/p&gt;
			&lt;p class="NormalIndent"&gt;
				&lt;span&gt;Vidare gör regeringen bedömningen att &lt;/span&gt;&lt;span&gt;Folkhälsomyndigheten och Socialstyrelsen bör ha långsiktiga metoder för att följa de nationella minoriteternas situation inom respektive myndighets ansvarsområde. Detta bör ske med beaktande av respektive minoritets förutsättningar och behov.&lt;/span&gt;
			&lt;/p&gt;
			&lt;p class="NormalIndent"&gt;
				&lt;span&gt;Aktörer inom hälso- och sjukvården bör &lt;/span&gt;&lt;span&gt;enligt regeringen &lt;/span&gt;&lt;span&gt;ha grund&lt;/span&gt;&lt;span&gt;­&lt;/span&gt;&lt;span&gt;läggande kunskap om de nationella minoriteterna och minoritetsspråken för att kunna möta dessa i enlighet med gällande bestämmelser.&lt;/span&gt;
			&lt;/p&gt;
			&lt;p class="R4" style="margin-top:6pt"&gt;
				&lt;span&gt;Kompetensförsörjning för framtiden&lt;/span&gt;
			&lt;/p&gt;
			&lt;p&gt;
				&lt;span&gt;T&lt;/span&gt;&lt;span&gt;illgången till personal med språk- och kulturkompetens är &lt;/span&gt;&lt;span&gt;enligt regeringens bedömning &lt;/span&gt;&lt;span&gt;avgörande för det allmännas möjlighet att efterleva de krav som ställs med anledning av de nationella minoriteternas rättigheter. Arbetet med kompetensförsörjnings&lt;/span&gt;&lt;span&gt;­&lt;/span&gt;&lt;span&gt;frågor bör därför vara strategiskt och långsiktigt. Det är utifrån detta syfte viktigt med goda utbildningsmöjligheter i de nationella minoritetsspråken.&lt;/span&gt;
			&lt;/p&gt;
			&lt;p class="NormalIndent"&gt;
				&lt;span&gt;Universitet och högskolor har en betydande roll för minoritetspolitiken genom de möjligheter till utbildning om de nationella minoriteterna och i de nationella minoritetsspråken som de erbjuder.&lt;/span&gt;
			&lt;/p&gt;
			&lt;p class="R4"&gt;
				&lt;span&gt;Behov av&lt;/span&gt;&lt;span&gt; ökad kunskap och synlighet&lt;/span&gt;
			&lt;/p&gt;
			&lt;p&gt;
				&lt;span&gt;Regeringen gör bedömningen att k&lt;/span&gt;&lt;span&gt;unskapen om de nationella minoriteterna och minoritetsspråken, liksom deras synlighet i samhället bör öka.&lt;/span&gt;
			&lt;/p&gt;
			&lt;p class="NormalIndent"&gt;
				&lt;span&gt;Statens skolverk har sedan den 1 februari 2018 ett samlat ansvar för frågor om de nationella minoriteterna och de nationella minoritetsspråken inom ramen för sitt verksamhetsområde. Skolverket ska inom ramen för detta ansvar verka samlande, stödjande och pådrivande.&lt;/span&gt;
			&lt;/p&gt;
			&lt;p class="NormalIndent"&gt;
				&lt;span&gt;Regeringen gör bedömningen att kunskapen om de nationella minoriteterna och de nationella minoritetsspråken inom skolväsendet bör öka.&lt;/span&gt;
			&lt;/p&gt;
			&lt;p class="NormalIndent"&gt;
				&lt;span&gt;Regeringen avser att följa det arbete med frågor om de nationella minoriteterna och minoritetsspråken som sker inom folkbildningen.&lt;/span&gt;
			&lt;/p&gt;
			&lt;p class="R3"&gt;
				&lt;span&gt;Utskottets ställningstagande&lt;/span&gt;
			&lt;/p&gt;
			&lt;p&gt;
				&lt;span&gt;Utskottet vill inledningsvis betona vikten av det beslutade målet att ge skydd för &lt;/span&gt;&lt;span&gt;de nationella minoriteterna, &lt;/span&gt;&lt;span&gt;stärka deras möjlighet till inflytande samt att stödja de historiska minoritetsspråken. &lt;/span&gt;&lt;span&gt;Utskottet vill också framhålla betydelsen av Europarådets &lt;/span&gt;&lt;span&gt;ram&lt;/span&gt;&lt;span&gt;konvention om&lt;/span&gt;&lt;span&gt; skydd för&lt;/span&gt;&lt;span&gt; nationella minoriteter&lt;/span&gt;&lt;span&gt; och den europeiska stadgan om landsdels- eller minoritetsspråk&lt;/span&gt;&lt;span&gt;. &lt;/span&gt;&lt;span&gt;I skrivelsen ger regeringen en lägesbild över minoritetspolitiken. Regeringen framhåller bland annat behovet av ett långsiktigt arbete för de nationella minoriteternas språk och kultur och betydelsen av att öka kunskapen om och synligheten för de nationella minoriteterna i samhället. Utskottet välkomnar redogörelsen och det viktiga arbete som bedrivs. &lt;/span&gt;
			&lt;/p&gt;
			&lt;p class="NormalIndent"&gt;
				&lt;span&gt;Utskottet föreslår att riksdagen lägger skrivelsen till handlingarna.&lt;/span&gt;
			&lt;/p&gt;
			&lt;p class="Bilaga"&gt;
				&lt;span class="tBilagaJA"&gt;Bilaga&lt;/span&gt;
			&lt;/p&gt;
			&lt;p class="Bilagerubrik"&gt;
				&lt;a name="_Toc535573014"&gt;&lt;span class="tSidrubrikJA"&gt;Förteckning över behandlade förslag&lt;/span&gt;&lt;/a&gt;
			&lt;/p&gt;
			&lt;p class="Rubrik2bilaga" style="-aw-sdt-tag:'dokumentavsnitt/förteckning över behandlade förslag/515849234/1539000263947'; -aw-sdt-title:'förteckning över behandlade förslag'"&gt;
				&lt;a name="_Toc535573015"&gt;&lt;span&gt;Skrivelsen&lt;/span&gt;&lt;/a&gt;&lt;span&gt; &lt;/span&gt;
			&lt;/p&gt;
			&lt;p style="-aw-sdt-tag:'dokumentavsnitt/förteckning över behandlade förslag/515849234/1539000263947'; -aw-sdt-title:'förteckning över behandlade förslag'"&gt;
				&lt;span&gt;Regeringens skrivelse 2017/18:282 Nystart för en stärkt minoritetspolitik.&lt;/span&gt;
			&lt;/p&gt;
			&lt;p class="Mellanrum"&gt;
				&lt;span&gt; &lt;/span&gt;
			&lt;/p&gt;
			&lt;p class="Mellanrum" style="-aw-sdt-tag:'dokumentavsnitt/förteckning över behandlade förslag/515849234/1539000263947'; -aw-sdt-title:'förteckning över behandlade förslag'"&gt;
				&lt;span&gt; &lt;/span&gt;
			&lt;/p&gt;
			&lt;p&gt;
				&lt;span&gt; &lt;/span&gt;
			&lt;/p&gt;
			&lt;p&gt;
				&lt;span&gt; &lt;/span&gt;
			&lt;/p&gt;
			&lt;p&gt;
				&lt;span&gt; &lt;/span&gt;
			&lt;/p&gt;
			&lt;p&gt;
				&lt;span&gt; &lt;/span&gt;
			&lt;/p&gt;
		&lt;/div&gt;
	</html>
  </dokument>
<dokutskottsforslag>
<utskottsforslag>
<punkt datatype="int32">1</punkt>
<rubrik datatype="string">Nystart för en stärkt minoritetspolitik</rubrik>
<forslag datatype="string">&lt;BR/&gt;Riksdagen lägger skrivelse 2017/18:282 till handlingarna.&lt;BR/&gt;&lt;BR/&gt;</forslag>
<beslutstyp datatype="string">acklamation</beslutstyp>
<motforslag_nummer datatype="int32">0</motforslag_nummer>
<motforslag_partier datatype="string" />
<votering_id datatype="string" />
<votering_sammanfattning_html datatype="string" />
<votering_url_xml datatype="string" />
<rm datatype="string">2018/19</rm>
<bet datatype="string">KU13</bet>
<vinnare datatype="string">utskottet</vinnare>
</utskottsforslag>
</dokutskottsforslag>
<dokaktivitet>
<aktivitet>
<kod datatype="string">UBE</kod>
<namn datatype="string">Beredning</namn>
<datum datatype="datetime">2018-11-29 00:00:00</datum>
<status datatype="string">inträffat</status>
<ordning datatype="int32">0</ordning>
<process datatype="string" />
</aktivitet>
<aktivitet>
<kod datatype="string">UBE</kod>
<namn datatype="string">Beredning</namn>
<datum datatype="datetime">2018-12-11 00:00:00</datum>
<status datatype="string">inträffat</status>
<ordning datatype="int32">0</ordning>
<process datatype="string" />
</aktivitet>
<aktivitet>
<kod datatype="string">JUS</kod>
<namn datatype="string">Justering</namn>
<datum datatype="datetime">2019-01-17 00:00:00</datum>
<status datatype="string">inträffat</status>
<ordning datatype="int32">0</ordning>
<process datatype="string" />
</aktivitet>
<aktivitet>
<kod datatype="string">TRY</kod>
<namn datatype="string">Trycklov</namn>
<datum datatype="datetime">2019-01-18 00:00:00</datum>
<status datatype="string">inträffat</status>
<ordning datatype="int32">0</ordning>
<process datatype="string" />
</aktivitet>
<aktivitet>
<kod datatype="string">B</kod>
<namn datatype="string">Bordläggning</namn>
<datum datatype="datetime">2019-01-22 00:00:00</datum>
<status datatype="string">inträffat</status>
<ordning datatype="int32">0</ordning>
<process datatype="string" />
</aktivitet>
<aktivitet>
<kod datatype="string">BEH</kod>
<namn datatype="string">Behandling</namn>
<datum datatype="datetime">2019-01-23 00:00:00</datum>
<status datatype="string">inträffat</status>
<ordning datatype="int32">0</ordning>
<process datatype="string" />
</aktivitet>
<aktivitet>
<kod datatype="string">BES</kod>
<namn datatype="string">Beslut</namn>
<datum datatype="datetime">2019-01-23 00:00:00</datum>
<status datatype="string">inträffat</status>
<ordning datatype="int32">0</ordning>
<process datatype="string" />
</aktivitet>
</dokaktivitet>
<dokuppgift>
<uppgift>
<kod datatype="string">notis</kod>
<namn datatype="string">Beslut i korthet</namn>
<text datatype="string">                           &lt;p&gt;Regeringen har lämnat en skrivelse om minoritetspolitiken till riksdagen. Målet för minoritetspolitiken är att ge skydd för de nationella minoriteterna, stärka deras möjlighet till inflytande samt att stödja de historiska minoritetsspråken så att de hålls levande. I skrivelsen redogör regeringen för nuläget inom minoritetspolitikens tre delområden: diskriminering och utsatthet, inflytande och delaktighet samt språk och kulturell identitet.&lt;/p&gt;
&lt;p&gt;Regeringen bedömer att arbete återstår för att de nationella minoriteternas rättigheter ska kunna säkerställas. Ett långsiktigt arbete för de nationella minoriteternas språk och kultur krävs, bland annat genom ett handlingsprogram för bevarande av språken. Kopplingen mellan hälso- och sjukvården och minoritetspolitiken beskrivs också samt behovet av kunskap om de nationella minoriteternas hälsosituation. Regeringen gör bedömningen att ett långsiktigt arbete med kompetensförsörjning är nödvändigt för att komma tillrätta med bristen på utbildad personal.&lt;/p&gt;
&lt;p&gt;Slutligen bedömer regeringen att kunskapen om och synligheten för de nationella minoriteterna behöver öka i samhället.&lt;/p&gt;
&lt;p&gt;Riksdagen har behandlat regeringens skrivelse och betonar vikten av det beslutade målet för minoritetspolitiken. Riksdagen vill också framhålla betydelsen av Europarådets ramkonvention om skydd för nationella minoriteter och den europeiska stadgan om landsdels- eller minoritetsspråk.&amp;nbsp;Riksdagen välkomnar redogörelsen och det viktiga arbete som görs.&lt;/p&gt;
&lt;p&gt;Riksdagen lade&amp;nbsp;skrivelsen till handlingarna, det vill säga avslutade ärendet.&lt;/p&gt;
                                            </text>
<dok_id datatype="string">H601KU13</dok_id>
<systemdatum datatype="datetime">2019-01-23 15:50:20</systemdatum>
</uppgift>
<uppgift>
<kod datatype="string">notisrubrik</kod>
<namn datatype="string">Beslut</namn>
<text datatype="string">Nystart för en stärkt minoritetspolitik (KU13)</text>
<dok_id datatype="string">H601KU13</dok_id>
<systemdatum datatype="datetime">2019-01-23 15:50:20</systemdatum>
</uppgift>
<uppgift>
<kod datatype="string">utsknotis</kod>
<namn datatype="string">Utskottets förslag till beslut</namn>
<text datatype="string">                           &lt;p&gt;Regeringen har lämnat en skrivelse om minoritetspolitiken till riksdagen. Målet för minoritetspolitiken är att ge skydd för de nationella minoriteterna, stärka deras möjlighet till inflytande samt att stödja de historiska minoritetsspråken så att de hålls levande. I skrivelsen redogör regeringen för nuläget inom minoritetspolitikens tre delområden: diskriminering och utsatthet, inflytande och delaktighet samt språk och kulturell identitet.&lt;/p&gt;
&lt;p&gt;Regeringen bedömer att arbete återstår för att de nationella minoriteternas rättigheter ska kunna säkerställas. Ett långsiktigt arbete för de nationella minoriteternas språk och kultur krävs, bland annat genom ett handlingsprogram för bevarande av språken. Kopplingen mellan hälso- och sjukvården och minoritetspolitiken beskrivs också samt behovet av kunskap om de nationella minoriteternas hälsosituation. Regeringen gör bedömningen att ett långsiktigt arbete med kompetensförsörjning är nödvändigt för att komma tillrätta med bristen på utbildad personal.&lt;/p&gt;
&lt;p&gt;Slutligen bedömer regeringen att kunskapen om och synligheten för de nationella minoriteterna behöver öka i samhället.&lt;/p&gt;
&lt;p&gt;Konstitutionsutskottet har behandlat regeringens skrivelse och betonar vikten av det beslutade målet för minoritetspolitiken. Utskottet vill också framhålla betydelsen av Europarådets ramkonvention om skydd för nationella minoriteter och den europeiska stadgan om landsdels- eller minoritetsspråk. Utskottet välkomnar redogörelsen och det viktiga arbete som görs. Konstitutionsutskottet föreslår att riksdagen lägger skrivelsen till handlingarna, det vill säga avslutar ärendet.&lt;/p&gt;
                                            </text>
<dok_id datatype="string">H601KU13</dok_id>
<systemdatum datatype="datetime">2019-01-23 15:50:20</systemdatum>
</uppgift>
<uppgift>
<kod datatype="string">utsknotisrubrik</kod>
<namn datatype="string">Utskottets förslag</namn>
<text datatype="string">Nystart för en stärkt minoritetspolitik (KU13)</text>
<dok_id datatype="string">H601KU13</dok_id>
<systemdatum datatype="datetime">2019-01-23 15:50:20</systemdatum>
</uppgift>
<uppgift>
<kod datatype="string">rdbeslut</kod>
<namn datatype="string">Riksdagens beslut</namn>
<text datatype="string">Kammaren biföll utskottets förslag.</text>
<dok_id datatype="string">H601KU13</dok_id>
<systemdatum datatype="datetime">2019-01-23 16:16:30</systemdatum>
</uppgift>
<uppgift>
<kod datatype="string">beslutssammanfattningusk</kod>
<namn datatype="string">Utskottets förslag till beslut</namn>
<text datatype="string">Skrivelsen läggs till handlingarna.</text>
<dok_id datatype="string">H601KU13</dok_id>
<systemdatum datatype="datetime">2019-01-21 11:09:43</systemdatum>
</uppgift>
<uppgift>
<kod datatype="string">debattdatumtid</kod>
<namn datatype="string">Datum och tid för debatten</namn>
<text datatype="string">2019-01-23 00:00:00</text>
<dok_id datatype="string">H601KU13</dok_id>
<systemdatum datatype="datetime">2019-01-23 15:50:20</systemdatum>
</uppgift>
<uppgift>
<kod datatype="string">beslutdatumtid</kod>
<namn datatype="string">Datum och tid för beslutet</namn>
<text datatype="string">2019-01-23 00:00:00</text>
<dok_id datatype="string">H601KU13</dok_id>
<systemdatum datatype="datetime">2019-01-23 15:50:20</systemdatum>
</uppgift>
<uppgift>
<kod datatype="string">statustext</kod>
<namn datatype="string">statustext</namn>
<text datatype="string">Ärendet är avslutat</text>
<dok_id datatype="string">H601KU13</dok_id>
<systemdatum datatype="datetime">2019-01-24 13:57:28</systemdatum>
</uppgift>
</dokuppgift>
<dokbilaga>
<bilaga>
<dok_id datatype="string">H601KU13</dok_id>
<titel datatype="string">Nystart för en stärkt minoritetspolitik</titel>
<subtitel datatype="string" />
<filnamn datatype="string">2018_19_KU13_20190118114317_Publicering.pdf</filnamn>
<filstorlek datatype="int32">328857</filstorlek>
<filtyp datatype="string">pdf</filtyp>
<fil_url datatype="string">http://data.riksdagen.se/fil/2C358A14-1B51-4AC1-8F9D-8C053190B353</fil_url>
</bilaga>
</dokbilaga>
<dokreferens>
<referens>
<referenstyp datatype="string">behandlar</referenstyp>
<uppgift datatype="string">Skrivelse 2017/18:282 Nystart för en stärkt minoritetspolitik</uppgift>
<ref_dok_id datatype="string">H503282</ref_dok_id>
<ref_dok_typ datatype="string">prop</ref_dok_typ>
<ref_dok_rm datatype="string">2017/18</ref_dok_rm>
<ref_dok_bet datatype="string">282</ref_dok_bet>
<ref_dok_titel datatype="string">Nystart för en stärkt minoritetspolitik</ref_dok_titel>
<ref_dok_subtitel datatype="string" />
<ref_dok_subtyp datatype="string">skr</ref_dok_subtyp>
<ref_dok_dokumentnamn datatype="string">Skrivelse</ref_dok_dokumentnamn>
</referens>
<referens>
<referenstyp datatype="string">föredragningslista</referenstyp>
<uppgift datatype="string">föredragningslista 2018/19:42 Onsdag den 23 januari 2019</uppgift>
<ref_dok_id datatype="string">H60I42</ref_dok_id>
<ref_dok_typ datatype="string">f-lista</ref_dok_typ>
<ref_dok_rm datatype="string">2018/19</ref_dok_rm>
<ref_dok_bet datatype="string">42</ref_dok_bet>
<ref_dok_titel datatype="string">Onsdag den 23 januari 2019</ref_dok_titel>
<ref_dok_subtitel datatype="string" />
<ref_dok_subtyp datatype="string" />
<ref_dok_dokumentnamn datatype="string">Föredragningslista</ref_dok_dokumentnamn>
</referens>
<referens>
<referenstyp datatype="string">protokollbeslut</referenstyp>
<uppgift datatype="string">2019-01-23</uppgift>
<ref_dok_id datatype="string">H60942</ref_dok_id>
<ref_dok_typ datatype="string">prot</ref_dok_typ>
<ref_dok_rm datatype="string">2018/19</ref_dok_rm>
<ref_dok_bet datatype="string">42</ref_dok_bet>
<ref_dok_titel datatype="string">Protokoll 2018/19:42 Onsdagen den 23 januari</ref_dok_titel>
<ref_dok_subtitel datatype="string" />
<ref_dok_subtyp datatype="string" />
<ref_dok_dokumentnamn datatype="string">Protokoll</ref_dok_dokumentnamn>
</referens>
<referens>
<referenstyp datatype="string">protokolldebatt</referenstyp>
<uppgift datatype="string">2019-01-23</uppgift>
<ref_dok_id datatype="string">H60942</ref_dok_id>
<ref_dok_typ datatype="string">prot</ref_dok_typ>
<ref_dok_rm datatype="string">2018/19</ref_dok_rm>
<ref_dok_bet datatype="string">42</ref_dok_bet>
<ref_dok_titel datatype="string">Protokoll 2018/19:42 Onsdagen den 23 januari</ref_dok_titel>
<ref_dok_subtitel datatype="string">Nystart för en stärkt minoritetspolitik</ref_dok_subtitel>
<ref_dok_subtyp datatype="string" />
<ref_dok_dokumentnamn datatype="string">Protokoll</ref_dok_dokumentnamn>
</referens>
<referens>
<referenstyp datatype="string">rskr</referenstyp>
<uppgift datatype="string" />
<ref_dok_id datatype="string">H60K123</ref_dok_id>
<ref_dok_typ datatype="string">rskr</ref_dok_typ>
<ref_dok_rm datatype="string">2018/19</ref_dok_rm>
<ref_dok_bet datatype="string">123</ref_dok_bet>
<ref_dok_titel datatype="string">Riksdagsskrivelse 2018/19:123</ref_dok_titel>
<ref_dok_subtitel datatype="string" />
<ref_dok_subtyp datatype="string">rskr</ref_dok_subtyp>
<ref_dok_dokumentnamn datatype="string">Riksdagsskrivelse</ref_dok_dokumentnamn>
</referens>
<referens>
<referenstyp datatype="string">talarlista</referenstyp>
<uppgift datatype="string">talarlista 2018/19:20190123 Onsdag den 23 januari 2019 (preliminär)</uppgift>
<ref_dok_id datatype="string">H60J20190123</ref_dok_id>
<ref_dok_typ datatype="string">t-lista</ref_dok_typ>
<ref_dok_rm datatype="string">2018/19</ref_dok_rm>
<ref_dok_bet datatype="string">20190123</ref_dok_bet>
<ref_dok_titel datatype="string">Onsdag den 23 januari 2019 (preliminär)</ref_dok_titel>
<ref_dok_subtitel datatype="string" />
<ref_dok_subtyp datatype="string" />
<ref_dok_dokumentnamn datatype="string">Talarlista</ref_dok_dokumentnamn>
</referens>
</dokreferens>
<debatt><anforande><video_id datatype="string">1100190123433366822</video_id><video_url datatype="string">1100190123433366822#pos=10</video_url><startpos datatype="string">10</startpos><tumnagel datatype="string"></tumnagel><tumnagel datatype="string">//mhdownload.riksdagen.se/riksdagen/unrestricted/thumb/1100190123433366822_mid.jpg</tumnagel><tumnagel_stor datatype="string">//mhdownload.riksdagen.se/riksdagen/unrestricted/thumb/1100190123433366822_high.jpg</tumnagel_stor><anf_video_id datatype="string">1100190123433367022</anf_video_id><anf_hangar_id datatype="int32">5020233</anf_hangar_id><anf_sekunder datatype="int32">418</anf_sekunder><anf_klockslag datatype="string">10:53</anf_klockslag><datumtid datatype="datetime">2019-01-23 10:53:14</datumtid><anf_datum datatype="datetime">2019-01-23 00:00:00</anf_datum><anf_typ datatype="string">ap</anf_typ><anf_text datatype="string"></anf_text><anf_beteckning datatype="string">2018/19:-18</anf_beteckning><anf_nummer datatype="string">18</anf_nummer><talare datatype="string">Ida Karkiainen (S)</talare><intressent_id datatype="string">0509830681123</intressent_id><parti datatype="string">S</parti><anf_rm datatype="string">2018/19</anf_rm></anforande>
<anforande><video_id datatype="string">1100190123433366822</video_id><video_url datatype="string">1100190123433366822#pos=438</video_url><startpos datatype="string">438</startpos><tumnagel datatype="string"></tumnagel><tumnagel datatype="string">//mhdownload.riksdagen.se/riksdagen/unrestricted/thumb/1100190123433366822_mid.jpg</tumnagel><tumnagel_stor datatype="string">//mhdownload.riksdagen.se/riksdagen/unrestricted/thumb/1100190123433366822_high.jpg</tumnagel_stor><anf_video_id datatype="string">1100190123433367222</anf_video_id><anf_hangar_id datatype="int32">5020234</anf_hangar_id><anf_sekunder datatype="int32">288</anf_sekunder><anf_klockslag datatype="string">11:00</anf_klockslag><datumtid datatype="datetime">2019-01-23 11:00:22</datumtid><anf_datum datatype="datetime">2019-01-23 00:00:00</anf_datum><anf_typ datatype="string">ap</anf_typ><anf_text datatype="string"></anf_text><anf_beteckning datatype="string">2018/19:-19</anf_beteckning><anf_nummer datatype="string">19</anf_nummer><talare datatype="string">Louise Meijer (M)</talare><intressent_id datatype="string">0616721755222</intressent_id><parti datatype="string">M</parti><anf_rm datatype="string">2018/19</anf_rm></anforande>
<anforande><video_id datatype="string">1100190123433366822</video_id><video_url datatype="string">1100190123433366822#pos=737</video_url><startpos datatype="string">737</startpos><tumnagel datatype="string"></tumnagel><tumnagel datatype="string">//mhdownload.riksdagen.se/riksdagen/unrestricted/thumb/1100190123433366822_mid.jpg</tumnagel><tumnagel_stor datatype="string">//mhdownload.riksdagen.se/riksdagen/unrestricted/thumb/1100190123433366822_high.jpg</tumnagel_stor><anf_video_id datatype="string">1100190123433367422</anf_video_id><anf_hangar_id datatype="int32">5020236</anf_hangar_id><anf_sekunder datatype="int32">189</anf_sekunder><anf_klockslag datatype="string">11:05</anf_klockslag><datumtid datatype="datetime">2019-01-23 11:05:21</datumtid><anf_datum datatype="datetime">2019-01-23 00:00:00</anf_datum><anf_typ datatype="string">ap</anf_typ><anf_text datatype="string"></anf_text><anf_beteckning datatype="string">2018/19:-20</anf_beteckning><anf_nummer datatype="string">20</anf_nummer><talare datatype="string">Jessica Wetterling (V)</talare><intressent_id datatype="string">0481460392727</intressent_id><parti datatype="string">V</parti><anf_rm datatype="string">2018/19</anf_rm></anforande>
<anforande><video_id datatype="string">1100190123433366822</video_id><video_url datatype="string">1100190123433366822#pos=937</video_url><startpos datatype="string">937</startpos><tumnagel datatype="string"></tumnagel><tumnagel datatype="string">//mhdownload.riksdagen.se/riksdagen/unrestricted/thumb/1100190123433366822_mid.jpg</tumnagel><tumnagel_stor datatype="string">//mhdownload.riksdagen.se/riksdagen/unrestricted/thumb/1100190123433366822_high.jpg</tumnagel_stor><anf_video_id datatype="string">1100190123433367522</anf_video_id><anf_hangar_id datatype="int32">5020237</anf_hangar_id><anf_sekunder datatype="int32">295</anf_sekunder><anf_klockslag datatype="string">11:08</anf_klockslag><datumtid datatype="datetime">2019-01-23 11:08:41</datumtid><anf_datum datatype="datetime">2019-01-23 00:00:00</anf_datum><anf_typ datatype="string">ap</anf_typ><anf_text datatype="string"></anf_text><anf_beteckning datatype="string">2018/19:-21</anf_beteckning><anf_nummer datatype="string">21</anf_nummer><talare datatype="string">Bengt Eliasson (L)</talare><intressent_id datatype="string">0116759114313</intressent_id><parti datatype="string">L</parti><anf_rm datatype="string">2018/19</anf_rm></anforande>
<anforande><video_id datatype="string">1100190123433366822</video_id><video_url datatype="string">1100190123433366822#pos=1246</video_url><startpos datatype="string">1246</startpos><tumnagel datatype="string"></tumnagel><tumnagel datatype="string">//mhdownload.riksdagen.se/riksdagen/unrestricted/thumb/1100190123433366822_mid.jpg</tumnagel><tumnagel_stor datatype="string">//mhdownload.riksdagen.se/riksdagen/unrestricted/thumb/1100190123433366822_high.jpg</tumnagel_stor><anf_video_id datatype="string">1100190123433367622</anf_video_id><anf_hangar_id datatype="int32">5020238</anf_hangar_id><anf_sekunder datatype="int32">191</anf_sekunder><anf_klockslag datatype="string">11:13</anf_klockslag><datumtid datatype="datetime">2019-01-23 11:13:50</datumtid><anf_datum datatype="datetime">2019-01-23 00:00:00</anf_datum><anf_typ datatype="string">ap</anf_typ><anf_text datatype="string"></anf_text><anf_beteckning datatype="string">2018/19:-22</anf_beteckning><anf_nummer datatype="string">22</anf_nummer><talare datatype="string">Jonas Eriksson (MP)</talare><intressent_id datatype="string">0157062733618</intressent_id><parti datatype="string">MP</parti><anf_rm datatype="string">2018/19</anf_rm></anforande>
</debatt></dokumentstatus>