<dokumentstatus>
  <dokument>
    <hangar_id datatype="int32">5004810</hangar_id>
    <dok_id datatype="string">H601AU3</dok_id>
    <rm datatype="string">2018/19</rm>
    <beteckning datatype="string">AU3</beteckning>
    <typ datatype="string">bet</typ>
    <subtyp datatype="string">bet</subtyp>
    <doktyp datatype="string">bet</doktyp>
    <typrubrik datatype="string">Betänkande 2018/19:AU3</typrubrik>
    <dokumentnamn datatype="string">Betänkande</dokumentnamn>
    <debattnamn datatype="string">Debatt om förslag</debattnamn>
    <tempbeteckning datatype="string"></tempbeteckning>
    <organ datatype="string">AU</organ>
    <mottagare datatype="string"></mottagare>
    <nummer datatype="int32">3</nummer>
    <slutnummer datatype="int32">0</slutnummer>
    <datum datatype="datetime">2018-11-26 00:00:00</datum>
    <systemdatum datatype="datetime">2018-11-26 15:21:41</systemdatum>
    <publicerad datatype="datetime">2018-10-10 16:29:42</publicerad>
    <titel datatype="string">ILO:s konvention om anständiga arbetsvillkor för hushållsarbetare</titel>
    <subtitel datatype="string"></subtitel>
    <status datatype="string">Webbpublicering</status>
    <htmlformat datatype="string">html</htmlformat>
    <relaterat_id datatype="string"></relaterat_id>
    <source datatype="string">RIM</source>
    <sourceid datatype="string">0a31cc2b-33dd-4926-85e0-a2c7a2ba5520</sourceid>
    <dokument_url_text datatype="stext">http://data.riksdagen.se/dokument/H601AU3/text</dokument_url_text>
    <dokument_url_html datatype="stext">http://data.riksdagen.se/dokument/H601AU3</dokument_url_html>
    <dokumentstatus_url_xml datatype="stext">http://data.riksdagen.se/dokumentstatus/H601AU3</dokumentstatus_url_xml>
    <utskottsforslag_url_xml datatype="stext">http://data.riksdagen.se/utskottsforslag/H601AU3</utskottsforslag_url_xml>
    <html datatype="text">&lt;style&gt;&lt;!--
 .w600px{width: 600px;font-family:Verdana, Geneva, sans-serif}
h2.dtyp{font-size:1.5em !important;} 
/********************************************************************************************************/
/* Styles for D:\Logs\DocumentConverter\\Output_6330077f-4dbd-4129-99c5-a2314482d548\HTML\Dokument.html */
/* Generated by Aspose.Words for .NET 15.3.0.0                                                          */
/********************************************************************************************************/

@page Section1 { size:467.8pt 686.05pt; margin:45.35pt 102.05pt 73.7pt 70.85pt }
div.Section1 { page:Section1 }
zbody { text-align:justify; line-height:12.5pt; font-family:'Verdana'; font-size:9.5pt }
zh1, h2, h3, h4, h5, h6, p { margin:3.1pt 0pt 0pt }
zli, table { margin-top:3.1pt; margin-bottom:0pt }
zh1 { margin-top:3.1pt; margin-bottom:12pt; text-align:left; page-break-after:avoid; line-height:12.5pt; font-family:'Verdana'; font-size:16pt; font-weight:normal }
zh2 { margin-top:20pt; margin-bottom:6pt; text-align:left; page-break-inside:avoid; page-break-after:avoid; line-height:12.5pt; font-family:'Verdana'; font-size:13.5pt; font-weight:normal }
zh3 { margin-top:20pt; margin-bottom:3.1pt; text-align:left; page-break-inside:avoid; page-break-after:avoid; line-height:12.5pt; font-family:'Verdana'; font-size:10.5pt; font-weight:bold }
zh4 { margin-top:15pt; margin-bottom:3.1pt; text-align:left; page-break-inside:avoid; page-break-after:avoid; line-height:12.5pt; font-family:'Verdana'; font-size:10.5pt; font-weight:normal; font-style:italic; color:#000000 }
zh5 { margin-top:6.25pt; margin-bottom:0pt; text-align:justify; page-break-inside:avoid; page-break-after:avoid; line-height:12.5pt; font-family:'Verdana'; font-size:9.5pt; font-weight:bold }
zh6 { margin-top:6.25pt; margin-bottom:0pt; text-align:justify; page-break-inside:avoid; page-break-after:avoid; line-height:12.5pt; font-family:'Verdana'; font-size:9.5pt; font-weight:normal; font-style:italic; color:#000000 }
.Heading7 { margin-top:2pt; margin-bottom:0pt; text-align:justify; page-break-inside:avoid; page-break-after:avoid; line-height:12.5pt; font-family:'Verdana'; font-size:9.5pt; font-weight:normal; font-style:italic; color:#243f60 }
.Heading8 { margin-top:2pt; margin-bottom:0pt; text-align:justify; page-break-inside:avoid; page-break-after:avoid; line-height:12.5pt; font-family:'Verdana'; font-size:9pt; font-weight:normal; color:#272727 }
.Heading9 { margin-top:2pt; margin-bottom:0pt; text-align:justify; page-break-inside:avoid; page-break-after:avoid; line-height:12.5pt; font-family:'Verdana'; font-size:9pt; font-weight:normal; font-style:italic; color:#272727 }
.Avsnittsrubrik { margin-top:0pt; margin-bottom:27.7pt; text-align:left; page-break-before:always; page-break-after:avoid; line-height:normal; font-family:'Verdana'; font-size:16pt }
.Avvikandemeningrubrik { margin-top:0pt; margin-bottom:3.1pt; text-align:left; page-break-inside:avoid; page-break-after:avoid; line-height:12.5pt; font-family:'Verdana'; font-size:10.5pt; font-weight:bold }
.BalloonText { margin-top:3.1pt; margin-bottom:0pt; text-align:justify; line-height:normal; font-family:Tahoma; font-size:8pt }
.Bilaga { margin-top:0pt; margin-bottom:0pt; text-align:left; page-break-before:always; page-break-after:avoid; line-height:normal; widows:0; orphans:0; font-family:'Verdana'; font-size:8pt; font-variant:small-caps; text-decoration:underline }
.Bilagerubrik { margin-top:0pt; margin-bottom:17.7pt; text-align:left; page-break-after:auto; line-height:normal; widows:0; orphans:0; font-family:'Verdana'; font-size:16pt }
.Bild-Rubrik { margin-top:8pt; margin-bottom:0pt; text-align:justify; page-break-inside:avoid; page-break-after:avoid; line-height:10pt; font-family:'Verdana'; font-size:9.5pt; font-weight:bold }
.Bild-Underrubrik { margin-top:0pt; margin-bottom:1pt; text-align:left; page-break-inside:avoid; page-break-after:avoid; line-height:8pt; font-family:'Verdana'; font-size:8pt; font-weight:normal; font-style:italic }
.BodyText { margin-top:3.1pt; margin-bottom:0pt; text-align:left; line-height:12.5pt; font-family:'Verdana'; font-size:9.5pt }
.BodyTextIndent2 { margin-top:3.1pt; margin-left:14.15pt; margin-bottom:6pt; text-align:justify; line-height:200%; font-family:'Verdana'; font-size:9.5pt }
.Citatindrag { margin-top:0pt; margin-left:14.2pt; margin-bottom:6.1pt; text-indent:14.2pt; text-align:justify; line-height:10pt; font-family:'Verdana'; font-size:9.5pt }
.CommentText { margin-top:3.1pt; margin-bottom:0pt; text-align:justify; line-height:normal; font-family:'Verdana'; font-size:10pt }
.Deltagare { margin-top:0pt; margin-bottom:0pt; text-align:justify; page-break-inside:avoid; page-break-after:avoid; line-height:9.5pt; font-family:'Verdana'; font-size:9.5pt }
.Diagram-Rubrik { margin-top:8pt; margin-bottom:0pt; text-align:justify; page-break-inside:avoid; page-break-after:avoid; line-height:10pt; font-family:'Verdana'; font-size:9.5pt; font-weight:bold }
.Diagram-Underrubrik { margin-top:0pt; margin-bottom:1pt; text-align:left; page-break-inside:avoid; page-break-after:avoid; line-height:8pt; font-family:'Verdana'; font-size:8pt; font-weight:normal; font-style:italic }
.DokumentRubrik { margin-top:6pt; margin-bottom:24pt; text-align:left; line-height:normal; border-bottom-style:solid; border-bottom-width:0.75pt; border-bottom-color:#000000; padding-bottom:4pt; font-family:'Verdana'; font-size:18pt }
.Dokumentbeteckning { margin-top:0pt; margin-bottom:0pt; text-align:left; page-break-inside:avoid; page-break-after:avoid; line-height:12.5pt; font-family:'Verdana'; font-size:16pt }
.Footer { margin-top:3.1pt; margin-bottom:0pt; text-align:justify; line-height:normal; font-family:'Verdana'; font-size:9.5pt }
.FootnoteText { margin-top:0pt; margin-bottom:0pt; text-align:justify; line-height:8pt; font-family:'Verdana'; font-size:8pt }
.Fotnotstextindrag { margin-top:0pt; margin-left:5.65pt; margin-bottom:0pt; text-align:left; line-height:8pt; font-family:'Verdana'; font-size:8pt }
.Frslagspunkt { margin-top:0pt; margin-bottom:0pt; text-align:left; page-break-inside:avoid; page-break-after:avoid; line-height:12.5pt; font-family:'Verdana'; font-size:9.5pt; font-weight:bold }
.Frslagstext { margin-top:0pt; margin-bottom:0pt; text-align:justify; line-height:12.5pt; font-family:'Verdana'; font-size:9.5pt }
.Frteckningsrubrik { margin-top:9.6pt; margin-bottom:3.1pt; text-align:left; page-break-inside:avoid; page-break-after:avoid; line-height:normal; font-family:'Verdana'; font-size:9.5pt; font-weight:normal; font-style:italic; color:#000000 }
.Grupprubrik { margin-top:6pt; margin-bottom:0pt; text-align:left; page-break-inside:avoid; page-break-after:avoid; line-height:12.5pt; font-family:'Verdana'; font-size:9.5pt; font-style:italic }
.Grupprubrikindrag { margin-top:6pt; margin-left:22.1pt; margin-bottom:0pt; text-align:left; page-break-inside:avoid; page-break-after:avoid; line-height:12.5pt; font-family:'Verdana'; font-size:9.5pt; font-style:italic }
.Header { margin-top:0pt; margin-bottom:0pt; text-align:justify; line-height:normal; font-family:'Verdana'; font-size:7.5pt; font-variant:small-caps }
.Innehllsfrteckning { margin-top:0pt; margin-bottom:17.7pt; text-align:left; page-break-before:always; page-break-after:auto; line-height:normal; font-family:'Verdana'; font-size:16pt }
.Kantrubrik { margin-top:0pt; margin-bottom:0pt; text-align:justify; line-height:normal; font-family:'Verdana'; font-size:7.5pt }
.ListBullet { margin-top:6.25pt; margin-left:17.85pt; margin-bottom:6.25pt; text-indent:-17.85pt; text-align:justify; line-height:12.5pt; font-family:'Verdana'; font-size:9.5pt }
.ListParagraph { margin-top:3.1pt; margin-left:28.35pt; margin-bottom:0pt; text-align:justify; line-height:12.5pt; font-family:'Verdana'; font-size:9.5pt }
.Litentext { margin-top:0pt; margin-bottom:0pt; text-align:justify; line-height:normal; font-family:'Verdana'; font-size:8pt }
.Mellanrubrik { margin-top:11pt; margin-bottom:3.1pt; text-align:left; page-break-after:avoid; line-height:12.5pt; font-family:'Verdana'; font-size:9.5pt; font-style:italic }
.Mellanrum { margin-top:0pt; margin-bottom:0pt; text-align:left; page-break-before:auto; page-break-after:auto; line-height:1pt; widows:0; orphans:0; font-family:'Verdana'; font-size:1pt; font-variant:small-caps; text-decoration:none; color:#ffffff }
.NormalIndent { margin-top:0pt; margin-bottom:0pt; text-indent:11.35pt; text-align:justify; line-height:12.5pt; font-family:'Verdana'; font-size:9.5pt }
.Normalinskjuten { margin-top:0pt; margin-left:22.1pt; margin-bottom:0pt; text-align:justify; line-height:12.5pt; font-family:'Verdana'; font-size:9.5pt }
.Normalinskjutenindrag { margin-top:0pt; margin-left:22.1pt; margin-bottom:0pt; text-indent:11.35pt; text-align:justify; line-height:12.5pt; font-family:'Verdana'; font-size:9.5pt }
.Normalinskjutenkursiv { margin-top:6pt; margin-bottom:0pt; line-height:normal; font-family:'Verdana'; font-size:10pt; font-style:italic }
.Normalkursiv { margin-top:3.1pt; margin-bottom:0pt; text-align:left; line-height:12.5pt; font-family:'Verdana'; font-size:9.5pt; font-style:italic }
.Normalruta { margin:3.1pt 5.65pt 0pt; text-align:justify; page-break-inside:avoid; page-break-after:avoid; line-height:12.5pt; border-top-style:solid; border-top-width:0.75pt; border-top-color:#000000; border-right-style:solid; border-right-width:0.75pt; border-right-color:#000000; border-left-style:solid; border-left-width:0.75pt; border-left-color:#000000; border-bottom-style:solid; border-bottom-width:0.75pt; border-bottom-color:#000000; padding-top:4pt; padding-right:4pt; padding-left:4pt; padding-bottom:4pt; font-family:'Verdana'; font-size:10.5pt }
.Normalrutafet { margin:3.1pt 5.65pt 0pt; text-align:justify; page-break-inside:avoid; page-break-after:avoid; line-height:12.5pt; border-top-style:solid; border-top-width:0.75pt; border-top-color:#000000; border-right-style:solid; border-right-width:0.75pt; border-right-color:#000000; border-left-style:solid; border-left-width:0.75pt; border-left-color:#000000; border-bottom-style:solid; border-bottom-width:0.75pt; border-bottom-color:#000000; padding-top:4pt; padding-right:4pt; padding-left:4pt; padding-bottom:4pt; font-family:'Verdana'; font-size:10.5pt; font-weight:bold }
.Normalrutaindrag { margin:0pt 5.65pt; text-indent:11.35pt; text-align:justify; page-break-inside:avoid; page-break-after:avoid; line-height:12.5pt; border-top-style:solid; border-top-width:0.75pt; border-top-color:#000000; border-right-style:solid; border-right-width:0.75pt; border-right-color:#000000; border-left-style:solid; border-left-width:0.75pt; border-left-color:#000000; border-bottom-style:solid; border-bottom-width:0.75pt; border-bottom-color:#000000; padding-top:4pt; padding-right:4pt; padding-left:4pt; padding-bottom:4pt; font-family:'Verdana'; font-size:10.5pt }
.Normalutanluftfre { margin-top:0pt; margin-bottom:0pt; text-align:justify; line-height:12.5pt; font-family:'Verdana'; font-size:9.5pt }
.NormalNoll { margin-top:0pt; margin-bottom:3.1pt; text-align:left; line-height:12.5pt; font-family:'Verdana'; font-size:10.5pt; font-weight:bold }
.NumlistaTOC { margin:3.1pt 28.35pt 0pt 0pt; text-indent:0pt; text-align:left; line-height:normal; font-family:'Verdana'; font-size:9.5pt }
.Ordfranden { margin-top:3.1pt; margin-bottom:22pt; text-align:left; page-break-inside:avoid; page-break-after:avoid; line-height:normal; font-family:'Verdana'; font-size:9.5pt; font-style:italic }
.OrtochDatum { margin-top:18pt; margin-bottom:18pt; text-align:left; page-break-inside:avoid; page-break-after:avoid; line-height:normal; font-family:'Verdana'; font-size:9.5pt }
.Punktlistabomb { margin-top:6.25pt; margin-left:14.2pt; margin-bottom:6.25pt; text-indent:-14.2pt; text-align:justify; line-height:12.5pt; font-family:'Verdana'; font-size:9.5pt }
.Punktlistagemener { margin-top:6.25pt; margin-left:14.2pt; margin-bottom:6.25pt; text-indent:-14.2pt; text-align:justify; line-height:12.5pt; font-family:'Verdana'; font-size:9.5pt }
.Punktlistalinje { margin-top:6.25pt; margin-left:14.2pt; margin-bottom:6.25pt; text-indent:-14.2pt; text-align:justify; line-height:12.5pt; font-family:'Verdana'; font-size:9.5pt }
.Punktlistasiffra { margin-top:6.25pt; margin-left:14.2pt; margin-bottom:6.25pt; text-indent:-14.2pt; text-align:justify; line-height:12.5pt; font-family:'Verdana'; font-size:9.5pt }
.PVgnar { margin-top:3.1pt; margin-bottom:26pt; text-align:left; page-break-inside:avoid; page-break-after:avoid; line-height:normal; font-family:'Verdana'; font-size:9.5pt }
.Quote { margin-top:6.1pt; margin-left:14.2pt; margin-bottom:0pt; text-align:justify; line-height:10pt; font-family:'Verdana'; font-size:9.5pt }
.R1 { margin-top:3.1pt; margin-bottom:12pt; text-align:left; page-break-after:avoid; line-height:12.5pt; font-family:'Verdana'; font-size:16pt }
.R1bilaga { margin-top:3.1pt; margin-bottom:12pt; text-align:left; page-break-after:auto; line-height:12.5pt; font-family:'Verdana'; font-size:16pt }
.R2 { margin-top:20pt; margin-bottom:6pt; text-align:left; page-break-inside:avoid; page-break-after:avoid; line-height:12.5pt; font-family:'Verdana'; font-size:13.5pt }
.R3 { margin-top:20pt; margin-bottom:3.1pt; text-align:left; page-break-inside:avoid; page-break-after:avoid; line-height:12.5pt; font-family:'Verdana'; font-size:10.5pt; font-weight:bold }
.R4 { margin-top:15pt; margin-bottom:3.1pt; text-align:left; page-break-inside:avoid; page-break-after:avoid; line-height:12.5pt; font-family:'Verdana'; font-size:10.5pt; font-weight:normal; font-style:italic; color:#000000 }
.R5 { margin-top:6.25pt; margin-bottom:0pt; text-align:justify; page-break-inside:avoid; page-break-after:avoid; line-height:12.5pt; font-family:'Verdana'; font-size:9.5pt; font-weight:bold }
.R6 { margin-top:6.25pt; margin-bottom:0pt; text-align:justify; page-break-inside:avoid; page-break-after:avoid; line-height:12.5pt; font-family:'Verdana'; font-size:9.5pt; font-weight:normal; font-style:italic; color:#000000 }
.Reservationshnvisning { margin-top:0pt; margin-bottom:8pt; text-align:right; line-height:12.5pt; font-family:'Verdana'; font-size:9.5pt; font-style:italic }
.Reservationsrubrik { margin-top:0pt; margin-bottom:3.1pt; text-align:left; page-break-inside:avoid; page-break-after:avoid; line-height:12.5pt; font-family:'Verdana'; font-size:10.5pt; font-weight:bold }
.Rubrik1Dokumentinformation { margin-top:0pt; margin-bottom:0pt; text-align:left; page-break-inside:avoid; page-break-after:avoid; line-height:12.5pt; font-family:'Verdana'; font-size:16pt }
.Rubrik1bilaga { margin-top:0pt; margin-bottom:27.7pt; text-align:left; page-break-after:auto; line-height:12.5pt; font-family:'Verdana'; font-size:16pt }
.Rubrik1medsidhuvud { margin-top:3.1pt; margin-bottom:12pt; text-align:left; page-break-before:always; page-break-after:avoid; line-height:12.5pt; font-family:'Verdana'; font-size:16pt }
.Rubrik1numrerat { margin-top:3.1pt; margin-left:0pt; margin-bottom:12pt; text-indent:0pt; text-align:left; page-break-after:avoid; line-height:12.5pt; font-family:'Verdana'; font-size:16pt }
.Rubrik1numreratmedsidhuvud { margin-top:0pt; margin-left:0pt; margin-bottom:16pt; text-indent:0pt; text-align:left; page-break-before:always; page-break-after:avoid; line-height:normal; font-family:'Verdana'; font-size:16pt }
.Rubrik2bilaga { margin-top:20pt; margin-bottom:6pt; text-align:left; page-break-inside:avoid; page-break-after:avoid; line-height:12.5pt; font-family:'Verdana'; font-size:13.5pt }
.Rubrik2numrerat { margin-top:20pt; margin-left:0pt; margin-bottom:6pt; text-indent:0pt; text-align:left; page-break-inside:avoid; page-break-after:avoid; line-height:12.5pt; font-family:'Verdana'; font-size:13.5pt }
.Rubrik3numrerat { margin-top:20pt; margin-left:0pt; margin-bottom:3.1pt; text-indent:0pt; text-align:left; page-break-inside:avoid; page-break-after:avoid; line-height:12.5pt; font-family:'Verdana'; font-size:10.5pt; font-weight:bold }
.Sammanfattning { margin-top:3.1pt; margin-bottom:12pt; text-align:left; page-break-after:auto; line-height:12.5pt; font-family:'Verdana'; font-size:16pt }
.Sidhuvudhgerstlld { margin-top:0pt; margin-bottom:0pt; text-align:right; line-height:normal; font-family:'Verdana'; font-size:7.5pt; font-variant:small-caps }
.Sidhuvudvnsterstlld { margin-top:0pt; margin-bottom:0pt; text-align:left; line-height:normal; font-family:'Verdana'; font-size:7.5pt; font-variant:small-caps }
.Stdrubrik { margin-top:12pt; margin-bottom:0pt; line-height:12pt; font-family:'Verdana'; font-size:9.5pt; font-weight:bold }
.Srskiltyttranderubrik { margin-top:0pt; margin-bottom:3.1pt; text-align:left; page-break-inside:avoid; page-break-after:avoid; line-height:12.5pt; font-family:'Verdana'; font-size:10.5pt; font-weight:bold }
.TOC1 { margin-top:0pt; margin-right:28.35pt; margin-bottom:0pt; text-align:left; line-height:normal; font-family:'Verdana'; font-size:9.5pt }
.TOC2 { margin:0pt 28.35pt 0pt 5.65pt; text-align:left; line-height:normal; font-family:'Verdana'; font-size:9.5pt }
.TOC3 { margin:0pt 28.35pt 0pt 11.35pt; text-align:left; line-height:normal; font-family:'Verdana'; font-size:9.5pt }
.TOC4 { margin:0pt 28.35pt 0pt 17pt; text-align:left; line-height:normal; font-family:'Verdana'; font-size:9.5pt }
.TOC5 { margin:0pt 28.35pt 0pt 22.7pt; text-align:left; line-height:normal; font-family:'Verdana'; font-size:9.5pt }
.TOC6 { margin-top:0pt; margin-left:47.65pt; margin-bottom:0pt; text-align:left; line-height:normal; font-family:'Verdana'; font-size:9.5pt }
.TOC7 { margin-top:0pt; margin-right:28.35pt; margin-bottom:0pt; text-align:left; line-height:normal; font-family:'Verdana'; font-size:9.5pt }
.TOC8 { margin-top:0pt; margin-right:28.35pt; margin-bottom:0pt; text-align:left; line-height:normal; font-family:'Verdana'; font-size:9.5pt }
.TOC9 { margin-top:0pt; margin-left:8.5pt; margin-bottom:0pt; text-align:left; line-height:normal; font-family:'Verdana'; font-size:9.5pt }
.TOCHeading { margin-top:3.1pt; margin-bottom:9pt; text-align:left; page-break-before:always; page-break-inside:avoid; page-break-after:avoid; line-height:12.5pt; font-family:'Verdana'; font-size:16pt }
.Tabell-Kolumnrubrik { margin-bottom:0pt; line-height:12pt; font-family:'Verdana'; font-size:8pt; font-weight:bold }
.Tabell-Klla { margin-top:2pt; margin-bottom:0pt; line-height:8pt; font-family:'Verdana'; font-size:7pt }
.Tabell-Radrubrik { margin-bottom:0pt; line-height:12pt; font-family:'Verdana'; font-size:8pt }
.Tabell-Rubrik { margin-top:12pt; margin-bottom:3pt; text-align:left; page-break-inside:avoid; page-break-after:avoid; line-height:10pt; font-family:'Verdana'; font-size:9pt; font-weight:bold }
.Tabell-Siffror { margin-bottom:0pt; text-align:right; line-height:12pt; font-family:'Verdana'; font-size:8pt }
.Tabell-Text { margin-bottom:0pt; line-height:12pt; font-family:'Verdana'; font-size:8pt }
.Tabell-Underrubrik { margin-top:0pt; margin-bottom:1pt; text-align:left; page-break-inside:avoid; page-break-after:avoid; line-height:8pt; font-family:'Verdana'; font-size:8pt; font-weight:normal; font-style:italic }
.TableofFigures { margin-top:3.1pt; margin-bottom:0pt; text-align:justify; line-height:normal; font-family:'Verdana'; font-size:9.5pt }
.TillX-utskottet { margin-top:0pt; margin-bottom:12pt; text-align:left; page-break-after:avoid; line-height:12.5pt; font-family:'Verdana'; font-size:16pt }
.Title { margin-top:3.1pt; margin-bottom:1pt; text-align:left; line-height:12pt; font-family:'Verdana'; font-size:20pt; letter-spacing:-0.5pt }
.Vapen { margin-top:0pt; margin-bottom:0pt; text-align:left; page-break-inside:avoid; page-break-after:avoid; line-height:12.5pt; font-family:'Verdana'; font-size:16pt }
.Yrkandelista { margin-top:3.1pt; margin-left:28.35pt; margin-bottom:0pt; text-indent:-28.35pt; text-align:justify; line-height:12.5pt; font-family:'Verdana'; font-size:9.5pt }
.YrkandelistaEtt { margin-top:3.1pt; margin-left:0pt; margin-bottom:0pt; text-indent:0pt; text-align:justify; line-height:12.5pt; font-family:'Verdana'; font-size:9.5pt }
span.BallongtextChar { font-family:Tahoma; font-size:8pt }
span.BilagaChar { font-family:'Verdana'; font-size:8pt; font-variant:small-caps; text-decoration:underline }
span.BrdtextChar { font-family:'Verdana'; font-size:9.5pt }
span.BrdtextChar1 { font-family:'Verdana'; font-size:9.5pt }
span.Brdtextmedindrag2Char { font-family:'Verdana'; font-size:9.5pt }
span.CitatChar { font-family:'Verdana'; font-size:9.5pt }
span.DokumentRubrikChar { font-family:'Verdana'; font-size:18pt }
span.FotnotstextChar { font-family:'Verdana'; font-size:8pt }
span.FotnotstextindragChar { font-family:'Verdana'; font-size:8pt }
span.FrslagspunktChar { font-family:'Verdana'; font-size:9.5pt; font-weight:bold; font-style:normal }
span.Hyperlink { text-decoration:none; color:#000000 }
span.KommentarerChar { font-family:'Verdana'; font-size:10pt }
span.NormalkursivChar { font-family:'Verdana'; font-size:9.5pt; font-style:italic }
span.NormaltindragChar { font-family:'Verdana'; font-size:9.5pt }
span.OrdfrandenChar { font-family:'Verdana'; font-size:9.5pt; font-style:italic }
span.OrtochDatumChar { font-family:'Verdana'; font-size:9.5pt }
span.PlaceholderText { color:#808080 }
span.PVgnarChar { font-family:'Verdana'; font-size:9.5pt }
span.ReservationshnvisningChar { font-family:'Verdana'; font-size:9.5pt; font-style:italic }
span.Rubrik1Char { font-family:'Verdana'; font-size:16pt }
span.Rubrik1DokumentinformationChar { font-family:'Verdana'; font-size:16pt }
span.Rubrik2Char { font-family:'Verdana'; font-size:13.5pt }
span.Rubrik3Char { font-family:'Verdana'; font-size:10.5pt; font-weight:bold }
span.Rubrik4Char { font-family:'Verdana'; font-size:10.5pt; font-style:italic; color:#000000 }
span.Rubrik5Char { font-family:'Verdana'; font-size:9.5pt; font-weight:bold }
span.Rubrik6Char { font-family:'Verdana'; font-size:9.5pt; font-style:italic; color:#000000 }
span.Rubrik7Char { font-family:'Verdana'; font-size:9.5pt; font-style:italic; color:#243f60 }
span.Rubrik8Char { font-family:'Verdana'; font-size:9pt; color:#272727 }
span.Rubrik9Char { font-family:'Verdana'; font-size:9pt; font-style:italic; color:#272727 }
span.RubrikChar { font-family:'Verdana'; font-size:20pt; letter-spacing:-0.5pt }
span.SidfotChar { font-family:'Verdana'; font-size:9.5pt }
span.SidhuvudChar { font-family:'Verdana'; font-size:7.5pt; font-variant:small-caps }
span.Tabell-Upphjttecken { font-family:'Verdana'; font-variant:normal; text-decoration:none; text-transform:none; vertical-align:super; display:inline }
span.VapenChar { font-family:'Verdana'; font-size:16pt }
span.tBilagaJA { color:#000000 }
span.tSidrubrikJA { color:#000000 }
.TableGrid {  }
--&gt;&lt;/style&gt;

		&lt;div class="Section1"&gt;
			&lt;table cellspacing="0" cellpadding="0" style="border-collapse:collapse; margin-left:0pt"&gt;
				&lt;tr style="height:79.4pt"&gt;
					&lt;td style="vertical-align:top; width:297.7pt"&gt;
						&lt;p class="Rubrik1Dokumentinformation" style="margin-top:0pt; margin-bottom:0pt; text-align:left; page-break-inside:avoid; page-break-after:avoid; line-height:16pt"&gt;
							&lt;span style="font-family:'Verdana'; font-size:16pt; -aw-sdt-tag:ccUtskott; -aw-sdt-title:'utskottsnamn Dokumentegenskap'"&gt;Arbetsmarknadsutskottet&lt;/span&gt;&lt;span style="font-family:'Verdana'; font-size:16pt; -aw-sdt-tag:ccS; -aw-sdt-title:s"&gt;s&lt;/span&gt;&lt;span style="font-family:'Verdana'; font-size:16pt; -aw-sdt-tag:ccMellanslag; -aw-sdt-title:Mellanslag"&gt; &lt;/span&gt;&lt;a name="Utlatande"&gt;&lt;/a&gt;&lt;span style="font-family:'Verdana'; font-size:16pt"&gt;betänkande&lt;/span&gt;
						&lt;/p&gt;
						&lt;p class="Dokumentbeteckning" style="margin-top:0pt; margin-bottom:0pt; text-align:left; page-break-inside:avoid; page-break-after:avoid; line-height:16pt"&gt;
							&lt;span style="font-family:'Verdana'; font-size:16pt; -aw-sdt-tag:ccRiksmote; -aw-sdt-title:'riksmote Dokumentegenskap'"&gt;2018/19&lt;/span&gt;&lt;span style="font-family:'Verdana'; font-size:16pt; -aw-sdt-tag:ccKolon; -aw-sdt-title:Kolon"&gt;:&lt;/span&gt;&lt;a name="Utskottebeteckning"&gt;&lt;/a&gt;&lt;span style="font-family:'Verdana'; font-size:16pt"&gt;AU3&lt;/span&gt;
						&lt;/p&gt;
						&lt;p class="Rubrik1Dokumentinformation" style="margin-top:0pt; margin-bottom:0pt; text-align:left; page-break-inside:avoid; page-break-after:avoid; line-height:16pt"&gt;
							&lt;span style="font-family:'Verdana'; font-size:16pt"&gt; &lt;/span&gt;
						&lt;/p&gt;
					&lt;/td&gt;
				&lt;/tr&gt;
			&lt;/table&gt;
			&lt;p class="DokumentRubrik" style="-aw-sdt-tag:ccDokumentrubrik; -aw-sdt-title:'dokumentrubrik Dokumentegenskap'"&gt;
				&lt;span&gt;ILO:s konvention om anständiga arbetsvillkor för hushållsarbetare&lt;/span&gt;
			&lt;/p&gt;
			&lt;p class="Sammanfattning"&gt;
				&lt;span class="tSidrubrikJA"&gt;Sammanfattning&lt;/span&gt;
			&lt;/p&gt;
			&lt;p&gt;
				&lt;span&gt;Utskottet &lt;/span&gt;&lt;span&gt;föreslår att riksdagen &lt;/span&gt;&lt;span&gt;godkänner Internationella arbets&lt;/span&gt;&lt;span&gt;­&lt;/span&gt;&lt;span&gt;organisationens (ILO) konvention (nr&lt;/span&gt;&lt;span&gt; &lt;/span&gt;&lt;span&gt;189) om anständiga arbetsvillkor för hushållsarbetare och &lt;/span&gt;&lt;span&gt;anta&lt;/span&gt;&lt;span&gt;r&lt;/span&gt;&lt;span&gt; regeringen&lt;/span&gt;&lt;span&gt;s förslag till&lt;/span&gt;&lt;span&gt; ändringar i lagen&lt;/span&gt;&lt;span&gt; om arbetstid m.m. i husligt arbete&lt;/span&gt;&lt;span&gt;.&lt;/span&gt;
			&lt;/p&gt;
			&lt;p class="NormalIndent"&gt;
				&lt;span&gt;Lagä&lt;/span&gt;&lt;span&gt;ndringarna gäller rätten till skriftlig information om anställnings&lt;/span&gt;&lt;span&gt;­&lt;/span&gt;&lt;span&gt;villkor och är i huvudsak föranledda av de krav som konventionen ställer. &lt;/span&gt;
			&lt;/p&gt;
			&lt;p class="NormalIndent"&gt;
				&lt;span&gt;När det gäller ILO:s rekommendation (nr 201) om anständiga arbetsvillkor för hushållsarbetare, vilken kompletterar den aktuella konventionen, ansluter sig utskottet till regeringens bedömning att den inte föranleder några särskilda åtgärder. &lt;/span&gt;
			&lt;/p&gt;
			&lt;p class="NormalIndent"&gt;
				&lt;span&gt;Lagändringarna föreslås träda i kraft den 1 mars 2019.&lt;/span&gt;
			&lt;/p&gt;
			&lt;p class="R4"&gt;
				&lt;span&gt;Behandlade förslag&lt;/span&gt;
			&lt;/p&gt;
			&lt;p&gt;
				&lt;span&gt;Proposition 2017/18:272 ILO:s konvention om anständiga arbetsvillkor för hushållsarbetare.&lt;/span&gt;
			&lt;/p&gt;
			&lt;p class="Innehllsfrteckning"&gt;
				&lt;a name="Innehållsförteckning"&gt;&lt;/a&gt;&lt;span class="tSidrubrikJA"&gt;Innehålls&lt;/span&gt;&lt;span class="tSidrubrikJA"&gt;förteckning&lt;/span&gt;
			&lt;/p&gt;
			&lt;p class="TOC1"&gt;
				&lt;a style="color:#000000" href="#_Toc528583378"&gt;&lt;span class="Hyperlink"&gt;Utskottets förslag till riksdagsbeslut&lt;/span&gt;&lt;/a&gt;
			&lt;/p&gt;
			&lt;p class="TOC1"&gt;
				&lt;a style="color:#000000" href="#_Toc528583379"&gt;&lt;span class="Hyperlink"&gt;Redogörelse för ärendet&lt;/span&gt;&lt;/a&gt;
			&lt;/p&gt;
			&lt;p class="TOC1"&gt;
				&lt;a style="color:#000000" href="#_Toc528583380"&gt;&lt;span class="Hyperlink"&gt;Utskottets överväganden&lt;/span&gt;&lt;/a&gt;
			&lt;/p&gt;
			&lt;p class="TOC2"&gt;
				&lt;a style="color:#000000" href="#_Toc528583381"&gt;&lt;span class="Hyperlink"&gt;ILO:s konvention om anständiga arbetsvillkor för hushållsarbetare&lt;/span&gt;&lt;/a&gt;
			&lt;/p&gt;
			&lt;p class="TOC8"&gt;
				&lt;span class="Hyperlink" style="font-style:italic"&gt;Bilaga 1&lt;/span&gt;&lt;br /&gt;&lt;a style="color:#000000" href="#_Toc528583382"&gt;&lt;span class="Hyperlink"&gt;Förteckning över behandlade förslag&lt;/span&gt;&lt;/a&gt;
			&lt;/p&gt;
			&lt;p class="TOC9"&gt;
				&lt;a style="color:#000000" href="#_Toc528583383"&gt;&lt;span class="Hyperlink"&gt;Propositionen&lt;/span&gt;&lt;/a&gt;
			&lt;/p&gt;
			&lt;p class="TOC8"&gt;
				&lt;span class="Hyperlink" style="font-style:italic"&gt;Bilaga 2&lt;/span&gt;&lt;br /&gt;&lt;a style="color:#000000" href="#_Toc528583384"&gt;&lt;span class="Hyperlink"&gt;Regeringens lagförslag&lt;/span&gt;&lt;/a&gt;
			&lt;/p&gt;
			&lt;p&gt;
			&lt;/p&gt;
			&lt;p&gt;
				&lt;span&gt; &lt;/span&gt;
			&lt;/p&gt;
			&lt;p class="NormalIndent"&gt;
				&lt;span&gt; &lt;/span&gt;
			&lt;/p&gt;
			&lt;p class="Avsnittsrubrik"&gt;
				&lt;a name="_Toc528583378"&gt;&lt;/a&gt;&lt;a name="StopCC"&gt;&lt;/a&gt;&lt;span class="tSidrubrikJA"&gt;Utskottets förslag till riksdagsbeslut&lt;/span&gt;&lt;span style="-aw-bookmark-end:_Toc528583378"&gt;&lt;/span&gt;
			&lt;/p&gt;
			&lt;p class="Mellanrum"&gt;
				&lt;span&gt; &lt;/span&gt;
			&lt;/p&gt;
			&lt;p class="Mellanrum"&gt;
				&lt;span&gt; &lt;/span&gt;
			&lt;/p&gt;
			&lt;table cellspacing="0" cellpadding="0" style="border-collapse:collapse; margin-left:0pt; width:294.2pt"&gt;
				&lt;tr&gt;
					&lt;td style="vertical-align:top; width:22pt"&gt;
						&lt;p style="margin-top:3.1pt; margin-bottom:0pt; text-align:justify; page-break-inside:avoid; page-break-after:avoid; line-height:12.5pt"&gt;
							&lt;span style="font-family:'Verdana'; font-size:10.5pt; font-weight:bold"&gt;ILO:s konvention om anständiga arbetsvillkor för hushålls&lt;/span&gt;&lt;span style="font-family:'Verdana'; font-size:10.5pt; font-weight:bold"&gt;­&lt;/span&gt;&lt;span style="font-family:'Verdana'; font-size:10.5pt; font-weight:bold"&gt;arbetare&lt;/span&gt;
						&lt;/p&gt;
					&lt;/td&gt;
				&lt;/tr&gt;
			&lt;/table&gt;
			&lt;p class="Normalutanluftfre"&gt;
				&lt;span&gt;Riksdagen&lt;/span&gt;
			&lt;/p&gt;
			&lt;p class="NormalIndent"&gt;
				&lt;span&gt;a) &lt;/span&gt;&lt;span&gt;godkänner Internationella arbetsorganisationens (ILO) konvention (nr&lt;/span&gt;&lt;span&gt; &lt;/span&gt;&lt;span&gt;189) om anständiga arbetsvillkor för hushållsarbetare,&lt;/span&gt;
			&lt;/p&gt;
			&lt;p class="NormalIndent"&gt;
				&lt;span&gt;b) &lt;/span&gt;&lt;span&gt;antar regeringens förslag till lag om ändring i lagen (1970:943) om arbetstid m.m. i husligt arbete.&lt;/span&gt;
			&lt;/p&gt;
			&lt;p class="NormalIndent" style="text-indent:11.3pt"&gt;
				&lt;span&gt;Därmed bifaller riksdagen proposition 2017/18:272 punkterna 1 och 2.&lt;/span&gt;
			&lt;/p&gt;
			&lt;p class="Mellanrum"&gt;
				&lt;span&gt; &lt;/span&gt;
			&lt;/p&gt;
			&lt;p class="OrtochDatum"&gt;
				&lt;span&gt;Stockholm den 25 oktober 2018&lt;/span&gt;
			&lt;/p&gt;
			&lt;p class="PVgnar"&gt;
				&lt;span&gt;På arbetsmarknadsutskottets vägnar&lt;/span&gt;
			&lt;/p&gt;
			&lt;p class="Ordfranden"&gt;
				&lt;span&gt;Anna Johansson&lt;/span&gt;
			&lt;/p&gt;
			&lt;p class="Deltagare"&gt;
				&lt;span&gt;Följande ledamöter har deltagit i beslutet: Anna J&lt;/span&gt;&lt;span&gt;ohansson (S), Gulan Avci &lt;/span&gt;&lt;span&gt;(L), Jessica Polfjärd (M), Patrik Björck (S), Saila Quicklund (M), Magnus Persson (SD), Helén Pettersson (S), Martin Ådahl (C), Ali Esbati (V), Ellen Juntti (M), Ebba Hermansson (SD), Johan Andersson (S), Sofia Damm (KD), Alexander Christiansson (SD), Maria Nilsson (L) och Serkan Köse (S).&lt;/span&gt;
			&lt;/p&gt;
			&lt;p class="Mellanrum"&gt;
				&lt;span&gt; &lt;/span&gt;
			&lt;/p&gt;
			&lt;p class="Mellanrum"&gt;
				&lt;span&gt; &lt;/span&gt;
			&lt;/p&gt;
			&lt;p class="Mellanrum"&gt;
				&lt;span&gt; &lt;/span&gt;
			&lt;/p&gt;
			&lt;p class="Mellanrum"&gt;
				&lt;span&gt; &lt;/span&gt;
			&lt;/p&gt;
			&lt;p class="Mellanrum"&gt;
				&lt;span&gt; &lt;/span&gt;
			&lt;/p&gt;
			&lt;p class="Mellanrum"&gt;
				&lt;span&gt; &lt;/span&gt;
			&lt;/p&gt;
			&lt;p&gt;
				&lt;span&gt; &lt;/span&gt;
			&lt;/p&gt;
			&lt;p class="Avsnittsrubrik"&gt;
				&lt;a name="_Toc528583379"&gt;&lt;/a&gt;&lt;a name="SlutUtskottsForslag"&gt;&lt;/a&gt;&lt;span class="tSidrubrikJA"&gt;Redogörelse för ärendet&lt;/span&gt;&lt;span style="-aw-bookmark-end:_Toc528583379"&gt;&lt;/span&gt;
			&lt;/p&gt;
			&lt;p&gt;
				&lt;span&gt;I juni 2011 antog Internationella arbetsorganisationens (ILO) beslutande församling konventionen (nr 189) om anständiga arbetsvillkor för hushållsarbetare med en kompletterande rekommendation (nr 201). Konventionens syfte är att ge anständiga arbetsvillkor för alla hushållsarbetare som yrkes&lt;/span&gt;&lt;span&gt;mässigt och inte tillfälligt eller&lt;/span&gt;&lt;span&gt; sporadiskt utför hushållsarbete.&lt;/span&gt;
			&lt;/p&gt;
			&lt;p class="NormalIndent"&gt;
				&lt;span&gt;I&lt;/span&gt;&lt;span&gt; detta betänkande&lt;/span&gt;&lt;span&gt; behandlar utskottet regeringens proposition 2017/18:272 ILO:s konvention om anständiga arbe&lt;/span&gt;&lt;span&gt;tsvillkor för hushållsarbetare.&lt;/span&gt;&lt;span&gt; Till grund för propositionen ligger &lt;/span&gt;&lt;span&gt;promemorian ILO:s konvention om anständiga arbetsvillkor för hushållsarbetare (Ds 2017:10) &lt;/span&gt;&lt;span&gt;som &lt;/span&gt;&lt;span&gt;utarbetats&lt;/span&gt;&lt;span&gt; inom Arbetsmarknadsdepartementet&lt;/span&gt;&lt;span&gt;. &lt;/span&gt;
			&lt;/p&gt;
			&lt;p class="NormalIndent"&gt;
				&lt;span&gt;Regeringens förslag till &lt;/span&gt;&lt;span&gt;riksdagsbeslut finns i bilaga 1.&lt;/span&gt;&lt;span&gt; Regeringens lagförslag finns&lt;/span&gt;&lt;span&gt; i bilaga 2.&lt;/span&gt;&lt;span&gt; &lt;/span&gt;&lt;span&gt;Konventionen &lt;/span&gt;&lt;span&gt;med kompletterande rekommendation&lt;/span&gt;&lt;span&gt; &lt;/span&gt;&lt;span&gt;åter&lt;/span&gt;&lt;span&gt;finns&lt;/span&gt;&lt;span&gt; &lt;/span&gt;&lt;span&gt;på engelska och i svensk översättning &lt;/span&gt;&lt;span&gt;som bilagor i regeringens proposition&lt;/span&gt;&lt;span&gt;.&lt;/span&gt;&lt;span&gt; &lt;/span&gt;
			&lt;/p&gt;
			&lt;p class="NormalIndent"&gt;
				&lt;span&gt;Lagrådet har&lt;/span&gt;&lt;span&gt; yttrat sig över regeringens &lt;/span&gt;&lt;span&gt;lagförslag&lt;/span&gt;&lt;span&gt; och hade inte något att invända mot det. &lt;/span&gt;
			&lt;/p&gt;
			&lt;p class="NormalIndent"&gt;
				&lt;span&gt;Inga motioner har väckts med anledning av propositionen.&lt;/span&gt;
			&lt;/p&gt;
			&lt;p&gt;
				&lt;span&gt; &lt;/span&gt;
			&lt;/p&gt;
			&lt;p class="Avsnittsrubrik"&gt;
				&lt;a name="_Toc528583380"&gt;&lt;span class="tSidrubrikJA"&gt;Utskottets överväganden&lt;/span&gt;&lt;/a&gt;
			&lt;/p&gt;
			&lt;h2 style="-aw-sdt-tag:4c4da830-f182-42b0-8737-920562dbfdff/förslagsrutor/188489757/1529412161121; -aw-sdt-title:förslagsrutor"&gt;
				&lt;a name="_Toc528583381"&gt;&lt;span&gt;ILO:s konvention om anständiga arbetsvillkor för hushållsarbetare&lt;/span&gt;&lt;/a&gt;
			&lt;/h2&gt;
			&lt;div style="border-bottom-color:#000000; border-bottom-style:solid; border-bottom-width:0.75pt; border-left-color:#000000; border-left-style:solid; border-left-width:0.75pt; border-right-color:#000000; border-right-style:solid; border-right-width:0.75pt; border-top-color:#000000; border-top-style:solid; border-top-width:0.75pt; clear:both; margin:3.1pt 0.9pt 0pt"&gt;
				&lt;p class="Normalrutafet" style="margin:0pt; padding-right:4pt; padding-left:4pt"&gt;
					&lt;span style="-aw-bookmark-end:_Toc528583381"&gt;&lt;/span&gt;&lt;span&gt;Utskottets förslag i korthet&lt;/span&gt;
				&lt;/p&gt;
				&lt;p class="Normalruta" style="margin:0pt; padding-right:4pt; padding-left:4pt; padding-bottom:4pt"&gt;
					&lt;span&gt;Riksdagen &lt;/span&gt;&lt;span&gt;godkänner &lt;/span&gt;&lt;span&gt;Internationella arbetsorgan&lt;/span&gt;&lt;span&gt;isationens (ILO) konvention (nr&lt;/span&gt;&lt;span&gt; &lt;/span&gt;&lt;span&gt;189) om anständiga arbetsvillkor för hushålls&lt;/span&gt;&lt;span&gt;­&lt;/span&gt;&lt;span&gt;arbetare &lt;/span&gt;&lt;span&gt;och &lt;/span&gt;&lt;span&gt;antar regeringens förslag till ändringar i lagen&lt;/span&gt;&lt;span&gt; &lt;/span&gt;&lt;span&gt;om arbetstid m.m. i husligt arbete&lt;/span&gt;&lt;span&gt;.&lt;/span&gt;
				&lt;/p&gt;
			&lt;/div&gt;
			&lt;p class="Mellanrum"&gt;
				&lt;span&gt; &lt;/span&gt;
			&lt;/p&gt;
			&lt;p class="R3" style="margin-bottom:0pt"&gt;
				&lt;span&gt;Bakgrund&lt;/span&gt;
			&lt;/p&gt;
			&lt;p class="R4" style="margin-top:6pt; margin-bottom:0pt"&gt;
				&lt;span&gt;Konventionens syfte och huvudsakliga innehåll&lt;/span&gt;&lt;span&gt; m.m.&lt;/span&gt;
			&lt;/p&gt;
			&lt;p&gt;
				&lt;span&gt;Konventionen &lt;/span&gt;&lt;span&gt;(nr 189)&lt;/span&gt;&lt;span&gt; har till &lt;/span&gt;&lt;span&gt;syfte&lt;/span&gt;&lt;span&gt; att ge anständiga arbetsvillkor för alla hushållsarbetare som yrkesmässigt och inte tillfälligt eller spo&lt;/span&gt;&lt;span&gt;radiskt utför hushållsarbete. I&lt;/span&gt;&lt;span&gt; &lt;/span&gt;&lt;span&gt;konventionen regleras vissa villkor för hushållsarbetare. &lt;/span&gt;&lt;span&gt;Med en hushålls&lt;/span&gt;&lt;span&gt;­&lt;/span&gt;&lt;span&gt;arbetare avses varje arbetstagare som utför arbete i någons hushåll inom ramen för ett anställningsförhållande. Konventio&lt;/span&gt;&lt;span&gt;nen innehåller 27&lt;/span&gt;&lt;span&gt; &lt;/span&gt;&lt;span&gt;artiklar.&lt;/span&gt;&lt;span&gt; Den avgränsas mot en viss yrkesgrupp i stället för ett specifikt område och berör därför flera olika rättsområden.&lt;/span&gt;
			&lt;/p&gt;
			&lt;p class="NormalIndent"&gt;
				&lt;span&gt;Konventionen behandlar frågor som rör hushållsarbetarnas mänskliga rättigheter, skydd för unga arbetstagare och skydd mot påtvingat arbete eller tvångsarbete och olika former av brottsliga handlingar. Vidare regleras rätten till skäliga anställningsvillkor och rätten till information om anställnings&lt;/span&gt;&lt;span&gt;­&lt;/span&gt;&lt;span&gt;förhållandena. &lt;/span&gt;
			&lt;/p&gt;
			&lt;p class="NormalIndent"&gt;
				&lt;span&gt;Hushållsarbetare ska&lt;/span&gt;&lt;span&gt; behandlas på samma sätt som&lt;/span&gt;&lt;span&gt; arbetstagare i allmänhet när det gäller arbetstid, övertid, kompensation och semester. Även rätten till lön behandlas i konventionen, liksom bestämmelser om arbetsmiljö, socialförsäkringsskydd och regler vid rekrytering och&lt;/span&gt;&lt;span style="font-size:10pt"&gt; &lt;/span&gt;&lt;span&gt;förmedling av privata förmedlingsföretag. Skyddet kompletteras med krav på att varje medlemsstat ska inrätta effektiva och tillgängliga klagomålsmekanismer och medel för att säke&lt;/span&gt;&lt;span&gt;rställa att konventionen följ&lt;/span&gt;&lt;span&gt;s.&lt;/span&gt;
			&lt;/p&gt;
			&lt;p class="NormalIndent"&gt;
				&lt;span&gt;Bestämmelsern&lt;/span&gt;&lt;span&gt;a i konventionen ska genomföras&lt;/span&gt;&lt;span&gt; i samråd med arbetsmark&lt;/span&gt;&lt;span&gt;­&lt;/span&gt;&lt;span&gt;nadens parter, genom lagar och andra författningar samt genom kollektivavtal eller ytterligare åtgärder som är förenliga med nationell praxis.&lt;/span&gt;
			&lt;/p&gt;
			&lt;p class="NormalIndent"&gt;
				&lt;span&gt;Rekommendationen&lt;/span&gt;&lt;span&gt; &lt;/span&gt;&lt;span&gt;(nr 201) &lt;/span&gt;&lt;span&gt;som kompletterar konventionen innehål&lt;/span&gt;&lt;span&gt;ler bl.a. ytterligare bestämmelser för att trygga föreningsfri&lt;/span&gt;&lt;span&gt;­&lt;/span&gt;&lt;span&gt;het, avskaffa diskriminering, skydda unga, avvärja eller minimera arbets&lt;/span&gt;&lt;span&gt;­&lt;/span&gt;&lt;span&gt;relaterade faror och risker samt underlätta betalning av avgifter till socialförsäkringen när hushållsarbetaren arbetar för flera arbetsgivare. &lt;/span&gt;
			&lt;/p&gt;
			&lt;p class="NormalIndent"&gt;
				&lt;span&gt;En ILO-konvention är avsedd att ratificeras (godkännas) av organisationens medlemmar. Medlemsstaterna blir inte automatiskt bundna av en konvention, utan behöver aktivt lämna samtycke till det. Ratifikationsinstrumentet sänds till Internationella arbetsbyrån för registrering, vilket är ett krav för att konventionen ska bli bindande för medlemslandet. En rekommendation&lt;/span&gt;&lt;span&gt; från ILO&lt;/span&gt;&lt;span&gt; är avsedd att beaktas vid lagstiftning eller på annat sätt, men ska inte ratificeras som en konvention. &lt;/span&gt;
			&lt;/p&gt;
			&lt;p class="R4"&gt;
				&lt;span&gt;Hushållsarbetare i den nationella rätten&lt;/span&gt;
			&lt;/p&gt;
			&lt;p class="NormalIndent" style="text-indent:0pt"&gt;
				&lt;span&gt;Enligt den svenska arbetsrättsliga lagstiftningen betraktas hushållsarbetare i stort som vilka andra arbetstagare som helst. Däremot skiljer lagstiftningen på hushållsarbetare i allmänhet och hushållsarbetare som utför arbete i arbetsgivarens hushåll. &lt;/span&gt;&lt;span&gt;För båda kategorierna arbetstagare är arbetsmiljölagen (1977:1160) och semesterlagen (1977:480) tillämpliga. Vidare gäller som huvudregel lagen &lt;/span&gt;&lt;span&gt;(1982:80) om anställningsskydd (anställningsskyddslagen) &lt;/span&gt;&lt;span&gt;och arbetstidslagen (1982:673). I &lt;/span&gt;&lt;span&gt;anställningsskyddslagen&lt;/span&gt;&lt;span&gt; &lt;/span&gt;&lt;span&gt;finns bestämmelser om bl.a. anställningsavtal, uppsägning och företrä&lt;/span&gt;&lt;span&gt;desrätt till återanställning. I&lt;/span&gt;&lt;span&gt; &lt;/span&gt;&lt;span&gt;arbetstidslagen regleras frågor om bl.a. ordinarie arbetstid, övertid och jourtid. Genom kollektivavtal mellan arbetsmarknadens parter är det dock möjligt att göra undantag från vissa bestämmelser i &lt;/span&gt;&lt;span&gt;den &lt;/span&gt;&lt;span&gt;arbetsrättslig&lt;/span&gt;&lt;span&gt;a&lt;/span&gt;&lt;span&gt; lag&lt;/span&gt;&lt;span&gt;­&lt;/span&gt;&lt;span&gt;stiftning&lt;/span&gt;&lt;span&gt;en&lt;/span&gt;&lt;span&gt;.&lt;/span&gt;
			&lt;/p&gt;
			&lt;p class="NormalIndent"&gt;
				&lt;span&gt;Arbetstagare som är anställda för arbete i ar&lt;/span&gt;&lt;span&gt;betsgivarens hushåll omfattas &lt;/span&gt;&lt;span&gt;dock &lt;/span&gt;&lt;span&gt;i&lt;/span&gt;&lt;span&gt;nte av &lt;/span&gt;&lt;span&gt;anställningsskyddslagen &lt;/span&gt;&lt;span&gt;och arbetstidslagen utan av en särskild lag,&lt;/span&gt;&lt;span&gt; lagen (1970:943) om arbetstid m.m. i husligt a&lt;/span&gt;&lt;span&gt;rbete (&lt;/span&gt;&lt;span&gt;nedan&lt;/span&gt;&lt;span&gt; &lt;/span&gt;&lt;span&gt;kallad&lt;/span&gt;&lt;span&gt; &lt;/span&gt;&lt;span&gt;lagen om husligt arbete&lt;/span&gt;&lt;span&gt;)&lt;/span&gt;&lt;span&gt;. I lagen om husligt arbete regleras frågor om övertid och skydd mot ohälsa som t.ex. dygns- och veckovila. Enligt lagen ska avtal om anställning upprättas skriftligt om arbetsgivaren eller arbetstagaren begär det. Utgångspunkten är att anställningen gäller tills vidare om inget annat är&lt;/span&gt;&lt;span style="font-size:10pt"&gt; &lt;/span&gt;&lt;span&gt;avtalat på samma sätt som enligt anställningsskyddslagen. Bestämmelser finns även om anställningens upphörande och om ansvar och påföljder när reglerna inte följs. En arbetsgivare som inte uppfyller sina skyldigheter enligt anställnings&lt;/span&gt;&lt;span&gt;­&lt;/span&gt;&lt;span&gt;avtalet eller bryter mot vissa bestämmelser i lagen kan bli skyldig att betala ersättning för den skada som uppkommer. Lagen om husligt arbete är tvingande&lt;/span&gt;&lt;span&gt;.&lt;/span&gt;
			&lt;/p&gt;
			&lt;p class="NormalIndent"&gt;
				&lt;span&gt;Sammanfattningsvis &lt;/span&gt;&lt;span&gt;innebär&lt;/span&gt;&lt;span&gt; svensk rätt&lt;/span&gt;&lt;span&gt; att en grupp hushållsarbetare omfattas av anställningsskyddslagen och arbetstidslagen, medan en annan grupp hushålls&lt;/span&gt;&lt;span&gt;­&lt;/span&gt;&lt;span&gt;arbetare omfattas av lagen om husligt arbete. För den första gruppen kan avvikelser från viss lagreglering göras i kollektivavtal. För hushållsarbetare som omfattas av lagen om husligt arbete är däremot en överenskommelse mellan arbetsgivaren och arbetstagaren som strider mot lagen inte bindande för arbetstagaren.&lt;/span&gt;
			&lt;/p&gt;
			&lt;p class="R3" style="margin-bottom:0pt"&gt;
				&lt;span&gt;Propositionen&lt;/span&gt;
			&lt;/p&gt;
			&lt;p class="R4" style="margin-top:6pt"&gt;
				&lt;span&gt;Godkännande av&lt;/span&gt;&lt;span&gt; konventionen&lt;/span&gt;
			&lt;/p&gt;
			&lt;p&gt;
				&lt;span&gt;Regeringen &lt;/span&gt;&lt;span&gt;anser&lt;/span&gt;&lt;span&gt; att&lt;/span&gt;&lt;span&gt; Sverige bör ansluta sig&lt;/span&gt;&lt;span&gt; ILO:s konvention (nr 189) om anständiga arbetsvillkor för hushållsarbetare.&lt;/span&gt;&lt;span&gt; Eftersom en anslutning till konventionen förutsätter lagändring krävs riksdagens godkännande enligt 10&lt;/span&gt;&lt;span&gt; &lt;/span&gt;&lt;span&gt;kap. 3 § första stycket 1 regeringsformen.&lt;/span&gt;
			&lt;/p&gt;
			&lt;p class="NormalIndent"&gt;
				&lt;span&gt;Regeringen anför att hushållsarbete globalt fortfarande är undervärderat och osynligt. Det utförs främst av kvinnor och flickor som i stor utsträckning är &lt;/span&gt;&lt;span&gt;migranter och tillhör missgynna&lt;/span&gt;&lt;span&gt;de och marginaliserade samhällsgrupper. Även om Sverige i och för sig har en relativt ordnad arbetsmarknad är det enligt regeringen av vikt att stödja internationella normer på området. Det är vidare viktigt att Sverige erkänner de speciella förhållanden som råder inom hushållsarbete och under vilka hushållsarbete utförs. Det är &lt;/span&gt;&lt;span&gt;enligt regeringen &lt;/span&gt;&lt;span&gt;också lämpligt att komplettera de allmänna normerna med bestämmelser som är specifika för hushållsarbetare i enlighet med konventionen så att hushålls&lt;/span&gt;&lt;span&gt;­&lt;/span&gt;&lt;span&gt;arbetare i Sverige fullt ut kan utnyttja sina rättigheter. &lt;/span&gt;
			&lt;/p&gt;
			&lt;p class="R4"&gt;
				&lt;span&gt;Information om anställningsvillkor&lt;/span&gt;
			&lt;/p&gt;
			&lt;p&gt;
				&lt;span&gt;Regeringen gör i&lt;/span&gt;&lt;span&gt; avsnitt 6 i &lt;/span&gt;&lt;span&gt;propositionen en genomgång av konventionen och de ändringar i lagstiftningen som behövs för att Sverige ska uppfylla kraven i den. &lt;/span&gt;&lt;span&gt;Regeringen bedömer att det endast är konventionens bestämmelser om informationsskyldighet (artikel 7) som föranleder ändringar av svensk rätt och gör &lt;/span&gt;&lt;span&gt;i denna fråga&lt;/span&gt;&lt;span&gt; följande överväganden. &lt;/span&gt;
			&lt;/p&gt;
			&lt;p class="NormalIndent"&gt;
				&lt;span&gt;I &lt;/span&gt;&lt;span&gt;ar&lt;/span&gt;&lt;span&gt;tikel 7 &lt;/span&gt;&lt;span&gt;anges att&lt;/span&gt;&lt;span&gt; varje med&lt;/span&gt;&lt;span&gt;lemsstat &lt;/span&gt;&lt;span&gt;ska &lt;/span&gt;&lt;span&gt;vidta åtgärder för att se till att hushållsarbetare informeras om sina anställningsförhållanden på ett korrekt, verifierbart och lättförståeligt sätt&lt;/span&gt;&lt;span&gt;.&lt;/span&gt;&lt;span&gt; &lt;/span&gt;&lt;span&gt;I artikeln anges också vilka villkor som informationen minst ska innehålla. &lt;/span&gt;&lt;span&gt;R&lt;/span&gt;&lt;span&gt;ege&lt;/span&gt;&lt;span&gt;ringen&lt;/span&gt;&lt;span&gt; konstaterar att den informati&lt;/span&gt;&lt;span&gt;on som ska anges enligt artikel&lt;/span&gt;&lt;span&gt; 7 i allt väsentligt&lt;/span&gt;&lt;span&gt; stämmer överens &lt;/span&gt;&lt;span&gt;med vad som gäller enligt 6 c § anställningsskyddslagen, men att någon liknande reglering inte finns i lagen om &lt;/span&gt;&lt;span&gt;husligt arbete. Detta innebär att hushållsarbetare som arbetar i arbetsgivarens hushåll, och som därmed omfattas av lagen om husligt arbete, inte har &lt;/span&gt;&lt;span&gt;samma &lt;/span&gt;&lt;span&gt;skydd som övriga hushållsarbetare eller arbetstagare generellt. Konsekvensen blir att vissa hushållsarbetare, såsom hemtjänst&lt;/span&gt;&lt;span&gt;­&lt;/span&gt;&lt;span&gt;personal, personliga assiste&lt;/span&gt;&lt;span&gt;nter och anställda i s.k. &lt;/span&gt;&lt;span&gt;hemserviceföretag, har en mer omfattande rätt till information än de hushållsarbetare som arbetar i arbetsgivarens hushåll. Mot den bakgrunden anser regeringen att skyddet för den sistnämnda kategorin arbetstagare behöver stärkas så &lt;/span&gt;&lt;span&gt;att samtliga hushållsarbetare har rätt till skriftlig information om sina anställningsvillkor.&lt;/span&gt;&lt;span&gt; &lt;/span&gt;&lt;span&gt;Regeringen föreslår därför&lt;/span&gt;&lt;span&gt; att det i lagen om husligt arbete inför&lt;/span&gt;&lt;span&gt;s&lt;/span&gt;&lt;span&gt; en motsvarande reglering som i 6 c § anställningsskyddslag&lt;/span&gt;&lt;span&gt;en.&lt;/span&gt;
			&lt;/p&gt;
			&lt;p class="NormalIndent"&gt;
				&lt;span&gt;Regeringen &lt;/span&gt;&lt;span&gt;konstaterar att &lt;/span&gt;&lt;span&gt;arbetsgivarens informationsskyldighet&lt;/span&gt;&lt;span&gt; enligt konventionen inte omfattar &lt;/span&gt;&lt;span&gt;ändringar &lt;/span&gt;&lt;span&gt;i anställningsvillkoren. &lt;/span&gt;&lt;span&gt;Eftersom s&lt;/span&gt;&lt;span&gt;yftet&lt;/span&gt;&lt;span&gt; med informationsskyldigheten är att hushållsarbetare ska få klar och tydlig information om sina anställningsvillkor anser&lt;/span&gt;&lt;span&gt; regeringen&lt;/span&gt;&lt;span&gt; &lt;/span&gt;&lt;span&gt;att &lt;/span&gt;&lt;span&gt;det är rimligt att arbetsgivarens informationsskyldighet även &lt;/span&gt;&lt;span&gt;ska gälla&lt;/span&gt;&lt;span&gt; ändringar i &lt;/span&gt;&lt;span&gt;anställ&lt;/span&gt;&lt;span&gt;­&lt;/span&gt;&lt;span&gt;ningsvillkoren.&lt;/span&gt;&lt;span&gt; &lt;/span&gt;&lt;span&gt;De hushållsarbetare som omfattas av anställnings&lt;/span&gt;&lt;span&gt;­&lt;/span&gt;&lt;span&gt;skyddslagen har redan i dag detta skydd enligt 6 e § den lagen&lt;/span&gt;&lt;span&gt;,&lt;/span&gt;&lt;span&gt; och ett motsvarande skydd bör enligt regeringen införas i lagen om husligt arbete. &lt;/span&gt;
			&lt;/p&gt;
			&lt;p class="NormalIndent"&gt;
				&lt;span&gt;Ytterligare en ändring som regeringen föreslår är att det i lagen om husligt arbete införs en bestämmelse&lt;/span&gt;&lt;span&gt; om&lt;/span&gt;&lt;span&gt; &lt;/span&gt;&lt;span&gt;att en arbetsgivare som inte uppfyller sin informationsskyldighet ska betala&lt;/span&gt;&lt;span&gt; ersättning för&lt;/span&gt;&lt;span&gt; den&lt;/span&gt;&lt;span&gt; skada&lt;/span&gt;&lt;span&gt; som uppkommer&lt;/span&gt;&lt;span&gt;. &lt;/span&gt;&lt;span&gt;Om det är skäligt ska skadeståndet kunna sättas ned eller helt falla bort. Motsvarande bestämmelse om ersättning för skada finns redan i dag för de hushållsarbetare som omfattas av &lt;/span&gt;&lt;span&gt;anst&lt;/span&gt;&lt;span&gt;ällningsskyddslagen. &lt;/span&gt;
			&lt;/p&gt;
			&lt;p class="R4"&gt;
				&lt;span&gt;Ikraftträdande- och övergångsbestämmelser&lt;/span&gt;
			&lt;/p&gt;
			&lt;p class="NormalIndent" style="text-indent:0pt"&gt;
				&lt;span&gt;R&lt;/span&gt;&lt;span&gt;egeringen&lt;/span&gt;&lt;span&gt; föreslår&lt;/span&gt;&lt;span&gt; att lagändringarna &lt;/span&gt;&lt;span&gt;ska träda&lt;/span&gt;&lt;span&gt; i kraft den 1 mars 2019.&lt;/span&gt;&lt;span&gt; &lt;/span&gt;&lt;span&gt;Regeringen &lt;/span&gt;&lt;span&gt;bedömer&lt;/span&gt;&lt;span&gt; vidare&lt;/span&gt;&lt;span&gt; att &lt;/span&gt;&lt;span&gt;det inte är möjligt att uppfylla konventionens artikel&lt;/span&gt;&lt;span&gt; &lt;/span&gt;&lt;span&gt;7 utan att även redan anställda &lt;/span&gt;&lt;span&gt;hushållsarbetare omfattas av rätten till skriftlig information. &lt;/span&gt;&lt;span&gt;Regeringen föreslår därför att för anställningsavtal som har ingåtts före ikraftträdandet och som fortfarande gäller ska a&lt;/span&gt;&lt;span&gt;r&lt;/span&gt;&lt;span&gt;betsgivaren&lt;/span&gt;&lt;span&gt;, om arbetstagaren begär det, inom en månad från begäran lämna &lt;/span&gt;&lt;span&gt;skriftlig&lt;/span&gt;&lt;span&gt; information &lt;/span&gt;&lt;span&gt;om sådana uppgifter &lt;/span&gt;&lt;span&gt;som omfattas av informationsskyldigheten. &lt;/span&gt;
			&lt;/p&gt;
			&lt;p class="R4"&gt;
				&lt;span&gt;Rekommendationen&lt;/span&gt;
			&lt;/p&gt;
			&lt;p class="NormalIndent" style="text-indent:0pt"&gt;
				&lt;span&gt;När det gäller ILO:s rekommendation (nr 201) om anständiga arbetsvillkor för hushållsarbetare gör regeringen bedömningen att den inte föranleder några särskilda åtgärder. &lt;/span&gt;
			&lt;/p&gt;
			&lt;p class="R3"&gt;
				&lt;span&gt;Utskottets ställningstagande&lt;/span&gt;
			&lt;/p&gt;
			&lt;p&gt;
				&lt;span&gt;Det har inte väckts någon motion &lt;/span&gt;&lt;span&gt;med anledning av propositionen. &lt;/span&gt;&lt;span&gt;Utskottet anser att riksdagen &lt;/span&gt;&lt;span&gt;av de skäl som anförs i propositionen &lt;/span&gt;&lt;span&gt;dels bör godkänna ILO:s konvention om anständiga arbetsvillkor för hushållsarbetare, &lt;/span&gt;&lt;span&gt;dels &lt;/span&gt;&lt;span&gt;bör anta regeringens förslag till &lt;/span&gt;&lt;span&gt;ändringar i lagen &lt;/span&gt;&lt;span&gt;om arbetstid m.m. i husligt arbete&lt;/span&gt;&lt;span&gt;.&lt;/span&gt;
			&lt;/p&gt;
			&lt;p class="NormalIndent"&gt;
				&lt;span&gt;När det g&lt;/span&gt;&lt;span&gt;äller ILO:s rekommendation om anständiga arbetsvillkor för hushållsarbetare, vilken kompletterar den aktuella konventionen, ansluter sig utskottet till regeringens bedömning att den inte föranleder några särskilda åtgärder.&lt;/span&gt;
			&lt;/p&gt;
			&lt;p class="NormalIndent"&gt;
				&lt;span&gt; &lt;/span&gt;
			&lt;/p&gt;
			&lt;p&gt;
				&lt;span&gt; &lt;/span&gt;
			&lt;/p&gt;
			&lt;p&gt;
				&lt;span&gt; &lt;/span&gt;
			&lt;/p&gt;
			&lt;p&gt;
				&lt;span&gt; &lt;/span&gt;
			&lt;/p&gt;
			&lt;p class="Bilaga"&gt;
				&lt;span class="tBilagaJA"&gt;Bilaga 1&lt;/span&gt;
			&lt;/p&gt;
			&lt;p class="Bilagerubrik"&gt;
				&lt;a name="_Toc528583382"&gt;&lt;span class="tSidrubrikJA"&gt;Förteckning över behandlade förslag&lt;/span&gt;&lt;/a&gt;
			&lt;/p&gt;
			&lt;p class="Rubrik2bilaga" style="-aw-sdt-tag:'dokumentavsnitt/förteckning över behandlade förslag/862094243/1529409486809'; -aw-sdt-title:'förteckning över behandlade förslag'"&gt;
				&lt;a name="_Toc528583383"&gt;&lt;span&gt;Propositionen&lt;/span&gt;&lt;/a&gt;&lt;span&gt; &lt;/span&gt;
			&lt;/p&gt;
			&lt;h4 style="-aw-sdt-tag:'dokumentavsnitt/förteckning över behandlade förslag/862094243/1529409486809'; -aw-sdt-title:'förteckning över behandlade förslag'"&gt;
				&lt;span&gt;Proposition 2017/18:272 ILO:s konvention om anständiga arbetsvillkor för hushållsarbetare:&lt;/span&gt;
			&lt;/h4&gt;
			&lt;p class="Yrkandelista" style="margin-bottom:0pt; -aw-sdt-tag:'dokumentavsnitt/förteckning över behandlade förslag/862094243/1529409486809'; -aw-sdt-title:'förteckning över behandlade förslag'"&gt;
				&lt;span&gt;1.&lt;/span&gt;&lt;span style="width:21.22pt; text-indent:0pt; display:inline-block"&gt;&lt;/span&gt;&lt;span&gt;Riksdagen antar regeringens förslag till lag om ändring i lagen (1970:943) om arbetstid m.m. i husligt arbete.&lt;/span&gt;
			&lt;/p&gt;
			&lt;p class="Yrkandelista" style="margin-top:0pt; -aw-sdt-tag:'dokumentavsnitt/förteckning över behandlade förslag/862094243/1529409486809'; -aw-sdt-title:'förteckning över behandlade förslag'"&gt;
				&lt;span&gt;2.&lt;/span&gt;&lt;span style="width:21.22pt; text-indent:0pt; display:inline-block"&gt;&lt;/span&gt;&lt;span&gt;Riksdagen godkänner att Sverige ansluter sig till Internationella arbetsorganisationens (ILO) konvention (nr 189) om anständiga arbetsvillkor för hushållsarbetare (avsnitt 5).&lt;/span&gt;
			&lt;/p&gt;
			&lt;p class="Mellanrum"&gt;
				&lt;span&gt; &lt;/span&gt;
			&lt;/p&gt;
			&lt;p class="Mellanrum" style="-aw-sdt-tag:'dokumentavsnitt/förteckning över behandlade förslag/862094243/1529409486809'; -aw-sdt-title:'förteckning över behandlade förslag'"&gt;
				&lt;span&gt; &lt;/span&gt;
			&lt;/p&gt;
			&lt;p class="Mellanrum" style="-aw-sdt-tag:'dokumentavsnitt/förteckning över behandlade förslag/862094243/1529409486809'; -aw-sdt-title:'förteckning över behandlade förslag'"&gt;
				&lt;span&gt; &lt;/span&gt;
			&lt;/p&gt;
			&lt;p&gt;
				&lt;span&gt; &lt;/span&gt;
			&lt;/p&gt;
			&lt;p class="Bilaga"&gt;
				&lt;span class="tBilagaJA"&gt;Bilaga 2&lt;/span&gt;
			&lt;/p&gt;
			&lt;p class="Bilagerubrik" style="margin-bottom:0pt"&gt;
				&lt;a name="_Toc528583384"&gt;&lt;span class="tSidrubrikJA"&gt;Regeringens lagförslag&lt;/span&gt;&lt;/a&gt;
			&lt;/p&gt;
			&lt;p style="margin-top:0pt"&gt;
				&lt;img src="http://data.riksdagen.se/fil/h601au3/Dokument.001.png" width="394" height="717" alt="" style="-aw-left-pos:0pt; -aw-rel-hpos:column; -aw-rel-vpos:paragraph; -aw-top-pos:0pt; -aw-wrap-type:inline" /&gt;
			&lt;/p&gt;
			&lt;p style="page-break-before:always"&gt;
				&lt;img src="http://data.riksdagen.se/fil/h601au3/Dokument.002.png" width="386" height="756" alt="" style="-aw-left-pos:0pt; -aw-rel-hpos:column; -aw-rel-vpos:paragraph; -aw-top-pos:0pt; -aw-wrap-type:inline" /&gt;
			&lt;/p&gt;
			&lt;p style="page-break-before:always"&gt;
				&lt;img src="http://data.riksdagen.se/fil/h601au3/Dokument.003.png" width="394" height="647" alt="" style="-aw-left-pos:0pt; -aw-rel-hpos:column; -aw-rel-vpos:paragraph; -aw-top-pos:0pt; -aw-wrap-type:inline" /&gt;
			&lt;/p&gt;
		&lt;/div&gt;
	</html>
  </dokument>
<dokutskottsforslag>
<utskottsforslag>
<punkt datatype="int32">1</punkt>
<rubrik datatype="string">ILO:s konvention om anständiga arbetsvillkor för hushållsarbetare</rubrik>
<forslag datatype="string">Riksdagen&lt;br&gt;a) godkänner Internationella arbetsorganisationens (ILO) konvention (nr&amp;nbsp;189) om anständiga arbetsvillkor för hushållsarbetare,&lt;br&gt;b) antar regeringens förslag till lag om ändring i lagen (1970:943) om arbetstid m.m. i husligt arbete.&lt;BR/&gt;Därmed bifaller riksdagen proposition 2017/18:272 punkterna 1 och 2.&lt;BR/&gt;&lt;BR/&gt;</forslag>
<beslutstyp datatype="string">acklamation</beslutstyp>
<motforslag_nummer datatype="int32">0</motforslag_nummer>
<motforslag_partier datatype="string" />
<votering_id datatype="string" />
<votering_sammanfattning_html datatype="string" />
<votering_url_xml datatype="string" />
<rm datatype="string">2018/19</rm>
<bet datatype="string">AU3</bet>
<vinnare datatype="string">utskottet</vinnare>
</utskottsforslag>
</dokutskottsforslag>
<dokaktivitet>
<aktivitet>
<kod datatype="string">UBE</kod>
<namn datatype="string">Beredning</namn>
<datum datatype="datetime">2018-10-11 00:00:00</datum>
<status datatype="string">inträffat</status>
<ordning datatype="int32">0</ordning>
<process datatype="string" />
</aktivitet>
<aktivitet>
<kod datatype="string">JUS</kod>
<namn datatype="string">Justering</namn>
<datum datatype="datetime">2018-10-25 00:00:00</datum>
<status datatype="string">inträffat</status>
<ordning datatype="int32">0</ordning>
<process datatype="string" />
</aktivitet>
<aktivitet>
<kod datatype="string">TRY</kod>
<namn datatype="string">Trycklov</namn>
<datum datatype="datetime">2018-10-26 00:00:00</datum>
<status datatype="string">inträffat</status>
<ordning datatype="int32">0</ordning>
<process datatype="string" />
</aktivitet>
<aktivitet>
<kod datatype="string">B</kod>
<namn datatype="string">Bordläggning</namn>
<datum datatype="datetime">2018-11-06 00:00:00</datum>
<status datatype="string">inträffat</status>
<ordning datatype="int32">0</ordning>
<process datatype="string" />
</aktivitet>
<aktivitet>
<kod datatype="string">BEH</kod>
<namn datatype="string">Behandling</namn>
<datum datatype="datetime">2018-11-07 00:00:00</datum>
<status datatype="string">inträffat</status>
<ordning datatype="int32">0</ordning>
<process datatype="string" />
</aktivitet>
<aktivitet>
<kod datatype="string">BES</kod>
<namn datatype="string">Beslut</namn>
<datum datatype="datetime">2018-11-07 00:00:00</datum>
<status datatype="string">inträffat</status>
<ordning datatype="int32">0</ordning>
<process datatype="string" />
</aktivitet>
</dokaktivitet>
<dokuppgift>
<uppgift>
<kod datatype="string">notis</kod>
<namn datatype="string">Beslut i korthet</namn>
<text datatype="string">                           &lt;p&gt;Riksdagen&amp;nbsp;har godkänt&amp;nbsp;FN:s internationella arbetsorganisations, ILO, konvention om anständiga arbetsvillkor för hushållsarbetare. Med en hushållsarbetare avses en arbetstagare som är anställd för att arbeta i någons hushåll.&lt;/p&gt;
&lt;p&gt;Sverige lever redan upp till konventionen för hushållsarbetare i allmänhet. Det gäller exempelvis hemtjänstpersonal och anställda i så kallade hemserviceföretag. Arbetstagare som arbetar i sin arbetsgivares hushåll omfattas av en särskild lag. Den behöver ändras för att Sverige ska ha genomfört konventionen.&lt;/p&gt;
&lt;p&gt;Ändringarna handlar om att personer som arbetar hemma hos sin arbetsgivare ska få rätt till skriftlig information om sina anställningsvillkor.&lt;/p&gt;
&lt;p&gt;Riksdagen&amp;nbsp;sa ja till regeringens förslag om ändringar i lagen om husligt arbete.&lt;/p&gt;
&lt;p&gt;Lagändringarna börjar gälla den 1 mars 2019.&lt;/p&gt;
                                            </text>
<dok_id datatype="string">H601AU3</dok_id>
<systemdatum datatype="datetime">2018-11-07 16:11:22</systemdatum>
</uppgift>
<uppgift>
<kod datatype="string">notisrubrik</kod>
<namn datatype="string">Beslut</namn>
<text datatype="string">Sverige godkänner ILO-konvention om arbetsvillkor för hushållsarbetare (AU3)</text>
<dok_id datatype="string">H601AU3</dok_id>
<systemdatum datatype="datetime">2018-11-07 16:11:22</systemdatum>
</uppgift>
<uppgift>
<kod datatype="string">utsknotis</kod>
<namn datatype="string">Utskottets förslag till beslut</namn>
<text datatype="string">                           &lt;p&gt;Arbetsmarknadsutskottet föreslår att riksdagen godkänner FN:s internationella arbetsorganisations, ILO, konvention om anständiga arbetsvillkor för hushållsarbetare. Med en hushållsarbetare avses en arbetstagare som är anställd för att arbeta i någons hushåll.&lt;/p&gt;
&lt;p&gt;Sverige lever redan upp till konventionen för hushållsarbetare i allmänhet. Det gäller exempelvis hemtjänstpersonal och anställda i så kallade hemserviceföretag. Arbetstagare som arbetar i sin arbetsgivares hushåll omfattas av en särskild lag. Den behöver ändras för att Sverige ska ha genomfört konventionen.&lt;/p&gt;
&lt;p&gt;Ändringarna handlar om att personer som arbetar hemma hos sin arbetsgivare ska få rätt till skriftlig information om sina anställningsvillkor.&lt;/p&gt;
&lt;p&gt;Utskottet föreslår att riksdagen säger ja till regeringens förslag om ändringar i lagen om husligt arbete.&lt;/p&gt;
&lt;p&gt;Lagändringarna föreslås börja gälla den 1 mars 2019.&lt;/p&gt;
                                            </text>
<dok_id datatype="string">H601AU3</dok_id>
<systemdatum datatype="datetime">2018-11-07 16:11:22</systemdatum>
</uppgift>
<uppgift>
<kod datatype="string">utsknotisrubrik</kod>
<namn datatype="string">Utskottets förslag</namn>
<text datatype="string">Sverige godkänner ILO-konvention om arbetsvillkor för hushållsarbetare (AU3)</text>
<dok_id datatype="string">H601AU3</dok_id>
<systemdatum datatype="datetime">2018-11-07 16:11:22</systemdatum>
</uppgift>
<uppgift>
<kod datatype="string">rdbeslut</kod>
<namn datatype="string">Riksdagens beslut</namn>
<text datatype="string">Kammaren biföll utskottets förslag.</text>
<dok_id datatype="string">H601AU3</dok_id>
<systemdatum datatype="datetime">2018-11-07 16:22:22</systemdatum>
</uppgift>
<uppgift>
<kod datatype="string">beslutssammanfattningusk</kod>
<namn datatype="string">Utskottets förslag till beslut</namn>
<text datatype="string">Bifall till propositionen.</text>
<dok_id datatype="string">H601AU3</dok_id>
<systemdatum datatype="datetime">2018-11-26 15:21:41</systemdatum>
</uppgift>
<uppgift>
<kod datatype="string">debattdatumtid</kod>
<namn datatype="string">Datum och tid för debatten</namn>
<text datatype="string">2018-11-07 00:00:00</text>
<dok_id datatype="string">H601AU3</dok_id>
<systemdatum datatype="datetime">2018-11-07 16:11:22</systemdatum>
</uppgift>
<uppgift>
<kod datatype="string">beslutdatumtid</kod>
<namn datatype="string">Datum och tid för beslutet</namn>
<text datatype="string">2018-11-07 00:00:00</text>
<dok_id datatype="string">H601AU3</dok_id>
<systemdatum datatype="datetime">2018-11-07 16:11:22</systemdatum>
</uppgift>
<uppgift>
<kod datatype="string">statustext</kod>
<namn datatype="string">statustext</namn>
<text datatype="string">Ärendet är avslutat</text>
<dok_id datatype="string">H601AU3</dok_id>
<systemdatum datatype="datetime">2018-11-08 13:28:10</systemdatum>
</uppgift>
</dokuppgift>
<dokbilaga>
<bilaga>
<dok_id datatype="string">H601AU3</dok_id>
<titel datatype="string">ILO:s konvention om anständiga arbetsvillkor för hushållsarbetare</titel>
<subtitel datatype="string" />
<filnamn datatype="string">2018_19_AU3_20181126152056_Publicering.pdf</filnamn>
<filstorlek datatype="int32">775121</filstorlek>
<filtyp datatype="string">pdf</filtyp>
<fil_url datatype="string">http://data.riksdagen.se/fil/CB98B3D0-F5DD-47A7-8BAB-97832D0C2B9C</fil_url>
</bilaga>
</dokbilaga>
<dokreferens>
<referens>
<referenstyp datatype="string">behandlar</referenstyp>
<uppgift datatype="string">Proposition 2017/18:272 ILO:s konvention om anständiga arbetsvillkor för hushållsarbetare</uppgift>
<ref_dok_id datatype="string">H503272</ref_dok_id>
<ref_dok_typ datatype="string">prop</ref_dok_typ>
<ref_dok_rm datatype="string">2017/18</ref_dok_rm>
<ref_dok_bet datatype="string">272</ref_dok_bet>
<ref_dok_titel datatype="string">ILO:s konvention om anständiga arbetsvillkor för hushållsarbetare</ref_dok_titel>
<ref_dok_subtitel datatype="string" />
<ref_dok_subtyp datatype="string">prop</ref_dok_subtyp>
<ref_dok_dokumentnamn datatype="string">Proposition</ref_dok_dokumentnamn>
</referens>
<referens>
<referenstyp datatype="string">föredragningslista</referenstyp>
<uppgift datatype="string">föredragningslista 2018/19:13 Onsdag den 7 november 2018</uppgift>
<ref_dok_id datatype="string">H60I13</ref_dok_id>
<ref_dok_typ datatype="string">f-lista</ref_dok_typ>
<ref_dok_rm datatype="string">2018/19</ref_dok_rm>
<ref_dok_bet datatype="string">13</ref_dok_bet>
<ref_dok_titel datatype="string">Onsdag den 7 november 2018</ref_dok_titel>
<ref_dok_subtitel datatype="string" />
<ref_dok_subtyp datatype="string" />
<ref_dok_dokumentnamn datatype="string">Föredragningslista</ref_dok_dokumentnamn>
</referens>
<referens>
<referenstyp datatype="string">protokollbeslut</referenstyp>
<uppgift datatype="string">2018-11-07</uppgift>
<ref_dok_id datatype="string">H60913</ref_dok_id>
<ref_dok_typ datatype="string">prot</ref_dok_typ>
<ref_dok_rm datatype="string">2018/19</ref_dok_rm>
<ref_dok_bet datatype="string">13</ref_dok_bet>
<ref_dok_titel datatype="string">Protokoll 2018/19:13 Onsdagen den 7 november</ref_dok_titel>
<ref_dok_subtitel datatype="string" />
<ref_dok_subtyp datatype="string" />
<ref_dok_dokumentnamn datatype="string">Protokoll</ref_dok_dokumentnamn>
</referens>
<referens>
<referenstyp datatype="string">rskr</referenstyp>
<uppgift datatype="string" />
<ref_dok_id datatype="string">H60K15</ref_dok_id>
<ref_dok_typ datatype="string">rskr</ref_dok_typ>
<ref_dok_rm datatype="string">2018/19</ref_dok_rm>
<ref_dok_bet datatype="string">15</ref_dok_bet>
<ref_dok_titel datatype="string">Riksdagsskrivelse 2018/19:15</ref_dok_titel>
<ref_dok_subtitel datatype="string" />
<ref_dok_subtyp datatype="string">rskr</ref_dok_subtyp>
<ref_dok_dokumentnamn datatype="string">Riksdagsskrivelse</ref_dok_dokumentnamn>
</referens>
<referens>
<referenstyp datatype="string">talarlista</referenstyp>
<uppgift datatype="string">talarlista 2018/19:20181107 Onsdag den 7 november 2018 (preliminär)</uppgift>
<ref_dok_id datatype="string">H60J20181107</ref_dok_id>
<ref_dok_typ datatype="string">t-lista</ref_dok_typ>
<ref_dok_rm datatype="string">2018/19</ref_dok_rm>
<ref_dok_bet datatype="string">20181107</ref_dok_bet>
<ref_dok_titel datatype="string">Onsdag den 7 november 2018 (preliminär)</ref_dok_titel>
<ref_dok_subtitel datatype="string" />
<ref_dok_subtyp datatype="string" />
<ref_dok_dokumentnamn datatype="string">Talarlista</ref_dok_dokumentnamn>
</referens>
</dokreferens>
<debatt /></dokumentstatus>