{
  "person": {
    "hangar_guid": "e9c0c768-66ad-42a9-997c-f18a2dbf1d7f",
    "sourceid": "3ee8e114-2b2a-439b-9d60-b17225c992e8",
    "intressent_id": "0173210620224",
    "hangar_id": "3057334",
    "fodd_ar": "1986",
    "kon": "man",
    "efternamn": "Abdu",
    "tilltalsnamn": "Said",
    "sorteringsnamn": "Abdu,Said",
    "iort": "",
    "parti": "L",
    "valkrets": "Västra Götalands läns norra",
    "status": "Tidigare riksdagsledamot",
    "person_url_xml": "http://data.riksdagen.se/person/3ee8e114-2b2a-439b-9d60-b17225c992e8",
    "bild_url_80": "http://data.riksdagen.se/filarkiv/bilder/ledamot/3ee8e114-2b2a-439b-9d60-b17225c992e8_80.jpg",
    "bild_url_192": "http://data.riksdagen.se/filarkiv/bilder/ledamot/3ee8e114-2b2a-439b-9d60-b17225c992e8_192.jpg",
    "bild_url_max": "http://data.riksdagen.se/filarkiv/bilder/ledamot/3ee8e114-2b2a-439b-9d60-b17225c992e8_max.jpg",
    "personuppdrag": {
      "uppdrag": [
        {
          "organ_kod": "kam",
          "roll_kod": "Riksdagsledamot",
          "ordningsnummer": "339",
          "status": "Tjänstgörande",
          "typ": "kammaruppdrag",
          "from": "2014-09-29",
          "tom": "2018-09-24",
          "uppgift": "",
          "intressent_id": "0173210620224",
          "hangar_id": "3057334",
          "sortering": "10",
          "organ_sortering": "10",
          "uppdrag_rollsortering": "60",
          "uppdrag_statussortering": "10"
        },
        {
          "organ_kod": "AU",
          "roll_kod": "Ledamot",
          "ordningsnummer": "14",
          "status": "",
          "typ": "uppdrag",
          "from": "2018-01-24",
          "tom": "2018-09-24",
          "uppgift": "Arbetsmarknadsutskottet",
          "intressent_id": "0173210620224",
          "hangar_id": "3057334",
          "sortering": "30",
          "organ_sortering": "150",
          "uppdrag_rollsortering": "90",
          "uppdrag_statussortering": "90"
        },
        {
          "organ_kod": "CU",
          "roll_kod": "Suppleant",
          "ordningsnummer": "14",
          "status": "",
          "typ": "uppdrag",
          "from": "2016-03-15",
          "tom": "2018-09-24",
          "uppgift": "Civilutskottet",
          "intressent_id": "0173210620224",
          "hangar_id": "3057334",
          "sortering": "50",
          "organ_sortering": "150",
          "uppdrag_rollsortering": "90",
          "uppdrag_statussortering": "90"
        },
        {
          "organ_kod": "CU",
          "roll_kod": "Suppleant",
          "ordningsnummer": "24",
          "status": "",
          "typ": "uppdrag",
          "from": "2014-11-05",
          "tom": "2016-03-15",
          "uppgift": "Civilutskottet",
          "intressent_id": "0173210620224",
          "hangar_id": "3057334",
          "sortering": "50",
          "organ_sortering": "150",
          "uppdrag_rollsortering": "90",
          "uppdrag_statussortering": "90"
        },
        {
          "organ_kod": "FiU",
          "roll_kod": "Suppleant",
          "ordningsnummer": "25",
          "status": "",
          "typ": "uppdrag",
          "from": "2016-09-29",
          "tom": "2018-09-24",
          "uppgift": "Finansutskottet",
          "intressent_id": "0173210620224",
          "hangar_id": "3057334",
          "sortering": "50",
          "organ_sortering": "150",
          "uppdrag_rollsortering": "90",
          "uppdrag_statussortering": "90"
        },
        {
          "organ_kod": "JuU",
          "roll_kod": "Suppleant",
          "ordningsnummer": "24",
          "status": "",
          "typ": "uppdrag",
          "from": "2016-09-29",
          "tom": "2018-09-24",
          "uppgift": "Justitieutskottet",
          "intressent_id": "0173210620224",
          "hangar_id": "3057334",
          "sortering": "50",
          "organ_sortering": "150",
          "uppdrag_rollsortering": "90",
          "uppdrag_statussortering": "90"
        },
        {
          "organ_kod": "MJU",
          "roll_kod": "Suppleant",
          "ordningsnummer": "26",
          "status": "",
          "typ": "uppdrag",
          "from": "2014-11-05",
          "tom": "2018-01-24",
          "uppgift": "Miljö- och jordbruksutskottet",
          "intressent_id": "0173210620224",
          "hangar_id": "3057334",
          "sortering": "50",
          "organ_sortering": "150",
          "uppdrag_rollsortering": "90",
          "uppdrag_statussortering": "90"
        },
        {
          "organ_kod": "NU",
          "roll_kod": "Suppleant",
          "ordningsnummer": "14",
          "status": "",
          "typ": "uppdrag",
          "from": "2018-01-26",
          "tom": "2018-09-24",
          "uppgift": "Näringsutskottet",
          "intressent_id": "0173210620224",
          "hangar_id": "3057334",
          "sortering": "50",
          "organ_sortering": "150",
          "uppdrag_rollsortering": "90",
          "uppdrag_statussortering": "90"
        },
        {
          "organ_kod": "NU",
          "roll_kod": "Ledamot",
          "ordningsnummer": "14",
          "status": "",
          "typ": "uppdrag",
          "from": "2016-01-14",
          "tom": "2018-01-24",
          "uppgift": "Näringsutskottet",
          "intressent_id": "0173210620224",
          "hangar_id": "3057334",
          "sortering": "30",
          "organ_sortering": "150",
          "uppdrag_rollsortering": "90",
          "uppdrag_statussortering": "90"
        },
        {
          "organ_kod": "NU",
          "roll_kod": "Suppleant",
          "ordningsnummer": "14",
          "status": "",
          "typ": "uppdrag",
          "from": "2014-10-07",
          "tom": "2016-01-14",
          "uppgift": "Näringsutskottet",
          "intressent_id": "0173210620224",
          "hangar_id": "3057334",
          "sortering": "50",
          "organ_sortering": "150",
          "uppdrag_rollsortering": "90",
          "uppdrag_statussortering": "90"
        },
        {
          "organ_kod": "SkU",
          "roll_kod": "Suppleant",
          "ordningsnummer": "24",
          "status": "",
          "typ": "uppdrag",
          "from": "2014-11-05",
          "tom": "2018-09-24",
          "uppgift": "Skatteutskottet",
          "intressent_id": "0173210620224",
          "hangar_id": "3057334",
          "sortering": "50",
          "organ_sortering": "150",
          "uppdrag_rollsortering": "90",
          "uppdrag_statussortering": "90"
        },
        {
          "organ_kod": "TU",
          "roll_kod": "Suppleant",
          "ordningsnummer": "25",
          "status": "",
          "typ": "uppdrag",
          "from": "2016-01-14",
          "tom": "2018-09-24",
          "uppgift": "Trafikutskottet",
          "intressent_id": "0173210620224",
          "hangar_id": "3057334",
          "sortering": "50",
          "organ_sortering": "150",
          "uppdrag_rollsortering": "90",
          "uppdrag_statussortering": "90"
        },
        {
          "organ_kod": "TU",
          "roll_kod": "Ledamot",
          "ordningsnummer": "14",
          "status": "",
          "typ": "uppdrag",
          "from": "2015-03-06",
          "tom": "2016-01-13",
          "uppgift": "Trafikutskottet",
          "intressent_id": "0173210620224",
          "hangar_id": "3057334",
          "sortering": "30",
          "organ_sortering": "150",
          "uppdrag_rollsortering": "90",
          "uppdrag_statussortering": "90"
        },
        {
          "organ_kod": "TU",
          "roll_kod": "Suppleant",
          "ordningsnummer": "14",
          "status": "",
          "typ": "uppdrag",
          "from": "2014-10-07",
          "tom": "2015-03-05",
          "uppgift": "Trafikutskottet",
          "intressent_id": "0173210620224",
          "hangar_id": "3057334",
          "sortering": "50",
          "organ_sortering": "150",
          "uppdrag_rollsortering": "90",
          "uppdrag_statussortering": "90"
        },
        {
          "organ_kod": "UbU",
          "roll_kod": "Suppleant",
          "ordningsnummer": "26",
          "status": "",
          "typ": "uppdrag",
          "from": "2014-11-05",
          "tom": "2016-09-28",
          "uppgift": "Utbildningsutskottet",
          "intressent_id": "0173210620224",
          "hangar_id": "3057334",
          "sortering": "50",
          "organ_sortering": "150",
          "uppdrag_rollsortering": "90",
          "uppdrag_statussortering": "90"
        },
        {
          "organ_kod": "EUN",
          "roll_kod": "Suppleant",
          "ordningsnummer": "54",
          "status": "",
          "typ": "uppdrag",
          "from": "2014-11-05",
          "tom": "2018-09-24",
          "uppgift": "EU-nämnden",
          "intressent_id": "0173210620224",
          "hangar_id": "3057334",
          "sortering": "50",
          "organ_sortering": "170",
          "uppdrag_rollsortering": "90",
          "uppdrag_statussortering": "90"
        }
      ]
    },
    "personuppgift": {
      "uppgift": {
        "kod": "KandiderarINastaVal",
        "uppgift": "true",
        "typ": "val",
        "intressent_id": "0173210620224",
        "hangar_id": "3057334"
      }
    }
  }
}