{
  "person": {
    "hangar_guid": "d12491f5-3f33-4647-a3ec-405e56cf4b59",
    "sourceid": "4a2cb0d8-5569-4f1b-bd0f-62c7e812a2fb",
    "intressent_id": "0201207390210",
    "hangar_id": "5004059",
    "fodd_ar": "1955",
    "kon": "man",
    "efternamn": "Adaktusson",
    "tilltalsnamn": "Lars",
    "sorteringsnamn": "Adaktusson,Lars",
    "iort": "",
    "parti": "KD",
    "valkrets": "Dalarnas län",
    "status": "Tjänstgörande riksdagsledamot",
    "person_url_xml": "http://data.riksdagen.se/person/4a2cb0d8-5569-4f1b-bd0f-62c7e812a2fb",
    "bild_url_80": "http://data.riksdagen.se/filarkiv/bilder/ledamot/4a2cb0d8-5569-4f1b-bd0f-62c7e812a2fb_80.jpg",
    "bild_url_192": "http://data.riksdagen.se/filarkiv/bilder/ledamot/4a2cb0d8-5569-4f1b-bd0f-62c7e812a2fb_192.jpg",
    "bild_url_max": "http://data.riksdagen.se/filarkiv/bilder/ledamot/4a2cb0d8-5569-4f1b-bd0f-62c7e812a2fb_max.jpg",
    "personuppdrag": {
      "uppdrag": [
        {
          "organ_kod": "EP",
          "roll_kod": "Ledamot",
          "ordningsnummer": "7",
          "status": "",
          "typ": "Europaparlamentet",
          "from": "2014-07-01",
          "tom": "2018-10-03",
          "uppgift": "Europaparlamentet",
          "intressent_id": "0201207390210",
          "hangar_id": "5004059",
          "sortering": "30",
          "organ_sortering": "100",
          "uppdrag_rollsortering": "90",
          "uppdrag_statussortering": "90"
        },
        {
          "organ_kod": "kam",
          "roll_kod": "Riksdagsledamot",
          "ordningsnummer": "344",
          "status": "Tjänstgörande",
          "typ": "kammaruppdrag",
          "from": "2018-09-24",
          "tom": "2022-09-26",
          "uppgift": "",
          "intressent_id": "0201207390210",
          "hangar_id": "5004059",
          "sortering": "10",
          "organ_sortering": "10",
          "uppdrag_rollsortering": "60",
          "uppdrag_statussortering": "10"
        },
        {
          "organ_kod": "FöU",
          "roll_kod": "Suppleant",
          "ordningsnummer": "24",
          "status": "",
          "typ": "uppdrag",
          "from": "2018-10-16",
          "tom": "2022-09-26",
          "uppgift": "Försvarsutskottet",
          "intressent_id": "0201207390210",
          "hangar_id": "5004059",
          "sortering": "50",
          "organ_sortering": "150",
          "uppdrag_rollsortering": "90",
          "uppdrag_statussortering": "90"
        },
        {
          "organ_kod": "KU",
          "roll_kod": "Suppleant",
          "ordningsnummer": "12",
          "status": "",
          "typ": "uppdrag",
          "from": "2018-10-02",
          "tom": "2022-09-26",
          "uppgift": "Konstitutionsutskottet",
          "intressent_id": "0201207390210",
          "hangar_id": "5004059",
          "sortering": "50",
          "organ_sortering": "150",
          "uppdrag_rollsortering": "90",
          "uppdrag_statussortering": "90"
        },
        {
          "organ_kod": "UU",
          "roll_kod": "Ledamot",
          "ordningsnummer": "12",
          "status": "",
          "typ": "uppdrag",
          "from": "2018-10-02",
          "tom": "2022-09-26",
          "uppgift": "Utrikesutskottet",
          "intressent_id": "0201207390210",
          "hangar_id": "5004059",
          "sortering": "30",
          "organ_sortering": "150",
          "uppdrag_rollsortering": "90",
          "uppdrag_statussortering": "90"
        },
        {
          "organ_kod": "UFöU",
          "roll_kod": "Suppleant",
          "ordningsnummer": "12",
          "status": "",
          "typ": "uppdrag",
          "from": "2019-11-14",
          "tom": "2019-12-17",
          "uppgift": "Sammansatta utrikes- och försvarsutskottet",
          "intressent_id": "0201207390210",
          "hangar_id": "5004059",
          "sortering": "50",
          "organ_sortering": "160",
          "uppdrag_rollsortering": "90",
          "uppdrag_statussortering": "90"
        },
        {
          "organ_kod": "UFöU",
          "roll_kod": "Deputerad",
          "ordningsnummer": "12",
          "status": "",
          "typ": "uppdrag",
          "from": "2019-05-09",
          "tom": "2019-06-12",
          "uppgift": "Sammansatta utrikes- och försvarsutskottet",
          "intressent_id": "0201207390210",
          "hangar_id": "5004059",
          "sortering": "40",
          "organ_sortering": "160",
          "uppdrag_rollsortering": "90",
          "uppdrag_statussortering": "90"
        },
        {
          "organ_kod": "UFöU",
          "roll_kod": "Deputerad",
          "ordningsnummer": "12",
          "status": "",
          "typ": "uppdrag",
          "from": "2018-11-15",
          "tom": "2018-12-05",
          "uppgift": "Sammansatta utrikes- och försvarsutskottet",
          "intressent_id": "0201207390210",
          "hangar_id": "5004059",
          "sortering": "40",
          "organ_sortering": "160",
          "uppdrag_rollsortering": "90",
          "uppdrag_statussortering": "90"
        },
        {
          "organ_kod": "EUN",
          "roll_kod": "Suppleant",
          "ordningsnummer": "12",
          "status": "",
          "typ": "uppdrag",
          "from": "2018-10-09",
          "tom": "2022-10-04",
          "uppgift": "EU-nämnden",
          "intressent_id": "0201207390210",
          "hangar_id": "5004059",
          "sortering": "50",
          "organ_sortering": "170",
          "uppdrag_rollsortering": "90",
          "uppdrag_statussortering": "90"
        },
        {
          "organ_kod": "EUN",
          "roll_kod": "Ledamot",
          "ordningsnummer": "12",
          "status": "",
          "typ": "uppdrag",
          "from": "2018-10-02",
          "tom": "2018-10-09",
          "uppgift": "EU-nämnden",
          "intressent_id": "0201207390210",
          "hangar_id": "5004059",
          "sortering": "30",
          "organ_sortering": "170",
          "uppdrag_rollsortering": "90",
          "uppdrag_statussortering": "90"
        }
      ]
    },
    "personuppgift": {
      "uppgift": [
        {
          "kod": "Officiell e-postadress",
          "uppgift": "lars.adaktusson[på]riksdagen.se",
          "typ": "eadress",
          "intressent_id": "0201207390210",
          "hangar_id": "5004059"
        },
        {
          "kod": "sv",
          "uppgift": "Journalist.",
          "typ": "titlar",
          "intressent_id": "0201207390210",
          "hangar_id": "5004059"
        },
        {
          "kod": "en",
          "uppgift": "",
          "typ": "titlar",
          "intressent_id": "0201207390210",
          "hangar_id": "5004059"
        }
      ]
    }
  }
}