{
  "person": {
    "hangar_guid": "0d39b646-04d0-43f9-98d3-f7e554ea89cd",
    "sourceid": "d76a2369-0163-406e-8bcb-c777473158d5",
    "intressent_id": "072019517020",
    "hangar_id": "2369309",
    "fodd_ar": "1985",
    "kon": "man",
    "efternamn": "Adan",
    "tilltalsnamn": "Amir",
    "sorteringsnamn": "Adan,Amir",
    "iort": "",
    "parti": "M",
    "valkrets": "Stockholms kommun",
    "status": "Tjänstgörande ersättare",
    "person_url_xml": "http://data.riksdagen.se/person/d76a2369-0163-406e-8bcb-c777473158d5",
    "bild_url_80": "http://data.riksdagen.se/filarkiv/bilder/ledamot/d76a2369-0163-406e-8bcb-c777473158d5_80.jpg",
    "bild_url_192": "http://data.riksdagen.se/filarkiv/bilder/ledamot/d76a2369-0163-406e-8bcb-c777473158d5_192.jpg",
    "bild_url_max": "http://data.riksdagen.se/filarkiv/bilder/ledamot/d76a2369-0163-406e-8bcb-c777473158d5_max.jpg",
    "personuppdrag": {
      "uppdrag": [
        {
          "organ_kod": "kam",
          "roll_kod": "Ersättare",
          "ordningsnummer": "141",
          "status": "Ersättare",
          "typ": "kammaruppdrag",
          "from": "2020-01-01",
          "tom": "2020-05-03",
          "uppgift": "Jessica Rosencrantz",
          "intressent_id": "072019517020",
          "hangar_id": "2369309",
          "sortering": "45",
          "organ_sortering": "10",
          "uppdrag_rollsortering": "60",
          "uppdrag_statussortering": "20"
        },
        {
          "organ_kod": "kam",
          "roll_kod": "Riksdagsledamot",
          "ordningsnummer": "209",
          "status": "Tjänstgörande",
          "typ": "kammaruppdrag",
          "from": "2016-12-03",
          "tom": "2018-09-24",
          "uppgift": "",
          "intressent_id": "072019517020",
          "hangar_id": "2369309",
          "sortering": "10",
          "organ_sortering": "10",
          "uppdrag_rollsortering": "60",
          "uppdrag_statussortering": "10"
        },
        {
          "organ_kod": "kam",
          "roll_kod": "Riksdagsledamot",
          "ordningsnummer": "209",
          "status": "Ledig",
          "typ": "kammaruppdrag",
          "from": "2016-10-03",
          "tom": "2016-12-02",
          "uppgift": "Gustav Blix 2016-10-03 - 2016-12-02  Föräldraledighet",
          "intressent_id": "072019517020",
          "hangar_id": "2369309",
          "sortering": "10",
          "organ_sortering": "10",
          "uppdrag_rollsortering": "60",
          "uppdrag_statussortering": "30"
        },
        {
          "organ_kod": "kam",
          "roll_kod": "Riksdagsledamot",
          "ordningsnummer": "209",
          "status": "Tjänstgörande",
          "typ": "kammaruppdrag",
          "from": "2014-09-29",
          "tom": "2016-10-02",
          "uppgift": "",
          "intressent_id": "072019517020",
          "hangar_id": "2369309",
          "sortering": "10",
          "organ_sortering": "10",
          "uppdrag_rollsortering": "60",
          "uppdrag_statussortering": "10"
        },
        {
          "organ_kod": "kam",
          "roll_kod": "Riksdagsledamot",
          "ordningsnummer": "280",
          "status": "Tjänstgörande",
          "typ": "kammaruppdrag",
          "from": "2010-10-26",
          "tom": "2014-09-29",
          "uppgift": "",
          "intressent_id": "072019517020",
          "hangar_id": "2369309",
          "sortering": "10",
          "organ_sortering": "10",
          "uppdrag_rollsortering": "60",
          "uppdrag_statussortering": "10"
        },
        {
          "organ_kod": "kam",
          "roll_kod": "Statsrådsersättare",
          "ordningsnummer": "51",
          "status": "Ersättare",
          "typ": "kammaruppdrag",
          "from": "2010-10-19",
          "tom": "2010-10-25",
          "uppgift": "Fredrik Reinfeldt",
          "intressent_id": "072019517020",
          "hangar_id": "2369309",
          "sortering": "",
          "organ_sortering": "10",
          "uppdrag_rollsortering": "60",
          "uppdrag_statussortering": "20"
        },
        {
          "organ_kod": "kam",
          "roll_kod": "Statsrådsersättare",
          "ordningsnummer": "80",
          "status": "Ersättare",
          "typ": "kammaruppdrag",
          "from": "2010-10-04",
          "tom": "2010-10-18",
          "uppgift": "Beatrice Ask",
          "intressent_id": "072019517020",
          "hangar_id": "2369309",
          "sortering": "",
          "organ_sortering": "10",
          "uppdrag_rollsortering": "60",
          "uppdrag_statussortering": "20"
        },
        {
          "organ_kod": "Systembolaget",
          "roll_kod": "Revisorssuppleant",
          "ordningsnummer": "3",
          "status": "",
          "typ": "Riksdagsorgan",
          "from": "2016-03-16",
          "tom": "2019-02-14",
          "uppgift": "Systembolaget AB",
          "intressent_id": "072019517020",
          "hangar_id": "2369309",
          "sortering": "",
          "organ_sortering": "",
          "uppdrag_rollsortering": "90",
          "uppdrag_statussortering": "90"
        },
        {
          "organ_kod": "Systembolaget",
          "roll_kod": "Revisorssuppleant",
          "ordningsnummer": "3",
          "status": "",
          "typ": "Riksdagsorgan",
          "from": "2015-03-25",
          "tom": "2016-03-16",
          "uppgift": "Systembolaget AB",
          "intressent_id": "072019517020",
          "hangar_id": "2369309",
          "sortering": "",
          "organ_sortering": "",
          "uppdrag_rollsortering": "90",
          "uppdrag_statussortering": "90"
        },
        {
          "organ_kod": "PA-UfM",
          "roll_kod": "Suppleant",
          "ordningsnummer": "2",
          "status": "",
          "typ": "Riksdagsorgan",
          "from": "2014-10-28",
          "tom": "2018-09-24",
          "uppgift": "Riksdagens delegation till den parlamentariska församlingen för Unionen för Medelhavet",
          "intressent_id": "072019517020",
          "hangar_id": "2369309",
          "sortering": "50",
          "organ_sortering": "300",
          "uppdrag_rollsortering": "90",
          "uppdrag_statussortering": "90"
        },
        {
          "organ_kod": "FöU",
          "roll_kod": "Suppleant",
          "ordningsnummer": "17",
          "status": "",
          "typ": "uppdrag",
          "from": "2020-01-01",
          "tom": "2020-05-03",
          "uppgift": "Försvarsutskottet",
          "intressent_id": "072019517020",
          "hangar_id": "2369309",
          "sortering": "50",
          "organ_sortering": "150",
          "uppdrag_rollsortering": "90",
          "uppdrag_statussortering": "90"
        },
        {
          "organ_kod": "KrU",
          "roll_kod": "Ledamot",
          "ordningsnummer": "13",
          "status": "",
          "typ": "uppdrag",
          "from": "2012-06-13",
          "tom": "2014-09-29",
          "uppgift": "Kulturutskottet",
          "intressent_id": "072019517020",
          "hangar_id": "2369309",
          "sortering": "30",
          "organ_sortering": "150",
          "uppdrag_rollsortering": "90",
          "uppdrag_statussortering": "90"
        },
        {
          "organ_kod": "KrU",
          "roll_kod": "Suppleant",
          "ordningsnummer": "1",
          "status": "",
          "typ": "uppdrag",
          "from": "2010-10-12",
          "tom": "2012-06-12",
          "uppgift": "Kulturutskottet",
          "intressent_id": "072019517020",
          "hangar_id": "2369309",
          "sortering": "50",
          "organ_sortering": "150",
          "uppdrag_rollsortering": "90",
          "uppdrag_statussortering": "90"
        },
        {
          "organ_kod": "SfU",
          "roll_kod": "Suppleant",
          "ordningsnummer": "11",
          "status": "",
          "typ": "uppdrag",
          "from": "2014-10-07",
          "tom": "2018-09-24",
          "uppgift": "Socialförsäkringsutskottet",
          "intressent_id": "072019517020",
          "hangar_id": "2369309",
          "sortering": "50",
          "organ_sortering": "150",
          "uppdrag_rollsortering": "90",
          "uppdrag_statussortering": "90"
        },
        {
          "organ_kod": "SoU",
          "roll_kod": "Ledamot",
          "ordningsnummer": "7",
          "status": "",
          "typ": "uppdrag",
          "from": "2015-12-18",
          "tom": "2018-09-24",
          "uppgift": "Socialutskottet",
          "intressent_id": "072019517020",
          "hangar_id": "2369309",
          "sortering": "30",
          "organ_sortering": "150",
          "uppdrag_rollsortering": "90",
          "uppdrag_statussortering": "90"
        },
        {
          "organ_kod": "SoU",
          "roll_kod": "Ledamot",
          "ordningsnummer": "11",
          "status": "",
          "typ": "uppdrag",
          "from": "2014-10-07",
          "tom": "2015-12-18",
          "uppgift": "Socialutskottet",
          "intressent_id": "072019517020",
          "hangar_id": "2369309",
          "sortering": "30",
          "organ_sortering": "150",
          "uppdrag_rollsortering": "90",
          "uppdrag_statussortering": "90"
        },
        {
          "organ_kod": "UU",
          "roll_kod": "Suppleant",
          "ordningsnummer": "7",
          "status": "",
          "typ": "uppdrag",
          "from": "2010-10-12",
          "tom": "2014-09-29",
          "uppgift": "Utrikesutskottet",
          "intressent_id": "072019517020",
          "hangar_id": "2369309",
          "sortering": "50",
          "organ_sortering": "150",
          "uppdrag_rollsortering": "90",
          "uppdrag_statussortering": "90"
        },
        {
          "organ_kod": "EUN",
          "roll_kod": "Suppleant",
          "ordningsnummer": "26",
          "status": "",
          "typ": "uppdrag",
          "from": "2014-10-15",
          "tom": "2018-09-24",
          "uppgift": "EU-nämnden",
          "intressent_id": "072019517020",
          "hangar_id": "2369309",
          "sortering": "50",
          "organ_sortering": "170",
          "uppdrag_rollsortering": "90",
          "uppdrag_statussortering": "90"
        },
        {
          "organ_kod": "EUN",
          "roll_kod": "Suppleant",
          "ordningsnummer": "27",
          "status": "",
          "typ": "uppdrag",
          "from": "2014-10-14",
          "tom": "2014-10-14",
          "uppgift": "EU-nämnden",
          "intressent_id": "072019517020",
          "hangar_id": "2369309",
          "sortering": "50",
          "organ_sortering": "170",
          "uppdrag_rollsortering": "90",
          "uppdrag_statussortering": "90"
        }
      ]
    },
    "personuppgift": {
      "uppgift": [
        {
          "kod": "Webbsida",
          "uppgift": "http://www.amiradan.se",
          "typ": "eadress",
          "intressent_id": "072019517020",
          "hangar_id": "2369309"
        },
        {
          "kod": "Officiell e-postadress",
          "uppgift": "amir.adan[på]riksdagen.se",
          "typ": "eadress",
          "intressent_id": "072019517020",
          "hangar_id": "2369309"
        },
        {
          "kod": "sv",
          "uppgift": "Redovisningsansvarig",
          "typ": "titlar",
          "intressent_id": "072019517020",
          "hangar_id": "2369309"
        },
        {
          "kod": "en",
          "uppgift": "",
          "typ": "titlar",
          "intressent_id": "072019517020",
          "hangar_id": "2369309"
        },
        {
          "kod": "KandiderarINastaVal",
          "uppgift": "true",
          "typ": "val",
          "intressent_id": "072019517020",
          "hangar_id": "2369309"
        }
      ]
    }
  }
}