{
  "person": {
    "hangar_guid": "7c82081e-06f9-410e-93a3-0fd264ba05d0",
    "sourceid": "c320b145-1ba4-4365-a996-7023c7080765",
    "intressent_id": "040421445103",
    "hangar_id": "2342129",
    "fodd_ar": "1941",
    "kon": "man",
    "efternamn": "Adelsohn",
    "tilltalsnamn": "Ulf",
    "sorteringsnamn": "Adelsohn,Ulf",
    "iort": "",
    "parti": "M",
    "valkrets": "",
    "status": "Tidigare riksdagsledamot",
    "person_url_xml": "http://data.riksdagen.se/person/c320b145-1ba4-4365-a996-7023c7080765",
    "bild_url_80": "http://data.riksdagen.se/filarkiv/bilder/ledamot/c320b145-1ba4-4365-a996-7023c7080765_80.jpg",
    "bild_url_192": "http://data.riksdagen.se/filarkiv/bilder/ledamot/c320b145-1ba4-4365-a996-7023c7080765_192.jpg",
    "bild_url_max": "http://data.riksdagen.se/filarkiv/bilder/ledamot/c320b145-1ba4-4365-a996-7023c7080765_max.jpg",
    "personuppdrag": {
      "uppdrag": [
        {
          "organ_kod": "kam",
          "roll_kod": "Riksdagsledamot",
          "ordningsnummer": "0",
          "status": "Tjänstgörande",
          "typ": "kammaruppdrag",
          "from": "1988-06-08",
          "tom": "1988-10-03",
          "uppgift": "",
          "intressent_id": "040421445103",
          "hangar_id": "2342129",
          "sortering": "10",
          "organ_sortering": "10",
          "uppdrag_rollsortering": "60",
          "uppdrag_statussortering": "10"
        },
        {
          "organ_kod": "kam",
          "roll_kod": "Riksdagsledamot",
          "ordningsnummer": "0",
          "status": "Ledig",
          "typ": "kammaruppdrag",
          "from": "1988-05-04",
          "tom": "1988-06-07",
          "uppgift": "Barbro Nilsson 1988-05-04 - 1988-06-07",
          "intressent_id": "040421445103",
          "hangar_id": "2342129",
          "sortering": "10",
          "organ_sortering": "10",
          "uppdrag_rollsortering": "60",
          "uppdrag_statussortering": "30"
        },
        {
          "organ_kod": "kam",
          "roll_kod": "Riksdagsledamot",
          "ordningsnummer": "0",
          "status": "Tjänstgörande",
          "typ": "kammaruppdrag",
          "from": "1987-12-25",
          "tom": "1988-05-03",
          "uppgift": "",
          "intressent_id": "040421445103",
          "hangar_id": "2342129",
          "sortering": "10",
          "organ_sortering": "10",
          "uppdrag_rollsortering": "60",
          "uppdrag_statussortering": "10"
        },
        {
          "organ_kod": "kam",
          "roll_kod": "Riksdagsledamot",
          "ordningsnummer": "0",
          "status": "Ledig",
          "typ": "kammaruppdrag",
          "from": "1987-11-25",
          "tom": "1987-12-24",
          "uppgift": "Barbro Nilsson 1987-11-25 - 1987-12-24",
          "intressent_id": "040421445103",
          "hangar_id": "2342129",
          "sortering": "10",
          "organ_sortering": "10",
          "uppdrag_rollsortering": "60",
          "uppdrag_statussortering": "30"
        },
        {
          "organ_kod": "kam",
          "roll_kod": "Riksdagsledamot",
          "ordningsnummer": "0",
          "status": "Tjänstgörande",
          "typ": "kammaruppdrag",
          "from": "1987-06-03",
          "tom": "1987-11-24",
          "uppgift": "",
          "intressent_id": "040421445103",
          "hangar_id": "2342129",
          "sortering": "10",
          "organ_sortering": "10",
          "uppdrag_rollsortering": "60",
          "uppdrag_statussortering": "10"
        },
        {
          "organ_kod": "kam",
          "roll_kod": "Riksdagsledamot",
          "ordningsnummer": "0",
          "status": "Ledig",
          "typ": "kammaruppdrag",
          "from": "1987-04-29",
          "tom": "1987-06-02",
          "uppgift": "Charlotte Cederschiöld 1987-04-29 - 1987-06-02",
          "intressent_id": "040421445103",
          "hangar_id": "2342129",
          "sortering": "10",
          "organ_sortering": "10",
          "uppdrag_rollsortering": "60",
          "uppdrag_statussortering": "30"
        },
        {
          "organ_kod": "kam",
          "roll_kod": "Riksdagsledamot",
          "ordningsnummer": "0",
          "status": "Tjänstgörande",
          "typ": "kammaruppdrag",
          "from": "1985-09-30",
          "tom": "1987-04-28",
          "uppgift": "",
          "intressent_id": "040421445103",
          "hangar_id": "2342129",
          "sortering": "10",
          "organ_sortering": "10",
          "uppdrag_rollsortering": "60",
          "uppdrag_statussortering": "10"
        },
        {
          "organ_kod": "kam",
          "roll_kod": "Riksdagsledamot",
          "ordningsnummer": "0",
          "status": "Tjänstgörande",
          "typ": "kammaruppdrag",
          "from": "1982-10-04",
          "tom": "1985-09-30",
          "uppgift": "",
          "intressent_id": "040421445103",
          "hangar_id": "2342129",
          "sortering": "10",
          "organ_sortering": "10",
          "uppdrag_rollsortering": "60",
          "uppdrag_statussortering": "10"
        },
        {
          "organ_kod": "NR",
          "roll_kod": "Ordförande",
          "ordningsnummer": "0",
          "status": "",
          "typ": "Riksdagsorgan",
          "from": "1982-10-04",
          "tom": "1984-10-02",
          "uppgift": "Nordiska rådets svenska delegation",
          "intressent_id": "040421445103",
          "hangar_id": "2342129",
          "sortering": "10",
          "organ_sortering": "300",
          "uppdrag_rollsortering": "90",
          "uppdrag_statussortering": "90"
        },
        {
          "organ_kod": "UU",
          "roll_kod": "Suppleant",
          "ordningsnummer": "0",
          "status": "",
          "typ": "uppdrag",
          "from": "1982-10-04",
          "tom": "1985-09-29",
          "uppgift": "Utrikesutskottet",
          "intressent_id": "040421445103",
          "hangar_id": "2342129",
          "sortering": "50",
          "organ_sortering": "150",
          "uppdrag_rollsortering": "90",
          "uppdrag_statussortering": "90"
        }
      ]
    },
    "personuppgift": {
      "uppgift": [
        {
          "kod": "sv",
          "uppgift": "jur.kand.",
          "typ": "titlar",
          "intressent_id": "040421445103",
          "hangar_id": "2342129"
        },
        {
          "kod": "en",
          "uppgift": "",
          "typ": "titlar",
          "intressent_id": "040421445103",
          "hangar_id": "2342129"
        }
      ]
    }
  }
}