{
  "person": {
    "hangar_guid": "c13f51ec-fcc0-475a-a710-6e7b00495510",
    "sourceid": "3aefb08b-13c9-47f2-89d9-c9479884ec7d",
    "intressent_id": "018160186302",
    "hangar_id": "2342014",
    "fodd_ar": "1939",
    "kon": "kvinna",
    "efternamn": "af Ugglas",
    "tilltalsnamn": "Margaretha",
    "sorteringsnamn": "Ugglas,Margaretha",
    "iort": "",
    "parti": "M",
    "valkrets": "",
    "status": "Tidigare riksdagsledamot",
    "person_url_xml": "http://data.riksdagen.se/person/3aefb08b-13c9-47f2-89d9-c9479884ec7d",
    "bild_url_80": "http://data.riksdagen.se/filarkiv/bilder/ledamot/3aefb08b-13c9-47f2-89d9-c9479884ec7d_80.jpg",
    "bild_url_192": "http://data.riksdagen.se/filarkiv/bilder/ledamot/3aefb08b-13c9-47f2-89d9-c9479884ec7d_192.jpg",
    "bild_url_max": "http://data.riksdagen.se/filarkiv/bilder/ledamot/3aefb08b-13c9-47f2-89d9-c9479884ec7d_max.jpg",
    "personuppdrag": {
      "uppdrag": [
        {
          "organ_kod": "UD",
          "roll_kod": "Utrikesminister",
          "ordningsnummer": "0",
          "status": "",
          "typ": "Departement",
          "from": "1991-10-04",
          "tom": "1994-10-07",
          "uppgift": "Utrikesdepartementet",
          "intressent_id": "018160186302",
          "hangar_id": "2342014",
          "sortering": "50",
          "organ_sortering": "",
          "uppdrag_rollsortering": "90",
          "uppdrag_statussortering": "90"
        },
        {
          "organ_kod": "kam",
          "roll_kod": "Riksdagsledamot",
          "ordningsnummer": "4",
          "status": "Ledig",
          "typ": "kammaruppdrag",
          "from": "1995-01-10",
          "tom": "1995-10-09",
          "uppgift": "Henrik S Järrel 1995-01-10 - 1995-10-09",
          "intressent_id": "018160186302",
          "hangar_id": "2342014",
          "sortering": "10",
          "organ_sortering": "10",
          "uppdrag_rollsortering": "60",
          "uppdrag_statussortering": "30"
        },
        {
          "organ_kod": "kam",
          "roll_kod": "Riksdagsledamot",
          "ordningsnummer": "4",
          "status": "Tjänstgörande",
          "typ": "kammaruppdrag",
          "from": "1994-10-08",
          "tom": "1995-01-09",
          "uppgift": "",
          "intressent_id": "018160186302",
          "hangar_id": "2342014",
          "sortering": "10",
          "organ_sortering": "10",
          "uppdrag_rollsortering": "60",
          "uppdrag_statussortering": "10"
        },
        {
          "organ_kod": "kam",
          "roll_kod": "Riksdagsledamot",
          "ordningsnummer": "4",
          "status": "Ledig",
          "typ": "kammaruppdrag",
          "from": "1994-10-03",
          "tom": "1994-10-07",
          "uppgift": "Ulf Kristersson 1991-10-05 - 1994-10-03, Peeter Luksep 1994-10-03 - 1994-10-07",
          "intressent_id": "018160186302",
          "hangar_id": "2342014",
          "sortering": "10",
          "organ_sortering": "10",
          "uppdrag_rollsortering": "60",
          "uppdrag_statussortering": "30"
        },
        {
          "organ_kod": "kam",
          "roll_kod": "Riksdagsledamot",
          "ordningsnummer": "10",
          "status": "Ledig",
          "typ": "kammaruppdrag",
          "from": "1991-10-05",
          "tom": "1994-10-03",
          "uppgift": "Ulf Kristersson 1991-10-05 - 1994-10-03",
          "intressent_id": "018160186302",
          "hangar_id": "2342014",
          "sortering": "10",
          "organ_sortering": "10",
          "uppdrag_rollsortering": "60",
          "uppdrag_statussortering": "30"
        },
        {
          "organ_kod": "kam",
          "roll_kod": "Riksdagsledamot",
          "ordningsnummer": "10",
          "status": "Tjänstgörande",
          "typ": "kammaruppdrag",
          "from": "1991-09-30",
          "tom": "1991-10-04",
          "uppgift": "",
          "intressent_id": "018160186302",
          "hangar_id": "2342014",
          "sortering": "10",
          "organ_sortering": "10",
          "uppdrag_rollsortering": "60",
          "uppdrag_statussortering": "10"
        },
        {
          "organ_kod": "kam",
          "roll_kod": "Riksdagsledamot",
          "ordningsnummer": "12",
          "status": "Tjänstgörande",
          "typ": "kammaruppdrag",
          "from": "1988-10-03",
          "tom": "1991-09-30",
          "uppgift": "",
          "intressent_id": "018160186302",
          "hangar_id": "2342014",
          "sortering": "10",
          "organ_sortering": "10",
          "uppdrag_rollsortering": "60",
          "uppdrag_statussortering": "10"
        },
        {
          "organ_kod": "kam",
          "roll_kod": "Riksdagsledamot",
          "ordningsnummer": "0",
          "status": "Tjänstgörande",
          "typ": "kammaruppdrag",
          "from": "1985-09-30",
          "tom": "1988-10-03",
          "uppgift": "",
          "intressent_id": "018160186302",
          "hangar_id": "2342014",
          "sortering": "10",
          "organ_sortering": "10",
          "uppdrag_rollsortering": "60",
          "uppdrag_statussortering": "10"
        },
        {
          "organ_kod": "kam",
          "roll_kod": "Riksdagsledamot",
          "ordningsnummer": "0",
          "status": "Tjänstgörande",
          "typ": "kammaruppdrag",
          "from": "1982-10-04",
          "tom": "1985-09-30",
          "uppgift": "",
          "intressent_id": "018160186302",
          "hangar_id": "2342014",
          "sortering": "10",
          "organ_sortering": "10",
          "uppdrag_rollsortering": "60",
          "uppdrag_statussortering": "10"
        },
        {
          "organ_kod": "kam",
          "roll_kod": "Riksdagsledamot",
          "ordningsnummer": "0",
          "status": "Tjänstgörande",
          "typ": "kammaruppdrag",
          "from": "1979-10-01",
          "tom": "1982-10-04",
          "uppgift": "",
          "intressent_id": "018160186302",
          "hangar_id": "2342014",
          "sortering": "10",
          "organ_sortering": "10",
          "uppdrag_rollsortering": "60",
          "uppdrag_statussortering": "10"
        },
        {
          "organ_kod": "kam",
          "roll_kod": "Riksdagsledamot",
          "ordningsnummer": "0",
          "status": "Tjänstgörande",
          "typ": "kammaruppdrag",
          "from": "1976-10-04",
          "tom": "1979-10-01",
          "uppgift": "",
          "intressent_id": "018160186302",
          "hangar_id": "2342014",
          "sortering": "10",
          "organ_sortering": "10",
          "uppdrag_rollsortering": "60",
          "uppdrag_statussortering": "10"
        },
        {
          "organ_kod": "EP",
          "roll_kod": "Ledamot",
          "ordningsnummer": "0",
          "status": "",
          "typ": "Riksdagsorgan",
          "from": "1995-01-01",
          "tom": "1995-10-10",
          "uppgift": "Europaparlamentet",
          "intressent_id": "018160186302",
          "hangar_id": "2342014",
          "sortering": "30",
          "organ_sortering": "100",
          "uppdrag_rollsortering": "90",
          "uppdrag_statussortering": "90"
        },
        {
          "organ_kod": "ER",
          "roll_kod": "Suppleant",
          "ordningsnummer": "0",
          "status": "",
          "typ": "Riksdagsorgan",
          "from": "1985-09-30",
          "tom": "1991-11-04",
          "uppgift": "Europarådets svenska delegation",
          "intressent_id": "018160186302",
          "hangar_id": "2342014",
          "sortering": "50",
          "organ_sortering": "300",
          "uppdrag_rollsortering": "90",
          "uppdrag_statussortering": "90"
        },
        {
          "organ_kod": "KD",
          "roll_kod": "Ledamot",
          "ordningsnummer": "0",
          "status": "",
          "typ": "Riksdagsorgan",
          "from": "1994-10-18",
          "tom": "1995-03-15",
          "uppgift": "Krigsdelegationen",
          "intressent_id": "018160186302",
          "hangar_id": "2342014",
          "sortering": "30",
          "organ_sortering": "300",
          "uppdrag_rollsortering": "90",
          "uppdrag_statussortering": "90"
        },
        {
          "organ_kod": "OSSE",
          "roll_kod": "Ledamot",
          "ordningsnummer": "0",
          "status": "",
          "typ": "Riksdagsorgan",
          "from": "1995-01-01",
          "tom": "1995-03-15",
          "uppgift": "OSSE-delegationen",
          "intressent_id": "018160186302",
          "hangar_id": "2342014",
          "sortering": "30",
          "organ_sortering": "300",
          "uppdrag_rollsortering": "90",
          "uppdrag_statussortering": "90"
        },
        {
          "organ_kod": "RB",
          "roll_kod": "Suppleant",
          "ordningsnummer": "0",
          "status": "",
          "typ": "Riksdagsorgan",
          "from": "2002-10-15",
          "tom": "2006-10-02",
          "uppgift": "Riksbanksfullmäktige",
          "intressent_id": "018160186302",
          "hangar_id": "2342014",
          "sortering": "50",
          "organ_sortering": "300",
          "uppdrag_rollsortering": "90",
          "uppdrag_statussortering": "90"
        },
        {
          "organ_kod": "UN",
          "roll_kod": "Suppleant",
          "ordningsnummer": "0",
          "status": "",
          "typ": "Riksdagsorgan",
          "from": "1994-10-18",
          "tom": "1995-01-25",
          "uppgift": "Utrikesnämnden",
          "intressent_id": "018160186302",
          "hangar_id": "2342014",
          "sortering": "50",
          "organ_sortering": "300",
          "uppdrag_rollsortering": "90",
          "uppdrag_statussortering": "90"
        },
        {
          "organ_kod": "UN",
          "roll_kod": "Suppleant",
          "ordningsnummer": "0",
          "status": "",
          "typ": "Riksdagsorgan",
          "from": "1986-10-07",
          "tom": "1991-09-30",
          "uppgift": "Utrikesnämnden",
          "intressent_id": "018160186302",
          "hangar_id": "2342014",
          "sortering": "50",
          "organ_sortering": "300",
          "uppdrag_rollsortering": "90",
          "uppdrag_statussortering": "90"
        },
        {
          "organ_kod": "ESK",
          "roll_kod": "Ledamot",
          "ordningsnummer": "0",
          "status": "",
          "typ": "Riksdagsorgan",
          "from": "1994-10-18",
          "tom": "1994-12-31",
          "uppgift": "ESK-delegationen",
          "intressent_id": "018160186302",
          "hangar_id": "2342014",
          "sortering": "30",
          "organ_sortering": "355",
          "uppdrag_rollsortering": "90",
          "uppdrag_statussortering": "90"
        },
        {
          "organ_kod": "UU",
          "roll_kod": "Ledamot",
          "ordningsnummer": "0",
          "status": "",
          "typ": "uppdrag",
          "from": "1994-10-11",
          "tom": "1998-10-04",
          "uppgift": "Utrikesutskottet",
          "intressent_id": "018160186302",
          "hangar_id": "2342014",
          "sortering": "30",
          "organ_sortering": "150",
          "uppdrag_rollsortering": "90",
          "uppdrag_statussortering": "90"
        },
        {
          "organ_kod": "UU",
          "roll_kod": "Vice ordförande",
          "ordningsnummer": "0",
          "status": "",
          "typ": "uppdrag",
          "from": "1994-10-12",
          "tom": "1995-01-01",
          "uppgift": "Utrikesutskottet",
          "intressent_id": "018160186302",
          "hangar_id": "2342014",
          "sortering": "20",
          "organ_sortering": "150",
          "uppdrag_rollsortering": "90",
          "uppdrag_statussortering": "90"
        },
        {
          "organ_kod": "UU",
          "roll_kod": "Ledamot",
          "ordningsnummer": "0",
          "status": "",
          "typ": "uppdrag",
          "from": "1988-10-03",
          "tom": "1991-09-29",
          "uppgift": "Utrikesutskottet",
          "intressent_id": "018160186302",
          "hangar_id": "2342014",
          "sortering": "30",
          "organ_sortering": "150",
          "uppdrag_rollsortering": "90",
          "uppdrag_statussortering": "90"
        },
        {
          "organ_kod": "UU",
          "roll_kod": "Ledamot",
          "ordningsnummer": "0",
          "status": "",
          "typ": "uppdrag",
          "from": "1985-09-30",
          "tom": "1988-10-02",
          "uppgift": "Utrikesutskottet",
          "intressent_id": "018160186302",
          "hangar_id": "2342014",
          "sortering": "30",
          "organ_sortering": "150",
          "uppdrag_rollsortering": "90",
          "uppdrag_statussortering": "90"
        },
        {
          "organ_kod": "UU",
          "roll_kod": "Ledamot",
          "ordningsnummer": "0",
          "status": "",
          "typ": "uppdrag",
          "from": "1982-10-04",
          "tom": "1985-09-29",
          "uppgift": "Utrikesutskottet",
          "intressent_id": "018160186302",
          "hangar_id": "2342014",
          "sortering": "30",
          "organ_sortering": "150",
          "uppdrag_rollsortering": "90",
          "uppdrag_statussortering": "90"
        }
      ]
    },
    "personuppgift": {
      "uppgift": [
        {
          "kod": "sv",
          "uppgift": "civilekonom",
          "typ": "titlar",
          "intressent_id": "018160186302",
          "hangar_id": "2342014"
        },
        {
          "kod": "en",
          "uppgift": "",
          "typ": "titlar",
          "intressent_id": "018160186302",
          "hangar_id": "2342014"
        }
      ]
    }
  }
}