{
  "person": {
    "hangar_guid": "d6bcf448-cb0e-4876-9f98-0af8ea50b8f8",
    "sourceid": "d7c32545-83e4-11d4-ae60-0050040c9b55",
    "intressent_id": "0549025722425",
    "hangar_id": "2343567",
    "fodd_ar": "1974",
    "kon": "kvinna",
    "efternamn": "Agestav",
    "tilltalsnamn": "Amanda",
    "sorteringsnamn": "Agestav,Amanda",
    "iort": "",
    "parti": "KD",
    "valkrets": "Stockholms län",
    "status": "Tidigare riksdagsledamot",
    "person_url_xml": "http://data.riksdagen.se/person/d7c32545-83e4-11d4-ae60-0050040c9b55",
    "bild_url_80": "http://data.riksdagen.se/filarkiv/bilder/ledamot/d7c32545-83e4-11d4-ae60-0050040c9b55_80.jpg",
    "bild_url_192": "http://data.riksdagen.se/filarkiv/bilder/ledamot/d7c32545-83e4-11d4-ae60-0050040c9b55_192.jpg",
    "bild_url_max": "http://data.riksdagen.se/filarkiv/bilder/ledamot/d7c32545-83e4-11d4-ae60-0050040c9b55_max.jpg",
    "personuppdrag": {
      "uppdrag": [
        {
          "organ_kod": "kam",
          "roll_kod": "Riksdagsledamot",
          "ordningsnummer": "66",
          "status": "Tjänstgörande",
          "typ": "kammaruppdrag",
          "from": "1998-10-05",
          "tom": "2002-09-30",
          "uppgift": "",
          "intressent_id": "0549025722425",
          "hangar_id": "2343567",
          "sortering": "10",
          "organ_sortering": "10",
          "uppdrag_rollsortering": "60",
          "uppdrag_statussortering": "10"
        },
        {
          "organ_kod": "IPU",
          "roll_kod": "Suppleant",
          "ordningsnummer": "0",
          "status": "",
          "typ": "Riksdagsorgan",
          "from": "1998-10-21",
          "tom": "2002-09-30",
          "uppgift": "Riksdagens delegation till Interparlamentariska unionen",
          "intressent_id": "0549025722425",
          "hangar_id": "2343567",
          "sortering": "50",
          "organ_sortering": "300",
          "uppdrag_rollsortering": "90",
          "uppdrag_statussortering": "90"
        },
        {
          "organ_kod": "FöU",
          "roll_kod": "Suppleant",
          "ordningsnummer": "0",
          "status": "",
          "typ": "uppdrag",
          "from": "1998-10-13",
          "tom": "2002-09-30",
          "uppgift": "Försvarsutskottet",
          "intressent_id": "0549025722425",
          "hangar_id": "2343567",
          "sortering": "50",
          "organ_sortering": "150",
          "uppdrag_rollsortering": "90",
          "uppdrag_statussortering": "90"
        },
        {
          "organ_kod": "TU",
          "roll_kod": "Suppleant",
          "ordningsnummer": "0",
          "status": "",
          "typ": "uppdrag",
          "from": "1998-10-13",
          "tom": "2000-02-01",
          "uppgift": "Trafikutskottet",
          "intressent_id": "0549025722425",
          "hangar_id": "2343567",
          "sortering": "50",
          "organ_sortering": "150",
          "uppdrag_rollsortering": "90",
          "uppdrag_statussortering": "90"
        },
        {
          "organ_kod": "UFöU",
          "roll_kod": "Deputerad",
          "ordningsnummer": "0",
          "status": "",
          "typ": "uppdrag",
          "from": "2002-01-17",
          "tom": "2002-01-18",
          "uppgift": "Sammansatta utrikes- och försvarsutskottet",
          "intressent_id": "0549025722425",
          "hangar_id": "2343567",
          "sortering": "40",
          "organ_sortering": "160",
          "uppdrag_rollsortering": "90",
          "uppdrag_statussortering": "90"
        },
        {
          "organ_kod": "LU",
          "roll_kod": "Suppleant",
          "ordningsnummer": "0",
          "status": "",
          "typ": "uppdrag",
          "from": "2000-11-15",
          "tom": "2002-09-29",
          "uppgift": "Lagutskottet",
          "intressent_id": "0549025722425",
          "hangar_id": "2343567",
          "sortering": "50",
          "organ_sortering": "165",
          "uppdrag_rollsortering": "90",
          "uppdrag_statussortering": "90"
        }
      ]
    },
    "personuppgift": {
      "uppgift": [
        {
          "kod": "sv",
          "uppgift": "föreståndare",
          "typ": "titlar",
          "intressent_id": "0549025722425",
          "hangar_id": "2343567"
        },
        {
          "kod": "en",
          "uppgift": "Supervisor",
          "typ": "titlar",
          "intressent_id": "0549025722425",
          "hangar_id": "2343567"
        },
        {
          "kod": "KandiderarINastaVal",
          "uppgift": "true",
          "typ": "val",
          "intressent_id": "0549025722425",
          "hangar_id": "2343567"
        }
      ]
    }
  }
}