{
  "person": {
    "hangar_guid": "daab0a0e-90c1-4220-a813-9bc6fbacf649",
    "sourceid": "8583281e-3621-49fd-a131-661a0f432452",
    "intressent_id": "0909948830718",
    "hangar_id": "2343000",
    "fodd_ar": "1957",
    "kon": "kvinna",
    "efternamn": "Ahlberg",
    "tilltalsnamn": "Ann-Christin",
    "sorteringsnamn": "Ahlberg,Ann-Christin",
    "iort": "",
    "parti": "S",
    "valkrets": "Västra Götalands läns södra",
    "status": "Tjänstgörande riksdagsledamot",
    "person_url_xml": "http://data.riksdagen.se/person/8583281e-3621-49fd-a131-661a0f432452",
    "bild_url_80": "http://data.riksdagen.se/filarkiv/bilder/ledamot/8583281e-3621-49fd-a131-661a0f432452_80.jpg",
    "bild_url_192": "http://data.riksdagen.se/filarkiv/bilder/ledamot/8583281e-3621-49fd-a131-661a0f432452_192.jpg",
    "bild_url_max": "http://data.riksdagen.se/filarkiv/bilder/ledamot/8583281e-3621-49fd-a131-661a0f432452_max.jpg",
    "personuppdrag": {
      "uppdrag": [
        {
          "organ_kod": "kam",
          "roll_kod": "Riksdagsledamot",
          "ordningsnummer": "19",
          "status": "Tjänstgörande",
          "typ": "kammaruppdrag",
          "from": "2018-09-24",
          "tom": "2022-09-26",
          "uppgift": "",
          "intressent_id": "0909948830718",
          "hangar_id": "2343000",
          "sortering": "10",
          "organ_sortering": "10",
          "uppdrag_rollsortering": "60",
          "uppdrag_statussortering": "10"
        },
        {
          "organ_kod": "kam",
          "roll_kod": "Riksdagsledamot",
          "ordningsnummer": "268",
          "status": "Tjänstgörande",
          "typ": "kammaruppdrag",
          "from": "2014-09-29",
          "tom": "2018-09-24",
          "uppgift": "",
          "intressent_id": "0909948830718",
          "hangar_id": "2343000",
          "sortering": "10",
          "organ_sortering": "10",
          "uppdrag_rollsortering": "60",
          "uppdrag_statussortering": "10"
        },
        {
          "organ_kod": "kam",
          "roll_kod": "Riksdagsledamot",
          "ordningsnummer": "302",
          "status": "Tjänstgörande",
          "typ": "kammaruppdrag",
          "from": "2010-10-04",
          "tom": "2014-09-29",
          "uppgift": "",
          "intressent_id": "0909948830718",
          "hangar_id": "2343000",
          "sortering": "10",
          "organ_sortering": "10",
          "uppdrag_rollsortering": "60",
          "uppdrag_statussortering": "10"
        },
        {
          "organ_kod": "kam",
          "roll_kod": "Riksdagsledamot",
          "ordningsnummer": "267",
          "status": "Tjänstgörande",
          "typ": "kammaruppdrag",
          "from": "2006-10-02",
          "tom": "2010-10-04",
          "uppgift": "",
          "intressent_id": "0909948830718",
          "hangar_id": "2343000",
          "sortering": "10",
          "organ_sortering": "10",
          "uppdrag_rollsortering": "60",
          "uppdrag_statussortering": "10"
        },
        {
          "organ_kod": "kam",
          "roll_kod": "Riksdagsledamot",
          "ordningsnummer": "244",
          "status": "Tjänstgörande",
          "typ": "kammaruppdrag",
          "from": "2006-08-01",
          "tom": "2006-10-02",
          "uppgift": "",
          "intressent_id": "0909948830718",
          "hangar_id": "2343000",
          "sortering": "10",
          "organ_sortering": "10",
          "uppdrag_rollsortering": "60",
          "uppdrag_statussortering": "10"
        },
        {
          "organ_kod": "kam",
          "roll_kod": "Ersättare",
          "ordningsnummer": "0",
          "status": "Ersättare",
          "typ": "kammaruppdrag",
          "from": "2005-01-18",
          "tom": "2006-07-31",
          "uppgift": "",
          "intressent_id": "0909948830718",
          "hangar_id": "2343000",
          "sortering": "45",
          "organ_sortering": "10",
          "uppdrag_rollsortering": "60",
          "uppdrag_statussortering": "20"
        },
        {
          "organ_kod": "OSSE",
          "roll_kod": "Suppleant",
          "ordningsnummer": "8",
          "status": "",
          "typ": "Riksdagsorgan",
          "from": "2014-10-14",
          "tom": "2018-10-09",
          "uppgift": "OSSE-delegationen",
          "intressent_id": "0909948830718",
          "hangar_id": "2343000",
          "sortering": "50",
          "organ_sortering": "300",
          "uppdrag_rollsortering": "90",
          "uppdrag_statussortering": "90"
        },
        {
          "organ_kod": "AU",
          "roll_kod": "Suppleant",
          "ordningsnummer": "6",
          "status": "",
          "typ": "uppdrag",
          "from": "2018-10-02",
          "tom": "2022-09-26",
          "uppgift": "Arbetsmarknadsutskottet",
          "intressent_id": "0909948830718",
          "hangar_id": "2343000",
          "sortering": "50",
          "organ_sortering": "150",
          "uppdrag_rollsortering": "90",
          "uppdrag_statussortering": "90"
        },
        {
          "organ_kod": "AU",
          "roll_kod": "Ledamot",
          "ordningsnummer": "5",
          "status": "",
          "typ": "uppdrag",
          "from": "2014-10-07",
          "tom": "2018-09-24",
          "uppgift": "Arbetsmarknadsutskottet",
          "intressent_id": "0909948830718",
          "hangar_id": "2343000",
          "sortering": "30",
          "organ_sortering": "150",
          "uppdrag_rollsortering": "90",
          "uppdrag_statussortering": "90"
        },
        {
          "organ_kod": "AU",
          "roll_kod": "Ledamot",
          "ordningsnummer": "10",
          "status": "",
          "typ": "uppdrag",
          "from": "2010-10-12",
          "tom": "2014-09-29",
          "uppgift": "Arbetsmarknadsutskottet",
          "intressent_id": "0909948830718",
          "hangar_id": "2343000",
          "sortering": "30",
          "organ_sortering": "150",
          "uppdrag_rollsortering": "90",
          "uppdrag_statussortering": "90"
        },
        {
          "organ_kod": "AU",
          "roll_kod": "Ledamot",
          "ordningsnummer": "15",
          "status": "",
          "typ": "uppdrag",
          "from": "2006-10-10",
          "tom": "2010-10-04",
          "uppgift": "Arbetsmarknadsutskottet",
          "intressent_id": "0909948830718",
          "hangar_id": "2343000",
          "sortering": "30",
          "organ_sortering": "150",
          "uppdrag_rollsortering": "90",
          "uppdrag_statussortering": "90"
        },
        {
          "organ_kod": "AU",
          "roll_kod": "Suppleant",
          "ordningsnummer": "0",
          "status": "",
          "typ": "uppdrag",
          "from": "2005-01-20",
          "tom": "2006-07-31",
          "uppgift": "Arbetsmarknadsutskottet",
          "intressent_id": "0909948830718",
          "hangar_id": "2343000",
          "sortering": "50",
          "organ_sortering": "150",
          "uppdrag_rollsortering": "90",
          "uppdrag_statussortering": "90"
        },
        {
          "organ_kod": "FöU",
          "roll_kod": "Suppleant",
          "ordningsnummer": "6",
          "status": "",
          "typ": "uppdrag",
          "from": "2010-10-12",
          "tom": "2014-09-29",
          "uppgift": "Försvarsutskottet",
          "intressent_id": "0909948830718",
          "hangar_id": "2343000",
          "sortering": "50",
          "organ_sortering": "150",
          "uppdrag_rollsortering": "90",
          "uppdrag_statussortering": "90"
        },
        {
          "organ_kod": "SfU",
          "roll_kod": "Suppleant",
          "ordningsnummer": "15",
          "status": "",
          "typ": "uppdrag",
          "from": "2006-10-10",
          "tom": "2010-10-04",
          "uppgift": "Socialförsäkringsutskottet",
          "intressent_id": "0909948830718",
          "hangar_id": "2343000",
          "sortering": "50",
          "organ_sortering": "150",
          "uppdrag_rollsortering": "90",
          "uppdrag_statussortering": "90"
        },
        {
          "organ_kod": "SfU",
          "roll_kod": "Suppleant",
          "ordningsnummer": "0",
          "status": "",
          "typ": "uppdrag",
          "from": "2005-01-20",
          "tom": "2006-07-31",
          "uppgift": "Socialförsäkringsutskottet",
          "intressent_id": "0909948830718",
          "hangar_id": "2343000",
          "sortering": "50",
          "organ_sortering": "150",
          "uppdrag_rollsortering": "90",
          "uppdrag_statussortering": "90"
        },
        {
          "organ_kod": "SoU",
          "roll_kod": "Ledamot",
          "ordningsnummer": "3",
          "status": "",
          "typ": "uppdrag",
          "from": "2018-10-02",
          "tom": "2022-09-26",
          "uppgift": "Socialutskottet",
          "intressent_id": "0909948830718",
          "hangar_id": "2343000",
          "sortering": "30",
          "organ_sortering": "150",
          "uppdrag_rollsortering": "90",
          "uppdrag_statussortering": "90"
        }
      ]
    },
    "personuppgift": {
      "uppgift": [
        {
          "kod": "Officiell e-postadress",
          "uppgift": "ann-christin.ahlberg[på]riksdagen.se",
          "typ": "eadress",
          "intressent_id": "0909948830718",
          "hangar_id": "2343000"
        },
        {
          "kod": "sv",
          "uppgift": "Barnskötare.",
          "typ": "titlar",
          "intressent_id": "0909948830718",
          "hangar_id": "2343000"
        },
        {
          "kod": "en",
          "uppgift": "",
          "typ": "titlar",
          "intressent_id": "0909948830718",
          "hangar_id": "2343000"
        },
        {
          "kod": "KandiderarINastaVal",
          "uppgift": "true",
          "typ": "val",
          "intressent_id": "0909948830718",
          "hangar_id": "2343000"
        }
      ]
    }
  }
}