{
  "person": {
    "hangar_guid": "f34cb071-e3c8-4d60-914c-9f977003686f",
    "sourceid": "9872a2ac-129c-48b9-88db-9e2b30291549",
    "intressent_id": "0920966427818",
    "hangar_id": "2369692",
    "fodd_ar": "1952",
    "kon": "man",
    "efternamn": "Ahlgren",
    "tilltalsnamn": "Anders",
    "sorteringsnamn": "Ahlgren,Anders",
    "iort": "",
    "parti": "C",
    "valkrets": "Dalarnas län",
    "status": "Tidigare riksdagsledamot",
    "person_url_xml": "http://data.riksdagen.se/person/9872a2ac-129c-48b9-88db-9e2b30291549",
    "bild_url_80": "http://data.riksdagen.se/filarkiv/bilder/ledamot/9872a2ac-129c-48b9-88db-9e2b30291549_80.jpg",
    "bild_url_192": "http://data.riksdagen.se/filarkiv/bilder/ledamot/9872a2ac-129c-48b9-88db-9e2b30291549_192.jpg",
    "bild_url_max": "http://data.riksdagen.se/filarkiv/bilder/ledamot/9872a2ac-129c-48b9-88db-9e2b30291549_max.jpg",
    "personuppdrag": {
      "uppdrag": [
        {
          "organ_kod": "kam",
          "roll_kod": "Riksdagsledamot",
          "ordningsnummer": "134",
          "status": "Tjänstgörande",
          "typ": "kammaruppdrag",
          "from": "2014-09-29",
          "tom": "2016-01-10",
          "uppgift": "",
          "intressent_id": "0920966427818",
          "hangar_id": "2369692",
          "sortering": "10",
          "organ_sortering": "10",
          "uppdrag_rollsortering": "60",
          "uppdrag_statussortering": "10"
        },
        {
          "organ_kod": "kam",
          "roll_kod": "Riksdagsledamot",
          "ordningsnummer": "22",
          "status": "Tjänstgörande",
          "typ": "kammaruppdrag",
          "from": "2012-09-01",
          "tom": "2014-09-29",
          "uppgift": "",
          "intressent_id": "0920966427818",
          "hangar_id": "2369692",
          "sortering": "10",
          "organ_sortering": "10",
          "uppdrag_rollsortering": "60",
          "uppdrag_statussortering": "10"
        },
        {
          "organ_kod": "FiU",
          "roll_kod": "Suppleant",
          "ordningsnummer": "9",
          "status": "",
          "typ": "uppdrag",
          "from": "2014-10-07",
          "tom": "2016-01-10",
          "uppgift": "Finansutskottet",
          "intressent_id": "0920966427818",
          "hangar_id": "2369692",
          "sortering": "50",
          "organ_sortering": "150",
          "uppdrag_rollsortering": "90",
          "uppdrag_statussortering": "90"
        },
        {
          "organ_kod": "NU",
          "roll_kod": "Suppleant",
          "ordningsnummer": "9",
          "status": "",
          "typ": "uppdrag",
          "from": "2014-10-07",
          "tom": "2016-01-10",
          "uppgift": "Näringsutskottet",
          "intressent_id": "0920966427818",
          "hangar_id": "2369692",
          "sortering": "50",
          "organ_sortering": "150",
          "uppdrag_rollsortering": "90",
          "uppdrag_statussortering": "90"
        },
        {
          "organ_kod": "NU",
          "roll_kod": "Suppleant",
          "ordningsnummer": "29",
          "status": "",
          "typ": "uppdrag",
          "from": "2012-09-06",
          "tom": "2014-09-29",
          "uppgift": "Näringsutskottet",
          "intressent_id": "0920966427818",
          "hangar_id": "2369692",
          "sortering": "50",
          "organ_sortering": "150",
          "uppdrag_rollsortering": "90",
          "uppdrag_statussortering": "90"
        },
        {
          "organ_kod": "TU",
          "roll_kod": "Suppleant",
          "ordningsnummer": "26",
          "status": "",
          "typ": "uppdrag",
          "from": "2012-09-06",
          "tom": "2014-09-29",
          "uppgift": "Trafikutskottet",
          "intressent_id": "0920966427818",
          "hangar_id": "2369692",
          "sortering": "50",
          "organ_sortering": "150",
          "uppdrag_rollsortering": "90",
          "uppdrag_statussortering": "90"
        }
      ]
    },
    "personuppgift": {
      "uppgift": [
        {
          "kod": "sv",
          "uppgift": "Egen företagare",
          "typ": "titlar",
          "intressent_id": "0920966427818",
          "hangar_id": "2369692"
        },
        {
          "kod": "en",
          "uppgift": "",
          "typ": "titlar",
          "intressent_id": "0920966427818",
          "hangar_id": "2369692"
        }
      ]
    }
  }
}