{
  "person": {
    "hangar_guid": "58760448-aae9-4643-a1b0-468c8e44c243",
    "sourceid": "d7c320af-83e4-11d4-ae60-0050040c9b55",
    "intressent_id": "0891971250317",
    "hangar_id": "2343272",
    "fodd_ar": "1964",
    "kon": "man",
    "efternamn": "Ahlin",
    "tilltalsnamn": "Urban",
    "sorteringsnamn": "Ahlin,Urban",
    "iort": "",
    "parti": "S",
    "valkrets": "Västra Götalands läns östra",
    "status": "Tidigare riksdagsledamot",
    "person_url_xml": "http://data.riksdagen.se/person/d7c320af-83e4-11d4-ae60-0050040c9b55",
    "bild_url_80": "http://data.riksdagen.se/filarkiv/bilder/ledamot/d7c320af-83e4-11d4-ae60-0050040c9b55_80.jpg",
    "bild_url_192": "http://data.riksdagen.se/filarkiv/bilder/ledamot/d7c320af-83e4-11d4-ae60-0050040c9b55_192.jpg",
    "bild_url_max": "http://data.riksdagen.se/filarkiv/bilder/ledamot/d7c320af-83e4-11d4-ae60-0050040c9b55_max.jpg",
    "personuppdrag": {
      "uppdrag": [
        {
          "organ_kod": "kam",
          "roll_kod": "Riksdagsledamot",
          "ordningsnummer": "18",
          "status": "Ledig",
          "typ": "kammaruppdrag",
          "from": "2014-09-29",
          "tom": "2018-09-24",
          "uppgift": "Erik Ezelius 2014-09-29 - 2015-10-11, Ida Ekeroth 2015-10-12 - 2015-12-31, Erik Ezelius 2016-01-01 - 2018-09-24  Talman",
          "intressent_id": "0891971250317",
          "hangar_id": "2343272",
          "sortering": "10",
          "organ_sortering": "10",
          "uppdrag_rollsortering": "60",
          "uppdrag_statussortering": "30"
        },
        {
          "organ_kod": "kam",
          "roll_kod": "Riksdagsledamot",
          "ordningsnummer": "44",
          "status": "Tjänstgörande",
          "typ": "kammaruppdrag",
          "from": "2010-10-04",
          "tom": "2014-09-29",
          "uppgift": "",
          "intressent_id": "0891971250317",
          "hangar_id": "2343272",
          "sortering": "10",
          "organ_sortering": "10",
          "uppdrag_rollsortering": "60",
          "uppdrag_statussortering": "10"
        },
        {
          "organ_kod": "kam",
          "roll_kod": "Riksdagsledamot",
          "ordningsnummer": "71",
          "status": "Tjänstgörande",
          "typ": "kammaruppdrag",
          "from": "2006-10-02",
          "tom": "2010-10-04",
          "uppgift": "",
          "intressent_id": "0891971250317",
          "hangar_id": "2343272",
          "sortering": "10",
          "organ_sortering": "10",
          "uppdrag_rollsortering": "60",
          "uppdrag_statussortering": "10"
        },
        {
          "organ_kod": "kam",
          "roll_kod": "Riksdagsledamot",
          "ordningsnummer": "254",
          "status": "Tjänstgörande",
          "typ": "kammaruppdrag",
          "from": "2002-09-30",
          "tom": "2006-10-02",
          "uppgift": "",
          "intressent_id": "0891971250317",
          "hangar_id": "2343272",
          "sortering": "10",
          "organ_sortering": "10",
          "uppdrag_rollsortering": "60",
          "uppdrag_statussortering": "10"
        },
        {
          "organ_kod": "kam",
          "roll_kod": "Riksdagsledamot",
          "ordningsnummer": "252",
          "status": "Tjänstgörande",
          "typ": "kammaruppdrag",
          "from": "1998-10-05",
          "tom": "2002-09-30",
          "uppgift": "",
          "intressent_id": "0891971250317",
          "hangar_id": "2343272",
          "sortering": "10",
          "organ_sortering": "10",
          "uppdrag_rollsortering": "60",
          "uppdrag_statussortering": "10"
        },
        {
          "organ_kod": "kam",
          "roll_kod": "Riksdagsledamot",
          "ordningsnummer": "249",
          "status": "Tjänstgörande",
          "typ": "kammaruppdrag",
          "from": "1994-10-03",
          "tom": "1998-10-05",
          "uppgift": "",
          "intressent_id": "0891971250317",
          "hangar_id": "2343272",
          "sortering": "10",
          "organ_sortering": "10",
          "uppdrag_rollsortering": "60",
          "uppdrag_statussortering": "10"
        },
        {
          "organ_kod": "KD",
          "roll_kod": "Ledamot",
          "ordningsnummer": "10",
          "status": "",
          "typ": "Riksdagsorgan",
          "from": "2010-10-19",
          "tom": "2014-10-14",
          "uppgift": "Krigsdelegationen",
          "intressent_id": "0891971250317",
          "hangar_id": "2343272",
          "sortering": "30",
          "organ_sortering": "300",
          "uppdrag_rollsortering": "90",
          "uppdrag_statussortering": "90"
        },
        {
          "organ_kod": "KD",
          "roll_kod": "Ledamot",
          "ordningsnummer": "9",
          "status": "",
          "typ": "Riksdagsorgan",
          "from": "2006-10-17",
          "tom": "2010-10-19",
          "uppgift": "Krigsdelegationen",
          "intressent_id": "0891971250317",
          "hangar_id": "2343272",
          "sortering": "30",
          "organ_sortering": "300",
          "uppdrag_rollsortering": "90",
          "uppdrag_statussortering": "90"
        },
        {
          "organ_kod": "KD",
          "roll_kod": "Ledamot",
          "ordningsnummer": "0",
          "status": "",
          "typ": "Riksdagsorgan",
          "from": "2002-10-15",
          "tom": "2006-10-16",
          "uppgift": "Krigsdelegationen",
          "intressent_id": "0891971250317",
          "hangar_id": "2343272",
          "sortering": "30",
          "organ_sortering": "300",
          "uppdrag_rollsortering": "90",
          "uppdrag_statussortering": "90"
        },
        {
          "organ_kod": "KD",
          "roll_kod": "Ledamot",
          "ordningsnummer": "0",
          "status": "",
          "typ": "Riksdagsorgan",
          "from": "2002-01-01",
          "tom": "2002-10-14",
          "uppgift": "Krigsdelegationen",
          "intressent_id": "0891971250317",
          "hangar_id": "2343272",
          "sortering": "30",
          "organ_sortering": "300",
          "uppdrag_rollsortering": "90",
          "uppdrag_statussortering": "90"
        },
        {
          "organ_kod": "NATO",
          "roll_kod": "Vice ordförande",
          "ordningsnummer": "2",
          "status": "",
          "typ": "Riksdagsorgan",
          "from": "2010-11-17",
          "tom": "2014-10-28",
          "uppgift": "Riksdagens delegation till Natos parlamentariska församling",
          "intressent_id": "0891971250317",
          "hangar_id": "2343272",
          "sortering": "20",
          "organ_sortering": "300",
          "uppdrag_rollsortering": "90",
          "uppdrag_statussortering": "90"
        },
        {
          "organ_kod": "NR",
          "roll_kod": "Suppleant",
          "ordningsnummer": "0",
          "status": "",
          "typ": "Riksdagsorgan",
          "from": "1998-10-20",
          "tom": "2002-09-30",
          "uppgift": "Nordiska rådets svenska delegation",
          "intressent_id": "0891971250317",
          "hangar_id": "2343272",
          "sortering": "50",
          "organ_sortering": "300",
          "uppdrag_rollsortering": "90",
          "uppdrag_statussortering": "90"
        },
        {
          "organ_kod": "OSSE",
          "roll_kod": "Ledamot",
          "ordningsnummer": "0",
          "status": "",
          "typ": "Riksdagsorgan",
          "from": "2006-10-17",
          "tom": "2008-10-21",
          "uppgift": "OSSE-delegationen",
          "intressent_id": "0891971250317",
          "hangar_id": "2343272",
          "sortering": "30",
          "organ_sortering": "300",
          "uppdrag_rollsortering": "90",
          "uppdrag_statussortering": "90"
        },
        {
          "organ_kod": "OSSE",
          "roll_kod": "Ledamot",
          "ordningsnummer": "0",
          "status": "",
          "typ": "Riksdagsorgan",
          "from": "2002-10-15",
          "tom": "2006-10-16",
          "uppgift": "OSSE-delegationen",
          "intressent_id": "0891971250317",
          "hangar_id": "2343272",
          "sortering": "30",
          "organ_sortering": "300",
          "uppdrag_rollsortering": "90",
          "uppdrag_statussortering": "90"
        },
        {
          "organ_kod": "OSSE",
          "roll_kod": "Ledamot",
          "ordningsnummer": "0",
          "status": "",
          "typ": "Riksdagsorgan",
          "from": "1998-10-20",
          "tom": "2002-10-14",
          "uppgift": "OSSE-delegationen",
          "intressent_id": "0891971250317",
          "hangar_id": "2343272",
          "sortering": "30",
          "organ_sortering": "300",
          "uppdrag_rollsortering": "90",
          "uppdrag_statussortering": "90"
        },
        {
          "organ_kod": "OSSE",
          "roll_kod": "Ledamot",
          "ordningsnummer": "0",
          "status": "",
          "typ": "Riksdagsorgan",
          "from": "1995-01-01",
          "tom": "1998-10-05",
          "uppgift": "OSSE-delegationen",
          "intressent_id": "0891971250317",
          "hangar_id": "2343272",
          "sortering": "30",
          "organ_sortering": "300",
          "uppdrag_rollsortering": "90",
          "uppdrag_statussortering": "90"
        },
        {
          "organ_kod": "UN",
          "roll_kod": "Ledamot",
          "ordningsnummer": "6",
          "status": "",
          "typ": "Riksdagsorgan",
          "from": "2010-10-12",
          "tom": "2014-09-29",
          "uppgift": "Utrikesnämnden",
          "intressent_id": "0891971250317",
          "hangar_id": "2343272",
          "sortering": "30",
          "organ_sortering": "300",
          "uppdrag_rollsortering": "90",
          "uppdrag_statussortering": "90"
        },
        {
          "organ_kod": "UN",
          "roll_kod": "Ledamot",
          "ordningsnummer": "7",
          "status": "",
          "typ": "Riksdagsorgan",
          "from": "2002-10-08",
          "tom": "2010-10-12",
          "uppgift": "Utrikesnämnden",
          "intressent_id": "0891971250317",
          "hangar_id": "2343272",
          "sortering": "30",
          "organ_sortering": "300",
          "uppdrag_rollsortering": "90",
          "uppdrag_statussortering": "90"
        },
        {
          "organ_kod": "ESK",
          "roll_kod": "Ledamot",
          "ordningsnummer": "0",
          "status": "",
          "typ": "Riksdagsorgan",
          "from": "1994-10-18",
          "tom": "1994-12-31",
          "uppgift": "ESK-delegationen",
          "intressent_id": "0891971250317",
          "hangar_id": "2343272",
          "sortering": "30",
          "organ_sortering": "355",
          "uppdrag_rollsortering": "90",
          "uppdrag_statussortering": "90"
        },
        {
          "organ_kod": "kam",
          "roll_kod": "Talman",
          "ordningsnummer": "10",
          "status": "",
          "typ": "talmansuppdrag",
          "from": "2014-09-29",
          "tom": "2018-09-24",
          "uppgift": "",
          "intressent_id": "0891971250317",
          "hangar_id": "2343272",
          "sortering": "5",
          "organ_sortering": "10",
          "uppdrag_rollsortering": "10",
          "uppdrag_statussortering": "90"
        },
        {
          "organ_kod": "SoU",
          "roll_kod": "Suppleant",
          "ordningsnummer": "0",
          "status": "",
          "typ": "uppdrag",
          "from": "1998-10-13",
          "tom": "2002-09-30",
          "uppgift": "Socialutskottet",
          "intressent_id": "0891971250317",
          "hangar_id": "2343272",
          "sortering": "50",
          "organ_sortering": "150",
          "uppdrag_rollsortering": "90",
          "uppdrag_statussortering": "90"
        },
        {
          "organ_kod": "SoU",
          "roll_kod": "Suppleant",
          "ordningsnummer": "0",
          "status": "",
          "typ": "uppdrag",
          "from": "1996-04-19",
          "tom": "1998-10-04",
          "uppgift": "Socialutskottet",
          "intressent_id": "0891971250317",
          "hangar_id": "2343272",
          "sortering": "50",
          "organ_sortering": "150",
          "uppdrag_rollsortering": "90",
          "uppdrag_statussortering": "90"
        },
        {
          "organ_kod": "UU",
          "roll_kod": "Vice ordförande",
          "ordningsnummer": "2",
          "status": "",
          "typ": "uppdrag",
          "from": "2010-10-12",
          "tom": "2014-09-29",
          "uppgift": "Utrikesutskottet",
          "intressent_id": "0891971250317",
          "hangar_id": "2343272",
          "sortering": "20",
          "organ_sortering": "150",
          "uppdrag_rollsortering": "90",
          "uppdrag_statussortering": "90"
        },
        {
          "organ_kod": "UU",
          "roll_kod": "Ledamot",
          "ordningsnummer": "2",
          "status": "",
          "typ": "uppdrag",
          "from": "2010-10-12",
          "tom": "2010-10-12",
          "uppgift": "Utrikesutskottet",
          "intressent_id": "0891971250317",
          "hangar_id": "2343272",
          "sortering": "30",
          "organ_sortering": "150",
          "uppdrag_rollsortering": "90",
          "uppdrag_statussortering": "90"
        },
        {
          "organ_kod": "UU",
          "roll_kod": "Vice ordförande",
          "ordningsnummer": "2",
          "status": "",
          "typ": "uppdrag",
          "from": "2006-10-10",
          "tom": "2010-10-04",
          "uppgift": "Utrikesutskottet",
          "intressent_id": "0891971250317",
          "hangar_id": "2343272",
          "sortering": "20",
          "organ_sortering": "150",
          "uppdrag_rollsortering": "90",
          "uppdrag_statussortering": "90"
        },
        {
          "organ_kod": "UU",
          "roll_kod": "Ordförande",
          "ordningsnummer": "0",
          "status": "",
          "typ": "uppdrag",
          "from": "2002-10-08",
          "tom": "2006-10-02",
          "uppgift": "Utrikesutskottet",
          "intressent_id": "0891971250317",
          "hangar_id": "2343272",
          "sortering": "10",
          "organ_sortering": "150",
          "uppdrag_rollsortering": "90",
          "uppdrag_statussortering": "90"
        },
        {
          "organ_kod": "UU",
          "roll_kod": "Ordförande",
          "ordningsnummer": "0",
          "status": "",
          "typ": "uppdrag",
          "from": "2002-01-01",
          "tom": "2002-09-29",
          "uppgift": "Utrikesutskottet",
          "intressent_id": "0891971250317",
          "hangar_id": "2343272",
          "sortering": "10",
          "organ_sortering": "150",
          "uppdrag_rollsortering": "90",
          "uppdrag_statussortering": "90"
        },
        {
          "organ_kod": "UU",
          "roll_kod": "Suppleant",
          "ordningsnummer": "0",
          "status": "",
          "typ": "uppdrag",
          "from": "2000-03-29",
          "tom": "2002-01-01",
          "uppgift": "Utrikesutskottet",
          "intressent_id": "0891971250317",
          "hangar_id": "2343272",
          "sortering": "50",
          "organ_sortering": "150",
          "uppdrag_rollsortering": "90",
          "uppdrag_statussortering": "90"
        },
        {
          "organ_kod": "UU",
          "roll_kod": "Ledamot",
          "ordningsnummer": "0",
          "status": "",
          "typ": "uppdrag",
          "from": "1998-10-13",
          "tom": "2000-03-22",
          "uppgift": "Utrikesutskottet",
          "intressent_id": "0891971250317",
          "hangar_id": "2343272",
          "sortering": "30",
          "organ_sortering": "150",
          "uppdrag_rollsortering": "90",
          "uppdrag_statussortering": "90"
        },
        {
          "organ_kod": "UU",
          "roll_kod": "Ledamot",
          "ordningsnummer": "0",
          "status": "",
          "typ": "uppdrag",
          "from": "1995-01-19",
          "tom": "1998-10-04",
          "uppgift": "Utrikesutskottet",
          "intressent_id": "0891971250317",
          "hangar_id": "2343272",
          "sortering": "30",
          "organ_sortering": "150",
          "uppdrag_rollsortering": "90",
          "uppdrag_statussortering": "90"
        },
        {
          "organ_kod": "UU",
          "roll_kod": "Suppleant",
          "ordningsnummer": "0",
          "status": "",
          "typ": "uppdrag",
          "from": "1994-10-11",
          "tom": "1995-01-18",
          "uppgift": "Utrikesutskottet",
          "intressent_id": "0891971250317",
          "hangar_id": "2343272",
          "sortering": "50",
          "organ_sortering": "150",
          "uppdrag_rollsortering": "90",
          "uppdrag_statussortering": "90"
        },
        {
          "organ_kod": "KUU",
          "roll_kod": "Deputerad",
          "ordningsnummer": "0",
          "status": "",
          "typ": "uppdrag",
          "from": "2007-03-27",
          "tom": "2009-05-06",
          "uppgift": "Sammansatta konstitutions- och utrikesutskottet",
          "intressent_id": "0891971250317",
          "hangar_id": "2343272",
          "sortering": "40",
          "organ_sortering": "160",
          "uppdrag_rollsortering": "90",
          "uppdrag_statussortering": "90"
        },
        {
          "organ_kod": "KUU",
          "roll_kod": "Ordförande",
          "ordningsnummer": "0",
          "status": "",
          "typ": "uppdrag",
          "from": "2003-02-18",
          "tom": "2003-11-20",
          "uppgift": "Sammansatta konstitutions- och utrikesutskottet",
          "intressent_id": "0891971250317",
          "hangar_id": "2343272",
          "sortering": "10",
          "organ_sortering": "160",
          "uppdrag_rollsortering": "90",
          "uppdrag_statussortering": "90"
        },
        {
          "organ_kod": "KUU",
          "roll_kod": "Vice ordförande",
          "ordningsnummer": "0",
          "status": "",
          "typ": "uppdrag",
          "from": "2002-04-18",
          "tom": "2002-06-04",
          "uppgift": "Sammansatta konstitutions- och utrikesutskottet",
          "intressent_id": "0891971250317",
          "hangar_id": "2343272",
          "sortering": "20",
          "organ_sortering": "160",
          "uppdrag_rollsortering": "90",
          "uppdrag_statussortering": "90"
        },
        {
          "organ_kod": "UFöU",
          "roll_kod": "Ordförande",
          "ordningsnummer": "4",
          "status": "",
          "typ": "uppdrag",
          "from": "2014-04-15",
          "tom": "2014-06-12",
          "uppgift": "Sammansatta utrikes- och försvarsutskottet",
          "intressent_id": "0891971250317",
          "hangar_id": "2343272",
          "sortering": "10",
          "organ_sortering": "160",
          "uppdrag_rollsortering": "90",
          "uppdrag_statussortering": "90"
        },
        {
          "organ_kod": "UFöU",
          "roll_kod": "Deputerad",
          "ordningsnummer": "4",
          "status": "",
          "typ": "uppdrag",
          "from": "2013-11-26",
          "tom": "2013-12-17",
          "uppgift": "Sammansatta utrikes- och försvarsutskottet",
          "intressent_id": "0891971250317",
          "hangar_id": "2343272",
          "sortering": "40",
          "organ_sortering": "160",
          "uppdrag_rollsortering": "90",
          "uppdrag_statussortering": "90"
        },
        {
          "organ_kod": "UFöU",
          "roll_kod": "Ordförande",
          "ordningsnummer": "5",
          "status": "",
          "typ": "uppdrag",
          "from": "2013-04-23",
          "tom": "2013-06-18",
          "uppgift": "Sammansatta utrikes- och försvarsutskottet",
          "intressent_id": "0891971250317",
          "hangar_id": "2343272",
          "sortering": "10",
          "organ_sortering": "160",
          "uppdrag_rollsortering": "90",
          "uppdrag_statussortering": "90"
        },
        {
          "organ_kod": "UFöU",
          "roll_kod": "Deputerad",
          "ordningsnummer": "4",
          "status": "",
          "typ": "uppdrag",
          "from": "2013-02-21",
          "tom": "2013-03-06",
          "uppgift": "Sammansatta utrikes- och försvarsutskottet",
          "intressent_id": "0891971250317",
          "hangar_id": "2343272",
          "sortering": "40",
          "organ_sortering": "160",
          "uppdrag_rollsortering": "90",
          "uppdrag_statussortering": "90"
        },
        {
          "organ_kod": "UFöU",
          "roll_kod": "Ordförande",
          "ordningsnummer": "4",
          "status": "",
          "typ": "uppdrag",
          "from": "2012-11-27",
          "tom": "2012-12-19",
          "uppgift": "Sammansatta utrikes- och försvarsutskottet",
          "intressent_id": "0891971250317",
          "hangar_id": "2343272",
          "sortering": "10",
          "organ_sortering": "160",
          "uppdrag_rollsortering": "90",
          "uppdrag_statussortering": "90"
        },
        {
          "organ_kod": "UFöU",
          "roll_kod": "Deputerad",
          "ordningsnummer": "4",
          "status": "",
          "typ": "uppdrag",
          "from": "2011-11-24",
          "tom": "2011-12-14",
          "uppgift": "Sammansatta utrikes- och försvarsutskottet",
          "intressent_id": "0891971250317",
          "hangar_id": "2343272",
          "sortering": "40",
          "organ_sortering": "160",
          "uppdrag_rollsortering": "90",
          "uppdrag_statussortering": "90"
        },
        {
          "organ_kod": "UFöU",
          "roll_kod": "Ordförande",
          "ordningsnummer": "4",
          "status": "",
          "typ": "uppdrag",
          "from": "2011-09-20",
          "tom": "2011-09-21",
          "uppgift": "Sammansatta utrikes- och försvarsutskottet",
          "intressent_id": "0891971250317",
          "hangar_id": "2343272",
          "sortering": "10",
          "organ_sortering": "160",
          "uppdrag_rollsortering": "90",
          "uppdrag_statussortering": "90"
        },
        {
          "organ_kod": "UFöU",
          "roll_kod": "Deputerad",
          "ordningsnummer": "4",
          "status": "",
          "typ": "uppdrag",
          "from": "2011-06-16",
          "tom": "2011-06-17",
          "uppgift": "Sammansatta utrikes- och försvarsutskottet",
          "intressent_id": "0891971250317",
          "hangar_id": "2343272",
          "sortering": "40",
          "organ_sortering": "160",
          "uppdrag_rollsortering": "90",
          "uppdrag_statussortering": "90"
        },
        {
          "organ_kod": "UFöU",
          "roll_kod": "Ordförande",
          "ordningsnummer": "4",
          "status": "",
          "typ": "uppdrag",
          "from": "2011-03-31",
          "tom": "2011-04-01",
          "uppgift": "Sammansatta utrikes- och försvarsutskottet",
          "intressent_id": "0891971250317",
          "hangar_id": "2343272",
          "sortering": "10",
          "organ_sortering": "160",
          "uppdrag_rollsortering": "90",
          "uppdrag_statussortering": "90"
        },
        {
          "organ_kod": "UFöU",
          "roll_kod": "Vice ordförande",
          "ordningsnummer": "4",
          "status": "",
          "typ": "uppdrag",
          "from": "2010-11-23",
          "tom": "2010-12-15",
          "uppgift": "Sammansatta utrikes- och försvarsutskottet",
          "intressent_id": "0891971250317",
          "hangar_id": "2343272",
          "sortering": "20",
          "organ_sortering": "160",
          "uppdrag_rollsortering": "90",
          "uppdrag_statussortering": "90"
        },
        {
          "organ_kod": "UFöU",
          "roll_kod": "Deputerad",
          "ordningsnummer": "4",
          "status": "",
          "typ": "uppdrag",
          "from": "2010-02-04",
          "tom": "2010-03-03",
          "uppgift": "Sammansatta utrikes- och försvarsutskottet",
          "intressent_id": "0891971250317",
          "hangar_id": "2343272",
          "sortering": "40",
          "organ_sortering": "160",
          "uppdrag_rollsortering": "90",
          "uppdrag_statussortering": "90"
        },
        {
          "organ_kod": "UFöU",
          "roll_kod": "Ordförande",
          "ordningsnummer": "4",
          "status": "",
          "typ": "uppdrag",
          "from": "2009-11-12",
          "tom": "2009-12-09",
          "uppgift": "Sammansatta utrikes- och försvarsutskottet",
          "intressent_id": "0891971250317",
          "hangar_id": "2343272",
          "sortering": "10",
          "organ_sortering": "160",
          "uppdrag_rollsortering": "90",
          "uppdrag_statussortering": "90"
        },
        {
          "organ_kod": "UFöU",
          "roll_kod": "Vice ordförande",
          "ordningsnummer": "0",
          "status": "",
          "typ": "uppdrag",
          "from": "2009-02-12",
          "tom": "2009-03-12",
          "uppgift": "Sammansatta utrikes- och försvarsutskottet",
          "intressent_id": "0891971250317",
          "hangar_id": "2343272",
          "sortering": "20",
          "organ_sortering": "160",
          "uppdrag_rollsortering": "90",
          "uppdrag_statussortering": "90"
        },
        {
          "organ_kod": "UFöU",
          "roll_kod": "Deputerad",
          "ordningsnummer": "0",
          "status": "",
          "typ": "uppdrag",
          "from": "2008-11-20",
          "tom": "2008-12-19",
          "uppgift": "Sammansatta utrikes- och försvarsutskottet",
          "intressent_id": "0891971250317",
          "hangar_id": "2343272",
          "sortering": "40",
          "organ_sortering": "160",
          "uppdrag_rollsortering": "90",
          "uppdrag_statussortering": "90"
        },
        {
          "organ_kod": "UFöU",
          "roll_kod": "Vice ordförande",
          "ordningsnummer": "0",
          "status": "",
          "typ": "uppdrag",
          "from": "2007-10-18",
          "tom": "2008-06-18",
          "uppgift": "Sammansatta utrikes- och försvarsutskottet",
          "intressent_id": "0891971250317",
          "hangar_id": "2343272",
          "sortering": "20",
          "organ_sortering": "160",
          "uppdrag_rollsortering": "90",
          "uppdrag_statussortering": "90"
        },
        {
          "organ_kod": "UFöU",
          "roll_kod": "Ordförande",
          "ordningsnummer": "0",
          "status": "",
          "typ": "uppdrag",
          "from": "2007-03-22",
          "tom": "2007-06-01",
          "uppgift": "Sammansatta utrikes- och försvarsutskottet",
          "intressent_id": "0891971250317",
          "hangar_id": "2343272",
          "sortering": "10",
          "organ_sortering": "160",
          "uppdrag_rollsortering": "90",
          "uppdrag_statussortering": "90"
        },
        {
          "organ_kod": "UFöU",
          "roll_kod": "Suppleant",
          "ordningsnummer": "0",
          "status": "",
          "typ": "uppdrag",
          "from": "2006-05-18",
          "tom": "2006-06-14",
          "uppgift": "Sammansatta utrikes- och försvarsutskottet",
          "intressent_id": "0891971250317",
          "hangar_id": "2343272",
          "sortering": "50",
          "organ_sortering": "160",
          "uppdrag_rollsortering": "90",
          "uppdrag_statussortering": "90"
        },
        {
          "organ_kod": "UFöU",
          "roll_kod": "Ordförande",
          "ordningsnummer": "0",
          "status": "",
          "typ": "uppdrag",
          "from": "2005-11-22",
          "tom": "2005-12-07",
          "uppgift": "Sammansatta utrikes- och försvarsutskottet",
          "intressent_id": "0891971250317",
          "hangar_id": "2343272",
          "sortering": "10",
          "organ_sortering": "160",
          "uppdrag_rollsortering": "90",
          "uppdrag_statussortering": "90"
        },
        {
          "organ_kod": "UFöU",
          "roll_kod": "Ordförande",
          "ordningsnummer": "0",
          "status": "",
          "typ": "uppdrag",
          "from": "2004-10-19",
          "tom": "2004-12-15",
          "uppgift": "Sammansatta utrikes- och försvarsutskottet",
          "intressent_id": "0891971250317",
          "hangar_id": "2343272",
          "sortering": "10",
          "organ_sortering": "160",
          "uppdrag_rollsortering": "90",
          "uppdrag_statussortering": "90"
        },
        {
          "organ_kod": "UFöU",
          "roll_kod": "Ordförande",
          "ordningsnummer": "0",
          "status": "",
          "typ": "uppdrag",
          "from": "2004-05-11",
          "tom": "2004-05-26",
          "uppgift": "Sammansatta utrikes- och försvarsutskottet",
          "intressent_id": "0891971250317",
          "hangar_id": "2343272",
          "sortering": "10",
          "organ_sortering": "160",
          "uppdrag_rollsortering": "90",
          "uppdrag_statussortering": "90"
        },
        {
          "organ_kod": "UFöU",
          "roll_kod": "Vice ordförande",
          "ordningsnummer": "0",
          "status": "",
          "typ": "uppdrag",
          "from": "2004-02-05",
          "tom": "2004-02-18",
          "uppgift": "Sammansatta utrikes- och försvarsutskottet",
          "intressent_id": "0891971250317",
          "hangar_id": "2343272",
          "sortering": "20",
          "organ_sortering": "160",
          "uppdrag_rollsortering": "90",
          "uppdrag_statussortering": "90"
        },
        {
          "organ_kod": "UFöU",
          "roll_kod": "Ordförande",
          "ordningsnummer": "0",
          "status": "",
          "typ": "uppdrag",
          "from": "2003-06-11",
          "tom": "2003-06-12",
          "uppgift": "Sammansatta utrikes- och försvarsutskottet",
          "intressent_id": "0891971250317",
          "hangar_id": "2343272",
          "sortering": "10",
          "organ_sortering": "160",
          "uppdrag_rollsortering": "90",
          "uppdrag_statussortering": "90"
        },
        {
          "organ_kod": "UFöU",
          "roll_kod": "Ordförande",
          "ordningsnummer": "0",
          "status": "",
          "typ": "uppdrag",
          "from": "2002-01-17",
          "tom": "2002-01-18",
          "uppgift": "Sammansatta utrikes- och försvarsutskottet",
          "intressent_id": "0891971250317",
          "hangar_id": "2343272",
          "sortering": "10",
          "organ_sortering": "160",
          "uppdrag_rollsortering": "90",
          "uppdrag_statussortering": "90"
        },
        {
          "organ_kod": "UFöU",
          "roll_kod": "Deputerad",
          "ordningsnummer": "0",
          "status": "",
          "typ": "uppdrag",
          "from": "2001-10-25",
          "tom": "2001-12-11",
          "uppgift": "Sammansatta utrikes- och försvarsutskottet",
          "intressent_id": "0891971250317",
          "hangar_id": "2343272",
          "sortering": "40",
          "organ_sortering": "160",
          "uppdrag_rollsortering": "90",
          "uppdrag_statussortering": "90"
        },
        {
          "organ_kod": "UFöU",
          "roll_kod": "Suppleant",
          "ordningsnummer": "0",
          "status": "",
          "typ": "uppdrag",
          "from": "1999-03-23",
          "tom": "1999-09-13",
          "uppgift": "Sammansatta utrikes- och försvarsutskottet",
          "intressent_id": "0891971250317",
          "hangar_id": "2343272",
          "sortering": "50",
          "organ_sortering": "160",
          "uppdrag_rollsortering": "90",
          "uppdrag_statussortering": "90"
        },
        {
          "organ_kod": "UFöU",
          "roll_kod": "Suppleant",
          "ordningsnummer": "0",
          "status": "",
          "typ": "uppdrag",
          "from": "1996-10-21",
          "tom": "1996-11-20",
          "uppgift": "Sammansatta utrikes- och försvarsutskottet",
          "intressent_id": "0891971250317",
          "hangar_id": "2343272",
          "sortering": "50",
          "organ_sortering": "160",
          "uppdrag_rollsortering": "90",
          "uppdrag_statussortering": "90"
        },
        {
          "organ_kod": "UFöU",
          "roll_kod": "Suppleant",
          "ordningsnummer": "0",
          "status": "",
          "typ": "uppdrag",
          "from": "1995-10-26",
          "tom": "1995-12-06",
          "uppgift": "Sammansatta utrikes- och försvarsutskottet",
          "intressent_id": "0891971250317",
          "hangar_id": "2343272",
          "sortering": "50",
          "organ_sortering": "160",
          "uppdrag_rollsortering": "90",
          "uppdrag_statussortering": "90"
        },
        {
          "organ_kod": "USoU",
          "roll_kod": "Ordförande",
          "ordningsnummer": "0",
          "status": "",
          "typ": "uppdrag",
          "from": "2005-02-15",
          "tom": "2005-03-16",
          "uppgift": "Sammansatta utrikes- och socialutskottet",
          "intressent_id": "0891971250317",
          "hangar_id": "2343272",
          "sortering": "10",
          "organ_sortering": "160",
          "uppdrag_rollsortering": "90",
          "uppdrag_statussortering": "90"
        },
        {
          "organ_kod": "EUN",
          "roll_kod": "Suppleant",
          "ordningsnummer": "43",
          "status": "",
          "typ": "uppdrag",
          "from": "2012-04-12",
          "tom": "2014-09-29",
          "uppgift": "EU-nämnden",
          "intressent_id": "0891971250317",
          "hangar_id": "2343272",
          "sortering": "50",
          "organ_sortering": "170",
          "uppdrag_rollsortering": "90",
          "uppdrag_statussortering": "90"
        },
        {
          "organ_kod": "EUN",
          "roll_kod": "Suppleant",
          "ordningsnummer": "22",
          "status": "",
          "typ": "uppdrag",
          "from": "2010-10-12",
          "tom": "2011-06-20",
          "uppgift": "EU-nämnden",
          "intressent_id": "0891971250317",
          "hangar_id": "2343272",
          "sortering": "50",
          "organ_sortering": "170",
          "uppdrag_rollsortering": "90",
          "uppdrag_statussortering": "90"
        },
        {
          "organ_kod": "EUN",
          "roll_kod": "Suppleant",
          "ordningsnummer": "2",
          "status": "",
          "typ": "uppdrag",
          "from": "2006-10-10",
          "tom": "2010-10-12",
          "uppgift": "EU-nämnden",
          "intressent_id": "0891971250317",
          "hangar_id": "2343272",
          "sortering": "50",
          "organ_sortering": "170",
          "uppdrag_rollsortering": "90",
          "uppdrag_statussortering": "90"
        },
        {
          "organ_kod": "EUN",
          "roll_kod": "Ledamot",
          "ordningsnummer": "0",
          "status": "",
          "typ": "uppdrag",
          "from": "2002-10-08",
          "tom": "2003-09-30",
          "uppgift": "EU-nämnden",
          "intressent_id": "0891971250317",
          "hangar_id": "2343272",
          "sortering": "30",
          "organ_sortering": "170",
          "uppdrag_rollsortering": "90",
          "uppdrag_statussortering": "90"
        }
      ]
    },
    "personuppgift": {
      "uppgift": [
        {
          "kod": "sv",
          "uppgift": "Ämneslärare",
          "typ": "titlar",
          "intressent_id": "0891971250317",
          "hangar_id": "2343272"
        },
        {
          "kod": "en",
          "uppgift": "Teacher",
          "typ": "titlar",
          "intressent_id": "0891971250317",
          "hangar_id": "2343272"
        },
        {
          "kod": "KandiderarINastaVal",
          "uppgift": "false",
          "typ": "val",
          "intressent_id": "0891971250317",
          "hangar_id": "2343272"
        }
      ]
    }
  }
}