{
  "person": {
    "hangar_guid": "f0836e73-9452-4a10-acd5-2cb8143f30e0",
    "sourceid": "e7e4136c-b4df-11d5-8079-0040ca16072a",
    "intressent_id": "0594584559201",
    "hangar_id": "2342525",
    "fodd_ar": "1948",
    "kon": "man",
    "efternamn": "Ahlqvist",
    "tilltalsnamn": "Johnny",
    "sorteringsnamn": "Ahlqvist,Johnny",
    "iort": "",
    "parti": "S",
    "valkrets": "",
    "status": "Tidigare riksdagsledamot",
    "person_url_xml": "http://data.riksdagen.se/person/e7e4136c-b4df-11d5-8079-0040ca16072a",
    "bild_url_80": "http://data.riksdagen.se/filarkiv/bilder/ledamot/e7e4136c-b4df-11d5-8079-0040ca16072a_80.jpg",
    "bild_url_192": "http://data.riksdagen.se/filarkiv/bilder/ledamot/e7e4136c-b4df-11d5-8079-0040ca16072a_192.jpg",
    "bild_url_max": "http://data.riksdagen.se/filarkiv/bilder/ledamot/e7e4136c-b4df-11d5-8079-0040ca16072a_max.jpg",
    "personuppdrag": {
      "uppdrag": [
        {
          "organ_kod": "kam",
          "roll_kod": "Riksdagsledamot",
          "ordningsnummer": "178",
          "status": "Tjänstgörande",
          "typ": "kammaruppdrag",
          "from": "1998-10-05",
          "tom": "2000-07-31",
          "uppgift": "",
          "intressent_id": "0594584559201",
          "hangar_id": "2342525",
          "sortering": "10",
          "organ_sortering": "10",
          "uppdrag_rollsortering": "60",
          "uppdrag_statussortering": "10"
        },
        {
          "organ_kod": "kam",
          "roll_kod": "Riksdagsledamot",
          "ordningsnummer": "147",
          "status": "Tjänstgörande",
          "typ": "kammaruppdrag",
          "from": "1994-10-03",
          "tom": "1998-10-05",
          "uppgift": "",
          "intressent_id": "0594584559201",
          "hangar_id": "2342525",
          "sortering": "10",
          "organ_sortering": "10",
          "uppdrag_rollsortering": "60",
          "uppdrag_statussortering": "10"
        },
        {
          "organ_kod": "kam",
          "roll_kod": "Riksdagsledamot",
          "ordningsnummer": "150",
          "status": "Tjänstgörande",
          "typ": "kammaruppdrag",
          "from": "1991-09-30",
          "tom": "1994-10-03",
          "uppgift": "",
          "intressent_id": "0594584559201",
          "hangar_id": "2342525",
          "sortering": "10",
          "organ_sortering": "10",
          "uppdrag_rollsortering": "60",
          "uppdrag_statussortering": "10"
        },
        {
          "organ_kod": "kam",
          "roll_kod": "Riksdagsledamot",
          "ordningsnummer": "150",
          "status": "Tjänstgörande",
          "typ": "kammaruppdrag",
          "from": "1988-10-03",
          "tom": "1991-09-30",
          "uppgift": "",
          "intressent_id": "0594584559201",
          "hangar_id": "2342525",
          "sortering": "10",
          "organ_sortering": "10",
          "uppdrag_rollsortering": "60",
          "uppdrag_statussortering": "10"
        },
        {
          "organ_kod": "kam",
          "roll_kod": "Riksdagsledamot",
          "ordningsnummer": "0",
          "status": "Tjänstgörande",
          "typ": "kammaruppdrag",
          "from": "1985-09-30",
          "tom": "1988-10-03",
          "uppgift": "",
          "intressent_id": "0594584559201",
          "hangar_id": "2342525",
          "sortering": "10",
          "organ_sortering": "10",
          "uppdrag_rollsortering": "60",
          "uppdrag_statussortering": "10"
        },
        {
          "organ_kod": "IPU",
          "roll_kod": "Ledamot",
          "ordningsnummer": "0",
          "status": "",
          "typ": "Riksdagsorgan",
          "from": "1998-10-21",
          "tom": "2000-07-31",
          "uppgift": "Riksdagens delegation till Interparlamentariska unionen",
          "intressent_id": "0594584559201",
          "hangar_id": "2342525",
          "sortering": "30",
          "organ_sortering": "300",
          "uppdrag_rollsortering": "90",
          "uppdrag_statussortering": "90"
        },
        {
          "organ_kod": "IPU",
          "roll_kod": "Ledamot",
          "ordningsnummer": "0",
          "status": "",
          "typ": "Riksdagsorgan",
          "from": "1994-12-08",
          "tom": "1998-10-05",
          "uppgift": "Riksdagens delegation till Interparlamentariska unionen",
          "intressent_id": "0594584559201",
          "hangar_id": "2342525",
          "sortering": "30",
          "organ_sortering": "300",
          "uppdrag_rollsortering": "90",
          "uppdrag_statussortering": "90"
        },
        {
          "organ_kod": "KD",
          "roll_kod": "Ledamot",
          "ordningsnummer": "0",
          "status": "",
          "typ": "Riksdagsorgan",
          "from": "1998-10-20",
          "tom": "2000-07-31",
          "uppgift": "Krigsdelegationen",
          "intressent_id": "0594584559201",
          "hangar_id": "2342525",
          "sortering": "30",
          "organ_sortering": "300",
          "uppdrag_rollsortering": "90",
          "uppdrag_statussortering": "90"
        },
        {
          "organ_kod": "KD",
          "roll_kod": "Ledamot",
          "ordningsnummer": "0",
          "status": "",
          "typ": "Riksdagsorgan",
          "from": "1994-10-18",
          "tom": "1998-10-05",
          "uppgift": "Krigsdelegationen",
          "intressent_id": "0594584559201",
          "hangar_id": "2342525",
          "sortering": "30",
          "organ_sortering": "300",
          "uppdrag_rollsortering": "90",
          "uppdrag_statussortering": "90"
        },
        {
          "organ_kod": "UN",
          "roll_kod": "Suppleant",
          "ordningsnummer": "0",
          "status": "",
          "typ": "Riksdagsorgan",
          "from": "1998-12-01",
          "tom": "2000-07-31",
          "uppgift": "Utrikesnämnden",
          "intressent_id": "0594584559201",
          "hangar_id": "2342525",
          "sortering": "50",
          "organ_sortering": "300",
          "uppdrag_rollsortering": "90",
          "uppdrag_statussortering": "90"
        },
        {
          "organ_kod": "VB",
          "roll_kod": "Ledamot",
          "ordningsnummer": "0",
          "status": "",
          "typ": "Riksdagsorgan",
          "from": "1998-10-05",
          "tom": "2000-07-31",
          "uppgift": "Valberedningen",
          "intressent_id": "0594584559201",
          "hangar_id": "2342525",
          "sortering": "30",
          "organ_sortering": "300",
          "uppdrag_rollsortering": "90",
          "uppdrag_statussortering": "90"
        },
        {
          "organ_kod": "AU",
          "roll_kod": "Ordförande",
          "ordningsnummer": "0",
          "status": "",
          "typ": "uppdrag",
          "from": "1998-10-13",
          "tom": "2000-07-31",
          "uppgift": "Arbetsmarknadsutskottet",
          "intressent_id": "0594584559201",
          "hangar_id": "2342525",
          "sortering": "10",
          "organ_sortering": "150",
          "uppdrag_rollsortering": "90",
          "uppdrag_statussortering": "90"
        },
        {
          "organ_kod": "AU",
          "roll_kod": "Ledamot",
          "ordningsnummer": "0",
          "status": "",
          "typ": "uppdrag",
          "from": "1994-10-11",
          "tom": "1998-10-04",
          "uppgift": "Arbetsmarknadsutskottet",
          "intressent_id": "0594584559201",
          "hangar_id": "2342525",
          "sortering": "30",
          "organ_sortering": "150",
          "uppdrag_rollsortering": "90",
          "uppdrag_statussortering": "90"
        },
        {
          "organ_kod": "AU",
          "roll_kod": "Ordförande",
          "ordningsnummer": "0",
          "status": "",
          "typ": "uppdrag",
          "from": "1994-10-12",
          "tom": "1998-10-04",
          "uppgift": "Arbetsmarknadsutskottet",
          "intressent_id": "0594584559201",
          "hangar_id": "2342525",
          "sortering": "10",
          "organ_sortering": "150",
          "uppdrag_rollsortering": "90",
          "uppdrag_statussortering": "90"
        },
        {
          "organ_kod": "AU",
          "roll_kod": "Ledamot",
          "ordningsnummer": "0",
          "status": "",
          "typ": "uppdrag",
          "from": "1991-10-08",
          "tom": "1994-10-02",
          "uppgift": "Arbetsmarknadsutskottet",
          "intressent_id": "0594584559201",
          "hangar_id": "2342525",
          "sortering": "30",
          "organ_sortering": "150",
          "uppdrag_rollsortering": "90",
          "uppdrag_statussortering": "90"
        },
        {
          "organ_kod": "AU",
          "roll_kod": "Suppleant",
          "ordningsnummer": "0",
          "status": "",
          "typ": "uppdrag",
          "from": "1988-11-07",
          "tom": "1991-09-29",
          "uppgift": "Arbetsmarknadsutskottet",
          "intressent_id": "0594584559201",
          "hangar_id": "2342525",
          "sortering": "50",
          "organ_sortering": "150",
          "uppdrag_rollsortering": "90",
          "uppdrag_statussortering": "90"
        },
        {
          "organ_kod": "AU",
          "roll_kod": "Suppleant",
          "ordningsnummer": "0",
          "status": "",
          "typ": "uppdrag",
          "from": "1985-09-30",
          "tom": "1988-10-02",
          "uppgift": "Arbetsmarknadsutskottet",
          "intressent_id": "0594584559201",
          "hangar_id": "2342525",
          "sortering": "50",
          "organ_sortering": "150",
          "uppdrag_rollsortering": "90",
          "uppdrag_statussortering": "90"
        },
        {
          "organ_kod": "SoU",
          "roll_kod": "Suppleant",
          "ordningsnummer": "0",
          "status": "",
          "typ": "uppdrag",
          "from": "1991-10-08",
          "tom": "1994-10-02",
          "uppgift": "Socialutskottet",
          "intressent_id": "0594584559201",
          "hangar_id": "2342525",
          "sortering": "50",
          "organ_sortering": "150",
          "uppdrag_rollsortering": "90",
          "uppdrag_statussortering": "90"
        },
        {
          "organ_kod": "SoU",
          "roll_kod": "Ledamot",
          "ordningsnummer": "0",
          "status": "",
          "typ": "uppdrag",
          "from": "1988-10-11",
          "tom": "1991-09-29",
          "uppgift": "Socialutskottet",
          "intressent_id": "0594584559201",
          "hangar_id": "2342525",
          "sortering": "30",
          "organ_sortering": "150",
          "uppdrag_rollsortering": "90",
          "uppdrag_statussortering": "90"
        },
        {
          "organ_kod": "EUN",
          "roll_kod": "Ledamot",
          "ordningsnummer": "0",
          "status": "",
          "typ": "uppdrag",
          "from": "1998-10-13",
          "tom": "2000-07-31",
          "uppgift": "EU-nämnden",
          "intressent_id": "0594584559201",
          "hangar_id": "2342525",
          "sortering": "30",
          "organ_sortering": "170",
          "uppdrag_rollsortering": "90",
          "uppdrag_statussortering": "90"
        },
        {
          "organ_kod": "EUN",
          "roll_kod": "Ledamot",
          "ordningsnummer": "0",
          "status": "",
          "typ": "uppdrag",
          "from": "1995-01-01",
          "tom": "1998-10-05",
          "uppgift": "EU-nämnden",
          "intressent_id": "0594584559201",
          "hangar_id": "2342525",
          "sortering": "30",
          "organ_sortering": "170",
          "uppdrag_rollsortering": "90",
          "uppdrag_statussortering": "90"
        }
      ]
    },
    "personuppgift": {
      "uppgift": [
        {
          "kod": "sv",
          "uppgift": "ombudsman",
          "typ": "titlar",
          "intressent_id": "0594584559201",
          "hangar_id": "2342525"
        },
        {
          "kod": "en",
          "uppgift": "",
          "typ": "titlar",
          "intressent_id": "0594584559201",
          "hangar_id": "2342525"
        }
      ]
    }
  }
}