{
  "person": {
    "hangar_guid": "5ff7227f-396b-47ca-846c-1bee434bfd17",
    "sourceid": "d5e1cf6a-967d-45aa-bd67-f0613f4e8540",
    "intressent_id": "0501397157002",
    "hangar_id": "2341786",
    "fodd_ar": "1931",
    "kon": "kvinna",
    "efternamn": "Ahrland",
    "tilltalsnamn": "Karin",
    "sorteringsnamn": "Ahrland,Karin",
    "iort": "",
    "parti": "FP",
    "valkrets": "",
    "status": "Avliden  2019-08-30",
    "person_url_xml": "http://data.riksdagen.se/person/d5e1cf6a-967d-45aa-bd67-f0613f4e8540",
    "bild_url_80": "http://data.riksdagen.se/filarkiv/bilder/ledamot/d5e1cf6a-967d-45aa-bd67-f0613f4e8540_80.jpg",
    "bild_url_192": "http://data.riksdagen.se/filarkiv/bilder/ledamot/d5e1cf6a-967d-45aa-bd67-f0613f4e8540_192.jpg",
    "bild_url_max": "http://data.riksdagen.se/filarkiv/bilder/ledamot/d5e1cf6a-967d-45aa-bd67-f0613f4e8540_max.jpg",
    "personuppdrag": {
      "uppdrag": [
        {
          "organ_kod": "kam",
          "roll_kod": "Riksdagsledamot",
          "ordningsnummer": "157",
          "status": "Tjänstgörande",
          "typ": "kammaruppdrag",
          "from": "1988-10-03",
          "tom": "1989-09-30",
          "uppgift": "",
          "intressent_id": "0501397157002",
          "hangar_id": "2341786",
          "sortering": "10",
          "organ_sortering": "10",
          "uppdrag_rollsortering": "60",
          "uppdrag_statussortering": "10"
        },
        {
          "organ_kod": "kam",
          "roll_kod": "Riksdagsledamot",
          "ordningsnummer": "0",
          "status": "Tjänstgörande",
          "typ": "kammaruppdrag",
          "from": "1985-09-30",
          "tom": "1988-10-03",
          "uppgift": "",
          "intressent_id": "0501397157002",
          "hangar_id": "2341786",
          "sortering": "10",
          "organ_sortering": "10",
          "uppdrag_rollsortering": "60",
          "uppdrag_statussortering": "10"
        },
        {
          "organ_kod": "kam",
          "roll_kod": "Riksdagsledamot",
          "ordningsnummer": "0",
          "status": "Tjänstgörande",
          "typ": "kammaruppdrag",
          "from": "1982-10-04",
          "tom": "1985-09-30",
          "uppgift": "",
          "intressent_id": "0501397157002",
          "hangar_id": "2341786",
          "sortering": "10",
          "organ_sortering": "10",
          "uppdrag_rollsortering": "60",
          "uppdrag_statussortering": "10"
        },
        {
          "organ_kod": "kam",
          "roll_kod": "Riksdagsledamot",
          "ordningsnummer": "0",
          "status": "Tjänstgörande",
          "typ": "kammaruppdrag",
          "from": "1979-10-01",
          "tom": "1982-10-04",
          "uppgift": "",
          "intressent_id": "0501397157002",
          "hangar_id": "2341786",
          "sortering": "10",
          "organ_sortering": "10",
          "uppdrag_rollsortering": "60",
          "uppdrag_statussortering": "10"
        },
        {
          "organ_kod": "kam",
          "roll_kod": "Riksdagsledamot",
          "ordningsnummer": "0",
          "status": "Tjänstgörande",
          "typ": "kammaruppdrag",
          "from": "1976-10-04",
          "tom": "1979-10-01",
          "uppgift": "",
          "intressent_id": "0501397157002",
          "hangar_id": "2341786",
          "sortering": "10",
          "organ_sortering": "10",
          "uppdrag_rollsortering": "60",
          "uppdrag_statussortering": "10"
        }
      ]
    },
    "personuppgift": {
      "uppgift": [
        {
          "kod": "sv",
          "uppgift": "1:e länsassessor",
          "typ": "titlar",
          "intressent_id": "0501397157002",
          "hangar_id": "2341786"
        },
        {
          "kod": "en",
          "uppgift": "",
          "typ": "titlar",
          "intressent_id": "0501397157002",
          "hangar_id": "2341786"
        }
      ]
    }
  }
}