{
  "person": {
    "hangar_guid": "b79c1253-ac30-4cd4-b161-af57f0ae26ba",
    "sourceid": "94619ff6-ebf3-4462-95be-c9ef539a8c4d",
    "intressent_id": "0538777624511",
    "hangar_id": "2369342",
    "fodd_ar": "1955",
    "kon": "man",
    "efternamn": "Akej",
    "tilltalsnamn": "Christer",
    "sorteringsnamn": "Akej,Christer",
    "iort": "",
    "parti": "M",
    "valkrets": "Skåne läns norra och östra",
    "status": "Tillgänglig ersättare",
    "person_url_xml": "http://data.riksdagen.se/person/94619ff6-ebf3-4462-95be-c9ef539a8c4d",
    "bild_url_80": "http://data.riksdagen.se/filarkiv/bilder/ledamot/94619ff6-ebf3-4462-95be-c9ef539a8c4d_80.jpg",
    "bild_url_192": "http://data.riksdagen.se/filarkiv/bilder/ledamot/94619ff6-ebf3-4462-95be-c9ef539a8c4d_192.jpg",
    "bild_url_max": "http://data.riksdagen.se/filarkiv/bilder/ledamot/94619ff6-ebf3-4462-95be-c9ef539a8c4d_max.jpg",
    "personuppdrag": {
      "uppdrag": [
        {
          "organ_kod": "kam",
          "roll_kod": "Riksdagsledamot",
          "ordningsnummer": "95",
          "status": "Tjänstgörande",
          "typ": "kammaruppdrag",
          "from": "2010-10-04",
          "tom": "2014-09-29",
          "uppgift": "",
          "intressent_id": "0538777624511",
          "hangar_id": "2369342",
          "sortering": "10",
          "organ_sortering": "10",
          "uppdrag_rollsortering": "60",
          "uppdrag_statussortering": "10"
        },
        {
          "organ_kod": "MJU",
          "roll_kod": "Ledamot",
          "ordningsnummer": "13",
          "status": "",
          "typ": "uppdrag",
          "from": "2013-09-27",
          "tom": "2014-09-29",
          "uppgift": "Miljö- och jordbruksutskottet",
          "intressent_id": "0538777624511",
          "hangar_id": "2369342",
          "sortering": "30",
          "organ_sortering": "150",
          "uppdrag_rollsortering": "90",
          "uppdrag_statussortering": "90"
        },
        {
          "organ_kod": "MJU",
          "roll_kod": "Suppleant",
          "ordningsnummer": "1",
          "status": "",
          "typ": "uppdrag",
          "from": "2010-10-12",
          "tom": "2013-09-26",
          "uppgift": "Miljö- och jordbruksutskottet",
          "intressent_id": "0538777624511",
          "hangar_id": "2369342",
          "sortering": "50",
          "organ_sortering": "150",
          "uppdrag_rollsortering": "90",
          "uppdrag_statussortering": "90"
        },
        {
          "organ_kod": "TU",
          "roll_kod": "Suppleant",
          "ordningsnummer": "3",
          "status": "",
          "typ": "uppdrag",
          "from": "2010-10-12",
          "tom": "2014-09-29",
          "uppgift": "Trafikutskottet",
          "intressent_id": "0538777624511",
          "hangar_id": "2369342",
          "sortering": "50",
          "organ_sortering": "150",
          "uppdrag_rollsortering": "90",
          "uppdrag_statussortering": "90"
        }
      ]
    },
    "personuppgift": {
      "uppgift": [
        {
          "kod": "Officiell e-postadress",
          "uppgift": "christer.akej[på]riksdagen.se",
          "typ": "eadress",
          "intressent_id": "0538777624511",
          "hangar_id": "2369342"
        },
        {
          "kod": "Webbsida",
          "uppgift": "http://www.skanemoderaterna.se/caj",
          "typ": "eadress",
          "intressent_id": "0538777624511",
          "hangar_id": "2369342"
        },
        {
          "kod": "Tjänstetelefon",
          "uppgift": "65941",
          "typ": "telefonnummer",
          "intressent_id": "0538777624511",
          "hangar_id": "2369342"
        },
        {
          "kod": "sv",
          "uppgift": "Civilingenjör",
          "typ": "titlar",
          "intressent_id": "0538777624511",
          "hangar_id": "2369342"
        },
        {
          "kod": "en",
          "uppgift": "",
          "typ": "titlar",
          "intressent_id": "0538777624511",
          "hangar_id": "2369342"
        },
        {
          "kod": "KandiderarINastaVal",
          "uppgift": "true",
          "typ": "val",
          "intressent_id": "0538777624511",
          "hangar_id": "2369342"
        }
      ]
    }
  }
}