{
  "person": {
    "hangar_guid": "9b025c2c-5de9-4a2a-8cf8-fa3c1a15f040",
    "sourceid": "4099ff9c-5d27-4605-b018-98fb229d94fa",
    "intressent_id": "0364687971222",
    "hangar_id": "5003698",
    "fodd_ar": "1980",
    "kon": "man",
    "efternamn": "Akhondi",
    "tilltalsnamn": "Alireza",
    "sorteringsnamn": "Akhondi,Alireza",
    "iort": "",
    "parti": "C",
    "valkrets": "Stockholms län",
    "status": "Tjänstgörande riksdagsledamot",
    "person_url_xml": "http://data.riksdagen.se/person/4099ff9c-5d27-4605-b018-98fb229d94fa",
    "bild_url_80": "http://data.riksdagen.se/filarkiv/bilder/ledamot/4099ff9c-5d27-4605-b018-98fb229d94fa_80.jpg",
    "bild_url_192": "http://data.riksdagen.se/filarkiv/bilder/ledamot/4099ff9c-5d27-4605-b018-98fb229d94fa_192.jpg",
    "bild_url_max": "http://data.riksdagen.se/filarkiv/bilder/ledamot/4099ff9c-5d27-4605-b018-98fb229d94fa_max.jpg",
    "personuppdrag": {
      "uppdrag": [
        {
          "organ_kod": "kam",
          "roll_kod": "Riksdagsledamot",
          "ordningsnummer": "285",
          "status": "Tjänstgörande",
          "typ": "kammaruppdrag",
          "from": "2018-09-24",
          "tom": "2022-09-26",
          "uppgift": "",
          "intressent_id": "0364687971222",
          "hangar_id": "5003698",
          "sortering": "10",
          "organ_sortering": "10",
          "uppdrag_rollsortering": "60",
          "uppdrag_statussortering": "10"
        },
        {
          "organ_kod": "AU",
          "roll_kod": "Suppleant",
          "ordningsnummer": "7",
          "status": "",
          "typ": "uppdrag",
          "from": "2018-10-02",
          "tom": "2022-09-26",
          "uppgift": "Arbetsmarknadsutskottet",
          "intressent_id": "0364687971222",
          "hangar_id": "5003698",
          "sortering": "50",
          "organ_sortering": "150",
          "uppdrag_rollsortering": "90",
          "uppdrag_statussortering": "90"
        },
        {
          "organ_kod": "CU",
          "roll_kod": "Suppleant",
          "ordningsnummer": "23",
          "status": "",
          "typ": "uppdrag",
          "from": "2018-10-16",
          "tom": "2022-09-26",
          "uppgift": "Civilutskottet",
          "intressent_id": "0364687971222",
          "hangar_id": "5003698",
          "sortering": "50",
          "organ_sortering": "150",
          "uppdrag_rollsortering": "90",
          "uppdrag_statussortering": "90"
        },
        {
          "organ_kod": "SkU",
          "roll_kod": "Suppleant",
          "ordningsnummer": "28",
          "status": "",
          "typ": "uppdrag",
          "from": "2020-02-05",
          "tom": "2022-09-26",
          "uppgift": "Skatteutskottet",
          "intressent_id": "0364687971222",
          "hangar_id": "5003698",
          "sortering": "50",
          "organ_sortering": "150",
          "uppdrag_rollsortering": "90",
          "uppdrag_statussortering": "90"
        }
      ]
    },
    "personuppgift": {
      "uppgift": {
        "kod": "Officiell e-postadress",
        "uppgift": "alireza.akhondi[på]riksdagen.se",
        "typ": "eadress",
        "intressent_id": "0364687971222",
        "hangar_id": "5003698"
      }
    }
  }
}