{
  "person": {
    "hangar_guid": "8098f832-b492-4c15-abb3-7c08acc5122d",
    "sourceid": "af17bc5e-c6e0-4092-99e9-7e6464f2af37",
    "intressent_id": "0895706637124",
    "hangar_id": "2369308",
    "fodd_ar": "1976",
    "kon": "kvinna",
    "efternamn": "Al-Sahlani",
    "tilltalsnamn": "Abir",
    "sorteringsnamn": "Al-Sahlani,Abir",
    "iort": "",
    "parti": "C",
    "valkrets": "Stockholms kommun",
    "status": "Europaparlamentariker",
    "person_url_xml": "http://data.riksdagen.se/person/af17bc5e-c6e0-4092-99e9-7e6464f2af37",
    "bild_url_80": "http://data.riksdagen.se/filarkiv/bilder/ledamot/af17bc5e-c6e0-4092-99e9-7e6464f2af37_80.jpg",
    "bild_url_192": "http://data.riksdagen.se/filarkiv/bilder/ledamot/af17bc5e-c6e0-4092-99e9-7e6464f2af37_192.jpg",
    "bild_url_max": "http://data.riksdagen.se/filarkiv/bilder/ledamot/af17bc5e-c6e0-4092-99e9-7e6464f2af37_max.jpg",
    "personuppdrag": {
      "uppdrag": [
        {
          "organ_kod": "EP",
          "roll_kod": "Ledamot",
          "ordningsnummer": "6",
          "status": "",
          "typ": "Europaparlamentet",
          "from": "2019-07-02",
          "tom": "2024-07-02",
          "uppgift": "Europaparlamentet",
          "intressent_id": "0895706637124",
          "hangar_id": "2369308",
          "sortering": "30",
          "organ_sortering": "100",
          "uppdrag_rollsortering": "90",
          "uppdrag_statussortering": "90"
        },
        {
          "organ_kod": "kam",
          "roll_kod": "Ersättare",
          "ordningsnummer": "172",
          "status": "Ersättare",
          "typ": "kammaruppdrag",
          "from": "2019-01-14",
          "tom": "2019-06-19",
          "uppgift": "Johan Hedin",
          "intressent_id": "0895706637124",
          "hangar_id": "2369308",
          "sortering": "45",
          "organ_sortering": "10",
          "uppdrag_rollsortering": "60",
          "uppdrag_statussortering": "20"
        },
        {
          "organ_kod": "kam",
          "roll_kod": "Riksdagsledamot",
          "ordningsnummer": "206",
          "status": "Tjänstgörande",
          "typ": "kammaruppdrag",
          "from": "2011-09-30",
          "tom": "2014-09-29",
          "uppgift": "",
          "intressent_id": "0895706637124",
          "hangar_id": "2369308",
          "sortering": "10",
          "organ_sortering": "10",
          "uppdrag_rollsortering": "60",
          "uppdrag_statussortering": "10"
        },
        {
          "organ_kod": "kam",
          "roll_kod": "Statsrådsersättare",
          "ordningsnummer": "206",
          "status": "Ersättare",
          "typ": "kammaruppdrag",
          "from": "2010-10-04",
          "tom": "2011-09-29",
          "uppgift": "Andreas Carlgren",
          "intressent_id": "0895706637124",
          "hangar_id": "2369308",
          "sortering": "",
          "organ_sortering": "10",
          "uppdrag_rollsortering": "60",
          "uppdrag_statussortering": "20"
        },
        {
          "organ_kod": "EMPA",
          "roll_kod": "Suppleant",
          "ordningsnummer": "3",
          "status": "",
          "typ": "Riksdagsorgan",
          "from": "2010-11-17",
          "tom": "2011-03-16",
          "uppgift": "Riksdagens delegation till den parlamentariska församlingen för Europa-Medelhavsområdet",
          "intressent_id": "0895706637124",
          "hangar_id": "2369308",
          "sortering": "50",
          "organ_sortering": "",
          "uppdrag_rollsortering": "90",
          "uppdrag_statussortering": "90"
        },
        {
          "organ_kod": "PA-UfM",
          "roll_kod": "Suppleant",
          "ordningsnummer": "3",
          "status": "",
          "typ": "Riksdagsorgan",
          "from": "2011-03-16",
          "tom": "2014-09-29",
          "uppgift": "Riksdagens delegation till den parlamentariska församlingen för Unionen för Medelhavet",
          "intressent_id": "0895706637124",
          "hangar_id": "2369308",
          "sortering": "50",
          "organ_sortering": "300",
          "uppdrag_rollsortering": "90",
          "uppdrag_statussortering": "90"
        },
        {
          "organ_kod": "AU",
          "roll_kod": "Suppleant",
          "ordningsnummer": "11",
          "status": "",
          "typ": "uppdrag",
          "from": "2010-10-12",
          "tom": "2014-09-29",
          "uppgift": "Arbetsmarknadsutskottet",
          "intressent_id": "0895706637124",
          "hangar_id": "2369308",
          "sortering": "50",
          "organ_sortering": "150",
          "uppdrag_rollsortering": "90",
          "uppdrag_statussortering": "90"
        },
        {
          "organ_kod": "KU",
          "roll_kod": "Extra suppleant",
          "ordningsnummer": "0",
          "status": "",
          "typ": "uppdrag",
          "from": "2019-01-14",
          "tom": "2019-06-19",
          "uppgift": "Konstitutionsutskottet",
          "intressent_id": "0895706637124",
          "hangar_id": "2369308",
          "sortering": "55",
          "organ_sortering": "150",
          "uppdrag_rollsortering": "90",
          "uppdrag_statussortering": "90"
        },
        {
          "organ_kod": "SfU",
          "roll_kod": "Suppleant",
          "ordningsnummer": "29",
          "status": "",
          "typ": "uppdrag",
          "from": "2019-01-16",
          "tom": "2019-06-19",
          "uppgift": "Socialförsäkringsutskottet",
          "intressent_id": "0895706637124",
          "hangar_id": "2369308",
          "sortering": "50",
          "organ_sortering": "150",
          "uppdrag_rollsortering": "90",
          "uppdrag_statussortering": "90"
        },
        {
          "organ_kod": "SfU",
          "roll_kod": "Suppleant",
          "ordningsnummer": "21",
          "status": "",
          "typ": "uppdrag",
          "from": "2010-10-26",
          "tom": "2014-09-29",
          "uppgift": "Socialförsäkringsutskottet",
          "intressent_id": "0895706637124",
          "hangar_id": "2369308",
          "sortering": "50",
          "organ_sortering": "150",
          "uppdrag_rollsortering": "90",
          "uppdrag_statussortering": "90"
        },
        {
          "organ_kod": "SoU",
          "roll_kod": "Suppleant",
          "ordningsnummer": "11",
          "status": "",
          "typ": "uppdrag",
          "from": "2010-10-12",
          "tom": "2011-06-07",
          "uppgift": "Socialutskottet",
          "intressent_id": "0895706637124",
          "hangar_id": "2369308",
          "sortering": "50",
          "organ_sortering": "150",
          "uppdrag_rollsortering": "90",
          "uppdrag_statussortering": "90"
        },
        {
          "organ_kod": "UU",
          "roll_kod": "Suppleant",
          "ordningsnummer": "23",
          "status": "",
          "typ": "uppdrag",
          "from": "2019-03-29",
          "tom": "2019-06-19",
          "uppgift": "Utrikesutskottet",
          "intressent_id": "0895706637124",
          "hangar_id": "2369308",
          "sortering": "50",
          "organ_sortering": "150",
          "uppdrag_rollsortering": "90",
          "uppdrag_statussortering": "90"
        },
        {
          "organ_kod": "UU",
          "roll_kod": "Suppleant",
          "ordningsnummer": "27",
          "status": "",
          "typ": "uppdrag",
          "from": "2019-01-16",
          "tom": "2019-03-29",
          "uppgift": "Utrikesutskottet",
          "intressent_id": "0895706637124",
          "hangar_id": "2369308",
          "sortering": "50",
          "organ_sortering": "150",
          "uppdrag_rollsortering": "90",
          "uppdrag_statussortering": "90"
        },
        {
          "organ_kod": "UU",
          "roll_kod": "Suppleant",
          "ordningsnummer": "29",
          "status": "",
          "typ": "uppdrag",
          "from": "2011-06-10",
          "tom": "2014-09-29",
          "uppgift": "Utrikesutskottet",
          "intressent_id": "0895706637124",
          "hangar_id": "2369308",
          "sortering": "50",
          "organ_sortering": "150",
          "uppdrag_rollsortering": "90",
          "uppdrag_statussortering": "90"
        },
        {
          "organ_kod": "EUN",
          "roll_kod": "Extra suppleant",
          "ordningsnummer": "0",
          "status": "",
          "typ": "uppdrag",
          "from": "2019-01-14",
          "tom": "2019-06-19",
          "uppgift": "EU-nämnden",
          "intressent_id": "0895706637124",
          "hangar_id": "2369308",
          "sortering": "55",
          "organ_sortering": "170",
          "uppdrag_rollsortering": "90",
          "uppdrag_statussortering": "90"
        }
      ]
    },
    "personuppgift": {
      "uppgift": [
        {
          "kod": "Övriga webbsidor",
          "uppgift": "http://www.facebook.com/abir.alsahlani",
          "typ": "eadress",
          "intressent_id": "0895706637124",
          "hangar_id": "2369308"
        },
        {
          "kod": "Webbsida",
          "uppgift": "http://www.twitter.com/abiralsahlani",
          "typ": "eadress",
          "intressent_id": "0895706637124",
          "hangar_id": "2369308"
        },
        {
          "kod": "sv",
          "uppgift": "Politiskt sakkunnig.",
          "typ": "titlar",
          "intressent_id": "0895706637124",
          "hangar_id": "2369308"
        },
        {
          "kod": "en",
          "uppgift": "",
          "typ": "titlar",
          "intressent_id": "0895706637124",
          "hangar_id": "2369308"
        },
        {
          "kod": "KandiderarINastaVal",
          "uppgift": "true",
          "typ": "val",
          "intressent_id": "0895706637124",
          "hangar_id": "2369308"
        }
      ]
    }
  }
}