{
  "person": {
    "hangar_guid": "bfb54397-f697-4cde-87d0-741176bca9ad",
    "sourceid": "7e408079-a5cd-432a-a30e-fd61fd15c65a",
    "intressent_id": "0316505710324",
    "hangar_id": "3057336",
    "fodd_ar": "1973",
    "kon": "kvinna",
    "efternamn": "Alm Ericson",
    "tilltalsnamn": "Janine",
    "sorteringsnamn": "Alm Ericson,Janine",
    "iort": "",
    "parti": "MP",
    "valkrets": "Västra Götalands läns västra",
    "status": "Tjänstgörande riksdagsledamot",
    "person_url_xml": "http://data.riksdagen.se/person/7e408079-a5cd-432a-a30e-fd61fd15c65a",
    "bild_url_80": "http://data.riksdagen.se/filarkiv/bilder/ledamot/7e408079-a5cd-432a-a30e-fd61fd15c65a_80.jpg",
    "bild_url_192": "http://data.riksdagen.se/filarkiv/bilder/ledamot/7e408079-a5cd-432a-a30e-fd61fd15c65a_192.jpg",
    "bild_url_max": "http://data.riksdagen.se/filarkiv/bilder/ledamot/7e408079-a5cd-432a-a30e-fd61fd15c65a_max.jpg",
    "personuppdrag": {
      "uppdrag": [
        {
          "organ_kod": "kam",
          "roll_kod": "Riksdagsledamot",
          "ordningsnummer": "300",
          "status": "Tjänstgörande",
          "typ": "kammaruppdrag",
          "from": "2018-09-24",
          "tom": "2022-09-26",
          "uppgift": "",
          "intressent_id": "0316505710324",
          "hangar_id": "3057336",
          "sortering": "10",
          "organ_sortering": "10",
          "uppdrag_rollsortering": "60",
          "uppdrag_statussortering": "10"
        },
        {
          "organ_kod": "kam",
          "roll_kod": "Riksdagsledamot",
          "ordningsnummer": "302",
          "status": "Tjänstgörande",
          "typ": "kammaruppdrag",
          "from": "2014-09-29",
          "tom": "2018-09-24",
          "uppgift": "",
          "intressent_id": "0316505710324",
          "hangar_id": "3057336",
          "sortering": "10",
          "organ_sortering": "10",
          "uppdrag_rollsortering": "60",
          "uppdrag_statussortering": "10"
        },
        {
          "organ_kod": "MP",
          "roll_kod": "Vice gruppledare",
          "ordningsnummer": "0",
          "status": "",
          "typ": "partiuppdrag",
          "from": "2019-07-01",
          "tom": "2019-11-03 23:59:00",
          "uppgift": "Miljöpartiet de gröna",
          "intressent_id": "0316505710324",
          "hangar_id": "3057336",
          "sortering": "30",
          "organ_sortering": "",
          "uppdrag_rollsortering": "90",
          "uppdrag_statussortering": "90"
        },
        {
          "organ_kod": "MP",
          "roll_kod": "Gruppledare",
          "ordningsnummer": "0",
          "status": "",
          "typ": "partiuppdrag",
          "from": "2019-02-15",
          "tom": "2019-06-30 23:59:00",
          "uppgift": "Miljöpartiet de gröna",
          "intressent_id": "0316505710324",
          "hangar_id": "3057336",
          "sortering": "25",
          "organ_sortering": "",
          "uppdrag_rollsortering": "90",
          "uppdrag_statussortering": "90"
        },
        {
          "organ_kod": "MP",
          "roll_kod": "Vice gruppledare",
          "ordningsnummer": "0",
          "status": "",
          "typ": "partiuppdrag",
          "from": "2019-02-07",
          "tom": "2019-02-15",
          "uppgift": "Miljöpartiet de gröna",
          "intressent_id": "0316505710324",
          "hangar_id": "3057336",
          "sortering": "30",
          "organ_sortering": "",
          "uppdrag_rollsortering": "90",
          "uppdrag_statussortering": "90"
        },
        {
          "organ_kod": "MP",
          "roll_kod": "Gruppledare",
          "ordningsnummer": "0",
          "status": "",
          "typ": "partiuppdrag",
          "from": "2019-11-04",
          "tom": "",
          "uppgift": "Miljöpartiet de gröna",
          "intressent_id": "0316505710324",
          "hangar_id": "3057336",
          "sortering": "25",
          "organ_sortering": "",
          "uppdrag_rollsortering": "90",
          "uppdrag_statussortering": "90"
        },
        {
          "organ_kod": "KD",
          "roll_kod": "Ledamot",
          "ordningsnummer": "50",
          "status": "",
          "typ": "Riksdagsorgan",
          "from": "2019-02-07",
          "tom": "2022-10-09",
          "uppgift": "Krigsdelegationen",
          "intressent_id": "0316505710324",
          "hangar_id": "3057336",
          "sortering": "30",
          "organ_sortering": "300",
          "uppdrag_rollsortering": "90",
          "uppdrag_statussortering": "90"
        },
        {
          "organ_kod": "NR",
          "roll_kod": "Ledamot",
          "ordningsnummer": "18",
          "status": "",
          "typ": "Riksdagsorgan",
          "from": "2019-10-02",
          "tom": "2020-10-30",
          "uppgift": "Nordiska rådets svenska delegation",
          "intressent_id": "0316505710324",
          "hangar_id": "3057336",
          "sortering": "30",
          "organ_sortering": "300",
          "uppdrag_rollsortering": "90",
          "uppdrag_statussortering": "90"
        },
        {
          "organ_kod": "NR",
          "roll_kod": "Suppleant",
          "ordningsnummer": "18",
          "status": "",
          "typ": "Riksdagsorgan",
          "from": "2018-10-09",
          "tom": "2019-10-02",
          "uppgift": "Nordiska rådets svenska delegation",
          "intressent_id": "0316505710324",
          "hangar_id": "3057336",
          "sortering": "50",
          "organ_sortering": "300",
          "uppdrag_rollsortering": "90",
          "uppdrag_statussortering": "90"
        },
        {
          "organ_kod": "RB",
          "roll_kod": "Suppleant",
          "ordningsnummer": "10",
          "status": "",
          "typ": "Riksdagsorgan",
          "from": "2014-10-14",
          "tom": "2014-12-02",
          "uppgift": "Riksbanksfullmäktige",
          "intressent_id": "0316505710324",
          "hangar_id": "3057336",
          "sortering": "50",
          "organ_sortering": "300",
          "uppdrag_rollsortering": "90",
          "uppdrag_statussortering": "90"
        },
        {
          "organ_kod": "RS",
          "roll_kod": "Ledamot",
          "ordningsnummer": "6",
          "status": "",
          "typ": "Riksdagsorgan",
          "from": "2019-11-05",
          "tom": "2022-10-02",
          "uppgift": "Riksdagsstyrelsen",
          "intressent_id": "0316505710324",
          "hangar_id": "3057336",
          "sortering": "30",
          "organ_sortering": "300",
          "uppdrag_rollsortering": "90",
          "uppdrag_statussortering": "90"
        },
        {
          "organ_kod": "RS",
          "roll_kod": "Ledamot",
          "ordningsnummer": "6",
          "status": "",
          "typ": "Riksdagsorgan",
          "from": "2019-11-05",
          "tom": "2022-10-02",
          "uppgift": "Riksdagsstyrelsen",
          "intressent_id": "0316505710324",
          "hangar_id": "3057336",
          "sortering": "30",
          "organ_sortering": "300",
          "uppdrag_rollsortering": "90",
          "uppdrag_statussortering": "90"
        },
        {
          "organ_kod": "RS",
          "roll_kod": "Ersättare",
          "ordningsnummer": "6",
          "status": "",
          "typ": "Riksdagsorgan",
          "from": "2019-07-01",
          "tom": "2019-11-05",
          "uppgift": "Riksdagsstyrelsen",
          "intressent_id": "0316505710324",
          "hangar_id": "3057336",
          "sortering": "45",
          "organ_sortering": "300",
          "uppdrag_rollsortering": "60",
          "uppdrag_statussortering": "90"
        },
        {
          "organ_kod": "RS",
          "roll_kod": "Ledamot",
          "ordningsnummer": "6",
          "status": "",
          "typ": "Riksdagsorgan",
          "from": "2019-02-15",
          "tom": "2019-06-30",
          "uppgift": "Riksdagsstyrelsen",
          "intressent_id": "0316505710324",
          "hangar_id": "3057336",
          "sortering": "30",
          "organ_sortering": "300",
          "uppdrag_rollsortering": "90",
          "uppdrag_statussortering": "90"
        },
        {
          "organ_kod": "UN",
          "roll_kod": "Ledamot",
          "ordningsnummer": "6",
          "status": "",
          "typ": "Riksdagsorgan",
          "from": "2019-02-07",
          "tom": "2022-10-02",
          "uppgift": "Utrikesnämnden",
          "intressent_id": "0316505710324",
          "hangar_id": "3057336",
          "sortering": "30",
          "organ_sortering": "300",
          "uppdrag_rollsortering": "90",
          "uppdrag_statussortering": "90"
        },
        {
          "organ_kod": "FiU",
          "roll_kod": "Suppleant",
          "ordningsnummer": "26",
          "status": "",
          "typ": "uppdrag",
          "from": "2019-02-13",
          "tom": "2022-09-26",
          "uppgift": "Finansutskottet",
          "intressent_id": "0316505710324",
          "hangar_id": "3057336",
          "sortering": "50",
          "organ_sortering": "150",
          "uppdrag_rollsortering": "90",
          "uppdrag_statussortering": "90"
        },
        {
          "organ_kod": "FiU",
          "roll_kod": "Ledamot",
          "ordningsnummer": "16",
          "status": "",
          "typ": "uppdrag",
          "from": "2018-10-02",
          "tom": "2019-02-07",
          "uppgift": "Finansutskottet",
          "intressent_id": "0316505710324",
          "hangar_id": "3057336",
          "sortering": "30",
          "organ_sortering": "150",
          "uppdrag_rollsortering": "90",
          "uppdrag_statussortering": "90"
        },
        {
          "organ_kod": "FiU",
          "roll_kod": "Ledamot",
          "ordningsnummer": "10",
          "status": "",
          "typ": "uppdrag",
          "from": "2014-10-07",
          "tom": "2018-09-24",
          "uppgift": "Finansutskottet",
          "intressent_id": "0316505710324",
          "hangar_id": "3057336",
          "sortering": "30",
          "organ_sortering": "150",
          "uppdrag_rollsortering": "90",
          "uppdrag_statussortering": "90"
        },
        {
          "organ_kod": "FöU",
          "roll_kod": "Suppleant",
          "ordningsnummer": "16",
          "status": "",
          "typ": "uppdrag",
          "from": "2019-02-07",
          "tom": "2022-09-26",
          "uppgift": "Försvarsutskottet",
          "intressent_id": "0316505710324",
          "hangar_id": "3057336",
          "sortering": "50",
          "organ_sortering": "150",
          "uppdrag_rollsortering": "90",
          "uppdrag_statussortering": "90"
        },
        {
          "organ_kod": "FöU",
          "roll_kod": "Suppleant",
          "ordningsnummer": "26",
          "status": "",
          "typ": "uppdrag",
          "from": "2018-12-05",
          "tom": "2019-02-06",
          "uppgift": "Försvarsutskottet",
          "intressent_id": "0316505710324",
          "hangar_id": "3057336",
          "sortering": "50",
          "organ_sortering": "150",
          "uppdrag_rollsortering": "90",
          "uppdrag_statussortering": "90"
        },
        {
          "organ_kod": "FöU",
          "roll_kod": "Suppleant",
          "ordningsnummer": "20",
          "status": "",
          "typ": "uppdrag",
          "from": "2014-10-14",
          "tom": "2018-09-24",
          "uppgift": "Försvarsutskottet",
          "intressent_id": "0316505710324",
          "hangar_id": "3057336",
          "sortering": "50",
          "organ_sortering": "150",
          "uppdrag_rollsortering": "90",
          "uppdrag_statussortering": "90"
        },
        {
          "organ_kod": "SfU",
          "roll_kod": "Suppleant",
          "ordningsnummer": "27",
          "status": "",
          "typ": "uppdrag",
          "from": "2019-02-15",
          "tom": "2020-02-04",
          "uppgift": "Socialförsäkringsutskottet",
          "intressent_id": "0316505710324",
          "hangar_id": "3057336",
          "sortering": "50",
          "organ_sortering": "150",
          "uppdrag_rollsortering": "90",
          "uppdrag_statussortering": "90"
        },
        {
          "organ_kod": "SfU",
          "roll_kod": "Suppleant",
          "ordningsnummer": "26",
          "status": "",
          "typ": "uppdrag",
          "from": "2018-10-16",
          "tom": "2019-02-07",
          "uppgift": "Socialförsäkringsutskottet",
          "intressent_id": "0316505710324",
          "hangar_id": "3057336",
          "sortering": "50",
          "organ_sortering": "150",
          "uppdrag_rollsortering": "90",
          "uppdrag_statussortering": "90"
        },
        {
          "organ_kod": "SkU",
          "roll_kod": "Suppleant",
          "ordningsnummer": "16",
          "status": "",
          "typ": "uppdrag",
          "from": "2018-10-02",
          "tom": "2022-09-26",
          "uppgift": "Skatteutskottet",
          "intressent_id": "0316505710324",
          "hangar_id": "3057336",
          "sortering": "50",
          "organ_sortering": "150",
          "uppdrag_rollsortering": "90",
          "uppdrag_statussortering": "90"
        },
        {
          "organ_kod": "SkU",
          "roll_kod": "Suppleant",
          "ordningsnummer": "10",
          "status": "",
          "typ": "uppdrag",
          "from": "2014-10-07",
          "tom": "2018-09-24",
          "uppgift": "Skatteutskottet",
          "intressent_id": "0316505710324",
          "hangar_id": "3057336",
          "sortering": "50",
          "organ_sortering": "150",
          "uppdrag_rollsortering": "90",
          "uppdrag_statussortering": "90"
        },
        {
          "organ_kod": "UU",
          "roll_kod": "Ledamot",
          "ordningsnummer": "16",
          "status": "",
          "typ": "uppdrag",
          "from": "2019-02-07",
          "tom": "2022-09-26",
          "uppgift": "Utrikesutskottet",
          "intressent_id": "0316505710324",
          "hangar_id": "3057336",
          "sortering": "30",
          "organ_sortering": "150",
          "uppdrag_rollsortering": "90",
          "uppdrag_statussortering": "90"
        },
        {
          "organ_kod": "UU",
          "roll_kod": "Suppleant",
          "ordningsnummer": "16",
          "status": "",
          "typ": "uppdrag",
          "from": "2018-10-02",
          "tom": "2019-02-07",
          "uppgift": "Utrikesutskottet",
          "intressent_id": "0316505710324",
          "hangar_id": "3057336",
          "sortering": "50",
          "organ_sortering": "150",
          "uppdrag_rollsortering": "90",
          "uppdrag_statussortering": "90"
        },
        {
          "organ_kod": "UFöU",
          "roll_kod": "Deputerad",
          "ordningsnummer": "16",
          "status": "",
          "typ": "uppdrag",
          "from": "2019-11-14",
          "tom": "2019-12-17",
          "uppgift": "Sammansatta utrikes- och försvarsutskottet",
          "intressent_id": "0316505710324",
          "hangar_id": "3057336",
          "sortering": "40",
          "organ_sortering": "160",
          "uppdrag_rollsortering": "90",
          "uppdrag_statussortering": "90"
        },
        {
          "organ_kod": "UFöU",
          "roll_kod": "Deputerad",
          "ordningsnummer": "16",
          "status": "",
          "typ": "uppdrag",
          "from": "2019-05-09",
          "tom": "2019-06-12",
          "uppgift": "Sammansatta utrikes- och försvarsutskottet",
          "intressent_id": "0316505710324",
          "hangar_id": "3057336",
          "sortering": "40",
          "organ_sortering": "160",
          "uppdrag_rollsortering": "90",
          "uppdrag_statussortering": "90"
        },
        {
          "organ_kod": "EUN",
          "roll_kod": "Suppleant",
          "ordningsnummer": "57",
          "status": "",
          "typ": "uppdrag",
          "from": "2018-10-09",
          "tom": "2019-06-24",
          "uppgift": "EU-nämnden",
          "intressent_id": "0316505710324",
          "hangar_id": "3057336",
          "sortering": "50",
          "organ_sortering": "170",
          "uppdrag_rollsortering": "90",
          "uppdrag_statussortering": "90"
        },
        {
          "organ_kod": "EUN",
          "roll_kod": "Suppleant",
          "ordningsnummer": "36",
          "status": "",
          "typ": "uppdrag",
          "from": "2016-06-28",
          "tom": "2018-10-02",
          "uppgift": "EU-nämnden",
          "intressent_id": "0316505710324",
          "hangar_id": "3057336",
          "sortering": "50",
          "organ_sortering": "170",
          "uppdrag_rollsortering": "90",
          "uppdrag_statussortering": "90"
        }
      ]
    },
    "personuppgift": {
      "uppgift": [
        {
          "kod": "Officiell e-postadress",
          "uppgift": "janine.alm.ericson[på]riksdagen.se",
          "typ": "eadress",
          "intressent_id": "0316505710324",
          "hangar_id": "3057336"
        },
        {
          "kod": "sv",
          "uppgift": "Företagare.",
          "typ": "titlar",
          "intressent_id": "0316505710324",
          "hangar_id": "3057336"
        },
        {
          "kod": "en",
          "uppgift": "",
          "typ": "titlar",
          "intressent_id": "0316505710324",
          "hangar_id": "3057336"
        },
        {
          "kod": "KandiderarINastaVal",
          "uppgift": "true",
          "typ": "val",
          "intressent_id": "0316505710324",
          "hangar_id": "3057336"
        }
      ]
    }
  }
}