{
  "person": {
    "hangar_guid": "b5d3d7ce-da97-4f63-af48-893a67a61167",
    "sourceid": "66aac279-39af-42a6-b334-381fa461afca",
    "intressent_id": "",
    "hangar_id": "5004716",
    "fodd_ar": "0",
    "kon": "man",
    "efternamn": "Almedal",
    "tilltalsnamn": "Sammy",
    "sorteringsnamn": "Almedal,Sammy",
    "iort": "",
    "parti": "",
    "valkrets": "",
    "status": "Suppleant i Riksbanksfullmäktige",
    "person_url_xml": "http://data.riksdagen.se/person/66aac279-39af-42a6-b334-381fa461afca",
    "bild_url_80": "http://data.riksdagen.se/filarkiv/bilder/ledamot/66aac279-39af-42a6-b334-381fa461afca_80.jpg",
    "bild_url_192": "http://data.riksdagen.se/filarkiv/bilder/ledamot/66aac279-39af-42a6-b334-381fa461afca_192.jpg",
    "bild_url_max": "http://data.riksdagen.se/filarkiv/bilder/ledamot/66aac279-39af-42a6-b334-381fa461afca_max.jpg",
    "personuppdrag": {
      "uppdrag": {
        "organ_kod": "RB",
        "roll_kod": "Suppleant",
        "ordningsnummer": "10",
        "status": "",
        "typ": "Riksdagsorgan",
        "from": "2018-10-09",
        "tom": "2022-10-09",
        "uppgift": "Riksbanksfullmäktige",
        "intressent_id": "",
        "hangar_id": "5004716",
        "sortering": "50",
        "organ_sortering": "300",
        "uppdrag_rollsortering": "90",
        "uppdrag_statussortering": "90"
      }
    },
    "personuppgift": ""
  }
}