{
  "person": {
    "hangar_guid": "ba593fc7-6b92-4b0d-a568-b9a574857ba6",
    "sourceid": "33ace124-43f2-4c1e-b61f-400f2261bdf0",
    "intressent_id": "0239948123229",
    "hangar_id": "2369359",
    "fodd_ar": "1982",
    "kon": "man",
    "efternamn": "Almqvist",
    "tilltalsnamn": "Erik",
    "sorteringsnamn": "Almqvist,Erik",
    "iort": "",
    "parti": "SD",
    "valkrets": "Västra Götalands läns norra",
    "status": "Tidigare riksdagsledamot",
    "person_url_xml": "http://data.riksdagen.se/person/33ace124-43f2-4c1e-b61f-400f2261bdf0",
    "bild_url_80": "http://data.riksdagen.se/filarkiv/bilder/ledamot/33ace124-43f2-4c1e-b61f-400f2261bdf0_80.jpg",
    "bild_url_192": "http://data.riksdagen.se/filarkiv/bilder/ledamot/33ace124-43f2-4c1e-b61f-400f2261bdf0_192.jpg",
    "bild_url_max": "http://data.riksdagen.se/filarkiv/bilder/ledamot/33ace124-43f2-4c1e-b61f-400f2261bdf0_max.jpg",
    "personuppdrag": {
      "uppdrag": [
        {
          "organ_kod": "kam",
          "roll_kod": "Riksdagsledamot",
          "ordningsnummer": "301",
          "status": "Tjänstgörande",
          "typ": "kammaruppdrag",
          "from": "2010-10-04",
          "tom": "2013-02-21",
          "uppgift": "",
          "intressent_id": "0239948123229",
          "hangar_id": "2369359",
          "sortering": "10",
          "organ_sortering": "10",
          "uppdrag_rollsortering": "60",
          "uppdrag_statussortering": "10"
        },
        {
          "organ_kod": "NR",
          "roll_kod": "Ledamot",
          "ordningsnummer": "16",
          "status": "",
          "typ": "Riksdagsorgan",
          "from": "2011-10-12",
          "tom": "2012-06-18",
          "uppgift": "Nordiska rådets svenska delegation",
          "intressent_id": "0239948123229",
          "hangar_id": "2369359",
          "sortering": "30",
          "organ_sortering": "300",
          "uppdrag_rollsortering": "90",
          "uppdrag_statussortering": "90"
        },
        {
          "organ_kod": "NR",
          "roll_kod": "Ledamot",
          "ordningsnummer": "16",
          "status": "",
          "typ": "Riksdagsorgan",
          "from": "2010-10-19",
          "tom": "2011-09-15",
          "uppgift": "Nordiska rådets svenska delegation",
          "intressent_id": "0239948123229",
          "hangar_id": "2369359",
          "sortering": "30",
          "organ_sortering": "300",
          "uppdrag_rollsortering": "90",
          "uppdrag_statussortering": "90"
        },
        {
          "organ_kod": "AU",
          "roll_kod": "Suppleant",
          "ordningsnummer": "16",
          "status": "",
          "typ": "uppdrag",
          "from": "2010-10-12",
          "tom": "2012-12-19",
          "uppgift": "Arbetsmarknadsutskottet",
          "intressent_id": "0239948123229",
          "hangar_id": "2369359",
          "sortering": "50",
          "organ_sortering": "150",
          "uppdrag_rollsortering": "90",
          "uppdrag_statussortering": "90"
        },
        {
          "organ_kod": "FiU",
          "roll_kod": "Ledamot",
          "ordningsnummer": "16",
          "status": "",
          "typ": "uppdrag",
          "from": "2012-01-18",
          "tom": "2012-11-21",
          "uppgift": "Finansutskottet",
          "intressent_id": "0239948123229",
          "hangar_id": "2369359",
          "sortering": "30",
          "organ_sortering": "150",
          "uppdrag_rollsortering": "90",
          "uppdrag_statussortering": "90"
        },
        {
          "organ_kod": "SfU",
          "roll_kod": "Suppleant",
          "ordningsnummer": "22",
          "status": "",
          "typ": "uppdrag",
          "from": "2012-01-25",
          "tom": "2012-11-21",
          "uppgift": "Socialförsäkringsutskottet",
          "intressent_id": "0239948123229",
          "hangar_id": "2369359",
          "sortering": "50",
          "organ_sortering": "150",
          "uppdrag_rollsortering": "90",
          "uppdrag_statussortering": "90"
        },
        {
          "organ_kod": "SfU",
          "roll_kod": "Ledamot",
          "ordningsnummer": "16",
          "status": "",
          "typ": "uppdrag",
          "from": "2010-10-12",
          "tom": "2012-01-17",
          "uppgift": "Socialförsäkringsutskottet",
          "intressent_id": "0239948123229",
          "hangar_id": "2369359",
          "sortering": "30",
          "organ_sortering": "150",
          "uppdrag_rollsortering": "90",
          "uppdrag_statussortering": "90"
        }
      ]
    },
    "personuppgift": {
      "uppgift": [
        {
          "kod": "Officiell e-postadress",
          "uppgift": "erik.almqvist[på]riksdagen.se",
          "typ": "eadress",
          "intressent_id": "0239948123229",
          "hangar_id": "2369359"
        },
        {
          "kod": "Tjänstetelefon",
          "uppgift": "66479",
          "typ": "telefonnummer",
          "intressent_id": "0239948123229",
          "hangar_id": "2369359"
        }
      ]
    }
  }
}