{
  "person": {
    "hangar_guid": "23b1bb01-9d2c-4a24-a558-f1fd53352c0f",
    "sourceid": "ae3e970b-b95d-11d5-af14-0050040caabf",
    "intressent_id": "0390912778804",
    "hangar_id": "2342135",
    "fodd_ar": "1941",
    "kon": "man",
    "efternamn": "Althin",
    "tilltalsnamn": "Peter",
    "sorteringsnamn": "Althin,Peter",
    "iort": "",
    "parti": "KD",
    "valkrets": "Skåne läns södra",
    "status": "Tidigare riksdagsledamot",
    "person_url_xml": "http://data.riksdagen.se/person/ae3e970b-b95d-11d5-af14-0050040caabf",
    "bild_url_80": "http://data.riksdagen.se/filarkiv/bilder/ledamot/ae3e970b-b95d-11d5-af14-0050040caabf_80.jpg",
    "bild_url_192": "http://data.riksdagen.se/filarkiv/bilder/ledamot/ae3e970b-b95d-11d5-af14-0050040caabf_192.jpg",
    "bild_url_max": "http://data.riksdagen.se/filarkiv/bilder/ledamot/ae3e970b-b95d-11d5-af14-0050040caabf_max.jpg",
    "personuppdrag": {
      "uppdrag": [
        {
          "organ_kod": "kam",
          "roll_kod": "Riksdagsledamot",
          "ordningsnummer": "222",
          "status": "Tjänstgörande",
          "typ": "kammaruppdrag",
          "from": "2006-10-02",
          "tom": "2007-11-04",
          "uppgift": "",
          "intressent_id": "0390912778804",
          "hangar_id": "2342135",
          "sortering": "10",
          "organ_sortering": "10",
          "uppdrag_rollsortering": "60",
          "uppdrag_statussortering": "10"
        },
        {
          "organ_kod": "kam",
          "roll_kod": "Riksdagsledamot",
          "ordningsnummer": "174",
          "status": "Tjänstgörande",
          "typ": "kammaruppdrag",
          "from": "2002-09-30",
          "tom": "2006-10-02",
          "uppgift": "",
          "intressent_id": "0390912778804",
          "hangar_id": "2342135",
          "sortering": "10",
          "organ_sortering": "10",
          "uppdrag_rollsortering": "60",
          "uppdrag_statussortering": "10"
        },
        {
          "organ_kod": "JuU",
          "roll_kod": "Ledamot",
          "ordningsnummer": "0",
          "status": "",
          "typ": "uppdrag",
          "from": "2006-10-10",
          "tom": "2007-11-04",
          "uppgift": "Justitieutskottet",
          "intressent_id": "0390912778804",
          "hangar_id": "2342135",
          "sortering": "30",
          "organ_sortering": "150",
          "uppdrag_rollsortering": "90",
          "uppdrag_statussortering": "90"
        },
        {
          "organ_kod": "JuU",
          "roll_kod": "Ledamot",
          "ordningsnummer": "0",
          "status": "",
          "typ": "uppdrag",
          "from": "2004-04-29",
          "tom": "2006-10-02",
          "uppgift": "Justitieutskottet",
          "intressent_id": "0390912778804",
          "hangar_id": "2342135",
          "sortering": "30",
          "organ_sortering": "150",
          "uppdrag_rollsortering": "90",
          "uppdrag_statussortering": "90"
        },
        {
          "organ_kod": "JuU",
          "roll_kod": "Suppleant",
          "ordningsnummer": "0",
          "status": "",
          "typ": "uppdrag",
          "from": "2002-10-08",
          "tom": "2004-04-29",
          "uppgift": "Justitieutskottet",
          "intressent_id": "0390912778804",
          "hangar_id": "2342135",
          "sortering": "50",
          "organ_sortering": "150",
          "uppdrag_rollsortering": "90",
          "uppdrag_statussortering": "90"
        },
        {
          "organ_kod": "KU",
          "roll_kod": "Suppleant",
          "ordningsnummer": "0",
          "status": "",
          "typ": "uppdrag",
          "from": "2006-01-17",
          "tom": "2006-10-02",
          "uppgift": "Konstitutionsutskottet",
          "intressent_id": "0390912778804",
          "hangar_id": "2342135",
          "sortering": "50",
          "organ_sortering": "150",
          "uppdrag_rollsortering": "90",
          "uppdrag_statussortering": "90"
        },
        {
          "organ_kod": "KU",
          "roll_kod": "Suppleant",
          "ordningsnummer": "0",
          "status": "",
          "typ": "uppdrag",
          "from": "2002-10-15",
          "tom": "2003-10-02",
          "uppgift": "Konstitutionsutskottet",
          "intressent_id": "0390912778804",
          "hangar_id": "2342135",
          "sortering": "50",
          "organ_sortering": "150",
          "uppdrag_rollsortering": "90",
          "uppdrag_statussortering": "90"
        },
        {
          "organ_kod": "KU",
          "roll_kod": "Suppleant",
          "ordningsnummer": "0",
          "status": "",
          "typ": "uppdrag",
          "from": "2002-10-17",
          "tom": "2003-10-02",
          "uppgift": "Konstitutionsutskottet",
          "intressent_id": "0390912778804",
          "hangar_id": "2342135",
          "sortering": "50",
          "organ_sortering": "150",
          "uppdrag_rollsortering": "90",
          "uppdrag_statussortering": "90"
        }
      ]
    },
    "personuppgift": {
      "uppgift": [
        {
          "kod": "sv",
          "uppgift": "Advokat",
          "typ": "titlar",
          "intressent_id": "0390912778804",
          "hangar_id": "2342135"
        },
        {
          "kod": "en",
          "uppgift": "Lawyer",
          "typ": "titlar",
          "intressent_id": "0390912778804",
          "hangar_id": "2342135"
        }
      ]
    }
  }
}