{
  "person": {
    "hangar_guid": "df49ded6-6165-46b9-915e-9db89e078589",
    "sourceid": "f0cab414-7a18-48ca-b197-9c1a5523a67e",
    "intressent_id": "0202132308900",
    "hangar_id": "2342210",
    "fodd_ar": "1943",
    "kon": "kvinna",
    "efternamn": "Andersson",
    "tilltalsnamn": "Majvi",
    "sorteringsnamn": "Andersson,Majvi",
    "iort": "",
    "parti": "S",
    "valkrets": "",
    "status": "Tidigare ersättare",
    "person_url_xml": "http://data.riksdagen.se/person/f0cab414-7a18-48ca-b197-9c1a5523a67e",
    "bild_url_80": "http://data.riksdagen.se/filarkiv/bilder/ledamot/f0cab414-7a18-48ca-b197-9c1a5523a67e_80.jpg",
    "bild_url_192": "http://data.riksdagen.se/filarkiv/bilder/ledamot/f0cab414-7a18-48ca-b197-9c1a5523a67e_192.jpg",
    "bild_url_max": "http://data.riksdagen.se/filarkiv/bilder/ledamot/f0cab414-7a18-48ca-b197-9c1a5523a67e_max.jpg",
    "personuppdrag": {
      "uppdrag": [
        {
          "organ_kod": "kam",
          "roll_kod": "Ersättare",
          "ordningsnummer": "26",
          "status": "Ersättare",
          "typ": "kammaruppdrag",
          "from": "1997-01-21",
          "tom": "1997-05-30",
          "uppgift": "Nalin Pekgul",
          "intressent_id": "0202132308900",
          "hangar_id": "2342210",
          "sortering": "45",
          "organ_sortering": "10",
          "uppdrag_rollsortering": "60",
          "uppdrag_statussortering": "20"
        },
        {
          "organ_kod": "JuU",
          "roll_kod": "Suppleant",
          "ordningsnummer": "0",
          "status": "",
          "typ": "uppdrag",
          "from": "1997-01-22",
          "tom": "1997-05-30",
          "uppgift": "Justitieutskottet",
          "intressent_id": "0202132308900",
          "hangar_id": "2342210",
          "sortering": "50",
          "organ_sortering": "150",
          "uppdrag_rollsortering": "90",
          "uppdrag_statussortering": "90"
        },
        {
          "organ_kod": "UbU",
          "roll_kod": "Suppleant",
          "ordningsnummer": "0",
          "status": "",
          "typ": "uppdrag",
          "from": "1997-01-22",
          "tom": "1997-05-30",
          "uppgift": "Utbildningsutskottet",
          "intressent_id": "0202132308900",
          "hangar_id": "2342210",
          "sortering": "50",
          "organ_sortering": "150",
          "uppdrag_rollsortering": "90",
          "uppdrag_statussortering": "90"
        }
      ]
    },
    "personuppgift": {
      "uppgift": [
        {
          "kod": "sv",
          "uppgift": "ombudsman",
          "typ": "titlar",
          "intressent_id": "0202132308900",
          "hangar_id": "2342210"
        },
        {
          "kod": "en",
          "uppgift": "",
          "typ": "titlar",
          "intressent_id": "0202132308900",
          "hangar_id": "2342210"
        }
      ]
    }
  }
}