{
  "person": {
    "hangar_guid": "2dbb6427-7fde-4876-94e1-d6f83f1e03a7",
    "sourceid": "08dc875b-e868-4157-8364-97acda96ab80",
    "intressent_id": "0262455192724",
    "hangar_id": "2343559",
    "fodd_ar": "1973",
    "kon": "man",
    "efternamn": "Andersson",
    "tilltalsnamn": "Max",
    "sorteringsnamn": "Andersson,Max",
    "iort": "",
    "parti": "MP",
    "valkrets": "Göteborgs kommun",
    "status": "Tidigare riksdagsledamot",
    "person_url_xml": "http://data.riksdagen.se/person/08dc875b-e868-4157-8364-97acda96ab80",
    "bild_url_80": "http://data.riksdagen.se/filarkiv/bilder/ledamot/08dc875b-e868-4157-8364-97acda96ab80_80.jpg",
    "bild_url_192": "http://data.riksdagen.se/filarkiv/bilder/ledamot/08dc875b-e868-4157-8364-97acda96ab80_192.jpg",
    "bild_url_max": "http://data.riksdagen.se/filarkiv/bilder/ledamot/08dc875b-e868-4157-8364-97acda96ab80_max.jpg",
    "personuppdrag": {
      "uppdrag": [
        {
          "organ_kod": "EP",
          "roll_kod": "Ledamot",
          "ordningsnummer": "17",
          "status": "",
          "typ": "Europaparlamentet",
          "from": "2014-07-01",
          "tom": "2019-07-02",
          "uppgift": "Europaparlamentet",
          "intressent_id": "0262455192724",
          "hangar_id": "2343559",
          "sortering": "30",
          "organ_sortering": "100",
          "uppdrag_rollsortering": "90",
          "uppdrag_statussortering": "90"
        },
        {
          "organ_kod": "kam",
          "roll_kod": "Riksdagsledamot",
          "ordningsnummer": "332",
          "status": "Tjänstgörande",
          "typ": "kammaruppdrag",
          "from": "2006-10-02",
          "tom": "2010-10-04",
          "uppgift": "",
          "intressent_id": "0262455192724",
          "hangar_id": "2343559",
          "sortering": "10",
          "organ_sortering": "10",
          "uppdrag_rollsortering": "60",
          "uppdrag_statussortering": "10"
        },
        {
          "organ_kod": "JuU",
          "roll_kod": "Suppleant",
          "ordningsnummer": "17",
          "status": "",
          "typ": "uppdrag",
          "from": "2006-10-10",
          "tom": "2010-10-04",
          "uppgift": "Justitieutskottet",
          "intressent_id": "0262455192724",
          "hangar_id": "2343559",
          "sortering": "50",
          "organ_sortering": "150",
          "uppdrag_rollsortering": "90",
          "uppdrag_statussortering": "90"
        },
        {
          "organ_kod": "KU",
          "roll_kod": "Suppleant",
          "ordningsnummer": "21",
          "status": "",
          "typ": "uppdrag",
          "from": "2006-10-24",
          "tom": "2010-10-04",
          "uppgift": "Konstitutionsutskottet",
          "intressent_id": "0262455192724",
          "hangar_id": "2343559",
          "sortering": "50",
          "organ_sortering": "150",
          "uppdrag_rollsortering": "90",
          "uppdrag_statussortering": "90"
        },
        {
          "organ_kod": "UbU",
          "roll_kod": "Suppleant",
          "ordningsnummer": "0",
          "status": "",
          "typ": "uppdrag",
          "from": "2006-10-24",
          "tom": "2007-12-13",
          "uppgift": "Utbildningsutskottet",
          "intressent_id": "0262455192724",
          "hangar_id": "2343559",
          "sortering": "50",
          "organ_sortering": "150",
          "uppdrag_rollsortering": "90",
          "uppdrag_statussortering": "90"
        },
        {
          "organ_kod": "UU",
          "roll_kod": "Suppleant",
          "ordningsnummer": "17",
          "status": "",
          "typ": "uppdrag",
          "from": "2007-12-20",
          "tom": "2010-10-04",
          "uppgift": "Utrikesutskottet",
          "intressent_id": "0262455192724",
          "hangar_id": "2343559",
          "sortering": "50",
          "organ_sortering": "150",
          "uppdrag_rollsortering": "90",
          "uppdrag_statussortering": "90"
        },
        {
          "organ_kod": "KUU",
          "roll_kod": "Deputerad",
          "ordningsnummer": "0",
          "status": "",
          "typ": "uppdrag",
          "from": "2007-03-27",
          "tom": "2009-05-06",
          "uppgift": "Sammansatta konstitutions- och utrikesutskottet",
          "intressent_id": "0262455192724",
          "hangar_id": "2343559",
          "sortering": "40",
          "organ_sortering": "160",
          "uppdrag_rollsortering": "90",
          "uppdrag_statussortering": "90"
        },
        {
          "organ_kod": "UFöU",
          "roll_kod": "Suppleant",
          "ordningsnummer": "17",
          "status": "",
          "typ": "uppdrag",
          "from": "2010-02-04",
          "tom": "2010-03-03",
          "uppgift": "Sammansatta utrikes- och försvarsutskottet",
          "intressent_id": "0262455192724",
          "hangar_id": "2343559",
          "sortering": "50",
          "organ_sortering": "160",
          "uppdrag_rollsortering": "90",
          "uppdrag_statussortering": "90"
        },
        {
          "organ_kod": "UFöU",
          "roll_kod": "Suppleant",
          "ordningsnummer": "15",
          "status": "",
          "typ": "uppdrag",
          "from": "2009-11-12",
          "tom": "2009-12-09",
          "uppgift": "Sammansatta utrikes- och försvarsutskottet",
          "intressent_id": "0262455192724",
          "hangar_id": "2343559",
          "sortering": "50",
          "organ_sortering": "160",
          "uppdrag_rollsortering": "90",
          "uppdrag_statussortering": "90"
        },
        {
          "organ_kod": "UFöU",
          "roll_kod": "Suppleant",
          "ordningsnummer": "0",
          "status": "",
          "typ": "uppdrag",
          "from": "2009-02-12",
          "tom": "2009-03-12",
          "uppgift": "Sammansatta utrikes- och försvarsutskottet",
          "intressent_id": "0262455192724",
          "hangar_id": "2343559",
          "sortering": "50",
          "organ_sortering": "160",
          "uppdrag_rollsortering": "90",
          "uppdrag_statussortering": "90"
        },
        {
          "organ_kod": "UFöU",
          "roll_kod": "Suppleant",
          "ordningsnummer": "0",
          "status": "",
          "typ": "uppdrag",
          "from": "2008-11-20",
          "tom": "2008-12-19",
          "uppgift": "Sammansatta utrikes- och försvarsutskottet",
          "intressent_id": "0262455192724",
          "hangar_id": "2343559",
          "sortering": "50",
          "organ_sortering": "160",
          "uppdrag_rollsortering": "90",
          "uppdrag_statussortering": "90"
        },
        {
          "organ_kod": "EUN",
          "roll_kod": "Suppleant",
          "ordningsnummer": "37",
          "status": "",
          "typ": "uppdrag",
          "from": "2006-12-21",
          "tom": "2010-10-04",
          "uppgift": "EU-nämnden",
          "intressent_id": "0262455192724",
          "hangar_id": "2343559",
          "sortering": "50",
          "organ_sortering": "170",
          "uppdrag_rollsortering": "90",
          "uppdrag_statussortering": "90"
        }
      ]
    },
    "personuppgift": {
      "uppgift": {
        "kod": "KandiderarINastaVal",
        "uppgift": "true",
        "typ": "val",
        "intressent_id": "0262455192724",
        "hangar_id": "2343559"
      }
    }
  }
}