{
  "person": {
    "hangar_guid": "5382995c-0134-4236-a5c7-af4861e39dd6",
    "sourceid": "7d4ff14e-1617-4533-9a2f-6b31f6633267",
    "intressent_id": "0275884973900",
    "hangar_id": "2342496",
    "fodd_ar": "1948",
    "kon": "kvinna",
    "efternamn": "Andersson",
    "tilltalsnamn": "Monica",
    "sorteringsnamn": "Andersson,Monica",
    "iort": "",
    "parti": "S",
    "valkrets": "",
    "status": "Tidigare riksdagsledamot",
    "person_url_xml": "http://data.riksdagen.se/person/7d4ff14e-1617-4533-9a2f-6b31f6633267",
    "bild_url_80": "http://data.riksdagen.se/filarkiv/bilder/ledamot/7d4ff14e-1617-4533-9a2f-6b31f6633267_80.jpg",
    "bild_url_192": "http://data.riksdagen.se/filarkiv/bilder/ledamot/7d4ff14e-1617-4533-9a2f-6b31f6633267_192.jpg",
    "bild_url_max": "http://data.riksdagen.se/filarkiv/bilder/ledamot/7d4ff14e-1617-4533-9a2f-6b31f6633267_max.jpg",
    "personuppdrag": {
      "uppdrag": [
        {
          "organ_kod": "kam",
          "roll_kod": "Riksdagsledamot",
          "ordningsnummer": "0",
          "status": "Ledig",
          "typ": "kammaruppdrag",
          "from": "1986-11-05",
          "tom": "1988-10-03",
          "uppgift": "Sven-Åke Nygårds 1986-11-05 - 1987-10-05, Sylvia Lindgren 1987-10-06 - 1988-10-02",
          "intressent_id": "0275884973900",
          "hangar_id": "2342496",
          "sortering": "10",
          "organ_sortering": "10",
          "uppdrag_rollsortering": "60",
          "uppdrag_statussortering": "30"
        },
        {
          "organ_kod": "kam",
          "roll_kod": "Riksdagsledamot",
          "ordningsnummer": "0",
          "status": "Tjänstgörande",
          "typ": "kammaruppdrag",
          "from": "1985-09-30",
          "tom": "1986-11-04",
          "uppgift": "",
          "intressent_id": "0275884973900",
          "hangar_id": "2342496",
          "sortering": "10",
          "organ_sortering": "10",
          "uppdrag_rollsortering": "60",
          "uppdrag_statussortering": "10"
        },
        {
          "organ_kod": "kam",
          "roll_kod": "Riksdagsledamot",
          "ordningsnummer": "0",
          "status": "Tjänstgörande",
          "typ": "kammaruppdrag",
          "from": "1983-01-11",
          "tom": "1985-09-30",
          "uppgift": "",
          "intressent_id": "0275884973900",
          "hangar_id": "2342496",
          "sortering": "10",
          "organ_sortering": "10",
          "uppdrag_rollsortering": "60",
          "uppdrag_statussortering": "10"
        }
      ]
    },
    "personuppgift": {
      "uppgift": [
        {
          "kod": "sv",
          "uppgift": "socionom, statssekreterare",
          "typ": "titlar",
          "intressent_id": "0275884973900",
          "hangar_id": "2342496"
        },
        {
          "kod": "en",
          "uppgift": "",
          "typ": "titlar",
          "intressent_id": "0275884973900",
          "hangar_id": "2342496"
        }
      ]
    }
  }
}