{
  "person": {
    "hangar_guid": "ac73c469-6447-46c9-9786-2aaba78d7870",
    "sourceid": "ecbe80be-fc66-48ce-81fd-14d6fa38aa4c",
    "intressent_id": "0529103571012",
    "hangar_id": "2343468",
    "fodd_ar": "1970",
    "kon": "man",
    "efternamn": "Andersson",
    "tilltalsnamn": "Jan R",
    "sorteringsnamn": "Andersson,Jan R",
    "iort": "",
    "parti": "M",
    "valkrets": "Kalmar län",
    "status": "Tjänstgörande riksdagsledamot",
    "person_url_xml": "http://data.riksdagen.se/person/ecbe80be-fc66-48ce-81fd-14d6fa38aa4c",
    "bild_url_80": "http://data.riksdagen.se/filarkiv/bilder/ledamot/ecbe80be-fc66-48ce-81fd-14d6fa38aa4c_80.jpg",
    "bild_url_192": "http://data.riksdagen.se/filarkiv/bilder/ledamot/ecbe80be-fc66-48ce-81fd-14d6fa38aa4c_192.jpg",
    "bild_url_max": "http://data.riksdagen.se/filarkiv/bilder/ledamot/ecbe80be-fc66-48ce-81fd-14d6fa38aa4c_max.jpg",
    "personuppdrag": {
      "uppdrag": [
        {
          "organ_kod": "kam",
          "roll_kod": "Riksdagsledamot",
          "ordningsnummer": "12",
          "status": "Tjänstgörande",
          "typ": "kammaruppdrag",
          "from": "2018-09-24",
          "tom": "2022-09-26",
          "uppgift": "",
          "intressent_id": "0529103571012",
          "hangar_id": "2343468",
          "sortering": "10",
          "organ_sortering": "10",
          "uppdrag_rollsortering": "60",
          "uppdrag_statussortering": "10"
        },
        {
          "organ_kod": "kam",
          "roll_kod": "Riksdagsledamot",
          "ordningsnummer": "91",
          "status": "Tjänstgörande",
          "typ": "kammaruppdrag",
          "from": "2014-09-29",
          "tom": "2018-09-24",
          "uppgift": "",
          "intressent_id": "0529103571012",
          "hangar_id": "2343468",
          "sortering": "10",
          "organ_sortering": "10",
          "uppdrag_rollsortering": "60",
          "uppdrag_statussortering": "10"
        },
        {
          "organ_kod": "kam",
          "roll_kod": "Riksdagsledamot",
          "ordningsnummer": "219",
          "status": "Tjänstgörande",
          "typ": "kammaruppdrag",
          "from": "2010-10-04",
          "tom": "2014-09-29",
          "uppgift": "",
          "intressent_id": "0529103571012",
          "hangar_id": "2343468",
          "sortering": "10",
          "organ_sortering": "10",
          "uppdrag_rollsortering": "60",
          "uppdrag_statussortering": "10"
        },
        {
          "organ_kod": "kam",
          "roll_kod": "Riksdagsledamot",
          "ordningsnummer": "150",
          "status": "Tjänstgörande",
          "typ": "kammaruppdrag",
          "from": "2006-10-02",
          "tom": "2010-10-04",
          "uppgift": "",
          "intressent_id": "0529103571012",
          "hangar_id": "2343468",
          "sortering": "10",
          "organ_sortering": "10",
          "uppdrag_rollsortering": "60",
          "uppdrag_statussortering": "10"
        },
        {
          "organ_kod": "OSSE",
          "roll_kod": "Suppleant",
          "ordningsnummer": "4",
          "status": "",
          "typ": "Riksdagsorgan",
          "from": "2014-10-14",
          "tom": "2018-10-09",
          "uppgift": "OSSE-delegationen",
          "intressent_id": "0529103571012",
          "hangar_id": "2343468",
          "sortering": "50",
          "organ_sortering": "300",
          "uppdrag_rollsortering": "90",
          "uppdrag_statussortering": "90"
        },
        {
          "organ_kod": "CU",
          "roll_kod": "Suppleant",
          "ordningsnummer": "13",
          "status": "",
          "typ": "uppdrag",
          "from": "2006-10-10",
          "tom": "2010-10-04",
          "uppgift": "Civilutskottet",
          "intressent_id": "0529103571012",
          "hangar_id": "2343468",
          "sortering": "50",
          "organ_sortering": "150",
          "uppdrag_rollsortering": "90",
          "uppdrag_statussortering": "90"
        },
        {
          "organ_kod": "FöU",
          "roll_kod": "Ledamot",
          "ordningsnummer": "4",
          "status": "",
          "typ": "uppdrag",
          "from": "2018-10-02",
          "tom": "2022-09-26",
          "uppgift": "Försvarsutskottet",
          "intressent_id": "0529103571012",
          "hangar_id": "2343468",
          "sortering": "30",
          "organ_sortering": "150",
          "uppdrag_rollsortering": "90",
          "uppdrag_statussortering": "90"
        },
        {
          "organ_kod": "FöU",
          "roll_kod": "Ledamot",
          "ordningsnummer": "7",
          "status": "",
          "typ": "uppdrag",
          "from": "2015-01-29",
          "tom": "2018-09-24",
          "uppgift": "Försvarsutskottet",
          "intressent_id": "0529103571012",
          "hangar_id": "2343468",
          "sortering": "30",
          "organ_sortering": "150",
          "uppdrag_rollsortering": "90",
          "uppdrag_statussortering": "90"
        },
        {
          "organ_kod": "FöU",
          "roll_kod": "Ledamot",
          "ordningsnummer": "11",
          "status": "",
          "typ": "uppdrag",
          "from": "2014-10-07",
          "tom": "2015-01-28",
          "uppgift": "Försvarsutskottet",
          "intressent_id": "0529103571012",
          "hangar_id": "2343468",
          "sortering": "30",
          "organ_sortering": "150",
          "uppdrag_rollsortering": "90",
          "uppdrag_statussortering": "90"
        },
        {
          "organ_kod": "JuU",
          "roll_kod": "Ledamot",
          "ordningsnummer": "7",
          "status": "",
          "typ": "uppdrag",
          "from": "2011-11-23",
          "tom": "2014-09-29",
          "uppgift": "Justitieutskottet",
          "intressent_id": "0529103571012",
          "hangar_id": "2343468",
          "sortering": "30",
          "organ_sortering": "150",
          "uppdrag_rollsortering": "90",
          "uppdrag_statussortering": "90"
        },
        {
          "organ_kod": "SoU",
          "roll_kod": "Ledamot",
          "ordningsnummer": "3",
          "status": "",
          "typ": "uppdrag",
          "from": "2010-10-12",
          "tom": "2011-11-22",
          "uppgift": "Socialutskottet",
          "intressent_id": "0529103571012",
          "hangar_id": "2343468",
          "sortering": "30",
          "organ_sortering": "150",
          "uppdrag_rollsortering": "90",
          "uppdrag_statussortering": "90"
        },
        {
          "organ_kod": "SoU",
          "roll_kod": "Ledamot",
          "ordningsnummer": "10",
          "status": "",
          "typ": "uppdrag",
          "from": "2006-10-10",
          "tom": "2010-10-04",
          "uppgift": "Socialutskottet",
          "intressent_id": "0529103571012",
          "hangar_id": "2343468",
          "sortering": "30",
          "organ_sortering": "150",
          "uppdrag_rollsortering": "90",
          "uppdrag_statussortering": "90"
        },
        {
          "organ_kod": "JuSoU",
          "roll_kod": "Deputerad",
          "ordningsnummer": "0",
          "status": "",
          "typ": "uppdrag",
          "from": "2008-01-29",
          "tom": "2008-05-07",
          "uppgift": "Sammansatta justitie- och socialutskottet",
          "intressent_id": "0529103571012",
          "hangar_id": "2343468",
          "sortering": "40",
          "organ_sortering": "160",
          "uppdrag_rollsortering": "90",
          "uppdrag_statussortering": "90"
        },
        {
          "organ_kod": "UFöU",
          "roll_kod": "Deputerad",
          "ordningsnummer": "9",
          "status": "",
          "typ": "uppdrag",
          "from": "2019-11-14",
          "tom": "2019-12-17",
          "uppgift": "Sammansatta utrikes- och försvarsutskottet",
          "intressent_id": "0529103571012",
          "hangar_id": "2343468",
          "sortering": "40",
          "organ_sortering": "160",
          "uppdrag_rollsortering": "90",
          "uppdrag_statussortering": "90"
        },
        {
          "organ_kod": "UFöU",
          "roll_kod": "Deputerad",
          "ordningsnummer": "9",
          "status": "",
          "typ": "uppdrag",
          "from": "2019-05-09",
          "tom": "2019-06-12",
          "uppgift": "Sammansatta utrikes- och försvarsutskottet",
          "intressent_id": "0529103571012",
          "hangar_id": "2343468",
          "sortering": "40",
          "organ_sortering": "160",
          "uppdrag_rollsortering": "90",
          "uppdrag_statussortering": "90"
        },
        {
          "organ_kod": "UFöU",
          "roll_kod": "Deputerad",
          "ordningsnummer": "9",
          "status": "",
          "typ": "uppdrag",
          "from": "2018-11-15",
          "tom": "2018-12-05",
          "uppgift": "Sammansatta utrikes- och försvarsutskottet",
          "intressent_id": "0529103571012",
          "hangar_id": "2343468",
          "sortering": "40",
          "organ_sortering": "160",
          "uppdrag_rollsortering": "90",
          "uppdrag_statussortering": "90"
        },
        {
          "organ_kod": "UFöU",
          "roll_kod": "Suppleant",
          "ordningsnummer": "2",
          "status": "",
          "typ": "uppdrag",
          "from": "2018-05-15",
          "tom": "2018-06-14",
          "uppgift": "Sammansatta utrikes- och försvarsutskottet",
          "intressent_id": "0529103571012",
          "hangar_id": "2343468",
          "sortering": "50",
          "organ_sortering": "160",
          "uppdrag_rollsortering": "90",
          "uppdrag_statussortering": "90"
        },
        {
          "organ_kod": "UFöU",
          "roll_kod": "Suppleant",
          "ordningsnummer": "2",
          "status": "",
          "typ": "uppdrag",
          "from": "2017-11-14",
          "tom": "2017-12-15",
          "uppgift": "Sammansatta utrikes- och försvarsutskottet",
          "intressent_id": "0529103571012",
          "hangar_id": "2343468",
          "sortering": "50",
          "organ_sortering": "160",
          "uppdrag_rollsortering": "90",
          "uppdrag_statussortering": "90"
        },
        {
          "organ_kod": "UFöU",
          "roll_kod": "Suppleant",
          "ordningsnummer": "2",
          "status": "",
          "typ": "uppdrag",
          "from": "2017-05-02",
          "tom": "2017-06-14",
          "uppgift": "Sammansatta utrikes- och försvarsutskottet",
          "intressent_id": "0529103571012",
          "hangar_id": "2343468",
          "sortering": "50",
          "organ_sortering": "160",
          "uppdrag_rollsortering": "90",
          "uppdrag_statussortering": "90"
        },
        {
          "organ_kod": "UFöU",
          "roll_kod": "Suppleant",
          "ordningsnummer": "2",
          "status": "",
          "typ": "uppdrag",
          "from": "2016-11-15",
          "tom": "2016-12-14",
          "uppgift": "Sammansatta utrikes- och försvarsutskottet",
          "intressent_id": "0529103571012",
          "hangar_id": "2343468",
          "sortering": "50",
          "organ_sortering": "160",
          "uppdrag_rollsortering": "90",
          "uppdrag_statussortering": "90"
        },
        {
          "organ_kod": "UFöU",
          "roll_kod": "Suppleant",
          "ordningsnummer": "2",
          "status": "",
          "typ": "uppdrag",
          "from": "2016-04-12",
          "tom": "2016-05-25",
          "uppgift": "Sammansatta utrikes- och försvarsutskottet",
          "intressent_id": "0529103571012",
          "hangar_id": "2343468",
          "sortering": "50",
          "organ_sortering": "160",
          "uppdrag_rollsortering": "90",
          "uppdrag_statussortering": "90"
        },
        {
          "organ_kod": "UFöU",
          "roll_kod": "Suppleant",
          "ordningsnummer": "2",
          "status": "",
          "typ": "uppdrag",
          "from": "2015-11-17",
          "tom": "2015-12-16",
          "uppgift": "Sammansatta utrikes- och försvarsutskottet",
          "intressent_id": "0529103571012",
          "hangar_id": "2343468",
          "sortering": "50",
          "organ_sortering": "160",
          "uppdrag_rollsortering": "90",
          "uppdrag_statussortering": "90"
        },
        {
          "organ_kod": "UFöU",
          "roll_kod": "Suppleant",
          "ordningsnummer": "2",
          "status": "",
          "typ": "uppdrag",
          "from": "2015-04-14",
          "tom": "2015-06-16",
          "uppgift": "Sammansatta utrikes- och försvarsutskottet",
          "intressent_id": "0529103571012",
          "hangar_id": "2343468",
          "sortering": "50",
          "organ_sortering": "160",
          "uppdrag_rollsortering": "90",
          "uppdrag_statussortering": "90"
        },
        {
          "organ_kod": "UFöU",
          "roll_kod": "Suppleant",
          "ordningsnummer": "7",
          "status": "",
          "typ": "uppdrag",
          "from": "2014-11-20",
          "tom": "2014-12-17",
          "uppgift": "Sammansatta utrikes- och försvarsutskottet",
          "intressent_id": "0529103571012",
          "hangar_id": "2343468",
          "sortering": "50",
          "organ_sortering": "160",
          "uppdrag_rollsortering": "90",
          "uppdrag_statussortering": "90"
        },
        {
          "organ_kod": "EUN",
          "roll_kod": "Suppleant",
          "ordningsnummer": "31",
          "status": "",
          "typ": "uppdrag",
          "from": "2019-02-14",
          "tom": "2022-10-04",
          "uppgift": "EU-nämnden",
          "intressent_id": "0529103571012",
          "hangar_id": "2343468",
          "sortering": "50",
          "organ_sortering": "170",
          "uppdrag_rollsortering": "90",
          "uppdrag_statussortering": "90"
        },
        {
          "organ_kod": "EUN",
          "roll_kod": "Suppleant",
          "ordningsnummer": "30",
          "status": "",
          "typ": "uppdrag",
          "from": "2018-10-09",
          "tom": "2019-02-13",
          "uppgift": "EU-nämnden",
          "intressent_id": "0529103571012",
          "hangar_id": "2343468",
          "sortering": "50",
          "organ_sortering": "170",
          "uppdrag_rollsortering": "90",
          "uppdrag_statussortering": "90"
        },
        {
          "organ_kod": "EUN",
          "roll_kod": "Suppleant",
          "ordningsnummer": "34",
          "status": "",
          "typ": "uppdrag",
          "from": "2007-06-04",
          "tom": "2010-10-12",
          "uppgift": "EU-nämnden",
          "intressent_id": "0529103571012",
          "hangar_id": "2343468",
          "sortering": "50",
          "organ_sortering": "170",
          "uppdrag_rollsortering": "90",
          "uppdrag_statussortering": "90"
        }
      ]
    },
    "personuppgift": {
      "uppgift": [
        {
          "kod": "Webbsida",
          "uppgift": "http://moderaterna.se/norrbotten/jan-r-andersson",
          "typ": "eadress",
          "intressent_id": "0529103571012",
          "hangar_id": "2343468"
        },
        {
          "kod": "Officiell e-postadress",
          "uppgift": "jan.r.andersson[på]riksdagen.se",
          "typ": "eadress",
          "intressent_id": "0529103571012",
          "hangar_id": "2343468"
        },
        {
          "kod": "Tjänstetelefon",
          "uppgift": "65006",
          "typ": "telefonnummer",
          "intressent_id": "0529103571012",
          "hangar_id": "2343468"
        },
        {
          "kod": "sv",
          "uppgift": "Politisk sekreterare.",
          "typ": "titlar",
          "intressent_id": "0529103571012",
          "hangar_id": "2343468"
        },
        {
          "kod": "en",
          "uppgift": "",
          "typ": "titlar",
          "intressent_id": "0529103571012",
          "hangar_id": "2343468"
        },
        {
          "kod": "KandiderarINastaVal",
          "uppgift": "true",
          "typ": "val",
          "intressent_id": "0529103571012",
          "hangar_id": "2343468"
        }
      ]
    }
  }
}