{
  "person": {
    "hangar_guid": "4e8a138b-d4e6-4899-a560-56b5c61e2046",
    "sourceid": "d7c325ba-83e4-11d4-ae60-0050040c9b55",
    "intressent_id": "0223175563813",
    "hangar_id": "2342673",
    "fodd_ar": "1951",
    "kon": "kvinna",
    "efternamn": "Andersson",
    "tilltalsnamn": "Yvonne",
    "sorteringsnamn": "Andersson,Yvonne",
    "iort": "",
    "parti": "KD",
    "valkrets": "Östergötlands län",
    "status": "Tidigare riksdagsledamot",
    "person_url_xml": "http://data.riksdagen.se/person/d7c325ba-83e4-11d4-ae60-0050040c9b55",
    "bild_url_80": "http://data.riksdagen.se/filarkiv/bilder/ledamot/d7c325ba-83e4-11d4-ae60-0050040c9b55_80.jpg",
    "bild_url_192": "http://data.riksdagen.se/filarkiv/bilder/ledamot/d7c325ba-83e4-11d4-ae60-0050040c9b55_192.jpg",
    "bild_url_max": "http://data.riksdagen.se/filarkiv/bilder/ledamot/d7c325ba-83e4-11d4-ae60-0050040c9b55_max.jpg",
    "personuppdrag": {
      "uppdrag": [
        {
          "organ_kod": "kam",
          "roll_kod": "Riksdagsledamot",
          "ordningsnummer": "8",
          "status": "Tjänstgörande",
          "typ": "kammaruppdrag",
          "from": "2010-10-04",
          "tom": "2014-09-29",
          "uppgift": "",
          "intressent_id": "0223175563813",
          "hangar_id": "2342673",
          "sortering": "10",
          "organ_sortering": "10",
          "uppdrag_rollsortering": "60",
          "uppdrag_statussortering": "10"
        },
        {
          "organ_kod": "kam",
          "roll_kod": "Riksdagsledamot",
          "ordningsnummer": "11",
          "status": "Tjänstgörande",
          "typ": "kammaruppdrag",
          "from": "2006-10-02",
          "tom": "2010-10-04",
          "uppgift": "",
          "intressent_id": "0223175563813",
          "hangar_id": "2342673",
          "sortering": "10",
          "organ_sortering": "10",
          "uppdrag_rollsortering": "60",
          "uppdrag_statussortering": "10"
        },
        {
          "organ_kod": "kam",
          "roll_kod": "Riksdagsledamot",
          "ordningsnummer": "98",
          "status": "Tjänstgörande",
          "typ": "kammaruppdrag",
          "from": "2002-09-30",
          "tom": "2006-10-02",
          "uppgift": "",
          "intressent_id": "0223175563813",
          "hangar_id": "2342673",
          "sortering": "10",
          "organ_sortering": "10",
          "uppdrag_rollsortering": "60",
          "uppdrag_statussortering": "10"
        },
        {
          "organ_kod": "kam",
          "roll_kod": "Riksdagsledamot",
          "ordningsnummer": "103",
          "status": "Tjänstgörande",
          "typ": "kammaruppdrag",
          "from": "1998-10-05",
          "tom": "2002-09-30",
          "uppgift": "",
          "intressent_id": "0223175563813",
          "hangar_id": "2342673",
          "sortering": "10",
          "organ_sortering": "10",
          "uppdrag_rollsortering": "60",
          "uppdrag_statussortering": "10"
        },
        {
          "organ_kod": "KD",
          "roll_kod": "Kvittningsman",
          "ordningsnummer": "0",
          "status": "",
          "typ": "partiuppdrag",
          "from": "2010-10-04",
          "tom": "2014-09-29",
          "uppgift": "Kristdemokraterna",
          "intressent_id": "0223175563813",
          "hangar_id": "2342673",
          "sortering": "",
          "organ_sortering": "300",
          "uppdrag_rollsortering": "90",
          "uppdrag_statussortering": "90"
        },
        {
          "organ_kod": "LR",
          "roll_kod": "Suppleant",
          "ordningsnummer": "8",
          "status": "",
          "typ": "Riksdagsorgan",
          "from": "2012-05-09",
          "tom": "2014-09-29",
          "uppgift": "Ledamotsrådet",
          "intressent_id": "0223175563813",
          "hangar_id": "2342673",
          "sortering": "50",
          "organ_sortering": "300",
          "uppdrag_rollsortering": "90",
          "uppdrag_statussortering": "90"
        },
        {
          "organ_kod": "CU",
          "roll_kod": "Suppleant",
          "ordningsnummer": "15",
          "status": "",
          "typ": "uppdrag",
          "from": "2010-10-12",
          "tom": "2014-09-29",
          "uppgift": "Civilutskottet",
          "intressent_id": "0223175563813",
          "hangar_id": "2342673",
          "sortering": "50",
          "organ_sortering": "150",
          "uppdrag_rollsortering": "90",
          "uppdrag_statussortering": "90"
        },
        {
          "organ_kod": "CU",
          "roll_kod": "Ledamot",
          "ordningsnummer": "12",
          "status": "",
          "typ": "uppdrag",
          "from": "2006-10-10",
          "tom": "2010-10-04",
          "uppgift": "Civilutskottet",
          "intressent_id": "0223175563813",
          "hangar_id": "2342673",
          "sortering": "30",
          "organ_sortering": "150",
          "uppdrag_rollsortering": "90",
          "uppdrag_statussortering": "90"
        },
        {
          "organ_kod": "JuU",
          "roll_kod": "Suppleant",
          "ordningsnummer": "16",
          "status": "",
          "typ": "uppdrag",
          "from": "2009-11-19",
          "tom": "2010-10-04",
          "uppgift": "Justitieutskottet",
          "intressent_id": "0223175563813",
          "hangar_id": "2342673",
          "sortering": "50",
          "organ_sortering": "150",
          "uppdrag_rollsortering": "90",
          "uppdrag_statussortering": "90"
        },
        {
          "organ_kod": "SoU",
          "roll_kod": "Suppleant",
          "ordningsnummer": "28",
          "status": "",
          "typ": "uppdrag",
          "from": "2010-12-20",
          "tom": "2011-05-10",
          "uppgift": "Socialutskottet",
          "intressent_id": "0223175563813",
          "hangar_id": "2342673",
          "sortering": "50",
          "organ_sortering": "150",
          "uppdrag_rollsortering": "90",
          "uppdrag_statussortering": "90"
        },
        {
          "organ_kod": "UbU",
          "roll_kod": "Ledamot",
          "ordningsnummer": "15",
          "status": "",
          "typ": "uppdrag",
          "from": "2010-10-12",
          "tom": "2014-09-29",
          "uppgift": "Utbildningsutskottet",
          "intressent_id": "0223175563813",
          "hangar_id": "2342673",
          "sortering": "30",
          "organ_sortering": "150",
          "uppdrag_rollsortering": "90",
          "uppdrag_statussortering": "90"
        },
        {
          "organ_kod": "UbU",
          "roll_kod": "Suppleant",
          "ordningsnummer": "24",
          "status": "",
          "typ": "uppdrag",
          "from": "2007-03-16",
          "tom": "2010-10-04",
          "uppgift": "Utbildningsutskottet",
          "intressent_id": "0223175563813",
          "hangar_id": "2342673",
          "sortering": "50",
          "organ_sortering": "150",
          "uppdrag_rollsortering": "90",
          "uppdrag_statussortering": "90"
        },
        {
          "organ_kod": "UbU",
          "roll_kod": "Ledamot",
          "ordningsnummer": "0",
          "status": "",
          "typ": "uppdrag",
          "from": "1998-10-13",
          "tom": "2002-09-30",
          "uppgift": "Utbildningsutskottet",
          "intressent_id": "0223175563813",
          "hangar_id": "2342673",
          "sortering": "30",
          "organ_sortering": "150",
          "uppdrag_rollsortering": "90",
          "uppdrag_statussortering": "90"
        },
        {
          "organ_kod": "LU",
          "roll_kod": "Ledamot",
          "ordningsnummer": "0",
          "status": "",
          "typ": "uppdrag",
          "from": "2002-10-08",
          "tom": "2006-10-02",
          "uppgift": "Lagutskottet",
          "intressent_id": "0223175563813",
          "hangar_id": "2342673",
          "sortering": "30",
          "organ_sortering": "165",
          "uppdrag_rollsortering": "90",
          "uppdrag_statussortering": "90"
        }
      ]
    },
    "personuppgift": {
      "uppgift": [
        {
          "kod": "sv",
          "uppgift": "fil.dr.",
          "typ": "titlar",
          "intressent_id": "0223175563813",
          "hangar_id": "2342673"
        },
        {
          "kod": "en",
          "uppgift": "PhD",
          "typ": "titlar",
          "intressent_id": "0223175563813",
          "hangar_id": "2342673"
        }
      ]
    }
  }
}