{
  "person": {
    "hangar_guid": "0eaab494-b552-4e8d-919b-c8ec56d74d43",
    "sourceid": "8316eedf-f7f9-4332-b573-dde3d52f39b2",
    "intressent_id": "0611699417309",
    "hangar_id": "2341895",
    "fodd_ar": "1935",
    "kon": "man",
    "efternamn": "Andersson",
    "tilltalsnamn": "Gösta",
    "sorteringsnamn": "Andersson,Gösta",
    "iort": "",
    "parti": "C",
    "valkrets": "",
    "status": "Tidigare riksdagsledamot",
    "person_url_xml": "http://data.riksdagen.se/person/8316eedf-f7f9-4332-b573-dde3d52f39b2",
    "bild_url_80": "http://data.riksdagen.se/filarkiv/bilder/ledamot/8316eedf-f7f9-4332-b573-dde3d52f39b2_80.jpg",
    "bild_url_192": "http://data.riksdagen.se/filarkiv/bilder/ledamot/8316eedf-f7f9-4332-b573-dde3d52f39b2_192.jpg",
    "bild_url_max": "http://data.riksdagen.se/filarkiv/bilder/ledamot/8316eedf-f7f9-4332-b573-dde3d52f39b2_max.jpg",
    "personuppdrag": {
      "uppdrag": [
        {
          "organ_kod": "kam",
          "roll_kod": "Riksdagsledamot",
          "ordningsnummer": "0",
          "status": "Tjänstgörande",
          "typ": "kammaruppdrag",
          "from": "1986-12-14",
          "tom": "1988-10-03",
          "uppgift": "",
          "intressent_id": "0611699417309",
          "hangar_id": "2341895",
          "sortering": "10",
          "organ_sortering": "10",
          "uppdrag_rollsortering": "60",
          "uppdrag_statussortering": "10"
        },
        {
          "organ_kod": "kam",
          "roll_kod": "Riksdagsledamot",
          "ordningsnummer": "0",
          "status": "Ledig",
          "typ": "kammaruppdrag",
          "from": "1986-11-11",
          "tom": "1986-12-13",
          "uppgift": "Marianne Jönsson 1986-11-11 - 1986-12-13",
          "intressent_id": "0611699417309",
          "hangar_id": "2341895",
          "sortering": "10",
          "organ_sortering": "10",
          "uppdrag_rollsortering": "60",
          "uppdrag_statussortering": "30"
        },
        {
          "organ_kod": "kam",
          "roll_kod": "Riksdagsledamot",
          "ordningsnummer": "0",
          "status": "Tjänstgörande",
          "typ": "kammaruppdrag",
          "from": "1985-09-30",
          "tom": "1986-11-10",
          "uppgift": "",
          "intressent_id": "0611699417309",
          "hangar_id": "2341895",
          "sortering": "10",
          "organ_sortering": "10",
          "uppdrag_rollsortering": "60",
          "uppdrag_statussortering": "10"
        },
        {
          "organ_kod": "kam",
          "roll_kod": "Riksdagsledamot",
          "ordningsnummer": "0",
          "status": "Tjänstgörande",
          "typ": "kammaruppdrag",
          "from": "1982-10-04",
          "tom": "1985-09-30",
          "uppgift": "",
          "intressent_id": "0611699417309",
          "hangar_id": "2341895",
          "sortering": "10",
          "organ_sortering": "10",
          "uppdrag_rollsortering": "60",
          "uppdrag_statussortering": "10"
        },
        {
          "organ_kod": "kam",
          "roll_kod": "Riksdagsledamot",
          "ordningsnummer": "0",
          "status": "Tjänstgörande",
          "typ": "kammaruppdrag",
          "from": "1979-10-01",
          "tom": "1982-10-04",
          "uppgift": "",
          "intressent_id": "0611699417309",
          "hangar_id": "2341895",
          "sortering": "10",
          "organ_sortering": "10",
          "uppdrag_rollsortering": "60",
          "uppdrag_statussortering": "10"
        },
        {
          "organ_kod": "kam",
          "roll_kod": "Riksdagsledamot",
          "ordningsnummer": "0",
          "status": "Tjänstgörande",
          "typ": "kammaruppdrag",
          "from": "1976-10-04",
          "tom": "1979-10-01",
          "uppgift": "",
          "intressent_id": "0611699417309",
          "hangar_id": "2341895",
          "sortering": "10",
          "organ_sortering": "10",
          "uppdrag_rollsortering": "60",
          "uppdrag_statussortering": "10"
        }
      ]
    },
    "personuppgift": {
      "uppgift": [
        {
          "kod": "sv",
          "uppgift": "skogsbrukare",
          "typ": "titlar",
          "intressent_id": "0611699417309",
          "hangar_id": "2341895"
        },
        {
          "kod": "en",
          "uppgift": "",
          "typ": "titlar",
          "intressent_id": "0611699417309",
          "hangar_id": "2341895"
        }
      ]
    }
  }
}