{
  "person": {
    "hangar_guid": "7edfcc60-9f1c-482d-8280-3f3f7b990050",
    "sourceid": "a9eff036-3d8c-487e-9325-e3bece8df1e4",
    "intressent_id": "0628190530410",
    "hangar_id": "2343212",
    "fodd_ar": "1963",
    "kon": "kvinna",
    "efternamn": "Andersson",
    "tilltalsnamn": "Ulla",
    "sorteringsnamn": "Andersson,Ulla",
    "iort": "",
    "parti": "V",
    "valkrets": "Gävleborgs län",
    "status": "Tjänstgörande riksdagsledamot",
    "person_url_xml": "http://data.riksdagen.se/person/a9eff036-3d8c-487e-9325-e3bece8df1e4",
    "bild_url_80": "http://data.riksdagen.se/filarkiv/bilder/ledamot/a9eff036-3d8c-487e-9325-e3bece8df1e4_80.jpg",
    "bild_url_192": "http://data.riksdagen.se/filarkiv/bilder/ledamot/a9eff036-3d8c-487e-9325-e3bece8df1e4_192.jpg",
    "bild_url_max": "http://data.riksdagen.se/filarkiv/bilder/ledamot/a9eff036-3d8c-487e-9325-e3bece8df1e4_max.jpg",
    "personuppdrag": {
      "uppdrag": [
        {
          "organ_kod": "kam",
          "roll_kod": "Riksdagsledamot",
          "ordningsnummer": "238",
          "status": "Tjänstgörande",
          "typ": "kammaruppdrag",
          "from": "2018-09-24",
          "tom": "2022-09-26",
          "uppgift": "",
          "intressent_id": "0628190530410",
          "hangar_id": "2343212",
          "sortering": "10",
          "organ_sortering": "10",
          "uppdrag_rollsortering": "60",
          "uppdrag_statussortering": "10"
        },
        {
          "organ_kod": "kam",
          "roll_kod": "Riksdagsledamot",
          "ordningsnummer": "48",
          "status": "Tjänstgörande",
          "typ": "kammaruppdrag",
          "from": "2014-09-29",
          "tom": "2018-09-24",
          "uppgift": "",
          "intressent_id": "0628190530410",
          "hangar_id": "2343212",
          "sortering": "10",
          "organ_sortering": "10",
          "uppdrag_rollsortering": "60",
          "uppdrag_statussortering": "10"
        },
        {
          "organ_kod": "kam",
          "roll_kod": "Riksdagsledamot",
          "ordningsnummer": "107",
          "status": "Tjänstgörande",
          "typ": "kammaruppdrag",
          "from": "2010-10-04",
          "tom": "2014-09-29",
          "uppgift": "",
          "intressent_id": "0628190530410",
          "hangar_id": "2343212",
          "sortering": "10",
          "organ_sortering": "10",
          "uppdrag_rollsortering": "60",
          "uppdrag_statussortering": "10"
        },
        {
          "organ_kod": "kam",
          "roll_kod": "Riksdagsledamot",
          "ordningsnummer": "200",
          "status": "Tjänstgörande",
          "typ": "kammaruppdrag",
          "from": "2006-10-02",
          "tom": "2010-10-04",
          "uppgift": "",
          "intressent_id": "0628190530410",
          "hangar_id": "2343212",
          "sortering": "10",
          "organ_sortering": "10",
          "uppdrag_rollsortering": "60",
          "uppdrag_statussortering": "10"
        },
        {
          "organ_kod": "V",
          "roll_kod": "Vice gruppledare",
          "ordningsnummer": "0",
          "status": "",
          "typ": "partiuppdrag",
          "from": "2010-10-05",
          "tom": "2012-02-13",
          "uppgift": "Vänsterpartiet",
          "intressent_id": "0628190530410",
          "hangar_id": "2343212",
          "sortering": "30",
          "organ_sortering": "",
          "uppdrag_rollsortering": "90",
          "uppdrag_statussortering": "90"
        },
        {
          "organ_kod": "LR",
          "roll_kod": "Ledamot",
          "ordningsnummer": "7",
          "status": "",
          "typ": "Riksdagsorgan",
          "from": "2010-10-13",
          "tom": "2012-06-13",
          "uppgift": "Ledamotsrådet",
          "intressent_id": "0628190530410",
          "hangar_id": "2343212",
          "sortering": "30",
          "organ_sortering": "300",
          "uppdrag_rollsortering": "90",
          "uppdrag_statussortering": "90"
        },
        {
          "organ_kod": "RJ",
          "roll_kod": "Ledamot",
          "ordningsnummer": "6",
          "status": "",
          "typ": "Riksdagsorgan",
          "from": "2018-11-01",
          "tom": "2022-10-31",
          "uppgift": "Styrelsen för Stiftelsen Riksbankens Jubileumsfond",
          "intressent_id": "0628190530410",
          "hangar_id": "2343212",
          "sortering": "30",
          "organ_sortering": "300",
          "uppdrag_rollsortering": "90",
          "uppdrag_statussortering": "90"
        },
        {
          "organ_kod": "FiU",
          "roll_kod": "Ledamot",
          "ordningsnummer": "8",
          "status": "",
          "typ": "uppdrag",
          "from": "2018-10-02",
          "tom": "2022-09-26",
          "uppgift": "Finansutskottet",
          "intressent_id": "0628190530410",
          "hangar_id": "2343212",
          "sortering": "30",
          "organ_sortering": "150",
          "uppdrag_rollsortering": "90",
          "uppdrag_statussortering": "90"
        },
        {
          "organ_kod": "FiU",
          "roll_kod": "Ledamot",
          "ordningsnummer": "15",
          "status": "",
          "typ": "uppdrag",
          "from": "2014-10-07",
          "tom": "2018-09-24",
          "uppgift": "Finansutskottet",
          "intressent_id": "0628190530410",
          "hangar_id": "2343212",
          "sortering": "30",
          "organ_sortering": "150",
          "uppdrag_rollsortering": "90",
          "uppdrag_statussortering": "90"
        },
        {
          "organ_kod": "FiU",
          "roll_kod": "Ledamot",
          "ordningsnummer": "17",
          "status": "",
          "typ": "uppdrag",
          "from": "2010-10-12",
          "tom": "2014-09-29",
          "uppgift": "Finansutskottet",
          "intressent_id": "0628190530410",
          "hangar_id": "2343212",
          "sortering": "30",
          "organ_sortering": "150",
          "uppdrag_rollsortering": "90",
          "uppdrag_statussortering": "90"
        },
        {
          "organ_kod": "FiU",
          "roll_kod": "Ledamot",
          "ordningsnummer": "14",
          "status": "",
          "typ": "uppdrag",
          "from": "2006-10-10",
          "tom": "2010-10-04",
          "uppgift": "Finansutskottet",
          "intressent_id": "0628190530410",
          "hangar_id": "2343212",
          "sortering": "30",
          "organ_sortering": "150",
          "uppdrag_rollsortering": "90",
          "uppdrag_statussortering": "90"
        },
        {
          "organ_kod": "MJU",
          "roll_kod": "Suppleant",
          "ordningsnummer": "19",
          "status": "",
          "typ": "uppdrag",
          "from": "2006-10-24",
          "tom": "2010-10-04",
          "uppgift": "Miljö- och jordbruksutskottet",
          "intressent_id": "0628190530410",
          "hangar_id": "2343212",
          "sortering": "50",
          "organ_sortering": "150",
          "uppdrag_rollsortering": "90",
          "uppdrag_statussortering": "90"
        },
        {
          "organ_kod": "SkU",
          "roll_kod": "Suppleant",
          "ordningsnummer": "21",
          "status": "",
          "typ": "uppdrag",
          "from": "2014-10-14",
          "tom": "2017-03-23",
          "uppgift": "Skatteutskottet",
          "intressent_id": "0628190530410",
          "hangar_id": "2343212",
          "sortering": "50",
          "organ_sortering": "150",
          "uppdrag_rollsortering": "90",
          "uppdrag_statussortering": "90"
        }
      ]
    },
    "personuppgift": {
      "uppgift": [
        {
          "kod": "Officiell e-postadress",
          "uppgift": "ulla.andersson[på]riksdagen.se",
          "typ": "eadress",
          "intressent_id": "0628190530410",
          "hangar_id": "2343212"
        },
        {
          "kod": "Webbsida",
          "uppgift": "http://www.ullaandersson.v-blog.se",
          "typ": "eadress",
          "intressent_id": "0628190530410",
          "hangar_id": "2343212"
        },
        {
          "kod": "Tjänstetelefon",
          "uppgift": "64659",
          "typ": "telefonnummer",
          "intressent_id": "0628190530410",
          "hangar_id": "2343212"
        },
        {
          "kod": "KandiderarINastaVal",
          "uppgift": "true",
          "typ": "val",
          "intressent_id": "0628190530410",
          "hangar_id": "2343212"
        }
      ]
    }
  }
}