{
  "person": {
    "hangar_guid": "c1ffa305-73d1-4a84-bd77-78d7dca108b5",
    "sourceid": "fff74c6c-fae3-4977-a472-cfe2b6ae257a",
    "intressent_id": "0964730940415",
    "hangar_id": "2343166",
    "fodd_ar": "1961",
    "kon": "man",
    "efternamn": "Andersson",
    "tilltalsnamn": "Johan",
    "sorteringsnamn": "Andersson,Johan",
    "iort": "",
    "parti": "S",
    "valkrets": "Östergötlands län",
    "status": "Tjänstgörande riksdagsledamot",
    "person_url_xml": "http://data.riksdagen.se/person/fff74c6c-fae3-4977-a472-cfe2b6ae257a",
    "bild_url_80": "http://data.riksdagen.se/filarkiv/bilder/ledamot/fff74c6c-fae3-4977-a472-cfe2b6ae257a_80.jpg",
    "bild_url_192": "http://data.riksdagen.se/filarkiv/bilder/ledamot/fff74c6c-fae3-4977-a472-cfe2b6ae257a_192.jpg",
    "bild_url_max": "http://data.riksdagen.se/filarkiv/bilder/ledamot/fff74c6c-fae3-4977-a472-cfe2b6ae257a_max.jpg",
    "personuppdrag": {
      "uppdrag": [
        {
          "organ_kod": "kam",
          "roll_kod": "Riksdagsledamot",
          "ordningsnummer": "32",
          "status": "Tjänstgörande",
          "typ": "kammaruppdrag",
          "from": "2018-09-24",
          "tom": "2022-09-26",
          "uppgift": "",
          "intressent_id": "0964730940415",
          "hangar_id": "2343166",
          "sortering": "10",
          "organ_sortering": "10",
          "uppdrag_rollsortering": "60",
          "uppdrag_statussortering": "10"
        },
        {
          "organ_kod": "kam",
          "roll_kod": "Riksdagsledamot",
          "ordningsnummer": "59",
          "status": "Tjänstgörande",
          "typ": "kammaruppdrag",
          "from": "2014-09-29",
          "tom": "2018-09-24",
          "uppgift": "",
          "intressent_id": "0964730940415",
          "hangar_id": "2343166",
          "sortering": "10",
          "organ_sortering": "10",
          "uppdrag_rollsortering": "60",
          "uppdrag_statussortering": "10"
        },
        {
          "organ_kod": "kam",
          "roll_kod": "Riksdagsledamot",
          "ordningsnummer": "148",
          "status": "Tjänstgörande",
          "typ": "kammaruppdrag",
          "from": "2010-10-04",
          "tom": "2014-09-29",
          "uppgift": "",
          "intressent_id": "0964730940415",
          "hangar_id": "2343166",
          "sortering": "10",
          "organ_sortering": "10",
          "uppdrag_rollsortering": "60",
          "uppdrag_statussortering": "10"
        },
        {
          "organ_kod": "NR",
          "roll_kod": "Suppleant",
          "ordningsnummer": "3",
          "status": "",
          "typ": "Riksdagsorgan",
          "from": "2019-10-02",
          "tom": "2020-10-30",
          "uppgift": "Nordiska rådets svenska delegation",
          "intressent_id": "0964730940415",
          "hangar_id": "2343166",
          "sortering": "50",
          "organ_sortering": "300",
          "uppdrag_rollsortering": "90",
          "uppdrag_statussortering": "90"
        },
        {
          "organ_kod": "NR",
          "roll_kod": "Suppleant",
          "ordningsnummer": "3",
          "status": "",
          "typ": "Riksdagsorgan",
          "from": "2018-10-09",
          "tom": "2019-10-02",
          "uppgift": "Nordiska rådets svenska delegation",
          "intressent_id": "0964730940415",
          "hangar_id": "2343166",
          "sortering": "50",
          "organ_sortering": "300",
          "uppdrag_rollsortering": "90",
          "uppdrag_statussortering": "90"
        },
        {
          "organ_kod": "NR",
          "roll_kod": "Suppleant",
          "ordningsnummer": "8",
          "status": "",
          "typ": "Riksdagsorgan",
          "from": "2017-09-28",
          "tom": "2018-10-09",
          "uppgift": "Nordiska rådets svenska delegation",
          "intressent_id": "0964730940415",
          "hangar_id": "2343166",
          "sortering": "50",
          "organ_sortering": "300",
          "uppdrag_rollsortering": "90",
          "uppdrag_statussortering": "90"
        },
        {
          "organ_kod": "NR",
          "roll_kod": "Suppleant",
          "ordningsnummer": "8",
          "status": "",
          "typ": "Riksdagsorgan",
          "from": "2016-09-29",
          "tom": "2017-09-28",
          "uppgift": "Nordiska rådets svenska delegation",
          "intressent_id": "0964730940415",
          "hangar_id": "2343166",
          "sortering": "50",
          "organ_sortering": "300",
          "uppdrag_rollsortering": "90",
          "uppdrag_statussortering": "90"
        },
        {
          "organ_kod": "NR",
          "roll_kod": "Suppleant",
          "ordningsnummer": "8",
          "status": "",
          "typ": "Riksdagsorgan",
          "from": "2015-10-01",
          "tom": "2016-09-29",
          "uppgift": "Nordiska rådets svenska delegation",
          "intressent_id": "0964730940415",
          "hangar_id": "2343166",
          "sortering": "50",
          "organ_sortering": "300",
          "uppdrag_rollsortering": "90",
          "uppdrag_statussortering": "90"
        },
        {
          "organ_kod": "NR",
          "roll_kod": "Suppleant",
          "ordningsnummer": "8",
          "status": "",
          "typ": "Riksdagsorgan",
          "from": "2014-10-07",
          "tom": "2015-10-01",
          "uppgift": "Nordiska rådets svenska delegation",
          "intressent_id": "0964730940415",
          "hangar_id": "2343166",
          "sortering": "50",
          "organ_sortering": "300",
          "uppdrag_rollsortering": "90",
          "uppdrag_statussortering": "90"
        },
        {
          "organ_kod": "VB",
          "roll_kod": "Ledamot",
          "ordningsnummer": "11",
          "status": "",
          "typ": "Riksdagsorgan",
          "from": "2018-09-24",
          "tom": "2022-09-26",
          "uppgift": "Valberedningen",
          "intressent_id": "0964730940415",
          "hangar_id": "2343166",
          "sortering": "30",
          "organ_sortering": "300",
          "uppdrag_rollsortering": "90",
          "uppdrag_statussortering": "90"
        },
        {
          "organ_kod": "AU",
          "roll_kod": "Ledamot",
          "ordningsnummer": "11",
          "status": "",
          "typ": "uppdrag",
          "from": "2018-10-02",
          "tom": "2022-09-26",
          "uppgift": "Arbetsmarknadsutskottet",
          "intressent_id": "0964730940415",
          "hangar_id": "2343166",
          "sortering": "30",
          "organ_sortering": "150",
          "uppdrag_rollsortering": "90",
          "uppdrag_statussortering": "90"
        },
        {
          "organ_kod": "AU",
          "roll_kod": "Suppleant",
          "ordningsnummer": "8",
          "status": "",
          "typ": "uppdrag",
          "from": "2014-10-07",
          "tom": "2018-09-24",
          "uppgift": "Arbetsmarknadsutskottet",
          "intressent_id": "0964730940415",
          "hangar_id": "2343166",
          "sortering": "50",
          "organ_sortering": "150",
          "uppdrag_rollsortering": "90",
          "uppdrag_statussortering": "90"
        },
        {
          "organ_kod": "AU",
          "roll_kod": "Ledamot",
          "ordningsnummer": "12",
          "status": "",
          "typ": "uppdrag",
          "from": "2010-10-12",
          "tom": "2014-09-29",
          "uppgift": "Arbetsmarknadsutskottet",
          "intressent_id": "0964730940415",
          "hangar_id": "2343166",
          "sortering": "30",
          "organ_sortering": "150",
          "uppdrag_rollsortering": "90",
          "uppdrag_statussortering": "90"
        },
        {
          "organ_kod": "FiU",
          "roll_kod": "Suppleant",
          "ordningsnummer": "6",
          "status": "",
          "typ": "uppdrag",
          "from": "2018-10-02",
          "tom": "2022-09-26",
          "uppgift": "Finansutskottet",
          "intressent_id": "0964730940415",
          "hangar_id": "2343166",
          "sortering": "50",
          "organ_sortering": "150",
          "uppdrag_rollsortering": "90",
          "uppdrag_statussortering": "90"
        },
        {
          "organ_kod": "TU",
          "roll_kod": "Ledamot",
          "ordningsnummer": "17",
          "status": "",
          "typ": "uppdrag",
          "from": "2014-10-07",
          "tom": "2018-09-24",
          "uppgift": "Trafikutskottet",
          "intressent_id": "0964730940415",
          "hangar_id": "2343166",
          "sortering": "30",
          "organ_sortering": "150",
          "uppdrag_rollsortering": "90",
          "uppdrag_statussortering": "90"
        },
        {
          "organ_kod": "TU",
          "roll_kod": "Suppleant",
          "ordningsnummer": "4",
          "status": "",
          "typ": "uppdrag",
          "from": "2010-10-12",
          "tom": "2014-09-29",
          "uppgift": "Trafikutskottet",
          "intressent_id": "0964730940415",
          "hangar_id": "2343166",
          "sortering": "50",
          "organ_sortering": "150",
          "uppdrag_rollsortering": "90",
          "uppdrag_statussortering": "90"
        },
        {
          "organ_kod": "UbU",
          "roll_kod": "Suppleant",
          "ordningsnummer": "3",
          "status": "",
          "typ": "uppdrag",
          "from": "2018-10-02",
          "tom": "2019-02-08",
          "uppgift": "Utbildningsutskottet",
          "intressent_id": "0964730940415",
          "hangar_id": "2343166",
          "sortering": "50",
          "organ_sortering": "150",
          "uppdrag_rollsortering": "90",
          "uppdrag_statussortering": "90"
        },
        {
          "organ_kod": "EUN",
          "roll_kod": "Suppleant",
          "ordningsnummer": "22",
          "status": "",
          "typ": "uppdrag",
          "from": "2018-10-09",
          "tom": "2022-10-04",
          "uppgift": "EU-nämnden",
          "intressent_id": "0964730940415",
          "hangar_id": "2343166",
          "sortering": "50",
          "organ_sortering": "170",
          "uppdrag_rollsortering": "90",
          "uppdrag_statussortering": "90"
        },
        {
          "organ_kod": "EUN",
          "roll_kod": "Suppleant",
          "ordningsnummer": "12",
          "status": "",
          "typ": "uppdrag",
          "from": "2016-03-31",
          "tom": "2017-12-31",
          "uppgift": "EU-nämnden",
          "intressent_id": "0964730940415",
          "hangar_id": "2343166",
          "sortering": "50",
          "organ_sortering": "170",
          "uppdrag_rollsortering": "90",
          "uppdrag_statussortering": "90"
        }
      ]
    },
    "personuppgift": {
      "uppgift": [
        {
          "kod": "Officiell e-postadress",
          "uppgift": "johan.andersson[på]riksdagen.se",
          "typ": "eadress",
          "intressent_id": "0964730940415",
          "hangar_id": "2343166"
        },
        {
          "kod": "Tjänstetelefon",
          "uppgift": "65315",
          "typ": "telefonnummer",
          "intressent_id": "0964730940415",
          "hangar_id": "2343166"
        },
        {
          "kod": "sv",
          "uppgift": "Underskötare.",
          "typ": "titlar",
          "intressent_id": "0964730940415",
          "hangar_id": "2343166"
        },
        {
          "kod": "en",
          "uppgift": "",
          "typ": "titlar",
          "intressent_id": "0964730940415",
          "hangar_id": "2343166"
        },
        {
          "kod": "KandiderarINastaVal",
          "uppgift": "true",
          "typ": "val",
          "intressent_id": "0964730940415",
          "hangar_id": "2343166"
        }
      ]
    }
  }
}