{
  "person": {
    "hangar_guid": "1db8da59-8eda-46fc-bb83-60e17b3482a1",
    "sourceid": "d7c31b9c-83e4-11d4-ae60-0050040c9b55",
    "intressent_id": "0551013247907",
    "hangar_id": "2342306",
    "fodd_ar": "1945",
    "kon": "kvinna",
    "efternamn": "Andersson Öhrn",
    "tilltalsnamn": "Barbro",
    "sorteringsnamn": "Andersson Öhrn,Barbro",
    "iort": "",
    "parti": "S",
    "valkrets": "",
    "status": "Tidigare riksdagsledamot",
    "person_url_xml": "http://data.riksdagen.se/person/d7c31b9c-83e4-11d4-ae60-0050040c9b55",
    "bild_url_80": "http://data.riksdagen.se/filarkiv/bilder/ledamot/d7c31b9c-83e4-11d4-ae60-0050040c9b55_80.jpg",
    "bild_url_192": "http://data.riksdagen.se/filarkiv/bilder/ledamot/d7c31b9c-83e4-11d4-ae60-0050040c9b55_192.jpg",
    "bild_url_max": "http://data.riksdagen.se/filarkiv/bilder/ledamot/d7c31b9c-83e4-11d4-ae60-0050040c9b55_max.jpg",
    "personuppdrag": {
      "uppdrag": [
        {
          "organ_kod": "kam",
          "roll_kod": "Riksdagsledamot",
          "ordningsnummer": "69",
          "status": "Tjänstgörande",
          "typ": "kammaruppdrag",
          "from": "1998-10-05",
          "tom": "2002-09-30",
          "uppgift": "",
          "intressent_id": "0551013247907",
          "hangar_id": "2342306",
          "sortering": "10",
          "organ_sortering": "10",
          "uppdrag_rollsortering": "60",
          "uppdrag_statussortering": "10"
        },
        {
          "organ_kod": "kam",
          "roll_kod": "Riksdagsledamot",
          "ordningsnummer": "69",
          "status": "Tjänstgörande",
          "typ": "kammaruppdrag",
          "from": "1994-10-03",
          "tom": "1998-10-05",
          "uppgift": "",
          "intressent_id": "0551013247907",
          "hangar_id": "2342306",
          "sortering": "10",
          "organ_sortering": "10",
          "uppdrag_rollsortering": "60",
          "uppdrag_statussortering": "10"
        },
        {
          "organ_kod": "kam",
          "roll_kod": "Ersättare",
          "ordningsnummer": "64",
          "status": "Ersättare",
          "typ": "kammaruppdrag",
          "from": "1991-09-30",
          "tom": "1991-10-04",
          "uppgift": "Birgitta Dahl",
          "intressent_id": "0551013247907",
          "hangar_id": "2342306",
          "sortering": "45",
          "organ_sortering": "10",
          "uppdrag_rollsortering": "60",
          "uppdrag_statussortering": "20"
        },
        {
          "organ_kod": "kam",
          "roll_kod": "Riksdagsledamot",
          "ordningsnummer": "68",
          "status": "Tjänstgörande",
          "typ": "kammaruppdrag",
          "from": "1989-10-04",
          "tom": "1991-09-30",
          "uppgift": "",
          "intressent_id": "0551013247907",
          "hangar_id": "2342306",
          "sortering": "10",
          "organ_sortering": "10",
          "uppdrag_rollsortering": "60",
          "uppdrag_statussortering": "10"
        },
        {
          "organ_kod": "kam",
          "roll_kod": "Ersättare",
          "ordningsnummer": "69",
          "status": "Ersättare",
          "typ": "kammaruppdrag",
          "from": "1988-10-03",
          "tom": "1989-10-03",
          "uppgift": "Birgitta Dahl",
          "intressent_id": "0551013247907",
          "hangar_id": "2342306",
          "sortering": "45",
          "organ_sortering": "10",
          "uppdrag_rollsortering": "60",
          "uppdrag_statussortering": "20"
        },
        {
          "organ_kod": "KD",
          "roll_kod": "Ledamot",
          "ordningsnummer": "0",
          "status": "",
          "typ": "Riksdagsorgan",
          "from": "1998-10-20",
          "tom": "2002-09-30",
          "uppgift": "Krigsdelegationen",
          "intressent_id": "0551013247907",
          "hangar_id": "2342306",
          "sortering": "30",
          "organ_sortering": "300",
          "uppdrag_rollsortering": "90",
          "uppdrag_statussortering": "90"
        },
        {
          "organ_kod": "RB",
          "roll_kod": "Suppleant",
          "ordningsnummer": "0",
          "status": "",
          "typ": "Riksdagsorgan",
          "from": "1998-12-02",
          "tom": "2002-09-30",
          "uppgift": "Riksbanksfullmäktige",
          "intressent_id": "0551013247907",
          "hangar_id": "2342306",
          "sortering": "50",
          "organ_sortering": "300",
          "uppdrag_rollsortering": "90",
          "uppdrag_statussortering": "90"
        },
        {
          "organ_kod": "JuU",
          "roll_kod": "Suppleant",
          "ordningsnummer": "0",
          "status": "",
          "typ": "uppdrag",
          "from": "1991-09-30",
          "tom": "1991-10-04",
          "uppgift": "Justitieutskottet",
          "intressent_id": "0551013247907",
          "hangar_id": "2342306",
          "sortering": "50",
          "organ_sortering": "150",
          "uppdrag_rollsortering": "90",
          "uppdrag_statussortering": "90"
        },
        {
          "organ_kod": "JuU",
          "roll_kod": "Suppleant",
          "ordningsnummer": "0",
          "status": "",
          "typ": "uppdrag",
          "from": "1988-10-11",
          "tom": "1991-09-29",
          "uppgift": "Justitieutskottet",
          "intressent_id": "0551013247907",
          "hangar_id": "2342306",
          "sortering": "50",
          "organ_sortering": "150",
          "uppdrag_rollsortering": "90",
          "uppdrag_statussortering": "90"
        },
        {
          "organ_kod": "KU",
          "roll_kod": "Suppleant",
          "ordningsnummer": "0",
          "status": "",
          "typ": "uppdrag",
          "from": "1994-10-11",
          "tom": "1998-10-04",
          "uppgift": "Konstitutionsutskottet",
          "intressent_id": "0551013247907",
          "hangar_id": "2342306",
          "sortering": "50",
          "organ_sortering": "150",
          "uppdrag_rollsortering": "90",
          "uppdrag_statussortering": "90"
        },
        {
          "organ_kod": "NU",
          "roll_kod": "Suppleant",
          "ordningsnummer": "0",
          "status": "",
          "typ": "uppdrag",
          "from": "1998-10-13",
          "tom": "2002-09-30",
          "uppgift": "Näringsutskottet",
          "intressent_id": "0551013247907",
          "hangar_id": "2342306",
          "sortering": "50",
          "organ_sortering": "150",
          "uppdrag_rollsortering": "90",
          "uppdrag_statussortering": "90"
        },
        {
          "organ_kod": "NU",
          "roll_kod": "Vice ordförande",
          "ordningsnummer": "0",
          "status": "",
          "typ": "uppdrag",
          "from": "1998-10-13",
          "tom": "2002-09-29",
          "uppgift": "Näringsutskottet",
          "intressent_id": "0551013247907",
          "hangar_id": "2342306",
          "sortering": "20",
          "organ_sortering": "150",
          "uppdrag_rollsortering": "90",
          "uppdrag_statussortering": "90"
        },
        {
          "organ_kod": "NU",
          "roll_kod": "Ledamot",
          "ordningsnummer": "0",
          "status": "",
          "typ": "uppdrag",
          "from": "1994-10-11",
          "tom": "1998-10-04",
          "uppgift": "Näringsutskottet",
          "intressent_id": "0551013247907",
          "hangar_id": "2342306",
          "sortering": "30",
          "organ_sortering": "150",
          "uppdrag_rollsortering": "90",
          "uppdrag_statussortering": "90"
        },
        {
          "organ_kod": "NU",
          "roll_kod": "Suppleant",
          "ordningsnummer": "0",
          "status": "",
          "typ": "uppdrag",
          "from": "1991-09-30",
          "tom": "1991-10-04",
          "uppgift": "Näringsutskottet",
          "intressent_id": "0551013247907",
          "hangar_id": "2342306",
          "sortering": "50",
          "organ_sortering": "150",
          "uppdrag_rollsortering": "90",
          "uppdrag_statussortering": "90"
        },
        {
          "organ_kod": "NU",
          "roll_kod": "Suppleant",
          "ordningsnummer": "0",
          "status": "",
          "typ": "uppdrag",
          "from": "1988-10-11",
          "tom": "1991-09-29",
          "uppgift": "Näringsutskottet",
          "intressent_id": "0551013247907",
          "hangar_id": "2342306",
          "sortering": "50",
          "organ_sortering": "150",
          "uppdrag_rollsortering": "90",
          "uppdrag_statussortering": "90"
        },
        {
          "organ_kod": "SkU",
          "roll_kod": "Suppleant",
          "ordningsnummer": "0",
          "status": "",
          "typ": "uppdrag",
          "from": "1995-01-26",
          "tom": "1998-10-04",
          "uppgift": "Skatteutskottet",
          "intressent_id": "0551013247907",
          "hangar_id": "2342306",
          "sortering": "50",
          "organ_sortering": "150",
          "uppdrag_rollsortering": "90",
          "uppdrag_statussortering": "90"
        }
      ]
    },
    "personuppgift": {
      "uppgift": [
        {
          "kod": "sv",
          "uppgift": "kontorist",
          "typ": "titlar",
          "intressent_id": "0551013247907",
          "hangar_id": "2342306"
        },
        {
          "kod": "en",
          "uppgift": "",
          "typ": "titlar",
          "intressent_id": "0551013247907",
          "hangar_id": "2342306"
        }
      ]
    }
  }
}