{
  "person": {
    "hangar_guid": "d33a43f7-8859-4ca8-b41d-5542dec99000",
    "sourceid": "0ab695af-6994-11d7-ae76-0004755038ce",
    "intressent_id": "0180442748612",
    "hangar_id": "2343408",
    "fodd_ar": "1968",
    "kon": "man",
    "efternamn": "Andersson",
    "tilltalsnamn": "Johan",
    "sorteringsnamn": "Andersson,Johan",
    "iort": "",
    "parti": "S",
    "valkrets": "Skåne läns västra",
    "status": "Tidigare ersättare",
    "person_url_xml": "http://data.riksdagen.se/person/0ab695af-6994-11d7-ae76-0004755038ce",
    "bild_url_80": "http://data.riksdagen.se/filarkiv/bilder/ledamot/0ab695af-6994-11d7-ae76-0004755038ce_80.jpg",
    "bild_url_192": "http://data.riksdagen.se/filarkiv/bilder/ledamot/0ab695af-6994-11d7-ae76-0004755038ce_192.jpg",
    "bild_url_max": "http://data.riksdagen.se/filarkiv/bilder/ledamot/0ab695af-6994-11d7-ae76-0004755038ce_max.jpg",
    "personuppdrag": {
      "uppdrag": [
        {
          "organ_kod": "kam",
          "roll_kod": "Ersättare",
          "ordningsnummer": "0",
          "status": "Ersättare",
          "typ": "kammaruppdrag",
          "from": "2005-10-01",
          "tom": "2006-10-02",
          "uppgift": "Annika Nilsson",
          "intressent_id": "0180442748612",
          "hangar_id": "2343408",
          "sortering": "45",
          "organ_sortering": "10",
          "uppdrag_rollsortering": "60",
          "uppdrag_statussortering": "20"
        },
        {
          "organ_kod": "kam",
          "roll_kod": "Ersättare",
          "ordningsnummer": "0",
          "status": "Ersättare",
          "typ": "kammaruppdrag",
          "from": "2005-09-20",
          "tom": "2005-09-30",
          "uppgift": "Annika Nilsson",
          "intressent_id": "0180442748612",
          "hangar_id": "2343408",
          "sortering": "45",
          "organ_sortering": "10",
          "uppdrag_rollsortering": "60",
          "uppdrag_statussortering": "20"
        },
        {
          "organ_kod": "kam",
          "roll_kod": "Ersättare",
          "ordningsnummer": "0",
          "status": "Ersättare",
          "typ": "kammaruppdrag",
          "from": "2005-02-21",
          "tom": "2005-07-31",
          "uppgift": "Annika Nilsson",
          "intressent_id": "0180442748612",
          "hangar_id": "2343408",
          "sortering": "45",
          "organ_sortering": "10",
          "uppdrag_rollsortering": "60",
          "uppdrag_statussortering": "20"
        },
        {
          "organ_kod": "kam",
          "roll_kod": "Ersättare",
          "ordningsnummer": "0",
          "status": "Ersättare",
          "typ": "kammaruppdrag",
          "from": "2003-09-22",
          "tom": "2003-12-31",
          "uppgift": "Annika Nilsson",
          "intressent_id": "0180442748612",
          "hangar_id": "2343408",
          "sortering": "45",
          "organ_sortering": "10",
          "uppdrag_rollsortering": "60",
          "uppdrag_statussortering": "20"
        },
        {
          "organ_kod": "kam",
          "roll_kod": "Ersättare",
          "ordningsnummer": "0",
          "status": "Ersättare",
          "typ": "kammaruppdrag",
          "from": "2003-04-17",
          "tom": "2003-06-30",
          "uppgift": "Annika Nilsson",
          "intressent_id": "0180442748612",
          "hangar_id": "2343408",
          "sortering": "45",
          "organ_sortering": "10",
          "uppdrag_rollsortering": "60",
          "uppdrag_statussortering": "20"
        },
        {
          "organ_kod": "KrU",
          "roll_kod": "Suppleant",
          "ordningsnummer": "0",
          "status": "",
          "typ": "uppdrag",
          "from": "2005-10-19",
          "tom": "2006-10-02",
          "uppgift": "Kulturutskottet",
          "intressent_id": "0180442748612",
          "hangar_id": "2343408",
          "sortering": "50",
          "organ_sortering": "150",
          "uppdrag_rollsortering": "90",
          "uppdrag_statussortering": "90"
        },
        {
          "organ_kod": "KrU",
          "roll_kod": "Suppleant",
          "ordningsnummer": "0",
          "status": "",
          "typ": "uppdrag",
          "from": "2005-09-20",
          "tom": "2005-09-30",
          "uppgift": "Kulturutskottet",
          "intressent_id": "0180442748612",
          "hangar_id": "2343408",
          "sortering": "50",
          "organ_sortering": "150",
          "uppdrag_rollsortering": "90",
          "uppdrag_statussortering": "90"
        },
        {
          "organ_kod": "KrU",
          "roll_kod": "Suppleant",
          "ordningsnummer": "0",
          "status": "",
          "typ": "uppdrag",
          "from": "2005-02-21",
          "tom": "2005-08-31",
          "uppgift": "Kulturutskottet",
          "intressent_id": "0180442748612",
          "hangar_id": "2343408",
          "sortering": "50",
          "organ_sortering": "150",
          "uppdrag_rollsortering": "90",
          "uppdrag_statussortering": "90"
        },
        {
          "organ_kod": "KrU",
          "roll_kod": "Suppleant",
          "ordningsnummer": "0",
          "status": "",
          "typ": "uppdrag",
          "from": "2005-02-21",
          "tom": "2005-07-31",
          "uppgift": "Kulturutskottet",
          "intressent_id": "0180442748612",
          "hangar_id": "2343408",
          "sortering": "50",
          "organ_sortering": "150",
          "uppdrag_rollsortering": "90",
          "uppdrag_statussortering": "90"
        },
        {
          "organ_kod": "KrU",
          "roll_kod": "Suppleant",
          "ordningsnummer": "0",
          "status": "",
          "typ": "uppdrag",
          "from": "2003-09-22",
          "tom": "2003-12-31",
          "uppgift": "Kulturutskottet",
          "intressent_id": "0180442748612",
          "hangar_id": "2343408",
          "sortering": "50",
          "organ_sortering": "150",
          "uppdrag_rollsortering": "90",
          "uppdrag_statussortering": "90"
        },
        {
          "organ_kod": "KrU",
          "roll_kod": "Suppleant",
          "ordningsnummer": "0",
          "status": "",
          "typ": "uppdrag",
          "from": "2003-04-17",
          "tom": "2003-06-30",
          "uppgift": "Kulturutskottet",
          "intressent_id": "0180442748612",
          "hangar_id": "2343408",
          "sortering": "50",
          "organ_sortering": "150",
          "uppdrag_rollsortering": "90",
          "uppdrag_statussortering": "90"
        }
      ]
    },
    "personuppgift": {
      "uppgift": {
        "kod": "Webbsida",
        "uppgift": "http://www.socialdemokraterna.se/johanandersson",
        "typ": "eadress",
        "intressent_id": "0180442748612",
        "hangar_id": "2343408"
      }
    }
  }
}