{
  "person": {
    "hangar_guid": "37081448-c4ee-407a-986b-5e39abd93838",
    "sourceid": "b8c3d066-2004-4f19-8b33-8089d8bdd45e",
    "intressent_id": "0859721748313",
    "hangar_id": "2369329",
    "fodd_ar": "1966",
    "kon": "man",
    "efternamn": "Andersson",
    "tilltalsnamn": "Jörgen",
    "sorteringsnamn": "Andersson,Jörgen",
    "iort": "",
    "parti": "M",
    "valkrets": "Kalmar län",
    "status": "Tillgänglig ersättare",
    "person_url_xml": "http://data.riksdagen.se/person/b8c3d066-2004-4f19-8b33-8089d8bdd45e",
    "bild_url_80": "http://data.riksdagen.se/filarkiv/bilder/ledamot/b8c3d066-2004-4f19-8b33-8089d8bdd45e_80.jpg",
    "bild_url_192": "http://data.riksdagen.se/filarkiv/bilder/ledamot/b8c3d066-2004-4f19-8b33-8089d8bdd45e_192.jpg",
    "bild_url_max": "http://data.riksdagen.se/filarkiv/bilder/ledamot/b8c3d066-2004-4f19-8b33-8089d8bdd45e_max.jpg",
    "personuppdrag": {
      "uppdrag": [
        {
          "organ_kod": "kam",
          "roll_kod": "Riksdagsledamot",
          "ordningsnummer": "121",
          "status": "Tjänstgörande",
          "typ": "kammaruppdrag",
          "from": "2014-09-29",
          "tom": "2018-09-24",
          "uppgift": "",
          "intressent_id": "0859721748313",
          "hangar_id": "2369329",
          "sortering": "10",
          "organ_sortering": "10",
          "uppdrag_rollsortering": "60",
          "uppdrag_statussortering": "10"
        },
        {
          "organ_kod": "kam",
          "roll_kod": "Riksdagsledamot",
          "ordningsnummer": "290",
          "status": "Tjänstgörande",
          "typ": "kammaruppdrag",
          "from": "2010-10-04",
          "tom": "2014-09-29",
          "uppgift": "",
          "intressent_id": "0859721748313",
          "hangar_id": "2369329",
          "sortering": "10",
          "organ_sortering": "10",
          "uppdrag_rollsortering": "60",
          "uppdrag_statussortering": "10"
        },
        {
          "organ_kod": "FiU",
          "roll_kod": "Ledamot",
          "ordningsnummer": "7",
          "status": "",
          "typ": "uppdrag",
          "from": "2014-10-07",
          "tom": "2018-09-24",
          "uppgift": "Finansutskottet",
          "intressent_id": "0859721748313",
          "hangar_id": "2369329",
          "sortering": "30",
          "organ_sortering": "150",
          "uppdrag_rollsortering": "90",
          "uppdrag_statussortering": "90"
        },
        {
          "organ_kod": "FiU",
          "roll_kod": "Suppleant",
          "ordningsnummer": "1",
          "status": "",
          "typ": "uppdrag",
          "from": "2010-10-12",
          "tom": "2014-09-29",
          "uppgift": "Finansutskottet",
          "intressent_id": "0859721748313",
          "hangar_id": "2369329",
          "sortering": "50",
          "organ_sortering": "150",
          "uppdrag_rollsortering": "90",
          "uppdrag_statussortering": "90"
        },
        {
          "organ_kod": "KU",
          "roll_kod": "Suppleant",
          "ordningsnummer": "29",
          "status": "",
          "typ": "uppdrag",
          "from": "2018-02-02",
          "tom": "2018-09-24",
          "uppgift": "Konstitutionsutskottet",
          "intressent_id": "0859721748313",
          "hangar_id": "2369329",
          "sortering": "50",
          "organ_sortering": "150",
          "uppdrag_rollsortering": "90",
          "uppdrag_statussortering": "90"
        },
        {
          "organ_kod": "NU",
          "roll_kod": "Suppleant",
          "ordningsnummer": "7",
          "status": "",
          "typ": "uppdrag",
          "from": "2010-10-12",
          "tom": "2011-03-07",
          "uppgift": "Näringsutskottet",
          "intressent_id": "0859721748313",
          "hangar_id": "2369329",
          "sortering": "50",
          "organ_sortering": "150",
          "uppdrag_rollsortering": "90",
          "uppdrag_statussortering": "90"
        },
        {
          "organ_kod": "TU",
          "roll_kod": "Suppleant",
          "ordningsnummer": "11",
          "status": "",
          "typ": "uppdrag",
          "from": "2014-10-07",
          "tom": "2018-09-24",
          "uppgift": "Trafikutskottet",
          "intressent_id": "0859721748313",
          "hangar_id": "2369329",
          "sortering": "50",
          "organ_sortering": "150",
          "uppdrag_rollsortering": "90",
          "uppdrag_statussortering": "90"
        }
      ]
    },
    "personuppgift": {
      "uppgift": [
        {
          "kod": "Officiell e-postadress",
          "uppgift": "jorgen.andersson[på]riksdagen.se",
          "typ": "eadress",
          "intressent_id": "0859721748313",
          "hangar_id": "2369329"
        },
        {
          "kod": "Tjänstetelefon",
          "uppgift": "66419",
          "typ": "telefonnummer",
          "intressent_id": "0859721748313",
          "hangar_id": "2369329"
        },
        {
          "kod": "sv",
          "uppgift": "Företagare.",
          "typ": "titlar",
          "intressent_id": "0859721748313",
          "hangar_id": "2369329"
        },
        {
          "kod": "en",
          "uppgift": "",
          "typ": "titlar",
          "intressent_id": "0859721748313",
          "hangar_id": "2369329"
        },
        {
          "kod": "KandiderarINastaVal",
          "uppgift": "true",
          "typ": "val",
          "intressent_id": "0859721748313",
          "hangar_id": "2369329"
        }
      ]
    }
  }
}