{
  "person": {
    "hangar_guid": "0530bb3f-926d-462d-93bb-4cf5095db1cd",
    "sourceid": "5f8c2806-ed03-4d8a-9b72-9463286893f0",
    "intressent_id": "0627128694500",
    "hangar_id": "2341835",
    "fodd_ar": "1933",
    "kon": "man",
    "efternamn": "Andersson",
    "tilltalsnamn": "Birger",
    "sorteringsnamn": "Andersson,Birger",
    "iort": "",
    "parti": "C",
    "valkrets": "",
    "status": "Tidigare riksdagsledamot",
    "person_url_xml": "http://data.riksdagen.se/person/5f8c2806-ed03-4d8a-9b72-9463286893f0",
    "bild_url_80": "http://data.riksdagen.se/filarkiv/bilder/ledamot/5f8c2806-ed03-4d8a-9b72-9463286893f0_80.jpg",
    "bild_url_192": "http://data.riksdagen.se/filarkiv/bilder/ledamot/5f8c2806-ed03-4d8a-9b72-9463286893f0_192.jpg",
    "bild_url_max": "http://data.riksdagen.se/filarkiv/bilder/ledamot/5f8c2806-ed03-4d8a-9b72-9463286893f0_max.jpg",
    "personuppdrag": {
      "uppdrag": [
        {
          "organ_kod": "kam",
          "roll_kod": "Riksdagsledamot",
          "ordningsnummer": "285",
          "status": "Tjänstgörande",
          "typ": "kammaruppdrag",
          "from": "1991-09-30",
          "tom": "1994-10-03",
          "uppgift": "",
          "intressent_id": "0627128694500",
          "hangar_id": "2341835",
          "sortering": "10",
          "organ_sortering": "10",
          "uppdrag_rollsortering": "60",
          "uppdrag_statussortering": "10"
        },
        {
          "organ_kod": "kam",
          "roll_kod": "Riksdagsledamot",
          "ordningsnummer": "288",
          "status": "Tjänstgörande",
          "typ": "kammaruppdrag",
          "from": "1988-10-03",
          "tom": "1991-09-30",
          "uppgift": "",
          "intressent_id": "0627128694500",
          "hangar_id": "2341835",
          "sortering": "10",
          "organ_sortering": "10",
          "uppdrag_rollsortering": "60",
          "uppdrag_statussortering": "10"
        },
        {
          "organ_kod": "KrU",
          "roll_kod": "Suppleant",
          "ordningsnummer": "0",
          "status": "",
          "typ": "uppdrag",
          "from": "1991-10-15",
          "tom": "1994-10-02",
          "uppgift": "Kulturutskottet",
          "intressent_id": "0627128694500",
          "hangar_id": "2341835",
          "sortering": "50",
          "organ_sortering": "150",
          "uppdrag_rollsortering": "90",
          "uppdrag_statussortering": "90"
        },
        {
          "organ_kod": "KU",
          "roll_kod": "Suppleant",
          "ordningsnummer": "0",
          "status": "",
          "typ": "uppdrag",
          "from": "1988-10-11",
          "tom": "1991-09-29",
          "uppgift": "Konstitutionsutskottet",
          "intressent_id": "0627128694500",
          "hangar_id": "2341835",
          "sortering": "50",
          "organ_sortering": "150",
          "uppdrag_rollsortering": "90",
          "uppdrag_statussortering": "90"
        },
        {
          "organ_kod": "BoU",
          "roll_kod": "Ledamot",
          "ordningsnummer": "0",
          "status": "",
          "typ": "uppdrag",
          "from": "1991-09-30",
          "tom": "1994-10-02",
          "uppgift": "Bostadsutskottet",
          "intressent_id": "0627128694500",
          "hangar_id": "2341835",
          "sortering": "30",
          "organ_sortering": "165",
          "uppdrag_rollsortering": "90",
          "uppdrag_statussortering": "90"
        },
        {
          "organ_kod": "BoU",
          "roll_kod": "Ledamot",
          "ordningsnummer": "0",
          "status": "",
          "typ": "uppdrag",
          "from": "1989-05-22",
          "tom": "1991-09-29",
          "uppgift": "Bostadsutskottet",
          "intressent_id": "0627128694500",
          "hangar_id": "2341835",
          "sortering": "30",
          "organ_sortering": "165",
          "uppdrag_rollsortering": "90",
          "uppdrag_statussortering": "90"
        },
        {
          "organ_kod": "BoU",
          "roll_kod": "Suppleant",
          "ordningsnummer": "0",
          "status": "",
          "typ": "uppdrag",
          "from": "1988-10-11",
          "tom": "1989-05-22",
          "uppgift": "Bostadsutskottet",
          "intressent_id": "0627128694500",
          "hangar_id": "2341835",
          "sortering": "50",
          "organ_sortering": "165",
          "uppdrag_rollsortering": "90",
          "uppdrag_statussortering": "90"
        }
      ]
    },
    "personuppgift": {
      "uppgift": [
        {
          "kod": "sv",
          "uppgift": "rektor, fd kommunalråd",
          "typ": "titlar",
          "intressent_id": "0627128694500",
          "hangar_id": "2341835"
        },
        {
          "kod": "en",
          "uppgift": "",
          "typ": "titlar",
          "intressent_id": "0627128694500",
          "hangar_id": "2341835"
        }
      ]
    }
  }
}