{
  "person": {
    "hangar_guid": "f9ebe75d-750f-4bd9-bc3d-fe506fdd2c69",
    "sourceid": "f90b074c-f3d8-4a21-b302-7cbda4139c30",
    "intressent_id": "0320679739714",
    "hangar_id": "2343054",
    "fodd_ar": "1959",
    "kon": "man",
    "efternamn": "Andersson",
    "tilltalsnamn": "Lars",
    "sorteringsnamn": "Andersson,Lars",
    "iort": "",
    "parti": "NYD",
    "valkrets": "",
    "status": "Tidigare riksdagsledamot",
    "person_url_xml": "http://data.riksdagen.se/person/f90b074c-f3d8-4a21-b302-7cbda4139c30",
    "bild_url_80": "http://data.riksdagen.se/filarkiv/bilder/ledamot/f90b074c-f3d8-4a21-b302-7cbda4139c30_80.jpg",
    "bild_url_192": "http://data.riksdagen.se/filarkiv/bilder/ledamot/f90b074c-f3d8-4a21-b302-7cbda4139c30_192.jpg",
    "bild_url_max": "http://data.riksdagen.se/filarkiv/bilder/ledamot/f90b074c-f3d8-4a21-b302-7cbda4139c30_max.jpg",
    "personuppdrag": {
      "uppdrag": [
        {
          "organ_kod": "kam",
          "roll_kod": "Riksdagsledamot",
          "ordningsnummer": "276",
          "status": "Tjänstgörande",
          "typ": "kammaruppdrag",
          "from": "1991-09-30",
          "tom": "1994-10-03",
          "uppgift": "",
          "intressent_id": "0320679739714",
          "hangar_id": "2343054",
          "sortering": "10",
          "organ_sortering": "10",
          "uppdrag_rollsortering": "60",
          "uppdrag_statussortering": "10"
        },
        {
          "organ_kod": "KU",
          "roll_kod": "Suppleant",
          "ordningsnummer": "0",
          "status": "",
          "typ": "uppdrag",
          "from": "1994-04-18",
          "tom": "1994-10-02",
          "uppgift": "Konstitutionsutskottet",
          "intressent_id": "0320679739714",
          "hangar_id": "2343054",
          "sortering": "50",
          "organ_sortering": "150",
          "uppdrag_rollsortering": "90",
          "uppdrag_statussortering": "90"
        },
        {
          "organ_kod": "LU",
          "roll_kod": "Ledamot",
          "ordningsnummer": "0",
          "status": "",
          "typ": "uppdrag",
          "from": "1993-10-05",
          "tom": "1994-10-02",
          "uppgift": "Lagutskottet",
          "intressent_id": "0320679739714",
          "hangar_id": "2343054",
          "sortering": "30",
          "organ_sortering": "165",
          "uppdrag_rollsortering": "90",
          "uppdrag_statussortering": "90"
        },
        {
          "organ_kod": "LU",
          "roll_kod": "Suppleant",
          "ordningsnummer": "0",
          "status": "",
          "typ": "uppdrag",
          "from": "1993-03-18",
          "tom": "1993-10-04",
          "uppgift": "Lagutskottet",
          "intressent_id": "0320679739714",
          "hangar_id": "2343054",
          "sortering": "50",
          "organ_sortering": "165",
          "uppdrag_rollsortering": "90",
          "uppdrag_statussortering": "90"
        },
        {
          "organ_kod": "LU",
          "roll_kod": "Ledamot",
          "ordningsnummer": "0",
          "status": "",
          "typ": "uppdrag",
          "from": "1991-10-08",
          "tom": "1992-03-17",
          "uppgift": "Lagutskottet",
          "intressent_id": "0320679739714",
          "hangar_id": "2343054",
          "sortering": "30",
          "organ_sortering": "165",
          "uppdrag_rollsortering": "90",
          "uppdrag_statussortering": "90"
        }
      ]
    },
    "personuppgift": {
      "uppgift": [
        {
          "kod": "sv",
          "uppgift": "jur.kand.",
          "typ": "titlar",
          "intressent_id": "0320679739714",
          "hangar_id": "2343054"
        },
        {
          "kod": "en",
          "uppgift": "",
          "typ": "titlar",
          "intressent_id": "0320679739714",
          "hangar_id": "2343054"
        }
      ]
    }
  }
}