{
  "person": {
    "hangar_guid": "f4cc6dba-344a-4dae-aea2-43bdda354697",
    "sourceid": "94fb8863-230e-11d7-ae42-0004755038ce",
    "intressent_id": "0760437424714",
    "hangar_id": "2342808",
    "fodd_ar": "1954",
    "kon": "kvinna",
    "efternamn": "Andersson",
    "tilltalsnamn": "Magdalena",
    "sorteringsnamn": "Andersson,Magdalena",
    "iort": "",
    "parti": "M",
    "valkrets": "Jönköpings län",
    "status": "Tidigare riksdagsledamot",
    "person_url_xml": "http://data.riksdagen.se/person/94fb8863-230e-11d7-ae42-0004755038ce",
    "bild_url_80": "http://data.riksdagen.se/filarkiv/bilder/ledamot/94fb8863-230e-11d7-ae42-0004755038ce_80.jpg",
    "bild_url_192": "http://data.riksdagen.se/filarkiv/bilder/ledamot/94fb8863-230e-11d7-ae42-0004755038ce_192.jpg",
    "bild_url_max": "http://data.riksdagen.se/filarkiv/bilder/ledamot/94fb8863-230e-11d7-ae42-0004755038ce_max.jpg",
    "personuppdrag": {
      "uppdrag": [
        {
          "organ_kod": "kam",
          "roll_kod": "Riksdagsledamot",
          "ordningsnummer": "288",
          "status": "Tjänstgörande",
          "typ": "kammaruppdrag",
          "from": "2010-10-04",
          "tom": "2012-10-31",
          "uppgift": "",
          "intressent_id": "0760437424714",
          "hangar_id": "2342808",
          "sortering": "10",
          "organ_sortering": "10",
          "uppdrag_rollsortering": "60",
          "uppdrag_statussortering": "10"
        },
        {
          "organ_kod": "kam",
          "roll_kod": "Riksdagsledamot",
          "ordningsnummer": "324",
          "status": "Tjänstgörande",
          "typ": "kammaruppdrag",
          "from": "2006-10-02",
          "tom": "2010-10-04",
          "uppgift": "",
          "intressent_id": "0760437424714",
          "hangar_id": "2342808",
          "sortering": "10",
          "organ_sortering": "10",
          "uppdrag_rollsortering": "60",
          "uppdrag_statussortering": "10"
        },
        {
          "organ_kod": "kam",
          "roll_kod": "Riksdagsledamot",
          "ordningsnummer": "109",
          "status": "Tjänstgörande",
          "typ": "kammaruppdrag",
          "from": "2003-01-01",
          "tom": "2006-10-02",
          "uppgift": "",
          "intressent_id": "0760437424714",
          "hangar_id": "2342808",
          "sortering": "10",
          "organ_sortering": "10",
          "uppdrag_rollsortering": "60",
          "uppdrag_statussortering": "10"
        },
        {
          "organ_kod": "KD",
          "roll_kod": "Ledamot",
          "ordningsnummer": "1",
          "status": "",
          "typ": "Riksdagsorgan",
          "from": "2010-10-19",
          "tom": "2012-10-31",
          "uppgift": "Krigsdelegationen",
          "intressent_id": "0760437424714",
          "hangar_id": "2342808",
          "sortering": "30",
          "organ_sortering": "300",
          "uppdrag_rollsortering": "90",
          "uppdrag_statussortering": "90"
        },
        {
          "organ_kod": "KD",
          "roll_kod": "Ledamot",
          "ordningsnummer": "10",
          "status": "",
          "typ": "Riksdagsorgan",
          "from": "2006-10-24",
          "tom": "2010-10-19",
          "uppgift": "Krigsdelegationen",
          "intressent_id": "0760437424714",
          "hangar_id": "2342808",
          "sortering": "30",
          "organ_sortering": "300",
          "uppdrag_rollsortering": "90",
          "uppdrag_statussortering": "90"
        },
        {
          "organ_kod": "RS",
          "roll_kod": "Ledamot",
          "ordningsnummer": "8",
          "status": "",
          "typ": "Riksdagsorgan",
          "from": "2010-10-12",
          "tom": "2012-10-31",
          "uppgift": "Riksdagsstyrelsen",
          "intressent_id": "0760437424714",
          "hangar_id": "2342808",
          "sortering": "30",
          "organ_sortering": "300",
          "uppdrag_rollsortering": "90",
          "uppdrag_statussortering": "90"
        },
        {
          "organ_kod": "RS",
          "roll_kod": "Ledamot",
          "ordningsnummer": "7",
          "status": "",
          "typ": "Riksdagsorgan",
          "from": "2008-03-28",
          "tom": "2010-10-12",
          "uppgift": "Riksdagsstyrelsen",
          "intressent_id": "0760437424714",
          "hangar_id": "2342808",
          "sortering": "30",
          "organ_sortering": "300",
          "uppdrag_rollsortering": "90",
          "uppdrag_statussortering": "90"
        },
        {
          "organ_kod": "RS",
          "roll_kod": "Suppleant",
          "ordningsnummer": "0",
          "status": "",
          "typ": "Riksdagsorgan",
          "from": "2006-12-15",
          "tom": "2008-03-28",
          "uppgift": "Riksdagsstyrelsen",
          "intressent_id": "0760437424714",
          "hangar_id": "2342808",
          "sortering": "50",
          "organ_sortering": "300",
          "uppdrag_rollsortering": "90",
          "uppdrag_statussortering": "90"
        },
        {
          "organ_kod": "VB",
          "roll_kod": "Ledamot",
          "ordningsnummer": "16",
          "status": "",
          "typ": "Riksdagsorgan",
          "from": "2010-10-04",
          "tom": "2012-10-31",
          "uppgift": "Valberedningen",
          "intressent_id": "0760437424714",
          "hangar_id": "2342808",
          "sortering": "30",
          "organ_sortering": "300",
          "uppdrag_rollsortering": "90",
          "uppdrag_statussortering": "90"
        },
        {
          "organ_kod": "AU",
          "roll_kod": "Suppleant",
          "ordningsnummer": "18",
          "status": "",
          "typ": "uppdrag",
          "from": "2006-10-24",
          "tom": "2010-10-04",
          "uppgift": "Arbetsmarknadsutskottet",
          "intressent_id": "0760437424714",
          "hangar_id": "2342808",
          "sortering": "50",
          "organ_sortering": "150",
          "uppdrag_rollsortering": "90",
          "uppdrag_statussortering": "90"
        },
        {
          "organ_kod": "AU",
          "roll_kod": "Suppleant",
          "ordningsnummer": "0",
          "status": "",
          "typ": "uppdrag",
          "from": "2003-11-24",
          "tom": "2006-10-02",
          "uppgift": "Arbetsmarknadsutskottet",
          "intressent_id": "0760437424714",
          "hangar_id": "2342808",
          "sortering": "50",
          "organ_sortering": "150",
          "uppdrag_rollsortering": "90",
          "uppdrag_statussortering": "90"
        },
        {
          "organ_kod": "CU",
          "roll_kod": "Ledamot",
          "ordningsnummer": "1",
          "status": "",
          "typ": "uppdrag",
          "from": "2010-10-12",
          "tom": "2012-10-16",
          "uppgift": "Civilutskottet",
          "intressent_id": "0760437424714",
          "hangar_id": "2342808",
          "sortering": "30",
          "organ_sortering": "150",
          "uppdrag_rollsortering": "90",
          "uppdrag_statussortering": "90"
        },
        {
          "organ_kod": "SfU",
          "roll_kod": "Suppleant",
          "ordningsnummer": "0",
          "status": "",
          "typ": "uppdrag",
          "from": "2003-01-01",
          "tom": "2003-11-24",
          "uppgift": "Socialförsäkringsutskottet",
          "intressent_id": "0760437424714",
          "hangar_id": "2342808",
          "sortering": "50",
          "organ_sortering": "150",
          "uppdrag_rollsortering": "90",
          "uppdrag_statussortering": "90"
        },
        {
          "organ_kod": "SoU",
          "roll_kod": "Ledamot",
          "ordningsnummer": "3",
          "status": "",
          "typ": "uppdrag",
          "from": "2006-10-10",
          "tom": "2010-10-04",
          "uppgift": "Socialutskottet",
          "intressent_id": "0760437424714",
          "hangar_id": "2342808",
          "sortering": "30",
          "organ_sortering": "150",
          "uppdrag_rollsortering": "90",
          "uppdrag_statussortering": "90"
        },
        {
          "organ_kod": "SoU",
          "roll_kod": "Ledamot",
          "ordningsnummer": "0",
          "status": "",
          "typ": "uppdrag",
          "from": "2004-09-23",
          "tom": "2006-10-02",
          "uppgift": "Socialutskottet",
          "intressent_id": "0760437424714",
          "hangar_id": "2342808",
          "sortering": "30",
          "organ_sortering": "150",
          "uppdrag_rollsortering": "90",
          "uppdrag_statussortering": "90"
        },
        {
          "organ_kod": "SoU",
          "roll_kod": "Suppleant",
          "ordningsnummer": "0",
          "status": "",
          "typ": "uppdrag",
          "from": "2003-01-01",
          "tom": "2004-09-23",
          "uppgift": "Socialutskottet",
          "intressent_id": "0760437424714",
          "hangar_id": "2342808",
          "sortering": "50",
          "organ_sortering": "150",
          "uppdrag_rollsortering": "90",
          "uppdrag_statussortering": "90"
        },
        {
          "organ_kod": "JuSoU",
          "roll_kod": "Deputerad",
          "ordningsnummer": "0",
          "status": "",
          "typ": "uppdrag",
          "from": "2008-01-29",
          "tom": "2008-05-07",
          "uppgift": "Sammansatta justitie- och socialutskottet",
          "intressent_id": "0760437424714",
          "hangar_id": "2342808",
          "sortering": "40",
          "organ_sortering": "160",
          "uppdrag_rollsortering": "90",
          "uppdrag_statussortering": "90"
        },
        {
          "organ_kod": "JuSoU",
          "roll_kod": "Deputerad",
          "ordningsnummer": "0",
          "status": "",
          "typ": "uppdrag",
          "from": "2006-02-09",
          "tom": "2006-04-26",
          "uppgift": "Sammansatta justitie- och socialutskottet",
          "intressent_id": "0760437424714",
          "hangar_id": "2342808",
          "sortering": "40",
          "organ_sortering": "160",
          "uppdrag_rollsortering": "90",
          "uppdrag_statussortering": "90"
        },
        {
          "organ_kod": "USoU",
          "roll_kod": "Deputerad",
          "ordningsnummer": "0",
          "status": "",
          "typ": "uppdrag",
          "from": "2005-02-15",
          "tom": "2005-03-16",
          "uppgift": "Sammansatta utrikes- och socialutskottet",
          "intressent_id": "0760437424714",
          "hangar_id": "2342808",
          "sortering": "40",
          "organ_sortering": "160",
          "uppdrag_rollsortering": "90",
          "uppdrag_statussortering": "90"
        },
        {
          "organ_kod": "BoU",
          "roll_kod": "Suppleant",
          "ordningsnummer": "0",
          "status": "",
          "typ": "uppdrag",
          "from": "2003-01-01",
          "tom": "2004-09-23",
          "uppgift": "Bostadsutskottet",
          "intressent_id": "0760437424714",
          "hangar_id": "2342808",
          "sortering": "50",
          "organ_sortering": "165",
          "uppdrag_rollsortering": "90",
          "uppdrag_statussortering": "90"
        },
        {
          "organ_kod": "EUN",
          "roll_kod": "Suppleant",
          "ordningsnummer": "0",
          "status": "",
          "typ": "uppdrag",
          "from": "2006-12-06",
          "tom": "2007-05-31",
          "uppgift": "EU-nämnden",
          "intressent_id": "0760437424714",
          "hangar_id": "2342808",
          "sortering": "50",
          "organ_sortering": "170",
          "uppdrag_rollsortering": "90",
          "uppdrag_statussortering": "90"
        }
      ]
    },
    "personuppgift": {
      "uppgift": [
        {
          "kod": "sv",
          "uppgift": "Distriktschef",
          "typ": "titlar",
          "intressent_id": "0760437424714",
          "hangar_id": "2342808"
        },
        {
          "kod": "en",
          "uppgift": "",
          "typ": "titlar",
          "intressent_id": "0760437424714",
          "hangar_id": "2342808"
        }
      ]
    }
  }
}