{
  "person": {
    "hangar_guid": "488c0ae8-7787-4043-be1e-0b108f4b43fa",
    "sourceid": "1b0422cb-5de1-4681-af47-def5c361568e",
    "intressent_id": "069787178810",
    "hangar_id": "2342893",
    "fodd_ar": "1955",
    "kon": "man",
    "efternamn": "Andersson",
    "tilltalsnamn": "Widar",
    "sorteringsnamn": "Andersson,Widar",
    "iort": "",
    "parti": "S",
    "valkrets": "",
    "status": "Tidigare riksdagsledamot",
    "person_url_xml": "http://data.riksdagen.se/person/1b0422cb-5de1-4681-af47-def5c361568e",
    "bild_url_80": "http://data.riksdagen.se/filarkiv/bilder/ledamot/1b0422cb-5de1-4681-af47-def5c361568e_80.jpg",
    "bild_url_192": "http://data.riksdagen.se/filarkiv/bilder/ledamot/1b0422cb-5de1-4681-af47-def5c361568e_192.jpg",
    "bild_url_max": "http://data.riksdagen.se/filarkiv/bilder/ledamot/1b0422cb-5de1-4681-af47-def5c361568e_max.jpg",
    "personuppdrag": {
      "uppdrag": [
        {
          "organ_kod": "kam",
          "roll_kod": "Riksdagsledamot",
          "ordningsnummer": "306",
          "status": "Tjänstgörande",
          "typ": "kammaruppdrag",
          "from": "1994-10-03",
          "tom": "1998-10-05",
          "uppgift": "",
          "intressent_id": "069787178810",
          "hangar_id": "2342893",
          "sortering": "10",
          "organ_sortering": "10",
          "uppdrag_rollsortering": "60",
          "uppdrag_statussortering": "10"
        },
        {
          "organ_kod": "kam",
          "roll_kod": "Riksdagsledamot",
          "ordningsnummer": "311",
          "status": "Tjänstgörande",
          "typ": "kammaruppdrag",
          "from": "1991-09-30",
          "tom": "1994-10-03",
          "uppgift": "",
          "intressent_id": "069787178810",
          "hangar_id": "2342893",
          "sortering": "10",
          "organ_sortering": "10",
          "uppdrag_rollsortering": "60",
          "uppdrag_statussortering": "10"
        },
        {
          "organ_kod": "EG",
          "roll_kod": "Suppleant",
          "ordningsnummer": "0",
          "status": "",
          "typ": "Riksdagsorgan",
          "from": "1994-10-11",
          "tom": "1994-12-31",
          "uppgift": "EG-delegationen",
          "intressent_id": "069787178810",
          "hangar_id": "2342893",
          "sortering": "50",
          "organ_sortering": "",
          "uppdrag_rollsortering": "90",
          "uppdrag_statussortering": "90"
        },
        {
          "organ_kod": "NR",
          "roll_kod": "Ledamot",
          "ordningsnummer": "0",
          "status": "",
          "typ": "Riksdagsorgan",
          "from": "1995-11-08",
          "tom": "1997-09-15",
          "uppgift": "Nordiska rådets svenska delegation",
          "intressent_id": "069787178810",
          "hangar_id": "2342893",
          "sortering": "30",
          "organ_sortering": "300",
          "uppdrag_rollsortering": "90",
          "uppdrag_statussortering": "90"
        },
        {
          "organ_kod": "VB",
          "roll_kod": "Suppleant",
          "ordningsnummer": "0",
          "status": "",
          "typ": "Riksdagsorgan",
          "from": "1994-10-03",
          "tom": "1998-10-05",
          "uppgift": "Valberedningen",
          "intressent_id": "069787178810",
          "hangar_id": "2342893",
          "sortering": "50",
          "organ_sortering": "300",
          "uppdrag_rollsortering": "90",
          "uppdrag_statussortering": "90"
        },
        {
          "organ_kod": "JuU",
          "roll_kod": "Suppleant",
          "ordningsnummer": "0",
          "status": "",
          "typ": "uppdrag",
          "from": "1994-10-11",
          "tom": "1998-10-04",
          "uppgift": "Justitieutskottet",
          "intressent_id": "069787178810",
          "hangar_id": "2342893",
          "sortering": "50",
          "organ_sortering": "150",
          "uppdrag_rollsortering": "90",
          "uppdrag_statussortering": "90"
        },
        {
          "organ_kod": "KU",
          "roll_kod": "Ledamot",
          "ordningsnummer": "0",
          "status": "",
          "typ": "uppdrag",
          "from": "1994-10-11",
          "tom": "1998-10-04",
          "uppgift": "Konstitutionsutskottet",
          "intressent_id": "069787178810",
          "hangar_id": "2342893",
          "sortering": "30",
          "organ_sortering": "150",
          "uppdrag_rollsortering": "90",
          "uppdrag_statussortering": "90"
        },
        {
          "organ_kod": "SfU",
          "roll_kod": "Suppleant",
          "ordningsnummer": "0",
          "status": "",
          "typ": "uppdrag",
          "from": "1991-10-08",
          "tom": "1994-10-02",
          "uppgift": "Socialförsäkringsutskottet",
          "intressent_id": "069787178810",
          "hangar_id": "2342893",
          "sortering": "50",
          "organ_sortering": "150",
          "uppdrag_rollsortering": "90",
          "uppdrag_statussortering": "90"
        },
        {
          "organ_kod": "LU",
          "roll_kod": "Suppleant",
          "ordningsnummer": "0",
          "status": "",
          "typ": "uppdrag",
          "from": "1991-10-08",
          "tom": "1994-10-02",
          "uppgift": "Lagutskottet",
          "intressent_id": "069787178810",
          "hangar_id": "2342893",
          "sortering": "50",
          "organ_sortering": "165",
          "uppdrag_rollsortering": "90",
          "uppdrag_statussortering": "90"
        }
      ]
    },
    "personuppgift": {
      "uppgift": {
        "kod": "Webbsida",
        "uppgift": "http://ourworld.compuserve.com/homepages/widar_andersson/",
        "typ": "eadress",
        "intressent_id": "069787178810",
        "hangar_id": "2342893"
      }
    }
  }
}