{
  "person": {
    "hangar_guid": "7069561e-7fec-418b-b354-ebef0479f6e2",
    "sourceid": "762ab033-e230-4a4a-ab5b-45a4aeeaa340",
    "intressent_id": "0777657837318",
    "hangar_id": "2342862",
    "fodd_ar": "1955",
    "kon": "man",
    "efternamn": "Andersson",
    "tilltalsnamn": "Anders",
    "sorteringsnamn": "Andersson,Anders",
    "iort": "",
    "parti": "KD",
    "valkrets": "Kalmar län",
    "status": "Tidigare riksdagsledamot",
    "person_url_xml": "http://data.riksdagen.se/person/762ab033-e230-4a4a-ab5b-45a4aeeaa340",
    "bild_url_80": "http://data.riksdagen.se/filarkiv/bilder/ledamot/762ab033-e230-4a4a-ab5b-45a4aeeaa340_80.jpg",
    "bild_url_192": "http://data.riksdagen.se/filarkiv/bilder/ledamot/762ab033-e230-4a4a-ab5b-45a4aeeaa340_192.jpg",
    "bild_url_max": "http://data.riksdagen.se/filarkiv/bilder/ledamot/762ab033-e230-4a4a-ab5b-45a4aeeaa340_max.jpg",
    "personuppdrag": {
      "uppdrag": [
        {
          "organ_kod": "kam",
          "roll_kod": "Riksdagsledamot",
          "ordningsnummer": "255",
          "status": "Tjänstgörande",
          "typ": "kammaruppdrag",
          "from": "2010-10-04",
          "tom": "2014-09-29",
          "uppgift": "",
          "intressent_id": "0777657837318",
          "hangar_id": "2342862",
          "sortering": "10",
          "organ_sortering": "10",
          "uppdrag_rollsortering": "60",
          "uppdrag_statussortering": "10"
        },
        {
          "organ_kod": "kam",
          "roll_kod": "Riksdagsledamot",
          "ordningsnummer": "60",
          "status": "Tjänstgörande",
          "typ": "kammaruppdrag",
          "from": "2009-11-01",
          "tom": "2010-10-04",
          "uppgift": "",
          "intressent_id": "0777657837318",
          "hangar_id": "2342862",
          "sortering": "10",
          "organ_sortering": "10",
          "uppdrag_rollsortering": "60",
          "uppdrag_statussortering": "10"
        },
        {
          "organ_kod": "kam",
          "roll_kod": "Riksdagsledamot",
          "ordningsnummer": "0",
          "status": "Tjänstgörande",
          "typ": "kammaruppdrag",
          "from": "1998-10-05",
          "tom": "1998-10-05",
          "uppgift": "",
          "intressent_id": "0777657837318",
          "hangar_id": "2342862",
          "sortering": "10",
          "organ_sortering": "10",
          "uppdrag_rollsortering": "60",
          "uppdrag_statussortering": "10"
        },
        {
          "organ_kod": "KD",
          "roll_kod": "Vice gruppledare",
          "ordningsnummer": "0",
          "status": "",
          "typ": "partiuppdrag",
          "from": "2012-02-21",
          "tom": "2014-09-29",
          "uppgift": "Kristdemokraterna",
          "intressent_id": "0777657837318",
          "hangar_id": "2342862",
          "sortering": "30",
          "organ_sortering": "300",
          "uppdrag_rollsortering": "90",
          "uppdrag_statussortering": "90"
        },
        {
          "organ_kod": "NR",
          "roll_kod": "Ledamot",
          "ordningsnummer": "15",
          "status": "",
          "typ": "Riksdagsorgan",
          "from": "2013-09-17",
          "tom": "2014-09-29",
          "uppgift": "Nordiska rådets svenska delegation",
          "intressent_id": "0777657837318",
          "hangar_id": "2342862",
          "sortering": "30",
          "organ_sortering": "300",
          "uppdrag_rollsortering": "90",
          "uppdrag_statussortering": "90"
        },
        {
          "organ_kod": "NR",
          "roll_kod": "Ledamot",
          "ordningsnummer": "15",
          "status": "",
          "typ": "Riksdagsorgan",
          "from": "2012-10-04",
          "tom": "2013-09-16",
          "uppgift": "Nordiska rådets svenska delegation",
          "intressent_id": "0777657837318",
          "hangar_id": "2342862",
          "sortering": "30",
          "organ_sortering": "300",
          "uppdrag_rollsortering": "90",
          "uppdrag_statussortering": "90"
        },
        {
          "organ_kod": "NR",
          "roll_kod": "Ledamot",
          "ordningsnummer": "15",
          "status": "",
          "typ": "Riksdagsorgan",
          "from": "2011-10-12",
          "tom": "2012-09-18",
          "uppgift": "Nordiska rådets svenska delegation",
          "intressent_id": "0777657837318",
          "hangar_id": "2342862",
          "sortering": "30",
          "organ_sortering": "300",
          "uppdrag_rollsortering": "90",
          "uppdrag_statussortering": "90"
        },
        {
          "organ_kod": "NR",
          "roll_kod": "Ledamot",
          "ordningsnummer": "15",
          "status": "",
          "typ": "Riksdagsorgan",
          "from": "2010-10-19",
          "tom": "2011-09-15",
          "uppgift": "Nordiska rådets svenska delegation",
          "intressent_id": "0777657837318",
          "hangar_id": "2342862",
          "sortering": "30",
          "organ_sortering": "300",
          "uppdrag_rollsortering": "90",
          "uppdrag_statussortering": "90"
        },
        {
          "organ_kod": "FiU",
          "roll_kod": "Suppleant",
          "ordningsnummer": "24",
          "status": "",
          "typ": "uppdrag",
          "from": "2010-12-20",
          "tom": "2014-09-29",
          "uppgift": "Finansutskottet",
          "intressent_id": "0777657837318",
          "hangar_id": "2342862",
          "sortering": "50",
          "organ_sortering": "150",
          "uppdrag_rollsortering": "90",
          "uppdrag_statussortering": "90"
        },
        {
          "organ_kod": "SoU",
          "roll_kod": "Ledamot",
          "ordningsnummer": "15",
          "status": "",
          "typ": "uppdrag",
          "from": "2010-10-12",
          "tom": "2014-09-29",
          "uppgift": "Socialutskottet",
          "intressent_id": "0777657837318",
          "hangar_id": "2342862",
          "sortering": "30",
          "organ_sortering": "150",
          "uppdrag_rollsortering": "90",
          "uppdrag_statussortering": "90"
        },
        {
          "organ_kod": "SoU",
          "roll_kod": "Ledamot",
          "ordningsnummer": "12",
          "status": "",
          "typ": "uppdrag",
          "from": "2009-11-04",
          "tom": "2010-10-04",
          "uppgift": "Socialutskottet",
          "intressent_id": "0777657837318",
          "hangar_id": "2342862",
          "sortering": "30",
          "organ_sortering": "150",
          "uppdrag_rollsortering": "90",
          "uppdrag_statussortering": "90"
        }
      ]
    },
    "personuppgift": {
      "uppgift": [
        {
          "kod": "sv",
          "uppgift": "Ombudsman/Studieinformatör",
          "typ": "titlar",
          "intressent_id": "0777657837318",
          "hangar_id": "2342862"
        },
        {
          "kod": "en",
          "uppgift": "",
          "typ": "titlar",
          "intressent_id": "0777657837318",
          "hangar_id": "2342862"
        }
      ]
    }
  }
}