{
  "person": {
    "hangar_guid": "5522e622-a4c6-4e37-b0ad-33a75b62c4f9",
    "sourceid": "b5282e79-581f-4470-bed6-a9f47bb3e2d5",
    "intressent_id": "0273732267214",
    "hangar_id": "2343343",
    "fodd_ar": "1966",
    "kon": "man",
    "efternamn": "Andersson",
    "tilltalsnamn": "Jan",
    "sorteringsnamn": "Andersson,Jan",
    "iort": "",
    "parti": "C",
    "valkrets": "Hallands län",
    "status": "Tidigare riksdagsledamot",
    "person_url_xml": "http://data.riksdagen.se/person/b5282e79-581f-4470-bed6-a9f47bb3e2d5",
    "bild_url_80": "http://data.riksdagen.se/filarkiv/bilder/ledamot/b5282e79-581f-4470-bed6-a9f47bb3e2d5_80.jpg",
    "bild_url_192": "http://data.riksdagen.se/filarkiv/bilder/ledamot/b5282e79-581f-4470-bed6-a9f47bb3e2d5_192.jpg",
    "bild_url_max": "http://data.riksdagen.se/filarkiv/bilder/ledamot/b5282e79-581f-4470-bed6-a9f47bb3e2d5_max.jpg",
    "personuppdrag": {
      "uppdrag": [
        {
          "organ_kod": "kam",
          "roll_kod": "Riksdagsledamot",
          "ordningsnummer": "127",
          "status": "Tjänstgörande",
          "typ": "kammaruppdrag",
          "from": "2007-07-16",
          "tom": "2010-10-04",
          "uppgift": "",
          "intressent_id": "0273732267214",
          "hangar_id": "2343343",
          "sortering": "10",
          "organ_sortering": "10",
          "uppdrag_rollsortering": "60",
          "uppdrag_statussortering": "10"
        },
        {
          "organ_kod": "kam",
          "roll_kod": "Riksdagsledamot",
          "ordningsnummer": "127",
          "status": "Ledig",
          "typ": "kammaruppdrag",
          "from": "2007-02-13",
          "tom": "2007-07-15",
          "uppgift": "Kristin Oretorp 2007-02-13 - 2007-07-15",
          "intressent_id": "0273732267214",
          "hangar_id": "2343343",
          "sortering": "10",
          "organ_sortering": "10",
          "uppdrag_rollsortering": "60",
          "uppdrag_statussortering": "30"
        },
        {
          "organ_kod": "kam",
          "roll_kod": "Riksdagsledamot",
          "ordningsnummer": "127",
          "status": "Tjänstgörande",
          "typ": "kammaruppdrag",
          "from": "2006-10-02",
          "tom": "2007-02-12",
          "uppgift": "",
          "intressent_id": "0273732267214",
          "hangar_id": "2343343",
          "sortering": "10",
          "organ_sortering": "10",
          "uppdrag_rollsortering": "60",
          "uppdrag_statussortering": "10"
        },
        {
          "organ_kod": "kam",
          "roll_kod": "Riksdagsledamot",
          "ordningsnummer": "199",
          "status": "Tjänstgörande",
          "typ": "kammaruppdrag",
          "from": "2002-09-30",
          "tom": "2006-10-02",
          "uppgift": "",
          "intressent_id": "0273732267214",
          "hangar_id": "2343343",
          "sortering": "10",
          "organ_sortering": "10",
          "uppdrag_rollsortering": "60",
          "uppdrag_statussortering": "10"
        },
        {
          "organ_kod": "MJU",
          "roll_kod": "Suppleant",
          "ordningsnummer": "16",
          "status": "",
          "typ": "uppdrag",
          "from": "2006-10-10",
          "tom": "2010-10-04",
          "uppgift": "Miljö- och jordbruksutskottet",
          "intressent_id": "0273732267214",
          "hangar_id": "2343343",
          "sortering": "50",
          "organ_sortering": "150",
          "uppdrag_rollsortering": "90",
          "uppdrag_statussortering": "90"
        },
        {
          "organ_kod": "MJU",
          "roll_kod": "Ledamot",
          "ordningsnummer": "0",
          "status": "",
          "typ": "uppdrag",
          "from": "2002-10-08",
          "tom": "2006-10-02",
          "uppgift": "Miljö- och jordbruksutskottet",
          "intressent_id": "0273732267214",
          "hangar_id": "2343343",
          "sortering": "30",
          "organ_sortering": "150",
          "uppdrag_rollsortering": "90",
          "uppdrag_statussortering": "90"
        },
        {
          "organ_kod": "NU",
          "roll_kod": "Ledamot",
          "ordningsnummer": "6",
          "status": "",
          "typ": "uppdrag",
          "from": "2006-10-10",
          "tom": "2010-10-04",
          "uppgift": "Näringsutskottet",
          "intressent_id": "0273732267214",
          "hangar_id": "2343343",
          "sortering": "30",
          "organ_sortering": "150",
          "uppdrag_rollsortering": "90",
          "uppdrag_statussortering": "90"
        },
        {
          "organ_kod": "TU",
          "roll_kod": "Suppleant",
          "ordningsnummer": "0",
          "status": "",
          "typ": "uppdrag",
          "from": "2002-10-08",
          "tom": "2004-09-19",
          "uppgift": "Trafikutskottet",
          "intressent_id": "0273732267214",
          "hangar_id": "2343343",
          "sortering": "50",
          "organ_sortering": "150",
          "uppdrag_rollsortering": "90",
          "uppdrag_statussortering": "90"
        },
        {
          "organ_kod": "EUN",
          "roll_kod": "Ledamot",
          "ordningsnummer": "0",
          "status": "",
          "typ": "uppdrag",
          "from": "2004-09-20",
          "tom": "2006-10-10",
          "uppgift": "EU-nämnden",
          "intressent_id": "0273732267214",
          "hangar_id": "2343343",
          "sortering": "30",
          "organ_sortering": "170",
          "uppdrag_rollsortering": "90",
          "uppdrag_statussortering": "90"
        }
      ]
    },
    "personuppgift": {
      "uppgift": [
        {
          "kod": "sv",
          "uppgift": "Lantbrukare",
          "typ": "titlar",
          "intressent_id": "0273732267214",
          "hangar_id": "2343343"
        },
        {
          "kod": "en",
          "uppgift": "Agriculturalist",
          "typ": "titlar",
          "intressent_id": "0273732267214",
          "hangar_id": "2343343"
        }
      ]
    }
  }
}