{
  "person": {
    "hangar_guid": "a043d21b-06dc-41b3-8431-9d1b70114e9a",
    "sourceid": "f90a84f8-6787-480e-a824-71ffe82ca636",
    "intressent_id": "0791916121004",
    "hangar_id": "2341712",
    "fodd_ar": "1927",
    "kon": "man",
    "efternamn": "Andersson",
    "tilltalsnamn": "Lennart",
    "sorteringsnamn": "Andersson,Lennart",
    "iort": "",
    "parti": "S",
    "valkrets": "",
    "status": "Avliden  2016-08-18",
    "person_url_xml": "http://data.riksdagen.se/person/f90a84f8-6787-480e-a824-71ffe82ca636",
    "bild_url_80": "http://data.riksdagen.se/filarkiv/bilder/ledamot/f90a84f8-6787-480e-a824-71ffe82ca636_80.jpg",
    "bild_url_192": "http://data.riksdagen.se/filarkiv/bilder/ledamot/f90a84f8-6787-480e-a824-71ffe82ca636_192.jpg",
    "bild_url_max": "http://data.riksdagen.se/filarkiv/bilder/ledamot/f90a84f8-6787-480e-a824-71ffe82ca636_max.jpg",
    "personuppdrag": {
      "uppdrag": [
        {
          "organ_kod": "kam",
          "roll_kod": "Riksdagsledamot",
          "ordningsnummer": "33",
          "status": "Tjänstgörande",
          "typ": "kammaruppdrag",
          "from": "1988-10-03",
          "tom": "1991-09-30",
          "uppgift": "",
          "intressent_id": "0791916121004",
          "hangar_id": "2341712",
          "sortering": "10",
          "organ_sortering": "10",
          "uppdrag_rollsortering": "60",
          "uppdrag_statussortering": "10"
        },
        {
          "organ_kod": "kam",
          "roll_kod": "Riksdagsledamot",
          "ordningsnummer": "0",
          "status": "Tjänstgörande",
          "typ": "kammaruppdrag",
          "from": "1985-09-30",
          "tom": "1988-10-03",
          "uppgift": "",
          "intressent_id": "0791916121004",
          "hangar_id": "2341712",
          "sortering": "10",
          "organ_sortering": "10",
          "uppdrag_rollsortering": "60",
          "uppdrag_statussortering": "10"
        },
        {
          "organ_kod": "kam",
          "roll_kod": "Riksdagsledamot",
          "ordningsnummer": "0",
          "status": "Tjänstgörande",
          "typ": "kammaruppdrag",
          "from": "1982-10-04",
          "tom": "1985-09-30",
          "uppgift": "",
          "intressent_id": "0791916121004",
          "hangar_id": "2341712",
          "sortering": "10",
          "organ_sortering": "10",
          "uppdrag_rollsortering": "60",
          "uppdrag_statussortering": "10"
        },
        {
          "organ_kod": "kam",
          "roll_kod": "Riksdagsledamot",
          "ordningsnummer": "0",
          "status": "Tjänstgörande",
          "typ": "kammaruppdrag",
          "from": "1979-10-01",
          "tom": "1982-10-04",
          "uppgift": "",
          "intressent_id": "0791916121004",
          "hangar_id": "2341712",
          "sortering": "10",
          "organ_sortering": "10",
          "uppdrag_rollsortering": "60",
          "uppdrag_statussortering": "10"
        },
        {
          "organ_kod": "kam",
          "roll_kod": "Riksdagsledamot",
          "ordningsnummer": "0",
          "status": "Tjänstgörande",
          "typ": "kammaruppdrag",
          "from": "1976-10-04",
          "tom": "1979-10-01",
          "uppgift": "",
          "intressent_id": "0791916121004",
          "hangar_id": "2341712",
          "sortering": "10",
          "organ_sortering": "10",
          "uppdrag_rollsortering": "60",
          "uppdrag_statussortering": "10"
        },
        {
          "organ_kod": "UN",
          "roll_kod": "Ledamot",
          "ordningsnummer": "0",
          "status": "",
          "typ": "Riksdagsorgan",
          "from": "1989-02-09",
          "tom": "1991-09-30",
          "uppgift": "Utrikesnämnden",
          "intressent_id": "0791916121004",
          "hangar_id": "2341712",
          "sortering": "30",
          "organ_sortering": "300",
          "uppdrag_rollsortering": "90",
          "uppdrag_statussortering": "90"
        }
      ]
    },
    "personuppgift": {
      "uppgift": [
        {
          "kod": "sv",
          "uppgift": "studieombudsman",
          "typ": "titlar",
          "intressent_id": "0791916121004",
          "hangar_id": "2341712"
        },
        {
          "kod": "en",
          "uppgift": "",
          "typ": "titlar",
          "intressent_id": "0791916121004",
          "hangar_id": "2341712"
        }
      ]
    }
  }
}