{
  "person": {
    "hangar_guid": "fb7b6388-f24d-448e-aaf4-776f4011bc75",
    "sourceid": "4ddb02e0-2a49-4cea-8a99-2a1fe307ea49",
    "intressent_id": "0480085646428",
    "hangar_id": "3057126",
    "fodd_ar": "1974",
    "kon": "man",
    "efternamn": "Andersson",
    "tilltalsnamn": "Erik",
    "sorteringsnamn": "Andersson,Erik",
    "iort": "",
    "parti": "M",
    "valkrets": "Stockholms län",
    "status": "Avgången riksdagsledamot",
    "person_url_xml": "http://data.riksdagen.se/person/4ddb02e0-2a49-4cea-8a99-2a1fe307ea49",
    "bild_url_80": "http://data.riksdagen.se/filarkiv/bilder/ledamot/4ddb02e0-2a49-4cea-8a99-2a1fe307ea49_80.jpg",
    "bild_url_192": "http://data.riksdagen.se/filarkiv/bilder/ledamot/4ddb02e0-2a49-4cea-8a99-2a1fe307ea49_192.jpg",
    "bild_url_max": "http://data.riksdagen.se/filarkiv/bilder/ledamot/4ddb02e0-2a49-4cea-8a99-2a1fe307ea49_max.jpg",
    "personuppdrag": {
      "uppdrag": [
        {
          "organ_kod": "kam",
          "roll_kod": "Riksdagsledamot",
          "ordningsnummer": "142",
          "status": "Tjänstgörande",
          "typ": "kammaruppdrag",
          "from": "2018-09-24",
          "tom": "2018-11-11",
          "uppgift": "",
          "intressent_id": "0480085646428",
          "hangar_id": "3057126",
          "sortering": "10",
          "organ_sortering": "10",
          "uppdrag_rollsortering": "60",
          "uppdrag_statussortering": "10"
        },
        {
          "organ_kod": "kam",
          "roll_kod": "Riksdagsledamot",
          "ordningsnummer": "282",
          "status": "Tjänstgörande",
          "typ": "kammaruppdrag",
          "from": "2014-09-29",
          "tom": "2018-09-24",
          "uppgift": "",
          "intressent_id": "0480085646428",
          "hangar_id": "3057126",
          "sortering": "10",
          "organ_sortering": "10",
          "uppdrag_rollsortering": "60",
          "uppdrag_statussortering": "10"
        },
        {
          "organ_kod": "VB",
          "roll_kod": "Suppleant",
          "ordningsnummer": "2",
          "status": "",
          "typ": "Riksdagsorgan",
          "from": "2016-10-26",
          "tom": "2018-09-24",
          "uppgift": "Valberedningen",
          "intressent_id": "0480085646428",
          "hangar_id": "3057126",
          "sortering": "50",
          "organ_sortering": "300",
          "uppdrag_rollsortering": "90",
          "uppdrag_statussortering": "90"
        },
        {
          "organ_kod": "AU",
          "roll_kod": "Suppleant",
          "ordningsnummer": "2",
          "status": "",
          "typ": "uppdrag",
          "from": "2016-01-22",
          "tom": "2018-09-24",
          "uppgift": "Arbetsmarknadsutskottet",
          "intressent_id": "0480085646428",
          "hangar_id": "3057126",
          "sortering": "50",
          "organ_sortering": "150",
          "uppdrag_rollsortering": "90",
          "uppdrag_statussortering": "90"
        },
        {
          "organ_kod": "KU",
          "roll_kod": "Suppleant",
          "ordningsnummer": "11",
          "status": "",
          "typ": "uppdrag",
          "from": "2018-01-19",
          "tom": "2018-09-24",
          "uppgift": "Konstitutionsutskottet",
          "intressent_id": "0480085646428",
          "hangar_id": "3057126",
          "sortering": "50",
          "organ_sortering": "150",
          "uppdrag_rollsortering": "90",
          "uppdrag_statussortering": "90"
        },
        {
          "organ_kod": "KU",
          "roll_kod": "Suppleant",
          "ordningsnummer": "27",
          "status": "",
          "typ": "uppdrag",
          "from": "2015-05-08",
          "tom": "2018-01-19",
          "uppgift": "Konstitutionsutskottet",
          "intressent_id": "0480085646428",
          "hangar_id": "3057126",
          "sortering": "50",
          "organ_sortering": "150",
          "uppdrag_rollsortering": "90",
          "uppdrag_statussortering": "90"
        },
        {
          "organ_kod": "SkU",
          "roll_kod": "Suppleant",
          "ordningsnummer": "7",
          "status": "",
          "typ": "uppdrag",
          "from": "2016-10-28",
          "tom": "2018-09-24",
          "uppgift": "Skatteutskottet",
          "intressent_id": "0480085646428",
          "hangar_id": "3057126",
          "sortering": "50",
          "organ_sortering": "150",
          "uppdrag_rollsortering": "90",
          "uppdrag_statussortering": "90"
        },
        {
          "organ_kod": "SkU",
          "roll_kod": "Suppleant",
          "ordningsnummer": "2",
          "status": "",
          "typ": "uppdrag",
          "from": "2015-10-01",
          "tom": "2016-03-03",
          "uppgift": "Skatteutskottet",
          "intressent_id": "0480085646428",
          "hangar_id": "3057126",
          "sortering": "50",
          "organ_sortering": "150",
          "uppdrag_rollsortering": "90",
          "uppdrag_statussortering": "90"
        },
        {
          "organ_kod": "SkU",
          "roll_kod": "Suppleant",
          "ordningsnummer": "4",
          "status": "",
          "typ": "uppdrag",
          "from": "2014-10-07",
          "tom": "2015-10-01",
          "uppgift": "Skatteutskottet",
          "intressent_id": "0480085646428",
          "hangar_id": "3057126",
          "sortering": "50",
          "organ_sortering": "150",
          "uppdrag_rollsortering": "90",
          "uppdrag_statussortering": "90"
        },
        {
          "organ_kod": "UU",
          "roll_kod": "Suppleant",
          "ordningsnummer": "2",
          "status": "",
          "typ": "uppdrag",
          "from": "2018-10-02",
          "tom": "2018-11-11",
          "uppgift": "Utrikesutskottet",
          "intressent_id": "0480085646428",
          "hangar_id": "3057126",
          "sortering": "50",
          "organ_sortering": "150",
          "uppdrag_rollsortering": "90",
          "uppdrag_statussortering": "90"
        }
      ]
    },
    "personuppgift": {
      "uppgift": [
        {
          "kod": "sv",
          "uppgift": "Ekonomie kandidat.",
          "typ": "titlar",
          "intressent_id": "0480085646428",
          "hangar_id": "3057126"
        },
        {
          "kod": "en",
          "uppgift": "",
          "typ": "titlar",
          "intressent_id": "0480085646428",
          "hangar_id": "3057126"
        },
        {
          "kod": "KandiderarINastaVal",
          "uppgift": "true",
          "typ": "val",
          "intressent_id": "0480085646428",
          "hangar_id": "3057126"
        }
      ]
    }
  }
}