{
  "person": {
    "hangar_guid": "307badb6-5db3-42db-9f99-a70e259df8e6",
    "sourceid": "b965d61e-daa6-49b8-92ca-a89ffe013573",
    "intressent_id": "0275356156309",
    "hangar_id": "2341722",
    "fodd_ar": "1928",
    "kon": "man",
    "efternamn": "Andersson",
    "tilltalsnamn": "Arne",
    "sorteringsnamn": "Andersson,Arne",
    "iort": "",
    "parti": "M",
    "valkrets": "",
    "status": "Tidigare riksdagsledamot",
    "person_url_xml": "http://data.riksdagen.se/person/b965d61e-daa6-49b8-92ca-a89ffe013573",
    "bild_url_80": "http://data.riksdagen.se/filarkiv/bilder/ledamot/b965d61e-daa6-49b8-92ca-a89ffe013573_80.jpg",
    "bild_url_192": "http://data.riksdagen.se/filarkiv/bilder/ledamot/b965d61e-daa6-49b8-92ca-a89ffe013573_192.jpg",
    "bild_url_max": "http://data.riksdagen.se/filarkiv/bilder/ledamot/b965d61e-daa6-49b8-92ca-a89ffe013573_max.jpg",
    "personuppdrag": {
      "uppdrag": [
        {
          "organ_kod": "kam",
          "roll_kod": "Riksdagsledamot",
          "ordningsnummer": "221",
          "status": "Tjänstgörande",
          "typ": "kammaruppdrag",
          "from": "1994-10-03",
          "tom": "1998-10-05",
          "uppgift": "",
          "intressent_id": "0275356156309",
          "hangar_id": "2341722",
          "sortering": "10",
          "organ_sortering": "10",
          "uppdrag_rollsortering": "60",
          "uppdrag_statussortering": "10"
        },
        {
          "organ_kod": "kam",
          "roll_kod": "Riksdagsledamot",
          "ordningsnummer": "224",
          "status": "Tjänstgörande",
          "typ": "kammaruppdrag",
          "from": "1991-09-30",
          "tom": "1994-10-03",
          "uppgift": "",
          "intressent_id": "0275356156309",
          "hangar_id": "2341722",
          "sortering": "10",
          "organ_sortering": "10",
          "uppdrag_rollsortering": "60",
          "uppdrag_statussortering": "10"
        },
        {
          "organ_kod": "kam",
          "roll_kod": "Riksdagsledamot",
          "ordningsnummer": "228",
          "status": "Tjänstgörande",
          "typ": "kammaruppdrag",
          "from": "1988-10-03",
          "tom": "1991-09-30",
          "uppgift": "",
          "intressent_id": "0275356156309",
          "hangar_id": "2341722",
          "sortering": "10",
          "organ_sortering": "10",
          "uppdrag_rollsortering": "60",
          "uppdrag_statussortering": "10"
        },
        {
          "organ_kod": "kam",
          "roll_kod": "Riksdagsledamot",
          "ordningsnummer": "0",
          "status": "Tjänstgörande",
          "typ": "kammaruppdrag",
          "from": "1985-09-30",
          "tom": "1988-10-03",
          "uppgift": "",
          "intressent_id": "0275356156309",
          "hangar_id": "2341722",
          "sortering": "10",
          "organ_sortering": "10",
          "uppdrag_rollsortering": "60",
          "uppdrag_statussortering": "10"
        },
        {
          "organ_kod": "kam",
          "roll_kod": "Riksdagsledamot",
          "ordningsnummer": "0",
          "status": "Tjänstgörande",
          "typ": "kammaruppdrag",
          "from": "1982-10-04",
          "tom": "1985-09-30",
          "uppgift": "",
          "intressent_id": "0275356156309",
          "hangar_id": "2341722",
          "sortering": "10",
          "organ_sortering": "10",
          "uppdrag_rollsortering": "60",
          "uppdrag_statussortering": "10"
        },
        {
          "organ_kod": "kam",
          "roll_kod": "Riksdagsledamot",
          "ordningsnummer": "0",
          "status": "Tjänstgörande",
          "typ": "kammaruppdrag",
          "from": "1979-10-01",
          "tom": "1982-10-04",
          "uppgift": "",
          "intressent_id": "0275356156309",
          "hangar_id": "2341722",
          "sortering": "10",
          "organ_sortering": "10",
          "uppdrag_rollsortering": "60",
          "uppdrag_statussortering": "10"
        },
        {
          "organ_kod": "kam",
          "roll_kod": "Riksdagsledamot",
          "ordningsnummer": "0",
          "status": "Tjänstgörande",
          "typ": "kammaruppdrag",
          "from": "1976-10-04",
          "tom": "1979-10-01",
          "uppgift": "",
          "intressent_id": "0275356156309",
          "hangar_id": "2341722",
          "sortering": "10",
          "organ_sortering": "10",
          "uppdrag_rollsortering": "60",
          "uppdrag_statussortering": "10"
        },
        {
          "organ_kod": "KD",
          "roll_kod": "Ledamot",
          "ordningsnummer": "0",
          "status": "",
          "typ": "Riksdagsorgan",
          "from": "1994-10-18",
          "tom": "1998-10-05",
          "uppgift": "Krigsdelegationen",
          "intressent_id": "0275356156309",
          "hangar_id": "2341722",
          "sortering": "30",
          "organ_sortering": "300",
          "uppdrag_rollsortering": "90",
          "uppdrag_statussortering": "90"
        },
        {
          "organ_kod": "KD",
          "roll_kod": "Ledamot",
          "ordningsnummer": "0",
          "status": "",
          "typ": "Riksdagsorgan",
          "from": "1982-10-04",
          "tom": "1994-10-03",
          "uppgift": "Krigsdelegationen",
          "intressent_id": "0275356156309",
          "hangar_id": "2341722",
          "sortering": "30",
          "organ_sortering": "300",
          "uppdrag_rollsortering": "90",
          "uppdrag_statussortering": "90"
        },
        {
          "organ_kod": "NR",
          "roll_kod": "Ledamot",
          "ordningsnummer": "0",
          "status": "",
          "typ": "Riksdagsorgan",
          "from": "1994-10-18",
          "tom": "1998-10-05",
          "uppgift": "Nordiska rådets svenska delegation",
          "intressent_id": "0275356156309",
          "hangar_id": "2341722",
          "sortering": "30",
          "organ_sortering": "300",
          "uppdrag_rollsortering": "90",
          "uppdrag_statussortering": "90"
        },
        {
          "organ_kod": "NR",
          "roll_kod": "Ledamot",
          "ordningsnummer": "0",
          "status": "",
          "typ": "Riksdagsorgan",
          "from": "1991-10-18",
          "tom": "1994-10-03",
          "uppgift": "Nordiska rådets svenska delegation",
          "intressent_id": "0275356156309",
          "hangar_id": "2341722",
          "sortering": "30",
          "organ_sortering": "300",
          "uppdrag_rollsortering": "90",
          "uppdrag_statussortering": "90"
        },
        {
          "organ_kod": "NR",
          "roll_kod": "Suppleant",
          "ordningsnummer": "0",
          "status": "",
          "typ": "Riksdagsorgan",
          "from": "1986-10-07",
          "tom": "1991-09-30",
          "uppgift": "Nordiska rådets svenska delegation",
          "intressent_id": "0275356156309",
          "hangar_id": "2341722",
          "sortering": "50",
          "organ_sortering": "300",
          "uppdrag_rollsortering": "90",
          "uppdrag_statussortering": "90"
        },
        {
          "organ_kod": "NR",
          "roll_kod": "Ledamot",
          "ordningsnummer": "0",
          "status": "",
          "typ": "Riksdagsorgan",
          "from": "1984-10-02",
          "tom": "1986-10-07",
          "uppgift": "Nordiska rådets svenska delegation",
          "intressent_id": "0275356156309",
          "hangar_id": "2341722",
          "sortering": "30",
          "organ_sortering": "300",
          "uppdrag_rollsortering": "90",
          "uppdrag_statussortering": "90"
        },
        {
          "organ_kod": "NR",
          "roll_kod": "Suppleant",
          "ordningsnummer": "0",
          "status": "",
          "typ": "Riksdagsorgan",
          "from": "1982-10-04",
          "tom": "1983-10-04",
          "uppgift": "Nordiska rådets svenska delegation",
          "intressent_id": "0275356156309",
          "hangar_id": "2341722",
          "sortering": "50",
          "organ_sortering": "300",
          "uppdrag_rollsortering": "90",
          "uppdrag_statussortering": "90"
        },
        {
          "organ_kod": "UN",
          "roll_kod": "Suppleant",
          "ordningsnummer": "0",
          "status": "",
          "typ": "Riksdagsorgan",
          "from": "1994-10-18",
          "tom": "1998-10-05",
          "uppgift": "Utrikesnämnden",
          "intressent_id": "0275356156309",
          "hangar_id": "2341722",
          "sortering": "50",
          "organ_sortering": "300",
          "uppdrag_rollsortering": "90",
          "uppdrag_statussortering": "90"
        },
        {
          "organ_kod": "UN",
          "roll_kod": "Ledamot",
          "ordningsnummer": "0",
          "status": "",
          "typ": "Riksdagsorgan",
          "from": "1991-10-15",
          "tom": "1994-10-03",
          "uppgift": "Utrikesnämnden",
          "intressent_id": "0275356156309",
          "hangar_id": "2341722",
          "sortering": "30",
          "organ_sortering": "300",
          "uppdrag_rollsortering": "90",
          "uppdrag_statussortering": "90"
        },
        {
          "organ_kod": "UN",
          "roll_kod": "Suppleant",
          "ordningsnummer": "0",
          "status": "",
          "typ": "Riksdagsorgan",
          "from": "1988-10-18",
          "tom": "1991-09-30",
          "uppgift": "Utrikesnämnden",
          "intressent_id": "0275356156309",
          "hangar_id": "2341722",
          "sortering": "50",
          "organ_sortering": "300",
          "uppdrag_rollsortering": "90",
          "uppdrag_statussortering": "90"
        },
        {
          "organ_kod": "VB",
          "roll_kod": "Suppleant",
          "ordningsnummer": "0",
          "status": "",
          "typ": "Riksdagsorgan",
          "from": "1994-10-03",
          "tom": "1998-10-05",
          "uppgift": "Valberedningen",
          "intressent_id": "0275356156309",
          "hangar_id": "2341722",
          "sortering": "50",
          "organ_sortering": "300",
          "uppdrag_rollsortering": "90",
          "uppdrag_statussortering": "90"
        },
        {
          "organ_kod": "VB",
          "roll_kod": "Ledamot",
          "ordningsnummer": "0",
          "status": "",
          "typ": "Riksdagsorgan",
          "from": "1991-09-30",
          "tom": "1994-10-03",
          "uppgift": "Valberedningen",
          "intressent_id": "0275356156309",
          "hangar_id": "2341722",
          "sortering": "30",
          "organ_sortering": "300",
          "uppdrag_rollsortering": "90",
          "uppdrag_statussortering": "90"
        },
        {
          "organ_kod": "VB",
          "roll_kod": "Suppleant",
          "ordningsnummer": "0",
          "status": "",
          "typ": "Riksdagsorgan",
          "from": "1988-10-03",
          "tom": "1991-09-30",
          "uppgift": "Valberedningen",
          "intressent_id": "0275356156309",
          "hangar_id": "2341722",
          "sortering": "50",
          "organ_sortering": "300",
          "uppdrag_rollsortering": "90",
          "uppdrag_statussortering": "90"
        },
        {
          "organ_kod": "FöU",
          "roll_kod": "Ledamot",
          "ordningsnummer": "0",
          "status": "",
          "typ": "uppdrag",
          "from": "1994-10-11",
          "tom": "1998-10-04",
          "uppgift": "Försvarsutskottet",
          "intressent_id": "0275356156309",
          "hangar_id": "2341722",
          "sortering": "30",
          "organ_sortering": "150",
          "uppdrag_rollsortering": "90",
          "uppdrag_statussortering": "90"
        },
        {
          "organ_kod": "FöU",
          "roll_kod": "Ordförande",
          "ordningsnummer": "0",
          "status": "",
          "typ": "uppdrag",
          "from": "1994-10-12",
          "tom": "1998-10-04",
          "uppgift": "Försvarsutskottet",
          "intressent_id": "0275356156309",
          "hangar_id": "2341722",
          "sortering": "10",
          "organ_sortering": "150",
          "uppdrag_rollsortering": "90",
          "uppdrag_statussortering": "90"
        },
        {
          "organ_kod": "FöU",
          "roll_kod": "Ordförande",
          "ordningsnummer": "0",
          "status": "",
          "typ": "uppdrag",
          "from": "1991-09-30",
          "tom": "1994-10-02",
          "uppgift": "Försvarsutskottet",
          "intressent_id": "0275356156309",
          "hangar_id": "2341722",
          "sortering": "10",
          "organ_sortering": "150",
          "uppdrag_rollsortering": "90",
          "uppdrag_statussortering": "90"
        },
        {
          "organ_kod": "FöU",
          "roll_kod": "Ordförande",
          "ordningsnummer": "0",
          "status": "",
          "typ": "uppdrag",
          "from": "1988-10-03",
          "tom": "1991-09-29",
          "uppgift": "Försvarsutskottet",
          "intressent_id": "0275356156309",
          "hangar_id": "2341722",
          "sortering": "10",
          "organ_sortering": "150",
          "uppdrag_rollsortering": "90",
          "uppdrag_statussortering": "90"
        },
        {
          "organ_kod": "FöU",
          "roll_kod": "Ordförande",
          "ordningsnummer": "0",
          "status": "",
          "typ": "uppdrag",
          "from": "1987-10-06",
          "tom": "1988-10-02",
          "uppgift": "Försvarsutskottet",
          "intressent_id": "0275356156309",
          "hangar_id": "2341722",
          "sortering": "10",
          "organ_sortering": "150",
          "uppdrag_rollsortering": "90",
          "uppdrag_statussortering": "90"
        },
        {
          "organ_kod": "MJU",
          "roll_kod": "Ledamot",
          "ordningsnummer": "0",
          "status": "",
          "typ": "uppdrag",
          "from": "1985-09-30",
          "tom": "1987-10-06",
          "uppgift": "Miljö- och jordbruksutskottet",
          "intressent_id": "0275356156309",
          "hangar_id": "2341722",
          "sortering": "30",
          "organ_sortering": "150",
          "uppdrag_rollsortering": "90",
          "uppdrag_statussortering": "90"
        },
        {
          "organ_kod": "MJU",
          "roll_kod": "Ledamot",
          "ordningsnummer": "0",
          "status": "",
          "typ": "uppdrag",
          "from": "1982-10-04",
          "tom": "1985-09-29",
          "uppgift": "Miljö- och jordbruksutskottet",
          "intressent_id": "0275356156309",
          "hangar_id": "2341722",
          "sortering": "30",
          "organ_sortering": "150",
          "uppdrag_rollsortering": "90",
          "uppdrag_statussortering": "90"
        },
        {
          "organ_kod": "MJU",
          "roll_kod": "Ledamot",
          "ordningsnummer": "0",
          "status": "",
          "typ": "uppdrag",
          "from": "1979-10-01",
          "tom": "1982-10-03",
          "uppgift": "Miljö- och jordbruksutskottet",
          "intressent_id": "0275356156309",
          "hangar_id": "2341722",
          "sortering": "30",
          "organ_sortering": "150",
          "uppdrag_rollsortering": "90",
          "uppdrag_statussortering": "90"
        },
        {
          "organ_kod": "MJU",
          "roll_kod": "Ledamot",
          "ordningsnummer": "0",
          "status": "",
          "typ": "uppdrag",
          "from": "1976-10-04",
          "tom": "1979-09-30",
          "uppgift": "Miljö- och jordbruksutskottet",
          "intressent_id": "0275356156309",
          "hangar_id": "2341722",
          "sortering": "30",
          "organ_sortering": "150",
          "uppdrag_rollsortering": "90",
          "uppdrag_statussortering": "90"
        },
        {
          "organ_kod": "UFöU",
          "roll_kod": "Vice ordförande",
          "ordningsnummer": "0",
          "status": "",
          "typ": "uppdrag",
          "from": "1996-10-21",
          "tom": "1996-11-20",
          "uppgift": "Sammansatta utrikes- och försvarsutskottet",
          "intressent_id": "0275356156309",
          "hangar_id": "2341722",
          "sortering": "20",
          "organ_sortering": "160",
          "uppdrag_rollsortering": "90",
          "uppdrag_statussortering": "90"
        },
        {
          "organ_kod": "UFöU",
          "roll_kod": "Vice ordförande",
          "ordningsnummer": "0",
          "status": "",
          "typ": "uppdrag",
          "from": "1995-10-26",
          "tom": "1995-12-06",
          "uppgift": "Sammansatta utrikes- och försvarsutskottet",
          "intressent_id": "0275356156309",
          "hangar_id": "2341722",
          "sortering": "20",
          "organ_sortering": "160",
          "uppdrag_rollsortering": "90",
          "uppdrag_statussortering": "90"
        }
      ]
    },
    "personuppgift": {
      "uppgift": [
        {
          "kod": "sv",
          "uppgift": "lantbrukare",
          "typ": "titlar",
          "intressent_id": "0275356156309",
          "hangar_id": "2341722"
        },
        {
          "kod": "en",
          "uppgift": "",
          "typ": "titlar",
          "intressent_id": "0275356156309",
          "hangar_id": "2341722"
        }
      ]
    }
  }
}