{
  "person": {
    "hangar_guid": "1520a7d2-8fc2-410e-acab-603aa02c4921",
    "sourceid": "4b838560-7f8f-4061-ab68-5972a8c30179",
    "intressent_id": "0243998374609",
    "hangar_id": "2341825",
    "fodd_ar": "1933",
    "kon": "kvinna",
    "efternamn": "Anderlund",
    "tilltalsnamn": "Ingegerd",
    "sorteringsnamn": "Anderlund,Ingegerd",
    "iort": "",
    "parti": "S",
    "valkrets": "",
    "status": "Tidigare riksdagsledamot",
    "person_url_xml": "http://data.riksdagen.se/person/4b838560-7f8f-4061-ab68-5972a8c30179",
    "bild_url_80": "http://data.riksdagen.se/filarkiv/bilder/ledamot/4b838560-7f8f-4061-ab68-5972a8c30179_80.jpg",
    "bild_url_192": "http://data.riksdagen.se/filarkiv/bilder/ledamot/4b838560-7f8f-4061-ab68-5972a8c30179_192.jpg",
    "bild_url_max": "http://data.riksdagen.se/filarkiv/bilder/ledamot/4b838560-7f8f-4061-ab68-5972a8c30179_max.jpg",
    "personuppdrag": {
      "uppdrag": [
        {
          "organ_kod": "kam",
          "roll_kod": "Riksdagsledamot",
          "ordningsnummer": "166",
          "status": "Tjänstgörande",
          "typ": "kammaruppdrag",
          "from": "1988-10-03",
          "tom": "1991-09-30",
          "uppgift": "",
          "intressent_id": "0243998374609",
          "hangar_id": "2341825",
          "sortering": "10",
          "organ_sortering": "10",
          "uppdrag_rollsortering": "60",
          "uppdrag_statussortering": "10"
        },
        {
          "organ_kod": "kam",
          "roll_kod": "Riksdagsledamot",
          "ordningsnummer": "0",
          "status": "Tjänstgörande",
          "typ": "kammaruppdrag",
          "from": "1985-09-30",
          "tom": "1988-10-03",
          "uppgift": "",
          "intressent_id": "0243998374609",
          "hangar_id": "2341825",
          "sortering": "10",
          "organ_sortering": "10",
          "uppdrag_rollsortering": "60",
          "uppdrag_statussortering": "10"
        },
        {
          "organ_kod": "SfU",
          "roll_kod": "Suppleant",
          "ordningsnummer": "0",
          "status": "",
          "typ": "uppdrag",
          "from": "1988-11-07",
          "tom": "1991-09-29",
          "uppgift": "Socialförsäkringsutskottet",
          "intressent_id": "0243998374609",
          "hangar_id": "2341825",
          "sortering": "50",
          "organ_sortering": "150",
          "uppdrag_rollsortering": "90",
          "uppdrag_statussortering": "90"
        },
        {
          "organ_kod": "SoU",
          "roll_kod": "Ledamot",
          "ordningsnummer": "0",
          "status": "",
          "typ": "uppdrag",
          "from": "1988-10-11",
          "tom": "1991-09-29",
          "uppgift": "Socialutskottet",
          "intressent_id": "0243998374609",
          "hangar_id": "2341825",
          "sortering": "30",
          "organ_sortering": "150",
          "uppdrag_rollsortering": "90",
          "uppdrag_statussortering": "90"
        }
      ]
    },
    "personuppgift": {
      "uppgift": [
        {
          "kod": "sv",
          "uppgift": "vårdbiträde",
          "typ": "titlar",
          "intressent_id": "0243998374609",
          "hangar_id": "2341825"
        },
        {
          "kod": "en",
          "uppgift": "",
          "typ": "titlar",
          "intressent_id": "0243998374609",
          "hangar_id": "2341825"
        }
      ]
    }
  }
}