{
  "person": {
    "hangar_guid": "9d0ea198-0362-4b5b-97d7-faad8e3f952e",
    "sourceid": "d7c31d0b-83e4-11d4-ae60-0050040c9b55",
    "intressent_id": "0332067570917",
    "hangar_id": "2342842",
    "fodd_ar": "1954",
    "kon": "kvinna",
    "efternamn": "Andnor",
    "tilltalsnamn": "Berit",
    "sorteringsnamn": "Andnor,Berit",
    "iort": "",
    "parti": "S",
    "valkrets": "Jämtlands län",
    "status": "Tidigare riksdagsledamot",
    "person_url_xml": "http://data.riksdagen.se/person/d7c31d0b-83e4-11d4-ae60-0050040c9b55",
    "bild_url_80": "http://data.riksdagen.se/filarkiv/bilder/ledamot/d7c31d0b-83e4-11d4-ae60-0050040c9b55_80.jpg",
    "bild_url_192": "http://data.riksdagen.se/filarkiv/bilder/ledamot/d7c31d0b-83e4-11d4-ae60-0050040c9b55_192.jpg",
    "bild_url_max": "http://data.riksdagen.se/filarkiv/bilder/ledamot/d7c31d0b-83e4-11d4-ae60-0050040c9b55_max.jpg",
    "personuppdrag": {
      "uppdrag": [
        {
          "organ_kod": "S",
          "roll_kod": "Socialminister",
          "ordningsnummer": "0",
          "status": "",
          "typ": "Departement",
          "from": "2004-09-13",
          "tom": "2006-10-06",
          "uppgift": "Socialdepartementet",
          "intressent_id": "0332067570917",
          "hangar_id": "2342842",
          "sortering": "50",
          "organ_sortering": "",
          "uppdrag_rollsortering": "90",
          "uppdrag_statussortering": "90"
        },
        {
          "organ_kod": "S",
          "roll_kod": "Statsråd",
          "ordningsnummer": "0",
          "status": "",
          "typ": "Departement",
          "from": "2002-09-30",
          "tom": "2004-09-13",
          "uppgift": "Socialdepartementet",
          "intressent_id": "0332067570917",
          "hangar_id": "2342842",
          "sortering": "100",
          "organ_sortering": "",
          "uppdrag_rollsortering": "90",
          "uppdrag_statussortering": "90"
        },
        {
          "organ_kod": "kam",
          "roll_kod": "Riksdagsledamot",
          "ordningsnummer": "238",
          "status": "Tjänstgörande",
          "typ": "kammaruppdrag",
          "from": "2006-10-07",
          "tom": "2010-10-04",
          "uppgift": "",
          "intressent_id": "0332067570917",
          "hangar_id": "2342842",
          "sortering": "10",
          "organ_sortering": "10",
          "uppdrag_rollsortering": "60",
          "uppdrag_statussortering": "10"
        },
        {
          "organ_kod": "kam",
          "roll_kod": "Riksdagsledamot",
          "ordningsnummer": "238",
          "status": "Ledig",
          "typ": "kammaruppdrag",
          "from": "2006-10-02",
          "tom": "2006-10-06",
          "uppgift": "Stefan Wikén 2006-10-02 - 2006-10-06",
          "intressent_id": "0332067570917",
          "hangar_id": "2342842",
          "sortering": "10",
          "organ_sortering": "10",
          "uppdrag_rollsortering": "60",
          "uppdrag_statussortering": "30"
        },
        {
          "organ_kod": "kam",
          "roll_kod": "Riksdagsledamot",
          "ordningsnummer": "324",
          "status": "Ledig",
          "typ": "kammaruppdrag",
          "from": "2002-10-21",
          "tom": "2006-10-02",
          "uppgift": "",
          "intressent_id": "0332067570917",
          "hangar_id": "2342842",
          "sortering": "10",
          "organ_sortering": "10",
          "uppdrag_rollsortering": "60",
          "uppdrag_statussortering": "30"
        },
        {
          "organ_kod": "kam",
          "roll_kod": "Riksdagsledamot",
          "ordningsnummer": "324",
          "status": "Tjänstgörande",
          "typ": "kammaruppdrag",
          "from": "2002-09-30",
          "tom": "2002-10-20",
          "uppgift": "",
          "intressent_id": "0332067570917",
          "hangar_id": "2342842",
          "sortering": "10",
          "organ_sortering": "10",
          "uppdrag_rollsortering": "60",
          "uppdrag_statussortering": "10"
        },
        {
          "organ_kod": "kam",
          "roll_kod": "Ersättare",
          "ordningsnummer": "324",
          "status": "Ersättare",
          "typ": "kammaruppdrag",
          "from": "1998-10-05",
          "tom": "2002-09-30",
          "uppgift": "Margareta Winberg",
          "intressent_id": "0332067570917",
          "hangar_id": "2342842",
          "sortering": "45",
          "organ_sortering": "10",
          "uppdrag_rollsortering": "60",
          "uppdrag_statussortering": "20"
        },
        {
          "organ_kod": "kam",
          "roll_kod": "Riksdagsledamot",
          "ordningsnummer": "324",
          "status": "Tjänstgörande",
          "typ": "kammaruppdrag",
          "from": "1994-10-03",
          "tom": "1998-10-05",
          "uppgift": "",
          "intressent_id": "0332067570917",
          "hangar_id": "2342842",
          "sortering": "10",
          "organ_sortering": "10",
          "uppdrag_rollsortering": "60",
          "uppdrag_statussortering": "10"
        },
        {
          "organ_kod": "kam",
          "roll_kod": "Riksdagsledamot",
          "ordningsnummer": "329",
          "status": "Tjänstgörande",
          "typ": "kammaruppdrag",
          "from": "1991-09-30",
          "tom": "1994-10-03",
          "uppgift": "",
          "intressent_id": "0332067570917",
          "hangar_id": "2342842",
          "sortering": "10",
          "organ_sortering": "10",
          "uppdrag_rollsortering": "60",
          "uppdrag_statussortering": "10"
        },
        {
          "organ_kod": "EG",
          "roll_kod": "Ledamot",
          "ordningsnummer": "0",
          "status": "",
          "typ": "Riksdagsorgan",
          "from": "1994-10-11",
          "tom": "1994-12-31",
          "uppgift": "EG-delegationen",
          "intressent_id": "0332067570917",
          "hangar_id": "2342842",
          "sortering": "30",
          "organ_sortering": "",
          "uppdrag_rollsortering": "90",
          "uppdrag_statussortering": "90"
        },
        {
          "organ_kod": "ER",
          "roll_kod": "Ledamot",
          "ordningsnummer": "0",
          "status": "",
          "typ": "Riksdagsorgan",
          "from": "1994-10-18",
          "tom": "1998-12-01",
          "uppgift": "Europarådets svenska delegation",
          "intressent_id": "0332067570917",
          "hangar_id": "2342842",
          "sortering": "30",
          "organ_sortering": "300",
          "uppdrag_rollsortering": "90",
          "uppdrag_statussortering": "90"
        },
        {
          "organ_kod": "KD",
          "roll_kod": "Ledamot",
          "ordningsnummer": "33",
          "status": "",
          "typ": "Riksdagsorgan",
          "from": "2006-10-17",
          "tom": "2010-10-19",
          "uppgift": "Krigsdelegationen",
          "intressent_id": "0332067570917",
          "hangar_id": "2342842",
          "sortering": "30",
          "organ_sortering": "300",
          "uppdrag_rollsortering": "90",
          "uppdrag_statussortering": "90"
        },
        {
          "organ_kod": "KD",
          "roll_kod": "Ledamot",
          "ordningsnummer": "0",
          "status": "",
          "typ": "Riksdagsorgan",
          "from": "2002-10-15",
          "tom": "2002-10-23",
          "uppgift": "Krigsdelegationen",
          "intressent_id": "0332067570917",
          "hangar_id": "2342842",
          "sortering": "30",
          "organ_sortering": "300",
          "uppdrag_rollsortering": "90",
          "uppdrag_statussortering": "90"
        },
        {
          "organ_kod": "KD",
          "roll_kod": "Ledamot",
          "ordningsnummer": "0",
          "status": "",
          "typ": "Riksdagsorgan",
          "from": "1998-10-20",
          "tom": "2002-10-14",
          "uppgift": "Krigsdelegationen",
          "intressent_id": "0332067570917",
          "hangar_id": "2342842",
          "sortering": "30",
          "organ_sortering": "300",
          "uppdrag_rollsortering": "90",
          "uppdrag_statussortering": "90"
        },
        {
          "organ_kod": "RS",
          "roll_kod": "Ledamot",
          "ordningsnummer": "5",
          "status": "",
          "typ": "Riksdagsorgan",
          "from": "2006-10-10",
          "tom": "2010-10-04",
          "uppgift": "Riksdagsstyrelsen",
          "intressent_id": "0332067570917",
          "hangar_id": "2342842",
          "sortering": "30",
          "organ_sortering": "300",
          "uppdrag_rollsortering": "90",
          "uppdrag_statussortering": "90"
        },
        {
          "organ_kod": "RS",
          "roll_kod": "Ledamot",
          "ordningsnummer": "0",
          "status": "",
          "typ": "Riksdagsorgan",
          "from": "2000-07-01",
          "tom": "2002-10-20",
          "uppgift": "Riksdagsstyrelsen",
          "intressent_id": "0332067570917",
          "hangar_id": "2342842",
          "sortering": "30",
          "organ_sortering": "300",
          "uppdrag_rollsortering": "90",
          "uppdrag_statussortering": "90"
        },
        {
          "organ_kod": "AU",
          "roll_kod": "Ledamot",
          "ordningsnummer": "0",
          "status": "",
          "typ": "uppdrag",
          "from": "1994-10-11",
          "tom": "1998-10-04",
          "uppgift": "Arbetsmarknadsutskottet",
          "intressent_id": "0332067570917",
          "hangar_id": "2342842",
          "sortering": "30",
          "organ_sortering": "150",
          "uppdrag_rollsortering": "90",
          "uppdrag_statussortering": "90"
        },
        {
          "organ_kod": "AU",
          "roll_kod": "Suppleant",
          "ordningsnummer": "0",
          "status": "",
          "typ": "uppdrag",
          "from": "1991-10-08",
          "tom": "1994-10-02",
          "uppgift": "Arbetsmarknadsutskottet",
          "intressent_id": "0332067570917",
          "hangar_id": "2342842",
          "sortering": "50",
          "organ_sortering": "150",
          "uppdrag_rollsortering": "90",
          "uppdrag_statussortering": "90"
        },
        {
          "organ_kod": "KU",
          "roll_kod": "Ordförande",
          "ordningsnummer": "2",
          "status": "",
          "typ": "uppdrag",
          "from": "2006-10-10",
          "tom": "2010-10-04",
          "uppgift": "Konstitutionsutskottet",
          "intressent_id": "0332067570917",
          "hangar_id": "2342842",
          "sortering": "10",
          "organ_sortering": "150",
          "uppdrag_rollsortering": "90",
          "uppdrag_statussortering": "90"
        },
        {
          "organ_kod": "SfU",
          "roll_kod": "Ordförande",
          "ordningsnummer": "0",
          "status": "",
          "typ": "uppdrag",
          "from": "2002-10-08",
          "tom": "2002-10-20",
          "uppgift": "Socialförsäkringsutskottet",
          "intressent_id": "0332067570917",
          "hangar_id": "2342842",
          "sortering": "10",
          "organ_sortering": "150",
          "uppdrag_rollsortering": "90",
          "uppdrag_statussortering": "90"
        },
        {
          "organ_kod": "SfU",
          "roll_kod": "Ordförande",
          "ordningsnummer": "0",
          "status": "",
          "typ": "uppdrag",
          "from": "1998-10-13",
          "tom": "2002-09-30",
          "uppgift": "Socialförsäkringsutskottet",
          "intressent_id": "0332067570917",
          "hangar_id": "2342842",
          "sortering": "10",
          "organ_sortering": "150",
          "uppdrag_rollsortering": "90",
          "uppdrag_statussortering": "90"
        },
        {
          "organ_kod": "SoU",
          "roll_kod": "Suppleant",
          "ordningsnummer": "0",
          "status": "",
          "typ": "uppdrag",
          "from": "1991-11-13",
          "tom": "1994-10-02",
          "uppgift": "Socialutskottet",
          "intressent_id": "0332067570917",
          "hangar_id": "2342842",
          "sortering": "50",
          "organ_sortering": "150",
          "uppdrag_rollsortering": "90",
          "uppdrag_statussortering": "90"
        },
        {
          "organ_kod": "KUU",
          "roll_kod": "Vice ordförande",
          "ordningsnummer": "0",
          "status": "",
          "typ": "uppdrag",
          "from": "2007-03-27",
          "tom": "2009-05-06",
          "uppgift": "Sammansatta konstitutions- och utrikesutskottet",
          "intressent_id": "0332067570917",
          "hangar_id": "2342842",
          "sortering": "20",
          "organ_sortering": "160",
          "uppdrag_rollsortering": "90",
          "uppdrag_statussortering": "90"
        },
        {
          "organ_kod": "EUN",
          "roll_kod": "Ledamot",
          "ordningsnummer": "0",
          "status": "",
          "typ": "uppdrag",
          "from": "2002-10-08",
          "tom": "2002-10-20",
          "uppgift": "EU-nämnden",
          "intressent_id": "0332067570917",
          "hangar_id": "2342842",
          "sortering": "30",
          "organ_sortering": "170",
          "uppdrag_rollsortering": "90",
          "uppdrag_statussortering": "90"
        },
        {
          "organ_kod": "EUN",
          "roll_kod": "Suppleant",
          "ordningsnummer": "0",
          "status": "",
          "typ": "uppdrag",
          "from": "1998-10-20",
          "tom": "2002-10-08",
          "uppgift": "EU-nämnden",
          "intressent_id": "0332067570917",
          "hangar_id": "2342842",
          "sortering": "50",
          "organ_sortering": "170",
          "uppdrag_rollsortering": "90",
          "uppdrag_statussortering": "90"
        }
      ]
    },
    "personuppgift": {
      "uppgift": [
        {
          "kod": "sv",
          "uppgift": "Socialchef",
          "typ": "titlar",
          "intressent_id": "0332067570917",
          "hangar_id": "2342842"
        },
        {
          "kod": "en",
          "uppgift": "Head of Social Services",
          "typ": "titlar",
          "intressent_id": "0332067570917",
          "hangar_id": "2342842"
        }
      ]
    }
  }
}