{
  "person": {
    "hangar_guid": "a3304e64-e542-4491-8a20-c34d9d9073f9",
    "sourceid": "7c66a036-5fab-42ba-8f25-b009c02993b8",
    "intressent_id": "0526693079901",
    "hangar_id": "2342364",
    "fodd_ar": "1946",
    "kon": "man",
    "efternamn": "Andrén",
    "tilltalsnamn": "Gunnar",
    "sorteringsnamn": "Andrén,Gunnar",
    "iort": "",
    "parti": "L",
    "valkrets": "Stockholms kommun",
    "status": "Tillgänglig ersättare",
    "person_url_xml": "http://data.riksdagen.se/person/7c66a036-5fab-42ba-8f25-b009c02993b8",
    "bild_url_80": "http://data.riksdagen.se/filarkiv/bilder/ledamot/7c66a036-5fab-42ba-8f25-b009c02993b8_80.jpg",
    "bild_url_192": "http://data.riksdagen.se/filarkiv/bilder/ledamot/7c66a036-5fab-42ba-8f25-b009c02993b8_192.jpg",
    "bild_url_max": "http://data.riksdagen.se/filarkiv/bilder/ledamot/7c66a036-5fab-42ba-8f25-b009c02993b8_max.jpg",
    "personuppdrag": {
      "uppdrag": [
        {
          "organ_kod": "kam",
          "roll_kod": "Statsrådsersättare",
          "ordningsnummer": "176",
          "status": "Ersättare",
          "typ": "kammaruppdrag",
          "from": "2012-06-21",
          "tom": "2014-09-29",
          "uppgift": "Jan Björklund",
          "intressent_id": "0526693079901",
          "hangar_id": "2342364",
          "sortering": "",
          "organ_sortering": "10",
          "uppdrag_rollsortering": "60",
          "uppdrag_statussortering": "20"
        },
        {
          "organ_kod": "kam",
          "roll_kod": "Statsrådsersättare",
          "ordningsnummer": "176",
          "status": "Ledig Ersättare",
          "typ": "kammaruppdrag",
          "from": "2012-03-20",
          "tom": "2012-06-20",
          "uppgift": "Jan Björklund   Sjukledighet",
          "intressent_id": "0526693079901",
          "hangar_id": "2342364",
          "sortering": "",
          "organ_sortering": "10",
          "uppdrag_rollsortering": "60",
          "uppdrag_statussortering": "90"
        },
        {
          "organ_kod": "kam",
          "roll_kod": "Statsrådsersättare",
          "ordningsnummer": "176",
          "status": "Ersättare",
          "typ": "kammaruppdrag",
          "from": "2010-10-06",
          "tom": "2012-03-19",
          "uppgift": "Jan Björklund",
          "intressent_id": "0526693079901",
          "hangar_id": "2342364",
          "sortering": "",
          "organ_sortering": "10",
          "uppdrag_rollsortering": "60",
          "uppdrag_statussortering": "20"
        },
        {
          "organ_kod": "kam",
          "roll_kod": "Statsrådsersättare",
          "ordningsnummer": "145",
          "status": "Ersättare",
          "typ": "kammaruppdrag",
          "from": "2010-10-04",
          "tom": "2010-10-05",
          "uppgift": "Nyamko Sabuni",
          "intressent_id": "0526693079901",
          "hangar_id": "2342364",
          "sortering": "",
          "organ_sortering": "10",
          "uppdrag_rollsortering": "60",
          "uppdrag_statussortering": "20"
        },
        {
          "organ_kod": "kam",
          "roll_kod": "Riksdagsledamot",
          "ordningsnummer": "142",
          "status": "Tjänstgörande",
          "typ": "kammaruppdrag",
          "from": "2006-10-02",
          "tom": "2010-10-04",
          "uppgift": "",
          "intressent_id": "0526693079901",
          "hangar_id": "2342364",
          "sortering": "10",
          "organ_sortering": "10",
          "uppdrag_rollsortering": "60",
          "uppdrag_statussortering": "10"
        },
        {
          "organ_kod": "kam",
          "roll_kod": "Riksdagsledamot",
          "ordningsnummer": "59",
          "status": "Tjänstgörande",
          "typ": "kammaruppdrag",
          "from": "2002-09-30",
          "tom": "2006-10-02",
          "uppgift": "",
          "intressent_id": "0526693079901",
          "hangar_id": "2342364",
          "sortering": "10",
          "organ_sortering": "10",
          "uppdrag_rollsortering": "60",
          "uppdrag_statussortering": "10"
        },
        {
          "organ_kod": "RB",
          "roll_kod": "Suppleant",
          "ordningsnummer": "9",
          "status": "",
          "typ": "Riksdagsorgan",
          "from": "2014-03-01",
          "tom": "2014-10-14",
          "uppgift": "Riksbanksfullmäktige",
          "intressent_id": "0526693079901",
          "hangar_id": "2342364",
          "sortering": "50",
          "organ_sortering": "300",
          "uppdrag_rollsortering": "90",
          "uppdrag_statussortering": "90"
        },
        {
          "organ_kod": "RRPR",
          "roll_kod": "Ledamot",
          "ordningsnummer": "4",
          "status": "",
          "typ": "Riksdagsorgan",
          "from": "2011-01-01",
          "tom": "2014-09-29",
          "uppgift": "Riksrevisionens parlamentariska råd",
          "intressent_id": "0526693079901",
          "hangar_id": "2342364",
          "sortering": "30",
          "organ_sortering": "300",
          "uppdrag_rollsortering": "90",
          "uppdrag_statussortering": "90"
        },
        {
          "organ_kod": "RRS",
          "roll_kod": "Ledamot",
          "ordningsnummer": "0",
          "status": "",
          "typ": "Riksdagsorgan",
          "from": "2003-03-12",
          "tom": "2006-10-16",
          "uppgift": "Riksrevisionens styrelse",
          "intressent_id": "0526693079901",
          "hangar_id": "2342364",
          "sortering": "30",
          "organ_sortering": "300",
          "uppdrag_rollsortering": "90",
          "uppdrag_statussortering": "90"
        },
        {
          "organ_kod": "FiU",
          "roll_kod": "Suppleant",
          "ordningsnummer": "9",
          "status": "",
          "typ": "uppdrag",
          "from": "2010-10-12",
          "tom": "2014-02-19",
          "uppgift": "Finansutskottet",
          "intressent_id": "0526693079901",
          "hangar_id": "2342364",
          "sortering": "50",
          "organ_sortering": "150",
          "uppdrag_rollsortering": "90",
          "uppdrag_statussortering": "90"
        },
        {
          "organ_kod": "FiU",
          "roll_kod": "Suppleant",
          "ordningsnummer": "8",
          "status": "",
          "typ": "uppdrag",
          "from": "2006-10-10",
          "tom": "2010-10-04",
          "uppgift": "Finansutskottet",
          "intressent_id": "0526693079901",
          "hangar_id": "2342364",
          "sortering": "50",
          "organ_sortering": "150",
          "uppdrag_rollsortering": "90",
          "uppdrag_statussortering": "90"
        },
        {
          "organ_kod": "KrU",
          "roll_kod": "Suppleant",
          "ordningsnummer": "21",
          "status": "",
          "typ": "uppdrag",
          "from": "2010-04-23",
          "tom": "2010-10-04",
          "uppgift": "Kulturutskottet",
          "intressent_id": "0526693079901",
          "hangar_id": "2342364",
          "sortering": "50",
          "organ_sortering": "150",
          "uppdrag_rollsortering": "90",
          "uppdrag_statussortering": "90"
        },
        {
          "organ_kod": "SkU",
          "roll_kod": "Ledamot",
          "ordningsnummer": "9",
          "status": "",
          "typ": "uppdrag",
          "from": "2010-10-12",
          "tom": "2014-09-29",
          "uppgift": "Skatteutskottet",
          "intressent_id": "0526693079901",
          "hangar_id": "2342364",
          "sortering": "30",
          "organ_sortering": "150",
          "uppdrag_rollsortering": "90",
          "uppdrag_statussortering": "90"
        },
        {
          "organ_kod": "SkU",
          "roll_kod": "Ledamot",
          "ordningsnummer": "8",
          "status": "",
          "typ": "uppdrag",
          "from": "2006-10-10",
          "tom": "2010-03-16",
          "uppgift": "Skatteutskottet",
          "intressent_id": "0526693079901",
          "hangar_id": "2342364",
          "sortering": "30",
          "organ_sortering": "150",
          "uppdrag_rollsortering": "90",
          "uppdrag_statussortering": "90"
        },
        {
          "organ_kod": "SkU",
          "roll_kod": "Ledamot",
          "ordningsnummer": "0",
          "status": "",
          "typ": "uppdrag",
          "from": "2005-10-13",
          "tom": "2006-10-02",
          "uppgift": "Skatteutskottet",
          "intressent_id": "0526693079901",
          "hangar_id": "2342364",
          "sortering": "30",
          "organ_sortering": "150",
          "uppdrag_rollsortering": "90",
          "uppdrag_statussortering": "90"
        },
        {
          "organ_kod": "SkU",
          "roll_kod": "Ledamot",
          "ordningsnummer": "0",
          "status": "",
          "typ": "uppdrag",
          "from": "2002-10-08",
          "tom": "2006-10-01",
          "uppgift": "Skatteutskottet",
          "intressent_id": "0526693079901",
          "hangar_id": "2342364",
          "sortering": "30",
          "organ_sortering": "150",
          "uppdrag_rollsortering": "90",
          "uppdrag_statussortering": "90"
        },
        {
          "organ_kod": "SkU",
          "roll_kod": "Ledamot",
          "ordningsnummer": "0",
          "status": "",
          "typ": "uppdrag",
          "from": "2002-10-08",
          "tom": "2005-10-12",
          "uppgift": "Skatteutskottet",
          "intressent_id": "0526693079901",
          "hangar_id": "2342364",
          "sortering": "30",
          "organ_sortering": "150",
          "uppdrag_rollsortering": "90",
          "uppdrag_statussortering": "90"
        },
        {
          "organ_kod": "BoU",
          "roll_kod": "Suppleant",
          "ordningsnummer": "0",
          "status": "",
          "typ": "uppdrag",
          "from": "2002-10-08",
          "tom": "2006-10-02",
          "uppgift": "Bostadsutskottet",
          "intressent_id": "0526693079901",
          "hangar_id": "2342364",
          "sortering": "50",
          "organ_sortering": "165",
          "uppdrag_rollsortering": "90",
          "uppdrag_statussortering": "90"
        },
        {
          "organ_kod": "EUN",
          "roll_kod": "Suppleant",
          "ordningsnummer": "25",
          "status": "",
          "typ": "uppdrag",
          "from": "2010-10-19",
          "tom": "2014-09-29",
          "uppgift": "EU-nämnden",
          "intressent_id": "0526693079901",
          "hangar_id": "2342364",
          "sortering": "50",
          "organ_sortering": "170",
          "uppdrag_rollsortering": "90",
          "uppdrag_statussortering": "90"
        },
        {
          "organ_kod": "EUN",
          "roll_kod": "Suppleant",
          "ordningsnummer": "42",
          "status": "",
          "typ": "uppdrag",
          "from": "2010-02-12",
          "tom": "2010-10-12",
          "uppgift": "EU-nämnden",
          "intressent_id": "0526693079901",
          "hangar_id": "2342364",
          "sortering": "50",
          "organ_sortering": "170",
          "uppdrag_rollsortering": "90",
          "uppdrag_statussortering": "90"
        }
      ]
    },
    "personuppgift": {
      "uppgift": [
        {
          "kod": "sv",
          "uppgift": "Journalist/politisk redaktör/chefredaktör",
          "typ": "titlar",
          "intressent_id": "0526693079901",
          "hangar_id": "2342364"
        },
        {
          "kod": "en",
          "uppgift": "Editor",
          "typ": "titlar",
          "intressent_id": "0526693079901",
          "hangar_id": "2342364"
        },
        {
          "kod": "KandiderarINastaVal",
          "uppgift": "true",
          "typ": "val",
          "intressent_id": "0526693079901",
          "hangar_id": "2342364"
        }
      ]
    }
  }
}