{
  "person": {
    "hangar_guid": "683f610b-8daf-40fc-aab5-1759d677b4bf",
    "sourceid": "d7c32342-83e4-11d4-ae60-0050040c9b55",
    "intressent_id": "0745615729714",
    "hangar_id": "2342574",
    "fodd_ar": "1949",
    "kon": "kvinna",
    "efternamn": "Andreasson",
    "tilltalsnamn": "Kia",
    "sorteringsnamn": "Andreasson,Kia",
    "iort": "",
    "parti": "MP",
    "valkrets": "Göteborgs kommun",
    "status": "Tidigare riksdagsledamot",
    "person_url_xml": "http://data.riksdagen.se/person/d7c32342-83e4-11d4-ae60-0050040c9b55",
    "bild_url_80": "http://data.riksdagen.se/filarkiv/bilder/ledamot/d7c32342-83e4-11d4-ae60-0050040c9b55_80.jpg",
    "bild_url_192": "http://data.riksdagen.se/filarkiv/bilder/ledamot/d7c32342-83e4-11d4-ae60-0050040c9b55_192.jpg",
    "bild_url_max": "http://data.riksdagen.se/filarkiv/bilder/ledamot/d7c32342-83e4-11d4-ae60-0050040c9b55_max.jpg",
    "personuppdrag": {
      "uppdrag": [
        {
          "organ_kod": "kam",
          "roll_kod": "Riksdagsledamot",
          "ordningsnummer": "206",
          "status": "Tjänstgörande",
          "typ": "kammaruppdrag",
          "from": "1998-10-05",
          "tom": "2002-09-30",
          "uppgift": "",
          "intressent_id": "0745615729714",
          "hangar_id": "2342574",
          "sortering": "10",
          "organ_sortering": "10",
          "uppdrag_rollsortering": "60",
          "uppdrag_statussortering": "10"
        },
        {
          "organ_kod": "kam",
          "roll_kod": "Riksdagsledamot",
          "ordningsnummer": "204",
          "status": "Tjänstgörande",
          "typ": "kammaruppdrag",
          "from": "1994-10-19",
          "tom": "1998-10-05",
          "uppgift": "",
          "intressent_id": "0745615729714",
          "hangar_id": "2342574",
          "sortering": "10",
          "organ_sortering": "10",
          "uppdrag_rollsortering": "60",
          "uppdrag_statussortering": "10"
        },
        {
          "organ_kod": "JuU",
          "roll_kod": "Ledamot",
          "ordningsnummer": "0",
          "status": "",
          "typ": "uppdrag",
          "from": "1998-10-13",
          "tom": "2002-09-30",
          "uppgift": "Justitieutskottet",
          "intressent_id": "0745615729714",
          "hangar_id": "2342574",
          "sortering": "30",
          "organ_sortering": "150",
          "uppdrag_rollsortering": "90",
          "uppdrag_statussortering": "90"
        },
        {
          "organ_kod": "JuU",
          "roll_kod": "Ledamot",
          "ordningsnummer": "0",
          "status": "",
          "typ": "uppdrag",
          "from": "1994-10-27",
          "tom": "1998-10-04",
          "uppgift": "Justitieutskottet",
          "intressent_id": "0745615729714",
          "hangar_id": "2342574",
          "sortering": "30",
          "organ_sortering": "150",
          "uppdrag_rollsortering": "90",
          "uppdrag_statussortering": "90"
        },
        {
          "organ_kod": "KrU",
          "roll_kod": "Suppleant",
          "ordningsnummer": "0",
          "status": "",
          "typ": "uppdrag",
          "from": "1998-10-20",
          "tom": "2002-09-30",
          "uppgift": "Kulturutskottet",
          "intressent_id": "0745615729714",
          "hangar_id": "2342574",
          "sortering": "50",
          "organ_sortering": "150",
          "uppdrag_rollsortering": "90",
          "uppdrag_statussortering": "90"
        },
        {
          "organ_kod": "UbU",
          "roll_kod": "Suppleant",
          "ordningsnummer": "0",
          "status": "",
          "typ": "uppdrag",
          "from": "1994-10-27",
          "tom": "1998-10-04",
          "uppgift": "Utbildningsutskottet",
          "intressent_id": "0745615729714",
          "hangar_id": "2342574",
          "sortering": "50",
          "organ_sortering": "150",
          "uppdrag_rollsortering": "90",
          "uppdrag_statussortering": "90"
        },
        {
          "organ_kod": "LU",
          "roll_kod": "Suppleant",
          "ordningsnummer": "0",
          "status": "",
          "typ": "uppdrag",
          "from": "1998-10-13",
          "tom": "2002-09-30",
          "uppgift": "Lagutskottet",
          "intressent_id": "0745615729714",
          "hangar_id": "2342574",
          "sortering": "50",
          "organ_sortering": "165",
          "uppdrag_rollsortering": "90",
          "uppdrag_statussortering": "90"
        },
        {
          "organ_kod": "EUN",
          "roll_kod": "Suppleant",
          "ordningsnummer": "0",
          "status": "",
          "typ": "uppdrag",
          "from": "1998-10-13",
          "tom": "2002-10-08",
          "uppgift": "EU-nämnden",
          "intressent_id": "0745615729714",
          "hangar_id": "2342574",
          "sortering": "50",
          "organ_sortering": "170",
          "uppdrag_rollsortering": "90",
          "uppdrag_statussortering": "90"
        }
      ]
    },
    "personuppgift": ""
  }
}