{
  "person": {
    "hangar_guid": "68b125bf-3cab-4d76-b656-8a4dc2918f74",
    "sourceid": "669a8123-3f21-4920-80f8-e4ec200ae575",
    "intressent_id": "0796071663617",
    "hangar_id": "5003780",
    "fodd_ar": "1964",
    "kon": "kvinna",
    "efternamn": "Ankarberg Johansson",
    "tilltalsnamn": "Acko",
    "sorteringsnamn": "Ankarberg Johansson,Acko",
    "iort": "",
    "parti": "KD",
    "valkrets": "Jönköpings län",
    "status": "Tjänstgörande riksdagsledamot",
    "person_url_xml": "http://data.riksdagen.se/person/669a8123-3f21-4920-80f8-e4ec200ae575",
    "bild_url_80": "http://data.riksdagen.se/filarkiv/bilder/ledamot/669a8123-3f21-4920-80f8-e4ec200ae575_80.jpg",
    "bild_url_192": "http://data.riksdagen.se/filarkiv/bilder/ledamot/669a8123-3f21-4920-80f8-e4ec200ae575_192.jpg",
    "bild_url_max": "http://data.riksdagen.se/filarkiv/bilder/ledamot/669a8123-3f21-4920-80f8-e4ec200ae575_max.jpg",
    "personuppdrag": {
      "uppdrag": [
        {
          "organ_kod": "kam",
          "roll_kod": "Riksdagsledamot",
          "ordningsnummer": "291",
          "status": "Tjänstgörande",
          "typ": "kammaruppdrag",
          "from": "2018-10-24",
          "tom": "2022-09-26",
          "uppgift": "",
          "intressent_id": "0796071663617",
          "hangar_id": "5003780",
          "sortering": "10",
          "organ_sortering": "10",
          "uppdrag_rollsortering": "60",
          "uppdrag_statussortering": "10"
        },
        {
          "organ_kod": "kam",
          "roll_kod": "Riksdagsledamot",
          "ordningsnummer": "291",
          "status": "Ledig",
          "typ": "kammaruppdrag",
          "from": "2018-09-24",
          "tom": "2018-10-23",
          "uppgift": "Mattias Ingeson 2018-09-24 - 2018-10-23  Sjukledighet",
          "intressent_id": "0796071663617",
          "hangar_id": "5003780",
          "sortering": "10",
          "organ_sortering": "10",
          "uppdrag_rollsortering": "60",
          "uppdrag_statussortering": "30"
        },
        {
          "organ_kod": "KD",
          "roll_kod": "Partisekreterare",
          "ordningsnummer": "0",
          "status": "",
          "typ": "partiuppdrag",
          "from": "2010-12-17",
          "tom": "2018-09-11",
          "uppgift": "Kristdemokraterna",
          "intressent_id": "0796071663617",
          "hangar_id": "5003780",
          "sortering": "35",
          "organ_sortering": "300",
          "uppdrag_rollsortering": "90",
          "uppdrag_statussortering": "90"
        },
        {
          "organ_kod": "SoU",
          "roll_kod": "Ordförande",
          "ordningsnummer": "12",
          "status": "",
          "typ": "uppdrag",
          "from": "2018-10-25",
          "tom": "2022-09-26",
          "uppgift": "Socialutskottet",
          "intressent_id": "0796071663617",
          "hangar_id": "5003780",
          "sortering": "10",
          "organ_sortering": "150",
          "uppdrag_rollsortering": "90",
          "uppdrag_statussortering": "90"
        },
        {
          "organ_kod": "SoU",
          "roll_kod": "Ledamot",
          "ordningsnummer": "12",
          "status": "",
          "typ": "uppdrag",
          "from": "2018-10-24",
          "tom": "2018-10-25",
          "uppgift": "Socialutskottet",
          "intressent_id": "0796071663617",
          "hangar_id": "5003780",
          "sortering": "30",
          "organ_sortering": "150",
          "uppdrag_rollsortering": "90",
          "uppdrag_statussortering": "90"
        }
      ]
    },
    "personuppgift": {
      "uppgift": [
        {
          "kod": "Officiell e-postadress",
          "uppgift": "acko.ankarberg.johansson[på]riksdagen.se",
          "typ": "eadress",
          "intressent_id": "0796071663617",
          "hangar_id": "5003780"
        },
        {
          "kod": "sv",
          "uppgift": "Begravningsentreprenör.",
          "typ": "titlar",
          "intressent_id": "0796071663617",
          "hangar_id": "5003780"
        },
        {
          "kod": "en",
          "uppgift": "",
          "typ": "titlar",
          "intressent_id": "0796071663617",
          "hangar_id": "5003780"
        }
      ]
    }
  }
}