{
  "person": {
    "hangar_guid": "7b56eab5-a0e3-46b7-985c-d47df0567eb0",
    "sourceid": "1611e289-fe5f-455a-8ea5-aa04f747eccd",
    "intressent_id": "0972781465305",
    "hangar_id": "2342060",
    "fodd_ar": "1939",
    "kon": "kvinna",
    "efternamn": "Annerstedt",
    "tilltalsnamn": "Ylva",
    "sorteringsnamn": "Annerstedt,Ylva",
    "iort": "",
    "parti": "FP",
    "valkrets": "",
    "status": "Avliden  2013-07-15",
    "person_url_xml": "http://data.riksdagen.se/person/1611e289-fe5f-455a-8ea5-aa04f747eccd",
    "bild_url_80": "http://data.riksdagen.se/filarkiv/bilder/ledamot/1611e289-fe5f-455a-8ea5-aa04f747eccd_80.jpg",
    "bild_url_192": "http://data.riksdagen.se/filarkiv/bilder/ledamot/1611e289-fe5f-455a-8ea5-aa04f747eccd_192.jpg",
    "bild_url_max": "http://data.riksdagen.se/filarkiv/bilder/ledamot/1611e289-fe5f-455a-8ea5-aa04f747eccd_max.jpg",
    "personuppdrag": {
      "uppdrag": [
        {
          "organ_kod": "kam",
          "roll_kod": "Riksdagsledamot",
          "ordningsnummer": "35",
          "status": "Tjänstgörande",
          "typ": "kammaruppdrag",
          "from": "1991-09-30",
          "tom": "1994-10-03",
          "uppgift": "",
          "intressent_id": "0972781465305",
          "hangar_id": "2342060",
          "sortering": "10",
          "organ_sortering": "10",
          "uppdrag_rollsortering": "60",
          "uppdrag_statussortering": "10"
        },
        {
          "organ_kod": "kam",
          "roll_kod": "Riksdagsledamot",
          "ordningsnummer": "44",
          "status": "Tjänstgörande",
          "typ": "kammaruppdrag",
          "from": "1988-10-03",
          "tom": "1991-09-30",
          "uppgift": "",
          "intressent_id": "0972781465305",
          "hangar_id": "2342060",
          "sortering": "10",
          "organ_sortering": "10",
          "uppdrag_rollsortering": "60",
          "uppdrag_statussortering": "10"
        },
        {
          "organ_kod": "kam",
          "roll_kod": "Riksdagsledamot",
          "ordningsnummer": "0",
          "status": "Tjänstgörande",
          "typ": "kammaruppdrag",
          "from": "1988-05-08",
          "tom": "1988-10-03",
          "uppgift": "",
          "intressent_id": "0972781465305",
          "hangar_id": "2342060",
          "sortering": "10",
          "organ_sortering": "10",
          "uppdrag_rollsortering": "60",
          "uppdrag_statussortering": "10"
        },
        {
          "organ_kod": "kam",
          "roll_kod": "Riksdagsledamot",
          "ordningsnummer": "0",
          "status": "Ledig",
          "typ": "kammaruppdrag",
          "from": "1988-04-08",
          "tom": "1988-05-07",
          "uppgift": "Sven H Salén 1988-04-08 - 1988-05-07",
          "intressent_id": "0972781465305",
          "hangar_id": "2342060",
          "sortering": "10",
          "organ_sortering": "10",
          "uppdrag_rollsortering": "60",
          "uppdrag_statussortering": "30"
        },
        {
          "organ_kod": "kam",
          "roll_kod": "Riksdagsledamot",
          "ordningsnummer": "0",
          "status": "Tjänstgörande",
          "typ": "kammaruppdrag",
          "from": "1985-09-30",
          "tom": "1988-04-07",
          "uppgift": "",
          "intressent_id": "0972781465305",
          "hangar_id": "2342060",
          "sortering": "10",
          "organ_sortering": "10",
          "uppdrag_rollsortering": "60",
          "uppdrag_statussortering": "10"
        },
        {
          "organ_kod": "EG",
          "roll_kod": "Ledamot",
          "ordningsnummer": "0",
          "status": "",
          "typ": "Riksdagsorgan",
          "from": "1993-01-21",
          "tom": "1994-10-03",
          "uppgift": "EG-delegationen",
          "intressent_id": "0972781465305",
          "hangar_id": "2342060",
          "sortering": "30",
          "organ_sortering": "",
          "uppdrag_rollsortering": "90",
          "uppdrag_statussortering": "90"
        },
        {
          "organ_kod": "IPU",
          "roll_kod": "Ledamot",
          "ordningsnummer": "0",
          "status": "",
          "typ": "Riksdagsorgan",
          "from": "1991-11-19",
          "tom": "1994-10-03",
          "uppgift": "Riksdagens delegation till Interparlamentariska unionen",
          "intressent_id": "0972781465305",
          "hangar_id": "2342060",
          "sortering": "30",
          "organ_sortering": "300",
          "uppdrag_rollsortering": "90",
          "uppdrag_statussortering": "90"
        },
        {
          "organ_kod": "NR",
          "roll_kod": "Ledamot",
          "ordningsnummer": "0",
          "status": "",
          "typ": "Riksdagsorgan",
          "from": "1990-10-10",
          "tom": "1992-10-19",
          "uppgift": "Nordiska rådets svenska delegation",
          "intressent_id": "0972781465305",
          "hangar_id": "2342060",
          "sortering": "30",
          "organ_sortering": "300",
          "uppdrag_rollsortering": "90",
          "uppdrag_statussortering": "90"
        },
        {
          "organ_kod": "VPN",
          "roll_kod": "Suppleant",
          "ordningsnummer": "0",
          "status": "",
          "typ": "Riksdagsorgan",
          "from": "1995-12-21",
          "tom": "1998-12-01",
          "uppgift": "Valprövningsnämnden",
          "intressent_id": "0972781465305",
          "hangar_id": "2342060",
          "sortering": "50",
          "organ_sortering": "300",
          "uppdrag_rollsortering": "90",
          "uppdrag_statussortering": "90"
        },
        {
          "organ_kod": "VPN",
          "roll_kod": "Ledamot",
          "ordningsnummer": "0",
          "status": "",
          "typ": "Riksdagsorgan",
          "from": "1988-11-10",
          "tom": "1995-12-20",
          "uppgift": "Valprövningsnämnden",
          "intressent_id": "0972781465305",
          "hangar_id": "2342060",
          "sortering": "30",
          "organ_sortering": "300",
          "uppdrag_rollsortering": "90",
          "uppdrag_statussortering": "90"
        },
        {
          "organ_kod": "KU",
          "roll_kod": "Ledamot",
          "ordningsnummer": "0",
          "status": "",
          "typ": "uppdrag",
          "from": "1991-09-30",
          "tom": "1994-10-02",
          "uppgift": "Konstitutionsutskottet",
          "intressent_id": "0972781465305",
          "hangar_id": "2342060",
          "sortering": "30",
          "organ_sortering": "150",
          "uppdrag_rollsortering": "90",
          "uppdrag_statussortering": "90"
        },
        {
          "organ_kod": "KU",
          "roll_kod": "Ledamot",
          "ordningsnummer": "0",
          "status": "",
          "typ": "uppdrag",
          "from": "1988-10-11",
          "tom": "1991-09-29",
          "uppgift": "Konstitutionsutskottet",
          "intressent_id": "0972781465305",
          "hangar_id": "2342060",
          "sortering": "30",
          "organ_sortering": "150",
          "uppdrag_rollsortering": "90",
          "uppdrag_statussortering": "90"
        }
      ]
    },
    "personuppgift": {
      "uppgift": [
        {
          "kod": "en",
          "uppgift": "",
          "typ": "titlar",
          "intressent_id": "0972781465305",
          "hangar_id": "2342060"
        },
        {
          "kod": "sv",
          "uppgift": "småföretagare",
          "typ": "titlar",
          "intressent_id": "0972781465305",
          "hangar_id": "2342060"
        }
      ]
    }
  }
}