{
  "person": {
    "hangar_guid": "dfaf1581-51a6-43ef-99ac-8cf9e611e4c4",
    "sourceid": "83345459-cc17-4d4a-b2bb-3748a0f3721c",
    "intressent_id": "0758652610",
    "hangar_id": "2833016",
    "fodd_ar": "1958",
    "kon": "kvinna",
    "efternamn": "Arnholm",
    "tilltalsnamn": "Maria",
    "sorteringsnamn": "Arnholm,Maria",
    "iort": "",
    "parti": "L",
    "valkrets": "Stockholms län",
    "status": "Avgången riksdagsledamot",
    "person_url_xml": "http://data.riksdagen.se/person/83345459-cc17-4d4a-b2bb-3748a0f3721c",
    "bild_url_80": "http://data.riksdagen.se/filarkiv/bilder/ledamot/83345459-cc17-4d4a-b2bb-3748a0f3721c_80.jpg",
    "bild_url_192": "http://data.riksdagen.se/filarkiv/bilder/ledamot/83345459-cc17-4d4a-b2bb-3748a0f3721c_192.jpg",
    "bild_url_max": "http://data.riksdagen.se/filarkiv/bilder/ledamot/83345459-cc17-4d4a-b2bb-3748a0f3721c_max.jpg",
    "personuppdrag": {
      "uppdrag": [
        {
          "organ_kod": "U",
          "roll_kod": "Statsråd",
          "ordningsnummer": "23",
          "status": "",
          "typ": "Departement",
          "from": "2013-01-21",
          "tom": "2014-10-03",
          "uppgift": "Utbildningsdepartementet",
          "intressent_id": "0758652610",
          "hangar_id": "2833016",
          "sortering": "100",
          "organ_sortering": "",
          "uppdrag_rollsortering": "90",
          "uppdrag_statussortering": "90"
        },
        {
          "organ_kod": "kam",
          "roll_kod": "Riksdagsledamot",
          "ordningsnummer": "112",
          "status": "Tjänstgörande",
          "typ": "kammaruppdrag",
          "from": "2018-09-24",
          "tom": "2020-01-31",
          "uppgift": "",
          "intressent_id": "0758652610",
          "hangar_id": "2833016",
          "sortering": "10",
          "organ_sortering": "10",
          "uppdrag_rollsortering": "60",
          "uppdrag_statussortering": "10"
        },
        {
          "organ_kod": "kam",
          "roll_kod": "Riksdagsledamot",
          "ordningsnummer": "213",
          "status": "Tjänstgörande",
          "typ": "kammaruppdrag",
          "from": "2014-10-04",
          "tom": "2018-09-24",
          "uppgift": "",
          "intressent_id": "0758652610",
          "hangar_id": "2833016",
          "sortering": "10",
          "organ_sortering": "10",
          "uppdrag_rollsortering": "60",
          "uppdrag_statussortering": "10"
        },
        {
          "organ_kod": "kam",
          "roll_kod": "Riksdagsledamot",
          "ordningsnummer": "213",
          "status": "Ledig",
          "typ": "kammaruppdrag",
          "from": "2014-09-29",
          "tom": "2014-10-03",
          "uppgift": "Gulan Avci 2014-09-29 - 2014-10-03  Statsråd",
          "intressent_id": "0758652610",
          "hangar_id": "2833016",
          "sortering": "10",
          "organ_sortering": "10",
          "uppdrag_rollsortering": "60",
          "uppdrag_statussortering": "30"
        },
        {
          "organ_kod": "L",
          "roll_kod": "Partisekreterare",
          "ordningsnummer": "0",
          "status": "",
          "typ": "partiuppdrag",
          "from": "2014-10-03",
          "tom": "2019-06-28",
          "uppgift": "Liberalerna",
          "intressent_id": "0758652610",
          "hangar_id": "2833016",
          "sortering": "35",
          "organ_sortering": "",
          "uppdrag_rollsortering": "90",
          "uppdrag_statussortering": "90"
        },
        {
          "organ_kod": "KD",
          "roll_kod": "Ledamot",
          "ordningsnummer": "48",
          "status": "",
          "typ": "Riksdagsorgan",
          "from": "2018-10-09",
          "tom": "2019-09-05",
          "uppgift": "Krigsdelegationen",
          "intressent_id": "0758652610",
          "hangar_id": "2833016",
          "sortering": "30",
          "organ_sortering": "300",
          "uppdrag_rollsortering": "90",
          "uppdrag_statussortering": "90"
        },
        {
          "organ_kod": "LR",
          "roll_kod": "Suppleant",
          "ordningsnummer": "7",
          "status": "",
          "typ": "Riksdagsorgan",
          "from": "2018-10-10",
          "tom": "2018-12-12",
          "uppgift": "Ledamotsrådet",
          "intressent_id": "0758652610",
          "hangar_id": "2833016",
          "sortering": "50",
          "organ_sortering": "300",
          "uppdrag_rollsortering": "90",
          "uppdrag_statussortering": "90"
        },
        {
          "organ_kod": "AU",
          "roll_kod": "Ledamot",
          "ordningsnummer": "17",
          "status": "",
          "typ": "uppdrag",
          "from": "2019-11-15",
          "tom": "2020-01-31",
          "uppgift": "Arbetsmarknadsutskottet",
          "intressent_id": "0758652610",
          "hangar_id": "2833016",
          "sortering": "30",
          "organ_sortering": "150",
          "uppdrag_rollsortering": "90",
          "uppdrag_statussortering": "90"
        },
        {
          "organ_kod": "AU",
          "roll_kod": "Suppleant",
          "ordningsnummer": "14",
          "status": "",
          "typ": "uppdrag",
          "from": "2018-10-02",
          "tom": "2018-10-09",
          "uppgift": "Arbetsmarknadsutskottet",
          "intressent_id": "0758652610",
          "hangar_id": "2833016",
          "sortering": "50",
          "organ_sortering": "150",
          "uppdrag_rollsortering": "90",
          "uppdrag_statussortering": "90"
        },
        {
          "organ_kod": "AU",
          "roll_kod": "Suppleant",
          "ordningsnummer": "14",
          "status": "",
          "typ": "uppdrag",
          "from": "2014-10-07",
          "tom": "2018-09-24",
          "uppgift": "Arbetsmarknadsutskottet",
          "intressent_id": "0758652610",
          "hangar_id": "2833016",
          "sortering": "50",
          "organ_sortering": "150",
          "uppdrag_rollsortering": "90",
          "uppdrag_statussortering": "90"
        },
        {
          "organ_kod": "CU",
          "roll_kod": "Suppleant",
          "ordningsnummer": "14",
          "status": "",
          "typ": "uppdrag",
          "from": "2018-10-02",
          "tom": "2018-10-09",
          "uppgift": "Civilutskottet",
          "intressent_id": "0758652610",
          "hangar_id": "2833016",
          "sortering": "50",
          "organ_sortering": "150",
          "uppdrag_rollsortering": "90",
          "uppdrag_statussortering": "90"
        },
        {
          "organ_kod": "FiU",
          "roll_kod": "Suppleant",
          "ordningsnummer": "24",
          "status": "",
          "typ": "uppdrag",
          "from": "2014-11-05",
          "tom": "2018-09-24",
          "uppgift": "Finansutskottet",
          "intressent_id": "0758652610",
          "hangar_id": "2833016",
          "sortering": "50",
          "organ_sortering": "150",
          "uppdrag_rollsortering": "90",
          "uppdrag_statussortering": "90"
        },
        {
          "organ_kod": "KrU",
          "roll_kod": "Suppleant",
          "ordningsnummer": "14",
          "status": "",
          "typ": "uppdrag",
          "from": "2018-10-02",
          "tom": "2020-01-31",
          "uppgift": "Kulturutskottet",
          "intressent_id": "0758652610",
          "hangar_id": "2833016",
          "sortering": "50",
          "organ_sortering": "150",
          "uppdrag_rollsortering": "90",
          "uppdrag_statussortering": "90"
        },
        {
          "organ_kod": "MJU",
          "roll_kod": "Suppleant",
          "ordningsnummer": "14",
          "status": "",
          "typ": "uppdrag",
          "from": "2018-10-02",
          "tom": "2018-10-09",
          "uppgift": "Miljö- och jordbruksutskottet",
          "intressent_id": "0758652610",
          "hangar_id": "2833016",
          "sortering": "50",
          "organ_sortering": "150",
          "uppdrag_rollsortering": "90",
          "uppdrag_statussortering": "90"
        },
        {
          "organ_kod": "NU",
          "roll_kod": "Suppleant",
          "ordningsnummer": "14",
          "status": "",
          "typ": "uppdrag",
          "from": "2018-10-02",
          "tom": "2018-10-09",
          "uppgift": "Näringsutskottet",
          "intressent_id": "0758652610",
          "hangar_id": "2833016",
          "sortering": "50",
          "organ_sortering": "150",
          "uppdrag_rollsortering": "90",
          "uppdrag_statussortering": "90"
        },
        {
          "organ_kod": "NU",
          "roll_kod": "Suppleant",
          "ordningsnummer": "25",
          "status": "",
          "typ": "uppdrag",
          "from": "2014-11-05",
          "tom": "2018-09-24",
          "uppgift": "Näringsutskottet",
          "intressent_id": "0758652610",
          "hangar_id": "2833016",
          "sortering": "50",
          "organ_sortering": "150",
          "uppdrag_rollsortering": "90",
          "uppdrag_statussortering": "90"
        },
        {
          "organ_kod": "SfU",
          "roll_kod": "Suppleant",
          "ordningsnummer": "26",
          "status": "",
          "typ": "uppdrag",
          "from": "2014-11-05",
          "tom": "2014-11-19",
          "uppgift": "Socialförsäkringsutskottet",
          "intressent_id": "0758652610",
          "hangar_id": "2833016",
          "sortering": "50",
          "organ_sortering": "150",
          "uppdrag_rollsortering": "90",
          "uppdrag_statussortering": "90"
        },
        {
          "organ_kod": "SkU",
          "roll_kod": "Suppleant",
          "ordningsnummer": "14",
          "status": "",
          "typ": "uppdrag",
          "from": "2018-10-02",
          "tom": "2018-10-09",
          "uppgift": "Skatteutskottet",
          "intressent_id": "0758652610",
          "hangar_id": "2833016",
          "sortering": "50",
          "organ_sortering": "150",
          "uppdrag_rollsortering": "90",
          "uppdrag_statussortering": "90"
        },
        {
          "organ_kod": "TU",
          "roll_kod": "Suppleant",
          "ordningsnummer": "14",
          "status": "",
          "typ": "uppdrag",
          "from": "2018-10-02",
          "tom": "2018-10-09",
          "uppgift": "Trafikutskottet",
          "intressent_id": "0758652610",
          "hangar_id": "2833016",
          "sortering": "50",
          "organ_sortering": "150",
          "uppdrag_rollsortering": "90",
          "uppdrag_statussortering": "90"
        },
        {
          "organ_kod": "UbU",
          "roll_kod": "Ledamot",
          "ordningsnummer": "17",
          "status": "",
          "typ": "uppdrag",
          "from": "2019-09-05",
          "tom": "2019-11-15",
          "uppgift": "Utbildningsutskottet",
          "intressent_id": "0758652610",
          "hangar_id": "2833016",
          "sortering": "30",
          "organ_sortering": "150",
          "uppdrag_rollsortering": "90",
          "uppdrag_statussortering": "90"
        },
        {
          "organ_kod": "EUN",
          "roll_kod": "Suppleant",
          "ordningsnummer": "14",
          "status": "",
          "typ": "uppdrag",
          "from": "2018-10-02",
          "tom": "2018-10-09",
          "uppgift": "EU-nämnden",
          "intressent_id": "0758652610",
          "hangar_id": "2833016",
          "sortering": "50",
          "organ_sortering": "170",
          "uppdrag_rollsortering": "90",
          "uppdrag_statussortering": "90"
        }
      ]
    },
    "personuppgift": {
      "uppgift": [
        {
          "kod": "Officiell e-postadress",
          "uppgift": "maria.arnholm[på]riksdagen.se",
          "typ": "eadress",
          "intressent_id": "0758652610",
          "hangar_id": "2833016"
        },
        {
          "kod": "KandiderarINastaVal",
          "uppgift": "true",
          "typ": "val",
          "intressent_id": "0758652610",
          "hangar_id": "2833016"
        }
      ]
    }
  }
}