{
  "person": {
    "hangar_guid": "631834fd-73f7-42bd-a456-a57d0bc434a1",
    "sourceid": "8fef2ee0-ea7c-4ca1-ba6b-020a556c6ca0",
    "intressent_id": "0333961113904",
    "hangar_id": "2342028",
    "fodd_ar": "1939",
    "kon": "kvinna",
    "efternamn": "Aronson",
    "tilltalsnamn": "Marita",
    "sorteringsnamn": "Aronson,Marita",
    "iort": "",
    "parti": "FP",
    "valkrets": "Västra Götalands läns västra",
    "status": "Tidigare riksdagsledamot",
    "person_url_xml": "http://data.riksdagen.se/person/8fef2ee0-ea7c-4ca1-ba6b-020a556c6ca0",
    "bild_url_80": "http://data.riksdagen.se/filarkiv/bilder/ledamot/8fef2ee0-ea7c-4ca1-ba6b-020a556c6ca0_80.jpg",
    "bild_url_192": "http://data.riksdagen.se/filarkiv/bilder/ledamot/8fef2ee0-ea7c-4ca1-ba6b-020a556c6ca0_192.jpg",
    "bild_url_max": "http://data.riksdagen.se/filarkiv/bilder/ledamot/8fef2ee0-ea7c-4ca1-ba6b-020a556c6ca0_max.jpg",
    "personuppdrag": {
      "uppdrag": [
        {
          "organ_kod": "kam",
          "roll_kod": "Riksdagsledamot",
          "ordningsnummer": "227",
          "status": "Tjänstgörande",
          "typ": "kammaruppdrag",
          "from": "2002-09-30",
          "tom": "2006-10-02",
          "uppgift": "",
          "intressent_id": "0333961113904",
          "hangar_id": "2342028",
          "sortering": "10",
          "organ_sortering": "10",
          "uppdrag_rollsortering": "60",
          "uppdrag_statussortering": "10"
        },
        {
          "organ_kod": "NR",
          "roll_kod": "Suppleant",
          "ordningsnummer": "0",
          "status": "",
          "typ": "Riksdagsorgan",
          "from": "2002-10-15",
          "tom": "2006-10-02",
          "uppgift": "Nordiska rådets svenska delegation",
          "intressent_id": "0333961113904",
          "hangar_id": "2342028",
          "sortering": "50",
          "organ_sortering": "300",
          "uppdrag_rollsortering": "90",
          "uppdrag_statussortering": "90"
        },
        {
          "organ_kod": "RS",
          "roll_kod": "Suppleant",
          "ordningsnummer": "0",
          "status": "",
          "typ": "Riksdagsorgan",
          "from": "2006-01-01",
          "tom": "2006-10-02",
          "uppgift": "Riksdagsstyrelsen",
          "intressent_id": "0333961113904",
          "hangar_id": "2342028",
          "sortering": "50",
          "organ_sortering": "300",
          "uppdrag_rollsortering": "90",
          "uppdrag_statussortering": "90"
        },
        {
          "organ_kod": "FiU",
          "roll_kod": "Suppleant",
          "ordningsnummer": "0",
          "status": "",
          "typ": "uppdrag",
          "from": "2002-10-15",
          "tom": "2006-10-02",
          "uppgift": "Finansutskottet",
          "intressent_id": "0333961113904",
          "hangar_id": "2342028",
          "sortering": "50",
          "organ_sortering": "150",
          "uppdrag_rollsortering": "90",
          "uppdrag_statussortering": "90"
        },
        {
          "organ_kod": "SoU",
          "roll_kod": "Suppleant",
          "ordningsnummer": "0",
          "status": "",
          "typ": "uppdrag",
          "from": "2002-10-15",
          "tom": "2006-10-02",
          "uppgift": "Socialutskottet",
          "intressent_id": "0333961113904",
          "hangar_id": "2342028",
          "sortering": "50",
          "organ_sortering": "150",
          "uppdrag_rollsortering": "90",
          "uppdrag_statussortering": "90"
        },
        {
          "organ_kod": "UbU",
          "roll_kod": "Suppleant",
          "ordningsnummer": "0",
          "status": "",
          "typ": "uppdrag",
          "from": "2002-10-08",
          "tom": "2006-10-02",
          "uppgift": "Utbildningsutskottet",
          "intressent_id": "0333961113904",
          "hangar_id": "2342028",
          "sortering": "50",
          "organ_sortering": "150",
          "uppdrag_rollsortering": "90",
          "uppdrag_statussortering": "90"
        },
        {
          "organ_kod": "JuSoU",
          "roll_kod": "Suppleant",
          "ordningsnummer": "0",
          "status": "",
          "typ": "uppdrag",
          "from": "2006-02-09",
          "tom": "2006-04-26",
          "uppgift": "Sammansatta justitie- och socialutskottet",
          "intressent_id": "0333961113904",
          "hangar_id": "2342028",
          "sortering": "50",
          "organ_sortering": "160",
          "uppdrag_rollsortering": "90",
          "uppdrag_statussortering": "90"
        }
      ]
    },
    "personuppgift": {
      "uppgift": [
        {
          "kod": "sv",
          "uppgift": "fil.dr., leg.psykolog",
          "typ": "titlar",
          "intressent_id": "0333961113904",
          "hangar_id": "2342028"
        },
        {
          "kod": "en",
          "uppgift": "PhD, Reg. Psychologist",
          "typ": "titlar",
          "intressent_id": "0333961113904",
          "hangar_id": "2342028"
        }
      ]
    }
  }
}