{
  "person": {
    "hangar_guid": "91efc3aa-f553-4b40-b062-5e6d5edfd5a6",
    "sourceid": "6fd2908a-7d39-426c-abd6-43287e3882f9",
    "intressent_id": "088028607414",
    "hangar_id": "2342948",
    "fodd_ar": "1956",
    "kon": "kvinna",
    "efternamn": "Asplund",
    "tilltalsnamn": "Lena",
    "sorteringsnamn": "Asplund,Lena",
    "iort": "",
    "parti": "M",
    "valkrets": "Västernorrlands län",
    "status": "Tidigare riksdagsledamot",
    "person_url_xml": "http://data.riksdagen.se/person/6fd2908a-7d39-426c-abd6-43287e3882f9",
    "bild_url_80": "http://data.riksdagen.se/filarkiv/bilder/ledamot/6fd2908a-7d39-426c-abd6-43287e3882f9_80.jpg",
    "bild_url_192": "http://data.riksdagen.se/filarkiv/bilder/ledamot/6fd2908a-7d39-426c-abd6-43287e3882f9_192.jpg",
    "bild_url_max": "http://data.riksdagen.se/filarkiv/bilder/ledamot/6fd2908a-7d39-426c-abd6-43287e3882f9_max.jpg",
    "personuppdrag": {
      "uppdrag": [
        {
          "organ_kod": "kam",
          "roll_kod": "Riksdagsledamot",
          "ordningsnummer": "200",
          "status": "Tjänstgörande",
          "typ": "kammaruppdrag",
          "from": "2014-09-29",
          "tom": "2018-09-24",
          "uppgift": "",
          "intressent_id": "088028607414",
          "hangar_id": "2342948",
          "sortering": "10",
          "organ_sortering": "10",
          "uppdrag_rollsortering": "60",
          "uppdrag_statussortering": "10"
        },
        {
          "organ_kod": "kam",
          "roll_kod": "Riksdagsledamot",
          "ordningsnummer": "309",
          "status": "Tjänstgörande",
          "typ": "kammaruppdrag",
          "from": "2010-10-04",
          "tom": "2014-09-29",
          "uppgift": "",
          "intressent_id": "088028607414",
          "hangar_id": "2342948",
          "sortering": "10",
          "organ_sortering": "10",
          "uppdrag_rollsortering": "60",
          "uppdrag_statussortering": "10"
        },
        {
          "organ_kod": "kam",
          "roll_kod": "Riksdagsledamot",
          "ordningsnummer": "346",
          "status": "Tjänstgörande",
          "typ": "kammaruppdrag",
          "from": "2006-10-02",
          "tom": "2010-10-04",
          "uppgift": "",
          "intressent_id": "088028607414",
          "hangar_id": "2342948",
          "sortering": "10",
          "organ_sortering": "10",
          "uppdrag_rollsortering": "60",
          "uppdrag_statussortering": "10"
        },
        {
          "organ_kod": "M",
          "roll_kod": "Kvittningsman",
          "ordningsnummer": "0",
          "status": "",
          "typ": "partiuppdrag",
          "from": "2014-09-29",
          "tom": "2018-09-24",
          "uppgift": "Moderaterna",
          "intressent_id": "088028607414",
          "hangar_id": "2342948",
          "sortering": "",
          "organ_sortering": "",
          "uppdrag_rollsortering": "90",
          "uppdrag_statussortering": "90"
        },
        {
          "organ_kod": "NATO",
          "roll_kod": "Suppleant",
          "ordningsnummer": "2",
          "status": "",
          "typ": "Riksdagsorgan",
          "from": "2016-10-18",
          "tom": "2018-09-24",
          "uppgift": "Riksdagens delegation till Natos parlamentariska församling",
          "intressent_id": "088028607414",
          "hangar_id": "2342948",
          "sortering": "50",
          "organ_sortering": "300",
          "uppdrag_rollsortering": "90",
          "uppdrag_statussortering": "90"
        },
        {
          "organ_kod": "NR",
          "roll_kod": "Ledamot",
          "ordningsnummer": "11",
          "status": "",
          "typ": "Riksdagsorgan",
          "from": "2017-09-28",
          "tom": "2018-09-24",
          "uppgift": "Nordiska rådets svenska delegation",
          "intressent_id": "088028607414",
          "hangar_id": "2342948",
          "sortering": "30",
          "organ_sortering": "300",
          "uppdrag_rollsortering": "90",
          "uppdrag_statussortering": "90"
        },
        {
          "organ_kod": "NR",
          "roll_kod": "Ledamot",
          "ordningsnummer": "11",
          "status": "",
          "typ": "Riksdagsorgan",
          "from": "2016-09-29",
          "tom": "2017-09-28",
          "uppgift": "Nordiska rådets svenska delegation",
          "intressent_id": "088028607414",
          "hangar_id": "2342948",
          "sortering": "30",
          "organ_sortering": "300",
          "uppdrag_rollsortering": "90",
          "uppdrag_statussortering": "90"
        },
        {
          "organ_kod": "NR",
          "roll_kod": "Ledamot",
          "ordningsnummer": "11",
          "status": "",
          "typ": "Riksdagsorgan",
          "from": "2015-11-26",
          "tom": "2016-09-29",
          "uppgift": "Nordiska rådets svenska delegation",
          "intressent_id": "088028607414",
          "hangar_id": "2342948",
          "sortering": "30",
          "organ_sortering": "300",
          "uppdrag_rollsortering": "90",
          "uppdrag_statussortering": "90"
        },
        {
          "organ_kod": "NR",
          "roll_kod": "Ledamot",
          "ordningsnummer": "16",
          "status": "",
          "typ": "Riksdagsorgan",
          "from": "2015-10-01",
          "tom": "2015-11-26",
          "uppgift": "Nordiska rådets svenska delegation",
          "intressent_id": "088028607414",
          "hangar_id": "2342948",
          "sortering": "30",
          "organ_sortering": "300",
          "uppdrag_rollsortering": "90",
          "uppdrag_statussortering": "90"
        },
        {
          "organ_kod": "NR",
          "roll_kod": "Ledamot",
          "ordningsnummer": "16",
          "status": "",
          "typ": "Riksdagsorgan",
          "from": "2014-10-07",
          "tom": "2015-10-01",
          "uppgift": "Nordiska rådets svenska delegation",
          "intressent_id": "088028607414",
          "hangar_id": "2342948",
          "sortering": "30",
          "organ_sortering": "300",
          "uppdrag_rollsortering": "90",
          "uppdrag_statussortering": "90"
        },
        {
          "organ_kod": "VB",
          "roll_kod": "Ledamot",
          "ordningsnummer": "10",
          "status": "",
          "typ": "Riksdagsorgan",
          "from": "2014-09-29",
          "tom": "2016-10-26",
          "uppgift": "Valberedningen",
          "intressent_id": "088028607414",
          "hangar_id": "2342948",
          "sortering": "30",
          "organ_sortering": "300",
          "uppdrag_rollsortering": "90",
          "uppdrag_statussortering": "90"
        },
        {
          "organ_kod": "VB",
          "roll_kod": "Ledamot",
          "ordningsnummer": "10",
          "status": "",
          "typ": "Riksdagsorgan",
          "from": "2010-10-04",
          "tom": "2014-09-29",
          "uppgift": "Valberedningen",
          "intressent_id": "088028607414",
          "hangar_id": "2342948",
          "sortering": "30",
          "organ_sortering": "300",
          "uppdrag_rollsortering": "90",
          "uppdrag_statussortering": "90"
        },
        {
          "organ_kod": "VB",
          "roll_kod": "Ledamot",
          "ordningsnummer": "9",
          "status": "",
          "typ": "Riksdagsorgan",
          "from": "2008-10-23",
          "tom": "2010-10-04",
          "uppgift": "Valberedningen",
          "intressent_id": "088028607414",
          "hangar_id": "2342948",
          "sortering": "30",
          "organ_sortering": "300",
          "uppdrag_rollsortering": "90",
          "uppdrag_statussortering": "90"
        },
        {
          "organ_kod": "FöU",
          "roll_kod": "Suppleant",
          "ordningsnummer": "29",
          "status": "",
          "typ": "uppdrag",
          "from": "2018-03-23",
          "tom": "2018-09-24",
          "uppgift": "Försvarsutskottet",
          "intressent_id": "088028607414",
          "hangar_id": "2342948",
          "sortering": "50",
          "organ_sortering": "150",
          "uppdrag_rollsortering": "90",
          "uppdrag_statussortering": "90"
        },
        {
          "organ_kod": "FöU",
          "roll_kod": "Ledamot",
          "ordningsnummer": "4",
          "status": "",
          "typ": "uppdrag",
          "from": "2015-01-29",
          "tom": "2018-01-19",
          "uppgift": "Försvarsutskottet",
          "intressent_id": "088028607414",
          "hangar_id": "2342948",
          "sortering": "30",
          "organ_sortering": "150",
          "uppdrag_rollsortering": "90",
          "uppdrag_statussortering": "90"
        },
        {
          "organ_kod": "FöU",
          "roll_kod": "Ledamot",
          "ordningsnummer": "7",
          "status": "",
          "typ": "uppdrag",
          "from": "2014-10-07",
          "tom": "2015-01-28",
          "uppgift": "Försvarsutskottet",
          "intressent_id": "088028607414",
          "hangar_id": "2342948",
          "sortering": "30",
          "organ_sortering": "150",
          "uppdrag_rollsortering": "90",
          "uppdrag_statussortering": "90"
        },
        {
          "organ_kod": "NU",
          "roll_kod": "Suppleant",
          "ordningsnummer": "23",
          "status": "",
          "typ": "uppdrag",
          "from": "2010-11-17",
          "tom": "2014-09-29",
          "uppgift": "Näringsutskottet",
          "intressent_id": "088028607414",
          "hangar_id": "2342948",
          "sortering": "50",
          "organ_sortering": "150",
          "uppdrag_rollsortering": "90",
          "uppdrag_statussortering": "90"
        },
        {
          "organ_kod": "SkU",
          "roll_kod": "Ledamot",
          "ordningsnummer": "5",
          "status": "",
          "typ": "uppdrag",
          "from": "2010-10-12",
          "tom": "2014-09-29",
          "uppgift": "Skatteutskottet",
          "intressent_id": "088028607414",
          "hangar_id": "2342948",
          "sortering": "30",
          "organ_sortering": "150",
          "uppdrag_rollsortering": "90",
          "uppdrag_statussortering": "90"
        },
        {
          "organ_kod": "SkU",
          "roll_kod": "Ledamot",
          "ordningsnummer": "10",
          "status": "",
          "typ": "uppdrag",
          "from": "2006-10-10",
          "tom": "2010-10-04",
          "uppgift": "Skatteutskottet",
          "intressent_id": "088028607414",
          "hangar_id": "2342948",
          "sortering": "30",
          "organ_sortering": "150",
          "uppdrag_rollsortering": "90",
          "uppdrag_statussortering": "90"
        },
        {
          "organ_kod": "SoU",
          "roll_kod": "Suppleant",
          "ordningsnummer": "11",
          "status": "",
          "typ": "uppdrag",
          "from": "2018-01-24",
          "tom": "2018-09-24",
          "uppgift": "Socialutskottet",
          "intressent_id": "088028607414",
          "hangar_id": "2342948",
          "sortering": "50",
          "organ_sortering": "150",
          "uppdrag_rollsortering": "90",
          "uppdrag_statussortering": "90"
        },
        {
          "organ_kod": "SoU",
          "roll_kod": "Suppleant",
          "ordningsnummer": "4",
          "status": "",
          "typ": "uppdrag",
          "from": "2018-01-19",
          "tom": "2018-01-24",
          "uppgift": "Socialutskottet",
          "intressent_id": "088028607414",
          "hangar_id": "2342948",
          "sortering": "50",
          "organ_sortering": "150",
          "uppdrag_rollsortering": "90",
          "uppdrag_statussortering": "90"
        },
        {
          "organ_kod": "TU",
          "roll_kod": "Suppleant",
          "ordningsnummer": "13",
          "status": "",
          "typ": "uppdrag",
          "from": "2006-10-10",
          "tom": "2010-10-04",
          "uppgift": "Trafikutskottet",
          "intressent_id": "088028607414",
          "hangar_id": "2342948",
          "sortering": "50",
          "organ_sortering": "150",
          "uppdrag_rollsortering": "90",
          "uppdrag_statussortering": "90"
        },
        {
          "organ_kod": "UFöU",
          "roll_kod": "Deputerad",
          "ordningsnummer": "7",
          "status": "",
          "typ": "uppdrag",
          "from": "2017-11-14",
          "tom": "2017-12-15",
          "uppgift": "Sammansatta utrikes- och försvarsutskottet",
          "intressent_id": "088028607414",
          "hangar_id": "2342948",
          "sortering": "40",
          "organ_sortering": "160",
          "uppdrag_rollsortering": "90",
          "uppdrag_statussortering": "90"
        },
        {
          "organ_kod": "UFöU",
          "roll_kod": "Deputerad",
          "ordningsnummer": "7",
          "status": "",
          "typ": "uppdrag",
          "from": "2017-05-02",
          "tom": "2017-06-14",
          "uppgift": "Sammansatta utrikes- och försvarsutskottet",
          "intressent_id": "088028607414",
          "hangar_id": "2342948",
          "sortering": "40",
          "organ_sortering": "160",
          "uppdrag_rollsortering": "90",
          "uppdrag_statussortering": "90"
        },
        {
          "organ_kod": "UFöU",
          "roll_kod": "Deputerad",
          "ordningsnummer": "7",
          "status": "",
          "typ": "uppdrag",
          "from": "2016-11-15",
          "tom": "2016-12-14",
          "uppgift": "Sammansatta utrikes- och försvarsutskottet",
          "intressent_id": "088028607414",
          "hangar_id": "2342948",
          "sortering": "40",
          "organ_sortering": "160",
          "uppdrag_rollsortering": "90",
          "uppdrag_statussortering": "90"
        },
        {
          "organ_kod": "UFöU",
          "roll_kod": "Deputerad",
          "ordningsnummer": "7",
          "status": "",
          "typ": "uppdrag",
          "from": "2016-04-12",
          "tom": "2016-05-25",
          "uppgift": "Sammansatta utrikes- och försvarsutskottet",
          "intressent_id": "088028607414",
          "hangar_id": "2342948",
          "sortering": "40",
          "organ_sortering": "160",
          "uppdrag_rollsortering": "90",
          "uppdrag_statussortering": "90"
        },
        {
          "organ_kod": "UFöU",
          "roll_kod": "Deputerad",
          "ordningsnummer": "7",
          "status": "",
          "typ": "uppdrag",
          "from": "2015-11-17",
          "tom": "2015-12-16",
          "uppgift": "Sammansatta utrikes- och försvarsutskottet",
          "intressent_id": "088028607414",
          "hangar_id": "2342948",
          "sortering": "40",
          "organ_sortering": "160",
          "uppdrag_rollsortering": "90",
          "uppdrag_statussortering": "90"
        },
        {
          "organ_kod": "UFöU",
          "roll_kod": "Deputerad",
          "ordningsnummer": "7",
          "status": "",
          "typ": "uppdrag",
          "from": "2015-04-14",
          "tom": "2015-06-16",
          "uppgift": "Sammansatta utrikes- och försvarsutskottet",
          "intressent_id": "088028607414",
          "hangar_id": "2342948",
          "sortering": "40",
          "organ_sortering": "160",
          "uppdrag_rollsortering": "90",
          "uppdrag_statussortering": "90"
        },
        {
          "organ_kod": "UFöU",
          "roll_kod": "Suppleant",
          "ordningsnummer": "2",
          "status": "",
          "typ": "uppdrag",
          "from": "2014-11-20",
          "tom": "2014-12-17",
          "uppgift": "Sammansatta utrikes- och försvarsutskottet",
          "intressent_id": "088028607414",
          "hangar_id": "2342948",
          "sortering": "50",
          "organ_sortering": "160",
          "uppdrag_rollsortering": "90",
          "uppdrag_statussortering": "90"
        }
      ]
    },
    "personuppgift": {
      "uppgift": [
        {
          "kod": "sv",
          "uppgift": "Biomedicinsk analytiker",
          "typ": "titlar",
          "intressent_id": "088028607414",
          "hangar_id": "2342948"
        },
        {
          "kod": "en",
          "uppgift": "",
          "typ": "titlar",
          "intressent_id": "088028607414",
          "hangar_id": "2342948"
        },
        {
          "kod": "KandiderarINastaVal",
          "uppgift": "false",
          "typ": "val",
          "intressent_id": "088028607414",
          "hangar_id": "2342948"
        }
      ]
    }
  }
}