{
  "person": {
    "hangar_guid": "945855c1-e1a7-4c95-9646-f4bebbb155ea",
    "sourceid": "2b87940b-b3ff-11d5-af0b-0050040caabf",
    "intressent_id": "0958776965517",
    "hangar_id": "2342724",
    "fodd_ar": "1952",
    "kon": "man",
    "efternamn": "Axelsson",
    "tilltalsnamn": "Lennart",
    "sorteringsnamn": "Axelsson,Lennart",
    "iort": "",
    "parti": "S",
    "valkrets": "Örebro län",
    "status": "Tidigare riksdagsledamot",
    "person_url_xml": "http://data.riksdagen.se/person/2b87940b-b3ff-11d5-af0b-0050040caabf",
    "bild_url_80": "http://data.riksdagen.se/filarkiv/bilder/ledamot/2b87940b-b3ff-11d5-af0b-0050040caabf_80.jpg",
    "bild_url_192": "http://data.riksdagen.se/filarkiv/bilder/ledamot/2b87940b-b3ff-11d5-af0b-0050040caabf_192.jpg",
    "bild_url_max": "http://data.riksdagen.se/filarkiv/bilder/ledamot/2b87940b-b3ff-11d5-af0b-0050040caabf_max.jpg",
    "personuppdrag": {
      "uppdrag": [
        {
          "organ_kod": "kam",
          "roll_kod": "Riksdagsledamot",
          "ordningsnummer": "197",
          "status": "Tjänstgörande",
          "typ": "kammaruppdrag",
          "from": "2014-09-29",
          "tom": "2018-09-24",
          "uppgift": "",
          "intressent_id": "0958776965517",
          "hangar_id": "2342724",
          "sortering": "10",
          "organ_sortering": "10",
          "uppdrag_rollsortering": "60",
          "uppdrag_statussortering": "10"
        },
        {
          "organ_kod": "kam",
          "roll_kod": "Riksdagsledamot",
          "ordningsnummer": "232",
          "status": "Tjänstgörande",
          "typ": "kammaruppdrag",
          "from": "2010-10-04",
          "tom": "2014-09-29",
          "uppgift": "",
          "intressent_id": "0958776965517",
          "hangar_id": "2342724",
          "sortering": "10",
          "organ_sortering": "10",
          "uppdrag_rollsortering": "60",
          "uppdrag_statussortering": "10"
        },
        {
          "organ_kod": "kam",
          "roll_kod": "Riksdagsledamot",
          "ordningsnummer": "233",
          "status": "Tjänstgörande",
          "typ": "kammaruppdrag",
          "from": "2006-10-02",
          "tom": "2010-10-04",
          "uppgift": "",
          "intressent_id": "0958776965517",
          "hangar_id": "2342724",
          "sortering": "10",
          "organ_sortering": "10",
          "uppdrag_rollsortering": "60",
          "uppdrag_statussortering": "10"
        },
        {
          "organ_kod": "kam",
          "roll_kod": "Riksdagsledamot",
          "ordningsnummer": "277",
          "status": "Tjänstgörande",
          "typ": "kammaruppdrag",
          "from": "2002-09-30",
          "tom": "2006-10-02",
          "uppgift": "",
          "intressent_id": "0958776965517",
          "hangar_id": "2342724",
          "sortering": "10",
          "organ_sortering": "10",
          "uppdrag_rollsortering": "60",
          "uppdrag_statussortering": "10"
        },
        {
          "organ_kod": "kam",
          "roll_kod": "Riksdagsledamot",
          "ordningsnummer": "271",
          "status": "Tjänstgörande",
          "typ": "kammaruppdrag",
          "from": "2000-09-20",
          "tom": "2002-09-30",
          "uppgift": "",
          "intressent_id": "0958776965517",
          "hangar_id": "2342724",
          "sortering": "10",
          "organ_sortering": "10",
          "uppdrag_rollsortering": "60",
          "uppdrag_statussortering": "10"
        },
        {
          "organ_kod": "S",
          "roll_kod": "Kvittningsman",
          "ordningsnummer": "0",
          "status": "",
          "typ": "partiuppdrag",
          "from": "2006-10-06",
          "tom": "2010-10-04",
          "uppgift": "Socialdemokraterna",
          "intressent_id": "0958776965517",
          "hangar_id": "2342724",
          "sortering": "",
          "organ_sortering": "",
          "uppdrag_rollsortering": "90",
          "uppdrag_statussortering": "90"
        },
        {
          "organ_kod": "Systembolaget",
          "roll_kod": "Revisor",
          "ordningsnummer": "2",
          "status": "",
          "typ": "Riksdagsorgan",
          "from": "2016-03-16",
          "tom": "2019-02-14",
          "uppgift": "Systembolaget AB",
          "intressent_id": "0958776965517",
          "hangar_id": "2342724",
          "sortering": "",
          "organ_sortering": "",
          "uppdrag_rollsortering": "90",
          "uppdrag_statussortering": "90"
        },
        {
          "organ_kod": "ER",
          "roll_kod": "Suppleant",
          "ordningsnummer": "2",
          "status": "",
          "typ": "Riksdagsorgan",
          "from": "2010-11-01",
          "tom": "2014-11-01",
          "uppgift": "Europarådets svenska delegation",
          "intressent_id": "0958776965517",
          "hangar_id": "2342724",
          "sortering": "50",
          "organ_sortering": "300",
          "uppdrag_rollsortering": "90",
          "uppdrag_statussortering": "90"
        },
        {
          "organ_kod": "NR",
          "roll_kod": "Ledamot",
          "ordningsnummer": "18",
          "status": "",
          "typ": "Riksdagsorgan",
          "from": "2017-09-28",
          "tom": "2018-09-24",
          "uppgift": "Nordiska rådets svenska delegation",
          "intressent_id": "0958776965517",
          "hangar_id": "2342724",
          "sortering": "30",
          "organ_sortering": "300",
          "uppdrag_rollsortering": "90",
          "uppdrag_statussortering": "90"
        },
        {
          "organ_kod": "NR",
          "roll_kod": "Ledamot",
          "ordningsnummer": "18",
          "status": "",
          "typ": "Riksdagsorgan",
          "from": "2016-09-29",
          "tom": "2017-09-28",
          "uppgift": "Nordiska rådets svenska delegation",
          "intressent_id": "0958776965517",
          "hangar_id": "2342724",
          "sortering": "30",
          "organ_sortering": "300",
          "uppdrag_rollsortering": "90",
          "uppdrag_statussortering": "90"
        },
        {
          "organ_kod": "NR",
          "roll_kod": "Ledamot",
          "ordningsnummer": "18",
          "status": "",
          "typ": "Riksdagsorgan",
          "from": "2015-10-01",
          "tom": "2016-09-29",
          "uppgift": "Nordiska rådets svenska delegation",
          "intressent_id": "0958776965517",
          "hangar_id": "2342724",
          "sortering": "30",
          "organ_sortering": "300",
          "uppdrag_rollsortering": "90",
          "uppdrag_statussortering": "90"
        },
        {
          "organ_kod": "NR",
          "roll_kod": "Ledamot",
          "ordningsnummer": "18",
          "status": "",
          "typ": "Riksdagsorgan",
          "from": "2014-10-07",
          "tom": "2015-10-01",
          "uppgift": "Nordiska rådets svenska delegation",
          "intressent_id": "0958776965517",
          "hangar_id": "2342724",
          "sortering": "30",
          "organ_sortering": "300",
          "uppdrag_rollsortering": "90",
          "uppdrag_statussortering": "90"
        },
        {
          "organ_kod": "NR",
          "roll_kod": "Ledamot",
          "ordningsnummer": "0",
          "status": "",
          "typ": "Riksdagsorgan",
          "from": "2004-10-28",
          "tom": "2006-10-02",
          "uppgift": "Nordiska rådets svenska delegation",
          "intressent_id": "0958776965517",
          "hangar_id": "2342724",
          "sortering": "30",
          "organ_sortering": "300",
          "uppdrag_rollsortering": "90",
          "uppdrag_statussortering": "90"
        },
        {
          "organ_kod": "FiU",
          "roll_kod": "Suppleant",
          "ordningsnummer": "7",
          "status": "",
          "typ": "uppdrag",
          "from": "2006-10-10",
          "tom": "2010-10-04",
          "uppgift": "Finansutskottet",
          "intressent_id": "0958776965517",
          "hangar_id": "2342724",
          "sortering": "50",
          "organ_sortering": "150",
          "uppdrag_rollsortering": "90",
          "uppdrag_statussortering": "90"
        },
        {
          "organ_kod": "KrU",
          "roll_kod": "Suppleant",
          "ordningsnummer": "5",
          "status": "",
          "typ": "uppdrag",
          "from": "2017-06-16",
          "tom": "2018-09-24",
          "uppgift": "Kulturutskottet",
          "intressent_id": "0958776965517",
          "hangar_id": "2342724",
          "sortering": "50",
          "organ_sortering": "150",
          "uppdrag_rollsortering": "90",
          "uppdrag_statussortering": "90"
        },
        {
          "organ_kod": "SkU",
          "roll_kod": "Suppleant",
          "ordningsnummer": "10",
          "status": "",
          "typ": "uppdrag",
          "from": "2010-10-19",
          "tom": "2014-09-29",
          "uppgift": "Skatteutskottet",
          "intressent_id": "0958776965517",
          "hangar_id": "2342724",
          "sortering": "50",
          "organ_sortering": "150",
          "uppdrag_rollsortering": "90",
          "uppdrag_statussortering": "90"
        },
        {
          "organ_kod": "SkU",
          "roll_kod": "Suppleant",
          "ordningsnummer": "22",
          "status": "",
          "typ": "uppdrag",
          "from": "2007-01-17",
          "tom": "2010-10-04",
          "uppgift": "Skatteutskottet",
          "intressent_id": "0958776965517",
          "hangar_id": "2342724",
          "sortering": "50",
          "organ_sortering": "150",
          "uppdrag_rollsortering": "90",
          "uppdrag_statussortering": "90"
        },
        {
          "organ_kod": "SkU",
          "roll_kod": "Ledamot",
          "ordningsnummer": "0",
          "status": "",
          "typ": "uppdrag",
          "from": "2002-10-08",
          "tom": "2006-10-02",
          "uppgift": "Skatteutskottet",
          "intressent_id": "0958776965517",
          "hangar_id": "2342724",
          "sortering": "30",
          "organ_sortering": "150",
          "uppdrag_rollsortering": "90",
          "uppdrag_statussortering": "90"
        },
        {
          "organ_kod": "SkU",
          "roll_kod": "Suppleant",
          "ordningsnummer": "0",
          "status": "",
          "typ": "uppdrag",
          "from": "2000-09-20",
          "tom": "2002-09-29",
          "uppgift": "Skatteutskottet",
          "intressent_id": "0958776965517",
          "hangar_id": "2342724",
          "sortering": "50",
          "organ_sortering": "150",
          "uppdrag_rollsortering": "90",
          "uppdrag_statussortering": "90"
        },
        {
          "organ_kod": "SoU",
          "roll_kod": "Ledamot",
          "ordningsnummer": "3",
          "status": "",
          "typ": "uppdrag",
          "from": "2014-10-07",
          "tom": "2018-09-24",
          "uppgift": "Socialutskottet",
          "intressent_id": "0958776965517",
          "hangar_id": "2342724",
          "sortering": "30",
          "organ_sortering": "150",
          "uppdrag_rollsortering": "90",
          "uppdrag_statussortering": "90"
        },
        {
          "organ_kod": "SoU",
          "roll_kod": "Ledamot",
          "ordningsnummer": "8",
          "status": "",
          "typ": "uppdrag",
          "from": "2010-10-12",
          "tom": "2014-09-29",
          "uppgift": "Socialutskottet",
          "intressent_id": "0958776965517",
          "hangar_id": "2342724",
          "sortering": "30",
          "organ_sortering": "150",
          "uppdrag_rollsortering": "90",
          "uppdrag_statussortering": "90"
        },
        {
          "organ_kod": "SoU",
          "roll_kod": "Ledamot",
          "ordningsnummer": "11",
          "status": "",
          "typ": "uppdrag",
          "from": "2006-10-10",
          "tom": "2010-10-04",
          "uppgift": "Socialutskottet",
          "intressent_id": "0958776965517",
          "hangar_id": "2342724",
          "sortering": "30",
          "organ_sortering": "150",
          "uppdrag_rollsortering": "90",
          "uppdrag_statussortering": "90"
        },
        {
          "organ_kod": "SoU",
          "roll_kod": "Suppleant",
          "ordningsnummer": "0",
          "status": "",
          "typ": "uppdrag",
          "from": "2003-03-12",
          "tom": "2006-10-02",
          "uppgift": "Socialutskottet",
          "intressent_id": "0958776965517",
          "hangar_id": "2342724",
          "sortering": "50",
          "organ_sortering": "150",
          "uppdrag_rollsortering": "90",
          "uppdrag_statussortering": "90"
        },
        {
          "organ_kod": "EUN",
          "roll_kod": "Suppleant",
          "ordningsnummer": "3",
          "status": "",
          "typ": "uppdrag",
          "from": "2014-10-07",
          "tom": "2018-09-24",
          "uppgift": "EU-nämnden",
          "intressent_id": "0958776965517",
          "hangar_id": "2342724",
          "sortering": "50",
          "organ_sortering": "170",
          "uppdrag_rollsortering": "90",
          "uppdrag_statussortering": "90"
        },
        {
          "organ_kod": "EUN",
          "roll_kod": "Suppleant",
          "ordningsnummer": "18",
          "status": "",
          "typ": "uppdrag",
          "from": "2010-10-19",
          "tom": "2012-12-31",
          "uppgift": "EU-nämnden",
          "intressent_id": "0958776965517",
          "hangar_id": "2342724",
          "sortering": "50",
          "organ_sortering": "170",
          "uppdrag_rollsortering": "90",
          "uppdrag_statussortering": "90"
        }
      ]
    },
    "personuppgift": {
      "uppgift": [
        {
          "kod": "sv",
          "uppgift": "Vårdare.",
          "typ": "titlar",
          "intressent_id": "0958776965517",
          "hangar_id": "2342724"
        },
        {
          "kod": "en",
          "uppgift": "Mental Nursing Attendant",
          "typ": "titlar",
          "intressent_id": "0958776965517",
          "hangar_id": "2342724"
        },
        {
          "kod": "KandiderarINastaVal",
          "uppgift": "false",
          "typ": "val",
          "intressent_id": "0958776965517",
          "hangar_id": "2342724"
        }
      ]
    }
  }
}