{
  "person": {
    "hangar_guid": "5bc2480f-1f63-42b0-8e93-6f45bdc2132e",
    "sourceid": "d7c3236a-83e4-11d4-ae60-0050040c9b55",
    "intressent_id": "0913965980315",
    "hangar_id": "2342588",
    "fodd_ar": "1949",
    "kon": "kvinna",
    "efternamn": "Axelsson",
    "tilltalsnamn": "Christina",
    "sorteringsnamn": "Axelsson,Christina",
    "iort": "",
    "parti": "S",
    "valkrets": "Stockholms län",
    "status": "Tidigare riksdagsledamot",
    "person_url_xml": "http://data.riksdagen.se/person/d7c3236a-83e4-11d4-ae60-0050040c9b55",
    "bild_url_80": "http://data.riksdagen.se/filarkiv/bilder/ledamot/d7c3236a-83e4-11d4-ae60-0050040c9b55_80.jpg",
    "bild_url_192": "http://data.riksdagen.se/filarkiv/bilder/ledamot/d7c3236a-83e4-11d4-ae60-0050040c9b55_192.jpg",
    "bild_url_max": "http://data.riksdagen.se/filarkiv/bilder/ledamot/d7c3236a-83e4-11d4-ae60-0050040c9b55_max.jpg",
    "personuppdrag": {
      "uppdrag": [
        {
          "organ_kod": "kam",
          "roll_kod": "Riksdagsledamot",
          "ordningsnummer": "55",
          "status": "Tjänstgörande",
          "typ": "kammaruppdrag",
          "from": "2006-10-02",
          "tom": "2010-10-04",
          "uppgift": "",
          "intressent_id": "0913965980315",
          "hangar_id": "2342588",
          "sortering": "10",
          "organ_sortering": "10",
          "uppdrag_rollsortering": "60",
          "uppdrag_statussortering": "10"
        },
        {
          "organ_kod": "kam",
          "roll_kod": "Riksdagsledamot",
          "ordningsnummer": "46",
          "status": "Tjänstgörande",
          "typ": "kammaruppdrag",
          "from": "2002-09-30",
          "tom": "2006-10-02",
          "uppgift": "Ingela Thalén",
          "intressent_id": "0913965980315",
          "hangar_id": "2342588",
          "sortering": "10",
          "organ_sortering": "10",
          "uppdrag_rollsortering": "60",
          "uppdrag_statussortering": "10"
        },
        {
          "organ_kod": "kam",
          "roll_kod": "Statsrådsersättare",
          "ordningsnummer": "169",
          "status": "Ersättare",
          "typ": "kammaruppdrag",
          "from": "1999-10-01",
          "tom": "2002-09-30",
          "uppgift": "Ingela Thalén",
          "intressent_id": "0913965980315",
          "hangar_id": "2342588",
          "sortering": "",
          "organ_sortering": "10",
          "uppdrag_rollsortering": "60",
          "uppdrag_statussortering": "20"
        },
        {
          "organ_kod": "kam",
          "roll_kod": "Statsrådsersättare",
          "ordningsnummer": "52",
          "status": "Ersättare",
          "typ": "kammaruppdrag",
          "from": "1998-10-05",
          "tom": "1999-10-01",
          "uppgift": "Björn von Sydow",
          "intressent_id": "0913965980315",
          "hangar_id": "2342588",
          "sortering": "",
          "organ_sortering": "10",
          "uppdrag_rollsortering": "60",
          "uppdrag_statussortering": "20"
        },
        {
          "organ_kod": "kam",
          "roll_kod": "Statsrådsersättare",
          "ordningsnummer": "45",
          "status": "Ersättare",
          "typ": "kammaruppdrag",
          "from": "1996-10-01",
          "tom": "1998-10-05",
          "uppgift": "Pierre Schori",
          "intressent_id": "0913965980315",
          "hangar_id": "2342588",
          "sortering": "",
          "organ_sortering": "10",
          "uppdrag_rollsortering": "60",
          "uppdrag_statussortering": "20"
        },
        {
          "organ_kod": "kam",
          "roll_kod": "Statsrådsersättare",
          "ordningsnummer": "60",
          "status": "Ersättare",
          "typ": "kammaruppdrag",
          "from": "1996-03-23",
          "tom": "1996-09-30",
          "uppgift": "Björn von Sydow",
          "intressent_id": "0913965980315",
          "hangar_id": "2342588",
          "sortering": "",
          "organ_sortering": "10",
          "uppdrag_rollsortering": "60",
          "uppdrag_statussortering": "20"
        },
        {
          "organ_kod": "kam",
          "roll_kod": "Statsrådsersättare",
          "ordningsnummer": "45",
          "status": "Ersättare",
          "typ": "kammaruppdrag",
          "from": "1995-10-10",
          "tom": "1996-03-22",
          "uppgift": "Pierre Schori",
          "intressent_id": "0913965980315",
          "hangar_id": "2342588",
          "sortering": "",
          "organ_sortering": "10",
          "uppdrag_rollsortering": "60",
          "uppdrag_statussortering": "20"
        },
        {
          "organ_kod": "kam",
          "roll_kod": "Ersättare",
          "ordningsnummer": "60",
          "status": "Ersättare",
          "typ": "kammaruppdrag",
          "from": "1995-01-10",
          "tom": "1995-10-09",
          "uppgift": "Tommy Waidelich",
          "intressent_id": "0913965980315",
          "hangar_id": "2342588",
          "sortering": "45",
          "organ_sortering": "10",
          "uppdrag_rollsortering": "60",
          "uppdrag_statussortering": "20"
        },
        {
          "organ_kod": "KU",
          "roll_kod": "Suppleant",
          "ordningsnummer": "0",
          "status": "",
          "typ": "uppdrag",
          "from": "2003-10-03",
          "tom": "2004-03-31",
          "uppgift": "Konstitutionsutskottet",
          "intressent_id": "0913965980315",
          "hangar_id": "2342588",
          "sortering": "50",
          "organ_sortering": "150",
          "uppdrag_rollsortering": "90",
          "uppdrag_statussortering": "90"
        },
        {
          "organ_kod": "MJU",
          "roll_kod": "Ledamot",
          "ordningsnummer": "0",
          "status": "",
          "typ": "uppdrag",
          "from": "2002-10-08",
          "tom": "2006-10-02",
          "uppgift": "Miljö- och jordbruksutskottet",
          "intressent_id": "0913965980315",
          "hangar_id": "2342588",
          "sortering": "30",
          "organ_sortering": "150",
          "uppdrag_rollsortering": "90",
          "uppdrag_statussortering": "90"
        },
        {
          "organ_kod": "SkU",
          "roll_kod": "Suppleant",
          "ordningsnummer": "0",
          "status": "",
          "typ": "uppdrag",
          "from": "2002-10-08",
          "tom": "2006-10-02",
          "uppgift": "Skatteutskottet",
          "intressent_id": "0913965980315",
          "hangar_id": "2342588",
          "sortering": "50",
          "organ_sortering": "150",
          "uppdrag_rollsortering": "90",
          "uppdrag_statussortering": "90"
        },
        {
          "organ_kod": "TU",
          "roll_kod": "Ledamot",
          "ordningsnummer": "4",
          "status": "",
          "typ": "uppdrag",
          "from": "2008-01-01",
          "tom": "2010-10-04",
          "uppgift": "Trafikutskottet",
          "intressent_id": "0913965980315",
          "hangar_id": "2342588",
          "sortering": "30",
          "organ_sortering": "150",
          "uppdrag_rollsortering": "90",
          "uppdrag_statussortering": "90"
        },
        {
          "organ_kod": "TU",
          "roll_kod": "Ordförande",
          "ordningsnummer": "4",
          "status": "",
          "typ": "uppdrag",
          "from": "2007-09-25",
          "tom": "2007-12-31",
          "uppgift": "Trafikutskottet",
          "intressent_id": "0913965980315",
          "hangar_id": "2342588",
          "sortering": "10",
          "organ_sortering": "150",
          "uppdrag_rollsortering": "90",
          "uppdrag_statussortering": "90"
        },
        {
          "organ_kod": "TU",
          "roll_kod": "Ledamot",
          "ordningsnummer": "4",
          "status": "",
          "typ": "uppdrag",
          "from": "2006-10-10",
          "tom": "2007-09-24",
          "uppgift": "Trafikutskottet",
          "intressent_id": "0913965980315",
          "hangar_id": "2342588",
          "sortering": "30",
          "organ_sortering": "150",
          "uppdrag_rollsortering": "90",
          "uppdrag_statussortering": "90"
        },
        {
          "organ_kod": "TU",
          "roll_kod": "Suppleant",
          "ordningsnummer": "0",
          "status": "",
          "typ": "uppdrag",
          "from": "1998-10-13",
          "tom": "2002-09-30",
          "uppgift": "Trafikutskottet",
          "intressent_id": "0913965980315",
          "hangar_id": "2342588",
          "sortering": "50",
          "organ_sortering": "150",
          "uppdrag_rollsortering": "90",
          "uppdrag_statussortering": "90"
        },
        {
          "organ_kod": "TU",
          "roll_kod": "Ledamot",
          "ordningsnummer": "0",
          "status": "",
          "typ": "uppdrag",
          "from": "1995-10-11",
          "tom": "1998-10-04",
          "uppgift": "Trafikutskottet",
          "intressent_id": "0913965980315",
          "hangar_id": "2342588",
          "sortering": "30",
          "organ_sortering": "150",
          "uppdrag_rollsortering": "90",
          "uppdrag_statussortering": "90"
        },
        {
          "organ_kod": "TU",
          "roll_kod": "Suppleant",
          "ordningsnummer": "0",
          "status": "",
          "typ": "uppdrag",
          "from": "1995-01-19",
          "tom": "1995-10-10",
          "uppgift": "Trafikutskottet",
          "intressent_id": "0913965980315",
          "hangar_id": "2342588",
          "sortering": "50",
          "organ_sortering": "150",
          "uppdrag_rollsortering": "90",
          "uppdrag_statussortering": "90"
        },
        {
          "organ_kod": "UU",
          "roll_kod": "Suppleant",
          "ordningsnummer": "0",
          "status": "",
          "typ": "uppdrag",
          "from": "1998-10-13",
          "tom": "2002-09-30",
          "uppgift": "Utrikesutskottet",
          "intressent_id": "0913965980315",
          "hangar_id": "2342588",
          "sortering": "50",
          "organ_sortering": "150",
          "uppdrag_rollsortering": "90",
          "uppdrag_statussortering": "90"
        },
        {
          "organ_kod": "UU",
          "roll_kod": "Suppleant",
          "ordningsnummer": "0",
          "status": "",
          "typ": "uppdrag",
          "from": "1995-01-19",
          "tom": "1998-10-04",
          "uppgift": "Utrikesutskottet",
          "intressent_id": "0913965980315",
          "hangar_id": "2342588",
          "sortering": "50",
          "organ_sortering": "150",
          "uppdrag_rollsortering": "90",
          "uppdrag_statussortering": "90"
        },
        {
          "organ_kod": "KUU",
          "roll_kod": "Suppleant",
          "ordningsnummer": "0",
          "status": "",
          "typ": "uppdrag",
          "from": "2003-10-07",
          "tom": "2003-11-20",
          "uppgift": "Sammansatta konstitutions- och utrikesutskottet",
          "intressent_id": "0913965980315",
          "hangar_id": "2342588",
          "sortering": "50",
          "organ_sortering": "160",
          "uppdrag_rollsortering": "90",
          "uppdrag_statussortering": "90"
        },
        {
          "organ_kod": "UMJU",
          "roll_kod": "Suppleant",
          "ordningsnummer": "0",
          "status": "",
          "typ": "uppdrag",
          "from": "2003-02-18",
          "tom": "2003-05-21",
          "uppgift": "Sammansatta utrikes-, miljö- och jordbruksutskottet",
          "intressent_id": "0913965980315",
          "hangar_id": "2342588",
          "sortering": "50",
          "organ_sortering": "160",
          "uppdrag_rollsortering": "90",
          "uppdrag_statussortering": "90"
        },
        {
          "organ_kod": "EUN",
          "roll_kod": "Suppleant",
          "ordningsnummer": "19",
          "status": "",
          "typ": "uppdrag",
          "from": "2006-10-24",
          "tom": "2010-10-04",
          "uppgift": "EU-nämnden",
          "intressent_id": "0913965980315",
          "hangar_id": "2342588",
          "sortering": "50",
          "organ_sortering": "170",
          "uppdrag_rollsortering": "90",
          "uppdrag_statussortering": "90"
        },
        {
          "organ_kod": "EUN",
          "roll_kod": "Ledamot",
          "ordningsnummer": "0",
          "status": "",
          "typ": "uppdrag",
          "from": "1998-10-13",
          "tom": "2006-10-10",
          "uppgift": "EU-nämnden",
          "intressent_id": "0913965980315",
          "hangar_id": "2342588",
          "sortering": "30",
          "organ_sortering": "170",
          "uppdrag_rollsortering": "90",
          "uppdrag_statussortering": "90"
        },
        {
          "organ_kod": "EUN",
          "roll_kod": "Suppleant",
          "ordningsnummer": "0",
          "status": "",
          "typ": "uppdrag",
          "from": "1997-10-01",
          "tom": "1998-10-05",
          "uppgift": "EU-nämnden",
          "intressent_id": "0913965980315",
          "hangar_id": "2342588",
          "sortering": "50",
          "organ_sortering": "170",
          "uppdrag_rollsortering": "90",
          "uppdrag_statussortering": "90"
        }
      ]
    },
    "personuppgift": {
      "uppgift": [
        {
          "kod": "sv",
          "uppgift": "Barnskötare",
          "typ": "titlar",
          "intressent_id": "0913965980315",
          "hangar_id": "2342588"
        },
        {
          "kod": "en",
          "uppgift": "Reg. Child Minder",
          "typ": "titlar",
          "intressent_id": "0913965980315",
          "hangar_id": "2342588"
        }
      ]
    }
  }
}