{
  "person": {
    "hangar_guid": "13ac8113-dc01-44f1-9b24-04a28c6368f5",
    "sourceid": "d7c32585-83e4-11d4-ae60-0050040c9b55",
    "intressent_id": "0782242286018",
    "hangar_id": "2343369",
    "fodd_ar": "1967",
    "kon": "man",
    "efternamn": "Axén",
    "tilltalsnamn": "Gunnar",
    "sorteringsnamn": "Axén,Gunnar",
    "iort": "",
    "parti": "M",
    "valkrets": "Östergötlands län",
    "status": "Tidigare riksdagsledamot",
    "person_url_xml": "http://data.riksdagen.se/person/d7c32585-83e4-11d4-ae60-0050040c9b55",
    "bild_url_80": "http://data.riksdagen.se/filarkiv/bilder/ledamot/d7c32585-83e4-11d4-ae60-0050040c9b55_80.jpg",
    "bild_url_192": "http://data.riksdagen.se/filarkiv/bilder/ledamot/d7c32585-83e4-11d4-ae60-0050040c9b55_192.jpg",
    "bild_url_max": "http://data.riksdagen.se/filarkiv/bilder/ledamot/d7c32585-83e4-11d4-ae60-0050040c9b55_max.jpg",
    "personuppdrag": {
      "uppdrag": [
        {
          "organ_kod": "kam",
          "roll_kod": "Riksdagsledamot",
          "ordningsnummer": "9",
          "status": "Tjänstgörande",
          "typ": "kammaruppdrag",
          "from": "2010-10-04",
          "tom": "2014-09-29",
          "uppgift": "",
          "intressent_id": "0782242286018",
          "hangar_id": "2343369",
          "sortering": "10",
          "organ_sortering": "10",
          "uppdrag_rollsortering": "60",
          "uppdrag_statussortering": "10"
        },
        {
          "organ_kod": "kam",
          "roll_kod": "Riksdagsledamot",
          "ordningsnummer": "30",
          "status": "Tjänstgörande",
          "typ": "kammaruppdrag",
          "from": "2006-10-02",
          "tom": "2010-10-04",
          "uppgift": "",
          "intressent_id": "0782242286018",
          "hangar_id": "2343369",
          "sortering": "10",
          "organ_sortering": "10",
          "uppdrag_rollsortering": "60",
          "uppdrag_statussortering": "10"
        },
        {
          "organ_kod": "kam",
          "roll_kod": "Riksdagsledamot",
          "ordningsnummer": "100",
          "status": "Tjänstgörande",
          "typ": "kammaruppdrag",
          "from": "2002-09-30",
          "tom": "2006-10-02",
          "uppgift": "",
          "intressent_id": "0782242286018",
          "hangar_id": "2343369",
          "sortering": "10",
          "organ_sortering": "10",
          "uppdrag_rollsortering": "60",
          "uppdrag_statussortering": "10"
        },
        {
          "organ_kod": "kam",
          "roll_kod": "Riksdagsledamot",
          "ordningsnummer": "105",
          "status": "Tjänstgörande",
          "typ": "kammaruppdrag",
          "from": "1998-10-05",
          "tom": "2002-09-30",
          "uppgift": "",
          "intressent_id": "0782242286018",
          "hangar_id": "2343369",
          "sortering": "10",
          "organ_sortering": "10",
          "uppdrag_rollsortering": "60",
          "uppdrag_statussortering": "10"
        },
        {
          "organ_kod": "KD",
          "roll_kod": "Ledamot",
          "ordningsnummer": "31",
          "status": "",
          "typ": "Riksdagsorgan",
          "from": "2010-10-19",
          "tom": "2014-09-29",
          "uppgift": "Krigsdelegationen",
          "intressent_id": "0782242286018",
          "hangar_id": "2343369",
          "sortering": "30",
          "organ_sortering": "300",
          "uppdrag_rollsortering": "90",
          "uppdrag_statussortering": "90"
        },
        {
          "organ_kod": "RRS",
          "roll_kod": "Ledamot",
          "ordningsnummer": "0",
          "status": "",
          "typ": "Riksdagsorgan",
          "from": "2003-03-12",
          "tom": "2006-10-16",
          "uppgift": "Riksrevisionens styrelse",
          "intressent_id": "0782242286018",
          "hangar_id": "2343369",
          "sortering": "30",
          "organ_sortering": "300",
          "uppdrag_rollsortering": "90",
          "uppdrag_statussortering": "90"
        },
        {
          "organ_kod": "VB",
          "roll_kod": "Suppleant",
          "ordningsnummer": "10",
          "status": "",
          "typ": "Riksdagsorgan",
          "from": "2010-10-04",
          "tom": "2014-09-29",
          "uppgift": "Valberedningen",
          "intressent_id": "0782242286018",
          "hangar_id": "2343369",
          "sortering": "50",
          "organ_sortering": "300",
          "uppdrag_rollsortering": "90",
          "uppdrag_statussortering": "90"
        },
        {
          "organ_kod": "VB",
          "roll_kod": "Suppleant",
          "ordningsnummer": "9",
          "status": "",
          "typ": "Riksdagsorgan",
          "from": "2006-10-26",
          "tom": "2010-10-04",
          "uppgift": "Valberedningen",
          "intressent_id": "0782242286018",
          "hangar_id": "2343369",
          "sortering": "50",
          "organ_sortering": "300",
          "uppdrag_rollsortering": "90",
          "uppdrag_statussortering": "90"
        },
        {
          "organ_kod": "FiU",
          "roll_kod": "Ledamot",
          "ordningsnummer": "0",
          "status": "",
          "typ": "uppdrag",
          "from": "2002-10-08",
          "tom": "2006-10-02",
          "uppgift": "Finansutskottet",
          "intressent_id": "0782242286018",
          "hangar_id": "2343369",
          "sortering": "30",
          "organ_sortering": "150",
          "uppdrag_rollsortering": "90",
          "uppdrag_statussortering": "90"
        },
        {
          "organ_kod": "FiU",
          "roll_kod": "Ledamot",
          "ordningsnummer": "0",
          "status": "",
          "typ": "uppdrag",
          "from": "2001-03-08",
          "tom": "2002-09-29",
          "uppgift": "Finansutskottet",
          "intressent_id": "0782242286018",
          "hangar_id": "2343369",
          "sortering": "30",
          "organ_sortering": "150",
          "uppdrag_rollsortering": "90",
          "uppdrag_statussortering": "90"
        },
        {
          "organ_kod": "FiU",
          "roll_kod": "Suppleant",
          "ordningsnummer": "0",
          "status": "",
          "typ": "uppdrag",
          "from": "1998-10-13",
          "tom": "2001-03-07",
          "uppgift": "Finansutskottet",
          "intressent_id": "0782242286018",
          "hangar_id": "2343369",
          "sortering": "50",
          "organ_sortering": "150",
          "uppdrag_rollsortering": "90",
          "uppdrag_statussortering": "90"
        },
        {
          "organ_kod": "SfU",
          "roll_kod": "Ordförande",
          "ordningsnummer": "1",
          "status": "",
          "typ": "uppdrag",
          "from": "2010-10-12",
          "tom": "2014-09-29",
          "uppgift": "Socialförsäkringsutskottet",
          "intressent_id": "0782242286018",
          "hangar_id": "2343369",
          "sortering": "10",
          "organ_sortering": "150",
          "uppdrag_rollsortering": "90",
          "uppdrag_statussortering": "90"
        },
        {
          "organ_kod": "SfU",
          "roll_kod": "Ledamot",
          "ordningsnummer": "1",
          "status": "",
          "typ": "uppdrag",
          "from": "2010-10-12",
          "tom": "2010-10-12",
          "uppgift": "Socialförsäkringsutskottet",
          "intressent_id": "0782242286018",
          "hangar_id": "2343369",
          "sortering": "30",
          "organ_sortering": "150",
          "uppdrag_rollsortering": "90",
          "uppdrag_statussortering": "90"
        },
        {
          "organ_kod": "SfU",
          "roll_kod": "Ordförande",
          "ordningsnummer": "1",
          "status": "",
          "typ": "uppdrag",
          "from": "2006-10-10",
          "tom": "2010-10-04",
          "uppgift": "Socialförsäkringsutskottet",
          "intressent_id": "0782242286018",
          "hangar_id": "2343369",
          "sortering": "10",
          "organ_sortering": "150",
          "uppdrag_rollsortering": "90",
          "uppdrag_statussortering": "90"
        },
        {
          "organ_kod": "UbU",
          "roll_kod": "Suppleant",
          "ordningsnummer": "0",
          "status": "",
          "typ": "uppdrag",
          "from": "2006-10-10",
          "tom": "2006-12-01",
          "uppgift": "Utbildningsutskottet",
          "intressent_id": "0782242286018",
          "hangar_id": "2343369",
          "sortering": "50",
          "organ_sortering": "150",
          "uppdrag_rollsortering": "90",
          "uppdrag_statussortering": "90"
        },
        {
          "organ_kod": "BoU",
          "roll_kod": "Suppleant",
          "ordningsnummer": "0",
          "status": "",
          "typ": "uppdrag",
          "from": "2002-10-08",
          "tom": "2006-10-02",
          "uppgift": "Bostadsutskottet",
          "intressent_id": "0782242286018",
          "hangar_id": "2343369",
          "sortering": "50",
          "organ_sortering": "165",
          "uppdrag_rollsortering": "90",
          "uppdrag_statussortering": "90"
        },
        {
          "organ_kod": "BoU",
          "roll_kod": "Suppleant",
          "ordningsnummer": "0",
          "status": "",
          "typ": "uppdrag",
          "from": "1998-10-13",
          "tom": "2002-09-30",
          "uppgift": "Bostadsutskottet",
          "intressent_id": "0782242286018",
          "hangar_id": "2343369",
          "sortering": "50",
          "organ_sortering": "165",
          "uppdrag_rollsortering": "90",
          "uppdrag_statussortering": "90"
        }
      ]
    },
    "personuppgift": {
      "uppgift": [
        {
          "kod": "sv",
          "uppgift": "Teleingenjör/PR-konsult",
          "typ": "titlar",
          "intressent_id": "0782242286018",
          "hangar_id": "2343369"
        },
        {
          "kod": "en",
          "uppgift": "PR Consultant",
          "typ": "titlar",
          "intressent_id": "0782242286018",
          "hangar_id": "2343369"
        }
      ]
    }
  }
}