{
  "person": {
    "hangar_guid": "42aa2942-2c0a-4809-a2a2-703bc4987e41",
    "sourceid": "8cafb7dc-dbdd-4ac4-bd56-1e4e75daa4a6",
    "intressent_id": "0502490570219",
    "hangar_id": "5003671",
    "fodd_ar": "1962",
    "kon": "kvinna",
    "efternamn": "Axén Olin",
    "tilltalsnamn": "Kristina",
    "sorteringsnamn": "Axén Olin,Kristina",
    "iort": "",
    "parti": "M",
    "valkrets": "Stockholms kommun",
    "status": "Tjänstgörande riksdagsledamot",
    "person_url_xml": "http://data.riksdagen.se/person/8cafb7dc-dbdd-4ac4-bd56-1e4e75daa4a6",
    "bild_url_80": "http://data.riksdagen.se/filarkiv/bilder/ledamot/8cafb7dc-dbdd-4ac4-bd56-1e4e75daa4a6_80.jpg",
    "bild_url_192": "http://data.riksdagen.se/filarkiv/bilder/ledamot/8cafb7dc-dbdd-4ac4-bd56-1e4e75daa4a6_192.jpg",
    "bild_url_max": "http://data.riksdagen.se/filarkiv/bilder/ledamot/8cafb7dc-dbdd-4ac4-bd56-1e4e75daa4a6_max.jpg",
    "personuppdrag": {
      "uppdrag": [
        {
          "organ_kod": "kam",
          "roll_kod": "Riksdagsledamot",
          "ordningsnummer": "244",
          "status": "Tjänstgörande",
          "typ": "kammaruppdrag",
          "from": "2018-09-24",
          "tom": "2022-09-26",
          "uppgift": "",
          "intressent_id": "0502490570219",
          "hangar_id": "5003671",
          "sortering": "10",
          "organ_sortering": "10",
          "uppdrag_rollsortering": "60",
          "uppdrag_statussortering": "10"
        },
        {
          "organ_kod": "JuU",
          "roll_kod": "Ledamot",
          "ordningsnummer": "9",
          "status": "",
          "typ": "uppdrag",
          "from": "2018-10-02",
          "tom": "2019-02-13",
          "uppgift": "Justitieutskottet",
          "intressent_id": "0502490570219",
          "hangar_id": "5003671",
          "sortering": "30",
          "organ_sortering": "150",
          "uppdrag_rollsortering": "90",
          "uppdrag_statussortering": "90"
        },
        {
          "organ_kod": "SoU",
          "roll_kod": "Suppleant",
          "ordningsnummer": "17",
          "status": "",
          "typ": "uppdrag",
          "from": "2018-10-02",
          "tom": "2019-06-17",
          "uppgift": "Socialutskottet",
          "intressent_id": "0502490570219",
          "hangar_id": "5003671",
          "sortering": "50",
          "organ_sortering": "150",
          "uppdrag_rollsortering": "90",
          "uppdrag_statussortering": "90"
        },
        {
          "organ_kod": "UbU",
          "roll_kod": "Andre vice ordförande",
          "ordningsnummer": "2",
          "status": "",
          "typ": "uppdrag",
          "from": "2019-02-26",
          "tom": "2022-09-26",
          "uppgift": "Utbildningsutskottet",
          "intressent_id": "0502490570219",
          "hangar_id": "5003671",
          "sortering": "16",
          "organ_sortering": "150",
          "uppdrag_rollsortering": "90",
          "uppdrag_statussortering": "90"
        },
        {
          "organ_kod": "UbU",
          "roll_kod": "Ledamot",
          "ordningsnummer": "2",
          "status": "",
          "typ": "uppdrag",
          "from": "2019-02-13",
          "tom": "2019-02-26",
          "uppgift": "Utbildningsutskottet",
          "intressent_id": "0502490570219",
          "hangar_id": "5003671",
          "sortering": "30",
          "organ_sortering": "150",
          "uppdrag_rollsortering": "90",
          "uppdrag_statussortering": "90"
        }
      ]
    },
    "personuppgift": {
      "uppgift": [
        {
          "kod": "Officiell e-postadress",
          "uppgift": "kristina.axen.olin[på]riksdagen.se",
          "typ": "eadress",
          "intressent_id": "0502490570219",
          "hangar_id": "5003671"
        },
        {
          "kod": "sv",
          "uppgift": "Musiklärare.",
          "typ": "titlar",
          "intressent_id": "0502490570219",
          "hangar_id": "5003671"
        },
        {
          "kod": "en",
          "uppgift": "",
          "typ": "titlar",
          "intressent_id": "0502490570219",
          "hangar_id": "5003671"
        }
      ]
    }
  }
}