{
  "person": {
    "hangar_guid": "d390b1d8-8253-403b-9a64-50e0e92a0c0e",
    "sourceid": "9019cf5f-f5c2-47f1-a5a8-76e312d7ca47",
    "intressent_id": "0970400972210",
    "hangar_id": "2343215",
    "fodd_ar": "1963",
    "kon": "man",
    "efternamn": "Backman",
    "tilltalsnamn": "Hans",
    "sorteringsnamn": "Backman,Hans",
    "iort": "",
    "parti": "FP",
    "valkrets": "Gävleborgs län",
    "status": "Tidigare riksdagsledamot",
    "person_url_xml": "http://data.riksdagen.se/person/9019cf5f-f5c2-47f1-a5a8-76e312d7ca47",
    "bild_url_80": "http://data.riksdagen.se/filarkiv/bilder/ledamot/9019cf5f-f5c2-47f1-a5a8-76e312d7ca47_80.jpg",
    "bild_url_192": "http://data.riksdagen.se/filarkiv/bilder/ledamot/9019cf5f-f5c2-47f1-a5a8-76e312d7ca47_192.jpg",
    "bild_url_max": "http://data.riksdagen.se/filarkiv/bilder/ledamot/9019cf5f-f5c2-47f1-a5a8-76e312d7ca47_max.jpg",
    "personuppdrag": {
      "uppdrag": [
        {
          "organ_kod": "kam",
          "roll_kod": "Riksdagsledamot",
          "ordningsnummer": "76",
          "status": "Tjänstgörande",
          "typ": "kammaruppdrag",
          "from": "2010-10-04",
          "tom": "2014-09-29",
          "uppgift": "",
          "intressent_id": "0970400972210",
          "hangar_id": "2343215",
          "sortering": "10",
          "organ_sortering": "10",
          "uppdrag_rollsortering": "60",
          "uppdrag_statussortering": "10"
        },
        {
          "organ_kod": "kam",
          "roll_kod": "Riksdagsledamot",
          "ordningsnummer": "137",
          "status": "Tjänstgörande",
          "typ": "kammaruppdrag",
          "from": "2006-10-02",
          "tom": "2010-10-04",
          "uppgift": "",
          "intressent_id": "0970400972210",
          "hangar_id": "2343215",
          "sortering": "10",
          "organ_sortering": "10",
          "uppdrag_rollsortering": "60",
          "uppdrag_statussortering": "10"
        },
        {
          "organ_kod": "kam",
          "roll_kod": "Riksdagsledamot",
          "ordningsnummer": "311",
          "status": "Tjänstgörande",
          "typ": "kammaruppdrag",
          "from": "2002-09-30",
          "tom": "2006-10-02",
          "uppgift": "",
          "intressent_id": "0970400972210",
          "hangar_id": "2343215",
          "sortering": "10",
          "organ_sortering": "10",
          "uppdrag_rollsortering": "60",
          "uppdrag_statussortering": "10"
        },
        {
          "organ_kod": "Systembolaget",
          "roll_kod": "Revisor",
          "ordningsnummer": "3",
          "status": "",
          "typ": "Riksdagsorgan",
          "from": "2013-03-20",
          "tom": "2014-03-26",
          "uppgift": "Systembolaget AB",
          "intressent_id": "0970400972210",
          "hangar_id": "2343215",
          "sortering": "",
          "organ_sortering": "",
          "uppdrag_rollsortering": "90",
          "uppdrag_statussortering": "90"
        },
        {
          "organ_kod": "RRS",
          "roll_kod": "Suppleant",
          "ordningsnummer": "4",
          "status": "",
          "typ": "Riksdagsorgan",
          "from": "2010-10-19",
          "tom": "2010-12-31",
          "uppgift": "Riksrevisionens styrelse",
          "intressent_id": "0970400972210",
          "hangar_id": "2343215",
          "sortering": "50",
          "organ_sortering": "300",
          "uppdrag_rollsortering": "90",
          "uppdrag_statussortering": "90"
        },
        {
          "organ_kod": "AU",
          "roll_kod": "Ledamot",
          "ordningsnummer": "9",
          "status": "",
          "typ": "uppdrag",
          "from": "2010-10-12",
          "tom": "2013-01-15",
          "uppgift": "Arbetsmarknadsutskottet",
          "intressent_id": "0970400972210",
          "hangar_id": "2343215",
          "sortering": "30",
          "organ_sortering": "150",
          "uppdrag_rollsortering": "90",
          "uppdrag_statussortering": "90"
        },
        {
          "organ_kod": "AU",
          "roll_kod": "Ledamot",
          "ordningsnummer": "16",
          "status": "",
          "typ": "uppdrag",
          "from": "2006-10-10",
          "tom": "2010-10-04",
          "uppgift": "Arbetsmarknadsutskottet",
          "intressent_id": "0970400972210",
          "hangar_id": "2343215",
          "sortering": "30",
          "organ_sortering": "150",
          "uppdrag_rollsortering": "90",
          "uppdrag_statussortering": "90"
        },
        {
          "organ_kod": "KrU",
          "roll_kod": "Suppleant",
          "ordningsnummer": "19",
          "status": "",
          "typ": "uppdrag",
          "from": "2010-10-19",
          "tom": "2014-09-29",
          "uppgift": "Kulturutskottet",
          "intressent_id": "0970400972210",
          "hangar_id": "2343215",
          "sortering": "50",
          "organ_sortering": "150",
          "uppdrag_rollsortering": "90",
          "uppdrag_statussortering": "90"
        },
        {
          "organ_kod": "KrU",
          "roll_kod": "Suppleant",
          "ordningsnummer": "8",
          "status": "",
          "typ": "uppdrag",
          "from": "2006-10-10",
          "tom": "2010-10-04",
          "uppgift": "Kulturutskottet",
          "intressent_id": "0970400972210",
          "hangar_id": "2343215",
          "sortering": "50",
          "organ_sortering": "150",
          "uppdrag_rollsortering": "90",
          "uppdrag_statussortering": "90"
        },
        {
          "organ_kod": "KrU",
          "roll_kod": "Suppleant",
          "ordningsnummer": "0",
          "status": "",
          "typ": "uppdrag",
          "from": "2002-10-08",
          "tom": "2006-10-02",
          "uppgift": "Kulturutskottet",
          "intressent_id": "0970400972210",
          "hangar_id": "2343215",
          "sortering": "50",
          "organ_sortering": "150",
          "uppdrag_rollsortering": "90",
          "uppdrag_statussortering": "90"
        },
        {
          "organ_kod": "NU",
          "roll_kod": "Suppleant",
          "ordningsnummer": "20",
          "status": "",
          "typ": "uppdrag",
          "from": "2010-10-19",
          "tom": "2014-09-29",
          "uppgift": "Näringsutskottet",
          "intressent_id": "0970400972210",
          "hangar_id": "2343215",
          "sortering": "50",
          "organ_sortering": "150",
          "uppdrag_rollsortering": "90",
          "uppdrag_statussortering": "90"
        },
        {
          "organ_kod": "NU",
          "roll_kod": "Suppleant",
          "ordningsnummer": "0",
          "status": "",
          "typ": "uppdrag",
          "from": "2002-10-15",
          "tom": "2006-10-02",
          "uppgift": "Näringsutskottet",
          "intressent_id": "0970400972210",
          "hangar_id": "2343215",
          "sortering": "50",
          "organ_sortering": "150",
          "uppdrag_rollsortering": "90",
          "uppdrag_statussortering": "90"
        },
        {
          "organ_kod": "SfU",
          "roll_kod": "Ledamot",
          "ordningsnummer": "9",
          "status": "",
          "typ": "uppdrag",
          "from": "2013-01-16",
          "tom": "2014-09-29",
          "uppgift": "Socialförsäkringsutskottet",
          "intressent_id": "0970400972210",
          "hangar_id": "2343215",
          "sortering": "30",
          "organ_sortering": "150",
          "uppdrag_rollsortering": "90",
          "uppdrag_statussortering": "90"
        }
      ]
    },
    "personuppgift": {
      "uppgift": [
        {
          "kod": "sv",
          "uppgift": "Teamledare",
          "typ": "titlar",
          "intressent_id": "0970400972210",
          "hangar_id": "2343215"
        },
        {
          "kod": "en",
          "uppgift": "Post Office Teamleader",
          "typ": "titlar",
          "intressent_id": "0970400972210",
          "hangar_id": "2343215"
        }
      ]
    }
  }
}