{
  "person": {
    "hangar_guid": "47ad6270-a287-41ef-98e9-89c6f6bc0a22",
    "sourceid": "b86c28d2-48d1-41a6-bea3-b3317cdfeec8",
    "intressent_id": "0166790812128",
    "hangar_id": "2369310",
    "fodd_ar": "1987",
    "kon": "man",
    "efternamn": "Bali",
    "tilltalsnamn": "Hanif",
    "sorteringsnamn": "Bali,Hanif",
    "iort": "",
    "parti": "M",
    "valkrets": "Stockholms län",
    "status": "Tjänstgörande riksdagsledamot",
    "person_url_xml": "http://data.riksdagen.se/person/b86c28d2-48d1-41a6-bea3-b3317cdfeec8",
    "bild_url_80": "http://data.riksdagen.se/filarkiv/bilder/ledamot/b86c28d2-48d1-41a6-bea3-b3317cdfeec8_80.jpg",
    "bild_url_192": "http://data.riksdagen.se/filarkiv/bilder/ledamot/b86c28d2-48d1-41a6-bea3-b3317cdfeec8_192.jpg",
    "bild_url_max": "http://data.riksdagen.se/filarkiv/bilder/ledamot/b86c28d2-48d1-41a6-bea3-b3317cdfeec8_max.jpg",
    "personuppdrag": {
      "uppdrag": [
        {
          "organ_kod": "kam",
          "roll_kod": "Riksdagsledamot",
          "ordningsnummer": "84",
          "status": "Tjänstgörande",
          "typ": "kammaruppdrag",
          "from": "2018-09-24",
          "tom": "2022-09-26",
          "uppgift": "",
          "intressent_id": "0166790812128",
          "hangar_id": "2369310",
          "sortering": "10",
          "organ_sortering": "10",
          "uppdrag_rollsortering": "60",
          "uppdrag_statussortering": "10"
        },
        {
          "organ_kod": "kam",
          "roll_kod": "Riksdagsledamot",
          "ordningsnummer": "177",
          "status": "Tjänstgörande",
          "typ": "kammaruppdrag",
          "from": "2014-09-29",
          "tom": "2018-09-24",
          "uppgift": "",
          "intressent_id": "0166790812128",
          "hangar_id": "2369310",
          "sortering": "10",
          "organ_sortering": "10",
          "uppdrag_rollsortering": "60",
          "uppdrag_statussortering": "10"
        },
        {
          "organ_kod": "kam",
          "roll_kod": "Riksdagsledamot",
          "ordningsnummer": "319",
          "status": "Tjänstgörande",
          "typ": "kammaruppdrag",
          "from": "2010-10-04",
          "tom": "2014-09-29",
          "uppgift": "",
          "intressent_id": "0166790812128",
          "hangar_id": "2369310",
          "sortering": "10",
          "organ_sortering": "10",
          "uppdrag_rollsortering": "60",
          "uppdrag_statussortering": "10"
        },
        {
          "organ_kod": "AU",
          "roll_kod": "Suppleant",
          "ordningsnummer": "2",
          "status": "",
          "typ": "uppdrag",
          "from": "2018-10-02",
          "tom": "2019-09-24",
          "uppgift": "Arbetsmarknadsutskottet",
          "intressent_id": "0166790812128",
          "hangar_id": "2369310",
          "sortering": "50",
          "organ_sortering": "150",
          "uppdrag_rollsortering": "90",
          "uppdrag_statussortering": "90"
        },
        {
          "organ_kod": "AU",
          "roll_kod": "Ledamot",
          "ordningsnummer": "7",
          "status": "",
          "typ": "uppdrag",
          "from": "2014-10-07",
          "tom": "2016-06-07",
          "uppgift": "Arbetsmarknadsutskottet",
          "intressent_id": "0166790812128",
          "hangar_id": "2369310",
          "sortering": "30",
          "organ_sortering": "150",
          "uppdrag_rollsortering": "90",
          "uppdrag_statussortering": "90"
        },
        {
          "organ_kod": "AU",
          "roll_kod": "Ledamot",
          "ordningsnummer": "13",
          "status": "",
          "typ": "uppdrag",
          "from": "2010-10-12",
          "tom": "2014-09-29",
          "uppgift": "Arbetsmarknadsutskottet",
          "intressent_id": "0166790812128",
          "hangar_id": "2369310",
          "sortering": "30",
          "organ_sortering": "150",
          "uppdrag_rollsortering": "90",
          "uppdrag_statussortering": "90"
        },
        {
          "organ_kod": "NU",
          "roll_kod": "Ledamot",
          "ordningsnummer": "7",
          "status": "",
          "typ": "uppdrag",
          "from": "2016-06-07",
          "tom": "2018-09-24",
          "uppgift": "Näringsutskottet",
          "intressent_id": "0166790812128",
          "hangar_id": "2369310",
          "sortering": "30",
          "organ_sortering": "150",
          "uppdrag_rollsortering": "90",
          "uppdrag_statussortering": "90"
        },
        {
          "organ_kod": "UbU",
          "roll_kod": "Suppleant",
          "ordningsnummer": "11",
          "status": "",
          "typ": "uppdrag",
          "from": "2014-10-07",
          "tom": "2018-09-24",
          "uppgift": "Utbildningsutskottet",
          "intressent_id": "0166790812128",
          "hangar_id": "2369310",
          "sortering": "50",
          "organ_sortering": "150",
          "uppdrag_rollsortering": "90",
          "uppdrag_statussortering": "90"
        },
        {
          "organ_kod": "UbU",
          "roll_kod": "Suppleant",
          "ordningsnummer": "7",
          "status": "",
          "typ": "uppdrag",
          "from": "2010-10-12",
          "tom": "2014-09-29",
          "uppgift": "Utbildningsutskottet",
          "intressent_id": "0166790812128",
          "hangar_id": "2369310",
          "sortering": "50",
          "organ_sortering": "150",
          "uppdrag_rollsortering": "90",
          "uppdrag_statussortering": "90"
        },
        {
          "organ_kod": "EUN",
          "roll_kod": "Suppleant",
          "ordningsnummer": "79",
          "status": "",
          "typ": "uppdrag",
          "from": "2019-02-27",
          "tom": "2019-09-24",
          "uppgift": "EU-nämnden",
          "intressent_id": "0166790812128",
          "hangar_id": "2369310",
          "sortering": "50",
          "organ_sortering": "170",
          "uppdrag_rollsortering": "90",
          "uppdrag_statussortering": "90"
        },
        {
          "organ_kod": "EUN",
          "roll_kod": "Suppleant",
          "ordningsnummer": "76",
          "status": "",
          "typ": "uppdrag",
          "from": "2019-02-14",
          "tom": "2019-02-26",
          "uppgift": "EU-nämnden",
          "intressent_id": "0166790812128",
          "hangar_id": "2369310",
          "sortering": "50",
          "organ_sortering": "170",
          "uppdrag_rollsortering": "90",
          "uppdrag_statussortering": "90"
        },
        {
          "organ_kod": "EUN",
          "roll_kod": "Suppleant",
          "ordningsnummer": "32",
          "status": "",
          "typ": "uppdrag",
          "from": "2018-10-09",
          "tom": "2019-02-13",
          "uppgift": "EU-nämnden",
          "intressent_id": "0166790812128",
          "hangar_id": "2369310",
          "sortering": "50",
          "organ_sortering": "170",
          "uppdrag_rollsortering": "90",
          "uppdrag_statussortering": "90"
        }
      ]
    },
    "personuppgift": {
      "uppgift": [
        {
          "kod": "Övriga webbsidor",
          "uppgift": "http://www.facebook.com/hanif.bali",
          "typ": "eadress",
          "intressent_id": "0166790812128",
          "hangar_id": "2369310"
        },
        {
          "kod": "Övriga webbsidor",
          "uppgift": "http://www.facebook.com/hanif.bali",
          "typ": "eadress",
          "intressent_id": "0166790812128",
          "hangar_id": "2369310"
        },
        {
          "kod": "Webbsida",
          "uppgift": "http://hejahanif.se",
          "typ": "eadress",
          "intressent_id": "0166790812128",
          "hangar_id": "2369310"
        },
        {
          "kod": "Officiell e-postadress",
          "uppgift": "hanif.bali[på]riksdagen.se",
          "typ": "eadress",
          "intressent_id": "0166790812128",
          "hangar_id": "2369310"
        },
        {
          "kod": "sv",
          "uppgift": "Webbutvecklare.",
          "typ": "titlar",
          "intressent_id": "0166790812128",
          "hangar_id": "2369310"
        },
        {
          "kod": "en",
          "uppgift": "",
          "typ": "titlar",
          "intressent_id": "0166790812128",
          "hangar_id": "2369310"
        },
        {
          "kod": "KandiderarINastaVal",
          "uppgift": "true",
          "typ": "val",
          "intressent_id": "0166790812128",
          "hangar_id": "2369310"
        }
      ]
    }
  }
}