{
  "person": {
    "hangar_guid": "eed78bdc-1776-40c0-8c86-151a6a3232b4",
    "sourceid": "bcd88e0a-70d7-4a1c-b52e-7d7cd4651382",
    "intressent_id": "0973474532717",
    "hangar_id": "2343508",
    "fodd_ar": "1972",
    "kon": "man",
    "efternamn": "Baylan",
    "tilltalsnamn": "Ibrahim",
    "sorteringsnamn": "Baylan,Ibrahim",
    "iort": "",
    "parti": "S",
    "valkrets": "Stockholms län",
    "status": "Näringsminister",
    "person_url_xml": "http://data.riksdagen.se/person/bcd88e0a-70d7-4a1c-b52e-7d7cd4651382",
    "bild_url_80": "http://data.riksdagen.se/filarkiv/bilder/ledamot/bcd88e0a-70d7-4a1c-b52e-7d7cd4651382_80.jpg",
    "bild_url_192": "http://data.riksdagen.se/filarkiv/bilder/ledamot/bcd88e0a-70d7-4a1c-b52e-7d7cd4651382_192.jpg",
    "bild_url_max": "http://data.riksdagen.se/filarkiv/bilder/ledamot/bcd88e0a-70d7-4a1c-b52e-7d7cd4651382_max.jpg",
    "personuppdrag": {
      "uppdrag": [
        {
          "organ_kod": "M",
          "roll_kod": "Statsråd",
          "ordningsnummer": "6",
          "status": "",
          "typ": "Departement",
          "from": "2015-01-01",
          "tom": "2016-05-25",
          "uppgift": "Miljö- och energidepartementet",
          "intressent_id": "0973474532717",
          "hangar_id": "2343508",
          "sortering": "100",
          "organ_sortering": "",
          "uppdrag_rollsortering": "90",
          "uppdrag_statussortering": "90"
        },
        {
          "organ_kod": "M t.o.m. 31 dec 2014",
          "roll_kod": "Statsråd",
          "ordningsnummer": "6",
          "status": "",
          "typ": "Departement",
          "from": "2014-10-03",
          "tom": "2014-12-31",
          "uppgift": "Miljödepartementet",
          "intressent_id": "0973474532717",
          "hangar_id": "2343508",
          "sortering": "100",
          "organ_sortering": "",
          "uppdrag_rollsortering": "90",
          "uppdrag_statussortering": "90"
        },
        {
          "organ_kod": "N",
          "roll_kod": "Näringsminister",
          "ordningsnummer": "4",
          "status": "",
          "typ": "Departement",
          "from": "2019-09-10",
          "tom": "2022-09-26",
          "uppgift": "Näringsdepartementet",
          "intressent_id": "0973474532717",
          "hangar_id": "2343508",
          "sortering": "50",
          "organ_sortering": "",
          "uppdrag_rollsortering": "90",
          "uppdrag_statussortering": "90"
        },
        {
          "organ_kod": "N",
          "roll_kod": "Näringsminister",
          "ordningsnummer": "6",
          "status": "",
          "typ": "Departement",
          "from": "2019-01-21",
          "tom": "2019-09-10",
          "uppgift": "Näringsdepartementet",
          "intressent_id": "0973474532717",
          "hangar_id": "2343508",
          "sortering": "50",
          "organ_sortering": "",
          "uppdrag_rollsortering": "90",
          "uppdrag_statussortering": "90"
        },
        {
          "organ_kod": "U t.o.m. 1 jan-07",
          "roll_kod": "Statsråd",
          "ordningsnummer": "0",
          "status": "",
          "typ": "Departement",
          "from": "2006-10-02",
          "tom": "2006-10-06",
          "uppgift": "Utbildnings- och kulturdepartementet",
          "intressent_id": "0973474532717",
          "hangar_id": "2343508",
          "sortering": "100",
          "organ_sortering": "",
          "uppdrag_rollsortering": "90",
          "uppdrag_statussortering": "90"
        },
        {
          "organ_kod": "U t.o.m. 1 jan-07",
          "roll_kod": "Statsråd",
          "ordningsnummer": "0",
          "status": "",
          "typ": "Departement",
          "from": "2004-11-01",
          "tom": "2006-10-02",
          "uppgift": "Utbildnings- och kulturdepartementet",
          "intressent_id": "0973474532717",
          "hangar_id": "2343508",
          "sortering": "100",
          "organ_sortering": "",
          "uppdrag_rollsortering": "90",
          "uppdrag_statussortering": "90"
        },
        {
          "organ_kod": "SB",
          "roll_kod": "Statsråd",
          "ordningsnummer": "6",
          "status": "",
          "typ": "Departement",
          "from": "2016-05-25",
          "tom": "2019-01-21",
          "uppgift": "Statsrådsberedningen",
          "intressent_id": "0973474532717",
          "hangar_id": "2343508",
          "sortering": "100",
          "organ_sortering": "400",
          "uppdrag_rollsortering": "90",
          "uppdrag_statussortering": "90"
        },
        {
          "organ_kod": "kam",
          "roll_kod": "Riksdagsledamot",
          "ordningsnummer": "52",
          "status": "Ledig",
          "typ": "kammaruppdrag",
          "from": "2018-09-24",
          "tom": "2022-09-26",
          "uppgift": "Mathias Tegnér 2016-05-01 - 2018-09-24, Markus Selin 2018-09-24 - 2019-01-21, Azadeh Rojhan Gustafsson 2019-01-22 - 2019-01-31, Markus Selin 2019-02-01 - 2022-09-26  Statsråd",
          "intressent_id": "0973474532717",
          "hangar_id": "2343508",
          "sortering": "10",
          "organ_sortering": "10",
          "uppdrag_rollsortering": "60",
          "uppdrag_statussortering": "30"
        },
        {
          "organ_kod": "kam",
          "roll_kod": "Riksdagsledamot",
          "ordningsnummer": "115",
          "status": "Ledig",
          "typ": "kammaruppdrag",
          "from": "2014-10-03",
          "tom": "2018-09-24",
          "uppgift": "Agneta Karlsson 2014-10-03 - 2014-10-13, Mathias Tegnér 2014-10-14 - 2015-10-31, Anna Vikström 2015-11-01 - 2016-04-30, Mathias Tegnér 2016-05-01 - 2018-09-24  Statsråd",
          "intressent_id": "0973474532717",
          "hangar_id": "2343508",
          "sortering": "10",
          "organ_sortering": "10",
          "uppdrag_rollsortering": "60",
          "uppdrag_statussortering": "30"
        },
        {
          "organ_kod": "kam",
          "roll_kod": "Riksdagsledamot",
          "ordningsnummer": "115",
          "status": "Tjänstgörande",
          "typ": "kammaruppdrag",
          "from": "2014-09-29",
          "tom": "2014-10-02",
          "uppgift": "",
          "intressent_id": "0973474532717",
          "hangar_id": "2343508",
          "sortering": "10",
          "organ_sortering": "10",
          "uppdrag_rollsortering": "60",
          "uppdrag_statussortering": "10"
        },
        {
          "organ_kod": "kam",
          "roll_kod": "Riksdagsledamot",
          "ordningsnummer": "108",
          "status": "Tjänstgörande",
          "typ": "kammaruppdrag",
          "from": "2011-08-16",
          "tom": "2014-09-29",
          "uppgift": "",
          "intressent_id": "0973474532717",
          "hangar_id": "2343508",
          "sortering": "10",
          "organ_sortering": "10",
          "uppdrag_rollsortering": "60",
          "uppdrag_statussortering": "10"
        },
        {
          "organ_kod": "kam",
          "roll_kod": "Riksdagsledamot",
          "ordningsnummer": "108",
          "status": "Ledig",
          "typ": "kammaruppdrag",
          "from": "2011-03-28",
          "tom": "2011-08-15",
          "uppgift": "Lars Lilja 2011-03-28 - 2011-08-15  Föräldraledighet",
          "intressent_id": "0973474532717",
          "hangar_id": "2343508",
          "sortering": "10",
          "organ_sortering": "10",
          "uppdrag_rollsortering": "60",
          "uppdrag_statussortering": "30"
        },
        {
          "organ_kod": "kam",
          "roll_kod": "Riksdagsledamot",
          "ordningsnummer": "108",
          "status": "Tjänstgörande",
          "typ": "kammaruppdrag",
          "from": "2010-10-04",
          "tom": "2011-03-27",
          "uppgift": "",
          "intressent_id": "0973474532717",
          "hangar_id": "2343508",
          "sortering": "10",
          "organ_sortering": "10",
          "uppdrag_rollsortering": "60",
          "uppdrag_statussortering": "10"
        },
        {
          "organ_kod": "kam",
          "roll_kod": "Riksdagsledamot",
          "ordningsnummer": "203",
          "status": "Tjänstgörande",
          "typ": "kammaruppdrag",
          "from": "2008-01-01",
          "tom": "2010-10-04",
          "uppgift": "",
          "intressent_id": "0973474532717",
          "hangar_id": "2343508",
          "sortering": "10",
          "organ_sortering": "10",
          "uppdrag_rollsortering": "60",
          "uppdrag_statussortering": "10"
        },
        {
          "organ_kod": "kam",
          "roll_kod": "Riksdagsledamot",
          "ordningsnummer": "203",
          "status": "Ledig",
          "typ": "kammaruppdrag",
          "from": "2007-09-01",
          "tom": "2007-12-31",
          "uppgift": "Katarina Köhler 2007-09-01 - 2007-12-31",
          "intressent_id": "0973474532717",
          "hangar_id": "2343508",
          "sortering": "10",
          "organ_sortering": "10",
          "uppdrag_rollsortering": "60",
          "uppdrag_statussortering": "30"
        },
        {
          "organ_kod": "kam",
          "roll_kod": "Riksdagsledamot",
          "ordningsnummer": "203",
          "status": "Tjänstgörande",
          "typ": "kammaruppdrag",
          "from": "2006-10-07",
          "tom": "2007-08-31",
          "uppgift": "",
          "intressent_id": "0973474532717",
          "hangar_id": "2343508",
          "sortering": "10",
          "organ_sortering": "10",
          "uppdrag_rollsortering": "60",
          "uppdrag_statussortering": "10"
        },
        {
          "organ_kod": "kam",
          "roll_kod": "Riksdagsledamot",
          "ordningsnummer": "203",
          "status": "Ledig",
          "typ": "kammaruppdrag",
          "from": "2006-10-02",
          "tom": "2006-10-06",
          "uppgift": "Katarina Köhler 2006-10-02 - 2006-10-06",
          "intressent_id": "0973474532717",
          "hangar_id": "2343508",
          "sortering": "10",
          "organ_sortering": "10",
          "uppdrag_rollsortering": "60",
          "uppdrag_statussortering": "30"
        },
        {
          "organ_kod": "KD",
          "roll_kod": "Ledamot",
          "ordningsnummer": "30",
          "status": "",
          "typ": "Riksdagsorgan",
          "from": "2012-02-24",
          "tom": "2014-10-14",
          "uppgift": "Krigsdelegationen",
          "intressent_id": "0973474532717",
          "hangar_id": "2343508",
          "sortering": "30",
          "organ_sortering": "300",
          "uppdrag_rollsortering": "90",
          "uppdrag_statussortering": "90"
        },
        {
          "organ_kod": "KD",
          "roll_kod": "Ledamot",
          "ordningsnummer": "50",
          "status": "",
          "typ": "Riksdagsorgan",
          "from": "2007-10-04",
          "tom": "2010-10-19",
          "uppgift": "Krigsdelegationen",
          "intressent_id": "0973474532717",
          "hangar_id": "2343508",
          "sortering": "30",
          "organ_sortering": "300",
          "uppdrag_rollsortering": "90",
          "uppdrag_statussortering": "90"
        },
        {
          "organ_kod": "VB",
          "roll_kod": "Ledamot",
          "ordningsnummer": "15",
          "status": "",
          "typ": "Riksdagsorgan",
          "from": "2014-09-29",
          "tom": "2014-10-03",
          "uppgift": "Valberedningen",
          "intressent_id": "0973474532717",
          "hangar_id": "2343508",
          "sortering": "30",
          "organ_sortering": "300",
          "uppdrag_rollsortering": "90",
          "uppdrag_statussortering": "90"
        },
        {
          "organ_kod": "TU",
          "roll_kod": "Suppleant",
          "ordningsnummer": "26",
          "status": "",
          "typ": "uppdrag",
          "from": "2009-10-14",
          "tom": "2010-10-04",
          "uppgift": "Trafikutskottet",
          "intressent_id": "0973474532717",
          "hangar_id": "2343508",
          "sortering": "50",
          "organ_sortering": "150",
          "uppdrag_rollsortering": "90",
          "uppdrag_statussortering": "90"
        },
        {
          "organ_kod": "TU",
          "roll_kod": "Ordförande",
          "ordningsnummer": "26",
          "status": "",
          "typ": "uppdrag",
          "from": "2008-01-01",
          "tom": "2009-03-17",
          "uppgift": "Trafikutskottet",
          "intressent_id": "0973474532717",
          "hangar_id": "2343508",
          "sortering": "10",
          "organ_sortering": "150",
          "uppdrag_rollsortering": "90",
          "uppdrag_statussortering": "90"
        },
        {
          "organ_kod": "TU",
          "roll_kod": "Ledamot",
          "ordningsnummer": "26",
          "status": "",
          "typ": "uppdrag",
          "from": "2007-09-26",
          "tom": "2007-12-31",
          "uppgift": "Trafikutskottet",
          "intressent_id": "0973474532717",
          "hangar_id": "2343508",
          "sortering": "30",
          "organ_sortering": "150",
          "uppdrag_rollsortering": "90",
          "uppdrag_statussortering": "90"
        },
        {
          "organ_kod": "UbU",
          "roll_kod": "Vice ordförande",
          "ordningsnummer": "2",
          "status": "",
          "typ": "uppdrag",
          "from": "2012-03-01",
          "tom": "2014-09-29",
          "uppgift": "Utbildningsutskottet",
          "intressent_id": "0973474532717",
          "hangar_id": "2343508",
          "sortering": "20",
          "organ_sortering": "150",
          "uppdrag_rollsortering": "90",
          "uppdrag_statussortering": "90"
        },
        {
          "organ_kod": "UbU",
          "roll_kod": "Ledamot",
          "ordningsnummer": "2",
          "status": "",
          "typ": "uppdrag",
          "from": "2012-02-24",
          "tom": "2012-02-29",
          "uppgift": "Utbildningsutskottet",
          "intressent_id": "0973474532717",
          "hangar_id": "2343508",
          "sortering": "30",
          "organ_sortering": "150",
          "uppdrag_rollsortering": "90",
          "uppdrag_statussortering": "90"
        },
        {
          "organ_kod": "UbU",
          "roll_kod": "Suppleant",
          "ordningsnummer": "19",
          "status": "",
          "typ": "uppdrag",
          "from": "2010-10-19",
          "tom": "2012-02-23",
          "uppgift": "Utbildningsutskottet",
          "intressent_id": "0973474532717",
          "hangar_id": "2343508",
          "sortering": "50",
          "organ_sortering": "150",
          "uppdrag_rollsortering": "90",
          "uppdrag_statussortering": "90"
        },
        {
          "organ_kod": "UbU",
          "roll_kod": "Ledamot",
          "ordningsnummer": "0",
          "status": "",
          "typ": "uppdrag",
          "from": "2006-10-10",
          "tom": "2007-09-25",
          "uppgift": "Utbildningsutskottet",
          "intressent_id": "0973474532717",
          "hangar_id": "2343508",
          "sortering": "30",
          "organ_sortering": "150",
          "uppdrag_rollsortering": "90",
          "uppdrag_statussortering": "90"
        }
      ]
    },
    "personuppgift": {
      "uppgift": [
        {
          "kod": "sv",
          "uppgift": "Ombudsman.",
          "typ": "titlar",
          "intressent_id": "0973474532717",
          "hangar_id": "2343508"
        },
        {
          "kod": "en",
          "uppgift": "",
          "typ": "titlar",
          "intressent_id": "0973474532717",
          "hangar_id": "2343508"
        },
        {
          "kod": "KandiderarINastaVal",
          "uppgift": "true",
          "typ": "val",
          "intressent_id": "0973474532717",
          "hangar_id": "2343508"
        }
      ]
    }
  }
}