{
  "person": {
    "hangar_guid": "e364db05-f577-4092-98d4-7f3f2a0d74fa",
    "sourceid": "db90fc94-9496-4748-9b84-bcfadc24af74",
    "intressent_id": "0588282566419",
    "hangar_id": "2369374",
    "fodd_ar": "1967",
    "kon": "man",
    "efternamn": "Beckman",
    "tilltalsnamn": "Lars",
    "sorteringsnamn": "Beckman,Lars",
    "iort": "",
    "parti": "M",
    "valkrets": "Gävleborgs län",
    "status": "Tjänstgörande riksdagsledamot",
    "person_url_xml": "http://data.riksdagen.se/person/db90fc94-9496-4748-9b84-bcfadc24af74",
    "bild_url_80": "http://data.riksdagen.se/filarkiv/bilder/ledamot/db90fc94-9496-4748-9b84-bcfadc24af74_80.jpg",
    "bild_url_192": "http://data.riksdagen.se/filarkiv/bilder/ledamot/db90fc94-9496-4748-9b84-bcfadc24af74_192.jpg",
    "bild_url_max": "http://data.riksdagen.se/filarkiv/bilder/ledamot/db90fc94-9496-4748-9b84-bcfadc24af74_max.jpg",
    "personuppdrag": {
      "uppdrag": [
        {
          "organ_kod": "kam",
          "roll_kod": "Riksdagsledamot",
          "ordningsnummer": "275",
          "status": "Tjänstgörande",
          "typ": "kammaruppdrag",
          "from": "2018-09-24",
          "tom": "2022-09-26",
          "uppgift": "",
          "intressent_id": "0588282566419",
          "hangar_id": "2369374",
          "sortering": "10",
          "organ_sortering": "10",
          "uppdrag_rollsortering": "60",
          "uppdrag_statussortering": "10"
        },
        {
          "organ_kod": "kam",
          "roll_kod": "Riksdagsledamot",
          "ordningsnummer": "47",
          "status": "Tjänstgörande",
          "typ": "kammaruppdrag",
          "from": "2017-02-15",
          "tom": "2018-09-24",
          "uppgift": "",
          "intressent_id": "0588282566419",
          "hangar_id": "2369374",
          "sortering": "10",
          "organ_sortering": "10",
          "uppdrag_rollsortering": "60",
          "uppdrag_statussortering": "10"
        },
        {
          "organ_kod": "kam",
          "roll_kod": "Riksdagsledamot",
          "ordningsnummer": "167",
          "status": "Tjänstgörande",
          "typ": "kammaruppdrag",
          "from": "2010-10-04",
          "tom": "2014-09-29",
          "uppgift": "",
          "intressent_id": "0588282566419",
          "hangar_id": "2369374",
          "sortering": "10",
          "organ_sortering": "10",
          "uppdrag_rollsortering": "60",
          "uppdrag_statussortering": "10"
        },
        {
          "organ_kod": "AU",
          "roll_kod": "Suppleant",
          "ordningsnummer": "9",
          "status": "",
          "typ": "uppdrag",
          "from": "2019-05-10",
          "tom": "2019-06-17",
          "uppgift": "Arbetsmarknadsutskottet",
          "intressent_id": "0588282566419",
          "hangar_id": "2369374",
          "sortering": "50",
          "organ_sortering": "150",
          "uppdrag_rollsortering": "90",
          "uppdrag_statussortering": "90"
        },
        {
          "organ_kod": "AU",
          "roll_kod": "Suppleant",
          "ordningsnummer": "17",
          "status": "",
          "typ": "uppdrag",
          "from": "2019-02-13",
          "tom": "2019-05-10",
          "uppgift": "Arbetsmarknadsutskottet",
          "intressent_id": "0588282566419",
          "hangar_id": "2369374",
          "sortering": "50",
          "organ_sortering": "150",
          "uppdrag_rollsortering": "90",
          "uppdrag_statussortering": "90"
        },
        {
          "organ_kod": "CU",
          "roll_kod": "Ledamot",
          "ordningsnummer": "9",
          "status": "",
          "typ": "uppdrag",
          "from": "2019-02-13",
          "tom": "2022-09-26",
          "uppgift": "Civilutskottet",
          "intressent_id": "0588282566419",
          "hangar_id": "2369374",
          "sortering": "30",
          "organ_sortering": "150",
          "uppdrag_rollsortering": "90",
          "uppdrag_statussortering": "90"
        },
        {
          "organ_kod": "CU",
          "roll_kod": "Ledamot",
          "ordningsnummer": "17",
          "status": "",
          "typ": "uppdrag",
          "from": "2018-10-02",
          "tom": "2019-02-12",
          "uppgift": "Civilutskottet",
          "intressent_id": "0588282566419",
          "hangar_id": "2369374",
          "sortering": "30",
          "organ_sortering": "150",
          "uppdrag_rollsortering": "90",
          "uppdrag_statussortering": "90"
        },
        {
          "organ_kod": "CU",
          "roll_kod": "Ledamot",
          "ordningsnummer": "11",
          "status": "",
          "typ": "uppdrag",
          "from": "2017-10-13",
          "tom": "2018-09-24",
          "uppgift": "Civilutskottet",
          "intressent_id": "0588282566419",
          "hangar_id": "2369374",
          "sortering": "30",
          "organ_sortering": "150",
          "uppdrag_rollsortering": "90",
          "uppdrag_statussortering": "90"
        },
        {
          "organ_kod": "CU",
          "roll_kod": "Suppleant",
          "ordningsnummer": "2",
          "status": "",
          "typ": "uppdrag",
          "from": "2017-04-27",
          "tom": "2017-10-13",
          "uppgift": "Civilutskottet",
          "intressent_id": "0588282566419",
          "hangar_id": "2369374",
          "sortering": "50",
          "organ_sortering": "150",
          "uppdrag_rollsortering": "90",
          "uppdrag_statussortering": "90"
        },
        {
          "organ_kod": "CU",
          "roll_kod": "Suppleant",
          "ordningsnummer": "4",
          "status": "",
          "typ": "uppdrag",
          "from": "2017-02-23",
          "tom": "2017-04-27",
          "uppgift": "Civilutskottet",
          "intressent_id": "0588282566419",
          "hangar_id": "2369374",
          "sortering": "50",
          "organ_sortering": "150",
          "uppdrag_rollsortering": "90",
          "uppdrag_statussortering": "90"
        },
        {
          "organ_kod": "KU",
          "roll_kod": "Suppleant",
          "ordningsnummer": "2",
          "status": "",
          "typ": "uppdrag",
          "from": "2019-06-17",
          "tom": "2022-09-26",
          "uppgift": "Konstitutionsutskottet",
          "intressent_id": "0588282566419",
          "hangar_id": "2369374",
          "sortering": "50",
          "organ_sortering": "150",
          "uppdrag_rollsortering": "90",
          "uppdrag_statussortering": "90"
        },
        {
          "organ_kod": "MJU",
          "roll_kod": "Suppleant",
          "ordningsnummer": "7",
          "status": "",
          "typ": "uppdrag",
          "from": "2010-10-12",
          "tom": "2014-09-29",
          "uppgift": "Miljö- och jordbruksutskottet",
          "intressent_id": "0588282566419",
          "hangar_id": "2369374",
          "sortering": "50",
          "organ_sortering": "150",
          "uppdrag_rollsortering": "90",
          "uppdrag_statussortering": "90"
        },
        {
          "organ_kod": "NU",
          "roll_kod": "Suppleant",
          "ordningsnummer": "9",
          "status": "",
          "typ": "uppdrag",
          "from": "2018-10-02",
          "tom": "2019-02-13",
          "uppgift": "Näringsutskottet",
          "intressent_id": "0588282566419",
          "hangar_id": "2369374",
          "sortering": "50",
          "organ_sortering": "150",
          "uppdrag_rollsortering": "90",
          "uppdrag_statussortering": "90"
        },
        {
          "organ_kod": "SkU",
          "roll_kod": "Suppleant",
          "ordningsnummer": "1",
          "status": "",
          "typ": "uppdrag",
          "from": "2012-10-19",
          "tom": "2014-09-29",
          "uppgift": "Skatteutskottet",
          "intressent_id": "0588282566419",
          "hangar_id": "2369374",
          "sortering": "50",
          "organ_sortering": "150",
          "uppdrag_rollsortering": "90",
          "uppdrag_statussortering": "90"
        },
        {
          "organ_kod": "SkU",
          "roll_kod": "Suppleant",
          "ordningsnummer": "3",
          "status": "",
          "typ": "uppdrag",
          "from": "2010-10-12",
          "tom": "2012-10-18",
          "uppgift": "Skatteutskottet",
          "intressent_id": "0588282566419",
          "hangar_id": "2369374",
          "sortering": "50",
          "organ_sortering": "150",
          "uppdrag_rollsortering": "90",
          "uppdrag_statussortering": "90"
        },
        {
          "organ_kod": "CKrU",
          "roll_kod": "Suppleant",
          "ordningsnummer": "11",
          "status": "",
          "typ": "uppdrag",
          "from": "2018-03-13",
          "tom": "2018-05-24",
          "uppgift": "Sammansatta civil- och kulturutskottet",
          "intressent_id": "0588282566419",
          "hangar_id": "2369374",
          "sortering": "50",
          "organ_sortering": "160",
          "uppdrag_rollsortering": "90",
          "uppdrag_statussortering": "90"
        }
      ]
    },
    "personuppgift": {
      "uppgift": [
        {
          "kod": "Webbsida",
          "uppgift": "http://larsbeckman.se",
          "typ": "eadress",
          "intressent_id": "0588282566419",
          "hangar_id": "2369374"
        },
        {
          "kod": "Officiell e-postadress",
          "uppgift": "lars.beckman[på]riksdagen.se",
          "typ": "eadress",
          "intressent_id": "0588282566419",
          "hangar_id": "2369374"
        },
        {
          "kod": "Tjänstetelefon",
          "uppgift": "65390",
          "typ": "telefonnummer",
          "intressent_id": "0588282566419",
          "hangar_id": "2369374"
        },
        {
          "kod": "sv",
          "uppgift": "Projektledare.",
          "typ": "titlar",
          "intressent_id": "0588282566419",
          "hangar_id": "2369374"
        },
        {
          "kod": "en",
          "uppgift": "",
          "typ": "titlar",
          "intressent_id": "0588282566419",
          "hangar_id": "2369374"
        },
        {
          "kod": "KandiderarINastaVal",
          "uppgift": "true",
          "typ": "val",
          "intressent_id": "0588282566419",
          "hangar_id": "2369374"
        }
      ]
    }
  }
}