{
  "person": {
    "hangar_guid": "0e75c523-ab2b-4a7c-b497-1060bc241896",
    "sourceid": "47705a06-b78d-469f-9ebe-8f7407607be6",
    "intressent_id": "0466653728712",
    "hangar_id": "5004026",
    "fodd_ar": "1970",
    "kon": "man",
    "efternamn": "Begic",
    "tilltalsnamn": "Denis",
    "sorteringsnamn": "Begic,Denis",
    "iort": "",
    "parti": "S",
    "valkrets": "Örebro län",
    "status": "Tjänstgörande riksdagsledamot",
    "person_url_xml": "http://data.riksdagen.se/person/47705a06-b78d-469f-9ebe-8f7407607be6",
    "bild_url_80": "http://data.riksdagen.se/filarkiv/bilder/ledamot/47705a06-b78d-469f-9ebe-8f7407607be6_80.jpg",
    "bild_url_192": "http://data.riksdagen.se/filarkiv/bilder/ledamot/47705a06-b78d-469f-9ebe-8f7407607be6_192.jpg",
    "bild_url_max": "http://data.riksdagen.se/filarkiv/bilder/ledamot/47705a06-b78d-469f-9ebe-8f7407607be6_max.jpg",
    "personuppdrag": {
      "uppdrag": [
        {
          "organ_kod": "kam",
          "roll_kod": "Riksdagsledamot",
          "ordningsnummer": "342",
          "status": "Tjänstgörande",
          "typ": "kammaruppdrag",
          "from": "2018-09-24",
          "tom": "2022-09-26",
          "uppgift": "",
          "intressent_id": "0466653728712",
          "hangar_id": "5004026",
          "sortering": "10",
          "organ_sortering": "10",
          "uppdrag_rollsortering": "60",
          "uppdrag_statussortering": "10"
        },
        {
          "organ_kod": "CU",
          "roll_kod": "Suppleant",
          "ordningsnummer": "13",
          "status": "",
          "typ": "uppdrag",
          "from": "2018-10-02",
          "tom": "2022-09-26",
          "uppgift": "Civilutskottet",
          "intressent_id": "0466653728712",
          "hangar_id": "5004026",
          "sortering": "50",
          "organ_sortering": "150",
          "uppdrag_rollsortering": "90",
          "uppdrag_statussortering": "90"
        },
        {
          "organ_kod": "TU",
          "roll_kod": "Suppleant",
          "ordningsnummer": "1",
          "status": "",
          "typ": "uppdrag",
          "from": "2018-10-02",
          "tom": "2022-09-26",
          "uppgift": "Trafikutskottet",
          "intressent_id": "0466653728712",
          "hangar_id": "5004026",
          "sortering": "50",
          "organ_sortering": "150",
          "uppdrag_rollsortering": "90",
          "uppdrag_statussortering": "90"
        }
      ]
    },
    "personuppgift": {
      "uppgift": [
        {
          "kod": "Officiell e-postadress",
          "uppgift": "denis.begic[på]riksdagen.se",
          "typ": "eadress",
          "intressent_id": "0466653728712",
          "hangar_id": "5004026"
        },
        {
          "kod": "Tjänstetelefon",
          "uppgift": "65712",
          "typ": "telefonnummer",
          "intressent_id": "0466653728712",
          "hangar_id": "5004026"
        },
        {
          "kod": "sv",
          "uppgift": "Ombudsman.",
          "typ": "titlar",
          "intressent_id": "0466653728712",
          "hangar_id": "5004026"
        },
        {
          "kod": "en",
          "uppgift": "",
          "typ": "titlar",
          "intressent_id": "0466653728712",
          "hangar_id": "5004026"
        }
      ]
    }
  }
}