{
  "person": {
    "hangar_guid": "ef5263eb-adc7-4473-93db-ab37d2a12c95",
    "sourceid": "d7c3249d-83e4-11d4-ae60-0050040c9b55",
    "intressent_id": "0348584595917",
    "hangar_id": "2343504",
    "fodd_ar": "1972",
    "kon": "kvinna",
    "efternamn": "Beiming",
    "tilltalsnamn": "Cinnika",
    "sorteringsnamn": "Beiming,Cinnika",
    "iort": "",
    "parti": "S",
    "valkrets": "Stockholms län",
    "status": "Tidigare riksdagsledamot",
    "person_url_xml": "http://data.riksdagen.se/person/d7c3249d-83e4-11d4-ae60-0050040c9b55",
    "bild_url_80": "http://data.riksdagen.se/filarkiv/bilder/ledamot/d7c3249d-83e4-11d4-ae60-0050040c9b55_80.jpg",
    "bild_url_192": "http://data.riksdagen.se/filarkiv/bilder/ledamot/d7c3249d-83e4-11d4-ae60-0050040c9b55_192.jpg",
    "bild_url_max": "http://data.riksdagen.se/filarkiv/bilder/ledamot/d7c3249d-83e4-11d4-ae60-0050040c9b55_max.jpg",
    "personuppdrag": {
      "uppdrag": [
        {
          "organ_kod": "kam",
          "roll_kod": "Riksdagsledamot",
          "ordningsnummer": "50",
          "status": "Tjänstgörande",
          "typ": "kammaruppdrag",
          "from": "2006-07-16",
          "tom": "2006-10-02",
          "uppgift": "",
          "intressent_id": "0348584595917",
          "hangar_id": "2343504",
          "sortering": "10",
          "organ_sortering": "10",
          "uppdrag_rollsortering": "60",
          "uppdrag_statussortering": "10"
        },
        {
          "organ_kod": "kam",
          "roll_kod": "Riksdagsledamot",
          "ordningsnummer": "50",
          "status": "Ledig",
          "typ": "kammaruppdrag",
          "from": "2006-01-01",
          "tom": "2006-07-15",
          "uppgift": "Maryam Yazdanfar 2006-01-01 - 2006-05-30, Anna-Karin Lundström 2006-05-31 - 2006-07-15",
          "intressent_id": "0348584595917",
          "hangar_id": "2343504",
          "sortering": "10",
          "organ_sortering": "10",
          "uppdrag_rollsortering": "60",
          "uppdrag_statussortering": "30"
        },
        {
          "organ_kod": "kam",
          "roll_kod": "Riksdagsledamot",
          "ordningsnummer": "50",
          "status": "Tjänstgörande",
          "typ": "kammaruppdrag",
          "from": "2004-04-15",
          "tom": "2005-12-31",
          "uppgift": "",
          "intressent_id": "0348584595917",
          "hangar_id": "2343504",
          "sortering": "10",
          "organ_sortering": "10",
          "uppdrag_rollsortering": "60",
          "uppdrag_statussortering": "10"
        },
        {
          "organ_kod": "kam",
          "roll_kod": "Riksdagsledamot",
          "ordningsnummer": "50",
          "status": "Ledig",
          "typ": "kammaruppdrag",
          "from": "2004-01-19",
          "tom": "2004-04-14",
          "uppgift": "Mariam Osman Sherifay 2004-01-19 - 2004-03-07, Christer Erlandsson 2004-03-08 - 2004-04-14",
          "intressent_id": "0348584595917",
          "hangar_id": "2343504",
          "sortering": "10",
          "organ_sortering": "10",
          "uppdrag_rollsortering": "60",
          "uppdrag_statussortering": "30"
        },
        {
          "organ_kod": "kam",
          "roll_kod": "Riksdagsledamot",
          "ordningsnummer": "50",
          "status": "Tjänstgörande",
          "typ": "kammaruppdrag",
          "from": "2003-08-26",
          "tom": "2004-01-18",
          "uppgift": "",
          "intressent_id": "0348584595917",
          "hangar_id": "2343504",
          "sortering": "10",
          "organ_sortering": "10",
          "uppdrag_rollsortering": "60",
          "uppdrag_statussortering": "10"
        },
        {
          "organ_kod": "kam",
          "roll_kod": "Riksdagsledamot",
          "ordningsnummer": "50",
          "status": "Ledig",
          "typ": "kammaruppdrag",
          "from": "2003-02-18",
          "tom": "2003-08-25",
          "uppgift": "Mariam Osman Sherifay 2003-02-18 - 2003-08-25",
          "intressent_id": "0348584595917",
          "hangar_id": "2343504",
          "sortering": "10",
          "organ_sortering": "10",
          "uppdrag_rollsortering": "60",
          "uppdrag_statussortering": "30"
        },
        {
          "organ_kod": "kam",
          "roll_kod": "Riksdagsledamot",
          "ordningsnummer": "50",
          "status": "Tjänstgörande",
          "typ": "kammaruppdrag",
          "from": "2002-09-30",
          "tom": "2003-02-17",
          "uppgift": "",
          "intressent_id": "0348584595917",
          "hangar_id": "2343504",
          "sortering": "10",
          "organ_sortering": "10",
          "uppdrag_rollsortering": "60",
          "uppdrag_statussortering": "10"
        },
        {
          "organ_kod": "kam",
          "roll_kod": "Riksdagsledamot",
          "ordningsnummer": "59",
          "status": "Tjänstgörande",
          "typ": "kammaruppdrag",
          "from": "1998-10-05",
          "tom": "2002-09-30",
          "uppgift": "Pär Nuder",
          "intressent_id": "0348584595917",
          "hangar_id": "2343504",
          "sortering": "10",
          "organ_sortering": "10",
          "uppdrag_rollsortering": "60",
          "uppdrag_statussortering": "10"
        },
        {
          "organ_kod": "kam",
          "roll_kod": "Ersättare",
          "ordningsnummer": "61",
          "status": "Ersättare",
          "typ": "kammaruppdrag",
          "from": "1997-02-19",
          "tom": "1998-10-05",
          "uppgift": "Pär Nuder",
          "intressent_id": "0348584595917",
          "hangar_id": "2343504",
          "sortering": "45",
          "organ_sortering": "10",
          "uppdrag_rollsortering": "60",
          "uppdrag_statussortering": "20"
        },
        {
          "organ_kod": "AU",
          "roll_kod": "Ledamot",
          "ordningsnummer": "0",
          "status": "",
          "typ": "uppdrag",
          "from": "2002-10-08",
          "tom": "2006-10-02",
          "uppgift": "Arbetsmarknadsutskottet",
          "intressent_id": "0348584595917",
          "hangar_id": "2343504",
          "sortering": "30",
          "organ_sortering": "150",
          "uppdrag_rollsortering": "90",
          "uppdrag_statussortering": "90"
        },
        {
          "organ_kod": "AU",
          "roll_kod": "Suppleant",
          "ordningsnummer": "0",
          "status": "",
          "typ": "uppdrag",
          "from": "1998-10-13",
          "tom": "2002-09-30",
          "uppgift": "Arbetsmarknadsutskottet",
          "intressent_id": "0348584595917",
          "hangar_id": "2343504",
          "sortering": "50",
          "organ_sortering": "150",
          "uppdrag_rollsortering": "90",
          "uppdrag_statussortering": "90"
        },
        {
          "organ_kod": "FiU",
          "roll_kod": "Suppleant",
          "ordningsnummer": "0",
          "status": "",
          "typ": "uppdrag",
          "from": "1998-10-13",
          "tom": "2002-09-30",
          "uppgift": "Finansutskottet",
          "intressent_id": "0348584595917",
          "hangar_id": "2343504",
          "sortering": "50",
          "organ_sortering": "150",
          "uppdrag_rollsortering": "90",
          "uppdrag_statussortering": "90"
        },
        {
          "organ_kod": "FiU",
          "roll_kod": "Suppleant",
          "ordningsnummer": "0",
          "status": "",
          "typ": "uppdrag",
          "from": "1997-02-27",
          "tom": "1998-10-04",
          "uppgift": "Finansutskottet",
          "intressent_id": "0348584595917",
          "hangar_id": "2343504",
          "sortering": "50",
          "organ_sortering": "150",
          "uppdrag_rollsortering": "90",
          "uppdrag_statussortering": "90"
        },
        {
          "organ_kod": "JuU",
          "roll_kod": "Suppleant",
          "ordningsnummer": "0",
          "status": "",
          "typ": "uppdrag",
          "from": "1997-02-27",
          "tom": "1998-10-04",
          "uppgift": "Justitieutskottet",
          "intressent_id": "0348584595917",
          "hangar_id": "2343504",
          "sortering": "50",
          "organ_sortering": "150",
          "uppdrag_rollsortering": "90",
          "uppdrag_statussortering": "90"
        }
      ]
    },
    "personuppgift": {
      "uppgift": {
        "kod": "Webbsida",
        "uppgift": "http://www.socialdemokraterna.se/Templates/Parliament____241.aspx",
        "typ": "eadress",
        "intressent_id": "0348584595917",
        "hangar_id": "2343504"
      }
    }
  }
}