{
  "person": {
    "hangar_guid": "f723b65e-90b1-415f-9ab8-4b5f3bf71e8a",
    "sourceid": "cc608c25-fcc1-4bdb-9354-4cd44532ff25",
    "intressent_id": "0513020576128",
    "hangar_id": "2369388",
    "fodd_ar": "1987",
    "kon": "man",
    "efternamn": "Bengtzboe",
    "tilltalsnamn": "Erik",
    "sorteringsnamn": "Bengtzboe,Erik",
    "iort": "",
    "parti": "M",
    "valkrets": "Södermanlands län",
    "status": "Avgången riksdagsledamot",
    "person_url_xml": "http://data.riksdagen.se/person/cc608c25-fcc1-4bdb-9354-4cd44532ff25",
    "bild_url_80": "http://data.riksdagen.se/filarkiv/bilder/ledamot/cc608c25-fcc1-4bdb-9354-4cd44532ff25_80.jpg",
    "bild_url_192": "http://data.riksdagen.se/filarkiv/bilder/ledamot/cc608c25-fcc1-4bdb-9354-4cd44532ff25_192.jpg",
    "bild_url_max": "http://data.riksdagen.se/filarkiv/bilder/ledamot/cc608c25-fcc1-4bdb-9354-4cd44532ff25_max.jpg",
    "personuppdrag": {
      "uppdrag": [
        {
          "organ_kod": "kam",
          "roll_kod": "Riksdagsledamot",
          "ordningsnummer": "322",
          "status": "Tjänstgörande",
          "typ": "kammaruppdrag",
          "from": "2018-09-24",
          "tom": "2019-04-26",
          "uppgift": "",
          "intressent_id": "0513020576128",
          "hangar_id": "2369388",
          "sortering": "10",
          "organ_sortering": "10",
          "uppdrag_rollsortering": "60",
          "uppdrag_statussortering": "10"
        },
        {
          "organ_kod": "kam",
          "roll_kod": "Riksdagsledamot",
          "ordningsnummer": "147",
          "status": "Tjänstgörande",
          "typ": "kammaruppdrag",
          "from": "2014-12-31",
          "tom": "2018-09-24",
          "uppgift": "",
          "intressent_id": "0513020576128",
          "hangar_id": "2369388",
          "sortering": "10",
          "organ_sortering": "10",
          "uppdrag_rollsortering": "60",
          "uppdrag_statussortering": "10"
        },
        {
          "organ_kod": "kam",
          "roll_kod": "Statsrådsersättare",
          "ordningsnummer": "179",
          "status": "Ersättare",
          "typ": "kammaruppdrag",
          "from": "2014-09-29",
          "tom": "2014-10-03",
          "uppgift": "Ulf Kristersson",
          "intressent_id": "0513020576128",
          "hangar_id": "2369388",
          "sortering": "",
          "organ_sortering": "10",
          "uppdrag_rollsortering": "60",
          "uppdrag_statussortering": "20"
        },
        {
          "organ_kod": "kam",
          "roll_kod": "Talmansersättare",
          "ordningsnummer": "214",
          "status": "Ersättare",
          "typ": "kammaruppdrag",
          "from": "2010-10-04",
          "tom": "2011-01-20",
          "uppgift": "Per Westerberg",
          "intressent_id": "0513020576128",
          "hangar_id": "2369388",
          "sortering": "",
          "organ_sortering": "10",
          "uppdrag_rollsortering": "60",
          "uppdrag_statussortering": "20"
        },
        {
          "organ_kod": "RJ",
          "roll_kod": "Ledamot",
          "ordningsnummer": "5",
          "status": "",
          "typ": "Riksdagsorgan",
          "from": "2018-11-01",
          "tom": "2019-04-26",
          "uppgift": "Styrelsen för Stiftelsen Riksbankens Jubileumsfond",
          "intressent_id": "0513020576128",
          "hangar_id": "2369388",
          "sortering": "30",
          "organ_sortering": "300",
          "uppdrag_rollsortering": "90",
          "uppdrag_statussortering": "90"
        },
        {
          "organ_kod": "AU",
          "roll_kod": "Andre vice ordförande",
          "ordningsnummer": "2",
          "status": "",
          "typ": "uppdrag",
          "from": "2019-03-05",
          "tom": "2019-04-26",
          "uppgift": "Arbetsmarknadsutskottet",
          "intressent_id": "0513020576128",
          "hangar_id": "2369388",
          "sortering": "16",
          "organ_sortering": "150",
          "uppdrag_rollsortering": "90",
          "uppdrag_statussortering": "90"
        },
        {
          "organ_kod": "AU",
          "roll_kod": "Ledamot",
          "ordningsnummer": "2",
          "status": "",
          "typ": "uppdrag",
          "from": "2019-02-13",
          "tom": "2019-03-05",
          "uppgift": "Arbetsmarknadsutskottet",
          "intressent_id": "0513020576128",
          "hangar_id": "2369388",
          "sortering": "30",
          "organ_sortering": "150",
          "uppdrag_rollsortering": "90",
          "uppdrag_statussortering": "90"
        },
        {
          "organ_kod": "UbU",
          "roll_kod": "Ledamot",
          "ordningsnummer": "2",
          "status": "",
          "typ": "uppdrag",
          "from": "2018-10-02",
          "tom": "2019-02-13",
          "uppgift": "Utbildningsutskottet",
          "intressent_id": "0513020576128",
          "hangar_id": "2369388",
          "sortering": "30",
          "organ_sortering": "150",
          "uppdrag_rollsortering": "90",
          "uppdrag_statussortering": "90"
        },
        {
          "organ_kod": "UbU",
          "roll_kod": "Ledamot",
          "ordningsnummer": "2",
          "status": "",
          "typ": "uppdrag",
          "from": "2017-10-13",
          "tom": "2018-09-24",
          "uppgift": "Utbildningsutskottet",
          "intressent_id": "0513020576128",
          "hangar_id": "2369388",
          "sortering": "30",
          "organ_sortering": "150",
          "uppdrag_rollsortering": "90",
          "uppdrag_statussortering": "90"
        },
        {
          "organ_kod": "UbU",
          "roll_kod": "Ledamot",
          "ordningsnummer": "11",
          "status": "",
          "typ": "uppdrag",
          "from": "2015-01-22",
          "tom": "2017-10-13",
          "uppgift": "Utbildningsutskottet",
          "intressent_id": "0513020576128",
          "hangar_id": "2369388",
          "sortering": "30",
          "organ_sortering": "150",
          "uppdrag_rollsortering": "90",
          "uppdrag_statussortering": "90"
        },
        {
          "organ_kod": "UbU",
          "roll_kod": "Suppleant",
          "ordningsnummer": "1",
          "status": "",
          "typ": "uppdrag",
          "from": "2010-10-12",
          "tom": "2011-01-20",
          "uppgift": "Utbildningsutskottet",
          "intressent_id": "0513020576128",
          "hangar_id": "2369388",
          "sortering": "50",
          "organ_sortering": "150",
          "uppdrag_rollsortering": "90",
          "uppdrag_statussortering": "90"
        },
        {
          "organ_kod": "EUN",
          "roll_kod": "Suppleant",
          "ordningsnummer": "32",
          "status": "",
          "typ": "uppdrag",
          "from": "2019-02-14",
          "tom": "2019-04-26",
          "uppgift": "EU-nämnden",
          "intressent_id": "0513020576128",
          "hangar_id": "2369388",
          "sortering": "50",
          "organ_sortering": "170",
          "uppdrag_rollsortering": "90",
          "uppdrag_statussortering": "90"
        },
        {
          "organ_kod": "EUN",
          "roll_kod": "Suppleant",
          "ordningsnummer": "73",
          "status": "",
          "typ": "uppdrag",
          "from": "2018-11-27",
          "tom": "2019-02-13",
          "uppgift": "EU-nämnden",
          "intressent_id": "0513020576128",
          "hangar_id": "2369388",
          "sortering": "50",
          "organ_sortering": "170",
          "uppdrag_rollsortering": "90",
          "uppdrag_statussortering": "90"
        }
      ]
    },
    "personuppgift": {
      "uppgift": {
        "kod": "KandiderarINastaVal",
        "uppgift": "true",
        "typ": "val",
        "intressent_id": "0513020576128",
        "hangar_id": "2369388"
      }
    }
  }
}