{
  "person": {
    "hangar_guid": "9fb5912f-173d-45f9-b3c2-e48a38eeeb68",
    "sourceid": "b1d9c80e-7955-41dd-9171-9763e65e7820",
    "intressent_id": "0393199907225",
    "hangar_id": "3057108",
    "fodd_ar": "1983",
    "kon": "kvinna",
    "efternamn": "Bengtsson",
    "tilltalsnamn": "Jenny",
    "sorteringsnamn": "Bengtsson,Jenny",
    "iort": "",
    "parti": "V",
    "valkrets": "Stockholms län",
    "status": "Tidigare ersättare",
    "person_url_xml": "http://data.riksdagen.se/person/b1d9c80e-7955-41dd-9171-9763e65e7820",
    "bild_url_80": "http://data.riksdagen.se/filarkiv/bilder/ledamot/b1d9c80e-7955-41dd-9171-9763e65e7820_80.jpg",
    "bild_url_192": "http://data.riksdagen.se/filarkiv/bilder/ledamot/b1d9c80e-7955-41dd-9171-9763e65e7820_192.jpg",
    "bild_url_max": "http://data.riksdagen.se/filarkiv/bilder/ledamot/b1d9c80e-7955-41dd-9171-9763e65e7820_max.jpg",
    "personuppdrag": {
      "uppdrag": [
        {
          "organ_kod": "kam",
          "roll_kod": "Ersättare",
          "ordningsnummer": "210",
          "status": "Ersättare",
          "typ": "kammaruppdrag",
          "from": "2016-05-12",
          "tom": "2016-07-27",
          "uppgift": "Ali Esbati",
          "intressent_id": "0393199907225",
          "hangar_id": "3057108",
          "sortering": "45",
          "organ_sortering": "10",
          "uppdrag_rollsortering": "60",
          "uppdrag_statussortering": "20"
        },
        {
          "organ_kod": "AU",
          "roll_kod": "Extra suppleant",
          "ordningsnummer": "0",
          "status": "",
          "typ": "uppdrag",
          "from": "2016-06-20",
          "tom": "2016-07-27",
          "uppgift": "Arbetsmarknadsutskottet",
          "intressent_id": "0393199907225",
          "hangar_id": "3057108",
          "sortering": "55",
          "organ_sortering": "150",
          "uppdrag_rollsortering": "90",
          "uppdrag_statussortering": "90"
        },
        {
          "organ_kod": "AU",
          "roll_kod": "Extra suppleant",
          "ordningsnummer": "0",
          "status": "",
          "typ": "uppdrag",
          "from": "2016-05-13",
          "tom": "2016-06-16",
          "uppgift": "Arbetsmarknadsutskottet",
          "intressent_id": "0393199907225",
          "hangar_id": "3057108",
          "sortering": "55",
          "organ_sortering": "150",
          "uppdrag_rollsortering": "90",
          "uppdrag_statussortering": "90"
        },
        {
          "organ_kod": "KU",
          "roll_kod": "Extra suppleant",
          "ordningsnummer": "0",
          "status": "",
          "typ": "uppdrag",
          "from": "2016-06-20",
          "tom": "2016-07-27",
          "uppgift": "Konstitutionsutskottet",
          "intressent_id": "0393199907225",
          "hangar_id": "3057108",
          "sortering": "55",
          "organ_sortering": "150",
          "uppdrag_rollsortering": "90",
          "uppdrag_statussortering": "90"
        },
        {
          "organ_kod": "KU",
          "roll_kod": "Extra suppleant",
          "ordningsnummer": "0",
          "status": "",
          "typ": "uppdrag",
          "from": "2016-05-13",
          "tom": "2016-06-16",
          "uppgift": "Konstitutionsutskottet",
          "intressent_id": "0393199907225",
          "hangar_id": "3057108",
          "sortering": "55",
          "organ_sortering": "150",
          "uppdrag_rollsortering": "90",
          "uppdrag_statussortering": "90"
        },
        {
          "organ_kod": "UU",
          "roll_kod": "Extra suppleant",
          "ordningsnummer": "0",
          "status": "",
          "typ": "uppdrag",
          "from": "2016-06-20",
          "tom": "2016-07-27",
          "uppgift": "Utrikesutskottet",
          "intressent_id": "0393199907225",
          "hangar_id": "3057108",
          "sortering": "55",
          "organ_sortering": "150",
          "uppdrag_rollsortering": "90",
          "uppdrag_statussortering": "90"
        },
        {
          "organ_kod": "UU",
          "roll_kod": "Extra suppleant",
          "ordningsnummer": "0",
          "status": "",
          "typ": "uppdrag",
          "from": "2016-05-13",
          "tom": "2016-06-16",
          "uppgift": "Utrikesutskottet",
          "intressent_id": "0393199907225",
          "hangar_id": "3057108",
          "sortering": "55",
          "organ_sortering": "150",
          "uppdrag_rollsortering": "90",
          "uppdrag_statussortering": "90"
        }
      ]
    },
    "personuppgift": {
      "uppgift": {
        "kod": "Officiell e-postadress",
        "uppgift": "jenny.bengtsson[på]riksdagen.se",
        "typ": "eadress",
        "intressent_id": "0393199907225",
        "hangar_id": "3057108"
      }
    }
  }
}