{
  "person": {
    "hangar_guid": "3846e99e-9fd4-4496-918b-1e6a2115c1fe",
    "sourceid": "d7c31c72-83e4-11d4-ae60-0050040c9b55",
    "intressent_id": "0508589337602",
    "hangar_id": "2341924",
    "fodd_ar": "1936",
    "kon": "man",
    "efternamn": "Bergström",
    "tilltalsnamn": "Harald",
    "sorteringsnamn": "Bergström,Harald",
    "iort": "",
    "parti": "KD",
    "valkrets": "",
    "status": "Avliden  2013-01-11",
    "person_url_xml": "http://data.riksdagen.se/person/d7c31c72-83e4-11d4-ae60-0050040c9b55",
    "bild_url_80": "http://data.riksdagen.se/filarkiv/bilder/ledamot/d7c31c72-83e4-11d4-ae60-0050040c9b55_80.jpg",
    "bild_url_192": "http://data.riksdagen.se/filarkiv/bilder/ledamot/d7c31c72-83e4-11d4-ae60-0050040c9b55_192.jpg",
    "bild_url_max": "http://data.riksdagen.se/filarkiv/bilder/ledamot/d7c31c72-83e4-11d4-ae60-0050040c9b55_max.jpg",
    "personuppdrag": {
      "uppdrag": [
        {
          "organ_kod": "kam",
          "roll_kod": "Riksdagsledamot",
          "ordningsnummer": "122",
          "status": "Tjänstgörande",
          "typ": "kammaruppdrag",
          "from": "1998-10-05",
          "tom": "2002-09-30",
          "uppgift": "",
          "intressent_id": "0508589337602",
          "hangar_id": "2341924",
          "sortering": "10",
          "organ_sortering": "10",
          "uppdrag_rollsortering": "60",
          "uppdrag_statussortering": "10"
        },
        {
          "organ_kod": "kam",
          "roll_kod": "Riksdagsledamot",
          "ordningsnummer": "119",
          "status": "Tjänstgörande",
          "typ": "kammaruppdrag",
          "from": "1991-09-30",
          "tom": "1994-10-03",
          "uppgift": "",
          "intressent_id": "0508589337602",
          "hangar_id": "2341924",
          "sortering": "10",
          "organ_sortering": "10",
          "uppdrag_rollsortering": "60",
          "uppdrag_statussortering": "10"
        },
        {
          "organ_kod": "RFK",
          "roll_kod": "Ledamot",
          "ordningsnummer": "0",
          "status": "",
          "typ": "Riksdagsorgan",
          "from": "1998-10-13",
          "tom": "2000-06-30",
          "uppgift": "Riksdagens förvaltningskontor",
          "intressent_id": "0508589337602",
          "hangar_id": "2341924",
          "sortering": "30",
          "organ_sortering": "300",
          "uppdrag_rollsortering": "90",
          "uppdrag_statussortering": "90"
        },
        {
          "organ_kod": "AU",
          "roll_kod": "Ledamot",
          "ordningsnummer": "0",
          "status": "",
          "typ": "uppdrag",
          "from": "1991-10-08",
          "tom": "1994-10-02",
          "uppgift": "Arbetsmarknadsutskottet",
          "intressent_id": "0508589337602",
          "hangar_id": "2341924",
          "sortering": "30",
          "organ_sortering": "150",
          "uppdrag_rollsortering": "90",
          "uppdrag_statussortering": "90"
        },
        {
          "organ_kod": "NU",
          "roll_kod": "Suppleant",
          "ordningsnummer": "0",
          "status": "",
          "typ": "uppdrag",
          "from": "1998-10-13",
          "tom": "2002-09-30",
          "uppgift": "Näringsutskottet",
          "intressent_id": "0508589337602",
          "hangar_id": "2341924",
          "sortering": "50",
          "organ_sortering": "150",
          "uppdrag_rollsortering": "90",
          "uppdrag_statussortering": "90"
        },
        {
          "organ_kod": "BoU",
          "roll_kod": "Suppleant",
          "ordningsnummer": "0",
          "status": "",
          "typ": "uppdrag",
          "from": "1998-10-13",
          "tom": "2002-09-30",
          "uppgift": "Bostadsutskottet",
          "intressent_id": "0508589337602",
          "hangar_id": "2341924",
          "sortering": "50",
          "organ_sortering": "165",
          "uppdrag_rollsortering": "90",
          "uppdrag_statussortering": "90"
        }
      ]
    },
    "personuppgift": {
      "uppgift": [
        {
          "kod": "sv",
          "uppgift": "ingenjör",
          "typ": "titlar",
          "intressent_id": "0508589337602",
          "hangar_id": "2341924"
        },
        {
          "kod": "en",
          "uppgift": "Engineer",
          "typ": "titlar",
          "intressent_id": "0508589337602",
          "hangar_id": "2341924"
        }
      ]
    }
  }
}