{
  "person": {
    "hangar_guid": "3cf8078a-c500-4100-8618-466be00da172",
    "sourceid": "62f6b391-e0a5-40f5-84c6-dd6fded96ac9",
    "intressent_id": "0299937536814",
    "hangar_id": "2369365",
    "fodd_ar": "1954",
    "kon": "man",
    "efternamn": "Bergman",
    "tilltalsnamn": "Håkan",
    "sorteringsnamn": "Bergman,Håkan",
    "iort": "",
    "parti": "S",
    "valkrets": "Örebro län",
    "status": "Tidigare riksdagsledamot",
    "person_url_xml": "http://data.riksdagen.se/person/62f6b391-e0a5-40f5-84c6-dd6fded96ac9",
    "bild_url_80": "http://data.riksdagen.se/filarkiv/bilder/ledamot/62f6b391-e0a5-40f5-84c6-dd6fded96ac9_80.jpg",
    "bild_url_192": "http://data.riksdagen.se/filarkiv/bilder/ledamot/62f6b391-e0a5-40f5-84c6-dd6fded96ac9_192.jpg",
    "bild_url_max": "http://data.riksdagen.se/filarkiv/bilder/ledamot/62f6b391-e0a5-40f5-84c6-dd6fded96ac9_max.jpg",
    "personuppdrag": {
      "uppdrag": [
        {
          "organ_kod": "kam",
          "roll_kod": "Riksdagsledamot",
          "ordningsnummer": "234",
          "status": "Tjänstgörande",
          "typ": "kammaruppdrag",
          "from": "2014-09-29",
          "tom": "2018-09-24",
          "uppgift": "",
          "intressent_id": "0299937536814",
          "hangar_id": "2369365",
          "sortering": "10",
          "organ_sortering": "10",
          "uppdrag_rollsortering": "60",
          "uppdrag_statussortering": "10"
        },
        {
          "organ_kod": "kam",
          "roll_kod": "Riksdagsledamot",
          "ordningsnummer": "306",
          "status": "Tjänstgörande",
          "typ": "kammaruppdrag",
          "from": "2010-10-04",
          "tom": "2014-09-29",
          "uppgift": "",
          "intressent_id": "0299937536814",
          "hangar_id": "2369365",
          "sortering": "10",
          "organ_sortering": "10",
          "uppdrag_rollsortering": "60",
          "uppdrag_statussortering": "10"
        },
        {
          "organ_kod": "RS",
          "roll_kod": "Ledamot",
          "ordningsnummer": "5",
          "status": "",
          "typ": "Riksdagsorgan",
          "from": "2016-06-28",
          "tom": "2018-09-24",
          "uppgift": "Riksdagsstyrelsen",
          "intressent_id": "0299937536814",
          "hangar_id": "2369365",
          "sortering": "30",
          "organ_sortering": "300",
          "uppdrag_rollsortering": "90",
          "uppdrag_statussortering": "90"
        },
        {
          "organ_kod": "RS",
          "roll_kod": "Ersättare",
          "ordningsnummer": "1",
          "status": "",
          "typ": "Riksdagsorgan",
          "from": "2014-10-07",
          "tom": "2016-06-28",
          "uppgift": "Riksdagsstyrelsen",
          "intressent_id": "0299937536814",
          "hangar_id": "2369365",
          "sortering": "45",
          "organ_sortering": "300",
          "uppdrag_rollsortering": "60",
          "uppdrag_statussortering": "90"
        },
        {
          "organ_kod": "SfU",
          "roll_kod": "Suppleant",
          "ordningsnummer": "4",
          "status": "",
          "typ": "uppdrag",
          "from": "2010-10-12",
          "tom": "2014-09-29",
          "uppgift": "Socialförsäkringsutskottet",
          "intressent_id": "0299937536814",
          "hangar_id": "2369365",
          "sortering": "50",
          "organ_sortering": "150",
          "uppdrag_rollsortering": "90",
          "uppdrag_statussortering": "90"
        },
        {
          "organ_kod": "SoU",
          "roll_kod": "Suppleant",
          "ordningsnummer": "5",
          "status": "",
          "typ": "uppdrag",
          "from": "2017-06-16",
          "tom": "2018-09-24",
          "uppgift": "Socialutskottet",
          "intressent_id": "0299937536814",
          "hangar_id": "2369365",
          "sortering": "50",
          "organ_sortering": "150",
          "uppdrag_rollsortering": "90",
          "uppdrag_statussortering": "90"
        },
        {
          "organ_kod": "SoU",
          "roll_kod": "Suppleant",
          "ordningsnummer": "3",
          "status": "",
          "typ": "uppdrag",
          "from": "2014-10-07",
          "tom": "2017-06-16",
          "uppgift": "Socialutskottet",
          "intressent_id": "0299937536814",
          "hangar_id": "2369365",
          "sortering": "50",
          "organ_sortering": "150",
          "uppdrag_rollsortering": "90",
          "uppdrag_statussortering": "90"
        },
        {
          "organ_kod": "UbU",
          "roll_kod": "Ledamot",
          "ordningsnummer": "8",
          "status": "",
          "typ": "uppdrag",
          "from": "2014-10-07",
          "tom": "2018-09-24",
          "uppgift": "Utbildningsutskottet",
          "intressent_id": "0299937536814",
          "hangar_id": "2369365",
          "sortering": "30",
          "organ_sortering": "150",
          "uppdrag_rollsortering": "90",
          "uppdrag_statussortering": "90"
        },
        {
          "organ_kod": "UbU",
          "roll_kod": "Ledamot",
          "ordningsnummer": "10",
          "status": "",
          "typ": "uppdrag",
          "from": "2010-10-12",
          "tom": "2014-09-29",
          "uppgift": "Utbildningsutskottet",
          "intressent_id": "0299937536814",
          "hangar_id": "2369365",
          "sortering": "30",
          "organ_sortering": "150",
          "uppdrag_rollsortering": "90",
          "uppdrag_statussortering": "90"
        }
      ]
    },
    "personuppgift": {
      "uppgift": {
        "kod": "KandiderarINastaVal",
        "uppgift": "false",
        "typ": "val",
        "intressent_id": "0299937536814",
        "hangar_id": "2369365"
      }
    }
  }
}