{
  "person": {
    "hangar_guid": "7e6b18ba-fe40-4c25-a344-f4a3a949545b",
    "sourceid": "695936e0-96ed-4e4a-a9ce-bc1ffbb28bfa",
    "intressent_id": "0679667648714",
    "hangar_id": "2342807",
    "fodd_ar": "1954",
    "kon": "kvinna",
    "efternamn": "Berg",
    "tilltalsnamn": "Marianne",
    "sorteringsnamn": "Berg,Marianne",
    "iort": "",
    "parti": "V",
    "valkrets": "Malmö kommun",
    "status": "Tidigare riksdagsledamot",
    "person_url_xml": "http://data.riksdagen.se/person/695936e0-96ed-4e4a-a9ce-bc1ffbb28bfa",
    "bild_url_80": "http://data.riksdagen.se/filarkiv/bilder/ledamot/695936e0-96ed-4e4a-a9ce-bc1ffbb28bfa_80.jpg",
    "bild_url_192": "http://data.riksdagen.se/filarkiv/bilder/ledamot/695936e0-96ed-4e4a-a9ce-bc1ffbb28bfa_192.jpg",
    "bild_url_max": "http://data.riksdagen.se/filarkiv/bilder/ledamot/695936e0-96ed-4e4a-a9ce-bc1ffbb28bfa_max.jpg",
    "personuppdrag": {
      "uppdrag": [
        {
          "organ_kod": "kam",
          "roll_kod": "Riksdagsledamot",
          "ordningsnummer": "37",
          "status": "Tjänstgörande",
          "typ": "kammaruppdrag",
          "from": "2010-10-04",
          "tom": "2014-09-29",
          "uppgift": "",
          "intressent_id": "0679667648714",
          "hangar_id": "2342807",
          "sortering": "10",
          "organ_sortering": "10",
          "uppdrag_rollsortering": "60",
          "uppdrag_statussortering": "10"
        },
        {
          "organ_kod": "kam",
          "roll_kod": "Riksdagsledamot",
          "ordningsnummer": "153",
          "status": "Tjänstgörande",
          "typ": "kammaruppdrag",
          "from": "2006-10-02",
          "tom": "2010-10-04",
          "uppgift": "",
          "intressent_id": "0679667648714",
          "hangar_id": "2342807",
          "sortering": "10",
          "organ_sortering": "10",
          "uppdrag_rollsortering": "60",
          "uppdrag_statussortering": "10"
        },
        {
          "organ_kod": "V",
          "roll_kod": "Vice gruppledare",
          "ordningsnummer": "0",
          "status": "",
          "typ": "partiuppdrag",
          "from": "2010-10-04",
          "tom": "2010-10-04",
          "uppgift": "Vänsterpartiet",
          "intressent_id": "0679667648714",
          "hangar_id": "2342807",
          "sortering": "30",
          "organ_sortering": "",
          "uppdrag_rollsortering": "90",
          "uppdrag_statussortering": "90"
        },
        {
          "organ_kod": "NR",
          "roll_kod": "Ledamot",
          "ordningsnummer": "19",
          "status": "",
          "typ": "Riksdagsorgan",
          "from": "2013-09-17",
          "tom": "2014-09-29",
          "uppgift": "Nordiska rådets svenska delegation",
          "intressent_id": "0679667648714",
          "hangar_id": "2342807",
          "sortering": "30",
          "organ_sortering": "300",
          "uppdrag_rollsortering": "90",
          "uppdrag_statussortering": "90"
        },
        {
          "organ_kod": "NR",
          "roll_kod": "Ledamot",
          "ordningsnummer": "19",
          "status": "",
          "typ": "Riksdagsorgan",
          "from": "2012-10-04",
          "tom": "2013-09-16",
          "uppgift": "Nordiska rådets svenska delegation",
          "intressent_id": "0679667648714",
          "hangar_id": "2342807",
          "sortering": "30",
          "organ_sortering": "300",
          "uppdrag_rollsortering": "90",
          "uppdrag_statussortering": "90"
        },
        {
          "organ_kod": "NR",
          "roll_kod": "Ledamot",
          "ordningsnummer": "19",
          "status": "",
          "typ": "Riksdagsorgan",
          "from": "2011-10-12",
          "tom": "2012-09-18",
          "uppgift": "Nordiska rådets svenska delegation",
          "intressent_id": "0679667648714",
          "hangar_id": "2342807",
          "sortering": "30",
          "organ_sortering": "300",
          "uppdrag_rollsortering": "90",
          "uppdrag_statussortering": "90"
        },
        {
          "organ_kod": "NR",
          "roll_kod": "Ledamot",
          "ordningsnummer": "19",
          "status": "",
          "typ": "Riksdagsorgan",
          "from": "2010-10-19",
          "tom": "2011-09-15",
          "uppgift": "Nordiska rådets svenska delegation",
          "intressent_id": "0679667648714",
          "hangar_id": "2342807",
          "sortering": "30",
          "organ_sortering": "300",
          "uppdrag_rollsortering": "90",
          "uppdrag_statussortering": "90"
        },
        {
          "organ_kod": "NR",
          "roll_kod": "Ledamot",
          "ordningsnummer": "13",
          "status": "",
          "typ": "Riksdagsorgan",
          "from": "2009-09-30",
          "tom": "2010-10-04",
          "uppgift": "Nordiska rådets svenska delegation",
          "intressent_id": "0679667648714",
          "hangar_id": "2342807",
          "sortering": "30",
          "organ_sortering": "300",
          "uppdrag_rollsortering": "90",
          "uppdrag_statussortering": "90"
        },
        {
          "organ_kod": "CU",
          "roll_kod": "Ledamot",
          "ordningsnummer": "17",
          "status": "",
          "typ": "uppdrag",
          "from": "2010-10-12",
          "tom": "2014-09-29",
          "uppgift": "Civilutskottet",
          "intressent_id": "0679667648714",
          "hangar_id": "2342807",
          "sortering": "30",
          "organ_sortering": "150",
          "uppdrag_rollsortering": "90",
          "uppdrag_statussortering": "90"
        },
        {
          "organ_kod": "JuU",
          "roll_kod": "Suppleant",
          "ordningsnummer": "17",
          "status": "",
          "typ": "uppdrag",
          "from": "2010-12-20",
          "tom": "2014-09-29",
          "uppgift": "Justitieutskottet",
          "intressent_id": "0679667648714",
          "hangar_id": "2342807",
          "sortering": "50",
          "organ_sortering": "150",
          "uppdrag_rollsortering": "90",
          "uppdrag_statussortering": "90"
        },
        {
          "organ_kod": "KU",
          "roll_kod": "Suppleant",
          "ordningsnummer": "17",
          "status": "",
          "typ": "uppdrag",
          "from": "2010-10-12",
          "tom": "2014-09-29",
          "uppgift": "Konstitutionsutskottet",
          "intressent_id": "0679667648714",
          "hangar_id": "2342807",
          "sortering": "50",
          "organ_sortering": "150",
          "uppdrag_rollsortering": "90",
          "uppdrag_statussortering": "90"
        },
        {
          "organ_kod": "KU",
          "roll_kod": "Ledamot",
          "ordningsnummer": "14",
          "status": "",
          "typ": "uppdrag",
          "from": "2006-10-10",
          "tom": "2010-10-04",
          "uppgift": "Konstitutionsutskottet",
          "intressent_id": "0679667648714",
          "hangar_id": "2342807",
          "sortering": "30",
          "organ_sortering": "150",
          "uppdrag_rollsortering": "90",
          "uppdrag_statussortering": "90"
        },
        {
          "organ_kod": "SoU",
          "roll_kod": "Suppleant",
          "ordningsnummer": "19",
          "status": "",
          "typ": "uppdrag",
          "from": "2006-10-24",
          "tom": "2010-10-04",
          "uppgift": "Socialutskottet",
          "intressent_id": "0679667648714",
          "hangar_id": "2342807",
          "sortering": "50",
          "organ_sortering": "150",
          "uppdrag_rollsortering": "90",
          "uppdrag_statussortering": "90"
        },
        {
          "organ_kod": "EUN",
          "roll_kod": "Suppleant",
          "ordningsnummer": "14",
          "status": "",
          "typ": "uppdrag",
          "from": "2008-10-27",
          "tom": "2010-10-12",
          "uppgift": "EU-nämnden",
          "intressent_id": "0679667648714",
          "hangar_id": "2342807",
          "sortering": "50",
          "organ_sortering": "170",
          "uppdrag_rollsortering": "90",
          "uppdrag_statussortering": "90"
        }
      ]
    },
    "personuppgift": {
      "uppgift": [
        {
          "kod": "sv",
          "uppgift": "Socialsekreterare",
          "typ": "titlar",
          "intressent_id": "0679667648714",
          "hangar_id": "2342807"
        },
        {
          "kod": "en",
          "uppgift": "",
          "typ": "titlar",
          "intressent_id": "0679667648714",
          "hangar_id": "2342807"
        }
      ]
    }
  }
}