{
  "person": {
    "hangar_guid": "2e81a8fb-e95c-4ce9-b1e6-b971105da475",
    "sourceid": "ff3ee0fd-ff3f-4e5a-8351-52c0e80f5d5d",
    "intressent_id": "0188653245302",
    "hangar_id": "2369362",
    "fodd_ar": "1946",
    "kon": "man",
    "efternamn": "Berg",
    "tilltalsnamn": "Bengt",
    "sorteringsnamn": "Berg,Bengt",
    "iort": "",
    "parti": "V",
    "valkrets": "Värmlands län",
    "status": "Tidigare riksdagsledamot",
    "person_url_xml": "http://data.riksdagen.se/person/ff3ee0fd-ff3f-4e5a-8351-52c0e80f5d5d",
    "bild_url_80": "http://data.riksdagen.se/filarkiv/bilder/ledamot/ff3ee0fd-ff3f-4e5a-8351-52c0e80f5d5d_80.jpg",
    "bild_url_192": "http://data.riksdagen.se/filarkiv/bilder/ledamot/ff3ee0fd-ff3f-4e5a-8351-52c0e80f5d5d_192.jpg",
    "bild_url_max": "http://data.riksdagen.se/filarkiv/bilder/ledamot/ff3ee0fd-ff3f-4e5a-8351-52c0e80f5d5d_max.jpg",
    "personuppdrag": {
      "uppdrag": [
        {
          "organ_kod": "kam",
          "roll_kod": "Riksdagsledamot",
          "ordningsnummer": "103",
          "status": "Tjänstgörande",
          "typ": "kammaruppdrag",
          "from": "2010-10-04",
          "tom": "2014-09-29",
          "uppgift": "",
          "intressent_id": "0188653245302",
          "hangar_id": "2369362",
          "sortering": "10",
          "organ_sortering": "10",
          "uppdrag_rollsortering": "60",
          "uppdrag_statussortering": "10"
        },
        {
          "organ_kod": "KrU",
          "roll_kod": "Suppleant",
          "ordningsnummer": "27",
          "status": "",
          "typ": "uppdrag",
          "from": "2012-03-13",
          "tom": "2014-09-29",
          "uppgift": "Kulturutskottet",
          "intressent_id": "0188653245302",
          "hangar_id": "2369362",
          "sortering": "50",
          "organ_sortering": "150",
          "uppdrag_rollsortering": "90",
          "uppdrag_statussortering": "90"
        },
        {
          "organ_kod": "KrU",
          "roll_kod": "Ledamot",
          "ordningsnummer": "17",
          "status": "",
          "typ": "uppdrag",
          "from": "2010-10-12",
          "tom": "2012-03-01",
          "uppgift": "Kulturutskottet",
          "intressent_id": "0188653245302",
          "hangar_id": "2369362",
          "sortering": "30",
          "organ_sortering": "150",
          "uppdrag_rollsortering": "90",
          "uppdrag_statussortering": "90"
        },
        {
          "organ_kod": "TU",
          "roll_kod": "Suppleant",
          "ordningsnummer": "17",
          "status": "",
          "typ": "uppdrag",
          "from": "2012-03-19",
          "tom": "2014-09-29",
          "uppgift": "Trafikutskottet",
          "intressent_id": "0188653245302",
          "hangar_id": "2369362",
          "sortering": "50",
          "organ_sortering": "150",
          "uppdrag_rollsortering": "90",
          "uppdrag_statussortering": "90"
        }
      ]
    },
    "personuppgift": {
      "uppgift": [
        {
          "kod": "sv",
          "uppgift": "Författare/förläggare",
          "typ": "titlar",
          "intressent_id": "0188653245302",
          "hangar_id": "2369362"
        },
        {
          "kod": "en",
          "uppgift": "",
          "typ": "titlar",
          "intressent_id": "0188653245302",
          "hangar_id": "2369362"
        }
      ]
    }
  }
}