{
  "person": {
    "hangar_guid": "2c5b0b38-c294-4327-abab-9344a4246420",
    "sourceid": "1a6e1360-a776-48a9-a181-3d1cb82203a1",
    "intressent_id": "0845242325301",
    "hangar_id": "2342235",
    "fodd_ar": "1943",
    "kon": "kvinna",
    "efternamn": "Berglund",
    "tilltalsnamn": "Märtha",
    "sorteringsnamn": "Berglund,Märtha",
    "iort": "",
    "parti": "S",
    "valkrets": "",
    "status": "Status saknas",
    "person_url_xml": "http://data.riksdagen.se/person/1a6e1360-a776-48a9-a181-3d1cb82203a1",
    "bild_url_80": "http://data.riksdagen.se/filarkiv/bilder/ledamot/1a6e1360-a776-48a9-a181-3d1cb82203a1_80.jpg",
    "bild_url_192": "http://data.riksdagen.se/filarkiv/bilder/ledamot/1a6e1360-a776-48a9-a181-3d1cb82203a1_192.jpg",
    "bild_url_max": "http://data.riksdagen.se/filarkiv/bilder/ledamot/1a6e1360-a776-48a9-a181-3d1cb82203a1_max.jpg",
    "personuppdrag": {
      "uppdrag": [
        {
          "organ_kod": "UbU",
          "roll_kod": "Suppleant",
          "ordningsnummer": "0",
          "status": "",
          "typ": "uppdrag",
          "from": "1990-11-12",
          "tom": "1990-12-11",
          "uppgift": "Utbildningsutskottet",
          "intressent_id": "0845242325301",
          "hangar_id": "2342235",
          "sortering": "50",
          "organ_sortering": "150",
          "uppdrag_rollsortering": "90",
          "uppdrag_statussortering": "90"
        },
        {
          "organ_kod": "UU",
          "roll_kod": "Suppleant",
          "ordningsnummer": "0",
          "status": "",
          "typ": "uppdrag",
          "from": "1990-11-12",
          "tom": "1990-12-11",
          "uppgift": "Utrikesutskottet",
          "intressent_id": "0845242325301",
          "hangar_id": "2342235",
          "sortering": "50",
          "organ_sortering": "150",
          "uppdrag_rollsortering": "90",
          "uppdrag_statussortering": "90"
        }
      ]
    },
    "personuppgift": {
      "uppgift": [
        {
          "kod": "sv",
          "uppgift": "postmästare",
          "typ": "titlar",
          "intressent_id": "0845242325301",
          "hangar_id": "2342235"
        },
        {
          "kod": "en",
          "uppgift": "",
          "typ": "titlar",
          "intressent_id": "0845242325301",
          "hangar_id": "2342235"
        }
      ]
    }
  }
}