{
  "person": {
    "hangar_guid": "c690ee0f-3d3d-4fb0-893f-63255f7bfb95",
    "sourceid": "3489814f-1e82-4d47-aba8-0cf994c4dc64",
    "intressent_id": "0668293417401",
    "hangar_id": "2342366",
    "fodd_ar": "1946",
    "kon": "kvinna",
    "efternamn": "Berlin",
    "tilltalsnamn": "Christina",
    "sorteringsnamn": "Berlin,Christina",
    "iort": "",
    "parti": "FP",
    "valkrets": "Stockholms län",
    "status": "Tidigare ersättare",
    "person_url_xml": "http://data.riksdagen.se/person/3489814f-1e82-4d47-aba8-0cf994c4dc64",
    "bild_url_80": "http://data.riksdagen.se/filarkiv/bilder/ledamot/3489814f-1e82-4d47-aba8-0cf994c4dc64_80.jpg",
    "bild_url_192": "http://data.riksdagen.se/filarkiv/bilder/ledamot/3489814f-1e82-4d47-aba8-0cf994c4dc64_192.jpg",
    "bild_url_max": "http://data.riksdagen.se/filarkiv/bilder/ledamot/3489814f-1e82-4d47-aba8-0cf994c4dc64_max.jpg",
    "personuppdrag": {
      "uppdrag": [
        {
          "organ_kod": "kam",
          "roll_kod": "Ersättare",
          "ordningsnummer": "0",
          "status": "Ersättare",
          "typ": "kammaruppdrag",
          "from": "2005-11-26",
          "tom": "2005-12-28",
          "uppgift": "",
          "intressent_id": "0668293417401",
          "hangar_id": "2342366",
          "sortering": "45",
          "organ_sortering": "10",
          "uppdrag_rollsortering": "60",
          "uppdrag_statussortering": "20"
        },
        {
          "organ_kod": "kam",
          "roll_kod": "Ersättare",
          "ordningsnummer": "58",
          "status": "Ersättare",
          "typ": "kammaruppdrag",
          "from": "2004-08-20",
          "tom": "2004-09-26",
          "uppgift": "Carl B Hamilton",
          "intressent_id": "0668293417401",
          "hangar_id": "2342366",
          "sortering": "45",
          "organ_sortering": "10",
          "uppdrag_rollsortering": "60",
          "uppdrag_statussortering": "20"
        },
        {
          "organ_kod": "kam",
          "roll_kod": "Ersättare",
          "ordningsnummer": "0",
          "status": "Ersättare",
          "typ": "kammaruppdrag",
          "from": "2003-11-20",
          "tom": "2003-12-31",
          "uppgift": "",
          "intressent_id": "0668293417401",
          "hangar_id": "2342366",
          "sortering": "45",
          "organ_sortering": "10",
          "uppdrag_rollsortering": "60",
          "uppdrag_statussortering": "20"
        },
        {
          "organ_kod": "AU",
          "roll_kod": "Suppleant",
          "ordningsnummer": "0",
          "status": "",
          "typ": "uppdrag",
          "from": "2004-09-14",
          "tom": "2004-09-26",
          "uppgift": "Arbetsmarknadsutskottet",
          "intressent_id": "0668293417401",
          "hangar_id": "2342366",
          "sortering": "50",
          "organ_sortering": "150",
          "uppdrag_rollsortering": "90",
          "uppdrag_statussortering": "90"
        },
        {
          "organ_kod": "FiU",
          "roll_kod": "Suppleant",
          "ordningsnummer": "0",
          "status": "",
          "typ": "uppdrag",
          "from": "2005-11-26",
          "tom": "2005-12-28",
          "uppgift": "Finansutskottet",
          "intressent_id": "0668293417401",
          "hangar_id": "2342366",
          "sortering": "50",
          "organ_sortering": "150",
          "uppdrag_rollsortering": "90",
          "uppdrag_statussortering": "90"
        },
        {
          "organ_kod": "FiU",
          "roll_kod": "Suppleant",
          "ordningsnummer": "0",
          "status": "",
          "typ": "uppdrag",
          "from": "2003-11-20",
          "tom": "2003-12-31",
          "uppgift": "Finansutskottet",
          "intressent_id": "0668293417401",
          "hangar_id": "2342366",
          "sortering": "50",
          "organ_sortering": "150",
          "uppdrag_rollsortering": "90",
          "uppdrag_statussortering": "90"
        },
        {
          "organ_kod": "SkU",
          "roll_kod": "Suppleant",
          "ordningsnummer": "0",
          "status": "",
          "typ": "uppdrag",
          "from": "2003-11-20",
          "tom": "2003-12-31",
          "uppgift": "Skatteutskottet",
          "intressent_id": "0668293417401",
          "hangar_id": "2342366",
          "sortering": "50",
          "organ_sortering": "150",
          "uppdrag_rollsortering": "90",
          "uppdrag_statussortering": "90"
        },
        {
          "organ_kod": "EUN",
          "roll_kod": "Suppleant",
          "ordningsnummer": "0",
          "status": "",
          "typ": "uppdrag",
          "from": "2004-09-14",
          "tom": "2004-09-26",
          "uppgift": "EU-nämnden",
          "intressent_id": "0668293417401",
          "hangar_id": "2342366",
          "sortering": "50",
          "organ_sortering": "170",
          "uppdrag_rollsortering": "90",
          "uppdrag_statussortering": "90"
        },
        {
          "organ_kod": "EUN",
          "roll_kod": "Suppleant",
          "ordningsnummer": "0",
          "status": "",
          "typ": "uppdrag",
          "from": "2003-11-20",
          "tom": "2003-12-31",
          "uppgift": "EU-nämnden",
          "intressent_id": "0668293417401",
          "hangar_id": "2342366",
          "sortering": "50",
          "organ_sortering": "170",
          "uppdrag_rollsortering": "90",
          "uppdrag_statussortering": "90"
        }
      ]
    },
    "personuppgift": {
      "uppgift": [
        {
          "kod": "sv",
          "uppgift": "speciallärare",
          "typ": "titlar",
          "intressent_id": "0668293417401",
          "hangar_id": "2342366"
        },
        {
          "kod": "en",
          "uppgift": "",
          "typ": "titlar",
          "intressent_id": "0668293417401",
          "hangar_id": "2342366"
        },
        {
          "kod": "KandiderarINastaVal",
          "uppgift": "true",
          "typ": "val",
          "intressent_id": "0668293417401",
          "hangar_id": "2342366"
        }
      ]
    }
  }
}