{
  "person": {
    "hangar_guid": "009e9fb5-c697-4153-aeea-2ef32601ffb9",
    "sourceid": "609fc5dd-0971-4b8b-963d-bfa77019f7ce",
    "intressent_id": "0286353661902",
    "hangar_id": "2342376",
    "fodd_ar": "1946",
    "kon": "man",
    "efternamn": "Bernström",
    "tilltalsnamn": "Peter Weibull",
    "sorteringsnamn": "Bernström,Peter Weibull",
    "iort": "",
    "parti": "M",
    "valkrets": "",
    "status": "Tidigare riksdagsledamot",
    "person_url_xml": "http://data.riksdagen.se/person/609fc5dd-0971-4b8b-963d-bfa77019f7ce",
    "bild_url_80": "http://data.riksdagen.se/filarkiv/bilder/ledamot/609fc5dd-0971-4b8b-963d-bfa77019f7ce_80.jpg",
    "bild_url_192": "http://data.riksdagen.se/filarkiv/bilder/ledamot/609fc5dd-0971-4b8b-963d-bfa77019f7ce_192.jpg",
    "bild_url_max": "http://data.riksdagen.se/filarkiv/bilder/ledamot/609fc5dd-0971-4b8b-963d-bfa77019f7ce_max.jpg",
    "personuppdrag": {
      "uppdrag": [
        {
          "organ_kod": "kam",
          "roll_kod": "Riksdagsledamot",
          "ordningsnummer": "165",
          "status": "Tjänstgörande",
          "typ": "kammaruppdrag",
          "from": "1994-10-03",
          "tom": "1998-10-05",
          "uppgift": "",
          "intressent_id": "0286353661902",
          "hangar_id": "2342376",
          "sortering": "10",
          "organ_sortering": "10",
          "uppdrag_rollsortering": "60",
          "uppdrag_statussortering": "10"
        },
        {
          "organ_kod": "MJU",
          "roll_kod": "Suppleant",
          "ordningsnummer": "0",
          "status": "",
          "typ": "uppdrag",
          "from": "1994-10-11",
          "tom": "1998-10-04",
          "uppgift": "Miljö- och jordbruksutskottet",
          "intressent_id": "0286353661902",
          "hangar_id": "2342376",
          "sortering": "50",
          "organ_sortering": "150",
          "uppdrag_rollsortering": "90",
          "uppdrag_statussortering": "90"
        },
        {
          "organ_kod": "BoU",
          "roll_kod": "Suppleant",
          "ordningsnummer": "0",
          "status": "",
          "typ": "uppdrag",
          "from": "1994-10-11",
          "tom": "1998-10-04",
          "uppgift": "Bostadsutskottet",
          "intressent_id": "0286353661902",
          "hangar_id": "2342376",
          "sortering": "50",
          "organ_sortering": "165",
          "uppdrag_rollsortering": "90",
          "uppdrag_statussortering": "90"
        }
      ]
    },
    "personuppgift": {
      "uppgift": [
        {
          "kod": "sv",
          "uppgift": "fil.kand.,lantbrukare",
          "typ": "titlar",
          "intressent_id": "0286353661902",
          "hangar_id": "2342376"
        },
        {
          "kod": "en",
          "uppgift": "",
          "typ": "titlar",
          "intressent_id": "0286353661902",
          "hangar_id": "2342376"
        }
      ]
    }
  }
}