{
  "person": {
    "hangar_guid": "bd6608ea-caba-4ec8-9a08-c8db79097f58",
    "sourceid": "f69c8216-47bf-42db-93ab-c4bdf53a9c55",
    "intressent_id": "0893605406218",
    "hangar_id": "2342615",
    "fodd_ar": "1950",
    "kon": "man",
    "efternamn": "Bertilsson",
    "tilltalsnamn": "Stig",
    "sorteringsnamn": "Bertilsson,Stig",
    "iort": "",
    "parti": "M",
    "valkrets": "",
    "status": "Tidigare riksdagsledamot",
    "person_url_xml": "http://data.riksdagen.se/person/f69c8216-47bf-42db-93ab-c4bdf53a9c55",
    "bild_url_80": "http://data.riksdagen.se/filarkiv/bilder/ledamot/f69c8216-47bf-42db-93ab-c4bdf53a9c55_80.jpg",
    "bild_url_192": "http://data.riksdagen.se/filarkiv/bilder/ledamot/f69c8216-47bf-42db-93ab-c4bdf53a9c55_192.jpg",
    "bild_url_max": "http://data.riksdagen.se/filarkiv/bilder/ledamot/f69c8216-47bf-42db-93ab-c4bdf53a9c55_max.jpg",
    "personuppdrag": {
      "uppdrag": [
        {
          "organ_kod": "kam",
          "roll_kod": "Riksdagsledamot",
          "ordningsnummer": "226",
          "status": "Ledig",
          "typ": "kammaruppdrag",
          "from": "1995-10-03",
          "tom": "1996-10-14",
          "uppgift": "Elizabeth Nyström 1995-10-03 - 1996-10-15",
          "intressent_id": "0893605406218",
          "hangar_id": "2342615",
          "sortering": "10",
          "organ_sortering": "10",
          "uppdrag_rollsortering": "60",
          "uppdrag_statussortering": "30"
        },
        {
          "organ_kod": "kam",
          "roll_kod": "Riksdagsledamot",
          "ordningsnummer": "226",
          "status": "Tjänstgörande",
          "typ": "kammaruppdrag",
          "from": "1994-10-03",
          "tom": "1995-10-02",
          "uppgift": "",
          "intressent_id": "0893605406218",
          "hangar_id": "2342615",
          "sortering": "10",
          "organ_sortering": "10",
          "uppdrag_rollsortering": "60",
          "uppdrag_statussortering": "10"
        },
        {
          "organ_kod": "kam",
          "roll_kod": "Riksdagsledamot",
          "ordningsnummer": "229",
          "status": "Tjänstgörande",
          "typ": "kammaruppdrag",
          "from": "1991-09-30",
          "tom": "1994-10-03",
          "uppgift": "",
          "intressent_id": "0893605406218",
          "hangar_id": "2342615",
          "sortering": "10",
          "organ_sortering": "10",
          "uppdrag_rollsortering": "60",
          "uppdrag_statussortering": "10"
        },
        {
          "organ_kod": "kam",
          "roll_kod": "Riksdagsledamot",
          "ordningsnummer": "236",
          "status": "Tjänstgörande",
          "typ": "kammaruppdrag",
          "from": "1988-10-03",
          "tom": "1991-09-30",
          "uppgift": "",
          "intressent_id": "0893605406218",
          "hangar_id": "2342615",
          "sortering": "10",
          "organ_sortering": "10",
          "uppdrag_rollsortering": "60",
          "uppdrag_statussortering": "10"
        },
        {
          "organ_kod": "kam",
          "roll_kod": "Riksdagsledamot",
          "ordningsnummer": "0",
          "status": "Tjänstgörande",
          "typ": "kammaruppdrag",
          "from": "1987-10-07",
          "tom": "1988-10-03",
          "uppgift": "",
          "intressent_id": "0893605406218",
          "hangar_id": "2342615",
          "sortering": "10",
          "organ_sortering": "10",
          "uppdrag_rollsortering": "60",
          "uppdrag_statussortering": "10"
        },
        {
          "organ_kod": "KrU",
          "roll_kod": "Ledamot",
          "ordningsnummer": "0",
          "status": "",
          "typ": "uppdrag",
          "from": "1994-10-11",
          "tom": "1996-10-14",
          "uppgift": "Kulturutskottet",
          "intressent_id": "0893605406218",
          "hangar_id": "2342615",
          "sortering": "30",
          "organ_sortering": "150",
          "uppdrag_rollsortering": "90",
          "uppdrag_statussortering": "90"
        },
        {
          "organ_kod": "KrU",
          "roll_kod": "Suppleant",
          "ordningsnummer": "0",
          "status": "",
          "typ": "uppdrag",
          "from": "1991-10-08",
          "tom": "1994-10-02",
          "uppgift": "Kulturutskottet",
          "intressent_id": "0893605406218",
          "hangar_id": "2342615",
          "sortering": "50",
          "organ_sortering": "150",
          "uppdrag_rollsortering": "90",
          "uppdrag_statussortering": "90"
        },
        {
          "organ_kod": "KU",
          "roll_kod": "Ledamot",
          "ordningsnummer": "0",
          "status": "",
          "typ": "uppdrag",
          "from": "1991-10-08",
          "tom": "1994-10-02",
          "uppgift": "Konstitutionsutskottet",
          "intressent_id": "0893605406218",
          "hangar_id": "2342615",
          "sortering": "30",
          "organ_sortering": "150",
          "uppdrag_rollsortering": "90",
          "uppdrag_statussortering": "90"
        },
        {
          "organ_kod": "KU",
          "roll_kod": "Suppleant",
          "ordningsnummer": "0",
          "status": "",
          "typ": "uppdrag",
          "from": "1988-10-03",
          "tom": "1991-09-29",
          "uppgift": "Konstitutionsutskottet",
          "intressent_id": "0893605406218",
          "hangar_id": "2342615",
          "sortering": "50",
          "organ_sortering": "150",
          "uppdrag_rollsortering": "90",
          "uppdrag_statussortering": "90"
        },
        {
          "organ_kod": "KU",
          "roll_kod": "Suppleant",
          "ordningsnummer": "0",
          "status": "",
          "typ": "uppdrag",
          "from": "1987-10-06",
          "tom": "1988-10-02",
          "uppgift": "Konstitutionsutskottet",
          "intressent_id": "0893605406218",
          "hangar_id": "2342615",
          "sortering": "50",
          "organ_sortering": "150",
          "uppdrag_rollsortering": "90",
          "uppdrag_statussortering": "90"
        },
        {
          "organ_kod": "NU",
          "roll_kod": "Suppleant",
          "ordningsnummer": "0",
          "status": "",
          "typ": "uppdrag",
          "from": "1988-10-11",
          "tom": "1991-09-29",
          "uppgift": "Näringsutskottet",
          "intressent_id": "0893605406218",
          "hangar_id": "2342615",
          "sortering": "50",
          "organ_sortering": "150",
          "uppdrag_rollsortering": "90",
          "uppdrag_statussortering": "90"
        },
        {
          "organ_kod": "SkU",
          "roll_kod": "Suppleant",
          "ordningsnummer": "0",
          "status": "",
          "typ": "uppdrag",
          "from": "1987-10-06",
          "tom": "1988-10-02",
          "uppgift": "Skatteutskottet",
          "intressent_id": "0893605406218",
          "hangar_id": "2342615",
          "sortering": "50",
          "organ_sortering": "150",
          "uppdrag_rollsortering": "90",
          "uppdrag_statussortering": "90"
        }
      ]
    },
    "personuppgift": {
      "uppgift": [
        {
          "kod": "sv",
          "uppgift": "redaktör",
          "typ": "titlar",
          "intressent_id": "0893605406218",
          "hangar_id": "2342615"
        },
        {
          "kod": "en",
          "uppgift": "",
          "typ": "titlar",
          "intressent_id": "0893605406218",
          "hangar_id": "2342615"
        }
      ]
    }
  }
}