{
  "person": {
    "hangar_guid": "2ccab8d7-1a90-4a1a-a42b-2f56169fab61",
    "sourceid": "f03ff472-c476-11d4-ae40-006008578ce8",
    "intressent_id": "0245874897406",
    "hangar_id": "2342433",
    "fodd_ar": "1947",
    "kon": "kvinna",
    "efternamn": "Beyer",
    "tilltalsnamn": "Marianne",
    "sorteringsnamn": "Beyer,Marianne",
    "iort": "",
    "parti": "FP",
    "valkrets": "",
    "status": "Tidigare ersättare",
    "person_url_xml": "http://data.riksdagen.se/person/f03ff472-c476-11d4-ae40-006008578ce8",
    "bild_url_80": "http://data.riksdagen.se/filarkiv/bilder/ledamot/f03ff472-c476-11d4-ae40-006008578ce8_80.jpg",
    "bild_url_192": "http://data.riksdagen.se/filarkiv/bilder/ledamot/f03ff472-c476-11d4-ae40-006008578ce8_192.jpg",
    "bild_url_max": "http://data.riksdagen.se/filarkiv/bilder/ledamot/f03ff472-c476-11d4-ae40-006008578ce8_max.jpg",
    "personuppdrag": {
      "uppdrag": [
        {
          "organ_kod": "kam",
          "roll_kod": "Ersättare",
          "ordningsnummer": "216",
          "status": "Ersättare",
          "typ": "kammaruppdrag",
          "from": "2000-11-09",
          "tom": "2000-12-18",
          "uppgift": "Kenth Skårvik",
          "intressent_id": "0245874897406",
          "hangar_id": "2342433",
          "sortering": "45",
          "organ_sortering": "10",
          "uppdrag_rollsortering": "60",
          "uppdrag_statussortering": "20"
        },
        {
          "organ_kod": "KrU",
          "roll_kod": "Suppleant",
          "ordningsnummer": "0",
          "status": "",
          "typ": "uppdrag",
          "from": "2000-11-16",
          "tom": "2002-09-29",
          "uppgift": "Kulturutskottet",
          "intressent_id": "0245874897406",
          "hangar_id": "2342433",
          "sortering": "50",
          "organ_sortering": "150",
          "uppdrag_rollsortering": "90",
          "uppdrag_statussortering": "90"
        },
        {
          "organ_kod": "TU",
          "roll_kod": "Suppleant",
          "ordningsnummer": "0",
          "status": "",
          "typ": "uppdrag",
          "from": "2000-11-16",
          "tom": "2002-09-29",
          "uppgift": "Trafikutskottet",
          "intressent_id": "0245874897406",
          "hangar_id": "2342433",
          "sortering": "50",
          "organ_sortering": "150",
          "uppdrag_rollsortering": "90",
          "uppdrag_statussortering": "90"
        }
      ]
    },
    "personuppgift": {
      "uppgift": [
        {
          "kod": "sv",
          "uppgift": "kurator",
          "typ": "titlar",
          "intressent_id": "0245874897406",
          "hangar_id": "2342433"
        },
        {
          "kod": "en",
          "uppgift": "",
          "typ": "titlar",
          "intressent_id": "0245874897406",
          "hangar_id": "2342433"
        }
      ]
    }
  }
}