{
  "person": {
    "hangar_guid": "155793cc-9c31-4298-9182-5e6f730b7095",
    "sourceid": "4bf6dd84-3a63-4cb0-a8c0-08ca3d5e00c3",
    "intressent_id": "0182800488922",
    "hangar_id": "3057209",
    "fodd_ar": "1988",
    "kon": "kvinna",
    "efternamn": "Bieler",
    "tilltalsnamn": "Paula",
    "sorteringsnamn": "Bieler,Paula",
    "iort": "",
    "parti": "SD",
    "valkrets": "Uppsala län",
    "status": "Tjänstgörande riksdagsledamot",
    "person_url_xml": "http://data.riksdagen.se/person/4bf6dd84-3a63-4cb0-a8c0-08ca3d5e00c3",
    "bild_url_80": "http://data.riksdagen.se/filarkiv/bilder/ledamot/4bf6dd84-3a63-4cb0-a8c0-08ca3d5e00c3_80.jpg",
    "bild_url_192": "http://data.riksdagen.se/filarkiv/bilder/ledamot/4bf6dd84-3a63-4cb0-a8c0-08ca3d5e00c3_192.jpg",
    "bild_url_max": "http://data.riksdagen.se/filarkiv/bilder/ledamot/4bf6dd84-3a63-4cb0-a8c0-08ca3d5e00c3_max.jpg",
    "personuppdrag": {
      "uppdrag": [
        {
          "organ_kod": "kam",
          "roll_kod": "Riksdagsledamot",
          "ordningsnummer": "116",
          "status": "Tjänstgörande",
          "typ": "kammaruppdrag",
          "from": "2018-09-24",
          "tom": "2020-02-28",
          "uppgift": "",
          "intressent_id": "0182800488922",
          "hangar_id": "3057209",
          "sortering": "10",
          "organ_sortering": "10",
          "uppdrag_rollsortering": "60",
          "uppdrag_statussortering": "10"
        },
        {
          "organ_kod": "kam",
          "roll_kod": "Riksdagsledamot",
          "ordningsnummer": "151",
          "status": "Tjänstgörande",
          "typ": "kammaruppdrag",
          "from": "2016-12-24",
          "tom": "2018-09-24",
          "uppgift": "",
          "intressent_id": "0182800488922",
          "hangar_id": "3057209",
          "sortering": "10",
          "organ_sortering": "10",
          "uppdrag_rollsortering": "60",
          "uppdrag_statussortering": "10"
        },
        {
          "organ_kod": "kam",
          "roll_kod": "Riksdagsledamot",
          "ordningsnummer": "151",
          "status": "Ledig",
          "typ": "kammaruppdrag",
          "from": "2016-10-19",
          "tom": "2016-12-23",
          "uppgift": "Crister Spets 2016-10-19 - 2016-12-23  Sjukledighet",
          "intressent_id": "0182800488922",
          "hangar_id": "3057209",
          "sortering": "10",
          "organ_sortering": "10",
          "uppdrag_rollsortering": "60",
          "uppdrag_statussortering": "30"
        },
        {
          "organ_kod": "kam",
          "roll_kod": "Riksdagsledamot",
          "ordningsnummer": "151",
          "status": "Tjänstgörande",
          "typ": "kammaruppdrag",
          "from": "2014-09-29",
          "tom": "2016-10-18",
          "uppgift": "",
          "intressent_id": "0182800488922",
          "hangar_id": "3057209",
          "sortering": "10",
          "organ_sortering": "10",
          "uppdrag_rollsortering": "60",
          "uppdrag_statussortering": "10"
        },
        {
          "organ_kod": "KD",
          "roll_kod": "Ledamot",
          "ordningsnummer": "49",
          "status": "",
          "typ": "Riksdagsorgan",
          "from": "2018-10-09",
          "tom": "2020-02-28",
          "uppgift": "Krigsdelegationen",
          "intressent_id": "0182800488922",
          "hangar_id": "3057209",
          "sortering": "30",
          "organ_sortering": "300",
          "uppdrag_rollsortering": "90",
          "uppdrag_statussortering": "90"
        },
        {
          "organ_kod": "NR",
          "roll_kod": "Ledamot",
          "ordningsnummer": "15",
          "status": "",
          "typ": "Riksdagsorgan",
          "from": "2019-10-02",
          "tom": "2020-02-28",
          "uppgift": "Nordiska rådets svenska delegation",
          "intressent_id": "0182800488922",
          "hangar_id": "3057209",
          "sortering": "30",
          "organ_sortering": "300",
          "uppdrag_rollsortering": "90",
          "uppdrag_statussortering": "90"
        },
        {
          "organ_kod": "NR",
          "roll_kod": "Ledamot",
          "ordningsnummer": "15",
          "status": "",
          "typ": "Riksdagsorgan",
          "from": "2018-10-09",
          "tom": "2019-10-02",
          "uppgift": "Nordiska rådets svenska delegation",
          "intressent_id": "0182800488922",
          "hangar_id": "3057209",
          "sortering": "30",
          "organ_sortering": "300",
          "uppdrag_rollsortering": "90",
          "uppdrag_statussortering": "90"
        },
        {
          "organ_kod": "NR",
          "roll_kod": "Ledamot",
          "ordningsnummer": "20",
          "status": "",
          "typ": "Riksdagsorgan",
          "from": "2017-09-28",
          "tom": "2018-10-09",
          "uppgift": "Nordiska rådets svenska delegation",
          "intressent_id": "0182800488922",
          "hangar_id": "3057209",
          "sortering": "30",
          "organ_sortering": "300",
          "uppdrag_rollsortering": "90",
          "uppdrag_statussortering": "90"
        },
        {
          "organ_kod": "NR",
          "roll_kod": "Ledamot",
          "ordningsnummer": "20",
          "status": "",
          "typ": "Riksdagsorgan",
          "from": "2016-09-29",
          "tom": "2017-09-28",
          "uppgift": "Nordiska rådets svenska delegation",
          "intressent_id": "0182800488922",
          "hangar_id": "3057209",
          "sortering": "30",
          "organ_sortering": "300",
          "uppdrag_rollsortering": "90",
          "uppdrag_statussortering": "90"
        },
        {
          "organ_kod": "NR",
          "roll_kod": "Ledamot",
          "ordningsnummer": "20",
          "status": "",
          "typ": "Riksdagsorgan",
          "from": "2015-10-01",
          "tom": "2016-09-29",
          "uppgift": "Nordiska rådets svenska delegation",
          "intressent_id": "0182800488922",
          "hangar_id": "3057209",
          "sortering": "30",
          "organ_sortering": "300",
          "uppdrag_rollsortering": "90",
          "uppdrag_statussortering": "90"
        },
        {
          "organ_kod": "NR",
          "roll_kod": "Ledamot",
          "ordningsnummer": "20",
          "status": "",
          "typ": "Riksdagsorgan",
          "from": "2014-10-07",
          "tom": "2015-10-01",
          "uppgift": "Nordiska rådets svenska delegation",
          "intressent_id": "0182800488922",
          "hangar_id": "3057209",
          "sortering": "30",
          "organ_sortering": "300",
          "uppdrag_rollsortering": "90",
          "uppdrag_statussortering": "90"
        },
        {
          "organ_kod": "AU",
          "roll_kod": "Suppleant",
          "ordningsnummer": "6",
          "status": "",
          "typ": "uppdrag",
          "from": "2016-09-27",
          "tom": "2018-09-24",
          "uppgift": "Arbetsmarknadsutskottet",
          "intressent_id": "0182800488922",
          "hangar_id": "3057209",
          "sortering": "50",
          "organ_sortering": "150",
          "uppdrag_rollsortering": "90",
          "uppdrag_statussortering": "90"
        },
        {
          "organ_kod": "AU",
          "roll_kod": "Ledamot",
          "ordningsnummer": "13",
          "status": "",
          "typ": "uppdrag",
          "from": "2014-10-07",
          "tom": "2016-09-27",
          "uppgift": "Arbetsmarknadsutskottet",
          "intressent_id": "0182800488922",
          "hangar_id": "3057209",
          "sortering": "30",
          "organ_sortering": "150",
          "uppdrag_rollsortering": "90",
          "uppdrag_statussortering": "90"
        },
        {
          "organ_kod": "FöU",
          "roll_kod": "Suppleant",
          "ordningsnummer": "15",
          "status": "",
          "typ": "uppdrag",
          "from": "2018-10-02",
          "tom": "2019-06-18",
          "uppgift": "Försvarsutskottet",
          "intressent_id": "0182800488922",
          "hangar_id": "3057209",
          "sortering": "50",
          "organ_sortering": "150",
          "uppdrag_rollsortering": "90",
          "uppdrag_statussortering": "90"
        },
        {
          "organ_kod": "SfU",
          "roll_kod": "Ledamot",
          "ordningsnummer": "5",
          "status": "",
          "typ": "uppdrag",
          "from": "2018-10-02",
          "tom": "2020-02-28",
          "uppgift": "Socialförsäkringsutskottet",
          "intressent_id": "0182800488922",
          "hangar_id": "3057209",
          "sortering": "30",
          "organ_sortering": "150",
          "uppdrag_rollsortering": "90",
          "uppdrag_statussortering": "90"
        },
        {
          "organ_kod": "SfU",
          "roll_kod": "Suppleant",
          "ordningsnummer": "18",
          "status": "",
          "typ": "uppdrag",
          "from": "2014-10-14",
          "tom": "2018-09-24",
          "uppgift": "Socialförsäkringsutskottet",
          "intressent_id": "0182800488922",
          "hangar_id": "3057209",
          "sortering": "50",
          "organ_sortering": "150",
          "uppdrag_rollsortering": "90",
          "uppdrag_statussortering": "90"
        },
        {
          "organ_kod": "EUN",
          "roll_kod": "Suppleant",
          "ordningsnummer": "39",
          "status": "",
          "typ": "uppdrag",
          "from": "2018-10-09",
          "tom": "2020-02-28",
          "uppgift": "EU-nämnden",
          "intressent_id": "0182800488922",
          "hangar_id": "3057209",
          "sortering": "50",
          "organ_sortering": "170",
          "uppdrag_rollsortering": "90",
          "uppdrag_statussortering": "90"
        },
        {
          "organ_kod": "EUN",
          "roll_kod": "Suppleant",
          "ordningsnummer": "74",
          "status": "",
          "typ": "uppdrag",
          "from": "2018-06-20",
          "tom": "2018-10-02",
          "uppgift": "EU-nämnden",
          "intressent_id": "0182800488922",
          "hangar_id": "3057209",
          "sortering": "50",
          "organ_sortering": "170",
          "uppdrag_rollsortering": "90",
          "uppdrag_statussortering": "90"
        }
      ]
    },
    "personuppgift": {
      "uppgift": [
        {
          "kod": "Officiell e-postadress",
          "uppgift": "paula.bieler[på]riksdagen.se",
          "typ": "eadress",
          "intressent_id": "0182800488922",
          "hangar_id": "3057209"
        },
        {
          "kod": "Tjänstetelefon",
          "uppgift": "66309",
          "typ": "telefonnummer",
          "intressent_id": "0182800488922",
          "hangar_id": "3057209"
        },
        {
          "kod": "KandiderarINastaVal",
          "uppgift": "true",
          "typ": "val",
          "intressent_id": "0182800488922",
          "hangar_id": "3057209"
        }
      ]
    }
  }
}