{
  "person": {
    "hangar_guid": "34fe2631-31b7-422b-bbc3-86a1c27ad039",
    "sourceid": "d7c321e9-83e4-11d4-ae60-0050040c9b55",
    "intressent_id": "0658668232410",
    "hangar_id": "2343017",
    "fodd_ar": "1958",
    "kon": "man",
    "efternamn": "Bill",
    "tilltalsnamn": "Per",
    "sorteringsnamn": "Bill,Per",
    "iort": "",
    "parti": "M",
    "valkrets": "Uppsala län",
    "status": "Tidigare riksdagsledamot",
    "person_url_xml": "http://data.riksdagen.se/person/d7c321e9-83e4-11d4-ae60-0050040c9b55",
    "bild_url_80": "http://data.riksdagen.se/filarkiv/bilder/ledamot/d7c321e9-83e4-11d4-ae60-0050040c9b55_80.jpg",
    "bild_url_192": "http://data.riksdagen.se/filarkiv/bilder/ledamot/d7c321e9-83e4-11d4-ae60-0050040c9b55_192.jpg",
    "bild_url_max": "http://data.riksdagen.se/filarkiv/bilder/ledamot/d7c321e9-83e4-11d4-ae60-0050040c9b55_max.jpg",
    "personuppdrag": {
      "uppdrag": [
        {
          "organ_kod": "kam",
          "roll_kod": "Riksdagsledamot",
          "ordningsnummer": "6",
          "status": "Tjänstgörande",
          "typ": "kammaruppdrag",
          "from": "2014-09-29",
          "tom": "2015-08-27",
          "uppgift": "",
          "intressent_id": "0658668232410",
          "hangar_id": "2343017",
          "sortering": "10",
          "organ_sortering": "10",
          "uppdrag_rollsortering": "60",
          "uppdrag_statussortering": "10"
        },
        {
          "organ_kod": "kam",
          "roll_kod": "Riksdagsledamot",
          "ordningsnummer": "6",
          "status": "Tjänstgörande",
          "typ": "kammaruppdrag",
          "from": "2010-10-04",
          "tom": "2014-09-29",
          "uppgift": "",
          "intressent_id": "0658668232410",
          "hangar_id": "2343017",
          "sortering": "10",
          "organ_sortering": "10",
          "uppdrag_rollsortering": "60",
          "uppdrag_statussortering": "10"
        },
        {
          "organ_kod": "kam",
          "roll_kod": "Riksdagsledamot",
          "ordningsnummer": "147",
          "status": "Tjänstgörande",
          "typ": "kammaruppdrag",
          "from": "2006-10-02",
          "tom": "2010-10-04",
          "uppgift": "",
          "intressent_id": "0658668232410",
          "hangar_id": "2343017",
          "sortering": "10",
          "organ_sortering": "10",
          "uppdrag_rollsortering": "60",
          "uppdrag_statussortering": "10"
        },
        {
          "organ_kod": "kam",
          "roll_kod": "Riksdagsledamot",
          "ordningsnummer": "73",
          "status": "Tjänstgörande",
          "typ": "kammaruppdrag",
          "from": "2004-11-01",
          "tom": "2006-10-02",
          "uppgift": "",
          "intressent_id": "0658668232410",
          "hangar_id": "2343017",
          "sortering": "10",
          "organ_sortering": "10",
          "uppdrag_rollsortering": "60",
          "uppdrag_statussortering": "10"
        },
        {
          "organ_kod": "kam",
          "roll_kod": "Riksdagsledamot",
          "ordningsnummer": "73",
          "status": "Ledig",
          "typ": "kammaruppdrag",
          "from": "2004-09-17",
          "tom": "2004-10-31",
          "uppgift": "Ulrika Karlsson 2004-09-17 - 2004-10-31",
          "intressent_id": "0658668232410",
          "hangar_id": "2343017",
          "sortering": "10",
          "organ_sortering": "10",
          "uppdrag_rollsortering": "60",
          "uppdrag_statussortering": "30"
        },
        {
          "organ_kod": "kam",
          "roll_kod": "Riksdagsledamot",
          "ordningsnummer": "73",
          "status": "Tjänstgörande",
          "typ": "kammaruppdrag",
          "from": "2002-09-30",
          "tom": "2004-09-16",
          "uppgift": "",
          "intressent_id": "0658668232410",
          "hangar_id": "2343017",
          "sortering": "10",
          "organ_sortering": "10",
          "uppdrag_rollsortering": "60",
          "uppdrag_statussortering": "10"
        },
        {
          "organ_kod": "kam",
          "roll_kod": "Riksdagsledamot",
          "ordningsnummer": "74",
          "status": "Tjänstgörande",
          "typ": "kammaruppdrag",
          "from": "2001-02-17",
          "tom": "2002-09-30",
          "uppgift": "",
          "intressent_id": "0658668232410",
          "hangar_id": "2343017",
          "sortering": "10",
          "organ_sortering": "10",
          "uppdrag_rollsortering": "60",
          "uppdrag_statussortering": "10"
        },
        {
          "organ_kod": "kam",
          "roll_kod": "Riksdagsledamot",
          "ordningsnummer": "74",
          "status": "Ledig",
          "typ": "kammaruppdrag",
          "from": "2001-01-16",
          "tom": "2001-02-16",
          "uppgift": "Hanna Broberg 2001-01-16 - 2001-02-16",
          "intressent_id": "0658668232410",
          "hangar_id": "2343017",
          "sortering": "10",
          "organ_sortering": "10",
          "uppdrag_rollsortering": "60",
          "uppdrag_statussortering": "30"
        },
        {
          "organ_kod": "kam",
          "roll_kod": "Riksdagsledamot",
          "ordningsnummer": "74",
          "status": "Tjänstgörande",
          "typ": "kammaruppdrag",
          "from": "1998-10-05",
          "tom": "2001-01-15",
          "uppgift": "",
          "intressent_id": "0658668232410",
          "hangar_id": "2343017",
          "sortering": "10",
          "organ_sortering": "10",
          "uppdrag_rollsortering": "60",
          "uppdrag_statussortering": "10"
        },
        {
          "organ_kod": "kam",
          "roll_kod": "Riksdagsledamot",
          "ordningsnummer": "73",
          "status": "Tjänstgörande",
          "typ": "kammaruppdrag",
          "from": "1994-10-03",
          "tom": "1998-10-05",
          "uppgift": "",
          "intressent_id": "0658668232410",
          "hangar_id": "2343017",
          "sortering": "10",
          "organ_sortering": "10",
          "uppdrag_rollsortering": "60",
          "uppdrag_statussortering": "10"
        },
        {
          "organ_kod": "KD",
          "roll_kod": "Ledamot",
          "ordningsnummer": "45",
          "status": "",
          "typ": "Riksdagsorgan",
          "from": "2010-10-19",
          "tom": "2014-10-14",
          "uppgift": "Krigsdelegationen",
          "intressent_id": "0658668232410",
          "hangar_id": "2343017",
          "sortering": "30",
          "organ_sortering": "300",
          "uppdrag_rollsortering": "90",
          "uppdrag_statussortering": "90"
        },
        {
          "organ_kod": "RFK",
          "roll_kod": "Suppleant",
          "ordningsnummer": "0",
          "status": "",
          "typ": "Riksdagsorgan",
          "from": "1998-10-13",
          "tom": "2000-06-30",
          "uppgift": "Riksdagens förvaltningskontor",
          "intressent_id": "0658668232410",
          "hangar_id": "2343017",
          "sortering": "50",
          "organ_sortering": "300",
          "uppdrag_rollsortering": "90",
          "uppdrag_statussortering": "90"
        },
        {
          "organ_kod": "RJ",
          "roll_kod": "Ledamot",
          "ordningsnummer": "1",
          "status": "",
          "typ": "Riksdagsorgan",
          "from": "2008-11-01",
          "tom": "2012-10-31",
          "uppgift": "Styrelsen för Stiftelsen Riksbankens Jubileumsfond",
          "intressent_id": "0658668232410",
          "hangar_id": "2343017",
          "sortering": "30",
          "organ_sortering": "300",
          "uppdrag_rollsortering": "90",
          "uppdrag_statussortering": "90"
        },
        {
          "organ_kod": "RJ",
          "roll_kod": "Ledamot",
          "ordningsnummer": "0",
          "status": "",
          "typ": "Riksdagsorgan",
          "from": "2002-11-22",
          "tom": "2008-10-31",
          "uppgift": "Styrelsen för Stiftelsen Riksbankens Jubileumsfond",
          "intressent_id": "0658668232410",
          "hangar_id": "2343017",
          "sortering": "30",
          "organ_sortering": "300",
          "uppdrag_rollsortering": "90",
          "uppdrag_statussortering": "90"
        },
        {
          "organ_kod": "RS",
          "roll_kod": "Ersättare",
          "ordningsnummer": "8",
          "status": "",
          "typ": "Riksdagsorgan",
          "from": "2012-11-01",
          "tom": "2014-10-07",
          "uppgift": "Riksdagsstyrelsen",
          "intressent_id": "0658668232410",
          "hangar_id": "2343017",
          "sortering": "45",
          "organ_sortering": "300",
          "uppdrag_rollsortering": "60",
          "uppdrag_statussortering": "90"
        },
        {
          "organ_kod": "RS",
          "roll_kod": "Suppleant",
          "ordningsnummer": "0",
          "status": "",
          "typ": "Riksdagsorgan",
          "from": "2000-07-01",
          "tom": "2002-10-08",
          "uppgift": "Riksdagsstyrelsen",
          "intressent_id": "0658668232410",
          "hangar_id": "2343017",
          "sortering": "50",
          "organ_sortering": "300",
          "uppdrag_rollsortering": "90",
          "uppdrag_statussortering": "90"
        },
        {
          "organ_kod": "VB",
          "roll_kod": "Suppleant",
          "ordningsnummer": "10",
          "status": "",
          "typ": "Riksdagsorgan",
          "from": "2014-09-29",
          "tom": "2015-08-27",
          "uppgift": "Valberedningen",
          "intressent_id": "0658668232410",
          "hangar_id": "2343017",
          "sortering": "50",
          "organ_sortering": "300",
          "uppdrag_rollsortering": "90",
          "uppdrag_statussortering": "90"
        },
        {
          "organ_kod": "VB",
          "roll_kod": "Suppleant",
          "ordningsnummer": "14",
          "status": "",
          "typ": "Riksdagsorgan",
          "from": "2010-10-04",
          "tom": "2014-09-29",
          "uppgift": "Valberedningen",
          "intressent_id": "0658668232410",
          "hangar_id": "2343017",
          "sortering": "50",
          "organ_sortering": "300",
          "uppdrag_rollsortering": "90",
          "uppdrag_statussortering": "90"
        },
        {
          "organ_kod": "AU",
          "roll_kod": "Suppleant",
          "ordningsnummer": "0",
          "status": "",
          "typ": "uppdrag",
          "from": "1994-10-11",
          "tom": "1998-10-04",
          "uppgift": "Arbetsmarknadsutskottet",
          "intressent_id": "0658668232410",
          "hangar_id": "2343017",
          "sortering": "50",
          "organ_sortering": "150",
          "uppdrag_rollsortering": "90",
          "uppdrag_statussortering": "90"
        },
        {
          "organ_kod": "FiU",
          "roll_kod": "Suppleant",
          "ordningsnummer": "0",
          "status": "",
          "typ": "uppdrag",
          "from": "1998-10-13",
          "tom": "2002-09-30",
          "uppgift": "Finansutskottet",
          "intressent_id": "0658668232410",
          "hangar_id": "2343017",
          "sortering": "50",
          "organ_sortering": "150",
          "uppdrag_rollsortering": "90",
          "uppdrag_statussortering": "90"
        },
        {
          "organ_kod": "FiU",
          "roll_kod": "Ledamot",
          "ordningsnummer": "0",
          "status": "",
          "typ": "uppdrag",
          "from": "1997-09-18",
          "tom": "1998-10-04",
          "uppgift": "Finansutskottet",
          "intressent_id": "0658668232410",
          "hangar_id": "2343017",
          "sortering": "30",
          "organ_sortering": "150",
          "uppdrag_rollsortering": "90",
          "uppdrag_statussortering": "90"
        },
        {
          "organ_kod": "FiU",
          "roll_kod": "Suppleant",
          "ordningsnummer": "0",
          "status": "",
          "typ": "uppdrag",
          "from": "1994-10-11",
          "tom": "1997-09-17",
          "uppgift": "Finansutskottet",
          "intressent_id": "0658668232410",
          "hangar_id": "2343017",
          "sortering": "50",
          "organ_sortering": "150",
          "uppdrag_rollsortering": "90",
          "uppdrag_statussortering": "90"
        },
        {
          "organ_kod": "KrU",
          "roll_kod": "Ordförande",
          "ordningsnummer": "2",
          "status": "",
          "typ": "uppdrag",
          "from": "2014-10-07",
          "tom": "2015-08-27",
          "uppgift": "Kulturutskottet",
          "intressent_id": "0658668232410",
          "hangar_id": "2343017",
          "sortering": "10",
          "organ_sortering": "150",
          "uppdrag_rollsortering": "90",
          "uppdrag_statussortering": "90"
        },
        {
          "organ_kod": "KU",
          "roll_kod": "Suppleant",
          "ordningsnummer": "4",
          "status": "",
          "typ": "uppdrag",
          "from": "2014-10-07",
          "tom": "2015-08-27",
          "uppgift": "Konstitutionsutskottet",
          "intressent_id": "0658668232410",
          "hangar_id": "2343017",
          "sortering": "50",
          "organ_sortering": "150",
          "uppdrag_rollsortering": "90",
          "uppdrag_statussortering": "90"
        },
        {
          "organ_kod": "KU",
          "roll_kod": "Vice ordförande",
          "ordningsnummer": "1",
          "status": "",
          "typ": "uppdrag",
          "from": "2010-10-12",
          "tom": "2014-09-29",
          "uppgift": "Konstitutionsutskottet",
          "intressent_id": "0658668232410",
          "hangar_id": "2343017",
          "sortering": "20",
          "organ_sortering": "150",
          "uppdrag_rollsortering": "90",
          "uppdrag_statussortering": "90"
        },
        {
          "organ_kod": "KU",
          "roll_kod": "Ledamot",
          "ordningsnummer": "1",
          "status": "",
          "typ": "uppdrag",
          "from": "2010-10-12",
          "tom": "2010-10-12",
          "uppgift": "Konstitutionsutskottet",
          "intressent_id": "0658668232410",
          "hangar_id": "2343017",
          "sortering": "30",
          "organ_sortering": "150",
          "uppdrag_rollsortering": "90",
          "uppdrag_statussortering": "90"
        },
        {
          "organ_kod": "KU",
          "roll_kod": "Vice ordförande",
          "ordningsnummer": "1",
          "status": "",
          "typ": "uppdrag",
          "from": "2006-10-10",
          "tom": "2010-10-04",
          "uppgift": "Konstitutionsutskottet",
          "intressent_id": "0658668232410",
          "hangar_id": "2343017",
          "sortering": "20",
          "organ_sortering": "150",
          "uppdrag_rollsortering": "90",
          "uppdrag_statussortering": "90"
        },
        {
          "organ_kod": "NU",
          "roll_kod": "Förste vice ordförande",
          "ordningsnummer": "0",
          "status": "",
          "typ": "uppdrag",
          "from": "2003-11-24",
          "tom": "2006-10-02",
          "uppgift": "Näringsutskottet",
          "intressent_id": "0658668232410",
          "hangar_id": "2343017",
          "sortering": "15",
          "organ_sortering": "150",
          "uppdrag_rollsortering": "90",
          "uppdrag_statussortering": "90"
        },
        {
          "organ_kod": "NU",
          "roll_kod": "Ledamot",
          "ordningsnummer": "0",
          "status": "",
          "typ": "uppdrag",
          "from": "2003-11-24",
          "tom": "2006-10-01",
          "uppgift": "Näringsutskottet",
          "intressent_id": "0658668232410",
          "hangar_id": "2343017",
          "sortering": "30",
          "organ_sortering": "150",
          "uppdrag_rollsortering": "90",
          "uppdrag_statussortering": "90"
        },
        {
          "organ_kod": "NU",
          "roll_kod": "Förste vice ordförande",
          "ordningsnummer": "0",
          "status": "",
          "typ": "uppdrag",
          "from": "2003-11-25",
          "tom": "2006-10-01",
          "uppgift": "Näringsutskottet",
          "intressent_id": "0658668232410",
          "hangar_id": "2343017",
          "sortering": "15",
          "organ_sortering": "150",
          "uppdrag_rollsortering": "90",
          "uppdrag_statussortering": "90"
        },
        {
          "organ_kod": "SkU",
          "roll_kod": "Suppleant",
          "ordningsnummer": "0",
          "status": "",
          "typ": "uppdrag",
          "from": "2002-10-08",
          "tom": "2003-11-23",
          "uppgift": "Skatteutskottet",
          "intressent_id": "0658668232410",
          "hangar_id": "2343017",
          "sortering": "50",
          "organ_sortering": "150",
          "uppdrag_rollsortering": "90",
          "uppdrag_statussortering": "90"
        },
        {
          "organ_kod": "UbU",
          "roll_kod": "Suppleant",
          "ordningsnummer": "0",
          "status": "",
          "typ": "uppdrag",
          "from": "2003-11-24",
          "tom": "2006-10-02",
          "uppgift": "Utbildningsutskottet",
          "intressent_id": "0658668232410",
          "hangar_id": "2343017",
          "sortering": "50",
          "organ_sortering": "150",
          "uppdrag_rollsortering": "90",
          "uppdrag_statussortering": "90"
        },
        {
          "organ_kod": "UbU",
          "roll_kod": "Ledamot",
          "ordningsnummer": "0",
          "status": "",
          "typ": "uppdrag",
          "from": "2002-10-08",
          "tom": "2003-11-23",
          "uppgift": "Utbildningsutskottet",
          "intressent_id": "0658668232410",
          "hangar_id": "2343017",
          "sortering": "30",
          "organ_sortering": "150",
          "uppdrag_rollsortering": "90",
          "uppdrag_statussortering": "90"
        },
        {
          "organ_kod": "UbU",
          "roll_kod": "Ledamot",
          "ordningsnummer": "0",
          "status": "",
          "typ": "uppdrag",
          "from": "1998-10-13",
          "tom": "2002-09-30",
          "uppgift": "Utbildningsutskottet",
          "intressent_id": "0658668232410",
          "hangar_id": "2343017",
          "sortering": "30",
          "organ_sortering": "150",
          "uppdrag_rollsortering": "90",
          "uppdrag_statussortering": "90"
        },
        {
          "organ_kod": "KUU",
          "roll_kod": "Deputerad",
          "ordningsnummer": "0",
          "status": "",
          "typ": "uppdrag",
          "from": "2007-03-27",
          "tom": "2009-05-06",
          "uppgift": "Sammansatta konstitutions- och utrikesutskottet",
          "intressent_id": "0658668232410",
          "hangar_id": "2343017",
          "sortering": "40",
          "organ_sortering": "160",
          "uppdrag_rollsortering": "90",
          "uppdrag_statussortering": "90"
        },
        {
          "organ_kod": "EUN",
          "roll_kod": "Suppleant",
          "ordningsnummer": "0",
          "status": "",
          "typ": "uppdrag",
          "from": "2006-12-06",
          "tom": "2008-03-11",
          "uppgift": "EU-nämnden",
          "intressent_id": "0658668232410",
          "hangar_id": "2343017",
          "sortering": "50",
          "organ_sortering": "170",
          "uppdrag_rollsortering": "90",
          "uppdrag_statussortering": "90"
        },
        {
          "organ_kod": "EUN",
          "roll_kod": "Suppleant",
          "ordningsnummer": "0",
          "status": "",
          "typ": "uppdrag",
          "from": "1998-10-13",
          "tom": "2006-10-10",
          "uppgift": "EU-nämnden",
          "intressent_id": "0658668232410",
          "hangar_id": "2343017",
          "sortering": "50",
          "organ_sortering": "170",
          "uppdrag_rollsortering": "90",
          "uppdrag_statussortering": "90"
        }
      ]
    },
    "personuppgift": {
      "uppgift": [
        {
          "kod": "sv",
          "uppgift": "Dr. med. vetenskap",
          "typ": "titlar",
          "intressent_id": "0658668232410",
          "hangar_id": "2343017"
        },
        {
          "kod": "en",
          "uppgift": "Doctor, Medical Science",
          "typ": "titlar",
          "intressent_id": "0658668232410",
          "hangar_id": "2343017"
        }
      ]
    }
  }
}