{
  "person": {
    "hangar_guid": "1aed663b-36eb-4b7e-bd7d-8bcd19c0f78f",
    "sourceid": "2c0fa1b3-2d50-461b-81a1-51477332e915",
    "intressent_id": "0647201845206",
    "hangar_id": "2342069",
    "fodd_ar": "1939",
    "kon": "man",
    "efternamn": "Biörck",
    "tilltalsnamn": "Lars",
    "sorteringsnamn": "Biörck,Lars",
    "iort": "",
    "parti": "M",
    "valkrets": "",
    "status": "Tidigare riksdagsledamot",
    "person_url_xml": "http://data.riksdagen.se/person/2c0fa1b3-2d50-461b-81a1-51477332e915",
    "bild_url_80": "http://data.riksdagen.se/filarkiv/bilder/ledamot/2c0fa1b3-2d50-461b-81a1-51477332e915_80.jpg",
    "bild_url_192": "http://data.riksdagen.se/filarkiv/bilder/ledamot/2c0fa1b3-2d50-461b-81a1-51477332e915_192.jpg",
    "bild_url_max": "http://data.riksdagen.se/filarkiv/bilder/ledamot/2c0fa1b3-2d50-461b-81a1-51477332e915_max.jpg",
    "personuppdrag": {
      "uppdrag": [
        {
          "organ_kod": "kam",
          "roll_kod": "Riksdagsledamot",
          "ordningsnummer": "31",
          "status": "Tjänstgörande",
          "typ": "kammaruppdrag",
          "from": "1991-09-30",
          "tom": "1994-10-03",
          "uppgift": "",
          "intressent_id": "0647201845206",
          "hangar_id": "2342069",
          "sortering": "10",
          "organ_sortering": "10",
          "uppdrag_rollsortering": "60",
          "uppdrag_statussortering": "10"
        },
        {
          "organ_kod": "kam",
          "roll_kod": "Riksdagsledamot",
          "ordningsnummer": "0",
          "status": "Tjänstgörande",
          "typ": "kammaruppdrag",
          "from": "1991-01-10",
          "tom": "1991-09-30",
          "uppgift": "",
          "intressent_id": "0647201845206",
          "hangar_id": "2342069",
          "sortering": "10",
          "organ_sortering": "10",
          "uppdrag_rollsortering": "60",
          "uppdrag_statussortering": "10"
        },
        {
          "organ_kod": "SkU",
          "roll_kod": "Suppleant",
          "ordningsnummer": "0",
          "status": "",
          "typ": "uppdrag",
          "from": "1991-09-30",
          "tom": "1994-10-02",
          "uppgift": "Skatteutskottet",
          "intressent_id": "0647201845206",
          "hangar_id": "2342069",
          "sortering": "50",
          "organ_sortering": "150",
          "uppdrag_rollsortering": "90",
          "uppdrag_statussortering": "90"
        },
        {
          "organ_kod": "SkU",
          "roll_kod": "Suppleant",
          "ordningsnummer": "0",
          "status": "",
          "typ": "uppdrag",
          "from": "1991-01-23",
          "tom": "1991-09-29",
          "uppgift": "Skatteutskottet",
          "intressent_id": "0647201845206",
          "hangar_id": "2342069",
          "sortering": "50",
          "organ_sortering": "150",
          "uppdrag_rollsortering": "90",
          "uppdrag_statussortering": "90"
        },
        {
          "organ_kod": "TU",
          "roll_kod": "Suppleant",
          "ordningsnummer": "0",
          "status": "",
          "typ": "uppdrag",
          "from": "1991-09-30",
          "tom": "1994-10-02",
          "uppgift": "Trafikutskottet",
          "intressent_id": "0647201845206",
          "hangar_id": "2342069",
          "sortering": "50",
          "organ_sortering": "150",
          "uppdrag_rollsortering": "90",
          "uppdrag_statussortering": "90"
        },
        {
          "organ_kod": "TU",
          "roll_kod": "Suppleant",
          "ordningsnummer": "0",
          "status": "",
          "typ": "uppdrag",
          "from": "1991-01-16",
          "tom": "1991-09-29",
          "uppgift": "Trafikutskottet",
          "intressent_id": "0647201845206",
          "hangar_id": "2342069",
          "sortering": "50",
          "organ_sortering": "150",
          "uppdrag_rollsortering": "90",
          "uppdrag_statussortering": "90"
        }
      ]
    },
    "personuppgift": {
      "uppgift": [
        {
          "kod": "sv",
          "uppgift": "företagare",
          "typ": "titlar",
          "intressent_id": "0647201845206",
          "hangar_id": "2342069"
        },
        {
          "kod": "en",
          "uppgift": "",
          "typ": "titlar",
          "intressent_id": "0647201845206",
          "hangar_id": "2342069"
        }
      ]
    }
  }
}