{
  "person": {
    "hangar_guid": "15d3a5ad-fafe-4c74-8e93-7b6ab0fc613e",
    "sourceid": "dbbb888b-b6f8-4e2c-84a3-36adbf2e541d",
    "intressent_id": "0702441395302",
    "hangar_id": "2342120",
    "fodd_ar": "1941",
    "kon": "kvinna",
    "efternamn": "Bjelle",
    "tilltalsnamn": "Britta",
    "sorteringsnamn": "Bjelle,Britta",
    "iort": "",
    "parti": "L",
    "valkrets": "",
    "status": "Tidigare riksdagsledamot",
    "person_url_xml": "http://data.riksdagen.se/person/dbbb888b-b6f8-4e2c-84a3-36adbf2e541d",
    "bild_url_80": "http://data.riksdagen.se/filarkiv/bilder/ledamot/dbbb888b-b6f8-4e2c-84a3-36adbf2e541d_80.jpg",
    "bild_url_192": "http://data.riksdagen.se/filarkiv/bilder/ledamot/dbbb888b-b6f8-4e2c-84a3-36adbf2e541d_192.jpg",
    "bild_url_max": "http://data.riksdagen.se/filarkiv/bilder/ledamot/dbbb888b-b6f8-4e2c-84a3-36adbf2e541d_max.jpg",
    "personuppdrag": {
      "uppdrag": [
        {
          "organ_kod": "kam",
          "roll_kod": "Riksdagsledamot",
          "ordningsnummer": "344",
          "status": "Tjänstgörande",
          "typ": "kammaruppdrag",
          "from": "1991-09-30",
          "tom": "1994-06-30",
          "uppgift": "",
          "intressent_id": "0702441395302",
          "hangar_id": "2342120",
          "sortering": "10",
          "organ_sortering": "10",
          "uppdrag_rollsortering": "60",
          "uppdrag_statussortering": "10"
        },
        {
          "organ_kod": "kam",
          "roll_kod": "Riksdagsledamot",
          "ordningsnummer": "346",
          "status": "Tjänstgörande",
          "typ": "kammaruppdrag",
          "from": "1988-10-03",
          "tom": "1991-09-30",
          "uppgift": "",
          "intressent_id": "0702441395302",
          "hangar_id": "2342120",
          "sortering": "10",
          "organ_sortering": "10",
          "uppdrag_rollsortering": "60",
          "uppdrag_statussortering": "10"
        },
        {
          "organ_kod": "kam",
          "roll_kod": "Riksdagsledamot",
          "ordningsnummer": "0",
          "status": "Tjänstgörande",
          "typ": "kammaruppdrag",
          "from": "1985-09-30",
          "tom": "1988-10-03",
          "uppgift": "",
          "intressent_id": "0702441395302",
          "hangar_id": "2342120",
          "sortering": "10",
          "organ_sortering": "10",
          "uppdrag_rollsortering": "60",
          "uppdrag_statussortering": "10"
        },
        {
          "organ_kod": "RAN",
          "roll_kod": "Ersättare",
          "ordningsnummer": "1",
          "status": "",
          "typ": "Riksdagsorgan",
          "from": "2013-01-01",
          "tom": "2015-12-31",
          "uppgift": "Riksdagens ansvarsnämnd",
          "intressent_id": "0702441395302",
          "hangar_id": "2342120",
          "sortering": "45",
          "organ_sortering": "300",
          "uppdrag_rollsortering": "60",
          "uppdrag_statussortering": "90"
        },
        {
          "organ_kod": "JuU",
          "roll_kod": "Ordförande",
          "ordningsnummer": "0",
          "status": "",
          "typ": "uppdrag",
          "from": "1991-09-30",
          "tom": "1994-06-30",
          "uppgift": "Justitieutskottet",
          "intressent_id": "0702441395302",
          "hangar_id": "2342120",
          "sortering": "10",
          "organ_sortering": "150",
          "uppdrag_rollsortering": "90",
          "uppdrag_statussortering": "90"
        },
        {
          "organ_kod": "JuU",
          "roll_kod": "Ordförande",
          "ordningsnummer": "0",
          "status": "",
          "typ": "uppdrag",
          "from": "1989-10-10",
          "tom": "1991-09-29",
          "uppgift": "Justitieutskottet",
          "intressent_id": "0702441395302",
          "hangar_id": "2342120",
          "sortering": "10",
          "organ_sortering": "150",
          "uppdrag_rollsortering": "90",
          "uppdrag_statussortering": "90"
        }
      ]
    },
    "personuppgift": {
      "uppgift": [
        {
          "kod": "en",
          "uppgift": "",
          "typ": "titlar",
          "intressent_id": "0702441395302",
          "hangar_id": "2342120"
        },
        {
          "kod": "sv",
          "uppgift": "statsåklagare",
          "typ": "titlar",
          "intressent_id": "0702441395302",
          "hangar_id": "2342120"
        }
      ]
    }
  }
}