{
  "person": {
    "hangar_guid": "0fb16c00-cb31-4bd3-b055-5092ce06d845",
    "sourceid": "fb860100-9be3-4365-b84c-24fe53434882",
    "intressent_id": "0603490586517",
    "hangar_id": "2343184",
    "fodd_ar": "1962",
    "kon": "man",
    "efternamn": "Björklund",
    "tilltalsnamn": "Jan",
    "sorteringsnamn": "Björklund,Jan",
    "iort": "",
    "parti": "L",
    "valkrets": "Stockholms län",
    "status": "Avgången riksdagsledamot",
    "person_url_xml": "http://data.riksdagen.se/person/fb860100-9be3-4365-b84c-24fe53434882",
    "bild_url_80": "http://data.riksdagen.se/filarkiv/bilder/ledamot/fb860100-9be3-4365-b84c-24fe53434882_80.jpg",
    "bild_url_192": "http://data.riksdagen.se/filarkiv/bilder/ledamot/fb860100-9be3-4365-b84c-24fe53434882_192.jpg",
    "bild_url_max": "http://data.riksdagen.se/filarkiv/bilder/ledamot/fb860100-9be3-4365-b84c-24fe53434882_max.jpg",
    "personuppdrag": {
      "uppdrag": [
        {
          "organ_kod": "U",
          "roll_kod": "Utbildningsminister",
          "ordningsnummer": "2",
          "status": "",
          "typ": "Departement",
          "from": "2007-09-11",
          "tom": "2014-10-03",
          "uppgift": "Utbildningsdepartementet",
          "intressent_id": "0603490586517",
          "hangar_id": "2343184",
          "sortering": "",
          "organ_sortering": "",
          "uppdrag_rollsortering": "90",
          "uppdrag_statussortering": "90"
        },
        {
          "organ_kod": "U",
          "roll_kod": "Statsråd",
          "ordningsnummer": "0",
          "status": "",
          "typ": "Departement",
          "from": "2007-01-01",
          "tom": "2007-09-10",
          "uppgift": "Utbildningsdepartementet",
          "intressent_id": "0603490586517",
          "hangar_id": "2343184",
          "sortering": "100",
          "organ_sortering": "",
          "uppdrag_rollsortering": "90",
          "uppdrag_statussortering": "90"
        },
        {
          "organ_kod": "U t.o.m. 1 jan-07",
          "roll_kod": "Statsråd",
          "ordningsnummer": "0",
          "status": "",
          "typ": "Departement",
          "from": "2006-10-06",
          "tom": "2006-12-31",
          "uppgift": "Utbildnings- och kulturdepartementet",
          "intressent_id": "0603490586517",
          "hangar_id": "2343184",
          "sortering": "100",
          "organ_sortering": "",
          "uppdrag_rollsortering": "90",
          "uppdrag_statussortering": "90"
        },
        {
          "organ_kod": "kam",
          "roll_kod": "Riksdagsledamot",
          "ordningsnummer": "28",
          "status": "Tjänstgörande",
          "typ": "kammaruppdrag",
          "from": "2018-09-24",
          "tom": "2019-10-31",
          "uppgift": "",
          "intressent_id": "0603490586517",
          "hangar_id": "2343184",
          "sortering": "10",
          "organ_sortering": "10",
          "uppdrag_rollsortering": "60",
          "uppdrag_statussortering": "10"
        },
        {
          "organ_kod": "kam",
          "roll_kod": "Riksdagsledamot",
          "ordningsnummer": "113",
          "status": "Tjänstgörande",
          "typ": "kammaruppdrag",
          "from": "2014-10-04",
          "tom": "2018-09-24",
          "uppgift": "",
          "intressent_id": "0603490586517",
          "hangar_id": "2343184",
          "sortering": "10",
          "organ_sortering": "10",
          "uppdrag_rollsortering": "60",
          "uppdrag_statussortering": "10"
        },
        {
          "organ_kod": "kam",
          "roll_kod": "Riksdagsledamot",
          "ordningsnummer": "113",
          "status": "Ledig",
          "typ": "kammaruppdrag",
          "from": "2014-09-29",
          "tom": "2014-10-03",
          "uppgift": "Gunnar Andrén 2012-06-21 - 2014-09-29, Carl B Hamilton 2014-09-29 - 2014-10-03  Statsråd",
          "intressent_id": "0603490586517",
          "hangar_id": "2343184",
          "sortering": "10",
          "organ_sortering": "10",
          "uppdrag_rollsortering": "60",
          "uppdrag_statussortering": "30"
        },
        {
          "organ_kod": "kam",
          "roll_kod": "Riksdagsledamot",
          "ordningsnummer": "176",
          "status": "Ledig",
          "typ": "kammaruppdrag",
          "from": "2010-10-04",
          "tom": "2014-09-29",
          "uppgift": "Fredrik Malm 2006-10-06 - 2010-10-04, Erik Ullenhag 2010-10-04 - 2010-10-05, Gunnar Andrén 2010-10-06 - 2012-03-19, Martin Andreasson 2012-03-20 - 2012-06-20, Gunnar Andrén 2012-06-21 - 2014-09-29  Statsråd",
          "intressent_id": "0603490586517",
          "hangar_id": "2343184",
          "sortering": "10",
          "organ_sortering": "10",
          "uppdrag_rollsortering": "60",
          "uppdrag_statussortering": "30"
        },
        {
          "organ_kod": "kam",
          "roll_kod": "Riksdagsledamot",
          "ordningsnummer": "244",
          "status": "Ledig",
          "typ": "kammaruppdrag",
          "from": "2006-10-06",
          "tom": "2010-10-04",
          "uppgift": "Fredrik Malm 2006-10-06 - 2010-10-04, Gulan Avci 2009-03-02 - 2009-09-02",
          "intressent_id": "0603490586517",
          "hangar_id": "2343184",
          "sortering": "10",
          "organ_sortering": "10",
          "uppdrag_rollsortering": "60",
          "uppdrag_statussortering": "30"
        },
        {
          "organ_kod": "kam",
          "roll_kod": "Riksdagsledamot",
          "ordningsnummer": "244",
          "status": "Tjänstgörande",
          "typ": "kammaruppdrag",
          "from": "2006-10-02",
          "tom": "2006-10-05",
          "uppgift": "",
          "intressent_id": "0603490586517",
          "hangar_id": "2343184",
          "sortering": "10",
          "organ_sortering": "10",
          "uppdrag_rollsortering": "60",
          "uppdrag_statussortering": "10"
        },
        {
          "organ_kod": "FP",
          "roll_kod": "Partiledare",
          "ordningsnummer": "0",
          "status": "",
          "typ": "partiuppdrag",
          "from": "2007-09-07",
          "tom": "2015-11-24",
          "uppgift": "Folkpartiet liberalerna",
          "intressent_id": "0603490586517",
          "hangar_id": "2343184",
          "sortering": "20",
          "organ_sortering": "",
          "uppdrag_rollsortering": "90",
          "uppdrag_statussortering": "90"
        },
        {
          "organ_kod": "L",
          "roll_kod": "Partiledare",
          "ordningsnummer": "0",
          "status": "",
          "typ": "partiuppdrag",
          "from": "2015-11-24",
          "tom": "2019-06-28 13:44:00",
          "uppgift": "Liberalerna",
          "intressent_id": "0603490586517",
          "hangar_id": "2343184",
          "sortering": "20",
          "organ_sortering": "",
          "uppdrag_rollsortering": "90",
          "uppdrag_statussortering": "90"
        },
        {
          "organ_kod": "KD",
          "roll_kod": "Ledamot",
          "ordningsnummer": "14",
          "status": "",
          "typ": "Riksdagsorgan",
          "from": "2018-10-09",
          "tom": "2019-09-05",
          "uppgift": "Krigsdelegationen",
          "intressent_id": "0603490586517",
          "hangar_id": "2343184",
          "sortering": "30",
          "organ_sortering": "300",
          "uppdrag_rollsortering": "90",
          "uppdrag_statussortering": "90"
        },
        {
          "organ_kod": "KD",
          "roll_kod": "Ledamot",
          "ordningsnummer": "14",
          "status": "",
          "typ": "Riksdagsorgan",
          "from": "2014-10-14",
          "tom": "2018-10-09",
          "uppgift": "Krigsdelegationen",
          "intressent_id": "0603490586517",
          "hangar_id": "2343184",
          "sortering": "30",
          "organ_sortering": "300",
          "uppdrag_rollsortering": "90",
          "uppdrag_statussortering": "90"
        },
        {
          "organ_kod": "UN",
          "roll_kod": "Suppleant",
          "ordningsnummer": "9",
          "status": "",
          "typ": "Riksdagsorgan",
          "from": "2018-10-02",
          "tom": "2019-06-27",
          "uppgift": "Utrikesnämnden",
          "intressent_id": "0603490586517",
          "hangar_id": "2343184",
          "sortering": "50",
          "organ_sortering": "300",
          "uppdrag_rollsortering": "90",
          "uppdrag_statussortering": "90"
        },
        {
          "organ_kod": "UN",
          "roll_kod": "Ledamot",
          "ordningsnummer": "9",
          "status": "",
          "typ": "Riksdagsorgan",
          "from": "2014-10-07",
          "tom": "2018-10-02",
          "uppgift": "Utrikesnämnden",
          "intressent_id": "0603490586517",
          "hangar_id": "2343184",
          "sortering": "30",
          "organ_sortering": "300",
          "uppdrag_rollsortering": "90",
          "uppdrag_statussortering": "90"
        },
        {
          "organ_kod": "KU",
          "roll_kod": "Suppleant",
          "ordningsnummer": "21",
          "status": "",
          "typ": "uppdrag",
          "from": "2019-09-05",
          "tom": "2019-10-31",
          "uppgift": "Konstitutionsutskottet",
          "intressent_id": "0603490586517",
          "hangar_id": "2343184",
          "sortering": "50",
          "organ_sortering": "150",
          "uppdrag_rollsortering": "90",
          "uppdrag_statussortering": "90"
        },
        {
          "organ_kod": "EUN",
          "roll_kod": "Suppleant",
          "ordningsnummer": "55",
          "status": "",
          "typ": "uppdrag",
          "from": "2018-10-09",
          "tom": "2019-10-31",
          "uppgift": "EU-nämnden",
          "intressent_id": "0603490586517",
          "hangar_id": "2343184",
          "sortering": "50",
          "organ_sortering": "170",
          "uppdrag_rollsortering": "90",
          "uppdrag_statussortering": "90"
        },
        {
          "organ_kod": "EUN",
          "roll_kod": "Suppleant",
          "ordningsnummer": "49",
          "status": "",
          "typ": "uppdrag",
          "from": "2018-01-26",
          "tom": "2018-10-02",
          "uppgift": "EU-nämnden",
          "intressent_id": "0603490586517",
          "hangar_id": "2343184",
          "sortering": "50",
          "organ_sortering": "170",
          "uppdrag_rollsortering": "90",
          "uppdrag_statussortering": "90"
        }
      ]
    },
    "personuppgift": {
      "uppgift": {
        "kod": "KandiderarINastaVal",
        "uppgift": "true",
        "typ": "val",
        "intressent_id": "0603490586517",
        "hangar_id": "2343184"
      }
    }
  }
}