{
  "person": {
    "hangar_guid": "ee9f2d0e-0daa-4457-8551-a50493596e92",
    "sourceid": "5d5d5a1d-47e1-48a5-8933-00761d230787",
    "intressent_id": "0784309503313",
    "hangar_id": "2343144",
    "fodd_ar": "1961",
    "kon": "kvinna",
    "efternamn": "Björling",
    "tilltalsnamn": "Ewa",
    "sorteringsnamn": "Björling,Ewa",
    "iort": "",
    "parti": "M",
    "valkrets": "Stockholms län",
    "status": "Tidigare riksdagsledamot",
    "person_url_xml": "http://data.riksdagen.se/person/5d5d5a1d-47e1-48a5-8933-00761d230787",
    "bild_url_80": "http://data.riksdagen.se/filarkiv/bilder/ledamot/5d5d5a1d-47e1-48a5-8933-00761d230787_80.jpg",
    "bild_url_192": "http://data.riksdagen.se/filarkiv/bilder/ledamot/5d5d5a1d-47e1-48a5-8933-00761d230787_192.jpg",
    "bild_url_max": "http://data.riksdagen.se/filarkiv/bilder/ledamot/5d5d5a1d-47e1-48a5-8933-00761d230787_max.jpg",
    "personuppdrag": {
      "uppdrag": [
        {
          "organ_kod": "UD",
          "roll_kod": "Statsråd",
          "ordningsnummer": "11",
          "status": "",
          "typ": "Departement",
          "from": "2007-09-12",
          "tom": "2014-10-03",
          "uppgift": "Utrikesdepartementet",
          "intressent_id": "0784309503313",
          "hangar_id": "2343144",
          "sortering": "100",
          "organ_sortering": "",
          "uppdrag_rollsortering": "90",
          "uppdrag_statussortering": "90"
        },
        {
          "organ_kod": "kam",
          "roll_kod": "Riksdagsledamot",
          "ordningsnummer": "54",
          "status": "Tjänstgörande",
          "typ": "kammaruppdrag",
          "from": "2014-10-04",
          "tom": "2014-10-16",
          "uppgift": "",
          "intressent_id": "0784309503313",
          "hangar_id": "2343144",
          "sortering": "10",
          "organ_sortering": "10",
          "uppdrag_rollsortering": "60",
          "uppdrag_statussortering": "10"
        },
        {
          "organ_kod": "kam",
          "roll_kod": "Riksdagsledamot",
          "ordningsnummer": "54",
          "status": "Ledig",
          "typ": "kammaruppdrag",
          "from": "2014-09-29",
          "tom": "2014-10-03",
          "uppgift": "Edip Noyan 2013-01-01 - 2014-09-29, Erik Ottoson 2014-09-29 - 2014-10-03  Statsråd",
          "intressent_id": "0784309503313",
          "hangar_id": "2343144",
          "sortering": "10",
          "organ_sortering": "10",
          "uppdrag_rollsortering": "60",
          "uppdrag_statussortering": "30"
        },
        {
          "organ_kod": "kam",
          "roll_kod": "Riksdagsledamot",
          "ordningsnummer": "84",
          "status": "Ledig",
          "typ": "kammaruppdrag",
          "from": "2010-10-04",
          "tom": "2014-09-29",
          "uppgift": "Göran Thingwall 2008-03-01 - 2010-10-04, Rune Wikström 2010-10-04 - 2012-03-18, Johnny Munkhammar 2012-03-19 - 2012-08-13, Metin Ataseven 2012-08-16 - 2012-12-31, Edip Noyan 2013-01-01 - 2014-09-29  Statsråd",
          "intressent_id": "0784309503313",
          "hangar_id": "2343144",
          "sortering": "10",
          "organ_sortering": "10",
          "uppdrag_rollsortering": "60",
          "uppdrag_statussortering": "30"
        },
        {
          "organ_kod": "kam",
          "roll_kod": "Riksdagsledamot",
          "ordningsnummer": "144",
          "status": "Ledig",
          "typ": "kammaruppdrag",
          "from": "2007-09-18",
          "tom": "2010-10-04",
          "uppgift": "Eliza Roszkowska Öberg 2007-09-18 - 2008-02-29, Göran Thingwall 2008-03-01 - 2010-10-04",
          "intressent_id": "0784309503313",
          "hangar_id": "2343144",
          "sortering": "10",
          "organ_sortering": "10",
          "uppdrag_rollsortering": "60",
          "uppdrag_statussortering": "30"
        },
        {
          "organ_kod": "kam",
          "roll_kod": "Riksdagsledamot",
          "ordningsnummer": "144",
          "status": "Tjänstgörande",
          "typ": "kammaruppdrag",
          "from": "2006-10-02",
          "tom": "2007-09-17",
          "uppgift": "",
          "intressent_id": "0784309503313",
          "hangar_id": "2343144",
          "sortering": "10",
          "organ_sortering": "10",
          "uppdrag_rollsortering": "60",
          "uppdrag_statussortering": "10"
        },
        {
          "organ_kod": "kam",
          "roll_kod": "Riksdagsledamot",
          "ordningsnummer": "63",
          "status": "Tjänstgörande",
          "typ": "kammaruppdrag",
          "from": "2002-09-30",
          "tom": "2006-10-02",
          "uppgift": "",
          "intressent_id": "0784309503313",
          "hangar_id": "2343144",
          "sortering": "10",
          "organ_sortering": "10",
          "uppdrag_rollsortering": "60",
          "uppdrag_statussortering": "10"
        },
        {
          "organ_kod": "RJ",
          "roll_kod": "Personlig suppleant",
          "ordningsnummer": "0",
          "status": "",
          "typ": "Riksdagsorgan",
          "from": "2006-11-01",
          "tom": "2007-09-11",
          "uppgift": "Styrelsen för Stiftelsen Riksbankens Jubileumsfond",
          "intressent_id": "0784309503313",
          "hangar_id": "2343144",
          "sortering": "48",
          "organ_sortering": "300",
          "uppdrag_rollsortering": "90",
          "uppdrag_statussortering": "90"
        },
        {
          "organ_kod": "UN",
          "roll_kod": "Suppleant",
          "ordningsnummer": "0",
          "status": "",
          "typ": "Riksdagsorgan",
          "from": "2006-10-10",
          "tom": "2007-09-11",
          "uppgift": "Utrikesnämnden",
          "intressent_id": "0784309503313",
          "hangar_id": "2343144",
          "sortering": "50",
          "organ_sortering": "300",
          "uppdrag_rollsortering": "90",
          "uppdrag_statussortering": "90"
        },
        {
          "organ_kod": "KU",
          "roll_kod": "Suppleant",
          "ordningsnummer": "0",
          "status": "",
          "typ": "uppdrag",
          "from": "2006-10-10",
          "tom": "2007-09-11",
          "uppgift": "Konstitutionsutskottet",
          "intressent_id": "0784309503313",
          "hangar_id": "2343144",
          "sortering": "50",
          "organ_sortering": "150",
          "uppdrag_rollsortering": "90",
          "uppdrag_statussortering": "90"
        },
        {
          "organ_kod": "UbU",
          "roll_kod": "Suppleant",
          "ordningsnummer": "0",
          "status": "",
          "typ": "uppdrag",
          "from": "2006-10-24",
          "tom": "2007-09-11",
          "uppgift": "Utbildningsutskottet",
          "intressent_id": "0784309503313",
          "hangar_id": "2343144",
          "sortering": "50",
          "organ_sortering": "150",
          "uppdrag_rollsortering": "90",
          "uppdrag_statussortering": "90"
        },
        {
          "organ_kod": "UbU",
          "roll_kod": "Suppleant",
          "ordningsnummer": "0",
          "status": "",
          "typ": "uppdrag",
          "from": "2002-10-08",
          "tom": "2006-10-02",
          "uppgift": "Utbildningsutskottet",
          "intressent_id": "0784309503313",
          "hangar_id": "2343144",
          "sortering": "50",
          "organ_sortering": "150",
          "uppdrag_rollsortering": "90",
          "uppdrag_statussortering": "90"
        },
        {
          "organ_kod": "UU",
          "roll_kod": "Suppleant",
          "ordningsnummer": "18",
          "status": "",
          "typ": "uppdrag",
          "from": "2014-10-14",
          "tom": "2014-10-16",
          "uppgift": "Utrikesutskottet",
          "intressent_id": "0784309503313",
          "hangar_id": "2343144",
          "sortering": "50",
          "organ_sortering": "150",
          "uppdrag_rollsortering": "90",
          "uppdrag_statussortering": "90"
        },
        {
          "organ_kod": "UU",
          "roll_kod": "Ledamot",
          "ordningsnummer": "0",
          "status": "",
          "typ": "uppdrag",
          "from": "2006-10-10",
          "tom": "2007-09-11",
          "uppgift": "Utrikesutskottet",
          "intressent_id": "0784309503313",
          "hangar_id": "2343144",
          "sortering": "30",
          "organ_sortering": "150",
          "uppdrag_rollsortering": "90",
          "uppdrag_statussortering": "90"
        },
        {
          "organ_kod": "UU",
          "roll_kod": "Ledamot",
          "ordningsnummer": "0",
          "status": "",
          "typ": "uppdrag",
          "from": "2002-10-08",
          "tom": "2006-10-02",
          "uppgift": "Utrikesutskottet",
          "intressent_id": "0784309503313",
          "hangar_id": "2343144",
          "sortering": "30",
          "organ_sortering": "150",
          "uppdrag_rollsortering": "90",
          "uppdrag_statussortering": "90"
        },
        {
          "organ_kod": "KUU",
          "roll_kod": "Suppleant",
          "ordningsnummer": "0",
          "status": "",
          "typ": "uppdrag",
          "from": "2003-02-18",
          "tom": "2003-11-20",
          "uppgift": "Sammansatta konstitutions- och utrikesutskottet",
          "intressent_id": "0784309503313",
          "hangar_id": "2343144",
          "sortering": "50",
          "organ_sortering": "160",
          "uppdrag_rollsortering": "90",
          "uppdrag_statussortering": "90"
        },
        {
          "organ_kod": "UFöU",
          "roll_kod": "Deputerad",
          "ordningsnummer": "0",
          "status": "",
          "typ": "uppdrag",
          "from": "2007-03-22",
          "tom": "2007-06-01",
          "uppgift": "Sammansatta utrikes- och försvarsutskottet",
          "intressent_id": "0784309503313",
          "hangar_id": "2343144",
          "sortering": "40",
          "organ_sortering": "160",
          "uppdrag_rollsortering": "90",
          "uppdrag_statussortering": "90"
        },
        {
          "organ_kod": "UFöU",
          "roll_kod": "Deputerad",
          "ordningsnummer": "0",
          "status": "",
          "typ": "uppdrag",
          "from": "2006-10-10",
          "tom": "2006-10-13",
          "uppgift": "Sammansatta utrikes- och försvarsutskottet",
          "intressent_id": "0784309503313",
          "hangar_id": "2343144",
          "sortering": "40",
          "organ_sortering": "160",
          "uppdrag_rollsortering": "90",
          "uppdrag_statussortering": "90"
        },
        {
          "organ_kod": "UFöU",
          "roll_kod": "Suppleant",
          "ordningsnummer": "0",
          "status": "",
          "typ": "uppdrag",
          "from": "2005-11-22",
          "tom": "2005-12-07",
          "uppgift": "Sammansatta utrikes- och försvarsutskottet",
          "intressent_id": "0784309503313",
          "hangar_id": "2343144",
          "sortering": "50",
          "organ_sortering": "160",
          "uppdrag_rollsortering": "90",
          "uppdrag_statussortering": "90"
        },
        {
          "organ_kod": "UFöU",
          "roll_kod": "Deputerad",
          "ordningsnummer": "0",
          "status": "",
          "typ": "uppdrag",
          "from": "2004-10-19",
          "tom": "2004-12-15",
          "uppgift": "Sammansatta utrikes- och försvarsutskottet",
          "intressent_id": "0784309503313",
          "hangar_id": "2343144",
          "sortering": "40",
          "organ_sortering": "160",
          "uppdrag_rollsortering": "90",
          "uppdrag_statussortering": "90"
        },
        {
          "organ_kod": "UFöU",
          "roll_kod": "Deputerad",
          "ordningsnummer": "0",
          "status": "",
          "typ": "uppdrag",
          "from": "2004-05-11",
          "tom": "2004-05-26",
          "uppgift": "Sammansatta utrikes- och försvarsutskottet",
          "intressent_id": "0784309503313",
          "hangar_id": "2343144",
          "sortering": "40",
          "organ_sortering": "160",
          "uppdrag_rollsortering": "90",
          "uppdrag_statussortering": "90"
        },
        {
          "organ_kod": "UFöU",
          "roll_kod": "Deputerad",
          "ordningsnummer": "0",
          "status": "",
          "typ": "uppdrag",
          "from": "2004-02-05",
          "tom": "2004-02-18",
          "uppgift": "Sammansatta utrikes- och försvarsutskottet",
          "intressent_id": "0784309503313",
          "hangar_id": "2343144",
          "sortering": "40",
          "organ_sortering": "160",
          "uppdrag_rollsortering": "90",
          "uppdrag_statussortering": "90"
        },
        {
          "organ_kod": "UFöU",
          "roll_kod": "Suppleant",
          "ordningsnummer": "0",
          "status": "",
          "typ": "uppdrag",
          "from": "2002-12-03",
          "tom": "2002-12-18",
          "uppgift": "Sammansatta utrikes- och försvarsutskottet",
          "intressent_id": "0784309503313",
          "hangar_id": "2343144",
          "sortering": "50",
          "organ_sortering": "160",
          "uppdrag_rollsortering": "90",
          "uppdrag_statussortering": "90"
        },
        {
          "organ_kod": "UMJU",
          "roll_kod": "Deputerad",
          "ordningsnummer": "0",
          "status": "",
          "typ": "uppdrag",
          "from": "2003-02-18",
          "tom": "2003-05-21",
          "uppgift": "Sammansatta utrikes-, miljö- och jordbruksutskottet",
          "intressent_id": "0784309503313",
          "hangar_id": "2343144",
          "sortering": "40",
          "organ_sortering": "160",
          "uppdrag_rollsortering": "90",
          "uppdrag_statussortering": "90"
        },
        {
          "organ_kod": "USoU",
          "roll_kod": "Deputerad",
          "ordningsnummer": "0",
          "status": "",
          "typ": "uppdrag",
          "from": "2005-02-15",
          "tom": "2005-03-16",
          "uppgift": "Sammansatta utrikes- och socialutskottet",
          "intressent_id": "0784309503313",
          "hangar_id": "2343144",
          "sortering": "40",
          "organ_sortering": "160",
          "uppdrag_rollsortering": "90",
          "uppdrag_statussortering": "90"
        }
      ]
    },
    "personuppgift": {
      "uppgift": [
        {
          "kod": "sv",
          "uppgift": "Docent/med.dr.sci",
          "typ": "titlar",
          "intressent_id": "0784309503313",
          "hangar_id": "2343144"
        },
        {
          "kod": "en",
          "uppgift": "Lecturer, Doctor of Medical Science",
          "typ": "titlar",
          "intressent_id": "0784309503313",
          "hangar_id": "2343144"
        }
      ]
    }
  }
}