{
  "person": {
    "hangar_guid": "f79c6d56-13f7-4d1e-bdda-be75b9e80752",
    "sourceid": "d7c31cd9-83e4-11d4-ae60-0050040c9b55",
    "intressent_id": "0653132951201",
    "hangar_id": "2342229",
    "fodd_ar": "1943",
    "kon": "man",
    "efternamn": "Björklund",
    "tilltalsnamn": "Ulf",
    "sorteringsnamn": "Björklund,Ulf",
    "iort": "",
    "parti": "KD",
    "valkrets": "",
    "status": "Tidigare riksdagsledamot",
    "person_url_xml": "http://data.riksdagen.se/person/d7c31cd9-83e4-11d4-ae60-0050040c9b55",
    "bild_url_80": "http://data.riksdagen.se/filarkiv/bilder/ledamot/d7c31cd9-83e4-11d4-ae60-0050040c9b55_80.jpg",
    "bild_url_192": "http://data.riksdagen.se/filarkiv/bilder/ledamot/d7c31cd9-83e4-11d4-ae60-0050040c9b55_192.jpg",
    "bild_url_max": "http://data.riksdagen.se/filarkiv/bilder/ledamot/d7c31cd9-83e4-11d4-ae60-0050040c9b55_max.jpg",
    "personuppdrag": {
      "uppdrag": [
        {
          "organ_kod": "kam",
          "roll_kod": "Riksdagsledamot",
          "ordningsnummer": "293",
          "status": "Tjänstgörande",
          "typ": "kammaruppdrag",
          "from": "1998-10-05",
          "tom": "2002-09-30",
          "uppgift": "",
          "intressent_id": "0653132951201",
          "hangar_id": "2342229",
          "sortering": "10",
          "organ_sortering": "10",
          "uppdrag_rollsortering": "60",
          "uppdrag_statussortering": "10"
        },
        {
          "organ_kod": "kam",
          "roll_kod": "Riksdagsledamot",
          "ordningsnummer": "292",
          "status": "Tjänstgörande",
          "typ": "kammaruppdrag",
          "from": "1994-10-03",
          "tom": "1998-10-05",
          "uppgift": "",
          "intressent_id": "0653132951201",
          "hangar_id": "2342229",
          "sortering": "10",
          "organ_sortering": "10",
          "uppdrag_rollsortering": "60",
          "uppdrag_statussortering": "10"
        },
        {
          "organ_kod": "kam",
          "roll_kod": "Riksdagsledamot",
          "ordningsnummer": "297",
          "status": "Tjänstgörande",
          "typ": "kammaruppdrag",
          "from": "1991-09-30",
          "tom": "1994-10-03",
          "uppgift": "",
          "intressent_id": "0653132951201",
          "hangar_id": "2342229",
          "sortering": "10",
          "organ_sortering": "10",
          "uppdrag_rollsortering": "60",
          "uppdrag_statussortering": "10"
        },
        {
          "organ_kod": "MJU",
          "roll_kod": "Ordförande",
          "ordningsnummer": "0",
          "status": "",
          "typ": "uppdrag",
          "from": "1998-10-05",
          "tom": "2002-09-30",
          "uppgift": "Miljö- och jordbruksutskottet",
          "intressent_id": "0653132951201",
          "hangar_id": "2342229",
          "sortering": "10",
          "organ_sortering": "150",
          "uppdrag_rollsortering": "90",
          "uppdrag_statussortering": "90"
        },
        {
          "organ_kod": "MJU",
          "roll_kod": "Ordförande",
          "ordningsnummer": "0",
          "status": "",
          "typ": "uppdrag",
          "from": "2000-06-08",
          "tom": "2002-09-29",
          "uppgift": "Miljö- och jordbruksutskottet",
          "intressent_id": "0653132951201",
          "hangar_id": "2342229",
          "sortering": "10",
          "organ_sortering": "150",
          "uppdrag_rollsortering": "90",
          "uppdrag_statussortering": "90"
        },
        {
          "organ_kod": "MJU",
          "roll_kod": "Ledamot",
          "ordningsnummer": "0",
          "status": "",
          "typ": "uppdrag",
          "from": "2000-06-08",
          "tom": "2002-09-29",
          "uppgift": "Miljö- och jordbruksutskottet",
          "intressent_id": "0653132951201",
          "hangar_id": "2342229",
          "sortering": "30",
          "organ_sortering": "150",
          "uppdrag_rollsortering": "90",
          "uppdrag_statussortering": "90"
        },
        {
          "organ_kod": "MJU",
          "roll_kod": "Suppleant",
          "ordningsnummer": "0",
          "status": "",
          "typ": "uppdrag",
          "from": "2000-05-10",
          "tom": "2000-06-07",
          "uppgift": "Miljö- och jordbruksutskottet",
          "intressent_id": "0653132951201",
          "hangar_id": "2342229",
          "sortering": "50",
          "organ_sortering": "150",
          "uppdrag_rollsortering": "90",
          "uppdrag_statussortering": "90"
        },
        {
          "organ_kod": "BoU",
          "roll_kod": "Ledamot",
          "ordningsnummer": "0",
          "status": "",
          "typ": "uppdrag",
          "from": "1998-10-13",
          "tom": "2000-06-08",
          "uppgift": "Bostadsutskottet",
          "intressent_id": "0653132951201",
          "hangar_id": "2342229",
          "sortering": "30",
          "organ_sortering": "165",
          "uppdrag_rollsortering": "90",
          "uppdrag_statussortering": "90"
        },
        {
          "organ_kod": "BoU",
          "roll_kod": "Ledamot",
          "ordningsnummer": "0",
          "status": "",
          "typ": "uppdrag",
          "from": "1994-10-11",
          "tom": "1998-10-04",
          "uppgift": "Bostadsutskottet",
          "intressent_id": "0653132951201",
          "hangar_id": "2342229",
          "sortering": "30",
          "organ_sortering": "165",
          "uppdrag_rollsortering": "90",
          "uppdrag_statussortering": "90"
        },
        {
          "organ_kod": "BoU",
          "roll_kod": "Ledamot",
          "ordningsnummer": "0",
          "status": "",
          "typ": "uppdrag",
          "from": "1991-10-08",
          "tom": "1994-10-02",
          "uppgift": "Bostadsutskottet",
          "intressent_id": "0653132951201",
          "hangar_id": "2342229",
          "sortering": "30",
          "organ_sortering": "165",
          "uppdrag_rollsortering": "90",
          "uppdrag_statussortering": "90"
        },
        {
          "organ_kod": "EUN",
          "roll_kod": "Suppleant",
          "ordningsnummer": "0",
          "status": "",
          "typ": "uppdrag",
          "from": "2000-06-08",
          "tom": "2002-10-08",
          "uppgift": "EU-nämnden",
          "intressent_id": "0653132951201",
          "hangar_id": "2342229",
          "sortering": "50",
          "organ_sortering": "170",
          "uppdrag_rollsortering": "90",
          "uppdrag_statussortering": "90"
        }
      ]
    },
    "personuppgift": {
      "uppgift": [
        {
          "kod": "en",
          "uppgift": "Head Teacher",
          "typ": "titlar",
          "intressent_id": "0653132951201",
          "hangar_id": "2342229"
        },
        {
          "kod": "sv",
          "uppgift": "rektor",
          "typ": "titlar",
          "intressent_id": "0653132951201",
          "hangar_id": "2342229"
        }
      ]
    }
  }
}