{
  "person": {
    "hangar_guid": "259aeec2-dd09-4fc5-b2e7-e50da5625cc3",
    "sourceid": "96765f90-7072-436d-8143-264d7cbd7fa9",
    "intressent_id": "0671241874717",
    "hangar_id": "2369384",
    "fodd_ar": "1964",
    "kon": "kvinna",
    "efternamn": "Björnsdotter Rahm",
    "tilltalsnamn": "Elisabeth",
    "sorteringsnamn": "Björnsdotter Rahm,Elisabeth",
    "iort": "",
    "parti": "M",
    "valkrets": "Västerbottens län",
    "status": "Tjänstgörande riksdagsledamot",
    "person_url_xml": "http://data.riksdagen.se/person/96765f90-7072-436d-8143-264d7cbd7fa9",
    "bild_url_80": "http://data.riksdagen.se/filarkiv/bilder/ledamot/96765f90-7072-436d-8143-264d7cbd7fa9_80.jpg",
    "bild_url_192": "http://data.riksdagen.se/filarkiv/bilder/ledamot/96765f90-7072-436d-8143-264d7cbd7fa9_192.jpg",
    "bild_url_max": "http://data.riksdagen.se/filarkiv/bilder/ledamot/96765f90-7072-436d-8143-264d7cbd7fa9_max.jpg",
    "personuppdrag": {
      "uppdrag": [
        {
          "organ_kod": "kam",
          "roll_kod": "Riksdagsledamot",
          "ordningsnummer": "202",
          "status": "Tjänstgörande",
          "typ": "kammaruppdrag",
          "from": "2018-09-24",
          "tom": "2022-09-26",
          "uppgift": "",
          "intressent_id": "0671241874717",
          "hangar_id": "2369384",
          "sortering": "10",
          "organ_sortering": "10",
          "uppdrag_rollsortering": "60",
          "uppdrag_statussortering": "10"
        },
        {
          "organ_kod": "kam",
          "roll_kod": "Riksdagsledamot",
          "ordningsnummer": "169",
          "status": "Tjänstgörande",
          "typ": "kammaruppdrag",
          "from": "2010-10-04",
          "tom": "2014-09-29",
          "uppgift": "",
          "intressent_id": "0671241874717",
          "hangar_id": "2369384",
          "sortering": "10",
          "organ_sortering": "10",
          "uppdrag_rollsortering": "60",
          "uppdrag_statussortering": "10"
        },
        {
          "organ_kod": "NR",
          "roll_kod": "Ledamot",
          "ordningsnummer": "7",
          "status": "",
          "typ": "Riksdagsorgan",
          "from": "2013-09-17",
          "tom": "2014-09-29",
          "uppgift": "Nordiska rådets svenska delegation",
          "intressent_id": "0671241874717",
          "hangar_id": "2369384",
          "sortering": "30",
          "organ_sortering": "300",
          "uppdrag_rollsortering": "90",
          "uppdrag_statussortering": "90"
        },
        {
          "organ_kod": "NR",
          "roll_kod": "Ledamot",
          "ordningsnummer": "7",
          "status": "",
          "typ": "Riksdagsorgan",
          "from": "2012-10-04",
          "tom": "2013-09-16",
          "uppgift": "Nordiska rådets svenska delegation",
          "intressent_id": "0671241874717",
          "hangar_id": "2369384",
          "sortering": "30",
          "organ_sortering": "300",
          "uppdrag_rollsortering": "90",
          "uppdrag_statussortering": "90"
        },
        {
          "organ_kod": "NR",
          "roll_kod": "Ledamot",
          "ordningsnummer": "7",
          "status": "",
          "typ": "Riksdagsorgan",
          "from": "2011-10-12",
          "tom": "2012-09-18",
          "uppgift": "Nordiska rådets svenska delegation",
          "intressent_id": "0671241874717",
          "hangar_id": "2369384",
          "sortering": "30",
          "organ_sortering": "300",
          "uppdrag_rollsortering": "90",
          "uppdrag_statussortering": "90"
        },
        {
          "organ_kod": "NR",
          "roll_kod": "Ledamot",
          "ordningsnummer": "7",
          "status": "",
          "typ": "Riksdagsorgan",
          "from": "2010-10-19",
          "tom": "2011-09-15",
          "uppgift": "Nordiska rådets svenska delegation",
          "intressent_id": "0671241874717",
          "hangar_id": "2369384",
          "sortering": "30",
          "organ_sortering": "300",
          "uppdrag_rollsortering": "90",
          "uppdrag_statussortering": "90"
        },
        {
          "organ_kod": "RB",
          "roll_kod": "Suppleant",
          "ordningsnummer": "2",
          "status": "",
          "typ": "Riksdagsorgan",
          "from": "2014-10-14",
          "tom": "2018-10-09",
          "uppgift": "Riksbanksfullmäktige",
          "intressent_id": "0671241874717",
          "hangar_id": "2369384",
          "sortering": "50",
          "organ_sortering": "300",
          "uppdrag_rollsortering": "90",
          "uppdrag_statussortering": "90"
        },
        {
          "organ_kod": "VB",
          "roll_kod": "Suppleant",
          "ordningsnummer": "10",
          "status": "",
          "typ": "Riksdagsorgan",
          "from": "2018-09-24",
          "tom": "2022-09-26",
          "uppgift": "Valberedningen",
          "intressent_id": "0671241874717",
          "hangar_id": "2369384",
          "sortering": "50",
          "organ_sortering": "300",
          "uppdrag_rollsortering": "90",
          "uppdrag_statussortering": "90"
        },
        {
          "organ_kod": "AU",
          "roll_kod": "Suppleant",
          "ordningsnummer": "4",
          "status": "",
          "typ": "uppdrag",
          "from": "2019-05-10",
          "tom": "2022-09-26",
          "uppgift": "Arbetsmarknadsutskottet",
          "intressent_id": "0671241874717",
          "hangar_id": "2369384",
          "sortering": "50",
          "organ_sortering": "150",
          "uppdrag_rollsortering": "90",
          "uppdrag_statussortering": "90"
        },
        {
          "organ_kod": "AU",
          "roll_kod": "Suppleant",
          "ordningsnummer": "9",
          "status": "",
          "typ": "uppdrag",
          "from": "2018-10-02",
          "tom": "2019-05-10",
          "uppgift": "Arbetsmarknadsutskottet",
          "intressent_id": "0671241874717",
          "hangar_id": "2369384",
          "sortering": "50",
          "organ_sortering": "150",
          "uppdrag_rollsortering": "90",
          "uppdrag_statussortering": "90"
        },
        {
          "organ_kod": "NU",
          "roll_kod": "Suppleant",
          "ordningsnummer": "7",
          "status": "",
          "typ": "uppdrag",
          "from": "2012-04-20",
          "tom": "2014-09-29",
          "uppgift": "Näringsutskottet",
          "intressent_id": "0671241874717",
          "hangar_id": "2369384",
          "sortering": "50",
          "organ_sortering": "150",
          "uppdrag_rollsortering": "90",
          "uppdrag_statussortering": "90"
        },
        {
          "organ_kod": "SfU",
          "roll_kod": "Ledamot",
          "ordningsnummer": "9",
          "status": "",
          "typ": "uppdrag",
          "from": "2018-10-02",
          "tom": "2022-09-26",
          "uppgift": "Socialförsäkringsutskottet",
          "intressent_id": "0671241874717",
          "hangar_id": "2369384",
          "sortering": "30",
          "organ_sortering": "150",
          "uppdrag_rollsortering": "90",
          "uppdrag_statussortering": "90"
        },
        {
          "organ_kod": "UU",
          "roll_kod": "Suppleant",
          "ordningsnummer": "3",
          "status": "",
          "typ": "uppdrag",
          "from": "2010-10-12",
          "tom": "2014-09-29",
          "uppgift": "Utrikesutskottet",
          "intressent_id": "0671241874717",
          "hangar_id": "2369384",
          "sortering": "50",
          "organ_sortering": "150",
          "uppdrag_rollsortering": "90",
          "uppdrag_statussortering": "90"
        },
        {
          "organ_kod": "UFöU",
          "roll_kod": "Suppleant",
          "ordningsnummer": "5",
          "status": "",
          "typ": "uppdrag",
          "from": "2013-11-26",
          "tom": "2013-12-17",
          "uppgift": "Sammansatta utrikes- och försvarsutskottet",
          "intressent_id": "0671241874717",
          "hangar_id": "2369384",
          "sortering": "50",
          "organ_sortering": "160",
          "uppdrag_rollsortering": "90",
          "uppdrag_statussortering": "90"
        },
        {
          "organ_kod": "UFöU",
          "roll_kod": "Suppleant",
          "ordningsnummer": "13",
          "status": "",
          "typ": "uppdrag",
          "from": "2013-04-23",
          "tom": "2013-06-18",
          "uppgift": "Sammansatta utrikes- och försvarsutskottet",
          "intressent_id": "0671241874717",
          "hangar_id": "2369384",
          "sortering": "50",
          "organ_sortering": "160",
          "uppdrag_rollsortering": "90",
          "uppdrag_statussortering": "90"
        },
        {
          "organ_kod": "UFöU",
          "roll_kod": "Suppleant",
          "ordningsnummer": "1",
          "status": "",
          "typ": "uppdrag",
          "from": "2013-02-21",
          "tom": "2013-03-06",
          "uppgift": "Sammansatta utrikes- och försvarsutskottet",
          "intressent_id": "0671241874717",
          "hangar_id": "2369384",
          "sortering": "50",
          "organ_sortering": "160",
          "uppdrag_rollsortering": "90",
          "uppdrag_statussortering": "90"
        },
        {
          "organ_kod": "UFöU",
          "roll_kod": "Suppleant",
          "ordningsnummer": "13",
          "status": "",
          "typ": "uppdrag",
          "from": "2012-11-27",
          "tom": "2012-12-19",
          "uppgift": "Sammansatta utrikes- och försvarsutskottet",
          "intressent_id": "0671241874717",
          "hangar_id": "2369384",
          "sortering": "50",
          "organ_sortering": "160",
          "uppdrag_rollsortering": "90",
          "uppdrag_statussortering": "90"
        },
        {
          "organ_kod": "UFöU",
          "roll_kod": "Suppleant",
          "ordningsnummer": "7",
          "status": "",
          "typ": "uppdrag",
          "from": "2011-11-24",
          "tom": "2011-12-14",
          "uppgift": "Sammansatta utrikes- och försvarsutskottet",
          "intressent_id": "0671241874717",
          "hangar_id": "2369384",
          "sortering": "50",
          "organ_sortering": "160",
          "uppdrag_rollsortering": "90",
          "uppdrag_statussortering": "90"
        },
        {
          "organ_kod": "UFöU",
          "roll_kod": "Suppleant",
          "ordningsnummer": "5",
          "status": "",
          "typ": "uppdrag",
          "from": "2011-06-16",
          "tom": "2011-06-17",
          "uppgift": "Sammansatta utrikes- och försvarsutskottet",
          "intressent_id": "0671241874717",
          "hangar_id": "2369384",
          "sortering": "50",
          "organ_sortering": "160",
          "uppdrag_rollsortering": "90",
          "uppdrag_statussortering": "90"
        },
        {
          "organ_kod": "UFöU",
          "roll_kod": "Suppleant",
          "ordningsnummer": "5",
          "status": "",
          "typ": "uppdrag",
          "from": "2011-03-31",
          "tom": "2011-04-01",
          "uppgift": "Sammansatta utrikes- och försvarsutskottet",
          "intressent_id": "0671241874717",
          "hangar_id": "2369384",
          "sortering": "50",
          "organ_sortering": "160",
          "uppdrag_rollsortering": "90",
          "uppdrag_statussortering": "90"
        },
        {
          "organ_kod": "UFöU",
          "roll_kod": "Suppleant",
          "ordningsnummer": "5",
          "status": "",
          "typ": "uppdrag",
          "from": "2010-11-23",
          "tom": "2010-12-15",
          "uppgift": "Sammansatta utrikes- och försvarsutskottet",
          "intressent_id": "0671241874717",
          "hangar_id": "2369384",
          "sortering": "50",
          "organ_sortering": "160",
          "uppdrag_rollsortering": "90",
          "uppdrag_statussortering": "90"
        }
      ]
    },
    "personuppgift": {
      "uppgift": [
        {
          "kod": "Officiell e-postadress",
          "uppgift": "elisabeth.bjornsdotter.rahm[på]riksdagen.se",
          "typ": "eadress",
          "intressent_id": "0671241874717",
          "hangar_id": "2369384"
        },
        {
          "kod": "Tjänstetelefon",
          "uppgift": "64688",
          "typ": "telefonnummer",
          "intressent_id": "0671241874717",
          "hangar_id": "2369384"
        },
        {
          "kod": "sv",
          "uppgift": "Verksamhetschef.",
          "typ": "titlar",
          "intressent_id": "0671241874717",
          "hangar_id": "2369384"
        },
        {
          "kod": "en",
          "uppgift": "",
          "typ": "titlar",
          "intressent_id": "0671241874717",
          "hangar_id": "2369384"
        },
        {
          "kod": "KandiderarINastaVal",
          "uppgift": "true",
          "typ": "val",
          "intressent_id": "0671241874717",
          "hangar_id": "2369384"
        }
      ]
    }
  }
}