{
  "person": {
    "hangar_guid": "3c807063-f5ed-40dc-85b0-3f682b76b50c",
    "sourceid": "69da57e0-b072-45d0-944a-aa5d3f9e3070",
    "intressent_id": "0996640018922",
    "hangar_id": "3057237",
    "fodd_ar": "1988",
    "kon": "kvinna",
    "efternamn": "Bladelius",
    "tilltalsnamn": "Yasmine",
    "sorteringsnamn": "Bladelius,Yasmine",
    "iort": "",
    "parti": "S",
    "valkrets": "Skåne läns västra",
    "status": "Tjänstgörande riksdagsledamot",
    "person_url_xml": "http://data.riksdagen.se/person/69da57e0-b072-45d0-944a-aa5d3f9e3070",
    "bild_url_80": "http://data.riksdagen.se/filarkiv/bilder/ledamot/69da57e0-b072-45d0-944a-aa5d3f9e3070_80.jpg",
    "bild_url_192": "http://data.riksdagen.se/filarkiv/bilder/ledamot/69da57e0-b072-45d0-944a-aa5d3f9e3070_192.jpg",
    "bild_url_max": "http://data.riksdagen.se/filarkiv/bilder/ledamot/69da57e0-b072-45d0-944a-aa5d3f9e3070_max.jpg",
    "personuppdrag": {
      "uppdrag": [
        {
          "organ_kod": "kam",
          "roll_kod": "Riksdagsledamot",
          "ordningsnummer": "293",
          "status": "Tjänstgörande",
          "typ": "kammaruppdrag",
          "from": "2019-06-01",
          "tom": "2022-09-26",
          "uppgift": "",
          "intressent_id": "0996640018922",
          "hangar_id": "3057237",
          "sortering": "10",
          "organ_sortering": "10",
          "uppdrag_rollsortering": "60",
          "uppdrag_statussortering": "10"
        },
        {
          "organ_kod": "kam",
          "roll_kod": "Riksdagsledamot",
          "ordningsnummer": "293",
          "status": "Ledig",
          "typ": "kammaruppdrag",
          "from": "2018-11-25",
          "tom": "2019-05-31",
          "uppgift": "Lena Emilsson 2018-11-25 - 2019-05-31  Föräldraledighet",
          "intressent_id": "0996640018922",
          "hangar_id": "3057237",
          "sortering": "10",
          "organ_sortering": "10",
          "uppdrag_rollsortering": "60",
          "uppdrag_statussortering": "30"
        },
        {
          "organ_kod": "kam",
          "roll_kod": "Riksdagsledamot",
          "ordningsnummer": "293",
          "status": "Tjänstgörande",
          "typ": "kammaruppdrag",
          "from": "2018-09-24",
          "tom": "2018-11-24",
          "uppgift": "",
          "intressent_id": "0996640018922",
          "hangar_id": "3057237",
          "sortering": "10",
          "organ_sortering": "10",
          "uppdrag_rollsortering": "60",
          "uppdrag_statussortering": "10"
        },
        {
          "organ_kod": "kam",
          "roll_kod": "Riksdagsledamot",
          "ordningsnummer": "330",
          "status": "Tjänstgörande",
          "typ": "kammaruppdrag",
          "from": "2014-09-29",
          "tom": "2018-09-24",
          "uppgift": "",
          "intressent_id": "0996640018922",
          "hangar_id": "3057237",
          "sortering": "10",
          "organ_sortering": "10",
          "uppdrag_rollsortering": "60",
          "uppdrag_statussortering": "10"
        },
        {
          "organ_kod": "PA-UfM",
          "roll_kod": "Ledamot",
          "ordningsnummer": "3",
          "status": "",
          "typ": "Riksdagsorgan",
          "from": "2014-10-28",
          "tom": "2018-10-28",
          "uppgift": "Riksdagens delegation till den parlamentariska församlingen för Unionen för Medelhavet",
          "intressent_id": "0996640018922",
          "hangar_id": "3057237",
          "sortering": "30",
          "organ_sortering": "300",
          "uppdrag_rollsortering": "90",
          "uppdrag_statussortering": "90"
        },
        {
          "organ_kod": "SfU",
          "roll_kod": "Suppleant",
          "ordningsnummer": "24",
          "status": "",
          "typ": "uppdrag",
          "from": "2014-11-05",
          "tom": "2018-09-24",
          "uppgift": "Socialförsäkringsutskottet",
          "intressent_id": "0996640018922",
          "hangar_id": "3057237",
          "sortering": "50",
          "organ_sortering": "150",
          "uppdrag_rollsortering": "90",
          "uppdrag_statussortering": "90"
        },
        {
          "organ_kod": "SfU",
          "roll_kod": "Suppleant",
          "ordningsnummer": "17",
          "status": "",
          "typ": "uppdrag",
          "from": "2014-10-07",
          "tom": "2014-11-04",
          "uppgift": "Socialförsäkringsutskottet",
          "intressent_id": "0996640018922",
          "hangar_id": "3057237",
          "sortering": "50",
          "organ_sortering": "150",
          "uppdrag_rollsortering": "90",
          "uppdrag_statussortering": "90"
        },
        {
          "organ_kod": "SoU",
          "roll_kod": "Ledamot",
          "ordningsnummer": "11",
          "status": "",
          "typ": "uppdrag",
          "from": "2018-10-02",
          "tom": "2022-09-26",
          "uppgift": "Socialutskottet",
          "intressent_id": "0996640018922",
          "hangar_id": "3057237",
          "sortering": "30",
          "organ_sortering": "150",
          "uppdrag_rollsortering": "90",
          "uppdrag_statussortering": "90"
        },
        {
          "organ_kod": "SoU",
          "roll_kod": "Suppleant",
          "ordningsnummer": "1",
          "status": "",
          "typ": "uppdrag",
          "from": "2014-10-07",
          "tom": "2018-09-24",
          "uppgift": "Socialutskottet",
          "intressent_id": "0996640018922",
          "hangar_id": "3057237",
          "sortering": "50",
          "organ_sortering": "150",
          "uppdrag_rollsortering": "90",
          "uppdrag_statussortering": "90"
        },
        {
          "organ_kod": "EUN",
          "roll_kod": "Suppleant",
          "ordningsnummer": "6",
          "status": "",
          "typ": "uppdrag",
          "from": "2018-10-02",
          "tom": "2018-11-24",
          "uppgift": "EU-nämnden",
          "intressent_id": "0996640018922",
          "hangar_id": "3057237",
          "sortering": "50",
          "organ_sortering": "170",
          "uppdrag_rollsortering": "90",
          "uppdrag_statussortering": "90"
        }
      ]
    },
    "personuppgift": {
      "uppgift": [
        {
          "kod": "Officiell e-postadress",
          "uppgift": "yasmine.bladelius[på]riksdagen.se",
          "typ": "eadress",
          "intressent_id": "0996640018922",
          "hangar_id": "3057237"
        },
        {
          "kod": "Tjänstetelefon",
          "uppgift": "65446",
          "typ": "telefonnummer",
          "intressent_id": "0996640018922",
          "hangar_id": "3057237"
        },
        {
          "kod": "KandiderarINastaVal",
          "uppgift": "true",
          "typ": "val",
          "intressent_id": "0996640018922",
          "hangar_id": "3057237"
        }
      ]
    }
  }
}