{
  "person": {
    "hangar_guid": "4c4fa7ec-5a99-4f88-beb1-7bbea6a73da9",
    "sourceid": "ca341dfd-8458-4d48-975c-920ec39c014c",
    "intressent_id": "0227205756208",
    "hangar_id": "2341688",
    "fodd_ar": "1925",
    "kon": "man",
    "efternamn": "Blom",
    "tilltalsnamn": "Lennart",
    "sorteringsnamn": "Blom,Lennart",
    "iort": "",
    "parti": "M",
    "valkrets": "",
    "status": "Tidigare riksdagsledamot",
    "person_url_xml": "http://data.riksdagen.se/person/ca341dfd-8458-4d48-975c-920ec39c014c",
    "bild_url_80": "http://data.riksdagen.se/filarkiv/bilder/ledamot/ca341dfd-8458-4d48-975c-920ec39c014c_80.jpg",
    "bild_url_192": "http://data.riksdagen.se/filarkiv/bilder/ledamot/ca341dfd-8458-4d48-975c-920ec39c014c_192.jpg",
    "bild_url_max": "http://data.riksdagen.se/filarkiv/bilder/ledamot/ca341dfd-8458-4d48-975c-920ec39c014c_max.jpg",
    "personuppdrag": {
      "uppdrag": [
        {
          "organ_kod": "kam",
          "roll_kod": "Riksdagsledamot",
          "ordningsnummer": "0",
          "status": "Tjänstgörande",
          "typ": "kammaruppdrag",
          "from": "1988-06-11",
          "tom": "1988-10-03",
          "uppgift": "",
          "intressent_id": "0227205756208",
          "hangar_id": "2341688",
          "sortering": "10",
          "organ_sortering": "10",
          "uppdrag_rollsortering": "60",
          "uppdrag_statussortering": "10"
        },
        {
          "organ_kod": "kam",
          "roll_kod": "Riksdagsledamot",
          "ordningsnummer": "0",
          "status": "Ledig",
          "typ": "kammaruppdrag",
          "from": "1988-02-16",
          "tom": "1988-06-10",
          "uppgift": "Barbro Nilsson 1988-02-16 - 1988-04-04, Göran Åstrand 1988-04-05 - 1988-06-10",
          "intressent_id": "0227205756208",
          "hangar_id": "2341688",
          "sortering": "10",
          "organ_sortering": "10",
          "uppdrag_rollsortering": "60",
          "uppdrag_statussortering": "30"
        },
        {
          "organ_kod": "kam",
          "roll_kod": "Riksdagsledamot",
          "ordningsnummer": "0",
          "status": "Tjänstgörande",
          "typ": "kammaruppdrag",
          "from": "1987-11-09",
          "tom": "1988-02-15",
          "uppgift": "",
          "intressent_id": "0227205756208",
          "hangar_id": "2341688",
          "sortering": "10",
          "organ_sortering": "10",
          "uppdrag_rollsortering": "60",
          "uppdrag_statussortering": "10"
        },
        {
          "organ_kod": "kam",
          "roll_kod": "Riksdagsledamot",
          "ordningsnummer": "0",
          "status": "Ledig",
          "typ": "kammaruppdrag",
          "from": "1987-10-06",
          "tom": "1987-11-08",
          "uppgift": "Barbro Nilsson 1987-10-06 - 1987-11-08",
          "intressent_id": "0227205756208",
          "hangar_id": "2341688",
          "sortering": "10",
          "organ_sortering": "10",
          "uppdrag_rollsortering": "60",
          "uppdrag_statussortering": "30"
        },
        {
          "organ_kod": "kam",
          "roll_kod": "Riksdagsledamot",
          "ordningsnummer": "0",
          "status": "Tjänstgörande",
          "typ": "kammaruppdrag",
          "from": "1987-06-06",
          "tom": "1987-10-05",
          "uppgift": "",
          "intressent_id": "0227205756208",
          "hangar_id": "2341688",
          "sortering": "10",
          "organ_sortering": "10",
          "uppdrag_rollsortering": "60",
          "uppdrag_statussortering": "10"
        },
        {
          "organ_kod": "kam",
          "roll_kod": "Riksdagsledamot",
          "ordningsnummer": "0",
          "status": "Ledig",
          "typ": "kammaruppdrag",
          "from": "1987-04-27",
          "tom": "1987-06-05",
          "uppgift": "Barbro Nilsson 1987-04-27 - 1987-06-05",
          "intressent_id": "0227205756208",
          "hangar_id": "2341688",
          "sortering": "10",
          "organ_sortering": "10",
          "uppdrag_rollsortering": "60",
          "uppdrag_statussortering": "30"
        },
        {
          "organ_kod": "kam",
          "roll_kod": "Riksdagsledamot",
          "ordningsnummer": "0",
          "status": "Tjänstgörande",
          "typ": "kammaruppdrag",
          "from": "1985-09-30",
          "tom": "1987-04-26",
          "uppgift": "",
          "intressent_id": "0227205756208",
          "hangar_id": "2341688",
          "sortering": "10",
          "organ_sortering": "10",
          "uppdrag_rollsortering": "60",
          "uppdrag_statussortering": "10"
        },
        {
          "organ_kod": "kam",
          "roll_kod": "Riksdagsledamot",
          "ordningsnummer": "0",
          "status": "Tjänstgörande",
          "typ": "kammaruppdrag",
          "from": "1982-10-04",
          "tom": "1985-09-30",
          "uppgift": "",
          "intressent_id": "0227205756208",
          "hangar_id": "2341688",
          "sortering": "10",
          "organ_sortering": "10",
          "uppdrag_rollsortering": "60",
          "uppdrag_statussortering": "10"
        },
        {
          "organ_kod": "kam",
          "roll_kod": "Riksdagsledamot",
          "ordningsnummer": "0",
          "status": "Tjänstgörande",
          "typ": "kammaruppdrag",
          "from": "1979-10-01",
          "tom": "1982-10-04",
          "uppgift": "",
          "intressent_id": "0227205756208",
          "hangar_id": "2341688",
          "sortering": "10",
          "organ_sortering": "10",
          "uppdrag_rollsortering": "60",
          "uppdrag_statussortering": "10"
        }
      ]
    },
    "personuppgift": {
      "uppgift": [
        {
          "kod": "sv",
          "uppgift": "jur.kand.",
          "typ": "titlar",
          "intressent_id": "0227205756208",
          "hangar_id": "2341688"
        },
        {
          "kod": "en",
          "uppgift": "",
          "typ": "titlar",
          "intressent_id": "0227205756208",
          "hangar_id": "2341688"
        }
      ]
    }
  }
}