{
  "person": {
    "hangar_guid": "bdc7390d-9e5a-4c9f-88c0-0a20dc18ae58",
    "sourceid": "e0734364-22c1-11d5-8017-0040ca16072a",
    "intressent_id": "0581480697617",
    "hangar_id": "2343181",
    "fodd_ar": "1962",
    "kon": "man",
    "efternamn": "Bodström",
    "tilltalsnamn": "Thomas",
    "sorteringsnamn": "Bodström,Thomas",
    "iort": "",
    "parti": "S",
    "valkrets": "Stockholms län",
    "status": "Tidigare riksdagsledamot",
    "person_url_xml": "http://data.riksdagen.se/person/e0734364-22c1-11d5-8017-0040ca16072a",
    "bild_url_80": "http://data.riksdagen.se/filarkiv/bilder/ledamot/e0734364-22c1-11d5-8017-0040ca16072a_80.jpg",
    "bild_url_192": "http://data.riksdagen.se/filarkiv/bilder/ledamot/e0734364-22c1-11d5-8017-0040ca16072a_192.jpg",
    "bild_url_max": "http://data.riksdagen.se/filarkiv/bilder/ledamot/e0734364-22c1-11d5-8017-0040ca16072a_max.jpg",
    "personuppdrag": {
      "uppdrag": [
        {
          "organ_kod": "Ju",
          "roll_kod": "Justitieminister",
          "ordningsnummer": "0",
          "status": "",
          "typ": "Departement",
          "from": "2000-10-16",
          "tom": "2006-10-06",
          "uppgift": "Justitiedepartementet",
          "intressent_id": "0581480697617",
          "hangar_id": "2343181",
          "sortering": "50",
          "organ_sortering": "",
          "uppdrag_rollsortering": "90",
          "uppdrag_statussortering": "90"
        },
        {
          "organ_kod": "Ju",
          "roll_kod": "Statsråd",
          "ordningsnummer": "0",
          "status": "",
          "typ": "Departement",
          "from": "2002-09-30",
          "tom": "2006-10-02",
          "uppgift": "Justitiedepartementet",
          "intressent_id": "0581480697617",
          "hangar_id": "2343181",
          "sortering": "100",
          "organ_sortering": "",
          "uppdrag_rollsortering": "90",
          "uppdrag_statussortering": "90"
        },
        {
          "organ_kod": "kam",
          "roll_kod": "Riksdagsledamot",
          "ordningsnummer": "85",
          "status": "Tjänstgörande",
          "typ": "kammaruppdrag",
          "from": "2010-10-04",
          "tom": "2010-10-19",
          "uppgift": "",
          "intressent_id": "0581480697617",
          "hangar_id": "2343181",
          "sortering": "10",
          "organ_sortering": "10",
          "uppdrag_rollsortering": "60",
          "uppdrag_statussortering": "10"
        },
        {
          "organ_kod": "kam",
          "roll_kod": "Riksdagsledamot",
          "ordningsnummer": "269",
          "status": "Tjänstgörande",
          "typ": "kammaruppdrag",
          "from": "2006-10-07",
          "tom": "2010-10-04",
          "uppgift": "",
          "intressent_id": "0581480697617",
          "hangar_id": "2343181",
          "sortering": "10",
          "organ_sortering": "10",
          "uppdrag_rollsortering": "60",
          "uppdrag_statussortering": "10"
        },
        {
          "organ_kod": "kam",
          "roll_kod": "Riksdagsledamot",
          "ordningsnummer": "269",
          "status": "Ledig",
          "typ": "kammaruppdrag",
          "from": "2006-10-02",
          "tom": "2006-10-06",
          "uppgift": "Helena Frisk 2006-10-02 - 2006-10-06",
          "intressent_id": "0581480697617",
          "hangar_id": "2343181",
          "sortering": "10",
          "organ_sortering": "10",
          "uppdrag_rollsortering": "60",
          "uppdrag_statussortering": "30"
        },
        {
          "organ_kod": "kam",
          "roll_kod": "Riksdagsledamot",
          "ordningsnummer": "279",
          "status": "Ledig",
          "typ": "kammaruppdrag",
          "from": "2002-09-30",
          "tom": "2006-10-02",
          "uppgift": "Statsråd",
          "intressent_id": "0581480697617",
          "hangar_id": "2343181",
          "sortering": "10",
          "organ_sortering": "10",
          "uppdrag_rollsortering": "60",
          "uppdrag_statussortering": "30"
        },
        {
          "organ_kod": "KD",
          "roll_kod": "Ledamot",
          "ordningsnummer": "31",
          "status": "",
          "typ": "Riksdagsorgan",
          "from": "2006-10-17",
          "tom": "2010-10-19",
          "uppgift": "Krigsdelegationen",
          "intressent_id": "0581480697617",
          "hangar_id": "2343181",
          "sortering": "30",
          "organ_sortering": "300",
          "uppdrag_rollsortering": "90",
          "uppdrag_statussortering": "90"
        },
        {
          "organ_kod": "CU",
          "roll_kod": "Ledamot",
          "ordningsnummer": "12",
          "status": "",
          "typ": "uppdrag",
          "from": "2010-10-12",
          "tom": "2010-10-19",
          "uppgift": "Civilutskottet",
          "intressent_id": "0581480697617",
          "hangar_id": "2343181",
          "sortering": "30",
          "organ_sortering": "150",
          "uppdrag_rollsortering": "90",
          "uppdrag_statussortering": "90"
        },
        {
          "organ_kod": "JuU",
          "roll_kod": "Ordförande",
          "ordningsnummer": "2",
          "status": "",
          "typ": "uppdrag",
          "from": "2006-10-10",
          "tom": "2010-10-04",
          "uppgift": "Justitieutskottet",
          "intressent_id": "0581480697617",
          "hangar_id": "2343181",
          "sortering": "10",
          "organ_sortering": "150",
          "uppdrag_rollsortering": "90",
          "uppdrag_statussortering": "90"
        }
      ]
    },
    "personuppgift": {
      "uppgift": {
        "kod": "Webbsida",
        "uppgift": "http://www.socialdemokraterna.se/thomasbodstrom",
        "typ": "eadress",
        "intressent_id": "0581480697617",
        "hangar_id": "2343181"
      }
    }
  }
}