{
  "person": {
    "hangar_guid": "e7fd5d87-7cff-483b-9100-1ccd718fbd20",
    "sourceid": "7223f863-4406-4833-8f54-ed21dd2ccbc3",
    "intressent_id": "0108109641223",
    "hangar_id": "2369370",
    "fodd_ar": "1986",
    "kon": "man",
    "efternamn": "Bohlin",
    "tilltalsnamn": "Carl-Oskar",
    "sorteringsnamn": "Bohlin,Carl-Oskar",
    "iort": "",
    "parti": "M",
    "valkrets": "Dalarnas län",
    "status": "Tjänstgörande riksdagsledamot",
    "person_url_xml": "http://data.riksdagen.se/person/7223f863-4406-4833-8f54-ed21dd2ccbc3",
    "bild_url_80": "http://data.riksdagen.se/filarkiv/bilder/ledamot/7223f863-4406-4833-8f54-ed21dd2ccbc3_80.jpg",
    "bild_url_192": "http://data.riksdagen.se/filarkiv/bilder/ledamot/7223f863-4406-4833-8f54-ed21dd2ccbc3_192.jpg",
    "bild_url_max": "http://data.riksdagen.se/filarkiv/bilder/ledamot/7223f863-4406-4833-8f54-ed21dd2ccbc3_max.jpg",
    "personuppdrag": {
      "uppdrag": [
        {
          "organ_kod": "kam",
          "roll_kod": "Riksdagsledamot",
          "ordningsnummer": "201",
          "status": "Tjänstgörande",
          "typ": "kammaruppdrag",
          "from": "2018-09-24",
          "tom": "2022-09-26",
          "uppgift": "",
          "intressent_id": "0108109641223",
          "hangar_id": "2369370",
          "sortering": "10",
          "organ_sortering": "10",
          "uppdrag_rollsortering": "60",
          "uppdrag_statussortering": "10"
        },
        {
          "organ_kod": "kam",
          "roll_kod": "Riksdagsledamot",
          "ordningsnummer": "105",
          "status": "Tjänstgörande",
          "typ": "kammaruppdrag",
          "from": "2014-09-29",
          "tom": "2018-09-24",
          "uppgift": "",
          "intressent_id": "0108109641223",
          "hangar_id": "2369370",
          "sortering": "10",
          "organ_sortering": "10",
          "uppdrag_rollsortering": "60",
          "uppdrag_statussortering": "10"
        },
        {
          "organ_kod": "kam",
          "roll_kod": "Riksdagsledamot",
          "ordningsnummer": "164",
          "status": "Tjänstgörande",
          "typ": "kammaruppdrag",
          "from": "2010-10-04",
          "tom": "2014-09-29",
          "uppgift": "",
          "intressent_id": "0108109641223",
          "hangar_id": "2369370",
          "sortering": "10",
          "organ_sortering": "10",
          "uppdrag_rollsortering": "60",
          "uppdrag_statussortering": "10"
        },
        {
          "organ_kod": "DN",
          "roll_kod": "Personlig ersättare",
          "ordningsnummer": "4",
          "status": "",
          "typ": "Riksdagsorgan",
          "from": "2019-01-01",
          "tom": "2022-12-31",
          "uppgift": "Domarnämnden",
          "intressent_id": "0108109641223",
          "hangar_id": "2369370",
          "sortering": "",
          "organ_sortering": "300",
          "uppdrag_rollsortering": "90",
          "uppdrag_statussortering": "90"
        },
        {
          "organ_kod": "DN",
          "roll_kod": "Personlig ersättare",
          "ordningsnummer": "4",
          "status": "",
          "typ": "Riksdagsorgan",
          "from": "2018-10-24",
          "tom": "2018-12-31",
          "uppgift": "Domarnämnden",
          "intressent_id": "0108109641223",
          "hangar_id": "2369370",
          "sortering": "",
          "organ_sortering": "300",
          "uppdrag_rollsortering": "90",
          "uppdrag_statussortering": "90"
        },
        {
          "organ_kod": "Europol",
          "roll_kod": "Vice ordförande",
          "ordningsnummer": "2",
          "status": "",
          "typ": "Riksdagsorgan",
          "from": "2019-02-05",
          "tom": "2019-10-25",
          "uppgift": "Delegationen till den gemensamma parlamentariska kontrollgruppen för Europol",
          "intressent_id": "0108109641223",
          "hangar_id": "2369370",
          "sortering": "20",
          "organ_sortering": "300",
          "uppdrag_rollsortering": "90",
          "uppdrag_statussortering": "90"
        },
        {
          "organ_kod": "Europol",
          "roll_kod": "Ledamot",
          "ordningsnummer": "2",
          "status": "",
          "typ": "Riksdagsorgan",
          "from": "2019-01-31",
          "tom": "2019-02-05",
          "uppgift": "Delegationen till den gemensamma parlamentariska kontrollgruppen för Europol",
          "intressent_id": "0108109641223",
          "hangar_id": "2369370",
          "sortering": "30",
          "organ_sortering": "300",
          "uppdrag_rollsortering": "90",
          "uppdrag_statussortering": "90"
        },
        {
          "organ_kod": "OSSE",
          "roll_kod": "Suppleant",
          "ordningsnummer": "4",
          "status": "",
          "typ": "Riksdagsorgan",
          "from": "2018-10-09",
          "tom": "2022-10-09",
          "uppgift": "OSSE-delegationen",
          "intressent_id": "0108109641223",
          "hangar_id": "2369370",
          "sortering": "50",
          "organ_sortering": "300",
          "uppdrag_rollsortering": "90",
          "uppdrag_statussortering": "90"
        },
        {
          "organ_kod": "VB",
          "roll_kod": "Suppleant",
          "ordningsnummer": "2",
          "status": "",
          "typ": "Riksdagsorgan",
          "from": "2018-09-24",
          "tom": "2022-09-26",
          "uppgift": "Valberedningen",
          "intressent_id": "0108109641223",
          "hangar_id": "2369370",
          "sortering": "50",
          "organ_sortering": "300",
          "uppdrag_rollsortering": "90",
          "uppdrag_statussortering": "90"
        },
        {
          "organ_kod": "VB",
          "roll_kod": "Suppleant",
          "ordningsnummer": "10",
          "status": "",
          "typ": "Riksdagsorgan",
          "from": "2016-10-26",
          "tom": "2018-09-24",
          "uppgift": "Valberedningen",
          "intressent_id": "0108109641223",
          "hangar_id": "2369370",
          "sortering": "50",
          "organ_sortering": "300",
          "uppdrag_rollsortering": "90",
          "uppdrag_statussortering": "90"
        },
        {
          "organ_kod": "ÖN",
          "roll_kod": "Suppleant",
          "ordningsnummer": "4",
          "status": "",
          "typ": "Riksdagsorgan",
          "from": "2018-10-09",
          "tom": "2022-10-09",
          "uppgift": "Riksdagens överklagandenämnd",
          "intressent_id": "0108109641223",
          "hangar_id": "2369370",
          "sortering": "50",
          "organ_sortering": "300",
          "uppdrag_rollsortering": "90",
          "uppdrag_statussortering": "90"
        },
        {
          "organ_kod": "ÖN",
          "roll_kod": "Suppleant",
          "ordningsnummer": "4",
          "status": "",
          "typ": "Riksdagsorgan",
          "from": "2014-10-14",
          "tom": "2018-10-09",
          "uppgift": "Riksdagens överklagandenämnd",
          "intressent_id": "0108109641223",
          "hangar_id": "2369370",
          "sortering": "50",
          "organ_sortering": "300",
          "uppdrag_rollsortering": "90",
          "uppdrag_statussortering": "90"
        },
        {
          "organ_kod": "CU",
          "roll_kod": "Ledamot",
          "ordningsnummer": "2",
          "status": "",
          "typ": "uppdrag",
          "from": "2019-05-10",
          "tom": "2022-09-26",
          "uppgift": "Civilutskottet",
          "intressent_id": "0108109641223",
          "hangar_id": "2369370",
          "sortering": "30",
          "organ_sortering": "150",
          "uppdrag_rollsortering": "90",
          "uppdrag_statussortering": "90"
        },
        {
          "organ_kod": "CU",
          "roll_kod": "Ledamot",
          "ordningsnummer": "4",
          "status": "",
          "typ": "uppdrag",
          "from": "2017-03-24",
          "tom": "2018-09-24",
          "uppgift": "Civilutskottet",
          "intressent_id": "0108109641223",
          "hangar_id": "2369370",
          "sortering": "30",
          "organ_sortering": "150",
          "uppdrag_rollsortering": "90",
          "uppdrag_statussortering": "90"
        },
        {
          "organ_kod": "CU",
          "roll_kod": "Ledamot",
          "ordningsnummer": "7",
          "status": "",
          "typ": "uppdrag",
          "from": "2014-10-07",
          "tom": "2017-03-24",
          "uppgift": "Civilutskottet",
          "intressent_id": "0108109641223",
          "hangar_id": "2369370",
          "sortering": "30",
          "organ_sortering": "150",
          "uppdrag_rollsortering": "90",
          "uppdrag_statussortering": "90"
        },
        {
          "organ_kod": "JuU",
          "roll_kod": "Ledamot",
          "ordningsnummer": "4",
          "status": "",
          "typ": "uppdrag",
          "from": "2018-10-02",
          "tom": "2019-05-10",
          "uppgift": "Justitieutskottet",
          "intressent_id": "0108109641223",
          "hangar_id": "2369370",
          "sortering": "30",
          "organ_sortering": "150",
          "uppdrag_rollsortering": "90",
          "uppdrag_statussortering": "90"
        },
        {
          "organ_kod": "JuU",
          "roll_kod": "Suppleant",
          "ordningsnummer": "3",
          "status": "",
          "typ": "uppdrag",
          "from": "2014-03-14",
          "tom": "2014-09-29",
          "uppgift": "Justitieutskottet",
          "intressent_id": "0108109641223",
          "hangar_id": "2369370",
          "sortering": "50",
          "organ_sortering": "150",
          "uppdrag_rollsortering": "90",
          "uppdrag_statussortering": "90"
        },
        {
          "organ_kod": "JuU",
          "roll_kod": "Suppleant",
          "ordningsnummer": "1",
          "status": "",
          "typ": "uppdrag",
          "from": "2010-10-12",
          "tom": "2014-03-13",
          "uppgift": "Justitieutskottet",
          "intressent_id": "0108109641223",
          "hangar_id": "2369370",
          "sortering": "50",
          "organ_sortering": "150",
          "uppdrag_rollsortering": "90",
          "uppdrag_statussortering": "90"
        },
        {
          "organ_kod": "KU",
          "roll_kod": "Suppleant",
          "ordningsnummer": "4",
          "status": "",
          "typ": "uppdrag",
          "from": "2018-10-02",
          "tom": "2019-06-17",
          "uppgift": "Konstitutionsutskottet",
          "intressent_id": "0108109641223",
          "hangar_id": "2369370",
          "sortering": "50",
          "organ_sortering": "150",
          "uppdrag_rollsortering": "90",
          "uppdrag_statussortering": "90"
        },
        {
          "organ_kod": "NU",
          "roll_kod": "Suppleant",
          "ordningsnummer": "17",
          "status": "",
          "typ": "uppdrag",
          "from": "2019-02-13",
          "tom": "2019-06-17",
          "uppgift": "Näringsutskottet",
          "intressent_id": "0108109641223",
          "hangar_id": "2369370",
          "sortering": "50",
          "organ_sortering": "150",
          "uppdrag_rollsortering": "90",
          "uppdrag_statussortering": "90"
        },
        {
          "organ_kod": "NU",
          "roll_kod": "Ordförande",
          "ordningsnummer": "17",
          "status": "",
          "typ": "uppdrag",
          "from": "2019-02-26",
          "tom": "2019-05-10",
          "uppgift": "Näringsutskottet",
          "intressent_id": "0108109641223",
          "hangar_id": "2369370",
          "sortering": "10",
          "organ_sortering": "150",
          "uppdrag_rollsortering": "90",
          "uppdrag_statussortering": "90"
        },
        {
          "organ_kod": "SfU",
          "roll_kod": "Suppleant",
          "ordningsnummer": "4",
          "status": "",
          "typ": "uppdrag",
          "from": "2014-10-07",
          "tom": "2018-09-24",
          "uppgift": "Socialförsäkringsutskottet",
          "intressent_id": "0108109641223",
          "hangar_id": "2369370",
          "sortering": "50",
          "organ_sortering": "150",
          "uppdrag_rollsortering": "90",
          "uppdrag_statussortering": "90"
        },
        {
          "organ_kod": "UbU",
          "roll_kod": "Suppleant",
          "ordningsnummer": "5",
          "status": "",
          "typ": "uppdrag",
          "from": "2010-10-12",
          "tom": "2012-04-10",
          "uppgift": "Utbildningsutskottet",
          "intressent_id": "0108109641223",
          "hangar_id": "2369370",
          "sortering": "50",
          "organ_sortering": "150",
          "uppdrag_rollsortering": "90",
          "uppdrag_statussortering": "90"
        },
        {
          "organ_kod": "CKrU",
          "roll_kod": "Deputerad",
          "ordningsnummer": "11",
          "status": "",
          "typ": "uppdrag",
          "from": "2018-03-13",
          "tom": "2018-05-24",
          "uppgift": "Sammansatta civil- och kulturutskottet",
          "intressent_id": "0108109641223",
          "hangar_id": "2369370",
          "sortering": "40",
          "organ_sortering": "160",
          "uppdrag_rollsortering": "90",
          "uppdrag_statussortering": "90"
        },
        {
          "organ_kod": "EUN",
          "roll_kod": "Suppleant",
          "ordningsnummer": "45",
          "status": "",
          "typ": "uppdrag",
          "from": "2013-11-14",
          "tom": "2014-10-07",
          "uppgift": "EU-nämnden",
          "intressent_id": "0108109641223",
          "hangar_id": "2369370",
          "sortering": "50",
          "organ_sortering": "170",
          "uppdrag_rollsortering": "90",
          "uppdrag_statussortering": "90"
        }
      ]
    },
    "personuppgift": {
      "uppgift": [
        {
          "kod": "Officiell e-postadress",
          "uppgift": "carl-oskar.bohlin[på]riksdagen.se",
          "typ": "eadress",
          "intressent_id": "0108109641223",
          "hangar_id": "2369370"
        },
        {
          "kod": "Tjänstetelefon",
          "uppgift": "65704",
          "typ": "telefonnummer",
          "intressent_id": "0108109641223",
          "hangar_id": "2369370"
        },
        {
          "kod": "KandiderarINastaVal",
          "uppgift": "true",
          "typ": "val",
          "intressent_id": "0108109641223",
          "hangar_id": "2369370"
        }
      ]
    }
  }
}