{
  "person": {
    "hangar_guid": "de9d6578-1365-4d55-99a6-e625c24235f6",
    "sourceid": "aa97a0b6-6038-45d8-95a7-c6c21de0777a",
    "intressent_id": "0306428620407",
    "hangar_id": "2341812",
    "fodd_ar": "1932",
    "kon": "kvinna",
    "efternamn": "Bolander",
    "tilltalsnamn": "Gunhild",
    "sorteringsnamn": "Bolander,Gunhild",
    "iort": "",
    "parti": "C",
    "valkrets": "",
    "status": "Tidigare riksdagsledamot",
    "person_url_xml": "http://data.riksdagen.se/person/aa97a0b6-6038-45d8-95a7-c6c21de0777a",
    "bild_url_80": "http://data.riksdagen.se/filarkiv/bilder/ledamot/aa97a0b6-6038-45d8-95a7-c6c21de0777a_80.jpg",
    "bild_url_192": "http://data.riksdagen.se/filarkiv/bilder/ledamot/aa97a0b6-6038-45d8-95a7-c6c21de0777a_192.jpg",
    "bild_url_max": "http://data.riksdagen.se/filarkiv/bilder/ledamot/aa97a0b6-6038-45d8-95a7-c6c21de0777a_max.jpg",
    "personuppdrag": {
      "uppdrag": [
        {
          "organ_kod": "kam",
          "roll_kod": "Riksdagsledamot",
          "ordningsnummer": "134",
          "status": "Tjänstgörande",
          "typ": "kammaruppdrag",
          "from": "1991-09-30",
          "tom": "1994-10-03",
          "uppgift": "",
          "intressent_id": "0306428620407",
          "hangar_id": "2341812",
          "sortering": "10",
          "organ_sortering": "10",
          "uppdrag_rollsortering": "60",
          "uppdrag_statussortering": "10"
        },
        {
          "organ_kod": "kam",
          "roll_kod": "Riksdagsledamot",
          "ordningsnummer": "133",
          "status": "Tjänstgörande",
          "typ": "kammaruppdrag",
          "from": "1988-10-03",
          "tom": "1991-09-30",
          "uppgift": "",
          "intressent_id": "0306428620407",
          "hangar_id": "2341812",
          "sortering": "10",
          "organ_sortering": "10",
          "uppdrag_rollsortering": "60",
          "uppdrag_statussortering": "10"
        },
        {
          "organ_kod": "kam",
          "roll_kod": "Riksdagsledamot",
          "ordningsnummer": "0",
          "status": "Tjänstgörande",
          "typ": "kammaruppdrag",
          "from": "1985-09-30",
          "tom": "1988-10-03",
          "uppgift": "",
          "intressent_id": "0306428620407",
          "hangar_id": "2341812",
          "sortering": "10",
          "organ_sortering": "10",
          "uppdrag_rollsortering": "60",
          "uppdrag_statussortering": "10"
        },
        {
          "organ_kod": "kam",
          "roll_kod": "Riksdagsledamot",
          "ordningsnummer": "0",
          "status": "Tjänstgörande",
          "typ": "kammaruppdrag",
          "from": "1982-10-04",
          "tom": "1985-09-30",
          "uppgift": "",
          "intressent_id": "0306428620407",
          "hangar_id": "2341812",
          "sortering": "10",
          "organ_sortering": "10",
          "uppdrag_rollsortering": "60",
          "uppdrag_statussortering": "10"
        },
        {
          "organ_kod": "RFK",
          "roll_kod": "Suppleant",
          "ordningsnummer": "0",
          "status": "",
          "typ": "Riksdagsorgan",
          "from": "1991-10-08",
          "tom": "1994-10-03",
          "uppgift": "Riksdagens förvaltningskontor",
          "intressent_id": "0306428620407",
          "hangar_id": "2341812",
          "sortering": "50",
          "organ_sortering": "300",
          "uppdrag_rollsortering": "90",
          "uppdrag_statussortering": "90"
        },
        {
          "organ_kod": "AU",
          "roll_kod": "Suppleant",
          "ordningsnummer": "0",
          "status": "",
          "typ": "uppdrag",
          "from": "1989-02-24",
          "tom": "1991-09-29",
          "uppgift": "Arbetsmarknadsutskottet",
          "intressent_id": "0306428620407",
          "hangar_id": "2341812",
          "sortering": "50",
          "organ_sortering": "150",
          "uppdrag_rollsortering": "90",
          "uppdrag_statussortering": "90"
        }
      ]
    },
    "personuppgift": ""
  }
}