{
  "person": {
    "hangar_guid": "f38775c0-0e3d-4314-87a9-62d07bb6a1dc",
    "sourceid": "64af7549-c94a-4f90-bbab-0c61a15c83c8",
    "intressent_id": "0746759738009",
    "hangar_id": "2341896",
    "fodd_ar": "1935",
    "kon": "kvinna",
    "efternamn": "Boström",
    "tilltalsnamn": "Lena",
    "sorteringsnamn": "Boström,Lena",
    "iort": "",
    "parti": "S",
    "valkrets": "",
    "status": "Tidigare riksdagsledamot",
    "person_url_xml": "http://data.riksdagen.se/person/64af7549-c94a-4f90-bbab-0c61a15c83c8",
    "bild_url_80": "http://data.riksdagen.se/filarkiv/bilder/ledamot/64af7549-c94a-4f90-bbab-0c61a15c83c8_80.jpg",
    "bild_url_192": "http://data.riksdagen.se/filarkiv/bilder/ledamot/64af7549-c94a-4f90-bbab-0c61a15c83c8_192.jpg",
    "bild_url_max": "http://data.riksdagen.se/filarkiv/bilder/ledamot/64af7549-c94a-4f90-bbab-0c61a15c83c8_max.jpg",
    "personuppdrag": {
      "uppdrag": [
        {
          "organ_kod": "kam",
          "roll_kod": "Riksdagsledamot",
          "ordningsnummer": "337",
          "status": "Tjänstgörande",
          "typ": "kammaruppdrag",
          "from": "1993-06-01",
          "tom": "1994-10-03",
          "uppgift": "",
          "intressent_id": "0746759738009",
          "hangar_id": "2341896",
          "sortering": "10",
          "organ_sortering": "10",
          "uppdrag_rollsortering": "60",
          "uppdrag_statussortering": "10"
        },
        {
          "organ_kod": "kam",
          "roll_kod": "Riksdagsledamot",
          "ordningsnummer": "337",
          "status": "Ledig",
          "typ": "kammaruppdrag",
          "from": "1993-03-08",
          "tom": "1993-05-31",
          "uppgift": "Eivor Husing 1993-03-08 - 1993-05-31",
          "intressent_id": "0746759738009",
          "hangar_id": "2341896",
          "sortering": "10",
          "organ_sortering": "10",
          "uppdrag_rollsortering": "60",
          "uppdrag_statussortering": "30"
        },
        {
          "organ_kod": "kam",
          "roll_kod": "Riksdagsledamot",
          "ordningsnummer": "337",
          "status": "Tjänstgörande",
          "typ": "kammaruppdrag",
          "from": "1991-09-30",
          "tom": "1993-03-07",
          "uppgift": "",
          "intressent_id": "0746759738009",
          "hangar_id": "2341896",
          "sortering": "10",
          "organ_sortering": "10",
          "uppdrag_rollsortering": "60",
          "uppdrag_statussortering": "10"
        },
        {
          "organ_kod": "kam",
          "roll_kod": "Riksdagsledamot",
          "ordningsnummer": "338",
          "status": "Tjänstgörande",
          "typ": "kammaruppdrag",
          "from": "1988-10-03",
          "tom": "1991-09-30",
          "uppgift": "",
          "intressent_id": "0746759738009",
          "hangar_id": "2341896",
          "sortering": "10",
          "organ_sortering": "10",
          "uppdrag_rollsortering": "60",
          "uppdrag_statussortering": "10"
        },
        {
          "organ_kod": "JuU",
          "roll_kod": "Suppleant",
          "ordningsnummer": "0",
          "status": "",
          "typ": "uppdrag",
          "from": "1994-01-27",
          "tom": "1994-10-02",
          "uppgift": "Justitieutskottet",
          "intressent_id": "0746759738009",
          "hangar_id": "2341896",
          "sortering": "50",
          "organ_sortering": "150",
          "uppdrag_rollsortering": "90",
          "uppdrag_statussortering": "90"
        },
        {
          "organ_kod": "UU",
          "roll_kod": "Suppleant",
          "ordningsnummer": "0",
          "status": "",
          "typ": "uppdrag",
          "from": "1991-09-30",
          "tom": "1994-10-02",
          "uppgift": "Utrikesutskottet",
          "intressent_id": "0746759738009",
          "hangar_id": "2341896",
          "sortering": "50",
          "organ_sortering": "150",
          "uppdrag_rollsortering": "90",
          "uppdrag_statussortering": "90"
        },
        {
          "organ_kod": "UU",
          "roll_kod": "Suppleant",
          "ordningsnummer": "0",
          "status": "",
          "typ": "uppdrag",
          "from": "1988-10-11",
          "tom": "1991-09-29",
          "uppgift": "Utrikesutskottet",
          "intressent_id": "0746759738009",
          "hangar_id": "2341896",
          "sortering": "50",
          "organ_sortering": "150",
          "uppdrag_rollsortering": "90",
          "uppdrag_statussortering": "90"
        },
        {
          "organ_kod": "LU",
          "roll_kod": "Ledamot",
          "ordningsnummer": "0",
          "status": "",
          "typ": "uppdrag",
          "from": "1991-09-30",
          "tom": "1993-02-25",
          "uppgift": "Lagutskottet",
          "intressent_id": "0746759738009",
          "hangar_id": "2341896",
          "sortering": "30",
          "organ_sortering": "165",
          "uppdrag_rollsortering": "90",
          "uppdrag_statussortering": "90"
        },
        {
          "organ_kod": "LU",
          "roll_kod": "Ledamot",
          "ordningsnummer": "0",
          "status": "",
          "typ": "uppdrag",
          "from": "1988-10-11",
          "tom": "1991-09-29",
          "uppgift": "Lagutskottet",
          "intressent_id": "0746759738009",
          "hangar_id": "2341896",
          "sortering": "30",
          "organ_sortering": "165",
          "uppdrag_rollsortering": "90",
          "uppdrag_statussortering": "90"
        }
      ]
    },
    "personuppgift": {
      "uppgift": [
        {
          "kod": "sv",
          "uppgift": "sekreterare",
          "typ": "titlar",
          "intressent_id": "0746759738009",
          "hangar_id": "2341896"
        },
        {
          "kod": "en",
          "uppgift": "",
          "typ": "titlar",
          "intressent_id": "0746759738009",
          "hangar_id": "2341896"
        }
      ]
    }
  }
}