{
  "person": {
    "hangar_guid": "10192a9b-d33b-483f-9e63-e2a568fa0f8d",
    "sourceid": "a65ace9d-bbae-43cd-8a21-119c8b3b0bfb",
    "intressent_id": "0729710260118",
    "hangar_id": "2343202",
    "fodd_ar": "1962",
    "kon": "kvinna",
    "efternamn": "Bouveng",
    "tilltalsnamn": "Helena",
    "sorteringsnamn": "Bouveng,Helena",
    "iort": "",
    "parti": "M",
    "valkrets": "Jönköpings län",
    "status": "Tjänstgörande riksdagsledamot",
    "person_url_xml": "http://data.riksdagen.se/person/a65ace9d-bbae-43cd-8a21-119c8b3b0bfb",
    "bild_url_80": "http://data.riksdagen.se/filarkiv/bilder/ledamot/a65ace9d-bbae-43cd-8a21-119c8b3b0bfb_80.jpg",
    "bild_url_192": "http://data.riksdagen.se/filarkiv/bilder/ledamot/a65ace9d-bbae-43cd-8a21-119c8b3b0bfb_192.jpg",
    "bild_url_max": "http://data.riksdagen.se/filarkiv/bilder/ledamot/a65ace9d-bbae-43cd-8a21-119c8b3b0bfb_max.jpg",
    "personuppdrag": {
      "uppdrag": [
        {
          "organ_kod": "kam",
          "roll_kod": "Riksdagsledamot",
          "ordningsnummer": "183",
          "status": "Tjänstgörande",
          "typ": "kammaruppdrag",
          "from": "2018-09-24",
          "tom": "2022-09-26",
          "uppgift": "",
          "intressent_id": "0729710260118",
          "hangar_id": "2343202",
          "sortering": "10",
          "organ_sortering": "10",
          "uppdrag_rollsortering": "60",
          "uppdrag_statussortering": "10"
        },
        {
          "organ_kod": "kam",
          "roll_kod": "Riksdagsledamot",
          "ordningsnummer": "252",
          "status": "Tjänstgörande",
          "typ": "kammaruppdrag",
          "from": "2014-09-29",
          "tom": "2018-09-24",
          "uppgift": "",
          "intressent_id": "0729710260118",
          "hangar_id": "2343202",
          "sortering": "10",
          "organ_sortering": "10",
          "uppdrag_rollsortering": "60",
          "uppdrag_statussortering": "10"
        },
        {
          "organ_kod": "kam",
          "roll_kod": "Riksdagsledamot",
          "ordningsnummer": "323",
          "status": "Tjänstgörande",
          "typ": "kammaruppdrag",
          "from": "2010-10-04",
          "tom": "2014-09-29",
          "uppgift": "",
          "intressent_id": "0729710260118",
          "hangar_id": "2343202",
          "sortering": "10",
          "organ_sortering": "10",
          "uppdrag_rollsortering": "60",
          "uppdrag_statussortering": "10"
        },
        {
          "organ_kod": "kam",
          "roll_kod": "Riksdagsledamot",
          "ordningsnummer": "326",
          "status": "Tjänstgörande",
          "typ": "kammaruppdrag",
          "from": "2006-10-02",
          "tom": "2010-10-04",
          "uppgift": "",
          "intressent_id": "0729710260118",
          "hangar_id": "2343202",
          "sortering": "10",
          "organ_sortering": "10",
          "uppdrag_rollsortering": "60",
          "uppdrag_statussortering": "10"
        },
        {
          "organ_kod": "Europol",
          "roll_kod": "Suppleant",
          "ordningsnummer": "4",
          "status": "",
          "typ": "Riksdagsorgan",
          "from": "2019-01-31",
          "tom": "2022-10-09",
          "uppgift": "Delegationen till den gemensamma parlamentariska kontrollgruppen för Europol",
          "intressent_id": "0729710260118",
          "hangar_id": "2343202",
          "sortering": "50",
          "organ_sortering": "300",
          "uppdrag_rollsortering": "90",
          "uppdrag_statussortering": "90"
        },
        {
          "organ_kod": "NR",
          "roll_kod": "Suppleant",
          "ordningsnummer": "11",
          "status": "",
          "typ": "Riksdagsorgan",
          "from": "2017-09-28",
          "tom": "2018-10-09",
          "uppgift": "Nordiska rådets svenska delegation",
          "intressent_id": "0729710260118",
          "hangar_id": "2343202",
          "sortering": "50",
          "organ_sortering": "300",
          "uppdrag_rollsortering": "90",
          "uppdrag_statussortering": "90"
        },
        {
          "organ_kod": "NR",
          "roll_kod": "Suppleant",
          "ordningsnummer": "11",
          "status": "",
          "typ": "Riksdagsorgan",
          "from": "2016-10-26",
          "tom": "2017-09-28",
          "uppgift": "Nordiska rådets svenska delegation",
          "intressent_id": "0729710260118",
          "hangar_id": "2343202",
          "sortering": "50",
          "organ_sortering": "300",
          "uppdrag_rollsortering": "90",
          "uppdrag_statussortering": "90"
        },
        {
          "organ_kod": "NR",
          "roll_kod": "Suppleant",
          "ordningsnummer": "16",
          "status": "",
          "typ": "Riksdagsorgan",
          "from": "2016-09-29",
          "tom": "2016-10-26",
          "uppgift": "Nordiska rådets svenska delegation",
          "intressent_id": "0729710260118",
          "hangar_id": "2343202",
          "sortering": "50",
          "organ_sortering": "300",
          "uppdrag_rollsortering": "90",
          "uppdrag_statussortering": "90"
        },
        {
          "organ_kod": "NR",
          "roll_kod": "Suppleant",
          "ordningsnummer": "16",
          "status": "",
          "typ": "Riksdagsorgan",
          "from": "2015-10-01",
          "tom": "2016-09-29",
          "uppgift": "Nordiska rådets svenska delegation",
          "intressent_id": "0729710260118",
          "hangar_id": "2343202",
          "sortering": "50",
          "organ_sortering": "300",
          "uppdrag_rollsortering": "90",
          "uppdrag_statussortering": "90"
        },
        {
          "organ_kod": "NR",
          "roll_kod": "Suppleant",
          "ordningsnummer": "16",
          "status": "",
          "typ": "Riksdagsorgan",
          "from": "2014-10-07",
          "tom": "2015-10-01",
          "uppgift": "Nordiska rådets svenska delegation",
          "intressent_id": "0729710260118",
          "hangar_id": "2343202",
          "sortering": "50",
          "organ_sortering": "300",
          "uppdrag_rollsortering": "90",
          "uppdrag_statussortering": "90"
        },
        {
          "organ_kod": "VB",
          "roll_kod": "Ledamot",
          "ordningsnummer": "10",
          "status": "",
          "typ": "Riksdagsorgan",
          "from": "2018-09-24",
          "tom": "2022-09-26",
          "uppgift": "Valberedningen",
          "intressent_id": "0729710260118",
          "hangar_id": "2343202",
          "sortering": "30",
          "organ_sortering": "300",
          "uppdrag_rollsortering": "90",
          "uppdrag_statussortering": "90"
        },
        {
          "organ_kod": "VB",
          "roll_kod": "Ledamot",
          "ordningsnummer": "10",
          "status": "",
          "typ": "Riksdagsorgan",
          "from": "2016-10-26",
          "tom": "2018-09-24",
          "uppgift": "Valberedningen",
          "intressent_id": "0729710260118",
          "hangar_id": "2343202",
          "sortering": "30",
          "organ_sortering": "300",
          "uppdrag_rollsortering": "90",
          "uppdrag_statussortering": "90"
        },
        {
          "organ_kod": "VB",
          "roll_kod": "Suppleant",
          "ordningsnummer": "2",
          "status": "",
          "typ": "Riksdagsorgan",
          "from": "2015-03-12",
          "tom": "2016-10-26",
          "uppgift": "Valberedningen",
          "intressent_id": "0729710260118",
          "hangar_id": "2343202",
          "sortering": "50",
          "organ_sortering": "300",
          "uppdrag_rollsortering": "90",
          "uppdrag_statussortering": "90"
        },
        {
          "organ_kod": "ÖN",
          "roll_kod": "Ledamot",
          "ordningsnummer": "2",
          "status": "",
          "typ": "Riksdagsorgan",
          "from": "2018-10-24",
          "tom": "2022-10-09",
          "uppgift": "Riksdagens överklagandenämnd",
          "intressent_id": "0729710260118",
          "hangar_id": "2343202",
          "sortering": "30",
          "organ_sortering": "300",
          "uppdrag_rollsortering": "90",
          "uppdrag_statussortering": "90"
        },
        {
          "organ_kod": "ÖN",
          "roll_kod": "Suppleant",
          "ordningsnummer": "2",
          "status": "",
          "typ": "Riksdagsorgan",
          "from": "2018-10-09",
          "tom": "2018-10-24",
          "uppgift": "Riksdagens överklagandenämnd",
          "intressent_id": "0729710260118",
          "hangar_id": "2343202",
          "sortering": "50",
          "organ_sortering": "300",
          "uppdrag_rollsortering": "90",
          "uppdrag_statussortering": "90"
        },
        {
          "organ_kod": "ÖN",
          "roll_kod": "Suppleant",
          "ordningsnummer": "2",
          "status": "",
          "typ": "Riksdagsorgan",
          "from": "2014-10-14",
          "tom": "2018-10-09",
          "uppgift": "Riksdagens överklagandenämnd",
          "intressent_id": "0729710260118",
          "hangar_id": "2343202",
          "sortering": "50",
          "organ_sortering": "300",
          "uppdrag_rollsortering": "90",
          "uppdrag_statussortering": "90"
        },
        {
          "organ_kod": "ÖN",
          "roll_kod": "Suppleant",
          "ordningsnummer": "3",
          "status": "",
          "typ": "Riksdagsorgan",
          "from": "2010-10-19",
          "tom": "2014-10-14",
          "uppgift": "Riksdagens överklagandenämnd",
          "intressent_id": "0729710260118",
          "hangar_id": "2343202",
          "sortering": "50",
          "organ_sortering": "300",
          "uppdrag_rollsortering": "90",
          "uppdrag_statussortering": "90"
        },
        {
          "organ_kod": "AU",
          "roll_kod": "Suppleant",
          "ordningsnummer": "9",
          "status": "",
          "typ": "uppdrag",
          "from": "2019-06-17",
          "tom": "2022-09-26",
          "uppgift": "Arbetsmarknadsutskottet",
          "intressent_id": "0729710260118",
          "hangar_id": "2343202",
          "sortering": "50",
          "organ_sortering": "150",
          "uppdrag_rollsortering": "90",
          "uppdrag_statussortering": "90"
        },
        {
          "organ_kod": "JuU",
          "roll_kod": "Ledamot",
          "ordningsnummer": "7",
          "status": "",
          "typ": "uppdrag",
          "from": "2010-10-12",
          "tom": "2011-11-22",
          "uppgift": "Justitieutskottet",
          "intressent_id": "0729710260118",
          "hangar_id": "2343202",
          "sortering": "30",
          "organ_sortering": "150",
          "uppdrag_rollsortering": "90",
          "uppdrag_statussortering": "90"
        },
        {
          "organ_kod": "JuU",
          "roll_kod": "Ledamot",
          "ordningsnummer": "13",
          "status": "",
          "typ": "uppdrag",
          "from": "2006-10-10",
          "tom": "2010-10-04",
          "uppgift": "Justitieutskottet",
          "intressent_id": "0729710260118",
          "hangar_id": "2343202",
          "sortering": "30",
          "organ_sortering": "150",
          "uppdrag_rollsortering": "90",
          "uppdrag_statussortering": "90"
        },
        {
          "organ_kod": "KrU",
          "roll_kod": "Suppleant",
          "ordningsnummer": "28",
          "status": "",
          "typ": "uppdrag",
          "from": "2019-02-27",
          "tom": "2019-06-17",
          "uppgift": "Kulturutskottet",
          "intressent_id": "0729710260118",
          "hangar_id": "2343202",
          "sortering": "50",
          "organ_sortering": "150",
          "uppdrag_rollsortering": "90",
          "uppdrag_statussortering": "90"
        },
        {
          "organ_kod": "KrU",
          "roll_kod": "Suppleant",
          "ordningsnummer": "4",
          "status": "",
          "typ": "uppdrag",
          "from": "2014-10-07",
          "tom": "2018-09-24",
          "uppgift": "Kulturutskottet",
          "intressent_id": "0729710260118",
          "hangar_id": "2343202",
          "sortering": "50",
          "organ_sortering": "150",
          "uppdrag_rollsortering": "90",
          "uppdrag_statussortering": "90"
        },
        {
          "organ_kod": "KrU",
          "roll_kod": "Suppleant",
          "ordningsnummer": "7",
          "status": "",
          "typ": "uppdrag",
          "from": "2010-10-12",
          "tom": "2014-09-29",
          "uppgift": "Kulturutskottet",
          "intressent_id": "0729710260118",
          "hangar_id": "2343202",
          "sortering": "50",
          "organ_sortering": "150",
          "uppdrag_rollsortering": "90",
          "uppdrag_statussortering": "90"
        },
        {
          "organ_kod": "KrU",
          "roll_kod": "Suppleant",
          "ordningsnummer": "10",
          "status": "",
          "typ": "uppdrag",
          "from": "2010-03-10",
          "tom": "2010-10-04",
          "uppgift": "Kulturutskottet",
          "intressent_id": "0729710260118",
          "hangar_id": "2343202",
          "sortering": "50",
          "organ_sortering": "150",
          "uppdrag_rollsortering": "90",
          "uppdrag_statussortering": "90"
        },
        {
          "organ_kod": "SkU",
          "roll_kod": "Ledamot",
          "ordningsnummer": "4",
          "status": "",
          "typ": "uppdrag",
          "from": "2018-10-02",
          "tom": "2022-09-26",
          "uppgift": "Skatteutskottet",
          "intressent_id": "0729710260118",
          "hangar_id": "2343202",
          "sortering": "30",
          "organ_sortering": "150",
          "uppdrag_rollsortering": "90",
          "uppdrag_statussortering": "90"
        },
        {
          "organ_kod": "SkU",
          "roll_kod": "Ledamot",
          "ordningsnummer": "4",
          "status": "",
          "typ": "uppdrag",
          "from": "2015-12-18",
          "tom": "2018-09-24",
          "uppgift": "Skatteutskottet",
          "intressent_id": "0729710260118",
          "hangar_id": "2343202",
          "sortering": "30",
          "organ_sortering": "150",
          "uppdrag_rollsortering": "90",
          "uppdrag_statussortering": "90"
        },
        {
          "organ_kod": "SkU",
          "roll_kod": "Ledamot",
          "ordningsnummer": "7",
          "status": "",
          "typ": "uppdrag",
          "from": "2015-10-01",
          "tom": "2015-12-18",
          "uppgift": "Skatteutskottet",
          "intressent_id": "0729710260118",
          "hangar_id": "2343202",
          "sortering": "30",
          "organ_sortering": "150",
          "uppdrag_rollsortering": "90",
          "uppdrag_statussortering": "90"
        },
        {
          "organ_kod": "SkU",
          "roll_kod": "Ledamot",
          "ordningsnummer": "11",
          "status": "",
          "typ": "uppdrag",
          "from": "2014-10-07",
          "tom": "2015-10-01",
          "uppgift": "Skatteutskottet",
          "intressent_id": "0729710260118",
          "hangar_id": "2343202",
          "sortering": "30",
          "organ_sortering": "150",
          "uppdrag_rollsortering": "90",
          "uppdrag_statussortering": "90"
        },
        {
          "organ_kod": "SoU",
          "roll_kod": "Ledamot",
          "ordningsnummer": "5",
          "status": "",
          "typ": "uppdrag",
          "from": "2011-11-23",
          "tom": "2014-09-29",
          "uppgift": "Socialutskottet",
          "intressent_id": "0729710260118",
          "hangar_id": "2343202",
          "sortering": "30",
          "organ_sortering": "150",
          "uppdrag_rollsortering": "90",
          "uppdrag_statussortering": "90"
        },
        {
          "organ_kod": "SoU",
          "roll_kod": "Suppleant",
          "ordningsnummer": "10",
          "status": "",
          "typ": "uppdrag",
          "from": "2006-10-10",
          "tom": "2010-03-10",
          "uppgift": "Socialutskottet",
          "intressent_id": "0729710260118",
          "hangar_id": "2343202",
          "sortering": "50",
          "organ_sortering": "150",
          "uppdrag_rollsortering": "90",
          "uppdrag_statussortering": "90"
        },
        {
          "organ_kod": "JuSoU",
          "roll_kod": "Deputerad",
          "ordningsnummer": "0",
          "status": "",
          "typ": "uppdrag",
          "from": "2008-03-13",
          "tom": "2008-05-07",
          "uppgift": "Sammansatta justitie- och socialutskottet",
          "intressent_id": "0729710260118",
          "hangar_id": "2343202",
          "sortering": "40",
          "organ_sortering": "160",
          "uppdrag_rollsortering": "90",
          "uppdrag_statussortering": "90"
        },
        {
          "organ_kod": "JuSoU",
          "roll_kod": "Suppleant",
          "ordningsnummer": "0",
          "status": "",
          "typ": "uppdrag",
          "from": "2008-01-29",
          "tom": "2008-03-13",
          "uppgift": "Sammansatta justitie- och socialutskottet",
          "intressent_id": "0729710260118",
          "hangar_id": "2343202",
          "sortering": "50",
          "organ_sortering": "160",
          "uppdrag_rollsortering": "90",
          "uppdrag_statussortering": "90"
        },
        {
          "organ_kod": "EUN",
          "roll_kod": "Ledamot",
          "ordningsnummer": "4",
          "status": "",
          "typ": "uppdrag",
          "from": "2019-12-19",
          "tom": "2022-09-26",
          "uppgift": "EU-nämnden",
          "intressent_id": "0729710260118",
          "hangar_id": "2343202",
          "sortering": "30",
          "organ_sortering": "170",
          "uppdrag_rollsortering": "90",
          "uppdrag_statussortering": "90"
        },
        {
          "organ_kod": "EUN",
          "roll_kod": "Suppleant",
          "ordningsnummer": "2",
          "status": "",
          "typ": "uppdrag",
          "from": "2018-10-02",
          "tom": "2019-12-19",
          "uppgift": "EU-nämnden",
          "intressent_id": "0729710260118",
          "hangar_id": "2343202",
          "sortering": "50",
          "organ_sortering": "170",
          "uppdrag_rollsortering": "90",
          "uppdrag_statussortering": "90"
        },
        {
          "organ_kod": "EUN",
          "roll_kod": "Suppleant",
          "ordningsnummer": "68",
          "status": "",
          "typ": "uppdrag",
          "from": "2017-05-04",
          "tom": "2018-10-02",
          "uppgift": "EU-nämnden",
          "intressent_id": "0729710260118",
          "hangar_id": "2343202",
          "sortering": "50",
          "organ_sortering": "170",
          "uppdrag_rollsortering": "90",
          "uppdrag_statussortering": "90"
        },
        {
          "organ_kod": "EUN",
          "roll_kod": "Suppleant",
          "ordningsnummer": "69",
          "status": "",
          "typ": "uppdrag",
          "from": "2016-06-14",
          "tom": "2017-05-04",
          "uppgift": "EU-nämnden",
          "intressent_id": "0729710260118",
          "hangar_id": "2343202",
          "sortering": "50",
          "organ_sortering": "170",
          "uppdrag_rollsortering": "90",
          "uppdrag_statussortering": "90"
        },
        {
          "organ_kod": "EUN",
          "roll_kod": "Suppleant",
          "ordningsnummer": "70",
          "status": "",
          "typ": "uppdrag",
          "from": "2015-12-17",
          "tom": "2016-06-13",
          "uppgift": "EU-nämnden",
          "intressent_id": "0729710260118",
          "hangar_id": "2343202",
          "sortering": "50",
          "organ_sortering": "170",
          "uppdrag_rollsortering": "90",
          "uppdrag_statussortering": "90"
        }
      ]
    },
    "personuppgift": {
      "uppgift": [
        {
          "kod": "Webbsida",
          "uppgift": "http://moderaterna.se/jonkoping/helena-bouveng",
          "typ": "eadress",
          "intressent_id": "0729710260118",
          "hangar_id": "2343202"
        },
        {
          "kod": "Officiell e-postadress",
          "uppgift": "helena.bouveng[på]riksdagen.se",
          "typ": "eadress",
          "intressent_id": "0729710260118",
          "hangar_id": "2343202"
        },
        {
          "kod": "Tjänstetelefon",
          "uppgift": "66724",
          "typ": "telefonnummer",
          "intressent_id": "0729710260118",
          "hangar_id": "2343202"
        },
        {
          "kod": "sv",
          "uppgift": "Marknadsekonom.",
          "typ": "titlar",
          "intressent_id": "0729710260118",
          "hangar_id": "2343202"
        },
        {
          "kod": "en",
          "uppgift": "",
          "typ": "titlar",
          "intressent_id": "0729710260118",
          "hangar_id": "2343202"
        },
        {
          "kod": "KandiderarINastaVal",
          "uppgift": "true",
          "typ": "val",
          "intressent_id": "0729710260118",
          "hangar_id": "2343202"
        }
      ]
    }
  }
}