{
  "person": {
    "hangar_guid": "6723e544-cf45-4bb3-a725-5aac2c79d9c3",
    "sourceid": "82c04123-e305-41c5-b669-ebb1ad8ff413",
    "intressent_id": "0139582082909",
    "hangar_id": "2342208",
    "fodd_ar": "1943",
    "kon": "kvinna",
    "efternamn": "Branting",
    "tilltalsnamn": "Charlotte",
    "sorteringsnamn": "Branting,Charlotte",
    "iort": "",
    "parti": "FP",
    "valkrets": "",
    "status": "Tidigare riksdagsledamot",
    "person_url_xml": "http://data.riksdagen.se/person/82c04123-e305-41c5-b669-ebb1ad8ff413",
    "bild_url_80": "http://data.riksdagen.se/filarkiv/bilder/ledamot/82c04123-e305-41c5-b669-ebb1ad8ff413_80.jpg",
    "bild_url_192": "http://data.riksdagen.se/filarkiv/bilder/ledamot/82c04123-e305-41c5-b669-ebb1ad8ff413_192.jpg",
    "bild_url_max": "http://data.riksdagen.se/filarkiv/bilder/ledamot/82c04123-e305-41c5-b669-ebb1ad8ff413_max.jpg",
    "personuppdrag": {
      "uppdrag": [
        {
          "organ_kod": "kam",
          "roll_kod": "Riksdagsledamot",
          "ordningsnummer": "118",
          "status": "Tjänstgörande",
          "typ": "kammaruppdrag",
          "from": "1991-12-10",
          "tom": "1994-10-03",
          "uppgift": "",
          "intressent_id": "0139582082909",
          "hangar_id": "2342208",
          "sortering": "10",
          "organ_sortering": "10",
          "uppdrag_rollsortering": "60",
          "uppdrag_statussortering": "10"
        },
        {
          "organ_kod": "kam",
          "roll_kod": "Riksdagsledamot",
          "ordningsnummer": "118",
          "status": "Ledig",
          "typ": "kammaruppdrag",
          "from": "1991-11-09",
          "tom": "1991-12-09",
          "uppgift": "Ronny Karlsson 1991-11-09 - 1991-12-09",
          "intressent_id": "0139582082909",
          "hangar_id": "2342208",
          "sortering": "10",
          "organ_sortering": "10",
          "uppdrag_rollsortering": "60",
          "uppdrag_statussortering": "30"
        },
        {
          "organ_kod": "kam",
          "roll_kod": "Riksdagsledamot",
          "ordningsnummer": "118",
          "status": "Tjänstgörande",
          "typ": "kammaruppdrag",
          "from": "1991-09-30",
          "tom": "1991-11-08",
          "uppgift": "",
          "intressent_id": "0139582082909",
          "hangar_id": "2342208",
          "sortering": "10",
          "organ_sortering": "10",
          "uppdrag_rollsortering": "60",
          "uppdrag_statussortering": "10"
        },
        {
          "organ_kod": "kam",
          "roll_kod": "Riksdagsledamot",
          "ordningsnummer": "122",
          "status": "Tjänstgörande",
          "typ": "kammaruppdrag",
          "from": "1988-10-03",
          "tom": "1991-09-30",
          "uppgift": "",
          "intressent_id": "0139582082909",
          "hangar_id": "2342208",
          "sortering": "10",
          "organ_sortering": "10",
          "uppdrag_rollsortering": "60",
          "uppdrag_statussortering": "10"
        },
        {
          "organ_kod": "kam",
          "roll_kod": "Riksdagsledamot",
          "ordningsnummer": "0",
          "status": "Tjänstgörande",
          "typ": "kammaruppdrag",
          "from": "1985-09-30",
          "tom": "1988-10-03",
          "uppgift": "",
          "intressent_id": "0139582082909",
          "hangar_id": "2342208",
          "sortering": "10",
          "organ_sortering": "10",
          "uppdrag_rollsortering": "60",
          "uppdrag_statussortering": "10"
        },
        {
          "organ_kod": "KD",
          "roll_kod": "Ledamot",
          "ordningsnummer": "0",
          "status": "",
          "typ": "Riksdagsorgan",
          "from": "1991-10-15",
          "tom": "1994-10-03",
          "uppgift": "Krigsdelegationen",
          "intressent_id": "0139582082909",
          "hangar_id": "2342208",
          "sortering": "30",
          "organ_sortering": "300",
          "uppdrag_rollsortering": "90",
          "uppdrag_statussortering": "90"
        },
        {
          "organ_kod": "UN",
          "roll_kod": "Suppleant",
          "ordningsnummer": "0",
          "status": "",
          "typ": "Riksdagsorgan",
          "from": "1994-06-20",
          "tom": "1994-10-03",
          "uppgift": "Utrikesnämnden",
          "intressent_id": "0139582082909",
          "hangar_id": "2342208",
          "sortering": "50",
          "organ_sortering": "300",
          "uppdrag_rollsortering": "90",
          "uppdrag_statussortering": "90"
        },
        {
          "organ_kod": "KrU",
          "roll_kod": "Vice ordförande",
          "ordningsnummer": "0",
          "status": "",
          "typ": "uppdrag",
          "from": "1992-07-01",
          "tom": "1994-10-02",
          "uppgift": "Kulturutskottet",
          "intressent_id": "0139582082909",
          "hangar_id": "2342208",
          "sortering": "20",
          "organ_sortering": "150",
          "uppdrag_rollsortering": "90",
          "uppdrag_statussortering": "90"
        },
        {
          "organ_kod": "KrU",
          "roll_kod": "Ledamot",
          "ordningsnummer": "0",
          "status": "",
          "typ": "uppdrag",
          "from": "1991-10-08",
          "tom": "1992-06-30",
          "uppgift": "Kulturutskottet",
          "intressent_id": "0139582082909",
          "hangar_id": "2342208",
          "sortering": "30",
          "organ_sortering": "150",
          "uppdrag_rollsortering": "90",
          "uppdrag_statussortering": "90"
        },
        {
          "organ_kod": "UU",
          "roll_kod": "Suppleant",
          "ordningsnummer": "0",
          "status": "",
          "typ": "uppdrag",
          "from": "1994-06-20",
          "tom": "1994-10-02",
          "uppgift": "Utrikesutskottet",
          "intressent_id": "0139582082909",
          "hangar_id": "2342208",
          "sortering": "50",
          "organ_sortering": "150",
          "uppdrag_rollsortering": "90",
          "uppdrag_statussortering": "90"
        }
      ]
    },
    "personuppgift": {
      "uppgift": [
        {
          "kod": "sv",
          "uppgift": "lärare",
          "typ": "titlar",
          "intressent_id": "0139582082909",
          "hangar_id": "2342208"
        },
        {
          "kod": "en",
          "uppgift": "",
          "typ": "titlar",
          "intressent_id": "0139582082909",
          "hangar_id": "2342208"
        }
      ]
    }
  }
}