{
  "person": {
    "hangar_guid": "b5f0b75f-bd72-48ca-bcb4-cf8216d707f3",
    "sourceid": "d7c32391-83e4-11d4-ae60-0050040c9b55",
    "intressent_id": "0997123540801",
    "hangar_id": "2342373",
    "fodd_ar": "1946",
    "kon": "kvinna",
    "efternamn": "Brendt",
    "tilltalsnamn": "Agneta",
    "sorteringsnamn": "Brendt,Agneta",
    "iort": "",
    "parti": "S",
    "valkrets": "",
    "status": "Tidigare riksdagsledamot",
    "person_url_xml": "http://data.riksdagen.se/person/d7c32391-83e4-11d4-ae60-0050040c9b55",
    "bild_url_80": "http://data.riksdagen.se/filarkiv/bilder/ledamot/d7c32391-83e4-11d4-ae60-0050040c9b55_80.jpg",
    "bild_url_192": "http://data.riksdagen.se/filarkiv/bilder/ledamot/d7c32391-83e4-11d4-ae60-0050040c9b55_192.jpg",
    "bild_url_max": "http://data.riksdagen.se/filarkiv/bilder/ledamot/d7c32391-83e4-11d4-ae60-0050040c9b55_max.jpg",
    "personuppdrag": {
      "uppdrag": [
        {
          "organ_kod": "kam",
          "roll_kod": "Riksdagsledamot",
          "ordningsnummer": "310",
          "status": "Tjänstgörande",
          "typ": "kammaruppdrag",
          "from": "1999-04-13",
          "tom": "2002-09-30",
          "uppgift": "",
          "intressent_id": "0997123540801",
          "hangar_id": "2342373",
          "sortering": "10",
          "organ_sortering": "10",
          "uppdrag_rollsortering": "60",
          "uppdrag_statussortering": "10"
        },
        {
          "organ_kod": "kam",
          "roll_kod": "Ersättare",
          "ordningsnummer": "310",
          "status": "Ersättare",
          "typ": "kammaruppdrag",
          "from": "1998-10-05",
          "tom": "1999-04-12",
          "uppgift": "Erik Åsbrink",
          "intressent_id": "0997123540801",
          "hangar_id": "2342373",
          "sortering": "45",
          "organ_sortering": "10",
          "uppdrag_rollsortering": "60",
          "uppdrag_statussortering": "20"
        },
        {
          "organ_kod": "kam",
          "roll_kod": "Ersättare",
          "ordningsnummer": "307",
          "status": "Ersättare",
          "typ": "kammaruppdrag",
          "from": "1996-03-23",
          "tom": "1998-10-05",
          "uppgift": "Ulrica Messing",
          "intressent_id": "0997123540801",
          "hangar_id": "2342373",
          "sortering": "45",
          "organ_sortering": "10",
          "uppdrag_rollsortering": "60",
          "uppdrag_statussortering": "20"
        },
        {
          "organ_kod": "kam",
          "roll_kod": "Ersättare",
          "ordningsnummer": "302",
          "status": "Ersättare",
          "typ": "kammaruppdrag",
          "from": "1996-03-04",
          "tom": "1996-03-23",
          "uppgift": "Karl Hagström",
          "intressent_id": "0997123540801",
          "hangar_id": "2342373",
          "sortering": "45",
          "organ_sortering": "10",
          "uppdrag_rollsortering": "60",
          "uppdrag_statussortering": "20"
        },
        {
          "organ_kod": "kam",
          "roll_kod": "Ersättare",
          "ordningsnummer": "299",
          "status": "Ersättare",
          "typ": "kammaruppdrag",
          "from": "1995-01-10",
          "tom": "1995-10-09",
          "uppgift": "Axel Andersson",
          "intressent_id": "0997123540801",
          "hangar_id": "2342373",
          "sortering": "45",
          "organ_sortering": "10",
          "uppdrag_rollsortering": "60",
          "uppdrag_statussortering": "20"
        },
        {
          "organ_kod": "NR",
          "roll_kod": "Suppleant",
          "ordningsnummer": "0",
          "status": "",
          "typ": "Riksdagsorgan",
          "from": "2000-02-08",
          "tom": "2002-09-30",
          "uppgift": "Nordiska rådets svenska delegation",
          "intressent_id": "0997123540801",
          "hangar_id": "2342373",
          "sortering": "50",
          "organ_sortering": "300",
          "uppdrag_rollsortering": "90",
          "uppdrag_statussortering": "90"
        },
        {
          "organ_kod": "FiU",
          "roll_kod": "Suppleant",
          "ordningsnummer": "0",
          "status": "",
          "typ": "uppdrag",
          "from": "1998-10-13",
          "tom": "2002-09-30",
          "uppgift": "Finansutskottet",
          "intressent_id": "0997123540801",
          "hangar_id": "2342373",
          "sortering": "50",
          "organ_sortering": "150",
          "uppdrag_rollsortering": "90",
          "uppdrag_statussortering": "90"
        },
        {
          "organ_kod": "KU",
          "roll_kod": "Suppleant",
          "ordningsnummer": "0",
          "status": "",
          "typ": "uppdrag",
          "from": "1995-01-19",
          "tom": "1995-10-09",
          "uppgift": "Konstitutionsutskottet",
          "intressent_id": "0997123540801",
          "hangar_id": "2342373",
          "sortering": "50",
          "organ_sortering": "150",
          "uppdrag_rollsortering": "90",
          "uppdrag_statussortering": "90"
        },
        {
          "organ_kod": "SkU",
          "roll_kod": "Suppleant",
          "ordningsnummer": "0",
          "status": "",
          "typ": "uppdrag",
          "from": "1996-03-06",
          "tom": "1998-10-04",
          "uppgift": "Skatteutskottet",
          "intressent_id": "0997123540801",
          "hangar_id": "2342373",
          "sortering": "50",
          "organ_sortering": "150",
          "uppdrag_rollsortering": "90",
          "uppdrag_statussortering": "90"
        },
        {
          "organ_kod": "UU",
          "roll_kod": "Ledamot",
          "ordningsnummer": "0",
          "status": "",
          "typ": "uppdrag",
          "from": "1998-10-13",
          "tom": "2002-09-30",
          "uppgift": "Utrikesutskottet",
          "intressent_id": "0997123540801",
          "hangar_id": "2342373",
          "sortering": "30",
          "organ_sortering": "150",
          "uppdrag_rollsortering": "90",
          "uppdrag_statussortering": "90"
        },
        {
          "organ_kod": "UU",
          "roll_kod": "Ledamot",
          "ordningsnummer": "0",
          "status": "",
          "typ": "uppdrag",
          "from": "1996-09-24",
          "tom": "1998-10-04",
          "uppgift": "Utrikesutskottet",
          "intressent_id": "0997123540801",
          "hangar_id": "2342373",
          "sortering": "30",
          "organ_sortering": "150",
          "uppdrag_rollsortering": "90",
          "uppdrag_statussortering": "90"
        },
        {
          "organ_kod": "UU",
          "roll_kod": "Suppleant",
          "ordningsnummer": "0",
          "status": "",
          "typ": "uppdrag",
          "from": "1996-04-19",
          "tom": "1996-09-16",
          "uppgift": "Utrikesutskottet",
          "intressent_id": "0997123540801",
          "hangar_id": "2342373",
          "sortering": "50",
          "organ_sortering": "150",
          "uppdrag_rollsortering": "90",
          "uppdrag_statussortering": "90"
        },
        {
          "organ_kod": "UU",
          "roll_kod": "Suppleant",
          "ordningsnummer": "0",
          "status": "",
          "typ": "uppdrag",
          "from": "1995-01-19",
          "tom": "1995-10-09",
          "uppgift": "Utrikesutskottet",
          "intressent_id": "0997123540801",
          "hangar_id": "2342373",
          "sortering": "50",
          "organ_sortering": "150",
          "uppdrag_rollsortering": "90",
          "uppdrag_statussortering": "90"
        },
        {
          "organ_kod": "KUU",
          "roll_kod": "Suppleant",
          "ordningsnummer": "0",
          "status": "",
          "typ": "uppdrag",
          "from": "2002-04-18",
          "tom": "2002-06-04",
          "uppgift": "Sammansatta konstitutions- och utrikesutskottet",
          "intressent_id": "0997123540801",
          "hangar_id": "2342373",
          "sortering": "50",
          "organ_sortering": "160",
          "uppdrag_rollsortering": "90",
          "uppdrag_statussortering": "90"
        },
        {
          "organ_kod": "UFöU",
          "roll_kod": "Suppleant",
          "ordningsnummer": "0",
          "status": "",
          "typ": "uppdrag",
          "from": "1998-10-05",
          "tom": "2002-09-30",
          "uppgift": "Sammansatta utrikes- och försvarsutskottet",
          "intressent_id": "0997123540801",
          "hangar_id": "2342373",
          "sortering": "50",
          "organ_sortering": "160",
          "uppdrag_rollsortering": "90",
          "uppdrag_statussortering": "90"
        },
        {
          "organ_kod": "UFöU",
          "roll_kod": "Suppleant",
          "ordningsnummer": "0",
          "status": "",
          "typ": "uppdrag",
          "from": "2002-05-31",
          "tom": "2002-06-12",
          "uppgift": "Sammansatta utrikes- och försvarsutskottet",
          "intressent_id": "0997123540801",
          "hangar_id": "2342373",
          "sortering": "50",
          "organ_sortering": "160",
          "uppdrag_rollsortering": "90",
          "uppdrag_statussortering": "90"
        },
        {
          "organ_kod": "UFöU",
          "roll_kod": "Deputerad",
          "ordningsnummer": "0",
          "status": "",
          "typ": "uppdrag",
          "from": "2002-01-17",
          "tom": "2002-01-18",
          "uppgift": "Sammansatta utrikes- och försvarsutskottet",
          "intressent_id": "0997123540801",
          "hangar_id": "2342373",
          "sortering": "40",
          "organ_sortering": "160",
          "uppdrag_rollsortering": "90",
          "uppdrag_statussortering": "90"
        },
        {
          "organ_kod": "UFöU",
          "roll_kod": "Suppleant",
          "ordningsnummer": "0",
          "status": "",
          "typ": "uppdrag",
          "from": "2001-10-25",
          "tom": "2001-12-11",
          "uppgift": "Sammansatta utrikes- och försvarsutskottet",
          "intressent_id": "0997123540801",
          "hangar_id": "2342373",
          "sortering": "50",
          "organ_sortering": "160",
          "uppdrag_rollsortering": "90",
          "uppdrag_statussortering": "90"
        },
        {
          "organ_kod": "UFöU",
          "roll_kod": "Suppleant",
          "ordningsnummer": "0",
          "status": "",
          "typ": "uppdrag",
          "from": "1999-03-23",
          "tom": "1999-09-13",
          "uppgift": "Sammansatta utrikes- och försvarsutskottet",
          "intressent_id": "0997123540801",
          "hangar_id": "2342373",
          "sortering": "50",
          "organ_sortering": "160",
          "uppdrag_rollsortering": "90",
          "uppdrag_statussortering": "90"
        },
        {
          "organ_kod": "UFöU",
          "roll_kod": "Suppleant",
          "ordningsnummer": "0",
          "status": "",
          "typ": "uppdrag",
          "from": "1996-10-21",
          "tom": "1996-11-20",
          "uppgift": "Sammansatta utrikes- och försvarsutskottet",
          "intressent_id": "0997123540801",
          "hangar_id": "2342373",
          "sortering": "50",
          "organ_sortering": "160",
          "uppdrag_rollsortering": "90",
          "uppdrag_statussortering": "90"
        }
      ]
    },
    "personuppgift": {
      "uppgift": [
        {
          "kod": "sv",
          "uppgift": "lärare",
          "typ": "titlar",
          "intressent_id": "0997123540801",
          "hangar_id": "2342373"
        },
        {
          "kod": "en",
          "uppgift": "Teacher",
          "typ": "titlar",
          "intressent_id": "0997123540801",
          "hangar_id": "2342373"
        }
      ]
    }
  }
}