{
  "person": {
    "hangar_guid": "77cb0992-3c49-47ae-b980-b59d5267e07a",
    "sourceid": "7ea7b429-bc62-4329-ab58-7100a7a2370a",
    "intressent_id": "0116603319117",
    "hangar_id": "2343438",
    "fodd_ar": "1969",
    "kon": "kvinna",
    "efternamn": "Brink",
    "tilltalsnamn": "Josefin",
    "sorteringsnamn": "Brink,Josefin",
    "iort": "",
    "parti": "V",
    "valkrets": "Stockholms kommun",
    "status": "Tidigare riksdagsledamot",
    "person_url_xml": "http://data.riksdagen.se/person/7ea7b429-bc62-4329-ab58-7100a7a2370a",
    "bild_url_80": "http://data.riksdagen.se/filarkiv/bilder/ledamot/7ea7b429-bc62-4329-ab58-7100a7a2370a_80.jpg",
    "bild_url_192": "http://data.riksdagen.se/filarkiv/bilder/ledamot/7ea7b429-bc62-4329-ab58-7100a7a2370a_192.jpg",
    "bild_url_max": "http://data.riksdagen.se/filarkiv/bilder/ledamot/7ea7b429-bc62-4329-ab58-7100a7a2370a_max.jpg",
    "personuppdrag": {
      "uppdrag": [
        {
          "organ_kod": "kam",
          "roll_kod": "Riksdagsledamot",
          "ordningsnummer": "208",
          "status": "Ledig",
          "typ": "kammaruppdrag",
          "from": "2013-11-14",
          "tom": "2014-09-29",
          "uppgift": "Ali Esbati 2013-11-14 - 2014-09-29  Sjukledighet",
          "intressent_id": "0116603319117",
          "hangar_id": "2343438",
          "sortering": "10",
          "organ_sortering": "10",
          "uppdrag_rollsortering": "60",
          "uppdrag_statussortering": "30"
        },
        {
          "organ_kod": "kam",
          "roll_kod": "Riksdagsledamot",
          "ordningsnummer": "208",
          "status": "Tjänstgörande",
          "typ": "kammaruppdrag",
          "from": "2013-05-01",
          "tom": "2013-11-13",
          "uppgift": "",
          "intressent_id": "0116603319117",
          "hangar_id": "2343438",
          "sortering": "10",
          "organ_sortering": "10",
          "uppdrag_rollsortering": "60",
          "uppdrag_statussortering": "10"
        },
        {
          "organ_kod": "kam",
          "roll_kod": "Riksdagsledamot",
          "ordningsnummer": "208",
          "status": "Ledig",
          "typ": "kammaruppdrag",
          "from": "2013-02-13",
          "tom": "2013-04-30",
          "uppgift": "Ali Esbati 2013-02-13 - 2013-04-30  Sjukledighet",
          "intressent_id": "0116603319117",
          "hangar_id": "2343438",
          "sortering": "10",
          "organ_sortering": "10",
          "uppdrag_rollsortering": "60",
          "uppdrag_statussortering": "30"
        },
        {
          "organ_kod": "kam",
          "roll_kod": "Riksdagsledamot",
          "ordningsnummer": "208",
          "status": "Tjänstgörande",
          "typ": "kammaruppdrag",
          "from": "2010-10-04",
          "tom": "2013-02-12",
          "uppgift": "",
          "intressent_id": "0116603319117",
          "hangar_id": "2343438",
          "sortering": "10",
          "organ_sortering": "10",
          "uppdrag_rollsortering": "60",
          "uppdrag_statussortering": "10"
        },
        {
          "organ_kod": "kam",
          "roll_kod": "Riksdagsledamot",
          "ordningsnummer": "319",
          "status": "Tjänstgörande",
          "typ": "kammaruppdrag",
          "from": "2006-10-02",
          "tom": "2010-10-04",
          "uppgift": "",
          "intressent_id": "0116603319117",
          "hangar_id": "2343438",
          "sortering": "10",
          "organ_sortering": "10",
          "uppdrag_rollsortering": "60",
          "uppdrag_statussortering": "10"
        },
        {
          "organ_kod": "VB",
          "roll_kod": "Suppleant",
          "ordningsnummer": "6",
          "status": "",
          "typ": "Riksdagsorgan",
          "from": "2006-10-02",
          "tom": "2010-10-04",
          "uppgift": "Valberedningen",
          "intressent_id": "0116603319117",
          "hangar_id": "2343438",
          "sortering": "50",
          "organ_sortering": "300",
          "uppdrag_rollsortering": "90",
          "uppdrag_statussortering": "90"
        },
        {
          "organ_kod": "AU",
          "roll_kod": "Ledamot",
          "ordningsnummer": "17",
          "status": "",
          "typ": "uppdrag",
          "from": "2010-10-12",
          "tom": "2014-09-29",
          "uppgift": "Arbetsmarknadsutskottet",
          "intressent_id": "0116603319117",
          "hangar_id": "2343438",
          "sortering": "30",
          "organ_sortering": "150",
          "uppdrag_rollsortering": "90",
          "uppdrag_statussortering": "90"
        },
        {
          "organ_kod": "AU",
          "roll_kod": "Ledamot",
          "ordningsnummer": "14",
          "status": "",
          "typ": "uppdrag",
          "from": "2006-10-10",
          "tom": "2010-10-04",
          "uppgift": "Arbetsmarknadsutskottet",
          "intressent_id": "0116603319117",
          "hangar_id": "2343438",
          "sortering": "30",
          "organ_sortering": "150",
          "uppdrag_rollsortering": "90",
          "uppdrag_statussortering": "90"
        }
      ]
    },
    "personuppgift": {
      "uppgift": [
        {
          "kod": "sv",
          "uppgift": "Journalist/Informationssekreterare",
          "typ": "titlar",
          "intressent_id": "0116603319117",
          "hangar_id": "2343438"
        },
        {
          "kod": "en",
          "uppgift": "",
          "typ": "titlar",
          "intressent_id": "0116603319117",
          "hangar_id": "2343438"
        }
      ]
    }
  }
}