{
  "person": {
    "hangar_guid": "92afaca5-ec0c-4161-911f-1862bf90e9e7",
    "sourceid": "814e335b-70d6-4e06-b204-006d032231c8",
    "intressent_id": "0181478122414",
    "hangar_id": "2342950",
    "fodd_ar": "1956",
    "kon": "kvinna",
    "efternamn": "Brodén",
    "tilltalsnamn": "Anne Marie",
    "sorteringsnamn": "Brodén,Anne Marie",
    "iort": "",
    "parti": "M",
    "valkrets": "Hallands län",
    "status": "Tidigare riksdagsledamot",
    "person_url_xml": "http://data.riksdagen.se/person/814e335b-70d6-4e06-b204-006d032231c8",
    "bild_url_80": "http://data.riksdagen.se/filarkiv/bilder/ledamot/814e335b-70d6-4e06-b204-006d032231c8_80.jpg",
    "bild_url_192": "http://data.riksdagen.se/filarkiv/bilder/ledamot/814e335b-70d6-4e06-b204-006d032231c8_192.jpg",
    "bild_url_max": "http://data.riksdagen.se/filarkiv/bilder/ledamot/814e335b-70d6-4e06-b204-006d032231c8_max.jpg",
    "personuppdrag": {
      "uppdrag": [
        {
          "organ_kod": "kam",
          "roll_kod": "Riksdagsledamot",
          "ordningsnummer": "96",
          "status": "Tjänstgörande",
          "typ": "kammaruppdrag",
          "from": "2010-10-04",
          "tom": "2014-09-29",
          "uppgift": "",
          "intressent_id": "0181478122414",
          "hangar_id": "2342950",
          "sortering": "10",
          "organ_sortering": "10",
          "uppdrag_rollsortering": "60",
          "uppdrag_statussortering": "10"
        },
        {
          "organ_kod": "kam",
          "roll_kod": "Riksdagsledamot",
          "ordningsnummer": "126",
          "status": "Tjänstgörande",
          "typ": "kammaruppdrag",
          "from": "2006-10-02",
          "tom": "2010-10-04",
          "uppgift": "",
          "intressent_id": "0181478122414",
          "hangar_id": "2342950",
          "sortering": "10",
          "organ_sortering": "10",
          "uppdrag_rollsortering": "60",
          "uppdrag_statussortering": "10"
        },
        {
          "organ_kod": "kam",
          "roll_kod": "Riksdagsledamot",
          "ordningsnummer": "198",
          "status": "Tjänstgörande",
          "typ": "kammaruppdrag",
          "from": "2002-09-30",
          "tom": "2006-10-02",
          "uppgift": "",
          "intressent_id": "0181478122414",
          "hangar_id": "2342950",
          "sortering": "10",
          "organ_sortering": "10",
          "uppdrag_rollsortering": "60",
          "uppdrag_statussortering": "10"
        },
        {
          "organ_kod": "FiU",
          "roll_kod": "Suppleant",
          "ordningsnummer": "18",
          "status": "",
          "typ": "uppdrag",
          "from": "2006-10-24",
          "tom": "2010-10-04",
          "uppgift": "Finansutskottet",
          "intressent_id": "0181478122414",
          "hangar_id": "2342950",
          "sortering": "50",
          "organ_sortering": "150",
          "uppdrag_rollsortering": "90",
          "uppdrag_statussortering": "90"
        },
        {
          "organ_kod": "KrU",
          "roll_kod": "Ledamot",
          "ordningsnummer": "3",
          "status": "",
          "typ": "uppdrag",
          "from": "2010-10-12",
          "tom": "2014-09-29",
          "uppgift": "Kulturutskottet",
          "intressent_id": "0181478122414",
          "hangar_id": "2342950",
          "sortering": "30",
          "organ_sortering": "150",
          "uppdrag_rollsortering": "90",
          "uppdrag_statussortering": "90"
        },
        {
          "organ_kod": "KrU",
          "roll_kod": "Ledamot",
          "ordningsnummer": "3",
          "status": "",
          "typ": "uppdrag",
          "from": "2006-10-10",
          "tom": "2010-10-04",
          "uppgift": "Kulturutskottet",
          "intressent_id": "0181478122414",
          "hangar_id": "2342950",
          "sortering": "30",
          "organ_sortering": "150",
          "uppdrag_rollsortering": "90",
          "uppdrag_statussortering": "90"
        },
        {
          "organ_kod": "KrU",
          "roll_kod": "Suppleant",
          "ordningsnummer": "0",
          "status": "",
          "typ": "uppdrag",
          "from": "2003-02-19",
          "tom": "2006-10-02",
          "uppgift": "Kulturutskottet",
          "intressent_id": "0181478122414",
          "hangar_id": "2342950",
          "sortering": "50",
          "organ_sortering": "150",
          "uppdrag_rollsortering": "90",
          "uppdrag_statussortering": "90"
        },
        {
          "organ_kod": "SfU",
          "roll_kod": "Suppleant",
          "ordningsnummer": "0",
          "status": "",
          "typ": "uppdrag",
          "from": "2003-01-01",
          "tom": "2006-10-02",
          "uppgift": "Socialförsäkringsutskottet",
          "intressent_id": "0181478122414",
          "hangar_id": "2342950",
          "sortering": "50",
          "organ_sortering": "150",
          "uppdrag_rollsortering": "90",
          "uppdrag_statussortering": "90"
        },
        {
          "organ_kod": "SfU",
          "roll_kod": "Suppleant",
          "ordningsnummer": "0",
          "status": "",
          "typ": "uppdrag",
          "from": "2002-10-08",
          "tom": "2002-11-14",
          "uppgift": "Socialförsäkringsutskottet",
          "intressent_id": "0181478122414",
          "hangar_id": "2342950",
          "sortering": "50",
          "organ_sortering": "150",
          "uppdrag_rollsortering": "90",
          "uppdrag_statussortering": "90"
        },
        {
          "organ_kod": "SoU",
          "roll_kod": "Ledamot",
          "ordningsnummer": "0",
          "status": "",
          "typ": "uppdrag",
          "from": "2002-11-14",
          "tom": "2006-10-02",
          "uppgift": "Socialutskottet",
          "intressent_id": "0181478122414",
          "hangar_id": "2342950",
          "sortering": "30",
          "organ_sortering": "150",
          "uppdrag_rollsortering": "90",
          "uppdrag_statussortering": "90"
        },
        {
          "organ_kod": "SoU",
          "roll_kod": "Suppleant",
          "ordningsnummer": "0",
          "status": "",
          "typ": "uppdrag",
          "from": "2002-10-08",
          "tom": "2002-11-14",
          "uppgift": "Socialutskottet",
          "intressent_id": "0181478122414",
          "hangar_id": "2342950",
          "sortering": "50",
          "organ_sortering": "150",
          "uppdrag_rollsortering": "90",
          "uppdrag_statussortering": "90"
        },
        {
          "organ_kod": "BoU",
          "roll_kod": "Suppleant",
          "ordningsnummer": "0",
          "status": "",
          "typ": "uppdrag",
          "from": "2002-10-08",
          "tom": "2002-11-13",
          "uppgift": "Bostadsutskottet",
          "intressent_id": "0181478122414",
          "hangar_id": "2342950",
          "sortering": "50",
          "organ_sortering": "165",
          "uppdrag_rollsortering": "90",
          "uppdrag_statussortering": "90"
        },
        {
          "organ_kod": "EUN",
          "roll_kod": "Suppleant",
          "ordningsnummer": "0",
          "status": "",
          "typ": "uppdrag",
          "from": "2003-06-11",
          "tom": "2005-10-12",
          "uppgift": "EU-nämnden",
          "intressent_id": "0181478122414",
          "hangar_id": "2342950",
          "sortering": "50",
          "organ_sortering": "170",
          "uppdrag_rollsortering": "90",
          "uppdrag_statussortering": "90"
        }
      ]
    },
    "personuppgift": {
      "uppgift": [
        {
          "kod": "sv",
          "uppgift": "Företagare/Handikappkonsulent",
          "typ": "titlar",
          "intressent_id": "0181478122414",
          "hangar_id": "2342950"
        },
        {
          "kod": "en",
          "uppgift": "Disability Adviser",
          "typ": "titlar",
          "intressent_id": "0181478122414",
          "hangar_id": "2342950"
        }
      ]
    }
  }
}