{
  "person": {
    "hangar_guid": "0de78c31-12b2-4596-a434-d8f60b1deeb5",
    "sourceid": "08c8b7da-f4a9-4987-b9fa-55ef0bc16c94",
    "intressent_id": "0977824845202",
    "hangar_id": "2342548",
    "fodd_ar": "1948",
    "kon": "kvinna",
    "efternamn": "Brodén",
    "tilltalsnamn": "Anita",
    "sorteringsnamn": "Brodén,Anita",
    "iort": "",
    "parti": "L",
    "valkrets": "Västra Götalands läns norra",
    "status": "Tidigare riksdagsledamot",
    "person_url_xml": "http://data.riksdagen.se/person/08c8b7da-f4a9-4987-b9fa-55ef0bc16c94",
    "bild_url_80": "http://data.riksdagen.se/filarkiv/bilder/ledamot/08c8b7da-f4a9-4987-b9fa-55ef0bc16c94_80.jpg",
    "bild_url_192": "http://data.riksdagen.se/filarkiv/bilder/ledamot/08c8b7da-f4a9-4987-b9fa-55ef0bc16c94_192.jpg",
    "bild_url_max": "http://data.riksdagen.se/filarkiv/bilder/ledamot/08c8b7da-f4a9-4987-b9fa-55ef0bc16c94_max.jpg",
    "personuppdrag": {
      "uppdrag": [
        {
          "organ_kod": "kam",
          "roll_kod": "Riksdagsledamot",
          "ordningsnummer": "195",
          "status": "Tjänstgörande",
          "typ": "kammaruppdrag",
          "from": "2010-10-04",
          "tom": "2014-09-29",
          "uppgift": "",
          "intressent_id": "0977824845202",
          "hangar_id": "2342548",
          "sortering": "10",
          "organ_sortering": "10",
          "uppdrag_rollsortering": "60",
          "uppdrag_statussortering": "10"
        },
        {
          "organ_kod": "kam",
          "roll_kod": "Riksdagsledamot",
          "ordningsnummer": "264",
          "status": "Tjänstgörande",
          "typ": "kammaruppdrag",
          "from": "2006-10-02",
          "tom": "2010-10-04",
          "uppgift": "",
          "intressent_id": "0977824845202",
          "hangar_id": "2342548",
          "sortering": "10",
          "organ_sortering": "10",
          "uppdrag_rollsortering": "60",
          "uppdrag_statussortering": "10"
        },
        {
          "organ_kod": "kam",
          "roll_kod": "Riksdagsledamot",
          "ordningsnummer": "239",
          "status": "Tjänstgörande",
          "typ": "kammaruppdrag",
          "from": "2002-09-30",
          "tom": "2006-10-02",
          "uppgift": "",
          "intressent_id": "0977824845202",
          "hangar_id": "2342548",
          "sortering": "10",
          "organ_sortering": "10",
          "uppdrag_rollsortering": "60",
          "uppdrag_statussortering": "10"
        },
        {
          "organ_kod": "NR",
          "roll_kod": "Ledamot",
          "ordningsnummer": "9",
          "status": "",
          "typ": "Riksdagsorgan",
          "from": "2013-09-17",
          "tom": "2014-09-29",
          "uppgift": "Nordiska rådets svenska delegation",
          "intressent_id": "0977824845202",
          "hangar_id": "2342548",
          "sortering": "30",
          "organ_sortering": "300",
          "uppdrag_rollsortering": "90",
          "uppdrag_statussortering": "90"
        },
        {
          "organ_kod": "NR",
          "roll_kod": "Ledamot",
          "ordningsnummer": "9",
          "status": "",
          "typ": "Riksdagsorgan",
          "from": "2012-10-04",
          "tom": "2013-09-16",
          "uppgift": "Nordiska rådets svenska delegation",
          "intressent_id": "0977824845202",
          "hangar_id": "2342548",
          "sortering": "30",
          "organ_sortering": "300",
          "uppdrag_rollsortering": "90",
          "uppdrag_statussortering": "90"
        },
        {
          "organ_kod": "NR",
          "roll_kod": "Ledamot",
          "ordningsnummer": "9",
          "status": "",
          "typ": "Riksdagsorgan",
          "from": "2011-10-12",
          "tom": "2012-09-18",
          "uppgift": "Nordiska rådets svenska delegation",
          "intressent_id": "0977824845202",
          "hangar_id": "2342548",
          "sortering": "30",
          "organ_sortering": "300",
          "uppdrag_rollsortering": "90",
          "uppdrag_statussortering": "90"
        },
        {
          "organ_kod": "NR",
          "roll_kod": "Ledamot",
          "ordningsnummer": "9",
          "status": "",
          "typ": "Riksdagsorgan",
          "from": "2010-10-19",
          "tom": "2011-09-15",
          "uppgift": "Nordiska rådets svenska delegation",
          "intressent_id": "0977824845202",
          "hangar_id": "2342548",
          "sortering": "30",
          "organ_sortering": "300",
          "uppdrag_rollsortering": "90",
          "uppdrag_statussortering": "90"
        },
        {
          "organ_kod": "NR",
          "roll_kod": "Ledamot",
          "ordningsnummer": "9",
          "status": "",
          "typ": "Riksdagsorgan",
          "from": "2006-10-17",
          "tom": "2010-10-04",
          "uppgift": "Nordiska rådets svenska delegation",
          "intressent_id": "0977824845202",
          "hangar_id": "2342548",
          "sortering": "30",
          "organ_sortering": "300",
          "uppdrag_rollsortering": "90",
          "uppdrag_statussortering": "90"
        },
        {
          "organ_kod": "VB",
          "roll_kod": "Suppleant",
          "ordningsnummer": "18",
          "status": "",
          "typ": "Riksdagsorgan",
          "from": "2010-10-04",
          "tom": "2014-09-29",
          "uppgift": "Valberedningen",
          "intressent_id": "0977824845202",
          "hangar_id": "2342548",
          "sortering": "50",
          "organ_sortering": "300",
          "uppdrag_rollsortering": "90",
          "uppdrag_statussortering": "90"
        },
        {
          "organ_kod": "AU",
          "roll_kod": "Suppleant",
          "ordningsnummer": "22",
          "status": "",
          "typ": "uppdrag",
          "from": "2010-10-19",
          "tom": "2012-09-30",
          "uppgift": "Arbetsmarknadsutskottet",
          "intressent_id": "0977824845202",
          "hangar_id": "2342548",
          "sortering": "50",
          "organ_sortering": "150",
          "uppdrag_rollsortering": "90",
          "uppdrag_statussortering": "90"
        },
        {
          "organ_kod": "MJU",
          "roll_kod": "Ledamot",
          "ordningsnummer": "9",
          "status": "",
          "typ": "uppdrag",
          "from": "2010-10-12",
          "tom": "2014-09-29",
          "uppgift": "Miljö- och jordbruksutskottet",
          "intressent_id": "0977824845202",
          "hangar_id": "2342548",
          "sortering": "30",
          "organ_sortering": "150",
          "uppdrag_rollsortering": "90",
          "uppdrag_statussortering": "90"
        },
        {
          "organ_kod": "MJU",
          "roll_kod": "Ledamot",
          "ordningsnummer": "8",
          "status": "",
          "typ": "uppdrag",
          "from": "2006-10-10",
          "tom": "2010-10-04",
          "uppgift": "Miljö- och jordbruksutskottet",
          "intressent_id": "0977824845202",
          "hangar_id": "2342548",
          "sortering": "30",
          "organ_sortering": "150",
          "uppdrag_rollsortering": "90",
          "uppdrag_statussortering": "90"
        },
        {
          "organ_kod": "MJU",
          "roll_kod": "Suppleant",
          "ordningsnummer": "0",
          "status": "",
          "typ": "uppdrag",
          "from": "2002-10-08",
          "tom": "2006-10-02",
          "uppgift": "Miljö- och jordbruksutskottet",
          "intressent_id": "0977824845202",
          "hangar_id": "2342548",
          "sortering": "50",
          "organ_sortering": "150",
          "uppdrag_rollsortering": "90",
          "uppdrag_statussortering": "90"
        },
        {
          "organ_kod": "TU",
          "roll_kod": "Suppleant",
          "ordningsnummer": "20",
          "status": "",
          "typ": "uppdrag",
          "from": "2006-10-24",
          "tom": "2010-10-04",
          "uppgift": "Trafikutskottet",
          "intressent_id": "0977824845202",
          "hangar_id": "2342548",
          "sortering": "50",
          "organ_sortering": "150",
          "uppdrag_rollsortering": "90",
          "uppdrag_statussortering": "90"
        },
        {
          "organ_kod": "UbU",
          "roll_kod": "Suppleant",
          "ordningsnummer": "0",
          "status": "",
          "typ": "uppdrag",
          "from": "2002-10-15",
          "tom": "2006-10-02",
          "uppgift": "Utbildningsutskottet",
          "intressent_id": "0977824845202",
          "hangar_id": "2342548",
          "sortering": "50",
          "organ_sortering": "150",
          "uppdrag_rollsortering": "90",
          "uppdrag_statussortering": "90"
        }
      ]
    },
    "personuppgift": {
      "uppgift": [
        {
          "kod": "sv",
          "uppgift": "Lärare",
          "typ": "titlar",
          "intressent_id": "0977824845202",
          "hangar_id": "2342548"
        },
        {
          "kod": "en",
          "uppgift": "Teacher",
          "typ": "titlar",
          "intressent_id": "0977824845202",
          "hangar_id": "2342548"
        }
      ]
    }
  }
}