{
  "person": {
    "hangar_guid": "d46b3aab-883f-4489-804d-21b6c40066ee",
    "sourceid": "24c753af-11ea-4c6f-90f9-f4142fc71e19",
    "intressent_id": "0333193598116",
    "hangar_id": "5003696",
    "fodd_ar": "1969",
    "kon": "man",
    "efternamn": "Broman",
    "tilltalsnamn": "Bo",
    "sorteringsnamn": "Broman,Bo",
    "iort": "",
    "parti": "SD",
    "valkrets": "Stockholms län",
    "status": "Tjänstgörande riksdagsledamot",
    "person_url_xml": "http://data.riksdagen.se/person/24c753af-11ea-4c6f-90f9-f4142fc71e19",
    "bild_url_80": "http://data.riksdagen.se/filarkiv/bilder/ledamot/24c753af-11ea-4c6f-90f9-f4142fc71e19_80.jpg",
    "bild_url_192": "http://data.riksdagen.se/filarkiv/bilder/ledamot/24c753af-11ea-4c6f-90f9-f4142fc71e19_192.jpg",
    "bild_url_max": "http://data.riksdagen.se/filarkiv/bilder/ledamot/24c753af-11ea-4c6f-90f9-f4142fc71e19_max.jpg",
    "personuppdrag": {
      "uppdrag": [
        {
          "organ_kod": "kam",
          "roll_kod": "Riksdagsledamot",
          "ordningsnummer": "247",
          "status": "Tjänstgörande",
          "typ": "kammaruppdrag",
          "from": "2018-09-24",
          "tom": "2022-09-26",
          "uppgift": "",
          "intressent_id": "0333193598116",
          "hangar_id": "5003696",
          "sortering": "10",
          "organ_sortering": "10",
          "uppdrag_rollsortering": "60",
          "uppdrag_statussortering": "10"
        },
        {
          "organ_kod": "RB",
          "roll_kod": "Ledamot",
          "ordningsnummer": "5",
          "status": "",
          "typ": "Riksdagsorgan",
          "from": "2018-10-09",
          "tom": "2022-10-09",
          "uppgift": "Riksbanksfullmäktige",
          "intressent_id": "0333193598116",
          "hangar_id": "5003696",
          "sortering": "30",
          "organ_sortering": "300",
          "uppdrag_rollsortering": "90",
          "uppdrag_statussortering": "90"
        },
        {
          "organ_kod": "JuU",
          "roll_kod": "Ledamot",
          "ordningsnummer": "15",
          "status": "",
          "typ": "uppdrag",
          "from": "2019-10-25",
          "tom": "2022-09-26",
          "uppgift": "Justitieutskottet",
          "intressent_id": "0333193598116",
          "hangar_id": "5003696",
          "sortering": "30",
          "organ_sortering": "150",
          "uppdrag_rollsortering": "90",
          "uppdrag_statussortering": "90"
        },
        {
          "organ_kod": "JuU",
          "roll_kod": "Suppleant",
          "ordningsnummer": "5",
          "status": "",
          "typ": "uppdrag",
          "from": "2019-06-18",
          "tom": "2019-10-25",
          "uppgift": "Justitieutskottet",
          "intressent_id": "0333193598116",
          "hangar_id": "5003696",
          "sortering": "50",
          "organ_sortering": "150",
          "uppdrag_rollsortering": "90",
          "uppdrag_statussortering": "90"
        },
        {
          "organ_kod": "JuU",
          "roll_kod": "Suppleant",
          "ordningsnummer": "19",
          "status": "",
          "typ": "uppdrag",
          "from": "2019-04-26",
          "tom": "2019-06-18",
          "uppgift": "Justitieutskottet",
          "intressent_id": "0333193598116",
          "hangar_id": "5003696",
          "sortering": "50",
          "organ_sortering": "150",
          "uppdrag_rollsortering": "90",
          "uppdrag_statussortering": "90"
        },
        {
          "organ_kod": "SkU",
          "roll_kod": "Suppleant",
          "ordningsnummer": "19",
          "status": "",
          "typ": "uppdrag",
          "from": "2019-10-25",
          "tom": "2022-09-26",
          "uppgift": "Skatteutskottet",
          "intressent_id": "0333193598116",
          "hangar_id": "5003696",
          "sortering": "50",
          "organ_sortering": "150",
          "uppdrag_rollsortering": "90",
          "uppdrag_statussortering": "90"
        },
        {
          "organ_kod": "SkU",
          "roll_kod": "Ledamot",
          "ordningsnummer": "5",
          "status": "",
          "typ": "uppdrag",
          "from": "2018-10-02",
          "tom": "2019-10-25",
          "uppgift": "Skatteutskottet",
          "intressent_id": "0333193598116",
          "hangar_id": "5003696",
          "sortering": "30",
          "organ_sortering": "150",
          "uppdrag_rollsortering": "90",
          "uppdrag_statussortering": "90"
        }
      ]
    },
    "personuppgift": {
      "uppgift": [
        {
          "kod": "Officiell e-postadress",
          "uppgift": "bo.broman[på]riksdagen.se",
          "typ": "eadress",
          "intressent_id": "0333193598116",
          "hangar_id": "5003696"
        },
        {
          "kod": "sv",
          "uppgift": "Ekonomichef.",
          "typ": "titlar",
          "intressent_id": "0333193598116",
          "hangar_id": "5003696"
        },
        {
          "kod": "en",
          "uppgift": "",
          "typ": "titlar",
          "intressent_id": "0333193598116",
          "hangar_id": "5003696"
        }
      ]
    }
  }
}