{
  "person": {
    "hangar_guid": "cb5ccc92-ee9f-49ac-9577-f47ab6242ed0",
    "sourceid": "cec8b2f1-f56f-4b7e-974f-eefa299c89cb",
    "intressent_id": "0853204119514",
    "hangar_id": "5003723",
    "fodd_ar": "1971",
    "kon": "kvinna",
    "efternamn": "Burwick",
    "tilltalsnamn": "Marlene",
    "sorteringsnamn": "Burwick,Marlene",
    "iort": "",
    "parti": "S",
    "valkrets": "Uppsala län",
    "status": "Tjänstgörande riksdagsledamot",
    "person_url_xml": "http://data.riksdagen.se/person/cec8b2f1-f56f-4b7e-974f-eefa299c89cb",
    "bild_url_80": "http://data.riksdagen.se/filarkiv/bilder/ledamot/cec8b2f1-f56f-4b7e-974f-eefa299c89cb_80.jpg",
    "bild_url_192": "http://data.riksdagen.se/filarkiv/bilder/ledamot/cec8b2f1-f56f-4b7e-974f-eefa299c89cb_192.jpg",
    "bild_url_max": "http://data.riksdagen.se/filarkiv/bilder/ledamot/cec8b2f1-f56f-4b7e-974f-eefa299c89cb_max.jpg",
    "personuppdrag": {
      "uppdrag": [
        {
          "organ_kod": "kam",
          "roll_kod": "Riksdagsledamot",
          "ordningsnummer": "178",
          "status": "Tjänstgörande",
          "typ": "kammaruppdrag",
          "from": "2018-09-24",
          "tom": "2022-09-26",
          "uppgift": "",
          "intressent_id": "0853204119514",
          "hangar_id": "5003723",
          "sortering": "10",
          "organ_sortering": "10",
          "uppdrag_rollsortering": "60",
          "uppdrag_statussortering": "10"
        },
        {
          "organ_kod": "ÖN",
          "roll_kod": "Suppleant",
          "ordningsnummer": "1",
          "status": "",
          "typ": "Riksdagsorgan",
          "from": "2018-10-09",
          "tom": "2022-10-09",
          "uppgift": "Riksdagens överklagandenämnd",
          "intressent_id": "0853204119514",
          "hangar_id": "5003723",
          "sortering": "50",
          "organ_sortering": "300",
          "uppdrag_rollsortering": "90",
          "uppdrag_statussortering": "90"
        },
        {
          "organ_kod": "FöU",
          "roll_kod": "Suppleant",
          "ordningsnummer": "11",
          "status": "",
          "typ": "uppdrag",
          "from": "2018-10-02",
          "tom": "2022-09-26",
          "uppgift": "Försvarsutskottet",
          "intressent_id": "0853204119514",
          "hangar_id": "5003723",
          "sortering": "50",
          "organ_sortering": "150",
          "uppdrag_rollsortering": "90",
          "uppdrag_statussortering": "90"
        },
        {
          "organ_kod": "MJU",
          "roll_kod": "Ledamot",
          "ordningsnummer": "13",
          "status": "",
          "typ": "uppdrag",
          "from": "2018-10-02",
          "tom": "2022-09-26",
          "uppgift": "Miljö- och jordbruksutskottet",
          "intressent_id": "0853204119514",
          "hangar_id": "5003723",
          "sortering": "30",
          "organ_sortering": "150",
          "uppdrag_rollsortering": "90",
          "uppdrag_statussortering": "90"
        },
        {
          "organ_kod": "SoU",
          "roll_kod": "Suppleant",
          "ordningsnummer": "27",
          "status": "",
          "typ": "uppdrag",
          "from": "2019-04-03",
          "tom": "2022-09-26",
          "uppgift": "Socialutskottet",
          "intressent_id": "0853204119514",
          "hangar_id": "5003723",
          "sortering": "50",
          "organ_sortering": "150",
          "uppdrag_rollsortering": "90",
          "uppdrag_statussortering": "90"
        },
        {
          "organ_kod": "TU",
          "roll_kod": "Suppleant",
          "ordningsnummer": "27",
          "status": "",
          "typ": "uppdrag",
          "from": "2019-04-03",
          "tom": "2022-09-26",
          "uppgift": "Trafikutskottet",
          "intressent_id": "0853204119514",
          "hangar_id": "5003723",
          "sortering": "50",
          "organ_sortering": "150",
          "uppdrag_rollsortering": "90",
          "uppdrag_statussortering": "90"
        }
      ]
    },
    "personuppgift": {
      "uppgift": [
        {
          "kod": "Officiell e-postadress",
          "uppgift": "marlene.burwick[på]riksdagen.se",
          "typ": "eadress",
          "intressent_id": "0853204119514",
          "hangar_id": "5003723"
        },
        {
          "kod": "Tjänstetelefon",
          "uppgift": "66198",
          "typ": "telefonnummer",
          "intressent_id": "0853204119514",
          "hangar_id": "5003723"
        },
        {
          "kod": "sv",
          "uppgift": "Fil.lic.",
          "typ": "titlar",
          "intressent_id": "0853204119514",
          "hangar_id": "5003723"
        },
        {
          "kod": "en",
          "uppgift": "",
          "typ": "titlar",
          "intressent_id": "0853204119514",
          "hangar_id": "5003723"
        }
      ]
    }
  }
}