{
  "person": {
    "hangar_guid": "fc7f05bf-4494-447f-9c64-97c369adf24a",
    "sourceid": "87a876e4-3f08-4872-837d-602e56d109a1",
    "intressent_id": "0139948283718",
    "hangar_id": "2369348",
    "fodd_ar": "1957",
    "kon": "kvinna",
    "efternamn": "Börjesson",
    "tilltalsnamn": "Agneta",
    "sorteringsnamn": "Börjesson,Agneta",
    "iort": "",
    "parti": "MP",
    "valkrets": "Hallands län",
    "status": "Tidigare riksdagsledamot",
    "person_url_xml": "http://data.riksdagen.se/person/87a876e4-3f08-4872-837d-602e56d109a1",
    "bild_url_80": "http://data.riksdagen.se/filarkiv/bilder/ledamot/87a876e4-3f08-4872-837d-602e56d109a1_80.jpg",
    "bild_url_192": "http://data.riksdagen.se/filarkiv/bilder/ledamot/87a876e4-3f08-4872-837d-602e56d109a1_192.jpg",
    "bild_url_max": "http://data.riksdagen.se/filarkiv/bilder/ledamot/87a876e4-3f08-4872-837d-602e56d109a1_max.jpg",
    "personuppdrag": {
      "uppdrag": [
        {
          "organ_kod": "kam",
          "roll_kod": "Riksdagsledamot",
          "ordningsnummer": "224",
          "status": "Tjänstgörande",
          "typ": "kammaruppdrag",
          "from": "2014-09-29",
          "tom": "2018-09-24",
          "uppgift": "",
          "intressent_id": "0139948283718",
          "hangar_id": "2369348",
          "sortering": "10",
          "organ_sortering": "10",
          "uppdrag_rollsortering": "60",
          "uppdrag_statussortering": "10"
        },
        {
          "organ_kod": "kam",
          "roll_kod": "Riksdagsledamot",
          "ordningsnummer": "156",
          "status": "Tjänstgörande",
          "typ": "kammaruppdrag",
          "from": "2010-10-04",
          "tom": "2014-09-29",
          "uppgift": "",
          "intressent_id": "0139948283718",
          "hangar_id": "2369348",
          "sortering": "10",
          "organ_sortering": "10",
          "uppdrag_rollsortering": "60",
          "uppdrag_statussortering": "10"
        },
        {
          "organ_kod": "MP",
          "roll_kod": "Kvittningsman",
          "ordningsnummer": "0",
          "status": "",
          "typ": "partiuppdrag",
          "from": "2014-09-29",
          "tom": "2018-09-24",
          "uppgift": "Miljöpartiet de gröna",
          "intressent_id": "0139948283718",
          "hangar_id": "2369348",
          "sortering": "",
          "organ_sortering": "",
          "uppdrag_rollsortering": "90",
          "uppdrag_statussortering": "90"
        },
        {
          "organ_kod": "NR",
          "roll_kod": "Suppleant",
          "ordningsnummer": "17",
          "status": "",
          "typ": "Riksdagsorgan",
          "from": "2013-09-17",
          "tom": "2014-09-29",
          "uppgift": "Nordiska rådets svenska delegation",
          "intressent_id": "0139948283718",
          "hangar_id": "2369348",
          "sortering": "50",
          "organ_sortering": "300",
          "uppdrag_rollsortering": "90",
          "uppdrag_statussortering": "90"
        },
        {
          "organ_kod": "NR",
          "roll_kod": "Suppleant",
          "ordningsnummer": "17",
          "status": "",
          "typ": "Riksdagsorgan",
          "from": "2012-10-04",
          "tom": "2013-09-16",
          "uppgift": "Nordiska rådets svenska delegation",
          "intressent_id": "0139948283718",
          "hangar_id": "2369348",
          "sortering": "50",
          "organ_sortering": "300",
          "uppdrag_rollsortering": "90",
          "uppdrag_statussortering": "90"
        },
        {
          "organ_kod": "NR",
          "roll_kod": "Suppleant",
          "ordningsnummer": "17",
          "status": "",
          "typ": "Riksdagsorgan",
          "from": "2011-10-12",
          "tom": "2012-09-18",
          "uppgift": "Nordiska rådets svenska delegation",
          "intressent_id": "0139948283718",
          "hangar_id": "2369348",
          "sortering": "50",
          "organ_sortering": "300",
          "uppdrag_rollsortering": "90",
          "uppdrag_statussortering": "90"
        },
        {
          "organ_kod": "RB",
          "roll_kod": "Suppleant",
          "ordningsnummer": "11",
          "status": "",
          "typ": "Riksdagsorgan",
          "from": "2018-11-20",
          "tom": "2022-10-09",
          "uppgift": "Riksbanksfullmäktige",
          "intressent_id": "0139948283718",
          "hangar_id": "2369348",
          "sortering": "50",
          "organ_sortering": "300",
          "uppdrag_rollsortering": "90",
          "uppdrag_statussortering": "90"
        },
        {
          "organ_kod": "RB",
          "roll_kod": "Ledamot",
          "ordningsnummer": "10",
          "status": "",
          "typ": "Riksdagsorgan",
          "from": "2014-10-14",
          "tom": "2018-10-09",
          "uppgift": "Riksbanksfullmäktige",
          "intressent_id": "0139948283718",
          "hangar_id": "2369348",
          "sortering": "30",
          "organ_sortering": "300",
          "uppdrag_rollsortering": "90",
          "uppdrag_statussortering": "90"
        },
        {
          "organ_kod": "RB",
          "roll_kod": "Suppleant",
          "ordningsnummer": "10",
          "status": "",
          "typ": "Riksdagsorgan",
          "from": "2011-12-16",
          "tom": "2014-10-14",
          "uppgift": "Riksbanksfullmäktige",
          "intressent_id": "0139948283718",
          "hangar_id": "2369348",
          "sortering": "50",
          "organ_sortering": "300",
          "uppdrag_rollsortering": "90",
          "uppdrag_statussortering": "90"
        },
        {
          "organ_kod": "RRPR",
          "roll_kod": "Ledamot",
          "ordningsnummer": "4",
          "status": "",
          "typ": "Riksdagsorgan",
          "from": "2014-10-14",
          "tom": "2018-09-24",
          "uppgift": "Riksrevisionens parlamentariska råd",
          "intressent_id": "0139948283718",
          "hangar_id": "2369348",
          "sortering": "30",
          "organ_sortering": "300",
          "uppdrag_rollsortering": "90",
          "uppdrag_statussortering": "90"
        },
        {
          "organ_kod": "VPN",
          "roll_kod": "Suppleant",
          "ordningsnummer": "1",
          "status": "",
          "typ": "Riksdagsorgan",
          "from": "2019-03-13",
          "tom": "2022-03-14",
          "uppgift": "Valprövningsnämnden",
          "intressent_id": "0139948283718",
          "hangar_id": "2369348",
          "sortering": "50",
          "organ_sortering": "300",
          "uppdrag_rollsortering": "90",
          "uppdrag_statussortering": "90"
        },
        {
          "organ_kod": "CU",
          "roll_kod": "Suppleant",
          "ordningsnummer": "10",
          "status": "",
          "typ": "uppdrag",
          "from": "2014-10-07",
          "tom": "2018-09-24",
          "uppgift": "Civilutskottet",
          "intressent_id": "0139948283718",
          "hangar_id": "2369348",
          "sortering": "50",
          "organ_sortering": "150",
          "uppdrag_rollsortering": "90",
          "uppdrag_statussortering": "90"
        },
        {
          "organ_kod": "CU",
          "roll_kod": "Suppleant",
          "ordningsnummer": "14",
          "status": "",
          "typ": "uppdrag",
          "from": "2010-10-12",
          "tom": "2014-09-29",
          "uppgift": "Civilutskottet",
          "intressent_id": "0139948283718",
          "hangar_id": "2369348",
          "sortering": "50",
          "organ_sortering": "150",
          "uppdrag_rollsortering": "90",
          "uppdrag_statussortering": "90"
        },
        {
          "organ_kod": "FiU",
          "roll_kod": "Suppleant",
          "ordningsnummer": "20",
          "status": "",
          "typ": "uppdrag",
          "from": "2014-10-14",
          "tom": "2016-02-09",
          "uppgift": "Finansutskottet",
          "intressent_id": "0139948283718",
          "hangar_id": "2369348",
          "sortering": "50",
          "organ_sortering": "150",
          "uppdrag_rollsortering": "90",
          "uppdrag_statussortering": "90"
        },
        {
          "organ_kod": "JuU",
          "roll_kod": "Suppleant",
          "ordningsnummer": "20",
          "status": "",
          "typ": "uppdrag",
          "from": "2014-10-14",
          "tom": "2018-09-24",
          "uppgift": "Justitieutskottet",
          "intressent_id": "0139948283718",
          "hangar_id": "2369348",
          "sortering": "50",
          "organ_sortering": "150",
          "uppdrag_rollsortering": "90",
          "uppdrag_statussortering": "90"
        },
        {
          "organ_kod": "JuU",
          "roll_kod": "Suppleant",
          "ordningsnummer": "12",
          "status": "",
          "typ": "uppdrag",
          "from": "2010-10-12",
          "tom": "2014-09-29",
          "uppgift": "Justitieutskottet",
          "intressent_id": "0139948283718",
          "hangar_id": "2369348",
          "sortering": "50",
          "organ_sortering": "150",
          "uppdrag_rollsortering": "90",
          "uppdrag_statussortering": "90"
        },
        {
          "organ_kod": "KrU",
          "roll_kod": "Suppleant",
          "ordningsnummer": "12",
          "status": "",
          "typ": "uppdrag",
          "from": "2010-10-12",
          "tom": "2014-09-29",
          "uppgift": "Kulturutskottet",
          "intressent_id": "0139948283718",
          "hangar_id": "2369348",
          "sortering": "50",
          "organ_sortering": "150",
          "uppdrag_rollsortering": "90",
          "uppdrag_statussortering": "90"
        },
        {
          "organ_kod": "KU",
          "roll_kod": "Ledamot",
          "ordningsnummer": "10",
          "status": "",
          "typ": "uppdrag",
          "from": "2014-10-07",
          "tom": "2018-09-24",
          "uppgift": "Konstitutionsutskottet",
          "intressent_id": "0139948283718",
          "hangar_id": "2369348",
          "sortering": "30",
          "organ_sortering": "150",
          "uppdrag_rollsortering": "90",
          "uppdrag_statussortering": "90"
        },
        {
          "organ_kod": "KU",
          "roll_kod": "Ledamot",
          "ordningsnummer": "14",
          "status": "",
          "typ": "uppdrag",
          "from": "2014-06-24",
          "tom": "2014-09-29",
          "uppgift": "Konstitutionsutskottet",
          "intressent_id": "0139948283718",
          "hangar_id": "2369348",
          "sortering": "30",
          "organ_sortering": "150",
          "uppdrag_rollsortering": "90",
          "uppdrag_statussortering": "90"
        }
      ]
    },
    "personuppgift": {
      "uppgift": [
        {
          "kod": "Officiell e-postadress",
          "uppgift": "agneta.borjesson[på]riksdagen.se",
          "typ": "eadress",
          "intressent_id": "0139948283718",
          "hangar_id": "2369348"
        },
        {
          "kod": "Webbsida",
          "uppgift": "http://www.mp.se/om/agneta-borjesson",
          "typ": "eadress",
          "intressent_id": "0139948283718",
          "hangar_id": "2369348"
        },
        {
          "kod": "Tjänstetelefon",
          "uppgift": "64262",
          "typ": "telefonnummer",
          "intressent_id": "0139948283718",
          "hangar_id": "2369348"
        },
        {
          "kod": "sv",
          "uppgift": "Trafiktekniker",
          "typ": "titlar",
          "intressent_id": "0139948283718",
          "hangar_id": "2369348"
        },
        {
          "kod": "en",
          "uppgift": "",
          "typ": "titlar",
          "intressent_id": "0139948283718",
          "hangar_id": "2369348"
        },
        {
          "kod": "KandiderarINastaVal",
          "uppgift": "false",
          "typ": "val",
          "intressent_id": "0139948283718",
          "hangar_id": "2369348"
        }
      ]
    }
  }
}