{
  "person": {
    "hangar_guid": "302b7223-3bcc-40c2-88f5-9cbb61b1587a",
    "sourceid": "90110ece-022e-4e0f-bb4e-f5102900fa9a",
    "intressent_id": "0877778793323",
    "hangar_id": "3057293",
    "fodd_ar": "1983",
    "kon": "man",
    "efternamn": "Büser",
    "tilltalsnamn": "Johan",
    "sorteringsnamn": "Büser,Johan",
    "iort": "",
    "parti": "S",
    "valkrets": "Göteborgs kommun",
    "status": "Tjänstgörande riksdagsledamot",
    "person_url_xml": "http://data.riksdagen.se/person/90110ece-022e-4e0f-bb4e-f5102900fa9a",
    "bild_url_80": "http://data.riksdagen.se/filarkiv/bilder/ledamot/90110ece-022e-4e0f-bb4e-f5102900fa9a_80.jpg",
    "bild_url_192": "http://data.riksdagen.se/filarkiv/bilder/ledamot/90110ece-022e-4e0f-bb4e-f5102900fa9a_192.jpg",
    "bild_url_max": "http://data.riksdagen.se/filarkiv/bilder/ledamot/90110ece-022e-4e0f-bb4e-f5102900fa9a_max.jpg",
    "personuppdrag": {
      "uppdrag": [
        {
          "organ_kod": "kam",
          "roll_kod": "Riksdagsledamot",
          "ordningsnummer": "190",
          "status": "Tjänstgörande",
          "typ": "kammaruppdrag",
          "from": "2018-09-24",
          "tom": "2022-09-26",
          "uppgift": "",
          "intressent_id": "0877778793323",
          "hangar_id": "3057293",
          "sortering": "10",
          "organ_sortering": "10",
          "uppdrag_rollsortering": "60",
          "uppdrag_statussortering": "10"
        },
        {
          "organ_kod": "kam",
          "roll_kod": "Riksdagsledamot",
          "ordningsnummer": "335",
          "status": "Tjänstgörande",
          "typ": "kammaruppdrag",
          "from": "2014-09-29",
          "tom": "2018-09-24",
          "uppgift": "",
          "intressent_id": "0877778793323",
          "hangar_id": "3057293",
          "sortering": "10",
          "organ_sortering": "10",
          "uppdrag_rollsortering": "60",
          "uppdrag_statussortering": "10"
        },
        {
          "organ_kod": "DN",
          "roll_kod": "Personlig ersättare",
          "ordningsnummer": "3",
          "status": "",
          "typ": "Riksdagsorgan",
          "from": "2019-01-01",
          "tom": "2022-12-31",
          "uppgift": "Domarnämnden",
          "intressent_id": "0877778793323",
          "hangar_id": "3057293",
          "sortering": "",
          "organ_sortering": "300",
          "uppdrag_rollsortering": "90",
          "uppdrag_statussortering": "90"
        },
        {
          "organ_kod": "OSSE",
          "roll_kod": "Ordförande",
          "ordningsnummer": "1",
          "status": "",
          "typ": "Riksdagsorgan",
          "from": "2018-10-16",
          "tom": "2022-10-09",
          "uppgift": "OSSE-delegationen",
          "intressent_id": "0877778793323",
          "hangar_id": "3057293",
          "sortering": "10",
          "organ_sortering": "300",
          "uppdrag_rollsortering": "90",
          "uppdrag_statussortering": "90"
        },
        {
          "organ_kod": "OSSE",
          "roll_kod": "Ledamot",
          "ordningsnummer": "1",
          "status": "",
          "typ": "Riksdagsorgan",
          "from": "2018-10-09",
          "tom": "2018-10-16",
          "uppgift": "OSSE-delegationen",
          "intressent_id": "0877778793323",
          "hangar_id": "3057293",
          "sortering": "30",
          "organ_sortering": "300",
          "uppdrag_rollsortering": "90",
          "uppdrag_statussortering": "90"
        },
        {
          "organ_kod": "FöU",
          "roll_kod": "Suppleant",
          "ordningsnummer": "3",
          "status": "",
          "typ": "uppdrag",
          "from": "2016-06-09",
          "tom": "2018-09-24",
          "uppgift": "Försvarsutskottet",
          "intressent_id": "0877778793323",
          "hangar_id": "3057293",
          "sortering": "50",
          "organ_sortering": "150",
          "uppdrag_rollsortering": "90",
          "uppdrag_statussortering": "90"
        },
        {
          "organ_kod": "MJU",
          "roll_kod": "Ledamot",
          "ordningsnummer": "8",
          "status": "",
          "typ": "uppdrag",
          "from": "2017-01-10",
          "tom": "2018-09-24",
          "uppgift": "Miljö- och jordbruksutskottet",
          "intressent_id": "0877778793323",
          "hangar_id": "3057293",
          "sortering": "30",
          "organ_sortering": "150",
          "uppdrag_rollsortering": "90",
          "uppdrag_statussortering": "90"
        },
        {
          "organ_kod": "MJU",
          "roll_kod": "Suppleant",
          "ordningsnummer": "1",
          "status": "",
          "typ": "uppdrag",
          "from": "2014-10-07",
          "tom": "2017-01-09",
          "uppgift": "Miljö- och jordbruksutskottet",
          "intressent_id": "0877778793323",
          "hangar_id": "3057293",
          "sortering": "50",
          "organ_sortering": "150",
          "uppdrag_rollsortering": "90",
          "uppdrag_statussortering": "90"
        },
        {
          "organ_kod": "TU",
          "roll_kod": "Ledamot",
          "ordningsnummer": "11",
          "status": "",
          "typ": "uppdrag",
          "from": "2018-10-02",
          "tom": "2022-09-26",
          "uppgift": "Trafikutskottet",
          "intressent_id": "0877778793323",
          "hangar_id": "3057293",
          "sortering": "30",
          "organ_sortering": "150",
          "uppdrag_rollsortering": "90",
          "uppdrag_statussortering": "90"
        },
        {
          "organ_kod": "EUN",
          "roll_kod": "Ledamot",
          "ordningsnummer": "5",
          "status": "",
          "typ": "uppdrag",
          "from": "2018-05-24",
          "tom": "2018-10-02",
          "uppgift": "EU-nämnden",
          "intressent_id": "0877778793323",
          "hangar_id": "3057293",
          "sortering": "30",
          "organ_sortering": "170",
          "uppdrag_rollsortering": "90",
          "uppdrag_statussortering": "90"
        },
        {
          "organ_kod": "EUN",
          "roll_kod": "Ledamot",
          "ordningsnummer": "5",
          "status": "",
          "typ": "uppdrag",
          "from": "2015-10-15",
          "tom": "2018-04-30",
          "uppgift": "EU-nämnden",
          "intressent_id": "0877778793323",
          "hangar_id": "3057293",
          "sortering": "30",
          "organ_sortering": "170",
          "uppdrag_rollsortering": "90",
          "uppdrag_statussortering": "90"
        }
      ]
    },
    "personuppgift": {
      "uppgift": [
        {
          "kod": "Officiell e-postadress",
          "uppgift": "johan.buser[på]riksdagen.se",
          "typ": "eadress",
          "intressent_id": "0877778793323",
          "hangar_id": "3057293"
        },
        {
          "kod": "sv",
          "uppgift": "Politisk sekreterare.",
          "typ": "titlar",
          "intressent_id": "0877778793323",
          "hangar_id": "3057293"
        },
        {
          "kod": "en",
          "uppgift": "",
          "typ": "titlar",
          "intressent_id": "0877778793323",
          "hangar_id": "3057293"
        },
        {
          "kod": "KandiderarINastaVal",
          "uppgift": "true",
          "typ": "val",
          "intressent_id": "0877778793323",
          "hangar_id": "3057293"
        }
      ]
    }
  }
}