{
  "person": {
    "hangar_guid": "993da997-85cd-4531-95d5-4f32ef23eadd",
    "sourceid": "0ba172f7-afca-43de-8f4b-96fe6c81775a",
    "intressent_id": "0409551181119",
    "hangar_id": "2343291",
    "fodd_ar": "1965",
    "kon": "man",
    "efternamn": "Caplan",
    "tilltalsnamn": "Stefan",
    "sorteringsnamn": "Caplan,Stefan",
    "iort": "",
    "parti": "M",
    "valkrets": "Västra Götalands läns västra",
    "status": "Tidigare riksdagsledamot",
    "person_url_xml": "http://data.riksdagen.se/person/0ba172f7-afca-43de-8f4b-96fe6c81775a",
    "bild_url_80": "http://data.riksdagen.se/filarkiv/bilder/ledamot/0ba172f7-afca-43de-8f4b-96fe6c81775a_80.jpg",
    "bild_url_192": "http://data.riksdagen.se/filarkiv/bilder/ledamot/0ba172f7-afca-43de-8f4b-96fe6c81775a_192.jpg",
    "bild_url_max": "http://data.riksdagen.se/filarkiv/bilder/ledamot/0ba172f7-afca-43de-8f4b-96fe6c81775a_max.jpg",
    "personuppdrag": {
      "uppdrag": [
        {
          "organ_kod": "kam",
          "roll_kod": "Riksdagsledamot",
          "ordningsnummer": "159",
          "status": "Tjänstgörande",
          "typ": "kammaruppdrag",
          "from": "2010-10-04",
          "tom": "2014-09-29",
          "uppgift": "",
          "intressent_id": "0409551181119",
          "hangar_id": "2343291",
          "sortering": "10",
          "organ_sortering": "10",
          "uppdrag_rollsortering": "60",
          "uppdrag_statussortering": "10"
        },
        {
          "organ_kod": "NR",
          "roll_kod": "Ledamot",
          "ordningsnummer": "20",
          "status": "",
          "typ": "Riksdagsorgan",
          "from": "2013-09-17",
          "tom": "2014-09-29",
          "uppgift": "Nordiska rådets svenska delegation",
          "intressent_id": "0409551181119",
          "hangar_id": "2343291",
          "sortering": "30",
          "organ_sortering": "300",
          "uppdrag_rollsortering": "90",
          "uppdrag_statussortering": "90"
        },
        {
          "organ_kod": "NR",
          "roll_kod": "Ledamot",
          "ordningsnummer": "20",
          "status": "",
          "typ": "Riksdagsorgan",
          "from": "2012-10-04",
          "tom": "2013-09-16",
          "uppgift": "Nordiska rådets svenska delegation",
          "intressent_id": "0409551181119",
          "hangar_id": "2343291",
          "sortering": "30",
          "organ_sortering": "300",
          "uppdrag_rollsortering": "90",
          "uppdrag_statussortering": "90"
        },
        {
          "organ_kod": "FöU",
          "roll_kod": "Suppleant",
          "ordningsnummer": "1",
          "status": "",
          "typ": "uppdrag",
          "from": "2010-10-12",
          "tom": "2014-09-29",
          "uppgift": "Försvarsutskottet",
          "intressent_id": "0409551181119",
          "hangar_id": "2343291",
          "sortering": "50",
          "organ_sortering": "150",
          "uppdrag_rollsortering": "90",
          "uppdrag_statussortering": "90"
        },
        {
          "organ_kod": "UFöU",
          "roll_kod": "Suppleant",
          "ordningsnummer": "7",
          "status": "",
          "typ": "uppdrag",
          "from": "2013-04-23",
          "tom": "2013-06-18",
          "uppgift": "Sammansatta utrikes- och försvarsutskottet",
          "intressent_id": "0409551181119",
          "hangar_id": "2343291",
          "sortering": "50",
          "organ_sortering": "160",
          "uppdrag_rollsortering": "90",
          "uppdrag_statussortering": "90"
        },
        {
          "organ_kod": "UFöU",
          "roll_kod": "Suppleant",
          "ordningsnummer": "5",
          "status": "",
          "typ": "uppdrag",
          "from": "2013-02-21",
          "tom": "2013-03-06",
          "uppgift": "Sammansatta utrikes- och försvarsutskottet",
          "intressent_id": "0409551181119",
          "hangar_id": "2343291",
          "sortering": "50",
          "organ_sortering": "160",
          "uppdrag_rollsortering": "90",
          "uppdrag_statussortering": "90"
        },
        {
          "organ_kod": "UFöU",
          "roll_kod": "Suppleant",
          "ordningsnummer": "7",
          "status": "",
          "typ": "uppdrag",
          "from": "2012-11-27",
          "tom": "2012-12-19",
          "uppgift": "Sammansatta utrikes- och försvarsutskottet",
          "intressent_id": "0409551181119",
          "hangar_id": "2343291",
          "sortering": "50",
          "organ_sortering": "160",
          "uppdrag_rollsortering": "90",
          "uppdrag_statussortering": "90"
        },
        {
          "organ_kod": "UFöU",
          "roll_kod": "Suppleant",
          "ordningsnummer": "7",
          "status": "",
          "typ": "uppdrag",
          "from": "2011-09-20",
          "tom": "2011-09-21",
          "uppgift": "Sammansatta utrikes- och försvarsutskottet",
          "intressent_id": "0409551181119",
          "hangar_id": "2343291",
          "sortering": "50",
          "organ_sortering": "160",
          "uppdrag_rollsortering": "90",
          "uppdrag_statussortering": "90"
        },
        {
          "organ_kod": "UFöU",
          "roll_kod": "Suppleant",
          "ordningsnummer": "7",
          "status": "",
          "typ": "uppdrag",
          "from": "2011-03-31",
          "tom": "2011-04-01",
          "uppgift": "Sammansatta utrikes- och försvarsutskottet",
          "intressent_id": "0409551181119",
          "hangar_id": "2343291",
          "sortering": "50",
          "organ_sortering": "160",
          "uppdrag_rollsortering": "90",
          "uppdrag_statussortering": "90"
        }
      ]
    },
    "personuppgift": {
      "uppgift": [
        {
          "kod": "sv",
          "uppgift": "Gymnasielärare",
          "typ": "titlar",
          "intressent_id": "0409551181119",
          "hangar_id": "2343291"
        },
        {
          "kod": "en",
          "uppgift": "",
          "typ": "titlar",
          "intressent_id": "0409551181119",
          "hangar_id": "2343291"
        }
      ]
    }
  }
}