{
  "person": {
    "hangar_guid": "c616c26d-e638-4412-89e4-5b3082d73aa8",
    "sourceid": "7f431f89-8b2f-4499-8997-f55f1b57d8ab",
    "intressent_id": "0542160909628",
    "hangar_id": "2369507",
    "fodd_ar": "1987",
    "kon": "man",
    "efternamn": "Carlson",
    "tilltalsnamn": "Andreas",
    "sorteringsnamn": "Carlson,Andreas",
    "iort": "",
    "parti": "KD",
    "valkrets": "Jönköpings län",
    "status": "Tjänstledig riksdagsledamot",
    "person_url_xml": "http://data.riksdagen.se/person/7f431f89-8b2f-4499-8997-f55f1b57d8ab",
    "bild_url_80": "http://data.riksdagen.se/filarkiv/bilder/ledamot/7f431f89-8b2f-4499-8997-f55f1b57d8ab_80.jpg",
    "bild_url_192": "http://data.riksdagen.se/filarkiv/bilder/ledamot/7f431f89-8b2f-4499-8997-f55f1b57d8ab_192.jpg",
    "bild_url_max": "http://data.riksdagen.se/filarkiv/bilder/ledamot/7f431f89-8b2f-4499-8997-f55f1b57d8ab_max.jpg",
    "personuppdrag": {
      "uppdrag": [
        {
          "organ_kod": "kam",
          "roll_kod": "Riksdagsledamot",
          "ordningsnummer": "254",
          "status": "Tjänstgörande",
          "typ": "kammaruppdrag",
          "from": "2020-03-19",
          "tom": "2022-09-26",
          "uppgift": "",
          "intressent_id": "0542160909628",
          "hangar_id": "2369507",
          "sortering": "10",
          "organ_sortering": "10",
          "uppdrag_rollsortering": "60",
          "uppdrag_statussortering": "10"
        },
        {
          "organ_kod": "kam",
          "roll_kod": "Riksdagsledamot",
          "ordningsnummer": "254",
          "status": "Ledig",
          "typ": "kammaruppdrag",
          "from": "2020-01-16",
          "tom": "2020-03-18",
          "uppgift": "Mattias Ingeson 2020-01-16 - 2020-03-18  Föräldraledighet",
          "intressent_id": "0542160909628",
          "hangar_id": "2369507",
          "sortering": "10",
          "organ_sortering": "10",
          "uppdrag_rollsortering": "60",
          "uppdrag_statussortering": "30"
        },
        {
          "organ_kod": "kam",
          "roll_kod": "Riksdagsledamot",
          "ordningsnummer": "254",
          "status": "Tjänstgörande",
          "typ": "kammaruppdrag",
          "from": "2018-09-24",
          "tom": "2020-01-15",
          "uppgift": "",
          "intressent_id": "0542160909628",
          "hangar_id": "2369507",
          "sortering": "10",
          "organ_sortering": "10",
          "uppdrag_rollsortering": "60",
          "uppdrag_statussortering": "10"
        },
        {
          "organ_kod": "kam",
          "roll_kod": "Riksdagsledamot",
          "ordningsnummer": "291",
          "status": "Tjänstgörande",
          "typ": "kammaruppdrag",
          "from": "2014-09-29",
          "tom": "2018-09-24",
          "uppgift": "",
          "intressent_id": "0542160909628",
          "hangar_id": "2369507",
          "sortering": "10",
          "organ_sortering": "10",
          "uppdrag_rollsortering": "60",
          "uppdrag_statussortering": "10"
        },
        {
          "organ_kod": "kam",
          "roll_kod": "Statsrådsersättare",
          "ordningsnummer": "181",
          "status": "Ersättare",
          "typ": "kammaruppdrag",
          "from": "2010-10-06",
          "tom": "2014-09-29",
          "uppgift": "Stefan Attefall",
          "intressent_id": "0542160909628",
          "hangar_id": "2369507",
          "sortering": "",
          "organ_sortering": "10",
          "uppdrag_rollsortering": "60",
          "uppdrag_statussortering": "20"
        },
        {
          "organ_kod": "KD",
          "roll_kod": "Gruppledare",
          "ordningsnummer": "0",
          "status": "",
          "typ": "partiuppdrag",
          "from": "2015-06-16",
          "tom": "",
          "uppgift": "Kristdemokraterna",
          "intressent_id": "0542160909628",
          "hangar_id": "2369507",
          "sortering": "25",
          "organ_sortering": "300",
          "uppdrag_rollsortering": "90",
          "uppdrag_statussortering": "90"
        },
        {
          "organ_kod": "KD",
          "roll_kod": "Ledamot",
          "ordningsnummer": "26",
          "status": "",
          "typ": "Riksdagsorgan",
          "from": "2018-10-09",
          "tom": "2022-10-09",
          "uppgift": "Krigsdelegationen",
          "intressent_id": "0542160909628",
          "hangar_id": "2369507",
          "sortering": "30",
          "organ_sortering": "300",
          "uppdrag_rollsortering": "90",
          "uppdrag_statussortering": "90"
        },
        {
          "organ_kod": "KD",
          "roll_kod": "Ledamot",
          "ordningsnummer": "19",
          "status": "",
          "typ": "Riksdagsorgan",
          "from": "2015-08-27",
          "tom": "2018-10-09",
          "uppgift": "Krigsdelegationen",
          "intressent_id": "0542160909628",
          "hangar_id": "2369507",
          "sortering": "30",
          "organ_sortering": "300",
          "uppdrag_rollsortering": "90",
          "uppdrag_statussortering": "90"
        },
        {
          "organ_kod": "LR",
          "roll_kod": "Suppleant",
          "ordningsnummer": "8",
          "status": "",
          "typ": "Riksdagsorgan",
          "from": "2014-10-15",
          "tom": "2018-10-10",
          "uppgift": "Ledamotsrådet",
          "intressent_id": "0542160909628",
          "hangar_id": "2369507",
          "sortering": "50",
          "organ_sortering": "300",
          "uppdrag_rollsortering": "90",
          "uppdrag_statussortering": "90"
        },
        {
          "organ_kod": "UN",
          "roll_kod": "Suppleant",
          "ordningsnummer": "9",
          "status": "",
          "typ": "Riksdagsorgan",
          "from": "2015-08-27",
          "tom": "2018-10-02",
          "uppgift": "Utrikesnämnden",
          "intressent_id": "0542160909628",
          "hangar_id": "2369507",
          "sortering": "50",
          "organ_sortering": "300",
          "uppdrag_rollsortering": "90",
          "uppdrag_statussortering": "90"
        },
        {
          "organ_kod": "VB",
          "roll_kod": "Ledamot",
          "ordningsnummer": "6",
          "status": "",
          "typ": "Riksdagsorgan",
          "from": "2018-09-24",
          "tom": "2022-09-26",
          "uppgift": "Valberedningen",
          "intressent_id": "0542160909628",
          "hangar_id": "2369507",
          "sortering": "30",
          "organ_sortering": "300",
          "uppdrag_rollsortering": "90",
          "uppdrag_statussortering": "90"
        },
        {
          "organ_kod": "VB",
          "roll_kod": "Ledamot",
          "ordningsnummer": "8",
          "status": "",
          "typ": "Riksdagsorgan",
          "from": "2015-08-27",
          "tom": "2018-09-24",
          "uppgift": "Valberedningen",
          "intressent_id": "0542160909628",
          "hangar_id": "2369507",
          "sortering": "30",
          "organ_sortering": "300",
          "uppdrag_rollsortering": "90",
          "uppdrag_statussortering": "90"
        },
        {
          "organ_kod": "AU",
          "roll_kod": "Suppleant",
          "ordningsnummer": "24",
          "status": "",
          "typ": "uppdrag",
          "from": "2014-10-14",
          "tom": "2016-01-20",
          "uppgift": "Arbetsmarknadsutskottet",
          "intressent_id": "0542160909628",
          "hangar_id": "2369507",
          "sortering": "50",
          "organ_sortering": "150",
          "uppdrag_rollsortering": "90",
          "uppdrag_statussortering": "90"
        },
        {
          "organ_kod": "AU",
          "roll_kod": "Ledamot",
          "ordningsnummer": "15",
          "status": "",
          "typ": "uppdrag",
          "from": "2012-02-24",
          "tom": "2014-09-29",
          "uppgift": "Arbetsmarknadsutskottet",
          "intressent_id": "0542160909628",
          "hangar_id": "2369507",
          "sortering": "30",
          "organ_sortering": "150",
          "uppdrag_rollsortering": "90",
          "uppdrag_statussortering": "90"
        },
        {
          "organ_kod": "FiU",
          "roll_kod": "Suppleant",
          "ordningsnummer": "25",
          "status": "",
          "typ": "uppdrag",
          "from": "2018-10-16",
          "tom": "2022-09-26",
          "uppgift": "Finansutskottet",
          "intressent_id": "0542160909628",
          "hangar_id": "2369507",
          "sortering": "50",
          "organ_sortering": "150",
          "uppdrag_rollsortering": "90",
          "uppdrag_statussortering": "90"
        },
        {
          "organ_kod": "FiU",
          "roll_kod": "Suppleant",
          "ordningsnummer": "23",
          "status": "",
          "typ": "uppdrag",
          "from": "2016-01-20",
          "tom": "2017-02-16",
          "uppgift": "Finansutskottet",
          "intressent_id": "0542160909628",
          "hangar_id": "2369507",
          "sortering": "50",
          "organ_sortering": "150",
          "uppdrag_rollsortering": "90",
          "uppdrag_statussortering": "90"
        },
        {
          "organ_kod": "JuU",
          "roll_kod": "Vice ordförande",
          "ordningsnummer": "12",
          "status": "",
          "typ": "uppdrag",
          "from": "2020-03-19",
          "tom": "2022-09-26",
          "uppgift": "Justitieutskottet",
          "intressent_id": "0542160909628",
          "hangar_id": "2369507",
          "sortering": "20",
          "organ_sortering": "150",
          "uppdrag_rollsortering": "90",
          "uppdrag_statussortering": "90"
        },
        {
          "organ_kod": "JuU",
          "roll_kod": "Vice ordförande",
          "ordningsnummer": "12",
          "status": "",
          "typ": "uppdrag",
          "from": "2018-10-02",
          "tom": "2020-01-16",
          "uppgift": "Justitieutskottet",
          "intressent_id": "0542160909628",
          "hangar_id": "2369507",
          "sortering": "20",
          "organ_sortering": "150",
          "uppdrag_rollsortering": "90",
          "uppdrag_statussortering": "90"
        },
        {
          "organ_kod": "JuU",
          "roll_kod": "Ledamot",
          "ordningsnummer": "12",
          "status": "",
          "typ": "uppdrag",
          "from": "2018-10-02",
          "tom": "2018-10-02",
          "uppgift": "Justitieutskottet",
          "intressent_id": "0542160909628",
          "hangar_id": "2369507",
          "sortering": "30",
          "organ_sortering": "150",
          "uppdrag_rollsortering": "90",
          "uppdrag_statussortering": "90"
        },
        {
          "organ_kod": "JuU",
          "roll_kod": "Ledamot",
          "ordningsnummer": "16",
          "status": "",
          "typ": "uppdrag",
          "from": "2014-10-07",
          "tom": "2018-09-24",
          "uppgift": "Justitieutskottet",
          "intressent_id": "0542160909628",
          "hangar_id": "2369507",
          "sortering": "30",
          "organ_sortering": "150",
          "uppdrag_rollsortering": "90",
          "uppdrag_statussortering": "90"
        },
        {
          "organ_kod": "KrU",
          "roll_kod": "Suppleant",
          "ordningsnummer": "25",
          "status": "",
          "typ": "uppdrag",
          "from": "2012-02-24",
          "tom": "2014-09-29",
          "uppgift": "Kulturutskottet",
          "intressent_id": "0542160909628",
          "hangar_id": "2369507",
          "sortering": "50",
          "organ_sortering": "150",
          "uppdrag_rollsortering": "90",
          "uppdrag_statussortering": "90"
        },
        {
          "organ_kod": "KrU",
          "roll_kod": "Ledamot",
          "ordningsnummer": "15",
          "status": "",
          "typ": "uppdrag",
          "from": "2010-10-12",
          "tom": "2012-02-23",
          "uppgift": "Kulturutskottet",
          "intressent_id": "0542160909628",
          "hangar_id": "2369507",
          "sortering": "30",
          "organ_sortering": "150",
          "uppdrag_rollsortering": "90",
          "uppdrag_statussortering": "90"
        },
        {
          "organ_kod": "KU",
          "roll_kod": "Suppleant",
          "ordningsnummer": "25",
          "status": "",
          "typ": "uppdrag",
          "from": "2018-10-16",
          "tom": "2022-09-26",
          "uppgift": "Konstitutionsutskottet",
          "intressent_id": "0542160909628",
          "hangar_id": "2369507",
          "sortering": "50",
          "organ_sortering": "150",
          "uppdrag_rollsortering": "90",
          "uppdrag_statussortering": "90"
        },
        {
          "organ_kod": "MJU",
          "roll_kod": "Suppleant",
          "ordningsnummer": "24",
          "status": "",
          "typ": "uppdrag",
          "from": "2012-06-01",
          "tom": "2014-09-29",
          "uppgift": "Miljö- och jordbruksutskottet",
          "intressent_id": "0542160909628",
          "hangar_id": "2369507",
          "sortering": "50",
          "organ_sortering": "150",
          "uppdrag_rollsortering": "90",
          "uppdrag_statussortering": "90"
        },
        {
          "organ_kod": "MJU",
          "roll_kod": "Suppleant",
          "ordningsnummer": "25",
          "status": "",
          "typ": "uppdrag",
          "from": "2010-12-20",
          "tom": "2012-05-31",
          "uppgift": "Miljö- och jordbruksutskottet",
          "intressent_id": "0542160909628",
          "hangar_id": "2369507",
          "sortering": "50",
          "organ_sortering": "150",
          "uppdrag_rollsortering": "90",
          "uppdrag_statussortering": "90"
        },
        {
          "organ_kod": "NU",
          "roll_kod": "Suppleant",
          "ordningsnummer": "28",
          "status": "",
          "typ": "uppdrag",
          "from": "2010-12-20",
          "tom": "2014-09-29",
          "uppgift": "Näringsutskottet",
          "intressent_id": "0542160909628",
          "hangar_id": "2369507",
          "sortering": "50",
          "organ_sortering": "150",
          "uppdrag_rollsortering": "90",
          "uppdrag_statussortering": "90"
        },
        {
          "organ_kod": "SkU",
          "roll_kod": "Suppleant",
          "ordningsnummer": "16",
          "status": "",
          "typ": "uppdrag",
          "from": "2014-10-07",
          "tom": "2018-09-24",
          "uppgift": "Skatteutskottet",
          "intressent_id": "0542160909628",
          "hangar_id": "2369507",
          "sortering": "50",
          "organ_sortering": "150",
          "uppdrag_rollsortering": "90",
          "uppdrag_statussortering": "90"
        },
        {
          "organ_kod": "TU",
          "roll_kod": "Suppleant",
          "ordningsnummer": "25",
          "status": "",
          "typ": "uppdrag",
          "from": "2011-05-11",
          "tom": "2014-09-29",
          "uppgift": "Trafikutskottet",
          "intressent_id": "0542160909628",
          "hangar_id": "2369507",
          "sortering": "50",
          "organ_sortering": "150",
          "uppdrag_rollsortering": "90",
          "uppdrag_statussortering": "90"
        },
        {
          "organ_kod": "EUN",
          "roll_kod": "Suppleant",
          "ordningsnummer": "72",
          "status": "",
          "typ": "uppdrag",
          "from": "2017-05-04",
          "tom": "2018-10-02",
          "uppgift": "EU-nämnden",
          "intressent_id": "0542160909628",
          "hangar_id": "2369507",
          "sortering": "50",
          "organ_sortering": "170",
          "uppdrag_rollsortering": "90",
          "uppdrag_statussortering": "90"
        },
        {
          "organ_kod": "EUN",
          "roll_kod": "Suppleant",
          "ordningsnummer": "73",
          "status": "",
          "typ": "uppdrag",
          "from": "2016-06-14",
          "tom": "2017-05-04",
          "uppgift": "EU-nämnden",
          "intressent_id": "0542160909628",
          "hangar_id": "2369507",
          "sortering": "50",
          "organ_sortering": "170",
          "uppdrag_rollsortering": "90",
          "uppdrag_statussortering": "90"
        },
        {
          "organ_kod": "EUN",
          "roll_kod": "Suppleant",
          "ordningsnummer": "74",
          "status": "",
          "typ": "uppdrag",
          "from": "2016-02-10",
          "tom": "2016-06-13",
          "uppgift": "EU-nämnden",
          "intressent_id": "0542160909628",
          "hangar_id": "2369507",
          "sortering": "50",
          "organ_sortering": "170",
          "uppdrag_rollsortering": "90",
          "uppdrag_statussortering": "90"
        }
      ]
    },
    "personuppgift": {
      "uppgift": [
        {
          "kod": "Officiell e-postadress",
          "uppgift": "andreas.carlson[på]riksdagen.se",
          "typ": "eadress",
          "intressent_id": "0542160909628",
          "hangar_id": "2369507"
        },
        {
          "kod": "Webbsida",
          "uppgift": "http://www.kristdemokraterna.se/andreascarlson",
          "typ": "eadress",
          "intressent_id": "0542160909628",
          "hangar_id": "2369507"
        },
        {
          "kod": "Tjänstetelefon",
          "uppgift": "66754",
          "typ": "telefonnummer",
          "intressent_id": "0542160909628",
          "hangar_id": "2369507"
        },
        {
          "kod": "sv",
          "uppgift": "Journalist.",
          "typ": "titlar",
          "intressent_id": "0542160909628",
          "hangar_id": "2369507"
        },
        {
          "kod": "en",
          "uppgift": "",
          "typ": "titlar",
          "intressent_id": "0542160909628",
          "hangar_id": "2369507"
        },
        {
          "kod": "KandiderarINastaVal",
          "uppgift": "true",
          "typ": "val",
          "intressent_id": "0542160909628",
          "hangar_id": "2369507"
        }
      ]
    }
  }
}