{
  "person": {
    "hangar_guid": "60fe37e1-ce6b-49bf-8d5e-01fda363ac02",
    "sourceid": "a266a9bc-fc42-4206-82f1-2227733aa417",
    "intressent_id": "0321680964806",
    "hangar_id": "2341960",
    "fodd_ar": "1937",
    "kon": "man",
    "efternamn": "Carlsson",
    "tilltalsnamn": "Sivert",
    "sorteringsnamn": "Carlsson,Sivert",
    "iort": "",
    "parti": "C",
    "valkrets": "",
    "status": "Tidigare riksdagsledamot",
    "person_url_xml": "http://data.riksdagen.se/person/a266a9bc-fc42-4206-82f1-2227733aa417",
    "bild_url_80": "http://data.riksdagen.se/filarkiv/bilder/ledamot/a266a9bc-fc42-4206-82f1-2227733aa417_80.jpg",
    "bild_url_192": "http://data.riksdagen.se/filarkiv/bilder/ledamot/a266a9bc-fc42-4206-82f1-2227733aa417_192.jpg",
    "bild_url_max": "http://data.riksdagen.se/filarkiv/bilder/ledamot/a266a9bc-fc42-4206-82f1-2227733aa417_max.jpg",
    "personuppdrag": {
      "uppdrag": [
        {
          "organ_kod": "kam",
          "roll_kod": "Riksdagsledamot",
          "ordningsnummer": "127",
          "status": "Tjänstgörande",
          "typ": "kammaruppdrag",
          "from": "1994-10-03",
          "tom": "1998-10-05",
          "uppgift": "",
          "intressent_id": "0321680964806",
          "hangar_id": "2341960",
          "sortering": "10",
          "organ_sortering": "10",
          "uppdrag_rollsortering": "60",
          "uppdrag_statussortering": "10"
        },
        {
          "organ_kod": "kam",
          "roll_kod": "Ersättare",
          "ordningsnummer": "0",
          "status": "Ersättare",
          "typ": "kammaruppdrag",
          "from": "1987-10-14",
          "tom": "1987-11-16",
          "uppgift": "Agne Hansson",
          "intressent_id": "0321680964806",
          "hangar_id": "2341960",
          "sortering": "45",
          "organ_sortering": "10",
          "uppdrag_rollsortering": "60",
          "uppdrag_statussortering": "20"
        },
        {
          "organ_kod": "VPN",
          "roll_kod": "Suppleant",
          "ordningsnummer": "0",
          "status": "",
          "typ": "Riksdagsorgan",
          "from": "1995-12-21",
          "tom": "1998-12-01",
          "uppgift": "Valprövningsnämnden",
          "intressent_id": "0321680964806",
          "hangar_id": "2341960",
          "sortering": "50",
          "organ_sortering": "300",
          "uppdrag_rollsortering": "90",
          "uppdrag_statussortering": "90"
        },
        {
          "organ_kod": "JuU",
          "roll_kod": "Suppleant",
          "ordningsnummer": "0",
          "status": "",
          "typ": "uppdrag",
          "from": "1996-03-08",
          "tom": "1998-10-04",
          "uppgift": "Justitieutskottet",
          "intressent_id": "0321680964806",
          "hangar_id": "2341960",
          "sortering": "50",
          "organ_sortering": "150",
          "uppdrag_rollsortering": "90",
          "uppdrag_statussortering": "90"
        },
        {
          "organ_kod": "KU",
          "roll_kod": "Suppleant",
          "ordningsnummer": "0",
          "status": "",
          "typ": "uppdrag",
          "from": "1994-10-11",
          "tom": "1997-04-30",
          "uppgift": "Konstitutionsutskottet",
          "intressent_id": "0321680964806",
          "hangar_id": "2341960",
          "sortering": "50",
          "organ_sortering": "150",
          "uppdrag_rollsortering": "90",
          "uppdrag_statussortering": "90"
        },
        {
          "organ_kod": "TU",
          "roll_kod": "Ledamot",
          "ordningsnummer": "0",
          "status": "",
          "typ": "uppdrag",
          "from": "1997-05-01",
          "tom": "1998-10-04",
          "uppgift": "Trafikutskottet",
          "intressent_id": "0321680964806",
          "hangar_id": "2341960",
          "sortering": "30",
          "organ_sortering": "150",
          "uppdrag_rollsortering": "90",
          "uppdrag_statussortering": "90"
        },
        {
          "organ_kod": "TU",
          "roll_kod": "Suppleant",
          "ordningsnummer": "0",
          "status": "",
          "typ": "uppdrag",
          "from": "1995-10-11",
          "tom": "1997-04-30",
          "uppgift": "Trafikutskottet",
          "intressent_id": "0321680964806",
          "hangar_id": "2341960",
          "sortering": "50",
          "organ_sortering": "150",
          "uppdrag_rollsortering": "90",
          "uppdrag_statussortering": "90"
        },
        {
          "organ_kod": "TU",
          "roll_kod": "Ledamot",
          "ordningsnummer": "0",
          "status": "",
          "typ": "uppdrag",
          "from": "1995-01-16",
          "tom": "1995-10-10",
          "uppgift": "Trafikutskottet",
          "intressent_id": "0321680964806",
          "hangar_id": "2341960",
          "sortering": "30",
          "organ_sortering": "150",
          "uppdrag_rollsortering": "90",
          "uppdrag_statussortering": "90"
        },
        {
          "organ_kod": "TU",
          "roll_kod": "Suppleant",
          "ordningsnummer": "0",
          "status": "",
          "typ": "uppdrag",
          "from": "1994-10-11",
          "tom": "1995-01-15",
          "uppgift": "Trafikutskottet",
          "intressent_id": "0321680964806",
          "hangar_id": "2341960",
          "sortering": "50",
          "organ_sortering": "150",
          "uppdrag_rollsortering": "90",
          "uppdrag_statussortering": "90"
        },
        {
          "organ_kod": "UbU",
          "roll_kod": "Suppleant",
          "ordningsnummer": "0",
          "status": "",
          "typ": "uppdrag",
          "from": "1997-05-01",
          "tom": "1998-10-04",
          "uppgift": "Utbildningsutskottet",
          "intressent_id": "0321680964806",
          "hangar_id": "2341960",
          "sortering": "50",
          "organ_sortering": "150",
          "uppdrag_rollsortering": "90",
          "uppdrag_statussortering": "90"
        }
      ]
    },
    "personuppgift": {
      "uppgift": [
        {
          "kod": "sv",
          "uppgift": "rektor",
          "typ": "titlar",
          "intressent_id": "0321680964806",
          "hangar_id": "2341960"
        },
        {
          "kod": "en",
          "uppgift": "",
          "typ": "titlar",
          "intressent_id": "0321680964806",
          "hangar_id": "2341960"
        }
      ]
    }
  }
}