{
  "person": {
    "hangar_guid": "8257ead3-4ff1-4610-be24-811c18245d2d",
    "sourceid": "c6765ffd-7931-4c18-b1f7-b174fd44cd28",
    "intressent_id": "0977860675311",
    "hangar_id": "2343224",
    "fodd_ar": "1963",
    "kon": "kvinna",
    "efternamn": "Carlsson",
    "tilltalsnamn": "Gunilla",
    "sorteringsnamn": "Carlsson,Gunilla",
    "iort": "",
    "parti": "M",
    "valkrets": "Östergötlands län",
    "status": "Tidigare riksdagsledamot",
    "person_url_xml": "http://data.riksdagen.se/person/c6765ffd-7931-4c18-b1f7-b174fd44cd28",
    "bild_url_80": "http://data.riksdagen.se/filarkiv/bilder/ledamot/c6765ffd-7931-4c18-b1f7-b174fd44cd28_80.jpg",
    "bild_url_192": "http://data.riksdagen.se/filarkiv/bilder/ledamot/c6765ffd-7931-4c18-b1f7-b174fd44cd28_192.jpg",
    "bild_url_max": "http://data.riksdagen.se/filarkiv/bilder/ledamot/c6765ffd-7931-4c18-b1f7-b174fd44cd28_max.jpg",
    "personuppdrag": {
      "uppdrag": [
        {
          "organ_kod": "UD",
          "roll_kod": "Statsråd",
          "ordningsnummer": "8",
          "status": "",
          "typ": "Departement",
          "from": "2006-10-06",
          "tom": "2013-09-17",
          "uppgift": "Utrikesdepartementet",
          "intressent_id": "0977860675311",
          "hangar_id": "2343224",
          "sortering": "100",
          "organ_sortering": "",
          "uppdrag_rollsortering": "90",
          "uppdrag_statussortering": "90"
        },
        {
          "organ_kod": "kam",
          "roll_kod": "Riksdagsledamot",
          "ordningsnummer": "30",
          "status": "Ledig",
          "typ": "kammaruppdrag",
          "from": "2010-10-04",
          "tom": "2013-09-18",
          "uppgift": "Finn Bengtsson 2006-10-06 - 2010-10-04, Betty Malmberg 2010-10-04 - 2013-09-17  Statsråd",
          "intressent_id": "0977860675311",
          "hangar_id": "2343224",
          "sortering": "10",
          "organ_sortering": "10",
          "uppdrag_rollsortering": "60",
          "uppdrag_statussortering": "30"
        },
        {
          "organ_kod": "kam",
          "roll_kod": "Riksdagsledamot",
          "ordningsnummer": "33",
          "status": "Ledig",
          "typ": "kammaruppdrag",
          "from": "2006-10-06",
          "tom": "2010-10-04",
          "uppgift": "Finn Bengtsson 2006-10-06 - 2010-10-04",
          "intressent_id": "0977860675311",
          "hangar_id": "2343224",
          "sortering": "10",
          "organ_sortering": "10",
          "uppdrag_rollsortering": "60",
          "uppdrag_statussortering": "30"
        },
        {
          "organ_kod": "kam",
          "roll_kod": "Riksdagsledamot",
          "ordningsnummer": "33",
          "status": "Tjänstgörande",
          "typ": "kammaruppdrag",
          "from": "2006-10-02",
          "tom": "2006-10-05",
          "uppgift": "",
          "intressent_id": "0977860675311",
          "hangar_id": "2343224",
          "sortering": "10",
          "organ_sortering": "10",
          "uppdrag_rollsortering": "60",
          "uppdrag_statussortering": "10"
        },
        {
          "organ_kod": "kam",
          "roll_kod": "Riksdagsledamot",
          "ordningsnummer": "24",
          "status": "Tjänstgörande",
          "typ": "kammaruppdrag",
          "from": "2002-09-30",
          "tom": "2006-10-02",
          "uppgift": "",
          "intressent_id": "0977860675311",
          "hangar_id": "2343224",
          "sortering": "10",
          "organ_sortering": "10",
          "uppdrag_rollsortering": "60",
          "uppdrag_statussortering": "10"
        },
        {
          "organ_kod": "KD",
          "roll_kod": "Ledamot",
          "ordningsnummer": "13",
          "status": "",
          "typ": "Riksdagsorgan",
          "from": "2006-10-17",
          "tom": "2010-10-19",
          "uppgift": "Krigsdelegationen",
          "intressent_id": "0977860675311",
          "hangar_id": "2343224",
          "sortering": "30",
          "organ_sortering": "300",
          "uppdrag_rollsortering": "90",
          "uppdrag_statussortering": "90"
        },
        {
          "organ_kod": "KD",
          "roll_kod": "Ledamot",
          "ordningsnummer": "0",
          "status": "",
          "typ": "Riksdagsorgan",
          "from": "2002-10-15",
          "tom": "2006-10-16",
          "uppgift": "Krigsdelegationen",
          "intressent_id": "0977860675311",
          "hangar_id": "2343224",
          "sortering": "30",
          "organ_sortering": "300",
          "uppdrag_rollsortering": "90",
          "uppdrag_statussortering": "90"
        },
        {
          "organ_kod": "NR",
          "roll_kod": "Suppleant",
          "ordningsnummer": "0",
          "status": "",
          "typ": "Riksdagsorgan",
          "from": "2004-09-23",
          "tom": "2006-10-02",
          "uppgift": "Nordiska rådets svenska delegation",
          "intressent_id": "0977860675311",
          "hangar_id": "2343224",
          "sortering": "50",
          "organ_sortering": "300",
          "uppdrag_rollsortering": "90",
          "uppdrag_statussortering": "90"
        },
        {
          "organ_kod": "UbU",
          "roll_kod": "Ledamot",
          "ordningsnummer": "0",
          "status": "",
          "typ": "uppdrag",
          "from": "2002-10-08",
          "tom": "2003-11-24",
          "uppgift": "Utbildningsutskottet",
          "intressent_id": "0977860675311",
          "hangar_id": "2343224",
          "sortering": "30",
          "organ_sortering": "150",
          "uppdrag_rollsortering": "90",
          "uppdrag_statussortering": "90"
        },
        {
          "organ_kod": "UU",
          "roll_kod": "Vice ordförande",
          "ordningsnummer": "0",
          "status": "",
          "typ": "uppdrag",
          "from": "2003-11-24",
          "tom": "2006-10-02",
          "uppgift": "Utrikesutskottet",
          "intressent_id": "0977860675311",
          "hangar_id": "2343224",
          "sortering": "20",
          "organ_sortering": "150",
          "uppdrag_rollsortering": "90",
          "uppdrag_statussortering": "90"
        },
        {
          "organ_kod": "UU",
          "roll_kod": "Ledamot",
          "ordningsnummer": "0",
          "status": "",
          "typ": "uppdrag",
          "from": "2003-11-24",
          "tom": "2006-10-01",
          "uppgift": "Utrikesutskottet",
          "intressent_id": "0977860675311",
          "hangar_id": "2343224",
          "sortering": "30",
          "organ_sortering": "150",
          "uppdrag_rollsortering": "90",
          "uppdrag_statussortering": "90"
        },
        {
          "organ_kod": "UU",
          "roll_kod": "Vice ordförande",
          "ordningsnummer": "0",
          "status": "",
          "typ": "uppdrag",
          "from": "2003-11-25",
          "tom": "2006-10-01",
          "uppgift": "Utrikesutskottet",
          "intressent_id": "0977860675311",
          "hangar_id": "2343224",
          "sortering": "20",
          "organ_sortering": "150",
          "uppdrag_rollsortering": "90",
          "uppdrag_statussortering": "90"
        },
        {
          "organ_kod": "UFöU",
          "roll_kod": "Deputerad",
          "ordningsnummer": "0",
          "status": "",
          "typ": "uppdrag",
          "from": "2006-05-18",
          "tom": "2006-06-14",
          "uppgift": "Sammansatta utrikes- och försvarsutskottet",
          "intressent_id": "0977860675311",
          "hangar_id": "2343224",
          "sortering": "40",
          "organ_sortering": "160",
          "uppdrag_rollsortering": "90",
          "uppdrag_statussortering": "90"
        },
        {
          "organ_kod": "UFöU",
          "roll_kod": "Deputerad",
          "ordningsnummer": "0",
          "status": "",
          "typ": "uppdrag",
          "from": "2005-11-22",
          "tom": "2005-12-07",
          "uppgift": "Sammansatta utrikes- och försvarsutskottet",
          "intressent_id": "0977860675311",
          "hangar_id": "2343224",
          "sortering": "40",
          "organ_sortering": "160",
          "uppdrag_rollsortering": "90",
          "uppdrag_statussortering": "90"
        },
        {
          "organ_kod": "UFöU",
          "roll_kod": "Deputerad",
          "ordningsnummer": "0",
          "status": "",
          "typ": "uppdrag",
          "from": "2004-10-19",
          "tom": "2004-12-15",
          "uppgift": "Sammansatta utrikes- och försvarsutskottet",
          "intressent_id": "0977860675311",
          "hangar_id": "2343224",
          "sortering": "40",
          "organ_sortering": "160",
          "uppdrag_rollsortering": "90",
          "uppdrag_statussortering": "90"
        },
        {
          "organ_kod": "UFöU",
          "roll_kod": "Suppleant",
          "ordningsnummer": "0",
          "status": "",
          "typ": "uppdrag",
          "from": "2004-05-11",
          "tom": "2004-05-26",
          "uppgift": "Sammansatta utrikes- och försvarsutskottet",
          "intressent_id": "0977860675311",
          "hangar_id": "2343224",
          "sortering": "50",
          "organ_sortering": "160",
          "uppdrag_rollsortering": "90",
          "uppdrag_statussortering": "90"
        },
        {
          "organ_kod": "UFöU",
          "roll_kod": "Deputerad",
          "ordningsnummer": "0",
          "status": "",
          "typ": "uppdrag",
          "from": "2004-02-05",
          "tom": "2004-02-18",
          "uppgift": "Sammansatta utrikes- och försvarsutskottet",
          "intressent_id": "0977860675311",
          "hangar_id": "2343224",
          "sortering": "40",
          "organ_sortering": "160",
          "uppdrag_rollsortering": "90",
          "uppdrag_statussortering": "90"
        },
        {
          "organ_kod": "EUN",
          "roll_kod": "Suppleant",
          "ordningsnummer": "0",
          "status": "",
          "typ": "uppdrag",
          "from": "2003-11-24",
          "tom": "2006-10-10",
          "uppgift": "EU-nämnden",
          "intressent_id": "0977860675311",
          "hangar_id": "2343224",
          "sortering": "50",
          "organ_sortering": "170",
          "uppdrag_rollsortering": "90",
          "uppdrag_statussortering": "90"
        },
        {
          "organ_kod": "EUN",
          "roll_kod": "Ledamot",
          "ordningsnummer": "0",
          "status": "",
          "typ": "uppdrag",
          "from": "2002-10-08",
          "tom": "2003-11-24",
          "uppgift": "EU-nämnden",
          "intressent_id": "0977860675311",
          "hangar_id": "2343224",
          "sortering": "30",
          "organ_sortering": "170",
          "uppdrag_rollsortering": "90",
          "uppdrag_statussortering": "90"
        }
      ]
    },
    "personuppgift": {
      "uppgift": [
        {
          "kod": "sv",
          "uppgift": "Företagsekonom",
          "typ": "titlar",
          "intressent_id": "0977860675311",
          "hangar_id": "2343224"
        },
        {
          "kod": "en",
          "uppgift": "",
          "typ": "titlar",
          "intressent_id": "0977860675311",
          "hangar_id": "2343224"
        }
      ]
    }
  }
}