{
  "person": {
    "hangar_guid": "faef4339-f6ac-4c4a-bb30-f8e2a9478484",
    "sourceid": "d7c31854-83e4-11d4-ae60-0050040c9b55",
    "intressent_id": "0810673119603",
    "hangar_id": "2342405",
    "fodd_ar": "1946",
    "kon": "kvinna",
    "efternamn": "Carlström",
    "tilltalsnamn": "Marianne",
    "sorteringsnamn": "Carlström,Marianne",
    "iort": "",
    "parti": "S",
    "valkrets": "Göteborgs kommun",
    "status": "Tidigare riksdagsledamot",
    "person_url_xml": "http://data.riksdagen.se/person/d7c31854-83e4-11d4-ae60-0050040c9b55",
    "bild_url_80": "http://data.riksdagen.se/filarkiv/bilder/ledamot/d7c31854-83e4-11d4-ae60-0050040c9b55_80.jpg",
    "bild_url_192": "http://data.riksdagen.se/filarkiv/bilder/ledamot/d7c31854-83e4-11d4-ae60-0050040c9b55_192.jpg",
    "bild_url_max": "http://data.riksdagen.se/filarkiv/bilder/ledamot/d7c31854-83e4-11d4-ae60-0050040c9b55_max.jpg",
    "personuppdrag": {
      "uppdrag": [
        {
          "organ_kod": "kam",
          "roll_kod": "Riksdagsledamot",
          "ordningsnummer": "201",
          "status": "Tjänstgörande",
          "typ": "kammaruppdrag",
          "from": "2002-09-30",
          "tom": "2006-10-02",
          "uppgift": "",
          "intressent_id": "0810673119603",
          "hangar_id": "2342405",
          "sortering": "10",
          "organ_sortering": "10",
          "uppdrag_rollsortering": "60",
          "uppdrag_statussortering": "10"
        },
        {
          "organ_kod": "kam",
          "roll_kod": "Riksdagsledamot",
          "ordningsnummer": "199",
          "status": "Tjänstgörande",
          "typ": "kammaruppdrag",
          "from": "1998-10-05",
          "tom": "2002-09-30",
          "uppgift": "",
          "intressent_id": "0810673119603",
          "hangar_id": "2342405",
          "sortering": "10",
          "organ_sortering": "10",
          "uppdrag_rollsortering": "60",
          "uppdrag_statussortering": "10"
        },
        {
          "organ_kod": "kam",
          "roll_kod": "Riksdagsledamot",
          "ordningsnummer": "196",
          "status": "Tjänstgörande",
          "typ": "kammaruppdrag",
          "from": "1994-10-03",
          "tom": "1998-10-05",
          "uppgift": "",
          "intressent_id": "0810673119603",
          "hangar_id": "2342405",
          "sortering": "10",
          "organ_sortering": "10",
          "uppdrag_rollsortering": "60",
          "uppdrag_statussortering": "10"
        },
        {
          "organ_kod": "kam",
          "roll_kod": "Riksdagsledamot",
          "ordningsnummer": "202",
          "status": "Tjänstgörande",
          "typ": "kammaruppdrag",
          "from": "1991-10-01",
          "tom": "1994-10-03",
          "uppgift": "",
          "intressent_id": "0810673119603",
          "hangar_id": "2342405",
          "sortering": "10",
          "organ_sortering": "10",
          "uppdrag_rollsortering": "60",
          "uppdrag_statussortering": "10"
        },
        {
          "organ_kod": "kam",
          "roll_kod": "Riksdagsledamot",
          "ordningsnummer": "209",
          "status": "Tjänstgörande",
          "typ": "kammaruppdrag",
          "from": "1990-03-17",
          "tom": "1991-09-30",
          "uppgift": "",
          "intressent_id": "0810673119603",
          "hangar_id": "2342405",
          "sortering": "10",
          "organ_sortering": "10",
          "uppdrag_rollsortering": "60",
          "uppdrag_statussortering": "10"
        },
        {
          "organ_kod": "IPU",
          "roll_kod": "Ledamot",
          "ordningsnummer": "0",
          "status": "",
          "typ": "Riksdagsorgan",
          "from": "1994-12-08",
          "tom": "1998-10-20",
          "uppgift": "Riksdagens delegation till Interparlamentariska unionen",
          "intressent_id": "0810673119603",
          "hangar_id": "2342405",
          "sortering": "30",
          "organ_sortering": "300",
          "uppdrag_rollsortering": "90",
          "uppdrag_statussortering": "90"
        },
        {
          "organ_kod": "NR",
          "roll_kod": "Ledamot",
          "ordningsnummer": "0",
          "status": "",
          "typ": "Riksdagsorgan",
          "from": "2002-10-15",
          "tom": "2006-10-02",
          "uppgift": "Nordiska rådets svenska delegation",
          "intressent_id": "0810673119603",
          "hangar_id": "2342405",
          "sortering": "30",
          "organ_sortering": "300",
          "uppdrag_rollsortering": "90",
          "uppdrag_statussortering": "90"
        },
        {
          "organ_kod": "NR",
          "roll_kod": "Suppleant",
          "ordningsnummer": "0",
          "status": "",
          "typ": "Riksdagsorgan",
          "from": "1994-10-18",
          "tom": "1998-10-05",
          "uppgift": "Nordiska rådets svenska delegation",
          "intressent_id": "0810673119603",
          "hangar_id": "2342405",
          "sortering": "50",
          "organ_sortering": "300",
          "uppdrag_rollsortering": "90",
          "uppdrag_statussortering": "90"
        },
        {
          "organ_kod": "NR",
          "roll_kod": "Suppleant",
          "ordningsnummer": "0",
          "status": "",
          "typ": "Riksdagsorgan",
          "from": "1994-06-01",
          "tom": "1994-10-03",
          "uppgift": "Nordiska rådets svenska delegation",
          "intressent_id": "0810673119603",
          "hangar_id": "2342405",
          "sortering": "50",
          "organ_sortering": "300",
          "uppdrag_rollsortering": "90",
          "uppdrag_statussortering": "90"
        },
        {
          "organ_kod": "RB",
          "roll_kod": "Suppleant",
          "ordningsnummer": "0",
          "status": "",
          "typ": "Riksdagsorgan",
          "from": "2002-10-15",
          "tom": "2006-10-17",
          "uppgift": "Riksbanksfullmäktige",
          "intressent_id": "0810673119603",
          "hangar_id": "2342405",
          "sortering": "50",
          "organ_sortering": "300",
          "uppdrag_rollsortering": "90",
          "uppdrag_statussortering": "90"
        },
        {
          "organ_kod": "RB",
          "roll_kod": "Suppleant",
          "ordningsnummer": "0",
          "status": "",
          "typ": "Riksdagsorgan",
          "from": "1998-12-02",
          "tom": "2002-10-14",
          "uppgift": "Riksbanksfullmäktige",
          "intressent_id": "0810673119603",
          "hangar_id": "2342405",
          "sortering": "50",
          "organ_sortering": "300",
          "uppdrag_rollsortering": "90",
          "uppdrag_statussortering": "90"
        },
        {
          "organ_kod": "RS",
          "roll_kod": "Ledamot",
          "ordningsnummer": "0",
          "status": "",
          "typ": "Riksdagsorgan",
          "from": "2000-07-01",
          "tom": "2002-10-08",
          "uppgift": "Riksdagsstyrelsen",
          "intressent_id": "0810673119603",
          "hangar_id": "2342405",
          "sortering": "30",
          "organ_sortering": "300",
          "uppdrag_rollsortering": "90",
          "uppdrag_statussortering": "90"
        },
        {
          "organ_kod": "VB",
          "roll_kod": "Ledamot",
          "ordningsnummer": "0",
          "status": "",
          "typ": "Riksdagsorgan",
          "from": "1998-10-05",
          "tom": "2002-09-30",
          "uppgift": "Valberedningen",
          "intressent_id": "0810673119603",
          "hangar_id": "2342405",
          "sortering": "30",
          "organ_sortering": "300",
          "uppdrag_rollsortering": "90",
          "uppdrag_statussortering": "90"
        },
        {
          "organ_kod": "VB",
          "roll_kod": "Suppleant",
          "ordningsnummer": "0",
          "status": "",
          "typ": "Riksdagsorgan",
          "from": "1995-11-06",
          "tom": "1998-10-05",
          "uppgift": "Valberedningen",
          "intressent_id": "0810673119603",
          "hangar_id": "2342405",
          "sortering": "50",
          "organ_sortering": "300",
          "uppdrag_rollsortering": "90",
          "uppdrag_statussortering": "90"
        },
        {
          "organ_kod": "FiU",
          "roll_kod": "Suppleant",
          "ordningsnummer": "0",
          "status": "",
          "typ": "uppdrag",
          "from": "1991-10-08",
          "tom": "1994-10-02",
          "uppgift": "Finansutskottet",
          "intressent_id": "0810673119603",
          "hangar_id": "2342405",
          "sortering": "50",
          "organ_sortering": "150",
          "uppdrag_rollsortering": "90",
          "uppdrag_statussortering": "90"
        },
        {
          "organ_kod": "FiU",
          "roll_kod": "Ledamot",
          "ordningsnummer": "0",
          "status": "",
          "typ": "uppdrag",
          "from": "1988-10-03",
          "tom": "1991-09-29",
          "uppgift": "Finansutskottet",
          "intressent_id": "0810673119603",
          "hangar_id": "2342405",
          "sortering": "30",
          "organ_sortering": "150",
          "uppdrag_rollsortering": "90",
          "uppdrag_statussortering": "90"
        },
        {
          "organ_kod": "FiU",
          "roll_kod": "Suppleant",
          "ordningsnummer": "0",
          "status": "",
          "typ": "uppdrag",
          "from": "1985-09-30",
          "tom": "1988-10-02",
          "uppgift": "Finansutskottet",
          "intressent_id": "0810673119603",
          "hangar_id": "2342405",
          "sortering": "50",
          "organ_sortering": "150",
          "uppdrag_rollsortering": "90",
          "uppdrag_statussortering": "90"
        },
        {
          "organ_kod": "BoU",
          "roll_kod": "Ledamot",
          "ordningsnummer": "0",
          "status": "",
          "typ": "uppdrag",
          "from": "1994-10-11",
          "tom": "1998-10-04",
          "uppgift": "Bostadsutskottet",
          "intressent_id": "0810673119603",
          "hangar_id": "2342405",
          "sortering": "30",
          "organ_sortering": "165",
          "uppdrag_rollsortering": "90",
          "uppdrag_statussortering": "90"
        },
        {
          "organ_kod": "BoU",
          "roll_kod": "Ledamot",
          "ordningsnummer": "0",
          "status": "",
          "typ": "uppdrag",
          "from": "1991-10-08",
          "tom": "1994-10-02",
          "uppgift": "Bostadsutskottet",
          "intressent_id": "0810673119603",
          "hangar_id": "2342405",
          "sortering": "30",
          "organ_sortering": "165",
          "uppdrag_rollsortering": "90",
          "uppdrag_statussortering": "90"
        },
        {
          "organ_kod": "BoU",
          "roll_kod": "Suppleant",
          "ordningsnummer": "0",
          "status": "",
          "typ": "uppdrag",
          "from": "1988-10-11",
          "tom": "1991-09-29",
          "uppgift": "Bostadsutskottet",
          "intressent_id": "0810673119603",
          "hangar_id": "2342405",
          "sortering": "50",
          "organ_sortering": "165",
          "uppdrag_rollsortering": "90",
          "uppdrag_statussortering": "90"
        },
        {
          "organ_kod": "LU",
          "roll_kod": "Vice ordförande",
          "ordningsnummer": "0",
          "status": "",
          "typ": "uppdrag",
          "from": "2002-10-08",
          "tom": "2006-10-02",
          "uppgift": "Lagutskottet",
          "intressent_id": "0810673119603",
          "hangar_id": "2342405",
          "sortering": "20",
          "organ_sortering": "165",
          "uppdrag_rollsortering": "90",
          "uppdrag_statussortering": "90"
        },
        {
          "organ_kod": "LU",
          "roll_kod": "Andre vice ordförande",
          "ordningsnummer": "0",
          "status": "",
          "typ": "uppdrag",
          "from": "1998-10-13",
          "tom": "2002-09-30",
          "uppgift": "Lagutskottet",
          "intressent_id": "0810673119603",
          "hangar_id": "2342405",
          "sortering": "16",
          "organ_sortering": "165",
          "uppdrag_rollsortering": "90",
          "uppdrag_statussortering": "90"
        },
        {
          "organ_kod": "LU",
          "roll_kod": "Vice ordförande",
          "ordningsnummer": "0",
          "status": "",
          "typ": "uppdrag",
          "from": "1998-10-13",
          "tom": "2002-09-29",
          "uppgift": "Lagutskottet",
          "intressent_id": "0810673119603",
          "hangar_id": "2342405",
          "sortering": "20",
          "organ_sortering": "165",
          "uppdrag_rollsortering": "90",
          "uppdrag_statussortering": "90"
        },
        {
          "organ_kod": "LU",
          "roll_kod": "Suppleant",
          "ordningsnummer": "0",
          "status": "",
          "typ": "uppdrag",
          "from": "1994-10-11",
          "tom": "1998-10-04",
          "uppgift": "Lagutskottet",
          "intressent_id": "0810673119603",
          "hangar_id": "2342405",
          "sortering": "50",
          "organ_sortering": "165",
          "uppdrag_rollsortering": "90",
          "uppdrag_statussortering": "90"
        },
        {
          "organ_kod": "LU",
          "roll_kod": "Suppleant",
          "ordningsnummer": "0",
          "status": "",
          "typ": "uppdrag",
          "from": "1985-09-30",
          "tom": "1988-10-02",
          "uppgift": "Lagutskottet",
          "intressent_id": "0810673119603",
          "hangar_id": "2342405",
          "sortering": "50",
          "organ_sortering": "165",
          "uppdrag_rollsortering": "90",
          "uppdrag_statussortering": "90"
        },
        {
          "organ_kod": "EUN",
          "roll_kod": "Ledamot",
          "ordningsnummer": "0",
          "status": "",
          "typ": "uppdrag",
          "from": "1998-10-13",
          "tom": "2002-10-08",
          "uppgift": "EU-nämnden",
          "intressent_id": "0810673119603",
          "hangar_id": "2342405",
          "sortering": "30",
          "organ_sortering": "170",
          "uppdrag_rollsortering": "90",
          "uppdrag_statussortering": "90"
        },
        {
          "organ_kod": "EUN",
          "roll_kod": "Suppleant",
          "ordningsnummer": "0",
          "status": "",
          "typ": "uppdrag",
          "from": "1995-04-20",
          "tom": "1998-10-05",
          "uppgift": "EU-nämnden",
          "intressent_id": "0810673119603",
          "hangar_id": "2342405",
          "sortering": "50",
          "organ_sortering": "170",
          "uppdrag_rollsortering": "90",
          "uppdrag_statussortering": "90"
        }
      ]
    },
    "personuppgift": {
      "uppgift": [
        {
          "kod": "sv",
          "uppgift": "hushållslärare",
          "typ": "titlar",
          "intressent_id": "0810673119603",
          "hangar_id": "2342405"
        },
        {
          "kod": "en",
          "uppgift": "Domestic Science Teacher",
          "typ": "titlar",
          "intressent_id": "0810673119603",
          "hangar_id": "2342405"
        }
      ]
    }
  }
}