{
  "person": {
    "hangar_guid": "b865efd5-9930-44dc-b390-3680e08f1c36",
    "sourceid": "f746628d-343e-448e-8642-2dd562cab6f9",
    "intressent_id": "091283181490",
    "hangar_id": "2341641",
    "fodd_ar": "1921",
    "kon": "man",
    "efternamn": "Carlshamre",
    "tilltalsnamn": "Nils",
    "sorteringsnamn": "Carlshamre,Nils",
    "iort": "",
    "parti": "M",
    "valkrets": "",
    "status": "Tidigare riksdagsledamot",
    "person_url_xml": "http://data.riksdagen.se/person/f746628d-343e-448e-8642-2dd562cab6f9",
    "bild_url_80": "http://data.riksdagen.se/filarkiv/bilder/ledamot/f746628d-343e-448e-8642-2dd562cab6f9_80.jpg",
    "bild_url_192": "http://data.riksdagen.se/filarkiv/bilder/ledamot/f746628d-343e-448e-8642-2dd562cab6f9_192.jpg",
    "bild_url_max": "http://data.riksdagen.se/filarkiv/bilder/ledamot/f746628d-343e-448e-8642-2dd562cab6f9_max.jpg",
    "personuppdrag": {
      "uppdrag": [
        {
          "organ_kod": "kam",
          "roll_kod": "Riksdagsledamot",
          "ordningsnummer": "0",
          "status": "Tjänstgörande",
          "typ": "kammaruppdrag",
          "from": "1985-09-30",
          "tom": "1988-10-03",
          "uppgift": "",
          "intressent_id": "091283181490",
          "hangar_id": "2341641",
          "sortering": "10",
          "organ_sortering": "10",
          "uppdrag_rollsortering": "60",
          "uppdrag_statussortering": "10"
        },
        {
          "organ_kod": "kam",
          "roll_kod": "Riksdagsledamot",
          "ordningsnummer": "0",
          "status": "Tjänstgörande",
          "typ": "kammaruppdrag",
          "from": "1982-10-04",
          "tom": "1985-09-30",
          "uppgift": "",
          "intressent_id": "091283181490",
          "hangar_id": "2341641",
          "sortering": "10",
          "organ_sortering": "10",
          "uppdrag_rollsortering": "60",
          "uppdrag_statussortering": "10"
        },
        {
          "organ_kod": "kam",
          "roll_kod": "Riksdagsledamot",
          "ordningsnummer": "0",
          "status": "Tjänstgörande",
          "typ": "kammaruppdrag",
          "from": "1979-10-01",
          "tom": "1982-10-04",
          "uppgift": "",
          "intressent_id": "091283181490",
          "hangar_id": "2341641",
          "sortering": "10",
          "organ_sortering": "10",
          "uppdrag_rollsortering": "60",
          "uppdrag_statussortering": "10"
        },
        {
          "organ_kod": "kam",
          "roll_kod": "Riksdagsledamot",
          "ordningsnummer": "0",
          "status": "Tjänstgörande",
          "typ": "kammaruppdrag",
          "from": "1976-10-04",
          "tom": "1979-10-01",
          "uppgift": "",
          "intressent_id": "091283181490",
          "hangar_id": "2341641",
          "sortering": "10",
          "organ_sortering": "10",
          "uppdrag_rollsortering": "60",
          "uppdrag_statussortering": "10"
        }
      ]
    },
    "personuppgift": {
      "uppgift": [
        {
          "kod": "sv",
          "uppgift": "lektor",
          "typ": "titlar",
          "intressent_id": "091283181490",
          "hangar_id": "2341641"
        },
        {
          "kod": "en",
          "uppgift": "",
          "typ": "titlar",
          "intressent_id": "091283181490",
          "hangar_id": "2341641"
        }
      ]
    }
  }
}