{
  "person": {
    "hangar_guid": "5b025fbe-995b-489e-b4f5-436b9a94f960",
    "sourceid": "8340e89d-250a-4300-bab5-6937399ee277",
    "intressent_id": "0737073162411",
    "hangar_id": "2343464",
    "fodd_ar": "1970",
    "kon": "kvinna",
    "efternamn": "Carlsson Löfdahl",
    "tilltalsnamn": "Emma",
    "sorteringsnamn": "Carlsson Löfdahl,Emma",
    "iort": "",
    "parti": "-",
    "valkrets": "Jönköpings län",
    "status": "Tjänstgörande riksdagsledamot",
    "person_url_xml": "http://data.riksdagen.se/person/8340e89d-250a-4300-bab5-6937399ee277",
    "bild_url_80": "http://data.riksdagen.se/filarkiv/bilder/ledamot/8340e89d-250a-4300-bab5-6937399ee277_80.jpg",
    "bild_url_192": "http://data.riksdagen.se/filarkiv/bilder/ledamot/8340e89d-250a-4300-bab5-6937399ee277_192.jpg",
    "bild_url_max": "http://data.riksdagen.se/filarkiv/bilder/ledamot/8340e89d-250a-4300-bab5-6937399ee277_max.jpg",
    "personuppdrag": {
      "uppdrag": [
        {
          "organ_kod": "kam",
          "roll_kod": "Riksdagsledamot",
          "ordningsnummer": "219",
          "status": "Tjänstgörande",
          "typ": "kammaruppdrag",
          "from": "2018-09-24",
          "tom": "2022-09-26",
          "uppgift": "",
          "intressent_id": "0737073162411",
          "hangar_id": "2343464",
          "sortering": "10",
          "organ_sortering": "10",
          "uppdrag_rollsortering": "60",
          "uppdrag_statussortering": "10"
        },
        {
          "organ_kod": "kam",
          "roll_kod": "Riksdagsledamot",
          "ordningsnummer": "288",
          "status": "Tjänstgörande",
          "typ": "kammaruppdrag",
          "from": "2014-09-29",
          "tom": "2018-09-24",
          "uppgift": "",
          "intressent_id": "0737073162411",
          "hangar_id": "2343464",
          "sortering": "10",
          "organ_sortering": "10",
          "uppdrag_rollsortering": "60",
          "uppdrag_statussortering": "10"
        },
        {
          "organ_kod": "kam",
          "roll_kod": "Riksdagsledamot",
          "ordningsnummer": "253",
          "status": "Tjänstgörande",
          "typ": "kammaruppdrag",
          "from": "2010-10-06",
          "tom": "2014-09-29",
          "uppgift": "",
          "intressent_id": "0737073162411",
          "hangar_id": "2343464",
          "sortering": "10",
          "organ_sortering": "10",
          "uppdrag_rollsortering": "60",
          "uppdrag_statussortering": "10"
        },
        {
          "organ_kod": "kam",
          "roll_kod": "Statsrådsersättare",
          "ordningsnummer": "217",
          "status": "Ersättare",
          "typ": "kammaruppdrag",
          "from": "2010-10-04",
          "tom": "2010-10-05",
          "uppgift": "Tobias Krantz",
          "intressent_id": "0737073162411",
          "hangar_id": "2343464",
          "sortering": "",
          "organ_sortering": "10",
          "uppdrag_rollsortering": "60",
          "uppdrag_statussortering": "20"
        },
        {
          "organ_kod": "kam",
          "roll_kod": "Statsrådsersättare",
          "ordningsnummer": "290",
          "status": "Ersättare",
          "typ": "kammaruppdrag",
          "from": "2009-06-22",
          "tom": "2010-10-04",
          "uppgift": "Tobias Krantz",
          "intressent_id": "0737073162411",
          "hangar_id": "2343464",
          "sortering": "",
          "organ_sortering": "10",
          "uppdrag_rollsortering": "60",
          "uppdrag_statussortering": "20"
        },
        {
          "organ_kod": "kam",
          "roll_kod": "Ersättare",
          "ordningsnummer": "290",
          "status": "Ersättare",
          "typ": "kammaruppdrag",
          "from": "2006-12-04",
          "tom": "2007-01-05",
          "uppgift": "Tobias Krantz",
          "intressent_id": "0737073162411",
          "hangar_id": "2343464",
          "sortering": "45",
          "organ_sortering": "10",
          "uppdrag_rollsortering": "60",
          "uppdrag_statussortering": "20"
        },
        {
          "organ_kod": "FP",
          "roll_kod": "Kvittningsman",
          "ordningsnummer": "0",
          "status": "",
          "typ": "partiuppdrag",
          "from": "2014-09-29",
          "tom": "2015-11-24",
          "uppgift": "Folkpartiet liberalerna",
          "intressent_id": "0737073162411",
          "hangar_id": "2343464",
          "sortering": "",
          "organ_sortering": "",
          "uppdrag_rollsortering": "90",
          "uppdrag_statussortering": "90"
        },
        {
          "organ_kod": "FP",
          "roll_kod": "Vice gruppledare",
          "ordningsnummer": "0",
          "status": "",
          "typ": "partiuppdrag",
          "from": "2014-10-04",
          "tom": "2014-12-20",
          "uppgift": "Folkpartiet liberalerna",
          "intressent_id": "0737073162411",
          "hangar_id": "2343464",
          "sortering": "30",
          "organ_sortering": "",
          "uppdrag_rollsortering": "90",
          "uppdrag_statussortering": "90"
        },
        {
          "organ_kod": "FP",
          "roll_kod": "Kvittningsman",
          "ordningsnummer": "0",
          "status": "",
          "typ": "partiuppdrag",
          "from": "2010-10-14",
          "tom": "2014-09-29",
          "uppgift": "Folkpartiet liberalerna",
          "intressent_id": "0737073162411",
          "hangar_id": "2343464",
          "sortering": "",
          "organ_sortering": "",
          "uppdrag_rollsortering": "90",
          "uppdrag_statussortering": "90"
        },
        {
          "organ_kod": "L",
          "roll_kod": "Kvittningsman",
          "ordningsnummer": "0",
          "status": "",
          "typ": "partiuppdrag",
          "from": "2015-11-24",
          "tom": "2019-03-12",
          "uppgift": "Liberalerna",
          "intressent_id": "0737073162411",
          "hangar_id": "2343464",
          "sortering": "",
          "organ_sortering": "",
          "uppdrag_rollsortering": "90",
          "uppdrag_statussortering": "90"
        },
        {
          "organ_kod": "LR",
          "roll_kod": "Ledamot",
          "ordningsnummer": "7",
          "status": "",
          "typ": "Riksdagsorgan",
          "from": "2018-12-12",
          "tom": "2019-03-27",
          "uppgift": "Ledamotsrådet",
          "intressent_id": "0737073162411",
          "hangar_id": "2343464",
          "sortering": "30",
          "organ_sortering": "300",
          "uppdrag_rollsortering": "90",
          "uppdrag_statussortering": "90"
        },
        {
          "organ_kod": "LR",
          "roll_kod": "Ledamot",
          "ordningsnummer": "7",
          "status": "",
          "typ": "Riksdagsorgan",
          "from": "2014-10-15",
          "tom": "2018-10-10",
          "uppgift": "Ledamotsrådet",
          "intressent_id": "0737073162411",
          "hangar_id": "2343464",
          "sortering": "30",
          "organ_sortering": "300",
          "uppdrag_rollsortering": "90",
          "uppdrag_statussortering": "90"
        },
        {
          "organ_kod": "VB",
          "roll_kod": "Suppleant",
          "ordningsnummer": "7",
          "status": "",
          "typ": "Riksdagsorgan",
          "from": "2018-09-24",
          "tom": "2022-09-26",
          "uppgift": "Valberedningen",
          "intressent_id": "0737073162411",
          "hangar_id": "2343464",
          "sortering": "50",
          "organ_sortering": "300",
          "uppdrag_rollsortering": "90",
          "uppdrag_statussortering": "90"
        },
        {
          "organ_kod": "CU",
          "roll_kod": "Suppleant",
          "ordningsnummer": "8",
          "status": "",
          "typ": "uppdrag",
          "from": "2009-09-03",
          "tom": "2010-10-04",
          "uppgift": "Civilutskottet",
          "intressent_id": "0737073162411",
          "hangar_id": "2343464",
          "sortering": "50",
          "organ_sortering": "150",
          "uppdrag_rollsortering": "90",
          "uppdrag_statussortering": "90"
        },
        {
          "organ_kod": "CU",
          "roll_kod": "Suppleant",
          "ordningsnummer": "20",
          "status": "",
          "typ": "uppdrag",
          "from": "2006-12-04",
          "tom": "2007-01-05",
          "uppgift": "Civilutskottet",
          "intressent_id": "0737073162411",
          "hangar_id": "2343464",
          "sortering": "50",
          "organ_sortering": "150",
          "uppdrag_rollsortering": "90",
          "uppdrag_statussortering": "90"
        },
        {
          "organ_kod": "JuU",
          "roll_kod": "Suppleant",
          "ordningsnummer": "23",
          "status": "",
          "typ": "uppdrag",
          "from": "2014-11-05",
          "tom": "2015-04-22",
          "uppgift": "Justitieutskottet",
          "intressent_id": "0737073162411",
          "hangar_id": "2343464",
          "sortering": "50",
          "organ_sortering": "150",
          "uppdrag_rollsortering": "90",
          "uppdrag_statussortering": "90"
        },
        {
          "organ_kod": "KrU",
          "roll_kod": "Suppleant",
          "ordningsnummer": "0",
          "status": "",
          "typ": "uppdrag",
          "from": "2006-12-04",
          "tom": "2007-01-05",
          "uppgift": "Kulturutskottet",
          "intressent_id": "0737073162411",
          "hangar_id": "2343464",
          "sortering": "50",
          "organ_sortering": "150",
          "uppdrag_rollsortering": "90",
          "uppdrag_statussortering": "90"
        },
        {
          "organ_kod": "MJU",
          "roll_kod": "Suppleant",
          "ordningsnummer": "25",
          "status": "",
          "typ": "uppdrag",
          "from": "2014-11-05",
          "tom": "2018-09-24",
          "uppgift": "Miljö- och jordbruksutskottet",
          "intressent_id": "0737073162411",
          "hangar_id": "2343464",
          "sortering": "50",
          "organ_sortering": "150",
          "uppdrag_rollsortering": "90",
          "uppdrag_statussortering": "90"
        },
        {
          "organ_kod": "NU",
          "roll_kod": "Suppleant",
          "ordningsnummer": "0",
          "status": "",
          "typ": "uppdrag",
          "from": "2006-12-04",
          "tom": "2007-01-05",
          "uppgift": "Näringsutskottet",
          "intressent_id": "0737073162411",
          "hangar_id": "2343464",
          "sortering": "50",
          "organ_sortering": "150",
          "uppdrag_rollsortering": "90",
          "uppdrag_statussortering": "90"
        },
        {
          "organ_kod": "SfU",
          "roll_kod": "Ledamot",
          "ordningsnummer": "14",
          "status": "",
          "typ": "uppdrag",
          "from": "2018-10-02",
          "tom": "2019-03-26",
          "uppgift": "Socialförsäkringsutskottet",
          "intressent_id": "0737073162411",
          "hangar_id": "2343464",
          "sortering": "30",
          "organ_sortering": "150",
          "uppdrag_rollsortering": "90",
          "uppdrag_statussortering": "90"
        },
        {
          "organ_kod": "SfU",
          "roll_kod": "Ledamot",
          "ordningsnummer": "14",
          "status": "",
          "typ": "uppdrag",
          "from": "2014-10-07",
          "tom": "2018-09-24",
          "uppgift": "Socialförsäkringsutskottet",
          "intressent_id": "0737073162411",
          "hangar_id": "2343464",
          "sortering": "30",
          "organ_sortering": "150",
          "uppdrag_rollsortering": "90",
          "uppdrag_statussortering": "90"
        },
        {
          "organ_kod": "SfU",
          "roll_kod": "Suppleant",
          "ordningsnummer": "9",
          "status": "",
          "typ": "uppdrag",
          "from": "2010-10-12",
          "tom": "2014-09-29",
          "uppgift": "Socialförsäkringsutskottet",
          "intressent_id": "0737073162411",
          "hangar_id": "2343464",
          "sortering": "50",
          "organ_sortering": "150",
          "uppdrag_rollsortering": "90",
          "uppdrag_statussortering": "90"
        },
        {
          "organ_kod": "SfU",
          "roll_kod": "Suppleant",
          "ordningsnummer": "8",
          "status": "",
          "typ": "uppdrag",
          "from": "2009-09-03",
          "tom": "2010-10-04",
          "uppgift": "Socialförsäkringsutskottet",
          "intressent_id": "0737073162411",
          "hangar_id": "2343464",
          "sortering": "50",
          "organ_sortering": "150",
          "uppdrag_rollsortering": "90",
          "uppdrag_statussortering": "90"
        },
        {
          "organ_kod": "SfU",
          "roll_kod": "Suppleant",
          "ordningsnummer": "18",
          "status": "",
          "typ": "uppdrag",
          "from": "2006-12-04",
          "tom": "2007-01-05",
          "uppgift": "Socialförsäkringsutskottet",
          "intressent_id": "0737073162411",
          "hangar_id": "2343464",
          "sortering": "50",
          "organ_sortering": "150",
          "uppdrag_rollsortering": "90",
          "uppdrag_statussortering": "90"
        },
        {
          "organ_kod": "SkU",
          "roll_kod": "Suppleant",
          "ordningsnummer": "21",
          "status": "",
          "typ": "uppdrag",
          "from": "2018-10-09",
          "tom": "2019-03-26",
          "uppgift": "Skatteutskottet",
          "intressent_id": "0737073162411",
          "hangar_id": "2343464",
          "sortering": "50",
          "organ_sortering": "150",
          "uppdrag_rollsortering": "90",
          "uppdrag_statussortering": "90"
        },
        {
          "organ_kod": "SoU",
          "roll_kod": "Suppleant",
          "ordningsnummer": "21",
          "status": "",
          "typ": "uppdrag",
          "from": "2018-10-09",
          "tom": "2019-03-26",
          "uppgift": "Socialutskottet",
          "intressent_id": "0737073162411",
          "hangar_id": "2343464",
          "sortering": "50",
          "organ_sortering": "150",
          "uppdrag_rollsortering": "90",
          "uppdrag_statussortering": "90"
        },
        {
          "organ_kod": "SoU",
          "roll_kod": "Suppleant",
          "ordningsnummer": "23",
          "status": "",
          "typ": "uppdrag",
          "from": "2015-04-22",
          "tom": "2018-09-24",
          "uppgift": "Socialutskottet",
          "intressent_id": "0737073162411",
          "hangar_id": "2343464",
          "sortering": "50",
          "organ_sortering": "150",
          "uppdrag_rollsortering": "90",
          "uppdrag_statussortering": "90"
        },
        {
          "organ_kod": "SoU",
          "roll_kod": "Suppleant",
          "ordningsnummer": "22",
          "status": "",
          "typ": "uppdrag",
          "from": "2014-11-05",
          "tom": "2015-04-22",
          "uppgift": "Socialutskottet",
          "intressent_id": "0737073162411",
          "hangar_id": "2343464",
          "sortering": "50",
          "organ_sortering": "150",
          "uppdrag_rollsortering": "90",
          "uppdrag_statussortering": "90"
        },
        {
          "organ_kod": "SoU",
          "roll_kod": "Suppleant",
          "ordningsnummer": "20",
          "status": "",
          "typ": "uppdrag",
          "from": "2010-10-19",
          "tom": "2014-09-29",
          "uppgift": "Socialutskottet",
          "intressent_id": "0737073162411",
          "hangar_id": "2343464",
          "sortering": "50",
          "organ_sortering": "150",
          "uppdrag_rollsortering": "90",
          "uppdrag_statussortering": "90"
        },
        {
          "organ_kod": "EUN",
          "roll_kod": "Suppleant",
          "ordningsnummer": "47",
          "status": "",
          "typ": "uppdrag",
          "from": "2014-11-05",
          "tom": "2018-10-02",
          "uppgift": "EU-nämnden",
          "intressent_id": "0737073162411",
          "hangar_id": "2343464",
          "sortering": "50",
          "organ_sortering": "170",
          "uppdrag_rollsortering": "90",
          "uppdrag_statussortering": "90"
        },
        {
          "organ_kod": "EUN",
          "roll_kod": "Suppleant",
          "ordningsnummer": "24",
          "status": "",
          "typ": "uppdrag",
          "from": "2009-10-08",
          "tom": "2010-10-12",
          "uppgift": "EU-nämnden",
          "intressent_id": "0737073162411",
          "hangar_id": "2343464",
          "sortering": "50",
          "organ_sortering": "170",
          "uppdrag_rollsortering": "90",
          "uppdrag_statussortering": "90"
        }
      ]
    },
    "personuppgift": {
      "uppgift": [
        {
          "kod": "Officiell e-postadress",
          "uppgift": "emma.carlsson.lofdahl[på]riksdagen.se",
          "typ": "eadress",
          "intressent_id": "0737073162411",
          "hangar_id": "2343464"
        },
        {
          "kod": "Webbsida",
          "uppgift": "http://www.folkpartiet.se/emma",
          "typ": "eadress",
          "intressent_id": "0737073162411",
          "hangar_id": "2343464"
        },
        {
          "kod": "Tjänstetelefon",
          "uppgift": "64583",
          "typ": "telefonnummer",
          "intressent_id": "0737073162411",
          "hangar_id": "2343464"
        },
        {
          "kod": "sv",
          "uppgift": "Beteendevetare/Omvårdnadslärare.",
          "typ": "titlar",
          "intressent_id": "0737073162411",
          "hangar_id": "2343464"
        },
        {
          "kod": "en",
          "uppgift": "",
          "typ": "titlar",
          "intressent_id": "0737073162411",
          "hangar_id": "2343464"
        },
        {
          "kod": "KandiderarINastaVal",
          "uppgift": "true",
          "typ": "val",
          "intressent_id": "0737073162411",
          "hangar_id": "2343464"
        }
      ]
    }
  }
}