{
  "person": {
    "hangar_guid": "016e3575-97a9-4eb6-a004-22545954dc5d",
    "sourceid": "892e5447-fe1c-4b90-afab-3448ac24a524",
    "intressent_id": "0906359551705",
    "hangar_id": "2341870",
    "fodd_ar": "1934",
    "kon": "man",
    "efternamn": "Carlsson",
    "tilltalsnamn": "Ingvar",
    "sorteringsnamn": "Carlsson,Ingvar",
    "iort": "",
    "parti": "S",
    "valkrets": "",
    "status": "Tidigare riksdagsledamot",
    "person_url_xml": "http://data.riksdagen.se/person/892e5447-fe1c-4b90-afab-3448ac24a524",
    "bild_url_80": "http://data.riksdagen.se/filarkiv/bilder/ledamot/892e5447-fe1c-4b90-afab-3448ac24a524_80.jpg",
    "bild_url_192": "http://data.riksdagen.se/filarkiv/bilder/ledamot/892e5447-fe1c-4b90-afab-3448ac24a524_192.jpg",
    "bild_url_max": "http://data.riksdagen.se/filarkiv/bilder/ledamot/892e5447-fe1c-4b90-afab-3448ac24a524_max.jpg",
    "personuppdrag": {
      "uppdrag": [
        {
          "organ_kod": "SB",
          "roll_kod": "Statsminister",
          "ordningsnummer": "0",
          "status": "",
          "typ": "Departement",
          "from": "1994-10-07",
          "tom": "1996-03-22",
          "uppgift": "Statsrådsberedningen",
          "intressent_id": "0906359551705",
          "hangar_id": "2341870",
          "sortering": "10",
          "organ_sortering": "400",
          "uppdrag_rollsortering": "90",
          "uppdrag_statussortering": "90"
        },
        {
          "organ_kod": "kam",
          "roll_kod": "Riksdagsledamot",
          "ordningsnummer": "27",
          "status": "Ledig",
          "typ": "kammaruppdrag",
          "from": "1994-10-08",
          "tom": "1996-03-22",
          "uppgift": "Björn von Sydow 1994-10-08 - 1995-10-09, Eva Arvidsson 1995-10-10 - 1996-03-22",
          "intressent_id": "0906359551705",
          "hangar_id": "2341870",
          "sortering": "10",
          "organ_sortering": "10",
          "uppdrag_rollsortering": "60",
          "uppdrag_statussortering": "30"
        },
        {
          "organ_kod": "kam",
          "roll_kod": "Riksdagsledamot",
          "ordningsnummer": "27",
          "status": "Tjänstgörande",
          "typ": "kammaruppdrag",
          "from": "1994-10-03",
          "tom": "1994-10-07",
          "uppgift": "",
          "intressent_id": "0906359551705",
          "hangar_id": "2341870",
          "sortering": "10",
          "organ_sortering": "10",
          "uppdrag_rollsortering": "60",
          "uppdrag_statussortering": "10"
        },
        {
          "organ_kod": "kam",
          "roll_kod": "Riksdagsledamot",
          "ordningsnummer": "28",
          "status": "Tjänstgörande",
          "typ": "kammaruppdrag",
          "from": "1991-10-05",
          "tom": "1994-10-03",
          "uppgift": "",
          "intressent_id": "0906359551705",
          "hangar_id": "2341870",
          "sortering": "10",
          "organ_sortering": "10",
          "uppdrag_rollsortering": "60",
          "uppdrag_statussortering": "10"
        },
        {
          "organ_kod": "kam",
          "roll_kod": "Riksdagsledamot",
          "ordningsnummer": "28",
          "status": "Ledig",
          "typ": "kammaruppdrag",
          "from": "1991-09-30",
          "tom": "1991-10-04",
          "uppgift": "Ines Uusmann 1990-06-14 - 1991-09-30, Björn Ericson 1991-09-30 - 1991-10-04",
          "intressent_id": "0906359551705",
          "hangar_id": "2341870",
          "sortering": "10",
          "organ_sortering": "10",
          "uppdrag_rollsortering": "60",
          "uppdrag_statussortering": "30"
        },
        {
          "organ_kod": "kam",
          "roll_kod": "Riksdagsledamot",
          "ordningsnummer": "32",
          "status": "Ledig",
          "typ": "kammaruppdrag",
          "from": "1988-10-03",
          "tom": "1991-09-30",
          "uppgift": "Åke Wictorsson 1985-09-30 - 1988-10-03, Lars Gustafsson 1988-10-03 - 1990-06-13, Ines Uusmann 1990-06-14 - 1991-09-30",
          "intressent_id": "0906359551705",
          "hangar_id": "2341870",
          "sortering": "10",
          "organ_sortering": "10",
          "uppdrag_rollsortering": "60",
          "uppdrag_statussortering": "30"
        },
        {
          "organ_kod": "kam",
          "roll_kod": "Riksdagsledamot",
          "ordningsnummer": "0",
          "status": "Ledig",
          "typ": "kammaruppdrag",
          "from": "1985-09-30",
          "tom": "1988-10-03",
          "uppgift": "Hans Göran Franck 1983-03-01 - 1985-09-30, Åke Wictorsson 1985-09-30 - 1988-10-03",
          "intressent_id": "0906359551705",
          "hangar_id": "2341870",
          "sortering": "10",
          "organ_sortering": "10",
          "uppdrag_rollsortering": "60",
          "uppdrag_statussortering": "30"
        },
        {
          "organ_kod": "kam",
          "roll_kod": "Riksdagsledamot",
          "ordningsnummer": "0",
          "status": "Ledig",
          "typ": "kammaruppdrag",
          "from": "1982-10-08",
          "tom": "1985-09-30",
          "uppgift": "Ulf Lönnqvist 1982-10-08 - 1983-02-28, Hans Göran Franck 1983-03-01 - 1985-09-30",
          "intressent_id": "0906359551705",
          "hangar_id": "2341870",
          "sortering": "10",
          "organ_sortering": "10",
          "uppdrag_rollsortering": "60",
          "uppdrag_statussortering": "30"
        },
        {
          "organ_kod": "kam",
          "roll_kod": "Riksdagsledamot",
          "ordningsnummer": "0",
          "status": "Tjänstgörande",
          "typ": "kammaruppdrag",
          "from": "1982-10-04",
          "tom": "1982-10-07",
          "uppgift": "",
          "intressent_id": "0906359551705",
          "hangar_id": "2341870",
          "sortering": "10",
          "organ_sortering": "10",
          "uppdrag_rollsortering": "60",
          "uppdrag_statussortering": "10"
        },
        {
          "organ_kod": "kam",
          "roll_kod": "Riksdagsledamot",
          "ordningsnummer": "0",
          "status": "Tjänstgörande",
          "typ": "kammaruppdrag",
          "from": "1980-05-08",
          "tom": "1982-10-04",
          "uppgift": "",
          "intressent_id": "0906359551705",
          "hangar_id": "2341870",
          "sortering": "10",
          "organ_sortering": "10",
          "uppdrag_rollsortering": "60",
          "uppdrag_statussortering": "10"
        },
        {
          "organ_kod": "kam",
          "roll_kod": "Riksdagsledamot",
          "ordningsnummer": "0",
          "status": "Ledig",
          "typ": "kammaruppdrag",
          "from": "1980-04-08",
          "tom": "1980-05-07",
          "uppgift": "Sylvia Pettersson 1980-04-08 - 1980-05-07",
          "intressent_id": "0906359551705",
          "hangar_id": "2341870",
          "sortering": "10",
          "organ_sortering": "10",
          "uppdrag_rollsortering": "60",
          "uppdrag_statussortering": "30"
        },
        {
          "organ_kod": "kam",
          "roll_kod": "Riksdagsledamot",
          "ordningsnummer": "0",
          "status": "Tjänstgörande",
          "typ": "kammaruppdrag",
          "from": "1979-12-01",
          "tom": "1980-04-07",
          "uppgift": "",
          "intressent_id": "0906359551705",
          "hangar_id": "2341870",
          "sortering": "10",
          "organ_sortering": "10",
          "uppdrag_rollsortering": "60",
          "uppdrag_statussortering": "10"
        },
        {
          "organ_kod": "kam",
          "roll_kod": "Riksdagsledamot",
          "ordningsnummer": "0",
          "status": "Ledig",
          "typ": "kammaruppdrag",
          "from": "1979-11-01",
          "tom": "1979-11-30",
          "uppgift": "Sylvia Pettersson 1979-11-01 - 1979-11-30",
          "intressent_id": "0906359551705",
          "hangar_id": "2341870",
          "sortering": "10",
          "organ_sortering": "10",
          "uppdrag_rollsortering": "60",
          "uppdrag_statussortering": "30"
        },
        {
          "organ_kod": "kam",
          "roll_kod": "Riksdagsledamot",
          "ordningsnummer": "0",
          "status": "Tjänstgörande",
          "typ": "kammaruppdrag",
          "from": "1979-10-01",
          "tom": "1979-10-31",
          "uppgift": "",
          "intressent_id": "0906359551705",
          "hangar_id": "2341870",
          "sortering": "10",
          "organ_sortering": "10",
          "uppdrag_rollsortering": "60",
          "uppdrag_statussortering": "10"
        },
        {
          "organ_kod": "kam",
          "roll_kod": "Riksdagsledamot",
          "ordningsnummer": "0",
          "status": "Tjänstgörande",
          "typ": "kammaruppdrag",
          "from": "1976-10-09",
          "tom": "1979-10-01",
          "uppgift": "",
          "intressent_id": "0906359551705",
          "hangar_id": "2341870",
          "sortering": "10",
          "organ_sortering": "10",
          "uppdrag_rollsortering": "60",
          "uppdrag_statussortering": "10"
        },
        {
          "organ_kod": "kam",
          "roll_kod": "Riksdagsledamot",
          "ordningsnummer": "0",
          "status": "Ledig",
          "typ": "kammaruppdrag",
          "from": "1976-10-04",
          "tom": "1976-10-08",
          "uppgift": "Margareta Palmqvist 1976-10-04 - 1976-10-08",
          "intressent_id": "0906359551705",
          "hangar_id": "2341870",
          "sortering": "10",
          "organ_sortering": "10",
          "uppdrag_rollsortering": "60",
          "uppdrag_statussortering": "30"
        },
        {
          "organ_kod": "KD",
          "roll_kod": "Ledamot",
          "ordningsnummer": "0",
          "status": "",
          "typ": "Riksdagsorgan",
          "from": "1994-10-18",
          "tom": "1996-03-22",
          "uppgift": "Krigsdelegationen",
          "intressent_id": "0906359551705",
          "hangar_id": "2341870",
          "sortering": "30",
          "organ_sortering": "300",
          "uppdrag_rollsortering": "90",
          "uppdrag_statussortering": "90"
        },
        {
          "organ_kod": "KD",
          "roll_kod": "Ledamot",
          "ordningsnummer": "0",
          "status": "",
          "typ": "Riksdagsorgan",
          "from": "1985-09-30",
          "tom": "1994-10-03",
          "uppgift": "Krigsdelegationen",
          "intressent_id": "0906359551705",
          "hangar_id": "2341870",
          "sortering": "30",
          "organ_sortering": "300",
          "uppdrag_rollsortering": "90",
          "uppdrag_statussortering": "90"
        },
        {
          "organ_kod": "NR",
          "roll_kod": "Ledamot",
          "ordningsnummer": "0",
          "status": "",
          "typ": "Riksdagsorgan",
          "from": "1991-10-15",
          "tom": "1994-10-03",
          "uppgift": "Nordiska rådets svenska delegation",
          "intressent_id": "0906359551705",
          "hangar_id": "2341870",
          "sortering": "30",
          "organ_sortering": "300",
          "uppdrag_rollsortering": "90",
          "uppdrag_statussortering": "90"
        },
        {
          "organ_kod": "UN",
          "roll_kod": "Ledamot",
          "ordningsnummer": "0",
          "status": "",
          "typ": "Riksdagsorgan",
          "from": "1991-10-15",
          "tom": "1994-10-03",
          "uppgift": "Utrikesnämnden",
          "intressent_id": "0906359551705",
          "hangar_id": "2341870",
          "sortering": "30",
          "organ_sortering": "300",
          "uppdrag_rollsortering": "90",
          "uppdrag_statussortering": "90"
        }
      ]
    },
    "personuppgift": {
      "uppgift": [
        {
          "kod": "sv",
          "uppgift": "pol.mag.",
          "typ": "titlar",
          "intressent_id": "0906359551705",
          "hangar_id": "2341870"
        },
        {
          "kod": "en",
          "uppgift": "",
          "typ": "titlar",
          "intressent_id": "0906359551705",
          "hangar_id": "2341870"
        }
      ]
    }
  }
}