{
  "person": {
    "hangar_guid": "2137f234-ba3a-4034-8932-22fd66c16568",
    "sourceid": "02247974-c0fd-44fa-beaf-523cff6b45fd",
    "intressent_id": "0393108743200",
    "hangar_id": "2341832",
    "fodd_ar": "1933",
    "kon": "man",
    "efternamn": "Cars",
    "tilltalsnamn": "Hadar",
    "sorteringsnamn": "Cars,Hadar",
    "iort": "",
    "parti": "FP",
    "valkrets": "",
    "status": "Tidigare riksdagsledamot",
    "person_url_xml": "http://data.riksdagen.se/person/02247974-c0fd-44fa-beaf-523cff6b45fd",
    "bild_url_80": "http://data.riksdagen.se/filarkiv/bilder/ledamot/02247974-c0fd-44fa-beaf-523cff6b45fd_80.jpg",
    "bild_url_192": "http://data.riksdagen.se/filarkiv/bilder/ledamot/02247974-c0fd-44fa-beaf-523cff6b45fd_192.jpg",
    "bild_url_max": "http://data.riksdagen.se/filarkiv/bilder/ledamot/02247974-c0fd-44fa-beaf-523cff6b45fd_max.jpg",
    "personuppdrag": {
      "uppdrag": [
        {
          "organ_kod": "kam",
          "roll_kod": "Riksdagsledamot",
          "ordningsnummer": "9",
          "status": "Ledig",
          "typ": "kammaruppdrag",
          "from": "1995-01-10",
          "tom": "1995-10-09",
          "uppgift": "Bo Könberg 1995-01-10 - 1995-10-09",
          "intressent_id": "0393108743200",
          "hangar_id": "2341832",
          "sortering": "10",
          "organ_sortering": "10",
          "uppdrag_rollsortering": "60",
          "uppdrag_statussortering": "30"
        },
        {
          "organ_kod": "kam",
          "roll_kod": "Riksdagsledamot",
          "ordningsnummer": "9",
          "status": "Tjänstgörande",
          "typ": "kammaruppdrag",
          "from": "1994-10-03",
          "tom": "1995-01-09",
          "uppgift": "",
          "intressent_id": "0393108743200",
          "hangar_id": "2341832",
          "sortering": "10",
          "organ_sortering": "10",
          "uppdrag_rollsortering": "60",
          "uppdrag_statussortering": "10"
        },
        {
          "organ_kod": "kam",
          "roll_kod": "Riksdagsledamot",
          "ordningsnummer": "9",
          "status": "Tjänstgörande",
          "typ": "kammaruppdrag",
          "from": "1992-07-01",
          "tom": "1994-10-03",
          "uppgift": "",
          "intressent_id": "0393108743200",
          "hangar_id": "2341832",
          "sortering": "10",
          "organ_sortering": "10",
          "uppdrag_rollsortering": "60",
          "uppdrag_statussortering": "10"
        },
        {
          "organ_kod": "kam",
          "roll_kod": "Ersättare",
          "ordningsnummer": "14",
          "status": "Ersättare",
          "typ": "kammaruppdrag",
          "from": "1991-10-05",
          "tom": "1992-06-30",
          "uppgift": "Birgit Friggebo",
          "intressent_id": "0393108743200",
          "hangar_id": "2341832",
          "sortering": "45",
          "organ_sortering": "10",
          "uppdrag_rollsortering": "60",
          "uppdrag_statussortering": "20"
        },
        {
          "organ_kod": "kam",
          "roll_kod": "Riksdagsledamot",
          "ordningsnummer": "20",
          "status": "Tjänstgörande",
          "typ": "kammaruppdrag",
          "from": "1988-10-03",
          "tom": "1991-09-30",
          "uppgift": "",
          "intressent_id": "0393108743200",
          "hangar_id": "2341832",
          "sortering": "10",
          "organ_sortering": "10",
          "uppdrag_rollsortering": "60",
          "uppdrag_statussortering": "10"
        },
        {
          "organ_kod": "kam",
          "roll_kod": "Riksdagsledamot",
          "ordningsnummer": "0",
          "status": "Tjänstgörande",
          "typ": "kammaruppdrag",
          "from": "1985-09-30",
          "tom": "1988-10-03",
          "uppgift": "",
          "intressent_id": "0393108743200",
          "hangar_id": "2341832",
          "sortering": "10",
          "organ_sortering": "10",
          "uppdrag_rollsortering": "60",
          "uppdrag_statussortering": "10"
        },
        {
          "organ_kod": "kam",
          "roll_kod": "Ersättare",
          "ordningsnummer": "0",
          "status": "Ersättare",
          "typ": "kammaruppdrag",
          "from": "1980-09-01",
          "tom": "1982-10-04",
          "uppgift": "Birgit Friggebo",
          "intressent_id": "0393108743200",
          "hangar_id": "2341832",
          "sortering": "45",
          "organ_sortering": "10",
          "uppdrag_rollsortering": "60",
          "uppdrag_statussortering": "20"
        },
        {
          "organ_kod": "EFTA",
          "roll_kod": "Ledamot",
          "ordningsnummer": "0",
          "status": "",
          "typ": "Riksdagsorgan",
          "from": "1991-10-15",
          "tom": "1994-10-10",
          "uppgift": "EFTA-delegationen",
          "intressent_id": "0393108743200",
          "hangar_id": "2341832",
          "sortering": "30",
          "organ_sortering": "",
          "uppdrag_rollsortering": "90",
          "uppdrag_statussortering": "90"
        },
        {
          "organ_kod": "EFTA",
          "roll_kod": "Ledamot",
          "ordningsnummer": "0",
          "status": "",
          "typ": "Riksdagsorgan",
          "from": "1986-10-07",
          "tom": "1991-09-30",
          "uppgift": "EFTA-delegationen",
          "intressent_id": "0393108743200",
          "hangar_id": "2341832",
          "sortering": "30",
          "organ_sortering": "",
          "uppdrag_rollsortering": "90",
          "uppdrag_statussortering": "90"
        },
        {
          "organ_kod": "EG",
          "roll_kod": "Ledamot",
          "ordningsnummer": "0",
          "status": "",
          "typ": "Riksdagsorgan",
          "from": "1994-10-11",
          "tom": "1994-12-31",
          "uppgift": "EG-delegationen",
          "intressent_id": "0393108743200",
          "hangar_id": "2341832",
          "sortering": "30",
          "organ_sortering": "",
          "uppdrag_rollsortering": "90",
          "uppdrag_statussortering": "90"
        },
        {
          "organ_kod": "EG",
          "roll_kod": "Vice ordförande",
          "ordningsnummer": "0",
          "status": "",
          "typ": "Riksdagsorgan",
          "from": "1994-10-12",
          "tom": "1994-12-31",
          "uppgift": "EG-delegationen",
          "intressent_id": "0393108743200",
          "hangar_id": "2341832",
          "sortering": "20",
          "organ_sortering": "",
          "uppdrag_rollsortering": "90",
          "uppdrag_statussortering": "90"
        },
        {
          "organ_kod": "EG",
          "roll_kod": "Ordförande",
          "ordningsnummer": "0",
          "status": "",
          "typ": "Riksdagsorgan",
          "from": "1993-01-21",
          "tom": "1994-10-03",
          "uppgift": "EG-delegationen",
          "intressent_id": "0393108743200",
          "hangar_id": "2341832",
          "sortering": "10",
          "organ_sortering": "",
          "uppdrag_rollsortering": "90",
          "uppdrag_statussortering": "90"
        },
        {
          "organ_kod": "EP",
          "roll_kod": "Ledamot",
          "ordningsnummer": "0",
          "status": "",
          "typ": "Riksdagsorgan",
          "from": "1995-01-01",
          "tom": "1995-10-10",
          "uppgift": "Europaparlamentet",
          "intressent_id": "0393108743200",
          "hangar_id": "2341832",
          "sortering": "30",
          "organ_sortering": "100",
          "uppdrag_rollsortering": "90",
          "uppdrag_statussortering": "90"
        },
        {
          "organ_kod": "EES",
          "roll_kod": "Ledamot",
          "ordningsnummer": "0",
          "status": "",
          "typ": "Riksdagsorgan",
          "from": "1994-10-11",
          "tom": "1994-12-31",
          "uppgift": "EES-EFTA delegationen",
          "intressent_id": "0393108743200",
          "hangar_id": "2341832",
          "sortering": "30",
          "organ_sortering": "399",
          "uppdrag_rollsortering": "90",
          "uppdrag_statussortering": "90"
        },
        {
          "organ_kod": "NU",
          "roll_kod": "Ledamot",
          "ordningsnummer": "0",
          "status": "",
          "typ": "uppdrag",
          "from": "1994-10-11",
          "tom": "1998-10-04",
          "uppgift": "Näringsutskottet",
          "intressent_id": "0393108743200",
          "hangar_id": "2341832",
          "sortering": "30",
          "organ_sortering": "150",
          "uppdrag_rollsortering": "90",
          "uppdrag_statussortering": "90"
        },
        {
          "organ_kod": "NU",
          "roll_kod": "Vice ordförande",
          "ordningsnummer": "0",
          "status": "",
          "typ": "uppdrag",
          "from": "1994-10-12",
          "tom": "1995-01-01",
          "uppgift": "Näringsutskottet",
          "intressent_id": "0393108743200",
          "hangar_id": "2341832",
          "sortering": "20",
          "organ_sortering": "150",
          "uppdrag_rollsortering": "90",
          "uppdrag_statussortering": "90"
        },
        {
          "organ_kod": "NU",
          "roll_kod": "Ledamot",
          "ordningsnummer": "0",
          "status": "",
          "typ": "uppdrag",
          "from": "1991-10-08",
          "tom": "1992-07-01",
          "uppgift": "Näringsutskottet",
          "intressent_id": "0393108743200",
          "hangar_id": "2341832",
          "sortering": "30",
          "organ_sortering": "150",
          "uppdrag_rollsortering": "90",
          "uppdrag_statussortering": "90"
        },
        {
          "organ_kod": "NU",
          "roll_kod": "Vice ordförande",
          "ordningsnummer": "0",
          "status": "",
          "typ": "uppdrag",
          "from": "1988-10-03",
          "tom": "1991-09-29",
          "uppgift": "Näringsutskottet",
          "intressent_id": "0393108743200",
          "hangar_id": "2341832",
          "sortering": "20",
          "organ_sortering": "150",
          "uppdrag_rollsortering": "90",
          "uppdrag_statussortering": "90"
        },
        {
          "organ_kod": "NU",
          "roll_kod": "Vice ordförande",
          "ordningsnummer": "0",
          "status": "",
          "typ": "uppdrag",
          "from": "1985-09-30",
          "tom": "1988-10-02",
          "uppgift": "Näringsutskottet",
          "intressent_id": "0393108743200",
          "hangar_id": "2341832",
          "sortering": "20",
          "organ_sortering": "150",
          "uppdrag_rollsortering": "90",
          "uppdrag_statussortering": "90"
        },
        {
          "organ_kod": "UU",
          "roll_kod": "Suppleant",
          "ordningsnummer": "0",
          "status": "",
          "typ": "uppdrag",
          "from": "1991-10-08",
          "tom": "1994-10-02",
          "uppgift": "Utrikesutskottet",
          "intressent_id": "0393108743200",
          "hangar_id": "2341832",
          "sortering": "50",
          "organ_sortering": "150",
          "uppdrag_rollsortering": "90",
          "uppdrag_statussortering": "90"
        },
        {
          "organ_kod": "UU",
          "roll_kod": "Suppleant",
          "ordningsnummer": "0",
          "status": "",
          "typ": "uppdrag",
          "from": "1991-03-18",
          "tom": "1991-09-29",
          "uppgift": "Utrikesutskottet",
          "intressent_id": "0393108743200",
          "hangar_id": "2341832",
          "sortering": "50",
          "organ_sortering": "150",
          "uppdrag_rollsortering": "90",
          "uppdrag_statussortering": "90"
        },
        {
          "organ_kod": "UU",
          "roll_kod": "Suppleant",
          "ordningsnummer": "0",
          "status": "",
          "typ": "uppdrag",
          "from": "1985-09-30",
          "tom": "1988-10-02",
          "uppgift": "Utrikesutskottet",
          "intressent_id": "0393108743200",
          "hangar_id": "2341832",
          "sortering": "50",
          "organ_sortering": "150",
          "uppdrag_rollsortering": "90",
          "uppdrag_statussortering": "90"
        },
        {
          "organ_kod": "EU",
          "roll_kod": "Ordförande",
          "ordningsnummer": "0",
          "status": "",
          "typ": "uppdrag",
          "from": "1992-05-26",
          "tom": "1993-06-04",
          "uppgift": "EES-utskottet",
          "intressent_id": "0393108743200",
          "hangar_id": "2341832",
          "sortering": "10",
          "organ_sortering": "199",
          "uppdrag_rollsortering": "90",
          "uppdrag_statussortering": "90"
        }
      ]
    },
    "personuppgift": ""
  }
}