{
  "person": {
    "hangar_guid": "80153ce9-2bab-417f-b762-a2b1f0ce0d03",
    "sourceid": "9beb8787-0250-40ca-bb00-b9e9edf1b606",
    "intressent_id": "0637028706011",
    "hangar_id": "2343026",
    "fodd_ar": "1958",
    "kon": "kvinna",
    "efternamn": "Ceballos",
    "tilltalsnamn": "Bodil",
    "sorteringsnamn": "Ceballos,Bodil",
    "iort": "",
    "parti": "MP",
    "valkrets": "Gävleborgs län",
    "status": "Tidigare riksdagsledamot",
    "person_url_xml": "http://data.riksdagen.se/person/9beb8787-0250-40ca-bb00-b9e9edf1b606",
    "bild_url_80": "http://data.riksdagen.se/filarkiv/bilder/ledamot/9beb8787-0250-40ca-bb00-b9e9edf1b606_80.jpg",
    "bild_url_192": "http://data.riksdagen.se/filarkiv/bilder/ledamot/9beb8787-0250-40ca-bb00-b9e9edf1b606_192.jpg",
    "bild_url_max": "http://data.riksdagen.se/filarkiv/bilder/ledamot/9beb8787-0250-40ca-bb00-b9e9edf1b606_max.jpg",
    "personuppdrag": {
      "uppdrag": [
        {
          "organ_kod": "EP",
          "roll_kod": "Ledamot",
          "ordningsnummer": "16",
          "status": "",
          "typ": "Europaparlamentet",
          "from": "2014-07-01",
          "tom": "2019-07-02",
          "uppgift": "Europaparlamentet",
          "intressent_id": "0637028706011",
          "hangar_id": "2343026",
          "sortering": "30",
          "organ_sortering": "100",
          "uppdrag_rollsortering": "90",
          "uppdrag_statussortering": "90"
        },
        {
          "organ_kod": "kam",
          "roll_kod": "Riksdagsledamot",
          "ordningsnummer": "106",
          "status": "Tjänstgörande",
          "typ": "kammaruppdrag",
          "from": "2010-10-04",
          "tom": "2014-06-23",
          "uppgift": "",
          "intressent_id": "0637028706011",
          "hangar_id": "2343026",
          "sortering": "10",
          "organ_sortering": "10",
          "uppdrag_rollsortering": "60",
          "uppdrag_statussortering": "10"
        },
        {
          "organ_kod": "kam",
          "roll_kod": "Riksdagsledamot",
          "ordningsnummer": "167",
          "status": "Tjänstgörande",
          "typ": "kammaruppdrag",
          "from": "2006-10-02",
          "tom": "2010-10-04",
          "uppgift": "",
          "intressent_id": "0637028706011",
          "hangar_id": "2343026",
          "sortering": "10",
          "organ_sortering": "10",
          "uppdrag_rollsortering": "60",
          "uppdrag_statussortering": "10"
        },
        {
          "organ_kod": "MP",
          "roll_kod": "Kvittningsman",
          "ordningsnummer": "0",
          "status": "",
          "typ": "partiuppdrag",
          "from": "2010-10-25",
          "tom": "2014-06-23",
          "uppgift": "Miljöpartiet de gröna",
          "intressent_id": "0637028706011",
          "hangar_id": "2343026",
          "sortering": "",
          "organ_sortering": "",
          "uppdrag_rollsortering": "90",
          "uppdrag_statussortering": "90"
        },
        {
          "organ_kod": "MP",
          "roll_kod": "Kvittningsman",
          "ordningsnummer": "0",
          "status": "",
          "typ": "partiuppdrag",
          "from": "2008-01-20",
          "tom": "2010-10-04",
          "uppgift": "Miljöpartiet de gröna",
          "intressent_id": "0637028706011",
          "hangar_id": "2343026",
          "sortering": "",
          "organ_sortering": "",
          "uppdrag_rollsortering": "90",
          "uppdrag_statussortering": "90"
        },
        {
          "organ_kod": "KD",
          "roll_kod": "Ledamot",
          "ordningsnummer": "50",
          "status": "",
          "typ": "Riksdagsorgan",
          "from": "2010-10-19",
          "tom": "2014-06-23",
          "uppgift": "Krigsdelegationen",
          "intressent_id": "0637028706011",
          "hangar_id": "2343026",
          "sortering": "30",
          "organ_sortering": "300",
          "uppdrag_rollsortering": "90",
          "uppdrag_statussortering": "90"
        },
        {
          "organ_kod": "FöU",
          "roll_kod": "Suppleant",
          "ordningsnummer": "12",
          "status": "",
          "typ": "uppdrag",
          "from": "2010-10-12",
          "tom": "2014-06-23",
          "uppgift": "Försvarsutskottet",
          "intressent_id": "0637028706011",
          "hangar_id": "2343026",
          "sortering": "50",
          "organ_sortering": "150",
          "uppdrag_rollsortering": "90",
          "uppdrag_statussortering": "90"
        },
        {
          "organ_kod": "JuU",
          "roll_kod": "Suppleant",
          "ordningsnummer": "14",
          "status": "",
          "typ": "uppdrag",
          "from": "2010-10-12",
          "tom": "2011-04-14",
          "uppgift": "Justitieutskottet",
          "intressent_id": "0637028706011",
          "hangar_id": "2343026",
          "sortering": "50",
          "organ_sortering": "150",
          "uppdrag_rollsortering": "90",
          "uppdrag_statussortering": "90"
        },
        {
          "organ_kod": "SfU",
          "roll_kod": "Suppleant",
          "ordningsnummer": "20",
          "status": "",
          "typ": "uppdrag",
          "from": "2006-10-24",
          "tom": "2010-10-04",
          "uppgift": "Socialförsäkringsutskottet",
          "intressent_id": "0637028706011",
          "hangar_id": "2343026",
          "sortering": "50",
          "organ_sortering": "150",
          "uppdrag_rollsortering": "90",
          "uppdrag_statussortering": "90"
        },
        {
          "organ_kod": "UU",
          "roll_kod": "Ledamot",
          "ordningsnummer": "14",
          "status": "",
          "typ": "uppdrag",
          "from": "2010-10-12",
          "tom": "2014-06-23",
          "uppgift": "Utrikesutskottet",
          "intressent_id": "0637028706011",
          "hangar_id": "2343026",
          "sortering": "30",
          "organ_sortering": "150",
          "uppdrag_rollsortering": "90",
          "uppdrag_statussortering": "90"
        },
        {
          "organ_kod": "UU",
          "roll_kod": "Ledamot",
          "ordningsnummer": "17",
          "status": "",
          "typ": "uppdrag",
          "from": "2006-10-10",
          "tom": "2010-10-04",
          "uppgift": "Utrikesutskottet",
          "intressent_id": "0637028706011",
          "hangar_id": "2343026",
          "sortering": "30",
          "organ_sortering": "150",
          "uppdrag_rollsortering": "90",
          "uppdrag_statussortering": "90"
        },
        {
          "organ_kod": "KUU",
          "roll_kod": "Suppleant",
          "ordningsnummer": "0",
          "status": "",
          "typ": "uppdrag",
          "from": "2007-03-27",
          "tom": "2009-05-06",
          "uppgift": "Sammansatta konstitutions- och utrikesutskottet",
          "intressent_id": "0637028706011",
          "hangar_id": "2343026",
          "sortering": "50",
          "organ_sortering": "160",
          "uppdrag_rollsortering": "90",
          "uppdrag_statussortering": "90"
        },
        {
          "organ_kod": "UFöU",
          "roll_kod": "Deputerad",
          "ordningsnummer": "14",
          "status": "",
          "typ": "uppdrag",
          "from": "2014-04-15",
          "tom": "2014-06-12",
          "uppgift": "Sammansatta utrikes- och försvarsutskottet",
          "intressent_id": "0637028706011",
          "hangar_id": "2343026",
          "sortering": "40",
          "organ_sortering": "160",
          "uppdrag_rollsortering": "90",
          "uppdrag_statussortering": "90"
        },
        {
          "organ_kod": "UFöU",
          "roll_kod": "Deputerad",
          "ordningsnummer": "14",
          "status": "",
          "typ": "uppdrag",
          "from": "2013-11-26",
          "tom": "2013-12-17",
          "uppgift": "Sammansatta utrikes- och försvarsutskottet",
          "intressent_id": "0637028706011",
          "hangar_id": "2343026",
          "sortering": "40",
          "organ_sortering": "160",
          "uppdrag_rollsortering": "90",
          "uppdrag_statussortering": "90"
        },
        {
          "organ_kod": "UFöU",
          "roll_kod": "Suppleant",
          "ordningsnummer": "14",
          "status": "",
          "typ": "uppdrag",
          "from": "2013-04-23",
          "tom": "2013-06-18",
          "uppgift": "Sammansatta utrikes- och försvarsutskottet",
          "intressent_id": "0637028706011",
          "hangar_id": "2343026",
          "sortering": "50",
          "organ_sortering": "160",
          "uppdrag_rollsortering": "90",
          "uppdrag_statussortering": "90"
        },
        {
          "organ_kod": "UFöU",
          "roll_kod": "Deputerad",
          "ordningsnummer": "14",
          "status": "",
          "typ": "uppdrag",
          "from": "2012-11-27",
          "tom": "2012-12-19",
          "uppgift": "Sammansatta utrikes- och försvarsutskottet",
          "intressent_id": "0637028706011",
          "hangar_id": "2343026",
          "sortering": "40",
          "organ_sortering": "160",
          "uppdrag_rollsortering": "90",
          "uppdrag_statussortering": "90"
        },
        {
          "organ_kod": "UFöU",
          "roll_kod": "Suppleant",
          "ordningsnummer": "14",
          "status": "",
          "typ": "uppdrag",
          "from": "2011-11-24",
          "tom": "2011-12-14",
          "uppgift": "Sammansatta utrikes- och försvarsutskottet",
          "intressent_id": "0637028706011",
          "hangar_id": "2343026",
          "sortering": "50",
          "organ_sortering": "160",
          "uppdrag_rollsortering": "90",
          "uppdrag_statussortering": "90"
        },
        {
          "organ_kod": "UFöU",
          "roll_kod": "Deputerad",
          "ordningsnummer": "14",
          "status": "",
          "typ": "uppdrag",
          "from": "2011-09-20",
          "tom": "2011-09-21",
          "uppgift": "Sammansatta utrikes- och försvarsutskottet",
          "intressent_id": "0637028706011",
          "hangar_id": "2343026",
          "sortering": "40",
          "organ_sortering": "160",
          "uppdrag_rollsortering": "90",
          "uppdrag_statussortering": "90"
        },
        {
          "organ_kod": "UFöU",
          "roll_kod": "Deputerad",
          "ordningsnummer": "14",
          "status": "",
          "typ": "uppdrag",
          "from": "2011-06-16",
          "tom": "2011-06-17",
          "uppgift": "Sammansatta utrikes- och försvarsutskottet",
          "intressent_id": "0637028706011",
          "hangar_id": "2343026",
          "sortering": "40",
          "organ_sortering": "160",
          "uppdrag_rollsortering": "90",
          "uppdrag_statussortering": "90"
        },
        {
          "organ_kod": "UFöU",
          "roll_kod": "Deputerad",
          "ordningsnummer": "14",
          "status": "",
          "typ": "uppdrag",
          "from": "2011-03-31",
          "tom": "2011-04-01",
          "uppgift": "Sammansatta utrikes- och försvarsutskottet",
          "intressent_id": "0637028706011",
          "hangar_id": "2343026",
          "sortering": "40",
          "organ_sortering": "160",
          "uppdrag_rollsortering": "90",
          "uppdrag_statussortering": "90"
        },
        {
          "organ_kod": "UFöU",
          "roll_kod": "Suppleant",
          "ordningsnummer": "14",
          "status": "",
          "typ": "uppdrag",
          "from": "2010-11-23",
          "tom": "2010-12-15",
          "uppgift": "Sammansatta utrikes- och försvarsutskottet",
          "intressent_id": "0637028706011",
          "hangar_id": "2343026",
          "sortering": "50",
          "organ_sortering": "160",
          "uppdrag_rollsortering": "90",
          "uppdrag_statussortering": "90"
        },
        {
          "organ_kod": "UFöU",
          "roll_kod": "Suppleant",
          "ordningsnummer": "0",
          "status": "",
          "typ": "uppdrag",
          "from": "2007-03-22",
          "tom": "2007-06-01",
          "uppgift": "Sammansatta utrikes- och försvarsutskottet",
          "intressent_id": "0637028706011",
          "hangar_id": "2343026",
          "sortering": "50",
          "organ_sortering": "160",
          "uppdrag_rollsortering": "90",
          "uppdrag_statussortering": "90"
        },
        {
          "organ_kod": "UFöU",
          "roll_kod": "Suppleant",
          "ordningsnummer": "0",
          "status": "",
          "typ": "uppdrag",
          "from": "2006-10-10",
          "tom": "2006-10-13",
          "uppgift": "Sammansatta utrikes- och försvarsutskottet",
          "intressent_id": "0637028706011",
          "hangar_id": "2343026",
          "sortering": "50",
          "organ_sortering": "160",
          "uppdrag_rollsortering": "90",
          "uppdrag_statussortering": "90"
        },
        {
          "organ_kod": "EUN",
          "roll_kod": "Suppleant",
          "ordningsnummer": "23",
          "status": "",
          "typ": "uppdrag",
          "from": "2010-10-19",
          "tom": "2014-06-23",
          "uppgift": "EU-nämnden",
          "intressent_id": "0637028706011",
          "hangar_id": "2343026",
          "sortering": "50",
          "organ_sortering": "170",
          "uppdrag_rollsortering": "90",
          "uppdrag_statussortering": "90"
        },
        {
          "organ_kod": "EUN",
          "roll_kod": "Suppleant",
          "ordningsnummer": "26",
          "status": "",
          "typ": "uppdrag",
          "from": "2006-10-24",
          "tom": "2010-10-12",
          "uppgift": "EU-nämnden",
          "intressent_id": "0637028706011",
          "hangar_id": "2343026",
          "sortering": "50",
          "organ_sortering": "170",
          "uppdrag_rollsortering": "90",
          "uppdrag_statussortering": "90"
        }
      ]
    },
    "personuppgift": {
      "uppgift": [
        {
          "kod": "sv",
          "uppgift": "Jurist",
          "typ": "titlar",
          "intressent_id": "0637028706011",
          "hangar_id": "2343026"
        },
        {
          "kod": "en",
          "uppgift": "",
          "typ": "titlar",
          "intressent_id": "0637028706011",
          "hangar_id": "2343026"
        }
      ]
    }
  }
}