{
  "person": {
    "hangar_guid": "5369b792-bd65-494a-820c-65a153322b40",
    "sourceid": "2289b9e6-208b-43b7-b932-98846bc37cc8",
    "intressent_id": "0150538503507",
    "hangar_id": "2341817",
    "fodd_ar": "1932",
    "kon": "kvinna",
    "efternamn": "Cederqvist",
    "tilltalsnamn": "Wivi-Anne",
    "sorteringsnamn": "Cederqvist,Wivi-Anne",
    "iort": "",
    "parti": "S",
    "valkrets": "",
    "status": "Tidigare riksdagsledamot",
    "person_url_xml": "http://data.riksdagen.se/person/2289b9e6-208b-43b7-b932-98846bc37cc8",
    "bild_url_80": "http://data.riksdagen.se/filarkiv/bilder/ledamot/2289b9e6-208b-43b7-b932-98846bc37cc8_80.jpg",
    "bild_url_192": "http://data.riksdagen.se/filarkiv/bilder/ledamot/2289b9e6-208b-43b7-b932-98846bc37cc8_192.jpg",
    "bild_url_max": "http://data.riksdagen.se/filarkiv/bilder/ledamot/2289b9e6-208b-43b7-b932-98846bc37cc8_max.jpg",
    "personuppdrag": {
      "uppdrag": [
        {
          "organ_kod": "kam",
          "roll_kod": "Riksdagsledamot",
          "ordningsnummer": "0",
          "status": "Tjänstgörande",
          "typ": "kammaruppdrag",
          "from": "1985-09-30",
          "tom": "1988-10-03",
          "uppgift": "",
          "intressent_id": "0150538503507",
          "hangar_id": "2341817",
          "sortering": "10",
          "organ_sortering": "10",
          "uppdrag_rollsortering": "60",
          "uppdrag_statussortering": "10"
        },
        {
          "organ_kod": "kam",
          "roll_kod": "Riksdagsledamot",
          "ordningsnummer": "0",
          "status": "Tjänstgörande",
          "typ": "kammaruppdrag",
          "from": "1982-10-04",
          "tom": "1985-09-30",
          "uppgift": "",
          "intressent_id": "0150538503507",
          "hangar_id": "2341817",
          "sortering": "10",
          "organ_sortering": "10",
          "uppdrag_rollsortering": "60",
          "uppdrag_statussortering": "10"
        },
        {
          "organ_kod": "kam",
          "roll_kod": "Riksdagsledamot",
          "ordningsnummer": "0",
          "status": "Tjänstgörande",
          "typ": "kammaruppdrag",
          "from": "1979-10-01",
          "tom": "1982-10-04",
          "uppgift": "",
          "intressent_id": "0150538503507",
          "hangar_id": "2341817",
          "sortering": "10",
          "organ_sortering": "10",
          "uppdrag_rollsortering": "60",
          "uppdrag_statussortering": "10"
        },
        {
          "organ_kod": "kam",
          "roll_kod": "Riksdagsledamot",
          "ordningsnummer": "0",
          "status": "Tjänstgörande",
          "typ": "kammaruppdrag",
          "from": "1976-10-04",
          "tom": "1979-10-01",
          "uppgift": "",
          "intressent_id": "0150538503507",
          "hangar_id": "2341817",
          "sortering": "10",
          "organ_sortering": "10",
          "uppdrag_rollsortering": "60",
          "uppdrag_statussortering": "10"
        }
      ]
    },
    "personuppgift": {
      "uppgift": [
        {
          "kod": "sv",
          "uppgift": "arbetsförmedlare",
          "typ": "titlar",
          "intressent_id": "0150538503507",
          "hangar_id": "2341817"
        },
        {
          "kod": "en",
          "uppgift": "",
          "typ": "titlar",
          "intressent_id": "0150538503507",
          "hangar_id": "2341817"
        }
      ]
    }
  }
}