{
  "person": {
    "hangar_guid": "011150d5-c71d-4601-b1a9-e457a5b8dfdb",
    "sourceid": "d7c329da-83e4-11d4-ae60-0050040c9b55",
    "intressent_id": "0970259744617",
    "hangar_id": "2343087",
    "fodd_ar": "1959",
    "kon": "kvinna",
    "efternamn": "Cederfelt",
    "tilltalsnamn": "Margareta",
    "sorteringsnamn": "Cederfelt,Margareta",
    "iort": "",
    "parti": "M",
    "valkrets": "Stockholms kommun",
    "status": "Tjänstgörande riksdagsledamot",
    "person_url_xml": "http://data.riksdagen.se/person/d7c329da-83e4-11d4-ae60-0050040c9b55",
    "bild_url_80": "http://data.riksdagen.se/filarkiv/bilder/ledamot/d7c329da-83e4-11d4-ae60-0050040c9b55_80.jpg",
    "bild_url_192": "http://data.riksdagen.se/filarkiv/bilder/ledamot/d7c329da-83e4-11d4-ae60-0050040c9b55_192.jpg",
    "bild_url_max": "http://data.riksdagen.se/filarkiv/bilder/ledamot/d7c329da-83e4-11d4-ae60-0050040c9b55_max.jpg",
    "personuppdrag": {
      "uppdrag": [
        {
          "organ_kod": "kam",
          "roll_kod": "Riksdagsledamot",
          "ordningsnummer": "25",
          "status": "Tjänstgörande",
          "typ": "kammaruppdrag",
          "from": "2018-09-24",
          "tom": "2022-09-26",
          "uppgift": "",
          "intressent_id": "0970259744617",
          "hangar_id": "2343087",
          "sortering": "10",
          "organ_sortering": "10",
          "uppdrag_rollsortering": "60",
          "uppdrag_statussortering": "10"
        },
        {
          "organ_kod": "kam",
          "roll_kod": "Riksdagsledamot",
          "ordningsnummer": "110",
          "status": "Tjänstgörande",
          "typ": "kammaruppdrag",
          "from": "2014-09-29",
          "tom": "2018-09-24",
          "uppgift": "",
          "intressent_id": "0970259744617",
          "hangar_id": "2343087",
          "sortering": "10",
          "organ_sortering": "10",
          "uppdrag_rollsortering": "60",
          "uppdrag_statussortering": "10"
        },
        {
          "organ_kod": "kam",
          "roll_kod": "Statsrådsersättare",
          "ordningsnummer": "51",
          "status": "Ersättare",
          "typ": "kammaruppdrag",
          "from": "2010-10-26",
          "tom": "2014-09-29",
          "uppgift": "Fredrik Reinfeldt",
          "intressent_id": "0970259744617",
          "hangar_id": "2343087",
          "sortering": "",
          "organ_sortering": "10",
          "uppdrag_rollsortering": "60",
          "uppdrag_statussortering": "20"
        },
        {
          "organ_kod": "kam",
          "roll_kod": "Statsrådsersättare",
          "ordningsnummer": "80",
          "status": "Ersättare",
          "typ": "kammaruppdrag",
          "from": "2010-10-19",
          "tom": "2010-10-25",
          "uppgift": "Beatrice Ask",
          "intressent_id": "0970259744617",
          "hangar_id": "2343087",
          "sortering": "",
          "organ_sortering": "10",
          "uppdrag_rollsortering": "60",
          "uppdrag_statussortering": "20"
        },
        {
          "organ_kod": "kam",
          "roll_kod": "Statsrådsersättare",
          "ordningsnummer": "141",
          "status": "Ersättare",
          "typ": "kammaruppdrag",
          "from": "2010-10-04",
          "tom": "2010-10-18",
          "uppgift": "Lena Adelsohn Liljeroth",
          "intressent_id": "0970259744617",
          "hangar_id": "2343087",
          "sortering": "",
          "organ_sortering": "10",
          "uppdrag_rollsortering": "60",
          "uppdrag_statussortering": "20"
        },
        {
          "organ_kod": "kam",
          "roll_kod": "Statsrådsersättare",
          "ordningsnummer": "81",
          "status": "Ersättare",
          "typ": "kammaruppdrag",
          "from": "2008-05-07",
          "tom": "2010-10-04",
          "uppgift": "Fredrik Reinfeldt",
          "intressent_id": "0970259744617",
          "hangar_id": "2343087",
          "sortering": "",
          "organ_sortering": "10",
          "uppdrag_rollsortering": "60",
          "uppdrag_statussortering": "20"
        },
        {
          "organ_kod": "kam",
          "roll_kod": "Statsrådsersättare",
          "ordningsnummer": "110",
          "status": "Ersättare",
          "typ": "kammaruppdrag",
          "from": "2007-09-18",
          "tom": "2008-05-07",
          "uppgift": "Beatrice Ask",
          "intressent_id": "0970259744617",
          "hangar_id": "2343087",
          "sortering": "",
          "organ_sortering": "10",
          "uppdrag_rollsortering": "60",
          "uppdrag_statussortering": "20"
        },
        {
          "organ_kod": "kam",
          "roll_kod": "Statsrådsersättare",
          "ordningsnummer": "206",
          "status": "Ersättare",
          "typ": "kammaruppdrag",
          "from": "2006-10-26",
          "tom": "2007-09-17",
          "uppgift": "Lena Adelsohn Liljeroth",
          "intressent_id": "0970259744617",
          "hangar_id": "2343087",
          "sortering": "",
          "organ_sortering": "10",
          "uppdrag_rollsortering": "60",
          "uppdrag_statussortering": "20"
        },
        {
          "organ_kod": "kam",
          "roll_kod": "Riksdagsledamot",
          "ordningsnummer": "11",
          "status": "Tjänstgörande",
          "typ": "kammaruppdrag",
          "from": "2000-05-01",
          "tom": "2002-09-30",
          "uppgift": "",
          "intressent_id": "0970259744617",
          "hangar_id": "2343087",
          "sortering": "10",
          "organ_sortering": "10",
          "uppdrag_rollsortering": "60",
          "uppdrag_statussortering": "10"
        },
        {
          "organ_kod": "kam",
          "roll_kod": "Ersättare",
          "ordningsnummer": "2",
          "status": "Ersättare",
          "typ": "kammaruppdrag",
          "from": "1999-09-14",
          "tom": "2000-04-30",
          "uppgift": "Carl Bildt",
          "intressent_id": "0970259744617",
          "hangar_id": "2343087",
          "sortering": "45",
          "organ_sortering": "10",
          "uppdrag_rollsortering": "60",
          "uppdrag_statussortering": "20"
        },
        {
          "organ_kod": "OSSE",
          "roll_kod": "Vice ordförande",
          "ordningsnummer": "2",
          "status": "",
          "typ": "Riksdagsorgan",
          "from": "2018-10-16",
          "tom": "2022-10-09",
          "uppgift": "OSSE-delegationen",
          "intressent_id": "0970259744617",
          "hangar_id": "2343087",
          "sortering": "20",
          "organ_sortering": "300",
          "uppdrag_rollsortering": "90",
          "uppdrag_statussortering": "90"
        },
        {
          "organ_kod": "OSSE",
          "roll_kod": "Ledamot",
          "ordningsnummer": "2",
          "status": "",
          "typ": "Riksdagsorgan",
          "from": "2018-10-09",
          "tom": "2018-10-16",
          "uppgift": "OSSE-delegationen",
          "intressent_id": "0970259744617",
          "hangar_id": "2343087",
          "sortering": "30",
          "organ_sortering": "300",
          "uppdrag_rollsortering": "90",
          "uppdrag_statussortering": "90"
        },
        {
          "organ_kod": "OSSE",
          "roll_kod": "Vice ordförande",
          "ordningsnummer": "2",
          "status": "",
          "typ": "Riksdagsorgan",
          "from": "2014-11-06",
          "tom": "2018-10-09",
          "uppgift": "OSSE-delegationen",
          "intressent_id": "0970259744617",
          "hangar_id": "2343087",
          "sortering": "20",
          "organ_sortering": "300",
          "uppdrag_rollsortering": "90",
          "uppdrag_statussortering": "90"
        },
        {
          "organ_kod": "OSSE",
          "roll_kod": "Ledamot",
          "ordningsnummer": "2",
          "status": "",
          "typ": "Riksdagsorgan",
          "from": "2014-10-14",
          "tom": "2014-11-06",
          "uppgift": "OSSE-delegationen",
          "intressent_id": "0970259744617",
          "hangar_id": "2343087",
          "sortering": "30",
          "organ_sortering": "300",
          "uppdrag_rollsortering": "90",
          "uppdrag_statussortering": "90"
        },
        {
          "organ_kod": "OSSE",
          "roll_kod": "Suppleant",
          "ordningsnummer": "1",
          "status": "",
          "typ": "Riksdagsorgan",
          "from": "2010-10-19",
          "tom": "2014-10-14",
          "uppgift": "OSSE-delegationen",
          "intressent_id": "0970259744617",
          "hangar_id": "2343087",
          "sortering": "50",
          "organ_sortering": "300",
          "uppdrag_rollsortering": "90",
          "uppdrag_statussortering": "90"
        },
        {
          "organ_kod": "CU",
          "roll_kod": "Ledamot",
          "ordningsnummer": "7",
          "status": "",
          "typ": "uppdrag",
          "from": "2011-09-30",
          "tom": "2014-09-29",
          "uppgift": "Civilutskottet",
          "intressent_id": "0970259744617",
          "hangar_id": "2343087",
          "sortering": "30",
          "organ_sortering": "150",
          "uppdrag_rollsortering": "90",
          "uppdrag_statussortering": "90"
        },
        {
          "organ_kod": "CU",
          "roll_kod": "Ledamot",
          "ordningsnummer": "13",
          "status": "",
          "typ": "uppdrag",
          "from": "2010-10-12",
          "tom": "2011-09-29",
          "uppgift": "Civilutskottet",
          "intressent_id": "0970259744617",
          "hangar_id": "2343087",
          "sortering": "30",
          "organ_sortering": "150",
          "uppdrag_rollsortering": "90",
          "uppdrag_statussortering": "90"
        },
        {
          "organ_kod": "KU",
          "roll_kod": "Suppleant",
          "ordningsnummer": "9",
          "status": "",
          "typ": "uppdrag",
          "from": "2018-10-02",
          "tom": "2019-06-24",
          "uppgift": "Konstitutionsutskottet",
          "intressent_id": "0970259744617",
          "hangar_id": "2343087",
          "sortering": "50",
          "organ_sortering": "150",
          "uppdrag_rollsortering": "90",
          "uppdrag_statussortering": "90"
        },
        {
          "organ_kod": "KU",
          "roll_kod": "Ledamot",
          "ordningsnummer": "3",
          "status": "",
          "typ": "uppdrag",
          "from": "2008-03-06",
          "tom": "2010-10-04",
          "uppgift": "Konstitutionsutskottet",
          "intressent_id": "0970259744617",
          "hangar_id": "2343087",
          "sortering": "30",
          "organ_sortering": "150",
          "uppdrag_rollsortering": "90",
          "uppdrag_statussortering": "90"
        },
        {
          "organ_kod": "KU",
          "roll_kod": "Suppleant",
          "ordningsnummer": "3",
          "status": "",
          "typ": "uppdrag",
          "from": "2007-10-16",
          "tom": "2008-03-06",
          "uppgift": "Konstitutionsutskottet",
          "intressent_id": "0970259744617",
          "hangar_id": "2343087",
          "sortering": "50",
          "organ_sortering": "150",
          "uppdrag_rollsortering": "90",
          "uppdrag_statussortering": "90"
        },
        {
          "organ_kod": "SfU",
          "roll_kod": "Suppleant",
          "ordningsnummer": "0",
          "status": "",
          "typ": "uppdrag",
          "from": "2000-05-01",
          "tom": "2002-09-30",
          "uppgift": "Socialförsäkringsutskottet",
          "intressent_id": "0970259744617",
          "hangar_id": "2343087",
          "sortering": "50",
          "organ_sortering": "150",
          "uppdrag_rollsortering": "90",
          "uppdrag_statussortering": "90"
        },
        {
          "organ_kod": "SkU",
          "roll_kod": "Suppleant",
          "ordningsnummer": "0",
          "status": "",
          "typ": "uppdrag",
          "from": "1999-09-23",
          "tom": "2000-04-30",
          "uppgift": "Skatteutskottet",
          "intressent_id": "0970259744617",
          "hangar_id": "2343087",
          "sortering": "50",
          "organ_sortering": "150",
          "uppdrag_rollsortering": "90",
          "uppdrag_statussortering": "90"
        },
        {
          "organ_kod": "SoU",
          "roll_kod": "Suppleant",
          "ordningsnummer": "0",
          "status": "",
          "typ": "uppdrag",
          "from": "2002-03-22",
          "tom": "2002-09-29",
          "uppgift": "Socialutskottet",
          "intressent_id": "0970259744617",
          "hangar_id": "2343087",
          "sortering": "50",
          "organ_sortering": "150",
          "uppdrag_rollsortering": "90",
          "uppdrag_statussortering": "90"
        },
        {
          "organ_kod": "TU",
          "roll_kod": "Ledamot",
          "ordningsnummer": "0",
          "status": "",
          "typ": "uppdrag",
          "from": "2006-11-15",
          "tom": "2008-03-06",
          "uppgift": "Trafikutskottet",
          "intressent_id": "0970259744617",
          "hangar_id": "2343087",
          "sortering": "30",
          "organ_sortering": "150",
          "uppdrag_rollsortering": "90",
          "uppdrag_statussortering": "90"
        },
        {
          "organ_kod": "UU",
          "roll_kod": "Ledamot",
          "ordningsnummer": "9",
          "status": "",
          "typ": "uppdrag",
          "from": "2018-10-02",
          "tom": "2022-09-26",
          "uppgift": "Utrikesutskottet",
          "intressent_id": "0970259744617",
          "hangar_id": "2343087",
          "sortering": "30",
          "organ_sortering": "150",
          "uppdrag_rollsortering": "90",
          "uppdrag_statussortering": "90"
        },
        {
          "organ_kod": "UU",
          "roll_kod": "Ledamot",
          "ordningsnummer": "7",
          "status": "",
          "typ": "uppdrag",
          "from": "2015-01-29",
          "tom": "2018-09-24",
          "uppgift": "Utrikesutskottet",
          "intressent_id": "0970259744617",
          "hangar_id": "2343087",
          "sortering": "30",
          "organ_sortering": "150",
          "uppdrag_rollsortering": "90",
          "uppdrag_statussortering": "90"
        },
        {
          "organ_kod": "UU",
          "roll_kod": "Ledamot",
          "ordningsnummer": "11",
          "status": "",
          "typ": "uppdrag",
          "from": "2014-10-07",
          "tom": "2015-01-28",
          "uppgift": "Utrikesutskottet",
          "intressent_id": "0970259744617",
          "hangar_id": "2343087",
          "sortering": "30",
          "organ_sortering": "150",
          "uppdrag_rollsortering": "90",
          "uppdrag_statussortering": "90"
        },
        {
          "organ_kod": "UFöU",
          "roll_kod": "Suppleant",
          "ordningsnummer": "4",
          "status": "",
          "typ": "uppdrag",
          "from": "2019-11-14",
          "tom": "2019-12-17",
          "uppgift": "Sammansatta utrikes- och försvarsutskottet",
          "intressent_id": "0970259744617",
          "hangar_id": "2343087",
          "sortering": "50",
          "organ_sortering": "160",
          "uppdrag_rollsortering": "90",
          "uppdrag_statussortering": "90"
        },
        {
          "organ_kod": "UFöU",
          "roll_kod": "Suppleant",
          "ordningsnummer": "4",
          "status": "",
          "typ": "uppdrag",
          "from": "2019-05-09",
          "tom": "2019-06-12",
          "uppgift": "Sammansatta utrikes- och försvarsutskottet",
          "intressent_id": "0970259744617",
          "hangar_id": "2343087",
          "sortering": "50",
          "organ_sortering": "160",
          "uppdrag_rollsortering": "90",
          "uppdrag_statussortering": "90"
        },
        {
          "organ_kod": "UFöU",
          "roll_kod": "Suppleant",
          "ordningsnummer": "4",
          "status": "",
          "typ": "uppdrag",
          "from": "2018-11-15",
          "tom": "2018-12-05",
          "uppgift": "Sammansatta utrikes- och försvarsutskottet",
          "intressent_id": "0970259744617",
          "hangar_id": "2343087",
          "sortering": "50",
          "organ_sortering": "160",
          "uppdrag_rollsortering": "90",
          "uppdrag_statussortering": "90"
        },
        {
          "organ_kod": "UFöU",
          "roll_kod": "Suppleant",
          "ordningsnummer": "4",
          "status": "",
          "typ": "uppdrag",
          "from": "2018-05-15",
          "tom": "2018-06-14",
          "uppgift": "Sammansatta utrikes- och försvarsutskottet",
          "intressent_id": "0970259744617",
          "hangar_id": "2343087",
          "sortering": "50",
          "organ_sortering": "160",
          "uppdrag_rollsortering": "90",
          "uppdrag_statussortering": "90"
        },
        {
          "organ_kod": "UFöU",
          "roll_kod": "Suppleant",
          "ordningsnummer": "4",
          "status": "",
          "typ": "uppdrag",
          "from": "2017-11-14",
          "tom": "2017-12-15",
          "uppgift": "Sammansatta utrikes- och försvarsutskottet",
          "intressent_id": "0970259744617",
          "hangar_id": "2343087",
          "sortering": "50",
          "organ_sortering": "160",
          "uppdrag_rollsortering": "90",
          "uppdrag_statussortering": "90"
        },
        {
          "organ_kod": "UFöU",
          "roll_kod": "Suppleant",
          "ordningsnummer": "4",
          "status": "",
          "typ": "uppdrag",
          "from": "2017-05-02",
          "tom": "2017-06-14",
          "uppgift": "Sammansatta utrikes- och försvarsutskottet",
          "intressent_id": "0970259744617",
          "hangar_id": "2343087",
          "sortering": "50",
          "organ_sortering": "160",
          "uppdrag_rollsortering": "90",
          "uppdrag_statussortering": "90"
        },
        {
          "organ_kod": "UFöU",
          "roll_kod": "Suppleant",
          "ordningsnummer": "4",
          "status": "",
          "typ": "uppdrag",
          "from": "2016-11-15",
          "tom": "2016-12-14",
          "uppgift": "Sammansatta utrikes- och försvarsutskottet",
          "intressent_id": "0970259744617",
          "hangar_id": "2343087",
          "sortering": "50",
          "organ_sortering": "160",
          "uppdrag_rollsortering": "90",
          "uppdrag_statussortering": "90"
        },
        {
          "organ_kod": "UFöU",
          "roll_kod": "Suppleant",
          "ordningsnummer": "4",
          "status": "",
          "typ": "uppdrag",
          "from": "2016-04-12",
          "tom": "2016-05-25",
          "uppgift": "Sammansatta utrikes- och försvarsutskottet",
          "intressent_id": "0970259744617",
          "hangar_id": "2343087",
          "sortering": "50",
          "organ_sortering": "160",
          "uppdrag_rollsortering": "90",
          "uppdrag_statussortering": "90"
        },
        {
          "organ_kod": "UFöU",
          "roll_kod": "Suppleant",
          "ordningsnummer": "4",
          "status": "",
          "typ": "uppdrag",
          "from": "2015-11-17",
          "tom": "2015-12-16",
          "uppgift": "Sammansatta utrikes- och försvarsutskottet",
          "intressent_id": "0970259744617",
          "hangar_id": "2343087",
          "sortering": "50",
          "organ_sortering": "160",
          "uppdrag_rollsortering": "90",
          "uppdrag_statussortering": "90"
        },
        {
          "organ_kod": "UFöU",
          "roll_kod": "Suppleant",
          "ordningsnummer": "4",
          "status": "",
          "typ": "uppdrag",
          "from": "2015-04-14",
          "tom": "2015-06-16",
          "uppgift": "Sammansatta utrikes- och försvarsutskottet",
          "intressent_id": "0970259744617",
          "hangar_id": "2343087",
          "sortering": "50",
          "organ_sortering": "160",
          "uppdrag_rollsortering": "90",
          "uppdrag_statussortering": "90"
        },
        {
          "organ_kod": "UFöU",
          "roll_kod": "Suppleant",
          "ordningsnummer": "4",
          "status": "",
          "typ": "uppdrag",
          "from": "2014-11-20",
          "tom": "2014-12-17",
          "uppgift": "Sammansatta utrikes- och försvarsutskottet",
          "intressent_id": "0970259744617",
          "hangar_id": "2343087",
          "sortering": "50",
          "organ_sortering": "160",
          "uppdrag_rollsortering": "90",
          "uppdrag_statussortering": "90"
        },
        {
          "organ_kod": "BoU",
          "roll_kod": "Suppleant",
          "ordningsnummer": "0",
          "status": "",
          "typ": "uppdrag",
          "from": "2001-03-08",
          "tom": "2002-03-21",
          "uppgift": "Bostadsutskottet",
          "intressent_id": "0970259744617",
          "hangar_id": "2343087",
          "sortering": "50",
          "organ_sortering": "165",
          "uppdrag_rollsortering": "90",
          "uppdrag_statussortering": "90"
        },
        {
          "organ_kod": "EUN",
          "roll_kod": "Suppleant",
          "ordningsnummer": "11",
          "status": "",
          "typ": "uppdrag",
          "from": "2014-10-15",
          "tom": "2018-10-02",
          "uppgift": "EU-nämnden",
          "intressent_id": "0970259744617",
          "hangar_id": "2343087",
          "sortering": "50",
          "organ_sortering": "170",
          "uppdrag_rollsortering": "90",
          "uppdrag_statussortering": "90"
        },
        {
          "organ_kod": "EUN",
          "roll_kod": "Suppleant",
          "ordningsnummer": "22",
          "status": "",
          "typ": "uppdrag",
          "from": "2014-10-14",
          "tom": "2014-10-14",
          "uppgift": "EU-nämnden",
          "intressent_id": "0970259744617",
          "hangar_id": "2343087",
          "sortering": "50",
          "organ_sortering": "170",
          "uppdrag_rollsortering": "90",
          "uppdrag_statussortering": "90"
        },
        {
          "organ_kod": "EUN",
          "roll_kod": "Suppleant",
          "ordningsnummer": "33",
          "status": "",
          "typ": "uppdrag",
          "from": "2010-11-17",
          "tom": "2014-10-07",
          "uppgift": "EU-nämnden",
          "intressent_id": "0970259744617",
          "hangar_id": "2343087",
          "sortering": "50",
          "organ_sortering": "170",
          "uppdrag_rollsortering": "90",
          "uppdrag_statussortering": "90"
        },
        {
          "organ_kod": "EUN",
          "roll_kod": "Suppleant",
          "ordningsnummer": "10",
          "status": "",
          "typ": "uppdrag",
          "from": "2006-11-15",
          "tom": "2010-10-12",
          "uppgift": "EU-nämnden",
          "intressent_id": "0970259744617",
          "hangar_id": "2343087",
          "sortering": "50",
          "organ_sortering": "170",
          "uppdrag_rollsortering": "90",
          "uppdrag_statussortering": "90"
        }
      ]
    },
    "personuppgift": {
      "uppgift": [
        {
          "kod": "Webbsida",
          "uppgift": "http://margaretacederfelt.blogspot.com",
          "typ": "eadress",
          "intressent_id": "0970259744617",
          "hangar_id": "2343087"
        },
        {
          "kod": "Officiell e-postadress",
          "uppgift": "margareta.cederfelt[på]riksdagen.se",
          "typ": "eadress",
          "intressent_id": "0970259744617",
          "hangar_id": "2343087"
        },
        {
          "kod": "Tjänstetelefon",
          "uppgift": "64282",
          "typ": "telefonnummer",
          "intressent_id": "0970259744617",
          "hangar_id": "2343087"
        },
        {
          "kod": "sv",
          "uppgift": "Leg. sjuksköterska/fil.mag.",
          "typ": "titlar",
          "intressent_id": "0970259744617",
          "hangar_id": "2343087"
        },
        {
          "kod": "en",
          "uppgift": "Reg Nurse",
          "typ": "titlar",
          "intressent_id": "0970259744617",
          "hangar_id": "2343087"
        },
        {
          "kod": "KandiderarINastaVal",
          "uppgift": "true",
          "typ": "val",
          "intressent_id": "0970259744617",
          "hangar_id": "2343087"
        }
      ]
    }
  }
}