{
  "person": {
    "hangar_guid": "ca589df2-2f4f-4a9f-8ab1-f31cbab2c4b9",
    "sourceid": "98a17ddf-bd57-4b75-a569-5ef712802c87",
    "intressent_id": "0153923606405",
    "hangar_id": "2342290",
    "fodd_ar": "1944",
    "kon": "kvinna",
    "efternamn": "Cederschiöld",
    "tilltalsnamn": "Charlotte",
    "sorteringsnamn": "Cederschiöld,Charlotte",
    "iort": "",
    "parti": "M",
    "valkrets": "",
    "status": "Tidigare riksdagsledamot",
    "person_url_xml": "http://data.riksdagen.se/person/98a17ddf-bd57-4b75-a569-5ef712802c87",
    "bild_url_80": "http://data.riksdagen.se/filarkiv/bilder/ledamot/98a17ddf-bd57-4b75-a569-5ef712802c87_80.jpg",
    "bild_url_192": "http://data.riksdagen.se/filarkiv/bilder/ledamot/98a17ddf-bd57-4b75-a569-5ef712802c87_192.jpg",
    "bild_url_max": "http://data.riksdagen.se/filarkiv/bilder/ledamot/98a17ddf-bd57-4b75-a569-5ef712802c87_max.jpg",
    "personuppdrag": {
      "uppdrag": [
        {
          "organ_kod": "EP",
          "roll_kod": "Ledamot",
          "ordningsnummer": "1",
          "status": "",
          "typ": "Europaparlamentet",
          "from": "2004-07-20",
          "tom": "2009-07-14",
          "uppgift": "Europaparlamentet",
          "intressent_id": "0153923606405",
          "hangar_id": "2342290",
          "sortering": "30",
          "organ_sortering": "100",
          "uppdrag_rollsortering": "90",
          "uppdrag_statussortering": "90"
        },
        {
          "organ_kod": "kam",
          "roll_kod": "Riksdagsledamot",
          "ordningsnummer": "13",
          "status": "Ledig",
          "typ": "kammaruppdrag",
          "from": "1995-01-10",
          "tom": "1995-10-10",
          "uppgift": "Carl Erik Hedlund 1995-01-10 - 1995-10-10",
          "intressent_id": "0153923606405",
          "hangar_id": "2342290",
          "sortering": "10",
          "organ_sortering": "10",
          "uppdrag_rollsortering": "60",
          "uppdrag_statussortering": "30"
        },
        {
          "organ_kod": "kam",
          "roll_kod": "Riksdagsledamot",
          "ordningsnummer": "13",
          "status": "Tjänstgörande",
          "typ": "kammaruppdrag",
          "from": "1994-10-03",
          "tom": "1995-01-09",
          "uppgift": "",
          "intressent_id": "0153923606405",
          "hangar_id": "2342290",
          "sortering": "10",
          "organ_sortering": "10",
          "uppdrag_rollsortering": "60",
          "uppdrag_statussortering": "10"
        },
        {
          "organ_kod": "kam",
          "roll_kod": "Riksdagsledamot",
          "ordningsnummer": "18",
          "status": "Tjänstgörande",
          "typ": "kammaruppdrag",
          "from": "1991-09-30",
          "tom": "1994-10-03",
          "uppgift": "",
          "intressent_id": "0153923606405",
          "hangar_id": "2342290",
          "sortering": "10",
          "organ_sortering": "10",
          "uppdrag_rollsortering": "60",
          "uppdrag_statussortering": "10"
        },
        {
          "organ_kod": "kam",
          "roll_kod": "Riksdagsledamot",
          "ordningsnummer": "27",
          "status": "Tjänstgörande",
          "typ": "kammaruppdrag",
          "from": "1988-10-03",
          "tom": "1991-09-30",
          "uppgift": "",
          "intressent_id": "0153923606405",
          "hangar_id": "2342290",
          "sortering": "10",
          "organ_sortering": "10",
          "uppdrag_rollsortering": "60",
          "uppdrag_statussortering": "10"
        },
        {
          "organ_kod": "kam",
          "roll_kod": "Ersättare",
          "ordningsnummer": "0",
          "status": "Ersättare",
          "typ": "kammaruppdrag",
          "from": "1987-04-29",
          "tom": "1987-06-02",
          "uppgift": "Ulf Adelsohn",
          "intressent_id": "0153923606405",
          "hangar_id": "2342290",
          "sortering": "45",
          "organ_sortering": "10",
          "uppdrag_rollsortering": "60",
          "uppdrag_statussortering": "20"
        },
        {
          "organ_kod": "EG",
          "roll_kod": "Suppleant",
          "ordningsnummer": "0",
          "status": "",
          "typ": "Riksdagsorgan",
          "from": "1994-10-11",
          "tom": "1994-12-31",
          "uppgift": "EG-delegationen",
          "intressent_id": "0153923606405",
          "hangar_id": "2342290",
          "sortering": "50",
          "organ_sortering": "",
          "uppdrag_rollsortering": "90",
          "uppdrag_statussortering": "90"
        },
        {
          "organ_kod": "EG",
          "roll_kod": "Suppleant",
          "ordningsnummer": "0",
          "status": "",
          "typ": "Riksdagsorgan",
          "from": "1993-01-21",
          "tom": "1994-10-03",
          "uppgift": "EG-delegationen",
          "intressent_id": "0153923606405",
          "hangar_id": "2342290",
          "sortering": "50",
          "organ_sortering": "",
          "uppdrag_rollsortering": "90",
          "uppdrag_statussortering": "90"
        },
        {
          "organ_kod": "EP",
          "roll_kod": "Ledamot",
          "ordningsnummer": "0",
          "status": "",
          "typ": "Riksdagsorgan",
          "from": "1995-01-01",
          "tom": "1995-10-10",
          "uppgift": "Europaparlamentet",
          "intressent_id": "0153923606405",
          "hangar_id": "2342290",
          "sortering": "30",
          "organ_sortering": "100",
          "uppdrag_rollsortering": "90",
          "uppdrag_statussortering": "90"
        },
        {
          "organ_kod": "AU",
          "roll_kod": "Ledamot",
          "ordningsnummer": "0",
          "status": "",
          "typ": "uppdrag",
          "from": "1991-10-08",
          "tom": "1994-10-02",
          "uppgift": "Arbetsmarknadsutskottet",
          "intressent_id": "0153923606405",
          "hangar_id": "2342290",
          "sortering": "30",
          "organ_sortering": "150",
          "uppdrag_rollsortering": "90",
          "uppdrag_statussortering": "90"
        },
        {
          "organ_kod": "AU",
          "roll_kod": "Suppleant",
          "ordningsnummer": "0",
          "status": "",
          "typ": "uppdrag",
          "from": "1988-10-11",
          "tom": "1991-09-29",
          "uppgift": "Arbetsmarknadsutskottet",
          "intressent_id": "0153923606405",
          "hangar_id": "2342290",
          "sortering": "50",
          "organ_sortering": "150",
          "uppdrag_rollsortering": "90",
          "uppdrag_statussortering": "90"
        },
        {
          "organ_kod": "NU",
          "roll_kod": "Suppleant",
          "ordningsnummer": "0",
          "status": "",
          "typ": "uppdrag",
          "from": "1991-10-08",
          "tom": "1994-10-02",
          "uppgift": "Näringsutskottet",
          "intressent_id": "0153923606405",
          "hangar_id": "2342290",
          "sortering": "50",
          "organ_sortering": "150",
          "uppdrag_rollsortering": "90",
          "uppdrag_statussortering": "90"
        },
        {
          "organ_kod": "UU",
          "roll_kod": "Suppleant",
          "ordningsnummer": "0",
          "status": "",
          "typ": "uppdrag",
          "from": "1994-10-11",
          "tom": "1995-01-15",
          "uppgift": "Utrikesutskottet",
          "intressent_id": "0153923606405",
          "hangar_id": "2342290",
          "sortering": "50",
          "organ_sortering": "150",
          "uppdrag_rollsortering": "90",
          "uppdrag_statussortering": "90"
        },
        {
          "organ_kod": "LU",
          "roll_kod": "Ledamot",
          "ordningsnummer": "0",
          "status": "",
          "typ": "uppdrag",
          "from": "1994-10-11",
          "tom": "1995-01-15",
          "uppgift": "Lagutskottet",
          "intressent_id": "0153923606405",
          "hangar_id": "2342290",
          "sortering": "30",
          "organ_sortering": "165",
          "uppdrag_rollsortering": "90",
          "uppdrag_statussortering": "90"
        },
        {
          "organ_kod": "LU",
          "roll_kod": "Suppleant",
          "ordningsnummer": "0",
          "status": "",
          "typ": "uppdrag",
          "from": "1991-10-15",
          "tom": "1994-10-02",
          "uppgift": "Lagutskottet",
          "intressent_id": "0153923606405",
          "hangar_id": "2342290",
          "sortering": "50",
          "organ_sortering": "165",
          "uppdrag_rollsortering": "90",
          "uppdrag_statussortering": "90"
        },
        {
          "organ_kod": "LU",
          "roll_kod": "Suppleant",
          "ordningsnummer": "0",
          "status": "",
          "typ": "uppdrag",
          "from": "1988-10-11",
          "tom": "1991-09-29",
          "uppgift": "Lagutskottet",
          "intressent_id": "0153923606405",
          "hangar_id": "2342290",
          "sortering": "50",
          "organ_sortering": "165",
          "uppdrag_rollsortering": "90",
          "uppdrag_statussortering": "90"
        },
        {
          "organ_kod": "EU",
          "roll_kod": "Suppleant",
          "ordningsnummer": "0",
          "status": "",
          "typ": "uppdrag",
          "from": "1992-05-26",
          "tom": "1993-06-04",
          "uppgift": "EES-utskottet",
          "intressent_id": "0153923606405",
          "hangar_id": "2342290",
          "sortering": "50",
          "organ_sortering": "199",
          "uppdrag_rollsortering": "90",
          "uppdrag_statussortering": "90"
        }
      ]
    },
    "personuppgift": {
      "uppgift": [
        {
          "kod": "sv",
          "uppgift": "fil.kand.näringspol.sekr.",
          "typ": "titlar",
          "intressent_id": "0153923606405",
          "hangar_id": "2342290"
        },
        {
          "kod": "en",
          "uppgift": "",
          "typ": "titlar",
          "intressent_id": "0153923606405",
          "hangar_id": "2342290"
        }
      ]
    }
  }
}