{
  "person": {
    "hangar_guid": "4061fb66-e14d-453b-ab0b-26ebd5dd42cc",
    "sourceid": "36e6c9c7-b1ca-429e-97f0-db7f5d9ac26b",
    "intressent_id": "",
    "hangar_id": "4788874",
    "fodd_ar": "0",
    "kon": "man",
    "efternamn": "Christoffersson",
    "tilltalsnamn": "Ulf",
    "sorteringsnamn": "Christoffersson,Ulf",
    "iort": "",
    "parti": "",
    "valkrets": "",
    "status": "Ledamot i Nämnden för lön till riksdagens ombudsmän och riksrevisorerna",
    "person_url_xml": "http://data.riksdagen.se/person/36e6c9c7-b1ca-429e-97f0-db7f5d9ac26b",
    "bild_url_80": "http://data.riksdagen.se/filarkiv/bilder/ledamot/36e6c9c7-b1ca-429e-97f0-db7f5d9ac26b_80.jpg",
    "bild_url_192": "http://data.riksdagen.se/filarkiv/bilder/ledamot/36e6c9c7-b1ca-429e-97f0-db7f5d9ac26b_192.jpg",
    "bild_url_max": "http://data.riksdagen.se/filarkiv/bilder/ledamot/36e6c9c7-b1ca-429e-97f0-db7f5d9ac26b_max.jpg",
    "personuppdrag": {
      "uppdrag": [
        {
          "organ_kod": "NL",
          "roll_kod": "Ledamot",
          "ordningsnummer": "3",
          "status": "",
          "typ": "Riksdagsorgan",
          "from": "2018-11-28",
          "tom": "2022-11-28",
          "uppgift": "Nämnden för lön till riksdagens ombudsmän och riksrevisorerna",
          "intressent_id": "",
          "hangar_id": "4788874",
          "sortering": "30",
          "organ_sortering": "300",
          "uppdrag_rollsortering": "90",
          "uppdrag_statussortering": "90"
        },
        {
          "organ_kod": "NL",
          "roll_kod": "Ledamot",
          "ordningsnummer": "0",
          "status": "",
          "typ": "Riksdagsorgan",
          "from": "2016-08-25",
          "tom": "2018-11-27",
          "uppgift": "Nämnden för lön till riksdagens ombudsmän och riksrevisorerna",
          "intressent_id": "",
          "hangar_id": "4788874",
          "sortering": "30",
          "organ_sortering": "300",
          "uppdrag_rollsortering": "90",
          "uppdrag_statussortering": "90"
        }
      ]
    },
    "personuppgift": ""
  }
}