{
  "person": {
    "hangar_guid": "2250a13b-4f4c-49bf-9ecf-5572350e8eda",
    "sourceid": "f2e8d1ef-1422-4660-8c66-79e863a5e0a3",
    "intressent_id": "0126791491904",
    "hangar_id": "2342047",
    "fodd_ar": "1939",
    "kon": "man",
    "efternamn": "Chrisopoulos",
    "tilltalsnamn": "Alexander",
    "sorteringsnamn": "Chrisopoulos,Alexander",
    "iort": "",
    "parti": "V",
    "valkrets": "",
    "status": "Tidigare riksdagsledamot",
    "person_url_xml": "http://data.riksdagen.se/person/f2e8d1ef-1422-4660-8c66-79e863a5e0a3",
    "bild_url_80": "http://data.riksdagen.se/filarkiv/bilder/ledamot/f2e8d1ef-1422-4660-8c66-79e863a5e0a3_80.jpg",
    "bild_url_192": "http://data.riksdagen.se/filarkiv/bilder/ledamot/f2e8d1ef-1422-4660-8c66-79e863a5e0a3_192.jpg",
    "bild_url_max": "http://data.riksdagen.se/filarkiv/bilder/ledamot/f2e8d1ef-1422-4660-8c66-79e863a5e0a3_max.jpg",
    "personuppdrag": {
      "uppdrag": [
        {
          "organ_kod": "kam",
          "roll_kod": "Riksdagsledamot",
          "ordningsnummer": "201",
          "status": "Tjänstgörande",
          "typ": "kammaruppdrag",
          "from": "1988-10-03",
          "tom": "1991-09-30",
          "uppgift": "",
          "intressent_id": "0126791491904",
          "hangar_id": "2342047",
          "sortering": "10",
          "organ_sortering": "10",
          "uppdrag_rollsortering": "60",
          "uppdrag_statussortering": "10"
        },
        {
          "organ_kod": "kam",
          "roll_kod": "Riksdagsledamot",
          "ordningsnummer": "0",
          "status": "Tjänstgörande",
          "typ": "kammaruppdrag",
          "from": "1985-09-30",
          "tom": "1988-10-03",
          "uppgift": "",
          "intressent_id": "0126791491904",
          "hangar_id": "2342047",
          "sortering": "10",
          "organ_sortering": "10",
          "uppdrag_rollsortering": "60",
          "uppdrag_statussortering": "10"
        },
        {
          "organ_kod": "kam",
          "roll_kod": "Riksdagsledamot",
          "ordningsnummer": "0",
          "status": "Tjänstgörande",
          "typ": "kammaruppdrag",
          "from": "1982-10-04",
          "tom": "1985-09-30",
          "uppgift": "",
          "intressent_id": "0126791491904",
          "hangar_id": "2342047",
          "sortering": "10",
          "organ_sortering": "10",
          "uppdrag_rollsortering": "60",
          "uppdrag_statussortering": "10"
        },
        {
          "organ_kod": "kam",
          "roll_kod": "Riksdagsledamot",
          "ordningsnummer": "0",
          "status": "Tjänstgörande",
          "typ": "kammaruppdrag",
          "from": "1979-10-01",
          "tom": "1982-10-04",
          "uppgift": "",
          "intressent_id": "0126791491904",
          "hangar_id": "2342047",
          "sortering": "10",
          "organ_sortering": "10",
          "uppdrag_rollsortering": "60",
          "uppdrag_statussortering": "10"
        },
        {
          "organ_kod": "MJU",
          "roll_kod": "Suppleant",
          "ordningsnummer": "0",
          "status": "",
          "typ": "uppdrag",
          "from": "1989-10-04",
          "tom": "1991-09-29",
          "uppgift": "Miljö- och jordbruksutskottet",
          "intressent_id": "0126791491904",
          "hangar_id": "2342047",
          "sortering": "50",
          "organ_sortering": "150",
          "uppdrag_rollsortering": "90",
          "uppdrag_statussortering": "90"
        },
        {
          "organ_kod": "NU",
          "roll_kod": "Suppleant",
          "ordningsnummer": "0",
          "status": "",
          "typ": "uppdrag",
          "from": "1988-10-11",
          "tom": "1989-10-04",
          "uppgift": "Näringsutskottet",
          "intressent_id": "0126791491904",
          "hangar_id": "2342047",
          "sortering": "50",
          "organ_sortering": "150",
          "uppdrag_rollsortering": "90",
          "uppdrag_statussortering": "90"
        }
      ]
    },
    "personuppgift": {
      "uppgift": [
        {
          "kod": "sv",
          "uppgift": "truckförare",
          "typ": "titlar",
          "intressent_id": "0126791491904",
          "hangar_id": "2342047"
        },
        {
          "kod": "en",
          "uppgift": "",
          "typ": "titlar",
          "intressent_id": "0126791491904",
          "hangar_id": "2342047"
        }
      ]
    }
  }
}