{
  "person": {
    "hangar_guid": "b6e9946e-2518-454b-86ea-9bd219ae33b0",
    "sourceid": "26008364-3733-4577-85e2-a5e4ab3d8be6",
    "intressent_id": "0447050635303",
    "hangar_id": "2342017",
    "fodd_ar": "1939",
    "kon": "man",
    "efternamn": "Ciszuk",
    "tilltalsnamn": "Paul",
    "sorteringsnamn": "Ciszuk,Paul",
    "iort": "",
    "parti": "MP",
    "valkrets": "",
    "status": "Tidigare riksdagsledamot",
    "person_url_xml": "http://data.riksdagen.se/person/26008364-3733-4577-85e2-a5e4ab3d8be6",
    "bild_url_80": "http://data.riksdagen.se/filarkiv/bilder/ledamot/26008364-3733-4577-85e2-a5e4ab3d8be6_80.jpg",
    "bild_url_192": "http://data.riksdagen.se/filarkiv/bilder/ledamot/26008364-3733-4577-85e2-a5e4ab3d8be6_192.jpg",
    "bild_url_max": "http://data.riksdagen.se/filarkiv/bilder/ledamot/26008364-3733-4577-85e2-a5e4ab3d8be6_max.jpg",
    "personuppdrag": {
      "uppdrag": [
        {
          "organ_kod": "kam",
          "roll_kod": "Riksdagsledamot",
          "ordningsnummer": "77",
          "status": "Tjänstgörande",
          "typ": "kammaruppdrag",
          "from": "1988-10-04",
          "tom": "1991-09-30",
          "uppgift": "",
          "intressent_id": "0447050635303",
          "hangar_id": "2342017",
          "sortering": "10",
          "organ_sortering": "10",
          "uppdrag_rollsortering": "60",
          "uppdrag_statussortering": "10"
        },
        {
          "organ_kod": "FöU",
          "roll_kod": "Ledamot",
          "ordningsnummer": "0",
          "status": "",
          "typ": "uppdrag",
          "from": "1988-10-11",
          "tom": "1991-09-29",
          "uppgift": "Försvarsutskottet",
          "intressent_id": "0447050635303",
          "hangar_id": "2342017",
          "sortering": "30",
          "organ_sortering": "150",
          "uppdrag_rollsortering": "90",
          "uppdrag_statussortering": "90"
        },
        {
          "organ_kod": "MJU",
          "roll_kod": "Suppleant",
          "ordningsnummer": "0",
          "status": "",
          "typ": "uppdrag",
          "from": "1988-11-11",
          "tom": "1989-04-18",
          "uppgift": "Miljö- och jordbruksutskottet",
          "intressent_id": "0447050635303",
          "hangar_id": "2342017",
          "sortering": "50",
          "organ_sortering": "150",
          "uppdrag_rollsortering": "90",
          "uppdrag_statussortering": "90"
        },
        {
          "organ_kod": "SoU",
          "roll_kod": "Suppleant",
          "ordningsnummer": "0",
          "status": "",
          "typ": "uppdrag",
          "from": "1989-10-04",
          "tom": "1991-09-29",
          "uppgift": "Socialutskottet",
          "intressent_id": "0447050635303",
          "hangar_id": "2342017",
          "sortering": "50",
          "organ_sortering": "150",
          "uppdrag_rollsortering": "90",
          "uppdrag_statussortering": "90"
        }
      ]
    },
    "personuppgift": {
      "uppgift": [
        {
          "kod": "sv",
          "uppgift": "docent",
          "typ": "titlar",
          "intressent_id": "0447050635303",
          "hangar_id": "2342017"
        },
        {
          "kod": "en",
          "uppgift": "",
          "typ": "titlar",
          "intressent_id": "0447050635303",
          "hangar_id": "2342017"
        }
      ]
    }
  }
}