{
  "person": {
    "hangar_guid": "9aa2efda-2fd2-46c0-89e6-54fa364d1872",
    "sourceid": "6666fb78-505c-4116-a35a-5b56893beee5",
    "intressent_id": "0402521607405",
    "hangar_id": "2342056",
    "fodd_ar": "1939",
    "kon": "kvinna",
    "efternamn": "Claesson",
    "tilltalsnamn": "Viola",
    "sorteringsnamn": "Claesson,Viola",
    "iort": "",
    "parti": "V",
    "valkrets": "",
    "status": "Tidigare riksdagsledamot",
    "person_url_xml": "http://data.riksdagen.se/person/6666fb78-505c-4116-a35a-5b56893beee5",
    "bild_url_80": "http://data.riksdagen.se/filarkiv/bilder/ledamot/6666fb78-505c-4116-a35a-5b56893beee5_80.jpg",
    "bild_url_192": "http://data.riksdagen.se/filarkiv/bilder/ledamot/6666fb78-505c-4116-a35a-5b56893beee5_192.jpg",
    "bild_url_max": "http://data.riksdagen.se/filarkiv/bilder/ledamot/6666fb78-505c-4116-a35a-5b56893beee5_max.jpg",
    "personuppdrag": {
      "uppdrag": [
        {
          "organ_kod": "kam",
          "roll_kod": "Riksdagsledamot",
          "ordningsnummer": "212",
          "status": "Tjänstgörande",
          "typ": "kammaruppdrag",
          "from": "1988-10-03",
          "tom": "1991-09-30",
          "uppgift": "",
          "intressent_id": "0402521607405",
          "hangar_id": "2342056",
          "sortering": "10",
          "organ_sortering": "10",
          "uppdrag_rollsortering": "60",
          "uppdrag_statussortering": "10"
        },
        {
          "organ_kod": "kam",
          "roll_kod": "Riksdagsledamot",
          "ordningsnummer": "0",
          "status": "Tjänstgörande",
          "typ": "kammaruppdrag",
          "from": "1985-09-30",
          "tom": "1988-10-03",
          "uppgift": "",
          "intressent_id": "0402521607405",
          "hangar_id": "2342056",
          "sortering": "10",
          "organ_sortering": "10",
          "uppdrag_rollsortering": "60",
          "uppdrag_statussortering": "10"
        },
        {
          "organ_kod": "TU",
          "roll_kod": "Ledamot",
          "ordningsnummer": "0",
          "status": "",
          "typ": "uppdrag",
          "from": "1988-10-03",
          "tom": "1991-09-29",
          "uppgift": "Trafikutskottet",
          "intressent_id": "0402521607405",
          "hangar_id": "2342056",
          "sortering": "30",
          "organ_sortering": "150",
          "uppdrag_rollsortering": "90",
          "uppdrag_statussortering": "90"
        },
        {
          "organ_kod": "TU",
          "roll_kod": "Ledamot",
          "ordningsnummer": "0",
          "status": "",
          "typ": "uppdrag",
          "from": "1987-10-06",
          "tom": "1988-10-02",
          "uppgift": "Trafikutskottet",
          "intressent_id": "0402521607405",
          "hangar_id": "2342056",
          "sortering": "30",
          "organ_sortering": "150",
          "uppdrag_rollsortering": "90",
          "uppdrag_statussortering": "90"
        },
        {
          "organ_kod": "LU",
          "roll_kod": "Suppleant",
          "ordningsnummer": "0",
          "status": "",
          "typ": "uppdrag",
          "from": "1989-10-04",
          "tom": "1991-09-29",
          "uppgift": "Lagutskottet",
          "intressent_id": "0402521607405",
          "hangar_id": "2342056",
          "sortering": "50",
          "organ_sortering": "165",
          "uppdrag_rollsortering": "90",
          "uppdrag_statussortering": "90"
        }
      ]
    },
    "personuppgift": {
      "uppgift": [
        {
          "kod": "sv",
          "uppgift": "bibliotekarie",
          "typ": "titlar",
          "intressent_id": "0402521607405",
          "hangar_id": "2342056"
        },
        {
          "kod": "en",
          "uppgift": "",
          "typ": "titlar",
          "intressent_id": "0402521607405",
          "hangar_id": "2342056"
        }
      ]
    }
  }
}