{
  "person": {
    "hangar_guid": "5700c6ed-ce4c-44bc-9356-5867362a1863",
    "sourceid": "d07b112d-3095-4283-bf67-806499587845",
    "intressent_id": "0564126739422",
    "hangar_id": "2343662",
    "fodd_ar": "1978",
    "kon": "kvinna",
    "efternamn": "Coenraads",
    "tilltalsnamn": "Åsa",
    "sorteringsnamn": "Coenraads,Åsa",
    "iort": "",
    "parti": "M",
    "valkrets": "Västmanlands län",
    "status": "Tjänstgörande riksdagsledamot",
    "person_url_xml": "http://data.riksdagen.se/person/d07b112d-3095-4283-bf67-806499587845",
    "bild_url_80": "http://data.riksdagen.se/filarkiv/bilder/ledamot/d07b112d-3095-4283-bf67-806499587845_80.jpg",
    "bild_url_192": "http://data.riksdagen.se/filarkiv/bilder/ledamot/d07b112d-3095-4283-bf67-806499587845_192.jpg",
    "bild_url_max": "http://data.riksdagen.se/filarkiv/bilder/ledamot/d07b112d-3095-4283-bf67-806499587845_max.jpg",
    "personuppdrag": {
      "uppdrag": [
        {
          "organ_kod": "kam",
          "roll_kod": "Riksdagsledamot",
          "ordningsnummer": "104",
          "status": "Tjänstgörande",
          "typ": "kammaruppdrag",
          "from": "2018-09-24",
          "tom": "2022-09-26",
          "uppgift": "",
          "intressent_id": "0564126739422",
          "hangar_id": "2343662",
          "sortering": "10",
          "organ_sortering": "10",
          "uppdrag_rollsortering": "60",
          "uppdrag_statussortering": "10"
        },
        {
          "organ_kod": "kam",
          "roll_kod": "Riksdagsledamot",
          "ordningsnummer": "309",
          "status": "Tjänstgörande",
          "typ": "kammaruppdrag",
          "from": "2014-09-29",
          "tom": "2018-09-24",
          "uppgift": "",
          "intressent_id": "0564126739422",
          "hangar_id": "2343662",
          "sortering": "10",
          "organ_sortering": "10",
          "uppdrag_rollsortering": "60",
          "uppdrag_statussortering": "10"
        },
        {
          "organ_kod": "kam",
          "roll_kod": "Riksdagsledamot",
          "ordningsnummer": "273",
          "status": "Tjänstgörande",
          "typ": "kammaruppdrag",
          "from": "2010-10-04",
          "tom": "2014-09-29",
          "uppgift": "",
          "intressent_id": "0564126739422",
          "hangar_id": "2343662",
          "sortering": "10",
          "organ_sortering": "10",
          "uppdrag_rollsortering": "60",
          "uppdrag_statussortering": "10"
        },
        {
          "organ_kod": "LR",
          "roll_kod": "Ledamot",
          "ordningsnummer": "2",
          "status": "",
          "typ": "Riksdagsorgan",
          "from": "2018-10-10",
          "tom": "2022-10-10",
          "uppgift": "Ledamotsrådet",
          "intressent_id": "0564126739422",
          "hangar_id": "2343662",
          "sortering": "30",
          "organ_sortering": "300",
          "uppdrag_rollsortering": "90",
          "uppdrag_statussortering": "90"
        },
        {
          "organ_kod": "LR",
          "roll_kod": "Ledamot",
          "ordningsnummer": "2",
          "status": "",
          "typ": "Riksdagsorgan",
          "from": "2017-03-22",
          "tom": "2018-10-10",
          "uppgift": "Ledamotsrådet",
          "intressent_id": "0564126739422",
          "hangar_id": "2343662",
          "sortering": "30",
          "organ_sortering": "300",
          "uppdrag_rollsortering": "90",
          "uppdrag_statussortering": "90"
        },
        {
          "organ_kod": "LR",
          "roll_kod": "Suppleant",
          "ordningsnummer": "2",
          "status": "",
          "typ": "Riksdagsorgan",
          "from": "2015-03-25",
          "tom": "2017-03-22",
          "uppgift": "Ledamotsrådet",
          "intressent_id": "0564126739422",
          "hangar_id": "2343662",
          "sortering": "50",
          "organ_sortering": "300",
          "uppdrag_rollsortering": "90",
          "uppdrag_statussortering": "90"
        },
        {
          "organ_kod": "OSSE",
          "roll_kod": "Suppleant",
          "ordningsnummer": "2",
          "status": "",
          "typ": "Riksdagsorgan",
          "from": "2018-10-09",
          "tom": "2022-10-09",
          "uppgift": "OSSE-delegationen",
          "intressent_id": "0564126739422",
          "hangar_id": "2343662",
          "sortering": "50",
          "organ_sortering": "300",
          "uppdrag_rollsortering": "90",
          "uppdrag_statussortering": "90"
        },
        {
          "organ_kod": "OSSE",
          "roll_kod": "Suppleant",
          "ordningsnummer": "7",
          "status": "",
          "typ": "Riksdagsorgan",
          "from": "2014-10-14",
          "tom": "2018-10-09",
          "uppgift": "OSSE-delegationen",
          "intressent_id": "0564126739422",
          "hangar_id": "2343662",
          "sortering": "50",
          "organ_sortering": "300",
          "uppdrag_rollsortering": "90",
          "uppdrag_statussortering": "90"
        },
        {
          "organ_kod": "MJU",
          "roll_kod": "Ledamot",
          "ordningsnummer": "4",
          "status": "",
          "typ": "uppdrag",
          "from": "2018-10-02",
          "tom": "2019-02-13",
          "uppgift": "Miljö- och jordbruksutskottet",
          "intressent_id": "0564126739422",
          "hangar_id": "2343662",
          "sortering": "30",
          "organ_sortering": "150",
          "uppdrag_rollsortering": "90",
          "uppdrag_statussortering": "90"
        },
        {
          "organ_kod": "MJU",
          "roll_kod": "Ledamot",
          "ordningsnummer": "7",
          "status": "",
          "typ": "uppdrag",
          "from": "2014-10-07",
          "tom": "2018-09-24",
          "uppgift": "Miljö- och jordbruksutskottet",
          "intressent_id": "0564126739422",
          "hangar_id": "2343662",
          "sortering": "30",
          "organ_sortering": "150",
          "uppdrag_rollsortering": "90",
          "uppdrag_statussortering": "90"
        },
        {
          "organ_kod": "MJU",
          "roll_kod": "Ledamot",
          "ordningsnummer": "7",
          "status": "",
          "typ": "uppdrag",
          "from": "2013-09-27",
          "tom": "2014-09-29",
          "uppgift": "Miljö- och jordbruksutskottet",
          "intressent_id": "0564126739422",
          "hangar_id": "2343662",
          "sortering": "30",
          "organ_sortering": "150",
          "uppdrag_rollsortering": "90",
          "uppdrag_statussortering": "90"
        },
        {
          "organ_kod": "MJU",
          "roll_kod": "Ledamot",
          "ordningsnummer": "13",
          "status": "",
          "typ": "uppdrag",
          "from": "2011-02-02",
          "tom": "2013-09-26",
          "uppgift": "Miljö- och jordbruksutskottet",
          "intressent_id": "0564126739422",
          "hangar_id": "2343662",
          "sortering": "30",
          "organ_sortering": "150",
          "uppdrag_rollsortering": "90",
          "uppdrag_statussortering": "90"
        },
        {
          "organ_kod": "MJU",
          "roll_kod": "Suppleant",
          "ordningsnummer": "1",
          "status": "",
          "typ": "uppdrag",
          "from": "2010-10-12",
          "tom": "2011-02-01",
          "uppgift": "Miljö- och jordbruksutskottet",
          "intressent_id": "0564126739422",
          "hangar_id": "2343662",
          "sortering": "50",
          "organ_sortering": "150",
          "uppdrag_rollsortering": "90",
          "uppdrag_statussortering": "90"
        },
        {
          "organ_kod": "NU",
          "roll_kod": "Suppleant",
          "ordningsnummer": "9",
          "status": "",
          "typ": "uppdrag",
          "from": "2019-06-17",
          "tom": "2022-09-26",
          "uppgift": "Näringsutskottet",
          "intressent_id": "0564126739422",
          "hangar_id": "2343662",
          "sortering": "50",
          "organ_sortering": "150",
          "uppdrag_rollsortering": "90",
          "uppdrag_statussortering": "90"
        },
        {
          "organ_kod": "SoU",
          "roll_kod": "Suppleant",
          "ordningsnummer": "9",
          "status": "",
          "typ": "uppdrag",
          "from": "2019-02-13",
          "tom": "2019-06-17",
          "uppgift": "Socialutskottet",
          "intressent_id": "0564126739422",
          "hangar_id": "2343662",
          "sortering": "50",
          "organ_sortering": "150",
          "uppdrag_rollsortering": "90",
          "uppdrag_statussortering": "90"
        },
        {
          "organ_kod": "TU",
          "roll_kod": "Ledamot",
          "ordningsnummer": "17",
          "status": "",
          "typ": "uppdrag",
          "from": "2019-02-13",
          "tom": "2022-09-26",
          "uppgift": "Trafikutskottet",
          "intressent_id": "0564126739422",
          "hangar_id": "2343662",
          "sortering": "30",
          "organ_sortering": "150",
          "uppdrag_rollsortering": "90",
          "uppdrag_statussortering": "90"
        },
        {
          "organ_kod": "EUN",
          "roll_kod": "Ledamot",
          "ordningsnummer": "4",
          "status": "",
          "typ": "uppdrag",
          "from": "2018-10-02",
          "tom": "2019-02-14",
          "uppgift": "EU-nämnden",
          "intressent_id": "0564126739422",
          "hangar_id": "2343662",
          "sortering": "30",
          "organ_sortering": "170",
          "uppdrag_rollsortering": "90",
          "uppdrag_statussortering": "90"
        }
      ]
    },
    "personuppgift": {
      "uppgift": [
        {
          "kod": "Officiell e-postadress",
          "uppgift": "asa.coenraads[på]riksdagen.se",
          "typ": "eadress",
          "intressent_id": "0564126739422",
          "hangar_id": "2343662"
        },
        {
          "kod": "Webbsida",
          "uppgift": "http://www.coenraads.se",
          "typ": "eadress",
          "intressent_id": "0564126739422",
          "hangar_id": "2343662"
        },
        {
          "kod": "Övriga webbsidor",
          "uppgift": "http://asacoenraads.blogspot.com",
          "typ": "eadress",
          "intressent_id": "0564126739422",
          "hangar_id": "2343662"
        },
        {
          "kod": "Tjänstetelefon",
          "uppgift": "66127",
          "typ": "telefonnummer",
          "intressent_id": "0564126739422",
          "hangar_id": "2343662"
        },
        {
          "kod": "KandiderarINastaVal",
          "uppgift": "true",
          "typ": "val",
          "intressent_id": "0564126739422",
          "hangar_id": "2343662"
        }
      ]
    }
  }
}