{
  "person": {
    "hangar_guid": "1fb7fd24-02d2-4325-9a9e-b8f02de33cab",
    "sourceid": "48eeae75-cfb7-4722-ad50-95ebf70e6315",
    "intressent_id": "0747244983307",
    "hangar_id": "2342462",
    "fodd_ar": "1947",
    "kon": "kvinna",
    "efternamn": "Corshammar-Bojerud",
    "tilltalsnamn": "Anna",
    "sorteringsnamn": "Corshammar-Bojerud,Anna",
    "iort": "",
    "parti": "C",
    "valkrets": "Skåne läns västra",
    "status": "Tidigare riksdagsledamot",
    "person_url_xml": "http://data.riksdagen.se/person/48eeae75-cfb7-4722-ad50-95ebf70e6315",
    "bild_url_80": "http://data.riksdagen.se/filarkiv/bilder/ledamot/48eeae75-cfb7-4722-ad50-95ebf70e6315_80.jpg",
    "bild_url_192": "http://data.riksdagen.se/filarkiv/bilder/ledamot/48eeae75-cfb7-4722-ad50-95ebf70e6315_192.jpg",
    "bild_url_max": "http://data.riksdagen.se/filarkiv/bilder/ledamot/48eeae75-cfb7-4722-ad50-95ebf70e6315_max.jpg",
    "personuppdrag": {
      "uppdrag": [
        {
          "organ_kod": "kam",
          "roll_kod": "Riksdagsledamot",
          "ordningsnummer": "0",
          "status": "Tjänstgörande",
          "typ": "kammaruppdrag",
          "from": "1997-06-01",
          "tom": "1998-10-05",
          "uppgift": "",
          "intressent_id": "0747244983307",
          "hangar_id": "2342462",
          "sortering": "10",
          "organ_sortering": "10",
          "uppdrag_rollsortering": "60",
          "uppdrag_statussortering": "10"
        },
        {
          "organ_kod": "kam",
          "roll_kod": "Ersättare",
          "ordningsnummer": "168",
          "status": "Ersättare",
          "typ": "kammaruppdrag",
          "from": "1997-04-21",
          "tom": "1997-05-31",
          "uppgift": "Helena Nilsson",
          "intressent_id": "0747244983307",
          "hangar_id": "2342462",
          "sortering": "45",
          "organ_sortering": "10",
          "uppdrag_rollsortering": "60",
          "uppdrag_statussortering": "20"
        },
        {
          "organ_kod": "kam",
          "roll_kod": "Ersättare",
          "ordningsnummer": "168",
          "status": "Ersättare",
          "typ": "kammaruppdrag",
          "from": "1996-03-11",
          "tom": "1996-05-31",
          "uppgift": "Helena Nilsson",
          "intressent_id": "0747244983307",
          "hangar_id": "2342462",
          "sortering": "45",
          "organ_sortering": "10",
          "uppdrag_rollsortering": "60",
          "uppdrag_statussortering": "20"
        },
        {
          "organ_kod": "kam",
          "roll_kod": "Ersättare",
          "ordningsnummer": "154",
          "status": "Ersättare",
          "typ": "kammaruppdrag",
          "from": "1993-02-23",
          "tom": "1993-04-30",
          "uppgift": "Ulla Tillander",
          "intressent_id": "0747244983307",
          "hangar_id": "2342462",
          "sortering": "45",
          "organ_sortering": "10",
          "uppdrag_rollsortering": "60",
          "uppdrag_statussortering": "20"
        },
        {
          "organ_kod": "kam",
          "roll_kod": "Ersättare",
          "ordningsnummer": "154",
          "status": "Ersättare",
          "typ": "kammaruppdrag",
          "from": "1991-09-30",
          "tom": "1991-11-30",
          "uppgift": "Ulla Tillander",
          "intressent_id": "0747244983307",
          "hangar_id": "2342462",
          "sortering": "45",
          "organ_sortering": "10",
          "uppdrag_rollsortering": "60",
          "uppdrag_statussortering": "20"
        },
        {
          "organ_kod": "KrU",
          "roll_kod": "Suppleant",
          "ordningsnummer": "0",
          "status": "",
          "typ": "uppdrag",
          "from": "1991-10-08",
          "tom": "1991-11-30",
          "uppgift": "Kulturutskottet",
          "intressent_id": "0747244983307",
          "hangar_id": "2342462",
          "sortering": "50",
          "organ_sortering": "150",
          "uppdrag_rollsortering": "90",
          "uppdrag_statussortering": "90"
        },
        {
          "organ_kod": "SoU",
          "roll_kod": "Suppleant",
          "ordningsnummer": "0",
          "status": "",
          "typ": "uppdrag",
          "from": "1996-03-11",
          "tom": "1996-05-31",
          "uppgift": "Socialutskottet",
          "intressent_id": "0747244983307",
          "hangar_id": "2342462",
          "sortering": "50",
          "organ_sortering": "150",
          "uppdrag_rollsortering": "90",
          "uppdrag_statussortering": "90"
        },
        {
          "organ_kod": "SoU",
          "roll_kod": "Suppleant",
          "ordningsnummer": "0",
          "status": "",
          "typ": "uppdrag",
          "from": "1993-02-23",
          "tom": "1993-04-30",
          "uppgift": "Socialutskottet",
          "intressent_id": "0747244983307",
          "hangar_id": "2342462",
          "sortering": "50",
          "organ_sortering": "150",
          "uppdrag_rollsortering": "90",
          "uppdrag_statussortering": "90"
        },
        {
          "organ_kod": "SoU",
          "roll_kod": "Suppleant",
          "ordningsnummer": "0",
          "status": "",
          "typ": "uppdrag",
          "from": "1991-10-08",
          "tom": "1991-11-30",
          "uppgift": "Socialutskottet",
          "intressent_id": "0747244983307",
          "hangar_id": "2342462",
          "sortering": "50",
          "organ_sortering": "150",
          "uppdrag_rollsortering": "90",
          "uppdrag_statussortering": "90"
        },
        {
          "organ_kod": "UU",
          "roll_kod": "Suppleant",
          "ordningsnummer": "0",
          "status": "",
          "typ": "uppdrag",
          "from": "1997-04-21",
          "tom": "1997-05-31",
          "uppgift": "Utrikesutskottet",
          "intressent_id": "0747244983307",
          "hangar_id": "2342462",
          "sortering": "50",
          "organ_sortering": "150",
          "uppdrag_rollsortering": "90",
          "uppdrag_statussortering": "90"
        },
        {
          "organ_kod": "UU",
          "roll_kod": "Suppleant",
          "ordningsnummer": "0",
          "status": "",
          "typ": "uppdrag",
          "from": "1996-03-11",
          "tom": "1996-05-31",
          "uppgift": "Utrikesutskottet",
          "intressent_id": "0747244983307",
          "hangar_id": "2342462",
          "sortering": "50",
          "organ_sortering": "150",
          "uppdrag_rollsortering": "90",
          "uppdrag_statussortering": "90"
        }
      ]
    },
    "personuppgift": {
      "uppgift": [
        {
          "kod": "sv",
          "uppgift": "skattehandläggare",
          "typ": "titlar",
          "intressent_id": "0747244983307",
          "hangar_id": "2342462"
        },
        {
          "kod": "en",
          "uppgift": "",
          "typ": "titlar",
          "intressent_id": "0747244983307",
          "hangar_id": "2342462"
        }
      ]
    }
  }
}