{
  "person": {
    "hangar_guid": "536ae4cb-9ab9-42ea-8d72-715758b4cf48",
    "sourceid": "3c547d05-040e-477e-8c63-b990c4ef9b1f",
    "intressent_id": "0567830387107",
    "hangar_id": "2341974",
    "fodd_ar": "1937",
    "kon": "kvinna",
    "efternamn": "Dahl",
    "tilltalsnamn": "Birgitta",
    "sorteringsnamn": "Dahl,Birgitta",
    "iort": "",
    "parti": "S",
    "valkrets": "",
    "status": "Tidigare riksdagsledamot",
    "person_url_xml": "http://data.riksdagen.se/person/3c547d05-040e-477e-8c63-b990c4ef9b1f",
    "bild_url_80": "http://data.riksdagen.se/filarkiv/bilder/ledamot/3c547d05-040e-477e-8c63-b990c4ef9b1f_80.jpg",
    "bild_url_192": "http://data.riksdagen.se/filarkiv/bilder/ledamot/3c547d05-040e-477e-8c63-b990c4ef9b1f_192.jpg",
    "bild_url_max": "http://data.riksdagen.se/filarkiv/bilder/ledamot/3c547d05-040e-477e-8c63-b990c4ef9b1f_max.jpg",
    "personuppdrag": {
      "uppdrag": [
        {
          "organ_kod": "kam",
          "roll_kod": "Riksdagsledamot",
          "ordningsnummer": "0",
          "status": "Ledig",
          "typ": "kammaruppdrag",
          "from": "1998-10-05",
          "tom": "2002-09-30",
          "uppgift": "Tone Tingsgård 1994-10-03 - 1998-10-05, Tone Tingsgård 1998-10-05 - 2002-09-30",
          "intressent_id": "0567830387107",
          "hangar_id": "2341974",
          "sortering": "10",
          "organ_sortering": "10",
          "uppdrag_rollsortering": "60",
          "uppdrag_statussortering": "30"
        },
        {
          "organ_kod": "kam",
          "roll_kod": "Riksdagsledamot",
          "ordningsnummer": "63",
          "status": "Ledig",
          "typ": "kammaruppdrag",
          "from": "1994-10-03",
          "tom": "1998-10-05",
          "uppgift": "Tone Tingsgård 1994-10-03 - 1998-10-05",
          "intressent_id": "0567830387107",
          "hangar_id": "2341974",
          "sortering": "10",
          "organ_sortering": "10",
          "uppdrag_rollsortering": "60",
          "uppdrag_statussortering": "30"
        },
        {
          "organ_kod": "kam",
          "roll_kod": "Riksdagsledamot",
          "ordningsnummer": "64",
          "status": "Tjänstgörande",
          "typ": "kammaruppdrag",
          "from": "1991-10-05",
          "tom": "1994-10-03",
          "uppgift": "",
          "intressent_id": "0567830387107",
          "hangar_id": "2341974",
          "sortering": "10",
          "organ_sortering": "10",
          "uppdrag_rollsortering": "60",
          "uppdrag_statussortering": "10"
        },
        {
          "organ_kod": "kam",
          "roll_kod": "Riksdagsledamot",
          "ordningsnummer": "64",
          "status": "Ledig",
          "typ": "kammaruppdrag",
          "from": "1991-09-30",
          "tom": "1991-10-04",
          "uppgift": "Björn Kaaling 1989-10-04 - 1991-09-30, Barbro Andersson Öhrn 1991-09-30 - 1991-10-04",
          "intressent_id": "0567830387107",
          "hangar_id": "2341974",
          "sortering": "10",
          "organ_sortering": "10",
          "uppdrag_rollsortering": "60",
          "uppdrag_statussortering": "30"
        },
        {
          "organ_kod": "kam",
          "roll_kod": "Riksdagsledamot",
          "ordningsnummer": "69",
          "status": "Ledig",
          "typ": "kammaruppdrag",
          "from": "1988-10-03",
          "tom": "1991-09-30",
          "uppgift": "Mats O Karlsson 1988-06-04 - 1988-10-03, Barbro Andersson Öhrn 1988-10-03 - 1989-10-03, Björn Kaaling 1989-10-04 - 1991-09-30",
          "intressent_id": "0567830387107",
          "hangar_id": "2341974",
          "sortering": "10",
          "organ_sortering": "10",
          "uppdrag_rollsortering": "60",
          "uppdrag_statussortering": "30"
        },
        {
          "organ_kod": "kam",
          "roll_kod": "Riksdagsledamot",
          "ordningsnummer": "0",
          "status": "Ledig",
          "typ": "kammaruppdrag",
          "from": "1985-09-30",
          "tom": "1988-10-03",
          "uppgift": "Anna Lindh 1982-10-08 - 1985-09-30, Mats O Karlsson 1985-09-30 - 1988-05-03, Björn Kaaling 1988-05-04 - 1988-06-03, Mats O Karlsson 1988-06-04 - 1988-10-03",
          "intressent_id": "0567830387107",
          "hangar_id": "2341974",
          "sortering": "10",
          "organ_sortering": "10",
          "uppdrag_rollsortering": "60",
          "uppdrag_statussortering": "30"
        },
        {
          "organ_kod": "kam",
          "roll_kod": "Riksdagsledamot",
          "ordningsnummer": "0",
          "status": "Ledig",
          "typ": "kammaruppdrag",
          "from": "1982-10-08",
          "tom": "1985-09-30",
          "uppgift": "Anna Lindh 1982-10-08 - 1985-09-30",
          "intressent_id": "0567830387107",
          "hangar_id": "2341974",
          "sortering": "10",
          "organ_sortering": "10",
          "uppdrag_rollsortering": "60",
          "uppdrag_statussortering": "30"
        },
        {
          "organ_kod": "kam",
          "roll_kod": "Riksdagsledamot",
          "ordningsnummer": "0",
          "status": "Tjänstgörande",
          "typ": "kammaruppdrag",
          "from": "1982-10-04",
          "tom": "1982-10-07",
          "uppgift": "",
          "intressent_id": "0567830387107",
          "hangar_id": "2341974",
          "sortering": "10",
          "organ_sortering": "10",
          "uppdrag_rollsortering": "60",
          "uppdrag_statussortering": "10"
        },
        {
          "organ_kod": "kam",
          "roll_kod": "Riksdagsledamot",
          "ordningsnummer": "0",
          "status": "Tjänstgörande",
          "typ": "kammaruppdrag",
          "from": "1981-12-18",
          "tom": "1982-10-04",
          "uppgift": "",
          "intressent_id": "0567830387107",
          "hangar_id": "2341974",
          "sortering": "10",
          "organ_sortering": "10",
          "uppdrag_rollsortering": "60",
          "uppdrag_statussortering": "10"
        },
        {
          "organ_kod": "kam",
          "roll_kod": "Riksdagsledamot",
          "ordningsnummer": "0",
          "status": "Ledig",
          "typ": "kammaruppdrag",
          "from": "1981-11-16",
          "tom": "1981-12-17",
          "uppgift": "Ingrid Andersson 1981-11-16 - 1981-12-17",
          "intressent_id": "0567830387107",
          "hangar_id": "2341974",
          "sortering": "10",
          "organ_sortering": "10",
          "uppdrag_rollsortering": "60",
          "uppdrag_statussortering": "30"
        },
        {
          "organ_kod": "kam",
          "roll_kod": "Riksdagsledamot",
          "ordningsnummer": "0",
          "status": "Tjänstgörande",
          "typ": "kammaruppdrag",
          "from": "1980-11-22",
          "tom": "1981-11-15",
          "uppgift": "",
          "intressent_id": "0567830387107",
          "hangar_id": "2341974",
          "sortering": "10",
          "organ_sortering": "10",
          "uppdrag_rollsortering": "60",
          "uppdrag_statussortering": "10"
        },
        {
          "organ_kod": "kam",
          "roll_kod": "Riksdagsledamot",
          "ordningsnummer": "0",
          "status": "Ledig",
          "typ": "kammaruppdrag",
          "from": "1980-10-20",
          "tom": "1980-11-21",
          "uppgift": "Ingrid Andersson 1980-10-20 - 1980-11-21",
          "intressent_id": "0567830387107",
          "hangar_id": "2341974",
          "sortering": "10",
          "organ_sortering": "10",
          "uppdrag_rollsortering": "60",
          "uppdrag_statussortering": "30"
        },
        {
          "organ_kod": "kam",
          "roll_kod": "Riksdagsledamot",
          "ordningsnummer": "0",
          "status": "Tjänstgörande",
          "typ": "kammaruppdrag",
          "from": "1979-10-01",
          "tom": "1980-10-19",
          "uppgift": "",
          "intressent_id": "0567830387107",
          "hangar_id": "2341974",
          "sortering": "10",
          "organ_sortering": "10",
          "uppdrag_rollsortering": "60",
          "uppdrag_statussortering": "10"
        },
        {
          "organ_kod": "kam",
          "roll_kod": "Riksdagsledamot",
          "ordningsnummer": "0",
          "status": "Tjänstgörande",
          "typ": "kammaruppdrag",
          "from": "1976-10-04",
          "tom": "1979-10-01",
          "uppgift": "",
          "intressent_id": "0567830387107",
          "hangar_id": "2341974",
          "sortering": "10",
          "organ_sortering": "10",
          "uppdrag_rollsortering": "60",
          "uppdrag_statussortering": "10"
        },
        {
          "organ_kod": "EG",
          "roll_kod": "Ledamot",
          "ordningsnummer": "0",
          "status": "",
          "typ": "Riksdagsorgan",
          "from": "1993-01-21",
          "tom": "1993-10-06",
          "uppgift": "EG-delegationen",
          "intressent_id": "0567830387107",
          "hangar_id": "2341974",
          "sortering": "30",
          "organ_sortering": "",
          "uppdrag_rollsortering": "90",
          "uppdrag_statussortering": "90"
        },
        {
          "organ_kod": "KD",
          "roll_kod": "Ledamot",
          "ordningsnummer": "0",
          "status": "",
          "typ": "Riksdagsorgan",
          "from": "1994-10-03",
          "tom": "2002-09-30",
          "uppgift": "Krigsdelegationen",
          "intressent_id": "0567830387107",
          "hangar_id": "2341974",
          "sortering": "30",
          "organ_sortering": "300",
          "uppdrag_rollsortering": "90",
          "uppdrag_statussortering": "90"
        },
        {
          "organ_kod": "KD",
          "roll_kod": "Ledamot",
          "ordningsnummer": "0",
          "status": "",
          "typ": "Riksdagsorgan",
          "from": "1986-10-07",
          "tom": "1991-09-30",
          "uppgift": "Krigsdelegationen",
          "intressent_id": "0567830387107",
          "hangar_id": "2341974",
          "sortering": "30",
          "organ_sortering": "300",
          "uppdrag_rollsortering": "90",
          "uppdrag_statussortering": "90"
        },
        {
          "organ_kod": "NR",
          "roll_kod": "Ledamot",
          "ordningsnummer": "0",
          "status": "",
          "typ": "Riksdagsorgan",
          "from": "1991-10-15",
          "tom": "1994-10-03",
          "uppgift": "Nordiska rådets svenska delegation",
          "intressent_id": "0567830387107",
          "hangar_id": "2341974",
          "sortering": "30",
          "organ_sortering": "300",
          "uppdrag_rollsortering": "90",
          "uppdrag_statussortering": "90"
        },
        {
          "organ_kod": "RFK",
          "roll_kod": "Ordförande",
          "ordningsnummer": "0",
          "status": "",
          "typ": "Riksdagsorgan",
          "from": "1994-10-11",
          "tom": "2000-06-30",
          "uppgift": "Riksdagens förvaltningskontor",
          "intressent_id": "0567830387107",
          "hangar_id": "2341974",
          "sortering": "10",
          "organ_sortering": "300",
          "uppdrag_rollsortering": "90",
          "uppdrag_statussortering": "90"
        },
        {
          "organ_kod": "RS",
          "roll_kod": "Ledamot",
          "ordningsnummer": "0",
          "status": "",
          "typ": "Riksdagsorgan",
          "from": "2000-07-01",
          "tom": "2002-09-30",
          "uppgift": "Riksdagsstyrelsen",
          "intressent_id": "0567830387107",
          "hangar_id": "2341974",
          "sortering": "30",
          "organ_sortering": "300",
          "uppdrag_rollsortering": "90",
          "uppdrag_statussortering": "90"
        },
        {
          "organ_kod": "UN",
          "roll_kod": "Ledamot",
          "ordningsnummer": "0",
          "status": "",
          "typ": "Riksdagsorgan",
          "from": "1998-10-20",
          "tom": "2002-09-30",
          "uppgift": "Utrikesnämnden",
          "intressent_id": "0567830387107",
          "hangar_id": "2341974",
          "sortering": "30",
          "organ_sortering": "300",
          "uppdrag_rollsortering": "90",
          "uppdrag_statussortering": "90"
        },
        {
          "organ_kod": "UN",
          "roll_kod": "Ledamot",
          "ordningsnummer": "0",
          "status": "",
          "typ": "Riksdagsorgan",
          "from": "1994-10-03",
          "tom": "1998-10-05",
          "uppgift": "Utrikesnämnden",
          "intressent_id": "0567830387107",
          "hangar_id": "2341974",
          "sortering": "30",
          "organ_sortering": "300",
          "uppdrag_rollsortering": "90",
          "uppdrag_statussortering": "90"
        },
        {
          "organ_kod": "UN",
          "roll_kod": "Ledamot",
          "ordningsnummer": "0",
          "status": "",
          "typ": "Riksdagsorgan",
          "from": "1992-11-02",
          "tom": "1993-10-06",
          "uppgift": "Utrikesnämnden",
          "intressent_id": "0567830387107",
          "hangar_id": "2341974",
          "sortering": "30",
          "organ_sortering": "300",
          "uppdrag_rollsortering": "90",
          "uppdrag_statussortering": "90"
        },
        {
          "organ_kod": "UN",
          "roll_kod": "Suppleant",
          "ordningsnummer": "0",
          "status": "",
          "typ": "Riksdagsorgan",
          "from": "1979-10-01",
          "tom": "1982-10-04",
          "uppgift": "Utrikesnämnden",
          "intressent_id": "0567830387107",
          "hangar_id": "2341974",
          "sortering": "50",
          "organ_sortering": "300",
          "uppdrag_rollsortering": "90",
          "uppdrag_statussortering": "90"
        },
        {
          "organ_kod": "SfU",
          "roll_kod": "Vice ordförande",
          "ordningsnummer": "0",
          "status": "",
          "typ": "uppdrag",
          "from": "1993-10-19",
          "tom": "1994-10-02",
          "uppgift": "Socialförsäkringsutskottet",
          "intressent_id": "0567830387107",
          "hangar_id": "2341974",
          "sortering": "20",
          "organ_sortering": "150",
          "uppdrag_rollsortering": "90",
          "uppdrag_statussortering": "90"
        },
        {
          "organ_kod": "SfU",
          "roll_kod": "Ledamot",
          "ordningsnummer": "0",
          "status": "",
          "typ": "uppdrag",
          "from": "1991-10-08",
          "tom": "1993-10-18",
          "uppgift": "Socialförsäkringsutskottet",
          "intressent_id": "0567830387107",
          "hangar_id": "2341974",
          "sortering": "30",
          "organ_sortering": "150",
          "uppdrag_rollsortering": "90",
          "uppdrag_statussortering": "90"
        },
        {
          "organ_kod": "SoU",
          "roll_kod": "Suppleant",
          "ordningsnummer": "0",
          "status": "",
          "typ": "uppdrag",
          "from": "1979-10-01",
          "tom": "1982-10-03",
          "uppgift": "Socialutskottet",
          "intressent_id": "0567830387107",
          "hangar_id": "2341974",
          "sortering": "50",
          "organ_sortering": "150",
          "uppdrag_rollsortering": "90",
          "uppdrag_statussortering": "90"
        },
        {
          "organ_kod": "SoU",
          "roll_kod": "Suppleant",
          "ordningsnummer": "0",
          "status": "",
          "typ": "uppdrag",
          "from": "1976-10-04",
          "tom": "1979-09-30",
          "uppgift": "Socialutskottet",
          "intressent_id": "0567830387107",
          "hangar_id": "2341974",
          "sortering": "50",
          "organ_sortering": "150",
          "uppdrag_rollsortering": "90",
          "uppdrag_statussortering": "90"
        }
      ]
    },
    "personuppgift": {
      "uppgift": {
        "kod": "Webbsida",
        "uppgift": "http://www.riksdagen.se/talman",
        "typ": "eadress",
        "intressent_id": "0567830387107",
        "hangar_id": "2341974"
      }
    }
  }
}