{
  "person": {
    "hangar_guid": "78e1fc34-cfde-43cf-a747-ce428c1cd477",
    "sourceid": "766fb2e4-5879-4e14-9a2e-a6cebed4fc4d",
    "intressent_id": "0284039893826",
    "hangar_id": "2369459",
    "fodd_ar": "1984",
    "kon": "man",
    "efternamn": "Dalunde",
    "tilltalsnamn": "Jakop",
    "sorteringsnamn": "Dalunde,Jakop",
    "iort": "",
    "parti": "MP",
    "valkrets": "Stockholms kommun",
    "status": "Europaparlamentariker",
    "person_url_xml": "http://data.riksdagen.se/person/766fb2e4-5879-4e14-9a2e-a6cebed4fc4d",
    "bild_url_80": "http://data.riksdagen.se/filarkiv/bilder/ledamot/766fb2e4-5879-4e14-9a2e-a6cebed4fc4d_80.jpg",
    "bild_url_192": "http://data.riksdagen.se/filarkiv/bilder/ledamot/766fb2e4-5879-4e14-9a2e-a6cebed4fc4d_192.jpg",
    "bild_url_max": "http://data.riksdagen.se/filarkiv/bilder/ledamot/766fb2e4-5879-4e14-9a2e-a6cebed4fc4d_max.jpg",
    "personuppdrag": {
      "uppdrag": [
        {
          "organ_kod": "EP",
          "roll_kod": "Ledamot",
          "ordningsnummer": "21",
          "status": "",
          "typ": "Europaparlamentet",
          "from": "2020-02-01",
          "tom": "2024-07-02",
          "uppgift": "Europaparlamentet",
          "intressent_id": "0284039893826",
          "hangar_id": "2369459",
          "sortering": "30",
          "organ_sortering": "100",
          "uppdrag_rollsortering": "90",
          "uppdrag_statussortering": "90"
        },
        {
          "organ_kod": "EP",
          "roll_kod": "Ledamot",
          "ordningsnummer": "15",
          "status": "",
          "typ": "Europaparlamentet",
          "from": "2016-06-07",
          "tom": "2019-07-02",
          "uppgift": "Europaparlamentet",
          "intressent_id": "0284039893826",
          "hangar_id": "2369459",
          "sortering": "30",
          "organ_sortering": "100",
          "uppdrag_rollsortering": "90",
          "uppdrag_statussortering": "90"
        },
        {
          "organ_kod": "kam",
          "roll_kod": "Ersättare",
          "ordningsnummer": "314",
          "status": "Ersättare",
          "typ": "kammaruppdrag",
          "from": "2015-12-18",
          "tom": "2016-06-06",
          "uppgift": "Per Olsson Fridh",
          "intressent_id": "0284039893826",
          "hangar_id": "2369459",
          "sortering": "45",
          "organ_sortering": "10",
          "uppdrag_rollsortering": "60",
          "uppdrag_statussortering": "20"
        },
        {
          "organ_kod": "kam",
          "roll_kod": "Ersättare",
          "ordningsnummer": "242",
          "status": "Ersättare",
          "typ": "kammaruppdrag",
          "from": "2015-05-18",
          "tom": "2015-12-17",
          "uppgift": "Maria Ferm",
          "intressent_id": "0284039893826",
          "hangar_id": "2369459",
          "sortering": "45",
          "organ_sortering": "10",
          "uppdrag_rollsortering": "60",
          "uppdrag_statussortering": "20"
        },
        {
          "organ_kod": "kam",
          "roll_kod": "Ersättare",
          "ordningsnummer": "314",
          "status": "Ersättare",
          "typ": "kammaruppdrag",
          "from": "2014-10-14",
          "tom": "2015-05-17",
          "uppgift": "Per Olsson Fridh",
          "intressent_id": "0284039893826",
          "hangar_id": "2369459",
          "sortering": "45",
          "organ_sortering": "10",
          "uppdrag_rollsortering": "60",
          "uppdrag_statussortering": "20"
        },
        {
          "organ_kod": "FöU",
          "roll_kod": "Ledamot",
          "ordningsnummer": "10",
          "status": "",
          "typ": "uppdrag",
          "from": "2014-10-21",
          "tom": "2016-06-06",
          "uppgift": "Försvarsutskottet",
          "intressent_id": "0284039893826",
          "hangar_id": "2369459",
          "sortering": "30",
          "organ_sortering": "150",
          "uppdrag_rollsortering": "90",
          "uppdrag_statussortering": "90"
        },
        {
          "organ_kod": "TU",
          "roll_kod": "Suppleant",
          "ordningsnummer": "23",
          "status": "",
          "typ": "uppdrag",
          "from": "2014-11-05",
          "tom": "2016-06-06",
          "uppgift": "Trafikutskottet",
          "intressent_id": "0284039893826",
          "hangar_id": "2369459",
          "sortering": "50",
          "organ_sortering": "150",
          "uppdrag_rollsortering": "90",
          "uppdrag_statussortering": "90"
        },
        {
          "organ_kod": "UU",
          "roll_kod": "Suppleant",
          "ordningsnummer": "21",
          "status": "",
          "typ": "uppdrag",
          "from": "2014-10-23",
          "tom": "2016-06-06",
          "uppgift": "Utrikesutskottet",
          "intressent_id": "0284039893826",
          "hangar_id": "2369459",
          "sortering": "50",
          "organ_sortering": "150",
          "uppdrag_rollsortering": "90",
          "uppdrag_statussortering": "90"
        },
        {
          "organ_kod": "UFöU",
          "roll_kod": "Suppleant",
          "ordningsnummer": "10",
          "status": "",
          "typ": "uppdrag",
          "from": "2016-04-12",
          "tom": "2016-05-25",
          "uppgift": "Sammansatta utrikes- och försvarsutskottet",
          "intressent_id": "0284039893826",
          "hangar_id": "2369459",
          "sortering": "50",
          "organ_sortering": "160",
          "uppdrag_rollsortering": "90",
          "uppdrag_statussortering": "90"
        },
        {
          "organ_kod": "UFöU",
          "roll_kod": "Suppleant",
          "ordningsnummer": "10",
          "status": "",
          "typ": "uppdrag",
          "from": "2015-11-17",
          "tom": "2015-12-16",
          "uppgift": "Sammansatta utrikes- och försvarsutskottet",
          "intressent_id": "0284039893826",
          "hangar_id": "2369459",
          "sortering": "50",
          "organ_sortering": "160",
          "uppdrag_rollsortering": "90",
          "uppdrag_statussortering": "90"
        },
        {
          "organ_kod": "UFöU",
          "roll_kod": "Suppleant",
          "ordningsnummer": "10",
          "status": "",
          "typ": "uppdrag",
          "from": "2015-04-14",
          "tom": "2015-06-16",
          "uppgift": "Sammansatta utrikes- och försvarsutskottet",
          "intressent_id": "0284039893826",
          "hangar_id": "2369459",
          "sortering": "50",
          "organ_sortering": "160",
          "uppdrag_rollsortering": "90",
          "uppdrag_statussortering": "90"
        },
        {
          "organ_kod": "UFöU",
          "roll_kod": "Suppleant",
          "ordningsnummer": "10",
          "status": "",
          "typ": "uppdrag",
          "from": "2014-11-20",
          "tom": "2014-12-17",
          "uppgift": "Sammansatta utrikes- och försvarsutskottet",
          "intressent_id": "0284039893826",
          "hangar_id": "2369459",
          "sortering": "50",
          "organ_sortering": "160",
          "uppdrag_rollsortering": "90",
          "uppdrag_statussortering": "90"
        },
        {
          "organ_kod": "EUN",
          "roll_kod": "Suppleant",
          "ordningsnummer": "34",
          "status": "",
          "typ": "uppdrag",
          "from": "2015-12-11",
          "tom": "2016-06-06",
          "uppgift": "EU-nämnden",
          "intressent_id": "0284039893826",
          "hangar_id": "2369459",
          "sortering": "50",
          "organ_sortering": "170",
          "uppdrag_rollsortering": "90",
          "uppdrag_statussortering": "90"
        }
      ]
    },
    "personuppgift": ""
  }
}