{
  "person": {
    "hangar_guid": "f48d9339-e102-4f61-a16e-a24471cb165a",
    "sourceid": "a6a33386-bc67-4702-aa8c-331ffe7e2f9c",
    "intressent_id": "0306286538528",
    "hangar_id": "2343639",
    "fodd_ar": "1977",
    "kon": "kvinna",
    "efternamn": "Damm",
    "tilltalsnamn": "Sofia",
    "sorteringsnamn": "Damm,Sofia",
    "iort": "",
    "parti": "KD",
    "valkrets": "Skåne läns södra",
    "status": "Tjänstgörande riksdagsledamot",
    "person_url_xml": "http://data.riksdagen.se/person/a6a33386-bc67-4702-aa8c-331ffe7e2f9c",
    "bild_url_80": "http://data.riksdagen.se/filarkiv/bilder/ledamot/a6a33386-bc67-4702-aa8c-331ffe7e2f9c_80.jpg",
    "bild_url_192": "http://data.riksdagen.se/filarkiv/bilder/ledamot/a6a33386-bc67-4702-aa8c-331ffe7e2f9c_192.jpg",
    "bild_url_max": "http://data.riksdagen.se/filarkiv/bilder/ledamot/a6a33386-bc67-4702-aa8c-331ffe7e2f9c_max.jpg",
    "personuppdrag": {
      "uppdrag": [
        {
          "organ_kod": "kam",
          "roll_kod": "Riksdagsledamot",
          "ordningsnummer": "94",
          "status": "Tjänstgörande",
          "typ": "kammaruppdrag",
          "from": "2018-09-24",
          "tom": "2022-09-26",
          "uppgift": "",
          "intressent_id": "0306286538528",
          "hangar_id": "2343639",
          "sortering": "10",
          "organ_sortering": "10",
          "uppdrag_rollsortering": "60",
          "uppdrag_statussortering": "10"
        },
        {
          "organ_kod": "kam",
          "roll_kod": "Riksdagsledamot",
          "ordningsnummer": "258",
          "status": "Tjänstgörande",
          "typ": "kammaruppdrag",
          "from": "2014-09-29",
          "tom": "2018-09-24",
          "uppgift": "",
          "intressent_id": "0306286538528",
          "hangar_id": "2343639",
          "sortering": "10",
          "organ_sortering": "10",
          "uppdrag_rollsortering": "60",
          "uppdrag_statussortering": "10"
        },
        {
          "organ_kod": "LR",
          "roll_kod": "Suppleant",
          "ordningsnummer": "6",
          "status": "",
          "typ": "Riksdagsorgan",
          "from": "2018-10-10",
          "tom": "2022-10-10",
          "uppgift": "Ledamotsrådet",
          "intressent_id": "0306286538528",
          "hangar_id": "2343639",
          "sortering": "50",
          "organ_sortering": "300",
          "uppdrag_rollsortering": "90",
          "uppdrag_statussortering": "90"
        },
        {
          "organ_kod": "AU",
          "roll_kod": "Ledamot",
          "ordningsnummer": "12",
          "status": "",
          "typ": "uppdrag",
          "from": "2018-10-02",
          "tom": "2022-09-26",
          "uppgift": "Arbetsmarknadsutskottet",
          "intressent_id": "0306286538528",
          "hangar_id": "2343639",
          "sortering": "30",
          "organ_sortering": "150",
          "uppdrag_rollsortering": "90",
          "uppdrag_statussortering": "90"
        },
        {
          "organ_kod": "FöU",
          "roll_kod": "Suppleant",
          "ordningsnummer": "28",
          "status": "",
          "typ": "uppdrag",
          "from": "2016-12-07",
          "tom": "2018-09-24",
          "uppgift": "Försvarsutskottet",
          "intressent_id": "0306286538528",
          "hangar_id": "2343639",
          "sortering": "50",
          "organ_sortering": "150",
          "uppdrag_rollsortering": "90",
          "uppdrag_statussortering": "90"
        },
        {
          "organ_kod": "MJU",
          "roll_kod": "Suppleant",
          "ordningsnummer": "16",
          "status": "",
          "typ": "uppdrag",
          "from": "2014-10-07",
          "tom": "2018-09-24",
          "uppgift": "Miljö- och jordbruksutskottet",
          "intressent_id": "0306286538528",
          "hangar_id": "2343639",
          "sortering": "50",
          "organ_sortering": "150",
          "uppdrag_rollsortering": "90",
          "uppdrag_statussortering": "90"
        },
        {
          "organ_kod": "SfU",
          "roll_kod": "Suppleant",
          "ordningsnummer": "25",
          "status": "",
          "typ": "uppdrag",
          "from": "2018-10-16",
          "tom": "2022-09-26",
          "uppgift": "Socialförsäkringsutskottet",
          "intressent_id": "0306286538528",
          "hangar_id": "2343639",
          "sortering": "50",
          "organ_sortering": "150",
          "uppdrag_rollsortering": "90",
          "uppdrag_statussortering": "90"
        },
        {
          "organ_kod": "UbU",
          "roll_kod": "Suppleant",
          "ordningsnummer": "24",
          "status": "",
          "typ": "uppdrag",
          "from": "2014-10-14",
          "tom": "2018-09-24",
          "uppgift": "Utbildningsutskottet",
          "intressent_id": "0306286538528",
          "hangar_id": "2343639",
          "sortering": "50",
          "organ_sortering": "150",
          "uppdrag_rollsortering": "90",
          "uppdrag_statussortering": "90"
        },
        {
          "organ_kod": "UU",
          "roll_kod": "Suppleant",
          "ordningsnummer": "26",
          "status": "",
          "typ": "uppdrag",
          "from": "2018-10-16",
          "tom": "2020-01-17",
          "uppgift": "Utrikesutskottet",
          "intressent_id": "0306286538528",
          "hangar_id": "2343639",
          "sortering": "50",
          "organ_sortering": "150",
          "uppdrag_rollsortering": "90",
          "uppdrag_statussortering": "90"
        },
        {
          "organ_kod": "UU",
          "roll_kod": "Ledamot",
          "ordningsnummer": "16",
          "status": "",
          "typ": "uppdrag",
          "from": "2014-10-07",
          "tom": "2018-09-24",
          "uppgift": "Utrikesutskottet",
          "intressent_id": "0306286538528",
          "hangar_id": "2343639",
          "sortering": "30",
          "organ_sortering": "150",
          "uppdrag_rollsortering": "90",
          "uppdrag_statussortering": "90"
        },
        {
          "organ_kod": "UFöU",
          "roll_kod": "Deputerad",
          "ordningsnummer": "16",
          "status": "",
          "typ": "uppdrag",
          "from": "2018-05-15",
          "tom": "2018-06-14",
          "uppgift": "Sammansatta utrikes- och försvarsutskottet",
          "intressent_id": "0306286538528",
          "hangar_id": "2343639",
          "sortering": "40",
          "organ_sortering": "160",
          "uppdrag_rollsortering": "90",
          "uppdrag_statussortering": "90"
        },
        {
          "organ_kod": "UFöU",
          "roll_kod": "Suppleant",
          "ordningsnummer": "16",
          "status": "",
          "typ": "uppdrag",
          "from": "2017-11-14",
          "tom": "2017-12-15",
          "uppgift": "Sammansatta utrikes- och försvarsutskottet",
          "intressent_id": "0306286538528",
          "hangar_id": "2343639",
          "sortering": "50",
          "organ_sortering": "160",
          "uppdrag_rollsortering": "90",
          "uppdrag_statussortering": "90"
        },
        {
          "organ_kod": "UFöU",
          "roll_kod": "Suppleant",
          "ordningsnummer": "16",
          "status": "",
          "typ": "uppdrag",
          "from": "2017-05-02",
          "tom": "2017-06-14",
          "uppgift": "Sammansatta utrikes- och försvarsutskottet",
          "intressent_id": "0306286538528",
          "hangar_id": "2343639",
          "sortering": "50",
          "organ_sortering": "160",
          "uppdrag_rollsortering": "90",
          "uppdrag_statussortering": "90"
        },
        {
          "organ_kod": "UFöU",
          "roll_kod": "Suppleant",
          "ordningsnummer": "16",
          "status": "",
          "typ": "uppdrag",
          "from": "2016-11-15",
          "tom": "2016-12-14",
          "uppgift": "Sammansatta utrikes- och försvarsutskottet",
          "intressent_id": "0306286538528",
          "hangar_id": "2343639",
          "sortering": "50",
          "organ_sortering": "160",
          "uppdrag_rollsortering": "90",
          "uppdrag_statussortering": "90"
        },
        {
          "organ_kod": "UFöU",
          "roll_kod": "Suppleant",
          "ordningsnummer": "16",
          "status": "",
          "typ": "uppdrag",
          "from": "2016-04-12",
          "tom": "2016-05-25",
          "uppgift": "Sammansatta utrikes- och försvarsutskottet",
          "intressent_id": "0306286538528",
          "hangar_id": "2343639",
          "sortering": "50",
          "organ_sortering": "160",
          "uppdrag_rollsortering": "90",
          "uppdrag_statussortering": "90"
        },
        {
          "organ_kod": "UFöU",
          "roll_kod": "Suppleant",
          "ordningsnummer": "16",
          "status": "",
          "typ": "uppdrag",
          "from": "2015-11-17",
          "tom": "2015-12-16",
          "uppgift": "Sammansatta utrikes- och försvarsutskottet",
          "intressent_id": "0306286538528",
          "hangar_id": "2343639",
          "sortering": "50",
          "organ_sortering": "160",
          "uppdrag_rollsortering": "90",
          "uppdrag_statussortering": "90"
        },
        {
          "organ_kod": "UFöU",
          "roll_kod": "Suppleant",
          "ordningsnummer": "16",
          "status": "",
          "typ": "uppdrag",
          "from": "2015-04-14",
          "tom": "2015-06-16",
          "uppgift": "Sammansatta utrikes- och försvarsutskottet",
          "intressent_id": "0306286538528",
          "hangar_id": "2343639",
          "sortering": "50",
          "organ_sortering": "160",
          "uppdrag_rollsortering": "90",
          "uppdrag_statussortering": "90"
        },
        {
          "organ_kod": "UFöU",
          "roll_kod": "Suppleant",
          "ordningsnummer": "16",
          "status": "",
          "typ": "uppdrag",
          "from": "2014-11-20",
          "tom": "2014-12-17",
          "uppgift": "Sammansatta utrikes- och försvarsutskottet",
          "intressent_id": "0306286538528",
          "hangar_id": "2343639",
          "sortering": "50",
          "organ_sortering": "160",
          "uppdrag_rollsortering": "90",
          "uppdrag_statussortering": "90"
        }
      ]
    },
    "personuppgift": {
      "uppgift": [
        {
          "kod": "Officiell e-postadress",
          "uppgift": "sofia.damm[på]riksdagen.se",
          "typ": "eadress",
          "intressent_id": "0306286538528",
          "hangar_id": "2343639"
        },
        {
          "kod": "KandiderarINastaVal",
          "uppgift": "true",
          "typ": "val",
          "intressent_id": "0306286538528",
          "hangar_id": "2343639"
        }
      ]
    }
  }
}