{
  "person": {
    "hangar_guid": "482b5ac4-d4ba-4bdf-9078-7fdaf682618e",
    "sourceid": "dd4e6c3c-f2a6-4293-ab4c-81da56beefb0",
    "intressent_id": "0853269477202",
    "hangar_id": "2341930",
    "fodd_ar": "1936",
    "kon": "man",
    "efternamn": "Danielsson",
    "tilltalsnamn": "Bertil",
    "sorteringsnamn": "Danielsson,Bertil",
    "iort": "",
    "parti": "M",
    "valkrets": "",
    "status": "Tidigare riksdagsledamot",
    "person_url_xml": "http://data.riksdagen.se/person/dd4e6c3c-f2a6-4293-ab4c-81da56beefb0",
    "bild_url_80": "http://data.riksdagen.se/filarkiv/bilder/ledamot/dd4e6c3c-f2a6-4293-ab4c-81da56beefb0_80.jpg",
    "bild_url_192": "http://data.riksdagen.se/filarkiv/bilder/ledamot/dd4e6c3c-f2a6-4293-ab4c-81da56beefb0_192.jpg",
    "bild_url_max": "http://data.riksdagen.se/filarkiv/bilder/ledamot/dd4e6c3c-f2a6-4293-ab4c-81da56beefb0_max.jpg",
    "personuppdrag": {
      "uppdrag": [
        {
          "organ_kod": "kam",
          "roll_kod": "Riksdagsledamot",
          "ordningsnummer": "126",
          "status": "Tjänstgörande",
          "typ": "kammaruppdrag",
          "from": "1991-09-30",
          "tom": "1994-10-03",
          "uppgift": "",
          "intressent_id": "0853269477202",
          "hangar_id": "2341930",
          "sortering": "10",
          "organ_sortering": "10",
          "uppdrag_rollsortering": "60",
          "uppdrag_statussortering": "10"
        },
        {
          "organ_kod": "kam",
          "roll_kod": "Riksdagsledamot",
          "ordningsnummer": "128",
          "status": "Tjänstgörande",
          "typ": "kammaruppdrag",
          "from": "1988-10-03",
          "tom": "1991-09-30",
          "uppgift": "",
          "intressent_id": "0853269477202",
          "hangar_id": "2341930",
          "sortering": "10",
          "organ_sortering": "10",
          "uppdrag_rollsortering": "60",
          "uppdrag_statussortering": "10"
        },
        {
          "organ_kod": "kam",
          "roll_kod": "Riksdagsledamot",
          "ordningsnummer": "0",
          "status": "Tjänstgörande",
          "typ": "kammaruppdrag",
          "from": "1985-09-30",
          "tom": "1988-10-03",
          "uppgift": "",
          "intressent_id": "0853269477202",
          "hangar_id": "2341930",
          "sortering": "10",
          "organ_sortering": "10",
          "uppdrag_rollsortering": "60",
          "uppdrag_statussortering": "10"
        },
        {
          "organ_kod": "kam",
          "roll_kod": "Riksdagsledamot",
          "ordningsnummer": "0",
          "status": "Tjänstgörande",
          "typ": "kammaruppdrag",
          "from": "1982-10-04",
          "tom": "1985-09-30",
          "uppgift": "",
          "intressent_id": "0853269477202",
          "hangar_id": "2341930",
          "sortering": "10",
          "organ_sortering": "10",
          "uppdrag_rollsortering": "60",
          "uppdrag_statussortering": "10"
        },
        {
          "organ_kod": "kam",
          "roll_kod": "Riksdagsledamot",
          "ordningsnummer": "0",
          "status": "Tjänstgörande",
          "typ": "kammaruppdrag",
          "from": "1979-10-01",
          "tom": "1982-10-04",
          "uppgift": "",
          "intressent_id": "0853269477202",
          "hangar_id": "2341930",
          "sortering": "10",
          "organ_sortering": "10",
          "uppdrag_rollsortering": "60",
          "uppdrag_statussortering": "10"
        },
        {
          "organ_kod": "NU",
          "roll_kod": "Suppleant",
          "ordningsnummer": "0",
          "status": "",
          "typ": "uppdrag",
          "from": "1991-10-15",
          "tom": "1994-10-02",
          "uppgift": "Näringsutskottet",
          "intressent_id": "0853269477202",
          "hangar_id": "2341930",
          "sortering": "50",
          "organ_sortering": "150",
          "uppdrag_rollsortering": "90",
          "uppdrag_statussortering": "90"
        },
        {
          "organ_kod": "NU",
          "roll_kod": "Suppleant",
          "ordningsnummer": "0",
          "status": "",
          "typ": "uppdrag",
          "from": "1988-11-07",
          "tom": "1991-09-29",
          "uppgift": "Näringsutskottet",
          "intressent_id": "0853269477202",
          "hangar_id": "2341930",
          "sortering": "50",
          "organ_sortering": "150",
          "uppdrag_rollsortering": "90",
          "uppdrag_statussortering": "90"
        }
      ]
    },
    "personuppgift": {
      "uppgift": [
        {
          "kod": "en",
          "uppgift": "",
          "typ": "titlar",
          "intressent_id": "0853269477202",
          "hangar_id": "2341930"
        },
        {
          "kod": "sv",
          "uppgift": "lantbrukare",
          "typ": "titlar",
          "intressent_id": "0853269477202",
          "hangar_id": "2341930"
        }
      ]
    }
  }
}