{
  "person": {
    "hangar_guid": "f6194e96-66f7-42b6-bfce-24f16311c4fb",
    "sourceid": "b25b78e6-540a-4b6d-8a54-e365587df379",
    "intressent_id": "0603366539729",
    "hangar_id": "5043781",
    "fodd_ar": "1977",
    "kon": "kvinna",
    "efternamn": "Danielsson",
    "tilltalsnamn": "Malin",
    "sorteringsnamn": "Danielsson,Malin",
    "iort": "",
    "parti": "L",
    "valkrets": "Stockholms län",
    "status": "Tjänstgörande riksdagsledamot",
    "person_url_xml": "http://data.riksdagen.se/person/b25b78e6-540a-4b6d-8a54-e365587df379",
    "bild_url_80": "http://data.riksdagen.se/filarkiv/bilder/ledamot/b25b78e6-540a-4b6d-8a54-e365587df379_80.jpg",
    "bild_url_192": "http://data.riksdagen.se/filarkiv/bilder/ledamot/b25b78e6-540a-4b6d-8a54-e365587df379_192.jpg",
    "bild_url_max": "http://data.riksdagen.se/filarkiv/bilder/ledamot/b25b78e6-540a-4b6d-8a54-e365587df379_max.jpg",
    "personuppdrag": {
      "uppdrag": [
        {
          "organ_kod": "kam",
          "roll_kod": "Riksdagsledamot",
          "ordningsnummer": "112",
          "status": "Tjänstgörande",
          "typ": "kammaruppdrag",
          "from": "2020-02-01",
          "tom": "2022-09-26",
          "uppgift": "",
          "intressent_id": "0603366539729",
          "hangar_id": "5043781",
          "sortering": "10",
          "organ_sortering": "10",
          "uppdrag_rollsortering": "60",
          "uppdrag_statussortering": "10"
        },
        {
          "organ_kod": "AU",
          "roll_kod": "Ledamot",
          "ordningsnummer": "17",
          "status": "",
          "typ": "uppdrag",
          "from": "2020-02-07",
          "tom": "2022-09-26",
          "uppgift": "Arbetsmarknadsutskottet",
          "intressent_id": "0603366539729",
          "hangar_id": "5043781",
          "sortering": "30",
          "organ_sortering": "150",
          "uppdrag_rollsortering": "90",
          "uppdrag_statussortering": "90"
        },
        {
          "organ_kod": "CU",
          "roll_kod": "Suppleant",
          "ordningsnummer": "19",
          "status": "",
          "typ": "uppdrag",
          "from": "2020-02-07",
          "tom": "2022-09-26",
          "uppgift": "Civilutskottet",
          "intressent_id": "0603366539729",
          "hangar_id": "5043781",
          "sortering": "50",
          "organ_sortering": "150",
          "uppdrag_rollsortering": "90",
          "uppdrag_statussortering": "90"
        },
        {
          "organ_kod": "KrU",
          "roll_kod": "Suppleant",
          "ordningsnummer": "14",
          "status": "",
          "typ": "uppdrag",
          "from": "2020-02-07",
          "tom": "2022-09-26",
          "uppgift": "Kulturutskottet",
          "intressent_id": "0603366539729",
          "hangar_id": "5043781",
          "sortering": "50",
          "organ_sortering": "150",
          "uppdrag_rollsortering": "90",
          "uppdrag_statussortering": "90"
        }
      ]
    },
    "personuppgift": {
      "uppgift": {
        "kod": "Officiell e-postadress",
        "uppgift": "malin.danielsson[på]riksdagen.se",
        "typ": "eadress",
        "intressent_id": "0603366539729",
        "hangar_id": "5043781"
      }
    }
  }
}