{
  "person": {
    "hangar_guid": "6bbe69ba-9e4c-4ab0-a363-bd5e7262a267",
    "sourceid": "e0232c72-bb6d-46fb-b81d-d8ba83a43199",
    "intressent_id": "0188650698006",
    "hangar_id": "2341967",
    "fodd_ar": "1937",
    "kon": "kvinna",
    "efternamn": "Dannaeus",
    "tilltalsnamn": "Siri",
    "sorteringsnamn": "Dannaeus,Siri",
    "iort": "",
    "parti": "FP",
    "valkrets": "",
    "status": "Tidigare riksdagsledamot",
    "person_url_xml": "http://data.riksdagen.se/person/e0232c72-bb6d-46fb-b81d-d8ba83a43199",
    "bild_url_80": "http://data.riksdagen.se/filarkiv/bilder/ledamot/e0232c72-bb6d-46fb-b81d-d8ba83a43199_80.jpg",
    "bild_url_192": "http://data.riksdagen.se/filarkiv/bilder/ledamot/e0232c72-bb6d-46fb-b81d-d8ba83a43199_192.jpg",
    "bild_url_max": "http://data.riksdagen.se/filarkiv/bilder/ledamot/e0232c72-bb6d-46fb-b81d-d8ba83a43199_max.jpg",
    "personuppdrag": {
      "uppdrag": [
        {
          "organ_kod": "kam",
          "roll_kod": "Riksdagsledamot",
          "ordningsnummer": "82",
          "status": "Tjänstgörande",
          "typ": "kammaruppdrag",
          "from": "1996-02-26",
          "tom": "1998-10-05",
          "uppgift": "",
          "intressent_id": "0188650698006",
          "hangar_id": "2341967",
          "sortering": "10",
          "organ_sortering": "10",
          "uppdrag_rollsortering": "60",
          "uppdrag_statussortering": "10"
        },
        {
          "organ_kod": "AU",
          "roll_kod": "Suppleant",
          "ordningsnummer": "0",
          "status": "",
          "typ": "uppdrag",
          "from": "1996-03-27",
          "tom": "1998-10-04",
          "uppgift": "Arbetsmarknadsutskottet",
          "intressent_id": "0188650698006",
          "hangar_id": "2341967",
          "sortering": "50",
          "organ_sortering": "150",
          "uppdrag_rollsortering": "90",
          "uppdrag_statussortering": "90"
        },
        {
          "organ_kod": "UbU",
          "roll_kod": "Suppleant",
          "ordningsnummer": "0",
          "status": "",
          "typ": "uppdrag",
          "from": "1996-03-27",
          "tom": "1998-10-04",
          "uppgift": "Utbildningsutskottet",
          "intressent_id": "0188650698006",
          "hangar_id": "2341967",
          "sortering": "50",
          "organ_sortering": "150",
          "uppdrag_rollsortering": "90",
          "uppdrag_statussortering": "90"
        }
      ]
    },
    "personuppgift": {
      "uppgift": [
        {
          "kod": "sv",
          "uppgift": "lärare",
          "typ": "titlar",
          "intressent_id": "0188650698006",
          "hangar_id": "2341967"
        },
        {
          "kod": "en",
          "uppgift": "",
          "typ": "titlar",
          "intressent_id": "0188650698006",
          "hangar_id": "2341967"
        }
      ]
    }
  }
}