{
  "person": {
    "hangar_guid": "8c1a6aee-132a-4175-9382-8ba04a266765",
    "sourceid": "5ac9e5e4-c0db-43c2-9b27-3dbae4dd0ded",
    "intressent_id": "0395613047500",
    "hangar_id": "2342347",
    "fodd_ar": "1945",
    "kon": "kvinna",
    "efternamn": "Darell",
    "tilltalsnamn": "Linnéa",
    "sorteringsnamn": "Darell,Linnéa",
    "iort": "",
    "parti": "FP",
    "valkrets": "Östergötlands län",
    "status": "Tidigare riksdagsledamot",
    "person_url_xml": "http://data.riksdagen.se/person/5ac9e5e4-c0db-43c2-9b27-3dbae4dd0ded",
    "bild_url_80": "http://data.riksdagen.se/filarkiv/bilder/ledamot/5ac9e5e4-c0db-43c2-9b27-3dbae4dd0ded_80.jpg",
    "bild_url_192": "http://data.riksdagen.se/filarkiv/bilder/ledamot/5ac9e5e4-c0db-43c2-9b27-3dbae4dd0ded_192.jpg",
    "bild_url_max": "http://data.riksdagen.se/filarkiv/bilder/ledamot/5ac9e5e4-c0db-43c2-9b27-3dbae4dd0ded_max.jpg",
    "personuppdrag": {
      "uppdrag": [
        {
          "organ_kod": "kam",
          "roll_kod": "Riksdagsledamot",
          "ordningsnummer": "104",
          "status": "Tjänstgörande",
          "typ": "kammaruppdrag",
          "from": "2002-09-30",
          "tom": "2006-10-02",
          "uppgift": "",
          "intressent_id": "0395613047500",
          "hangar_id": "2342347",
          "sortering": "10",
          "organ_sortering": "10",
          "uppdrag_rollsortering": "60",
          "uppdrag_statussortering": "10"
        },
        {
          "organ_kod": "KD",
          "roll_kod": "Ledamot",
          "ordningsnummer": "0",
          "status": "",
          "typ": "Riksdagsorgan",
          "from": "2002-10-15",
          "tom": "2006-10-02",
          "uppgift": "Krigsdelegationen",
          "intressent_id": "0395613047500",
          "hangar_id": "2342347",
          "sortering": "30",
          "organ_sortering": "300",
          "uppdrag_rollsortering": "90",
          "uppdrag_statussortering": "90"
        },
        {
          "organ_kod": "RS",
          "roll_kod": "Suppleant",
          "ordningsnummer": "0",
          "status": "",
          "typ": "Riksdagsorgan",
          "from": "2002-10-08",
          "tom": "2003-09-22",
          "uppgift": "Riksdagsstyrelsen",
          "intressent_id": "0395613047500",
          "hangar_id": "2342347",
          "sortering": "50",
          "organ_sortering": "300",
          "uppdrag_rollsortering": "90",
          "uppdrag_statussortering": "90"
        },
        {
          "organ_kod": "SfU",
          "roll_kod": "Ledamot",
          "ordningsnummer": "0",
          "status": "",
          "typ": "uppdrag",
          "from": "2002-10-08",
          "tom": "2006-10-02",
          "uppgift": "Socialförsäkringsutskottet",
          "intressent_id": "0395613047500",
          "hangar_id": "2342347",
          "sortering": "30",
          "organ_sortering": "150",
          "uppdrag_rollsortering": "90",
          "uppdrag_statussortering": "90"
        },
        {
          "organ_kod": "SoU",
          "roll_kod": "Suppleant",
          "ordningsnummer": "0",
          "status": "",
          "typ": "uppdrag",
          "from": "2002-10-15",
          "tom": "2006-10-02",
          "uppgift": "Socialutskottet",
          "intressent_id": "0395613047500",
          "hangar_id": "2342347",
          "sortering": "50",
          "organ_sortering": "150",
          "uppdrag_rollsortering": "90",
          "uppdrag_statussortering": "90"
        }
      ]
    },
    "personuppgift": {
      "uppgift": [
        {
          "kod": "sv",
          "uppgift": "handläggare",
          "typ": "titlar",
          "intressent_id": "0395613047500",
          "hangar_id": "2342347"
        },
        {
          "kod": "en",
          "uppgift": "Administrative Officer",
          "typ": "titlar",
          "intressent_id": "0395613047500",
          "hangar_id": "2342347"
        }
      ]
    }
  }
}