{
  "person": {
    "hangar_guid": "c8fcef02-f162-4596-ad8d-024bc0317db9",
    "sourceid": "d7c323d1-83e4-11d4-ae60-0050040c9b55",
    "intressent_id": "0125165702713",
    "hangar_id": "2342683",
    "fodd_ar": "1951",
    "kon": "kvinna",
    "efternamn": "de Pourbaix-Lundin",
    "tilltalsnamn": "Marietta",
    "sorteringsnamn": "Pourbaix-Lundin,Marietta",
    "iort": "",
    "parti": "M",
    "valkrets": "Stockholms län",
    "status": "Tidigare riksdagsledamot",
    "person_url_xml": "http://data.riksdagen.se/person/d7c323d1-83e4-11d4-ae60-0050040c9b55",
    "bild_url_80": "http://data.riksdagen.se/filarkiv/bilder/ledamot/d7c323d1-83e4-11d4-ae60-0050040c9b55_80.jpg",
    "bild_url_192": "http://data.riksdagen.se/filarkiv/bilder/ledamot/d7c323d1-83e4-11d4-ae60-0050040c9b55_192.jpg",
    "bild_url_max": "http://data.riksdagen.se/filarkiv/bilder/ledamot/d7c323d1-83e4-11d4-ae60-0050040c9b55_max.jpg",
    "personuppdrag": {
      "uppdrag": [
        {
          "organ_kod": "kam",
          "roll_kod": "Riksdagsledamot",
          "ordningsnummer": "26",
          "status": "Tjänstgörande",
          "typ": "kammaruppdrag",
          "from": "2010-10-04",
          "tom": "2014-09-29",
          "uppgift": "",
          "intressent_id": "0125165702713",
          "hangar_id": "2342683",
          "sortering": "10",
          "organ_sortering": "10",
          "uppdrag_rollsortering": "60",
          "uppdrag_statussortering": "10"
        },
        {
          "organ_kod": "kam",
          "roll_kod": "Riksdagsledamot",
          "ordningsnummer": "83",
          "status": "Tjänstgörande",
          "typ": "kammaruppdrag",
          "from": "2006-10-02",
          "tom": "2010-10-04",
          "uppgift": "",
          "intressent_id": "0125165702713",
          "hangar_id": "2342683",
          "sortering": "10",
          "organ_sortering": "10",
          "uppdrag_rollsortering": "60",
          "uppdrag_statussortering": "10"
        },
        {
          "organ_kod": "kam",
          "roll_kod": "Riksdagsledamot",
          "ordningsnummer": "47",
          "status": "Tjänstgörande",
          "typ": "kammaruppdrag",
          "from": "2002-09-30",
          "tom": "2006-10-02",
          "uppgift": "",
          "intressent_id": "0125165702713",
          "hangar_id": "2342683",
          "sortering": "10",
          "organ_sortering": "10",
          "uppdrag_rollsortering": "60",
          "uppdrag_statussortering": "10"
        },
        {
          "organ_kod": "kam",
          "roll_kod": "Riksdagsledamot",
          "ordningsnummer": "53",
          "status": "Tjänstgörande",
          "typ": "kammaruppdrag",
          "from": "1998-10-05",
          "tom": "2002-09-30",
          "uppgift": "",
          "intressent_id": "0125165702713",
          "hangar_id": "2342683",
          "sortering": "10",
          "organ_sortering": "10",
          "uppdrag_rollsortering": "60",
          "uppdrag_statussortering": "10"
        },
        {
          "organ_kod": "kam",
          "roll_kod": "Riksdagsledamot",
          "ordningsnummer": "40",
          "status": "Tjänstgörande",
          "typ": "kammaruppdrag",
          "from": "1995-10-04",
          "tom": "1998-10-05",
          "uppgift": "",
          "intressent_id": "0125165702713",
          "hangar_id": "2342683",
          "sortering": "10",
          "organ_sortering": "10",
          "uppdrag_rollsortering": "60",
          "uppdrag_statussortering": "10"
        },
        {
          "organ_kod": "ER",
          "roll_kod": "Ordförande",
          "ordningsnummer": "1",
          "status": "",
          "typ": "Riksdagsorgan",
          "from": "2010-11-01",
          "tom": "2014-11-01",
          "uppgift": "Europarådets svenska delegation",
          "intressent_id": "0125165702713",
          "hangar_id": "2342683",
          "sortering": "10",
          "organ_sortering": "300",
          "uppdrag_rollsortering": "90",
          "uppdrag_statussortering": "90"
        },
        {
          "organ_kod": "ER",
          "roll_kod": "Ledamot",
          "ordningsnummer": "1",
          "status": "",
          "typ": "Riksdagsorgan",
          "from": "2010-11-01",
          "tom": "2010-11-01",
          "uppgift": "Europarådets svenska delegation",
          "intressent_id": "0125165702713",
          "hangar_id": "2342683",
          "sortering": "30",
          "organ_sortering": "300",
          "uppdrag_rollsortering": "90",
          "uppdrag_statussortering": "90"
        },
        {
          "organ_kod": "ER",
          "roll_kod": "Ledamot",
          "ordningsnummer": "3",
          "status": "",
          "typ": "Riksdagsorgan",
          "from": "2006-11-01",
          "tom": "2010-10-31",
          "uppgift": "Europarådets svenska delegation",
          "intressent_id": "0125165702713",
          "hangar_id": "2342683",
          "sortering": "30",
          "organ_sortering": "300",
          "uppdrag_rollsortering": "90",
          "uppdrag_statussortering": "90"
        },
        {
          "organ_kod": "VB",
          "roll_kod": "Suppleant",
          "ordningsnummer": "0",
          "status": "",
          "typ": "Riksdagsorgan",
          "from": "2002-11-14",
          "tom": "2006-10-02",
          "uppgift": "Valberedningen",
          "intressent_id": "0125165702713",
          "hangar_id": "2342683",
          "sortering": "50",
          "organ_sortering": "300",
          "uppdrag_rollsortering": "90",
          "uppdrag_statussortering": "90"
        },
        {
          "organ_kod": "KrU",
          "roll_kod": "Suppleant",
          "ordningsnummer": "21",
          "status": "",
          "typ": "uppdrag",
          "from": "2010-11-17",
          "tom": "2014-09-29",
          "uppgift": "Kulturutskottet",
          "intressent_id": "0125165702713",
          "hangar_id": "2342683",
          "sortering": "50",
          "organ_sortering": "150",
          "uppdrag_rollsortering": "90",
          "uppdrag_statussortering": "90"
        },
        {
          "organ_kod": "KrU",
          "roll_kod": "Suppleant",
          "ordningsnummer": "18",
          "status": "",
          "typ": "uppdrag",
          "from": "2006-10-24",
          "tom": "2010-10-04",
          "uppgift": "Kulturutskottet",
          "intressent_id": "0125165702713",
          "hangar_id": "2342683",
          "sortering": "50",
          "organ_sortering": "150",
          "uppdrag_rollsortering": "90",
          "uppdrag_statussortering": "90"
        },
        {
          "organ_kod": "SfU",
          "roll_kod": "Suppleant",
          "ordningsnummer": "0",
          "status": "",
          "typ": "uppdrag",
          "from": "1995-10-11",
          "tom": "1998-10-04",
          "uppgift": "Socialförsäkringsutskottet",
          "intressent_id": "0125165702713",
          "hangar_id": "2342683",
          "sortering": "50",
          "organ_sortering": "150",
          "uppdrag_rollsortering": "90",
          "uppdrag_statussortering": "90"
        },
        {
          "organ_kod": "SkU",
          "roll_kod": "Ledamot",
          "ordningsnummer": "0",
          "status": "",
          "typ": "uppdrag",
          "from": "1998-10-13",
          "tom": "2002-09-30",
          "uppgift": "Skatteutskottet",
          "intressent_id": "0125165702713",
          "hangar_id": "2342683",
          "sortering": "30",
          "organ_sortering": "150",
          "uppdrag_rollsortering": "90",
          "uppdrag_statussortering": "90"
        },
        {
          "organ_kod": "SoU",
          "roll_kod": "Suppleant",
          "ordningsnummer": "0",
          "status": "",
          "typ": "uppdrag",
          "from": "1998-10-20",
          "tom": "2002-09-30",
          "uppgift": "Socialutskottet",
          "intressent_id": "0125165702713",
          "hangar_id": "2342683",
          "sortering": "50",
          "organ_sortering": "150",
          "uppdrag_rollsortering": "90",
          "uppdrag_statussortering": "90"
        },
        {
          "organ_kod": "UU",
          "roll_kod": "Suppleant",
          "ordningsnummer": "5",
          "status": "",
          "typ": "uppdrag",
          "from": "2010-10-12",
          "tom": "2014-09-29",
          "uppgift": "Utrikesutskottet",
          "intressent_id": "0125165702713",
          "hangar_id": "2342683",
          "sortering": "50",
          "organ_sortering": "150",
          "uppdrag_rollsortering": "90",
          "uppdrag_statussortering": "90"
        },
        {
          "organ_kod": "UU",
          "roll_kod": "Suppleant",
          "ordningsnummer": "10",
          "status": "",
          "typ": "uppdrag",
          "from": "2006-10-10",
          "tom": "2010-10-04",
          "uppgift": "Utrikesutskottet",
          "intressent_id": "0125165702713",
          "hangar_id": "2342683",
          "sortering": "50",
          "organ_sortering": "150",
          "uppdrag_rollsortering": "90",
          "uppdrag_statussortering": "90"
        },
        {
          "organ_kod": "UFöU",
          "roll_kod": "Suppleant",
          "ordningsnummer": "13",
          "status": "",
          "typ": "uppdrag",
          "from": "2011-03-31",
          "tom": "2011-04-01",
          "uppgift": "Sammansatta utrikes- och försvarsutskottet",
          "intressent_id": "0125165702713",
          "hangar_id": "2342683",
          "sortering": "50",
          "organ_sortering": "160",
          "uppdrag_rollsortering": "90",
          "uppdrag_statussortering": "90"
        },
        {
          "organ_kod": "BoU",
          "roll_kod": "Ledamot",
          "ordningsnummer": "0",
          "status": "",
          "typ": "uppdrag",
          "from": "2002-10-08",
          "tom": "2006-10-02",
          "uppgift": "Bostadsutskottet",
          "intressent_id": "0125165702713",
          "hangar_id": "2342683",
          "sortering": "30",
          "organ_sortering": "165",
          "uppdrag_rollsortering": "90",
          "uppdrag_statussortering": "90"
        },
        {
          "organ_kod": "LU",
          "roll_kod": "Suppleant",
          "ordningsnummer": "0",
          "status": "",
          "typ": "uppdrag",
          "from": "1998-10-13",
          "tom": "2002-09-30",
          "uppgift": "Lagutskottet",
          "intressent_id": "0125165702713",
          "hangar_id": "2342683",
          "sortering": "50",
          "organ_sortering": "165",
          "uppdrag_rollsortering": "90",
          "uppdrag_statussortering": "90"
        },
        {
          "organ_kod": "LU",
          "roll_kod": "Suppleant",
          "ordningsnummer": "0",
          "status": "",
          "typ": "uppdrag",
          "from": "1995-10-11",
          "tom": "1998-10-04",
          "uppgift": "Lagutskottet",
          "intressent_id": "0125165702713",
          "hangar_id": "2342683",
          "sortering": "50",
          "organ_sortering": "165",
          "uppdrag_rollsortering": "90",
          "uppdrag_statussortering": "90"
        }
      ]
    },
    "personuppgift": {
      "uppgift": [
        {
          "kod": "sv",
          "uppgift": "Fil.kand. ",
          "typ": "titlar",
          "intressent_id": "0125165702713",
          "hangar_id": "2342683"
        },
        {
          "kod": "en",
          "uppgift": "BA",
          "typ": "titlar",
          "intressent_id": "0125165702713",
          "hangar_id": "2342683"
        }
      ]
    }
  }
}