{
  "person": {
    "hangar_guid": "402ddcad-4a95-4e17-9f3f-ede955506cb9",
    "sourceid": "a24b37a7-5e02-4540-8353-5cc28952dc86",
    "intressent_id": "0747488001814",
    "hangar_id": "2342942",
    "fodd_ar": "1956",
    "kon": "man",
    "efternamn": "Demir",
    "tilltalsnamn": "Hamza",
    "sorteringsnamn": "Demir,Hamza",
    "iort": "",
    "parti": "V",
    "valkrets": "Västra Götalands läns västra",
    "status": "Tidigare riksdagsledamot",
    "person_url_xml": "http://data.riksdagen.se/person/a24b37a7-5e02-4540-8353-5cc28952dc86",
    "bild_url_80": "http://data.riksdagen.se/filarkiv/bilder/ledamot/a24b37a7-5e02-4540-8353-5cc28952dc86_80.jpg",
    "bild_url_192": "http://data.riksdagen.se/filarkiv/bilder/ledamot/a24b37a7-5e02-4540-8353-5cc28952dc86_192.jpg",
    "bild_url_max": "http://data.riksdagen.se/filarkiv/bilder/ledamot/a24b37a7-5e02-4540-8353-5cc28952dc86_max.jpg",
    "personuppdrag": {
      "uppdrag": [
        {
          "organ_kod": "kam",
          "roll_kod": "Riksdagsledamot",
          "ordningsnummer": "98",
          "status": "Tjänstgörande",
          "typ": "kammaruppdrag",
          "from": "2017-11-01",
          "tom": "2018-09-24",
          "uppgift": "",
          "intressent_id": "0747488001814",
          "hangar_id": "2342942",
          "sortering": "10",
          "organ_sortering": "10",
          "uppdrag_rollsortering": "60",
          "uppdrag_statussortering": "10"
        },
        {
          "organ_kod": "CU",
          "roll_kod": "Suppleant",
          "ordningsnummer": "15",
          "status": "",
          "typ": "uppdrag",
          "from": "2017-11-09",
          "tom": "2018-09-24",
          "uppgift": "Civilutskottet",
          "intressent_id": "0747488001814",
          "hangar_id": "2342942",
          "sortering": "50",
          "organ_sortering": "150",
          "uppdrag_rollsortering": "90",
          "uppdrag_statussortering": "90"
        },
        {
          "organ_kod": "SoU",
          "roll_kod": "Suppleant",
          "ordningsnummer": "31",
          "status": "",
          "typ": "uppdrag",
          "from": "2017-11-24",
          "tom": "2018-09-24",
          "uppgift": "Socialutskottet",
          "intressent_id": "0747488001814",
          "hangar_id": "2342942",
          "sortering": "50",
          "organ_sortering": "150",
          "uppdrag_rollsortering": "90",
          "uppdrag_statussortering": "90"
        },
        {
          "organ_kod": "TU",
          "roll_kod": "Suppleant",
          "ordningsnummer": "21",
          "status": "",
          "typ": "uppdrag",
          "from": "2017-11-09",
          "tom": "2018-03-23",
          "uppgift": "Trafikutskottet",
          "intressent_id": "0747488001814",
          "hangar_id": "2342942",
          "sortering": "50",
          "organ_sortering": "150",
          "uppdrag_rollsortering": "90",
          "uppdrag_statussortering": "90"
        }
      ]
    },
    "personuppgift": {
      "uppgift": {
        "kod": "KandiderarINastaVal",
        "uppgift": "false",
        "typ": "val",
        "intressent_id": "0747488001814",
        "hangar_id": "2342942"
      }
    }
  }
}