{
  "person": {
    "hangar_guid": "df258452-ec6f-4944-bbd7-1e28fd9dce6e",
    "sourceid": "1e2ffe2c-59c6-4f5d-9c4d-e509f20324ce",
    "intressent_id": "0182190010218",
    "hangar_id": "2343207",
    "fodd_ar": "1962",
    "kon": "kvinna",
    "efternamn": "Dingizian",
    "tilltalsnamn": "Esabelle",
    "sorteringsnamn": "Dingizian,Esabelle",
    "iort": "",
    "parti": "MP",
    "valkrets": "Stockholms län",
    "status": "Tidigare riksdagsledamot",
    "person_url_xml": "http://data.riksdagen.se/person/1e2ffe2c-59c6-4f5d-9c4d-e509f20324ce",
    "bild_url_80": "http://data.riksdagen.se/filarkiv/bilder/ledamot/1e2ffe2c-59c6-4f5d-9c4d-e509f20324ce_80.jpg",
    "bild_url_192": "http://data.riksdagen.se/filarkiv/bilder/ledamot/1e2ffe2c-59c6-4f5d-9c4d-e509f20324ce_192.jpg",
    "bild_url_max": "http://data.riksdagen.se/filarkiv/bilder/ledamot/1e2ffe2c-59c6-4f5d-9c4d-e509f20324ce_max.jpg",
    "personuppdrag": {
      "uppdrag": [
        {
          "organ_kod": "kam",
          "roll_kod": "Riksdagsledamot",
          "ordningsnummer": "3",
          "status": "Tjänstgörande",
          "typ": "kammaruppdrag",
          "from": "2014-09-29",
          "tom": "2018-09-24",
          "uppgift": "",
          "intressent_id": "0182190010218",
          "hangar_id": "2343207",
          "sortering": "10",
          "organ_sortering": "10",
          "uppdrag_rollsortering": "60",
          "uppdrag_statussortering": "10"
        },
        {
          "organ_kod": "kam",
          "roll_kod": "Riksdagsledamot",
          "ordningsnummer": "210",
          "status": "Tjänstgörande",
          "typ": "kammaruppdrag",
          "from": "2010-10-04",
          "tom": "2014-09-29",
          "uppgift": "",
          "intressent_id": "0182190010218",
          "hangar_id": "2343207",
          "sortering": "10",
          "organ_sortering": "10",
          "uppdrag_rollsortering": "60",
          "uppdrag_statussortering": "10"
        },
        {
          "organ_kod": "kam",
          "roll_kod": "Riksdagsledamot",
          "ordningsnummer": "284",
          "status": "Tjänstgörande",
          "typ": "kammaruppdrag",
          "from": "2006-10-02",
          "tom": "2010-10-04",
          "uppgift": "",
          "intressent_id": "0182190010218",
          "hangar_id": "2343207",
          "sortering": "10",
          "organ_sortering": "10",
          "uppdrag_rollsortering": "60",
          "uppdrag_statussortering": "10"
        },
        {
          "organ_kod": "RB",
          "roll_kod": "Suppleant",
          "ordningsnummer": "10",
          "status": "",
          "typ": "Riksdagsorgan",
          "from": "2014-12-02",
          "tom": "2018-10-09",
          "uppgift": "Riksbanksfullmäktige",
          "intressent_id": "0182190010218",
          "hangar_id": "2343207",
          "sortering": "50",
          "organ_sortering": "300",
          "uppdrag_rollsortering": "90",
          "uppdrag_statussortering": "90"
        },
        {
          "organ_kod": "RJ",
          "roll_kod": "Ledamot",
          "ordningsnummer": "6",
          "status": "",
          "typ": "Riksdagsorgan",
          "from": "2014-11-01",
          "tom": "2018-09-24",
          "uppgift": "Styrelsen för Stiftelsen Riksbankens Jubileumsfond",
          "intressent_id": "0182190010218",
          "hangar_id": "2343207",
          "sortering": "30",
          "organ_sortering": "300",
          "uppdrag_rollsortering": "90",
          "uppdrag_statussortering": "90"
        },
        {
          "organ_kod": "VB",
          "roll_kod": "Ledamot",
          "ordningsnummer": "4",
          "status": "",
          "typ": "Riksdagsorgan",
          "from": "2014-09-29",
          "tom": "2018-09-24",
          "uppgift": "Valberedningen",
          "intressent_id": "0182190010218",
          "hangar_id": "2343207",
          "sortering": "30",
          "organ_sortering": "300",
          "uppdrag_rollsortering": "90",
          "uppdrag_statussortering": "90"
        },
        {
          "organ_kod": "VB",
          "roll_kod": "Suppleant",
          "ordningsnummer": "3",
          "status": "",
          "typ": "Riksdagsorgan",
          "from": "2011-09-27",
          "tom": "2014-09-29",
          "uppgift": "Valberedningen",
          "intressent_id": "0182190010218",
          "hangar_id": "2343207",
          "sortering": "50",
          "organ_sortering": "300",
          "uppdrag_rollsortering": "90",
          "uppdrag_statussortering": "90"
        },
        {
          "organ_kod": "VB",
          "roll_kod": "Suppleant",
          "ordningsnummer": "7",
          "status": "",
          "typ": "Riksdagsorgan",
          "from": "2006-10-02",
          "tom": "2010-10-04",
          "uppgift": "Valberedningen",
          "intressent_id": "0182190010218",
          "hangar_id": "2343207",
          "sortering": "50",
          "organ_sortering": "300",
          "uppdrag_rollsortering": "90",
          "uppdrag_statussortering": "90"
        },
        {
          "organ_kod": "kam",
          "roll_kod": "Tredje vice talman",
          "ordningsnummer": "40",
          "status": "",
          "typ": "talmansuppdrag",
          "from": "2014-09-29",
          "tom": "2018-09-24",
          "uppgift": "",
          "intressent_id": "0182190010218",
          "hangar_id": "2343207",
          "sortering": "20",
          "organ_sortering": "10",
          "uppdrag_rollsortering": "40",
          "uppdrag_statussortering": "90"
        },
        {
          "organ_kod": "AU",
          "roll_kod": "Suppleant",
          "ordningsnummer": "21",
          "status": "",
          "typ": "uppdrag",
          "from": "2014-10-14",
          "tom": "2015-03-19",
          "uppgift": "Arbetsmarknadsutskottet",
          "intressent_id": "0182190010218",
          "hangar_id": "2343207",
          "sortering": "50",
          "organ_sortering": "150",
          "uppdrag_rollsortering": "90",
          "uppdrag_statussortering": "90"
        },
        {
          "organ_kod": "AU",
          "roll_kod": "Suppleant",
          "ordningsnummer": "20",
          "status": "",
          "typ": "uppdrag",
          "from": "2010-10-19",
          "tom": "2014-09-29",
          "uppgift": "Arbetsmarknadsutskottet",
          "intressent_id": "0182190010218",
          "hangar_id": "2343207",
          "sortering": "50",
          "organ_sortering": "150",
          "uppdrag_rollsortering": "90",
          "uppdrag_statussortering": "90"
        },
        {
          "organ_kod": "AU",
          "roll_kod": "Suppleant",
          "ordningsnummer": "17",
          "status": "",
          "typ": "uppdrag",
          "from": "2006-10-10",
          "tom": "2010-10-04",
          "uppgift": "Arbetsmarknadsutskottet",
          "intressent_id": "0182190010218",
          "hangar_id": "2343207",
          "sortering": "50",
          "organ_sortering": "150",
          "uppdrag_rollsortering": "90",
          "uppdrag_statussortering": "90"
        },
        {
          "organ_kod": "FöU",
          "roll_kod": "Suppleant",
          "ordningsnummer": "14",
          "status": "",
          "typ": "uppdrag",
          "from": "2010-10-12",
          "tom": "2012-02-21",
          "uppgift": "Försvarsutskottet",
          "intressent_id": "0182190010218",
          "hangar_id": "2343207",
          "sortering": "50",
          "organ_sortering": "150",
          "uppdrag_rollsortering": "90",
          "uppdrag_statussortering": "90"
        },
        {
          "organ_kod": "JuU",
          "roll_kod": "Suppleant",
          "ordningsnummer": "0",
          "status": "",
          "typ": "uppdrag",
          "from": "2008-01-22",
          "tom": "2008-05-16",
          "uppgift": "Justitieutskottet",
          "intressent_id": "0182190010218",
          "hangar_id": "2343207",
          "sortering": "50",
          "organ_sortering": "150",
          "uppdrag_rollsortering": "90",
          "uppdrag_statussortering": "90"
        },
        {
          "organ_kod": "KrU",
          "roll_kod": "Ledamot",
          "ordningsnummer": "17",
          "status": "",
          "typ": "uppdrag",
          "from": "2006-10-10",
          "tom": "2010-10-04",
          "uppgift": "Kulturutskottet",
          "intressent_id": "0182190010218",
          "hangar_id": "2343207",
          "sortering": "30",
          "organ_sortering": "150",
          "uppdrag_rollsortering": "90",
          "uppdrag_statussortering": "90"
        },
        {
          "organ_kod": "NU",
          "roll_kod": "Suppleant",
          "ordningsnummer": "14",
          "status": "",
          "typ": "uppdrag",
          "from": "2011-11-07",
          "tom": "2014-09-29",
          "uppgift": "Näringsutskottet",
          "intressent_id": "0182190010218",
          "hangar_id": "2343207",
          "sortering": "50",
          "organ_sortering": "150",
          "uppdrag_rollsortering": "90",
          "uppdrag_statussortering": "90"
        },
        {
          "organ_kod": "UbU",
          "roll_kod": "Suppleant",
          "ordningsnummer": "12",
          "status": "",
          "typ": "uppdrag",
          "from": "2010-10-12",
          "tom": "2014-09-29",
          "uppgift": "Utbildningsutskottet",
          "intressent_id": "0182190010218",
          "hangar_id": "2343207",
          "sortering": "50",
          "organ_sortering": "150",
          "uppdrag_rollsortering": "90",
          "uppdrag_statussortering": "90"
        },
        {
          "organ_kod": "JuSoU",
          "roll_kod": "Deputerad",
          "ordningsnummer": "0",
          "status": "",
          "typ": "uppdrag",
          "from": "2008-01-29",
          "tom": "2008-05-07",
          "uppgift": "Sammansatta justitie- och socialutskottet",
          "intressent_id": "0182190010218",
          "hangar_id": "2343207",
          "sortering": "40",
          "organ_sortering": "160",
          "uppdrag_rollsortering": "90",
          "uppdrag_statussortering": "90"
        }
      ]
    },
    "personuppgift": {
      "uppgift": {
        "kod": "KandiderarINastaVal",
        "uppgift": "false",
        "typ": "val",
        "intressent_id": "0182190010218",
        "hangar_id": "2343207"
      }
    }
  }
}