{
  "person": {
    "hangar_guid": "1e81ce35-de79-4ffb-a90e-695bc3c2f9e2",
    "sourceid": "80e64711-52b4-4f3d-a112-02c289f8d5bc",
    "intressent_id": "0708340640717",
    "hangar_id": "2343188",
    "fodd_ar": "1962",
    "kon": "kvinna",
    "efternamn": "Domeij",
    "tilltalsnamn": "Åsa",
    "sorteringsnamn": "Domeij,Åsa",
    "iort": "",
    "parti": "MP",
    "valkrets": "Uppsala län",
    "status": "Tidigare riksdagsledamot",
    "person_url_xml": "http://data.riksdagen.se/person/80e64711-52b4-4f3d-a112-02c289f8d5bc",
    "bild_url_80": "http://data.riksdagen.se/filarkiv/bilder/ledamot/80e64711-52b4-4f3d-a112-02c289f8d5bc_80.jpg",
    "bild_url_192": "http://data.riksdagen.se/filarkiv/bilder/ledamot/80e64711-52b4-4f3d-a112-02c289f8d5bc_192.jpg",
    "bild_url_max": "http://data.riksdagen.se/filarkiv/bilder/ledamot/80e64711-52b4-4f3d-a112-02c289f8d5bc_max.jpg",
    "personuppdrag": {
      "uppdrag": [
        {
          "organ_kod": "kam",
          "roll_kod": "Riksdagsledamot",
          "ordningsnummer": "77",
          "status": "Tjänstgörande",
          "typ": "kammaruppdrag",
          "from": "2002-09-30",
          "tom": "2006-10-02",
          "uppgift": "",
          "intressent_id": "0708340640717",
          "hangar_id": "2343188",
          "sortering": "10",
          "organ_sortering": "10",
          "uppdrag_rollsortering": "60",
          "uppdrag_statussortering": "10"
        },
        {
          "organ_kod": "kam",
          "roll_kod": "Riksdagsledamot",
          "ordningsnummer": "29",
          "status": "Tjänstgörande",
          "typ": "kammaruppdrag",
          "from": "1988-10-03",
          "tom": "1991-09-30",
          "uppgift": "",
          "intressent_id": "0708340640717",
          "hangar_id": "2343188",
          "sortering": "10",
          "organ_sortering": "10",
          "uppdrag_rollsortering": "60",
          "uppdrag_statussortering": "10"
        },
        {
          "organ_kod": "FöU",
          "roll_kod": "Suppleant",
          "ordningsnummer": "0",
          "status": "",
          "typ": "uppdrag",
          "from": "2004-01-30",
          "tom": "2006-10-02",
          "uppgift": "Försvarsutskottet",
          "intressent_id": "0708340640717",
          "hangar_id": "2343188",
          "sortering": "50",
          "organ_sortering": "150",
          "uppdrag_rollsortering": "90",
          "uppdrag_statussortering": "90"
        },
        {
          "organ_kod": "MJU",
          "roll_kod": "Förste vice ordförande",
          "ordningsnummer": "0",
          "status": "",
          "typ": "uppdrag",
          "from": "2002-10-08",
          "tom": "2006-10-02",
          "uppgift": "Miljö- och jordbruksutskottet",
          "intressent_id": "0708340640717",
          "hangar_id": "2343188",
          "sortering": "15",
          "organ_sortering": "150",
          "uppdrag_rollsortering": "90",
          "uppdrag_statussortering": "90"
        },
        {
          "organ_kod": "MJU",
          "roll_kod": "Suppleant",
          "ordningsnummer": "0",
          "status": "",
          "typ": "uppdrag",
          "from": "1990-10-04",
          "tom": "1991-09-29",
          "uppgift": "Miljö- och jordbruksutskottet",
          "intressent_id": "0708340640717",
          "hangar_id": "2343188",
          "sortering": "50",
          "organ_sortering": "150",
          "uppdrag_rollsortering": "90",
          "uppdrag_statussortering": "90"
        },
        {
          "organ_kod": "MJU",
          "roll_kod": "Ledamot",
          "ordningsnummer": "0",
          "status": "",
          "typ": "uppdrag",
          "from": "1988-10-11",
          "tom": "1990-10-03",
          "uppgift": "Miljö- och jordbruksutskottet",
          "intressent_id": "0708340640717",
          "hangar_id": "2343188",
          "sortering": "30",
          "organ_sortering": "150",
          "uppdrag_rollsortering": "90",
          "uppdrag_statussortering": "90"
        },
        {
          "organ_kod": "SfU",
          "roll_kod": "Suppleant",
          "ordningsnummer": "0",
          "status": "",
          "typ": "uppdrag",
          "from": "2002-10-15",
          "tom": "2004-01-30",
          "uppgift": "Socialförsäkringsutskottet",
          "intressent_id": "0708340640717",
          "hangar_id": "2343188",
          "sortering": "50",
          "organ_sortering": "150",
          "uppdrag_rollsortering": "90",
          "uppdrag_statussortering": "90"
        },
        {
          "organ_kod": "SkU",
          "roll_kod": "Suppleant",
          "ordningsnummer": "0",
          "status": "",
          "typ": "uppdrag",
          "from": "2002-10-08",
          "tom": "2006-10-02",
          "uppgift": "Skatteutskottet",
          "intressent_id": "0708340640717",
          "hangar_id": "2343188",
          "sortering": "50",
          "organ_sortering": "150",
          "uppdrag_rollsortering": "90",
          "uppdrag_statussortering": "90"
        },
        {
          "organ_kod": "SkU",
          "roll_kod": "Suppleant",
          "ordningsnummer": "0",
          "status": "",
          "typ": "uppdrag",
          "from": "1988-10-11",
          "tom": "1991-09-29",
          "uppgift": "Skatteutskottet",
          "intressent_id": "0708340640717",
          "hangar_id": "2343188",
          "sortering": "50",
          "organ_sortering": "150",
          "uppdrag_rollsortering": "90",
          "uppdrag_statussortering": "90"
        },
        {
          "organ_kod": "TU",
          "roll_kod": "Suppleant",
          "ordningsnummer": "0",
          "status": "",
          "typ": "uppdrag",
          "from": "1990-10-03",
          "tom": "1991-09-29",
          "uppgift": "Trafikutskottet",
          "intressent_id": "0708340640717",
          "hangar_id": "2343188",
          "sortering": "50",
          "organ_sortering": "150",
          "uppdrag_rollsortering": "90",
          "uppdrag_statussortering": "90"
        }
      ]
    },
    "personuppgift": {
      "uppgift": [
        {
          "kod": "sv",
          "uppgift": "agronom",
          "typ": "titlar",
          "intressent_id": "0708340640717",
          "hangar_id": "2343188"
        },
        {
          "kod": "en",
          "uppgift": "Agriculturalist",
          "typ": "titlar",
          "intressent_id": "0708340640717",
          "hangar_id": "2343188"
        }
      ]
    }
  }
}