{
  "person": {
    "hangar_guid": "40a036e0-5b82-4441-b5e8-96e8e4928a85",
    "sourceid": "e8a2c04d-a186-421b-b1fd-a401f0917673",
    "intressent_id": "0604811710522",
    "hangar_id": "3057128",
    "fodd_ar": "1990",
    "kon": "kvinna",
    "efternamn": "Drougge",
    "tilltalsnamn": "Ida",
    "sorteringsnamn": "Drougge,Ida",
    "iort": "",
    "parti": "M",
    "valkrets": "Stockholms län",
    "status": "Tjänstgörande riksdagsledamot",
    "person_url_xml": "http://data.riksdagen.se/person/e8a2c04d-a186-421b-b1fd-a401f0917673",
    "bild_url_80": "http://data.riksdagen.se/filarkiv/bilder/ledamot/e8a2c04d-a186-421b-b1fd-a401f0917673_80.jpg",
    "bild_url_192": "http://data.riksdagen.se/filarkiv/bilder/ledamot/e8a2c04d-a186-421b-b1fd-a401f0917673_192.jpg",
    "bild_url_max": "http://data.riksdagen.se/filarkiv/bilder/ledamot/e8a2c04d-a186-421b-b1fd-a401f0917673_max.jpg",
    "personuppdrag": {
      "uppdrag": [
        {
          "organ_kod": "kam",
          "roll_kod": "Riksdagsledamot",
          "ordningsnummer": "175",
          "status": "Tjänstgörande",
          "typ": "kammaruppdrag",
          "from": "2019-09-10",
          "tom": "2022-09-26",
          "uppgift": "",
          "intressent_id": "0604811710522",
          "hangar_id": "3057128",
          "sortering": "10",
          "organ_sortering": "10",
          "uppdrag_rollsortering": "60",
          "uppdrag_statussortering": "10"
        },
        {
          "organ_kod": "kam",
          "roll_kod": "Riksdagsledamot",
          "ordningsnummer": "175",
          "status": "Ledig",
          "typ": "kammaruppdrag",
          "from": "2019-02-11",
          "tom": "2019-09-09",
          "uppgift": "Fredrik Schulte 2019-02-11 - 2019-07-01, Richard Herrey 2019-07-02 - 2019-09-09  Föräldraledighet",
          "intressent_id": "0604811710522",
          "hangar_id": "3057128",
          "sortering": "10",
          "organ_sortering": "10",
          "uppdrag_rollsortering": "60",
          "uppdrag_statussortering": "30"
        },
        {
          "organ_kod": "kam",
          "roll_kod": "Riksdagsledamot",
          "ordningsnummer": "175",
          "status": "Tjänstgörande",
          "typ": "kammaruppdrag",
          "from": "2018-09-24",
          "tom": "2019-02-10",
          "uppgift": "",
          "intressent_id": "0604811710522",
          "hangar_id": "3057128",
          "sortering": "10",
          "organ_sortering": "10",
          "uppdrag_rollsortering": "60",
          "uppdrag_statussortering": "10"
        },
        {
          "organ_kod": "kam",
          "roll_kod": "Riksdagsledamot",
          "ordningsnummer": "320",
          "status": "Tjänstgörande",
          "typ": "kammaruppdrag",
          "from": "2017-02-01",
          "tom": "2018-09-24",
          "uppgift": "",
          "intressent_id": "0604811710522",
          "hangar_id": "3057128",
          "sortering": "10",
          "organ_sortering": "10",
          "uppdrag_rollsortering": "60",
          "uppdrag_statussortering": "10"
        },
        {
          "organ_kod": "kam",
          "roll_kod": "Riksdagsledamot",
          "ordningsnummer": "320",
          "status": "Ledig",
          "typ": "kammaruppdrag",
          "from": "2016-08-01",
          "tom": "2017-01-31",
          "uppgift": "Alexandra Anstrell 2016-08-01 - 2017-01-31  Föräldraledighet",
          "intressent_id": "0604811710522",
          "hangar_id": "3057128",
          "sortering": "10",
          "organ_sortering": "10",
          "uppdrag_rollsortering": "60",
          "uppdrag_statussortering": "30"
        },
        {
          "organ_kod": "kam",
          "roll_kod": "Riksdagsledamot",
          "ordningsnummer": "320",
          "status": "Tjänstgörande",
          "typ": "kammaruppdrag",
          "from": "2014-09-29",
          "tom": "2016-07-31",
          "uppgift": "",
          "intressent_id": "0604811710522",
          "hangar_id": "3057128",
          "sortering": "10",
          "organ_sortering": "10",
          "uppdrag_rollsortering": "60",
          "uppdrag_statussortering": "10"
        },
        {
          "organ_kod": "CU",
          "roll_kod": "Suppleant",
          "ordningsnummer": "2",
          "status": "",
          "typ": "uppdrag",
          "from": "2020-01-29",
          "tom": "2022-09-26",
          "uppgift": "Civilutskottet",
          "intressent_id": "0604811710522",
          "hangar_id": "3057128",
          "sortering": "50",
          "organ_sortering": "150",
          "uppdrag_rollsortering": "90",
          "uppdrag_statussortering": "90"
        },
        {
          "organ_kod": "KU",
          "roll_kod": "Ledamot",
          "ordningsnummer": "9",
          "status": "",
          "typ": "uppdrag",
          "from": "2019-02-13",
          "tom": "2022-09-26",
          "uppgift": "Konstitutionsutskottet",
          "intressent_id": "0604811710522",
          "hangar_id": "3057128",
          "sortering": "30",
          "organ_sortering": "150",
          "uppdrag_rollsortering": "90",
          "uppdrag_statussortering": "90"
        },
        {
          "organ_kod": "KU",
          "roll_kod": "Ledamot",
          "ordningsnummer": "4",
          "status": "",
          "typ": "uppdrag",
          "from": "2018-10-02",
          "tom": "2019-02-12",
          "uppgift": "Konstitutionsutskottet",
          "intressent_id": "0604811710522",
          "hangar_id": "3057128",
          "sortering": "30",
          "organ_sortering": "150",
          "uppdrag_rollsortering": "90",
          "uppdrag_statussortering": "90"
        },
        {
          "organ_kod": "KU",
          "roll_kod": "Suppleant",
          "ordningsnummer": "27",
          "status": "",
          "typ": "uppdrag",
          "from": "2018-01-19",
          "tom": "2018-09-24",
          "uppgift": "Konstitutionsutskottet",
          "intressent_id": "0604811710522",
          "hangar_id": "3057128",
          "sortering": "50",
          "organ_sortering": "150",
          "uppdrag_rollsortering": "90",
          "uppdrag_statussortering": "90"
        },
        {
          "organ_kod": "UbU",
          "roll_kod": "Suppleant",
          "ordningsnummer": "4",
          "status": "",
          "typ": "uppdrag",
          "from": "2014-10-07",
          "tom": "2018-09-24",
          "uppgift": "Utbildningsutskottet",
          "intressent_id": "0604811710522",
          "hangar_id": "3057128",
          "sortering": "50",
          "organ_sortering": "150",
          "uppdrag_rollsortering": "90",
          "uppdrag_statussortering": "90"
        },
        {
          "organ_kod": "EUN",
          "roll_kod": "Suppleant",
          "ordningsnummer": "79",
          "status": "",
          "typ": "uppdrag",
          "from": "2020-01-29",
          "tom": "2022-09-26",
          "uppgift": "EU-nämnden",
          "intressent_id": "0604811710522",
          "hangar_id": "3057128",
          "sortering": "50",
          "organ_sortering": "170",
          "uppdrag_rollsortering": "90",
          "uppdrag_statussortering": "90"
        }
      ]
    },
    "personuppgift": {
      "uppgift": [
        {
          "kod": "Officiell e-postadress",
          "uppgift": "ida.drougge[på]riksdagen.se",
          "typ": "eadress",
          "intressent_id": "0604811710522",
          "hangar_id": "3057128"
        },
        {
          "kod": "Tjänstetelefon",
          "uppgift": "65448",
          "typ": "telefonnummer",
          "intressent_id": "0604811710522",
          "hangar_id": "3057128"
        },
        {
          "kod": "KandiderarINastaVal",
          "uppgift": "true",
          "typ": "val",
          "intressent_id": "0604811710522",
          "hangar_id": "3057128"
        }
      ]
    }
  }
}