{
  "person": {
    "hangar_guid": "0b70494a-412d-4fb5-82dd-4d8050f1c295",
    "sourceid": "e0b00a98-8e05-43f5-95ab-6c9cce1b8e22",
    "intressent_id": "0502609471907",
    "hangar_id": "2341880",
    "fodd_ar": "1935",
    "kon": "kvinna",
    "efternamn": "Edgren",
    "tilltalsnamn": "Margitta",
    "sorteringsnamn": "Edgren,Margitta",
    "iort": "",
    "parti": "FP",
    "valkrets": "",
    "status": "Tidigare riksdagsledamot",
    "person_url_xml": "http://data.riksdagen.se/person/e0b00a98-8e05-43f5-95ab-6c9cce1b8e22",
    "bild_url_80": "http://data.riksdagen.se/filarkiv/bilder/ledamot/e0b00a98-8e05-43f5-95ab-6c9cce1b8e22_80.jpg",
    "bild_url_192": "http://data.riksdagen.se/filarkiv/bilder/ledamot/e0b00a98-8e05-43f5-95ab-6c9cce1b8e22_192.jpg",
    "bild_url_max": "http://data.riksdagen.se/filarkiv/bilder/ledamot/e0b00a98-8e05-43f5-95ab-6c9cce1b8e22_max.jpg",
    "personuppdrag": {
      "uppdrag": [
        {
          "organ_kod": "kam",
          "roll_kod": "Riksdagsledamot",
          "ordningsnummer": "173",
          "status": "Tjänstgörande",
          "typ": "kammaruppdrag",
          "from": "1994-10-03",
          "tom": "1998-10-05",
          "uppgift": "",
          "intressent_id": "0502609471907",
          "hangar_id": "2341880",
          "sortering": "10",
          "organ_sortering": "10",
          "uppdrag_rollsortering": "60",
          "uppdrag_statussortering": "10"
        },
        {
          "organ_kod": "kam",
          "roll_kod": "Riksdagsledamot",
          "ordningsnummer": "163",
          "status": "Tjänstgörande",
          "typ": "kammaruppdrag",
          "from": "1991-09-30",
          "tom": "1994-10-03",
          "uppgift": "",
          "intressent_id": "0502609471907",
          "hangar_id": "2341880",
          "sortering": "10",
          "organ_sortering": "10",
          "uppdrag_rollsortering": "60",
          "uppdrag_statussortering": "10"
        },
        {
          "organ_kod": "kam",
          "roll_kod": "Riksdagsledamot",
          "ordningsnummer": "157",
          "status": "Tjänstgörande",
          "typ": "kammaruppdrag",
          "from": "1989-10-01",
          "tom": "1991-09-30",
          "uppgift": "",
          "intressent_id": "0502609471907",
          "hangar_id": "2341880",
          "sortering": "10",
          "organ_sortering": "10",
          "uppdrag_rollsortering": "60",
          "uppdrag_statussortering": "10"
        },
        {
          "organ_kod": "kam",
          "roll_kod": "Riksdagsledamot",
          "ordningsnummer": "0",
          "status": "Tjänstgörande",
          "typ": "kammaruppdrag",
          "from": "1985-09-30",
          "tom": "1988-10-03",
          "uppgift": "",
          "intressent_id": "0502609471907",
          "hangar_id": "2341880",
          "sortering": "10",
          "organ_sortering": "10",
          "uppdrag_rollsortering": "60",
          "uppdrag_statussortering": "10"
        },
        {
          "organ_kod": "NR",
          "roll_kod": "Suppleant",
          "ordningsnummer": "0",
          "status": "",
          "typ": "Riksdagsorgan",
          "from": "1997-12-01",
          "tom": "1998-10-05",
          "uppgift": "Nordiska rådets svenska delegation",
          "intressent_id": "0502609471907",
          "hangar_id": "2341880",
          "sortering": "50",
          "organ_sortering": "300",
          "uppdrag_rollsortering": "90",
          "uppdrag_statussortering": "90"
        },
        {
          "organ_kod": "VB",
          "roll_kod": "Suppleant",
          "ordningsnummer": "0",
          "status": "",
          "typ": "Riksdagsorgan",
          "from": "1989-11-13",
          "tom": "1998-10-05",
          "uppgift": "Valberedningen",
          "intressent_id": "0502609471907",
          "hangar_id": "2341880",
          "sortering": "50",
          "organ_sortering": "300",
          "uppdrag_rollsortering": "90",
          "uppdrag_statussortering": "90"
        },
        {
          "organ_kod": "FiU",
          "roll_kod": "Suppleant",
          "ordningsnummer": "0",
          "status": "",
          "typ": "uppdrag",
          "from": "1985-09-30",
          "tom": "1988-10-02",
          "uppgift": "Finansutskottet",
          "intressent_id": "0502609471907",
          "hangar_id": "2341880",
          "sortering": "50",
          "organ_sortering": "150",
          "uppdrag_rollsortering": "90",
          "uppdrag_statussortering": "90"
        },
        {
          "organ_kod": "KU",
          "roll_kod": "Ledamot",
          "ordningsnummer": "0",
          "status": "",
          "typ": "uppdrag",
          "from": "1998-01-01",
          "tom": "1998-10-04",
          "uppgift": "Konstitutionsutskottet",
          "intressent_id": "0502609471907",
          "hangar_id": "2341880",
          "sortering": "30",
          "organ_sortering": "150",
          "uppdrag_rollsortering": "90",
          "uppdrag_statussortering": "90"
        },
        {
          "organ_kod": "KU",
          "roll_kod": "Suppleant",
          "ordningsnummer": "0",
          "status": "",
          "typ": "uppdrag",
          "from": "1994-10-11",
          "tom": "1997-12-31",
          "uppgift": "Konstitutionsutskottet",
          "intressent_id": "0502609471907",
          "hangar_id": "2341880",
          "sortering": "50",
          "organ_sortering": "150",
          "uppdrag_rollsortering": "90",
          "uppdrag_statussortering": "90"
        },
        {
          "organ_kod": "KU",
          "roll_kod": "Suppleant",
          "ordningsnummer": "0",
          "status": "",
          "typ": "uppdrag",
          "from": "1985-09-30",
          "tom": "1988-10-02",
          "uppgift": "Konstitutionsutskottet",
          "intressent_id": "0502609471907",
          "hangar_id": "2341880",
          "sortering": "50",
          "organ_sortering": "150",
          "uppdrag_rollsortering": "90",
          "uppdrag_statussortering": "90"
        },
        {
          "organ_kod": "UbU",
          "roll_kod": "Ledamot",
          "ordningsnummer": "0",
          "status": "",
          "typ": "uppdrag",
          "from": "1994-10-11",
          "tom": "1997-12-31",
          "uppgift": "Utbildningsutskottet",
          "intressent_id": "0502609471907",
          "hangar_id": "2341880",
          "sortering": "30",
          "organ_sortering": "150",
          "uppdrag_rollsortering": "90",
          "uppdrag_statussortering": "90"
        },
        {
          "organ_kod": "UbU",
          "roll_kod": "Ledamot",
          "ordningsnummer": "0",
          "status": "",
          "typ": "uppdrag",
          "from": "1991-10-08",
          "tom": "1994-10-02",
          "uppgift": "Utbildningsutskottet",
          "intressent_id": "0502609471907",
          "hangar_id": "2341880",
          "sortering": "30",
          "organ_sortering": "150",
          "uppdrag_rollsortering": "90",
          "uppdrag_statussortering": "90"
        },
        {
          "organ_kod": "UbU",
          "roll_kod": "Suppleant",
          "ordningsnummer": "0",
          "status": "",
          "typ": "uppdrag",
          "from": "1989-10-04",
          "tom": "1991-09-29",
          "uppgift": "Utbildningsutskottet",
          "intressent_id": "0502609471907",
          "hangar_id": "2341880",
          "sortering": "50",
          "organ_sortering": "150",
          "uppdrag_rollsortering": "90",
          "uppdrag_statussortering": "90"
        }
      ]
    },
    "personuppgift": {
      "uppgift": [
        {
          "kod": "sv",
          "uppgift": "förlagschef",
          "typ": "titlar",
          "intressent_id": "0502609471907",
          "hangar_id": "2341880"
        },
        {
          "kod": "en",
          "uppgift": "",
          "typ": "titlar",
          "intressent_id": "0502609471907",
          "hangar_id": "2341880"
        }
      ]
    }
  }
}