{
  "person": {
    "hangar_guid": "df52be55-e591-4976-96e5-fd35fbaabf47",
    "sourceid": "9d81f578-88a9-4e1a-b734-77409a25736a",
    "intressent_id": "0376461485627",
    "hangar_id": "5003923",
    "fodd_ar": "1989",
    "kon": "man",
    "efternamn": "Edin",
    "tilltalsnamn": "Henrik",
    "sorteringsnamn": "Edin,Henrik",
    "iort": "",
    "parti": "L",
    "valkrets": "Göteborgs kommun",
    "status": "Tillgänglig ersättare",
    "person_url_xml": "http://data.riksdagen.se/person/9d81f578-88a9-4e1a-b734-77409a25736a",
    "bild_url_80": "http://data.riksdagen.se/filarkiv/bilder/ledamot/9d81f578-88a9-4e1a-b734-77409a25736a_80.jpg",
    "bild_url_192": "http://data.riksdagen.se/filarkiv/bilder/ledamot/9d81f578-88a9-4e1a-b734-77409a25736a_192.jpg",
    "bild_url_max": "http://data.riksdagen.se/filarkiv/bilder/ledamot/9d81f578-88a9-4e1a-b734-77409a25736a_max.jpg",
    "personuppdrag": {
      "uppdrag": [
        {
          "organ_kod": "kam",
          "roll_kod": "Ersättare",
          "ordningsnummer": "191",
          "status": "Ersättare",
          "typ": "kammaruppdrag",
          "from": "2019-03-13",
          "tom": "2019-05-16",
          "uppgift": "Robert Hannah",
          "intressent_id": "0376461485627",
          "hangar_id": "5003923",
          "sortering": "45",
          "organ_sortering": "10",
          "uppdrag_rollsortering": "60",
          "uppdrag_statussortering": "20"
        },
        {
          "organ_kod": "AU",
          "roll_kod": "Extra suppleant",
          "ordningsnummer": "0",
          "status": "",
          "typ": "uppdrag",
          "from": "2019-03-13",
          "tom": "2019-05-16",
          "uppgift": "Arbetsmarknadsutskottet",
          "intressent_id": "0376461485627",
          "hangar_id": "5003923",
          "sortering": "55",
          "organ_sortering": "150",
          "uppdrag_rollsortering": "90",
          "uppdrag_statussortering": "90"
        },
        {
          "organ_kod": "CU",
          "roll_kod": "Extra suppleant",
          "ordningsnummer": "0",
          "status": "",
          "typ": "uppdrag",
          "from": "2019-03-13",
          "tom": "2019-05-16",
          "uppgift": "Civilutskottet",
          "intressent_id": "0376461485627",
          "hangar_id": "5003923",
          "sortering": "55",
          "organ_sortering": "150",
          "uppdrag_rollsortering": "90",
          "uppdrag_statussortering": "90"
        },
        {
          "organ_kod": "JuU",
          "roll_kod": "Extra suppleant",
          "ordningsnummer": "0",
          "status": "",
          "typ": "uppdrag",
          "from": "2019-03-13",
          "tom": "2019-05-16",
          "uppgift": "Justitieutskottet",
          "intressent_id": "0376461485627",
          "hangar_id": "5003923",
          "sortering": "55",
          "organ_sortering": "150",
          "uppdrag_rollsortering": "90",
          "uppdrag_statussortering": "90"
        },
        {
          "organ_kod": "TU",
          "roll_kod": "Extra suppleant",
          "ordningsnummer": "0",
          "status": "",
          "typ": "uppdrag",
          "from": "2019-03-13",
          "tom": "2019-05-16",
          "uppgift": "Trafikutskottet",
          "intressent_id": "0376461485627",
          "hangar_id": "5003923",
          "sortering": "55",
          "organ_sortering": "150",
          "uppdrag_rollsortering": "90",
          "uppdrag_statussortering": "90"
        },
        {
          "organ_kod": "UbU",
          "roll_kod": "Extra suppleant",
          "ordningsnummer": "0",
          "status": "",
          "typ": "uppdrag",
          "from": "2019-03-13",
          "tom": "2019-05-16",
          "uppgift": "Utbildningsutskottet",
          "intressent_id": "0376461485627",
          "hangar_id": "5003923",
          "sortering": "55",
          "organ_sortering": "150",
          "uppdrag_rollsortering": "90",
          "uppdrag_statussortering": "90"
        },
        {
          "organ_kod": "UU",
          "roll_kod": "Extra suppleant",
          "ordningsnummer": "0",
          "status": "",
          "typ": "uppdrag",
          "from": "2019-03-13",
          "tom": "2019-05-16",
          "uppgift": "Utrikesutskottet",
          "intressent_id": "0376461485627",
          "hangar_id": "5003923",
          "sortering": "55",
          "organ_sortering": "150",
          "uppdrag_rollsortering": "90",
          "uppdrag_statussortering": "90"
        }
      ]
    },
    "personuppgift": ""
  }
}