{
  "person": {
    "hangar_guid": "cdcc0556-ac7b-48df-95e7-4dc79ad33081",
    "sourceid": "e82c1f92-231c-42ac-900c-bd2b84f8d34c",
    "intressent_id": "",
    "hangar_id": "4788784",
    "fodd_ar": "0",
    "kon": "man",
    "efternamn": "Egardt",
    "tilltalsnamn": "Peter",
    "sorteringsnamn": "Egardt,Peter",
    "iort": "",
    "parti": "",
    "valkrets": "",
    "status": "Ledamot i Riksdagens arvodesnämnd",
    "person_url_xml": "http://data.riksdagen.se/person/e82c1f92-231c-42ac-900c-bd2b84f8d34c",
    "bild_url_80": "http://data.riksdagen.se/filarkiv/bilder/ledamot/e82c1f92-231c-42ac-900c-bd2b84f8d34c_80.jpg",
    "bild_url_192": "http://data.riksdagen.se/filarkiv/bilder/ledamot/e82c1f92-231c-42ac-900c-bd2b84f8d34c_192.jpg",
    "bild_url_max": "http://data.riksdagen.se/filarkiv/bilder/ledamot/e82c1f92-231c-42ac-900c-bd2b84f8d34c_max.jpg",
    "personuppdrag": {
      "uppdrag": [
        {
          "organ_kod": "RAR",
          "roll_kod": "Ledamot",
          "ordningsnummer": "4",
          "status": "",
          "typ": "Riksdagsorgan",
          "from": "2018-11-28",
          "tom": "2022-11-28",
          "uppgift": "Riksdagens arvodesnämnd",
          "intressent_id": "",
          "hangar_id": "4788784",
          "sortering": "30",
          "organ_sortering": "300",
          "uppdrag_rollsortering": "90",
          "uppdrag_statussortering": "90"
        },
        {
          "organ_kod": "RAR",
          "roll_kod": "Ledamot",
          "ordningsnummer": "2",
          "status": "",
          "typ": "Riksdagsorgan",
          "from": "2016-12-09",
          "tom": "2018-11-28",
          "uppgift": "Riksdagens arvodesnämnd",
          "intressent_id": "",
          "hangar_id": "4788784",
          "sortering": "30",
          "organ_sortering": "300",
          "uppdrag_rollsortering": "90",
          "uppdrag_statussortering": "90"
        },
        {
          "organ_kod": "RAR",
          "roll_kod": "Ledamot",
          "ordningsnummer": "2",
          "status": "",
          "typ": "Riksdagsorgan",
          "from": "2013-01-01",
          "tom": "2016-12-09",
          "uppgift": "Riksdagens arvodesnämnd",
          "intressent_id": "",
          "hangar_id": "4788784",
          "sortering": "30",
          "organ_sortering": "300",
          "uppdrag_rollsortering": "90",
          "uppdrag_statussortering": "90"
        },
        {
          "organ_kod": "RB",
          "roll_kod": "Ledamot",
          "ordningsnummer": "4",
          "status": "",
          "typ": "Riksdagsorgan",
          "from": "2014-10-14",
          "tom": "2018-10-09",
          "uppgift": "Riksbanksfullmäktige",
          "intressent_id": "",
          "hangar_id": "4788784",
          "sortering": "30",
          "organ_sortering": "300",
          "uppdrag_rollsortering": "90",
          "uppdrag_statussortering": "90"
        },
        {
          "organ_kod": "RB",
          "roll_kod": "Ledamot",
          "ordningsnummer": "3",
          "status": "",
          "typ": "Riksdagsorgan",
          "from": "2010-10-19",
          "tom": "2014-10-14",
          "uppgift": "Riksbanksfullmäktige",
          "intressent_id": "",
          "hangar_id": "4788784",
          "sortering": "30",
          "organ_sortering": "300",
          "uppdrag_rollsortering": "90",
          "uppdrag_statussortering": "90"
        },
        {
          "organ_kod": "RB",
          "roll_kod": "Ledamot",
          "ordningsnummer": "4",
          "status": "",
          "typ": "Riksdagsorgan",
          "from": "2002-10-15",
          "tom": "2010-10-19",
          "uppgift": "Riksbanksfullmäktige",
          "intressent_id": "",
          "hangar_id": "4788784",
          "sortering": "30",
          "organ_sortering": "300",
          "uppdrag_rollsortering": "90",
          "uppdrag_statussortering": "90"
        }
      ]
    },
    "personuppgift": ""
  }
}