{
  "person": {
    "hangar_guid": "50217bb7-431b-481c-9e4d-a2b7a86e7b88",
    "sourceid": "d7c31f2c-83e4-11d4-ae60-0050040c9b55",
    "intressent_id": "0560770565308",
    "hangar_id": "2341980",
    "fodd_ar": "1937",
    "kon": "man",
    "efternamn": "Egervärn",
    "tilltalsnamn": "Erik Arthur",
    "sorteringsnamn": "Egervärn,Erik Arthur",
    "iort": "",
    "parti": "C",
    "valkrets": "",
    "status": "Tidigare riksdagsledamot",
    "person_url_xml": "http://data.riksdagen.se/person/d7c31f2c-83e4-11d4-ae60-0050040c9b55",
    "bild_url_80": "http://data.riksdagen.se/filarkiv/bilder/ledamot/d7c31f2c-83e4-11d4-ae60-0050040c9b55_80.jpg",
    "bild_url_192": "http://data.riksdagen.se/filarkiv/bilder/ledamot/d7c31f2c-83e4-11d4-ae60-0050040c9b55_192.jpg",
    "bild_url_max": "http://data.riksdagen.se/filarkiv/bilder/ledamot/d7c31f2c-83e4-11d4-ae60-0050040c9b55_max.jpg",
    "personuppdrag": {
      "uppdrag": [
        {
          "organ_kod": "kam",
          "roll_kod": "Riksdagsledamot",
          "ordningsnummer": "326",
          "status": "Tjänstgörande",
          "typ": "kammaruppdrag",
          "from": "1998-10-05",
          "tom": "2002-09-30",
          "uppgift": "",
          "intressent_id": "0560770565308",
          "hangar_id": "2341980",
          "sortering": "10",
          "organ_sortering": "10",
          "uppdrag_rollsortering": "60",
          "uppdrag_statussortering": "10"
        },
        {
          "organ_kod": "kam",
          "roll_kod": "Riksdagsledamot",
          "ordningsnummer": "326",
          "status": "Tjänstgörande",
          "typ": "kammaruppdrag",
          "from": "1994-10-03",
          "tom": "1998-10-05",
          "uppgift": "",
          "intressent_id": "0560770565308",
          "hangar_id": "2341980",
          "sortering": "10",
          "organ_sortering": "10",
          "uppdrag_rollsortering": "60",
          "uppdrag_statussortering": "10"
        },
        {
          "organ_kod": "kam",
          "roll_kod": "Ersättare",
          "ordningsnummer": "328",
          "status": "Ersättare",
          "typ": "kammaruppdrag",
          "from": "1992-10-15",
          "tom": "1992-11-19",
          "uppgift": "Stina Eliasson",
          "intressent_id": "0560770565308",
          "hangar_id": "2341980",
          "sortering": "45",
          "organ_sortering": "10",
          "uppdrag_rollsortering": "60",
          "uppdrag_statussortering": "20"
        },
        {
          "organ_kod": "kam",
          "roll_kod": "Riksdagsledamot",
          "ordningsnummer": "0",
          "status": "Tjänstgörande",
          "typ": "kammaruppdrag",
          "from": "1982-04-19",
          "tom": "1982-05-19",
          "uppgift": "",
          "intressent_id": "0560770565308",
          "hangar_id": "2341980",
          "sortering": "10",
          "organ_sortering": "10",
          "uppdrag_rollsortering": "60",
          "uppdrag_statussortering": "10"
        },
        {
          "organ_kod": "kam",
          "roll_kod": "Riksdagsledamot",
          "ordningsnummer": "0",
          "status": "Tjänstgörande",
          "typ": "kammaruppdrag",
          "from": "1981-11-01",
          "tom": "1981-11-30",
          "uppgift": "",
          "intressent_id": "0560770565308",
          "hangar_id": "2341980",
          "sortering": "10",
          "organ_sortering": "10",
          "uppdrag_rollsortering": "60",
          "uppdrag_statussortering": "10"
        },
        {
          "organ_kod": "kam",
          "roll_kod": "Riksdagsledamot",
          "ordningsnummer": "0",
          "status": "Tjänstgörande",
          "typ": "kammaruppdrag",
          "from": "1981-03-10",
          "tom": "1981-04-10",
          "uppgift": "",
          "intressent_id": "0560770565308",
          "hangar_id": "2341980",
          "sortering": "10",
          "organ_sortering": "10",
          "uppdrag_rollsortering": "60",
          "uppdrag_statussortering": "10"
        },
        {
          "organ_kod": "FöU",
          "roll_kod": "Ledamot",
          "ordningsnummer": "0",
          "status": "",
          "typ": "uppdrag",
          "from": "1998-10-13",
          "tom": "2002-09-30",
          "uppgift": "Försvarsutskottet",
          "intressent_id": "0560770565308",
          "hangar_id": "2341980",
          "sortering": "30",
          "organ_sortering": "150",
          "uppdrag_rollsortering": "90",
          "uppdrag_statussortering": "90"
        },
        {
          "organ_kod": "FöU",
          "roll_kod": "Suppleant",
          "ordningsnummer": "0",
          "status": "",
          "typ": "uppdrag",
          "from": "1994-10-11",
          "tom": "1998-10-04",
          "uppgift": "Försvarsutskottet",
          "intressent_id": "0560770565308",
          "hangar_id": "2341980",
          "sortering": "50",
          "organ_sortering": "150",
          "uppdrag_rollsortering": "90",
          "uppdrag_statussortering": "90"
        },
        {
          "organ_kod": "KrU",
          "roll_kod": "Suppleant",
          "ordningsnummer": "0",
          "status": "",
          "typ": "uppdrag",
          "from": "1998-10-13",
          "tom": "2002-09-30",
          "uppgift": "Kulturutskottet",
          "intressent_id": "0560770565308",
          "hangar_id": "2341980",
          "sortering": "50",
          "organ_sortering": "150",
          "uppdrag_rollsortering": "90",
          "uppdrag_statussortering": "90"
        },
        {
          "organ_kod": "KrU",
          "roll_kod": "Suppleant",
          "ordningsnummer": "0",
          "status": "",
          "typ": "uppdrag",
          "from": "1994-10-11",
          "tom": "1998-10-04",
          "uppgift": "Kulturutskottet",
          "intressent_id": "0560770565308",
          "hangar_id": "2341980",
          "sortering": "50",
          "organ_sortering": "150",
          "uppdrag_rollsortering": "90",
          "uppdrag_statussortering": "90"
        },
        {
          "organ_kod": "KrU",
          "roll_kod": "Suppleant",
          "ordningsnummer": "0",
          "status": "",
          "typ": "uppdrag",
          "from": "1992-10-15",
          "tom": "1992-11-19",
          "uppgift": "Kulturutskottet",
          "intressent_id": "0560770565308",
          "hangar_id": "2341980",
          "sortering": "50",
          "organ_sortering": "150",
          "uppdrag_rollsortering": "90",
          "uppdrag_statussortering": "90"
        },
        {
          "organ_kod": "UbU",
          "roll_kod": "Suppleant",
          "ordningsnummer": "0",
          "status": "",
          "typ": "uppdrag",
          "from": "1998-10-05",
          "tom": "2002-09-30",
          "uppgift": "Utbildningsutskottet",
          "intressent_id": "0560770565308",
          "hangar_id": "2341980",
          "sortering": "50",
          "organ_sortering": "150",
          "uppdrag_rollsortering": "90",
          "uppdrag_statussortering": "90"
        },
        {
          "organ_kod": "UbU",
          "roll_kod": "Suppleant",
          "ordningsnummer": "0",
          "status": "",
          "typ": "uppdrag",
          "from": "1998-12-18",
          "tom": "2002-09-29",
          "uppgift": "Utbildningsutskottet",
          "intressent_id": "0560770565308",
          "hangar_id": "2341980",
          "sortering": "50",
          "organ_sortering": "150",
          "uppdrag_rollsortering": "90",
          "uppdrag_statussortering": "90"
        },
        {
          "organ_kod": "UFöU",
          "roll_kod": "Suppleant",
          "ordningsnummer": "0",
          "status": "",
          "typ": "uppdrag",
          "from": "1998-10-05",
          "tom": "2002-09-30",
          "uppgift": "Sammansatta utrikes- och försvarsutskottet",
          "intressent_id": "0560770565308",
          "hangar_id": "2341980",
          "sortering": "50",
          "organ_sortering": "160",
          "uppdrag_rollsortering": "90",
          "uppdrag_statussortering": "90"
        },
        {
          "organ_kod": "UFöU",
          "roll_kod": "Suppleant",
          "ordningsnummer": "0",
          "status": "",
          "typ": "uppdrag",
          "from": "2002-05-31",
          "tom": "2002-06-12",
          "uppgift": "Sammansatta utrikes- och försvarsutskottet",
          "intressent_id": "0560770565308",
          "hangar_id": "2341980",
          "sortering": "50",
          "organ_sortering": "160",
          "uppdrag_rollsortering": "90",
          "uppdrag_statussortering": "90"
        },
        {
          "organ_kod": "UFöU",
          "roll_kod": "Suppleant",
          "ordningsnummer": "0",
          "status": "",
          "typ": "uppdrag",
          "from": "2002-01-17",
          "tom": "2002-01-18",
          "uppgift": "Sammansatta utrikes- och försvarsutskottet",
          "intressent_id": "0560770565308",
          "hangar_id": "2341980",
          "sortering": "50",
          "organ_sortering": "160",
          "uppdrag_rollsortering": "90",
          "uppdrag_statussortering": "90"
        },
        {
          "organ_kod": "UFöU",
          "roll_kod": "Suppleant",
          "ordningsnummer": "0",
          "status": "",
          "typ": "uppdrag",
          "from": "1999-03-23",
          "tom": "1999-09-13",
          "uppgift": "Sammansatta utrikes- och försvarsutskottet",
          "intressent_id": "0560770565308",
          "hangar_id": "2341980",
          "sortering": "50",
          "organ_sortering": "160",
          "uppdrag_rollsortering": "90",
          "uppdrag_statussortering": "90"
        },
        {
          "organ_kod": "UFöU",
          "roll_kod": "Suppleant",
          "ordningsnummer": "0",
          "status": "",
          "typ": "uppdrag",
          "from": "1996-10-21",
          "tom": "1996-11-20",
          "uppgift": "Sammansatta utrikes- och försvarsutskottet",
          "intressent_id": "0560770565308",
          "hangar_id": "2341980",
          "sortering": "50",
          "organ_sortering": "160",
          "uppdrag_rollsortering": "90",
          "uppdrag_statussortering": "90"
        },
        {
          "organ_kod": "LU",
          "roll_kod": "Suppleant",
          "ordningsnummer": "0",
          "status": "",
          "typ": "uppdrag",
          "from": "1992-10-15",
          "tom": "1992-11-19",
          "uppgift": "Lagutskottet",
          "intressent_id": "0560770565308",
          "hangar_id": "2341980",
          "sortering": "50",
          "organ_sortering": "165",
          "uppdrag_rollsortering": "90",
          "uppdrag_statussortering": "90"
        }
      ]
    },
    "personuppgift": {
      "uppgift": [
        {
          "kod": "sv",
          "uppgift": "fil.kand.,adjunkt",
          "typ": "titlar",
          "intressent_id": "0560770565308",
          "hangar_id": "2341980"
        },
        {
          "kod": "en",
          "uppgift": "BA, Secondary School Teacher",
          "typ": "titlar",
          "intressent_id": "0560770565308",
          "hangar_id": "2341980"
        }
      ]
    }
  }
}