{
  "person": {
    "hangar_guid": "d4a8468c-9471-475a-bbd4-fecd7391d211",
    "sourceid": "d7c324ea-83e4-11d4-ae60-0050040c9b55",
    "intressent_id": "0548089226618",
    "hangar_id": "2343095",
    "fodd_ar": "1960",
    "kon": "man",
    "efternamn": "Einarsson",
    "tilltalsnamn": "Mats",
    "sorteringsnamn": "Einarsson,Mats",
    "iort": "",
    "parti": "V",
    "valkrets": "Stockholms kommun",
    "status": "Tidigare riksdagsledamot",
    "person_url_xml": "http://data.riksdagen.se/person/d7c324ea-83e4-11d4-ae60-0050040c9b55",
    "bild_url_80": "http://data.riksdagen.se/filarkiv/bilder/ledamot/d7c324ea-83e4-11d4-ae60-0050040c9b55_80.jpg",
    "bild_url_192": "http://data.riksdagen.se/filarkiv/bilder/ledamot/d7c324ea-83e4-11d4-ae60-0050040c9b55_192.jpg",
    "bild_url_max": "http://data.riksdagen.se/filarkiv/bilder/ledamot/d7c324ea-83e4-11d4-ae60-0050040c9b55_max.jpg",
    "personuppdrag": {
      "uppdrag": [
        {
          "organ_kod": "kam",
          "roll_kod": "Ersättare",
          "ordningsnummer": "245",
          "status": "Ersättare",
          "typ": "kammaruppdrag",
          "from": "2007-09-26",
          "tom": "2008-02-15",
          "uppgift": "Pernilla Zethraeus",
          "intressent_id": "0548089226618",
          "hangar_id": "2343095",
          "sortering": "45",
          "organ_sortering": "10",
          "uppdrag_rollsortering": "60",
          "uppdrag_statussortering": "20"
        },
        {
          "organ_kod": "kam",
          "roll_kod": "Riksdagsledamot",
          "ordningsnummer": "55",
          "status": "Tjänstgörande",
          "typ": "kammaruppdrag",
          "from": "2002-09-30",
          "tom": "2006-10-02",
          "uppgift": "",
          "intressent_id": "0548089226618",
          "hangar_id": "2343095",
          "sortering": "10",
          "organ_sortering": "10",
          "uppdrag_rollsortering": "60",
          "uppdrag_statussortering": "10"
        },
        {
          "organ_kod": "kam",
          "roll_kod": "Riksdagsledamot",
          "ordningsnummer": "27",
          "status": "Tjänstgörande",
          "typ": "kammaruppdrag",
          "from": "1998-10-05",
          "tom": "2002-09-30",
          "uppgift": "",
          "intressent_id": "0548089226618",
          "hangar_id": "2343095",
          "sortering": "10",
          "organ_sortering": "10",
          "uppdrag_rollsortering": "60",
          "uppdrag_statussortering": "10"
        },
        {
          "organ_kod": "ER",
          "roll_kod": "Suppleant",
          "ordningsnummer": "0",
          "status": "",
          "typ": "Riksdagsorgan",
          "from": "2003-01-01",
          "tom": "2006-10-31",
          "uppgift": "Europarådets svenska delegation",
          "intressent_id": "0548089226618",
          "hangar_id": "2343095",
          "sortering": "50",
          "organ_sortering": "300",
          "uppdrag_rollsortering": "90",
          "uppdrag_statussortering": "90"
        },
        {
          "organ_kod": "ER",
          "roll_kod": "Ledamot",
          "ordningsnummer": "0",
          "status": "",
          "typ": "Riksdagsorgan",
          "from": "2002-02-01",
          "tom": "2002-12-31",
          "uppgift": "Europarådets svenska delegation",
          "intressent_id": "0548089226618",
          "hangar_id": "2343095",
          "sortering": "30",
          "organ_sortering": "300",
          "uppdrag_rollsortering": "90",
          "uppdrag_statussortering": "90"
        },
        {
          "organ_kod": "ER",
          "roll_kod": "Suppleant",
          "ordningsnummer": "0",
          "status": "",
          "typ": "Riksdagsorgan",
          "from": "1998-12-02",
          "tom": "2002-02-01",
          "uppgift": "Europarådets svenska delegation",
          "intressent_id": "0548089226618",
          "hangar_id": "2343095",
          "sortering": "50",
          "organ_sortering": "300",
          "uppdrag_rollsortering": "90",
          "uppdrag_statussortering": "90"
        },
        {
          "organ_kod": "BN",
          "roll_kod": "Suppleant",
          "ordningsnummer": "0",
          "status": "",
          "typ": "Riksdagsorgan",
          "from": "1998-10-20",
          "tom": "2002-09-30",
          "uppgift": "Besvärsnämnden",
          "intressent_id": "0548089226618",
          "hangar_id": "2343095",
          "sortering": "50",
          "organ_sortering": "399",
          "uppdrag_rollsortering": "90",
          "uppdrag_statussortering": "90"
        },
        {
          "organ_kod": "CU",
          "roll_kod": "Suppleant",
          "ordningsnummer": "0",
          "status": "",
          "typ": "uppdrag",
          "from": "2007-09-27",
          "tom": "2008-02-15",
          "uppgift": "Civilutskottet",
          "intressent_id": "0548089226618",
          "hangar_id": "2343095",
          "sortering": "50",
          "organ_sortering": "150",
          "uppdrag_rollsortering": "90",
          "uppdrag_statussortering": "90"
        },
        {
          "organ_kod": "FöU",
          "roll_kod": "Suppleant",
          "ordningsnummer": "0",
          "status": "",
          "typ": "uppdrag",
          "from": "1998-10-13",
          "tom": "2002-09-30",
          "uppgift": "Försvarsutskottet",
          "intressent_id": "0548089226618",
          "hangar_id": "2343095",
          "sortering": "50",
          "organ_sortering": "150",
          "uppdrag_rollsortering": "90",
          "uppdrag_statussortering": "90"
        },
        {
          "organ_kod": "KU",
          "roll_kod": "Suppleant",
          "ordningsnummer": "0",
          "status": "",
          "typ": "uppdrag",
          "from": "2007-09-27",
          "tom": "2008-02-15",
          "uppgift": "Konstitutionsutskottet",
          "intressent_id": "0548089226618",
          "hangar_id": "2343095",
          "sortering": "50",
          "organ_sortering": "150",
          "uppdrag_rollsortering": "90",
          "uppdrag_statussortering": "90"
        },
        {
          "organ_kod": "KU",
          "roll_kod": "Ledamot",
          "ordningsnummer": "0",
          "status": "",
          "typ": "uppdrag",
          "from": "2002-10-08",
          "tom": "2006-10-02",
          "uppgift": "Konstitutionsutskottet",
          "intressent_id": "0548089226618",
          "hangar_id": "2343095",
          "sortering": "30",
          "organ_sortering": "150",
          "uppdrag_rollsortering": "90",
          "uppdrag_statussortering": "90"
        },
        {
          "organ_kod": "KU",
          "roll_kod": "Ledamot",
          "ordningsnummer": "0",
          "status": "",
          "typ": "uppdrag",
          "from": "1998-10-13",
          "tom": "2002-09-30",
          "uppgift": "Konstitutionsutskottet",
          "intressent_id": "0548089226618",
          "hangar_id": "2343095",
          "sortering": "30",
          "organ_sortering": "150",
          "uppdrag_rollsortering": "90",
          "uppdrag_statussortering": "90"
        },
        {
          "organ_kod": "KUU",
          "roll_kod": "Deputerad",
          "ordningsnummer": "0",
          "status": "",
          "typ": "uppdrag",
          "from": "2007-10-16",
          "tom": "2007-11-30",
          "uppgift": "Sammansatta konstitutions- och utrikesutskottet",
          "intressent_id": "0548089226618",
          "hangar_id": "2343095",
          "sortering": "40",
          "organ_sortering": "160",
          "uppdrag_rollsortering": "90",
          "uppdrag_statussortering": "90"
        },
        {
          "organ_kod": "KUU",
          "roll_kod": "Suppleant",
          "ordningsnummer": "0",
          "status": "",
          "typ": "uppdrag",
          "from": "2003-02-18",
          "tom": "2003-11-20",
          "uppgift": "Sammansatta konstitutions- och utrikesutskottet",
          "intressent_id": "0548089226618",
          "hangar_id": "2343095",
          "sortering": "50",
          "organ_sortering": "160",
          "uppdrag_rollsortering": "90",
          "uppdrag_statussortering": "90"
        },
        {
          "organ_kod": "KUU",
          "roll_kod": "Suppleant",
          "ordningsnummer": "0",
          "status": "",
          "typ": "uppdrag",
          "from": "2002-04-18",
          "tom": "2002-06-04",
          "uppgift": "Sammansatta konstitutions- och utrikesutskottet",
          "intressent_id": "0548089226618",
          "hangar_id": "2343095",
          "sortering": "50",
          "organ_sortering": "160",
          "uppdrag_rollsortering": "90",
          "uppdrag_statussortering": "90"
        },
        {
          "organ_kod": "KUU",
          "roll_kod": "Suppleant",
          "ordningsnummer": "0",
          "status": "",
          "typ": "uppdrag",
          "from": "2001-10-16",
          "tom": "2001-12-06",
          "uppgift": "Sammansatta konstitutions- och utrikesutskottet",
          "intressent_id": "0548089226618",
          "hangar_id": "2343095",
          "sortering": "50",
          "organ_sortering": "160",
          "uppdrag_rollsortering": "90",
          "uppdrag_statussortering": "90"
        },
        {
          "organ_kod": "KUU",
          "roll_kod": "Suppleant",
          "ordningsnummer": "0",
          "status": "",
          "typ": "uppdrag",
          "from": "2001-03-27",
          "tom": "2001-04-26",
          "uppgift": "Sammansatta konstitutions- och utrikesutskottet",
          "intressent_id": "0548089226618",
          "hangar_id": "2343095",
          "sortering": "50",
          "organ_sortering": "160",
          "uppdrag_rollsortering": "90",
          "uppdrag_statussortering": "90"
        },
        {
          "organ_kod": "EUN",
          "roll_kod": "Suppleant",
          "ordningsnummer": "0",
          "status": "",
          "typ": "uppdrag",
          "from": "2005-09-14",
          "tom": "2006-10-02",
          "uppgift": "EU-nämnden",
          "intressent_id": "0548089226618",
          "hangar_id": "2343095",
          "sortering": "50",
          "organ_sortering": "170",
          "uppdrag_rollsortering": "90",
          "uppdrag_statussortering": "90"
        }
      ]
    },
    "personuppgift": {
      "uppgift": [
        {
          "kod": "sv",
          "uppgift": "grafisk formgivare",
          "typ": "titlar",
          "intressent_id": "0548089226618",
          "hangar_id": "2343095"
        },
        {
          "kod": "en",
          "uppgift": "Graphic Designer",
          "typ": "titlar",
          "intressent_id": "0548089226618",
          "hangar_id": "2343095"
        }
      ]
    }
  }
}