{
  "person": {
    "hangar_guid": "7e91ca5a-e3e8-45a3-9d8a-58c880aa5148",
    "sourceid": "529ac523-d10b-444b-8441-56a24a66ef5b",
    "intressent_id": "057993099726",
    "hangar_id": "5003755",
    "fodd_ar": "1994",
    "kon": "man",
    "efternamn": "Ek",
    "tilltalsnamn": "Magnus",
    "sorteringsnamn": "Ek,Magnus",
    "iort": "",
    "parti": "C",
    "valkrets": "Östergötlands län",
    "status": "Tjänstgörande riksdagsledamot",
    "person_url_xml": "http://data.riksdagen.se/person/529ac523-d10b-444b-8441-56a24a66ef5b",
    "bild_url_80": "http://data.riksdagen.se/filarkiv/bilder/ledamot/529ac523-d10b-444b-8441-56a24a66ef5b_80.jpg",
    "bild_url_192": "http://data.riksdagen.se/filarkiv/bilder/ledamot/529ac523-d10b-444b-8441-56a24a66ef5b_192.jpg",
    "bild_url_max": "http://data.riksdagen.se/filarkiv/bilder/ledamot/529ac523-d10b-444b-8441-56a24a66ef5b_max.jpg",
    "personuppdrag": {
      "uppdrag": [
        {
          "organ_kod": "kam",
          "roll_kod": "Riksdagsledamot",
          "ordningsnummer": "216",
          "status": "Tjänstgörande",
          "typ": "kammaruppdrag",
          "from": "2018-09-24",
          "tom": "2022-09-26",
          "uppgift": "",
          "intressent_id": "057993099726",
          "hangar_id": "5003755",
          "sortering": "10",
          "organ_sortering": "10",
          "uppdrag_rollsortering": "60",
          "uppdrag_statussortering": "10"
        },
        {
          "organ_kod": "NR",
          "roll_kod": "Ledamot",
          "ordningsnummer": "7",
          "status": "",
          "typ": "Riksdagsorgan",
          "from": "2019-10-02",
          "tom": "2020-10-30",
          "uppgift": "Nordiska rådets svenska delegation",
          "intressent_id": "057993099726",
          "hangar_id": "5003755",
          "sortering": "30",
          "organ_sortering": "300",
          "uppdrag_rollsortering": "90",
          "uppdrag_statussortering": "90"
        },
        {
          "organ_kod": "NR",
          "roll_kod": "Ledamot",
          "ordningsnummer": "7",
          "status": "",
          "typ": "Riksdagsorgan",
          "from": "2018-10-09",
          "tom": "2019-10-02",
          "uppgift": "Nordiska rådets svenska delegation",
          "intressent_id": "057993099726",
          "hangar_id": "5003755",
          "sortering": "30",
          "organ_sortering": "300",
          "uppdrag_rollsortering": "90",
          "uppdrag_statussortering": "90"
        },
        {
          "organ_kod": "MJU",
          "roll_kod": "Suppleant",
          "ordningsnummer": "24",
          "status": "",
          "typ": "uppdrag",
          "from": "2018-10-16",
          "tom": "2022-09-26",
          "uppgift": "Miljö- och jordbruksutskottet",
          "intressent_id": "057993099726",
          "hangar_id": "5003755",
          "sortering": "50",
          "organ_sortering": "150",
          "uppdrag_rollsortering": "90",
          "uppdrag_statussortering": "90"
        },
        {
          "organ_kod": "UU",
          "roll_kod": "Ledamot",
          "ordningsnummer": "17",
          "status": "",
          "typ": "uppdrag",
          "from": "2019-03-29",
          "tom": "2022-09-26",
          "uppgift": "Utrikesutskottet",
          "intressent_id": "057993099726",
          "hangar_id": "5003755",
          "sortering": "30",
          "organ_sortering": "150",
          "uppdrag_rollsortering": "90",
          "uppdrag_statussortering": "90"
        },
        {
          "organ_kod": "UU",
          "roll_kod": "Suppleant",
          "ordningsnummer": "23",
          "status": "",
          "typ": "uppdrag",
          "from": "2018-10-16",
          "tom": "2019-03-29",
          "uppgift": "Utrikesutskottet",
          "intressent_id": "057993099726",
          "hangar_id": "5003755",
          "sortering": "50",
          "organ_sortering": "150",
          "uppdrag_rollsortering": "90",
          "uppdrag_statussortering": "90"
        },
        {
          "organ_kod": "EUN",
          "roll_kod": "Suppleant",
          "ordningsnummer": "59",
          "status": "",
          "typ": "uppdrag",
          "from": "2018-10-16",
          "tom": "2022-10-04",
          "uppgift": "EU-nämnden",
          "intressent_id": "057993099726",
          "hangar_id": "5003755",
          "sortering": "50",
          "organ_sortering": "170",
          "uppdrag_rollsortering": "90",
          "uppdrag_statussortering": "90"
        }
      ]
    },
    "personuppgift": {
      "uppgift": {
        "kod": "Officiell e-postadress",
        "uppgift": "magnus.ek[på]riksdagen.se",
        "typ": "eadress",
        "intressent_id": "057993099726",
        "hangar_id": "5003755"
      }
    }
  }
}