{
  "person": {
    "hangar_guid": "477aaa03-92ba-41b5-ac7a-2179650e2818",
    "sourceid": "0449e7b9-459a-4776-b87c-e19427c799fb",
    "intressent_id": "0369028728526",
    "hangar_id": "2369311",
    "fodd_ar": "1981",
    "kon": "man",
    "efternamn": "Ekeroth",
    "tilltalsnamn": "Kent",
    "sorteringsnamn": "Ekeroth,Kent",
    "iort": "",
    "parti": "SD",
    "valkrets": "Skåne läns norra och östra",
    "status": "Tidigare riksdagsledamot",
    "person_url_xml": "http://data.riksdagen.se/person/0449e7b9-459a-4776-b87c-e19427c799fb",
    "bild_url_80": "http://data.riksdagen.se/filarkiv/bilder/ledamot/0449e7b9-459a-4776-b87c-e19427c799fb_80.jpg",
    "bild_url_192": "http://data.riksdagen.se/filarkiv/bilder/ledamot/0449e7b9-459a-4776-b87c-e19427c799fb_192.jpg",
    "bild_url_max": "http://data.riksdagen.se/filarkiv/bilder/ledamot/0449e7b9-459a-4776-b87c-e19427c799fb_max.jpg",
    "personuppdrag": {
      "uppdrag": [
        {
          "organ_kod": "kam",
          "roll_kod": "Riksdagsledamot",
          "ordningsnummer": "67",
          "status": "Tjänstgörande",
          "typ": "kammaruppdrag",
          "from": "2014-09-29",
          "tom": "2018-09-24",
          "uppgift": "",
          "intressent_id": "0369028728526",
          "hangar_id": "2369311",
          "sortering": "10",
          "organ_sortering": "10",
          "uppdrag_rollsortering": "60",
          "uppdrag_statussortering": "10"
        },
        {
          "organ_kod": "kam",
          "roll_kod": "Riksdagsledamot",
          "ordningsnummer": "318",
          "status": "Tjänstgörande",
          "typ": "kammaruppdrag",
          "from": "2010-10-04",
          "tom": "2014-09-29",
          "uppgift": "",
          "intressent_id": "0369028728526",
          "hangar_id": "2369311",
          "sortering": "10",
          "organ_sortering": "10",
          "uppdrag_rollsortering": "60",
          "uppdrag_statussortering": "10"
        },
        {
          "organ_kod": "NR",
          "roll_kod": "Ledamot",
          "ordningsnummer": "16",
          "status": "",
          "typ": "Riksdagsorgan",
          "from": "2014-06-17",
          "tom": "2014-09-29",
          "uppgift": "Nordiska rådets svenska delegation",
          "intressent_id": "0369028728526",
          "hangar_id": "2369311",
          "sortering": "30",
          "organ_sortering": "300",
          "uppdrag_rollsortering": "90",
          "uppdrag_statussortering": "90"
        },
        {
          "organ_kod": "JuU",
          "roll_kod": "Ledamot",
          "ordningsnummer": "6",
          "status": "",
          "typ": "uppdrag",
          "from": "2014-10-07",
          "tom": "2018-01-24",
          "uppgift": "Justitieutskottet",
          "intressent_id": "0369028728526",
          "hangar_id": "2369311",
          "sortering": "30",
          "organ_sortering": "150",
          "uppdrag_rollsortering": "90",
          "uppdrag_statussortering": "90"
        },
        {
          "organ_kod": "JuU",
          "roll_kod": "Ledamot",
          "ordningsnummer": "16",
          "status": "",
          "typ": "uppdrag",
          "from": "2010-10-12",
          "tom": "2012-11-27",
          "uppgift": "Justitieutskottet",
          "intressent_id": "0369028728526",
          "hangar_id": "2369311",
          "sortering": "30",
          "organ_sortering": "150",
          "uppdrag_rollsortering": "90",
          "uppdrag_statussortering": "90"
        },
        {
          "organ_kod": "NU",
          "roll_kod": "Suppleant",
          "ordningsnummer": "16",
          "status": "",
          "typ": "uppdrag",
          "from": "2013-01-24",
          "tom": "2014-09-29",
          "uppgift": "Näringsutskottet",
          "intressent_id": "0369028728526",
          "hangar_id": "2369311",
          "sortering": "50",
          "organ_sortering": "150",
          "uppdrag_rollsortering": "90",
          "uppdrag_statussortering": "90"
        },
        {
          "organ_kod": "SkU",
          "roll_kod": "Suppleant",
          "ordningsnummer": "13",
          "status": "",
          "typ": "uppdrag",
          "from": "2014-10-07",
          "tom": "2018-09-24",
          "uppgift": "Skatteutskottet",
          "intressent_id": "0369028728526",
          "hangar_id": "2369311",
          "sortering": "50",
          "organ_sortering": "150",
          "uppdrag_rollsortering": "90",
          "uppdrag_statussortering": "90"
        },
        {
          "organ_kod": "SkU",
          "roll_kod": "Ledamot",
          "ordningsnummer": "16",
          "status": "",
          "typ": "uppdrag",
          "from": "2014-04-25",
          "tom": "2014-09-29",
          "uppgift": "Skatteutskottet",
          "intressent_id": "0369028728526",
          "hangar_id": "2369311",
          "sortering": "30",
          "organ_sortering": "150",
          "uppdrag_rollsortering": "90",
          "uppdrag_statussortering": "90"
        },
        {
          "organ_kod": "UU",
          "roll_kod": "Suppleant",
          "ordningsnummer": "22",
          "status": "",
          "typ": "uppdrag",
          "from": "2013-02-22",
          "tom": "2014-09-29",
          "uppgift": "Utrikesutskottet",
          "intressent_id": "0369028728526",
          "hangar_id": "2369311",
          "sortering": "50",
          "organ_sortering": "150",
          "uppdrag_rollsortering": "90",
          "uppdrag_statussortering": "90"
        },
        {
          "organ_kod": "UU",
          "roll_kod": "Suppleant",
          "ordningsnummer": "22",
          "status": "",
          "typ": "uppdrag",
          "from": "2011-11-18",
          "tom": "2012-11-27",
          "uppgift": "Utrikesutskottet",
          "intressent_id": "0369028728526",
          "hangar_id": "2369311",
          "sortering": "50",
          "organ_sortering": "150",
          "uppdrag_rollsortering": "90",
          "uppdrag_statussortering": "90"
        },
        {
          "organ_kod": "EUN",
          "roll_kod": "Suppleant",
          "ordningsnummer": "40",
          "status": "",
          "typ": "uppdrag",
          "from": "2013-01-24",
          "tom": "2014-10-07",
          "uppgift": "EU-nämnden",
          "intressent_id": "0369028728526",
          "hangar_id": "2369311",
          "sortering": "50",
          "organ_sortering": "170",
          "uppdrag_rollsortering": "90",
          "uppdrag_statussortering": "90"
        },
        {
          "organ_kod": "EUN",
          "roll_kod": "Suppleant",
          "ordningsnummer": "16",
          "status": "",
          "typ": "uppdrag",
          "from": "2010-10-12",
          "tom": "2012-11-27",
          "uppgift": "EU-nämnden",
          "intressent_id": "0369028728526",
          "hangar_id": "2369311",
          "sortering": "50",
          "organ_sortering": "170",
          "uppdrag_rollsortering": "90",
          "uppdrag_statussortering": "90"
        }
      ]
    },
    "personuppgift": {
      "uppgift": {
        "kod": "KandiderarINastaVal",
        "uppgift": "false",
        "typ": "val",
        "intressent_id": "0369028728526",
        "hangar_id": "2369311"
      }
    }
  }
}