{
  "person": {
    "hangar_guid": "bf50a1ce-88d7-499c-8862-af84528c15d6",
    "sourceid": "f270f5c5-c28f-4267-8dff-0bead595f631",
    "intressent_id": "0494242537816",
    "hangar_id": "5004023",
    "fodd_ar": "1966",
    "kon": "man",
    "efternamn": "Eklind",
    "tilltalsnamn": "Hans",
    "sorteringsnamn": "Eklind,Hans",
    "iort": "",
    "parti": "KD",
    "valkrets": "Örebro län",
    "status": "Tjänstgörande riksdagsledamot",
    "person_url_xml": "http://data.riksdagen.se/person/f270f5c5-c28f-4267-8dff-0bead595f631",
    "bild_url_80": "http://data.riksdagen.se/filarkiv/bilder/ledamot/f270f5c5-c28f-4267-8dff-0bead595f631_80.jpg",
    "bild_url_192": "http://data.riksdagen.se/filarkiv/bilder/ledamot/f270f5c5-c28f-4267-8dff-0bead595f631_192.jpg",
    "bild_url_max": "http://data.riksdagen.se/filarkiv/bilder/ledamot/f270f5c5-c28f-4267-8dff-0bead595f631_max.jpg",
    "personuppdrag": {
      "uppdrag": [
        {
          "organ_kod": "kam",
          "roll_kod": "Riksdagsledamot",
          "ordningsnummer": "307",
          "status": "Tjänstgörande",
          "typ": "kammaruppdrag",
          "from": "2018-09-24",
          "tom": "2022-09-26",
          "uppgift": "",
          "intressent_id": "0494242537816",
          "hangar_id": "5004023",
          "sortering": "10",
          "organ_sortering": "10",
          "uppdrag_rollsortering": "60",
          "uppdrag_statussortering": "10"
        },
        {
          "organ_kod": "AU",
          "roll_kod": "Suppleant",
          "ordningsnummer": "25",
          "status": "",
          "typ": "uppdrag",
          "from": "2018-10-16",
          "tom": "2022-09-26",
          "uppgift": "Arbetsmarknadsutskottet",
          "intressent_id": "0494242537816",
          "hangar_id": "5004023",
          "sortering": "50",
          "organ_sortering": "150",
          "uppdrag_rollsortering": "90",
          "uppdrag_statussortering": "90"
        },
        {
          "organ_kod": "SfU",
          "roll_kod": "Ledamot",
          "ordningsnummer": "12",
          "status": "",
          "typ": "uppdrag",
          "from": "2018-10-02",
          "tom": "2022-09-26",
          "uppgift": "Socialförsäkringsutskottet",
          "intressent_id": "0494242537816",
          "hangar_id": "5004023",
          "sortering": "30",
          "organ_sortering": "150",
          "uppdrag_rollsortering": "90",
          "uppdrag_statussortering": "90"
        },
        {
          "organ_kod": "EUN",
          "roll_kod": "Suppleant",
          "ordningsnummer": "93",
          "status": "",
          "typ": "uppdrag",
          "from": "2019-09-26",
          "tom": "2022-09-26",
          "uppgift": "EU-nämnden",
          "intressent_id": "0494242537816",
          "hangar_id": "5004023",
          "sortering": "50",
          "organ_sortering": "170",
          "uppdrag_rollsortering": "90",
          "uppdrag_statussortering": "90"
        }
      ]
    },
    "personuppgift": {
      "uppgift": [
        {
          "kod": "Officiell e-postadress",
          "uppgift": "hans.eklind[på]riksdagen.se",
          "typ": "eadress",
          "intressent_id": "0494242537816",
          "hangar_id": "5004023"
        },
        {
          "kod": "sv",
          "uppgift": "Församlingsherde.",
          "typ": "titlar",
          "intressent_id": "0494242537816",
          "hangar_id": "5004023"
        },
        {
          "kod": "en",
          "uppgift": "",
          "typ": "titlar",
          "intressent_id": "0494242537816",
          "hangar_id": "5004023"
        }
      ]
    }
  }
}