{
  "person": {
    "hangar_guid": "91eb27da-c2c1-4be6-8278-064de4e58d50",
    "sourceid": "5c165eb8-a2d3-4991-8732-430ea585d763",
    "intressent_id": "037781229619",
    "hangar_id": "5003896",
    "fodd_ar": "1965",
    "kon": "man",
    "efternamn": "Eklöf",
    "tilltalsnamn": "Staffan",
    "sorteringsnamn": "Eklöf,Staffan",
    "iort": "",
    "parti": "SD",
    "valkrets": "Hallands län",
    "status": "Tjänstgörande riksdagsledamot",
    "person_url_xml": "http://data.riksdagen.se/person/5c165eb8-a2d3-4991-8732-430ea585d763",
    "bild_url_80": "http://data.riksdagen.se/filarkiv/bilder/ledamot/5c165eb8-a2d3-4991-8732-430ea585d763_80.jpg",
    "bild_url_192": "http://data.riksdagen.se/filarkiv/bilder/ledamot/5c165eb8-a2d3-4991-8732-430ea585d763_192.jpg",
    "bild_url_max": "http://data.riksdagen.se/filarkiv/bilder/ledamot/5c165eb8-a2d3-4991-8732-430ea585d763_max.jpg",
    "personuppdrag": {
      "uppdrag": [
        {
          "organ_kod": "kam",
          "roll_kod": "Riksdagsledamot",
          "ordningsnummer": "96",
          "status": "Tjänstgörande",
          "typ": "kammaruppdrag",
          "from": "2018-09-24",
          "tom": "2022-09-26",
          "uppgift": "",
          "intressent_id": "037781229619",
          "hangar_id": "5003896",
          "sortering": "10",
          "organ_sortering": "10",
          "uppdrag_rollsortering": "60",
          "uppdrag_statussortering": "10"
        },
        {
          "organ_kod": "NR",
          "roll_kod": "Suppleant",
          "ordningsnummer": "15",
          "status": "",
          "typ": "Riksdagsorgan",
          "from": "2019-10-02",
          "tom": "2020-10-30",
          "uppgift": "Nordiska rådets svenska delegation",
          "intressent_id": "037781229619",
          "hangar_id": "5003896",
          "sortering": "50",
          "organ_sortering": "300",
          "uppdrag_rollsortering": "90",
          "uppdrag_statussortering": "90"
        },
        {
          "organ_kod": "FiU",
          "roll_kod": "Suppleant",
          "ordningsnummer": "15",
          "status": "",
          "typ": "uppdrag",
          "from": "2018-10-02",
          "tom": "2022-09-26",
          "uppgift": "Finansutskottet",
          "intressent_id": "037781229619",
          "hangar_id": "5003896",
          "sortering": "50",
          "organ_sortering": "150",
          "uppdrag_rollsortering": "90",
          "uppdrag_statussortering": "90"
        },
        {
          "organ_kod": "FöU",
          "roll_kod": "Suppleant",
          "ordningsnummer": "5",
          "status": "",
          "typ": "uppdrag",
          "from": "2019-06-18",
          "tom": "2022-09-26",
          "uppgift": "Försvarsutskottet",
          "intressent_id": "037781229619",
          "hangar_id": "5003896",
          "sortering": "50",
          "organ_sortering": "150",
          "uppdrag_rollsortering": "90",
          "uppdrag_statussortering": "90"
        },
        {
          "organ_kod": "MJU",
          "roll_kod": "Suppleant",
          "ordningsnummer": "10",
          "status": "",
          "typ": "uppdrag",
          "from": "2018-10-02",
          "tom": "2022-09-26",
          "uppgift": "Miljö- och jordbruksutskottet",
          "intressent_id": "037781229619",
          "hangar_id": "5003896",
          "sortering": "50",
          "organ_sortering": "150",
          "uppdrag_rollsortering": "90",
          "uppdrag_statussortering": "90"
        },
        {
          "organ_kod": "NU",
          "roll_kod": "Suppleant",
          "ordningsnummer": "21",
          "status": "",
          "typ": "uppdrag",
          "from": "2018-10-16",
          "tom": "2022-09-26",
          "uppgift": "Näringsutskottet",
          "intressent_id": "037781229619",
          "hangar_id": "5003896",
          "sortering": "50",
          "organ_sortering": "150",
          "uppdrag_rollsortering": "90",
          "uppdrag_statussortering": "90"
        },
        {
          "organ_kod": "TU",
          "roll_kod": "Suppleant",
          "ordningsnummer": "21",
          "status": "",
          "typ": "uppdrag",
          "from": "2018-10-16",
          "tom": "2022-09-26",
          "uppgift": "Trafikutskottet",
          "intressent_id": "037781229619",
          "hangar_id": "5003896",
          "sortering": "50",
          "organ_sortering": "150",
          "uppdrag_rollsortering": "90",
          "uppdrag_statussortering": "90"
        },
        {
          "organ_kod": "EUN",
          "roll_kod": "Suppleant",
          "ordningsnummer": "50",
          "status": "",
          "typ": "uppdrag",
          "from": "2018-10-09",
          "tom": "2022-10-04",
          "uppgift": "EU-nämnden",
          "intressent_id": "037781229619",
          "hangar_id": "5003896",
          "sortering": "50",
          "organ_sortering": "170",
          "uppdrag_rollsortering": "90",
          "uppdrag_statussortering": "90"
        }
      ]
    },
    "personuppgift": {
      "uppgift": [
        {
          "kod": "Officiell e-postadress",
          "uppgift": "staffan.eklof[på]riksdagen.se",
          "typ": "eadress",
          "intressent_id": "037781229619",
          "hangar_id": "5003896"
        },
        {
          "kod": "sv",
          "uppgift": "Fil.dr.",
          "typ": "titlar",
          "intressent_id": "037781229619",
          "hangar_id": "5003896"
        },
        {
          "kod": "en",
          "uppgift": "",
          "typ": "titlar",
          "intressent_id": "037781229619",
          "hangar_id": "5003896"
        }
      ]
    }
  }
}