{
  "person": {
    "hangar_guid": "37269ebf-d1b0-4791-aefb-aed7b87622b2",
    "sourceid": "0a613c08-7ab0-4d0e-9f06-601955c6ffc2",
    "intressent_id": "0371147794304",
    "hangar_id": "2341744",
    "fodd_ar": "1929",
    "kon": "kvinna",
    "efternamn": "Ekman",
    "tilltalsnamn": "Kerstin",
    "sorteringsnamn": "Ekman,Kerstin",
    "iort": "",
    "parti": "FP",
    "valkrets": "",
    "status": "Tidigare riksdagsledamot",
    "person_url_xml": "http://data.riksdagen.se/person/0a613c08-7ab0-4d0e-9f06-601955c6ffc2",
    "bild_url_80": "http://data.riksdagen.se/filarkiv/bilder/ledamot/0a613c08-7ab0-4d0e-9f06-601955c6ffc2_80.jpg",
    "bild_url_192": "http://data.riksdagen.se/filarkiv/bilder/ledamot/0a613c08-7ab0-4d0e-9f06-601955c6ffc2_192.jpg",
    "bild_url_max": "http://data.riksdagen.se/filarkiv/bilder/ledamot/0a613c08-7ab0-4d0e-9f06-601955c6ffc2_max.jpg",
    "personuppdrag": {
      "uppdrag": [
        {
          "organ_kod": "kam",
          "roll_kod": "Riksdagsledamot",
          "ordningsnummer": "199",
          "status": "Tjänstgörande",
          "typ": "kammaruppdrag",
          "from": "1988-10-03",
          "tom": "1991-09-30",
          "uppgift": "",
          "intressent_id": "0371147794304",
          "hangar_id": "2341744",
          "sortering": "10",
          "organ_sortering": "10",
          "uppdrag_rollsortering": "60",
          "uppdrag_statussortering": "10"
        },
        {
          "organ_kod": "kam",
          "roll_kod": "Riksdagsledamot",
          "ordningsnummer": "0",
          "status": "Tjänstgörande",
          "typ": "kammaruppdrag",
          "from": "1988-07-06",
          "tom": "1988-10-03",
          "uppgift": "",
          "intressent_id": "0371147794304",
          "hangar_id": "2341744",
          "sortering": "10",
          "organ_sortering": "10",
          "uppdrag_rollsortering": "60",
          "uppdrag_statussortering": "10"
        },
        {
          "organ_kod": "kam",
          "roll_kod": "Riksdagsledamot",
          "ordningsnummer": "0",
          "status": "Ledig",
          "typ": "kammaruppdrag",
          "from": "1988-06-06",
          "tom": "1988-07-05",
          "uppgift": "Jörgen Weibull 1988-06-06 - 1988-07-05",
          "intressent_id": "0371147794304",
          "hangar_id": "2341744",
          "sortering": "10",
          "organ_sortering": "10",
          "uppdrag_rollsortering": "60",
          "uppdrag_statussortering": "30"
        },
        {
          "organ_kod": "kam",
          "roll_kod": "Riksdagsledamot",
          "ordningsnummer": "0",
          "status": "Tjänstgörande",
          "typ": "kammaruppdrag",
          "from": "1985-09-30",
          "tom": "1988-06-05",
          "uppgift": "",
          "intressent_id": "0371147794304",
          "hangar_id": "2341744",
          "sortering": "10",
          "organ_sortering": "10",
          "uppdrag_rollsortering": "60",
          "uppdrag_statussortering": "10"
        },
        {
          "organ_kod": "kam",
          "roll_kod": "Riksdagsledamot",
          "ordningsnummer": "0",
          "status": "Tjänstgörande",
          "typ": "kammaruppdrag",
          "from": "1982-10-04",
          "tom": "1985-09-30",
          "uppgift": "",
          "intressent_id": "0371147794304",
          "hangar_id": "2341744",
          "sortering": "10",
          "organ_sortering": "10",
          "uppdrag_rollsortering": "60",
          "uppdrag_statussortering": "10"
        },
        {
          "organ_kod": "kam",
          "roll_kod": "Riksdagsledamot",
          "ordningsnummer": "0",
          "status": "Tjänstgörande",
          "typ": "kammaruppdrag",
          "from": "1979-10-01",
          "tom": "1982-10-04",
          "uppgift": "",
          "intressent_id": "0371147794304",
          "hangar_id": "2341744",
          "sortering": "10",
          "organ_sortering": "10",
          "uppdrag_rollsortering": "60",
          "uppdrag_statussortering": "10"
        }
      ]
    },
    "personuppgift": {
      "uppgift": [
        {
          "kod": "sv",
          "uppgift": "ingenjör",
          "typ": "titlar",
          "intressent_id": "0371147794304",
          "hangar_id": "2341744"
        },
        {
          "kod": "en",
          "uppgift": "",
          "typ": "titlar",
          "intressent_id": "0371147794304",
          "hangar_id": "2341744"
        }
      ]
    }
  }
}