{
  "person": {
    "hangar_guid": "3920b6a2-9187-46b8-9c67-585d94358fff",
    "sourceid": "2cf7c250-787c-45af-8ca8-78681e21776b",
    "intressent_id": "0853366412307",
    "hangar_id": "2341719",
    "fodd_ar": "1927",
    "kon": "kvinna",
    "efternamn": "Eliasson",
    "tilltalsnamn": "Stina",
    "sorteringsnamn": "Eliasson,Stina",
    "iort": "",
    "parti": "C",
    "valkrets": "",
    "status": "Tidigare riksdagsledamot",
    "person_url_xml": "http://data.riksdagen.se/person/2cf7c250-787c-45af-8ca8-78681e21776b",
    "bild_url_80": "http://data.riksdagen.se/filarkiv/bilder/ledamot/2cf7c250-787c-45af-8ca8-78681e21776b_80.jpg",
    "bild_url_192": "http://data.riksdagen.se/filarkiv/bilder/ledamot/2cf7c250-787c-45af-8ca8-78681e21776b_192.jpg",
    "bild_url_max": "http://data.riksdagen.se/filarkiv/bilder/ledamot/2cf7c250-787c-45af-8ca8-78681e21776b_max.jpg",
    "personuppdrag": {
      "uppdrag": [
        {
          "organ_kod": "kam",
          "roll_kod": "Riksdagsledamot",
          "ordningsnummer": "328",
          "status": "Tjänstgörande",
          "typ": "kammaruppdrag",
          "from": "1992-11-20",
          "tom": "1994-10-03",
          "uppgift": "",
          "intressent_id": "0853366412307",
          "hangar_id": "2341719",
          "sortering": "10",
          "organ_sortering": "10",
          "uppdrag_rollsortering": "60",
          "uppdrag_statussortering": "10"
        },
        {
          "organ_kod": "kam",
          "roll_kod": "Riksdagsledamot",
          "ordningsnummer": "328",
          "status": "Ledig",
          "typ": "kammaruppdrag",
          "from": "1992-10-15",
          "tom": "1992-11-19",
          "uppgift": "Erik Arthur Egervärn 1992-10-15 - 1992-11-19",
          "intressent_id": "0853366412307",
          "hangar_id": "2341719",
          "sortering": "10",
          "organ_sortering": "10",
          "uppdrag_rollsortering": "60",
          "uppdrag_statussortering": "30"
        },
        {
          "organ_kod": "kam",
          "roll_kod": "Riksdagsledamot",
          "ordningsnummer": "328",
          "status": "Tjänstgörande",
          "typ": "kammaruppdrag",
          "from": "1991-09-30",
          "tom": "1992-10-14",
          "uppgift": "",
          "intressent_id": "0853366412307",
          "hangar_id": "2341719",
          "sortering": "10",
          "organ_sortering": "10",
          "uppdrag_rollsortering": "60",
          "uppdrag_statussortering": "10"
        },
        {
          "organ_kod": "kam",
          "roll_kod": "Riksdagsledamot",
          "ordningsnummer": "329",
          "status": "Tjänstgörande",
          "typ": "kammaruppdrag",
          "from": "1988-10-03",
          "tom": "1991-09-30",
          "uppgift": "",
          "intressent_id": "0853366412307",
          "hangar_id": "2341719",
          "sortering": "10",
          "organ_sortering": "10",
          "uppdrag_rollsortering": "60",
          "uppdrag_statussortering": "10"
        },
        {
          "organ_kod": "kam",
          "roll_kod": "Riksdagsledamot",
          "ordningsnummer": "0",
          "status": "Tjänstgörande",
          "typ": "kammaruppdrag",
          "from": "1982-10-04",
          "tom": "1982-10-08",
          "uppgift": "",
          "intressent_id": "0853366412307",
          "hangar_id": "2341719",
          "sortering": "10",
          "organ_sortering": "10",
          "uppdrag_rollsortering": "60",
          "uppdrag_statussortering": "10"
        },
        {
          "organ_kod": "kam",
          "roll_kod": "Riksdagsledamot",
          "ordningsnummer": "0",
          "status": "Tjänstgörande",
          "typ": "kammaruppdrag",
          "from": "1979-10-01",
          "tom": "1982-10-04",
          "uppgift": "",
          "intressent_id": "0853366412307",
          "hangar_id": "2341719",
          "sortering": "10",
          "organ_sortering": "10",
          "uppdrag_rollsortering": "60",
          "uppdrag_statussortering": "10"
        },
        {
          "organ_kod": "kam",
          "roll_kod": "Riksdagsledamot",
          "ordningsnummer": "0",
          "status": "Tjänstgörande",
          "typ": "kammaruppdrag",
          "from": "1979-04-30",
          "tom": "1979-06-02",
          "uppgift": "",
          "intressent_id": "0853366412307",
          "hangar_id": "2341719",
          "sortering": "10",
          "organ_sortering": "10",
          "uppdrag_rollsortering": "60",
          "uppdrag_statussortering": "10"
        },
        {
          "organ_kod": "kam",
          "roll_kod": "Riksdagsledamot",
          "ordningsnummer": "0",
          "status": "Tjänstgörande",
          "typ": "kammaruppdrag",
          "from": "1978-10-20",
          "tom": "1978-12-20",
          "uppgift": "",
          "intressent_id": "0853366412307",
          "hangar_id": "2341719",
          "sortering": "10",
          "organ_sortering": "10",
          "uppdrag_rollsortering": "60",
          "uppdrag_statussortering": "10"
        },
        {
          "organ_kod": "kam",
          "roll_kod": "Riksdagsledamot",
          "ordningsnummer": "0",
          "status": "Tjänstgörande",
          "typ": "kammaruppdrag",
          "from": "1976-10-08",
          "tom": "1978-10-18",
          "uppgift": "",
          "intressent_id": "0853366412307",
          "hangar_id": "2341719",
          "sortering": "10",
          "organ_sortering": "10",
          "uppdrag_rollsortering": "60",
          "uppdrag_statussortering": "10"
        },
        {
          "organ_kod": "AU",
          "roll_kod": "Suppleant",
          "ordningsnummer": "0",
          "status": "",
          "typ": "uppdrag",
          "from": "1991-10-15",
          "tom": "1992-03-11",
          "uppgift": "Arbetsmarknadsutskottet",
          "intressent_id": "0853366412307",
          "hangar_id": "2341719",
          "sortering": "50",
          "organ_sortering": "150",
          "uppdrag_rollsortering": "90",
          "uppdrag_statussortering": "90"
        },
        {
          "organ_kod": "FiU",
          "roll_kod": "Suppleant",
          "ordningsnummer": "0",
          "status": "",
          "typ": "uppdrag",
          "from": "1988-02-08",
          "tom": "1988-03-07",
          "uppgift": "Finansutskottet",
          "intressent_id": "0853366412307",
          "hangar_id": "2341719",
          "sortering": "50",
          "organ_sortering": "150",
          "uppdrag_rollsortering": "90",
          "uppdrag_statussortering": "90"
        },
        {
          "organ_kod": "KrU",
          "roll_kod": "Suppleant",
          "ordningsnummer": "0",
          "status": "",
          "typ": "uppdrag",
          "from": "1991-12-12",
          "tom": "1994-10-02",
          "uppgift": "Kulturutskottet",
          "intressent_id": "0853366412307",
          "hangar_id": "2341719",
          "sortering": "50",
          "organ_sortering": "150",
          "uppdrag_rollsortering": "90",
          "uppdrag_statussortering": "90"
        },
        {
          "organ_kod": "KrU",
          "roll_kod": "Suppleant",
          "ordningsnummer": "0",
          "status": "",
          "typ": "uppdrag",
          "from": "1988-10-11",
          "tom": "1991-09-29",
          "uppgift": "Kulturutskottet",
          "intressent_id": "0853366412307",
          "hangar_id": "2341719",
          "sortering": "50",
          "organ_sortering": "150",
          "uppdrag_rollsortering": "90",
          "uppdrag_statussortering": "90"
        },
        {
          "organ_kod": "LU",
          "roll_kod": "Suppleant",
          "ordningsnummer": "0",
          "status": "",
          "typ": "uppdrag",
          "from": "1991-10-08",
          "tom": "1994-10-02",
          "uppgift": "Lagutskottet",
          "intressent_id": "0853366412307",
          "hangar_id": "2341719",
          "sortering": "50",
          "organ_sortering": "165",
          "uppdrag_rollsortering": "90",
          "uppdrag_statussortering": "90"
        },
        {
          "organ_kod": "LU",
          "roll_kod": "Ledamot",
          "ordningsnummer": "0",
          "status": "",
          "typ": "uppdrag",
          "from": "1988-10-11",
          "tom": "1991-09-29",
          "uppgift": "Lagutskottet",
          "intressent_id": "0853366412307",
          "hangar_id": "2341719",
          "sortering": "30",
          "organ_sortering": "165",
          "uppdrag_rollsortering": "90",
          "uppdrag_statussortering": "90"
        }
      ]
    },
    "personuppgift": {
      "uppgift": [
        {
          "kod": "en",
          "uppgift": "",
          "typ": "titlar",
          "intressent_id": "0853366412307",
          "hangar_id": "2341719"
        },
        {
          "kod": "sv",
          "uppgift": "ämneslärare",
          "typ": "titlar",
          "intressent_id": "0853366412307",
          "hangar_id": "2341719"
        }
      ]
    }
  }
}