{
  "person": {
    "hangar_guid": "cc739d33-9071-41ad-9f45-19a87b0579de",
    "sourceid": "18cd4aa9-d266-4c2b-bcaa-6118032ece49",
    "intressent_id": "0116759114313",
    "hangar_id": "2343149",
    "fodd_ar": "1961",
    "kon": "man",
    "efternamn": "Eliasson",
    "tilltalsnamn": "Bengt",
    "sorteringsnamn": "Eliasson,Bengt",
    "iort": "",
    "parti": "L",
    "valkrets": "Hallands län",
    "status": "Tjänstgörande riksdagsledamot",
    "person_url_xml": "http://data.riksdagen.se/person/18cd4aa9-d266-4c2b-bcaa-6118032ece49",
    "bild_url_80": "http://data.riksdagen.se/filarkiv/bilder/ledamot/18cd4aa9-d266-4c2b-bcaa-6118032ece49_80.jpg",
    "bild_url_192": "http://data.riksdagen.se/filarkiv/bilder/ledamot/18cd4aa9-d266-4c2b-bcaa-6118032ece49_192.jpg",
    "bild_url_max": "http://data.riksdagen.se/filarkiv/bilder/ledamot/18cd4aa9-d266-4c2b-bcaa-6118032ece49_max.jpg",
    "personuppdrag": {
      "uppdrag": [
        {
          "organ_kod": "kam",
          "roll_kod": "Riksdagsledamot",
          "ordningsnummer": "41",
          "status": "Tjänstgörande",
          "typ": "kammaruppdrag",
          "from": "2018-09-24",
          "tom": "2022-09-26",
          "uppgift": "",
          "intressent_id": "0116759114313",
          "hangar_id": "2343149",
          "sortering": "10",
          "organ_sortering": "10",
          "uppdrag_rollsortering": "60",
          "uppdrag_statussortering": "10"
        },
        {
          "organ_kod": "kam",
          "roll_kod": "Riksdagsledamot",
          "ordningsnummer": "297",
          "status": "Tjänstgörande",
          "typ": "kammaruppdrag",
          "from": "2014-09-29",
          "tom": "2018-09-24",
          "uppgift": "",
          "intressent_id": "0116759114313",
          "hangar_id": "2343149",
          "sortering": "10",
          "organ_sortering": "10",
          "uppdrag_rollsortering": "60",
          "uppdrag_statussortering": "10"
        },
        {
          "organ_kod": "L",
          "roll_kod": "Kvittningsman",
          "ordningsnummer": "0",
          "status": "",
          "typ": "partiuppdrag",
          "from": "2018-09-24",
          "tom": "",
          "uppgift": "Liberalerna",
          "intressent_id": "0116759114313",
          "hangar_id": "2343149",
          "sortering": "",
          "organ_sortering": "",
          "uppdrag_rollsortering": "90",
          "uppdrag_statussortering": "90"
        },
        {
          "organ_kod": "RRR",
          "roll_kod": "Ledamot",
          "ordningsnummer": "7",
          "status": "",
          "typ": "Riksdagsorgan",
          "from": "2019-04-01",
          "tom": "2019-11-21",
          "uppgift": "Riksdagens råd för Riksrevisionen",
          "intressent_id": "0116759114313",
          "hangar_id": "2343149",
          "sortering": "30",
          "organ_sortering": "",
          "uppdrag_rollsortering": "90",
          "uppdrag_statussortering": "90"
        },
        {
          "organ_kod": "NR",
          "roll_kod": "Suppleant",
          "ordningsnummer": "14",
          "status": "",
          "typ": "Riksdagsorgan",
          "from": "2015-10-01",
          "tom": "2016-09-29",
          "uppgift": "Nordiska rådets svenska delegation",
          "intressent_id": "0116759114313",
          "hangar_id": "2343149",
          "sortering": "50",
          "organ_sortering": "300",
          "uppdrag_rollsortering": "90",
          "uppdrag_statussortering": "90"
        },
        {
          "organ_kod": "NR",
          "roll_kod": "Suppleant",
          "ordningsnummer": "14",
          "status": "",
          "typ": "Riksdagsorgan",
          "from": "2014-10-07",
          "tom": "2015-10-01",
          "uppgift": "Nordiska rådets svenska delegation",
          "intressent_id": "0116759114313",
          "hangar_id": "2343149",
          "sortering": "50",
          "organ_sortering": "300",
          "uppdrag_rollsortering": "90",
          "uppdrag_statussortering": "90"
        },
        {
          "organ_kod": "RRPR",
          "roll_kod": "Ledamot",
          "ordningsnummer": "7",
          "status": "",
          "typ": "Riksdagsorgan",
          "from": "2018-10-09",
          "tom": "2019-03-31",
          "uppgift": "Riksrevisionens parlamentariska råd",
          "intressent_id": "0116759114313",
          "hangar_id": "2343149",
          "sortering": "30",
          "organ_sortering": "300",
          "uppdrag_rollsortering": "90",
          "uppdrag_statussortering": "90"
        },
        {
          "organ_kod": "CU",
          "roll_kod": "Suppleant",
          "ordningsnummer": "19",
          "status": "",
          "typ": "uppdrag",
          "from": "2018-10-09",
          "tom": "2019-11-15",
          "uppgift": "Civilutskottet",
          "intressent_id": "0116759114313",
          "hangar_id": "2343149",
          "sortering": "50",
          "organ_sortering": "150",
          "uppdrag_rollsortering": "90",
          "uppdrag_statussortering": "90"
        },
        {
          "organ_kod": "KrU",
          "roll_kod": "Suppleant",
          "ordningsnummer": "20",
          "status": "",
          "typ": "uppdrag",
          "from": "2018-10-09",
          "tom": "2022-09-26",
          "uppgift": "Kulturutskottet",
          "intressent_id": "0116759114313",
          "hangar_id": "2343149",
          "sortering": "50",
          "organ_sortering": "150",
          "uppdrag_rollsortering": "90",
          "uppdrag_statussortering": "90"
        },
        {
          "organ_kod": "KrU",
          "roll_kod": "Suppleant",
          "ordningsnummer": "24",
          "status": "",
          "typ": "uppdrag",
          "from": "2018-01-26",
          "tom": "2018-09-24",
          "uppgift": "Kulturutskottet",
          "intressent_id": "0116759114313",
          "hangar_id": "2343149",
          "sortering": "50",
          "organ_sortering": "150",
          "uppdrag_rollsortering": "90",
          "uppdrag_statussortering": "90"
        },
        {
          "organ_kod": "KrU",
          "roll_kod": "Ledamot",
          "ordningsnummer": "14",
          "status": "",
          "typ": "uppdrag",
          "from": "2014-10-07",
          "tom": "2018-01-26",
          "uppgift": "Kulturutskottet",
          "intressent_id": "0116759114313",
          "hangar_id": "2343149",
          "sortering": "30",
          "organ_sortering": "150",
          "uppdrag_rollsortering": "90",
          "uppdrag_statussortering": "90"
        },
        {
          "organ_kod": "KU",
          "roll_kod": "Suppleant",
          "ordningsnummer": "14",
          "status": "",
          "typ": "uppdrag",
          "from": "2019-11-15",
          "tom": "2022-09-26",
          "uppgift": "Konstitutionsutskottet",
          "intressent_id": "0116759114313",
          "hangar_id": "2343149",
          "sortering": "50",
          "organ_sortering": "150",
          "uppdrag_rollsortering": "90",
          "uppdrag_statussortering": "90"
        },
        {
          "organ_kod": "KU",
          "roll_kod": "Ledamot",
          "ordningsnummer": "14",
          "status": "",
          "typ": "uppdrag",
          "from": "2018-10-02",
          "tom": "2019-10-25",
          "uppgift": "Konstitutionsutskottet",
          "intressent_id": "0116759114313",
          "hangar_id": "2343149",
          "sortering": "30",
          "organ_sortering": "150",
          "uppdrag_rollsortering": "90",
          "uppdrag_statussortering": "90"
        },
        {
          "organ_kod": "SfU",
          "roll_kod": "Ledamot",
          "ordningsnummer": "14",
          "status": "",
          "typ": "uppdrag",
          "from": "2019-10-25",
          "tom": "2022-09-26",
          "uppgift": "Socialförsäkringsutskottet",
          "intressent_id": "0116759114313",
          "hangar_id": "2343149",
          "sortering": "30",
          "organ_sortering": "150",
          "uppdrag_rollsortering": "90",
          "uppdrag_statussortering": "90"
        },
        {
          "organ_kod": "SfU",
          "roll_kod": "Suppleant",
          "ordningsnummer": "25",
          "status": "",
          "typ": "uppdrag",
          "from": "2014-11-05",
          "tom": "2016-09-27",
          "uppgift": "Socialförsäkringsutskottet",
          "intressent_id": "0116759114313",
          "hangar_id": "2343149",
          "sortering": "50",
          "organ_sortering": "150",
          "uppdrag_rollsortering": "90",
          "uppdrag_statussortering": "90"
        },
        {
          "organ_kod": "SoU",
          "roll_kod": "Suppleant",
          "ordningsnummer": "20",
          "status": "",
          "typ": "uppdrag",
          "from": "2018-10-09",
          "tom": "2022-09-26",
          "uppgift": "Socialutskottet",
          "intressent_id": "0116759114313",
          "hangar_id": "2343149",
          "sortering": "50",
          "organ_sortering": "150",
          "uppdrag_rollsortering": "90",
          "uppdrag_statussortering": "90"
        },
        {
          "organ_kod": "SoU",
          "roll_kod": "Suppleant",
          "ordningsnummer": "22",
          "status": "",
          "typ": "uppdrag",
          "from": "2015-04-22",
          "tom": "2018-09-24",
          "uppgift": "Socialutskottet",
          "intressent_id": "0116759114313",
          "hangar_id": "2343149",
          "sortering": "50",
          "organ_sortering": "150",
          "uppdrag_rollsortering": "90",
          "uppdrag_statussortering": "90"
        },
        {
          "organ_kod": "SoU",
          "roll_kod": "Suppleant",
          "ordningsnummer": "14",
          "status": "",
          "typ": "uppdrag",
          "from": "2014-10-07",
          "tom": "2015-04-22",
          "uppgift": "Socialutskottet",
          "intressent_id": "0116759114313",
          "hangar_id": "2343149",
          "sortering": "50",
          "organ_sortering": "150",
          "uppdrag_rollsortering": "90",
          "uppdrag_statussortering": "90"
        },
        {
          "organ_kod": "EUN",
          "roll_kod": "Suppleant",
          "ordningsnummer": "14",
          "status": "",
          "typ": "uppdrag",
          "from": "2018-10-09",
          "tom": "2022-10-04",
          "uppgift": "EU-nämnden",
          "intressent_id": "0116759114313",
          "hangar_id": "2343149",
          "sortering": "50",
          "organ_sortering": "170",
          "uppdrag_rollsortering": "90",
          "uppdrag_statussortering": "90"
        },
        {
          "organ_kod": "EUN",
          "roll_kod": "Suppleant",
          "ordningsnummer": "52",
          "status": "",
          "typ": "uppdrag",
          "from": "2014-11-05",
          "tom": "2018-10-02",
          "uppgift": "EU-nämnden",
          "intressent_id": "0116759114313",
          "hangar_id": "2343149",
          "sortering": "50",
          "organ_sortering": "170",
          "uppdrag_rollsortering": "90",
          "uppdrag_statussortering": "90"
        }
      ]
    },
    "personuppgift": {
      "uppgift": [
        {
          "kod": "Officiell e-postadress",
          "uppgift": "bengt.eliasson[på]riksdagen.se",
          "typ": "eadress",
          "intressent_id": "0116759114313",
          "hangar_id": "2343149"
        },
        {
          "kod": "Tjänstetelefon",
          "uppgift": "64171",
          "typ": "telefonnummer",
          "intressent_id": "0116759114313",
          "hangar_id": "2343149"
        },
        {
          "kod": "sv",
          "uppgift": "Församlingsassistent.",
          "typ": "titlar",
          "intressent_id": "0116759114313",
          "hangar_id": "2343149"
        },
        {
          "kod": "en",
          "uppgift": "",
          "typ": "titlar",
          "intressent_id": "0116759114313",
          "hangar_id": "2343149"
        },
        {
          "kod": "KandiderarINastaVal",
          "uppgift": "true",
          "typ": "val",
          "intressent_id": "0116759114313",
          "hangar_id": "2343149"
        }
      ]
    }
  }
}