{
  "person": {
    "hangar_guid": "c95ee3a6-4f5b-49b4-9d32-96bd3f6c713d",
    "sourceid": "d7c32790-83e4-11d4-ae60-0050040c9b55",
    "intressent_id": "0905755961314",
    "hangar_id": "2342577",
    "fodd_ar": "1949",
    "kon": "man",
    "efternamn": "Elinderson",
    "tilltalsnamn": "Lars",
    "sorteringsnamn": "Elinderson,Lars",
    "iort": "",
    "parti": "M",
    "valkrets": "Västra Götalands läns östra",
    "status": "Tidigare riksdagsledamot",
    "person_url_xml": "http://data.riksdagen.se/person/d7c32790-83e4-11d4-ae60-0050040c9b55",
    "bild_url_80": "http://data.riksdagen.se/filarkiv/bilder/ledamot/d7c32790-83e4-11d4-ae60-0050040c9b55_80.jpg",
    "bild_url_192": "http://data.riksdagen.se/filarkiv/bilder/ledamot/d7c32790-83e4-11d4-ae60-0050040c9b55_192.jpg",
    "bild_url_max": "http://data.riksdagen.se/filarkiv/bilder/ledamot/d7c32790-83e4-11d4-ae60-0050040c9b55_max.jpg",
    "personuppdrag": {
      "uppdrag": [
        {
          "organ_kod": "kam",
          "roll_kod": "Riksdagsledamot",
          "ordningsnummer": "71",
          "status": "Tjänstgörande",
          "typ": "kammaruppdrag",
          "from": "2010-10-04",
          "tom": "2014-09-29",
          "uppgift": "",
          "intressent_id": "0905755961314",
          "hangar_id": "2342577",
          "sortering": "10",
          "organ_sortering": "10",
          "uppdrag_rollsortering": "60",
          "uppdrag_statussortering": "10"
        },
        {
          "organ_kod": "kam",
          "roll_kod": "Riksdagsledamot",
          "ordningsnummer": "101",
          "status": "Tjänstgörande",
          "typ": "kammaruppdrag",
          "from": "2006-10-02",
          "tom": "2010-10-04",
          "uppgift": "",
          "intressent_id": "0905755961314",
          "hangar_id": "2342577",
          "sortering": "10",
          "organ_sortering": "10",
          "uppdrag_rollsortering": "60",
          "uppdrag_statussortering": "10"
        },
        {
          "organ_kod": "kam",
          "roll_kod": "Ersättare",
          "ordningsnummer": "0",
          "status": "Ersättare",
          "typ": "kammaruppdrag",
          "from": "2004-04-13",
          "tom": "2004-08-06",
          "uppgift": "",
          "intressent_id": "0905755961314",
          "hangar_id": "2342577",
          "sortering": "45",
          "organ_sortering": "10",
          "uppdrag_rollsortering": "60",
          "uppdrag_statussortering": "20"
        },
        {
          "organ_kod": "kam",
          "roll_kod": "Riksdagsledamot",
          "ordningsnummer": "254",
          "status": "Tjänstgörande",
          "typ": "kammaruppdrag",
          "from": "1998-10-05",
          "tom": "2002-09-30",
          "uppgift": "",
          "intressent_id": "0905755961314",
          "hangar_id": "2342577",
          "sortering": "10",
          "organ_sortering": "10",
          "uppdrag_rollsortering": "60",
          "uppdrag_statussortering": "10"
        },
        {
          "organ_kod": "ÖN",
          "roll_kod": "Ledamot",
          "ordningsnummer": "3",
          "status": "",
          "typ": "Riksdagsorgan",
          "from": "2010-10-19",
          "tom": "2014-09-29",
          "uppgift": "Riksdagens överklagandenämnd",
          "intressent_id": "0905755961314",
          "hangar_id": "2342577",
          "sortering": "30",
          "organ_sortering": "300",
          "uppdrag_rollsortering": "90",
          "uppdrag_statussortering": "90"
        },
        {
          "organ_kod": "ÖN",
          "roll_kod": "Suppleant",
          "ordningsnummer": "4",
          "status": "",
          "typ": "Riksdagsorgan",
          "from": "2006-10-17",
          "tom": "2010-10-19",
          "uppgift": "Riksdagens överklagandenämnd",
          "intressent_id": "0905755961314",
          "hangar_id": "2342577",
          "sortering": "50",
          "organ_sortering": "300",
          "uppdrag_rollsortering": "90",
          "uppdrag_statussortering": "90"
        },
        {
          "organ_kod": "FiU",
          "roll_kod": "Ledamot",
          "ordningsnummer": "5",
          "status": "",
          "typ": "uppdrag",
          "from": "2006-10-10",
          "tom": "2010-10-04",
          "uppgift": "Finansutskottet",
          "intressent_id": "0905755961314",
          "hangar_id": "2342577",
          "sortering": "30",
          "organ_sortering": "150",
          "uppdrag_rollsortering": "90",
          "uppdrag_statussortering": "90"
        },
        {
          "organ_kod": "FiU",
          "roll_kod": "Suppleant",
          "ordningsnummer": "0",
          "status": "",
          "typ": "uppdrag",
          "from": "2004-04-13",
          "tom": "2004-08-06",
          "uppgift": "Finansutskottet",
          "intressent_id": "0905755961314",
          "hangar_id": "2342577",
          "sortering": "50",
          "organ_sortering": "150",
          "uppdrag_rollsortering": "90",
          "uppdrag_statussortering": "90"
        },
        {
          "organ_kod": "KrU",
          "roll_kod": "Suppleant",
          "ordningsnummer": "13",
          "status": "",
          "typ": "uppdrag",
          "from": "2010-10-12",
          "tom": "2011-04-05",
          "uppgift": "Kulturutskottet",
          "intressent_id": "0905755961314",
          "hangar_id": "2342577",
          "sortering": "50",
          "organ_sortering": "150",
          "uppdrag_rollsortering": "90",
          "uppdrag_statussortering": "90"
        },
        {
          "organ_kod": "KrU",
          "roll_kod": "Suppleant",
          "ordningsnummer": "13",
          "status": "",
          "typ": "uppdrag",
          "from": "2006-10-10",
          "tom": "2010-10-04",
          "uppgift": "Kulturutskottet",
          "intressent_id": "0905755961314",
          "hangar_id": "2342577",
          "sortering": "50",
          "organ_sortering": "150",
          "uppdrag_rollsortering": "90",
          "uppdrag_statussortering": "90"
        },
        {
          "organ_kod": "KU",
          "roll_kod": "Ledamot",
          "ordningsnummer": "5",
          "status": "",
          "typ": "uppdrag",
          "from": "2010-10-12",
          "tom": "2014-09-29",
          "uppgift": "Konstitutionsutskottet",
          "intressent_id": "0905755961314",
          "hangar_id": "2342577",
          "sortering": "30",
          "organ_sortering": "150",
          "uppdrag_rollsortering": "90",
          "uppdrag_statussortering": "90"
        },
        {
          "organ_kod": "MJU",
          "roll_kod": "Suppleant",
          "ordningsnummer": "0",
          "status": "",
          "typ": "uppdrag",
          "from": "2004-04-13",
          "tom": "2004-08-06",
          "uppgift": "Miljö- och jordbruksutskottet",
          "intressent_id": "0905755961314",
          "hangar_id": "2342577",
          "sortering": "50",
          "organ_sortering": "150",
          "uppdrag_rollsortering": "90",
          "uppdrag_statussortering": "90"
        },
        {
          "organ_kod": "SoU",
          "roll_kod": "Suppleant",
          "ordningsnummer": "0",
          "status": "",
          "typ": "uppdrag",
          "from": "1998-10-13",
          "tom": "2002-09-30",
          "uppgift": "Socialutskottet",
          "intressent_id": "0905755961314",
          "hangar_id": "2342577",
          "sortering": "50",
          "organ_sortering": "150",
          "uppdrag_rollsortering": "90",
          "uppdrag_statussortering": "90"
        },
        {
          "organ_kod": "TU",
          "roll_kod": "Suppleant",
          "ordningsnummer": "0",
          "status": "",
          "typ": "uppdrag",
          "from": "1998-10-13",
          "tom": "2002-09-30",
          "uppgift": "Trafikutskottet",
          "intressent_id": "0905755961314",
          "hangar_id": "2342577",
          "sortering": "50",
          "organ_sortering": "150",
          "uppdrag_rollsortering": "90",
          "uppdrag_statussortering": "90"
        }
      ]
    },
    "personuppgift": {
      "uppgift": [
        {
          "kod": "sv",
          "uppgift": "Ekonomie magister",
          "typ": "titlar",
          "intressent_id": "0905755961314",
          "hangar_id": "2342577"
        },
        {
          "kod": "en",
          "uppgift": "Economist",
          "typ": "titlar",
          "intressent_id": "0905755961314",
          "hangar_id": "2342577"
        }
      ]
    }
  }
}