{
  "person": {
    "hangar_guid": "a6cce0f4-03c7-4fda-abb4-1e02cbb6007a",
    "sourceid": "fc43f0dc-4fc1-4e6e-ba11-5b74b20a12b2",
    "intressent_id": "0861521539920",
    "hangar_id": "3057242",
    "fodd_ar": "1990",
    "kon": "man",
    "efternamn": "Emilsson",
    "tilltalsnamn": "Aron",
    "sorteringsnamn": "Emilsson,Aron",
    "iort": "",
    "parti": "SD",
    "valkrets": "Västra Götalands läns västra",
    "status": "Tjänstgörande riksdagsledamot",
    "person_url_xml": "http://data.riksdagen.se/person/fc43f0dc-4fc1-4e6e-ba11-5b74b20a12b2",
    "bild_url_80": "http://data.riksdagen.se/filarkiv/bilder/ledamot/fc43f0dc-4fc1-4e6e-ba11-5b74b20a12b2_80.jpg",
    "bild_url_192": "http://data.riksdagen.se/filarkiv/bilder/ledamot/fc43f0dc-4fc1-4e6e-ba11-5b74b20a12b2_192.jpg",
    "bild_url_max": "http://data.riksdagen.se/filarkiv/bilder/ledamot/fc43f0dc-4fc1-4e6e-ba11-5b74b20a12b2_max.jpg",
    "personuppdrag": {
      "uppdrag": [
        {
          "organ_kod": "kam",
          "roll_kod": "Riksdagsledamot",
          "ordningsnummer": "301",
          "status": "Tjänstgörande",
          "typ": "kammaruppdrag",
          "from": "2018-09-24",
          "tom": "2022-09-26",
          "uppgift": "",
          "intressent_id": "0861521539920",
          "hangar_id": "3057242",
          "sortering": "10",
          "organ_sortering": "10",
          "uppdrag_rollsortering": "60",
          "uppdrag_statussortering": "10"
        },
        {
          "organ_kod": "kam",
          "roll_kod": "Riksdagsledamot",
          "ordningsnummer": "331",
          "status": "Tjänstgörande",
          "typ": "kammaruppdrag",
          "from": "2014-09-29",
          "tom": "2018-09-24",
          "uppgift": "",
          "intressent_id": "0861521539920",
          "hangar_id": "3057242",
          "sortering": "10",
          "organ_sortering": "10",
          "uppdrag_rollsortering": "60",
          "uppdrag_statussortering": "10"
        },
        {
          "organ_kod": "BSPC",
          "roll_kod": "Ledamot",
          "ordningsnummer": "5",
          "status": "",
          "typ": "Riksdagsorgan",
          "from": "2018-10-24",
          "tom": "2022-10-24",
          "uppgift": "Riksdagens delegation till parlamentariska Östersjökonferensen",
          "intressent_id": "0861521539920",
          "hangar_id": "3057242",
          "sortering": "30",
          "organ_sortering": "",
          "uppdrag_rollsortering": "90",
          "uppdrag_statussortering": "90"
        },
        {
          "organ_kod": "NR",
          "roll_kod": "Ledamot",
          "ordningsnummer": "5",
          "status": "",
          "typ": "Riksdagsorgan",
          "from": "2019-10-02",
          "tom": "2020-10-30",
          "uppgift": "Nordiska rådets svenska delegation",
          "intressent_id": "0861521539920",
          "hangar_id": "3057242",
          "sortering": "30",
          "organ_sortering": "300",
          "uppdrag_rollsortering": "90",
          "uppdrag_statussortering": "90"
        },
        {
          "organ_kod": "NR",
          "roll_kod": "Ledamot",
          "ordningsnummer": "5",
          "status": "",
          "typ": "Riksdagsorgan",
          "from": "2018-10-09",
          "tom": "2019-10-02",
          "uppgift": "Nordiska rådets svenska delegation",
          "intressent_id": "0861521539920",
          "hangar_id": "3057242",
          "sortering": "30",
          "organ_sortering": "300",
          "uppdrag_rollsortering": "90",
          "uppdrag_statussortering": "90"
        },
        {
          "organ_kod": "NR",
          "roll_kod": "Ledamot",
          "ordningsnummer": "13",
          "status": "",
          "typ": "Riksdagsorgan",
          "from": "2017-09-28",
          "tom": "2018-10-09",
          "uppgift": "Nordiska rådets svenska delegation",
          "intressent_id": "0861521539920",
          "hangar_id": "3057242",
          "sortering": "30",
          "organ_sortering": "300",
          "uppdrag_rollsortering": "90",
          "uppdrag_statussortering": "90"
        },
        {
          "organ_kod": "NR",
          "roll_kod": "Ledamot",
          "ordningsnummer": "13",
          "status": "",
          "typ": "Riksdagsorgan",
          "from": "2016-09-29",
          "tom": "2017-09-28",
          "uppgift": "Nordiska rådets svenska delegation",
          "intressent_id": "0861521539920",
          "hangar_id": "3057242",
          "sortering": "30",
          "organ_sortering": "300",
          "uppdrag_rollsortering": "90",
          "uppdrag_statussortering": "90"
        },
        {
          "organ_kod": "NR",
          "roll_kod": "Ledamot",
          "ordningsnummer": "13",
          "status": "",
          "typ": "Riksdagsorgan",
          "from": "2015-10-01",
          "tom": "2016-09-29",
          "uppgift": "Nordiska rådets svenska delegation",
          "intressent_id": "0861521539920",
          "hangar_id": "3057242",
          "sortering": "30",
          "organ_sortering": "300",
          "uppdrag_rollsortering": "90",
          "uppdrag_statussortering": "90"
        },
        {
          "organ_kod": "NR",
          "roll_kod": "Ledamot",
          "ordningsnummer": "13",
          "status": "",
          "typ": "Riksdagsorgan",
          "from": "2014-10-07",
          "tom": "2015-10-01",
          "uppgift": "Nordiska rådets svenska delegation",
          "intressent_id": "0861521539920",
          "hangar_id": "3057242",
          "sortering": "30",
          "organ_sortering": "300",
          "uppdrag_rollsortering": "90",
          "uppdrag_statussortering": "90"
        },
        {
          "organ_kod": "KrU",
          "roll_kod": "Ledamot",
          "ordningsnummer": "5",
          "status": "",
          "typ": "uppdrag",
          "from": "2018-10-02",
          "tom": "2022-09-26",
          "uppgift": "Kulturutskottet",
          "intressent_id": "0861521539920",
          "hangar_id": "3057242",
          "sortering": "30",
          "organ_sortering": "150",
          "uppdrag_rollsortering": "90",
          "uppdrag_statussortering": "90"
        },
        {
          "organ_kod": "KrU",
          "roll_kod": "Ledamot",
          "ordningsnummer": "6",
          "status": "",
          "typ": "uppdrag",
          "from": "2014-10-07",
          "tom": "2018-09-24",
          "uppgift": "Kulturutskottet",
          "intressent_id": "0861521539920",
          "hangar_id": "3057242",
          "sortering": "30",
          "organ_sortering": "150",
          "uppdrag_rollsortering": "90",
          "uppdrag_statussortering": "90"
        },
        {
          "organ_kod": "MJU",
          "roll_kod": "Suppleant",
          "ordningsnummer": "13",
          "status": "",
          "typ": "uppdrag",
          "from": "2014-10-07",
          "tom": "2017-02-24",
          "uppgift": "Miljö- och jordbruksutskottet",
          "intressent_id": "0861521539920",
          "hangar_id": "3057242",
          "sortering": "50",
          "organ_sortering": "150",
          "uppdrag_rollsortering": "90",
          "uppdrag_statussortering": "90"
        },
        {
          "organ_kod": "CKrU",
          "roll_kod": "Deputerad",
          "ordningsnummer": "13",
          "status": "",
          "typ": "uppdrag",
          "from": "2018-03-13",
          "tom": "2018-05-24",
          "uppgift": "Sammansatta civil- och kulturutskottet",
          "intressent_id": "0861521539920",
          "hangar_id": "3057242",
          "sortering": "40",
          "organ_sortering": "160",
          "uppdrag_rollsortering": "90",
          "uppdrag_statussortering": "90"
        }
      ]
    },
    "personuppgift": {
      "uppgift": [
        {
          "kod": "Officiell e-postadress",
          "uppgift": "aron.emilsson[på]riksdagen.se",
          "typ": "eadress",
          "intressent_id": "0861521539920",
          "hangar_id": "3057242"
        },
        {
          "kod": "sv",
          "uppgift": "Fil.kand. ",
          "typ": "titlar",
          "intressent_id": "0861521539920",
          "hangar_id": "3057242"
        },
        {
          "kod": "en",
          "uppgift": "",
          "typ": "titlar",
          "intressent_id": "0861521539920",
          "hangar_id": "3057242"
        },
        {
          "kod": "KandiderarINastaVal",
          "uppgift": "true",
          "typ": "val",
          "intressent_id": "0861521539920",
          "hangar_id": "3057242"
        }
      ]
    }
  }
}