{
  "person": {
    "hangar_guid": "0f5e24d9-78e4-4a34-b577-4231221ebc88",
    "sourceid": "9f07b5bc-929c-4da5-b564-6b6990a9ecfb",
    "intressent_id": "0251564185908",
    "hangar_id": "2342472",
    "fodd_ar": "1947",
    "kon": "kvinna",
    "efternamn": "Engle",
    "tilltalsnamn": "Kerstin",
    "sorteringsnamn": "Engle,Kerstin",
    "iort": "",
    "parti": "S",
    "valkrets": "Skåne läns norra och östra",
    "status": "Tidigare riksdagsledamot",
    "person_url_xml": "http://data.riksdagen.se/person/9f07b5bc-929c-4da5-b564-6b6990a9ecfb",
    "bild_url_80": "http://data.riksdagen.se/filarkiv/bilder/ledamot/9f07b5bc-929c-4da5-b564-6b6990a9ecfb_80.jpg",
    "bild_url_192": "http://data.riksdagen.se/filarkiv/bilder/ledamot/9f07b5bc-929c-4da5-b564-6b6990a9ecfb_192.jpg",
    "bild_url_max": "http://data.riksdagen.se/filarkiv/bilder/ledamot/9f07b5bc-929c-4da5-b564-6b6990a9ecfb_max.jpg",
    "personuppdrag": {
      "uppdrag": [
        {
          "organ_kod": "kam",
          "roll_kod": "Riksdagsledamot",
          "ordningsnummer": "17",
          "status": "Tjänstgörande",
          "typ": "kammaruppdrag",
          "from": "2010-10-04",
          "tom": "2014-09-29",
          "uppgift": "",
          "intressent_id": "0251564185908",
          "hangar_id": "2342472",
          "sortering": "10",
          "organ_sortering": "10",
          "uppdrag_rollsortering": "60",
          "uppdrag_statussortering": "10"
        },
        {
          "organ_kod": "kam",
          "roll_kod": "Riksdagsledamot",
          "ordningsnummer": "38",
          "status": "Tjänstgörande",
          "typ": "kammaruppdrag",
          "from": "2006-10-02",
          "tom": "2010-10-04",
          "uppgift": "",
          "intressent_id": "0251564185908",
          "hangar_id": "2342472",
          "sortering": "10",
          "organ_sortering": "10",
          "uppdrag_rollsortering": "60",
          "uppdrag_statussortering": "10"
        },
        {
          "organ_kod": "kam",
          "roll_kod": "Riksdagsledamot",
          "ordningsnummer": "185",
          "status": "Tjänstgörande",
          "typ": "kammaruppdrag",
          "from": "2002-09-30",
          "tom": "2006-10-02",
          "uppgift": "",
          "intressent_id": "0251564185908",
          "hangar_id": "2342472",
          "sortering": "10",
          "organ_sortering": "10",
          "uppdrag_rollsortering": "60",
          "uppdrag_statussortering": "10"
        },
        {
          "organ_kod": "EMPA",
          "roll_kod": "Vice ordförande",
          "ordningsnummer": "2",
          "status": "",
          "typ": "Riksdagsorgan",
          "from": "2010-11-17",
          "tom": "2011-03-16",
          "uppgift": "Riksdagens delegation till den parlamentariska församlingen för Europa-Medelhavsområdet",
          "intressent_id": "0251564185908",
          "hangar_id": "2342472",
          "sortering": "20",
          "organ_sortering": "",
          "uppdrag_rollsortering": "90",
          "uppdrag_statussortering": "90"
        },
        {
          "organ_kod": "OSSE",
          "roll_kod": "Suppleant",
          "ordningsnummer": "8",
          "status": "",
          "typ": "Riksdagsorgan",
          "from": "2010-10-19",
          "tom": "2014-09-29",
          "uppgift": "OSSE-delegationen",
          "intressent_id": "0251564185908",
          "hangar_id": "2342472",
          "sortering": "50",
          "organ_sortering": "300",
          "uppdrag_rollsortering": "90",
          "uppdrag_statussortering": "90"
        },
        {
          "organ_kod": "PA-UfM",
          "roll_kod": "Vice ordförande",
          "ordningsnummer": "2",
          "status": "",
          "typ": "Riksdagsorgan",
          "from": "2011-03-16",
          "tom": "2014-09-29",
          "uppgift": "Riksdagens delegation till den parlamentariska församlingen för Unionen för Medelhavet",
          "intressent_id": "0251564185908",
          "hangar_id": "2342472",
          "sortering": "20",
          "organ_sortering": "300",
          "uppdrag_rollsortering": "90",
          "uppdrag_statussortering": "90"
        },
        {
          "organ_kod": "FöU",
          "roll_kod": "Suppleant",
          "ordningsnummer": "24",
          "status": "",
          "typ": "uppdrag",
          "from": "2007-01-17",
          "tom": "2010-10-04",
          "uppgift": "Försvarsutskottet",
          "intressent_id": "0251564185908",
          "hangar_id": "2342472",
          "sortering": "50",
          "organ_sortering": "150",
          "uppdrag_rollsortering": "90",
          "uppdrag_statussortering": "90"
        },
        {
          "organ_kod": "FöU",
          "roll_kod": "Suppleant",
          "ordningsnummer": "0",
          "status": "",
          "typ": "uppdrag",
          "from": "2002-10-08",
          "tom": "2006-10-02",
          "uppgift": "Försvarsutskottet",
          "intressent_id": "0251564185908",
          "hangar_id": "2342472",
          "sortering": "50",
          "organ_sortering": "150",
          "uppdrag_rollsortering": "90",
          "uppdrag_statussortering": "90"
        },
        {
          "organ_kod": "KrU",
          "roll_kod": "Ledamot",
          "ordningsnummer": "6",
          "status": "",
          "typ": "uppdrag",
          "from": "2010-10-12",
          "tom": "2014-09-29",
          "uppgift": "Kulturutskottet",
          "intressent_id": "0251564185908",
          "hangar_id": "2342472",
          "sortering": "30",
          "organ_sortering": "150",
          "uppdrag_rollsortering": "90",
          "uppdrag_statussortering": "90"
        },
        {
          "organ_kod": "SoU",
          "roll_kod": "Suppleant",
          "ordningsnummer": "11",
          "status": "",
          "typ": "uppdrag",
          "from": "2006-10-10",
          "tom": "2010-10-04",
          "uppgift": "Socialutskottet",
          "intressent_id": "0251564185908",
          "hangar_id": "2342472",
          "sortering": "50",
          "organ_sortering": "150",
          "uppdrag_rollsortering": "90",
          "uppdrag_statussortering": "90"
        },
        {
          "organ_kod": "TU",
          "roll_kod": "Ledamot",
          "ordningsnummer": "0",
          "status": "",
          "typ": "uppdrag",
          "from": "2006-10-10",
          "tom": "2007-02-13",
          "uppgift": "Trafikutskottet",
          "intressent_id": "0251564185908",
          "hangar_id": "2342472",
          "sortering": "30",
          "organ_sortering": "150",
          "uppdrag_rollsortering": "90",
          "uppdrag_statussortering": "90"
        },
        {
          "organ_kod": "TU",
          "roll_kod": "Ledamot",
          "ordningsnummer": "0",
          "status": "",
          "typ": "uppdrag",
          "from": "2002-10-08",
          "tom": "2006-10-02",
          "uppgift": "Trafikutskottet",
          "intressent_id": "0251564185908",
          "hangar_id": "2342472",
          "sortering": "30",
          "organ_sortering": "150",
          "uppdrag_rollsortering": "90",
          "uppdrag_statussortering": "90"
        },
        {
          "organ_kod": "UU",
          "roll_kod": "Suppleant",
          "ordningsnummer": "4",
          "status": "",
          "typ": "uppdrag",
          "from": "2010-10-12",
          "tom": "2014-09-29",
          "uppgift": "Utrikesutskottet",
          "intressent_id": "0251564185908",
          "hangar_id": "2342472",
          "sortering": "50",
          "organ_sortering": "150",
          "uppdrag_rollsortering": "90",
          "uppdrag_statussortering": "90"
        },
        {
          "organ_kod": "UU",
          "roll_kod": "Ledamot",
          "ordningsnummer": "11",
          "status": "",
          "typ": "uppdrag",
          "from": "2007-01-23",
          "tom": "2010-10-04",
          "uppgift": "Utrikesutskottet",
          "intressent_id": "0251564185908",
          "hangar_id": "2342472",
          "sortering": "30",
          "organ_sortering": "150",
          "uppdrag_rollsortering": "90",
          "uppdrag_statussortering": "90"
        },
        {
          "organ_kod": "KUU",
          "roll_kod": "Suppleant",
          "ordningsnummer": "0",
          "status": "",
          "typ": "uppdrag",
          "from": "2007-03-27",
          "tom": "2009-05-06",
          "uppgift": "Sammansatta konstitutions- och utrikesutskottet",
          "intressent_id": "0251564185908",
          "hangar_id": "2342472",
          "sortering": "50",
          "organ_sortering": "160",
          "uppdrag_rollsortering": "90",
          "uppdrag_statussortering": "90"
        },
        {
          "organ_kod": "UFöU",
          "roll_kod": "Suppleant",
          "ordningsnummer": "9",
          "status": "",
          "typ": "uppdrag",
          "from": "2010-02-04",
          "tom": "2010-03-03",
          "uppgift": "Sammansatta utrikes- och försvarsutskottet",
          "intressent_id": "0251564185908",
          "hangar_id": "2342472",
          "sortering": "50",
          "organ_sortering": "160",
          "uppdrag_rollsortering": "90",
          "uppdrag_statussortering": "90"
        },
        {
          "organ_kod": "UFöU",
          "roll_kod": "Deputerad",
          "ordningsnummer": "15",
          "status": "",
          "typ": "uppdrag",
          "from": "2009-11-12",
          "tom": "2009-12-09",
          "uppgift": "Sammansatta utrikes- och försvarsutskottet",
          "intressent_id": "0251564185908",
          "hangar_id": "2342472",
          "sortering": "40",
          "organ_sortering": "160",
          "uppdrag_rollsortering": "90",
          "uppdrag_statussortering": "90"
        },
        {
          "organ_kod": "UFöU",
          "roll_kod": "Suppleant",
          "ordningsnummer": "0",
          "status": "",
          "typ": "uppdrag",
          "from": "2009-02-12",
          "tom": "2009-03-12",
          "uppgift": "Sammansatta utrikes- och försvarsutskottet",
          "intressent_id": "0251564185908",
          "hangar_id": "2342472",
          "sortering": "50",
          "organ_sortering": "160",
          "uppdrag_rollsortering": "90",
          "uppdrag_statussortering": "90"
        },
        {
          "organ_kod": "UFöU",
          "roll_kod": "Suppleant",
          "ordningsnummer": "0",
          "status": "",
          "typ": "uppdrag",
          "from": "2008-11-20",
          "tom": "2008-12-19",
          "uppgift": "Sammansatta utrikes- och försvarsutskottet",
          "intressent_id": "0251564185908",
          "hangar_id": "2342472",
          "sortering": "50",
          "organ_sortering": "160",
          "uppdrag_rollsortering": "90",
          "uppdrag_statussortering": "90"
        },
        {
          "organ_kod": "UFöU",
          "roll_kod": "Suppleant",
          "ordningsnummer": "0",
          "status": "",
          "typ": "uppdrag",
          "from": "2007-10-18",
          "tom": "2008-06-18",
          "uppgift": "Sammansatta utrikes- och försvarsutskottet",
          "intressent_id": "0251564185908",
          "hangar_id": "2342472",
          "sortering": "50",
          "organ_sortering": "160",
          "uppdrag_rollsortering": "90",
          "uppdrag_statussortering": "90"
        },
        {
          "organ_kod": "UFöU",
          "roll_kod": "Suppleant",
          "ordningsnummer": "0",
          "status": "",
          "typ": "uppdrag",
          "from": "2007-03-22",
          "tom": "2007-06-01",
          "uppgift": "Sammansatta utrikes- och försvarsutskottet",
          "intressent_id": "0251564185908",
          "hangar_id": "2342472",
          "sortering": "50",
          "organ_sortering": "160",
          "uppdrag_rollsortering": "90",
          "uppdrag_statussortering": "90"
        }
      ]
    },
    "personuppgift": {
      "uppgift": [
        {
          "kod": "sv",
          "uppgift": "Försäkringskonsult",
          "typ": "titlar",
          "intressent_id": "0251564185908",
          "hangar_id": "2342472"
        },
        {
          "kod": "en",
          "uppgift": "Insurance Consultant",
          "typ": "titlar",
          "intressent_id": "0251564185908",
          "hangar_id": "2342472"
        }
      ]
    }
  }
}