{
  "person": {
    "hangar_guid": "767b9f34-e3db-46c9-9ce6-dc54e84c2572",
    "sourceid": "7f7df9f9-d5e3-4782-a09e-959ade067ade",
    "intressent_id": "0978492597607",
    "hangar_id": "2342177",
    "fodd_ar": "1942",
    "kon": "kvinna",
    "efternamn": "Engman",
    "tilltalsnamn": "Gerd",
    "sorteringsnamn": "Engman,Gerd",
    "iort": "",
    "parti": "S",
    "valkrets": "",
    "status": "Tidigare ersättare",
    "person_url_xml": "http://data.riksdagen.se/person/7f7df9f9-d5e3-4782-a09e-959ade067ade",
    "bild_url_80": "http://data.riksdagen.se/filarkiv/bilder/ledamot/7f7df9f9-d5e3-4782-a09e-959ade067ade_80.jpg",
    "bild_url_192": "http://data.riksdagen.se/filarkiv/bilder/ledamot/7f7df9f9-d5e3-4782-a09e-959ade067ade_192.jpg",
    "bild_url_max": "http://data.riksdagen.se/filarkiv/bilder/ledamot/7f7df9f9-d5e3-4782-a09e-959ade067ade_max.jpg",
    "personuppdrag": {
      "uppdrag": [
        {
          "organ_kod": "kam",
          "roll_kod": "Ersättare",
          "ordningsnummer": "17",
          "status": "Ersättare",
          "typ": "kammaruppdrag",
          "from": "1988-11-08",
          "tom": "1989-01-09",
          "uppgift": "Bengt Lindqvist",
          "intressent_id": "0978492597607",
          "hangar_id": "2342177",
          "sortering": "45",
          "organ_sortering": "10",
          "uppdrag_rollsortering": "60",
          "uppdrag_statussortering": "20"
        },
        {
          "organ_kod": "kam",
          "roll_kod": "Ersättare",
          "ordningsnummer": "0",
          "status": "Ersättare",
          "typ": "kammaruppdrag",
          "from": "1985-10-01",
          "tom": "1985-10-14",
          "uppgift": "Mats Hellström",
          "intressent_id": "0978492597607",
          "hangar_id": "2342177",
          "sortering": "45",
          "organ_sortering": "10",
          "uppdrag_rollsortering": "60",
          "uppdrag_statussortering": "20"
        },
        {
          "organ_kod": "kam",
          "roll_kod": "Ersättare",
          "ordningsnummer": "0",
          "status": "Ersättare",
          "typ": "kammaruppdrag",
          "from": "1984-12-21",
          "tom": "1985-09-30",
          "uppgift": "Mats Hellström",
          "intressent_id": "0978492597607",
          "hangar_id": "2342177",
          "sortering": "45",
          "organ_sortering": "10",
          "uppdrag_rollsortering": "60",
          "uppdrag_statussortering": "20"
        },
        {
          "organ_kod": "kam",
          "roll_kod": "Ersättare",
          "ordningsnummer": "0",
          "status": "Ersättare",
          "typ": "kammaruppdrag",
          "from": "1983-01-13",
          "tom": "1984-11-18",
          "uppgift": "Mats Hellström",
          "intressent_id": "0978492597607",
          "hangar_id": "2342177",
          "sortering": "45",
          "organ_sortering": "10",
          "uppdrag_rollsortering": "60",
          "uppdrag_statussortering": "20"
        },
        {
          "organ_kod": "SkU",
          "roll_kod": "Ledamot",
          "ordningsnummer": "0",
          "status": "",
          "typ": "uppdrag",
          "from": "1988-10-11",
          "tom": "1989-01-10",
          "uppgift": "Skatteutskottet",
          "intressent_id": "0978492597607",
          "hangar_id": "2342177",
          "sortering": "30",
          "organ_sortering": "150",
          "uppdrag_rollsortering": "90",
          "uppdrag_statussortering": "90"
        },
        {
          "organ_kod": "TU",
          "roll_kod": "Suppleant",
          "ordningsnummer": "0",
          "status": "",
          "typ": "uppdrag",
          "from": "1988-10-11",
          "tom": "1989-01-10",
          "uppgift": "Trafikutskottet",
          "intressent_id": "0978492597607",
          "hangar_id": "2342177",
          "sortering": "50",
          "organ_sortering": "150",
          "uppdrag_rollsortering": "90",
          "uppdrag_statussortering": "90"
        }
      ]
    },
    "personuppgift": ""
  }
}