{
  "person": {
    "hangar_guid": "4dfa2046-fa7a-4583-aa8c-54c6172dea22",
    "sourceid": "22fbd180-3870-4f26-a5ee-eeab42b00de8",
    "intressent_id": "085742305813",
    "hangar_id": "3057409",
    "fodd_ar": "1968",
    "kon": "man",
    "efternamn": "Engström",
    "tilltalsnamn": "Patrik",
    "sorteringsnamn": "Engström,Patrik",
    "iort": "",
    "parti": "S",
    "valkrets": "Dalarnas län",
    "status": "Tjänstgörande riksdagsledamot",
    "person_url_xml": "http://data.riksdagen.se/person/22fbd180-3870-4f26-a5ee-eeab42b00de8",
    "bild_url_80": "http://data.riksdagen.se/filarkiv/bilder/ledamot/22fbd180-3870-4f26-a5ee-eeab42b00de8_80.jpg",
    "bild_url_192": "http://data.riksdagen.se/filarkiv/bilder/ledamot/22fbd180-3870-4f26-a5ee-eeab42b00de8_192.jpg",
    "bild_url_max": "http://data.riksdagen.se/filarkiv/bilder/ledamot/22fbd180-3870-4f26-a5ee-eeab42b00de8_max.jpg",
    "personuppdrag": {
      "uppdrag": [
        {
          "organ_kod": "kam",
          "roll_kod": "Riksdagsledamot",
          "ordningsnummer": "308",
          "status": "Tjänstgörande",
          "typ": "kammaruppdrag",
          "from": "2018-09-24",
          "tom": "2022-09-26",
          "uppgift": "",
          "intressent_id": "085742305813",
          "hangar_id": "3057409",
          "sortering": "10",
          "organ_sortering": "10",
          "uppdrag_rollsortering": "60",
          "uppdrag_statussortering": "10"
        },
        {
          "organ_kod": "kam",
          "roll_kod": "Riksdagsledamot",
          "ordningsnummer": "74",
          "status": "Tjänstgörande",
          "typ": "kammaruppdrag",
          "from": "2017-04-01",
          "tom": "2018-09-24",
          "uppgift": "",
          "intressent_id": "085742305813",
          "hangar_id": "3057409",
          "sortering": "10",
          "organ_sortering": "10",
          "uppdrag_rollsortering": "60",
          "uppdrag_statussortering": "10"
        },
        {
          "organ_kod": "kam",
          "roll_kod": "Statsrådsersättare",
          "ordningsnummer": "46",
          "status": "Ersättare",
          "typ": "kammaruppdrag",
          "from": "2014-10-03",
          "tom": "2017-03-31",
          "uppgift": "Peter Hultqvist",
          "intressent_id": "085742305813",
          "hangar_id": "3057409",
          "sortering": "",
          "organ_sortering": "10",
          "uppdrag_rollsortering": "60",
          "uppdrag_statussortering": "20"
        },
        {
          "organ_kod": "ÖN",
          "roll_kod": "Ledamot",
          "ordningsnummer": "3",
          "status": "",
          "typ": "Riksdagsorgan",
          "from": "2018-10-09",
          "tom": "2022-10-09",
          "uppgift": "Riksdagens överklagandenämnd",
          "intressent_id": "085742305813",
          "hangar_id": "3057409",
          "sortering": "30",
          "organ_sortering": "300",
          "uppdrag_rollsortering": "90",
          "uppdrag_statussortering": "90"
        },
        {
          "organ_kod": "ÖN",
          "roll_kod": "Ledamot",
          "ordningsnummer": "3",
          "status": "",
          "typ": "Riksdagsorgan",
          "from": "2017-04-06",
          "tom": "2018-10-09",
          "uppgift": "Riksdagens överklagandenämnd",
          "intressent_id": "085742305813",
          "hangar_id": "3057409",
          "sortering": "30",
          "organ_sortering": "300",
          "uppdrag_rollsortering": "90",
          "uppdrag_statussortering": "90"
        },
        {
          "organ_kod": "AU",
          "roll_kod": "Suppleant",
          "ordningsnummer": "11",
          "status": "",
          "typ": "uppdrag",
          "from": "2018-10-02",
          "tom": "2022-09-26",
          "uppgift": "Arbetsmarknadsutskottet",
          "intressent_id": "085742305813",
          "hangar_id": "3057409",
          "sortering": "50",
          "organ_sortering": "150",
          "uppdrag_rollsortering": "90",
          "uppdrag_statussortering": "90"
        },
        {
          "organ_kod": "NU",
          "roll_kod": "Suppleant",
          "ordningsnummer": "1",
          "status": "",
          "typ": "uppdrag",
          "from": "2018-10-02",
          "tom": "2022-09-26",
          "uppgift": "Näringsutskottet",
          "intressent_id": "085742305813",
          "hangar_id": "3057409",
          "sortering": "50",
          "organ_sortering": "150",
          "uppdrag_rollsortering": "90",
          "uppdrag_statussortering": "90"
        },
        {
          "organ_kod": "NU",
          "roll_kod": "Suppleant",
          "ordningsnummer": "1",
          "status": "",
          "typ": "uppdrag",
          "from": "2018-04-12",
          "tom": "2018-09-24",
          "uppgift": "Näringsutskottet",
          "intressent_id": "085742305813",
          "hangar_id": "3057409",
          "sortering": "50",
          "organ_sortering": "150",
          "uppdrag_rollsortering": "90",
          "uppdrag_statussortering": "90"
        },
        {
          "organ_kod": "NU",
          "roll_kod": "Suppleant",
          "ordningsnummer": "3",
          "status": "",
          "typ": "uppdrag",
          "from": "2017-04-27",
          "tom": "2018-04-12",
          "uppgift": "Näringsutskottet",
          "intressent_id": "085742305813",
          "hangar_id": "3057409",
          "sortering": "50",
          "organ_sortering": "150",
          "uppdrag_rollsortering": "90",
          "uppdrag_statussortering": "90"
        },
        {
          "organ_kod": "SfU",
          "roll_kod": "Suppleant",
          "ordningsnummer": "1",
          "status": "",
          "typ": "uppdrag",
          "from": "2014-10-07",
          "tom": "2017-05-07",
          "uppgift": "Socialförsäkringsutskottet",
          "intressent_id": "085742305813",
          "hangar_id": "3057409",
          "sortering": "50",
          "organ_sortering": "150",
          "uppdrag_rollsortering": "90",
          "uppdrag_statussortering": "90"
        },
        {
          "organ_kod": "TU",
          "roll_kod": "Suppleant",
          "ordningsnummer": "27",
          "status": "",
          "typ": "uppdrag",
          "from": "2017-06-26",
          "tom": "2018-09-24",
          "uppgift": "Trafikutskottet",
          "intressent_id": "085742305813",
          "hangar_id": "3057409",
          "sortering": "50",
          "organ_sortering": "150",
          "uppdrag_rollsortering": "90",
          "uppdrag_statussortering": "90"
        }
      ]
    },
    "personuppgift": {
      "uppgift": [
        {
          "kod": "Officiell e-postadress",
          "uppgift": "patrik.engstrom[på]riksdagen.se",
          "typ": "eadress",
          "intressent_id": "085742305813",
          "hangar_id": "3057409"
        },
        {
          "kod": "Tjänstetelefon",
          "uppgift": "64791",
          "typ": "telefonnummer",
          "intressent_id": "085742305813",
          "hangar_id": "3057409"
        },
        {
          "kod": "sv",
          "uppgift": "Industriarbetare.",
          "typ": "titlar",
          "intressent_id": "085742305813",
          "hangar_id": "3057409"
        },
        {
          "kod": "en",
          "uppgift": "",
          "typ": "titlar",
          "intressent_id": "085742305813",
          "hangar_id": "3057409"
        },
        {
          "kod": "KandiderarINastaVal",
          "uppgift": "true",
          "typ": "val",
          "intressent_id": "085742305813",
          "hangar_id": "3057409"
        }
      ]
    }
  }
}