{
  "person": {
    "hangar_guid": "6c8f7c38-6f06-4300-8210-8f54ac6f84f3",
    "sourceid": "d7c32504-83e4-11d4-ae60-0050040c9b55",
    "intressent_id": "0607691439013",
    "hangar_id": "2343335",
    "fodd_ar": "1966",
    "kon": "kvinna",
    "efternamn": "Enström",
    "tilltalsnamn": "Karin",
    "sorteringsnamn": "Enström,Karin",
    "iort": "",
    "parti": "M",
    "valkrets": "Stockholms län",
    "status": "Tjänstgörande riksdagsledamot",
    "person_url_xml": "http://data.riksdagen.se/person/d7c32504-83e4-11d4-ae60-0050040c9b55",
    "bild_url_80": "http://data.riksdagen.se/filarkiv/bilder/ledamot/d7c32504-83e4-11d4-ae60-0050040c9b55_80.jpg",
    "bild_url_192": "http://data.riksdagen.se/filarkiv/bilder/ledamot/d7c32504-83e4-11d4-ae60-0050040c9b55_192.jpg",
    "bild_url_max": "http://data.riksdagen.se/filarkiv/bilder/ledamot/d7c32504-83e4-11d4-ae60-0050040c9b55_max.jpg",
    "personuppdrag": {
      "uppdrag": [
        {
          "organ_kod": "Fö",
          "roll_kod": "Försvarsminister",
          "ordningsnummer": "22",
          "status": "",
          "typ": "Departement",
          "from": "2012-04-18",
          "tom": "2014-10-03",
          "uppgift": "Försvarsdepartementet",
          "intressent_id": "0607691439013",
          "hangar_id": "2343335",
          "sortering": "50",
          "organ_sortering": "",
          "uppdrag_rollsortering": "90",
          "uppdrag_statussortering": "90"
        },
        {
          "organ_kod": "kam",
          "roll_kod": "Riksdagsledamot",
          "ordningsnummer": "7",
          "status": "Tjänstgörande",
          "typ": "kammaruppdrag",
          "from": "2018-09-24",
          "tom": "2022-09-26",
          "uppgift": "",
          "intressent_id": "0607691439013",
          "hangar_id": "2343335",
          "sortering": "10",
          "organ_sortering": "10",
          "uppdrag_rollsortering": "60",
          "uppdrag_statussortering": "10"
        },
        {
          "organ_kod": "kam",
          "roll_kod": "Riksdagsledamot",
          "ordningsnummer": "26",
          "status": "Tjänstgörande",
          "typ": "kammaruppdrag",
          "from": "2014-10-04",
          "tom": "2018-09-24",
          "uppgift": "",
          "intressent_id": "0607691439013",
          "hangar_id": "2343335",
          "sortering": "10",
          "organ_sortering": "10",
          "uppdrag_rollsortering": "60",
          "uppdrag_statussortering": "10"
        },
        {
          "organ_kod": "kam",
          "roll_kod": "Riksdagsledamot",
          "ordningsnummer": "26",
          "status": "Ledig",
          "typ": "kammaruppdrag",
          "from": "2014-09-29",
          "tom": "2014-10-03",
          "uppgift": "Björn Samuelson 2013-01-01 - 2014-09-29, Isabella Hökmark 2014-09-29 - 2014-10-03  Statsråd",
          "intressent_id": "0607691439013",
          "hangar_id": "2343335",
          "sortering": "10",
          "organ_sortering": "10",
          "uppdrag_rollsortering": "60",
          "uppdrag_statussortering": "30"
        },
        {
          "organ_kod": "kam",
          "roll_kod": "Riksdagsledamot",
          "ordningsnummer": "55",
          "status": "Ledig",
          "typ": "kammaruppdrag",
          "from": "2012-04-18",
          "tom": "2014-09-29",
          "uppgift": "Edip Noyan 2012-04-19 - 2012-08-15, Bino Drummond 2012-08-16 - 2012-12-31, Björn Samuelson 2013-01-01 - 2014-09-29  Statsråd",
          "intressent_id": "0607691439013",
          "hangar_id": "2343335",
          "sortering": "10",
          "organ_sortering": "10",
          "uppdrag_rollsortering": "60",
          "uppdrag_statussortering": "30"
        },
        {
          "organ_kod": "kam",
          "roll_kod": "Riksdagsledamot",
          "ordningsnummer": "55",
          "status": "Tjänstgörande",
          "typ": "kammaruppdrag",
          "from": "2010-10-04",
          "tom": "2012-04-17",
          "uppgift": "",
          "intressent_id": "0607691439013",
          "hangar_id": "2343335",
          "sortering": "10",
          "organ_sortering": "10",
          "uppdrag_rollsortering": "60",
          "uppdrag_statussortering": "10"
        },
        {
          "organ_kod": "kam",
          "roll_kod": "Riksdagsledamot",
          "ordningsnummer": "115",
          "status": "Tjänstgörande",
          "typ": "kammaruppdrag",
          "from": "2006-10-02",
          "tom": "2010-10-04",
          "uppgift": "",
          "intressent_id": "0607691439013",
          "hangar_id": "2343335",
          "sortering": "10",
          "organ_sortering": "10",
          "uppdrag_rollsortering": "60",
          "uppdrag_statussortering": "10"
        },
        {
          "organ_kod": "kam",
          "roll_kod": "Riksdagsledamot",
          "ordningsnummer": "57",
          "status": "Tjänstgörande",
          "typ": "kammaruppdrag",
          "from": "2002-09-30",
          "tom": "2006-10-02",
          "uppgift": "",
          "intressent_id": "0607691439013",
          "hangar_id": "2343335",
          "sortering": "10",
          "organ_sortering": "10",
          "uppdrag_rollsortering": "60",
          "uppdrag_statussortering": "10"
        },
        {
          "organ_kod": "kam",
          "roll_kod": "Riksdagsledamot",
          "ordningsnummer": "64",
          "status": "Tjänstgörande",
          "typ": "kammaruppdrag",
          "from": "1998-10-05",
          "tom": "2002-09-30",
          "uppgift": "",
          "intressent_id": "0607691439013",
          "hangar_id": "2343335",
          "sortering": "10",
          "organ_sortering": "10",
          "uppdrag_rollsortering": "60",
          "uppdrag_statussortering": "10"
        },
        {
          "organ_kod": "KD",
          "roll_kod": "Ledamot",
          "ordningsnummer": "31",
          "status": "",
          "typ": "Riksdagsorgan",
          "from": "2018-10-09",
          "tom": "2022-10-09",
          "uppgift": "Krigsdelegationen",
          "intressent_id": "0607691439013",
          "hangar_id": "2343335",
          "sortering": "30",
          "organ_sortering": "300",
          "uppdrag_rollsortering": "90",
          "uppdrag_statussortering": "90"
        },
        {
          "organ_kod": "KD",
          "roll_kod": "Ledamot",
          "ordningsnummer": "46",
          "status": "",
          "typ": "Riksdagsorgan",
          "from": "2014-10-14",
          "tom": "2018-10-09",
          "uppgift": "Krigsdelegationen",
          "intressent_id": "0607691439013",
          "hangar_id": "2343335",
          "sortering": "30",
          "organ_sortering": "300",
          "uppdrag_rollsortering": "90",
          "uppdrag_statussortering": "90"
        },
        {
          "organ_kod": "KD",
          "roll_kod": "Ledamot",
          "ordningsnummer": "36",
          "status": "",
          "typ": "Riksdagsorgan",
          "from": "2010-10-19",
          "tom": "2014-10-14",
          "uppgift": "Krigsdelegationen",
          "intressent_id": "0607691439013",
          "hangar_id": "2343335",
          "sortering": "30",
          "organ_sortering": "300",
          "uppdrag_rollsortering": "90",
          "uppdrag_statussortering": "90"
        },
        {
          "organ_kod": "NATO",
          "roll_kod": "Ordförande",
          "ordningsnummer": "2",
          "status": "",
          "typ": "Riksdagsorgan",
          "from": "2018-10-24",
          "tom": "2022-10-24",
          "uppgift": "Riksdagens delegation till Natos parlamentariska församling",
          "intressent_id": "0607691439013",
          "hangar_id": "2343335",
          "sortering": "10",
          "organ_sortering": "300",
          "uppdrag_rollsortering": "90",
          "uppdrag_statussortering": "90"
        },
        {
          "organ_kod": "NATO",
          "roll_kod": "Vice ordförande",
          "ordningsnummer": "2",
          "status": "",
          "typ": "Riksdagsorgan",
          "from": "2014-11-05",
          "tom": "2018-10-24",
          "uppgift": "Riksdagens delegation till Natos parlamentariska församling",
          "intressent_id": "0607691439013",
          "hangar_id": "2343335",
          "sortering": "20",
          "organ_sortering": "300",
          "uppdrag_rollsortering": "90",
          "uppdrag_statussortering": "90"
        },
        {
          "organ_kod": "NATO",
          "roll_kod": "Ledamot",
          "ordningsnummer": "2",
          "status": "",
          "typ": "Riksdagsorgan",
          "from": "2014-10-28",
          "tom": "2014-11-05",
          "uppgift": "Riksdagens delegation till Natos parlamentariska församling",
          "intressent_id": "0607691439013",
          "hangar_id": "2343335",
          "sortering": "30",
          "organ_sortering": "300",
          "uppdrag_rollsortering": "90",
          "uppdrag_statussortering": "90"
        },
        {
          "organ_kod": "NATO",
          "roll_kod": "Ordförande",
          "ordningsnummer": "1",
          "status": "",
          "typ": "Riksdagsorgan",
          "from": "2010-11-17",
          "tom": "2012-04-17",
          "uppgift": "Riksdagens delegation till Natos parlamentariska församling",
          "intressent_id": "0607691439013",
          "hangar_id": "2343335",
          "sortering": "10",
          "organ_sortering": "300",
          "uppdrag_rollsortering": "90",
          "uppdrag_statussortering": "90"
        },
        {
          "organ_kod": "RS",
          "roll_kod": "Ersättare",
          "ordningsnummer": "2",
          "status": "",
          "typ": "Riksdagsorgan",
          "from": "2018-10-02",
          "tom": "2022-10-02",
          "uppgift": "Riksdagsstyrelsen",
          "intressent_id": "0607691439013",
          "hangar_id": "2343335",
          "sortering": "45",
          "organ_sortering": "300",
          "uppdrag_rollsortering": "60",
          "uppdrag_statussortering": "90"
        },
        {
          "organ_kod": "UN",
          "roll_kod": "Suppleant",
          "ordningsnummer": "2",
          "status": "",
          "typ": "Riksdagsorgan",
          "from": "2018-10-02",
          "tom": "2022-10-02",
          "uppgift": "Utrikesnämnden",
          "intressent_id": "0607691439013",
          "hangar_id": "2343335",
          "sortering": "50",
          "organ_sortering": "300",
          "uppdrag_rollsortering": "90",
          "uppdrag_statussortering": "90"
        },
        {
          "organ_kod": "UN",
          "roll_kod": "Suppleant",
          "ordningsnummer": "2",
          "status": "",
          "typ": "Riksdagsorgan",
          "from": "2014-10-07",
          "tom": "2018-10-02",
          "uppgift": "Utrikesnämnden",
          "intressent_id": "0607691439013",
          "hangar_id": "2343335",
          "sortering": "50",
          "organ_sortering": "300",
          "uppdrag_rollsortering": "90",
          "uppdrag_statussortering": "90"
        },
        {
          "organ_kod": "UN",
          "roll_kod": "Ledamot",
          "ordningsnummer": "3",
          "status": "",
          "typ": "Riksdagsorgan",
          "from": "2010-10-12",
          "tom": "2012-04-17",
          "uppgift": "Utrikesnämnden",
          "intressent_id": "0607691439013",
          "hangar_id": "2343335",
          "sortering": "30",
          "organ_sortering": "300",
          "uppdrag_rollsortering": "90",
          "uppdrag_statussortering": "90"
        },
        {
          "organ_kod": "FöU",
          "roll_kod": "Ledamot",
          "ordningsnummer": "3",
          "status": "",
          "typ": "uppdrag",
          "from": "2006-10-10",
          "tom": "2010-10-04",
          "uppgift": "Försvarsutskottet",
          "intressent_id": "0607691439013",
          "hangar_id": "2343335",
          "sortering": "30",
          "organ_sortering": "150",
          "uppdrag_rollsortering": "90",
          "uppdrag_statussortering": "90"
        },
        {
          "organ_kod": "FöU",
          "roll_kod": "Ledamot",
          "ordningsnummer": "0",
          "status": "",
          "typ": "uppdrag",
          "from": "2002-10-08",
          "tom": "2006-10-02",
          "uppgift": "Försvarsutskottet",
          "intressent_id": "0607691439013",
          "hangar_id": "2343335",
          "sortering": "30",
          "organ_sortering": "150",
          "uppdrag_rollsortering": "90",
          "uppdrag_statussortering": "90"
        },
        {
          "organ_kod": "JuU",
          "roll_kod": "Suppleant",
          "ordningsnummer": "0",
          "status": "",
          "typ": "uppdrag",
          "from": "2000-02-15",
          "tom": "2002-09-30",
          "uppgift": "Justitieutskottet",
          "intressent_id": "0607691439013",
          "hangar_id": "2343335",
          "sortering": "50",
          "organ_sortering": "150",
          "uppdrag_rollsortering": "90",
          "uppdrag_statussortering": "90"
        },
        {
          "organ_kod": "KU",
          "roll_kod": "Ordförande",
          "ordningsnummer": "2",
          "status": "",
          "typ": "uppdrag",
          "from": "2019-02-26",
          "tom": "2022-09-26",
          "uppgift": "Konstitutionsutskottet",
          "intressent_id": "0607691439013",
          "hangar_id": "2343335",
          "sortering": "10",
          "organ_sortering": "150",
          "uppdrag_rollsortering": "90",
          "uppdrag_statussortering": "90"
        },
        {
          "organ_kod": "KU",
          "roll_kod": "Ledamot",
          "ordningsnummer": "2",
          "status": "",
          "typ": "uppdrag",
          "from": "2019-02-13",
          "tom": "2019-02-26",
          "uppgift": "Konstitutionsutskottet",
          "intressent_id": "0607691439013",
          "hangar_id": "2343335",
          "sortering": "30",
          "organ_sortering": "150",
          "uppdrag_rollsortering": "90",
          "uppdrag_statussortering": "90"
        },
        {
          "organ_kod": "KU",
          "roll_kod": "Suppleant",
          "ordningsnummer": "0",
          "status": "",
          "typ": "uppdrag",
          "from": "1998-10-13",
          "tom": "2000-02-15",
          "uppgift": "Konstitutionsutskottet",
          "intressent_id": "0607691439013",
          "hangar_id": "2343335",
          "sortering": "50",
          "organ_sortering": "150",
          "uppdrag_rollsortering": "90",
          "uppdrag_statussortering": "90"
        },
        {
          "organ_kod": "SfU",
          "roll_kod": "Suppleant",
          "ordningsnummer": "0",
          "status": "",
          "typ": "uppdrag",
          "from": "2002-10-15",
          "tom": "2006-10-02",
          "uppgift": "Socialförsäkringsutskottet",
          "intressent_id": "0607691439013",
          "hangar_id": "2343335",
          "sortering": "50",
          "organ_sortering": "150",
          "uppdrag_rollsortering": "90",
          "uppdrag_statussortering": "90"
        },
        {
          "organ_kod": "UU",
          "roll_kod": "Suppleant",
          "ordningsnummer": "30",
          "status": "",
          "typ": "uppdrag",
          "from": "2018-01-19",
          "tom": "2018-09-24",
          "uppgift": "Utrikesutskottet",
          "intressent_id": "0607691439013",
          "hangar_id": "2343335",
          "sortering": "50",
          "organ_sortering": "150",
          "uppdrag_rollsortering": "90",
          "uppdrag_statussortering": "90"
        },
        {
          "organ_kod": "UU",
          "roll_kod": "Vice ordförande",
          "ordningsnummer": "2",
          "status": "",
          "typ": "uppdrag",
          "from": "2014-10-07",
          "tom": "2017-12-19",
          "uppgift": "Utrikesutskottet",
          "intressent_id": "0607691439013",
          "hangar_id": "2343335",
          "sortering": "20",
          "organ_sortering": "150",
          "uppdrag_rollsortering": "90",
          "uppdrag_statussortering": "90"
        },
        {
          "organ_kod": "UU",
          "roll_kod": "Ordförande",
          "ordningsnummer": "1",
          "status": "",
          "typ": "uppdrag",
          "from": "2010-10-12",
          "tom": "2012-04-17",
          "uppgift": "Utrikesutskottet",
          "intressent_id": "0607691439013",
          "hangar_id": "2343335",
          "sortering": "10",
          "organ_sortering": "150",
          "uppdrag_rollsortering": "90",
          "uppdrag_statussortering": "90"
        },
        {
          "organ_kod": "UU",
          "roll_kod": "Ledamot",
          "ordningsnummer": "1",
          "status": "",
          "typ": "uppdrag",
          "from": "2010-10-12",
          "tom": "2010-10-12",
          "uppgift": "Utrikesutskottet",
          "intressent_id": "0607691439013",
          "hangar_id": "2343335",
          "sortering": "30",
          "organ_sortering": "150",
          "uppdrag_rollsortering": "90",
          "uppdrag_statussortering": "90"
        },
        {
          "organ_kod": "UU",
          "roll_kod": "Suppleant",
          "ordningsnummer": "21",
          "status": "",
          "typ": "uppdrag",
          "from": "2006-10-24",
          "tom": "2010-10-04",
          "uppgift": "Utrikesutskottet",
          "intressent_id": "0607691439013",
          "hangar_id": "2343335",
          "sortering": "50",
          "organ_sortering": "150",
          "uppdrag_rollsortering": "90",
          "uppdrag_statussortering": "90"
        },
        {
          "organ_kod": "UU",
          "roll_kod": "Suppleant",
          "ordningsnummer": "0",
          "status": "",
          "typ": "uppdrag",
          "from": "2002-10-08",
          "tom": "2006-10-02",
          "uppgift": "Utrikesutskottet",
          "intressent_id": "0607691439013",
          "hangar_id": "2343335",
          "sortering": "50",
          "organ_sortering": "150",
          "uppdrag_rollsortering": "90",
          "uppdrag_statussortering": "90"
        },
        {
          "organ_kod": "UU",
          "roll_kod": "Suppleant",
          "ordningsnummer": "0",
          "status": "",
          "typ": "uppdrag",
          "from": "1998-10-13",
          "tom": "2002-09-30",
          "uppgift": "Utrikesutskottet",
          "intressent_id": "0607691439013",
          "hangar_id": "2343335",
          "sortering": "50",
          "organ_sortering": "150",
          "uppdrag_rollsortering": "90",
          "uppdrag_statussortering": "90"
        },
        {
          "organ_kod": "KUU",
          "roll_kod": "Suppleant",
          "ordningsnummer": "0",
          "status": "",
          "typ": "uppdrag",
          "from": "2002-04-18",
          "tom": "2002-06-04",
          "uppgift": "Sammansatta konstitutions- och utrikesutskottet",
          "intressent_id": "0607691439013",
          "hangar_id": "2343335",
          "sortering": "50",
          "organ_sortering": "160",
          "uppdrag_rollsortering": "90",
          "uppdrag_statussortering": "90"
        },
        {
          "organ_kod": "UFöU",
          "roll_kod": "Deputerad",
          "ordningsnummer": "4",
          "status": "",
          "typ": "uppdrag",
          "from": "2017-11-14",
          "tom": "2017-12-15",
          "uppgift": "Sammansatta utrikes- och försvarsutskottet",
          "intressent_id": "0607691439013",
          "hangar_id": "2343335",
          "sortering": "40",
          "organ_sortering": "160",
          "uppdrag_rollsortering": "90",
          "uppdrag_statussortering": "90"
        },
        {
          "organ_kod": "UFöU",
          "roll_kod": "Ordförande",
          "ordningsnummer": "4",
          "status": "",
          "typ": "uppdrag",
          "from": "2017-05-02",
          "tom": "2017-06-14",
          "uppgift": "Sammansatta utrikes- och försvarsutskottet",
          "intressent_id": "0607691439013",
          "hangar_id": "2343335",
          "sortering": "10",
          "organ_sortering": "160",
          "uppdrag_rollsortering": "90",
          "uppdrag_statussortering": "90"
        },
        {
          "organ_kod": "UFöU",
          "roll_kod": "Deputerad",
          "ordningsnummer": "4",
          "status": "",
          "typ": "uppdrag",
          "from": "2016-11-15",
          "tom": "2016-12-14",
          "uppgift": "Sammansatta utrikes- och försvarsutskottet",
          "intressent_id": "0607691439013",
          "hangar_id": "2343335",
          "sortering": "40",
          "organ_sortering": "160",
          "uppdrag_rollsortering": "90",
          "uppdrag_statussortering": "90"
        },
        {
          "organ_kod": "UFöU",
          "roll_kod": "Vice ordförande",
          "ordningsnummer": "4",
          "status": "",
          "typ": "uppdrag",
          "from": "2016-04-28",
          "tom": "2016-05-25",
          "uppgift": "Sammansatta utrikes- och försvarsutskottet",
          "intressent_id": "0607691439013",
          "hangar_id": "2343335",
          "sortering": "20",
          "organ_sortering": "160",
          "uppdrag_rollsortering": "90",
          "uppdrag_statussortering": "90"
        },
        {
          "organ_kod": "UFöU",
          "roll_kod": "Ordförande",
          "ordningsnummer": "4",
          "status": "",
          "typ": "uppdrag",
          "from": "2016-04-12",
          "tom": "2016-04-28",
          "uppgift": "Sammansatta utrikes- och försvarsutskottet",
          "intressent_id": "0607691439013",
          "hangar_id": "2343335",
          "sortering": "10",
          "organ_sortering": "160",
          "uppdrag_rollsortering": "90",
          "uppdrag_statussortering": "90"
        },
        {
          "organ_kod": "UFöU",
          "roll_kod": "Deputerad",
          "ordningsnummer": "4",
          "status": "",
          "typ": "uppdrag",
          "from": "2015-11-17",
          "tom": "2015-12-16",
          "uppgift": "Sammansatta utrikes- och försvarsutskottet",
          "intressent_id": "0607691439013",
          "hangar_id": "2343335",
          "sortering": "40",
          "organ_sortering": "160",
          "uppdrag_rollsortering": "90",
          "uppdrag_statussortering": "90"
        },
        {
          "organ_kod": "UFöU",
          "roll_kod": "Deputerad",
          "ordningsnummer": "4",
          "status": "",
          "typ": "uppdrag",
          "from": "2015-05-19",
          "tom": "2015-06-16",
          "uppgift": "Sammansatta utrikes- och försvarsutskottet",
          "intressent_id": "0607691439013",
          "hangar_id": "2343335",
          "sortering": "40",
          "organ_sortering": "160",
          "uppdrag_rollsortering": "90",
          "uppdrag_statussortering": "90"
        },
        {
          "organ_kod": "UFöU",
          "roll_kod": "Ordförande",
          "ordningsnummer": "4",
          "status": "",
          "typ": "uppdrag",
          "from": "2015-04-14",
          "tom": "2015-05-19",
          "uppgift": "Sammansatta utrikes- och försvarsutskottet",
          "intressent_id": "0607691439013",
          "hangar_id": "2343335",
          "sortering": "10",
          "organ_sortering": "160",
          "uppdrag_rollsortering": "90",
          "uppdrag_statussortering": "90"
        },
        {
          "organ_kod": "UFöU",
          "roll_kod": "Deputerad",
          "ordningsnummer": "4",
          "status": "",
          "typ": "uppdrag",
          "from": "2014-11-20",
          "tom": "2014-12-17",
          "uppgift": "Sammansatta utrikes- och försvarsutskottet",
          "intressent_id": "0607691439013",
          "hangar_id": "2343335",
          "sortering": "40",
          "organ_sortering": "160",
          "uppdrag_rollsortering": "90",
          "uppdrag_statussortering": "90"
        },
        {
          "organ_kod": "UFöU",
          "roll_kod": "Ordförande",
          "ordningsnummer": "1",
          "status": "",
          "typ": "uppdrag",
          "from": "2011-11-24",
          "tom": "2011-12-14",
          "uppgift": "Sammansatta utrikes- och försvarsutskottet",
          "intressent_id": "0607691439013",
          "hangar_id": "2343335",
          "sortering": "10",
          "organ_sortering": "160",
          "uppdrag_rollsortering": "90",
          "uppdrag_statussortering": "90"
        },
        {
          "organ_kod": "UFöU",
          "roll_kod": "Deputerad",
          "ordningsnummer": "1",
          "status": "",
          "typ": "uppdrag",
          "from": "2011-09-20",
          "tom": "2011-09-21",
          "uppgift": "Sammansatta utrikes- och försvarsutskottet",
          "intressent_id": "0607691439013",
          "hangar_id": "2343335",
          "sortering": "40",
          "organ_sortering": "160",
          "uppdrag_rollsortering": "90",
          "uppdrag_statussortering": "90"
        },
        {
          "organ_kod": "UFöU",
          "roll_kod": "Ordförande",
          "ordningsnummer": "1",
          "status": "",
          "typ": "uppdrag",
          "from": "2011-06-16",
          "tom": "2011-06-17",
          "uppgift": "Sammansatta utrikes- och försvarsutskottet",
          "intressent_id": "0607691439013",
          "hangar_id": "2343335",
          "sortering": "10",
          "organ_sortering": "160",
          "uppdrag_rollsortering": "90",
          "uppdrag_statussortering": "90"
        },
        {
          "organ_kod": "UFöU",
          "roll_kod": "Deputerad",
          "ordningsnummer": "1",
          "status": "",
          "typ": "uppdrag",
          "from": "2011-03-31",
          "tom": "2011-04-01",
          "uppgift": "Sammansatta utrikes- och försvarsutskottet",
          "intressent_id": "0607691439013",
          "hangar_id": "2343335",
          "sortering": "40",
          "organ_sortering": "160",
          "uppdrag_rollsortering": "90",
          "uppdrag_statussortering": "90"
        },
        {
          "organ_kod": "UFöU",
          "roll_kod": "Ordförande",
          "ordningsnummer": "1",
          "status": "",
          "typ": "uppdrag",
          "from": "2010-11-23",
          "tom": "2010-12-15",
          "uppgift": "Sammansatta utrikes- och försvarsutskottet",
          "intressent_id": "0607691439013",
          "hangar_id": "2343335",
          "sortering": "10",
          "organ_sortering": "160",
          "uppdrag_rollsortering": "90",
          "uppdrag_statussortering": "90"
        },
        {
          "organ_kod": "UFöU",
          "roll_kod": "Deputerad",
          "ordningsnummer": "10",
          "status": "",
          "typ": "uppdrag",
          "from": "2010-02-04",
          "tom": "2010-03-03",
          "uppgift": "Sammansatta utrikes- och försvarsutskottet",
          "intressent_id": "0607691439013",
          "hangar_id": "2343335",
          "sortering": "40",
          "organ_sortering": "160",
          "uppdrag_rollsortering": "90",
          "uppdrag_statussortering": "90"
        },
        {
          "organ_kod": "UFöU",
          "roll_kod": "Vice ordförande",
          "ordningsnummer": "3",
          "status": "",
          "typ": "uppdrag",
          "from": "2009-11-12",
          "tom": "2009-12-09",
          "uppgift": "Sammansatta utrikes- och försvarsutskottet",
          "intressent_id": "0607691439013",
          "hangar_id": "2343335",
          "sortering": "20",
          "organ_sortering": "160",
          "uppdrag_rollsortering": "90",
          "uppdrag_statussortering": "90"
        },
        {
          "organ_kod": "UFöU",
          "roll_kod": "Deputerad",
          "ordningsnummer": "0",
          "status": "",
          "typ": "uppdrag",
          "from": "2009-02-12",
          "tom": "2009-03-12",
          "uppgift": "Sammansatta utrikes- och försvarsutskottet",
          "intressent_id": "0607691439013",
          "hangar_id": "2343335",
          "sortering": "40",
          "organ_sortering": "160",
          "uppdrag_rollsortering": "90",
          "uppdrag_statussortering": "90"
        },
        {
          "organ_kod": "UFöU",
          "roll_kod": "Deputerad",
          "ordningsnummer": "0",
          "status": "",
          "typ": "uppdrag",
          "from": "2008-11-20",
          "tom": "2008-12-19",
          "uppgift": "Sammansatta utrikes- och försvarsutskottet",
          "intressent_id": "0607691439013",
          "hangar_id": "2343335",
          "sortering": "40",
          "organ_sortering": "160",
          "uppdrag_rollsortering": "90",
          "uppdrag_statussortering": "90"
        },
        {
          "organ_kod": "UFöU",
          "roll_kod": "Deputerad",
          "ordningsnummer": "0",
          "status": "",
          "typ": "uppdrag",
          "from": "2007-10-18",
          "tom": "2008-06-18",
          "uppgift": "Sammansatta utrikes- och försvarsutskottet",
          "intressent_id": "0607691439013",
          "hangar_id": "2343335",
          "sortering": "40",
          "organ_sortering": "160",
          "uppdrag_rollsortering": "90",
          "uppdrag_statussortering": "90"
        },
        {
          "organ_kod": "UFöU",
          "roll_kod": "Deputerad",
          "ordningsnummer": "0",
          "status": "",
          "typ": "uppdrag",
          "from": "2007-03-22",
          "tom": "2007-06-01",
          "uppgift": "Sammansatta utrikes- och försvarsutskottet",
          "intressent_id": "0607691439013",
          "hangar_id": "2343335",
          "sortering": "40",
          "organ_sortering": "160",
          "uppdrag_rollsortering": "90",
          "uppdrag_statussortering": "90"
        },
        {
          "organ_kod": "UFöU",
          "roll_kod": "Deputerad",
          "ordningsnummer": "0",
          "status": "",
          "typ": "uppdrag",
          "from": "2006-10-10",
          "tom": "2006-10-13",
          "uppgift": "Sammansatta utrikes- och försvarsutskottet",
          "intressent_id": "0607691439013",
          "hangar_id": "2343335",
          "sortering": "40",
          "organ_sortering": "160",
          "uppdrag_rollsortering": "90",
          "uppdrag_statussortering": "90"
        },
        {
          "organ_kod": "UFöU",
          "roll_kod": "Deputerad",
          "ordningsnummer": "0",
          "status": "",
          "typ": "uppdrag",
          "from": "2006-05-18",
          "tom": "2006-06-14",
          "uppgift": "Sammansatta utrikes- och försvarsutskottet",
          "intressent_id": "0607691439013",
          "hangar_id": "2343335",
          "sortering": "40",
          "organ_sortering": "160",
          "uppdrag_rollsortering": "90",
          "uppdrag_statussortering": "90"
        },
        {
          "organ_kod": "UFöU",
          "roll_kod": "Deputerad",
          "ordningsnummer": "0",
          "status": "",
          "typ": "uppdrag",
          "from": "2005-11-22",
          "tom": "2005-12-07",
          "uppgift": "Sammansatta utrikes- och försvarsutskottet",
          "intressent_id": "0607691439013",
          "hangar_id": "2343335",
          "sortering": "40",
          "organ_sortering": "160",
          "uppdrag_rollsortering": "90",
          "uppdrag_statussortering": "90"
        },
        {
          "organ_kod": "UFöU",
          "roll_kod": "Deputerad",
          "ordningsnummer": "0",
          "status": "",
          "typ": "uppdrag",
          "from": "2004-10-19",
          "tom": "2004-12-15",
          "uppgift": "Sammansatta utrikes- och försvarsutskottet",
          "intressent_id": "0607691439013",
          "hangar_id": "2343335",
          "sortering": "40",
          "organ_sortering": "160",
          "uppdrag_rollsortering": "90",
          "uppdrag_statussortering": "90"
        },
        {
          "organ_kod": "UFöU",
          "roll_kod": "Suppleant",
          "ordningsnummer": "0",
          "status": "",
          "typ": "uppdrag",
          "from": "2003-06-11",
          "tom": "2003-06-12",
          "uppgift": "Sammansatta utrikes- och försvarsutskottet",
          "intressent_id": "0607691439013",
          "hangar_id": "2343335",
          "sortering": "50",
          "organ_sortering": "160",
          "uppdrag_rollsortering": "90",
          "uppdrag_statussortering": "90"
        },
        {
          "organ_kod": "UFöU",
          "roll_kod": "Suppleant",
          "ordningsnummer": "0",
          "status": "",
          "typ": "uppdrag",
          "from": "2002-05-31",
          "tom": "2002-06-12",
          "uppgift": "Sammansatta utrikes- och försvarsutskottet",
          "intressent_id": "0607691439013",
          "hangar_id": "2343335",
          "sortering": "50",
          "organ_sortering": "160",
          "uppdrag_rollsortering": "90",
          "uppdrag_statussortering": "90"
        },
        {
          "organ_kod": "UFöU",
          "roll_kod": "Deputerad",
          "ordningsnummer": "0",
          "status": "",
          "typ": "uppdrag",
          "from": "2002-01-17",
          "tom": "2002-01-18",
          "uppgift": "Sammansatta utrikes- och försvarsutskottet",
          "intressent_id": "0607691439013",
          "hangar_id": "2343335",
          "sortering": "40",
          "organ_sortering": "160",
          "uppdrag_rollsortering": "90",
          "uppdrag_statussortering": "90"
        },
        {
          "organ_kod": "UFöU",
          "roll_kod": "Suppleant",
          "ordningsnummer": "0",
          "status": "",
          "typ": "uppdrag",
          "from": "2001-10-25",
          "tom": "2001-12-11",
          "uppgift": "Sammansatta utrikes- och försvarsutskottet",
          "intressent_id": "0607691439013",
          "hangar_id": "2343335",
          "sortering": "50",
          "organ_sortering": "160",
          "uppdrag_rollsortering": "90",
          "uppdrag_statussortering": "90"
        },
        {
          "organ_kod": "UFöU",
          "roll_kod": "Deputerad",
          "ordningsnummer": "0",
          "status": "",
          "typ": "uppdrag",
          "from": "1999-03-23",
          "tom": "1999-09-13",
          "uppgift": "Sammansatta utrikes- och försvarsutskottet",
          "intressent_id": "0607691439013",
          "hangar_id": "2343335",
          "sortering": "40",
          "organ_sortering": "160",
          "uppdrag_rollsortering": "90",
          "uppdrag_statussortering": "90"
        },
        {
          "organ_kod": "EUN",
          "roll_kod": "Ledamot",
          "ordningsnummer": "2",
          "status": "",
          "typ": "uppdrag",
          "from": "2018-10-02",
          "tom": "2019-02-14",
          "uppgift": "EU-nämnden",
          "intressent_id": "0607691439013",
          "hangar_id": "2343335",
          "sortering": "30",
          "organ_sortering": "170",
          "uppdrag_rollsortering": "90",
          "uppdrag_statussortering": "90"
        },
        {
          "organ_kod": "EUN",
          "roll_kod": "Ledamot",
          "ordningsnummer": "2",
          "status": "",
          "typ": "uppdrag",
          "from": "2017-12-19",
          "tom": "2018-10-02",
          "uppgift": "EU-nämnden",
          "intressent_id": "0607691439013",
          "hangar_id": "2343335",
          "sortering": "30",
          "organ_sortering": "170",
          "uppdrag_rollsortering": "90",
          "uppdrag_statussortering": "90"
        },
        {
          "organ_kod": "EUN",
          "roll_kod": "Suppleant",
          "ordningsnummer": "31",
          "status": "",
          "typ": "uppdrag",
          "from": "2014-10-14",
          "tom": "2017-12-19",
          "uppgift": "EU-nämnden",
          "intressent_id": "0607691439013",
          "hangar_id": "2343335",
          "sortering": "50",
          "organ_sortering": "170",
          "uppdrag_rollsortering": "90",
          "uppdrag_statussortering": "90"
        }
      ]
    },
    "personuppgift": {
      "uppgift": [
        {
          "kod": "Webbsida",
          "uppgift": "http://moderaterna.se/stockholm/karin-enstrom",
          "typ": "eadress",
          "intressent_id": "0607691439013",
          "hangar_id": "2343335"
        },
        {
          "kod": "Officiell e-postadress",
          "uppgift": "karin.enstrom[på]riksdagen.se",
          "typ": "eadress",
          "intressent_id": "0607691439013",
          "hangar_id": "2343335"
        },
        {
          "kod": "Tjänstetelefon",
          "uppgift": "64898",
          "typ": "telefonnummer",
          "intressent_id": "0607691439013",
          "hangar_id": "2343335"
        },
        {
          "kod": "sv",
          "uppgift": "Kapten i amfibiekåren.",
          "typ": "titlar",
          "intressent_id": "0607691439013",
          "hangar_id": "2343335"
        },
        {
          "kod": "en",
          "uppgift": "Captain, Coast Artillery",
          "typ": "titlar",
          "intressent_id": "0607691439013",
          "hangar_id": "2343335"
        },
        {
          "kod": "KandiderarINastaVal",
          "uppgift": "true",
          "typ": "val",
          "intressent_id": "0607691439013",
          "hangar_id": "2343335"
        }
      ]
    }
  }
}