{
  "person": {
    "hangar_guid": "45b2ca23-ffb7-4dcb-957f-ba6d2ee2c98a",
    "sourceid": "17e24c81-05c0-4420-ace8-a2a1c03f96a4",
    "intressent_id": "0745594497101",
    "hangar_id": "2342531",
    "fodd_ar": "1948",
    "kon": "man",
    "efternamn": "Ericson",
    "tilltalsnamn": "Lars-Ivar",
    "sorteringsnamn": "Ericson,Lars-Ivar",
    "iort": "",
    "parti": "C",
    "valkrets": "Skåne läns norra och östra",
    "status": "Tidigare riksdagsledamot",
    "person_url_xml": "http://data.riksdagen.se/person/17e24c81-05c0-4420-ace8-a2a1c03f96a4",
    "bild_url_80": "http://data.riksdagen.se/filarkiv/bilder/ledamot/17e24c81-05c0-4420-ace8-a2a1c03f96a4_80.jpg",
    "bild_url_192": "http://data.riksdagen.se/filarkiv/bilder/ledamot/17e24c81-05c0-4420-ace8-a2a1c03f96a4_192.jpg",
    "bild_url_max": "http://data.riksdagen.se/filarkiv/bilder/ledamot/17e24c81-05c0-4420-ace8-a2a1c03f96a4_max.jpg",
    "personuppdrag": {
      "uppdrag": [
        {
          "organ_kod": "kam",
          "roll_kod": "Riksdagsledamot",
          "ordningsnummer": "39",
          "status": "Tjänstgörande",
          "typ": "kammaruppdrag",
          "from": "2006-10-02",
          "tom": "2009-01-31",
          "uppgift": "",
          "intressent_id": "0745594497101",
          "hangar_id": "2342531",
          "sortering": "10",
          "organ_sortering": "10",
          "uppdrag_rollsortering": "60",
          "uppdrag_statussortering": "10"
        },
        {
          "organ_kod": "kam",
          "roll_kod": "Riksdagsledamot",
          "ordningsnummer": "186",
          "status": "Tjänstgörande",
          "typ": "kammaruppdrag",
          "from": "2002-09-30",
          "tom": "2006-10-02",
          "uppgift": "",
          "intressent_id": "0745594497101",
          "hangar_id": "2342531",
          "sortering": "10",
          "organ_sortering": "10",
          "uppdrag_rollsortering": "60",
          "uppdrag_statussortering": "10"
        },
        {
          "organ_kod": "AU",
          "roll_kod": "Suppleant",
          "ordningsnummer": "0",
          "status": "",
          "typ": "uppdrag",
          "from": "2002-10-15",
          "tom": "2006-10-02",
          "uppgift": "Arbetsmarknadsutskottet",
          "intressent_id": "0745594497101",
          "hangar_id": "2342531",
          "sortering": "50",
          "organ_sortering": "150",
          "uppdrag_rollsortering": "90",
          "uppdrag_statussortering": "90"
        },
        {
          "organ_kod": "KrU",
          "roll_kod": "Suppleant",
          "ordningsnummer": "0",
          "status": "",
          "typ": "uppdrag",
          "from": "2006-10-24",
          "tom": "2009-01-31",
          "uppgift": "Kulturutskottet",
          "intressent_id": "0745594497101",
          "hangar_id": "2342531",
          "sortering": "50",
          "organ_sortering": "150",
          "uppdrag_rollsortering": "90",
          "uppdrag_statussortering": "90"
        },
        {
          "organ_kod": "KrU",
          "roll_kod": "Suppleant",
          "ordningsnummer": "0",
          "status": "",
          "typ": "uppdrag",
          "from": "2002-10-08",
          "tom": "2006-10-02",
          "uppgift": "Kulturutskottet",
          "intressent_id": "0745594497101",
          "hangar_id": "2342531",
          "sortering": "50",
          "organ_sortering": "150",
          "uppdrag_rollsortering": "90",
          "uppdrag_statussortering": "90"
        },
        {
          "organ_kod": "SoU",
          "roll_kod": "Ledamot",
          "ordningsnummer": "0",
          "status": "",
          "typ": "uppdrag",
          "from": "2006-10-10",
          "tom": "2009-01-31",
          "uppgift": "Socialutskottet",
          "intressent_id": "0745594497101",
          "hangar_id": "2342531",
          "sortering": "30",
          "organ_sortering": "150",
          "uppdrag_rollsortering": "90",
          "uppdrag_statussortering": "90"
        },
        {
          "organ_kod": "SoU",
          "roll_kod": "Suppleant",
          "ordningsnummer": "0",
          "status": "",
          "typ": "uppdrag",
          "from": "2002-10-15",
          "tom": "2006-10-02",
          "uppgift": "Socialutskottet",
          "intressent_id": "0745594497101",
          "hangar_id": "2342531",
          "sortering": "50",
          "organ_sortering": "150",
          "uppdrag_rollsortering": "90",
          "uppdrag_statussortering": "90"
        }
      ]
    },
    "personuppgift": {
      "uppgift": [
        {
          "kod": "sv",
          "uppgift": "Komminister",
          "typ": "titlar",
          "intressent_id": "0745594497101",
          "hangar_id": "2342531"
        },
        {
          "kod": "en",
          "uppgift": "Vicar",
          "typ": "titlar",
          "intressent_id": "0745594497101",
          "hangar_id": "2342531"
        },
        {
          "kod": "KandiderarINastaVal",
          "uppgift": "true",
          "typ": "val",
          "intressent_id": "0745594497101",
          "hangar_id": "2342531"
        }
      ]
    }
  }
}