{
  "person": {
    "hangar_guid": "2aa95ea2-fc21-4b04-bf59-62dc05f4aad2",
    "sourceid": "e7e413b7-b4df-11d5-8079-0040ca16072a",
    "intressent_id": "0184488075016",
    "hangar_id": "2342975",
    "fodd_ar": "1957",
    "kon": "man",
    "efternamn": "Ericsson",
    "tilltalsnamn": "Dan",
    "sorteringsnamn": "Ericsson,Dan",
    "iort": "",
    "parti": "KD",
    "valkrets": "",
    "status": "Tidigare riksdagsledamot",
    "person_url_xml": "http://data.riksdagen.se/person/e7e413b7-b4df-11d5-8079-0040ca16072a",
    "bild_url_80": "http://data.riksdagen.se/filarkiv/bilder/ledamot/e7e413b7-b4df-11d5-8079-0040ca16072a_80.jpg",
    "bild_url_192": "http://data.riksdagen.se/filarkiv/bilder/ledamot/e7e413b7-b4df-11d5-8079-0040ca16072a_192.jpg",
    "bild_url_max": "http://data.riksdagen.se/filarkiv/bilder/ledamot/e7e413b7-b4df-11d5-8079-0040ca16072a_max.jpg",
    "personuppdrag": {
      "uppdrag": [
        {
          "organ_kod": "kam",
          "roll_kod": "Riksdagsledamot",
          "ordningsnummer": "96",
          "status": "Tjänstgörande",
          "typ": "kammaruppdrag",
          "from": "1998-10-05",
          "tom": "2000-09-03",
          "uppgift": "",
          "intressent_id": "0184488075016",
          "hangar_id": "2342975",
          "sortering": "10",
          "organ_sortering": "10",
          "uppdrag_rollsortering": "60",
          "uppdrag_statussortering": "10"
        },
        {
          "organ_kod": "kam",
          "roll_kod": "Riksdagsledamot",
          "ordningsnummer": "96",
          "status": "Tjänstgörande",
          "typ": "kammaruppdrag",
          "from": "1994-10-03",
          "tom": "1998-10-05",
          "uppgift": "",
          "intressent_id": "0184488075016",
          "hangar_id": "2342975",
          "sortering": "10",
          "organ_sortering": "10",
          "uppdrag_rollsortering": "60",
          "uppdrag_statussortering": "10"
        },
        {
          "organ_kod": "kam",
          "roll_kod": "Riksdagsledamot",
          "ordningsnummer": "100",
          "status": "Tjänstgörande",
          "typ": "kammaruppdrag",
          "from": "1991-09-30",
          "tom": "1994-10-03",
          "uppgift": "",
          "intressent_id": "0184488075016",
          "hangar_id": "2342975",
          "sortering": "10",
          "organ_sortering": "10",
          "uppdrag_rollsortering": "60",
          "uppdrag_statussortering": "10"
        },
        {
          "organ_kod": "NR",
          "roll_kod": "Suppleant",
          "ordningsnummer": "0",
          "status": "",
          "typ": "Riksdagsorgan",
          "from": "1991-10-15",
          "tom": "1992-04-27",
          "uppgift": "Nordiska rådets svenska delegation",
          "intressent_id": "0184488075016",
          "hangar_id": "2342975",
          "sortering": "50",
          "organ_sortering": "300",
          "uppdrag_rollsortering": "90",
          "uppdrag_statussortering": "90"
        },
        {
          "organ_kod": "RFK",
          "roll_kod": "Suppleant",
          "ordningsnummer": "0",
          "status": "",
          "typ": "Riksdagsorgan",
          "from": "1991-10-08",
          "tom": "1993-05-23",
          "uppgift": "Riksdagens förvaltningskontor",
          "intressent_id": "0184488075016",
          "hangar_id": "2342975",
          "sortering": "50",
          "organ_sortering": "300",
          "uppdrag_rollsortering": "90",
          "uppdrag_statussortering": "90"
        },
        {
          "organ_kod": "VB",
          "roll_kod": "Suppleant",
          "ordningsnummer": "0",
          "status": "",
          "typ": "Riksdagsorgan",
          "from": "1998-10-05",
          "tom": "2000-06-07",
          "uppgift": "Valberedningen",
          "intressent_id": "0184488075016",
          "hangar_id": "2342975",
          "sortering": "50",
          "organ_sortering": "300",
          "uppdrag_rollsortering": "90",
          "uppdrag_statussortering": "90"
        },
        {
          "organ_kod": "VB",
          "roll_kod": "Ledamot",
          "ordningsnummer": "0",
          "status": "",
          "typ": "Riksdagsorgan",
          "from": "1994-10-03",
          "tom": "1998-10-05",
          "uppgift": "Valberedningen",
          "intressent_id": "0184488075016",
          "hangar_id": "2342975",
          "sortering": "30",
          "organ_sortering": "300",
          "uppdrag_rollsortering": "90",
          "uppdrag_statussortering": "90"
        },
        {
          "organ_kod": "VB",
          "roll_kod": "Ledamot",
          "ordningsnummer": "0",
          "status": "",
          "typ": "Riksdagsorgan",
          "from": "1991-10-10",
          "tom": "1993-05-24",
          "uppgift": "Valberedningen",
          "intressent_id": "0184488075016",
          "hangar_id": "2342975",
          "sortering": "30",
          "organ_sortering": "300",
          "uppdrag_rollsortering": "90",
          "uppdrag_statussortering": "90"
        },
        {
          "organ_kod": "VB",
          "roll_kod": "Suppleant",
          "ordningsnummer": "0",
          "status": "",
          "typ": "Riksdagsorgan",
          "from": "1991-09-30",
          "tom": "1991-10-09",
          "uppgift": "Valberedningen",
          "intressent_id": "0184488075016",
          "hangar_id": "2342975",
          "sortering": "50",
          "organ_sortering": "300",
          "uppdrag_rollsortering": "90",
          "uppdrag_statussortering": "90"
        },
        {
          "organ_kod": "AU",
          "roll_kod": "Ledamot",
          "ordningsnummer": "0",
          "status": "",
          "typ": "uppdrag",
          "from": "1994-10-11",
          "tom": "1998-10-04",
          "uppgift": "Arbetsmarknadsutskottet",
          "intressent_id": "0184488075016",
          "hangar_id": "2342975",
          "sortering": "30",
          "organ_sortering": "150",
          "uppdrag_rollsortering": "90",
          "uppdrag_statussortering": "90"
        },
        {
          "organ_kod": "FiU",
          "roll_kod": "Suppleant",
          "ordningsnummer": "0",
          "status": "",
          "typ": "uppdrag",
          "from": "1993-02-10",
          "tom": "1994-10-02",
          "uppgift": "Finansutskottet",
          "intressent_id": "0184488075016",
          "hangar_id": "2342975",
          "sortering": "50",
          "organ_sortering": "150",
          "uppdrag_rollsortering": "90",
          "uppdrag_statussortering": "90"
        },
        {
          "organ_kod": "MJU",
          "roll_kod": "Ordförande",
          "ordningsnummer": "0",
          "status": "",
          "typ": "uppdrag",
          "from": "1998-10-13",
          "tom": "2000-06-07",
          "uppgift": "Miljö- och jordbruksutskottet",
          "intressent_id": "0184488075016",
          "hangar_id": "2342975",
          "sortering": "10",
          "organ_sortering": "150",
          "uppdrag_rollsortering": "90",
          "uppdrag_statussortering": "90"
        },
        {
          "organ_kod": "MJU",
          "roll_kod": "Suppleant",
          "ordningsnummer": "0",
          "status": "",
          "typ": "uppdrag",
          "from": "1994-12-15",
          "tom": "1998-10-04",
          "uppgift": "Miljö- och jordbruksutskottet",
          "intressent_id": "0184488075016",
          "hangar_id": "2342975",
          "sortering": "50",
          "organ_sortering": "150",
          "uppdrag_rollsortering": "90",
          "uppdrag_statussortering": "90"
        },
        {
          "organ_kod": "MJU",
          "roll_kod": "Ledamot",
          "ordningsnummer": "0",
          "status": "",
          "typ": "uppdrag",
          "from": "1991-10-08",
          "tom": "1994-10-02",
          "uppgift": "Miljö- och jordbruksutskottet",
          "intressent_id": "0184488075016",
          "hangar_id": "2342975",
          "sortering": "30",
          "organ_sortering": "150",
          "uppdrag_rollsortering": "90",
          "uppdrag_statussortering": "90"
        },
        {
          "organ_kod": "EUN",
          "roll_kod": "Suppleant",
          "ordningsnummer": "0",
          "status": "",
          "typ": "uppdrag",
          "from": "1998-10-13",
          "tom": "2000-06-07",
          "uppgift": "EU-nämnden",
          "intressent_id": "0184488075016",
          "hangar_id": "2342975",
          "sortering": "50",
          "organ_sortering": "170",
          "uppdrag_rollsortering": "90",
          "uppdrag_statussortering": "90"
        }
      ]
    },
    "personuppgift": {
      "uppgift": {
        "kod": "Webbsida",
        "uppgift": "http://www.kristdemokrat.se/kd/personer/de/de.htm",
        "typ": "eadress",
        "intressent_id": "0184488075016",
        "hangar_id": "2342975"
      }
    }
  }
}