{
  "person": {
    "hangar_guid": "9fb1acfe-ed9f-4361-a7f5-138210e010d0",
    "sourceid": "9de4ceb4-d9e9-4061-9d95-f2c49aa530f3",
    "intressent_id": "0156574552406",
    "hangar_id": "2342451",
    "fodd_ar": "1947",
    "kon": "kvinna",
    "efternamn": "Eriksson",
    "tilltalsnamn": "Eva",
    "sorteringsnamn": "Eriksson,Eva",
    "iort": "",
    "parti": "FP",
    "valkrets": "",
    "status": "Tidigare riksdagsledamot",
    "person_url_xml": "http://data.riksdagen.se/person/9de4ceb4-d9e9-4061-9d95-f2c49aa530f3",
    "bild_url_80": "http://data.riksdagen.se/filarkiv/bilder/ledamot/9de4ceb4-d9e9-4061-9d95-f2c49aa530f3_80.jpg",
    "bild_url_192": "http://data.riksdagen.se/filarkiv/bilder/ledamot/9de4ceb4-d9e9-4061-9d95-f2c49aa530f3_192.jpg",
    "bild_url_max": "http://data.riksdagen.se/filarkiv/bilder/ledamot/9de4ceb4-d9e9-4061-9d95-f2c49aa530f3_max.jpg",
    "personuppdrag": {
      "uppdrag": [
        {
          "organ_kod": "kam",
          "roll_kod": "Riksdagsledamot",
          "ordningsnummer": "246",
          "status": "Tjänstgörande",
          "typ": "kammaruppdrag",
          "from": "1994-10-03",
          "tom": "1998-10-05",
          "uppgift": "",
          "intressent_id": "0156574552406",
          "hangar_id": "2342451",
          "sortering": "10",
          "organ_sortering": "10",
          "uppdrag_rollsortering": "60",
          "uppdrag_statussortering": "10"
        },
        {
          "organ_kod": "KD",
          "roll_kod": "Ledamot",
          "ordningsnummer": "0",
          "status": "",
          "typ": "Riksdagsorgan",
          "from": "1995-02-14",
          "tom": "1998-10-05",
          "uppgift": "Krigsdelegationen",
          "intressent_id": "0156574552406",
          "hangar_id": "2342451",
          "sortering": "30",
          "organ_sortering": "300",
          "uppdrag_rollsortering": "90",
          "uppdrag_statussortering": "90"
        },
        {
          "organ_kod": "MJU",
          "roll_kod": "Ledamot",
          "ordningsnummer": "0",
          "status": "",
          "typ": "uppdrag",
          "from": "1994-10-11",
          "tom": "1998-10-04",
          "uppgift": "Miljö- och jordbruksutskottet",
          "intressent_id": "0156574552406",
          "hangar_id": "2342451",
          "sortering": "30",
          "organ_sortering": "150",
          "uppdrag_rollsortering": "90",
          "uppdrag_statussortering": "90"
        }
      ]
    },
    "personuppgift": {
      "uppgift": [
        {
          "kod": "sv",
          "uppgift": "förskollärare",
          "typ": "titlar",
          "intressent_id": "0156574552406",
          "hangar_id": "2342451"
        },
        {
          "kod": "en",
          "uppgift": "",
          "typ": "titlar",
          "intressent_id": "0156574552406",
          "hangar_id": "2342451"
        }
      ]
    }
  }
}