{
  "person": {
    "hangar_guid": "dc239666-c530-48e2-99b9-70ff923500b8",
    "sourceid": "a689b9e0-2123-499b-8cda-77510fcc2c96",
    "intressent_id": "0191316991613",
    "hangar_id": "2342797",
    "fodd_ar": "1954",
    "kon": "man",
    "efternamn": "Eriksson",
    "tilltalsnamn": "Christer",
    "sorteringsnamn": "Eriksson,Christer",
    "iort": "",
    "parti": "C",
    "valkrets": "Västmanlands län",
    "status": "Tidigare riksdagsledamot",
    "person_url_xml": "http://data.riksdagen.se/person/a689b9e0-2123-499b-8cda-77510fcc2c96",
    "bild_url_80": "http://data.riksdagen.se/filarkiv/bilder/ledamot/a689b9e0-2123-499b-8cda-77510fcc2c96_80.jpg",
    "bild_url_192": "http://data.riksdagen.se/filarkiv/bilder/ledamot/a689b9e0-2123-499b-8cda-77510fcc2c96_192.jpg",
    "bild_url_max": "http://data.riksdagen.se/filarkiv/bilder/ledamot/a689b9e0-2123-499b-8cda-77510fcc2c96_max.jpg",
    "personuppdrag": {
      "uppdrag": [
        {
          "organ_kod": "kam",
          "roll_kod": "Riksdagsledamot",
          "ordningsnummer": "235",
          "status": "Tjänstgörande",
          "typ": "kammaruppdrag",
          "from": "2010-06-14",
          "tom": "2010-10-04",
          "uppgift": "",
          "intressent_id": "0191316991613",
          "hangar_id": "2342797",
          "sortering": "10",
          "organ_sortering": "10",
          "uppdrag_rollsortering": "60",
          "uppdrag_statussortering": "10"
        },
        {
          "organ_kod": "kam",
          "roll_kod": "Ersättare",
          "ordningsnummer": "235",
          "status": "Ersättare",
          "typ": "kammaruppdrag",
          "from": "2010-06-08",
          "tom": "2010-06-13",
          "uppgift": "Jörgen Johansson",
          "intressent_id": "0191316991613",
          "hangar_id": "2342797",
          "sortering": "45",
          "organ_sortering": "10",
          "uppdrag_rollsortering": "60",
          "uppdrag_statussortering": "20"
        },
        {
          "organ_kod": "kam",
          "roll_kod": "Ersättare",
          "ordningsnummer": "235",
          "status": "Ersättare",
          "typ": "kammaruppdrag",
          "from": "2010-01-19",
          "tom": "2010-02-28",
          "uppgift": "Jörgen Johansson",
          "intressent_id": "0191316991613",
          "hangar_id": "2342797",
          "sortering": "45",
          "organ_sortering": "10",
          "uppdrag_rollsortering": "60",
          "uppdrag_statussortering": "20"
        },
        {
          "organ_kod": "FiU",
          "roll_kod": "Suppleant",
          "ordningsnummer": "19",
          "status": "",
          "typ": "uppdrag",
          "from": "2010-06-28",
          "tom": "2010-10-04",
          "uppgift": "Finansutskottet",
          "intressent_id": "0191316991613",
          "hangar_id": "2342797",
          "sortering": "50",
          "organ_sortering": "150",
          "uppdrag_rollsortering": "90",
          "uppdrag_statussortering": "90"
        },
        {
          "organ_kod": "FiU",
          "roll_kod": "Extra suppleant",
          "ordningsnummer": "0",
          "status": "",
          "typ": "uppdrag",
          "from": "2010-06-08",
          "tom": "2010-06-13",
          "uppgift": "Finansutskottet",
          "intressent_id": "0191316991613",
          "hangar_id": "2342797",
          "sortering": "55",
          "organ_sortering": "150",
          "uppdrag_rollsortering": "90",
          "uppdrag_statussortering": "90"
        },
        {
          "organ_kod": "FiU",
          "roll_kod": "Extra suppleant",
          "ordningsnummer": "0",
          "status": "",
          "typ": "uppdrag",
          "from": "2010-01-19",
          "tom": "2010-02-28",
          "uppgift": "Finansutskottet",
          "intressent_id": "0191316991613",
          "hangar_id": "2342797",
          "sortering": "55",
          "organ_sortering": "150",
          "uppdrag_rollsortering": "90",
          "uppdrag_statussortering": "90"
        },
        {
          "organ_kod": "SkU",
          "roll_kod": "Ledamot",
          "ordningsnummer": "16",
          "status": "",
          "typ": "uppdrag",
          "from": "2010-06-28",
          "tom": "2010-10-04",
          "uppgift": "Skatteutskottet",
          "intressent_id": "0191316991613",
          "hangar_id": "2342797",
          "sortering": "30",
          "organ_sortering": "150",
          "uppdrag_rollsortering": "90",
          "uppdrag_statussortering": "90"
        },
        {
          "organ_kod": "SkU",
          "roll_kod": "Extra suppleant",
          "ordningsnummer": "0",
          "status": "",
          "typ": "uppdrag",
          "from": "2010-06-08",
          "tom": "2010-06-13",
          "uppgift": "Skatteutskottet",
          "intressent_id": "0191316991613",
          "hangar_id": "2342797",
          "sortering": "55",
          "organ_sortering": "150",
          "uppdrag_rollsortering": "90",
          "uppdrag_statussortering": "90"
        },
        {
          "organ_kod": "SkU",
          "roll_kod": "Extra suppleant",
          "ordningsnummer": "0",
          "status": "",
          "typ": "uppdrag",
          "from": "2010-01-19",
          "tom": "2010-02-28",
          "uppgift": "Skatteutskottet",
          "intressent_id": "0191316991613",
          "hangar_id": "2342797",
          "sortering": "55",
          "organ_sortering": "150",
          "uppdrag_rollsortering": "90",
          "uppdrag_statussortering": "90"
        }
      ]
    },
    "personuppgift": {
      "uppgift": [
        {
          "kod": "sv",
          "uppgift": "Växtodlare",
          "typ": "titlar",
          "intressent_id": "0191316991613",
          "hangar_id": "2342797"
        },
        {
          "kod": "en",
          "uppgift": "",
          "typ": "titlar",
          "intressent_id": "0191316991613",
          "hangar_id": "2342797"
        },
        {
          "kod": "KandiderarINastaVal",
          "uppgift": "true",
          "typ": "val",
          "intressent_id": "0191316991613",
          "hangar_id": "2342797"
        }
      ]
    }
  }
}