{
  "person": {
    "hangar_guid": "21825d8a-4294-4bab-b98b-c3fb38acf612",
    "sourceid": "473cc883-b475-42fe-8553-4f1a6bd17a54",
    "intressent_id": "0296384583518",
    "hangar_id": "3057396",
    "fodd_ar": "1972",
    "kon": "kvinna",
    "efternamn": "Eriksson",
    "tilltalsnamn": "Åsa",
    "sorteringsnamn": "Eriksson,Åsa",
    "iort": "",
    "parti": "S",
    "valkrets": "Västmanlands län",
    "status": "Tjänstgörande riksdagsledamot",
    "person_url_xml": "http://data.riksdagen.se/person/473cc883-b475-42fe-8553-4f1a6bd17a54",
    "bild_url_80": "http://data.riksdagen.se/filarkiv/bilder/ledamot/473cc883-b475-42fe-8553-4f1a6bd17a54_80.jpg",
    "bild_url_192": "http://data.riksdagen.se/filarkiv/bilder/ledamot/473cc883-b475-42fe-8553-4f1a6bd17a54_192.jpg",
    "bild_url_max": "http://data.riksdagen.se/filarkiv/bilder/ledamot/473cc883-b475-42fe-8553-4f1a6bd17a54_max.jpg",
    "personuppdrag": {
      "uppdrag": [
        {
          "organ_kod": "kam",
          "roll_kod": "Riksdagsledamot",
          "ordningsnummer": "134",
          "status": "Tjänstgörande",
          "typ": "kammaruppdrag",
          "from": "2018-09-24",
          "tom": "2022-09-26",
          "uppgift": "",
          "intressent_id": "0296384583518",
          "hangar_id": "3057396",
          "sortering": "10",
          "organ_sortering": "10",
          "uppdrag_rollsortering": "60",
          "uppdrag_statussortering": "10"
        },
        {
          "organ_kod": "kam",
          "roll_kod": "Riksdagsledamot",
          "ordningsnummer": "343",
          "status": "Tjänstgörande",
          "typ": "kammaruppdrag",
          "from": "2018-03-22",
          "tom": "2018-09-24",
          "uppgift": "",
          "intressent_id": "0296384583518",
          "hangar_id": "3057396",
          "sortering": "10",
          "organ_sortering": "10",
          "uppdrag_rollsortering": "60",
          "uppdrag_statussortering": "10"
        },
        {
          "organ_kod": "kam",
          "roll_kod": "Ersättare",
          "ordningsnummer": "342",
          "status": "Ersättare",
          "typ": "kammaruppdrag",
          "from": "2018-03-20",
          "tom": "2018-03-21",
          "uppgift": "Anna Wallén",
          "intressent_id": "0296384583518",
          "hangar_id": "3057396",
          "sortering": "45",
          "organ_sortering": "10",
          "uppdrag_rollsortering": "60",
          "uppdrag_statussortering": "20"
        },
        {
          "organ_kod": "kam",
          "roll_kod": "Ersättare",
          "ordningsnummer": "342",
          "status": "Ersättare",
          "typ": "kammaruppdrag",
          "from": "2017-10-09",
          "tom": "2018-03-14",
          "uppgift": "Anna Wallén",
          "intressent_id": "0296384583518",
          "hangar_id": "3057396",
          "sortering": "45",
          "organ_sortering": "10",
          "uppdrag_rollsortering": "60",
          "uppdrag_statussortering": "20"
        },
        {
          "organ_kod": "kam",
          "roll_kod": "Ersättare",
          "ordningsnummer": "237",
          "status": "Ersättare",
          "typ": "kammaruppdrag",
          "from": "2016-08-15",
          "tom": "2017-04-01",
          "uppgift": "Olle Thorell",
          "intressent_id": "0296384583518",
          "hangar_id": "3057396",
          "sortering": "45",
          "organ_sortering": "10",
          "uppdrag_rollsortering": "60",
          "uppdrag_statussortering": "20"
        },
        {
          "organ_kod": "CU",
          "roll_kod": "Suppleant",
          "ordningsnummer": "1",
          "status": "",
          "typ": "uppdrag",
          "from": "2018-04-11",
          "tom": "2018-09-24",
          "uppgift": "Civilutskottet",
          "intressent_id": "0296384583518",
          "hangar_id": "3057396",
          "sortering": "50",
          "organ_sortering": "150",
          "uppdrag_rollsortering": "90",
          "uppdrag_statussortering": "90"
        },
        {
          "organ_kod": "NU",
          "roll_kod": "Ledamot",
          "ordningsnummer": "13",
          "status": "",
          "typ": "uppdrag",
          "from": "2018-10-02",
          "tom": "2022-09-26",
          "uppgift": "Näringsutskottet",
          "intressent_id": "0296384583518",
          "hangar_id": "3057396",
          "sortering": "30",
          "organ_sortering": "150",
          "uppdrag_rollsortering": "90",
          "uppdrag_statussortering": "90"
        },
        {
          "organ_kod": "NU",
          "roll_kod": "Extra suppleant",
          "ordningsnummer": "0",
          "status": "",
          "typ": "uppdrag",
          "from": "2017-10-09",
          "tom": "2018-03-14",
          "uppgift": "Näringsutskottet",
          "intressent_id": "0296384583518",
          "hangar_id": "3057396",
          "sortering": "55",
          "organ_sortering": "150",
          "uppdrag_rollsortering": "90",
          "uppdrag_statussortering": "90"
        },
        {
          "organ_kod": "UbU",
          "roll_kod": "Extra suppleant",
          "ordningsnummer": "0",
          "status": "",
          "typ": "uppdrag",
          "from": "2016-09-27",
          "tom": "2017-04-01",
          "uppgift": "Utbildningsutskottet",
          "intressent_id": "0296384583518",
          "hangar_id": "3057396",
          "sortering": "55",
          "organ_sortering": "150",
          "uppdrag_rollsortering": "90",
          "uppdrag_statussortering": "90"
        },
        {
          "organ_kod": "UU",
          "roll_kod": "Extra suppleant",
          "ordningsnummer": "0",
          "status": "",
          "typ": "uppdrag",
          "from": "2016-08-15",
          "tom": "2017-04-01",
          "uppgift": "Utrikesutskottet",
          "intressent_id": "0296384583518",
          "hangar_id": "3057396",
          "sortering": "55",
          "organ_sortering": "150",
          "uppdrag_rollsortering": "90",
          "uppdrag_statussortering": "90"
        },
        {
          "organ_kod": "EUN",
          "roll_kod": "Suppleant",
          "ordningsnummer": "18",
          "status": "",
          "typ": "uppdrag",
          "from": "2018-04-12",
          "tom": "2018-10-02",
          "uppgift": "EU-nämnden",
          "intressent_id": "0296384583518",
          "hangar_id": "3057396",
          "sortering": "50",
          "organ_sortering": "170",
          "uppdrag_rollsortering": "90",
          "uppdrag_statussortering": "90"
        }
      ]
    },
    "personuppgift": {
      "uppgift": [
        {
          "kod": "Officiell e-postadress",
          "uppgift": "asa.eriksson[på]riksdagen.se",
          "typ": "eadress",
          "intressent_id": "0296384583518",
          "hangar_id": "3057396"
        },
        {
          "kod": "Tjänstetelefon",
          "uppgift": "66104",
          "typ": "telefonnummer",
          "intressent_id": "0296384583518",
          "hangar_id": "3057396"
        },
        {
          "kod": "sv",
          "uppgift": "Grundskollärare.",
          "typ": "titlar",
          "intressent_id": "0296384583518",
          "hangar_id": "3057396"
        },
        {
          "kod": "en",
          "uppgift": "",
          "typ": "titlar",
          "intressent_id": "0296384583518",
          "hangar_id": "3057396"
        },
        {
          "kod": "KandiderarINastaVal",
          "uppgift": "true",
          "typ": "val",
          "intressent_id": "0296384583518",
          "hangar_id": "3057396"
        }
      ]
    }
  }
}