{
  "person": {
    "hangar_guid": "796f4cc5-5589-4db0-988b-f2dea82c8da1",
    "sourceid": "d7c31c0b-83e4-11d4-ae60-0050040c9b55",
    "intressent_id": "0667054859301",
    "hangar_id": "2342529",
    "fodd_ar": "1948",
    "kon": "man",
    "efternamn": "Eriksson",
    "tilltalsnamn": "Alf",
    "sorteringsnamn": "Eriksson,Alf",
    "iort": "",
    "parti": "S",
    "valkrets": "Hallands län",
    "status": "Tidigare riksdagsledamot",
    "person_url_xml": "http://data.riksdagen.se/person/d7c31c0b-83e4-11d4-ae60-0050040c9b55",
    "bild_url_80": "http://data.riksdagen.se/filarkiv/bilder/ledamot/d7c31c0b-83e4-11d4-ae60-0050040c9b55_80.jpg",
    "bild_url_192": "http://data.riksdagen.se/filarkiv/bilder/ledamot/d7c31c0b-83e4-11d4-ae60-0050040c9b55_192.jpg",
    "bild_url_max": "http://data.riksdagen.se/filarkiv/bilder/ledamot/d7c31c0b-83e4-11d4-ae60-0050040c9b55_max.jpg",
    "personuppdrag": {
      "uppdrag": [
        {
          "organ_kod": "kam",
          "roll_kod": "Riksdagsledamot",
          "ordningsnummer": "66",
          "status": "Tjänstgörande",
          "typ": "kammaruppdrag",
          "from": "2006-10-02",
          "tom": "2010-10-04",
          "uppgift": "",
          "intressent_id": "0667054859301",
          "hangar_id": "2342529",
          "sortering": "10",
          "organ_sortering": "10",
          "uppdrag_rollsortering": "60",
          "uppdrag_statussortering": "10"
        },
        {
          "organ_kod": "kam",
          "roll_kod": "Riksdagsledamot",
          "ordningsnummer": "190",
          "status": "Tjänstgörande",
          "typ": "kammaruppdrag",
          "from": "2002-09-30",
          "tom": "2006-10-02",
          "uppgift": "",
          "intressent_id": "0667054859301",
          "hangar_id": "2342529",
          "sortering": "10",
          "organ_sortering": "10",
          "uppdrag_rollsortering": "60",
          "uppdrag_statussortering": "10"
        },
        {
          "organ_kod": "kam",
          "roll_kod": "Riksdagsledamot",
          "ordningsnummer": "190",
          "status": "Tjänstgörande",
          "typ": "kammaruppdrag",
          "from": "1998-10-05",
          "tom": "2002-09-30",
          "uppgift": "",
          "intressent_id": "0667054859301",
          "hangar_id": "2342529",
          "sortering": "10",
          "organ_sortering": "10",
          "uppdrag_rollsortering": "60",
          "uppdrag_statussortering": "10"
        },
        {
          "organ_kod": "kam",
          "roll_kod": "Riksdagsledamot",
          "ordningsnummer": "187",
          "status": "Tjänstgörande",
          "typ": "kammaruppdrag",
          "from": "1994-10-03",
          "tom": "1998-10-05",
          "uppgift": "",
          "intressent_id": "0667054859301",
          "hangar_id": "2342529",
          "sortering": "10",
          "organ_sortering": "10",
          "uppdrag_rollsortering": "60",
          "uppdrag_statussortering": "10"
        },
        {
          "organ_kod": "kam",
          "roll_kod": "Riksdagsledamot",
          "ordningsnummer": "188",
          "status": "Tjänstgörande",
          "typ": "kammaruppdrag",
          "from": "1992-05-22",
          "tom": "1994-10-03",
          "uppgift": "",
          "intressent_id": "0667054859301",
          "hangar_id": "2342529",
          "sortering": "10",
          "organ_sortering": "10",
          "uppdrag_rollsortering": "60",
          "uppdrag_statussortering": "10"
        },
        {
          "organ_kod": "kam",
          "roll_kod": "Ersättare",
          "ordningsnummer": "191",
          "status": "Ersättare",
          "typ": "kammaruppdrag",
          "from": "1990-11-10",
          "tom": "1990-12-09",
          "uppgift": "Ulla-Britt Åbark",
          "intressent_id": "0667054859301",
          "hangar_id": "2342529",
          "sortering": "45",
          "organ_sortering": "10",
          "uppdrag_rollsortering": "60",
          "uppdrag_statussortering": "20"
        },
        {
          "organ_kod": "kam",
          "roll_kod": "Ersättare",
          "ordningsnummer": "191",
          "status": "Ersättare",
          "typ": "kammaruppdrag",
          "from": "1989-11-11",
          "tom": "1989-12-15",
          "uppgift": "Ulla-Britt Åbark",
          "intressent_id": "0667054859301",
          "hangar_id": "2342529",
          "sortering": "45",
          "organ_sortering": "10",
          "uppdrag_rollsortering": "60",
          "uppdrag_statussortering": "20"
        },
        {
          "organ_kod": "RRS",
          "roll_kod": "Ledamot",
          "ordningsnummer": "5",
          "status": "",
          "typ": "Riksdagsorgan",
          "from": "2006-10-17",
          "tom": "2010-10-19",
          "uppgift": "Riksrevisionens styrelse",
          "intressent_id": "0667054859301",
          "hangar_id": "2342529",
          "sortering": "30",
          "organ_sortering": "300",
          "uppdrag_rollsortering": "90",
          "uppdrag_statussortering": "90"
        },
        {
          "organ_kod": "RS",
          "roll_kod": "Ersättare",
          "ordningsnummer": "6",
          "status": "",
          "typ": "Riksdagsorgan",
          "from": "2006-10-10",
          "tom": "2010-10-04",
          "uppgift": "Riksdagsstyrelsen",
          "intressent_id": "0667054859301",
          "hangar_id": "2342529",
          "sortering": "45",
          "organ_sortering": "300",
          "uppdrag_rollsortering": "60",
          "uppdrag_statussortering": "90"
        },
        {
          "organ_kod": "VB",
          "roll_kod": "Suppleant",
          "ordningsnummer": "10",
          "status": "",
          "typ": "Riksdagsorgan",
          "from": "2002-09-30",
          "tom": "2010-10-04",
          "uppgift": "Valberedningen",
          "intressent_id": "0667054859301",
          "hangar_id": "2342529",
          "sortering": "50",
          "organ_sortering": "300",
          "uppdrag_rollsortering": "90",
          "uppdrag_statussortering": "90"
        },
        {
          "organ_kod": "AU",
          "roll_kod": "Suppleant",
          "ordningsnummer": "0",
          "status": "",
          "typ": "uppdrag",
          "from": "1995-01-26",
          "tom": "1998-10-04",
          "uppgift": "Arbetsmarknadsutskottet",
          "intressent_id": "0667054859301",
          "hangar_id": "2342529",
          "sortering": "50",
          "organ_sortering": "150",
          "uppdrag_rollsortering": "90",
          "uppdrag_statussortering": "90"
        },
        {
          "organ_kod": "FiU",
          "roll_kod": "Suppleant",
          "ordningsnummer": "0",
          "status": "",
          "typ": "uppdrag",
          "from": "2002-10-08",
          "tom": "2006-10-02",
          "uppgift": "Finansutskottet",
          "intressent_id": "0667054859301",
          "hangar_id": "2342529",
          "sortering": "50",
          "organ_sortering": "150",
          "uppdrag_rollsortering": "90",
          "uppdrag_statussortering": "90"
        },
        {
          "organ_kod": "FiU",
          "roll_kod": "Suppleant",
          "ordningsnummer": "0",
          "status": "",
          "typ": "uppdrag",
          "from": "1998-10-13",
          "tom": "2002-09-30",
          "uppgift": "Finansutskottet",
          "intressent_id": "0667054859301",
          "hangar_id": "2342529",
          "sortering": "50",
          "organ_sortering": "150",
          "uppdrag_rollsortering": "90",
          "uppdrag_statussortering": "90"
        },
        {
          "organ_kod": "JuU",
          "roll_kod": "Ledamot",
          "ordningsnummer": "0",
          "status": "",
          "typ": "uppdrag",
          "from": "1993-11-18",
          "tom": "1994-10-02",
          "uppgift": "Justitieutskottet",
          "intressent_id": "0667054859301",
          "hangar_id": "2342529",
          "sortering": "30",
          "organ_sortering": "150",
          "uppdrag_rollsortering": "90",
          "uppdrag_statussortering": "90"
        },
        {
          "organ_kod": "JuU",
          "roll_kod": "Suppleant",
          "ordningsnummer": "0",
          "status": "",
          "typ": "uppdrag",
          "from": "1992-05-22",
          "tom": "1993-11-17",
          "uppgift": "Justitieutskottet",
          "intressent_id": "0667054859301",
          "hangar_id": "2342529",
          "sortering": "50",
          "organ_sortering": "150",
          "uppdrag_rollsortering": "90",
          "uppdrag_statussortering": "90"
        },
        {
          "organ_kod": "JuU",
          "roll_kod": "Suppleant",
          "ordningsnummer": "0",
          "status": "",
          "typ": "uppdrag",
          "from": "1990-11-12",
          "tom": "1990-12-09",
          "uppgift": "Justitieutskottet",
          "intressent_id": "0667054859301",
          "hangar_id": "2342529",
          "sortering": "50",
          "organ_sortering": "150",
          "uppdrag_rollsortering": "90",
          "uppdrag_statussortering": "90"
        },
        {
          "organ_kod": "JuU",
          "roll_kod": "Suppleant",
          "ordningsnummer": "0",
          "status": "",
          "typ": "uppdrag",
          "from": "1989-11-13",
          "tom": "1989-12-15",
          "uppgift": "Justitieutskottet",
          "intressent_id": "0667054859301",
          "hangar_id": "2342529",
          "sortering": "50",
          "organ_sortering": "150",
          "uppdrag_rollsortering": "90",
          "uppdrag_statussortering": "90"
        },
        {
          "organ_kod": "MJU",
          "roll_kod": "Suppleant",
          "ordningsnummer": "7",
          "status": "",
          "typ": "uppdrag",
          "from": "2006-10-10",
          "tom": "2010-10-04",
          "uppgift": "Miljö- och jordbruksutskottet",
          "intressent_id": "0667054859301",
          "hangar_id": "2342529",
          "sortering": "50",
          "organ_sortering": "150",
          "uppdrag_rollsortering": "90",
          "uppdrag_statussortering": "90"
        },
        {
          "organ_kod": "MJU",
          "roll_kod": "Ledamot",
          "ordningsnummer": "0",
          "status": "",
          "typ": "uppdrag",
          "from": "2002-10-08",
          "tom": "2006-10-02",
          "uppgift": "Miljö- och jordbruksutskottet",
          "intressent_id": "0667054859301",
          "hangar_id": "2342529",
          "sortering": "30",
          "organ_sortering": "150",
          "uppdrag_rollsortering": "90",
          "uppdrag_statussortering": "90"
        },
        {
          "organ_kod": "MJU",
          "roll_kod": "Ledamot",
          "ordningsnummer": "0",
          "status": "",
          "typ": "uppdrag",
          "from": "1998-10-13",
          "tom": "2002-09-30",
          "uppgift": "Miljö- och jordbruksutskottet",
          "intressent_id": "0667054859301",
          "hangar_id": "2342529",
          "sortering": "30",
          "organ_sortering": "150",
          "uppdrag_rollsortering": "90",
          "uppdrag_statussortering": "90"
        },
        {
          "organ_kod": "MJU",
          "roll_kod": "Ledamot",
          "ordningsnummer": "0",
          "status": "",
          "typ": "uppdrag",
          "from": "1994-10-11",
          "tom": "1998-10-04",
          "uppgift": "Miljö- och jordbruksutskottet",
          "intressent_id": "0667054859301",
          "hangar_id": "2342529",
          "sortering": "30",
          "organ_sortering": "150",
          "uppdrag_rollsortering": "90",
          "uppdrag_statussortering": "90"
        },
        {
          "organ_kod": "NU",
          "roll_kod": "Ledamot",
          "ordningsnummer": "7",
          "status": "",
          "typ": "uppdrag",
          "from": "2006-10-10",
          "tom": "2010-10-04",
          "uppgift": "Näringsutskottet",
          "intressent_id": "0667054859301",
          "hangar_id": "2342529",
          "sortering": "30",
          "organ_sortering": "150",
          "uppdrag_rollsortering": "90",
          "uppdrag_statussortering": "90"
        },
        {
          "organ_kod": "NU",
          "roll_kod": "Suppleant",
          "ordningsnummer": "0",
          "status": "",
          "typ": "uppdrag",
          "from": "1994-10-11",
          "tom": "1998-10-04",
          "uppgift": "Näringsutskottet",
          "intressent_id": "0667054859301",
          "hangar_id": "2342529",
          "sortering": "50",
          "organ_sortering": "150",
          "uppdrag_rollsortering": "90",
          "uppdrag_statussortering": "90"
        },
        {
          "organ_kod": "UU",
          "roll_kod": "Suppleant",
          "ordningsnummer": "0",
          "status": "",
          "typ": "uppdrag",
          "from": "1992-10-13",
          "tom": "1994-10-02",
          "uppgift": "Utrikesutskottet",
          "intressent_id": "0667054859301",
          "hangar_id": "2342529",
          "sortering": "50",
          "organ_sortering": "150",
          "uppdrag_rollsortering": "90",
          "uppdrag_statussortering": "90"
        },
        {
          "organ_kod": "UMJU",
          "roll_kod": "Deputerad",
          "ordningsnummer": "0",
          "status": "",
          "typ": "uppdrag",
          "from": "2003-02-18",
          "tom": "2003-05-21",
          "uppgift": "Sammansatta utrikes-, miljö- och jordbruksutskottet",
          "intressent_id": "0667054859301",
          "hangar_id": "2342529",
          "sortering": "40",
          "organ_sortering": "160",
          "uppdrag_rollsortering": "90",
          "uppdrag_statussortering": "90"
        },
        {
          "organ_kod": "LU",
          "roll_kod": "Suppleant",
          "ordningsnummer": "0",
          "status": "",
          "typ": "uppdrag",
          "from": "1990-11-12",
          "tom": "1990-12-09",
          "uppgift": "Lagutskottet",
          "intressent_id": "0667054859301",
          "hangar_id": "2342529",
          "sortering": "50",
          "organ_sortering": "165",
          "uppdrag_rollsortering": "90",
          "uppdrag_statussortering": "90"
        },
        {
          "organ_kod": "LU",
          "roll_kod": "Suppleant",
          "ordningsnummer": "0",
          "status": "",
          "typ": "uppdrag",
          "from": "1989-11-13",
          "tom": "1989-12-15",
          "uppgift": "Lagutskottet",
          "intressent_id": "0667054859301",
          "hangar_id": "2342529",
          "sortering": "50",
          "organ_sortering": "165",
          "uppdrag_rollsortering": "90",
          "uppdrag_statussortering": "90"
        }
      ]
    },
    "personuppgift": {
      "uppgift": [
        {
          "kod": "sv",
          "uppgift": "Pappersbruksarbetare",
          "typ": "titlar",
          "intressent_id": "0667054859301",
          "hangar_id": "2342529"
        },
        {
          "kod": "en",
          "uppgift": "Papermill Worker",
          "typ": "titlar",
          "intressent_id": "0667054859301",
          "hangar_id": "2342529"
        }
      ]
    }
  }
}