{
  "person": {
    "hangar_guid": "8dbbb11b-50e5-4826-a11e-323ec7e83ac3",
    "sourceid": "d4efd4c1-88d9-4dc0-9c17-4a15a3ca3131",
    "intressent_id": "0401511670506",
    "hangar_id": "2342063",
    "fodd_ar": "1939",
    "kon": "kvinna",
    "efternamn": "Eriksson",
    "tilltalsnamn": "Berith",
    "sorteringsnamn": "Eriksson,Berith",
    "iort": "",
    "parti": "V",
    "valkrets": "",
    "status": "Tidigare riksdagsledamot",
    "person_url_xml": "http://data.riksdagen.se/person/d4efd4c1-88d9-4dc0-9c17-4a15a3ca3131",
    "bild_url_80": "http://data.riksdagen.se/filarkiv/bilder/ledamot/d4efd4c1-88d9-4dc0-9c17-4a15a3ca3131_80.jpg",
    "bild_url_192": "http://data.riksdagen.se/filarkiv/bilder/ledamot/d4efd4c1-88d9-4dc0-9c17-4a15a3ca3131_192.jpg",
    "bild_url_max": "http://data.riksdagen.se/filarkiv/bilder/ledamot/d4efd4c1-88d9-4dc0-9c17-4a15a3ca3131_max.jpg",
    "personuppdrag": {
      "uppdrag": [
        {
          "organ_kod": "kam",
          "roll_kod": "Riksdagsledamot",
          "ordningsnummer": "69",
          "status": "Tjänstgörande",
          "typ": "kammaruppdrag",
          "from": "1991-09-30",
          "tom": "1994-10-03",
          "uppgift": "",
          "intressent_id": "0401511670506",
          "hangar_id": "2342063",
          "sortering": "10",
          "organ_sortering": "10",
          "uppdrag_rollsortering": "60",
          "uppdrag_statussortering": "10"
        },
        {
          "organ_kod": "kam",
          "roll_kod": "Riksdagsledamot",
          "ordningsnummer": "78",
          "status": "Tjänstgörande",
          "typ": "kammaruppdrag",
          "from": "1989-12-16",
          "tom": "1991-09-30",
          "uppgift": "",
          "intressent_id": "0401511670506",
          "hangar_id": "2342063",
          "sortering": "10",
          "organ_sortering": "10",
          "uppdrag_rollsortering": "60",
          "uppdrag_statussortering": "10"
        },
        {
          "organ_kod": "kam",
          "roll_kod": "Riksdagsledamot",
          "ordningsnummer": "78",
          "status": "Tjänstgörande",
          "typ": "kammaruppdrag",
          "from": "1989-11-10",
          "tom": "1989-12-15",
          "uppgift": "",
          "intressent_id": "0401511670506",
          "hangar_id": "2342063",
          "sortering": "10",
          "organ_sortering": "10",
          "uppdrag_rollsortering": "60",
          "uppdrag_statussortering": "10"
        },
        {
          "organ_kod": "kam",
          "roll_kod": "Riksdagsledamot",
          "ordningsnummer": "78",
          "status": "Tjänstgörande",
          "typ": "kammaruppdrag",
          "from": "1988-10-03",
          "tom": "1989-11-09",
          "uppgift": "",
          "intressent_id": "0401511670506",
          "hangar_id": "2342063",
          "sortering": "10",
          "organ_sortering": "10",
          "uppdrag_rollsortering": "60",
          "uppdrag_statussortering": "10"
        },
        {
          "organ_kod": "IPU",
          "roll_kod": "Suppleant",
          "ordningsnummer": "0",
          "status": "",
          "typ": "Riksdagsorgan",
          "from": "1991-11-19",
          "tom": "1994-10-03",
          "uppgift": "Riksdagens delegation till Interparlamentariska unionen",
          "intressent_id": "0401511670506",
          "hangar_id": "2342063",
          "sortering": "50",
          "organ_sortering": "300",
          "uppdrag_rollsortering": "90",
          "uppdrag_statussortering": "90"
        },
        {
          "organ_kod": "NR",
          "roll_kod": "Suppleant",
          "ordningsnummer": "0",
          "status": "",
          "typ": "Riksdagsorgan",
          "from": "1992-10-20",
          "tom": "1994-10-03",
          "uppgift": "Nordiska rådets svenska delegation",
          "intressent_id": "0401511670506",
          "hangar_id": "2342063",
          "sortering": "50",
          "organ_sortering": "300",
          "uppdrag_rollsortering": "90",
          "uppdrag_statussortering": "90"
        },
        {
          "organ_kod": "VB",
          "roll_kod": "Suppleant",
          "ordningsnummer": "0",
          "status": "",
          "typ": "Riksdagsorgan",
          "from": "1991-09-30",
          "tom": "1994-10-03",
          "uppgift": "Valberedningen",
          "intressent_id": "0401511670506",
          "hangar_id": "2342063",
          "sortering": "50",
          "organ_sortering": "300",
          "uppdrag_rollsortering": "90",
          "uppdrag_statussortering": "90"
        },
        {
          "organ_kod": "JuU",
          "roll_kod": "Suppleant",
          "ordningsnummer": "0",
          "status": "",
          "typ": "uppdrag",
          "from": "1993-02-11",
          "tom": "1994-10-02",
          "uppgift": "Justitieutskottet",
          "intressent_id": "0401511670506",
          "hangar_id": "2342063",
          "sortering": "50",
          "organ_sortering": "150",
          "uppdrag_rollsortering": "90",
          "uppdrag_statussortering": "90"
        },
        {
          "organ_kod": "JuU",
          "roll_kod": "Ledamot",
          "ordningsnummer": "0",
          "status": "",
          "typ": "uppdrag",
          "from": "1988-10-11",
          "tom": "1991-09-29",
          "uppgift": "Justitieutskottet",
          "intressent_id": "0401511670506",
          "hangar_id": "2342063",
          "sortering": "30",
          "organ_sortering": "150",
          "uppdrag_rollsortering": "90",
          "uppdrag_statussortering": "90"
        },
        {
          "organ_kod": "SfU",
          "roll_kod": "Suppleant",
          "ordningsnummer": "0",
          "status": "",
          "typ": "uppdrag",
          "from": "1991-10-08",
          "tom": "1994-10-02",
          "uppgift": "Socialförsäkringsutskottet",
          "intressent_id": "0401511670506",
          "hangar_id": "2342063",
          "sortering": "50",
          "organ_sortering": "150",
          "uppdrag_rollsortering": "90",
          "uppdrag_statussortering": "90"
        },
        {
          "organ_kod": "SoU",
          "roll_kod": "Suppleant",
          "ordningsnummer": "0",
          "status": "",
          "typ": "uppdrag",
          "from": "1989-10-04",
          "tom": "1991-09-29",
          "uppgift": "Socialutskottet",
          "intressent_id": "0401511670506",
          "hangar_id": "2342063",
          "sortering": "50",
          "organ_sortering": "150",
          "uppdrag_rollsortering": "90",
          "uppdrag_statussortering": "90"
        },
        {
          "organ_kod": "UU",
          "roll_kod": "Suppleant",
          "ordningsnummer": "0",
          "status": "",
          "typ": "uppdrag",
          "from": "1988-10-11",
          "tom": "1989-10-04",
          "uppgift": "Utrikesutskottet",
          "intressent_id": "0401511670506",
          "hangar_id": "2342063",
          "sortering": "50",
          "organ_sortering": "150",
          "uppdrag_rollsortering": "90",
          "uppdrag_statussortering": "90"
        }
      ]
    },
    "personuppgift": {
      "uppgift": [
        {
          "kod": "sv",
          "uppgift": "förskollärare",
          "typ": "titlar",
          "intressent_id": "0401511670506",
          "hangar_id": "2342063"
        },
        {
          "kod": "en",
          "uppgift": "",
          "typ": "titlar",
          "intressent_id": "0401511670506",
          "hangar_id": "2342063"
        }
      ]
    }
  }
}