{
  "person": {
    "hangar_guid": "d309d67c-3532-454b-8747-56d6214c7e76",
    "sourceid": "248a04d8-d619-11d6-ae71-0004755038ce",
    "intressent_id": "0573273704102",
    "hangar_id": "2342382",
    "fodd_ar": "1946",
    "kon": "man",
    "efternamn": "Erlandsson",
    "tilltalsnamn": "Christer",
    "sorteringsnamn": "Erlandsson,Christer",
    "iort": "",
    "parti": "S",
    "valkrets": "Stockholms län",
    "status": "Tidigare ersättare",
    "person_url_xml": "http://data.riksdagen.se/person/248a04d8-d619-11d6-ae71-0004755038ce",
    "bild_url_80": "http://data.riksdagen.se/filarkiv/bilder/ledamot/248a04d8-d619-11d6-ae71-0004755038ce_80.jpg",
    "bild_url_192": "http://data.riksdagen.se/filarkiv/bilder/ledamot/248a04d8-d619-11d6-ae71-0004755038ce_192.jpg",
    "bild_url_max": "http://data.riksdagen.se/filarkiv/bilder/ledamot/248a04d8-d619-11d6-ae71-0004755038ce_max.jpg",
    "personuppdrag": {
      "uppdrag": [
        {
          "organ_kod": "kam",
          "roll_kod": "Statsrådsersättare",
          "ordningsnummer": "0",
          "status": "Ersättare",
          "typ": "kammaruppdrag",
          "from": "2006-09-01",
          "tom": "2006-10-02",
          "uppgift": "Pär Nuder",
          "intressent_id": "0573273704102",
          "hangar_id": "2342382",
          "sortering": "",
          "organ_sortering": "10",
          "uppdrag_rollsortering": "60",
          "uppdrag_statussortering": "20"
        },
        {
          "organ_kod": "kam",
          "roll_kod": "Ersättare",
          "ordningsnummer": "41",
          "status": "Ersättare",
          "typ": "kammaruppdrag",
          "from": "2006-05-31",
          "tom": "2006-08-31",
          "uppgift": "Ola Rask",
          "intressent_id": "0573273704102",
          "hangar_id": "2342382",
          "sortering": "45",
          "organ_sortering": "10",
          "uppdrag_rollsortering": "60",
          "uppdrag_statussortering": "20"
        },
        {
          "organ_kod": "kam",
          "roll_kod": "Statsrådsersättare",
          "ordningsnummer": "0",
          "status": "Ersättare",
          "typ": "kammaruppdrag",
          "from": "2005-03-25",
          "tom": "2006-05-30",
          "uppgift": "Pär Nuder",
          "intressent_id": "0573273704102",
          "hangar_id": "2342382",
          "sortering": "",
          "organ_sortering": "10",
          "uppdrag_rollsortering": "60",
          "uppdrag_statussortering": "20"
        },
        {
          "organ_kod": "kam",
          "roll_kod": "Ersättare",
          "ordningsnummer": "0",
          "status": "Ersättare",
          "typ": "kammaruppdrag",
          "from": "2005-02-24",
          "tom": "2005-03-24",
          "uppgift": "",
          "intressent_id": "0573273704102",
          "hangar_id": "2342382",
          "sortering": "45",
          "organ_sortering": "10",
          "uppdrag_rollsortering": "60",
          "uppdrag_statussortering": "20"
        },
        {
          "organ_kod": "kam",
          "roll_kod": "Statsrådsersättare",
          "ordningsnummer": "0",
          "status": "Ersättare",
          "typ": "kammaruppdrag",
          "from": "2005-01-01",
          "tom": "2005-02-23",
          "uppgift": "Pär Nuder",
          "intressent_id": "0573273704102",
          "hangar_id": "2342382",
          "sortering": "",
          "organ_sortering": "10",
          "uppdrag_rollsortering": "60",
          "uppdrag_statussortering": "20"
        },
        {
          "organ_kod": "kam",
          "roll_kod": "Ersättare",
          "ordningsnummer": "0",
          "status": "Ersättare",
          "typ": "kammaruppdrag",
          "from": "2004-10-11",
          "tom": "2004-11-11",
          "uppgift": "",
          "intressent_id": "0573273704102",
          "hangar_id": "2342382",
          "sortering": "45",
          "organ_sortering": "10",
          "uppdrag_rollsortering": "60",
          "uppdrag_statussortering": "20"
        },
        {
          "organ_kod": "kam",
          "roll_kod": "Ersättare",
          "ordningsnummer": "0",
          "status": "Ersättare",
          "typ": "kammaruppdrag",
          "from": "2004-08-30",
          "tom": "2004-10-04",
          "uppgift": "Mikael Damberg",
          "intressent_id": "0573273704102",
          "hangar_id": "2342382",
          "sortering": "45",
          "organ_sortering": "10",
          "uppdrag_rollsortering": "60",
          "uppdrag_statussortering": "20"
        },
        {
          "organ_kod": "kam",
          "roll_kod": "Ersättare",
          "ordningsnummer": "0",
          "status": "Ersättare",
          "typ": "kammaruppdrag",
          "from": "2004-06-15",
          "tom": "2004-08-29",
          "uppgift": "",
          "intressent_id": "0573273704102",
          "hangar_id": "2342382",
          "sortering": "45",
          "organ_sortering": "10",
          "uppdrag_rollsortering": "60",
          "uppdrag_statussortering": "20"
        },
        {
          "organ_kod": "kam",
          "roll_kod": "Ersättare",
          "ordningsnummer": "0",
          "status": "Ersättare",
          "typ": "kammaruppdrag",
          "from": "2004-04-15",
          "tom": "2004-06-14",
          "uppgift": "Mikael Damberg",
          "intressent_id": "0573273704102",
          "hangar_id": "2342382",
          "sortering": "45",
          "organ_sortering": "10",
          "uppdrag_rollsortering": "60",
          "uppdrag_statussortering": "20"
        },
        {
          "organ_kod": "kam",
          "roll_kod": "Ersättare",
          "ordningsnummer": "0",
          "status": "Ersättare",
          "typ": "kammaruppdrag",
          "from": "2004-03-08",
          "tom": "2004-04-14",
          "uppgift": "Cinnika Beiming",
          "intressent_id": "0573273704102",
          "hangar_id": "2342382",
          "sortering": "45",
          "organ_sortering": "10",
          "uppdrag_rollsortering": "60",
          "uppdrag_statussortering": "20"
        },
        {
          "organ_kod": "kam",
          "roll_kod": "Ersättare",
          "ordningsnummer": "0",
          "status": "Ersättare",
          "typ": "kammaruppdrag",
          "from": "2003-02-18",
          "tom": "2003-02-28",
          "uppgift": "Mikael Damberg",
          "intressent_id": "0573273704102",
          "hangar_id": "2342382",
          "sortering": "45",
          "organ_sortering": "10",
          "uppdrag_rollsortering": "60",
          "uppdrag_statussortering": "20"
        },
        {
          "organ_kod": "kam",
          "roll_kod": "Statsrådsersättare",
          "ordningsnummer": "0",
          "status": "Ersättare",
          "typ": "kammaruppdrag",
          "from": "2002-09-30",
          "tom": "2002-10-09",
          "uppgift": "Pär Nuder",
          "intressent_id": "0573273704102",
          "hangar_id": "2342382",
          "sortering": "",
          "organ_sortering": "10",
          "uppdrag_rollsortering": "60",
          "uppdrag_statussortering": "20"
        },
        {
          "organ_kod": "kam",
          "roll_kod": "Statsrådsersättare",
          "ordningsnummer": "60",
          "status": "Ersättare",
          "typ": "kammaruppdrag",
          "from": "1996-10-01",
          "tom": "1998-10-05",
          "uppgift": "Björn von Sydow",
          "intressent_id": "0573273704102",
          "hangar_id": "2342382",
          "sortering": "",
          "organ_sortering": "10",
          "uppdrag_rollsortering": "60",
          "uppdrag_statussortering": "20"
        },
        {
          "organ_kod": "AU",
          "roll_kod": "Suppleant",
          "ordningsnummer": "0",
          "status": "",
          "typ": "uppdrag",
          "from": "2004-03-08",
          "tom": "2004-04-14",
          "uppgift": "Arbetsmarknadsutskottet",
          "intressent_id": "0573273704102",
          "hangar_id": "2342382",
          "sortering": "50",
          "organ_sortering": "150",
          "uppdrag_rollsortering": "90",
          "uppdrag_statussortering": "90"
        },
        {
          "organ_kod": "AU",
          "roll_kod": "Suppleant",
          "ordningsnummer": "0",
          "status": "",
          "typ": "uppdrag",
          "from": "1996-10-10",
          "tom": "1998-10-04",
          "uppgift": "Arbetsmarknadsutskottet",
          "intressent_id": "0573273704102",
          "hangar_id": "2342382",
          "sortering": "50",
          "organ_sortering": "150",
          "uppdrag_rollsortering": "90",
          "uppdrag_statussortering": "90"
        },
        {
          "organ_kod": "JuU",
          "roll_kod": "Suppleant",
          "ordningsnummer": "0",
          "status": "",
          "typ": "uppdrag",
          "from": "2005-01-01",
          "tom": "2006-10-02",
          "uppgift": "Justitieutskottet",
          "intressent_id": "0573273704102",
          "hangar_id": "2342382",
          "sortering": "50",
          "organ_sortering": "150",
          "uppdrag_rollsortering": "90",
          "uppdrag_statussortering": "90"
        },
        {
          "organ_kod": "KU",
          "roll_kod": "Suppleant",
          "ordningsnummer": "0",
          "status": "",
          "typ": "uppdrag",
          "from": "2005-01-01",
          "tom": "2006-10-02",
          "uppgift": "Konstitutionsutskottet",
          "intressent_id": "0573273704102",
          "hangar_id": "2342382",
          "sortering": "50",
          "organ_sortering": "150",
          "uppdrag_rollsortering": "90",
          "uppdrag_statussortering": "90"
        },
        {
          "organ_kod": "SoU",
          "roll_kod": "Suppleant",
          "ordningsnummer": "0",
          "status": "",
          "typ": "uppdrag",
          "from": "2004-10-19",
          "tom": "2004-11-11",
          "uppgift": "Socialutskottet",
          "intressent_id": "0573273704102",
          "hangar_id": "2342382",
          "sortering": "50",
          "organ_sortering": "150",
          "uppdrag_rollsortering": "90",
          "uppdrag_statussortering": "90"
        },
        {
          "organ_kod": "TU",
          "roll_kod": "Suppleant",
          "ordningsnummer": "0",
          "status": "",
          "typ": "uppdrag",
          "from": "2004-06-19",
          "tom": "2004-08-29",
          "uppgift": "Trafikutskottet",
          "intressent_id": "0573273704102",
          "hangar_id": "2342382",
          "sortering": "50",
          "organ_sortering": "150",
          "uppdrag_rollsortering": "90",
          "uppdrag_statussortering": "90"
        },
        {
          "organ_kod": "UbU",
          "roll_kod": "Suppleant",
          "ordningsnummer": "0",
          "status": "",
          "typ": "uppdrag",
          "from": "2004-08-30",
          "tom": "2004-10-04",
          "uppgift": "Utbildningsutskottet",
          "intressent_id": "0573273704102",
          "hangar_id": "2342382",
          "sortering": "50",
          "organ_sortering": "150",
          "uppdrag_rollsortering": "90",
          "uppdrag_statussortering": "90"
        },
        {
          "organ_kod": "UbU",
          "roll_kod": "Suppleant",
          "ordningsnummer": "0",
          "status": "",
          "typ": "uppdrag",
          "from": "2004-04-15",
          "tom": "2004-06-14",
          "uppgift": "Utbildningsutskottet",
          "intressent_id": "0573273704102",
          "hangar_id": "2342382",
          "sortering": "50",
          "organ_sortering": "150",
          "uppdrag_rollsortering": "90",
          "uppdrag_statussortering": "90"
        },
        {
          "organ_kod": "JuSoU",
          "roll_kod": "Deputerad",
          "ordningsnummer": "0",
          "status": "",
          "typ": "uppdrag",
          "from": "2006-02-09",
          "tom": "2006-04-26",
          "uppgift": "Sammansatta justitie- och socialutskottet",
          "intressent_id": "0573273704102",
          "hangar_id": "2342382",
          "sortering": "40",
          "organ_sortering": "160",
          "uppdrag_rollsortering": "90",
          "uppdrag_statussortering": "90"
        },
        {
          "organ_kod": "BoU",
          "roll_kod": "Ledamot",
          "ordningsnummer": "0",
          "status": "",
          "typ": "uppdrag",
          "from": "2002-10-08",
          "tom": "2002-10-09",
          "uppgift": "Bostadsutskottet",
          "intressent_id": "0573273704102",
          "hangar_id": "2342382",
          "sortering": "30",
          "organ_sortering": "165",
          "uppdrag_rollsortering": "90",
          "uppdrag_statussortering": "90"
        },
        {
          "organ_kod": "LU",
          "roll_kod": "Suppleant",
          "ordningsnummer": "0",
          "status": "",
          "typ": "uppdrag",
          "from": "2004-10-19",
          "tom": "2004-11-11",
          "uppgift": "Lagutskottet",
          "intressent_id": "0573273704102",
          "hangar_id": "2342382",
          "sortering": "50",
          "organ_sortering": "165",
          "uppdrag_rollsortering": "90",
          "uppdrag_statussortering": "90"
        }
      ]
    },
    "personuppgift": {
      "uppgift": [
        {
          "kod": "sv",
          "uppgift": "metallombudsman",
          "typ": "titlar",
          "intressent_id": "0573273704102",
          "hangar_id": "2342382"
        },
        {
          "kod": "en",
          "uppgift": "",
          "typ": "titlar",
          "intressent_id": "0573273704102",
          "hangar_id": "2342382"
        }
      ]
    }
  }
}