{
  "person": {
    "hangar_guid": "b32c06af-e27c-4b49-b952-b80089515461",
    "sourceid": "d7c32246-83e4-11d4-ae60-0050040c9b55",
    "intressent_id": "0465398691116",
    "hangar_id": "2342961",
    "fodd_ar": "1957",
    "kon": "man",
    "efternamn": "Erlandsson",
    "tilltalsnamn": "Eskil",
    "sorteringsnamn": "Erlandsson,Eskil",
    "iort": "",
    "parti": "C",
    "valkrets": "Kronobergs län",
    "status": "Avgången riksdagsledamot",
    "person_url_xml": "http://data.riksdagen.se/person/d7c32246-83e4-11d4-ae60-0050040c9b55",
    "bild_url_80": "http://data.riksdagen.se/filarkiv/bilder/ledamot/d7c32246-83e4-11d4-ae60-0050040c9b55_80.jpg",
    "bild_url_192": "http://data.riksdagen.se/filarkiv/bilder/ledamot/d7c32246-83e4-11d4-ae60-0050040c9b55_192.jpg",
    "bild_url_max": "http://data.riksdagen.se/filarkiv/bilder/ledamot/d7c32246-83e4-11d4-ae60-0050040c9b55_max.jpg",
    "personuppdrag": {
      "uppdrag": [
        {
          "organ_kod": "L",
          "roll_kod": "Landsbygdsminister",
          "ordningsnummer": "6",
          "status": "",
          "typ": "Departement",
          "from": "2011-01-01",
          "tom": "2014-10-03",
          "uppgift": "Landsbygdsdepartementet",
          "intressent_id": "0465398691116",
          "hangar_id": "2342961",
          "sortering": "",
          "organ_sortering": "",
          "uppdrag_rollsortering": "90",
          "uppdrag_statussortering": "90"
        },
        {
          "organ_kod": "Jo",
          "roll_kod": "Landsbygdsminister",
          "ordningsnummer": "7",
          "status": "",
          "typ": "Departement",
          "from": "2010-10-06",
          "tom": "2010-12-31",
          "uppgift": "Jordbruksdepartementet",
          "intressent_id": "0465398691116",
          "hangar_id": "2342961",
          "sortering": "",
          "organ_sortering": "300",
          "uppdrag_rollsortering": "90",
          "uppdrag_statussortering": "90"
        },
        {
          "organ_kod": "Jo",
          "roll_kod": "Jordbruksminister",
          "ordningsnummer": "8",
          "status": "",
          "typ": "Departement",
          "from": "2006-10-06",
          "tom": "2010-10-05",
          "uppgift": "Jordbruksdepartementet",
          "intressent_id": "0465398691116",
          "hangar_id": "2342961",
          "sortering": "50",
          "organ_sortering": "300",
          "uppdrag_rollsortering": "90",
          "uppdrag_statussortering": "90"
        },
        {
          "organ_kod": "kam",
          "roll_kod": "Riksdagsledamot",
          "ordningsnummer": "90",
          "status": "Tjänstgörande",
          "typ": "kammaruppdrag",
          "from": "2018-09-24",
          "tom": "2019-03-12",
          "uppgift": "",
          "intressent_id": "0465398691116",
          "hangar_id": "2342961",
          "sortering": "10",
          "organ_sortering": "10",
          "uppdrag_rollsortering": "60",
          "uppdrag_statussortering": "10"
        },
        {
          "organ_kod": "kam",
          "roll_kod": "Riksdagsledamot",
          "ordningsnummer": "182",
          "status": "Tjänstgörande",
          "typ": "kammaruppdrag",
          "from": "2014-10-04",
          "tom": "2018-09-24",
          "uppgift": "",
          "intressent_id": "0465398691116",
          "hangar_id": "2342961",
          "sortering": "10",
          "organ_sortering": "10",
          "uppdrag_rollsortering": "60",
          "uppdrag_statussortering": "10"
        },
        {
          "organ_kod": "kam",
          "roll_kod": "Riksdagsledamot",
          "ordningsnummer": "182",
          "status": "Ledig",
          "typ": "kammaruppdrag",
          "from": "2014-09-29",
          "tom": "2014-10-03",
          "uppgift": "Karin Nilsson 2010-10-04 - 2014-09-29, Karin Nilsson 2014-09-29 - 2014-10-03  Statsråd",
          "intressent_id": "0465398691116",
          "hangar_id": "2342961",
          "sortering": "10",
          "organ_sortering": "10",
          "uppdrag_rollsortering": "60",
          "uppdrag_statussortering": "30"
        },
        {
          "organ_kod": "kam",
          "roll_kod": "Riksdagsledamot",
          "ordningsnummer": "291",
          "status": "Ledig",
          "typ": "kammaruppdrag",
          "from": "2010-10-04",
          "tom": "2014-09-29",
          "uppgift": "Karin Nilsson 2006-10-06 - 2010-10-04, Karin Nilsson 2010-10-04 - 2014-09-29  Statsråd",
          "intressent_id": "0465398691116",
          "hangar_id": "2342961",
          "sortering": "10",
          "organ_sortering": "10",
          "uppdrag_rollsortering": "60",
          "uppdrag_statussortering": "30"
        },
        {
          "organ_kod": "kam",
          "roll_kod": "Riksdagsledamot",
          "ordningsnummer": "182",
          "status": "Ledig",
          "typ": "kammaruppdrag",
          "from": "2006-10-06",
          "tom": "2010-10-04",
          "uppgift": "Karin Nilsson 2006-10-06 - 2010-10-04",
          "intressent_id": "0465398691116",
          "hangar_id": "2342961",
          "sortering": "10",
          "organ_sortering": "10",
          "uppdrag_rollsortering": "60",
          "uppdrag_statussortering": "30"
        },
        {
          "organ_kod": "kam",
          "roll_kod": "Riksdagsledamot",
          "ordningsnummer": "182",
          "status": "Tjänstgörande",
          "typ": "kammaruppdrag",
          "from": "2006-10-02",
          "tom": "2006-10-05",
          "uppgift": "",
          "intressent_id": "0465398691116",
          "hangar_id": "2342961",
          "sortering": "10",
          "organ_sortering": "10",
          "uppdrag_rollsortering": "60",
          "uppdrag_statussortering": "10"
        },
        {
          "organ_kod": "kam",
          "roll_kod": "Riksdagsledamot",
          "ordningsnummer": "123",
          "status": "Tjänstgörande",
          "typ": "kammaruppdrag",
          "from": "2002-09-30",
          "tom": "2006-10-02",
          "uppgift": "",
          "intressent_id": "0465398691116",
          "hangar_id": "2342961",
          "sortering": "10",
          "organ_sortering": "10",
          "uppdrag_rollsortering": "60",
          "uppdrag_statussortering": "10"
        },
        {
          "organ_kod": "kam",
          "roll_kod": "Riksdagsledamot",
          "ordningsnummer": "120",
          "status": "Tjänstgörande",
          "typ": "kammaruppdrag",
          "from": "1998-10-05",
          "tom": "2002-09-30",
          "uppgift": "",
          "intressent_id": "0465398691116",
          "hangar_id": "2342961",
          "sortering": "10",
          "organ_sortering": "10",
          "uppdrag_rollsortering": "60",
          "uppdrag_statussortering": "10"
        },
        {
          "organ_kod": "kam",
          "roll_kod": "Riksdagsledamot",
          "ordningsnummer": "119",
          "status": "Tjänstgörande",
          "typ": "kammaruppdrag",
          "from": "1994-10-03",
          "tom": "1998-10-05",
          "uppgift": "",
          "intressent_id": "0465398691116",
          "hangar_id": "2342961",
          "sortering": "10",
          "organ_sortering": "10",
          "uppdrag_rollsortering": "60",
          "uppdrag_statussortering": "10"
        },
        {
          "organ_kod": "OSSE",
          "roll_kod": "Suppleant",
          "ordningsnummer": "0",
          "status": "",
          "typ": "Riksdagsorgan",
          "from": "1996-03-15",
          "tom": "1998-10-05",
          "uppgift": "OSSE-delegationen",
          "intressent_id": "0465398691116",
          "hangar_id": "2342961",
          "sortering": "50",
          "organ_sortering": "300",
          "uppdrag_rollsortering": "90",
          "uppdrag_statussortering": "90"
        },
        {
          "organ_kod": "RFK",
          "roll_kod": "Ledamot",
          "ordningsnummer": "0",
          "status": "",
          "typ": "Riksdagsorgan",
          "from": "1998-10-13",
          "tom": "2000-06-30",
          "uppgift": "Riksdagens förvaltningskontor",
          "intressent_id": "0465398691116",
          "hangar_id": "2342961",
          "sortering": "30",
          "organ_sortering": "300",
          "uppdrag_rollsortering": "90",
          "uppdrag_statussortering": "90"
        },
        {
          "organ_kod": "FöU",
          "roll_kod": "Ordförande",
          "ordningsnummer": "0",
          "status": "",
          "typ": "uppdrag",
          "from": "2002-10-08",
          "tom": "2006-10-02",
          "uppgift": "Försvarsutskottet",
          "intressent_id": "0465398691116",
          "hangar_id": "2342961",
          "sortering": "10",
          "organ_sortering": "150",
          "uppdrag_rollsortering": "90",
          "uppdrag_statussortering": "90"
        },
        {
          "organ_kod": "KU",
          "roll_kod": "Suppleant",
          "ordningsnummer": "23",
          "status": "",
          "typ": "uppdrag",
          "from": "2018-10-16",
          "tom": "2019-03-12",
          "uppgift": "Konstitutionsutskottet",
          "intressent_id": "0465398691116",
          "hangar_id": "2342961",
          "sortering": "50",
          "organ_sortering": "150",
          "uppdrag_rollsortering": "90",
          "uppdrag_statussortering": "90"
        },
        {
          "organ_kod": "MJU",
          "roll_kod": "Suppleant",
          "ordningsnummer": "21",
          "status": "",
          "typ": "uppdrag",
          "from": "2014-10-14",
          "tom": "2018-09-24",
          "uppgift": "Miljö- och jordbruksutskottet",
          "intressent_id": "0465398691116",
          "hangar_id": "2342961",
          "sortering": "50",
          "organ_sortering": "150",
          "uppdrag_rollsortering": "90",
          "uppdrag_statussortering": "90"
        },
        {
          "organ_kod": "MJU",
          "roll_kod": "Suppleant",
          "ordningsnummer": "0",
          "status": "",
          "typ": "uppdrag",
          "from": "2002-10-08",
          "tom": "2006-10-02",
          "uppgift": "Miljö- och jordbruksutskottet",
          "intressent_id": "0465398691116",
          "hangar_id": "2342961",
          "sortering": "50",
          "organ_sortering": "150",
          "uppdrag_rollsortering": "90",
          "uppdrag_statussortering": "90"
        },
        {
          "organ_kod": "MJU",
          "roll_kod": "Ledamot",
          "ordningsnummer": "0",
          "status": "",
          "typ": "uppdrag",
          "from": "1998-10-13",
          "tom": "2002-09-30",
          "uppgift": "Miljö- och jordbruksutskottet",
          "intressent_id": "0465398691116",
          "hangar_id": "2342961",
          "sortering": "30",
          "organ_sortering": "150",
          "uppdrag_rollsortering": "90",
          "uppdrag_statussortering": "90"
        },
        {
          "organ_kod": "NU",
          "roll_kod": "Suppleant",
          "ordningsnummer": "0",
          "status": "",
          "typ": "uppdrag",
          "from": "1998-12-18",
          "tom": "2002-09-30",
          "uppgift": "Näringsutskottet",
          "intressent_id": "0465398691116",
          "hangar_id": "2342961",
          "sortering": "50",
          "organ_sortering": "150",
          "uppdrag_rollsortering": "90",
          "uppdrag_statussortering": "90"
        },
        {
          "organ_kod": "SkU",
          "roll_kod": "Suppleant",
          "ordningsnummer": "0",
          "status": "",
          "typ": "uppdrag",
          "from": "1998-10-13",
          "tom": "2002-09-30",
          "uppgift": "Skatteutskottet",
          "intressent_id": "0465398691116",
          "hangar_id": "2342961",
          "sortering": "50",
          "organ_sortering": "150",
          "uppdrag_rollsortering": "90",
          "uppdrag_statussortering": "90"
        },
        {
          "organ_kod": "SkU",
          "roll_kod": "Suppleant",
          "ordningsnummer": "0",
          "status": "",
          "typ": "uppdrag",
          "from": "1994-10-11",
          "tom": "1998-10-04",
          "uppgift": "Skatteutskottet",
          "intressent_id": "0465398691116",
          "hangar_id": "2342961",
          "sortering": "50",
          "organ_sortering": "150",
          "uppdrag_rollsortering": "90",
          "uppdrag_statussortering": "90"
        },
        {
          "organ_kod": "UFöU",
          "roll_kod": "Ordförande",
          "ordningsnummer": "0",
          "status": "",
          "typ": "uppdrag",
          "from": "2006-05-18",
          "tom": "2006-06-14",
          "uppgift": "Sammansatta utrikes- och försvarsutskottet",
          "intressent_id": "0465398691116",
          "hangar_id": "2342961",
          "sortering": "10",
          "organ_sortering": "160",
          "uppdrag_rollsortering": "90",
          "uppdrag_statussortering": "90"
        },
        {
          "organ_kod": "UFöU",
          "roll_kod": "Vice ordförande",
          "ordningsnummer": "0",
          "status": "",
          "typ": "uppdrag",
          "from": "2005-11-22",
          "tom": "2005-12-07",
          "uppgift": "Sammansatta utrikes- och försvarsutskottet",
          "intressent_id": "0465398691116",
          "hangar_id": "2342961",
          "sortering": "20",
          "organ_sortering": "160",
          "uppdrag_rollsortering": "90",
          "uppdrag_statussortering": "90"
        },
        {
          "organ_kod": "UFöU",
          "roll_kod": "Vice ordförande",
          "ordningsnummer": "0",
          "status": "",
          "typ": "uppdrag",
          "from": "2004-10-19",
          "tom": "2004-12-15",
          "uppgift": "Sammansatta utrikes- och försvarsutskottet",
          "intressent_id": "0465398691116",
          "hangar_id": "2342961",
          "sortering": "20",
          "organ_sortering": "160",
          "uppdrag_rollsortering": "90",
          "uppdrag_statussortering": "90"
        },
        {
          "organ_kod": "UFöU",
          "roll_kod": "Vice ordförande",
          "ordningsnummer": "0",
          "status": "",
          "typ": "uppdrag",
          "from": "2004-05-11",
          "tom": "2004-05-26",
          "uppgift": "Sammansatta utrikes- och försvarsutskottet",
          "intressent_id": "0465398691116",
          "hangar_id": "2342961",
          "sortering": "20",
          "organ_sortering": "160",
          "uppdrag_rollsortering": "90",
          "uppdrag_statussortering": "90"
        },
        {
          "organ_kod": "UFöU",
          "roll_kod": "Ordförande",
          "ordningsnummer": "0",
          "status": "",
          "typ": "uppdrag",
          "from": "2004-02-05",
          "tom": "2004-02-18",
          "uppgift": "Sammansatta utrikes- och försvarsutskottet",
          "intressent_id": "0465398691116",
          "hangar_id": "2342961",
          "sortering": "10",
          "organ_sortering": "160",
          "uppdrag_rollsortering": "90",
          "uppdrag_statussortering": "90"
        },
        {
          "organ_kod": "UFöU",
          "roll_kod": "Vice ordförande",
          "ordningsnummer": "0",
          "status": "",
          "typ": "uppdrag",
          "from": "2003-06-11",
          "tom": "2003-06-12",
          "uppgift": "Sammansatta utrikes- och försvarsutskottet",
          "intressent_id": "0465398691116",
          "hangar_id": "2342961",
          "sortering": "20",
          "organ_sortering": "160",
          "uppdrag_rollsortering": "90",
          "uppdrag_statussortering": "90"
        },
        {
          "organ_kod": "UFöU",
          "roll_kod": "Ordförande",
          "ordningsnummer": "0",
          "status": "",
          "typ": "uppdrag",
          "from": "2002-12-03",
          "tom": "2002-12-18",
          "uppgift": "Sammansatta utrikes- och försvarsutskottet",
          "intressent_id": "0465398691116",
          "hangar_id": "2342961",
          "sortering": "10",
          "organ_sortering": "160",
          "uppdrag_rollsortering": "90",
          "uppdrag_statussortering": "90"
        },
        {
          "organ_kod": "BoU",
          "roll_kod": "Suppleant",
          "ordningsnummer": "0",
          "status": "",
          "typ": "uppdrag",
          "from": "1994-10-11",
          "tom": "1998-10-04",
          "uppgift": "Bostadsutskottet",
          "intressent_id": "0465398691116",
          "hangar_id": "2342961",
          "sortering": "50",
          "organ_sortering": "165",
          "uppdrag_rollsortering": "90",
          "uppdrag_statussortering": "90"
        },
        {
          "organ_kod": "EUN",
          "roll_kod": "Förste vice ordförande",
          "ordningsnummer": "7",
          "status": "",
          "typ": "uppdrag",
          "from": "2019-03-01",
          "tom": "2019-03-12",
          "uppgift": "EU-nämnden",
          "intressent_id": "0465398691116",
          "hangar_id": "2342961",
          "sortering": "15",
          "organ_sortering": "170",
          "uppdrag_rollsortering": "90",
          "uppdrag_statussortering": "90"
        },
        {
          "organ_kod": "EUN",
          "roll_kod": "Vice ordförande",
          "ordningsnummer": "7",
          "status": "",
          "typ": "uppdrag",
          "from": "2018-10-03",
          "tom": "2019-03-01",
          "uppgift": "EU-nämnden",
          "intressent_id": "0465398691116",
          "hangar_id": "2342961",
          "sortering": "20",
          "organ_sortering": "170",
          "uppdrag_rollsortering": "90",
          "uppdrag_statussortering": "90"
        },
        {
          "organ_kod": "EUN",
          "roll_kod": "Ledamot",
          "ordningsnummer": "7",
          "status": "",
          "typ": "uppdrag",
          "from": "2018-10-02",
          "tom": "2018-10-03",
          "uppgift": "EU-nämnden",
          "intressent_id": "0465398691116",
          "hangar_id": "2342961",
          "sortering": "30",
          "organ_sortering": "170",
          "uppdrag_rollsortering": "90",
          "uppdrag_statussortering": "90"
        },
        {
          "organ_kod": "EUN",
          "roll_kod": "Ledamot",
          "ordningsnummer": "7",
          "status": "",
          "typ": "uppdrag",
          "from": "2018-10-03",
          "tom": "2018-10-03",
          "uppgift": "EU-nämnden",
          "intressent_id": "0465398691116",
          "hangar_id": "2342961",
          "sortering": "30",
          "organ_sortering": "170",
          "uppdrag_rollsortering": "90",
          "uppdrag_statussortering": "90"
        },
        {
          "organ_kod": "EUN",
          "roll_kod": "Vice ordförande",
          "ordningsnummer": "9",
          "status": "",
          "typ": "uppdrag",
          "from": "2014-10-08",
          "tom": "2018-10-02",
          "uppgift": "EU-nämnden",
          "intressent_id": "0465398691116",
          "hangar_id": "2342961",
          "sortering": "20",
          "organ_sortering": "170",
          "uppdrag_rollsortering": "90",
          "uppdrag_statussortering": "90"
        },
        {
          "organ_kod": "EUN",
          "roll_kod": "Ledamot",
          "ordningsnummer": "9",
          "status": "",
          "typ": "uppdrag",
          "from": "2014-10-07",
          "tom": "2014-10-08",
          "uppgift": "EU-nämnden",
          "intressent_id": "0465398691116",
          "hangar_id": "2342961",
          "sortering": "30",
          "organ_sortering": "170",
          "uppdrag_rollsortering": "90",
          "uppdrag_statussortering": "90"
        },
        {
          "organ_kod": "EUN",
          "roll_kod": "Suppleant",
          "ordningsnummer": "0",
          "status": "",
          "typ": "uppdrag",
          "from": "2002-10-08",
          "tom": "2006-10-10",
          "uppgift": "EU-nämnden",
          "intressent_id": "0465398691116",
          "hangar_id": "2342961",
          "sortering": "50",
          "organ_sortering": "170",
          "uppdrag_rollsortering": "90",
          "uppdrag_statussortering": "90"
        }
      ]
    },
    "personuppgift": {
      "uppgift": [
        {
          "kod": "sv",
          "uppgift": "Lantmästare.",
          "typ": "titlar",
          "intressent_id": "0465398691116",
          "hangar_id": "2342961"
        },
        {
          "kod": "en",
          "uppgift": "Former Municipal Commissioner, Farm Foreman",
          "typ": "titlar",
          "intressent_id": "0465398691116",
          "hangar_id": "2342961"
        },
        {
          "kod": "KandiderarINastaVal",
          "uppgift": "true",
          "typ": "val",
          "intressent_id": "0465398691116",
          "hangar_id": "2342961"
        }
      ]
    }
  }
}