{
  "person": {
    "hangar_guid": "c20660e9-a822-4ad1-912b-47ac415af651",
    "sourceid": "e2d004d9-d6a4-4a29-88e0-227ca9f3af8d",
    "intressent_id": "0336578482300",
    "hangar_id": "2341830",
    "fodd_ar": "1933",
    "kon": "man",
    "efternamn": "Ernestam",
    "tilltalsnamn": "Lars",
    "sorteringsnamn": "Ernestam,Lars",
    "iort": "",
    "parti": "FP",
    "valkrets": "",
    "status": "Tidigare riksdagsledamot",
    "person_url_xml": "http://data.riksdagen.se/person/e2d004d9-d6a4-4a29-88e0-227ca9f3af8d",
    "bild_url_80": "http://data.riksdagen.se/filarkiv/bilder/ledamot/e2d004d9-d6a4-4a29-88e0-227ca9f3af8d_80.jpg",
    "bild_url_192": "http://data.riksdagen.se/filarkiv/bilder/ledamot/e2d004d9-d6a4-4a29-88e0-227ca9f3af8d_192.jpg",
    "bild_url_max": "http://data.riksdagen.se/filarkiv/bilder/ledamot/e2d004d9-d6a4-4a29-88e0-227ca9f3af8d_max.jpg",
    "personuppdrag": {
      "uppdrag": [
        {
          "organ_kod": "kam",
          "roll_kod": "Riksdagsledamot",
          "ordningsnummer": "272",
          "status": "Tjänstgörande",
          "typ": "kammaruppdrag",
          "from": "1990-12-10",
          "tom": "1991-09-30",
          "uppgift": "",
          "intressent_id": "0336578482300",
          "hangar_id": "2341830",
          "sortering": "10",
          "organ_sortering": "10",
          "uppdrag_rollsortering": "60",
          "uppdrag_statussortering": "10"
        },
        {
          "organ_kod": "kam",
          "roll_kod": "Riksdagsledamot",
          "ordningsnummer": "272",
          "status": "Ledig",
          "typ": "kammaruppdrag",
          "from": "1990-11-10",
          "tom": "1990-12-09",
          "uppgift": "Lennart Eliasson 1990-11-10 - 1990-12-09",
          "intressent_id": "0336578482300",
          "hangar_id": "2341830",
          "sortering": "10",
          "organ_sortering": "10",
          "uppdrag_rollsortering": "60",
          "uppdrag_statussortering": "30"
        },
        {
          "organ_kod": "kam",
          "roll_kod": "Riksdagsledamot",
          "ordningsnummer": "272",
          "status": "Tjänstgörande",
          "typ": "kammaruppdrag",
          "from": "1988-10-03",
          "tom": "1990-11-09",
          "uppgift": "",
          "intressent_id": "0336578482300",
          "hangar_id": "2341830",
          "sortering": "10",
          "organ_sortering": "10",
          "uppdrag_rollsortering": "60",
          "uppdrag_statussortering": "10"
        },
        {
          "organ_kod": "kam",
          "roll_kod": "Riksdagsledamot",
          "ordningsnummer": "0",
          "status": "Tjänstgörande",
          "typ": "kammaruppdrag",
          "from": "1985-09-30",
          "tom": "1988-10-03",
          "uppgift": "",
          "intressent_id": "0336578482300",
          "hangar_id": "2341830",
          "sortering": "10",
          "organ_sortering": "10",
          "uppdrag_rollsortering": "60",
          "uppdrag_statussortering": "10"
        },
        {
          "organ_kod": "kam",
          "roll_kod": "Riksdagsledamot",
          "ordningsnummer": "0",
          "status": "Tjänstgörande",
          "typ": "kammaruppdrag",
          "from": "1982-10-04",
          "tom": "1985-09-30",
          "uppgift": "",
          "intressent_id": "0336578482300",
          "hangar_id": "2341830",
          "sortering": "10",
          "organ_sortering": "10",
          "uppdrag_rollsortering": "60",
          "uppdrag_statussortering": "10"
        },
        {
          "organ_kod": "KrU",
          "roll_kod": "Ledamot",
          "ordningsnummer": "0",
          "status": "",
          "typ": "uppdrag",
          "from": "1990-06-13",
          "tom": "1991-09-29",
          "uppgift": "Kulturutskottet",
          "intressent_id": "0336578482300",
          "hangar_id": "2341830",
          "sortering": "30",
          "organ_sortering": "150",
          "uppdrag_rollsortering": "90",
          "uppdrag_statussortering": "90"
        },
        {
          "organ_kod": "MJU",
          "roll_kod": "Suppleant",
          "ordningsnummer": "0",
          "status": "",
          "typ": "uppdrag",
          "from": "1990-10-10",
          "tom": "1991-09-29",
          "uppgift": "Miljö- och jordbruksutskottet",
          "intressent_id": "0336578482300",
          "hangar_id": "2341830",
          "sortering": "50",
          "organ_sortering": "150",
          "uppdrag_rollsortering": "90",
          "uppdrag_statussortering": "90"
        }
      ]
    },
    "personuppgift": {
      "uppgift": [
        {
          "kod": "sv",
          "uppgift": "kulturchef",
          "typ": "titlar",
          "intressent_id": "0336578482300",
          "hangar_id": "2341830"
        },
        {
          "kod": "en",
          "uppgift": "",
          "typ": "titlar",
          "intressent_id": "0336578482300",
          "hangar_id": "2341830"
        }
      ]
    }
  }
}