{
  "person": {
    "hangar_guid": "8ba0d892-6968-4257-8d3f-c0e5b75ee4ce",
    "sourceid": "c2ad0b1d-6351-4d65-b979-11f59699231a",
    "intressent_id": "09812885803",
    "hangar_id": "2342264",
    "fodd_ar": "1944",
    "kon": "man",
    "efternamn": "Ertsborn",
    "tilltalsnamn": "Jan",
    "sorteringsnamn": "Ertsborn,Jan",
    "iort": "",
    "parti": "FP",
    "valkrets": "Hallands län",
    "status": "Tidigare riksdagsledamot",
    "person_url_xml": "http://data.riksdagen.se/person/c2ad0b1d-6351-4d65-b979-11f59699231a",
    "bild_url_80": "http://data.riksdagen.se/filarkiv/bilder/ledamot/c2ad0b1d-6351-4d65-b979-11f59699231a_80.jpg",
    "bild_url_192": "http://data.riksdagen.se/filarkiv/bilder/ledamot/c2ad0b1d-6351-4d65-b979-11f59699231a_192.jpg",
    "bild_url_max": "http://data.riksdagen.se/filarkiv/bilder/ledamot/c2ad0b1d-6351-4d65-b979-11f59699231a_max.jpg",
    "personuppdrag": {
      "uppdrag": [
        {
          "organ_kod": "kam",
          "roll_kod": "Riksdagsledamot",
          "ordningsnummer": "3",
          "status": "Tjänstgörande",
          "typ": "kammaruppdrag",
          "from": "2012-10-01",
          "tom": "2014-09-29",
          "uppgift": "",
          "intressent_id": "09812885803",
          "hangar_id": "2342264",
          "sortering": "10",
          "organ_sortering": "10",
          "uppdrag_rollsortering": "60",
          "uppdrag_statussortering": "10"
        },
        {
          "organ_kod": "kam",
          "roll_kod": "Riksdagsledamot",
          "ordningsnummer": "96",
          "status": "Tjänstgörande",
          "typ": "kammaruppdrag",
          "from": "2010-10-04",
          "tom": "2012-09-30",
          "uppgift": "",
          "intressent_id": "09812885803",
          "hangar_id": "2342264",
          "sortering": "10",
          "organ_sortering": "10",
          "uppdrag_rollsortering": "60",
          "uppdrag_statussortering": "10"
        },
        {
          "organ_kod": "kam",
          "roll_kod": "Riksdagsledamot",
          "ordningsnummer": "97",
          "status": "Tjänstgörande",
          "typ": "kammaruppdrag",
          "from": "2006-10-02",
          "tom": "2010-10-04",
          "uppgift": "",
          "intressent_id": "09812885803",
          "hangar_id": "2342264",
          "sortering": "10",
          "organ_sortering": "10",
          "uppdrag_rollsortering": "60",
          "uppdrag_statussortering": "10"
        },
        {
          "organ_kod": "kam",
          "roll_kod": "Riksdagsledamot",
          "ordningsnummer": "197",
          "status": "Tjänstgörande",
          "typ": "kammaruppdrag",
          "from": "2002-09-30",
          "tom": "2006-10-02",
          "uppgift": "",
          "intressent_id": "09812885803",
          "hangar_id": "2342264",
          "sortering": "10",
          "organ_sortering": "10",
          "uppdrag_rollsortering": "60",
          "uppdrag_statussortering": "10"
        },
        {
          "organ_kod": "ER",
          "roll_kod": "Suppleant",
          "ordningsnummer": "0",
          "status": "",
          "typ": "Riksdagsorgan",
          "from": "2003-05-18",
          "tom": "2007-01-10",
          "uppgift": "Europarådets svenska delegation",
          "intressent_id": "09812885803",
          "hangar_id": "2342264",
          "sortering": "50",
          "organ_sortering": "300",
          "uppdrag_rollsortering": "90",
          "uppdrag_statussortering": "90"
        },
        {
          "organ_kod": "VB",
          "roll_kod": "Ledamot",
          "ordningsnummer": "4",
          "status": "",
          "typ": "Riksdagsorgan",
          "from": "2010-10-04",
          "tom": "2014-09-29",
          "uppgift": "Valberedningen",
          "intressent_id": "09812885803",
          "hangar_id": "2342264",
          "sortering": "30",
          "organ_sortering": "300",
          "uppdrag_rollsortering": "90",
          "uppdrag_statussortering": "90"
        },
        {
          "organ_kod": "VB",
          "roll_kod": "Ledamot",
          "ordningsnummer": "16",
          "status": "",
          "typ": "Riksdagsorgan",
          "from": "2006-10-02",
          "tom": "2010-10-04",
          "uppgift": "Valberedningen",
          "intressent_id": "09812885803",
          "hangar_id": "2342264",
          "sortering": "30",
          "organ_sortering": "300",
          "uppdrag_rollsortering": "90",
          "uppdrag_statussortering": "90"
        },
        {
          "organ_kod": "VPN",
          "roll_kod": "Suppleant",
          "ordningsnummer": "5",
          "status": "",
          "typ": "Riksdagsorgan",
          "from": "2007-01-18",
          "tom": "2011-04-05",
          "uppgift": "Valprövningsnämnden",
          "intressent_id": "09812885803",
          "hangar_id": "2342264",
          "sortering": "50",
          "organ_sortering": "300",
          "uppdrag_rollsortering": "90",
          "uppdrag_statussortering": "90"
        },
        {
          "organ_kod": "BN",
          "roll_kod": "Suppleant",
          "ordningsnummer": "0",
          "status": "",
          "typ": "Riksdagsorgan",
          "from": "2002-10-15",
          "tom": "2003-07-01",
          "uppgift": "Besvärsnämnden",
          "intressent_id": "09812885803",
          "hangar_id": "2342264",
          "sortering": "50",
          "organ_sortering": "399",
          "uppdrag_rollsortering": "90",
          "uppdrag_statussortering": "90"
        },
        {
          "organ_kod": "kam",
          "roll_kod": "Tredje vice talman",
          "ordningsnummer": "40",
          "status": "",
          "typ": "talmansuppdrag",
          "from": "2012-10-01",
          "tom": "2014-09-29",
          "uppgift": "",
          "intressent_id": "09812885803",
          "hangar_id": "2342264",
          "sortering": "20",
          "organ_sortering": "10",
          "uppdrag_rollsortering": "40",
          "uppdrag_statussortering": "90"
        },
        {
          "organ_kod": "CU",
          "roll_kod": "Suppleant",
          "ordningsnummer": "18",
          "status": "",
          "typ": "uppdrag",
          "from": "2012-10-05",
          "tom": "2014-09-29",
          "uppgift": "Civilutskottet",
          "intressent_id": "09812885803",
          "hangar_id": "2342264",
          "sortering": "50",
          "organ_sortering": "150",
          "uppdrag_rollsortering": "90",
          "uppdrag_statussortering": "90"
        },
        {
          "organ_kod": "CU",
          "roll_kod": "Vice ordförande",
          "ordningsnummer": "9",
          "status": "",
          "typ": "uppdrag",
          "from": "2010-10-12",
          "tom": "2012-09-30",
          "uppgift": "Civilutskottet",
          "intressent_id": "09812885803",
          "hangar_id": "2342264",
          "sortering": "20",
          "organ_sortering": "150",
          "uppdrag_rollsortering": "90",
          "uppdrag_statussortering": "90"
        },
        {
          "organ_kod": "CU",
          "roll_kod": "Ledamot",
          "ordningsnummer": "9",
          "status": "",
          "typ": "uppdrag",
          "from": "2010-10-12",
          "tom": "2010-10-12",
          "uppgift": "Civilutskottet",
          "intressent_id": "09812885803",
          "hangar_id": "2342264",
          "sortering": "30",
          "organ_sortering": "150",
          "uppdrag_rollsortering": "90",
          "uppdrag_statussortering": "90"
        },
        {
          "organ_kod": "CU",
          "roll_kod": "Ledamot",
          "ordningsnummer": "8",
          "status": "",
          "typ": "uppdrag",
          "from": "2006-10-10",
          "tom": "2010-10-04",
          "uppgift": "Civilutskottet",
          "intressent_id": "09812885803",
          "hangar_id": "2342264",
          "sortering": "30",
          "organ_sortering": "150",
          "uppdrag_rollsortering": "90",
          "uppdrag_statussortering": "90"
        },
        {
          "organ_kod": "JuU",
          "roll_kod": "Suppleant",
          "ordningsnummer": "19",
          "status": "",
          "typ": "uppdrag",
          "from": "2010-10-19",
          "tom": "2014-09-29",
          "uppgift": "Justitieutskottet",
          "intressent_id": "09812885803",
          "hangar_id": "2342264",
          "sortering": "50",
          "organ_sortering": "150",
          "uppdrag_rollsortering": "90",
          "uppdrag_statussortering": "90"
        },
        {
          "organ_kod": "JuU",
          "roll_kod": "Suppleant",
          "ordningsnummer": "8",
          "status": "",
          "typ": "uppdrag",
          "from": "2006-10-10",
          "tom": "2010-10-04",
          "uppgift": "Justitieutskottet",
          "intressent_id": "09812885803",
          "hangar_id": "2342264",
          "sortering": "50",
          "organ_sortering": "150",
          "uppdrag_rollsortering": "90",
          "uppdrag_statussortering": "90"
        },
        {
          "organ_kod": "JuU",
          "roll_kod": "Suppleant",
          "ordningsnummer": "0",
          "status": "",
          "typ": "uppdrag",
          "from": "2004-09-14",
          "tom": "2006-10-02",
          "uppgift": "Justitieutskottet",
          "intressent_id": "09812885803",
          "hangar_id": "2342264",
          "sortering": "50",
          "organ_sortering": "150",
          "uppdrag_rollsortering": "90",
          "uppdrag_statussortering": "90"
        },
        {
          "organ_kod": "KU",
          "roll_kod": "Suppleant",
          "ordningsnummer": "0",
          "status": "",
          "typ": "uppdrag",
          "from": "2006-01-17",
          "tom": "2006-10-02",
          "uppgift": "Konstitutionsutskottet",
          "intressent_id": "09812885803",
          "hangar_id": "2342264",
          "sortering": "50",
          "organ_sortering": "150",
          "uppdrag_rollsortering": "90",
          "uppdrag_statussortering": "90"
        },
        {
          "organ_kod": "NU",
          "roll_kod": "Suppleant",
          "ordningsnummer": "0",
          "status": "",
          "typ": "uppdrag",
          "from": "2006-10-24",
          "tom": "2007-10-03",
          "uppgift": "Näringsutskottet",
          "intressent_id": "09812885803",
          "hangar_id": "2342264",
          "sortering": "50",
          "organ_sortering": "150",
          "uppdrag_rollsortering": "90",
          "uppdrag_statussortering": "90"
        },
        {
          "organ_kod": "NU",
          "roll_kod": "Suppleant",
          "ordningsnummer": "0",
          "status": "",
          "typ": "uppdrag",
          "from": "2002-10-08",
          "tom": "2004-09-14",
          "uppgift": "Näringsutskottet",
          "intressent_id": "09812885803",
          "hangar_id": "2342264",
          "sortering": "50",
          "organ_sortering": "150",
          "uppdrag_rollsortering": "90",
          "uppdrag_statussortering": "90"
        },
        {
          "organ_kod": "LU",
          "roll_kod": "Ledamot",
          "ordningsnummer": "0",
          "status": "",
          "typ": "uppdrag",
          "from": "2002-10-08",
          "tom": "2006-10-02",
          "uppgift": "Lagutskottet",
          "intressent_id": "09812885803",
          "hangar_id": "2342264",
          "sortering": "30",
          "organ_sortering": "165",
          "uppdrag_rollsortering": "90",
          "uppdrag_statussortering": "90"
        }
      ]
    },
    "personuppgift": {
      "uppgift": [
        {
          "kod": "sv",
          "uppgift": "Advokat",
          "typ": "titlar",
          "intressent_id": "09812885803",
          "hangar_id": "2342264"
        },
        {
          "kod": "en",
          "uppgift": "Lawyer",
          "typ": "titlar",
          "intressent_id": "09812885803",
          "hangar_id": "2342264"
        }
      ]
    }
  }
}