{
  "person": {
    "hangar_guid": "5b6c0b08-8b7c-4a6d-b719-0f9fd3bb7d77",
    "sourceid": "979e9852-69ed-4077-8140-52ab99414a6c",
    "intressent_id": "014386615025",
    "hangar_id": "2343623",
    "fodd_ar": "1976",
    "kon": "man",
    "efternamn": "Esbati",
    "tilltalsnamn": "Ali",
    "sorteringsnamn": "Esbati,Ali",
    "iort": "",
    "parti": "V",
    "valkrets": "Stockholms kommun",
    "status": "Tjänstgörande riksdagsledamot",
    "person_url_xml": "http://data.riksdagen.se/person/979e9852-69ed-4077-8140-52ab99414a6c",
    "bild_url_80": "http://data.riksdagen.se/filarkiv/bilder/ledamot/979e9852-69ed-4077-8140-52ab99414a6c_80.jpg",
    "bild_url_192": "http://data.riksdagen.se/filarkiv/bilder/ledamot/979e9852-69ed-4077-8140-52ab99414a6c_192.jpg",
    "bild_url_max": "http://data.riksdagen.se/filarkiv/bilder/ledamot/979e9852-69ed-4077-8140-52ab99414a6c_max.jpg",
    "personuppdrag": {
      "uppdrag": [
        {
          "organ_kod": "kam",
          "roll_kod": "Riksdagsledamot",
          "ordningsnummer": "171",
          "status": "Tjänstgörande",
          "typ": "kammaruppdrag",
          "from": "2018-09-24",
          "tom": "2022-09-26",
          "uppgift": "",
          "intressent_id": "014386615025",
          "hangar_id": "2343623",
          "sortering": "10",
          "organ_sortering": "10",
          "uppdrag_rollsortering": "60",
          "uppdrag_statussortering": "10"
        },
        {
          "organ_kod": "kam",
          "roll_kod": "Riksdagsledamot",
          "ordningsnummer": "210",
          "status": "Tjänstgörande",
          "typ": "kammaruppdrag",
          "from": "2016-07-28",
          "tom": "2018-09-24",
          "uppgift": "",
          "intressent_id": "014386615025",
          "hangar_id": "2343623",
          "sortering": "10",
          "organ_sortering": "10",
          "uppdrag_rollsortering": "60",
          "uppdrag_statussortering": "10"
        },
        {
          "organ_kod": "kam",
          "roll_kod": "Riksdagsledamot",
          "ordningsnummer": "210",
          "status": "Ledig",
          "typ": "kammaruppdrag",
          "from": "2016-05-12",
          "tom": "2016-07-27",
          "uppgift": "Jenny Bengtsson 2016-05-12 - 2016-07-27  Sjukledighet",
          "intressent_id": "014386615025",
          "hangar_id": "2343623",
          "sortering": "10",
          "organ_sortering": "10",
          "uppdrag_rollsortering": "60",
          "uppdrag_statussortering": "30"
        },
        {
          "organ_kod": "kam",
          "roll_kod": "Riksdagsledamot",
          "ordningsnummer": "210",
          "status": "Tjänstgörande",
          "typ": "kammaruppdrag",
          "from": "2014-09-29",
          "tom": "2016-05-11",
          "uppgift": "",
          "intressent_id": "014386615025",
          "hangar_id": "2343623",
          "sortering": "10",
          "organ_sortering": "10",
          "uppdrag_rollsortering": "60",
          "uppdrag_statussortering": "10"
        },
        {
          "organ_kod": "kam",
          "roll_kod": "Ersättare",
          "ordningsnummer": "208",
          "status": "Ersättare",
          "typ": "kammaruppdrag",
          "from": "2013-11-14",
          "tom": "2014-09-29",
          "uppgift": "Josefin Brink",
          "intressent_id": "014386615025",
          "hangar_id": "2343623",
          "sortering": "45",
          "organ_sortering": "10",
          "uppdrag_rollsortering": "60",
          "uppdrag_statussortering": "20"
        },
        {
          "organ_kod": "kam",
          "roll_kod": "Ersättare",
          "ordningsnummer": "208",
          "status": "Ersättare",
          "typ": "kammaruppdrag",
          "from": "2013-02-13",
          "tom": "2013-04-30",
          "uppgift": "Josefin Brink",
          "intressent_id": "014386615025",
          "hangar_id": "2343623",
          "sortering": "45",
          "organ_sortering": "10",
          "uppdrag_rollsortering": "60",
          "uppdrag_statussortering": "20"
        },
        {
          "organ_kod": "RB",
          "roll_kod": "Ledamot",
          "ordningsnummer": "8",
          "status": "",
          "typ": "Riksdagsorgan",
          "from": "2018-10-09",
          "tom": "2022-10-09",
          "uppgift": "Riksbanksfullmäktige",
          "intressent_id": "014386615025",
          "hangar_id": "2343623",
          "sortering": "30",
          "organ_sortering": "300",
          "uppdrag_rollsortering": "90",
          "uppdrag_statussortering": "90"
        },
        {
          "organ_kod": "AU",
          "roll_kod": "Ledamot",
          "ordningsnummer": "8",
          "status": "",
          "typ": "uppdrag",
          "from": "2018-10-02",
          "tom": "2022-09-26",
          "uppgift": "Arbetsmarknadsutskottet",
          "intressent_id": "014386615025",
          "hangar_id": "2343623",
          "sortering": "30",
          "organ_sortering": "150",
          "uppdrag_rollsortering": "90",
          "uppdrag_statussortering": "90"
        },
        {
          "organ_kod": "AU",
          "roll_kod": "Ledamot",
          "ordningsnummer": "15",
          "status": "",
          "typ": "uppdrag",
          "from": "2014-10-07",
          "tom": "2018-09-24",
          "uppgift": "Arbetsmarknadsutskottet",
          "intressent_id": "014386615025",
          "hangar_id": "2343623",
          "sortering": "30",
          "organ_sortering": "150",
          "uppdrag_rollsortering": "90",
          "uppdrag_statussortering": "90"
        },
        {
          "organ_kod": "AU",
          "roll_kod": "Extra suppleant",
          "ordningsnummer": "0",
          "status": "",
          "typ": "uppdrag",
          "from": "2014-08-29",
          "tom": "2014-09-29",
          "uppgift": "Arbetsmarknadsutskottet",
          "intressent_id": "014386615025",
          "hangar_id": "2343623",
          "sortering": "55",
          "organ_sortering": "150",
          "uppdrag_rollsortering": "90",
          "uppdrag_statussortering": "90"
        },
        {
          "organ_kod": "AU",
          "roll_kod": "Extra suppleant",
          "ordningsnummer": "0",
          "status": "",
          "typ": "uppdrag",
          "from": "2014-07-03",
          "tom": "2014-08-28",
          "uppgift": "Arbetsmarknadsutskottet",
          "intressent_id": "014386615025",
          "hangar_id": "2343623",
          "sortering": "55",
          "organ_sortering": "150",
          "uppdrag_rollsortering": "90",
          "uppdrag_statussortering": "90"
        },
        {
          "organ_kod": "AU",
          "roll_kod": "Extra suppleant",
          "ordningsnummer": "0",
          "status": "",
          "typ": "uppdrag",
          "from": "2014-05-15",
          "tom": "2014-07-02",
          "uppgift": "Arbetsmarknadsutskottet",
          "intressent_id": "014386615025",
          "hangar_id": "2343623",
          "sortering": "55",
          "organ_sortering": "150",
          "uppdrag_rollsortering": "90",
          "uppdrag_statussortering": "90"
        },
        {
          "organ_kod": "AU",
          "roll_kod": "Extra suppleant",
          "ordningsnummer": "0",
          "status": "",
          "typ": "uppdrag",
          "from": "2014-03-20",
          "tom": "2014-05-14",
          "uppgift": "Arbetsmarknadsutskottet",
          "intressent_id": "014386615025",
          "hangar_id": "2343623",
          "sortering": "55",
          "organ_sortering": "150",
          "uppdrag_rollsortering": "90",
          "uppdrag_statussortering": "90"
        },
        {
          "organ_kod": "AU",
          "roll_kod": "Extra suppleant",
          "ordningsnummer": "0",
          "status": "",
          "typ": "uppdrag",
          "from": "2014-02-06",
          "tom": "2014-03-19",
          "uppgift": "Arbetsmarknadsutskottet",
          "intressent_id": "014386615025",
          "hangar_id": "2343623",
          "sortering": "55",
          "organ_sortering": "150",
          "uppdrag_rollsortering": "90",
          "uppdrag_statussortering": "90"
        },
        {
          "organ_kod": "AU",
          "roll_kod": "Extra suppleant",
          "ordningsnummer": "0",
          "status": "",
          "typ": "uppdrag",
          "from": "2013-12-18",
          "tom": "2014-02-05",
          "uppgift": "Arbetsmarknadsutskottet",
          "intressent_id": "014386615025",
          "hangar_id": "2343623",
          "sortering": "55",
          "organ_sortering": "150",
          "uppdrag_rollsortering": "90",
          "uppdrag_statussortering": "90"
        },
        {
          "organ_kod": "AU",
          "roll_kod": "Extra suppleant",
          "ordningsnummer": "0",
          "status": "",
          "typ": "uppdrag",
          "from": "2013-11-14",
          "tom": "2013-12-17",
          "uppgift": "Arbetsmarknadsutskottet",
          "intressent_id": "014386615025",
          "hangar_id": "2343623",
          "sortering": "55",
          "organ_sortering": "150",
          "uppdrag_rollsortering": "90",
          "uppdrag_statussortering": "90"
        },
        {
          "organ_kod": "AU",
          "roll_kod": "Extra suppleant",
          "ordningsnummer": "0",
          "status": "",
          "typ": "uppdrag",
          "from": "2013-02-13",
          "tom": "2013-04-30",
          "uppgift": "Arbetsmarknadsutskottet",
          "intressent_id": "014386615025",
          "hangar_id": "2343623",
          "sortering": "55",
          "organ_sortering": "150",
          "uppdrag_rollsortering": "90",
          "uppdrag_statussortering": "90"
        },
        {
          "organ_kod": "KU",
          "roll_kod": "Suppleant",
          "ordningsnummer": "24",
          "status": "",
          "typ": "uppdrag",
          "from": "2018-10-16",
          "tom": "2022-09-26",
          "uppgift": "Konstitutionsutskottet",
          "intressent_id": "014386615025",
          "hangar_id": "2343623",
          "sortering": "50",
          "organ_sortering": "150",
          "uppdrag_rollsortering": "90",
          "uppdrag_statussortering": "90"
        },
        {
          "organ_kod": "KU",
          "roll_kod": "Suppleant",
          "ordningsnummer": "15",
          "status": "",
          "typ": "uppdrag",
          "from": "2014-10-07",
          "tom": "2018-09-24",
          "uppgift": "Konstitutionsutskottet",
          "intressent_id": "014386615025",
          "hangar_id": "2343623",
          "sortering": "50",
          "organ_sortering": "150",
          "uppdrag_rollsortering": "90",
          "uppdrag_statussortering": "90"
        },
        {
          "organ_kod": "UU",
          "roll_kod": "Suppleant",
          "ordningsnummer": "24",
          "status": "",
          "typ": "uppdrag",
          "from": "2014-10-14",
          "tom": "2018-09-24",
          "uppgift": "Utrikesutskottet",
          "intressent_id": "014386615025",
          "hangar_id": "2343623",
          "sortering": "50",
          "organ_sortering": "150",
          "uppdrag_rollsortering": "90",
          "uppdrag_statussortering": "90"
        },
        {
          "organ_kod": "EUN",
          "roll_kod": "Suppleant",
          "ordningsnummer": "82",
          "status": "",
          "typ": "uppdrag",
          "from": "2019-03-13",
          "tom": "2022-09-26",
          "uppgift": "EU-nämnden",
          "intressent_id": "014386615025",
          "hangar_id": "2343623",
          "sortering": "50",
          "organ_sortering": "170",
          "uppdrag_rollsortering": "90",
          "uppdrag_statussortering": "90"
        }
      ]
    },
    "personuppgift": {
      "uppgift": [
        {
          "kod": "Officiell e-postadress",
          "uppgift": "ali.esbati[på]riksdagen.se",
          "typ": "eadress",
          "intressent_id": "014386615025",
          "hangar_id": "2343623"
        },
        {
          "kod": "Tjänstetelefon",
          "uppgift": "65022",
          "typ": "telefonnummer",
          "intressent_id": "014386615025",
          "hangar_id": "2343623"
        },
        {
          "kod": "sv",
          "uppgift": "Ekonom.",
          "typ": "titlar",
          "intressent_id": "014386615025",
          "hangar_id": "2343623"
        },
        {
          "kod": "en",
          "uppgift": "",
          "typ": "titlar",
          "intressent_id": "014386615025",
          "hangar_id": "2343623"
        },
        {
          "kod": "KandiderarINastaVal",
          "uppgift": "true",
          "typ": "val",
          "intressent_id": "014386615025",
          "hangar_id": "2343623"
        }
      ]
    }
  }
}