{
  "person": {
    "hangar_guid": "d85dfe4d-9807-4b69-ba3c-0fda2df2e915",
    "sourceid": "951286b0-0cc0-469f-8c7f-872ee83e6a94",
    "intressent_id": "0911372158609",
    "hangar_id": "2342200",
    "fodd_ar": "1943",
    "kon": "kvinna",
    "efternamn": "Evermo Palmerlund",
    "tilltalsnamn": "Barbro",
    "sorteringsnamn": "Evermo Palmerlund,Barbro",
    "iort": "",
    "parti": "S",
    "valkrets": "",
    "status": "Tidigare riksdagsledamot",
    "person_url_xml": "http://data.riksdagen.se/person/951286b0-0cc0-469f-8c7f-872ee83e6a94",
    "bild_url_80": "http://data.riksdagen.se/filarkiv/bilder/ledamot/951286b0-0cc0-469f-8c7f-872ee83e6a94_80.jpg",
    "bild_url_192": "http://data.riksdagen.se/filarkiv/bilder/ledamot/951286b0-0cc0-469f-8c7f-872ee83e6a94_192.jpg",
    "bild_url_max": "http://data.riksdagen.se/filarkiv/bilder/ledamot/951286b0-0cc0-469f-8c7f-872ee83e6a94_max.jpg",
    "personuppdrag": {
      "uppdrag": [
        {
          "organ_kod": "kam",
          "roll_kod": "Riksdagsledamot",
          "ordningsnummer": "15",
          "status": "Tjänstgörande",
          "typ": "kammaruppdrag",
          "from": "1993-05-01",
          "tom": "1993-10-05",
          "uppgift": "",
          "intressent_id": "0911372158609",
          "hangar_id": "2342200",
          "sortering": "10",
          "organ_sortering": "10",
          "uppdrag_rollsortering": "60",
          "uppdrag_statussortering": "10"
        },
        {
          "organ_kod": "kam",
          "roll_kod": "Riksdagsledamot",
          "ordningsnummer": "15",
          "status": "Ledig",
          "typ": "kammaruppdrag",
          "from": "1993-03-15",
          "tom": "1993-04-30",
          "uppgift": "Bengt Lindqvist 1993-03-15 - 1993-04-30",
          "intressent_id": "0911372158609",
          "hangar_id": "2342200",
          "sortering": "10",
          "organ_sortering": "10",
          "uppdrag_rollsortering": "60",
          "uppdrag_statussortering": "30"
        },
        {
          "organ_kod": "kam",
          "roll_kod": "Riksdagsledamot",
          "ordningsnummer": "15",
          "status": "Tjänstgörande",
          "typ": "kammaruppdrag",
          "from": "1991-09-30",
          "tom": "1993-03-14",
          "uppgift": "Sten Andersson",
          "intressent_id": "0911372158609",
          "hangar_id": "2342200",
          "sortering": "10",
          "organ_sortering": "10",
          "uppdrag_rollsortering": "60",
          "uppdrag_statussortering": "10"
        },
        {
          "organ_kod": "kam",
          "roll_kod": "Ersättare",
          "ordningsnummer": "4",
          "status": "Ersättare",
          "typ": "kammaruppdrag",
          "from": "1988-11-08",
          "tom": "1991-09-30",
          "uppgift": "Sten Andersson",
          "intressent_id": "0911372158609",
          "hangar_id": "2342200",
          "sortering": "45",
          "organ_sortering": "10",
          "uppdrag_rollsortering": "60",
          "uppdrag_statussortering": "20"
        },
        {
          "organ_kod": "kam",
          "roll_kod": "Ersättare",
          "ordningsnummer": "6",
          "status": "Ersättare",
          "typ": "kammaruppdrag",
          "from": "1988-10-03",
          "tom": "1988-11-07",
          "uppgift": "Gertrud Sigurdsen",
          "intressent_id": "0911372158609",
          "hangar_id": "2342200",
          "sortering": "45",
          "organ_sortering": "10",
          "uppdrag_rollsortering": "60",
          "uppdrag_statussortering": "20"
        },
        {
          "organ_kod": "kam",
          "roll_kod": "Riksdagsledamot",
          "ordningsnummer": "0",
          "status": "Tjänstgörande",
          "typ": "kammaruppdrag",
          "from": "1986-03-03",
          "tom": "1988-10-03",
          "uppgift": "",
          "intressent_id": "0911372158609",
          "hangar_id": "2342200",
          "sortering": "10",
          "organ_sortering": "10",
          "uppdrag_rollsortering": "60",
          "uppdrag_statussortering": "10"
        },
        {
          "organ_kod": "kam",
          "roll_kod": "Riksdagsledamot",
          "ordningsnummer": "0",
          "status": "Tjänstgörande",
          "typ": "kammaruppdrag",
          "from": "1985-09-30",
          "tom": "1986-03-02",
          "uppgift": "",
          "intressent_id": "0911372158609",
          "hangar_id": "2342200",
          "sortering": "10",
          "organ_sortering": "10",
          "uppdrag_rollsortering": "60",
          "uppdrag_statussortering": "10"
        },
        {
          "organ_kod": "kam",
          "roll_kod": "Riksdagsledamot",
          "ordningsnummer": "0",
          "status": "Tjänstgörande",
          "typ": "kammaruppdrag",
          "from": "1983-01-13",
          "tom": "1985-09-30",
          "uppgift": "",
          "intressent_id": "0911372158609",
          "hangar_id": "2342200",
          "sortering": "10",
          "organ_sortering": "10",
          "uppdrag_rollsortering": "60",
          "uppdrag_statussortering": "10"
        },
        {
          "organ_kod": "kam",
          "roll_kod": "Riksdagsledamot",
          "ordningsnummer": "0",
          "status": "Tjänstgörande",
          "typ": "kammaruppdrag",
          "from": "1982-10-08",
          "tom": "1983-01-12",
          "uppgift": "",
          "intressent_id": "0911372158609",
          "hangar_id": "2342200",
          "sortering": "10",
          "organ_sortering": "10",
          "uppdrag_rollsortering": "60",
          "uppdrag_statussortering": "10"
        },
        {
          "organ_kod": "KD",
          "roll_kod": "Ledamot",
          "ordningsnummer": "0",
          "status": "",
          "typ": "Riksdagsorgan",
          "from": "1991-10-15",
          "tom": "1993-10-06",
          "uppgift": "Krigsdelegationen",
          "intressent_id": "0911372158609",
          "hangar_id": "2342200",
          "sortering": "30",
          "organ_sortering": "300",
          "uppdrag_rollsortering": "90",
          "uppdrag_statussortering": "90"
        },
        {
          "organ_kod": "FöU",
          "roll_kod": "Ledamot",
          "ordningsnummer": "0",
          "status": "",
          "typ": "uppdrag",
          "from": "1991-09-30",
          "tom": "1993-10-05",
          "uppgift": "Försvarsutskottet",
          "intressent_id": "0911372158609",
          "hangar_id": "2342200",
          "sortering": "30",
          "organ_sortering": "150",
          "uppdrag_rollsortering": "90",
          "uppdrag_statussortering": "90"
        },
        {
          "organ_kod": "FöU",
          "roll_kod": "Ledamot",
          "ordningsnummer": "0",
          "status": "",
          "typ": "uppdrag",
          "from": "1988-10-11",
          "tom": "1991-09-29",
          "uppgift": "Försvarsutskottet",
          "intressent_id": "0911372158609",
          "hangar_id": "2342200",
          "sortering": "30",
          "organ_sortering": "150",
          "uppdrag_rollsortering": "90",
          "uppdrag_statussortering": "90"
        },
        {
          "organ_kod": "BoU",
          "roll_kod": "Suppleant",
          "ordningsnummer": "0",
          "status": "",
          "typ": "uppdrag",
          "from": "1991-09-30",
          "tom": "1992-10-05",
          "uppgift": "Bostadsutskottet",
          "intressent_id": "0911372158609",
          "hangar_id": "2342200",
          "sortering": "50",
          "organ_sortering": "165",
          "uppdrag_rollsortering": "90",
          "uppdrag_statussortering": "90"
        },
        {
          "organ_kod": "BoU",
          "roll_kod": "Suppleant",
          "ordningsnummer": "0",
          "status": "",
          "typ": "uppdrag",
          "from": "1988-11-07",
          "tom": "1991-09-29",
          "uppgift": "Bostadsutskottet",
          "intressent_id": "0911372158609",
          "hangar_id": "2342200",
          "sortering": "50",
          "organ_sortering": "165",
          "uppdrag_rollsortering": "90",
          "uppdrag_statussortering": "90"
        }
      ]
    },
    "personuppgift": {
      "uppgift": [
        {
          "kod": "sv",
          "uppgift": "ombudsman",
          "typ": "titlar",
          "intressent_id": "0911372158609",
          "hangar_id": "2342200"
        },
        {
          "kod": "en",
          "uppgift": "",
          "typ": "titlar",
          "intressent_id": "0911372158609",
          "hangar_id": "2342200"
        }
      ]
    }
  }
}